[
  {
    "info": {
      "browsertime": {
        "version": "8.4.0"
      },
      "url": "https://www.cnblogs.com/",
      "timestamp": "2021-03-30T19:21:33+04:00",
      "connectivity": {
        "engine": "external",
        "profile": "native"
      },
      "extra": {}
    },
    "files": {
      "video": [],
      "screenshot": [],
      "timeline": [],
      "consoleLog": [],
      "netLog": [],
      "perfLog": []
    },
    "cdp": {
      "performance": []
    },
    "timestamps": [
      "2021-03-30T19:21:21+04:00",
      "2021-03-30T19:21:39+04:00",
      "2021-03-30T19:21:58+04:00"
    ],
    "browserScripts": [
      {
        "browser": {
          "appConstants": {
            "ACCESSIBILITY": true,
            "ANDROID_PACKAGE_NAME": "org.mozilla.firefox",
            "ASAN": false,
            "ASAN_REPORTER": false,
            "BROWSER_CHROME_URL": "chrome://browser/content/browser.xul",
            "DEBUG": false,
            "DEBUG_JS_MODULES": "",
            "DLL_PREFIX": "lib",
            "DLL_SUFFIX": ".so",
            "EARLY_BETA_OR_EARLIER": false,
            "FENNEC_NIGHTLY": false,
            "HAVE_SHELL_SERVICE": false,
            "HAVE_USR_LIB64_DIR": false,
            "MENUBAR_CAN_AUTOHIDE": false,
            "MOZILLA_OFFICIAL": true,
            "MOZ_ALLOW_LEGACY_EXTENSIONS": false,
            "MOZ_ANDROID_ACTIVITY_STREAM": false,
            "MOZ_ANDROID_HISTORY": true,
            "MOZ_ANDROID_MOZILLA_ONLINE": false,
            "MOZ_APP_NAME": "fennec",
            "MOZ_APP_VERSION": "68.1.1",
            "MOZ_APP_VERSION_DISPLAY": "68.1.1",
            "MOZ_BING_API_CLIENTID": "no-bing-api-clientid",
            "MOZ_BING_API_KEY": "no-bing-api-key",
            "MOZ_BITS_DOWNLOAD": false,
            "MOZ_BUILD_APP": "mobile/android",
            "MOZ_CODE_COVERAGE": false,
            "MOZ_CRASHREPORTER": true,
            "MOZ_DATA_REPORTING": true,
            "MOZ_DEV_EDITION": false,
            "MOZ_GECKO_PROFILER": true,
            "MOZ_GOOGLE_LOCATION_SERVICE_API_KEY": "AIzaSyB2h2OuRcUgy5N-5hsZqiPW6sH3n_rptiQ",
            "MOZ_GOOGLE_SAFEBROWSING_API_KEY": "AIzaSyC7jsptDS3am4tPx4r3nxis7IMjBc5Dovo",
            "MOZ_GRAPHENE": false,
            "MOZ_MACBUNDLE_NAME": "Firefox.app",
            "MOZ_MAINTENANCE_SERVICE": false,
            "MOZ_MOZILLA_API_KEY": "3b4d27dd-703d-4094-8398-4de2c763505a",
            "MOZ_NEW_CERT_STORAGE": false,
            "MOZ_NEW_NOTIFICATION_STORE": false,
            "MOZ_NEW_XULSTORE": false,
            "MOZ_OFFICIAL_BRANDING": false,
            "MOZ_PLACES": false,
            "MOZ_REQUIRE_SIGNING": false,
            "MOZ_SANDBOX": false,
            "MOZ_SERVICES_HEALTHREPORT": true,
            "MOZ_SERVICES_SYNC": false,
            "MOZ_SWITCHBOARD": true,
            "MOZ_SYSTEM_NSS": false,
            "MOZ_TELEMETRY_ON_BY_DEFAULT": false,
            "MOZ_TELEMETRY_REPORTING": true,
            "MOZ_UNSIGNED_SCOPES": 0,
            "MOZ_UPDATER": false,
            "MOZ_UPDATE_CHANNEL": "release",
            "MOZ_WEBRTC": true,
            "MOZ_WIDGET_GTK": false,
            "MOZ_WIDGET_TOOLKIT": "android",
            "NIGHTLY_BUILD": false,
            "OMNIJAR_NAME": "assets/omni.ja",
            "RELEASE_OR_BETA": true,
            "SOURCE_REVISION_URL": "https://hg.mozilla.org/releases/mozilla-esr68/rev/d2e0b9e17b9bc1ef02606c8006b73293f7892ad5",
            "TELEMETRY_PING_FORMAT_VERSION": 4,
            "XP_UNIX": true,
            "isPlatformAndVersionAtLeast": {},
            "isPlatformAndVersionAtMost": {},
            "platform": "android"
          },
          "asyncAppConstants": {
            "ACCESSIBILITY": true,
            "ANDROID_PACKAGE_NAME": "org.mozilla.firefox",
            "ASAN": false,
            "ASAN_REPORTER": false,
            "BROWSER_CHROME_URL": "chrome://browser/content/browser.xul",
            "DEBUG": false,
            "DEBUG_JS_MODULES": "",
            "DLL_PREFIX": "lib",
            "DLL_SUFFIX": ".so",
            "EARLY_BETA_OR_EARLIER": false,
            "FENNEC_NIGHTLY": false,
            "HAVE_SHELL_SERVICE": false,
            "HAVE_USR_LIB64_DIR": false,
            "MENUBAR_CAN_AUTOHIDE": false,
            "MOZILLA_OFFICIAL": true,
            "MOZ_ALLOW_LEGACY_EXTENSIONS": false,
            "MOZ_ANDROID_ACTIVITY_STREAM": false,
            "MOZ_ANDROID_HISTORY": true,
            "MOZ_ANDROID_MOZILLA_ONLINE": false,
            "MOZ_APP_NAME": "fennec",
            "MOZ_APP_VERSION": "68.1.1",
            "MOZ_APP_VERSION_DISPLAY": "68.1.1",
            "MOZ_BING_API_CLIENTID": "no-bing-api-clientid",
            "MOZ_BING_API_KEY": "no-bing-api-key",
            "MOZ_BITS_DOWNLOAD": false,
            "MOZ_BUILD_APP": "mobile/android",
            "MOZ_CODE_COVERAGE": false,
            "MOZ_CRASHREPORTER": true,
            "MOZ_DATA_REPORTING": true,
            "MOZ_DEV_EDITION": false,
            "MOZ_GECKO_PROFILER": true,
            "MOZ_GOOGLE_LOCATION_SERVICE_API_KEY": "AIzaSyB2h2OuRcUgy5N-5hsZqiPW6sH3n_rptiQ",
            "MOZ_GOOGLE_SAFEBROWSING_API_KEY": "AIzaSyC7jsptDS3am4tPx4r3nxis7IMjBc5Dovo",
            "MOZ_GRAPHENE": false,
            "MOZ_MACBUNDLE_NAME": "Firefox.app",
            "MOZ_MAINTENANCE_SERVICE": false,
            "MOZ_MOZILLA_API_KEY": "3b4d27dd-703d-4094-8398-4de2c763505a",
            "MOZ_NEW_CERT_STORAGE": false,
            "MOZ_NEW_NOTIFICATION_STORE": false,
            "MOZ_NEW_XULSTORE": false,
            "MOZ_OFFICIAL_BRANDING": false,
            "MOZ_PLACES": false,
            "MOZ_REQUIRE_SIGNING": false,
            "MOZ_SANDBOX": false,
            "MOZ_SERVICES_HEALTHREPORT": true,
            "MOZ_SERVICES_SYNC": false,
            "MOZ_SWITCHBOARD": true,
            "MOZ_SYSTEM_NSS": false,
            "MOZ_TELEMETRY_ON_BY_DEFAULT": false,
            "MOZ_TELEMETRY_REPORTING": true,
            "MOZ_UNSIGNED_SCOPES": 0,
            "MOZ_UPDATER": false,
            "MOZ_UPDATE_CHANNEL": "release",
            "MOZ_WEBRTC": true,
            "MOZ_WIDGET_GTK": false,
            "MOZ_WIDGET_TOOLKIT": "android",
            "NIGHTLY_BUILD": false,
            "OMNIJAR_NAME": "assets/omni.ja",
            "RELEASE_OR_BETA": true,
            "SOURCE_REVISION_URL": "https://hg.mozilla.org/releases/mozilla-esr68/rev/d2e0b9e17b9bc1ef02606c8006b73293f7892ad5",
            "TELEMETRY_PING_FORMAT_VERSION": 4,
            "XP_UNIX": true,
            "isPlatformAndVersionAtLeast": {},
            "isPlatformAndVersionAtMost": {},
            "platform": "android"
          },
          "userAgent": "Mozilla/5.0 (Android 9; Mobile; rv:68.0) Gecko/68.0 Firefox/68.0",
          "windowSize": "360x612"
        },
        "pageinfo": {
          "documentHeight": 7210,
          "documentSize": {
            "decodedBodySize": 75707,
            "encodedBodySize": 15164,
            "transferSize": 15701
          },
          "documentTitle": "博客园 - 开发者的网上家园",
          "documentWidth": 375,
          "domElements": 939,
          "navigationStartTime": 1617117682272,
          "nextHopProtocol": "h2",
          "resources": {
            "count": 0,
            "duration": 0
          },
          "responsive": false,
          "url": "https://www.cnblogs.com/",
          "visualElements": {
            "heroes": [
              {
                "filename": "35695-20210330143256808-1527857232.jpg",
                "height": 40,
                "name": "LargestImage",
                "width": 375,
                "x": 0,
                "y": 46
              }
            ],
            "viewport": {
              "height": 612,
              "width": 360
            }
          }
        },
        "timings": {
          "firstPaint": 2556,
          "loadEventEnd": 4694,
          "navigationTiming": {
            "connectStart": 293,
            "domComplete": 4692,
            "domContentLoadedEventEnd": 2891,
            "domContentLoadedEventStart": 2840,
            "domInteractive": 2279,
            "domainLookupEnd": 293,
            "domainLookupStart": 293,
            "duration": 4694,
            "fetchStart": 2,
            "loadEventEnd": 4694,
            "loadEventStart": 4692,
            "redirectEnd": 0,
            "redirectStart": 0,
            "requestStart": 881,
            "responseEnd": 1154,
            "responseStart": 1154,
            "secureConnectionStart": 541,
            "startTime": 0,
            "unloadEventEnd": 0,
            "unloadEventStart": 0,
            "workerStart": 0
          },
          "pageTimings": {
            "backEndTime": 1154,
            "domContentLoadedTime": 2840,
            "domInteractiveTime": 2279,
            "domainLookupTime": 0,
            "frontEndTime": 3539,
            "pageDownloadTime": 0,
            "pageLoadTime": 4692,
            "redirectionTime": 0,
            "serverConnectionTime": 586,
            "serverResponseTime": 273
          },
          "rumSpeedIndex": 1153,
          "timeToContentfulPaint": 2808,
          "timeToDomContentFlushed": 2532,
          "userTimings": {
            "marks": [
              {
                "name": "gpt-tag-load",
                "startTime": 4001.32
              },
              {
                "name": "gpt-first-ad-request",
                "startTime": 4674.32
              },
              {
                "name": "gpt-first-ad-render",
                "startTime": 5690.6
              }
            ],
            "measures": []
          }
        }
      },
      {
        "browser": {
          "appConstants": {
            "ACCESSIBILITY": true,
            "ANDROID_PACKAGE_NAME": "org.mozilla.firefox",
            "ASAN": false,
            "ASAN_REPORTER": false,
            "BROWSER_CHROME_URL": "chrome://browser/content/browser.xul",
            "DEBUG": false,
            "DEBUG_JS_MODULES": "",
            "DLL_PREFIX": "lib",
            "DLL_SUFFIX": ".so",
            "EARLY_BETA_OR_EARLIER": false,
            "FENNEC_NIGHTLY": false,
            "HAVE_SHELL_SERVICE": false,
            "HAVE_USR_LIB64_DIR": false,
            "MENUBAR_CAN_AUTOHIDE": false,
            "MOZILLA_OFFICIAL": true,
            "MOZ_ALLOW_LEGACY_EXTENSIONS": false,
            "MOZ_ANDROID_ACTIVITY_STREAM": false,
            "MOZ_ANDROID_HISTORY": true,
            "MOZ_ANDROID_MOZILLA_ONLINE": false,
            "MOZ_APP_NAME": "fennec",
            "MOZ_APP_VERSION": "68.1.1",
            "MOZ_APP_VERSION_DISPLAY": "68.1.1",
            "MOZ_BING_API_CLIENTID": "no-bing-api-clientid",
            "MOZ_BING_API_KEY": "no-bing-api-key",
            "MOZ_BITS_DOWNLOAD": false,
            "MOZ_BUILD_APP": "mobile/android",
            "MOZ_CODE_COVERAGE": false,
            "MOZ_CRASHREPORTER": true,
            "MOZ_DATA_REPORTING": true,
            "MOZ_DEV_EDITION": false,
            "MOZ_GECKO_PROFILER": true,
            "MOZ_GOOGLE_LOCATION_SERVICE_API_KEY": "AIzaSyB2h2OuRcUgy5N-5hsZqiPW6sH3n_rptiQ",
            "MOZ_GOOGLE_SAFEBROWSING_API_KEY": "AIzaSyC7jsptDS3am4tPx4r3nxis7IMjBc5Dovo",
            "MOZ_GRAPHENE": false,
            "MOZ_MACBUNDLE_NAME": "Firefox.app",
            "MOZ_MAINTENANCE_SERVICE": false,
            "MOZ_MOZILLA_API_KEY": "3b4d27dd-703d-4094-8398-4de2c763505a",
            "MOZ_NEW_CERT_STORAGE": false,
            "MOZ_NEW_NOTIFICATION_STORE": false,
            "MOZ_NEW_XULSTORE": false,
            "MOZ_OFFICIAL_BRANDING": false,
            "MOZ_PLACES": false,
            "MOZ_REQUIRE_SIGNING": false,
            "MOZ_SANDBOX": false,
            "MOZ_SERVICES_HEALTHREPORT": true,
            "MOZ_SERVICES_SYNC": false,
            "MOZ_SWITCHBOARD": true,
            "MOZ_SYSTEM_NSS": false,
            "MOZ_TELEMETRY_ON_BY_DEFAULT": false,
            "MOZ_TELEMETRY_REPORTING": true,
            "MOZ_UNSIGNED_SCOPES": 0,
            "MOZ_UPDATER": false,
            "MOZ_UPDATE_CHANNEL": "release",
            "MOZ_WEBRTC": true,
            "MOZ_WIDGET_GTK": false,
            "MOZ_WIDGET_TOOLKIT": "android",
            "NIGHTLY_BUILD": false,
            "OMNIJAR_NAME": "assets/omni.ja",
            "RELEASE_OR_BETA": true,
            "SOURCE_REVISION_URL": "https://hg.mozilla.org/releases/mozilla-esr68/rev/d2e0b9e17b9bc1ef02606c8006b73293f7892ad5",
            "TELEMETRY_PING_FORMAT_VERSION": 4,
            "XP_UNIX": true,
            "isPlatformAndVersionAtLeast": {},
            "isPlatformAndVersionAtMost": {},
            "platform": "android"
          },
          "asyncAppConstants": {
            "ACCESSIBILITY": true,
            "ANDROID_PACKAGE_NAME": "org.mozilla.firefox",
            "ASAN": false,
            "ASAN_REPORTER": false,
            "BROWSER_CHROME_URL": "chrome://browser/content/browser.xul",
            "DEBUG": false,
            "DEBUG_JS_MODULES": "",
            "DLL_PREFIX": "lib",
            "DLL_SUFFIX": ".so",
            "EARLY_BETA_OR_EARLIER": false,
            "FENNEC_NIGHTLY": false,
            "HAVE_SHELL_SERVICE": false,
            "HAVE_USR_LIB64_DIR": false,
            "MENUBAR_CAN_AUTOHIDE": false,
            "MOZILLA_OFFICIAL": true,
            "MOZ_ALLOW_LEGACY_EXTENSIONS": false,
            "MOZ_ANDROID_ACTIVITY_STREAM": false,
            "MOZ_ANDROID_HISTORY": true,
            "MOZ_ANDROID_MOZILLA_ONLINE": false,
            "MOZ_APP_NAME": "fennec",
            "MOZ_APP_VERSION": "68.1.1",
            "MOZ_APP_VERSION_DISPLAY": "68.1.1",
            "MOZ_BING_API_CLIENTID": "no-bing-api-clientid",
            "MOZ_BING_API_KEY": "no-bing-api-key",
            "MOZ_BITS_DOWNLOAD": false,
            "MOZ_BUILD_APP": "mobile/android",
            "MOZ_CODE_COVERAGE": false,
            "MOZ_CRASHREPORTER": true,
            "MOZ_DATA_REPORTING": true,
            "MOZ_DEV_EDITION": false,
            "MOZ_GECKO_PROFILER": true,
            "MOZ_GOOGLE_LOCATION_SERVICE_API_KEY": "AIzaSyB2h2OuRcUgy5N-5hsZqiPW6sH3n_rptiQ",
            "MOZ_GOOGLE_SAFEBROWSING_API_KEY": "AIzaSyC7jsptDS3am4tPx4r3nxis7IMjBc5Dovo",
            "MOZ_GRAPHENE": false,
            "MOZ_MACBUNDLE_NAME": "Firefox.app",
            "MOZ_MAINTENANCE_SERVICE": false,
            "MOZ_MOZILLA_API_KEY": "3b4d27dd-703d-4094-8398-4de2c763505a",
            "MOZ_NEW_CERT_STORAGE": false,
            "MOZ_NEW_NOTIFICATION_STORE": false,
            "MOZ_NEW_XULSTORE": false,
            "MOZ_OFFICIAL_BRANDING": false,
            "MOZ_PLACES": false,
            "MOZ_REQUIRE_SIGNING": false,
            "MOZ_SANDBOX": false,
            "MOZ_SERVICES_HEALTHREPORT": true,
            "MOZ_SERVICES_SYNC": false,
            "MOZ_SWITCHBOARD": true,
            "MOZ_SYSTEM_NSS": false,
            "MOZ_TELEMETRY_ON_BY_DEFAULT": false,
            "MOZ_TELEMETRY_REPORTING": true,
            "MOZ_UNSIGNED_SCOPES": 0,
            "MOZ_UPDATER": false,
            "MOZ_UPDATE_CHANNEL": "release",
            "MOZ_WEBRTC": true,
            "MOZ_WIDGET_GTK": false,
            "MOZ_WIDGET_TOOLKIT": "android",
            "NIGHTLY_BUILD": false,
            "OMNIJAR_NAME": "assets/omni.ja",
            "RELEASE_OR_BETA": true,
            "SOURCE_REVISION_URL": "https://hg.mozilla.org/releases/mozilla-esr68/rev/d2e0b9e17b9bc1ef02606c8006b73293f7892ad5",
            "TELEMETRY_PING_FORMAT_VERSION": 4,
            "XP_UNIX": true,
            "isPlatformAndVersionAtLeast": {},
            "isPlatformAndVersionAtMost": {},
            "platform": "android"
          },
          "userAgent": "Mozilla/5.0 (Android 9; Mobile; rv:68.0) Gecko/68.0 Firefox/68.0",
          "windowSize": "360x612"
        },
        "pageinfo": {
          "documentHeight": 7210,
          "documentSize": {
            "decodedBodySize": 75707,
            "encodedBodySize": 15216,
            "transferSize": 15753
          },
          "documentTitle": "博客园 - 开发者的网上家园",
          "documentWidth": 375,
          "domElements": 939,
          "navigationStartTime": 1617117700311,
          "nextHopProtocol": "h2",
          "resources": {
            "count": 0,
            "duration": 0
          },
          "responsive": false,
          "url": "https://www.cnblogs.com/",
          "visualElements": {
            "heroes": [
              {
                "filename": "35695-20210330143256808-1527857232.jpg",
                "height": 40,
                "name": "LargestImage",
                "width": 375,
                "x": 0,
                "y": 46
              }
            ],
            "viewport": {
              "height": 612,
              "width": 360
            }
          }
        },
        "timings": {
          "firstPaint": 2922,
          "loadEventEnd": 5577,
          "navigationTiming": {
            "connectStart": 289,
            "domComplete": 5574,
            "domContentLoadedEventEnd": 2915,
            "domContentLoadedEventStart": 2862,
            "domInteractive": 2595,
            "domainLookupEnd": 288,
            "domainLookupStart": 288,
            "duration": 5577,
            "fetchStart": 3,
            "loadEventEnd": 5577,
            "loadEventStart": 5574,
            "redirectEnd": 0,
            "redirectStart": 0,
            "requestStart": 864,
            "responseEnd": 1121,
            "responseStart": 1121,
            "secureConnectionStart": 527,
            "startTime": 0,
            "unloadEventEnd": 0,
            "unloadEventStart": 0,
            "workerStart": 0
          },
          "pageTimings": {
            "backEndTime": 1121,
            "domContentLoadedTime": 2862,
            "domInteractiveTime": 2595,
            "domainLookupTime": 0,
            "frontEndTime": 4453,
            "pageDownloadTime": 0,
            "pageLoadTime": 5574,
            "redirectionTime": 0,
            "serverConnectionTime": 573,
            "serverResponseTime": 257
          },
          "rumSpeedIndex": 1121,
          "timeToContentfulPaint": 3187,
          "timeToDomContentFlushed": 2855,
          "userTimings": {
            "marks": [
              {
                "name": "gpt-tag-load",
                "startTime": 4340.02
              },
              {
                "name": "gpt-first-ad-request",
                "startTime": 4950.12
              },
              {
                "name": "gpt-first-ad-render",
                "startTime": 5903.84
              }
            ],
            "measures": []
          }
        }
      },
      {
        "browser": {
          "appConstants": {
            "ACCESSIBILITY": true,
            "ANDROID_PACKAGE_NAME": "org.mozilla.firefox",
            "ASAN": false,
            "ASAN_REPORTER": false,
            "BROWSER_CHROME_URL": "chrome://browser/content/browser.xul",
            "DEBUG": false,
            "DEBUG_JS_MODULES": "",
            "DLL_PREFIX": "lib",
            "DLL_SUFFIX": ".so",
            "EARLY_BETA_OR_EARLIER": false,
            "FENNEC_NIGHTLY": false,
            "HAVE_SHELL_SERVICE": false,
            "HAVE_USR_LIB64_DIR": false,
            "MENUBAR_CAN_AUTOHIDE": false,
            "MOZILLA_OFFICIAL": true,
            "MOZ_ALLOW_LEGACY_EXTENSIONS": false,
            "MOZ_ANDROID_ACTIVITY_STREAM": false,
            "MOZ_ANDROID_HISTORY": true,
            "MOZ_ANDROID_MOZILLA_ONLINE": false,
            "MOZ_APP_NAME": "fennec",
            "MOZ_APP_VERSION": "68.1.1",
            "MOZ_APP_VERSION_DISPLAY": "68.1.1",
            "MOZ_BING_API_CLIENTID": "no-bing-api-clientid",
            "MOZ_BING_API_KEY": "no-bing-api-key",
            "MOZ_BITS_DOWNLOAD": false,
            "MOZ_BUILD_APP": "mobile/android",
            "MOZ_CODE_COVERAGE": false,
            "MOZ_CRASHREPORTER": true,
            "MOZ_DATA_REPORTING": true,
            "MOZ_DEV_EDITION": false,
            "MOZ_GECKO_PROFILER": true,
            "MOZ_GOOGLE_LOCATION_SERVICE_API_KEY": "AIzaSyB2h2OuRcUgy5N-5hsZqiPW6sH3n_rptiQ",
            "MOZ_GOOGLE_SAFEBROWSING_API_KEY": "AIzaSyC7jsptDS3am4tPx4r3nxis7IMjBc5Dovo",
            "MOZ_GRAPHENE": false,
            "MOZ_MACBUNDLE_NAME": "Firefox.app",
            "MOZ_MAINTENANCE_SERVICE": false,
            "MOZ_MOZILLA_API_KEY": "3b4d27dd-703d-4094-8398-4de2c763505a",
            "MOZ_NEW_CERT_STORAGE": false,
            "MOZ_NEW_NOTIFICATION_STORE": false,
            "MOZ_NEW_XULSTORE": false,
            "MOZ_OFFICIAL_BRANDING": false,
            "MOZ_PLACES": false,
            "MOZ_REQUIRE_SIGNING": false,
            "MOZ_SANDBOX": false,
            "MOZ_SERVICES_HEALTHREPORT": true,
            "MOZ_SERVICES_SYNC": false,
            "MOZ_SWITCHBOARD": true,
            "MOZ_SYSTEM_NSS": false,
            "MOZ_TELEMETRY_ON_BY_DEFAULT": false,
            "MOZ_TELEMETRY_REPORTING": true,
            "MOZ_UNSIGNED_SCOPES": 0,
            "MOZ_UPDATER": false,
            "MOZ_UPDATE_CHANNEL": "release",
            "MOZ_WEBRTC": true,
            "MOZ_WIDGET_GTK": false,
            "MOZ_WIDGET_TOOLKIT": "android",
            "NIGHTLY_BUILD": false,
            "OMNIJAR_NAME": "assets/omni.ja",
            "RELEASE_OR_BETA": true,
            "SOURCE_REVISION_URL": "https://hg.mozilla.org/releases/mozilla-esr68/rev/d2e0b9e17b9bc1ef02606c8006b73293f7892ad5",
            "TELEMETRY_PING_FORMAT_VERSION": 4,
            "XP_UNIX": true,
            "isPlatformAndVersionAtLeast": {},
            "isPlatformAndVersionAtMost": {},
            "platform": "android"
          },
          "asyncAppConstants": {
            "ACCESSIBILITY": true,
            "ANDROID_PACKAGE_NAME": "org.mozilla.firefox",
            "ASAN": false,
            "ASAN_REPORTER": false,
            "BROWSER_CHROME_URL": "chrome://browser/content/browser.xul",
            "DEBUG": false,
            "DEBUG_JS_MODULES": "",
            "DLL_PREFIX": "lib",
            "DLL_SUFFIX": ".so",
            "EARLY_BETA_OR_EARLIER": false,
            "FENNEC_NIGHTLY": false,
            "HAVE_SHELL_SERVICE": false,
            "HAVE_USR_LIB64_DIR": false,
            "MENUBAR_CAN_AUTOHIDE": false,
            "MOZILLA_OFFICIAL": true,
            "MOZ_ALLOW_LEGACY_EXTENSIONS": false,
            "MOZ_ANDROID_ACTIVITY_STREAM": false,
            "MOZ_ANDROID_HISTORY": true,
            "MOZ_ANDROID_MOZILLA_ONLINE": false,
            "MOZ_APP_NAME": "fennec",
            "MOZ_APP_VERSION": "68.1.1",
            "MOZ_APP_VERSION_DISPLAY": "68.1.1",
            "MOZ_BING_API_CLIENTID": "no-bing-api-clientid",
            "MOZ_BING_API_KEY": "no-bing-api-key",
            "MOZ_BITS_DOWNLOAD": false,
            "MOZ_BUILD_APP": "mobile/android",
            "MOZ_CODE_COVERAGE": false,
            "MOZ_CRASHREPORTER": true,
            "MOZ_DATA_REPORTING": true,
            "MOZ_DEV_EDITION": false,
            "MOZ_GECKO_PROFILER": true,
            "MOZ_GOOGLE_LOCATION_SERVICE_API_KEY": "AIzaSyB2h2OuRcUgy5N-5hsZqiPW6sH3n_rptiQ",
            "MOZ_GOOGLE_SAFEBROWSING_API_KEY": "AIzaSyC7jsptDS3am4tPx4r3nxis7IMjBc5Dovo",
            "MOZ_GRAPHENE": false,
            "MOZ_MACBUNDLE_NAME": "Firefox.app",
            "MOZ_MAINTENANCE_SERVICE": false,
            "MOZ_MOZILLA_API_KEY": "3b4d27dd-703d-4094-8398-4de2c763505a",
            "MOZ_NEW_CERT_STORAGE": false,
            "MOZ_NEW_NOTIFICATION_STORE": false,
            "MOZ_NEW_XULSTORE": false,
            "MOZ_OFFICIAL_BRANDING": false,
            "MOZ_PLACES": false,
            "MOZ_REQUIRE_SIGNING": false,
            "MOZ_SANDBOX": false,
            "MOZ_SERVICES_HEALTHREPORT": true,
            "MOZ_SERVICES_SYNC": false,
            "MOZ_SWITCHBOARD": true,
            "MOZ_SYSTEM_NSS": false,
            "MOZ_TELEMETRY_ON_BY_DEFAULT": false,
            "MOZ_TELEMETRY_REPORTING": true,
            "MOZ_UNSIGNED_SCOPES": 0,
            "MOZ_UPDATER": false,
            "MOZ_UPDATE_CHANNEL": "release",
            "MOZ_WEBRTC": true,
            "MOZ_WIDGET_GTK": false,
            "MOZ_WIDGET_TOOLKIT": "android",
            "NIGHTLY_BUILD": false,
            "OMNIJAR_NAME": "assets/omni.ja",
            "RELEASE_OR_BETA": true,
            "SOURCE_REVISION_URL": "https://hg.mozilla.org/releases/mozilla-esr68/rev/d2e0b9e17b9bc1ef02606c8006b73293f7892ad5",
            "TELEMETRY_PING_FORMAT_VERSION": 4,
            "XP_UNIX": true,
            "isPlatformAndVersionAtLeast": {},
            "isPlatformAndVersionAtMost": {},
            "platform": "android"
          },
          "userAgent": "Mozilla/5.0 (Android 9; Mobile; rv:68.0) Gecko/68.0 Firefox/68.0",
          "windowSize": "360x612"
        },
        "pageinfo": {
          "documentHeight": 7210,
          "documentSize": {
            "decodedBodySize": 75707,
            "encodedBodySize": 15265,
            "transferSize": 15802
          },
          "documentTitle": "博客园 - 开发者的网上家园",
          "documentWidth": 375,
          "domElements": 941,
          "navigationStartTime": 1617117719154,
          "nextHopProtocol": "h2",
          "resources": {
            "count": 0,
            "duration": 0
          },
          "responsive": false,
          "url": "https://www.cnblogs.com/",
          "visualElements": {
            "heroes": [
              {
                "filename": "35695-20210330143256808-1527857232.jpg",
                "height": 40,
                "name": "LargestImage",
                "width": 375,
                "x": 0,
                "y": 46
              }
            ],
            "viewport": {
              "height": 612,
              "width": 360
            }
          }
        },
        "timings": {
          "firstPaint": 5702,
          "loadEventEnd": 11692,
          "navigationTiming": {
            "connectStart": 301,
            "domComplete": 11682,
            "domContentLoadedEventEnd": 5695,
            "domContentLoadedEventStart": 5633,
            "domInteractive": 5328,
            "domainLookupEnd": 301,
            "domainLookupStart": 301,
            "duration": 11692,
            "fetchStart": 3,
            "loadEventEnd": 11692,
            "loadEventStart": 11682,
            "redirectEnd": 0,
            "redirectStart": 0,
            "requestStart": 1431,
            "responseEnd": 2731,
            "responseStart": 2731,
            "secureConnectionStart": 543,
            "startTime": 0,
            "unloadEventEnd": 0,
            "unloadEventStart": 0,
            "workerStart": 0
          },
          "pageTimings": {
            "backEndTime": 2731,
            "domContentLoadedTime": 5633,
            "domInteractiveTime": 5328,
            "domainLookupTime": 0,
            "frontEndTime": 8951,
            "pageDownloadTime": 0,
            "pageLoadTime": 11682,
            "redirectionTime": 0,
            "serverConnectionTime": 1128,
            "serverResponseTime": 1300
          },
          "rumSpeedIndex": 2730,
          "timeToContentfulPaint": 5966,
          "timeToDomContentFlushed": 5626,
          "userTimings": {
            "marks": [
              {
                "name": "gpt-tag-load",
                "startTime": 7078.78
              },
              {
                "name": "gpt-first-ad-request",
                "startTime": 7869.06
              },
              {
                "name": "gpt-first-ad-render",
                "startTime": 8618
              }
            ],
            "measures": []
          }
        }
      }
    ],
    "visualMetrics": [],
    "cpu": [],
    "extras": [
      {},
      {},
      {}
    ],
    "fullyLoaded": [],
    "errors": [
      [],
      [],
      []
    ],
    "statistics": {
      "browser": {
        "appConstants": {
          "MOZ_UNSIGNED_SCOPES": {
            "median": 0,
            "mean": 0,
            "mdev": 0,
            "stddev": 0,
            "min": 0,
            "p10": 0,
            "p90": 0,
            "p99": 0,
            "max": 0
          },
          "TELEMETRY_PING_FORMAT_VERSION": {
            "median": 4,
            "mean": 4,
            "mdev": 0,
            "stddev": 0,
            "min": 4,
            "p10": 4,
            "p90": 4,
            "p99": 4,
            "max": 4
          }
        },
        "asyncAppConstants": {
          "MOZ_UNSIGNED_SCOPES": {
            "median": 0,
            "mean": 0,
            "mdev": 0,
            "stddev": 0,
            "min": 0,
            "p10": 0,
            "p90": 0,
            "p99": 0,
            "max": 0
          },
          "TELEMETRY_PING_FORMAT_VERSION": {
            "median": 4,
            "mean": 4,
            "mdev": 0,
            "stddev": 0,
            "min": 4,
            "p10": 4,
            "p90": 4,
            "p99": 4,
            "max": 4
          }
        }
      },
      "pageinfo": {
        "documentHeight": {
          "median": 7210,
          "mean": 7210,
          "mdev": 0,
          "stddev": 0,
          "min": 7210,
          "p10": 7210,
          "p90": 7210,
          "p99": 7210,
          "max": 7210
        },
        "documentSize": {
          "decodedBodySize": {
            "median": 75707,
            "mean": 75707,
            "mdev": 0,
            "stddev": 0,
            "min": 75707,
            "p10": 75707,
            "p90": 75707,
            "p99": 75707,
            "max": 75707
          },
          "encodedBodySize": {
            "median": 15216,
            "mean": 15215,
            "mdev": 23.8094,
            "stddev": 41,
            "min": 15164,
            "p10": 15164,
            "p90": 15265,
            "p99": 15265,
            "max": 15265
          },
          "transferSize": {
            "median": 15753,
            "mean": 15752,
            "mdev": 23.8094,
            "stddev": 41,
            "min": 15701,
            "p10": 15701,
            "p90": 15802,
            "p99": 15802,
            "max": 15802
          }
        },
        "documentWidth": {
          "median": 375,
          "mean": 375,
          "mdev": 0,
          "stddev": 0,
          "min": 375,
          "p10": 375,
          "p90": 375,
          "p99": 375,
          "max": 375
        },
        "domElements": {
          "median": 939,
          "mean": 940,
          "mdev": 0.5443,
          "stddev": 1,
          "min": 939,
          "p10": 939,
          "p90": 941,
          "p99": 941,
          "max": 941
        },
        "navigationStartTime": {
          "median": 1617117700311,
          "mean": 1617117700579,
          "mdev": 12612.4091,
          "stddev": 21845,
          "min": 1617117682272,
          "p10": 1617117682272,
          "p90": 1617117719154,
          "p99": 1617117719154,
          "max": 1617117719154
        },
        "resources": {
          "count": {
            "median": 0,
            "mean": 0,
            "mdev": 0,
            "stddev": 0,
            "min": 0,
            "p10": 0,
            "p90": 0,
            "p99": 0,
            "max": 0
          },
          "duration": {
            "median": 0,
            "mean": 0,
            "mdev": 0,
            "stddev": 0,
            "min": 0,
            "p10": 0,
            "p90": 0,
            "p99": 0,
            "max": 0
          }
        },
        "visualElements": {
          "heroes": [
            {
              "height": {
                "median": 40,
                "mean": 40,
                "mdev": 0,
                "stddev": 0,
                "min": 40,
                "p10": 40,
                "p90": 40,
                "p99": 40,
                "max": 40
              },
              "width": {
                "median": 375,
                "mean": 375,
                "mdev": 0,
                "stddev": 0,
                "min": 375,
                "p10": 375,
                "p90": 375,
                "p99": 375,
                "max": 375
              },
              "x": {
                "median": 0,
                "mean": 0,
                "mdev": 0,
                "stddev": 0,
                "min": 0,
                "p10": 0,
                "p90": 0,
                "p99": 0,
                "max": 0
              },
              "y": {
                "median": 46,
                "mean": 46,
                "mdev": 0,
                "stddev": 0,
                "min": 46,
                "p10": 46,
                "p90": 46,
                "p99": 46,
                "max": 46
              }
            }
          ],
          "viewport": {
            "height": {
              "median": 612,
              "mean": 612,
              "mdev": 0,
              "stddev": 0,
              "min": 612,
              "p10": 612,
              "p90": 612,
              "p99": 612,
              "max": 612
            },
            "width": {
              "median": 360,
              "mean": 360,
              "mdev": 0,
              "stddev": 0,
              "min": 360,
              "p10": 360,
              "p90": 360,
              "p99": 360,
              "max": 360
            }
          }
        }
      },
      "timings": {
        "firstPaint": {
          "median": 2922,
          "mean": 3727,
          "mdev": 811.0275,
          "stddev": 1405,
          "min": 2556,
          "p10": 2556,
          "p90": 5702,
          "p99": 5702,
          "max": 5702
        },
        "loadEventEnd": {
          "median": 5577,
          "mean": 7321,
          "mdev": 1796.5493,
          "stddev": 3112,
          "min": 4694,
          "p10": 4694,
          "p90": 11692,
          "p99": 11692,
          "max": 11692
        },
        "navigationTiming": {
          "connectStart": {
            "median": 293,
            "mean": 294,
            "mdev": 2.8803,
            "stddev": 5,
            "min": 289,
            "p10": 289,
            "p90": 301,
            "p99": 301,
            "max": 301
          },
          "domComplete": {
            "median": 5574,
            "mean": 7316,
            "mdev": 1794.4945,
            "stddev": 3108,
            "min": 4692,
            "p10": 4692,
            "p90": 11682,
            "p99": 11682,
            "max": 11682
          },
          "domContentLoadedEventEnd": {
            "median": 2915,
            "mean": 3834,
            "mdev": 759.9072,
            "stddev": 1316,
            "min": 2891,
            "p10": 2891,
            "p90": 5695,
            "p99": 5695,
            "max": 5695
          },
          "domContentLoadedEventStart": {
            "median": 2862,
            "mean": 3778,
            "mdev": 757.1823,
            "stddev": 1311,
            "min": 2840,
            "p10": 2840,
            "p90": 5633,
            "p99": 5633,
            "max": 5633
          },
          "domInteractive": {
            "median": 2595,
            "mean": 3401,
            "mdev": 790.3479,
            "stddev": 1369,
            "min": 2279,
            "p10": 2279,
            "p90": 5328,
            "p99": 5328,
            "max": 5328
          },
          "domainLookupEnd": {
            "median": 293,
            "mean": 294,
            "mdev": 3.0912,
            "stddev": 5,
            "min": 288,
            "p10": 288,
            "p90": 301,
            "p99": 301,
            "max": 301
          },
          "domainLookupStart": {
            "median": 293,
            "mean": 294,
            "mdev": 3.0912,
            "stddev": 5,
            "min": 288,
            "p10": 288,
            "p90": 301,
            "p99": 301,
            "max": 301
          },
          "duration": {
            "median": 5577,
            "mean": 7321,
            "mdev": 1796.5493,
            "stddev": 3112,
            "min": 4694,
            "p10": 4694,
            "p90": 11692,
            "p99": 11692,
            "max": 11692
          },
          "fetchStart": {
            "median": 3,
            "mean": 3,
            "mdev": 0.2722,
            "stddev": 0,
            "min": 2,
            "p10": 2,
            "p90": 3,
            "p99": 3,
            "max": 3
          },
          "loadEventEnd": {
            "median": 5577,
            "mean": 7321,
            "mdev": 1796.5493,
            "stddev": 3112,
            "min": 4694,
            "p10": 4694,
            "p90": 11692,
            "p99": 11692,
            "max": 11692
          },
          "loadEventStart": {
            "median": 5574,
            "mean": 7316,
            "mdev": 1794.4945,
            "stddev": 3108,
            "min": 4692,
            "p10": 4692,
            "p90": 11682,
            "p99": 11682,
            "max": 11682
          },
          "redirectEnd": {
            "median": 0,
            "mean": 0,
            "mdev": 0,
            "stddev": 0,
            "min": 0,
            "p10": 0,
            "p90": 0,
            "p99": 0,
            "max": 0
          },
          "redirectStart": {
            "median": 0,
            "mean": 0,
            "mdev": 0,
            "stddev": 0,
            "min": 0,
            "p10": 0,
            "p90": 0,
            "p99": 0,
            "max": 0
          },
          "requestStart": {
            "median": 881,
            "mean": 1059,
            "mdev": 152.0573,
            "stddev": 263,
            "min": 864,
            "p10": 864,
            "p90": 1431,
            "p99": 1431,
            "max": 1431
          },
          "responseEnd": {
            "median": 1154,
            "mean": 1669,
            "mdev": 433.7655,
            "stddev": 751,
            "min": 1121,
            "p10": 1121,
            "p90": 2731,
            "p99": 2731,
            "max": 2731
          },
          "responseStart": {
            "median": 1154,
            "mean": 1669,
            "mdev": 433.7655,
            "stddev": 751,
            "min": 1121,
            "p10": 1121,
            "p90": 2731,
            "p99": 2731,
            "max": 2731
          },
          "secureConnectionStart": {
            "median": 541,
            "mean": 537,
            "mdev": 4.1096,
            "stddev": 7,
            "min": 527,
            "p10": 527,
            "p90": 543,
            "p99": 543,
            "max": 543
          },
          "startTime": {
            "median": 0,
            "mean": 0,
            "mdev": 0,
            "stddev": 0,
            "min": 0,
            "p10": 0,
            "p90": 0,
            "p99": 0,
            "max": 0
          },
          "unloadEventEnd": {
            "median": 0,
            "mean": 0,
            "mdev": 0,
            "stddev": 0,
            "min": 0,
            "p10": 0,
            "p90": 0,
            "p99": 0,
            "max": 0
          },
          "unloadEventStart": {
            "median": 0,
            "mean": 0,
            "mdev": 0,
            "stddev": 0,
            "min": 0,
            "p10": 0,
            "p90": 0,
            "p99": 0,
            "max": 0
          },
          "workerStart": {
            "median": 0,
            "mean": 0,
            "mdev": 0,
            "stddev": 0,
            "min": 0,
            "p10": 0,
            "p90": 0,
            "p99": 0,
            "max": 0
          }
        },
        "pageTimings": {
          "backEndTime": {
            "median": 1154,
            "mean": 1669,
            "mdev": 433.7655,
            "stddev": 751,
            "min": 1121,
            "p10": 1121,
            "p90": 2731,
            "p99": 2731,
            "max": 2731
          },
          "domContentLoadedTime": {
            "median": 2862,
            "mean": 3778,
            "mdev": 757.1823,
            "stddev": 1311,
            "min": 2840,
            "p10": 2840,
            "p90": 5633,
            "p99": 5633,
            "max": 5633
          },
          "domInteractiveTime": {
            "median": 2595,
            "mean": 3401,
            "mdev": 790.3479,
            "stddev": 1369,
            "min": 2279,
            "p10": 2279,
            "p90": 5328,
            "p99": 5328,
            "max": 5328
          },
          "domainLookupTime": {
            "median": 0,
            "mean": 0,
            "mdev": 0,
            "stddev": 0,
            "min": 0,
            "p10": 0,
            "p90": 0,
            "p99": 0,
            "max": 0
          },
          "frontEndTime": {
            "median": 4453,
            "mean": 5648,
            "mdev": 1365.6791,
            "stddev": 2365,
            "min": 3539,
            "p10": 3539,
            "p90": 8951,
            "p99": 8951,
            "max": 8951
          },
          "pageDownloadTime": {
            "median": 0,
            "mean": 0,
            "mdev": 0,
            "stddev": 0,
            "min": 0,
            "p10": 0,
            "p90": 0,
            "p99": 0,
            "max": 0
          },
          "pageLoadTime": {
            "median": 5574,
            "mean": 7316,
            "mdev": 1794.4945,
            "stddev": 3108,
            "min": 4692,
            "p10": 4692,
            "p90": 11682,
            "p99": 11682,
            "max": 11682
          },
          "redirectionTime": {
            "median": 0,
            "mean": 0,
            "mdev": 0,
            "stddev": 0,
            "min": 0,
            "p10": 0,
            "p90": 0,
            "p99": 0,
            "max": 0
          },
          "serverConnectionTime": {
            "median": 586,
            "mean": 762,
            "mdev": 149.3142,
            "stddev": 259,
            "min": 573,
            "p10": 573,
            "p90": 1128,
            "p99": 1128,
            "max": 1128
          },
          "serverResponseTime": {
            "median": 273,
            "mean": 610,
            "mdev": 281.7166,
            "stddev": 488,
            "min": 257,
            "p10": 257,
            "p90": 1300,
            "p99": 1300,
            "max": 1300
          }
        },
        "rumSpeedIndex": {
          "median": 1153,
          "mean": 1668,
          "mdev": 433.6253,
          "stddev": 751,
          "min": 1121,
          "p10": 1121,
          "p90": 2730,
          "p99": 2730,
          "max": 2730
        },
        "timeToContentfulPaint": {
          "median": 3187,
          "mean": 3987,
          "mdev": 812.847,
          "stddev": 1408,
          "min": 2808,
          "p10": 2808,
          "p90": 5966,
          "p99": 5966,
          "max": 5966
        },
        "timeToDomContentFlushed": {
          "median": 2855,
          "mean": 3671,
          "mdev": 801.7482,
          "stddev": 1389,
          "min": 2532,
          "p10": 2532,
          "p90": 5626,
          "p99": 5626,
          "max": 5626
        },
        "userTimings": {
          "marks": {
            "gpt-tag-load": {
              "median": 4340,
              "mean": 5140,
              "mdev": 795.5032,
              "stddev": 1378,
              "min": 4001,
              "p10": 4001,
              "p90": 7079,
              "p99": 7079,
              "max": 7079
            },
            "gpt-first-ad-request": {
              "median": 4950,
              "mean": 5831,
              "mdev": 834.5023,
              "stddev": 1445,
              "min": 4674,
              "p10": 4674,
              "p90": 7869,
              "p99": 7869,
              "max": 7869
            },
            "gpt-first-ad-render": {
              "median": 5904,
              "mean": 6737,
              "mdev": 769.3626,
              "stddev": 1333,
              "min": 5691,
              "p10": 5691,
              "p90": 8618,
              "p99": 8618,
              "max": 8618
            }
          }
        }
      }
    }
  }
]