[
  {
    "info": {
      "browsertime": {
        "version": "8.4.0"
      },
      "url": "https://medium.com/",
      "timestamp": "2021-03-30T22:01:26+04:00",
      "connectivity": {
        "engine": "external",
        "profile": "native"
      },
      "extra": {}
    },
    "files": {
      "video": [],
      "screenshot": [],
      "timeline": [],
      "consoleLog": [],
      "netLog": [],
      "perfLog": []
    },
    "cdp": {
      "performance": []
    },
    "timestamps": [
      "2021-03-30T22:01:05+04:00",
      "2021-03-30T22:01:33+04:00",
      "2021-03-30T22:02:03+04:00"
    ],
    "browserScripts": [
      {
        "browser": {
          "appConstants": {
            "ACCESSIBILITY": true,
            "ANDROID_PACKAGE_NAME": "org.mozilla.firefox",
            "ASAN": false,
            "ASAN_REPORTER": false,
            "BROWSER_CHROME_URL": "chrome://browser/content/browser.xul",
            "DEBUG": false,
            "DEBUG_JS_MODULES": "",
            "DLL_PREFIX": "lib",
            "DLL_SUFFIX": ".so",
            "EARLY_BETA_OR_EARLIER": false,
            "FENNEC_NIGHTLY": false,
            "HAVE_SHELL_SERVICE": false,
            "HAVE_USR_LIB64_DIR": false,
            "MENUBAR_CAN_AUTOHIDE": false,
            "MOZILLA_OFFICIAL": true,
            "MOZ_ALLOW_LEGACY_EXTENSIONS": false,
            "MOZ_ANDROID_ACTIVITY_STREAM": false,
            "MOZ_ANDROID_HISTORY": true,
            "MOZ_ANDROID_MOZILLA_ONLINE": false,
            "MOZ_APP_NAME": "fennec",
            "MOZ_APP_VERSION": "68.1.1",
            "MOZ_APP_VERSION_DISPLAY": "68.1.1",
            "MOZ_BING_API_CLIENTID": "no-bing-api-clientid",
            "MOZ_BING_API_KEY": "no-bing-api-key",
            "MOZ_BITS_DOWNLOAD": false,
            "MOZ_BUILD_APP": "mobile/android",
            "MOZ_CODE_COVERAGE": false,
            "MOZ_CRASHREPORTER": true,
            "MOZ_DATA_REPORTING": true,
            "MOZ_DEV_EDITION": false,
            "MOZ_GECKO_PROFILER": true,
            "MOZ_GOOGLE_LOCATION_SERVICE_API_KEY": "AIzaSyB2h2OuRcUgy5N-5hsZqiPW6sH3n_rptiQ",
            "MOZ_GOOGLE_SAFEBROWSING_API_KEY": "AIzaSyC7jsptDS3am4tPx4r3nxis7IMjBc5Dovo",
            "MOZ_GRAPHENE": false,
            "MOZ_MACBUNDLE_NAME": "Firefox.app",
            "MOZ_MAINTENANCE_SERVICE": false,
            "MOZ_MOZILLA_API_KEY": "3b4d27dd-703d-4094-8398-4de2c763505a",
            "MOZ_NEW_CERT_STORAGE": false,
            "MOZ_NEW_NOTIFICATION_STORE": false,
            "MOZ_NEW_XULSTORE": false,
            "MOZ_OFFICIAL_BRANDING": false,
            "MOZ_PLACES": false,
            "MOZ_REQUIRE_SIGNING": false,
            "MOZ_SANDBOX": false,
            "MOZ_SERVICES_HEALTHREPORT": true,
            "MOZ_SERVICES_SYNC": false,
            "MOZ_SWITCHBOARD": true,
            "MOZ_SYSTEM_NSS": false,
            "MOZ_TELEMETRY_ON_BY_DEFAULT": false,
            "MOZ_TELEMETRY_REPORTING": true,
            "MOZ_UNSIGNED_SCOPES": 0,
            "MOZ_UPDATER": false,
            "MOZ_UPDATE_CHANNEL": "release",
            "MOZ_WEBRTC": true,
            "MOZ_WIDGET_GTK": false,
            "MOZ_WIDGET_TOOLKIT": "android",
            "NIGHTLY_BUILD": false,
            "OMNIJAR_NAME": "assets/omni.ja",
            "RELEASE_OR_BETA": true,
            "SOURCE_REVISION_URL": "https://hg.mozilla.org/releases/mozilla-esr68/rev/d2e0b9e17b9bc1ef02606c8006b73293f7892ad5",
            "TELEMETRY_PING_FORMAT_VERSION": 4,
            "XP_UNIX": true,
            "isPlatformAndVersionAtLeast": {},
            "isPlatformAndVersionAtMost": {},
            "platform": "android"
          },
          "asyncAppConstants": {
            "ACCESSIBILITY": true,
            "ANDROID_PACKAGE_NAME": "org.mozilla.firefox",
            "ASAN": false,
            "ASAN_REPORTER": false,
            "BROWSER_CHROME_URL": "chrome://browser/content/browser.xul",
            "DEBUG": false,
            "DEBUG_JS_MODULES": "",
            "DLL_PREFIX": "lib",
            "DLL_SUFFIX": ".so",
            "EARLY_BETA_OR_EARLIER": false,
            "FENNEC_NIGHTLY": false,
            "HAVE_SHELL_SERVICE": false,
            "HAVE_USR_LIB64_DIR": false,
            "MENUBAR_CAN_AUTOHIDE": false,
            "MOZILLA_OFFICIAL": true,
            "MOZ_ALLOW_LEGACY_EXTENSIONS": false,
            "MOZ_ANDROID_ACTIVITY_STREAM": false,
            "MOZ_ANDROID_HISTORY": true,
            "MOZ_ANDROID_MOZILLA_ONLINE": false,
            "MOZ_APP_NAME": "fennec",
            "MOZ_APP_VERSION": "68.1.1",
            "MOZ_APP_VERSION_DISPLAY": "68.1.1",
            "MOZ_BING_API_CLIENTID": "no-bing-api-clientid",
            "MOZ_BING_API_KEY": "no-bing-api-key",
            "MOZ_BITS_DOWNLOAD": false,
            "MOZ_BUILD_APP": "mobile/android",
            "MOZ_CODE_COVERAGE": false,
            "MOZ_CRASHREPORTER": true,
            "MOZ_DATA_REPORTING": true,
            "MOZ_DEV_EDITION": false,
            "MOZ_GECKO_PROFILER": true,
            "MOZ_GOOGLE_LOCATION_SERVICE_API_KEY": "AIzaSyB2h2OuRcUgy5N-5hsZqiPW6sH3n_rptiQ",
            "MOZ_GOOGLE_SAFEBROWSING_API_KEY": "AIzaSyC7jsptDS3am4tPx4r3nxis7IMjBc5Dovo",
            "MOZ_GRAPHENE": false,
            "MOZ_MACBUNDLE_NAME": "Firefox.app",
            "MOZ_MAINTENANCE_SERVICE": false,
            "MOZ_MOZILLA_API_KEY": "3b4d27dd-703d-4094-8398-4de2c763505a",
            "MOZ_NEW_CERT_STORAGE": false,
            "MOZ_NEW_NOTIFICATION_STORE": false,
            "MOZ_NEW_XULSTORE": false,
            "MOZ_OFFICIAL_BRANDING": false,
            "MOZ_PLACES": false,
            "MOZ_REQUIRE_SIGNING": false,
            "MOZ_SANDBOX": false,
            "MOZ_SERVICES_HEALTHREPORT": true,
            "MOZ_SERVICES_SYNC": false,
            "MOZ_SWITCHBOARD": true,
            "MOZ_SYSTEM_NSS": false,
            "MOZ_TELEMETRY_ON_BY_DEFAULT": false,
            "MOZ_TELEMETRY_REPORTING": true,
            "MOZ_UNSIGNED_SCOPES": 0,
            "MOZ_UPDATER": false,
            "MOZ_UPDATE_CHANNEL": "release",
            "MOZ_WEBRTC": true,
            "MOZ_WIDGET_GTK": false,
            "MOZ_WIDGET_TOOLKIT": "android",
            "NIGHTLY_BUILD": false,
            "OMNIJAR_NAME": "assets/omni.ja",
            "RELEASE_OR_BETA": true,
            "SOURCE_REVISION_URL": "https://hg.mozilla.org/releases/mozilla-esr68/rev/d2e0b9e17b9bc1ef02606c8006b73293f7892ad5",
            "TELEMETRY_PING_FORMAT_VERSION": 4,
            "XP_UNIX": true,
            "isPlatformAndVersionAtLeast": {},
            "isPlatformAndVersionAtMost": {},
            "platform": "android"
          },
          "userAgent": "Mozilla/5.0 (Android 9; Mobile; rv:68.0) Gecko/68.0 Firefox/68.0",
          "windowSize": "360x612"
        },
        "pageinfo": {
          "documentHeight": 5220,
          "documentSize": {
            "decodedBodySize": 60217,
            "encodedBodySize": 12668,
            "transferSize": 14304
          },
          "documentTitle": "Medium – Where good ideas find you.",
          "documentWidth": 360,
          "domElements": 1484,
          "navigationStartTime": 1617127266039,
          "nextHopProtocol": "h2",
          "resources": {
            "count": 0,
            "duration": 0
          },
          "responsive": true,
          "url": "https://medium.com/",
          "visualElements": {
            "heroes": [
              {
                "filename": "0*LYcooa4R5aE5OPJ5.jpg",
                "height": 20,
                "name": "LargestImage",
                "width": 20,
                "x": 80,
                "y": 530
              }
            ],
            "viewport": {
              "height": 612,
              "width": 360
            }
          }
        },
        "timings": {
          "firstPaint": 2513,
          "loadEventEnd": 14794,
          "navigationTiming": {
            "connectStart": 292,
            "domComplete": 14756,
            "domContentLoadedEventEnd": 6316,
            "domContentLoadedEventStart": 6311,
            "domInteractive": 5520,
            "domainLookupEnd": 291,
            "domainLookupStart": 291,
            "duration": 14794,
            "fetchStart": 2,
            "loadEventEnd": 14794,
            "loadEventStart": 14757,
            "redirectEnd": 0,
            "redirectStart": 0,
            "requestStart": 622,
            "responseEnd": 1982,
            "responseStart": 1972,
            "secureConnectionStart": 407,
            "startTime": 0,
            "unloadEventEnd": 0,
            "unloadEventStart": 0,
            "workerStart": 0
          },
          "pageTimings": {
            "backEndTime": 1972,
            "domContentLoadedTime": 6311,
            "domInteractiveTime": 5520,
            "domainLookupTime": 0,
            "frontEndTime": 12775,
            "pageDownloadTime": 9,
            "pageLoadTime": 14757,
            "redirectionTime": 0,
            "serverConnectionTime": 328,
            "serverResponseTime": 1360
          },
          "rumSpeedIndex": 1972,
          "timeToContentfulPaint": 2742,
          "timeToDomContentFlushed": 5764,
          "timeToFirstInteractive": 6316,
          "userTimings": {
            "marks": [
              {
                "name": "optimizely:blockBegin",
                "startTime": 5554.04
              }
            ],
            "measures": []
          }
        }
      },
      {
        "browser": {
          "appConstants": {
            "ACCESSIBILITY": true,
            "ANDROID_PACKAGE_NAME": "org.mozilla.firefox",
            "ASAN": false,
            "ASAN_REPORTER": false,
            "BROWSER_CHROME_URL": "chrome://browser/content/browser.xul",
            "DEBUG": false,
            "DEBUG_JS_MODULES": "",
            "DLL_PREFIX": "lib",
            "DLL_SUFFIX": ".so",
            "EARLY_BETA_OR_EARLIER": false,
            "FENNEC_NIGHTLY": false,
            "HAVE_SHELL_SERVICE": false,
            "HAVE_USR_LIB64_DIR": false,
            "MENUBAR_CAN_AUTOHIDE": false,
            "MOZILLA_OFFICIAL": true,
            "MOZ_ALLOW_LEGACY_EXTENSIONS": false,
            "MOZ_ANDROID_ACTIVITY_STREAM": false,
            "MOZ_ANDROID_HISTORY": true,
            "MOZ_ANDROID_MOZILLA_ONLINE": false,
            "MOZ_APP_NAME": "fennec",
            "MOZ_APP_VERSION": "68.1.1",
            "MOZ_APP_VERSION_DISPLAY": "68.1.1",
            "MOZ_BING_API_CLIENTID": "no-bing-api-clientid",
            "MOZ_BING_API_KEY": "no-bing-api-key",
            "MOZ_BITS_DOWNLOAD": false,
            "MOZ_BUILD_APP": "mobile/android",
            "MOZ_CODE_COVERAGE": false,
            "MOZ_CRASHREPORTER": true,
            "MOZ_DATA_REPORTING": true,
            "MOZ_DEV_EDITION": false,
            "MOZ_GECKO_PROFILER": true,
            "MOZ_GOOGLE_LOCATION_SERVICE_API_KEY": "AIzaSyB2h2OuRcUgy5N-5hsZqiPW6sH3n_rptiQ",
            "MOZ_GOOGLE_SAFEBROWSING_API_KEY": "AIzaSyC7jsptDS3am4tPx4r3nxis7IMjBc5Dovo",
            "MOZ_GRAPHENE": false,
            "MOZ_MACBUNDLE_NAME": "Firefox.app",
            "MOZ_MAINTENANCE_SERVICE": false,
            "MOZ_MOZILLA_API_KEY": "3b4d27dd-703d-4094-8398-4de2c763505a",
            "MOZ_NEW_CERT_STORAGE": false,
            "MOZ_NEW_NOTIFICATION_STORE": false,
            "MOZ_NEW_XULSTORE": false,
            "MOZ_OFFICIAL_BRANDING": false,
            "MOZ_PLACES": false,
            "MOZ_REQUIRE_SIGNING": false,
            "MOZ_SANDBOX": false,
            "MOZ_SERVICES_HEALTHREPORT": true,
            "MOZ_SERVICES_SYNC": false,
            "MOZ_SWITCHBOARD": true,
            "MOZ_SYSTEM_NSS": false,
            "MOZ_TELEMETRY_ON_BY_DEFAULT": false,
            "MOZ_TELEMETRY_REPORTING": true,
            "MOZ_UNSIGNED_SCOPES": 0,
            "MOZ_UPDATER": false,
            "MOZ_UPDATE_CHANNEL": "release",
            "MOZ_WEBRTC": true,
            "MOZ_WIDGET_GTK": false,
            "MOZ_WIDGET_TOOLKIT": "android",
            "NIGHTLY_BUILD": false,
            "OMNIJAR_NAME": "assets/omni.ja",
            "RELEASE_OR_BETA": true,
            "SOURCE_REVISION_URL": "https://hg.mozilla.org/releases/mozilla-esr68/rev/d2e0b9e17b9bc1ef02606c8006b73293f7892ad5",
            "TELEMETRY_PING_FORMAT_VERSION": 4,
            "XP_UNIX": true,
            "isPlatformAndVersionAtLeast": {},
            "isPlatformAndVersionAtMost": {},
            "platform": "android"
          },
          "asyncAppConstants": {
            "ACCESSIBILITY": true,
            "ANDROID_PACKAGE_NAME": "org.mozilla.firefox",
            "ASAN": false,
            "ASAN_REPORTER": false,
            "BROWSER_CHROME_URL": "chrome://browser/content/browser.xul",
            "DEBUG": false,
            "DEBUG_JS_MODULES": "",
            "DLL_PREFIX": "lib",
            "DLL_SUFFIX": ".so",
            "EARLY_BETA_OR_EARLIER": false,
            "FENNEC_NIGHTLY": false,
            "HAVE_SHELL_SERVICE": false,
            "HAVE_USR_LIB64_DIR": false,
            "MENUBAR_CAN_AUTOHIDE": false,
            "MOZILLA_OFFICIAL": true,
            "MOZ_ALLOW_LEGACY_EXTENSIONS": false,
            "MOZ_ANDROID_ACTIVITY_STREAM": false,
            "MOZ_ANDROID_HISTORY": true,
            "MOZ_ANDROID_MOZILLA_ONLINE": false,
            "MOZ_APP_NAME": "fennec",
            "MOZ_APP_VERSION": "68.1.1",
            "MOZ_APP_VERSION_DISPLAY": "68.1.1",
            "MOZ_BING_API_CLIENTID": "no-bing-api-clientid",
            "MOZ_BING_API_KEY": "no-bing-api-key",
            "MOZ_BITS_DOWNLOAD": false,
            "MOZ_BUILD_APP": "mobile/android",
            "MOZ_CODE_COVERAGE": false,
            "MOZ_CRASHREPORTER": true,
            "MOZ_DATA_REPORTING": true,
            "MOZ_DEV_EDITION": false,
            "MOZ_GECKO_PROFILER": true,
            "MOZ_GOOGLE_LOCATION_SERVICE_API_KEY": "AIzaSyB2h2OuRcUgy5N-5hsZqiPW6sH3n_rptiQ",
            "MOZ_GOOGLE_SAFEBROWSING_API_KEY": "AIzaSyC7jsptDS3am4tPx4r3nxis7IMjBc5Dovo",
            "MOZ_GRAPHENE": false,
            "MOZ_MACBUNDLE_NAME": "Firefox.app",
            "MOZ_MAINTENANCE_SERVICE": false,
            "MOZ_MOZILLA_API_KEY": "3b4d27dd-703d-4094-8398-4de2c763505a",
            "MOZ_NEW_CERT_STORAGE": false,
            "MOZ_NEW_NOTIFICATION_STORE": false,
            "MOZ_NEW_XULSTORE": false,
            "MOZ_OFFICIAL_BRANDING": false,
            "MOZ_PLACES": false,
            "MOZ_REQUIRE_SIGNING": false,
            "MOZ_SANDBOX": false,
            "MOZ_SERVICES_HEALTHREPORT": true,
            "MOZ_SERVICES_SYNC": false,
            "MOZ_SWITCHBOARD": true,
            "MOZ_SYSTEM_NSS": false,
            "MOZ_TELEMETRY_ON_BY_DEFAULT": false,
            "MOZ_TELEMETRY_REPORTING": true,
            "MOZ_UNSIGNED_SCOPES": 0,
            "MOZ_UPDATER": false,
            "MOZ_UPDATE_CHANNEL": "release",
            "MOZ_WEBRTC": true,
            "MOZ_WIDGET_GTK": false,
            "MOZ_WIDGET_TOOLKIT": "android",
            "NIGHTLY_BUILD": false,
            "OMNIJAR_NAME": "assets/omni.ja",
            "RELEASE_OR_BETA": true,
            "SOURCE_REVISION_URL": "https://hg.mozilla.org/releases/mozilla-esr68/rev/d2e0b9e17b9bc1ef02606c8006b73293f7892ad5",
            "TELEMETRY_PING_FORMAT_VERSION": 4,
            "XP_UNIX": true,
            "isPlatformAndVersionAtLeast": {},
            "isPlatformAndVersionAtMost": {},
            "platform": "android"
          },
          "userAgent": "Mozilla/5.0 (Android 9; Mobile; rv:68.0) Gecko/68.0 Firefox/68.0",
          "windowSize": "360x612"
        },
        "pageinfo": {
          "documentHeight": 5220,
          "documentSize": {
            "decodedBodySize": 60213,
            "encodedBodySize": 12670,
            "transferSize": 14305
          },
          "documentTitle": "Medium – Where good ideas find you.",
          "documentWidth": 360,
          "domElements": 1484,
          "navigationStartTime": 1617127293707,
          "nextHopProtocol": "h2",
          "resources": {
            "count": 0,
            "duration": 0
          },
          "responsive": true,
          "url": "https://medium.com/",
          "visualElements": {
            "heroes": [
              {
                "filename": "0*LYcooa4R5aE5OPJ5.jpg",
                "height": 20,
                "name": "LargestImage",
                "width": 20,
                "x": 80,
                "y": 530
              }
            ],
            "viewport": {
              "height": 612,
              "width": 360
            }
          }
        },
        "timings": {
          "firstPaint": 1669,
          "loadEventEnd": 16185,
          "navigationTiming": {
            "connectStart": 43,
            "domComplete": 16133,
            "domContentLoadedEventEnd": 5579,
            "domContentLoadedEventStart": 5573,
            "domInteractive": 4662,
            "domainLookupEnd": 42,
            "domainLookupStart": 42,
            "duration": 16185,
            "fetchStart": 3,
            "loadEventEnd": 16185,
            "loadEventStart": 16135,
            "redirectEnd": 0,
            "redirectStart": 0,
            "requestStart": 434,
            "responseEnd": 1026,
            "responseStart": 1013,
            "secureConnectionStart": 194,
            "startTime": 0,
            "unloadEventEnd": 0,
            "unloadEventStart": 0,
            "workerStart": 0
          },
          "pageTimings": {
            "backEndTime": 1013,
            "domContentLoadedTime": 5573,
            "domInteractiveTime": 4662,
            "domainLookupTime": 0,
            "frontEndTime": 15109,
            "pageDownloadTime": 13,
            "pageLoadTime": 16135,
            "redirectionTime": 0,
            "serverConnectionTime": 390,
            "serverResponseTime": 593
          },
          "rumSpeedIndex": 1013,
          "timeToContentfulPaint": 1883,
          "timeToDomContentFlushed": 4947,
          "timeToFirstInteractive": 11034,
          "userTimings": {
            "marks": [
              {
                "name": "optimizely:blockBegin",
                "startTime": 4697.4800000000005
              }
            ],
            "measures": []
          }
        }
      },
      {
        "browser": {
          "appConstants": {
            "ACCESSIBILITY": true,
            "ANDROID_PACKAGE_NAME": "org.mozilla.firefox",
            "ASAN": false,
            "ASAN_REPORTER": false,
            "BROWSER_CHROME_URL": "chrome://browser/content/browser.xul",
            "DEBUG": false,
            "DEBUG_JS_MODULES": "",
            "DLL_PREFIX": "lib",
            "DLL_SUFFIX": ".so",
            "EARLY_BETA_OR_EARLIER": false,
            "FENNEC_NIGHTLY": false,
            "HAVE_SHELL_SERVICE": false,
            "HAVE_USR_LIB64_DIR": false,
            "MENUBAR_CAN_AUTOHIDE": false,
            "MOZILLA_OFFICIAL": true,
            "MOZ_ALLOW_LEGACY_EXTENSIONS": false,
            "MOZ_ANDROID_ACTIVITY_STREAM": false,
            "MOZ_ANDROID_HISTORY": true,
            "MOZ_ANDROID_MOZILLA_ONLINE": false,
            "MOZ_APP_NAME": "fennec",
            "MOZ_APP_VERSION": "68.1.1",
            "MOZ_APP_VERSION_DISPLAY": "68.1.1",
            "MOZ_BING_API_CLIENTID": "no-bing-api-clientid",
            "MOZ_BING_API_KEY": "no-bing-api-key",
            "MOZ_BITS_DOWNLOAD": false,
            "MOZ_BUILD_APP": "mobile/android",
            "MOZ_CODE_COVERAGE": false,
            "MOZ_CRASHREPORTER": true,
            "MOZ_DATA_REPORTING": true,
            "MOZ_DEV_EDITION": false,
            "MOZ_GECKO_PROFILER": true,
            "MOZ_GOOGLE_LOCATION_SERVICE_API_KEY": "AIzaSyB2h2OuRcUgy5N-5hsZqiPW6sH3n_rptiQ",
            "MOZ_GOOGLE_SAFEBROWSING_API_KEY": "AIzaSyC7jsptDS3am4tPx4r3nxis7IMjBc5Dovo",
            "MOZ_GRAPHENE": false,
            "MOZ_MACBUNDLE_NAME": "Firefox.app",
            "MOZ_MAINTENANCE_SERVICE": false,
            "MOZ_MOZILLA_API_KEY": "3b4d27dd-703d-4094-8398-4de2c763505a",
            "MOZ_NEW_CERT_STORAGE": false,
            "MOZ_NEW_NOTIFICATION_STORE": false,
            "MOZ_NEW_XULSTORE": false,
            "MOZ_OFFICIAL_BRANDING": false,
            "MOZ_PLACES": false,
            "MOZ_REQUIRE_SIGNING": false,
            "MOZ_SANDBOX": false,
            "MOZ_SERVICES_HEALTHREPORT": true,
            "MOZ_SERVICES_SYNC": false,
            "MOZ_SWITCHBOARD": true,
            "MOZ_SYSTEM_NSS": false,
            "MOZ_TELEMETRY_ON_BY_DEFAULT": false,
            "MOZ_TELEMETRY_REPORTING": true,
            "MOZ_UNSIGNED_SCOPES": 0,
            "MOZ_UPDATER": false,
            "MOZ_UPDATE_CHANNEL": "release",
            "MOZ_WEBRTC": true,
            "MOZ_WIDGET_GTK": false,
            "MOZ_WIDGET_TOOLKIT": "android",
            "NIGHTLY_BUILD": false,
            "OMNIJAR_NAME": "assets/omni.ja",
            "RELEASE_OR_BETA": true,
            "SOURCE_REVISION_URL": "https://hg.mozilla.org/releases/mozilla-esr68/rev/d2e0b9e17b9bc1ef02606c8006b73293f7892ad5",
            "TELEMETRY_PING_FORMAT_VERSION": 4,
            "XP_UNIX": true,
            "isPlatformAndVersionAtLeast": {},
            "isPlatformAndVersionAtMost": {},
            "platform": "android"
          },
          "asyncAppConstants": {
            "ACCESSIBILITY": true,
            "ANDROID_PACKAGE_NAME": "org.mozilla.firefox",
            "ASAN": false,
            "ASAN_REPORTER": false,
            "BROWSER_CHROME_URL": "chrome://browser/content/browser.xul",
            "DEBUG": false,
            "DEBUG_JS_MODULES": "",
            "DLL_PREFIX": "lib",
            "DLL_SUFFIX": ".so",
            "EARLY_BETA_OR_EARLIER": false,
            "FENNEC_NIGHTLY": false,
            "HAVE_SHELL_SERVICE": false,
            "HAVE_USR_LIB64_DIR": false,
            "MENUBAR_CAN_AUTOHIDE": false,
            "MOZILLA_OFFICIAL": true,
            "MOZ_ALLOW_LEGACY_EXTENSIONS": false,
            "MOZ_ANDROID_ACTIVITY_STREAM": false,
            "MOZ_ANDROID_HISTORY": true,
            "MOZ_ANDROID_MOZILLA_ONLINE": false,
            "MOZ_APP_NAME": "fennec",
            "MOZ_APP_VERSION": "68.1.1",
            "MOZ_APP_VERSION_DISPLAY": "68.1.1",
            "MOZ_BING_API_CLIENTID": "no-bing-api-clientid",
            "MOZ_BING_API_KEY": "no-bing-api-key",
            "MOZ_BITS_DOWNLOAD": false,
            "MOZ_BUILD_APP": "mobile/android",
            "MOZ_CODE_COVERAGE": false,
            "MOZ_CRASHREPORTER": true,
            "MOZ_DATA_REPORTING": true,
            "MOZ_DEV_EDITION": false,
            "MOZ_GECKO_PROFILER": true,
            "MOZ_GOOGLE_LOCATION_SERVICE_API_KEY": "AIzaSyB2h2OuRcUgy5N-5hsZqiPW6sH3n_rptiQ",
            "MOZ_GOOGLE_SAFEBROWSING_API_KEY": "AIzaSyC7jsptDS3am4tPx4r3nxis7IMjBc5Dovo",
            "MOZ_GRAPHENE": false,
            "MOZ_MACBUNDLE_NAME": "Firefox.app",
            "MOZ_MAINTENANCE_SERVICE": false,
            "MOZ_MOZILLA_API_KEY": "3b4d27dd-703d-4094-8398-4de2c763505a",
            "MOZ_NEW_CERT_STORAGE": false,
            "MOZ_NEW_NOTIFICATION_STORE": false,
            "MOZ_NEW_XULSTORE": false,
            "MOZ_OFFICIAL_BRANDING": false,
            "MOZ_PLACES": false,
            "MOZ_REQUIRE_SIGNING": false,
            "MOZ_SANDBOX": false,
            "MOZ_SERVICES_HEALTHREPORT": true,
            "MOZ_SERVICES_SYNC": false,
            "MOZ_SWITCHBOARD": true,
            "MOZ_SYSTEM_NSS": false,
            "MOZ_TELEMETRY_ON_BY_DEFAULT": false,
            "MOZ_TELEMETRY_REPORTING": true,
            "MOZ_UNSIGNED_SCOPES": 0,
            "MOZ_UPDATER": false,
            "MOZ_UPDATE_CHANNEL": "release",
            "MOZ_WEBRTC": true,
            "MOZ_WIDGET_GTK": false,
            "MOZ_WIDGET_TOOLKIT": "android",
            "NIGHTLY_BUILD": false,
            "OMNIJAR_NAME": "assets/omni.ja",
            "RELEASE_OR_BETA": true,
            "SOURCE_REVISION_URL": "https://hg.mozilla.org/releases/mozilla-esr68/rev/d2e0b9e17b9bc1ef02606c8006b73293f7892ad5",
            "TELEMETRY_PING_FORMAT_VERSION": 4,
            "XP_UNIX": true,
            "isPlatformAndVersionAtLeast": {},
            "isPlatformAndVersionAtMost": {},
            "platform": "android"
          },
          "userAgent": "Mozilla/5.0 (Android 9; Mobile; rv:68.0) Gecko/68.0 Firefox/68.0",
          "windowSize": "360x612"
        },
        "pageinfo": {
          "documentHeight": 5220,
          "documentSize": {
            "decodedBodySize": 60116,
            "encodedBodySize": 12667,
            "transferSize": 14302
          },
          "documentTitle": "Medium – Where good ideas find you.",
          "documentWidth": 360,
          "domElements": 1484,
          "navigationStartTime": 1617127323820,
          "nextHopProtocol": "h2",
          "resources": {
            "count": 0,
            "duration": 0
          },
          "responsive": true,
          "url": "https://medium.com/",
          "visualElements": {
            "heroes": [
              {
                "filename": "0*LYcooa4R5aE5OPJ5.jpg",
                "height": 20,
                "name": "LargestImage",
                "width": 20,
                "x": 80,
                "y": 530
              }
            ],
            "viewport": {
              "height": 612,
              "width": 360
            }
          }
        },
        "timings": {
          "firstPaint": 1784,
          "loadEventEnd": 14072,
          "navigationTiming": {
            "connectStart": 50,
            "domComplete": 14037,
            "domContentLoadedEventEnd": 5066,
            "domContentLoadedEventStart": 5058,
            "domInteractive": 4209,
            "domainLookupEnd": 49,
            "domainLookupStart": 49,
            "duration": 14072,
            "fetchStart": 2,
            "loadEventEnd": 14072,
            "loadEventStart": 14038,
            "redirectEnd": 0,
            "redirectStart": 0,
            "requestStart": 428,
            "responseEnd": 1007,
            "responseStart": 993,
            "secureConnectionStart": 188,
            "startTime": 0,
            "unloadEventEnd": 0,
            "unloadEventStart": 0,
            "workerStart": 0
          },
          "pageTimings": {
            "backEndTime": 993,
            "domContentLoadedTime": 5058,
            "domInteractiveTime": 4209,
            "domainLookupTime": 0,
            "frontEndTime": 13031,
            "pageDownloadTime": 14,
            "pageLoadTime": 14038,
            "redirectionTime": 0,
            "serverConnectionTime": 377,
            "serverResponseTime": 579
          },
          "rumSpeedIndex": 993,
          "timeToContentfulPaint": 2019,
          "timeToDomContentFlushed": 4452,
          "timeToFirstInteractive": 13319,
          "userTimings": {
            "marks": [
              {
                "name": "optimizely:blockBegin",
                "startTime": 4242.7
              }
            ],
            "measures": []
          }
        }
      }
    ],
    "visualMetrics": [],
    "cpu": [],
    "extras": [
      {},
      {},
      {}
    ],
    "fullyLoaded": [],
    "errors": [
      [],
      [],
      []
    ],
    "statistics": {
      "browser": {
        "appConstants": {
          "MOZ_UNSIGNED_SCOPES": {
            "median": 0,
            "mean": 0,
            "mdev": 0,
            "stddev": 0,
            "min": 0,
            "p10": 0,
            "p90": 0,
            "p99": 0,
            "max": 0
          },
          "TELEMETRY_PING_FORMAT_VERSION": {
            "median": 4,
            "mean": 4,
            "mdev": 0,
            "stddev": 0,
            "min": 4,
            "p10": 4,
            "p90": 4,
            "p99": 4,
            "max": 4
          }
        },
        "asyncAppConstants": {
          "MOZ_UNSIGNED_SCOPES": {
            "median": 0,
            "mean": 0,
            "mdev": 0,
            "stddev": 0,
            "min": 0,
            "p10": 0,
            "p90": 0,
            "p99": 0,
            "max": 0
          },
          "TELEMETRY_PING_FORMAT_VERSION": {
            "median": 4,
            "mean": 4,
            "mdev": 0,
            "stddev": 0,
            "min": 4,
            "p10": 4,
            "p90": 4,
            "p99": 4,
            "max": 4
          }
        }
      },
      "pageinfo": {
        "documentHeight": {
          "median": 5220,
          "mean": 5220,
          "mdev": 0,
          "stddev": 0,
          "min": 5220,
          "p10": 5220,
          "p90": 5220,
          "p99": 5220,
          "max": 5220
        },
        "documentSize": {
          "decodedBodySize": {
            "median": 60213,
            "mean": 60182,
            "mdev": 26.9609,
            "stddev": 47,
            "min": 60116,
            "p10": 60116,
            "p90": 60217,
            "p99": 60217,
            "max": 60217
          },
          "encodedBodySize": {
            "median": 12668,
            "mean": 12668,
            "mdev": 0.7201,
            "stddev": 1,
            "min": 12667,
            "p10": 12667,
            "p90": 12670,
            "p99": 12670,
            "max": 12670
          },
          "transferSize": {
            "median": 14304,
            "mean": 14304,
            "mdev": 0.7201,
            "stddev": 1,
            "min": 14302,
            "p10": 14302,
            "p90": 14305,
            "p99": 14305,
            "max": 14305
          }
        },
        "documentWidth": {
          "median": 360,
          "mean": 360,
          "mdev": 0,
          "stddev": 0,
          "min": 360,
          "p10": 360,
          "p90": 360,
          "p99": 360,
          "max": 360
        },
        "domElements": {
          "median": 1484,
          "mean": 1484,
          "mdev": 0,
          "stddev": 0,
          "min": 1484,
          "p10": 1484,
          "p90": 1484,
          "p99": 1484,
          "max": 1484
        },
        "navigationStartTime": {
          "median": 1617127293707,
          "mean": 1617127294522,
          "mdev": 12612.4091,
          "stddev": 21845,
          "min": 1617127266039,
          "p10": 1617127266039,
          "p90": 1617127323820,
          "p99": 1617127323820,
          "max": 1617127323820
        },
        "resources": {
          "count": {
            "median": 0,
            "mean": 0,
            "mdev": 0,
            "stddev": 0,
            "min": 0,
            "p10": 0,
            "p90": 0,
            "p99": 0,
            "max": 0
          },
          "duration": {
            "median": 0,
            "mean": 0,
            "mdev": 0,
            "stddev": 0,
            "min": 0,
            "p10": 0,
            "p90": 0,
            "p99": 0,
            "max": 0
          }
        },
        "visualElements": {
          "heroes": [
            {
              "height": {
                "median": 20,
                "mean": 20,
                "mdev": 0,
                "stddev": 0,
                "min": 20,
                "p10": 20,
                "p90": 20,
                "p99": 20,
                "max": 20
              },
              "width": {
                "median": 20,
                "mean": 20,
                "mdev": 0,
                "stddev": 0,
                "min": 20,
                "p10": 20,
                "p90": 20,
                "p99": 20,
                "max": 20
              },
              "x": {
                "median": 80,
                "mean": 80,
                "mdev": 0,
                "stddev": 0,
                "min": 80,
                "p10": 80,
                "p90": 80,
                "p99": 80,
                "max": 80
              },
              "y": {
                "median": 530,
                "mean": 530,
                "mdev": 0,
                "stddev": 0,
                "min": 530,
                "p10": 530,
                "p90": 530,
                "p99": 530,
                "max": 530
              }
            }
          ],
          "viewport": {
            "height": {
              "median": 612,
              "mean": 612,
              "mdev": 0,
              "stddev": 0,
              "min": 612,
              "p10": 612,
              "p90": 612,
              "p99": 612,
              "max": 612
            },
            "width": {
              "median": 360,
              "mean": 360,
              "mdev": 0,
              "stddev": 0,
              "min": 360,
              "p10": 360,
              "p90": 360,
              "p99": 360,
              "max": 360
            }
          }
        }
      },
      "timings": {
        "firstPaint": {
          "median": 1784,
          "mean": 1989,
          "mdev": 215.7675,
          "stddev": 374,
          "min": 1669,
          "p10": 1669,
          "p90": 2513,
          "p99": 2513,
          "max": 2513
        },
        "loadEventEnd": {
          "median": 14794,
          "mean": 15017,
          "mdev": 506.2913,
          "stddev": 877,
          "min": 14072,
          "p10": 14072,
          "p90": 16185,
          "p99": 16185,
          "max": 16185
        },
        "navigationTiming": {
          "connectStart": {
            "median": 50,
            "mean": 128,
            "mdev": 66.837,
            "stddev": 116,
            "min": 43,
            "p10": 43,
            "p90": 292,
            "p99": 292,
            "max": 292
          },
          "domComplete": {
            "median": 14756,
            "mean": 14975,
            "mdev": 502.0811,
            "stddev": 870,
            "min": 14037,
            "p10": 14037,
            "p90": 16133,
            "p99": 16133,
            "max": 16133
          },
          "domContentLoadedEventEnd": {
            "median": 5579,
            "mean": 5654,
            "mdev": 296.2005,
            "stddev": 513,
            "min": 5066,
            "p10": 5066,
            "p90": 6316,
            "p99": 6316,
            "max": 6316
          },
          "domContentLoadedEventStart": {
            "median": 5573,
            "mean": 5647,
            "mdev": 296.8899,
            "stddev": 514,
            "min": 5058,
            "p10": 5058,
            "p90": 6311,
            "p99": 6311,
            "max": 6311
          },
          "domInteractive": {
            "median": 4662,
            "mean": 4797,
            "mdev": 313.8821,
            "stddev": 544,
            "min": 4209,
            "p10": 4209,
            "p90": 5520,
            "p99": 5520,
            "max": 5520
          },
          "domainLookupEnd": {
            "median": 49,
            "mean": 127,
            "mdev": 66.837,
            "stddev": 116,
            "min": 42,
            "p10": 42,
            "p90": 291,
            "p99": 291,
            "max": 291
          },
          "domainLookupStart": {
            "median": 49,
            "mean": 127,
            "mdev": 66.837,
            "stddev": 116,
            "min": 42,
            "p10": 42,
            "p90": 291,
            "p99": 291,
            "max": 291
          },
          "duration": {
            "median": 14794,
            "mean": 15017,
            "mdev": 506.2913,
            "stddev": 877,
            "min": 14072,
            "p10": 14072,
            "p90": 16185,
            "p99": 16185,
            "max": 16185
          },
          "fetchStart": {
            "median": 2,
            "mean": 2,
            "mdev": 0.2722,
            "stddev": 0,
            "min": 2,
            "p10": 2,
            "p90": 3,
            "p99": 3,
            "max": 3
          },
          "loadEventEnd": {
            "median": 14794,
            "mean": 15017,
            "mdev": 506.2913,
            "stddev": 877,
            "min": 14072,
            "p10": 14072,
            "p90": 16185,
            "p99": 16185,
            "max": 16185
          },
          "loadEventStart": {
            "median": 14757,
            "mean": 14977,
            "mdev": 502.3373,
            "stddev": 870,
            "min": 14038,
            "p10": 14038,
            "p90": 16135,
            "p99": 16135,
            "max": 16135
          },
          "redirectEnd": {
            "median": 0,
            "mean": 0,
            "mdev": 0,
            "stddev": 0,
            "min": 0,
            "p10": 0,
            "p90": 0,
            "p99": 0,
            "max": 0
          },
          "redirectStart": {
            "median": 0,
            "mean": 0,
            "mdev": 0,
            "stddev": 0,
            "min": 0,
            "p10": 0,
            "p90": 0,
            "p99": 0,
            "max": 0
          },
          "requestStart": {
            "median": 434,
            "mean": 495,
            "mdev": 52.0028,
            "stddev": 90,
            "min": 428,
            "p10": 428,
            "p90": 622,
            "p99": 622,
            "max": 622
          },
          "responseEnd": {
            "median": 1026,
            "mean": 1338,
            "mdev": 262.814,
            "stddev": 455,
            "min": 1007,
            "p10": 1007,
            "p90": 1982,
            "p99": 1982,
            "max": 1982
          },
          "responseStart": {
            "median": 1013,
            "mean": 1326,
            "mdev": 263.7705,
            "stddev": 457,
            "min": 993,
            "p10": 993,
            "p90": 1972,
            "p99": 1972,
            "max": 1972
          },
          "secureConnectionStart": {
            "median": 194,
            "mean": 263,
            "mdev": 58.8048,
            "stddev": 102,
            "min": 188,
            "p10": 188,
            "p90": 407,
            "p99": 407,
            "max": 407
          },
          "startTime": {
            "median": 0,
            "mean": 0,
            "mdev": 0,
            "stddev": 0,
            "min": 0,
            "p10": 0,
            "p90": 0,
            "p99": 0,
            "max": 0
          },
          "unloadEventEnd": {
            "median": 0,
            "mean": 0,
            "mdev": 0,
            "stddev": 0,
            "min": 0,
            "p10": 0,
            "p90": 0,
            "p99": 0,
            "max": 0
          },
          "unloadEventStart": {
            "median": 0,
            "mean": 0,
            "mdev": 0,
            "stddev": 0,
            "min": 0,
            "p10": 0,
            "p90": 0,
            "p99": 0,
            "max": 0
          },
          "workerStart": {
            "median": 0,
            "mean": 0,
            "mdev": 0,
            "stddev": 0,
            "min": 0,
            "p10": 0,
            "p90": 0,
            "p99": 0,
            "max": 0
          }
        },
        "pageTimings": {
          "backEndTime": {
            "median": 1013,
            "mean": 1326,
            "mdev": 263.7705,
            "stddev": 457,
            "min": 993,
            "p10": 993,
            "p90": 1972,
            "p99": 1972,
            "max": 1972
          },
          "domContentLoadedTime": {
            "median": 5573,
            "mean": 5647,
            "mdev": 296.8899,
            "stddev": 514,
            "min": 5058,
            "p10": 5058,
            "p90": 6311,
            "p99": 6311,
            "max": 6311
          },
          "domInteractiveTime": {
            "median": 4662,
            "mean": 4797,
            "mdev": 313.8821,
            "stddev": 544,
            "min": 4209,
            "p10": 4209,
            "p90": 5520,
            "p99": 5520,
            "max": 5520
          },
          "domainLookupTime": {
            "median": 0,
            "mean": 0,
            "mdev": 0,
            "stddev": 0,
            "min": 0,
            "p10": 0,
            "p90": 0,
            "p99": 0,
            "max": 0
          },
          "frontEndTime": {
            "median": 13031,
            "mean": 13638,
            "mdev": 603.4216,
            "stddev": 1045,
            "min": 12775,
            "p10": 12775,
            "p90": 15109,
            "p99": 15109,
            "max": 15109
          },
          "pageDownloadTime": {
            "median": 13,
            "mean": 12,
            "mdev": 1.2472,
            "stddev": 2,
            "min": 9,
            "p10": 9,
            "p90": 14,
            "p99": 14,
            "max": 14
          },
          "pageLoadTime": {
            "median": 14757,
            "mean": 14977,
            "mdev": 502.3373,
            "stddev": 870,
            "min": 14038,
            "p10": 14038,
            "p90": 16135,
            "p99": 16135,
            "max": 16135
          },
          "redirectionTime": {
            "median": 0,
            "mean": 0,
            "mdev": 0,
            "stddev": 0,
            "min": 0,
            "p10": 0,
            "p90": 0,
            "p99": 0,
            "max": 0
          },
          "serverConnectionTime": {
            "median": 377,
            "mean": 365,
            "mdev": 15.4128,
            "stddev": 27,
            "min": 328,
            "p10": 328,
            "p90": 390,
            "p99": 390,
            "max": 390
          },
          "serverResponseTime": {
            "median": 593,
            "mean": 844,
            "mdev": 210.682,
            "stddev": 365,
            "min": 579,
            "p10": 579,
            "p90": 1360,
            "p99": 1360,
            "max": 1360
          }
        },
        "rumSpeedIndex": {
          "median": 1013,
          "mean": 1326,
          "mdev": 263.7705,
          "stddev": 457,
          "min": 993,
          "p10": 993,
          "p90": 1972,
          "p99": 1972,
          "max": 1972
        },
        "timeToContentfulPaint": {
          "median": 2019,
          "mean": 2215,
          "mdev": 217.6564,
          "stddev": 377,
          "min": 1883,
          "p10": 1883,
          "p90": 2742,
          "p99": 2742,
          "max": 2742
        },
        "timeToDomContentFlushed": {
          "median": 4947,
          "mean": 5054,
          "mdev": 312.3304,
          "stddev": 541,
          "min": 4452,
          "p10": 4452,
          "p90": 5764,
          "p99": 5764,
          "max": 5764
        },
        "timeToFirstInteractive": {
          "median": 11034,
          "mean": 10223,
          "mdev": 1683.5012,
          "stddev": 2916,
          "min": 6316,
          "p10": 6316,
          "p90": 13319,
          "p99": 13319,
          "max": 13319
        },
        "userTimings": {
          "marks": {
            "optimizely:blockBegin": {
              "median": 4697,
              "mean": 4831,
              "mdev": 313.8844,
              "stddev": 544,
              "min": 4243,
              "p10": 4243,
              "p90": 5554,
              "p99": 5554,
              "max": 5554
            }
          }
        }
      }
    }
  }
]