[
  {
    "info": {
      "browsertime": {
        "version": "8.4.0"
      },
      "url": "https://www.msn.com/",
      "timestamp": "2021-03-30T04:00:40+04:00",
      "connectivity": {
        "engine": "external",
        "profile": "native"
      },
      "extra": {}
    },
    "files": {
      "video": [],
      "screenshot": [],
      "timeline": [],
      "consoleLog": [],
      "netLog": [],
      "perfLog": []
    },
    "cdp": {
      "performance": []
    },
    "timestamps": [
      "2021-03-30T04:00:20+04:00",
      "2021-03-30T04:00:51+04:00",
      "2021-03-30T04:01:23+04:00"
    ],
    "browserScripts": [
      {
        "browser": {
          "appConstants": {
            "ACCESSIBILITY": true,
            "ANDROID_PACKAGE_NAME": "org.mozilla.firefox",
            "ASAN": false,
            "ASAN_REPORTER": false,
            "BROWSER_CHROME_URL": "chrome://browser/content/browser.xul",
            "DEBUG": false,
            "DEBUG_JS_MODULES": "",
            "DLL_PREFIX": "lib",
            "DLL_SUFFIX": ".so",
            "EARLY_BETA_OR_EARLIER": false,
            "FENNEC_NIGHTLY": false,
            "HAVE_SHELL_SERVICE": false,
            "HAVE_USR_LIB64_DIR": false,
            "MENUBAR_CAN_AUTOHIDE": false,
            "MOZILLA_OFFICIAL": true,
            "MOZ_ALLOW_LEGACY_EXTENSIONS": false,
            "MOZ_ANDROID_ACTIVITY_STREAM": false,
            "MOZ_ANDROID_HISTORY": true,
            "MOZ_ANDROID_MOZILLA_ONLINE": false,
            "MOZ_APP_NAME": "fennec",
            "MOZ_APP_VERSION": "68.1.1",
            "MOZ_APP_VERSION_DISPLAY": "68.1.1",
            "MOZ_BING_API_CLIENTID": "no-bing-api-clientid",
            "MOZ_BING_API_KEY": "no-bing-api-key",
            "MOZ_BITS_DOWNLOAD": false,
            "MOZ_BUILD_APP": "mobile/android",
            "MOZ_CODE_COVERAGE": false,
            "MOZ_CRASHREPORTER": true,
            "MOZ_DATA_REPORTING": true,
            "MOZ_DEV_EDITION": false,
            "MOZ_GECKO_PROFILER": true,
            "MOZ_GOOGLE_LOCATION_SERVICE_API_KEY": "AIzaSyB2h2OuRcUgy5N-5hsZqiPW6sH3n_rptiQ",
            "MOZ_GOOGLE_SAFEBROWSING_API_KEY": "AIzaSyC7jsptDS3am4tPx4r3nxis7IMjBc5Dovo",
            "MOZ_GRAPHENE": false,
            "MOZ_MACBUNDLE_NAME": "Firefox.app",
            "MOZ_MAINTENANCE_SERVICE": false,
            "MOZ_MOZILLA_API_KEY": "3b4d27dd-703d-4094-8398-4de2c763505a",
            "MOZ_NEW_CERT_STORAGE": false,
            "MOZ_NEW_NOTIFICATION_STORE": false,
            "MOZ_NEW_XULSTORE": false,
            "MOZ_OFFICIAL_BRANDING": false,
            "MOZ_PLACES": false,
            "MOZ_REQUIRE_SIGNING": false,
            "MOZ_SANDBOX": false,
            "MOZ_SERVICES_HEALTHREPORT": true,
            "MOZ_SERVICES_SYNC": false,
            "MOZ_SWITCHBOARD": true,
            "MOZ_SYSTEM_NSS": false,
            "MOZ_TELEMETRY_ON_BY_DEFAULT": false,
            "MOZ_TELEMETRY_REPORTING": true,
            "MOZ_UNSIGNED_SCOPES": 0,
            "MOZ_UPDATER": false,
            "MOZ_UPDATE_CHANNEL": "release",
            "MOZ_WEBRTC": true,
            "MOZ_WIDGET_GTK": false,
            "MOZ_WIDGET_TOOLKIT": "android",
            "NIGHTLY_BUILD": false,
            "OMNIJAR_NAME": "assets/omni.ja",
            "RELEASE_OR_BETA": true,
            "SOURCE_REVISION_URL": "https://hg.mozilla.org/releases/mozilla-esr68/rev/d2e0b9e17b9bc1ef02606c8006b73293f7892ad5",
            "TELEMETRY_PING_FORMAT_VERSION": 4,
            "XP_UNIX": true,
            "isPlatformAndVersionAtLeast": {},
            "isPlatformAndVersionAtMost": {},
            "platform": "android"
          },
          "asyncAppConstants": {
            "ACCESSIBILITY": true,
            "ANDROID_PACKAGE_NAME": "org.mozilla.firefox",
            "ASAN": false,
            "ASAN_REPORTER": false,
            "BROWSER_CHROME_URL": "chrome://browser/content/browser.xul",
            "DEBUG": false,
            "DEBUG_JS_MODULES": "",
            "DLL_PREFIX": "lib",
            "DLL_SUFFIX": ".so",
            "EARLY_BETA_OR_EARLIER": false,
            "FENNEC_NIGHTLY": false,
            "HAVE_SHELL_SERVICE": false,
            "HAVE_USR_LIB64_DIR": false,
            "MENUBAR_CAN_AUTOHIDE": false,
            "MOZILLA_OFFICIAL": true,
            "MOZ_ALLOW_LEGACY_EXTENSIONS": false,
            "MOZ_ANDROID_ACTIVITY_STREAM": false,
            "MOZ_ANDROID_HISTORY": true,
            "MOZ_ANDROID_MOZILLA_ONLINE": false,
            "MOZ_APP_NAME": "fennec",
            "MOZ_APP_VERSION": "68.1.1",
            "MOZ_APP_VERSION_DISPLAY": "68.1.1",
            "MOZ_BING_API_CLIENTID": "no-bing-api-clientid",
            "MOZ_BING_API_KEY": "no-bing-api-key",
            "MOZ_BITS_DOWNLOAD": false,
            "MOZ_BUILD_APP": "mobile/android",
            "MOZ_CODE_COVERAGE": false,
            "MOZ_CRASHREPORTER": true,
            "MOZ_DATA_REPORTING": true,
            "MOZ_DEV_EDITION": false,
            "MOZ_GECKO_PROFILER": true,
            "MOZ_GOOGLE_LOCATION_SERVICE_API_KEY": "AIzaSyB2h2OuRcUgy5N-5hsZqiPW6sH3n_rptiQ",
            "MOZ_GOOGLE_SAFEBROWSING_API_KEY": "AIzaSyC7jsptDS3am4tPx4r3nxis7IMjBc5Dovo",
            "MOZ_GRAPHENE": false,
            "MOZ_MACBUNDLE_NAME": "Firefox.app",
            "MOZ_MAINTENANCE_SERVICE": false,
            "MOZ_MOZILLA_API_KEY": "3b4d27dd-703d-4094-8398-4de2c763505a",
            "MOZ_NEW_CERT_STORAGE": false,
            "MOZ_NEW_NOTIFICATION_STORE": false,
            "MOZ_NEW_XULSTORE": false,
            "MOZ_OFFICIAL_BRANDING": false,
            "MOZ_PLACES": false,
            "MOZ_REQUIRE_SIGNING": false,
            "MOZ_SANDBOX": false,
            "MOZ_SERVICES_HEALTHREPORT": true,
            "MOZ_SERVICES_SYNC": false,
            "MOZ_SWITCHBOARD": true,
            "MOZ_SYSTEM_NSS": false,
            "MOZ_TELEMETRY_ON_BY_DEFAULT": false,
            "MOZ_TELEMETRY_REPORTING": true,
            "MOZ_UNSIGNED_SCOPES": 0,
            "MOZ_UPDATER": false,
            "MOZ_UPDATE_CHANNEL": "release",
            "MOZ_WEBRTC": true,
            "MOZ_WIDGET_GTK": false,
            "MOZ_WIDGET_TOOLKIT": "android",
            "NIGHTLY_BUILD": false,
            "OMNIJAR_NAME": "assets/omni.ja",
            "RELEASE_OR_BETA": true,
            "SOURCE_REVISION_URL": "https://hg.mozilla.org/releases/mozilla-esr68/rev/d2e0b9e17b9bc1ef02606c8006b73293f7892ad5",
            "TELEMETRY_PING_FORMAT_VERSION": 4,
            "XP_UNIX": true,
            "isPlatformAndVersionAtLeast": {},
            "isPlatformAndVersionAtMost": {},
            "platform": "android"
          },
          "userAgent": "Mozilla/5.0 (Android 8.1.0; Mobile; rv:68.0) Gecko/68.0 Firefox/68.0",
          "windowSize": "360x560"
        },
        "pageinfo": {
          "documentHeight": 3966,
          "documentSize": {
            "decodedBodySize": 235551,
            "encodedBodySize": 47229,
            "transferSize": 49568
          },
          "documentTitle": "MSN UAE | Latest News, Weather, Videos, Celebrity, Outlook, Skype, Hotmail",
          "documentWidth": 360,
          "domElements": 1287,
          "navigationStartTime": 1617062420568,
          "nextHopProtocol": "h2",
          "resources": {
            "count": 0,
            "duration": 0
          },
          "responsive": true,
          "url": "https://www.msn.com/en-ae/",
          "visualElements": {
            "heroes": [
              {
                "filename": "BB1alc8a.img?h=180&w=320&m=6&q=60&u=t&o=t&l=f&x=909&y=413",
                "height": 180,
                "name": "LargestImage",
                "width": 320,
                "x": 20,
                "y": 82
              },
              {
                "filename": "png;base64,iVBORw0KGgoAAAANSUhEUgAAAAEAAAABCAQAAAC1HAwCAAAAC0lEQVR42mNkYAAAAAYAAjCB0C8AAAAASUVORK5CYII=",
                "height": 1,
                "name": "TTVR.SearchBox",
                "width": 1,
                "x": 12,
                "y": 79
              },
              {
                "filename": "BB1f4vNN.img?h=180&w=320&m=6&q=60&u=t&o=t&l=f&x=1416&y=1423",
                "height": 180,
                "name": "TTVR.Infopane",
                "width": 320,
                "x": -300,
                "y": 82
              }
            ],
            "viewport": {
              "height": 560,
              "width": 360
            }
          }
        },
        "timings": {
          "firstPaint": 2147,
          "loadEventEnd": 9908,
          "navigationTiming": {
            "connectStart": 346,
            "domComplete": 9896,
            "domContentLoadedEventEnd": 2365,
            "domContentLoadedEventStart": 2351,
            "domInteractive": 2126,
            "domainLookupEnd": 346,
            "domainLookupStart": 346,
            "duration": 9908,
            "fetchStart": 346,
            "loadEventEnd": 9908,
            "loadEventStart": 9896,
            "redirectEnd": 343,
            "redirectStart": 2,
            "requestStart": 371,
            "responseEnd": 937,
            "responseStart": 937,
            "secureConnectionStart": 0,
            "startTime": 0,
            "unloadEventEnd": 0,
            "unloadEventStart": 0,
            "workerStart": 0
          },
          "pageTimings": {
            "backEndTime": 937,
            "domContentLoadedTime": 2351,
            "domInteractiveTime": 2126,
            "domainLookupTime": 0,
            "frontEndTime": 8959,
            "pageDownloadTime": 0,
            "pageLoadTime": 9896,
            "redirectionTime": 341,
            "serverConnectionTime": 0,
            "serverResponseTime": 566
          },
          "rumSpeedIndex": 937,
          "timeToContentfulPaint": 2329,
          "timeToDomContentFlushed": 2134,
          "userTimings": {
            "marks": [
              {
                "name": "TimeToImageLoadStart",
                "startTime": 1718.3
              },
              {
                "name": "TimeToImageLoadEnd",
                "startTime": 2105.9
              },
              {
                "name": "TimeToFirstSearchInteractive",
                "startTime": 2646.24
              },
              {
                "name": "TimeToLoadDeferredImagesStart0",
                "startTime": 10247.58
              },
              {
                "name": "TimeToLoadDeferredImagesEnd0",
                "startTime": 10310.42
              },
              {
                "name": "TimeToInfopaneInteractive",
                "startTime": 10925.38
              }
            ],
            "measures": [
              {
                "duration": 8954,
                "name": "TimeFordomComplete",
                "startTime": 941
              },
              {
                "duration": 1184,
                "name": "TimeFordomInteractive",
                "startTime": 941
              },
              {
                "duration": 387.60000000000014,
                "name": "TimeForImageLoad",
                "startTime": 1718.3
              },
              {
                "duration": 14,
                "name": "TimeFordomContentLoaded",
                "startTime": 2350
              },
              {
                "duration": 13,
                "name": "TimeForloadEvent",
                "startTime": 9895
              },
              {
                "duration": 62.840000000000146,
                "name": "TimeForLoadDeferredImages0",
                "startTime": 10247.58
              }
            ]
          }
        }
      },
      {
        "browser": {
          "appConstants": {
            "ACCESSIBILITY": true,
            "ANDROID_PACKAGE_NAME": "org.mozilla.firefox",
            "ASAN": false,
            "ASAN_REPORTER": false,
            "BROWSER_CHROME_URL": "chrome://browser/content/browser.xul",
            "DEBUG": false,
            "DEBUG_JS_MODULES": "",
            "DLL_PREFIX": "lib",
            "DLL_SUFFIX": ".so",
            "EARLY_BETA_OR_EARLIER": false,
            "FENNEC_NIGHTLY": false,
            "HAVE_SHELL_SERVICE": false,
            "HAVE_USR_LIB64_DIR": false,
            "MENUBAR_CAN_AUTOHIDE": false,
            "MOZILLA_OFFICIAL": true,
            "MOZ_ALLOW_LEGACY_EXTENSIONS": false,
            "MOZ_ANDROID_ACTIVITY_STREAM": false,
            "MOZ_ANDROID_HISTORY": true,
            "MOZ_ANDROID_MOZILLA_ONLINE": false,
            "MOZ_APP_NAME": "fennec",
            "MOZ_APP_VERSION": "68.1.1",
            "MOZ_APP_VERSION_DISPLAY": "68.1.1",
            "MOZ_BING_API_CLIENTID": "no-bing-api-clientid",
            "MOZ_BING_API_KEY": "no-bing-api-key",
            "MOZ_BITS_DOWNLOAD": false,
            "MOZ_BUILD_APP": "mobile/android",
            "MOZ_CODE_COVERAGE": false,
            "MOZ_CRASHREPORTER": true,
            "MOZ_DATA_REPORTING": true,
            "MOZ_DEV_EDITION": false,
            "MOZ_GECKO_PROFILER": true,
            "MOZ_GOOGLE_LOCATION_SERVICE_API_KEY": "AIzaSyB2h2OuRcUgy5N-5hsZqiPW6sH3n_rptiQ",
            "MOZ_GOOGLE_SAFEBROWSING_API_KEY": "AIzaSyC7jsptDS3am4tPx4r3nxis7IMjBc5Dovo",
            "MOZ_GRAPHENE": false,
            "MOZ_MACBUNDLE_NAME": "Firefox.app",
            "MOZ_MAINTENANCE_SERVICE": false,
            "MOZ_MOZILLA_API_KEY": "3b4d27dd-703d-4094-8398-4de2c763505a",
            "MOZ_NEW_CERT_STORAGE": false,
            "MOZ_NEW_NOTIFICATION_STORE": false,
            "MOZ_NEW_XULSTORE": false,
            "MOZ_OFFICIAL_BRANDING": false,
            "MOZ_PLACES": false,
            "MOZ_REQUIRE_SIGNING": false,
            "MOZ_SANDBOX": false,
            "MOZ_SERVICES_HEALTHREPORT": true,
            "MOZ_SERVICES_SYNC": false,
            "MOZ_SWITCHBOARD": true,
            "MOZ_SYSTEM_NSS": false,
            "MOZ_TELEMETRY_ON_BY_DEFAULT": false,
            "MOZ_TELEMETRY_REPORTING": true,
            "MOZ_UNSIGNED_SCOPES": 0,
            "MOZ_UPDATER": false,
            "MOZ_UPDATE_CHANNEL": "release",
            "MOZ_WEBRTC": true,
            "MOZ_WIDGET_GTK": false,
            "MOZ_WIDGET_TOOLKIT": "android",
            "NIGHTLY_BUILD": false,
            "OMNIJAR_NAME": "assets/omni.ja",
            "RELEASE_OR_BETA": true,
            "SOURCE_REVISION_URL": "https://hg.mozilla.org/releases/mozilla-esr68/rev/d2e0b9e17b9bc1ef02606c8006b73293f7892ad5",
            "TELEMETRY_PING_FORMAT_VERSION": 4,
            "XP_UNIX": true,
            "isPlatformAndVersionAtLeast": {},
            "isPlatformAndVersionAtMost": {},
            "platform": "android"
          },
          "asyncAppConstants": {
            "ACCESSIBILITY": true,
            "ANDROID_PACKAGE_NAME": "org.mozilla.firefox",
            "ASAN": false,
            "ASAN_REPORTER": false,
            "BROWSER_CHROME_URL": "chrome://browser/content/browser.xul",
            "DEBUG": false,
            "DEBUG_JS_MODULES": "",
            "DLL_PREFIX": "lib",
            "DLL_SUFFIX": ".so",
            "EARLY_BETA_OR_EARLIER": false,
            "FENNEC_NIGHTLY": false,
            "HAVE_SHELL_SERVICE": false,
            "HAVE_USR_LIB64_DIR": false,
            "MENUBAR_CAN_AUTOHIDE": false,
            "MOZILLA_OFFICIAL": true,
            "MOZ_ALLOW_LEGACY_EXTENSIONS": false,
            "MOZ_ANDROID_ACTIVITY_STREAM": false,
            "MOZ_ANDROID_HISTORY": true,
            "MOZ_ANDROID_MOZILLA_ONLINE": false,
            "MOZ_APP_NAME": "fennec",
            "MOZ_APP_VERSION": "68.1.1",
            "MOZ_APP_VERSION_DISPLAY": "68.1.1",
            "MOZ_BING_API_CLIENTID": "no-bing-api-clientid",
            "MOZ_BING_API_KEY": "no-bing-api-key",
            "MOZ_BITS_DOWNLOAD": false,
            "MOZ_BUILD_APP": "mobile/android",
            "MOZ_CODE_COVERAGE": false,
            "MOZ_CRASHREPORTER": true,
            "MOZ_DATA_REPORTING": true,
            "MOZ_DEV_EDITION": false,
            "MOZ_GECKO_PROFILER": true,
            "MOZ_GOOGLE_LOCATION_SERVICE_API_KEY": "AIzaSyB2h2OuRcUgy5N-5hsZqiPW6sH3n_rptiQ",
            "MOZ_GOOGLE_SAFEBROWSING_API_KEY": "AIzaSyC7jsptDS3am4tPx4r3nxis7IMjBc5Dovo",
            "MOZ_GRAPHENE": false,
            "MOZ_MACBUNDLE_NAME": "Firefox.app",
            "MOZ_MAINTENANCE_SERVICE": false,
            "MOZ_MOZILLA_API_KEY": "3b4d27dd-703d-4094-8398-4de2c763505a",
            "MOZ_NEW_CERT_STORAGE": false,
            "MOZ_NEW_NOTIFICATION_STORE": false,
            "MOZ_NEW_XULSTORE": false,
            "MOZ_OFFICIAL_BRANDING": false,
            "MOZ_PLACES": false,
            "MOZ_REQUIRE_SIGNING": false,
            "MOZ_SANDBOX": false,
            "MOZ_SERVICES_HEALTHREPORT": true,
            "MOZ_SERVICES_SYNC": false,
            "MOZ_SWITCHBOARD": true,
            "MOZ_SYSTEM_NSS": false,
            "MOZ_TELEMETRY_ON_BY_DEFAULT": false,
            "MOZ_TELEMETRY_REPORTING": true,
            "MOZ_UNSIGNED_SCOPES": 0,
            "MOZ_UPDATER": false,
            "MOZ_UPDATE_CHANNEL": "release",
            "MOZ_WEBRTC": true,
            "MOZ_WIDGET_GTK": false,
            "MOZ_WIDGET_TOOLKIT": "android",
            "NIGHTLY_BUILD": false,
            "OMNIJAR_NAME": "assets/omni.ja",
            "RELEASE_OR_BETA": true,
            "SOURCE_REVISION_URL": "https://hg.mozilla.org/releases/mozilla-esr68/rev/d2e0b9e17b9bc1ef02606c8006b73293f7892ad5",
            "TELEMETRY_PING_FORMAT_VERSION": 4,
            "XP_UNIX": true,
            "isPlatformAndVersionAtLeast": {},
            "isPlatformAndVersionAtMost": {},
            "platform": "android"
          },
          "userAgent": "Mozilla/5.0 (Android 8.1.0; Mobile; rv:68.0) Gecko/68.0 Firefox/68.0",
          "windowSize": "360x560"
        },
        "pageinfo": {
          "documentHeight": 3966,
          "documentSize": {
            "decodedBodySize": 235611,
            "encodedBodySize": 47513,
            "transferSize": 49851
          },
          "documentTitle": "MSN UAE | Latest News, Weather, Videos, Celebrity, Outlook, Skype, Hotmail",
          "documentWidth": 360,
          "domElements": 1286,
          "navigationStartTime": 1617062451485,
          "nextHopProtocol": "h2",
          "resources": {
            "count": 0,
            "duration": 0
          },
          "responsive": true,
          "url": "https://www.msn.com/en-ae/",
          "visualElements": {
            "heroes": [
              {
                "filename": "BB1f4ArS.img?h=180&w=320&m=6&q=60&u=t&o=t&l=f",
                "height": 180,
                "name": "LargestImage",
                "width": 320,
                "x": 20,
                "y": 82
              },
              {
                "filename": "png;base64,iVBORw0KGgoAAAANSUhEUgAAAAEAAAABCAQAAAC1HAwCAAAAC0lEQVR42mNkYAAAAAYAAjCB0C8AAAAASUVORK5CYII=",
                "height": 1,
                "name": "TTVR.SearchBox",
                "width": 1,
                "x": 12,
                "y": 79
              },
              {
                "filename": "BB1alc8a.img?h=180&w=320&m=6&q=60&u=t&o=t&l=f&x=909&y=413",
                "height": 180,
                "name": "TTVR.Infopane",
                "width": 320,
                "x": -300,
                "y": 82
              }
            ],
            "viewport": {
              "height": 560,
              "width": 360
            }
          }
        },
        "timings": {
          "firstPaint": 1721,
          "loadEventEnd": 9133,
          "navigationTiming": {
            "connectStart": 360,
            "domComplete": 9123,
            "domContentLoadedEventEnd": 1925,
            "domContentLoadedEventStart": 1913,
            "domInteractive": 1694,
            "domainLookupEnd": 360,
            "domainLookupStart": 360,
            "duration": 9133,
            "fetchStart": 360,
            "loadEventEnd": 9133,
            "loadEventStart": 9123,
            "redirectEnd": 357,
            "redirectStart": 3,
            "requestStart": 384,
            "responseEnd": 559,
            "responseStart": 559,
            "secureConnectionStart": 0,
            "startTime": 0,
            "unloadEventEnd": 0,
            "unloadEventStart": 0,
            "workerStart": 0
          },
          "pageTimings": {
            "backEndTime": 559,
            "domContentLoadedTime": 1913,
            "domInteractiveTime": 1694,
            "domainLookupTime": 0,
            "frontEndTime": 8564,
            "pageDownloadTime": 0,
            "pageLoadTime": 9123,
            "redirectionTime": 354,
            "serverConnectionTime": 0,
            "serverResponseTime": 175
          },
          "rumSpeedIndex": 559,
          "timeToContentfulPaint": 1906,
          "timeToDomContentFlushed": 1704,
          "userTimings": {
            "marks": [
              {
                "name": "TimeToImageLoadStart",
                "startTime": 1289.4
              },
              {
                "name": "TimeToImageLoadEnd",
                "startTime": 1674.72
              },
              {
                "name": "TimeToFirstSearchInteractive",
                "startTime": 2258.9
              },
              {
                "name": "TimeToLoadDeferredImagesStart0",
                "startTime": 9310.44
              },
              {
                "name": "TimeToLoadDeferredImagesEnd0",
                "startTime": 9383.68
              },
              {
                "name": "TimeToInfopaneInteractive",
                "startTime": 10616.76
              }
            ],
            "measures": [
              {
                "duration": 8560,
                "name": "TimeFordomComplete",
                "startTime": 562
              },
              {
                "duration": 1131,
                "name": "TimeFordomInteractive",
                "startTime": 562
              },
              {
                "duration": 385.31999999999994,
                "name": "TimeForImageLoad",
                "startTime": 1289.4
              },
              {
                "duration": 13,
                "name": "TimeFordomContentLoaded",
                "startTime": 1912
              },
              {
                "duration": 9,
                "name": "TimeForloadEvent",
                "startTime": 9123
              },
              {
                "duration": 73.23999999999978,
                "name": "TimeForLoadDeferredImages0",
                "startTime": 9310.44
              }
            ]
          }
        }
      },
      {
        "browser": {
          "appConstants": {
            "ACCESSIBILITY": true,
            "ANDROID_PACKAGE_NAME": "org.mozilla.firefox",
            "ASAN": false,
            "ASAN_REPORTER": false,
            "BROWSER_CHROME_URL": "chrome://browser/content/browser.xul",
            "DEBUG": false,
            "DEBUG_JS_MODULES": "",
            "DLL_PREFIX": "lib",
            "DLL_SUFFIX": ".so",
            "EARLY_BETA_OR_EARLIER": false,
            "FENNEC_NIGHTLY": false,
            "HAVE_SHELL_SERVICE": false,
            "HAVE_USR_LIB64_DIR": false,
            "MENUBAR_CAN_AUTOHIDE": false,
            "MOZILLA_OFFICIAL": true,
            "MOZ_ALLOW_LEGACY_EXTENSIONS": false,
            "MOZ_ANDROID_ACTIVITY_STREAM": false,
            "MOZ_ANDROID_HISTORY": true,
            "MOZ_ANDROID_MOZILLA_ONLINE": false,
            "MOZ_APP_NAME": "fennec",
            "MOZ_APP_VERSION": "68.1.1",
            "MOZ_APP_VERSION_DISPLAY": "68.1.1",
            "MOZ_BING_API_CLIENTID": "no-bing-api-clientid",
            "MOZ_BING_API_KEY": "no-bing-api-key",
            "MOZ_BITS_DOWNLOAD": false,
            "MOZ_BUILD_APP": "mobile/android",
            "MOZ_CODE_COVERAGE": false,
            "MOZ_CRASHREPORTER": true,
            "MOZ_DATA_REPORTING": true,
            "MOZ_DEV_EDITION": false,
            "MOZ_GECKO_PROFILER": true,
            "MOZ_GOOGLE_LOCATION_SERVICE_API_KEY": "AIzaSyB2h2OuRcUgy5N-5hsZqiPW6sH3n_rptiQ",
            "MOZ_GOOGLE_SAFEBROWSING_API_KEY": "AIzaSyC7jsptDS3am4tPx4r3nxis7IMjBc5Dovo",
            "MOZ_GRAPHENE": false,
            "MOZ_MACBUNDLE_NAME": "Firefox.app",
            "MOZ_MAINTENANCE_SERVICE": false,
            "MOZ_MOZILLA_API_KEY": "3b4d27dd-703d-4094-8398-4de2c763505a",
            "MOZ_NEW_CERT_STORAGE": false,
            "MOZ_NEW_NOTIFICATION_STORE": false,
            "MOZ_NEW_XULSTORE": false,
            "MOZ_OFFICIAL_BRANDING": false,
            "MOZ_PLACES": false,
            "MOZ_REQUIRE_SIGNING": false,
            "MOZ_SANDBOX": false,
            "MOZ_SERVICES_HEALTHREPORT": true,
            "MOZ_SERVICES_SYNC": false,
            "MOZ_SWITCHBOARD": true,
            "MOZ_SYSTEM_NSS": false,
            "MOZ_TELEMETRY_ON_BY_DEFAULT": false,
            "MOZ_TELEMETRY_REPORTING": true,
            "MOZ_UNSIGNED_SCOPES": 0,
            "MOZ_UPDATER": false,
            "MOZ_UPDATE_CHANNEL": "release",
            "MOZ_WEBRTC": true,
            "MOZ_WIDGET_GTK": false,
            "MOZ_WIDGET_TOOLKIT": "android",
            "NIGHTLY_BUILD": false,
            "OMNIJAR_NAME": "assets/omni.ja",
            "RELEASE_OR_BETA": true,
            "SOURCE_REVISION_URL": "https://hg.mozilla.org/releases/mozilla-esr68/rev/d2e0b9e17b9bc1ef02606c8006b73293f7892ad5",
            "TELEMETRY_PING_FORMAT_VERSION": 4,
            "XP_UNIX": true,
            "isPlatformAndVersionAtLeast": {},
            "isPlatformAndVersionAtMost": {},
            "platform": "android"
          },
          "asyncAppConstants": {
            "ACCESSIBILITY": true,
            "ANDROID_PACKAGE_NAME": "org.mozilla.firefox",
            "ASAN": false,
            "ASAN_REPORTER": false,
            "BROWSER_CHROME_URL": "chrome://browser/content/browser.xul",
            "DEBUG": false,
            "DEBUG_JS_MODULES": "",
            "DLL_PREFIX": "lib",
            "DLL_SUFFIX": ".so",
            "EARLY_BETA_OR_EARLIER": false,
            "FENNEC_NIGHTLY": false,
            "HAVE_SHELL_SERVICE": false,
            "HAVE_USR_LIB64_DIR": false,
            "MENUBAR_CAN_AUTOHIDE": false,
            "MOZILLA_OFFICIAL": true,
            "MOZ_ALLOW_LEGACY_EXTENSIONS": false,
            "MOZ_ANDROID_ACTIVITY_STREAM": false,
            "MOZ_ANDROID_HISTORY": true,
            "MOZ_ANDROID_MOZILLA_ONLINE": false,
            "MOZ_APP_NAME": "fennec",
            "MOZ_APP_VERSION": "68.1.1",
            "MOZ_APP_VERSION_DISPLAY": "68.1.1",
            "MOZ_BING_API_CLIENTID": "no-bing-api-clientid",
            "MOZ_BING_API_KEY": "no-bing-api-key",
            "MOZ_BITS_DOWNLOAD": false,
            "MOZ_BUILD_APP": "mobile/android",
            "MOZ_CODE_COVERAGE": false,
            "MOZ_CRASHREPORTER": true,
            "MOZ_DATA_REPORTING": true,
            "MOZ_DEV_EDITION": false,
            "MOZ_GECKO_PROFILER": true,
            "MOZ_GOOGLE_LOCATION_SERVICE_API_KEY": "AIzaSyB2h2OuRcUgy5N-5hsZqiPW6sH3n_rptiQ",
            "MOZ_GOOGLE_SAFEBROWSING_API_KEY": "AIzaSyC7jsptDS3am4tPx4r3nxis7IMjBc5Dovo",
            "MOZ_GRAPHENE": false,
            "MOZ_MACBUNDLE_NAME": "Firefox.app",
            "MOZ_MAINTENANCE_SERVICE": false,
            "MOZ_MOZILLA_API_KEY": "3b4d27dd-703d-4094-8398-4de2c763505a",
            "MOZ_NEW_CERT_STORAGE": false,
            "MOZ_NEW_NOTIFICATION_STORE": false,
            "MOZ_NEW_XULSTORE": false,
            "MOZ_OFFICIAL_BRANDING": false,
            "MOZ_PLACES": false,
            "MOZ_REQUIRE_SIGNING": false,
            "MOZ_SANDBOX": false,
            "MOZ_SERVICES_HEALTHREPORT": true,
            "MOZ_SERVICES_SYNC": false,
            "MOZ_SWITCHBOARD": true,
            "MOZ_SYSTEM_NSS": false,
            "MOZ_TELEMETRY_ON_BY_DEFAULT": false,
            "MOZ_TELEMETRY_REPORTING": true,
            "MOZ_UNSIGNED_SCOPES": 0,
            "MOZ_UPDATER": false,
            "MOZ_UPDATE_CHANNEL": "release",
            "MOZ_WEBRTC": true,
            "MOZ_WIDGET_GTK": false,
            "MOZ_WIDGET_TOOLKIT": "android",
            "NIGHTLY_BUILD": false,
            "OMNIJAR_NAME": "assets/omni.ja",
            "RELEASE_OR_BETA": true,
            "SOURCE_REVISION_URL": "https://hg.mozilla.org/releases/mozilla-esr68/rev/d2e0b9e17b9bc1ef02606c8006b73293f7892ad5",
            "TELEMETRY_PING_FORMAT_VERSION": 4,
            "XP_UNIX": true,
            "isPlatformAndVersionAtLeast": {},
            "isPlatformAndVersionAtMost": {},
            "platform": "android"
          },
          "userAgent": "Mozilla/5.0 (Android 8.1.0; Mobile; rv:68.0) Gecko/68.0 Firefox/68.0",
          "windowSize": "360x560"
        },
        "pageinfo": {
          "documentHeight": 3966,
          "documentSize": {
            "decodedBodySize": 235482,
            "encodedBodySize": 47490,
            "transferSize": 49828
          },
          "documentTitle": "MSN UAE | Latest News, Weather, Videos, Celebrity, Outlook, Skype, Hotmail",
          "documentWidth": 360,
          "domElements": 1286,
          "navigationStartTime": 1617062483702,
          "nextHopProtocol": "h2",
          "resources": {
            "count": 0,
            "duration": 0
          },
          "responsive": true,
          "url": "https://www.msn.com/en-ae/",
          "visualElements": {
            "heroes": [
              {
                "filename": "BB1f4ArS.img?h=180&w=320&m=6&q=60&u=t&o=t&l=f",
                "height": 180,
                "name": "LargestImage",
                "width": 320,
                "x": 20,
                "y": 82
              },
              {
                "filename": "png;base64,iVBORw0KGgoAAAANSUhEUgAAAAEAAAABCAQAAAC1HAwCAAAAC0lEQVR42mNkYAAAAAYAAjCB0C8AAAAASUVORK5CYII=",
                "height": 1,
                "name": "TTVR.SearchBox",
                "width": 1,
                "x": 12,
                "y": 79
              },
              {
                "filename": "BB1alc8a.img?h=180&w=320&m=6&q=60&u=t&o=t&l=f&x=909&y=413",
                "height": 180,
                "name": "TTVR.Infopane",
                "width": 320,
                "x": -300,
                "y": 82
              }
            ],
            "viewport": {
              "height": 560,
              "width": 360
            }
          }
        },
        "timings": {
          "firstPaint": 1707,
          "loadEventEnd": 8625,
          "navigationTiming": {
            "connectStart": 348,
            "domComplete": 8611,
            "domContentLoadedEventEnd": 1909,
            "domContentLoadedEventStart": 1896,
            "domInteractive": 1678,
            "domainLookupEnd": 348,
            "domainLookupStart": 348,
            "duration": 8625,
            "fetchStart": 348,
            "loadEventEnd": 8625,
            "loadEventStart": 8611,
            "redirectEnd": 345,
            "redirectStart": 3,
            "requestStart": 369,
            "responseEnd": 548,
            "responseStart": 548,
            "secureConnectionStart": 0,
            "startTime": 0,
            "unloadEventEnd": 0,
            "unloadEventStart": 0,
            "workerStart": 0
          },
          "pageTimings": {
            "backEndTime": 548,
            "domContentLoadedTime": 1896,
            "domInteractiveTime": 1678,
            "domainLookupTime": 0,
            "frontEndTime": 8063,
            "pageDownloadTime": 0,
            "pageLoadTime": 8611,
            "redirectionTime": 342,
            "serverConnectionTime": 0,
            "serverResponseTime": 180
          },
          "rumSpeedIndex": 548,
          "timeToContentfulPaint": 1894,
          "timeToDomContentFlushed": 1690,
          "userTimings": {
            "marks": [
              {
                "name": "TimeToImageLoadStart",
                "startTime": 1296.52
              },
              {
                "name": "TimeToImageLoadEnd",
                "startTime": 1659.78
              },
              {
                "name": "TimeToFirstSearchInteractive",
                "startTime": 2179.2
              },
              {
                "name": "TimeToLoadDeferredImagesStart0",
                "startTime": 8874.32
              },
              {
                "name": "TimeToLoadDeferredImagesEnd0",
                "startTime": 8938.4
              },
              {
                "name": "TimeToInfopaneInteractive",
                "startTime": 9699.2
              }
            ],
            "measures": [
              {
                "duration": 8057,
                "name": "TimeFordomComplete",
                "startTime": 554
              },
              {
                "duration": 1124,
                "name": "TimeFordomInteractive",
                "startTime": 554
              },
              {
                "duration": 363.26,
                "name": "TimeForImageLoad",
                "startTime": 1296.52
              },
              {
                "duration": 12,
                "name": "TimeFordomContentLoaded",
                "startTime": 1896
              },
              {
                "duration": 13,
                "name": "TimeForloadEvent",
                "startTime": 8611
              },
              {
                "duration": 64.07999999999993,
                "name": "TimeForLoadDeferredImages0",
                "startTime": 8874.32
              }
            ]
          }
        }
      }
    ],
    "visualMetrics": [],
    "cpu": [],
    "extras": [
      {},
      {},
      {}
    ],
    "fullyLoaded": [],
    "errors": [
      [],
      [],
      []
    ],
    "statistics": {
      "browser": {
        "appConstants": {
          "MOZ_UNSIGNED_SCOPES": {
            "median": 0,
            "mean": 0,
            "mdev": 0,
            "stddev": 0,
            "min": 0,
            "p10": 0,
            "p90": 0,
            "p99": 0,
            "max": 0
          },
          "TELEMETRY_PING_FORMAT_VERSION": {
            "median": 4,
            "mean": 4,
            "mdev": 0,
            "stddev": 0,
            "min": 4,
            "p10": 4,
            "p90": 4,
            "p99": 4,
            "max": 4
          }
        },
        "asyncAppConstants": {
          "MOZ_UNSIGNED_SCOPES": {
            "median": 0,
            "mean": 0,
            "mdev": 0,
            "stddev": 0,
            "min": 0,
            "p10": 0,
            "p90": 0,
            "p99": 0,
            "max": 0
          },
          "TELEMETRY_PING_FORMAT_VERSION": {
            "median": 4,
            "mean": 4,
            "mdev": 0,
            "stddev": 0,
            "min": 4,
            "p10": 4,
            "p90": 4,
            "p99": 4,
            "max": 4
          }
        }
      },
      "pageinfo": {
        "documentHeight": {
          "median": 3966,
          "mean": 3966,
          "mdev": 0,
          "stddev": 0,
          "min": 3966,
          "p10": 3966,
          "p90": 3966,
          "p99": 3966,
          "max": 3966
        },
        "documentSize": {
          "decodedBodySize": {
            "median": 235551,
            "mean": 235548,
            "mdev": 30.4302,
            "stddev": 53,
            "min": 235482,
            "p10": 235482,
            "p90": 235611,
            "p99": 235611,
            "max": 235611
          },
          "encodedBodySize": {
            "median": 47490,
            "mean": 47411,
            "mdev": 74.363,
            "stddev": 129,
            "min": 47229,
            "p10": 47229,
            "p90": 47513,
            "p99": 47513,
            "max": 47513
          },
          "transferSize": {
            "median": 49828,
            "mean": 49749,
            "mdev": 74.0915,
            "stddev": 128,
            "min": 49568,
            "p10": 49568,
            "p90": 49851,
            "p99": 49851,
            "max": 49851
          }
        },
        "documentWidth": {
          "median": 360,
          "mean": 360,
          "mdev": 0,
          "stddev": 0,
          "min": 360,
          "p10": 360,
          "p90": 360,
          "p99": 360,
          "max": 360
        },
        "domElements": {
          "median": 1286,
          "mean": 1286,
          "mdev": 0.2722,
          "stddev": 0,
          "min": 1286,
          "p10": 1286,
          "p90": 1287,
          "p99": 1287,
          "max": 1287
        },
        "navigationStartTime": {
          "median": 1617062451485,
          "mean": 1617062451918,
          "mdev": 0,
          "stddev": 0,
          "min": 1617062420568,
          "p10": 1617062420568,
          "p90": 1617062483702,
          "p99": 1617062483702,
          "max": 1617062483702
        },
        "resources": {
          "count": {
            "median": 0,
            "mean": 0,
            "mdev": 0,
            "stddev": 0,
            "min": 0,
            "p10": 0,
            "p90": 0,
            "p99": 0,
            "max": 0
          },
          "duration": {
            "median": 0,
            "mean": 0,
            "mdev": 0,
            "stddev": 0,
            "min": 0,
            "p10": 0,
            "p90": 0,
            "p99": 0,
            "max": 0
          }
        },
        "visualElements": {
          "heroes": [
            {
              "height": {
                "median": 180,
                "mean": 180,
                "mdev": 0,
                "stddev": 0,
                "min": 180,
                "p10": 180,
                "p90": 180,
                "p99": 180,
                "max": 180
              },
              "width": {
                "median": 320,
                "mean": 320,
                "mdev": 0,
                "stddev": 0,
                "min": 320,
                "p10": 320,
                "p90": 320,
                "p99": 320,
                "max": 320
              },
              "x": {
                "median": 20,
                "mean": 20,
                "mdev": 0,
                "stddev": 0,
                "min": 20,
                "p10": 20,
                "p90": 20,
                "p99": 20,
                "max": 20
              },
              "y": {
                "median": 82,
                "mean": 82,
                "mdev": 0,
                "stddev": 0,
                "min": 82,
                "p10": 82,
                "p90": 82,
                "p99": 82,
                "max": 82
              }
            },
            {
              "height": {
                "median": 1,
                "mean": 1,
                "mdev": 0,
                "stddev": 0,
                "min": 1,
                "p10": 1,
                "p90": 1,
                "p99": 1,
                "max": 1
              },
              "width": {
                "median": 1,
                "mean": 1,
                "mdev": 0,
                "stddev": 0,
                "min": 1,
                "p10": 1,
                "p90": 1,
                "p99": 1,
                "max": 1
              },
              "x": {
                "median": 12,
                "mean": 12,
                "mdev": 0,
                "stddev": 0,
                "min": 12,
                "p10": 12,
                "p90": 12,
                "p99": 12,
                "max": 12
              },
              "y": {
                "median": 79,
                "mean": 79,
                "mdev": 0,
                "stddev": 0,
                "min": 79,
                "p10": 79,
                "p90": 79,
                "p99": 79,
                "max": 79
              }
            },
            {
              "height": {
                "median": 180,
                "mean": 180,
                "mdev": 0,
                "stddev": 0,
                "min": 180,
                "p10": 180,
                "p90": 180,
                "p99": 180,
                "max": 180
              },
              "width": {
                "median": 320,
                "mean": 320,
                "mdev": 0,
                "stddev": 0,
                "min": 320,
                "p10": 320,
                "p90": 320,
                "p99": 320,
                "max": 320
              },
              "x": {
                "median": -300,
                "mean": -300,
                "mdev": 0,
                "stddev": 0,
                "min": -300,
                "p10": -300,
                "p90": -300,
                "p99": -300,
                "max": -300
              },
              "y": {
                "median": 82,
                "mean": 82,
                "mdev": 0,
                "stddev": 0,
                "min": 82,
                "p10": 82,
                "p90": 82,
                "p99": 82,
                "max": 82
              }
            }
          ],
          "viewport": {
            "height": {
              "median": 560,
              "mean": 560,
              "mdev": 0,
              "stddev": 0,
              "min": 560,
              "p10": 560,
              "p90": 560,
              "p99": 560,
              "max": 560
            },
            "width": {
              "median": 360,
              "mean": 360,
              "mdev": 0,
              "stddev": 0,
              "min": 360,
              "p10": 360,
              "p90": 360,
              "p99": 360,
              "max": 360
            }
          }
        }
      },
      "timings": {
        "firstPaint": {
          "median": 1721,
          "mean": 1858,
          "mdev": 117.8939,
          "stddev": 204,
          "min": 1707,
          "p10": 1707,
          "p90": 2147,
          "p99": 2147,
          "max": 2147
        },
        "loadEventEnd": {
          "median": 9133,
          "mean": 9222,
          "mdev": 304.581,
          "stddev": 528,
          "min": 8625,
          "p10": 8625,
          "p90": 9908,
          "p99": 9908,
          "max": 9908
        },
        "navigationTiming": {
          "connectStart": {
            "median": 348,
            "mean": 351,
            "mdev": 3.5694,
            "stddev": 6,
            "min": 346,
            "p10": 346,
            "p90": 360,
            "p99": 360,
            "max": 360
          },
          "domComplete": {
            "median": 9123,
            "mean": 9210,
            "mdev": 304.9528,
            "stddev": 528,
            "min": 8611,
            "p10": 8611,
            "p90": 9896,
            "p99": 9896,
            "max": 9896
          },
          "domContentLoadedEventEnd": {
            "median": 1925,
            "mean": 2066,
            "mdev": 121.9885,
            "stddev": 211,
            "min": 1909,
            "p10": 1909,
            "p90": 2365,
            "p99": 2365,
            "max": 2365
          },
          "domContentLoadedEventStart": {
            "median": 1913,
            "mean": 2053,
            "mdev": 121.588,
            "stddev": 211,
            "min": 1896,
            "p10": 1896,
            "p90": 2351,
            "p99": 2351,
            "max": 2351
          },
          "domInteractive": {
            "median": 1694,
            "mean": 1833,
            "mdev": 119.8122,
            "stddev": 208,
            "min": 1678,
            "p10": 1678,
            "p90": 2126,
            "p99": 2126,
            "max": 2126
          },
          "domainLookupEnd": {
            "median": 348,
            "mean": 351,
            "mdev": 3.5694,
            "stddev": 6,
            "min": 346,
            "p10": 346,
            "p90": 360,
            "p99": 360,
            "max": 360
          },
          "domainLookupStart": {
            "median": 348,
            "mean": 351,
            "mdev": 3.5694,
            "stddev": 6,
            "min": 346,
            "p10": 346,
            "p90": 360,
            "p99": 360,
            "max": 360
          },
          "duration": {
            "median": 9133,
            "mean": 9222,
            "mdev": 304.581,
            "stddev": 528,
            "min": 8625,
            "p10": 8625,
            "p90": 9908,
            "p99": 9908,
            "max": 9908
          },
          "fetchStart": {
            "median": 348,
            "mean": 351,
            "mdev": 3.5694,
            "stddev": 6,
            "min": 346,
            "p10": 346,
            "p90": 360,
            "p99": 360,
            "max": 360
          },
          "loadEventEnd": {
            "median": 9133,
            "mean": 9222,
            "mdev": 304.581,
            "stddev": 528,
            "min": 8625,
            "p10": 8625,
            "p90": 9908,
            "p99": 9908,
            "max": 9908
          },
          "loadEventStart": {
            "median": 9123,
            "mean": 9210,
            "mdev": 304.9528,
            "stddev": 528,
            "min": 8611,
            "p10": 8611,
            "p90": 9896,
            "p99": 9896,
            "max": 9896
          },
          "redirectEnd": {
            "median": 345,
            "mean": 348,
            "mdev": 3.5694,
            "stddev": 6,
            "min": 343,
            "p10": 343,
            "p90": 357,
            "p99": 357,
            "max": 357
          },
          "redirectStart": {
            "median": 3,
            "mean": 3,
            "mdev": 0.2722,
            "stddev": 0,
            "min": 2,
            "p10": 2,
            "p90": 3,
            "p99": 3,
            "max": 3
          },
          "requestStart": {
            "median": 371,
            "mean": 375,
            "mdev": 3.8394,
            "stddev": 7,
            "min": 369,
            "p10": 369,
            "p90": 384,
            "p99": 384,
            "max": 384
          },
          "responseEnd": {
            "median": 559,
            "mean": 681,
            "mdev": 104.4077,
            "stddev": 181,
            "min": 548,
            "p10": 548,
            "p90": 937,
            "p99": 937,
            "max": 937
          },
          "responseStart": {
            "median": 559,
            "mean": 681,
            "mdev": 104.4077,
            "stddev": 181,
            "min": 548,
            "p10": 548,
            "p90": 937,
            "p99": 937,
            "max": 937
          },
          "secureConnectionStart": {
            "median": 0,
            "mean": 0,
            "mdev": 0,
            "stddev": 0,
            "min": 0,
            "p10": 0,
            "p90": 0,
            "p99": 0,
            "max": 0
          },
          "startTime": {
            "median": 0,
            "mean": 0,
            "mdev": 0,
            "stddev": 0,
            "min": 0,
            "p10": 0,
            "p90": 0,
            "p99": 0,
            "max": 0
          },
          "unloadEventEnd": {
            "median": 0,
            "mean": 0,
            "mdev": 0,
            "stddev": 0,
            "min": 0,
            "p10": 0,
            "p90": 0,
            "p99": 0,
            "max": 0
          },
          "unloadEventStart": {
            "median": 0,
            "mean": 0,
            "mdev": 0,
            "stddev": 0,
            "min": 0,
            "p10": 0,
            "p90": 0,
            "p99": 0,
            "max": 0
          },
          "workerStart": {
            "median": 0,
            "mean": 0,
            "mdev": 0,
            "stddev": 0,
            "min": 0,
            "p10": 0,
            "p90": 0,
            "p99": 0,
            "max": 0
          }
        },
        "pageTimings": {
          "backEndTime": {
            "median": 559,
            "mean": 681,
            "mdev": 104.4077,
            "stddev": 181,
            "min": 548,
            "p10": 548,
            "p90": 937,
            "p99": 937,
            "max": 937
          },
          "domContentLoadedTime": {
            "median": 1913,
            "mean": 2053,
            "mdev": 121.588,
            "stddev": 211,
            "min": 1896,
            "p10": 1896,
            "p90": 2351,
            "p99": 2351,
            "max": 2351
          },
          "domInteractiveTime": {
            "median": 1694,
            "mean": 1833,
            "mdev": 119.8122,
            "stddev": 208,
            "min": 1678,
            "p10": 1678,
            "p90": 2126,
            "p99": 2126,
            "max": 2126
          },
          "domainLookupTime": {
            "median": 0,
            "mean": 0,
            "mdev": 0,
            "stddev": 0,
            "min": 0,
            "p10": 0,
            "p90": 0,
            "p99": 0,
            "max": 0
          },
          "frontEndTime": {
            "median": 8564,
            "mean": 8529,
            "mdev": 211.6813,
            "stddev": 367,
            "min": 8063,
            "p10": 8063,
            "p90": 8959,
            "p99": 8959,
            "max": 8959
          },
          "pageDownloadTime": {
            "median": 0,
            "mean": 0,
            "mdev": 0,
            "stddev": 0,
            "min": 0,
            "p10": 0,
            "p90": 0,
            "p99": 0,
            "max": 0
          },
          "pageLoadTime": {
            "median": 9123,
            "mean": 9210,
            "mdev": 304.9528,
            "stddev": 528,
            "min": 8611,
            "p10": 8611,
            "p90": 9896,
            "p99": 9896,
            "max": 9896
          },
          "redirectionTime": {
            "median": 342,
            "mean": 346,
            "mdev": 3.4102,
            "stddev": 6,
            "min": 341,
            "p10": 341,
            "p90": 354,
            "p99": 354,
            "max": 354
          },
          "serverConnectionTime": {
            "median": 0,
            "mean": 0,
            "mdev": 0,
            "stddev": 0,
            "min": 0,
            "p10": 0,
            "p90": 0,
            "p99": 0,
            "max": 0
          },
          "serverResponseTime": {
            "median": 180,
            "mean": 307,
            "mdev": 105.7429,
            "stddev": 183,
            "min": 175,
            "p10": 175,
            "p90": 566,
            "p99": 566,
            "max": 566
          }
        },
        "rumSpeedIndex": {
          "median": 559,
          "mean": 681,
          "mdev": 104.4077,
          "stddev": 181,
          "min": 548,
          "p10": 548,
          "p90": 937,
          "p99": 937,
          "max": 937
        },
        "timeToContentfulPaint": {
          "median": 1906,
          "mean": 2043,
          "mdev": 116.7933,
          "stddev": 202,
          "min": 1894,
          "p10": 1894,
          "p90": 2329,
          "p99": 2329,
          "max": 2329
        },
        "timeToDomContentFlushed": {
          "median": 1704,
          "mean": 1843,
          "mdev": 118.9821,
          "stddev": 206,
          "min": 1690,
          "p10": 1690,
          "p90": 2134,
          "p99": 2134,
          "max": 2134
        },
        "userTimings": {
          "marks": {
            "TimeToImageLoadStart": {
              "median": 1297,
              "mean": 1435,
              "mdev": 115.775,
              "stddev": 201,
              "min": 1289,
              "p10": 1289,
              "p90": 1718,
              "p99": 1718,
              "max": 1718
            },
            "TimeToImageLoadEnd": {
              "median": 1675,
              "mean": 1813,
              "mdev": 119.4373,
              "stddev": 207,
              "min": 1660,
              "p10": 1660,
              "p90": 2106,
              "p99": 2106,
              "max": 2106
            },
            "TimeToFirstSearchInteractive": {
              "median": 2259,
              "mean": 2361,
              "mdev": 117.7742,
              "stddev": 204,
              "min": 2179,
              "p10": 2179,
              "p90": 2646,
              "p99": 2646,
              "max": 2646
            },
            "TimeToLoadDeferredImagesStart0": {
              "median": 9310,
              "mean": 9477,
              "mdev": 330.7833,
              "stddev": 573,
              "min": 8874,
              "p10": 8874,
              "p90": 10248,
              "p99": 10248,
              "max": 10248
            },
            "TimeToLoadDeferredImagesEnd0": {
              "median": 9384,
              "mean": 9544,
              "mdev": 329.9585,
              "stddev": 572,
              "min": 8938,
              "p10": 8938,
              "p90": 10310,
              "p99": 10310,
              "max": 10310
            },
            "TimeToInfopaneInteractive": {
              "median": 10617,
              "mean": 10414,
              "mdev": 300.6585,
              "stddev": 521,
              "min": 9699,
              "p10": 9699,
              "p90": 10925,
              "p99": 10925,
              "max": 10925
            }
          },
          "measures": {
            "TimeFordomComplete": {
              "median": 8560,
              "mean": 8524,
              "mdev": 211.9446,
              "stddev": 367,
              "min": 8057,
              "p10": 8057,
              "p90": 8954,
              "p99": 8954,
              "max": 8954
            },
            "TimeFordomInteractive": {
              "median": 1131,
              "mean": 1146,
              "mdev": 15.4656,
              "stddev": 27,
              "min": 1124,
              "p10": 1124,
              "p90": 1184,
              "p99": 1184,
              "max": 1184
            },
            "TimeForImageLoad": {
              "median": 385,
              "mean": 379,
              "mdev": 6.3371,
              "stddev": 11,
              "min": 363,
              "p10": 363,
              "p90": 388,
              "p99": 388,
              "max": 388
            },
            "TimeFordomContentLoaded": {
              "median": 13,
              "mean": 13,
              "mdev": 0.4714,
              "stddev": 1,
              "min": 12,
              "p10": 12,
              "p90": 14,
              "p99": 14,
              "max": 14
            },
            "TimeForloadEvent": {
              "median": 13,
              "mean": 12,
              "mdev": 1.0887,
              "stddev": 2,
              "min": 9,
              "p10": 9,
              "p90": 13,
              "p99": 13,
              "max": 13
            },
            "TimeForLoadDeferredImages0": {
              "median": 64,
              "mean": 67,
              "mdev": 2.6778,
              "stddev": 5,
              "min": 63,
              "p10": 63,
              "p90": 73,
              "p99": 73,
              "max": 73
            }
          }
        }
      }
    }
  }
]