[
  {
    "info": {
      "browsertime": {
        "version": "8.4.0"
      },
      "url": "https://www.sina.com.cn/",
      "timestamp": "2021-03-30T15:18:13+04:00",
      "connectivity": {
        "engine": "external",
        "profile": "native"
      },
      "extra": {}
    },
    "files": {
      "video": [],
      "screenshot": [],
      "timeline": [],
      "consoleLog": [],
      "netLog": [],
      "perfLog": []
    },
    "cdp": {
      "performance": []
    },
    "timestamps": [
      "2021-03-30T15:00:53+04:00",
      "2021-03-30T15:18:20+04:00",
      "2021-03-30T15:20:10+04:00"
    ],
    "browserScripts": [
      {
        "browser": {
          "appConstants": {
            "ACCESSIBILITY": true,
            "ANDROID_PACKAGE_NAME": "org.mozilla.firefox",
            "ASAN": false,
            "ASAN_REPORTER": false,
            "BROWSER_CHROME_URL": "chrome://browser/content/browser.xul",
            "DEBUG": false,
            "DEBUG_JS_MODULES": "",
            "DLL_PREFIX": "lib",
            "DLL_SUFFIX": ".so",
            "EARLY_BETA_OR_EARLIER": false,
            "FENNEC_NIGHTLY": false,
            "HAVE_SHELL_SERVICE": false,
            "HAVE_USR_LIB64_DIR": false,
            "MENUBAR_CAN_AUTOHIDE": false,
            "MOZILLA_OFFICIAL": true,
            "MOZ_ALLOW_LEGACY_EXTENSIONS": false,
            "MOZ_ANDROID_ACTIVITY_STREAM": false,
            "MOZ_ANDROID_HISTORY": true,
            "MOZ_ANDROID_MOZILLA_ONLINE": false,
            "MOZ_APP_NAME": "fennec",
            "MOZ_APP_VERSION": "68.1.1",
            "MOZ_APP_VERSION_DISPLAY": "68.1.1",
            "MOZ_BING_API_CLIENTID": "no-bing-api-clientid",
            "MOZ_BING_API_KEY": "no-bing-api-key",
            "MOZ_BITS_DOWNLOAD": false,
            "MOZ_BUILD_APP": "mobile/android",
            "MOZ_CODE_COVERAGE": false,
            "MOZ_CRASHREPORTER": true,
            "MOZ_DATA_REPORTING": true,
            "MOZ_DEV_EDITION": false,
            "MOZ_GECKO_PROFILER": true,
            "MOZ_GOOGLE_LOCATION_SERVICE_API_KEY": "AIzaSyB2h2OuRcUgy5N-5hsZqiPW6sH3n_rptiQ",
            "MOZ_GOOGLE_SAFEBROWSING_API_KEY": "AIzaSyC7jsptDS3am4tPx4r3nxis7IMjBc5Dovo",
            "MOZ_GRAPHENE": false,
            "MOZ_MACBUNDLE_NAME": "Firefox.app",
            "MOZ_MAINTENANCE_SERVICE": false,
            "MOZ_MOZILLA_API_KEY": "3b4d27dd-703d-4094-8398-4de2c763505a",
            "MOZ_NEW_CERT_STORAGE": false,
            "MOZ_NEW_NOTIFICATION_STORE": false,
            "MOZ_NEW_XULSTORE": false,
            "MOZ_OFFICIAL_BRANDING": false,
            "MOZ_PLACES": false,
            "MOZ_REQUIRE_SIGNING": false,
            "MOZ_SANDBOX": false,
            "MOZ_SERVICES_HEALTHREPORT": true,
            "MOZ_SERVICES_SYNC": false,
            "MOZ_SWITCHBOARD": true,
            "MOZ_SYSTEM_NSS": false,
            "MOZ_TELEMETRY_ON_BY_DEFAULT": false,
            "MOZ_TELEMETRY_REPORTING": true,
            "MOZ_UNSIGNED_SCOPES": 0,
            "MOZ_UPDATER": false,
            "MOZ_UPDATE_CHANNEL": "release",
            "MOZ_WEBRTC": true,
            "MOZ_WIDGET_GTK": false,
            "MOZ_WIDGET_TOOLKIT": "android",
            "NIGHTLY_BUILD": false,
            "OMNIJAR_NAME": "assets/omni.ja",
            "RELEASE_OR_BETA": true,
            "SOURCE_REVISION_URL": "https://hg.mozilla.org/releases/mozilla-esr68/rev/d2e0b9e17b9bc1ef02606c8006b73293f7892ad5",
            "TELEMETRY_PING_FORMAT_VERSION": 4,
            "XP_UNIX": true,
            "isPlatformAndVersionAtLeast": {},
            "isPlatformAndVersionAtMost": {},
            "platform": "android"
          },
          "asyncAppConstants": {
            "ACCESSIBILITY": true,
            "ANDROID_PACKAGE_NAME": "org.mozilla.firefox",
            "ASAN": false,
            "ASAN_REPORTER": false,
            "BROWSER_CHROME_URL": "chrome://browser/content/browser.xul",
            "DEBUG": false,
            "DEBUG_JS_MODULES": "",
            "DLL_PREFIX": "lib",
            "DLL_SUFFIX": ".so",
            "EARLY_BETA_OR_EARLIER": false,
            "FENNEC_NIGHTLY": false,
            "HAVE_SHELL_SERVICE": false,
            "HAVE_USR_LIB64_DIR": false,
            "MENUBAR_CAN_AUTOHIDE": false,
            "MOZILLA_OFFICIAL": true,
            "MOZ_ALLOW_LEGACY_EXTENSIONS": false,
            "MOZ_ANDROID_ACTIVITY_STREAM": false,
            "MOZ_ANDROID_HISTORY": true,
            "MOZ_ANDROID_MOZILLA_ONLINE": false,
            "MOZ_APP_NAME": "fennec",
            "MOZ_APP_VERSION": "68.1.1",
            "MOZ_APP_VERSION_DISPLAY": "68.1.1",
            "MOZ_BING_API_CLIENTID": "no-bing-api-clientid",
            "MOZ_BING_API_KEY": "no-bing-api-key",
            "MOZ_BITS_DOWNLOAD": false,
            "MOZ_BUILD_APP": "mobile/android",
            "MOZ_CODE_COVERAGE": false,
            "MOZ_CRASHREPORTER": true,
            "MOZ_DATA_REPORTING": true,
            "MOZ_DEV_EDITION": false,
            "MOZ_GECKO_PROFILER": true,
            "MOZ_GOOGLE_LOCATION_SERVICE_API_KEY": "AIzaSyB2h2OuRcUgy5N-5hsZqiPW6sH3n_rptiQ",
            "MOZ_GOOGLE_SAFEBROWSING_API_KEY": "AIzaSyC7jsptDS3am4tPx4r3nxis7IMjBc5Dovo",
            "MOZ_GRAPHENE": false,
            "MOZ_MACBUNDLE_NAME": "Firefox.app",
            "MOZ_MAINTENANCE_SERVICE": false,
            "MOZ_MOZILLA_API_KEY": "3b4d27dd-703d-4094-8398-4de2c763505a",
            "MOZ_NEW_CERT_STORAGE": false,
            "MOZ_NEW_NOTIFICATION_STORE": false,
            "MOZ_NEW_XULSTORE": false,
            "MOZ_OFFICIAL_BRANDING": false,
            "MOZ_PLACES": false,
            "MOZ_REQUIRE_SIGNING": false,
            "MOZ_SANDBOX": false,
            "MOZ_SERVICES_HEALTHREPORT": true,
            "MOZ_SERVICES_SYNC": false,
            "MOZ_SWITCHBOARD": true,
            "MOZ_SYSTEM_NSS": false,
            "MOZ_TELEMETRY_ON_BY_DEFAULT": false,
            "MOZ_TELEMETRY_REPORTING": true,
            "MOZ_UNSIGNED_SCOPES": 0,
            "MOZ_UPDATER": false,
            "MOZ_UPDATE_CHANNEL": "release",
            "MOZ_WEBRTC": true,
            "MOZ_WIDGET_GTK": false,
            "MOZ_WIDGET_TOOLKIT": "android",
            "NIGHTLY_BUILD": false,
            "OMNIJAR_NAME": "assets/omni.ja",
            "RELEASE_OR_BETA": true,
            "SOURCE_REVISION_URL": "https://hg.mozilla.org/releases/mozilla-esr68/rev/d2e0b9e17b9bc1ef02606c8006b73293f7892ad5",
            "TELEMETRY_PING_FORMAT_VERSION": 4,
            "XP_UNIX": true,
            "isPlatformAndVersionAtLeast": {},
            "isPlatformAndVersionAtMost": {},
            "platform": "android"
          },
          "userAgent": "Mozilla/5.0 (Android 9; Mobile; rv:68.0) Gecko/68.0 Firefox/68.0",
          "windowSize": "360x612"
        },
        "pageinfo": {
          "documentHeight": 15094,
          "documentSize": {
            "decodedBodySize": 250363,
            "encodedBodySize": 38669,
            "transferSize": 40354
          },
          "documentTitle": "手机新浪网",
          "documentWidth": 360,
          "domElements": 2303,
          "navigationStartTime": 1617102054403,
          "nextHopProtocol": "h2",
          "resources": {
            "count": 0,
            "duration": 0
          },
          "responsive": true,
          "url": "https://sina.cn/?from=web",
          "visualElements": {
            "heroes": [
              {
                "filename": "a4d0-kaqzmiv4383850.png",
                "height": 192,
                "name": "LargestImage",
                "width": 341,
                "x": 10,
                "y": 154
              }
            ],
            "viewport": {
              "height": 612,
              "width": 360
            }
          }
        },
        "timings": {
          "firstPaint": 2938,
          "loadEventEnd": 1033444,
          "navigationTiming": {
            "connectStart": 659,
            "domComplete": 1033375,
            "domContentLoadedEventEnd": 5136,
            "domContentLoadedEventStart": 5125,
            "domInteractive": 4961,
            "domainLookupEnd": 657,
            "domainLookupStart": 482,
            "duration": 1033444,
            "fetchStart": 481,
            "loadEventEnd": 1033444,
            "loadEventStart": 1033375,
            "redirectEnd": 478,
            "redirectStart": 2,
            "requestStart": 1199,
            "responseEnd": 1651,
            "responseStart": 1651,
            "secureConnectionStart": 898,
            "startTime": 0,
            "unloadEventEnd": 0,
            "unloadEventStart": 0,
            "workerStart": 0
          },
          "pageTimings": {
            "backEndTime": 1651,
            "domContentLoadedTime": 5125,
            "domInteractiveTime": 4961,
            "domainLookupTime": 175,
            "frontEndTime": 1031724,
            "pageDownloadTime": 0,
            "pageLoadTime": 1033375,
            "redirectionTime": 476,
            "serverConnectionTime": 537,
            "serverResponseTime": 452
          },
          "rumSpeedIndex": 1651,
          "timeToContentfulPaint": 2998,
          "timeToDomContentFlushed": 5028,
          "userTimings": {
            "marks": [],
            "measures": []
          }
        }
      },
      {
        "browser": {
          "appConstants": {
            "ACCESSIBILITY": true,
            "ANDROID_PACKAGE_NAME": "org.mozilla.firefox",
            "ASAN": false,
            "ASAN_REPORTER": false,
            "BROWSER_CHROME_URL": "chrome://browser/content/browser.xul",
            "DEBUG": false,
            "DEBUG_JS_MODULES": "",
            "DLL_PREFIX": "lib",
            "DLL_SUFFIX": ".so",
            "EARLY_BETA_OR_EARLIER": false,
            "FENNEC_NIGHTLY": false,
            "HAVE_SHELL_SERVICE": false,
            "HAVE_USR_LIB64_DIR": false,
            "MENUBAR_CAN_AUTOHIDE": false,
            "MOZILLA_OFFICIAL": true,
            "MOZ_ALLOW_LEGACY_EXTENSIONS": false,
            "MOZ_ANDROID_ACTIVITY_STREAM": false,
            "MOZ_ANDROID_HISTORY": true,
            "MOZ_ANDROID_MOZILLA_ONLINE": false,
            "MOZ_APP_NAME": "fennec",
            "MOZ_APP_VERSION": "68.1.1",
            "MOZ_APP_VERSION_DISPLAY": "68.1.1",
            "MOZ_BING_API_CLIENTID": "no-bing-api-clientid",
            "MOZ_BING_API_KEY": "no-bing-api-key",
            "MOZ_BITS_DOWNLOAD": false,
            "MOZ_BUILD_APP": "mobile/android",
            "MOZ_CODE_COVERAGE": false,
            "MOZ_CRASHREPORTER": true,
            "MOZ_DATA_REPORTING": true,
            "MOZ_DEV_EDITION": false,
            "MOZ_GECKO_PROFILER": true,
            "MOZ_GOOGLE_LOCATION_SERVICE_API_KEY": "AIzaSyB2h2OuRcUgy5N-5hsZqiPW6sH3n_rptiQ",
            "MOZ_GOOGLE_SAFEBROWSING_API_KEY": "AIzaSyC7jsptDS3am4tPx4r3nxis7IMjBc5Dovo",
            "MOZ_GRAPHENE": false,
            "MOZ_MACBUNDLE_NAME": "Firefox.app",
            "MOZ_MAINTENANCE_SERVICE": false,
            "MOZ_MOZILLA_API_KEY": "3b4d27dd-703d-4094-8398-4de2c763505a",
            "MOZ_NEW_CERT_STORAGE": false,
            "MOZ_NEW_NOTIFICATION_STORE": false,
            "MOZ_NEW_XULSTORE": false,
            "MOZ_OFFICIAL_BRANDING": false,
            "MOZ_PLACES": false,
            "MOZ_REQUIRE_SIGNING": false,
            "MOZ_SANDBOX": false,
            "MOZ_SERVICES_HEALTHREPORT": true,
            "MOZ_SERVICES_SYNC": false,
            "MOZ_SWITCHBOARD": true,
            "MOZ_SYSTEM_NSS": false,
            "MOZ_TELEMETRY_ON_BY_DEFAULT": false,
            "MOZ_TELEMETRY_REPORTING": true,
            "MOZ_UNSIGNED_SCOPES": 0,
            "MOZ_UPDATER": false,
            "MOZ_UPDATE_CHANNEL": "release",
            "MOZ_WEBRTC": true,
            "MOZ_WIDGET_GTK": false,
            "MOZ_WIDGET_TOOLKIT": "android",
            "NIGHTLY_BUILD": false,
            "OMNIJAR_NAME": "assets/omni.ja",
            "RELEASE_OR_BETA": true,
            "SOURCE_REVISION_URL": "https://hg.mozilla.org/releases/mozilla-esr68/rev/d2e0b9e17b9bc1ef02606c8006b73293f7892ad5",
            "TELEMETRY_PING_FORMAT_VERSION": 4,
            "XP_UNIX": true,
            "isPlatformAndVersionAtLeast": {},
            "isPlatformAndVersionAtMost": {},
            "platform": "android"
          },
          "asyncAppConstants": {
            "ACCESSIBILITY": true,
            "ANDROID_PACKAGE_NAME": "org.mozilla.firefox",
            "ASAN": false,
            "ASAN_REPORTER": false,
            "BROWSER_CHROME_URL": "chrome://browser/content/browser.xul",
            "DEBUG": false,
            "DEBUG_JS_MODULES": "",
            "DLL_PREFIX": "lib",
            "DLL_SUFFIX": ".so",
            "EARLY_BETA_OR_EARLIER": false,
            "FENNEC_NIGHTLY": false,
            "HAVE_SHELL_SERVICE": false,
            "HAVE_USR_LIB64_DIR": false,
            "MENUBAR_CAN_AUTOHIDE": false,
            "MOZILLA_OFFICIAL": true,
            "MOZ_ALLOW_LEGACY_EXTENSIONS": false,
            "MOZ_ANDROID_ACTIVITY_STREAM": false,
            "MOZ_ANDROID_HISTORY": true,
            "MOZ_ANDROID_MOZILLA_ONLINE": false,
            "MOZ_APP_NAME": "fennec",
            "MOZ_APP_VERSION": "68.1.1",
            "MOZ_APP_VERSION_DISPLAY": "68.1.1",
            "MOZ_BING_API_CLIENTID": "no-bing-api-clientid",
            "MOZ_BING_API_KEY": "no-bing-api-key",
            "MOZ_BITS_DOWNLOAD": false,
            "MOZ_BUILD_APP": "mobile/android",
            "MOZ_CODE_COVERAGE": false,
            "MOZ_CRASHREPORTER": true,
            "MOZ_DATA_REPORTING": true,
            "MOZ_DEV_EDITION": false,
            "MOZ_GECKO_PROFILER": true,
            "MOZ_GOOGLE_LOCATION_SERVICE_API_KEY": "AIzaSyB2h2OuRcUgy5N-5hsZqiPW6sH3n_rptiQ",
            "MOZ_GOOGLE_SAFEBROWSING_API_KEY": "AIzaSyC7jsptDS3am4tPx4r3nxis7IMjBc5Dovo",
            "MOZ_GRAPHENE": false,
            "MOZ_MACBUNDLE_NAME": "Firefox.app",
            "MOZ_MAINTENANCE_SERVICE": false,
            "MOZ_MOZILLA_API_KEY": "3b4d27dd-703d-4094-8398-4de2c763505a",
            "MOZ_NEW_CERT_STORAGE": false,
            "MOZ_NEW_NOTIFICATION_STORE": false,
            "MOZ_NEW_XULSTORE": false,
            "MOZ_OFFICIAL_BRANDING": false,
            "MOZ_PLACES": false,
            "MOZ_REQUIRE_SIGNING": false,
            "MOZ_SANDBOX": false,
            "MOZ_SERVICES_HEALTHREPORT": true,
            "MOZ_SERVICES_SYNC": false,
            "MOZ_SWITCHBOARD": true,
            "MOZ_SYSTEM_NSS": false,
            "MOZ_TELEMETRY_ON_BY_DEFAULT": false,
            "MOZ_TELEMETRY_REPORTING": true,
            "MOZ_UNSIGNED_SCOPES": 0,
            "MOZ_UPDATER": false,
            "MOZ_UPDATE_CHANNEL": "release",
            "MOZ_WEBRTC": true,
            "MOZ_WIDGET_GTK": false,
            "MOZ_WIDGET_TOOLKIT": "android",
            "NIGHTLY_BUILD": false,
            "OMNIJAR_NAME": "assets/omni.ja",
            "RELEASE_OR_BETA": true,
            "SOURCE_REVISION_URL": "https://hg.mozilla.org/releases/mozilla-esr68/rev/d2e0b9e17b9bc1ef02606c8006b73293f7892ad5",
            "TELEMETRY_PING_FORMAT_VERSION": 4,
            "XP_UNIX": true,
            "isPlatformAndVersionAtLeast": {},
            "isPlatformAndVersionAtMost": {},
            "platform": "android"
          },
          "userAgent": "Mozilla/5.0 (Android 9; Mobile; rv:68.0) Gecko/68.0 Firefox/68.0",
          "windowSize": "360x612"
        },
        "pageinfo": {
          "documentHeight": 16374,
          "documentSize": {
            "decodedBodySize": 251349,
            "encodedBodySize": 38926,
            "transferSize": 40611
          },
          "documentTitle": "手机新浪网",
          "documentWidth": 360,
          "domElements": 2413,
          "navigationStartTime": 1617103100839,
          "nextHopProtocol": "h2",
          "resources": {
            "count": 0,
            "duration": 0
          },
          "responsive": true,
          "url": "https://sina.cn/?from=web",
          "visualElements": {
            "heroes": [
              {
                "filename": "w710h400z1l50t1a6c.jpg?by=comos",
                "height": 192,
                "name": "LargestImage",
                "width": 341,
                "x": 10,
                "y": 154
              }
            ],
            "viewport": {
              "height": 612,
              "width": 360
            }
          }
        },
        "timings": {
          "firstPaint": 5568,
          "loadEventEnd": 97058,
          "navigationTiming": {
            "connectStart": 381,
            "domComplete": 96992,
            "domContentLoadedEventEnd": 8315,
            "domContentLoadedEventStart": 8304,
            "domInteractive": 8147,
            "domainLookupEnd": 380,
            "domainLookupStart": 380,
            "duration": 97058,
            "fetchStart": 347,
            "loadEventEnd": 97058,
            "loadEventStart": 96992,
            "redirectEnd": 344,
            "redirectStart": 4,
            "requestStart": 944,
            "responseEnd": 1605,
            "responseStart": 1605,
            "secureConnectionStart": 630,
            "startTime": 0,
            "unloadEventEnd": 0,
            "unloadEventStart": 0,
            "workerStart": 0
          },
          "pageTimings": {
            "backEndTime": 1605,
            "domContentLoadedTime": 8304,
            "domInteractiveTime": 8147,
            "domainLookupTime": 0,
            "frontEndTime": 95388,
            "pageDownloadTime": 0,
            "pageLoadTime": 96992,
            "redirectionTime": 340,
            "serverConnectionTime": 562,
            "serverResponseTime": 661
          },
          "rumSpeedIndex": 1604,
          "timeToContentfulPaint": 5782,
          "timeToDomContentFlushed": 8217,
          "userTimings": {
            "marks": [],
            "measures": []
          }
        }
      },
      {
        "browser": {
          "appConstants": {
            "ACCESSIBILITY": true,
            "ANDROID_PACKAGE_NAME": "org.mozilla.firefox",
            "ASAN": false,
            "ASAN_REPORTER": false,
            "BROWSER_CHROME_URL": "chrome://browser/content/browser.xul",
            "DEBUG": false,
            "DEBUG_JS_MODULES": "",
            "DLL_PREFIX": "lib",
            "DLL_SUFFIX": ".so",
            "EARLY_BETA_OR_EARLIER": false,
            "FENNEC_NIGHTLY": false,
            "HAVE_SHELL_SERVICE": false,
            "HAVE_USR_LIB64_DIR": false,
            "MENUBAR_CAN_AUTOHIDE": false,
            "MOZILLA_OFFICIAL": true,
            "MOZ_ALLOW_LEGACY_EXTENSIONS": false,
            "MOZ_ANDROID_ACTIVITY_STREAM": false,
            "MOZ_ANDROID_HISTORY": true,
            "MOZ_ANDROID_MOZILLA_ONLINE": false,
            "MOZ_APP_NAME": "fennec",
            "MOZ_APP_VERSION": "68.1.1",
            "MOZ_APP_VERSION_DISPLAY": "68.1.1",
            "MOZ_BING_API_CLIENTID": "no-bing-api-clientid",
            "MOZ_BING_API_KEY": "no-bing-api-key",
            "MOZ_BITS_DOWNLOAD": false,
            "MOZ_BUILD_APP": "mobile/android",
            "MOZ_CODE_COVERAGE": false,
            "MOZ_CRASHREPORTER": true,
            "MOZ_DATA_REPORTING": true,
            "MOZ_DEV_EDITION": false,
            "MOZ_GECKO_PROFILER": true,
            "MOZ_GOOGLE_LOCATION_SERVICE_API_KEY": "AIzaSyB2h2OuRcUgy5N-5hsZqiPW6sH3n_rptiQ",
            "MOZ_GOOGLE_SAFEBROWSING_API_KEY": "AIzaSyC7jsptDS3am4tPx4r3nxis7IMjBc5Dovo",
            "MOZ_GRAPHENE": false,
            "MOZ_MACBUNDLE_NAME": "Firefox.app",
            "MOZ_MAINTENANCE_SERVICE": false,
            "MOZ_MOZILLA_API_KEY": "3b4d27dd-703d-4094-8398-4de2c763505a",
            "MOZ_NEW_CERT_STORAGE": false,
            "MOZ_NEW_NOTIFICATION_STORE": false,
            "MOZ_NEW_XULSTORE": false,
            "MOZ_OFFICIAL_BRANDING": false,
            "MOZ_PLACES": false,
            "MOZ_REQUIRE_SIGNING": false,
            "MOZ_SANDBOX": false,
            "MOZ_SERVICES_HEALTHREPORT": true,
            "MOZ_SERVICES_SYNC": false,
            "MOZ_SWITCHBOARD": true,
            "MOZ_SYSTEM_NSS": false,
            "MOZ_TELEMETRY_ON_BY_DEFAULT": false,
            "MOZ_TELEMETRY_REPORTING": true,
            "MOZ_UNSIGNED_SCOPES": 0,
            "MOZ_UPDATER": false,
            "MOZ_UPDATE_CHANNEL": "release",
            "MOZ_WEBRTC": true,
            "MOZ_WIDGET_GTK": false,
            "MOZ_WIDGET_TOOLKIT": "android",
            "NIGHTLY_BUILD": false,
            "OMNIJAR_NAME": "assets/omni.ja",
            "RELEASE_OR_BETA": true,
            "SOURCE_REVISION_URL": "https://hg.mozilla.org/releases/mozilla-esr68/rev/d2e0b9e17b9bc1ef02606c8006b73293f7892ad5",
            "TELEMETRY_PING_FORMAT_VERSION": 4,
            "XP_UNIX": true,
            "isPlatformAndVersionAtLeast": {},
            "isPlatformAndVersionAtMost": {},
            "platform": "android"
          },
          "asyncAppConstants": {
            "ACCESSIBILITY": true,
            "ANDROID_PACKAGE_NAME": "org.mozilla.firefox",
            "ASAN": false,
            "ASAN_REPORTER": false,
            "BROWSER_CHROME_URL": "chrome://browser/content/browser.xul",
            "DEBUG": false,
            "DEBUG_JS_MODULES": "",
            "DLL_PREFIX": "lib",
            "DLL_SUFFIX": ".so",
            "EARLY_BETA_OR_EARLIER": false,
            "FENNEC_NIGHTLY": false,
            "HAVE_SHELL_SERVICE": false,
            "HAVE_USR_LIB64_DIR": false,
            "MENUBAR_CAN_AUTOHIDE": false,
            "MOZILLA_OFFICIAL": true,
            "MOZ_ALLOW_LEGACY_EXTENSIONS": false,
            "MOZ_ANDROID_ACTIVITY_STREAM": false,
            "MOZ_ANDROID_HISTORY": true,
            "MOZ_ANDROID_MOZILLA_ONLINE": false,
            "MOZ_APP_NAME": "fennec",
            "MOZ_APP_VERSION": "68.1.1",
            "MOZ_APP_VERSION_DISPLAY": "68.1.1",
            "MOZ_BING_API_CLIENTID": "no-bing-api-clientid",
            "MOZ_BING_API_KEY": "no-bing-api-key",
            "MOZ_BITS_DOWNLOAD": false,
            "MOZ_BUILD_APP": "mobile/android",
            "MOZ_CODE_COVERAGE": false,
            "MOZ_CRASHREPORTER": true,
            "MOZ_DATA_REPORTING": true,
            "MOZ_DEV_EDITION": false,
            "MOZ_GECKO_PROFILER": true,
            "MOZ_GOOGLE_LOCATION_SERVICE_API_KEY": "AIzaSyB2h2OuRcUgy5N-5hsZqiPW6sH3n_rptiQ",
            "MOZ_GOOGLE_SAFEBROWSING_API_KEY": "AIzaSyC7jsptDS3am4tPx4r3nxis7IMjBc5Dovo",
            "MOZ_GRAPHENE": false,
            "MOZ_MACBUNDLE_NAME": "Firefox.app",
            "MOZ_MAINTENANCE_SERVICE": false,
            "MOZ_MOZILLA_API_KEY": "3b4d27dd-703d-4094-8398-4de2c763505a",
            "MOZ_NEW_CERT_STORAGE": false,
            "MOZ_NEW_NOTIFICATION_STORE": false,
            "MOZ_NEW_XULSTORE": false,
            "MOZ_OFFICIAL_BRANDING": false,
            "MOZ_PLACES": false,
            "MOZ_REQUIRE_SIGNING": false,
            "MOZ_SANDBOX": false,
            "MOZ_SERVICES_HEALTHREPORT": true,
            "MOZ_SERVICES_SYNC": false,
            "MOZ_SWITCHBOARD": true,
            "MOZ_SYSTEM_NSS": false,
            "MOZ_TELEMETRY_ON_BY_DEFAULT": false,
            "MOZ_TELEMETRY_REPORTING": true,
            "MOZ_UNSIGNED_SCOPES": 0,
            "MOZ_UPDATER": false,
            "MOZ_UPDATE_CHANNEL": "release",
            "MOZ_WEBRTC": true,
            "MOZ_WIDGET_GTK": false,
            "MOZ_WIDGET_TOOLKIT": "android",
            "NIGHTLY_BUILD": false,
            "OMNIJAR_NAME": "assets/omni.ja",
            "RELEASE_OR_BETA": true,
            "SOURCE_REVISION_URL": "https://hg.mozilla.org/releases/mozilla-esr68/rev/d2e0b9e17b9bc1ef02606c8006b73293f7892ad5",
            "TELEMETRY_PING_FORMAT_VERSION": 4,
            "XP_UNIX": true,
            "isPlatformAndVersionAtLeast": {},
            "isPlatformAndVersionAtMost": {},
            "platform": "android"
          },
          "userAgent": "Mozilla/5.0 (Android 9; Mobile; rv:68.0) Gecko/68.0 Firefox/68.0",
          "windowSize": "360x612"
        },
        "pageinfo": {
          "documentHeight": 15560,
          "documentSize": {
            "decodedBodySize": 251377,
            "encodedBodySize": 38948,
            "transferSize": 40633
          },
          "documentTitle": "手机新浪网",
          "documentWidth": 360,
          "domElements": 2348,
          "navigationStartTime": 1617103211124,
          "nextHopProtocol": "h2",
          "resources": {
            "count": 0,
            "duration": 0
          },
          "responsive": true,
          "url": "https://sina.cn/?from=web",
          "visualElements": {
            "heroes": [
              {
                "filename": "a4d0-kaqzmiv4383850.png",
                "height": 192,
                "name": "LargestImage",
                "width": 341,
                "x": 10,
                "y": 154
              }
            ],
            "viewport": {
              "height": 612,
              "width": 360
            }
          }
        },
        "timings": {
          "firstPaint": 3925,
          "loadEventEnd": 1022676,
          "navigationTiming": {
            "connectStart": 650,
            "domComplete": 1022625,
            "domContentLoadedEventEnd": 6584,
            "domContentLoadedEventStart": 6570,
            "domInteractive": 6462,
            "domainLookupEnd": 650,
            "domainLookupStart": 650,
            "duration": 1022676,
            "fetchStart": 617,
            "loadEventEnd": 1022676,
            "loadEventStart": 1022625,
            "redirectEnd": 614,
            "redirectStart": 2,
            "requestStart": 1867,
            "responseEnd": 2208,
            "responseStart": 2208,
            "secureConnectionStart": 1227,
            "startTime": 0,
            "unloadEventEnd": 0,
            "unloadEventStart": 0,
            "workerStart": 0
          },
          "pageTimings": {
            "backEndTime": 2208,
            "domContentLoadedTime": 6570,
            "domInteractiveTime": 6462,
            "domainLookupTime": 0,
            "frontEndTime": 1020417,
            "pageDownloadTime": 0,
            "pageLoadTime": 1022625,
            "redirectionTime": 612,
            "serverConnectionTime": 1214,
            "serverResponseTime": 342
          },
          "rumSpeedIndex": 2208,
          "timeToContentfulPaint": 3994,
          "timeToDomContentFlushed": 6504,
          "userTimings": {
            "marks": [],
            "measures": []
          }
        }
      }
    ],
    "visualMetrics": [],
    "cpu": [],
    "extras": [
      {},
      {},
      {}
    ],
    "fullyLoaded": [],
    "errors": [
      [],
      [],
      []
    ],
    "statistics": {
      "browser": {
        "appConstants": {
          "MOZ_UNSIGNED_SCOPES": {
            "median": 0,
            "mean": 0,
            "mdev": 0,
            "stddev": 0,
            "min": 0,
            "p10": 0,
            "p90": 0,
            "p99": 0,
            "max": 0
          },
          "TELEMETRY_PING_FORMAT_VERSION": {
            "median": 4,
            "mean": 4,
            "mdev": 0,
            "stddev": 0,
            "min": 4,
            "p10": 4,
            "p90": 4,
            "p99": 4,
            "max": 4
          }
        },
        "asyncAppConstants": {
          "MOZ_UNSIGNED_SCOPES": {
            "median": 0,
            "mean": 0,
            "mdev": 0,
            "stddev": 0,
            "min": 0,
            "p10": 0,
            "p90": 0,
            "p99": 0,
            "max": 0
          },
          "TELEMETRY_PING_FORMAT_VERSION": {
            "median": 4,
            "mean": 4,
            "mdev": 0,
            "stddev": 0,
            "min": 4,
            "p10": 4,
            "p90": 4,
            "p99": 4,
            "max": 4
          }
        }
      },
      "pageinfo": {
        "documentHeight": {
          "median": 15560,
          "mean": 15676,
          "mdev": 305.393,
          "stddev": 529,
          "min": 15094,
          "p10": 15094,
          "p90": 16374,
          "p99": 16374,
          "max": 16374
        },
        "documentSize": {
          "decodedBodySize": {
            "median": 251349,
            "mean": 251030,
            "mdev": 272.2455,
            "stddev": 472,
            "min": 250363,
            "p10": 250363,
            "p90": 251377,
            "p99": 251377,
            "max": 251377
          },
          "encodedBodySize": {
            "median": 38926,
            "mean": 38848,
            "mdev": 73.1244,
            "stddev": 127,
            "min": 38669,
            "p10": 38669,
            "p90": 38948,
            "p99": 38948,
            "max": 38948
          },
          "transferSize": {
            "median": 40611,
            "mean": 40533,
            "mdev": 73.1244,
            "stddev": 127,
            "min": 40354,
            "p10": 40354,
            "p90": 40633,
            "p99": 40633,
            "max": 40633
          }
        },
        "documentWidth": {
          "median": 360,
          "mean": 360,
          "mdev": 0,
          "stddev": 0,
          "min": 360,
          "p10": 360,
          "p90": 360,
          "p99": 360,
          "max": 360
        },
        "domElements": {
          "median": 2348,
          "mean": 2355,
          "mdev": 26.0697,
          "stddev": 45,
          "min": 2303,
          "p10": 2303,
          "p90": 2413,
          "p99": 2413,
          "max": 2413
        },
        "navigationStartTime": {
          "median": 1617103100839,
          "mean": 1617102788789,
          "mdev": 300852.8859,
          "stddev": 521092,
          "min": 1617102054403,
          "p10": 1617102054403,
          "p90": 1617103211124,
          "p99": 1617103211124,
          "max": 1617103211124
        },
        "resources": {
          "count": {
            "median": 0,
            "mean": 0,
            "mdev": 0,
            "stddev": 0,
            "min": 0,
            "p10": 0,
            "p90": 0,
            "p99": 0,
            "max": 0
          },
          "duration": {
            "median": 0,
            "mean": 0,
            "mdev": 0,
            "stddev": 0,
            "min": 0,
            "p10": 0,
            "p90": 0,
            "p99": 0,
            "max": 0
          }
        },
        "visualElements": {
          "heroes": [
            {
              "height": {
                "median": 192,
                "mean": 192,
                "mdev": 0,
                "stddev": 0,
                "min": 192,
                "p10": 192,
                "p90": 192,
                "p99": 192,
                "max": 192
              },
              "width": {
                "median": 341,
                "mean": 341,
                "mdev": 0,
                "stddev": 0,
                "min": 341,
                "p10": 341,
                "p90": 341,
                "p99": 341,
                "max": 341
              },
              "x": {
                "median": 10,
                "mean": 10,
                "mdev": 0,
                "stddev": 0,
                "min": 10,
                "p10": 10,
                "p90": 10,
                "p99": 10,
                "max": 10
              },
              "y": {
                "median": 154,
                "mean": 154,
                "mdev": 0,
                "stddev": 0,
                "min": 154,
                "p10": 154,
                "p90": 154,
                "p99": 154,
                "max": 154
              }
            }
          ],
          "viewport": {
            "height": {
              "median": 612,
              "mean": 612,
              "mdev": 0,
              "stddev": 0,
              "min": 612,
              "p10": 612,
              "p90": 612,
              "p99": 612,
              "max": 612
            },
            "width": {
              "median": 360,
              "mean": 360,
              "mdev": 0,
              "stddev": 0,
              "min": 360,
              "p10": 360,
              "p90": 360,
              "p99": 360,
              "max": 360
            }
          }
        }
      },
      "timings": {
        "firstPaint": {
          "median": 3925,
          "mean": 4144,
          "mdev": 626.2918,
          "stddev": 1085,
          "min": 2938,
          "p10": 2938,
          "p90": 5568,
          "p99": 5568,
          "max": 5568
        },
        "loadEventEnd": {
          "median": 1022676,
          "mean": 717726,
          "mdev": 253399.3607,
          "stddev": 438901,
          "min": 97058,
          "p10": 97058,
          "p90": 1033444,
          "p99": 1033444,
          "max": 1033444
        },
        "navigationTiming": {
          "connectStart": {
            "median": 650,
            "mean": 563,
            "mdev": 74.4675,
            "stddev": 129,
            "min": 381,
            "p10": 381,
            "p90": 659,
            "p99": 659,
            "max": 659
          },
          "domComplete": {
            "median": 1022625,
            "mean": 717664,
            "mdev": 253400.9512,
            "stddev": 438903,
            "min": 96992,
            "p10": 96992,
            "p90": 1033375,
            "p99": 1033375,
            "max": 1033375
          },
          "domContentLoadedEventEnd": {
            "median": 6584,
            "mean": 6678,
            "mdev": 750.2865,
            "stddev": 1300,
            "min": 5136,
            "p10": 5136,
            "p90": 8315,
            "p99": 8315,
            "max": 8315
          },
          "domContentLoadedEventStart": {
            "median": 6570,
            "mean": 6666,
            "mdev": 750.3289,
            "stddev": 1300,
            "min": 5125,
            "p10": 5125,
            "p90": 8304,
            "p99": 8304,
            "max": 8304
          },
          "domInteractive": {
            "median": 6462,
            "mean": 6523,
            "mdev": 751.3647,
            "stddev": 1301,
            "min": 4961,
            "p10": 4961,
            "p90": 8147,
            "p99": 8147,
            "max": 8147
          },
          "domainLookupEnd": {
            "median": 650,
            "mean": 562,
            "mdev": 74.4556,
            "stddev": 129,
            "min": 380,
            "p10": 380,
            "p90": 657,
            "p99": 657,
            "max": 657
          },
          "domainLookupStart": {
            "median": 482,
            "mean": 504,
            "mdev": 64.2703,
            "stddev": 111,
            "min": 380,
            "p10": 380,
            "p90": 650,
            "p99": 650,
            "max": 650
          },
          "duration": {
            "median": 1022676,
            "mean": 717726,
            "mdev": 253399.3607,
            "stddev": 438901,
            "min": 97058,
            "p10": 97058,
            "p90": 1033444,
            "p99": 1033444,
            "max": 1033444
          },
          "fetchStart": {
            "median": 481,
            "mean": 482,
            "mdev": 63.6402,
            "stddev": 110,
            "min": 347,
            "p10": 347,
            "p90": 617,
            "p99": 617,
            "max": 617
          },
          "loadEventEnd": {
            "median": 1022676,
            "mean": 717726,
            "mdev": 253399.3607,
            "stddev": 438901,
            "min": 97058,
            "p10": 97058,
            "p90": 1033444,
            "p99": 1033444,
            "max": 1033444
          },
          "loadEventStart": {
            "median": 1022625,
            "mean": 717664,
            "mdev": 253400.9512,
            "stddev": 438903,
            "min": 96992,
            "p10": 96992,
            "p90": 1033375,
            "p99": 1033375,
            "max": 1033375
          },
          "redirectEnd": {
            "median": 478,
            "mean": 479,
            "mdev": 63.6402,
            "stddev": 110,
            "min": 344,
            "p10": 344,
            "p90": 614,
            "p99": 614,
            "max": 614
          },
          "redirectStart": {
            "median": 2,
            "mean": 3,
            "mdev": 0.5443,
            "stddev": 1,
            "min": 2,
            "p10": 2,
            "p90": 4,
            "p99": 4,
            "max": 4
          },
          "requestStart": {
            "median": 1199,
            "mean": 1337,
            "mdev": 224.6955,
            "stddev": 389,
            "min": 944,
            "p10": 944,
            "p90": 1867,
            "p99": 1867,
            "max": 1867
          },
          "responseEnd": {
            "median": 1651,
            "mean": 1821,
            "mdev": 158.2279,
            "stddev": 274,
            "min": 1605,
            "p10": 1605,
            "p90": 2208,
            "p99": 2208,
            "max": 2208
          },
          "responseStart": {
            "median": 1651,
            "mean": 1821,
            "mdev": 158.2279,
            "stddev": 274,
            "min": 1605,
            "p10": 1605,
            "p90": 2208,
            "p99": 2208,
            "max": 2208
          },
          "secureConnectionStart": {
            "median": 898,
            "mean": 918,
            "mdev": 140.9589,
            "stddev": 244,
            "min": 630,
            "p10": 630,
            "p90": 1227,
            "p99": 1227,
            "max": 1227
          },
          "startTime": {
            "median": 0,
            "mean": 0,
            "mdev": 0,
            "stddev": 0,
            "min": 0,
            "p10": 0,
            "p90": 0,
            "p99": 0,
            "max": 0
          },
          "unloadEventEnd": {
            "median": 0,
            "mean": 0,
            "mdev": 0,
            "stddev": 0,
            "min": 0,
            "p10": 0,
            "p90": 0,
            "p99": 0,
            "max": 0
          },
          "unloadEventStart": {
            "median": 0,
            "mean": 0,
            "mdev": 0,
            "stddev": 0,
            "min": 0,
            "p10": 0,
            "p90": 0,
            "p99": 0,
            "max": 0
          },
          "workerStart": {
            "median": 0,
            "mean": 0,
            "mdev": 0,
            "stddev": 0,
            "min": 0,
            "p10": 0,
            "p90": 0,
            "p99": 0,
            "max": 0
          }
        },
        "pageTimings": {
          "backEndTime": {
            "median": 1651,
            "mean": 1821,
            "mdev": 158.2279,
            "stddev": 274,
            "min": 1605,
            "p10": 1605,
            "p90": 2208,
            "p99": 2208,
            "max": 2208
          },
          "domContentLoadedTime": {
            "median": 6570,
            "mean": 6666,
            "mdev": 750.3289,
            "stddev": 1300,
            "min": 5125,
            "p10": 5125,
            "p90": 8304,
            "p99": 8304,
            "max": 8304
          },
          "domInteractiveTime": {
            "median": 6462,
            "mean": 6523,
            "mdev": 751.3647,
            "stddev": 1301,
            "min": 4961,
            "p10": 4961,
            "p90": 8147,
            "p99": 8147,
            "max": 8147
          },
          "domainLookupTime": {
            "median": 0,
            "mean": 58,
            "mdev": 47.629,
            "stddev": 82,
            "min": 0,
            "p10": 0,
            "p90": 175,
            "p99": 175,
            "max": 175
          },
          "frontEndTime": {
            "median": 1020417,
            "mean": 715843,
            "mdev": 253313.713,
            "stddev": 438752,
            "min": 95388,
            "p10": 95388,
            "p90": 1031724,
            "p99": 1031724,
            "max": 1031724
          },
          "pageDownloadTime": {
            "median": 0,
            "mean": 0,
            "mdev": 0,
            "stddev": 0,
            "min": 0,
            "p10": 0,
            "p90": 0,
            "p99": 0,
            "max": 0
          },
          "pageLoadTime": {
            "median": 1022625,
            "mean": 717664,
            "mdev": 253400.9512,
            "stddev": 438903,
            "min": 96992,
            "p10": 96992,
            "p90": 1033375,
            "p99": 1033375,
            "max": 1033375
          },
          "redirectionTime": {
            "median": 476,
            "mean": 476,
            "mdev": 64.111,
            "stddev": 111,
            "min": 340,
            "p10": 340,
            "p90": 612,
            "p99": 612,
            "max": 612
          },
          "serverConnectionTime": {
            "median": 562,
            "mean": 771,
            "mdev": 180.95,
            "stddev": 313,
            "min": 537,
            "p10": 537,
            "p90": 1214,
            "p99": 1214,
            "max": 1214
          },
          "serverResponseTime": {
            "median": 452,
            "mean": 485,
            "mdev": 76.3864,
            "stddev": 132,
            "min": 342,
            "p10": 342,
            "p90": 661,
            "p99": 661,
            "max": 661
          }
        },
        "rumSpeedIndex": {
          "median": 1651,
          "mean": 1821,
          "mdev": 158.38,
          "stddev": 274,
          "min": 1604,
          "p10": 1604,
          "p90": 2208,
          "p99": 2208,
          "max": 2208
        },
        "timeToContentfulPaint": {
          "median": 3994,
          "mean": 4258,
          "mdev": 664.9872,
          "stddev": 1152,
          "min": 2998,
          "p10": 2998,
          "p90": 5782,
          "p99": 5782,
          "max": 5782
        },
        "timeToDomContentFlushed": {
          "median": 6504,
          "mean": 6583,
          "mdev": 752.3461,
          "stddev": 1303,
          "min": 5028,
          "p10": 5028,
          "p90": 8217,
          "p99": 8217,
          "max": 8217
        }
      }
    }
  }
]