[
  {
    "info": {
      "browsertime": {
        "version": "8.4.0"
      },
      "url": "https://fc2.com/",
      "timestamp": "2021-03-30T08:50:18+04:00",
      "connectivity": {
        "engine": "external",
        "profile": "native"
      },
      "extra": {}
    },
    "files": {
      "video": [],
      "screenshot": [],
      "timeline": [],
      "consoleLog": [],
      "netLog": [],
      "perfLog": []
    },
    "cdp": {
      "performance": []
    },
    "timestamps": [
      "2021-03-30T08:50:07+04:00",
      "2021-03-30T08:50:29+04:00",
      "2021-03-30T08:50:53+04:00"
    ],
    "browserScripts": [
      {
        "browser": {
          "appConstants": {
            "ACCESSIBILITY": true,
            "ANDROID_PACKAGE_NAME": "org.mozilla.firefox",
            "ASAN": false,
            "ASAN_REPORTER": false,
            "BROWSER_CHROME_URL": "chrome://browser/content/browser.xul",
            "DEBUG": false,
            "DEBUG_JS_MODULES": "",
            "DLL_PREFIX": "lib",
            "DLL_SUFFIX": ".so",
            "EARLY_BETA_OR_EARLIER": false,
            "FENNEC_NIGHTLY": false,
            "HAVE_SHELL_SERVICE": false,
            "HAVE_USR_LIB64_DIR": false,
            "MENUBAR_CAN_AUTOHIDE": false,
            "MOZILLA_OFFICIAL": true,
            "MOZ_ALLOW_LEGACY_EXTENSIONS": false,
            "MOZ_ANDROID_ACTIVITY_STREAM": false,
            "MOZ_ANDROID_HISTORY": true,
            "MOZ_ANDROID_MOZILLA_ONLINE": false,
            "MOZ_APP_NAME": "fennec",
            "MOZ_APP_VERSION": "68.1.1",
            "MOZ_APP_VERSION_DISPLAY": "68.1.1",
            "MOZ_BING_API_CLIENTID": "no-bing-api-clientid",
            "MOZ_BING_API_KEY": "no-bing-api-key",
            "MOZ_BITS_DOWNLOAD": false,
            "MOZ_BUILD_APP": "mobile/android",
            "MOZ_CODE_COVERAGE": false,
            "MOZ_CRASHREPORTER": true,
            "MOZ_DATA_REPORTING": true,
            "MOZ_DEV_EDITION": false,
            "MOZ_GECKO_PROFILER": true,
            "MOZ_GOOGLE_LOCATION_SERVICE_API_KEY": "AIzaSyB2h2OuRcUgy5N-5hsZqiPW6sH3n_rptiQ",
            "MOZ_GOOGLE_SAFEBROWSING_API_KEY": "AIzaSyC7jsptDS3am4tPx4r3nxis7IMjBc5Dovo",
            "MOZ_GRAPHENE": false,
            "MOZ_MACBUNDLE_NAME": "Firefox.app",
            "MOZ_MAINTENANCE_SERVICE": false,
            "MOZ_MOZILLA_API_KEY": "3b4d27dd-703d-4094-8398-4de2c763505a",
            "MOZ_NEW_CERT_STORAGE": false,
            "MOZ_NEW_NOTIFICATION_STORE": false,
            "MOZ_NEW_XULSTORE": false,
            "MOZ_OFFICIAL_BRANDING": false,
            "MOZ_PLACES": false,
            "MOZ_REQUIRE_SIGNING": false,
            "MOZ_SANDBOX": false,
            "MOZ_SERVICES_HEALTHREPORT": true,
            "MOZ_SERVICES_SYNC": false,
            "MOZ_SWITCHBOARD": true,
            "MOZ_SYSTEM_NSS": false,
            "MOZ_TELEMETRY_ON_BY_DEFAULT": false,
            "MOZ_TELEMETRY_REPORTING": true,
            "MOZ_UNSIGNED_SCOPES": 0,
            "MOZ_UPDATER": false,
            "MOZ_UPDATE_CHANNEL": "release",
            "MOZ_WEBRTC": true,
            "MOZ_WIDGET_GTK": false,
            "MOZ_WIDGET_TOOLKIT": "android",
            "NIGHTLY_BUILD": false,
            "OMNIJAR_NAME": "assets/omni.ja",
            "RELEASE_OR_BETA": true,
            "SOURCE_REVISION_URL": "https://hg.mozilla.org/releases/mozilla-esr68/rev/d2e0b9e17b9bc1ef02606c8006b73293f7892ad5",
            "TELEMETRY_PING_FORMAT_VERSION": 4,
            "XP_UNIX": true,
            "isPlatformAndVersionAtLeast": {},
            "isPlatformAndVersionAtMost": {},
            "platform": "android"
          },
          "asyncAppConstants": {
            "ACCESSIBILITY": true,
            "ANDROID_PACKAGE_NAME": "org.mozilla.firefox",
            "ASAN": false,
            "ASAN_REPORTER": false,
            "BROWSER_CHROME_URL": "chrome://browser/content/browser.xul",
            "DEBUG": false,
            "DEBUG_JS_MODULES": "",
            "DLL_PREFIX": "lib",
            "DLL_SUFFIX": ".so",
            "EARLY_BETA_OR_EARLIER": false,
            "FENNEC_NIGHTLY": false,
            "HAVE_SHELL_SERVICE": false,
            "HAVE_USR_LIB64_DIR": false,
            "MENUBAR_CAN_AUTOHIDE": false,
            "MOZILLA_OFFICIAL": true,
            "MOZ_ALLOW_LEGACY_EXTENSIONS": false,
            "MOZ_ANDROID_ACTIVITY_STREAM": false,
            "MOZ_ANDROID_HISTORY": true,
            "MOZ_ANDROID_MOZILLA_ONLINE": false,
            "MOZ_APP_NAME": "fennec",
            "MOZ_APP_VERSION": "68.1.1",
            "MOZ_APP_VERSION_DISPLAY": "68.1.1",
            "MOZ_BING_API_CLIENTID": "no-bing-api-clientid",
            "MOZ_BING_API_KEY": "no-bing-api-key",
            "MOZ_BITS_DOWNLOAD": false,
            "MOZ_BUILD_APP": "mobile/android",
            "MOZ_CODE_COVERAGE": false,
            "MOZ_CRASHREPORTER": true,
            "MOZ_DATA_REPORTING": true,
            "MOZ_DEV_EDITION": false,
            "MOZ_GECKO_PROFILER": true,
            "MOZ_GOOGLE_LOCATION_SERVICE_API_KEY": "AIzaSyB2h2OuRcUgy5N-5hsZqiPW6sH3n_rptiQ",
            "MOZ_GOOGLE_SAFEBROWSING_API_KEY": "AIzaSyC7jsptDS3am4tPx4r3nxis7IMjBc5Dovo",
            "MOZ_GRAPHENE": false,
            "MOZ_MACBUNDLE_NAME": "Firefox.app",
            "MOZ_MAINTENANCE_SERVICE": false,
            "MOZ_MOZILLA_API_KEY": "3b4d27dd-703d-4094-8398-4de2c763505a",
            "MOZ_NEW_CERT_STORAGE": false,
            "MOZ_NEW_NOTIFICATION_STORE": false,
            "MOZ_NEW_XULSTORE": false,
            "MOZ_OFFICIAL_BRANDING": false,
            "MOZ_PLACES": false,
            "MOZ_REQUIRE_SIGNING": false,
            "MOZ_SANDBOX": false,
            "MOZ_SERVICES_HEALTHREPORT": true,
            "MOZ_SERVICES_SYNC": false,
            "MOZ_SWITCHBOARD": true,
            "MOZ_SYSTEM_NSS": false,
            "MOZ_TELEMETRY_ON_BY_DEFAULT": false,
            "MOZ_TELEMETRY_REPORTING": true,
            "MOZ_UNSIGNED_SCOPES": 0,
            "MOZ_UPDATER": false,
            "MOZ_UPDATE_CHANNEL": "release",
            "MOZ_WEBRTC": true,
            "MOZ_WIDGET_GTK": false,
            "MOZ_WIDGET_TOOLKIT": "android",
            "NIGHTLY_BUILD": false,
            "OMNIJAR_NAME": "assets/omni.ja",
            "RELEASE_OR_BETA": true,
            "SOURCE_REVISION_URL": "https://hg.mozilla.org/releases/mozilla-esr68/rev/d2e0b9e17b9bc1ef02606c8006b73293f7892ad5",
            "TELEMETRY_PING_FORMAT_VERSION": 4,
            "XP_UNIX": true,
            "isPlatformAndVersionAtLeast": {},
            "isPlatformAndVersionAtMost": {},
            "platform": "android"
          },
          "userAgent": "Mozilla/5.0 (Android 8.1.0; Mobile; rv:68.0) Gecko/68.0 Firefox/68.0",
          "windowSize": "360x560"
        },
        "pageinfo": {
          "documentHeight": 1925,
          "documentSize": {
            "decodedBodySize": 18386,
            "encodedBodySize": 4486,
            "transferSize": 4832
          },
          "documentTitle": "FC2 - Free Website, Analyzer, Blog, Rental Server, SEO Countermeasures, etc. -",
          "documentWidth": 321,
          "domElements": 385,
          "navigationStartTime": 1617079808329,
          "nextHopProtocol": "h2",
          "resources": {
            "count": 0,
            "duration": 0
          },
          "responsive": false,
          "url": "https://fc2.com/",
          "visualElements": {
            "heroes": [
              {
                "filename": "blank.gif",
                "height": 1,
                "name": "LargestImage",
                "width": 1,
                "x": 198,
                "y": 242
              },
              {
                "filename": null,
                "height": 36,
                "name": "Heading",
                "width": 320,
                "x": 0,
                "y": 425
              }
            ],
            "viewport": {
              "height": 498,
              "width": 320
            }
          }
        },
        "timings": {
          "firstPaint": 2155,
          "loadEventEnd": 3662,
          "navigationTiming": {
            "connectStart": 287,
            "domComplete": 3648,
            "domContentLoadedEventEnd": 2622,
            "domContentLoadedEventStart": 2582,
            "domInteractive": 2578,
            "domainLookupEnd": 287,
            "domainLookupStart": 287,
            "duration": 3662,
            "fetchStart": 3,
            "loadEventEnd": 3662,
            "loadEventStart": 3648,
            "redirectEnd": 0,
            "redirectStart": 0,
            "requestStart": 926,
            "responseEnd": 1221,
            "responseStart": 1221,
            "secureConnectionStart": 564,
            "startTime": 0,
            "unloadEventEnd": 0,
            "unloadEventStart": 0,
            "workerStart": 0
          },
          "pageTimings": {
            "backEndTime": 1221,
            "domContentLoadedTime": 2582,
            "domInteractiveTime": 2578,
            "domainLookupTime": 0,
            "frontEndTime": 2427,
            "pageDownloadTime": 0,
            "pageLoadTime": 3648,
            "redirectionTime": 0,
            "serverConnectionTime": 637,
            "serverResponseTime": 296
          },
          "rumSpeedIndex": 1220,
          "timeToContentfulPaint": 2594,
          "timeToDomContentFlushed": 2638,
          "userTimings": {
            "marks": [],
            "measures": []
          }
        }
      },
      {
        "browser": {
          "appConstants": {
            "ACCESSIBILITY": true,
            "ANDROID_PACKAGE_NAME": "org.mozilla.firefox",
            "ASAN": false,
            "ASAN_REPORTER": false,
            "BROWSER_CHROME_URL": "chrome://browser/content/browser.xul",
            "DEBUG": false,
            "DEBUG_JS_MODULES": "",
            "DLL_PREFIX": "lib",
            "DLL_SUFFIX": ".so",
            "EARLY_BETA_OR_EARLIER": false,
            "FENNEC_NIGHTLY": false,
            "HAVE_SHELL_SERVICE": false,
            "HAVE_USR_LIB64_DIR": false,
            "MENUBAR_CAN_AUTOHIDE": false,
            "MOZILLA_OFFICIAL": true,
            "MOZ_ALLOW_LEGACY_EXTENSIONS": false,
            "MOZ_ANDROID_ACTIVITY_STREAM": false,
            "MOZ_ANDROID_HISTORY": true,
            "MOZ_ANDROID_MOZILLA_ONLINE": false,
            "MOZ_APP_NAME": "fennec",
            "MOZ_APP_VERSION": "68.1.1",
            "MOZ_APP_VERSION_DISPLAY": "68.1.1",
            "MOZ_BING_API_CLIENTID": "no-bing-api-clientid",
            "MOZ_BING_API_KEY": "no-bing-api-key",
            "MOZ_BITS_DOWNLOAD": false,
            "MOZ_BUILD_APP": "mobile/android",
            "MOZ_CODE_COVERAGE": false,
            "MOZ_CRASHREPORTER": true,
            "MOZ_DATA_REPORTING": true,
            "MOZ_DEV_EDITION": false,
            "MOZ_GECKO_PROFILER": true,
            "MOZ_GOOGLE_LOCATION_SERVICE_API_KEY": "AIzaSyB2h2OuRcUgy5N-5hsZqiPW6sH3n_rptiQ",
            "MOZ_GOOGLE_SAFEBROWSING_API_KEY": "AIzaSyC7jsptDS3am4tPx4r3nxis7IMjBc5Dovo",
            "MOZ_GRAPHENE": false,
            "MOZ_MACBUNDLE_NAME": "Firefox.app",
            "MOZ_MAINTENANCE_SERVICE": false,
            "MOZ_MOZILLA_API_KEY": "3b4d27dd-703d-4094-8398-4de2c763505a",
            "MOZ_NEW_CERT_STORAGE": false,
            "MOZ_NEW_NOTIFICATION_STORE": false,
            "MOZ_NEW_XULSTORE": false,
            "MOZ_OFFICIAL_BRANDING": false,
            "MOZ_PLACES": false,
            "MOZ_REQUIRE_SIGNING": false,
            "MOZ_SANDBOX": false,
            "MOZ_SERVICES_HEALTHREPORT": true,
            "MOZ_SERVICES_SYNC": false,
            "MOZ_SWITCHBOARD": true,
            "MOZ_SYSTEM_NSS": false,
            "MOZ_TELEMETRY_ON_BY_DEFAULT": false,
            "MOZ_TELEMETRY_REPORTING": true,
            "MOZ_UNSIGNED_SCOPES": 0,
            "MOZ_UPDATER": false,
            "MOZ_UPDATE_CHANNEL": "release",
            "MOZ_WEBRTC": true,
            "MOZ_WIDGET_GTK": false,
            "MOZ_WIDGET_TOOLKIT": "android",
            "NIGHTLY_BUILD": false,
            "OMNIJAR_NAME": "assets/omni.ja",
            "RELEASE_OR_BETA": true,
            "SOURCE_REVISION_URL": "https://hg.mozilla.org/releases/mozilla-esr68/rev/d2e0b9e17b9bc1ef02606c8006b73293f7892ad5",
            "TELEMETRY_PING_FORMAT_VERSION": 4,
            "XP_UNIX": true,
            "isPlatformAndVersionAtLeast": {},
            "isPlatformAndVersionAtMost": {},
            "platform": "android"
          },
          "asyncAppConstants": {
            "ACCESSIBILITY": true,
            "ANDROID_PACKAGE_NAME": "org.mozilla.firefox",
            "ASAN": false,
            "ASAN_REPORTER": false,
            "BROWSER_CHROME_URL": "chrome://browser/content/browser.xul",
            "DEBUG": false,
            "DEBUG_JS_MODULES": "",
            "DLL_PREFIX": "lib",
            "DLL_SUFFIX": ".so",
            "EARLY_BETA_OR_EARLIER": false,
            "FENNEC_NIGHTLY": false,
            "HAVE_SHELL_SERVICE": false,
            "HAVE_USR_LIB64_DIR": false,
            "MENUBAR_CAN_AUTOHIDE": false,
            "MOZILLA_OFFICIAL": true,
            "MOZ_ALLOW_LEGACY_EXTENSIONS": false,
            "MOZ_ANDROID_ACTIVITY_STREAM": false,
            "MOZ_ANDROID_HISTORY": true,
            "MOZ_ANDROID_MOZILLA_ONLINE": false,
            "MOZ_APP_NAME": "fennec",
            "MOZ_APP_VERSION": "68.1.1",
            "MOZ_APP_VERSION_DISPLAY": "68.1.1",
            "MOZ_BING_API_CLIENTID": "no-bing-api-clientid",
            "MOZ_BING_API_KEY": "no-bing-api-key",
            "MOZ_BITS_DOWNLOAD": false,
            "MOZ_BUILD_APP": "mobile/android",
            "MOZ_CODE_COVERAGE": false,
            "MOZ_CRASHREPORTER": true,
            "MOZ_DATA_REPORTING": true,
            "MOZ_DEV_EDITION": false,
            "MOZ_GECKO_PROFILER": true,
            "MOZ_GOOGLE_LOCATION_SERVICE_API_KEY": "AIzaSyB2h2OuRcUgy5N-5hsZqiPW6sH3n_rptiQ",
            "MOZ_GOOGLE_SAFEBROWSING_API_KEY": "AIzaSyC7jsptDS3am4tPx4r3nxis7IMjBc5Dovo",
            "MOZ_GRAPHENE": false,
            "MOZ_MACBUNDLE_NAME": "Firefox.app",
            "MOZ_MAINTENANCE_SERVICE": false,
            "MOZ_MOZILLA_API_KEY": "3b4d27dd-703d-4094-8398-4de2c763505a",
            "MOZ_NEW_CERT_STORAGE": false,
            "MOZ_NEW_NOTIFICATION_STORE": false,
            "MOZ_NEW_XULSTORE": false,
            "MOZ_OFFICIAL_BRANDING": false,
            "MOZ_PLACES": false,
            "MOZ_REQUIRE_SIGNING": false,
            "MOZ_SANDBOX": false,
            "MOZ_SERVICES_HEALTHREPORT": true,
            "MOZ_SERVICES_SYNC": false,
            "MOZ_SWITCHBOARD": true,
            "MOZ_SYSTEM_NSS": false,
            "MOZ_TELEMETRY_ON_BY_DEFAULT": false,
            "MOZ_TELEMETRY_REPORTING": true,
            "MOZ_UNSIGNED_SCOPES": 0,
            "MOZ_UPDATER": false,
            "MOZ_UPDATE_CHANNEL": "release",
            "MOZ_WEBRTC": true,
            "MOZ_WIDGET_GTK": false,
            "MOZ_WIDGET_TOOLKIT": "android",
            "NIGHTLY_BUILD": false,
            "OMNIJAR_NAME": "assets/omni.ja",
            "RELEASE_OR_BETA": true,
            "SOURCE_REVISION_URL": "https://hg.mozilla.org/releases/mozilla-esr68/rev/d2e0b9e17b9bc1ef02606c8006b73293f7892ad5",
            "TELEMETRY_PING_FORMAT_VERSION": 4,
            "XP_UNIX": true,
            "isPlatformAndVersionAtLeast": {},
            "isPlatformAndVersionAtMost": {},
            "platform": "android"
          },
          "userAgent": "Mozilla/5.0 (Android 8.1.0; Mobile; rv:68.0) Gecko/68.0 Firefox/68.0",
          "windowSize": "360x560"
        },
        "pageinfo": {
          "documentHeight": 1925,
          "documentSize": {
            "decodedBodySize": 18386,
            "encodedBodySize": 4486,
            "transferSize": 4832
          },
          "documentTitle": "FC2 - Free Website, Analyzer, Blog, Rental Server, SEO Countermeasures, etc. -",
          "documentWidth": 321,
          "domElements": 385,
          "navigationStartTime": 1617079829512,
          "nextHopProtocol": "h2",
          "resources": {
            "count": 0,
            "duration": 0
          },
          "responsive": false,
          "url": "https://fc2.com/",
          "visualElements": {
            "heroes": [
              {
                "filename": "blank.gif",
                "height": 1,
                "name": "LargestImage",
                "width": 1,
                "x": 198,
                "y": 242
              },
              {
                "filename": null,
                "height": 36,
                "name": "Heading",
                "width": 320,
                "x": 0,
                "y": 425
              }
            ],
            "viewport": {
              "height": 498,
              "width": 320
            }
          }
        },
        "timings": {
          "firstPaint": 2072,
          "loadEventEnd": 3259,
          "navigationTiming": {
            "connectStart": 38,
            "domComplete": 3249,
            "domContentLoadedEventEnd": 2302,
            "domContentLoadedEventStart": 2272,
            "domInteractive": 2265,
            "domainLookupEnd": 38,
            "domainLookupStart": 37,
            "duration": 3259,
            "fetchStart": 3,
            "loadEventEnd": 3259,
            "loadEventStart": 3249,
            "redirectEnd": 0,
            "redirectStart": 0,
            "requestStart": 691,
            "responseEnd": 977,
            "responseStart": 976,
            "secureConnectionStart": 322,
            "startTime": 0,
            "unloadEventEnd": 0,
            "unloadEventStart": 0,
            "workerStart": 0
          },
          "pageTimings": {
            "backEndTime": 976,
            "domContentLoadedTime": 2272,
            "domInteractiveTime": 2265,
            "domainLookupTime": 0,
            "frontEndTime": 2272,
            "pageDownloadTime": 1,
            "pageLoadTime": 3249,
            "redirectionTime": 0,
            "serverConnectionTime": 652,
            "serverResponseTime": 286
          },
          "rumSpeedIndex": 975,
          "timeToContentfulPaint": 2187,
          "timeToDomContentFlushed": 2267,
          "userTimings": {
            "marks": [],
            "measures": []
          }
        }
      },
      {
        "browser": {
          "appConstants": {
            "ACCESSIBILITY": true,
            "ANDROID_PACKAGE_NAME": "org.mozilla.firefox",
            "ASAN": false,
            "ASAN_REPORTER": false,
            "BROWSER_CHROME_URL": "chrome://browser/content/browser.xul",
            "DEBUG": false,
            "DEBUG_JS_MODULES": "",
            "DLL_PREFIX": "lib",
            "DLL_SUFFIX": ".so",
            "EARLY_BETA_OR_EARLIER": false,
            "FENNEC_NIGHTLY": false,
            "HAVE_SHELL_SERVICE": false,
            "HAVE_USR_LIB64_DIR": false,
            "MENUBAR_CAN_AUTOHIDE": false,
            "MOZILLA_OFFICIAL": true,
            "MOZ_ALLOW_LEGACY_EXTENSIONS": false,
            "MOZ_ANDROID_ACTIVITY_STREAM": false,
            "MOZ_ANDROID_HISTORY": true,
            "MOZ_ANDROID_MOZILLA_ONLINE": false,
            "MOZ_APP_NAME": "fennec",
            "MOZ_APP_VERSION": "68.1.1",
            "MOZ_APP_VERSION_DISPLAY": "68.1.1",
            "MOZ_BING_API_CLIENTID": "no-bing-api-clientid",
            "MOZ_BING_API_KEY": "no-bing-api-key",
            "MOZ_BITS_DOWNLOAD": false,
            "MOZ_BUILD_APP": "mobile/android",
            "MOZ_CODE_COVERAGE": false,
            "MOZ_CRASHREPORTER": true,
            "MOZ_DATA_REPORTING": true,
            "MOZ_DEV_EDITION": false,
            "MOZ_GECKO_PROFILER": true,
            "MOZ_GOOGLE_LOCATION_SERVICE_API_KEY": "AIzaSyB2h2OuRcUgy5N-5hsZqiPW6sH3n_rptiQ",
            "MOZ_GOOGLE_SAFEBROWSING_API_KEY": "AIzaSyC7jsptDS3am4tPx4r3nxis7IMjBc5Dovo",
            "MOZ_GRAPHENE": false,
            "MOZ_MACBUNDLE_NAME": "Firefox.app",
            "MOZ_MAINTENANCE_SERVICE": false,
            "MOZ_MOZILLA_API_KEY": "3b4d27dd-703d-4094-8398-4de2c763505a",
            "MOZ_NEW_CERT_STORAGE": false,
            "MOZ_NEW_NOTIFICATION_STORE": false,
            "MOZ_NEW_XULSTORE": false,
            "MOZ_OFFICIAL_BRANDING": false,
            "MOZ_PLACES": false,
            "MOZ_REQUIRE_SIGNING": false,
            "MOZ_SANDBOX": false,
            "MOZ_SERVICES_HEALTHREPORT": true,
            "MOZ_SERVICES_SYNC": false,
            "MOZ_SWITCHBOARD": true,
            "MOZ_SYSTEM_NSS": false,
            "MOZ_TELEMETRY_ON_BY_DEFAULT": false,
            "MOZ_TELEMETRY_REPORTING": true,
            "MOZ_UNSIGNED_SCOPES": 0,
            "MOZ_UPDATER": false,
            "MOZ_UPDATE_CHANNEL": "release",
            "MOZ_WEBRTC": true,
            "MOZ_WIDGET_GTK": false,
            "MOZ_WIDGET_TOOLKIT": "android",
            "NIGHTLY_BUILD": false,
            "OMNIJAR_NAME": "assets/omni.ja",
            "RELEASE_OR_BETA": true,
            "SOURCE_REVISION_URL": "https://hg.mozilla.org/releases/mozilla-esr68/rev/d2e0b9e17b9bc1ef02606c8006b73293f7892ad5",
            "TELEMETRY_PING_FORMAT_VERSION": 4,
            "XP_UNIX": true,
            "isPlatformAndVersionAtLeast": {},
            "isPlatformAndVersionAtMost": {},
            "platform": "android"
          },
          "asyncAppConstants": {
            "ACCESSIBILITY": true,
            "ANDROID_PACKAGE_NAME": "org.mozilla.firefox",
            "ASAN": false,
            "ASAN_REPORTER": false,
            "BROWSER_CHROME_URL": "chrome://browser/content/browser.xul",
            "DEBUG": false,
            "DEBUG_JS_MODULES": "",
            "DLL_PREFIX": "lib",
            "DLL_SUFFIX": ".so",
            "EARLY_BETA_OR_EARLIER": false,
            "FENNEC_NIGHTLY": false,
            "HAVE_SHELL_SERVICE": false,
            "HAVE_USR_LIB64_DIR": false,
            "MENUBAR_CAN_AUTOHIDE": false,
            "MOZILLA_OFFICIAL": true,
            "MOZ_ALLOW_LEGACY_EXTENSIONS": false,
            "MOZ_ANDROID_ACTIVITY_STREAM": false,
            "MOZ_ANDROID_HISTORY": true,
            "MOZ_ANDROID_MOZILLA_ONLINE": false,
            "MOZ_APP_NAME": "fennec",
            "MOZ_APP_VERSION": "68.1.1",
            "MOZ_APP_VERSION_DISPLAY": "68.1.1",
            "MOZ_BING_API_CLIENTID": "no-bing-api-clientid",
            "MOZ_BING_API_KEY": "no-bing-api-key",
            "MOZ_BITS_DOWNLOAD": false,
            "MOZ_BUILD_APP": "mobile/android",
            "MOZ_CODE_COVERAGE": false,
            "MOZ_CRASHREPORTER": true,
            "MOZ_DATA_REPORTING": true,
            "MOZ_DEV_EDITION": false,
            "MOZ_GECKO_PROFILER": true,
            "MOZ_GOOGLE_LOCATION_SERVICE_API_KEY": "AIzaSyB2h2OuRcUgy5N-5hsZqiPW6sH3n_rptiQ",
            "MOZ_GOOGLE_SAFEBROWSING_API_KEY": "AIzaSyC7jsptDS3am4tPx4r3nxis7IMjBc5Dovo",
            "MOZ_GRAPHENE": false,
            "MOZ_MACBUNDLE_NAME": "Firefox.app",
            "MOZ_MAINTENANCE_SERVICE": false,
            "MOZ_MOZILLA_API_KEY": "3b4d27dd-703d-4094-8398-4de2c763505a",
            "MOZ_NEW_CERT_STORAGE": false,
            "MOZ_NEW_NOTIFICATION_STORE": false,
            "MOZ_NEW_XULSTORE": false,
            "MOZ_OFFICIAL_BRANDING": false,
            "MOZ_PLACES": false,
            "MOZ_REQUIRE_SIGNING": false,
            "MOZ_SANDBOX": false,
            "MOZ_SERVICES_HEALTHREPORT": true,
            "MOZ_SERVICES_SYNC": false,
            "MOZ_SWITCHBOARD": true,
            "MOZ_SYSTEM_NSS": false,
            "MOZ_TELEMETRY_ON_BY_DEFAULT": false,
            "MOZ_TELEMETRY_REPORTING": true,
            "MOZ_UNSIGNED_SCOPES": 0,
            "MOZ_UPDATER": false,
            "MOZ_UPDATE_CHANNEL": "release",
            "MOZ_WEBRTC": true,
            "MOZ_WIDGET_GTK": false,
            "MOZ_WIDGET_TOOLKIT": "android",
            "NIGHTLY_BUILD": false,
            "OMNIJAR_NAME": "assets/omni.ja",
            "RELEASE_OR_BETA": true,
            "SOURCE_REVISION_URL": "https://hg.mozilla.org/releases/mozilla-esr68/rev/d2e0b9e17b9bc1ef02606c8006b73293f7892ad5",
            "TELEMETRY_PING_FORMAT_VERSION": 4,
            "XP_UNIX": true,
            "isPlatformAndVersionAtLeast": {},
            "isPlatformAndVersionAtMost": {},
            "platform": "android"
          },
          "userAgent": "Mozilla/5.0 (Android 8.1.0; Mobile; rv:68.0) Gecko/68.0 Firefox/68.0",
          "windowSize": "360x560"
        },
        "pageinfo": {
          "documentHeight": 1925,
          "documentSize": {
            "decodedBodySize": 18386,
            "encodedBodySize": 4486,
            "transferSize": 4832
          },
          "documentTitle": "FC2 - Free Website, Analyzer, Blog, Rental Server, SEO Countermeasures, etc. -",
          "documentWidth": 321,
          "domElements": 385,
          "navigationStartTime": 1617079853779,
          "nextHopProtocol": "h2",
          "resources": {
            "count": 0,
            "duration": 0
          },
          "responsive": false,
          "url": "https://fc2.com/",
          "visualElements": {
            "heroes": [
              {
                "filename": "blank.gif",
                "height": 1,
                "name": "LargestImage",
                "width": 1,
                "x": 198,
                "y": 242
              },
              {
                "filename": null,
                "height": 36,
                "name": "Heading",
                "width": 320,
                "x": 0,
                "y": 425
              }
            ],
            "viewport": {
              "height": 498,
              "width": 320
            }
          }
        },
        "timings": {
          "firstPaint": 1987,
          "loadEventEnd": 3448,
          "navigationTiming": {
            "connectStart": 43,
            "domComplete": 3438,
            "domContentLoadedEventEnd": 2377,
            "domContentLoadedEventStart": 2340,
            "domInteractive": 2328,
            "domainLookupEnd": 42,
            "domainLookupStart": 42,
            "duration": 3448,
            "fetchStart": 3,
            "loadEventEnd": 3448,
            "loadEventStart": 3438,
            "redirectEnd": 0,
            "redirectStart": 0,
            "requestStart": 724,
            "responseEnd": 1021,
            "responseStart": 1021,
            "secureConnectionStart": 340,
            "startTime": 0,
            "unloadEventEnd": 0,
            "unloadEventStart": 0,
            "workerStart": 0
          },
          "pageTimings": {
            "backEndTime": 1021,
            "domContentLoadedTime": 2340,
            "domInteractiveTime": 2328,
            "domainLookupTime": 0,
            "frontEndTime": 2417,
            "pageDownloadTime": 0,
            "pageLoadTime": 3438,
            "redirectionTime": 0,
            "serverConnectionTime": 681,
            "serverResponseTime": 297
          },
          "rumSpeedIndex": 1020,
          "timeToContentfulPaint": 2357,
          "timeToDomContentFlushed": 2385,
          "userTimings": {
            "marks": [],
            "measures": []
          }
        }
      }
    ],
    "visualMetrics": [],
    "cpu": [],
    "extras": [
      {},
      {},
      {}
    ],
    "fullyLoaded": [],
    "errors": [
      [],
      [],
      []
    ],
    "statistics": {
      "browser": {
        "appConstants": {
          "MOZ_UNSIGNED_SCOPES": {
            "median": 0,
            "mean": 0,
            "mdev": 0,
            "stddev": 0,
            "min": 0,
            "p10": 0,
            "p90": 0,
            "p99": 0,
            "max": 0
          },
          "TELEMETRY_PING_FORMAT_VERSION": {
            "median": 4,
            "mean": 4,
            "mdev": 0,
            "stddev": 0,
            "min": 4,
            "p10": 4,
            "p90": 4,
            "p99": 4,
            "max": 4
          }
        },
        "asyncAppConstants": {
          "MOZ_UNSIGNED_SCOPES": {
            "median": 0,
            "mean": 0,
            "mdev": 0,
            "stddev": 0,
            "min": 0,
            "p10": 0,
            "p90": 0,
            "p99": 0,
            "max": 0
          },
          "TELEMETRY_PING_FORMAT_VERSION": {
            "median": 4,
            "mean": 4,
            "mdev": 0,
            "stddev": 0,
            "min": 4,
            "p10": 4,
            "p90": 4,
            "p99": 4,
            "max": 4
          }
        }
      },
      "pageinfo": {
        "documentHeight": {
          "median": 1925,
          "mean": 1925,
          "mdev": 0,
          "stddev": 0,
          "min": 1925,
          "p10": 1925,
          "p90": 1925,
          "p99": 1925,
          "max": 1925
        },
        "documentSize": {
          "decodedBodySize": {
            "median": 18386,
            "mean": 18386,
            "mdev": 0,
            "stddev": 0,
            "min": 18386,
            "p10": 18386,
            "p90": 18386,
            "p99": 18386,
            "max": 18386
          },
          "encodedBodySize": {
            "median": 4486,
            "mean": 4486,
            "mdev": 0,
            "stddev": 0,
            "min": 4486,
            "p10": 4486,
            "p90": 4486,
            "p99": 4486,
            "max": 4486
          },
          "transferSize": {
            "median": 4832,
            "mean": 4832,
            "mdev": 0,
            "stddev": 0,
            "min": 4832,
            "p10": 4832,
            "p90": 4832,
            "p99": 4832,
            "max": 4832
          }
        },
        "documentWidth": {
          "median": 321,
          "mean": 321,
          "mdev": 0,
          "stddev": 0,
          "min": 321,
          "p10": 321,
          "p90": 321,
          "p99": 321,
          "max": 321
        },
        "domElements": {
          "median": 385,
          "mean": 385,
          "mdev": 0,
          "stddev": 0,
          "min": 385,
          "p10": 385,
          "p90": 385,
          "p99": 385,
          "max": 385
        },
        "navigationStartTime": {
          "median": 1617079829512,
          "mean": 1617079830540,
          "mdev": 12612.4091,
          "stddev": 21845,
          "min": 1617079808329,
          "p10": 1617079808329,
          "p90": 1617079853779,
          "p99": 1617079853779,
          "max": 1617079853779
        },
        "resources": {
          "count": {
            "median": 0,
            "mean": 0,
            "mdev": 0,
            "stddev": 0,
            "min": 0,
            "p10": 0,
            "p90": 0,
            "p99": 0,
            "max": 0
          },
          "duration": {
            "median": 0,
            "mean": 0,
            "mdev": 0,
            "stddev": 0,
            "min": 0,
            "p10": 0,
            "p90": 0,
            "p99": 0,
            "max": 0
          }
        },
        "visualElements": {
          "heroes": [
            {
              "height": {
                "median": 1,
                "mean": 1,
                "mdev": 0,
                "stddev": 0,
                "min": 1,
                "p10": 1,
                "p90": 1,
                "p99": 1,
                "max": 1
              },
              "width": {
                "median": 1,
                "mean": 1,
                "mdev": 0,
                "stddev": 0,
                "min": 1,
                "p10": 1,
                "p90": 1,
                "p99": 1,
                "max": 1
              },
              "x": {
                "median": 198,
                "mean": 198,
                "mdev": 0,
                "stddev": 0,
                "min": 198,
                "p10": 198,
                "p90": 198,
                "p99": 198,
                "max": 198
              },
              "y": {
                "median": 242,
                "mean": 242,
                "mdev": 0,
                "stddev": 0,
                "min": 242,
                "p10": 242,
                "p90": 242,
                "p99": 242,
                "max": 242
              }
            },
            {
              "height": {
                "median": 36,
                "mean": 36,
                "mdev": 0,
                "stddev": 0,
                "min": 36,
                "p10": 36,
                "p90": 36,
                "p99": 36,
                "max": 36
              },
              "width": {
                "median": 320,
                "mean": 320,
                "mdev": 0,
                "stddev": 0,
                "min": 320,
                "p10": 320,
                "p90": 320,
                "p99": 320,
                "max": 320
              },
              "x": {
                "median": 0,
                "mean": 0,
                "mdev": 0,
                "stddev": 0,
                "min": 0,
                "p10": 0,
                "p90": 0,
                "p99": 0,
                "max": 0
              },
              "y": {
                "median": 425,
                "mean": 425,
                "mdev": 0,
                "stddev": 0,
                "min": 425,
                "p10": 425,
                "p90": 425,
                "p99": 425,
                "max": 425
              }
            }
          ],
          "viewport": {
            "height": {
              "median": 498,
              "mean": 498,
              "mdev": 0,
              "stddev": 0,
              "min": 498,
              "p10": 498,
              "p90": 498,
              "p99": 498,
              "max": 498
            },
            "width": {
              "median": 320,
              "mean": 320,
              "mdev": 0,
              "stddev": 0,
              "min": 320,
              "p10": 320,
              "p90": 320,
              "p99": 320,
              "max": 320
            }
          }
        }
      },
      "timings": {
        "firstPaint": {
          "median": 2072,
          "mean": 2071,
          "mdev": 39.5989,
          "stddev": 69,
          "min": 1987,
          "p10": 1987,
          "p90": 2155,
          "p99": 2155,
          "max": 2155
        },
        "loadEventEnd": {
          "median": 3448,
          "mean": 3456,
          "mdev": 95.0489,
          "stddev": 165,
          "min": 3259,
          "p10": 3259,
          "p90": 3662,
          "p99": 3662,
          "max": 3662
        },
        "navigationTiming": {
          "connectStart": {
            "median": 43,
            "mean": 123,
            "mdev": 67.0992,
            "stddev": 116,
            "min": 38,
            "p10": 38,
            "p90": 287,
            "p99": 287,
            "max": 287
          },
          "domComplete": {
            "median": 3438,
            "mean": 3445,
            "mdev": 94.0886,
            "stddev": 163,
            "min": 3249,
            "p10": 3249,
            "p90": 3648,
            "p99": 3648,
            "max": 3648
          },
          "domContentLoadedEventEnd": {
            "median": 2377,
            "mean": 2434,
            "mdev": 78.8928,
            "stddev": 137,
            "min": 2302,
            "p10": 2302,
            "p90": 2622,
            "p99": 2622,
            "max": 2622
          },
          "domContentLoadedEventStart": {
            "median": 2340,
            "mean": 2398,
            "mdev": 76.8086,
            "stddev": 133,
            "min": 2272,
            "p10": 2272,
            "p90": 2582,
            "p99": 2582,
            "max": 2582
          },
          "domInteractive": {
            "median": 2328,
            "mean": 2390,
            "mdev": 78.0404,
            "stddev": 135,
            "min": 2265,
            "p10": 2265,
            "p90": 2578,
            "p99": 2578,
            "max": 2578
          },
          "domainLookupEnd": {
            "median": 42,
            "mean": 122,
            "mdev": 67.2315,
            "stddev": 116,
            "min": 38,
            "p10": 38,
            "p90": 287,
            "p99": 287,
            "max": 287
          },
          "domainLookupStart": {
            "median": 42,
            "mean": 122,
            "mdev": 67.3713,
            "stddev": 117,
            "min": 37,
            "p10": 37,
            "p90": 287,
            "p99": 287,
            "max": 287
          },
          "duration": {
            "median": 3448,
            "mean": 3456,
            "mdev": 95.0489,
            "stddev": 165,
            "min": 3259,
            "p10": 3259,
            "p90": 3662,
            "p99": 3662,
            "max": 3662
          },
          "fetchStart": {
            "median": 3,
            "mean": 3,
            "mdev": 0,
            "stddev": 0,
            "min": 3,
            "p10": 3,
            "p90": 3,
            "p99": 3,
            "max": 3
          },
          "loadEventEnd": {
            "median": 3448,
            "mean": 3456,
            "mdev": 95.0489,
            "stddev": 165,
            "min": 3259,
            "p10": 3259,
            "p90": 3662,
            "p99": 3662,
            "max": 3662
          },
          "loadEventStart": {
            "median": 3438,
            "mean": 3445,
            "mdev": 94.0886,
            "stddev": 163,
            "min": 3249,
            "p10": 3249,
            "p90": 3648,
            "p99": 3648,
            "max": 3648
          },
          "redirectEnd": {
            "median": 0,
            "mean": 0,
            "mdev": 0,
            "stddev": 0,
            "min": 0,
            "p10": 0,
            "p90": 0,
            "p99": 0,
            "max": 0
          },
          "redirectStart": {
            "median": 0,
            "mean": 0,
            "mdev": 0,
            "stddev": 0,
            "min": 0,
            "p10": 0,
            "p90": 0,
            "p99": 0,
            "max": 0
          },
          "requestStart": {
            "median": 724,
            "mean": 780,
            "mdev": 59.9747,
            "stddev": 104,
            "min": 691,
            "p10": 691,
            "p90": 926,
            "p99": 926,
            "max": 926
          },
          "responseEnd": {
            "median": 1021,
            "mean": 1073,
            "mdev": 61.3043,
            "stddev": 106,
            "min": 977,
            "p10": 977,
            "p90": 1221,
            "p99": 1221,
            "max": 1221
          },
          "responseStart": {
            "median": 1021,
            "mean": 1073,
            "mdev": 61.4787,
            "stddev": 106,
            "min": 976,
            "p10": 976,
            "p90": 1221,
            "p99": 1221,
            "max": 1221
          },
          "secureConnectionStart": {
            "median": 340,
            "mean": 409,
            "mdev": 63.5563,
            "stddev": 110,
            "min": 322,
            "p10": 322,
            "p90": 564,
            "p99": 564,
            "max": 564
          },
          "startTime": {
            "median": 0,
            "mean": 0,
            "mdev": 0,
            "stddev": 0,
            "min": 0,
            "p10": 0,
            "p90": 0,
            "p99": 0,
            "max": 0
          },
          "unloadEventEnd": {
            "median": 0,
            "mean": 0,
            "mdev": 0,
            "stddev": 0,
            "min": 0,
            "p10": 0,
            "p90": 0,
            "p99": 0,
            "max": 0
          },
          "unloadEventStart": {
            "median": 0,
            "mean": 0,
            "mdev": 0,
            "stddev": 0,
            "min": 0,
            "p10": 0,
            "p90": 0,
            "p99": 0,
            "max": 0
          },
          "workerStart": {
            "median": 0,
            "mean": 0,
            "mdev": 0,
            "stddev": 0,
            "min": 0,
            "p10": 0,
            "p90": 0,
            "p99": 0,
            "max": 0
          }
        },
        "pageTimings": {
          "backEndTime": {
            "median": 1021,
            "mean": 1073,
            "mdev": 61.4787,
            "stddev": 106,
            "min": 976,
            "p10": 976,
            "p90": 1221,
            "p99": 1221,
            "max": 1221
          },
          "domContentLoadedTime": {
            "median": 2340,
            "mean": 2398,
            "mdev": 76.8086,
            "stddev": 133,
            "min": 2272,
            "p10": 2272,
            "p90": 2582,
            "p99": 2582,
            "max": 2582
          },
          "domInteractiveTime": {
            "median": 2328,
            "mean": 2390,
            "mdev": 78.0404,
            "stddev": 135,
            "min": 2265,
            "p10": 2265,
            "p90": 2578,
            "p99": 2578,
            "max": 2578
          },
          "domainLookupTime": {
            "median": 0,
            "mean": 0,
            "mdev": 0,
            "stddev": 0,
            "min": 0,
            "p10": 0,
            "p90": 0,
            "p99": 0,
            "max": 0
          },
          "frontEndTime": {
            "median": 2417,
            "mean": 2372,
            "mdev": 40.8928,
            "stddev": 71,
            "min": 2272,
            "p10": 2272,
            "p90": 2427,
            "p99": 2427,
            "max": 2427
          },
          "pageDownloadTime": {
            "median": 0,
            "mean": 0,
            "mdev": 0.2722,
            "stddev": 0,
            "min": 0,
            "p10": 0,
            "p90": 1,
            "p99": 1,
            "max": 1
          },
          "pageLoadTime": {
            "median": 3438,
            "mean": 3445,
            "mdev": 94.0886,
            "stddev": 163,
            "min": 3249,
            "p10": 3249,
            "p90": 3648,
            "p99": 3648,
            "max": 3648
          },
          "redirectionTime": {
            "median": 0,
            "mean": 0,
            "mdev": 0,
            "stddev": 0,
            "min": 0,
            "p10": 0,
            "p90": 0,
            "p99": 0,
            "max": 0
          },
          "serverConnectionTime": {
            "median": 652,
            "mean": 657,
            "mdev": 10.5444,
            "stddev": 18,
            "min": 637,
            "p10": 637,
            "p90": 681,
            "p99": 681,
            "max": 681
          },
          "serverResponseTime": {
            "median": 296,
            "mean": 293,
            "mdev": 2.8674,
            "stddev": 5,
            "min": 286,
            "p10": 286,
            "p90": 297,
            "p99": 297,
            "max": 297
          }
        },
        "rumSpeedIndex": {
          "median": 1020,
          "mean": 1072,
          "mdev": 61.4787,
          "stddev": 106,
          "min": 975,
          "p10": 975,
          "p90": 1220,
          "p99": 1220,
          "max": 1220
        },
        "timeToContentfulPaint": {
          "median": 2357,
          "mean": 2379,
          "mdev": 96.3631,
          "stddev": 167,
          "min": 2187,
          "p10": 2187,
          "p90": 2594,
          "p99": 2594,
          "max": 2594
        },
        "timeToDomContentFlushed": {
          "median": 2385,
          "mean": 2430,
          "mdev": 89.3545,
          "stddev": 155,
          "min": 2267,
          "p10": 2267,
          "p90": 2638,
          "p99": 2638,
          "max": 2638
        }
      }
    }
  }
]