[
  {
    "info": {
      "browsertime": {
        "version": "8.4.0"
      },
      "url": "http://sohu.com/",
      "timestamp": "2021-03-30T14:15:40+04:00",
      "connectivity": {
        "engine": "external",
        "profile": "native"
      },
      "extra": {}
    },
    "files": {
      "video": [],
      "screenshot": [],
      "timeline": [],
      "consoleLog": [],
      "netLog": [],
      "perfLog": []
    },
    "cdp": {
      "performance": []
    },
    "timestamps": [
      "2021-03-30T14:15:03+04:00",
      "2021-03-30T14:15:47+04:00",
      "2021-03-30T14:17:03+04:00"
    ],
    "browserScripts": [
      {
        "browser": {
          "appConstants": {
            "ACCESSIBILITY": true,
            "ANDROID_PACKAGE_NAME": "org.mozilla.firefox",
            "ASAN": false,
            "ASAN_REPORTER": false,
            "BROWSER_CHROME_URL": "chrome://browser/content/browser.xul",
            "DEBUG": false,
            "DEBUG_JS_MODULES": "",
            "DLL_PREFIX": "lib",
            "DLL_SUFFIX": ".so",
            "EARLY_BETA_OR_EARLIER": false,
            "FENNEC_NIGHTLY": false,
            "HAVE_SHELL_SERVICE": false,
            "HAVE_USR_LIB64_DIR": false,
            "MENUBAR_CAN_AUTOHIDE": false,
            "MOZILLA_OFFICIAL": true,
            "MOZ_ALLOW_LEGACY_EXTENSIONS": false,
            "MOZ_ANDROID_ACTIVITY_STREAM": false,
            "MOZ_ANDROID_HISTORY": true,
            "MOZ_ANDROID_MOZILLA_ONLINE": false,
            "MOZ_APP_NAME": "fennec",
            "MOZ_APP_VERSION": "68.1.1",
            "MOZ_APP_VERSION_DISPLAY": "68.1.1",
            "MOZ_BING_API_CLIENTID": "no-bing-api-clientid",
            "MOZ_BING_API_KEY": "no-bing-api-key",
            "MOZ_BITS_DOWNLOAD": false,
            "MOZ_BUILD_APP": "mobile/android",
            "MOZ_CODE_COVERAGE": false,
            "MOZ_CRASHREPORTER": true,
            "MOZ_DATA_REPORTING": true,
            "MOZ_DEV_EDITION": false,
            "MOZ_GECKO_PROFILER": true,
            "MOZ_GOOGLE_LOCATION_SERVICE_API_KEY": "AIzaSyB2h2OuRcUgy5N-5hsZqiPW6sH3n_rptiQ",
            "MOZ_GOOGLE_SAFEBROWSING_API_KEY": "AIzaSyC7jsptDS3am4tPx4r3nxis7IMjBc5Dovo",
            "MOZ_GRAPHENE": false,
            "MOZ_MACBUNDLE_NAME": "Firefox.app",
            "MOZ_MAINTENANCE_SERVICE": false,
            "MOZ_MOZILLA_API_KEY": "3b4d27dd-703d-4094-8398-4de2c763505a",
            "MOZ_NEW_CERT_STORAGE": false,
            "MOZ_NEW_NOTIFICATION_STORE": false,
            "MOZ_NEW_XULSTORE": false,
            "MOZ_OFFICIAL_BRANDING": false,
            "MOZ_PLACES": false,
            "MOZ_REQUIRE_SIGNING": false,
            "MOZ_SANDBOX": false,
            "MOZ_SERVICES_HEALTHREPORT": true,
            "MOZ_SERVICES_SYNC": false,
            "MOZ_SWITCHBOARD": true,
            "MOZ_SYSTEM_NSS": false,
            "MOZ_TELEMETRY_ON_BY_DEFAULT": false,
            "MOZ_TELEMETRY_REPORTING": true,
            "MOZ_UNSIGNED_SCOPES": 0,
            "MOZ_UPDATER": false,
            "MOZ_UPDATE_CHANNEL": "release",
            "MOZ_WEBRTC": true,
            "MOZ_WIDGET_GTK": false,
            "MOZ_WIDGET_TOOLKIT": "android",
            "NIGHTLY_BUILD": false,
            "OMNIJAR_NAME": "assets/omni.ja",
            "RELEASE_OR_BETA": true,
            "SOURCE_REVISION_URL": "https://hg.mozilla.org/releases/mozilla-esr68/rev/d2e0b9e17b9bc1ef02606c8006b73293f7892ad5",
            "TELEMETRY_PING_FORMAT_VERSION": 4,
            "XP_UNIX": true,
            "isPlatformAndVersionAtLeast": {},
            "isPlatformAndVersionAtMost": {},
            "platform": "android"
          },
          "asyncAppConstants": {
            "ACCESSIBILITY": true,
            "ANDROID_PACKAGE_NAME": "org.mozilla.firefox",
            "ASAN": false,
            "ASAN_REPORTER": false,
            "BROWSER_CHROME_URL": "chrome://browser/content/browser.xul",
            "DEBUG": false,
            "DEBUG_JS_MODULES": "",
            "DLL_PREFIX": "lib",
            "DLL_SUFFIX": ".so",
            "EARLY_BETA_OR_EARLIER": false,
            "FENNEC_NIGHTLY": false,
            "HAVE_SHELL_SERVICE": false,
            "HAVE_USR_LIB64_DIR": false,
            "MENUBAR_CAN_AUTOHIDE": false,
            "MOZILLA_OFFICIAL": true,
            "MOZ_ALLOW_LEGACY_EXTENSIONS": false,
            "MOZ_ANDROID_ACTIVITY_STREAM": false,
            "MOZ_ANDROID_HISTORY": true,
            "MOZ_ANDROID_MOZILLA_ONLINE": false,
            "MOZ_APP_NAME": "fennec",
            "MOZ_APP_VERSION": "68.1.1",
            "MOZ_APP_VERSION_DISPLAY": "68.1.1",
            "MOZ_BING_API_CLIENTID": "no-bing-api-clientid",
            "MOZ_BING_API_KEY": "no-bing-api-key",
            "MOZ_BITS_DOWNLOAD": false,
            "MOZ_BUILD_APP": "mobile/android",
            "MOZ_CODE_COVERAGE": false,
            "MOZ_CRASHREPORTER": true,
            "MOZ_DATA_REPORTING": true,
            "MOZ_DEV_EDITION": false,
            "MOZ_GECKO_PROFILER": true,
            "MOZ_GOOGLE_LOCATION_SERVICE_API_KEY": "AIzaSyB2h2OuRcUgy5N-5hsZqiPW6sH3n_rptiQ",
            "MOZ_GOOGLE_SAFEBROWSING_API_KEY": "AIzaSyC7jsptDS3am4tPx4r3nxis7IMjBc5Dovo",
            "MOZ_GRAPHENE": false,
            "MOZ_MACBUNDLE_NAME": "Firefox.app",
            "MOZ_MAINTENANCE_SERVICE": false,
            "MOZ_MOZILLA_API_KEY": "3b4d27dd-703d-4094-8398-4de2c763505a",
            "MOZ_NEW_CERT_STORAGE": false,
            "MOZ_NEW_NOTIFICATION_STORE": false,
            "MOZ_NEW_XULSTORE": false,
            "MOZ_OFFICIAL_BRANDING": false,
            "MOZ_PLACES": false,
            "MOZ_REQUIRE_SIGNING": false,
            "MOZ_SANDBOX": false,
            "MOZ_SERVICES_HEALTHREPORT": true,
            "MOZ_SERVICES_SYNC": false,
            "MOZ_SWITCHBOARD": true,
            "MOZ_SYSTEM_NSS": false,
            "MOZ_TELEMETRY_ON_BY_DEFAULT": false,
            "MOZ_TELEMETRY_REPORTING": true,
            "MOZ_UNSIGNED_SCOPES": 0,
            "MOZ_UPDATER": false,
            "MOZ_UPDATE_CHANNEL": "release",
            "MOZ_WEBRTC": true,
            "MOZ_WIDGET_GTK": false,
            "MOZ_WIDGET_TOOLKIT": "android",
            "NIGHTLY_BUILD": false,
            "OMNIJAR_NAME": "assets/omni.ja",
            "RELEASE_OR_BETA": true,
            "SOURCE_REVISION_URL": "https://hg.mozilla.org/releases/mozilla-esr68/rev/d2e0b9e17b9bc1ef02606c8006b73293f7892ad5",
            "TELEMETRY_PING_FORMAT_VERSION": 4,
            "XP_UNIX": true,
            "isPlatformAndVersionAtLeast": {},
            "isPlatformAndVersionAtMost": {},
            "platform": "android"
          },
          "userAgent": "Mozilla/5.0 (Android 9; Mobile; rv:68.0) Gecko/68.0 Firefox/68.0",
          "windowSize": "360x612"
        },
        "pageinfo": {
          "documentHeight": 12250,
          "documentSize": {
            "decodedBodySize": 228890,
            "encodedBodySize": 39681,
            "transferSize": 40125
          },
          "documentTitle": "手机搜狐网",
          "documentWidth": 360,
          "domElements": 1293,
          "navigationStartTime": 1617099303667,
          "nextHopProtocol": "h2",
          "resources": {
            "count": 0,
            "duration": 0
          },
          "responsive": true,
          "url": "https://m.sohu.com/?pvid=000115_3w_index&jump=front",
          "visualElements": {
            "heroes": [
              {
                "filename": "20f8005c7d2951e077d18c57d1632b73.jpg",
                "height": 160,
                "name": "LargestImage",
                "width": 320,
                "x": 20,
                "y": 132
              }
            ],
            "viewport": {
              "height": 612,
              "width": 360
            }
          }
        },
        "timings": {
          "firstPaint": 1724,
          "loadEventEnd": 30994,
          "navigationTiming": {
            "connectStart": 862,
            "domComplete": 30958,
            "domContentLoadedEventEnd": 3433,
            "domContentLoadedEventStart": 3427,
            "domInteractive": 2995,
            "domainLookupEnd": 861,
            "domainLookupStart": 861,
            "duration": 30994,
            "fetchStart": 815,
            "loadEventEnd": 30994,
            "loadEventStart": 30959,
            "redirectEnd": 811,
            "redirectStart": 3,
            "requestStart": 1185,
            "responseEnd": 1477,
            "responseStart": 1477,
            "secureConnectionStart": 999,
            "startTime": 0,
            "unloadEventEnd": 0,
            "unloadEventStart": 0,
            "workerStart": 0
          },
          "pageTimings": {
            "backEndTime": 1477,
            "domContentLoadedTime": 3427,
            "domInteractiveTime": 2995,
            "domainLookupTime": 0,
            "frontEndTime": 29482,
            "pageDownloadTime": 0,
            "pageLoadTime": 30959,
            "redirectionTime": 809,
            "serverConnectionTime": 322,
            "serverResponseTime": 292
          },
          "rumSpeedIndex": 1476,
          "timeToContentfulPaint": 1797,
          "timeToDomContentFlushed": 3353,
          "timeToFirstInteractive": 14532,
          "userTimings": {
            "marks": [],
            "measures": []
          }
        }
      },
      {
        "browser": {
          "appConstants": {
            "ACCESSIBILITY": true,
            "ANDROID_PACKAGE_NAME": "org.mozilla.firefox",
            "ASAN": false,
            "ASAN_REPORTER": false,
            "BROWSER_CHROME_URL": "chrome://browser/content/browser.xul",
            "DEBUG": false,
            "DEBUG_JS_MODULES": "",
            "DLL_PREFIX": "lib",
            "DLL_SUFFIX": ".so",
            "EARLY_BETA_OR_EARLIER": false,
            "FENNEC_NIGHTLY": false,
            "HAVE_SHELL_SERVICE": false,
            "HAVE_USR_LIB64_DIR": false,
            "MENUBAR_CAN_AUTOHIDE": false,
            "MOZILLA_OFFICIAL": true,
            "MOZ_ALLOW_LEGACY_EXTENSIONS": false,
            "MOZ_ANDROID_ACTIVITY_STREAM": false,
            "MOZ_ANDROID_HISTORY": true,
            "MOZ_ANDROID_MOZILLA_ONLINE": false,
            "MOZ_APP_NAME": "fennec",
            "MOZ_APP_VERSION": "68.1.1",
            "MOZ_APP_VERSION_DISPLAY": "68.1.1",
            "MOZ_BING_API_CLIENTID": "no-bing-api-clientid",
            "MOZ_BING_API_KEY": "no-bing-api-key",
            "MOZ_BITS_DOWNLOAD": false,
            "MOZ_BUILD_APP": "mobile/android",
            "MOZ_CODE_COVERAGE": false,
            "MOZ_CRASHREPORTER": true,
            "MOZ_DATA_REPORTING": true,
            "MOZ_DEV_EDITION": false,
            "MOZ_GECKO_PROFILER": true,
            "MOZ_GOOGLE_LOCATION_SERVICE_API_KEY": "AIzaSyB2h2OuRcUgy5N-5hsZqiPW6sH3n_rptiQ",
            "MOZ_GOOGLE_SAFEBROWSING_API_KEY": "AIzaSyC7jsptDS3am4tPx4r3nxis7IMjBc5Dovo",
            "MOZ_GRAPHENE": false,
            "MOZ_MACBUNDLE_NAME": "Firefox.app",
            "MOZ_MAINTENANCE_SERVICE": false,
            "MOZ_MOZILLA_API_KEY": "3b4d27dd-703d-4094-8398-4de2c763505a",
            "MOZ_NEW_CERT_STORAGE": false,
            "MOZ_NEW_NOTIFICATION_STORE": false,
            "MOZ_NEW_XULSTORE": false,
            "MOZ_OFFICIAL_BRANDING": false,
            "MOZ_PLACES": false,
            "MOZ_REQUIRE_SIGNING": false,
            "MOZ_SANDBOX": false,
            "MOZ_SERVICES_HEALTHREPORT": true,
            "MOZ_SERVICES_SYNC": false,
            "MOZ_SWITCHBOARD": true,
            "MOZ_SYSTEM_NSS": false,
            "MOZ_TELEMETRY_ON_BY_DEFAULT": false,
            "MOZ_TELEMETRY_REPORTING": true,
            "MOZ_UNSIGNED_SCOPES": 0,
            "MOZ_UPDATER": false,
            "MOZ_UPDATE_CHANNEL": "release",
            "MOZ_WEBRTC": true,
            "MOZ_WIDGET_GTK": false,
            "MOZ_WIDGET_TOOLKIT": "android",
            "NIGHTLY_BUILD": false,
            "OMNIJAR_NAME": "assets/omni.ja",
            "RELEASE_OR_BETA": true,
            "SOURCE_REVISION_URL": "https://hg.mozilla.org/releases/mozilla-esr68/rev/d2e0b9e17b9bc1ef02606c8006b73293f7892ad5",
            "TELEMETRY_PING_FORMAT_VERSION": 4,
            "XP_UNIX": true,
            "isPlatformAndVersionAtLeast": {},
            "isPlatformAndVersionAtMost": {},
            "platform": "android"
          },
          "asyncAppConstants": {
            "ACCESSIBILITY": true,
            "ANDROID_PACKAGE_NAME": "org.mozilla.firefox",
            "ASAN": false,
            "ASAN_REPORTER": false,
            "BROWSER_CHROME_URL": "chrome://browser/content/browser.xul",
            "DEBUG": false,
            "DEBUG_JS_MODULES": "",
            "DLL_PREFIX": "lib",
            "DLL_SUFFIX": ".so",
            "EARLY_BETA_OR_EARLIER": false,
            "FENNEC_NIGHTLY": false,
            "HAVE_SHELL_SERVICE": false,
            "HAVE_USR_LIB64_DIR": false,
            "MENUBAR_CAN_AUTOHIDE": false,
            "MOZILLA_OFFICIAL": true,
            "MOZ_ALLOW_LEGACY_EXTENSIONS": false,
            "MOZ_ANDROID_ACTIVITY_STREAM": false,
            "MOZ_ANDROID_HISTORY": true,
            "MOZ_ANDROID_MOZILLA_ONLINE": false,
            "MOZ_APP_NAME": "fennec",
            "MOZ_APP_VERSION": "68.1.1",
            "MOZ_APP_VERSION_DISPLAY": "68.1.1",
            "MOZ_BING_API_CLIENTID": "no-bing-api-clientid",
            "MOZ_BING_API_KEY": "no-bing-api-key",
            "MOZ_BITS_DOWNLOAD": false,
            "MOZ_BUILD_APP": "mobile/android",
            "MOZ_CODE_COVERAGE": false,
            "MOZ_CRASHREPORTER": true,
            "MOZ_DATA_REPORTING": true,
            "MOZ_DEV_EDITION": false,
            "MOZ_GECKO_PROFILER": true,
            "MOZ_GOOGLE_LOCATION_SERVICE_API_KEY": "AIzaSyB2h2OuRcUgy5N-5hsZqiPW6sH3n_rptiQ",
            "MOZ_GOOGLE_SAFEBROWSING_API_KEY": "AIzaSyC7jsptDS3am4tPx4r3nxis7IMjBc5Dovo",
            "MOZ_GRAPHENE": false,
            "MOZ_MACBUNDLE_NAME": "Firefox.app",
            "MOZ_MAINTENANCE_SERVICE": false,
            "MOZ_MOZILLA_API_KEY": "3b4d27dd-703d-4094-8398-4de2c763505a",
            "MOZ_NEW_CERT_STORAGE": false,
            "MOZ_NEW_NOTIFICATION_STORE": false,
            "MOZ_NEW_XULSTORE": false,
            "MOZ_OFFICIAL_BRANDING": false,
            "MOZ_PLACES": false,
            "MOZ_REQUIRE_SIGNING": false,
            "MOZ_SANDBOX": false,
            "MOZ_SERVICES_HEALTHREPORT": true,
            "MOZ_SERVICES_SYNC": false,
            "MOZ_SWITCHBOARD": true,
            "MOZ_SYSTEM_NSS": false,
            "MOZ_TELEMETRY_ON_BY_DEFAULT": false,
            "MOZ_TELEMETRY_REPORTING": true,
            "MOZ_UNSIGNED_SCOPES": 0,
            "MOZ_UPDATER": false,
            "MOZ_UPDATE_CHANNEL": "release",
            "MOZ_WEBRTC": true,
            "MOZ_WIDGET_GTK": false,
            "MOZ_WIDGET_TOOLKIT": "android",
            "NIGHTLY_BUILD": false,
            "OMNIJAR_NAME": "assets/omni.ja",
            "RELEASE_OR_BETA": true,
            "SOURCE_REVISION_URL": "https://hg.mozilla.org/releases/mozilla-esr68/rev/d2e0b9e17b9bc1ef02606c8006b73293f7892ad5",
            "TELEMETRY_PING_FORMAT_VERSION": 4,
            "XP_UNIX": true,
            "isPlatformAndVersionAtLeast": {},
            "isPlatformAndVersionAtMost": {},
            "platform": "android"
          },
          "userAgent": "Mozilla/5.0 (Android 9; Mobile; rv:68.0) Gecko/68.0 Firefox/68.0",
          "windowSize": "360x612"
        },
        "pageinfo": {
          "documentHeight": 11530,
          "documentSize": {
            "decodedBodySize": 228716,
            "encodedBodySize": 39676,
            "transferSize": 40120
          },
          "documentTitle": "手机搜狐网",
          "documentWidth": 360,
          "domElements": 1241,
          "navigationStartTime": 1617099348403,
          "nextHopProtocol": "h2",
          "resources": {
            "count": 0,
            "duration": 0
          },
          "responsive": true,
          "url": "https://m.sohu.com/?pvid=000115_3w_index&jump=front",
          "visualElements": {
            "heroes": [
              {
                "filename": "20f8005c7d2951e077d18c57d1632b73.jpg",
                "height": 160,
                "name": "LargestImage",
                "width": 320,
                "x": 20,
                "y": 132
              }
            ],
            "viewport": {
              "height": 612,
              "width": 360
            }
          }
        },
        "timings": {
          "firstPaint": 1793,
          "loadEventEnd": 63065,
          "navigationTiming": {
            "connectStart": 836,
            "domComplete": 63035,
            "domContentLoadedEventEnd": 3413,
            "domContentLoadedEventStart": 3406,
            "domInteractive": 2975,
            "domainLookupEnd": 836,
            "domainLookupStart": 835,
            "duration": 63065,
            "fetchStart": 795,
            "loadEventEnd": 63065,
            "loadEventStart": 63035,
            "redirectEnd": 786,
            "redirectStart": 3,
            "requestStart": 1200,
            "responseEnd": 1537,
            "responseStart": 1537,
            "secureConnectionStart": 969,
            "startTime": 0,
            "unloadEventEnd": 0,
            "unloadEventStart": 0,
            "workerStart": 0
          },
          "pageTimings": {
            "backEndTime": 1537,
            "domContentLoadedTime": 3406,
            "domInteractiveTime": 2975,
            "domainLookupTime": 0,
            "frontEndTime": 61498,
            "pageDownloadTime": 0,
            "pageLoadTime": 63035,
            "redirectionTime": 783,
            "serverConnectionTime": 362,
            "serverResponseTime": 337
          },
          "rumSpeedIndex": 1536,
          "timeToContentfulPaint": 1871,
          "timeToDomContentFlushed": 3321,
          "timeToFirstInteractive": 15392,
          "userTimings": {
            "marks": [],
            "measures": []
          }
        }
      },
      {
        "browser": {
          "appConstants": {
            "ACCESSIBILITY": true,
            "ANDROID_PACKAGE_NAME": "org.mozilla.firefox",
            "ASAN": false,
            "ASAN_REPORTER": false,
            "BROWSER_CHROME_URL": "chrome://browser/content/browser.xul",
            "DEBUG": false,
            "DEBUG_JS_MODULES": "",
            "DLL_PREFIX": "lib",
            "DLL_SUFFIX": ".so",
            "EARLY_BETA_OR_EARLIER": false,
            "FENNEC_NIGHTLY": false,
            "HAVE_SHELL_SERVICE": false,
            "HAVE_USR_LIB64_DIR": false,
            "MENUBAR_CAN_AUTOHIDE": false,
            "MOZILLA_OFFICIAL": true,
            "MOZ_ALLOW_LEGACY_EXTENSIONS": false,
            "MOZ_ANDROID_ACTIVITY_STREAM": false,
            "MOZ_ANDROID_HISTORY": true,
            "MOZ_ANDROID_MOZILLA_ONLINE": false,
            "MOZ_APP_NAME": "fennec",
            "MOZ_APP_VERSION": "68.1.1",
            "MOZ_APP_VERSION_DISPLAY": "68.1.1",
            "MOZ_BING_API_CLIENTID": "no-bing-api-clientid",
            "MOZ_BING_API_KEY": "no-bing-api-key",
            "MOZ_BITS_DOWNLOAD": false,
            "MOZ_BUILD_APP": "mobile/android",
            "MOZ_CODE_COVERAGE": false,
            "MOZ_CRASHREPORTER": true,
            "MOZ_DATA_REPORTING": true,
            "MOZ_DEV_EDITION": false,
            "MOZ_GECKO_PROFILER": true,
            "MOZ_GOOGLE_LOCATION_SERVICE_API_KEY": "AIzaSyB2h2OuRcUgy5N-5hsZqiPW6sH3n_rptiQ",
            "MOZ_GOOGLE_SAFEBROWSING_API_KEY": "AIzaSyC7jsptDS3am4tPx4r3nxis7IMjBc5Dovo",
            "MOZ_GRAPHENE": false,
            "MOZ_MACBUNDLE_NAME": "Firefox.app",
            "MOZ_MAINTENANCE_SERVICE": false,
            "MOZ_MOZILLA_API_KEY": "3b4d27dd-703d-4094-8398-4de2c763505a",
            "MOZ_NEW_CERT_STORAGE": false,
            "MOZ_NEW_NOTIFICATION_STORE": false,
            "MOZ_NEW_XULSTORE": false,
            "MOZ_OFFICIAL_BRANDING": false,
            "MOZ_PLACES": false,
            "MOZ_REQUIRE_SIGNING": false,
            "MOZ_SANDBOX": false,
            "MOZ_SERVICES_HEALTHREPORT": true,
            "MOZ_SERVICES_SYNC": false,
            "MOZ_SWITCHBOARD": true,
            "MOZ_SYSTEM_NSS": false,
            "MOZ_TELEMETRY_ON_BY_DEFAULT": false,
            "MOZ_TELEMETRY_REPORTING": true,
            "MOZ_UNSIGNED_SCOPES": 0,
            "MOZ_UPDATER": false,
            "MOZ_UPDATE_CHANNEL": "release",
            "MOZ_WEBRTC": true,
            "MOZ_WIDGET_GTK": false,
            "MOZ_WIDGET_TOOLKIT": "android",
            "NIGHTLY_BUILD": false,
            "OMNIJAR_NAME": "assets/omni.ja",
            "RELEASE_OR_BETA": true,
            "SOURCE_REVISION_URL": "https://hg.mozilla.org/releases/mozilla-esr68/rev/d2e0b9e17b9bc1ef02606c8006b73293f7892ad5",
            "TELEMETRY_PING_FORMAT_VERSION": 4,
            "XP_UNIX": true,
            "isPlatformAndVersionAtLeast": {},
            "isPlatformAndVersionAtMost": {},
            "platform": "android"
          },
          "asyncAppConstants": {
            "ACCESSIBILITY": true,
            "ANDROID_PACKAGE_NAME": "org.mozilla.firefox",
            "ASAN": false,
            "ASAN_REPORTER": false,
            "BROWSER_CHROME_URL": "chrome://browser/content/browser.xul",
            "DEBUG": false,
            "DEBUG_JS_MODULES": "",
            "DLL_PREFIX": "lib",
            "DLL_SUFFIX": ".so",
            "EARLY_BETA_OR_EARLIER": false,
            "FENNEC_NIGHTLY": false,
            "HAVE_SHELL_SERVICE": false,
            "HAVE_USR_LIB64_DIR": false,
            "MENUBAR_CAN_AUTOHIDE": false,
            "MOZILLA_OFFICIAL": true,
            "MOZ_ALLOW_LEGACY_EXTENSIONS": false,
            "MOZ_ANDROID_ACTIVITY_STREAM": false,
            "MOZ_ANDROID_HISTORY": true,
            "MOZ_ANDROID_MOZILLA_ONLINE": false,
            "MOZ_APP_NAME": "fennec",
            "MOZ_APP_VERSION": "68.1.1",
            "MOZ_APP_VERSION_DISPLAY": "68.1.1",
            "MOZ_BING_API_CLIENTID": "no-bing-api-clientid",
            "MOZ_BING_API_KEY": "no-bing-api-key",
            "MOZ_BITS_DOWNLOAD": false,
            "MOZ_BUILD_APP": "mobile/android",
            "MOZ_CODE_COVERAGE": false,
            "MOZ_CRASHREPORTER": true,
            "MOZ_DATA_REPORTING": true,
            "MOZ_DEV_EDITION": false,
            "MOZ_GECKO_PROFILER": true,
            "MOZ_GOOGLE_LOCATION_SERVICE_API_KEY": "AIzaSyB2h2OuRcUgy5N-5hsZqiPW6sH3n_rptiQ",
            "MOZ_GOOGLE_SAFEBROWSING_API_KEY": "AIzaSyC7jsptDS3am4tPx4r3nxis7IMjBc5Dovo",
            "MOZ_GRAPHENE": false,
            "MOZ_MACBUNDLE_NAME": "Firefox.app",
            "MOZ_MAINTENANCE_SERVICE": false,
            "MOZ_MOZILLA_API_KEY": "3b4d27dd-703d-4094-8398-4de2c763505a",
            "MOZ_NEW_CERT_STORAGE": false,
            "MOZ_NEW_NOTIFICATION_STORE": false,
            "MOZ_NEW_XULSTORE": false,
            "MOZ_OFFICIAL_BRANDING": false,
            "MOZ_PLACES": false,
            "MOZ_REQUIRE_SIGNING": false,
            "MOZ_SANDBOX": false,
            "MOZ_SERVICES_HEALTHREPORT": true,
            "MOZ_SERVICES_SYNC": false,
            "MOZ_SWITCHBOARD": true,
            "MOZ_SYSTEM_NSS": false,
            "MOZ_TELEMETRY_ON_BY_DEFAULT": false,
            "MOZ_TELEMETRY_REPORTING": true,
            "MOZ_UNSIGNED_SCOPES": 0,
            "MOZ_UPDATER": false,
            "MOZ_UPDATE_CHANNEL": "release",
            "MOZ_WEBRTC": true,
            "MOZ_WIDGET_GTK": false,
            "MOZ_WIDGET_TOOLKIT": "android",
            "NIGHTLY_BUILD": false,
            "OMNIJAR_NAME": "assets/omni.ja",
            "RELEASE_OR_BETA": true,
            "SOURCE_REVISION_URL": "https://hg.mozilla.org/releases/mozilla-esr68/rev/d2e0b9e17b9bc1ef02606c8006b73293f7892ad5",
            "TELEMETRY_PING_FORMAT_VERSION": 4,
            "XP_UNIX": true,
            "isPlatformAndVersionAtLeast": {},
            "isPlatformAndVersionAtMost": {},
            "platform": "android"
          },
          "userAgent": "Mozilla/5.0 (Android 9; Mobile; rv:68.0) Gecko/68.0 Firefox/68.0",
          "windowSize": "360x612"
        },
        "pageinfo": {
          "documentHeight": 11557,
          "documentSize": {
            "decodedBodySize": 228657,
            "encodedBodySize": 39440,
            "transferSize": 39887
          },
          "documentTitle": "手机搜狐网",
          "documentWidth": 360,
          "domElements": 1247,
          "navigationStartTime": 1617099423891,
          "nextHopProtocol": "h2",
          "resources": {
            "count": 0,
            "duration": 0
          },
          "responsive": true,
          "url": "https://m.sohu.com/?pvid=000115_3w_index&jump=front",
          "visualElements": {
            "heroes": [
              {
                "filename": "20f8005c7d2951e077d18c57d1632b73.jpg",
                "height": 160,
                "name": "LargestImage",
                "width": 320,
                "x": 20,
                "y": 132
              }
            ],
            "viewport": {
              "height": 612,
              "width": 360
            }
          }
        },
        "timings": {
          "firstPaint": 1944,
          "loadEventEnd": 69387,
          "navigationTiming": {
            "connectStart": 863,
            "domComplete": 69363,
            "domContentLoadedEventEnd": 3556,
            "domContentLoadedEventStart": 3549,
            "domInteractive": 2878,
            "domainLookupEnd": 863,
            "domainLookupStart": 862,
            "duration": 69387,
            "fetchStart": 808,
            "loadEventEnd": 69387,
            "loadEventStart": 69363,
            "redirectEnd": 800,
            "redirectStart": 2,
            "requestStart": 1232,
            "responseEnd": 1688,
            "responseStart": 1688,
            "secureConnectionStart": 1000,
            "startTime": 0,
            "unloadEventEnd": 0,
            "unloadEventStart": 0,
            "workerStart": 0
          },
          "pageTimings": {
            "backEndTime": 1688,
            "domContentLoadedTime": 3549,
            "domInteractiveTime": 2878,
            "domainLookupTime": 0,
            "frontEndTime": 67675,
            "pageDownloadTime": 0,
            "pageLoadTime": 69363,
            "redirectionTime": 798,
            "serverConnectionTime": 367,
            "serverResponseTime": 457
          },
          "rumSpeedIndex": 1688,
          "timeToContentfulPaint": 2022,
          "timeToDomContentFlushed": 3238,
          "timeToFirstInteractive": 14659,
          "userTimings": {
            "marks": [],
            "measures": []
          }
        }
      }
    ],
    "visualMetrics": [],
    "cpu": [],
    "extras": [
      {},
      {},
      {}
    ],
    "fullyLoaded": [],
    "errors": [
      [],
      [],
      []
    ],
    "statistics": {
      "browser": {
        "appConstants": {
          "MOZ_UNSIGNED_SCOPES": {
            "median": 0,
            "mean": 0,
            "mdev": 0,
            "stddev": 0,
            "min": 0,
            "p10": 0,
            "p90": 0,
            "p99": 0,
            "max": 0
          },
          "TELEMETRY_PING_FORMAT_VERSION": {
            "median": 4,
            "mean": 4,
            "mdev": 0,
            "stddev": 0,
            "min": 4,
            "p10": 4,
            "p90": 4,
            "p99": 4,
            "max": 4
          }
        },
        "asyncAppConstants": {
          "MOZ_UNSIGNED_SCOPES": {
            "median": 0,
            "mean": 0,
            "mdev": 0,
            "stddev": 0,
            "min": 0,
            "p10": 0,
            "p90": 0,
            "p99": 0,
            "max": 0
          },
          "TELEMETRY_PING_FORMAT_VERSION": {
            "median": 4,
            "mean": 4,
            "mdev": 0,
            "stddev": 0,
            "min": 4,
            "p10": 4,
            "p90": 4,
            "p99": 4,
            "max": 4
          }
        }
      },
      "pageinfo": {
        "documentHeight": {
          "median": 11557,
          "mean": 11779,
          "mdev": 192.3902,
          "stddev": 333,
          "min": 11530,
          "p10": 11530,
          "p90": 12250,
          "p99": 12250,
          "max": 12250
        },
        "documentSize": {
          "decodedBodySize": {
            "median": 228716,
            "mean": 228754,
            "mdev": 57.1048,
            "stddev": 99,
            "min": 228657,
            "p10": 228657,
            "p90": 228890,
            "p99": 228890,
            "max": 228890
          },
          "encodedBodySize": {
            "median": 39676,
            "mean": 39599,
            "mdev": 64.9222,
            "stddev": 112,
            "min": 39440,
            "p10": 39440,
            "p90": 39681,
            "p99": 39681,
            "max": 39681
          },
          "transferSize": {
            "median": 40120,
            "mean": 40044,
            "mdev": 64.1058,
            "stddev": 111,
            "min": 39887,
            "p10": 39887,
            "p90": 40125,
            "p99": 40125,
            "max": 40125
          }
        },
        "documentWidth": {
          "median": 360,
          "mean": 360,
          "mdev": 0,
          "stddev": 0,
          "min": 360,
          "p10": 360,
          "p90": 360,
          "p99": 360,
          "max": 360
        },
        "domElements": {
          "median": 1247,
          "mean": 1260,
          "mdev": 13.4109,
          "stddev": 23,
          "min": 1241,
          "p10": 1241,
          "p90": 1293,
          "p99": 1293,
          "max": 1293
        },
        "navigationStartTime": {
          "median": 1617099348403,
          "mean": 1617099358654,
          "mdev": 28202.2041,
          "stddev": 48848,
          "min": 1617099303667,
          "p10": 1617099303667,
          "p90": 1617099423891,
          "p99": 1617099423891,
          "max": 1617099423891
        },
        "resources": {
          "count": {
            "median": 0,
            "mean": 0,
            "mdev": 0,
            "stddev": 0,
            "min": 0,
            "p10": 0,
            "p90": 0,
            "p99": 0,
            "max": 0
          },
          "duration": {
            "median": 0,
            "mean": 0,
            "mdev": 0,
            "stddev": 0,
            "min": 0,
            "p10": 0,
            "p90": 0,
            "p99": 0,
            "max": 0
          }
        },
        "visualElements": {
          "heroes": [
            {
              "height": {
                "median": 160,
                "mean": 160,
                "mdev": 0,
                "stddev": 0,
                "min": 160,
                "p10": 160,
                "p90": 160,
                "p99": 160,
                "max": 160
              },
              "width": {
                "median": 320,
                "mean": 320,
                "mdev": 0,
                "stddev": 0,
                "min": 320,
                "p10": 320,
                "p90": 320,
                "p99": 320,
                "max": 320
              },
              "x": {
                "median": 20,
                "mean": 20,
                "mdev": 0,
                "stddev": 0,
                "min": 20,
                "p10": 20,
                "p90": 20,
                "p99": 20,
                "max": 20
              },
              "y": {
                "median": 132,
                "mean": 132,
                "mdev": 0,
                "stddev": 0,
                "min": 132,
                "p10": 132,
                "p90": 132,
                "p99": 132,
                "max": 132
              }
            }
          ],
          "viewport": {
            "height": {
              "median": 612,
              "mean": 612,
              "mdev": 0,
              "stddev": 0,
              "min": 612,
              "p10": 612,
              "p90": 612,
              "p99": 612,
              "max": 612
            },
            "width": {
              "median": 360,
              "mean": 360,
              "mdev": 0,
              "stddev": 0,
              "min": 360,
              "p10": 360,
              "p90": 360,
              "p99": 360,
              "max": 360
            }
          }
        }
      },
      "timings": {
        "firstPaint": {
          "median": 1793,
          "mean": 1820,
          "mdev": 53.0416,
          "stddev": 92,
          "min": 1724,
          "p10": 1724,
          "p90": 1944,
          "p99": 1944,
          "max": 1944
        },
        "loadEventEnd": {
          "median": 63065,
          "mean": 54482,
          "mdev": 9704.0258,
          "stddev": 16808,
          "min": 30994,
          "p10": 30994,
          "p90": 69387,
          "p99": 69387,
          "max": 69387
        },
        "navigationTiming": {
          "connectStart": {
            "median": 862,
            "mean": 854,
            "mdev": 7.2162,
            "stddev": 12,
            "min": 836,
            "p10": 836,
            "p90": 863,
            "p99": 863,
            "max": 863
          },
          "domComplete": {
            "median": 63035,
            "mean": 54452,
            "mdev": 9706.6635,
            "stddev": 16812,
            "min": 30958,
            "p10": 30958,
            "p90": 69363,
            "p99": 69363,
            "max": 69363
          },
          "domContentLoadedEventEnd": {
            "median": 3433,
            "mean": 3467,
            "mdev": 36.5037,
            "stddev": 63,
            "min": 3413,
            "p10": 3413,
            "p90": 3556,
            "p99": 3556,
            "max": 3556
          },
          "domContentLoadedEventStart": {
            "median": 3427,
            "mean": 3461,
            "mdev": 36.4,
            "stddev": 63,
            "min": 3406,
            "p10": 3406,
            "p90": 3549,
            "p99": 3549,
            "max": 3549
          },
          "domInteractive": {
            "median": 2975,
            "mean": 2949,
            "mdev": 29.5008,
            "stddev": 51,
            "min": 2878,
            "p10": 2878,
            "p90": 2995,
            "p99": 2995,
            "max": 2995
          },
          "domainLookupEnd": {
            "median": 861,
            "mean": 853,
            "mdev": 7.092,
            "stddev": 12,
            "min": 836,
            "p10": 836,
            "p90": 863,
            "p99": 863,
            "max": 863
          },
          "domainLookupStart": {
            "median": 861,
            "mean": 853,
            "mdev": 7.2162,
            "stddev": 12,
            "min": 835,
            "p10": 835,
            "p90": 862,
            "p99": 862,
            "max": 862
          },
          "duration": {
            "median": 63065,
            "mean": 54482,
            "mdev": 9704.0258,
            "stddev": 16808,
            "min": 30994,
            "p10": 30994,
            "p90": 69387,
            "p99": 69387,
            "max": 69387
          },
          "fetchStart": {
            "median": 808,
            "mean": 806,
            "mdev": 4.7842,
            "stddev": 8,
            "min": 795,
            "p10": 795,
            "p90": 815,
            "p99": 815,
            "max": 815
          },
          "loadEventEnd": {
            "median": 63065,
            "mean": 54482,
            "mdev": 9704.0258,
            "stddev": 16808,
            "min": 30994,
            "p10": 30994,
            "p90": 69387,
            "p99": 69387,
            "max": 69387
          },
          "loadEventStart": {
            "median": 63035,
            "mean": 54452,
            "mdev": 9706.3946,
            "stddev": 16812,
            "min": 30959,
            "p10": 30959,
            "p90": 69363,
            "p99": 69363,
            "max": 69363
          },
          "redirectEnd": {
            "median": 800,
            "mean": 799,
            "mdev": 5.9067,
            "stddev": 10,
            "min": 786,
            "p10": 786,
            "p90": 811,
            "p99": 811,
            "max": 811
          },
          "redirectStart": {
            "median": 3,
            "mean": 3,
            "mdev": 0.2722,
            "stddev": 0,
            "min": 2,
            "p10": 2,
            "p90": 3,
            "p99": 3,
            "max": 3
          },
          "requestStart": {
            "median": 1200,
            "mean": 1206,
            "mdev": 11.317,
            "stddev": 20,
            "min": 1185,
            "p10": 1185,
            "p90": 1232,
            "p99": 1232,
            "max": 1232
          },
          "responseEnd": {
            "median": 1537,
            "mean": 1567,
            "mdev": 51.2517,
            "stddev": 89,
            "min": 1477,
            "p10": 1477,
            "p90": 1688,
            "p99": 1688,
            "max": 1688
          },
          "responseStart": {
            "median": 1537,
            "mean": 1567,
            "mdev": 51.2517,
            "stddev": 89,
            "min": 1477,
            "p10": 1477,
            "p90": 1688,
            "p99": 1688,
            "max": 1688
          },
          "secureConnectionStart": {
            "median": 999,
            "mean": 989,
            "mdev": 8.3044,
            "stddev": 14,
            "min": 969,
            "p10": 969,
            "p90": 1000,
            "p99": 1000,
            "max": 1000
          },
          "startTime": {
            "median": 0,
            "mean": 0,
            "mdev": 0,
            "stddev": 0,
            "min": 0,
            "p10": 0,
            "p90": 0,
            "p99": 0,
            "max": 0
          },
          "unloadEventEnd": {
            "median": 0,
            "mean": 0,
            "mdev": 0,
            "stddev": 0,
            "min": 0,
            "p10": 0,
            "p90": 0,
            "p99": 0,
            "max": 0
          },
          "unloadEventStart": {
            "median": 0,
            "mean": 0,
            "mdev": 0,
            "stddev": 0,
            "min": 0,
            "p10": 0,
            "p90": 0,
            "p99": 0,
            "max": 0
          },
          "workerStart": {
            "median": 0,
            "mean": 0,
            "mdev": 0,
            "stddev": 0,
            "min": 0,
            "p10": 0,
            "p90": 0,
            "p99": 0,
            "max": 0
          }
        },
        "pageTimings": {
          "backEndTime": {
            "median": 1537,
            "mean": 1567,
            "mdev": 51.2517,
            "stddev": 89,
            "min": 1477,
            "p10": 1477,
            "p90": 1688,
            "p99": 1688,
            "max": 1688
          },
          "domContentLoadedTime": {
            "median": 3427,
            "mean": 3461,
            "mdev": 36.4,
            "stddev": 63,
            "min": 3406,
            "p10": 3406,
            "p90": 3549,
            "p99": 3549,
            "max": 3549
          },
          "domInteractiveTime": {
            "median": 2975,
            "mean": 2949,
            "mdev": 29.5008,
            "stddev": 51,
            "min": 2878,
            "p10": 2878,
            "p90": 2995,
            "p99": 2995,
            "max": 2995
          },
          "domainLookupTime": {
            "median": 0,
            "mean": 0,
            "mdev": 0,
            "stddev": 0,
            "min": 0,
            "p10": 0,
            "p90": 0,
            "p99": 0,
            "max": 0
          },
          "frontEndTime": {
            "median": 61498,
            "mean": 52885,
            "mdev": 9664.5301,
            "stddev": 16739,
            "min": 29482,
            "p10": 29482,
            "p90": 67675,
            "p99": 67675,
            "max": 67675
          },
          "pageDownloadTime": {
            "median": 0,
            "mean": 0,
            "mdev": 0,
            "stddev": 0,
            "min": 0,
            "p10": 0,
            "p90": 0,
            "p99": 0,
            "max": 0
          },
          "pageLoadTime": {
            "median": 63035,
            "mean": 54452,
            "mdev": 9706.3946,
            "stddev": 16812,
            "min": 30959,
            "p10": 30959,
            "p90": 69363,
            "p99": 69363,
            "max": 69363
          },
          "redirectionTime": {
            "median": 798,
            "mean": 797,
            "mdev": 6.1524,
            "stddev": 11,
            "min": 783,
            "p10": 783,
            "p90": 809,
            "p99": 809,
            "max": 809
          },
          "serverConnectionTime": {
            "median": 362,
            "mean": 350,
            "mdev": 11.6269,
            "stddev": 20,
            "min": 322,
            "p10": 322,
            "p90": 367,
            "p99": 367,
            "max": 367
          },
          "serverResponseTime": {
            "median": 337,
            "mean": 362,
            "mdev": 40.2078,
            "stddev": 70,
            "min": 292,
            "p10": 292,
            "p90": 457,
            "p99": 457,
            "max": 457
          }
        },
        "rumSpeedIndex": {
          "median": 1536,
          "mean": 1567,
          "mdev": 51.5134,
          "stddev": 89,
          "min": 1476,
          "p10": 1476,
          "p90": 1688,
          "p99": 1688,
          "max": 1688
        },
        "timeToContentfulPaint": {
          "median": 1871,
          "mean": 1897,
          "mdev": 54.0583,
          "stddev": 94,
          "min": 1797,
          "p10": 1797,
          "p90": 2022,
          "p99": 2022,
          "max": 2022
        },
        "timeToDomContentFlushed": {
          "median": 3321,
          "mean": 3304,
          "mdev": 27.9802,
          "stddev": 48,
          "min": 3238,
          "p10": 3238,
          "p90": 3353,
          "p99": 3353,
          "max": 3353
        },
        "timeToFirstInteractive": {
          "median": 14659,
          "mean": 14861,
          "mdev": 218.8368,
          "stddev": 379,
          "min": 14532,
          "p10": 14532,
          "p90": 15392,
          "p99": 15392,
          "max": 15392
        }
      }
    }
  }
]