[
  {
    "info": {
      "browsertime": {
        "version": "8.4.0"
      },
      "url": "https://www.fandom.com/",
      "timestamp": "2021-03-30T18:43:43+04:00",
      "connectivity": {
        "engine": "external",
        "profile": "native"
      },
      "extra": {}
    },
    "files": {
      "video": [],
      "screenshot": [],
      "timeline": [],
      "consoleLog": [],
      "netLog": [],
      "perfLog": []
    },
    "cdp": {
      "performance": []
    },
    "timestamps": [
      "2021-03-30T18:43:30+04:00",
      "2021-03-30T18:43:50+04:00",
      "2021-03-30T18:44:08+04:00"
    ],
    "browserScripts": [
      {
        "browser": {
          "appConstants": {
            "ACCESSIBILITY": true,
            "ANDROID_PACKAGE_NAME": "org.mozilla.firefox",
            "ASAN": false,
            "ASAN_REPORTER": false,
            "BROWSER_CHROME_URL": "chrome://browser/content/browser.xul",
            "DEBUG": false,
            "DEBUG_JS_MODULES": "",
            "DLL_PREFIX": "lib",
            "DLL_SUFFIX": ".so",
            "EARLY_BETA_OR_EARLIER": false,
            "FENNEC_NIGHTLY": false,
            "HAVE_SHELL_SERVICE": false,
            "HAVE_USR_LIB64_DIR": false,
            "MENUBAR_CAN_AUTOHIDE": false,
            "MOZILLA_OFFICIAL": true,
            "MOZ_ALLOW_LEGACY_EXTENSIONS": false,
            "MOZ_ANDROID_ACTIVITY_STREAM": false,
            "MOZ_ANDROID_HISTORY": true,
            "MOZ_ANDROID_MOZILLA_ONLINE": false,
            "MOZ_APP_NAME": "fennec",
            "MOZ_APP_VERSION": "68.1.1",
            "MOZ_APP_VERSION_DISPLAY": "68.1.1",
            "MOZ_BING_API_CLIENTID": "no-bing-api-clientid",
            "MOZ_BING_API_KEY": "no-bing-api-key",
            "MOZ_BITS_DOWNLOAD": false,
            "MOZ_BUILD_APP": "mobile/android",
            "MOZ_CODE_COVERAGE": false,
            "MOZ_CRASHREPORTER": true,
            "MOZ_DATA_REPORTING": true,
            "MOZ_DEV_EDITION": false,
            "MOZ_GECKO_PROFILER": true,
            "MOZ_GOOGLE_LOCATION_SERVICE_API_KEY": "AIzaSyB2h2OuRcUgy5N-5hsZqiPW6sH3n_rptiQ",
            "MOZ_GOOGLE_SAFEBROWSING_API_KEY": "AIzaSyC7jsptDS3am4tPx4r3nxis7IMjBc5Dovo",
            "MOZ_GRAPHENE": false,
            "MOZ_MACBUNDLE_NAME": "Firefox.app",
            "MOZ_MAINTENANCE_SERVICE": false,
            "MOZ_MOZILLA_API_KEY": "3b4d27dd-703d-4094-8398-4de2c763505a",
            "MOZ_NEW_CERT_STORAGE": false,
            "MOZ_NEW_NOTIFICATION_STORE": false,
            "MOZ_NEW_XULSTORE": false,
            "MOZ_OFFICIAL_BRANDING": false,
            "MOZ_PLACES": false,
            "MOZ_REQUIRE_SIGNING": false,
            "MOZ_SANDBOX": false,
            "MOZ_SERVICES_HEALTHREPORT": true,
            "MOZ_SERVICES_SYNC": false,
            "MOZ_SWITCHBOARD": true,
            "MOZ_SYSTEM_NSS": false,
            "MOZ_TELEMETRY_ON_BY_DEFAULT": false,
            "MOZ_TELEMETRY_REPORTING": true,
            "MOZ_UNSIGNED_SCOPES": 0,
            "MOZ_UPDATER": false,
            "MOZ_UPDATE_CHANNEL": "release",
            "MOZ_WEBRTC": true,
            "MOZ_WIDGET_GTK": false,
            "MOZ_WIDGET_TOOLKIT": "android",
            "NIGHTLY_BUILD": false,
            "OMNIJAR_NAME": "assets/omni.ja",
            "RELEASE_OR_BETA": true,
            "SOURCE_REVISION_URL": "https://hg.mozilla.org/releases/mozilla-esr68/rev/d2e0b9e17b9bc1ef02606c8006b73293f7892ad5",
            "TELEMETRY_PING_FORMAT_VERSION": 4,
            "XP_UNIX": true,
            "isPlatformAndVersionAtLeast": {},
            "isPlatformAndVersionAtMost": {},
            "platform": "android"
          },
          "asyncAppConstants": {
            "ACCESSIBILITY": true,
            "ANDROID_PACKAGE_NAME": "org.mozilla.firefox",
            "ASAN": false,
            "ASAN_REPORTER": false,
            "BROWSER_CHROME_URL": "chrome://browser/content/browser.xul",
            "DEBUG": false,
            "DEBUG_JS_MODULES": "",
            "DLL_PREFIX": "lib",
            "DLL_SUFFIX": ".so",
            "EARLY_BETA_OR_EARLIER": false,
            "FENNEC_NIGHTLY": false,
            "HAVE_SHELL_SERVICE": false,
            "HAVE_USR_LIB64_DIR": false,
            "MENUBAR_CAN_AUTOHIDE": false,
            "MOZILLA_OFFICIAL": true,
            "MOZ_ALLOW_LEGACY_EXTENSIONS": false,
            "MOZ_ANDROID_ACTIVITY_STREAM": false,
            "MOZ_ANDROID_HISTORY": true,
            "MOZ_ANDROID_MOZILLA_ONLINE": false,
            "MOZ_APP_NAME": "fennec",
            "MOZ_APP_VERSION": "68.1.1",
            "MOZ_APP_VERSION_DISPLAY": "68.1.1",
            "MOZ_BING_API_CLIENTID": "no-bing-api-clientid",
            "MOZ_BING_API_KEY": "no-bing-api-key",
            "MOZ_BITS_DOWNLOAD": false,
            "MOZ_BUILD_APP": "mobile/android",
            "MOZ_CODE_COVERAGE": false,
            "MOZ_CRASHREPORTER": true,
            "MOZ_DATA_REPORTING": true,
            "MOZ_DEV_EDITION": false,
            "MOZ_GECKO_PROFILER": true,
            "MOZ_GOOGLE_LOCATION_SERVICE_API_KEY": "AIzaSyB2h2OuRcUgy5N-5hsZqiPW6sH3n_rptiQ",
            "MOZ_GOOGLE_SAFEBROWSING_API_KEY": "AIzaSyC7jsptDS3am4tPx4r3nxis7IMjBc5Dovo",
            "MOZ_GRAPHENE": false,
            "MOZ_MACBUNDLE_NAME": "Firefox.app",
            "MOZ_MAINTENANCE_SERVICE": false,
            "MOZ_MOZILLA_API_KEY": "3b4d27dd-703d-4094-8398-4de2c763505a",
            "MOZ_NEW_CERT_STORAGE": false,
            "MOZ_NEW_NOTIFICATION_STORE": false,
            "MOZ_NEW_XULSTORE": false,
            "MOZ_OFFICIAL_BRANDING": false,
            "MOZ_PLACES": false,
            "MOZ_REQUIRE_SIGNING": false,
            "MOZ_SANDBOX": false,
            "MOZ_SERVICES_HEALTHREPORT": true,
            "MOZ_SERVICES_SYNC": false,
            "MOZ_SWITCHBOARD": true,
            "MOZ_SYSTEM_NSS": false,
            "MOZ_TELEMETRY_ON_BY_DEFAULT": false,
            "MOZ_TELEMETRY_REPORTING": true,
            "MOZ_UNSIGNED_SCOPES": 0,
            "MOZ_UPDATER": false,
            "MOZ_UPDATE_CHANNEL": "release",
            "MOZ_WEBRTC": true,
            "MOZ_WIDGET_GTK": false,
            "MOZ_WIDGET_TOOLKIT": "android",
            "NIGHTLY_BUILD": false,
            "OMNIJAR_NAME": "assets/omni.ja",
            "RELEASE_OR_BETA": true,
            "SOURCE_REVISION_URL": "https://hg.mozilla.org/releases/mozilla-esr68/rev/d2e0b9e17b9bc1ef02606c8006b73293f7892ad5",
            "TELEMETRY_PING_FORMAT_VERSION": 4,
            "XP_UNIX": true,
            "isPlatformAndVersionAtLeast": {},
            "isPlatformAndVersionAtMost": {},
            "platform": "android"
          },
          "userAgent": "Mozilla/5.0 (Android 9; Mobile; rv:68.0) Gecko/68.0 Firefox/68.0",
          "windowSize": "360x612"
        },
        "pageinfo": {
          "documentHeight": 55241,
          "documentSize": {
            "decodedBodySize": 240304,
            "encodedBodySize": 28836,
            "transferSize": 30074
          },
          "documentTitle": "Fandom",
          "documentWidth": 360,
          "domElements": 3584,
          "navigationStartTime": 1617115411345,
          "nextHopProtocol": "h2",
          "resources": {
            "count": 0,
            "duration": 0
          },
          "responsive": true,
          "url": "https://www.fandom.com/",
          "visualElements": {
            "heroes": [
              {
                "filename": "800",
                "height": 475,
                "name": "LargestImage",
                "width": 324,
                "x": 18,
                "y": 124
              }
            ],
            "viewport": {
              "height": 612,
              "width": 360
            }
          }
        },
        "timings": {
          "firstPaint": 1569,
          "loadEventEnd": 5402,
          "navigationTiming": {
            "connectStart": 301,
            "domComplete": 5368,
            "domContentLoadedEventEnd": 2627,
            "domContentLoadedEventStart": 2619,
            "domInteractive": 1940,
            "domainLookupEnd": 300,
            "domainLookupStart": 300,
            "duration": 5402,
            "fetchStart": 3,
            "loadEventEnd": 5402,
            "loadEventStart": 5374,
            "redirectEnd": 0,
            "redirectStart": 0,
            "requestStart": 391,
            "responseEnd": 412,
            "responseStart": 405,
            "secureConnectionStart": 313,
            "startTime": 0,
            "unloadEventEnd": 0,
            "unloadEventStart": 0,
            "workerStart": 0
          },
          "pageTimings": {
            "backEndTime": 405,
            "domContentLoadedTime": 2619,
            "domInteractiveTime": 1940,
            "domainLookupTime": 0,
            "frontEndTime": 4962,
            "pageDownloadTime": 7,
            "pageLoadTime": 5374,
            "redirectionTime": 0,
            "serverConnectionTime": 89,
            "serverResponseTime": 21
          },
          "rumSpeedIndex": 405,
          "timeToContentfulPaint": 1836,
          "timeToDomContentFlushed": 2144,
          "userTimings": {
            "marks": [
              {
                "name": "gpt-tag-load",
                "startTime": 3949.98
              },
              {
                "name": "optimizely:blockBegin",
                "startTime": 6426.16
              },
              {
                "name": "gpt-first-ad-request",
                "startTime": 7923.820000000001
              },
              {
                "name": "gpt-first-ad-render",
                "startTime": 8441.4
              }
            ],
            "measures": []
          }
        }
      },
      {
        "browser": {
          "appConstants": {
            "ACCESSIBILITY": true,
            "ANDROID_PACKAGE_NAME": "org.mozilla.firefox",
            "ASAN": false,
            "ASAN_REPORTER": false,
            "BROWSER_CHROME_URL": "chrome://browser/content/browser.xul",
            "DEBUG": false,
            "DEBUG_JS_MODULES": "",
            "DLL_PREFIX": "lib",
            "DLL_SUFFIX": ".so",
            "EARLY_BETA_OR_EARLIER": false,
            "FENNEC_NIGHTLY": false,
            "HAVE_SHELL_SERVICE": false,
            "HAVE_USR_LIB64_DIR": false,
            "MENUBAR_CAN_AUTOHIDE": false,
            "MOZILLA_OFFICIAL": true,
            "MOZ_ALLOW_LEGACY_EXTENSIONS": false,
            "MOZ_ANDROID_ACTIVITY_STREAM": false,
            "MOZ_ANDROID_HISTORY": true,
            "MOZ_ANDROID_MOZILLA_ONLINE": false,
            "MOZ_APP_NAME": "fennec",
            "MOZ_APP_VERSION": "68.1.1",
            "MOZ_APP_VERSION_DISPLAY": "68.1.1",
            "MOZ_BING_API_CLIENTID": "no-bing-api-clientid",
            "MOZ_BING_API_KEY": "no-bing-api-key",
            "MOZ_BITS_DOWNLOAD": false,
            "MOZ_BUILD_APP": "mobile/android",
            "MOZ_CODE_COVERAGE": false,
            "MOZ_CRASHREPORTER": true,
            "MOZ_DATA_REPORTING": true,
            "MOZ_DEV_EDITION": false,
            "MOZ_GECKO_PROFILER": true,
            "MOZ_GOOGLE_LOCATION_SERVICE_API_KEY": "AIzaSyB2h2OuRcUgy5N-5hsZqiPW6sH3n_rptiQ",
            "MOZ_GOOGLE_SAFEBROWSING_API_KEY": "AIzaSyC7jsptDS3am4tPx4r3nxis7IMjBc5Dovo",
            "MOZ_GRAPHENE": false,
            "MOZ_MACBUNDLE_NAME": "Firefox.app",
            "MOZ_MAINTENANCE_SERVICE": false,
            "MOZ_MOZILLA_API_KEY": "3b4d27dd-703d-4094-8398-4de2c763505a",
            "MOZ_NEW_CERT_STORAGE": false,
            "MOZ_NEW_NOTIFICATION_STORE": false,
            "MOZ_NEW_XULSTORE": false,
            "MOZ_OFFICIAL_BRANDING": false,
            "MOZ_PLACES": false,
            "MOZ_REQUIRE_SIGNING": false,
            "MOZ_SANDBOX": false,
            "MOZ_SERVICES_HEALTHREPORT": true,
            "MOZ_SERVICES_SYNC": false,
            "MOZ_SWITCHBOARD": true,
            "MOZ_SYSTEM_NSS": false,
            "MOZ_TELEMETRY_ON_BY_DEFAULT": false,
            "MOZ_TELEMETRY_REPORTING": true,
            "MOZ_UNSIGNED_SCOPES": 0,
            "MOZ_UPDATER": false,
            "MOZ_UPDATE_CHANNEL": "release",
            "MOZ_WEBRTC": true,
            "MOZ_WIDGET_GTK": false,
            "MOZ_WIDGET_TOOLKIT": "android",
            "NIGHTLY_BUILD": false,
            "OMNIJAR_NAME": "assets/omni.ja",
            "RELEASE_OR_BETA": true,
            "SOURCE_REVISION_URL": "https://hg.mozilla.org/releases/mozilla-esr68/rev/d2e0b9e17b9bc1ef02606c8006b73293f7892ad5",
            "TELEMETRY_PING_FORMAT_VERSION": 4,
            "XP_UNIX": true,
            "isPlatformAndVersionAtLeast": {},
            "isPlatformAndVersionAtMost": {},
            "platform": "android"
          },
          "asyncAppConstants": {
            "ACCESSIBILITY": true,
            "ANDROID_PACKAGE_NAME": "org.mozilla.firefox",
            "ASAN": false,
            "ASAN_REPORTER": false,
            "BROWSER_CHROME_URL": "chrome://browser/content/browser.xul",
            "DEBUG": false,
            "DEBUG_JS_MODULES": "",
            "DLL_PREFIX": "lib",
            "DLL_SUFFIX": ".so",
            "EARLY_BETA_OR_EARLIER": false,
            "FENNEC_NIGHTLY": false,
            "HAVE_SHELL_SERVICE": false,
            "HAVE_USR_LIB64_DIR": false,
            "MENUBAR_CAN_AUTOHIDE": false,
            "MOZILLA_OFFICIAL": true,
            "MOZ_ALLOW_LEGACY_EXTENSIONS": false,
            "MOZ_ANDROID_ACTIVITY_STREAM": false,
            "MOZ_ANDROID_HISTORY": true,
            "MOZ_ANDROID_MOZILLA_ONLINE": false,
            "MOZ_APP_NAME": "fennec",
            "MOZ_APP_VERSION": "68.1.1",
            "MOZ_APP_VERSION_DISPLAY": "68.1.1",
            "MOZ_BING_API_CLIENTID": "no-bing-api-clientid",
            "MOZ_BING_API_KEY": "no-bing-api-key",
            "MOZ_BITS_DOWNLOAD": false,
            "MOZ_BUILD_APP": "mobile/android",
            "MOZ_CODE_COVERAGE": false,
            "MOZ_CRASHREPORTER": true,
            "MOZ_DATA_REPORTING": true,
            "MOZ_DEV_EDITION": false,
            "MOZ_GECKO_PROFILER": true,
            "MOZ_GOOGLE_LOCATION_SERVICE_API_KEY": "AIzaSyB2h2OuRcUgy5N-5hsZqiPW6sH3n_rptiQ",
            "MOZ_GOOGLE_SAFEBROWSING_API_KEY": "AIzaSyC7jsptDS3am4tPx4r3nxis7IMjBc5Dovo",
            "MOZ_GRAPHENE": false,
            "MOZ_MACBUNDLE_NAME": "Firefox.app",
            "MOZ_MAINTENANCE_SERVICE": false,
            "MOZ_MOZILLA_API_KEY": "3b4d27dd-703d-4094-8398-4de2c763505a",
            "MOZ_NEW_CERT_STORAGE": false,
            "MOZ_NEW_NOTIFICATION_STORE": false,
            "MOZ_NEW_XULSTORE": false,
            "MOZ_OFFICIAL_BRANDING": false,
            "MOZ_PLACES": false,
            "MOZ_REQUIRE_SIGNING": false,
            "MOZ_SANDBOX": false,
            "MOZ_SERVICES_HEALTHREPORT": true,
            "MOZ_SERVICES_SYNC": false,
            "MOZ_SWITCHBOARD": true,
            "MOZ_SYSTEM_NSS": false,
            "MOZ_TELEMETRY_ON_BY_DEFAULT": false,
            "MOZ_TELEMETRY_REPORTING": true,
            "MOZ_UNSIGNED_SCOPES": 0,
            "MOZ_UPDATER": false,
            "MOZ_UPDATE_CHANNEL": "release",
            "MOZ_WEBRTC": true,
            "MOZ_WIDGET_GTK": false,
            "MOZ_WIDGET_TOOLKIT": "android",
            "NIGHTLY_BUILD": false,
            "OMNIJAR_NAME": "assets/omni.ja",
            "RELEASE_OR_BETA": true,
            "SOURCE_REVISION_URL": "https://hg.mozilla.org/releases/mozilla-esr68/rev/d2e0b9e17b9bc1ef02606c8006b73293f7892ad5",
            "TELEMETRY_PING_FORMAT_VERSION": 4,
            "XP_UNIX": true,
            "isPlatformAndVersionAtLeast": {},
            "isPlatformAndVersionAtMost": {},
            "platform": "android"
          },
          "userAgent": "Mozilla/5.0 (Android 9; Mobile; rv:68.0) Gecko/68.0 Firefox/68.0",
          "windowSize": "360x612"
        },
        "pageinfo": {
          "documentHeight": 55241,
          "documentSize": {
            "decodedBodySize": 240304,
            "encodedBodySize": 28836,
            "transferSize": 30074
          },
          "documentTitle": "Fandom",
          "documentWidth": 360,
          "domElements": 3584,
          "navigationStartTime": 1617115430579,
          "nextHopProtocol": "h2",
          "resources": {
            "count": 0,
            "duration": 0
          },
          "responsive": true,
          "url": "https://www.fandom.com/",
          "visualElements": {
            "heroes": [
              {
                "filename": "800",
                "height": 475,
                "name": "LargestImage",
                "width": 324,
                "x": 18,
                "y": 124
              }
            ],
            "viewport": {
              "height": 612,
              "width": 360
            }
          }
        },
        "timings": {
          "firstPaint": 1656,
          "loadEventEnd": 4899,
          "navigationTiming": {
            "connectStart": 305,
            "domComplete": 4869,
            "domContentLoadedEventEnd": 2528,
            "domContentLoadedEventStart": 2519,
            "domInteractive": 2276,
            "domainLookupEnd": 304,
            "domainLookupStart": 303,
            "duration": 4899,
            "fetchStart": 2,
            "loadEventEnd": 4899,
            "loadEventStart": 4874,
            "redirectEnd": 0,
            "redirectStart": 0,
            "requestStart": 419,
            "responseEnd": 438,
            "responseStart": 429,
            "secureConnectionStart": 325,
            "startTime": 0,
            "unloadEventEnd": 0,
            "unloadEventStart": 0,
            "workerStart": 0
          },
          "pageTimings": {
            "backEndTime": 429,
            "domContentLoadedTime": 2519,
            "domInteractiveTime": 2276,
            "domainLookupTime": 0,
            "frontEndTime": 4436,
            "pageDownloadTime": 9,
            "pageLoadTime": 4874,
            "redirectionTime": 0,
            "serverConnectionTime": 113,
            "serverResponseTime": 19
          },
          "rumSpeedIndex": 429,
          "timeToContentfulPaint": 1959,
          "timeToDomContentFlushed": 2488,
          "userTimings": {
            "marks": [
              {
                "name": "gpt-tag-load",
                "startTime": 4045.68
              },
              {
                "name": "optimizely:blockBegin",
                "startTime": 5995.92
              },
              {
                "name": "gpt-first-ad-request",
                "startTime": 7741.34
              },
              {
                "name": "gpt-first-ad-render",
                "startTime": 8694.42
              }
            ],
            "measures": []
          }
        }
      },
      {
        "browser": {
          "appConstants": {
            "ACCESSIBILITY": true,
            "ANDROID_PACKAGE_NAME": "org.mozilla.firefox",
            "ASAN": false,
            "ASAN_REPORTER": false,
            "BROWSER_CHROME_URL": "chrome://browser/content/browser.xul",
            "DEBUG": false,
            "DEBUG_JS_MODULES": "",
            "DLL_PREFIX": "lib",
            "DLL_SUFFIX": ".so",
            "EARLY_BETA_OR_EARLIER": false,
            "FENNEC_NIGHTLY": false,
            "HAVE_SHELL_SERVICE": false,
            "HAVE_USR_LIB64_DIR": false,
            "MENUBAR_CAN_AUTOHIDE": false,
            "MOZILLA_OFFICIAL": true,
            "MOZ_ALLOW_LEGACY_EXTENSIONS": false,
            "MOZ_ANDROID_ACTIVITY_STREAM": false,
            "MOZ_ANDROID_HISTORY": true,
            "MOZ_ANDROID_MOZILLA_ONLINE": false,
            "MOZ_APP_NAME": "fennec",
            "MOZ_APP_VERSION": "68.1.1",
            "MOZ_APP_VERSION_DISPLAY": "68.1.1",
            "MOZ_BING_API_CLIENTID": "no-bing-api-clientid",
            "MOZ_BING_API_KEY": "no-bing-api-key",
            "MOZ_BITS_DOWNLOAD": false,
            "MOZ_BUILD_APP": "mobile/android",
            "MOZ_CODE_COVERAGE": false,
            "MOZ_CRASHREPORTER": true,
            "MOZ_DATA_REPORTING": true,
            "MOZ_DEV_EDITION": false,
            "MOZ_GECKO_PROFILER": true,
            "MOZ_GOOGLE_LOCATION_SERVICE_API_KEY": "AIzaSyB2h2OuRcUgy5N-5hsZqiPW6sH3n_rptiQ",
            "MOZ_GOOGLE_SAFEBROWSING_API_KEY": "AIzaSyC7jsptDS3am4tPx4r3nxis7IMjBc5Dovo",
            "MOZ_GRAPHENE": false,
            "MOZ_MACBUNDLE_NAME": "Firefox.app",
            "MOZ_MAINTENANCE_SERVICE": false,
            "MOZ_MOZILLA_API_KEY": "3b4d27dd-703d-4094-8398-4de2c763505a",
            "MOZ_NEW_CERT_STORAGE": false,
            "MOZ_NEW_NOTIFICATION_STORE": false,
            "MOZ_NEW_XULSTORE": false,
            "MOZ_OFFICIAL_BRANDING": false,
            "MOZ_PLACES": false,
            "MOZ_REQUIRE_SIGNING": false,
            "MOZ_SANDBOX": false,
            "MOZ_SERVICES_HEALTHREPORT": true,
            "MOZ_SERVICES_SYNC": false,
            "MOZ_SWITCHBOARD": true,
            "MOZ_SYSTEM_NSS": false,
            "MOZ_TELEMETRY_ON_BY_DEFAULT": false,
            "MOZ_TELEMETRY_REPORTING": true,
            "MOZ_UNSIGNED_SCOPES": 0,
            "MOZ_UPDATER": false,
            "MOZ_UPDATE_CHANNEL": "release",
            "MOZ_WEBRTC": true,
            "MOZ_WIDGET_GTK": false,
            "MOZ_WIDGET_TOOLKIT": "android",
            "NIGHTLY_BUILD": false,
            "OMNIJAR_NAME": "assets/omni.ja",
            "RELEASE_OR_BETA": true,
            "SOURCE_REVISION_URL": "https://hg.mozilla.org/releases/mozilla-esr68/rev/d2e0b9e17b9bc1ef02606c8006b73293f7892ad5",
            "TELEMETRY_PING_FORMAT_VERSION": 4,
            "XP_UNIX": true,
            "isPlatformAndVersionAtLeast": {},
            "isPlatformAndVersionAtMost": {},
            "platform": "android"
          },
          "asyncAppConstants": {
            "ACCESSIBILITY": true,
            "ANDROID_PACKAGE_NAME": "org.mozilla.firefox",
            "ASAN": false,
            "ASAN_REPORTER": false,
            "BROWSER_CHROME_URL": "chrome://browser/content/browser.xul",
            "DEBUG": false,
            "DEBUG_JS_MODULES": "",
            "DLL_PREFIX": "lib",
            "DLL_SUFFIX": ".so",
            "EARLY_BETA_OR_EARLIER": false,
            "FENNEC_NIGHTLY": false,
            "HAVE_SHELL_SERVICE": false,
            "HAVE_USR_LIB64_DIR": false,
            "MENUBAR_CAN_AUTOHIDE": false,
            "MOZILLA_OFFICIAL": true,
            "MOZ_ALLOW_LEGACY_EXTENSIONS": false,
            "MOZ_ANDROID_ACTIVITY_STREAM": false,
            "MOZ_ANDROID_HISTORY": true,
            "MOZ_ANDROID_MOZILLA_ONLINE": false,
            "MOZ_APP_NAME": "fennec",
            "MOZ_APP_VERSION": "68.1.1",
            "MOZ_APP_VERSION_DISPLAY": "68.1.1",
            "MOZ_BING_API_CLIENTID": "no-bing-api-clientid",
            "MOZ_BING_API_KEY": "no-bing-api-key",
            "MOZ_BITS_DOWNLOAD": false,
            "MOZ_BUILD_APP": "mobile/android",
            "MOZ_CODE_COVERAGE": false,
            "MOZ_CRASHREPORTER": true,
            "MOZ_DATA_REPORTING": true,
            "MOZ_DEV_EDITION": false,
            "MOZ_GECKO_PROFILER": true,
            "MOZ_GOOGLE_LOCATION_SERVICE_API_KEY": "AIzaSyB2h2OuRcUgy5N-5hsZqiPW6sH3n_rptiQ",
            "MOZ_GOOGLE_SAFEBROWSING_API_KEY": "AIzaSyC7jsptDS3am4tPx4r3nxis7IMjBc5Dovo",
            "MOZ_GRAPHENE": false,
            "MOZ_MACBUNDLE_NAME": "Firefox.app",
            "MOZ_MAINTENANCE_SERVICE": false,
            "MOZ_MOZILLA_API_KEY": "3b4d27dd-703d-4094-8398-4de2c763505a",
            "MOZ_NEW_CERT_STORAGE": false,
            "MOZ_NEW_NOTIFICATION_STORE": false,
            "MOZ_NEW_XULSTORE": false,
            "MOZ_OFFICIAL_BRANDING": false,
            "MOZ_PLACES": false,
            "MOZ_REQUIRE_SIGNING": false,
            "MOZ_SANDBOX": false,
            "MOZ_SERVICES_HEALTHREPORT": true,
            "MOZ_SERVICES_SYNC": false,
            "MOZ_SWITCHBOARD": true,
            "MOZ_SYSTEM_NSS": false,
            "MOZ_TELEMETRY_ON_BY_DEFAULT": false,
            "MOZ_TELEMETRY_REPORTING": true,
            "MOZ_UNSIGNED_SCOPES": 0,
            "MOZ_UPDATER": false,
            "MOZ_UPDATE_CHANNEL": "release",
            "MOZ_WEBRTC": true,
            "MOZ_WIDGET_GTK": false,
            "MOZ_WIDGET_TOOLKIT": "android",
            "NIGHTLY_BUILD": false,
            "OMNIJAR_NAME": "assets/omni.ja",
            "RELEASE_OR_BETA": true,
            "SOURCE_REVISION_URL": "https://hg.mozilla.org/releases/mozilla-esr68/rev/d2e0b9e17b9bc1ef02606c8006b73293f7892ad5",
            "TELEMETRY_PING_FORMAT_VERSION": 4,
            "XP_UNIX": true,
            "isPlatformAndVersionAtLeast": {},
            "isPlatformAndVersionAtMost": {},
            "platform": "android"
          },
          "userAgent": "Mozilla/5.0 (Android 9; Mobile; rv:68.0) Gecko/68.0 Firefox/68.0",
          "windowSize": "360x612"
        },
        "pageinfo": {
          "documentHeight": 55241,
          "documentSize": {
            "decodedBodySize": 240304,
            "encodedBodySize": 28836,
            "transferSize": 30074
          },
          "documentTitle": "Fandom",
          "documentWidth": 360,
          "domElements": 3584,
          "navigationStartTime": 1617115448521,
          "nextHopProtocol": "h2",
          "resources": {
            "count": 0,
            "duration": 0
          },
          "responsive": true,
          "url": "https://www.fandom.com/",
          "visualElements": {
            "heroes": [
              {
                "filename": "800",
                "height": 475,
                "name": "LargestImage",
                "width": 324,
                "x": 18,
                "y": 124
              }
            ],
            "viewport": {
              "height": 612,
              "width": 360
            }
          }
        },
        "timings": {
          "firstPaint": 1472,
          "loadEventEnd": 3864,
          "navigationTiming": {
            "connectStart": 105,
            "domComplete": 3846,
            "domContentLoadedEventEnd": 2401,
            "domContentLoadedEventStart": 2389,
            "domInteractive": 1797,
            "domainLookupEnd": 104,
            "domainLookupStart": 104,
            "duration": 3864,
            "fetchStart": 3,
            "loadEventEnd": 3864,
            "loadEventStart": 3846,
            "redirectEnd": 0,
            "redirectStart": 0,
            "requestStart": 192,
            "responseEnd": 213,
            "responseStart": 203,
            "secureConnectionStart": 120,
            "startTime": 0,
            "unloadEventEnd": 0,
            "unloadEventStart": 0,
            "workerStart": 0
          },
          "pageTimings": {
            "backEndTime": 203,
            "domContentLoadedTime": 2389,
            "domInteractiveTime": 1797,
            "domainLookupTime": 0,
            "frontEndTime": 3633,
            "pageDownloadTime": 10,
            "pageLoadTime": 3846,
            "redirectionTime": 0,
            "serverConnectionTime": 86,
            "serverResponseTime": 21
          },
          "rumSpeedIndex": 203,
          "timeToContentfulPaint": 1769,
          "timeToDomContentFlushed": 1969,
          "userTimings": {
            "marks": [
              {
                "name": "gpt-tag-load",
                "startTime": 3830.92
              },
              {
                "name": "optimizely:blockBegin",
                "startTime": 6043.08
              },
              {
                "name": "gpt-first-ad-request",
                "startTime": 6386.54
              },
              {
                "name": "gpt-first-ad-render",
                "startTime": 7020.78
              }
            ],
            "measures": []
          }
        }
      }
    ],
    "visualMetrics": [],
    "cpu": [],
    "extras": [
      {},
      {},
      {}
    ],
    "fullyLoaded": [],
    "errors": [
      [],
      [],
      []
    ],
    "statistics": {
      "browser": {
        "appConstants": {
          "MOZ_UNSIGNED_SCOPES": {
            "median": 0,
            "mean": 0,
            "mdev": 0,
            "stddev": 0,
            "min": 0,
            "p10": 0,
            "p90": 0,
            "p99": 0,
            "max": 0
          },
          "TELEMETRY_PING_FORMAT_VERSION": {
            "median": 4,
            "mean": 4,
            "mdev": 0,
            "stddev": 0,
            "min": 4,
            "p10": 4,
            "p90": 4,
            "p99": 4,
            "max": 4
          }
        },
        "asyncAppConstants": {
          "MOZ_UNSIGNED_SCOPES": {
            "median": 0,
            "mean": 0,
            "mdev": 0,
            "stddev": 0,
            "min": 0,
            "p10": 0,
            "p90": 0,
            "p99": 0,
            "max": 0
          },
          "TELEMETRY_PING_FORMAT_VERSION": {
            "median": 4,
            "mean": 4,
            "mdev": 0,
            "stddev": 0,
            "min": 4,
            "p10": 4,
            "p90": 4,
            "p99": 4,
            "max": 4
          }
        }
      },
      "pageinfo": {
        "documentHeight": {
          "median": 55241,
          "mean": 55241,
          "mdev": 0,
          "stddev": 0,
          "min": 55241,
          "p10": 55241,
          "p90": 55241,
          "p99": 55241,
          "max": 55241
        },
        "documentSize": {
          "decodedBodySize": {
            "median": 240304,
            "mean": 240304,
            "mdev": 0,
            "stddev": 0,
            "min": 240304,
            "p10": 240304,
            "p90": 240304,
            "p99": 240304,
            "max": 240304
          },
          "encodedBodySize": {
            "median": 28836,
            "mean": 28836,
            "mdev": 0,
            "stddev": 0,
            "min": 28836,
            "p10": 28836,
            "p90": 28836,
            "p99": 28836,
            "max": 28836
          },
          "transferSize": {
            "median": 30074,
            "mean": 30074,
            "mdev": 0,
            "stddev": 0,
            "min": 30074,
            "p10": 30074,
            "p90": 30074,
            "p99": 30074,
            "max": 30074
          }
        },
        "documentWidth": {
          "median": 360,
          "mean": 360,
          "mdev": 0,
          "stddev": 0,
          "min": 360,
          "p10": 360,
          "p90": 360,
          "p99": 360,
          "max": 360
        },
        "domElements": {
          "median": 3584,
          "mean": 3584,
          "mdev": 0,
          "stddev": 0,
          "min": 3584,
          "p10": 3584,
          "p90": 3584,
          "p99": 3584,
          "max": 3584
        },
        "navigationStartTime": {
          "median": 1617115430579,
          "mean": 1617115430148,
          "mdev": 12612.4091,
          "stddev": 21845,
          "min": 1617115411345,
          "p10": 1617115411345,
          "p90": 1617115448521,
          "p99": 1617115448521,
          "max": 1617115448521
        },
        "resources": {
          "count": {
            "median": 0,
            "mean": 0,
            "mdev": 0,
            "stddev": 0,
            "min": 0,
            "p10": 0,
            "p90": 0,
            "p99": 0,
            "max": 0
          },
          "duration": {
            "median": 0,
            "mean": 0,
            "mdev": 0,
            "stddev": 0,
            "min": 0,
            "p10": 0,
            "p90": 0,
            "p99": 0,
            "max": 0
          }
        },
        "visualElements": {
          "heroes": [
            {
              "filename": {
                "median": 800,
                "mean": 800,
                "mdev": 0,
                "stddev": 0,
                "min": 800,
                "p10": 800,
                "p90": 800,
                "p99": 800,
                "max": 800
              },
              "height": {
                "median": 475,
                "mean": 475,
                "mdev": 0,
                "stddev": 0,
                "min": 475,
                "p10": 475,
                "p90": 475,
                "p99": 475,
                "max": 475
              },
              "width": {
                "median": 324,
                "mean": 324,
                "mdev": 0,
                "stddev": 0,
                "min": 324,
                "p10": 324,
                "p90": 324,
                "p99": 324,
                "max": 324
              },
              "x": {
                "median": 18,
                "mean": 18,
                "mdev": 0,
                "stddev": 0,
                "min": 18,
                "p10": 18,
                "p90": 18,
                "p99": 18,
                "max": 18
              },
              "y": {
                "median": 124,
                "mean": 124,
                "mdev": 0,
                "stddev": 0,
                "min": 124,
                "p10": 124,
                "p90": 124,
                "p99": 124,
                "max": 124
              }
            }
          ],
          "viewport": {
            "height": {
              "median": 612,
              "mean": 612,
              "mdev": 0,
              "stddev": 0,
              "min": 612,
              "p10": 612,
              "p90": 612,
              "p99": 612,
              "max": 612
            },
            "width": {
              "median": 360,
              "mean": 360,
              "mdev": 0,
              "stddev": 0,
              "min": 360,
              "p10": 360,
              "p90": 360,
              "p99": 360,
              "max": 360
            }
          }
        }
      },
      "timings": {
        "firstPaint": {
          "median": 1569,
          "mean": 1566,
          "mdev": 43.3906,
          "stddev": 75,
          "min": 1472,
          "p10": 1472,
          "p90": 1656,
          "p99": 1656,
          "max": 1656
        },
        "loadEventEnd": {
          "median": 4899,
          "mean": 4722,
          "mdev": 369.6684,
          "stddev": 640,
          "min": 3864,
          "p10": 3864,
          "p90": 5402,
          "p99": 5402,
          "max": 5402
        },
        "navigationTiming": {
          "connectStart": {
            "median": 301,
            "mean": 237,
            "mdev": 53.897,
            "stddev": 93,
            "min": 105,
            "p10": 105,
            "p90": 305,
            "p99": 305,
            "max": 305
          },
          "domComplete": {
            "median": 4869,
            "mean": 4694,
            "mdev": 365.7572,
            "stddev": 634,
            "min": 3846,
            "p10": 3846,
            "p90": 5368,
            "p99": 5368,
            "max": 5368
          },
          "domContentLoadedEventEnd": {
            "median": 2528,
            "mean": 2519,
            "mdev": 53.4048,
            "stddev": 92,
            "min": 2401,
            "p10": 2401,
            "p90": 2627,
            "p99": 2627,
            "max": 2627
          },
          "domContentLoadedEventStart": {
            "median": 2519,
            "mean": 2509,
            "mdev": 54.365,
            "stddev": 94,
            "min": 2389,
            "p10": 2389,
            "p90": 2619,
            "p99": 2619,
            "max": 2619
          },
          "domInteractive": {
            "median": 1940,
            "mean": 2004,
            "mdev": 115.916,
            "stddev": 201,
            "min": 1797,
            "p10": 1797,
            "p90": 2276,
            "p99": 2276,
            "max": 2276
          },
          "domainLookupEnd": {
            "median": 300,
            "mean": 236,
            "mdev": 53.897,
            "stddev": 93,
            "min": 104,
            "p10": 104,
            "p90": 304,
            "p99": 304,
            "max": 304
          },
          "domainLookupStart": {
            "median": 300,
            "mean": 236,
            "mdev": 53.7573,
            "stddev": 93,
            "min": 104,
            "p10": 104,
            "p90": 303,
            "p99": 303,
            "max": 303
          },
          "duration": {
            "median": 4899,
            "mean": 4722,
            "mdev": 369.6684,
            "stddev": 640,
            "min": 3864,
            "p10": 3864,
            "p90": 5402,
            "p99": 5402,
            "max": 5402
          },
          "fetchStart": {
            "median": 3,
            "mean": 3,
            "mdev": 0.2722,
            "stddev": 0,
            "min": 2,
            "p10": 2,
            "p90": 3,
            "p99": 3,
            "max": 3
          },
          "loadEventEnd": {
            "median": 4899,
            "mean": 4722,
            "mdev": 369.6684,
            "stddev": 640,
            "min": 3864,
            "p10": 3864,
            "p90": 5402,
            "p99": 5402,
            "max": 5402
          },
          "loadEventStart": {
            "median": 4874,
            "mean": 4698,
            "mdev": 367.2504,
            "stddev": 636,
            "min": 3846,
            "p10": 3846,
            "p90": 5374,
            "p99": 5374,
            "max": 5374
          },
          "redirectEnd": {
            "median": 0,
            "mean": 0,
            "mdev": 0,
            "stddev": 0,
            "min": 0,
            "p10": 0,
            "p90": 0,
            "p99": 0,
            "max": 0
          },
          "redirectStart": {
            "median": 0,
            "mean": 0,
            "mdev": 0,
            "stddev": 0,
            "min": 0,
            "p10": 0,
            "p90": 0,
            "p99": 0,
            "max": 0
          },
          "requestStart": {
            "median": 391,
            "mean": 334,
            "mdev": 58.3457,
            "stddev": 101,
            "min": 192,
            "p10": 192,
            "p90": 419,
            "p99": 419,
            "max": 419
          },
          "responseEnd": {
            "median": 412,
            "mean": 354,
            "mdev": 58.0236,
            "stddev": 100,
            "min": 213,
            "p10": 213,
            "p90": 438,
            "p99": 438,
            "max": 438
          },
          "responseStart": {
            "median": 405,
            "mean": 346,
            "mdev": 58.5175,
            "stddev": 101,
            "min": 203,
            "p10": 203,
            "p90": 429,
            "p99": 429,
            "max": 429
          },
          "secureConnectionStart": {
            "median": 313,
            "mean": 253,
            "mdev": 54.2347,
            "stddev": 94,
            "min": 120,
            "p10": 120,
            "p90": 325,
            "p99": 325,
            "max": 325
          },
          "startTime": {
            "median": 0,
            "mean": 0,
            "mdev": 0,
            "stddev": 0,
            "min": 0,
            "p10": 0,
            "p90": 0,
            "p99": 0,
            "max": 0
          },
          "unloadEventEnd": {
            "median": 0,
            "mean": 0,
            "mdev": 0,
            "stddev": 0,
            "min": 0,
            "p10": 0,
            "p90": 0,
            "p99": 0,
            "max": 0
          },
          "unloadEventStart": {
            "median": 0,
            "mean": 0,
            "mdev": 0,
            "stddev": 0,
            "min": 0,
            "p10": 0,
            "p90": 0,
            "p99": 0,
            "max": 0
          },
          "workerStart": {
            "median": 0,
            "mean": 0,
            "mdev": 0,
            "stddev": 0,
            "min": 0,
            "p10": 0,
            "p90": 0,
            "p99": 0,
            "max": 0
          }
        },
        "pageTimings": {
          "backEndTime": {
            "median": 405,
            "mean": 346,
            "mdev": 58.5175,
            "stddev": 101,
            "min": 203,
            "p10": 203,
            "p90": 429,
            "p99": 429,
            "max": 429
          },
          "domContentLoadedTime": {
            "median": 2519,
            "mean": 2509,
            "mdev": 54.365,
            "stddev": 94,
            "min": 2389,
            "p10": 2389,
            "p90": 2619,
            "p99": 2619,
            "max": 2619
          },
          "domInteractiveTime": {
            "median": 1940,
            "mean": 2004,
            "mdev": 115.916,
            "stddev": 201,
            "min": 1797,
            "p10": 1797,
            "p90": 2276,
            "p99": 2276,
            "max": 2276
          },
          "domainLookupTime": {
            "median": 0,
            "mean": 0,
            "mdev": 0,
            "stddev": 0,
            "min": 0,
            "p10": 0,
            "p90": 0,
            "p99": 0,
            "max": 0
          },
          "frontEndTime": {
            "median": 4436,
            "mean": 4344,
            "mdev": 315.5082,
            "stddev": 546,
            "min": 3633,
            "p10": 3633,
            "p90": 4962,
            "p99": 4962,
            "max": 4962
          },
          "pageDownloadTime": {
            "median": 9,
            "mean": 9,
            "mdev": 0.7201,
            "stddev": 1,
            "min": 7,
            "p10": 7,
            "p90": 10,
            "p99": 10,
            "max": 10
          },
          "pageLoadTime": {
            "median": 4874,
            "mean": 4698,
            "mdev": 367.2504,
            "stddev": 636,
            "min": 3846,
            "p10": 3846,
            "p90": 5374,
            "p99": 5374,
            "max": 5374
          },
          "redirectionTime": {
            "median": 0,
            "mean": 0,
            "mdev": 0,
            "stddev": 0,
            "min": 0,
            "p10": 0,
            "p90": 0,
            "p99": 0,
            "max": 0
          },
          "serverConnectionTime": {
            "median": 89,
            "mean": 96,
            "mdev": 6.9761,
            "stddev": 12,
            "min": 86,
            "p10": 86,
            "p90": 113,
            "p99": 113,
            "max": 113
          },
          "serverResponseTime": {
            "median": 21,
            "mean": 20,
            "mdev": 0.5443,
            "stddev": 1,
            "min": 19,
            "p10": 19,
            "p90": 21,
            "p99": 21,
            "max": 21
          }
        },
        "rumSpeedIndex": {
          "median": 405,
          "mean": 346,
          "mdev": 58.5175,
          "stddev": 101,
          "min": 203,
          "p10": 203,
          "p90": 429,
          "p99": 429,
          "max": 429
        },
        "timeToContentfulPaint": {
          "median": 1836,
          "mean": 1855,
          "mdev": 45.4272,
          "stddev": 79,
          "min": 1769,
          "p10": 1769,
          "p90": 1959,
          "p99": 1959,
          "max": 1959
        },
        "timeToDomContentFlushed": {
          "median": 2144,
          "mean": 2200,
          "mdev": 124.4725,
          "stddev": 216,
          "min": 1969,
          "p10": 1969,
          "p90": 2488,
          "p99": 2488,
          "max": 2488
        },
        "userTimings": {
          "marks": {
            "gpt-tag-load": {
              "median": 3950,
              "mean": 3942,
              "mdev": 50.7191,
              "stddev": 88,
              "min": 3831,
              "p10": 3831,
              "p90": 4046,
              "p99": 4046,
              "max": 4046
            },
            "optimizely:blockBegin": {
              "median": 6043,
              "mean": 6155,
              "mdev": 111.2356,
              "stddev": 193,
              "min": 5996,
              "p10": 5996,
              "p90": 6426,
              "p99": 6426,
              "max": 6426
            },
            "gpt-first-ad-request": {
              "median": 7741,
              "mean": 7351,
              "mdev": 395.9055,
              "stddev": 686,
              "min": 6387,
              "p10": 6387,
              "p90": 7924,
              "p99": 7924,
              "max": 7924
            },
            "gpt-first-ad-render": {
              "median": 8441,
              "mean": 8052,
              "mdev": 425.2777,
              "stddev": 737,
              "min": 7021,
              "p10": 7021,
              "p90": 8694,
              "p99": 8694,
              "max": 8694
            }
          }
        }
      }
    }
  }
]