[
  {
    "info": {
      "browsertime": {
        "version": "8.4.0"
      },
      "url": "https://www.walmart.com/",
      "timestamp": "2021-03-30T09:52:20+04:00",
      "connectivity": {
        "engine": "external",
        "profile": "native"
      },
      "extra": {}
    },
    "files": {
      "video": [],
      "screenshot": [],
      "timeline": [],
      "consoleLog": [],
      "netLog": [],
      "perfLog": []
    },
    "cdp": {
      "performance": []
    },
    "timestamps": [
      "2021-03-30T09:51:02+04:00",
      "2021-03-30T09:52:34+04:00",
      "2021-03-30T09:53:13+04:00"
    ],
    "browserScripts": [
      {
        "browser": {
          "appConstants": {
            "ACCESSIBILITY": true,
            "ANDROID_PACKAGE_NAME": "org.mozilla.firefox",
            "ASAN": false,
            "ASAN_REPORTER": false,
            "BROWSER_CHROME_URL": "chrome://browser/content/browser.xul",
            "DEBUG": false,
            "DEBUG_JS_MODULES": "",
            "DLL_PREFIX": "lib",
            "DLL_SUFFIX": ".so",
            "EARLY_BETA_OR_EARLIER": false,
            "FENNEC_NIGHTLY": false,
            "HAVE_SHELL_SERVICE": false,
            "HAVE_USR_LIB64_DIR": false,
            "MENUBAR_CAN_AUTOHIDE": false,
            "MOZILLA_OFFICIAL": true,
            "MOZ_ALLOW_LEGACY_EXTENSIONS": false,
            "MOZ_ANDROID_ACTIVITY_STREAM": false,
            "MOZ_ANDROID_HISTORY": true,
            "MOZ_ANDROID_MOZILLA_ONLINE": false,
            "MOZ_APP_NAME": "fennec",
            "MOZ_APP_VERSION": "68.1.1",
            "MOZ_APP_VERSION_DISPLAY": "68.1.1",
            "MOZ_BING_API_CLIENTID": "no-bing-api-clientid",
            "MOZ_BING_API_KEY": "no-bing-api-key",
            "MOZ_BITS_DOWNLOAD": false,
            "MOZ_BUILD_APP": "mobile/android",
            "MOZ_CODE_COVERAGE": false,
            "MOZ_CRASHREPORTER": true,
            "MOZ_DATA_REPORTING": true,
            "MOZ_DEV_EDITION": false,
            "MOZ_GECKO_PROFILER": true,
            "MOZ_GOOGLE_LOCATION_SERVICE_API_KEY": "AIzaSyB2h2OuRcUgy5N-5hsZqiPW6sH3n_rptiQ",
            "MOZ_GOOGLE_SAFEBROWSING_API_KEY": "AIzaSyC7jsptDS3am4tPx4r3nxis7IMjBc5Dovo",
            "MOZ_GRAPHENE": false,
            "MOZ_MACBUNDLE_NAME": "Firefox.app",
            "MOZ_MAINTENANCE_SERVICE": false,
            "MOZ_MOZILLA_API_KEY": "3b4d27dd-703d-4094-8398-4de2c763505a",
            "MOZ_NEW_CERT_STORAGE": false,
            "MOZ_NEW_NOTIFICATION_STORE": false,
            "MOZ_NEW_XULSTORE": false,
            "MOZ_OFFICIAL_BRANDING": false,
            "MOZ_PLACES": false,
            "MOZ_REQUIRE_SIGNING": false,
            "MOZ_SANDBOX": false,
            "MOZ_SERVICES_HEALTHREPORT": true,
            "MOZ_SERVICES_SYNC": false,
            "MOZ_SWITCHBOARD": true,
            "MOZ_SYSTEM_NSS": false,
            "MOZ_TELEMETRY_ON_BY_DEFAULT": false,
            "MOZ_TELEMETRY_REPORTING": true,
            "MOZ_UNSIGNED_SCOPES": 0,
            "MOZ_UPDATER": false,
            "MOZ_UPDATE_CHANNEL": "release",
            "MOZ_WEBRTC": true,
            "MOZ_WIDGET_GTK": false,
            "MOZ_WIDGET_TOOLKIT": "android",
            "NIGHTLY_BUILD": false,
            "OMNIJAR_NAME": "assets/omni.ja",
            "RELEASE_OR_BETA": true,
            "SOURCE_REVISION_URL": "https://hg.mozilla.org/releases/mozilla-esr68/rev/d2e0b9e17b9bc1ef02606c8006b73293f7892ad5",
            "TELEMETRY_PING_FORMAT_VERSION": 4,
            "XP_UNIX": true,
            "isPlatformAndVersionAtLeast": {},
            "isPlatformAndVersionAtMost": {},
            "platform": "android"
          },
          "asyncAppConstants": {
            "ACCESSIBILITY": true,
            "ANDROID_PACKAGE_NAME": "org.mozilla.firefox",
            "ASAN": false,
            "ASAN_REPORTER": false,
            "BROWSER_CHROME_URL": "chrome://browser/content/browser.xul",
            "DEBUG": false,
            "DEBUG_JS_MODULES": "",
            "DLL_PREFIX": "lib",
            "DLL_SUFFIX": ".so",
            "EARLY_BETA_OR_EARLIER": false,
            "FENNEC_NIGHTLY": false,
            "HAVE_SHELL_SERVICE": false,
            "HAVE_USR_LIB64_DIR": false,
            "MENUBAR_CAN_AUTOHIDE": false,
            "MOZILLA_OFFICIAL": true,
            "MOZ_ALLOW_LEGACY_EXTENSIONS": false,
            "MOZ_ANDROID_ACTIVITY_STREAM": false,
            "MOZ_ANDROID_HISTORY": true,
            "MOZ_ANDROID_MOZILLA_ONLINE": false,
            "MOZ_APP_NAME": "fennec",
            "MOZ_APP_VERSION": "68.1.1",
            "MOZ_APP_VERSION_DISPLAY": "68.1.1",
            "MOZ_BING_API_CLIENTID": "no-bing-api-clientid",
            "MOZ_BING_API_KEY": "no-bing-api-key",
            "MOZ_BITS_DOWNLOAD": false,
            "MOZ_BUILD_APP": "mobile/android",
            "MOZ_CODE_COVERAGE": false,
            "MOZ_CRASHREPORTER": true,
            "MOZ_DATA_REPORTING": true,
            "MOZ_DEV_EDITION": false,
            "MOZ_GECKO_PROFILER": true,
            "MOZ_GOOGLE_LOCATION_SERVICE_API_KEY": "AIzaSyB2h2OuRcUgy5N-5hsZqiPW6sH3n_rptiQ",
            "MOZ_GOOGLE_SAFEBROWSING_API_KEY": "AIzaSyC7jsptDS3am4tPx4r3nxis7IMjBc5Dovo",
            "MOZ_GRAPHENE": false,
            "MOZ_MACBUNDLE_NAME": "Firefox.app",
            "MOZ_MAINTENANCE_SERVICE": false,
            "MOZ_MOZILLA_API_KEY": "3b4d27dd-703d-4094-8398-4de2c763505a",
            "MOZ_NEW_CERT_STORAGE": false,
            "MOZ_NEW_NOTIFICATION_STORE": false,
            "MOZ_NEW_XULSTORE": false,
            "MOZ_OFFICIAL_BRANDING": false,
            "MOZ_PLACES": false,
            "MOZ_REQUIRE_SIGNING": false,
            "MOZ_SANDBOX": false,
            "MOZ_SERVICES_HEALTHREPORT": true,
            "MOZ_SERVICES_SYNC": false,
            "MOZ_SWITCHBOARD": true,
            "MOZ_SYSTEM_NSS": false,
            "MOZ_TELEMETRY_ON_BY_DEFAULT": false,
            "MOZ_TELEMETRY_REPORTING": true,
            "MOZ_UNSIGNED_SCOPES": 0,
            "MOZ_UPDATER": false,
            "MOZ_UPDATE_CHANNEL": "release",
            "MOZ_WEBRTC": true,
            "MOZ_WIDGET_GTK": false,
            "MOZ_WIDGET_TOOLKIT": "android",
            "NIGHTLY_BUILD": false,
            "OMNIJAR_NAME": "assets/omni.ja",
            "RELEASE_OR_BETA": true,
            "SOURCE_REVISION_URL": "https://hg.mozilla.org/releases/mozilla-esr68/rev/d2e0b9e17b9bc1ef02606c8006b73293f7892ad5",
            "TELEMETRY_PING_FORMAT_VERSION": 4,
            "XP_UNIX": true,
            "isPlatformAndVersionAtLeast": {},
            "isPlatformAndVersionAtMost": {},
            "platform": "android"
          },
          "userAgent": "Mozilla/5.0 (Android 8.1.0; Mobile; rv:68.0) Gecko/68.0 Firefox/68.0",
          "windowSize": "360x560"
        },
        "pageinfo": {
          "documentHeight": 3988,
          "documentSize": {
            "decodedBodySize": 232147,
            "encodedBodySize": 61734,
            "transferSize": 65777
          },
          "documentTitle": "Walmart.com | Save Money. Live Better.",
          "documentWidth": 360,
          "domElements": 9259,
          "navigationStartTime": 1617083462968,
          "nextHopProtocol": "h2",
          "resources": {
            "count": 0,
            "duration": 0
          },
          "responsive": true,
          "url": "https://www.walmart.com/",
          "visualElements": {
            "heroes": [
              {
                "filename": "k2-_6a67f4e6-d0f4-48dd-b93c-bbf842046d65.v1.jpg?odnWidth=767&odnHeight=231&odnBg=ffffff",
                "height": 180,
                "name": "LargestImage",
                "width": 598,
                "x": -119,
                "y": 220
              },
              {
                "filename": null,
                "height": 1,
                "name": "Heading",
                "width": 1,
                "x": -1,
                "y": 16
              }
            ],
            "viewport": {
              "height": 560,
              "width": 360
            }
          }
        },
        "timings": {
          "firstPaint": 2447,
          "loadEventEnd": 68128,
          "navigationTiming": {
            "connectStart": 15,
            "domComplete": 67914,
            "domContentLoadedEventEnd": 4239,
            "domContentLoadedEventStart": 4225,
            "domInteractive": 3928,
            "domainLookupEnd": 15,
            "domainLookupStart": 8,
            "duration": 68128,
            "fetchStart": 6,
            "loadEventEnd": 68128,
            "loadEventStart": 67940,
            "redirectEnd": 0,
            "redirectStart": 0,
            "requestStart": 93,
            "responseEnd": 1707,
            "responseStart": 1707,
            "secureConnectionStart": 25,
            "startTime": 0,
            "unloadEventEnd": 0,
            "unloadEventStart": 0,
            "workerStart": 0
          },
          "pageTimings": {
            "backEndTime": 1707,
            "domContentLoadedTime": 4225,
            "domInteractiveTime": 3928,
            "domainLookupTime": 7,
            "frontEndTime": 66233,
            "pageDownloadTime": 0,
            "pageLoadTime": 67940,
            "redirectionTime": 0,
            "serverConnectionTime": 77,
            "serverResponseTime": 1613
          },
          "rumSpeedIndex": 1706,
          "timeToContentfulPaint": 4090,
          "timeToDomContentFlushed": 3983,
          "userTimings": {
            "marks": [
              {
                "name": "first-script",
                "startTime": 1819.6
              },
              {
                "name": "index-start",
                "startTime": 1822.16
              },
              {
                "name": "fire-event-instant",
                "startTime": 2328.34
              },
              {
                "name": "load-s2s-midas-scripts",
                "startTime": 2328.66
              },
              {
                "name": "entrypoint",
                "startTime": 3140.54
              },
              {
                "name": "above-the-fold",
                "startTime": 3306.86
              },
              {
                "name": "load",
                "startTime": 3308.48
              },
              {
                "name": "s2s-tracking-loaded",
                "startTime": 4223.8
              },
              {
                "name": "dom-content-loaded",
                "startTime": 4237.8
              },
              {
                "name": "load",
                "startTime": 67941.66
              }
            ],
            "measures": [
              {
                "duration": 3306.86,
                "name": "catf",
                "startTime": 0
              },
              {
                "duration": 1320.9399999999998,
                "name": "first-script to entrypoint",
                "startTime": 1819.6
              },
              {
                "duration": 1320.9399999999998,
                "name": "first-script to entrypoint",
                "startTime": 1819.6
              },
              {
                "duration": 2418.2,
                "name": "first-script to dom-content-loaded",
                "startTime": 1819.6
              },
              {
                "duration": 1320.9399999999998,
                "name": "first-script to entrypoint",
                "startTime": 1819.6
              },
              {
                "duration": 166.32000000000016,
                "name": "entrypoint to above-the-fold",
                "startTime": 3140.54
              }
            ]
          }
        }
      },
      {
        "browser": {
          "appConstants": {
            "ACCESSIBILITY": true,
            "ANDROID_PACKAGE_NAME": "org.mozilla.firefox",
            "ASAN": false,
            "ASAN_REPORTER": false,
            "BROWSER_CHROME_URL": "chrome://browser/content/browser.xul",
            "DEBUG": false,
            "DEBUG_JS_MODULES": "",
            "DLL_PREFIX": "lib",
            "DLL_SUFFIX": ".so",
            "EARLY_BETA_OR_EARLIER": false,
            "FENNEC_NIGHTLY": false,
            "HAVE_SHELL_SERVICE": false,
            "HAVE_USR_LIB64_DIR": false,
            "MENUBAR_CAN_AUTOHIDE": false,
            "MOZILLA_OFFICIAL": true,
            "MOZ_ALLOW_LEGACY_EXTENSIONS": false,
            "MOZ_ANDROID_ACTIVITY_STREAM": false,
            "MOZ_ANDROID_HISTORY": true,
            "MOZ_ANDROID_MOZILLA_ONLINE": false,
            "MOZ_APP_NAME": "fennec",
            "MOZ_APP_VERSION": "68.1.1",
            "MOZ_APP_VERSION_DISPLAY": "68.1.1",
            "MOZ_BING_API_CLIENTID": "no-bing-api-clientid",
            "MOZ_BING_API_KEY": "no-bing-api-key",
            "MOZ_BITS_DOWNLOAD": false,
            "MOZ_BUILD_APP": "mobile/android",
            "MOZ_CODE_COVERAGE": false,
            "MOZ_CRASHREPORTER": true,
            "MOZ_DATA_REPORTING": true,
            "MOZ_DEV_EDITION": false,
            "MOZ_GECKO_PROFILER": true,
            "MOZ_GOOGLE_LOCATION_SERVICE_API_KEY": "AIzaSyB2h2OuRcUgy5N-5hsZqiPW6sH3n_rptiQ",
            "MOZ_GOOGLE_SAFEBROWSING_API_KEY": "AIzaSyC7jsptDS3am4tPx4r3nxis7IMjBc5Dovo",
            "MOZ_GRAPHENE": false,
            "MOZ_MACBUNDLE_NAME": "Firefox.app",
            "MOZ_MAINTENANCE_SERVICE": false,
            "MOZ_MOZILLA_API_KEY": "3b4d27dd-703d-4094-8398-4de2c763505a",
            "MOZ_NEW_CERT_STORAGE": false,
            "MOZ_NEW_NOTIFICATION_STORE": false,
            "MOZ_NEW_XULSTORE": false,
            "MOZ_OFFICIAL_BRANDING": false,
            "MOZ_PLACES": false,
            "MOZ_REQUIRE_SIGNING": false,
            "MOZ_SANDBOX": false,
            "MOZ_SERVICES_HEALTHREPORT": true,
            "MOZ_SERVICES_SYNC": false,
            "MOZ_SWITCHBOARD": true,
            "MOZ_SYSTEM_NSS": false,
            "MOZ_TELEMETRY_ON_BY_DEFAULT": false,
            "MOZ_TELEMETRY_REPORTING": true,
            "MOZ_UNSIGNED_SCOPES": 0,
            "MOZ_UPDATER": false,
            "MOZ_UPDATE_CHANNEL": "release",
            "MOZ_WEBRTC": true,
            "MOZ_WIDGET_GTK": false,
            "MOZ_WIDGET_TOOLKIT": "android",
            "NIGHTLY_BUILD": false,
            "OMNIJAR_NAME": "assets/omni.ja",
            "RELEASE_OR_BETA": true,
            "SOURCE_REVISION_URL": "https://hg.mozilla.org/releases/mozilla-esr68/rev/d2e0b9e17b9bc1ef02606c8006b73293f7892ad5",
            "TELEMETRY_PING_FORMAT_VERSION": 4,
            "XP_UNIX": true,
            "isPlatformAndVersionAtLeast": {},
            "isPlatformAndVersionAtMost": {},
            "platform": "android"
          },
          "asyncAppConstants": {
            "ACCESSIBILITY": true,
            "ANDROID_PACKAGE_NAME": "org.mozilla.firefox",
            "ASAN": false,
            "ASAN_REPORTER": false,
            "BROWSER_CHROME_URL": "chrome://browser/content/browser.xul",
            "DEBUG": false,
            "DEBUG_JS_MODULES": "",
            "DLL_PREFIX": "lib",
            "DLL_SUFFIX": ".so",
            "EARLY_BETA_OR_EARLIER": false,
            "FENNEC_NIGHTLY": false,
            "HAVE_SHELL_SERVICE": false,
            "HAVE_USR_LIB64_DIR": false,
            "MENUBAR_CAN_AUTOHIDE": false,
            "MOZILLA_OFFICIAL": true,
            "MOZ_ALLOW_LEGACY_EXTENSIONS": false,
            "MOZ_ANDROID_ACTIVITY_STREAM": false,
            "MOZ_ANDROID_HISTORY": true,
            "MOZ_ANDROID_MOZILLA_ONLINE": false,
            "MOZ_APP_NAME": "fennec",
            "MOZ_APP_VERSION": "68.1.1",
            "MOZ_APP_VERSION_DISPLAY": "68.1.1",
            "MOZ_BING_API_CLIENTID": "no-bing-api-clientid",
            "MOZ_BING_API_KEY": "no-bing-api-key",
            "MOZ_BITS_DOWNLOAD": false,
            "MOZ_BUILD_APP": "mobile/android",
            "MOZ_CODE_COVERAGE": false,
            "MOZ_CRASHREPORTER": true,
            "MOZ_DATA_REPORTING": true,
            "MOZ_DEV_EDITION": false,
            "MOZ_GECKO_PROFILER": true,
            "MOZ_GOOGLE_LOCATION_SERVICE_API_KEY": "AIzaSyB2h2OuRcUgy5N-5hsZqiPW6sH3n_rptiQ",
            "MOZ_GOOGLE_SAFEBROWSING_API_KEY": "AIzaSyC7jsptDS3am4tPx4r3nxis7IMjBc5Dovo",
            "MOZ_GRAPHENE": false,
            "MOZ_MACBUNDLE_NAME": "Firefox.app",
            "MOZ_MAINTENANCE_SERVICE": false,
            "MOZ_MOZILLA_API_KEY": "3b4d27dd-703d-4094-8398-4de2c763505a",
            "MOZ_NEW_CERT_STORAGE": false,
            "MOZ_NEW_NOTIFICATION_STORE": false,
            "MOZ_NEW_XULSTORE": false,
            "MOZ_OFFICIAL_BRANDING": false,
            "MOZ_PLACES": false,
            "MOZ_REQUIRE_SIGNING": false,
            "MOZ_SANDBOX": false,
            "MOZ_SERVICES_HEALTHREPORT": true,
            "MOZ_SERVICES_SYNC": false,
            "MOZ_SWITCHBOARD": true,
            "MOZ_SYSTEM_NSS": false,
            "MOZ_TELEMETRY_ON_BY_DEFAULT": false,
            "MOZ_TELEMETRY_REPORTING": true,
            "MOZ_UNSIGNED_SCOPES": 0,
            "MOZ_UPDATER": false,
            "MOZ_UPDATE_CHANNEL": "release",
            "MOZ_WEBRTC": true,
            "MOZ_WIDGET_GTK": false,
            "MOZ_WIDGET_TOOLKIT": "android",
            "NIGHTLY_BUILD": false,
            "OMNIJAR_NAME": "assets/omni.ja",
            "RELEASE_OR_BETA": true,
            "SOURCE_REVISION_URL": "https://hg.mozilla.org/releases/mozilla-esr68/rev/d2e0b9e17b9bc1ef02606c8006b73293f7892ad5",
            "TELEMETRY_PING_FORMAT_VERSION": 4,
            "XP_UNIX": true,
            "isPlatformAndVersionAtLeast": {},
            "isPlatformAndVersionAtMost": {},
            "platform": "android"
          },
          "userAgent": "Mozilla/5.0 (Android 8.1.0; Mobile; rv:68.0) Gecko/68.0 Firefox/68.0",
          "windowSize": "360x560"
        },
        "pageinfo": {
          "documentHeight": 4288,
          "documentSize": {
            "decodedBodySize": 318213,
            "encodedBodySize": 76683,
            "transferSize": 80749
          },
          "documentTitle": "Walmart.com | Save Money. Live Better.",
          "documentWidth": 360,
          "domElements": 9262,
          "navigationStartTime": 1617083555331,
          "nextHopProtocol": "h2",
          "resources": {
            "count": 0,
            "duration": 0
          },
          "responsive": true,
          "url": "https://www.walmart.com/",
          "visualElements": {
            "heroes": [
              {
                "filename": "k2-_c2a47b77-729a-412c-8cea-4cd3d4addc62.v1.jpg?odnWidth=767&odnHeight=231&odnBg=ffffff",
                "height": 180,
                "name": "LargestImage",
                "width": 598,
                "x": -119,
                "y": 220
              },
              {
                "filename": null,
                "height": 1,
                "name": "Heading",
                "width": 1,
                "x": -1,
                "y": 16
              }
            ],
            "viewport": {
              "height": 560,
              "width": 360
            }
          }
        },
        "timings": {
          "firstPaint": 2196,
          "loadEventEnd": 15453,
          "navigationTiming": {
            "connectStart": 29,
            "domComplete": 15197,
            "domContentLoadedEventEnd": 4028,
            "domContentLoadedEventStart": 4013,
            "domInteractive": 3745,
            "domainLookupEnd": 29,
            "domainLookupStart": 29,
            "duration": 15453,
            "fetchStart": 3,
            "loadEventEnd": 15453,
            "loadEventStart": 15274,
            "redirectEnd": 0,
            "redirectStart": 0,
            "requestStart": 174,
            "responseEnd": 1259,
            "responseStart": 1259,
            "secureConnectionStart": 40,
            "startTime": 0,
            "unloadEventEnd": 0,
            "unloadEventStart": 0,
            "workerStart": 0
          },
          "pageTimings": {
            "backEndTime": 1259,
            "domContentLoadedTime": 4013,
            "domInteractiveTime": 3745,
            "domainLookupTime": 0,
            "frontEndTime": 14014,
            "pageDownloadTime": 0,
            "pageLoadTime": 15274,
            "redirectionTime": 0,
            "serverConnectionTime": 144,
            "serverResponseTime": 1085
          },
          "rumSpeedIndex": 1259,
          "timeToContentfulPaint": 3877,
          "timeToDomContentFlushed": 3787,
          "userTimings": {
            "marks": [
              {
                "name": "first-script",
                "startTime": 1397.68
              },
              {
                "name": "index-start",
                "startTime": 1401.1
              },
              {
                "name": "fire-event-instant",
                "startTime": 2085.1
              },
              {
                "name": "load-s2s-midas-scripts",
                "startTime": 2087.02
              },
              {
                "name": "entrypoint",
                "startTime": 2945.98
              },
              {
                "name": "above-the-fold",
                "startTime": 3059.24
              },
              {
                "name": "load",
                "startTime": 3060.58
              },
              {
                "name": "dom-content-loaded",
                "startTime": 4027.82
              },
              {
                "name": "s2s-tracking-loaded",
                "startTime": 4436.12
              },
              {
                "name": "load",
                "startTime": 15275.28
              }
            ],
            "measures": [
              {
                "duration": 3059.24,
                "name": "catf",
                "startTime": 0
              },
              {
                "duration": 1548.3,
                "name": "first-script to entrypoint",
                "startTime": 1397.68
              },
              {
                "duration": 1548.3,
                "name": "first-script to entrypoint",
                "startTime": 1397.68
              },
              {
                "duration": 2630.1400000000003,
                "name": "first-script to dom-content-loaded",
                "startTime": 1397.68
              },
              {
                "duration": 1548.3,
                "name": "first-script to entrypoint",
                "startTime": 1397.68
              },
              {
                "duration": 113.26000000000022,
                "name": "entrypoint to above-the-fold",
                "startTime": 2945.98
              }
            ]
          }
        }
      },
      {
        "browser": {
          "appConstants": {
            "ACCESSIBILITY": true,
            "ANDROID_PACKAGE_NAME": "org.mozilla.firefox",
            "ASAN": false,
            "ASAN_REPORTER": false,
            "BROWSER_CHROME_URL": "chrome://browser/content/browser.xul",
            "DEBUG": false,
            "DEBUG_JS_MODULES": "",
            "DLL_PREFIX": "lib",
            "DLL_SUFFIX": ".so",
            "EARLY_BETA_OR_EARLIER": false,
            "FENNEC_NIGHTLY": false,
            "HAVE_SHELL_SERVICE": false,
            "HAVE_USR_LIB64_DIR": false,
            "MENUBAR_CAN_AUTOHIDE": false,
            "MOZILLA_OFFICIAL": true,
            "MOZ_ALLOW_LEGACY_EXTENSIONS": false,
            "MOZ_ANDROID_ACTIVITY_STREAM": false,
            "MOZ_ANDROID_HISTORY": true,
            "MOZ_ANDROID_MOZILLA_ONLINE": false,
            "MOZ_APP_NAME": "fennec",
            "MOZ_APP_VERSION": "68.1.1",
            "MOZ_APP_VERSION_DISPLAY": "68.1.1",
            "MOZ_BING_API_CLIENTID": "no-bing-api-clientid",
            "MOZ_BING_API_KEY": "no-bing-api-key",
            "MOZ_BITS_DOWNLOAD": false,
            "MOZ_BUILD_APP": "mobile/android",
            "MOZ_CODE_COVERAGE": false,
            "MOZ_CRASHREPORTER": true,
            "MOZ_DATA_REPORTING": true,
            "MOZ_DEV_EDITION": false,
            "MOZ_GECKO_PROFILER": true,
            "MOZ_GOOGLE_LOCATION_SERVICE_API_KEY": "AIzaSyB2h2OuRcUgy5N-5hsZqiPW6sH3n_rptiQ",
            "MOZ_GOOGLE_SAFEBROWSING_API_KEY": "AIzaSyC7jsptDS3am4tPx4r3nxis7IMjBc5Dovo",
            "MOZ_GRAPHENE": false,
            "MOZ_MACBUNDLE_NAME": "Firefox.app",
            "MOZ_MAINTENANCE_SERVICE": false,
            "MOZ_MOZILLA_API_KEY": "3b4d27dd-703d-4094-8398-4de2c763505a",
            "MOZ_NEW_CERT_STORAGE": false,
            "MOZ_NEW_NOTIFICATION_STORE": false,
            "MOZ_NEW_XULSTORE": false,
            "MOZ_OFFICIAL_BRANDING": false,
            "MOZ_PLACES": false,
            "MOZ_REQUIRE_SIGNING": false,
            "MOZ_SANDBOX": false,
            "MOZ_SERVICES_HEALTHREPORT": true,
            "MOZ_SERVICES_SYNC": false,
            "MOZ_SWITCHBOARD": true,
            "MOZ_SYSTEM_NSS": false,
            "MOZ_TELEMETRY_ON_BY_DEFAULT": false,
            "MOZ_TELEMETRY_REPORTING": true,
            "MOZ_UNSIGNED_SCOPES": 0,
            "MOZ_UPDATER": false,
            "MOZ_UPDATE_CHANNEL": "release",
            "MOZ_WEBRTC": true,
            "MOZ_WIDGET_GTK": false,
            "MOZ_WIDGET_TOOLKIT": "android",
            "NIGHTLY_BUILD": false,
            "OMNIJAR_NAME": "assets/omni.ja",
            "RELEASE_OR_BETA": true,
            "SOURCE_REVISION_URL": "https://hg.mozilla.org/releases/mozilla-esr68/rev/d2e0b9e17b9bc1ef02606c8006b73293f7892ad5",
            "TELEMETRY_PING_FORMAT_VERSION": 4,
            "XP_UNIX": true,
            "isPlatformAndVersionAtLeast": {},
            "isPlatformAndVersionAtMost": {},
            "platform": "android"
          },
          "asyncAppConstants": {
            "ACCESSIBILITY": true,
            "ANDROID_PACKAGE_NAME": "org.mozilla.firefox",
            "ASAN": false,
            "ASAN_REPORTER": false,
            "BROWSER_CHROME_URL": "chrome://browser/content/browser.xul",
            "DEBUG": false,
            "DEBUG_JS_MODULES": "",
            "DLL_PREFIX": "lib",
            "DLL_SUFFIX": ".so",
            "EARLY_BETA_OR_EARLIER": false,
            "FENNEC_NIGHTLY": false,
            "HAVE_SHELL_SERVICE": false,
            "HAVE_USR_LIB64_DIR": false,
            "MENUBAR_CAN_AUTOHIDE": false,
            "MOZILLA_OFFICIAL": true,
            "MOZ_ALLOW_LEGACY_EXTENSIONS": false,
            "MOZ_ANDROID_ACTIVITY_STREAM": false,
            "MOZ_ANDROID_HISTORY": true,
            "MOZ_ANDROID_MOZILLA_ONLINE": false,
            "MOZ_APP_NAME": "fennec",
            "MOZ_APP_VERSION": "68.1.1",
            "MOZ_APP_VERSION_DISPLAY": "68.1.1",
            "MOZ_BING_API_CLIENTID": "no-bing-api-clientid",
            "MOZ_BING_API_KEY": "no-bing-api-key",
            "MOZ_BITS_DOWNLOAD": false,
            "MOZ_BUILD_APP": "mobile/android",
            "MOZ_CODE_COVERAGE": false,
            "MOZ_CRASHREPORTER": true,
            "MOZ_DATA_REPORTING": true,
            "MOZ_DEV_EDITION": false,
            "MOZ_GECKO_PROFILER": true,
            "MOZ_GOOGLE_LOCATION_SERVICE_API_KEY": "AIzaSyB2h2OuRcUgy5N-5hsZqiPW6sH3n_rptiQ",
            "MOZ_GOOGLE_SAFEBROWSING_API_KEY": "AIzaSyC7jsptDS3am4tPx4r3nxis7IMjBc5Dovo",
            "MOZ_GRAPHENE": false,
            "MOZ_MACBUNDLE_NAME": "Firefox.app",
            "MOZ_MAINTENANCE_SERVICE": false,
            "MOZ_MOZILLA_API_KEY": "3b4d27dd-703d-4094-8398-4de2c763505a",
            "MOZ_NEW_CERT_STORAGE": false,
            "MOZ_NEW_NOTIFICATION_STORE": false,
            "MOZ_NEW_XULSTORE": false,
            "MOZ_OFFICIAL_BRANDING": false,
            "MOZ_PLACES": false,
            "MOZ_REQUIRE_SIGNING": false,
            "MOZ_SANDBOX": false,
            "MOZ_SERVICES_HEALTHREPORT": true,
            "MOZ_SERVICES_SYNC": false,
            "MOZ_SWITCHBOARD": true,
            "MOZ_SYSTEM_NSS": false,
            "MOZ_TELEMETRY_ON_BY_DEFAULT": false,
            "MOZ_TELEMETRY_REPORTING": true,
            "MOZ_UNSIGNED_SCOPES": 0,
            "MOZ_UPDATER": false,
            "MOZ_UPDATE_CHANNEL": "release",
            "MOZ_WEBRTC": true,
            "MOZ_WIDGET_GTK": false,
            "MOZ_WIDGET_TOOLKIT": "android",
            "NIGHTLY_BUILD": false,
            "OMNIJAR_NAME": "assets/omni.ja",
            "RELEASE_OR_BETA": true,
            "SOURCE_REVISION_URL": "https://hg.mozilla.org/releases/mozilla-esr68/rev/d2e0b9e17b9bc1ef02606c8006b73293f7892ad5",
            "TELEMETRY_PING_FORMAT_VERSION": 4,
            "XP_UNIX": true,
            "isPlatformAndVersionAtLeast": {},
            "isPlatformAndVersionAtMost": {},
            "platform": "android"
          },
          "userAgent": "Mozilla/5.0 (Android 8.1.0; Mobile; rv:68.0) Gecko/68.0 Firefox/68.0",
          "windowSize": "360x560"
        },
        "pageinfo": {
          "documentHeight": 3988,
          "documentSize": {
            "decodedBodySize": 232321,
            "encodedBodySize": 61725,
            "transferSize": 65780
          },
          "documentTitle": "Walmart.com | Save Money. Live Better.",
          "documentWidth": 360,
          "domElements": 9258,
          "navigationStartTime": 1617083593998,
          "nextHopProtocol": "h2",
          "resources": {
            "count": 0,
            "duration": 0
          },
          "responsive": true,
          "url": "https://www.walmart.com/",
          "visualElements": {
            "heroes": [
              {
                "filename": "k2-_6a67f4e6-d0f4-48dd-b93c-bbf842046d65.v1.jpg?odnWidth=767&odnHeight=231&odnBg=ffffff",
                "height": 180,
                "name": "LargestImage",
                "width": 598,
                "x": -119,
                "y": 220
              },
              {
                "filename": null,
                "height": 1,
                "name": "Heading",
                "width": 1,
                "x": -1,
                "y": 16
              }
            ],
            "viewport": {
              "height": 560,
              "width": 360
            }
          }
        },
        "timings": {
          "firstPaint": 2727,
          "loadEventEnd": 18361,
          "navigationTiming": {
            "connectStart": 31,
            "domComplete": 18111,
            "domContentLoadedEventEnd": 4408,
            "domContentLoadedEventStart": 4394,
            "domInteractive": 4123,
            "domainLookupEnd": 30,
            "domainLookupStart": 30,
            "duration": 18361,
            "fetchStart": 2,
            "loadEventEnd": 18361,
            "loadEventStart": 18158,
            "redirectEnd": 0,
            "redirectStart": 0,
            "requestStart": 105,
            "responseEnd": 1760,
            "responseStart": 1760,
            "secureConnectionStart": 41,
            "startTime": 0,
            "unloadEventEnd": 0,
            "unloadEventStart": 0,
            "workerStart": 0
          },
          "pageTimings": {
            "backEndTime": 1760,
            "domContentLoadedTime": 4394,
            "domInteractiveTime": 4123,
            "domainLookupTime": 0,
            "frontEndTime": 16398,
            "pageDownloadTime": 0,
            "pageLoadTime": 18158,
            "redirectionTime": 0,
            "serverConnectionTime": 72,
            "serverResponseTime": 1656
          },
          "rumSpeedIndex": 1760,
          "timeToContentfulPaint": 4257,
          "timeToDomContentFlushed": 4169,
          "userTimings": {
            "marks": [
              {
                "name": "first-script",
                "startTime": 1893.1
              },
              {
                "name": "index-start",
                "startTime": 1895.54
              },
              {
                "name": "fire-event-instant",
                "startTime": 2631.16
              },
              {
                "name": "load-s2s-midas-scripts",
                "startTime": 2631.46
              },
              {
                "name": "entrypoint",
                "startTime": 3441.66
              },
              {
                "name": "above-the-fold",
                "startTime": 3542.56
              },
              {
                "name": "load",
                "startTime": 3543.76
              },
              {
                "name": "dom-content-loaded",
                "startTime": 4407.08
              },
              {
                "name": "s2s-tracking-loaded",
                "startTime": 5211.46
              },
              {
                "name": "load",
                "startTime": 18159.98
              }
            ],
            "measures": [
              {
                "duration": 3542.56,
                "name": "catf",
                "startTime": 0
              },
              {
                "duration": 1548.5599999999995,
                "name": "first-script to entrypoint",
                "startTime": 1893.1
              },
              {
                "duration": 1548.5599999999995,
                "name": "first-script to entrypoint",
                "startTime": 1893.1
              },
              {
                "duration": 2513.9799999999996,
                "name": "first-script to dom-content-loaded",
                "startTime": 1893.1
              },
              {
                "duration": 1548.5599999999995,
                "name": "first-script to entrypoint",
                "startTime": 1893.1
              },
              {
                "duration": 100.90000000000008,
                "name": "entrypoint to above-the-fold",
                "startTime": 3441.66
              }
            ]
          }
        }
      }
    ],
    "visualMetrics": [],
    "cpu": [],
    "extras": [
      {},
      {},
      {}
    ],
    "fullyLoaded": [],
    "errors": [
      [],
      [],
      []
    ],
    "statistics": {
      "browser": {
        "appConstants": {
          "MOZ_UNSIGNED_SCOPES": {
            "median": 0,
            "mean": 0,
            "mdev": 0,
            "stddev": 0,
            "min": 0,
            "p10": 0,
            "p90": 0,
            "p99": 0,
            "max": 0
          },
          "TELEMETRY_PING_FORMAT_VERSION": {
            "median": 4,
            "mean": 4,
            "mdev": 0,
            "stddev": 0,
            "min": 4,
            "p10": 4,
            "p90": 4,
            "p99": 4,
            "max": 4
          }
        },
        "asyncAppConstants": {
          "MOZ_UNSIGNED_SCOPES": {
            "median": 0,
            "mean": 0,
            "mdev": 0,
            "stddev": 0,
            "min": 0,
            "p10": 0,
            "p90": 0,
            "p99": 0,
            "max": 0
          },
          "TELEMETRY_PING_FORMAT_VERSION": {
            "median": 4,
            "mean": 4,
            "mdev": 0,
            "stddev": 0,
            "min": 4,
            "p10": 4,
            "p90": 4,
            "p99": 4,
            "max": 4
          }
        }
      },
      "pageinfo": {
        "documentHeight": {
          "median": 3988,
          "mean": 4088,
          "mdev": 81.6497,
          "stddev": 141,
          "min": 3988,
          "p10": 3988,
          "p90": 4288,
          "p99": 4288,
          "max": 4288
        },
        "documentSize": {
          "decodedBodySize": {
            "median": 232321,
            "mean": 260894,
            "mdev": 23400.5558,
            "stddev": 40531,
            "min": 232147,
            "p10": 232147,
            "p90": 318213,
            "p99": 318213,
            "max": 318213
          },
          "encodedBodySize": {
            "median": 61734,
            "mean": 66714,
            "mdev": 4069.8278,
            "stddev": 7049,
            "min": 61725,
            "p10": 61725,
            "p90": 76683,
            "p99": 76683,
            "max": 76683
          },
          "transferSize": {
            "median": 65780,
            "mean": 70769,
            "mdev": 4074.4541,
            "stddev": 7057,
            "min": 65777,
            "p10": 65777,
            "p90": 80749,
            "p99": 80749,
            "max": 80749
          }
        },
        "documentWidth": {
          "median": 360,
          "mean": 360,
          "mdev": 0,
          "stddev": 0,
          "min": 360,
          "p10": 360,
          "p90": 360,
          "p99": 360,
          "max": 360
        },
        "domElements": {
          "median": 9259,
          "mean": 9260,
          "mdev": 0.9813,
          "stddev": 2,
          "min": 9258,
          "p10": 9258,
          "p90": 9262,
          "p99": 9262,
          "max": 9262
        },
        "navigationStartTime": {
          "median": 1617083555331,
          "mean": 1617083537432,
          "mdev": 30893.9667,
          "stddev": 53510,
          "min": 1617083462968,
          "p10": 1617083462968,
          "p90": 1617083593998,
          "p99": 1617083593998,
          "max": 1617083593998
        },
        "resources": {
          "count": {
            "median": 0,
            "mean": 0,
            "mdev": 0,
            "stddev": 0,
            "min": 0,
            "p10": 0,
            "p90": 0,
            "p99": 0,
            "max": 0
          },
          "duration": {
            "median": 0,
            "mean": 0,
            "mdev": 0,
            "stddev": 0,
            "min": 0,
            "p10": 0,
            "p90": 0,
            "p99": 0,
            "max": 0
          }
        },
        "visualElements": {
          "heroes": [
            {
              "height": {
                "median": 180,
                "mean": 180,
                "mdev": 0,
                "stddev": 0,
                "min": 180,
                "p10": 180,
                "p90": 180,
                "p99": 180,
                "max": 180
              },
              "width": {
                "median": 598,
                "mean": 598,
                "mdev": 0,
                "stddev": 0,
                "min": 598,
                "p10": 598,
                "p90": 598,
                "p99": 598,
                "max": 598
              },
              "x": {
                "median": -119,
                "mean": -119,
                "mdev": 0,
                "stddev": 0,
                "min": -119,
                "p10": -119,
                "p90": -119,
                "p99": -119,
                "max": -119
              },
              "y": {
                "median": 220,
                "mean": 220,
                "mdev": 0,
                "stddev": 0,
                "min": 220,
                "p10": 220,
                "p90": 220,
                "p99": 220,
                "max": 220
              }
            },
            {
              "height": {
                "median": 1,
                "mean": 1,
                "mdev": 0,
                "stddev": 0,
                "min": 1,
                "p10": 1,
                "p90": 1,
                "p99": 1,
                "max": 1
              },
              "width": {
                "median": 1,
                "mean": 1,
                "mdev": 0,
                "stddev": 0,
                "min": 1,
                "p10": 1,
                "p90": 1,
                "p99": 1,
                "max": 1
              },
              "x": {
                "median": -1,
                "mean": -1,
                "mdev": 0,
                "stddev": 0,
                "min": -1,
                "p10": -1,
                "p90": -1,
                "p99": -1,
                "max": -1
              },
              "y": {
                "median": 16,
                "mean": 16,
                "mdev": 0,
                "stddev": 0,
                "min": 16,
                "p10": 16,
                "p90": 16,
                "p99": 16,
                "max": 16
              }
            }
          ],
          "viewport": {
            "height": {
              "median": 560,
              "mean": 560,
              "mdev": 0,
              "stddev": 0,
              "min": 560,
              "p10": 560,
              "p90": 560,
              "p99": 560,
              "max": 560
            },
            "width": {
              "median": 360,
              "mean": 360,
              "mdev": 0,
              "stddev": 0,
              "min": 360,
              "p10": 360,
              "p90": 360,
              "p99": 360,
              "max": 360
            }
          }
        }
      },
      "timings": {
        "firstPaint": {
          "median": 2447,
          "mean": 2457,
          "mdev": 125.2201,
          "stddev": 217,
          "min": 2196,
          "p10": 2196,
          "p90": 2727,
          "p99": 2727,
          "max": 2727
        },
        "loadEventEnd": {
          "median": 18361,
          "mean": 33981,
          "mdev": 13957.4305,
          "stddev": 24175,
          "min": 15453,
          "p10": 15453,
          "p90": 68128,
          "p99": 68128,
          "max": 68128
        },
        "navigationTiming": {
          "connectStart": {
            "median": 29,
            "mean": 25,
            "mdev": 4.1096,
            "stddev": 7,
            "min": 15,
            "p10": 15,
            "p90": 31,
            "p99": 31,
            "max": 31
          },
          "domComplete": {
            "median": 18111,
            "mean": 33741,
            "mdev": 13968.1016,
            "stddev": 24193,
            "min": 15197,
            "p10": 15197,
            "p90": 67914,
            "p99": 67914,
            "max": 67914
          },
          "domContentLoadedEventEnd": {
            "median": 4239,
            "mean": 4225,
            "mdev": 89.749,
            "stddev": 155,
            "min": 4028,
            "p10": 4028,
            "p90": 4408,
            "p99": 4408,
            "max": 4408
          },
          "domContentLoadedEventStart": {
            "median": 4225,
            "mean": 4211,
            "mdev": 89.993,
            "stddev": 156,
            "min": 4013,
            "p10": 4013,
            "p90": 4394,
            "p99": 4394,
            "max": 4394
          },
          "domInteractive": {
            "median": 3928,
            "mean": 3932,
            "mdev": 89.1104,
            "stddev": 154,
            "min": 3745,
            "p10": 3745,
            "p90": 4123,
            "p99": 4123,
            "max": 4123
          },
          "domainLookupEnd": {
            "median": 29,
            "mean": 25,
            "mdev": 3.9534,
            "stddev": 7,
            "min": 15,
            "p10": 15,
            "p90": 30,
            "p99": 30,
            "max": 30
          },
          "domainLookupStart": {
            "median": 29,
            "mean": 22,
            "mdev": 5.8563,
            "stddev": 10,
            "min": 8,
            "p10": 8,
            "p90": 30,
            "p99": 30,
            "max": 30
          },
          "duration": {
            "median": 18361,
            "mean": 33981,
            "mdev": 13957.4305,
            "stddev": 24175,
            "min": 15453,
            "p10": 15453,
            "p90": 68128,
            "p99": 68128,
            "max": 68128
          },
          "fetchStart": {
            "median": 3,
            "mean": 4,
            "mdev": 0.9813,
            "stddev": 2,
            "min": 2,
            "p10": 2,
            "p90": 6,
            "p99": 6,
            "max": 6
          },
          "loadEventEnd": {
            "median": 18361,
            "mean": 33981,
            "mdev": 13957.4305,
            "stddev": 24175,
            "min": 15453,
            "p10": 15453,
            "p90": 68128,
            "p99": 68128,
            "max": 68128
          },
          "loadEventStart": {
            "median": 18158,
            "mean": 33791,
            "mdev": 13957.9694,
            "stddev": 24176,
            "min": 15274,
            "p10": 15274,
            "p90": 67940,
            "p99": 67940,
            "max": 67940
          },
          "redirectEnd": {
            "median": 0,
            "mean": 0,
            "mdev": 0,
            "stddev": 0,
            "min": 0,
            "p10": 0,
            "p90": 0,
            "p99": 0,
            "max": 0
          },
          "redirectStart": {
            "median": 0,
            "mean": 0,
            "mdev": 0,
            "stddev": 0,
            "min": 0,
            "p10": 0,
            "p90": 0,
            "p99": 0,
            "max": 0
          },
          "requestStart": {
            "median": 105,
            "mean": 124,
            "mdev": 20.6074,
            "stddev": 36,
            "min": 93,
            "p10": 93,
            "p90": 174,
            "p99": 174,
            "max": 174
          },
          "responseEnd": {
            "median": 1707,
            "mean": 1575,
            "mdev": 129.7453,
            "stddev": 225,
            "min": 1259,
            "p10": 1259,
            "p90": 1760,
            "p99": 1760,
            "max": 1760
          },
          "responseStart": {
            "median": 1707,
            "mean": 1575,
            "mdev": 129.7453,
            "stddev": 225,
            "min": 1259,
            "p10": 1259,
            "p90": 1760,
            "p99": 1760,
            "max": 1760
          },
          "secureConnectionStart": {
            "median": 40,
            "mean": 35,
            "mdev": 4.2251,
            "stddev": 7,
            "min": 25,
            "p10": 25,
            "p90": 41,
            "p99": 41,
            "max": 41
          },
          "startTime": {
            "median": 0,
            "mean": 0,
            "mdev": 0,
            "stddev": 0,
            "min": 0,
            "p10": 0,
            "p90": 0,
            "p99": 0,
            "max": 0
          },
          "unloadEventEnd": {
            "median": 0,
            "mean": 0,
            "mdev": 0,
            "stddev": 0,
            "min": 0,
            "p10": 0,
            "p90": 0,
            "p99": 0,
            "max": 0
          },
          "unloadEventStart": {
            "median": 0,
            "mean": 0,
            "mdev": 0,
            "stddev": 0,
            "min": 0,
            "p10": 0,
            "p90": 0,
            "p99": 0,
            "max": 0
          },
          "workerStart": {
            "median": 0,
            "mean": 0,
            "mdev": 0,
            "stddev": 0,
            "min": 0,
            "p10": 0,
            "p90": 0,
            "p99": 0,
            "max": 0
          }
        },
        "pageTimings": {
          "backEndTime": {
            "median": 1707,
            "mean": 1575,
            "mdev": 129.7453,
            "stddev": 225,
            "min": 1259,
            "p10": 1259,
            "p90": 1760,
            "p99": 1760,
            "max": 1760
          },
          "domContentLoadedTime": {
            "median": 4225,
            "mean": 4211,
            "mdev": 89.993,
            "stddev": 156,
            "min": 4013,
            "p10": 4013,
            "p90": 4394,
            "p99": 4394,
            "max": 4394
          },
          "domInteractiveTime": {
            "median": 3928,
            "mean": 3932,
            "mdev": 89.1104,
            "stddev": 154,
            "min": 3745,
            "p10": 3745,
            "p90": 4123,
            "p99": 4123,
            "max": 4123
          },
          "domainLookupTime": {
            "median": 0,
            "mean": 2,
            "mdev": 1.9052,
            "stddev": 3,
            "min": 0,
            "p10": 0,
            "p90": 7,
            "p99": 7,
            "max": 7
          },
          "frontEndTime": {
            "median": 16398,
            "mean": 32215,
            "mdev": 13899.1535,
            "stddev": 24074,
            "min": 14014,
            "p10": 14014,
            "p90": 66233,
            "p99": 66233,
            "max": 66233
          },
          "pageDownloadTime": {
            "median": 0,
            "mean": 0,
            "mdev": 0,
            "stddev": 0,
            "min": 0,
            "p10": 0,
            "p90": 0,
            "p99": 0,
            "max": 0
          },
          "pageLoadTime": {
            "median": 18158,
            "mean": 33791,
            "mdev": 13957.9694,
            "stddev": 24176,
            "min": 15274,
            "p10": 15274,
            "p90": 67940,
            "p99": 67940,
            "max": 67940
          },
          "redirectionTime": {
            "median": 0,
            "mean": 0,
            "mdev": 0,
            "stddev": 0,
            "min": 0,
            "p10": 0,
            "p90": 0,
            "p99": 0,
            "max": 0
          },
          "serverConnectionTime": {
            "median": 77,
            "mean": 98,
            "mdev": 18.9522,
            "stddev": 33,
            "min": 72,
            "p10": 72,
            "p90": 144,
            "p99": 144,
            "max": 144
          },
          "serverResponseTime": {
            "median": 1613,
            "mean": 1451,
            "mdev": 149.898,
            "stddev": 260,
            "min": 1085,
            "p10": 1085,
            "p90": 1656,
            "p99": 1656,
            "max": 1656
          }
        },
        "rumSpeedIndex": {
          "median": 1706,
          "mean": 1575,
          "mdev": 129.6328,
          "stddev": 225,
          "min": 1259,
          "p10": 1259,
          "p90": 1760,
          "p99": 1760,
          "max": 1760
        },
        "timeToContentfulPaint": {
          "median": 4090,
          "mean": 4075,
          "mdev": 89.7853,
          "stddev": 156,
          "min": 3877,
          "p10": 3877,
          "p90": 4257,
          "p99": 4257,
          "max": 4257
        },
        "timeToDomContentFlushed": {
          "median": 3983,
          "mean": 3980,
          "mdev": 90.0485,
          "stddev": 156,
          "min": 3787,
          "p10": 3787,
          "p90": 4169,
          "p99": 4169,
          "max": 4169
        },
        "userTimings": {
          "marks": {
            "first-script": {
              "median": 1820,
              "mean": 1703,
              "mdev": 126.0305,
              "stddev": 218,
              "min": 1398,
              "p10": 1398,
              "p90": 1893,
              "p99": 1893,
              "max": 1893
            },
            "index-start": {
              "median": 1822,
              "mean": 1706,
              "mdev": 125.7786,
              "stddev": 218,
              "min": 1401,
              "p10": 1401,
              "p90": 1896,
              "p99": 1896,
              "max": 1896
            },
            "fire-event-instant": {
              "median": 2328,
              "mean": 2348,
              "mdev": 128.9627,
              "stddev": 223,
              "min": 2085,
              "p10": 2085,
              "p90": 2631,
              "p99": 2631,
              "max": 2631
            },
            "load-s2s-midas-scripts": {
              "median": 2329,
              "mean": 2349,
              "mdev": 128.5954,
              "stddev": 223,
              "min": 2087,
              "p10": 2087,
              "p90": 2631,
              "p99": 2631,
              "max": 2631
            },
            "entrypoint": {
              "median": 3141,
              "mean": 3176,
              "mdev": 117.7294,
              "stddev": 204,
              "min": 2946,
              "p10": 2946,
              "p90": 3442,
              "p99": 3442,
              "max": 3442
            },
            "above-the-fold": {
              "median": 3307,
              "mean": 3303,
              "mdev": 113.9312,
              "stddev": 197,
              "min": 3059,
              "p10": 3059,
              "p90": 3543,
              "p99": 3543,
              "max": 3543
            },
            "load": {
              "median": 18160,
              "mean": 33792,
              "mdev": 13957.9856,
              "stddev": 24176,
              "min": 15275,
              "p10": 15275,
              "p90": 67942,
              "p99": 67942,
              "max": 67942
            },
            "s2s-tracking-loaded": {
              "median": 4436,
              "mean": 4624,
              "mdev": 245.0778,
              "stddev": 424,
              "min": 4224,
              "p10": 4224,
              "p90": 5211,
              "p99": 5211,
              "max": 5211
            },
            "dom-content-loaded": {
              "median": 4238,
              "mean": 4224,
              "mdev": 89.5639,
              "stddev": 155,
              "min": 4028,
              "p10": 4028,
              "p90": 4407,
              "p99": 4407,
              "max": 4407
            }
          },
          "measures": {
            "catf": {
              "median": 3307,
              "mean": 3303,
              "mdev": 113.9312,
              "stddev": 197,
              "min": 3059,
              "p10": 3059,
              "p90": 3543,
              "p99": 3543,
              "max": 3543
            },
            "first-script to entrypoint": {
              "median": 1548,
              "mean": 1473,
              "mdev": 61.915,
              "stddev": 107,
              "min": 1321,
              "p10": 1321,
              "p90": 1549,
              "p99": 1549,
              "max": 1549
            },
            "first-script to dom-content-loaded": {
              "median": 2514,
              "mean": 2521,
              "mdev": 50.0317,
              "stddev": 87,
              "min": 2418,
              "p10": 2418,
              "p90": 2630,
              "p99": 2630,
              "max": 2630
            },
            "entrypoint to above-the-fold": {
              "median": 113,
              "mean": 127,
              "mdev": 16.3842,
              "stddev": 28,
              "min": 101,
              "p10": 101,
              "p90": 166,
              "p99": 166,
              "max": 166
            }
          }
        }
      }
    }
  }
]