[
  {
    "info": {
      "browsertime": {
        "version": "8.4.0"
      },
      "url": "https://www.adobe.com/",
      "timestamp": "2021-03-30T05:09:16+04:00",
      "connectivity": {
        "engine": "external",
        "profile": "native"
      },
      "extra": {}
    },
    "files": {
      "video": [],
      "screenshot": [],
      "timeline": [],
      "consoleLog": [],
      "netLog": [],
      "perfLog": []
    },
    "cdp": {
      "performance": []
    },
    "timestamps": [
      "2021-03-30T05:08:59+04:00",
      "2021-03-30T05:09:28+04:00",
      "2021-03-30T05:09:54+04:00"
    ],
    "browserScripts": [
      {
        "browser": {
          "appConstants": {
            "ACCESSIBILITY": true,
            "ANDROID_PACKAGE_NAME": "org.mozilla.firefox",
            "ASAN": false,
            "ASAN_REPORTER": false,
            "BROWSER_CHROME_URL": "chrome://browser/content/browser.xul",
            "DEBUG": false,
            "DEBUG_JS_MODULES": "",
            "DLL_PREFIX": "lib",
            "DLL_SUFFIX": ".so",
            "EARLY_BETA_OR_EARLIER": false,
            "FENNEC_NIGHTLY": false,
            "HAVE_SHELL_SERVICE": false,
            "HAVE_USR_LIB64_DIR": false,
            "MENUBAR_CAN_AUTOHIDE": false,
            "MOZILLA_OFFICIAL": true,
            "MOZ_ALLOW_LEGACY_EXTENSIONS": false,
            "MOZ_ANDROID_ACTIVITY_STREAM": false,
            "MOZ_ANDROID_HISTORY": true,
            "MOZ_ANDROID_MOZILLA_ONLINE": false,
            "MOZ_APP_NAME": "fennec",
            "MOZ_APP_VERSION": "68.1.1",
            "MOZ_APP_VERSION_DISPLAY": "68.1.1",
            "MOZ_BING_API_CLIENTID": "no-bing-api-clientid",
            "MOZ_BING_API_KEY": "no-bing-api-key",
            "MOZ_BITS_DOWNLOAD": false,
            "MOZ_BUILD_APP": "mobile/android",
            "MOZ_CODE_COVERAGE": false,
            "MOZ_CRASHREPORTER": true,
            "MOZ_DATA_REPORTING": true,
            "MOZ_DEV_EDITION": false,
            "MOZ_GECKO_PROFILER": true,
            "MOZ_GOOGLE_LOCATION_SERVICE_API_KEY": "AIzaSyB2h2OuRcUgy5N-5hsZqiPW6sH3n_rptiQ",
            "MOZ_GOOGLE_SAFEBROWSING_API_KEY": "AIzaSyC7jsptDS3am4tPx4r3nxis7IMjBc5Dovo",
            "MOZ_GRAPHENE": false,
            "MOZ_MACBUNDLE_NAME": "Firefox.app",
            "MOZ_MAINTENANCE_SERVICE": false,
            "MOZ_MOZILLA_API_KEY": "3b4d27dd-703d-4094-8398-4de2c763505a",
            "MOZ_NEW_CERT_STORAGE": false,
            "MOZ_NEW_NOTIFICATION_STORE": false,
            "MOZ_NEW_XULSTORE": false,
            "MOZ_OFFICIAL_BRANDING": false,
            "MOZ_PLACES": false,
            "MOZ_REQUIRE_SIGNING": false,
            "MOZ_SANDBOX": false,
            "MOZ_SERVICES_HEALTHREPORT": true,
            "MOZ_SERVICES_SYNC": false,
            "MOZ_SWITCHBOARD": true,
            "MOZ_SYSTEM_NSS": false,
            "MOZ_TELEMETRY_ON_BY_DEFAULT": false,
            "MOZ_TELEMETRY_REPORTING": true,
            "MOZ_UNSIGNED_SCOPES": 0,
            "MOZ_UPDATER": false,
            "MOZ_UPDATE_CHANNEL": "release",
            "MOZ_WEBRTC": true,
            "MOZ_WIDGET_GTK": false,
            "MOZ_WIDGET_TOOLKIT": "android",
            "NIGHTLY_BUILD": false,
            "OMNIJAR_NAME": "assets/omni.ja",
            "RELEASE_OR_BETA": true,
            "SOURCE_REVISION_URL": "https://hg.mozilla.org/releases/mozilla-esr68/rev/d2e0b9e17b9bc1ef02606c8006b73293f7892ad5",
            "TELEMETRY_PING_FORMAT_VERSION": 4,
            "XP_UNIX": true,
            "isPlatformAndVersionAtLeast": {},
            "isPlatformAndVersionAtMost": {},
            "platform": "android"
          },
          "asyncAppConstants": {
            "ACCESSIBILITY": true,
            "ANDROID_PACKAGE_NAME": "org.mozilla.firefox",
            "ASAN": false,
            "ASAN_REPORTER": false,
            "BROWSER_CHROME_URL": "chrome://browser/content/browser.xul",
            "DEBUG": false,
            "DEBUG_JS_MODULES": "",
            "DLL_PREFIX": "lib",
            "DLL_SUFFIX": ".so",
            "EARLY_BETA_OR_EARLIER": false,
            "FENNEC_NIGHTLY": false,
            "HAVE_SHELL_SERVICE": false,
            "HAVE_USR_LIB64_DIR": false,
            "MENUBAR_CAN_AUTOHIDE": false,
            "MOZILLA_OFFICIAL": true,
            "MOZ_ALLOW_LEGACY_EXTENSIONS": false,
            "MOZ_ANDROID_ACTIVITY_STREAM": false,
            "MOZ_ANDROID_HISTORY": true,
            "MOZ_ANDROID_MOZILLA_ONLINE": false,
            "MOZ_APP_NAME": "fennec",
            "MOZ_APP_VERSION": "68.1.1",
            "MOZ_APP_VERSION_DISPLAY": "68.1.1",
            "MOZ_BING_API_CLIENTID": "no-bing-api-clientid",
            "MOZ_BING_API_KEY": "no-bing-api-key",
            "MOZ_BITS_DOWNLOAD": false,
            "MOZ_BUILD_APP": "mobile/android",
            "MOZ_CODE_COVERAGE": false,
            "MOZ_CRASHREPORTER": true,
            "MOZ_DATA_REPORTING": true,
            "MOZ_DEV_EDITION": false,
            "MOZ_GECKO_PROFILER": true,
            "MOZ_GOOGLE_LOCATION_SERVICE_API_KEY": "AIzaSyB2h2OuRcUgy5N-5hsZqiPW6sH3n_rptiQ",
            "MOZ_GOOGLE_SAFEBROWSING_API_KEY": "AIzaSyC7jsptDS3am4tPx4r3nxis7IMjBc5Dovo",
            "MOZ_GRAPHENE": false,
            "MOZ_MACBUNDLE_NAME": "Firefox.app",
            "MOZ_MAINTENANCE_SERVICE": false,
            "MOZ_MOZILLA_API_KEY": "3b4d27dd-703d-4094-8398-4de2c763505a",
            "MOZ_NEW_CERT_STORAGE": false,
            "MOZ_NEW_NOTIFICATION_STORE": false,
            "MOZ_NEW_XULSTORE": false,
            "MOZ_OFFICIAL_BRANDING": false,
            "MOZ_PLACES": false,
            "MOZ_REQUIRE_SIGNING": false,
            "MOZ_SANDBOX": false,
            "MOZ_SERVICES_HEALTHREPORT": true,
            "MOZ_SERVICES_SYNC": false,
            "MOZ_SWITCHBOARD": true,
            "MOZ_SYSTEM_NSS": false,
            "MOZ_TELEMETRY_ON_BY_DEFAULT": false,
            "MOZ_TELEMETRY_REPORTING": true,
            "MOZ_UNSIGNED_SCOPES": 0,
            "MOZ_UPDATER": false,
            "MOZ_UPDATE_CHANNEL": "release",
            "MOZ_WEBRTC": true,
            "MOZ_WIDGET_GTK": false,
            "MOZ_WIDGET_TOOLKIT": "android",
            "NIGHTLY_BUILD": false,
            "OMNIJAR_NAME": "assets/omni.ja",
            "RELEASE_OR_BETA": true,
            "SOURCE_REVISION_URL": "https://hg.mozilla.org/releases/mozilla-esr68/rev/d2e0b9e17b9bc1ef02606c8006b73293f7892ad5",
            "TELEMETRY_PING_FORMAT_VERSION": 4,
            "XP_UNIX": true,
            "isPlatformAndVersionAtLeast": {},
            "isPlatformAndVersionAtMost": {},
            "platform": "android"
          },
          "userAgent": "Mozilla/5.0 (Android 8.1.0; Mobile; rv:68.0) Gecko/68.0 Firefox/68.0",
          "windowSize": "360x560"
        },
        "pageinfo": {
          "documentHeight": 3230,
          "documentSize": {
            "decodedBodySize": 132625,
            "encodedBodySize": 14681,
            "transferSize": 16690
          },
          "documentTitle": "Adobe: Creative, marketing and document management solutions",
          "documentWidth": 360,
          "domElements": 2008,
          "navigationStartTime": 1617066540288,
          "nextHopProtocol": "h2",
          "resources": {
            "count": 0,
            "duration": 0
          },
          "responsive": true,
          "url": "https://www.adobe.com/",
          "visualElements": {
            "heroes": [
              {
                "filename": "homepage-CC-lg-pod-tablet?$pjpeg$&jpegSize=300&wid=1536",
                "height": 249,
                "name": "LargestImage",
                "width": 360,
                "x": 0,
                "y": 60
              }
            ],
            "viewport": {
              "height": 560,
              "width": 360
            }
          }
        },
        "timings": {
          "firstPaint": 2442,
          "loadEventEnd": 4946,
          "navigationTiming": {
            "connectStart": 42,
            "domComplete": 4915,
            "domContentLoadedEventEnd": 2775,
            "domContentLoadedEventStart": 2754,
            "domInteractive": 1066,
            "domainLookupEnd": 42,
            "domainLookupStart": 42,
            "duration": 4946,
            "fetchStart": 6,
            "loadEventEnd": 4946,
            "loadEventStart": 4915,
            "redirectEnd": 0,
            "redirectStart": 0,
            "requestStart": 128,
            "responseEnd": 240,
            "responseStart": 239,
            "secureConnectionStart": 53,
            "startTime": 0,
            "unloadEventEnd": 0,
            "unloadEventStart": 0,
            "workerStart": 0
          },
          "pageTimings": {
            "backEndTime": 239,
            "domContentLoadedTime": 2754,
            "domInteractiveTime": 1066,
            "domainLookupTime": 0,
            "frontEndTime": 4675,
            "pageDownloadTime": 1,
            "pageLoadTime": 4915,
            "redirectionTime": 0,
            "serverConnectionTime": 85,
            "serverResponseTime": 112
          },
          "rumSpeedIndex": 238,
          "timeToContentfulPaint": 2813,
          "timeToDomContentFlushed": 2426,
          "userTimings": {
            "marks": [
              {
                "name": "dx-publish-start",
                "startTime": 1607.3
              },
              {
                "name": "dx-publish-end",
                "startTime": 1991.18
              },
              {
                "name": "dx-publish-ready",
                "startTime": 2374.26
              },
              {
                "name": "snaptr",
                "startTime": 10412.44
              }
            ],
            "measures": []
          }
        }
      },
      {
        "browser": {
          "appConstants": {
            "ACCESSIBILITY": true,
            "ANDROID_PACKAGE_NAME": "org.mozilla.firefox",
            "ASAN": false,
            "ASAN_REPORTER": false,
            "BROWSER_CHROME_URL": "chrome://browser/content/browser.xul",
            "DEBUG": false,
            "DEBUG_JS_MODULES": "",
            "DLL_PREFIX": "lib",
            "DLL_SUFFIX": ".so",
            "EARLY_BETA_OR_EARLIER": false,
            "FENNEC_NIGHTLY": false,
            "HAVE_SHELL_SERVICE": false,
            "HAVE_USR_LIB64_DIR": false,
            "MENUBAR_CAN_AUTOHIDE": false,
            "MOZILLA_OFFICIAL": true,
            "MOZ_ALLOW_LEGACY_EXTENSIONS": false,
            "MOZ_ANDROID_ACTIVITY_STREAM": false,
            "MOZ_ANDROID_HISTORY": true,
            "MOZ_ANDROID_MOZILLA_ONLINE": false,
            "MOZ_APP_NAME": "fennec",
            "MOZ_APP_VERSION": "68.1.1",
            "MOZ_APP_VERSION_DISPLAY": "68.1.1",
            "MOZ_BING_API_CLIENTID": "no-bing-api-clientid",
            "MOZ_BING_API_KEY": "no-bing-api-key",
            "MOZ_BITS_DOWNLOAD": false,
            "MOZ_BUILD_APP": "mobile/android",
            "MOZ_CODE_COVERAGE": false,
            "MOZ_CRASHREPORTER": true,
            "MOZ_DATA_REPORTING": true,
            "MOZ_DEV_EDITION": false,
            "MOZ_GECKO_PROFILER": true,
            "MOZ_GOOGLE_LOCATION_SERVICE_API_KEY": "AIzaSyB2h2OuRcUgy5N-5hsZqiPW6sH3n_rptiQ",
            "MOZ_GOOGLE_SAFEBROWSING_API_KEY": "AIzaSyC7jsptDS3am4tPx4r3nxis7IMjBc5Dovo",
            "MOZ_GRAPHENE": false,
            "MOZ_MACBUNDLE_NAME": "Firefox.app",
            "MOZ_MAINTENANCE_SERVICE": false,
            "MOZ_MOZILLA_API_KEY": "3b4d27dd-703d-4094-8398-4de2c763505a",
            "MOZ_NEW_CERT_STORAGE": false,
            "MOZ_NEW_NOTIFICATION_STORE": false,
            "MOZ_NEW_XULSTORE": false,
            "MOZ_OFFICIAL_BRANDING": false,
            "MOZ_PLACES": false,
            "MOZ_REQUIRE_SIGNING": false,
            "MOZ_SANDBOX": false,
            "MOZ_SERVICES_HEALTHREPORT": true,
            "MOZ_SERVICES_SYNC": false,
            "MOZ_SWITCHBOARD": true,
            "MOZ_SYSTEM_NSS": false,
            "MOZ_TELEMETRY_ON_BY_DEFAULT": false,
            "MOZ_TELEMETRY_REPORTING": true,
            "MOZ_UNSIGNED_SCOPES": 0,
            "MOZ_UPDATER": false,
            "MOZ_UPDATE_CHANNEL": "release",
            "MOZ_WEBRTC": true,
            "MOZ_WIDGET_GTK": false,
            "MOZ_WIDGET_TOOLKIT": "android",
            "NIGHTLY_BUILD": false,
            "OMNIJAR_NAME": "assets/omni.ja",
            "RELEASE_OR_BETA": true,
            "SOURCE_REVISION_URL": "https://hg.mozilla.org/releases/mozilla-esr68/rev/d2e0b9e17b9bc1ef02606c8006b73293f7892ad5",
            "TELEMETRY_PING_FORMAT_VERSION": 4,
            "XP_UNIX": true,
            "isPlatformAndVersionAtLeast": {},
            "isPlatformAndVersionAtMost": {},
            "platform": "android"
          },
          "asyncAppConstants": {
            "ACCESSIBILITY": true,
            "ANDROID_PACKAGE_NAME": "org.mozilla.firefox",
            "ASAN": false,
            "ASAN_REPORTER": false,
            "BROWSER_CHROME_URL": "chrome://browser/content/browser.xul",
            "DEBUG": false,
            "DEBUG_JS_MODULES": "",
            "DLL_PREFIX": "lib",
            "DLL_SUFFIX": ".so",
            "EARLY_BETA_OR_EARLIER": false,
            "FENNEC_NIGHTLY": false,
            "HAVE_SHELL_SERVICE": false,
            "HAVE_USR_LIB64_DIR": false,
            "MENUBAR_CAN_AUTOHIDE": false,
            "MOZILLA_OFFICIAL": true,
            "MOZ_ALLOW_LEGACY_EXTENSIONS": false,
            "MOZ_ANDROID_ACTIVITY_STREAM": false,
            "MOZ_ANDROID_HISTORY": true,
            "MOZ_ANDROID_MOZILLA_ONLINE": false,
            "MOZ_APP_NAME": "fennec",
            "MOZ_APP_VERSION": "68.1.1",
            "MOZ_APP_VERSION_DISPLAY": "68.1.1",
            "MOZ_BING_API_CLIENTID": "no-bing-api-clientid",
            "MOZ_BING_API_KEY": "no-bing-api-key",
            "MOZ_BITS_DOWNLOAD": false,
            "MOZ_BUILD_APP": "mobile/android",
            "MOZ_CODE_COVERAGE": false,
            "MOZ_CRASHREPORTER": true,
            "MOZ_DATA_REPORTING": true,
            "MOZ_DEV_EDITION": false,
            "MOZ_GECKO_PROFILER": true,
            "MOZ_GOOGLE_LOCATION_SERVICE_API_KEY": "AIzaSyB2h2OuRcUgy5N-5hsZqiPW6sH3n_rptiQ",
            "MOZ_GOOGLE_SAFEBROWSING_API_KEY": "AIzaSyC7jsptDS3am4tPx4r3nxis7IMjBc5Dovo",
            "MOZ_GRAPHENE": false,
            "MOZ_MACBUNDLE_NAME": "Firefox.app",
            "MOZ_MAINTENANCE_SERVICE": false,
            "MOZ_MOZILLA_API_KEY": "3b4d27dd-703d-4094-8398-4de2c763505a",
            "MOZ_NEW_CERT_STORAGE": false,
            "MOZ_NEW_NOTIFICATION_STORE": false,
            "MOZ_NEW_XULSTORE": false,
            "MOZ_OFFICIAL_BRANDING": false,
            "MOZ_PLACES": false,
            "MOZ_REQUIRE_SIGNING": false,
            "MOZ_SANDBOX": false,
            "MOZ_SERVICES_HEALTHREPORT": true,
            "MOZ_SERVICES_SYNC": false,
            "MOZ_SWITCHBOARD": true,
            "MOZ_SYSTEM_NSS": false,
            "MOZ_TELEMETRY_ON_BY_DEFAULT": false,
            "MOZ_TELEMETRY_REPORTING": true,
            "MOZ_UNSIGNED_SCOPES": 0,
            "MOZ_UPDATER": false,
            "MOZ_UPDATE_CHANNEL": "release",
            "MOZ_WEBRTC": true,
            "MOZ_WIDGET_GTK": false,
            "MOZ_WIDGET_TOOLKIT": "android",
            "NIGHTLY_BUILD": false,
            "OMNIJAR_NAME": "assets/omni.ja",
            "RELEASE_OR_BETA": true,
            "SOURCE_REVISION_URL": "https://hg.mozilla.org/releases/mozilla-esr68/rev/d2e0b9e17b9bc1ef02606c8006b73293f7892ad5",
            "TELEMETRY_PING_FORMAT_VERSION": 4,
            "XP_UNIX": true,
            "isPlatformAndVersionAtLeast": {},
            "isPlatformAndVersionAtMost": {},
            "platform": "android"
          },
          "userAgent": "Mozilla/5.0 (Android 8.1.0; Mobile; rv:68.0) Gecko/68.0 Firefox/68.0",
          "windowSize": "360x560"
        },
        "pageinfo": {
          "documentHeight": 3230,
          "documentSize": {
            "decodedBodySize": 132625,
            "encodedBodySize": 14681,
            "transferSize": 16689
          },
          "documentTitle": "Adobe: Creative, marketing and document management solutions",
          "documentWidth": 360,
          "domElements": 2006,
          "navigationStartTime": 1617066568804,
          "nextHopProtocol": "h2",
          "resources": {
            "count": 0,
            "duration": 0
          },
          "responsive": true,
          "url": "https://www.adobe.com/",
          "visualElements": {
            "heroes": [
              {
                "filename": "homepage-CC-lg-pod-tablet?$pjpeg$&jpegSize=300&wid=1536",
                "height": 249,
                "name": "LargestImage",
                "width": 360,
                "x": 0,
                "y": 60
              }
            ],
            "viewport": {
              "height": 560,
              "width": 360
            }
          }
        },
        "timings": {
          "firstPaint": 2544,
          "loadEventEnd": 5015,
          "navigationTiming": {
            "connectStart": 30,
            "domComplete": 4959,
            "domContentLoadedEventEnd": 2726,
            "domContentLoadedEventStart": 2705,
            "domInteractive": 1091,
            "domainLookupEnd": 30,
            "domainLookupStart": 29,
            "duration": 5015,
            "fetchStart": 2,
            "loadEventEnd": 5015,
            "loadEventStart": 4959,
            "redirectEnd": 0,
            "redirectStart": 0,
            "requestStart": 114,
            "responseEnd": 257,
            "responseStart": 255,
            "secureConnectionStart": 45,
            "startTime": 0,
            "unloadEventEnd": 0,
            "unloadEventStart": 0,
            "workerStart": 0
          },
          "pageTimings": {
            "backEndTime": 255,
            "domContentLoadedTime": 2705,
            "domInteractiveTime": 1091,
            "domainLookupTime": 0,
            "frontEndTime": 4702,
            "pageDownloadTime": 1,
            "pageLoadTime": 4959,
            "redirectionTime": 0,
            "serverConnectionTime": 83,
            "serverResponseTime": 143
          },
          "rumSpeedIndex": 255,
          "timeToContentfulPaint": 2765,
          "timeToDomContentFlushed": 2513,
          "userTimings": {
            "marks": [
              {
                "name": "dx-publish-start",
                "startTime": 1647.96
              },
              {
                "name": "dx-publish-end",
                "startTime": 2026.22
              },
              {
                "name": "dx-publish-ready",
                "startTime": 2446.54
              },
              {
                "name": "snaptr",
                "startTime": 10368.78
              }
            ],
            "measures": []
          }
        }
      },
      {
        "browser": {
          "appConstants": {
            "ACCESSIBILITY": true,
            "ANDROID_PACKAGE_NAME": "org.mozilla.firefox",
            "ASAN": false,
            "ASAN_REPORTER": false,
            "BROWSER_CHROME_URL": "chrome://browser/content/browser.xul",
            "DEBUG": false,
            "DEBUG_JS_MODULES": "",
            "DLL_PREFIX": "lib",
            "DLL_SUFFIX": ".so",
            "EARLY_BETA_OR_EARLIER": false,
            "FENNEC_NIGHTLY": false,
            "HAVE_SHELL_SERVICE": false,
            "HAVE_USR_LIB64_DIR": false,
            "MENUBAR_CAN_AUTOHIDE": false,
            "MOZILLA_OFFICIAL": true,
            "MOZ_ALLOW_LEGACY_EXTENSIONS": false,
            "MOZ_ANDROID_ACTIVITY_STREAM": false,
            "MOZ_ANDROID_HISTORY": true,
            "MOZ_ANDROID_MOZILLA_ONLINE": false,
            "MOZ_APP_NAME": "fennec",
            "MOZ_APP_VERSION": "68.1.1",
            "MOZ_APP_VERSION_DISPLAY": "68.1.1",
            "MOZ_BING_API_CLIENTID": "no-bing-api-clientid",
            "MOZ_BING_API_KEY": "no-bing-api-key",
            "MOZ_BITS_DOWNLOAD": false,
            "MOZ_BUILD_APP": "mobile/android",
            "MOZ_CODE_COVERAGE": false,
            "MOZ_CRASHREPORTER": true,
            "MOZ_DATA_REPORTING": true,
            "MOZ_DEV_EDITION": false,
            "MOZ_GECKO_PROFILER": true,
            "MOZ_GOOGLE_LOCATION_SERVICE_API_KEY": "AIzaSyB2h2OuRcUgy5N-5hsZqiPW6sH3n_rptiQ",
            "MOZ_GOOGLE_SAFEBROWSING_API_KEY": "AIzaSyC7jsptDS3am4tPx4r3nxis7IMjBc5Dovo",
            "MOZ_GRAPHENE": false,
            "MOZ_MACBUNDLE_NAME": "Firefox.app",
            "MOZ_MAINTENANCE_SERVICE": false,
            "MOZ_MOZILLA_API_KEY": "3b4d27dd-703d-4094-8398-4de2c763505a",
            "MOZ_NEW_CERT_STORAGE": false,
            "MOZ_NEW_NOTIFICATION_STORE": false,
            "MOZ_NEW_XULSTORE": false,
            "MOZ_OFFICIAL_BRANDING": false,
            "MOZ_PLACES": false,
            "MOZ_REQUIRE_SIGNING": false,
            "MOZ_SANDBOX": false,
            "MOZ_SERVICES_HEALTHREPORT": true,
            "MOZ_SERVICES_SYNC": false,
            "MOZ_SWITCHBOARD": true,
            "MOZ_SYSTEM_NSS": false,
            "MOZ_TELEMETRY_ON_BY_DEFAULT": false,
            "MOZ_TELEMETRY_REPORTING": true,
            "MOZ_UNSIGNED_SCOPES": 0,
            "MOZ_UPDATER": false,
            "MOZ_UPDATE_CHANNEL": "release",
            "MOZ_WEBRTC": true,
            "MOZ_WIDGET_GTK": false,
            "MOZ_WIDGET_TOOLKIT": "android",
            "NIGHTLY_BUILD": false,
            "OMNIJAR_NAME": "assets/omni.ja",
            "RELEASE_OR_BETA": true,
            "SOURCE_REVISION_URL": "https://hg.mozilla.org/releases/mozilla-esr68/rev/d2e0b9e17b9bc1ef02606c8006b73293f7892ad5",
            "TELEMETRY_PING_FORMAT_VERSION": 4,
            "XP_UNIX": true,
            "isPlatformAndVersionAtLeast": {},
            "isPlatformAndVersionAtMost": {},
            "platform": "android"
          },
          "asyncAppConstants": {
            "ACCESSIBILITY": true,
            "ANDROID_PACKAGE_NAME": "org.mozilla.firefox",
            "ASAN": false,
            "ASAN_REPORTER": false,
            "BROWSER_CHROME_URL": "chrome://browser/content/browser.xul",
            "DEBUG": false,
            "DEBUG_JS_MODULES": "",
            "DLL_PREFIX": "lib",
            "DLL_SUFFIX": ".so",
            "EARLY_BETA_OR_EARLIER": false,
            "FENNEC_NIGHTLY": false,
            "HAVE_SHELL_SERVICE": false,
            "HAVE_USR_LIB64_DIR": false,
            "MENUBAR_CAN_AUTOHIDE": false,
            "MOZILLA_OFFICIAL": true,
            "MOZ_ALLOW_LEGACY_EXTENSIONS": false,
            "MOZ_ANDROID_ACTIVITY_STREAM": false,
            "MOZ_ANDROID_HISTORY": true,
            "MOZ_ANDROID_MOZILLA_ONLINE": false,
            "MOZ_APP_NAME": "fennec",
            "MOZ_APP_VERSION": "68.1.1",
            "MOZ_APP_VERSION_DISPLAY": "68.1.1",
            "MOZ_BING_API_CLIENTID": "no-bing-api-clientid",
            "MOZ_BING_API_KEY": "no-bing-api-key",
            "MOZ_BITS_DOWNLOAD": false,
            "MOZ_BUILD_APP": "mobile/android",
            "MOZ_CODE_COVERAGE": false,
            "MOZ_CRASHREPORTER": true,
            "MOZ_DATA_REPORTING": true,
            "MOZ_DEV_EDITION": false,
            "MOZ_GECKO_PROFILER": true,
            "MOZ_GOOGLE_LOCATION_SERVICE_API_KEY": "AIzaSyB2h2OuRcUgy5N-5hsZqiPW6sH3n_rptiQ",
            "MOZ_GOOGLE_SAFEBROWSING_API_KEY": "AIzaSyC7jsptDS3am4tPx4r3nxis7IMjBc5Dovo",
            "MOZ_GRAPHENE": false,
            "MOZ_MACBUNDLE_NAME": "Firefox.app",
            "MOZ_MAINTENANCE_SERVICE": false,
            "MOZ_MOZILLA_API_KEY": "3b4d27dd-703d-4094-8398-4de2c763505a",
            "MOZ_NEW_CERT_STORAGE": false,
            "MOZ_NEW_NOTIFICATION_STORE": false,
            "MOZ_NEW_XULSTORE": false,
            "MOZ_OFFICIAL_BRANDING": false,
            "MOZ_PLACES": false,
            "MOZ_REQUIRE_SIGNING": false,
            "MOZ_SANDBOX": false,
            "MOZ_SERVICES_HEALTHREPORT": true,
            "MOZ_SERVICES_SYNC": false,
            "MOZ_SWITCHBOARD": true,
            "MOZ_SYSTEM_NSS": false,
            "MOZ_TELEMETRY_ON_BY_DEFAULT": false,
            "MOZ_TELEMETRY_REPORTING": true,
            "MOZ_UNSIGNED_SCOPES": 0,
            "MOZ_UPDATER": false,
            "MOZ_UPDATE_CHANNEL": "release",
            "MOZ_WEBRTC": true,
            "MOZ_WIDGET_GTK": false,
            "MOZ_WIDGET_TOOLKIT": "android",
            "NIGHTLY_BUILD": false,
            "OMNIJAR_NAME": "assets/omni.ja",
            "RELEASE_OR_BETA": true,
            "SOURCE_REVISION_URL": "https://hg.mozilla.org/releases/mozilla-esr68/rev/d2e0b9e17b9bc1ef02606c8006b73293f7892ad5",
            "TELEMETRY_PING_FORMAT_VERSION": 4,
            "XP_UNIX": true,
            "isPlatformAndVersionAtLeast": {},
            "isPlatformAndVersionAtMost": {},
            "platform": "android"
          },
          "userAgent": "Mozilla/5.0 (Android 8.1.0; Mobile; rv:68.0) Gecko/68.0 Firefox/68.0",
          "windowSize": "360x560"
        },
        "pageinfo": {
          "documentHeight": 3230,
          "documentSize": {
            "decodedBodySize": 132625,
            "encodedBodySize": 14681,
            "transferSize": 16690
          },
          "documentTitle": "Adobe: Creative, marketing and document management solutions",
          "documentWidth": 360,
          "domElements": 2009,
          "navigationStartTime": 1617066595087,
          "nextHopProtocol": "h2",
          "resources": {
            "count": 0,
            "duration": 0
          },
          "responsive": true,
          "url": "https://www.adobe.com/",
          "visualElements": {
            "heroes": [
              {
                "filename": "homepage-CC-lg-pod-tablet?$pjpeg$&jpegSize=300&wid=1536",
                "height": 249,
                "name": "LargestImage",
                "width": 360,
                "x": 0,
                "y": 60
              }
            ],
            "viewport": {
              "height": 560,
              "width": 360
            }
          }
        },
        "timings": {
          "firstPaint": 2291,
          "loadEventEnd": 4380,
          "navigationTiming": {
            "connectStart": 40,
            "domComplete": 4349,
            "domContentLoadedEventEnd": 2428,
            "domContentLoadedEventStart": 2410,
            "domInteractive": 1013,
            "domainLookupEnd": 40,
            "domainLookupStart": 40,
            "duration": 4380,
            "fetchStart": 3,
            "loadEventEnd": 4380,
            "loadEventStart": 4349,
            "redirectEnd": 0,
            "redirectStart": 0,
            "requestStart": 134,
            "responseEnd": 288,
            "responseStart": 287,
            "secureConnectionStart": 53,
            "startTime": 0,
            "unloadEventEnd": 0,
            "unloadEventStart": 0,
            "workerStart": 0
          },
          "pageTimings": {
            "backEndTime": 287,
            "domContentLoadedTime": 2410,
            "domInteractiveTime": 1013,
            "domainLookupTime": 0,
            "frontEndTime": 4061,
            "pageDownloadTime": 1,
            "pageLoadTime": 4349,
            "redirectionTime": 0,
            "serverConnectionTime": 91,
            "serverResponseTime": 154
          },
          "rumSpeedIndex": 286,
          "timeToContentfulPaint": 2471,
          "timeToDomContentFlushed": 2267,
          "userTimings": {
            "marks": [
              {
                "name": "dx-publish-start",
                "startTime": 1517.7
              },
              {
                "name": "dx-publish-end",
                "startTime": 1872.62
              },
              {
                "name": "dx-publish-ready",
                "startTime": 2222.5
              },
              {
                "name": "snaptr",
                "startTime": 9529.32
              }
            ],
            "measures": []
          }
        }
      }
    ],
    "visualMetrics": [],
    "cpu": [],
    "extras": [
      {},
      {},
      {}
    ],
    "fullyLoaded": [],
    "errors": [
      [],
      [],
      []
    ],
    "statistics": {
      "browser": {
        "appConstants": {
          "MOZ_UNSIGNED_SCOPES": {
            "median": 0,
            "mean": 0,
            "mdev": 0,
            "stddev": 0,
            "min": 0,
            "p10": 0,
            "p90": 0,
            "p99": 0,
            "max": 0
          },
          "TELEMETRY_PING_FORMAT_VERSION": {
            "median": 4,
            "mean": 4,
            "mdev": 0,
            "stddev": 0,
            "min": 4,
            "p10": 4,
            "p90": 4,
            "p99": 4,
            "max": 4
          }
        },
        "asyncAppConstants": {
          "MOZ_UNSIGNED_SCOPES": {
            "median": 0,
            "mean": 0,
            "mdev": 0,
            "stddev": 0,
            "min": 0,
            "p10": 0,
            "p90": 0,
            "p99": 0,
            "max": 0
          },
          "TELEMETRY_PING_FORMAT_VERSION": {
            "median": 4,
            "mean": 4,
            "mdev": 0,
            "stddev": 0,
            "min": 4,
            "p10": 4,
            "p90": 4,
            "p99": 4,
            "max": 4
          }
        }
      },
      "pageinfo": {
        "documentHeight": {
          "median": 3230,
          "mean": 3230,
          "mdev": 0,
          "stddev": 0,
          "min": 3230,
          "p10": 3230,
          "p90": 3230,
          "p99": 3230,
          "max": 3230
        },
        "documentSize": {
          "decodedBodySize": {
            "median": 132625,
            "mean": 132625,
            "mdev": 0,
            "stddev": 0,
            "min": 132625,
            "p10": 132625,
            "p90": 132625,
            "p99": 132625,
            "max": 132625
          },
          "encodedBodySize": {
            "median": 14681,
            "mean": 14681,
            "mdev": 0,
            "stddev": 0,
            "min": 14681,
            "p10": 14681,
            "p90": 14681,
            "p99": 14681,
            "max": 14681
          },
          "transferSize": {
            "median": 16690,
            "mean": 16690,
            "mdev": 0.2722,
            "stddev": 0,
            "min": 16689,
            "p10": 16689,
            "p90": 16690,
            "p99": 16690,
            "max": 16690
          }
        },
        "documentWidth": {
          "median": 360,
          "mean": 360,
          "mdev": 0,
          "stddev": 0,
          "min": 360,
          "p10": 360,
          "p90": 360,
          "p99": 360,
          "max": 360
        },
        "domElements": {
          "median": 2008,
          "mean": 2008,
          "mdev": 0.7201,
          "stddev": 1,
          "min": 2006,
          "p10": 2006,
          "p90": 2009,
          "p99": 2009,
          "max": 2009
        },
        "navigationStartTime": {
          "median": 1617066568804,
          "mean": 1617066568060,
          "mdev": 12612.4091,
          "stddev": 21845,
          "min": 1617066540288,
          "p10": 1617066540288,
          "p90": 1617066595087,
          "p99": 1617066595087,
          "max": 1617066595087
        },
        "resources": {
          "count": {
            "median": 0,
            "mean": 0,
            "mdev": 0,
            "stddev": 0,
            "min": 0,
            "p10": 0,
            "p90": 0,
            "p99": 0,
            "max": 0
          },
          "duration": {
            "median": 0,
            "mean": 0,
            "mdev": 0,
            "stddev": 0,
            "min": 0,
            "p10": 0,
            "p90": 0,
            "p99": 0,
            "max": 0
          }
        },
        "visualElements": {
          "heroes": [
            {
              "height": {
                "median": 249,
                "mean": 249,
                "mdev": 0,
                "stddev": 0,
                "min": 249,
                "p10": 249,
                "p90": 249,
                "p99": 249,
                "max": 249
              },
              "width": {
                "median": 360,
                "mean": 360,
                "mdev": 0,
                "stddev": 0,
                "min": 360,
                "p10": 360,
                "p90": 360,
                "p99": 360,
                "max": 360
              },
              "x": {
                "median": 0,
                "mean": 0,
                "mdev": 0,
                "stddev": 0,
                "min": 0,
                "p10": 0,
                "p90": 0,
                "p99": 0,
                "max": 0
              },
              "y": {
                "median": 60,
                "mean": 60,
                "mdev": 0,
                "stddev": 0,
                "min": 60,
                "p10": 60,
                "p90": 60,
                "p99": 60,
                "max": 60
              }
            }
          ],
          "viewport": {
            "height": {
              "median": 560,
              "mean": 560,
              "mdev": 0,
              "stddev": 0,
              "min": 560,
              "p10": 560,
              "p90": 560,
              "p99": 560,
              "max": 560
            },
            "width": {
              "median": 360,
              "mean": 360,
              "mdev": 0,
              "stddev": 0,
              "min": 360,
              "p10": 360,
              "p90": 360,
              "p99": 360,
              "max": 360
            }
          }
        }
      },
      "timings": {
        "firstPaint": {
          "median": 2442,
          "mean": 2426,
          "mdev": 60.0043,
          "stddev": 104,
          "min": 2291,
          "p10": 2291,
          "p90": 2544,
          "p99": 2544,
          "max": 2544
        },
        "loadEventEnd": {
          "median": 4946,
          "mean": 4780,
          "mdev": 164.2426,
          "stddev": 284,
          "min": 4380,
          "p10": 4380,
          "p90": 5015,
          "p99": 5015,
          "max": 5015
        },
        "navigationTiming": {
          "connectStart": {
            "median": 40,
            "mean": 37,
            "mdev": 3.0307,
            "stddev": 5,
            "min": 30,
            "p10": 30,
            "p90": 42,
            "p99": 42,
            "max": 42
          },
          "domComplete": {
            "median": 4915,
            "mean": 4741,
            "mdev": 160.369,
            "stddev": 278,
            "min": 4349,
            "p10": 4349,
            "p90": 4959,
            "p99": 4959,
            "max": 4959
          },
          "domContentLoadedEventEnd": {
            "median": 2726,
            "mean": 2643,
            "mdev": 88.53,
            "stddev": 153,
            "min": 2428,
            "p10": 2428,
            "p90": 2775,
            "p99": 2775,
            "max": 2775
          },
          "domContentLoadedEventStart": {
            "median": 2705,
            "mean": 2623,
            "mdev": 87.7205,
            "stddev": 152,
            "min": 2410,
            "p10": 2410,
            "p90": 2754,
            "p99": 2754,
            "max": 2754
          },
          "domInteractive": {
            "median": 1066,
            "mean": 1057,
            "mdev": 18.7755,
            "stddev": 33,
            "min": 1013,
            "p10": 1013,
            "p90": 1091,
            "p99": 1091,
            "max": 1091
          },
          "domainLookupEnd": {
            "median": 40,
            "mean": 37,
            "mdev": 3.0307,
            "stddev": 5,
            "min": 30,
            "p10": 30,
            "p90": 42,
            "p99": 42,
            "max": 42
          },
          "domainLookupStart": {
            "median": 40,
            "mean": 37,
            "mdev": 3.2998,
            "stddev": 6,
            "min": 29,
            "p10": 29,
            "p90": 42,
            "p99": 42,
            "max": 42
          },
          "duration": {
            "median": 4946,
            "mean": 4780,
            "mdev": 164.2426,
            "stddev": 284,
            "min": 4380,
            "p10": 4380,
            "p90": 5015,
            "p99": 5015,
            "max": 5015
          },
          "fetchStart": {
            "median": 3,
            "mean": 4,
            "mdev": 0.9813,
            "stddev": 2,
            "min": 2,
            "p10": 2,
            "p90": 6,
            "p99": 6,
            "max": 6
          },
          "loadEventEnd": {
            "median": 4946,
            "mean": 4780,
            "mdev": 164.2426,
            "stddev": 284,
            "min": 4380,
            "p10": 4380,
            "p90": 5015,
            "p99": 5015,
            "max": 5015
          },
          "loadEventStart": {
            "median": 4915,
            "mean": 4741,
            "mdev": 160.369,
            "stddev": 278,
            "min": 4349,
            "p10": 4349,
            "p90": 4959,
            "p99": 4959,
            "max": 4959
          },
          "redirectEnd": {
            "median": 0,
            "mean": 0,
            "mdev": 0,
            "stddev": 0,
            "min": 0,
            "p10": 0,
            "p90": 0,
            "p99": 0,
            "max": 0
          },
          "redirectStart": {
            "median": 0,
            "mean": 0,
            "mdev": 0,
            "stddev": 0,
            "min": 0,
            "p10": 0,
            "p90": 0,
            "p99": 0,
            "max": 0
          },
          "requestStart": {
            "median": 128,
            "mean": 125,
            "mdev": 4.8381,
            "stddev": 8,
            "min": 114,
            "p10": 114,
            "p90": 134,
            "p99": 134,
            "max": 134
          },
          "responseEnd": {
            "median": 257,
            "mean": 262,
            "mdev": 11.473,
            "stddev": 20,
            "min": 240,
            "p10": 240,
            "p90": 288,
            "p99": 288,
            "max": 288
          },
          "responseStart": {
            "median": 255,
            "mean": 260,
            "mdev": 11.5213,
            "stddev": 20,
            "min": 239,
            "p10": 239,
            "p90": 287,
            "p99": 287,
            "max": 287
          },
          "secureConnectionStart": {
            "median": 53,
            "mean": 50,
            "mdev": 2.1773,
            "stddev": 4,
            "min": 45,
            "p10": 45,
            "p90": 53,
            "p99": 53,
            "max": 53
          },
          "startTime": {
            "median": 0,
            "mean": 0,
            "mdev": 0,
            "stddev": 0,
            "min": 0,
            "p10": 0,
            "p90": 0,
            "p99": 0,
            "max": 0
          },
          "unloadEventEnd": {
            "median": 0,
            "mean": 0,
            "mdev": 0,
            "stddev": 0,
            "min": 0,
            "p10": 0,
            "p90": 0,
            "p99": 0,
            "max": 0
          },
          "unloadEventStart": {
            "median": 0,
            "mean": 0,
            "mdev": 0,
            "stddev": 0,
            "min": 0,
            "p10": 0,
            "p90": 0,
            "p99": 0,
            "max": 0
          },
          "workerStart": {
            "median": 0,
            "mean": 0,
            "mdev": 0,
            "stddev": 0,
            "min": 0,
            "p10": 0,
            "p90": 0,
            "p99": 0,
            "max": 0
          }
        },
        "pageTimings": {
          "backEndTime": {
            "median": 255,
            "mean": 260,
            "mdev": 11.5213,
            "stddev": 20,
            "min": 239,
            "p10": 239,
            "p90": 287,
            "p99": 287,
            "max": 287
          },
          "domContentLoadedTime": {
            "median": 2705,
            "mean": 2623,
            "mdev": 87.7205,
            "stddev": 152,
            "min": 2410,
            "p10": 2410,
            "p90": 2754,
            "p99": 2754,
            "max": 2754
          },
          "domInteractiveTime": {
            "median": 1066,
            "mean": 1057,
            "mdev": 18.7755,
            "stddev": 33,
            "min": 1013,
            "p10": 1013,
            "p90": 1091,
            "p99": 1091,
            "max": 1091
          },
          "domainLookupTime": {
            "median": 0,
            "mean": 0,
            "mdev": 0,
            "stddev": 0,
            "min": 0,
            "p10": 0,
            "p90": 0,
            "p99": 0,
            "max": 0
          },
          "frontEndTime": {
            "median": 4675,
            "mean": 4479,
            "mdev": 170.9024,
            "stddev": 296,
            "min": 4061,
            "p10": 4061,
            "p90": 4702,
            "p99": 4702,
            "max": 4702
          },
          "pageDownloadTime": {
            "median": 1,
            "mean": 1,
            "mdev": 0,
            "stddev": 0,
            "min": 1,
            "p10": 1,
            "p90": 1,
            "p99": 1,
            "max": 1
          },
          "pageLoadTime": {
            "median": 4915,
            "mean": 4741,
            "mdev": 160.369,
            "stddev": 278,
            "min": 4349,
            "p10": 4349,
            "p90": 4959,
            "p99": 4959,
            "max": 4959
          },
          "redirectionTime": {
            "median": 0,
            "mean": 0,
            "mdev": 0,
            "stddev": 0,
            "min": 0,
            "p10": 0,
            "p90": 0,
            "p99": 0,
            "max": 0
          },
          "serverConnectionTime": {
            "median": 85,
            "mean": 86,
            "mdev": 1.9626,
            "stddev": 3,
            "min": 83,
            "p10": 83,
            "p90": 91,
            "p99": 91,
            "max": 91
          },
          "serverResponseTime": {
            "median": 143,
            "mean": 136,
            "mdev": 10.2668,
            "stddev": 18,
            "min": 112,
            "p10": 112,
            "p90": 154,
            "p99": 154,
            "max": 154
          }
        },
        "rumSpeedIndex": {
          "median": 255,
          "mean": 260,
          "mdev": 11.473,
          "stddev": 20,
          "min": 238,
          "p10": 238,
          "p90": 286,
          "p99": 286,
          "max": 286
        },
        "timeToContentfulPaint": {
          "median": 2765,
          "mean": 2683,
          "mdev": 87.285,
          "stddev": 151,
          "min": 2471,
          "p10": 2471,
          "p90": 2813,
          "p99": 2813,
          "max": 2813
        },
        "timeToDomContentFlushed": {
          "median": 2426,
          "mean": 2402,
          "mdev": 58.8048,
          "stddev": 102,
          "min": 2267,
          "p10": 2267,
          "p90": 2513,
          "p99": 2513,
          "max": 2513
        },
        "userTimings": {
          "marks": {
            "dx-publish-start": {
              "median": 1607,
              "mean": 1591,
              "mdev": 31.4166,
              "stddev": 54,
              "min": 1518,
              "p10": 1518,
              "p90": 1648,
              "p99": 1648,
              "max": 1648
            },
            "dx-publish-end": {
              "median": 1991,
              "mean": 1963,
              "mdev": 37.946,
              "stddev": 66,
              "min": 1873,
              "p10": 1873,
              "p90": 2026,
              "p99": 2026,
              "max": 2026
            },
            "dx-publish-ready": {
              "median": 2374,
              "mean": 2348,
              "mdev": 53.903,
              "stddev": 93,
              "min": 2223,
              "p10": 2223,
              "p90": 2447,
              "p99": 2447,
              "max": 2447
            },
            "snaptr": {
              "median": 10369,
              "mean": 10104,
              "mdev": 234.6392,
              "stddev": 406,
              "min": 9529,
              "p10": 9529,
              "p90": 10412,
              "p99": 10412,
              "max": 10412
            }
          }
        }
      }
    }
  }
]