[
  {
    "info": {
      "browsertime": {
        "version": "8.4.0"
      },
      "url": "https://www.mercadolivre.com.br/",
      "timestamp": "2021-03-30T09:29:57+04:00",
      "connectivity": {
        "engine": "external",
        "profile": "native"
      },
      "extra": {}
    },
    "files": {
      "video": [],
      "screenshot": [],
      "timeline": [],
      "consoleLog": [],
      "netLog": [],
      "perfLog": []
    },
    "cdp": {
      "performance": []
    },
    "timestamps": [
      "2021-03-30T09:29:42+04:00",
      "2021-03-30T09:30:08+04:00",
      "2021-03-30T09:30:34+04:00"
    ],
    "browserScripts": [
      {
        "browser": {
          "appConstants": {
            "ACCESSIBILITY": true,
            "ANDROID_PACKAGE_NAME": "org.mozilla.firefox",
            "ASAN": false,
            "ASAN_REPORTER": false,
            "BROWSER_CHROME_URL": "chrome://browser/content/browser.xul",
            "DEBUG": false,
            "DEBUG_JS_MODULES": "",
            "DLL_PREFIX": "lib",
            "DLL_SUFFIX": ".so",
            "EARLY_BETA_OR_EARLIER": false,
            "FENNEC_NIGHTLY": false,
            "HAVE_SHELL_SERVICE": false,
            "HAVE_USR_LIB64_DIR": false,
            "MENUBAR_CAN_AUTOHIDE": false,
            "MOZILLA_OFFICIAL": true,
            "MOZ_ALLOW_LEGACY_EXTENSIONS": false,
            "MOZ_ANDROID_ACTIVITY_STREAM": false,
            "MOZ_ANDROID_HISTORY": true,
            "MOZ_ANDROID_MOZILLA_ONLINE": false,
            "MOZ_APP_NAME": "fennec",
            "MOZ_APP_VERSION": "68.1.1",
            "MOZ_APP_VERSION_DISPLAY": "68.1.1",
            "MOZ_BING_API_CLIENTID": "no-bing-api-clientid",
            "MOZ_BING_API_KEY": "no-bing-api-key",
            "MOZ_BITS_DOWNLOAD": false,
            "MOZ_BUILD_APP": "mobile/android",
            "MOZ_CODE_COVERAGE": false,
            "MOZ_CRASHREPORTER": true,
            "MOZ_DATA_REPORTING": true,
            "MOZ_DEV_EDITION": false,
            "MOZ_GECKO_PROFILER": true,
            "MOZ_GOOGLE_LOCATION_SERVICE_API_KEY": "AIzaSyB2h2OuRcUgy5N-5hsZqiPW6sH3n_rptiQ",
            "MOZ_GOOGLE_SAFEBROWSING_API_KEY": "AIzaSyC7jsptDS3am4tPx4r3nxis7IMjBc5Dovo",
            "MOZ_GRAPHENE": false,
            "MOZ_MACBUNDLE_NAME": "Firefox.app",
            "MOZ_MAINTENANCE_SERVICE": false,
            "MOZ_MOZILLA_API_KEY": "3b4d27dd-703d-4094-8398-4de2c763505a",
            "MOZ_NEW_CERT_STORAGE": false,
            "MOZ_NEW_NOTIFICATION_STORE": false,
            "MOZ_NEW_XULSTORE": false,
            "MOZ_OFFICIAL_BRANDING": false,
            "MOZ_PLACES": false,
            "MOZ_REQUIRE_SIGNING": false,
            "MOZ_SANDBOX": false,
            "MOZ_SERVICES_HEALTHREPORT": true,
            "MOZ_SERVICES_SYNC": false,
            "MOZ_SWITCHBOARD": true,
            "MOZ_SYSTEM_NSS": false,
            "MOZ_TELEMETRY_ON_BY_DEFAULT": false,
            "MOZ_TELEMETRY_REPORTING": true,
            "MOZ_UNSIGNED_SCOPES": 0,
            "MOZ_UPDATER": false,
            "MOZ_UPDATE_CHANNEL": "release",
            "MOZ_WEBRTC": true,
            "MOZ_WIDGET_GTK": false,
            "MOZ_WIDGET_TOOLKIT": "android",
            "NIGHTLY_BUILD": false,
            "OMNIJAR_NAME": "assets/omni.ja",
            "RELEASE_OR_BETA": true,
            "SOURCE_REVISION_URL": "https://hg.mozilla.org/releases/mozilla-esr68/rev/d2e0b9e17b9bc1ef02606c8006b73293f7892ad5",
            "TELEMETRY_PING_FORMAT_VERSION": 4,
            "XP_UNIX": true,
            "isPlatformAndVersionAtLeast": {},
            "isPlatformAndVersionAtMost": {},
            "platform": "android"
          },
          "asyncAppConstants": {
            "ACCESSIBILITY": true,
            "ANDROID_PACKAGE_NAME": "org.mozilla.firefox",
            "ASAN": false,
            "ASAN_REPORTER": false,
            "BROWSER_CHROME_URL": "chrome://browser/content/browser.xul",
            "DEBUG": false,
            "DEBUG_JS_MODULES": "",
            "DLL_PREFIX": "lib",
            "DLL_SUFFIX": ".so",
            "EARLY_BETA_OR_EARLIER": false,
            "FENNEC_NIGHTLY": false,
            "HAVE_SHELL_SERVICE": false,
            "HAVE_USR_LIB64_DIR": false,
            "MENUBAR_CAN_AUTOHIDE": false,
            "MOZILLA_OFFICIAL": true,
            "MOZ_ALLOW_LEGACY_EXTENSIONS": false,
            "MOZ_ANDROID_ACTIVITY_STREAM": false,
            "MOZ_ANDROID_HISTORY": true,
            "MOZ_ANDROID_MOZILLA_ONLINE": false,
            "MOZ_APP_NAME": "fennec",
            "MOZ_APP_VERSION": "68.1.1",
            "MOZ_APP_VERSION_DISPLAY": "68.1.1",
            "MOZ_BING_API_CLIENTID": "no-bing-api-clientid",
            "MOZ_BING_API_KEY": "no-bing-api-key",
            "MOZ_BITS_DOWNLOAD": false,
            "MOZ_BUILD_APP": "mobile/android",
            "MOZ_CODE_COVERAGE": false,
            "MOZ_CRASHREPORTER": true,
            "MOZ_DATA_REPORTING": true,
            "MOZ_DEV_EDITION": false,
            "MOZ_GECKO_PROFILER": true,
            "MOZ_GOOGLE_LOCATION_SERVICE_API_KEY": "AIzaSyB2h2OuRcUgy5N-5hsZqiPW6sH3n_rptiQ",
            "MOZ_GOOGLE_SAFEBROWSING_API_KEY": "AIzaSyC7jsptDS3am4tPx4r3nxis7IMjBc5Dovo",
            "MOZ_GRAPHENE": false,
            "MOZ_MACBUNDLE_NAME": "Firefox.app",
            "MOZ_MAINTENANCE_SERVICE": false,
            "MOZ_MOZILLA_API_KEY": "3b4d27dd-703d-4094-8398-4de2c763505a",
            "MOZ_NEW_CERT_STORAGE": false,
            "MOZ_NEW_NOTIFICATION_STORE": false,
            "MOZ_NEW_XULSTORE": false,
            "MOZ_OFFICIAL_BRANDING": false,
            "MOZ_PLACES": false,
            "MOZ_REQUIRE_SIGNING": false,
            "MOZ_SANDBOX": false,
            "MOZ_SERVICES_HEALTHREPORT": true,
            "MOZ_SERVICES_SYNC": false,
            "MOZ_SWITCHBOARD": true,
            "MOZ_SYSTEM_NSS": false,
            "MOZ_TELEMETRY_ON_BY_DEFAULT": false,
            "MOZ_TELEMETRY_REPORTING": true,
            "MOZ_UNSIGNED_SCOPES": 0,
            "MOZ_UPDATER": false,
            "MOZ_UPDATE_CHANNEL": "release",
            "MOZ_WEBRTC": true,
            "MOZ_WIDGET_GTK": false,
            "MOZ_WIDGET_TOOLKIT": "android",
            "NIGHTLY_BUILD": false,
            "OMNIJAR_NAME": "assets/omni.ja",
            "RELEASE_OR_BETA": true,
            "SOURCE_REVISION_URL": "https://hg.mozilla.org/releases/mozilla-esr68/rev/d2e0b9e17b9bc1ef02606c8006b73293f7892ad5",
            "TELEMETRY_PING_FORMAT_VERSION": 4,
            "XP_UNIX": true,
            "isPlatformAndVersionAtLeast": {},
            "isPlatformAndVersionAtMost": {},
            "platform": "android"
          },
          "userAgent": "Mozilla/5.0 (Android 8.1.0; Mobile; rv:68.0) Gecko/68.0 Firefox/68.0",
          "windowSize": "360x560"
        },
        "pageinfo": {
          "documentHeight": 3880,
          "documentSize": {
            "decodedBodySize": 341523,
            "encodedBodySize": 93391,
            "transferSize": 95160
          },
          "documentTitle": "Mercado Livre Brasil",
          "documentWidth": 360,
          "domElements": 817,
          "navigationStartTime": 1617082183063,
          "nextHopProtocol": "h2",
          "resources": {
            "count": 0,
            "duration": 0
          },
          "responsive": true,
          "url": "https://www.mercadolivre.com.br/",
          "visualElements": {
            "heroes": [
              {
                "filename": "mlb-home-mobile-big-banner-picture-2ed58eaa-0e0d-4f1e-999e-19aeeedddd06.jpg",
                "height": 165,
                "name": "LargestImage",
                "width": 360,
                "x": 0,
                "y": 87
              }
            ],
            "viewport": {
              "height": 560,
              "width": 360
            }
          }
        },
        "timings": {
          "firstPaint": 1287,
          "loadEventEnd": 4531,
          "navigationTiming": {
            "connectStart": 31,
            "domComplete": 4466,
            "domContentLoadedEventEnd": 1493,
            "domContentLoadedEventStart": 1479,
            "domInteractive": 1228,
            "domainLookupEnd": 31,
            "domainLookupStart": 31,
            "duration": 4531,
            "fetchStart": 3,
            "loadEventEnd": 4531,
            "loadEventStart": 4466,
            "redirectEnd": 0,
            "redirectStart": 0,
            "requestStart": 117,
            "responseEnd": 672,
            "responseStart": 672,
            "secureConnectionStart": 43,
            "startTime": 0,
            "unloadEventEnd": 0,
            "unloadEventStart": 0,
            "workerStart": 0
          },
          "pageTimings": {
            "backEndTime": 672,
            "domContentLoadedTime": 1479,
            "domInteractiveTime": 1228,
            "domainLookupTime": 0,
            "frontEndTime": 3794,
            "pageDownloadTime": 0,
            "pageLoadTime": 4466,
            "redirectionTime": 0,
            "serverConnectionTime": 84,
            "serverResponseTime": 555
          },
          "rumSpeedIndex": 671,
          "timeToContentfulPaint": 1496,
          "timeToDomContentFlushed": 1228,
          "userTimings": {
            "marks": [
              {
                "name": "gpt-tag-load",
                "startTime": 7630.74
              },
              {
                "name": "gpt-first-ad-request",
                "startTime": 8311.62
              },
              {
                "name": "gpt-first-ad-render",
                "startTime": 8790.18
              }
            ],
            "measures": []
          }
        }
      },
      {
        "browser": {
          "appConstants": {
            "ACCESSIBILITY": true,
            "ANDROID_PACKAGE_NAME": "org.mozilla.firefox",
            "ASAN": false,
            "ASAN_REPORTER": false,
            "BROWSER_CHROME_URL": "chrome://browser/content/browser.xul",
            "DEBUG": false,
            "DEBUG_JS_MODULES": "",
            "DLL_PREFIX": "lib",
            "DLL_SUFFIX": ".so",
            "EARLY_BETA_OR_EARLIER": false,
            "FENNEC_NIGHTLY": false,
            "HAVE_SHELL_SERVICE": false,
            "HAVE_USR_LIB64_DIR": false,
            "MENUBAR_CAN_AUTOHIDE": false,
            "MOZILLA_OFFICIAL": true,
            "MOZ_ALLOW_LEGACY_EXTENSIONS": false,
            "MOZ_ANDROID_ACTIVITY_STREAM": false,
            "MOZ_ANDROID_HISTORY": true,
            "MOZ_ANDROID_MOZILLA_ONLINE": false,
            "MOZ_APP_NAME": "fennec",
            "MOZ_APP_VERSION": "68.1.1",
            "MOZ_APP_VERSION_DISPLAY": "68.1.1",
            "MOZ_BING_API_CLIENTID": "no-bing-api-clientid",
            "MOZ_BING_API_KEY": "no-bing-api-key",
            "MOZ_BITS_DOWNLOAD": false,
            "MOZ_BUILD_APP": "mobile/android",
            "MOZ_CODE_COVERAGE": false,
            "MOZ_CRASHREPORTER": true,
            "MOZ_DATA_REPORTING": true,
            "MOZ_DEV_EDITION": false,
            "MOZ_GECKO_PROFILER": true,
            "MOZ_GOOGLE_LOCATION_SERVICE_API_KEY": "AIzaSyB2h2OuRcUgy5N-5hsZqiPW6sH3n_rptiQ",
            "MOZ_GOOGLE_SAFEBROWSING_API_KEY": "AIzaSyC7jsptDS3am4tPx4r3nxis7IMjBc5Dovo",
            "MOZ_GRAPHENE": false,
            "MOZ_MACBUNDLE_NAME": "Firefox.app",
            "MOZ_MAINTENANCE_SERVICE": false,
            "MOZ_MOZILLA_API_KEY": "3b4d27dd-703d-4094-8398-4de2c763505a",
            "MOZ_NEW_CERT_STORAGE": false,
            "MOZ_NEW_NOTIFICATION_STORE": false,
            "MOZ_NEW_XULSTORE": false,
            "MOZ_OFFICIAL_BRANDING": false,
            "MOZ_PLACES": false,
            "MOZ_REQUIRE_SIGNING": false,
            "MOZ_SANDBOX": false,
            "MOZ_SERVICES_HEALTHREPORT": true,
            "MOZ_SERVICES_SYNC": false,
            "MOZ_SWITCHBOARD": true,
            "MOZ_SYSTEM_NSS": false,
            "MOZ_TELEMETRY_ON_BY_DEFAULT": false,
            "MOZ_TELEMETRY_REPORTING": true,
            "MOZ_UNSIGNED_SCOPES": 0,
            "MOZ_UPDATER": false,
            "MOZ_UPDATE_CHANNEL": "release",
            "MOZ_WEBRTC": true,
            "MOZ_WIDGET_GTK": false,
            "MOZ_WIDGET_TOOLKIT": "android",
            "NIGHTLY_BUILD": false,
            "OMNIJAR_NAME": "assets/omni.ja",
            "RELEASE_OR_BETA": true,
            "SOURCE_REVISION_URL": "https://hg.mozilla.org/releases/mozilla-esr68/rev/d2e0b9e17b9bc1ef02606c8006b73293f7892ad5",
            "TELEMETRY_PING_FORMAT_VERSION": 4,
            "XP_UNIX": true,
            "isPlatformAndVersionAtLeast": {},
            "isPlatformAndVersionAtMost": {},
            "platform": "android"
          },
          "asyncAppConstants": {
            "ACCESSIBILITY": true,
            "ANDROID_PACKAGE_NAME": "org.mozilla.firefox",
            "ASAN": false,
            "ASAN_REPORTER": false,
            "BROWSER_CHROME_URL": "chrome://browser/content/browser.xul",
            "DEBUG": false,
            "DEBUG_JS_MODULES": "",
            "DLL_PREFIX": "lib",
            "DLL_SUFFIX": ".so",
            "EARLY_BETA_OR_EARLIER": false,
            "FENNEC_NIGHTLY": false,
            "HAVE_SHELL_SERVICE": false,
            "HAVE_USR_LIB64_DIR": false,
            "MENUBAR_CAN_AUTOHIDE": false,
            "MOZILLA_OFFICIAL": true,
            "MOZ_ALLOW_LEGACY_EXTENSIONS": false,
            "MOZ_ANDROID_ACTIVITY_STREAM": false,
            "MOZ_ANDROID_HISTORY": true,
            "MOZ_ANDROID_MOZILLA_ONLINE": false,
            "MOZ_APP_NAME": "fennec",
            "MOZ_APP_VERSION": "68.1.1",
            "MOZ_APP_VERSION_DISPLAY": "68.1.1",
            "MOZ_BING_API_CLIENTID": "no-bing-api-clientid",
            "MOZ_BING_API_KEY": "no-bing-api-key",
            "MOZ_BITS_DOWNLOAD": false,
            "MOZ_BUILD_APP": "mobile/android",
            "MOZ_CODE_COVERAGE": false,
            "MOZ_CRASHREPORTER": true,
            "MOZ_DATA_REPORTING": true,
            "MOZ_DEV_EDITION": false,
            "MOZ_GECKO_PROFILER": true,
            "MOZ_GOOGLE_LOCATION_SERVICE_API_KEY": "AIzaSyB2h2OuRcUgy5N-5hsZqiPW6sH3n_rptiQ",
            "MOZ_GOOGLE_SAFEBROWSING_API_KEY": "AIzaSyC7jsptDS3am4tPx4r3nxis7IMjBc5Dovo",
            "MOZ_GRAPHENE": false,
            "MOZ_MACBUNDLE_NAME": "Firefox.app",
            "MOZ_MAINTENANCE_SERVICE": false,
            "MOZ_MOZILLA_API_KEY": "3b4d27dd-703d-4094-8398-4de2c763505a",
            "MOZ_NEW_CERT_STORAGE": false,
            "MOZ_NEW_NOTIFICATION_STORE": false,
            "MOZ_NEW_XULSTORE": false,
            "MOZ_OFFICIAL_BRANDING": false,
            "MOZ_PLACES": false,
            "MOZ_REQUIRE_SIGNING": false,
            "MOZ_SANDBOX": false,
            "MOZ_SERVICES_HEALTHREPORT": true,
            "MOZ_SERVICES_SYNC": false,
            "MOZ_SWITCHBOARD": true,
            "MOZ_SYSTEM_NSS": false,
            "MOZ_TELEMETRY_ON_BY_DEFAULT": false,
            "MOZ_TELEMETRY_REPORTING": true,
            "MOZ_UNSIGNED_SCOPES": 0,
            "MOZ_UPDATER": false,
            "MOZ_UPDATE_CHANNEL": "release",
            "MOZ_WEBRTC": true,
            "MOZ_WIDGET_GTK": false,
            "MOZ_WIDGET_TOOLKIT": "android",
            "NIGHTLY_BUILD": false,
            "OMNIJAR_NAME": "assets/omni.ja",
            "RELEASE_OR_BETA": true,
            "SOURCE_REVISION_URL": "https://hg.mozilla.org/releases/mozilla-esr68/rev/d2e0b9e17b9bc1ef02606c8006b73293f7892ad5",
            "TELEMETRY_PING_FORMAT_VERSION": 4,
            "XP_UNIX": true,
            "isPlatformAndVersionAtLeast": {},
            "isPlatformAndVersionAtMost": {},
            "platform": "android"
          },
          "userAgent": "Mozilla/5.0 (Android 8.1.0; Mobile; rv:68.0) Gecko/68.0 Firefox/68.0",
          "windowSize": "360x560"
        },
        "pageinfo": {
          "documentHeight": 4250,
          "documentSize": {
            "decodedBodySize": 341526,
            "encodedBodySize": 93384,
            "transferSize": 95153
          },
          "documentTitle": "Mercado Livre Brasil",
          "documentWidth": 360,
          "domElements": 816,
          "navigationStartTime": 1617082208964,
          "nextHopProtocol": "h2",
          "resources": {
            "count": 0,
            "duration": 0
          },
          "responsive": true,
          "url": "https://www.mercadolivre.com.br/",
          "visualElements": {
            "heroes": [
              {
                "filename": "mlb-home-mobile-big-banner-picture-2ed58eaa-0e0d-4f1e-999e-19aeeedddd06.jpg",
                "height": 165,
                "name": "LargestImage",
                "width": 360,
                "x": 0,
                "y": 87
              }
            ],
            "viewport": {
              "height": 560,
              "width": 360
            }
          }
        },
        "timings": {
          "firstPaint": 1037,
          "loadEventEnd": 3777,
          "navigationTiming": {
            "connectStart": 34,
            "domComplete": 3714,
            "domContentLoadedEventEnd": 1241,
            "domContentLoadedEventStart": 1229,
            "domInteractive": 960,
            "domainLookupEnd": 33,
            "domainLookupStart": 33,
            "duration": 3777,
            "fetchStart": 3,
            "loadEventEnd": 3777,
            "loadEventStart": 3714,
            "redirectEnd": 0,
            "redirectStart": 0,
            "requestStart": 123,
            "responseEnd": 493,
            "responseStart": 474,
            "secureConnectionStart": 46,
            "startTime": 0,
            "unloadEventEnd": 0,
            "unloadEventStart": 0,
            "workerStart": 0
          },
          "pageTimings": {
            "backEndTime": 474,
            "domContentLoadedTime": 1229,
            "domInteractiveTime": 960,
            "domainLookupTime": 0,
            "frontEndTime": 3221,
            "pageDownloadTime": 19,
            "pageLoadTime": 3714,
            "redirectionTime": 0,
            "serverConnectionTime": 88,
            "serverResponseTime": 370
          },
          "rumSpeedIndex": 474,
          "timeToContentfulPaint": 1243,
          "timeToDomContentFlushed": 960,
          "userTimings": {
            "marks": [
              {
                "name": "gpt-tag-load",
                "startTime": 7162.860000000001
              },
              {
                "name": "gpt-first-ad-request",
                "startTime": 7800.44
              },
              {
                "name": "gpt-first-ad-render",
                "startTime": 8303.68
              }
            ],
            "measures": []
          }
        }
      },
      {
        "browser": {
          "appConstants": {
            "ACCESSIBILITY": true,
            "ANDROID_PACKAGE_NAME": "org.mozilla.firefox",
            "ASAN": false,
            "ASAN_REPORTER": false,
            "BROWSER_CHROME_URL": "chrome://browser/content/browser.xul",
            "DEBUG": false,
            "DEBUG_JS_MODULES": "",
            "DLL_PREFIX": "lib",
            "DLL_SUFFIX": ".so",
            "EARLY_BETA_OR_EARLIER": false,
            "FENNEC_NIGHTLY": false,
            "HAVE_SHELL_SERVICE": false,
            "HAVE_USR_LIB64_DIR": false,
            "MENUBAR_CAN_AUTOHIDE": false,
            "MOZILLA_OFFICIAL": true,
            "MOZ_ALLOW_LEGACY_EXTENSIONS": false,
            "MOZ_ANDROID_ACTIVITY_STREAM": false,
            "MOZ_ANDROID_HISTORY": true,
            "MOZ_ANDROID_MOZILLA_ONLINE": false,
            "MOZ_APP_NAME": "fennec",
            "MOZ_APP_VERSION": "68.1.1",
            "MOZ_APP_VERSION_DISPLAY": "68.1.1",
            "MOZ_BING_API_CLIENTID": "no-bing-api-clientid",
            "MOZ_BING_API_KEY": "no-bing-api-key",
            "MOZ_BITS_DOWNLOAD": false,
            "MOZ_BUILD_APP": "mobile/android",
            "MOZ_CODE_COVERAGE": false,
            "MOZ_CRASHREPORTER": true,
            "MOZ_DATA_REPORTING": true,
            "MOZ_DEV_EDITION": false,
            "MOZ_GECKO_PROFILER": true,
            "MOZ_GOOGLE_LOCATION_SERVICE_API_KEY": "AIzaSyB2h2OuRcUgy5N-5hsZqiPW6sH3n_rptiQ",
            "MOZ_GOOGLE_SAFEBROWSING_API_KEY": "AIzaSyC7jsptDS3am4tPx4r3nxis7IMjBc5Dovo",
            "MOZ_GRAPHENE": false,
            "MOZ_MACBUNDLE_NAME": "Firefox.app",
            "MOZ_MAINTENANCE_SERVICE": false,
            "MOZ_MOZILLA_API_KEY": "3b4d27dd-703d-4094-8398-4de2c763505a",
            "MOZ_NEW_CERT_STORAGE": false,
            "MOZ_NEW_NOTIFICATION_STORE": false,
            "MOZ_NEW_XULSTORE": false,
            "MOZ_OFFICIAL_BRANDING": false,
            "MOZ_PLACES": false,
            "MOZ_REQUIRE_SIGNING": false,
            "MOZ_SANDBOX": false,
            "MOZ_SERVICES_HEALTHREPORT": true,
            "MOZ_SERVICES_SYNC": false,
            "MOZ_SWITCHBOARD": true,
            "MOZ_SYSTEM_NSS": false,
            "MOZ_TELEMETRY_ON_BY_DEFAULT": false,
            "MOZ_TELEMETRY_REPORTING": true,
            "MOZ_UNSIGNED_SCOPES": 0,
            "MOZ_UPDATER": false,
            "MOZ_UPDATE_CHANNEL": "release",
            "MOZ_WEBRTC": true,
            "MOZ_WIDGET_GTK": false,
            "MOZ_WIDGET_TOOLKIT": "android",
            "NIGHTLY_BUILD": false,
            "OMNIJAR_NAME": "assets/omni.ja",
            "RELEASE_OR_BETA": true,
            "SOURCE_REVISION_URL": "https://hg.mozilla.org/releases/mozilla-esr68/rev/d2e0b9e17b9bc1ef02606c8006b73293f7892ad5",
            "TELEMETRY_PING_FORMAT_VERSION": 4,
            "XP_UNIX": true,
            "isPlatformAndVersionAtLeast": {},
            "isPlatformAndVersionAtMost": {},
            "platform": "android"
          },
          "asyncAppConstants": {
            "ACCESSIBILITY": true,
            "ANDROID_PACKAGE_NAME": "org.mozilla.firefox",
            "ASAN": false,
            "ASAN_REPORTER": false,
            "BROWSER_CHROME_URL": "chrome://browser/content/browser.xul",
            "DEBUG": false,
            "DEBUG_JS_MODULES": "",
            "DLL_PREFIX": "lib",
            "DLL_SUFFIX": ".so",
            "EARLY_BETA_OR_EARLIER": false,
            "FENNEC_NIGHTLY": false,
            "HAVE_SHELL_SERVICE": false,
            "HAVE_USR_LIB64_DIR": false,
            "MENUBAR_CAN_AUTOHIDE": false,
            "MOZILLA_OFFICIAL": true,
            "MOZ_ALLOW_LEGACY_EXTENSIONS": false,
            "MOZ_ANDROID_ACTIVITY_STREAM": false,
            "MOZ_ANDROID_HISTORY": true,
            "MOZ_ANDROID_MOZILLA_ONLINE": false,
            "MOZ_APP_NAME": "fennec",
            "MOZ_APP_VERSION": "68.1.1",
            "MOZ_APP_VERSION_DISPLAY": "68.1.1",
            "MOZ_BING_API_CLIENTID": "no-bing-api-clientid",
            "MOZ_BING_API_KEY": "no-bing-api-key",
            "MOZ_BITS_DOWNLOAD": false,
            "MOZ_BUILD_APP": "mobile/android",
            "MOZ_CODE_COVERAGE": false,
            "MOZ_CRASHREPORTER": true,
            "MOZ_DATA_REPORTING": true,
            "MOZ_DEV_EDITION": false,
            "MOZ_GECKO_PROFILER": true,
            "MOZ_GOOGLE_LOCATION_SERVICE_API_KEY": "AIzaSyB2h2OuRcUgy5N-5hsZqiPW6sH3n_rptiQ",
            "MOZ_GOOGLE_SAFEBROWSING_API_KEY": "AIzaSyC7jsptDS3am4tPx4r3nxis7IMjBc5Dovo",
            "MOZ_GRAPHENE": false,
            "MOZ_MACBUNDLE_NAME": "Firefox.app",
            "MOZ_MAINTENANCE_SERVICE": false,
            "MOZ_MOZILLA_API_KEY": "3b4d27dd-703d-4094-8398-4de2c763505a",
            "MOZ_NEW_CERT_STORAGE": false,
            "MOZ_NEW_NOTIFICATION_STORE": false,
            "MOZ_NEW_XULSTORE": false,
            "MOZ_OFFICIAL_BRANDING": false,
            "MOZ_PLACES": false,
            "MOZ_REQUIRE_SIGNING": false,
            "MOZ_SANDBOX": false,
            "MOZ_SERVICES_HEALTHREPORT": true,
            "MOZ_SERVICES_SYNC": false,
            "MOZ_SWITCHBOARD": true,
            "MOZ_SYSTEM_NSS": false,
            "MOZ_TELEMETRY_ON_BY_DEFAULT": false,
            "MOZ_TELEMETRY_REPORTING": true,
            "MOZ_UNSIGNED_SCOPES": 0,
            "MOZ_UPDATER": false,
            "MOZ_UPDATE_CHANNEL": "release",
            "MOZ_WEBRTC": true,
            "MOZ_WIDGET_GTK": false,
            "MOZ_WIDGET_TOOLKIT": "android",
            "NIGHTLY_BUILD": false,
            "OMNIJAR_NAME": "assets/omni.ja",
            "RELEASE_OR_BETA": true,
            "SOURCE_REVISION_URL": "https://hg.mozilla.org/releases/mozilla-esr68/rev/d2e0b9e17b9bc1ef02606c8006b73293f7892ad5",
            "TELEMETRY_PING_FORMAT_VERSION": 4,
            "XP_UNIX": true,
            "isPlatformAndVersionAtLeast": {},
            "isPlatformAndVersionAtMost": {},
            "platform": "android"
          },
          "userAgent": "Mozilla/5.0 (Android 8.1.0; Mobile; rv:68.0) Gecko/68.0 Firefox/68.0",
          "windowSize": "360x560"
        },
        "pageinfo": {
          "documentHeight": 3880,
          "documentSize": {
            "decodedBodySize": 341528,
            "encodedBodySize": 93382,
            "transferSize": 95151
          },
          "documentTitle": "Mercado Livre Brasil",
          "documentWidth": 360,
          "domElements": 817,
          "navigationStartTime": 1617082235164,
          "nextHopProtocol": "h2",
          "resources": {
            "count": 0,
            "duration": 0
          },
          "responsive": true,
          "url": "https://www.mercadolivre.com.br/",
          "visualElements": {
            "heroes": [
              {
                "filename": "mlb-home-mobile-big-banner-picture-2ed58eaa-0e0d-4f1e-999e-19aeeedddd06.jpg",
                "height": 165,
                "name": "LargestImage",
                "width": 360,
                "x": 0,
                "y": 87
              }
            ],
            "viewport": {
              "height": 560,
              "width": 360
            }
          }
        },
        "timings": {
          "firstPaint": 1684,
          "loadEventEnd": 4542,
          "navigationTiming": {
            "connectStart": 31,
            "domComplete": 4487,
            "domContentLoadedEventEnd": 1873,
            "domContentLoadedEventStart": 1861,
            "domInteractive": 1643,
            "domainLookupEnd": 31,
            "domainLookupStart": 30,
            "duration": 4542,
            "fetchStart": 3,
            "loadEventEnd": 4542,
            "loadEventStart": 4487,
            "redirectEnd": 0,
            "redirectStart": 0,
            "requestStart": 117,
            "responseEnd": 1073,
            "responseStart": 1073,
            "secureConnectionStart": 42,
            "startTime": 0,
            "unloadEventEnd": 0,
            "unloadEventStart": 0,
            "workerStart": 0
          },
          "pageTimings": {
            "backEndTime": 1073,
            "domContentLoadedTime": 1861,
            "domInteractiveTime": 1643,
            "domainLookupTime": 0,
            "frontEndTime": 3413,
            "pageDownloadTime": 0,
            "pageLoadTime": 4487,
            "redirectionTime": 0,
            "serverConnectionTime": 84,
            "serverResponseTime": 956
          },
          "rumSpeedIndex": 1073,
          "timeToContentfulPaint": 1875,
          "timeToDomContentFlushed": 1643,
          "userTimings": {
            "marks": [
              {
                "name": "gpt-tag-load",
                "startTime": 7742.78
              },
              {
                "name": "gpt-first-ad-request",
                "startTime": 8401.56
              },
              {
                "name": "gpt-first-ad-render",
                "startTime": 8876.2
              }
            ],
            "measures": []
          }
        }
      }
    ],
    "visualMetrics": [],
    "cpu": [],
    "extras": [
      {},
      {},
      {}
    ],
    "fullyLoaded": [],
    "errors": [
      [],
      [],
      []
    ],
    "statistics": {
      "browser": {
        "appConstants": {
          "MOZ_UNSIGNED_SCOPES": {
            "median": 0,
            "mean": 0,
            "mdev": 0,
            "stddev": 0,
            "min": 0,
            "p10": 0,
            "p90": 0,
            "p99": 0,
            "max": 0
          },
          "TELEMETRY_PING_FORMAT_VERSION": {
            "median": 4,
            "mean": 4,
            "mdev": 0,
            "stddev": 0,
            "min": 4,
            "p10": 4,
            "p90": 4,
            "p99": 4,
            "max": 4
          }
        },
        "asyncAppConstants": {
          "MOZ_UNSIGNED_SCOPES": {
            "median": 0,
            "mean": 0,
            "mdev": 0,
            "stddev": 0,
            "min": 0,
            "p10": 0,
            "p90": 0,
            "p99": 0,
            "max": 0
          },
          "TELEMETRY_PING_FORMAT_VERSION": {
            "median": 4,
            "mean": 4,
            "mdev": 0,
            "stddev": 0,
            "min": 4,
            "p10": 4,
            "p90": 4,
            "p99": 4,
            "max": 4
          }
        }
      },
      "pageinfo": {
        "documentHeight": {
          "median": 3880,
          "mean": 4003,
          "mdev": 100.7012,
          "stddev": 174,
          "min": 3880,
          "p10": 3880,
          "p90": 4250,
          "p99": 4250,
          "max": 4250
        },
        "documentSize": {
          "decodedBodySize": {
            "median": 341526,
            "mean": 341526,
            "mdev": 1.1863,
            "stddev": 2,
            "min": 341523,
            "p10": 341523,
            "p90": 341528,
            "p99": 341528,
            "max": 341528
          },
          "encodedBodySize": {
            "median": 93384,
            "mean": 93386,
            "mdev": 2.2278,
            "stddev": 4,
            "min": 93382,
            "p10": 93382,
            "p90": 93391,
            "p99": 93391,
            "max": 93391
          },
          "transferSize": {
            "median": 95153,
            "mean": 95155,
            "mdev": 2.2278,
            "stddev": 4,
            "min": 95151,
            "p10": 95151,
            "p90": 95160,
            "p99": 95160,
            "max": 95160
          }
        },
        "documentWidth": {
          "median": 360,
          "mean": 360,
          "mdev": 0,
          "stddev": 0,
          "min": 360,
          "p10": 360,
          "p90": 360,
          "p99": 360,
          "max": 360
        },
        "domElements": {
          "median": 817,
          "mean": 817,
          "mdev": 0.2722,
          "stddev": 0,
          "min": 816,
          "p10": 816,
          "p90": 817,
          "p99": 817,
          "max": 817
        },
        "navigationStartTime": {
          "median": 1617082208964,
          "mean": 1617082209064,
          "mdev": 12612.4091,
          "stddev": 21845,
          "min": 1617082183063,
          "p10": 1617082183063,
          "p90": 1617082235164,
          "p99": 1617082235164,
          "max": 1617082235164
        },
        "resources": {
          "count": {
            "median": 0,
            "mean": 0,
            "mdev": 0,
            "stddev": 0,
            "min": 0,
            "p10": 0,
            "p90": 0,
            "p99": 0,
            "max": 0
          },
          "duration": {
            "median": 0,
            "mean": 0,
            "mdev": 0,
            "stddev": 0,
            "min": 0,
            "p10": 0,
            "p90": 0,
            "p99": 0,
            "max": 0
          }
        },
        "visualElements": {
          "heroes": [
            {
              "height": {
                "median": 165,
                "mean": 165,
                "mdev": 0,
                "stddev": 0,
                "min": 165,
                "p10": 165,
                "p90": 165,
                "p99": 165,
                "max": 165
              },
              "width": {
                "median": 360,
                "mean": 360,
                "mdev": 0,
                "stddev": 0,
                "min": 360,
                "p10": 360,
                "p90": 360,
                "p99": 360,
                "max": 360
              },
              "x": {
                "median": 0,
                "mean": 0,
                "mdev": 0,
                "stddev": 0,
                "min": 0,
                "p10": 0,
                "p90": 0,
                "p99": 0,
                "max": 0
              },
              "y": {
                "median": 87,
                "mean": 87,
                "mdev": 0,
                "stddev": 0,
                "min": 87,
                "p10": 87,
                "p90": 87,
                "p99": 87,
                "max": 87
              }
            }
          ],
          "viewport": {
            "height": {
              "median": 560,
              "mean": 560,
              "mdev": 0,
              "stddev": 0,
              "min": 560,
              "p10": 560,
              "p90": 560,
              "p99": 560,
              "max": 560
            },
            "width": {
              "median": 360,
              "mean": 360,
              "mdev": 0,
              "stddev": 0,
              "min": 360,
              "p10": 360,
              "p90": 360,
              "p99": 360,
              "max": 360
            }
          }
        }
      },
      "timings": {
        "firstPaint": {
          "median": 1287,
          "mean": 1336,
          "mdev": 153.8058,
          "stddev": 266,
          "min": 1037,
          "p10": 1037,
          "p90": 1684,
          "p99": 1684,
          "max": 1684
        },
        "loadEventEnd": {
          "median": 4531,
          "mean": 4283,
          "mdev": 206.726,
          "stddev": 358,
          "min": 3777,
          "p10": 3777,
          "p90": 4542,
          "p99": 4542,
          "max": 4542
        },
        "navigationTiming": {
          "connectStart": {
            "median": 31,
            "mean": 32,
            "mdev": 0.8165,
            "stddev": 1,
            "min": 31,
            "p10": 31,
            "p90": 34,
            "p99": 34,
            "max": 34
          },
          "domComplete": {
            "median": 4466,
            "mean": 4222,
            "mdev": 207.5852,
            "stddev": 360,
            "min": 3714,
            "p10": 3714,
            "p90": 4487,
            "p99": 4487,
            "max": 4487
          },
          "domContentLoadedEventEnd": {
            "median": 1493,
            "mean": 1536,
            "mdev": 149.9788,
            "stddev": 260,
            "min": 1241,
            "p10": 1241,
            "p90": 1873,
            "p99": 1873,
            "max": 1873
          },
          "domContentLoadedEventStart": {
            "median": 1479,
            "mean": 1523,
            "mdev": 150.043,
            "stddev": 260,
            "min": 1229,
            "p10": 1229,
            "p90": 1861,
            "p99": 1861,
            "max": 1861
          },
          "domInteractive": {
            "median": 1228,
            "mean": 1277,
            "mdev": 162.2228,
            "stddev": 281,
            "min": 960,
            "p10": 960,
            "p90": 1643,
            "p99": 1643,
            "max": 1643
          },
          "domainLookupEnd": {
            "median": 31,
            "mean": 32,
            "mdev": 0.5443,
            "stddev": 1,
            "min": 31,
            "p10": 31,
            "p90": 33,
            "p99": 33,
            "max": 33
          },
          "domainLookupStart": {
            "median": 31,
            "mean": 31,
            "mdev": 0.7201,
            "stddev": 1,
            "min": 30,
            "p10": 30,
            "p90": 33,
            "p99": 33,
            "max": 33
          },
          "duration": {
            "median": 4531,
            "mean": 4283,
            "mdev": 206.726,
            "stddev": 358,
            "min": 3777,
            "p10": 3777,
            "p90": 4542,
            "p99": 4542,
            "max": 4542
          },
          "fetchStart": {
            "median": 3,
            "mean": 3,
            "mdev": 0,
            "stddev": 0,
            "min": 3,
            "p10": 3,
            "p90": 3,
            "p99": 3,
            "max": 3
          },
          "loadEventEnd": {
            "median": 4531,
            "mean": 4283,
            "mdev": 206.726,
            "stddev": 358,
            "min": 3777,
            "p10": 3777,
            "p90": 4542,
            "p99": 4542,
            "max": 4542
          },
          "loadEventStart": {
            "median": 4466,
            "mean": 4222,
            "mdev": 207.5852,
            "stddev": 360,
            "min": 3714,
            "p10": 3714,
            "p90": 4487,
            "p99": 4487,
            "max": 4487
          },
          "redirectEnd": {
            "median": 0,
            "mean": 0,
            "mdev": 0,
            "stddev": 0,
            "min": 0,
            "p10": 0,
            "p90": 0,
            "p99": 0,
            "max": 0
          },
          "redirectStart": {
            "median": 0,
            "mean": 0,
            "mdev": 0,
            "stddev": 0,
            "min": 0,
            "p10": 0,
            "p90": 0,
            "p99": 0,
            "max": 0
          },
          "requestStart": {
            "median": 117,
            "mean": 119,
            "mdev": 1.633,
            "stddev": 3,
            "min": 117,
            "p10": 117,
            "p90": 123,
            "p99": 123,
            "max": 123
          },
          "responseEnd": {
            "median": 672,
            "mean": 746,
            "mdev": 140.0056,
            "stddev": 242,
            "min": 493,
            "p10": 493,
            "p90": 1073,
            "p99": 1073,
            "max": 1073
          },
          "responseStart": {
            "median": 672,
            "mean": 740,
            "mdev": 143.8628,
            "stddev": 249,
            "min": 474,
            "p10": 474,
            "p90": 1073,
            "p99": 1073,
            "max": 1073
          },
          "secureConnectionStart": {
            "median": 43,
            "mean": 44,
            "mdev": 0.9813,
            "stddev": 2,
            "min": 42,
            "p10": 42,
            "p90": 46,
            "p99": 46,
            "max": 46
          },
          "startTime": {
            "median": 0,
            "mean": 0,
            "mdev": 0,
            "stddev": 0,
            "min": 0,
            "p10": 0,
            "p90": 0,
            "p99": 0,
            "max": 0
          },
          "unloadEventEnd": {
            "median": 0,
            "mean": 0,
            "mdev": 0,
            "stddev": 0,
            "min": 0,
            "p10": 0,
            "p90": 0,
            "p99": 0,
            "max": 0
          },
          "unloadEventStart": {
            "median": 0,
            "mean": 0,
            "mdev": 0,
            "stddev": 0,
            "min": 0,
            "p10": 0,
            "p90": 0,
            "p99": 0,
            "max": 0
          },
          "workerStart": {
            "median": 0,
            "mean": 0,
            "mdev": 0,
            "stddev": 0,
            "min": 0,
            "p10": 0,
            "p90": 0,
            "p99": 0,
            "max": 0
          }
        },
        "pageTimings": {
          "backEndTime": {
            "median": 672,
            "mean": 740,
            "mdev": 143.8628,
            "stddev": 249,
            "min": 474,
            "p10": 474,
            "p90": 1073,
            "p99": 1073,
            "max": 1073
          },
          "domContentLoadedTime": {
            "median": 1479,
            "mean": 1523,
            "mdev": 150.043,
            "stddev": 260,
            "min": 1229,
            "p10": 1229,
            "p90": 1861,
            "p99": 1861,
            "max": 1861
          },
          "domInteractiveTime": {
            "median": 1228,
            "mean": 1277,
            "mdev": 162.2228,
            "stddev": 281,
            "min": 960,
            "p10": 960,
            "p90": 1643,
            "p99": 1643,
            "max": 1643
          },
          "domainLookupTime": {
            "median": 0,
            "mean": 0,
            "mdev": 0,
            "stddev": 0,
            "min": 0,
            "p10": 0,
            "p90": 0,
            "p99": 0,
            "max": 0
          },
          "frontEndTime": {
            "median": 3413,
            "mean": 3476,
            "mdev": 137.4845,
            "stddev": 238,
            "min": 3221,
            "p10": 3221,
            "p90": 3794,
            "p99": 3794,
            "max": 3794
          },
          "pageDownloadTime": {
            "median": 0,
            "mean": 6,
            "mdev": 5.1711,
            "stddev": 9,
            "min": 0,
            "p10": 0,
            "p90": 19,
            "p99": 19,
            "max": 19
          },
          "pageLoadTime": {
            "median": 4466,
            "mean": 4222,
            "mdev": 207.5852,
            "stddev": 360,
            "min": 3714,
            "p10": 3714,
            "p90": 4487,
            "p99": 4487,
            "max": 4487
          },
          "redirectionTime": {
            "median": 0,
            "mean": 0,
            "mdev": 0,
            "stddev": 0,
            "min": 0,
            "p10": 0,
            "p90": 0,
            "p99": 0,
            "max": 0
          },
          "serverConnectionTime": {
            "median": 84,
            "mean": 85,
            "mdev": 1.0887,
            "stddev": 2,
            "min": 84,
            "p10": 84,
            "p90": 88,
            "p99": 88,
            "max": 88
          },
          "serverResponseTime": {
            "median": 555,
            "mean": 627,
            "mdev": 141.2146,
            "stddev": 245,
            "min": 370,
            "p10": 370,
            "p90": 956,
            "p99": 956,
            "max": 956
          }
        },
        "rumSpeedIndex": {
          "median": 671,
          "mean": 739,
          "mdev": 143.9154,
          "stddev": 249,
          "min": 474,
          "p10": 474,
          "p90": 1073,
          "p99": 1073,
          "max": 1073
        },
        "timeToContentfulPaint": {
          "median": 1496,
          "mean": 1538,
          "mdev": 149.9474,
          "stddev": 260,
          "min": 1243,
          "p10": 1243,
          "p90": 1875,
          "p99": 1875,
          "max": 1875
        },
        "timeToDomContentFlushed": {
          "median": 1228,
          "mean": 1277,
          "mdev": 162.2228,
          "stddev": 281,
          "min": 960,
          "p10": 960,
          "p90": 1643,
          "p99": 1643,
          "max": 1643
        },
        "userTimings": {
          "marks": {
            "gpt-tag-load": {
              "median": 7631,
              "mean": 7512,
              "mdev": 145.0124,
              "stddev": 251,
              "min": 7163,
              "p10": 7163,
              "p90": 7743,
              "p99": 7743,
              "max": 7743
            },
            "gpt-first-ad-request": {
              "median": 8312,
              "mean": 8171,
              "mdev": 152.8421,
              "stddev": 265,
              "min": 7800,
              "p10": 7800,
              "p90": 8402,
              "p99": 8402,
              "max": 8402
            },
            "gpt-first-ad-render": {
              "median": 8790,
              "mean": 8657,
              "mdev": 145.5336,
              "stddev": 252,
              "min": 8304,
              "p10": 8304,
              "p90": 8876,
              "p99": 8876,
              "max": 8876
            }
          }
        }
      }
    }
  }
]