[
  {
    "info": {
      "browsertime": {
        "version": "8.4.0"
      },
      "url": "https://www.okezone.com/",
      "timestamp": "2021-03-30T16:04:34+04:00",
      "connectivity": {
        "engine": "external",
        "profile": "native"
      },
      "extra": {}
    },
    "files": {
      "video": [],
      "screenshot": [],
      "timeline": [],
      "consoleLog": [],
      "netLog": [],
      "perfLog": []
    },
    "cdp": {
      "performance": []
    },
    "timestamps": [
      "2021-03-30T16:04:12+04:00",
      "2021-03-30T16:04:40+04:00",
      "2021-03-30T16:05:09+04:00"
    ],
    "browserScripts": [
      {
        "browser": {
          "appConstants": {
            "ACCESSIBILITY": true,
            "ANDROID_PACKAGE_NAME": "org.mozilla.firefox",
            "ASAN": false,
            "ASAN_REPORTER": false,
            "BROWSER_CHROME_URL": "chrome://browser/content/browser.xul",
            "DEBUG": false,
            "DEBUG_JS_MODULES": "",
            "DLL_PREFIX": "lib",
            "DLL_SUFFIX": ".so",
            "EARLY_BETA_OR_EARLIER": false,
            "FENNEC_NIGHTLY": false,
            "HAVE_SHELL_SERVICE": false,
            "HAVE_USR_LIB64_DIR": false,
            "MENUBAR_CAN_AUTOHIDE": false,
            "MOZILLA_OFFICIAL": true,
            "MOZ_ALLOW_LEGACY_EXTENSIONS": false,
            "MOZ_ANDROID_ACTIVITY_STREAM": false,
            "MOZ_ANDROID_HISTORY": true,
            "MOZ_ANDROID_MOZILLA_ONLINE": false,
            "MOZ_APP_NAME": "fennec",
            "MOZ_APP_VERSION": "68.1.1",
            "MOZ_APP_VERSION_DISPLAY": "68.1.1",
            "MOZ_BING_API_CLIENTID": "no-bing-api-clientid",
            "MOZ_BING_API_KEY": "no-bing-api-key",
            "MOZ_BITS_DOWNLOAD": false,
            "MOZ_BUILD_APP": "mobile/android",
            "MOZ_CODE_COVERAGE": false,
            "MOZ_CRASHREPORTER": true,
            "MOZ_DATA_REPORTING": true,
            "MOZ_DEV_EDITION": false,
            "MOZ_GECKO_PROFILER": true,
            "MOZ_GOOGLE_LOCATION_SERVICE_API_KEY": "AIzaSyB2h2OuRcUgy5N-5hsZqiPW6sH3n_rptiQ",
            "MOZ_GOOGLE_SAFEBROWSING_API_KEY": "AIzaSyC7jsptDS3am4tPx4r3nxis7IMjBc5Dovo",
            "MOZ_GRAPHENE": false,
            "MOZ_MACBUNDLE_NAME": "Firefox.app",
            "MOZ_MAINTENANCE_SERVICE": false,
            "MOZ_MOZILLA_API_KEY": "3b4d27dd-703d-4094-8398-4de2c763505a",
            "MOZ_NEW_CERT_STORAGE": false,
            "MOZ_NEW_NOTIFICATION_STORE": false,
            "MOZ_NEW_XULSTORE": false,
            "MOZ_OFFICIAL_BRANDING": false,
            "MOZ_PLACES": false,
            "MOZ_REQUIRE_SIGNING": false,
            "MOZ_SANDBOX": false,
            "MOZ_SERVICES_HEALTHREPORT": true,
            "MOZ_SERVICES_SYNC": false,
            "MOZ_SWITCHBOARD": true,
            "MOZ_SYSTEM_NSS": false,
            "MOZ_TELEMETRY_ON_BY_DEFAULT": false,
            "MOZ_TELEMETRY_REPORTING": true,
            "MOZ_UNSIGNED_SCOPES": 0,
            "MOZ_UPDATER": false,
            "MOZ_UPDATE_CHANNEL": "release",
            "MOZ_WEBRTC": true,
            "MOZ_WIDGET_GTK": false,
            "MOZ_WIDGET_TOOLKIT": "android",
            "NIGHTLY_BUILD": false,
            "OMNIJAR_NAME": "assets/omni.ja",
            "RELEASE_OR_BETA": true,
            "SOURCE_REVISION_URL": "https://hg.mozilla.org/releases/mozilla-esr68/rev/d2e0b9e17b9bc1ef02606c8006b73293f7892ad5",
            "TELEMETRY_PING_FORMAT_VERSION": 4,
            "XP_UNIX": true,
            "isPlatformAndVersionAtLeast": {},
            "isPlatformAndVersionAtMost": {},
            "platform": "android"
          },
          "asyncAppConstants": {
            "ACCESSIBILITY": true,
            "ANDROID_PACKAGE_NAME": "org.mozilla.firefox",
            "ASAN": false,
            "ASAN_REPORTER": false,
            "BROWSER_CHROME_URL": "chrome://browser/content/browser.xul",
            "DEBUG": false,
            "DEBUG_JS_MODULES": "",
            "DLL_PREFIX": "lib",
            "DLL_SUFFIX": ".so",
            "EARLY_BETA_OR_EARLIER": false,
            "FENNEC_NIGHTLY": false,
            "HAVE_SHELL_SERVICE": false,
            "HAVE_USR_LIB64_DIR": false,
            "MENUBAR_CAN_AUTOHIDE": false,
            "MOZILLA_OFFICIAL": true,
            "MOZ_ALLOW_LEGACY_EXTENSIONS": false,
            "MOZ_ANDROID_ACTIVITY_STREAM": false,
            "MOZ_ANDROID_HISTORY": true,
            "MOZ_ANDROID_MOZILLA_ONLINE": false,
            "MOZ_APP_NAME": "fennec",
            "MOZ_APP_VERSION": "68.1.1",
            "MOZ_APP_VERSION_DISPLAY": "68.1.1",
            "MOZ_BING_API_CLIENTID": "no-bing-api-clientid",
            "MOZ_BING_API_KEY": "no-bing-api-key",
            "MOZ_BITS_DOWNLOAD": false,
            "MOZ_BUILD_APP": "mobile/android",
            "MOZ_CODE_COVERAGE": false,
            "MOZ_CRASHREPORTER": true,
            "MOZ_DATA_REPORTING": true,
            "MOZ_DEV_EDITION": false,
            "MOZ_GECKO_PROFILER": true,
            "MOZ_GOOGLE_LOCATION_SERVICE_API_KEY": "AIzaSyB2h2OuRcUgy5N-5hsZqiPW6sH3n_rptiQ",
            "MOZ_GOOGLE_SAFEBROWSING_API_KEY": "AIzaSyC7jsptDS3am4tPx4r3nxis7IMjBc5Dovo",
            "MOZ_GRAPHENE": false,
            "MOZ_MACBUNDLE_NAME": "Firefox.app",
            "MOZ_MAINTENANCE_SERVICE": false,
            "MOZ_MOZILLA_API_KEY": "3b4d27dd-703d-4094-8398-4de2c763505a",
            "MOZ_NEW_CERT_STORAGE": false,
            "MOZ_NEW_NOTIFICATION_STORE": false,
            "MOZ_NEW_XULSTORE": false,
            "MOZ_OFFICIAL_BRANDING": false,
            "MOZ_PLACES": false,
            "MOZ_REQUIRE_SIGNING": false,
            "MOZ_SANDBOX": false,
            "MOZ_SERVICES_HEALTHREPORT": true,
            "MOZ_SERVICES_SYNC": false,
            "MOZ_SWITCHBOARD": true,
            "MOZ_SYSTEM_NSS": false,
            "MOZ_TELEMETRY_ON_BY_DEFAULT": false,
            "MOZ_TELEMETRY_REPORTING": true,
            "MOZ_UNSIGNED_SCOPES": 0,
            "MOZ_UPDATER": false,
            "MOZ_UPDATE_CHANNEL": "release",
            "MOZ_WEBRTC": true,
            "MOZ_WIDGET_GTK": false,
            "MOZ_WIDGET_TOOLKIT": "android",
            "NIGHTLY_BUILD": false,
            "OMNIJAR_NAME": "assets/omni.ja",
            "RELEASE_OR_BETA": true,
            "SOURCE_REVISION_URL": "https://hg.mozilla.org/releases/mozilla-esr68/rev/d2e0b9e17b9bc1ef02606c8006b73293f7892ad5",
            "TELEMETRY_PING_FORMAT_VERSION": 4,
            "XP_UNIX": true,
            "isPlatformAndVersionAtLeast": {},
            "isPlatformAndVersionAtMost": {},
            "platform": "android"
          },
          "userAgent": "Mozilla/5.0 (Android 9; Mobile; rv:68.0) Gecko/68.0 Firefox/68.0",
          "windowSize": "360x612"
        },
        "pageinfo": {
          "documentHeight": 11471,
          "documentSize": {
            "decodedBodySize": 110334,
            "encodedBodySize": 17415,
            "transferSize": 18250
          },
          "documentTitle": "Okezone Berita Terbaru Berita Hari Ini Berita Online",
          "documentWidth": 360,
          "domElements": 1444,
          "navigationStartTime": 1617105852564,
          "nextHopProtocol": "h2",
          "resources": {
            "count": 0,
            "duration": 0
          },
          "responsive": true,
          "url": "https://www.okezone.com/",
          "visualElements": {
            "heroes": [
              {
                "filename": "pemerintah-siapkan-sanksi-bagi-masyarakat-nekat-mudik-lebaran-EvJOakmKNP.jpg",
                "height": 214,
                "name": "LargestImage",
                "width": 306,
                "x": 10,
                "y": 187
              },
              {
                "filename": null,
                "height": 65,
                "name": "Heading",
                "width": 296,
                "x": 10,
                "y": 444
              }
            ],
            "viewport": {
              "height": 612,
              "width": 360
            }
          }
        },
        "timings": {
          "firstPaint": 4146,
          "loadEventEnd": 15667,
          "navigationTiming": {
            "connectStart": 35,
            "domComplete": 15617,
            "domContentLoadedEventEnd": 4463,
            "domContentLoadedEventStart": 4361,
            "domInteractive": 4115,
            "domainLookupEnd": 35,
            "domainLookupStart": 35,
            "duration": 15667,
            "fetchStart": 2,
            "loadEventEnd": 15667,
            "loadEventStart": 15618,
            "redirectEnd": 0,
            "redirectStart": 0,
            "requestStart": 525,
            "responseEnd": 2519,
            "responseStart": 2503,
            "secureConnectionStart": 273,
            "startTime": 0,
            "unloadEventEnd": 0,
            "unloadEventStart": 0,
            "workerStart": 0
          },
          "pageTimings": {
            "backEndTime": 2503,
            "domContentLoadedTime": 4361,
            "domInteractiveTime": 4115,
            "domainLookupTime": 0,
            "frontEndTime": 13099,
            "pageDownloadTime": 16,
            "pageLoadTime": 15618,
            "redirectionTime": 0,
            "serverConnectionTime": 487,
            "serverResponseTime": 1994
          },
          "rumSpeedIndex": 2503,
          "timeToContentfulPaint": 4317,
          "timeToDomContentFlushed": 4118,
          "userTimings": {
            "marks": [
              {
                "name": "gpt-tag-load",
                "startTime": 8397.54
              },
              {
                "name": "gpt-first-ad-request",
                "startTime": 10041.38
              },
              {
                "name": "gpt-first-ad-render",
                "startTime": 11197.28
              }
            ],
            "measures": []
          }
        }
      },
      {
        "browser": {
          "appConstants": {
            "ACCESSIBILITY": true,
            "ANDROID_PACKAGE_NAME": "org.mozilla.firefox",
            "ASAN": false,
            "ASAN_REPORTER": false,
            "BROWSER_CHROME_URL": "chrome://browser/content/browser.xul",
            "DEBUG": false,
            "DEBUG_JS_MODULES": "",
            "DLL_PREFIX": "lib",
            "DLL_SUFFIX": ".so",
            "EARLY_BETA_OR_EARLIER": false,
            "FENNEC_NIGHTLY": false,
            "HAVE_SHELL_SERVICE": false,
            "HAVE_USR_LIB64_DIR": false,
            "MENUBAR_CAN_AUTOHIDE": false,
            "MOZILLA_OFFICIAL": true,
            "MOZ_ALLOW_LEGACY_EXTENSIONS": false,
            "MOZ_ANDROID_ACTIVITY_STREAM": false,
            "MOZ_ANDROID_HISTORY": true,
            "MOZ_ANDROID_MOZILLA_ONLINE": false,
            "MOZ_APP_NAME": "fennec",
            "MOZ_APP_VERSION": "68.1.1",
            "MOZ_APP_VERSION_DISPLAY": "68.1.1",
            "MOZ_BING_API_CLIENTID": "no-bing-api-clientid",
            "MOZ_BING_API_KEY": "no-bing-api-key",
            "MOZ_BITS_DOWNLOAD": false,
            "MOZ_BUILD_APP": "mobile/android",
            "MOZ_CODE_COVERAGE": false,
            "MOZ_CRASHREPORTER": true,
            "MOZ_DATA_REPORTING": true,
            "MOZ_DEV_EDITION": false,
            "MOZ_GECKO_PROFILER": true,
            "MOZ_GOOGLE_LOCATION_SERVICE_API_KEY": "AIzaSyB2h2OuRcUgy5N-5hsZqiPW6sH3n_rptiQ",
            "MOZ_GOOGLE_SAFEBROWSING_API_KEY": "AIzaSyC7jsptDS3am4tPx4r3nxis7IMjBc5Dovo",
            "MOZ_GRAPHENE": false,
            "MOZ_MACBUNDLE_NAME": "Firefox.app",
            "MOZ_MAINTENANCE_SERVICE": false,
            "MOZ_MOZILLA_API_KEY": "3b4d27dd-703d-4094-8398-4de2c763505a",
            "MOZ_NEW_CERT_STORAGE": false,
            "MOZ_NEW_NOTIFICATION_STORE": false,
            "MOZ_NEW_XULSTORE": false,
            "MOZ_OFFICIAL_BRANDING": false,
            "MOZ_PLACES": false,
            "MOZ_REQUIRE_SIGNING": false,
            "MOZ_SANDBOX": false,
            "MOZ_SERVICES_HEALTHREPORT": true,
            "MOZ_SERVICES_SYNC": false,
            "MOZ_SWITCHBOARD": true,
            "MOZ_SYSTEM_NSS": false,
            "MOZ_TELEMETRY_ON_BY_DEFAULT": false,
            "MOZ_TELEMETRY_REPORTING": true,
            "MOZ_UNSIGNED_SCOPES": 0,
            "MOZ_UPDATER": false,
            "MOZ_UPDATE_CHANNEL": "release",
            "MOZ_WEBRTC": true,
            "MOZ_WIDGET_GTK": false,
            "MOZ_WIDGET_TOOLKIT": "android",
            "NIGHTLY_BUILD": false,
            "OMNIJAR_NAME": "assets/omni.ja",
            "RELEASE_OR_BETA": true,
            "SOURCE_REVISION_URL": "https://hg.mozilla.org/releases/mozilla-esr68/rev/d2e0b9e17b9bc1ef02606c8006b73293f7892ad5",
            "TELEMETRY_PING_FORMAT_VERSION": 4,
            "XP_UNIX": true,
            "isPlatformAndVersionAtLeast": {},
            "isPlatformAndVersionAtMost": {},
            "platform": "android"
          },
          "asyncAppConstants": {
            "ACCESSIBILITY": true,
            "ANDROID_PACKAGE_NAME": "org.mozilla.firefox",
            "ASAN": false,
            "ASAN_REPORTER": false,
            "BROWSER_CHROME_URL": "chrome://browser/content/browser.xul",
            "DEBUG": false,
            "DEBUG_JS_MODULES": "",
            "DLL_PREFIX": "lib",
            "DLL_SUFFIX": ".so",
            "EARLY_BETA_OR_EARLIER": false,
            "FENNEC_NIGHTLY": false,
            "HAVE_SHELL_SERVICE": false,
            "HAVE_USR_LIB64_DIR": false,
            "MENUBAR_CAN_AUTOHIDE": false,
            "MOZILLA_OFFICIAL": true,
            "MOZ_ALLOW_LEGACY_EXTENSIONS": false,
            "MOZ_ANDROID_ACTIVITY_STREAM": false,
            "MOZ_ANDROID_HISTORY": true,
            "MOZ_ANDROID_MOZILLA_ONLINE": false,
            "MOZ_APP_NAME": "fennec",
            "MOZ_APP_VERSION": "68.1.1",
            "MOZ_APP_VERSION_DISPLAY": "68.1.1",
            "MOZ_BING_API_CLIENTID": "no-bing-api-clientid",
            "MOZ_BING_API_KEY": "no-bing-api-key",
            "MOZ_BITS_DOWNLOAD": false,
            "MOZ_BUILD_APP": "mobile/android",
            "MOZ_CODE_COVERAGE": false,
            "MOZ_CRASHREPORTER": true,
            "MOZ_DATA_REPORTING": true,
            "MOZ_DEV_EDITION": false,
            "MOZ_GECKO_PROFILER": true,
            "MOZ_GOOGLE_LOCATION_SERVICE_API_KEY": "AIzaSyB2h2OuRcUgy5N-5hsZqiPW6sH3n_rptiQ",
            "MOZ_GOOGLE_SAFEBROWSING_API_KEY": "AIzaSyC7jsptDS3am4tPx4r3nxis7IMjBc5Dovo",
            "MOZ_GRAPHENE": false,
            "MOZ_MACBUNDLE_NAME": "Firefox.app",
            "MOZ_MAINTENANCE_SERVICE": false,
            "MOZ_MOZILLA_API_KEY": "3b4d27dd-703d-4094-8398-4de2c763505a",
            "MOZ_NEW_CERT_STORAGE": false,
            "MOZ_NEW_NOTIFICATION_STORE": false,
            "MOZ_NEW_XULSTORE": false,
            "MOZ_OFFICIAL_BRANDING": false,
            "MOZ_PLACES": false,
            "MOZ_REQUIRE_SIGNING": false,
            "MOZ_SANDBOX": false,
            "MOZ_SERVICES_HEALTHREPORT": true,
            "MOZ_SERVICES_SYNC": false,
            "MOZ_SWITCHBOARD": true,
            "MOZ_SYSTEM_NSS": false,
            "MOZ_TELEMETRY_ON_BY_DEFAULT": false,
            "MOZ_TELEMETRY_REPORTING": true,
            "MOZ_UNSIGNED_SCOPES": 0,
            "MOZ_UPDATER": false,
            "MOZ_UPDATE_CHANNEL": "release",
            "MOZ_WEBRTC": true,
            "MOZ_WIDGET_GTK": false,
            "MOZ_WIDGET_TOOLKIT": "android",
            "NIGHTLY_BUILD": false,
            "OMNIJAR_NAME": "assets/omni.ja",
            "RELEASE_OR_BETA": true,
            "SOURCE_REVISION_URL": "https://hg.mozilla.org/releases/mozilla-esr68/rev/d2e0b9e17b9bc1ef02606c8006b73293f7892ad5",
            "TELEMETRY_PING_FORMAT_VERSION": 4,
            "XP_UNIX": true,
            "isPlatformAndVersionAtLeast": {},
            "isPlatformAndVersionAtMost": {},
            "platform": "android"
          },
          "userAgent": "Mozilla/5.0 (Android 9; Mobile; rv:68.0) Gecko/68.0 Firefox/68.0",
          "windowSize": "360x612"
        },
        "pageinfo": {
          "documentHeight": 11471,
          "documentSize": {
            "decodedBodySize": 110207,
            "encodedBodySize": 17302,
            "transferSize": 18137
          },
          "documentTitle": "Okezone Berita Terbaru Berita Hari Ini Berita Online",
          "documentWidth": 360,
          "domElements": 1444,
          "navigationStartTime": 1617105880885,
          "nextHopProtocol": "h2",
          "resources": {
            "count": 0,
            "duration": 0
          },
          "responsive": true,
          "url": "https://www.okezone.com/",
          "visualElements": {
            "heroes": [
              {
                "filename": "pemerintah-siapkan-sanksi-bagi-masyarakat-nekat-mudik-lebaran-EvJOakmKNP.jpg",
                "height": 214,
                "name": "LargestImage",
                "width": 306,
                "x": 10,
                "y": 187
              },
              {
                "filename": null,
                "height": 65,
                "name": "Heading",
                "width": 296,
                "x": 10,
                "y": 444
              }
            ],
            "viewport": {
              "height": 612,
              "width": 360
            }
          }
        },
        "timings": {
          "firstPaint": 4430,
          "loadEventEnd": 16035,
          "navigationTiming": {
            "connectStart": 316,
            "domComplete": 15983,
            "domContentLoadedEventEnd": 4746,
            "domContentLoadedEventStart": 4644,
            "domInteractive": 4396,
            "domainLookupEnd": 315,
            "domainLookupStart": 315,
            "duration": 16035,
            "fetchStart": 2,
            "loadEventEnd": 16035,
            "loadEventStart": 15984,
            "redirectEnd": 0,
            "redirectStart": 0,
            "requestStart": 880,
            "responseEnd": 2914,
            "responseStart": 2908,
            "secureConnectionStart": 567,
            "startTime": 0,
            "unloadEventEnd": 0,
            "unloadEventStart": 0,
            "workerStart": 0
          },
          "pageTimings": {
            "backEndTime": 2908,
            "domContentLoadedTime": 4644,
            "domInteractiveTime": 4396,
            "domainLookupTime": 0,
            "frontEndTime": 13070,
            "pageDownloadTime": 6,
            "pageLoadTime": 15984,
            "redirectionTime": 0,
            "serverConnectionTime": 562,
            "serverResponseTime": 2034
          },
          "rumSpeedIndex": 2907,
          "timeToContentfulPaint": 4600,
          "timeToDomContentFlushed": 4399,
          "userTimings": {
            "marks": [
              {
                "name": "gpt-tag-load",
                "startTime": 7587.84
              },
              {
                "name": "gpt-first-ad-request",
                "startTime": 8807.08
              },
              {
                "name": "gpt-first-ad-render",
                "startTime": 10059.56
              }
            ],
            "measures": []
          }
        }
      },
      {
        "browser": {
          "appConstants": {
            "ACCESSIBILITY": true,
            "ANDROID_PACKAGE_NAME": "org.mozilla.firefox",
            "ASAN": false,
            "ASAN_REPORTER": false,
            "BROWSER_CHROME_URL": "chrome://browser/content/browser.xul",
            "DEBUG": false,
            "DEBUG_JS_MODULES": "",
            "DLL_PREFIX": "lib",
            "DLL_SUFFIX": ".so",
            "EARLY_BETA_OR_EARLIER": false,
            "FENNEC_NIGHTLY": false,
            "HAVE_SHELL_SERVICE": false,
            "HAVE_USR_LIB64_DIR": false,
            "MENUBAR_CAN_AUTOHIDE": false,
            "MOZILLA_OFFICIAL": true,
            "MOZ_ALLOW_LEGACY_EXTENSIONS": false,
            "MOZ_ANDROID_ACTIVITY_STREAM": false,
            "MOZ_ANDROID_HISTORY": true,
            "MOZ_ANDROID_MOZILLA_ONLINE": false,
            "MOZ_APP_NAME": "fennec",
            "MOZ_APP_VERSION": "68.1.1",
            "MOZ_APP_VERSION_DISPLAY": "68.1.1",
            "MOZ_BING_API_CLIENTID": "no-bing-api-clientid",
            "MOZ_BING_API_KEY": "no-bing-api-key",
            "MOZ_BITS_DOWNLOAD": false,
            "MOZ_BUILD_APP": "mobile/android",
            "MOZ_CODE_COVERAGE": false,
            "MOZ_CRASHREPORTER": true,
            "MOZ_DATA_REPORTING": true,
            "MOZ_DEV_EDITION": false,
            "MOZ_GECKO_PROFILER": true,
            "MOZ_GOOGLE_LOCATION_SERVICE_API_KEY": "AIzaSyB2h2OuRcUgy5N-5hsZqiPW6sH3n_rptiQ",
            "MOZ_GOOGLE_SAFEBROWSING_API_KEY": "AIzaSyC7jsptDS3am4tPx4r3nxis7IMjBc5Dovo",
            "MOZ_GRAPHENE": false,
            "MOZ_MACBUNDLE_NAME": "Firefox.app",
            "MOZ_MAINTENANCE_SERVICE": false,
            "MOZ_MOZILLA_API_KEY": "3b4d27dd-703d-4094-8398-4de2c763505a",
            "MOZ_NEW_CERT_STORAGE": false,
            "MOZ_NEW_NOTIFICATION_STORE": false,
            "MOZ_NEW_XULSTORE": false,
            "MOZ_OFFICIAL_BRANDING": false,
            "MOZ_PLACES": false,
            "MOZ_REQUIRE_SIGNING": false,
            "MOZ_SANDBOX": false,
            "MOZ_SERVICES_HEALTHREPORT": true,
            "MOZ_SERVICES_SYNC": false,
            "MOZ_SWITCHBOARD": true,
            "MOZ_SYSTEM_NSS": false,
            "MOZ_TELEMETRY_ON_BY_DEFAULT": false,
            "MOZ_TELEMETRY_REPORTING": true,
            "MOZ_UNSIGNED_SCOPES": 0,
            "MOZ_UPDATER": false,
            "MOZ_UPDATE_CHANNEL": "release",
            "MOZ_WEBRTC": true,
            "MOZ_WIDGET_GTK": false,
            "MOZ_WIDGET_TOOLKIT": "android",
            "NIGHTLY_BUILD": false,
            "OMNIJAR_NAME": "assets/omni.ja",
            "RELEASE_OR_BETA": true,
            "SOURCE_REVISION_URL": "https://hg.mozilla.org/releases/mozilla-esr68/rev/d2e0b9e17b9bc1ef02606c8006b73293f7892ad5",
            "TELEMETRY_PING_FORMAT_VERSION": 4,
            "XP_UNIX": true,
            "isPlatformAndVersionAtLeast": {},
            "isPlatformAndVersionAtMost": {},
            "platform": "android"
          },
          "asyncAppConstants": {
            "ACCESSIBILITY": true,
            "ANDROID_PACKAGE_NAME": "org.mozilla.firefox",
            "ASAN": false,
            "ASAN_REPORTER": false,
            "BROWSER_CHROME_URL": "chrome://browser/content/browser.xul",
            "DEBUG": false,
            "DEBUG_JS_MODULES": "",
            "DLL_PREFIX": "lib",
            "DLL_SUFFIX": ".so",
            "EARLY_BETA_OR_EARLIER": false,
            "FENNEC_NIGHTLY": false,
            "HAVE_SHELL_SERVICE": false,
            "HAVE_USR_LIB64_DIR": false,
            "MENUBAR_CAN_AUTOHIDE": false,
            "MOZILLA_OFFICIAL": true,
            "MOZ_ALLOW_LEGACY_EXTENSIONS": false,
            "MOZ_ANDROID_ACTIVITY_STREAM": false,
            "MOZ_ANDROID_HISTORY": true,
            "MOZ_ANDROID_MOZILLA_ONLINE": false,
            "MOZ_APP_NAME": "fennec",
            "MOZ_APP_VERSION": "68.1.1",
            "MOZ_APP_VERSION_DISPLAY": "68.1.1",
            "MOZ_BING_API_CLIENTID": "no-bing-api-clientid",
            "MOZ_BING_API_KEY": "no-bing-api-key",
            "MOZ_BITS_DOWNLOAD": false,
            "MOZ_BUILD_APP": "mobile/android",
            "MOZ_CODE_COVERAGE": false,
            "MOZ_CRASHREPORTER": true,
            "MOZ_DATA_REPORTING": true,
            "MOZ_DEV_EDITION": false,
            "MOZ_GECKO_PROFILER": true,
            "MOZ_GOOGLE_LOCATION_SERVICE_API_KEY": "AIzaSyB2h2OuRcUgy5N-5hsZqiPW6sH3n_rptiQ",
            "MOZ_GOOGLE_SAFEBROWSING_API_KEY": "AIzaSyC7jsptDS3am4tPx4r3nxis7IMjBc5Dovo",
            "MOZ_GRAPHENE": false,
            "MOZ_MACBUNDLE_NAME": "Firefox.app",
            "MOZ_MAINTENANCE_SERVICE": false,
            "MOZ_MOZILLA_API_KEY": "3b4d27dd-703d-4094-8398-4de2c763505a",
            "MOZ_NEW_CERT_STORAGE": false,
            "MOZ_NEW_NOTIFICATION_STORE": false,
            "MOZ_NEW_XULSTORE": false,
            "MOZ_OFFICIAL_BRANDING": false,
            "MOZ_PLACES": false,
            "MOZ_REQUIRE_SIGNING": false,
            "MOZ_SANDBOX": false,
            "MOZ_SERVICES_HEALTHREPORT": true,
            "MOZ_SERVICES_SYNC": false,
            "MOZ_SWITCHBOARD": true,
            "MOZ_SYSTEM_NSS": false,
            "MOZ_TELEMETRY_ON_BY_DEFAULT": false,
            "MOZ_TELEMETRY_REPORTING": true,
            "MOZ_UNSIGNED_SCOPES": 0,
            "MOZ_UPDATER": false,
            "MOZ_UPDATE_CHANNEL": "release",
            "MOZ_WEBRTC": true,
            "MOZ_WIDGET_GTK": false,
            "MOZ_WIDGET_TOOLKIT": "android",
            "NIGHTLY_BUILD": false,
            "OMNIJAR_NAME": "assets/omni.ja",
            "RELEASE_OR_BETA": true,
            "SOURCE_REVISION_URL": "https://hg.mozilla.org/releases/mozilla-esr68/rev/d2e0b9e17b9bc1ef02606c8006b73293f7892ad5",
            "TELEMETRY_PING_FORMAT_VERSION": 4,
            "XP_UNIX": true,
            "isPlatformAndVersionAtLeast": {},
            "isPlatformAndVersionAtMost": {},
            "platform": "android"
          },
          "userAgent": "Mozilla/5.0 (Android 9; Mobile; rv:68.0) Gecko/68.0 Firefox/68.0",
          "windowSize": "360x612"
        },
        "pageinfo": {
          "documentHeight": 11421,
          "documentSize": {
            "decodedBodySize": 110211,
            "encodedBodySize": 17422,
            "transferSize": 18257
          },
          "documentTitle": "Okezone Berita Terbaru Berita Hari Ini Berita Online",
          "documentWidth": 360,
          "domElements": 1446,
          "navigationStartTime": 1617105909943,
          "nextHopProtocol": "h2",
          "resources": {
            "count": 0,
            "duration": 0
          },
          "responsive": true,
          "url": "https://www.okezone.com/",
          "visualElements": {
            "heroes": [
              {
                "filename": "pemerintah-siapkan-sanksi-bagi-masyarakat-nekat-mudik-lebaran-EvJOakmKNP.jpg",
                "height": 214,
                "name": "LargestImage",
                "width": 306,
                "x": 10,
                "y": 187
              },
              {
                "filename": null,
                "height": 65,
                "name": "Heading",
                "width": 296,
                "x": 10,
                "y": 444
              }
            ],
            "viewport": {
              "height": 612,
              "width": 360
            }
          }
        },
        "timings": {
          "firstPaint": 3677,
          "loadEventEnd": 18594,
          "navigationTiming": {
            "connectStart": 35,
            "domComplete": 18530,
            "domContentLoadedEventEnd": 3984,
            "domContentLoadedEventStart": 3882,
            "domInteractive": 3641,
            "domainLookupEnd": 35,
            "domainLookupStart": 35,
            "duration": 18594,
            "fetchStart": 2,
            "loadEventEnd": 18594,
            "loadEventStart": 18532,
            "redirectEnd": 0,
            "redirectStart": 0,
            "requestStart": 343,
            "responseEnd": 2226,
            "responseStart": 2214,
            "secureConnectionStart": 161,
            "startTime": 0,
            "unloadEventEnd": 0,
            "unloadEventStart": 0,
            "workerStart": 0
          },
          "pageTimings": {
            "backEndTime": 2214,
            "domContentLoadedTime": 3882,
            "domInteractiveTime": 3641,
            "domainLookupTime": 0,
            "frontEndTime": 16306,
            "pageDownloadTime": 11,
            "pageLoadTime": 18532,
            "redirectionTime": 0,
            "serverConnectionTime": 306,
            "serverResponseTime": 1883
          },
          "rumSpeedIndex": 2214,
          "timeToContentfulPaint": 3849,
          "timeToDomContentFlushed": 3644,
          "userTimings": {
            "marks": [
              {
                "name": "gpt-tag-load",
                "startTime": 8055.96
              },
              {
                "name": "gpt-first-ad-request",
                "startTime": 9700.54
              },
              {
                "name": "gpt-first-ad-render",
                "startTime": 10765.64
              }
            ],
            "measures": []
          }
        }
      }
    ],
    "visualMetrics": [],
    "cpu": [],
    "extras": [
      {},
      {},
      {}
    ],
    "fullyLoaded": [],
    "errors": [
      [],
      [],
      []
    ],
    "statistics": {
      "browser": {
        "appConstants": {
          "MOZ_UNSIGNED_SCOPES": {
            "median": 0,
            "mean": 0,
            "mdev": 0,
            "stddev": 0,
            "min": 0,
            "p10": 0,
            "p90": 0,
            "p99": 0,
            "max": 0
          },
          "TELEMETRY_PING_FORMAT_VERSION": {
            "median": 4,
            "mean": 4,
            "mdev": 0,
            "stddev": 0,
            "min": 4,
            "p10": 4,
            "p90": 4,
            "p99": 4,
            "max": 4
          }
        },
        "asyncAppConstants": {
          "MOZ_UNSIGNED_SCOPES": {
            "median": 0,
            "mean": 0,
            "mdev": 0,
            "stddev": 0,
            "min": 0,
            "p10": 0,
            "p90": 0,
            "p99": 0,
            "max": 0
          },
          "TELEMETRY_PING_FORMAT_VERSION": {
            "median": 4,
            "mean": 4,
            "mdev": 0,
            "stddev": 0,
            "min": 4,
            "p10": 4,
            "p90": 4,
            "p99": 4,
            "max": 4
          }
        }
      },
      "pageinfo": {
        "documentHeight": {
          "median": 11471,
          "mean": 11454,
          "mdev": 13.6083,
          "stddev": 24,
          "min": 11421,
          "p10": 11421,
          "p90": 11471,
          "p99": 11471,
          "max": 11471
        },
        "documentSize": {
          "decodedBodySize": {
            "median": 110211,
            "mean": 110251,
            "mdev": 34.0338,
            "stddev": 59,
            "min": 110207,
            "p10": 110207,
            "p90": 110334,
            "p99": 110334,
            "max": 110334
          },
          "encodedBodySize": {
            "median": 17415,
            "mean": 17380,
            "mdev": 31.7502,
            "stddev": 55,
            "min": 17302,
            "p10": 17302,
            "p90": 17422,
            "p99": 17422,
            "max": 17422
          },
          "transferSize": {
            "median": 18250,
            "mean": 18215,
            "mdev": 31.7502,
            "stddev": 55,
            "min": 18137,
            "p10": 18137,
            "p90": 18257,
            "p99": 18257,
            "max": 18257
          }
        },
        "documentWidth": {
          "median": 360,
          "mean": 360,
          "mdev": 0,
          "stddev": 0,
          "min": 360,
          "p10": 360,
          "p90": 360,
          "p99": 360,
          "max": 360
        },
        "domElements": {
          "median": 1444,
          "mean": 1445,
          "mdev": 0.5443,
          "stddev": 1,
          "min": 1444,
          "p10": 1444,
          "p90": 1446,
          "p99": 1446,
          "max": 1446
        },
        "navigationStartTime": {
          "median": 1617105880885,
          "mean": 1617105881131,
          "mdev": 17836.64,
          "stddev": 30894,
          "min": 1617105852564,
          "p10": 1617105852564,
          "p90": 1617105909943,
          "p99": 1617105909943,
          "max": 1617105909943
        },
        "resources": {
          "count": {
            "median": 0,
            "mean": 0,
            "mdev": 0,
            "stddev": 0,
            "min": 0,
            "p10": 0,
            "p90": 0,
            "p99": 0,
            "max": 0
          },
          "duration": {
            "median": 0,
            "mean": 0,
            "mdev": 0,
            "stddev": 0,
            "min": 0,
            "p10": 0,
            "p90": 0,
            "p99": 0,
            "max": 0
          }
        },
        "visualElements": {
          "heroes": [
            {
              "height": {
                "median": 214,
                "mean": 214,
                "mdev": 0,
                "stddev": 0,
                "min": 214,
                "p10": 214,
                "p90": 214,
                "p99": 214,
                "max": 214
              },
              "width": {
                "median": 306,
                "mean": 306,
                "mdev": 0,
                "stddev": 0,
                "min": 306,
                "p10": 306,
                "p90": 306,
                "p99": 306,
                "max": 306
              },
              "x": {
                "median": 10,
                "mean": 10,
                "mdev": 0,
                "stddev": 0,
                "min": 10,
                "p10": 10,
                "p90": 10,
                "p99": 10,
                "max": 10
              },
              "y": {
                "median": 187,
                "mean": 187,
                "mdev": 0,
                "stddev": 0,
                "min": 187,
                "p10": 187,
                "p90": 187,
                "p99": 187,
                "max": 187
              }
            },
            {
              "height": {
                "median": 65,
                "mean": 65,
                "mdev": 0,
                "stddev": 0,
                "min": 65,
                "p10": 65,
                "p90": 65,
                "p99": 65,
                "max": 65
              },
              "width": {
                "median": 296,
                "mean": 296,
                "mdev": 0,
                "stddev": 0,
                "min": 296,
                "p10": 296,
                "p90": 296,
                "p99": 296,
                "max": 296
              },
              "x": {
                "median": 10,
                "mean": 10,
                "mdev": 0,
                "stddev": 0,
                "min": 10,
                "p10": 10,
                "p90": 10,
                "p99": 10,
                "max": 10
              },
              "y": {
                "median": 444,
                "mean": 444,
                "mdev": 0,
                "stddev": 0,
                "min": 444,
                "p10": 444,
                "p90": 444,
                "p99": 444,
                "max": 444
              }
            }
          ],
          "viewport": {
            "height": {
              "median": 612,
              "mean": 612,
              "mdev": 0,
              "stddev": 0,
              "min": 612,
              "p10": 612,
              "p90": 612,
              "p99": 612,
              "max": 612
            },
            "width": {
              "median": 360,
              "mean": 360,
              "mdev": 0,
              "stddev": 0,
              "min": 360,
              "p10": 360,
              "p90": 360,
              "p99": 360,
              "max": 360
            }
          }
        }
      },
      "timings": {
        "firstPaint": {
          "median": 4146,
          "mean": 4084,
          "mdev": 179.2604,
          "stddev": 310,
          "min": 3677,
          "p10": 3677,
          "p90": 4430,
          "p99": 4430,
          "max": 4430
        },
        "loadEventEnd": {
          "median": 16035,
          "mean": 16765,
          "mdev": 751.572,
          "stddev": 1302,
          "min": 15667,
          "p10": 15667,
          "p90": 18594,
          "p99": 18594,
          "max": 18594
        },
        "navigationTiming": {
          "connectStart": {
            "median": 35,
            "mean": 129,
            "mdev": 76.4785,
            "stddev": 132,
            "min": 35,
            "p10": 35,
            "p90": 316,
            "p99": 316,
            "max": 316
          },
          "domComplete": {
            "median": 15983,
            "mean": 16710,
            "mdev": 748.0031,
            "stddev": 1296,
            "min": 15617,
            "p10": 15617,
            "p90": 18530,
            "p99": 18530,
            "max": 18530
          },
          "domContentLoadedEventEnd": {
            "median": 4463,
            "mean": 4398,
            "mdev": 181.5748,
            "stddev": 314,
            "min": 3984,
            "p10": 3984,
            "p90": 4746,
            "p99": 4746,
            "max": 4746
          },
          "domContentLoadedEventStart": {
            "median": 4361,
            "mean": 4296,
            "mdev": 181.5748,
            "stddev": 314,
            "min": 3882,
            "p10": 3882,
            "p90": 4644,
            "p99": 4644,
            "max": 4644
          },
          "domInteractive": {
            "median": 4115,
            "mean": 4051,
            "mdev": 179.8829,
            "stddev": 312,
            "min": 3641,
            "p10": 3641,
            "p90": 4396,
            "p99": 4396,
            "max": 4396
          },
          "domainLookupEnd": {
            "median": 35,
            "mean": 128,
            "mdev": 76.2063,
            "stddev": 132,
            "min": 35,
            "p10": 35,
            "p90": 315,
            "p99": 315,
            "max": 315
          },
          "domainLookupStart": {
            "median": 35,
            "mean": 128,
            "mdev": 76.2063,
            "stddev": 132,
            "min": 35,
            "p10": 35,
            "p90": 315,
            "p99": 315,
            "max": 315
          },
          "duration": {
            "median": 16035,
            "mean": 16765,
            "mdev": 751.572,
            "stddev": 1302,
            "min": 15667,
            "p10": 15667,
            "p90": 18594,
            "p99": 18594,
            "max": 18594
          },
          "fetchStart": {
            "median": 2,
            "mean": 2,
            "mdev": 0,
            "stddev": 0,
            "min": 2,
            "p10": 2,
            "p90": 2,
            "p99": 2,
            "max": 2
          },
          "loadEventEnd": {
            "median": 16035,
            "mean": 16765,
            "mdev": 751.572,
            "stddev": 1302,
            "min": 15667,
            "p10": 15667,
            "p90": 18594,
            "p99": 18594,
            "max": 18594
          },
          "loadEventStart": {
            "median": 15984,
            "mean": 16711,
            "mdev": 748.2735,
            "stddev": 1296,
            "min": 15618,
            "p10": 15618,
            "p90": 18532,
            "p99": 18532,
            "max": 18532
          },
          "redirectEnd": {
            "median": 0,
            "mean": 0,
            "mdev": 0,
            "stddev": 0,
            "min": 0,
            "p10": 0,
            "p90": 0,
            "p99": 0,
            "max": 0
          },
          "redirectStart": {
            "median": 0,
            "mean": 0,
            "mdev": 0,
            "stddev": 0,
            "min": 0,
            "p10": 0,
            "p90": 0,
            "p99": 0,
            "max": 0
          },
          "requestStart": {
            "median": 525,
            "mean": 583,
            "mdev": 128.7429,
            "stddev": 223,
            "min": 343,
            "p10": 343,
            "p90": 880,
            "p99": 880,
            "max": 880
          },
          "responseEnd": {
            "median": 2519,
            "mean": 2553,
            "mdev": 162.7561,
            "stddev": 282,
            "min": 2226,
            "p10": 2226,
            "p90": 2914,
            "p99": 2914,
            "max": 2914
          },
          "responseStart": {
            "median": 2503,
            "mean": 2542,
            "mdev": 164.3373,
            "stddev": 285,
            "min": 2214,
            "p10": 2214,
            "p90": 2908,
            "p99": 2908,
            "max": 2908
          },
          "secureConnectionStart": {
            "median": 273,
            "mean": 334,
            "mdev": 98.8482,
            "stddev": 171,
            "min": 161,
            "p10": 161,
            "p90": 567,
            "p99": 567,
            "max": 567
          },
          "startTime": {
            "median": 0,
            "mean": 0,
            "mdev": 0,
            "stddev": 0,
            "min": 0,
            "p10": 0,
            "p90": 0,
            "p99": 0,
            "max": 0
          },
          "unloadEventEnd": {
            "median": 0,
            "mean": 0,
            "mdev": 0,
            "stddev": 0,
            "min": 0,
            "p10": 0,
            "p90": 0,
            "p99": 0,
            "max": 0
          },
          "unloadEventStart": {
            "median": 0,
            "mean": 0,
            "mdev": 0,
            "stddev": 0,
            "min": 0,
            "p10": 0,
            "p90": 0,
            "p99": 0,
            "max": 0
          },
          "workerStart": {
            "median": 0,
            "mean": 0,
            "mdev": 0,
            "stddev": 0,
            "min": 0,
            "p10": 0,
            "p90": 0,
            "p99": 0,
            "max": 0
          }
        },
        "pageTimings": {
          "backEndTime": {
            "median": 2503,
            "mean": 2542,
            "mdev": 164.3373,
            "stddev": 285,
            "min": 2214,
            "p10": 2214,
            "p90": 2908,
            "p99": 2908,
            "max": 2908
          },
          "domContentLoadedTime": {
            "median": 4361,
            "mean": 4296,
            "mdev": 181.5748,
            "stddev": 314,
            "min": 3882,
            "p10": 3882,
            "p90": 4644,
            "p99": 4644,
            "max": 4644
          },
          "domInteractiveTime": {
            "median": 4115,
            "mean": 4051,
            "mdev": 179.8829,
            "stddev": 312,
            "min": 3641,
            "p10": 3641,
            "p90": 4396,
            "p99": 4396,
            "max": 4396
          },
          "domainLookupTime": {
            "median": 0,
            "mean": 0,
            "mdev": 0,
            "stddev": 0,
            "min": 0,
            "p10": 0,
            "p90": 0,
            "p99": 0,
            "max": 0
          },
          "frontEndTime": {
            "median": 13099,
            "mean": 14158,
            "mdev": 876.8079,
            "stddev": 1519,
            "min": 13070,
            "p10": 13070,
            "p90": 16306,
            "p99": 16306,
            "max": 16306
          },
          "pageDownloadTime": {
            "median": 11,
            "mean": 11,
            "mdev": 2.357,
            "stddev": 4,
            "min": 6,
            "p10": 6,
            "p90": 16,
            "p99": 16,
            "max": 16
          },
          "pageLoadTime": {
            "median": 15984,
            "mean": 16711,
            "mdev": 748.2735,
            "stddev": 1296,
            "min": 15618,
            "p10": 15618,
            "p90": 18532,
            "p99": 18532,
            "max": 18532
          },
          "redirectionTime": {
            "median": 0,
            "mean": 0,
            "mdev": 0,
            "stddev": 0,
            "min": 0,
            "p10": 0,
            "p90": 0,
            "p99": 0,
            "max": 0
          },
          "serverConnectionTime": {
            "median": 487,
            "mean": 452,
            "mdev": 62.04,
            "stddev": 107,
            "min": 306,
            "p10": 306,
            "p90": 562,
            "p99": 562,
            "max": 562
          },
          "serverResponseTime": {
            "median": 1994,
            "mean": 1970,
            "mdev": 36.8792,
            "stddev": 64,
            "min": 1883,
            "p10": 1883,
            "p90": 2034,
            "p99": 2034,
            "max": 2034
          }
        },
        "rumSpeedIndex": {
          "median": 2503,
          "mean": 2541,
          "mdev": 164.0896,
          "stddev": 284,
          "min": 2214,
          "p10": 2214,
          "p90": 2907,
          "p99": 2907,
          "max": 2907
        },
        "timeToContentfulPaint": {
          "median": 4317,
          "mean": 4255,
          "mdev": 178.7937,
          "stddev": 310,
          "min": 3849,
          "p10": 3849,
          "p90": 4600,
          "p99": 4600,
          "max": 4600
        },
        "timeToDomContentFlushed": {
          "median": 4118,
          "mean": 4054,
          "mdev": 179.8829,
          "stddev": 312,
          "min": 3644,
          "p10": 3644,
          "p90": 4399,
          "p99": 4399,
          "max": 4399
        },
        "userTimings": {
          "marks": {
            "gpt-tag-load": {
              "median": 8056,
              "mean": 8014,
              "mdev": 191.6234,
              "stddev": 332,
              "min": 7588,
              "p10": 7588,
              "p90": 8398,
              "p99": 8398,
              "max": 8398
            },
            "gpt-first-ad-request": {
              "median": 9701,
              "mean": 9516,
              "mdev": 300.4897,
              "stddev": 520,
              "min": 8807,
              "p10": 8807,
              "p90": 10041,
              "p99": 10041,
              "max": 10041
            },
            "gpt-first-ad-render": {
              "median": 10766,
              "mean": 10674,
              "mdev": 270.7513,
              "stddev": 469,
              "min": 10060,
              "p10": 10060,
              "p90": 11197,
              "p99": 11197,
              "max": 11197
            }
          }
        }
      }
    }
  }
]