[
  {
    "info": {
      "browsertime": {
        "version": "8.4.0"
      },
      "url": "https://medium.com/",
      "timestamp": "2021-03-30T08:56:35+04:00",
      "connectivity": {
        "engine": "external",
        "profile": "native"
      },
      "extra": {}
    },
    "files": {
      "video": [],
      "screenshot": [],
      "timeline": [],
      "consoleLog": [],
      "netLog": [],
      "perfLog": []
    },
    "cdp": {
      "performance": []
    },
    "timestamps": [
      "2021-03-30T08:56:07+04:00",
      "2021-03-30T08:56:48+04:00",
      "2021-03-30T08:57:26+04:00"
    ],
    "browserScripts": [
      {
        "browser": {
          "appConstants": {
            "ACCESSIBILITY": true,
            "ANDROID_PACKAGE_NAME": "org.mozilla.firefox",
            "ASAN": false,
            "ASAN_REPORTER": false,
            "BROWSER_CHROME_URL": "chrome://browser/content/browser.xul",
            "DEBUG": false,
            "DEBUG_JS_MODULES": "",
            "DLL_PREFIX": "lib",
            "DLL_SUFFIX": ".so",
            "EARLY_BETA_OR_EARLIER": false,
            "FENNEC_NIGHTLY": false,
            "HAVE_SHELL_SERVICE": false,
            "HAVE_USR_LIB64_DIR": false,
            "MENUBAR_CAN_AUTOHIDE": false,
            "MOZILLA_OFFICIAL": true,
            "MOZ_ALLOW_LEGACY_EXTENSIONS": false,
            "MOZ_ANDROID_ACTIVITY_STREAM": false,
            "MOZ_ANDROID_HISTORY": true,
            "MOZ_ANDROID_MOZILLA_ONLINE": false,
            "MOZ_APP_NAME": "fennec",
            "MOZ_APP_VERSION": "68.1.1",
            "MOZ_APP_VERSION_DISPLAY": "68.1.1",
            "MOZ_BING_API_CLIENTID": "no-bing-api-clientid",
            "MOZ_BING_API_KEY": "no-bing-api-key",
            "MOZ_BITS_DOWNLOAD": false,
            "MOZ_BUILD_APP": "mobile/android",
            "MOZ_CODE_COVERAGE": false,
            "MOZ_CRASHREPORTER": true,
            "MOZ_DATA_REPORTING": true,
            "MOZ_DEV_EDITION": false,
            "MOZ_GECKO_PROFILER": true,
            "MOZ_GOOGLE_LOCATION_SERVICE_API_KEY": "AIzaSyB2h2OuRcUgy5N-5hsZqiPW6sH3n_rptiQ",
            "MOZ_GOOGLE_SAFEBROWSING_API_KEY": "AIzaSyC7jsptDS3am4tPx4r3nxis7IMjBc5Dovo",
            "MOZ_GRAPHENE": false,
            "MOZ_MACBUNDLE_NAME": "Firefox.app",
            "MOZ_MAINTENANCE_SERVICE": false,
            "MOZ_MOZILLA_API_KEY": "3b4d27dd-703d-4094-8398-4de2c763505a",
            "MOZ_NEW_CERT_STORAGE": false,
            "MOZ_NEW_NOTIFICATION_STORE": false,
            "MOZ_NEW_XULSTORE": false,
            "MOZ_OFFICIAL_BRANDING": false,
            "MOZ_PLACES": false,
            "MOZ_REQUIRE_SIGNING": false,
            "MOZ_SANDBOX": false,
            "MOZ_SERVICES_HEALTHREPORT": true,
            "MOZ_SERVICES_SYNC": false,
            "MOZ_SWITCHBOARD": true,
            "MOZ_SYSTEM_NSS": false,
            "MOZ_TELEMETRY_ON_BY_DEFAULT": false,
            "MOZ_TELEMETRY_REPORTING": true,
            "MOZ_UNSIGNED_SCOPES": 0,
            "MOZ_UPDATER": false,
            "MOZ_UPDATE_CHANNEL": "release",
            "MOZ_WEBRTC": true,
            "MOZ_WIDGET_GTK": false,
            "MOZ_WIDGET_TOOLKIT": "android",
            "NIGHTLY_BUILD": false,
            "OMNIJAR_NAME": "assets/omni.ja",
            "RELEASE_OR_BETA": true,
            "SOURCE_REVISION_URL": "https://hg.mozilla.org/releases/mozilla-esr68/rev/d2e0b9e17b9bc1ef02606c8006b73293f7892ad5",
            "TELEMETRY_PING_FORMAT_VERSION": 4,
            "XP_UNIX": true,
            "isPlatformAndVersionAtLeast": {},
            "isPlatformAndVersionAtMost": {},
            "platform": "android"
          },
          "asyncAppConstants": {
            "ACCESSIBILITY": true,
            "ANDROID_PACKAGE_NAME": "org.mozilla.firefox",
            "ASAN": false,
            "ASAN_REPORTER": false,
            "BROWSER_CHROME_URL": "chrome://browser/content/browser.xul",
            "DEBUG": false,
            "DEBUG_JS_MODULES": "",
            "DLL_PREFIX": "lib",
            "DLL_SUFFIX": ".so",
            "EARLY_BETA_OR_EARLIER": false,
            "FENNEC_NIGHTLY": false,
            "HAVE_SHELL_SERVICE": false,
            "HAVE_USR_LIB64_DIR": false,
            "MENUBAR_CAN_AUTOHIDE": false,
            "MOZILLA_OFFICIAL": true,
            "MOZ_ALLOW_LEGACY_EXTENSIONS": false,
            "MOZ_ANDROID_ACTIVITY_STREAM": false,
            "MOZ_ANDROID_HISTORY": true,
            "MOZ_ANDROID_MOZILLA_ONLINE": false,
            "MOZ_APP_NAME": "fennec",
            "MOZ_APP_VERSION": "68.1.1",
            "MOZ_APP_VERSION_DISPLAY": "68.1.1",
            "MOZ_BING_API_CLIENTID": "no-bing-api-clientid",
            "MOZ_BING_API_KEY": "no-bing-api-key",
            "MOZ_BITS_DOWNLOAD": false,
            "MOZ_BUILD_APP": "mobile/android",
            "MOZ_CODE_COVERAGE": false,
            "MOZ_CRASHREPORTER": true,
            "MOZ_DATA_REPORTING": true,
            "MOZ_DEV_EDITION": false,
            "MOZ_GECKO_PROFILER": true,
            "MOZ_GOOGLE_LOCATION_SERVICE_API_KEY": "AIzaSyB2h2OuRcUgy5N-5hsZqiPW6sH3n_rptiQ",
            "MOZ_GOOGLE_SAFEBROWSING_API_KEY": "AIzaSyC7jsptDS3am4tPx4r3nxis7IMjBc5Dovo",
            "MOZ_GRAPHENE": false,
            "MOZ_MACBUNDLE_NAME": "Firefox.app",
            "MOZ_MAINTENANCE_SERVICE": false,
            "MOZ_MOZILLA_API_KEY": "3b4d27dd-703d-4094-8398-4de2c763505a",
            "MOZ_NEW_CERT_STORAGE": false,
            "MOZ_NEW_NOTIFICATION_STORE": false,
            "MOZ_NEW_XULSTORE": false,
            "MOZ_OFFICIAL_BRANDING": false,
            "MOZ_PLACES": false,
            "MOZ_REQUIRE_SIGNING": false,
            "MOZ_SANDBOX": false,
            "MOZ_SERVICES_HEALTHREPORT": true,
            "MOZ_SERVICES_SYNC": false,
            "MOZ_SWITCHBOARD": true,
            "MOZ_SYSTEM_NSS": false,
            "MOZ_TELEMETRY_ON_BY_DEFAULT": false,
            "MOZ_TELEMETRY_REPORTING": true,
            "MOZ_UNSIGNED_SCOPES": 0,
            "MOZ_UPDATER": false,
            "MOZ_UPDATE_CHANNEL": "release",
            "MOZ_WEBRTC": true,
            "MOZ_WIDGET_GTK": false,
            "MOZ_WIDGET_TOOLKIT": "android",
            "NIGHTLY_BUILD": false,
            "OMNIJAR_NAME": "assets/omni.ja",
            "RELEASE_OR_BETA": true,
            "SOURCE_REVISION_URL": "https://hg.mozilla.org/releases/mozilla-esr68/rev/d2e0b9e17b9bc1ef02606c8006b73293f7892ad5",
            "TELEMETRY_PING_FORMAT_VERSION": 4,
            "XP_UNIX": true,
            "isPlatformAndVersionAtLeast": {},
            "isPlatformAndVersionAtMost": {},
            "platform": "android"
          },
          "userAgent": "Mozilla/5.0 (Android 8.1.0; Mobile; rv:68.0) Gecko/68.0 Firefox/68.0",
          "windowSize": "360x560"
        },
        "pageinfo": {
          "documentHeight": 2441,
          "documentSize": {
            "decodedBodySize": 60123,
            "encodedBodySize": 12563,
            "transferSize": 14154
          },
          "documentTitle": "Medium – Where good ideas find you.",
          "documentWidth": 360,
          "domElements": 644,
          "navigationStartTime": 1617080168129,
          "nextHopProtocol": "h2",
          "resources": {
            "count": 0,
            "duration": 0
          },
          "responsive": true,
          "url": "https://medium.com/",
          "visualElements": {
            "heroes": [
              {
                "filename": "1*F-SidPyetyTu4AuCdxiWeA.png",
                "height": 20,
                "name": "LargestImage",
                "width": 20,
                "x": 80,
                "y": 532
              }
            ],
            "viewport": {
              "height": 560,
              "width": 360
            }
          }
        },
        "timings": {
          "firstPaint": 1926,
          "loadEventEnd": 20579,
          "navigationTiming": {
            "connectStart": 31,
            "domComplete": 20529,
            "domContentLoadedEventEnd": 10132,
            "domContentLoadedEventStart": 10121,
            "domInteractive": 9278,
            "domainLookupEnd": 30,
            "domainLookupStart": 30,
            "duration": 20579,
            "fetchStart": 3,
            "loadEventEnd": 20579,
            "loadEventStart": 20530,
            "redirectEnd": 0,
            "redirectStart": 0,
            "requestStart": 380,
            "responseEnd": 1308,
            "responseStart": 1300,
            "secureConnectionStart": 158,
            "startTime": 0,
            "unloadEventEnd": 0,
            "unloadEventStart": 0,
            "workerStart": 0
          },
          "pageTimings": {
            "backEndTime": 1300,
            "domContentLoadedTime": 10121,
            "domInteractiveTime": 9278,
            "domainLookupTime": 0,
            "frontEndTime": 19221,
            "pageDownloadTime": 8,
            "pageLoadTime": 20530,
            "redirectionTime": 0,
            "serverConnectionTime": 348,
            "serverResponseTime": 929
          },
          "rumSpeedIndex": 1300,
          "timeToContentfulPaint": 2147,
          "timeToDomContentFlushed": 9946,
          "userTimings": {
            "marks": [
              {
                "name": "optimizely:blockBegin",
                "startTime": 9380.24
              }
            ],
            "measures": []
          }
        }
      },
      {
        "browser": {
          "appConstants": {
            "ACCESSIBILITY": true,
            "ANDROID_PACKAGE_NAME": "org.mozilla.firefox",
            "ASAN": false,
            "ASAN_REPORTER": false,
            "BROWSER_CHROME_URL": "chrome://browser/content/browser.xul",
            "DEBUG": false,
            "DEBUG_JS_MODULES": "",
            "DLL_PREFIX": "lib",
            "DLL_SUFFIX": ".so",
            "EARLY_BETA_OR_EARLIER": false,
            "FENNEC_NIGHTLY": false,
            "HAVE_SHELL_SERVICE": false,
            "HAVE_USR_LIB64_DIR": false,
            "MENUBAR_CAN_AUTOHIDE": false,
            "MOZILLA_OFFICIAL": true,
            "MOZ_ALLOW_LEGACY_EXTENSIONS": false,
            "MOZ_ANDROID_ACTIVITY_STREAM": false,
            "MOZ_ANDROID_HISTORY": true,
            "MOZ_ANDROID_MOZILLA_ONLINE": false,
            "MOZ_APP_NAME": "fennec",
            "MOZ_APP_VERSION": "68.1.1",
            "MOZ_APP_VERSION_DISPLAY": "68.1.1",
            "MOZ_BING_API_CLIENTID": "no-bing-api-clientid",
            "MOZ_BING_API_KEY": "no-bing-api-key",
            "MOZ_BITS_DOWNLOAD": false,
            "MOZ_BUILD_APP": "mobile/android",
            "MOZ_CODE_COVERAGE": false,
            "MOZ_CRASHREPORTER": true,
            "MOZ_DATA_REPORTING": true,
            "MOZ_DEV_EDITION": false,
            "MOZ_GECKO_PROFILER": true,
            "MOZ_GOOGLE_LOCATION_SERVICE_API_KEY": "AIzaSyB2h2OuRcUgy5N-5hsZqiPW6sH3n_rptiQ",
            "MOZ_GOOGLE_SAFEBROWSING_API_KEY": "AIzaSyC7jsptDS3am4tPx4r3nxis7IMjBc5Dovo",
            "MOZ_GRAPHENE": false,
            "MOZ_MACBUNDLE_NAME": "Firefox.app",
            "MOZ_MAINTENANCE_SERVICE": false,
            "MOZ_MOZILLA_API_KEY": "3b4d27dd-703d-4094-8398-4de2c763505a",
            "MOZ_NEW_CERT_STORAGE": false,
            "MOZ_NEW_NOTIFICATION_STORE": false,
            "MOZ_NEW_XULSTORE": false,
            "MOZ_OFFICIAL_BRANDING": false,
            "MOZ_PLACES": false,
            "MOZ_REQUIRE_SIGNING": false,
            "MOZ_SANDBOX": false,
            "MOZ_SERVICES_HEALTHREPORT": true,
            "MOZ_SERVICES_SYNC": false,
            "MOZ_SWITCHBOARD": true,
            "MOZ_SYSTEM_NSS": false,
            "MOZ_TELEMETRY_ON_BY_DEFAULT": false,
            "MOZ_TELEMETRY_REPORTING": true,
            "MOZ_UNSIGNED_SCOPES": 0,
            "MOZ_UPDATER": false,
            "MOZ_UPDATE_CHANNEL": "release",
            "MOZ_WEBRTC": true,
            "MOZ_WIDGET_GTK": false,
            "MOZ_WIDGET_TOOLKIT": "android",
            "NIGHTLY_BUILD": false,
            "OMNIJAR_NAME": "assets/omni.ja",
            "RELEASE_OR_BETA": true,
            "SOURCE_REVISION_URL": "https://hg.mozilla.org/releases/mozilla-esr68/rev/d2e0b9e17b9bc1ef02606c8006b73293f7892ad5",
            "TELEMETRY_PING_FORMAT_VERSION": 4,
            "XP_UNIX": true,
            "isPlatformAndVersionAtLeast": {},
            "isPlatformAndVersionAtMost": {},
            "platform": "android"
          },
          "asyncAppConstants": {
            "ACCESSIBILITY": true,
            "ANDROID_PACKAGE_NAME": "org.mozilla.firefox",
            "ASAN": false,
            "ASAN_REPORTER": false,
            "BROWSER_CHROME_URL": "chrome://browser/content/browser.xul",
            "DEBUG": false,
            "DEBUG_JS_MODULES": "",
            "DLL_PREFIX": "lib",
            "DLL_SUFFIX": ".so",
            "EARLY_BETA_OR_EARLIER": false,
            "FENNEC_NIGHTLY": false,
            "HAVE_SHELL_SERVICE": false,
            "HAVE_USR_LIB64_DIR": false,
            "MENUBAR_CAN_AUTOHIDE": false,
            "MOZILLA_OFFICIAL": true,
            "MOZ_ALLOW_LEGACY_EXTENSIONS": false,
            "MOZ_ANDROID_ACTIVITY_STREAM": false,
            "MOZ_ANDROID_HISTORY": true,
            "MOZ_ANDROID_MOZILLA_ONLINE": false,
            "MOZ_APP_NAME": "fennec",
            "MOZ_APP_VERSION": "68.1.1",
            "MOZ_APP_VERSION_DISPLAY": "68.1.1",
            "MOZ_BING_API_CLIENTID": "no-bing-api-clientid",
            "MOZ_BING_API_KEY": "no-bing-api-key",
            "MOZ_BITS_DOWNLOAD": false,
            "MOZ_BUILD_APP": "mobile/android",
            "MOZ_CODE_COVERAGE": false,
            "MOZ_CRASHREPORTER": true,
            "MOZ_DATA_REPORTING": true,
            "MOZ_DEV_EDITION": false,
            "MOZ_GECKO_PROFILER": true,
            "MOZ_GOOGLE_LOCATION_SERVICE_API_KEY": "AIzaSyB2h2OuRcUgy5N-5hsZqiPW6sH3n_rptiQ",
            "MOZ_GOOGLE_SAFEBROWSING_API_KEY": "AIzaSyC7jsptDS3am4tPx4r3nxis7IMjBc5Dovo",
            "MOZ_GRAPHENE": false,
            "MOZ_MACBUNDLE_NAME": "Firefox.app",
            "MOZ_MAINTENANCE_SERVICE": false,
            "MOZ_MOZILLA_API_KEY": "3b4d27dd-703d-4094-8398-4de2c763505a",
            "MOZ_NEW_CERT_STORAGE": false,
            "MOZ_NEW_NOTIFICATION_STORE": false,
            "MOZ_NEW_XULSTORE": false,
            "MOZ_OFFICIAL_BRANDING": false,
            "MOZ_PLACES": false,
            "MOZ_REQUIRE_SIGNING": false,
            "MOZ_SANDBOX": false,
            "MOZ_SERVICES_HEALTHREPORT": true,
            "MOZ_SERVICES_SYNC": false,
            "MOZ_SWITCHBOARD": true,
            "MOZ_SYSTEM_NSS": false,
            "MOZ_TELEMETRY_ON_BY_DEFAULT": false,
            "MOZ_TELEMETRY_REPORTING": true,
            "MOZ_UNSIGNED_SCOPES": 0,
            "MOZ_UPDATER": false,
            "MOZ_UPDATE_CHANNEL": "release",
            "MOZ_WEBRTC": true,
            "MOZ_WIDGET_GTK": false,
            "MOZ_WIDGET_TOOLKIT": "android",
            "NIGHTLY_BUILD": false,
            "OMNIJAR_NAME": "assets/omni.ja",
            "RELEASE_OR_BETA": true,
            "SOURCE_REVISION_URL": "https://hg.mozilla.org/releases/mozilla-esr68/rev/d2e0b9e17b9bc1ef02606c8006b73293f7892ad5",
            "TELEMETRY_PING_FORMAT_VERSION": 4,
            "XP_UNIX": true,
            "isPlatformAndVersionAtLeast": {},
            "isPlatformAndVersionAtMost": {},
            "platform": "android"
          },
          "userAgent": "Mozilla/5.0 (Android 8.1.0; Mobile; rv:68.0) Gecko/68.0 Firefox/68.0",
          "windowSize": "360x560"
        },
        "pageinfo": {
          "documentHeight": 2441,
          "documentSize": {
            "decodedBodySize": 60189,
            "encodedBodySize": 12654,
            "transferSize": 14289
          },
          "documentTitle": "Medium – Where good ideas find you.",
          "documentWidth": 360,
          "domElements": 643,
          "navigationStartTime": 1617080208546,
          "nextHopProtocol": "h2",
          "resources": {
            "count": 0,
            "duration": 0
          },
          "responsive": true,
          "url": "https://medium.com/",
          "visualElements": {
            "heroes": [
              {
                "filename": "1*F-SidPyetyTu4AuCdxiWeA.png",
                "height": 20,
                "name": "LargestImage",
                "width": 20,
                "x": 80,
                "y": 532
              }
            ],
            "viewport": {
              "height": 560,
              "width": 360
            }
          }
        },
        "timings": {
          "firstPaint": 1930,
          "loadEventEnd": 20760,
          "navigationTiming": {
            "connectStart": 44,
            "domComplete": 20714,
            "domContentLoadedEventEnd": 11629,
            "domContentLoadedEventStart": 11610,
            "domInteractive": 10799,
            "domainLookupEnd": 43,
            "domainLookupStart": 43,
            "duration": 20760,
            "fetchStart": 3,
            "loadEventEnd": 20760,
            "loadEventStart": 20715,
            "redirectEnd": 0,
            "redirectStart": 0,
            "requestStart": 477,
            "responseEnd": 1301,
            "responseStart": 1297,
            "secureConnectionStart": 215,
            "startTime": 0,
            "unloadEventEnd": 0,
            "unloadEventStart": 0,
            "workerStart": 0
          },
          "pageTimings": {
            "backEndTime": 1297,
            "domContentLoadedTime": 11610,
            "domInteractiveTime": 10799,
            "domainLookupTime": 0,
            "frontEndTime": 19414,
            "pageDownloadTime": 5,
            "pageLoadTime": 20715,
            "redirectionTime": 0,
            "serverConnectionTime": 433,
            "serverResponseTime": 824
          },
          "rumSpeedIndex": 1296,
          "timeToContentfulPaint": 2178,
          "timeToDomContentFlushed": 11380,
          "userTimings": {
            "marks": [
              {
                "name": "optimizely:blockBegin",
                "startTime": 10902.56
              }
            ],
            "measures": []
          }
        }
      },
      {
        "browser": {
          "appConstants": {
            "ACCESSIBILITY": true,
            "ANDROID_PACKAGE_NAME": "org.mozilla.firefox",
            "ASAN": false,
            "ASAN_REPORTER": false,
            "BROWSER_CHROME_URL": "chrome://browser/content/browser.xul",
            "DEBUG": false,
            "DEBUG_JS_MODULES": "",
            "DLL_PREFIX": "lib",
            "DLL_SUFFIX": ".so",
            "EARLY_BETA_OR_EARLIER": false,
            "FENNEC_NIGHTLY": false,
            "HAVE_SHELL_SERVICE": false,
            "HAVE_USR_LIB64_DIR": false,
            "MENUBAR_CAN_AUTOHIDE": false,
            "MOZILLA_OFFICIAL": true,
            "MOZ_ALLOW_LEGACY_EXTENSIONS": false,
            "MOZ_ANDROID_ACTIVITY_STREAM": false,
            "MOZ_ANDROID_HISTORY": true,
            "MOZ_ANDROID_MOZILLA_ONLINE": false,
            "MOZ_APP_NAME": "fennec",
            "MOZ_APP_VERSION": "68.1.1",
            "MOZ_APP_VERSION_DISPLAY": "68.1.1",
            "MOZ_BING_API_CLIENTID": "no-bing-api-clientid",
            "MOZ_BING_API_KEY": "no-bing-api-key",
            "MOZ_BITS_DOWNLOAD": false,
            "MOZ_BUILD_APP": "mobile/android",
            "MOZ_CODE_COVERAGE": false,
            "MOZ_CRASHREPORTER": true,
            "MOZ_DATA_REPORTING": true,
            "MOZ_DEV_EDITION": false,
            "MOZ_GECKO_PROFILER": true,
            "MOZ_GOOGLE_LOCATION_SERVICE_API_KEY": "AIzaSyB2h2OuRcUgy5N-5hsZqiPW6sH3n_rptiQ",
            "MOZ_GOOGLE_SAFEBROWSING_API_KEY": "AIzaSyC7jsptDS3am4tPx4r3nxis7IMjBc5Dovo",
            "MOZ_GRAPHENE": false,
            "MOZ_MACBUNDLE_NAME": "Firefox.app",
            "MOZ_MAINTENANCE_SERVICE": false,
            "MOZ_MOZILLA_API_KEY": "3b4d27dd-703d-4094-8398-4de2c763505a",
            "MOZ_NEW_CERT_STORAGE": false,
            "MOZ_NEW_NOTIFICATION_STORE": false,
            "MOZ_NEW_XULSTORE": false,
            "MOZ_OFFICIAL_BRANDING": false,
            "MOZ_PLACES": false,
            "MOZ_REQUIRE_SIGNING": false,
            "MOZ_SANDBOX": false,
            "MOZ_SERVICES_HEALTHREPORT": true,
            "MOZ_SERVICES_SYNC": false,
            "MOZ_SWITCHBOARD": true,
            "MOZ_SYSTEM_NSS": false,
            "MOZ_TELEMETRY_ON_BY_DEFAULT": false,
            "MOZ_TELEMETRY_REPORTING": true,
            "MOZ_UNSIGNED_SCOPES": 0,
            "MOZ_UPDATER": false,
            "MOZ_UPDATE_CHANNEL": "release",
            "MOZ_WEBRTC": true,
            "MOZ_WIDGET_GTK": false,
            "MOZ_WIDGET_TOOLKIT": "android",
            "NIGHTLY_BUILD": false,
            "OMNIJAR_NAME": "assets/omni.ja",
            "RELEASE_OR_BETA": true,
            "SOURCE_REVISION_URL": "https://hg.mozilla.org/releases/mozilla-esr68/rev/d2e0b9e17b9bc1ef02606c8006b73293f7892ad5",
            "TELEMETRY_PING_FORMAT_VERSION": 4,
            "XP_UNIX": true,
            "isPlatformAndVersionAtLeast": {},
            "isPlatformAndVersionAtMost": {},
            "platform": "android"
          },
          "asyncAppConstants": {
            "ACCESSIBILITY": true,
            "ANDROID_PACKAGE_NAME": "org.mozilla.firefox",
            "ASAN": false,
            "ASAN_REPORTER": false,
            "BROWSER_CHROME_URL": "chrome://browser/content/browser.xul",
            "DEBUG": false,
            "DEBUG_JS_MODULES": "",
            "DLL_PREFIX": "lib",
            "DLL_SUFFIX": ".so",
            "EARLY_BETA_OR_EARLIER": false,
            "FENNEC_NIGHTLY": false,
            "HAVE_SHELL_SERVICE": false,
            "HAVE_USR_LIB64_DIR": false,
            "MENUBAR_CAN_AUTOHIDE": false,
            "MOZILLA_OFFICIAL": true,
            "MOZ_ALLOW_LEGACY_EXTENSIONS": false,
            "MOZ_ANDROID_ACTIVITY_STREAM": false,
            "MOZ_ANDROID_HISTORY": true,
            "MOZ_ANDROID_MOZILLA_ONLINE": false,
            "MOZ_APP_NAME": "fennec",
            "MOZ_APP_VERSION": "68.1.1",
            "MOZ_APP_VERSION_DISPLAY": "68.1.1",
            "MOZ_BING_API_CLIENTID": "no-bing-api-clientid",
            "MOZ_BING_API_KEY": "no-bing-api-key",
            "MOZ_BITS_DOWNLOAD": false,
            "MOZ_BUILD_APP": "mobile/android",
            "MOZ_CODE_COVERAGE": false,
            "MOZ_CRASHREPORTER": true,
            "MOZ_DATA_REPORTING": true,
            "MOZ_DEV_EDITION": false,
            "MOZ_GECKO_PROFILER": true,
            "MOZ_GOOGLE_LOCATION_SERVICE_API_KEY": "AIzaSyB2h2OuRcUgy5N-5hsZqiPW6sH3n_rptiQ",
            "MOZ_GOOGLE_SAFEBROWSING_API_KEY": "AIzaSyC7jsptDS3am4tPx4r3nxis7IMjBc5Dovo",
            "MOZ_GRAPHENE": false,
            "MOZ_MACBUNDLE_NAME": "Firefox.app",
            "MOZ_MAINTENANCE_SERVICE": false,
            "MOZ_MOZILLA_API_KEY": "3b4d27dd-703d-4094-8398-4de2c763505a",
            "MOZ_NEW_CERT_STORAGE": false,
            "MOZ_NEW_NOTIFICATION_STORE": false,
            "MOZ_NEW_XULSTORE": false,
            "MOZ_OFFICIAL_BRANDING": false,
            "MOZ_PLACES": false,
            "MOZ_REQUIRE_SIGNING": false,
            "MOZ_SANDBOX": false,
            "MOZ_SERVICES_HEALTHREPORT": true,
            "MOZ_SERVICES_SYNC": false,
            "MOZ_SWITCHBOARD": true,
            "MOZ_SYSTEM_NSS": false,
            "MOZ_TELEMETRY_ON_BY_DEFAULT": false,
            "MOZ_TELEMETRY_REPORTING": true,
            "MOZ_UNSIGNED_SCOPES": 0,
            "MOZ_UPDATER": false,
            "MOZ_UPDATE_CHANNEL": "release",
            "MOZ_WEBRTC": true,
            "MOZ_WIDGET_GTK": false,
            "MOZ_WIDGET_TOOLKIT": "android",
            "NIGHTLY_BUILD": false,
            "OMNIJAR_NAME": "assets/omni.ja",
            "RELEASE_OR_BETA": true,
            "SOURCE_REVISION_URL": "https://hg.mozilla.org/releases/mozilla-esr68/rev/d2e0b9e17b9bc1ef02606c8006b73293f7892ad5",
            "TELEMETRY_PING_FORMAT_VERSION": 4,
            "XP_UNIX": true,
            "isPlatformAndVersionAtLeast": {},
            "isPlatformAndVersionAtMost": {},
            "platform": "android"
          },
          "userAgent": "Mozilla/5.0 (Android 8.1.0; Mobile; rv:68.0) Gecko/68.0 Firefox/68.0",
          "windowSize": "360x560"
        },
        "pageinfo": {
          "documentHeight": 2441,
          "documentSize": {
            "decodedBodySize": 60350,
            "encodedBodySize": 12574,
            "transferSize": 14165
          },
          "documentTitle": "Medium – Where good ideas find you.",
          "documentWidth": 360,
          "domElements": 644,
          "navigationStartTime": 1617080246379,
          "nextHopProtocol": "h2",
          "resources": {
            "count": 0,
            "duration": 0
          },
          "responsive": true,
          "url": "https://medium.com/",
          "visualElements": {
            "heroes": [
              {
                "filename": "1*F-SidPyetyTu4AuCdxiWeA.png",
                "height": 20,
                "name": "LargestImage",
                "width": 20,
                "x": 80,
                "y": 532
              }
            ],
            "viewport": {
              "height": 560,
              "width": 360
            }
          }
        },
        "timings": {
          "firstPaint": 1677,
          "loadEventEnd": 20044,
          "navigationTiming": {
            "connectStart": 8,
            "domComplete": 19994,
            "domContentLoadedEventEnd": 9825,
            "domContentLoadedEventStart": 9811,
            "domInteractive": 9072,
            "domainLookupEnd": 8,
            "domainLookupStart": 8,
            "duration": 20044,
            "fetchStart": 2,
            "loadEventEnd": 20044,
            "loadEventStart": 19995,
            "redirectEnd": 0,
            "redirectStart": 0,
            "requestStart": 343,
            "responseEnd": 1091,
            "responseStart": 1083,
            "secureConnectionStart": 134,
            "startTime": 0,
            "unloadEventEnd": 0,
            "unloadEventStart": 0,
            "workerStart": 0
          },
          "pageTimings": {
            "backEndTime": 1083,
            "domContentLoadedTime": 9811,
            "domInteractiveTime": 9072,
            "domainLookupTime": 0,
            "frontEndTime": 18904,
            "pageDownloadTime": 8,
            "pageLoadTime": 19995,
            "redirectionTime": 0,
            "serverConnectionTime": 334,
            "serverResponseTime": 748
          },
          "rumSpeedIndex": 1083,
          "timeToContentfulPaint": 1906,
          "timeToDomContentFlushed": 9675,
          "userTimings": {
            "marks": [
              {
                "name": "optimizely:blockBegin",
                "startTime": 9173.18
              }
            ],
            "measures": []
          }
        }
      }
    ],
    "visualMetrics": [],
    "cpu": [],
    "extras": [
      {},
      {},
      {}
    ],
    "fullyLoaded": [],
    "errors": [
      [],
      [],
      []
    ],
    "statistics": {
      "browser": {
        "appConstants": {
          "MOZ_UNSIGNED_SCOPES": {
            "median": 0,
            "mean": 0,
            "mdev": 0,
            "stddev": 0,
            "min": 0,
            "p10": 0,
            "p90": 0,
            "p99": 0,
            "max": 0
          },
          "TELEMETRY_PING_FORMAT_VERSION": {
            "median": 4,
            "mean": 4,
            "mdev": 0,
            "stddev": 0,
            "min": 4,
            "p10": 4,
            "p90": 4,
            "p99": 4,
            "max": 4
          }
        },
        "asyncAppConstants": {
          "MOZ_UNSIGNED_SCOPES": {
            "median": 0,
            "mean": 0,
            "mdev": 0,
            "stddev": 0,
            "min": 0,
            "p10": 0,
            "p90": 0,
            "p99": 0,
            "max": 0
          },
          "TELEMETRY_PING_FORMAT_VERSION": {
            "median": 4,
            "mean": 4,
            "mdev": 0,
            "stddev": 0,
            "min": 4,
            "p10": 4,
            "p90": 4,
            "p99": 4,
            "max": 4
          }
        }
      },
      "pageinfo": {
        "documentHeight": {
          "median": 2441,
          "mean": 2441,
          "mdev": 0,
          "stddev": 0,
          "min": 2441,
          "p10": 2441,
          "p90": 2441,
          "p99": 2441,
          "max": 2441
        },
        "documentSize": {
          "decodedBodySize": {
            "median": 60189,
            "mean": 60221,
            "mdev": 55.0441,
            "stddev": 95,
            "min": 60123,
            "p10": 60123,
            "p90": 60350,
            "p99": 60350,
            "max": 60350
          },
          "encodedBodySize": {
            "median": 12574,
            "mean": 12597,
            "mdev": 23.4141,
            "stddev": 41,
            "min": 12563,
            "p10": 12563,
            "p90": 12654,
            "p99": 12654,
            "max": 12654
          },
          "transferSize": {
            "median": 14165,
            "mean": 14203,
            "mdev": 35.3407,
            "stddev": 61,
            "min": 14154,
            "p10": 14154,
            "p90": 14289,
            "p99": 14289,
            "max": 14289
          }
        },
        "documentWidth": {
          "median": 360,
          "mean": 360,
          "mdev": 0,
          "stddev": 0,
          "min": 360,
          "p10": 360,
          "p90": 360,
          "p99": 360,
          "max": 360
        },
        "domElements": {
          "median": 644,
          "mean": 644,
          "mdev": 0.2722,
          "stddev": 0,
          "min": 643,
          "p10": 643,
          "p90": 644,
          "p99": 644,
          "max": 644
        },
        "navigationStartTime": {
          "median": 1617080208546,
          "mean": 1617080207685,
          "mdev": 21845.3333,
          "stddev": 37837,
          "min": 1617080168129,
          "p10": 1617080168129,
          "p90": 1617080246379,
          "p99": 1617080246379,
          "max": 1617080246379
        },
        "resources": {
          "count": {
            "median": 0,
            "mean": 0,
            "mdev": 0,
            "stddev": 0,
            "min": 0,
            "p10": 0,
            "p90": 0,
            "p99": 0,
            "max": 0
          },
          "duration": {
            "median": 0,
            "mean": 0,
            "mdev": 0,
            "stddev": 0,
            "min": 0,
            "p10": 0,
            "p90": 0,
            "p99": 0,
            "max": 0
          }
        },
        "visualElements": {
          "heroes": [
            {
              "height": {
                "median": 20,
                "mean": 20,
                "mdev": 0,
                "stddev": 0,
                "min": 20,
                "p10": 20,
                "p90": 20,
                "p99": 20,
                "max": 20
              },
              "width": {
                "median": 20,
                "mean": 20,
                "mdev": 0,
                "stddev": 0,
                "min": 20,
                "p10": 20,
                "p90": 20,
                "p99": 20,
                "max": 20
              },
              "x": {
                "median": 80,
                "mean": 80,
                "mdev": 0,
                "stddev": 0,
                "min": 80,
                "p10": 80,
                "p90": 80,
                "p99": 80,
                "max": 80
              },
              "y": {
                "median": 532,
                "mean": 532,
                "mdev": 0,
                "stddev": 0,
                "min": 532,
                "p10": 532,
                "p90": 532,
                "p99": 532,
                "max": 532
              }
            }
          ],
          "viewport": {
            "height": {
              "median": 560,
              "mean": 560,
              "mdev": 0,
              "stddev": 0,
              "min": 560,
              "p10": 560,
              "p90": 560,
              "p99": 560,
              "max": 560
            },
            "width": {
              "median": 360,
              "mean": 360,
              "mdev": 0,
              "stddev": 0,
              "min": 360,
              "p10": 360,
              "p90": 360,
              "p99": 360,
              "max": 360
            }
          }
        }
      },
      "timings": {
        "firstPaint": {
          "median": 1926,
          "mean": 1844,
          "mdev": 68.3201,
          "stddev": 118,
          "min": 1677,
          "p10": 1677,
          "p90": 1930,
          "p99": 1930,
          "max": 1930
        },
        "loadEventEnd": {
          "median": 20579,
          "mean": 20461,
          "mdev": 175.5037,
          "stddev": 304,
          "min": 20044,
          "p10": 20044,
          "p90": 20760,
          "p99": 20760,
          "max": 20760
        },
        "navigationTiming": {
          "connectStart": {
            "median": 31,
            "mean": 28,
            "mdev": 8.5937,
            "stddev": 15,
            "min": 8,
            "p10": 8,
            "p90": 44,
            "p99": 44,
            "max": 44
          },
          "domComplete": {
            "median": 20529,
            "mean": 20412,
            "mdev": 176.2626,
            "stddev": 305,
            "min": 19994,
            "p10": 19994,
            "p90": 20714,
            "p99": 20714,
            "max": 20714
          },
          "domContentLoadedEventEnd": {
            "median": 10132,
            "mean": 10529,
            "mdev": 455,
            "stddev": 788,
            "min": 9825,
            "p10": 9825,
            "p90": 11629,
            "p99": 11629,
            "max": 11629
          },
          "domContentLoadedEventStart": {
            "median": 10121,
            "mean": 10514,
            "mdev": 453.3669,
            "stddev": 785,
            "min": 9811,
            "p10": 9811,
            "p90": 11610,
            "p99": 11610,
            "max": 11610
          },
          "domInteractive": {
            "median": 9278,
            "mean": 9716,
            "mdev": 444.6558,
            "stddev": 770,
            "min": 9072,
            "p10": 9072,
            "p90": 10799,
            "p99": 10799,
            "max": 10799
          },
          "domainLookupEnd": {
            "median": 30,
            "mean": 27,
            "mdev": 8.34,
            "stddev": 14,
            "min": 8,
            "p10": 8,
            "p90": 43,
            "p99": 43,
            "max": 43
          },
          "domainLookupStart": {
            "median": 30,
            "mean": 27,
            "mdev": 8.34,
            "stddev": 14,
            "min": 8,
            "p10": 8,
            "p90": 43,
            "p99": 43,
            "max": 43
          },
          "duration": {
            "median": 20579,
            "mean": 20461,
            "mdev": 175.5037,
            "stddev": 304,
            "min": 20044,
            "p10": 20044,
            "p90": 20760,
            "p99": 20760,
            "max": 20760
          },
          "fetchStart": {
            "median": 3,
            "mean": 3,
            "mdev": 0.2722,
            "stddev": 0,
            "min": 2,
            "p10": 2,
            "p90": 3,
            "p99": 3,
            "max": 3
          },
          "loadEventEnd": {
            "median": 20579,
            "mean": 20461,
            "mdev": 175.5037,
            "stddev": 304,
            "min": 20044,
            "p10": 20044,
            "p90": 20760,
            "p99": 20760,
            "max": 20760
          },
          "loadEventStart": {
            "median": 20530,
            "mean": 20413,
            "mdev": 176.2626,
            "stddev": 305,
            "min": 19995,
            "p10": 19995,
            "p90": 20715,
            "p99": 20715,
            "max": 20715
          },
          "redirectEnd": {
            "median": 0,
            "mean": 0,
            "mdev": 0,
            "stddev": 0,
            "min": 0,
            "p10": 0,
            "p90": 0,
            "p99": 0,
            "max": 0
          },
          "redirectStart": {
            "median": 0,
            "mean": 0,
            "mdev": 0,
            "stddev": 0,
            "min": 0,
            "p10": 0,
            "p90": 0,
            "p99": 0,
            "max": 0
          },
          "requestStart": {
            "median": 380,
            "mean": 400,
            "mdev": 32.6224,
            "stddev": 57,
            "min": 343,
            "p10": 343,
            "p90": 477,
            "p99": 477,
            "max": 477
          },
          "responseEnd": {
            "median": 1301,
            "mean": 1233,
            "mdev": 58.1308,
            "stddev": 101,
            "min": 1091,
            "p10": 1091,
            "p90": 1308,
            "p99": 1308,
            "max": 1308
          },
          "responseStart": {
            "median": 1297,
            "mean": 1227,
            "mdev": 58.6559,
            "stddev": 102,
            "min": 1083,
            "p10": 1083,
            "p90": 1300,
            "p99": 1300,
            "max": 1300
          },
          "secureConnectionStart": {
            "median": 158,
            "mean": 169,
            "mdev": 19.6129,
            "stddev": 34,
            "min": 134,
            "p10": 134,
            "p90": 215,
            "p99": 215,
            "max": 215
          },
          "startTime": {
            "median": 0,
            "mean": 0,
            "mdev": 0,
            "stddev": 0,
            "min": 0,
            "p10": 0,
            "p90": 0,
            "p99": 0,
            "max": 0
          },
          "unloadEventEnd": {
            "median": 0,
            "mean": 0,
            "mdev": 0,
            "stddev": 0,
            "min": 0,
            "p10": 0,
            "p90": 0,
            "p99": 0,
            "max": 0
          },
          "unloadEventStart": {
            "median": 0,
            "mean": 0,
            "mdev": 0,
            "stddev": 0,
            "min": 0,
            "p10": 0,
            "p90": 0,
            "p99": 0,
            "max": 0
          },
          "workerStart": {
            "median": 0,
            "mean": 0,
            "mdev": 0,
            "stddev": 0,
            "min": 0,
            "p10": 0,
            "p90": 0,
            "p99": 0,
            "max": 0
          }
        },
        "pageTimings": {
          "backEndTime": {
            "median": 1297,
            "mean": 1227,
            "mdev": 58.6559,
            "stddev": 102,
            "min": 1083,
            "p10": 1083,
            "p90": 1300,
            "p99": 1300,
            "max": 1300
          },
          "domContentLoadedTime": {
            "median": 10121,
            "mean": 10514,
            "mdev": 453.3669,
            "stddev": 785,
            "min": 9811,
            "p10": 9811,
            "p90": 11610,
            "p99": 11610,
            "max": 11610
          },
          "domInteractiveTime": {
            "median": 9278,
            "mean": 9716,
            "mdev": 444.6558,
            "stddev": 770,
            "min": 9072,
            "p10": 9072,
            "p90": 10799,
            "p99": 10799,
            "max": 10799
          },
          "domainLookupTime": {
            "median": 0,
            "mean": 0,
            "mdev": 0,
            "stddev": 0,
            "min": 0,
            "p10": 0,
            "p90": 0,
            "p99": 0,
            "max": 0
          },
          "frontEndTime": {
            "median": 19221,
            "mean": 19180,
            "mdev": 121.3867,
            "stddev": 210,
            "min": 18904,
            "p10": 18904,
            "p90": 19414,
            "p99": 19414,
            "max": 19414
          },
          "pageDownloadTime": {
            "median": 8,
            "mean": 7,
            "mdev": 0.8165,
            "stddev": 1,
            "min": 5,
            "p10": 5,
            "p90": 8,
            "p99": 8,
            "max": 8
          },
          "pageLoadTime": {
            "median": 20530,
            "mean": 20413,
            "mdev": 176.2626,
            "stddev": 305,
            "min": 19995,
            "p10": 19995,
            "p90": 20715,
            "p99": 20715,
            "max": 20715
          },
          "redirectionTime": {
            "median": 0,
            "mean": 0,
            "mdev": 0,
            "stddev": 0,
            "min": 0,
            "p10": 0,
            "p90": 0,
            "p99": 0,
            "max": 0
          },
          "serverConnectionTime": {
            "median": 348,
            "mean": 372,
            "mdev": 25.2557,
            "stddev": 44,
            "min": 334,
            "p10": 334,
            "p90": 433,
            "p99": 433,
            "max": 433
          },
          "serverResponseTime": {
            "median": 824,
            "mean": 834,
            "mdev": 42.8442,
            "stddev": 74,
            "min": 748,
            "p10": 748,
            "p90": 929,
            "p99": 929,
            "max": 929
          }
        },
        "rumSpeedIndex": {
          "median": 1296,
          "mean": 1226,
          "mdev": 58.5232,
          "stddev": 101,
          "min": 1083,
          "p10": 1083,
          "p90": 1300,
          "p99": 1300,
          "max": 1300
        },
        "timeToContentfulPaint": {
          "median": 2147,
          "mean": 2077,
          "mdev": 70.1918,
          "stddev": 122,
          "min": 1906,
          "p10": 1906,
          "p90": 2178,
          "p99": 2178,
          "max": 2178
        },
        "timeToDomContentFlushed": {
          "median": 9946,
          "mean": 10334,
          "mdev": 431.9131,
          "stddev": 748,
          "min": 9675,
          "p10": 9675,
          "p90": 11380,
          "p99": 11380,
          "max": 11380
        },
        "userTimings": {
          "marks": {
            "optimizely:blockBegin": {
              "median": 9380,
              "mean": 9819,
              "mdev": 445.1836,
              "stddev": 771,
              "min": 9173,
              "p10": 9173,
              "p90": 10903,
              "p99": 10903,
              "max": 10903
            }
          }
        }
      }
    }
  }
]