[
  {
    "info": {
      "browsertime": {
        "version": "8.4.0"
      },
      "url": "https://www.nytimes.com/",
      "timestamp": "2021-03-30T07:41:23+04:00",
      "connectivity": {
        "engine": "external",
        "profile": "native"
      },
      "extra": {}
    },
    "files": {
      "video": [],
      "screenshot": [],
      "timeline": [],
      "consoleLog": [],
      "netLog": [],
      "perfLog": []
    },
    "cdp": {
      "performance": []
    },
    "timestamps": [
      "2021-03-30T07:40:37+04:00",
      "2021-03-30T07:41:37+04:00",
      "2021-03-30T07:42:32+04:00"
    ],
    "browserScripts": [
      {
        "browser": {
          "appConstants": {
            "ACCESSIBILITY": true,
            "ANDROID_PACKAGE_NAME": "org.mozilla.firefox",
            "ASAN": false,
            "ASAN_REPORTER": false,
            "BROWSER_CHROME_URL": "chrome://browser/content/browser.xul",
            "DEBUG": false,
            "DEBUG_JS_MODULES": "",
            "DLL_PREFIX": "lib",
            "DLL_SUFFIX": ".so",
            "EARLY_BETA_OR_EARLIER": false,
            "FENNEC_NIGHTLY": false,
            "HAVE_SHELL_SERVICE": false,
            "HAVE_USR_LIB64_DIR": false,
            "MENUBAR_CAN_AUTOHIDE": false,
            "MOZILLA_OFFICIAL": true,
            "MOZ_ALLOW_LEGACY_EXTENSIONS": false,
            "MOZ_ANDROID_ACTIVITY_STREAM": false,
            "MOZ_ANDROID_HISTORY": true,
            "MOZ_ANDROID_MOZILLA_ONLINE": false,
            "MOZ_APP_NAME": "fennec",
            "MOZ_APP_VERSION": "68.1.1",
            "MOZ_APP_VERSION_DISPLAY": "68.1.1",
            "MOZ_BING_API_CLIENTID": "no-bing-api-clientid",
            "MOZ_BING_API_KEY": "no-bing-api-key",
            "MOZ_BITS_DOWNLOAD": false,
            "MOZ_BUILD_APP": "mobile/android",
            "MOZ_CODE_COVERAGE": false,
            "MOZ_CRASHREPORTER": true,
            "MOZ_DATA_REPORTING": true,
            "MOZ_DEV_EDITION": false,
            "MOZ_GECKO_PROFILER": true,
            "MOZ_GOOGLE_LOCATION_SERVICE_API_KEY": "AIzaSyB2h2OuRcUgy5N-5hsZqiPW6sH3n_rptiQ",
            "MOZ_GOOGLE_SAFEBROWSING_API_KEY": "AIzaSyC7jsptDS3am4tPx4r3nxis7IMjBc5Dovo",
            "MOZ_GRAPHENE": false,
            "MOZ_MACBUNDLE_NAME": "Firefox.app",
            "MOZ_MAINTENANCE_SERVICE": false,
            "MOZ_MOZILLA_API_KEY": "3b4d27dd-703d-4094-8398-4de2c763505a",
            "MOZ_NEW_CERT_STORAGE": false,
            "MOZ_NEW_NOTIFICATION_STORE": false,
            "MOZ_NEW_XULSTORE": false,
            "MOZ_OFFICIAL_BRANDING": false,
            "MOZ_PLACES": false,
            "MOZ_REQUIRE_SIGNING": false,
            "MOZ_SANDBOX": false,
            "MOZ_SERVICES_HEALTHREPORT": true,
            "MOZ_SERVICES_SYNC": false,
            "MOZ_SWITCHBOARD": true,
            "MOZ_SYSTEM_NSS": false,
            "MOZ_TELEMETRY_ON_BY_DEFAULT": false,
            "MOZ_TELEMETRY_REPORTING": true,
            "MOZ_UNSIGNED_SCOPES": 0,
            "MOZ_UPDATER": false,
            "MOZ_UPDATE_CHANNEL": "release",
            "MOZ_WEBRTC": true,
            "MOZ_WIDGET_GTK": false,
            "MOZ_WIDGET_TOOLKIT": "android",
            "NIGHTLY_BUILD": false,
            "OMNIJAR_NAME": "assets/omni.ja",
            "RELEASE_OR_BETA": true,
            "SOURCE_REVISION_URL": "https://hg.mozilla.org/releases/mozilla-esr68/rev/d2e0b9e17b9bc1ef02606c8006b73293f7892ad5",
            "TELEMETRY_PING_FORMAT_VERSION": 4,
            "XP_UNIX": true,
            "isPlatformAndVersionAtLeast": {},
            "isPlatformAndVersionAtMost": {},
            "platform": "android"
          },
          "asyncAppConstants": {
            "ACCESSIBILITY": true,
            "ANDROID_PACKAGE_NAME": "org.mozilla.firefox",
            "ASAN": false,
            "ASAN_REPORTER": false,
            "BROWSER_CHROME_URL": "chrome://browser/content/browser.xul",
            "DEBUG": false,
            "DEBUG_JS_MODULES": "",
            "DLL_PREFIX": "lib",
            "DLL_SUFFIX": ".so",
            "EARLY_BETA_OR_EARLIER": false,
            "FENNEC_NIGHTLY": false,
            "HAVE_SHELL_SERVICE": false,
            "HAVE_USR_LIB64_DIR": false,
            "MENUBAR_CAN_AUTOHIDE": false,
            "MOZILLA_OFFICIAL": true,
            "MOZ_ALLOW_LEGACY_EXTENSIONS": false,
            "MOZ_ANDROID_ACTIVITY_STREAM": false,
            "MOZ_ANDROID_HISTORY": true,
            "MOZ_ANDROID_MOZILLA_ONLINE": false,
            "MOZ_APP_NAME": "fennec",
            "MOZ_APP_VERSION": "68.1.1",
            "MOZ_APP_VERSION_DISPLAY": "68.1.1",
            "MOZ_BING_API_CLIENTID": "no-bing-api-clientid",
            "MOZ_BING_API_KEY": "no-bing-api-key",
            "MOZ_BITS_DOWNLOAD": false,
            "MOZ_BUILD_APP": "mobile/android",
            "MOZ_CODE_COVERAGE": false,
            "MOZ_CRASHREPORTER": true,
            "MOZ_DATA_REPORTING": true,
            "MOZ_DEV_EDITION": false,
            "MOZ_GECKO_PROFILER": true,
            "MOZ_GOOGLE_LOCATION_SERVICE_API_KEY": "AIzaSyB2h2OuRcUgy5N-5hsZqiPW6sH3n_rptiQ",
            "MOZ_GOOGLE_SAFEBROWSING_API_KEY": "AIzaSyC7jsptDS3am4tPx4r3nxis7IMjBc5Dovo",
            "MOZ_GRAPHENE": false,
            "MOZ_MACBUNDLE_NAME": "Firefox.app",
            "MOZ_MAINTENANCE_SERVICE": false,
            "MOZ_MOZILLA_API_KEY": "3b4d27dd-703d-4094-8398-4de2c763505a",
            "MOZ_NEW_CERT_STORAGE": false,
            "MOZ_NEW_NOTIFICATION_STORE": false,
            "MOZ_NEW_XULSTORE": false,
            "MOZ_OFFICIAL_BRANDING": false,
            "MOZ_PLACES": false,
            "MOZ_REQUIRE_SIGNING": false,
            "MOZ_SANDBOX": false,
            "MOZ_SERVICES_HEALTHREPORT": true,
            "MOZ_SERVICES_SYNC": false,
            "MOZ_SWITCHBOARD": true,
            "MOZ_SYSTEM_NSS": false,
            "MOZ_TELEMETRY_ON_BY_DEFAULT": false,
            "MOZ_TELEMETRY_REPORTING": true,
            "MOZ_UNSIGNED_SCOPES": 0,
            "MOZ_UPDATER": false,
            "MOZ_UPDATE_CHANNEL": "release",
            "MOZ_WEBRTC": true,
            "MOZ_WIDGET_GTK": false,
            "MOZ_WIDGET_TOOLKIT": "android",
            "NIGHTLY_BUILD": false,
            "OMNIJAR_NAME": "assets/omni.ja",
            "RELEASE_OR_BETA": true,
            "SOURCE_REVISION_URL": "https://hg.mozilla.org/releases/mozilla-esr68/rev/d2e0b9e17b9bc1ef02606c8006b73293f7892ad5",
            "TELEMETRY_PING_FORMAT_VERSION": 4,
            "XP_UNIX": true,
            "isPlatformAndVersionAtLeast": {},
            "isPlatformAndVersionAtMost": {},
            "platform": "android"
          },
          "userAgent": "Mozilla/5.0 (Android 8.1.0; Mobile; rv:68.0) Gecko/68.0 Firefox/68.0",
          "windowSize": "360x560"
        },
        "pageinfo": {
          "documentHeight": 8229,
          "documentSize": {
            "decodedBodySize": 1446725,
            "encodedBodySize": 189421,
            "transferSize": 191127
          },
          "documentTitle": "The New York Times - Breaking News, US News, World News and Videos",
          "documentWidth": 360,
          "domElements": 1436,
          "navigationStartTime": 1617075637993,
          "nextHopProtocol": "h2",
          "resources": {
            "count": 0,
            "duration": 0
          },
          "responsive": true,
          "url": "https://www.nytimes.com/",
          "visualElements": {
            "heroes": [
              {
                "filename": "PM-virus-fader-slide-K34R-square640-v2.jpg",
                "height": 360,
                "name": "LargestImage",
                "width": 360,
                "x": 0,
                "y": 533
              }
            ],
            "viewport": {
              "height": 560,
              "width": 360
            }
          }
        },
        "timings": {
          "firstPaint": 2680,
          "loadEventEnd": 30346,
          "navigationTiming": {
            "connectStart": 230,
            "domComplete": 30308,
            "domContentLoadedEventEnd": 8958,
            "domContentLoadedEventStart": 8930,
            "domInteractive": 6406,
            "domainLookupEnd": 230,
            "domainLookupStart": 230,
            "duration": 30346,
            "fetchStart": 5,
            "loadEventEnd": 30346,
            "loadEventStart": 30310,
            "redirectEnd": 0,
            "redirectStart": 0,
            "requestStart": 317,
            "responseEnd": 329,
            "responseStart": 329,
            "secureConnectionStart": 243,
            "startTime": 0,
            "unloadEventEnd": 0,
            "unloadEventStart": 0,
            "workerStart": 0
          },
          "pageTimings": {
            "backEndTime": 329,
            "domContentLoadedTime": 8930,
            "domInteractiveTime": 6406,
            "domainLookupTime": 0,
            "frontEndTime": 29981,
            "pageDownloadTime": 0,
            "pageLoadTime": 30310,
            "redirectionTime": 0,
            "serverConnectionTime": 86,
            "serverResponseTime": 12
          },
          "rumSpeedIndex": 329,
          "timeToContentfulPaint": 2981,
          "timeToDomContentFlushed": 8441,
          "userTimings": {
            "marks": [
              {
                "name": "timeToBundle",
                "startTime": 7180.04
              },
              {
                "name": "timeToRouter",
                "startTime": 7980.88
              },
              {
                "name": "timeToRender",
                "startTime": 7980.92
              },
              {
                "name": "gpt-tag-load",
                "startTime": 9246.98
              },
              {
                "name": "start-appRenderTime",
                "startTime": 12377.78
              },
              {
                "name": "start-homeRenderTime",
                "startTime": 12427.82
              },
              {
                "name": "meter-start",
                "startTime": 17805.62
              },
              {
                "name": "dfp-ad-mid1-timeDefined",
                "startTime": 17944.82
              },
              {
                "name": "dfp-ad-mid2-small-timeDefined",
                "startTime": 18131.5
              },
              {
                "name": "timeToRenderEnd",
                "startTime": 18237.1
              },
              {
                "name": "end-homeRenderTime",
                "startTime": 18312.28
              },
              {
                "name": "end-appRenderTime",
                "startTime": 18321.56
              },
              {
                "name": "meter-end",
                "startTime": 29969.34
              }
            ],
            "measures": [
              {
                "duration": 17615.82,
                "name": "dfp-ad-mid1-timeDefined",
                "startTime": 329
              },
              {
                "duration": 17802.5,
                "name": "dfp-ad-mid2-small-timeDefined",
                "startTime": 329
              },
              {
                "duration": 0.03999999999996362,
                "name": "routerMatchTime",
                "startTime": 7980.88
              },
              {
                "duration": 10256.180000000002,
                "name": "renderTime",
                "startTime": 7980.92
              },
              {
                "duration": 5943.780000000001,
                "name": "appRenderTime",
                "startTime": 12377.78
              },
              {
                "duration": 5884.459999999999,
                "name": "homeRenderTime",
                "startTime": 12427.82
              },
              {
                "duration": 12163.72,
                "name": "meter",
                "startTime": 17805.62
              }
            ]
          }
        }
      },
      {
        "browser": {
          "appConstants": {
            "ACCESSIBILITY": true,
            "ANDROID_PACKAGE_NAME": "org.mozilla.firefox",
            "ASAN": false,
            "ASAN_REPORTER": false,
            "BROWSER_CHROME_URL": "chrome://browser/content/browser.xul",
            "DEBUG": false,
            "DEBUG_JS_MODULES": "",
            "DLL_PREFIX": "lib",
            "DLL_SUFFIX": ".so",
            "EARLY_BETA_OR_EARLIER": false,
            "FENNEC_NIGHTLY": false,
            "HAVE_SHELL_SERVICE": false,
            "HAVE_USR_LIB64_DIR": false,
            "MENUBAR_CAN_AUTOHIDE": false,
            "MOZILLA_OFFICIAL": true,
            "MOZ_ALLOW_LEGACY_EXTENSIONS": false,
            "MOZ_ANDROID_ACTIVITY_STREAM": false,
            "MOZ_ANDROID_HISTORY": true,
            "MOZ_ANDROID_MOZILLA_ONLINE": false,
            "MOZ_APP_NAME": "fennec",
            "MOZ_APP_VERSION": "68.1.1",
            "MOZ_APP_VERSION_DISPLAY": "68.1.1",
            "MOZ_BING_API_CLIENTID": "no-bing-api-clientid",
            "MOZ_BING_API_KEY": "no-bing-api-key",
            "MOZ_BITS_DOWNLOAD": false,
            "MOZ_BUILD_APP": "mobile/android",
            "MOZ_CODE_COVERAGE": false,
            "MOZ_CRASHREPORTER": true,
            "MOZ_DATA_REPORTING": true,
            "MOZ_DEV_EDITION": false,
            "MOZ_GECKO_PROFILER": true,
            "MOZ_GOOGLE_LOCATION_SERVICE_API_KEY": "AIzaSyB2h2OuRcUgy5N-5hsZqiPW6sH3n_rptiQ",
            "MOZ_GOOGLE_SAFEBROWSING_API_KEY": "AIzaSyC7jsptDS3am4tPx4r3nxis7IMjBc5Dovo",
            "MOZ_GRAPHENE": false,
            "MOZ_MACBUNDLE_NAME": "Firefox.app",
            "MOZ_MAINTENANCE_SERVICE": false,
            "MOZ_MOZILLA_API_KEY": "3b4d27dd-703d-4094-8398-4de2c763505a",
            "MOZ_NEW_CERT_STORAGE": false,
            "MOZ_NEW_NOTIFICATION_STORE": false,
            "MOZ_NEW_XULSTORE": false,
            "MOZ_OFFICIAL_BRANDING": false,
            "MOZ_PLACES": false,
            "MOZ_REQUIRE_SIGNING": false,
            "MOZ_SANDBOX": false,
            "MOZ_SERVICES_HEALTHREPORT": true,
            "MOZ_SERVICES_SYNC": false,
            "MOZ_SWITCHBOARD": true,
            "MOZ_SYSTEM_NSS": false,
            "MOZ_TELEMETRY_ON_BY_DEFAULT": false,
            "MOZ_TELEMETRY_REPORTING": true,
            "MOZ_UNSIGNED_SCOPES": 0,
            "MOZ_UPDATER": false,
            "MOZ_UPDATE_CHANNEL": "release",
            "MOZ_WEBRTC": true,
            "MOZ_WIDGET_GTK": false,
            "MOZ_WIDGET_TOOLKIT": "android",
            "NIGHTLY_BUILD": false,
            "OMNIJAR_NAME": "assets/omni.ja",
            "RELEASE_OR_BETA": true,
            "SOURCE_REVISION_URL": "https://hg.mozilla.org/releases/mozilla-esr68/rev/d2e0b9e17b9bc1ef02606c8006b73293f7892ad5",
            "TELEMETRY_PING_FORMAT_VERSION": 4,
            "XP_UNIX": true,
            "isPlatformAndVersionAtLeast": {},
            "isPlatformAndVersionAtMost": {},
            "platform": "android"
          },
          "asyncAppConstants": {
            "ACCESSIBILITY": true,
            "ANDROID_PACKAGE_NAME": "org.mozilla.firefox",
            "ASAN": false,
            "ASAN_REPORTER": false,
            "BROWSER_CHROME_URL": "chrome://browser/content/browser.xul",
            "DEBUG": false,
            "DEBUG_JS_MODULES": "",
            "DLL_PREFIX": "lib",
            "DLL_SUFFIX": ".so",
            "EARLY_BETA_OR_EARLIER": false,
            "FENNEC_NIGHTLY": false,
            "HAVE_SHELL_SERVICE": false,
            "HAVE_USR_LIB64_DIR": false,
            "MENUBAR_CAN_AUTOHIDE": false,
            "MOZILLA_OFFICIAL": true,
            "MOZ_ALLOW_LEGACY_EXTENSIONS": false,
            "MOZ_ANDROID_ACTIVITY_STREAM": false,
            "MOZ_ANDROID_HISTORY": true,
            "MOZ_ANDROID_MOZILLA_ONLINE": false,
            "MOZ_APP_NAME": "fennec",
            "MOZ_APP_VERSION": "68.1.1",
            "MOZ_APP_VERSION_DISPLAY": "68.1.1",
            "MOZ_BING_API_CLIENTID": "no-bing-api-clientid",
            "MOZ_BING_API_KEY": "no-bing-api-key",
            "MOZ_BITS_DOWNLOAD": false,
            "MOZ_BUILD_APP": "mobile/android",
            "MOZ_CODE_COVERAGE": false,
            "MOZ_CRASHREPORTER": true,
            "MOZ_DATA_REPORTING": true,
            "MOZ_DEV_EDITION": false,
            "MOZ_GECKO_PROFILER": true,
            "MOZ_GOOGLE_LOCATION_SERVICE_API_KEY": "AIzaSyB2h2OuRcUgy5N-5hsZqiPW6sH3n_rptiQ",
            "MOZ_GOOGLE_SAFEBROWSING_API_KEY": "AIzaSyC7jsptDS3am4tPx4r3nxis7IMjBc5Dovo",
            "MOZ_GRAPHENE": false,
            "MOZ_MACBUNDLE_NAME": "Firefox.app",
            "MOZ_MAINTENANCE_SERVICE": false,
            "MOZ_MOZILLA_API_KEY": "3b4d27dd-703d-4094-8398-4de2c763505a",
            "MOZ_NEW_CERT_STORAGE": false,
            "MOZ_NEW_NOTIFICATION_STORE": false,
            "MOZ_NEW_XULSTORE": false,
            "MOZ_OFFICIAL_BRANDING": false,
            "MOZ_PLACES": false,
            "MOZ_REQUIRE_SIGNING": false,
            "MOZ_SANDBOX": false,
            "MOZ_SERVICES_HEALTHREPORT": true,
            "MOZ_SERVICES_SYNC": false,
            "MOZ_SWITCHBOARD": true,
            "MOZ_SYSTEM_NSS": false,
            "MOZ_TELEMETRY_ON_BY_DEFAULT": false,
            "MOZ_TELEMETRY_REPORTING": true,
            "MOZ_UNSIGNED_SCOPES": 0,
            "MOZ_UPDATER": false,
            "MOZ_UPDATE_CHANNEL": "release",
            "MOZ_WEBRTC": true,
            "MOZ_WIDGET_GTK": false,
            "MOZ_WIDGET_TOOLKIT": "android",
            "NIGHTLY_BUILD": false,
            "OMNIJAR_NAME": "assets/omni.ja",
            "RELEASE_OR_BETA": true,
            "SOURCE_REVISION_URL": "https://hg.mozilla.org/releases/mozilla-esr68/rev/d2e0b9e17b9bc1ef02606c8006b73293f7892ad5",
            "TELEMETRY_PING_FORMAT_VERSION": 4,
            "XP_UNIX": true,
            "isPlatformAndVersionAtLeast": {},
            "isPlatformAndVersionAtMost": {},
            "platform": "android"
          },
          "userAgent": "Mozilla/5.0 (Android 8.1.0; Mobile; rv:68.0) Gecko/68.0 Firefox/68.0",
          "windowSize": "360x560"
        },
        "pageinfo": {
          "documentHeight": 8229,
          "documentSize": {
            "decodedBodySize": 1446711,
            "encodedBodySize": 189367,
            "transferSize": 191073
          },
          "documentTitle": "The New York Times - Breaking News, US News, World News and Videos",
          "documentWidth": 360,
          "domElements": 1436,
          "navigationStartTime": 1617075697909,
          "nextHopProtocol": "h2",
          "resources": {
            "count": 0,
            "duration": 0
          },
          "responsive": true,
          "url": "https://www.nytimes.com/",
          "visualElements": {
            "heroes": [
              {
                "filename": "PM-virus-fader-slide-K34R-square640-v2.jpg",
                "height": 360,
                "name": "LargestImage",
                "width": 360,
                "x": 0,
                "y": 533
              }
            ],
            "viewport": {
              "height": 560,
              "width": 360
            }
          }
        },
        "timings": {
          "firstPaint": 1942,
          "loadEventEnd": 24601,
          "navigationTiming": {
            "connectStart": 35,
            "domComplete": 24549,
            "domContentLoadedEventEnd": 6916,
            "domContentLoadedEventStart": 6898,
            "domInteractive": 4597,
            "domainLookupEnd": 31,
            "domainLookupStart": 31,
            "duration": 24601,
            "fetchStart": 3,
            "loadEventEnd": 24601,
            "loadEventStart": 24551,
            "redirectEnd": 0,
            "redirectStart": 0,
            "requestStart": 139,
            "responseEnd": 179,
            "responseStart": 179,
            "secureConnectionStart": 48,
            "startTime": 0,
            "unloadEventEnd": 0,
            "unloadEventStart": 0,
            "workerStart": 0
          },
          "pageTimings": {
            "backEndTime": 179,
            "domContentLoadedTime": 6898,
            "domInteractiveTime": 4597,
            "domainLookupTime": 0,
            "frontEndTime": 24372,
            "pageDownloadTime": 0,
            "pageLoadTime": 24551,
            "redirectionTime": 0,
            "serverConnectionTime": 103,
            "serverResponseTime": 40
          },
          "rumSpeedIndex": 178,
          "timeToContentfulPaint": 2212,
          "timeToDomContentFlushed": 6280,
          "userTimings": {
            "marks": [
              {
                "name": "timeToBundle",
                "startTime": 5231.96
              },
              {
                "name": "timeToRouter",
                "startTime": 5865.12
              },
              {
                "name": "timeToRender",
                "startTime": 5865.18
              },
              {
                "name": "start-appRenderTime",
                "startTime": 9698.08
              },
              {
                "name": "start-homeRenderTime",
                "startTime": 9747.12
              },
              {
                "name": "meter-start",
                "startTime": 13635.5
              },
              {
                "name": "timeToRenderEnd",
                "startTime": 13997.54
              },
              {
                "name": "end-homeRenderTime",
                "startTime": 14064.7
              },
              {
                "name": "end-appRenderTime",
                "startTime": 14073.74
              },
              {
                "name": "gpt-tag-load",
                "startTime": 21675.44
              },
              {
                "name": "dfp-ad-mid1-timeDefined",
                "startTime": 21762.48
              },
              {
                "name": "dfp-ad-mid2-small-timeDefined",
                "startTime": 21788.08
              },
              {
                "name": "meter-end",
                "startTime": 25255.98
              }
            ],
            "measures": [
              {
                "duration": 21584.48,
                "name": "dfp-ad-mid1-timeDefined",
                "startTime": 178
              },
              {
                "duration": 21610.08,
                "name": "dfp-ad-mid2-small-timeDefined",
                "startTime": 178
              },
              {
                "duration": 0.06000000000040018,
                "name": "routerMatchTime",
                "startTime": 5865.12
              },
              {
                "duration": 8132.360000000001,
                "name": "renderTime",
                "startTime": 5865.18
              },
              {
                "duration": 4375.66,
                "name": "appRenderTime",
                "startTime": 9698.08
              },
              {
                "duration": 4317.58,
                "name": "homeRenderTime",
                "startTime": 9747.12
              },
              {
                "duration": 11620.48,
                "name": "meter",
                "startTime": 13635.5
              }
            ]
          }
        }
      },
      {
        "browser": {
          "appConstants": {
            "ACCESSIBILITY": true,
            "ANDROID_PACKAGE_NAME": "org.mozilla.firefox",
            "ASAN": false,
            "ASAN_REPORTER": false,
            "BROWSER_CHROME_URL": "chrome://browser/content/browser.xul",
            "DEBUG": false,
            "DEBUG_JS_MODULES": "",
            "DLL_PREFIX": "lib",
            "DLL_SUFFIX": ".so",
            "EARLY_BETA_OR_EARLIER": false,
            "FENNEC_NIGHTLY": false,
            "HAVE_SHELL_SERVICE": false,
            "HAVE_USR_LIB64_DIR": false,
            "MENUBAR_CAN_AUTOHIDE": false,
            "MOZILLA_OFFICIAL": true,
            "MOZ_ALLOW_LEGACY_EXTENSIONS": false,
            "MOZ_ANDROID_ACTIVITY_STREAM": false,
            "MOZ_ANDROID_HISTORY": true,
            "MOZ_ANDROID_MOZILLA_ONLINE": false,
            "MOZ_APP_NAME": "fennec",
            "MOZ_APP_VERSION": "68.1.1",
            "MOZ_APP_VERSION_DISPLAY": "68.1.1",
            "MOZ_BING_API_CLIENTID": "no-bing-api-clientid",
            "MOZ_BING_API_KEY": "no-bing-api-key",
            "MOZ_BITS_DOWNLOAD": false,
            "MOZ_BUILD_APP": "mobile/android",
            "MOZ_CODE_COVERAGE": false,
            "MOZ_CRASHREPORTER": true,
            "MOZ_DATA_REPORTING": true,
            "MOZ_DEV_EDITION": false,
            "MOZ_GECKO_PROFILER": true,
            "MOZ_GOOGLE_LOCATION_SERVICE_API_KEY": "AIzaSyB2h2OuRcUgy5N-5hsZqiPW6sH3n_rptiQ",
            "MOZ_GOOGLE_SAFEBROWSING_API_KEY": "AIzaSyC7jsptDS3am4tPx4r3nxis7IMjBc5Dovo",
            "MOZ_GRAPHENE": false,
            "MOZ_MACBUNDLE_NAME": "Firefox.app",
            "MOZ_MAINTENANCE_SERVICE": false,
            "MOZ_MOZILLA_API_KEY": "3b4d27dd-703d-4094-8398-4de2c763505a",
            "MOZ_NEW_CERT_STORAGE": false,
            "MOZ_NEW_NOTIFICATION_STORE": false,
            "MOZ_NEW_XULSTORE": false,
            "MOZ_OFFICIAL_BRANDING": false,
            "MOZ_PLACES": false,
            "MOZ_REQUIRE_SIGNING": false,
            "MOZ_SANDBOX": false,
            "MOZ_SERVICES_HEALTHREPORT": true,
            "MOZ_SERVICES_SYNC": false,
            "MOZ_SWITCHBOARD": true,
            "MOZ_SYSTEM_NSS": false,
            "MOZ_TELEMETRY_ON_BY_DEFAULT": false,
            "MOZ_TELEMETRY_REPORTING": true,
            "MOZ_UNSIGNED_SCOPES": 0,
            "MOZ_UPDATER": false,
            "MOZ_UPDATE_CHANNEL": "release",
            "MOZ_WEBRTC": true,
            "MOZ_WIDGET_GTK": false,
            "MOZ_WIDGET_TOOLKIT": "android",
            "NIGHTLY_BUILD": false,
            "OMNIJAR_NAME": "assets/omni.ja",
            "RELEASE_OR_BETA": true,
            "SOURCE_REVISION_URL": "https://hg.mozilla.org/releases/mozilla-esr68/rev/d2e0b9e17b9bc1ef02606c8006b73293f7892ad5",
            "TELEMETRY_PING_FORMAT_VERSION": 4,
            "XP_UNIX": true,
            "isPlatformAndVersionAtLeast": {},
            "isPlatformAndVersionAtMost": {},
            "platform": "android"
          },
          "asyncAppConstants": {
            "ACCESSIBILITY": true,
            "ANDROID_PACKAGE_NAME": "org.mozilla.firefox",
            "ASAN": false,
            "ASAN_REPORTER": false,
            "BROWSER_CHROME_URL": "chrome://browser/content/browser.xul",
            "DEBUG": false,
            "DEBUG_JS_MODULES": "",
            "DLL_PREFIX": "lib",
            "DLL_SUFFIX": ".so",
            "EARLY_BETA_OR_EARLIER": false,
            "FENNEC_NIGHTLY": false,
            "HAVE_SHELL_SERVICE": false,
            "HAVE_USR_LIB64_DIR": false,
            "MENUBAR_CAN_AUTOHIDE": false,
            "MOZILLA_OFFICIAL": true,
            "MOZ_ALLOW_LEGACY_EXTENSIONS": false,
            "MOZ_ANDROID_ACTIVITY_STREAM": false,
            "MOZ_ANDROID_HISTORY": true,
            "MOZ_ANDROID_MOZILLA_ONLINE": false,
            "MOZ_APP_NAME": "fennec",
            "MOZ_APP_VERSION": "68.1.1",
            "MOZ_APP_VERSION_DISPLAY": "68.1.1",
            "MOZ_BING_API_CLIENTID": "no-bing-api-clientid",
            "MOZ_BING_API_KEY": "no-bing-api-key",
            "MOZ_BITS_DOWNLOAD": false,
            "MOZ_BUILD_APP": "mobile/android",
            "MOZ_CODE_COVERAGE": false,
            "MOZ_CRASHREPORTER": true,
            "MOZ_DATA_REPORTING": true,
            "MOZ_DEV_EDITION": false,
            "MOZ_GECKO_PROFILER": true,
            "MOZ_GOOGLE_LOCATION_SERVICE_API_KEY": "AIzaSyB2h2OuRcUgy5N-5hsZqiPW6sH3n_rptiQ",
            "MOZ_GOOGLE_SAFEBROWSING_API_KEY": "AIzaSyC7jsptDS3am4tPx4r3nxis7IMjBc5Dovo",
            "MOZ_GRAPHENE": false,
            "MOZ_MACBUNDLE_NAME": "Firefox.app",
            "MOZ_MAINTENANCE_SERVICE": false,
            "MOZ_MOZILLA_API_KEY": "3b4d27dd-703d-4094-8398-4de2c763505a",
            "MOZ_NEW_CERT_STORAGE": false,
            "MOZ_NEW_NOTIFICATION_STORE": false,
            "MOZ_NEW_XULSTORE": false,
            "MOZ_OFFICIAL_BRANDING": false,
            "MOZ_PLACES": false,
            "MOZ_REQUIRE_SIGNING": false,
            "MOZ_SANDBOX": false,
            "MOZ_SERVICES_HEALTHREPORT": true,
            "MOZ_SERVICES_SYNC": false,
            "MOZ_SWITCHBOARD": true,
            "MOZ_SYSTEM_NSS": false,
            "MOZ_TELEMETRY_ON_BY_DEFAULT": false,
            "MOZ_TELEMETRY_REPORTING": true,
            "MOZ_UNSIGNED_SCOPES": 0,
            "MOZ_UPDATER": false,
            "MOZ_UPDATE_CHANNEL": "release",
            "MOZ_WEBRTC": true,
            "MOZ_WIDGET_GTK": false,
            "MOZ_WIDGET_TOOLKIT": "android",
            "NIGHTLY_BUILD": false,
            "OMNIJAR_NAME": "assets/omni.ja",
            "RELEASE_OR_BETA": true,
            "SOURCE_REVISION_URL": "https://hg.mozilla.org/releases/mozilla-esr68/rev/d2e0b9e17b9bc1ef02606c8006b73293f7892ad5",
            "TELEMETRY_PING_FORMAT_VERSION": 4,
            "XP_UNIX": true,
            "isPlatformAndVersionAtLeast": {},
            "isPlatformAndVersionAtMost": {},
            "platform": "android"
          },
          "userAgent": "Mozilla/5.0 (Android 8.1.0; Mobile; rv:68.0) Gecko/68.0 Firefox/68.0",
          "windowSize": "360x560"
        },
        "pageinfo": {
          "documentHeight": 8395,
          "documentSize": {
            "decodedBodySize": 1466723,
            "encodedBodySize": 193789,
            "transferSize": 195494
          },
          "documentTitle": "The New York Times - Breaking News, US News, World News and Videos",
          "documentWidth": 360,
          "domElements": 1447,
          "navigationStartTime": 1617075753093,
          "nextHopProtocol": "h2",
          "resources": {
            "count": 0,
            "duration": 0
          },
          "responsive": true,
          "url": "https://www.nytimes.com/",
          "visualElements": {
            "heroes": [
              {
                "filename": "PM-virus-fader-slide-K34R-square640-v2.jpg",
                "height": 360,
                "name": "LargestImage",
                "width": 360,
                "x": 0,
                "y": 533
              }
            ],
            "viewport": {
              "height": 560,
              "width": 360
            }
          }
        },
        "timings": {
          "firstPaint": 1925,
          "loadEventEnd": 25363,
          "navigationTiming": {
            "connectStart": 41,
            "domComplete": 25214,
            "domContentLoadedEventEnd": 7951,
            "domContentLoadedEventStart": 7925,
            "domInteractive": 5643,
            "domainLookupEnd": 41,
            "domainLookupStart": 40,
            "duration": 25363,
            "fetchStart": 3,
            "loadEventEnd": 25363,
            "loadEventStart": 25216,
            "redirectEnd": 0,
            "redirectStart": 0,
            "requestStart": 145,
            "responseEnd": 159,
            "responseStart": 159,
            "secureConnectionStart": 54,
            "startTime": 0,
            "unloadEventEnd": 0,
            "unloadEventStart": 0,
            "workerStart": 0
          },
          "pageTimings": {
            "backEndTime": 159,
            "domContentLoadedTime": 7925,
            "domInteractiveTime": 5643,
            "domainLookupTime": 1,
            "frontEndTime": 25056,
            "pageDownloadTime": 0,
            "pageLoadTime": 25216,
            "redirectionTime": 0,
            "serverConnectionTime": 103,
            "serverResponseTime": 15
          },
          "rumSpeedIndex": 159,
          "timeToContentfulPaint": 2420,
          "timeToDomContentFlushed": 7312,
          "userTimings": {
            "marks": [
              {
                "name": "gpt-tag-load",
                "startTime": 5278.7
              },
              {
                "name": "timeToBundle",
                "startTime": 6228.92
              },
              {
                "name": "timeToRouter",
                "startTime": 6897.18
              },
              {
                "name": "timeToRender",
                "startTime": 6897.2
              },
              {
                "name": "start-appRenderTime",
                "startTime": 10365.7
              },
              {
                "name": "start-homeRenderTime",
                "startTime": 10410.3
              },
              {
                "name": "meter-start",
                "startTime": 13470.06
              },
              {
                "name": "dfp-ad-mid1-timeDefined",
                "startTime": 13597.5
              },
              {
                "name": "dfp-ad-mid2-small-timeDefined",
                "startTime": 13711.98
              },
              {
                "name": "timeToRenderEnd",
                "startTime": 13809.8
              },
              {
                "name": "end-homeRenderTime",
                "startTime": 13876.46
              },
              {
                "name": "end-appRenderTime",
                "startTime": 13881.32
              },
              {
                "name": "meter-end",
                "startTime": 26643.08
              }
            ],
            "measures": [
              {
                "duration": 13438.5,
                "name": "dfp-ad-mid1-timeDefined",
                "startTime": 159
              },
              {
                "duration": 13552.98,
                "name": "dfp-ad-mid2-small-timeDefined",
                "startTime": 159
              },
              {
                "duration": 0.019999999999527063,
                "name": "routerMatchTime",
                "startTime": 6897.18
              },
              {
                "duration": 6912.600000000001,
                "name": "renderTime",
                "startTime": 6897.2
              },
              {
                "duration": 3515.619999999999,
                "name": "appRenderTime",
                "startTime": 10365.7
              },
              {
                "duration": 3466.16,
                "name": "homeRenderTime",
                "startTime": 10410.3
              },
              {
                "duration": 13173.020000000002,
                "name": "meter",
                "startTime": 13470.06
              }
            ]
          }
        }
      }
    ],
    "visualMetrics": [],
    "cpu": [],
    "extras": [
      {},
      {},
      {}
    ],
    "fullyLoaded": [],
    "errors": [
      [],
      [],
      []
    ],
    "statistics": {
      "browser": {
        "appConstants": {
          "MOZ_UNSIGNED_SCOPES": {
            "median": 0,
            "mean": 0,
            "mdev": 0,
            "stddev": 0,
            "min": 0,
            "p10": 0,
            "p90": 0,
            "p99": 0,
            "max": 0
          },
          "TELEMETRY_PING_FORMAT_VERSION": {
            "median": 4,
            "mean": 4,
            "mdev": 0,
            "stddev": 0,
            "min": 4,
            "p10": 4,
            "p90": 4,
            "p99": 4,
            "max": 4
          }
        },
        "asyncAppConstants": {
          "MOZ_UNSIGNED_SCOPES": {
            "median": 0,
            "mean": 0,
            "mdev": 0,
            "stddev": 0,
            "min": 0,
            "p10": 0,
            "p90": 0,
            "p99": 0,
            "max": 0
          },
          "TELEMETRY_PING_FORMAT_VERSION": {
            "median": 4,
            "mean": 4,
            "mdev": 0,
            "stddev": 0,
            "min": 4,
            "p10": 4,
            "p90": 4,
            "p99": 4,
            "max": 4
          }
        }
      },
      "pageinfo": {
        "documentHeight": {
          "median": 8229,
          "mean": 8284,
          "mdev": 45.1795,
          "stddev": 78,
          "min": 8229,
          "p10": 8229,
          "p90": 8395,
          "p99": 8395,
          "max": 8395
        },
        "documentSize": {
          "decodedBodySize": {
            "median": 1446725,
            "mean": 1453386,
            "mdev": 5444.6724,
            "stddev": 9430,
            "min": 1446711,
            "p10": 1446711,
            "p90": 1466723,
            "p99": 1466723,
            "max": 1466723
          },
          "encodedBodySize": {
            "median": 189421,
            "mean": 190859,
            "mdev": 1196.2352,
            "stddev": 2072,
            "min": 189367,
            "p10": 189367,
            "p90": 193789,
            "p99": 193789,
            "max": 193789
          },
          "transferSize": {
            "median": 191127,
            "mean": 192565,
            "mdev": 1195.9631,
            "stddev": 2071,
            "min": 191073,
            "p10": 191073,
            "p90": 195494,
            "p99": 195494,
            "max": 195494
          }
        },
        "documentWidth": {
          "median": 360,
          "mean": 360,
          "mdev": 0,
          "stddev": 0,
          "min": 360,
          "p10": 360,
          "p90": 360,
          "p99": 360,
          "max": 360
        },
        "domElements": {
          "median": 1436,
          "mean": 1440,
          "mdev": 2.9938,
          "stddev": 5,
          "min": 1436,
          "p10": 1436,
          "p90": 1447,
          "p99": 1447,
          "max": 1447
        },
        "navigationStartTime": {
          "median": 1617075697909,
          "mean": 1617075696332,
          "mdev": 28202.2041,
          "stddev": 48848,
          "min": 1617075637993,
          "p10": 1617075637993,
          "p90": 1617075753093,
          "p99": 1617075753093,
          "max": 1617075753093
        },
        "resources": {
          "count": {
            "median": 0,
            "mean": 0,
            "mdev": 0,
            "stddev": 0,
            "min": 0,
            "p10": 0,
            "p90": 0,
            "p99": 0,
            "max": 0
          },
          "duration": {
            "median": 0,
            "mean": 0,
            "mdev": 0,
            "stddev": 0,
            "min": 0,
            "p10": 0,
            "p90": 0,
            "p99": 0,
            "max": 0
          }
        },
        "visualElements": {
          "heroes": [
            {
              "height": {
                "median": 360,
                "mean": 360,
                "mdev": 0,
                "stddev": 0,
                "min": 360,
                "p10": 360,
                "p90": 360,
                "p99": 360,
                "max": 360
              },
              "width": {
                "median": 360,
                "mean": 360,
                "mdev": 0,
                "stddev": 0,
                "min": 360,
                "p10": 360,
                "p90": 360,
                "p99": 360,
                "max": 360
              },
              "x": {
                "median": 0,
                "mean": 0,
                "mdev": 0,
                "stddev": 0,
                "min": 0,
                "p10": 0,
                "p90": 0,
                "p99": 0,
                "max": 0
              },
              "y": {
                "median": 533,
                "mean": 533,
                "mdev": 0,
                "stddev": 0,
                "min": 533,
                "p10": 533,
                "p90": 533,
                "p99": 533,
                "max": 533
              }
            }
          ],
          "viewport": {
            "height": {
              "median": 560,
              "mean": 560,
              "mdev": 0,
              "stddev": 0,
              "min": 560,
              "p10": 560,
              "p90": 560,
              "p99": 560,
              "max": 560
            },
            "width": {
              "median": 360,
              "mean": 360,
              "mdev": 0,
              "stddev": 0,
              "min": 360,
              "p10": 360,
              "p90": 360,
              "p99": 360,
              "max": 360
            }
          }
        }
      },
      "timings": {
        "firstPaint": {
          "median": 1942,
          "mean": 2182,
          "mdev": 203.2111,
          "stddev": 352,
          "min": 1925,
          "p10": 1925,
          "p90": 2680,
          "p99": 2680,
          "max": 2680
        },
        "loadEventEnd": {
          "median": 25363,
          "mean": 26770,
          "mdev": 1470.9024,
          "stddev": 2548,
          "min": 24601,
          "p10": 24601,
          "p90": 30346,
          "p99": 30346,
          "max": 30346
        },
        "navigationTiming": {
          "connectStart": {
            "median": 41,
            "mean": 102,
            "mdev": 52.2749,
            "stddev": 91,
            "min": 35,
            "p10": 35,
            "p90": 230,
            "p99": 230,
            "max": 230
          },
          "domComplete": {
            "median": 25214,
            "mean": 26690,
            "mdev": 1485.2003,
            "stddev": 2572,
            "min": 24549,
            "p10": 24549,
            "p90": 30308,
            "p99": 30308,
            "max": 30308
          },
          "domContentLoadedEventEnd": {
            "median": 7951,
            "mean": 7942,
            "mdev": 481.3191,
            "stddev": 834,
            "min": 6916,
            "p10": 6916,
            "p90": 8958,
            "p99": 8958,
            "max": 8958
          },
          "domContentLoadedEventStart": {
            "median": 7925,
            "mean": 7918,
            "mdev": 478.9563,
            "stddev": 830,
            "min": 6898,
            "p10": 6898,
            "p90": 8930,
            "p99": 8930,
            "max": 8930
          },
          "domInteractive": {
            "median": 5643,
            "mean": 5549,
            "mdev": 428.121,
            "stddev": 742,
            "min": 4597,
            "p10": 4597,
            "p90": 6406,
            "p99": 6406,
            "max": 6406
          },
          "domainLookupEnd": {
            "median": 41,
            "mean": 101,
            "mdev": 52.8527,
            "stddev": 92,
            "min": 31,
            "p10": 31,
            "p90": 230,
            "p99": 230,
            "max": 230
          },
          "domainLookupStart": {
            "median": 40,
            "mean": 100,
            "mdev": 52.9787,
            "stddev": 92,
            "min": 31,
            "p10": 31,
            "p90": 230,
            "p99": 230,
            "max": 230
          },
          "duration": {
            "median": 25363,
            "mean": 26770,
            "mdev": 1470.9024,
            "stddev": 2548,
            "min": 24601,
            "p10": 24601,
            "p90": 30346,
            "p99": 30346,
            "max": 30346
          },
          "fetchStart": {
            "median": 3,
            "mean": 4,
            "mdev": 0.5443,
            "stddev": 1,
            "min": 3,
            "p10": 3,
            "p90": 5,
            "p99": 5,
            "max": 5
          },
          "loadEventEnd": {
            "median": 25363,
            "mean": 26770,
            "mdev": 1470.9024,
            "stddev": 2548,
            "min": 24601,
            "p10": 24601,
            "p90": 30346,
            "p99": 30346,
            "max": 30346
          },
          "loadEventStart": {
            "median": 25216,
            "mean": 26692,
            "mdev": 1485.2003,
            "stddev": 2572,
            "min": 24551,
            "p10": 24551,
            "p90": 30310,
            "p99": 30310,
            "max": 30310
          },
          "redirectEnd": {
            "median": 0,
            "mean": 0,
            "mdev": 0,
            "stddev": 0,
            "min": 0,
            "p10": 0,
            "p90": 0,
            "p99": 0,
            "max": 0
          },
          "redirectStart": {
            "median": 0,
            "mean": 0,
            "mdev": 0,
            "stddev": 0,
            "min": 0,
            "p10": 0,
            "p90": 0,
            "p99": 0,
            "max": 0
          },
          "requestStart": {
            "median": 145,
            "mean": 200,
            "mdev": 47.65,
            "stddev": 83,
            "min": 139,
            "p10": 139,
            "p90": 317,
            "p99": 317,
            "max": 317
          },
          "responseEnd": {
            "median": 179,
            "mean": 222,
            "mdev": 43.8009,
            "stddev": 76,
            "min": 159,
            "p10": 159,
            "p90": 329,
            "p99": 329,
            "max": 329
          },
          "responseStart": {
            "median": 179,
            "mean": 222,
            "mdev": 43.8009,
            "stddev": 76,
            "min": 159,
            "p10": 159,
            "p90": 329,
            "p99": 329,
            "max": 329
          },
          "secureConnectionStart": {
            "median": 54,
            "mean": 115,
            "mdev": 52.2749,
            "stddev": 91,
            "min": 48,
            "p10": 48,
            "p90": 243,
            "p99": 243,
            "max": 243
          },
          "startTime": {
            "median": 0,
            "mean": 0,
            "mdev": 0,
            "stddev": 0,
            "min": 0,
            "p10": 0,
            "p90": 0,
            "p99": 0,
            "max": 0
          },
          "unloadEventEnd": {
            "median": 0,
            "mean": 0,
            "mdev": 0,
            "stddev": 0,
            "min": 0,
            "p10": 0,
            "p90": 0,
            "p99": 0,
            "max": 0
          },
          "unloadEventStart": {
            "median": 0,
            "mean": 0,
            "mdev": 0,
            "stddev": 0,
            "min": 0,
            "p10": 0,
            "p90": 0,
            "p99": 0,
            "max": 0
          },
          "workerStart": {
            "median": 0,
            "mean": 0,
            "mdev": 0,
            "stddev": 0,
            "min": 0,
            "p10": 0,
            "p90": 0,
            "p99": 0,
            "max": 0
          }
        },
        "pageTimings": {
          "backEndTime": {
            "median": 179,
            "mean": 222,
            "mdev": 43.8009,
            "stddev": 76,
            "min": 159,
            "p10": 159,
            "p90": 329,
            "p99": 329,
            "max": 329
          },
          "domContentLoadedTime": {
            "median": 7925,
            "mean": 7918,
            "mdev": 478.9563,
            "stddev": 830,
            "min": 6898,
            "p10": 6898,
            "p90": 8930,
            "p99": 8930,
            "max": 8930
          },
          "domInteractiveTime": {
            "median": 5643,
            "mean": 5549,
            "mdev": 428.121,
            "stddev": 742,
            "min": 4597,
            "p10": 4597,
            "p90": 6406,
            "p99": 6406,
            "max": 6406
          },
          "domainLookupTime": {
            "median": 0,
            "mean": 0,
            "mdev": 0.2722,
            "stddev": 0,
            "min": 0,
            "p10": 0,
            "p90": 1,
            "p99": 1,
            "max": 1
          },
          "frontEndTime": {
            "median": 25056,
            "mean": 26470,
            "mdev": 1442.5333,
            "stddev": 2499,
            "min": 24372,
            "p10": 24372,
            "p90": 29981,
            "p99": 29981,
            "max": 29981
          },
          "pageDownloadTime": {
            "median": 0,
            "mean": 0,
            "mdev": 0,
            "stddev": 0,
            "min": 0,
            "p10": 0,
            "p90": 0,
            "p99": 0,
            "max": 0
          },
          "pageLoadTime": {
            "median": 25216,
            "mean": 26692,
            "mdev": 1485.2003,
            "stddev": 2572,
            "min": 24551,
            "p10": 24551,
            "p90": 30310,
            "p99": 30310,
            "max": 30310
          },
          "redirectionTime": {
            "median": 0,
            "mean": 0,
            "mdev": 0,
            "stddev": 0,
            "min": 0,
            "p10": 0,
            "p90": 0,
            "p99": 0,
            "max": 0
          },
          "serverConnectionTime": {
            "median": 103,
            "mean": 97,
            "mdev": 4.6268,
            "stddev": 8,
            "min": 86,
            "p10": 86,
            "p90": 103,
            "p99": 103,
            "max": 103
          },
          "serverResponseTime": {
            "median": 15,
            "mean": 22,
            "mdev": 7.247,
            "stddev": 13,
            "min": 12,
            "p10": 12,
            "p90": 40,
            "p99": 40,
            "max": 40
          }
        },
        "rumSpeedIndex": {
          "median": 178,
          "mean": 222,
          "mdev": 43.9115,
          "stddev": 76,
          "min": 159,
          "p10": 159,
          "p90": 329,
          "p99": 329,
          "max": 329
        },
        "timeToContentfulPaint": {
          "median": 2420,
          "mean": 2538,
          "mdev": 187.5126,
          "stddev": 325,
          "min": 2212,
          "p10": 2212,
          "p90": 2981,
          "p99": 2981,
          "max": 2981
        },
        "timeToDomContentFlushed": {
          "median": 7312,
          "mean": 7344,
          "mdev": 509.5236,
          "stddev": 883,
          "min": 6280,
          "p10": 6280,
          "p90": 8441,
          "p99": 8441,
          "max": 8441
        },
        "userTimings": {
          "marks": {
            "timeToBundle": {
              "median": 6229,
              "mean": 6214,
              "mdev": 459.2092,
              "stddev": 795,
              "min": 5232,
              "p10": 5232,
              "p90": 7180,
              "p99": 7180,
              "max": 7180
            },
            "timeToRouter": {
              "median": 6897,
              "mean": 6914,
              "mdev": 498.7389,
              "stddev": 864,
              "min": 5865,
              "p10": 5865,
              "p90": 7981,
              "p99": 7981,
              "max": 7981
            },
            "timeToRender": {
              "median": 6897,
              "mean": 6914,
              "mdev": 498.7343,
              "stddev": 864,
              "min": 5865,
              "p10": 5865,
              "p90": 7981,
              "p99": 7981,
              "max": 7981
            },
            "gpt-tag-load": {
              "median": 9247,
              "mean": 12067,
              "mdev": 4032.5846,
              "stddev": 6985,
              "min": 5279,
              "p10": 5279,
              "p90": 21675,
              "p99": 21675,
              "max": 21675
            },
            "start-appRenderTime": {
              "median": 10366,
              "mean": 10814,
              "mdev": 657.5762,
              "stddev": 1139,
              "min": 9698,
              "p10": 9698,
              "p90": 12378,
              "p99": 12378,
              "max": 12378
            },
            "start-homeRenderTime": {
              "median": 10410,
              "mean": 10862,
              "mdev": 658.1778,
              "stddev": 1140,
              "min": 9747,
              "p10": 9747,
              "p90": 12428,
              "p99": 12428,
              "max": 12428
            },
            "meter-start": {
              "median": 13636,
              "mean": 14970,
              "mdev": 1158.1331,
              "stddev": 2006,
              "min": 13470,
              "p10": 13470,
              "p90": 17806,
              "p99": 17806,
              "max": 17806
            },
            "dfp-ad-mid1-timeDefined": {
              "median": 17945,
              "mean": 17768,
              "mdev": 1925.8535,
              "stddev": 3336,
              "min": 13598,
              "p10": 13598,
              "p90": 21762,
              "p99": 21762,
              "max": 21762
            },
            "dfp-ad-mid2-small-timeDefined": {
              "median": 18132,
              "mean": 17877,
              "mdev": 1906.3843,
              "stddev": 3302,
              "min": 13712,
              "p10": 13712,
              "p90": 21788,
              "p99": 21788,
              "max": 21788
            },
            "timeToRenderEnd": {
              "median": 13998,
              "mean": 15348,
              "mdev": 1180.2401,
              "stddev": 2044,
              "min": 13810,
              "p10": 13810,
              "p90": 18237,
              "p99": 18237,
              "max": 18237
            },
            "end-homeRenderTime": {
              "median": 14065,
              "mean": 15418,
              "mdev": 1182.4937,
              "stddev": 2048,
              "min": 13876,
              "p10": 13876,
              "p90": 18312,
              "p99": 18312,
              "max": 18312
            },
            "end-appRenderTime": {
              "median": 14074,
              "mean": 15426,
              "mdev": 1183.1648,
              "stddev": 2049,
              "min": 13881,
              "p10": 13881,
              "p90": 18322,
              "p99": 18322,
              "max": 18322
            },
            "meter-end": {
              "median": 26643,
              "mean": 27289,
              "mdev": 1141.8603,
              "stddev": 1978,
              "min": 25256,
              "p10": 25256,
              "p90": 29969,
              "p99": 29969,
              "max": 29969
            }
          },
          "measures": {
            "dfp-ad-mid1-timeDefined": {
              "median": 17616,
              "mean": 17546,
              "mdev": 1920.2359,
              "stddev": 3326,
              "min": 13439,
              "p10": 13439,
              "p90": 21584,
              "p99": 21584,
              "max": 21584
            },
            "dfp-ad-mid2-small-timeDefined": {
              "median": 17803,
              "mean": 17655,
              "mdev": 1900.0287,
              "stddev": 3291,
              "min": 13553,
              "p10": 13553,
              "p90": 21610,
              "p99": 21610,
              "max": 21610
            },
            "routerMatchTime": {
              "median": 0,
              "mean": 0,
              "mdev": 0.0094,
              "stddev": 0,
              "min": 0,
              "p10": 0,
              "p90": 0,
              "p99": 0,
              "max": 0
            },
            "renderTime": {
              "median": 8132,
              "mean": 8434,
              "mdev": 797.6343,
              "stddev": 1382,
              "min": 6913,
              "p10": 6913,
              "p90": 10256,
              "p99": 10256,
              "max": 10256
            },
            "appRenderTime": {
              "median": 4376,
              "mean": 4612,
              "mdev": 580.3776,
              "stddev": 1005,
              "min": 3516,
              "p10": 3516,
              "p90": 5944,
              "p99": 5944,
              "max": 5944
            },
            "homeRenderTime": {
              "median": 4318,
              "mean": 4556,
              "mdev": 578.2542,
              "stddev": 1002,
              "min": 3466,
              "p10": 3466,
              "p90": 5884,
              "p99": 5884,
              "max": 5884
            },
            "meter": {
              "median": 12164,
              "mean": 12319,
              "mdev": 371.3926,
              "stddev": 643,
              "min": 11620,
              "p10": 11620,
              "p90": 13173,
              "p99": 13173,
              "max": 13173
            }
          }
        }
      }
    }
  }
]