[
  {
    "info": {
      "browsertime": {
        "version": "8.4.0"
      },
      "url": "https://www.imdb.com/",
      "timestamp": "2021-03-30T18:39:00+04:00",
      "connectivity": {
        "engine": "external",
        "profile": "native"
      },
      "extra": {}
    },
    "files": {
      "video": [],
      "screenshot": [],
      "timeline": [],
      "consoleLog": [],
      "netLog": [],
      "perfLog": []
    },
    "cdp": {
      "performance": []
    },
    "timestamps": [
      "2021-03-30T18:38:41+04:00",
      "2021-03-30T18:39:07+04:00",
      "2021-03-30T18:39:38+04:00"
    ],
    "browserScripts": [
      {
        "browser": {
          "appConstants": {
            "ACCESSIBILITY": true,
            "ANDROID_PACKAGE_NAME": "org.mozilla.firefox",
            "ASAN": false,
            "ASAN_REPORTER": false,
            "BROWSER_CHROME_URL": "chrome://browser/content/browser.xul",
            "DEBUG": false,
            "DEBUG_JS_MODULES": "",
            "DLL_PREFIX": "lib",
            "DLL_SUFFIX": ".so",
            "EARLY_BETA_OR_EARLIER": false,
            "FENNEC_NIGHTLY": false,
            "HAVE_SHELL_SERVICE": false,
            "HAVE_USR_LIB64_DIR": false,
            "MENUBAR_CAN_AUTOHIDE": false,
            "MOZILLA_OFFICIAL": true,
            "MOZ_ALLOW_LEGACY_EXTENSIONS": false,
            "MOZ_ANDROID_ACTIVITY_STREAM": false,
            "MOZ_ANDROID_HISTORY": true,
            "MOZ_ANDROID_MOZILLA_ONLINE": false,
            "MOZ_APP_NAME": "fennec",
            "MOZ_APP_VERSION": "68.1.1",
            "MOZ_APP_VERSION_DISPLAY": "68.1.1",
            "MOZ_BING_API_CLIENTID": "no-bing-api-clientid",
            "MOZ_BING_API_KEY": "no-bing-api-key",
            "MOZ_BITS_DOWNLOAD": false,
            "MOZ_BUILD_APP": "mobile/android",
            "MOZ_CODE_COVERAGE": false,
            "MOZ_CRASHREPORTER": true,
            "MOZ_DATA_REPORTING": true,
            "MOZ_DEV_EDITION": false,
            "MOZ_GECKO_PROFILER": true,
            "MOZ_GOOGLE_LOCATION_SERVICE_API_KEY": "AIzaSyB2h2OuRcUgy5N-5hsZqiPW6sH3n_rptiQ",
            "MOZ_GOOGLE_SAFEBROWSING_API_KEY": "AIzaSyC7jsptDS3am4tPx4r3nxis7IMjBc5Dovo",
            "MOZ_GRAPHENE": false,
            "MOZ_MACBUNDLE_NAME": "Firefox.app",
            "MOZ_MAINTENANCE_SERVICE": false,
            "MOZ_MOZILLA_API_KEY": "3b4d27dd-703d-4094-8398-4de2c763505a",
            "MOZ_NEW_CERT_STORAGE": false,
            "MOZ_NEW_NOTIFICATION_STORE": false,
            "MOZ_NEW_XULSTORE": false,
            "MOZ_OFFICIAL_BRANDING": false,
            "MOZ_PLACES": false,
            "MOZ_REQUIRE_SIGNING": false,
            "MOZ_SANDBOX": false,
            "MOZ_SERVICES_HEALTHREPORT": true,
            "MOZ_SERVICES_SYNC": false,
            "MOZ_SWITCHBOARD": true,
            "MOZ_SYSTEM_NSS": false,
            "MOZ_TELEMETRY_ON_BY_DEFAULT": false,
            "MOZ_TELEMETRY_REPORTING": true,
            "MOZ_UNSIGNED_SCOPES": 0,
            "MOZ_UPDATER": false,
            "MOZ_UPDATE_CHANNEL": "release",
            "MOZ_WEBRTC": true,
            "MOZ_WIDGET_GTK": false,
            "MOZ_WIDGET_TOOLKIT": "android",
            "NIGHTLY_BUILD": false,
            "OMNIJAR_NAME": "assets/omni.ja",
            "RELEASE_OR_BETA": true,
            "SOURCE_REVISION_URL": "https://hg.mozilla.org/releases/mozilla-esr68/rev/d2e0b9e17b9bc1ef02606c8006b73293f7892ad5",
            "TELEMETRY_PING_FORMAT_VERSION": 4,
            "XP_UNIX": true,
            "isPlatformAndVersionAtLeast": {},
            "isPlatformAndVersionAtMost": {},
            "platform": "android"
          },
          "asyncAppConstants": {
            "ACCESSIBILITY": true,
            "ANDROID_PACKAGE_NAME": "org.mozilla.firefox",
            "ASAN": false,
            "ASAN_REPORTER": false,
            "BROWSER_CHROME_URL": "chrome://browser/content/browser.xul",
            "DEBUG": false,
            "DEBUG_JS_MODULES": "",
            "DLL_PREFIX": "lib",
            "DLL_SUFFIX": ".so",
            "EARLY_BETA_OR_EARLIER": false,
            "FENNEC_NIGHTLY": false,
            "HAVE_SHELL_SERVICE": false,
            "HAVE_USR_LIB64_DIR": false,
            "MENUBAR_CAN_AUTOHIDE": false,
            "MOZILLA_OFFICIAL": true,
            "MOZ_ALLOW_LEGACY_EXTENSIONS": false,
            "MOZ_ANDROID_ACTIVITY_STREAM": false,
            "MOZ_ANDROID_HISTORY": true,
            "MOZ_ANDROID_MOZILLA_ONLINE": false,
            "MOZ_APP_NAME": "fennec",
            "MOZ_APP_VERSION": "68.1.1",
            "MOZ_APP_VERSION_DISPLAY": "68.1.1",
            "MOZ_BING_API_CLIENTID": "no-bing-api-clientid",
            "MOZ_BING_API_KEY": "no-bing-api-key",
            "MOZ_BITS_DOWNLOAD": false,
            "MOZ_BUILD_APP": "mobile/android",
            "MOZ_CODE_COVERAGE": false,
            "MOZ_CRASHREPORTER": true,
            "MOZ_DATA_REPORTING": true,
            "MOZ_DEV_EDITION": false,
            "MOZ_GECKO_PROFILER": true,
            "MOZ_GOOGLE_LOCATION_SERVICE_API_KEY": "AIzaSyB2h2OuRcUgy5N-5hsZqiPW6sH3n_rptiQ",
            "MOZ_GOOGLE_SAFEBROWSING_API_KEY": "AIzaSyC7jsptDS3am4tPx4r3nxis7IMjBc5Dovo",
            "MOZ_GRAPHENE": false,
            "MOZ_MACBUNDLE_NAME": "Firefox.app",
            "MOZ_MAINTENANCE_SERVICE": false,
            "MOZ_MOZILLA_API_KEY": "3b4d27dd-703d-4094-8398-4de2c763505a",
            "MOZ_NEW_CERT_STORAGE": false,
            "MOZ_NEW_NOTIFICATION_STORE": false,
            "MOZ_NEW_XULSTORE": false,
            "MOZ_OFFICIAL_BRANDING": false,
            "MOZ_PLACES": false,
            "MOZ_REQUIRE_SIGNING": false,
            "MOZ_SANDBOX": false,
            "MOZ_SERVICES_HEALTHREPORT": true,
            "MOZ_SERVICES_SYNC": false,
            "MOZ_SWITCHBOARD": true,
            "MOZ_SYSTEM_NSS": false,
            "MOZ_TELEMETRY_ON_BY_DEFAULT": false,
            "MOZ_TELEMETRY_REPORTING": true,
            "MOZ_UNSIGNED_SCOPES": 0,
            "MOZ_UPDATER": false,
            "MOZ_UPDATE_CHANNEL": "release",
            "MOZ_WEBRTC": true,
            "MOZ_WIDGET_GTK": false,
            "MOZ_WIDGET_TOOLKIT": "android",
            "NIGHTLY_BUILD": false,
            "OMNIJAR_NAME": "assets/omni.ja",
            "RELEASE_OR_BETA": true,
            "SOURCE_REVISION_URL": "https://hg.mozilla.org/releases/mozilla-esr68/rev/d2e0b9e17b9bc1ef02606c8006b73293f7892ad5",
            "TELEMETRY_PING_FORMAT_VERSION": 4,
            "XP_UNIX": true,
            "isPlatformAndVersionAtLeast": {},
            "isPlatformAndVersionAtMost": {},
            "platform": "android"
          },
          "userAgent": "Mozilla/5.0 (Android 9; Mobile; rv:68.0) Gecko/68.0 Firefox/68.0",
          "windowSize": "360x612"
        },
        "pageinfo": {
          "documentHeight": 6100,
          "documentSize": {
            "decodedBodySize": 775011,
            "encodedBodySize": 152976,
            "transferSize": 154000
          },
          "documentTitle": "IMDb: Ratings, Reviews, and Where to Watch the Best Movies & TV Shows",
          "documentWidth": 360,
          "domElements": 4205,
          "navigationStartTime": 1617115121919,
          "nextHopProtocol": "h2",
          "resources": {
            "count": 0,
            "duration": 0
          },
          "responsive": true,
          "url": "https://m.imdb.com/",
          "visualElements": {
            "heroes": [
              {
                "filename": "MV5BNmNiMWRhZTgtOTA4NS00OTI3LWIxYTktOWUxYmQ0ZmFlMGViXkEyXkFqcGdeQXNoYW5nZWxs._V1_QL75_UX500_CR0,0,500,281_.jpg",
                "height": 194,
                "name": "LargestImage",
                "width": 344,
                "x": 8,
                "y": 138
              }
            ],
            "viewport": {
              "height": 612,
              "width": 360
            }
          }
        },
        "timings": {
          "firstPaint": 3938,
          "loadEventEnd": 11491,
          "navigationTiming": {
            "connectStart": 859,
            "domComplete": 11466,
            "domContentLoadedEventEnd": 4871,
            "domContentLoadedEventStart": 4863,
            "domInteractive": 4858,
            "domainLookupEnd": 859,
            "domainLookupStart": 859,
            "duration": 11491,
            "fetchStart": 806,
            "loadEventEnd": 11491,
            "loadEventStart": 11466,
            "redirectEnd": 798,
            "redirectStart": 2,
            "requestStart": 936,
            "responseEnd": 2618,
            "responseStart": 2618,
            "secureConnectionStart": 873,
            "startTime": 0,
            "unloadEventEnd": 0,
            "unloadEventStart": 0,
            "workerStart": 0
          },
          "pageTimings": {
            "backEndTime": 2618,
            "domContentLoadedTime": 4863,
            "domInteractiveTime": 4858,
            "domainLookupTime": 0,
            "frontEndTime": 8848,
            "pageDownloadTime": 0,
            "pageLoadTime": 11466,
            "redirectionTime": 795,
            "serverConnectionTime": 75,
            "serverResponseTime": 1682
          },
          "rumSpeedIndex": 2617,
          "timeToContentfulPaint": 4594,
          "timeToDomContentFlushed": 4883,
          "userTimings": {
            "marks": [],
            "measures": [
              {
                "duration": 6557.74,
                "name": "Next.js-before-hydration",
                "startTime": 0
              },
              {
                "duration": 1171.38,
                "name": "Next.js-hydration",
                "startTime": 6557.74
              }
            ]
          }
        }
      },
      {
        "browser": {
          "appConstants": {
            "ACCESSIBILITY": true,
            "ANDROID_PACKAGE_NAME": "org.mozilla.firefox",
            "ASAN": false,
            "ASAN_REPORTER": false,
            "BROWSER_CHROME_URL": "chrome://browser/content/browser.xul",
            "DEBUG": false,
            "DEBUG_JS_MODULES": "",
            "DLL_PREFIX": "lib",
            "DLL_SUFFIX": ".so",
            "EARLY_BETA_OR_EARLIER": false,
            "FENNEC_NIGHTLY": false,
            "HAVE_SHELL_SERVICE": false,
            "HAVE_USR_LIB64_DIR": false,
            "MENUBAR_CAN_AUTOHIDE": false,
            "MOZILLA_OFFICIAL": true,
            "MOZ_ALLOW_LEGACY_EXTENSIONS": false,
            "MOZ_ANDROID_ACTIVITY_STREAM": false,
            "MOZ_ANDROID_HISTORY": true,
            "MOZ_ANDROID_MOZILLA_ONLINE": false,
            "MOZ_APP_NAME": "fennec",
            "MOZ_APP_VERSION": "68.1.1",
            "MOZ_APP_VERSION_DISPLAY": "68.1.1",
            "MOZ_BING_API_CLIENTID": "no-bing-api-clientid",
            "MOZ_BING_API_KEY": "no-bing-api-key",
            "MOZ_BITS_DOWNLOAD": false,
            "MOZ_BUILD_APP": "mobile/android",
            "MOZ_CODE_COVERAGE": false,
            "MOZ_CRASHREPORTER": true,
            "MOZ_DATA_REPORTING": true,
            "MOZ_DEV_EDITION": false,
            "MOZ_GECKO_PROFILER": true,
            "MOZ_GOOGLE_LOCATION_SERVICE_API_KEY": "AIzaSyB2h2OuRcUgy5N-5hsZqiPW6sH3n_rptiQ",
            "MOZ_GOOGLE_SAFEBROWSING_API_KEY": "AIzaSyC7jsptDS3am4tPx4r3nxis7IMjBc5Dovo",
            "MOZ_GRAPHENE": false,
            "MOZ_MACBUNDLE_NAME": "Firefox.app",
            "MOZ_MAINTENANCE_SERVICE": false,
            "MOZ_MOZILLA_API_KEY": "3b4d27dd-703d-4094-8398-4de2c763505a",
            "MOZ_NEW_CERT_STORAGE": false,
            "MOZ_NEW_NOTIFICATION_STORE": false,
            "MOZ_NEW_XULSTORE": false,
            "MOZ_OFFICIAL_BRANDING": false,
            "MOZ_PLACES": false,
            "MOZ_REQUIRE_SIGNING": false,
            "MOZ_SANDBOX": false,
            "MOZ_SERVICES_HEALTHREPORT": true,
            "MOZ_SERVICES_SYNC": false,
            "MOZ_SWITCHBOARD": true,
            "MOZ_SYSTEM_NSS": false,
            "MOZ_TELEMETRY_ON_BY_DEFAULT": false,
            "MOZ_TELEMETRY_REPORTING": true,
            "MOZ_UNSIGNED_SCOPES": 0,
            "MOZ_UPDATER": false,
            "MOZ_UPDATE_CHANNEL": "release",
            "MOZ_WEBRTC": true,
            "MOZ_WIDGET_GTK": false,
            "MOZ_WIDGET_TOOLKIT": "android",
            "NIGHTLY_BUILD": false,
            "OMNIJAR_NAME": "assets/omni.ja",
            "RELEASE_OR_BETA": true,
            "SOURCE_REVISION_URL": "https://hg.mozilla.org/releases/mozilla-esr68/rev/d2e0b9e17b9bc1ef02606c8006b73293f7892ad5",
            "TELEMETRY_PING_FORMAT_VERSION": 4,
            "XP_UNIX": true,
            "isPlatformAndVersionAtLeast": {},
            "isPlatformAndVersionAtMost": {},
            "platform": "android"
          },
          "asyncAppConstants": {
            "ACCESSIBILITY": true,
            "ANDROID_PACKAGE_NAME": "org.mozilla.firefox",
            "ASAN": false,
            "ASAN_REPORTER": false,
            "BROWSER_CHROME_URL": "chrome://browser/content/browser.xul",
            "DEBUG": false,
            "DEBUG_JS_MODULES": "",
            "DLL_PREFIX": "lib",
            "DLL_SUFFIX": ".so",
            "EARLY_BETA_OR_EARLIER": false,
            "FENNEC_NIGHTLY": false,
            "HAVE_SHELL_SERVICE": false,
            "HAVE_USR_LIB64_DIR": false,
            "MENUBAR_CAN_AUTOHIDE": false,
            "MOZILLA_OFFICIAL": true,
            "MOZ_ALLOW_LEGACY_EXTENSIONS": false,
            "MOZ_ANDROID_ACTIVITY_STREAM": false,
            "MOZ_ANDROID_HISTORY": true,
            "MOZ_ANDROID_MOZILLA_ONLINE": false,
            "MOZ_APP_NAME": "fennec",
            "MOZ_APP_VERSION": "68.1.1",
            "MOZ_APP_VERSION_DISPLAY": "68.1.1",
            "MOZ_BING_API_CLIENTID": "no-bing-api-clientid",
            "MOZ_BING_API_KEY": "no-bing-api-key",
            "MOZ_BITS_DOWNLOAD": false,
            "MOZ_BUILD_APP": "mobile/android",
            "MOZ_CODE_COVERAGE": false,
            "MOZ_CRASHREPORTER": true,
            "MOZ_DATA_REPORTING": true,
            "MOZ_DEV_EDITION": false,
            "MOZ_GECKO_PROFILER": true,
            "MOZ_GOOGLE_LOCATION_SERVICE_API_KEY": "AIzaSyB2h2OuRcUgy5N-5hsZqiPW6sH3n_rptiQ",
            "MOZ_GOOGLE_SAFEBROWSING_API_KEY": "AIzaSyC7jsptDS3am4tPx4r3nxis7IMjBc5Dovo",
            "MOZ_GRAPHENE": false,
            "MOZ_MACBUNDLE_NAME": "Firefox.app",
            "MOZ_MAINTENANCE_SERVICE": false,
            "MOZ_MOZILLA_API_KEY": "3b4d27dd-703d-4094-8398-4de2c763505a",
            "MOZ_NEW_CERT_STORAGE": false,
            "MOZ_NEW_NOTIFICATION_STORE": false,
            "MOZ_NEW_XULSTORE": false,
            "MOZ_OFFICIAL_BRANDING": false,
            "MOZ_PLACES": false,
            "MOZ_REQUIRE_SIGNING": false,
            "MOZ_SANDBOX": false,
            "MOZ_SERVICES_HEALTHREPORT": true,
            "MOZ_SERVICES_SYNC": false,
            "MOZ_SWITCHBOARD": true,
            "MOZ_SYSTEM_NSS": false,
            "MOZ_TELEMETRY_ON_BY_DEFAULT": false,
            "MOZ_TELEMETRY_REPORTING": true,
            "MOZ_UNSIGNED_SCOPES": 0,
            "MOZ_UPDATER": false,
            "MOZ_UPDATE_CHANNEL": "release",
            "MOZ_WEBRTC": true,
            "MOZ_WIDGET_GTK": false,
            "MOZ_WIDGET_TOOLKIT": "android",
            "NIGHTLY_BUILD": false,
            "OMNIJAR_NAME": "assets/omni.ja",
            "RELEASE_OR_BETA": true,
            "SOURCE_REVISION_URL": "https://hg.mozilla.org/releases/mozilla-esr68/rev/d2e0b9e17b9bc1ef02606c8006b73293f7892ad5",
            "TELEMETRY_PING_FORMAT_VERSION": 4,
            "XP_UNIX": true,
            "isPlatformAndVersionAtLeast": {},
            "isPlatformAndVersionAtMost": {},
            "platform": "android"
          },
          "userAgent": "Mozilla/5.0 (Android 9; Mobile; rv:68.0) Gecko/68.0 Firefox/68.0",
          "windowSize": "360x612"
        },
        "pageinfo": {
          "documentHeight": 6100,
          "documentSize": {
            "decodedBodySize": 801791,
            "encodedBodySize": 157267,
            "transferSize": 158291
          },
          "documentTitle": "IMDb: Ratings, Reviews, and Where to Watch the Best Movies & TV Shows",
          "documentWidth": 360,
          "domElements": 4205,
          "navigationStartTime": 1617115147465,
          "nextHopProtocol": "h2",
          "resources": {
            "count": 0,
            "duration": 0
          },
          "responsive": true,
          "url": "https://m.imdb.com/",
          "visualElements": {
            "heroes": [
              {
                "filename": "MV5BN2E1MWVkNmEtMjFiNi00MzNlLWJmNDUtNGM4NWFjMjBiNzY0XkEyXkFqcGdeQWpnYW1i._V1_QL75_UX500_CR0,0,500,281_.jpg",
                "height": 194,
                "name": "LargestImage",
                "width": 344,
                "x": 8,
                "y": 138
              }
            ],
            "viewport": {
              "height": 612,
              "width": 360
            }
          }
        },
        "timings": {
          "firstPaint": 3747,
          "loadEventEnd": 18015,
          "navigationTiming": {
            "connectStart": 670,
            "domComplete": 17985,
            "domContentLoadedEventEnd": 4122,
            "domContentLoadedEventStart": 4112,
            "domInteractive": 3932,
            "domainLookupEnd": 670,
            "domainLookupStart": 670,
            "duration": 18015,
            "fetchStart": 633,
            "loadEventEnd": 18015,
            "loadEventStart": 17985,
            "redirectEnd": 629,
            "redirectStart": 2,
            "requestStart": 759,
            "responseEnd": 2098,
            "responseStart": 2098,
            "secureConnectionStart": 691,
            "startTime": 0,
            "unloadEventEnd": 0,
            "unloadEventStart": 0,
            "workerStart": 0
          },
          "pageTimings": {
            "backEndTime": 2098,
            "domContentLoadedTime": 4112,
            "domInteractiveTime": 3932,
            "domainLookupTime": 0,
            "frontEndTime": 15887,
            "pageDownloadTime": 0,
            "pageLoadTime": 17985,
            "redirectionTime": 626,
            "serverConnectionTime": 88,
            "serverResponseTime": 1339
          },
          "rumSpeedIndex": 2097,
          "timeToContentfulPaint": 4062,
          "timeToDomContentFlushed": 4258,
          "userTimings": {
            "marks": [],
            "measures": [
              {
                "duration": 4870.22,
                "name": "Next.js-before-hydration",
                "startTime": 0
              },
              {
                "duration": 1183.3199999999997,
                "name": "Next.js-hydration",
                "startTime": 4870.22
              }
            ]
          }
        }
      },
      {
        "browser": {
          "appConstants": {
            "ACCESSIBILITY": true,
            "ANDROID_PACKAGE_NAME": "org.mozilla.firefox",
            "ASAN": false,
            "ASAN_REPORTER": false,
            "BROWSER_CHROME_URL": "chrome://browser/content/browser.xul",
            "DEBUG": false,
            "DEBUG_JS_MODULES": "",
            "DLL_PREFIX": "lib",
            "DLL_SUFFIX": ".so",
            "EARLY_BETA_OR_EARLIER": false,
            "FENNEC_NIGHTLY": false,
            "HAVE_SHELL_SERVICE": false,
            "HAVE_USR_LIB64_DIR": false,
            "MENUBAR_CAN_AUTOHIDE": false,
            "MOZILLA_OFFICIAL": true,
            "MOZ_ALLOW_LEGACY_EXTENSIONS": false,
            "MOZ_ANDROID_ACTIVITY_STREAM": false,
            "MOZ_ANDROID_HISTORY": true,
            "MOZ_ANDROID_MOZILLA_ONLINE": false,
            "MOZ_APP_NAME": "fennec",
            "MOZ_APP_VERSION": "68.1.1",
            "MOZ_APP_VERSION_DISPLAY": "68.1.1",
            "MOZ_BING_API_CLIENTID": "no-bing-api-clientid",
            "MOZ_BING_API_KEY": "no-bing-api-key",
            "MOZ_BITS_DOWNLOAD": false,
            "MOZ_BUILD_APP": "mobile/android",
            "MOZ_CODE_COVERAGE": false,
            "MOZ_CRASHREPORTER": true,
            "MOZ_DATA_REPORTING": true,
            "MOZ_DEV_EDITION": false,
            "MOZ_GECKO_PROFILER": true,
            "MOZ_GOOGLE_LOCATION_SERVICE_API_KEY": "AIzaSyB2h2OuRcUgy5N-5hsZqiPW6sH3n_rptiQ",
            "MOZ_GOOGLE_SAFEBROWSING_API_KEY": "AIzaSyC7jsptDS3am4tPx4r3nxis7IMjBc5Dovo",
            "MOZ_GRAPHENE": false,
            "MOZ_MACBUNDLE_NAME": "Firefox.app",
            "MOZ_MAINTENANCE_SERVICE": false,
            "MOZ_MOZILLA_API_KEY": "3b4d27dd-703d-4094-8398-4de2c763505a",
            "MOZ_NEW_CERT_STORAGE": false,
            "MOZ_NEW_NOTIFICATION_STORE": false,
            "MOZ_NEW_XULSTORE": false,
            "MOZ_OFFICIAL_BRANDING": false,
            "MOZ_PLACES": false,
            "MOZ_REQUIRE_SIGNING": false,
            "MOZ_SANDBOX": false,
            "MOZ_SERVICES_HEALTHREPORT": true,
            "MOZ_SERVICES_SYNC": false,
            "MOZ_SWITCHBOARD": true,
            "MOZ_SYSTEM_NSS": false,
            "MOZ_TELEMETRY_ON_BY_DEFAULT": false,
            "MOZ_TELEMETRY_REPORTING": true,
            "MOZ_UNSIGNED_SCOPES": 0,
            "MOZ_UPDATER": false,
            "MOZ_UPDATE_CHANNEL": "release",
            "MOZ_WEBRTC": true,
            "MOZ_WIDGET_GTK": false,
            "MOZ_WIDGET_TOOLKIT": "android",
            "NIGHTLY_BUILD": false,
            "OMNIJAR_NAME": "assets/omni.ja",
            "RELEASE_OR_BETA": true,
            "SOURCE_REVISION_URL": "https://hg.mozilla.org/releases/mozilla-esr68/rev/d2e0b9e17b9bc1ef02606c8006b73293f7892ad5",
            "TELEMETRY_PING_FORMAT_VERSION": 4,
            "XP_UNIX": true,
            "isPlatformAndVersionAtLeast": {},
            "isPlatformAndVersionAtMost": {},
            "platform": "android"
          },
          "asyncAppConstants": {
            "ACCESSIBILITY": true,
            "ANDROID_PACKAGE_NAME": "org.mozilla.firefox",
            "ASAN": false,
            "ASAN_REPORTER": false,
            "BROWSER_CHROME_URL": "chrome://browser/content/browser.xul",
            "DEBUG": false,
            "DEBUG_JS_MODULES": "",
            "DLL_PREFIX": "lib",
            "DLL_SUFFIX": ".so",
            "EARLY_BETA_OR_EARLIER": false,
            "FENNEC_NIGHTLY": false,
            "HAVE_SHELL_SERVICE": false,
            "HAVE_USR_LIB64_DIR": false,
            "MENUBAR_CAN_AUTOHIDE": false,
            "MOZILLA_OFFICIAL": true,
            "MOZ_ALLOW_LEGACY_EXTENSIONS": false,
            "MOZ_ANDROID_ACTIVITY_STREAM": false,
            "MOZ_ANDROID_HISTORY": true,
            "MOZ_ANDROID_MOZILLA_ONLINE": false,
            "MOZ_APP_NAME": "fennec",
            "MOZ_APP_VERSION": "68.1.1",
            "MOZ_APP_VERSION_DISPLAY": "68.1.1",
            "MOZ_BING_API_CLIENTID": "no-bing-api-clientid",
            "MOZ_BING_API_KEY": "no-bing-api-key",
            "MOZ_BITS_DOWNLOAD": false,
            "MOZ_BUILD_APP": "mobile/android",
            "MOZ_CODE_COVERAGE": false,
            "MOZ_CRASHREPORTER": true,
            "MOZ_DATA_REPORTING": true,
            "MOZ_DEV_EDITION": false,
            "MOZ_GECKO_PROFILER": true,
            "MOZ_GOOGLE_LOCATION_SERVICE_API_KEY": "AIzaSyB2h2OuRcUgy5N-5hsZqiPW6sH3n_rptiQ",
            "MOZ_GOOGLE_SAFEBROWSING_API_KEY": "AIzaSyC7jsptDS3am4tPx4r3nxis7IMjBc5Dovo",
            "MOZ_GRAPHENE": false,
            "MOZ_MACBUNDLE_NAME": "Firefox.app",
            "MOZ_MAINTENANCE_SERVICE": false,
            "MOZ_MOZILLA_API_KEY": "3b4d27dd-703d-4094-8398-4de2c763505a",
            "MOZ_NEW_CERT_STORAGE": false,
            "MOZ_NEW_NOTIFICATION_STORE": false,
            "MOZ_NEW_XULSTORE": false,
            "MOZ_OFFICIAL_BRANDING": false,
            "MOZ_PLACES": false,
            "MOZ_REQUIRE_SIGNING": false,
            "MOZ_SANDBOX": false,
            "MOZ_SERVICES_HEALTHREPORT": true,
            "MOZ_SERVICES_SYNC": false,
            "MOZ_SWITCHBOARD": true,
            "MOZ_SYSTEM_NSS": false,
            "MOZ_TELEMETRY_ON_BY_DEFAULT": false,
            "MOZ_TELEMETRY_REPORTING": true,
            "MOZ_UNSIGNED_SCOPES": 0,
            "MOZ_UPDATER": false,
            "MOZ_UPDATE_CHANNEL": "release",
            "MOZ_WEBRTC": true,
            "MOZ_WIDGET_GTK": false,
            "MOZ_WIDGET_TOOLKIT": "android",
            "NIGHTLY_BUILD": false,
            "OMNIJAR_NAME": "assets/omni.ja",
            "RELEASE_OR_BETA": true,
            "SOURCE_REVISION_URL": "https://hg.mozilla.org/releases/mozilla-esr68/rev/d2e0b9e17b9bc1ef02606c8006b73293f7892ad5",
            "TELEMETRY_PING_FORMAT_VERSION": 4,
            "XP_UNIX": true,
            "isPlatformAndVersionAtLeast": {},
            "isPlatformAndVersionAtMost": {},
            "platform": "android"
          },
          "userAgent": "Mozilla/5.0 (Android 9; Mobile; rv:68.0) Gecko/68.0 Firefox/68.0",
          "windowSize": "360x612"
        },
        "pageinfo": {
          "documentHeight": 6100,
          "documentSize": {
            "decodedBodySize": 797207,
            "encodedBodySize": 155421,
            "transferSize": 156445
          },
          "documentTitle": "IMDb: Ratings, Reviews, and Where to Watch the Best Movies & TV Shows",
          "documentWidth": 360,
          "domElements": 4205,
          "navigationStartTime": 1617115179157,
          "nextHopProtocol": "h2",
          "resources": {
            "count": 0,
            "duration": 0
          },
          "responsive": true,
          "url": "https://m.imdb.com/",
          "visualElements": {
            "heroes": [
              {
                "filename": "MV5BN2E1MWVkNmEtMjFiNi00MzNlLWJmNDUtNGM4NWFjMjBiNzY0XkEyXkFqcGdeQWpnYW1i._V1_QL75_UX500_CR0,0,500,281_.jpg",
                "height": 194,
                "name": "LargestImage",
                "width": 344,
                "x": 8,
                "y": 138
              }
            ],
            "viewport": {
              "height": 612,
              "width": 360
            }
          }
        },
        "timings": {
          "firstPaint": 3544,
          "loadEventEnd": 18003,
          "navigationTiming": {
            "connectStart": 469,
            "domComplete": 17980,
            "domContentLoadedEventEnd": 4343,
            "domContentLoadedEventStart": 4334,
            "domInteractive": 4260,
            "domainLookupEnd": 469,
            "domainLookupStart": 469,
            "duration": 18003,
            "fetchStart": 423,
            "loadEventEnd": 18003,
            "loadEventStart": 17980,
            "redirectEnd": 415,
            "redirectStart": 2,
            "requestStart": 544,
            "responseEnd": 2155,
            "responseStart": 2155,
            "secureConnectionStart": 482,
            "startTime": 0,
            "unloadEventEnd": 0,
            "unloadEventStart": 0,
            "workerStart": 0
          },
          "pageTimings": {
            "backEndTime": 2155,
            "domContentLoadedTime": 4334,
            "domInteractiveTime": 4260,
            "domainLookupTime": 0,
            "frontEndTime": 15825,
            "pageDownloadTime": 0,
            "pageLoadTime": 17980,
            "redirectionTime": 413,
            "serverConnectionTime": 72,
            "serverResponseTime": 1611
          },
          "rumSpeedIndex": 2154,
          "timeToContentfulPaint": 3850,
          "timeToDomContentFlushed": 4284,
          "userTimings": {
            "marks": [],
            "measures": [
              {
                "duration": 6145.52,
                "name": "Next.js-before-hydration",
                "startTime": 0
              },
              {
                "duration": 1230.66,
                "name": "Next.js-hydration",
                "startTime": 6145.52
              }
            ]
          }
        }
      }
    ],
    "visualMetrics": [],
    "cpu": [],
    "extras": [
      {},
      {},
      {}
    ],
    "fullyLoaded": [],
    "errors": [
      [],
      [],
      []
    ],
    "statistics": {
      "browser": {
        "appConstants": {
          "MOZ_UNSIGNED_SCOPES": {
            "median": 0,
            "mean": 0,
            "mdev": 0,
            "stddev": 0,
            "min": 0,
            "p10": 0,
            "p90": 0,
            "p99": 0,
            "max": 0
          },
          "TELEMETRY_PING_FORMAT_VERSION": {
            "median": 4,
            "mean": 4,
            "mdev": 0,
            "stddev": 0,
            "min": 4,
            "p10": 4,
            "p90": 4,
            "p99": 4,
            "max": 4
          }
        },
        "asyncAppConstants": {
          "MOZ_UNSIGNED_SCOPES": {
            "median": 0,
            "mean": 0,
            "mdev": 0,
            "stddev": 0,
            "min": 0,
            "p10": 0,
            "p90": 0,
            "p99": 0,
            "max": 0
          },
          "TELEMETRY_PING_FORMAT_VERSION": {
            "median": 4,
            "mean": 4,
            "mdev": 0,
            "stddev": 0,
            "min": 4,
            "p10": 4,
            "p90": 4,
            "p99": 4,
            "max": 4
          }
        }
      },
      "pageinfo": {
        "documentHeight": {
          "median": 6100,
          "mean": 6100,
          "mdev": 0,
          "stddev": 0,
          "min": 6100,
          "p10": 6100,
          "p90": 6100,
          "p99": 6100,
          "max": 6100
        },
        "documentSize": {
          "decodedBodySize": {
            "median": 797207,
            "mean": 791336,
            "mdev": 6751.8005,
            "stddev": 11694,
            "min": 775011,
            "p10": 775011,
            "p90": 801791,
            "p99": 801791,
            "max": 801791
          },
          "encodedBodySize": {
            "median": 155421,
            "mean": 155221,
            "mdev": 1014.6779,
            "stddev": 1757,
            "min": 152976,
            "p10": 152976,
            "p90": 157267,
            "p99": 157267,
            "max": 157267
          },
          "transferSize": {
            "median": 156445,
            "mean": 156245,
            "mdev": 1014.6779,
            "stddev": 1757,
            "min": 154000,
            "p10": 154000,
            "p90": 158291,
            "p99": 158291,
            "max": 158291
          }
        },
        "documentWidth": {
          "median": 360,
          "mean": 360,
          "mdev": 0,
          "stddev": 0,
          "min": 360,
          "p10": 360,
          "p90": 360,
          "p99": 360,
          "max": 360
        },
        "domElements": {
          "median": 4205,
          "mean": 4205,
          "mdev": 0,
          "stddev": 0,
          "min": 4205,
          "p10": 4205,
          "p90": 4205,
          "p99": 4205,
          "max": 4205
        },
        "navigationStartTime": {
          "median": 1617115147465,
          "mean": 1617115149514,
          "mdev": 0,
          "stddev": 0,
          "min": 1617115121919,
          "p10": 1617115121919,
          "p90": 1617115179157,
          "p99": 1617115179157,
          "max": 1617115179157
        },
        "resources": {
          "count": {
            "median": 0,
            "mean": 0,
            "mdev": 0,
            "stddev": 0,
            "min": 0,
            "p10": 0,
            "p90": 0,
            "p99": 0,
            "max": 0
          },
          "duration": {
            "median": 0,
            "mean": 0,
            "mdev": 0,
            "stddev": 0,
            "min": 0,
            "p10": 0,
            "p90": 0,
            "p99": 0,
            "max": 0
          }
        },
        "visualElements": {
          "heroes": [
            {
              "height": {
                "median": 194,
                "mean": 194,
                "mdev": 0,
                "stddev": 0,
                "min": 194,
                "p10": 194,
                "p90": 194,
                "p99": 194,
                "max": 194
              },
              "width": {
                "median": 344,
                "mean": 344,
                "mdev": 0,
                "stddev": 0,
                "min": 344,
                "p10": 344,
                "p90": 344,
                "p99": 344,
                "max": 344
              },
              "x": {
                "median": 8,
                "mean": 8,
                "mdev": 0,
                "stddev": 0,
                "min": 8,
                "p10": 8,
                "p90": 8,
                "p99": 8,
                "max": 8
              },
              "y": {
                "median": 138,
                "mean": 138,
                "mdev": 0,
                "stddev": 0,
                "min": 138,
                "p10": 138,
                "p90": 138,
                "p99": 138,
                "max": 138
              }
            }
          ],
          "viewport": {
            "height": {
              "median": 612,
              "mean": 612,
              "mdev": 0,
              "stddev": 0,
              "min": 612,
              "p10": 612,
              "p90": 612,
              "p99": 612,
              "max": 612
            },
            "width": {
              "median": 360,
              "mean": 360,
              "mdev": 0,
              "stddev": 0,
              "min": 360,
              "p10": 360,
              "p90": 360,
              "p99": 360,
              "max": 360
            }
          }
        }
      },
      "timings": {
        "firstPaint": {
          "median": 3747,
          "mean": 3743,
          "mdev": 92.881,
          "stddev": 161,
          "min": 3544,
          "p10": 3544,
          "p90": 3938,
          "p99": 3938,
          "max": 3938
        },
        "loadEventEnd": {
          "median": 18003,
          "mean": 15836,
          "mdev": 1773.9772,
          "stddev": 3073,
          "min": 11491,
          "p10": 11491,
          "p90": 18015,
          "p99": 18015,
          "max": 18015
        },
        "navigationTiming": {
          "connectStart": {
            "median": 670,
            "mean": 666,
            "mdev": 91.9384,
            "stddev": 159,
            "min": 469,
            "p10": 469,
            "p90": 859,
            "p99": 859,
            "max": 859
          },
          "domComplete": {
            "median": 17980,
            "mean": 15810,
            "mdev": 1773.567,
            "stddev": 3072,
            "min": 11466,
            "p10": 11466,
            "p90": 17985,
            "p99": 17985,
            "max": 17985
          },
          "domContentLoadedEventEnd": {
            "median": 4343,
            "mean": 4445,
            "mdev": 181.4169,
            "stddev": 314,
            "min": 4122,
            "p10": 4122,
            "p90": 4871,
            "p99": 4871,
            "max": 4871
          },
          "domContentLoadedEventStart": {
            "median": 4334,
            "mean": 4436,
            "mdev": 181.8756,
            "stddev": 315,
            "min": 4112,
            "p10": 4112,
            "p90": 4863,
            "p99": 4863,
            "max": 4863
          },
          "domInteractive": {
            "median": 4260,
            "mean": 4350,
            "mdev": 221.3313,
            "stddev": 383,
            "min": 3932,
            "p10": 3932,
            "p90": 4858,
            "p99": 4858,
            "max": 4858
          },
          "domainLookupEnd": {
            "median": 670,
            "mean": 666,
            "mdev": 91.9384,
            "stddev": 159,
            "min": 469,
            "p10": 469,
            "p90": 859,
            "p99": 859,
            "max": 859
          },
          "domainLookupStart": {
            "median": 670,
            "mean": 666,
            "mdev": 91.9384,
            "stddev": 159,
            "min": 469,
            "p10": 469,
            "p90": 859,
            "p99": 859,
            "max": 859
          },
          "duration": {
            "median": 18003,
            "mean": 15836,
            "mdev": 1773.9772,
            "stddev": 3073,
            "min": 11491,
            "p10": 11491,
            "p90": 18015,
            "p99": 18015,
            "max": 18015
          },
          "fetchStart": {
            "median": 633,
            "mean": 621,
            "mdev": 90.4143,
            "stddev": 157,
            "min": 423,
            "p10": 423,
            "p90": 806,
            "p99": 806,
            "max": 806
          },
          "loadEventEnd": {
            "median": 18003,
            "mean": 15836,
            "mdev": 1773.9772,
            "stddev": 3073,
            "min": 11491,
            "p10": 11491,
            "p90": 18015,
            "p99": 18015,
            "max": 18015
          },
          "loadEventStart": {
            "median": 17980,
            "mean": 15810,
            "mdev": 1773.567,
            "stddev": 3072,
            "min": 11466,
            "p10": 11466,
            "p90": 17985,
            "p99": 17985,
            "max": 17985
          },
          "redirectEnd": {
            "median": 629,
            "mean": 614,
            "mdev": 90.4814,
            "stddev": 157,
            "min": 415,
            "p10": 415,
            "p90": 798,
            "p99": 798,
            "max": 798
          },
          "redirectStart": {
            "median": 2,
            "mean": 2,
            "mdev": 0,
            "stddev": 0,
            "min": 2,
            "p10": 2,
            "p90": 2,
            "p99": 2,
            "max": 2
          },
          "requestStart": {
            "median": 759,
            "mean": 746,
            "mdev": 92.5399,
            "stddev": 160,
            "min": 544,
            "p10": 544,
            "p90": 936,
            "p99": 936,
            "max": 936
          },
          "responseEnd": {
            "median": 2155,
            "mean": 2290,
            "mdev": 134.4423,
            "stddev": 233,
            "min": 2098,
            "p10": 2098,
            "p90": 2618,
            "p99": 2618,
            "max": 2618
          },
          "responseStart": {
            "median": 2155,
            "mean": 2290,
            "mdev": 134.4423,
            "stddev": 233,
            "min": 2098,
            "p10": 2098,
            "p90": 2618,
            "p99": 2618,
            "max": 2618
          },
          "secureConnectionStart": {
            "median": 691,
            "mean": 682,
            "mdev": 92.2328,
            "stddev": 160,
            "min": 482,
            "p10": 482,
            "p90": 873,
            "p99": 873,
            "max": 873
          },
          "startTime": {
            "median": 0,
            "mean": 0,
            "mdev": 0,
            "stddev": 0,
            "min": 0,
            "p10": 0,
            "p90": 0,
            "p99": 0,
            "max": 0
          },
          "unloadEventEnd": {
            "median": 0,
            "mean": 0,
            "mdev": 0,
            "stddev": 0,
            "min": 0,
            "p10": 0,
            "p90": 0,
            "p99": 0,
            "max": 0
          },
          "unloadEventStart": {
            "median": 0,
            "mean": 0,
            "mdev": 0,
            "stddev": 0,
            "min": 0,
            "p10": 0,
            "p90": 0,
            "p99": 0,
            "max": 0
          },
          "workerStart": {
            "median": 0,
            "mean": 0,
            "mdev": 0,
            "stddev": 0,
            "min": 0,
            "p10": 0,
            "p90": 0,
            "p99": 0,
            "max": 0
          }
        },
        "pageTimings": {
          "backEndTime": {
            "median": 2155,
            "mean": 2290,
            "mdev": 134.4423,
            "stddev": 233,
            "min": 2098,
            "p10": 2098,
            "p90": 2618,
            "p99": 2618,
            "max": 2618
          },
          "domContentLoadedTime": {
            "median": 4334,
            "mean": 4436,
            "mdev": 181.8756,
            "stddev": 315,
            "min": 4112,
            "p10": 4112,
            "p90": 4863,
            "p99": 4863,
            "max": 4863
          },
          "domInteractiveTime": {
            "median": 4260,
            "mean": 4350,
            "mdev": 221.3313,
            "stddev": 383,
            "min": 3932,
            "p10": 3932,
            "p90": 4858,
            "p99": 4858,
            "max": 4858
          },
          "domainLookupTime": {
            "median": 0,
            "mean": 0,
            "mdev": 0,
            "stddev": 0,
            "min": 0,
            "p10": 0,
            "p90": 0,
            "p99": 0,
            "max": 0
          },
          "frontEndTime": {
            "median": 15825,
            "mean": 13520,
            "mdev": 1907.392,
            "stddev": 3304,
            "min": 8848,
            "p10": 8848,
            "p90": 15887,
            "p99": 15887,
            "max": 15887
          },
          "pageDownloadTime": {
            "median": 0,
            "mean": 0,
            "mdev": 0,
            "stddev": 0,
            "min": 0,
            "p10": 0,
            "p90": 0,
            "p99": 0,
            "max": 0
          },
          "pageLoadTime": {
            "median": 17980,
            "mean": 15810,
            "mdev": 1773.567,
            "stddev": 3072,
            "min": 11466,
            "p10": 11466,
            "p90": 17985,
            "p99": 17985,
            "max": 17985
          },
          "redirectionTime": {
            "median": 626,
            "mean": 611,
            "mdev": 90.2371,
            "stddev": 156,
            "min": 413,
            "p10": 413,
            "p90": 795,
            "p99": 795,
            "max": 795
          },
          "serverConnectionTime": {
            "median": 75,
            "mean": 78,
            "mdev": 4.0092,
            "stddev": 7,
            "min": 72,
            "p10": 72,
            "p90": 88,
            "p99": 88,
            "max": 88
          },
          "serverResponseTime": {
            "median": 1611,
            "mean": 1544,
            "mdev": 85.3477,
            "stddev": 148,
            "min": 1339,
            "p10": 1339,
            "p90": 1682,
            "p99": 1682,
            "max": 1682
          }
        },
        "rumSpeedIndex": {
          "median": 2154,
          "mean": 2289,
          "mdev": 134.4423,
          "stddev": 233,
          "min": 2097,
          "p10": 2097,
          "p90": 2617,
          "p99": 2617,
          "max": 2617
        },
        "timeToContentfulPaint": {
          "median": 4062,
          "mean": 4169,
          "mdev": 180.6884,
          "stddev": 313,
          "min": 3850,
          "p10": 3850,
          "p90": 4594,
          "p99": 4594,
          "max": 4594
        },
        "timeToDomContentFlushed": {
          "median": 4284,
          "mean": 4475,
          "mdev": 166.678,
          "stddev": 289,
          "min": 4258,
          "p10": 4258,
          "p90": 4883,
          "p99": 4883,
          "max": 4883
        },
        "userTimings": {
          "measures": {
            "Next.js-before-hydration": {
              "median": 6146,
              "mean": 5858,
              "mdev": 414.7306,
              "stddev": 718,
              "min": 4870,
              "p10": 4870,
              "p90": 6558,
              "p99": 6558,
              "max": 6558
            },
            "Next.js-hydration": {
              "median": 1183,
              "mean": 1195,
              "mdev": 14.7796,
              "stddev": 26,
              "min": 1171,
              "p10": 1171,
              "p90": 1231,
              "p99": 1231,
              "max": 1231
            }
          }
        }
      }
    }
  }
]