[
  {
    "info": {
      "browsertime": {
        "version": "8.4.0"
      },
      "url": "http://eastday.com/",
      "timestamp": "2021-03-30T22:59:50+04:00",
      "connectivity": {
        "engine": "external",
        "profile": "native"
      },
      "extra": {}
    },
    "files": {
      "video": [],
      "screenshot": [],
      "timeline": [],
      "consoleLog": [],
      "netLog": [],
      "perfLog": []
    },
    "cdp": {
      "performance": []
    },
    "timestamps": [
      "2021-03-30T22:59:34+04:00",
      "2021-03-30T22:59:56+04:00",
      "2021-03-30T23:00:19+04:00"
    ],
    "browserScripts": [
      {
        "browser": {
          "appConstants": {
            "ACCESSIBILITY": true,
            "ANDROID_PACKAGE_NAME": "org.mozilla.firefox",
            "ASAN": false,
            "ASAN_REPORTER": false,
            "BROWSER_CHROME_URL": "chrome://browser/content/browser.xul",
            "DEBUG": false,
            "DEBUG_JS_MODULES": "",
            "DLL_PREFIX": "lib",
            "DLL_SUFFIX": ".so",
            "EARLY_BETA_OR_EARLIER": false,
            "FENNEC_NIGHTLY": false,
            "HAVE_SHELL_SERVICE": false,
            "HAVE_USR_LIB64_DIR": false,
            "MENUBAR_CAN_AUTOHIDE": false,
            "MOZILLA_OFFICIAL": true,
            "MOZ_ALLOW_LEGACY_EXTENSIONS": false,
            "MOZ_ANDROID_ACTIVITY_STREAM": false,
            "MOZ_ANDROID_HISTORY": true,
            "MOZ_ANDROID_MOZILLA_ONLINE": false,
            "MOZ_APP_NAME": "fennec",
            "MOZ_APP_VERSION": "68.1.1",
            "MOZ_APP_VERSION_DISPLAY": "68.1.1",
            "MOZ_BING_API_CLIENTID": "no-bing-api-clientid",
            "MOZ_BING_API_KEY": "no-bing-api-key",
            "MOZ_BITS_DOWNLOAD": false,
            "MOZ_BUILD_APP": "mobile/android",
            "MOZ_CODE_COVERAGE": false,
            "MOZ_CRASHREPORTER": true,
            "MOZ_DATA_REPORTING": true,
            "MOZ_DEV_EDITION": false,
            "MOZ_GECKO_PROFILER": true,
            "MOZ_GOOGLE_LOCATION_SERVICE_API_KEY": "AIzaSyB2h2OuRcUgy5N-5hsZqiPW6sH3n_rptiQ",
            "MOZ_GOOGLE_SAFEBROWSING_API_KEY": "AIzaSyC7jsptDS3am4tPx4r3nxis7IMjBc5Dovo",
            "MOZ_GRAPHENE": false,
            "MOZ_MACBUNDLE_NAME": "Firefox.app",
            "MOZ_MAINTENANCE_SERVICE": false,
            "MOZ_MOZILLA_API_KEY": "3b4d27dd-703d-4094-8398-4de2c763505a",
            "MOZ_NEW_CERT_STORAGE": false,
            "MOZ_NEW_NOTIFICATION_STORE": false,
            "MOZ_NEW_XULSTORE": false,
            "MOZ_OFFICIAL_BRANDING": false,
            "MOZ_PLACES": false,
            "MOZ_REQUIRE_SIGNING": false,
            "MOZ_SANDBOX": false,
            "MOZ_SERVICES_HEALTHREPORT": true,
            "MOZ_SERVICES_SYNC": false,
            "MOZ_SWITCHBOARD": true,
            "MOZ_SYSTEM_NSS": false,
            "MOZ_TELEMETRY_ON_BY_DEFAULT": false,
            "MOZ_TELEMETRY_REPORTING": true,
            "MOZ_UNSIGNED_SCOPES": 0,
            "MOZ_UPDATER": false,
            "MOZ_UPDATE_CHANNEL": "release",
            "MOZ_WEBRTC": true,
            "MOZ_WIDGET_GTK": false,
            "MOZ_WIDGET_TOOLKIT": "android",
            "NIGHTLY_BUILD": false,
            "OMNIJAR_NAME": "assets/omni.ja",
            "RELEASE_OR_BETA": true,
            "SOURCE_REVISION_URL": "https://hg.mozilla.org/releases/mozilla-esr68/rev/d2e0b9e17b9bc1ef02606c8006b73293f7892ad5",
            "TELEMETRY_PING_FORMAT_VERSION": 4,
            "XP_UNIX": true,
            "isPlatformAndVersionAtLeast": {},
            "isPlatformAndVersionAtMost": {},
            "platform": "android"
          },
          "asyncAppConstants": {
            "ACCESSIBILITY": true,
            "ANDROID_PACKAGE_NAME": "org.mozilla.firefox",
            "ASAN": false,
            "ASAN_REPORTER": false,
            "BROWSER_CHROME_URL": "chrome://browser/content/browser.xul",
            "DEBUG": false,
            "DEBUG_JS_MODULES": "",
            "DLL_PREFIX": "lib",
            "DLL_SUFFIX": ".so",
            "EARLY_BETA_OR_EARLIER": false,
            "FENNEC_NIGHTLY": false,
            "HAVE_SHELL_SERVICE": false,
            "HAVE_USR_LIB64_DIR": false,
            "MENUBAR_CAN_AUTOHIDE": false,
            "MOZILLA_OFFICIAL": true,
            "MOZ_ALLOW_LEGACY_EXTENSIONS": false,
            "MOZ_ANDROID_ACTIVITY_STREAM": false,
            "MOZ_ANDROID_HISTORY": true,
            "MOZ_ANDROID_MOZILLA_ONLINE": false,
            "MOZ_APP_NAME": "fennec",
            "MOZ_APP_VERSION": "68.1.1",
            "MOZ_APP_VERSION_DISPLAY": "68.1.1",
            "MOZ_BING_API_CLIENTID": "no-bing-api-clientid",
            "MOZ_BING_API_KEY": "no-bing-api-key",
            "MOZ_BITS_DOWNLOAD": false,
            "MOZ_BUILD_APP": "mobile/android",
            "MOZ_CODE_COVERAGE": false,
            "MOZ_CRASHREPORTER": true,
            "MOZ_DATA_REPORTING": true,
            "MOZ_DEV_EDITION": false,
            "MOZ_GECKO_PROFILER": true,
            "MOZ_GOOGLE_LOCATION_SERVICE_API_KEY": "AIzaSyB2h2OuRcUgy5N-5hsZqiPW6sH3n_rptiQ",
            "MOZ_GOOGLE_SAFEBROWSING_API_KEY": "AIzaSyC7jsptDS3am4tPx4r3nxis7IMjBc5Dovo",
            "MOZ_GRAPHENE": false,
            "MOZ_MACBUNDLE_NAME": "Firefox.app",
            "MOZ_MAINTENANCE_SERVICE": false,
            "MOZ_MOZILLA_API_KEY": "3b4d27dd-703d-4094-8398-4de2c763505a",
            "MOZ_NEW_CERT_STORAGE": false,
            "MOZ_NEW_NOTIFICATION_STORE": false,
            "MOZ_NEW_XULSTORE": false,
            "MOZ_OFFICIAL_BRANDING": false,
            "MOZ_PLACES": false,
            "MOZ_REQUIRE_SIGNING": false,
            "MOZ_SANDBOX": false,
            "MOZ_SERVICES_HEALTHREPORT": true,
            "MOZ_SERVICES_SYNC": false,
            "MOZ_SWITCHBOARD": true,
            "MOZ_SYSTEM_NSS": false,
            "MOZ_TELEMETRY_ON_BY_DEFAULT": false,
            "MOZ_TELEMETRY_REPORTING": true,
            "MOZ_UNSIGNED_SCOPES": 0,
            "MOZ_UPDATER": false,
            "MOZ_UPDATE_CHANNEL": "release",
            "MOZ_WEBRTC": true,
            "MOZ_WIDGET_GTK": false,
            "MOZ_WIDGET_TOOLKIT": "android",
            "NIGHTLY_BUILD": false,
            "OMNIJAR_NAME": "assets/omni.ja",
            "RELEASE_OR_BETA": true,
            "SOURCE_REVISION_URL": "https://hg.mozilla.org/releases/mozilla-esr68/rev/d2e0b9e17b9bc1ef02606c8006b73293f7892ad5",
            "TELEMETRY_PING_FORMAT_VERSION": 4,
            "XP_UNIX": true,
            "isPlatformAndVersionAtLeast": {},
            "isPlatformAndVersionAtMost": {},
            "platform": "android"
          },
          "userAgent": "Mozilla/5.0 (Android 9; Mobile; rv:68.0) Gecko/68.0 Firefox/68.0",
          "windowSize": "360x612"
        },
        "pageinfo": {
          "documentHeight": 4159,
          "documentSize": {
            "decodedBodySize": 10637,
            "encodedBodySize": 4163,
            "transferSize": 4473
          },
          "documentTitle": "东方新闻",
          "documentWidth": 360,
          "domElements": 412,
          "navigationStartTime": 1617130776700,
          "nextHopProtocol": "http/1.1",
          "resources": {
            "count": 0,
            "duration": 0
          },
          "responsive": true,
          "url": "http://wap.eastday.com/",
          "visualElements": {
            "heroes": [
              {
                "filename": "450",
                "height": 74,
                "name": "LargestImage",
                "width": 110,
                "x": 230,
                "y": 381
              },
              {
                "filename": null,
                "height": 72,
                "name": "Heading",
                "width": 322,
                "x": 19,
                "y": 145
              }
            ],
            "viewport": {
              "height": 612,
              "width": 360
            }
          }
        },
        "timings": {
          "firstPaint": 2960,
          "loadEventEnd": 6276,
          "navigationTiming": {
            "connectStart": 664,
            "domComplete": 6275,
            "domContentLoadedEventEnd": 6275,
            "domContentLoadedEventStart": 5240,
            "domInteractive": 5233,
            "domainLookupEnd": 664,
            "domainLookupStart": 663,
            "duration": 6276,
            "fetchStart": -2,
            "loadEventEnd": 6276,
            "loadEventStart": 6275,
            "redirectEnd": 0,
            "redirectStart": 0,
            "requestStart": 898,
            "responseEnd": 1135,
            "responseStart": 1135,
            "secureConnectionStart": 0,
            "startTime": 0,
            "unloadEventEnd": 0,
            "unloadEventStart": 0,
            "workerStart": 0
          },
          "pageTimings": {
            "backEndTime": 1135,
            "domContentLoadedTime": 5240,
            "domInteractiveTime": 5233,
            "domainLookupTime": 0,
            "frontEndTime": 5140,
            "pageDownloadTime": 0,
            "pageLoadTime": 6275,
            "redirectionTime": 0,
            "serverConnectionTime": 232,
            "serverResponseTime": 237
          },
          "rumSpeedIndex": 1134,
          "timeToContentfulPaint": 3047,
          "timeToDomContentFlushed": 5240,
          "userTimings": {
            "marks": [],
            "measures": []
          }
        }
      },
      {
        "browser": {
          "appConstants": {
            "ACCESSIBILITY": true,
            "ANDROID_PACKAGE_NAME": "org.mozilla.firefox",
            "ASAN": false,
            "ASAN_REPORTER": false,
            "BROWSER_CHROME_URL": "chrome://browser/content/browser.xul",
            "DEBUG": false,
            "DEBUG_JS_MODULES": "",
            "DLL_PREFIX": "lib",
            "DLL_SUFFIX": ".so",
            "EARLY_BETA_OR_EARLIER": false,
            "FENNEC_NIGHTLY": false,
            "HAVE_SHELL_SERVICE": false,
            "HAVE_USR_LIB64_DIR": false,
            "MENUBAR_CAN_AUTOHIDE": false,
            "MOZILLA_OFFICIAL": true,
            "MOZ_ALLOW_LEGACY_EXTENSIONS": false,
            "MOZ_ANDROID_ACTIVITY_STREAM": false,
            "MOZ_ANDROID_HISTORY": true,
            "MOZ_ANDROID_MOZILLA_ONLINE": false,
            "MOZ_APP_NAME": "fennec",
            "MOZ_APP_VERSION": "68.1.1",
            "MOZ_APP_VERSION_DISPLAY": "68.1.1",
            "MOZ_BING_API_CLIENTID": "no-bing-api-clientid",
            "MOZ_BING_API_KEY": "no-bing-api-key",
            "MOZ_BITS_DOWNLOAD": false,
            "MOZ_BUILD_APP": "mobile/android",
            "MOZ_CODE_COVERAGE": false,
            "MOZ_CRASHREPORTER": true,
            "MOZ_DATA_REPORTING": true,
            "MOZ_DEV_EDITION": false,
            "MOZ_GECKO_PROFILER": true,
            "MOZ_GOOGLE_LOCATION_SERVICE_API_KEY": "AIzaSyB2h2OuRcUgy5N-5hsZqiPW6sH3n_rptiQ",
            "MOZ_GOOGLE_SAFEBROWSING_API_KEY": "AIzaSyC7jsptDS3am4tPx4r3nxis7IMjBc5Dovo",
            "MOZ_GRAPHENE": false,
            "MOZ_MACBUNDLE_NAME": "Firefox.app",
            "MOZ_MAINTENANCE_SERVICE": false,
            "MOZ_MOZILLA_API_KEY": "3b4d27dd-703d-4094-8398-4de2c763505a",
            "MOZ_NEW_CERT_STORAGE": false,
            "MOZ_NEW_NOTIFICATION_STORE": false,
            "MOZ_NEW_XULSTORE": false,
            "MOZ_OFFICIAL_BRANDING": false,
            "MOZ_PLACES": false,
            "MOZ_REQUIRE_SIGNING": false,
            "MOZ_SANDBOX": false,
            "MOZ_SERVICES_HEALTHREPORT": true,
            "MOZ_SERVICES_SYNC": false,
            "MOZ_SWITCHBOARD": true,
            "MOZ_SYSTEM_NSS": false,
            "MOZ_TELEMETRY_ON_BY_DEFAULT": false,
            "MOZ_TELEMETRY_REPORTING": true,
            "MOZ_UNSIGNED_SCOPES": 0,
            "MOZ_UPDATER": false,
            "MOZ_UPDATE_CHANNEL": "release",
            "MOZ_WEBRTC": true,
            "MOZ_WIDGET_GTK": false,
            "MOZ_WIDGET_TOOLKIT": "android",
            "NIGHTLY_BUILD": false,
            "OMNIJAR_NAME": "assets/omni.ja",
            "RELEASE_OR_BETA": true,
            "SOURCE_REVISION_URL": "https://hg.mozilla.org/releases/mozilla-esr68/rev/d2e0b9e17b9bc1ef02606c8006b73293f7892ad5",
            "TELEMETRY_PING_FORMAT_VERSION": 4,
            "XP_UNIX": true,
            "isPlatformAndVersionAtLeast": {},
            "isPlatformAndVersionAtMost": {},
            "platform": "android"
          },
          "asyncAppConstants": {
            "ACCESSIBILITY": true,
            "ANDROID_PACKAGE_NAME": "org.mozilla.firefox",
            "ASAN": false,
            "ASAN_REPORTER": false,
            "BROWSER_CHROME_URL": "chrome://browser/content/browser.xul",
            "DEBUG": false,
            "DEBUG_JS_MODULES": "",
            "DLL_PREFIX": "lib",
            "DLL_SUFFIX": ".so",
            "EARLY_BETA_OR_EARLIER": false,
            "FENNEC_NIGHTLY": false,
            "HAVE_SHELL_SERVICE": false,
            "HAVE_USR_LIB64_DIR": false,
            "MENUBAR_CAN_AUTOHIDE": false,
            "MOZILLA_OFFICIAL": true,
            "MOZ_ALLOW_LEGACY_EXTENSIONS": false,
            "MOZ_ANDROID_ACTIVITY_STREAM": false,
            "MOZ_ANDROID_HISTORY": true,
            "MOZ_ANDROID_MOZILLA_ONLINE": false,
            "MOZ_APP_NAME": "fennec",
            "MOZ_APP_VERSION": "68.1.1",
            "MOZ_APP_VERSION_DISPLAY": "68.1.1",
            "MOZ_BING_API_CLIENTID": "no-bing-api-clientid",
            "MOZ_BING_API_KEY": "no-bing-api-key",
            "MOZ_BITS_DOWNLOAD": false,
            "MOZ_BUILD_APP": "mobile/android",
            "MOZ_CODE_COVERAGE": false,
            "MOZ_CRASHREPORTER": true,
            "MOZ_DATA_REPORTING": true,
            "MOZ_DEV_EDITION": false,
            "MOZ_GECKO_PROFILER": true,
            "MOZ_GOOGLE_LOCATION_SERVICE_API_KEY": "AIzaSyB2h2OuRcUgy5N-5hsZqiPW6sH3n_rptiQ",
            "MOZ_GOOGLE_SAFEBROWSING_API_KEY": "AIzaSyC7jsptDS3am4tPx4r3nxis7IMjBc5Dovo",
            "MOZ_GRAPHENE": false,
            "MOZ_MACBUNDLE_NAME": "Firefox.app",
            "MOZ_MAINTENANCE_SERVICE": false,
            "MOZ_MOZILLA_API_KEY": "3b4d27dd-703d-4094-8398-4de2c763505a",
            "MOZ_NEW_CERT_STORAGE": false,
            "MOZ_NEW_NOTIFICATION_STORE": false,
            "MOZ_NEW_XULSTORE": false,
            "MOZ_OFFICIAL_BRANDING": false,
            "MOZ_PLACES": false,
            "MOZ_REQUIRE_SIGNING": false,
            "MOZ_SANDBOX": false,
            "MOZ_SERVICES_HEALTHREPORT": true,
            "MOZ_SERVICES_SYNC": false,
            "MOZ_SWITCHBOARD": true,
            "MOZ_SYSTEM_NSS": false,
            "MOZ_TELEMETRY_ON_BY_DEFAULT": false,
            "MOZ_TELEMETRY_REPORTING": true,
            "MOZ_UNSIGNED_SCOPES": 0,
            "MOZ_UPDATER": false,
            "MOZ_UPDATE_CHANNEL": "release",
            "MOZ_WEBRTC": true,
            "MOZ_WIDGET_GTK": false,
            "MOZ_WIDGET_TOOLKIT": "android",
            "NIGHTLY_BUILD": false,
            "OMNIJAR_NAME": "assets/omni.ja",
            "RELEASE_OR_BETA": true,
            "SOURCE_REVISION_URL": "https://hg.mozilla.org/releases/mozilla-esr68/rev/d2e0b9e17b9bc1ef02606c8006b73293f7892ad5",
            "TELEMETRY_PING_FORMAT_VERSION": 4,
            "XP_UNIX": true,
            "isPlatformAndVersionAtLeast": {},
            "isPlatformAndVersionAtMost": {},
            "platform": "android"
          },
          "userAgent": "Mozilla/5.0 (Android 9; Mobile; rv:68.0) Gecko/68.0 Firefox/68.0",
          "windowSize": "360x612"
        },
        "pageinfo": {
          "documentHeight": 4265,
          "documentSize": {
            "decodedBodySize": 10637,
            "encodedBodySize": 4163,
            "transferSize": 4473
          },
          "documentTitle": "东方新闻",
          "documentWidth": 360,
          "domElements": 412,
          "navigationStartTime": 1617130801678,
          "nextHopProtocol": "http/1.1",
          "resources": {
            "count": 0,
            "duration": 0
          },
          "responsive": true,
          "url": "http://wap.eastday.com/",
          "visualElements": {
            "heroes": [
              {
                "filename": "about_us.png",
                "height": 62,
                "name": "LargestImage",
                "width": 98,
                "x": 262,
                "y": 430
              },
              {
                "filename": null,
                "height": 72,
                "name": "Heading",
                "width": 322,
                "x": 19,
                "y": 145
              }
            ],
            "viewport": {
              "height": 612,
              "width": 360
            }
          }
        },
        "timings": {
          "firstPaint": 3137,
          "loadEventEnd": 5267,
          "navigationTiming": {
            "connectStart": 719,
            "domComplete": 5266,
            "domContentLoadedEventEnd": 5266,
            "domContentLoadedEventStart": 4303,
            "domInteractive": 4295,
            "domainLookupEnd": 718,
            "domainLookupStart": 718,
            "duration": 5267,
            "fetchStart": -1,
            "loadEventEnd": 5267,
            "loadEventStart": 5266,
            "redirectEnd": 0,
            "redirectStart": 0,
            "requestStart": 949,
            "responseEnd": 1182,
            "responseStart": 1181,
            "secureConnectionStart": 0,
            "startTime": 0,
            "unloadEventEnd": 0,
            "unloadEventStart": 0,
            "workerStart": 0
          },
          "pageTimings": {
            "backEndTime": 1181,
            "domContentLoadedTime": 4303,
            "domInteractiveTime": 4295,
            "domainLookupTime": 0,
            "frontEndTime": 4084,
            "pageDownloadTime": 1,
            "pageLoadTime": 5266,
            "redirectionTime": 0,
            "serverConnectionTime": 229,
            "serverResponseTime": 233
          },
          "rumSpeedIndex": 1180,
          "timeToContentfulPaint": 3226,
          "timeToDomContentFlushed": 4401,
          "userTimings": {
            "marks": [],
            "measures": []
          }
        }
      },
      {
        "browser": {
          "appConstants": {
            "ACCESSIBILITY": true,
            "ANDROID_PACKAGE_NAME": "org.mozilla.firefox",
            "ASAN": false,
            "ASAN_REPORTER": false,
            "BROWSER_CHROME_URL": "chrome://browser/content/browser.xul",
            "DEBUG": false,
            "DEBUG_JS_MODULES": "",
            "DLL_PREFIX": "lib",
            "DLL_SUFFIX": ".so",
            "EARLY_BETA_OR_EARLIER": false,
            "FENNEC_NIGHTLY": false,
            "HAVE_SHELL_SERVICE": false,
            "HAVE_USR_LIB64_DIR": false,
            "MENUBAR_CAN_AUTOHIDE": false,
            "MOZILLA_OFFICIAL": true,
            "MOZ_ALLOW_LEGACY_EXTENSIONS": false,
            "MOZ_ANDROID_ACTIVITY_STREAM": false,
            "MOZ_ANDROID_HISTORY": true,
            "MOZ_ANDROID_MOZILLA_ONLINE": false,
            "MOZ_APP_NAME": "fennec",
            "MOZ_APP_VERSION": "68.1.1",
            "MOZ_APP_VERSION_DISPLAY": "68.1.1",
            "MOZ_BING_API_CLIENTID": "no-bing-api-clientid",
            "MOZ_BING_API_KEY": "no-bing-api-key",
            "MOZ_BITS_DOWNLOAD": false,
            "MOZ_BUILD_APP": "mobile/android",
            "MOZ_CODE_COVERAGE": false,
            "MOZ_CRASHREPORTER": true,
            "MOZ_DATA_REPORTING": true,
            "MOZ_DEV_EDITION": false,
            "MOZ_GECKO_PROFILER": true,
            "MOZ_GOOGLE_LOCATION_SERVICE_API_KEY": "AIzaSyB2h2OuRcUgy5N-5hsZqiPW6sH3n_rptiQ",
            "MOZ_GOOGLE_SAFEBROWSING_API_KEY": "AIzaSyC7jsptDS3am4tPx4r3nxis7IMjBc5Dovo",
            "MOZ_GRAPHENE": false,
            "MOZ_MACBUNDLE_NAME": "Firefox.app",
            "MOZ_MAINTENANCE_SERVICE": false,
            "MOZ_MOZILLA_API_KEY": "3b4d27dd-703d-4094-8398-4de2c763505a",
            "MOZ_NEW_CERT_STORAGE": false,
            "MOZ_NEW_NOTIFICATION_STORE": false,
            "MOZ_NEW_XULSTORE": false,
            "MOZ_OFFICIAL_BRANDING": false,
            "MOZ_PLACES": false,
            "MOZ_REQUIRE_SIGNING": false,
            "MOZ_SANDBOX": false,
            "MOZ_SERVICES_HEALTHREPORT": true,
            "MOZ_SERVICES_SYNC": false,
            "MOZ_SWITCHBOARD": true,
            "MOZ_SYSTEM_NSS": false,
            "MOZ_TELEMETRY_ON_BY_DEFAULT": false,
            "MOZ_TELEMETRY_REPORTING": true,
            "MOZ_UNSIGNED_SCOPES": 0,
            "MOZ_UPDATER": false,
            "MOZ_UPDATE_CHANNEL": "release",
            "MOZ_WEBRTC": true,
            "MOZ_WIDGET_GTK": false,
            "MOZ_WIDGET_TOOLKIT": "android",
            "NIGHTLY_BUILD": false,
            "OMNIJAR_NAME": "assets/omni.ja",
            "RELEASE_OR_BETA": true,
            "SOURCE_REVISION_URL": "https://hg.mozilla.org/releases/mozilla-esr68/rev/d2e0b9e17b9bc1ef02606c8006b73293f7892ad5",
            "TELEMETRY_PING_FORMAT_VERSION": 4,
            "XP_UNIX": true,
            "isPlatformAndVersionAtLeast": {},
            "isPlatformAndVersionAtMost": {},
            "platform": "android"
          },
          "asyncAppConstants": {
            "ACCESSIBILITY": true,
            "ANDROID_PACKAGE_NAME": "org.mozilla.firefox",
            "ASAN": false,
            "ASAN_REPORTER": false,
            "BROWSER_CHROME_URL": "chrome://browser/content/browser.xul",
            "DEBUG": false,
            "DEBUG_JS_MODULES": "",
            "DLL_PREFIX": "lib",
            "DLL_SUFFIX": ".so",
            "EARLY_BETA_OR_EARLIER": false,
            "FENNEC_NIGHTLY": false,
            "HAVE_SHELL_SERVICE": false,
            "HAVE_USR_LIB64_DIR": false,
            "MENUBAR_CAN_AUTOHIDE": false,
            "MOZILLA_OFFICIAL": true,
            "MOZ_ALLOW_LEGACY_EXTENSIONS": false,
            "MOZ_ANDROID_ACTIVITY_STREAM": false,
            "MOZ_ANDROID_HISTORY": true,
            "MOZ_ANDROID_MOZILLA_ONLINE": false,
            "MOZ_APP_NAME": "fennec",
            "MOZ_APP_VERSION": "68.1.1",
            "MOZ_APP_VERSION_DISPLAY": "68.1.1",
            "MOZ_BING_API_CLIENTID": "no-bing-api-clientid",
            "MOZ_BING_API_KEY": "no-bing-api-key",
            "MOZ_BITS_DOWNLOAD": false,
            "MOZ_BUILD_APP": "mobile/android",
            "MOZ_CODE_COVERAGE": false,
            "MOZ_CRASHREPORTER": true,
            "MOZ_DATA_REPORTING": true,
            "MOZ_DEV_EDITION": false,
            "MOZ_GECKO_PROFILER": true,
            "MOZ_GOOGLE_LOCATION_SERVICE_API_KEY": "AIzaSyB2h2OuRcUgy5N-5hsZqiPW6sH3n_rptiQ",
            "MOZ_GOOGLE_SAFEBROWSING_API_KEY": "AIzaSyC7jsptDS3am4tPx4r3nxis7IMjBc5Dovo",
            "MOZ_GRAPHENE": false,
            "MOZ_MACBUNDLE_NAME": "Firefox.app",
            "MOZ_MAINTENANCE_SERVICE": false,
            "MOZ_MOZILLA_API_KEY": "3b4d27dd-703d-4094-8398-4de2c763505a",
            "MOZ_NEW_CERT_STORAGE": false,
            "MOZ_NEW_NOTIFICATION_STORE": false,
            "MOZ_NEW_XULSTORE": false,
            "MOZ_OFFICIAL_BRANDING": false,
            "MOZ_PLACES": false,
            "MOZ_REQUIRE_SIGNING": false,
            "MOZ_SANDBOX": false,
            "MOZ_SERVICES_HEALTHREPORT": true,
            "MOZ_SERVICES_SYNC": false,
            "MOZ_SWITCHBOARD": true,
            "MOZ_SYSTEM_NSS": false,
            "MOZ_TELEMETRY_ON_BY_DEFAULT": false,
            "MOZ_TELEMETRY_REPORTING": true,
            "MOZ_UNSIGNED_SCOPES": 0,
            "MOZ_UPDATER": false,
            "MOZ_UPDATE_CHANNEL": "release",
            "MOZ_WEBRTC": true,
            "MOZ_WIDGET_GTK": false,
            "MOZ_WIDGET_TOOLKIT": "android",
            "NIGHTLY_BUILD": false,
            "OMNIJAR_NAME": "assets/omni.ja",
            "RELEASE_OR_BETA": true,
            "SOURCE_REVISION_URL": "https://hg.mozilla.org/releases/mozilla-esr68/rev/d2e0b9e17b9bc1ef02606c8006b73293f7892ad5",
            "TELEMETRY_PING_FORMAT_VERSION": 4,
            "XP_UNIX": true,
            "isPlatformAndVersionAtLeast": {},
            "isPlatformAndVersionAtMost": {},
            "platform": "android"
          },
          "userAgent": "Mozilla/5.0 (Android 9; Mobile; rv:68.0) Gecko/68.0 Firefox/68.0",
          "windowSize": "360x612"
        },
        "pageinfo": {
          "documentHeight": 4348,
          "documentSize": {
            "decodedBodySize": 10637,
            "encodedBodySize": 4163,
            "transferSize": 4473
          },
          "documentTitle": "东方新闻",
          "documentWidth": 360,
          "domElements": 418,
          "navigationStartTime": 1617130822955,
          "nextHopProtocol": "http/1.1",
          "resources": {
            "count": 0,
            "duration": 0
          },
          "responsive": true,
          "url": "http://wap.eastday.com/",
          "visualElements": {
            "heroes": [
              {
                "filename": "333",
                "height": 74,
                "name": "LargestImage",
                "width": 110,
                "x": 230,
                "y": 381
              },
              {
                "filename": null,
                "height": 72,
                "name": "Heading",
                "width": 322,
                "x": 19,
                "y": 145
              }
            ],
            "viewport": {
              "height": 612,
              "width": 360
            }
          }
        },
        "timings": {
          "firstPaint": 2728,
          "loadEventEnd": 4776,
          "navigationTiming": {
            "connectStart": 706,
            "domComplete": 4774,
            "domContentLoadedEventEnd": 4699,
            "domContentLoadedEventStart": 3807,
            "domInteractive": 3798,
            "domainLookupEnd": 705,
            "domainLookupStart": 705,
            "duration": 4776,
            "fetchStart": -1,
            "loadEventEnd": 4776,
            "loadEventStart": 4774,
            "redirectEnd": 0,
            "redirectStart": 0,
            "requestStart": 935,
            "responseEnd": 1172,
            "responseStart": 1170,
            "secureConnectionStart": 0,
            "startTime": 0,
            "unloadEventEnd": 0,
            "unloadEventStart": 0,
            "workerStart": 0
          },
          "pageTimings": {
            "backEndTime": 1170,
            "domContentLoadedTime": 3807,
            "domInteractiveTime": 3798,
            "domainLookupTime": 0,
            "frontEndTime": 3603,
            "pageDownloadTime": 1,
            "pageLoadTime": 4774,
            "redirectionTime": 0,
            "serverConnectionTime": 227,
            "serverResponseTime": 237
          },
          "rumSpeedIndex": 1170,
          "timeToContentfulPaint": 2805,
          "timeToDomContentFlushed": 3904,
          "userTimings": {
            "marks": [],
            "measures": []
          }
        }
      }
    ],
    "visualMetrics": [],
    "cpu": [],
    "extras": [
      {},
      {},
      {}
    ],
    "fullyLoaded": [],
    "errors": [
      [],
      [],
      []
    ],
    "statistics": {
      "browser": {
        "appConstants": {
          "MOZ_UNSIGNED_SCOPES": {
            "median": 0,
            "mean": 0,
            "mdev": 0,
            "stddev": 0,
            "min": 0,
            "p10": 0,
            "p90": 0,
            "p99": 0,
            "max": 0
          },
          "TELEMETRY_PING_FORMAT_VERSION": {
            "median": 4,
            "mean": 4,
            "mdev": 0,
            "stddev": 0,
            "min": 4,
            "p10": 4,
            "p90": 4,
            "p99": 4,
            "max": 4
          }
        },
        "asyncAppConstants": {
          "MOZ_UNSIGNED_SCOPES": {
            "median": 0,
            "mean": 0,
            "mdev": 0,
            "stddev": 0,
            "min": 0,
            "p10": 0,
            "p90": 0,
            "p99": 0,
            "max": 0
          },
          "TELEMETRY_PING_FORMAT_VERSION": {
            "median": 4,
            "mean": 4,
            "mdev": 0,
            "stddev": 0,
            "min": 4,
            "p10": 4,
            "p90": 4,
            "p99": 4,
            "max": 4
          }
        }
      },
      "pageinfo": {
        "documentHeight": {
          "median": 4265,
          "mean": 4257,
          "mdev": 44.6575,
          "stddev": 77,
          "min": 4159,
          "p10": 4159,
          "p90": 4348,
          "p99": 4348,
          "max": 4348
        },
        "documentSize": {
          "decodedBodySize": {
            "median": 10637,
            "mean": 10637,
            "mdev": 0,
            "stddev": 0,
            "min": 10637,
            "p10": 10637,
            "p90": 10637,
            "p99": 10637,
            "max": 10637
          },
          "encodedBodySize": {
            "median": 4163,
            "mean": 4163,
            "mdev": 0,
            "stddev": 0,
            "min": 4163,
            "p10": 4163,
            "p90": 4163,
            "p99": 4163,
            "max": 4163
          },
          "transferSize": {
            "median": 4473,
            "mean": 4473,
            "mdev": 0,
            "stddev": 0,
            "min": 4473,
            "p10": 4473,
            "p90": 4473,
            "p99": 4473,
            "max": 4473
          }
        },
        "documentWidth": {
          "median": 360,
          "mean": 360,
          "mdev": 0,
          "stddev": 0,
          "min": 360,
          "p10": 360,
          "p90": 360,
          "p99": 360,
          "max": 360
        },
        "domElements": {
          "median": 412,
          "mean": 414,
          "mdev": 1.633,
          "stddev": 3,
          "min": 412,
          "p10": 412,
          "p90": 418,
          "p99": 418,
          "max": 418
        },
        "navigationStartTime": {
          "median": 1617130801678,
          "mean": 1617130800444,
          "mdev": 12612.4091,
          "stddev": 21845,
          "min": 1617130776700,
          "p10": 1617130776700,
          "p90": 1617130822955,
          "p99": 1617130822955,
          "max": 1617130822955
        },
        "resources": {
          "count": {
            "median": 0,
            "mean": 0,
            "mdev": 0,
            "stddev": 0,
            "min": 0,
            "p10": 0,
            "p90": 0,
            "p99": 0,
            "max": 0
          },
          "duration": {
            "median": 0,
            "mean": 0,
            "mdev": 0,
            "stddev": 0,
            "min": 0,
            "p10": 0,
            "p90": 0,
            "p99": 0,
            "max": 0
          }
        },
        "visualElements": {
          "heroes": [
            {
              "filename": {
                "median": 392,
                "mean": 392,
                "mdev": 41.3657,
                "stddev": 59,
                "min": 333,
                "p10": 333,
                "p90": 450,
                "p99": 450,
                "max": 450
              },
              "height": {
                "median": 74,
                "mean": 70,
                "mdev": 3.266,
                "stddev": 6,
                "min": 62,
                "p10": 62,
                "p90": 74,
                "p99": 74,
                "max": 74
              },
              "width": {
                "median": 110,
                "mean": 106,
                "mdev": 3.266,
                "stddev": 6,
                "min": 98,
                "p10": 98,
                "p90": 110,
                "p99": 110,
                "max": 110
              },
              "x": {
                "median": 230,
                "mean": 241,
                "mdev": 8.7093,
                "stddev": 15,
                "min": 230,
                "p10": 230,
                "p90": 262,
                "p99": 262,
                "max": 262
              },
              "y": {
                "median": 381,
                "mean": 397,
                "mdev": 13.3361,
                "stddev": 23,
                "min": 381,
                "p10": 381,
                "p90": 430,
                "p99": 430,
                "max": 430
              }
            },
            {
              "height": {
                "median": 72,
                "mean": 72,
                "mdev": 0,
                "stddev": 0,
                "min": 72,
                "p10": 72,
                "p90": 72,
                "p99": 72,
                "max": 72
              },
              "width": {
                "median": 322,
                "mean": 322,
                "mdev": 0,
                "stddev": 0,
                "min": 322,
                "p10": 322,
                "p90": 322,
                "p99": 322,
                "max": 322
              },
              "x": {
                "median": 19,
                "mean": 19,
                "mdev": 0,
                "stddev": 0,
                "min": 19,
                "p10": 19,
                "p90": 19,
                "p99": 19,
                "max": 19
              },
              "y": {
                "median": 145,
                "mean": 145,
                "mdev": 0,
                "stddev": 0,
                "min": 145,
                "p10": 145,
                "p90": 145,
                "p99": 145,
                "max": 145
              }
            }
          ],
          "viewport": {
            "height": {
              "median": 612,
              "mean": 612,
              "mdev": 0,
              "stddev": 0,
              "min": 612,
              "p10": 612,
              "p90": 612,
              "p99": 612,
              "max": 612
            },
            "width": {
              "median": 360,
              "mean": 360,
              "mdev": 0,
              "stddev": 0,
              "min": 360,
              "p10": 360,
              "p90": 360,
              "p99": 360,
              "max": 360
            }
          }
        }
      },
      "timings": {
        "firstPaint": {
          "median": 2960,
          "mean": 2942,
          "mdev": 96.6923,
          "stddev": 167,
          "min": 2728,
          "p10": 2728,
          "p90": 3137,
          "p99": 3137,
          "max": 3137
        },
        "loadEventEnd": {
          "median": 5267,
          "mean": 5440,
          "mdev": 360.5121,
          "stddev": 624,
          "min": 4776,
          "p10": 4776,
          "p90": 6276,
          "p99": 6276,
          "max": 6276
        },
        "navigationTiming": {
          "connectStart": {
            "median": 706,
            "mean": 696,
            "mdev": 13.551,
            "stddev": 23,
            "min": 664,
            "p10": 664,
            "p90": 719,
            "p99": 719,
            "max": 719
          },
          "domComplete": {
            "median": 5266,
            "mean": 5438,
            "mdev": 360.7167,
            "stddev": 625,
            "min": 4774,
            "p10": 4774,
            "p90": 6275,
            "p99": 6275,
            "max": 6275
          },
          "domContentLoadedEventEnd": {
            "median": 5266,
            "mean": 5413,
            "mdev": 376.3049,
            "stddev": 652,
            "min": 4699,
            "p10": 4699,
            "p90": 6275,
            "p99": 6275,
            "max": 6275
          },
          "domContentLoadedEventStart": {
            "median": 4303,
            "mean": 4450,
            "mdev": 343.0513,
            "stddev": 594,
            "min": 3807,
            "p10": 3807,
            "p90": 5240,
            "p99": 5240,
            "max": 5240
          },
          "domInteractive": {
            "median": 4295,
            "mean": 4442,
            "mdev": 343.5155,
            "stddev": 595,
            "min": 3798,
            "p10": 3798,
            "p90": 5233,
            "p99": 5233,
            "max": 5233
          },
          "domainLookupEnd": {
            "median": 705,
            "mean": 696,
            "mdev": 13.286,
            "stddev": 23,
            "min": 664,
            "p10": 664,
            "p90": 718,
            "p99": 718,
            "max": 718
          },
          "domainLookupStart": {
            "median": 705,
            "mean": 695,
            "mdev": 13.551,
            "stddev": 23,
            "min": 663,
            "p10": 663,
            "p90": 718,
            "p99": 718,
            "max": 718
          },
          "duration": {
            "median": 5267,
            "mean": 5440,
            "mdev": 360.5121,
            "stddev": 624,
            "min": 4776,
            "p10": 4776,
            "p90": 6276,
            "p99": 6276,
            "max": 6276
          },
          "fetchStart": {
            "median": -1,
            "mean": -1,
            "mdev": 0.2722,
            "stddev": 0,
            "min": -2,
            "p10": -2,
            "p90": -1,
            "p99": -1,
            "max": -1
          },
          "loadEventEnd": {
            "median": 5267,
            "mean": 5440,
            "mdev": 360.5121,
            "stddev": 624,
            "min": 4776,
            "p10": 4776,
            "p90": 6276,
            "p99": 6276,
            "max": 6276
          },
          "loadEventStart": {
            "median": 5266,
            "mean": 5438,
            "mdev": 360.7167,
            "stddev": 625,
            "min": 4774,
            "p10": 4774,
            "p90": 6275,
            "p99": 6275,
            "max": 6275
          },
          "redirectEnd": {
            "median": 0,
            "mean": 0,
            "mdev": 0,
            "stddev": 0,
            "min": 0,
            "p10": 0,
            "p90": 0,
            "p99": 0,
            "max": 0
          },
          "redirectStart": {
            "median": 0,
            "mean": 0,
            "mdev": 0,
            "stddev": 0,
            "min": 0,
            "p10": 0,
            "p90": 0,
            "p99": 0,
            "max": 0
          },
          "requestStart": {
            "median": 935,
            "mean": 927,
            "mdev": 12.4216,
            "stddev": 22,
            "min": 898,
            "p10": 898,
            "p90": 949,
            "p99": 949,
            "max": 949
          },
          "responseEnd": {
            "median": 1172,
            "mean": 1163,
            "mdev": 11.6714,
            "stddev": 20,
            "min": 1135,
            "p10": 1135,
            "p90": 1182,
            "p99": 1182,
            "max": 1182
          },
          "responseStart": {
            "median": 1170,
            "mean": 1162,
            "mdev": 11.3235,
            "stddev": 20,
            "min": 1135,
            "p10": 1135,
            "p90": 1181,
            "p99": 1181,
            "max": 1181
          },
          "secureConnectionStart": {
            "median": 0,
            "mean": 0,
            "mdev": 0,
            "stddev": 0,
            "min": 0,
            "p10": 0,
            "p90": 0,
            "p99": 0,
            "max": 0
          },
          "startTime": {
            "median": 0,
            "mean": 0,
            "mdev": 0,
            "stddev": 0,
            "min": 0,
            "p10": 0,
            "p90": 0,
            "p99": 0,
            "max": 0
          },
          "unloadEventEnd": {
            "median": 0,
            "mean": 0,
            "mdev": 0,
            "stddev": 0,
            "min": 0,
            "p10": 0,
            "p90": 0,
            "p99": 0,
            "max": 0
          },
          "unloadEventStart": {
            "median": 0,
            "mean": 0,
            "mdev": 0,
            "stddev": 0,
            "min": 0,
            "p10": 0,
            "p90": 0,
            "p99": 0,
            "max": 0
          },
          "workerStart": {
            "median": 0,
            "mean": 0,
            "mdev": 0,
            "stddev": 0,
            "min": 0,
            "p10": 0,
            "p90": 0,
            "p99": 0,
            "max": 0
          }
        },
        "pageTimings": {
          "backEndTime": {
            "median": 1170,
            "mean": 1162,
            "mdev": 11.3235,
            "stddev": 20,
            "min": 1135,
            "p10": 1135,
            "p90": 1181,
            "p99": 1181,
            "max": 1181
          },
          "domContentLoadedTime": {
            "median": 4303,
            "mean": 4450,
            "mdev": 343.0513,
            "stddev": 594,
            "min": 3807,
            "p10": 3807,
            "p90": 5240,
            "p99": 5240,
            "max": 5240
          },
          "domInteractiveTime": {
            "median": 4295,
            "mean": 4442,
            "mdev": 343.5155,
            "stddev": 595,
            "min": 3798,
            "p10": 3798,
            "p90": 5233,
            "p99": 5233,
            "max": 5233
          },
          "domainLookupTime": {
            "median": 0,
            "mean": 0,
            "mdev": 0,
            "stddev": 0,
            "min": 0,
            "p10": 0,
            "p90": 0,
            "p99": 0,
            "max": 0
          },
          "frontEndTime": {
            "median": 4084,
            "mean": 4276,
            "mdev": 370.6284,
            "stddev": 642,
            "min": 3603,
            "p10": 3603,
            "p90": 5140,
            "p99": 5140,
            "max": 5140
          },
          "pageDownloadTime": {
            "median": 1,
            "mean": 1,
            "mdev": 0.2722,
            "stddev": 0,
            "min": 0,
            "p10": 0,
            "p90": 1,
            "p99": 1,
            "max": 1
          },
          "pageLoadTime": {
            "median": 5266,
            "mean": 5438,
            "mdev": 360.7167,
            "stddev": 625,
            "min": 4774,
            "p10": 4774,
            "p90": 6275,
            "p99": 6275,
            "max": 6275
          },
          "redirectionTime": {
            "median": 0,
            "mean": 0,
            "mdev": 0,
            "stddev": 0,
            "min": 0,
            "p10": 0,
            "p90": 0,
            "p99": 0,
            "max": 0
          },
          "serverConnectionTime": {
            "median": 229,
            "mean": 229,
            "mdev": 1.1863,
            "stddev": 2,
            "min": 227,
            "p10": 227,
            "p90": 232,
            "p99": 232,
            "max": 232
          },
          "serverResponseTime": {
            "median": 237,
            "mean": 236,
            "mdev": 1.0887,
            "stddev": 2,
            "min": 233,
            "p10": 233,
            "p90": 237,
            "p99": 237,
            "max": 237
          }
        },
        "rumSpeedIndex": {
          "median": 1170,
          "mean": 1161,
          "mdev": 11.405,
          "stddev": 20,
          "min": 1134,
          "p10": 1134,
          "p90": 1180,
          "p99": 1180,
          "max": 1180
        },
        "timeToContentfulPaint": {
          "median": 3047,
          "mean": 3026,
          "mdev": 99.6003,
          "stddev": 173,
          "min": 2805,
          "p10": 2805,
          "p90": 3226,
          "p99": 3226,
          "max": 3226
        },
        "timeToDomContentFlushed": {
          "median": 4401,
          "mean": 4515,
          "mdev": 318.3188,
          "stddev": 551,
          "min": 3904,
          "p10": 3904,
          "p90": 5240,
          "p99": 5240,
          "max": 5240
        }
      }
    }
  }
]