[
  {
    "info": {
      "browsertime": {
        "version": "8.4.0"
      },
      "url": "https://www.hotstar.com/",
      "timestamp": "2021-03-30T20:46:56+04:00",
      "connectivity": {
        "engine": "external",
        "profile": "native"
      },
      "extra": {}
    },
    "files": {
      "video": [],
      "screenshot": [],
      "timeline": [],
      "consoleLog": [],
      "netLog": [],
      "perfLog": []
    },
    "cdp": {
      "performance": []
    },
    "timestamps": [
      "2021-03-30T20:46:45+04:00",
      "2021-03-30T20:47:02+04:00",
      "2021-03-30T20:47:19+04:00"
    ],
    "browserScripts": [
      {
        "browser": {
          "appConstants": {
            "ACCESSIBILITY": true,
            "ANDROID_PACKAGE_NAME": "org.mozilla.firefox",
            "ASAN": false,
            "ASAN_REPORTER": false,
            "BROWSER_CHROME_URL": "chrome://browser/content/browser.xul",
            "DEBUG": false,
            "DEBUG_JS_MODULES": "",
            "DLL_PREFIX": "lib",
            "DLL_SUFFIX": ".so",
            "EARLY_BETA_OR_EARLIER": false,
            "FENNEC_NIGHTLY": false,
            "HAVE_SHELL_SERVICE": false,
            "HAVE_USR_LIB64_DIR": false,
            "MENUBAR_CAN_AUTOHIDE": false,
            "MOZILLA_OFFICIAL": true,
            "MOZ_ALLOW_LEGACY_EXTENSIONS": false,
            "MOZ_ANDROID_ACTIVITY_STREAM": false,
            "MOZ_ANDROID_HISTORY": true,
            "MOZ_ANDROID_MOZILLA_ONLINE": false,
            "MOZ_APP_NAME": "fennec",
            "MOZ_APP_VERSION": "68.1.1",
            "MOZ_APP_VERSION_DISPLAY": "68.1.1",
            "MOZ_BING_API_CLIENTID": "no-bing-api-clientid",
            "MOZ_BING_API_KEY": "no-bing-api-key",
            "MOZ_BITS_DOWNLOAD": false,
            "MOZ_BUILD_APP": "mobile/android",
            "MOZ_CODE_COVERAGE": false,
            "MOZ_CRASHREPORTER": true,
            "MOZ_DATA_REPORTING": true,
            "MOZ_DEV_EDITION": false,
            "MOZ_GECKO_PROFILER": true,
            "MOZ_GOOGLE_LOCATION_SERVICE_API_KEY": "AIzaSyB2h2OuRcUgy5N-5hsZqiPW6sH3n_rptiQ",
            "MOZ_GOOGLE_SAFEBROWSING_API_KEY": "AIzaSyC7jsptDS3am4tPx4r3nxis7IMjBc5Dovo",
            "MOZ_GRAPHENE": false,
            "MOZ_MACBUNDLE_NAME": "Firefox.app",
            "MOZ_MAINTENANCE_SERVICE": false,
            "MOZ_MOZILLA_API_KEY": "3b4d27dd-703d-4094-8398-4de2c763505a",
            "MOZ_NEW_CERT_STORAGE": false,
            "MOZ_NEW_NOTIFICATION_STORE": false,
            "MOZ_NEW_XULSTORE": false,
            "MOZ_OFFICIAL_BRANDING": false,
            "MOZ_PLACES": false,
            "MOZ_REQUIRE_SIGNING": false,
            "MOZ_SANDBOX": false,
            "MOZ_SERVICES_HEALTHREPORT": true,
            "MOZ_SERVICES_SYNC": false,
            "MOZ_SWITCHBOARD": true,
            "MOZ_SYSTEM_NSS": false,
            "MOZ_TELEMETRY_ON_BY_DEFAULT": false,
            "MOZ_TELEMETRY_REPORTING": true,
            "MOZ_UNSIGNED_SCOPES": 0,
            "MOZ_UPDATER": false,
            "MOZ_UPDATE_CHANNEL": "release",
            "MOZ_WEBRTC": true,
            "MOZ_WIDGET_GTK": false,
            "MOZ_WIDGET_TOOLKIT": "android",
            "NIGHTLY_BUILD": false,
            "OMNIJAR_NAME": "assets/omni.ja",
            "RELEASE_OR_BETA": true,
            "SOURCE_REVISION_URL": "https://hg.mozilla.org/releases/mozilla-esr68/rev/d2e0b9e17b9bc1ef02606c8006b73293f7892ad5",
            "TELEMETRY_PING_FORMAT_VERSION": 4,
            "XP_UNIX": true,
            "isPlatformAndVersionAtLeast": {},
            "isPlatformAndVersionAtMost": {},
            "platform": "android"
          },
          "asyncAppConstants": {
            "ACCESSIBILITY": true,
            "ANDROID_PACKAGE_NAME": "org.mozilla.firefox",
            "ASAN": false,
            "ASAN_REPORTER": false,
            "BROWSER_CHROME_URL": "chrome://browser/content/browser.xul",
            "DEBUG": false,
            "DEBUG_JS_MODULES": "",
            "DLL_PREFIX": "lib",
            "DLL_SUFFIX": ".so",
            "EARLY_BETA_OR_EARLIER": false,
            "FENNEC_NIGHTLY": false,
            "HAVE_SHELL_SERVICE": false,
            "HAVE_USR_LIB64_DIR": false,
            "MENUBAR_CAN_AUTOHIDE": false,
            "MOZILLA_OFFICIAL": true,
            "MOZ_ALLOW_LEGACY_EXTENSIONS": false,
            "MOZ_ANDROID_ACTIVITY_STREAM": false,
            "MOZ_ANDROID_HISTORY": true,
            "MOZ_ANDROID_MOZILLA_ONLINE": false,
            "MOZ_APP_NAME": "fennec",
            "MOZ_APP_VERSION": "68.1.1",
            "MOZ_APP_VERSION_DISPLAY": "68.1.1",
            "MOZ_BING_API_CLIENTID": "no-bing-api-clientid",
            "MOZ_BING_API_KEY": "no-bing-api-key",
            "MOZ_BITS_DOWNLOAD": false,
            "MOZ_BUILD_APP": "mobile/android",
            "MOZ_CODE_COVERAGE": false,
            "MOZ_CRASHREPORTER": true,
            "MOZ_DATA_REPORTING": true,
            "MOZ_DEV_EDITION": false,
            "MOZ_GECKO_PROFILER": true,
            "MOZ_GOOGLE_LOCATION_SERVICE_API_KEY": "AIzaSyB2h2OuRcUgy5N-5hsZqiPW6sH3n_rptiQ",
            "MOZ_GOOGLE_SAFEBROWSING_API_KEY": "AIzaSyC7jsptDS3am4tPx4r3nxis7IMjBc5Dovo",
            "MOZ_GRAPHENE": false,
            "MOZ_MACBUNDLE_NAME": "Firefox.app",
            "MOZ_MAINTENANCE_SERVICE": false,
            "MOZ_MOZILLA_API_KEY": "3b4d27dd-703d-4094-8398-4de2c763505a",
            "MOZ_NEW_CERT_STORAGE": false,
            "MOZ_NEW_NOTIFICATION_STORE": false,
            "MOZ_NEW_XULSTORE": false,
            "MOZ_OFFICIAL_BRANDING": false,
            "MOZ_PLACES": false,
            "MOZ_REQUIRE_SIGNING": false,
            "MOZ_SANDBOX": false,
            "MOZ_SERVICES_HEALTHREPORT": true,
            "MOZ_SERVICES_SYNC": false,
            "MOZ_SWITCHBOARD": true,
            "MOZ_SYSTEM_NSS": false,
            "MOZ_TELEMETRY_ON_BY_DEFAULT": false,
            "MOZ_TELEMETRY_REPORTING": true,
            "MOZ_UNSIGNED_SCOPES": 0,
            "MOZ_UPDATER": false,
            "MOZ_UPDATE_CHANNEL": "release",
            "MOZ_WEBRTC": true,
            "MOZ_WIDGET_GTK": false,
            "MOZ_WIDGET_TOOLKIT": "android",
            "NIGHTLY_BUILD": false,
            "OMNIJAR_NAME": "assets/omni.ja",
            "RELEASE_OR_BETA": true,
            "SOURCE_REVISION_URL": "https://hg.mozilla.org/releases/mozilla-esr68/rev/d2e0b9e17b9bc1ef02606c8006b73293f7892ad5",
            "TELEMETRY_PING_FORMAT_VERSION": 4,
            "XP_UNIX": true,
            "isPlatformAndVersionAtLeast": {},
            "isPlatformAndVersionAtMost": {},
            "platform": "android"
          },
          "userAgent": "Mozilla/5.0 (Android 9; Mobile; rv:68.0) Gecko/68.0 Firefox/68.0",
          "windowSize": "360x612"
        },
        "pageinfo": {
          "documentHeight": 2245,
          "documentSize": {
            "decodedBodySize": 158396,
            "encodedBodySize": 31705,
            "transferSize": 32572
          },
          "documentTitle": "Disney+ Hotstar - Watch TV Shows, Movies, Live Cricket Matches & News Online",
          "documentWidth": 360,
          "domElements": 1572,
          "navigationStartTime": 1617122806373,
          "nextHopProtocol": "h2",
          "resources": {
            "count": 0,
            "duration": 0
          },
          "responsive": true,
          "url": "https://www.hotstar.com/in",
          "visualElements": {
            "heroes": [
              {
                "filename": "942489-h",
                "height": 203,
                "name": "LargestImage",
                "width": 340,
                "x": 10,
                "y": 56
              }
            ],
            "viewport": {
              "height": 612,
              "width": 360
            }
          }
        },
        "timings": {
          "firstPaint": 919,
          "loadEventEnd": 2024,
          "navigationTiming": {
            "connectStart": 298,
            "domComplete": 2024,
            "domContentLoadedEventEnd": 2023,
            "domContentLoadedEventStart": 2018,
            "domInteractive": 2003,
            "domainLookupEnd": 298,
            "domainLookupStart": 298,
            "duration": 2024,
            "fetchStart": 298,
            "loadEventEnd": 2024,
            "loadEventStart": 2024,
            "redirectEnd": 293,
            "redirectStart": 2,
            "requestStart": 331,
            "responseEnd": 735,
            "responseStart": 713,
            "secureConnectionStart": 0,
            "startTime": 0,
            "unloadEventEnd": 0,
            "unloadEventStart": 0,
            "workerStart": 0
          },
          "pageTimings": {
            "backEndTime": 713,
            "domContentLoadedTime": 2018,
            "domInteractiveTime": 2003,
            "domainLookupTime": 0,
            "frontEndTime": 1289,
            "pageDownloadTime": 21,
            "pageLoadTime": 2024,
            "redirectionTime": 290,
            "serverConnectionTime": 0,
            "serverResponseTime": 404
          },
          "rumSpeedIndex": 713,
          "timeToContentfulPaint": 1067,
          "timeToDomContentFlushed": 2004,
          "userTimings": {
            "marks": [
              {
                "name": "sentry-tracing-init",
                "startTime": 1915.68
              }
            ],
            "measures": []
          }
        }
      },
      {
        "browser": {
          "appConstants": {
            "ACCESSIBILITY": true,
            "ANDROID_PACKAGE_NAME": "org.mozilla.firefox",
            "ASAN": false,
            "ASAN_REPORTER": false,
            "BROWSER_CHROME_URL": "chrome://browser/content/browser.xul",
            "DEBUG": false,
            "DEBUG_JS_MODULES": "",
            "DLL_PREFIX": "lib",
            "DLL_SUFFIX": ".so",
            "EARLY_BETA_OR_EARLIER": false,
            "FENNEC_NIGHTLY": false,
            "HAVE_SHELL_SERVICE": false,
            "HAVE_USR_LIB64_DIR": false,
            "MENUBAR_CAN_AUTOHIDE": false,
            "MOZILLA_OFFICIAL": true,
            "MOZ_ALLOW_LEGACY_EXTENSIONS": false,
            "MOZ_ANDROID_ACTIVITY_STREAM": false,
            "MOZ_ANDROID_HISTORY": true,
            "MOZ_ANDROID_MOZILLA_ONLINE": false,
            "MOZ_APP_NAME": "fennec",
            "MOZ_APP_VERSION": "68.1.1",
            "MOZ_APP_VERSION_DISPLAY": "68.1.1",
            "MOZ_BING_API_CLIENTID": "no-bing-api-clientid",
            "MOZ_BING_API_KEY": "no-bing-api-key",
            "MOZ_BITS_DOWNLOAD": false,
            "MOZ_BUILD_APP": "mobile/android",
            "MOZ_CODE_COVERAGE": false,
            "MOZ_CRASHREPORTER": true,
            "MOZ_DATA_REPORTING": true,
            "MOZ_DEV_EDITION": false,
            "MOZ_GECKO_PROFILER": true,
            "MOZ_GOOGLE_LOCATION_SERVICE_API_KEY": "AIzaSyB2h2OuRcUgy5N-5hsZqiPW6sH3n_rptiQ",
            "MOZ_GOOGLE_SAFEBROWSING_API_KEY": "AIzaSyC7jsptDS3am4tPx4r3nxis7IMjBc5Dovo",
            "MOZ_GRAPHENE": false,
            "MOZ_MACBUNDLE_NAME": "Firefox.app",
            "MOZ_MAINTENANCE_SERVICE": false,
            "MOZ_MOZILLA_API_KEY": "3b4d27dd-703d-4094-8398-4de2c763505a",
            "MOZ_NEW_CERT_STORAGE": false,
            "MOZ_NEW_NOTIFICATION_STORE": false,
            "MOZ_NEW_XULSTORE": false,
            "MOZ_OFFICIAL_BRANDING": false,
            "MOZ_PLACES": false,
            "MOZ_REQUIRE_SIGNING": false,
            "MOZ_SANDBOX": false,
            "MOZ_SERVICES_HEALTHREPORT": true,
            "MOZ_SERVICES_SYNC": false,
            "MOZ_SWITCHBOARD": true,
            "MOZ_SYSTEM_NSS": false,
            "MOZ_TELEMETRY_ON_BY_DEFAULT": false,
            "MOZ_TELEMETRY_REPORTING": true,
            "MOZ_UNSIGNED_SCOPES": 0,
            "MOZ_UPDATER": false,
            "MOZ_UPDATE_CHANNEL": "release",
            "MOZ_WEBRTC": true,
            "MOZ_WIDGET_GTK": false,
            "MOZ_WIDGET_TOOLKIT": "android",
            "NIGHTLY_BUILD": false,
            "OMNIJAR_NAME": "assets/omni.ja",
            "RELEASE_OR_BETA": true,
            "SOURCE_REVISION_URL": "https://hg.mozilla.org/releases/mozilla-esr68/rev/d2e0b9e17b9bc1ef02606c8006b73293f7892ad5",
            "TELEMETRY_PING_FORMAT_VERSION": 4,
            "XP_UNIX": true,
            "isPlatformAndVersionAtLeast": {},
            "isPlatformAndVersionAtMost": {},
            "platform": "android"
          },
          "asyncAppConstants": {
            "ACCESSIBILITY": true,
            "ANDROID_PACKAGE_NAME": "org.mozilla.firefox",
            "ASAN": false,
            "ASAN_REPORTER": false,
            "BROWSER_CHROME_URL": "chrome://browser/content/browser.xul",
            "DEBUG": false,
            "DEBUG_JS_MODULES": "",
            "DLL_PREFIX": "lib",
            "DLL_SUFFIX": ".so",
            "EARLY_BETA_OR_EARLIER": false,
            "FENNEC_NIGHTLY": false,
            "HAVE_SHELL_SERVICE": false,
            "HAVE_USR_LIB64_DIR": false,
            "MENUBAR_CAN_AUTOHIDE": false,
            "MOZILLA_OFFICIAL": true,
            "MOZ_ALLOW_LEGACY_EXTENSIONS": false,
            "MOZ_ANDROID_ACTIVITY_STREAM": false,
            "MOZ_ANDROID_HISTORY": true,
            "MOZ_ANDROID_MOZILLA_ONLINE": false,
            "MOZ_APP_NAME": "fennec",
            "MOZ_APP_VERSION": "68.1.1",
            "MOZ_APP_VERSION_DISPLAY": "68.1.1",
            "MOZ_BING_API_CLIENTID": "no-bing-api-clientid",
            "MOZ_BING_API_KEY": "no-bing-api-key",
            "MOZ_BITS_DOWNLOAD": false,
            "MOZ_BUILD_APP": "mobile/android",
            "MOZ_CODE_COVERAGE": false,
            "MOZ_CRASHREPORTER": true,
            "MOZ_DATA_REPORTING": true,
            "MOZ_DEV_EDITION": false,
            "MOZ_GECKO_PROFILER": true,
            "MOZ_GOOGLE_LOCATION_SERVICE_API_KEY": "AIzaSyB2h2OuRcUgy5N-5hsZqiPW6sH3n_rptiQ",
            "MOZ_GOOGLE_SAFEBROWSING_API_KEY": "AIzaSyC7jsptDS3am4tPx4r3nxis7IMjBc5Dovo",
            "MOZ_GRAPHENE": false,
            "MOZ_MACBUNDLE_NAME": "Firefox.app",
            "MOZ_MAINTENANCE_SERVICE": false,
            "MOZ_MOZILLA_API_KEY": "3b4d27dd-703d-4094-8398-4de2c763505a",
            "MOZ_NEW_CERT_STORAGE": false,
            "MOZ_NEW_NOTIFICATION_STORE": false,
            "MOZ_NEW_XULSTORE": false,
            "MOZ_OFFICIAL_BRANDING": false,
            "MOZ_PLACES": false,
            "MOZ_REQUIRE_SIGNING": false,
            "MOZ_SANDBOX": false,
            "MOZ_SERVICES_HEALTHREPORT": true,
            "MOZ_SERVICES_SYNC": false,
            "MOZ_SWITCHBOARD": true,
            "MOZ_SYSTEM_NSS": false,
            "MOZ_TELEMETRY_ON_BY_DEFAULT": false,
            "MOZ_TELEMETRY_REPORTING": true,
            "MOZ_UNSIGNED_SCOPES": 0,
            "MOZ_UPDATER": false,
            "MOZ_UPDATE_CHANNEL": "release",
            "MOZ_WEBRTC": true,
            "MOZ_WIDGET_GTK": false,
            "MOZ_WIDGET_TOOLKIT": "android",
            "NIGHTLY_BUILD": false,
            "OMNIJAR_NAME": "assets/omni.ja",
            "RELEASE_OR_BETA": true,
            "SOURCE_REVISION_URL": "https://hg.mozilla.org/releases/mozilla-esr68/rev/d2e0b9e17b9bc1ef02606c8006b73293f7892ad5",
            "TELEMETRY_PING_FORMAT_VERSION": 4,
            "XP_UNIX": true,
            "isPlatformAndVersionAtLeast": {},
            "isPlatformAndVersionAtMost": {},
            "platform": "android"
          },
          "userAgent": "Mozilla/5.0 (Android 9; Mobile; rv:68.0) Gecko/68.0 Firefox/68.0",
          "windowSize": "360x612"
        },
        "pageinfo": {
          "documentHeight": 1374,
          "documentSize": {
            "decodedBodySize": 158397,
            "encodedBodySize": 31709,
            "transferSize": 32576
          },
          "documentTitle": "Disney+ Hotstar - Watch TV Shows, Movies, Live Cricket Matches & News Online",
          "documentWidth": 360,
          "domElements": 1572,
          "navigationStartTime": 1617122823262,
          "nextHopProtocol": "h2",
          "resources": {
            "count": 0,
            "duration": 0
          },
          "responsive": true,
          "url": "https://www.hotstar.com/in",
          "visualElements": {
            "heroes": [
              {
                "filename": "942489-h",
                "height": 203,
                "name": "LargestImage",
                "width": 340,
                "x": 10,
                "y": 56
              }
            ],
            "viewport": {
              "height": 612,
              "width": 360
            }
          }
        },
        "timings": {
          "firstPaint": 1048,
          "loadEventEnd": 2049,
          "navigationTiming": {
            "connectStart": 415,
            "domComplete": 2048,
            "domContentLoadedEventEnd": 2047,
            "domContentLoadedEventStart": 2041,
            "domInteractive": 2030,
            "domainLookupEnd": 415,
            "domainLookupStart": 415,
            "duration": 2049,
            "fetchStart": 415,
            "loadEventEnd": 2049,
            "loadEventStart": 2048,
            "redirectEnd": 411,
            "redirectStart": 2,
            "requestStart": 446,
            "responseEnd": 860,
            "responseStart": 843,
            "secureConnectionStart": 0,
            "startTime": 0,
            "unloadEventEnd": 0,
            "unloadEventStart": 0,
            "workerStart": 0
          },
          "pageTimings": {
            "backEndTime": 843,
            "domContentLoadedTime": 2041,
            "domInteractiveTime": 2030,
            "domainLookupTime": 0,
            "frontEndTime": 1188,
            "pageDownloadTime": 17,
            "pageLoadTime": 2048,
            "redirectionTime": 409,
            "serverConnectionTime": 0,
            "serverResponseTime": 414
          },
          "rumSpeedIndex": 843,
          "timeToContentfulPaint": 1198,
          "timeToDomContentFlushed": 2031,
          "userTimings": {
            "marks": [
              {
                "name": "sentry-tracing-init",
                "startTime": 1941.66
              }
            ],
            "measures": []
          }
        }
      },
      {
        "browser": {
          "appConstants": {
            "ACCESSIBILITY": true,
            "ANDROID_PACKAGE_NAME": "org.mozilla.firefox",
            "ASAN": false,
            "ASAN_REPORTER": false,
            "BROWSER_CHROME_URL": "chrome://browser/content/browser.xul",
            "DEBUG": false,
            "DEBUG_JS_MODULES": "",
            "DLL_PREFIX": "lib",
            "DLL_SUFFIX": ".so",
            "EARLY_BETA_OR_EARLIER": false,
            "FENNEC_NIGHTLY": false,
            "HAVE_SHELL_SERVICE": false,
            "HAVE_USR_LIB64_DIR": false,
            "MENUBAR_CAN_AUTOHIDE": false,
            "MOZILLA_OFFICIAL": true,
            "MOZ_ALLOW_LEGACY_EXTENSIONS": false,
            "MOZ_ANDROID_ACTIVITY_STREAM": false,
            "MOZ_ANDROID_HISTORY": true,
            "MOZ_ANDROID_MOZILLA_ONLINE": false,
            "MOZ_APP_NAME": "fennec",
            "MOZ_APP_VERSION": "68.1.1",
            "MOZ_APP_VERSION_DISPLAY": "68.1.1",
            "MOZ_BING_API_CLIENTID": "no-bing-api-clientid",
            "MOZ_BING_API_KEY": "no-bing-api-key",
            "MOZ_BITS_DOWNLOAD": false,
            "MOZ_BUILD_APP": "mobile/android",
            "MOZ_CODE_COVERAGE": false,
            "MOZ_CRASHREPORTER": true,
            "MOZ_DATA_REPORTING": true,
            "MOZ_DEV_EDITION": false,
            "MOZ_GECKO_PROFILER": true,
            "MOZ_GOOGLE_LOCATION_SERVICE_API_KEY": "AIzaSyB2h2OuRcUgy5N-5hsZqiPW6sH3n_rptiQ",
            "MOZ_GOOGLE_SAFEBROWSING_API_KEY": "AIzaSyC7jsptDS3am4tPx4r3nxis7IMjBc5Dovo",
            "MOZ_GRAPHENE": false,
            "MOZ_MACBUNDLE_NAME": "Firefox.app",
            "MOZ_MAINTENANCE_SERVICE": false,
            "MOZ_MOZILLA_API_KEY": "3b4d27dd-703d-4094-8398-4de2c763505a",
            "MOZ_NEW_CERT_STORAGE": false,
            "MOZ_NEW_NOTIFICATION_STORE": false,
            "MOZ_NEW_XULSTORE": false,
            "MOZ_OFFICIAL_BRANDING": false,
            "MOZ_PLACES": false,
            "MOZ_REQUIRE_SIGNING": false,
            "MOZ_SANDBOX": false,
            "MOZ_SERVICES_HEALTHREPORT": true,
            "MOZ_SERVICES_SYNC": false,
            "MOZ_SWITCHBOARD": true,
            "MOZ_SYSTEM_NSS": false,
            "MOZ_TELEMETRY_ON_BY_DEFAULT": false,
            "MOZ_TELEMETRY_REPORTING": true,
            "MOZ_UNSIGNED_SCOPES": 0,
            "MOZ_UPDATER": false,
            "MOZ_UPDATE_CHANNEL": "release",
            "MOZ_WEBRTC": true,
            "MOZ_WIDGET_GTK": false,
            "MOZ_WIDGET_TOOLKIT": "android",
            "NIGHTLY_BUILD": false,
            "OMNIJAR_NAME": "assets/omni.ja",
            "RELEASE_OR_BETA": true,
            "SOURCE_REVISION_URL": "https://hg.mozilla.org/releases/mozilla-esr68/rev/d2e0b9e17b9bc1ef02606c8006b73293f7892ad5",
            "TELEMETRY_PING_FORMAT_VERSION": 4,
            "XP_UNIX": true,
            "isPlatformAndVersionAtLeast": {},
            "isPlatformAndVersionAtMost": {},
            "platform": "android"
          },
          "asyncAppConstants": {
            "ACCESSIBILITY": true,
            "ANDROID_PACKAGE_NAME": "org.mozilla.firefox",
            "ASAN": false,
            "ASAN_REPORTER": false,
            "BROWSER_CHROME_URL": "chrome://browser/content/browser.xul",
            "DEBUG": false,
            "DEBUG_JS_MODULES": "",
            "DLL_PREFIX": "lib",
            "DLL_SUFFIX": ".so",
            "EARLY_BETA_OR_EARLIER": false,
            "FENNEC_NIGHTLY": false,
            "HAVE_SHELL_SERVICE": false,
            "HAVE_USR_LIB64_DIR": false,
            "MENUBAR_CAN_AUTOHIDE": false,
            "MOZILLA_OFFICIAL": true,
            "MOZ_ALLOW_LEGACY_EXTENSIONS": false,
            "MOZ_ANDROID_ACTIVITY_STREAM": false,
            "MOZ_ANDROID_HISTORY": true,
            "MOZ_ANDROID_MOZILLA_ONLINE": false,
            "MOZ_APP_NAME": "fennec",
            "MOZ_APP_VERSION": "68.1.1",
            "MOZ_APP_VERSION_DISPLAY": "68.1.1",
            "MOZ_BING_API_CLIENTID": "no-bing-api-clientid",
            "MOZ_BING_API_KEY": "no-bing-api-key",
            "MOZ_BITS_DOWNLOAD": false,
            "MOZ_BUILD_APP": "mobile/android",
            "MOZ_CODE_COVERAGE": false,
            "MOZ_CRASHREPORTER": true,
            "MOZ_DATA_REPORTING": true,
            "MOZ_DEV_EDITION": false,
            "MOZ_GECKO_PROFILER": true,
            "MOZ_GOOGLE_LOCATION_SERVICE_API_KEY": "AIzaSyB2h2OuRcUgy5N-5hsZqiPW6sH3n_rptiQ",
            "MOZ_GOOGLE_SAFEBROWSING_API_KEY": "AIzaSyC7jsptDS3am4tPx4r3nxis7IMjBc5Dovo",
            "MOZ_GRAPHENE": false,
            "MOZ_MACBUNDLE_NAME": "Firefox.app",
            "MOZ_MAINTENANCE_SERVICE": false,
            "MOZ_MOZILLA_API_KEY": "3b4d27dd-703d-4094-8398-4de2c763505a",
            "MOZ_NEW_CERT_STORAGE": false,
            "MOZ_NEW_NOTIFICATION_STORE": false,
            "MOZ_NEW_XULSTORE": false,
            "MOZ_OFFICIAL_BRANDING": false,
            "MOZ_PLACES": false,
            "MOZ_REQUIRE_SIGNING": false,
            "MOZ_SANDBOX": false,
            "MOZ_SERVICES_HEALTHREPORT": true,
            "MOZ_SERVICES_SYNC": false,
            "MOZ_SWITCHBOARD": true,
            "MOZ_SYSTEM_NSS": false,
            "MOZ_TELEMETRY_ON_BY_DEFAULT": false,
            "MOZ_TELEMETRY_REPORTING": true,
            "MOZ_UNSIGNED_SCOPES": 0,
            "MOZ_UPDATER": false,
            "MOZ_UPDATE_CHANNEL": "release",
            "MOZ_WEBRTC": true,
            "MOZ_WIDGET_GTK": false,
            "MOZ_WIDGET_TOOLKIT": "android",
            "NIGHTLY_BUILD": false,
            "OMNIJAR_NAME": "assets/omni.ja",
            "RELEASE_OR_BETA": true,
            "SOURCE_REVISION_URL": "https://hg.mozilla.org/releases/mozilla-esr68/rev/d2e0b9e17b9bc1ef02606c8006b73293f7892ad5",
            "TELEMETRY_PING_FORMAT_VERSION": 4,
            "XP_UNIX": true,
            "isPlatformAndVersionAtLeast": {},
            "isPlatformAndVersionAtMost": {},
            "platform": "android"
          },
          "userAgent": "Mozilla/5.0 (Android 9; Mobile; rv:68.0) Gecko/68.0 Firefox/68.0",
          "windowSize": "360x612"
        },
        "pageinfo": {
          "documentHeight": 2245,
          "documentSize": {
            "decodedBodySize": 158394,
            "encodedBodySize": 31698,
            "transferSize": 32565
          },
          "documentTitle": "Disney+ Hotstar - Watch TV Shows, Movies, Live Cricket Matches & News Online",
          "documentWidth": 360,
          "domElements": 1572,
          "navigationStartTime": 1617122840218,
          "nextHopProtocol": "h2",
          "resources": {
            "count": 0,
            "duration": 0
          },
          "responsive": true,
          "url": "https://www.hotstar.com/in",
          "visualElements": {
            "heroes": [
              {
                "filename": "942489-h",
                "height": 203,
                "name": "LargestImage",
                "width": 340,
                "x": 10,
                "y": 56
              }
            ],
            "viewport": {
              "height": 612,
              "width": 360
            }
          }
        },
        "timings": {
          "firstPaint": 1004,
          "loadEventEnd": 2072,
          "navigationTiming": {
            "connectStart": 412,
            "domComplete": 2071,
            "domContentLoadedEventEnd": 2071,
            "domContentLoadedEventStart": 2065,
            "domInteractive": 2051,
            "domainLookupEnd": 412,
            "domainLookupStart": 412,
            "duration": 2072,
            "fetchStart": 412,
            "loadEventEnd": 2072,
            "loadEventStart": 2071,
            "redirectEnd": 407,
            "redirectStart": 3,
            "requestStart": 442,
            "responseEnd": 815,
            "responseStart": 803,
            "secureConnectionStart": 0,
            "startTime": 0,
            "unloadEventEnd": 0,
            "unloadEventStart": 0,
            "workerStart": 0
          },
          "pageTimings": {
            "backEndTime": 803,
            "domContentLoadedTime": 2065,
            "domInteractiveTime": 2051,
            "domainLookupTime": 0,
            "frontEndTime": 1256,
            "pageDownloadTime": 13,
            "pageLoadTime": 2071,
            "redirectionTime": 404,
            "serverConnectionTime": 0,
            "serverResponseTime": 374
          },
          "rumSpeedIndex": 802,
          "timeToContentfulPaint": 1141,
          "timeToDomContentFlushed": 2051,
          "userTimings": {
            "marks": [
              {
                "name": "sentry-tracing-init",
                "startTime": 1962.5
              }
            ],
            "measures": []
          }
        }
      }
    ],
    "visualMetrics": [],
    "cpu": [],
    "extras": [
      {},
      {},
      {}
    ],
    "fullyLoaded": [],
    "errors": [
      [],
      [],
      []
    ],
    "statistics": {
      "browser": {
        "appConstants": {
          "MOZ_UNSIGNED_SCOPES": {
            "median": 0,
            "mean": 0,
            "mdev": 0,
            "stddev": 0,
            "min": 0,
            "p10": 0,
            "p90": 0,
            "p99": 0,
            "max": 0
          },
          "TELEMETRY_PING_FORMAT_VERSION": {
            "median": 4,
            "mean": 4,
            "mdev": 0,
            "stddev": 0,
            "min": 4,
            "p10": 4,
            "p90": 4,
            "p99": 4,
            "max": 4
          }
        },
        "asyncAppConstants": {
          "MOZ_UNSIGNED_SCOPES": {
            "median": 0,
            "mean": 0,
            "mdev": 0,
            "stddev": 0,
            "min": 0,
            "p10": 0,
            "p90": 0,
            "p99": 0,
            "max": 0
          },
          "TELEMETRY_PING_FORMAT_VERSION": {
            "median": 4,
            "mean": 4,
            "mdev": 0,
            "stddev": 0,
            "min": 4,
            "p10": 4,
            "p90": 4,
            "p99": 4,
            "max": 4
          }
        }
      },
      "pageinfo": {
        "documentHeight": {
          "median": 2245,
          "mean": 1955,
          "mdev": 237.0562,
          "stddev": 411,
          "min": 1374,
          "p10": 1374,
          "p90": 2245,
          "p99": 2245,
          "max": 2245
        },
        "documentSize": {
          "decodedBodySize": {
            "median": 158396,
            "mean": 158396,
            "mdev": 0.7201,
            "stddev": 1,
            "min": 158394,
            "p10": 158394,
            "p90": 158397,
            "p99": 158397,
            "max": 158397
          },
          "encodedBodySize": {
            "median": 31705,
            "mean": 31704,
            "mdev": 2.6247,
            "stddev": 5,
            "min": 31698,
            "p10": 31698,
            "p90": 31709,
            "p99": 31709,
            "max": 31709
          },
          "transferSize": {
            "median": 32572,
            "mean": 32571,
            "mdev": 2.6247,
            "stddev": 5,
            "min": 32565,
            "p10": 32565,
            "p90": 32576,
            "p99": 32576,
            "max": 32576
          }
        },
        "documentWidth": {
          "median": 360,
          "mean": 360,
          "mdev": 0,
          "stddev": 0,
          "min": 360,
          "p10": 360,
          "p90": 360,
          "p99": 360,
          "max": 360
        },
        "domElements": {
          "median": 1572,
          "mean": 1572,
          "mdev": 0,
          "stddev": 0,
          "min": 1572,
          "p10": 1572,
          "p90": 1572,
          "p99": 1572,
          "max": 1572
        },
        "navigationStartTime": {
          "median": 1617122823262,
          "mean": 1617122823284,
          "mdev": 12612.4091,
          "stddev": 21845,
          "min": 1617122806373,
          "p10": 1617122806373,
          "p90": 1617122840218,
          "p99": 1617122840218,
          "max": 1617122840218
        },
        "resources": {
          "count": {
            "median": 0,
            "mean": 0,
            "mdev": 0,
            "stddev": 0,
            "min": 0,
            "p10": 0,
            "p90": 0,
            "p99": 0,
            "max": 0
          },
          "duration": {
            "median": 0,
            "mean": 0,
            "mdev": 0,
            "stddev": 0,
            "min": 0,
            "p10": 0,
            "p90": 0,
            "p99": 0,
            "max": 0
          }
        },
        "visualElements": {
          "heroes": [
            {
              "height": {
                "median": 203,
                "mean": 203,
                "mdev": 0,
                "stddev": 0,
                "min": 203,
                "p10": 203,
                "p90": 203,
                "p99": 203,
                "max": 203
              },
              "width": {
                "median": 340,
                "mean": 340,
                "mdev": 0,
                "stddev": 0,
                "min": 340,
                "p10": 340,
                "p90": 340,
                "p99": 340,
                "max": 340
              },
              "x": {
                "median": 10,
                "mean": 10,
                "mdev": 0,
                "stddev": 0,
                "min": 10,
                "p10": 10,
                "p90": 10,
                "p99": 10,
                "max": 10
              },
              "y": {
                "median": 56,
                "mean": 56,
                "mdev": 0,
                "stddev": 0,
                "min": 56,
                "p10": 56,
                "p90": 56,
                "p99": 56,
                "max": 56
              }
            }
          ],
          "viewport": {
            "height": {
              "median": 612,
              "mean": 612,
              "mdev": 0,
              "stddev": 0,
              "min": 612,
              "p10": 612,
              "p90": 612,
              "p99": 612,
              "max": 612
            },
            "width": {
              "median": 360,
              "mean": 360,
              "mdev": 0,
              "stddev": 0,
              "min": 360,
              "p10": 360,
              "p90": 360,
              "p99": 360,
              "max": 360
            }
          }
        }
      },
      "timings": {
        "firstPaint": {
          "median": 1004,
          "mean": 990,
          "mdev": 30.9133,
          "stddev": 54,
          "min": 919,
          "p10": 919,
          "p90": 1048,
          "p99": 1048,
          "max": 1048
        },
        "loadEventEnd": {
          "median": 2049,
          "mean": 2048,
          "mdev": 11.317,
          "stddev": 20,
          "min": 2024,
          "p10": 2024,
          "p90": 2072,
          "p99": 2072,
          "max": 2072
        },
        "navigationTiming": {
          "connectStart": {
            "median": 412,
            "mean": 375,
            "mdev": 31.4431,
            "stddev": 54,
            "min": 298,
            "p10": 298,
            "p90": 415,
            "p99": 415,
            "max": 415
          },
          "domComplete": {
            "median": 2048,
            "mean": 2048,
            "mdev": 11.0788,
            "stddev": 19,
            "min": 2024,
            "p10": 2024,
            "p90": 2071,
            "p99": 2071,
            "max": 2071
          },
          "domContentLoadedEventEnd": {
            "median": 2047,
            "mean": 2047,
            "mdev": 11.3137,
            "stddev": 20,
            "min": 2023,
            "p10": 2023,
            "p90": 2071,
            "p99": 2071,
            "max": 2071
          },
          "domContentLoadedEventStart": {
            "median": 2041,
            "mean": 2041,
            "mdev": 11.0788,
            "stddev": 19,
            "min": 2018,
            "p10": 2018,
            "p90": 2065,
            "p99": 2065,
            "max": 2065
          },
          "domInteractive": {
            "median": 2030,
            "mean": 2028,
            "mdev": 11.3431,
            "stddev": 20,
            "min": 2003,
            "p10": 2003,
            "p90": 2051,
            "p99": 2051,
            "max": 2051
          },
          "domainLookupEnd": {
            "median": 412,
            "mean": 375,
            "mdev": 31.4431,
            "stddev": 54,
            "min": 298,
            "p10": 298,
            "p90": 415,
            "p99": 415,
            "max": 415
          },
          "domainLookupStart": {
            "median": 412,
            "mean": 375,
            "mdev": 31.4431,
            "stddev": 54,
            "min": 298,
            "p10": 298,
            "p90": 415,
            "p99": 415,
            "max": 415
          },
          "duration": {
            "median": 2049,
            "mean": 2048,
            "mdev": 11.317,
            "stddev": 20,
            "min": 2024,
            "p10": 2024,
            "p90": 2072,
            "p99": 2072,
            "max": 2072
          },
          "fetchStart": {
            "median": 412,
            "mean": 375,
            "mdev": 31.4431,
            "stddev": 54,
            "min": 298,
            "p10": 298,
            "p90": 415,
            "p99": 415,
            "max": 415
          },
          "loadEventEnd": {
            "median": 2049,
            "mean": 2048,
            "mdev": 11.317,
            "stddev": 20,
            "min": 2024,
            "p10": 2024,
            "p90": 2072,
            "p99": 2072,
            "max": 2072
          },
          "loadEventStart": {
            "median": 2048,
            "mean": 2048,
            "mdev": 11.0788,
            "stddev": 19,
            "min": 2024,
            "p10": 2024,
            "p90": 2071,
            "p99": 2071,
            "max": 2071
          },
          "redirectEnd": {
            "median": 407,
            "mean": 370,
            "mdev": 31.5853,
            "stddev": 55,
            "min": 293,
            "p10": 293,
            "p90": 411,
            "p99": 411,
            "max": 411
          },
          "redirectStart": {
            "median": 2,
            "mean": 2,
            "mdev": 0.2722,
            "stddev": 0,
            "min": 2,
            "p10": 2,
            "p90": 3,
            "p99": 3,
            "max": 3
          },
          "requestStart": {
            "median": 442,
            "mean": 406,
            "mdev": 30.7692,
            "stddev": 53,
            "min": 331,
            "p10": 331,
            "p90": 446,
            "p99": 446,
            "max": 446
          },
          "responseEnd": {
            "median": 815,
            "mean": 803,
            "mdev": 29.8453,
            "stddev": 52,
            "min": 735,
            "p10": 735,
            "p90": 860,
            "p99": 860,
            "max": 860
          },
          "responseStart": {
            "median": 803,
            "mean": 786,
            "mdev": 31.3877,
            "stddev": 54,
            "min": 713,
            "p10": 713,
            "p90": 843,
            "p99": 843,
            "max": 843
          },
          "secureConnectionStart": {
            "median": 0,
            "mean": 0,
            "mdev": 0,
            "stddev": 0,
            "min": 0,
            "p10": 0,
            "p90": 0,
            "p99": 0,
            "max": 0
          },
          "startTime": {
            "median": 0,
            "mean": 0,
            "mdev": 0,
            "stddev": 0,
            "min": 0,
            "p10": 0,
            "p90": 0,
            "p99": 0,
            "max": 0
          },
          "unloadEventEnd": {
            "median": 0,
            "mean": 0,
            "mdev": 0,
            "stddev": 0,
            "min": 0,
            "p10": 0,
            "p90": 0,
            "p99": 0,
            "max": 0
          },
          "unloadEventStart": {
            "median": 0,
            "mean": 0,
            "mdev": 0,
            "stddev": 0,
            "min": 0,
            "p10": 0,
            "p90": 0,
            "p99": 0,
            "max": 0
          },
          "workerStart": {
            "median": 0,
            "mean": 0,
            "mdev": 0,
            "stddev": 0,
            "min": 0,
            "p10": 0,
            "p90": 0,
            "p99": 0,
            "max": 0
          }
        },
        "pageTimings": {
          "backEndTime": {
            "median": 803,
            "mean": 786,
            "mdev": 31.3877,
            "stddev": 54,
            "min": 713,
            "p10": 713,
            "p90": 843,
            "p99": 843,
            "max": 843
          },
          "domContentLoadedTime": {
            "median": 2041,
            "mean": 2041,
            "mdev": 11.0788,
            "stddev": 19,
            "min": 2018,
            "p10": 2018,
            "p90": 2065,
            "p99": 2065,
            "max": 2065
          },
          "domInteractiveTime": {
            "median": 2030,
            "mean": 2028,
            "mdev": 11.3431,
            "stddev": 20,
            "min": 2003,
            "p10": 2003,
            "p90": 2051,
            "p99": 2051,
            "max": 2051
          },
          "domainLookupTime": {
            "median": 0,
            "mean": 0,
            "mdev": 0,
            "stddev": 0,
            "min": 0,
            "p10": 0,
            "p90": 0,
            "p99": 0,
            "max": 0
          },
          "frontEndTime": {
            "median": 1256,
            "mean": 1244,
            "mdev": 24.2777,
            "stddev": 42,
            "min": 1188,
            "p10": 1188,
            "p90": 1289,
            "p99": 1289,
            "max": 1289
          },
          "pageDownloadTime": {
            "median": 17,
            "mean": 17,
            "mdev": 1.8856,
            "stddev": 3,
            "min": 13,
            "p10": 13,
            "p90": 21,
            "p99": 21,
            "max": 21
          },
          "pageLoadTime": {
            "median": 2048,
            "mean": 2048,
            "mdev": 11.0788,
            "stddev": 19,
            "min": 2024,
            "p10": 2024,
            "p90": 2071,
            "p99": 2071,
            "max": 2071
          },
          "redirectionTime": {
            "median": 404,
            "mean": 368,
            "mdev": 31.7292,
            "stddev": 55,
            "min": 290,
            "p10": 290,
            "p90": 409,
            "p99": 409,
            "max": 409
          },
          "serverConnectionTime": {
            "median": 0,
            "mean": 0,
            "mdev": 0,
            "stddev": 0,
            "min": 0,
            "p10": 0,
            "p90": 0,
            "p99": 0,
            "max": 0
          },
          "serverResponseTime": {
            "median": 404,
            "mean": 397,
            "mdev": 9.8131,
            "stddev": 17,
            "min": 374,
            "p10": 374,
            "p90": 414,
            "p99": 414,
            "max": 414
          }
        },
        "rumSpeedIndex": {
          "median": 802,
          "mean": 786,
          "mdev": 31.3298,
          "stddev": 54,
          "min": 713,
          "p10": 713,
          "p90": 843,
          "p99": 843,
          "max": 843
        },
        "timeToContentfulPaint": {
          "median": 1141,
          "mean": 1135,
          "mdev": 30.9635,
          "stddev": 54,
          "min": 1067,
          "p10": 1067,
          "p90": 1198,
          "p99": 1198,
          "max": 1198
        },
        "timeToDomContentFlushed": {
          "median": 2031,
          "mean": 2029,
          "mdev": 11.1189,
          "stddev": 19,
          "min": 2004,
          "p10": 2004,
          "p90": 2051,
          "p99": 2051,
          "max": 2051
        },
        "userTimings": {
          "marks": {
            "sentry-tracing-init": {
              "median": 1942,
              "mean": 1940,
              "mdev": 11.0577,
              "stddev": 19,
              "min": 1916,
              "p10": 1916,
              "p90": 1963,
              "p99": 1963,
              "max": 1963
            }
          }
        }
      }
    }
  }
]