[
  {
    "info": {
      "browsertime": {
        "version": "8.4.0"
      },
      "url": "https://yahoo.co.jp/",
      "timestamp": "2021-03-30T02:47:37+04:00",
      "connectivity": {
        "engine": "external",
        "profile": "native"
      },
      "extra": {}
    },
    "files": {
      "video": [],
      "screenshot": [],
      "timeline": [],
      "consoleLog": [],
      "netLog": [],
      "perfLog": []
    },
    "cdp": {
      "performance": []
    },
    "timestamps": [
      "2021-03-30T02:44:56+04:00",
      "2021-03-30T02:47:14+04:00",
      "2021-03-30T02:47:54+04:00",
      "2021-03-30T02:50:03+04:00",
      "2021-03-30T02:50:51+04:00",
      "2021-03-30T02:53:02+04:00"
    ],
    "browserScripts": [
      {
        "browser": {
          "appConstants": {
            "ACCESSIBILITY": true,
            "ANDROID_PACKAGE_NAME": "org.mozilla.firefox",
            "ASAN": false,
            "ASAN_REPORTER": false,
            "BROWSER_CHROME_URL": "chrome://browser/content/browser.xul",
            "DEBUG": false,
            "DEBUG_JS_MODULES": "",
            "DLL_PREFIX": "lib",
            "DLL_SUFFIX": ".so",
            "EARLY_BETA_OR_EARLIER": false,
            "FENNEC_NIGHTLY": false,
            "HAVE_SHELL_SERVICE": false,
            "HAVE_USR_LIB64_DIR": false,
            "MENUBAR_CAN_AUTOHIDE": false,
            "MOZILLA_OFFICIAL": true,
            "MOZ_ALLOW_LEGACY_EXTENSIONS": false,
            "MOZ_ANDROID_ACTIVITY_STREAM": false,
            "MOZ_ANDROID_HISTORY": true,
            "MOZ_ANDROID_MOZILLA_ONLINE": false,
            "MOZ_APP_NAME": "fennec",
            "MOZ_APP_VERSION": "68.1.1",
            "MOZ_APP_VERSION_DISPLAY": "68.1.1",
            "MOZ_BING_API_CLIENTID": "no-bing-api-clientid",
            "MOZ_BING_API_KEY": "no-bing-api-key",
            "MOZ_BITS_DOWNLOAD": false,
            "MOZ_BUILD_APP": "mobile/android",
            "MOZ_CODE_COVERAGE": false,
            "MOZ_CRASHREPORTER": true,
            "MOZ_DATA_REPORTING": true,
            "MOZ_DEV_EDITION": false,
            "MOZ_GECKO_PROFILER": true,
            "MOZ_GOOGLE_LOCATION_SERVICE_API_KEY": "AIzaSyB2h2OuRcUgy5N-5hsZqiPW6sH3n_rptiQ",
            "MOZ_GOOGLE_SAFEBROWSING_API_KEY": "AIzaSyC7jsptDS3am4tPx4r3nxis7IMjBc5Dovo",
            "MOZ_GRAPHENE": false,
            "MOZ_MACBUNDLE_NAME": "Firefox.app",
            "MOZ_MAINTENANCE_SERVICE": false,
            "MOZ_MOZILLA_API_KEY": "3b4d27dd-703d-4094-8398-4de2c763505a",
            "MOZ_NEW_CERT_STORAGE": false,
            "MOZ_NEW_NOTIFICATION_STORE": false,
            "MOZ_NEW_XULSTORE": false,
            "MOZ_OFFICIAL_BRANDING": false,
            "MOZ_PLACES": false,
            "MOZ_REQUIRE_SIGNING": false,
            "MOZ_SANDBOX": false,
            "MOZ_SERVICES_HEALTHREPORT": true,
            "MOZ_SERVICES_SYNC": false,
            "MOZ_SWITCHBOARD": true,
            "MOZ_SYSTEM_NSS": false,
            "MOZ_TELEMETRY_ON_BY_DEFAULT": false,
            "MOZ_TELEMETRY_REPORTING": true,
            "MOZ_UNSIGNED_SCOPES": 0,
            "MOZ_UPDATER": false,
            "MOZ_UPDATE_CHANNEL": "release",
            "MOZ_WEBRTC": true,
            "MOZ_WIDGET_GTK": false,
            "MOZ_WIDGET_TOOLKIT": "android",
            "NIGHTLY_BUILD": false,
            "OMNIJAR_NAME": "assets/omni.ja",
            "RELEASE_OR_BETA": true,
            "SOURCE_REVISION_URL": "https://hg.mozilla.org/releases/mozilla-esr68/rev/d2e0b9e17b9bc1ef02606c8006b73293f7892ad5",
            "TELEMETRY_PING_FORMAT_VERSION": 4,
            "XP_UNIX": true,
            "isPlatformAndVersionAtLeast": {},
            "isPlatformAndVersionAtMost": {},
            "platform": "android"
          },
          "asyncAppConstants": {
            "ACCESSIBILITY": true,
            "ANDROID_PACKAGE_NAME": "org.mozilla.firefox",
            "ASAN": false,
            "ASAN_REPORTER": false,
            "BROWSER_CHROME_URL": "chrome://browser/content/browser.xul",
            "DEBUG": false,
            "DEBUG_JS_MODULES": "",
            "DLL_PREFIX": "lib",
            "DLL_SUFFIX": ".so",
            "EARLY_BETA_OR_EARLIER": false,
            "FENNEC_NIGHTLY": false,
            "HAVE_SHELL_SERVICE": false,
            "HAVE_USR_LIB64_DIR": false,
            "MENUBAR_CAN_AUTOHIDE": false,
            "MOZILLA_OFFICIAL": true,
            "MOZ_ALLOW_LEGACY_EXTENSIONS": false,
            "MOZ_ANDROID_ACTIVITY_STREAM": false,
            "MOZ_ANDROID_HISTORY": true,
            "MOZ_ANDROID_MOZILLA_ONLINE": false,
            "MOZ_APP_NAME": "fennec",
            "MOZ_APP_VERSION": "68.1.1",
            "MOZ_APP_VERSION_DISPLAY": "68.1.1",
            "MOZ_BING_API_CLIENTID": "no-bing-api-clientid",
            "MOZ_BING_API_KEY": "no-bing-api-key",
            "MOZ_BITS_DOWNLOAD": false,
            "MOZ_BUILD_APP": "mobile/android",
            "MOZ_CODE_COVERAGE": false,
            "MOZ_CRASHREPORTER": true,
            "MOZ_DATA_REPORTING": true,
            "MOZ_DEV_EDITION": false,
            "MOZ_GECKO_PROFILER": true,
            "MOZ_GOOGLE_LOCATION_SERVICE_API_KEY": "AIzaSyB2h2OuRcUgy5N-5hsZqiPW6sH3n_rptiQ",
            "MOZ_GOOGLE_SAFEBROWSING_API_KEY": "AIzaSyC7jsptDS3am4tPx4r3nxis7IMjBc5Dovo",
            "MOZ_GRAPHENE": false,
            "MOZ_MACBUNDLE_NAME": "Firefox.app",
            "MOZ_MAINTENANCE_SERVICE": false,
            "MOZ_MOZILLA_API_KEY": "3b4d27dd-703d-4094-8398-4de2c763505a",
            "MOZ_NEW_CERT_STORAGE": false,
            "MOZ_NEW_NOTIFICATION_STORE": false,
            "MOZ_NEW_XULSTORE": false,
            "MOZ_OFFICIAL_BRANDING": false,
            "MOZ_PLACES": false,
            "MOZ_REQUIRE_SIGNING": false,
            "MOZ_SANDBOX": false,
            "MOZ_SERVICES_HEALTHREPORT": true,
            "MOZ_SERVICES_SYNC": false,
            "MOZ_SWITCHBOARD": true,
            "MOZ_SYSTEM_NSS": false,
            "MOZ_TELEMETRY_ON_BY_DEFAULT": false,
            "MOZ_TELEMETRY_REPORTING": true,
            "MOZ_UNSIGNED_SCOPES": 0,
            "MOZ_UPDATER": false,
            "MOZ_UPDATE_CHANNEL": "release",
            "MOZ_WEBRTC": true,
            "MOZ_WIDGET_GTK": false,
            "MOZ_WIDGET_TOOLKIT": "android",
            "NIGHTLY_BUILD": false,
            "OMNIJAR_NAME": "assets/omni.ja",
            "RELEASE_OR_BETA": true,
            "SOURCE_REVISION_URL": "https://hg.mozilla.org/releases/mozilla-esr68/rev/d2e0b9e17b9bc1ef02606c8006b73293f7892ad5",
            "TELEMETRY_PING_FORMAT_VERSION": 4,
            "XP_UNIX": true,
            "isPlatformAndVersionAtLeast": {},
            "isPlatformAndVersionAtMost": {},
            "platform": "android"
          },
          "userAgent": "Mozilla/5.0 (Android 8.1.0; Mobile; rv:68.0) Gecko/68.0 Firefox/68.0",
          "windowSize": "360x560"
        },
        "pageinfo": {
          "documentHeight": 4660,
          "documentSize": {
            "decodedBodySize": 125311,
            "encodedBodySize": 29667,
            "transferSize": 30272
          },
          "documentTitle": "Yahoo! JAPAN",
          "documentWidth": 360,
          "domElements": 1176,
          "navigationStartTime": 1617057897032,
          "nextHopProtocol": "h2",
          "resources": {
            "count": 0,
            "duration": 0
          },
          "responsive": true,
          "url": "https://m.yahoo.co.jp/",
          "visualElements": {
            "heroes": [
              {
                "filename": "b?P=M_18KjE4My6zBYhoYGJYagZdOTEuMgAAAAChpmpY&T=192hbv7e6%2fX%3d1617057898%2fE%3d2080377422%2fR%3djp_s_t_web%2fK%3d5%2fV%3d10.1%2fW%3dC%2fY%3djp%2fF%3d705223323%2fH%3dc2VjdXJlPXRydWUgZHM9Ijg4MjMzXzIzNzQxMyIgYWRjdmVyPTYuOC4xIGRldmljZS1tb2RlbD0iQW5kcm9pZCIgZGV2aWNlLW9zLXZlcnNpb249IkFuZHJvaWQgMi4yIiBub3RodG1sLXBvcz1BVFc-%2fQ%3d-1%2fI%3d1%2fS%3d1%2fJ%3dF62B6364&U=127mo69qs%2fN%3d97YHAGRinnk-%2fC%3d-1%2fD%3dATW%2fB%3d-1&O=1516897938",
                "height": 1,
                "name": "LargestImage",
                "width": 1,
                "x": 0,
                "y": 180
              },
              {
                "filename": null,
                "height": 22,
                "name": "Heading",
                "width": 284,
                "x": 68,
                "y": 345
              }
            ],
            "viewport": {
              "height": 560,
              "width": 360
            }
          }
        },
        "timings": {
          "firstPaint": 5688,
          "loadEventEnd": 100147,
          "navigationTiming": {
            "connectStart": 1896,
            "domComplete": 98675,
            "domContentLoadedEventEnd": 12362,
            "domContentLoadedEventStart": 11883,
            "domInteractive": 11008,
            "domainLookupEnd": 1896,
            "domainLookupStart": 1629,
            "duration": 100147,
            "fetchStart": 1629,
            "loadEventEnd": 100147,
            "loadEventStart": 98675,
            "redirectEnd": 1627,
            "redirectStart": 3,
            "requestStart": 1906,
            "responseEnd": 2169,
            "responseStart": 2169,
            "secureConnectionStart": 0,
            "startTime": 0,
            "unloadEventEnd": 0,
            "unloadEventStart": 0,
            "workerStart": 0
          },
          "pageTimings": {
            "backEndTime": 2169,
            "domContentLoadedTime": 11883,
            "domInteractiveTime": 11008,
            "domainLookupTime": 267,
            "frontEndTime": 96507,
            "pageDownloadTime": 0,
            "pageLoadTime": 98675,
            "redirectionTime": 1624,
            "serverConnectionTime": 0,
            "serverResponseTime": 262
          },
          "rumSpeedIndex": 2168,
          "timeToContentfulPaint": 5871,
          "timeToDomContentFlushed": 11296,
          "userTimings": {
            "marks": [],
            "measures": []
          }
        }
      },
      {
        "browser": {
          "appConstants": {
            "ACCESSIBILITY": true,
            "ANDROID_PACKAGE_NAME": "org.mozilla.firefox",
            "ASAN": false,
            "ASAN_REPORTER": false,
            "BROWSER_CHROME_URL": "chrome://browser/content/browser.xul",
            "DEBUG": false,
            "DEBUG_JS_MODULES": "",
            "DLL_PREFIX": "lib",
            "DLL_SUFFIX": ".so",
            "EARLY_BETA_OR_EARLIER": false,
            "FENNEC_NIGHTLY": false,
            "HAVE_SHELL_SERVICE": false,
            "HAVE_USR_LIB64_DIR": false,
            "MENUBAR_CAN_AUTOHIDE": false,
            "MOZILLA_OFFICIAL": true,
            "MOZ_ALLOW_LEGACY_EXTENSIONS": false,
            "MOZ_ANDROID_ACTIVITY_STREAM": false,
            "MOZ_ANDROID_HISTORY": true,
            "MOZ_ANDROID_MOZILLA_ONLINE": false,
            "MOZ_APP_NAME": "fennec",
            "MOZ_APP_VERSION": "68.1.1",
            "MOZ_APP_VERSION_DISPLAY": "68.1.1",
            "MOZ_BING_API_CLIENTID": "no-bing-api-clientid",
            "MOZ_BING_API_KEY": "no-bing-api-key",
            "MOZ_BITS_DOWNLOAD": false,
            "MOZ_BUILD_APP": "mobile/android",
            "MOZ_CODE_COVERAGE": false,
            "MOZ_CRASHREPORTER": true,
            "MOZ_DATA_REPORTING": true,
            "MOZ_DEV_EDITION": false,
            "MOZ_GECKO_PROFILER": true,
            "MOZ_GOOGLE_LOCATION_SERVICE_API_KEY": "AIzaSyB2h2OuRcUgy5N-5hsZqiPW6sH3n_rptiQ",
            "MOZ_GOOGLE_SAFEBROWSING_API_KEY": "AIzaSyC7jsptDS3am4tPx4r3nxis7IMjBc5Dovo",
            "MOZ_GRAPHENE": false,
            "MOZ_MACBUNDLE_NAME": "Firefox.app",
            "MOZ_MAINTENANCE_SERVICE": false,
            "MOZ_MOZILLA_API_KEY": "3b4d27dd-703d-4094-8398-4de2c763505a",
            "MOZ_NEW_CERT_STORAGE": false,
            "MOZ_NEW_NOTIFICATION_STORE": false,
            "MOZ_NEW_XULSTORE": false,
            "MOZ_OFFICIAL_BRANDING": false,
            "MOZ_PLACES": false,
            "MOZ_REQUIRE_SIGNING": false,
            "MOZ_SANDBOX": false,
            "MOZ_SERVICES_HEALTHREPORT": true,
            "MOZ_SERVICES_SYNC": false,
            "MOZ_SWITCHBOARD": true,
            "MOZ_SYSTEM_NSS": false,
            "MOZ_TELEMETRY_ON_BY_DEFAULT": false,
            "MOZ_TELEMETRY_REPORTING": true,
            "MOZ_UNSIGNED_SCOPES": 0,
            "MOZ_UPDATER": false,
            "MOZ_UPDATE_CHANNEL": "release",
            "MOZ_WEBRTC": true,
            "MOZ_WIDGET_GTK": false,
            "MOZ_WIDGET_TOOLKIT": "android",
            "NIGHTLY_BUILD": false,
            "OMNIJAR_NAME": "assets/omni.ja",
            "RELEASE_OR_BETA": true,
            "SOURCE_REVISION_URL": "https://hg.mozilla.org/releases/mozilla-esr68/rev/d2e0b9e17b9bc1ef02606c8006b73293f7892ad5",
            "TELEMETRY_PING_FORMAT_VERSION": 4,
            "XP_UNIX": true,
            "isPlatformAndVersionAtLeast": {},
            "isPlatformAndVersionAtMost": {},
            "platform": "android"
          },
          "asyncAppConstants": {
            "ACCESSIBILITY": true,
            "ANDROID_PACKAGE_NAME": "org.mozilla.firefox",
            "ASAN": false,
            "ASAN_REPORTER": false,
            "BROWSER_CHROME_URL": "chrome://browser/content/browser.xul",
            "DEBUG": false,
            "DEBUG_JS_MODULES": "",
            "DLL_PREFIX": "lib",
            "DLL_SUFFIX": ".so",
            "EARLY_BETA_OR_EARLIER": false,
            "FENNEC_NIGHTLY": false,
            "HAVE_SHELL_SERVICE": false,
            "HAVE_USR_LIB64_DIR": false,
            "MENUBAR_CAN_AUTOHIDE": false,
            "MOZILLA_OFFICIAL": true,
            "MOZ_ALLOW_LEGACY_EXTENSIONS": false,
            "MOZ_ANDROID_ACTIVITY_STREAM": false,
            "MOZ_ANDROID_HISTORY": true,
            "MOZ_ANDROID_MOZILLA_ONLINE": false,
            "MOZ_APP_NAME": "fennec",
            "MOZ_APP_VERSION": "68.1.1",
            "MOZ_APP_VERSION_DISPLAY": "68.1.1",
            "MOZ_BING_API_CLIENTID": "no-bing-api-clientid",
            "MOZ_BING_API_KEY": "no-bing-api-key",
            "MOZ_BITS_DOWNLOAD": false,
            "MOZ_BUILD_APP": "mobile/android",
            "MOZ_CODE_COVERAGE": false,
            "MOZ_CRASHREPORTER": true,
            "MOZ_DATA_REPORTING": true,
            "MOZ_DEV_EDITION": false,
            "MOZ_GECKO_PROFILER": true,
            "MOZ_GOOGLE_LOCATION_SERVICE_API_KEY": "AIzaSyB2h2OuRcUgy5N-5hsZqiPW6sH3n_rptiQ",
            "MOZ_GOOGLE_SAFEBROWSING_API_KEY": "AIzaSyC7jsptDS3am4tPx4r3nxis7IMjBc5Dovo",
            "MOZ_GRAPHENE": false,
            "MOZ_MACBUNDLE_NAME": "Firefox.app",
            "MOZ_MAINTENANCE_SERVICE": false,
            "MOZ_MOZILLA_API_KEY": "3b4d27dd-703d-4094-8398-4de2c763505a",
            "MOZ_NEW_CERT_STORAGE": false,
            "MOZ_NEW_NOTIFICATION_STORE": false,
            "MOZ_NEW_XULSTORE": false,
            "MOZ_OFFICIAL_BRANDING": false,
            "MOZ_PLACES": false,
            "MOZ_REQUIRE_SIGNING": false,
            "MOZ_SANDBOX": false,
            "MOZ_SERVICES_HEALTHREPORT": true,
            "MOZ_SERVICES_SYNC": false,
            "MOZ_SWITCHBOARD": true,
            "MOZ_SYSTEM_NSS": false,
            "MOZ_TELEMETRY_ON_BY_DEFAULT": false,
            "MOZ_TELEMETRY_REPORTING": true,
            "MOZ_UNSIGNED_SCOPES": 0,
            "MOZ_UPDATER": false,
            "MOZ_UPDATE_CHANNEL": "release",
            "MOZ_WEBRTC": true,
            "MOZ_WIDGET_GTK": false,
            "MOZ_WIDGET_TOOLKIT": "android",
            "NIGHTLY_BUILD": false,
            "OMNIJAR_NAME": "assets/omni.ja",
            "RELEASE_OR_BETA": true,
            "SOURCE_REVISION_URL": "https://hg.mozilla.org/releases/mozilla-esr68/rev/d2e0b9e17b9bc1ef02606c8006b73293f7892ad5",
            "TELEMETRY_PING_FORMAT_VERSION": 4,
            "XP_UNIX": true,
            "isPlatformAndVersionAtLeast": {},
            "isPlatformAndVersionAtMost": {},
            "platform": "android"
          },
          "userAgent": "Mozilla/5.0 (Android 8.1.0; Mobile; rv:68.0) Gecko/68.0 Firefox/68.0",
          "windowSize": "360x560"
        },
        "pageinfo": {
          "documentHeight": 4660,
          "documentSize": {
            "decodedBodySize": 123842,
            "encodedBodySize": 29068,
            "transferSize": 29673
          },
          "documentTitle": "Yahoo! JAPAN",
          "documentWidth": 360,
          "domElements": 1173,
          "navigationStartTime": 1617058074881,
          "nextHopProtocol": "h2",
          "resources": {
            "count": 0,
            "duration": 0
          },
          "responsive": true,
          "url": "https://m.yahoo.co.jp/",
          "visualElements": {
            "heroes": [
              {
                "filename": "b?P=vo2DtjE4My6dB1uiYGJZHAAAOTEuMmBiWR4AAklg&T=143i01j9u%2fX%3d1617058078%2fE%3d2080377422%2fR%3djp_s_toppg%2fK%3d5%2fV%3d8.1%2fW%3d0R%2fY%3djp%2fF%3d387496162%2fQ%3d-1%2fS%3d1%2fJ%3d5be629cb&U=125fj7357%2fN%3dMzA5MTE4My4-%2fC%3d-2%2fD%3dZ%2fB%3d-2&Q=1",
                "height": 1,
                "name": "LargestImage",
                "width": 1,
                "x": 0,
                "y": 560
              },
              {
                "filename": null,
                "height": 22,
                "name": "Heading",
                "width": 284,
                "x": 68,
                "y": 345
              }
            ],
            "viewport": {
              "height": 560,
              "width": 360
            }
          }
        },
        "timings": {
          "firstPaint": 6737,
          "loadEventEnd": 99562,
          "navigationTiming": {
            "connectStart": 1768,
            "domComplete": 98564,
            "domContentLoadedEventEnd": 15321,
            "domContentLoadedEventStart": 15091,
            "domInteractive": 13361,
            "domainLookupEnd": 1768,
            "domainLookupStart": 1768,
            "duration": 99562,
            "fetchStart": 1744,
            "loadEventEnd": 99562,
            "loadEventStart": 98564,
            "redirectEnd": 1741,
            "redirectStart": 2,
            "requestStart": 1775,
            "responseEnd": 2061,
            "responseStart": 2061,
            "secureConnectionStart": 0,
            "startTime": 0,
            "unloadEventEnd": 0,
            "unloadEventStart": 0,
            "workerStart": 0
          },
          "pageTimings": {
            "backEndTime": 2061,
            "domContentLoadedTime": 15091,
            "domInteractiveTime": 13361,
            "domainLookupTime": 0,
            "frontEndTime": 96503,
            "pageDownloadTime": 0,
            "pageLoadTime": 98564,
            "redirectionTime": 1739,
            "serverConnectionTime": 0,
            "serverResponseTime": 285
          },
          "rumSpeedIndex": 2060,
          "timeToContentfulPaint": 6983,
          "timeToDomContentFlushed": 14755,
          "userTimings": {
            "marks": [],
            "measures": []
          }
        }
      },
      {
        "browser": {
          "appConstants": {
            "ACCESSIBILITY": true,
            "ANDROID_PACKAGE_NAME": "org.mozilla.firefox",
            "ASAN": false,
            "ASAN_REPORTER": false,
            "BROWSER_CHROME_URL": "chrome://browser/content/browser.xul",
            "DEBUG": false,
            "DEBUG_JS_MODULES": "",
            "DLL_PREFIX": "lib",
            "DLL_SUFFIX": ".so",
            "EARLY_BETA_OR_EARLIER": false,
            "FENNEC_NIGHTLY": false,
            "HAVE_SHELL_SERVICE": false,
            "HAVE_USR_LIB64_DIR": false,
            "MENUBAR_CAN_AUTOHIDE": false,
            "MOZILLA_OFFICIAL": true,
            "MOZ_ALLOW_LEGACY_EXTENSIONS": false,
            "MOZ_ANDROID_ACTIVITY_STREAM": false,
            "MOZ_ANDROID_HISTORY": true,
            "MOZ_ANDROID_MOZILLA_ONLINE": false,
            "MOZ_APP_NAME": "fennec",
            "MOZ_APP_VERSION": "68.1.1",
            "MOZ_APP_VERSION_DISPLAY": "68.1.1",
            "MOZ_BING_API_CLIENTID": "no-bing-api-clientid",
            "MOZ_BING_API_KEY": "no-bing-api-key",
            "MOZ_BITS_DOWNLOAD": false,
            "MOZ_BUILD_APP": "mobile/android",
            "MOZ_CODE_COVERAGE": false,
            "MOZ_CRASHREPORTER": true,
            "MOZ_DATA_REPORTING": true,
            "MOZ_DEV_EDITION": false,
            "MOZ_GECKO_PROFILER": true,
            "MOZ_GOOGLE_LOCATION_SERVICE_API_KEY": "AIzaSyB2h2OuRcUgy5N-5hsZqiPW6sH3n_rptiQ",
            "MOZ_GOOGLE_SAFEBROWSING_API_KEY": "AIzaSyC7jsptDS3am4tPx4r3nxis7IMjBc5Dovo",
            "MOZ_GRAPHENE": false,
            "MOZ_MACBUNDLE_NAME": "Firefox.app",
            "MOZ_MAINTENANCE_SERVICE": false,
            "MOZ_MOZILLA_API_KEY": "3b4d27dd-703d-4094-8398-4de2c763505a",
            "MOZ_NEW_CERT_STORAGE": false,
            "MOZ_NEW_NOTIFICATION_STORE": false,
            "MOZ_NEW_XULSTORE": false,
            "MOZ_OFFICIAL_BRANDING": false,
            "MOZ_PLACES": false,
            "MOZ_REQUIRE_SIGNING": false,
            "MOZ_SANDBOX": false,
            "MOZ_SERVICES_HEALTHREPORT": true,
            "MOZ_SERVICES_SYNC": false,
            "MOZ_SWITCHBOARD": true,
            "MOZ_SYSTEM_NSS": false,
            "MOZ_TELEMETRY_ON_BY_DEFAULT": false,
            "MOZ_TELEMETRY_REPORTING": true,
            "MOZ_UNSIGNED_SCOPES": 0,
            "MOZ_UPDATER": false,
            "MOZ_UPDATE_CHANNEL": "release",
            "MOZ_WEBRTC": true,
            "MOZ_WIDGET_GTK": false,
            "MOZ_WIDGET_TOOLKIT": "android",
            "NIGHTLY_BUILD": false,
            "OMNIJAR_NAME": "assets/omni.ja",
            "RELEASE_OR_BETA": true,
            "SOURCE_REVISION_URL": "https://hg.mozilla.org/releases/mozilla-esr68/rev/d2e0b9e17b9bc1ef02606c8006b73293f7892ad5",
            "TELEMETRY_PING_FORMAT_VERSION": 4,
            "XP_UNIX": true,
            "isPlatformAndVersionAtLeast": {},
            "isPlatformAndVersionAtMost": {},
            "platform": "android"
          },
          "asyncAppConstants": {
            "ACCESSIBILITY": true,
            "ANDROID_PACKAGE_NAME": "org.mozilla.firefox",
            "ASAN": false,
            "ASAN_REPORTER": false,
            "BROWSER_CHROME_URL": "chrome://browser/content/browser.xul",
            "DEBUG": false,
            "DEBUG_JS_MODULES": "",
            "DLL_PREFIX": "lib",
            "DLL_SUFFIX": ".so",
            "EARLY_BETA_OR_EARLIER": false,
            "FENNEC_NIGHTLY": false,
            "HAVE_SHELL_SERVICE": false,
            "HAVE_USR_LIB64_DIR": false,
            "MENUBAR_CAN_AUTOHIDE": false,
            "MOZILLA_OFFICIAL": true,
            "MOZ_ALLOW_LEGACY_EXTENSIONS": false,
            "MOZ_ANDROID_ACTIVITY_STREAM": false,
            "MOZ_ANDROID_HISTORY": true,
            "MOZ_ANDROID_MOZILLA_ONLINE": false,
            "MOZ_APP_NAME": "fennec",
            "MOZ_APP_VERSION": "68.1.1",
            "MOZ_APP_VERSION_DISPLAY": "68.1.1",
            "MOZ_BING_API_CLIENTID": "no-bing-api-clientid",
            "MOZ_BING_API_KEY": "no-bing-api-key",
            "MOZ_BITS_DOWNLOAD": false,
            "MOZ_BUILD_APP": "mobile/android",
            "MOZ_CODE_COVERAGE": false,
            "MOZ_CRASHREPORTER": true,
            "MOZ_DATA_REPORTING": true,
            "MOZ_DEV_EDITION": false,
            "MOZ_GECKO_PROFILER": true,
            "MOZ_GOOGLE_LOCATION_SERVICE_API_KEY": "AIzaSyB2h2OuRcUgy5N-5hsZqiPW6sH3n_rptiQ",
            "MOZ_GOOGLE_SAFEBROWSING_API_KEY": "AIzaSyC7jsptDS3am4tPx4r3nxis7IMjBc5Dovo",
            "MOZ_GRAPHENE": false,
            "MOZ_MACBUNDLE_NAME": "Firefox.app",
            "MOZ_MAINTENANCE_SERVICE": false,
            "MOZ_MOZILLA_API_KEY": "3b4d27dd-703d-4094-8398-4de2c763505a",
            "MOZ_NEW_CERT_STORAGE": false,
            "MOZ_NEW_NOTIFICATION_STORE": false,
            "MOZ_NEW_XULSTORE": false,
            "MOZ_OFFICIAL_BRANDING": false,
            "MOZ_PLACES": false,
            "MOZ_REQUIRE_SIGNING": false,
            "MOZ_SANDBOX": false,
            "MOZ_SERVICES_HEALTHREPORT": true,
            "MOZ_SERVICES_SYNC": false,
            "MOZ_SWITCHBOARD": true,
            "MOZ_SYSTEM_NSS": false,
            "MOZ_TELEMETRY_ON_BY_DEFAULT": false,
            "MOZ_TELEMETRY_REPORTING": true,
            "MOZ_UNSIGNED_SCOPES": 0,
            "MOZ_UPDATER": false,
            "MOZ_UPDATE_CHANNEL": "release",
            "MOZ_WEBRTC": true,
            "MOZ_WIDGET_GTK": false,
            "MOZ_WIDGET_TOOLKIT": "android",
            "NIGHTLY_BUILD": false,
            "OMNIJAR_NAME": "assets/omni.ja",
            "RELEASE_OR_BETA": true,
            "SOURCE_REVISION_URL": "https://hg.mozilla.org/releases/mozilla-esr68/rev/d2e0b9e17b9bc1ef02606c8006b73293f7892ad5",
            "TELEMETRY_PING_FORMAT_VERSION": 4,
            "XP_UNIX": true,
            "isPlatformAndVersionAtLeast": {},
            "isPlatformAndVersionAtMost": {},
            "platform": "android"
          },
          "userAgent": "Mozilla/5.0 (Android 8.1.0; Mobile; rv:68.0) Gecko/68.0 Firefox/68.0",
          "windowSize": "360x560"
        },
        "pageinfo": {
          "documentHeight": 4660,
          "documentSize": {
            "decodedBodySize": 125272,
            "encodedBodySize": 29666,
            "transferSize": 30271
          },
          "documentTitle": "Yahoo! JAPAN",
          "documentWidth": 360,
          "domElements": 1175,
          "navigationStartTime": 1617058251865,
          "nextHopProtocol": "h2",
          "resources": {
            "count": 0,
            "duration": 0
          },
          "responsive": true,
          "url": "https://m.yahoo.co.jp/",
          "visualElements": {
            "heroes": [
              {
                "filename": "b?P=joWfBjIwMy667QlsYGJZzQAROTEuMgAAAAC20IkP&T=193lqi8kk%2fX%3d1617058254%2fE%3d2080377422%2fR%3djp_s_t_web%2fK%3d5%2fV%3d10.1%2fW%3dC%2fY%3djp%2fF%3d1136690041%2fH%3dc2VjdXJlPXRydWUgZHM9Ijg4MjMzXzIzNzQxMyIgYWRjdmVyPTYuOC4xIGRldmljZS1tb2RlbD0iQW5kcm9pZCIgZGV2aWNlLW9zLXZlcnNpb249IkFuZHJvaWQgMi4yIiBub3RodG1sLXBvcz1BVFc-%2fQ%3d-1%2fI%3d1%2fS%3d1%2fJ%3dCAD34464&U=127l0mdun%2fN%3dtlEKAGRE3jg-%2fC%3d-1%2fD%3dATW%2fB%3d-1&O=1612651820",
                "height": 1,
                "name": "LargestImage",
                "width": 1,
                "x": 0,
                "y": 180
              },
              {
                "filename": null,
                "height": 22,
                "name": "Heading",
                "width": 284,
                "x": 68,
                "y": 345
              }
            ],
            "viewport": {
              "height": 560,
              "width": 360
            }
          }
        },
        "timings": {
          "firstPaint": 8497,
          "loadEventEnd": 100075,
          "navigationTiming": {
            "connectStart": 2162,
            "domComplete": 99415,
            "domContentLoadedEventEnd": 15936,
            "domContentLoadedEventStart": 15723,
            "domInteractive": 15123,
            "domainLookupEnd": 2161,
            "domainLookupStart": 2161,
            "duration": 100075,
            "fetchStart": 2127,
            "loadEventEnd": 100075,
            "loadEventStart": 99415,
            "redirectEnd": 2124,
            "redirectStart": 2,
            "requestStart": 2171,
            "responseEnd": 2511,
            "responseStart": 2511,
            "secureConnectionStart": 0,
            "startTime": 0,
            "unloadEventEnd": 0,
            "unloadEventStart": 0,
            "workerStart": 0
          },
          "pageTimings": {
            "backEndTime": 2511,
            "domContentLoadedTime": 15723,
            "domInteractiveTime": 15123,
            "domainLookupTime": 0,
            "frontEndTime": 96905,
            "pageDownloadTime": 0,
            "pageLoadTime": 99415,
            "redirectionTime": 2122,
            "serverConnectionTime": 0,
            "serverResponseTime": 340
          },
          "rumSpeedIndex": 2510,
          "timeToContentfulPaint": 8673,
          "timeToDomContentFlushed": 15226,
          "userTimings": {
            "marks": [],
            "measures": []
          }
        }
      }
    ],
    "visualMetrics": [],
    "cpu": [],
    "extras": [
      {},
      {},
      {},
      {},
      {},
      {}
    ],
    "fullyLoaded": [],
    "errors": [
      [],
      [
        "UrlLoadError",
        "Failed to load https://yahoo.co.jp/"
      ],
      [],
      [
        "UrlLoadError",
        "Failed to load https://yahoo.co.jp/"
      ],
      [],
      [
        "UrlLoadError",
        "Failed to load https://yahoo.co.jp/"
      ]
    ],
    "statistics": {
      "browser": {
        "appConstants": {
          "MOZ_UNSIGNED_SCOPES": {
            "median": 0,
            "mean": 0,
            "mdev": 0,
            "stddev": 0,
            "min": 0,
            "p10": 0,
            "p90": 0,
            "p99": 0,
            "max": 0
          },
          "TELEMETRY_PING_FORMAT_VERSION": {
            "median": 4,
            "mean": 4,
            "mdev": 0,
            "stddev": 0,
            "min": 4,
            "p10": 4,
            "p90": 4,
            "p99": 4,
            "max": 4
          }
        },
        "asyncAppConstants": {
          "MOZ_UNSIGNED_SCOPES": {
            "median": 0,
            "mean": 0,
            "mdev": 0,
            "stddev": 0,
            "min": 0,
            "p10": 0,
            "p90": 0,
            "p99": 0,
            "max": 0
          },
          "TELEMETRY_PING_FORMAT_VERSION": {
            "median": 4,
            "mean": 4,
            "mdev": 0,
            "stddev": 0,
            "min": 4,
            "p10": 4,
            "p90": 4,
            "p99": 4,
            "max": 4
          }
        }
      },
      "pageinfo": {
        "documentHeight": {
          "median": 4660,
          "mean": 4660,
          "mdev": 0,
          "stddev": 0,
          "min": 4660,
          "p10": 4660,
          "p90": 4660,
          "p99": 4660,
          "max": 4660
        },
        "documentSize": {
          "decodedBodySize": {
            "median": 125272,
            "mean": 124808,
            "mdev": 394.611,
            "stddev": 683,
            "min": 123842,
            "p10": 123842,
            "p90": 125311,
            "p99": 125311,
            "max": 125311
          },
          "encodedBodySize": {
            "median": 29666,
            "mean": 29467,
            "mdev": 162.8912,
            "stddev": 282,
            "min": 29068,
            "p10": 29068,
            "p90": 29667,
            "p99": 29667,
            "max": 29667
          },
          "transferSize": {
            "median": 30271,
            "mean": 30072,
            "mdev": 162.8912,
            "stddev": 282,
            "min": 29673,
            "p10": 29673,
            "p90": 30272,
            "p99": 30272,
            "max": 30272
          }
        },
        "documentWidth": {
          "median": 360,
          "mean": 360,
          "mdev": 0,
          "stddev": 0,
          "min": 360,
          "p10": 360,
          "p90": 360,
          "p99": 360,
          "max": 360
        },
        "domElements": {
          "median": 1175,
          "mean": 1175,
          "mdev": 0.7201,
          "stddev": 1,
          "min": 1173,
          "p10": 1173,
          "p90": 1176,
          "p99": 1176,
          "max": 1176
        },
        "navigationStartTime": {
          "median": 1617058074881,
          "mean": 1617058074593,
          "mdev": 83661.2572,
          "stddev": 144906,
          "min": 1617057897032,
          "p10": 1617057897032,
          "p90": 1617058251865,
          "p99": 1617058251865,
          "max": 1617058251865
        },
        "resources": {
          "count": {
            "median": 0,
            "mean": 0,
            "mdev": 0,
            "stddev": 0,
            "min": 0,
            "p10": 0,
            "p90": 0,
            "p99": 0,
            "max": 0
          },
          "duration": {
            "median": 0,
            "mean": 0,
            "mdev": 0,
            "stddev": 0,
            "min": 0,
            "p10": 0,
            "p90": 0,
            "p99": 0,
            "max": 0
          }
        },
        "visualElements": {
          "heroes": [
            {
              "height": {
                "median": 1,
                "mean": 1,
                "mdev": 0,
                "stddev": 0,
                "min": 1,
                "p10": 1,
                "p90": 1,
                "p99": 1,
                "max": 1
              },
              "width": {
                "median": 1,
                "mean": 1,
                "mdev": 0,
                "stddev": 0,
                "min": 1,
                "p10": 1,
                "p90": 1,
                "p99": 1,
                "max": 1
              },
              "x": {
                "median": 0,
                "mean": 0,
                "mdev": 0,
                "stddev": 0,
                "min": 0,
                "p10": 0,
                "p90": 0,
                "p99": 0,
                "max": 0
              },
              "y": {
                "median": 180,
                "mean": 307,
                "mdev": 103.4229,
                "stddev": 179,
                "min": 180,
                "p10": 180,
                "p90": 560,
                "p99": 560,
                "max": 560
              }
            },
            {
              "height": {
                "median": 22,
                "mean": 22,
                "mdev": 0,
                "stddev": 0,
                "min": 22,
                "p10": 22,
                "p90": 22,
                "p99": 22,
                "max": 22
              },
              "width": {
                "median": 284,
                "mean": 284,
                "mdev": 0,
                "stddev": 0,
                "min": 284,
                "p10": 284,
                "p90": 284,
                "p99": 284,
                "max": 284
              },
              "x": {
                "median": 68,
                "mean": 68,
                "mdev": 0,
                "stddev": 0,
                "min": 68,
                "p10": 68,
                "p90": 68,
                "p99": 68,
                "max": 68
              },
              "y": {
                "median": 345,
                "mean": 345,
                "mdev": 0,
                "stddev": 0,
                "min": 345,
                "p10": 345,
                "p90": 345,
                "p99": 345,
                "max": 345
              }
            }
          ],
          "viewport": {
            "height": {
              "median": 560,
              "mean": 560,
              "mdev": 0,
              "stddev": 0,
              "min": 560,
              "p10": 560,
              "p90": 560,
              "p99": 560,
              "max": 560
            },
            "width": {
              "median": 360,
              "mean": 360,
              "mdev": 0,
              "stddev": 0,
              "min": 360,
              "p10": 360,
              "p90": 360,
              "p99": 360,
              "max": 360
            }
          }
        }
      },
      "timings": {
        "firstPaint": {
          "median": 6737,
          "mean": 6974,
          "mdev": 669.12,
          "stddev": 1159,
          "min": 5688,
          "p10": 5688,
          "p90": 8497,
          "p99": 8497,
          "max": 8497
        },
        "loadEventEnd": {
          "median": 100075,
          "mean": 99928,
          "mdev": 150.3795,
          "stddev": 260,
          "min": 99562,
          "p10": 99562,
          "p90": 100147,
          "p99": 100147,
          "max": 100147
        },
        "navigationTiming": {
          "connectStart": {
            "median": 1896,
            "mean": 1942,
            "mdev": 94.7464,
            "stddev": 164,
            "min": 1768,
            "p10": 1768,
            "p90": 2162,
            "p99": 2162,
            "max": 2162
          },
          "domComplete": {
            "median": 98675,
            "mean": 98885,
            "mdev": 218.0827,
            "stddev": 378,
            "min": 98564,
            "p10": 98564,
            "p90": 99415,
            "p99": 99415,
            "max": 99415
          },
          "domContentLoadedEventEnd": {
            "median": 15321,
            "mean": 14540,
            "mdev": 900.7688,
            "stddev": 1560,
            "min": 12362,
            "p10": 12362,
            "p90": 15936,
            "p99": 15936,
            "max": 15936
          },
          "domContentLoadedEventStart": {
            "median": 15091,
            "mean": 14232,
            "mdev": 970.6105,
            "stddev": 1681,
            "min": 11883,
            "p10": 11883,
            "p90": 15723,
            "p99": 15723,
            "max": 15723
          },
          "domInteractive": {
            "median": 13361,
            "mean": 13164,
            "mdev": 973.2435,
            "stddev": 1686,
            "min": 11008,
            "p10": 11008,
            "p90": 15123,
            "p99": 15123,
            "max": 15123
          },
          "domainLookupEnd": {
            "median": 1896,
            "mean": 1942,
            "mdev": 94.4885,
            "stddev": 164,
            "min": 1768,
            "p10": 1768,
            "p90": 2161,
            "p99": 2161,
            "max": 2161
          },
          "domainLookupStart": {
            "median": 1768,
            "mean": 1853,
            "mdev": 130.0704,
            "stddev": 225,
            "min": 1629,
            "p10": 1629,
            "p90": 2161,
            "p99": 2161,
            "max": 2161
          },
          "duration": {
            "median": 100075,
            "mean": 99928,
            "mdev": 150.3795,
            "stddev": 260,
            "min": 99562,
            "p10": 99562,
            "p90": 100147,
            "p99": 100147,
            "max": 100147
          },
          "fetchStart": {
            "median": 1744,
            "mean": 1833,
            "mdev": 122.9149,
            "stddev": 213,
            "min": 1629,
            "p10": 1629,
            "p90": 2127,
            "p99": 2127,
            "max": 2127
          },
          "loadEventEnd": {
            "median": 100075,
            "mean": 99928,
            "mdev": 150.3795,
            "stddev": 260,
            "min": 99562,
            "p10": 99562,
            "p90": 100147,
            "p99": 100147,
            "max": 100147
          },
          "loadEventStart": {
            "median": 98675,
            "mean": 98885,
            "mdev": 218.0827,
            "stddev": 378,
            "min": 98564,
            "p10": 98564,
            "p90": 99415,
            "p99": 99415,
            "max": 99415
          },
          "redirectEnd": {
            "median": 1741,
            "mean": 1831,
            "mdev": 122.7304,
            "stddev": 213,
            "min": 1627,
            "p10": 1627,
            "p90": 2124,
            "p99": 2124,
            "max": 2124
          },
          "redirectStart": {
            "median": 2,
            "mean": 2,
            "mdev": 0.2722,
            "stddev": 0,
            "min": 2,
            "p10": 2,
            "p90": 3,
            "p99": 3,
            "max": 3
          },
          "requestStart": {
            "median": 1906,
            "mean": 1951,
            "mdev": 95.1027,
            "stddev": 165,
            "min": 1775,
            "p10": 1775,
            "p90": 2171,
            "p99": 2171,
            "max": 2171
          },
          "responseEnd": {
            "median": 2169,
            "mean": 2247,
            "mdev": 110.7429,
            "stddev": 192,
            "min": 2061,
            "p10": 2061,
            "p90": 2511,
            "p99": 2511,
            "max": 2511
          },
          "responseStart": {
            "median": 2169,
            "mean": 2247,
            "mdev": 110.7429,
            "stddev": 192,
            "min": 2061,
            "p10": 2061,
            "p90": 2511,
            "p99": 2511,
            "max": 2511
          },
          "secureConnectionStart": {
            "median": 0,
            "mean": 0,
            "mdev": 0,
            "stddev": 0,
            "min": 0,
            "p10": 0,
            "p90": 0,
            "p99": 0,
            "max": 0
          },
          "startTime": {
            "median": 0,
            "mean": 0,
            "mdev": 0,
            "stddev": 0,
            "min": 0,
            "p10": 0,
            "p90": 0,
            "p99": 0,
            "max": 0
          },
          "unloadEventEnd": {
            "median": 0,
            "mean": 0,
            "mdev": 0,
            "stddev": 0,
            "min": 0,
            "p10": 0,
            "p90": 0,
            "p99": 0,
            "max": 0
          },
          "unloadEventStart": {
            "median": 0,
            "mean": 0,
            "mdev": 0,
            "stddev": 0,
            "min": 0,
            "p10": 0,
            "p90": 0,
            "p99": 0,
            "max": 0
          },
          "workerStart": {
            "median": 0,
            "mean": 0,
            "mdev": 0,
            "stddev": 0,
            "min": 0,
            "p10": 0,
            "p90": 0,
            "p99": 0,
            "max": 0
          }
        },
        "pageTimings": {
          "backEndTime": {
            "median": 2169,
            "mean": 2247,
            "mdev": 110.7429,
            "stddev": 192,
            "min": 2061,
            "p10": 2061,
            "p90": 2511,
            "p99": 2511,
            "max": 2511
          },
          "domContentLoadedTime": {
            "median": 15091,
            "mean": 14232,
            "mdev": 970.6105,
            "stddev": 1681,
            "min": 11883,
            "p10": 11883,
            "p90": 15723,
            "p99": 15723,
            "max": 15723
          },
          "domInteractiveTime": {
            "median": 13361,
            "mean": 13164,
            "mdev": 973.2435,
            "stddev": 1686,
            "min": 11008,
            "p10": 11008,
            "p90": 15123,
            "p99": 15123,
            "max": 15123
          },
          "domainLookupTime": {
            "median": 0,
            "mean": 89,
            "mdev": 72.6682,
            "stddev": 126,
            "min": 0,
            "p10": 0,
            "p90": 267,
            "p99": 267,
            "max": 267
          },
          "frontEndTime": {
            "median": 96507,
            "mean": 96638,
            "mdev": 108.8703,
            "stddev": 189,
            "min": 96503,
            "p10": 96503,
            "p90": 96905,
            "p99": 96905,
            "max": 96905
          },
          "pageDownloadTime": {
            "median": 0,
            "mean": 0,
            "mdev": 0,
            "stddev": 0,
            "min": 0,
            "p10": 0,
            "p90": 0,
            "p99": 0,
            "max": 0
          },
          "pageLoadTime": {
            "median": 98675,
            "mean": 98885,
            "mdev": 218.0827,
            "stddev": 378,
            "min": 98564,
            "p10": 98564,
            "p90": 99415,
            "p99": 99415,
            "max": 99415
          },
          "redirectionTime": {
            "median": 1739,
            "mean": 1828,
            "mdev": 122.9149,
            "stddev": 213,
            "min": 1624,
            "p10": 1624,
            "p90": 2122,
            "p99": 2122,
            "max": 2122
          },
          "serverConnectionTime": {
            "median": 0,
            "mean": 0,
            "mdev": 0,
            "stddev": 0,
            "min": 0,
            "p10": 0,
            "p90": 0,
            "p99": 0,
            "max": 0
          },
          "serverResponseTime": {
            "median": 285,
            "mean": 296,
            "mdev": 18.8935,
            "stddev": 33,
            "min": 262,
            "p10": 262,
            "p90": 340,
            "p99": 340,
            "max": 340
          }
        },
        "rumSpeedIndex": {
          "median": 2168,
          "mean": 2246,
          "mdev": 110.7429,
          "stddev": 192,
          "min": 2060,
          "p10": 2060,
          "p90": 2510,
          "p99": 2510,
          "max": 2510
        },
        "timeToContentfulPaint": {
          "median": 6983,
          "mean": 7176,
          "mdev": 665.1051,
          "stddev": 1152,
          "min": 5871,
          "p10": 5871,
          "p90": 8673,
          "p99": 8673,
          "max": 8673
        },
        "timeToDomContentFlushed": {
          "median": 14755,
          "mean": 13759,
          "mdev": 1011.6254,
          "stddev": 1752,
          "min": 11296,
          "p10": 11296,
          "p90": 15226,
          "p99": 15226,
          "max": 15226
        }
      }
    }
  },
  {
    "info": {
      "browsertime": {
        "version": "8.4.0"
      },
      "url": "https://google.com",
      "timestamp": "2021-03-30T02:47:37+04:00",
      "connectivity": {
        "engine": "external",
        "profile": "native"
      },
      "extra": {}
    },
    "files": {
      "video": [],
      "screenshot": [],
      "timeline": [],
      "consoleLog": [],
      "netLog": [],
      "perfLog": []
    },
    "cdp": {
      "performance": []
    },
    "timestamps": [
      "2021-03-30T02:47:03+04:00",
      "2021-03-30T02:49:52+04:00",
      "2021-03-30T02:52:51+04:00"
    ],
    "browserScripts": [
      {
        "browser": {
          "appConstants": {
            "ACCESSIBILITY": true,
            "ANDROID_PACKAGE_NAME": "org.mozilla.firefox",
            "ASAN": false,
            "ASAN_REPORTER": false,
            "BROWSER_CHROME_URL": "chrome://browser/content/browser.xul",
            "DEBUG": false,
            "DEBUG_JS_MODULES": "",
            "DLL_PREFIX": "lib",
            "DLL_SUFFIX": ".so",
            "EARLY_BETA_OR_EARLIER": false,
            "FENNEC_NIGHTLY": false,
            "HAVE_SHELL_SERVICE": false,
            "HAVE_USR_LIB64_DIR": false,
            "MENUBAR_CAN_AUTOHIDE": false,
            "MOZILLA_OFFICIAL": true,
            "MOZ_ALLOW_LEGACY_EXTENSIONS": false,
            "MOZ_ANDROID_ACTIVITY_STREAM": false,
            "MOZ_ANDROID_HISTORY": true,
            "MOZ_ANDROID_MOZILLA_ONLINE": false,
            "MOZ_APP_NAME": "fennec",
            "MOZ_APP_VERSION": "68.1.1",
            "MOZ_APP_VERSION_DISPLAY": "68.1.1",
            "MOZ_BING_API_CLIENTID": "no-bing-api-clientid",
            "MOZ_BING_API_KEY": "no-bing-api-key",
            "MOZ_BITS_DOWNLOAD": false,
            "MOZ_BUILD_APP": "mobile/android",
            "MOZ_CODE_COVERAGE": false,
            "MOZ_CRASHREPORTER": true,
            "MOZ_DATA_REPORTING": true,
            "MOZ_DEV_EDITION": false,
            "MOZ_GECKO_PROFILER": true,
            "MOZ_GOOGLE_LOCATION_SERVICE_API_KEY": "AIzaSyB2h2OuRcUgy5N-5hsZqiPW6sH3n_rptiQ",
            "MOZ_GOOGLE_SAFEBROWSING_API_KEY": "AIzaSyC7jsptDS3am4tPx4r3nxis7IMjBc5Dovo",
            "MOZ_GRAPHENE": false,
            "MOZ_MACBUNDLE_NAME": "Firefox.app",
            "MOZ_MAINTENANCE_SERVICE": false,
            "MOZ_MOZILLA_API_KEY": "3b4d27dd-703d-4094-8398-4de2c763505a",
            "MOZ_NEW_CERT_STORAGE": false,
            "MOZ_NEW_NOTIFICATION_STORE": false,
            "MOZ_NEW_XULSTORE": false,
            "MOZ_OFFICIAL_BRANDING": false,
            "MOZ_PLACES": false,
            "MOZ_REQUIRE_SIGNING": false,
            "MOZ_SANDBOX": false,
            "MOZ_SERVICES_HEALTHREPORT": true,
            "MOZ_SERVICES_SYNC": false,
            "MOZ_SWITCHBOARD": true,
            "MOZ_SYSTEM_NSS": false,
            "MOZ_TELEMETRY_ON_BY_DEFAULT": false,
            "MOZ_TELEMETRY_REPORTING": true,
            "MOZ_UNSIGNED_SCOPES": 0,
            "MOZ_UPDATER": false,
            "MOZ_UPDATE_CHANNEL": "release",
            "MOZ_WEBRTC": true,
            "MOZ_WIDGET_GTK": false,
            "MOZ_WIDGET_TOOLKIT": "android",
            "NIGHTLY_BUILD": false,
            "OMNIJAR_NAME": "assets/omni.ja",
            "RELEASE_OR_BETA": true,
            "SOURCE_REVISION_URL": "https://hg.mozilla.org/releases/mozilla-esr68/rev/d2e0b9e17b9bc1ef02606c8006b73293f7892ad5",
            "TELEMETRY_PING_FORMAT_VERSION": 4,
            "XP_UNIX": true,
            "isPlatformAndVersionAtLeast": {},
            "isPlatformAndVersionAtMost": {},
            "platform": "android"
          },
          "asyncAppConstants": {
            "ACCESSIBILITY": true,
            "ANDROID_PACKAGE_NAME": "org.mozilla.firefox",
            "ASAN": false,
            "ASAN_REPORTER": false,
            "BROWSER_CHROME_URL": "chrome://browser/content/browser.xul",
            "DEBUG": false,
            "DEBUG_JS_MODULES": "",
            "DLL_PREFIX": "lib",
            "DLL_SUFFIX": ".so",
            "EARLY_BETA_OR_EARLIER": false,
            "FENNEC_NIGHTLY": false,
            "HAVE_SHELL_SERVICE": false,
            "HAVE_USR_LIB64_DIR": false,
            "MENUBAR_CAN_AUTOHIDE": false,
            "MOZILLA_OFFICIAL": true,
            "MOZ_ALLOW_LEGACY_EXTENSIONS": false,
            "MOZ_ANDROID_ACTIVITY_STREAM": false,
            "MOZ_ANDROID_HISTORY": true,
            "MOZ_ANDROID_MOZILLA_ONLINE": false,
            "MOZ_APP_NAME": "fennec",
            "MOZ_APP_VERSION": "68.1.1",
            "MOZ_APP_VERSION_DISPLAY": "68.1.1",
            "MOZ_BING_API_CLIENTID": "no-bing-api-clientid",
            "MOZ_BING_API_KEY": "no-bing-api-key",
            "MOZ_BITS_DOWNLOAD": false,
            "MOZ_BUILD_APP": "mobile/android",
            "MOZ_CODE_COVERAGE": false,
            "MOZ_CRASHREPORTER": true,
            "MOZ_DATA_REPORTING": true,
            "MOZ_DEV_EDITION": false,
            "MOZ_GECKO_PROFILER": true,
            "MOZ_GOOGLE_LOCATION_SERVICE_API_KEY": "AIzaSyB2h2OuRcUgy5N-5hsZqiPW6sH3n_rptiQ",
            "MOZ_GOOGLE_SAFEBROWSING_API_KEY": "AIzaSyC7jsptDS3am4tPx4r3nxis7IMjBc5Dovo",
            "MOZ_GRAPHENE": false,
            "MOZ_MACBUNDLE_NAME": "Firefox.app",
            "MOZ_MAINTENANCE_SERVICE": false,
            "MOZ_MOZILLA_API_KEY": "3b4d27dd-703d-4094-8398-4de2c763505a",
            "MOZ_NEW_CERT_STORAGE": false,
            "MOZ_NEW_NOTIFICATION_STORE": false,
            "MOZ_NEW_XULSTORE": false,
            "MOZ_OFFICIAL_BRANDING": false,
            "MOZ_PLACES": false,
            "MOZ_REQUIRE_SIGNING": false,
            "MOZ_SANDBOX": false,
            "MOZ_SERVICES_HEALTHREPORT": true,
            "MOZ_SERVICES_SYNC": false,
            "MOZ_SWITCHBOARD": true,
            "MOZ_SYSTEM_NSS": false,
            "MOZ_TELEMETRY_ON_BY_DEFAULT": false,
            "MOZ_TELEMETRY_REPORTING": true,
            "MOZ_UNSIGNED_SCOPES": 0,
            "MOZ_UPDATER": false,
            "MOZ_UPDATE_CHANNEL": "release",
            "MOZ_WEBRTC": true,
            "MOZ_WIDGET_GTK": false,
            "MOZ_WIDGET_TOOLKIT": "android",
            "NIGHTLY_BUILD": false,
            "OMNIJAR_NAME": "assets/omni.ja",
            "RELEASE_OR_BETA": true,
            "SOURCE_REVISION_URL": "https://hg.mozilla.org/releases/mozilla-esr68/rev/d2e0b9e17b9bc1ef02606c8006b73293f7892ad5",
            "TELEMETRY_PING_FORMAT_VERSION": 4,
            "XP_UNIX": true,
            "isPlatformAndVersionAtLeast": {},
            "isPlatformAndVersionAtMost": {},
            "platform": "android"
          },
          "userAgent": "Mozilla/5.0 (Android 8.1.0; Mobile; rv:68.0) Gecko/68.0 Firefox/68.0",
          "windowSize": "360x560"
        },
        "pageinfo": {
          "documentHeight": 641,
          "documentSize": {
            "decodedBodySize": 18262,
            "encodedBodySize": 7310,
            "transferSize": 8260
          },
          "documentTitle": "Google",
          "documentWidth": 360,
          "domElements": 70,
          "navigationStartTime": 1617058023424,
          "nextHopProtocol": "h2",
          "resources": {
            "count": 0,
            "duration": 0
          },
          "responsive": true,
          "url": "https://www.google.com/#spf=1617058023425",
          "visualElements": {
            "heroes": [
              {
                "filename": "googlelogo_tablet_tier1_hp_color_183x64dp.png",
                "height": 64,
                "name": "LargestImage",
                "width": 183,
                "x": 89,
                "y": 80
              }
            ],
            "viewport": {
              "height": 560,
              "width": 360
            }
          }
        },
        "timings": {
          "firstPaint": 2169,
          "loadEventEnd": 3538,
          "navigationTiming": {
            "connectStart": 950,
            "domComplete": 3537,
            "domContentLoadedEventEnd": 2221,
            "domContentLoadedEventStart": 2199,
            "domInteractive": 2040,
            "domainLookupEnd": 950,
            "domainLookupStart": 911,
            "duration": 3538,
            "fetchStart": 905,
            "loadEventEnd": 3538,
            "loadEventStart": 3537,
            "redirectEnd": 888,
            "redirectStart": 139,
            "requestStart": 1185,
            "responseEnd": 1392,
            "responseStart": 1382,
            "secureConnectionStart": 963,
            "startTime": 0,
            "unloadEventEnd": 0,
            "unloadEventStart": 0,
            "workerStart": 0
          },
          "pageTimings": {
            "backEndTime": 1382,
            "domContentLoadedTime": 2199,
            "domInteractiveTime": 2040,
            "domainLookupTime": 39,
            "frontEndTime": 2145,
            "pageDownloadTime": 10,
            "pageLoadTime": 3537,
            "redirectionTime": 748,
            "serverConnectionTime": 233,
            "serverResponseTime": 207
          },
          "rumSpeedIndex": 1382,
          "timeToContentfulPaint": 2250,
          "timeToDomContentFlushed": 2078,
          "timeToFirstInteractive": 4411,
          "userTimings": {
            "marks": [],
            "measures": []
          }
        }
      },
      {
        "browser": {
          "appConstants": {
            "ACCESSIBILITY": true,
            "ANDROID_PACKAGE_NAME": "org.mozilla.firefox",
            "ASAN": false,
            "ASAN_REPORTER": false,
            "BROWSER_CHROME_URL": "chrome://browser/content/browser.xul",
            "DEBUG": false,
            "DEBUG_JS_MODULES": "",
            "DLL_PREFIX": "lib",
            "DLL_SUFFIX": ".so",
            "EARLY_BETA_OR_EARLIER": false,
            "FENNEC_NIGHTLY": false,
            "HAVE_SHELL_SERVICE": false,
            "HAVE_USR_LIB64_DIR": false,
            "MENUBAR_CAN_AUTOHIDE": false,
            "MOZILLA_OFFICIAL": true,
            "MOZ_ALLOW_LEGACY_EXTENSIONS": false,
            "MOZ_ANDROID_ACTIVITY_STREAM": false,
            "MOZ_ANDROID_HISTORY": true,
            "MOZ_ANDROID_MOZILLA_ONLINE": false,
            "MOZ_APP_NAME": "fennec",
            "MOZ_APP_VERSION": "68.1.1",
            "MOZ_APP_VERSION_DISPLAY": "68.1.1",
            "MOZ_BING_API_CLIENTID": "no-bing-api-clientid",
            "MOZ_BING_API_KEY": "no-bing-api-key",
            "MOZ_BITS_DOWNLOAD": false,
            "MOZ_BUILD_APP": "mobile/android",
            "MOZ_CODE_COVERAGE": false,
            "MOZ_CRASHREPORTER": true,
            "MOZ_DATA_REPORTING": true,
            "MOZ_DEV_EDITION": false,
            "MOZ_GECKO_PROFILER": true,
            "MOZ_GOOGLE_LOCATION_SERVICE_API_KEY": "AIzaSyB2h2OuRcUgy5N-5hsZqiPW6sH3n_rptiQ",
            "MOZ_GOOGLE_SAFEBROWSING_API_KEY": "AIzaSyC7jsptDS3am4tPx4r3nxis7IMjBc5Dovo",
            "MOZ_GRAPHENE": false,
            "MOZ_MACBUNDLE_NAME": "Firefox.app",
            "MOZ_MAINTENANCE_SERVICE": false,
            "MOZ_MOZILLA_API_KEY": "3b4d27dd-703d-4094-8398-4de2c763505a",
            "MOZ_NEW_CERT_STORAGE": false,
            "MOZ_NEW_NOTIFICATION_STORE": false,
            "MOZ_NEW_XULSTORE": false,
            "MOZ_OFFICIAL_BRANDING": false,
            "MOZ_PLACES": false,
            "MOZ_REQUIRE_SIGNING": false,
            "MOZ_SANDBOX": false,
            "MOZ_SERVICES_HEALTHREPORT": true,
            "MOZ_SERVICES_SYNC": false,
            "MOZ_SWITCHBOARD": true,
            "MOZ_SYSTEM_NSS": false,
            "MOZ_TELEMETRY_ON_BY_DEFAULT": false,
            "MOZ_TELEMETRY_REPORTING": true,
            "MOZ_UNSIGNED_SCOPES": 0,
            "MOZ_UPDATER": false,
            "MOZ_UPDATE_CHANNEL": "release",
            "MOZ_WEBRTC": true,
            "MOZ_WIDGET_GTK": false,
            "MOZ_WIDGET_TOOLKIT": "android",
            "NIGHTLY_BUILD": false,
            "OMNIJAR_NAME": "assets/omni.ja",
            "RELEASE_OR_BETA": true,
            "SOURCE_REVISION_URL": "https://hg.mozilla.org/releases/mozilla-esr68/rev/d2e0b9e17b9bc1ef02606c8006b73293f7892ad5",
            "TELEMETRY_PING_FORMAT_VERSION": 4,
            "XP_UNIX": true,
            "isPlatformAndVersionAtLeast": {},
            "isPlatformAndVersionAtMost": {},
            "platform": "android"
          },
          "asyncAppConstants": {
            "ACCESSIBILITY": true,
            "ANDROID_PACKAGE_NAME": "org.mozilla.firefox",
            "ASAN": false,
            "ASAN_REPORTER": false,
            "BROWSER_CHROME_URL": "chrome://browser/content/browser.xul",
            "DEBUG": false,
            "DEBUG_JS_MODULES": "",
            "DLL_PREFIX": "lib",
            "DLL_SUFFIX": ".so",
            "EARLY_BETA_OR_EARLIER": false,
            "FENNEC_NIGHTLY": false,
            "HAVE_SHELL_SERVICE": false,
            "HAVE_USR_LIB64_DIR": false,
            "MENUBAR_CAN_AUTOHIDE": false,
            "MOZILLA_OFFICIAL": true,
            "MOZ_ALLOW_LEGACY_EXTENSIONS": false,
            "MOZ_ANDROID_ACTIVITY_STREAM": false,
            "MOZ_ANDROID_HISTORY": true,
            "MOZ_ANDROID_MOZILLA_ONLINE": false,
            "MOZ_APP_NAME": "fennec",
            "MOZ_APP_VERSION": "68.1.1",
            "MOZ_APP_VERSION_DISPLAY": "68.1.1",
            "MOZ_BING_API_CLIENTID": "no-bing-api-clientid",
            "MOZ_BING_API_KEY": "no-bing-api-key",
            "MOZ_BITS_DOWNLOAD": false,
            "MOZ_BUILD_APP": "mobile/android",
            "MOZ_CODE_COVERAGE": false,
            "MOZ_CRASHREPORTER": true,
            "MOZ_DATA_REPORTING": true,
            "MOZ_DEV_EDITION": false,
            "MOZ_GECKO_PROFILER": true,
            "MOZ_GOOGLE_LOCATION_SERVICE_API_KEY": "AIzaSyB2h2OuRcUgy5N-5hsZqiPW6sH3n_rptiQ",
            "MOZ_GOOGLE_SAFEBROWSING_API_KEY": "AIzaSyC7jsptDS3am4tPx4r3nxis7IMjBc5Dovo",
            "MOZ_GRAPHENE": false,
            "MOZ_MACBUNDLE_NAME": "Firefox.app",
            "MOZ_MAINTENANCE_SERVICE": false,
            "MOZ_MOZILLA_API_KEY": "3b4d27dd-703d-4094-8398-4de2c763505a",
            "MOZ_NEW_CERT_STORAGE": false,
            "MOZ_NEW_NOTIFICATION_STORE": false,
            "MOZ_NEW_XULSTORE": false,
            "MOZ_OFFICIAL_BRANDING": false,
            "MOZ_PLACES": false,
            "MOZ_REQUIRE_SIGNING": false,
            "MOZ_SANDBOX": false,
            "MOZ_SERVICES_HEALTHREPORT": true,
            "MOZ_SERVICES_SYNC": false,
            "MOZ_SWITCHBOARD": true,
            "MOZ_SYSTEM_NSS": false,
            "MOZ_TELEMETRY_ON_BY_DEFAULT": false,
            "MOZ_TELEMETRY_REPORTING": true,
            "MOZ_UNSIGNED_SCOPES": 0,
            "MOZ_UPDATER": false,
            "MOZ_UPDATE_CHANNEL": "release",
            "MOZ_WEBRTC": true,
            "MOZ_WIDGET_GTK": false,
            "MOZ_WIDGET_TOOLKIT": "android",
            "NIGHTLY_BUILD": false,
            "OMNIJAR_NAME": "assets/omni.ja",
            "RELEASE_OR_BETA": true,
            "SOURCE_REVISION_URL": "https://hg.mozilla.org/releases/mozilla-esr68/rev/d2e0b9e17b9bc1ef02606c8006b73293f7892ad5",
            "TELEMETRY_PING_FORMAT_VERSION": 4,
            "XP_UNIX": true,
            "isPlatformAndVersionAtLeast": {},
            "isPlatformAndVersionAtMost": {},
            "platform": "android"
          },
          "userAgent": "Mozilla/5.0 (Android 8.1.0; Mobile; rv:68.0) Gecko/68.0 Firefox/68.0",
          "windowSize": "360x560"
        },
        "pageinfo": {
          "documentHeight": 641,
          "documentSize": {
            "decodedBodySize": 18320,
            "encodedBodySize": 7344,
            "transferSize": 8294
          },
          "documentTitle": "Google",
          "documentWidth": 360,
          "domElements": 70,
          "navigationStartTime": 1617058192916,
          "nextHopProtocol": "h2",
          "resources": {
            "count": 0,
            "duration": 0
          },
          "responsive": true,
          "url": "https://www.google.com/#spf=1617058192918",
          "visualElements": {
            "heroes": [
              {
                "filename": "googlelogo_tablet_tier1_hp_color_183x64dp.png",
                "height": 64,
                "name": "LargestImage",
                "width": 183,
                "x": 89,
                "y": 80
              }
            ],
            "viewport": {
              "height": 560,
              "width": 360
            }
          }
        },
        "timings": {
          "firstPaint": 1935,
          "loadEventEnd": 3311,
          "navigationTiming": {
            "connectStart": 1014,
            "domComplete": 3310,
            "domContentLoadedEventEnd": 1996,
            "domContentLoadedEventStart": 1971,
            "domInteractive": 1792,
            "domainLookupEnd": 1014,
            "domainLookupStart": 1013,
            "duration": 3311,
            "fetchStart": 959,
            "loadEventEnd": 3311,
            "loadEventStart": 3310,
            "redirectEnd": 902,
            "redirectStart": 128,
            "requestStart": 1205,
            "responseEnd": 1376,
            "responseStart": 1373,
            "secureConnectionStart": 1026,
            "startTime": 0,
            "unloadEventEnd": 0,
            "unloadEventStart": 0,
            "workerStart": 0
          },
          "pageTimings": {
            "backEndTime": 1373,
            "domContentLoadedTime": 1971,
            "domInteractiveTime": 1792,
            "domainLookupTime": 1,
            "frontEndTime": 1934,
            "pageDownloadTime": 3,
            "pageLoadTime": 3310,
            "redirectionTime": 773,
            "serverConnectionTime": 190,
            "serverResponseTime": 171
          },
          "rumSpeedIndex": 1373,
          "timeToContentfulPaint": 2020,
          "timeToDomContentFlushed": 1840,
          "timeToFirstInteractive": 4439,
          "userTimings": {
            "marks": [],
            "measures": []
          }
        }
      },
      {
        "browser": {
          "appConstants": {
            "ACCESSIBILITY": true,
            "ANDROID_PACKAGE_NAME": "org.mozilla.firefox",
            "ASAN": false,
            "ASAN_REPORTER": false,
            "BROWSER_CHROME_URL": "chrome://browser/content/browser.xul",
            "DEBUG": false,
            "DEBUG_JS_MODULES": "",
            "DLL_PREFIX": "lib",
            "DLL_SUFFIX": ".so",
            "EARLY_BETA_OR_EARLIER": false,
            "FENNEC_NIGHTLY": false,
            "HAVE_SHELL_SERVICE": false,
            "HAVE_USR_LIB64_DIR": false,
            "MENUBAR_CAN_AUTOHIDE": false,
            "MOZILLA_OFFICIAL": true,
            "MOZ_ALLOW_LEGACY_EXTENSIONS": false,
            "MOZ_ANDROID_ACTIVITY_STREAM": false,
            "MOZ_ANDROID_HISTORY": true,
            "MOZ_ANDROID_MOZILLA_ONLINE": false,
            "MOZ_APP_NAME": "fennec",
            "MOZ_APP_VERSION": "68.1.1",
            "MOZ_APP_VERSION_DISPLAY": "68.1.1",
            "MOZ_BING_API_CLIENTID": "no-bing-api-clientid",
            "MOZ_BING_API_KEY": "no-bing-api-key",
            "MOZ_BITS_DOWNLOAD": false,
            "MOZ_BUILD_APP": "mobile/android",
            "MOZ_CODE_COVERAGE": false,
            "MOZ_CRASHREPORTER": true,
            "MOZ_DATA_REPORTING": true,
            "MOZ_DEV_EDITION": false,
            "MOZ_GECKO_PROFILER": true,
            "MOZ_GOOGLE_LOCATION_SERVICE_API_KEY": "AIzaSyB2h2OuRcUgy5N-5hsZqiPW6sH3n_rptiQ",
            "MOZ_GOOGLE_SAFEBROWSING_API_KEY": "AIzaSyC7jsptDS3am4tPx4r3nxis7IMjBc5Dovo",
            "MOZ_GRAPHENE": false,
            "MOZ_MACBUNDLE_NAME": "Firefox.app",
            "MOZ_MAINTENANCE_SERVICE": false,
            "MOZ_MOZILLA_API_KEY": "3b4d27dd-703d-4094-8398-4de2c763505a",
            "MOZ_NEW_CERT_STORAGE": false,
            "MOZ_NEW_NOTIFICATION_STORE": false,
            "MOZ_NEW_XULSTORE": false,
            "MOZ_OFFICIAL_BRANDING": false,
            "MOZ_PLACES": false,
            "MOZ_REQUIRE_SIGNING": false,
            "MOZ_SANDBOX": false,
            "MOZ_SERVICES_HEALTHREPORT": true,
            "MOZ_SERVICES_SYNC": false,
            "MOZ_SWITCHBOARD": true,
            "MOZ_SYSTEM_NSS": false,
            "MOZ_TELEMETRY_ON_BY_DEFAULT": false,
            "MOZ_TELEMETRY_REPORTING": true,
            "MOZ_UNSIGNED_SCOPES": 0,
            "MOZ_UPDATER": false,
            "MOZ_UPDATE_CHANNEL": "release",
            "MOZ_WEBRTC": true,
            "MOZ_WIDGET_GTK": false,
            "MOZ_WIDGET_TOOLKIT": "android",
            "NIGHTLY_BUILD": false,
            "OMNIJAR_NAME": "assets/omni.ja",
            "RELEASE_OR_BETA": true,
            "SOURCE_REVISION_URL": "https://hg.mozilla.org/releases/mozilla-esr68/rev/d2e0b9e17b9bc1ef02606c8006b73293f7892ad5",
            "TELEMETRY_PING_FORMAT_VERSION": 4,
            "XP_UNIX": true,
            "isPlatformAndVersionAtLeast": {},
            "isPlatformAndVersionAtMost": {},
            "platform": "android"
          },
          "asyncAppConstants": {
            "ACCESSIBILITY": true,
            "ANDROID_PACKAGE_NAME": "org.mozilla.firefox",
            "ASAN": false,
            "ASAN_REPORTER": false,
            "BROWSER_CHROME_URL": "chrome://browser/content/browser.xul",
            "DEBUG": false,
            "DEBUG_JS_MODULES": "",
            "DLL_PREFIX": "lib",
            "DLL_SUFFIX": ".so",
            "EARLY_BETA_OR_EARLIER": false,
            "FENNEC_NIGHTLY": false,
            "HAVE_SHELL_SERVICE": false,
            "HAVE_USR_LIB64_DIR": false,
            "MENUBAR_CAN_AUTOHIDE": false,
            "MOZILLA_OFFICIAL": true,
            "MOZ_ALLOW_LEGACY_EXTENSIONS": false,
            "MOZ_ANDROID_ACTIVITY_STREAM": false,
            "MOZ_ANDROID_HISTORY": true,
            "MOZ_ANDROID_MOZILLA_ONLINE": false,
            "MOZ_APP_NAME": "fennec",
            "MOZ_APP_VERSION": "68.1.1",
            "MOZ_APP_VERSION_DISPLAY": "68.1.1",
            "MOZ_BING_API_CLIENTID": "no-bing-api-clientid",
            "MOZ_BING_API_KEY": "no-bing-api-key",
            "MOZ_BITS_DOWNLOAD": false,
            "MOZ_BUILD_APP": "mobile/android",
            "MOZ_CODE_COVERAGE": false,
            "MOZ_CRASHREPORTER": true,
            "MOZ_DATA_REPORTING": true,
            "MOZ_DEV_EDITION": false,
            "MOZ_GECKO_PROFILER": true,
            "MOZ_GOOGLE_LOCATION_SERVICE_API_KEY": "AIzaSyB2h2OuRcUgy5N-5hsZqiPW6sH3n_rptiQ",
            "MOZ_GOOGLE_SAFEBROWSING_API_KEY": "AIzaSyC7jsptDS3am4tPx4r3nxis7IMjBc5Dovo",
            "MOZ_GRAPHENE": false,
            "MOZ_MACBUNDLE_NAME": "Firefox.app",
            "MOZ_MAINTENANCE_SERVICE": false,
            "MOZ_MOZILLA_API_KEY": "3b4d27dd-703d-4094-8398-4de2c763505a",
            "MOZ_NEW_CERT_STORAGE": false,
            "MOZ_NEW_NOTIFICATION_STORE": false,
            "MOZ_NEW_XULSTORE": false,
            "MOZ_OFFICIAL_BRANDING": false,
            "MOZ_PLACES": false,
            "MOZ_REQUIRE_SIGNING": false,
            "MOZ_SANDBOX": false,
            "MOZ_SERVICES_HEALTHREPORT": true,
            "MOZ_SERVICES_SYNC": false,
            "MOZ_SWITCHBOARD": true,
            "MOZ_SYSTEM_NSS": false,
            "MOZ_TELEMETRY_ON_BY_DEFAULT": false,
            "MOZ_TELEMETRY_REPORTING": true,
            "MOZ_UNSIGNED_SCOPES": 0,
            "MOZ_UPDATER": false,
            "MOZ_UPDATE_CHANNEL": "release",
            "MOZ_WEBRTC": true,
            "MOZ_WIDGET_GTK": false,
            "MOZ_WIDGET_TOOLKIT": "android",
            "NIGHTLY_BUILD": false,
            "OMNIJAR_NAME": "assets/omni.ja",
            "RELEASE_OR_BETA": true,
            "SOURCE_REVISION_URL": "https://hg.mozilla.org/releases/mozilla-esr68/rev/d2e0b9e17b9bc1ef02606c8006b73293f7892ad5",
            "TELEMETRY_PING_FORMAT_VERSION": 4,
            "XP_UNIX": true,
            "isPlatformAndVersionAtLeast": {},
            "isPlatformAndVersionAtMost": {},
            "platform": "android"
          },
          "userAgent": "Mozilla/5.0 (Android 8.1.0; Mobile; rv:68.0) Gecko/68.0 Firefox/68.0",
          "windowSize": "360x560"
        },
        "pageinfo": {
          "documentHeight": 641,
          "documentSize": {
            "decodedBodySize": 18303,
            "encodedBodySize": 7328,
            "transferSize": 8278
          },
          "documentTitle": "Google",
          "documentWidth": 360,
          "domElements": 70,
          "navigationStartTime": 1617058372262,
          "nextHopProtocol": "h2",
          "resources": {
            "count": 0,
            "duration": 0
          },
          "responsive": true,
          "url": "https://www.google.com/#spf=1617058372263",
          "visualElements": {
            "heroes": [
              {
                "filename": "googlelogo_tablet_tier1_hp_color_183x64dp.png",
                "height": 64,
                "name": "LargestImage",
                "width": 183,
                "x": 89,
                "y": 80
              }
            ],
            "viewport": {
              "height": 560,
              "width": 360
            }
          }
        },
        "timings": {
          "firstPaint": 1745,
          "loadEventEnd": 3400,
          "navigationTiming": {
            "connectStart": 830,
            "domComplete": 3399,
            "domContentLoadedEventEnd": 1833,
            "domContentLoadedEventStart": 1807,
            "domInteractive": 1503,
            "domainLookupEnd": 829,
            "domainLookupStart": 828,
            "duration": 3400,
            "fetchStart": 780,
            "loadEventEnd": 3400,
            "loadEventStart": 3400,
            "redirectEnd": 774,
            "redirectStart": 132,
            "requestStart": 1028,
            "responseEnd": 1215,
            "responseStart": 1206,
            "secureConnectionStart": 845,
            "startTime": 0,
            "unloadEventEnd": 0,
            "unloadEventStart": 0,
            "workerStart": 0
          },
          "pageTimings": {
            "backEndTime": 1206,
            "domContentLoadedTime": 1807,
            "domInteractiveTime": 1503,
            "domainLookupTime": 2,
            "frontEndTime": 2185,
            "pageDownloadTime": 8,
            "pageLoadTime": 3400,
            "redirectionTime": 642,
            "serverConnectionTime": 198,
            "serverResponseTime": 187
          },
          "rumSpeedIndex": 1206,
          "timeToContentfulPaint": 1863,
          "timeToDomContentFlushed": 1568,
          "timeToFirstInteractive": 3919,
          "userTimings": {
            "marks": [],
            "measures": []
          }
        }
      }
    ],
    "visualMetrics": [],
    "cpu": [],
    "extras": [
      {},
      {},
      {}
    ],
    "fullyLoaded": [],
    "errors": [
      [],
      [],
      []
    ],
    "statistics": {
      "browser": {
        "appConstants": {
          "MOZ_UNSIGNED_SCOPES": {
            "median": 0,
            "mean": 0,
            "mdev": 0,
            "stddev": 0,
            "min": 0,
            "p10": 0,
            "p90": 0,
            "p99": 0,
            "max": 0
          },
          "TELEMETRY_PING_FORMAT_VERSION": {
            "median": 4,
            "mean": 4,
            "mdev": 0,
            "stddev": 0,
            "min": 4,
            "p10": 4,
            "p90": 4,
            "p99": 4,
            "max": 4
          }
        },
        "asyncAppConstants": {
          "MOZ_UNSIGNED_SCOPES": {
            "median": 0,
            "mean": 0,
            "mdev": 0,
            "stddev": 0,
            "min": 0,
            "p10": 0,
            "p90": 0,
            "p99": 0,
            "max": 0
          },
          "TELEMETRY_PING_FORMAT_VERSION": {
            "median": 4,
            "mean": 4,
            "mdev": 0,
            "stddev": 0,
            "min": 4,
            "p10": 4,
            "p90": 4,
            "p99": 4,
            "max": 4
          }
        }
      },
      "pageinfo": {
        "documentHeight": {
          "median": 641,
          "mean": 641,
          "mdev": 0,
          "stddev": 0,
          "min": 641,
          "p10": 641,
          "p90": 641,
          "p99": 641,
          "max": 641
        },
        "documentSize": {
          "decodedBodySize": {
            "median": 18303,
            "mean": 18295,
            "mdev": 14.0554,
            "stddev": 24,
            "min": 18262,
            "p10": 18262,
            "p90": 18320,
            "p99": 18320,
            "max": 18320
          },
          "encodedBodySize": {
            "median": 7328,
            "mean": 7327,
            "mdev": 8.0185,
            "stddev": 14,
            "min": 7310,
            "p10": 7310,
            "p90": 7344,
            "p99": 7344,
            "max": 7344
          },
          "transferSize": {
            "median": 8278,
            "mean": 8277,
            "mdev": 8.0185,
            "stddev": 14,
            "min": 8260,
            "p10": 8260,
            "p90": 8294,
            "p99": 8294,
            "max": 8294
          }
        },
        "documentWidth": {
          "median": 360,
          "mean": 360,
          "mdev": 0,
          "stddev": 0,
          "min": 360,
          "p10": 360,
          "p90": 360,
          "p99": 360,
          "max": 360
        },
        "domElements": {
          "median": 70,
          "mean": 70,
          "mdev": 0,
          "stddev": 0,
          "min": 70,
          "p10": 70,
          "p90": 70,
          "p99": 70,
          "max": 70
        },
        "navigationStartTime": {
          "median": 1617058192916,
          "mean": 1617058196201,
          "mdev": 81737.7528,
          "stddev": 141574,
          "min": 1617058023424,
          "p10": 1617058023424,
          "p90": 1617058372262,
          "p99": 1617058372262,
          "max": 1617058372262
        },
        "resources": {
          "count": {
            "median": 0,
            "mean": 0,
            "mdev": 0,
            "stddev": 0,
            "min": 0,
            "p10": 0,
            "p90": 0,
            "p99": 0,
            "max": 0
          },
          "duration": {
            "median": 0,
            "mean": 0,
            "mdev": 0,
            "stddev": 0,
            "min": 0,
            "p10": 0,
            "p90": 0,
            "p99": 0,
            "max": 0
          }
        },
        "visualElements": {
          "heroes": [
            {
              "height": {
                "median": 64,
                "mean": 64,
                "mdev": 0,
                "stddev": 0,
                "min": 64,
                "p10": 64,
                "p90": 64,
                "p99": 64,
                "max": 64
              },
              "width": {
                "median": 183,
                "mean": 183,
                "mdev": 0,
                "stddev": 0,
                "min": 183,
                "p10": 183,
                "p90": 183,
                "p99": 183,
                "max": 183
              },
              "x": {
                "median": 89,
                "mean": 89,
                "mdev": 0,
                "stddev": 0,
                "min": 89,
                "p10": 89,
                "p90": 89,
                "p99": 89,
                "max": 89
              },
              "y": {
                "median": 80,
                "mean": 80,
                "mdev": 0,
                "stddev": 0,
                "min": 80,
                "p10": 80,
                "p90": 80,
                "p99": 80,
                "max": 80
              }
            }
          ],
          "viewport": {
            "height": {
              "median": 560,
              "mean": 560,
              "mdev": 0,
              "stddev": 0,
              "min": 560,
              "p10": 560,
              "p90": 560,
              "p99": 560,
              "max": 560
            },
            "width": {
              "median": 360,
              "mean": 360,
              "mdev": 0,
              "stddev": 0,
              "min": 360,
              "p10": 360,
              "p90": 360,
              "p99": 360,
              "max": 360
            }
          }
        }
      },
      "timings": {
        "firstPaint": {
          "median": 1935,
          "mean": 1950,
          "mdev": 100.117,
          "stddev": 173,
          "min": 1745,
          "p10": 1745,
          "p90": 2169,
          "p99": 2169,
          "max": 2169
        },
        "loadEventEnd": {
          "median": 3400,
          "mean": 3416,
          "mdev": 53.9183,
          "stddev": 93,
          "min": 3311,
          "p10": 3311,
          "p90": 3538,
          "p99": 3538,
          "max": 3538
        },
        "navigationTiming": {
          "connectStart": {
            "median": 950,
            "mean": 931,
            "mdev": 44.0337,
            "stddev": 76,
            "min": 830,
            "p10": 830,
            "p90": 1014,
            "p99": 1014,
            "max": 1014
          },
          "domComplete": {
            "median": 3399,
            "mean": 3415,
            "mdev": 53.9183,
            "stddev": 93,
            "min": 3310,
            "p10": 3310,
            "p90": 3537,
            "p99": 3537,
            "max": 3537
          },
          "domContentLoadedEventEnd": {
            "median": 1996,
            "mean": 2017,
            "mdev": 91.8408,
            "stddev": 159,
            "min": 1833,
            "p10": 1833,
            "p90": 2221,
            "p99": 2221,
            "max": 2221
          },
          "domContentLoadedEventStart": {
            "median": 1971,
            "mean": 1992,
            "mdev": 92.8049,
            "stddev": 161,
            "min": 1807,
            "p10": 1807,
            "p90": 2199,
            "p99": 2199,
            "max": 2199
          },
          "domInteractive": {
            "median": 1792,
            "mean": 1778,
            "mdev": 126.695,
            "stddev": 219,
            "min": 1503,
            "p10": 1503,
            "p90": 2040,
            "p99": 2040,
            "max": 2040
          },
          "domainLookupEnd": {
            "median": 950,
            "mean": 931,
            "mdev": 44.2895,
            "stddev": 77,
            "min": 829,
            "p10": 829,
            "p90": 1014,
            "p99": 1014,
            "max": 1014
          },
          "domainLookupStart": {
            "median": 911,
            "mean": 917,
            "mdev": 43.6815,
            "stddev": 76,
            "min": 828,
            "p10": 828,
            "p90": 1013,
            "p99": 1013,
            "max": 1013
          },
          "duration": {
            "median": 3400,
            "mean": 3416,
            "mdev": 53.9183,
            "stddev": 93,
            "min": 3311,
            "p10": 3311,
            "p90": 3538,
            "p99": 3538,
            "max": 3538
          },
          "fetchStart": {
            "median": 905,
            "mean": 881,
            "mdev": 43.2829,
            "stddev": 75,
            "min": 780,
            "p10": 780,
            "p90": 959,
            "p99": 959,
            "max": 959
          },
          "loadEventEnd": {
            "median": 3400,
            "mean": 3416,
            "mdev": 53.9183,
            "stddev": 93,
            "min": 3311,
            "p10": 3311,
            "p90": 3538,
            "p99": 3538,
            "max": 3538
          },
          "loadEventStart": {
            "median": 3400,
            "mean": 3416,
            "mdev": 53.8853,
            "stddev": 93,
            "min": 3310,
            "p10": 3310,
            "p90": 3537,
            "p99": 3537,
            "max": 3537
          },
          "redirectEnd": {
            "median": 888,
            "mean": 855,
            "mdev": 33.0969,
            "stddev": 57,
            "min": 774,
            "p10": 774,
            "p90": 902,
            "p99": 902,
            "max": 902
          },
          "redirectStart": {
            "median": 132,
            "mean": 133,
            "mdev": 2.6247,
            "stddev": 5,
            "min": 128,
            "p10": 128,
            "p90": 139,
            "p99": 139,
            "max": 139
          },
          "requestStart": {
            "median": 1185,
            "mean": 1139,
            "mdev": 45.6954,
            "stddev": 79,
            "min": 1028,
            "p10": 1028,
            "p90": 1205,
            "p99": 1205,
            "max": 1205
          },
          "responseEnd": {
            "median": 1376,
            "mean": 1328,
            "mdev": 46.1503,
            "stddev": 80,
            "min": 1215,
            "p10": 1215,
            "p90": 1392,
            "p99": 1392,
            "max": 1392
          },
          "responseStart": {
            "median": 1373,
            "mean": 1320,
            "mdev": 46.7246,
            "stddev": 81,
            "min": 1206,
            "p10": 1206,
            "p90": 1382,
            "p99": 1382,
            "max": 1382
          },
          "secureConnectionStart": {
            "median": 963,
            "mean": 945,
            "mdev": 43.3137,
            "stddev": 75,
            "min": 845,
            "p10": 845,
            "p90": 1026,
            "p99": 1026,
            "max": 1026
          },
          "startTime": {
            "median": 0,
            "mean": 0,
            "mdev": 0,
            "stddev": 0,
            "min": 0,
            "p10": 0,
            "p90": 0,
            "p99": 0,
            "max": 0
          },
          "unloadEventEnd": {
            "median": 0,
            "mean": 0,
            "mdev": 0,
            "stddev": 0,
            "min": 0,
            "p10": 0,
            "p90": 0,
            "p99": 0,
            "max": 0
          },
          "unloadEventStart": {
            "median": 0,
            "mean": 0,
            "mdev": 0,
            "stddev": 0,
            "min": 0,
            "p10": 0,
            "p90": 0,
            "p99": 0,
            "max": 0
          },
          "workerStart": {
            "median": 0,
            "mean": 0,
            "mdev": 0,
            "stddev": 0,
            "min": 0,
            "p10": 0,
            "p90": 0,
            "p99": 0,
            "max": 0
          }
        },
        "pageTimings": {
          "backEndTime": {
            "median": 1373,
            "mean": 1320,
            "mdev": 46.7246,
            "stddev": 81,
            "min": 1206,
            "p10": 1206,
            "p90": 1382,
            "p99": 1382,
            "max": 1382
          },
          "domContentLoadedTime": {
            "median": 1971,
            "mean": 1992,
            "mdev": 92.8049,
            "stddev": 161,
            "min": 1807,
            "p10": 1807,
            "p90": 2199,
            "p99": 2199,
            "max": 2199
          },
          "domInteractiveTime": {
            "median": 1792,
            "mean": 1778,
            "mdev": 126.695,
            "stddev": 219,
            "min": 1503,
            "p10": 1503,
            "p90": 2040,
            "p99": 2040,
            "max": 2040
          },
          "domainLookupTime": {
            "median": 2,
            "mean": 14,
            "mdev": 10.2089,
            "stddev": 18,
            "min": 1,
            "p10": 1,
            "p90": 39,
            "p99": 39,
            "max": 39
          },
          "frontEndTime": {
            "median": 2145,
            "mean": 2088,
            "mdev": 63.5732,
            "stddev": 110,
            "min": 1934,
            "p10": 1934,
            "p90": 2185,
            "p99": 2185,
            "max": 2185
          },
          "pageDownloadTime": {
            "median": 8,
            "mean": 7,
            "mdev": 1.6997,
            "stddev": 3,
            "min": 3,
            "p10": 3,
            "p90": 10,
            "p99": 10,
            "max": 10
          },
          "pageLoadTime": {
            "median": 3400,
            "mean": 3416,
            "mdev": 53.8853,
            "stddev": 93,
            "min": 3310,
            "p10": 3310,
            "p90": 3537,
            "p99": 3537,
            "max": 3537
          },
          "redirectionTime": {
            "median": 748,
            "mean": 721,
            "mdev": 32.7855,
            "stddev": 57,
            "min": 642,
            "p10": 642,
            "p90": 773,
            "p99": 773,
            "max": 773
          },
          "serverConnectionTime": {
            "median": 198,
            "mean": 207,
            "mdev": 10.7806,
            "stddev": 19,
            "min": 190,
            "p10": 190,
            "p90": 233,
            "p99": 233,
            "max": 233
          },
          "serverResponseTime": {
            "median": 187,
            "mean": 188,
            "mdev": 8.5027,
            "stddev": 15,
            "min": 171,
            "p10": 171,
            "p90": 207,
            "p99": 207,
            "max": 207
          }
        },
        "rumSpeedIndex": {
          "median": 1373,
          "mean": 1320,
          "mdev": 46.7246,
          "stddev": 81,
          "min": 1206,
          "p10": 1206,
          "p90": 1382,
          "p99": 1382,
          "max": 1382
        },
        "timeToContentfulPaint": {
          "median": 2020,
          "mean": 2044,
          "mdev": 91.7561,
          "stddev": 159,
          "min": 1863,
          "p10": 1863,
          "p90": 2250,
          "p99": 2250,
          "max": 2250
        },
        "timeToDomContentFlushed": {
          "median": 1840,
          "mean": 1829,
          "mdev": 120.2972,
          "stddev": 208,
          "min": 1568,
          "p10": 1568,
          "p90": 2078,
          "p99": 2078,
          "max": 2078
        },
        "timeToFirstInteractive": {
          "median": 4411,
          "mean": 4256,
          "mdev": 137.8738,
          "stddev": 239,
          "min": 3919,
          "p10": 3919,
          "p90": 4439,
          "p99": 4439,
          "max": 4439
        }
      }
    }
  }
]