[
  {
    "info": {
      "browsertime": {
        "version": "8.4.0"
      },
      "url": "https://www.liputan6.com/",
      "timestamp": "2021-03-30T10:56:12+04:00",
      "connectivity": {
        "engine": "external",
        "profile": "native"
      },
      "extra": {}
    },
    "files": {
      "video": [],
      "screenshot": [],
      "timeline": [],
      "consoleLog": [],
      "netLog": [],
      "perfLog": []
    },
    "cdp": {
      "performance": []
    },
    "timestamps": [
      "2021-03-30T10:55:04+04:00",
      "2021-03-30T10:56:27+04:00",
      "2021-03-30T10:57:28+04:00"
    ],
    "browserScripts": [
      {
        "browser": {
          "appConstants": {
            "ACCESSIBILITY": true,
            "ANDROID_PACKAGE_NAME": "org.mozilla.firefox",
            "ASAN": false,
            "ASAN_REPORTER": false,
            "BROWSER_CHROME_URL": "chrome://browser/content/browser.xul",
            "DEBUG": false,
            "DEBUG_JS_MODULES": "",
            "DLL_PREFIX": "lib",
            "DLL_SUFFIX": ".so",
            "EARLY_BETA_OR_EARLIER": false,
            "FENNEC_NIGHTLY": false,
            "HAVE_SHELL_SERVICE": false,
            "HAVE_USR_LIB64_DIR": false,
            "MENUBAR_CAN_AUTOHIDE": false,
            "MOZILLA_OFFICIAL": true,
            "MOZ_ALLOW_LEGACY_EXTENSIONS": false,
            "MOZ_ANDROID_ACTIVITY_STREAM": false,
            "MOZ_ANDROID_HISTORY": true,
            "MOZ_ANDROID_MOZILLA_ONLINE": false,
            "MOZ_APP_NAME": "fennec",
            "MOZ_APP_VERSION": "68.1.1",
            "MOZ_APP_VERSION_DISPLAY": "68.1.1",
            "MOZ_BING_API_CLIENTID": "no-bing-api-clientid",
            "MOZ_BING_API_KEY": "no-bing-api-key",
            "MOZ_BITS_DOWNLOAD": false,
            "MOZ_BUILD_APP": "mobile/android",
            "MOZ_CODE_COVERAGE": false,
            "MOZ_CRASHREPORTER": true,
            "MOZ_DATA_REPORTING": true,
            "MOZ_DEV_EDITION": false,
            "MOZ_GECKO_PROFILER": true,
            "MOZ_GOOGLE_LOCATION_SERVICE_API_KEY": "AIzaSyB2h2OuRcUgy5N-5hsZqiPW6sH3n_rptiQ",
            "MOZ_GOOGLE_SAFEBROWSING_API_KEY": "AIzaSyC7jsptDS3am4tPx4r3nxis7IMjBc5Dovo",
            "MOZ_GRAPHENE": false,
            "MOZ_MACBUNDLE_NAME": "Firefox.app",
            "MOZ_MAINTENANCE_SERVICE": false,
            "MOZ_MOZILLA_API_KEY": "3b4d27dd-703d-4094-8398-4de2c763505a",
            "MOZ_NEW_CERT_STORAGE": false,
            "MOZ_NEW_NOTIFICATION_STORE": false,
            "MOZ_NEW_XULSTORE": false,
            "MOZ_OFFICIAL_BRANDING": false,
            "MOZ_PLACES": false,
            "MOZ_REQUIRE_SIGNING": false,
            "MOZ_SANDBOX": false,
            "MOZ_SERVICES_HEALTHREPORT": true,
            "MOZ_SERVICES_SYNC": false,
            "MOZ_SWITCHBOARD": true,
            "MOZ_SYSTEM_NSS": false,
            "MOZ_TELEMETRY_ON_BY_DEFAULT": false,
            "MOZ_TELEMETRY_REPORTING": true,
            "MOZ_UNSIGNED_SCOPES": 0,
            "MOZ_UPDATER": false,
            "MOZ_UPDATE_CHANNEL": "release",
            "MOZ_WEBRTC": true,
            "MOZ_WIDGET_GTK": false,
            "MOZ_WIDGET_TOOLKIT": "android",
            "NIGHTLY_BUILD": false,
            "OMNIJAR_NAME": "assets/omni.ja",
            "RELEASE_OR_BETA": true,
            "SOURCE_REVISION_URL": "https://hg.mozilla.org/releases/mozilla-esr68/rev/d2e0b9e17b9bc1ef02606c8006b73293f7892ad5",
            "TELEMETRY_PING_FORMAT_VERSION": 4,
            "XP_UNIX": true,
            "isPlatformAndVersionAtLeast": {},
            "isPlatformAndVersionAtMost": {},
            "platform": "android"
          },
          "asyncAppConstants": {
            "ACCESSIBILITY": true,
            "ANDROID_PACKAGE_NAME": "org.mozilla.firefox",
            "ASAN": false,
            "ASAN_REPORTER": false,
            "BROWSER_CHROME_URL": "chrome://browser/content/browser.xul",
            "DEBUG": false,
            "DEBUG_JS_MODULES": "",
            "DLL_PREFIX": "lib",
            "DLL_SUFFIX": ".so",
            "EARLY_BETA_OR_EARLIER": false,
            "FENNEC_NIGHTLY": false,
            "HAVE_SHELL_SERVICE": false,
            "HAVE_USR_LIB64_DIR": false,
            "MENUBAR_CAN_AUTOHIDE": false,
            "MOZILLA_OFFICIAL": true,
            "MOZ_ALLOW_LEGACY_EXTENSIONS": false,
            "MOZ_ANDROID_ACTIVITY_STREAM": false,
            "MOZ_ANDROID_HISTORY": true,
            "MOZ_ANDROID_MOZILLA_ONLINE": false,
            "MOZ_APP_NAME": "fennec",
            "MOZ_APP_VERSION": "68.1.1",
            "MOZ_APP_VERSION_DISPLAY": "68.1.1",
            "MOZ_BING_API_CLIENTID": "no-bing-api-clientid",
            "MOZ_BING_API_KEY": "no-bing-api-key",
            "MOZ_BITS_DOWNLOAD": false,
            "MOZ_BUILD_APP": "mobile/android",
            "MOZ_CODE_COVERAGE": false,
            "MOZ_CRASHREPORTER": true,
            "MOZ_DATA_REPORTING": true,
            "MOZ_DEV_EDITION": false,
            "MOZ_GECKO_PROFILER": true,
            "MOZ_GOOGLE_LOCATION_SERVICE_API_KEY": "AIzaSyB2h2OuRcUgy5N-5hsZqiPW6sH3n_rptiQ",
            "MOZ_GOOGLE_SAFEBROWSING_API_KEY": "AIzaSyC7jsptDS3am4tPx4r3nxis7IMjBc5Dovo",
            "MOZ_GRAPHENE": false,
            "MOZ_MACBUNDLE_NAME": "Firefox.app",
            "MOZ_MAINTENANCE_SERVICE": false,
            "MOZ_MOZILLA_API_KEY": "3b4d27dd-703d-4094-8398-4de2c763505a",
            "MOZ_NEW_CERT_STORAGE": false,
            "MOZ_NEW_NOTIFICATION_STORE": false,
            "MOZ_NEW_XULSTORE": false,
            "MOZ_OFFICIAL_BRANDING": false,
            "MOZ_PLACES": false,
            "MOZ_REQUIRE_SIGNING": false,
            "MOZ_SANDBOX": false,
            "MOZ_SERVICES_HEALTHREPORT": true,
            "MOZ_SERVICES_SYNC": false,
            "MOZ_SWITCHBOARD": true,
            "MOZ_SYSTEM_NSS": false,
            "MOZ_TELEMETRY_ON_BY_DEFAULT": false,
            "MOZ_TELEMETRY_REPORTING": true,
            "MOZ_UNSIGNED_SCOPES": 0,
            "MOZ_UPDATER": false,
            "MOZ_UPDATE_CHANNEL": "release",
            "MOZ_WEBRTC": true,
            "MOZ_WIDGET_GTK": false,
            "MOZ_WIDGET_TOOLKIT": "android",
            "NIGHTLY_BUILD": false,
            "OMNIJAR_NAME": "assets/omni.ja",
            "RELEASE_OR_BETA": true,
            "SOURCE_REVISION_URL": "https://hg.mozilla.org/releases/mozilla-esr68/rev/d2e0b9e17b9bc1ef02606c8006b73293f7892ad5",
            "TELEMETRY_PING_FORMAT_VERSION": 4,
            "XP_UNIX": true,
            "isPlatformAndVersionAtLeast": {},
            "isPlatformAndVersionAtMost": {},
            "platform": "android"
          },
          "userAgent": "Mozilla/5.0 (Android 8.1.0; Mobile; rv:68.0) Gecko/68.0 Firefox/68.0",
          "windowSize": "360x560"
        },
        "pageinfo": {
          "documentHeight": 5433,
          "documentSize": {
            "decodedBodySize": 623534,
            "encodedBodySize": 109290,
            "transferSize": 109717
          },
          "documentTitle": "Berita Terkini, Kabar Terbaru Hari Ini Indonesia dan Dunia - Liputan6.com",
          "documentWidth": 360,
          "domElements": 2817,
          "navigationStartTime": 1617087304934,
          "nextHopProtocol": "h2",
          "resources": {
            "count": 0,
            "duration": 0
          },
          "responsive": true,
          "url": "https://m.liputan6.com/",
          "visualElements": {
            "heroes": [
              {
                "filename": "10536919124294419949?",
                "height": 640,
                "name": "LargestImage",
                "width": 360,
                "x": 0,
                "y": 0
              },
              {
                "filename": null,
                "height": 43,
                "name": "Heading",
                "width": 260,
                "x": 53,
                "y": 360
              }
            ],
            "viewport": {
              "height": 560,
              "width": 360
            }
          }
        },
        "timings": {
          "firstPaint": 6488,
          "loadEventEnd": 56352,
          "navigationTiming": {
            "connectStart": 388,
            "domComplete": 56281,
            "domContentLoadedEventEnd": 8131,
            "domContentLoadedEventStart": 7378,
            "domInteractive": 6114,
            "domainLookupEnd": 388,
            "domainLookupStart": 388,
            "duration": 56352,
            "fetchStart": 362,
            "loadEventEnd": 56352,
            "loadEventStart": 56281,
            "redirectEnd": 359,
            "redirectStart": 4,
            "requestStart": 394,
            "responseEnd": 563,
            "responseStart": 563,
            "secureConnectionStart": 0,
            "startTime": 0,
            "unloadEventEnd": 0,
            "unloadEventStart": 0,
            "workerStart": 0
          },
          "pageTimings": {
            "backEndTime": 563,
            "domContentLoadedTime": 7378,
            "domInteractiveTime": 6114,
            "domainLookupTime": 0,
            "frontEndTime": 55718,
            "pageDownloadTime": 0,
            "pageLoadTime": 56281,
            "redirectionTime": 355,
            "serverConnectionTime": 0,
            "serverResponseTime": 169
          },
          "rumSpeedIndex": 563,
          "timeToContentfulPaint": 7007,
          "timeToDomContentFlushed": 6378,
          "userTimings": {
            "marks": [
              {
                "name": "gpt-tag-load",
                "startTime": 22408.52
              },
              {
                "name": "gpt-first-ad-request",
                "startTime": 27594.06
              },
              {
                "name": "gpt-first-ad-render",
                "startTime": 34604.26
              }
            ],
            "measures": []
          }
        }
      },
      {
        "browser": {
          "appConstants": {
            "ACCESSIBILITY": true,
            "ANDROID_PACKAGE_NAME": "org.mozilla.firefox",
            "ASAN": false,
            "ASAN_REPORTER": false,
            "BROWSER_CHROME_URL": "chrome://browser/content/browser.xul",
            "DEBUG": false,
            "DEBUG_JS_MODULES": "",
            "DLL_PREFIX": "lib",
            "DLL_SUFFIX": ".so",
            "EARLY_BETA_OR_EARLIER": false,
            "FENNEC_NIGHTLY": false,
            "HAVE_SHELL_SERVICE": false,
            "HAVE_USR_LIB64_DIR": false,
            "MENUBAR_CAN_AUTOHIDE": false,
            "MOZILLA_OFFICIAL": true,
            "MOZ_ALLOW_LEGACY_EXTENSIONS": false,
            "MOZ_ANDROID_ACTIVITY_STREAM": false,
            "MOZ_ANDROID_HISTORY": true,
            "MOZ_ANDROID_MOZILLA_ONLINE": false,
            "MOZ_APP_NAME": "fennec",
            "MOZ_APP_VERSION": "68.1.1",
            "MOZ_APP_VERSION_DISPLAY": "68.1.1",
            "MOZ_BING_API_CLIENTID": "no-bing-api-clientid",
            "MOZ_BING_API_KEY": "no-bing-api-key",
            "MOZ_BITS_DOWNLOAD": false,
            "MOZ_BUILD_APP": "mobile/android",
            "MOZ_CODE_COVERAGE": false,
            "MOZ_CRASHREPORTER": true,
            "MOZ_DATA_REPORTING": true,
            "MOZ_DEV_EDITION": false,
            "MOZ_GECKO_PROFILER": true,
            "MOZ_GOOGLE_LOCATION_SERVICE_API_KEY": "AIzaSyB2h2OuRcUgy5N-5hsZqiPW6sH3n_rptiQ",
            "MOZ_GOOGLE_SAFEBROWSING_API_KEY": "AIzaSyC7jsptDS3am4tPx4r3nxis7IMjBc5Dovo",
            "MOZ_GRAPHENE": false,
            "MOZ_MACBUNDLE_NAME": "Firefox.app",
            "MOZ_MAINTENANCE_SERVICE": false,
            "MOZ_MOZILLA_API_KEY": "3b4d27dd-703d-4094-8398-4de2c763505a",
            "MOZ_NEW_CERT_STORAGE": false,
            "MOZ_NEW_NOTIFICATION_STORE": false,
            "MOZ_NEW_XULSTORE": false,
            "MOZ_OFFICIAL_BRANDING": false,
            "MOZ_PLACES": false,
            "MOZ_REQUIRE_SIGNING": false,
            "MOZ_SANDBOX": false,
            "MOZ_SERVICES_HEALTHREPORT": true,
            "MOZ_SERVICES_SYNC": false,
            "MOZ_SWITCHBOARD": true,
            "MOZ_SYSTEM_NSS": false,
            "MOZ_TELEMETRY_ON_BY_DEFAULT": false,
            "MOZ_TELEMETRY_REPORTING": true,
            "MOZ_UNSIGNED_SCOPES": 0,
            "MOZ_UPDATER": false,
            "MOZ_UPDATE_CHANNEL": "release",
            "MOZ_WEBRTC": true,
            "MOZ_WIDGET_GTK": false,
            "MOZ_WIDGET_TOOLKIT": "android",
            "NIGHTLY_BUILD": false,
            "OMNIJAR_NAME": "assets/omni.ja",
            "RELEASE_OR_BETA": true,
            "SOURCE_REVISION_URL": "https://hg.mozilla.org/releases/mozilla-esr68/rev/d2e0b9e17b9bc1ef02606c8006b73293f7892ad5",
            "TELEMETRY_PING_FORMAT_VERSION": 4,
            "XP_UNIX": true,
            "isPlatformAndVersionAtLeast": {},
            "isPlatformAndVersionAtMost": {},
            "platform": "android"
          },
          "asyncAppConstants": {
            "ACCESSIBILITY": true,
            "ANDROID_PACKAGE_NAME": "org.mozilla.firefox",
            "ASAN": false,
            "ASAN_REPORTER": false,
            "BROWSER_CHROME_URL": "chrome://browser/content/browser.xul",
            "DEBUG": false,
            "DEBUG_JS_MODULES": "",
            "DLL_PREFIX": "lib",
            "DLL_SUFFIX": ".so",
            "EARLY_BETA_OR_EARLIER": false,
            "FENNEC_NIGHTLY": false,
            "HAVE_SHELL_SERVICE": false,
            "HAVE_USR_LIB64_DIR": false,
            "MENUBAR_CAN_AUTOHIDE": false,
            "MOZILLA_OFFICIAL": true,
            "MOZ_ALLOW_LEGACY_EXTENSIONS": false,
            "MOZ_ANDROID_ACTIVITY_STREAM": false,
            "MOZ_ANDROID_HISTORY": true,
            "MOZ_ANDROID_MOZILLA_ONLINE": false,
            "MOZ_APP_NAME": "fennec",
            "MOZ_APP_VERSION": "68.1.1",
            "MOZ_APP_VERSION_DISPLAY": "68.1.1",
            "MOZ_BING_API_CLIENTID": "no-bing-api-clientid",
            "MOZ_BING_API_KEY": "no-bing-api-key",
            "MOZ_BITS_DOWNLOAD": false,
            "MOZ_BUILD_APP": "mobile/android",
            "MOZ_CODE_COVERAGE": false,
            "MOZ_CRASHREPORTER": true,
            "MOZ_DATA_REPORTING": true,
            "MOZ_DEV_EDITION": false,
            "MOZ_GECKO_PROFILER": true,
            "MOZ_GOOGLE_LOCATION_SERVICE_API_KEY": "AIzaSyB2h2OuRcUgy5N-5hsZqiPW6sH3n_rptiQ",
            "MOZ_GOOGLE_SAFEBROWSING_API_KEY": "AIzaSyC7jsptDS3am4tPx4r3nxis7IMjBc5Dovo",
            "MOZ_GRAPHENE": false,
            "MOZ_MACBUNDLE_NAME": "Firefox.app",
            "MOZ_MAINTENANCE_SERVICE": false,
            "MOZ_MOZILLA_API_KEY": "3b4d27dd-703d-4094-8398-4de2c763505a",
            "MOZ_NEW_CERT_STORAGE": false,
            "MOZ_NEW_NOTIFICATION_STORE": false,
            "MOZ_NEW_XULSTORE": false,
            "MOZ_OFFICIAL_BRANDING": false,
            "MOZ_PLACES": false,
            "MOZ_REQUIRE_SIGNING": false,
            "MOZ_SANDBOX": false,
            "MOZ_SERVICES_HEALTHREPORT": true,
            "MOZ_SERVICES_SYNC": false,
            "MOZ_SWITCHBOARD": true,
            "MOZ_SYSTEM_NSS": false,
            "MOZ_TELEMETRY_ON_BY_DEFAULT": false,
            "MOZ_TELEMETRY_REPORTING": true,
            "MOZ_UNSIGNED_SCOPES": 0,
            "MOZ_UPDATER": false,
            "MOZ_UPDATE_CHANNEL": "release",
            "MOZ_WEBRTC": true,
            "MOZ_WIDGET_GTK": false,
            "MOZ_WIDGET_TOOLKIT": "android",
            "NIGHTLY_BUILD": false,
            "OMNIJAR_NAME": "assets/omni.ja",
            "RELEASE_OR_BETA": true,
            "SOURCE_REVISION_URL": "https://hg.mozilla.org/releases/mozilla-esr68/rev/d2e0b9e17b9bc1ef02606c8006b73293f7892ad5",
            "TELEMETRY_PING_FORMAT_VERSION": 4,
            "XP_UNIX": true,
            "isPlatformAndVersionAtLeast": {},
            "isPlatformAndVersionAtMost": {},
            "platform": "android"
          },
          "userAgent": "Mozilla/5.0 (Android 8.1.0; Mobile; rv:68.0) Gecko/68.0 Firefox/68.0",
          "windowSize": "360x560"
        },
        "pageinfo": {
          "documentHeight": 5433,
          "documentSize": {
            "decodedBodySize": 623534,
            "encodedBodySize": 109290,
            "transferSize": 109717
          },
          "documentTitle": "Berita Terkini, Kabar Terbaru Hari Ini Indonesia dan Dunia - Liputan6.com",
          "documentWidth": 360,
          "domElements": 2817,
          "navigationStartTime": 1617087387784,
          "nextHopProtocol": "h2",
          "resources": {
            "count": 0,
            "duration": 0
          },
          "responsive": true,
          "url": "https://m.liputan6.com/",
          "visualElements": {
            "heroes": [
              {
                "filename": "10536919124294419949?",
                "height": 640,
                "name": "LargestImage",
                "width": 360,
                "x": 0,
                "y": 0
              },
              {
                "filename": null,
                "height": 43,
                "name": "Heading",
                "width": 260,
                "x": 53,
                "y": 360
              }
            ],
            "viewport": {
              "height": 560,
              "width": 360
            }
          }
        },
        "timings": {
          "firstPaint": 4382,
          "loadEventEnd": 38963,
          "navigationTiming": {
            "connectStart": 637,
            "domComplete": 38866,
            "domContentLoadedEventEnd": 5430,
            "domContentLoadedEventStart": 5070,
            "domInteractive": 4184,
            "domainLookupEnd": 636,
            "domainLookupStart": 636,
            "duration": 38963,
            "fetchStart": 610,
            "loadEventEnd": 38963,
            "loadEventStart": 38866,
            "redirectEnd": 608,
            "redirectStart": 3,
            "requestStart": 644,
            "responseEnd": 981,
            "responseStart": 981,
            "secureConnectionStart": 0,
            "startTime": 0,
            "unloadEventEnd": 0,
            "unloadEventStart": 0,
            "workerStart": 0
          },
          "pageTimings": {
            "backEndTime": 981,
            "domContentLoadedTime": 5070,
            "domInteractiveTime": 4184,
            "domainLookupTime": 0,
            "frontEndTime": 37885,
            "pageDownloadTime": 0,
            "pageLoadTime": 38866,
            "redirectionTime": 605,
            "serverConnectionTime": 0,
            "serverResponseTime": 337
          },
          "rumSpeedIndex": 980,
          "timeToContentfulPaint": 4574,
          "timeToDomContentFlushed": 4339,
          "userTimings": {
            "marks": [
              {
                "name": "gpt-tag-load",
                "startTime": 8962.300000000001
              },
              {
                "name": "gpt-first-ad-request",
                "startTime": 13764.9
              },
              {
                "name": "gpt-first-ad-render",
                "startTime": 18876.02
              }
            ],
            "measures": []
          }
        }
      },
      {
        "browser": {
          "appConstants": {
            "ACCESSIBILITY": true,
            "ANDROID_PACKAGE_NAME": "org.mozilla.firefox",
            "ASAN": false,
            "ASAN_REPORTER": false,
            "BROWSER_CHROME_URL": "chrome://browser/content/browser.xul",
            "DEBUG": false,
            "DEBUG_JS_MODULES": "",
            "DLL_PREFIX": "lib",
            "DLL_SUFFIX": ".so",
            "EARLY_BETA_OR_EARLIER": false,
            "FENNEC_NIGHTLY": false,
            "HAVE_SHELL_SERVICE": false,
            "HAVE_USR_LIB64_DIR": false,
            "MENUBAR_CAN_AUTOHIDE": false,
            "MOZILLA_OFFICIAL": true,
            "MOZ_ALLOW_LEGACY_EXTENSIONS": false,
            "MOZ_ANDROID_ACTIVITY_STREAM": false,
            "MOZ_ANDROID_HISTORY": true,
            "MOZ_ANDROID_MOZILLA_ONLINE": false,
            "MOZ_APP_NAME": "fennec",
            "MOZ_APP_VERSION": "68.1.1",
            "MOZ_APP_VERSION_DISPLAY": "68.1.1",
            "MOZ_BING_API_CLIENTID": "no-bing-api-clientid",
            "MOZ_BING_API_KEY": "no-bing-api-key",
            "MOZ_BITS_DOWNLOAD": false,
            "MOZ_BUILD_APP": "mobile/android",
            "MOZ_CODE_COVERAGE": false,
            "MOZ_CRASHREPORTER": true,
            "MOZ_DATA_REPORTING": true,
            "MOZ_DEV_EDITION": false,
            "MOZ_GECKO_PROFILER": true,
            "MOZ_GOOGLE_LOCATION_SERVICE_API_KEY": "AIzaSyB2h2OuRcUgy5N-5hsZqiPW6sH3n_rptiQ",
            "MOZ_GOOGLE_SAFEBROWSING_API_KEY": "AIzaSyC7jsptDS3am4tPx4r3nxis7IMjBc5Dovo",
            "MOZ_GRAPHENE": false,
            "MOZ_MACBUNDLE_NAME": "Firefox.app",
            "MOZ_MAINTENANCE_SERVICE": false,
            "MOZ_MOZILLA_API_KEY": "3b4d27dd-703d-4094-8398-4de2c763505a",
            "MOZ_NEW_CERT_STORAGE": false,
            "MOZ_NEW_NOTIFICATION_STORE": false,
            "MOZ_NEW_XULSTORE": false,
            "MOZ_OFFICIAL_BRANDING": false,
            "MOZ_PLACES": false,
            "MOZ_REQUIRE_SIGNING": false,
            "MOZ_SANDBOX": false,
            "MOZ_SERVICES_HEALTHREPORT": true,
            "MOZ_SERVICES_SYNC": false,
            "MOZ_SWITCHBOARD": true,
            "MOZ_SYSTEM_NSS": false,
            "MOZ_TELEMETRY_ON_BY_DEFAULT": false,
            "MOZ_TELEMETRY_REPORTING": true,
            "MOZ_UNSIGNED_SCOPES": 0,
            "MOZ_UPDATER": false,
            "MOZ_UPDATE_CHANNEL": "release",
            "MOZ_WEBRTC": true,
            "MOZ_WIDGET_GTK": false,
            "MOZ_WIDGET_TOOLKIT": "android",
            "NIGHTLY_BUILD": false,
            "OMNIJAR_NAME": "assets/omni.ja",
            "RELEASE_OR_BETA": true,
            "SOURCE_REVISION_URL": "https://hg.mozilla.org/releases/mozilla-esr68/rev/d2e0b9e17b9bc1ef02606c8006b73293f7892ad5",
            "TELEMETRY_PING_FORMAT_VERSION": 4,
            "XP_UNIX": true,
            "isPlatformAndVersionAtLeast": {},
            "isPlatformAndVersionAtMost": {},
            "platform": "android"
          },
          "asyncAppConstants": {
            "ACCESSIBILITY": true,
            "ANDROID_PACKAGE_NAME": "org.mozilla.firefox",
            "ASAN": false,
            "ASAN_REPORTER": false,
            "BROWSER_CHROME_URL": "chrome://browser/content/browser.xul",
            "DEBUG": false,
            "DEBUG_JS_MODULES": "",
            "DLL_PREFIX": "lib",
            "DLL_SUFFIX": ".so",
            "EARLY_BETA_OR_EARLIER": false,
            "FENNEC_NIGHTLY": false,
            "HAVE_SHELL_SERVICE": false,
            "HAVE_USR_LIB64_DIR": false,
            "MENUBAR_CAN_AUTOHIDE": false,
            "MOZILLA_OFFICIAL": true,
            "MOZ_ALLOW_LEGACY_EXTENSIONS": false,
            "MOZ_ANDROID_ACTIVITY_STREAM": false,
            "MOZ_ANDROID_HISTORY": true,
            "MOZ_ANDROID_MOZILLA_ONLINE": false,
            "MOZ_APP_NAME": "fennec",
            "MOZ_APP_VERSION": "68.1.1",
            "MOZ_APP_VERSION_DISPLAY": "68.1.1",
            "MOZ_BING_API_CLIENTID": "no-bing-api-clientid",
            "MOZ_BING_API_KEY": "no-bing-api-key",
            "MOZ_BITS_DOWNLOAD": false,
            "MOZ_BUILD_APP": "mobile/android",
            "MOZ_CODE_COVERAGE": false,
            "MOZ_CRASHREPORTER": true,
            "MOZ_DATA_REPORTING": true,
            "MOZ_DEV_EDITION": false,
            "MOZ_GECKO_PROFILER": true,
            "MOZ_GOOGLE_LOCATION_SERVICE_API_KEY": "AIzaSyB2h2OuRcUgy5N-5hsZqiPW6sH3n_rptiQ",
            "MOZ_GOOGLE_SAFEBROWSING_API_KEY": "AIzaSyC7jsptDS3am4tPx4r3nxis7IMjBc5Dovo",
            "MOZ_GRAPHENE": false,
            "MOZ_MACBUNDLE_NAME": "Firefox.app",
            "MOZ_MAINTENANCE_SERVICE": false,
            "MOZ_MOZILLA_API_KEY": "3b4d27dd-703d-4094-8398-4de2c763505a",
            "MOZ_NEW_CERT_STORAGE": false,
            "MOZ_NEW_NOTIFICATION_STORE": false,
            "MOZ_NEW_XULSTORE": false,
            "MOZ_OFFICIAL_BRANDING": false,
            "MOZ_PLACES": false,
            "MOZ_REQUIRE_SIGNING": false,
            "MOZ_SANDBOX": false,
            "MOZ_SERVICES_HEALTHREPORT": true,
            "MOZ_SERVICES_SYNC": false,
            "MOZ_SWITCHBOARD": true,
            "MOZ_SYSTEM_NSS": false,
            "MOZ_TELEMETRY_ON_BY_DEFAULT": false,
            "MOZ_TELEMETRY_REPORTING": true,
            "MOZ_UNSIGNED_SCOPES": 0,
            "MOZ_UPDATER": false,
            "MOZ_UPDATE_CHANNEL": "release",
            "MOZ_WEBRTC": true,
            "MOZ_WIDGET_GTK": false,
            "MOZ_WIDGET_TOOLKIT": "android",
            "NIGHTLY_BUILD": false,
            "OMNIJAR_NAME": "assets/omni.ja",
            "RELEASE_OR_BETA": true,
            "SOURCE_REVISION_URL": "https://hg.mozilla.org/releases/mozilla-esr68/rev/d2e0b9e17b9bc1ef02606c8006b73293f7892ad5",
            "TELEMETRY_PING_FORMAT_VERSION": 4,
            "XP_UNIX": true,
            "isPlatformAndVersionAtLeast": {},
            "isPlatformAndVersionAtMost": {},
            "platform": "android"
          },
          "userAgent": "Mozilla/5.0 (Android 8.1.0; Mobile; rv:68.0) Gecko/68.0 Firefox/68.0",
          "windowSize": "360x560"
        },
        "pageinfo": {
          "documentHeight": 5433,
          "documentSize": {
            "decodedBodySize": 623529,
            "encodedBodySize": 109286,
            "transferSize": 109711
          },
          "documentTitle": "Berita Terkini, Kabar Terbaru Hari Ini Indonesia dan Dunia - Liputan6.com",
          "documentWidth": 360,
          "domElements": 2815,
          "navigationStartTime": 1617087449284,
          "nextHopProtocol": "h2",
          "resources": {
            "count": 0,
            "duration": 0
          },
          "responsive": true,
          "url": "https://m.liputan6.com/",
          "visualElements": {
            "heroes": [
              {
                "filename": "10536919124294419949?",
                "height": 640,
                "name": "LargestImage",
                "width": 360,
                "x": 0,
                "y": 0
              },
              {
                "filename": null,
                "height": 43,
                "name": "Heading",
                "width": 260,
                "x": 53,
                "y": 360
              }
            ],
            "viewport": {
              "height": 560,
              "width": 360
            }
          }
        },
        "timings": {
          "firstPaint": 3905,
          "loadEventEnd": 39465,
          "navigationTiming": {
            "connectStart": 447,
            "domComplete": 39390,
            "domContentLoadedEventEnd": 4579,
            "domContentLoadedEventStart": 4230,
            "domInteractive": 3725,
            "domainLookupEnd": 446,
            "domainLookupStart": 446,
            "duration": 39465,
            "fetchStart": 424,
            "loadEventEnd": 39465,
            "loadEventStart": 39390,
            "redirectEnd": 422,
            "redirectStart": 3,
            "requestStart": 455,
            "responseEnd": 674,
            "responseStart": 674,
            "secureConnectionStart": 0,
            "startTime": 0,
            "unloadEventEnd": 0,
            "unloadEventStart": 0,
            "workerStart": 0
          },
          "pageTimings": {
            "backEndTime": 674,
            "domContentLoadedTime": 4230,
            "domInteractiveTime": 3725,
            "domainLookupTime": 0,
            "frontEndTime": 38716,
            "pageDownloadTime": 0,
            "pageLoadTime": 39390,
            "redirectionTime": 419,
            "serverConnectionTime": 0,
            "serverResponseTime": 218
          },
          "rumSpeedIndex": 673,
          "timeToContentfulPaint": 4093,
          "timeToDomContentFlushed": 3860,
          "userTimings": {
            "marks": [
              {
                "name": "gpt-tag-load",
                "startTime": 8009.64
              },
              {
                "name": "gpt-first-ad-request",
                "startTime": 11718.28
              },
              {
                "name": "gpt-first-ad-render",
                "startTime": 16674.24
              }
            ],
            "measures": []
          }
        }
      }
    ],
    "visualMetrics": [],
    "cpu": [],
    "extras": [
      {},
      {},
      {}
    ],
    "fullyLoaded": [],
    "errors": [
      [],
      [],
      []
    ],
    "statistics": {
      "browser": {
        "appConstants": {
          "MOZ_UNSIGNED_SCOPES": {
            "median": 0,
            "mean": 0,
            "mdev": 0,
            "stddev": 0,
            "min": 0,
            "p10": 0,
            "p90": 0,
            "p99": 0,
            "max": 0
          },
          "TELEMETRY_PING_FORMAT_VERSION": {
            "median": 4,
            "mean": 4,
            "mdev": 0,
            "stddev": 0,
            "min": 4,
            "p10": 4,
            "p90": 4,
            "p99": 4,
            "max": 4
          }
        },
        "asyncAppConstants": {
          "MOZ_UNSIGNED_SCOPES": {
            "median": 0,
            "mean": 0,
            "mdev": 0,
            "stddev": 0,
            "min": 0,
            "p10": 0,
            "p90": 0,
            "p99": 0,
            "max": 0
          },
          "TELEMETRY_PING_FORMAT_VERSION": {
            "median": 4,
            "mean": 4,
            "mdev": 0,
            "stddev": 0,
            "min": 4,
            "p10": 4,
            "p90": 4,
            "p99": 4,
            "max": 4
          }
        }
      },
      "pageinfo": {
        "documentHeight": {
          "median": 5433,
          "mean": 5433,
          "mdev": 0,
          "stddev": 0,
          "min": 5433,
          "p10": 5433,
          "p90": 5433,
          "p99": 5433,
          "max": 5433
        },
        "documentSize": {
          "decodedBodySize": {
            "median": 623534,
            "mean": 623532,
            "mdev": 1.3608,
            "stddev": 2,
            "min": 623529,
            "p10": 623529,
            "p90": 623534,
            "p99": 623534,
            "max": 623534
          },
          "encodedBodySize": {
            "median": 109290,
            "mean": 109289,
            "mdev": 1.0887,
            "stddev": 2,
            "min": 109286,
            "p10": 109286,
            "p90": 109290,
            "p99": 109290,
            "max": 109290
          },
          "transferSize": {
            "median": 109717,
            "mean": 109715,
            "mdev": 1.633,
            "stddev": 3,
            "min": 109711,
            "p10": 109711,
            "p90": 109717,
            "p99": 109717,
            "max": 109717
          }
        },
        "documentWidth": {
          "median": 360,
          "mean": 360,
          "mdev": 0,
          "stddev": 0,
          "min": 360,
          "p10": 360,
          "p90": 360,
          "p99": 360,
          "max": 360
        },
        "domElements": {
          "median": 2817,
          "mean": 2816,
          "mdev": 0.5443,
          "stddev": 1,
          "min": 2815,
          "p10": 2815,
          "p90": 2817,
          "p99": 2817,
          "max": 2817
        },
        "navigationStartTime": {
          "median": 1617087387784,
          "mean": 1617087380667,
          "mdev": 35673.28,
          "stddev": 61788,
          "min": 1617087304934,
          "p10": 1617087304934,
          "p90": 1617087449284,
          "p99": 1617087449284,
          "max": 1617087449284
        },
        "resources": {
          "count": {
            "median": 0,
            "mean": 0,
            "mdev": 0,
            "stddev": 0,
            "min": 0,
            "p10": 0,
            "p90": 0,
            "p99": 0,
            "max": 0
          },
          "duration": {
            "median": 0,
            "mean": 0,
            "mdev": 0,
            "stddev": 0,
            "min": 0,
            "p10": 0,
            "p90": 0,
            "p99": 0,
            "max": 0
          }
        },
        "visualElements": {
          "heroes": [
            {
              "height": {
                "median": 640,
                "mean": 640,
                "mdev": 0,
                "stddev": 0,
                "min": 640,
                "p10": 640,
                "p90": 640,
                "p99": 640,
                "max": 640
              },
              "width": {
                "median": 360,
                "mean": 360,
                "mdev": 0,
                "stddev": 0,
                "min": 360,
                "p10": 360,
                "p90": 360,
                "p99": 360,
                "max": 360
              },
              "x": {
                "median": 0,
                "mean": 0,
                "mdev": 0,
                "stddev": 0,
                "min": 0,
                "p10": 0,
                "p90": 0,
                "p99": 0,
                "max": 0
              },
              "y": {
                "median": 0,
                "mean": 0,
                "mdev": 0,
                "stddev": 0,
                "min": 0,
                "p10": 0,
                "p90": 0,
                "p99": 0,
                "max": 0
              }
            },
            {
              "height": {
                "median": 43,
                "mean": 43,
                "mdev": 0,
                "stddev": 0,
                "min": 43,
                "p10": 43,
                "p90": 43,
                "p99": 43,
                "max": 43
              },
              "width": {
                "median": 260,
                "mean": 260,
                "mdev": 0,
                "stddev": 0,
                "min": 260,
                "p10": 260,
                "p90": 260,
                "p99": 260,
                "max": 260
              },
              "x": {
                "median": 53,
                "mean": 53,
                "mdev": 0,
                "stddev": 0,
                "min": 53,
                "p10": 53,
                "p90": 53,
                "p99": 53,
                "max": 53
              },
              "y": {
                "median": 360,
                "mean": 360,
                "mdev": 0,
                "stddev": 0,
                "min": 360,
                "p10": 360,
                "p90": 360,
                "p99": 360,
                "max": 360
              }
            }
          ],
          "viewport": {
            "height": {
              "median": 560,
              "mean": 560,
              "mdev": 0,
              "stddev": 0,
              "min": 560,
              "p10": 560,
              "p90": 560,
              "p99": 560,
              "max": 560
            },
            "width": {
              "median": 360,
              "mean": 360,
              "mdev": 0,
              "stddev": 0,
              "min": 360,
              "p10": 360,
              "p90": 360,
              "p99": 360,
              "max": 360
            }
          }
        }
      },
      "timings": {
        "firstPaint": {
          "median": 4382,
          "mean": 4925,
          "mdev": 647.9213,
          "stddev": 1122,
          "min": 3905,
          "p10": 3905,
          "p90": 6488,
          "p99": 6488,
          "max": 6488
        },
        "loadEventEnd": {
          "median": 39465,
          "mean": 44927,
          "mdev": 4665.8733,
          "stddev": 8082,
          "min": 38963,
          "p10": 38963,
          "p90": 56352,
          "p99": 56352,
          "max": 56352
        },
        "navigationTiming": {
          "connectStart": {
            "median": 447,
            "mean": 491,
            "mdev": 61.3376,
            "stddev": 106,
            "min": 388,
            "p10": 388,
            "p90": 637,
            "p99": 637,
            "max": 637
          },
          "domComplete": {
            "median": 39390,
            "mean": 44846,
            "mdev": 4670.0888,
            "stddev": 8089,
            "min": 38866,
            "p10": 38866,
            "p90": 56281,
            "p99": 56281,
            "max": 56281
          },
          "domContentLoadedEventEnd": {
            "median": 5430,
            "mean": 6047,
            "mdev": 874.2469,
            "stddev": 1514,
            "min": 4579,
            "p10": 4579,
            "p90": 8131,
            "p99": 8131,
            "max": 8131
          },
          "domContentLoadedEventStart": {
            "median": 5070,
            "mean": 5559,
            "mdev": 768.4127,
            "stddev": 1331,
            "min": 4230,
            "p10": 4230,
            "p90": 7378,
            "p99": 7378,
            "max": 7378
          },
          "domInteractive": {
            "median": 4184,
            "mean": 4674,
            "mdev": 597.6157,
            "stddev": 1035,
            "min": 3725,
            "p10": 3725,
            "p90": 6114,
            "p99": 6114,
            "max": 6114
          },
          "domainLookupEnd": {
            "median": 446,
            "mean": 490,
            "mdev": 61.1519,
            "stddev": 106,
            "min": 388,
            "p10": 388,
            "p90": 636,
            "p99": 636,
            "max": 636
          },
          "domainLookupStart": {
            "median": 446,
            "mean": 490,
            "mdev": 61.1519,
            "stddev": 106,
            "min": 388,
            "p10": 388,
            "p90": 636,
            "p99": 636,
            "max": 636
          },
          "duration": {
            "median": 39465,
            "mean": 44927,
            "mdev": 4665.8733,
            "stddev": 8082,
            "min": 38963,
            "p10": 38963,
            "p90": 56352,
            "p99": 56352,
            "max": 56352
          },
          "fetchStart": {
            "median": 424,
            "mean": 465,
            "mdev": 60.841,
            "stddev": 105,
            "min": 362,
            "p10": 362,
            "p90": 610,
            "p99": 610,
            "max": 610
          },
          "loadEventEnd": {
            "median": 39465,
            "mean": 44927,
            "mdev": 4665.8733,
            "stddev": 8082,
            "min": 38963,
            "p10": 38963,
            "p90": 56352,
            "p99": 56352,
            "max": 56352
          },
          "loadEventStart": {
            "median": 39390,
            "mean": 44846,
            "mdev": 4670.0888,
            "stddev": 8089,
            "min": 38866,
            "p10": 38866,
            "p90": 56281,
            "p99": 56281,
            "max": 56281
          },
          "redirectEnd": {
            "median": 422,
            "mean": 463,
            "mdev": 61.03,
            "stddev": 106,
            "min": 359,
            "p10": 359,
            "p90": 608,
            "p99": 608,
            "max": 608
          },
          "redirectStart": {
            "median": 3,
            "mean": 3,
            "mdev": 0.2722,
            "stddev": 0,
            "min": 3,
            "p10": 3,
            "p90": 4,
            "p99": 4,
            "max": 4
          },
          "requestStart": {
            "median": 455,
            "mean": 498,
            "mdev": 61.4462,
            "stddev": 106,
            "min": 394,
            "p10": 394,
            "p90": 644,
            "p99": 644,
            "max": 644
          },
          "responseEnd": {
            "median": 674,
            "mean": 739,
            "mdev": 102.0701,
            "stddev": 177,
            "min": 563,
            "p10": 563,
            "p90": 981,
            "p99": 981,
            "max": 981
          },
          "responseStart": {
            "median": 674,
            "mean": 739,
            "mdev": 102.0701,
            "stddev": 177,
            "min": 563,
            "p10": 563,
            "p90": 981,
            "p99": 981,
            "max": 981
          },
          "secureConnectionStart": {
            "median": 0,
            "mean": 0,
            "mdev": 0,
            "stddev": 0,
            "min": 0,
            "p10": 0,
            "p90": 0,
            "p99": 0,
            "max": 0
          },
          "startTime": {
            "median": 0,
            "mean": 0,
            "mdev": 0,
            "stddev": 0,
            "min": 0,
            "p10": 0,
            "p90": 0,
            "p99": 0,
            "max": 0
          },
          "unloadEventEnd": {
            "median": 0,
            "mean": 0,
            "mdev": 0,
            "stddev": 0,
            "min": 0,
            "p10": 0,
            "p90": 0,
            "p99": 0,
            "max": 0
          },
          "unloadEventStart": {
            "median": 0,
            "mean": 0,
            "mdev": 0,
            "stddev": 0,
            "min": 0,
            "p10": 0,
            "p90": 0,
            "p99": 0,
            "max": 0
          },
          "workerStart": {
            "median": 0,
            "mean": 0,
            "mdev": 0,
            "stddev": 0,
            "min": 0,
            "p10": 0,
            "p90": 0,
            "p99": 0,
            "max": 0
          }
        },
        "pageTimings": {
          "backEndTime": {
            "median": 674,
            "mean": 739,
            "mdev": 102.0701,
            "stddev": 177,
            "min": 563,
            "p10": 563,
            "p90": 981,
            "p99": 981,
            "max": 981
          },
          "domContentLoadedTime": {
            "median": 5070,
            "mean": 5559,
            "mdev": 768.4127,
            "stddev": 1331,
            "min": 4230,
            "p10": 4230,
            "p90": 7378,
            "p99": 7378,
            "max": 7378
          },
          "domInteractiveTime": {
            "median": 4184,
            "mean": 4674,
            "mdev": 597.6157,
            "stddev": 1035,
            "min": 3725,
            "p10": 3725,
            "p90": 6114,
            "p99": 6114,
            "max": 6114
          },
          "domainLookupTime": {
            "median": 0,
            "mean": 0,
            "mdev": 0,
            "stddev": 0,
            "min": 0,
            "p10": 0,
            "p90": 0,
            "p99": 0,
            "max": 0
          },
          "frontEndTime": {
            "median": 38716,
            "mean": 44106,
            "mdev": 4744.4879,
            "stddev": 8218,
            "min": 37885,
            "p10": 37885,
            "p90": 55718,
            "p99": 55718,
            "max": 55718
          },
          "pageDownloadTime": {
            "median": 0,
            "mean": 0,
            "mdev": 0,
            "stddev": 0,
            "min": 0,
            "p10": 0,
            "p90": 0,
            "p99": 0,
            "max": 0
          },
          "pageLoadTime": {
            "median": 39390,
            "mean": 44846,
            "mdev": 4670.0888,
            "stddev": 8089,
            "min": 38866,
            "p10": 38866,
            "p90": 56281,
            "p99": 56281,
            "max": 56281
          },
          "redirectionTime": {
            "median": 419,
            "mean": 460,
            "mdev": 61.2197,
            "stddev": 106,
            "min": 355,
            "p10": 355,
            "p90": 605,
            "p99": 605,
            "max": 605
          },
          "serverConnectionTime": {
            "median": 0,
            "mean": 0,
            "mdev": 0,
            "stddev": 0,
            "min": 0,
            "p10": 0,
            "p90": 0,
            "p99": 0,
            "max": 0
          },
          "serverResponseTime": {
            "median": 218,
            "mean": 241,
            "mdev": 40.7276,
            "stddev": 71,
            "min": 169,
            "p10": 169,
            "p90": 337,
            "p99": 337,
            "max": 337
          }
        },
        "rumSpeedIndex": {
          "median": 673,
          "mean": 739,
          "mdev": 101.8783,
          "stddev": 176,
          "min": 563,
          "p10": 563,
          "p90": 980,
          "p99": 980,
          "max": 980
        },
        "timeToContentfulPaint": {
          "median": 4574,
          "mean": 5225,
          "mdev": 736.4139,
          "stddev": 1276,
          "min": 4093,
          "p10": 4093,
          "p90": 7007,
          "p99": 7007,
          "max": 7007
        },
        "timeToDomContentFlushed": {
          "median": 4339,
          "mean": 4859,
          "mdev": 630.3228,
          "stddev": 1092,
          "min": 3860,
          "p10": 3860,
          "p90": 6378,
          "p99": 6378,
          "max": 6378
        },
        "userTimings": {
          "marks": {
            "gpt-tag-load": {
              "median": 8962,
              "mean": 13127,
              "mdev": 3795.8854,
              "stddev": 6575,
              "min": 8010,
              "p10": 8010,
              "p90": 22409,
              "p99": 22409,
              "max": 22409
            },
            "gpt-first-ad-request": {
              "median": 13765,
              "mean": 17692,
              "mdev": 4071.0118,
              "stddev": 7051,
              "min": 11718,
              "p10": 11718,
              "p90": 27594,
              "p99": 27594,
              "max": 27594
            },
            "gpt-first-ad-render": {
              "median": 18876,
              "mean": 23385,
              "mdev": 4609.6155,
              "stddev": 7984,
              "min": 16674,
              "p10": 16674,
              "p90": 34604,
              "p99": 34604,
              "max": 34604
            }
          }
        }
      }
    }
  }
]