[
  {
    "info": {
      "browsertime": {
        "version": "8.4.0"
      },
      "url": "https://yahoo.co.jp/",
      "timestamp": "2021-03-30T17:35:06+04:00",
      "connectivity": {
        "engine": "external",
        "profile": "native"
      },
      "extra": {}
    },
    "files": {
      "video": [],
      "screenshot": [],
      "timeline": [],
      "consoleLog": [],
      "netLog": [],
      "perfLog": []
    },
    "cdp": {
      "performance": []
    },
    "timestamps": [
      "2021-03-30T17:34:47+04:00",
      "2021-03-30T17:35:12+04:00",
      "2021-03-30T17:35:36+04:00"
    ],
    "browserScripts": [
      {
        "browser": {
          "appConstants": {
            "ACCESSIBILITY": true,
            "ANDROID_PACKAGE_NAME": "org.mozilla.firefox",
            "ASAN": false,
            "ASAN_REPORTER": false,
            "BROWSER_CHROME_URL": "chrome://browser/content/browser.xul",
            "DEBUG": false,
            "DEBUG_JS_MODULES": "",
            "DLL_PREFIX": "lib",
            "DLL_SUFFIX": ".so",
            "EARLY_BETA_OR_EARLIER": false,
            "FENNEC_NIGHTLY": false,
            "HAVE_SHELL_SERVICE": false,
            "HAVE_USR_LIB64_DIR": false,
            "MENUBAR_CAN_AUTOHIDE": false,
            "MOZILLA_OFFICIAL": true,
            "MOZ_ALLOW_LEGACY_EXTENSIONS": false,
            "MOZ_ANDROID_ACTIVITY_STREAM": false,
            "MOZ_ANDROID_HISTORY": true,
            "MOZ_ANDROID_MOZILLA_ONLINE": false,
            "MOZ_APP_NAME": "fennec",
            "MOZ_APP_VERSION": "68.1.1",
            "MOZ_APP_VERSION_DISPLAY": "68.1.1",
            "MOZ_BING_API_CLIENTID": "no-bing-api-clientid",
            "MOZ_BING_API_KEY": "no-bing-api-key",
            "MOZ_BITS_DOWNLOAD": false,
            "MOZ_BUILD_APP": "mobile/android",
            "MOZ_CODE_COVERAGE": false,
            "MOZ_CRASHREPORTER": true,
            "MOZ_DATA_REPORTING": true,
            "MOZ_DEV_EDITION": false,
            "MOZ_GECKO_PROFILER": true,
            "MOZ_GOOGLE_LOCATION_SERVICE_API_KEY": "AIzaSyB2h2OuRcUgy5N-5hsZqiPW6sH3n_rptiQ",
            "MOZ_GOOGLE_SAFEBROWSING_API_KEY": "AIzaSyC7jsptDS3am4tPx4r3nxis7IMjBc5Dovo",
            "MOZ_GRAPHENE": false,
            "MOZ_MACBUNDLE_NAME": "Firefox.app",
            "MOZ_MAINTENANCE_SERVICE": false,
            "MOZ_MOZILLA_API_KEY": "3b4d27dd-703d-4094-8398-4de2c763505a",
            "MOZ_NEW_CERT_STORAGE": false,
            "MOZ_NEW_NOTIFICATION_STORE": false,
            "MOZ_NEW_XULSTORE": false,
            "MOZ_OFFICIAL_BRANDING": false,
            "MOZ_PLACES": false,
            "MOZ_REQUIRE_SIGNING": false,
            "MOZ_SANDBOX": false,
            "MOZ_SERVICES_HEALTHREPORT": true,
            "MOZ_SERVICES_SYNC": false,
            "MOZ_SWITCHBOARD": true,
            "MOZ_SYSTEM_NSS": false,
            "MOZ_TELEMETRY_ON_BY_DEFAULT": false,
            "MOZ_TELEMETRY_REPORTING": true,
            "MOZ_UNSIGNED_SCOPES": 0,
            "MOZ_UPDATER": false,
            "MOZ_UPDATE_CHANNEL": "release",
            "MOZ_WEBRTC": true,
            "MOZ_WIDGET_GTK": false,
            "MOZ_WIDGET_TOOLKIT": "android",
            "NIGHTLY_BUILD": false,
            "OMNIJAR_NAME": "assets/omni.ja",
            "RELEASE_OR_BETA": true,
            "SOURCE_REVISION_URL": "https://hg.mozilla.org/releases/mozilla-esr68/rev/d2e0b9e17b9bc1ef02606c8006b73293f7892ad5",
            "TELEMETRY_PING_FORMAT_VERSION": 4,
            "XP_UNIX": true,
            "isPlatformAndVersionAtLeast": {},
            "isPlatformAndVersionAtMost": {},
            "platform": "android"
          },
          "asyncAppConstants": {
            "ACCESSIBILITY": true,
            "ANDROID_PACKAGE_NAME": "org.mozilla.firefox",
            "ASAN": false,
            "ASAN_REPORTER": false,
            "BROWSER_CHROME_URL": "chrome://browser/content/browser.xul",
            "DEBUG": false,
            "DEBUG_JS_MODULES": "",
            "DLL_PREFIX": "lib",
            "DLL_SUFFIX": ".so",
            "EARLY_BETA_OR_EARLIER": false,
            "FENNEC_NIGHTLY": false,
            "HAVE_SHELL_SERVICE": false,
            "HAVE_USR_LIB64_DIR": false,
            "MENUBAR_CAN_AUTOHIDE": false,
            "MOZILLA_OFFICIAL": true,
            "MOZ_ALLOW_LEGACY_EXTENSIONS": false,
            "MOZ_ANDROID_ACTIVITY_STREAM": false,
            "MOZ_ANDROID_HISTORY": true,
            "MOZ_ANDROID_MOZILLA_ONLINE": false,
            "MOZ_APP_NAME": "fennec",
            "MOZ_APP_VERSION": "68.1.1",
            "MOZ_APP_VERSION_DISPLAY": "68.1.1",
            "MOZ_BING_API_CLIENTID": "no-bing-api-clientid",
            "MOZ_BING_API_KEY": "no-bing-api-key",
            "MOZ_BITS_DOWNLOAD": false,
            "MOZ_BUILD_APP": "mobile/android",
            "MOZ_CODE_COVERAGE": false,
            "MOZ_CRASHREPORTER": true,
            "MOZ_DATA_REPORTING": true,
            "MOZ_DEV_EDITION": false,
            "MOZ_GECKO_PROFILER": true,
            "MOZ_GOOGLE_LOCATION_SERVICE_API_KEY": "AIzaSyB2h2OuRcUgy5N-5hsZqiPW6sH3n_rptiQ",
            "MOZ_GOOGLE_SAFEBROWSING_API_KEY": "AIzaSyC7jsptDS3am4tPx4r3nxis7IMjBc5Dovo",
            "MOZ_GRAPHENE": false,
            "MOZ_MACBUNDLE_NAME": "Firefox.app",
            "MOZ_MAINTENANCE_SERVICE": false,
            "MOZ_MOZILLA_API_KEY": "3b4d27dd-703d-4094-8398-4de2c763505a",
            "MOZ_NEW_CERT_STORAGE": false,
            "MOZ_NEW_NOTIFICATION_STORE": false,
            "MOZ_NEW_XULSTORE": false,
            "MOZ_OFFICIAL_BRANDING": false,
            "MOZ_PLACES": false,
            "MOZ_REQUIRE_SIGNING": false,
            "MOZ_SANDBOX": false,
            "MOZ_SERVICES_HEALTHREPORT": true,
            "MOZ_SERVICES_SYNC": false,
            "MOZ_SWITCHBOARD": true,
            "MOZ_SYSTEM_NSS": false,
            "MOZ_TELEMETRY_ON_BY_DEFAULT": false,
            "MOZ_TELEMETRY_REPORTING": true,
            "MOZ_UNSIGNED_SCOPES": 0,
            "MOZ_UPDATER": false,
            "MOZ_UPDATE_CHANNEL": "release",
            "MOZ_WEBRTC": true,
            "MOZ_WIDGET_GTK": false,
            "MOZ_WIDGET_TOOLKIT": "android",
            "NIGHTLY_BUILD": false,
            "OMNIJAR_NAME": "assets/omni.ja",
            "RELEASE_OR_BETA": true,
            "SOURCE_REVISION_URL": "https://hg.mozilla.org/releases/mozilla-esr68/rev/d2e0b9e17b9bc1ef02606c8006b73293f7892ad5",
            "TELEMETRY_PING_FORMAT_VERSION": 4,
            "XP_UNIX": true,
            "isPlatformAndVersionAtLeast": {},
            "isPlatformAndVersionAtMost": {},
            "platform": "android"
          },
          "userAgent": "Mozilla/5.0 (Android 9; Mobile; rv:68.0) Gecko/68.0 Firefox/68.0",
          "windowSize": "360x612"
        },
        "pageinfo": {
          "documentHeight": 4893,
          "documentSize": {
            "decodedBodySize": 128764,
            "encodedBodySize": 30767,
            "transferSize": 31372
          },
          "documentTitle": "Yahoo! JAPAN",
          "documentWidth": 360,
          "domElements": 1201,
          "navigationStartTime": 1617111288227,
          "nextHopProtocol": "h2",
          "resources": {
            "count": 0,
            "duration": 0
          },
          "responsive": true,
          "url": "https://m.yahoo.co.jp/",
          "visualElements": {
            "heroes": [
              {
                "filename": "b?P=R0wiYTE4My5EcfUOYGMo.gFgOTEuMgAAAAAQB0cK&T=192g6iho2%2fX%3d1617111290%2fE%3d2080377422%2fR%3djp_s_t_web%2fK%3d5%2fV%3d10.1%2fW%3dC%2fY%3djp%2fF%3d513436081%2fH%3dc2VjdXJlPXRydWUgZHM9Ijg4MjMzXzIzNzQxMyIgYWRjdmVyPTYuOC4xIGRldmljZS1tb2RlbD0iQW5kcm9pZCIgZGV2aWNlLW9zLXZlcnNpb249IkFuZHJvaWQgMi4yIiBub3RodG1sLXBvcz1BVFc-%2fQ%3d-1%2fI%3d1%2fS%3d1%2fJ%3dF62B6364&U=13jev5niq%2fN%3d_8UgAGRjHHs-%2fC%3d301095369.301974265.303695806.318996290%2fD%3dATW%2fB%3d302551542&O=461201873",
                "height": 1,
                "name": "LargestImage",
                "width": 1,
                "x": 0,
                "y": 382
              },
              {
                "filename": null,
                "height": 22,
                "name": "Heading",
                "width": 284,
                "x": 68,
                "y": 556
              }
            ],
            "viewport": {
              "height": 612,
              "width": 360
            }
          }
        },
        "timings": {
          "firstPaint": 4705,
          "loadEventEnd": 12414,
          "navigationTiming": {
            "connectStart": 2106,
            "domComplete": 12378,
            "domContentLoadedEventEnd": 5281,
            "domContentLoadedEventStart": 5227,
            "domInteractive": 4829,
            "domainLookupEnd": 2106,
            "domainLookupStart": 2105,
            "duration": 12414,
            "fetchStart": 2072,
            "loadEventEnd": 12414,
            "loadEventStart": 12378,
            "redirectEnd": 2065,
            "redirectStart": 2,
            "requestStart": 2117,
            "responseEnd": 2367,
            "responseStart": 2367,
            "secureConnectionStart": 0,
            "startTime": 0,
            "unloadEventEnd": 0,
            "unloadEventStart": 0,
            "workerStart": 0
          },
          "pageTimings": {
            "backEndTime": 2367,
            "domContentLoadedTime": 5227,
            "domInteractiveTime": 4829,
            "domainLookupTime": 0,
            "frontEndTime": 10011,
            "pageDownloadTime": 0,
            "pageLoadTime": 12378,
            "redirectionTime": 2063,
            "serverConnectionTime": 0,
            "serverResponseTime": 250
          },
          "rumSpeedIndex": 2366,
          "timeToContentfulPaint": 4792,
          "timeToDomContentFlushed": 5102,
          "timeToFirstInteractive": 12232,
          "userTimings": {
            "marks": [],
            "measures": [
              {
                "duration": 5761.9800000000005,
                "name": "Next.js-before-hydration",
                "startTime": 0
              },
              {
                "duration": 195.2599999999993,
                "name": "Next.js-hydration",
                "startTime": 5761.9800000000005
              }
            ]
          }
        }
      },
      {
        "browser": {
          "appConstants": {
            "ACCESSIBILITY": true,
            "ANDROID_PACKAGE_NAME": "org.mozilla.firefox",
            "ASAN": false,
            "ASAN_REPORTER": false,
            "BROWSER_CHROME_URL": "chrome://browser/content/browser.xul",
            "DEBUG": false,
            "DEBUG_JS_MODULES": "",
            "DLL_PREFIX": "lib",
            "DLL_SUFFIX": ".so",
            "EARLY_BETA_OR_EARLIER": false,
            "FENNEC_NIGHTLY": false,
            "HAVE_SHELL_SERVICE": false,
            "HAVE_USR_LIB64_DIR": false,
            "MENUBAR_CAN_AUTOHIDE": false,
            "MOZILLA_OFFICIAL": true,
            "MOZ_ALLOW_LEGACY_EXTENSIONS": false,
            "MOZ_ANDROID_ACTIVITY_STREAM": false,
            "MOZ_ANDROID_HISTORY": true,
            "MOZ_ANDROID_MOZILLA_ONLINE": false,
            "MOZ_APP_NAME": "fennec",
            "MOZ_APP_VERSION": "68.1.1",
            "MOZ_APP_VERSION_DISPLAY": "68.1.1",
            "MOZ_BING_API_CLIENTID": "no-bing-api-clientid",
            "MOZ_BING_API_KEY": "no-bing-api-key",
            "MOZ_BITS_DOWNLOAD": false,
            "MOZ_BUILD_APP": "mobile/android",
            "MOZ_CODE_COVERAGE": false,
            "MOZ_CRASHREPORTER": true,
            "MOZ_DATA_REPORTING": true,
            "MOZ_DEV_EDITION": false,
            "MOZ_GECKO_PROFILER": true,
            "MOZ_GOOGLE_LOCATION_SERVICE_API_KEY": "AIzaSyB2h2OuRcUgy5N-5hsZqiPW6sH3n_rptiQ",
            "MOZ_GOOGLE_SAFEBROWSING_API_KEY": "AIzaSyC7jsptDS3am4tPx4r3nxis7IMjBc5Dovo",
            "MOZ_GRAPHENE": false,
            "MOZ_MACBUNDLE_NAME": "Firefox.app",
            "MOZ_MAINTENANCE_SERVICE": false,
            "MOZ_MOZILLA_API_KEY": "3b4d27dd-703d-4094-8398-4de2c763505a",
            "MOZ_NEW_CERT_STORAGE": false,
            "MOZ_NEW_NOTIFICATION_STORE": false,
            "MOZ_NEW_XULSTORE": false,
            "MOZ_OFFICIAL_BRANDING": false,
            "MOZ_PLACES": false,
            "MOZ_REQUIRE_SIGNING": false,
            "MOZ_SANDBOX": false,
            "MOZ_SERVICES_HEALTHREPORT": true,
            "MOZ_SERVICES_SYNC": false,
            "MOZ_SWITCHBOARD": true,
            "MOZ_SYSTEM_NSS": false,
            "MOZ_TELEMETRY_ON_BY_DEFAULT": false,
            "MOZ_TELEMETRY_REPORTING": true,
            "MOZ_UNSIGNED_SCOPES": 0,
            "MOZ_UPDATER": false,
            "MOZ_UPDATE_CHANNEL": "release",
            "MOZ_WEBRTC": true,
            "MOZ_WIDGET_GTK": false,
            "MOZ_WIDGET_TOOLKIT": "android",
            "NIGHTLY_BUILD": false,
            "OMNIJAR_NAME": "assets/omni.ja",
            "RELEASE_OR_BETA": true,
            "SOURCE_REVISION_URL": "https://hg.mozilla.org/releases/mozilla-esr68/rev/d2e0b9e17b9bc1ef02606c8006b73293f7892ad5",
            "TELEMETRY_PING_FORMAT_VERSION": 4,
            "XP_UNIX": true,
            "isPlatformAndVersionAtLeast": {},
            "isPlatformAndVersionAtMost": {},
            "platform": "android"
          },
          "asyncAppConstants": {
            "ACCESSIBILITY": true,
            "ANDROID_PACKAGE_NAME": "org.mozilla.firefox",
            "ASAN": false,
            "ASAN_REPORTER": false,
            "BROWSER_CHROME_URL": "chrome://browser/content/browser.xul",
            "DEBUG": false,
            "DEBUG_JS_MODULES": "",
            "DLL_PREFIX": "lib",
            "DLL_SUFFIX": ".so",
            "EARLY_BETA_OR_EARLIER": false,
            "FENNEC_NIGHTLY": false,
            "HAVE_SHELL_SERVICE": false,
            "HAVE_USR_LIB64_DIR": false,
            "MENUBAR_CAN_AUTOHIDE": false,
            "MOZILLA_OFFICIAL": true,
            "MOZ_ALLOW_LEGACY_EXTENSIONS": false,
            "MOZ_ANDROID_ACTIVITY_STREAM": false,
            "MOZ_ANDROID_HISTORY": true,
            "MOZ_ANDROID_MOZILLA_ONLINE": false,
            "MOZ_APP_NAME": "fennec",
            "MOZ_APP_VERSION": "68.1.1",
            "MOZ_APP_VERSION_DISPLAY": "68.1.1",
            "MOZ_BING_API_CLIENTID": "no-bing-api-clientid",
            "MOZ_BING_API_KEY": "no-bing-api-key",
            "MOZ_BITS_DOWNLOAD": false,
            "MOZ_BUILD_APP": "mobile/android",
            "MOZ_CODE_COVERAGE": false,
            "MOZ_CRASHREPORTER": true,
            "MOZ_DATA_REPORTING": true,
            "MOZ_DEV_EDITION": false,
            "MOZ_GECKO_PROFILER": true,
            "MOZ_GOOGLE_LOCATION_SERVICE_API_KEY": "AIzaSyB2h2OuRcUgy5N-5hsZqiPW6sH3n_rptiQ",
            "MOZ_GOOGLE_SAFEBROWSING_API_KEY": "AIzaSyC7jsptDS3am4tPx4r3nxis7IMjBc5Dovo",
            "MOZ_GRAPHENE": false,
            "MOZ_MACBUNDLE_NAME": "Firefox.app",
            "MOZ_MAINTENANCE_SERVICE": false,
            "MOZ_MOZILLA_API_KEY": "3b4d27dd-703d-4094-8398-4de2c763505a",
            "MOZ_NEW_CERT_STORAGE": false,
            "MOZ_NEW_NOTIFICATION_STORE": false,
            "MOZ_NEW_XULSTORE": false,
            "MOZ_OFFICIAL_BRANDING": false,
            "MOZ_PLACES": false,
            "MOZ_REQUIRE_SIGNING": false,
            "MOZ_SANDBOX": false,
            "MOZ_SERVICES_HEALTHREPORT": true,
            "MOZ_SERVICES_SYNC": false,
            "MOZ_SWITCHBOARD": true,
            "MOZ_SYSTEM_NSS": false,
            "MOZ_TELEMETRY_ON_BY_DEFAULT": false,
            "MOZ_TELEMETRY_REPORTING": true,
            "MOZ_UNSIGNED_SCOPES": 0,
            "MOZ_UPDATER": false,
            "MOZ_UPDATE_CHANNEL": "release",
            "MOZ_WEBRTC": true,
            "MOZ_WIDGET_GTK": false,
            "MOZ_WIDGET_TOOLKIT": "android",
            "NIGHTLY_BUILD": false,
            "OMNIJAR_NAME": "assets/omni.ja",
            "RELEASE_OR_BETA": true,
            "SOURCE_REVISION_URL": "https://hg.mozilla.org/releases/mozilla-esr68/rev/d2e0b9e17b9bc1ef02606c8006b73293f7892ad5",
            "TELEMETRY_PING_FORMAT_VERSION": 4,
            "XP_UNIX": true,
            "isPlatformAndVersionAtLeast": {},
            "isPlatformAndVersionAtMost": {},
            "platform": "android"
          },
          "userAgent": "Mozilla/5.0 (Android 9; Mobile; rv:68.0) Gecko/68.0 Firefox/68.0",
          "windowSize": "360x612"
        },
        "pageinfo": {
          "documentHeight": 4893,
          "documentSize": {
            "decodedBodySize": 153932,
            "encodedBodySize": 35020,
            "transferSize": 35625
          },
          "documentTitle": "Yahoo! JAPAN",
          "documentWidth": 360,
          "domElements": 1200,
          "navigationStartTime": 1617111313448,
          "nextHopProtocol": "h2",
          "resources": {
            "count": 0,
            "duration": 0
          },
          "responsive": true,
          "url": "https://m.yahoo.co.jp/",
          "visualElements": {
            "heroes": [
              {
                "filename": "b?P=IxzrAzE4My6__5ZsYGMpEgQ7OTEuMgAAAAARiFxg&T=191upmt2q%2fX%3d1617111315%2fE%3d2080377422%2fR%3djp_s_t_web%2fK%3d5%2fV%3d10.1%2fW%3dC%2fY%3djp%2fF%3d78097428%2fH%3dc2VjdXJlPXRydWUgZHM9Ijg4MjMzXzIzNzQxMyIgYWRjdmVyPTYuOC4xIGRldmljZS1tb2RlbD0iQW5kcm9pZCIgZGV2aWNlLW9zLXZlcnNpb249IkFuZHJvaWQgMi4yIiBub3RodG1sLXBvcz1BVFc-%2fQ%3d-1%2fI%3d1%2fS%3d1%2fJ%3dF62B6364&U=13j91m65g%2fN%3d6mYgAGRihTI-%2fC%3d301095688.301974584.303696259.318996290%2fD%3dATW%2fB%3d302552324&O=377924051",
                "height": 1,
                "name": "LargestImage",
                "width": 1,
                "x": 0,
                "y": 382
              },
              {
                "filename": null,
                "height": 22,
                "name": "Heading",
                "width": 284,
                "x": 68,
                "y": 556
              }
            ],
            "viewport": {
              "height": 612,
              "width": 360
            }
          }
        },
        "timings": {
          "firstPaint": 5357,
          "loadEventEnd": 11247,
          "navigationTiming": {
            "connectStart": 1675,
            "domComplete": 11232,
            "domContentLoadedEventEnd": 5453,
            "domContentLoadedEventStart": 5441,
            "domInteractive": 5130,
            "domainLookupEnd": 1675,
            "domainLookupStart": 1658,
            "duration": 11247,
            "fetchStart": 1621,
            "loadEventEnd": 11247,
            "loadEventStart": 11232,
            "redirectEnd": 1608,
            "redirectStart": 2,
            "requestStart": 2120,
            "responseEnd": 2696,
            "responseStart": 2696,
            "secureConnectionStart": 1847,
            "startTime": 0,
            "unloadEventEnd": 0,
            "unloadEventStart": 0,
            "workerStart": 0
          },
          "pageTimings": {
            "backEndTime": 2696,
            "domContentLoadedTime": 5441,
            "domInteractiveTime": 5130,
            "domainLookupTime": 16,
            "frontEndTime": 8536,
            "pageDownloadTime": 0,
            "pageLoadTime": 11232,
            "redirectionTime": 1606,
            "serverConnectionTime": 443,
            "serverResponseTime": 576
          },
          "rumSpeedIndex": 2695,
          "timeToContentfulPaint": 5587,
          "timeToDomContentFlushed": 5354,
          "timeToFirstInteractive": 11936,
          "userTimings": {
            "marks": [],
            "measures": [
              {
                "duration": 5956.5,
                "name": "Next.js-before-hydration",
                "startTime": 0
              },
              {
                "duration": 186.84000000000017,
                "name": "Next.js-hydration",
                "startTime": 5956.5
              }
            ]
          }
        }
      },
      {
        "browser": {
          "appConstants": {
            "ACCESSIBILITY": true,
            "ANDROID_PACKAGE_NAME": "org.mozilla.firefox",
            "ASAN": false,
            "ASAN_REPORTER": false,
            "BROWSER_CHROME_URL": "chrome://browser/content/browser.xul",
            "DEBUG": false,
            "DEBUG_JS_MODULES": "",
            "DLL_PREFIX": "lib",
            "DLL_SUFFIX": ".so",
            "EARLY_BETA_OR_EARLIER": false,
            "FENNEC_NIGHTLY": false,
            "HAVE_SHELL_SERVICE": false,
            "HAVE_USR_LIB64_DIR": false,
            "MENUBAR_CAN_AUTOHIDE": false,
            "MOZILLA_OFFICIAL": true,
            "MOZ_ALLOW_LEGACY_EXTENSIONS": false,
            "MOZ_ANDROID_ACTIVITY_STREAM": false,
            "MOZ_ANDROID_HISTORY": true,
            "MOZ_ANDROID_MOZILLA_ONLINE": false,
            "MOZ_APP_NAME": "fennec",
            "MOZ_APP_VERSION": "68.1.1",
            "MOZ_APP_VERSION_DISPLAY": "68.1.1",
            "MOZ_BING_API_CLIENTID": "no-bing-api-clientid",
            "MOZ_BING_API_KEY": "no-bing-api-key",
            "MOZ_BITS_DOWNLOAD": false,
            "MOZ_BUILD_APP": "mobile/android",
            "MOZ_CODE_COVERAGE": false,
            "MOZ_CRASHREPORTER": true,
            "MOZ_DATA_REPORTING": true,
            "MOZ_DEV_EDITION": false,
            "MOZ_GECKO_PROFILER": true,
            "MOZ_GOOGLE_LOCATION_SERVICE_API_KEY": "AIzaSyB2h2OuRcUgy5N-5hsZqiPW6sH3n_rptiQ",
            "MOZ_GOOGLE_SAFEBROWSING_API_KEY": "AIzaSyC7jsptDS3am4tPx4r3nxis7IMjBc5Dovo",
            "MOZ_GRAPHENE": false,
            "MOZ_MACBUNDLE_NAME": "Firefox.app",
            "MOZ_MAINTENANCE_SERVICE": false,
            "MOZ_MOZILLA_API_KEY": "3b4d27dd-703d-4094-8398-4de2c763505a",
            "MOZ_NEW_CERT_STORAGE": false,
            "MOZ_NEW_NOTIFICATION_STORE": false,
            "MOZ_NEW_XULSTORE": false,
            "MOZ_OFFICIAL_BRANDING": false,
            "MOZ_PLACES": false,
            "MOZ_REQUIRE_SIGNING": false,
            "MOZ_SANDBOX": false,
            "MOZ_SERVICES_HEALTHREPORT": true,
            "MOZ_SERVICES_SYNC": false,
            "MOZ_SWITCHBOARD": true,
            "MOZ_SYSTEM_NSS": false,
            "MOZ_TELEMETRY_ON_BY_DEFAULT": false,
            "MOZ_TELEMETRY_REPORTING": true,
            "MOZ_UNSIGNED_SCOPES": 0,
            "MOZ_UPDATER": false,
            "MOZ_UPDATE_CHANNEL": "release",
            "MOZ_WEBRTC": true,
            "MOZ_WIDGET_GTK": false,
            "MOZ_WIDGET_TOOLKIT": "android",
            "NIGHTLY_BUILD": false,
            "OMNIJAR_NAME": "assets/omni.ja",
            "RELEASE_OR_BETA": true,
            "SOURCE_REVISION_URL": "https://hg.mozilla.org/releases/mozilla-esr68/rev/d2e0b9e17b9bc1ef02606c8006b73293f7892ad5",
            "TELEMETRY_PING_FORMAT_VERSION": 4,
            "XP_UNIX": true,
            "isPlatformAndVersionAtLeast": {},
            "isPlatformAndVersionAtMost": {},
            "platform": "android"
          },
          "asyncAppConstants": {
            "ACCESSIBILITY": true,
            "ANDROID_PACKAGE_NAME": "org.mozilla.firefox",
            "ASAN": false,
            "ASAN_REPORTER": false,
            "BROWSER_CHROME_URL": "chrome://browser/content/browser.xul",
            "DEBUG": false,
            "DEBUG_JS_MODULES": "",
            "DLL_PREFIX": "lib",
            "DLL_SUFFIX": ".so",
            "EARLY_BETA_OR_EARLIER": false,
            "FENNEC_NIGHTLY": false,
            "HAVE_SHELL_SERVICE": false,
            "HAVE_USR_LIB64_DIR": false,
            "MENUBAR_CAN_AUTOHIDE": false,
            "MOZILLA_OFFICIAL": true,
            "MOZ_ALLOW_LEGACY_EXTENSIONS": false,
            "MOZ_ANDROID_ACTIVITY_STREAM": false,
            "MOZ_ANDROID_HISTORY": true,
            "MOZ_ANDROID_MOZILLA_ONLINE": false,
            "MOZ_APP_NAME": "fennec",
            "MOZ_APP_VERSION": "68.1.1",
            "MOZ_APP_VERSION_DISPLAY": "68.1.1",
            "MOZ_BING_API_CLIENTID": "no-bing-api-clientid",
            "MOZ_BING_API_KEY": "no-bing-api-key",
            "MOZ_BITS_DOWNLOAD": false,
            "MOZ_BUILD_APP": "mobile/android",
            "MOZ_CODE_COVERAGE": false,
            "MOZ_CRASHREPORTER": true,
            "MOZ_DATA_REPORTING": true,
            "MOZ_DEV_EDITION": false,
            "MOZ_GECKO_PROFILER": true,
            "MOZ_GOOGLE_LOCATION_SERVICE_API_KEY": "AIzaSyB2h2OuRcUgy5N-5hsZqiPW6sH3n_rptiQ",
            "MOZ_GOOGLE_SAFEBROWSING_API_KEY": "AIzaSyC7jsptDS3am4tPx4r3nxis7IMjBc5Dovo",
            "MOZ_GRAPHENE": false,
            "MOZ_MACBUNDLE_NAME": "Firefox.app",
            "MOZ_MAINTENANCE_SERVICE": false,
            "MOZ_MOZILLA_API_KEY": "3b4d27dd-703d-4094-8398-4de2c763505a",
            "MOZ_NEW_CERT_STORAGE": false,
            "MOZ_NEW_NOTIFICATION_STORE": false,
            "MOZ_NEW_XULSTORE": false,
            "MOZ_OFFICIAL_BRANDING": false,
            "MOZ_PLACES": false,
            "MOZ_REQUIRE_SIGNING": false,
            "MOZ_SANDBOX": false,
            "MOZ_SERVICES_HEALTHREPORT": true,
            "MOZ_SERVICES_SYNC": false,
            "MOZ_SWITCHBOARD": true,
            "MOZ_SYSTEM_NSS": false,
            "MOZ_TELEMETRY_ON_BY_DEFAULT": false,
            "MOZ_TELEMETRY_REPORTING": true,
            "MOZ_UNSIGNED_SCOPES": 0,
            "MOZ_UPDATER": false,
            "MOZ_UPDATE_CHANNEL": "release",
            "MOZ_WEBRTC": true,
            "MOZ_WIDGET_GTK": false,
            "MOZ_WIDGET_TOOLKIT": "android",
            "NIGHTLY_BUILD": false,
            "OMNIJAR_NAME": "assets/omni.ja",
            "RELEASE_OR_BETA": true,
            "SOURCE_REVISION_URL": "https://hg.mozilla.org/releases/mozilla-esr68/rev/d2e0b9e17b9bc1ef02606c8006b73293f7892ad5",
            "TELEMETRY_PING_FORMAT_VERSION": 4,
            "XP_UNIX": true,
            "isPlatformAndVersionAtLeast": {},
            "isPlatformAndVersionAtMost": {},
            "platform": "android"
          },
          "userAgent": "Mozilla/5.0 (Android 9; Mobile; rv:68.0) Gecko/68.0 Firefox/68.0",
          "windowSize": "360x612"
        },
        "pageinfo": {
          "documentHeight": 4893,
          "documentSize": {
            "decodedBodySize": 154307,
            "encodedBodySize": 35232,
            "transferSize": 35837
          },
          "documentTitle": "Yahoo! JAPAN",
          "documentWidth": 360,
          "domElements": 1200,
          "navigationStartTime": 1617111337142,
          "nextHopProtocol": "h2",
          "resources": {
            "count": 0,
            "duration": 0
          },
          "responsive": true,
          "url": "https://m.yahoo.co.jp/",
          "visualElements": {
            "heroes": [
              {
                "filename": "b?P=7DWAHzE4My5n_6UZYGMpKgIvOTEuMgAAAAAS8FuD&T=193772qte%2fX%3d1617111339%2fE%3d2080377422%2fR%3djp_s_t_web%2fK%3d5%2fV%3d10.1%2fW%3dC%2fY%3djp%2fF%3d2794513690%2fH%3dc2VjdXJlPXRydWUgZHM9Ijg4MjMzXzIzNzQxMyIgYWRjdmVyPTYuOC4xIGRldmljZS1tb2RlbD0iQW5kcm9pZCIgZGV2aWNlLW9zLXZlcnNpb249IkFuZHJvaWQgMi4yIiBub3RodG1sLXBvcz1BVFc-%2fQ%3d-1%2fI%3d1%2fS%3d1%2fJ%3dF62B6364&U=13j8on0df%2fN%3dbdEgAGRipXE-%2fC%3d301096921.301975819.303696732.318996290%2fD%3dATW%2fB%3d302553050&O=1821151521",
                "height": 1,
                "name": "LargestImage",
                "width": 1,
                "x": 0,
                "y": 382
              },
              {
                "filename": null,
                "height": 22,
                "name": "Heading",
                "width": 284,
                "x": 68,
                "y": 556
              }
            ],
            "viewport": {
              "height": 612,
              "width": 360
            }
          }
        },
        "timings": {
          "firstPaint": 5083,
          "loadEventEnd": 17143,
          "navigationTiming": {
            "connectStart": 2019,
            "domComplete": 17138,
            "domContentLoadedEventEnd": 5648,
            "domContentLoadedEventStart": 5600,
            "domInteractive": 5317,
            "domainLookupEnd": 2019,
            "domainLookupStart": 2018,
            "duration": 17143,
            "fetchStart": 1973,
            "loadEventEnd": 17143,
            "loadEventStart": 17138,
            "redirectEnd": 1959,
            "redirectStart": 2,
            "requestStart": 2027,
            "responseEnd": 2283,
            "responseStart": 2283,
            "secureConnectionStart": 0,
            "startTime": 0,
            "unloadEventEnd": 0,
            "unloadEventStart": 0,
            "workerStart": 0
          },
          "pageTimings": {
            "backEndTime": 2283,
            "domContentLoadedTime": 5600,
            "domInteractiveTime": 5317,
            "domainLookupTime": 0,
            "frontEndTime": 14855,
            "pageDownloadTime": 0,
            "pageLoadTime": 17138,
            "redirectionTime": 1957,
            "serverConnectionTime": 0,
            "serverResponseTime": 257
          },
          "rumSpeedIndex": 2283,
          "timeToContentfulPaint": 5204,
          "timeToDomContentFlushed": 5540,
          "timeToFirstInteractive": 17283,
          "userTimings": {
            "marks": [],
            "measures": [
              {
                "duration": 6113.7,
                "name": "Next.js-before-hydration",
                "startTime": 0
              },
              {
                "duration": 192.64000000000033,
                "name": "Next.js-hydration",
                "startTime": 6113.7
              }
            ]
          }
        }
      }
    ],
    "visualMetrics": [],
    "cpu": [],
    "extras": [
      {},
      {},
      {}
    ],
    "fullyLoaded": [],
    "errors": [
      [],
      [],
      []
    ],
    "statistics": {
      "browser": {
        "appConstants": {
          "MOZ_UNSIGNED_SCOPES": {
            "median": 0,
            "mean": 0,
            "mdev": 0,
            "stddev": 0,
            "min": 0,
            "p10": 0,
            "p90": 0,
            "p99": 0,
            "max": 0
          },
          "TELEMETRY_PING_FORMAT_VERSION": {
            "median": 4,
            "mean": 4,
            "mdev": 0,
            "stddev": 0,
            "min": 4,
            "p10": 4,
            "p90": 4,
            "p99": 4,
            "max": 4
          }
        },
        "asyncAppConstants": {
          "MOZ_UNSIGNED_SCOPES": {
            "median": 0,
            "mean": 0,
            "mdev": 0,
            "stddev": 0,
            "min": 0,
            "p10": 0,
            "p90": 0,
            "p99": 0,
            "max": 0
          },
          "TELEMETRY_PING_FORMAT_VERSION": {
            "median": 4,
            "mean": 4,
            "mdev": 0,
            "stddev": 0,
            "min": 4,
            "p10": 4,
            "p90": 4,
            "p99": 4,
            "max": 4
          }
        }
      },
      "pageinfo": {
        "documentHeight": {
          "median": 4893,
          "mean": 4893,
          "mdev": 0,
          "stddev": 0,
          "min": 4893,
          "p10": 4893,
          "p90": 4893,
          "p99": 4893,
          "max": 4893
        },
        "documentSize": {
          "decodedBodySize": {
            "median": 153932,
            "mean": 145668,
            "mdev": 6901.459,
            "stddev": 11954,
            "min": 128764,
            "p10": 128764,
            "p90": 154307,
            "p99": 154307,
            "max": 154307
          },
          "encodedBodySize": {
            "median": 35020,
            "mean": 33673,
            "mdev": 1187.4214,
            "stddev": 2057,
            "min": 30767,
            "p10": 30767,
            "p90": 35232,
            "p99": 35232,
            "max": 35232
          },
          "transferSize": {
            "median": 35625,
            "mean": 34278,
            "mdev": 1187.4214,
            "stddev": 2057,
            "min": 31372,
            "p10": 31372,
            "p90": 35837,
            "p99": 35837,
            "max": 35837
          }
        },
        "documentWidth": {
          "median": 360,
          "mean": 360,
          "mdev": 0,
          "stddev": 0,
          "min": 360,
          "p10": 360,
          "p90": 360,
          "p99": 360,
          "max": 360
        },
        "domElements": {
          "median": 1200,
          "mean": 1200,
          "mdev": 0.2722,
          "stddev": 0,
          "min": 1200,
          "p10": 1200,
          "p90": 1201,
          "p99": 1201,
          "max": 1201
        },
        "navigationStartTime": {
          "median": 1617111313448,
          "mean": 1617111312939,
          "mdev": 12612.4091,
          "stddev": 21845,
          "min": 1617111288227,
          "p10": 1617111288227,
          "p90": 1617111337142,
          "p99": 1617111337142,
          "max": 1617111337142
        },
        "resources": {
          "count": {
            "median": 0,
            "mean": 0,
            "mdev": 0,
            "stddev": 0,
            "min": 0,
            "p10": 0,
            "p90": 0,
            "p99": 0,
            "max": 0
          },
          "duration": {
            "median": 0,
            "mean": 0,
            "mdev": 0,
            "stddev": 0,
            "min": 0,
            "p10": 0,
            "p90": 0,
            "p99": 0,
            "max": 0
          }
        },
        "visualElements": {
          "heroes": [
            {
              "height": {
                "median": 1,
                "mean": 1,
                "mdev": 0,
                "stddev": 0,
                "min": 1,
                "p10": 1,
                "p90": 1,
                "p99": 1,
                "max": 1
              },
              "width": {
                "median": 1,
                "mean": 1,
                "mdev": 0,
                "stddev": 0,
                "min": 1,
                "p10": 1,
                "p90": 1,
                "p99": 1,
                "max": 1
              },
              "x": {
                "median": 0,
                "mean": 0,
                "mdev": 0,
                "stddev": 0,
                "min": 0,
                "p10": 0,
                "p90": 0,
                "p99": 0,
                "max": 0
              },
              "y": {
                "median": 382,
                "mean": 382,
                "mdev": 0,
                "stddev": 0,
                "min": 382,
                "p10": 382,
                "p90": 382,
                "p99": 382,
                "max": 382
              }
            },
            {
              "height": {
                "median": 22,
                "mean": 22,
                "mdev": 0,
                "stddev": 0,
                "min": 22,
                "p10": 22,
                "p90": 22,
                "p99": 22,
                "max": 22
              },
              "width": {
                "median": 284,
                "mean": 284,
                "mdev": 0,
                "stddev": 0,
                "min": 284,
                "p10": 284,
                "p90": 284,
                "p99": 284,
                "max": 284
              },
              "x": {
                "median": 68,
                "mean": 68,
                "mdev": 0,
                "stddev": 0,
                "min": 68,
                "p10": 68,
                "p90": 68,
                "p99": 68,
                "max": 68
              },
              "y": {
                "median": 556,
                "mean": 556,
                "mdev": 0,
                "stddev": 0,
                "min": 556,
                "p10": 556,
                "p90": 556,
                "p99": 556,
                "max": 556
              }
            }
          ],
          "viewport": {
            "height": {
              "median": 612,
              "mean": 612,
              "mdev": 0,
              "stddev": 0,
              "min": 612,
              "p10": 612,
              "p90": 612,
              "p99": 612,
              "max": 612
            },
            "width": {
              "median": 360,
              "mean": 360,
              "mdev": 0,
              "stddev": 0,
              "min": 360,
              "p10": 360,
              "p90": 360,
              "p99": 360,
              "max": 360
            }
          }
        }
      },
      "timings": {
        "firstPaint": {
          "median": 5083,
          "mean": 5048,
          "mdev": 154.3282,
          "stddev": 267,
          "min": 4705,
          "p10": 4705,
          "p90": 5357,
          "p99": 5357,
          "max": 5357
        },
        "loadEventEnd": {
          "median": 12414,
          "mean": 13601,
          "mdev": 1471.811,
          "stddev": 2549,
          "min": 11247,
          "p10": 11247,
          "p90": 17143,
          "p99": 17143,
          "max": 17143
        },
        "navigationTiming": {
          "connectStart": {
            "median": 2019,
            "mean": 1933,
            "mdev": 107.4392,
            "stddev": 186,
            "min": 1675,
            "p10": 1675,
            "p90": 2106,
            "p99": 2106,
            "max": 2106
          },
          "domComplete": {
            "median": 12378,
            "mean": 13583,
            "mdev": 1476.3789,
            "stddev": 2557,
            "min": 11232,
            "p10": 11232,
            "p90": 17138,
            "p99": 17138,
            "max": 17138
          },
          "domContentLoadedEventEnd": {
            "median": 5453,
            "mean": 5461,
            "mdev": 86.5593,
            "stddev": 150,
            "min": 5281,
            "p10": 5281,
            "p90": 5648,
            "p99": 5648,
            "max": 5648
          },
          "domContentLoadedEventStart": {
            "median": 5441,
            "mean": 5423,
            "mdev": 88.235,
            "stddev": 153,
            "min": 5227,
            "p10": 5227,
            "p90": 5600,
            "p99": 5600,
            "max": 5600
          },
          "domInteractive": {
            "median": 5130,
            "mean": 5092,
            "mdev": 116.0642,
            "stddev": 201,
            "min": 4829,
            "p10": 4829,
            "p90": 5317,
            "p99": 5317,
            "max": 5317
          },
          "domainLookupEnd": {
            "median": 2019,
            "mean": 1933,
            "mdev": 107.4392,
            "stddev": 186,
            "min": 1675,
            "p10": 1675,
            "p90": 2106,
            "p99": 2106,
            "max": 2106
          },
          "domainLookupStart": {
            "median": 2018,
            "mean": 1927,
            "mdev": 111.7169,
            "stddev": 193,
            "min": 1658,
            "p10": 1658,
            "p90": 2105,
            "p99": 2105,
            "max": 2105
          },
          "duration": {
            "median": 12414,
            "mean": 13601,
            "mdev": 1471.811,
            "stddev": 2549,
            "min": 11247,
            "p10": 11247,
            "p90": 17143,
            "p99": 17143,
            "max": 17143
          },
          "fetchStart": {
            "median": 1973,
            "mean": 1889,
            "mdev": 111.7381,
            "stddev": 194,
            "min": 1621,
            "p10": 1621,
            "p90": 2072,
            "p99": 2072,
            "max": 2072
          },
          "loadEventEnd": {
            "median": 12414,
            "mean": 13601,
            "mdev": 1471.811,
            "stddev": 2549,
            "min": 11247,
            "p10": 11247,
            "p90": 17143,
            "p99": 17143,
            "max": 17143
          },
          "loadEventStart": {
            "median": 12378,
            "mean": 13583,
            "mdev": 1476.3789,
            "stddev": 2557,
            "min": 11232,
            "p10": 11232,
            "p90": 17138,
            "p99": 17138,
            "max": 17138
          },
          "redirectEnd": {
            "median": 1959,
            "mean": 1877,
            "mdev": 112.7577,
            "stddev": 195,
            "min": 1608,
            "p10": 1608,
            "p90": 2065,
            "p99": 2065,
            "max": 2065
          },
          "redirectStart": {
            "median": 2,
            "mean": 2,
            "mdev": 0,
            "stddev": 0,
            "min": 2,
            "p10": 2,
            "p90": 2,
            "p99": 2,
            "max": 2
          },
          "requestStart": {
            "median": 2117,
            "mean": 2088,
            "mdev": 24.9132,
            "stddev": 43,
            "min": 2027,
            "p10": 2027,
            "p90": 2120,
            "p99": 2120,
            "max": 2120
          },
          "responseEnd": {
            "median": 2367,
            "mean": 2449,
            "mdev": 102.8962,
            "stddev": 178,
            "min": 2283,
            "p10": 2283,
            "p90": 2696,
            "p99": 2696,
            "max": 2696
          },
          "responseStart": {
            "median": 2367,
            "mean": 2449,
            "mdev": 102.8962,
            "stddev": 178,
            "min": 2283,
            "p10": 2283,
            "p90": 2696,
            "p99": 2696,
            "max": 2696
          },
          "secureConnectionStart": {
            "median": 0,
            "mean": 616,
            "mdev": 502.6897,
            "stddev": 871,
            "min": 0,
            "p10": 0,
            "p90": 1847,
            "p99": 1847,
            "max": 1847
          },
          "startTime": {
            "median": 0,
            "mean": 0,
            "mdev": 0,
            "stddev": 0,
            "min": 0,
            "p10": 0,
            "p90": 0,
            "p99": 0,
            "max": 0
          },
          "unloadEventEnd": {
            "median": 0,
            "mean": 0,
            "mdev": 0,
            "stddev": 0,
            "min": 0,
            "p10": 0,
            "p90": 0,
            "p99": 0,
            "max": 0
          },
          "unloadEventStart": {
            "median": 0,
            "mean": 0,
            "mdev": 0,
            "stddev": 0,
            "min": 0,
            "p10": 0,
            "p90": 0,
            "p99": 0,
            "max": 0
          },
          "workerStart": {
            "median": 0,
            "mean": 0,
            "mdev": 0,
            "stddev": 0,
            "min": 0,
            "p10": 0,
            "p90": 0,
            "p99": 0,
            "max": 0
          }
        },
        "pageTimings": {
          "backEndTime": {
            "median": 2367,
            "mean": 2449,
            "mdev": 102.8962,
            "stddev": 178,
            "min": 2283,
            "p10": 2283,
            "p90": 2696,
            "p99": 2696,
            "max": 2696
          },
          "domContentLoadedTime": {
            "median": 5441,
            "mean": 5423,
            "mdev": 88.235,
            "stddev": 153,
            "min": 5227,
            "p10": 5227,
            "p90": 5600,
            "p99": 5600,
            "max": 5600
          },
          "domInteractiveTime": {
            "median": 5130,
            "mean": 5092,
            "mdev": 116.0642,
            "stddev": 201,
            "min": 4829,
            "p10": 4829,
            "p90": 5317,
            "p99": 5317,
            "max": 5317
          },
          "domainLookupTime": {
            "median": 0,
            "mean": 5,
            "mdev": 4.3546,
            "stddev": 8,
            "min": 0,
            "p10": 0,
            "p90": 16,
            "p99": 16,
            "max": 16
          },
          "frontEndTime": {
            "median": 10011,
            "mean": 11134,
            "mdev": 1558.3672,
            "stddev": 2699,
            "min": 8536,
            "p10": 8536,
            "p90": 14855,
            "p99": 14855,
            "max": 14855
          },
          "pageDownloadTime": {
            "median": 0,
            "mean": 0,
            "mdev": 0,
            "stddev": 0,
            "min": 0,
            "p10": 0,
            "p90": 0,
            "p99": 0,
            "max": 0
          },
          "pageLoadTime": {
            "median": 12378,
            "mean": 13583,
            "mdev": 1476.3789,
            "stddev": 2557,
            "min": 11232,
            "p10": 11232,
            "p90": 17138,
            "p99": 17138,
            "max": 17138
          },
          "redirectionTime": {
            "median": 1957,
            "mean": 1875,
            "mdev": 112.7577,
            "stddev": 195,
            "min": 1606,
            "p10": 1606,
            "p90": 2063,
            "p99": 2063,
            "max": 2063
          },
          "serverConnectionTime": {
            "median": 0,
            "mean": 148,
            "mdev": 120.5693,
            "stddev": 209,
            "min": 0,
            "p10": 0,
            "p90": 443,
            "p99": 443,
            "max": 443
          },
          "serverResponseTime": {
            "median": 257,
            "mean": 361,
            "mdev": 87.7889,
            "stddev": 152,
            "min": 250,
            "p10": 250,
            "p90": 576,
            "p99": 576,
            "max": 576
          }
        },
        "rumSpeedIndex": {
          "median": 2366,
          "mean": 2448,
          "mdev": 102.7175,
          "stddev": 178,
          "min": 2283,
          "p10": 2283,
          "p90": 2695,
          "p99": 2695,
          "max": 2695
        },
        "timeToContentfulPaint": {
          "median": 5204,
          "mean": 5194,
          "mdev": 187.4248,
          "stddev": 325,
          "min": 4792,
          "p10": 4792,
          "p90": 5587,
          "p99": 5587,
          "max": 5587
        },
        "timeToDomContentFlushed": {
          "median": 5354,
          "mean": 5332,
          "mdev": 103.6275,
          "stddev": 179,
          "min": 5102,
          "p10": 5102,
          "p90": 5540,
          "p99": 5540,
          "max": 5540
        },
        "timeToFirstInteractive": {
          "median": 12232,
          "mean": 13817,
          "mdev": 1416.7075,
          "stddev": 2454,
          "min": 11936,
          "p10": 11936,
          "p90": 17283,
          "p99": 17283,
          "max": 17283
        },
        "userTimings": {
          "measures": {
            "Next.js-before-hydration": {
              "median": 5957,
              "mean": 5944,
              "mdev": 83.0566,
              "stddev": 144,
              "min": 5762,
              "p10": 5762,
              "p90": 6114,
              "p99": 6114,
              "max": 6114
            },
            "Next.js-hydration": {
              "median": 193,
              "mean": 192,
              "mdev": 2.0312,
              "stddev": 4,
              "min": 187,
              "p10": 187,
              "p90": 195,
              "p99": 195,
              "max": 195
            }
          }
        }
      }
    }
  }
]