[
  {
    "info": {
      "browsertime": {
        "version": "8.4.0"
      },
      "url": "https://www.cricbuzz.com/",
      "timestamp": "2021-03-30T08:21:14+04:00",
      "connectivity": {
        "engine": "external",
        "profile": "native"
      },
      "extra": {}
    },
    "files": {
      "video": [],
      "screenshot": [],
      "timeline": [],
      "consoleLog": [],
      "netLog": [],
      "perfLog": []
    },
    "cdp": {
      "performance": []
    },
    "timestamps": [
      "2021-03-30T08:20:46+04:00",
      "2021-03-30T08:21:25+04:00",
      "2021-03-30T08:22:16+04:00"
    ],
    "browserScripts": [
      {
        "browser": {
          "appConstants": {
            "ACCESSIBILITY": true,
            "ANDROID_PACKAGE_NAME": "org.mozilla.firefox",
            "ASAN": false,
            "ASAN_REPORTER": false,
            "BROWSER_CHROME_URL": "chrome://browser/content/browser.xul",
            "DEBUG": false,
            "DEBUG_JS_MODULES": "",
            "DLL_PREFIX": "lib",
            "DLL_SUFFIX": ".so",
            "EARLY_BETA_OR_EARLIER": false,
            "FENNEC_NIGHTLY": false,
            "HAVE_SHELL_SERVICE": false,
            "HAVE_USR_LIB64_DIR": false,
            "MENUBAR_CAN_AUTOHIDE": false,
            "MOZILLA_OFFICIAL": true,
            "MOZ_ALLOW_LEGACY_EXTENSIONS": false,
            "MOZ_ANDROID_ACTIVITY_STREAM": false,
            "MOZ_ANDROID_HISTORY": true,
            "MOZ_ANDROID_MOZILLA_ONLINE": false,
            "MOZ_APP_NAME": "fennec",
            "MOZ_APP_VERSION": "68.1.1",
            "MOZ_APP_VERSION_DISPLAY": "68.1.1",
            "MOZ_BING_API_CLIENTID": "no-bing-api-clientid",
            "MOZ_BING_API_KEY": "no-bing-api-key",
            "MOZ_BITS_DOWNLOAD": false,
            "MOZ_BUILD_APP": "mobile/android",
            "MOZ_CODE_COVERAGE": false,
            "MOZ_CRASHREPORTER": true,
            "MOZ_DATA_REPORTING": true,
            "MOZ_DEV_EDITION": false,
            "MOZ_GECKO_PROFILER": true,
            "MOZ_GOOGLE_LOCATION_SERVICE_API_KEY": "AIzaSyB2h2OuRcUgy5N-5hsZqiPW6sH3n_rptiQ",
            "MOZ_GOOGLE_SAFEBROWSING_API_KEY": "AIzaSyC7jsptDS3am4tPx4r3nxis7IMjBc5Dovo",
            "MOZ_GRAPHENE": false,
            "MOZ_MACBUNDLE_NAME": "Firefox.app",
            "MOZ_MAINTENANCE_SERVICE": false,
            "MOZ_MOZILLA_API_KEY": "3b4d27dd-703d-4094-8398-4de2c763505a",
            "MOZ_NEW_CERT_STORAGE": false,
            "MOZ_NEW_NOTIFICATION_STORE": false,
            "MOZ_NEW_XULSTORE": false,
            "MOZ_OFFICIAL_BRANDING": false,
            "MOZ_PLACES": false,
            "MOZ_REQUIRE_SIGNING": false,
            "MOZ_SANDBOX": false,
            "MOZ_SERVICES_HEALTHREPORT": true,
            "MOZ_SERVICES_SYNC": false,
            "MOZ_SWITCHBOARD": true,
            "MOZ_SYSTEM_NSS": false,
            "MOZ_TELEMETRY_ON_BY_DEFAULT": false,
            "MOZ_TELEMETRY_REPORTING": true,
            "MOZ_UNSIGNED_SCOPES": 0,
            "MOZ_UPDATER": false,
            "MOZ_UPDATE_CHANNEL": "release",
            "MOZ_WEBRTC": true,
            "MOZ_WIDGET_GTK": false,
            "MOZ_WIDGET_TOOLKIT": "android",
            "NIGHTLY_BUILD": false,
            "OMNIJAR_NAME": "assets/omni.ja",
            "RELEASE_OR_BETA": true,
            "SOURCE_REVISION_URL": "https://hg.mozilla.org/releases/mozilla-esr68/rev/d2e0b9e17b9bc1ef02606c8006b73293f7892ad5",
            "TELEMETRY_PING_FORMAT_VERSION": 4,
            "XP_UNIX": true,
            "isPlatformAndVersionAtLeast": {},
            "isPlatformAndVersionAtMost": {},
            "platform": "android"
          },
          "asyncAppConstants": {
            "ACCESSIBILITY": true,
            "ANDROID_PACKAGE_NAME": "org.mozilla.firefox",
            "ASAN": false,
            "ASAN_REPORTER": false,
            "BROWSER_CHROME_URL": "chrome://browser/content/browser.xul",
            "DEBUG": false,
            "DEBUG_JS_MODULES": "",
            "DLL_PREFIX": "lib",
            "DLL_SUFFIX": ".so",
            "EARLY_BETA_OR_EARLIER": false,
            "FENNEC_NIGHTLY": false,
            "HAVE_SHELL_SERVICE": false,
            "HAVE_USR_LIB64_DIR": false,
            "MENUBAR_CAN_AUTOHIDE": false,
            "MOZILLA_OFFICIAL": true,
            "MOZ_ALLOW_LEGACY_EXTENSIONS": false,
            "MOZ_ANDROID_ACTIVITY_STREAM": false,
            "MOZ_ANDROID_HISTORY": true,
            "MOZ_ANDROID_MOZILLA_ONLINE": false,
            "MOZ_APP_NAME": "fennec",
            "MOZ_APP_VERSION": "68.1.1",
            "MOZ_APP_VERSION_DISPLAY": "68.1.1",
            "MOZ_BING_API_CLIENTID": "no-bing-api-clientid",
            "MOZ_BING_API_KEY": "no-bing-api-key",
            "MOZ_BITS_DOWNLOAD": false,
            "MOZ_BUILD_APP": "mobile/android",
            "MOZ_CODE_COVERAGE": false,
            "MOZ_CRASHREPORTER": true,
            "MOZ_DATA_REPORTING": true,
            "MOZ_DEV_EDITION": false,
            "MOZ_GECKO_PROFILER": true,
            "MOZ_GOOGLE_LOCATION_SERVICE_API_KEY": "AIzaSyB2h2OuRcUgy5N-5hsZqiPW6sH3n_rptiQ",
            "MOZ_GOOGLE_SAFEBROWSING_API_KEY": "AIzaSyC7jsptDS3am4tPx4r3nxis7IMjBc5Dovo",
            "MOZ_GRAPHENE": false,
            "MOZ_MACBUNDLE_NAME": "Firefox.app",
            "MOZ_MAINTENANCE_SERVICE": false,
            "MOZ_MOZILLA_API_KEY": "3b4d27dd-703d-4094-8398-4de2c763505a",
            "MOZ_NEW_CERT_STORAGE": false,
            "MOZ_NEW_NOTIFICATION_STORE": false,
            "MOZ_NEW_XULSTORE": false,
            "MOZ_OFFICIAL_BRANDING": false,
            "MOZ_PLACES": false,
            "MOZ_REQUIRE_SIGNING": false,
            "MOZ_SANDBOX": false,
            "MOZ_SERVICES_HEALTHREPORT": true,
            "MOZ_SERVICES_SYNC": false,
            "MOZ_SWITCHBOARD": true,
            "MOZ_SYSTEM_NSS": false,
            "MOZ_TELEMETRY_ON_BY_DEFAULT": false,
            "MOZ_TELEMETRY_REPORTING": true,
            "MOZ_UNSIGNED_SCOPES": 0,
            "MOZ_UPDATER": false,
            "MOZ_UPDATE_CHANNEL": "release",
            "MOZ_WEBRTC": true,
            "MOZ_WIDGET_GTK": false,
            "MOZ_WIDGET_TOOLKIT": "android",
            "NIGHTLY_BUILD": false,
            "OMNIJAR_NAME": "assets/omni.ja",
            "RELEASE_OR_BETA": true,
            "SOURCE_REVISION_URL": "https://hg.mozilla.org/releases/mozilla-esr68/rev/d2e0b9e17b9bc1ef02606c8006b73293f7892ad5",
            "TELEMETRY_PING_FORMAT_VERSION": 4,
            "XP_UNIX": true,
            "isPlatformAndVersionAtLeast": {},
            "isPlatformAndVersionAtMost": {},
            "platform": "android"
          },
          "userAgent": "Mozilla/5.0 (Android 8.1.0; Mobile; rv:68.0) Gecko/68.0 Firefox/68.0",
          "windowSize": "360x560"
        },
        "pageinfo": {
          "documentHeight": 3149,
          "documentSize": {
            "decodedBodySize": 32803,
            "encodedBodySize": 8487,
            "transferSize": 8746
          },
          "documentTitle": "Cricket Score, Schedule, Latest News, Stats &amp; Videos - Cricbuzz",
          "documentWidth": 360,
          "domElements": 407,
          "navigationStartTime": 1617078046645,
          "nextHopProtocol": "h2",
          "resources": {
            "count": 0,
            "duration": 0
          },
          "responsive": true,
          "url": "https://m.cricbuzz.com/",
          "visualElements": {
            "heroes": [
              {
                "filename": "cb_logo_new.png",
                "height": 30,
                "name": "LargestImage",
                "width": 100,
                "x": 10,
                "y": 60
              }
            ],
            "viewport": {
              "height": 560,
              "width": 360
            }
          }
        },
        "timings": {
          "firstPaint": 910,
          "loadEventEnd": 20415,
          "navigationTiming": {
            "connectStart": 521,
            "domComplete": 20399,
            "domContentLoadedEventEnd": 1090,
            "domContentLoadedEventStart": 1081,
            "domInteractive": 877,
            "domainLookupEnd": 521,
            "domainLookupStart": 521,
            "duration": 20415,
            "fetchStart": 505,
            "loadEventEnd": 20415,
            "loadEventStart": 20399,
            "redirectEnd": 502,
            "redirectStart": 3,
            "requestStart": 570,
            "responseEnd": 601,
            "responseStart": 599,
            "secureConnectionStart": 0,
            "startTime": 0,
            "unloadEventEnd": 0,
            "unloadEventStart": 0,
            "workerStart": 0
          },
          "pageTimings": {
            "backEndTime": 599,
            "domContentLoadedTime": 1081,
            "domInteractiveTime": 877,
            "domainLookupTime": 0,
            "frontEndTime": 19798,
            "pageDownloadTime": 2,
            "pageLoadTime": 20399,
            "redirectionTime": 499,
            "serverConnectionTime": 0,
            "serverResponseTime": 31
          },
          "rumSpeedIndex": 598,
          "timeToContentfulPaint": 1153,
          "timeToDomContentFlushed": 876,
          "timeToFirstInteractive": 19138,
          "userTimings": {
            "marks": [
              {
                "name": "gpt-tag-load",
                "startTime": 2975.48
              },
              {
                "name": "gpt-first-ad-request",
                "startTime": 3926.98
              },
              {
                "name": "gpt-first-ad-render",
                "startTime": 4709.88
              }
            ],
            "measures": []
          }
        }
      },
      {
        "browser": {
          "appConstants": {
            "ACCESSIBILITY": true,
            "ANDROID_PACKAGE_NAME": "org.mozilla.firefox",
            "ASAN": false,
            "ASAN_REPORTER": false,
            "BROWSER_CHROME_URL": "chrome://browser/content/browser.xul",
            "DEBUG": false,
            "DEBUG_JS_MODULES": "",
            "DLL_PREFIX": "lib",
            "DLL_SUFFIX": ".so",
            "EARLY_BETA_OR_EARLIER": false,
            "FENNEC_NIGHTLY": false,
            "HAVE_SHELL_SERVICE": false,
            "HAVE_USR_LIB64_DIR": false,
            "MENUBAR_CAN_AUTOHIDE": false,
            "MOZILLA_OFFICIAL": true,
            "MOZ_ALLOW_LEGACY_EXTENSIONS": false,
            "MOZ_ANDROID_ACTIVITY_STREAM": false,
            "MOZ_ANDROID_HISTORY": true,
            "MOZ_ANDROID_MOZILLA_ONLINE": false,
            "MOZ_APP_NAME": "fennec",
            "MOZ_APP_VERSION": "68.1.1",
            "MOZ_APP_VERSION_DISPLAY": "68.1.1",
            "MOZ_BING_API_CLIENTID": "no-bing-api-clientid",
            "MOZ_BING_API_KEY": "no-bing-api-key",
            "MOZ_BITS_DOWNLOAD": false,
            "MOZ_BUILD_APP": "mobile/android",
            "MOZ_CODE_COVERAGE": false,
            "MOZ_CRASHREPORTER": true,
            "MOZ_DATA_REPORTING": true,
            "MOZ_DEV_EDITION": false,
            "MOZ_GECKO_PROFILER": true,
            "MOZ_GOOGLE_LOCATION_SERVICE_API_KEY": "AIzaSyB2h2OuRcUgy5N-5hsZqiPW6sH3n_rptiQ",
            "MOZ_GOOGLE_SAFEBROWSING_API_KEY": "AIzaSyC7jsptDS3am4tPx4r3nxis7IMjBc5Dovo",
            "MOZ_GRAPHENE": false,
            "MOZ_MACBUNDLE_NAME": "Firefox.app",
            "MOZ_MAINTENANCE_SERVICE": false,
            "MOZ_MOZILLA_API_KEY": "3b4d27dd-703d-4094-8398-4de2c763505a",
            "MOZ_NEW_CERT_STORAGE": false,
            "MOZ_NEW_NOTIFICATION_STORE": false,
            "MOZ_NEW_XULSTORE": false,
            "MOZ_OFFICIAL_BRANDING": false,
            "MOZ_PLACES": false,
            "MOZ_REQUIRE_SIGNING": false,
            "MOZ_SANDBOX": false,
            "MOZ_SERVICES_HEALTHREPORT": true,
            "MOZ_SERVICES_SYNC": false,
            "MOZ_SWITCHBOARD": true,
            "MOZ_SYSTEM_NSS": false,
            "MOZ_TELEMETRY_ON_BY_DEFAULT": false,
            "MOZ_TELEMETRY_REPORTING": true,
            "MOZ_UNSIGNED_SCOPES": 0,
            "MOZ_UPDATER": false,
            "MOZ_UPDATE_CHANNEL": "release",
            "MOZ_WEBRTC": true,
            "MOZ_WIDGET_GTK": false,
            "MOZ_WIDGET_TOOLKIT": "android",
            "NIGHTLY_BUILD": false,
            "OMNIJAR_NAME": "assets/omni.ja",
            "RELEASE_OR_BETA": true,
            "SOURCE_REVISION_URL": "https://hg.mozilla.org/releases/mozilla-esr68/rev/d2e0b9e17b9bc1ef02606c8006b73293f7892ad5",
            "TELEMETRY_PING_FORMAT_VERSION": 4,
            "XP_UNIX": true,
            "isPlatformAndVersionAtLeast": {},
            "isPlatformAndVersionAtMost": {},
            "platform": "android"
          },
          "asyncAppConstants": {
            "ACCESSIBILITY": true,
            "ANDROID_PACKAGE_NAME": "org.mozilla.firefox",
            "ASAN": false,
            "ASAN_REPORTER": false,
            "BROWSER_CHROME_URL": "chrome://browser/content/browser.xul",
            "DEBUG": false,
            "DEBUG_JS_MODULES": "",
            "DLL_PREFIX": "lib",
            "DLL_SUFFIX": ".so",
            "EARLY_BETA_OR_EARLIER": false,
            "FENNEC_NIGHTLY": false,
            "HAVE_SHELL_SERVICE": false,
            "HAVE_USR_LIB64_DIR": false,
            "MENUBAR_CAN_AUTOHIDE": false,
            "MOZILLA_OFFICIAL": true,
            "MOZ_ALLOW_LEGACY_EXTENSIONS": false,
            "MOZ_ANDROID_ACTIVITY_STREAM": false,
            "MOZ_ANDROID_HISTORY": true,
            "MOZ_ANDROID_MOZILLA_ONLINE": false,
            "MOZ_APP_NAME": "fennec",
            "MOZ_APP_VERSION": "68.1.1",
            "MOZ_APP_VERSION_DISPLAY": "68.1.1",
            "MOZ_BING_API_CLIENTID": "no-bing-api-clientid",
            "MOZ_BING_API_KEY": "no-bing-api-key",
            "MOZ_BITS_DOWNLOAD": false,
            "MOZ_BUILD_APP": "mobile/android",
            "MOZ_CODE_COVERAGE": false,
            "MOZ_CRASHREPORTER": true,
            "MOZ_DATA_REPORTING": true,
            "MOZ_DEV_EDITION": false,
            "MOZ_GECKO_PROFILER": true,
            "MOZ_GOOGLE_LOCATION_SERVICE_API_KEY": "AIzaSyB2h2OuRcUgy5N-5hsZqiPW6sH3n_rptiQ",
            "MOZ_GOOGLE_SAFEBROWSING_API_KEY": "AIzaSyC7jsptDS3am4tPx4r3nxis7IMjBc5Dovo",
            "MOZ_GRAPHENE": false,
            "MOZ_MACBUNDLE_NAME": "Firefox.app",
            "MOZ_MAINTENANCE_SERVICE": false,
            "MOZ_MOZILLA_API_KEY": "3b4d27dd-703d-4094-8398-4de2c763505a",
            "MOZ_NEW_CERT_STORAGE": false,
            "MOZ_NEW_NOTIFICATION_STORE": false,
            "MOZ_NEW_XULSTORE": false,
            "MOZ_OFFICIAL_BRANDING": false,
            "MOZ_PLACES": false,
            "MOZ_REQUIRE_SIGNING": false,
            "MOZ_SANDBOX": false,
            "MOZ_SERVICES_HEALTHREPORT": true,
            "MOZ_SERVICES_SYNC": false,
            "MOZ_SWITCHBOARD": true,
            "MOZ_SYSTEM_NSS": false,
            "MOZ_TELEMETRY_ON_BY_DEFAULT": false,
            "MOZ_TELEMETRY_REPORTING": true,
            "MOZ_UNSIGNED_SCOPES": 0,
            "MOZ_UPDATER": false,
            "MOZ_UPDATE_CHANNEL": "release",
            "MOZ_WEBRTC": true,
            "MOZ_WIDGET_GTK": false,
            "MOZ_WIDGET_TOOLKIT": "android",
            "NIGHTLY_BUILD": false,
            "OMNIJAR_NAME": "assets/omni.ja",
            "RELEASE_OR_BETA": true,
            "SOURCE_REVISION_URL": "https://hg.mozilla.org/releases/mozilla-esr68/rev/d2e0b9e17b9bc1ef02606c8006b73293f7892ad5",
            "TELEMETRY_PING_FORMAT_VERSION": 4,
            "XP_UNIX": true,
            "isPlatformAndVersionAtLeast": {},
            "isPlatformAndVersionAtMost": {},
            "platform": "android"
          },
          "userAgent": "Mozilla/5.0 (Android 8.1.0; Mobile; rv:68.0) Gecko/68.0 Firefox/68.0",
          "windowSize": "360x560"
        },
        "pageinfo": {
          "documentHeight": 3235,
          "documentSize": {
            "decodedBodySize": 32803,
            "encodedBodySize": 8487,
            "transferSize": 8746
          },
          "documentTitle": "Cricket Score, Schedule, Latest News, Stats &amp; Videos - Cricbuzz",
          "documentWidth": 360,
          "domElements": 407,
          "navigationStartTime": 1617078085928,
          "nextHopProtocol": "h2",
          "resources": {
            "count": 0,
            "duration": 0
          },
          "responsive": true,
          "url": "https://m.cricbuzz.com/",
          "visualElements": {
            "heroes": [
              {
                "filename": "cb_logo_new.png",
                "height": 30,
                "name": "LargestImage",
                "width": 100,
                "x": 10,
                "y": 60
              }
            ],
            "viewport": {
              "height": 560,
              "width": 360
            }
          }
        },
        "timings": {
          "firstPaint": 723,
          "loadEventEnd": 20170,
          "navigationTiming": {
            "connectStart": 241,
            "domComplete": 20153,
            "domContentLoadedEventEnd": 900,
            "domContentLoadedEventStart": 889,
            "domInteractive": 694,
            "domainLookupEnd": 241,
            "domainLookupStart": 241,
            "duration": 20170,
            "fetchStart": 222,
            "loadEventEnd": 20170,
            "loadEventStart": 20153,
            "redirectEnd": 220,
            "redirectStart": 3,
            "requestStart": 293,
            "responseEnd": 447,
            "responseStart": 446,
            "secureConnectionStart": 0,
            "startTime": 0,
            "unloadEventEnd": 0,
            "unloadEventStart": 0,
            "workerStart": 0
          },
          "pageTimings": {
            "backEndTime": 446,
            "domContentLoadedTime": 889,
            "domInteractiveTime": 694,
            "domainLookupTime": 0,
            "frontEndTime": 19706,
            "pageDownloadTime": 1,
            "pageLoadTime": 20153,
            "redirectionTime": 217,
            "serverConnectionTime": 0,
            "serverResponseTime": 154
          },
          "rumSpeedIndex": 445,
          "timeToContentfulPaint": 923,
          "timeToDomContentFlushed": 694,
          "userTimings": {
            "marks": [
              {
                "name": "gpt-tag-load",
                "startTime": 2886.44
              },
              {
                "name": "gpt-first-ad-request",
                "startTime": 3845.26
              },
              {
                "name": "gpt-first-ad-render",
                "startTime": 4730.88
              }
            ],
            "measures": []
          }
        }
      },
      {
        "browser": {
          "appConstants": {
            "ACCESSIBILITY": true,
            "ANDROID_PACKAGE_NAME": "org.mozilla.firefox",
            "ASAN": false,
            "ASAN_REPORTER": false,
            "BROWSER_CHROME_URL": "chrome://browser/content/browser.xul",
            "DEBUG": false,
            "DEBUG_JS_MODULES": "",
            "DLL_PREFIX": "lib",
            "DLL_SUFFIX": ".so",
            "EARLY_BETA_OR_EARLIER": false,
            "FENNEC_NIGHTLY": false,
            "HAVE_SHELL_SERVICE": false,
            "HAVE_USR_LIB64_DIR": false,
            "MENUBAR_CAN_AUTOHIDE": false,
            "MOZILLA_OFFICIAL": true,
            "MOZ_ALLOW_LEGACY_EXTENSIONS": false,
            "MOZ_ANDROID_ACTIVITY_STREAM": false,
            "MOZ_ANDROID_HISTORY": true,
            "MOZ_ANDROID_MOZILLA_ONLINE": false,
            "MOZ_APP_NAME": "fennec",
            "MOZ_APP_VERSION": "68.1.1",
            "MOZ_APP_VERSION_DISPLAY": "68.1.1",
            "MOZ_BING_API_CLIENTID": "no-bing-api-clientid",
            "MOZ_BING_API_KEY": "no-bing-api-key",
            "MOZ_BITS_DOWNLOAD": false,
            "MOZ_BUILD_APP": "mobile/android",
            "MOZ_CODE_COVERAGE": false,
            "MOZ_CRASHREPORTER": true,
            "MOZ_DATA_REPORTING": true,
            "MOZ_DEV_EDITION": false,
            "MOZ_GECKO_PROFILER": true,
            "MOZ_GOOGLE_LOCATION_SERVICE_API_KEY": "AIzaSyB2h2OuRcUgy5N-5hsZqiPW6sH3n_rptiQ",
            "MOZ_GOOGLE_SAFEBROWSING_API_KEY": "AIzaSyC7jsptDS3am4tPx4r3nxis7IMjBc5Dovo",
            "MOZ_GRAPHENE": false,
            "MOZ_MACBUNDLE_NAME": "Firefox.app",
            "MOZ_MAINTENANCE_SERVICE": false,
            "MOZ_MOZILLA_API_KEY": "3b4d27dd-703d-4094-8398-4de2c763505a",
            "MOZ_NEW_CERT_STORAGE": false,
            "MOZ_NEW_NOTIFICATION_STORE": false,
            "MOZ_NEW_XULSTORE": false,
            "MOZ_OFFICIAL_BRANDING": false,
            "MOZ_PLACES": false,
            "MOZ_REQUIRE_SIGNING": false,
            "MOZ_SANDBOX": false,
            "MOZ_SERVICES_HEALTHREPORT": true,
            "MOZ_SERVICES_SYNC": false,
            "MOZ_SWITCHBOARD": true,
            "MOZ_SYSTEM_NSS": false,
            "MOZ_TELEMETRY_ON_BY_DEFAULT": false,
            "MOZ_TELEMETRY_REPORTING": true,
            "MOZ_UNSIGNED_SCOPES": 0,
            "MOZ_UPDATER": false,
            "MOZ_UPDATE_CHANNEL": "release",
            "MOZ_WEBRTC": true,
            "MOZ_WIDGET_GTK": false,
            "MOZ_WIDGET_TOOLKIT": "android",
            "NIGHTLY_BUILD": false,
            "OMNIJAR_NAME": "assets/omni.ja",
            "RELEASE_OR_BETA": true,
            "SOURCE_REVISION_URL": "https://hg.mozilla.org/releases/mozilla-esr68/rev/d2e0b9e17b9bc1ef02606c8006b73293f7892ad5",
            "TELEMETRY_PING_FORMAT_VERSION": 4,
            "XP_UNIX": true,
            "isPlatformAndVersionAtLeast": {},
            "isPlatformAndVersionAtMost": {},
            "platform": "android"
          },
          "asyncAppConstants": {
            "ACCESSIBILITY": true,
            "ANDROID_PACKAGE_NAME": "org.mozilla.firefox",
            "ASAN": false,
            "ASAN_REPORTER": false,
            "BROWSER_CHROME_URL": "chrome://browser/content/browser.xul",
            "DEBUG": false,
            "DEBUG_JS_MODULES": "",
            "DLL_PREFIX": "lib",
            "DLL_SUFFIX": ".so",
            "EARLY_BETA_OR_EARLIER": false,
            "FENNEC_NIGHTLY": false,
            "HAVE_SHELL_SERVICE": false,
            "HAVE_USR_LIB64_DIR": false,
            "MENUBAR_CAN_AUTOHIDE": false,
            "MOZILLA_OFFICIAL": true,
            "MOZ_ALLOW_LEGACY_EXTENSIONS": false,
            "MOZ_ANDROID_ACTIVITY_STREAM": false,
            "MOZ_ANDROID_HISTORY": true,
            "MOZ_ANDROID_MOZILLA_ONLINE": false,
            "MOZ_APP_NAME": "fennec",
            "MOZ_APP_VERSION": "68.1.1",
            "MOZ_APP_VERSION_DISPLAY": "68.1.1",
            "MOZ_BING_API_CLIENTID": "no-bing-api-clientid",
            "MOZ_BING_API_KEY": "no-bing-api-key",
            "MOZ_BITS_DOWNLOAD": false,
            "MOZ_BUILD_APP": "mobile/android",
            "MOZ_CODE_COVERAGE": false,
            "MOZ_CRASHREPORTER": true,
            "MOZ_DATA_REPORTING": true,
            "MOZ_DEV_EDITION": false,
            "MOZ_GECKO_PROFILER": true,
            "MOZ_GOOGLE_LOCATION_SERVICE_API_KEY": "AIzaSyB2h2OuRcUgy5N-5hsZqiPW6sH3n_rptiQ",
            "MOZ_GOOGLE_SAFEBROWSING_API_KEY": "AIzaSyC7jsptDS3am4tPx4r3nxis7IMjBc5Dovo",
            "MOZ_GRAPHENE": false,
            "MOZ_MACBUNDLE_NAME": "Firefox.app",
            "MOZ_MAINTENANCE_SERVICE": false,
            "MOZ_MOZILLA_API_KEY": "3b4d27dd-703d-4094-8398-4de2c763505a",
            "MOZ_NEW_CERT_STORAGE": false,
            "MOZ_NEW_NOTIFICATION_STORE": false,
            "MOZ_NEW_XULSTORE": false,
            "MOZ_OFFICIAL_BRANDING": false,
            "MOZ_PLACES": false,
            "MOZ_REQUIRE_SIGNING": false,
            "MOZ_SANDBOX": false,
            "MOZ_SERVICES_HEALTHREPORT": true,
            "MOZ_SERVICES_SYNC": false,
            "MOZ_SWITCHBOARD": true,
            "MOZ_SYSTEM_NSS": false,
            "MOZ_TELEMETRY_ON_BY_DEFAULT": false,
            "MOZ_TELEMETRY_REPORTING": true,
            "MOZ_UNSIGNED_SCOPES": 0,
            "MOZ_UPDATER": false,
            "MOZ_UPDATE_CHANNEL": "release",
            "MOZ_WEBRTC": true,
            "MOZ_WIDGET_GTK": false,
            "MOZ_WIDGET_TOOLKIT": "android",
            "NIGHTLY_BUILD": false,
            "OMNIJAR_NAME": "assets/omni.ja",
            "RELEASE_OR_BETA": true,
            "SOURCE_REVISION_URL": "https://hg.mozilla.org/releases/mozilla-esr68/rev/d2e0b9e17b9bc1ef02606c8006b73293f7892ad5",
            "TELEMETRY_PING_FORMAT_VERSION": 4,
            "XP_UNIX": true,
            "isPlatformAndVersionAtLeast": {},
            "isPlatformAndVersionAtMost": {},
            "platform": "android"
          },
          "userAgent": "Mozilla/5.0 (Android 8.1.0; Mobile; rv:68.0) Gecko/68.0 Firefox/68.0",
          "windowSize": "360x560"
        },
        "pageinfo": {
          "documentHeight": 3235,
          "documentSize": {
            "decodedBodySize": 32801,
            "encodedBodySize": 8485,
            "transferSize": 8744
          },
          "documentTitle": "Cricket Score, Schedule, Latest News, Stats &amp; Videos - Cricbuzz",
          "documentWidth": 360,
          "domElements": 405,
          "navigationStartTime": 1617078136511,
          "nextHopProtocol": "h2",
          "resources": {
            "count": 0,
            "duration": 0
          },
          "responsive": true,
          "url": "https://m.cricbuzz.com/",
          "visualElements": {
            "heroes": [
              {
                "filename": "cb_logo_new.png",
                "height": 30,
                "name": "LargestImage",
                "width": 100,
                "x": 10,
                "y": 60
              }
            ],
            "viewport": {
              "height": 560,
              "width": 360
            }
          }
        },
        "timings": {
          "firstPaint": 827,
          "loadEventEnd": 20945,
          "navigationTiming": {
            "connectStart": 264,
            "domComplete": 20928,
            "domContentLoadedEventEnd": 1022,
            "domContentLoadedEventStart": 1010,
            "domInteractive": 781,
            "domainLookupEnd": 263,
            "domainLookupStart": 263,
            "duration": 20945,
            "fetchStart": 240,
            "loadEventEnd": 20945,
            "loadEventStart": 20929,
            "redirectEnd": 236,
            "redirectStart": 2,
            "requestStart": 312,
            "responseEnd": 476,
            "responseStart": 467,
            "secureConnectionStart": 0,
            "startTime": 0,
            "unloadEventEnd": 0,
            "unloadEventStart": 0,
            "workerStart": 0
          },
          "pageTimings": {
            "backEndTime": 467,
            "domContentLoadedTime": 1010,
            "domInteractiveTime": 781,
            "domainLookupTime": 0,
            "frontEndTime": 20452,
            "pageDownloadTime": 10,
            "pageLoadTime": 20929,
            "redirectionTime": 235,
            "serverConnectionTime": 0,
            "serverResponseTime": 164
          },
          "rumSpeedIndex": 466,
          "timeToContentfulPaint": 1079,
          "timeToDomContentFlushed": 781,
          "timeToFirstInteractive": 19617,
          "userTimings": {
            "marks": [
              {
                "name": "gpt-tag-load",
                "startTime": 3726.36
              },
              {
                "name": "gpt-first-ad-request",
                "startTime": 4841.22
              },
              {
                "name": "gpt-first-ad-render",
                "startTime": 5736.46
              }
            ],
            "measures": []
          }
        }
      }
    ],
    "visualMetrics": [],
    "cpu": [],
    "extras": [
      {},
      {},
      {}
    ],
    "fullyLoaded": [],
    "errors": [
      [],
      [],
      []
    ],
    "statistics": {
      "browser": {
        "appConstants": {
          "MOZ_UNSIGNED_SCOPES": {
            "median": 0,
            "mean": 0,
            "mdev": 0,
            "stddev": 0,
            "min": 0,
            "p10": 0,
            "p90": 0,
            "p99": 0,
            "max": 0
          },
          "TELEMETRY_PING_FORMAT_VERSION": {
            "median": 4,
            "mean": 4,
            "mdev": 0,
            "stddev": 0,
            "min": 4,
            "p10": 4,
            "p90": 4,
            "p99": 4,
            "max": 4
          }
        },
        "asyncAppConstants": {
          "MOZ_UNSIGNED_SCOPES": {
            "median": 0,
            "mean": 0,
            "mdev": 0,
            "stddev": 0,
            "min": 0,
            "p10": 0,
            "p90": 0,
            "p99": 0,
            "max": 0
          },
          "TELEMETRY_PING_FORMAT_VERSION": {
            "median": 4,
            "mean": 4,
            "mdev": 0,
            "stddev": 0,
            "min": 4,
            "p10": 4,
            "p90": 4,
            "p99": 4,
            "max": 4
          }
        }
      },
      "pageinfo": {
        "documentHeight": {
          "median": 3235,
          "mean": 3206,
          "mdev": 23.4062,
          "stddev": 41,
          "min": 3149,
          "p10": 3149,
          "p90": 3235,
          "p99": 3235,
          "max": 3235
        },
        "documentSize": {
          "decodedBodySize": {
            "median": 32803,
            "mean": 32802,
            "mdev": 0.5443,
            "stddev": 1,
            "min": 32801,
            "p10": 32801,
            "p90": 32803,
            "p99": 32803,
            "max": 32803
          },
          "encodedBodySize": {
            "median": 8487,
            "mean": 8486,
            "mdev": 0.5443,
            "stddev": 1,
            "min": 8485,
            "p10": 8485,
            "p90": 8487,
            "p99": 8487,
            "max": 8487
          },
          "transferSize": {
            "median": 8746,
            "mean": 8745,
            "mdev": 0.5443,
            "stddev": 1,
            "min": 8744,
            "p10": 8744,
            "p90": 8746,
            "p99": 8746,
            "max": 8746
          }
        },
        "documentWidth": {
          "median": 360,
          "mean": 360,
          "mdev": 0,
          "stddev": 0,
          "min": 360,
          "p10": 360,
          "p90": 360,
          "p99": 360,
          "max": 360
        },
        "domElements": {
          "median": 407,
          "mean": 406,
          "mdev": 0.5443,
          "stddev": 1,
          "min": 405,
          "p10": 405,
          "p90": 407,
          "p99": 407,
          "max": 407
        },
        "navigationStartTime": {
          "median": 1617078085928,
          "mean": 1617078089695,
          "mdev": 21845.3333,
          "stddev": 37837,
          "min": 1617078046645,
          "p10": 1617078046645,
          "p90": 1617078136511,
          "p99": 1617078136511,
          "max": 1617078136511
        },
        "resources": {
          "count": {
            "median": 0,
            "mean": 0,
            "mdev": 0,
            "stddev": 0,
            "min": 0,
            "p10": 0,
            "p90": 0,
            "p99": 0,
            "max": 0
          },
          "duration": {
            "median": 0,
            "mean": 0,
            "mdev": 0,
            "stddev": 0,
            "min": 0,
            "p10": 0,
            "p90": 0,
            "p99": 0,
            "max": 0
          }
        },
        "visualElements": {
          "heroes": [
            {
              "height": {
                "median": 30,
                "mean": 30,
                "mdev": 0,
                "stddev": 0,
                "min": 30,
                "p10": 30,
                "p90": 30,
                "p99": 30,
                "max": 30
              },
              "width": {
                "median": 100,
                "mean": 100,
                "mdev": 0,
                "stddev": 0,
                "min": 100,
                "p10": 100,
                "p90": 100,
                "p99": 100,
                "max": 100
              },
              "x": {
                "median": 10,
                "mean": 10,
                "mdev": 0,
                "stddev": 0,
                "min": 10,
                "p10": 10,
                "p90": 10,
                "p99": 10,
                "max": 10
              },
              "y": {
                "median": 60,
                "mean": 60,
                "mdev": 0,
                "stddev": 0,
                "min": 60,
                "p10": 60,
                "p90": 60,
                "p99": 60,
                "max": 60
              }
            }
          ],
          "viewport": {
            "height": {
              "median": 560,
              "mean": 560,
              "mdev": 0,
              "stddev": 0,
              "min": 560,
              "p10": 560,
              "p90": 560,
              "p99": 560,
              "max": 560
            },
            "width": {
              "median": 360,
              "mean": 360,
              "mdev": 0,
              "stddev": 0,
              "min": 360,
              "p10": 360,
              "p90": 360,
              "p99": 360,
              "max": 360
            }
          }
        }
      },
      "timings": {
        "firstPaint": {
          "median": 827,
          "mean": 820,
          "mdev": 44.1689,
          "stddev": 77,
          "min": 723,
          "p10": 723,
          "p90": 910,
          "p99": 910,
          "max": 910
        },
        "loadEventEnd": {
          "median": 20415,
          "mean": 20510,
          "mdev": 186.7411,
          "stddev": 323,
          "min": 20170,
          "p10": 20170,
          "p90": 20945,
          "p99": 20945,
          "max": 20945
        },
        "navigationTiming": {
          "connectStart": {
            "median": 264,
            "mean": 342,
            "mdev": 73.2773,
            "stddev": 127,
            "min": 241,
            "p10": 241,
            "p90": 521,
            "p99": 521,
            "max": 521
          },
          "domComplete": {
            "median": 20399,
            "mean": 20493,
            "mdev": 186.6847,
            "stddev": 323,
            "min": 20153,
            "p10": 20153,
            "p90": 20928,
            "p99": 20928,
            "max": 20928
          },
          "domContentLoadedEventEnd": {
            "median": 1022,
            "mean": 1004,
            "mdev": 45.3823,
            "stddev": 79,
            "min": 900,
            "p10": 900,
            "p90": 1090,
            "p99": 1090,
            "max": 1090
          },
          "domContentLoadedEventStart": {
            "median": 1010,
            "mean": 993,
            "mdev": 45.7635,
            "stddev": 79,
            "min": 889,
            "p10": 889,
            "p90": 1081,
            "p99": 1081,
            "max": 1081
          },
          "domInteractive": {
            "median": 781,
            "mean": 784,
            "mdev": 43.1509,
            "stddev": 75,
            "min": 694,
            "p10": 694,
            "p90": 877,
            "p99": 877,
            "max": 877
          },
          "domainLookupEnd": {
            "median": 263,
            "mean": 342,
            "mdev": 73.3959,
            "stddev": 127,
            "min": 241,
            "p10": 241,
            "p90": 521,
            "p99": 521,
            "max": 521
          },
          "domainLookupStart": {
            "median": 263,
            "mean": 342,
            "mdev": 73.3959,
            "stddev": 127,
            "min": 241,
            "p10": 241,
            "p90": 521,
            "p99": 521,
            "max": 521
          },
          "duration": {
            "median": 20415,
            "mean": 20510,
            "mdev": 186.7411,
            "stddev": 323,
            "min": 20170,
            "p10": 20170,
            "p90": 20945,
            "p99": 20945,
            "max": 20945
          },
          "fetchStart": {
            "median": 240,
            "mean": 322,
            "mdev": 74.6939,
            "stddev": 129,
            "min": 222,
            "p10": 222,
            "p90": 505,
            "p99": 505,
            "max": 505
          },
          "loadEventEnd": {
            "median": 20415,
            "mean": 20510,
            "mdev": 186.7411,
            "stddev": 323,
            "min": 20170,
            "p10": 20170,
            "p90": 20945,
            "p99": 20945,
            "max": 20945
          },
          "loadEventStart": {
            "median": 20399,
            "mean": 20494,
            "mdev": 186.9434,
            "stddev": 324,
            "min": 20153,
            "p10": 20153,
            "p90": 20929,
            "p99": 20929,
            "max": 20929
          },
          "redirectEnd": {
            "median": 236,
            "mean": 319,
            "mdev": 74.6687,
            "stddev": 129,
            "min": 220,
            "p10": 220,
            "p90": 502,
            "p99": 502,
            "max": 502
          },
          "redirectStart": {
            "median": 3,
            "mean": 3,
            "mdev": 0.2722,
            "stddev": 0,
            "min": 2,
            "p10": 2,
            "p90": 3,
            "p99": 3,
            "max": 3
          },
          "requestStart": {
            "median": 312,
            "mean": 392,
            "mdev": 72.9419,
            "stddev": 126,
            "min": 293,
            "p10": 293,
            "p90": 570,
            "p99": 570,
            "max": 570
          },
          "responseEnd": {
            "median": 476,
            "mean": 508,
            "mdev": 38.5775,
            "stddev": 67,
            "min": 447,
            "p10": 447,
            "p90": 601,
            "p99": 601,
            "max": 601
          },
          "responseStart": {
            "median": 467,
            "mean": 504,
            "mdev": 39.0982,
            "stddev": 68,
            "min": 446,
            "p10": 446,
            "p90": 599,
            "p99": 599,
            "max": 599
          },
          "secureConnectionStart": {
            "median": 0,
            "mean": 0,
            "mdev": 0,
            "stddev": 0,
            "min": 0,
            "p10": 0,
            "p90": 0,
            "p99": 0,
            "max": 0
          },
          "startTime": {
            "median": 0,
            "mean": 0,
            "mdev": 0,
            "stddev": 0,
            "min": 0,
            "p10": 0,
            "p90": 0,
            "p99": 0,
            "max": 0
          },
          "unloadEventEnd": {
            "median": 0,
            "mean": 0,
            "mdev": 0,
            "stddev": 0,
            "min": 0,
            "p10": 0,
            "p90": 0,
            "p99": 0,
            "max": 0
          },
          "unloadEventStart": {
            "median": 0,
            "mean": 0,
            "mdev": 0,
            "stddev": 0,
            "min": 0,
            "p10": 0,
            "p90": 0,
            "p99": 0,
            "max": 0
          },
          "workerStart": {
            "median": 0,
            "mean": 0,
            "mdev": 0,
            "stddev": 0,
            "min": 0,
            "p10": 0,
            "p90": 0,
            "p99": 0,
            "max": 0
          }
        },
        "pageTimings": {
          "backEndTime": {
            "median": 467,
            "mean": 504,
            "mdev": 39.0982,
            "stddev": 68,
            "min": 446,
            "p10": 446,
            "p90": 599,
            "p99": 599,
            "max": 599
          },
          "domContentLoadedTime": {
            "median": 1010,
            "mean": 993,
            "mdev": 45.7635,
            "stddev": 79,
            "min": 889,
            "p10": 889,
            "p90": 1081,
            "p99": 1081,
            "max": 1081
          },
          "domInteractiveTime": {
            "median": 781,
            "mean": 784,
            "mdev": 43.1509,
            "stddev": 75,
            "min": 694,
            "p10": 694,
            "p90": 877,
            "p99": 877,
            "max": 877
          },
          "domainLookupTime": {
            "median": 0,
            "mean": 0,
            "mdev": 0,
            "stddev": 0,
            "min": 0,
            "p10": 0,
            "p90": 0,
            "p99": 0,
            "max": 0
          },
          "frontEndTime": {
            "median": 19798,
            "mean": 19985,
            "mdev": 191.746,
            "stddev": 332,
            "min": 19706,
            "p10": 19706,
            "p90": 20452,
            "p99": 20452,
            "max": 20452
          },
          "pageDownloadTime": {
            "median": 2,
            "mean": 4,
            "mdev": 2.3254,
            "stddev": 4,
            "min": 1,
            "p10": 1,
            "p90": 10,
            "p99": 10,
            "max": 10
          },
          "pageLoadTime": {
            "median": 20399,
            "mean": 20494,
            "mdev": 186.9434,
            "stddev": 324,
            "min": 20153,
            "p10": 20153,
            "p90": 20929,
            "p99": 20929,
            "max": 20929
          },
          "redirectionTime": {
            "median": 235,
            "mean": 317,
            "mdev": 74.4222,
            "stddev": 129,
            "min": 217,
            "p10": 217,
            "p90": 499,
            "p99": 499,
            "max": 499
          },
          "serverConnectionTime": {
            "median": 0,
            "mean": 0,
            "mdev": 0,
            "stddev": 0,
            "min": 0,
            "p10": 0,
            "p90": 0,
            "p99": 0,
            "max": 0
          },
          "serverResponseTime": {
            "median": 154,
            "mean": 116,
            "mdev": 34.9168,
            "stddev": 60,
            "min": 31,
            "p10": 31,
            "p90": 164,
            "p99": 164,
            "max": 164
          }
        },
        "rumSpeedIndex": {
          "median": 466,
          "mean": 503,
          "mdev": 39.0982,
          "stddev": 68,
          "min": 445,
          "p10": 445,
          "p90": 598,
          "p99": 598,
          "max": 598
        },
        "timeToContentfulPaint": {
          "median": 1079,
          "mean": 1052,
          "mdev": 55.3481,
          "stddev": 96,
          "min": 923,
          "p10": 923,
          "p90": 1153,
          "p99": 1153,
          "max": 1153
        },
        "timeToDomContentFlushed": {
          "median": 781,
          "mean": 784,
          "mdev": 42.9116,
          "stddev": 74,
          "min": 694,
          "p10": 694,
          "p90": 876,
          "p99": 876,
          "max": 876
        },
        "timeToFirstInteractive": {
          "median": 19378,
          "mean": 19378,
          "mdev": 169.3521,
          "stddev": 240,
          "min": 19138,
          "p10": 19138,
          "p90": 19617,
          "p99": 19617,
          "max": 19617
        },
        "userTimings": {
          "marks": {
            "gpt-tag-load": {
              "median": 2975,
              "mean": 3196,
              "mdev": 217.4954,
              "stddev": 377,
              "min": 2886,
              "p10": 2886,
              "p90": 3726,
              "p99": 3726,
              "max": 3726
            },
            "gpt-first-ad-request": {
              "median": 3927,
              "mean": 4204,
              "mdev": 260.6579,
              "stddev": 451,
              "min": 3845,
              "p10": 3845,
              "p90": 4841,
              "p99": 4841,
              "max": 4841
            },
            "gpt-first-ad-render": {
              "median": 4731,
              "mean": 5059,
              "mdev": 276.5862,
              "stddev": 479,
              "min": 4710,
              "p10": 4710,
              "p90": 5736,
              "p99": 5736,
              "max": 5736
            }
          }
        }
      }
    }
  }
]