[
  {
    "info": {
      "browsertime": {
        "version": "8.4.0"
      },
      "url": "https://www.bbc.com/",
      "timestamp": "2021-03-30T19:43:54+04:00",
      "connectivity": {
        "engine": "external",
        "profile": "native"
      },
      "extra": {}
    },
    "files": {
      "video": [],
      "screenshot": [],
      "timeline": [],
      "consoleLog": [],
      "netLog": [],
      "perfLog": []
    },
    "cdp": {
      "performance": []
    },
    "timestamps": [
      "2021-03-30T19:43:39+04:00",
      "2021-03-30T19:44:00+04:00",
      "2021-03-30T19:44:23+04:00"
    ],
    "browserScripts": [
      {
        "browser": {
          "appConstants": {
            "ACCESSIBILITY": true,
            "ANDROID_PACKAGE_NAME": "org.mozilla.firefox",
            "ASAN": false,
            "ASAN_REPORTER": false,
            "BROWSER_CHROME_URL": "chrome://browser/content/browser.xul",
            "DEBUG": false,
            "DEBUG_JS_MODULES": "",
            "DLL_PREFIX": "lib",
            "DLL_SUFFIX": ".so",
            "EARLY_BETA_OR_EARLIER": false,
            "FENNEC_NIGHTLY": false,
            "HAVE_SHELL_SERVICE": false,
            "HAVE_USR_LIB64_DIR": false,
            "MENUBAR_CAN_AUTOHIDE": false,
            "MOZILLA_OFFICIAL": true,
            "MOZ_ALLOW_LEGACY_EXTENSIONS": false,
            "MOZ_ANDROID_ACTIVITY_STREAM": false,
            "MOZ_ANDROID_HISTORY": true,
            "MOZ_ANDROID_MOZILLA_ONLINE": false,
            "MOZ_APP_NAME": "fennec",
            "MOZ_APP_VERSION": "68.1.1",
            "MOZ_APP_VERSION_DISPLAY": "68.1.1",
            "MOZ_BING_API_CLIENTID": "no-bing-api-clientid",
            "MOZ_BING_API_KEY": "no-bing-api-key",
            "MOZ_BITS_DOWNLOAD": false,
            "MOZ_BUILD_APP": "mobile/android",
            "MOZ_CODE_COVERAGE": false,
            "MOZ_CRASHREPORTER": true,
            "MOZ_DATA_REPORTING": true,
            "MOZ_DEV_EDITION": false,
            "MOZ_GECKO_PROFILER": true,
            "MOZ_GOOGLE_LOCATION_SERVICE_API_KEY": "AIzaSyB2h2OuRcUgy5N-5hsZqiPW6sH3n_rptiQ",
            "MOZ_GOOGLE_SAFEBROWSING_API_KEY": "AIzaSyC7jsptDS3am4tPx4r3nxis7IMjBc5Dovo",
            "MOZ_GRAPHENE": false,
            "MOZ_MACBUNDLE_NAME": "Firefox.app",
            "MOZ_MAINTENANCE_SERVICE": false,
            "MOZ_MOZILLA_API_KEY": "3b4d27dd-703d-4094-8398-4de2c763505a",
            "MOZ_NEW_CERT_STORAGE": false,
            "MOZ_NEW_NOTIFICATION_STORE": false,
            "MOZ_NEW_XULSTORE": false,
            "MOZ_OFFICIAL_BRANDING": false,
            "MOZ_PLACES": false,
            "MOZ_REQUIRE_SIGNING": false,
            "MOZ_SANDBOX": false,
            "MOZ_SERVICES_HEALTHREPORT": true,
            "MOZ_SERVICES_SYNC": false,
            "MOZ_SWITCHBOARD": true,
            "MOZ_SYSTEM_NSS": false,
            "MOZ_TELEMETRY_ON_BY_DEFAULT": false,
            "MOZ_TELEMETRY_REPORTING": true,
            "MOZ_UNSIGNED_SCOPES": 0,
            "MOZ_UPDATER": false,
            "MOZ_UPDATE_CHANNEL": "release",
            "MOZ_WEBRTC": true,
            "MOZ_WIDGET_GTK": false,
            "MOZ_WIDGET_TOOLKIT": "android",
            "NIGHTLY_BUILD": false,
            "OMNIJAR_NAME": "assets/omni.ja",
            "RELEASE_OR_BETA": true,
            "SOURCE_REVISION_URL": "https://hg.mozilla.org/releases/mozilla-esr68/rev/d2e0b9e17b9bc1ef02606c8006b73293f7892ad5",
            "TELEMETRY_PING_FORMAT_VERSION": 4,
            "XP_UNIX": true,
            "isPlatformAndVersionAtLeast": {},
            "isPlatformAndVersionAtMost": {},
            "platform": "android"
          },
          "asyncAppConstants": {
            "ACCESSIBILITY": true,
            "ANDROID_PACKAGE_NAME": "org.mozilla.firefox",
            "ASAN": false,
            "ASAN_REPORTER": false,
            "BROWSER_CHROME_URL": "chrome://browser/content/browser.xul",
            "DEBUG": false,
            "DEBUG_JS_MODULES": "",
            "DLL_PREFIX": "lib",
            "DLL_SUFFIX": ".so",
            "EARLY_BETA_OR_EARLIER": false,
            "FENNEC_NIGHTLY": false,
            "HAVE_SHELL_SERVICE": false,
            "HAVE_USR_LIB64_DIR": false,
            "MENUBAR_CAN_AUTOHIDE": false,
            "MOZILLA_OFFICIAL": true,
            "MOZ_ALLOW_LEGACY_EXTENSIONS": false,
            "MOZ_ANDROID_ACTIVITY_STREAM": false,
            "MOZ_ANDROID_HISTORY": true,
            "MOZ_ANDROID_MOZILLA_ONLINE": false,
            "MOZ_APP_NAME": "fennec",
            "MOZ_APP_VERSION": "68.1.1",
            "MOZ_APP_VERSION_DISPLAY": "68.1.1",
            "MOZ_BING_API_CLIENTID": "no-bing-api-clientid",
            "MOZ_BING_API_KEY": "no-bing-api-key",
            "MOZ_BITS_DOWNLOAD": false,
            "MOZ_BUILD_APP": "mobile/android",
            "MOZ_CODE_COVERAGE": false,
            "MOZ_CRASHREPORTER": true,
            "MOZ_DATA_REPORTING": true,
            "MOZ_DEV_EDITION": false,
            "MOZ_GECKO_PROFILER": true,
            "MOZ_GOOGLE_LOCATION_SERVICE_API_KEY": "AIzaSyB2h2OuRcUgy5N-5hsZqiPW6sH3n_rptiQ",
            "MOZ_GOOGLE_SAFEBROWSING_API_KEY": "AIzaSyC7jsptDS3am4tPx4r3nxis7IMjBc5Dovo",
            "MOZ_GRAPHENE": false,
            "MOZ_MACBUNDLE_NAME": "Firefox.app",
            "MOZ_MAINTENANCE_SERVICE": false,
            "MOZ_MOZILLA_API_KEY": "3b4d27dd-703d-4094-8398-4de2c763505a",
            "MOZ_NEW_CERT_STORAGE": false,
            "MOZ_NEW_NOTIFICATION_STORE": false,
            "MOZ_NEW_XULSTORE": false,
            "MOZ_OFFICIAL_BRANDING": false,
            "MOZ_PLACES": false,
            "MOZ_REQUIRE_SIGNING": false,
            "MOZ_SANDBOX": false,
            "MOZ_SERVICES_HEALTHREPORT": true,
            "MOZ_SERVICES_SYNC": false,
            "MOZ_SWITCHBOARD": true,
            "MOZ_SYSTEM_NSS": false,
            "MOZ_TELEMETRY_ON_BY_DEFAULT": false,
            "MOZ_TELEMETRY_REPORTING": true,
            "MOZ_UNSIGNED_SCOPES": 0,
            "MOZ_UPDATER": false,
            "MOZ_UPDATE_CHANNEL": "release",
            "MOZ_WEBRTC": true,
            "MOZ_WIDGET_GTK": false,
            "MOZ_WIDGET_TOOLKIT": "android",
            "NIGHTLY_BUILD": false,
            "OMNIJAR_NAME": "assets/omni.ja",
            "RELEASE_OR_BETA": true,
            "SOURCE_REVISION_URL": "https://hg.mozilla.org/releases/mozilla-esr68/rev/d2e0b9e17b9bc1ef02606c8006b73293f7892ad5",
            "TELEMETRY_PING_FORMAT_VERSION": 4,
            "XP_UNIX": true,
            "isPlatformAndVersionAtLeast": {},
            "isPlatformAndVersionAtMost": {},
            "platform": "android"
          },
          "userAgent": "Mozilla/5.0 (Android 9; Mobile; rv:68.0) Gecko/68.0 Firefox/68.0",
          "windowSize": "360x612"
        },
        "pageinfo": {
          "documentHeight": 9529,
          "documentSize": {
            "decodedBodySize": 296479,
            "encodedBodySize": 66198,
            "transferSize": 67343
          },
          "documentTitle": "BBC - Homepage",
          "documentWidth": 360,
          "domElements": 1327,
          "navigationStartTime": 1617119020305,
          "nextHopProtocol": "h2",
          "resources": {
            "count": 0,
            "duration": 0
          },
          "responsive": true,
          "url": "https://www.bbc.com/",
          "visualElements": {
            "heroes": [
              {
                "filename": "_117758057_floyd_976getty.jpg",
                "height": 185,
                "name": "LargestImage",
                "width": 328,
                "x": 16,
                "y": 50
              }
            ],
            "viewport": {
              "height": 612,
              "width": 360
            }
          }
        },
        "timings": {
          "firstPaint": 2000,
          "loadEventEnd": 7124,
          "navigationTiming": {
            "connectStart": 313,
            "domComplete": 7077,
            "domContentLoadedEventEnd": 2484,
            "domContentLoadedEventStart": 2464,
            "domInteractive": 1580,
            "domainLookupEnd": 313,
            "domainLookupStart": 312,
            "duration": 7124,
            "fetchStart": 3,
            "loadEventEnd": 7124,
            "loadEventStart": 7109,
            "redirectEnd": 0,
            "redirectStart": 0,
            "requestStart": 413,
            "responseEnd": 426,
            "responseStart": 426,
            "secureConnectionStart": 327,
            "startTime": 0,
            "unloadEventEnd": 0,
            "unloadEventStart": 0,
            "workerStart": 0
          },
          "pageTimings": {
            "backEndTime": 426,
            "domContentLoadedTime": 2464,
            "domInteractiveTime": 1580,
            "domainLookupTime": 0,
            "frontEndTime": 6683,
            "pageDownloadTime": 0,
            "pageLoadTime": 7109,
            "redirectionTime": 0,
            "serverConnectionTime": 99,
            "serverResponseTime": 12
          },
          "rumSpeedIndex": 425,
          "timeToContentfulPaint": 2252,
          "timeToDomContentFlushed": 1973,
          "userTimings": {
            "marks": [
              {
                "name": "optimizely:blockBegin",
                "startTime": 3247.2200000000003
              },
              {
                "name": "gpt-tag-load",
                "startTime": 6263.7
              },
              {
                "name": "gpt-first-ad-request",
                "startTime": 7054.52
              },
              {
                "name": "gpt-first-ad-render",
                "startTime": 8477.1
              }
            ],
            "measures": []
          }
        }
      },
      {
        "browser": {
          "appConstants": {
            "ACCESSIBILITY": true,
            "ANDROID_PACKAGE_NAME": "org.mozilla.firefox",
            "ASAN": false,
            "ASAN_REPORTER": false,
            "BROWSER_CHROME_URL": "chrome://browser/content/browser.xul",
            "DEBUG": false,
            "DEBUG_JS_MODULES": "",
            "DLL_PREFIX": "lib",
            "DLL_SUFFIX": ".so",
            "EARLY_BETA_OR_EARLIER": false,
            "FENNEC_NIGHTLY": false,
            "HAVE_SHELL_SERVICE": false,
            "HAVE_USR_LIB64_DIR": false,
            "MENUBAR_CAN_AUTOHIDE": false,
            "MOZILLA_OFFICIAL": true,
            "MOZ_ALLOW_LEGACY_EXTENSIONS": false,
            "MOZ_ANDROID_ACTIVITY_STREAM": false,
            "MOZ_ANDROID_HISTORY": true,
            "MOZ_ANDROID_MOZILLA_ONLINE": false,
            "MOZ_APP_NAME": "fennec",
            "MOZ_APP_VERSION": "68.1.1",
            "MOZ_APP_VERSION_DISPLAY": "68.1.1",
            "MOZ_BING_API_CLIENTID": "no-bing-api-clientid",
            "MOZ_BING_API_KEY": "no-bing-api-key",
            "MOZ_BITS_DOWNLOAD": false,
            "MOZ_BUILD_APP": "mobile/android",
            "MOZ_CODE_COVERAGE": false,
            "MOZ_CRASHREPORTER": true,
            "MOZ_DATA_REPORTING": true,
            "MOZ_DEV_EDITION": false,
            "MOZ_GECKO_PROFILER": true,
            "MOZ_GOOGLE_LOCATION_SERVICE_API_KEY": "AIzaSyB2h2OuRcUgy5N-5hsZqiPW6sH3n_rptiQ",
            "MOZ_GOOGLE_SAFEBROWSING_API_KEY": "AIzaSyC7jsptDS3am4tPx4r3nxis7IMjBc5Dovo",
            "MOZ_GRAPHENE": false,
            "MOZ_MACBUNDLE_NAME": "Firefox.app",
            "MOZ_MAINTENANCE_SERVICE": false,
            "MOZ_MOZILLA_API_KEY": "3b4d27dd-703d-4094-8398-4de2c763505a",
            "MOZ_NEW_CERT_STORAGE": false,
            "MOZ_NEW_NOTIFICATION_STORE": false,
            "MOZ_NEW_XULSTORE": false,
            "MOZ_OFFICIAL_BRANDING": false,
            "MOZ_PLACES": false,
            "MOZ_REQUIRE_SIGNING": false,
            "MOZ_SANDBOX": false,
            "MOZ_SERVICES_HEALTHREPORT": true,
            "MOZ_SERVICES_SYNC": false,
            "MOZ_SWITCHBOARD": true,
            "MOZ_SYSTEM_NSS": false,
            "MOZ_TELEMETRY_ON_BY_DEFAULT": false,
            "MOZ_TELEMETRY_REPORTING": true,
            "MOZ_UNSIGNED_SCOPES": 0,
            "MOZ_UPDATER": false,
            "MOZ_UPDATE_CHANNEL": "release",
            "MOZ_WEBRTC": true,
            "MOZ_WIDGET_GTK": false,
            "MOZ_WIDGET_TOOLKIT": "android",
            "NIGHTLY_BUILD": false,
            "OMNIJAR_NAME": "assets/omni.ja",
            "RELEASE_OR_BETA": true,
            "SOURCE_REVISION_URL": "https://hg.mozilla.org/releases/mozilla-esr68/rev/d2e0b9e17b9bc1ef02606c8006b73293f7892ad5",
            "TELEMETRY_PING_FORMAT_VERSION": 4,
            "XP_UNIX": true,
            "isPlatformAndVersionAtLeast": {},
            "isPlatformAndVersionAtMost": {},
            "platform": "android"
          },
          "asyncAppConstants": {
            "ACCESSIBILITY": true,
            "ANDROID_PACKAGE_NAME": "org.mozilla.firefox",
            "ASAN": false,
            "ASAN_REPORTER": false,
            "BROWSER_CHROME_URL": "chrome://browser/content/browser.xul",
            "DEBUG": false,
            "DEBUG_JS_MODULES": "",
            "DLL_PREFIX": "lib",
            "DLL_SUFFIX": ".so",
            "EARLY_BETA_OR_EARLIER": false,
            "FENNEC_NIGHTLY": false,
            "HAVE_SHELL_SERVICE": false,
            "HAVE_USR_LIB64_DIR": false,
            "MENUBAR_CAN_AUTOHIDE": false,
            "MOZILLA_OFFICIAL": true,
            "MOZ_ALLOW_LEGACY_EXTENSIONS": false,
            "MOZ_ANDROID_ACTIVITY_STREAM": false,
            "MOZ_ANDROID_HISTORY": true,
            "MOZ_ANDROID_MOZILLA_ONLINE": false,
            "MOZ_APP_NAME": "fennec",
            "MOZ_APP_VERSION": "68.1.1",
            "MOZ_APP_VERSION_DISPLAY": "68.1.1",
            "MOZ_BING_API_CLIENTID": "no-bing-api-clientid",
            "MOZ_BING_API_KEY": "no-bing-api-key",
            "MOZ_BITS_DOWNLOAD": false,
            "MOZ_BUILD_APP": "mobile/android",
            "MOZ_CODE_COVERAGE": false,
            "MOZ_CRASHREPORTER": true,
            "MOZ_DATA_REPORTING": true,
            "MOZ_DEV_EDITION": false,
            "MOZ_GECKO_PROFILER": true,
            "MOZ_GOOGLE_LOCATION_SERVICE_API_KEY": "AIzaSyB2h2OuRcUgy5N-5hsZqiPW6sH3n_rptiQ",
            "MOZ_GOOGLE_SAFEBROWSING_API_KEY": "AIzaSyC7jsptDS3am4tPx4r3nxis7IMjBc5Dovo",
            "MOZ_GRAPHENE": false,
            "MOZ_MACBUNDLE_NAME": "Firefox.app",
            "MOZ_MAINTENANCE_SERVICE": false,
            "MOZ_MOZILLA_API_KEY": "3b4d27dd-703d-4094-8398-4de2c763505a",
            "MOZ_NEW_CERT_STORAGE": false,
            "MOZ_NEW_NOTIFICATION_STORE": false,
            "MOZ_NEW_XULSTORE": false,
            "MOZ_OFFICIAL_BRANDING": false,
            "MOZ_PLACES": false,
            "MOZ_REQUIRE_SIGNING": false,
            "MOZ_SANDBOX": false,
            "MOZ_SERVICES_HEALTHREPORT": true,
            "MOZ_SERVICES_SYNC": false,
            "MOZ_SWITCHBOARD": true,
            "MOZ_SYSTEM_NSS": false,
            "MOZ_TELEMETRY_ON_BY_DEFAULT": false,
            "MOZ_TELEMETRY_REPORTING": true,
            "MOZ_UNSIGNED_SCOPES": 0,
            "MOZ_UPDATER": false,
            "MOZ_UPDATE_CHANNEL": "release",
            "MOZ_WEBRTC": true,
            "MOZ_WIDGET_GTK": false,
            "MOZ_WIDGET_TOOLKIT": "android",
            "NIGHTLY_BUILD": false,
            "OMNIJAR_NAME": "assets/omni.ja",
            "RELEASE_OR_BETA": true,
            "SOURCE_REVISION_URL": "https://hg.mozilla.org/releases/mozilla-esr68/rev/d2e0b9e17b9bc1ef02606c8006b73293f7892ad5",
            "TELEMETRY_PING_FORMAT_VERSION": 4,
            "XP_UNIX": true,
            "isPlatformAndVersionAtLeast": {},
            "isPlatformAndVersionAtMost": {},
            "platform": "android"
          },
          "userAgent": "Mozilla/5.0 (Android 9; Mobile; rv:68.0) Gecko/68.0 Firefox/68.0",
          "windowSize": "360x612"
        },
        "pageinfo": {
          "documentHeight": 9529,
          "documentSize": {
            "decodedBodySize": 296479,
            "encodedBodySize": 66198,
            "transferSize": 67344
          },
          "documentTitle": "BBC - Homepage",
          "documentWidth": 360,
          "domElements": 1327,
          "navigationStartTime": 1617119041359,
          "nextHopProtocol": "h2",
          "resources": {
            "count": 0,
            "duration": 0
          },
          "responsive": true,
          "url": "https://www.bbc.com/",
          "visualElements": {
            "heroes": [
              {
                "filename": "_117758057_floyd_976getty.jpg",
                "height": 185,
                "name": "LargestImage",
                "width": 328,
                "x": 16,
                "y": 50
              }
            ],
            "viewport": {
              "height": 612,
              "width": 360
            }
          }
        },
        "timings": {
          "firstPaint": 1750,
          "loadEventEnd": 8390,
          "navigationTiming": {
            "connectStart": 43,
            "domComplete": 8349,
            "domContentLoadedEventEnd": 2250,
            "domContentLoadedEventStart": 2228,
            "domInteractive": 1315,
            "domainLookupEnd": 43,
            "domainLookupStart": 43,
            "duration": 8390,
            "fetchStart": 2,
            "loadEventEnd": 8390,
            "loadEventStart": 8374,
            "redirectEnd": 0,
            "redirectStart": 0,
            "requestStart": 130,
            "responseEnd": 141,
            "responseStart": 141,
            "secureConnectionStart": 58,
            "startTime": 0,
            "unloadEventEnd": 0,
            "unloadEventStart": 0,
            "workerStart": 0
          },
          "pageTimings": {
            "backEndTime": 141,
            "domContentLoadedTime": 2228,
            "domInteractiveTime": 1315,
            "domainLookupTime": 0,
            "frontEndTime": 8233,
            "pageDownloadTime": 0,
            "pageLoadTime": 8374,
            "redirectionTime": 0,
            "serverConnectionTime": 86,
            "serverResponseTime": 10
          },
          "rumSpeedIndex": 140,
          "timeToContentfulPaint": 2020,
          "timeToDomContentFlushed": 1720,
          "userTimings": {
            "marks": [
              {
                "name": "optimizely:blockBegin",
                "startTime": 3196.2000000000003
              },
              {
                "name": "gpt-tag-load",
                "startTime": 7321.360000000001
              },
              {
                "name": "gpt-first-ad-request",
                "startTime": 8319.98
              },
              {
                "name": "gpt-first-ad-render",
                "startTime": 9843.68
              }
            ],
            "measures": []
          }
        }
      },
      {
        "browser": {
          "appConstants": {
            "ACCESSIBILITY": true,
            "ANDROID_PACKAGE_NAME": "org.mozilla.firefox",
            "ASAN": false,
            "ASAN_REPORTER": false,
            "BROWSER_CHROME_URL": "chrome://browser/content/browser.xul",
            "DEBUG": false,
            "DEBUG_JS_MODULES": "",
            "DLL_PREFIX": "lib",
            "DLL_SUFFIX": ".so",
            "EARLY_BETA_OR_EARLIER": false,
            "FENNEC_NIGHTLY": false,
            "HAVE_SHELL_SERVICE": false,
            "HAVE_USR_LIB64_DIR": false,
            "MENUBAR_CAN_AUTOHIDE": false,
            "MOZILLA_OFFICIAL": true,
            "MOZ_ALLOW_LEGACY_EXTENSIONS": false,
            "MOZ_ANDROID_ACTIVITY_STREAM": false,
            "MOZ_ANDROID_HISTORY": true,
            "MOZ_ANDROID_MOZILLA_ONLINE": false,
            "MOZ_APP_NAME": "fennec",
            "MOZ_APP_VERSION": "68.1.1",
            "MOZ_APP_VERSION_DISPLAY": "68.1.1",
            "MOZ_BING_API_CLIENTID": "no-bing-api-clientid",
            "MOZ_BING_API_KEY": "no-bing-api-key",
            "MOZ_BITS_DOWNLOAD": false,
            "MOZ_BUILD_APP": "mobile/android",
            "MOZ_CODE_COVERAGE": false,
            "MOZ_CRASHREPORTER": true,
            "MOZ_DATA_REPORTING": true,
            "MOZ_DEV_EDITION": false,
            "MOZ_GECKO_PROFILER": true,
            "MOZ_GOOGLE_LOCATION_SERVICE_API_KEY": "AIzaSyB2h2OuRcUgy5N-5hsZqiPW6sH3n_rptiQ",
            "MOZ_GOOGLE_SAFEBROWSING_API_KEY": "AIzaSyC7jsptDS3am4tPx4r3nxis7IMjBc5Dovo",
            "MOZ_GRAPHENE": false,
            "MOZ_MACBUNDLE_NAME": "Firefox.app",
            "MOZ_MAINTENANCE_SERVICE": false,
            "MOZ_MOZILLA_API_KEY": "3b4d27dd-703d-4094-8398-4de2c763505a",
            "MOZ_NEW_CERT_STORAGE": false,
            "MOZ_NEW_NOTIFICATION_STORE": false,
            "MOZ_NEW_XULSTORE": false,
            "MOZ_OFFICIAL_BRANDING": false,
            "MOZ_PLACES": false,
            "MOZ_REQUIRE_SIGNING": false,
            "MOZ_SANDBOX": false,
            "MOZ_SERVICES_HEALTHREPORT": true,
            "MOZ_SERVICES_SYNC": false,
            "MOZ_SWITCHBOARD": true,
            "MOZ_SYSTEM_NSS": false,
            "MOZ_TELEMETRY_ON_BY_DEFAULT": false,
            "MOZ_TELEMETRY_REPORTING": true,
            "MOZ_UNSIGNED_SCOPES": 0,
            "MOZ_UPDATER": false,
            "MOZ_UPDATE_CHANNEL": "release",
            "MOZ_WEBRTC": true,
            "MOZ_WIDGET_GTK": false,
            "MOZ_WIDGET_TOOLKIT": "android",
            "NIGHTLY_BUILD": false,
            "OMNIJAR_NAME": "assets/omni.ja",
            "RELEASE_OR_BETA": true,
            "SOURCE_REVISION_URL": "https://hg.mozilla.org/releases/mozilla-esr68/rev/d2e0b9e17b9bc1ef02606c8006b73293f7892ad5",
            "TELEMETRY_PING_FORMAT_VERSION": 4,
            "XP_UNIX": true,
            "isPlatformAndVersionAtLeast": {},
            "isPlatformAndVersionAtMost": {},
            "platform": "android"
          },
          "asyncAppConstants": {
            "ACCESSIBILITY": true,
            "ANDROID_PACKAGE_NAME": "org.mozilla.firefox",
            "ASAN": false,
            "ASAN_REPORTER": false,
            "BROWSER_CHROME_URL": "chrome://browser/content/browser.xul",
            "DEBUG": false,
            "DEBUG_JS_MODULES": "",
            "DLL_PREFIX": "lib",
            "DLL_SUFFIX": ".so",
            "EARLY_BETA_OR_EARLIER": false,
            "FENNEC_NIGHTLY": false,
            "HAVE_SHELL_SERVICE": false,
            "HAVE_USR_LIB64_DIR": false,
            "MENUBAR_CAN_AUTOHIDE": false,
            "MOZILLA_OFFICIAL": true,
            "MOZ_ALLOW_LEGACY_EXTENSIONS": false,
            "MOZ_ANDROID_ACTIVITY_STREAM": false,
            "MOZ_ANDROID_HISTORY": true,
            "MOZ_ANDROID_MOZILLA_ONLINE": false,
            "MOZ_APP_NAME": "fennec",
            "MOZ_APP_VERSION": "68.1.1",
            "MOZ_APP_VERSION_DISPLAY": "68.1.1",
            "MOZ_BING_API_CLIENTID": "no-bing-api-clientid",
            "MOZ_BING_API_KEY": "no-bing-api-key",
            "MOZ_BITS_DOWNLOAD": false,
            "MOZ_BUILD_APP": "mobile/android",
            "MOZ_CODE_COVERAGE": false,
            "MOZ_CRASHREPORTER": true,
            "MOZ_DATA_REPORTING": true,
            "MOZ_DEV_EDITION": false,
            "MOZ_GECKO_PROFILER": true,
            "MOZ_GOOGLE_LOCATION_SERVICE_API_KEY": "AIzaSyB2h2OuRcUgy5N-5hsZqiPW6sH3n_rptiQ",
            "MOZ_GOOGLE_SAFEBROWSING_API_KEY": "AIzaSyC7jsptDS3am4tPx4r3nxis7IMjBc5Dovo",
            "MOZ_GRAPHENE": false,
            "MOZ_MACBUNDLE_NAME": "Firefox.app",
            "MOZ_MAINTENANCE_SERVICE": false,
            "MOZ_MOZILLA_API_KEY": "3b4d27dd-703d-4094-8398-4de2c763505a",
            "MOZ_NEW_CERT_STORAGE": false,
            "MOZ_NEW_NOTIFICATION_STORE": false,
            "MOZ_NEW_XULSTORE": false,
            "MOZ_OFFICIAL_BRANDING": false,
            "MOZ_PLACES": false,
            "MOZ_REQUIRE_SIGNING": false,
            "MOZ_SANDBOX": false,
            "MOZ_SERVICES_HEALTHREPORT": true,
            "MOZ_SERVICES_SYNC": false,
            "MOZ_SWITCHBOARD": true,
            "MOZ_SYSTEM_NSS": false,
            "MOZ_TELEMETRY_ON_BY_DEFAULT": false,
            "MOZ_TELEMETRY_REPORTING": true,
            "MOZ_UNSIGNED_SCOPES": 0,
            "MOZ_UPDATER": false,
            "MOZ_UPDATE_CHANNEL": "release",
            "MOZ_WEBRTC": true,
            "MOZ_WIDGET_GTK": false,
            "MOZ_WIDGET_TOOLKIT": "android",
            "NIGHTLY_BUILD": false,
            "OMNIJAR_NAME": "assets/omni.ja",
            "RELEASE_OR_BETA": true,
            "SOURCE_REVISION_URL": "https://hg.mozilla.org/releases/mozilla-esr68/rev/d2e0b9e17b9bc1ef02606c8006b73293f7892ad5",
            "TELEMETRY_PING_FORMAT_VERSION": 4,
            "XP_UNIX": true,
            "isPlatformAndVersionAtLeast": {},
            "isPlatformAndVersionAtMost": {},
            "platform": "android"
          },
          "userAgent": "Mozilla/5.0 (Android 9; Mobile; rv:68.0) Gecko/68.0 Firefox/68.0",
          "windowSize": "360x612"
        },
        "pageinfo": {
          "documentHeight": 9529,
          "documentSize": {
            "decodedBodySize": 296476,
            "encodedBodySize": 66191,
            "transferSize": 67310
          },
          "documentTitle": "BBC - Homepage",
          "documentWidth": 360,
          "domElements": 1327,
          "navigationStartTime": 1617119063520,
          "nextHopProtocol": "h2",
          "resources": {
            "count": 0,
            "duration": 0
          },
          "responsive": true,
          "url": "https://www.bbc.com/",
          "visualElements": {
            "heroes": [
              {
                "filename": "_117758057_floyd_976getty.jpg",
                "height": 185,
                "name": "LargestImage",
                "width": 328,
                "x": 16,
                "y": 50
              }
            ],
            "viewport": {
              "height": 612,
              "width": 360
            }
          }
        },
        "timings": {
          "firstPaint": 1701,
          "loadEventEnd": 8525,
          "navigationTiming": {
            "connectStart": 38,
            "domComplete": 8486,
            "domContentLoadedEventEnd": 2203,
            "domContentLoadedEventStart": 2183,
            "domInteractive": 1329,
            "domainLookupEnd": 38,
            "domainLookupStart": 37,
            "duration": 8525,
            "fetchStart": 2,
            "loadEventEnd": 8525,
            "loadEventStart": 8509,
            "redirectEnd": 0,
            "redirectStart": 0,
            "requestStart": 131,
            "responseEnd": 143,
            "responseStart": 143,
            "secureConnectionStart": 50,
            "startTime": 0,
            "unloadEventEnd": 0,
            "unloadEventStart": 0,
            "workerStart": 0
          },
          "pageTimings": {
            "backEndTime": 143,
            "domContentLoadedTime": 2183,
            "domInteractiveTime": 1329,
            "domainLookupTime": 0,
            "frontEndTime": 8366,
            "pageDownloadTime": 0,
            "pageLoadTime": 8509,
            "redirectionTime": 0,
            "serverConnectionTime": 91,
            "serverResponseTime": 13
          },
          "rumSpeedIndex": 143,
          "timeToContentfulPaint": 1960,
          "timeToDomContentFlushed": 1672,
          "userTimings": {
            "marks": [
              {
                "name": "optimizely:blockBegin",
                "startTime": 3072.92
              },
              {
                "name": "gpt-tag-load",
                "startTime": 7664.72
              },
              {
                "name": "gpt-first-ad-request",
                "startTime": 8455.58
              },
              {
                "name": "gpt-first-ad-render",
                "startTime": 10178.6
              }
            ],
            "measures": []
          }
        }
      }
    ],
    "visualMetrics": [],
    "cpu": [],
    "extras": [
      {},
      {},
      {}
    ],
    "fullyLoaded": [],
    "errors": [
      [],
      [],
      []
    ],
    "statistics": {
      "browser": {
        "appConstants": {
          "MOZ_UNSIGNED_SCOPES": {
            "median": 0,
            "mean": 0,
            "mdev": 0,
            "stddev": 0,
            "min": 0,
            "p10": 0,
            "p90": 0,
            "p99": 0,
            "max": 0
          },
          "TELEMETRY_PING_FORMAT_VERSION": {
            "median": 4,
            "mean": 4,
            "mdev": 0,
            "stddev": 0,
            "min": 4,
            "p10": 4,
            "p90": 4,
            "p99": 4,
            "max": 4
          }
        },
        "asyncAppConstants": {
          "MOZ_UNSIGNED_SCOPES": {
            "median": 0,
            "mean": 0,
            "mdev": 0,
            "stddev": 0,
            "min": 0,
            "p10": 0,
            "p90": 0,
            "p99": 0,
            "max": 0
          },
          "TELEMETRY_PING_FORMAT_VERSION": {
            "median": 4,
            "mean": 4,
            "mdev": 0,
            "stddev": 0,
            "min": 4,
            "p10": 4,
            "p90": 4,
            "p99": 4,
            "max": 4
          }
        }
      },
      "pageinfo": {
        "documentHeight": {
          "median": 9529,
          "mean": 9529,
          "mdev": 0,
          "stddev": 0,
          "min": 9529,
          "p10": 9529,
          "p90": 9529,
          "p99": 9529,
          "max": 9529
        },
        "documentSize": {
          "decodedBodySize": {
            "median": 296479,
            "mean": 296478,
            "mdev": 0.8165,
            "stddev": 1,
            "min": 296476,
            "p10": 296476,
            "p90": 296479,
            "p99": 296479,
            "max": 296479
          },
          "encodedBodySize": {
            "median": 66198,
            "mean": 66196,
            "mdev": 1.9052,
            "stddev": 3,
            "min": 66191,
            "p10": 66191,
            "p90": 66198,
            "p99": 66198,
            "max": 66198
          },
          "transferSize": {
            "median": 67343,
            "mean": 67332,
            "mdev": 9.1206,
            "stddev": 16,
            "min": 67310,
            "p10": 67310,
            "p90": 67344,
            "p99": 67344,
            "max": 67344
          }
        },
        "documentWidth": {
          "median": 360,
          "mean": 360,
          "mdev": 0,
          "stddev": 0,
          "min": 360,
          "p10": 360,
          "p90": 360,
          "p99": 360,
          "max": 360
        },
        "domElements": {
          "median": 1327,
          "mean": 1327,
          "mdev": 0,
          "stddev": 0,
          "min": 1327,
          "p10": 1327,
          "p90": 1327,
          "p99": 1327,
          "max": 1327
        },
        "navigationStartTime": {
          "median": 1617119041359,
          "mean": 1617119041728,
          "mdev": 12612.4091,
          "stddev": 21845,
          "min": 1617119020305,
          "p10": 1617119020305,
          "p90": 1617119063520,
          "p99": 1617119063520,
          "max": 1617119063520
        },
        "resources": {
          "count": {
            "median": 0,
            "mean": 0,
            "mdev": 0,
            "stddev": 0,
            "min": 0,
            "p10": 0,
            "p90": 0,
            "p99": 0,
            "max": 0
          },
          "duration": {
            "median": 0,
            "mean": 0,
            "mdev": 0,
            "stddev": 0,
            "min": 0,
            "p10": 0,
            "p90": 0,
            "p99": 0,
            "max": 0
          }
        },
        "visualElements": {
          "heroes": [
            {
              "height": {
                "median": 185,
                "mean": 185,
                "mdev": 0,
                "stddev": 0,
                "min": 185,
                "p10": 185,
                "p90": 185,
                "p99": 185,
                "max": 185
              },
              "width": {
                "median": 328,
                "mean": 328,
                "mdev": 0,
                "stddev": 0,
                "min": 328,
                "p10": 328,
                "p90": 328,
                "p99": 328,
                "max": 328
              },
              "x": {
                "median": 16,
                "mean": 16,
                "mdev": 0,
                "stddev": 0,
                "min": 16,
                "p10": 16,
                "p90": 16,
                "p99": 16,
                "max": 16
              },
              "y": {
                "median": 50,
                "mean": 50,
                "mdev": 0,
                "stddev": 0,
                "min": 50,
                "p10": 50,
                "p90": 50,
                "p99": 50,
                "max": 50
              }
            }
          ],
          "viewport": {
            "height": {
              "median": 612,
              "mean": 612,
              "mdev": 0,
              "stddev": 0,
              "min": 612,
              "p10": 612,
              "p90": 612,
              "p99": 612,
              "max": 612
            },
            "width": {
              "median": 360,
              "mean": 360,
              "mdev": 0,
              "stddev": 0,
              "min": 360,
              "p10": 360,
              "p90": 360,
              "p99": 360,
              "max": 360
            }
          }
        }
      },
      "timings": {
        "firstPaint": {
          "median": 1750,
          "mean": 1817,
          "mdev": 75.5969,
          "stddev": 131,
          "min": 1701,
          "p10": 1701,
          "p90": 2000,
          "p99": 2000,
          "max": 2000
        },
        "loadEventEnd": {
          "median": 8390,
          "mean": 8013,
          "mdev": 364.3249,
          "stddev": 631,
          "min": 7124,
          "p10": 7124,
          "p90": 8525,
          "p99": 8525,
          "max": 8525
        },
        "navigationTiming": {
          "connectStart": {
            "median": 43,
            "mean": 131,
            "mdev": 74.1745,
            "stddev": 128,
            "min": 38,
            "p10": 38,
            "p90": 313,
            "p99": 313,
            "max": 313
          },
          "domComplete": {
            "median": 8349,
            "mean": 7971,
            "mdev": 366.2641,
            "stddev": 634,
            "min": 7077,
            "p10": 7077,
            "p90": 8486,
            "p99": 8486,
            "max": 8486
          },
          "domContentLoadedEventEnd": {
            "median": 2250,
            "mean": 2312,
            "mdev": 70.9528,
            "stddev": 123,
            "min": 2203,
            "p10": 2203,
            "p90": 2484,
            "p99": 2484,
            "max": 2484
          },
          "domContentLoadedEventStart": {
            "median": 2228,
            "mean": 2292,
            "mdev": 71.1498,
            "stddev": 123,
            "min": 2183,
            "p10": 2183,
            "p90": 2464,
            "p99": 2464,
            "max": 2464
          },
          "domInteractive": {
            "median": 1329,
            "mean": 1408,
            "mdev": 70.2962,
            "stddev": 122,
            "min": 1315,
            "p10": 1315,
            "p90": 1580,
            "p99": 1580,
            "max": 1580
          },
          "domainLookupEnd": {
            "median": 43,
            "mean": 131,
            "mdev": 74.1745,
            "stddev": 128,
            "min": 38,
            "p10": 38,
            "p90": 313,
            "p99": 313,
            "max": 313
          },
          "domainLookupStart": {
            "median": 43,
            "mean": 131,
            "mdev": 74.0425,
            "stddev": 128,
            "min": 37,
            "p10": 37,
            "p90": 312,
            "p99": 312,
            "max": 312
          },
          "duration": {
            "median": 8390,
            "mean": 8013,
            "mdev": 364.3249,
            "stddev": 631,
            "min": 7124,
            "p10": 7124,
            "p90": 8525,
            "p99": 8525,
            "max": 8525
          },
          "fetchStart": {
            "median": 2,
            "mean": 2,
            "mdev": 0.2722,
            "stddev": 0,
            "min": 2,
            "p10": 2,
            "p90": 3,
            "p99": 3,
            "max": 3
          },
          "loadEventEnd": {
            "median": 8390,
            "mean": 8013,
            "mdev": 364.3249,
            "stddev": 631,
            "min": 7124,
            "p10": 7124,
            "p90": 8525,
            "p99": 8525,
            "max": 8525
          },
          "loadEventStart": {
            "median": 8374,
            "mean": 7997,
            "mdev": 364.0538,
            "stddev": 631,
            "min": 7109,
            "p10": 7109,
            "p90": 8509,
            "p99": 8509,
            "max": 8509
          },
          "redirectEnd": {
            "median": 0,
            "mean": 0,
            "mdev": 0,
            "stddev": 0,
            "min": 0,
            "p10": 0,
            "p90": 0,
            "p99": 0,
            "max": 0
          },
          "redirectStart": {
            "median": 0,
            "mean": 0,
            "mdev": 0,
            "stddev": 0,
            "min": 0,
            "p10": 0,
            "p90": 0,
            "p99": 0,
            "max": 0
          },
          "requestStart": {
            "median": 131,
            "mean": 225,
            "mdev": 76.8871,
            "stddev": 133,
            "min": 130,
            "p10": 130,
            "p90": 413,
            "p99": 413,
            "max": 413
          },
          "responseEnd": {
            "median": 143,
            "mean": 237,
            "mdev": 77.2964,
            "stddev": 134,
            "min": 141,
            "p10": 141,
            "p90": 426,
            "p99": 426,
            "max": 426
          },
          "responseStart": {
            "median": 143,
            "mean": 237,
            "mdev": 77.2964,
            "stddev": 134,
            "min": 141,
            "p10": 141,
            "p90": 426,
            "p99": 426,
            "max": 426
          },
          "secureConnectionStart": {
            "median": 58,
            "mean": 145,
            "mdev": 74.3251,
            "stddev": 129,
            "min": 50,
            "p10": 50,
            "p90": 327,
            "p99": 327,
            "max": 327
          },
          "startTime": {
            "median": 0,
            "mean": 0,
            "mdev": 0,
            "stddev": 0,
            "min": 0,
            "p10": 0,
            "p90": 0,
            "p99": 0,
            "max": 0
          },
          "unloadEventEnd": {
            "median": 0,
            "mean": 0,
            "mdev": 0,
            "stddev": 0,
            "min": 0,
            "p10": 0,
            "p90": 0,
            "p99": 0,
            "max": 0
          },
          "unloadEventStart": {
            "median": 0,
            "mean": 0,
            "mdev": 0,
            "stddev": 0,
            "min": 0,
            "p10": 0,
            "p90": 0,
            "p99": 0,
            "max": 0
          },
          "workerStart": {
            "median": 0,
            "mean": 0,
            "mdev": 0,
            "stddev": 0,
            "min": 0,
            "p10": 0,
            "p90": 0,
            "p99": 0,
            "max": 0
          }
        },
        "pageTimings": {
          "backEndTime": {
            "median": 143,
            "mean": 237,
            "mdev": 77.2964,
            "stddev": 134,
            "min": 141,
            "p10": 141,
            "p90": 426,
            "p99": 426,
            "max": 426
          },
          "domContentLoadedTime": {
            "median": 2228,
            "mean": 2292,
            "mdev": 71.1498,
            "stddev": 123,
            "min": 2183,
            "p10": 2183,
            "p90": 2464,
            "p99": 2464,
            "max": 2464
          },
          "domInteractiveTime": {
            "median": 1329,
            "mean": 1408,
            "mdev": 70.2962,
            "stddev": 122,
            "min": 1315,
            "p10": 1315,
            "p90": 1580,
            "p99": 1580,
            "max": 1580
          },
          "domainLookupTime": {
            "median": 0,
            "mean": 0,
            "mdev": 0,
            "stddev": 0,
            "min": 0,
            "p10": 0,
            "p90": 0,
            "p99": 0,
            "max": 0
          },
          "frontEndTime": {
            "median": 8233,
            "mean": 7761,
            "mdev": 441.071,
            "stddev": 764,
            "min": 6683,
            "p10": 6683,
            "p90": 8366,
            "p99": 8366,
            "max": 8366
          },
          "pageDownloadTime": {
            "median": 0,
            "mean": 0,
            "mdev": 0,
            "stddev": 0,
            "min": 0,
            "p10": 0,
            "p90": 0,
            "p99": 0,
            "max": 0
          },
          "pageLoadTime": {
            "median": 8374,
            "mean": 7997,
            "mdev": 364.0538,
            "stddev": 631,
            "min": 7109,
            "p10": 7109,
            "p90": 8509,
            "p99": 8509,
            "max": 8509
          },
          "redirectionTime": {
            "median": 0,
            "mean": 0,
            "mdev": 0,
            "stddev": 0,
            "min": 0,
            "p10": 0,
            "p90": 0,
            "p99": 0,
            "max": 0
          },
          "serverConnectionTime": {
            "median": 91,
            "mean": 92,
            "mdev": 3.0912,
            "stddev": 5,
            "min": 86,
            "p10": 86,
            "p90": 99,
            "p99": 99,
            "max": 99
          },
          "serverResponseTime": {
            "median": 12,
            "mean": 12,
            "mdev": 0.7201,
            "stddev": 1,
            "min": 10,
            "p10": 10,
            "p90": 13,
            "p99": 13,
            "max": 13
          }
        },
        "rumSpeedIndex": {
          "median": 143,
          "mean": 236,
          "mdev": 77.1622,
          "stddev": 134,
          "min": 140,
          "p10": 140,
          "p90": 425,
          "p99": 425,
          "max": 425
        },
        "timeToContentfulPaint": {
          "median": 2020,
          "mean": 2077,
          "mdev": 72.6962,
          "stddev": 126,
          "min": 1960,
          "p10": 1960,
          "p90": 2252,
          "p99": 2252,
          "max": 2252
        },
        "timeToDomContentFlushed": {
          "median": 1720,
          "mean": 1788,
          "mdev": 76.234,
          "stddev": 132,
          "min": 1672,
          "p10": 1672,
          "p90": 1973,
          "p99": 1973,
          "max": 1973
        },
        "userTimings": {
          "marks": {
            "optimizely:blockBegin": {
              "median": 3196,
              "mean": 3172,
              "mdev": 42.2433,
              "stddev": 73,
              "min": 3073,
              "p10": 3073,
              "p90": 3247,
              "p99": 3247,
              "max": 3247
            },
            "gpt-tag-load": {
              "median": 7321,
              "mean": 7083,
              "mdev": 344.2328,
              "stddev": 596,
              "min": 6264,
              "p10": 6264,
              "p90": 7665,
              "p99": 7665,
              "max": 7665
            },
            "gpt-first-ad-request": {
              "median": 8320,
              "mean": 7943,
              "mdev": 364.2723,
              "stddev": 631,
              "min": 7055,
              "p10": 7055,
              "p90": 8456,
              "p99": 8456,
              "max": 8456
            },
            "gpt-first-ad-render": {
              "median": 9844,
              "mean": 9500,
              "mdev": 424.9102,
              "stddev": 736,
              "min": 8477,
              "p10": 8477,
              "p90": 10179,
              "p99": 10179,
              "max": 10179
            }
          }
        }
      }
    }
  }
]