[
  {
    "info": {
      "browsertime": {
        "version": "8.4.0"
      },
      "url": "https://www.naver.com/",
      "timestamp": "2021-03-30T03:11:30+04:00",
      "connectivity": {
        "engine": "external",
        "profile": "native"
      },
      "extra": {}
    },
    "files": {
      "video": [],
      "screenshot": [],
      "timeline": [],
      "consoleLog": [],
      "netLog": [],
      "perfLog": []
    },
    "cdp": {
      "performance": []
    },
    "timestamps": [
      "2021-03-30T03:11:12+04:00",
      "2021-03-30T03:11:41+04:00",
      "2021-03-30T03:12:10+04:00"
    ],
    "browserScripts": [
      {
        "browser": {
          "appConstants": {
            "ACCESSIBILITY": true,
            "ANDROID_PACKAGE_NAME": "org.mozilla.firefox",
            "ASAN": false,
            "ASAN_REPORTER": false,
            "BROWSER_CHROME_URL": "chrome://browser/content/browser.xul",
            "DEBUG": false,
            "DEBUG_JS_MODULES": "",
            "DLL_PREFIX": "lib",
            "DLL_SUFFIX": ".so",
            "EARLY_BETA_OR_EARLIER": false,
            "FENNEC_NIGHTLY": false,
            "HAVE_SHELL_SERVICE": false,
            "HAVE_USR_LIB64_DIR": false,
            "MENUBAR_CAN_AUTOHIDE": false,
            "MOZILLA_OFFICIAL": true,
            "MOZ_ALLOW_LEGACY_EXTENSIONS": false,
            "MOZ_ANDROID_ACTIVITY_STREAM": false,
            "MOZ_ANDROID_HISTORY": true,
            "MOZ_ANDROID_MOZILLA_ONLINE": false,
            "MOZ_APP_NAME": "fennec",
            "MOZ_APP_VERSION": "68.1.1",
            "MOZ_APP_VERSION_DISPLAY": "68.1.1",
            "MOZ_BING_API_CLIENTID": "no-bing-api-clientid",
            "MOZ_BING_API_KEY": "no-bing-api-key",
            "MOZ_BITS_DOWNLOAD": false,
            "MOZ_BUILD_APP": "mobile/android",
            "MOZ_CODE_COVERAGE": false,
            "MOZ_CRASHREPORTER": true,
            "MOZ_DATA_REPORTING": true,
            "MOZ_DEV_EDITION": false,
            "MOZ_GECKO_PROFILER": true,
            "MOZ_GOOGLE_LOCATION_SERVICE_API_KEY": "AIzaSyB2h2OuRcUgy5N-5hsZqiPW6sH3n_rptiQ",
            "MOZ_GOOGLE_SAFEBROWSING_API_KEY": "AIzaSyC7jsptDS3am4tPx4r3nxis7IMjBc5Dovo",
            "MOZ_GRAPHENE": false,
            "MOZ_MACBUNDLE_NAME": "Firefox.app",
            "MOZ_MAINTENANCE_SERVICE": false,
            "MOZ_MOZILLA_API_KEY": "3b4d27dd-703d-4094-8398-4de2c763505a",
            "MOZ_NEW_CERT_STORAGE": false,
            "MOZ_NEW_NOTIFICATION_STORE": false,
            "MOZ_NEW_XULSTORE": false,
            "MOZ_OFFICIAL_BRANDING": false,
            "MOZ_PLACES": false,
            "MOZ_REQUIRE_SIGNING": false,
            "MOZ_SANDBOX": false,
            "MOZ_SERVICES_HEALTHREPORT": true,
            "MOZ_SERVICES_SYNC": false,
            "MOZ_SWITCHBOARD": true,
            "MOZ_SYSTEM_NSS": false,
            "MOZ_TELEMETRY_ON_BY_DEFAULT": false,
            "MOZ_TELEMETRY_REPORTING": true,
            "MOZ_UNSIGNED_SCOPES": 0,
            "MOZ_UPDATER": false,
            "MOZ_UPDATE_CHANNEL": "release",
            "MOZ_WEBRTC": true,
            "MOZ_WIDGET_GTK": false,
            "MOZ_WIDGET_TOOLKIT": "android",
            "NIGHTLY_BUILD": false,
            "OMNIJAR_NAME": "assets/omni.ja",
            "RELEASE_OR_BETA": true,
            "SOURCE_REVISION_URL": "https://hg.mozilla.org/releases/mozilla-esr68/rev/d2e0b9e17b9bc1ef02606c8006b73293f7892ad5",
            "TELEMETRY_PING_FORMAT_VERSION": 4,
            "XP_UNIX": true,
            "isPlatformAndVersionAtLeast": {},
            "isPlatformAndVersionAtMost": {},
            "platform": "android"
          },
          "asyncAppConstants": {
            "ACCESSIBILITY": true,
            "ANDROID_PACKAGE_NAME": "org.mozilla.firefox",
            "ASAN": false,
            "ASAN_REPORTER": false,
            "BROWSER_CHROME_URL": "chrome://browser/content/browser.xul",
            "DEBUG": false,
            "DEBUG_JS_MODULES": "",
            "DLL_PREFIX": "lib",
            "DLL_SUFFIX": ".so",
            "EARLY_BETA_OR_EARLIER": false,
            "FENNEC_NIGHTLY": false,
            "HAVE_SHELL_SERVICE": false,
            "HAVE_USR_LIB64_DIR": false,
            "MENUBAR_CAN_AUTOHIDE": false,
            "MOZILLA_OFFICIAL": true,
            "MOZ_ALLOW_LEGACY_EXTENSIONS": false,
            "MOZ_ANDROID_ACTIVITY_STREAM": false,
            "MOZ_ANDROID_HISTORY": true,
            "MOZ_ANDROID_MOZILLA_ONLINE": false,
            "MOZ_APP_NAME": "fennec",
            "MOZ_APP_VERSION": "68.1.1",
            "MOZ_APP_VERSION_DISPLAY": "68.1.1",
            "MOZ_BING_API_CLIENTID": "no-bing-api-clientid",
            "MOZ_BING_API_KEY": "no-bing-api-key",
            "MOZ_BITS_DOWNLOAD": false,
            "MOZ_BUILD_APP": "mobile/android",
            "MOZ_CODE_COVERAGE": false,
            "MOZ_CRASHREPORTER": true,
            "MOZ_DATA_REPORTING": true,
            "MOZ_DEV_EDITION": false,
            "MOZ_GECKO_PROFILER": true,
            "MOZ_GOOGLE_LOCATION_SERVICE_API_KEY": "AIzaSyB2h2OuRcUgy5N-5hsZqiPW6sH3n_rptiQ",
            "MOZ_GOOGLE_SAFEBROWSING_API_KEY": "AIzaSyC7jsptDS3am4tPx4r3nxis7IMjBc5Dovo",
            "MOZ_GRAPHENE": false,
            "MOZ_MACBUNDLE_NAME": "Firefox.app",
            "MOZ_MAINTENANCE_SERVICE": false,
            "MOZ_MOZILLA_API_KEY": "3b4d27dd-703d-4094-8398-4de2c763505a",
            "MOZ_NEW_CERT_STORAGE": false,
            "MOZ_NEW_NOTIFICATION_STORE": false,
            "MOZ_NEW_XULSTORE": false,
            "MOZ_OFFICIAL_BRANDING": false,
            "MOZ_PLACES": false,
            "MOZ_REQUIRE_SIGNING": false,
            "MOZ_SANDBOX": false,
            "MOZ_SERVICES_HEALTHREPORT": true,
            "MOZ_SERVICES_SYNC": false,
            "MOZ_SWITCHBOARD": true,
            "MOZ_SYSTEM_NSS": false,
            "MOZ_TELEMETRY_ON_BY_DEFAULT": false,
            "MOZ_TELEMETRY_REPORTING": true,
            "MOZ_UNSIGNED_SCOPES": 0,
            "MOZ_UPDATER": false,
            "MOZ_UPDATE_CHANNEL": "release",
            "MOZ_WEBRTC": true,
            "MOZ_WIDGET_GTK": false,
            "MOZ_WIDGET_TOOLKIT": "android",
            "NIGHTLY_BUILD": false,
            "OMNIJAR_NAME": "assets/omni.ja",
            "RELEASE_OR_BETA": true,
            "SOURCE_REVISION_URL": "https://hg.mozilla.org/releases/mozilla-esr68/rev/d2e0b9e17b9bc1ef02606c8006b73293f7892ad5",
            "TELEMETRY_PING_FORMAT_VERSION": 4,
            "XP_UNIX": true,
            "isPlatformAndVersionAtLeast": {},
            "isPlatformAndVersionAtMost": {},
            "platform": "android"
          },
          "userAgent": "Mozilla/5.0 (Android 8.1.0; Mobile; rv:68.0) Gecko/68.0 Firefox/68.0",
          "windowSize": "360x560"
        },
        "pageinfo": {
          "documentHeight": 1415,
          "documentSize": {
            "decodedBodySize": 179509,
            "encodedBodySize": 34742,
            "transferSize": 35340
          },
          "documentTitle": "NAVER",
          "documentWidth": 360,
          "domElements": 6936,
          "navigationStartTime": 1617059472816,
          "nextHopProtocol": "h2",
          "resources": {
            "count": 0,
            "duration": 0
          },
          "responsive": true,
          "url": "https://m.naver.com/",
          "visualElements": {
            "heroes": [
              {
                "filename": "bac34a62dffe3b2ce5ee_20210329123116485.png",
                "height": 77,
                "name": "LargestImage",
                "width": 360,
                "x": 0,
                "y": 399
              },
              {
                "filename": null,
                "height": 114,
                "name": "Heading",
                "width": 360,
                "x": 0,
                "y": 0
              }
            ],
            "viewport": {
              "height": 560,
              "width": 360
            }
          }
        },
        "timings": {
          "firstPaint": 4777,
          "loadEventEnd": 7277,
          "navigationTiming": {
            "connectStart": 640,
            "domComplete": 7266,
            "domContentLoadedEventEnd": 4955,
            "domContentLoadedEventStart": 4941,
            "domInteractive": 4750,
            "domainLookupEnd": 640,
            "domainLookupStart": 640,
            "duration": 7277,
            "fetchStart": 623,
            "loadEventEnd": 7277,
            "loadEventStart": 7266,
            "redirectEnd": 620,
            "redirectStart": 3,
            "requestStart": 647,
            "responseEnd": 1052,
            "responseStart": 1038,
            "secureConnectionStart": 0,
            "startTime": 0,
            "unloadEventEnd": 0,
            "unloadEventStart": 0,
            "workerStart": 0
          },
          "pageTimings": {
            "backEndTime": 1038,
            "domContentLoadedTime": 4941,
            "domInteractiveTime": 4750,
            "domainLookupTime": 0,
            "frontEndTime": 6215,
            "pageDownloadTime": 14,
            "pageLoadTime": 7266,
            "redirectionTime": 617,
            "serverConnectionTime": 0,
            "serverResponseTime": 405
          },
          "rumSpeedIndex": 1037,
          "timeToContentfulPaint": 4990,
          "timeToDomContentFlushed": 4752,
          "userTimings": {
            "marks": [],
            "measures": []
          }
        }
      },
      {
        "browser": {
          "appConstants": {
            "ACCESSIBILITY": true,
            "ANDROID_PACKAGE_NAME": "org.mozilla.firefox",
            "ASAN": false,
            "ASAN_REPORTER": false,
            "BROWSER_CHROME_URL": "chrome://browser/content/browser.xul",
            "DEBUG": false,
            "DEBUG_JS_MODULES": "",
            "DLL_PREFIX": "lib",
            "DLL_SUFFIX": ".so",
            "EARLY_BETA_OR_EARLIER": false,
            "FENNEC_NIGHTLY": false,
            "HAVE_SHELL_SERVICE": false,
            "HAVE_USR_LIB64_DIR": false,
            "MENUBAR_CAN_AUTOHIDE": false,
            "MOZILLA_OFFICIAL": true,
            "MOZ_ALLOW_LEGACY_EXTENSIONS": false,
            "MOZ_ANDROID_ACTIVITY_STREAM": false,
            "MOZ_ANDROID_HISTORY": true,
            "MOZ_ANDROID_MOZILLA_ONLINE": false,
            "MOZ_APP_NAME": "fennec",
            "MOZ_APP_VERSION": "68.1.1",
            "MOZ_APP_VERSION_DISPLAY": "68.1.1",
            "MOZ_BING_API_CLIENTID": "no-bing-api-clientid",
            "MOZ_BING_API_KEY": "no-bing-api-key",
            "MOZ_BITS_DOWNLOAD": false,
            "MOZ_BUILD_APP": "mobile/android",
            "MOZ_CODE_COVERAGE": false,
            "MOZ_CRASHREPORTER": true,
            "MOZ_DATA_REPORTING": true,
            "MOZ_DEV_EDITION": false,
            "MOZ_GECKO_PROFILER": true,
            "MOZ_GOOGLE_LOCATION_SERVICE_API_KEY": "AIzaSyB2h2OuRcUgy5N-5hsZqiPW6sH3n_rptiQ",
            "MOZ_GOOGLE_SAFEBROWSING_API_KEY": "AIzaSyC7jsptDS3am4tPx4r3nxis7IMjBc5Dovo",
            "MOZ_GRAPHENE": false,
            "MOZ_MACBUNDLE_NAME": "Firefox.app",
            "MOZ_MAINTENANCE_SERVICE": false,
            "MOZ_MOZILLA_API_KEY": "3b4d27dd-703d-4094-8398-4de2c763505a",
            "MOZ_NEW_CERT_STORAGE": false,
            "MOZ_NEW_NOTIFICATION_STORE": false,
            "MOZ_NEW_XULSTORE": false,
            "MOZ_OFFICIAL_BRANDING": false,
            "MOZ_PLACES": false,
            "MOZ_REQUIRE_SIGNING": false,
            "MOZ_SANDBOX": false,
            "MOZ_SERVICES_HEALTHREPORT": true,
            "MOZ_SERVICES_SYNC": false,
            "MOZ_SWITCHBOARD": true,
            "MOZ_SYSTEM_NSS": false,
            "MOZ_TELEMETRY_ON_BY_DEFAULT": false,
            "MOZ_TELEMETRY_REPORTING": true,
            "MOZ_UNSIGNED_SCOPES": 0,
            "MOZ_UPDATER": false,
            "MOZ_UPDATE_CHANNEL": "release",
            "MOZ_WEBRTC": true,
            "MOZ_WIDGET_GTK": false,
            "MOZ_WIDGET_TOOLKIT": "android",
            "NIGHTLY_BUILD": false,
            "OMNIJAR_NAME": "assets/omni.ja",
            "RELEASE_OR_BETA": true,
            "SOURCE_REVISION_URL": "https://hg.mozilla.org/releases/mozilla-esr68/rev/d2e0b9e17b9bc1ef02606c8006b73293f7892ad5",
            "TELEMETRY_PING_FORMAT_VERSION": 4,
            "XP_UNIX": true,
            "isPlatformAndVersionAtLeast": {},
            "isPlatformAndVersionAtMost": {},
            "platform": "android"
          },
          "asyncAppConstants": {
            "ACCESSIBILITY": true,
            "ANDROID_PACKAGE_NAME": "org.mozilla.firefox",
            "ASAN": false,
            "ASAN_REPORTER": false,
            "BROWSER_CHROME_URL": "chrome://browser/content/browser.xul",
            "DEBUG": false,
            "DEBUG_JS_MODULES": "",
            "DLL_PREFIX": "lib",
            "DLL_SUFFIX": ".so",
            "EARLY_BETA_OR_EARLIER": false,
            "FENNEC_NIGHTLY": false,
            "HAVE_SHELL_SERVICE": false,
            "HAVE_USR_LIB64_DIR": false,
            "MENUBAR_CAN_AUTOHIDE": false,
            "MOZILLA_OFFICIAL": true,
            "MOZ_ALLOW_LEGACY_EXTENSIONS": false,
            "MOZ_ANDROID_ACTIVITY_STREAM": false,
            "MOZ_ANDROID_HISTORY": true,
            "MOZ_ANDROID_MOZILLA_ONLINE": false,
            "MOZ_APP_NAME": "fennec",
            "MOZ_APP_VERSION": "68.1.1",
            "MOZ_APP_VERSION_DISPLAY": "68.1.1",
            "MOZ_BING_API_CLIENTID": "no-bing-api-clientid",
            "MOZ_BING_API_KEY": "no-bing-api-key",
            "MOZ_BITS_DOWNLOAD": false,
            "MOZ_BUILD_APP": "mobile/android",
            "MOZ_CODE_COVERAGE": false,
            "MOZ_CRASHREPORTER": true,
            "MOZ_DATA_REPORTING": true,
            "MOZ_DEV_EDITION": false,
            "MOZ_GECKO_PROFILER": true,
            "MOZ_GOOGLE_LOCATION_SERVICE_API_KEY": "AIzaSyB2h2OuRcUgy5N-5hsZqiPW6sH3n_rptiQ",
            "MOZ_GOOGLE_SAFEBROWSING_API_KEY": "AIzaSyC7jsptDS3am4tPx4r3nxis7IMjBc5Dovo",
            "MOZ_GRAPHENE": false,
            "MOZ_MACBUNDLE_NAME": "Firefox.app",
            "MOZ_MAINTENANCE_SERVICE": false,
            "MOZ_MOZILLA_API_KEY": "3b4d27dd-703d-4094-8398-4de2c763505a",
            "MOZ_NEW_CERT_STORAGE": false,
            "MOZ_NEW_NOTIFICATION_STORE": false,
            "MOZ_NEW_XULSTORE": false,
            "MOZ_OFFICIAL_BRANDING": false,
            "MOZ_PLACES": false,
            "MOZ_REQUIRE_SIGNING": false,
            "MOZ_SANDBOX": false,
            "MOZ_SERVICES_HEALTHREPORT": true,
            "MOZ_SERVICES_SYNC": false,
            "MOZ_SWITCHBOARD": true,
            "MOZ_SYSTEM_NSS": false,
            "MOZ_TELEMETRY_ON_BY_DEFAULT": false,
            "MOZ_TELEMETRY_REPORTING": true,
            "MOZ_UNSIGNED_SCOPES": 0,
            "MOZ_UPDATER": false,
            "MOZ_UPDATE_CHANNEL": "release",
            "MOZ_WEBRTC": true,
            "MOZ_WIDGET_GTK": false,
            "MOZ_WIDGET_TOOLKIT": "android",
            "NIGHTLY_BUILD": false,
            "OMNIJAR_NAME": "assets/omni.ja",
            "RELEASE_OR_BETA": true,
            "SOURCE_REVISION_URL": "https://hg.mozilla.org/releases/mozilla-esr68/rev/d2e0b9e17b9bc1ef02606c8006b73293f7892ad5",
            "TELEMETRY_PING_FORMAT_VERSION": 4,
            "XP_UNIX": true,
            "isPlatformAndVersionAtLeast": {},
            "isPlatformAndVersionAtMost": {},
            "platform": "android"
          },
          "userAgent": "Mozilla/5.0 (Android 8.1.0; Mobile; rv:68.0) Gecko/68.0 Firefox/68.0",
          "windowSize": "360x560"
        },
        "pageinfo": {
          "documentHeight": 1415,
          "documentSize": {
            "decodedBodySize": 179483,
            "encodedBodySize": 34764,
            "transferSize": 35362
          },
          "documentTitle": "NAVER",
          "documentWidth": 360,
          "domElements": 6935,
          "navigationStartTime": 1617059502183,
          "nextHopProtocol": "h2",
          "resources": {
            "count": 0,
            "duration": 0
          },
          "responsive": true,
          "url": "https://m.naver.com/",
          "visualElements": {
            "heroes": [
              {
                "filename": "28a2dcc935ef27297ebe_20210329123228100.png",
                "height": 77,
                "name": "LargestImage",
                "width": 360,
                "x": 0,
                "y": 399
              },
              {
                "filename": null,
                "height": 114,
                "name": "Heading",
                "width": 360,
                "x": 0,
                "y": 0
              }
            ],
            "viewport": {
              "height": 560,
              "width": 360
            }
          }
        },
        "timings": {
          "firstPaint": 5174,
          "loadEventEnd": 5904,
          "navigationTiming": {
            "connectStart": 639,
            "domComplete": 5896,
            "domContentLoadedEventEnd": 5364,
            "domContentLoadedEventStart": 5348,
            "domInteractive": 5156,
            "domainLookupEnd": 638,
            "domainLookupStart": 638,
            "duration": 5904,
            "fetchStart": 631,
            "loadEventEnd": 5904,
            "loadEventStart": 5896,
            "redirectEnd": 629,
            "redirectStart": 2,
            "requestStart": 644,
            "responseEnd": 1708,
            "responseStart": 1695,
            "secureConnectionStart": 0,
            "startTime": 0,
            "unloadEventEnd": 0,
            "unloadEventStart": 0,
            "workerStart": 0
          },
          "pageTimings": {
            "backEndTime": 1695,
            "domContentLoadedTime": 5348,
            "domInteractiveTime": 5156,
            "domainLookupTime": 0,
            "frontEndTime": 4188,
            "pageDownloadTime": 13,
            "pageLoadTime": 5896,
            "redirectionTime": 627,
            "serverConnectionTime": 0,
            "serverResponseTime": 1064
          },
          "rumSpeedIndex": 1695,
          "timeToContentfulPaint": 5378,
          "timeToDomContentFlushed": 5157,
          "userTimings": {
            "marks": [],
            "measures": []
          }
        }
      },
      {
        "browser": {
          "appConstants": {
            "ACCESSIBILITY": true,
            "ANDROID_PACKAGE_NAME": "org.mozilla.firefox",
            "ASAN": false,
            "ASAN_REPORTER": false,
            "BROWSER_CHROME_URL": "chrome://browser/content/browser.xul",
            "DEBUG": false,
            "DEBUG_JS_MODULES": "",
            "DLL_PREFIX": "lib",
            "DLL_SUFFIX": ".so",
            "EARLY_BETA_OR_EARLIER": false,
            "FENNEC_NIGHTLY": false,
            "HAVE_SHELL_SERVICE": false,
            "HAVE_USR_LIB64_DIR": false,
            "MENUBAR_CAN_AUTOHIDE": false,
            "MOZILLA_OFFICIAL": true,
            "MOZ_ALLOW_LEGACY_EXTENSIONS": false,
            "MOZ_ANDROID_ACTIVITY_STREAM": false,
            "MOZ_ANDROID_HISTORY": true,
            "MOZ_ANDROID_MOZILLA_ONLINE": false,
            "MOZ_APP_NAME": "fennec",
            "MOZ_APP_VERSION": "68.1.1",
            "MOZ_APP_VERSION_DISPLAY": "68.1.1",
            "MOZ_BING_API_CLIENTID": "no-bing-api-clientid",
            "MOZ_BING_API_KEY": "no-bing-api-key",
            "MOZ_BITS_DOWNLOAD": false,
            "MOZ_BUILD_APP": "mobile/android",
            "MOZ_CODE_COVERAGE": false,
            "MOZ_CRASHREPORTER": true,
            "MOZ_DATA_REPORTING": true,
            "MOZ_DEV_EDITION": false,
            "MOZ_GECKO_PROFILER": true,
            "MOZ_GOOGLE_LOCATION_SERVICE_API_KEY": "AIzaSyB2h2OuRcUgy5N-5hsZqiPW6sH3n_rptiQ",
            "MOZ_GOOGLE_SAFEBROWSING_API_KEY": "AIzaSyC7jsptDS3am4tPx4r3nxis7IMjBc5Dovo",
            "MOZ_GRAPHENE": false,
            "MOZ_MACBUNDLE_NAME": "Firefox.app",
            "MOZ_MAINTENANCE_SERVICE": false,
            "MOZ_MOZILLA_API_KEY": "3b4d27dd-703d-4094-8398-4de2c763505a",
            "MOZ_NEW_CERT_STORAGE": false,
            "MOZ_NEW_NOTIFICATION_STORE": false,
            "MOZ_NEW_XULSTORE": false,
            "MOZ_OFFICIAL_BRANDING": false,
            "MOZ_PLACES": false,
            "MOZ_REQUIRE_SIGNING": false,
            "MOZ_SANDBOX": false,
            "MOZ_SERVICES_HEALTHREPORT": true,
            "MOZ_SERVICES_SYNC": false,
            "MOZ_SWITCHBOARD": true,
            "MOZ_SYSTEM_NSS": false,
            "MOZ_TELEMETRY_ON_BY_DEFAULT": false,
            "MOZ_TELEMETRY_REPORTING": true,
            "MOZ_UNSIGNED_SCOPES": 0,
            "MOZ_UPDATER": false,
            "MOZ_UPDATE_CHANNEL": "release",
            "MOZ_WEBRTC": true,
            "MOZ_WIDGET_GTK": false,
            "MOZ_WIDGET_TOOLKIT": "android",
            "NIGHTLY_BUILD": false,
            "OMNIJAR_NAME": "assets/omni.ja",
            "RELEASE_OR_BETA": true,
            "SOURCE_REVISION_URL": "https://hg.mozilla.org/releases/mozilla-esr68/rev/d2e0b9e17b9bc1ef02606c8006b73293f7892ad5",
            "TELEMETRY_PING_FORMAT_VERSION": 4,
            "XP_UNIX": true,
            "isPlatformAndVersionAtLeast": {},
            "isPlatformAndVersionAtMost": {},
            "platform": "android"
          },
          "asyncAppConstants": {
            "ACCESSIBILITY": true,
            "ANDROID_PACKAGE_NAME": "org.mozilla.firefox",
            "ASAN": false,
            "ASAN_REPORTER": false,
            "BROWSER_CHROME_URL": "chrome://browser/content/browser.xul",
            "DEBUG": false,
            "DEBUG_JS_MODULES": "",
            "DLL_PREFIX": "lib",
            "DLL_SUFFIX": ".so",
            "EARLY_BETA_OR_EARLIER": false,
            "FENNEC_NIGHTLY": false,
            "HAVE_SHELL_SERVICE": false,
            "HAVE_USR_LIB64_DIR": false,
            "MENUBAR_CAN_AUTOHIDE": false,
            "MOZILLA_OFFICIAL": true,
            "MOZ_ALLOW_LEGACY_EXTENSIONS": false,
            "MOZ_ANDROID_ACTIVITY_STREAM": false,
            "MOZ_ANDROID_HISTORY": true,
            "MOZ_ANDROID_MOZILLA_ONLINE": false,
            "MOZ_APP_NAME": "fennec",
            "MOZ_APP_VERSION": "68.1.1",
            "MOZ_APP_VERSION_DISPLAY": "68.1.1",
            "MOZ_BING_API_CLIENTID": "no-bing-api-clientid",
            "MOZ_BING_API_KEY": "no-bing-api-key",
            "MOZ_BITS_DOWNLOAD": false,
            "MOZ_BUILD_APP": "mobile/android",
            "MOZ_CODE_COVERAGE": false,
            "MOZ_CRASHREPORTER": true,
            "MOZ_DATA_REPORTING": true,
            "MOZ_DEV_EDITION": false,
            "MOZ_GECKO_PROFILER": true,
            "MOZ_GOOGLE_LOCATION_SERVICE_API_KEY": "AIzaSyB2h2OuRcUgy5N-5hsZqiPW6sH3n_rptiQ",
            "MOZ_GOOGLE_SAFEBROWSING_API_KEY": "AIzaSyC7jsptDS3am4tPx4r3nxis7IMjBc5Dovo",
            "MOZ_GRAPHENE": false,
            "MOZ_MACBUNDLE_NAME": "Firefox.app",
            "MOZ_MAINTENANCE_SERVICE": false,
            "MOZ_MOZILLA_API_KEY": "3b4d27dd-703d-4094-8398-4de2c763505a",
            "MOZ_NEW_CERT_STORAGE": false,
            "MOZ_NEW_NOTIFICATION_STORE": false,
            "MOZ_NEW_XULSTORE": false,
            "MOZ_OFFICIAL_BRANDING": false,
            "MOZ_PLACES": false,
            "MOZ_REQUIRE_SIGNING": false,
            "MOZ_SANDBOX": false,
            "MOZ_SERVICES_HEALTHREPORT": true,
            "MOZ_SERVICES_SYNC": false,
            "MOZ_SWITCHBOARD": true,
            "MOZ_SYSTEM_NSS": false,
            "MOZ_TELEMETRY_ON_BY_DEFAULT": false,
            "MOZ_TELEMETRY_REPORTING": true,
            "MOZ_UNSIGNED_SCOPES": 0,
            "MOZ_UPDATER": false,
            "MOZ_UPDATE_CHANNEL": "release",
            "MOZ_WEBRTC": true,
            "MOZ_WIDGET_GTK": false,
            "MOZ_WIDGET_TOOLKIT": "android",
            "NIGHTLY_BUILD": false,
            "OMNIJAR_NAME": "assets/omni.ja",
            "RELEASE_OR_BETA": true,
            "SOURCE_REVISION_URL": "https://hg.mozilla.org/releases/mozilla-esr68/rev/d2e0b9e17b9bc1ef02606c8006b73293f7892ad5",
            "TELEMETRY_PING_FORMAT_VERSION": 4,
            "XP_UNIX": true,
            "isPlatformAndVersionAtLeast": {},
            "isPlatformAndVersionAtMost": {},
            "platform": "android"
          },
          "userAgent": "Mozilla/5.0 (Android 8.1.0; Mobile; rv:68.0) Gecko/68.0 Firefox/68.0",
          "windowSize": "360x560"
        },
        "pageinfo": {
          "documentHeight": 1415,
          "documentSize": {
            "decodedBodySize": 179516,
            "encodedBodySize": 34765,
            "transferSize": 35363
          },
          "documentTitle": "NAVER",
          "documentWidth": 360,
          "domElements": 6944,
          "navigationStartTime": 1617059530433,
          "nextHopProtocol": "h2",
          "resources": {
            "count": 0,
            "duration": 0
          },
          "responsive": true,
          "url": "https://m.naver.com/",
          "visualElements": {
            "heroes": [
              {
                "filename": "242d342bda4737e44e51_20210329122820621.png",
                "height": 77,
                "name": "LargestImage",
                "width": 360,
                "x": 0,
                "y": 399
              },
              {
                "filename": null,
                "height": 114,
                "name": "Heading",
                "width": 360,
                "x": 0,
                "y": 0
              }
            ],
            "viewport": {
              "height": 560,
              "width": 360
            }
          }
        },
        "timings": {
          "firstPaint": 4359,
          "loadEventEnd": 5053,
          "navigationTiming": {
            "connectStart": 656,
            "domComplete": 5043,
            "domContentLoadedEventEnd": 4548,
            "domContentLoadedEventStart": 4532,
            "domInteractive": 4346,
            "domainLookupEnd": 656,
            "domainLookupStart": 655,
            "duration": 5053,
            "fetchStart": 641,
            "loadEventEnd": 5053,
            "loadEventStart": 5043,
            "redirectEnd": 638,
            "redirectStart": 3,
            "requestStart": 663,
            "responseEnd": 895,
            "responseStart": 881,
            "secureConnectionStart": 0,
            "startTime": 0,
            "unloadEventEnd": 0,
            "unloadEventStart": 0,
            "workerStart": 0
          },
          "pageTimings": {
            "backEndTime": 881,
            "domContentLoadedTime": 4532,
            "domInteractiveTime": 4346,
            "domainLookupTime": 0,
            "frontEndTime": 4148,
            "pageDownloadTime": 14,
            "pageLoadTime": 5043,
            "redirectionTime": 635,
            "serverConnectionTime": 0,
            "serverResponseTime": 232
          },
          "rumSpeedIndex": 880,
          "timeToContentfulPaint": 4564,
          "timeToDomContentFlushed": 4347,
          "userTimings": {
            "marks": [],
            "measures": []
          }
        }
      }
    ],
    "visualMetrics": [],
    "cpu": [],
    "extras": [
      {},
      {},
      {}
    ],
    "fullyLoaded": [],
    "errors": [
      [],
      [],
      []
    ],
    "statistics": {
      "browser": {
        "appConstants": {
          "MOZ_UNSIGNED_SCOPES": {
            "median": 0,
            "mean": 0,
            "mdev": 0,
            "stddev": 0,
            "min": 0,
            "p10": 0,
            "p90": 0,
            "p99": 0,
            "max": 0
          },
          "TELEMETRY_PING_FORMAT_VERSION": {
            "median": 4,
            "mean": 4,
            "mdev": 0,
            "stddev": 0,
            "min": 4,
            "p10": 4,
            "p90": 4,
            "p99": 4,
            "max": 4
          }
        },
        "asyncAppConstants": {
          "MOZ_UNSIGNED_SCOPES": {
            "median": 0,
            "mean": 0,
            "mdev": 0,
            "stddev": 0,
            "min": 0,
            "p10": 0,
            "p90": 0,
            "p99": 0,
            "max": 0
          },
          "TELEMETRY_PING_FORMAT_VERSION": {
            "median": 4,
            "mean": 4,
            "mdev": 0,
            "stddev": 0,
            "min": 4,
            "p10": 4,
            "p90": 4,
            "p99": 4,
            "max": 4
          }
        }
      },
      "pageinfo": {
        "documentHeight": {
          "median": 1415,
          "mean": 1415,
          "mdev": 0,
          "stddev": 0,
          "min": 1415,
          "p10": 1415,
          "p90": 1415,
          "p99": 1415,
          "max": 1415
        },
        "documentSize": {
          "decodedBodySize": {
            "median": 179509,
            "mean": 179503,
            "mdev": 8.1967,
            "stddev": 14,
            "min": 179483,
            "p10": 179483,
            "p90": 179516,
            "p99": 179516,
            "max": 179516
          },
          "encodedBodySize": {
            "median": 34764,
            "mean": 34757,
            "mdev": 6.1283,
            "stddev": 11,
            "min": 34742,
            "p10": 34742,
            "p90": 34765,
            "p99": 34765,
            "max": 34765
          },
          "transferSize": {
            "median": 35362,
            "mean": 35355,
            "mdev": 6.1283,
            "stddev": 11,
            "min": 35340,
            "p10": 35340,
            "p90": 35363,
            "p99": 35363,
            "max": 35363
          }
        },
        "documentWidth": {
          "median": 360,
          "mean": 360,
          "mdev": 0,
          "stddev": 0,
          "min": 360,
          "p10": 360,
          "p90": 360,
          "p99": 360,
          "max": 360
        },
        "domElements": {
          "median": 6936,
          "mean": 6938,
          "mdev": 2.3254,
          "stddev": 4,
          "min": 6935,
          "p10": 6935,
          "p90": 6944,
          "p99": 6944,
          "max": 6944
        },
        "navigationStartTime": {
          "median": 1617059502183,
          "mean": 1617059501811,
          "mdev": 12612.4091,
          "stddev": 21845,
          "min": 1617059472816,
          "p10": 1617059472816,
          "p90": 1617059530433,
          "p99": 1617059530433,
          "max": 1617059530433
        },
        "resources": {
          "count": {
            "median": 0,
            "mean": 0,
            "mdev": 0,
            "stddev": 0,
            "min": 0,
            "p10": 0,
            "p90": 0,
            "p99": 0,
            "max": 0
          },
          "duration": {
            "median": 0,
            "mean": 0,
            "mdev": 0,
            "stddev": 0,
            "min": 0,
            "p10": 0,
            "p90": 0,
            "p99": 0,
            "max": 0
          }
        },
        "visualElements": {
          "heroes": [
            {
              "height": {
                "median": 77,
                "mean": 77,
                "mdev": 0,
                "stddev": 0,
                "min": 77,
                "p10": 77,
                "p90": 77,
                "p99": 77,
                "max": 77
              },
              "width": {
                "median": 360,
                "mean": 360,
                "mdev": 0,
                "stddev": 0,
                "min": 360,
                "p10": 360,
                "p90": 360,
                "p99": 360,
                "max": 360
              },
              "x": {
                "median": 0,
                "mean": 0,
                "mdev": 0,
                "stddev": 0,
                "min": 0,
                "p10": 0,
                "p90": 0,
                "p99": 0,
                "max": 0
              },
              "y": {
                "median": 399,
                "mean": 399,
                "mdev": 0,
                "stddev": 0,
                "min": 399,
                "p10": 399,
                "p90": 399,
                "p99": 399,
                "max": 399
              }
            },
            {
              "height": {
                "median": 114,
                "mean": 114,
                "mdev": 0,
                "stddev": 0,
                "min": 114,
                "p10": 114,
                "p90": 114,
                "p99": 114,
                "max": 114
              },
              "width": {
                "median": 360,
                "mean": 360,
                "mdev": 0,
                "stddev": 0,
                "min": 360,
                "p10": 360,
                "p90": 360,
                "p99": 360,
                "max": 360
              },
              "x": {
                "median": 0,
                "mean": 0,
                "mdev": 0,
                "stddev": 0,
                "min": 0,
                "p10": 0,
                "p90": 0,
                "p99": 0,
                "max": 0
              },
              "y": {
                "median": 0,
                "mean": 0,
                "mdev": 0,
                "stddev": 0,
                "min": 0,
                "p10": 0,
                "p90": 0,
                "p99": 0,
                "max": 0
              }
            }
          ],
          "viewport": {
            "height": {
              "median": 560,
              "mean": 560,
              "mdev": 0,
              "stddev": 0,
              "min": 560,
              "p10": 560,
              "p90": 560,
              "p99": 560,
              "max": 560
            },
            "width": {
              "median": 360,
              "mean": 360,
              "mdev": 0,
              "stddev": 0,
              "min": 360,
              "p10": 360,
              "p90": 360,
              "p99": 360,
              "max": 360
            }
          }
        }
      },
      "timings": {
        "firstPaint": {
          "median": 4777,
          "mean": 4770,
          "mdev": 192.1186,
          "stddev": 333,
          "min": 4359,
          "p10": 4359,
          "p90": 5174,
          "p99": 5174,
          "max": 5174
        },
        "loadEventEnd": {
          "median": 5904,
          "mean": 6078,
          "mdev": 528.993,
          "stddev": 916,
          "min": 5053,
          "p10": 5053,
          "p90": 7277,
          "p99": 7277,
          "max": 7277
        },
        "navigationTiming": {
          "connectStart": {
            "median": 640,
            "mean": 645,
            "mdev": 4.4969,
            "stddev": 8,
            "min": 639,
            "p10": 639,
            "p90": 656,
            "p99": 656,
            "max": 656
          },
          "domComplete": {
            "median": 5896,
            "mean": 6068,
            "mdev": 528.6684,
            "stddev": 916,
            "min": 5043,
            "p10": 5043,
            "p90": 7266,
            "p99": 7266,
            "max": 7266
          },
          "domContentLoadedEventEnd": {
            "median": 4955,
            "mean": 4956,
            "mdev": 192.3332,
            "stddev": 333,
            "min": 4548,
            "p10": 4548,
            "p90": 5364,
            "p99": 5364,
            "max": 5364
          },
          "domContentLoadedEventStart": {
            "median": 4941,
            "mean": 4940,
            "mdev": 192.3332,
            "stddev": 333,
            "min": 4532,
            "p10": 4532,
            "p90": 5348,
            "p99": 5348,
            "max": 5348
          },
          "domInteractive": {
            "median": 4750,
            "mean": 4751,
            "mdev": 190.919,
            "stddev": 331,
            "min": 4346,
            "p10": 4346,
            "p90": 5156,
            "p99": 5156,
            "max": 5156
          },
          "domainLookupEnd": {
            "median": 640,
            "mean": 645,
            "mdev": 4.6508,
            "stddev": 8,
            "min": 638,
            "p10": 638,
            "p90": 656,
            "p99": 656,
            "max": 656
          },
          "domainLookupStart": {
            "median": 640,
            "mean": 644,
            "mdev": 4.3801,
            "stddev": 8,
            "min": 638,
            "p10": 638,
            "p90": 655,
            "p99": 655,
            "max": 655
          },
          "duration": {
            "median": 5904,
            "mean": 6078,
            "mdev": 528.993,
            "stddev": 916,
            "min": 5053,
            "p10": 5053,
            "p90": 7277,
            "p99": 7277,
            "max": 7277
          },
          "fetchStart": {
            "median": 631,
            "mean": 632,
            "mdev": 4.2514,
            "stddev": 7,
            "min": 623,
            "p10": 623,
            "p90": 641,
            "p99": 641,
            "max": 641
          },
          "loadEventEnd": {
            "median": 5904,
            "mean": 6078,
            "mdev": 528.993,
            "stddev": 916,
            "min": 5053,
            "p10": 5053,
            "p90": 7277,
            "p99": 7277,
            "max": 7277
          },
          "loadEventStart": {
            "median": 5896,
            "mean": 6068,
            "mdev": 528.6684,
            "stddev": 916,
            "min": 5043,
            "p10": 5043,
            "p90": 7266,
            "p99": 7266,
            "max": 7266
          },
          "redirectEnd": {
            "median": 629,
            "mean": 629,
            "mdev": 4.2426,
            "stddev": 7,
            "min": 620,
            "p10": 620,
            "p90": 638,
            "p99": 638,
            "max": 638
          },
          "redirectStart": {
            "median": 3,
            "mean": 3,
            "mdev": 0.2722,
            "stddev": 0,
            "min": 2,
            "p10": 2,
            "p90": 3,
            "p99": 3,
            "max": 3
          },
          "requestStart": {
            "median": 647,
            "mean": 651,
            "mdev": 4.8151,
            "stddev": 8,
            "min": 644,
            "p10": 644,
            "p90": 663,
            "p99": 663,
            "max": 663
          },
          "responseEnd": {
            "median": 1052,
            "mean": 1218,
            "mdev": 203.3018,
            "stddev": 352,
            "min": 895,
            "p10": 895,
            "p90": 1708,
            "p99": 1708,
            "max": 1708
          },
          "responseStart": {
            "median": 1038,
            "mean": 1205,
            "mdev": 203.5694,
            "stddev": 353,
            "min": 881,
            "p10": 881,
            "p90": 1695,
            "p99": 1695,
            "max": 1695
          },
          "secureConnectionStart": {
            "median": 0,
            "mean": 0,
            "mdev": 0,
            "stddev": 0,
            "min": 0,
            "p10": 0,
            "p90": 0,
            "p99": 0,
            "max": 0
          },
          "startTime": {
            "median": 0,
            "mean": 0,
            "mdev": 0,
            "stddev": 0,
            "min": 0,
            "p10": 0,
            "p90": 0,
            "p99": 0,
            "max": 0
          },
          "unloadEventEnd": {
            "median": 0,
            "mean": 0,
            "mdev": 0,
            "stddev": 0,
            "min": 0,
            "p10": 0,
            "p90": 0,
            "p99": 0,
            "max": 0
          },
          "unloadEventStart": {
            "median": 0,
            "mean": 0,
            "mdev": 0,
            "stddev": 0,
            "min": 0,
            "p10": 0,
            "p90": 0,
            "p99": 0,
            "max": 0
          },
          "workerStart": {
            "median": 0,
            "mean": 0,
            "mdev": 0,
            "stddev": 0,
            "min": 0,
            "p10": 0,
            "p90": 0,
            "p99": 0,
            "max": 0
          }
        },
        "pageTimings": {
          "backEndTime": {
            "median": 1038,
            "mean": 1205,
            "mdev": 203.5694,
            "stddev": 353,
            "min": 881,
            "p10": 881,
            "p90": 1695,
            "p99": 1695,
            "max": 1695
          },
          "domContentLoadedTime": {
            "median": 4941,
            "mean": 4940,
            "mdev": 192.3332,
            "stddev": 333,
            "min": 4532,
            "p10": 4532,
            "p90": 5348,
            "p99": 5348,
            "max": 5348
          },
          "domInteractiveTime": {
            "median": 4750,
            "mean": 4751,
            "mdev": 190.919,
            "stddev": 331,
            "min": 4346,
            "p10": 4346,
            "p90": 5156,
            "p99": 5156,
            "max": 5156
          },
          "domainLookupTime": {
            "median": 0,
            "mean": 0,
            "mdev": 0,
            "stddev": 0,
            "min": 0,
            "p10": 0,
            "p90": 0,
            "p99": 0,
            "max": 0
          },
          "frontEndTime": {
            "median": 4188,
            "mean": 4850,
            "mdev": 557.2026,
            "stddev": 965,
            "min": 4148,
            "p10": 4148,
            "p90": 6215,
            "p99": 6215,
            "max": 6215
          },
          "pageDownloadTime": {
            "median": 14,
            "mean": 14,
            "mdev": 0.2722,
            "stddev": 0,
            "min": 13,
            "p10": 13,
            "p90": 14,
            "p99": 14,
            "max": 14
          },
          "pageLoadTime": {
            "median": 5896,
            "mean": 6068,
            "mdev": 528.6684,
            "stddev": 916,
            "min": 5043,
            "p10": 5043,
            "p90": 7266,
            "p99": 7266,
            "max": 7266
          },
          "redirectionTime": {
            "median": 627,
            "mean": 626,
            "mdev": 4.2514,
            "stddev": 7,
            "min": 617,
            "p10": 617,
            "p90": 635,
            "p99": 635,
            "max": 635
          },
          "serverConnectionTime": {
            "median": 0,
            "mean": 0,
            "mdev": 0,
            "stddev": 0,
            "min": 0,
            "p10": 0,
            "p90": 0,
            "p99": 0,
            "max": 0
          },
          "serverResponseTime": {
            "median": 405,
            "mean": 567,
            "mdev": 206.9562,
            "stddev": 358,
            "min": 232,
            "p10": 232,
            "p90": 1064,
            "p99": 1064,
            "max": 1064
          }
        },
        "rumSpeedIndex": {
          "median": 1037,
          "mean": 1204,
          "mdev": 203.8371,
          "stddev": 353,
          "min": 880,
          "p10": 880,
          "p90": 1695,
          "p99": 1695,
          "max": 1695
        },
        "timeToContentfulPaint": {
          "median": 4990,
          "mean": 4977,
          "mdev": 191.9313,
          "stddev": 332,
          "min": 4564,
          "p10": 4564,
          "p90": 5378,
          "p99": 5378,
          "max": 5378
        },
        "timeToDomContentFlushed": {
          "median": 4752,
          "mean": 4752,
          "mdev": 190.9188,
          "stddev": 331,
          "min": 4347,
          "p10": 4347,
          "p90": 5157,
          "p99": 5157,
          "max": 5157
        }
      }
    }
  }
]