[
  {
    "info": {
      "browsertime": {
        "version": "8.4.0"
      },
      "url": "https://imgur.com/",
      "timestamp": "2021-03-30T04:37:07+04:00",
      "connectivity": {
        "engine": "external",
        "profile": "native"
      },
      "extra": {}
    },
    "files": {
      "video": [],
      "screenshot": [],
      "timeline": [],
      "consoleLog": [],
      "netLog": [],
      "perfLog": []
    },
    "cdp": {
      "performance": []
    },
    "timestamps": [
      "2021-03-30T04:36:41+04:00",
      "2021-03-30T04:37:18+04:00",
      "2021-03-30T04:38:01+04:00"
    ],
    "browserScripts": [
      {
        "browser": {
          "appConstants": {
            "ACCESSIBILITY": true,
            "ANDROID_PACKAGE_NAME": "org.mozilla.firefox",
            "ASAN": false,
            "ASAN_REPORTER": false,
            "BROWSER_CHROME_URL": "chrome://browser/content/browser.xul",
            "DEBUG": false,
            "DEBUG_JS_MODULES": "",
            "DLL_PREFIX": "lib",
            "DLL_SUFFIX": ".so",
            "EARLY_BETA_OR_EARLIER": false,
            "FENNEC_NIGHTLY": false,
            "HAVE_SHELL_SERVICE": false,
            "HAVE_USR_LIB64_DIR": false,
            "MENUBAR_CAN_AUTOHIDE": false,
            "MOZILLA_OFFICIAL": true,
            "MOZ_ALLOW_LEGACY_EXTENSIONS": false,
            "MOZ_ANDROID_ACTIVITY_STREAM": false,
            "MOZ_ANDROID_HISTORY": true,
            "MOZ_ANDROID_MOZILLA_ONLINE": false,
            "MOZ_APP_NAME": "fennec",
            "MOZ_APP_VERSION": "68.1.1",
            "MOZ_APP_VERSION_DISPLAY": "68.1.1",
            "MOZ_BING_API_CLIENTID": "no-bing-api-clientid",
            "MOZ_BING_API_KEY": "no-bing-api-key",
            "MOZ_BITS_DOWNLOAD": false,
            "MOZ_BUILD_APP": "mobile/android",
            "MOZ_CODE_COVERAGE": false,
            "MOZ_CRASHREPORTER": true,
            "MOZ_DATA_REPORTING": true,
            "MOZ_DEV_EDITION": false,
            "MOZ_GECKO_PROFILER": true,
            "MOZ_GOOGLE_LOCATION_SERVICE_API_KEY": "AIzaSyB2h2OuRcUgy5N-5hsZqiPW6sH3n_rptiQ",
            "MOZ_GOOGLE_SAFEBROWSING_API_KEY": "AIzaSyC7jsptDS3am4tPx4r3nxis7IMjBc5Dovo",
            "MOZ_GRAPHENE": false,
            "MOZ_MACBUNDLE_NAME": "Firefox.app",
            "MOZ_MAINTENANCE_SERVICE": false,
            "MOZ_MOZILLA_API_KEY": "3b4d27dd-703d-4094-8398-4de2c763505a",
            "MOZ_NEW_CERT_STORAGE": false,
            "MOZ_NEW_NOTIFICATION_STORE": false,
            "MOZ_NEW_XULSTORE": false,
            "MOZ_OFFICIAL_BRANDING": false,
            "MOZ_PLACES": false,
            "MOZ_REQUIRE_SIGNING": false,
            "MOZ_SANDBOX": false,
            "MOZ_SERVICES_HEALTHREPORT": true,
            "MOZ_SERVICES_SYNC": false,
            "MOZ_SWITCHBOARD": true,
            "MOZ_SYSTEM_NSS": false,
            "MOZ_TELEMETRY_ON_BY_DEFAULT": false,
            "MOZ_TELEMETRY_REPORTING": true,
            "MOZ_UNSIGNED_SCOPES": 0,
            "MOZ_UPDATER": false,
            "MOZ_UPDATE_CHANNEL": "release",
            "MOZ_WEBRTC": true,
            "MOZ_WIDGET_GTK": false,
            "MOZ_WIDGET_TOOLKIT": "android",
            "NIGHTLY_BUILD": false,
            "OMNIJAR_NAME": "assets/omni.ja",
            "RELEASE_OR_BETA": true,
            "SOURCE_REVISION_URL": "https://hg.mozilla.org/releases/mozilla-esr68/rev/d2e0b9e17b9bc1ef02606c8006b73293f7892ad5",
            "TELEMETRY_PING_FORMAT_VERSION": 4,
            "XP_UNIX": true,
            "isPlatformAndVersionAtLeast": {},
            "isPlatformAndVersionAtMost": {},
            "platform": "android"
          },
          "asyncAppConstants": {
            "ACCESSIBILITY": true,
            "ANDROID_PACKAGE_NAME": "org.mozilla.firefox",
            "ASAN": false,
            "ASAN_REPORTER": false,
            "BROWSER_CHROME_URL": "chrome://browser/content/browser.xul",
            "DEBUG": false,
            "DEBUG_JS_MODULES": "",
            "DLL_PREFIX": "lib",
            "DLL_SUFFIX": ".so",
            "EARLY_BETA_OR_EARLIER": false,
            "FENNEC_NIGHTLY": false,
            "HAVE_SHELL_SERVICE": false,
            "HAVE_USR_LIB64_DIR": false,
            "MENUBAR_CAN_AUTOHIDE": false,
            "MOZILLA_OFFICIAL": true,
            "MOZ_ALLOW_LEGACY_EXTENSIONS": false,
            "MOZ_ANDROID_ACTIVITY_STREAM": false,
            "MOZ_ANDROID_HISTORY": true,
            "MOZ_ANDROID_MOZILLA_ONLINE": false,
            "MOZ_APP_NAME": "fennec",
            "MOZ_APP_VERSION": "68.1.1",
            "MOZ_APP_VERSION_DISPLAY": "68.1.1",
            "MOZ_BING_API_CLIENTID": "no-bing-api-clientid",
            "MOZ_BING_API_KEY": "no-bing-api-key",
            "MOZ_BITS_DOWNLOAD": false,
            "MOZ_BUILD_APP": "mobile/android",
            "MOZ_CODE_COVERAGE": false,
            "MOZ_CRASHREPORTER": true,
            "MOZ_DATA_REPORTING": true,
            "MOZ_DEV_EDITION": false,
            "MOZ_GECKO_PROFILER": true,
            "MOZ_GOOGLE_LOCATION_SERVICE_API_KEY": "AIzaSyB2h2OuRcUgy5N-5hsZqiPW6sH3n_rptiQ",
            "MOZ_GOOGLE_SAFEBROWSING_API_KEY": "AIzaSyC7jsptDS3am4tPx4r3nxis7IMjBc5Dovo",
            "MOZ_GRAPHENE": false,
            "MOZ_MACBUNDLE_NAME": "Firefox.app",
            "MOZ_MAINTENANCE_SERVICE": false,
            "MOZ_MOZILLA_API_KEY": "3b4d27dd-703d-4094-8398-4de2c763505a",
            "MOZ_NEW_CERT_STORAGE": false,
            "MOZ_NEW_NOTIFICATION_STORE": false,
            "MOZ_NEW_XULSTORE": false,
            "MOZ_OFFICIAL_BRANDING": false,
            "MOZ_PLACES": false,
            "MOZ_REQUIRE_SIGNING": false,
            "MOZ_SANDBOX": false,
            "MOZ_SERVICES_HEALTHREPORT": true,
            "MOZ_SERVICES_SYNC": false,
            "MOZ_SWITCHBOARD": true,
            "MOZ_SYSTEM_NSS": false,
            "MOZ_TELEMETRY_ON_BY_DEFAULT": false,
            "MOZ_TELEMETRY_REPORTING": true,
            "MOZ_UNSIGNED_SCOPES": 0,
            "MOZ_UPDATER": false,
            "MOZ_UPDATE_CHANNEL": "release",
            "MOZ_WEBRTC": true,
            "MOZ_WIDGET_GTK": false,
            "MOZ_WIDGET_TOOLKIT": "android",
            "NIGHTLY_BUILD": false,
            "OMNIJAR_NAME": "assets/omni.ja",
            "RELEASE_OR_BETA": true,
            "SOURCE_REVISION_URL": "https://hg.mozilla.org/releases/mozilla-esr68/rev/d2e0b9e17b9bc1ef02606c8006b73293f7892ad5",
            "TELEMETRY_PING_FORMAT_VERSION": 4,
            "XP_UNIX": true,
            "isPlatformAndVersionAtLeast": {},
            "isPlatformAndVersionAtMost": {},
            "platform": "android"
          },
          "userAgent": "Mozilla/5.0 (Android 8.1.0; Mobile; rv:68.0) Gecko/68.0 Firefox/68.0",
          "windowSize": "360x560"
        },
        "pageinfo": {
          "documentHeight": 5705,
          "documentSize": {
            "decodedBodySize": 9947,
            "encodedBodySize": 9947,
            "transferSize": 10433
          },
          "documentTitle": "People who can't afford airpods - Imgur",
          "documentWidth": 360,
          "domElements": 246,
          "navigationStartTime": 1617064601586,
          "nextHopProtocol": "h2",
          "resources": {
            "count": 0,
            "duration": 0
          },
          "responsive": true,
          "url": "https://m.imgur.com/gallery/D2Dk5ln",
          "visualElements": {
            "heroes": [
              {
                "filename": "Avgw5Di_d.webp?maxwidth=640&shape=thumb&fidelity=medium",
                "height": 321,
                "name": "LargestImage",
                "width": 340,
                "x": 10,
                "y": 177
              },
              {
                "filename": null,
                "height": 38,
                "name": "Heading",
                "width": 340,
                "x": 10,
                "y": 126
              }
            ],
            "viewport": {
              "height": 560,
              "width": 360
            }
          }
        },
        "timings": {
          "firstPaint": 859,
          "loadEventEnd": 13488,
          "navigationTiming": {
            "connectStart": 531,
            "domComplete": 13482,
            "domContentLoadedEventEnd": 3466,
            "domContentLoadedEventStart": 3459,
            "domInteractive": 1743,
            "domainLookupEnd": 531,
            "domainLookupStart": 531,
            "duration": 13488,
            "fetchStart": 506,
            "loadEventEnd": 13488,
            "loadEventStart": 13482,
            "redirectEnd": 503,
            "redirectStart": 3,
            "requestStart": 541,
            "responseEnd": 671,
            "responseStart": 667,
            "secureConnectionStart": 0,
            "startTime": 0,
            "unloadEventEnd": 0,
            "unloadEventStart": 0,
            "workerStart": 0
          },
          "pageTimings": {
            "backEndTime": 667,
            "domContentLoadedTime": 3459,
            "domInteractiveTime": 1743,
            "domainLookupTime": 0,
            "frontEndTime": 12811,
            "pageDownloadTime": 4,
            "pageLoadTime": 13482,
            "redirectionTime": 500,
            "serverConnectionTime": 0,
            "serverResponseTime": 130
          },
          "rumSpeedIndex": 666,
          "timeToContentfulPaint": 1006,
          "timeToDomContentFlushed": 3328,
          "userTimings": {
            "marks": [
              {
                "name": "gpt-tag-load",
                "startTime": 12611.8
              },
              {
                "name": "gpt-first-ad-request",
                "startTime": 14173
              },
              {
                "name": "loadStarteventUtils",
                "startTime": 15327.28
              },
              {
                "name": "loadEndeventUtils",
                "startTime": 15327.62
              },
              {
                "name": "loadStartpixelQueue",
                "startTime": 15328.18
              },
              {
                "name": "loadEndpixelQueue",
                "startTime": 15328.86
              },
              {
                "name": "gpt-first-ad-render",
                "startTime": 15681.74
              }
            ],
            "measures": [
              {
                "duration": 0.3400000000001455,
                "name": "lteu",
                "startTime": 15327.28
              },
              {
                "duration": 0.680000000000291,
                "name": "ltpq",
                "startTime": 15328.18
              }
            ]
          }
        }
      },
      {
        "browser": {
          "appConstants": {
            "ACCESSIBILITY": true,
            "ANDROID_PACKAGE_NAME": "org.mozilla.firefox",
            "ASAN": false,
            "ASAN_REPORTER": false,
            "BROWSER_CHROME_URL": "chrome://browser/content/browser.xul",
            "DEBUG": false,
            "DEBUG_JS_MODULES": "",
            "DLL_PREFIX": "lib",
            "DLL_SUFFIX": ".so",
            "EARLY_BETA_OR_EARLIER": false,
            "FENNEC_NIGHTLY": false,
            "HAVE_SHELL_SERVICE": false,
            "HAVE_USR_LIB64_DIR": false,
            "MENUBAR_CAN_AUTOHIDE": false,
            "MOZILLA_OFFICIAL": true,
            "MOZ_ALLOW_LEGACY_EXTENSIONS": false,
            "MOZ_ANDROID_ACTIVITY_STREAM": false,
            "MOZ_ANDROID_HISTORY": true,
            "MOZ_ANDROID_MOZILLA_ONLINE": false,
            "MOZ_APP_NAME": "fennec",
            "MOZ_APP_VERSION": "68.1.1",
            "MOZ_APP_VERSION_DISPLAY": "68.1.1",
            "MOZ_BING_API_CLIENTID": "no-bing-api-clientid",
            "MOZ_BING_API_KEY": "no-bing-api-key",
            "MOZ_BITS_DOWNLOAD": false,
            "MOZ_BUILD_APP": "mobile/android",
            "MOZ_CODE_COVERAGE": false,
            "MOZ_CRASHREPORTER": true,
            "MOZ_DATA_REPORTING": true,
            "MOZ_DEV_EDITION": false,
            "MOZ_GECKO_PROFILER": true,
            "MOZ_GOOGLE_LOCATION_SERVICE_API_KEY": "AIzaSyB2h2OuRcUgy5N-5hsZqiPW6sH3n_rptiQ",
            "MOZ_GOOGLE_SAFEBROWSING_API_KEY": "AIzaSyC7jsptDS3am4tPx4r3nxis7IMjBc5Dovo",
            "MOZ_GRAPHENE": false,
            "MOZ_MACBUNDLE_NAME": "Firefox.app",
            "MOZ_MAINTENANCE_SERVICE": false,
            "MOZ_MOZILLA_API_KEY": "3b4d27dd-703d-4094-8398-4de2c763505a",
            "MOZ_NEW_CERT_STORAGE": false,
            "MOZ_NEW_NOTIFICATION_STORE": false,
            "MOZ_NEW_XULSTORE": false,
            "MOZ_OFFICIAL_BRANDING": false,
            "MOZ_PLACES": false,
            "MOZ_REQUIRE_SIGNING": false,
            "MOZ_SANDBOX": false,
            "MOZ_SERVICES_HEALTHREPORT": true,
            "MOZ_SERVICES_SYNC": false,
            "MOZ_SWITCHBOARD": true,
            "MOZ_SYSTEM_NSS": false,
            "MOZ_TELEMETRY_ON_BY_DEFAULT": false,
            "MOZ_TELEMETRY_REPORTING": true,
            "MOZ_UNSIGNED_SCOPES": 0,
            "MOZ_UPDATER": false,
            "MOZ_UPDATE_CHANNEL": "release",
            "MOZ_WEBRTC": true,
            "MOZ_WIDGET_GTK": false,
            "MOZ_WIDGET_TOOLKIT": "android",
            "NIGHTLY_BUILD": false,
            "OMNIJAR_NAME": "assets/omni.ja",
            "RELEASE_OR_BETA": true,
            "SOURCE_REVISION_URL": "https://hg.mozilla.org/releases/mozilla-esr68/rev/d2e0b9e17b9bc1ef02606c8006b73293f7892ad5",
            "TELEMETRY_PING_FORMAT_VERSION": 4,
            "XP_UNIX": true,
            "isPlatformAndVersionAtLeast": {},
            "isPlatformAndVersionAtMost": {},
            "platform": "android"
          },
          "asyncAppConstants": {
            "ACCESSIBILITY": true,
            "ANDROID_PACKAGE_NAME": "org.mozilla.firefox",
            "ASAN": false,
            "ASAN_REPORTER": false,
            "BROWSER_CHROME_URL": "chrome://browser/content/browser.xul",
            "DEBUG": false,
            "DEBUG_JS_MODULES": "",
            "DLL_PREFIX": "lib",
            "DLL_SUFFIX": ".so",
            "EARLY_BETA_OR_EARLIER": false,
            "FENNEC_NIGHTLY": false,
            "HAVE_SHELL_SERVICE": false,
            "HAVE_USR_LIB64_DIR": false,
            "MENUBAR_CAN_AUTOHIDE": false,
            "MOZILLA_OFFICIAL": true,
            "MOZ_ALLOW_LEGACY_EXTENSIONS": false,
            "MOZ_ANDROID_ACTIVITY_STREAM": false,
            "MOZ_ANDROID_HISTORY": true,
            "MOZ_ANDROID_MOZILLA_ONLINE": false,
            "MOZ_APP_NAME": "fennec",
            "MOZ_APP_VERSION": "68.1.1",
            "MOZ_APP_VERSION_DISPLAY": "68.1.1",
            "MOZ_BING_API_CLIENTID": "no-bing-api-clientid",
            "MOZ_BING_API_KEY": "no-bing-api-key",
            "MOZ_BITS_DOWNLOAD": false,
            "MOZ_BUILD_APP": "mobile/android",
            "MOZ_CODE_COVERAGE": false,
            "MOZ_CRASHREPORTER": true,
            "MOZ_DATA_REPORTING": true,
            "MOZ_DEV_EDITION": false,
            "MOZ_GECKO_PROFILER": true,
            "MOZ_GOOGLE_LOCATION_SERVICE_API_KEY": "AIzaSyB2h2OuRcUgy5N-5hsZqiPW6sH3n_rptiQ",
            "MOZ_GOOGLE_SAFEBROWSING_API_KEY": "AIzaSyC7jsptDS3am4tPx4r3nxis7IMjBc5Dovo",
            "MOZ_GRAPHENE": false,
            "MOZ_MACBUNDLE_NAME": "Firefox.app",
            "MOZ_MAINTENANCE_SERVICE": false,
            "MOZ_MOZILLA_API_KEY": "3b4d27dd-703d-4094-8398-4de2c763505a",
            "MOZ_NEW_CERT_STORAGE": false,
            "MOZ_NEW_NOTIFICATION_STORE": false,
            "MOZ_NEW_XULSTORE": false,
            "MOZ_OFFICIAL_BRANDING": false,
            "MOZ_PLACES": false,
            "MOZ_REQUIRE_SIGNING": false,
            "MOZ_SANDBOX": false,
            "MOZ_SERVICES_HEALTHREPORT": true,
            "MOZ_SERVICES_SYNC": false,
            "MOZ_SWITCHBOARD": true,
            "MOZ_SYSTEM_NSS": false,
            "MOZ_TELEMETRY_ON_BY_DEFAULT": false,
            "MOZ_TELEMETRY_REPORTING": true,
            "MOZ_UNSIGNED_SCOPES": 0,
            "MOZ_UPDATER": false,
            "MOZ_UPDATE_CHANNEL": "release",
            "MOZ_WEBRTC": true,
            "MOZ_WIDGET_GTK": false,
            "MOZ_WIDGET_TOOLKIT": "android",
            "NIGHTLY_BUILD": false,
            "OMNIJAR_NAME": "assets/omni.ja",
            "RELEASE_OR_BETA": true,
            "SOURCE_REVISION_URL": "https://hg.mozilla.org/releases/mozilla-esr68/rev/d2e0b9e17b9bc1ef02606c8006b73293f7892ad5",
            "TELEMETRY_PING_FORMAT_VERSION": 4,
            "XP_UNIX": true,
            "isPlatformAndVersionAtLeast": {},
            "isPlatformAndVersionAtMost": {},
            "platform": "android"
          },
          "userAgent": "Mozilla/5.0 (Android 8.1.0; Mobile; rv:68.0) Gecko/68.0 Firefox/68.0",
          "windowSize": "360x560"
        },
        "pageinfo": {
          "documentHeight": 5705,
          "documentSize": {
            "decodedBodySize": 9947,
            "encodedBodySize": 9947,
            "transferSize": 10433
          },
          "documentTitle": "People who can't afford airpods - Imgur",
          "documentWidth": 360,
          "domElements": 247,
          "navigationStartTime": 1617064638902,
          "nextHopProtocol": "h2",
          "resources": {
            "count": 0,
            "duration": 0
          },
          "responsive": true,
          "url": "https://m.imgur.com/gallery/D2Dk5ln",
          "visualElements": {
            "heroes": [
              {
                "filename": "Avgw5Di_d.webp?maxwidth=640&shape=thumb&fidelity=medium",
                "height": 321,
                "name": "LargestImage",
                "width": 340,
                "x": 10,
                "y": 177
              },
              {
                "filename": null,
                "height": 38,
                "name": "Heading",
                "width": 340,
                "x": 10,
                "y": 126
              }
            ],
            "viewport": {
              "height": 560,
              "width": 360
            }
          }
        },
        "timings": {
          "firstPaint": 853,
          "loadEventEnd": 25871,
          "navigationTiming": {
            "connectStart": 549,
            "domComplete": 25798,
            "domContentLoadedEventEnd": 3356,
            "domContentLoadedEventStart": 3345,
            "domInteractive": 1693,
            "domainLookupEnd": 549,
            "domainLookupStart": 508,
            "duration": 25871,
            "fetchStart": 507,
            "loadEventEnd": 25871,
            "loadEventStart": 25799,
            "redirectEnd": 505,
            "redirectStart": 3,
            "requestStart": 557,
            "responseEnd": 684,
            "responseStart": 682,
            "secureConnectionStart": 0,
            "startTime": 0,
            "unloadEventEnd": 0,
            "unloadEventStart": 0,
            "workerStart": 0
          },
          "pageTimings": {
            "backEndTime": 682,
            "domContentLoadedTime": 3345,
            "domInteractiveTime": 1693,
            "domainLookupTime": 41,
            "frontEndTime": 25114,
            "pageDownloadTime": 2,
            "pageLoadTime": 25799,
            "redirectionTime": 502,
            "serverConnectionTime": 0,
            "serverResponseTime": 128
          },
          "rumSpeedIndex": 682,
          "timeToContentfulPaint": 997,
          "timeToDomContentFlushed": 3241,
          "timeToFirstInteractive": 26764,
          "userTimings": {
            "marks": [
              {
                "name": "gpt-tag-load",
                "startTime": 13132.72
              },
              {
                "name": "gpt-first-ad-request",
                "startTime": 13645.76
              },
              {
                "name": "loadStarteventUtils",
                "startTime": 13900.38
              },
              {
                "name": "loadEndeventUtils",
                "startTime": 13901.02
              },
              {
                "name": "loadStartpixelQueue",
                "startTime": 13901.42
              },
              {
                "name": "loadEndpixelQueue",
                "startTime": 13901.74
              },
              {
                "name": "gpt-first-ad-render",
                "startTime": 14155.22
              }
            ],
            "measures": [
              {
                "duration": 0.6399999999994179,
                "name": "lteu",
                "startTime": 13900.38
              },
              {
                "duration": 0.31999999999970896,
                "name": "ltpq",
                "startTime": 13901.42
              }
            ]
          }
        }
      },
      {
        "browser": {
          "appConstants": {
            "ACCESSIBILITY": true,
            "ANDROID_PACKAGE_NAME": "org.mozilla.firefox",
            "ASAN": false,
            "ASAN_REPORTER": false,
            "BROWSER_CHROME_URL": "chrome://browser/content/browser.xul",
            "DEBUG": false,
            "DEBUG_JS_MODULES": "",
            "DLL_PREFIX": "lib",
            "DLL_SUFFIX": ".so",
            "EARLY_BETA_OR_EARLIER": false,
            "FENNEC_NIGHTLY": false,
            "HAVE_SHELL_SERVICE": false,
            "HAVE_USR_LIB64_DIR": false,
            "MENUBAR_CAN_AUTOHIDE": false,
            "MOZILLA_OFFICIAL": true,
            "MOZ_ALLOW_LEGACY_EXTENSIONS": false,
            "MOZ_ANDROID_ACTIVITY_STREAM": false,
            "MOZ_ANDROID_HISTORY": true,
            "MOZ_ANDROID_MOZILLA_ONLINE": false,
            "MOZ_APP_NAME": "fennec",
            "MOZ_APP_VERSION": "68.1.1",
            "MOZ_APP_VERSION_DISPLAY": "68.1.1",
            "MOZ_BING_API_CLIENTID": "no-bing-api-clientid",
            "MOZ_BING_API_KEY": "no-bing-api-key",
            "MOZ_BITS_DOWNLOAD": false,
            "MOZ_BUILD_APP": "mobile/android",
            "MOZ_CODE_COVERAGE": false,
            "MOZ_CRASHREPORTER": true,
            "MOZ_DATA_REPORTING": true,
            "MOZ_DEV_EDITION": false,
            "MOZ_GECKO_PROFILER": true,
            "MOZ_GOOGLE_LOCATION_SERVICE_API_KEY": "AIzaSyB2h2OuRcUgy5N-5hsZqiPW6sH3n_rptiQ",
            "MOZ_GOOGLE_SAFEBROWSING_API_KEY": "AIzaSyC7jsptDS3am4tPx4r3nxis7IMjBc5Dovo",
            "MOZ_GRAPHENE": false,
            "MOZ_MACBUNDLE_NAME": "Firefox.app",
            "MOZ_MAINTENANCE_SERVICE": false,
            "MOZ_MOZILLA_API_KEY": "3b4d27dd-703d-4094-8398-4de2c763505a",
            "MOZ_NEW_CERT_STORAGE": false,
            "MOZ_NEW_NOTIFICATION_STORE": false,
            "MOZ_NEW_XULSTORE": false,
            "MOZ_OFFICIAL_BRANDING": false,
            "MOZ_PLACES": false,
            "MOZ_REQUIRE_SIGNING": false,
            "MOZ_SANDBOX": false,
            "MOZ_SERVICES_HEALTHREPORT": true,
            "MOZ_SERVICES_SYNC": false,
            "MOZ_SWITCHBOARD": true,
            "MOZ_SYSTEM_NSS": false,
            "MOZ_TELEMETRY_ON_BY_DEFAULT": false,
            "MOZ_TELEMETRY_REPORTING": true,
            "MOZ_UNSIGNED_SCOPES": 0,
            "MOZ_UPDATER": false,
            "MOZ_UPDATE_CHANNEL": "release",
            "MOZ_WEBRTC": true,
            "MOZ_WIDGET_GTK": false,
            "MOZ_WIDGET_TOOLKIT": "android",
            "NIGHTLY_BUILD": false,
            "OMNIJAR_NAME": "assets/omni.ja",
            "RELEASE_OR_BETA": true,
            "SOURCE_REVISION_URL": "https://hg.mozilla.org/releases/mozilla-esr68/rev/d2e0b9e17b9bc1ef02606c8006b73293f7892ad5",
            "TELEMETRY_PING_FORMAT_VERSION": 4,
            "XP_UNIX": true,
            "isPlatformAndVersionAtLeast": {},
            "isPlatformAndVersionAtMost": {},
            "platform": "android"
          },
          "asyncAppConstants": {
            "ACCESSIBILITY": true,
            "ANDROID_PACKAGE_NAME": "org.mozilla.firefox",
            "ASAN": false,
            "ASAN_REPORTER": false,
            "BROWSER_CHROME_URL": "chrome://browser/content/browser.xul",
            "DEBUG": false,
            "DEBUG_JS_MODULES": "",
            "DLL_PREFIX": "lib",
            "DLL_SUFFIX": ".so",
            "EARLY_BETA_OR_EARLIER": false,
            "FENNEC_NIGHTLY": false,
            "HAVE_SHELL_SERVICE": false,
            "HAVE_USR_LIB64_DIR": false,
            "MENUBAR_CAN_AUTOHIDE": false,
            "MOZILLA_OFFICIAL": true,
            "MOZ_ALLOW_LEGACY_EXTENSIONS": false,
            "MOZ_ANDROID_ACTIVITY_STREAM": false,
            "MOZ_ANDROID_HISTORY": true,
            "MOZ_ANDROID_MOZILLA_ONLINE": false,
            "MOZ_APP_NAME": "fennec",
            "MOZ_APP_VERSION": "68.1.1",
            "MOZ_APP_VERSION_DISPLAY": "68.1.1",
            "MOZ_BING_API_CLIENTID": "no-bing-api-clientid",
            "MOZ_BING_API_KEY": "no-bing-api-key",
            "MOZ_BITS_DOWNLOAD": false,
            "MOZ_BUILD_APP": "mobile/android",
            "MOZ_CODE_COVERAGE": false,
            "MOZ_CRASHREPORTER": true,
            "MOZ_DATA_REPORTING": true,
            "MOZ_DEV_EDITION": false,
            "MOZ_GECKO_PROFILER": true,
            "MOZ_GOOGLE_LOCATION_SERVICE_API_KEY": "AIzaSyB2h2OuRcUgy5N-5hsZqiPW6sH3n_rptiQ",
            "MOZ_GOOGLE_SAFEBROWSING_API_KEY": "AIzaSyC7jsptDS3am4tPx4r3nxis7IMjBc5Dovo",
            "MOZ_GRAPHENE": false,
            "MOZ_MACBUNDLE_NAME": "Firefox.app",
            "MOZ_MAINTENANCE_SERVICE": false,
            "MOZ_MOZILLA_API_KEY": "3b4d27dd-703d-4094-8398-4de2c763505a",
            "MOZ_NEW_CERT_STORAGE": false,
            "MOZ_NEW_NOTIFICATION_STORE": false,
            "MOZ_NEW_XULSTORE": false,
            "MOZ_OFFICIAL_BRANDING": false,
            "MOZ_PLACES": false,
            "MOZ_REQUIRE_SIGNING": false,
            "MOZ_SANDBOX": false,
            "MOZ_SERVICES_HEALTHREPORT": true,
            "MOZ_SERVICES_SYNC": false,
            "MOZ_SWITCHBOARD": true,
            "MOZ_SYSTEM_NSS": false,
            "MOZ_TELEMETRY_ON_BY_DEFAULT": false,
            "MOZ_TELEMETRY_REPORTING": true,
            "MOZ_UNSIGNED_SCOPES": 0,
            "MOZ_UPDATER": false,
            "MOZ_UPDATE_CHANNEL": "release",
            "MOZ_WEBRTC": true,
            "MOZ_WIDGET_GTK": false,
            "MOZ_WIDGET_TOOLKIT": "android",
            "NIGHTLY_BUILD": false,
            "OMNIJAR_NAME": "assets/omni.ja",
            "RELEASE_OR_BETA": true,
            "SOURCE_REVISION_URL": "https://hg.mozilla.org/releases/mozilla-esr68/rev/d2e0b9e17b9bc1ef02606c8006b73293f7892ad5",
            "TELEMETRY_PING_FORMAT_VERSION": 4,
            "XP_UNIX": true,
            "isPlatformAndVersionAtLeast": {},
            "isPlatformAndVersionAtMost": {},
            "platform": "android"
          },
          "userAgent": "Mozilla/5.0 (Android 8.1.0; Mobile; rv:68.0) Gecko/68.0 Firefox/68.0",
          "windowSize": "360x560"
        },
        "pageinfo": {
          "documentHeight": 5705,
          "documentSize": {
            "decodedBodySize": 9947,
            "encodedBodySize": 9947,
            "transferSize": 10433
          },
          "documentTitle": "People who can't afford airpods - Imgur",
          "documentWidth": 360,
          "domElements": 243,
          "navigationStartTime": 1617064681986,
          "nextHopProtocol": "h2",
          "resources": {
            "count": 0,
            "duration": 0
          },
          "responsive": true,
          "url": "https://m.imgur.com/gallery/D2Dk5ln",
          "visualElements": {
            "heroes": [
              {
                "filename": "Avgw5Di_d.webp?maxwidth=640&shape=thumb&fidelity=medium",
                "height": 321,
                "name": "LargestImage",
                "width": 340,
                "x": 10,
                "y": 177
              },
              {
                "filename": null,
                "height": 38,
                "name": "Heading",
                "width": 340,
                "x": 10,
                "y": 126
              }
            ],
            "viewport": {
              "height": 560,
              "width": 360
            }
          }
        },
        "timings": {
          "firstPaint": 839,
          "loadEventEnd": 13936,
          "navigationTiming": {
            "connectStart": 540,
            "domComplete": 13892,
            "domContentLoadedEventEnd": 3275,
            "domContentLoadedEventStart": 3263,
            "domInteractive": 1676,
            "domainLookupEnd": 539,
            "domainLookupStart": 539,
            "duration": 13936,
            "fetchStart": 509,
            "loadEventEnd": 13936,
            "loadEventStart": 13892,
            "redirectEnd": 506,
            "redirectStart": 3,
            "requestStart": 546,
            "responseEnd": 675,
            "responseStart": 672,
            "secureConnectionStart": 0,
            "startTime": 0,
            "unloadEventEnd": 0,
            "unloadEventStart": 0,
            "workerStart": 0
          },
          "pageTimings": {
            "backEndTime": 672,
            "domContentLoadedTime": 3263,
            "domInteractiveTime": 1676,
            "domainLookupTime": 0,
            "frontEndTime": 13217,
            "pageDownloadTime": 2,
            "pageLoadTime": 13892,
            "redirectionTime": 503,
            "serverConnectionTime": 0,
            "serverResponseTime": 128
          },
          "rumSpeedIndex": 672,
          "timeToContentfulPaint": 982,
          "timeToDomContentFlushed": 3147,
          "userTimings": {
            "marks": [
              {
                "name": "gpt-tag-load",
                "startTime": 11739.8
              },
              {
                "name": "gpt-first-ad-request",
                "startTime": 12307
              },
              {
                "name": "loadStarteventUtils",
                "startTime": 12911.56
              },
              {
                "name": "loadEndeventUtils",
                "startTime": 12911.84
              },
              {
                "name": "loadStartpixelQueue",
                "startTime": 12912
              },
              {
                "name": "loadEndpixelQueue",
                "startTime": 12912.08
              },
              {
                "name": "gpt-first-ad-render",
                "startTime": 13296.7
              }
            ],
            "measures": [
              {
                "duration": 0.28000000000065484,
                "name": "lteu",
                "startTime": 12911.56
              },
              {
                "duration": 0.07999999999992724,
                "name": "ltpq",
                "startTime": 12912
              }
            ]
          }
        }
      }
    ],
    "visualMetrics": [],
    "cpu": [],
    "extras": [
      {},
      {},
      {}
    ],
    "fullyLoaded": [],
    "errors": [
      [],
      [],
      []
    ],
    "statistics": {
      "browser": {
        "appConstants": {
          "MOZ_UNSIGNED_SCOPES": {
            "median": 0,
            "mean": 0,
            "mdev": 0,
            "stddev": 0,
            "min": 0,
            "p10": 0,
            "p90": 0,
            "p99": 0,
            "max": 0
          },
          "TELEMETRY_PING_FORMAT_VERSION": {
            "median": 4,
            "mean": 4,
            "mdev": 0,
            "stddev": 0,
            "min": 4,
            "p10": 4,
            "p90": 4,
            "p99": 4,
            "max": 4
          }
        },
        "asyncAppConstants": {
          "MOZ_UNSIGNED_SCOPES": {
            "median": 0,
            "mean": 0,
            "mdev": 0,
            "stddev": 0,
            "min": 0,
            "p10": 0,
            "p90": 0,
            "p99": 0,
            "max": 0
          },
          "TELEMETRY_PING_FORMAT_VERSION": {
            "median": 4,
            "mean": 4,
            "mdev": 0,
            "stddev": 0,
            "min": 4,
            "p10": 4,
            "p90": 4,
            "p99": 4,
            "max": 4
          }
        }
      },
      "pageinfo": {
        "documentHeight": {
          "median": 5705,
          "mean": 5705,
          "mdev": 0,
          "stddev": 0,
          "min": 5705,
          "p10": 5705,
          "p90": 5705,
          "p99": 5705,
          "max": 5705
        },
        "documentSize": {
          "decodedBodySize": {
            "median": 9947,
            "mean": 9947,
            "mdev": 0,
            "stddev": 0,
            "min": 9947,
            "p10": 9947,
            "p90": 9947,
            "p99": 9947,
            "max": 9947
          },
          "encodedBodySize": {
            "median": 9947,
            "mean": 9947,
            "mdev": 0,
            "stddev": 0,
            "min": 9947,
            "p10": 9947,
            "p90": 9947,
            "p99": 9947,
            "max": 9947
          },
          "transferSize": {
            "median": 10433,
            "mean": 10433,
            "mdev": 0,
            "stddev": 0,
            "min": 10433,
            "p10": 10433,
            "p90": 10433,
            "p99": 10433,
            "max": 10433
          }
        },
        "documentWidth": {
          "median": 360,
          "mean": 360,
          "mdev": 0,
          "stddev": 0,
          "min": 360,
          "p10": 360,
          "p90": 360,
          "p99": 360,
          "max": 360
        },
        "domElements": {
          "median": 246,
          "mean": 245,
          "mdev": 0.9813,
          "stddev": 2,
          "min": 243,
          "p10": 243,
          "p90": 247,
          "p99": 247,
          "max": 247
        },
        "navigationStartTime": {
          "median": 1617064638902,
          "mean": 1617064640825,
          "mdev": 17836.64,
          "stddev": 30894,
          "min": 1617064601586,
          "p10": 1617064601586,
          "p90": 1617064681986,
          "p99": 1617064681986,
          "max": 1617064681986
        },
        "resources": {
          "count": {
            "median": 0,
            "mean": 0,
            "mdev": 0,
            "stddev": 0,
            "min": 0,
            "p10": 0,
            "p90": 0,
            "p99": 0,
            "max": 0
          },
          "duration": {
            "median": 0,
            "mean": 0,
            "mdev": 0,
            "stddev": 0,
            "min": 0,
            "p10": 0,
            "p90": 0,
            "p99": 0,
            "max": 0
          }
        },
        "visualElements": {
          "heroes": [
            {
              "height": {
                "median": 321,
                "mean": 321,
                "mdev": 0,
                "stddev": 0,
                "min": 321,
                "p10": 321,
                "p90": 321,
                "p99": 321,
                "max": 321
              },
              "width": {
                "median": 340,
                "mean": 340,
                "mdev": 0,
                "stddev": 0,
                "min": 340,
                "p10": 340,
                "p90": 340,
                "p99": 340,
                "max": 340
              },
              "x": {
                "median": 10,
                "mean": 10,
                "mdev": 0,
                "stddev": 0,
                "min": 10,
                "p10": 10,
                "p90": 10,
                "p99": 10,
                "max": 10
              },
              "y": {
                "median": 177,
                "mean": 177,
                "mdev": 0,
                "stddev": 0,
                "min": 177,
                "p10": 177,
                "p90": 177,
                "p99": 177,
                "max": 177
              }
            },
            {
              "height": {
                "median": 38,
                "mean": 38,
                "mdev": 0,
                "stddev": 0,
                "min": 38,
                "p10": 38,
                "p90": 38,
                "p99": 38,
                "max": 38
              },
              "width": {
                "median": 340,
                "mean": 340,
                "mdev": 0,
                "stddev": 0,
                "min": 340,
                "p10": 340,
                "p90": 340,
                "p99": 340,
                "max": 340
              },
              "x": {
                "median": 10,
                "mean": 10,
                "mdev": 0,
                "stddev": 0,
                "min": 10,
                "p10": 10,
                "p90": 10,
                "p99": 10,
                "max": 10
              },
              "y": {
                "median": 126,
                "mean": 126,
                "mdev": 0,
                "stddev": 0,
                "min": 126,
                "p10": 126,
                "p90": 126,
                "p99": 126,
                "max": 126
              }
            }
          ],
          "viewport": {
            "height": {
              "median": 560,
              "mean": 560,
              "mdev": 0,
              "stddev": 0,
              "min": 560,
              "p10": 560,
              "p90": 560,
              "p99": 560,
              "max": 560
            },
            "width": {
              "median": 360,
              "mean": 360,
              "mdev": 0,
              "stddev": 0,
              "min": 360,
              "p10": 360,
              "p90": 360,
              "p99": 360,
              "max": 360
            }
          }
        }
      },
      "timings": {
        "firstPaint": {
          "median": 853,
          "mean": 850,
          "mdev": 4.8381,
          "stddev": 8,
          "min": 839,
          "p10": 839,
          "p90": 859,
          "p99": 859,
          "max": 859
        },
        "loadEventEnd": {
          "median": 13936,
          "mean": 17765,
          "mdev": 3310.9449,
          "stddev": 5735,
          "min": 13488,
          "p10": 13488,
          "p90": 25871,
          "p99": 25871,
          "max": 25871
        },
        "navigationTiming": {
          "connectStart": {
            "median": 540,
            "mean": 540,
            "mdev": 4.2426,
            "stddev": 7,
            "min": 531,
            "p10": 531,
            "p90": 549,
            "p99": 549,
            "max": 549
          },
          "domComplete": {
            "median": 13892,
            "mean": 17724,
            "mdev": 3297.613,
            "stddev": 5712,
            "min": 13482,
            "p10": 13482,
            "p90": 25798,
            "p99": 25798,
            "max": 25798
          },
          "domContentLoadedEventEnd": {
            "median": 3356,
            "mean": 3366,
            "mdev": 45.1918,
            "stddev": 78,
            "min": 3275,
            "p10": 3275,
            "p90": 3466,
            "p99": 3466,
            "max": 3466
          },
          "domContentLoadedEventStart": {
            "median": 3345,
            "mean": 3356,
            "mdev": 46.4024,
            "stddev": 80,
            "min": 3263,
            "p10": 3263,
            "p90": 3459,
            "p99": 3459,
            "max": 3459
          },
          "domInteractive": {
            "median": 1693,
            "mean": 1704,
            "mdev": 16.4181,
            "stddev": 28,
            "min": 1676,
            "p10": 1676,
            "p90": 1743,
            "p99": 1743,
            "max": 1743
          },
          "domainLookupEnd": {
            "median": 539,
            "mean": 540,
            "mdev": 4.2514,
            "stddev": 7,
            "min": 531,
            "p10": 531,
            "p90": 549,
            "p99": 549,
            "max": 549
          },
          "domainLookupStart": {
            "median": 531,
            "mean": 526,
            "mdev": 7.5865,
            "stddev": 13,
            "min": 508,
            "p10": 508,
            "p90": 539,
            "p99": 539,
            "max": 539
          },
          "duration": {
            "median": 13936,
            "mean": 17765,
            "mdev": 3310.9449,
            "stddev": 5735,
            "min": 13488,
            "p10": 13488,
            "p90": 25871,
            "p99": 25871,
            "max": 25871
          },
          "fetchStart": {
            "median": 507,
            "mean": 507,
            "mdev": 0.7201,
            "stddev": 1,
            "min": 506,
            "p10": 506,
            "p90": 509,
            "p99": 509,
            "max": 509
          },
          "loadEventEnd": {
            "median": 13936,
            "mean": 17765,
            "mdev": 3310.9449,
            "stddev": 5735,
            "min": 13488,
            "p10": 13488,
            "p90": 25871,
            "p99": 25871,
            "max": 25871
          },
          "loadEventStart": {
            "median": 13892,
            "mean": 17724,
            "mdev": 3297.8851,
            "stddev": 5712,
            "min": 13482,
            "p10": 13482,
            "p90": 25799,
            "p99": 25799,
            "max": 25799
          },
          "redirectEnd": {
            "median": 505,
            "mean": 505,
            "mdev": 0.7201,
            "stddev": 1,
            "min": 503,
            "p10": 503,
            "p90": 506,
            "p99": 506,
            "max": 506
          },
          "redirectStart": {
            "median": 3,
            "mean": 3,
            "mdev": 0,
            "stddev": 0,
            "min": 3,
            "p10": 3,
            "p90": 3,
            "p99": 3,
            "max": 3
          },
          "requestStart": {
            "median": 546,
            "mean": 548,
            "mdev": 3.8586,
            "stddev": 7,
            "min": 541,
            "p10": 541,
            "p90": 557,
            "p99": 557,
            "max": 557
          },
          "responseEnd": {
            "median": 675,
            "mean": 677,
            "mdev": 3.1388,
            "stddev": 5,
            "min": 671,
            "p10": 671,
            "p90": 684,
            "p99": 684,
            "max": 684
          },
          "responseStart": {
            "median": 672,
            "mean": 674,
            "mdev": 3.6004,
            "stddev": 6,
            "min": 667,
            "p10": 667,
            "p90": 682,
            "p99": 682,
            "max": 682
          },
          "secureConnectionStart": {
            "median": 0,
            "mean": 0,
            "mdev": 0,
            "stddev": 0,
            "min": 0,
            "p10": 0,
            "p90": 0,
            "p99": 0,
            "max": 0
          },
          "startTime": {
            "median": 0,
            "mean": 0,
            "mdev": 0,
            "stddev": 0,
            "min": 0,
            "p10": 0,
            "p90": 0,
            "p99": 0,
            "max": 0
          },
          "unloadEventEnd": {
            "median": 0,
            "mean": 0,
            "mdev": 0,
            "stddev": 0,
            "min": 0,
            "p10": 0,
            "p90": 0,
            "p99": 0,
            "max": 0
          },
          "unloadEventStart": {
            "median": 0,
            "mean": 0,
            "mdev": 0,
            "stddev": 0,
            "min": 0,
            "p10": 0,
            "p90": 0,
            "p99": 0,
            "max": 0
          },
          "workerStart": {
            "median": 0,
            "mean": 0,
            "mdev": 0,
            "stddev": 0,
            "min": 0,
            "p10": 0,
            "p90": 0,
            "p99": 0,
            "max": 0
          }
        },
        "pageTimings": {
          "backEndTime": {
            "median": 672,
            "mean": 674,
            "mdev": 3.6004,
            "stddev": 6,
            "min": 667,
            "p10": 667,
            "p90": 682,
            "p99": 682,
            "max": 682
          },
          "domContentLoadedTime": {
            "median": 3345,
            "mean": 3356,
            "mdev": 46.4024,
            "stddev": 80,
            "min": 3263,
            "p10": 3263,
            "p90": 3459,
            "p99": 3459,
            "max": 3459
          },
          "domInteractiveTime": {
            "median": 1693,
            "mean": 1704,
            "mdev": 16.4181,
            "stddev": 28,
            "min": 1676,
            "p10": 1676,
            "p90": 1743,
            "p99": 1743,
            "max": 1743
          },
          "domainLookupTime": {
            "median": 0,
            "mean": 14,
            "mdev": 11.1588,
            "stddev": 19,
            "min": 0,
            "p10": 0,
            "p90": 41,
            "p99": 41,
            "max": 41
          },
          "frontEndTime": {
            "median": 13217,
            "mean": 17047,
            "mdev": 3294.593,
            "stddev": 5706,
            "min": 12811,
            "p10": 12811,
            "p90": 25114,
            "p99": 25114,
            "max": 25114
          },
          "pageDownloadTime": {
            "median": 2,
            "mean": 3,
            "mdev": 0.5443,
            "stddev": 1,
            "min": 2,
            "p10": 2,
            "p90": 4,
            "p99": 4,
            "max": 4
          },
          "pageLoadTime": {
            "median": 13892,
            "mean": 17724,
            "mdev": 3297.8851,
            "stddev": 5712,
            "min": 13482,
            "p10": 13482,
            "p90": 25799,
            "p99": 25799,
            "max": 25799
          },
          "redirectionTime": {
            "median": 502,
            "mean": 502,
            "mdev": 0.7201,
            "stddev": 1,
            "min": 500,
            "p10": 500,
            "p90": 503,
            "p99": 503,
            "max": 503
          },
          "serverConnectionTime": {
            "median": 0,
            "mean": 0,
            "mdev": 0,
            "stddev": 0,
            "min": 0,
            "p10": 0,
            "p90": 0,
            "p99": 0,
            "max": 0
          },
          "serverResponseTime": {
            "median": 128,
            "mean": 129,
            "mdev": 0.5443,
            "stddev": 1,
            "min": 128,
            "p10": 128,
            "p90": 130,
            "p99": 130,
            "max": 130
          }
        },
        "rumSpeedIndex": {
          "median": 672,
          "mean": 673,
          "mdev": 3.8103,
          "stddev": 7,
          "min": 666,
          "p10": 666,
          "p90": 682,
          "p99": 682,
          "max": 682
        },
        "timeToContentfulPaint": {
          "median": 997,
          "mean": 995,
          "mdev": 5.7155,
          "stddev": 10,
          "min": 982,
          "p10": 982,
          "p90": 1006,
          "p99": 1006,
          "max": 1006
        },
        "timeToDomContentFlushed": {
          "median": 3241,
          "mean": 3239,
          "mdev": 42.6727,
          "stddev": 74,
          "min": 3147,
          "p10": 3147,
          "p90": 3328,
          "p99": 3328,
          "max": 3328
        },
        "userTimings": {
          "marks": {
            "gpt-tag-load": {
              "median": 12612,
              "mean": 12495,
              "mdev": 331.7723,
              "stddev": 575,
              "min": 11740,
              "p10": 11740,
              "p90": 13133,
              "p99": 13133,
              "max": 13133
            },
            "gpt-first-ad-request": {
              "median": 13646,
              "mean": 13375,
              "mdev": 453.4729,
              "stddev": 785,
              "min": 12307,
              "p10": 12307,
              "p90": 14173,
              "p99": 14173,
              "max": 14173
            },
            "loadStarteventUtils": {
              "median": 13900,
              "mean": 14046,
              "mdev": 572.503,
              "stddev": 992,
              "min": 12912,
              "p10": 12912,
              "p90": 15327,
              "p99": 15327,
              "max": 15327
            },
            "loadEndeventUtils": {
              "median": 13901,
              "mean": 14047,
              "mdev": 572.5077,
              "stddev": 992,
              "min": 12912,
              "p10": 12912,
              "p90": 15328,
              "p99": 15328,
              "max": 15328
            },
            "loadStartpixelQueue": {
              "median": 13901,
              "mean": 14047,
              "mdev": 572.6004,
              "stddev": 992,
              "min": 12912,
              "p10": 12912,
              "p90": 15328,
              "p99": 15328,
              "max": 15328
            },
            "loadEndpixelQueue": {
              "median": 13902,
              "mean": 14048,
              "mdev": 572.7427,
              "stddev": 992,
              "min": 12912,
              "p10": 12912,
              "p90": 15329,
              "p99": 15329,
              "max": 15329
            },
            "gpt-first-ad-render": {
              "median": 14155,
              "mean": 14378,
              "mdev": 569.4616,
              "stddev": 986,
              "min": 13297,
              "p10": 13297,
              "p90": 15682,
              "p99": 15682,
              "max": 15682
            }
          },
          "measures": {
            "lteu": {
              "median": 0,
              "mean": 0,
              "mdev": 0.0909,
              "stddev": 0,
              "min": 0,
              "p10": 0,
              "p90": 1,
              "p99": 1,
              "max": 1
            },
            "ltpq": {
              "median": 0,
              "mean": 0,
              "mdev": 0.1424,
              "stddev": 0,
              "min": 0,
              "p10": 0,
              "p90": 1,
              "p99": 1,
              "max": 1
            }
          }
        },
        "timeToFirstInteractive": {
          "median": 26764,
          "mean": 26764,
          "mdev": 0,
          "stddev": 0,
          "min": 26764,
          "p10": 26764,
          "p90": 26764,
          "p99": 26764,
          "max": 26764
        }
      }
    }
  }
]