[
  {
    "info": {
      "browsertime": {
        "version": "8.4.0"
      },
      "url": "https://stackoverflow.com/",
      "timestamp": "2021-03-30T17:43:51+04:00",
      "connectivity": {
        "engine": "external",
        "profile": "native"
      },
      "extra": {}
    },
    "files": {
      "video": [],
      "screenshot": [],
      "timeline": [],
      "consoleLog": [],
      "netLog": [],
      "perfLog": []
    },
    "cdp": {
      "performance": []
    },
    "timestamps": [
      "2021-03-30T17:43:41+04:00",
      "2021-03-30T17:43:57+04:00",
      "2021-03-30T17:44:15+04:00"
    ],
    "browserScripts": [
      {
        "browser": {
          "appConstants": {
            "ACCESSIBILITY": true,
            "ANDROID_PACKAGE_NAME": "org.mozilla.firefox",
            "ASAN": false,
            "ASAN_REPORTER": false,
            "BROWSER_CHROME_URL": "chrome://browser/content/browser.xul",
            "DEBUG": false,
            "DEBUG_JS_MODULES": "",
            "DLL_PREFIX": "lib",
            "DLL_SUFFIX": ".so",
            "EARLY_BETA_OR_EARLIER": false,
            "FENNEC_NIGHTLY": false,
            "HAVE_SHELL_SERVICE": false,
            "HAVE_USR_LIB64_DIR": false,
            "MENUBAR_CAN_AUTOHIDE": false,
            "MOZILLA_OFFICIAL": true,
            "MOZ_ALLOW_LEGACY_EXTENSIONS": false,
            "MOZ_ANDROID_ACTIVITY_STREAM": false,
            "MOZ_ANDROID_HISTORY": true,
            "MOZ_ANDROID_MOZILLA_ONLINE": false,
            "MOZ_APP_NAME": "fennec",
            "MOZ_APP_VERSION": "68.1.1",
            "MOZ_APP_VERSION_DISPLAY": "68.1.1",
            "MOZ_BING_API_CLIENTID": "no-bing-api-clientid",
            "MOZ_BING_API_KEY": "no-bing-api-key",
            "MOZ_BITS_DOWNLOAD": false,
            "MOZ_BUILD_APP": "mobile/android",
            "MOZ_CODE_COVERAGE": false,
            "MOZ_CRASHREPORTER": true,
            "MOZ_DATA_REPORTING": true,
            "MOZ_DEV_EDITION": false,
            "MOZ_GECKO_PROFILER": true,
            "MOZ_GOOGLE_LOCATION_SERVICE_API_KEY": "AIzaSyB2h2OuRcUgy5N-5hsZqiPW6sH3n_rptiQ",
            "MOZ_GOOGLE_SAFEBROWSING_API_KEY": "AIzaSyC7jsptDS3am4tPx4r3nxis7IMjBc5Dovo",
            "MOZ_GRAPHENE": false,
            "MOZ_MACBUNDLE_NAME": "Firefox.app",
            "MOZ_MAINTENANCE_SERVICE": false,
            "MOZ_MOZILLA_API_KEY": "3b4d27dd-703d-4094-8398-4de2c763505a",
            "MOZ_NEW_CERT_STORAGE": false,
            "MOZ_NEW_NOTIFICATION_STORE": false,
            "MOZ_NEW_XULSTORE": false,
            "MOZ_OFFICIAL_BRANDING": false,
            "MOZ_PLACES": false,
            "MOZ_REQUIRE_SIGNING": false,
            "MOZ_SANDBOX": false,
            "MOZ_SERVICES_HEALTHREPORT": true,
            "MOZ_SERVICES_SYNC": false,
            "MOZ_SWITCHBOARD": true,
            "MOZ_SYSTEM_NSS": false,
            "MOZ_TELEMETRY_ON_BY_DEFAULT": false,
            "MOZ_TELEMETRY_REPORTING": true,
            "MOZ_UNSIGNED_SCOPES": 0,
            "MOZ_UPDATER": false,
            "MOZ_UPDATE_CHANNEL": "release",
            "MOZ_WEBRTC": true,
            "MOZ_WIDGET_GTK": false,
            "MOZ_WIDGET_TOOLKIT": "android",
            "NIGHTLY_BUILD": false,
            "OMNIJAR_NAME": "assets/omni.ja",
            "RELEASE_OR_BETA": true,
            "SOURCE_REVISION_URL": "https://hg.mozilla.org/releases/mozilla-esr68/rev/d2e0b9e17b9bc1ef02606c8006b73293f7892ad5",
            "TELEMETRY_PING_FORMAT_VERSION": 4,
            "XP_UNIX": true,
            "isPlatformAndVersionAtLeast": {},
            "isPlatformAndVersionAtMost": {},
            "platform": "android"
          },
          "asyncAppConstants": {
            "ACCESSIBILITY": true,
            "ANDROID_PACKAGE_NAME": "org.mozilla.firefox",
            "ASAN": false,
            "ASAN_REPORTER": false,
            "BROWSER_CHROME_URL": "chrome://browser/content/browser.xul",
            "DEBUG": false,
            "DEBUG_JS_MODULES": "",
            "DLL_PREFIX": "lib",
            "DLL_SUFFIX": ".so",
            "EARLY_BETA_OR_EARLIER": false,
            "FENNEC_NIGHTLY": false,
            "HAVE_SHELL_SERVICE": false,
            "HAVE_USR_LIB64_DIR": false,
            "MENUBAR_CAN_AUTOHIDE": false,
            "MOZILLA_OFFICIAL": true,
            "MOZ_ALLOW_LEGACY_EXTENSIONS": false,
            "MOZ_ANDROID_ACTIVITY_STREAM": false,
            "MOZ_ANDROID_HISTORY": true,
            "MOZ_ANDROID_MOZILLA_ONLINE": false,
            "MOZ_APP_NAME": "fennec",
            "MOZ_APP_VERSION": "68.1.1",
            "MOZ_APP_VERSION_DISPLAY": "68.1.1",
            "MOZ_BING_API_CLIENTID": "no-bing-api-clientid",
            "MOZ_BING_API_KEY": "no-bing-api-key",
            "MOZ_BITS_DOWNLOAD": false,
            "MOZ_BUILD_APP": "mobile/android",
            "MOZ_CODE_COVERAGE": false,
            "MOZ_CRASHREPORTER": true,
            "MOZ_DATA_REPORTING": true,
            "MOZ_DEV_EDITION": false,
            "MOZ_GECKO_PROFILER": true,
            "MOZ_GOOGLE_LOCATION_SERVICE_API_KEY": "AIzaSyB2h2OuRcUgy5N-5hsZqiPW6sH3n_rptiQ",
            "MOZ_GOOGLE_SAFEBROWSING_API_KEY": "AIzaSyC7jsptDS3am4tPx4r3nxis7IMjBc5Dovo",
            "MOZ_GRAPHENE": false,
            "MOZ_MACBUNDLE_NAME": "Firefox.app",
            "MOZ_MAINTENANCE_SERVICE": false,
            "MOZ_MOZILLA_API_KEY": "3b4d27dd-703d-4094-8398-4de2c763505a",
            "MOZ_NEW_CERT_STORAGE": false,
            "MOZ_NEW_NOTIFICATION_STORE": false,
            "MOZ_NEW_XULSTORE": false,
            "MOZ_OFFICIAL_BRANDING": false,
            "MOZ_PLACES": false,
            "MOZ_REQUIRE_SIGNING": false,
            "MOZ_SANDBOX": false,
            "MOZ_SERVICES_HEALTHREPORT": true,
            "MOZ_SERVICES_SYNC": false,
            "MOZ_SWITCHBOARD": true,
            "MOZ_SYSTEM_NSS": false,
            "MOZ_TELEMETRY_ON_BY_DEFAULT": false,
            "MOZ_TELEMETRY_REPORTING": true,
            "MOZ_UNSIGNED_SCOPES": 0,
            "MOZ_UPDATER": false,
            "MOZ_UPDATE_CHANNEL": "release",
            "MOZ_WEBRTC": true,
            "MOZ_WIDGET_GTK": false,
            "MOZ_WIDGET_TOOLKIT": "android",
            "NIGHTLY_BUILD": false,
            "OMNIJAR_NAME": "assets/omni.ja",
            "RELEASE_OR_BETA": true,
            "SOURCE_REVISION_URL": "https://hg.mozilla.org/releases/mozilla-esr68/rev/d2e0b9e17b9bc1ef02606c8006b73293f7892ad5",
            "TELEMETRY_PING_FORMAT_VERSION": 4,
            "XP_UNIX": true,
            "isPlatformAndVersionAtLeast": {},
            "isPlatformAndVersionAtMost": {},
            "platform": "android"
          },
          "userAgent": "Mozilla/5.0 (Android 9; Mobile; rv:68.0) Gecko/68.0 Firefox/68.0",
          "windowSize": "360x612"
        },
        "pageinfo": {
          "documentHeight": 14491,
          "documentSize": {
            "decodedBodySize": 187686,
            "encodedBodySize": 51767,
            "transferSize": 52738
          },
          "documentTitle": "Stack Overflow - Where Developers Learn, Share, & Build Careers",
          "documentWidth": 360,
          "domElements": 1144,
          "navigationStartTime": 1617111821644,
          "nextHopProtocol": "h2",
          "resources": {
            "count": 0,
            "duration": 0
          },
          "responsive": true,
          "url": "https://stackoverflow.com/",
          "visualElements": {
            "heroes": [
              {
                "filename": "illo-code.svg?v=b7ee00fff9d8",
                "height": 222,
                "name": "LargestImage",
                "width": 184,
                "x": 39,
                "y": 318
              }
            ],
            "viewport": {
              "height": 612,
              "width": 360
            }
          }
        },
        "timings": {
          "firstPaint": 1380,
          "loadEventEnd": 2726,
          "navigationTiming": {
            "connectStart": 41,
            "domComplete": 2717,
            "domContentLoadedEventEnd": 1378,
            "domContentLoadedEventStart": 1338,
            "domInteractive": 1186,
            "domainLookupEnd": 41,
            "domainLookupStart": 41,
            "duration": 2726,
            "fetchStart": 2,
            "loadEventEnd": 2726,
            "loadEventStart": 2717,
            "redirectEnd": 0,
            "redirectStart": 0,
            "requestStart": 126,
            "responseEnd": 345,
            "responseStart": 345,
            "secureConnectionStart": 57,
            "startTime": 0,
            "unloadEventEnd": 0,
            "unloadEventStart": 0,
            "workerStart": 0
          },
          "pageTimings": {
            "backEndTime": 345,
            "domContentLoadedTime": 1338,
            "domInteractiveTime": 1186,
            "domainLookupTime": 0,
            "frontEndTime": 2371,
            "pageDownloadTime": 0,
            "pageLoadTime": 2717,
            "redirectionTime": 0,
            "serverConnectionTime": 84,
            "serverResponseTime": 219
          },
          "rumSpeedIndex": 345,
          "timeToContentfulPaint": 1603,
          "timeToDomContentFlushed": 1327,
          "userTimings": {
            "marks": [],
            "measures": []
          }
        }
      },
      {
        "browser": {
          "appConstants": {
            "ACCESSIBILITY": true,
            "ANDROID_PACKAGE_NAME": "org.mozilla.firefox",
            "ASAN": false,
            "ASAN_REPORTER": false,
            "BROWSER_CHROME_URL": "chrome://browser/content/browser.xul",
            "DEBUG": false,
            "DEBUG_JS_MODULES": "",
            "DLL_PREFIX": "lib",
            "DLL_SUFFIX": ".so",
            "EARLY_BETA_OR_EARLIER": false,
            "FENNEC_NIGHTLY": false,
            "HAVE_SHELL_SERVICE": false,
            "HAVE_USR_LIB64_DIR": false,
            "MENUBAR_CAN_AUTOHIDE": false,
            "MOZILLA_OFFICIAL": true,
            "MOZ_ALLOW_LEGACY_EXTENSIONS": false,
            "MOZ_ANDROID_ACTIVITY_STREAM": false,
            "MOZ_ANDROID_HISTORY": true,
            "MOZ_ANDROID_MOZILLA_ONLINE": false,
            "MOZ_APP_NAME": "fennec",
            "MOZ_APP_VERSION": "68.1.1",
            "MOZ_APP_VERSION_DISPLAY": "68.1.1",
            "MOZ_BING_API_CLIENTID": "no-bing-api-clientid",
            "MOZ_BING_API_KEY": "no-bing-api-key",
            "MOZ_BITS_DOWNLOAD": false,
            "MOZ_BUILD_APP": "mobile/android",
            "MOZ_CODE_COVERAGE": false,
            "MOZ_CRASHREPORTER": true,
            "MOZ_DATA_REPORTING": true,
            "MOZ_DEV_EDITION": false,
            "MOZ_GECKO_PROFILER": true,
            "MOZ_GOOGLE_LOCATION_SERVICE_API_KEY": "AIzaSyB2h2OuRcUgy5N-5hsZqiPW6sH3n_rptiQ",
            "MOZ_GOOGLE_SAFEBROWSING_API_KEY": "AIzaSyC7jsptDS3am4tPx4r3nxis7IMjBc5Dovo",
            "MOZ_GRAPHENE": false,
            "MOZ_MACBUNDLE_NAME": "Firefox.app",
            "MOZ_MAINTENANCE_SERVICE": false,
            "MOZ_MOZILLA_API_KEY": "3b4d27dd-703d-4094-8398-4de2c763505a",
            "MOZ_NEW_CERT_STORAGE": false,
            "MOZ_NEW_NOTIFICATION_STORE": false,
            "MOZ_NEW_XULSTORE": false,
            "MOZ_OFFICIAL_BRANDING": false,
            "MOZ_PLACES": false,
            "MOZ_REQUIRE_SIGNING": false,
            "MOZ_SANDBOX": false,
            "MOZ_SERVICES_HEALTHREPORT": true,
            "MOZ_SERVICES_SYNC": false,
            "MOZ_SWITCHBOARD": true,
            "MOZ_SYSTEM_NSS": false,
            "MOZ_TELEMETRY_ON_BY_DEFAULT": false,
            "MOZ_TELEMETRY_REPORTING": true,
            "MOZ_UNSIGNED_SCOPES": 0,
            "MOZ_UPDATER": false,
            "MOZ_UPDATE_CHANNEL": "release",
            "MOZ_WEBRTC": true,
            "MOZ_WIDGET_GTK": false,
            "MOZ_WIDGET_TOOLKIT": "android",
            "NIGHTLY_BUILD": false,
            "OMNIJAR_NAME": "assets/omni.ja",
            "RELEASE_OR_BETA": true,
            "SOURCE_REVISION_URL": "https://hg.mozilla.org/releases/mozilla-esr68/rev/d2e0b9e17b9bc1ef02606c8006b73293f7892ad5",
            "TELEMETRY_PING_FORMAT_VERSION": 4,
            "XP_UNIX": true,
            "isPlatformAndVersionAtLeast": {},
            "isPlatformAndVersionAtMost": {},
            "platform": "android"
          },
          "asyncAppConstants": {
            "ACCESSIBILITY": true,
            "ANDROID_PACKAGE_NAME": "org.mozilla.firefox",
            "ASAN": false,
            "ASAN_REPORTER": false,
            "BROWSER_CHROME_URL": "chrome://browser/content/browser.xul",
            "DEBUG": false,
            "DEBUG_JS_MODULES": "",
            "DLL_PREFIX": "lib",
            "DLL_SUFFIX": ".so",
            "EARLY_BETA_OR_EARLIER": false,
            "FENNEC_NIGHTLY": false,
            "HAVE_SHELL_SERVICE": false,
            "HAVE_USR_LIB64_DIR": false,
            "MENUBAR_CAN_AUTOHIDE": false,
            "MOZILLA_OFFICIAL": true,
            "MOZ_ALLOW_LEGACY_EXTENSIONS": false,
            "MOZ_ANDROID_ACTIVITY_STREAM": false,
            "MOZ_ANDROID_HISTORY": true,
            "MOZ_ANDROID_MOZILLA_ONLINE": false,
            "MOZ_APP_NAME": "fennec",
            "MOZ_APP_VERSION": "68.1.1",
            "MOZ_APP_VERSION_DISPLAY": "68.1.1",
            "MOZ_BING_API_CLIENTID": "no-bing-api-clientid",
            "MOZ_BING_API_KEY": "no-bing-api-key",
            "MOZ_BITS_DOWNLOAD": false,
            "MOZ_BUILD_APP": "mobile/android",
            "MOZ_CODE_COVERAGE": false,
            "MOZ_CRASHREPORTER": true,
            "MOZ_DATA_REPORTING": true,
            "MOZ_DEV_EDITION": false,
            "MOZ_GECKO_PROFILER": true,
            "MOZ_GOOGLE_LOCATION_SERVICE_API_KEY": "AIzaSyB2h2OuRcUgy5N-5hsZqiPW6sH3n_rptiQ",
            "MOZ_GOOGLE_SAFEBROWSING_API_KEY": "AIzaSyC7jsptDS3am4tPx4r3nxis7IMjBc5Dovo",
            "MOZ_GRAPHENE": false,
            "MOZ_MACBUNDLE_NAME": "Firefox.app",
            "MOZ_MAINTENANCE_SERVICE": false,
            "MOZ_MOZILLA_API_KEY": "3b4d27dd-703d-4094-8398-4de2c763505a",
            "MOZ_NEW_CERT_STORAGE": false,
            "MOZ_NEW_NOTIFICATION_STORE": false,
            "MOZ_NEW_XULSTORE": false,
            "MOZ_OFFICIAL_BRANDING": false,
            "MOZ_PLACES": false,
            "MOZ_REQUIRE_SIGNING": false,
            "MOZ_SANDBOX": false,
            "MOZ_SERVICES_HEALTHREPORT": true,
            "MOZ_SERVICES_SYNC": false,
            "MOZ_SWITCHBOARD": true,
            "MOZ_SYSTEM_NSS": false,
            "MOZ_TELEMETRY_ON_BY_DEFAULT": false,
            "MOZ_TELEMETRY_REPORTING": true,
            "MOZ_UNSIGNED_SCOPES": 0,
            "MOZ_UPDATER": false,
            "MOZ_UPDATE_CHANNEL": "release",
            "MOZ_WEBRTC": true,
            "MOZ_WIDGET_GTK": false,
            "MOZ_WIDGET_TOOLKIT": "android",
            "NIGHTLY_BUILD": false,
            "OMNIJAR_NAME": "assets/omni.ja",
            "RELEASE_OR_BETA": true,
            "SOURCE_REVISION_URL": "https://hg.mozilla.org/releases/mozilla-esr68/rev/d2e0b9e17b9bc1ef02606c8006b73293f7892ad5",
            "TELEMETRY_PING_FORMAT_VERSION": 4,
            "XP_UNIX": true,
            "isPlatformAndVersionAtLeast": {},
            "isPlatformAndVersionAtMost": {},
            "platform": "android"
          },
          "userAgent": "Mozilla/5.0 (Android 9; Mobile; rv:68.0) Gecko/68.0 Firefox/68.0",
          "windowSize": "360x612"
        },
        "pageinfo": {
          "documentHeight": 14491,
          "documentSize": {
            "decodedBodySize": 187400,
            "encodedBodySize": 51525,
            "transferSize": 52496
          },
          "documentTitle": "Stack Overflow - Where Developers Learn, Share, & Build Careers",
          "documentWidth": 360,
          "domElements": 1144,
          "navigationStartTime": 1617111838451,
          "nextHopProtocol": "h2",
          "resources": {
            "count": 0,
            "duration": 0
          },
          "responsive": true,
          "url": "https://stackoverflow.com/",
          "visualElements": {
            "heroes": [
              {
                "filename": "illo-code.svg?v=b7ee00fff9d8",
                "height": 222,
                "name": "LargestImage",
                "width": 184,
                "x": 39,
                "y": 318
              }
            ],
            "viewport": {
              "height": 612,
              "width": 360
            }
          }
        },
        "timings": {
          "firstPaint": 1833,
          "loadEventEnd": 3548,
          "navigationTiming": {
            "connectStart": 306,
            "domComplete": 3538,
            "domContentLoadedEventEnd": 2080,
            "domContentLoadedEventStart": 2035,
            "domInteractive": 1719,
            "domainLookupEnd": 305,
            "domainLookupStart": 305,
            "duration": 3548,
            "fetchStart": 3,
            "loadEventEnd": 3548,
            "loadEventStart": 3538,
            "redirectEnd": 0,
            "redirectStart": 0,
            "requestStart": 648,
            "responseEnd": 849,
            "responseStart": 849,
            "secureConnectionStart": 432,
            "startTime": 0,
            "unloadEventEnd": 0,
            "unloadEventStart": 0,
            "workerStart": 0
          },
          "pageTimings": {
            "backEndTime": 849,
            "domContentLoadedTime": 2035,
            "domInteractiveTime": 1719,
            "domainLookupTime": 0,
            "frontEndTime": 2689,
            "pageDownloadTime": 0,
            "pageLoadTime": 3538,
            "redirectionTime": 0,
            "serverConnectionTime": 341,
            "serverResponseTime": 202
          },
          "rumSpeedIndex": 849,
          "timeToContentfulPaint": 2056,
          "timeToDomContentFlushed": 1818,
          "timeToFirstInteractive": 5947,
          "userTimings": {
            "marks": [],
            "measures": []
          }
        }
      },
      {
        "browser": {
          "appConstants": {
            "ACCESSIBILITY": true,
            "ANDROID_PACKAGE_NAME": "org.mozilla.firefox",
            "ASAN": false,
            "ASAN_REPORTER": false,
            "BROWSER_CHROME_URL": "chrome://browser/content/browser.xul",
            "DEBUG": false,
            "DEBUG_JS_MODULES": "",
            "DLL_PREFIX": "lib",
            "DLL_SUFFIX": ".so",
            "EARLY_BETA_OR_EARLIER": false,
            "FENNEC_NIGHTLY": false,
            "HAVE_SHELL_SERVICE": false,
            "HAVE_USR_LIB64_DIR": false,
            "MENUBAR_CAN_AUTOHIDE": false,
            "MOZILLA_OFFICIAL": true,
            "MOZ_ALLOW_LEGACY_EXTENSIONS": false,
            "MOZ_ANDROID_ACTIVITY_STREAM": false,
            "MOZ_ANDROID_HISTORY": true,
            "MOZ_ANDROID_MOZILLA_ONLINE": false,
            "MOZ_APP_NAME": "fennec",
            "MOZ_APP_VERSION": "68.1.1",
            "MOZ_APP_VERSION_DISPLAY": "68.1.1",
            "MOZ_BING_API_CLIENTID": "no-bing-api-clientid",
            "MOZ_BING_API_KEY": "no-bing-api-key",
            "MOZ_BITS_DOWNLOAD": false,
            "MOZ_BUILD_APP": "mobile/android",
            "MOZ_CODE_COVERAGE": false,
            "MOZ_CRASHREPORTER": true,
            "MOZ_DATA_REPORTING": true,
            "MOZ_DEV_EDITION": false,
            "MOZ_GECKO_PROFILER": true,
            "MOZ_GOOGLE_LOCATION_SERVICE_API_KEY": "AIzaSyB2h2OuRcUgy5N-5hsZqiPW6sH3n_rptiQ",
            "MOZ_GOOGLE_SAFEBROWSING_API_KEY": "AIzaSyC7jsptDS3am4tPx4r3nxis7IMjBc5Dovo",
            "MOZ_GRAPHENE": false,
            "MOZ_MACBUNDLE_NAME": "Firefox.app",
            "MOZ_MAINTENANCE_SERVICE": false,
            "MOZ_MOZILLA_API_KEY": "3b4d27dd-703d-4094-8398-4de2c763505a",
            "MOZ_NEW_CERT_STORAGE": false,
            "MOZ_NEW_NOTIFICATION_STORE": false,
            "MOZ_NEW_XULSTORE": false,
            "MOZ_OFFICIAL_BRANDING": false,
            "MOZ_PLACES": false,
            "MOZ_REQUIRE_SIGNING": false,
            "MOZ_SANDBOX": false,
            "MOZ_SERVICES_HEALTHREPORT": true,
            "MOZ_SERVICES_SYNC": false,
            "MOZ_SWITCHBOARD": true,
            "MOZ_SYSTEM_NSS": false,
            "MOZ_TELEMETRY_ON_BY_DEFAULT": false,
            "MOZ_TELEMETRY_REPORTING": true,
            "MOZ_UNSIGNED_SCOPES": 0,
            "MOZ_UPDATER": false,
            "MOZ_UPDATE_CHANNEL": "release",
            "MOZ_WEBRTC": true,
            "MOZ_WIDGET_GTK": false,
            "MOZ_WIDGET_TOOLKIT": "android",
            "NIGHTLY_BUILD": false,
            "OMNIJAR_NAME": "assets/omni.ja",
            "RELEASE_OR_BETA": true,
            "SOURCE_REVISION_URL": "https://hg.mozilla.org/releases/mozilla-esr68/rev/d2e0b9e17b9bc1ef02606c8006b73293f7892ad5",
            "TELEMETRY_PING_FORMAT_VERSION": 4,
            "XP_UNIX": true,
            "isPlatformAndVersionAtLeast": {},
            "isPlatformAndVersionAtMost": {},
            "platform": "android"
          },
          "asyncAppConstants": {
            "ACCESSIBILITY": true,
            "ANDROID_PACKAGE_NAME": "org.mozilla.firefox",
            "ASAN": false,
            "ASAN_REPORTER": false,
            "BROWSER_CHROME_URL": "chrome://browser/content/browser.xul",
            "DEBUG": false,
            "DEBUG_JS_MODULES": "",
            "DLL_PREFIX": "lib",
            "DLL_SUFFIX": ".so",
            "EARLY_BETA_OR_EARLIER": false,
            "FENNEC_NIGHTLY": false,
            "HAVE_SHELL_SERVICE": false,
            "HAVE_USR_LIB64_DIR": false,
            "MENUBAR_CAN_AUTOHIDE": false,
            "MOZILLA_OFFICIAL": true,
            "MOZ_ALLOW_LEGACY_EXTENSIONS": false,
            "MOZ_ANDROID_ACTIVITY_STREAM": false,
            "MOZ_ANDROID_HISTORY": true,
            "MOZ_ANDROID_MOZILLA_ONLINE": false,
            "MOZ_APP_NAME": "fennec",
            "MOZ_APP_VERSION": "68.1.1",
            "MOZ_APP_VERSION_DISPLAY": "68.1.1",
            "MOZ_BING_API_CLIENTID": "no-bing-api-clientid",
            "MOZ_BING_API_KEY": "no-bing-api-key",
            "MOZ_BITS_DOWNLOAD": false,
            "MOZ_BUILD_APP": "mobile/android",
            "MOZ_CODE_COVERAGE": false,
            "MOZ_CRASHREPORTER": true,
            "MOZ_DATA_REPORTING": true,
            "MOZ_DEV_EDITION": false,
            "MOZ_GECKO_PROFILER": true,
            "MOZ_GOOGLE_LOCATION_SERVICE_API_KEY": "AIzaSyB2h2OuRcUgy5N-5hsZqiPW6sH3n_rptiQ",
            "MOZ_GOOGLE_SAFEBROWSING_API_KEY": "AIzaSyC7jsptDS3am4tPx4r3nxis7IMjBc5Dovo",
            "MOZ_GRAPHENE": false,
            "MOZ_MACBUNDLE_NAME": "Firefox.app",
            "MOZ_MAINTENANCE_SERVICE": false,
            "MOZ_MOZILLA_API_KEY": "3b4d27dd-703d-4094-8398-4de2c763505a",
            "MOZ_NEW_CERT_STORAGE": false,
            "MOZ_NEW_NOTIFICATION_STORE": false,
            "MOZ_NEW_XULSTORE": false,
            "MOZ_OFFICIAL_BRANDING": false,
            "MOZ_PLACES": false,
            "MOZ_REQUIRE_SIGNING": false,
            "MOZ_SANDBOX": false,
            "MOZ_SERVICES_HEALTHREPORT": true,
            "MOZ_SERVICES_SYNC": false,
            "MOZ_SWITCHBOARD": true,
            "MOZ_SYSTEM_NSS": false,
            "MOZ_TELEMETRY_ON_BY_DEFAULT": false,
            "MOZ_TELEMETRY_REPORTING": true,
            "MOZ_UNSIGNED_SCOPES": 0,
            "MOZ_UPDATER": false,
            "MOZ_UPDATE_CHANNEL": "release",
            "MOZ_WEBRTC": true,
            "MOZ_WIDGET_GTK": false,
            "MOZ_WIDGET_TOOLKIT": "android",
            "NIGHTLY_BUILD": false,
            "OMNIJAR_NAME": "assets/omni.ja",
            "RELEASE_OR_BETA": true,
            "SOURCE_REVISION_URL": "https://hg.mozilla.org/releases/mozilla-esr68/rev/d2e0b9e17b9bc1ef02606c8006b73293f7892ad5",
            "TELEMETRY_PING_FORMAT_VERSION": 4,
            "XP_UNIX": true,
            "isPlatformAndVersionAtLeast": {},
            "isPlatformAndVersionAtMost": {},
            "platform": "android"
          },
          "userAgent": "Mozilla/5.0 (Android 9; Mobile; rv:68.0) Gecko/68.0 Firefox/68.0",
          "windowSize": "360x612"
        },
        "pageinfo": {
          "documentHeight": 14491,
          "documentSize": {
            "decodedBodySize": 187400,
            "encodedBodySize": 51523,
            "transferSize": 52494
          },
          "documentTitle": "Stack Overflow - Where Developers Learn, Share, & Build Careers",
          "documentWidth": 360,
          "domElements": 1144,
          "navigationStartTime": 1617111856415,
          "nextHopProtocol": "h2",
          "resources": {
            "count": 0,
            "duration": 0
          },
          "responsive": true,
          "url": "https://stackoverflow.com/",
          "visualElements": {
            "heroes": [
              {
                "filename": "illo-code.svg?v=b7ee00fff9d8",
                "height": 222,
                "name": "LargestImage",
                "width": 184,
                "x": 39,
                "y": 318
              }
            ],
            "viewport": {
              "height": 612,
              "width": 360
            }
          }
        },
        "timings": {
          "firstPaint": 1354,
          "loadEventEnd": 2938,
          "navigationTiming": {
            "connectStart": 41,
            "domComplete": 2925,
            "domContentLoadedEventEnd": 1352,
            "domContentLoadedEventStart": 1321,
            "domInteractive": 1173,
            "domainLookupEnd": 40,
            "domainLookupStart": 40,
            "duration": 2938,
            "fetchStart": 2,
            "loadEventEnd": 2938,
            "loadEventStart": 2925,
            "redirectEnd": 0,
            "redirectStart": 0,
            "requestStart": 137,
            "responseEnd": 337,
            "responseStart": 337,
            "secureConnectionStart": 55,
            "startTime": 0,
            "unloadEventEnd": 0,
            "unloadEventStart": 0,
            "workerStart": 0
          },
          "pageTimings": {
            "backEndTime": 337,
            "domContentLoadedTime": 1321,
            "domInteractiveTime": 1173,
            "domainLookupTime": 0,
            "frontEndTime": 2587,
            "pageDownloadTime": 0,
            "pageLoadTime": 2925,
            "redirectionTime": 0,
            "serverConnectionTime": 94,
            "serverResponseTime": 200
          },
          "rumSpeedIndex": 337,
          "timeToContentfulPaint": 1611,
          "timeToDomContentFlushed": 1310,
          "userTimings": {
            "marks": [],
            "measures": []
          }
        }
      }
    ],
    "visualMetrics": [],
    "cpu": [],
    "extras": [
      {},
      {},
      {}
    ],
    "fullyLoaded": [],
    "errors": [
      [],
      [],
      []
    ],
    "statistics": {
      "browser": {
        "appConstants": {
          "MOZ_UNSIGNED_SCOPES": {
            "median": 0,
            "mean": 0,
            "mdev": 0,
            "stddev": 0,
            "min": 0,
            "p10": 0,
            "p90": 0,
            "p99": 0,
            "max": 0
          },
          "TELEMETRY_PING_FORMAT_VERSION": {
            "median": 4,
            "mean": 4,
            "mdev": 0,
            "stddev": 0,
            "min": 4,
            "p10": 4,
            "p90": 4,
            "p99": 4,
            "max": 4
          }
        },
        "asyncAppConstants": {
          "MOZ_UNSIGNED_SCOPES": {
            "median": 0,
            "mean": 0,
            "mdev": 0,
            "stddev": 0,
            "min": 0,
            "p10": 0,
            "p90": 0,
            "p99": 0,
            "max": 0
          },
          "TELEMETRY_PING_FORMAT_VERSION": {
            "median": 4,
            "mean": 4,
            "mdev": 0,
            "stddev": 0,
            "min": 4,
            "p10": 4,
            "p90": 4,
            "p99": 4,
            "max": 4
          }
        }
      },
      "pageinfo": {
        "documentHeight": {
          "median": 14491,
          "mean": 14491,
          "mdev": 0,
          "stddev": 0,
          "min": 14491,
          "p10": 14491,
          "p90": 14491,
          "p99": 14491,
          "max": 14491
        },
        "documentSize": {
          "decodedBodySize": {
            "median": 187400,
            "mean": 187495,
            "mdev": 77.8393,
            "stddev": 135,
            "min": 187400,
            "p10": 187400,
            "p90": 187686,
            "p99": 187686,
            "max": 187686
          },
          "encodedBodySize": {
            "median": 51525,
            "mean": 51605,
            "mdev": 66.1379,
            "stddev": 115,
            "min": 51523,
            "p10": 51523,
            "p90": 51767,
            "p99": 51767,
            "max": 51767
          },
          "transferSize": {
            "median": 52496,
            "mean": 52576,
            "mdev": 66.1379,
            "stddev": 115,
            "min": 52494,
            "p10": 52494,
            "p90": 52738,
            "p99": 52738,
            "max": 52738
          }
        },
        "documentWidth": {
          "median": 360,
          "mean": 360,
          "mdev": 0,
          "stddev": 0,
          "min": 360,
          "p10": 360,
          "p90": 360,
          "p99": 360,
          "max": 360
        },
        "domElements": {
          "median": 1144,
          "mean": 1144,
          "mdev": 0,
          "stddev": 0,
          "min": 1144,
          "p10": 1144,
          "p90": 1144,
          "p99": 1144,
          "max": 1144
        },
        "navigationStartTime": {
          "median": 1617111838451,
          "mean": 1617111838837,
          "mdev": 12612.4091,
          "stddev": 21845,
          "min": 1617111821644,
          "p10": 1617111821644,
          "p90": 1617111856415,
          "p99": 1617111856415,
          "max": 1617111856415
        },
        "resources": {
          "count": {
            "median": 0,
            "mean": 0,
            "mdev": 0,
            "stddev": 0,
            "min": 0,
            "p10": 0,
            "p90": 0,
            "p99": 0,
            "max": 0
          },
          "duration": {
            "median": 0,
            "mean": 0,
            "mdev": 0,
            "stddev": 0,
            "min": 0,
            "p10": 0,
            "p90": 0,
            "p99": 0,
            "max": 0
          }
        },
        "visualElements": {
          "heroes": [
            {
              "height": {
                "median": 222,
                "mean": 222,
                "mdev": 0,
                "stddev": 0,
                "min": 222,
                "p10": 222,
                "p90": 222,
                "p99": 222,
                "max": 222
              },
              "width": {
                "median": 184,
                "mean": 184,
                "mdev": 0,
                "stddev": 0,
                "min": 184,
                "p10": 184,
                "p90": 184,
                "p99": 184,
                "max": 184
              },
              "x": {
                "median": 39,
                "mean": 39,
                "mdev": 0,
                "stddev": 0,
                "min": 39,
                "p10": 39,
                "p90": 39,
                "p99": 39,
                "max": 39
              },
              "y": {
                "median": 318,
                "mean": 318,
                "mdev": 0,
                "stddev": 0,
                "min": 318,
                "p10": 318,
                "p90": 318,
                "p99": 318,
                "max": 318
              }
            }
          ],
          "viewport": {
            "height": {
              "median": 612,
              "mean": 612,
              "mdev": 0,
              "stddev": 0,
              "min": 612,
              "p10": 612,
              "p90": 612,
              "p99": 612,
              "max": 612
            },
            "width": {
              "median": 360,
              "mean": 360,
              "mdev": 0,
              "stddev": 0,
              "min": 360,
              "p10": 360,
              "p90": 360,
              "p99": 360,
              "max": 360
            }
          }
        }
      },
      "timings": {
        "firstPaint": {
          "median": 1380,
          "mean": 1522,
          "mdev": 126.9771,
          "stddev": 220,
          "min": 1354,
          "p10": 1354,
          "p90": 1833,
          "p99": 1833,
          "max": 1833
        },
        "loadEventEnd": {
          "median": 2938,
          "mean": 3071,
          "mdev": 201.1751,
          "stddev": 348,
          "min": 2726,
          "p10": 2726,
          "p90": 3548,
          "p99": 3548,
          "max": 3548
        },
        "navigationTiming": {
          "connectStart": {
            "median": 41,
            "mean": 129,
            "mdev": 72.1239,
            "stddev": 125,
            "min": 41,
            "p10": 41,
            "p90": 306,
            "p99": 306,
            "max": 306
          },
          "domComplete": {
            "median": 2925,
            "mean": 3060,
            "mdev": 201.2069,
            "stddev": 349,
            "min": 2717,
            "p10": 2717,
            "p90": 3538,
            "p99": 3538,
            "max": 3538
          },
          "domContentLoadedEventEnd": {
            "median": 1378,
            "mean": 1603,
            "mdev": 194.6948,
            "stddev": 337,
            "min": 1352,
            "p10": 1352,
            "p90": 2080,
            "p99": 2080,
            "max": 2080
          },
          "domContentLoadedEventStart": {
            "median": 1338,
            "mean": 1565,
            "mdev": 192.0546,
            "stddev": 333,
            "min": 1321,
            "p10": 1321,
            "p90": 2035,
            "p99": 2035,
            "max": 2035
          },
          "domInteractive": {
            "median": 1186,
            "mean": 1359,
            "mdev": 146.8653,
            "stddev": 254,
            "min": 1173,
            "p10": 1173,
            "p90": 1719,
            "p99": 1719,
            "max": 1719
          },
          "domainLookupEnd": {
            "median": 41,
            "mean": 129,
            "mdev": 71.9882,
            "stddev": 125,
            "min": 40,
            "p10": 40,
            "p90": 305,
            "p99": 305,
            "max": 305
          },
          "domainLookupStart": {
            "median": 41,
            "mean": 129,
            "mdev": 71.9882,
            "stddev": 125,
            "min": 40,
            "p10": 40,
            "p90": 305,
            "p99": 305,
            "max": 305
          },
          "duration": {
            "median": 2938,
            "mean": 3071,
            "mdev": 201.1751,
            "stddev": 348,
            "min": 2726,
            "p10": 2726,
            "p90": 3548,
            "p99": 3548,
            "max": 3548
          },
          "fetchStart": {
            "median": 2,
            "mean": 2,
            "mdev": 0.2722,
            "stddev": 0,
            "min": 2,
            "p10": 2,
            "p90": 3,
            "p99": 3,
            "max": 3
          },
          "loadEventEnd": {
            "median": 2938,
            "mean": 3071,
            "mdev": 201.1751,
            "stddev": 348,
            "min": 2726,
            "p10": 2726,
            "p90": 3548,
            "p99": 3548,
            "max": 3548
          },
          "loadEventStart": {
            "median": 2925,
            "mean": 3060,
            "mdev": 201.2069,
            "stddev": 349,
            "min": 2717,
            "p10": 2717,
            "p90": 3538,
            "p99": 3538,
            "max": 3538
          },
          "redirectEnd": {
            "median": 0,
            "mean": 0,
            "mdev": 0,
            "stddev": 0,
            "min": 0,
            "p10": 0,
            "p90": 0,
            "p99": 0,
            "max": 0
          },
          "redirectStart": {
            "median": 0,
            "mean": 0,
            "mdev": 0,
            "stddev": 0,
            "min": 0,
            "p10": 0,
            "p90": 0,
            "p99": 0,
            "max": 0
          },
          "requestStart": {
            "median": 137,
            "mean": 304,
            "mdev": 140.5974,
            "stddev": 244,
            "min": 126,
            "p10": 126,
            "p90": 648,
            "p99": 648,
            "max": 648
          },
          "responseEnd": {
            "median": 345,
            "mean": 510,
            "mdev": 138.2729,
            "stddev": 239,
            "min": 337,
            "p10": 337,
            "p90": 849,
            "p99": 849,
            "max": 849
          },
          "responseStart": {
            "median": 345,
            "mean": 510,
            "mdev": 138.2729,
            "stddev": 239,
            "min": 337,
            "p10": 337,
            "p90": 849,
            "p99": 849,
            "max": 849
          },
          "secureConnectionStart": {
            "median": 57,
            "mean": 181,
            "mdev": 102.3353,
            "stddev": 177,
            "min": 55,
            "p10": 55,
            "p90": 432,
            "p99": 432,
            "max": 432
          },
          "startTime": {
            "median": 0,
            "mean": 0,
            "mdev": 0,
            "stddev": 0,
            "min": 0,
            "p10": 0,
            "p90": 0,
            "p99": 0,
            "max": 0
          },
          "unloadEventEnd": {
            "median": 0,
            "mean": 0,
            "mdev": 0,
            "stddev": 0,
            "min": 0,
            "p10": 0,
            "p90": 0,
            "p99": 0,
            "max": 0
          },
          "unloadEventStart": {
            "median": 0,
            "mean": 0,
            "mdev": 0,
            "stddev": 0,
            "min": 0,
            "p10": 0,
            "p90": 0,
            "p99": 0,
            "max": 0
          },
          "workerStart": {
            "median": 0,
            "mean": 0,
            "mdev": 0,
            "stddev": 0,
            "min": 0,
            "p10": 0,
            "p90": 0,
            "p99": 0,
            "max": 0
          }
        },
        "pageTimings": {
          "backEndTime": {
            "median": 345,
            "mean": 510,
            "mdev": 138.2729,
            "stddev": 239,
            "min": 337,
            "p10": 337,
            "p90": 849,
            "p99": 849,
            "max": 849
          },
          "domContentLoadedTime": {
            "median": 1338,
            "mean": 1565,
            "mdev": 192.0546,
            "stddev": 333,
            "min": 1321,
            "p10": 1321,
            "p90": 2035,
            "p99": 2035,
            "max": 2035
          },
          "domInteractiveTime": {
            "median": 1186,
            "mean": 1359,
            "mdev": 146.8653,
            "stddev": 254,
            "min": 1173,
            "p10": 1173,
            "p90": 1719,
            "p99": 1719,
            "max": 1719
          },
          "domainLookupTime": {
            "median": 0,
            "mean": 0,
            "mdev": 0,
            "stddev": 0,
            "min": 0,
            "p10": 0,
            "p90": 0,
            "p99": 0,
            "max": 0
          },
          "frontEndTime": {
            "median": 2587,
            "mean": 2549,
            "mdev": 76.5419,
            "stddev": 133,
            "min": 2371,
            "p10": 2371,
            "p90": 2689,
            "p99": 2689,
            "max": 2689
          },
          "pageDownloadTime": {
            "median": 0,
            "mean": 0,
            "mdev": 0,
            "stddev": 0,
            "min": 0,
            "p10": 0,
            "p90": 0,
            "p99": 0,
            "max": 0
          },
          "pageLoadTime": {
            "median": 2925,
            "mean": 3060,
            "mdev": 201.2069,
            "stddev": 349,
            "min": 2717,
            "p10": 2717,
            "p90": 3538,
            "p99": 3538,
            "max": 3538
          },
          "redirectionTime": {
            "median": 0,
            "mean": 0,
            "mdev": 0,
            "stddev": 0,
            "min": 0,
            "p10": 0,
            "p90": 0,
            "p99": 0,
            "max": 0
          },
          "serverConnectionTime": {
            "median": 94,
            "mean": 173,
            "mdev": 68.6262,
            "stddev": 119,
            "min": 84,
            "p10": 84,
            "p90": 341,
            "p99": 341,
            "max": 341
          },
          "serverResponseTime": {
            "median": 202,
            "mean": 207,
            "mdev": 4.9216,
            "stddev": 9,
            "min": 200,
            "p10": 200,
            "p90": 219,
            "p99": 219,
            "max": 219
          }
        },
        "rumSpeedIndex": {
          "median": 345,
          "mean": 510,
          "mdev": 138.2729,
          "stddev": 239,
          "min": 337,
          "p10": 337,
          "p90": 849,
          "p99": 849,
          "max": 849
        },
        "timeToContentfulPaint": {
          "median": 1611,
          "mean": 1757,
          "mdev": 122.2169,
          "stddev": 212,
          "min": 1603,
          "p10": 1603,
          "p90": 2056,
          "p99": 2056,
          "max": 2056
        },
        "timeToDomContentFlushed": {
          "median": 1327,
          "mean": 1485,
          "mdev": 136.0057,
          "stddev": 236,
          "min": 1310,
          "p10": 1310,
          "p90": 1818,
          "p99": 1818,
          "max": 1818
        },
        "timeToFirstInteractive": {
          "median": 5947,
          "mean": 5947,
          "mdev": 0,
          "stddev": 0,
          "min": 5947,
          "p10": 5947,
          "p90": 5947,
          "p99": 5947,
          "max": 5947
        }
      }
    }
  }
]