[
  {
    "info": {
      "browsertime": {
        "version": "8.4.0"
      },
      "url": "https://www.flipkart.com/",
      "timestamp": "2021-03-30T09:08:41+04:00",
      "connectivity": {
        "engine": "external",
        "profile": "native"
      },
      "extra": {}
    },
    "files": {
      "video": [],
      "screenshot": [],
      "timeline": [],
      "consoleLog": [],
      "netLog": [],
      "perfLog": []
    },
    "cdp": {
      "performance": []
    },
    "timestamps": [
      "2021-03-30T09:08:25+04:00",
      "2021-03-30T09:08:54+04:00",
      "2021-03-30T09:09:25+04:00"
    ],
    "browserScripts": [
      {
        "browser": {
          "appConstants": {
            "ACCESSIBILITY": true,
            "ANDROID_PACKAGE_NAME": "org.mozilla.firefox",
            "ASAN": false,
            "ASAN_REPORTER": false,
            "BROWSER_CHROME_URL": "chrome://browser/content/browser.xul",
            "DEBUG": false,
            "DEBUG_JS_MODULES": "",
            "DLL_PREFIX": "lib",
            "DLL_SUFFIX": ".so",
            "EARLY_BETA_OR_EARLIER": false,
            "FENNEC_NIGHTLY": false,
            "HAVE_SHELL_SERVICE": false,
            "HAVE_USR_LIB64_DIR": false,
            "MENUBAR_CAN_AUTOHIDE": false,
            "MOZILLA_OFFICIAL": true,
            "MOZ_ALLOW_LEGACY_EXTENSIONS": false,
            "MOZ_ANDROID_ACTIVITY_STREAM": false,
            "MOZ_ANDROID_HISTORY": true,
            "MOZ_ANDROID_MOZILLA_ONLINE": false,
            "MOZ_APP_NAME": "fennec",
            "MOZ_APP_VERSION": "68.1.1",
            "MOZ_APP_VERSION_DISPLAY": "68.1.1",
            "MOZ_BING_API_CLIENTID": "no-bing-api-clientid",
            "MOZ_BING_API_KEY": "no-bing-api-key",
            "MOZ_BITS_DOWNLOAD": false,
            "MOZ_BUILD_APP": "mobile/android",
            "MOZ_CODE_COVERAGE": false,
            "MOZ_CRASHREPORTER": true,
            "MOZ_DATA_REPORTING": true,
            "MOZ_DEV_EDITION": false,
            "MOZ_GECKO_PROFILER": true,
            "MOZ_GOOGLE_LOCATION_SERVICE_API_KEY": "AIzaSyB2h2OuRcUgy5N-5hsZqiPW6sH3n_rptiQ",
            "MOZ_GOOGLE_SAFEBROWSING_API_KEY": "AIzaSyC7jsptDS3am4tPx4r3nxis7IMjBc5Dovo",
            "MOZ_GRAPHENE": false,
            "MOZ_MACBUNDLE_NAME": "Firefox.app",
            "MOZ_MAINTENANCE_SERVICE": false,
            "MOZ_MOZILLA_API_KEY": "3b4d27dd-703d-4094-8398-4de2c763505a",
            "MOZ_NEW_CERT_STORAGE": false,
            "MOZ_NEW_NOTIFICATION_STORE": false,
            "MOZ_NEW_XULSTORE": false,
            "MOZ_OFFICIAL_BRANDING": false,
            "MOZ_PLACES": false,
            "MOZ_REQUIRE_SIGNING": false,
            "MOZ_SANDBOX": false,
            "MOZ_SERVICES_HEALTHREPORT": true,
            "MOZ_SERVICES_SYNC": false,
            "MOZ_SWITCHBOARD": true,
            "MOZ_SYSTEM_NSS": false,
            "MOZ_TELEMETRY_ON_BY_DEFAULT": false,
            "MOZ_TELEMETRY_REPORTING": true,
            "MOZ_UNSIGNED_SCOPES": 0,
            "MOZ_UPDATER": false,
            "MOZ_UPDATE_CHANNEL": "release",
            "MOZ_WEBRTC": true,
            "MOZ_WIDGET_GTK": false,
            "MOZ_WIDGET_TOOLKIT": "android",
            "NIGHTLY_BUILD": false,
            "OMNIJAR_NAME": "assets/omni.ja",
            "RELEASE_OR_BETA": true,
            "SOURCE_REVISION_URL": "https://hg.mozilla.org/releases/mozilla-esr68/rev/d2e0b9e17b9bc1ef02606c8006b73293f7892ad5",
            "TELEMETRY_PING_FORMAT_VERSION": 4,
            "XP_UNIX": true,
            "isPlatformAndVersionAtLeast": {},
            "isPlatformAndVersionAtMost": {},
            "platform": "android"
          },
          "asyncAppConstants": {
            "ACCESSIBILITY": true,
            "ANDROID_PACKAGE_NAME": "org.mozilla.firefox",
            "ASAN": false,
            "ASAN_REPORTER": false,
            "BROWSER_CHROME_URL": "chrome://browser/content/browser.xul",
            "DEBUG": false,
            "DEBUG_JS_MODULES": "",
            "DLL_PREFIX": "lib",
            "DLL_SUFFIX": ".so",
            "EARLY_BETA_OR_EARLIER": false,
            "FENNEC_NIGHTLY": false,
            "HAVE_SHELL_SERVICE": false,
            "HAVE_USR_LIB64_DIR": false,
            "MENUBAR_CAN_AUTOHIDE": false,
            "MOZILLA_OFFICIAL": true,
            "MOZ_ALLOW_LEGACY_EXTENSIONS": false,
            "MOZ_ANDROID_ACTIVITY_STREAM": false,
            "MOZ_ANDROID_HISTORY": true,
            "MOZ_ANDROID_MOZILLA_ONLINE": false,
            "MOZ_APP_NAME": "fennec",
            "MOZ_APP_VERSION": "68.1.1",
            "MOZ_APP_VERSION_DISPLAY": "68.1.1",
            "MOZ_BING_API_CLIENTID": "no-bing-api-clientid",
            "MOZ_BING_API_KEY": "no-bing-api-key",
            "MOZ_BITS_DOWNLOAD": false,
            "MOZ_BUILD_APP": "mobile/android",
            "MOZ_CODE_COVERAGE": false,
            "MOZ_CRASHREPORTER": true,
            "MOZ_DATA_REPORTING": true,
            "MOZ_DEV_EDITION": false,
            "MOZ_GECKO_PROFILER": true,
            "MOZ_GOOGLE_LOCATION_SERVICE_API_KEY": "AIzaSyB2h2OuRcUgy5N-5hsZqiPW6sH3n_rptiQ",
            "MOZ_GOOGLE_SAFEBROWSING_API_KEY": "AIzaSyC7jsptDS3am4tPx4r3nxis7IMjBc5Dovo",
            "MOZ_GRAPHENE": false,
            "MOZ_MACBUNDLE_NAME": "Firefox.app",
            "MOZ_MAINTENANCE_SERVICE": false,
            "MOZ_MOZILLA_API_KEY": "3b4d27dd-703d-4094-8398-4de2c763505a",
            "MOZ_NEW_CERT_STORAGE": false,
            "MOZ_NEW_NOTIFICATION_STORE": false,
            "MOZ_NEW_XULSTORE": false,
            "MOZ_OFFICIAL_BRANDING": false,
            "MOZ_PLACES": false,
            "MOZ_REQUIRE_SIGNING": false,
            "MOZ_SANDBOX": false,
            "MOZ_SERVICES_HEALTHREPORT": true,
            "MOZ_SERVICES_SYNC": false,
            "MOZ_SWITCHBOARD": true,
            "MOZ_SYSTEM_NSS": false,
            "MOZ_TELEMETRY_ON_BY_DEFAULT": false,
            "MOZ_TELEMETRY_REPORTING": true,
            "MOZ_UNSIGNED_SCOPES": 0,
            "MOZ_UPDATER": false,
            "MOZ_UPDATE_CHANNEL": "release",
            "MOZ_WEBRTC": true,
            "MOZ_WIDGET_GTK": false,
            "MOZ_WIDGET_TOOLKIT": "android",
            "NIGHTLY_BUILD": false,
            "OMNIJAR_NAME": "assets/omni.ja",
            "RELEASE_OR_BETA": true,
            "SOURCE_REVISION_URL": "https://hg.mozilla.org/releases/mozilla-esr68/rev/d2e0b9e17b9bc1ef02606c8006b73293f7892ad5",
            "TELEMETRY_PING_FORMAT_VERSION": 4,
            "XP_UNIX": true,
            "isPlatformAndVersionAtLeast": {},
            "isPlatformAndVersionAtMost": {},
            "platform": "android"
          },
          "userAgent": "Mozilla/5.0 (Android 8.1.0; Mobile; rv:68.0) Gecko/68.0 Firefox/68.0",
          "windowSize": "360x560"
        },
        "pageinfo": {
          "documentHeight": 560,
          "documentSize": {
            "decodedBodySize": 68493,
            "encodedBodySize": 18908,
            "transferSize": 20760
          },
          "documentTitle": "Online Shopping Site for Mobiles, Electronics, Furniture, Grocery, Lifestyle, Books & More. Best Offers!",
          "documentWidth": 360,
          "domElements": 836,
          "navigationStartTime": 1617080905647,
          "nextHopProtocol": "http/1.1",
          "resources": {
            "count": 0,
            "duration": 0
          },
          "responsive": true,
          "url": "https://www.flipkart.com/",
          "visualElements": {
            "heroes": [
              {
                "filename": "47ad10cc64e26de3.jpg?q=90",
                "height": 160,
                "name": "LargestImage",
                "width": 360,
                "x": 0,
                "y": 166
              }
            ],
            "viewport": {
              "height": 560,
              "width": 360
            }
          }
        },
        "timings": {
          "firstPaint": 838,
          "loadEventEnd": 6257,
          "navigationTiming": {
            "connectStart": 290,
            "domComplete": 6245,
            "domContentLoadedEventEnd": 2366,
            "domContentLoadedEventStart": 2358,
            "domInteractive": 1645,
            "domainLookupEnd": 289,
            "domainLookupStart": 289,
            "duration": 6257,
            "fetchStart": 3,
            "loadEventEnd": 6257,
            "loadEventStart": 6249,
            "redirectEnd": 0,
            "redirectStart": 0,
            "requestStart": 471,
            "responseEnd": 521,
            "responseStart": 521,
            "secureConnectionStart": 357,
            "startTime": 0,
            "unloadEventEnd": 0,
            "unloadEventStart": 0,
            "workerStart": 0
          },
          "pageTimings": {
            "backEndTime": 521,
            "domContentLoadedTime": 2358,
            "domInteractiveTime": 1645,
            "domainLookupTime": 0,
            "frontEndTime": 5728,
            "pageDownloadTime": 0,
            "pageLoadTime": 6249,
            "redirectionTime": 0,
            "serverConnectionTime": 180,
            "serverResponseTime": 51
          },
          "rumSpeedIndex": 521,
          "timeToContentfulPaint": 975,
          "timeToDomContentFlushed": 2272,
          "userTimings": {
            "marks": [],
            "measures": []
          }
        }
      },
      {
        "browser": {
          "appConstants": {
            "ACCESSIBILITY": true,
            "ANDROID_PACKAGE_NAME": "org.mozilla.firefox",
            "ASAN": false,
            "ASAN_REPORTER": false,
            "BROWSER_CHROME_URL": "chrome://browser/content/browser.xul",
            "DEBUG": false,
            "DEBUG_JS_MODULES": "",
            "DLL_PREFIX": "lib",
            "DLL_SUFFIX": ".so",
            "EARLY_BETA_OR_EARLIER": false,
            "FENNEC_NIGHTLY": false,
            "HAVE_SHELL_SERVICE": false,
            "HAVE_USR_LIB64_DIR": false,
            "MENUBAR_CAN_AUTOHIDE": false,
            "MOZILLA_OFFICIAL": true,
            "MOZ_ALLOW_LEGACY_EXTENSIONS": false,
            "MOZ_ANDROID_ACTIVITY_STREAM": false,
            "MOZ_ANDROID_HISTORY": true,
            "MOZ_ANDROID_MOZILLA_ONLINE": false,
            "MOZ_APP_NAME": "fennec",
            "MOZ_APP_VERSION": "68.1.1",
            "MOZ_APP_VERSION_DISPLAY": "68.1.1",
            "MOZ_BING_API_CLIENTID": "no-bing-api-clientid",
            "MOZ_BING_API_KEY": "no-bing-api-key",
            "MOZ_BITS_DOWNLOAD": false,
            "MOZ_BUILD_APP": "mobile/android",
            "MOZ_CODE_COVERAGE": false,
            "MOZ_CRASHREPORTER": true,
            "MOZ_DATA_REPORTING": true,
            "MOZ_DEV_EDITION": false,
            "MOZ_GECKO_PROFILER": true,
            "MOZ_GOOGLE_LOCATION_SERVICE_API_KEY": "AIzaSyB2h2OuRcUgy5N-5hsZqiPW6sH3n_rptiQ",
            "MOZ_GOOGLE_SAFEBROWSING_API_KEY": "AIzaSyC7jsptDS3am4tPx4r3nxis7IMjBc5Dovo",
            "MOZ_GRAPHENE": false,
            "MOZ_MACBUNDLE_NAME": "Firefox.app",
            "MOZ_MAINTENANCE_SERVICE": false,
            "MOZ_MOZILLA_API_KEY": "3b4d27dd-703d-4094-8398-4de2c763505a",
            "MOZ_NEW_CERT_STORAGE": false,
            "MOZ_NEW_NOTIFICATION_STORE": false,
            "MOZ_NEW_XULSTORE": false,
            "MOZ_OFFICIAL_BRANDING": false,
            "MOZ_PLACES": false,
            "MOZ_REQUIRE_SIGNING": false,
            "MOZ_SANDBOX": false,
            "MOZ_SERVICES_HEALTHREPORT": true,
            "MOZ_SERVICES_SYNC": false,
            "MOZ_SWITCHBOARD": true,
            "MOZ_SYSTEM_NSS": false,
            "MOZ_TELEMETRY_ON_BY_DEFAULT": false,
            "MOZ_TELEMETRY_REPORTING": true,
            "MOZ_UNSIGNED_SCOPES": 0,
            "MOZ_UPDATER": false,
            "MOZ_UPDATE_CHANNEL": "release",
            "MOZ_WEBRTC": true,
            "MOZ_WIDGET_GTK": false,
            "MOZ_WIDGET_TOOLKIT": "android",
            "NIGHTLY_BUILD": false,
            "OMNIJAR_NAME": "assets/omni.ja",
            "RELEASE_OR_BETA": true,
            "SOURCE_REVISION_URL": "https://hg.mozilla.org/releases/mozilla-esr68/rev/d2e0b9e17b9bc1ef02606c8006b73293f7892ad5",
            "TELEMETRY_PING_FORMAT_VERSION": 4,
            "XP_UNIX": true,
            "isPlatformAndVersionAtLeast": {},
            "isPlatformAndVersionAtMost": {},
            "platform": "android"
          },
          "asyncAppConstants": {
            "ACCESSIBILITY": true,
            "ANDROID_PACKAGE_NAME": "org.mozilla.firefox",
            "ASAN": false,
            "ASAN_REPORTER": false,
            "BROWSER_CHROME_URL": "chrome://browser/content/browser.xul",
            "DEBUG": false,
            "DEBUG_JS_MODULES": "",
            "DLL_PREFIX": "lib",
            "DLL_SUFFIX": ".so",
            "EARLY_BETA_OR_EARLIER": false,
            "FENNEC_NIGHTLY": false,
            "HAVE_SHELL_SERVICE": false,
            "HAVE_USR_LIB64_DIR": false,
            "MENUBAR_CAN_AUTOHIDE": false,
            "MOZILLA_OFFICIAL": true,
            "MOZ_ALLOW_LEGACY_EXTENSIONS": false,
            "MOZ_ANDROID_ACTIVITY_STREAM": false,
            "MOZ_ANDROID_HISTORY": true,
            "MOZ_ANDROID_MOZILLA_ONLINE": false,
            "MOZ_APP_NAME": "fennec",
            "MOZ_APP_VERSION": "68.1.1",
            "MOZ_APP_VERSION_DISPLAY": "68.1.1",
            "MOZ_BING_API_CLIENTID": "no-bing-api-clientid",
            "MOZ_BING_API_KEY": "no-bing-api-key",
            "MOZ_BITS_DOWNLOAD": false,
            "MOZ_BUILD_APP": "mobile/android",
            "MOZ_CODE_COVERAGE": false,
            "MOZ_CRASHREPORTER": true,
            "MOZ_DATA_REPORTING": true,
            "MOZ_DEV_EDITION": false,
            "MOZ_GECKO_PROFILER": true,
            "MOZ_GOOGLE_LOCATION_SERVICE_API_KEY": "AIzaSyB2h2OuRcUgy5N-5hsZqiPW6sH3n_rptiQ",
            "MOZ_GOOGLE_SAFEBROWSING_API_KEY": "AIzaSyC7jsptDS3am4tPx4r3nxis7IMjBc5Dovo",
            "MOZ_GRAPHENE": false,
            "MOZ_MACBUNDLE_NAME": "Firefox.app",
            "MOZ_MAINTENANCE_SERVICE": false,
            "MOZ_MOZILLA_API_KEY": "3b4d27dd-703d-4094-8398-4de2c763505a",
            "MOZ_NEW_CERT_STORAGE": false,
            "MOZ_NEW_NOTIFICATION_STORE": false,
            "MOZ_NEW_XULSTORE": false,
            "MOZ_OFFICIAL_BRANDING": false,
            "MOZ_PLACES": false,
            "MOZ_REQUIRE_SIGNING": false,
            "MOZ_SANDBOX": false,
            "MOZ_SERVICES_HEALTHREPORT": true,
            "MOZ_SERVICES_SYNC": false,
            "MOZ_SWITCHBOARD": true,
            "MOZ_SYSTEM_NSS": false,
            "MOZ_TELEMETRY_ON_BY_DEFAULT": false,
            "MOZ_TELEMETRY_REPORTING": true,
            "MOZ_UNSIGNED_SCOPES": 0,
            "MOZ_UPDATER": false,
            "MOZ_UPDATE_CHANNEL": "release",
            "MOZ_WEBRTC": true,
            "MOZ_WIDGET_GTK": false,
            "MOZ_WIDGET_TOOLKIT": "android",
            "NIGHTLY_BUILD": false,
            "OMNIJAR_NAME": "assets/omni.ja",
            "RELEASE_OR_BETA": true,
            "SOURCE_REVISION_URL": "https://hg.mozilla.org/releases/mozilla-esr68/rev/d2e0b9e17b9bc1ef02606c8006b73293f7892ad5",
            "TELEMETRY_PING_FORMAT_VERSION": 4,
            "XP_UNIX": true,
            "isPlatformAndVersionAtLeast": {},
            "isPlatformAndVersionAtMost": {},
            "platform": "android"
          },
          "userAgent": "Mozilla/5.0 (Android 8.1.0; Mobile; rv:68.0) Gecko/68.0 Firefox/68.0",
          "windowSize": "360x560"
        },
        "pageinfo": {
          "documentHeight": 7806,
          "documentSize": {
            "decodedBodySize": 29089,
            "encodedBodySize": 10496,
            "transferSize": 12339
          },
          "documentTitle": "Online Shopping Site for Mobiles, Electronics, Furniture, Grocery, Lifestyle, Books & More. Best Offers!",
          "documentWidth": 360,
          "domElements": 1285,
          "navigationStartTime": 1617080935213,
          "nextHopProtocol": "http/1.1",
          "resources": {
            "count": 0,
            "duration": 0
          },
          "responsive": true,
          "url": "https://www.flipkart.com/",
          "visualElements": {
            "heroes": [
              {
                "filename": "fdd2a46a0eb6f19e.jpg?q=90",
                "height": 160,
                "name": "LargestImage",
                "width": 360,
                "x": 0,
                "y": 164
              }
            ],
            "viewport": {
              "height": 560,
              "width": 360
            }
          }
        },
        "timings": {
          "firstPaint": 893,
          "loadEventEnd": 5606,
          "navigationTiming": {
            "connectStart": 37,
            "domComplete": 5597,
            "domContentLoadedEventEnd": 1971,
            "domContentLoadedEventStart": 1961,
            "domInteractive": 1317,
            "domainLookupEnd": 36,
            "domainLookupStart": 36,
            "duration": 5606,
            "fetchStart": 3,
            "loadEventEnd": 5606,
            "loadEventStart": 5603,
            "redirectEnd": 0,
            "redirectStart": 0,
            "requestStart": 239,
            "responseEnd": 383,
            "responseStart": 308,
            "secureConnectionStart": 109,
            "startTime": 0,
            "unloadEventEnd": 0,
            "unloadEventStart": 0,
            "workerStart": 0
          },
          "pageTimings": {
            "backEndTime": 308,
            "domContentLoadedTime": 1961,
            "domInteractiveTime": 1317,
            "domainLookupTime": 0,
            "frontEndTime": 5220,
            "pageDownloadTime": 75,
            "pageLoadTime": 5603,
            "redirectionTime": 0,
            "serverConnectionTime": 202,
            "serverResponseTime": 144
          },
          "rumSpeedIndex": 307,
          "timeToContentfulPaint": 981,
          "timeToDomContentFlushed": 1914,
          "userTimings": {
            "marks": [],
            "measures": []
          }
        }
      },
      {
        "browser": {
          "appConstants": {
            "ACCESSIBILITY": true,
            "ANDROID_PACKAGE_NAME": "org.mozilla.firefox",
            "ASAN": false,
            "ASAN_REPORTER": false,
            "BROWSER_CHROME_URL": "chrome://browser/content/browser.xul",
            "DEBUG": false,
            "DEBUG_JS_MODULES": "",
            "DLL_PREFIX": "lib",
            "DLL_SUFFIX": ".so",
            "EARLY_BETA_OR_EARLIER": false,
            "FENNEC_NIGHTLY": false,
            "HAVE_SHELL_SERVICE": false,
            "HAVE_USR_LIB64_DIR": false,
            "MENUBAR_CAN_AUTOHIDE": false,
            "MOZILLA_OFFICIAL": true,
            "MOZ_ALLOW_LEGACY_EXTENSIONS": false,
            "MOZ_ANDROID_ACTIVITY_STREAM": false,
            "MOZ_ANDROID_HISTORY": true,
            "MOZ_ANDROID_MOZILLA_ONLINE": false,
            "MOZ_APP_NAME": "fennec",
            "MOZ_APP_VERSION": "68.1.1",
            "MOZ_APP_VERSION_DISPLAY": "68.1.1",
            "MOZ_BING_API_CLIENTID": "no-bing-api-clientid",
            "MOZ_BING_API_KEY": "no-bing-api-key",
            "MOZ_BITS_DOWNLOAD": false,
            "MOZ_BUILD_APP": "mobile/android",
            "MOZ_CODE_COVERAGE": false,
            "MOZ_CRASHREPORTER": true,
            "MOZ_DATA_REPORTING": true,
            "MOZ_DEV_EDITION": false,
            "MOZ_GECKO_PROFILER": true,
            "MOZ_GOOGLE_LOCATION_SERVICE_API_KEY": "AIzaSyB2h2OuRcUgy5N-5hsZqiPW6sH3n_rptiQ",
            "MOZ_GOOGLE_SAFEBROWSING_API_KEY": "AIzaSyC7jsptDS3am4tPx4r3nxis7IMjBc5Dovo",
            "MOZ_GRAPHENE": false,
            "MOZ_MACBUNDLE_NAME": "Firefox.app",
            "MOZ_MAINTENANCE_SERVICE": false,
            "MOZ_MOZILLA_API_KEY": "3b4d27dd-703d-4094-8398-4de2c763505a",
            "MOZ_NEW_CERT_STORAGE": false,
            "MOZ_NEW_NOTIFICATION_STORE": false,
            "MOZ_NEW_XULSTORE": false,
            "MOZ_OFFICIAL_BRANDING": false,
            "MOZ_PLACES": false,
            "MOZ_REQUIRE_SIGNING": false,
            "MOZ_SANDBOX": false,
            "MOZ_SERVICES_HEALTHREPORT": true,
            "MOZ_SERVICES_SYNC": false,
            "MOZ_SWITCHBOARD": true,
            "MOZ_SYSTEM_NSS": false,
            "MOZ_TELEMETRY_ON_BY_DEFAULT": false,
            "MOZ_TELEMETRY_REPORTING": true,
            "MOZ_UNSIGNED_SCOPES": 0,
            "MOZ_UPDATER": false,
            "MOZ_UPDATE_CHANNEL": "release",
            "MOZ_WEBRTC": true,
            "MOZ_WIDGET_GTK": false,
            "MOZ_WIDGET_TOOLKIT": "android",
            "NIGHTLY_BUILD": false,
            "OMNIJAR_NAME": "assets/omni.ja",
            "RELEASE_OR_BETA": true,
            "SOURCE_REVISION_URL": "https://hg.mozilla.org/releases/mozilla-esr68/rev/d2e0b9e17b9bc1ef02606c8006b73293f7892ad5",
            "TELEMETRY_PING_FORMAT_VERSION": 4,
            "XP_UNIX": true,
            "isPlatformAndVersionAtLeast": {},
            "isPlatformAndVersionAtMost": {},
            "platform": "android"
          },
          "asyncAppConstants": {
            "ACCESSIBILITY": true,
            "ANDROID_PACKAGE_NAME": "org.mozilla.firefox",
            "ASAN": false,
            "ASAN_REPORTER": false,
            "BROWSER_CHROME_URL": "chrome://browser/content/browser.xul",
            "DEBUG": false,
            "DEBUG_JS_MODULES": "",
            "DLL_PREFIX": "lib",
            "DLL_SUFFIX": ".so",
            "EARLY_BETA_OR_EARLIER": false,
            "FENNEC_NIGHTLY": false,
            "HAVE_SHELL_SERVICE": false,
            "HAVE_USR_LIB64_DIR": false,
            "MENUBAR_CAN_AUTOHIDE": false,
            "MOZILLA_OFFICIAL": true,
            "MOZ_ALLOW_LEGACY_EXTENSIONS": false,
            "MOZ_ANDROID_ACTIVITY_STREAM": false,
            "MOZ_ANDROID_HISTORY": true,
            "MOZ_ANDROID_MOZILLA_ONLINE": false,
            "MOZ_APP_NAME": "fennec",
            "MOZ_APP_VERSION": "68.1.1",
            "MOZ_APP_VERSION_DISPLAY": "68.1.1",
            "MOZ_BING_API_CLIENTID": "no-bing-api-clientid",
            "MOZ_BING_API_KEY": "no-bing-api-key",
            "MOZ_BITS_DOWNLOAD": false,
            "MOZ_BUILD_APP": "mobile/android",
            "MOZ_CODE_COVERAGE": false,
            "MOZ_CRASHREPORTER": true,
            "MOZ_DATA_REPORTING": true,
            "MOZ_DEV_EDITION": false,
            "MOZ_GECKO_PROFILER": true,
            "MOZ_GOOGLE_LOCATION_SERVICE_API_KEY": "AIzaSyB2h2OuRcUgy5N-5hsZqiPW6sH3n_rptiQ",
            "MOZ_GOOGLE_SAFEBROWSING_API_KEY": "AIzaSyC7jsptDS3am4tPx4r3nxis7IMjBc5Dovo",
            "MOZ_GRAPHENE": false,
            "MOZ_MACBUNDLE_NAME": "Firefox.app",
            "MOZ_MAINTENANCE_SERVICE": false,
            "MOZ_MOZILLA_API_KEY": "3b4d27dd-703d-4094-8398-4de2c763505a",
            "MOZ_NEW_CERT_STORAGE": false,
            "MOZ_NEW_NOTIFICATION_STORE": false,
            "MOZ_NEW_XULSTORE": false,
            "MOZ_OFFICIAL_BRANDING": false,
            "MOZ_PLACES": false,
            "MOZ_REQUIRE_SIGNING": false,
            "MOZ_SANDBOX": false,
            "MOZ_SERVICES_HEALTHREPORT": true,
            "MOZ_SERVICES_SYNC": false,
            "MOZ_SWITCHBOARD": true,
            "MOZ_SYSTEM_NSS": false,
            "MOZ_TELEMETRY_ON_BY_DEFAULT": false,
            "MOZ_TELEMETRY_REPORTING": true,
            "MOZ_UNSIGNED_SCOPES": 0,
            "MOZ_UPDATER": false,
            "MOZ_UPDATE_CHANNEL": "release",
            "MOZ_WEBRTC": true,
            "MOZ_WIDGET_GTK": false,
            "MOZ_WIDGET_TOOLKIT": "android",
            "NIGHTLY_BUILD": false,
            "OMNIJAR_NAME": "assets/omni.ja",
            "RELEASE_OR_BETA": true,
            "SOURCE_REVISION_URL": "https://hg.mozilla.org/releases/mozilla-esr68/rev/d2e0b9e17b9bc1ef02606c8006b73293f7892ad5",
            "TELEMETRY_PING_FORMAT_VERSION": 4,
            "XP_UNIX": true,
            "isPlatformAndVersionAtLeast": {},
            "isPlatformAndVersionAtMost": {},
            "platform": "android"
          },
          "userAgent": "Mozilla/5.0 (Android 8.1.0; Mobile; rv:68.0) Gecko/68.0 Firefox/68.0",
          "windowSize": "360x560"
        },
        "pageinfo": {
          "documentHeight": 7263,
          "documentSize": {
            "decodedBodySize": 25839,
            "encodedBodySize": 9509,
            "transferSize": 11349
          },
          "documentTitle": "Online Shopping Site for Mobiles, Electronics, Furniture, Grocery, Lifestyle, Books & More. Best Offers!",
          "documentWidth": 360,
          "domElements": 1068,
          "navigationStartTime": 1617080966279,
          "nextHopProtocol": "http/1.1",
          "resources": {
            "count": 0,
            "duration": 0
          },
          "responsive": true,
          "url": "https://www.flipkart.com/",
          "visualElements": {
            "heroes": [
              {
                "filename": "47ad10cc64e26de3.jpg?q=90",
                "height": 160,
                "name": "LargestImage",
                "width": 360,
                "x": 0,
                "y": 164
              }
            ],
            "viewport": {
              "height": 560,
              "width": 360
            }
          }
        },
        "timings": {
          "firstPaint": 1088,
          "loadEventEnd": 3958,
          "navigationTiming": {
            "connectStart": 112,
            "domComplete": 3948,
            "domContentLoadedEventEnd": 2107,
            "domContentLoadedEventStart": 2093,
            "domInteractive": 1486,
            "domainLookupEnd": 112,
            "domainLookupStart": 112,
            "duration": 3958,
            "fetchStart": 3,
            "loadEventEnd": 3958,
            "loadEventStart": 3955,
            "redirectEnd": 0,
            "redirectStart": 0,
            "requestStart": 292,
            "responseEnd": 507,
            "responseStart": 365,
            "secureConnectionStart": 178,
            "startTime": 0,
            "unloadEventEnd": 0,
            "unloadEventStart": 0,
            "workerStart": 0
          },
          "pageTimings": {
            "backEndTime": 365,
            "domContentLoadedTime": 2093,
            "domInteractiveTime": 1486,
            "domainLookupTime": 0,
            "frontEndTime": 3448,
            "pageDownloadTime": 143,
            "pageLoadTime": 3955,
            "redirectionTime": 0,
            "serverConnectionTime": 180,
            "serverResponseTime": 215
          },
          "rumSpeedIndex": 364,
          "timeToContentfulPaint": 1172,
          "timeToDomContentFlushed": 2045,
          "userTimings": {
            "marks": [],
            "measures": []
          }
        }
      }
    ],
    "visualMetrics": [],
    "cpu": [],
    "extras": [
      {},
      {},
      {}
    ],
    "fullyLoaded": [],
    "errors": [
      [],
      [],
      []
    ],
    "statistics": {
      "browser": {
        "appConstants": {
          "MOZ_UNSIGNED_SCOPES": {
            "median": 0,
            "mean": 0,
            "mdev": 0,
            "stddev": 0,
            "min": 0,
            "p10": 0,
            "p90": 0,
            "p99": 0,
            "max": 0
          },
          "TELEMETRY_PING_FORMAT_VERSION": {
            "median": 4,
            "mean": 4,
            "mdev": 0,
            "stddev": 0,
            "min": 4,
            "p10": 4,
            "p90": 4,
            "p99": 4,
            "max": 4
          }
        },
        "asyncAppConstants": {
          "MOZ_UNSIGNED_SCOPES": {
            "median": 0,
            "mean": 0,
            "mdev": 0,
            "stddev": 0,
            "min": 0,
            "p10": 0,
            "p90": 0,
            "p99": 0,
            "max": 0
          },
          "TELEMETRY_PING_FORMAT_VERSION": {
            "median": 4,
            "mean": 4,
            "mdev": 0,
            "stddev": 0,
            "min": 4,
            "p10": 4,
            "p90": 4,
            "p99": 4,
            "max": 4
          }
        }
      },
      "pageinfo": {
        "documentHeight": {
          "median": 7263,
          "mean": 5210,
          "mdev": 1902.5283,
          "stddev": 3295,
          "min": 560,
          "p10": 560,
          "p90": 7806,
          "p99": 7806,
          "max": 7806
        },
        "documentSize": {
          "decodedBodySize": {
            "median": 29089,
            "mean": 41140,
            "mdev": 11192.9234,
            "stddev": 19387,
            "min": 25839,
            "p10": 25839,
            "p90": 68493,
            "p99": 68493,
            "max": 68493
          },
          "encodedBodySize": {
            "median": 10496,
            "mean": 12971,
            "mdev": 2434.909,
            "stddev": 4217,
            "min": 9509,
            "p10": 9509,
            "p90": 18908,
            "p99": 18908,
            "max": 18908
          },
          "transferSize": {
            "median": 12339,
            "mean": 14816,
            "mdev": 2437.8213,
            "stddev": 4222,
            "min": 11349,
            "p10": 11349,
            "p90": 20760,
            "p99": 20760,
            "max": 20760
          }
        },
        "documentWidth": {
          "median": 360,
          "mean": 360,
          "mdev": 0,
          "stddev": 0,
          "min": 360,
          "p10": 360,
          "p90": 360,
          "p99": 360,
          "max": 360
        },
        "domElements": {
          "median": 1068,
          "mean": 1063,
          "mdev": 105.85,
          "stddev": 183,
          "min": 836,
          "p10": 836,
          "p90": 1285,
          "p99": 1285,
          "max": 1285
        },
        "navigationStartTime": {
          "median": 1617080935213,
          "mean": 1617080935713,
          "mdev": 12612.4091,
          "stddev": 21845,
          "min": 1617080905647,
          "p10": 1617080905647,
          "p90": 1617080966279,
          "p99": 1617080966279,
          "max": 1617080966279
        },
        "resources": {
          "count": {
            "median": 0,
            "mean": 0,
            "mdev": 0,
            "stddev": 0,
            "min": 0,
            "p10": 0,
            "p90": 0,
            "p99": 0,
            "max": 0
          },
          "duration": {
            "median": 0,
            "mean": 0,
            "mdev": 0,
            "stddev": 0,
            "min": 0,
            "p10": 0,
            "p90": 0,
            "p99": 0,
            "max": 0
          }
        },
        "visualElements": {
          "heroes": [
            {
              "height": {
                "median": 160,
                "mean": 160,
                "mdev": 0,
                "stddev": 0,
                "min": 160,
                "p10": 160,
                "p90": 160,
                "p99": 160,
                "max": 160
              },
              "width": {
                "median": 360,
                "mean": 360,
                "mdev": 0,
                "stddev": 0,
                "min": 360,
                "p10": 360,
                "p90": 360,
                "p99": 360,
                "max": 360
              },
              "x": {
                "median": 0,
                "mean": 0,
                "mdev": 0,
                "stddev": 0,
                "min": 0,
                "p10": 0,
                "p90": 0,
                "p99": 0,
                "max": 0
              },
              "y": {
                "median": 164,
                "mean": 165,
                "mdev": 0.5443,
                "stddev": 1,
                "min": 164,
                "p10": 164,
                "p90": 166,
                "p99": 166,
                "max": 166
              }
            }
          ],
          "viewport": {
            "height": {
              "median": 560,
              "mean": 560,
              "mdev": 0,
              "stddev": 0,
              "min": 560,
              "p10": 560,
              "p90": 560,
              "p99": 560,
              "max": 560
            },
            "width": {
              "median": 360,
              "mean": 360,
              "mdev": 0,
              "stddev": 0,
              "min": 360,
              "p10": 360,
              "p90": 360,
              "p99": 360,
              "max": 360
            }
          }
        }
      },
      "timings": {
        "firstPaint": {
          "median": 893,
          "mean": 940,
          "mdev": 61.9289,
          "stddev": 107,
          "min": 838,
          "p10": 838,
          "p90": 1088,
          "p99": 1088,
          "max": 1088
        },
        "loadEventEnd": {
          "median": 5606,
          "mean": 5274,
          "mdev": 558.6063,
          "stddev": 968,
          "min": 3958,
          "p10": 3958,
          "p90": 6257,
          "p99": 6257,
          "max": 6257
        },
        "navigationTiming": {
          "connectStart": {
            "median": 112,
            "mean": 146,
            "mdev": 61.2578,
            "stddev": 106,
            "min": 37,
            "p10": 37,
            "p90": 290,
            "p99": 290,
            "max": 290
          },
          "domComplete": {
            "median": 5597,
            "mean": 5263,
            "mdev": 558.2816,
            "stddev": 967,
            "min": 3948,
            "p10": 3948,
            "p90": 6245,
            "p99": 6245,
            "max": 6245
          },
          "domContentLoadedEventEnd": {
            "median": 2107,
            "mean": 2148,
            "mdev": 94.595,
            "stddev": 164,
            "min": 1971,
            "p10": 1971,
            "p90": 2366,
            "p99": 2366,
            "max": 2366
          },
          "domContentLoadedEventStart": {
            "median": 2093,
            "mean": 2137,
            "mdev": 95.3081,
            "stddev": 165,
            "min": 1961,
            "p10": 1961,
            "p90": 2358,
            "p99": 2358,
            "max": 2358
          },
          "domInteractive": {
            "median": 1486,
            "mean": 1483,
            "mdev": 77.3223,
            "stddev": 134,
            "min": 1317,
            "p10": 1317,
            "p90": 1645,
            "p99": 1645,
            "max": 1645
          },
          "domainLookupEnd": {
            "median": 112,
            "mean": 146,
            "mdev": 61.1961,
            "stddev": 106,
            "min": 36,
            "p10": 36,
            "p90": 289,
            "p99": 289,
            "max": 289
          },
          "domainLookupStart": {
            "median": 112,
            "mean": 146,
            "mdev": 61.1961,
            "stddev": 106,
            "min": 36,
            "p10": 36,
            "p90": 289,
            "p99": 289,
            "max": 289
          },
          "duration": {
            "median": 5606,
            "mean": 5274,
            "mdev": 558.6063,
            "stddev": 968,
            "min": 3958,
            "p10": 3958,
            "p90": 6257,
            "p99": 6257,
            "max": 6257
          },
          "fetchStart": {
            "median": 3,
            "mean": 3,
            "mdev": 0,
            "stddev": 0,
            "min": 3,
            "p10": 3,
            "p90": 3,
            "p99": 3,
            "max": 3
          },
          "loadEventEnd": {
            "median": 5606,
            "mean": 5274,
            "mdev": 558.6063,
            "stddev": 968,
            "min": 3958,
            "p10": 3958,
            "p90": 6257,
            "p99": 6257,
            "max": 6257
          },
          "loadEventStart": {
            "median": 5603,
            "mean": 5269,
            "mdev": 557.6291,
            "stddev": 966,
            "min": 3955,
            "p10": 3955,
            "p90": 6249,
            "p99": 6249,
            "max": 6249
          },
          "redirectEnd": {
            "median": 0,
            "mean": 0,
            "mdev": 0,
            "stddev": 0,
            "min": 0,
            "p10": 0,
            "p90": 0,
            "p99": 0,
            "max": 0
          },
          "redirectStart": {
            "median": 0,
            "mean": 0,
            "mdev": 0,
            "stddev": 0,
            "min": 0,
            "p10": 0,
            "p90": 0,
            "p99": 0,
            "max": 0
          },
          "requestStart": {
            "median": 292,
            "mean": 334,
            "mdev": 57.3081,
            "stddev": 99,
            "min": 239,
            "p10": 239,
            "p90": 471,
            "p99": 471,
            "max": 471
          },
          "responseEnd": {
            "median": 507,
            "mean": 470,
            "mdev": 35.8061,
            "stddev": 62,
            "min": 383,
            "p10": 383,
            "p90": 521,
            "p99": 521,
            "max": 521
          },
          "responseStart": {
            "median": 365,
            "mean": 398,
            "mdev": 51.9808,
            "stddev": 90,
            "min": 308,
            "p10": 308,
            "p90": 521,
            "p99": 521,
            "max": 521
          },
          "secureConnectionStart": {
            "median": 178,
            "mean": 215,
            "mdev": 60.3404,
            "stddev": 105,
            "min": 109,
            "p10": 109,
            "p90": 357,
            "p99": 357,
            "max": 357
          },
          "startTime": {
            "median": 0,
            "mean": 0,
            "mdev": 0,
            "stddev": 0,
            "min": 0,
            "p10": 0,
            "p90": 0,
            "p99": 0,
            "max": 0
          },
          "unloadEventEnd": {
            "median": 0,
            "mean": 0,
            "mdev": 0,
            "stddev": 0,
            "min": 0,
            "p10": 0,
            "p90": 0,
            "p99": 0,
            "max": 0
          },
          "unloadEventStart": {
            "median": 0,
            "mean": 0,
            "mdev": 0,
            "stddev": 0,
            "min": 0,
            "p10": 0,
            "p90": 0,
            "p99": 0,
            "max": 0
          },
          "workerStart": {
            "median": 0,
            "mean": 0,
            "mdev": 0,
            "stddev": 0,
            "min": 0,
            "p10": 0,
            "p90": 0,
            "p99": 0,
            "max": 0
          }
        },
        "pageTimings": {
          "backEndTime": {
            "median": 365,
            "mean": 398,
            "mdev": 51.9808,
            "stddev": 90,
            "min": 308,
            "p10": 308,
            "p90": 521,
            "p99": 521,
            "max": 521
          },
          "domContentLoadedTime": {
            "median": 2093,
            "mean": 2137,
            "mdev": 95.3081,
            "stddev": 165,
            "min": 1961,
            "p10": 1961,
            "p90": 2358,
            "p99": 2358,
            "max": 2358
          },
          "domInteractiveTime": {
            "median": 1486,
            "mean": 1483,
            "mdev": 77.3223,
            "stddev": 134,
            "min": 1317,
            "p10": 1317,
            "p90": 1645,
            "p99": 1645,
            "max": 1645
          },
          "domainLookupTime": {
            "median": 0,
            "mean": 0,
            "mdev": 0,
            "stddev": 0,
            "min": 0,
            "p10": 0,
            "p90": 0,
            "p99": 0,
            "max": 0
          },
          "frontEndTime": {
            "median": 5220,
            "mean": 4799,
            "mdev": 564.2579,
            "stddev": 977,
            "min": 3448,
            "p10": 3448,
            "p90": 5728,
            "p99": 5728,
            "max": 5728
          },
          "pageDownloadTime": {
            "median": 75,
            "mean": 73,
            "mdev": 33.7189,
            "stddev": 58,
            "min": 0,
            "p10": 0,
            "p90": 143,
            "p99": 143,
            "max": 143
          },
          "pageLoadTime": {
            "median": 5603,
            "mean": 5269,
            "mdev": 557.6291,
            "stddev": 966,
            "min": 3955,
            "p10": 3955,
            "p90": 6249,
            "p99": 6249,
            "max": 6249
          },
          "redirectionTime": {
            "median": 0,
            "mean": 0,
            "mdev": 0,
            "stddev": 0,
            "min": 0,
            "p10": 0,
            "p90": 0,
            "p99": 0,
            "max": 0
          },
          "serverConnectionTime": {
            "median": 180,
            "mean": 187,
            "mdev": 5.9876,
            "stddev": 10,
            "min": 180,
            "p10": 180,
            "p90": 202,
            "p99": 202,
            "max": 202
          },
          "serverResponseTime": {
            "median": 144,
            "mean": 137,
            "mdev": 38.7709,
            "stddev": 67,
            "min": 51,
            "p10": 51,
            "p90": 215,
            "p99": 215,
            "max": 215
          }
        },
        "rumSpeedIndex": {
          "median": 364,
          "mean": 397,
          "mdev": 52.2437,
          "stddev": 90,
          "min": 307,
          "p10": 307,
          "p90": 521,
          "p99": 521,
          "max": 521
        },
        "timeToContentfulPaint": {
          "median": 981,
          "mean": 1043,
          "mdev": 52.819,
          "stddev": 91,
          "min": 975,
          "p10": 975,
          "p90": 1172,
          "p99": 1172,
          "max": 1172
        },
        "timeToDomContentFlushed": {
          "median": 2045,
          "mean": 2077,
          "mdev": 85.3867,
          "stddev": 148,
          "min": 1914,
          "p10": 1914,
          "p90": 2272,
          "p99": 2272,
          "max": 2272
        }
      }
    }
  }
]