[
  {
    "info": {
      "browsertime": {
        "version": "8.4.0"
      },
      "url": "https://www.nicovideo.jp/",
      "timestamp": "2021-03-30T19:53:35+04:00",
      "connectivity": {
        "engine": "external",
        "profile": "native"
      },
      "extra": {}
    },
    "files": {
      "video": [],
      "screenshot": [],
      "timeline": [],
      "consoleLog": [],
      "netLog": [],
      "perfLog": []
    },
    "cdp": {
      "performance": []
    },
    "timestamps": [
      "2021-03-30T19:53:01+04:00",
      "2021-03-30T19:53:41+04:00",
      "2021-03-30T19:54:16+04:00"
    ],
    "browserScripts": [
      {
        "browser": {
          "appConstants": {
            "ACCESSIBILITY": true,
            "ANDROID_PACKAGE_NAME": "org.mozilla.firefox",
            "ASAN": false,
            "ASAN_REPORTER": false,
            "BROWSER_CHROME_URL": "chrome://browser/content/browser.xul",
            "DEBUG": false,
            "DEBUG_JS_MODULES": "",
            "DLL_PREFIX": "lib",
            "DLL_SUFFIX": ".so",
            "EARLY_BETA_OR_EARLIER": false,
            "FENNEC_NIGHTLY": false,
            "HAVE_SHELL_SERVICE": false,
            "HAVE_USR_LIB64_DIR": false,
            "MENUBAR_CAN_AUTOHIDE": false,
            "MOZILLA_OFFICIAL": true,
            "MOZ_ALLOW_LEGACY_EXTENSIONS": false,
            "MOZ_ANDROID_ACTIVITY_STREAM": false,
            "MOZ_ANDROID_HISTORY": true,
            "MOZ_ANDROID_MOZILLA_ONLINE": false,
            "MOZ_APP_NAME": "fennec",
            "MOZ_APP_VERSION": "68.1.1",
            "MOZ_APP_VERSION_DISPLAY": "68.1.1",
            "MOZ_BING_API_CLIENTID": "no-bing-api-clientid",
            "MOZ_BING_API_KEY": "no-bing-api-key",
            "MOZ_BITS_DOWNLOAD": false,
            "MOZ_BUILD_APP": "mobile/android",
            "MOZ_CODE_COVERAGE": false,
            "MOZ_CRASHREPORTER": true,
            "MOZ_DATA_REPORTING": true,
            "MOZ_DEV_EDITION": false,
            "MOZ_GECKO_PROFILER": true,
            "MOZ_GOOGLE_LOCATION_SERVICE_API_KEY": "AIzaSyB2h2OuRcUgy5N-5hsZqiPW6sH3n_rptiQ",
            "MOZ_GOOGLE_SAFEBROWSING_API_KEY": "AIzaSyC7jsptDS3am4tPx4r3nxis7IMjBc5Dovo",
            "MOZ_GRAPHENE": false,
            "MOZ_MACBUNDLE_NAME": "Firefox.app",
            "MOZ_MAINTENANCE_SERVICE": false,
            "MOZ_MOZILLA_API_KEY": "3b4d27dd-703d-4094-8398-4de2c763505a",
            "MOZ_NEW_CERT_STORAGE": false,
            "MOZ_NEW_NOTIFICATION_STORE": false,
            "MOZ_NEW_XULSTORE": false,
            "MOZ_OFFICIAL_BRANDING": false,
            "MOZ_PLACES": false,
            "MOZ_REQUIRE_SIGNING": false,
            "MOZ_SANDBOX": false,
            "MOZ_SERVICES_HEALTHREPORT": true,
            "MOZ_SERVICES_SYNC": false,
            "MOZ_SWITCHBOARD": true,
            "MOZ_SYSTEM_NSS": false,
            "MOZ_TELEMETRY_ON_BY_DEFAULT": false,
            "MOZ_TELEMETRY_REPORTING": true,
            "MOZ_UNSIGNED_SCOPES": 0,
            "MOZ_UPDATER": false,
            "MOZ_UPDATE_CHANNEL": "release",
            "MOZ_WEBRTC": true,
            "MOZ_WIDGET_GTK": false,
            "MOZ_WIDGET_TOOLKIT": "android",
            "NIGHTLY_BUILD": false,
            "OMNIJAR_NAME": "assets/omni.ja",
            "RELEASE_OR_BETA": true,
            "SOURCE_REVISION_URL": "https://hg.mozilla.org/releases/mozilla-esr68/rev/d2e0b9e17b9bc1ef02606c8006b73293f7892ad5",
            "TELEMETRY_PING_FORMAT_VERSION": 4,
            "XP_UNIX": true,
            "isPlatformAndVersionAtLeast": {},
            "isPlatformAndVersionAtMost": {},
            "platform": "android"
          },
          "asyncAppConstants": {
            "ACCESSIBILITY": true,
            "ANDROID_PACKAGE_NAME": "org.mozilla.firefox",
            "ASAN": false,
            "ASAN_REPORTER": false,
            "BROWSER_CHROME_URL": "chrome://browser/content/browser.xul",
            "DEBUG": false,
            "DEBUG_JS_MODULES": "",
            "DLL_PREFIX": "lib",
            "DLL_SUFFIX": ".so",
            "EARLY_BETA_OR_EARLIER": false,
            "FENNEC_NIGHTLY": false,
            "HAVE_SHELL_SERVICE": false,
            "HAVE_USR_LIB64_DIR": false,
            "MENUBAR_CAN_AUTOHIDE": false,
            "MOZILLA_OFFICIAL": true,
            "MOZ_ALLOW_LEGACY_EXTENSIONS": false,
            "MOZ_ANDROID_ACTIVITY_STREAM": false,
            "MOZ_ANDROID_HISTORY": true,
            "MOZ_ANDROID_MOZILLA_ONLINE": false,
            "MOZ_APP_NAME": "fennec",
            "MOZ_APP_VERSION": "68.1.1",
            "MOZ_APP_VERSION_DISPLAY": "68.1.1",
            "MOZ_BING_API_CLIENTID": "no-bing-api-clientid",
            "MOZ_BING_API_KEY": "no-bing-api-key",
            "MOZ_BITS_DOWNLOAD": false,
            "MOZ_BUILD_APP": "mobile/android",
            "MOZ_CODE_COVERAGE": false,
            "MOZ_CRASHREPORTER": true,
            "MOZ_DATA_REPORTING": true,
            "MOZ_DEV_EDITION": false,
            "MOZ_GECKO_PROFILER": true,
            "MOZ_GOOGLE_LOCATION_SERVICE_API_KEY": "AIzaSyB2h2OuRcUgy5N-5hsZqiPW6sH3n_rptiQ",
            "MOZ_GOOGLE_SAFEBROWSING_API_KEY": "AIzaSyC7jsptDS3am4tPx4r3nxis7IMjBc5Dovo",
            "MOZ_GRAPHENE": false,
            "MOZ_MACBUNDLE_NAME": "Firefox.app",
            "MOZ_MAINTENANCE_SERVICE": false,
            "MOZ_MOZILLA_API_KEY": "3b4d27dd-703d-4094-8398-4de2c763505a",
            "MOZ_NEW_CERT_STORAGE": false,
            "MOZ_NEW_NOTIFICATION_STORE": false,
            "MOZ_NEW_XULSTORE": false,
            "MOZ_OFFICIAL_BRANDING": false,
            "MOZ_PLACES": false,
            "MOZ_REQUIRE_SIGNING": false,
            "MOZ_SANDBOX": false,
            "MOZ_SERVICES_HEALTHREPORT": true,
            "MOZ_SERVICES_SYNC": false,
            "MOZ_SWITCHBOARD": true,
            "MOZ_SYSTEM_NSS": false,
            "MOZ_TELEMETRY_ON_BY_DEFAULT": false,
            "MOZ_TELEMETRY_REPORTING": true,
            "MOZ_UNSIGNED_SCOPES": 0,
            "MOZ_UPDATER": false,
            "MOZ_UPDATE_CHANNEL": "release",
            "MOZ_WEBRTC": true,
            "MOZ_WIDGET_GTK": false,
            "MOZ_WIDGET_TOOLKIT": "android",
            "NIGHTLY_BUILD": false,
            "OMNIJAR_NAME": "assets/omni.ja",
            "RELEASE_OR_BETA": true,
            "SOURCE_REVISION_URL": "https://hg.mozilla.org/releases/mozilla-esr68/rev/d2e0b9e17b9bc1ef02606c8006b73293f7892ad5",
            "TELEMETRY_PING_FORMAT_VERSION": 4,
            "XP_UNIX": true,
            "isPlatformAndVersionAtLeast": {},
            "isPlatformAndVersionAtMost": {},
            "platform": "android"
          },
          "userAgent": "Mozilla/5.0 (Android 9; Mobile; rv:68.0) Gecko/68.0 Firefox/68.0",
          "windowSize": "360x612"
        },
        "pageinfo": {
          "documentHeight": 9092,
          "documentSize": {
            "decodedBodySize": 18000,
            "encodedBodySize": 5848,
            "transferSize": 6200
          },
          "documentTitle": "ニコニコ",
          "documentWidth": 360,
          "domElements": 1161,
          "navigationStartTime": 1617119581577,
          "nextHopProtocol": "http/1.1",
          "resources": {
            "count": 0,
            "duration": 0
          },
          "responsive": true,
          "url": "https://sp.nicovideo.jp/",
          "visualElements": {
            "heroes": [
              {
                "filename": "r640x360l?key=b84d4465b8ff152f675ab06eaaa6f5ec73ceea2684a9f06c289c0a3ecaff8bb8",
                "height": 203,
                "name": "LargestImage",
                "width": 360,
                "x": 0,
                "y": 44
              }
            ],
            "viewport": {
              "height": 612,
              "width": 360
            }
          }
        },
        "timings": {
          "firstPaint": 3486,
          "loadEventEnd": 13484,
          "navigationTiming": {
            "connectStart": 786,
            "domComplete": 13477,
            "domContentLoadedEventEnd": 3685,
            "domContentLoadedEventStart": 3508,
            "domInteractive": 3195,
            "domainLookupEnd": 785,
            "domainLookupStart": 784,
            "duration": 13484,
            "fetchStart": 738,
            "loadEventEnd": 13484,
            "loadEventStart": 13477,
            "redirectEnd": 729,
            "redirectStart": 2,
            "requestStart": 1214,
            "responseEnd": 1405,
            "responseStart": 1393,
            "secureConnectionStart": 966,
            "startTime": 0,
            "unloadEventEnd": 0,
            "unloadEventStart": 0,
            "workerStart": 0
          },
          "pageTimings": {
            "backEndTime": 1393,
            "domContentLoadedTime": 3508,
            "domInteractiveTime": 3195,
            "domainLookupTime": 0,
            "frontEndTime": 12072,
            "pageDownloadTime": 12,
            "pageLoadTime": 13477,
            "redirectionTime": 727,
            "serverConnectionTime": 427,
            "serverResponseTime": 191
          },
          "rumSpeedIndex": 1392,
          "timeToContentfulPaint": 3619,
          "timeToDomContentFlushed": 3479,
          "timeToFirstInteractive": 23288,
          "userTimings": {
            "marks": [],
            "measures": []
          }
        }
      },
      {
        "browser": {
          "appConstants": {
            "ACCESSIBILITY": true,
            "ANDROID_PACKAGE_NAME": "org.mozilla.firefox",
            "ASAN": false,
            "ASAN_REPORTER": false,
            "BROWSER_CHROME_URL": "chrome://browser/content/browser.xul",
            "DEBUG": false,
            "DEBUG_JS_MODULES": "",
            "DLL_PREFIX": "lib",
            "DLL_SUFFIX": ".so",
            "EARLY_BETA_OR_EARLIER": false,
            "FENNEC_NIGHTLY": false,
            "HAVE_SHELL_SERVICE": false,
            "HAVE_USR_LIB64_DIR": false,
            "MENUBAR_CAN_AUTOHIDE": false,
            "MOZILLA_OFFICIAL": true,
            "MOZ_ALLOW_LEGACY_EXTENSIONS": false,
            "MOZ_ANDROID_ACTIVITY_STREAM": false,
            "MOZ_ANDROID_HISTORY": true,
            "MOZ_ANDROID_MOZILLA_ONLINE": false,
            "MOZ_APP_NAME": "fennec",
            "MOZ_APP_VERSION": "68.1.1",
            "MOZ_APP_VERSION_DISPLAY": "68.1.1",
            "MOZ_BING_API_CLIENTID": "no-bing-api-clientid",
            "MOZ_BING_API_KEY": "no-bing-api-key",
            "MOZ_BITS_DOWNLOAD": false,
            "MOZ_BUILD_APP": "mobile/android",
            "MOZ_CODE_COVERAGE": false,
            "MOZ_CRASHREPORTER": true,
            "MOZ_DATA_REPORTING": true,
            "MOZ_DEV_EDITION": false,
            "MOZ_GECKO_PROFILER": true,
            "MOZ_GOOGLE_LOCATION_SERVICE_API_KEY": "AIzaSyB2h2OuRcUgy5N-5hsZqiPW6sH3n_rptiQ",
            "MOZ_GOOGLE_SAFEBROWSING_API_KEY": "AIzaSyC7jsptDS3am4tPx4r3nxis7IMjBc5Dovo",
            "MOZ_GRAPHENE": false,
            "MOZ_MACBUNDLE_NAME": "Firefox.app",
            "MOZ_MAINTENANCE_SERVICE": false,
            "MOZ_MOZILLA_API_KEY": "3b4d27dd-703d-4094-8398-4de2c763505a",
            "MOZ_NEW_CERT_STORAGE": false,
            "MOZ_NEW_NOTIFICATION_STORE": false,
            "MOZ_NEW_XULSTORE": false,
            "MOZ_OFFICIAL_BRANDING": false,
            "MOZ_PLACES": false,
            "MOZ_REQUIRE_SIGNING": false,
            "MOZ_SANDBOX": false,
            "MOZ_SERVICES_HEALTHREPORT": true,
            "MOZ_SERVICES_SYNC": false,
            "MOZ_SWITCHBOARD": true,
            "MOZ_SYSTEM_NSS": false,
            "MOZ_TELEMETRY_ON_BY_DEFAULT": false,
            "MOZ_TELEMETRY_REPORTING": true,
            "MOZ_UNSIGNED_SCOPES": 0,
            "MOZ_UPDATER": false,
            "MOZ_UPDATE_CHANNEL": "release",
            "MOZ_WEBRTC": true,
            "MOZ_WIDGET_GTK": false,
            "MOZ_WIDGET_TOOLKIT": "android",
            "NIGHTLY_BUILD": false,
            "OMNIJAR_NAME": "assets/omni.ja",
            "RELEASE_OR_BETA": true,
            "SOURCE_REVISION_URL": "https://hg.mozilla.org/releases/mozilla-esr68/rev/d2e0b9e17b9bc1ef02606c8006b73293f7892ad5",
            "TELEMETRY_PING_FORMAT_VERSION": 4,
            "XP_UNIX": true,
            "isPlatformAndVersionAtLeast": {},
            "isPlatformAndVersionAtMost": {},
            "platform": "android"
          },
          "asyncAppConstants": {
            "ACCESSIBILITY": true,
            "ANDROID_PACKAGE_NAME": "org.mozilla.firefox",
            "ASAN": false,
            "ASAN_REPORTER": false,
            "BROWSER_CHROME_URL": "chrome://browser/content/browser.xul",
            "DEBUG": false,
            "DEBUG_JS_MODULES": "",
            "DLL_PREFIX": "lib",
            "DLL_SUFFIX": ".so",
            "EARLY_BETA_OR_EARLIER": false,
            "FENNEC_NIGHTLY": false,
            "HAVE_SHELL_SERVICE": false,
            "HAVE_USR_LIB64_DIR": false,
            "MENUBAR_CAN_AUTOHIDE": false,
            "MOZILLA_OFFICIAL": true,
            "MOZ_ALLOW_LEGACY_EXTENSIONS": false,
            "MOZ_ANDROID_ACTIVITY_STREAM": false,
            "MOZ_ANDROID_HISTORY": true,
            "MOZ_ANDROID_MOZILLA_ONLINE": false,
            "MOZ_APP_NAME": "fennec",
            "MOZ_APP_VERSION": "68.1.1",
            "MOZ_APP_VERSION_DISPLAY": "68.1.1",
            "MOZ_BING_API_CLIENTID": "no-bing-api-clientid",
            "MOZ_BING_API_KEY": "no-bing-api-key",
            "MOZ_BITS_DOWNLOAD": false,
            "MOZ_BUILD_APP": "mobile/android",
            "MOZ_CODE_COVERAGE": false,
            "MOZ_CRASHREPORTER": true,
            "MOZ_DATA_REPORTING": true,
            "MOZ_DEV_EDITION": false,
            "MOZ_GECKO_PROFILER": true,
            "MOZ_GOOGLE_LOCATION_SERVICE_API_KEY": "AIzaSyB2h2OuRcUgy5N-5hsZqiPW6sH3n_rptiQ",
            "MOZ_GOOGLE_SAFEBROWSING_API_KEY": "AIzaSyC7jsptDS3am4tPx4r3nxis7IMjBc5Dovo",
            "MOZ_GRAPHENE": false,
            "MOZ_MACBUNDLE_NAME": "Firefox.app",
            "MOZ_MAINTENANCE_SERVICE": false,
            "MOZ_MOZILLA_API_KEY": "3b4d27dd-703d-4094-8398-4de2c763505a",
            "MOZ_NEW_CERT_STORAGE": false,
            "MOZ_NEW_NOTIFICATION_STORE": false,
            "MOZ_NEW_XULSTORE": false,
            "MOZ_OFFICIAL_BRANDING": false,
            "MOZ_PLACES": false,
            "MOZ_REQUIRE_SIGNING": false,
            "MOZ_SANDBOX": false,
            "MOZ_SERVICES_HEALTHREPORT": true,
            "MOZ_SERVICES_SYNC": false,
            "MOZ_SWITCHBOARD": true,
            "MOZ_SYSTEM_NSS": false,
            "MOZ_TELEMETRY_ON_BY_DEFAULT": false,
            "MOZ_TELEMETRY_REPORTING": true,
            "MOZ_UNSIGNED_SCOPES": 0,
            "MOZ_UPDATER": false,
            "MOZ_UPDATE_CHANNEL": "release",
            "MOZ_WEBRTC": true,
            "MOZ_WIDGET_GTK": false,
            "MOZ_WIDGET_TOOLKIT": "android",
            "NIGHTLY_BUILD": false,
            "OMNIJAR_NAME": "assets/omni.ja",
            "RELEASE_OR_BETA": true,
            "SOURCE_REVISION_URL": "https://hg.mozilla.org/releases/mozilla-esr68/rev/d2e0b9e17b9bc1ef02606c8006b73293f7892ad5",
            "TELEMETRY_PING_FORMAT_VERSION": 4,
            "XP_UNIX": true,
            "isPlatformAndVersionAtLeast": {},
            "isPlatformAndVersionAtMost": {},
            "platform": "android"
          },
          "userAgent": "Mozilla/5.0 (Android 9; Mobile; rv:68.0) Gecko/68.0 Firefox/68.0",
          "windowSize": "360x612"
        },
        "pageinfo": {
          "documentHeight": 9586,
          "documentSize": {
            "decodedBodySize": 18000,
            "encodedBodySize": 5848,
            "transferSize": 6199
          },
          "documentTitle": "ニコニコ",
          "documentWidth": 360,
          "domElements": 1082,
          "navigationStartTime": 1617119621885,
          "nextHopProtocol": "http/1.1",
          "resources": {
            "count": 0,
            "duration": 0
          },
          "responsive": true,
          "url": "https://sp.nicovideo.jp/",
          "visualElements": {
            "heroes": [
              {
                "filename": "r640x360l?key=cd2c25997ea6aaa1d6ee9bceb67e69ce38797dd5d2dc3f757810eb1339eae033",
                "height": 203,
                "name": "LargestImage",
                "width": 360,
                "x": 0,
                "y": 44
              }
            ],
            "viewport": {
              "height": 612,
              "width": 360
            }
          }
        },
        "timings": {
          "firstPaint": 3702,
          "loadEventEnd": 13111,
          "navigationTiming": {
            "connectStart": 675,
            "domComplete": 13108,
            "domContentLoadedEventEnd": 3700,
            "domContentLoadedEventStart": 3531,
            "domInteractive": 3222,
            "domainLookupEnd": 674,
            "domainLookupStart": 673,
            "duration": 13111,
            "fetchStart": 632,
            "loadEventEnd": 13111,
            "loadEventStart": 13108,
            "redirectEnd": 628,
            "redirectStart": 1,
            "requestStart": 1130,
            "responseEnd": 1324,
            "responseStart": 1308,
            "secureConnectionStart": 864,
            "startTime": 0,
            "unloadEventEnd": 0,
            "unloadEventStart": 0,
            "workerStart": 0
          },
          "pageTimings": {
            "backEndTime": 1308,
            "domContentLoadedTime": 3531,
            "domInteractiveTime": 3222,
            "domainLookupTime": 0,
            "frontEndTime": 11784,
            "pageDownloadTime": 17,
            "pageLoadTime": 13108,
            "redirectionTime": 627,
            "serverConnectionTime": 453,
            "serverResponseTime": 194
          },
          "rumSpeedIndex": 1307,
          "timeToContentfulPaint": 3849,
          "timeToDomContentFlushed": 3524,
          "userTimings": {
            "marks": [],
            "measures": []
          }
        }
      },
      {
        "browser": {
          "appConstants": {
            "ACCESSIBILITY": true,
            "ANDROID_PACKAGE_NAME": "org.mozilla.firefox",
            "ASAN": false,
            "ASAN_REPORTER": false,
            "BROWSER_CHROME_URL": "chrome://browser/content/browser.xul",
            "DEBUG": false,
            "DEBUG_JS_MODULES": "",
            "DLL_PREFIX": "lib",
            "DLL_SUFFIX": ".so",
            "EARLY_BETA_OR_EARLIER": false,
            "FENNEC_NIGHTLY": false,
            "HAVE_SHELL_SERVICE": false,
            "HAVE_USR_LIB64_DIR": false,
            "MENUBAR_CAN_AUTOHIDE": false,
            "MOZILLA_OFFICIAL": true,
            "MOZ_ALLOW_LEGACY_EXTENSIONS": false,
            "MOZ_ANDROID_ACTIVITY_STREAM": false,
            "MOZ_ANDROID_HISTORY": true,
            "MOZ_ANDROID_MOZILLA_ONLINE": false,
            "MOZ_APP_NAME": "fennec",
            "MOZ_APP_VERSION": "68.1.1",
            "MOZ_APP_VERSION_DISPLAY": "68.1.1",
            "MOZ_BING_API_CLIENTID": "no-bing-api-clientid",
            "MOZ_BING_API_KEY": "no-bing-api-key",
            "MOZ_BITS_DOWNLOAD": false,
            "MOZ_BUILD_APP": "mobile/android",
            "MOZ_CODE_COVERAGE": false,
            "MOZ_CRASHREPORTER": true,
            "MOZ_DATA_REPORTING": true,
            "MOZ_DEV_EDITION": false,
            "MOZ_GECKO_PROFILER": true,
            "MOZ_GOOGLE_LOCATION_SERVICE_API_KEY": "AIzaSyB2h2OuRcUgy5N-5hsZqiPW6sH3n_rptiQ",
            "MOZ_GOOGLE_SAFEBROWSING_API_KEY": "AIzaSyC7jsptDS3am4tPx4r3nxis7IMjBc5Dovo",
            "MOZ_GRAPHENE": false,
            "MOZ_MACBUNDLE_NAME": "Firefox.app",
            "MOZ_MAINTENANCE_SERVICE": false,
            "MOZ_MOZILLA_API_KEY": "3b4d27dd-703d-4094-8398-4de2c763505a",
            "MOZ_NEW_CERT_STORAGE": false,
            "MOZ_NEW_NOTIFICATION_STORE": false,
            "MOZ_NEW_XULSTORE": false,
            "MOZ_OFFICIAL_BRANDING": false,
            "MOZ_PLACES": false,
            "MOZ_REQUIRE_SIGNING": false,
            "MOZ_SANDBOX": false,
            "MOZ_SERVICES_HEALTHREPORT": true,
            "MOZ_SERVICES_SYNC": false,
            "MOZ_SWITCHBOARD": true,
            "MOZ_SYSTEM_NSS": false,
            "MOZ_TELEMETRY_ON_BY_DEFAULT": false,
            "MOZ_TELEMETRY_REPORTING": true,
            "MOZ_UNSIGNED_SCOPES": 0,
            "MOZ_UPDATER": false,
            "MOZ_UPDATE_CHANNEL": "release",
            "MOZ_WEBRTC": true,
            "MOZ_WIDGET_GTK": false,
            "MOZ_WIDGET_TOOLKIT": "android",
            "NIGHTLY_BUILD": false,
            "OMNIJAR_NAME": "assets/omni.ja",
            "RELEASE_OR_BETA": true,
            "SOURCE_REVISION_URL": "https://hg.mozilla.org/releases/mozilla-esr68/rev/d2e0b9e17b9bc1ef02606c8006b73293f7892ad5",
            "TELEMETRY_PING_FORMAT_VERSION": 4,
            "XP_UNIX": true,
            "isPlatformAndVersionAtLeast": {},
            "isPlatformAndVersionAtMost": {},
            "platform": "android"
          },
          "asyncAppConstants": {
            "ACCESSIBILITY": true,
            "ANDROID_PACKAGE_NAME": "org.mozilla.firefox",
            "ASAN": false,
            "ASAN_REPORTER": false,
            "BROWSER_CHROME_URL": "chrome://browser/content/browser.xul",
            "DEBUG": false,
            "DEBUG_JS_MODULES": "",
            "DLL_PREFIX": "lib",
            "DLL_SUFFIX": ".so",
            "EARLY_BETA_OR_EARLIER": false,
            "FENNEC_NIGHTLY": false,
            "HAVE_SHELL_SERVICE": false,
            "HAVE_USR_LIB64_DIR": false,
            "MENUBAR_CAN_AUTOHIDE": false,
            "MOZILLA_OFFICIAL": true,
            "MOZ_ALLOW_LEGACY_EXTENSIONS": false,
            "MOZ_ANDROID_ACTIVITY_STREAM": false,
            "MOZ_ANDROID_HISTORY": true,
            "MOZ_ANDROID_MOZILLA_ONLINE": false,
            "MOZ_APP_NAME": "fennec",
            "MOZ_APP_VERSION": "68.1.1",
            "MOZ_APP_VERSION_DISPLAY": "68.1.1",
            "MOZ_BING_API_CLIENTID": "no-bing-api-clientid",
            "MOZ_BING_API_KEY": "no-bing-api-key",
            "MOZ_BITS_DOWNLOAD": false,
            "MOZ_BUILD_APP": "mobile/android",
            "MOZ_CODE_COVERAGE": false,
            "MOZ_CRASHREPORTER": true,
            "MOZ_DATA_REPORTING": true,
            "MOZ_DEV_EDITION": false,
            "MOZ_GECKO_PROFILER": true,
            "MOZ_GOOGLE_LOCATION_SERVICE_API_KEY": "AIzaSyB2h2OuRcUgy5N-5hsZqiPW6sH3n_rptiQ",
            "MOZ_GOOGLE_SAFEBROWSING_API_KEY": "AIzaSyC7jsptDS3am4tPx4r3nxis7IMjBc5Dovo",
            "MOZ_GRAPHENE": false,
            "MOZ_MACBUNDLE_NAME": "Firefox.app",
            "MOZ_MAINTENANCE_SERVICE": false,
            "MOZ_MOZILLA_API_KEY": "3b4d27dd-703d-4094-8398-4de2c763505a",
            "MOZ_NEW_CERT_STORAGE": false,
            "MOZ_NEW_NOTIFICATION_STORE": false,
            "MOZ_NEW_XULSTORE": false,
            "MOZ_OFFICIAL_BRANDING": false,
            "MOZ_PLACES": false,
            "MOZ_REQUIRE_SIGNING": false,
            "MOZ_SANDBOX": false,
            "MOZ_SERVICES_HEALTHREPORT": true,
            "MOZ_SERVICES_SYNC": false,
            "MOZ_SWITCHBOARD": true,
            "MOZ_SYSTEM_NSS": false,
            "MOZ_TELEMETRY_ON_BY_DEFAULT": false,
            "MOZ_TELEMETRY_REPORTING": true,
            "MOZ_UNSIGNED_SCOPES": 0,
            "MOZ_UPDATER": false,
            "MOZ_UPDATE_CHANNEL": "release",
            "MOZ_WEBRTC": true,
            "MOZ_WIDGET_GTK": false,
            "MOZ_WIDGET_TOOLKIT": "android",
            "NIGHTLY_BUILD": false,
            "OMNIJAR_NAME": "assets/omni.ja",
            "RELEASE_OR_BETA": true,
            "SOURCE_REVISION_URL": "https://hg.mozilla.org/releases/mozilla-esr68/rev/d2e0b9e17b9bc1ef02606c8006b73293f7892ad5",
            "TELEMETRY_PING_FORMAT_VERSION": 4,
            "XP_UNIX": true,
            "isPlatformAndVersionAtLeast": {},
            "isPlatformAndVersionAtMost": {},
            "platform": "android"
          },
          "userAgent": "Mozilla/5.0 (Android 9; Mobile; rv:68.0) Gecko/68.0 Firefox/68.0",
          "windowSize": "360x612"
        },
        "pageinfo": {
          "documentHeight": 9621,
          "documentSize": {
            "decodedBodySize": 18000,
            "encodedBodySize": 5848,
            "transferSize": 6200
          },
          "documentTitle": "ニコニコ",
          "documentWidth": 360,
          "domElements": 1082,
          "navigationStartTime": 1617119657307,
          "nextHopProtocol": "http/1.1",
          "resources": {
            "count": 0,
            "duration": 0
          },
          "responsive": true,
          "url": "https://sp.nicovideo.jp/",
          "visualElements": {
            "heroes": [
              {
                "filename": "r640x360l?key=b84d4465b8ff152f675ab06eaaa6f5ec73ceea2684a9f06c289c0a3ecaff8bb8",
                "height": 203,
                "name": "LargestImage",
                "width": 360,
                "x": 0,
                "y": 44
              }
            ],
            "viewport": {
              "height": 612,
              "width": 360
            }
          }
        },
        "timings": {
          "firstPaint": 3377,
          "loadEventEnd": 13134,
          "navigationTiming": {
            "connectStart": 750,
            "domComplete": 13132,
            "domContentLoadedEventEnd": 3573,
            "domContentLoadedEventStart": 3399,
            "domInteractive": 3084,
            "domainLookupEnd": 749,
            "domainLookupStart": 749,
            "duration": 13134,
            "fetchStart": 714,
            "loadEventEnd": 13134,
            "loadEventStart": 13132,
            "redirectEnd": 710,
            "redirectStart": 2,
            "requestStart": 1155,
            "responseEnd": 1337,
            "responseStart": 1313,
            "secureConnectionStart": 923,
            "startTime": 0,
            "unloadEventEnd": 0,
            "unloadEventStart": 0,
            "workerStart": 0
          },
          "pageTimings": {
            "backEndTime": 1313,
            "domContentLoadedTime": 3399,
            "domInteractiveTime": 3084,
            "domainLookupTime": 0,
            "frontEndTime": 11794,
            "pageDownloadTime": 24,
            "pageLoadTime": 13132,
            "redirectionTime": 707,
            "serverConnectionTime": 403,
            "serverResponseTime": 182
          },
          "rumSpeedIndex": 1313,
          "timeToContentfulPaint": 3500,
          "timeToDomContentFlushed": 3371,
          "userTimings": {
            "marks": [],
            "measures": []
          }
        }
      }
    ],
    "visualMetrics": [],
    "cpu": [],
    "extras": [
      {},
      {},
      {}
    ],
    "fullyLoaded": [],
    "errors": [
      [],
      [],
      []
    ],
    "statistics": {
      "browser": {
        "appConstants": {
          "MOZ_UNSIGNED_SCOPES": {
            "median": 0,
            "mean": 0,
            "mdev": 0,
            "stddev": 0,
            "min": 0,
            "p10": 0,
            "p90": 0,
            "p99": 0,
            "max": 0
          },
          "TELEMETRY_PING_FORMAT_VERSION": {
            "median": 4,
            "mean": 4,
            "mdev": 0,
            "stddev": 0,
            "min": 4,
            "p10": 4,
            "p90": 4,
            "p99": 4,
            "max": 4
          }
        },
        "asyncAppConstants": {
          "MOZ_UNSIGNED_SCOPES": {
            "median": 0,
            "mean": 0,
            "mdev": 0,
            "stddev": 0,
            "min": 0,
            "p10": 0,
            "p90": 0,
            "p99": 0,
            "max": 0
          },
          "TELEMETRY_PING_FORMAT_VERSION": {
            "median": 4,
            "mean": 4,
            "mdev": 0,
            "stddev": 0,
            "min": 4,
            "p10": 4,
            "p90": 4,
            "p99": 4,
            "max": 4
          }
        }
      },
      "pageinfo": {
        "documentHeight": {
          "median": 9586,
          "mean": 9433,
          "mdev": 139.4569,
          "stddev": 242,
          "min": 9092,
          "p10": 9092,
          "p90": 9621,
          "p99": 9621,
          "max": 9621
        },
        "documentSize": {
          "decodedBodySize": {
            "median": 18000,
            "mean": 18000,
            "mdev": 0,
            "stddev": 0,
            "min": 18000,
            "p10": 18000,
            "p90": 18000,
            "p99": 18000,
            "max": 18000
          },
          "encodedBodySize": {
            "median": 5848,
            "mean": 5848,
            "mdev": 0,
            "stddev": 0,
            "min": 5848,
            "p10": 5848,
            "p90": 5848,
            "p99": 5848,
            "max": 5848
          },
          "transferSize": {
            "median": 6200,
            "mean": 6200,
            "mdev": 0.2722,
            "stddev": 0,
            "min": 6199,
            "p10": 6199,
            "p90": 6200,
            "p99": 6200,
            "max": 6200
          }
        },
        "documentWidth": {
          "median": 360,
          "mean": 360,
          "mdev": 0,
          "stddev": 0,
          "min": 360,
          "p10": 360,
          "p90": 360,
          "p99": 360,
          "max": 360
        },
        "domElements": {
          "median": 1082,
          "mean": 1108,
          "mdev": 21.5011,
          "stddev": 37,
          "min": 1082,
          "p10": 1082,
          "p90": 1161,
          "p99": 1161,
          "max": 1161
        },
        "navigationStartTime": {
          "median": 1617119621885,
          "mean": 1617119620256,
          "mdev": 12612.4091,
          "stddev": 21845,
          "min": 1617119581577,
          "p10": 1617119581577,
          "p90": 1617119657307,
          "p99": 1617119657307,
          "max": 1617119657307
        },
        "resources": {
          "count": {
            "median": 0,
            "mean": 0,
            "mdev": 0,
            "stddev": 0,
            "min": 0,
            "p10": 0,
            "p90": 0,
            "p99": 0,
            "max": 0
          },
          "duration": {
            "median": 0,
            "mean": 0,
            "mdev": 0,
            "stddev": 0,
            "min": 0,
            "p10": 0,
            "p90": 0,
            "p99": 0,
            "max": 0
          }
        },
        "visualElements": {
          "heroes": [
            {
              "height": {
                "median": 203,
                "mean": 203,
                "mdev": 0,
                "stddev": 0,
                "min": 203,
                "p10": 203,
                "p90": 203,
                "p99": 203,
                "max": 203
              },
              "width": {
                "median": 360,
                "mean": 360,
                "mdev": 0,
                "stddev": 0,
                "min": 360,
                "p10": 360,
                "p90": 360,
                "p99": 360,
                "max": 360
              },
              "x": {
                "median": 0,
                "mean": 0,
                "mdev": 0,
                "stddev": 0,
                "min": 0,
                "p10": 0,
                "p90": 0,
                "p99": 0,
                "max": 0
              },
              "y": {
                "median": 44,
                "mean": 44,
                "mdev": 0,
                "stddev": 0,
                "min": 44,
                "p10": 44,
                "p90": 44,
                "p99": 44,
                "max": 44
              }
            }
          ],
          "viewport": {
            "height": {
              "median": 612,
              "mean": 612,
              "mdev": 0,
              "stddev": 0,
              "min": 612,
              "p10": 612,
              "p90": 612,
              "p99": 612,
              "max": 612
            },
            "width": {
              "median": 360,
              "mean": 360,
              "mdev": 0,
              "stddev": 0,
              "min": 360,
              "p10": 360,
              "p90": 360,
              "p99": 360,
              "max": 360
            }
          }
        }
      },
      "timings": {
        "firstPaint": {
          "median": 3486,
          "mean": 3522,
          "mdev": 77.9748,
          "stddev": 135,
          "min": 3377,
          "p10": 3377,
          "p90": 3702,
          "p99": 3702,
          "max": 3702
        },
        "loadEventEnd": {
          "median": 13134,
          "mean": 13243,
          "mdev": 98.5371,
          "stddev": 171,
          "min": 13111,
          "p10": 13111,
          "p90": 13484,
          "p99": 13484,
          "max": 13484
        },
        "navigationTiming": {
          "connectStart": {
            "median": 750,
            "mean": 737,
            "mdev": 26.6958,
            "stddev": 46,
            "min": 675,
            "p10": 675,
            "p90": 786,
            "p99": 786,
            "max": 786
          },
          "domComplete": {
            "median": 13132,
            "mean": 13239,
            "mdev": 97.3276,
            "stddev": 169,
            "min": 13108,
            "p10": 13108,
            "p90": 13477,
            "p99": 13477,
            "max": 13477
          },
          "domContentLoadedEventEnd": {
            "median": 3685,
            "mean": 3653,
            "mdev": 32.7154,
            "stddev": 57,
            "min": 3573,
            "p10": 3573,
            "p90": 3700,
            "p99": 3700,
            "max": 3700
          },
          "domContentLoadedEventStart": {
            "median": 3508,
            "mean": 3479,
            "mdev": 33.241,
            "stddev": 58,
            "min": 3399,
            "p10": 3399,
            "p90": 3531,
            "p99": 3531,
            "max": 3531
          },
          "domInteractive": {
            "median": 3195,
            "mean": 3167,
            "mdev": 34.477,
            "stddev": 60,
            "min": 3084,
            "p10": 3084,
            "p90": 3222,
            "p99": 3222,
            "max": 3222
          },
          "domainLookupEnd": {
            "median": 749,
            "mean": 736,
            "mdev": 26.6958,
            "stddev": 46,
            "min": 674,
            "p10": 674,
            "p90": 785,
            "p99": 785,
            "max": 785
          },
          "domainLookupStart": {
            "median": 749,
            "mean": 735,
            "mdev": 26.7513,
            "stddev": 46,
            "min": 673,
            "p10": 673,
            "p90": 784,
            "p99": 784,
            "max": 784
          },
          "duration": {
            "median": 13134,
            "mean": 13243,
            "mdev": 98.5371,
            "stddev": 171,
            "min": 13111,
            "p10": 13111,
            "p90": 13484,
            "p99": 13484,
            "max": 13484
          },
          "fetchStart": {
            "median": 714,
            "mean": 695,
            "mdev": 26.2015,
            "stddev": 45,
            "min": 632,
            "p10": 632,
            "p90": 738,
            "p99": 738,
            "max": 738
          },
          "loadEventEnd": {
            "median": 13134,
            "mean": 13243,
            "mdev": 98.5371,
            "stddev": 171,
            "min": 13111,
            "p10": 13111,
            "p90": 13484,
            "p99": 13484,
            "max": 13484
          },
          "loadEventStart": {
            "median": 13132,
            "mean": 13239,
            "mdev": 97.3276,
            "stddev": 169,
            "min": 13108,
            "p10": 13108,
            "p90": 13477,
            "p99": 13477,
            "max": 13477
          },
          "redirectEnd": {
            "median": 710,
            "mean": 689,
            "mdev": 25.3026,
            "stddev": 44,
            "min": 628,
            "p10": 628,
            "p90": 729,
            "p99": 729,
            "max": 729
          },
          "redirectStart": {
            "median": 2,
            "mean": 2,
            "mdev": 0.2722,
            "stddev": 0,
            "min": 1,
            "p10": 1,
            "p90": 2,
            "p99": 2,
            "max": 2
          },
          "requestStart": {
            "median": 1155,
            "mean": 1166,
            "mdev": 20.3324,
            "stddev": 35,
            "min": 1130,
            "p10": 1130,
            "p90": 1214,
            "p99": 1214,
            "max": 1214
          },
          "responseEnd": {
            "median": 1337,
            "mean": 1355,
            "mdev": 20.5065,
            "stddev": 36,
            "min": 1324,
            "p10": 1324,
            "p90": 1405,
            "p99": 1405,
            "max": 1405
          },
          "responseStart": {
            "median": 1313,
            "mean": 1338,
            "mdev": 22.4846,
            "stddev": 39,
            "min": 1308,
            "p10": 1308,
            "p90": 1393,
            "p99": 1393,
            "max": 1393
          },
          "secureConnectionStart": {
            "median": 923,
            "mean": 918,
            "mdev": 24.14,
            "stddev": 42,
            "min": 864,
            "p10": 864,
            "p90": 966,
            "p99": 966,
            "max": 966
          },
          "startTime": {
            "median": 0,
            "mean": 0,
            "mdev": 0,
            "stddev": 0,
            "min": 0,
            "p10": 0,
            "p90": 0,
            "p99": 0,
            "max": 0
          },
          "unloadEventEnd": {
            "median": 0,
            "mean": 0,
            "mdev": 0,
            "stddev": 0,
            "min": 0,
            "p10": 0,
            "p90": 0,
            "p99": 0,
            "max": 0
          },
          "unloadEventStart": {
            "median": 0,
            "mean": 0,
            "mdev": 0,
            "stddev": 0,
            "min": 0,
            "p10": 0,
            "p90": 0,
            "p99": 0,
            "max": 0
          },
          "workerStart": {
            "median": 0,
            "mean": 0,
            "mdev": 0,
            "stddev": 0,
            "min": 0,
            "p10": 0,
            "p90": 0,
            "p99": 0,
            "max": 0
          }
        },
        "pageTimings": {
          "backEndTime": {
            "median": 1313,
            "mean": 1338,
            "mdev": 22.4846,
            "stddev": 39,
            "min": 1308,
            "p10": 1308,
            "p90": 1393,
            "p99": 1393,
            "max": 1393
          },
          "domContentLoadedTime": {
            "median": 3508,
            "mean": 3479,
            "mdev": 33.241,
            "stddev": 58,
            "min": 3399,
            "p10": 3399,
            "p90": 3531,
            "p99": 3531,
            "max": 3531
          },
          "domInteractiveTime": {
            "median": 3195,
            "mean": 3167,
            "mdev": 34.477,
            "stddev": 60,
            "min": 3084,
            "p10": 3084,
            "p90": 3222,
            "p99": 3222,
            "max": 3222
          },
          "domainLookupTime": {
            "median": 0,
            "mean": 0,
            "mdev": 0,
            "stddev": 0,
            "min": 0,
            "p10": 0,
            "p90": 0,
            "p99": 0,
            "max": 0
          },
          "frontEndTime": {
            "median": 11794,
            "mean": 11883,
            "mdev": 77.0589,
            "stddev": 133,
            "min": 11784,
            "p10": 11784,
            "p90": 12072,
            "p99": 12072,
            "max": 12072
          },
          "pageDownloadTime": {
            "median": 17,
            "mean": 18,
            "mdev": 2.8415,
            "stddev": 5,
            "min": 12,
            "p10": 12,
            "p90": 24,
            "p99": 24,
            "max": 24
          },
          "pageLoadTime": {
            "median": 13132,
            "mean": 13239,
            "mdev": 97.3276,
            "stddev": 169,
            "min": 13108,
            "p10": 13108,
            "p90": 13477,
            "p99": 13477,
            "max": 13477
          },
          "redirectionTime": {
            "median": 707,
            "mean": 687,
            "mdev": 24.9444,
            "stddev": 43,
            "min": 627,
            "p10": 627,
            "p90": 727,
            "p99": 727,
            "max": 727
          },
          "serverConnectionTime": {
            "median": 427,
            "mean": 428,
            "mdev": 11.7883,
            "stddev": 20,
            "min": 403,
            "p10": 403,
            "p90": 453,
            "p99": 453,
            "max": 453
          },
          "serverResponseTime": {
            "median": 191,
            "mean": 189,
            "mdev": 2.9439,
            "stddev": 5,
            "min": 182,
            "p10": 182,
            "p90": 194,
            "p99": 194,
            "max": 194
          }
        },
        "rumSpeedIndex": {
          "median": 1313,
          "mean": 1337,
          "mdev": 22.3623,
          "stddev": 39,
          "min": 1307,
          "p10": 1307,
          "p90": 1392,
          "p99": 1392,
          "max": 1392
        },
        "timeToContentfulPaint": {
          "median": 3619,
          "mean": 3656,
          "mdev": 83.6355,
          "stddev": 145,
          "min": 3500,
          "p10": 3500,
          "p90": 3849,
          "p99": 3849,
          "max": 3849
        },
        "timeToDomContentFlushed": {
          "median": 3479,
          "mean": 3458,
          "mdev": 37.0675,
          "stddev": 64,
          "min": 3371,
          "p10": 3371,
          "p90": 3524,
          "p99": 3524,
          "max": 3524
        },
        "timeToFirstInteractive": {
          "median": 23288,
          "mean": 23288,
          "mdev": 0,
          "stddev": 0,
          "min": 23288,
          "p10": 23288,
          "p90": 23288,
          "p99": 23288,
          "max": 23288
        }
      }
    }
  }
]