[
  {
    "info": {
      "browsertime": {
        "version": "8.4.0"
      },
      "url": "https://www.nytimes.com/",
      "timestamp": "2021-03-30T21:06:25+04:00",
      "connectivity": {
        "engine": "external",
        "profile": "native"
      },
      "extra": {}
    },
    "files": {
      "video": [],
      "screenshot": [],
      "timeline": [],
      "consoleLog": [],
      "netLog": [],
      "perfLog": []
    },
    "cdp": {
      "performance": []
    },
    "timestamps": [
      "2021-03-30T21:06:04+04:00",
      "2021-03-30T21:06:32+04:00",
      "2021-03-30T21:07:01+04:00"
    ],
    "browserScripts": [
      {
        "browser": {
          "appConstants": {
            "ACCESSIBILITY": true,
            "ANDROID_PACKAGE_NAME": "org.mozilla.firefox",
            "ASAN": false,
            "ASAN_REPORTER": false,
            "BROWSER_CHROME_URL": "chrome://browser/content/browser.xul",
            "DEBUG": false,
            "DEBUG_JS_MODULES": "",
            "DLL_PREFIX": "lib",
            "DLL_SUFFIX": ".so",
            "EARLY_BETA_OR_EARLIER": false,
            "FENNEC_NIGHTLY": false,
            "HAVE_SHELL_SERVICE": false,
            "HAVE_USR_LIB64_DIR": false,
            "MENUBAR_CAN_AUTOHIDE": false,
            "MOZILLA_OFFICIAL": true,
            "MOZ_ALLOW_LEGACY_EXTENSIONS": false,
            "MOZ_ANDROID_ACTIVITY_STREAM": false,
            "MOZ_ANDROID_HISTORY": true,
            "MOZ_ANDROID_MOZILLA_ONLINE": false,
            "MOZ_APP_NAME": "fennec",
            "MOZ_APP_VERSION": "68.1.1",
            "MOZ_APP_VERSION_DISPLAY": "68.1.1",
            "MOZ_BING_API_CLIENTID": "no-bing-api-clientid",
            "MOZ_BING_API_KEY": "no-bing-api-key",
            "MOZ_BITS_DOWNLOAD": false,
            "MOZ_BUILD_APP": "mobile/android",
            "MOZ_CODE_COVERAGE": false,
            "MOZ_CRASHREPORTER": true,
            "MOZ_DATA_REPORTING": true,
            "MOZ_DEV_EDITION": false,
            "MOZ_GECKO_PROFILER": true,
            "MOZ_GOOGLE_LOCATION_SERVICE_API_KEY": "AIzaSyB2h2OuRcUgy5N-5hsZqiPW6sH3n_rptiQ",
            "MOZ_GOOGLE_SAFEBROWSING_API_KEY": "AIzaSyC7jsptDS3am4tPx4r3nxis7IMjBc5Dovo",
            "MOZ_GRAPHENE": false,
            "MOZ_MACBUNDLE_NAME": "Firefox.app",
            "MOZ_MAINTENANCE_SERVICE": false,
            "MOZ_MOZILLA_API_KEY": "3b4d27dd-703d-4094-8398-4de2c763505a",
            "MOZ_NEW_CERT_STORAGE": false,
            "MOZ_NEW_NOTIFICATION_STORE": false,
            "MOZ_NEW_XULSTORE": false,
            "MOZ_OFFICIAL_BRANDING": false,
            "MOZ_PLACES": false,
            "MOZ_REQUIRE_SIGNING": false,
            "MOZ_SANDBOX": false,
            "MOZ_SERVICES_HEALTHREPORT": true,
            "MOZ_SERVICES_SYNC": false,
            "MOZ_SWITCHBOARD": true,
            "MOZ_SYSTEM_NSS": false,
            "MOZ_TELEMETRY_ON_BY_DEFAULT": false,
            "MOZ_TELEMETRY_REPORTING": true,
            "MOZ_UNSIGNED_SCOPES": 0,
            "MOZ_UPDATER": false,
            "MOZ_UPDATE_CHANNEL": "release",
            "MOZ_WEBRTC": true,
            "MOZ_WIDGET_GTK": false,
            "MOZ_WIDGET_TOOLKIT": "android",
            "NIGHTLY_BUILD": false,
            "OMNIJAR_NAME": "assets/omni.ja",
            "RELEASE_OR_BETA": true,
            "SOURCE_REVISION_URL": "https://hg.mozilla.org/releases/mozilla-esr68/rev/d2e0b9e17b9bc1ef02606c8006b73293f7892ad5",
            "TELEMETRY_PING_FORMAT_VERSION": 4,
            "XP_UNIX": true,
            "isPlatformAndVersionAtLeast": {},
            "isPlatformAndVersionAtMost": {},
            "platform": "android"
          },
          "asyncAppConstants": {
            "ACCESSIBILITY": true,
            "ANDROID_PACKAGE_NAME": "org.mozilla.firefox",
            "ASAN": false,
            "ASAN_REPORTER": false,
            "BROWSER_CHROME_URL": "chrome://browser/content/browser.xul",
            "DEBUG": false,
            "DEBUG_JS_MODULES": "",
            "DLL_PREFIX": "lib",
            "DLL_SUFFIX": ".so",
            "EARLY_BETA_OR_EARLIER": false,
            "FENNEC_NIGHTLY": false,
            "HAVE_SHELL_SERVICE": false,
            "HAVE_USR_LIB64_DIR": false,
            "MENUBAR_CAN_AUTOHIDE": false,
            "MOZILLA_OFFICIAL": true,
            "MOZ_ALLOW_LEGACY_EXTENSIONS": false,
            "MOZ_ANDROID_ACTIVITY_STREAM": false,
            "MOZ_ANDROID_HISTORY": true,
            "MOZ_ANDROID_MOZILLA_ONLINE": false,
            "MOZ_APP_NAME": "fennec",
            "MOZ_APP_VERSION": "68.1.1",
            "MOZ_APP_VERSION_DISPLAY": "68.1.1",
            "MOZ_BING_API_CLIENTID": "no-bing-api-clientid",
            "MOZ_BING_API_KEY": "no-bing-api-key",
            "MOZ_BITS_DOWNLOAD": false,
            "MOZ_BUILD_APP": "mobile/android",
            "MOZ_CODE_COVERAGE": false,
            "MOZ_CRASHREPORTER": true,
            "MOZ_DATA_REPORTING": true,
            "MOZ_DEV_EDITION": false,
            "MOZ_GECKO_PROFILER": true,
            "MOZ_GOOGLE_LOCATION_SERVICE_API_KEY": "AIzaSyB2h2OuRcUgy5N-5hsZqiPW6sH3n_rptiQ",
            "MOZ_GOOGLE_SAFEBROWSING_API_KEY": "AIzaSyC7jsptDS3am4tPx4r3nxis7IMjBc5Dovo",
            "MOZ_GRAPHENE": false,
            "MOZ_MACBUNDLE_NAME": "Firefox.app",
            "MOZ_MAINTENANCE_SERVICE": false,
            "MOZ_MOZILLA_API_KEY": "3b4d27dd-703d-4094-8398-4de2c763505a",
            "MOZ_NEW_CERT_STORAGE": false,
            "MOZ_NEW_NOTIFICATION_STORE": false,
            "MOZ_NEW_XULSTORE": false,
            "MOZ_OFFICIAL_BRANDING": false,
            "MOZ_PLACES": false,
            "MOZ_REQUIRE_SIGNING": false,
            "MOZ_SANDBOX": false,
            "MOZ_SERVICES_HEALTHREPORT": true,
            "MOZ_SERVICES_SYNC": false,
            "MOZ_SWITCHBOARD": true,
            "MOZ_SYSTEM_NSS": false,
            "MOZ_TELEMETRY_ON_BY_DEFAULT": false,
            "MOZ_TELEMETRY_REPORTING": true,
            "MOZ_UNSIGNED_SCOPES": 0,
            "MOZ_UPDATER": false,
            "MOZ_UPDATE_CHANNEL": "release",
            "MOZ_WEBRTC": true,
            "MOZ_WIDGET_GTK": false,
            "MOZ_WIDGET_TOOLKIT": "android",
            "NIGHTLY_BUILD": false,
            "OMNIJAR_NAME": "assets/omni.ja",
            "RELEASE_OR_BETA": true,
            "SOURCE_REVISION_URL": "https://hg.mozilla.org/releases/mozilla-esr68/rev/d2e0b9e17b9bc1ef02606c8006b73293f7892ad5",
            "TELEMETRY_PING_FORMAT_VERSION": 4,
            "XP_UNIX": true,
            "isPlatformAndVersionAtLeast": {},
            "isPlatformAndVersionAtMost": {},
            "platform": "android"
          },
          "userAgent": "Mozilla/5.0 (Android 9; Mobile; rv:68.0) Gecko/68.0 Firefox/68.0",
          "windowSize": "360x612"
        },
        "pageinfo": {
          "documentHeight": 9298,
          "documentSize": {
            "decodedBodySize": 1277563,
            "encodedBodySize": 182115,
            "transferSize": 183820
          },
          "documentTitle": "The New York Times - Breaking News, US News, World News and Videos",
          "documentWidth": 360,
          "domElements": 1446,
          "navigationStartTime": 1617123965121,
          "nextHopProtocol": "h2",
          "resources": {
            "count": 0,
            "duration": 0
          },
          "responsive": true,
          "url": "https://www.nytimes.com/",
          "visualElements": {
            "heroes": [
              {
                "filename": "cases_orphan_usa-1595349567192-square640-v1645.png",
                "height": 320,
                "name": "LargestImage",
                "width": 320,
                "x": 20,
                "y": 358
              }
            ],
            "viewport": {
              "height": 612,
              "width": 360
            }
          }
        },
        "timings": {
          "firstPaint": 1040,
          "loadEventEnd": 12678,
          "navigationTiming": {
            "connectStart": 82,
            "domComplete": 12611,
            "domContentLoadedEventEnd": 3444,
            "domContentLoadedEventStart": 3429,
            "domInteractive": 2625,
            "domainLookupEnd": 82,
            "domainLookupStart": 82,
            "duration": 12678,
            "fetchStart": 2,
            "loadEventEnd": 12678,
            "loadEventStart": 12613,
            "redirectEnd": 0,
            "redirectStart": 0,
            "requestStart": 164,
            "responseEnd": 179,
            "responseStart": 179,
            "secureConnectionStart": 94,
            "startTime": 0,
            "unloadEventEnd": 0,
            "unloadEventStart": 0,
            "workerStart": 0
          },
          "pageTimings": {
            "backEndTime": 179,
            "domContentLoadedTime": 3429,
            "domInteractiveTime": 2625,
            "domainLookupTime": 0,
            "frontEndTime": 12434,
            "pageDownloadTime": 0,
            "pageLoadTime": 12613,
            "redirectionTime": 0,
            "serverConnectionTime": 80,
            "serverResponseTime": 15
          },
          "rumSpeedIndex": 178,
          "timeToContentfulPaint": 1179,
          "timeToDomContentFlushed": 3363,
          "userTimings": {
            "marks": [
              {
                "name": "timeToBundle",
                "startTime": 2859.94
              },
              {
                "name": "timeToRouter",
                "startTime": 3140.84
              },
              {
                "name": "timeToRender",
                "startTime": 3140.86
              },
              {
                "name": "start-appRenderTime",
                "startTime": 4856.68
              },
              {
                "name": "start-homeRenderTime",
                "startTime": 4881.46
              },
              {
                "name": "meter-start",
                "startTime": 6148.9400000000005
              },
              {
                "name": "timeToRenderEnd",
                "startTime": 6345.14
              },
              {
                "name": "end-homeRenderTime",
                "startTime": 6393.400000000001
              },
              {
                "name": "end-appRenderTime",
                "startTime": 6397.7
              },
              {
                "name": "gpt-tag-load",
                "startTime": 8043.14
              },
              {
                "name": "dfp-ad-mid1-timeDefined",
                "startTime": 8115.360000000001
              },
              {
                "name": "dfp-ad-mid2-small-timeDefined",
                "startTime": 8250.66
              },
              {
                "name": "meter-end",
                "startTime": 9550.4
              }
            ],
            "measures": [
              {
                "duration": 7937.360000000001,
                "name": "dfp-ad-mid1-timeDefined",
                "startTime": 178
              },
              {
                "duration": 8072.66,
                "name": "dfp-ad-mid2-small-timeDefined",
                "startTime": 178
              },
              {
                "duration": 0.01999999999998181,
                "name": "routerMatchTime",
                "startTime": 3140.84
              },
              {
                "duration": 3204.28,
                "name": "renderTime",
                "startTime": 3140.86
              },
              {
                "duration": 1541.0199999999995,
                "name": "appRenderTime",
                "startTime": 4856.68
              },
              {
                "duration": 1511.9400000000005,
                "name": "homeRenderTime",
                "startTime": 4881.46
              },
              {
                "duration": 3401.459999999999,
                "name": "meter",
                "startTime": 6148.9400000000005
              }
            ]
          }
        }
      },
      {
        "browser": {
          "appConstants": {
            "ACCESSIBILITY": true,
            "ANDROID_PACKAGE_NAME": "org.mozilla.firefox",
            "ASAN": false,
            "ASAN_REPORTER": false,
            "BROWSER_CHROME_URL": "chrome://browser/content/browser.xul",
            "DEBUG": false,
            "DEBUG_JS_MODULES": "",
            "DLL_PREFIX": "lib",
            "DLL_SUFFIX": ".so",
            "EARLY_BETA_OR_EARLIER": false,
            "FENNEC_NIGHTLY": false,
            "HAVE_SHELL_SERVICE": false,
            "HAVE_USR_LIB64_DIR": false,
            "MENUBAR_CAN_AUTOHIDE": false,
            "MOZILLA_OFFICIAL": true,
            "MOZ_ALLOW_LEGACY_EXTENSIONS": false,
            "MOZ_ANDROID_ACTIVITY_STREAM": false,
            "MOZ_ANDROID_HISTORY": true,
            "MOZ_ANDROID_MOZILLA_ONLINE": false,
            "MOZ_APP_NAME": "fennec",
            "MOZ_APP_VERSION": "68.1.1",
            "MOZ_APP_VERSION_DISPLAY": "68.1.1",
            "MOZ_BING_API_CLIENTID": "no-bing-api-clientid",
            "MOZ_BING_API_KEY": "no-bing-api-key",
            "MOZ_BITS_DOWNLOAD": false,
            "MOZ_BUILD_APP": "mobile/android",
            "MOZ_CODE_COVERAGE": false,
            "MOZ_CRASHREPORTER": true,
            "MOZ_DATA_REPORTING": true,
            "MOZ_DEV_EDITION": false,
            "MOZ_GECKO_PROFILER": true,
            "MOZ_GOOGLE_LOCATION_SERVICE_API_KEY": "AIzaSyB2h2OuRcUgy5N-5hsZqiPW6sH3n_rptiQ",
            "MOZ_GOOGLE_SAFEBROWSING_API_KEY": "AIzaSyC7jsptDS3am4tPx4r3nxis7IMjBc5Dovo",
            "MOZ_GRAPHENE": false,
            "MOZ_MACBUNDLE_NAME": "Firefox.app",
            "MOZ_MAINTENANCE_SERVICE": false,
            "MOZ_MOZILLA_API_KEY": "3b4d27dd-703d-4094-8398-4de2c763505a",
            "MOZ_NEW_CERT_STORAGE": false,
            "MOZ_NEW_NOTIFICATION_STORE": false,
            "MOZ_NEW_XULSTORE": false,
            "MOZ_OFFICIAL_BRANDING": false,
            "MOZ_PLACES": false,
            "MOZ_REQUIRE_SIGNING": false,
            "MOZ_SANDBOX": false,
            "MOZ_SERVICES_HEALTHREPORT": true,
            "MOZ_SERVICES_SYNC": false,
            "MOZ_SWITCHBOARD": true,
            "MOZ_SYSTEM_NSS": false,
            "MOZ_TELEMETRY_ON_BY_DEFAULT": false,
            "MOZ_TELEMETRY_REPORTING": true,
            "MOZ_UNSIGNED_SCOPES": 0,
            "MOZ_UPDATER": false,
            "MOZ_UPDATE_CHANNEL": "release",
            "MOZ_WEBRTC": true,
            "MOZ_WIDGET_GTK": false,
            "MOZ_WIDGET_TOOLKIT": "android",
            "NIGHTLY_BUILD": false,
            "OMNIJAR_NAME": "assets/omni.ja",
            "RELEASE_OR_BETA": true,
            "SOURCE_REVISION_URL": "https://hg.mozilla.org/releases/mozilla-esr68/rev/d2e0b9e17b9bc1ef02606c8006b73293f7892ad5",
            "TELEMETRY_PING_FORMAT_VERSION": 4,
            "XP_UNIX": true,
            "isPlatformAndVersionAtLeast": {},
            "isPlatformAndVersionAtMost": {},
            "platform": "android"
          },
          "asyncAppConstants": {
            "ACCESSIBILITY": true,
            "ANDROID_PACKAGE_NAME": "org.mozilla.firefox",
            "ASAN": false,
            "ASAN_REPORTER": false,
            "BROWSER_CHROME_URL": "chrome://browser/content/browser.xul",
            "DEBUG": false,
            "DEBUG_JS_MODULES": "",
            "DLL_PREFIX": "lib",
            "DLL_SUFFIX": ".so",
            "EARLY_BETA_OR_EARLIER": false,
            "FENNEC_NIGHTLY": false,
            "HAVE_SHELL_SERVICE": false,
            "HAVE_USR_LIB64_DIR": false,
            "MENUBAR_CAN_AUTOHIDE": false,
            "MOZILLA_OFFICIAL": true,
            "MOZ_ALLOW_LEGACY_EXTENSIONS": false,
            "MOZ_ANDROID_ACTIVITY_STREAM": false,
            "MOZ_ANDROID_HISTORY": true,
            "MOZ_ANDROID_MOZILLA_ONLINE": false,
            "MOZ_APP_NAME": "fennec",
            "MOZ_APP_VERSION": "68.1.1",
            "MOZ_APP_VERSION_DISPLAY": "68.1.1",
            "MOZ_BING_API_CLIENTID": "no-bing-api-clientid",
            "MOZ_BING_API_KEY": "no-bing-api-key",
            "MOZ_BITS_DOWNLOAD": false,
            "MOZ_BUILD_APP": "mobile/android",
            "MOZ_CODE_COVERAGE": false,
            "MOZ_CRASHREPORTER": true,
            "MOZ_DATA_REPORTING": true,
            "MOZ_DEV_EDITION": false,
            "MOZ_GECKO_PROFILER": true,
            "MOZ_GOOGLE_LOCATION_SERVICE_API_KEY": "AIzaSyB2h2OuRcUgy5N-5hsZqiPW6sH3n_rptiQ",
            "MOZ_GOOGLE_SAFEBROWSING_API_KEY": "AIzaSyC7jsptDS3am4tPx4r3nxis7IMjBc5Dovo",
            "MOZ_GRAPHENE": false,
            "MOZ_MACBUNDLE_NAME": "Firefox.app",
            "MOZ_MAINTENANCE_SERVICE": false,
            "MOZ_MOZILLA_API_KEY": "3b4d27dd-703d-4094-8398-4de2c763505a",
            "MOZ_NEW_CERT_STORAGE": false,
            "MOZ_NEW_NOTIFICATION_STORE": false,
            "MOZ_NEW_XULSTORE": false,
            "MOZ_OFFICIAL_BRANDING": false,
            "MOZ_PLACES": false,
            "MOZ_REQUIRE_SIGNING": false,
            "MOZ_SANDBOX": false,
            "MOZ_SERVICES_HEALTHREPORT": true,
            "MOZ_SERVICES_SYNC": false,
            "MOZ_SWITCHBOARD": true,
            "MOZ_SYSTEM_NSS": false,
            "MOZ_TELEMETRY_ON_BY_DEFAULT": false,
            "MOZ_TELEMETRY_REPORTING": true,
            "MOZ_UNSIGNED_SCOPES": 0,
            "MOZ_UPDATER": false,
            "MOZ_UPDATE_CHANNEL": "release",
            "MOZ_WEBRTC": true,
            "MOZ_WIDGET_GTK": false,
            "MOZ_WIDGET_TOOLKIT": "android",
            "NIGHTLY_BUILD": false,
            "OMNIJAR_NAME": "assets/omni.ja",
            "RELEASE_OR_BETA": true,
            "SOURCE_REVISION_URL": "https://hg.mozilla.org/releases/mozilla-esr68/rev/d2e0b9e17b9bc1ef02606c8006b73293f7892ad5",
            "TELEMETRY_PING_FORMAT_VERSION": 4,
            "XP_UNIX": true,
            "isPlatformAndVersionAtLeast": {},
            "isPlatformAndVersionAtMost": {},
            "platform": "android"
          },
          "userAgent": "Mozilla/5.0 (Android 9; Mobile; rv:68.0) Gecko/68.0 Firefox/68.0",
          "windowSize": "360x612"
        },
        "pageinfo": {
          "documentHeight": 9225,
          "documentSize": {
            "decodedBodySize": 1272261,
            "encodedBodySize": 181821,
            "transferSize": 183526
          },
          "documentTitle": "The New York Times - Breaking News, US News, World News and Videos",
          "documentWidth": 360,
          "domElements": 1441,
          "navigationStartTime": 1617123993173,
          "nextHopProtocol": "h2",
          "resources": {
            "count": 0,
            "duration": 0
          },
          "responsive": true,
          "url": "https://www.nytimes.com/",
          "visualElements": {
            "heroes": [
              {
                "filename": "cases_orphan_usa-1595349567192-square640-v1645.png",
                "height": 320,
                "name": "LargestImage",
                "width": 320,
                "x": 20,
                "y": 358
              }
            ],
            "viewport": {
              "height": 612,
              "width": 360
            }
          }
        },
        "timings": {
          "firstPaint": 1277,
          "loadEventEnd": 14855,
          "navigationTiming": {
            "connectStart": 295,
            "domComplete": 14773,
            "domContentLoadedEventEnd": 3779,
            "domContentLoadedEventStart": 3768,
            "domInteractive": 2905,
            "domainLookupEnd": 294,
            "domainLookupStart": 294,
            "duration": 14855,
            "fetchStart": 2,
            "loadEventEnd": 14855,
            "loadEventStart": 14775,
            "redirectEnd": 0,
            "redirectStart": 0,
            "requestStart": 391,
            "responseEnd": 405,
            "responseStart": 405,
            "secureConnectionStart": 310,
            "startTime": 0,
            "unloadEventEnd": 0,
            "unloadEventStart": 0,
            "workerStart": 0
          },
          "pageTimings": {
            "backEndTime": 405,
            "domContentLoadedTime": 3768,
            "domInteractiveTime": 2905,
            "domainLookupTime": 0,
            "frontEndTime": 14370,
            "pageDownloadTime": 0,
            "pageLoadTime": 14775,
            "redirectionTime": 0,
            "serverConnectionTime": 95,
            "serverResponseTime": 14
          },
          "rumSpeedIndex": 404,
          "timeToContentfulPaint": 1447,
          "timeToDomContentFlushed": 3650,
          "userTimings": {
            "marks": [
              {
                "name": "timeToBundle",
                "startTime": 3155.66
              },
              {
                "name": "timeToRouter",
                "startTime": 3429.64
              },
              {
                "name": "timeToRender",
                "startTime": 3429.66
              },
              {
                "name": "start-appRenderTime",
                "startTime": 4724.2
              },
              {
                "name": "start-homeRenderTime",
                "startTime": 4747.68
              },
              {
                "name": "meter-start",
                "startTime": 5996.26
              },
              {
                "name": "timeToRenderEnd",
                "startTime": 6165.84
              },
              {
                "name": "end-homeRenderTime",
                "startTime": 6212.54
              },
              {
                "name": "end-appRenderTime",
                "startTime": 6216.76
              },
              {
                "name": "gpt-tag-load",
                "startTime": 8382.94
              },
              {
                "name": "dfp-ad-mid1-timeDefined",
                "startTime": 8468.68
              },
              {
                "name": "dfp-ad-mid2-small-timeDefined",
                "startTime": 8478.4
              },
              {
                "name": "meter-end",
                "startTime": 9828.1
              }
            ],
            "measures": [
              {
                "duration": 8064.68,
                "name": "dfp-ad-mid1-timeDefined",
                "startTime": 404
              },
              {
                "duration": 8074.4,
                "name": "dfp-ad-mid2-small-timeDefined",
                "startTime": 404
              },
              {
                "duration": 0.01999999999998181,
                "name": "routerMatchTime",
                "startTime": 3429.64
              },
              {
                "duration": 2736.1800000000003,
                "name": "renderTime",
                "startTime": 3429.66
              },
              {
                "duration": 1492.5600000000004,
                "name": "appRenderTime",
                "startTime": 4724.2
              },
              {
                "duration": 1464.8599999999997,
                "name": "homeRenderTime",
                "startTime": 4747.68
              },
              {
                "duration": 3831.84,
                "name": "meter",
                "startTime": 5996.26
              }
            ]
          }
        }
      },
      {
        "browser": {
          "appConstants": {
            "ACCESSIBILITY": true,
            "ANDROID_PACKAGE_NAME": "org.mozilla.firefox",
            "ASAN": false,
            "ASAN_REPORTER": false,
            "BROWSER_CHROME_URL": "chrome://browser/content/browser.xul",
            "DEBUG": false,
            "DEBUG_JS_MODULES": "",
            "DLL_PREFIX": "lib",
            "DLL_SUFFIX": ".so",
            "EARLY_BETA_OR_EARLIER": false,
            "FENNEC_NIGHTLY": false,
            "HAVE_SHELL_SERVICE": false,
            "HAVE_USR_LIB64_DIR": false,
            "MENUBAR_CAN_AUTOHIDE": false,
            "MOZILLA_OFFICIAL": true,
            "MOZ_ALLOW_LEGACY_EXTENSIONS": false,
            "MOZ_ANDROID_ACTIVITY_STREAM": false,
            "MOZ_ANDROID_HISTORY": true,
            "MOZ_ANDROID_MOZILLA_ONLINE": false,
            "MOZ_APP_NAME": "fennec",
            "MOZ_APP_VERSION": "68.1.1",
            "MOZ_APP_VERSION_DISPLAY": "68.1.1",
            "MOZ_BING_API_CLIENTID": "no-bing-api-clientid",
            "MOZ_BING_API_KEY": "no-bing-api-key",
            "MOZ_BITS_DOWNLOAD": false,
            "MOZ_BUILD_APP": "mobile/android",
            "MOZ_CODE_COVERAGE": false,
            "MOZ_CRASHREPORTER": true,
            "MOZ_DATA_REPORTING": true,
            "MOZ_DEV_EDITION": false,
            "MOZ_GECKO_PROFILER": true,
            "MOZ_GOOGLE_LOCATION_SERVICE_API_KEY": "AIzaSyB2h2OuRcUgy5N-5hsZqiPW6sH3n_rptiQ",
            "MOZ_GOOGLE_SAFEBROWSING_API_KEY": "AIzaSyC7jsptDS3am4tPx4r3nxis7IMjBc5Dovo",
            "MOZ_GRAPHENE": false,
            "MOZ_MACBUNDLE_NAME": "Firefox.app",
            "MOZ_MAINTENANCE_SERVICE": false,
            "MOZ_MOZILLA_API_KEY": "3b4d27dd-703d-4094-8398-4de2c763505a",
            "MOZ_NEW_CERT_STORAGE": false,
            "MOZ_NEW_NOTIFICATION_STORE": false,
            "MOZ_NEW_XULSTORE": false,
            "MOZ_OFFICIAL_BRANDING": false,
            "MOZ_PLACES": false,
            "MOZ_REQUIRE_SIGNING": false,
            "MOZ_SANDBOX": false,
            "MOZ_SERVICES_HEALTHREPORT": true,
            "MOZ_SERVICES_SYNC": false,
            "MOZ_SWITCHBOARD": true,
            "MOZ_SYSTEM_NSS": false,
            "MOZ_TELEMETRY_ON_BY_DEFAULT": false,
            "MOZ_TELEMETRY_REPORTING": true,
            "MOZ_UNSIGNED_SCOPES": 0,
            "MOZ_UPDATER": false,
            "MOZ_UPDATE_CHANNEL": "release",
            "MOZ_WEBRTC": true,
            "MOZ_WIDGET_GTK": false,
            "MOZ_WIDGET_TOOLKIT": "android",
            "NIGHTLY_BUILD": false,
            "OMNIJAR_NAME": "assets/omni.ja",
            "RELEASE_OR_BETA": true,
            "SOURCE_REVISION_URL": "https://hg.mozilla.org/releases/mozilla-esr68/rev/d2e0b9e17b9bc1ef02606c8006b73293f7892ad5",
            "TELEMETRY_PING_FORMAT_VERSION": 4,
            "XP_UNIX": true,
            "isPlatformAndVersionAtLeast": {},
            "isPlatformAndVersionAtMost": {},
            "platform": "android"
          },
          "asyncAppConstants": {
            "ACCESSIBILITY": true,
            "ANDROID_PACKAGE_NAME": "org.mozilla.firefox",
            "ASAN": false,
            "ASAN_REPORTER": false,
            "BROWSER_CHROME_URL": "chrome://browser/content/browser.xul",
            "DEBUG": false,
            "DEBUG_JS_MODULES": "",
            "DLL_PREFIX": "lib",
            "DLL_SUFFIX": ".so",
            "EARLY_BETA_OR_EARLIER": false,
            "FENNEC_NIGHTLY": false,
            "HAVE_SHELL_SERVICE": false,
            "HAVE_USR_LIB64_DIR": false,
            "MENUBAR_CAN_AUTOHIDE": false,
            "MOZILLA_OFFICIAL": true,
            "MOZ_ALLOW_LEGACY_EXTENSIONS": false,
            "MOZ_ANDROID_ACTIVITY_STREAM": false,
            "MOZ_ANDROID_HISTORY": true,
            "MOZ_ANDROID_MOZILLA_ONLINE": false,
            "MOZ_APP_NAME": "fennec",
            "MOZ_APP_VERSION": "68.1.1",
            "MOZ_APP_VERSION_DISPLAY": "68.1.1",
            "MOZ_BING_API_CLIENTID": "no-bing-api-clientid",
            "MOZ_BING_API_KEY": "no-bing-api-key",
            "MOZ_BITS_DOWNLOAD": false,
            "MOZ_BUILD_APP": "mobile/android",
            "MOZ_CODE_COVERAGE": false,
            "MOZ_CRASHREPORTER": true,
            "MOZ_DATA_REPORTING": true,
            "MOZ_DEV_EDITION": false,
            "MOZ_GECKO_PROFILER": true,
            "MOZ_GOOGLE_LOCATION_SERVICE_API_KEY": "AIzaSyB2h2OuRcUgy5N-5hsZqiPW6sH3n_rptiQ",
            "MOZ_GOOGLE_SAFEBROWSING_API_KEY": "AIzaSyC7jsptDS3am4tPx4r3nxis7IMjBc5Dovo",
            "MOZ_GRAPHENE": false,
            "MOZ_MACBUNDLE_NAME": "Firefox.app",
            "MOZ_MAINTENANCE_SERVICE": false,
            "MOZ_MOZILLA_API_KEY": "3b4d27dd-703d-4094-8398-4de2c763505a",
            "MOZ_NEW_CERT_STORAGE": false,
            "MOZ_NEW_NOTIFICATION_STORE": false,
            "MOZ_NEW_XULSTORE": false,
            "MOZ_OFFICIAL_BRANDING": false,
            "MOZ_PLACES": false,
            "MOZ_REQUIRE_SIGNING": false,
            "MOZ_SANDBOX": false,
            "MOZ_SERVICES_HEALTHREPORT": true,
            "MOZ_SERVICES_SYNC": false,
            "MOZ_SWITCHBOARD": true,
            "MOZ_SYSTEM_NSS": false,
            "MOZ_TELEMETRY_ON_BY_DEFAULT": false,
            "MOZ_TELEMETRY_REPORTING": true,
            "MOZ_UNSIGNED_SCOPES": 0,
            "MOZ_UPDATER": false,
            "MOZ_UPDATE_CHANNEL": "release",
            "MOZ_WEBRTC": true,
            "MOZ_WIDGET_GTK": false,
            "MOZ_WIDGET_TOOLKIT": "android",
            "NIGHTLY_BUILD": false,
            "OMNIJAR_NAME": "assets/omni.ja",
            "RELEASE_OR_BETA": true,
            "SOURCE_REVISION_URL": "https://hg.mozilla.org/releases/mozilla-esr68/rev/d2e0b9e17b9bc1ef02606c8006b73293f7892ad5",
            "TELEMETRY_PING_FORMAT_VERSION": 4,
            "XP_UNIX": true,
            "isPlatformAndVersionAtLeast": {},
            "isPlatformAndVersionAtMost": {},
            "platform": "android"
          },
          "userAgent": "Mozilla/5.0 (Android 9; Mobile; rv:68.0) Gecko/68.0 Firefox/68.0",
          "windowSize": "360x612"
        },
        "pageinfo": {
          "documentHeight": 8992,
          "documentSize": {
            "decodedBodySize": 1221794,
            "encodedBodySize": 174532,
            "transferSize": 176237
          },
          "documentTitle": "The New York Times - Breaking News, US News, World News and Videos",
          "documentWidth": 360,
          "domElements": 1398,
          "navigationStartTime": 1617124021609,
          "nextHopProtocol": "h2",
          "resources": {
            "count": 0,
            "duration": 0
          },
          "responsive": true,
          "url": "https://www.nytimes.com/",
          "visualElements": {
            "heroes": [
              {
                "filename": "cases_orphan_usa-1595349567192-square640-v1645.png",
                "height": 320,
                "name": "LargestImage",
                "width": 320,
                "x": 20,
                "y": 358
              }
            ],
            "viewport": {
              "height": 612,
              "width": 360
            }
          }
        },
        "timings": {
          "firstPaint": 1149,
          "loadEventEnd": 14454,
          "navigationTiming": {
            "connectStart": 109,
            "domComplete": 14372,
            "domContentLoadedEventEnd": 3717,
            "domContentLoadedEventStart": 3704,
            "domInteractive": 2961,
            "domainLookupEnd": 108,
            "domainLookupStart": 108,
            "duration": 14454,
            "fetchStart": 2,
            "loadEventEnd": 14454,
            "loadEventStart": 14374,
            "redirectEnd": 0,
            "redirectStart": 0,
            "requestStart": 205,
            "responseEnd": 227,
            "responseStart": 227,
            "secureConnectionStart": 126,
            "startTime": 0,
            "unloadEventEnd": 0,
            "unloadEventStart": 0,
            "workerStart": 0
          },
          "pageTimings": {
            "backEndTime": 227,
            "domContentLoadedTime": 3704,
            "domInteractiveTime": 2961,
            "domainLookupTime": 0,
            "frontEndTime": 14147,
            "pageDownloadTime": 0,
            "pageLoadTime": 14374,
            "redirectionTime": 0,
            "serverConnectionTime": 94,
            "serverResponseTime": 22
          },
          "rumSpeedIndex": 226,
          "timeToContentfulPaint": 1317,
          "timeToDomContentFlushed": 3655,
          "userTimings": {
            "marks": [
              {
                "name": "timeToBundle",
                "startTime": 3195.5
              },
              {
                "name": "timeToRouter",
                "startTime": 3480.44
              },
              {
                "name": "timeToRender",
                "startTime": 3480.46
              },
              {
                "name": "start-appRenderTime",
                "startTime": 4692.74
              },
              {
                "name": "start-homeRenderTime",
                "startTime": 4715.7
              },
              {
                "name": "meter-start",
                "startTime": 5934.1
              },
              {
                "name": "timeToRenderEnd",
                "startTime": 6090.6
              },
              {
                "name": "end-homeRenderTime",
                "startTime": 6128.08
              },
              {
                "name": "end-appRenderTime",
                "startTime": 6132
              },
              {
                "name": "gpt-tag-load",
                "startTime": 8095.34
              },
              {
                "name": "dfp-ad-mid1-timeDefined",
                "startTime": 8167.46
              },
              {
                "name": "dfp-ad-mid2-small-timeDefined",
                "startTime": 8180.34
              },
              {
                "name": "meter-end",
                "startTime": 9262.94
              }
            ],
            "measures": [
              {
                "duration": 7941.46,
                "name": "dfp-ad-mid1-timeDefined",
                "startTime": 226
              },
              {
                "duration": 7954.34,
                "name": "dfp-ad-mid2-small-timeDefined",
                "startTime": 226
              },
              {
                "duration": 0.01999999999998181,
                "name": "routerMatchTime",
                "startTime": 3480.44
              },
              {
                "duration": 2610.1400000000003,
                "name": "renderTime",
                "startTime": 3480.46
              },
              {
                "duration": 1439.2600000000002,
                "name": "appRenderTime",
                "startTime": 4692.74
              },
              {
                "duration": 1412.38,
                "name": "homeRenderTime",
                "startTime": 4715.7
              },
              {
                "duration": 3328.84,
                "name": "meter",
                "startTime": 5934.1
              }
            ]
          }
        }
      }
    ],
    "visualMetrics": [],
    "cpu": [],
    "extras": [
      {},
      {},
      {}
    ],
    "fullyLoaded": [],
    "errors": [
      [],
      [],
      []
    ],
    "statistics": {
      "browser": {
        "appConstants": {
          "MOZ_UNSIGNED_SCOPES": {
            "median": 0,
            "mean": 0,
            "mdev": 0,
            "stddev": 0,
            "min": 0,
            "p10": 0,
            "p90": 0,
            "p99": 0,
            "max": 0
          },
          "TELEMETRY_PING_FORMAT_VERSION": {
            "median": 4,
            "mean": 4,
            "mdev": 0,
            "stddev": 0,
            "min": 4,
            "p10": 4,
            "p90": 4,
            "p99": 4,
            "max": 4
          }
        },
        "asyncAppConstants": {
          "MOZ_UNSIGNED_SCOPES": {
            "median": 0,
            "mean": 0,
            "mdev": 0,
            "stddev": 0,
            "min": 0,
            "p10": 0,
            "p90": 0,
            "p99": 0,
            "max": 0
          },
          "TELEMETRY_PING_FORMAT_VERSION": {
            "median": 4,
            "mean": 4,
            "mdev": 0,
            "stddev": 0,
            "min": 4,
            "p10": 4,
            "p90": 4,
            "p99": 4,
            "max": 4
          }
        }
      },
      "pageinfo": {
        "documentHeight": {
          "median": 9225,
          "mean": 9172,
          "mdev": 75.3397,
          "stddev": 130,
          "min": 8992,
          "p10": 8992,
          "p90": 9298,
          "p99": 9298,
          "max": 9298
        },
        "documentSize": {
          "decodedBodySize": {
            "median": 1272261,
            "mean": 1257206,
            "mdev": 14510.8014,
            "stddev": 25133,
            "min": 1221794,
            "p10": 1221794,
            "p90": 1277563,
            "p99": 1277563,
            "max": 1277563
          },
          "encodedBodySize": {
            "median": 181821,
            "mean": 179489,
            "mdev": 2025.0089,
            "stddev": 3507,
            "min": 174532,
            "p10": 174532,
            "p90": 182115,
            "p99": 182115,
            "max": 182115
          },
          "transferSize": {
            "median": 183526,
            "mean": 181194,
            "mdev": 2025.0089,
            "stddev": 3507,
            "min": 176237,
            "p10": 176237,
            "p90": 183820,
            "p99": 183820,
            "max": 183820
          }
        },
        "documentWidth": {
          "median": 360,
          "mean": 360,
          "mdev": 0,
          "stddev": 0,
          "min": 360,
          "p10": 360,
          "p90": 360,
          "p99": 360,
          "max": 360
        },
        "domElements": {
          "median": 1441,
          "mean": 1428,
          "mdev": 12.4395,
          "stddev": 22,
          "min": 1398,
          "p10": 1398,
          "p90": 1446,
          "p99": 1446,
          "max": 1446
        },
        "navigationStartTime": {
          "median": 1617123993173,
          "mean": 1617123993301,
          "mdev": 17836.64,
          "stddev": 30894,
          "min": 1617123965121,
          "p10": 1617123965121,
          "p90": 1617124021609,
          "p99": 1617124021609,
          "max": 1617124021609
        },
        "resources": {
          "count": {
            "median": 0,
            "mean": 0,
            "mdev": 0,
            "stddev": 0,
            "min": 0,
            "p10": 0,
            "p90": 0,
            "p99": 0,
            "max": 0
          },
          "duration": {
            "median": 0,
            "mean": 0,
            "mdev": 0,
            "stddev": 0,
            "min": 0,
            "p10": 0,
            "p90": 0,
            "p99": 0,
            "max": 0
          }
        },
        "visualElements": {
          "heroes": [
            {
              "height": {
                "median": 320,
                "mean": 320,
                "mdev": 0,
                "stddev": 0,
                "min": 320,
                "p10": 320,
                "p90": 320,
                "p99": 320,
                "max": 320
              },
              "width": {
                "median": 320,
                "mean": 320,
                "mdev": 0,
                "stddev": 0,
                "min": 320,
                "p10": 320,
                "p90": 320,
                "p99": 320,
                "max": 320
              },
              "x": {
                "median": 20,
                "mean": 20,
                "mdev": 0,
                "stddev": 0,
                "min": 20,
                "p10": 20,
                "p90": 20,
                "p99": 20,
                "max": 20
              },
              "y": {
                "median": 358,
                "mean": 358,
                "mdev": 0,
                "stddev": 0,
                "min": 358,
                "p10": 358,
                "p90": 358,
                "p99": 358,
                "max": 358
              }
            }
          ],
          "viewport": {
            "height": {
              "median": 612,
              "mean": 612,
              "mdev": 0,
              "stddev": 0,
              "min": 612,
              "p10": 612,
              "p90": 612,
              "p99": 612,
              "max": 612
            },
            "width": {
              "median": 360,
              "mean": 360,
              "mdev": 0,
              "stddev": 0,
              "min": 360,
              "p10": 360,
              "p90": 360,
              "p99": 360,
              "max": 360
            }
          }
        }
      },
      "timings": {
        "firstPaint": {
          "median": 1149,
          "mean": 1155,
          "mdev": 55.9212,
          "stddev": 97,
          "min": 1040,
          "p10": 1040,
          "p90": 1277,
          "p99": 1277,
          "max": 1277
        },
        "loadEventEnd": {
          "median": 14454,
          "mean": 13996,
          "mdev": 546.1755,
          "stddev": 946,
          "min": 12678,
          "p10": 12678,
          "p90": 14855,
          "p99": 14855,
          "max": 14855
        },
        "navigationTiming": {
          "connectStart": {
            "median": 109,
            "mean": 162,
            "mdev": 54.6687,
            "stddev": 95,
            "min": 82,
            "p10": 82,
            "p90": 295,
            "p99": 295,
            "max": 295
          },
          "domComplete": {
            "median": 14372,
            "mean": 13919,
            "mdev": 542.155,
            "stddev": 939,
            "min": 12611,
            "p10": 12611,
            "p90": 14773,
            "p99": 14773,
            "max": 14773
          },
          "domContentLoadedEventEnd": {
            "median": 3717,
            "mean": 3647,
            "mdev": 84.019,
            "stddev": 146,
            "min": 3444,
            "p10": 3444,
            "p90": 3779,
            "p99": 3779,
            "max": 3779
          },
          "domContentLoadedEventStart": {
            "median": 3704,
            "mean": 3634,
            "mdev": 84.9056,
            "stddev": 147,
            "min": 3429,
            "p10": 3429,
            "p90": 3768,
            "p99": 3768,
            "max": 3768
          },
          "domInteractive": {
            "median": 2905,
            "mean": 2830,
            "mdev": 84.8598,
            "stddev": 147,
            "min": 2625,
            "p10": 2625,
            "p90": 2961,
            "p99": 2961,
            "max": 2961
          },
          "domainLookupEnd": {
            "median": 108,
            "mean": 161,
            "mdev": 54.5065,
            "stddev": 94,
            "min": 82,
            "p10": 82,
            "p90": 294,
            "p99": 294,
            "max": 294
          },
          "domainLookupStart": {
            "median": 108,
            "mean": 161,
            "mdev": 54.5065,
            "stddev": 94,
            "min": 82,
            "p10": 82,
            "p90": 294,
            "p99": 294,
            "max": 294
          },
          "duration": {
            "median": 14454,
            "mean": 13996,
            "mdev": 546.1755,
            "stddev": 946,
            "min": 12678,
            "p10": 12678,
            "p90": 14855,
            "p99": 14855,
            "max": 14855
          },
          "fetchStart": {
            "median": 2,
            "mean": 2,
            "mdev": 0,
            "stddev": 0,
            "min": 2,
            "p10": 2,
            "p90": 2,
            "p99": 2,
            "max": 2
          },
          "loadEventEnd": {
            "median": 14454,
            "mean": 13996,
            "mdev": 546.1755,
            "stddev": 946,
            "min": 12678,
            "p10": 12678,
            "p90": 14855,
            "p99": 14855,
            "max": 14855
          },
          "loadEventStart": {
            "median": 14374,
            "mean": 13921,
            "mdev": 542.155,
            "stddev": 939,
            "min": 12613,
            "p10": 12613,
            "p90": 14775,
            "p99": 14775,
            "max": 14775
          },
          "redirectEnd": {
            "median": 0,
            "mean": 0,
            "mdev": 0,
            "stddev": 0,
            "min": 0,
            "p10": 0,
            "p90": 0,
            "p99": 0,
            "max": 0
          },
          "redirectStart": {
            "median": 0,
            "mean": 0,
            "mdev": 0,
            "stddev": 0,
            "min": 0,
            "p10": 0,
            "p90": 0,
            "p99": 0,
            "max": 0
          },
          "requestStart": {
            "median": 205,
            "mean": 253,
            "mdev": 57.027,
            "stddev": 99,
            "min": 164,
            "p10": 164,
            "p90": 391,
            "p99": 391,
            "max": 391
          },
          "responseEnd": {
            "median": 227,
            "mean": 270,
            "mdev": 56.1295,
            "stddev": 97,
            "min": 179,
            "p10": 179,
            "p90": 405,
            "p99": 405,
            "max": 405
          },
          "responseStart": {
            "median": 227,
            "mean": 270,
            "mdev": 56.1295,
            "stddev": 97,
            "min": 179,
            "p10": 179,
            "p90": 405,
            "p99": 405,
            "max": 405
          },
          "secureConnectionStart": {
            "median": 126,
            "mean": 177,
            "mdev": 54.9532,
            "stddev": 95,
            "min": 94,
            "p10": 94,
            "p90": 310,
            "p99": 310,
            "max": 310
          },
          "startTime": {
            "median": 0,
            "mean": 0,
            "mdev": 0,
            "stddev": 0,
            "min": 0,
            "p10": 0,
            "p90": 0,
            "p99": 0,
            "max": 0
          },
          "unloadEventEnd": {
            "median": 0,
            "mean": 0,
            "mdev": 0,
            "stddev": 0,
            "min": 0,
            "p10": 0,
            "p90": 0,
            "p99": 0,
            "max": 0
          },
          "unloadEventStart": {
            "median": 0,
            "mean": 0,
            "mdev": 0,
            "stddev": 0,
            "min": 0,
            "p10": 0,
            "p90": 0,
            "p99": 0,
            "max": 0
          },
          "workerStart": {
            "median": 0,
            "mean": 0,
            "mdev": 0,
            "stddev": 0,
            "min": 0,
            "p10": 0,
            "p90": 0,
            "p99": 0,
            "max": 0
          }
        },
        "pageTimings": {
          "backEndTime": {
            "median": 227,
            "mean": 270,
            "mdev": 56.1295,
            "stddev": 97,
            "min": 179,
            "p10": 179,
            "p90": 405,
            "p99": 405,
            "max": 405
          },
          "domContentLoadedTime": {
            "median": 3704,
            "mean": 3634,
            "mdev": 84.9056,
            "stddev": 147,
            "min": 3429,
            "p10": 3429,
            "p90": 3768,
            "p99": 3768,
            "max": 3768
          },
          "domInteractiveTime": {
            "median": 2905,
            "mean": 2830,
            "mdev": 84.8598,
            "stddev": 147,
            "min": 2625,
            "p10": 2625,
            "p90": 2961,
            "p99": 2961,
            "max": 2961
          },
          "domainLookupTime": {
            "median": 0,
            "mean": 0,
            "mdev": 0,
            "stddev": 0,
            "min": 0,
            "p10": 0,
            "p90": 0,
            "p99": 0,
            "max": 0
          },
          "frontEndTime": {
            "median": 14147,
            "mean": 13650,
            "mdev": 499.3401,
            "stddev": 865,
            "min": 12434,
            "p10": 12434,
            "p90": 14370,
            "p99": 14370,
            "max": 14370
          },
          "pageDownloadTime": {
            "median": 0,
            "mean": 0,
            "mdev": 0,
            "stddev": 0,
            "min": 0,
            "p10": 0,
            "p90": 0,
            "p99": 0,
            "max": 0
          },
          "pageLoadTime": {
            "median": 14374,
            "mean": 13921,
            "mdev": 542.155,
            "stddev": 939,
            "min": 12613,
            "p10": 12613,
            "p90": 14775,
            "p99": 14775,
            "max": 14775
          },
          "redirectionTime": {
            "median": 0,
            "mean": 0,
            "mdev": 0,
            "stddev": 0,
            "min": 0,
            "p10": 0,
            "p90": 0,
            "p99": 0,
            "max": 0
          },
          "serverConnectionTime": {
            "median": 94,
            "mean": 90,
            "mdev": 3.9534,
            "stddev": 7,
            "min": 80,
            "p10": 80,
            "p90": 95,
            "p99": 95,
            "max": 95
          },
          "serverResponseTime": {
            "median": 15,
            "mean": 17,
            "mdev": 2.0548,
            "stddev": 4,
            "min": 14,
            "p10": 14,
            "p90": 22,
            "p99": 22,
            "max": 22
          }
        },
        "rumSpeedIndex": {
          "median": 226,
          "mean": 269,
          "mdev": 56.1295,
          "stddev": 97,
          "min": 178,
          "p10": 178,
          "p90": 404,
          "p99": 404,
          "max": 404
        },
        "timeToContentfulPaint": {
          "median": 1317,
          "mean": 1314,
          "mdev": 63.1776,
          "stddev": 109,
          "min": 1179,
          "p10": 1179,
          "p90": 1447,
          "p99": 1447,
          "max": 1447
        },
        "timeToDomContentFlushed": {
          "median": 3650,
          "mean": 3556,
          "mdev": 78.8007,
          "stddev": 136,
          "min": 3363,
          "p10": 3363,
          "p90": 3655,
          "p99": 3655,
          "max": 3655
        },
        "userTimings": {
          "marks": {
            "timeToBundle": {
              "median": 3156,
              "mean": 3070,
              "mdev": 86.418,
              "stddev": 150,
              "min": 2860,
              "p10": 2860,
              "p90": 3196,
              "p99": 3196,
              "max": 3196
            },
            "timeToRouter": {
              "median": 3430,
              "mean": 3350,
              "mdev": 86.3486,
              "stddev": 150,
              "min": 3141,
              "p10": 3141,
              "p90": 3480,
              "p99": 3480,
              "max": 3480
            },
            "timeToRender": {
              "median": 3430,
              "mean": 3350,
              "mdev": 86.3486,
              "stddev": 150,
              "min": 3141,
              "p10": 3141,
              "p90": 3480,
              "p99": 3480,
              "max": 3480
            },
            "start-appRenderTime": {
              "median": 4724,
              "mean": 4758,
              "mdev": 41.0136,
              "stddev": 71,
              "min": 4693,
              "p10": 4693,
              "p90": 4857,
              "p99": 4857,
              "max": 4857
            },
            "start-homeRenderTime": {
              "median": 4748,
              "mean": 4782,
              "mdev": 41.4533,
              "stddev": 72,
              "min": 4716,
              "p10": 4716,
              "p90": 4881,
              "p99": 4881,
              "max": 4881
            },
            "meter-start": {
              "median": 5996,
              "mean": 6026,
              "mdev": 52.115,
              "stddev": 90,
              "min": 5934,
              "p10": 5934,
              "p90": 6149,
              "p99": 6149,
              "max": 6149
            },
            "timeToRenderEnd": {
              "median": 6166,
              "mean": 6201,
              "mdev": 61.6442,
              "stddev": 107,
              "min": 6091,
              "p10": 6091,
              "p90": 6345,
              "p99": 6345,
              "max": 6345
            },
            "end-homeRenderTime": {
              "median": 6213,
              "mean": 6245,
              "mdev": 63.8976,
              "stddev": 111,
              "min": 6128,
              "p10": 6128,
              "p90": 6393,
              "p99": 6393,
              "max": 6393
            },
            "end-appRenderTime": {
              "median": 6217,
              "mean": 6249,
              "mdev": 63.9792,
              "stddev": 111,
              "min": 6132,
              "p10": 6132,
              "p90": 6398,
              "p99": 6398,
              "max": 6398
            },
            "gpt-tag-load": {
              "median": 8095,
              "mean": 8174,
              "mdev": 86.2603,
              "stddev": 149,
              "min": 8043,
              "p10": 8043,
              "p90": 8383,
              "p99": 8383,
              "max": 8383
            },
            "dfp-ad-mid1-timeDefined": {
              "median": 8167,
              "mean": 8251,
              "mdev": 89.9141,
              "stddev": 156,
              "min": 8115,
              "p10": 8115,
              "p90": 8469,
              "p99": 8469,
              "max": 8469
            },
            "dfp-ad-mid2-small-timeDefined": {
              "median": 8251,
              "mean": 8303,
              "mdev": 73.4469,
              "stddev": 127,
              "min": 8180,
              "p10": 8180,
              "p90": 8478,
              "p99": 8478,
              "max": 8478
            },
            "meter-end": {
              "median": 9550,
              "mean": 9547,
              "mdev": 133.2161,
              "stddev": 231,
              "min": 9263,
              "p10": 9263,
              "p90": 9828,
              "p99": 9828,
              "max": 9828
            }
          },
          "measures": {
            "dfp-ad-mid1-timeDefined": {
              "median": 7941,
              "mean": 7981,
              "mdev": 34.1079,
              "stddev": 59,
              "min": 7937,
              "p10": 7937,
              "p90": 8065,
              "p99": 8065,
              "max": 8065
            },
            "dfp-ad-mid2-small-timeDefined": {
              "median": 8073,
              "mean": 8034,
              "mdev": 32.442,
              "stddev": 56,
              "min": 7954,
              "p10": 7954,
              "p90": 8074,
              "p99": 8074,
              "max": 8074
            },
            "routerMatchTime": {
              "median": 0,
              "mean": 0,
              "mdev": 0,
              "stddev": 0,
              "min": 0,
              "p10": 0,
              "p90": 0,
              "p99": 0,
              "max": 0
            },
            "renderTime": {
              "median": 2736,
              "mean": 2850,
              "mdev": 147.5737,
              "stddev": 256,
              "min": 2610,
              "p10": 2610,
              "p90": 3204,
              "p99": 3204,
              "max": 3204
            },
            "appRenderTime": {
              "median": 1493,
              "mean": 1491,
              "mdev": 23.9941,
              "stddev": 42,
              "min": 1439,
              "p10": 1439,
              "p90": 1541,
              "p99": 1541,
              "max": 1541
            },
            "homeRenderTime": {
              "median": 1465,
              "mean": 1463,
              "mdev": 23.478,
              "stddev": 41,
              "min": 1412,
              "p10": 1412,
              "p90": 1512,
              "p99": 1512,
              "max": 1512
            },
            "meter": {
              "median": 3401,
              "mean": 3521,
              "mdev": 128.1651,
              "stddev": 222,
              "min": 3329,
              "p10": 3329,
              "p90": 3832,
              "p99": 3832,
              "max": 3832
            }
          }
        }
      }
    }
  }
]