[
  {
    "info": {
      "browsertime": {
        "version": "8.4.0"
      },
      "url": "https://www.douyu.com/",
      "timestamp": "2021-03-30T20:35:31+04:00",
      "connectivity": {
        "engine": "external",
        "profile": "native"
      },
      "extra": {}
    },
    "files": {
      "video": [],
      "screenshot": [],
      "timeline": [],
      "consoleLog": [],
      "netLog": [],
      "perfLog": []
    },
    "cdp": {
      "performance": []
    },
    "timestamps": [
      "2021-03-30T20:35:16+04:00",
      "2021-03-30T20:35:37+04:00",
      "2021-03-30T20:35:56+04:00"
    ],
    "browserScripts": [
      {
        "browser": {
          "appConstants": {
            "ACCESSIBILITY": true,
            "ANDROID_PACKAGE_NAME": "org.mozilla.firefox",
            "ASAN": false,
            "ASAN_REPORTER": false,
            "BROWSER_CHROME_URL": "chrome://browser/content/browser.xul",
            "DEBUG": false,
            "DEBUG_JS_MODULES": "",
            "DLL_PREFIX": "lib",
            "DLL_SUFFIX": ".so",
            "EARLY_BETA_OR_EARLIER": false,
            "FENNEC_NIGHTLY": false,
            "HAVE_SHELL_SERVICE": false,
            "HAVE_USR_LIB64_DIR": false,
            "MENUBAR_CAN_AUTOHIDE": false,
            "MOZILLA_OFFICIAL": true,
            "MOZ_ALLOW_LEGACY_EXTENSIONS": false,
            "MOZ_ANDROID_ACTIVITY_STREAM": false,
            "MOZ_ANDROID_HISTORY": true,
            "MOZ_ANDROID_MOZILLA_ONLINE": false,
            "MOZ_APP_NAME": "fennec",
            "MOZ_APP_VERSION": "68.1.1",
            "MOZ_APP_VERSION_DISPLAY": "68.1.1",
            "MOZ_BING_API_CLIENTID": "no-bing-api-clientid",
            "MOZ_BING_API_KEY": "no-bing-api-key",
            "MOZ_BITS_DOWNLOAD": false,
            "MOZ_BUILD_APP": "mobile/android",
            "MOZ_CODE_COVERAGE": false,
            "MOZ_CRASHREPORTER": true,
            "MOZ_DATA_REPORTING": true,
            "MOZ_DEV_EDITION": false,
            "MOZ_GECKO_PROFILER": true,
            "MOZ_GOOGLE_LOCATION_SERVICE_API_KEY": "AIzaSyB2h2OuRcUgy5N-5hsZqiPW6sH3n_rptiQ",
            "MOZ_GOOGLE_SAFEBROWSING_API_KEY": "AIzaSyC7jsptDS3am4tPx4r3nxis7IMjBc5Dovo",
            "MOZ_GRAPHENE": false,
            "MOZ_MACBUNDLE_NAME": "Firefox.app",
            "MOZ_MAINTENANCE_SERVICE": false,
            "MOZ_MOZILLA_API_KEY": "3b4d27dd-703d-4094-8398-4de2c763505a",
            "MOZ_NEW_CERT_STORAGE": false,
            "MOZ_NEW_NOTIFICATION_STORE": false,
            "MOZ_NEW_XULSTORE": false,
            "MOZ_OFFICIAL_BRANDING": false,
            "MOZ_PLACES": false,
            "MOZ_REQUIRE_SIGNING": false,
            "MOZ_SANDBOX": false,
            "MOZ_SERVICES_HEALTHREPORT": true,
            "MOZ_SERVICES_SYNC": false,
            "MOZ_SWITCHBOARD": true,
            "MOZ_SYSTEM_NSS": false,
            "MOZ_TELEMETRY_ON_BY_DEFAULT": false,
            "MOZ_TELEMETRY_REPORTING": true,
            "MOZ_UNSIGNED_SCOPES": 0,
            "MOZ_UPDATER": false,
            "MOZ_UPDATE_CHANNEL": "release",
            "MOZ_WEBRTC": true,
            "MOZ_WIDGET_GTK": false,
            "MOZ_WIDGET_TOOLKIT": "android",
            "NIGHTLY_BUILD": false,
            "OMNIJAR_NAME": "assets/omni.ja",
            "RELEASE_OR_BETA": true,
            "SOURCE_REVISION_URL": "https://hg.mozilla.org/releases/mozilla-esr68/rev/d2e0b9e17b9bc1ef02606c8006b73293f7892ad5",
            "TELEMETRY_PING_FORMAT_VERSION": 4,
            "XP_UNIX": true,
            "isPlatformAndVersionAtLeast": {},
            "isPlatformAndVersionAtMost": {},
            "platform": "android"
          },
          "asyncAppConstants": {
            "ACCESSIBILITY": true,
            "ANDROID_PACKAGE_NAME": "org.mozilla.firefox",
            "ASAN": false,
            "ASAN_REPORTER": false,
            "BROWSER_CHROME_URL": "chrome://browser/content/browser.xul",
            "DEBUG": false,
            "DEBUG_JS_MODULES": "",
            "DLL_PREFIX": "lib",
            "DLL_SUFFIX": ".so",
            "EARLY_BETA_OR_EARLIER": false,
            "FENNEC_NIGHTLY": false,
            "HAVE_SHELL_SERVICE": false,
            "HAVE_USR_LIB64_DIR": false,
            "MENUBAR_CAN_AUTOHIDE": false,
            "MOZILLA_OFFICIAL": true,
            "MOZ_ALLOW_LEGACY_EXTENSIONS": false,
            "MOZ_ANDROID_ACTIVITY_STREAM": false,
            "MOZ_ANDROID_HISTORY": true,
            "MOZ_ANDROID_MOZILLA_ONLINE": false,
            "MOZ_APP_NAME": "fennec",
            "MOZ_APP_VERSION": "68.1.1",
            "MOZ_APP_VERSION_DISPLAY": "68.1.1",
            "MOZ_BING_API_CLIENTID": "no-bing-api-clientid",
            "MOZ_BING_API_KEY": "no-bing-api-key",
            "MOZ_BITS_DOWNLOAD": false,
            "MOZ_BUILD_APP": "mobile/android",
            "MOZ_CODE_COVERAGE": false,
            "MOZ_CRASHREPORTER": true,
            "MOZ_DATA_REPORTING": true,
            "MOZ_DEV_EDITION": false,
            "MOZ_GECKO_PROFILER": true,
            "MOZ_GOOGLE_LOCATION_SERVICE_API_KEY": "AIzaSyB2h2OuRcUgy5N-5hsZqiPW6sH3n_rptiQ",
            "MOZ_GOOGLE_SAFEBROWSING_API_KEY": "AIzaSyC7jsptDS3am4tPx4r3nxis7IMjBc5Dovo",
            "MOZ_GRAPHENE": false,
            "MOZ_MACBUNDLE_NAME": "Firefox.app",
            "MOZ_MAINTENANCE_SERVICE": false,
            "MOZ_MOZILLA_API_KEY": "3b4d27dd-703d-4094-8398-4de2c763505a",
            "MOZ_NEW_CERT_STORAGE": false,
            "MOZ_NEW_NOTIFICATION_STORE": false,
            "MOZ_NEW_XULSTORE": false,
            "MOZ_OFFICIAL_BRANDING": false,
            "MOZ_PLACES": false,
            "MOZ_REQUIRE_SIGNING": false,
            "MOZ_SANDBOX": false,
            "MOZ_SERVICES_HEALTHREPORT": true,
            "MOZ_SERVICES_SYNC": false,
            "MOZ_SWITCHBOARD": true,
            "MOZ_SYSTEM_NSS": false,
            "MOZ_TELEMETRY_ON_BY_DEFAULT": false,
            "MOZ_TELEMETRY_REPORTING": true,
            "MOZ_UNSIGNED_SCOPES": 0,
            "MOZ_UPDATER": false,
            "MOZ_UPDATE_CHANNEL": "release",
            "MOZ_WEBRTC": true,
            "MOZ_WIDGET_GTK": false,
            "MOZ_WIDGET_TOOLKIT": "android",
            "NIGHTLY_BUILD": false,
            "OMNIJAR_NAME": "assets/omni.ja",
            "RELEASE_OR_BETA": true,
            "SOURCE_REVISION_URL": "https://hg.mozilla.org/releases/mozilla-esr68/rev/d2e0b9e17b9bc1ef02606c8006b73293f7892ad5",
            "TELEMETRY_PING_FORMAT_VERSION": 4,
            "XP_UNIX": true,
            "isPlatformAndVersionAtLeast": {},
            "isPlatformAndVersionAtMost": {},
            "platform": "android"
          },
          "userAgent": "Mozilla/5.0 (Android 9; Mobile; rv:68.0) Gecko/68.0 Firefox/68.0",
          "windowSize": "360x612"
        },
        "pageinfo": {
          "documentHeight": 638,
          "documentSize": {
            "decodedBodySize": 7529,
            "encodedBodySize": 3120,
            "transferSize": 3532
          },
          "documentTitle": "斗鱼 - 每个人的直播平台",
          "documentWidth": 375,
          "domElements": 741,
          "navigationStartTime": 1617122120011,
          "nextHopProtocol": "h2",
          "resources": {
            "count": 0,
            "duration": 0
          },
          "responsive": true,
          "url": "https://m.douyu.com/",
          "visualElements": {
            "heroes": [
              {
                "filename": "dy1",
                "height": 101,
                "name": "LargestImage",
                "width": 180,
                "x": 5,
                "y": 152
              }
            ],
            "viewport": {
              "height": 638,
              "width": 375
            }
          }
        },
        "timings": {
          "firstPaint": 1287,
          "loadEventEnd": 5733,
          "navigationTiming": {
            "connectStart": 203,
            "domComplete": 5732,
            "domContentLoadedEventEnd": 2740,
            "domContentLoadedEventStart": 2734,
            "domInteractive": 2485,
            "domainLookupEnd": 202,
            "domainLookupStart": 202,
            "duration": 5733,
            "fetchStart": -1,
            "loadEventEnd": 5733,
            "loadEventStart": 5732,
            "redirectEnd": 0,
            "redirectStart": 0,
            "requestStart": 210,
            "responseEnd": 733,
            "responseStart": 732,
            "secureConnectionStart": 0,
            "startTime": 0,
            "unloadEventEnd": 0,
            "unloadEventStart": 0,
            "workerStart": 0
          },
          "pageTimings": {
            "backEndTime": 732,
            "domContentLoadedTime": 2734,
            "domInteractiveTime": 2485,
            "domainLookupTime": 0,
            "frontEndTime": 4999,
            "pageDownloadTime": 1,
            "pageLoadTime": 5732,
            "redirectionTime": 0,
            "serverConnectionTime": 0,
            "serverResponseTime": 523
          },
          "rumSpeedIndex": 732,
          "timeToContentfulPaint": 1378,
          "timeToDomContentFlushed": 2698,
          "userTimings": {
            "marks": [],
            "measures": []
          }
        }
      },
      {
        "browser": {
          "appConstants": {
            "ACCESSIBILITY": true,
            "ANDROID_PACKAGE_NAME": "org.mozilla.firefox",
            "ASAN": false,
            "ASAN_REPORTER": false,
            "BROWSER_CHROME_URL": "chrome://browser/content/browser.xul",
            "DEBUG": false,
            "DEBUG_JS_MODULES": "",
            "DLL_PREFIX": "lib",
            "DLL_SUFFIX": ".so",
            "EARLY_BETA_OR_EARLIER": false,
            "FENNEC_NIGHTLY": false,
            "HAVE_SHELL_SERVICE": false,
            "HAVE_USR_LIB64_DIR": false,
            "MENUBAR_CAN_AUTOHIDE": false,
            "MOZILLA_OFFICIAL": true,
            "MOZ_ALLOW_LEGACY_EXTENSIONS": false,
            "MOZ_ANDROID_ACTIVITY_STREAM": false,
            "MOZ_ANDROID_HISTORY": true,
            "MOZ_ANDROID_MOZILLA_ONLINE": false,
            "MOZ_APP_NAME": "fennec",
            "MOZ_APP_VERSION": "68.1.1",
            "MOZ_APP_VERSION_DISPLAY": "68.1.1",
            "MOZ_BING_API_CLIENTID": "no-bing-api-clientid",
            "MOZ_BING_API_KEY": "no-bing-api-key",
            "MOZ_BITS_DOWNLOAD": false,
            "MOZ_BUILD_APP": "mobile/android",
            "MOZ_CODE_COVERAGE": false,
            "MOZ_CRASHREPORTER": true,
            "MOZ_DATA_REPORTING": true,
            "MOZ_DEV_EDITION": false,
            "MOZ_GECKO_PROFILER": true,
            "MOZ_GOOGLE_LOCATION_SERVICE_API_KEY": "AIzaSyB2h2OuRcUgy5N-5hsZqiPW6sH3n_rptiQ",
            "MOZ_GOOGLE_SAFEBROWSING_API_KEY": "AIzaSyC7jsptDS3am4tPx4r3nxis7IMjBc5Dovo",
            "MOZ_GRAPHENE": false,
            "MOZ_MACBUNDLE_NAME": "Firefox.app",
            "MOZ_MAINTENANCE_SERVICE": false,
            "MOZ_MOZILLA_API_KEY": "3b4d27dd-703d-4094-8398-4de2c763505a",
            "MOZ_NEW_CERT_STORAGE": false,
            "MOZ_NEW_NOTIFICATION_STORE": false,
            "MOZ_NEW_XULSTORE": false,
            "MOZ_OFFICIAL_BRANDING": false,
            "MOZ_PLACES": false,
            "MOZ_REQUIRE_SIGNING": false,
            "MOZ_SANDBOX": false,
            "MOZ_SERVICES_HEALTHREPORT": true,
            "MOZ_SERVICES_SYNC": false,
            "MOZ_SWITCHBOARD": true,
            "MOZ_SYSTEM_NSS": false,
            "MOZ_TELEMETRY_ON_BY_DEFAULT": false,
            "MOZ_TELEMETRY_REPORTING": true,
            "MOZ_UNSIGNED_SCOPES": 0,
            "MOZ_UPDATER": false,
            "MOZ_UPDATE_CHANNEL": "release",
            "MOZ_WEBRTC": true,
            "MOZ_WIDGET_GTK": false,
            "MOZ_WIDGET_TOOLKIT": "android",
            "NIGHTLY_BUILD": false,
            "OMNIJAR_NAME": "assets/omni.ja",
            "RELEASE_OR_BETA": true,
            "SOURCE_REVISION_URL": "https://hg.mozilla.org/releases/mozilla-esr68/rev/d2e0b9e17b9bc1ef02606c8006b73293f7892ad5",
            "TELEMETRY_PING_FORMAT_VERSION": 4,
            "XP_UNIX": true,
            "isPlatformAndVersionAtLeast": {},
            "isPlatformAndVersionAtMost": {},
            "platform": "android"
          },
          "asyncAppConstants": {
            "ACCESSIBILITY": true,
            "ANDROID_PACKAGE_NAME": "org.mozilla.firefox",
            "ASAN": false,
            "ASAN_REPORTER": false,
            "BROWSER_CHROME_URL": "chrome://browser/content/browser.xul",
            "DEBUG": false,
            "DEBUG_JS_MODULES": "",
            "DLL_PREFIX": "lib",
            "DLL_SUFFIX": ".so",
            "EARLY_BETA_OR_EARLIER": false,
            "FENNEC_NIGHTLY": false,
            "HAVE_SHELL_SERVICE": false,
            "HAVE_USR_LIB64_DIR": false,
            "MENUBAR_CAN_AUTOHIDE": false,
            "MOZILLA_OFFICIAL": true,
            "MOZ_ALLOW_LEGACY_EXTENSIONS": false,
            "MOZ_ANDROID_ACTIVITY_STREAM": false,
            "MOZ_ANDROID_HISTORY": true,
            "MOZ_ANDROID_MOZILLA_ONLINE": false,
            "MOZ_APP_NAME": "fennec",
            "MOZ_APP_VERSION": "68.1.1",
            "MOZ_APP_VERSION_DISPLAY": "68.1.1",
            "MOZ_BING_API_CLIENTID": "no-bing-api-clientid",
            "MOZ_BING_API_KEY": "no-bing-api-key",
            "MOZ_BITS_DOWNLOAD": false,
            "MOZ_BUILD_APP": "mobile/android",
            "MOZ_CODE_COVERAGE": false,
            "MOZ_CRASHREPORTER": true,
            "MOZ_DATA_REPORTING": true,
            "MOZ_DEV_EDITION": false,
            "MOZ_GECKO_PROFILER": true,
            "MOZ_GOOGLE_LOCATION_SERVICE_API_KEY": "AIzaSyB2h2OuRcUgy5N-5hsZqiPW6sH3n_rptiQ",
            "MOZ_GOOGLE_SAFEBROWSING_API_KEY": "AIzaSyC7jsptDS3am4tPx4r3nxis7IMjBc5Dovo",
            "MOZ_GRAPHENE": false,
            "MOZ_MACBUNDLE_NAME": "Firefox.app",
            "MOZ_MAINTENANCE_SERVICE": false,
            "MOZ_MOZILLA_API_KEY": "3b4d27dd-703d-4094-8398-4de2c763505a",
            "MOZ_NEW_CERT_STORAGE": false,
            "MOZ_NEW_NOTIFICATION_STORE": false,
            "MOZ_NEW_XULSTORE": false,
            "MOZ_OFFICIAL_BRANDING": false,
            "MOZ_PLACES": false,
            "MOZ_REQUIRE_SIGNING": false,
            "MOZ_SANDBOX": false,
            "MOZ_SERVICES_HEALTHREPORT": true,
            "MOZ_SERVICES_SYNC": false,
            "MOZ_SWITCHBOARD": true,
            "MOZ_SYSTEM_NSS": false,
            "MOZ_TELEMETRY_ON_BY_DEFAULT": false,
            "MOZ_TELEMETRY_REPORTING": true,
            "MOZ_UNSIGNED_SCOPES": 0,
            "MOZ_UPDATER": false,
            "MOZ_UPDATE_CHANNEL": "release",
            "MOZ_WEBRTC": true,
            "MOZ_WIDGET_GTK": false,
            "MOZ_WIDGET_TOOLKIT": "android",
            "NIGHTLY_BUILD": false,
            "OMNIJAR_NAME": "assets/omni.ja",
            "RELEASE_OR_BETA": true,
            "SOURCE_REVISION_URL": "https://hg.mozilla.org/releases/mozilla-esr68/rev/d2e0b9e17b9bc1ef02606c8006b73293f7892ad5",
            "TELEMETRY_PING_FORMAT_VERSION": 4,
            "XP_UNIX": true,
            "isPlatformAndVersionAtLeast": {},
            "isPlatformAndVersionAtMost": {},
            "platform": "android"
          },
          "userAgent": "Mozilla/5.0 (Android 9; Mobile; rv:68.0) Gecko/68.0 Firefox/68.0",
          "windowSize": "360x612"
        },
        "pageinfo": {
          "documentHeight": 638,
          "documentSize": {
            "decodedBodySize": 7529,
            "encodedBodySize": 3119,
            "transferSize": 3530
          },
          "documentTitle": "斗鱼 - 每个人的直播平台",
          "documentWidth": 375,
          "domElements": 742,
          "navigationStartTime": 1617122139763,
          "nextHopProtocol": "h2",
          "resources": {
            "count": 0,
            "duration": 0
          },
          "responsive": true,
          "url": "https://m.douyu.com/",
          "visualElements": {
            "heroes": [
              {
                "filename": "dy1",
                "height": 101,
                "name": "LargestImage",
                "width": 180,
                "x": 5,
                "y": 152
              }
            ],
            "viewport": {
              "height": 638,
              "width": 375
            }
          }
        },
        "timings": {
          "firstPaint": 928,
          "loadEventEnd": 4937,
          "navigationTiming": {
            "connectStart": 168,
            "domComplete": 4936,
            "domContentLoadedEventEnd": 2464,
            "domContentLoadedEventStart": 2460,
            "domInteractive": 2221,
            "domainLookupEnd": 167,
            "domainLookupStart": 167,
            "duration": 4937,
            "fetchStart": -1,
            "loadEventEnd": 4937,
            "loadEventStart": 4936,
            "redirectEnd": 0,
            "redirectStart": 0,
            "requestStart": 178,
            "responseEnd": 328,
            "responseStart": 327,
            "secureConnectionStart": 0,
            "startTime": 0,
            "unloadEventEnd": 0,
            "unloadEventStart": 0,
            "workerStart": 0
          },
          "pageTimings": {
            "backEndTime": 327,
            "domContentLoadedTime": 2460,
            "domInteractiveTime": 2221,
            "domainLookupTime": 0,
            "frontEndTime": 4609,
            "pageDownloadTime": 1,
            "pageLoadTime": 4936,
            "redirectionTime": 0,
            "serverConnectionTime": 0,
            "serverResponseTime": 150
          },
          "rumSpeedIndex": 327,
          "timeToContentfulPaint": 1018,
          "timeToDomContentFlushed": 2441,
          "userTimings": {
            "marks": [],
            "measures": []
          }
        }
      },
      {
        "browser": {
          "appConstants": {
            "ACCESSIBILITY": true,
            "ANDROID_PACKAGE_NAME": "org.mozilla.firefox",
            "ASAN": false,
            "ASAN_REPORTER": false,
            "BROWSER_CHROME_URL": "chrome://browser/content/browser.xul",
            "DEBUG": false,
            "DEBUG_JS_MODULES": "",
            "DLL_PREFIX": "lib",
            "DLL_SUFFIX": ".so",
            "EARLY_BETA_OR_EARLIER": false,
            "FENNEC_NIGHTLY": false,
            "HAVE_SHELL_SERVICE": false,
            "HAVE_USR_LIB64_DIR": false,
            "MENUBAR_CAN_AUTOHIDE": false,
            "MOZILLA_OFFICIAL": true,
            "MOZ_ALLOW_LEGACY_EXTENSIONS": false,
            "MOZ_ANDROID_ACTIVITY_STREAM": false,
            "MOZ_ANDROID_HISTORY": true,
            "MOZ_ANDROID_MOZILLA_ONLINE": false,
            "MOZ_APP_NAME": "fennec",
            "MOZ_APP_VERSION": "68.1.1",
            "MOZ_APP_VERSION_DISPLAY": "68.1.1",
            "MOZ_BING_API_CLIENTID": "no-bing-api-clientid",
            "MOZ_BING_API_KEY": "no-bing-api-key",
            "MOZ_BITS_DOWNLOAD": false,
            "MOZ_BUILD_APP": "mobile/android",
            "MOZ_CODE_COVERAGE": false,
            "MOZ_CRASHREPORTER": true,
            "MOZ_DATA_REPORTING": true,
            "MOZ_DEV_EDITION": false,
            "MOZ_GECKO_PROFILER": true,
            "MOZ_GOOGLE_LOCATION_SERVICE_API_KEY": "AIzaSyB2h2OuRcUgy5N-5hsZqiPW6sH3n_rptiQ",
            "MOZ_GOOGLE_SAFEBROWSING_API_KEY": "AIzaSyC7jsptDS3am4tPx4r3nxis7IMjBc5Dovo",
            "MOZ_GRAPHENE": false,
            "MOZ_MACBUNDLE_NAME": "Firefox.app",
            "MOZ_MAINTENANCE_SERVICE": false,
            "MOZ_MOZILLA_API_KEY": "3b4d27dd-703d-4094-8398-4de2c763505a",
            "MOZ_NEW_CERT_STORAGE": false,
            "MOZ_NEW_NOTIFICATION_STORE": false,
            "MOZ_NEW_XULSTORE": false,
            "MOZ_OFFICIAL_BRANDING": false,
            "MOZ_PLACES": false,
            "MOZ_REQUIRE_SIGNING": false,
            "MOZ_SANDBOX": false,
            "MOZ_SERVICES_HEALTHREPORT": true,
            "MOZ_SERVICES_SYNC": false,
            "MOZ_SWITCHBOARD": true,
            "MOZ_SYSTEM_NSS": false,
            "MOZ_TELEMETRY_ON_BY_DEFAULT": false,
            "MOZ_TELEMETRY_REPORTING": true,
            "MOZ_UNSIGNED_SCOPES": 0,
            "MOZ_UPDATER": false,
            "MOZ_UPDATE_CHANNEL": "release",
            "MOZ_WEBRTC": true,
            "MOZ_WIDGET_GTK": false,
            "MOZ_WIDGET_TOOLKIT": "android",
            "NIGHTLY_BUILD": false,
            "OMNIJAR_NAME": "assets/omni.ja",
            "RELEASE_OR_BETA": true,
            "SOURCE_REVISION_URL": "https://hg.mozilla.org/releases/mozilla-esr68/rev/d2e0b9e17b9bc1ef02606c8006b73293f7892ad5",
            "TELEMETRY_PING_FORMAT_VERSION": 4,
            "XP_UNIX": true,
            "isPlatformAndVersionAtLeast": {},
            "isPlatformAndVersionAtMost": {},
            "platform": "android"
          },
          "asyncAppConstants": {
            "ACCESSIBILITY": true,
            "ANDROID_PACKAGE_NAME": "org.mozilla.firefox",
            "ASAN": false,
            "ASAN_REPORTER": false,
            "BROWSER_CHROME_URL": "chrome://browser/content/browser.xul",
            "DEBUG": false,
            "DEBUG_JS_MODULES": "",
            "DLL_PREFIX": "lib",
            "DLL_SUFFIX": ".so",
            "EARLY_BETA_OR_EARLIER": false,
            "FENNEC_NIGHTLY": false,
            "HAVE_SHELL_SERVICE": false,
            "HAVE_USR_LIB64_DIR": false,
            "MENUBAR_CAN_AUTOHIDE": false,
            "MOZILLA_OFFICIAL": true,
            "MOZ_ALLOW_LEGACY_EXTENSIONS": false,
            "MOZ_ANDROID_ACTIVITY_STREAM": false,
            "MOZ_ANDROID_HISTORY": true,
            "MOZ_ANDROID_MOZILLA_ONLINE": false,
            "MOZ_APP_NAME": "fennec",
            "MOZ_APP_VERSION": "68.1.1",
            "MOZ_APP_VERSION_DISPLAY": "68.1.1",
            "MOZ_BING_API_CLIENTID": "no-bing-api-clientid",
            "MOZ_BING_API_KEY": "no-bing-api-key",
            "MOZ_BITS_DOWNLOAD": false,
            "MOZ_BUILD_APP": "mobile/android",
            "MOZ_CODE_COVERAGE": false,
            "MOZ_CRASHREPORTER": true,
            "MOZ_DATA_REPORTING": true,
            "MOZ_DEV_EDITION": false,
            "MOZ_GECKO_PROFILER": true,
            "MOZ_GOOGLE_LOCATION_SERVICE_API_KEY": "AIzaSyB2h2OuRcUgy5N-5hsZqiPW6sH3n_rptiQ",
            "MOZ_GOOGLE_SAFEBROWSING_API_KEY": "AIzaSyC7jsptDS3am4tPx4r3nxis7IMjBc5Dovo",
            "MOZ_GRAPHENE": false,
            "MOZ_MACBUNDLE_NAME": "Firefox.app",
            "MOZ_MAINTENANCE_SERVICE": false,
            "MOZ_MOZILLA_API_KEY": "3b4d27dd-703d-4094-8398-4de2c763505a",
            "MOZ_NEW_CERT_STORAGE": false,
            "MOZ_NEW_NOTIFICATION_STORE": false,
            "MOZ_NEW_XULSTORE": false,
            "MOZ_OFFICIAL_BRANDING": false,
            "MOZ_PLACES": false,
            "MOZ_REQUIRE_SIGNING": false,
            "MOZ_SANDBOX": false,
            "MOZ_SERVICES_HEALTHREPORT": true,
            "MOZ_SERVICES_SYNC": false,
            "MOZ_SWITCHBOARD": true,
            "MOZ_SYSTEM_NSS": false,
            "MOZ_TELEMETRY_ON_BY_DEFAULT": false,
            "MOZ_TELEMETRY_REPORTING": true,
            "MOZ_UNSIGNED_SCOPES": 0,
            "MOZ_UPDATER": false,
            "MOZ_UPDATE_CHANNEL": "release",
            "MOZ_WEBRTC": true,
            "MOZ_WIDGET_GTK": false,
            "MOZ_WIDGET_TOOLKIT": "android",
            "NIGHTLY_BUILD": false,
            "OMNIJAR_NAME": "assets/omni.ja",
            "RELEASE_OR_BETA": true,
            "SOURCE_REVISION_URL": "https://hg.mozilla.org/releases/mozilla-esr68/rev/d2e0b9e17b9bc1ef02606c8006b73293f7892ad5",
            "TELEMETRY_PING_FORMAT_VERSION": 4,
            "XP_UNIX": true,
            "isPlatformAndVersionAtLeast": {},
            "isPlatformAndVersionAtMost": {},
            "platform": "android"
          },
          "userAgent": "Mozilla/5.0 (Android 9; Mobile; rv:68.0) Gecko/68.0 Firefox/68.0",
          "windowSize": "360x612"
        },
        "pageinfo": {
          "documentHeight": 638,
          "documentSize": {
            "decodedBodySize": 7529,
            "encodedBodySize": 3119,
            "transferSize": 3540
          },
          "documentTitle": "斗鱼 - 每个人的直播平台",
          "documentWidth": 375,
          "domElements": 741,
          "navigationStartTime": 1617122158916,
          "nextHopProtocol": "h2",
          "resources": {
            "count": 0,
            "duration": 0
          },
          "responsive": true,
          "url": "https://m.douyu.com/",
          "visualElements": {
            "heroes": [
              {
                "filename": "dy1",
                "height": 101,
                "name": "LargestImage",
                "width": 180,
                "x": 5,
                "y": 152
              }
            ],
            "viewport": {
              "height": 638,
              "width": 375
            }
          }
        },
        "timings": {
          "firstPaint": 741,
          "loadEventEnd": 5197,
          "navigationTiming": {
            "connectStart": 171,
            "domComplete": 5196,
            "domContentLoadedEventEnd": 2050,
            "domContentLoadedEventStart": 2046,
            "domInteractive": 1817,
            "domainLookupEnd": 169,
            "domainLookupStart": 169,
            "duration": 5197,
            "fetchStart": -1,
            "loadEventEnd": 5197,
            "loadEventStart": 5196,
            "redirectEnd": 0,
            "redirectStart": 0,
            "requestStart": 180,
            "responseEnd": 311,
            "responseStart": 310,
            "secureConnectionStart": 0,
            "startTime": 0,
            "unloadEventEnd": 0,
            "unloadEventStart": 0,
            "workerStart": 0
          },
          "pageTimings": {
            "backEndTime": 310,
            "domContentLoadedTime": 2046,
            "domInteractiveTime": 1817,
            "domainLookupTime": 0,
            "frontEndTime": 4885,
            "pageDownloadTime": 1,
            "pageLoadTime": 5196,
            "redirectionTime": 0,
            "serverConnectionTime": 0,
            "serverResponseTime": 131
          },
          "rumSpeedIndex": 309,
          "timeToContentfulPaint": 850,
          "timeToDomContentFlushed": 2027,
          "userTimings": {
            "marks": [],
            "measures": []
          }
        }
      }
    ],
    "visualMetrics": [],
    "cpu": [],
    "extras": [
      {},
      {},
      {}
    ],
    "fullyLoaded": [],
    "errors": [
      [],
      [],
      []
    ],
    "statistics": {
      "browser": {
        "appConstants": {
          "MOZ_UNSIGNED_SCOPES": {
            "median": 0,
            "mean": 0,
            "mdev": 0,
            "stddev": 0,
            "min": 0,
            "p10": 0,
            "p90": 0,
            "p99": 0,
            "max": 0
          },
          "TELEMETRY_PING_FORMAT_VERSION": {
            "median": 4,
            "mean": 4,
            "mdev": 0,
            "stddev": 0,
            "min": 4,
            "p10": 4,
            "p90": 4,
            "p99": 4,
            "max": 4
          }
        },
        "asyncAppConstants": {
          "MOZ_UNSIGNED_SCOPES": {
            "median": 0,
            "mean": 0,
            "mdev": 0,
            "stddev": 0,
            "min": 0,
            "p10": 0,
            "p90": 0,
            "p99": 0,
            "max": 0
          },
          "TELEMETRY_PING_FORMAT_VERSION": {
            "median": 4,
            "mean": 4,
            "mdev": 0,
            "stddev": 0,
            "min": 4,
            "p10": 4,
            "p90": 4,
            "p99": 4,
            "max": 4
          }
        }
      },
      "pageinfo": {
        "documentHeight": {
          "median": 638,
          "mean": 638,
          "mdev": 0,
          "stddev": 0,
          "min": 638,
          "p10": 638,
          "p90": 638,
          "p99": 638,
          "max": 638
        },
        "documentSize": {
          "decodedBodySize": {
            "median": 7529,
            "mean": 7529,
            "mdev": 0,
            "stddev": 0,
            "min": 7529,
            "p10": 7529,
            "p90": 7529,
            "p99": 7529,
            "max": 7529
          },
          "encodedBodySize": {
            "median": 3119,
            "mean": 3119,
            "mdev": 0.2722,
            "stddev": 0,
            "min": 3119,
            "p10": 3119,
            "p90": 3120,
            "p99": 3120,
            "max": 3120
          },
          "transferSize": {
            "median": 3532,
            "mean": 3534,
            "mdev": 2.4944,
            "stddev": 4,
            "min": 3530,
            "p10": 3530,
            "p90": 3540,
            "p99": 3540,
            "max": 3540
          }
        },
        "documentWidth": {
          "median": 375,
          "mean": 375,
          "mdev": 0,
          "stddev": 0,
          "min": 375,
          "p10": 375,
          "p90": 375,
          "p99": 375,
          "max": 375
        },
        "domElements": {
          "median": 741,
          "mean": 741,
          "mdev": 0.2722,
          "stddev": 0,
          "min": 741,
          "p10": 741,
          "p90": 742,
          "p99": 742,
          "max": 742
        },
        "navigationStartTime": {
          "median": 1617122139763,
          "mean": 1617122139563,
          "mdev": 12612.4091,
          "stddev": 21845,
          "min": 1617122120011,
          "p10": 1617122120011,
          "p90": 1617122158916,
          "p99": 1617122158916,
          "max": 1617122158916
        },
        "resources": {
          "count": {
            "median": 0,
            "mean": 0,
            "mdev": 0,
            "stddev": 0,
            "min": 0,
            "p10": 0,
            "p90": 0,
            "p99": 0,
            "max": 0
          },
          "duration": {
            "median": 0,
            "mean": 0,
            "mdev": 0,
            "stddev": 0,
            "min": 0,
            "p10": 0,
            "p90": 0,
            "p99": 0,
            "max": 0
          }
        },
        "visualElements": {
          "heroes": [
            {
              "height": {
                "median": 101,
                "mean": 101,
                "mdev": 0,
                "stddev": 0,
                "min": 101,
                "p10": 101,
                "p90": 101,
                "p99": 101,
                "max": 101
              },
              "width": {
                "median": 180,
                "mean": 180,
                "mdev": 0,
                "stddev": 0,
                "min": 180,
                "p10": 180,
                "p90": 180,
                "p99": 180,
                "max": 180
              },
              "x": {
                "median": 5,
                "mean": 5,
                "mdev": 0,
                "stddev": 0,
                "min": 5,
                "p10": 5,
                "p90": 5,
                "p99": 5,
                "max": 5
              },
              "y": {
                "median": 152,
                "mean": 152,
                "mdev": 0,
                "stddev": 0,
                "min": 152,
                "p10": 152,
                "p90": 152,
                "p99": 152,
                "max": 152
              }
            }
          ],
          "viewport": {
            "height": {
              "median": 638,
              "mean": 638,
              "mdev": 0,
              "stddev": 0,
              "min": 638,
              "p10": 638,
              "p90": 638,
              "p99": 638,
              "max": 638
            },
            "width": {
              "median": 375,
              "mean": 375,
              "mdev": 0,
              "stddev": 0,
              "min": 375,
              "p10": 375,
              "p90": 375,
              "p99": 375,
              "max": 375
            }
          }
        }
      },
      "timings": {
        "firstPaint": {
          "median": 928,
          "mean": 985,
          "mdev": 130.8046,
          "stddev": 227,
          "min": 741,
          "p10": 741,
          "p90": 1287,
          "p99": 1287,
          "max": 1287
        },
        "loadEventEnd": {
          "median": 5197,
          "mean": 5289,
          "mdev": 191.3415,
          "stddev": 331,
          "min": 4937,
          "p10": 4937,
          "p90": 5733,
          "p99": 5733,
          "max": 5733
        },
        "navigationTiming": {
          "connectStart": {
            "median": 171,
            "mean": 181,
            "mdev": 9.1449,
            "stddev": 16,
            "min": 168,
            "p10": 168,
            "p90": 203,
            "p99": 203,
            "max": 203
          },
          "domComplete": {
            "median": 5196,
            "mean": 5288,
            "mdev": 191.3415,
            "stddev": 331,
            "min": 4936,
            "p10": 4936,
            "p90": 5732,
            "p99": 5732,
            "max": 5732
          },
          "domContentLoadedEventEnd": {
            "median": 2464,
            "mean": 2418,
            "mdev": 163.7152,
            "stddev": 284,
            "min": 2050,
            "p10": 2050,
            "p90": 2740,
            "p99": 2740,
            "max": 2740
          },
          "domContentLoadedEventStart": {
            "median": 2460,
            "mean": 2413,
            "mdev": 163.2784,
            "stddev": 283,
            "min": 2046,
            "p10": 2046,
            "p90": 2734,
            "p99": 2734,
            "max": 2734
          },
          "domInteractive": {
            "median": 2221,
            "mean": 2174,
            "mdev": 158.5976,
            "stddev": 275,
            "min": 1817,
            "p10": 1817,
            "p90": 2485,
            "p99": 2485,
            "max": 2485
          },
          "domainLookupEnd": {
            "median": 169,
            "mean": 179,
            "mdev": 9.2656,
            "stddev": 16,
            "min": 167,
            "p10": 167,
            "p90": 202,
            "p99": 202,
            "max": 202
          },
          "domainLookupStart": {
            "median": 169,
            "mean": 179,
            "mdev": 9.2656,
            "stddev": 16,
            "min": 167,
            "p10": 167,
            "p90": 202,
            "p99": 202,
            "max": 202
          },
          "duration": {
            "median": 5197,
            "mean": 5289,
            "mdev": 191.3415,
            "stddev": 331,
            "min": 4937,
            "p10": 4937,
            "p90": 5733,
            "p99": 5733,
            "max": 5733
          },
          "fetchStart": {
            "median": -1,
            "mean": -1,
            "mdev": 0,
            "stddev": 0,
            "min": -1,
            "p10": -1,
            "p90": -1,
            "p99": -1,
            "max": -1
          },
          "loadEventEnd": {
            "median": 5197,
            "mean": 5289,
            "mdev": 191.3415,
            "stddev": 331,
            "min": 4937,
            "p10": 4937,
            "p90": 5733,
            "p99": 5733,
            "max": 5733
          },
          "loadEventStart": {
            "median": 5196,
            "mean": 5288,
            "mdev": 191.3415,
            "stddev": 331,
            "min": 4936,
            "p10": 4936,
            "p90": 5732,
            "p99": 5732,
            "max": 5732
          },
          "redirectEnd": {
            "median": 0,
            "mean": 0,
            "mdev": 0,
            "stddev": 0,
            "min": 0,
            "p10": 0,
            "p90": 0,
            "p99": 0,
            "max": 0
          },
          "redirectStart": {
            "median": 0,
            "mean": 0,
            "mdev": 0,
            "stddev": 0,
            "min": 0,
            "p10": 0,
            "p90": 0,
            "p99": 0,
            "max": 0
          },
          "requestStart": {
            "median": 180,
            "mean": 189,
            "mdev": 8.4503,
            "stddev": 15,
            "min": 178,
            "p10": 178,
            "p90": 210,
            "p99": 210,
            "max": 210
          },
          "responseEnd": {
            "median": 328,
            "mean": 457,
            "mdev": 112.6118,
            "stddev": 195,
            "min": 311,
            "p10": 311,
            "p90": 733,
            "p99": 733,
            "max": 733
          },
          "responseStart": {
            "median": 327,
            "mean": 456,
            "mdev": 112.6118,
            "stddev": 195,
            "min": 310,
            "p10": 310,
            "p90": 732,
            "p99": 732,
            "max": 732
          },
          "secureConnectionStart": {
            "median": 0,
            "mean": 0,
            "mdev": 0,
            "stddev": 0,
            "min": 0,
            "p10": 0,
            "p90": 0,
            "p99": 0,
            "max": 0
          },
          "startTime": {
            "median": 0,
            "mean": 0,
            "mdev": 0,
            "stddev": 0,
            "min": 0,
            "p10": 0,
            "p90": 0,
            "p99": 0,
            "max": 0
          },
          "unloadEventEnd": {
            "median": 0,
            "mean": 0,
            "mdev": 0,
            "stddev": 0,
            "min": 0,
            "p10": 0,
            "p90": 0,
            "p99": 0,
            "max": 0
          },
          "unloadEventStart": {
            "median": 0,
            "mean": 0,
            "mdev": 0,
            "stddev": 0,
            "min": 0,
            "p10": 0,
            "p90": 0,
            "p99": 0,
            "max": 0
          },
          "workerStart": {
            "median": 0,
            "mean": 0,
            "mdev": 0,
            "stddev": 0,
            "min": 0,
            "p10": 0,
            "p90": 0,
            "p99": 0,
            "max": 0
          }
        },
        "pageTimings": {
          "backEndTime": {
            "median": 327,
            "mean": 456,
            "mdev": 112.6118,
            "stddev": 195,
            "min": 310,
            "p10": 310,
            "p90": 732,
            "p99": 732,
            "max": 732
          },
          "domContentLoadedTime": {
            "median": 2460,
            "mean": 2413,
            "mdev": 163.2784,
            "stddev": 283,
            "min": 2046,
            "p10": 2046,
            "p90": 2734,
            "p99": 2734,
            "max": 2734
          },
          "domInteractiveTime": {
            "median": 2221,
            "mean": 2174,
            "mdev": 158.5976,
            "stddev": 275,
            "min": 1817,
            "p10": 1817,
            "p90": 2485,
            "p99": 2485,
            "max": 2485
          },
          "domainLookupTime": {
            "median": 0,
            "mean": 0,
            "mdev": 0,
            "stddev": 0,
            "min": 0,
            "p10": 0,
            "p90": 0,
            "p99": 0,
            "max": 0
          },
          "frontEndTime": {
            "median": 4885,
            "mean": 4831,
            "mdev": 94.5304,
            "stddev": 164,
            "min": 4609,
            "p10": 4609,
            "p90": 4999,
            "p99": 4999,
            "max": 4999
          },
          "pageDownloadTime": {
            "median": 1,
            "mean": 1,
            "mdev": 0,
            "stddev": 0,
            "min": 1,
            "p10": 1,
            "p90": 1,
            "p99": 1,
            "max": 1
          },
          "pageLoadTime": {
            "median": 5196,
            "mean": 5288,
            "mdev": 191.3415,
            "stddev": 331,
            "min": 4936,
            "p10": 4936,
            "p90": 5732,
            "p99": 5732,
            "max": 5732
          },
          "redirectionTime": {
            "median": 0,
            "mean": 0,
            "mdev": 0,
            "stddev": 0,
            "min": 0,
            "p10": 0,
            "p90": 0,
            "p99": 0,
            "max": 0
          },
          "serverConnectionTime": {
            "median": 0,
            "mean": 0,
            "mdev": 0,
            "stddev": 0,
            "min": 0,
            "p10": 0,
            "p90": 0,
            "p99": 0,
            "max": 0
          },
          "serverResponseTime": {
            "median": 150,
            "mean": 268,
            "mdev": 104.1996,
            "stddev": 180,
            "min": 131,
            "p10": 131,
            "p90": 523,
            "p99": 523,
            "max": 523
          }
        },
        "rumSpeedIndex": {
          "median": 327,
          "mean": 456,
          "mdev": 112.7564,
          "stddev": 195,
          "min": 309,
          "p10": 309,
          "p90": 732,
          "p99": 732,
          "max": 732
        },
        "timeToContentfulPaint": {
          "median": 1018,
          "mean": 1082,
          "mdev": 127.1639,
          "stddev": 220,
          "min": 850,
          "p10": 850,
          "p90": 1378,
          "p99": 1378,
          "max": 1378
        },
        "timeToDomContentFlushed": {
          "median": 2441,
          "mean": 2389,
          "mdev": 159.5928,
          "stddev": 276,
          "min": 2027,
          "p10": 2027,
          "p90": 2698,
          "p99": 2698,
          "max": 2698
        }
      }
    }
  }
]