[
  {
    "info": {
      "browsertime": {
        "version": "8.4.0"
      },
      "url": "https://amazon.com/",
      "timestamp": "2021-03-30T14:31:10+04:00",
      "connectivity": {
        "engine": "external",
        "profile": "native"
      },
      "extra": {}
    },
    "files": {
      "video": [],
      "screenshot": [],
      "timeline": [],
      "consoleLog": [],
      "netLog": [],
      "perfLog": []
    },
    "cdp": {
      "performance": []
    },
    "timestamps": [
      "2021-03-30T14:31:00+04:00",
      "2021-03-30T14:31:16+04:00",
      "2021-03-30T14:31:33+04:00"
    ],
    "browserScripts": [
      {
        "browser": {
          "appConstants": {
            "ACCESSIBILITY": true,
            "ANDROID_PACKAGE_NAME": "org.mozilla.firefox",
            "ASAN": false,
            "ASAN_REPORTER": false,
            "BROWSER_CHROME_URL": "chrome://browser/content/browser.xul",
            "DEBUG": false,
            "DEBUG_JS_MODULES": "",
            "DLL_PREFIX": "lib",
            "DLL_SUFFIX": ".so",
            "EARLY_BETA_OR_EARLIER": false,
            "FENNEC_NIGHTLY": false,
            "HAVE_SHELL_SERVICE": false,
            "HAVE_USR_LIB64_DIR": false,
            "MENUBAR_CAN_AUTOHIDE": false,
            "MOZILLA_OFFICIAL": true,
            "MOZ_ALLOW_LEGACY_EXTENSIONS": false,
            "MOZ_ANDROID_ACTIVITY_STREAM": false,
            "MOZ_ANDROID_HISTORY": true,
            "MOZ_ANDROID_MOZILLA_ONLINE": false,
            "MOZ_APP_NAME": "fennec",
            "MOZ_APP_VERSION": "68.1.1",
            "MOZ_APP_VERSION_DISPLAY": "68.1.1",
            "MOZ_BING_API_CLIENTID": "no-bing-api-clientid",
            "MOZ_BING_API_KEY": "no-bing-api-key",
            "MOZ_BITS_DOWNLOAD": false,
            "MOZ_BUILD_APP": "mobile/android",
            "MOZ_CODE_COVERAGE": false,
            "MOZ_CRASHREPORTER": true,
            "MOZ_DATA_REPORTING": true,
            "MOZ_DEV_EDITION": false,
            "MOZ_GECKO_PROFILER": true,
            "MOZ_GOOGLE_LOCATION_SERVICE_API_KEY": "AIzaSyB2h2OuRcUgy5N-5hsZqiPW6sH3n_rptiQ",
            "MOZ_GOOGLE_SAFEBROWSING_API_KEY": "AIzaSyC7jsptDS3am4tPx4r3nxis7IMjBc5Dovo",
            "MOZ_GRAPHENE": false,
            "MOZ_MACBUNDLE_NAME": "Firefox.app",
            "MOZ_MAINTENANCE_SERVICE": false,
            "MOZ_MOZILLA_API_KEY": "3b4d27dd-703d-4094-8398-4de2c763505a",
            "MOZ_NEW_CERT_STORAGE": false,
            "MOZ_NEW_NOTIFICATION_STORE": false,
            "MOZ_NEW_XULSTORE": false,
            "MOZ_OFFICIAL_BRANDING": false,
            "MOZ_PLACES": false,
            "MOZ_REQUIRE_SIGNING": false,
            "MOZ_SANDBOX": false,
            "MOZ_SERVICES_HEALTHREPORT": true,
            "MOZ_SERVICES_SYNC": false,
            "MOZ_SWITCHBOARD": true,
            "MOZ_SYSTEM_NSS": false,
            "MOZ_TELEMETRY_ON_BY_DEFAULT": false,
            "MOZ_TELEMETRY_REPORTING": true,
            "MOZ_UNSIGNED_SCOPES": 0,
            "MOZ_UPDATER": false,
            "MOZ_UPDATE_CHANNEL": "release",
            "MOZ_WEBRTC": true,
            "MOZ_WIDGET_GTK": false,
            "MOZ_WIDGET_TOOLKIT": "android",
            "NIGHTLY_BUILD": false,
            "OMNIJAR_NAME": "assets/omni.ja",
            "RELEASE_OR_BETA": true,
            "SOURCE_REVISION_URL": "https://hg.mozilla.org/releases/mozilla-esr68/rev/d2e0b9e17b9bc1ef02606c8006b73293f7892ad5",
            "TELEMETRY_PING_FORMAT_VERSION": 4,
            "XP_UNIX": true,
            "isPlatformAndVersionAtLeast": {},
            "isPlatformAndVersionAtMost": {},
            "platform": "android"
          },
          "asyncAppConstants": {
            "ACCESSIBILITY": true,
            "ANDROID_PACKAGE_NAME": "org.mozilla.firefox",
            "ASAN": false,
            "ASAN_REPORTER": false,
            "BROWSER_CHROME_URL": "chrome://browser/content/browser.xul",
            "DEBUG": false,
            "DEBUG_JS_MODULES": "",
            "DLL_PREFIX": "lib",
            "DLL_SUFFIX": ".so",
            "EARLY_BETA_OR_EARLIER": false,
            "FENNEC_NIGHTLY": false,
            "HAVE_SHELL_SERVICE": false,
            "HAVE_USR_LIB64_DIR": false,
            "MENUBAR_CAN_AUTOHIDE": false,
            "MOZILLA_OFFICIAL": true,
            "MOZ_ALLOW_LEGACY_EXTENSIONS": false,
            "MOZ_ANDROID_ACTIVITY_STREAM": false,
            "MOZ_ANDROID_HISTORY": true,
            "MOZ_ANDROID_MOZILLA_ONLINE": false,
            "MOZ_APP_NAME": "fennec",
            "MOZ_APP_VERSION": "68.1.1",
            "MOZ_APP_VERSION_DISPLAY": "68.1.1",
            "MOZ_BING_API_CLIENTID": "no-bing-api-clientid",
            "MOZ_BING_API_KEY": "no-bing-api-key",
            "MOZ_BITS_DOWNLOAD": false,
            "MOZ_BUILD_APP": "mobile/android",
            "MOZ_CODE_COVERAGE": false,
            "MOZ_CRASHREPORTER": true,
            "MOZ_DATA_REPORTING": true,
            "MOZ_DEV_EDITION": false,
            "MOZ_GECKO_PROFILER": true,
            "MOZ_GOOGLE_LOCATION_SERVICE_API_KEY": "AIzaSyB2h2OuRcUgy5N-5hsZqiPW6sH3n_rptiQ",
            "MOZ_GOOGLE_SAFEBROWSING_API_KEY": "AIzaSyC7jsptDS3am4tPx4r3nxis7IMjBc5Dovo",
            "MOZ_GRAPHENE": false,
            "MOZ_MACBUNDLE_NAME": "Firefox.app",
            "MOZ_MAINTENANCE_SERVICE": false,
            "MOZ_MOZILLA_API_KEY": "3b4d27dd-703d-4094-8398-4de2c763505a",
            "MOZ_NEW_CERT_STORAGE": false,
            "MOZ_NEW_NOTIFICATION_STORE": false,
            "MOZ_NEW_XULSTORE": false,
            "MOZ_OFFICIAL_BRANDING": false,
            "MOZ_PLACES": false,
            "MOZ_REQUIRE_SIGNING": false,
            "MOZ_SANDBOX": false,
            "MOZ_SERVICES_HEALTHREPORT": true,
            "MOZ_SERVICES_SYNC": false,
            "MOZ_SWITCHBOARD": true,
            "MOZ_SYSTEM_NSS": false,
            "MOZ_TELEMETRY_ON_BY_DEFAULT": false,
            "MOZ_TELEMETRY_REPORTING": true,
            "MOZ_UNSIGNED_SCOPES": 0,
            "MOZ_UPDATER": false,
            "MOZ_UPDATE_CHANNEL": "release",
            "MOZ_WEBRTC": true,
            "MOZ_WIDGET_GTK": false,
            "MOZ_WIDGET_TOOLKIT": "android",
            "NIGHTLY_BUILD": false,
            "OMNIJAR_NAME": "assets/omni.ja",
            "RELEASE_OR_BETA": true,
            "SOURCE_REVISION_URL": "https://hg.mozilla.org/releases/mozilla-esr68/rev/d2e0b9e17b9bc1ef02606c8006b73293f7892ad5",
            "TELEMETRY_PING_FORMAT_VERSION": 4,
            "XP_UNIX": true,
            "isPlatformAndVersionAtLeast": {},
            "isPlatformAndVersionAtMost": {},
            "platform": "android"
          },
          "userAgent": "Mozilla/5.0 (Android 9; Mobile; rv:68.0) Gecko/68.0 Firefox/68.0",
          "windowSize": "360x612"
        },
        "pageinfo": {
          "documentHeight": 3069,
          "documentSize": {
            "decodedBodySize": 252776,
            "encodedBodySize": 82696,
            "transferSize": 84009
          },
          "documentTitle": "Amazon.com: Online Shopping for Electronics, Apparel, Computers, Books, DVDs & more",
          "documentWidth": 360,
          "domElements": 584,
          "navigationStartTime": 1617100260581,
          "nextHopProtocol": "h2",
          "resources": {
            "count": 0,
            "duration": 0
          },
          "responsive": true,
          "url": "https://www.amazon.com/",
          "visualElements": {
            "heroes": [
              {
                "filename": "518xqgZYh2L._SR1242,450_.jpg",
                "height": 150,
                "name": "LargestImage",
                "width": 414,
                "x": -27,
                "y": 315
              }
            ],
            "viewport": {
              "height": 612,
              "width": 360
            }
          }
        },
        "timings": {
          "firstPaint": 2015,
          "loadEventEnd": 4423,
          "navigationTiming": {
            "connectStart": 796,
            "domComplete": 4372,
            "domContentLoadedEventEnd": 2191,
            "domContentLoadedEventStart": 2184,
            "domInteractive": 2178,
            "domainLookupEnd": 795,
            "domainLookupStart": 795,
            "duration": 4423,
            "fetchStart": 750,
            "loadEventEnd": 4423,
            "loadEventStart": 4372,
            "redirectEnd": 747,
            "redirectStart": 3,
            "requestStart": 874,
            "responseEnd": 1156,
            "responseStart": 1156,
            "secureConnectionStart": 808,
            "startTime": 0,
            "unloadEventEnd": 0,
            "unloadEventStart": 0,
            "workerStart": 0
          },
          "pageTimings": {
            "backEndTime": 1156,
            "domContentLoadedTime": 2184,
            "domInteractiveTime": 2178,
            "domainLookupTime": 0,
            "frontEndTime": 3216,
            "pageDownloadTime": 0,
            "pageLoadTime": 4372,
            "redirectionTime": 744,
            "serverConnectionTime": 76,
            "serverResponseTime": 282
          },
          "rumSpeedIndex": 1156,
          "timeToContentfulPaint": 2228,
          "timeToDomContentFlushed": 2258,
          "userTimings": {
            "marks": [],
            "measures": []
          }
        }
      },
      {
        "browser": {
          "appConstants": {
            "ACCESSIBILITY": true,
            "ANDROID_PACKAGE_NAME": "org.mozilla.firefox",
            "ASAN": false,
            "ASAN_REPORTER": false,
            "BROWSER_CHROME_URL": "chrome://browser/content/browser.xul",
            "DEBUG": false,
            "DEBUG_JS_MODULES": "",
            "DLL_PREFIX": "lib",
            "DLL_SUFFIX": ".so",
            "EARLY_BETA_OR_EARLIER": false,
            "FENNEC_NIGHTLY": false,
            "HAVE_SHELL_SERVICE": false,
            "HAVE_USR_LIB64_DIR": false,
            "MENUBAR_CAN_AUTOHIDE": false,
            "MOZILLA_OFFICIAL": true,
            "MOZ_ALLOW_LEGACY_EXTENSIONS": false,
            "MOZ_ANDROID_ACTIVITY_STREAM": false,
            "MOZ_ANDROID_HISTORY": true,
            "MOZ_ANDROID_MOZILLA_ONLINE": false,
            "MOZ_APP_NAME": "fennec",
            "MOZ_APP_VERSION": "68.1.1",
            "MOZ_APP_VERSION_DISPLAY": "68.1.1",
            "MOZ_BING_API_CLIENTID": "no-bing-api-clientid",
            "MOZ_BING_API_KEY": "no-bing-api-key",
            "MOZ_BITS_DOWNLOAD": false,
            "MOZ_BUILD_APP": "mobile/android",
            "MOZ_CODE_COVERAGE": false,
            "MOZ_CRASHREPORTER": true,
            "MOZ_DATA_REPORTING": true,
            "MOZ_DEV_EDITION": false,
            "MOZ_GECKO_PROFILER": true,
            "MOZ_GOOGLE_LOCATION_SERVICE_API_KEY": "AIzaSyB2h2OuRcUgy5N-5hsZqiPW6sH3n_rptiQ",
            "MOZ_GOOGLE_SAFEBROWSING_API_KEY": "AIzaSyC7jsptDS3am4tPx4r3nxis7IMjBc5Dovo",
            "MOZ_GRAPHENE": false,
            "MOZ_MACBUNDLE_NAME": "Firefox.app",
            "MOZ_MAINTENANCE_SERVICE": false,
            "MOZ_MOZILLA_API_KEY": "3b4d27dd-703d-4094-8398-4de2c763505a",
            "MOZ_NEW_CERT_STORAGE": false,
            "MOZ_NEW_NOTIFICATION_STORE": false,
            "MOZ_NEW_XULSTORE": false,
            "MOZ_OFFICIAL_BRANDING": false,
            "MOZ_PLACES": false,
            "MOZ_REQUIRE_SIGNING": false,
            "MOZ_SANDBOX": false,
            "MOZ_SERVICES_HEALTHREPORT": true,
            "MOZ_SERVICES_SYNC": false,
            "MOZ_SWITCHBOARD": true,
            "MOZ_SYSTEM_NSS": false,
            "MOZ_TELEMETRY_ON_BY_DEFAULT": false,
            "MOZ_TELEMETRY_REPORTING": true,
            "MOZ_UNSIGNED_SCOPES": 0,
            "MOZ_UPDATER": false,
            "MOZ_UPDATE_CHANNEL": "release",
            "MOZ_WEBRTC": true,
            "MOZ_WIDGET_GTK": false,
            "MOZ_WIDGET_TOOLKIT": "android",
            "NIGHTLY_BUILD": false,
            "OMNIJAR_NAME": "assets/omni.ja",
            "RELEASE_OR_BETA": true,
            "SOURCE_REVISION_URL": "https://hg.mozilla.org/releases/mozilla-esr68/rev/d2e0b9e17b9bc1ef02606c8006b73293f7892ad5",
            "TELEMETRY_PING_FORMAT_VERSION": 4,
            "XP_UNIX": true,
            "isPlatformAndVersionAtLeast": {},
            "isPlatformAndVersionAtMost": {},
            "platform": "android"
          },
          "asyncAppConstants": {
            "ACCESSIBILITY": true,
            "ANDROID_PACKAGE_NAME": "org.mozilla.firefox",
            "ASAN": false,
            "ASAN_REPORTER": false,
            "BROWSER_CHROME_URL": "chrome://browser/content/browser.xul",
            "DEBUG": false,
            "DEBUG_JS_MODULES": "",
            "DLL_PREFIX": "lib",
            "DLL_SUFFIX": ".so",
            "EARLY_BETA_OR_EARLIER": false,
            "FENNEC_NIGHTLY": false,
            "HAVE_SHELL_SERVICE": false,
            "HAVE_USR_LIB64_DIR": false,
            "MENUBAR_CAN_AUTOHIDE": false,
            "MOZILLA_OFFICIAL": true,
            "MOZ_ALLOW_LEGACY_EXTENSIONS": false,
            "MOZ_ANDROID_ACTIVITY_STREAM": false,
            "MOZ_ANDROID_HISTORY": true,
            "MOZ_ANDROID_MOZILLA_ONLINE": false,
            "MOZ_APP_NAME": "fennec",
            "MOZ_APP_VERSION": "68.1.1",
            "MOZ_APP_VERSION_DISPLAY": "68.1.1",
            "MOZ_BING_API_CLIENTID": "no-bing-api-clientid",
            "MOZ_BING_API_KEY": "no-bing-api-key",
            "MOZ_BITS_DOWNLOAD": false,
            "MOZ_BUILD_APP": "mobile/android",
            "MOZ_CODE_COVERAGE": false,
            "MOZ_CRASHREPORTER": true,
            "MOZ_DATA_REPORTING": true,
            "MOZ_DEV_EDITION": false,
            "MOZ_GECKO_PROFILER": true,
            "MOZ_GOOGLE_LOCATION_SERVICE_API_KEY": "AIzaSyB2h2OuRcUgy5N-5hsZqiPW6sH3n_rptiQ",
            "MOZ_GOOGLE_SAFEBROWSING_API_KEY": "AIzaSyC7jsptDS3am4tPx4r3nxis7IMjBc5Dovo",
            "MOZ_GRAPHENE": false,
            "MOZ_MACBUNDLE_NAME": "Firefox.app",
            "MOZ_MAINTENANCE_SERVICE": false,
            "MOZ_MOZILLA_API_KEY": "3b4d27dd-703d-4094-8398-4de2c763505a",
            "MOZ_NEW_CERT_STORAGE": false,
            "MOZ_NEW_NOTIFICATION_STORE": false,
            "MOZ_NEW_XULSTORE": false,
            "MOZ_OFFICIAL_BRANDING": false,
            "MOZ_PLACES": false,
            "MOZ_REQUIRE_SIGNING": false,
            "MOZ_SANDBOX": false,
            "MOZ_SERVICES_HEALTHREPORT": true,
            "MOZ_SERVICES_SYNC": false,
            "MOZ_SWITCHBOARD": true,
            "MOZ_SYSTEM_NSS": false,
            "MOZ_TELEMETRY_ON_BY_DEFAULT": false,
            "MOZ_TELEMETRY_REPORTING": true,
            "MOZ_UNSIGNED_SCOPES": 0,
            "MOZ_UPDATER": false,
            "MOZ_UPDATE_CHANNEL": "release",
            "MOZ_WEBRTC": true,
            "MOZ_WIDGET_GTK": false,
            "MOZ_WIDGET_TOOLKIT": "android",
            "NIGHTLY_BUILD": false,
            "OMNIJAR_NAME": "assets/omni.ja",
            "RELEASE_OR_BETA": true,
            "SOURCE_REVISION_URL": "https://hg.mozilla.org/releases/mozilla-esr68/rev/d2e0b9e17b9bc1ef02606c8006b73293f7892ad5",
            "TELEMETRY_PING_FORMAT_VERSION": 4,
            "XP_UNIX": true,
            "isPlatformAndVersionAtLeast": {},
            "isPlatformAndVersionAtMost": {},
            "platform": "android"
          },
          "userAgent": "Mozilla/5.0 (Android 9; Mobile; rv:68.0) Gecko/68.0 Firefox/68.0",
          "windowSize": "360x612"
        },
        "pageinfo": {
          "documentHeight": 3481,
          "documentSize": {
            "decodedBodySize": 249039,
            "encodedBodySize": 80806,
            "transferSize": 82119
          },
          "documentTitle": "Amazon.com: Online Shopping for Electronics, Apparel, Computers, Books, DVDs & more",
          "documentWidth": 360,
          "domElements": 569,
          "navigationStartTime": 1617100277350,
          "nextHopProtocol": "h2",
          "resources": {
            "count": 0,
            "duration": 0
          },
          "responsive": true,
          "url": "https://www.amazon.com/",
          "visualElements": {
            "heroes": [
              {
                "filename": "518xqgZYh2L._SR1242,450_.jpg",
                "height": 150,
                "name": "LargestImage",
                "width": 414,
                "x": -27,
                "y": 310
              }
            ],
            "viewport": {
              "height": 612,
              "width": 360
            }
          }
        },
        "timings": {
          "firstPaint": 1937,
          "loadEventEnd": 3632,
          "navigationTiming": {
            "connectStart": 781,
            "domComplete": 3601,
            "domContentLoadedEventEnd": 2497,
            "domContentLoadedEventStart": 2486,
            "domInteractive": 2486,
            "domainLookupEnd": 780,
            "domainLookupStart": 780,
            "duration": 3632,
            "fetchStart": 729,
            "loadEventEnd": 3632,
            "loadEventStart": 3601,
            "redirectEnd": 723,
            "redirectStart": 2,
            "requestStart": 864,
            "responseEnd": 1132,
            "responseStart": 1132,
            "secureConnectionStart": 793,
            "startTime": 0,
            "unloadEventEnd": 0,
            "unloadEventStart": 0,
            "workerStart": 0
          },
          "pageTimings": {
            "backEndTime": 1132,
            "domContentLoadedTime": 2486,
            "domInteractiveTime": 2486,
            "domainLookupTime": 0,
            "frontEndTime": 2469,
            "pageDownloadTime": 0,
            "pageLoadTime": 3601,
            "redirectionTime": 720,
            "serverConnectionTime": 82,
            "serverResponseTime": 268
          },
          "rumSpeedIndex": 1132,
          "timeToContentfulPaint": 2112,
          "timeToDomContentFlushed": 2506,
          "userTimings": {
            "marks": [],
            "measures": []
          }
        }
      },
      {
        "browser": {
          "appConstants": {
            "ACCESSIBILITY": true,
            "ANDROID_PACKAGE_NAME": "org.mozilla.firefox",
            "ASAN": false,
            "ASAN_REPORTER": false,
            "BROWSER_CHROME_URL": "chrome://browser/content/browser.xul",
            "DEBUG": false,
            "DEBUG_JS_MODULES": "",
            "DLL_PREFIX": "lib",
            "DLL_SUFFIX": ".so",
            "EARLY_BETA_OR_EARLIER": false,
            "FENNEC_NIGHTLY": false,
            "HAVE_SHELL_SERVICE": false,
            "HAVE_USR_LIB64_DIR": false,
            "MENUBAR_CAN_AUTOHIDE": false,
            "MOZILLA_OFFICIAL": true,
            "MOZ_ALLOW_LEGACY_EXTENSIONS": false,
            "MOZ_ANDROID_ACTIVITY_STREAM": false,
            "MOZ_ANDROID_HISTORY": true,
            "MOZ_ANDROID_MOZILLA_ONLINE": false,
            "MOZ_APP_NAME": "fennec",
            "MOZ_APP_VERSION": "68.1.1",
            "MOZ_APP_VERSION_DISPLAY": "68.1.1",
            "MOZ_BING_API_CLIENTID": "no-bing-api-clientid",
            "MOZ_BING_API_KEY": "no-bing-api-key",
            "MOZ_BITS_DOWNLOAD": false,
            "MOZ_BUILD_APP": "mobile/android",
            "MOZ_CODE_COVERAGE": false,
            "MOZ_CRASHREPORTER": true,
            "MOZ_DATA_REPORTING": true,
            "MOZ_DEV_EDITION": false,
            "MOZ_GECKO_PROFILER": true,
            "MOZ_GOOGLE_LOCATION_SERVICE_API_KEY": "AIzaSyB2h2OuRcUgy5N-5hsZqiPW6sH3n_rptiQ",
            "MOZ_GOOGLE_SAFEBROWSING_API_KEY": "AIzaSyC7jsptDS3am4tPx4r3nxis7IMjBc5Dovo",
            "MOZ_GRAPHENE": false,
            "MOZ_MACBUNDLE_NAME": "Firefox.app",
            "MOZ_MAINTENANCE_SERVICE": false,
            "MOZ_MOZILLA_API_KEY": "3b4d27dd-703d-4094-8398-4de2c763505a",
            "MOZ_NEW_CERT_STORAGE": false,
            "MOZ_NEW_NOTIFICATION_STORE": false,
            "MOZ_NEW_XULSTORE": false,
            "MOZ_OFFICIAL_BRANDING": false,
            "MOZ_PLACES": false,
            "MOZ_REQUIRE_SIGNING": false,
            "MOZ_SANDBOX": false,
            "MOZ_SERVICES_HEALTHREPORT": true,
            "MOZ_SERVICES_SYNC": false,
            "MOZ_SWITCHBOARD": true,
            "MOZ_SYSTEM_NSS": false,
            "MOZ_TELEMETRY_ON_BY_DEFAULT": false,
            "MOZ_TELEMETRY_REPORTING": true,
            "MOZ_UNSIGNED_SCOPES": 0,
            "MOZ_UPDATER": false,
            "MOZ_UPDATE_CHANNEL": "release",
            "MOZ_WEBRTC": true,
            "MOZ_WIDGET_GTK": false,
            "MOZ_WIDGET_TOOLKIT": "android",
            "NIGHTLY_BUILD": false,
            "OMNIJAR_NAME": "assets/omni.ja",
            "RELEASE_OR_BETA": true,
            "SOURCE_REVISION_URL": "https://hg.mozilla.org/releases/mozilla-esr68/rev/d2e0b9e17b9bc1ef02606c8006b73293f7892ad5",
            "TELEMETRY_PING_FORMAT_VERSION": 4,
            "XP_UNIX": true,
            "isPlatformAndVersionAtLeast": {},
            "isPlatformAndVersionAtMost": {},
            "platform": "android"
          },
          "asyncAppConstants": {
            "ACCESSIBILITY": true,
            "ANDROID_PACKAGE_NAME": "org.mozilla.firefox",
            "ASAN": false,
            "ASAN_REPORTER": false,
            "BROWSER_CHROME_URL": "chrome://browser/content/browser.xul",
            "DEBUG": false,
            "DEBUG_JS_MODULES": "",
            "DLL_PREFIX": "lib",
            "DLL_SUFFIX": ".so",
            "EARLY_BETA_OR_EARLIER": false,
            "FENNEC_NIGHTLY": false,
            "HAVE_SHELL_SERVICE": false,
            "HAVE_USR_LIB64_DIR": false,
            "MENUBAR_CAN_AUTOHIDE": false,
            "MOZILLA_OFFICIAL": true,
            "MOZ_ALLOW_LEGACY_EXTENSIONS": false,
            "MOZ_ANDROID_ACTIVITY_STREAM": false,
            "MOZ_ANDROID_HISTORY": true,
            "MOZ_ANDROID_MOZILLA_ONLINE": false,
            "MOZ_APP_NAME": "fennec",
            "MOZ_APP_VERSION": "68.1.1",
            "MOZ_APP_VERSION_DISPLAY": "68.1.1",
            "MOZ_BING_API_CLIENTID": "no-bing-api-clientid",
            "MOZ_BING_API_KEY": "no-bing-api-key",
            "MOZ_BITS_DOWNLOAD": false,
            "MOZ_BUILD_APP": "mobile/android",
            "MOZ_CODE_COVERAGE": false,
            "MOZ_CRASHREPORTER": true,
            "MOZ_DATA_REPORTING": true,
            "MOZ_DEV_EDITION": false,
            "MOZ_GECKO_PROFILER": true,
            "MOZ_GOOGLE_LOCATION_SERVICE_API_KEY": "AIzaSyB2h2OuRcUgy5N-5hsZqiPW6sH3n_rptiQ",
            "MOZ_GOOGLE_SAFEBROWSING_API_KEY": "AIzaSyC7jsptDS3am4tPx4r3nxis7IMjBc5Dovo",
            "MOZ_GRAPHENE": false,
            "MOZ_MACBUNDLE_NAME": "Firefox.app",
            "MOZ_MAINTENANCE_SERVICE": false,
            "MOZ_MOZILLA_API_KEY": "3b4d27dd-703d-4094-8398-4de2c763505a",
            "MOZ_NEW_CERT_STORAGE": false,
            "MOZ_NEW_NOTIFICATION_STORE": false,
            "MOZ_NEW_XULSTORE": false,
            "MOZ_OFFICIAL_BRANDING": false,
            "MOZ_PLACES": false,
            "MOZ_REQUIRE_SIGNING": false,
            "MOZ_SANDBOX": false,
            "MOZ_SERVICES_HEALTHREPORT": true,
            "MOZ_SERVICES_SYNC": false,
            "MOZ_SWITCHBOARD": true,
            "MOZ_SYSTEM_NSS": false,
            "MOZ_TELEMETRY_ON_BY_DEFAULT": false,
            "MOZ_TELEMETRY_REPORTING": true,
            "MOZ_UNSIGNED_SCOPES": 0,
            "MOZ_UPDATER": false,
            "MOZ_UPDATE_CHANNEL": "release",
            "MOZ_WEBRTC": true,
            "MOZ_WIDGET_GTK": false,
            "MOZ_WIDGET_TOOLKIT": "android",
            "NIGHTLY_BUILD": false,
            "OMNIJAR_NAME": "assets/omni.ja",
            "RELEASE_OR_BETA": true,
            "SOURCE_REVISION_URL": "https://hg.mozilla.org/releases/mozilla-esr68/rev/d2e0b9e17b9bc1ef02606c8006b73293f7892ad5",
            "TELEMETRY_PING_FORMAT_VERSION": 4,
            "XP_UNIX": true,
            "isPlatformAndVersionAtLeast": {},
            "isPlatformAndVersionAtMost": {},
            "platform": "android"
          },
          "userAgent": "Mozilla/5.0 (Android 9; Mobile; rv:68.0) Gecko/68.0 Firefox/68.0",
          "windowSize": "360x612"
        },
        "pageinfo": {
          "documentHeight": 3069,
          "documentSize": {
            "decodedBodySize": 250646,
            "encodedBodySize": 81305,
            "transferSize": 82618
          },
          "documentTitle": "Amazon.com: Online Shopping for Electronics, Apparel, Computers, Books, DVDs & more",
          "documentWidth": 360,
          "domElements": 609,
          "navigationStartTime": 1617100294387,
          "nextHopProtocol": "h2",
          "resources": {
            "count": 0,
            "duration": 0
          },
          "responsive": true,
          "url": "https://www.amazon.com/",
          "visualElements": {
            "heroes": [
              {
                "filename": "518xqgZYh2L._SR1242,450_.jpg",
                "height": 150,
                "name": "LargestImage",
                "width": 414,
                "x": -27,
                "y": 315
              }
            ],
            "viewport": {
              "height": 612,
              "width": 360
            }
          }
        },
        "timings": {
          "firstPaint": 2333,
          "loadEventEnd": 2964,
          "navigationTiming": {
            "connectStart": 1085,
            "domComplete": 2923,
            "domContentLoadedEventEnd": 2422,
            "domContentLoadedEventStart": 2413,
            "domInteractive": 2309,
            "domainLookupEnd": 1084,
            "domainLookupStart": 1084,
            "duration": 2964,
            "fetchStart": 1038,
            "loadEventEnd": 2964,
            "loadEventStart": 2923,
            "redirectEnd": 1030,
            "redirectStart": 3,
            "requestStart": 1171,
            "responseEnd": 1450,
            "responseStart": 1450,
            "secureConnectionStart": 1098,
            "startTime": 0,
            "unloadEventEnd": 0,
            "unloadEventStart": 0,
            "workerStart": 0
          },
          "pageTimings": {
            "backEndTime": 1450,
            "domContentLoadedTime": 2413,
            "domInteractiveTime": 2309,
            "domainLookupTime": 0,
            "frontEndTime": 1473,
            "pageDownloadTime": 0,
            "pageLoadTime": 2923,
            "redirectionTime": 1027,
            "serverConnectionTime": 85,
            "serverResponseTime": 279
          },
          "rumSpeedIndex": 1449,
          "timeToContentfulPaint": 2544,
          "timeToDomContentFlushed": 2313,
          "userTimings": {
            "marks": [],
            "measures": []
          }
        }
      }
    ],
    "visualMetrics": [],
    "cpu": [],
    "extras": [
      {},
      {},
      {}
    ],
    "fullyLoaded": [],
    "errors": [
      [],
      [],
      []
    ],
    "statistics": {
      "browser": {
        "appConstants": {
          "MOZ_UNSIGNED_SCOPES": {
            "median": 0,
            "mean": 0,
            "mdev": 0,
            "stddev": 0,
            "min": 0,
            "p10": 0,
            "p90": 0,
            "p99": 0,
            "max": 0
          },
          "TELEMETRY_PING_FORMAT_VERSION": {
            "median": 4,
            "mean": 4,
            "mdev": 0,
            "stddev": 0,
            "min": 4,
            "p10": 4,
            "p90": 4,
            "p99": 4,
            "max": 4
          }
        },
        "asyncAppConstants": {
          "MOZ_UNSIGNED_SCOPES": {
            "median": 0,
            "mean": 0,
            "mdev": 0,
            "stddev": 0,
            "min": 0,
            "p10": 0,
            "p90": 0,
            "p99": 0,
            "max": 0
          },
          "TELEMETRY_PING_FORMAT_VERSION": {
            "median": 4,
            "mean": 4,
            "mdev": 0,
            "stddev": 0,
            "min": 4,
            "p10": 4,
            "p90": 4,
            "p99": 4,
            "max": 4
          }
        }
      },
      "pageinfo": {
        "documentHeight": {
          "median": 3069,
          "mean": 3206,
          "mdev": 112.1322,
          "stddev": 194,
          "min": 3069,
          "p10": 3069,
          "p90": 3481,
          "p99": 3481,
          "max": 3481
        },
        "documentSize": {
          "decodedBodySize": {
            "median": 250646,
            "mean": 250820,
            "mdev": 883.69,
            "stddev": 1531,
            "min": 249039,
            "p10": 249039,
            "p90": 252776,
            "p99": 252776,
            "max": 252776
          },
          "encodedBodySize": {
            "median": 81305,
            "mean": 81602,
            "mdev": 461.7191,
            "stddev": 800,
            "min": 80806,
            "p10": 80806,
            "p90": 82696,
            "p99": 82696,
            "max": 82696
          },
          "transferSize": {
            "median": 82618,
            "mean": 82915,
            "mdev": 461.7191,
            "stddev": 800,
            "min": 82119,
            "p10": 82119,
            "p90": 84009,
            "p99": 84009,
            "max": 84009
          }
        },
        "documentWidth": {
          "median": 360,
          "mean": 360,
          "mdev": 0,
          "stddev": 0,
          "min": 360,
          "p10": 360,
          "p90": 360,
          "p99": 360,
          "max": 360
        },
        "domElements": {
          "median": 584,
          "mean": 587,
          "mdev": 9.5258,
          "stddev": 16,
          "min": 569,
          "p10": 569,
          "p90": 609,
          "p99": 609,
          "max": 609
        },
        "navigationStartTime": {
          "median": 1617100277350,
          "mean": 1617100277439,
          "mdev": 12612.4091,
          "stddev": 21845,
          "min": 1617100260581,
          "p10": 1617100260581,
          "p90": 1617100294387,
          "p99": 1617100294387,
          "max": 1617100294387
        },
        "resources": {
          "count": {
            "median": 0,
            "mean": 0,
            "mdev": 0,
            "stddev": 0,
            "min": 0,
            "p10": 0,
            "p90": 0,
            "p99": 0,
            "max": 0
          },
          "duration": {
            "median": 0,
            "mean": 0,
            "mdev": 0,
            "stddev": 0,
            "min": 0,
            "p10": 0,
            "p90": 0,
            "p99": 0,
            "max": 0
          }
        },
        "visualElements": {
          "heroes": [
            {
              "height": {
                "median": 150,
                "mean": 150,
                "mdev": 0,
                "stddev": 0,
                "min": 150,
                "p10": 150,
                "p90": 150,
                "p99": 150,
                "max": 150
              },
              "width": {
                "median": 414,
                "mean": 414,
                "mdev": 0,
                "stddev": 0,
                "min": 414,
                "p10": 414,
                "p90": 414,
                "p99": 414,
                "max": 414
              },
              "x": {
                "median": -27,
                "mean": -27,
                "mdev": 0,
                "stddev": 0,
                "min": -27,
                "p10": -27,
                "p90": -27,
                "p99": -27,
                "max": -27
              },
              "y": {
                "median": 315,
                "mean": 313,
                "mdev": 1.3608,
                "stddev": 2,
                "min": 310,
                "p10": 310,
                "p90": 315,
                "p99": 315,
                "max": 315
              }
            }
          ],
          "viewport": {
            "height": {
              "median": 612,
              "mean": 612,
              "mdev": 0,
              "stddev": 0,
              "min": 612,
              "p10": 612,
              "p90": 612,
              "p99": 612,
              "max": 612
            },
            "width": {
              "median": 360,
              "mean": 360,
              "mdev": 0,
              "stddev": 0,
              "min": 360,
              "p10": 360,
              "p90": 360,
              "p99": 360,
              "max": 360
            }
          }
        }
      },
      "timings": {
        "firstPaint": {
          "median": 2015,
          "mean": 2095,
          "mdev": 98.8871,
          "stddev": 171,
          "min": 1937,
          "p10": 1937,
          "p90": 2333,
          "p99": 2333,
          "max": 2333
        },
        "loadEventEnd": {
          "median": 3632,
          "mean": 3673,
          "mdev": 344.2967,
          "stddev": 596,
          "min": 2964,
          "p10": 2964,
          "p90": 4423,
          "p99": 4423,
          "max": 4423
        },
        "navigationTiming": {
          "connectStart": {
            "median": 796,
            "mean": 887,
            "mdev": 80.7745,
            "stddev": 140,
            "min": 781,
            "p10": 781,
            "p90": 1085,
            "p99": 1085,
            "max": 1085
          },
          "domComplete": {
            "median": 3601,
            "mean": 3632,
            "mdev": 341.767,
            "stddev": 592,
            "min": 2923,
            "p10": 2923,
            "p90": 4372,
            "p99": 4372,
            "max": 4372
          },
          "domContentLoadedEventEnd": {
            "median": 2422,
            "mean": 2370,
            "mdev": 75.1842,
            "stddev": 130,
            "min": 2191,
            "p10": 2191,
            "p90": 2497,
            "p99": 2497,
            "max": 2497
          },
          "domContentLoadedEventStart": {
            "median": 2413,
            "mean": 2361,
            "mdev": 74.2803,
            "stddev": 129,
            "min": 2184,
            "p10": 2184,
            "p90": 2486,
            "p99": 2486,
            "max": 2486
          },
          "domInteractive": {
            "median": 2309,
            "mean": 2324,
            "mdev": 72.8657,
            "stddev": 126,
            "min": 2178,
            "p10": 2178,
            "p90": 2486,
            "p99": 2486,
            "max": 2486
          },
          "domainLookupEnd": {
            "median": 795,
            "mean": 886,
            "mdev": 80.7745,
            "stddev": 140,
            "min": 780,
            "p10": 780,
            "p90": 1084,
            "p99": 1084,
            "max": 1084
          },
          "domainLookupStart": {
            "median": 795,
            "mean": 886,
            "mdev": 80.7745,
            "stddev": 140,
            "min": 780,
            "p10": 780,
            "p90": 1084,
            "p99": 1084,
            "max": 1084
          },
          "duration": {
            "median": 3632,
            "mean": 3673,
            "mdev": 344.2967,
            "stddev": 596,
            "min": 2964,
            "p10": 2964,
            "p90": 4423,
            "p99": 4423,
            "max": 4423
          },
          "fetchStart": {
            "median": 750,
            "mean": 839,
            "mdev": 81.3921,
            "stddev": 141,
            "min": 729,
            "p10": 729,
            "p90": 1038,
            "p99": 1038,
            "max": 1038
          },
          "loadEventEnd": {
            "median": 3632,
            "mean": 3673,
            "mdev": 344.2967,
            "stddev": 596,
            "min": 2964,
            "p10": 2964,
            "p90": 4423,
            "p99": 4423,
            "max": 4423
          },
          "loadEventStart": {
            "median": 3601,
            "mean": 3632,
            "mdev": 341.767,
            "stddev": 592,
            "min": 2923,
            "p10": 2923,
            "p90": 4372,
            "p99": 4372,
            "max": 4372
          },
          "redirectEnd": {
            "median": 747,
            "mean": 833,
            "mdev": 80.4879,
            "stddev": 139,
            "min": 723,
            "p10": 723,
            "p90": 1030,
            "p99": 1030,
            "max": 1030
          },
          "redirectStart": {
            "median": 3,
            "mean": 3,
            "mdev": 0.2722,
            "stddev": 0,
            "min": 2,
            "p10": 2,
            "p90": 3,
            "p99": 3,
            "max": 3
          },
          "requestStart": {
            "median": 874,
            "mean": 970,
            "mdev": 82.2278,
            "stddev": 142,
            "min": 864,
            "p10": 864,
            "p90": 1171,
            "p99": 1171,
            "max": 1171
          },
          "responseEnd": {
            "median": 1156,
            "mean": 1246,
            "mdev": 83.4745,
            "stddev": 145,
            "min": 1132,
            "p10": 1132,
            "p90": 1450,
            "p99": 1450,
            "max": 1450
          },
          "responseStart": {
            "median": 1156,
            "mean": 1246,
            "mdev": 83.4745,
            "stddev": 145,
            "min": 1132,
            "p10": 1132,
            "p90": 1450,
            "p99": 1450,
            "max": 1450
          },
          "secureConnectionStart": {
            "median": 808,
            "mean": 900,
            "mdev": 81.0464,
            "stddev": 140,
            "min": 793,
            "p10": 793,
            "p90": 1098,
            "p99": 1098,
            "max": 1098
          },
          "startTime": {
            "median": 0,
            "mean": 0,
            "mdev": 0,
            "stddev": 0,
            "min": 0,
            "p10": 0,
            "p90": 0,
            "p99": 0,
            "max": 0
          },
          "unloadEventEnd": {
            "median": 0,
            "mean": 0,
            "mdev": 0,
            "stddev": 0,
            "min": 0,
            "p10": 0,
            "p90": 0,
            "p99": 0,
            "max": 0
          },
          "unloadEventStart": {
            "median": 0,
            "mean": 0,
            "mdev": 0,
            "stddev": 0,
            "min": 0,
            "p10": 0,
            "p90": 0,
            "p99": 0,
            "max": 0
          },
          "workerStart": {
            "median": 0,
            "mean": 0,
            "mdev": 0,
            "stddev": 0,
            "min": 0,
            "p10": 0,
            "p90": 0,
            "p99": 0,
            "max": 0
          }
        },
        "pageTimings": {
          "backEndTime": {
            "median": 1156,
            "mean": 1246,
            "mdev": 83.4745,
            "stddev": 145,
            "min": 1132,
            "p10": 1132,
            "p90": 1450,
            "p99": 1450,
            "max": 1450
          },
          "domContentLoadedTime": {
            "median": 2413,
            "mean": 2361,
            "mdev": 74.2803,
            "stddev": 129,
            "min": 2184,
            "p10": 2184,
            "p90": 2486,
            "p99": 2486,
            "max": 2486
          },
          "domInteractiveTime": {
            "median": 2309,
            "mean": 2324,
            "mdev": 72.8657,
            "stddev": 126,
            "min": 2178,
            "p10": 2178,
            "p90": 2486,
            "p99": 2486,
            "max": 2486
          },
          "domainLookupTime": {
            "median": 0,
            "mean": 0,
            "mdev": 0,
            "stddev": 0,
            "min": 0,
            "p10": 0,
            "p90": 0,
            "p99": 0,
            "max": 0
          },
          "frontEndTime": {
            "median": 2469,
            "mean": 2386,
            "mdev": 412.224,
            "stddev": 714,
            "min": 1473,
            "p10": 1473,
            "p90": 3216,
            "p99": 3216,
            "max": 3216
          },
          "pageDownloadTime": {
            "median": 0,
            "mean": 0,
            "mdev": 0,
            "stddev": 0,
            "min": 0,
            "p10": 0,
            "p90": 0,
            "p99": 0,
            "max": 0
          },
          "pageLoadTime": {
            "median": 3601,
            "mean": 3632,
            "mdev": 341.767,
            "stddev": 592,
            "min": 2923,
            "p10": 2923,
            "p90": 4372,
            "p99": 4372,
            "max": 4372
          },
          "redirectionTime": {
            "median": 744,
            "mean": 830,
            "mdev": 80.4879,
            "stddev": 139,
            "min": 720,
            "p10": 720,
            "p90": 1027,
            "p99": 1027,
            "max": 1027
          },
          "serverConnectionTime": {
            "median": 82,
            "mean": 81,
            "mdev": 2.1602,
            "stddev": 4,
            "min": 76,
            "p10": 76,
            "p90": 85,
            "p99": 85,
            "max": 85
          },
          "serverResponseTime": {
            "median": 279,
            "mean": 276,
            "mdev": 3.4748,
            "stddev": 6,
            "min": 268,
            "p10": 268,
            "p90": 282,
            "p99": 282,
            "max": 282
          }
        },
        "rumSpeedIndex": {
          "median": 1156,
          "mean": 1246,
          "mdev": 83.203,
          "stddev": 144,
          "min": 1132,
          "p10": 1132,
          "p90": 1449,
          "p99": 1449,
          "max": 1449
        },
        "timeToContentfulPaint": {
          "median": 2228,
          "mean": 2295,
          "mdev": 105.398,
          "stddev": 183,
          "min": 2112,
          "p10": 2112,
          "p90": 2544,
          "p99": 2544,
          "max": 2544
        },
        "timeToDomContentFlushed": {
          "median": 2313,
          "mean": 2359,
          "mdev": 61.3967,
          "stddev": 106,
          "min": 2258,
          "p10": 2258,
          "p90": 2506,
          "p99": 2506,
          "max": 2506
        }
      }
    }
  }
]