[
  {
    "info": {
      "browsertime": {
        "version": "8.4.0"
      },
      "url": "http://xinhuanet.com/",
      "timestamp": "2021-03-30T17:28:32+04:00",
      "connectivity": {
        "engine": "external",
        "profile": "native"
      },
      "extra": {}
    },
    "files": {
      "video": [],
      "screenshot": [],
      "timeline": [],
      "consoleLog": [],
      "netLog": [],
      "perfLog": []
    },
    "cdp": {
      "performance": []
    },
    "timestamps": [
      "2021-03-30T17:28:11+04:00",
      "2021-03-30T17:28:38+04:00",
      "2021-03-30T17:29:00+04:00"
    ],
    "browserScripts": [
      {
        "browser": {
          "appConstants": {
            "ACCESSIBILITY": true,
            "ANDROID_PACKAGE_NAME": "org.mozilla.firefox",
            "ASAN": false,
            "ASAN_REPORTER": false,
            "BROWSER_CHROME_URL": "chrome://browser/content/browser.xul",
            "DEBUG": false,
            "DEBUG_JS_MODULES": "",
            "DLL_PREFIX": "lib",
            "DLL_SUFFIX": ".so",
            "EARLY_BETA_OR_EARLIER": false,
            "FENNEC_NIGHTLY": false,
            "HAVE_SHELL_SERVICE": false,
            "HAVE_USR_LIB64_DIR": false,
            "MENUBAR_CAN_AUTOHIDE": false,
            "MOZILLA_OFFICIAL": true,
            "MOZ_ALLOW_LEGACY_EXTENSIONS": false,
            "MOZ_ANDROID_ACTIVITY_STREAM": false,
            "MOZ_ANDROID_HISTORY": true,
            "MOZ_ANDROID_MOZILLA_ONLINE": false,
            "MOZ_APP_NAME": "fennec",
            "MOZ_APP_VERSION": "68.1.1",
            "MOZ_APP_VERSION_DISPLAY": "68.1.1",
            "MOZ_BING_API_CLIENTID": "no-bing-api-clientid",
            "MOZ_BING_API_KEY": "no-bing-api-key",
            "MOZ_BITS_DOWNLOAD": false,
            "MOZ_BUILD_APP": "mobile/android",
            "MOZ_CODE_COVERAGE": false,
            "MOZ_CRASHREPORTER": true,
            "MOZ_DATA_REPORTING": true,
            "MOZ_DEV_EDITION": false,
            "MOZ_GECKO_PROFILER": true,
            "MOZ_GOOGLE_LOCATION_SERVICE_API_KEY": "AIzaSyB2h2OuRcUgy5N-5hsZqiPW6sH3n_rptiQ",
            "MOZ_GOOGLE_SAFEBROWSING_API_KEY": "AIzaSyC7jsptDS3am4tPx4r3nxis7IMjBc5Dovo",
            "MOZ_GRAPHENE": false,
            "MOZ_MACBUNDLE_NAME": "Firefox.app",
            "MOZ_MAINTENANCE_SERVICE": false,
            "MOZ_MOZILLA_API_KEY": "3b4d27dd-703d-4094-8398-4de2c763505a",
            "MOZ_NEW_CERT_STORAGE": false,
            "MOZ_NEW_NOTIFICATION_STORE": false,
            "MOZ_NEW_XULSTORE": false,
            "MOZ_OFFICIAL_BRANDING": false,
            "MOZ_PLACES": false,
            "MOZ_REQUIRE_SIGNING": false,
            "MOZ_SANDBOX": false,
            "MOZ_SERVICES_HEALTHREPORT": true,
            "MOZ_SERVICES_SYNC": false,
            "MOZ_SWITCHBOARD": true,
            "MOZ_SYSTEM_NSS": false,
            "MOZ_TELEMETRY_ON_BY_DEFAULT": false,
            "MOZ_TELEMETRY_REPORTING": true,
            "MOZ_UNSIGNED_SCOPES": 0,
            "MOZ_UPDATER": false,
            "MOZ_UPDATE_CHANNEL": "release",
            "MOZ_WEBRTC": true,
            "MOZ_WIDGET_GTK": false,
            "MOZ_WIDGET_TOOLKIT": "android",
            "NIGHTLY_BUILD": false,
            "OMNIJAR_NAME": "assets/omni.ja",
            "RELEASE_OR_BETA": true,
            "SOURCE_REVISION_URL": "https://hg.mozilla.org/releases/mozilla-esr68/rev/d2e0b9e17b9bc1ef02606c8006b73293f7892ad5",
            "TELEMETRY_PING_FORMAT_VERSION": 4,
            "XP_UNIX": true,
            "isPlatformAndVersionAtLeast": {},
            "isPlatformAndVersionAtMost": {},
            "platform": "android"
          },
          "asyncAppConstants": {
            "ACCESSIBILITY": true,
            "ANDROID_PACKAGE_NAME": "org.mozilla.firefox",
            "ASAN": false,
            "ASAN_REPORTER": false,
            "BROWSER_CHROME_URL": "chrome://browser/content/browser.xul",
            "DEBUG": false,
            "DEBUG_JS_MODULES": "",
            "DLL_PREFIX": "lib",
            "DLL_SUFFIX": ".so",
            "EARLY_BETA_OR_EARLIER": false,
            "FENNEC_NIGHTLY": false,
            "HAVE_SHELL_SERVICE": false,
            "HAVE_USR_LIB64_DIR": false,
            "MENUBAR_CAN_AUTOHIDE": false,
            "MOZILLA_OFFICIAL": true,
            "MOZ_ALLOW_LEGACY_EXTENSIONS": false,
            "MOZ_ANDROID_ACTIVITY_STREAM": false,
            "MOZ_ANDROID_HISTORY": true,
            "MOZ_ANDROID_MOZILLA_ONLINE": false,
            "MOZ_APP_NAME": "fennec",
            "MOZ_APP_VERSION": "68.1.1",
            "MOZ_APP_VERSION_DISPLAY": "68.1.1",
            "MOZ_BING_API_CLIENTID": "no-bing-api-clientid",
            "MOZ_BING_API_KEY": "no-bing-api-key",
            "MOZ_BITS_DOWNLOAD": false,
            "MOZ_BUILD_APP": "mobile/android",
            "MOZ_CODE_COVERAGE": false,
            "MOZ_CRASHREPORTER": true,
            "MOZ_DATA_REPORTING": true,
            "MOZ_DEV_EDITION": false,
            "MOZ_GECKO_PROFILER": true,
            "MOZ_GOOGLE_LOCATION_SERVICE_API_KEY": "AIzaSyB2h2OuRcUgy5N-5hsZqiPW6sH3n_rptiQ",
            "MOZ_GOOGLE_SAFEBROWSING_API_KEY": "AIzaSyC7jsptDS3am4tPx4r3nxis7IMjBc5Dovo",
            "MOZ_GRAPHENE": false,
            "MOZ_MACBUNDLE_NAME": "Firefox.app",
            "MOZ_MAINTENANCE_SERVICE": false,
            "MOZ_MOZILLA_API_KEY": "3b4d27dd-703d-4094-8398-4de2c763505a",
            "MOZ_NEW_CERT_STORAGE": false,
            "MOZ_NEW_NOTIFICATION_STORE": false,
            "MOZ_NEW_XULSTORE": false,
            "MOZ_OFFICIAL_BRANDING": false,
            "MOZ_PLACES": false,
            "MOZ_REQUIRE_SIGNING": false,
            "MOZ_SANDBOX": false,
            "MOZ_SERVICES_HEALTHREPORT": true,
            "MOZ_SERVICES_SYNC": false,
            "MOZ_SWITCHBOARD": true,
            "MOZ_SYSTEM_NSS": false,
            "MOZ_TELEMETRY_ON_BY_DEFAULT": false,
            "MOZ_TELEMETRY_REPORTING": true,
            "MOZ_UNSIGNED_SCOPES": 0,
            "MOZ_UPDATER": false,
            "MOZ_UPDATE_CHANNEL": "release",
            "MOZ_WEBRTC": true,
            "MOZ_WIDGET_GTK": false,
            "MOZ_WIDGET_TOOLKIT": "android",
            "NIGHTLY_BUILD": false,
            "OMNIJAR_NAME": "assets/omni.ja",
            "RELEASE_OR_BETA": true,
            "SOURCE_REVISION_URL": "https://hg.mozilla.org/releases/mozilla-esr68/rev/d2e0b9e17b9bc1ef02606c8006b73293f7892ad5",
            "TELEMETRY_PING_FORMAT_VERSION": 4,
            "XP_UNIX": true,
            "isPlatformAndVersionAtLeast": {},
            "isPlatformAndVersionAtMost": {},
            "platform": "android"
          },
          "userAgent": "Mozilla/5.0 (Android 9; Mobile; rv:68.0) Gecko/68.0 Firefox/68.0",
          "windowSize": "360x612"
        },
        "pageinfo": {
          "documentHeight": 5057,
          "documentSize": {
            "decodedBodySize": 26570,
            "encodedBodySize": 5995,
            "transferSize": 6555
          },
          "documentTitle": "新华网_让新闻离你更近",
          "documentWidth": 360,
          "domElements": 816,
          "navigationStartTime": 1617110894936,
          "nextHopProtocol": "http/1.1",
          "resources": {
            "count": 0,
            "duration": 0
          },
          "responsive": true,
          "url": "http://m.xinhuanet.com/",
          "visualElements": {
            "heroes": [
              {
                "filename": "1127274607_1617102454640_title0h.JPG",
                "height": 188,
                "name": "LargestImage",
                "width": 334,
                "x": 13,
                "y": 236
              },
              {
                "filename": null,
                "height": 51,
                "name": "Heading",
                "width": 296,
                "x": 52,
                "y": 149
              }
            ],
            "viewport": {
              "height": 612,
              "width": 360
            }
          }
        },
        "timings": {
          "firstPaint": 1096,
          "loadEventEnd": 10740,
          "navigationTiming": {
            "connectStart": 373,
            "domComplete": 10737,
            "domContentLoadedEventEnd": 2742,
            "domContentLoadedEventStart": 2734,
            "domInteractive": 2677,
            "domainLookupEnd": 373,
            "domainLookupStart": 373,
            "duration": 10740,
            "fetchStart": -1,
            "loadEventEnd": 10740,
            "loadEventStart": 10737,
            "redirectEnd": 0,
            "redirectStart": 0,
            "requestStart": 393,
            "responseEnd": 663,
            "responseStart": 662,
            "secureConnectionStart": 0,
            "startTime": 0,
            "unloadEventEnd": 0,
            "unloadEventStart": 0,
            "workerStart": 0
          },
          "pageTimings": {
            "backEndTime": 662,
            "domContentLoadedTime": 2734,
            "domInteractiveTime": 2677,
            "domainLookupTime": 1,
            "frontEndTime": 10074,
            "pageDownloadTime": 2,
            "pageLoadTime": 10737,
            "redirectionTime": 0,
            "serverConnectionTime": 18,
            "serverResponseTime": 271
          },
          "rumSpeedIndex": 661,
          "timeToContentfulPaint": 2061,
          "timeToDomContentFlushed": 2681,
          "userTimings": {
            "marks": [],
            "measures": []
          }
        }
      },
      {
        "browser": {
          "appConstants": {
            "ACCESSIBILITY": true,
            "ANDROID_PACKAGE_NAME": "org.mozilla.firefox",
            "ASAN": false,
            "ASAN_REPORTER": false,
            "BROWSER_CHROME_URL": "chrome://browser/content/browser.xul",
            "DEBUG": false,
            "DEBUG_JS_MODULES": "",
            "DLL_PREFIX": "lib",
            "DLL_SUFFIX": ".so",
            "EARLY_BETA_OR_EARLIER": false,
            "FENNEC_NIGHTLY": false,
            "HAVE_SHELL_SERVICE": false,
            "HAVE_USR_LIB64_DIR": false,
            "MENUBAR_CAN_AUTOHIDE": false,
            "MOZILLA_OFFICIAL": true,
            "MOZ_ALLOW_LEGACY_EXTENSIONS": false,
            "MOZ_ANDROID_ACTIVITY_STREAM": false,
            "MOZ_ANDROID_HISTORY": true,
            "MOZ_ANDROID_MOZILLA_ONLINE": false,
            "MOZ_APP_NAME": "fennec",
            "MOZ_APP_VERSION": "68.1.1",
            "MOZ_APP_VERSION_DISPLAY": "68.1.1",
            "MOZ_BING_API_CLIENTID": "no-bing-api-clientid",
            "MOZ_BING_API_KEY": "no-bing-api-key",
            "MOZ_BITS_DOWNLOAD": false,
            "MOZ_BUILD_APP": "mobile/android",
            "MOZ_CODE_COVERAGE": false,
            "MOZ_CRASHREPORTER": true,
            "MOZ_DATA_REPORTING": true,
            "MOZ_DEV_EDITION": false,
            "MOZ_GECKO_PROFILER": true,
            "MOZ_GOOGLE_LOCATION_SERVICE_API_KEY": "AIzaSyB2h2OuRcUgy5N-5hsZqiPW6sH3n_rptiQ",
            "MOZ_GOOGLE_SAFEBROWSING_API_KEY": "AIzaSyC7jsptDS3am4tPx4r3nxis7IMjBc5Dovo",
            "MOZ_GRAPHENE": false,
            "MOZ_MACBUNDLE_NAME": "Firefox.app",
            "MOZ_MAINTENANCE_SERVICE": false,
            "MOZ_MOZILLA_API_KEY": "3b4d27dd-703d-4094-8398-4de2c763505a",
            "MOZ_NEW_CERT_STORAGE": false,
            "MOZ_NEW_NOTIFICATION_STORE": false,
            "MOZ_NEW_XULSTORE": false,
            "MOZ_OFFICIAL_BRANDING": false,
            "MOZ_PLACES": false,
            "MOZ_REQUIRE_SIGNING": false,
            "MOZ_SANDBOX": false,
            "MOZ_SERVICES_HEALTHREPORT": true,
            "MOZ_SERVICES_SYNC": false,
            "MOZ_SWITCHBOARD": true,
            "MOZ_SYSTEM_NSS": false,
            "MOZ_TELEMETRY_ON_BY_DEFAULT": false,
            "MOZ_TELEMETRY_REPORTING": true,
            "MOZ_UNSIGNED_SCOPES": 0,
            "MOZ_UPDATER": false,
            "MOZ_UPDATE_CHANNEL": "release",
            "MOZ_WEBRTC": true,
            "MOZ_WIDGET_GTK": false,
            "MOZ_WIDGET_TOOLKIT": "android",
            "NIGHTLY_BUILD": false,
            "OMNIJAR_NAME": "assets/omni.ja",
            "RELEASE_OR_BETA": true,
            "SOURCE_REVISION_URL": "https://hg.mozilla.org/releases/mozilla-esr68/rev/d2e0b9e17b9bc1ef02606c8006b73293f7892ad5",
            "TELEMETRY_PING_FORMAT_VERSION": 4,
            "XP_UNIX": true,
            "isPlatformAndVersionAtLeast": {},
            "isPlatformAndVersionAtMost": {},
            "platform": "android"
          },
          "asyncAppConstants": {
            "ACCESSIBILITY": true,
            "ANDROID_PACKAGE_NAME": "org.mozilla.firefox",
            "ASAN": false,
            "ASAN_REPORTER": false,
            "BROWSER_CHROME_URL": "chrome://browser/content/browser.xul",
            "DEBUG": false,
            "DEBUG_JS_MODULES": "",
            "DLL_PREFIX": "lib",
            "DLL_SUFFIX": ".so",
            "EARLY_BETA_OR_EARLIER": false,
            "FENNEC_NIGHTLY": false,
            "HAVE_SHELL_SERVICE": false,
            "HAVE_USR_LIB64_DIR": false,
            "MENUBAR_CAN_AUTOHIDE": false,
            "MOZILLA_OFFICIAL": true,
            "MOZ_ALLOW_LEGACY_EXTENSIONS": false,
            "MOZ_ANDROID_ACTIVITY_STREAM": false,
            "MOZ_ANDROID_HISTORY": true,
            "MOZ_ANDROID_MOZILLA_ONLINE": false,
            "MOZ_APP_NAME": "fennec",
            "MOZ_APP_VERSION": "68.1.1",
            "MOZ_APP_VERSION_DISPLAY": "68.1.1",
            "MOZ_BING_API_CLIENTID": "no-bing-api-clientid",
            "MOZ_BING_API_KEY": "no-bing-api-key",
            "MOZ_BITS_DOWNLOAD": false,
            "MOZ_BUILD_APP": "mobile/android",
            "MOZ_CODE_COVERAGE": false,
            "MOZ_CRASHREPORTER": true,
            "MOZ_DATA_REPORTING": true,
            "MOZ_DEV_EDITION": false,
            "MOZ_GECKO_PROFILER": true,
            "MOZ_GOOGLE_LOCATION_SERVICE_API_KEY": "AIzaSyB2h2OuRcUgy5N-5hsZqiPW6sH3n_rptiQ",
            "MOZ_GOOGLE_SAFEBROWSING_API_KEY": "AIzaSyC7jsptDS3am4tPx4r3nxis7IMjBc5Dovo",
            "MOZ_GRAPHENE": false,
            "MOZ_MACBUNDLE_NAME": "Firefox.app",
            "MOZ_MAINTENANCE_SERVICE": false,
            "MOZ_MOZILLA_API_KEY": "3b4d27dd-703d-4094-8398-4de2c763505a",
            "MOZ_NEW_CERT_STORAGE": false,
            "MOZ_NEW_NOTIFICATION_STORE": false,
            "MOZ_NEW_XULSTORE": false,
            "MOZ_OFFICIAL_BRANDING": false,
            "MOZ_PLACES": false,
            "MOZ_REQUIRE_SIGNING": false,
            "MOZ_SANDBOX": false,
            "MOZ_SERVICES_HEALTHREPORT": true,
            "MOZ_SERVICES_SYNC": false,
            "MOZ_SWITCHBOARD": true,
            "MOZ_SYSTEM_NSS": false,
            "MOZ_TELEMETRY_ON_BY_DEFAULT": false,
            "MOZ_TELEMETRY_REPORTING": true,
            "MOZ_UNSIGNED_SCOPES": 0,
            "MOZ_UPDATER": false,
            "MOZ_UPDATE_CHANNEL": "release",
            "MOZ_WEBRTC": true,
            "MOZ_WIDGET_GTK": false,
            "MOZ_WIDGET_TOOLKIT": "android",
            "NIGHTLY_BUILD": false,
            "OMNIJAR_NAME": "assets/omni.ja",
            "RELEASE_OR_BETA": true,
            "SOURCE_REVISION_URL": "https://hg.mozilla.org/releases/mozilla-esr68/rev/d2e0b9e17b9bc1ef02606c8006b73293f7892ad5",
            "TELEMETRY_PING_FORMAT_VERSION": 4,
            "XP_UNIX": true,
            "isPlatformAndVersionAtLeast": {},
            "isPlatformAndVersionAtMost": {},
            "platform": "android"
          },
          "userAgent": "Mozilla/5.0 (Android 9; Mobile; rv:68.0) Gecko/68.0 Firefox/68.0",
          "windowSize": "360x612"
        },
        "pageinfo": {
          "documentHeight": 5057,
          "documentSize": {
            "decodedBodySize": 26570,
            "encodedBodySize": 5995,
            "transferSize": 6543
          },
          "documentTitle": "新华网_让新闻离你更近",
          "documentWidth": 360,
          "domElements": 815,
          "navigationStartTime": 1617110921319,
          "nextHopProtocol": "http/1.1",
          "resources": {
            "count": 0,
            "duration": 0
          },
          "responsive": true,
          "url": "http://m.xinhuanet.com/",
          "visualElements": {
            "heroes": [
              {
                "filename": "1127273935_1617093279311_title0h.jpg",
                "height": 188,
                "name": "LargestImage",
                "width": 334,
                "x": 13,
                "y": 236
              },
              {
                "filename": null,
                "height": 51,
                "name": "Heading",
                "width": 296,
                "x": 52,
                "y": 149
              }
            ],
            "viewport": {
              "height": 612,
              "width": 360
            }
          }
        },
        "timings": {
          "firstPaint": 1081,
          "loadEventEnd": 6367,
          "navigationTiming": {
            "connectStart": 430,
            "domComplete": 6365,
            "domContentLoadedEventEnd": 2674,
            "domContentLoadedEventStart": 2661,
            "domInteractive": 2651,
            "domainLookupEnd": 429,
            "domainLookupStart": 429,
            "duration": 6367,
            "fetchStart": -1,
            "loadEventEnd": 6367,
            "loadEventStart": 6365,
            "redirectEnd": 0,
            "redirectStart": 0,
            "requestStart": 450,
            "responseEnd": 479,
            "responseStart": 479,
            "secureConnectionStart": 0,
            "startTime": 0,
            "unloadEventEnd": 0,
            "unloadEventStart": 0,
            "workerStart": 0
          },
          "pageTimings": {
            "backEndTime": 479,
            "domContentLoadedTime": 2661,
            "domInteractiveTime": 2651,
            "domainLookupTime": 0,
            "frontEndTime": 5886,
            "pageDownloadTime": 0,
            "pageLoadTime": 6365,
            "redirectionTime": 0,
            "serverConnectionTime": 20,
            "serverResponseTime": 29
          },
          "rumSpeedIndex": 478,
          "timeToContentfulPaint": 1850,
          "timeToDomContentFlushed": 2833,
          "userTimings": {
            "marks": [],
            "measures": []
          }
        }
      },
      {
        "browser": {
          "appConstants": {
            "ACCESSIBILITY": true,
            "ANDROID_PACKAGE_NAME": "org.mozilla.firefox",
            "ASAN": false,
            "ASAN_REPORTER": false,
            "BROWSER_CHROME_URL": "chrome://browser/content/browser.xul",
            "DEBUG": false,
            "DEBUG_JS_MODULES": "",
            "DLL_PREFIX": "lib",
            "DLL_SUFFIX": ".so",
            "EARLY_BETA_OR_EARLIER": false,
            "FENNEC_NIGHTLY": false,
            "HAVE_SHELL_SERVICE": false,
            "HAVE_USR_LIB64_DIR": false,
            "MENUBAR_CAN_AUTOHIDE": false,
            "MOZILLA_OFFICIAL": true,
            "MOZ_ALLOW_LEGACY_EXTENSIONS": false,
            "MOZ_ANDROID_ACTIVITY_STREAM": false,
            "MOZ_ANDROID_HISTORY": true,
            "MOZ_ANDROID_MOZILLA_ONLINE": false,
            "MOZ_APP_NAME": "fennec",
            "MOZ_APP_VERSION": "68.1.1",
            "MOZ_APP_VERSION_DISPLAY": "68.1.1",
            "MOZ_BING_API_CLIENTID": "no-bing-api-clientid",
            "MOZ_BING_API_KEY": "no-bing-api-key",
            "MOZ_BITS_DOWNLOAD": false,
            "MOZ_BUILD_APP": "mobile/android",
            "MOZ_CODE_COVERAGE": false,
            "MOZ_CRASHREPORTER": true,
            "MOZ_DATA_REPORTING": true,
            "MOZ_DEV_EDITION": false,
            "MOZ_GECKO_PROFILER": true,
            "MOZ_GOOGLE_LOCATION_SERVICE_API_KEY": "AIzaSyB2h2OuRcUgy5N-5hsZqiPW6sH3n_rptiQ",
            "MOZ_GOOGLE_SAFEBROWSING_API_KEY": "AIzaSyC7jsptDS3am4tPx4r3nxis7IMjBc5Dovo",
            "MOZ_GRAPHENE": false,
            "MOZ_MACBUNDLE_NAME": "Firefox.app",
            "MOZ_MAINTENANCE_SERVICE": false,
            "MOZ_MOZILLA_API_KEY": "3b4d27dd-703d-4094-8398-4de2c763505a",
            "MOZ_NEW_CERT_STORAGE": false,
            "MOZ_NEW_NOTIFICATION_STORE": false,
            "MOZ_NEW_XULSTORE": false,
            "MOZ_OFFICIAL_BRANDING": false,
            "MOZ_PLACES": false,
            "MOZ_REQUIRE_SIGNING": false,
            "MOZ_SANDBOX": false,
            "MOZ_SERVICES_HEALTHREPORT": true,
            "MOZ_SERVICES_SYNC": false,
            "MOZ_SWITCHBOARD": true,
            "MOZ_SYSTEM_NSS": false,
            "MOZ_TELEMETRY_ON_BY_DEFAULT": false,
            "MOZ_TELEMETRY_REPORTING": true,
            "MOZ_UNSIGNED_SCOPES": 0,
            "MOZ_UPDATER": false,
            "MOZ_UPDATE_CHANNEL": "release",
            "MOZ_WEBRTC": true,
            "MOZ_WIDGET_GTK": false,
            "MOZ_WIDGET_TOOLKIT": "android",
            "NIGHTLY_BUILD": false,
            "OMNIJAR_NAME": "assets/omni.ja",
            "RELEASE_OR_BETA": true,
            "SOURCE_REVISION_URL": "https://hg.mozilla.org/releases/mozilla-esr68/rev/d2e0b9e17b9bc1ef02606c8006b73293f7892ad5",
            "TELEMETRY_PING_FORMAT_VERSION": 4,
            "XP_UNIX": true,
            "isPlatformAndVersionAtLeast": {},
            "isPlatformAndVersionAtMost": {},
            "platform": "android"
          },
          "asyncAppConstants": {
            "ACCESSIBILITY": true,
            "ANDROID_PACKAGE_NAME": "org.mozilla.firefox",
            "ASAN": false,
            "ASAN_REPORTER": false,
            "BROWSER_CHROME_URL": "chrome://browser/content/browser.xul",
            "DEBUG": false,
            "DEBUG_JS_MODULES": "",
            "DLL_PREFIX": "lib",
            "DLL_SUFFIX": ".so",
            "EARLY_BETA_OR_EARLIER": false,
            "FENNEC_NIGHTLY": false,
            "HAVE_SHELL_SERVICE": false,
            "HAVE_USR_LIB64_DIR": false,
            "MENUBAR_CAN_AUTOHIDE": false,
            "MOZILLA_OFFICIAL": true,
            "MOZ_ALLOW_LEGACY_EXTENSIONS": false,
            "MOZ_ANDROID_ACTIVITY_STREAM": false,
            "MOZ_ANDROID_HISTORY": true,
            "MOZ_ANDROID_MOZILLA_ONLINE": false,
            "MOZ_APP_NAME": "fennec",
            "MOZ_APP_VERSION": "68.1.1",
            "MOZ_APP_VERSION_DISPLAY": "68.1.1",
            "MOZ_BING_API_CLIENTID": "no-bing-api-clientid",
            "MOZ_BING_API_KEY": "no-bing-api-key",
            "MOZ_BITS_DOWNLOAD": false,
            "MOZ_BUILD_APP": "mobile/android",
            "MOZ_CODE_COVERAGE": false,
            "MOZ_CRASHREPORTER": true,
            "MOZ_DATA_REPORTING": true,
            "MOZ_DEV_EDITION": false,
            "MOZ_GECKO_PROFILER": true,
            "MOZ_GOOGLE_LOCATION_SERVICE_API_KEY": "AIzaSyB2h2OuRcUgy5N-5hsZqiPW6sH3n_rptiQ",
            "MOZ_GOOGLE_SAFEBROWSING_API_KEY": "AIzaSyC7jsptDS3am4tPx4r3nxis7IMjBc5Dovo",
            "MOZ_GRAPHENE": false,
            "MOZ_MACBUNDLE_NAME": "Firefox.app",
            "MOZ_MAINTENANCE_SERVICE": false,
            "MOZ_MOZILLA_API_KEY": "3b4d27dd-703d-4094-8398-4de2c763505a",
            "MOZ_NEW_CERT_STORAGE": false,
            "MOZ_NEW_NOTIFICATION_STORE": false,
            "MOZ_NEW_XULSTORE": false,
            "MOZ_OFFICIAL_BRANDING": false,
            "MOZ_PLACES": false,
            "MOZ_REQUIRE_SIGNING": false,
            "MOZ_SANDBOX": false,
            "MOZ_SERVICES_HEALTHREPORT": true,
            "MOZ_SERVICES_SYNC": false,
            "MOZ_SWITCHBOARD": true,
            "MOZ_SYSTEM_NSS": false,
            "MOZ_TELEMETRY_ON_BY_DEFAULT": false,
            "MOZ_TELEMETRY_REPORTING": true,
            "MOZ_UNSIGNED_SCOPES": 0,
            "MOZ_UPDATER": false,
            "MOZ_UPDATE_CHANNEL": "release",
            "MOZ_WEBRTC": true,
            "MOZ_WIDGET_GTK": false,
            "MOZ_WIDGET_TOOLKIT": "android",
            "NIGHTLY_BUILD": false,
            "OMNIJAR_NAME": "assets/omni.ja",
            "RELEASE_OR_BETA": true,
            "SOURCE_REVISION_URL": "https://hg.mozilla.org/releases/mozilla-esr68/rev/d2e0b9e17b9bc1ef02606c8006b73293f7892ad5",
            "TELEMETRY_PING_FORMAT_VERSION": 4,
            "XP_UNIX": true,
            "isPlatformAndVersionAtLeast": {},
            "isPlatformAndVersionAtMost": {},
            "platform": "android"
          },
          "userAgent": "Mozilla/5.0 (Android 9; Mobile; rv:68.0) Gecko/68.0 Firefox/68.0",
          "windowSize": "360x612"
        },
        "pageinfo": {
          "documentHeight": 5057,
          "documentSize": {
            "decodedBodySize": 26570,
            "encodedBodySize": 5995,
            "transferSize": 6543
          },
          "documentTitle": "新华网_让新闻离你更近",
          "documentWidth": 360,
          "domElements": 815,
          "navigationStartTime": 1617110943957,
          "nextHopProtocol": "http/1.1",
          "resources": {
            "count": 0,
            "duration": 0
          },
          "responsive": true,
          "url": "http://m.xinhuanet.com/",
          "visualElements": {
            "heroes": [
              {
                "filename": "1127273935_1617093279311_title0h.jpg",
                "height": 188,
                "name": "LargestImage",
                "width": 334,
                "x": 13,
                "y": 236
              },
              {
                "filename": null,
                "height": 51,
                "name": "Heading",
                "width": 296,
                "x": 52,
                "y": 149
              }
            ],
            "viewport": {
              "height": 612,
              "width": 360
            }
          }
        },
        "timings": {
          "firstPaint": 1010,
          "loadEventEnd": 7467,
          "navigationTiming": {
            "connectStart": 388,
            "domComplete": 7466,
            "domContentLoadedEventEnd": 2527,
            "domContentLoadedEventStart": 2519,
            "domInteractive": 2196,
            "domainLookupEnd": 388,
            "domainLookupStart": 387,
            "duration": 7467,
            "fetchStart": -1,
            "loadEventEnd": 7467,
            "loadEventStart": 7466,
            "redirectEnd": 0,
            "redirectStart": 0,
            "requestStart": 408,
            "responseEnd": 432,
            "responseStart": 431,
            "secureConnectionStart": 0,
            "startTime": 0,
            "unloadEventEnd": 0,
            "unloadEventStart": 0,
            "workerStart": 0
          },
          "pageTimings": {
            "backEndTime": 431,
            "domContentLoadedTime": 2519,
            "domInteractiveTime": 2196,
            "domainLookupTime": 1,
            "frontEndTime": 7034,
            "pageDownloadTime": 2,
            "pageLoadTime": 7466,
            "redirectionTime": 0,
            "serverConnectionTime": 19,
            "serverResponseTime": 24
          },
          "rumSpeedIndex": 430,
          "timeToContentfulPaint": 1936,
          "timeToDomContentFlushed": 2239,
          "userTimings": {
            "marks": [],
            "measures": []
          }
        }
      }
    ],
    "visualMetrics": [],
    "cpu": [],
    "extras": [
      {},
      {},
      {}
    ],
    "fullyLoaded": [],
    "errors": [
      [],
      [],
      []
    ],
    "statistics": {
      "browser": {
        "appConstants": {
          "MOZ_UNSIGNED_SCOPES": {
            "median": 0,
            "mean": 0,
            "mdev": 0,
            "stddev": 0,
            "min": 0,
            "p10": 0,
            "p90": 0,
            "p99": 0,
            "max": 0
          },
          "TELEMETRY_PING_FORMAT_VERSION": {
            "median": 4,
            "mean": 4,
            "mdev": 0,
            "stddev": 0,
            "min": 4,
            "p10": 4,
            "p90": 4,
            "p99": 4,
            "max": 4
          }
        },
        "asyncAppConstants": {
          "MOZ_UNSIGNED_SCOPES": {
            "median": 0,
            "mean": 0,
            "mdev": 0,
            "stddev": 0,
            "min": 0,
            "p10": 0,
            "p90": 0,
            "p99": 0,
            "max": 0
          },
          "TELEMETRY_PING_FORMAT_VERSION": {
            "median": 4,
            "mean": 4,
            "mdev": 0,
            "stddev": 0,
            "min": 4,
            "p10": 4,
            "p90": 4,
            "p99": 4,
            "max": 4
          }
        }
      },
      "pageinfo": {
        "documentHeight": {
          "median": 5057,
          "mean": 5057,
          "mdev": 0,
          "stddev": 0,
          "min": 5057,
          "p10": 5057,
          "p90": 5057,
          "p99": 5057,
          "max": 5057
        },
        "documentSize": {
          "decodedBodySize": {
            "median": 26570,
            "mean": 26570,
            "mdev": 0,
            "stddev": 0,
            "min": 26570,
            "p10": 26570,
            "p90": 26570,
            "p99": 26570,
            "max": 26570
          },
          "encodedBodySize": {
            "median": 5995,
            "mean": 5995,
            "mdev": 0,
            "stddev": 0,
            "min": 5995,
            "p10": 5995,
            "p90": 5995,
            "p99": 5995,
            "max": 5995
          },
          "transferSize": {
            "median": 6543,
            "mean": 6547,
            "mdev": 3.266,
            "stddev": 6,
            "min": 6543,
            "p10": 6543,
            "p90": 6555,
            "p99": 6555,
            "max": 6555
          }
        },
        "documentWidth": {
          "median": 360,
          "mean": 360,
          "mdev": 0,
          "stddev": 0,
          "min": 360,
          "p10": 360,
          "p90": 360,
          "p99": 360,
          "max": 360
        },
        "domElements": {
          "median": 815,
          "mean": 815,
          "mdev": 0.2722,
          "stddev": 0,
          "min": 815,
          "p10": 815,
          "p90": 816,
          "p99": 816,
          "max": 816
        },
        "navigationStartTime": {
          "median": 1617110921319,
          "mean": 1617110920071,
          "mdev": 0,
          "stddev": 0,
          "min": 1617110894936,
          "p10": 1617110894936,
          "p90": 1617110943957,
          "p99": 1617110943957,
          "max": 1617110943957
        },
        "resources": {
          "count": {
            "median": 0,
            "mean": 0,
            "mdev": 0,
            "stddev": 0,
            "min": 0,
            "p10": 0,
            "p90": 0,
            "p99": 0,
            "max": 0
          },
          "duration": {
            "median": 0,
            "mean": 0,
            "mdev": 0,
            "stddev": 0,
            "min": 0,
            "p10": 0,
            "p90": 0,
            "p99": 0,
            "max": 0
          }
        },
        "visualElements": {
          "heroes": [
            {
              "height": {
                "median": 188,
                "mean": 188,
                "mdev": 0,
                "stddev": 0,
                "min": 188,
                "p10": 188,
                "p90": 188,
                "p99": 188,
                "max": 188
              },
              "width": {
                "median": 334,
                "mean": 334,
                "mdev": 0,
                "stddev": 0,
                "min": 334,
                "p10": 334,
                "p90": 334,
                "p99": 334,
                "max": 334
              },
              "x": {
                "median": 13,
                "mean": 13,
                "mdev": 0,
                "stddev": 0,
                "min": 13,
                "p10": 13,
                "p90": 13,
                "p99": 13,
                "max": 13
              },
              "y": {
                "median": 236,
                "mean": 236,
                "mdev": 0,
                "stddev": 0,
                "min": 236,
                "p10": 236,
                "p90": 236,
                "p99": 236,
                "max": 236
              }
            },
            {
              "height": {
                "median": 51,
                "mean": 51,
                "mdev": 0,
                "stddev": 0,
                "min": 51,
                "p10": 51,
                "p90": 51,
                "p99": 51,
                "max": 51
              },
              "width": {
                "median": 296,
                "mean": 296,
                "mdev": 0,
                "stddev": 0,
                "min": 296,
                "p10": 296,
                "p90": 296,
                "p99": 296,
                "max": 296
              },
              "x": {
                "median": 52,
                "mean": 52,
                "mdev": 0,
                "stddev": 0,
                "min": 52,
                "p10": 52,
                "p90": 52,
                "p99": 52,
                "max": 52
              },
              "y": {
                "median": 149,
                "mean": 149,
                "mdev": 0,
                "stddev": 0,
                "min": 149,
                "p10": 149,
                "p90": 149,
                "p99": 149,
                "max": 149
              }
            }
          ],
          "viewport": {
            "height": {
              "median": 612,
              "mean": 612,
              "mdev": 0,
              "stddev": 0,
              "min": 612,
              "p10": 612,
              "p90": 612,
              "p99": 612,
              "max": 612
            },
            "width": {
              "median": 360,
              "mean": 360,
              "mdev": 0,
              "stddev": 0,
              "min": 360,
              "p10": 360,
              "p90": 360,
              "p99": 360,
              "max": 360
            }
          }
        }
      },
      "timings": {
        "firstPaint": {
          "median": 1081,
          "mean": 1062,
          "mdev": 21.6556,
          "stddev": 38,
          "min": 1010,
          "p10": 1010,
          "p90": 1096,
          "p99": 1096,
          "max": 1096
        },
        "loadEventEnd": {
          "median": 7467,
          "mean": 8191,
          "mdev": 1072.3055,
          "stddev": 1857,
          "min": 6367,
          "p10": 6367,
          "p90": 10740,
          "p99": 10740,
          "max": 10740
        },
        "navigationTiming": {
          "connectStart": {
            "median": 388,
            "mean": 397,
            "mdev": 13.9284,
            "stddev": 24,
            "min": 373,
            "p10": 373,
            "p90": 430,
            "p99": 430,
            "max": 430
          },
          "domComplete": {
            "median": 7466,
            "mean": 8189,
            "mdev": 1071.9665,
            "stddev": 1857,
            "min": 6365,
            "p10": 6365,
            "p90": 10737,
            "p99": 10737,
            "max": 10737
          },
          "domContentLoadedEventEnd": {
            "median": 2674,
            "mean": 2648,
            "mdev": 51.8038,
            "stddev": 90,
            "min": 2527,
            "p10": 2527,
            "p90": 2742,
            "p99": 2742,
            "max": 2742
          },
          "domContentLoadedEventStart": {
            "median": 2661,
            "mean": 2638,
            "mdev": 51.5386,
            "stddev": 89,
            "min": 2519,
            "p10": 2519,
            "p90": 2734,
            "p99": 2734,
            "max": 2734
          },
          "domInteractive": {
            "median": 2651,
            "mean": 2508,
            "mdev": 127.5208,
            "stddev": 221,
            "min": 2196,
            "p10": 2196,
            "p90": 2677,
            "p99": 2677,
            "max": 2677
          },
          "domainLookupEnd": {
            "median": 388,
            "mean": 397,
            "mdev": 13.6653,
            "stddev": 24,
            "min": 373,
            "p10": 373,
            "p90": 429,
            "p99": 429,
            "max": 429
          },
          "domainLookupStart": {
            "median": 387,
            "mean": 396,
            "mdev": 13.7383,
            "stddev": 24,
            "min": 373,
            "p10": 373,
            "p90": 429,
            "p99": 429,
            "max": 429
          },
          "duration": {
            "median": 7467,
            "mean": 8191,
            "mdev": 1072.3055,
            "stddev": 1857,
            "min": 6367,
            "p10": 6367,
            "p90": 10740,
            "p99": 10740,
            "max": 10740
          },
          "fetchStart": {
            "median": -1,
            "mean": -1,
            "mdev": 0,
            "stddev": 0,
            "min": -1,
            "p10": -1,
            "p90": -1,
            "p99": -1,
            "max": -1
          },
          "loadEventEnd": {
            "median": 7467,
            "mean": 8191,
            "mdev": 1072.3055,
            "stddev": 1857,
            "min": 6367,
            "p10": 6367,
            "p90": 10740,
            "p99": 10740,
            "max": 10740
          },
          "loadEventStart": {
            "median": 7466,
            "mean": 8189,
            "mdev": 1071.9665,
            "stddev": 1857,
            "min": 6365,
            "p10": 6365,
            "p90": 10737,
            "p99": 10737,
            "max": 10737
          },
          "redirectEnd": {
            "median": 0,
            "mean": 0,
            "mdev": 0,
            "stddev": 0,
            "min": 0,
            "p10": 0,
            "p90": 0,
            "p99": 0,
            "max": 0
          },
          "redirectStart": {
            "median": 0,
            "mean": 0,
            "mdev": 0,
            "stddev": 0,
            "min": 0,
            "p10": 0,
            "p90": 0,
            "p99": 0,
            "max": 0
          },
          "requestStart": {
            "median": 408,
            "mean": 417,
            "mdev": 13.9284,
            "stddev": 24,
            "min": 393,
            "p10": 393,
            "p90": 450,
            "p99": 450,
            "max": 450
          },
          "responseEnd": {
            "median": 479,
            "mean": 525,
            "mdev": 57.5506,
            "stddev": 100,
            "min": 432,
            "p10": 432,
            "p90": 663,
            "p99": 663,
            "max": 663
          },
          "responseStart": {
            "median": 479,
            "mean": 524,
            "mdev": 57.463,
            "stddev": 100,
            "min": 431,
            "p10": 431,
            "p90": 662,
            "p99": 662,
            "max": 662
          },
          "secureConnectionStart": {
            "median": 0,
            "mean": 0,
            "mdev": 0,
            "stddev": 0,
            "min": 0,
            "p10": 0,
            "p90": 0,
            "p99": 0,
            "max": 0
          },
          "startTime": {
            "median": 0,
            "mean": 0,
            "mdev": 0,
            "stddev": 0,
            "min": 0,
            "p10": 0,
            "p90": 0,
            "p99": 0,
            "max": 0
          },
          "unloadEventEnd": {
            "median": 0,
            "mean": 0,
            "mdev": 0,
            "stddev": 0,
            "min": 0,
            "p10": 0,
            "p90": 0,
            "p99": 0,
            "max": 0
          },
          "unloadEventStart": {
            "median": 0,
            "mean": 0,
            "mdev": 0,
            "stddev": 0,
            "min": 0,
            "p10": 0,
            "p90": 0,
            "p99": 0,
            "max": 0
          },
          "workerStart": {
            "median": 0,
            "mean": 0,
            "mdev": 0,
            "stddev": 0,
            "min": 0,
            "p10": 0,
            "p90": 0,
            "p99": 0,
            "max": 0
          }
        },
        "pageTimings": {
          "backEndTime": {
            "median": 479,
            "mean": 524,
            "mdev": 57.463,
            "stddev": 100,
            "min": 431,
            "p10": 431,
            "p90": 662,
            "p99": 662,
            "max": 662
          },
          "domContentLoadedTime": {
            "median": 2661,
            "mean": 2638,
            "mdev": 51.5386,
            "stddev": 89,
            "min": 2519,
            "p10": 2519,
            "p90": 2734,
            "p99": 2734,
            "max": 2734
          },
          "domInteractiveTime": {
            "median": 2651,
            "mean": 2508,
            "mdev": 127.5208,
            "stddev": 221,
            "min": 2196,
            "p10": 2196,
            "p90": 2677,
            "p99": 2677,
            "max": 2677
          },
          "domainLookupTime": {
            "median": 1,
            "mean": 1,
            "mdev": 0.2722,
            "stddev": 0,
            "min": 0,
            "p10": 0,
            "p90": 1,
            "p99": 1,
            "max": 1
          },
          "frontEndTime": {
            "median": 7034,
            "mean": 7665,
            "mdev": 1020.1461,
            "stddev": 1767,
            "min": 5886,
            "p10": 5886,
            "p90": 10074,
            "p99": 10074,
            "max": 10074
          },
          "pageDownloadTime": {
            "median": 2,
            "mean": 1,
            "mdev": 0.5443,
            "stddev": 1,
            "min": 0,
            "p10": 0,
            "p90": 2,
            "p99": 2,
            "max": 2
          },
          "pageLoadTime": {
            "median": 7466,
            "mean": 8189,
            "mdev": 1071.9665,
            "stddev": 1857,
            "min": 6365,
            "p10": 6365,
            "p90": 10737,
            "p99": 10737,
            "max": 10737
          },
          "redirectionTime": {
            "median": 0,
            "mean": 0,
            "mdev": 0,
            "stddev": 0,
            "min": 0,
            "p10": 0,
            "p90": 0,
            "p99": 0,
            "max": 0
          },
          "serverConnectionTime": {
            "median": 19,
            "mean": 19,
            "mdev": 0.4714,
            "stddev": 1,
            "min": 18,
            "p10": 18,
            "p90": 20,
            "p99": 20,
            "max": 20
          },
          "serverResponseTime": {
            "median": 29,
            "mean": 108,
            "mdev": 66.5549,
            "stddev": 115,
            "min": 24,
            "p10": 24,
            "p90": 271,
            "p99": 271,
            "max": 271
          }
        },
        "rumSpeedIndex": {
          "median": 478,
          "mean": 523,
          "mdev": 57.463,
          "stddev": 100,
          "min": 430,
          "p10": 430,
          "p90": 661,
          "p99": 661,
          "max": 661
        },
        "timeToContentfulPaint": {
          "median": 1936,
          "mean": 1949,
          "mdev": 50.0156,
          "stddev": 87,
          "min": 1850,
          "p10": 1850,
          "p90": 2061,
          "p99": 2061,
          "max": 2061
        },
        "timeToDomContentFlushed": {
          "median": 2681,
          "mean": 2584,
          "mdev": 145.4627,
          "stddev": 252,
          "min": 2239,
          "p10": 2239,
          "p90": 2833,
          "p99": 2833,
          "max": 2833
        }
      }
    }
  }
]