[
  {
    "info": {
      "browsertime": {
        "version": "8.4.0"
      },
      "url": "https://www.tianya.cn/",
      "timestamp": "2021-03-30T03:53:30+04:00",
      "connectivity": {
        "engine": "external",
        "profile": "native"
      },
      "extra": {}
    },
    "files": {
      "video": [],
      "screenshot": [],
      "timeline": [],
      "consoleLog": [],
      "netLog": [],
      "perfLog": []
    },
    "cdp": {
      "performance": []
    },
    "timestamps": [
      "2021-03-30T03:53:08+04:00",
      "2021-03-30T03:53:44+04:00",
      "2021-03-30T03:54:41+04:00"
    ],
    "browserScripts": [
      {
        "browser": {
          "appConstants": {
            "ACCESSIBILITY": true,
            "ANDROID_PACKAGE_NAME": "org.mozilla.firefox",
            "ASAN": false,
            "ASAN_REPORTER": false,
            "BROWSER_CHROME_URL": "chrome://browser/content/browser.xul",
            "DEBUG": false,
            "DEBUG_JS_MODULES": "",
            "DLL_PREFIX": "lib",
            "DLL_SUFFIX": ".so",
            "EARLY_BETA_OR_EARLIER": false,
            "FENNEC_NIGHTLY": false,
            "HAVE_SHELL_SERVICE": false,
            "HAVE_USR_LIB64_DIR": false,
            "MENUBAR_CAN_AUTOHIDE": false,
            "MOZILLA_OFFICIAL": true,
            "MOZ_ALLOW_LEGACY_EXTENSIONS": false,
            "MOZ_ANDROID_ACTIVITY_STREAM": false,
            "MOZ_ANDROID_HISTORY": true,
            "MOZ_ANDROID_MOZILLA_ONLINE": false,
            "MOZ_APP_NAME": "fennec",
            "MOZ_APP_VERSION": "68.1.1",
            "MOZ_APP_VERSION_DISPLAY": "68.1.1",
            "MOZ_BING_API_CLIENTID": "no-bing-api-clientid",
            "MOZ_BING_API_KEY": "no-bing-api-key",
            "MOZ_BITS_DOWNLOAD": false,
            "MOZ_BUILD_APP": "mobile/android",
            "MOZ_CODE_COVERAGE": false,
            "MOZ_CRASHREPORTER": true,
            "MOZ_DATA_REPORTING": true,
            "MOZ_DEV_EDITION": false,
            "MOZ_GECKO_PROFILER": true,
            "MOZ_GOOGLE_LOCATION_SERVICE_API_KEY": "AIzaSyB2h2OuRcUgy5N-5hsZqiPW6sH3n_rptiQ",
            "MOZ_GOOGLE_SAFEBROWSING_API_KEY": "AIzaSyC7jsptDS3am4tPx4r3nxis7IMjBc5Dovo",
            "MOZ_GRAPHENE": false,
            "MOZ_MACBUNDLE_NAME": "Firefox.app",
            "MOZ_MAINTENANCE_SERVICE": false,
            "MOZ_MOZILLA_API_KEY": "3b4d27dd-703d-4094-8398-4de2c763505a",
            "MOZ_NEW_CERT_STORAGE": false,
            "MOZ_NEW_NOTIFICATION_STORE": false,
            "MOZ_NEW_XULSTORE": false,
            "MOZ_OFFICIAL_BRANDING": false,
            "MOZ_PLACES": false,
            "MOZ_REQUIRE_SIGNING": false,
            "MOZ_SANDBOX": false,
            "MOZ_SERVICES_HEALTHREPORT": true,
            "MOZ_SERVICES_SYNC": false,
            "MOZ_SWITCHBOARD": true,
            "MOZ_SYSTEM_NSS": false,
            "MOZ_TELEMETRY_ON_BY_DEFAULT": false,
            "MOZ_TELEMETRY_REPORTING": true,
            "MOZ_UNSIGNED_SCOPES": 0,
            "MOZ_UPDATER": false,
            "MOZ_UPDATE_CHANNEL": "release",
            "MOZ_WEBRTC": true,
            "MOZ_WIDGET_GTK": false,
            "MOZ_WIDGET_TOOLKIT": "android",
            "NIGHTLY_BUILD": false,
            "OMNIJAR_NAME": "assets/omni.ja",
            "RELEASE_OR_BETA": true,
            "SOURCE_REVISION_URL": "https://hg.mozilla.org/releases/mozilla-esr68/rev/d2e0b9e17b9bc1ef02606c8006b73293f7892ad5",
            "TELEMETRY_PING_FORMAT_VERSION": 4,
            "XP_UNIX": true,
            "isPlatformAndVersionAtLeast": {},
            "isPlatformAndVersionAtMost": {},
            "platform": "android"
          },
          "asyncAppConstants": {
            "ACCESSIBILITY": true,
            "ANDROID_PACKAGE_NAME": "org.mozilla.firefox",
            "ASAN": false,
            "ASAN_REPORTER": false,
            "BROWSER_CHROME_URL": "chrome://browser/content/browser.xul",
            "DEBUG": false,
            "DEBUG_JS_MODULES": "",
            "DLL_PREFIX": "lib",
            "DLL_SUFFIX": ".so",
            "EARLY_BETA_OR_EARLIER": false,
            "FENNEC_NIGHTLY": false,
            "HAVE_SHELL_SERVICE": false,
            "HAVE_USR_LIB64_DIR": false,
            "MENUBAR_CAN_AUTOHIDE": false,
            "MOZILLA_OFFICIAL": true,
            "MOZ_ALLOW_LEGACY_EXTENSIONS": false,
            "MOZ_ANDROID_ACTIVITY_STREAM": false,
            "MOZ_ANDROID_HISTORY": true,
            "MOZ_ANDROID_MOZILLA_ONLINE": false,
            "MOZ_APP_NAME": "fennec",
            "MOZ_APP_VERSION": "68.1.1",
            "MOZ_APP_VERSION_DISPLAY": "68.1.1",
            "MOZ_BING_API_CLIENTID": "no-bing-api-clientid",
            "MOZ_BING_API_KEY": "no-bing-api-key",
            "MOZ_BITS_DOWNLOAD": false,
            "MOZ_BUILD_APP": "mobile/android",
            "MOZ_CODE_COVERAGE": false,
            "MOZ_CRASHREPORTER": true,
            "MOZ_DATA_REPORTING": true,
            "MOZ_DEV_EDITION": false,
            "MOZ_GECKO_PROFILER": true,
            "MOZ_GOOGLE_LOCATION_SERVICE_API_KEY": "AIzaSyB2h2OuRcUgy5N-5hsZqiPW6sH3n_rptiQ",
            "MOZ_GOOGLE_SAFEBROWSING_API_KEY": "AIzaSyC7jsptDS3am4tPx4r3nxis7IMjBc5Dovo",
            "MOZ_GRAPHENE": false,
            "MOZ_MACBUNDLE_NAME": "Firefox.app",
            "MOZ_MAINTENANCE_SERVICE": false,
            "MOZ_MOZILLA_API_KEY": "3b4d27dd-703d-4094-8398-4de2c763505a",
            "MOZ_NEW_CERT_STORAGE": false,
            "MOZ_NEW_NOTIFICATION_STORE": false,
            "MOZ_NEW_XULSTORE": false,
            "MOZ_OFFICIAL_BRANDING": false,
            "MOZ_PLACES": false,
            "MOZ_REQUIRE_SIGNING": false,
            "MOZ_SANDBOX": false,
            "MOZ_SERVICES_HEALTHREPORT": true,
            "MOZ_SERVICES_SYNC": false,
            "MOZ_SWITCHBOARD": true,
            "MOZ_SYSTEM_NSS": false,
            "MOZ_TELEMETRY_ON_BY_DEFAULT": false,
            "MOZ_TELEMETRY_REPORTING": true,
            "MOZ_UNSIGNED_SCOPES": 0,
            "MOZ_UPDATER": false,
            "MOZ_UPDATE_CHANNEL": "release",
            "MOZ_WEBRTC": true,
            "MOZ_WIDGET_GTK": false,
            "MOZ_WIDGET_TOOLKIT": "android",
            "NIGHTLY_BUILD": false,
            "OMNIJAR_NAME": "assets/omni.ja",
            "RELEASE_OR_BETA": true,
            "SOURCE_REVISION_URL": "https://hg.mozilla.org/releases/mozilla-esr68/rev/d2e0b9e17b9bc1ef02606c8006b73293f7892ad5",
            "TELEMETRY_PING_FORMAT_VERSION": 4,
            "XP_UNIX": true,
            "isPlatformAndVersionAtLeast": {},
            "isPlatformAndVersionAtMost": {},
            "platform": "android"
          },
          "userAgent": "Mozilla/5.0 (Android 8.1.0; Mobile; rv:68.0) Gecko/68.0 Firefox/68.0",
          "windowSize": "360x560"
        },
        "pageinfo": {
          "documentHeight": 3939,
          "documentSize": {
            "decodedBodySize": 50558,
            "encodedBodySize": 9474,
            "transferSize": 10189
          },
          "documentTitle": "天涯社区",
          "documentWidth": 360,
          "domElements": 512,
          "navigationStartTime": 1617061988434,
          "nextHopProtocol": "http/1.1",
          "resources": {
            "count": 0,
            "duration": 0
          },
          "responsive": true,
          "url": "https://www.tianya.cn/m/",
          "visualElements": {
            "heroes": [
              {
                "filename": "320910658.png",
                "height": 261,
                "name": "LargestImage",
                "width": 360,
                "x": 0,
                "y": 92
              }
            ],
            "viewport": {
              "height": 560,
              "width": 360
            }
          }
        },
        "timings": {
          "firstPaint": 4294,
          "loadEventEnd": 16058,
          "navigationTiming": {
            "connectStart": 1100,
            "domComplete": 16038,
            "domContentLoadedEventEnd": 4286,
            "domContentLoadedEventStart": 4016,
            "domInteractive": 3467,
            "domainLookupEnd": 1100,
            "domainLookupStart": 1100,
            "duration": 16058,
            "fetchStart": 1095,
            "loadEventEnd": 16058,
            "loadEventStart": 16038,
            "redirectEnd": 1094,
            "redirectStart": 6,
            "requestStart": 1627,
            "responseEnd": 1872,
            "responseStart": 1861,
            "secureConnectionStart": 1346,
            "startTime": 0,
            "unloadEventEnd": 0,
            "unloadEventStart": 0,
            "workerStart": 0
          },
          "pageTimings": {
            "backEndTime": 1861,
            "domContentLoadedTime": 4016,
            "domInteractiveTime": 3467,
            "domainLookupTime": 0,
            "frontEndTime": 14167,
            "pageDownloadTime": 11,
            "pageLoadTime": 16038,
            "redirectionTime": 1088,
            "serverConnectionTime": 526,
            "serverResponseTime": 245
          },
          "rumSpeedIndex": 1861,
          "timeToContentfulPaint": 4617,
          "timeToDomContentFlushed": 3995,
          "userTimings": {
            "marks": [],
            "measures": []
          }
        }
      },
      {
        "browser": {
          "appConstants": {
            "ACCESSIBILITY": true,
            "ANDROID_PACKAGE_NAME": "org.mozilla.firefox",
            "ASAN": false,
            "ASAN_REPORTER": false,
            "BROWSER_CHROME_URL": "chrome://browser/content/browser.xul",
            "DEBUG": false,
            "DEBUG_JS_MODULES": "",
            "DLL_PREFIX": "lib",
            "DLL_SUFFIX": ".so",
            "EARLY_BETA_OR_EARLIER": false,
            "FENNEC_NIGHTLY": false,
            "HAVE_SHELL_SERVICE": false,
            "HAVE_USR_LIB64_DIR": false,
            "MENUBAR_CAN_AUTOHIDE": false,
            "MOZILLA_OFFICIAL": true,
            "MOZ_ALLOW_LEGACY_EXTENSIONS": false,
            "MOZ_ANDROID_ACTIVITY_STREAM": false,
            "MOZ_ANDROID_HISTORY": true,
            "MOZ_ANDROID_MOZILLA_ONLINE": false,
            "MOZ_APP_NAME": "fennec",
            "MOZ_APP_VERSION": "68.1.1",
            "MOZ_APP_VERSION_DISPLAY": "68.1.1",
            "MOZ_BING_API_CLIENTID": "no-bing-api-clientid",
            "MOZ_BING_API_KEY": "no-bing-api-key",
            "MOZ_BITS_DOWNLOAD": false,
            "MOZ_BUILD_APP": "mobile/android",
            "MOZ_CODE_COVERAGE": false,
            "MOZ_CRASHREPORTER": true,
            "MOZ_DATA_REPORTING": true,
            "MOZ_DEV_EDITION": false,
            "MOZ_GECKO_PROFILER": true,
            "MOZ_GOOGLE_LOCATION_SERVICE_API_KEY": "AIzaSyB2h2OuRcUgy5N-5hsZqiPW6sH3n_rptiQ",
            "MOZ_GOOGLE_SAFEBROWSING_API_KEY": "AIzaSyC7jsptDS3am4tPx4r3nxis7IMjBc5Dovo",
            "MOZ_GRAPHENE": false,
            "MOZ_MACBUNDLE_NAME": "Firefox.app",
            "MOZ_MAINTENANCE_SERVICE": false,
            "MOZ_MOZILLA_API_KEY": "3b4d27dd-703d-4094-8398-4de2c763505a",
            "MOZ_NEW_CERT_STORAGE": false,
            "MOZ_NEW_NOTIFICATION_STORE": false,
            "MOZ_NEW_XULSTORE": false,
            "MOZ_OFFICIAL_BRANDING": false,
            "MOZ_PLACES": false,
            "MOZ_REQUIRE_SIGNING": false,
            "MOZ_SANDBOX": false,
            "MOZ_SERVICES_HEALTHREPORT": true,
            "MOZ_SERVICES_SYNC": false,
            "MOZ_SWITCHBOARD": true,
            "MOZ_SYSTEM_NSS": false,
            "MOZ_TELEMETRY_ON_BY_DEFAULT": false,
            "MOZ_TELEMETRY_REPORTING": true,
            "MOZ_UNSIGNED_SCOPES": 0,
            "MOZ_UPDATER": false,
            "MOZ_UPDATE_CHANNEL": "release",
            "MOZ_WEBRTC": true,
            "MOZ_WIDGET_GTK": false,
            "MOZ_WIDGET_TOOLKIT": "android",
            "NIGHTLY_BUILD": false,
            "OMNIJAR_NAME": "assets/omni.ja",
            "RELEASE_OR_BETA": true,
            "SOURCE_REVISION_URL": "https://hg.mozilla.org/releases/mozilla-esr68/rev/d2e0b9e17b9bc1ef02606c8006b73293f7892ad5",
            "TELEMETRY_PING_FORMAT_VERSION": 4,
            "XP_UNIX": true,
            "isPlatformAndVersionAtLeast": {},
            "isPlatformAndVersionAtMost": {},
            "platform": "android"
          },
          "asyncAppConstants": {
            "ACCESSIBILITY": true,
            "ANDROID_PACKAGE_NAME": "org.mozilla.firefox",
            "ASAN": false,
            "ASAN_REPORTER": false,
            "BROWSER_CHROME_URL": "chrome://browser/content/browser.xul",
            "DEBUG": false,
            "DEBUG_JS_MODULES": "",
            "DLL_PREFIX": "lib",
            "DLL_SUFFIX": ".so",
            "EARLY_BETA_OR_EARLIER": false,
            "FENNEC_NIGHTLY": false,
            "HAVE_SHELL_SERVICE": false,
            "HAVE_USR_LIB64_DIR": false,
            "MENUBAR_CAN_AUTOHIDE": false,
            "MOZILLA_OFFICIAL": true,
            "MOZ_ALLOW_LEGACY_EXTENSIONS": false,
            "MOZ_ANDROID_ACTIVITY_STREAM": false,
            "MOZ_ANDROID_HISTORY": true,
            "MOZ_ANDROID_MOZILLA_ONLINE": false,
            "MOZ_APP_NAME": "fennec",
            "MOZ_APP_VERSION": "68.1.1",
            "MOZ_APP_VERSION_DISPLAY": "68.1.1",
            "MOZ_BING_API_CLIENTID": "no-bing-api-clientid",
            "MOZ_BING_API_KEY": "no-bing-api-key",
            "MOZ_BITS_DOWNLOAD": false,
            "MOZ_BUILD_APP": "mobile/android",
            "MOZ_CODE_COVERAGE": false,
            "MOZ_CRASHREPORTER": true,
            "MOZ_DATA_REPORTING": true,
            "MOZ_DEV_EDITION": false,
            "MOZ_GECKO_PROFILER": true,
            "MOZ_GOOGLE_LOCATION_SERVICE_API_KEY": "AIzaSyB2h2OuRcUgy5N-5hsZqiPW6sH3n_rptiQ",
            "MOZ_GOOGLE_SAFEBROWSING_API_KEY": "AIzaSyC7jsptDS3am4tPx4r3nxis7IMjBc5Dovo",
            "MOZ_GRAPHENE": false,
            "MOZ_MACBUNDLE_NAME": "Firefox.app",
            "MOZ_MAINTENANCE_SERVICE": false,
            "MOZ_MOZILLA_API_KEY": "3b4d27dd-703d-4094-8398-4de2c763505a",
            "MOZ_NEW_CERT_STORAGE": false,
            "MOZ_NEW_NOTIFICATION_STORE": false,
            "MOZ_NEW_XULSTORE": false,
            "MOZ_OFFICIAL_BRANDING": false,
            "MOZ_PLACES": false,
            "MOZ_REQUIRE_SIGNING": false,
            "MOZ_SANDBOX": false,
            "MOZ_SERVICES_HEALTHREPORT": true,
            "MOZ_SERVICES_SYNC": false,
            "MOZ_SWITCHBOARD": true,
            "MOZ_SYSTEM_NSS": false,
            "MOZ_TELEMETRY_ON_BY_DEFAULT": false,
            "MOZ_TELEMETRY_REPORTING": true,
            "MOZ_UNSIGNED_SCOPES": 0,
            "MOZ_UPDATER": false,
            "MOZ_UPDATE_CHANNEL": "release",
            "MOZ_WEBRTC": true,
            "MOZ_WIDGET_GTK": false,
            "MOZ_WIDGET_TOOLKIT": "android",
            "NIGHTLY_BUILD": false,
            "OMNIJAR_NAME": "assets/omni.ja",
            "RELEASE_OR_BETA": true,
            "SOURCE_REVISION_URL": "https://hg.mozilla.org/releases/mozilla-esr68/rev/d2e0b9e17b9bc1ef02606c8006b73293f7892ad5",
            "TELEMETRY_PING_FORMAT_VERSION": 4,
            "XP_UNIX": true,
            "isPlatformAndVersionAtLeast": {},
            "isPlatformAndVersionAtMost": {},
            "platform": "android"
          },
          "userAgent": "Mozilla/5.0 (Android 8.1.0; Mobile; rv:68.0) Gecko/68.0 Firefox/68.0",
          "windowSize": "360x560"
        },
        "pageinfo": {
          "documentHeight": 3939,
          "documentSize": {
            "decodedBodySize": 50558,
            "encodedBodySize": 9474,
            "transferSize": 10196
          },
          "documentTitle": "天涯社区",
          "documentWidth": 360,
          "domElements": 514,
          "navigationStartTime": 1617062025118,
          "nextHopProtocol": "http/1.1",
          "resources": {
            "count": 0,
            "duration": 0
          },
          "responsive": true,
          "url": "https://www.tianya.cn/m/",
          "visualElements": {
            "heroes": [
              {
                "filename": "320910375.png",
                "height": 259,
                "name": "LargestImage",
                "width": 360,
                "x": 0,
                "y": 92
              }
            ],
            "viewport": {
              "height": 560,
              "width": 360
            }
          }
        },
        "timings": {
          "firstPaint": 3645,
          "loadEventEnd": 36417,
          "navigationTiming": {
            "connectStart": 829,
            "domComplete": 36393,
            "domContentLoadedEventEnd": 4307,
            "domContentLoadedEventStart": 4048,
            "domInteractive": 3254,
            "domainLookupEnd": 829,
            "domainLookupStart": 829,
            "duration": 36417,
            "fetchStart": 808,
            "loadEventEnd": 36417,
            "loadEventStart": 36393,
            "redirectEnd": 807,
            "redirectStart": 3,
            "requestStart": 1358,
            "responseEnd": 1612,
            "responseStart": 1600,
            "secureConnectionStart": 1066,
            "startTime": 0,
            "unloadEventEnd": 0,
            "unloadEventStart": 0,
            "workerStart": 0
          },
          "pageTimings": {
            "backEndTime": 1600,
            "domContentLoadedTime": 4048,
            "domInteractiveTime": 3254,
            "domainLookupTime": 0,
            "frontEndTime": 34782,
            "pageDownloadTime": 12,
            "pageLoadTime": 36393,
            "redirectionTime": 804,
            "serverConnectionTime": 529,
            "serverResponseTime": 253
          },
          "rumSpeedIndex": 1599,
          "timeToContentfulPaint": 3870,
          "timeToDomContentFlushed": 3627,
          "timeToFirstInteractive": 21652,
          "userTimings": {
            "marks": [],
            "measures": []
          }
        }
      },
      {
        "browser": {
          "appConstants": {
            "ACCESSIBILITY": true,
            "ANDROID_PACKAGE_NAME": "org.mozilla.firefox",
            "ASAN": false,
            "ASAN_REPORTER": false,
            "BROWSER_CHROME_URL": "chrome://browser/content/browser.xul",
            "DEBUG": false,
            "DEBUG_JS_MODULES": "",
            "DLL_PREFIX": "lib",
            "DLL_SUFFIX": ".so",
            "EARLY_BETA_OR_EARLIER": false,
            "FENNEC_NIGHTLY": false,
            "HAVE_SHELL_SERVICE": false,
            "HAVE_USR_LIB64_DIR": false,
            "MENUBAR_CAN_AUTOHIDE": false,
            "MOZILLA_OFFICIAL": true,
            "MOZ_ALLOW_LEGACY_EXTENSIONS": false,
            "MOZ_ANDROID_ACTIVITY_STREAM": false,
            "MOZ_ANDROID_HISTORY": true,
            "MOZ_ANDROID_MOZILLA_ONLINE": false,
            "MOZ_APP_NAME": "fennec",
            "MOZ_APP_VERSION": "68.1.1",
            "MOZ_APP_VERSION_DISPLAY": "68.1.1",
            "MOZ_BING_API_CLIENTID": "no-bing-api-clientid",
            "MOZ_BING_API_KEY": "no-bing-api-key",
            "MOZ_BITS_DOWNLOAD": false,
            "MOZ_BUILD_APP": "mobile/android",
            "MOZ_CODE_COVERAGE": false,
            "MOZ_CRASHREPORTER": true,
            "MOZ_DATA_REPORTING": true,
            "MOZ_DEV_EDITION": false,
            "MOZ_GECKO_PROFILER": true,
            "MOZ_GOOGLE_LOCATION_SERVICE_API_KEY": "AIzaSyB2h2OuRcUgy5N-5hsZqiPW6sH3n_rptiQ",
            "MOZ_GOOGLE_SAFEBROWSING_API_KEY": "AIzaSyC7jsptDS3am4tPx4r3nxis7IMjBc5Dovo",
            "MOZ_GRAPHENE": false,
            "MOZ_MACBUNDLE_NAME": "Firefox.app",
            "MOZ_MAINTENANCE_SERVICE": false,
            "MOZ_MOZILLA_API_KEY": "3b4d27dd-703d-4094-8398-4de2c763505a",
            "MOZ_NEW_CERT_STORAGE": false,
            "MOZ_NEW_NOTIFICATION_STORE": false,
            "MOZ_NEW_XULSTORE": false,
            "MOZ_OFFICIAL_BRANDING": false,
            "MOZ_PLACES": false,
            "MOZ_REQUIRE_SIGNING": false,
            "MOZ_SANDBOX": false,
            "MOZ_SERVICES_HEALTHREPORT": true,
            "MOZ_SERVICES_SYNC": false,
            "MOZ_SWITCHBOARD": true,
            "MOZ_SYSTEM_NSS": false,
            "MOZ_TELEMETRY_ON_BY_DEFAULT": false,
            "MOZ_TELEMETRY_REPORTING": true,
            "MOZ_UNSIGNED_SCOPES": 0,
            "MOZ_UPDATER": false,
            "MOZ_UPDATE_CHANNEL": "release",
            "MOZ_WEBRTC": true,
            "MOZ_WIDGET_GTK": false,
            "MOZ_WIDGET_TOOLKIT": "android",
            "NIGHTLY_BUILD": false,
            "OMNIJAR_NAME": "assets/omni.ja",
            "RELEASE_OR_BETA": true,
            "SOURCE_REVISION_URL": "https://hg.mozilla.org/releases/mozilla-esr68/rev/d2e0b9e17b9bc1ef02606c8006b73293f7892ad5",
            "TELEMETRY_PING_FORMAT_VERSION": 4,
            "XP_UNIX": true,
            "isPlatformAndVersionAtLeast": {},
            "isPlatformAndVersionAtMost": {},
            "platform": "android"
          },
          "asyncAppConstants": {
            "ACCESSIBILITY": true,
            "ANDROID_PACKAGE_NAME": "org.mozilla.firefox",
            "ASAN": false,
            "ASAN_REPORTER": false,
            "BROWSER_CHROME_URL": "chrome://browser/content/browser.xul",
            "DEBUG": false,
            "DEBUG_JS_MODULES": "",
            "DLL_PREFIX": "lib",
            "DLL_SUFFIX": ".so",
            "EARLY_BETA_OR_EARLIER": false,
            "FENNEC_NIGHTLY": false,
            "HAVE_SHELL_SERVICE": false,
            "HAVE_USR_LIB64_DIR": false,
            "MENUBAR_CAN_AUTOHIDE": false,
            "MOZILLA_OFFICIAL": true,
            "MOZ_ALLOW_LEGACY_EXTENSIONS": false,
            "MOZ_ANDROID_ACTIVITY_STREAM": false,
            "MOZ_ANDROID_HISTORY": true,
            "MOZ_ANDROID_MOZILLA_ONLINE": false,
            "MOZ_APP_NAME": "fennec",
            "MOZ_APP_VERSION": "68.1.1",
            "MOZ_APP_VERSION_DISPLAY": "68.1.1",
            "MOZ_BING_API_CLIENTID": "no-bing-api-clientid",
            "MOZ_BING_API_KEY": "no-bing-api-key",
            "MOZ_BITS_DOWNLOAD": false,
            "MOZ_BUILD_APP": "mobile/android",
            "MOZ_CODE_COVERAGE": false,
            "MOZ_CRASHREPORTER": true,
            "MOZ_DATA_REPORTING": true,
            "MOZ_DEV_EDITION": false,
            "MOZ_GECKO_PROFILER": true,
            "MOZ_GOOGLE_LOCATION_SERVICE_API_KEY": "AIzaSyB2h2OuRcUgy5N-5hsZqiPW6sH3n_rptiQ",
            "MOZ_GOOGLE_SAFEBROWSING_API_KEY": "AIzaSyC7jsptDS3am4tPx4r3nxis7IMjBc5Dovo",
            "MOZ_GRAPHENE": false,
            "MOZ_MACBUNDLE_NAME": "Firefox.app",
            "MOZ_MAINTENANCE_SERVICE": false,
            "MOZ_MOZILLA_API_KEY": "3b4d27dd-703d-4094-8398-4de2c763505a",
            "MOZ_NEW_CERT_STORAGE": false,
            "MOZ_NEW_NOTIFICATION_STORE": false,
            "MOZ_NEW_XULSTORE": false,
            "MOZ_OFFICIAL_BRANDING": false,
            "MOZ_PLACES": false,
            "MOZ_REQUIRE_SIGNING": false,
            "MOZ_SANDBOX": false,
            "MOZ_SERVICES_HEALTHREPORT": true,
            "MOZ_SERVICES_SYNC": false,
            "MOZ_SWITCHBOARD": true,
            "MOZ_SYSTEM_NSS": false,
            "MOZ_TELEMETRY_ON_BY_DEFAULT": false,
            "MOZ_TELEMETRY_REPORTING": true,
            "MOZ_UNSIGNED_SCOPES": 0,
            "MOZ_UPDATER": false,
            "MOZ_UPDATE_CHANNEL": "release",
            "MOZ_WEBRTC": true,
            "MOZ_WIDGET_GTK": false,
            "MOZ_WIDGET_TOOLKIT": "android",
            "NIGHTLY_BUILD": false,
            "OMNIJAR_NAME": "assets/omni.ja",
            "RELEASE_OR_BETA": true,
            "SOURCE_REVISION_URL": "https://hg.mozilla.org/releases/mozilla-esr68/rev/d2e0b9e17b9bc1ef02606c8006b73293f7892ad5",
            "TELEMETRY_PING_FORMAT_VERSION": 4,
            "XP_UNIX": true,
            "isPlatformAndVersionAtLeast": {},
            "isPlatformAndVersionAtMost": {},
            "platform": "android"
          },
          "userAgent": "Mozilla/5.0 (Android 8.1.0; Mobile; rv:68.0) Gecko/68.0 Firefox/68.0",
          "windowSize": "360x560"
        },
        "pageinfo": {
          "documentHeight": 3939,
          "documentSize": {
            "decodedBodySize": 50558,
            "encodedBodySize": 9474,
            "transferSize": 10196
          },
          "documentTitle": "天涯社区",
          "documentWidth": 360,
          "domElements": 510,
          "navigationStartTime": 1617062081951,
          "nextHopProtocol": "http/1.1",
          "resources": {
            "count": 0,
            "duration": 0
          },
          "responsive": true,
          "url": "https://www.tianya.cn/m/",
          "visualElements": {
            "heroes": [
              {
                "filename": "320910658.png",
                "height": 261,
                "name": "LargestImage",
                "width": 360,
                "x": 0,
                "y": 92
              }
            ],
            "viewport": {
              "height": 560,
              "width": 360
            }
          }
        },
        "timings": {
          "firstPaint": 7421,
          "loadEventEnd": 18045,
          "navigationTiming": {
            "connectStart": 832,
            "domComplete": 18022,
            "domContentLoadedEventEnd": 7412,
            "domContentLoadedEventStart": 7132,
            "domInteractive": 6687,
            "domainLookupEnd": 832,
            "domainLookupStart": 832,
            "duration": 18045,
            "fetchStart": 811,
            "loadEventEnd": 18045,
            "loadEventStart": 18023,
            "redirectEnd": 808,
            "redirectStart": 3,
            "requestStart": 1368,
            "responseEnd": 1615,
            "responseStart": 1605,
            "secureConnectionStart": 1074,
            "startTime": 0,
            "unloadEventEnd": 0,
            "unloadEventStart": 0,
            "workerStart": 0
          },
          "pageTimings": {
            "backEndTime": 1605,
            "domContentLoadedTime": 7132,
            "domInteractiveTime": 6687,
            "domainLookupTime": 0,
            "frontEndTime": 16408,
            "pageDownloadTime": 10,
            "pageLoadTime": 18023,
            "redirectionTime": 805,
            "serverConnectionTime": 535,
            "serverResponseTime": 246
          },
          "rumSpeedIndex": 1604,
          "timeToContentfulPaint": 7740,
          "timeToDomContentFlushed": 7112,
          "timeToFirstInteractive": 18482,
          "userTimings": {
            "marks": [],
            "measures": []
          }
        }
      }
    ],
    "visualMetrics": [],
    "cpu": [],
    "extras": [
      {},
      {},
      {}
    ],
    "fullyLoaded": [],
    "errors": [
      [],
      [],
      []
    ],
    "statistics": {
      "browser": {
        "appConstants": {
          "MOZ_UNSIGNED_SCOPES": {
            "median": 0,
            "mean": 0,
            "mdev": 0,
            "stddev": 0,
            "min": 0,
            "p10": 0,
            "p90": 0,
            "p99": 0,
            "max": 0
          },
          "TELEMETRY_PING_FORMAT_VERSION": {
            "median": 4,
            "mean": 4,
            "mdev": 0,
            "stddev": 0,
            "min": 4,
            "p10": 4,
            "p90": 4,
            "p99": 4,
            "max": 4
          }
        },
        "asyncAppConstants": {
          "MOZ_UNSIGNED_SCOPES": {
            "median": 0,
            "mean": 0,
            "mdev": 0,
            "stddev": 0,
            "min": 0,
            "p10": 0,
            "p90": 0,
            "p99": 0,
            "max": 0
          },
          "TELEMETRY_PING_FORMAT_VERSION": {
            "median": 4,
            "mean": 4,
            "mdev": 0,
            "stddev": 0,
            "min": 4,
            "p10": 4,
            "p90": 4,
            "p99": 4,
            "max": 4
          }
        }
      },
      "pageinfo": {
        "documentHeight": {
          "median": 3939,
          "mean": 3939,
          "mdev": 0,
          "stddev": 0,
          "min": 3939,
          "p10": 3939,
          "p90": 3939,
          "p99": 3939,
          "max": 3939
        },
        "documentSize": {
          "decodedBodySize": {
            "median": 50558,
            "mean": 50558,
            "mdev": 0,
            "stddev": 0,
            "min": 50558,
            "p10": 50558,
            "p90": 50558,
            "p99": 50558,
            "max": 50558
          },
          "encodedBodySize": {
            "median": 9474,
            "mean": 9474,
            "mdev": 0,
            "stddev": 0,
            "min": 9474,
            "p10": 9474,
            "p90": 9474,
            "p99": 9474,
            "max": 9474
          },
          "transferSize": {
            "median": 10196,
            "mean": 10194,
            "mdev": 1.9052,
            "stddev": 3,
            "min": 10189,
            "p10": 10189,
            "p90": 10196,
            "p99": 10196,
            "max": 10196
          }
        },
        "documentWidth": {
          "median": 360,
          "mean": 360,
          "mdev": 0,
          "stddev": 0,
          "min": 360,
          "p10": 360,
          "p90": 360,
          "p99": 360,
          "max": 360
        },
        "domElements": {
          "median": 512,
          "mean": 512,
          "mdev": 0.9428,
          "stddev": 2,
          "min": 510,
          "p10": 510,
          "p90": 514,
          "p99": 514,
          "max": 514
        },
        "navigationStartTime": {
          "median": 1617062025118,
          "mean": 1617062031834,
          "mdev": 21845.3333,
          "stddev": 37837,
          "min": 1617061988434,
          "p10": 1617061988434,
          "p90": 1617062081951,
          "p99": 1617062081951,
          "max": 1617062081951
        },
        "resources": {
          "count": {
            "median": 0,
            "mean": 0,
            "mdev": 0,
            "stddev": 0,
            "min": 0,
            "p10": 0,
            "p90": 0,
            "p99": 0,
            "max": 0
          },
          "duration": {
            "median": 0,
            "mean": 0,
            "mdev": 0,
            "stddev": 0,
            "min": 0,
            "p10": 0,
            "p90": 0,
            "p99": 0,
            "max": 0
          }
        },
        "visualElements": {
          "heroes": [
            {
              "height": {
                "median": 261,
                "mean": 260,
                "mdev": 0.5443,
                "stddev": 1,
                "min": 259,
                "p10": 259,
                "p90": 261,
                "p99": 261,
                "max": 261
              },
              "width": {
                "median": 360,
                "mean": 360,
                "mdev": 0,
                "stddev": 0,
                "min": 360,
                "p10": 360,
                "p90": 360,
                "p99": 360,
                "max": 360
              },
              "x": {
                "median": 0,
                "mean": 0,
                "mdev": 0,
                "stddev": 0,
                "min": 0,
                "p10": 0,
                "p90": 0,
                "p99": 0,
                "max": 0
              },
              "y": {
                "median": 92,
                "mean": 92,
                "mdev": 0,
                "stddev": 0,
                "min": 92,
                "p10": 92,
                "p90": 92,
                "p99": 92,
                "max": 92
              }
            }
          ],
          "viewport": {
            "height": {
              "median": 560,
              "mean": 560,
              "mdev": 0,
              "stddev": 0,
              "min": 560,
              "p10": 560,
              "p90": 560,
              "p99": 560,
              "max": 560
            },
            "width": {
              "median": 360,
              "mean": 360,
              "mdev": 0,
              "stddev": 0,
              "min": 360,
              "p10": 360,
              "p90": 360,
              "p99": 360,
              "max": 360
            }
          }
        }
      },
      "timings": {
        "firstPaint": {
          "median": 4294,
          "mean": 5120,
          "mdev": 951.7529,
          "stddev": 1648,
          "min": 3645,
          "p10": 3645,
          "p90": 7421,
          "p99": 7421,
          "max": 7421
        },
        "loadEventEnd": {
          "median": 18045,
          "mean": 23507,
          "mdev": 5291.3887,
          "stddev": 9165,
          "min": 16058,
          "p10": 16058,
          "p90": 36417,
          "p99": 36417,
          "max": 36417
        },
        "navigationTiming": {
          "connectStart": {
            "median": 832,
            "mean": 920,
            "mdev": 73.352,
            "stddev": 127,
            "min": 829,
            "p10": 829,
            "p90": 1100,
            "p99": 1100,
            "max": 1100
          },
          "domComplete": {
            "median": 18022,
            "mean": 23484,
            "mdev": 5290.6484,
            "stddev": 9164,
            "min": 16038,
            "p10": 16038,
            "p90": 36393,
            "p99": 36393,
            "max": 36393
          },
          "domContentLoadedEventEnd": {
            "median": 4307,
            "mean": 5335,
            "mdev": 847.9461,
            "stddev": 1469,
            "min": 4286,
            "p10": 4286,
            "p90": 7412,
            "p99": 7412,
            "max": 7412
          },
          "domContentLoadedEventStart": {
            "median": 4048,
            "mean": 5065,
            "mdev": 843.7468,
            "stddev": 1461,
            "min": 4016,
            "p10": 4016,
            "p90": 7132,
            "p99": 7132,
            "max": 7132
          },
          "domInteractive": {
            "median": 3467,
            "mean": 4469,
            "mdev": 906.7495,
            "stddev": 1571,
            "min": 3254,
            "p10": 3254,
            "p90": 6687,
            "p99": 6687,
            "max": 6687
          },
          "domainLookupEnd": {
            "median": 832,
            "mean": 920,
            "mdev": 73.352,
            "stddev": 127,
            "min": 829,
            "p10": 829,
            "p90": 1100,
            "p99": 1100,
            "max": 1100
          },
          "domainLookupStart": {
            "median": 832,
            "mean": 920,
            "mdev": 73.352,
            "stddev": 127,
            "min": 829,
            "p10": 829,
            "p90": 1100,
            "p99": 1100,
            "max": 1100
          },
          "duration": {
            "median": 18045,
            "mean": 23507,
            "mdev": 5291.3887,
            "stddev": 9165,
            "min": 16058,
            "p10": 16058,
            "p90": 36417,
            "p99": 36417,
            "max": 36417
          },
          "fetchStart": {
            "median": 811,
            "mean": 905,
            "mdev": 77.7065,
            "stddev": 135,
            "min": 808,
            "p10": 808,
            "p90": 1095,
            "p99": 1095,
            "max": 1095
          },
          "loadEventEnd": {
            "median": 18045,
            "mean": 23507,
            "mdev": 5291.3887,
            "stddev": 9165,
            "min": 16058,
            "p10": 16058,
            "p90": 36417,
            "p99": 36417,
            "max": 36417
          },
          "loadEventStart": {
            "median": 18023,
            "mean": 23485,
            "mdev": 5290.5336,
            "stddev": 9163,
            "min": 16038,
            "p10": 16038,
            "p90": 36393,
            "p99": 36393,
            "max": 36393
          },
          "redirectEnd": {
            "median": 808,
            "mean": 903,
            "mdev": 77.9758,
            "stddev": 135,
            "min": 807,
            "p10": 807,
            "p90": 1094,
            "p99": 1094,
            "max": 1094
          },
          "redirectStart": {
            "median": 3,
            "mean": 4,
            "mdev": 0.8165,
            "stddev": 1,
            "min": 3,
            "p10": 3,
            "p90": 6,
            "p99": 6,
            "max": 6
          },
          "requestStart": {
            "median": 1368,
            "mean": 1451,
            "mdev": 71.8903,
            "stddev": 125,
            "min": 1358,
            "p10": 1358,
            "p90": 1627,
            "p99": 1627,
            "max": 1627
          },
          "responseEnd": {
            "median": 1615,
            "mean": 1700,
            "mdev": 70.3583,
            "stddev": 122,
            "min": 1612,
            "p10": 1612,
            "p90": 1872,
            "p99": 1872,
            "max": 1872
          },
          "responseStart": {
            "median": 1605,
            "mean": 1689,
            "mdev": 70.3647,
            "stddev": 122,
            "min": 1600,
            "p10": 1600,
            "p90": 1861,
            "p99": 1861,
            "max": 1861
          },
          "secureConnectionStart": {
            "median": 1074,
            "mean": 1162,
            "mdev": 75.1413,
            "stddev": 130,
            "min": 1066,
            "p10": 1066,
            "p90": 1346,
            "p99": 1346,
            "max": 1346
          },
          "startTime": {
            "median": 0,
            "mean": 0,
            "mdev": 0,
            "stddev": 0,
            "min": 0,
            "p10": 0,
            "p90": 0,
            "p99": 0,
            "max": 0
          },
          "unloadEventEnd": {
            "median": 0,
            "mean": 0,
            "mdev": 0,
            "stddev": 0,
            "min": 0,
            "p10": 0,
            "p90": 0,
            "p99": 0,
            "max": 0
          },
          "unloadEventStart": {
            "median": 0,
            "mean": 0,
            "mdev": 0,
            "stddev": 0,
            "min": 0,
            "p10": 0,
            "p90": 0,
            "p99": 0,
            "max": 0
          },
          "workerStart": {
            "median": 0,
            "mean": 0,
            "mdev": 0,
            "stddev": 0,
            "min": 0,
            "p10": 0,
            "p90": 0,
            "p99": 0,
            "max": 0
          }
        },
        "pageTimings": {
          "backEndTime": {
            "median": 1605,
            "mean": 1689,
            "mdev": 70.3647,
            "stddev": 122,
            "min": 1600,
            "p10": 1600,
            "p90": 1861,
            "p99": 1861,
            "max": 1861
          },
          "domContentLoadedTime": {
            "median": 4048,
            "mean": 5065,
            "mdev": 843.7468,
            "stddev": 1461,
            "min": 4016,
            "p10": 4016,
            "p90": 7132,
            "p99": 7132,
            "max": 7132
          },
          "domInteractiveTime": {
            "median": 3467,
            "mean": 4469,
            "mdev": 906.7495,
            "stddev": 1571,
            "min": 3254,
            "p10": 3254,
            "p90": 6687,
            "p99": 6687,
            "max": 6687
          },
          "domainLookupTime": {
            "median": 0,
            "mean": 0,
            "mdev": 0,
            "stddev": 0,
            "min": 0,
            "p10": 0,
            "p90": 0,
            "p99": 0,
            "max": 0
          },
          "frontEndTime": {
            "median": 16408,
            "mean": 21786,
            "mdev": 5331.9588,
            "stddev": 9235,
            "min": 14167,
            "p10": 14167,
            "p90": 34782,
            "p99": 34782,
            "max": 34782
          },
          "pageDownloadTime": {
            "median": 11,
            "mean": 11,
            "mdev": 0.4714,
            "stddev": 1,
            "min": 10,
            "p10": 10,
            "p90": 12,
            "p99": 12,
            "max": 12
          },
          "pageLoadTime": {
            "median": 18023,
            "mean": 23485,
            "mdev": 5290.5336,
            "stddev": 9163,
            "min": 16038,
            "p10": 16038,
            "p90": 36393,
            "p99": 36393,
            "max": 36393
          },
          "redirectionTime": {
            "median": 805,
            "mean": 899,
            "mdev": 77.1593,
            "stddev": 134,
            "min": 804,
            "p10": 804,
            "p90": 1088,
            "p99": 1088,
            "max": 1088
          },
          "serverConnectionTime": {
            "median": 529,
            "mean": 530,
            "mdev": 2.1602,
            "stddev": 4,
            "min": 526,
            "p10": 526,
            "p90": 535,
            "p99": 535,
            "max": 535
          },
          "serverResponseTime": {
            "median": 246,
            "mean": 248,
            "mdev": 2.0548,
            "stddev": 4,
            "min": 245,
            "p10": 245,
            "p90": 253,
            "p99": 253,
            "max": 253
          }
        },
        "rumSpeedIndex": {
          "median": 1604,
          "mean": 1688,
          "mdev": 70.6368,
          "stddev": 122,
          "min": 1599,
          "p10": 1599,
          "p90": 1861,
          "p99": 1861,
          "max": 1861
        },
        "timeToContentfulPaint": {
          "median": 4617,
          "mean": 5409,
          "mdev": 967.7779,
          "stddev": 1676,
          "min": 3870,
          "p10": 3870,
          "p90": 7740,
          "p99": 7740,
          "max": 7740
        },
        "timeToDomContentFlushed": {
          "median": 3995,
          "mean": 4911,
          "mdev": 902.5958,
          "stddev": 1563,
          "min": 3627,
          "p10": 3627,
          "p90": 7112,
          "p99": 7112,
          "max": 7112
        },
        "timeToFirstInteractive": {
          "median": 20067,
          "mean": 20067,
          "mdev": 1120.7642,
          "stddev": 1585,
          "min": 18482,
          "p10": 18482,
          "p90": 21652,
          "p99": 21652,
          "max": 21652
        }
      }
    }
  }
]