[
  {
    "info": {
      "browsertime": {
        "version": "8.4.0"
      },
      "url": "https://stackexchange.com/",
      "timestamp": "2021-03-30T21:16:35+04:00",
      "connectivity": {
        "engine": "external",
        "profile": "native"
      },
      "extra": {}
    },
    "files": {
      "video": [],
      "screenshot": [],
      "timeline": [],
      "consoleLog": [],
      "netLog": [],
      "perfLog": []
    },
    "cdp": {
      "performance": []
    },
    "timestamps": [
      "2021-03-30T21:16:24+04:00",
      "2021-03-30T21:16:41+04:00",
      "2021-03-30T21:17:03+04:00"
    ],
    "browserScripts": [
      {
        "browser": {
          "appConstants": {
            "ACCESSIBILITY": true,
            "ANDROID_PACKAGE_NAME": "org.mozilla.firefox",
            "ASAN": false,
            "ASAN_REPORTER": false,
            "BROWSER_CHROME_URL": "chrome://browser/content/browser.xul",
            "DEBUG": false,
            "DEBUG_JS_MODULES": "",
            "DLL_PREFIX": "lib",
            "DLL_SUFFIX": ".so",
            "EARLY_BETA_OR_EARLIER": false,
            "FENNEC_NIGHTLY": false,
            "HAVE_SHELL_SERVICE": false,
            "HAVE_USR_LIB64_DIR": false,
            "MENUBAR_CAN_AUTOHIDE": false,
            "MOZILLA_OFFICIAL": true,
            "MOZ_ALLOW_LEGACY_EXTENSIONS": false,
            "MOZ_ANDROID_ACTIVITY_STREAM": false,
            "MOZ_ANDROID_HISTORY": true,
            "MOZ_ANDROID_MOZILLA_ONLINE": false,
            "MOZ_APP_NAME": "fennec",
            "MOZ_APP_VERSION": "68.1.1",
            "MOZ_APP_VERSION_DISPLAY": "68.1.1",
            "MOZ_BING_API_CLIENTID": "no-bing-api-clientid",
            "MOZ_BING_API_KEY": "no-bing-api-key",
            "MOZ_BITS_DOWNLOAD": false,
            "MOZ_BUILD_APP": "mobile/android",
            "MOZ_CODE_COVERAGE": false,
            "MOZ_CRASHREPORTER": true,
            "MOZ_DATA_REPORTING": true,
            "MOZ_DEV_EDITION": false,
            "MOZ_GECKO_PROFILER": true,
            "MOZ_GOOGLE_LOCATION_SERVICE_API_KEY": "AIzaSyB2h2OuRcUgy5N-5hsZqiPW6sH3n_rptiQ",
            "MOZ_GOOGLE_SAFEBROWSING_API_KEY": "AIzaSyC7jsptDS3am4tPx4r3nxis7IMjBc5Dovo",
            "MOZ_GRAPHENE": false,
            "MOZ_MACBUNDLE_NAME": "Firefox.app",
            "MOZ_MAINTENANCE_SERVICE": false,
            "MOZ_MOZILLA_API_KEY": "3b4d27dd-703d-4094-8398-4de2c763505a",
            "MOZ_NEW_CERT_STORAGE": false,
            "MOZ_NEW_NOTIFICATION_STORE": false,
            "MOZ_NEW_XULSTORE": false,
            "MOZ_OFFICIAL_BRANDING": false,
            "MOZ_PLACES": false,
            "MOZ_REQUIRE_SIGNING": false,
            "MOZ_SANDBOX": false,
            "MOZ_SERVICES_HEALTHREPORT": true,
            "MOZ_SERVICES_SYNC": false,
            "MOZ_SWITCHBOARD": true,
            "MOZ_SYSTEM_NSS": false,
            "MOZ_TELEMETRY_ON_BY_DEFAULT": false,
            "MOZ_TELEMETRY_REPORTING": true,
            "MOZ_UNSIGNED_SCOPES": 0,
            "MOZ_UPDATER": false,
            "MOZ_UPDATE_CHANNEL": "release",
            "MOZ_WEBRTC": true,
            "MOZ_WIDGET_GTK": false,
            "MOZ_WIDGET_TOOLKIT": "android",
            "NIGHTLY_BUILD": false,
            "OMNIJAR_NAME": "assets/omni.ja",
            "RELEASE_OR_BETA": true,
            "SOURCE_REVISION_URL": "https://hg.mozilla.org/releases/mozilla-esr68/rev/d2e0b9e17b9bc1ef02606c8006b73293f7892ad5",
            "TELEMETRY_PING_FORMAT_VERSION": 4,
            "XP_UNIX": true,
            "isPlatformAndVersionAtLeast": {},
            "isPlatformAndVersionAtMost": {},
            "platform": "android"
          },
          "asyncAppConstants": {
            "ACCESSIBILITY": true,
            "ANDROID_PACKAGE_NAME": "org.mozilla.firefox",
            "ASAN": false,
            "ASAN_REPORTER": false,
            "BROWSER_CHROME_URL": "chrome://browser/content/browser.xul",
            "DEBUG": false,
            "DEBUG_JS_MODULES": "",
            "DLL_PREFIX": "lib",
            "DLL_SUFFIX": ".so",
            "EARLY_BETA_OR_EARLIER": false,
            "FENNEC_NIGHTLY": false,
            "HAVE_SHELL_SERVICE": false,
            "HAVE_USR_LIB64_DIR": false,
            "MENUBAR_CAN_AUTOHIDE": false,
            "MOZILLA_OFFICIAL": true,
            "MOZ_ALLOW_LEGACY_EXTENSIONS": false,
            "MOZ_ANDROID_ACTIVITY_STREAM": false,
            "MOZ_ANDROID_HISTORY": true,
            "MOZ_ANDROID_MOZILLA_ONLINE": false,
            "MOZ_APP_NAME": "fennec",
            "MOZ_APP_VERSION": "68.1.1",
            "MOZ_APP_VERSION_DISPLAY": "68.1.1",
            "MOZ_BING_API_CLIENTID": "no-bing-api-clientid",
            "MOZ_BING_API_KEY": "no-bing-api-key",
            "MOZ_BITS_DOWNLOAD": false,
            "MOZ_BUILD_APP": "mobile/android",
            "MOZ_CODE_COVERAGE": false,
            "MOZ_CRASHREPORTER": true,
            "MOZ_DATA_REPORTING": true,
            "MOZ_DEV_EDITION": false,
            "MOZ_GECKO_PROFILER": true,
            "MOZ_GOOGLE_LOCATION_SERVICE_API_KEY": "AIzaSyB2h2OuRcUgy5N-5hsZqiPW6sH3n_rptiQ",
            "MOZ_GOOGLE_SAFEBROWSING_API_KEY": "AIzaSyC7jsptDS3am4tPx4r3nxis7IMjBc5Dovo",
            "MOZ_GRAPHENE": false,
            "MOZ_MACBUNDLE_NAME": "Firefox.app",
            "MOZ_MAINTENANCE_SERVICE": false,
            "MOZ_MOZILLA_API_KEY": "3b4d27dd-703d-4094-8398-4de2c763505a",
            "MOZ_NEW_CERT_STORAGE": false,
            "MOZ_NEW_NOTIFICATION_STORE": false,
            "MOZ_NEW_XULSTORE": false,
            "MOZ_OFFICIAL_BRANDING": false,
            "MOZ_PLACES": false,
            "MOZ_REQUIRE_SIGNING": false,
            "MOZ_SANDBOX": false,
            "MOZ_SERVICES_HEALTHREPORT": true,
            "MOZ_SERVICES_SYNC": false,
            "MOZ_SWITCHBOARD": true,
            "MOZ_SYSTEM_NSS": false,
            "MOZ_TELEMETRY_ON_BY_DEFAULT": false,
            "MOZ_TELEMETRY_REPORTING": true,
            "MOZ_UNSIGNED_SCOPES": 0,
            "MOZ_UPDATER": false,
            "MOZ_UPDATE_CHANNEL": "release",
            "MOZ_WEBRTC": true,
            "MOZ_WIDGET_GTK": false,
            "MOZ_WIDGET_TOOLKIT": "android",
            "NIGHTLY_BUILD": false,
            "OMNIJAR_NAME": "assets/omni.ja",
            "RELEASE_OR_BETA": true,
            "SOURCE_REVISION_URL": "https://hg.mozilla.org/releases/mozilla-esr68/rev/d2e0b9e17b9bc1ef02606c8006b73293f7892ad5",
            "TELEMETRY_PING_FORMAT_VERSION": 4,
            "XP_UNIX": true,
            "isPlatformAndVersionAtLeast": {},
            "isPlatformAndVersionAtMost": {},
            "platform": "android"
          },
          "userAgent": "Mozilla/5.0 (Android 9; Mobile; rv:68.0) Gecko/68.0 Firefox/68.0",
          "windowSize": "360x612"
        },
        "pageinfo": {
          "documentHeight": 3690,
          "documentSize": {
            "decodedBodySize": 133013,
            "encodedBodySize": 23406,
            "transferSize": 24367
          },
          "documentTitle": "Hot Questions - Stack Exchange",
          "documentWidth": 980,
          "domElements": 1250,
          "navigationStartTime": 1617124584681,
          "nextHopProtocol": "h2",
          "resources": {
            "count": 0,
            "duration": 0
          },
          "responsive": true,
          "url": "https://stackexchange.com/",
          "visualElements": {
            "heroes": [
              {
                "filename": "vote.png",
                "height": 86,
                "name": "LargestImage",
                "width": 141,
                "x": 405,
                "y": 260
              },
              {
                "filename": null,
                "height": 52,
                "name": "Heading",
                "width": 223,
                "x": 10,
                "y": 65
              }
            ],
            "viewport": {
              "height": 1666,
              "width": 980
            }
          }
        },
        "timings": {
          "firstPaint": 1967,
          "loadEventEnd": 2749,
          "navigationTiming": {
            "connectStart": 294,
            "domComplete": 2748,
            "domContentLoadedEventEnd": 1959,
            "domContentLoadedEventStart": 1924,
            "domInteractive": 1731,
            "domainLookupEnd": 293,
            "domainLookupStart": 293,
            "duration": 2749,
            "fetchStart": 3,
            "loadEventEnd": 2749,
            "loadEventStart": 2748,
            "redirectEnd": 0,
            "redirectStart": 0,
            "requestStart": 383,
            "responseEnd": 797,
            "responseStart": 754,
            "secureConnectionStart": 312,
            "startTime": 0,
            "unloadEventEnd": 0,
            "unloadEventStart": 0,
            "workerStart": 0
          },
          "pageTimings": {
            "backEndTime": 754,
            "domContentLoadedTime": 1924,
            "domInteractiveTime": 1731,
            "domainLookupTime": 0,
            "frontEndTime": 1951,
            "pageDownloadTime": 43,
            "pageLoadTime": 2748,
            "redirectionTime": 0,
            "serverConnectionTime": 88,
            "serverResponseTime": 414
          },
          "rumSpeedIndex": 753,
          "timeToContentfulPaint": 2195,
          "timeToDomContentFlushed": 1899,
          "userTimings": {
            "marks": [],
            "measures": []
          }
        }
      },
      {
        "browser": {
          "appConstants": {
            "ACCESSIBILITY": true,
            "ANDROID_PACKAGE_NAME": "org.mozilla.firefox",
            "ASAN": false,
            "ASAN_REPORTER": false,
            "BROWSER_CHROME_URL": "chrome://browser/content/browser.xul",
            "DEBUG": false,
            "DEBUG_JS_MODULES": "",
            "DLL_PREFIX": "lib",
            "DLL_SUFFIX": ".so",
            "EARLY_BETA_OR_EARLIER": false,
            "FENNEC_NIGHTLY": false,
            "HAVE_SHELL_SERVICE": false,
            "HAVE_USR_LIB64_DIR": false,
            "MENUBAR_CAN_AUTOHIDE": false,
            "MOZILLA_OFFICIAL": true,
            "MOZ_ALLOW_LEGACY_EXTENSIONS": false,
            "MOZ_ANDROID_ACTIVITY_STREAM": false,
            "MOZ_ANDROID_HISTORY": true,
            "MOZ_ANDROID_MOZILLA_ONLINE": false,
            "MOZ_APP_NAME": "fennec",
            "MOZ_APP_VERSION": "68.1.1",
            "MOZ_APP_VERSION_DISPLAY": "68.1.1",
            "MOZ_BING_API_CLIENTID": "no-bing-api-clientid",
            "MOZ_BING_API_KEY": "no-bing-api-key",
            "MOZ_BITS_DOWNLOAD": false,
            "MOZ_BUILD_APP": "mobile/android",
            "MOZ_CODE_COVERAGE": false,
            "MOZ_CRASHREPORTER": true,
            "MOZ_DATA_REPORTING": true,
            "MOZ_DEV_EDITION": false,
            "MOZ_GECKO_PROFILER": true,
            "MOZ_GOOGLE_LOCATION_SERVICE_API_KEY": "AIzaSyB2h2OuRcUgy5N-5hsZqiPW6sH3n_rptiQ",
            "MOZ_GOOGLE_SAFEBROWSING_API_KEY": "AIzaSyC7jsptDS3am4tPx4r3nxis7IMjBc5Dovo",
            "MOZ_GRAPHENE": false,
            "MOZ_MACBUNDLE_NAME": "Firefox.app",
            "MOZ_MAINTENANCE_SERVICE": false,
            "MOZ_MOZILLA_API_KEY": "3b4d27dd-703d-4094-8398-4de2c763505a",
            "MOZ_NEW_CERT_STORAGE": false,
            "MOZ_NEW_NOTIFICATION_STORE": false,
            "MOZ_NEW_XULSTORE": false,
            "MOZ_OFFICIAL_BRANDING": false,
            "MOZ_PLACES": false,
            "MOZ_REQUIRE_SIGNING": false,
            "MOZ_SANDBOX": false,
            "MOZ_SERVICES_HEALTHREPORT": true,
            "MOZ_SERVICES_SYNC": false,
            "MOZ_SWITCHBOARD": true,
            "MOZ_SYSTEM_NSS": false,
            "MOZ_TELEMETRY_ON_BY_DEFAULT": false,
            "MOZ_TELEMETRY_REPORTING": true,
            "MOZ_UNSIGNED_SCOPES": 0,
            "MOZ_UPDATER": false,
            "MOZ_UPDATE_CHANNEL": "release",
            "MOZ_WEBRTC": true,
            "MOZ_WIDGET_GTK": false,
            "MOZ_WIDGET_TOOLKIT": "android",
            "NIGHTLY_BUILD": false,
            "OMNIJAR_NAME": "assets/omni.ja",
            "RELEASE_OR_BETA": true,
            "SOURCE_REVISION_URL": "https://hg.mozilla.org/releases/mozilla-esr68/rev/d2e0b9e17b9bc1ef02606c8006b73293f7892ad5",
            "TELEMETRY_PING_FORMAT_VERSION": 4,
            "XP_UNIX": true,
            "isPlatformAndVersionAtLeast": {},
            "isPlatformAndVersionAtMost": {},
            "platform": "android"
          },
          "asyncAppConstants": {
            "ACCESSIBILITY": true,
            "ANDROID_PACKAGE_NAME": "org.mozilla.firefox",
            "ASAN": false,
            "ASAN_REPORTER": false,
            "BROWSER_CHROME_URL": "chrome://browser/content/browser.xul",
            "DEBUG": false,
            "DEBUG_JS_MODULES": "",
            "DLL_PREFIX": "lib",
            "DLL_SUFFIX": ".so",
            "EARLY_BETA_OR_EARLIER": false,
            "FENNEC_NIGHTLY": false,
            "HAVE_SHELL_SERVICE": false,
            "HAVE_USR_LIB64_DIR": false,
            "MENUBAR_CAN_AUTOHIDE": false,
            "MOZILLA_OFFICIAL": true,
            "MOZ_ALLOW_LEGACY_EXTENSIONS": false,
            "MOZ_ANDROID_ACTIVITY_STREAM": false,
            "MOZ_ANDROID_HISTORY": true,
            "MOZ_ANDROID_MOZILLA_ONLINE": false,
            "MOZ_APP_NAME": "fennec",
            "MOZ_APP_VERSION": "68.1.1",
            "MOZ_APP_VERSION_DISPLAY": "68.1.1",
            "MOZ_BING_API_CLIENTID": "no-bing-api-clientid",
            "MOZ_BING_API_KEY": "no-bing-api-key",
            "MOZ_BITS_DOWNLOAD": false,
            "MOZ_BUILD_APP": "mobile/android",
            "MOZ_CODE_COVERAGE": false,
            "MOZ_CRASHREPORTER": true,
            "MOZ_DATA_REPORTING": true,
            "MOZ_DEV_EDITION": false,
            "MOZ_GECKO_PROFILER": true,
            "MOZ_GOOGLE_LOCATION_SERVICE_API_KEY": "AIzaSyB2h2OuRcUgy5N-5hsZqiPW6sH3n_rptiQ",
            "MOZ_GOOGLE_SAFEBROWSING_API_KEY": "AIzaSyC7jsptDS3am4tPx4r3nxis7IMjBc5Dovo",
            "MOZ_GRAPHENE": false,
            "MOZ_MACBUNDLE_NAME": "Firefox.app",
            "MOZ_MAINTENANCE_SERVICE": false,
            "MOZ_MOZILLA_API_KEY": "3b4d27dd-703d-4094-8398-4de2c763505a",
            "MOZ_NEW_CERT_STORAGE": false,
            "MOZ_NEW_NOTIFICATION_STORE": false,
            "MOZ_NEW_XULSTORE": false,
            "MOZ_OFFICIAL_BRANDING": false,
            "MOZ_PLACES": false,
            "MOZ_REQUIRE_SIGNING": false,
            "MOZ_SANDBOX": false,
            "MOZ_SERVICES_HEALTHREPORT": true,
            "MOZ_SERVICES_SYNC": false,
            "MOZ_SWITCHBOARD": true,
            "MOZ_SYSTEM_NSS": false,
            "MOZ_TELEMETRY_ON_BY_DEFAULT": false,
            "MOZ_TELEMETRY_REPORTING": true,
            "MOZ_UNSIGNED_SCOPES": 0,
            "MOZ_UPDATER": false,
            "MOZ_UPDATE_CHANNEL": "release",
            "MOZ_WEBRTC": true,
            "MOZ_WIDGET_GTK": false,
            "MOZ_WIDGET_TOOLKIT": "android",
            "NIGHTLY_BUILD": false,
            "OMNIJAR_NAME": "assets/omni.ja",
            "RELEASE_OR_BETA": true,
            "SOURCE_REVISION_URL": "https://hg.mozilla.org/releases/mozilla-esr68/rev/d2e0b9e17b9bc1ef02606c8006b73293f7892ad5",
            "TELEMETRY_PING_FORMAT_VERSION": 4,
            "XP_UNIX": true,
            "isPlatformAndVersionAtLeast": {},
            "isPlatformAndVersionAtMost": {},
            "platform": "android"
          },
          "userAgent": "Mozilla/5.0 (Android 9; Mobile; rv:68.0) Gecko/68.0 Firefox/68.0",
          "windowSize": "360x612"
        },
        "pageinfo": {
          "documentHeight": 3690,
          "documentSize": {
            "decodedBodySize": 133013,
            "encodedBodySize": 23406,
            "transferSize": 24367
          },
          "documentTitle": "Hot Questions - Stack Exchange",
          "documentWidth": 980,
          "domElements": 1250,
          "navigationStartTime": 1617124602443,
          "nextHopProtocol": "h2",
          "resources": {
            "count": 0,
            "duration": 0
          },
          "responsive": true,
          "url": "https://stackexchange.com/",
          "visualElements": {
            "heroes": [
              {
                "filename": "vote.png",
                "height": 86,
                "name": "LargestImage",
                "width": 141,
                "x": 405,
                "y": 260
              },
              {
                "filename": null,
                "height": 52,
                "name": "Heading",
                "width": 223,
                "x": 10,
                "y": 65
              }
            ],
            "viewport": {
              "height": 1666,
              "width": 980
            }
          }
        },
        "timings": {
          "firstPaint": 2160,
          "loadEventEnd": 8408,
          "navigationTiming": {
            "connectStart": 303,
            "domComplete": 8407,
            "domContentLoadedEventEnd": 2151,
            "domContentLoadedEventStart": 2118,
            "domInteractive": 1942,
            "domainLookupEnd": 302,
            "domainLookupStart": 301,
            "duration": 8408,
            "fetchStart": 2,
            "loadEventEnd": 8408,
            "loadEventStart": 8407,
            "redirectEnd": 0,
            "redirectStart": 0,
            "requestStart": 429,
            "responseEnd": 656,
            "responseStart": 656,
            "secureConnectionStart": 328,
            "startTime": 0,
            "unloadEventEnd": 0,
            "unloadEventStart": 0,
            "workerStart": 0
          },
          "pageTimings": {
            "backEndTime": 656,
            "domContentLoadedTime": 2118,
            "domInteractiveTime": 1942,
            "domainLookupTime": 0,
            "frontEndTime": 7752,
            "pageDownloadTime": 0,
            "pageLoadTime": 8407,
            "redirectionTime": 0,
            "serverConnectionTime": 126,
            "serverResponseTime": 226
          },
          "rumSpeedIndex": 655,
          "timeToContentfulPaint": 2390,
          "timeToDomContentFlushed": 2089,
          "timeToFirstInteractive": 8827,
          "userTimings": {
            "marks": [],
            "measures": []
          }
        }
      },
      {
        "browser": {
          "appConstants": {
            "ACCESSIBILITY": true,
            "ANDROID_PACKAGE_NAME": "org.mozilla.firefox",
            "ASAN": false,
            "ASAN_REPORTER": false,
            "BROWSER_CHROME_URL": "chrome://browser/content/browser.xul",
            "DEBUG": false,
            "DEBUG_JS_MODULES": "",
            "DLL_PREFIX": "lib",
            "DLL_SUFFIX": ".so",
            "EARLY_BETA_OR_EARLIER": false,
            "FENNEC_NIGHTLY": false,
            "HAVE_SHELL_SERVICE": false,
            "HAVE_USR_LIB64_DIR": false,
            "MENUBAR_CAN_AUTOHIDE": false,
            "MOZILLA_OFFICIAL": true,
            "MOZ_ALLOW_LEGACY_EXTENSIONS": false,
            "MOZ_ANDROID_ACTIVITY_STREAM": false,
            "MOZ_ANDROID_HISTORY": true,
            "MOZ_ANDROID_MOZILLA_ONLINE": false,
            "MOZ_APP_NAME": "fennec",
            "MOZ_APP_VERSION": "68.1.1",
            "MOZ_APP_VERSION_DISPLAY": "68.1.1",
            "MOZ_BING_API_CLIENTID": "no-bing-api-clientid",
            "MOZ_BING_API_KEY": "no-bing-api-key",
            "MOZ_BITS_DOWNLOAD": false,
            "MOZ_BUILD_APP": "mobile/android",
            "MOZ_CODE_COVERAGE": false,
            "MOZ_CRASHREPORTER": true,
            "MOZ_DATA_REPORTING": true,
            "MOZ_DEV_EDITION": false,
            "MOZ_GECKO_PROFILER": true,
            "MOZ_GOOGLE_LOCATION_SERVICE_API_KEY": "AIzaSyB2h2OuRcUgy5N-5hsZqiPW6sH3n_rptiQ",
            "MOZ_GOOGLE_SAFEBROWSING_API_KEY": "AIzaSyC7jsptDS3am4tPx4r3nxis7IMjBc5Dovo",
            "MOZ_GRAPHENE": false,
            "MOZ_MACBUNDLE_NAME": "Firefox.app",
            "MOZ_MAINTENANCE_SERVICE": false,
            "MOZ_MOZILLA_API_KEY": "3b4d27dd-703d-4094-8398-4de2c763505a",
            "MOZ_NEW_CERT_STORAGE": false,
            "MOZ_NEW_NOTIFICATION_STORE": false,
            "MOZ_NEW_XULSTORE": false,
            "MOZ_OFFICIAL_BRANDING": false,
            "MOZ_PLACES": false,
            "MOZ_REQUIRE_SIGNING": false,
            "MOZ_SANDBOX": false,
            "MOZ_SERVICES_HEALTHREPORT": true,
            "MOZ_SERVICES_SYNC": false,
            "MOZ_SWITCHBOARD": true,
            "MOZ_SYSTEM_NSS": false,
            "MOZ_TELEMETRY_ON_BY_DEFAULT": false,
            "MOZ_TELEMETRY_REPORTING": true,
            "MOZ_UNSIGNED_SCOPES": 0,
            "MOZ_UPDATER": false,
            "MOZ_UPDATE_CHANNEL": "release",
            "MOZ_WEBRTC": true,
            "MOZ_WIDGET_GTK": false,
            "MOZ_WIDGET_TOOLKIT": "android",
            "NIGHTLY_BUILD": false,
            "OMNIJAR_NAME": "assets/omni.ja",
            "RELEASE_OR_BETA": true,
            "SOURCE_REVISION_URL": "https://hg.mozilla.org/releases/mozilla-esr68/rev/d2e0b9e17b9bc1ef02606c8006b73293f7892ad5",
            "TELEMETRY_PING_FORMAT_VERSION": 4,
            "XP_UNIX": true,
            "isPlatformAndVersionAtLeast": {},
            "isPlatformAndVersionAtMost": {},
            "platform": "android"
          },
          "asyncAppConstants": {
            "ACCESSIBILITY": true,
            "ANDROID_PACKAGE_NAME": "org.mozilla.firefox",
            "ASAN": false,
            "ASAN_REPORTER": false,
            "BROWSER_CHROME_URL": "chrome://browser/content/browser.xul",
            "DEBUG": false,
            "DEBUG_JS_MODULES": "",
            "DLL_PREFIX": "lib",
            "DLL_SUFFIX": ".so",
            "EARLY_BETA_OR_EARLIER": false,
            "FENNEC_NIGHTLY": false,
            "HAVE_SHELL_SERVICE": false,
            "HAVE_USR_LIB64_DIR": false,
            "MENUBAR_CAN_AUTOHIDE": false,
            "MOZILLA_OFFICIAL": true,
            "MOZ_ALLOW_LEGACY_EXTENSIONS": false,
            "MOZ_ANDROID_ACTIVITY_STREAM": false,
            "MOZ_ANDROID_HISTORY": true,
            "MOZ_ANDROID_MOZILLA_ONLINE": false,
            "MOZ_APP_NAME": "fennec",
            "MOZ_APP_VERSION": "68.1.1",
            "MOZ_APP_VERSION_DISPLAY": "68.1.1",
            "MOZ_BING_API_CLIENTID": "no-bing-api-clientid",
            "MOZ_BING_API_KEY": "no-bing-api-key",
            "MOZ_BITS_DOWNLOAD": false,
            "MOZ_BUILD_APP": "mobile/android",
            "MOZ_CODE_COVERAGE": false,
            "MOZ_CRASHREPORTER": true,
            "MOZ_DATA_REPORTING": true,
            "MOZ_DEV_EDITION": false,
            "MOZ_GECKO_PROFILER": true,
            "MOZ_GOOGLE_LOCATION_SERVICE_API_KEY": "AIzaSyB2h2OuRcUgy5N-5hsZqiPW6sH3n_rptiQ",
            "MOZ_GOOGLE_SAFEBROWSING_API_KEY": "AIzaSyC7jsptDS3am4tPx4r3nxis7IMjBc5Dovo",
            "MOZ_GRAPHENE": false,
            "MOZ_MACBUNDLE_NAME": "Firefox.app",
            "MOZ_MAINTENANCE_SERVICE": false,
            "MOZ_MOZILLA_API_KEY": "3b4d27dd-703d-4094-8398-4de2c763505a",
            "MOZ_NEW_CERT_STORAGE": false,
            "MOZ_NEW_NOTIFICATION_STORE": false,
            "MOZ_NEW_XULSTORE": false,
            "MOZ_OFFICIAL_BRANDING": false,
            "MOZ_PLACES": false,
            "MOZ_REQUIRE_SIGNING": false,
            "MOZ_SANDBOX": false,
            "MOZ_SERVICES_HEALTHREPORT": true,
            "MOZ_SERVICES_SYNC": false,
            "MOZ_SWITCHBOARD": true,
            "MOZ_SYSTEM_NSS": false,
            "MOZ_TELEMETRY_ON_BY_DEFAULT": false,
            "MOZ_TELEMETRY_REPORTING": true,
            "MOZ_UNSIGNED_SCOPES": 0,
            "MOZ_UPDATER": false,
            "MOZ_UPDATE_CHANNEL": "release",
            "MOZ_WEBRTC": true,
            "MOZ_WIDGET_GTK": false,
            "MOZ_WIDGET_TOOLKIT": "android",
            "NIGHTLY_BUILD": false,
            "OMNIJAR_NAME": "assets/omni.ja",
            "RELEASE_OR_BETA": true,
            "SOURCE_REVISION_URL": "https://hg.mozilla.org/releases/mozilla-esr68/rev/d2e0b9e17b9bc1ef02606c8006b73293f7892ad5",
            "TELEMETRY_PING_FORMAT_VERSION": 4,
            "XP_UNIX": true,
            "isPlatformAndVersionAtLeast": {},
            "isPlatformAndVersionAtMost": {},
            "platform": "android"
          },
          "userAgent": "Mozilla/5.0 (Android 9; Mobile; rv:68.0) Gecko/68.0 Firefox/68.0",
          "windowSize": "360x612"
        },
        "pageinfo": {
          "documentHeight": 3690,
          "documentSize": {
            "decodedBodySize": 133013,
            "encodedBodySize": 23406,
            "transferSize": 24367
          },
          "documentTitle": "Hot Questions - Stack Exchange",
          "documentWidth": 980,
          "domElements": 1250,
          "navigationStartTime": 1617124624296,
          "nextHopProtocol": "h2",
          "resources": {
            "count": 0,
            "duration": 0
          },
          "responsive": true,
          "url": "https://stackexchange.com/",
          "visualElements": {
            "heroes": [
              {
                "filename": "vote.png",
                "height": 86,
                "name": "LargestImage",
                "width": 141,
                "x": 405,
                "y": 260
              },
              {
                "filename": null,
                "height": 52,
                "name": "Heading",
                "width": 223,
                "x": 10,
                "y": 65
              }
            ],
            "viewport": {
              "height": 1666,
              "width": 980
            }
          }
        },
        "timings": {
          "firstPaint": 1786,
          "loadEventEnd": 9171,
          "navigationTiming": {
            "connectStart": 296,
            "domComplete": 9169,
            "domContentLoadedEventEnd": 1778,
            "domContentLoadedEventStart": 1735,
            "domInteractive": 1549,
            "domainLookupEnd": 295,
            "domainLookupStart": 295,
            "duration": 9171,
            "fetchStart": 2,
            "loadEventEnd": 9171,
            "loadEventStart": 9170,
            "redirectEnd": 0,
            "redirectStart": 0,
            "requestStart": 376,
            "responseEnd": 585,
            "responseStart": 585,
            "secureConnectionStart": 309,
            "startTime": 0,
            "unloadEventEnd": 0,
            "unloadEventStart": 0,
            "workerStart": 0
          },
          "pageTimings": {
            "backEndTime": 585,
            "domContentLoadedTime": 1735,
            "domInteractiveTime": 1549,
            "domainLookupTime": 0,
            "frontEndTime": 8585,
            "pageDownloadTime": 0,
            "pageLoadTime": 9170,
            "redirectionTime": 0,
            "serverConnectionTime": 79,
            "serverResponseTime": 209
          },
          "rumSpeedIndex": 584,
          "timeToContentfulPaint": 2023,
          "timeToDomContentFlushed": 1693,
          "userTimings": {
            "marks": [],
            "measures": []
          }
        }
      }
    ],
    "visualMetrics": [],
    "cpu": [],
    "extras": [
      {},
      {},
      {}
    ],
    "fullyLoaded": [],
    "errors": [
      [],
      [],
      []
    ],
    "statistics": {
      "browser": {
        "appConstants": {
          "MOZ_UNSIGNED_SCOPES": {
            "median": 0,
            "mean": 0,
            "mdev": 0,
            "stddev": 0,
            "min": 0,
            "p10": 0,
            "p90": 0,
            "p99": 0,
            "max": 0
          },
          "TELEMETRY_PING_FORMAT_VERSION": {
            "median": 4,
            "mean": 4,
            "mdev": 0,
            "stddev": 0,
            "min": 4,
            "p10": 4,
            "p90": 4,
            "p99": 4,
            "max": 4
          }
        },
        "asyncAppConstants": {
          "MOZ_UNSIGNED_SCOPES": {
            "median": 0,
            "mean": 0,
            "mdev": 0,
            "stddev": 0,
            "min": 0,
            "p10": 0,
            "p90": 0,
            "p99": 0,
            "max": 0
          },
          "TELEMETRY_PING_FORMAT_VERSION": {
            "median": 4,
            "mean": 4,
            "mdev": 0,
            "stddev": 0,
            "min": 4,
            "p10": 4,
            "p90": 4,
            "p99": 4,
            "max": 4
          }
        }
      },
      "pageinfo": {
        "documentHeight": {
          "median": 3690,
          "mean": 3690,
          "mdev": 0,
          "stddev": 0,
          "min": 3690,
          "p10": 3690,
          "p90": 3690,
          "p99": 3690,
          "max": 3690
        },
        "documentSize": {
          "decodedBodySize": {
            "median": 133013,
            "mean": 133013,
            "mdev": 0,
            "stddev": 0,
            "min": 133013,
            "p10": 133013,
            "p90": 133013,
            "p99": 133013,
            "max": 133013
          },
          "encodedBodySize": {
            "median": 23406,
            "mean": 23406,
            "mdev": 0,
            "stddev": 0,
            "min": 23406,
            "p10": 23406,
            "p90": 23406,
            "p99": 23406,
            "max": 23406
          },
          "transferSize": {
            "median": 24367,
            "mean": 24367,
            "mdev": 0,
            "stddev": 0,
            "min": 24367,
            "p10": 24367,
            "p90": 24367,
            "p99": 24367,
            "max": 24367
          }
        },
        "documentWidth": {
          "median": 980,
          "mean": 980,
          "mdev": 0,
          "stddev": 0,
          "min": 980,
          "p10": 980,
          "p90": 980,
          "p99": 980,
          "max": 980
        },
        "domElements": {
          "median": 1250,
          "mean": 1250,
          "mdev": 0,
          "stddev": 0,
          "min": 1250,
          "p10": 1250,
          "p90": 1250,
          "p99": 1250,
          "max": 1250
        },
        "navigationStartTime": {
          "median": 1617124602443,
          "mean": 1617124603807,
          "mdev": 12612.4091,
          "stddev": 21845,
          "min": 1617124584681,
          "p10": 1617124584681,
          "p90": 1617124624296,
          "p99": 1617124624296,
          "max": 1617124624296
        },
        "resources": {
          "count": {
            "median": 0,
            "mean": 0,
            "mdev": 0,
            "stddev": 0,
            "min": 0,
            "p10": 0,
            "p90": 0,
            "p99": 0,
            "max": 0
          },
          "duration": {
            "median": 0,
            "mean": 0,
            "mdev": 0,
            "stddev": 0,
            "min": 0,
            "p10": 0,
            "p90": 0,
            "p99": 0,
            "max": 0
          }
        },
        "visualElements": {
          "heroes": [
            {
              "height": {
                "median": 86,
                "mean": 86,
                "mdev": 0,
                "stddev": 0,
                "min": 86,
                "p10": 86,
                "p90": 86,
                "p99": 86,
                "max": 86
              },
              "width": {
                "median": 141,
                "mean": 141,
                "mdev": 0,
                "stddev": 0,
                "min": 141,
                "p10": 141,
                "p90": 141,
                "p99": 141,
                "max": 141
              },
              "x": {
                "median": 405,
                "mean": 405,
                "mdev": 0,
                "stddev": 0,
                "min": 405,
                "p10": 405,
                "p90": 405,
                "p99": 405,
                "max": 405
              },
              "y": {
                "median": 260,
                "mean": 260,
                "mdev": 0,
                "stddev": 0,
                "min": 260,
                "p10": 260,
                "p90": 260,
                "p99": 260,
                "max": 260
              }
            },
            {
              "height": {
                "median": 52,
                "mean": 52,
                "mdev": 0,
                "stddev": 0,
                "min": 52,
                "p10": 52,
                "p90": 52,
                "p99": 52,
                "max": 52
              },
              "width": {
                "median": 223,
                "mean": 223,
                "mdev": 0,
                "stddev": 0,
                "min": 223,
                "p10": 223,
                "p90": 223,
                "p99": 223,
                "max": 223
              },
              "x": {
                "median": 10,
                "mean": 10,
                "mdev": 0,
                "stddev": 0,
                "min": 10,
                "p10": 10,
                "p90": 10,
                "p99": 10,
                "max": 10
              },
              "y": {
                "median": 65,
                "mean": 65,
                "mdev": 0,
                "stddev": 0,
                "min": 65,
                "p10": 65,
                "p90": 65,
                "p99": 65,
                "max": 65
              }
            }
          ],
          "viewport": {
            "height": {
              "median": 1666,
              "mean": 1666,
              "mdev": 0,
              "stddev": 0,
              "min": 1666,
              "p10": 1666,
              "p90": 1666,
              "p99": 1666,
              "max": 1666
            },
            "width": {
              "median": 980,
              "mean": 980,
              "mdev": 0,
              "stddev": 0,
              "min": 980,
              "p10": 980,
              "p90": 980,
              "p99": 980,
              "max": 980
            }
          }
        }
      },
      "timings": {
        "firstPaint": {
          "median": 1967,
          "mean": 1971,
          "mdev": 88.1678,
          "stddev": 153,
          "min": 1786,
          "p10": 1786,
          "p90": 2160,
          "p99": 2160,
          "max": 2160
        },
        "loadEventEnd": {
          "median": 8408,
          "mean": 6776,
          "mdev": 1653.8231,
          "stddev": 2865,
          "min": 2749,
          "p10": 2749,
          "p90": 9171,
          "p99": 9171,
          "max": 9171
        },
        "navigationTiming": {
          "connectStart": {
            "median": 296,
            "mean": 298,
            "mdev": 2.2278,
            "stddev": 4,
            "min": 294,
            "p10": 294,
            "p90": 303,
            "p99": 303,
            "max": 303
          },
          "domComplete": {
            "median": 8407,
            "mean": 6775,
            "mdev": 1653.6622,
            "stddev": 2864,
            "min": 2748,
            "p10": 2748,
            "p90": 9169,
            "p99": 9169,
            "max": 9169
          },
          "domContentLoadedEventEnd": {
            "median": 1959,
            "mean": 1963,
            "mdev": 87.9297,
            "stddev": 152,
            "min": 1778,
            "p10": 1778,
            "p90": 2151,
            "p99": 2151,
            "max": 2151
          },
          "domContentLoadedEventStart": {
            "median": 1924,
            "mean": 1926,
            "mdev": 90.2765,
            "stddev": 156,
            "min": 1735,
            "p10": 1735,
            "p90": 2118,
            "p99": 2118,
            "max": 2118
          },
          "domInteractive": {
            "median": 1731,
            "mean": 1741,
            "mdev": 92.715,
            "stddev": 161,
            "min": 1549,
            "p10": 1549,
            "p90": 1942,
            "p99": 1942,
            "max": 1942
          },
          "domainLookupEnd": {
            "median": 295,
            "mean": 297,
            "mdev": 2.2278,
            "stddev": 4,
            "min": 293,
            "p10": 293,
            "p90": 302,
            "p99": 302,
            "max": 302
          },
          "domainLookupStart": {
            "median": 295,
            "mean": 296,
            "mdev": 1.9626,
            "stddev": 3,
            "min": 293,
            "p10": 293,
            "p90": 301,
            "p99": 301,
            "max": 301
          },
          "duration": {
            "median": 8408,
            "mean": 6776,
            "mdev": 1653.8231,
            "stddev": 2865,
            "min": 2749,
            "p10": 2749,
            "p90": 9171,
            "p99": 9171,
            "max": 9171
          },
          "fetchStart": {
            "median": 2,
            "mean": 2,
            "mdev": 0.2722,
            "stddev": 0,
            "min": 2,
            "p10": 2,
            "p90": 3,
            "p99": 3,
            "max": 3
          },
          "loadEventEnd": {
            "median": 8408,
            "mean": 6776,
            "mdev": 1653.8231,
            "stddev": 2865,
            "min": 2749,
            "p10": 2749,
            "p90": 9171,
            "p99": 9171,
            "max": 9171
          },
          "loadEventStart": {
            "median": 8407,
            "mean": 6775,
            "mdev": 1653.8231,
            "stddev": 2865,
            "min": 2748,
            "p10": 2748,
            "p90": 9170,
            "p99": 9170,
            "max": 9170
          },
          "redirectEnd": {
            "median": 0,
            "mean": 0,
            "mdev": 0,
            "stddev": 0,
            "min": 0,
            "p10": 0,
            "p90": 0,
            "p99": 0,
            "max": 0
          },
          "redirectStart": {
            "median": 0,
            "mean": 0,
            "mdev": 0,
            "stddev": 0,
            "min": 0,
            "p10": 0,
            "p90": 0,
            "p99": 0,
            "max": 0
          },
          "requestStart": {
            "median": 383,
            "mean": 396,
            "mdev": 13.5728,
            "stddev": 24,
            "min": 376,
            "p10": 376,
            "p90": 429,
            "p99": 429,
            "max": 429
          },
          "responseEnd": {
            "median": 656,
            "mean": 679,
            "mdev": 50.8687,
            "stddev": 88,
            "min": 585,
            "p10": 585,
            "p90": 797,
            "p99": 797,
            "max": 797
          },
          "responseStart": {
            "median": 656,
            "mean": 665,
            "mdev": 40.0028,
            "stddev": 69,
            "min": 585,
            "p10": 585,
            "p90": 754,
            "p99": 754,
            "max": 754
          },
          "secureConnectionStart": {
            "median": 312,
            "mean": 316,
            "mdev": 4.8151,
            "stddev": 8,
            "min": 309,
            "p10": 309,
            "p90": 328,
            "p99": 328,
            "max": 328
          },
          "startTime": {
            "median": 0,
            "mean": 0,
            "mdev": 0,
            "stddev": 0,
            "min": 0,
            "p10": 0,
            "p90": 0,
            "p99": 0,
            "max": 0
          },
          "unloadEventEnd": {
            "median": 0,
            "mean": 0,
            "mdev": 0,
            "stddev": 0,
            "min": 0,
            "p10": 0,
            "p90": 0,
            "p99": 0,
            "max": 0
          },
          "unloadEventStart": {
            "median": 0,
            "mean": 0,
            "mdev": 0,
            "stddev": 0,
            "min": 0,
            "p10": 0,
            "p90": 0,
            "p99": 0,
            "max": 0
          },
          "workerStart": {
            "median": 0,
            "mean": 0,
            "mdev": 0,
            "stddev": 0,
            "min": 0,
            "p10": 0,
            "p90": 0,
            "p99": 0,
            "max": 0
          }
        },
        "pageTimings": {
          "backEndTime": {
            "median": 656,
            "mean": 665,
            "mdev": 40.0028,
            "stddev": 69,
            "min": 585,
            "p10": 585,
            "p90": 754,
            "p99": 754,
            "max": 754
          },
          "domContentLoadedTime": {
            "median": 1924,
            "mean": 1926,
            "mdev": 90.2765,
            "stddev": 156,
            "min": 1735,
            "p10": 1735,
            "p90": 2118,
            "p99": 2118,
            "max": 2118
          },
          "domInteractiveTime": {
            "median": 1731,
            "mean": 1741,
            "mdev": 92.715,
            "stddev": 161,
            "min": 1549,
            "p10": 1549,
            "p90": 1942,
            "p99": 1942,
            "max": 1942
          },
          "domainLookupTime": {
            "median": 0,
            "mean": 0,
            "mdev": 0,
            "stddev": 0,
            "min": 0,
            "p10": 0,
            "p90": 0,
            "p99": 0,
            "max": 0
          },
          "frontEndTime": {
            "median": 7752,
            "mean": 6096,
            "mdev": 1703.5415,
            "stddev": 2951,
            "min": 1951,
            "p10": 1951,
            "p90": 8585,
            "p99": 8585,
            "max": 8585
          },
          "pageDownloadTime": {
            "median": 0,
            "mean": 14,
            "mdev": 11.7031,
            "stddev": 20,
            "min": 0,
            "p10": 0,
            "p90": 43,
            "p99": 43,
            "max": 43
          },
          "pageLoadTime": {
            "median": 8407,
            "mean": 6775,
            "mdev": 1653.8231,
            "stddev": 2865,
            "min": 2748,
            "p10": 2748,
            "p90": 9170,
            "p99": 9170,
            "max": 9170
          },
          "redirectionTime": {
            "median": 0,
            "mean": 0,
            "mdev": 0,
            "stddev": 0,
            "min": 0,
            "p10": 0,
            "p90": 0,
            "p99": 0,
            "max": 0
          },
          "serverConnectionTime": {
            "median": 88,
            "mean": 98,
            "mdev": 11.7599,
            "stddev": 20,
            "min": 79,
            "p10": 79,
            "p90": 126,
            "p99": 126,
            "max": 126
          },
          "serverResponseTime": {
            "median": 226,
            "mean": 283,
            "mdev": 53.6304,
            "stddev": 93,
            "min": 209,
            "p10": 209,
            "p90": 414,
            "p99": 414,
            "max": 414
          }
        },
        "rumSpeedIndex": {
          "median": 655,
          "mean": 664,
          "mdev": 40.0028,
          "stddev": 69,
          "min": 584,
          "p10": 584,
          "p90": 753,
          "p99": 753,
          "max": 753
        },
        "timeToContentfulPaint": {
          "median": 2195,
          "mean": 2203,
          "mdev": 86.5593,
          "stddev": 150,
          "min": 2023,
          "p10": 2023,
          "p90": 2390,
          "p99": 2390,
          "max": 2390
        },
        "timeToDomContentFlushed": {
          "median": 1899,
          "mean": 1894,
          "mdev": 93.3635,
          "stddev": 162,
          "min": 1693,
          "p10": 1693,
          "p90": 2089,
          "p99": 2089,
          "max": 2089
        },
        "timeToFirstInteractive": {
          "median": 8827,
          "mean": 8827,
          "mdev": 0,
          "stddev": 0,
          "min": 8827,
          "p10": 8827,
          "p90": 8827,
          "p99": 8827,
          "max": 8827
        }
      }
    }
  }
]