[
  {
    "info": {
      "browsertime": {
        "version": "8.4.0"
      },
      "url": "https://www.aparat.com/",
      "timestamp": "2021-03-30T06:00:52+04:00",
      "connectivity": {
        "engine": "external",
        "profile": "native"
      },
      "extra": {}
    },
    "files": {
      "video": [],
      "screenshot": [],
      "timeline": [],
      "consoleLog": [],
      "netLog": [],
      "perfLog": []
    },
    "cdp": {
      "performance": []
    },
    "timestamps": [
      "2021-03-30T06:00:36+04:00",
      "2021-03-30T06:01:08+04:00",
      "2021-03-30T06:01:34+04:00"
    ],
    "browserScripts": [
      {
        "browser": {
          "appConstants": {
            "ACCESSIBILITY": true,
            "ANDROID_PACKAGE_NAME": "org.mozilla.firefox",
            "ASAN": false,
            "ASAN_REPORTER": false,
            "BROWSER_CHROME_URL": "chrome://browser/content/browser.xul",
            "DEBUG": false,
            "DEBUG_JS_MODULES": "",
            "DLL_PREFIX": "lib",
            "DLL_SUFFIX": ".so",
            "EARLY_BETA_OR_EARLIER": false,
            "FENNEC_NIGHTLY": false,
            "HAVE_SHELL_SERVICE": false,
            "HAVE_USR_LIB64_DIR": false,
            "MENUBAR_CAN_AUTOHIDE": false,
            "MOZILLA_OFFICIAL": true,
            "MOZ_ALLOW_LEGACY_EXTENSIONS": false,
            "MOZ_ANDROID_ACTIVITY_STREAM": false,
            "MOZ_ANDROID_HISTORY": true,
            "MOZ_ANDROID_MOZILLA_ONLINE": false,
            "MOZ_APP_NAME": "fennec",
            "MOZ_APP_VERSION": "68.1.1",
            "MOZ_APP_VERSION_DISPLAY": "68.1.1",
            "MOZ_BING_API_CLIENTID": "no-bing-api-clientid",
            "MOZ_BING_API_KEY": "no-bing-api-key",
            "MOZ_BITS_DOWNLOAD": false,
            "MOZ_BUILD_APP": "mobile/android",
            "MOZ_CODE_COVERAGE": false,
            "MOZ_CRASHREPORTER": true,
            "MOZ_DATA_REPORTING": true,
            "MOZ_DEV_EDITION": false,
            "MOZ_GECKO_PROFILER": true,
            "MOZ_GOOGLE_LOCATION_SERVICE_API_KEY": "AIzaSyB2h2OuRcUgy5N-5hsZqiPW6sH3n_rptiQ",
            "MOZ_GOOGLE_SAFEBROWSING_API_KEY": "AIzaSyC7jsptDS3am4tPx4r3nxis7IMjBc5Dovo",
            "MOZ_GRAPHENE": false,
            "MOZ_MACBUNDLE_NAME": "Firefox.app",
            "MOZ_MAINTENANCE_SERVICE": false,
            "MOZ_MOZILLA_API_KEY": "3b4d27dd-703d-4094-8398-4de2c763505a",
            "MOZ_NEW_CERT_STORAGE": false,
            "MOZ_NEW_NOTIFICATION_STORE": false,
            "MOZ_NEW_XULSTORE": false,
            "MOZ_OFFICIAL_BRANDING": false,
            "MOZ_PLACES": false,
            "MOZ_REQUIRE_SIGNING": false,
            "MOZ_SANDBOX": false,
            "MOZ_SERVICES_HEALTHREPORT": true,
            "MOZ_SERVICES_SYNC": false,
            "MOZ_SWITCHBOARD": true,
            "MOZ_SYSTEM_NSS": false,
            "MOZ_TELEMETRY_ON_BY_DEFAULT": false,
            "MOZ_TELEMETRY_REPORTING": true,
            "MOZ_UNSIGNED_SCOPES": 0,
            "MOZ_UPDATER": false,
            "MOZ_UPDATE_CHANNEL": "release",
            "MOZ_WEBRTC": true,
            "MOZ_WIDGET_GTK": false,
            "MOZ_WIDGET_TOOLKIT": "android",
            "NIGHTLY_BUILD": false,
            "OMNIJAR_NAME": "assets/omni.ja",
            "RELEASE_OR_BETA": true,
            "SOURCE_REVISION_URL": "https://hg.mozilla.org/releases/mozilla-esr68/rev/d2e0b9e17b9bc1ef02606c8006b73293f7892ad5",
            "TELEMETRY_PING_FORMAT_VERSION": 4,
            "XP_UNIX": true,
            "isPlatformAndVersionAtLeast": {},
            "isPlatformAndVersionAtMost": {},
            "platform": "android"
          },
          "asyncAppConstants": {
            "ACCESSIBILITY": true,
            "ANDROID_PACKAGE_NAME": "org.mozilla.firefox",
            "ASAN": false,
            "ASAN_REPORTER": false,
            "BROWSER_CHROME_URL": "chrome://browser/content/browser.xul",
            "DEBUG": false,
            "DEBUG_JS_MODULES": "",
            "DLL_PREFIX": "lib",
            "DLL_SUFFIX": ".so",
            "EARLY_BETA_OR_EARLIER": false,
            "FENNEC_NIGHTLY": false,
            "HAVE_SHELL_SERVICE": false,
            "HAVE_USR_LIB64_DIR": false,
            "MENUBAR_CAN_AUTOHIDE": false,
            "MOZILLA_OFFICIAL": true,
            "MOZ_ALLOW_LEGACY_EXTENSIONS": false,
            "MOZ_ANDROID_ACTIVITY_STREAM": false,
            "MOZ_ANDROID_HISTORY": true,
            "MOZ_ANDROID_MOZILLA_ONLINE": false,
            "MOZ_APP_NAME": "fennec",
            "MOZ_APP_VERSION": "68.1.1",
            "MOZ_APP_VERSION_DISPLAY": "68.1.1",
            "MOZ_BING_API_CLIENTID": "no-bing-api-clientid",
            "MOZ_BING_API_KEY": "no-bing-api-key",
            "MOZ_BITS_DOWNLOAD": false,
            "MOZ_BUILD_APP": "mobile/android",
            "MOZ_CODE_COVERAGE": false,
            "MOZ_CRASHREPORTER": true,
            "MOZ_DATA_REPORTING": true,
            "MOZ_DEV_EDITION": false,
            "MOZ_GECKO_PROFILER": true,
            "MOZ_GOOGLE_LOCATION_SERVICE_API_KEY": "AIzaSyB2h2OuRcUgy5N-5hsZqiPW6sH3n_rptiQ",
            "MOZ_GOOGLE_SAFEBROWSING_API_KEY": "AIzaSyC7jsptDS3am4tPx4r3nxis7IMjBc5Dovo",
            "MOZ_GRAPHENE": false,
            "MOZ_MACBUNDLE_NAME": "Firefox.app",
            "MOZ_MAINTENANCE_SERVICE": false,
            "MOZ_MOZILLA_API_KEY": "3b4d27dd-703d-4094-8398-4de2c763505a",
            "MOZ_NEW_CERT_STORAGE": false,
            "MOZ_NEW_NOTIFICATION_STORE": false,
            "MOZ_NEW_XULSTORE": false,
            "MOZ_OFFICIAL_BRANDING": false,
            "MOZ_PLACES": false,
            "MOZ_REQUIRE_SIGNING": false,
            "MOZ_SANDBOX": false,
            "MOZ_SERVICES_HEALTHREPORT": true,
            "MOZ_SERVICES_SYNC": false,
            "MOZ_SWITCHBOARD": true,
            "MOZ_SYSTEM_NSS": false,
            "MOZ_TELEMETRY_ON_BY_DEFAULT": false,
            "MOZ_TELEMETRY_REPORTING": true,
            "MOZ_UNSIGNED_SCOPES": 0,
            "MOZ_UPDATER": false,
            "MOZ_UPDATE_CHANNEL": "release",
            "MOZ_WEBRTC": true,
            "MOZ_WIDGET_GTK": false,
            "MOZ_WIDGET_TOOLKIT": "android",
            "NIGHTLY_BUILD": false,
            "OMNIJAR_NAME": "assets/omni.ja",
            "RELEASE_OR_BETA": true,
            "SOURCE_REVISION_URL": "https://hg.mozilla.org/releases/mozilla-esr68/rev/d2e0b9e17b9bc1ef02606c8006b73293f7892ad5",
            "TELEMETRY_PING_FORMAT_VERSION": 4,
            "XP_UNIX": true,
            "isPlatformAndVersionAtLeast": {},
            "isPlatformAndVersionAtMost": {},
            "platform": "android"
          },
          "userAgent": "Mozilla/5.0 (Android 8.1.0; Mobile; rv:68.0) Gecko/68.0 Firefox/68.0",
          "windowSize": "360x560"
        },
        "pageinfo": {
          "documentHeight": 1803,
          "documentSize": {
            "decodedBodySize": 124275,
            "encodedBodySize": 16082,
            "transferSize": 16894
          },
          "documentTitle": "آپارات - سرویس اشتراک ویدیو",
          "documentWidth": 360,
          "domElements": 1794,
          "navigationStartTime": 1617069636739,
          "nextHopProtocol": "http/1.1",
          "resources": {
            "count": 0,
            "duration": 0
          },
          "responsive": true,
          "url": "https://www.aparat.com/",
          "visualElements": {
            "heroes": [
              {
                "filename": "31647712-5392__1025.jpg",
                "height": 92,
                "name": "LargestImage",
                "width": 162,
                "x": 182,
                "y": 155
              }
            ],
            "viewport": {
              "height": 560,
              "width": 360
            }
          }
        },
        "timings": {
          "firstPaint": 2978,
          "loadEventEnd": 9009,
          "navigationTiming": {
            "connectStart": 44,
            "domComplete": 8998,
            "domContentLoadedEventEnd": 3157,
            "domContentLoadedEventStart": 3092,
            "domInteractive": 2726,
            "domainLookupEnd": 44,
            "domainLookupStart": 44,
            "duration": 9009,
            "fetchStart": 3,
            "loadEventEnd": 9009,
            "loadEventStart": 8999,
            "redirectEnd": 0,
            "redirectStart": 0,
            "requestStart": 359,
            "responseEnd": 480,
            "responseStart": 480,
            "secureConnectionStart": 170,
            "startTime": 0,
            "unloadEventEnd": 0,
            "unloadEventStart": 0,
            "workerStart": 0
          },
          "pageTimings": {
            "backEndTime": 480,
            "domContentLoadedTime": 3092,
            "domInteractiveTime": 2726,
            "domainLookupTime": 0,
            "frontEndTime": 8519,
            "pageDownloadTime": 0,
            "pageLoadTime": 8999,
            "redirectionTime": 0,
            "serverConnectionTime": 314,
            "serverResponseTime": 121
          },
          "rumSpeedIndex": 480,
          "timeToContentfulPaint": 3211,
          "timeToDomContentFlushed": 2939,
          "timeToFirstInteractive": 10776,
          "userTimings": {
            "marks": [],
            "measures": []
          }
        }
      },
      {
        "browser": {
          "appConstants": {
            "ACCESSIBILITY": true,
            "ANDROID_PACKAGE_NAME": "org.mozilla.firefox",
            "ASAN": false,
            "ASAN_REPORTER": false,
            "BROWSER_CHROME_URL": "chrome://browser/content/browser.xul",
            "DEBUG": false,
            "DEBUG_JS_MODULES": "",
            "DLL_PREFIX": "lib",
            "DLL_SUFFIX": ".so",
            "EARLY_BETA_OR_EARLIER": false,
            "FENNEC_NIGHTLY": false,
            "HAVE_SHELL_SERVICE": false,
            "HAVE_USR_LIB64_DIR": false,
            "MENUBAR_CAN_AUTOHIDE": false,
            "MOZILLA_OFFICIAL": true,
            "MOZ_ALLOW_LEGACY_EXTENSIONS": false,
            "MOZ_ANDROID_ACTIVITY_STREAM": false,
            "MOZ_ANDROID_HISTORY": true,
            "MOZ_ANDROID_MOZILLA_ONLINE": false,
            "MOZ_APP_NAME": "fennec",
            "MOZ_APP_VERSION": "68.1.1",
            "MOZ_APP_VERSION_DISPLAY": "68.1.1",
            "MOZ_BING_API_CLIENTID": "no-bing-api-clientid",
            "MOZ_BING_API_KEY": "no-bing-api-key",
            "MOZ_BITS_DOWNLOAD": false,
            "MOZ_BUILD_APP": "mobile/android",
            "MOZ_CODE_COVERAGE": false,
            "MOZ_CRASHREPORTER": true,
            "MOZ_DATA_REPORTING": true,
            "MOZ_DEV_EDITION": false,
            "MOZ_GECKO_PROFILER": true,
            "MOZ_GOOGLE_LOCATION_SERVICE_API_KEY": "AIzaSyB2h2OuRcUgy5N-5hsZqiPW6sH3n_rptiQ",
            "MOZ_GOOGLE_SAFEBROWSING_API_KEY": "AIzaSyC7jsptDS3am4tPx4r3nxis7IMjBc5Dovo",
            "MOZ_GRAPHENE": false,
            "MOZ_MACBUNDLE_NAME": "Firefox.app",
            "MOZ_MAINTENANCE_SERVICE": false,
            "MOZ_MOZILLA_API_KEY": "3b4d27dd-703d-4094-8398-4de2c763505a",
            "MOZ_NEW_CERT_STORAGE": false,
            "MOZ_NEW_NOTIFICATION_STORE": false,
            "MOZ_NEW_XULSTORE": false,
            "MOZ_OFFICIAL_BRANDING": false,
            "MOZ_PLACES": false,
            "MOZ_REQUIRE_SIGNING": false,
            "MOZ_SANDBOX": false,
            "MOZ_SERVICES_HEALTHREPORT": true,
            "MOZ_SERVICES_SYNC": false,
            "MOZ_SWITCHBOARD": true,
            "MOZ_SYSTEM_NSS": false,
            "MOZ_TELEMETRY_ON_BY_DEFAULT": false,
            "MOZ_TELEMETRY_REPORTING": true,
            "MOZ_UNSIGNED_SCOPES": 0,
            "MOZ_UPDATER": false,
            "MOZ_UPDATE_CHANNEL": "release",
            "MOZ_WEBRTC": true,
            "MOZ_WIDGET_GTK": false,
            "MOZ_WIDGET_TOOLKIT": "android",
            "NIGHTLY_BUILD": false,
            "OMNIJAR_NAME": "assets/omni.ja",
            "RELEASE_OR_BETA": true,
            "SOURCE_REVISION_URL": "https://hg.mozilla.org/releases/mozilla-esr68/rev/d2e0b9e17b9bc1ef02606c8006b73293f7892ad5",
            "TELEMETRY_PING_FORMAT_VERSION": 4,
            "XP_UNIX": true,
            "isPlatformAndVersionAtLeast": {},
            "isPlatformAndVersionAtMost": {},
            "platform": "android"
          },
          "asyncAppConstants": {
            "ACCESSIBILITY": true,
            "ANDROID_PACKAGE_NAME": "org.mozilla.firefox",
            "ASAN": false,
            "ASAN_REPORTER": false,
            "BROWSER_CHROME_URL": "chrome://browser/content/browser.xul",
            "DEBUG": false,
            "DEBUG_JS_MODULES": "",
            "DLL_PREFIX": "lib",
            "DLL_SUFFIX": ".so",
            "EARLY_BETA_OR_EARLIER": false,
            "FENNEC_NIGHTLY": false,
            "HAVE_SHELL_SERVICE": false,
            "HAVE_USR_LIB64_DIR": false,
            "MENUBAR_CAN_AUTOHIDE": false,
            "MOZILLA_OFFICIAL": true,
            "MOZ_ALLOW_LEGACY_EXTENSIONS": false,
            "MOZ_ANDROID_ACTIVITY_STREAM": false,
            "MOZ_ANDROID_HISTORY": true,
            "MOZ_ANDROID_MOZILLA_ONLINE": false,
            "MOZ_APP_NAME": "fennec",
            "MOZ_APP_VERSION": "68.1.1",
            "MOZ_APP_VERSION_DISPLAY": "68.1.1",
            "MOZ_BING_API_CLIENTID": "no-bing-api-clientid",
            "MOZ_BING_API_KEY": "no-bing-api-key",
            "MOZ_BITS_DOWNLOAD": false,
            "MOZ_BUILD_APP": "mobile/android",
            "MOZ_CODE_COVERAGE": false,
            "MOZ_CRASHREPORTER": true,
            "MOZ_DATA_REPORTING": true,
            "MOZ_DEV_EDITION": false,
            "MOZ_GECKO_PROFILER": true,
            "MOZ_GOOGLE_LOCATION_SERVICE_API_KEY": "AIzaSyB2h2OuRcUgy5N-5hsZqiPW6sH3n_rptiQ",
            "MOZ_GOOGLE_SAFEBROWSING_API_KEY": "AIzaSyC7jsptDS3am4tPx4r3nxis7IMjBc5Dovo",
            "MOZ_GRAPHENE": false,
            "MOZ_MACBUNDLE_NAME": "Firefox.app",
            "MOZ_MAINTENANCE_SERVICE": false,
            "MOZ_MOZILLA_API_KEY": "3b4d27dd-703d-4094-8398-4de2c763505a",
            "MOZ_NEW_CERT_STORAGE": false,
            "MOZ_NEW_NOTIFICATION_STORE": false,
            "MOZ_NEW_XULSTORE": false,
            "MOZ_OFFICIAL_BRANDING": false,
            "MOZ_PLACES": false,
            "MOZ_REQUIRE_SIGNING": false,
            "MOZ_SANDBOX": false,
            "MOZ_SERVICES_HEALTHREPORT": true,
            "MOZ_SERVICES_SYNC": false,
            "MOZ_SWITCHBOARD": true,
            "MOZ_SYSTEM_NSS": false,
            "MOZ_TELEMETRY_ON_BY_DEFAULT": false,
            "MOZ_TELEMETRY_REPORTING": true,
            "MOZ_UNSIGNED_SCOPES": 0,
            "MOZ_UPDATER": false,
            "MOZ_UPDATE_CHANNEL": "release",
            "MOZ_WEBRTC": true,
            "MOZ_WIDGET_GTK": false,
            "MOZ_WIDGET_TOOLKIT": "android",
            "NIGHTLY_BUILD": false,
            "OMNIJAR_NAME": "assets/omni.ja",
            "RELEASE_OR_BETA": true,
            "SOURCE_REVISION_URL": "https://hg.mozilla.org/releases/mozilla-esr68/rev/d2e0b9e17b9bc1ef02606c8006b73293f7892ad5",
            "TELEMETRY_PING_FORMAT_VERSION": 4,
            "XP_UNIX": true,
            "isPlatformAndVersionAtLeast": {},
            "isPlatformAndVersionAtMost": {},
            "platform": "android"
          },
          "userAgent": "Mozilla/5.0 (Android 8.1.0; Mobile; rv:68.0) Gecko/68.0 Firefox/68.0",
          "windowSize": "360x560"
        },
        "pageinfo": {
          "documentHeight": 1803,
          "documentSize": {
            "decodedBodySize": 122189,
            "encodedBodySize": 15890,
            "transferSize": 16715
          },
          "documentTitle": "آپارات - سرویس اشتراک ویدیو",
          "documentWidth": 360,
          "domElements": 1777,
          "navigationStartTime": 1617069668939,
          "nextHopProtocol": "http/1.1",
          "resources": {
            "count": 0,
            "duration": 0
          },
          "responsive": true,
          "url": "https://www.aparat.com/",
          "visualElements": {
            "heroes": [
              {
                "filename": "31647712-5392__1025.jpg",
                "height": 92,
                "name": "LargestImage",
                "width": 162,
                "x": 182,
                "y": 155
              }
            ],
            "viewport": {
              "height": 560,
              "width": 360
            }
          }
        },
        "timings": {
          "firstPaint": 2844,
          "loadEventEnd": 6756,
          "navigationTiming": {
            "connectStart": 41,
            "domComplete": 6749,
            "domContentLoadedEventEnd": 3005,
            "domContentLoadedEventStart": 2955,
            "domInteractive": 2621,
            "domainLookupEnd": 40,
            "domainLookupStart": 39,
            "duration": 6756,
            "fetchStart": 3,
            "loadEventEnd": 6756,
            "loadEventStart": 6749,
            "redirectEnd": 0,
            "redirectStart": 0,
            "requestStart": 353,
            "responseEnd": 473,
            "responseStart": 473,
            "secureConnectionStart": 167,
            "startTime": 0,
            "unloadEventEnd": 0,
            "unloadEventStart": 0,
            "workerStart": 0
          },
          "pageTimings": {
            "backEndTime": 473,
            "domContentLoadedTime": 2955,
            "domInteractiveTime": 2621,
            "domainLookupTime": 0,
            "frontEndTime": 6276,
            "pageDownloadTime": 0,
            "pageLoadTime": 6749,
            "redirectionTime": 0,
            "serverConnectionTime": 312,
            "serverResponseTime": 120
          },
          "rumSpeedIndex": 473,
          "timeToContentfulPaint": 3065,
          "timeToDomContentFlushed": 2806,
          "timeToFirstInteractive": 8560,
          "userTimings": {
            "marks": [],
            "measures": []
          }
        }
      },
      {
        "browser": {
          "appConstants": {
            "ACCESSIBILITY": true,
            "ANDROID_PACKAGE_NAME": "org.mozilla.firefox",
            "ASAN": false,
            "ASAN_REPORTER": false,
            "BROWSER_CHROME_URL": "chrome://browser/content/browser.xul",
            "DEBUG": false,
            "DEBUG_JS_MODULES": "",
            "DLL_PREFIX": "lib",
            "DLL_SUFFIX": ".so",
            "EARLY_BETA_OR_EARLIER": false,
            "FENNEC_NIGHTLY": false,
            "HAVE_SHELL_SERVICE": false,
            "HAVE_USR_LIB64_DIR": false,
            "MENUBAR_CAN_AUTOHIDE": false,
            "MOZILLA_OFFICIAL": true,
            "MOZ_ALLOW_LEGACY_EXTENSIONS": false,
            "MOZ_ANDROID_ACTIVITY_STREAM": false,
            "MOZ_ANDROID_HISTORY": true,
            "MOZ_ANDROID_MOZILLA_ONLINE": false,
            "MOZ_APP_NAME": "fennec",
            "MOZ_APP_VERSION": "68.1.1",
            "MOZ_APP_VERSION_DISPLAY": "68.1.1",
            "MOZ_BING_API_CLIENTID": "no-bing-api-clientid",
            "MOZ_BING_API_KEY": "no-bing-api-key",
            "MOZ_BITS_DOWNLOAD": false,
            "MOZ_BUILD_APP": "mobile/android",
            "MOZ_CODE_COVERAGE": false,
            "MOZ_CRASHREPORTER": true,
            "MOZ_DATA_REPORTING": true,
            "MOZ_DEV_EDITION": false,
            "MOZ_GECKO_PROFILER": true,
            "MOZ_GOOGLE_LOCATION_SERVICE_API_KEY": "AIzaSyB2h2OuRcUgy5N-5hsZqiPW6sH3n_rptiQ",
            "MOZ_GOOGLE_SAFEBROWSING_API_KEY": "AIzaSyC7jsptDS3am4tPx4r3nxis7IMjBc5Dovo",
            "MOZ_GRAPHENE": false,
            "MOZ_MACBUNDLE_NAME": "Firefox.app",
            "MOZ_MAINTENANCE_SERVICE": false,
            "MOZ_MOZILLA_API_KEY": "3b4d27dd-703d-4094-8398-4de2c763505a",
            "MOZ_NEW_CERT_STORAGE": false,
            "MOZ_NEW_NOTIFICATION_STORE": false,
            "MOZ_NEW_XULSTORE": false,
            "MOZ_OFFICIAL_BRANDING": false,
            "MOZ_PLACES": false,
            "MOZ_REQUIRE_SIGNING": false,
            "MOZ_SANDBOX": false,
            "MOZ_SERVICES_HEALTHREPORT": true,
            "MOZ_SERVICES_SYNC": false,
            "MOZ_SWITCHBOARD": true,
            "MOZ_SYSTEM_NSS": false,
            "MOZ_TELEMETRY_ON_BY_DEFAULT": false,
            "MOZ_TELEMETRY_REPORTING": true,
            "MOZ_UNSIGNED_SCOPES": 0,
            "MOZ_UPDATER": false,
            "MOZ_UPDATE_CHANNEL": "release",
            "MOZ_WEBRTC": true,
            "MOZ_WIDGET_GTK": false,
            "MOZ_WIDGET_TOOLKIT": "android",
            "NIGHTLY_BUILD": false,
            "OMNIJAR_NAME": "assets/omni.ja",
            "RELEASE_OR_BETA": true,
            "SOURCE_REVISION_URL": "https://hg.mozilla.org/releases/mozilla-esr68/rev/d2e0b9e17b9bc1ef02606c8006b73293f7892ad5",
            "TELEMETRY_PING_FORMAT_VERSION": 4,
            "XP_UNIX": true,
            "isPlatformAndVersionAtLeast": {},
            "isPlatformAndVersionAtMost": {},
            "platform": "android"
          },
          "asyncAppConstants": {
            "ACCESSIBILITY": true,
            "ANDROID_PACKAGE_NAME": "org.mozilla.firefox",
            "ASAN": false,
            "ASAN_REPORTER": false,
            "BROWSER_CHROME_URL": "chrome://browser/content/browser.xul",
            "DEBUG": false,
            "DEBUG_JS_MODULES": "",
            "DLL_PREFIX": "lib",
            "DLL_SUFFIX": ".so",
            "EARLY_BETA_OR_EARLIER": false,
            "FENNEC_NIGHTLY": false,
            "HAVE_SHELL_SERVICE": false,
            "HAVE_USR_LIB64_DIR": false,
            "MENUBAR_CAN_AUTOHIDE": false,
            "MOZILLA_OFFICIAL": true,
            "MOZ_ALLOW_LEGACY_EXTENSIONS": false,
            "MOZ_ANDROID_ACTIVITY_STREAM": false,
            "MOZ_ANDROID_HISTORY": true,
            "MOZ_ANDROID_MOZILLA_ONLINE": false,
            "MOZ_APP_NAME": "fennec",
            "MOZ_APP_VERSION": "68.1.1",
            "MOZ_APP_VERSION_DISPLAY": "68.1.1",
            "MOZ_BING_API_CLIENTID": "no-bing-api-clientid",
            "MOZ_BING_API_KEY": "no-bing-api-key",
            "MOZ_BITS_DOWNLOAD": false,
            "MOZ_BUILD_APP": "mobile/android",
            "MOZ_CODE_COVERAGE": false,
            "MOZ_CRASHREPORTER": true,
            "MOZ_DATA_REPORTING": true,
            "MOZ_DEV_EDITION": false,
            "MOZ_GECKO_PROFILER": true,
            "MOZ_GOOGLE_LOCATION_SERVICE_API_KEY": "AIzaSyB2h2OuRcUgy5N-5hsZqiPW6sH3n_rptiQ",
            "MOZ_GOOGLE_SAFEBROWSING_API_KEY": "AIzaSyC7jsptDS3am4tPx4r3nxis7IMjBc5Dovo",
            "MOZ_GRAPHENE": false,
            "MOZ_MACBUNDLE_NAME": "Firefox.app",
            "MOZ_MAINTENANCE_SERVICE": false,
            "MOZ_MOZILLA_API_KEY": "3b4d27dd-703d-4094-8398-4de2c763505a",
            "MOZ_NEW_CERT_STORAGE": false,
            "MOZ_NEW_NOTIFICATION_STORE": false,
            "MOZ_NEW_XULSTORE": false,
            "MOZ_OFFICIAL_BRANDING": false,
            "MOZ_PLACES": false,
            "MOZ_REQUIRE_SIGNING": false,
            "MOZ_SANDBOX": false,
            "MOZ_SERVICES_HEALTHREPORT": true,
            "MOZ_SERVICES_SYNC": false,
            "MOZ_SWITCHBOARD": true,
            "MOZ_SYSTEM_NSS": false,
            "MOZ_TELEMETRY_ON_BY_DEFAULT": false,
            "MOZ_TELEMETRY_REPORTING": true,
            "MOZ_UNSIGNED_SCOPES": 0,
            "MOZ_UPDATER": false,
            "MOZ_UPDATE_CHANNEL": "release",
            "MOZ_WEBRTC": true,
            "MOZ_WIDGET_GTK": false,
            "MOZ_WIDGET_TOOLKIT": "android",
            "NIGHTLY_BUILD": false,
            "OMNIJAR_NAME": "assets/omni.ja",
            "RELEASE_OR_BETA": true,
            "SOURCE_REVISION_URL": "https://hg.mozilla.org/releases/mozilla-esr68/rev/d2e0b9e17b9bc1ef02606c8006b73293f7892ad5",
            "TELEMETRY_PING_FORMAT_VERSION": 4,
            "XP_UNIX": true,
            "isPlatformAndVersionAtLeast": {},
            "isPlatformAndVersionAtMost": {},
            "platform": "android"
          },
          "userAgent": "Mozilla/5.0 (Android 8.1.0; Mobile; rv:68.0) Gecko/68.0 Firefox/68.0",
          "windowSize": "360x560"
        },
        "pageinfo": {
          "documentHeight": 1803,
          "documentSize": {
            "decodedBodySize": 124275,
            "encodedBodySize": 16083,
            "transferSize": 16908
          },
          "documentTitle": "آپارات - سرویس اشتراک ویدیو",
          "documentWidth": 360,
          "domElements": 1794,
          "navigationStartTime": 1617069694605,
          "nextHopProtocol": "http/1.1",
          "resources": {
            "count": 0,
            "duration": 0
          },
          "responsive": true,
          "url": "https://www.aparat.com/",
          "visualElements": {
            "heroes": [
              {
                "filename": "31647712-5392__1025.jpg",
                "height": 92,
                "name": "LargestImage",
                "width": 162,
                "x": 182,
                "y": 155
              }
            ],
            "viewport": {
              "height": 560,
              "width": 360
            }
          }
        },
        "timings": {
          "firstPaint": 3078,
          "loadEventEnd": 7699,
          "navigationTiming": {
            "connectStart": 29,
            "domComplete": 7695,
            "domContentLoadedEventEnd": 3558,
            "domContentLoadedEventStart": 3279,
            "domInteractive": 3020,
            "domainLookupEnd": 28,
            "domainLookupStart": 28,
            "duration": 7699,
            "fetchStart": 2,
            "loadEventEnd": 7699,
            "loadEventStart": 7695,
            "redirectEnd": 0,
            "redirectStart": 0,
            "requestStart": 349,
            "responseEnd": 468,
            "responseStart": 468,
            "secureConnectionStart": 153,
            "startTime": 0,
            "unloadEventEnd": 0,
            "unloadEventStart": 0,
            "workerStart": 0
          },
          "pageTimings": {
            "backEndTime": 468,
            "domContentLoadedTime": 3279,
            "domInteractiveTime": 3020,
            "domainLookupTime": 0,
            "frontEndTime": 7227,
            "pageDownloadTime": 0,
            "pageLoadTime": 7695,
            "redirectionTime": 0,
            "serverConnectionTime": 320,
            "serverResponseTime": 119
          },
          "rumSpeedIndex": 468,
          "timeToContentfulPaint": 3463,
          "timeToDomContentFlushed": 3029,
          "userTimings": {
            "marks": [],
            "measures": []
          }
        }
      }
    ],
    "visualMetrics": [],
    "cpu": [],
    "extras": [
      {},
      {},
      {}
    ],
    "fullyLoaded": [],
    "errors": [
      [],
      [],
      []
    ],
    "statistics": {
      "browser": {
        "appConstants": {
          "MOZ_UNSIGNED_SCOPES": {
            "median": 0,
            "mean": 0,
            "mdev": 0,
            "stddev": 0,
            "min": 0,
            "p10": 0,
            "p90": 0,
            "p99": 0,
            "max": 0
          },
          "TELEMETRY_PING_FORMAT_VERSION": {
            "median": 4,
            "mean": 4,
            "mdev": 0,
            "stddev": 0,
            "min": 4,
            "p10": 4,
            "p90": 4,
            "p99": 4,
            "max": 4
          }
        },
        "asyncAppConstants": {
          "MOZ_UNSIGNED_SCOPES": {
            "median": 0,
            "mean": 0,
            "mdev": 0,
            "stddev": 0,
            "min": 0,
            "p10": 0,
            "p90": 0,
            "p99": 0,
            "max": 0
          },
          "TELEMETRY_PING_FORMAT_VERSION": {
            "median": 4,
            "mean": 4,
            "mdev": 0,
            "stddev": 0,
            "min": 4,
            "p10": 4,
            "p90": 4,
            "p99": 4,
            "max": 4
          }
        }
      },
      "pageinfo": {
        "documentHeight": {
          "median": 1803,
          "mean": 1803,
          "mdev": 0,
          "stddev": 0,
          "min": 1803,
          "p10": 1803,
          "p90": 1803,
          "p99": 1803,
          "max": 1803
        },
        "documentSize": {
          "decodedBodySize": {
            "median": 124275,
            "mean": 123580,
            "mdev": 567.7373,
            "stddev": 983,
            "min": 122189,
            "p10": 122189,
            "p90": 124275,
            "p99": 124275,
            "max": 124275
          },
          "encodedBodySize": {
            "median": 16082,
            "mean": 16018,
            "mdev": 52.3924,
            "stddev": 91,
            "min": 15890,
            "p10": 15890,
            "p90": 16083,
            "p99": 16083,
            "max": 16083
          },
          "transferSize": {
            "median": 16894,
            "mean": 16839,
            "mdev": 50.7302,
            "stddev": 88,
            "min": 16715,
            "p10": 16715,
            "p90": 16908,
            "p99": 16908,
            "max": 16908
          }
        },
        "documentWidth": {
          "median": 360,
          "mean": 360,
          "mdev": 0,
          "stddev": 0,
          "min": 360,
          "p10": 360,
          "p90": 360,
          "p99": 360,
          "max": 360
        },
        "domElements": {
          "median": 1794,
          "mean": 1788,
          "mdev": 4.6268,
          "stddev": 8,
          "min": 1777,
          "p10": 1777,
          "p90": 1794,
          "p99": 1794,
          "max": 1794
        },
        "navigationStartTime": {
          "median": 1617069668939,
          "mean": 1617069666761,
          "mdev": 17836.64,
          "stddev": 30894,
          "min": 1617069636739,
          "p10": 1617069636739,
          "p90": 1617069694605,
          "p99": 1617069694605,
          "max": 1617069694605
        },
        "resources": {
          "count": {
            "median": 0,
            "mean": 0,
            "mdev": 0,
            "stddev": 0,
            "min": 0,
            "p10": 0,
            "p90": 0,
            "p99": 0,
            "max": 0
          },
          "duration": {
            "median": 0,
            "mean": 0,
            "mdev": 0,
            "stddev": 0,
            "min": 0,
            "p10": 0,
            "p90": 0,
            "p99": 0,
            "max": 0
          }
        },
        "visualElements": {
          "heroes": [
            {
              "height": {
                "median": 92,
                "mean": 92,
                "mdev": 0,
                "stddev": 0,
                "min": 92,
                "p10": 92,
                "p90": 92,
                "p99": 92,
                "max": 92
              },
              "width": {
                "median": 162,
                "mean": 162,
                "mdev": 0,
                "stddev": 0,
                "min": 162,
                "p10": 162,
                "p90": 162,
                "p99": 162,
                "max": 162
              },
              "x": {
                "median": 182,
                "mean": 182,
                "mdev": 0,
                "stddev": 0,
                "min": 182,
                "p10": 182,
                "p90": 182,
                "p99": 182,
                "max": 182
              },
              "y": {
                "median": 155,
                "mean": 155,
                "mdev": 0,
                "stddev": 0,
                "min": 155,
                "p10": 155,
                "p90": 155,
                "p99": 155,
                "max": 155
              }
            }
          ],
          "viewport": {
            "height": {
              "median": 560,
              "mean": 560,
              "mdev": 0,
              "stddev": 0,
              "min": 560,
              "p10": 560,
              "p90": 560,
              "p99": 560,
              "max": 560
            },
            "width": {
              "median": 360,
              "mean": 360,
              "mdev": 0,
              "stddev": 0,
              "min": 360,
              "p10": 360,
              "p90": 360,
              "p99": 360,
              "max": 360
            }
          }
        }
      },
      "timings": {
        "firstPaint": {
          "median": 2978,
          "mean": 2967,
          "mdev": 55.3481,
          "stddev": 96,
          "min": 2844,
          "p10": 2844,
          "p90": 3078,
          "p99": 3078,
          "max": 3078
        },
        "loadEventEnd": {
          "median": 7699,
          "mean": 7821,
          "mdev": 533.3805,
          "stddev": 924,
          "min": 6756,
          "p10": 6756,
          "p90": 9009,
          "p99": 9009,
          "max": 9009
        },
        "navigationTiming": {
          "connectStart": {
            "median": 41,
            "mean": 38,
            "mdev": 3.7417,
            "stddev": 6,
            "min": 29,
            "p10": 29,
            "p90": 44,
            "p99": 44,
            "max": 44
          },
          "domComplete": {
            "median": 7695,
            "mean": 7814,
            "mdev": 532.3159,
            "stddev": 922,
            "min": 6749,
            "p10": 6749,
            "p90": 8998,
            "p99": 8998,
            "max": 8998
          },
          "domContentLoadedEventEnd": {
            "median": 3157,
            "mean": 3240,
            "mdev": 134.6757,
            "stddev": 233,
            "min": 3005,
            "p10": 3005,
            "p90": 3558,
            "p99": 3558,
            "max": 3558
          },
          "domContentLoadedEventStart": {
            "median": 3092,
            "mean": 3109,
            "mdev": 76.67,
            "stddev": 133,
            "min": 2955,
            "p10": 2955,
            "p90": 3279,
            "p99": 3279,
            "max": 3279
          },
          "domInteractive": {
            "median": 2726,
            "mean": 2789,
            "mdev": 97.4987,
            "stddev": 169,
            "min": 2621,
            "p10": 2621,
            "p90": 3020,
            "p99": 3020,
            "max": 3020
          },
          "domainLookupEnd": {
            "median": 40,
            "mean": 37,
            "mdev": 3.9252,
            "stddev": 7,
            "min": 28,
            "p10": 28,
            "p90": 44,
            "p99": 44,
            "max": 44
          },
          "domainLookupStart": {
            "median": 39,
            "mean": 37,
            "mdev": 3.8586,
            "stddev": 7,
            "min": 28,
            "p10": 28,
            "p90": 44,
            "p99": 44,
            "max": 44
          },
          "duration": {
            "median": 7699,
            "mean": 7821,
            "mdev": 533.3805,
            "stddev": 924,
            "min": 6756,
            "p10": 6756,
            "p90": 9009,
            "p99": 9009,
            "max": 9009
          },
          "fetchStart": {
            "median": 3,
            "mean": 3,
            "mdev": 0.2722,
            "stddev": 0,
            "min": 2,
            "p10": 2,
            "p90": 3,
            "p99": 3,
            "max": 3
          },
          "loadEventEnd": {
            "median": 7699,
            "mean": 7821,
            "mdev": 533.3805,
            "stddev": 924,
            "min": 6756,
            "p10": 6756,
            "p90": 9009,
            "p99": 9009,
            "max": 9009
          },
          "loadEventStart": {
            "median": 7695,
            "mean": 7814,
            "mdev": 532.5631,
            "stddev": 922,
            "min": 6749,
            "p10": 6749,
            "p90": 8999,
            "p99": 8999,
            "max": 8999
          },
          "redirectEnd": {
            "median": 0,
            "mean": 0,
            "mdev": 0,
            "stddev": 0,
            "min": 0,
            "p10": 0,
            "p90": 0,
            "p99": 0,
            "max": 0
          },
          "redirectStart": {
            "median": 0,
            "mean": 0,
            "mdev": 0,
            "stddev": 0,
            "min": 0,
            "p10": 0,
            "p90": 0,
            "p99": 0,
            "max": 0
          },
          "requestStart": {
            "median": 353,
            "mean": 354,
            "mdev": 2.3727,
            "stddev": 4,
            "min": 349,
            "p10": 349,
            "p90": 359,
            "p99": 359,
            "max": 359
          },
          "responseEnd": {
            "median": 473,
            "mean": 474,
            "mdev": 2.8415,
            "stddev": 5,
            "min": 468,
            "p10": 468,
            "p90": 480,
            "p99": 480,
            "max": 480
          },
          "responseStart": {
            "median": 473,
            "mean": 474,
            "mdev": 2.8415,
            "stddev": 5,
            "min": 468,
            "p10": 468,
            "p90": 480,
            "p99": 480,
            "max": 480
          },
          "secureConnectionStart": {
            "median": 167,
            "mean": 163,
            "mdev": 4.2774,
            "stddev": 7,
            "min": 153,
            "p10": 153,
            "p90": 170,
            "p99": 170,
            "max": 170
          },
          "startTime": {
            "median": 0,
            "mean": 0,
            "mdev": 0,
            "stddev": 0,
            "min": 0,
            "p10": 0,
            "p90": 0,
            "p99": 0,
            "max": 0
          },
          "unloadEventEnd": {
            "median": 0,
            "mean": 0,
            "mdev": 0,
            "stddev": 0,
            "min": 0,
            "p10": 0,
            "p90": 0,
            "p99": 0,
            "max": 0
          },
          "unloadEventStart": {
            "median": 0,
            "mean": 0,
            "mdev": 0,
            "stddev": 0,
            "min": 0,
            "p10": 0,
            "p90": 0,
            "p99": 0,
            "max": 0
          },
          "workerStart": {
            "median": 0,
            "mean": 0,
            "mdev": 0,
            "stddev": 0,
            "min": 0,
            "p10": 0,
            "p90": 0,
            "p99": 0,
            "max": 0
          }
        },
        "pageTimings": {
          "backEndTime": {
            "median": 473,
            "mean": 474,
            "mdev": 2.8415,
            "stddev": 5,
            "min": 468,
            "p10": 468,
            "p90": 480,
            "p99": 480,
            "max": 480
          },
          "domContentLoadedTime": {
            "median": 3092,
            "mean": 3109,
            "mdev": 76.67,
            "stddev": 133,
            "min": 2955,
            "p10": 2955,
            "p90": 3279,
            "p99": 3279,
            "max": 3279
          },
          "domInteractiveTime": {
            "median": 2726,
            "mean": 2789,
            "mdev": 97.4987,
            "stddev": 169,
            "min": 2621,
            "p10": 2621,
            "p90": 3020,
            "p99": 3020,
            "max": 3020
          },
          "domainLookupTime": {
            "median": 0,
            "mean": 0,
            "mdev": 0,
            "stddev": 0,
            "min": 0,
            "p10": 0,
            "p90": 0,
            "p99": 0,
            "max": 0
          },
          "frontEndTime": {
            "median": 7227,
            "mean": 7341,
            "mdev": 530.7128,
            "stddev": 919,
            "min": 6276,
            "p10": 6276,
            "p90": 8519,
            "p99": 8519,
            "max": 8519
          },
          "pageDownloadTime": {
            "median": 0,
            "mean": 0,
            "mdev": 0,
            "stddev": 0,
            "min": 0,
            "p10": 0,
            "p90": 0,
            "p99": 0,
            "max": 0
          },
          "pageLoadTime": {
            "median": 7695,
            "mean": 7814,
            "mdev": 532.5631,
            "stddev": 922,
            "min": 6749,
            "p10": 6749,
            "p90": 8999,
            "p99": 8999,
            "max": 8999
          },
          "redirectionTime": {
            "median": 0,
            "mean": 0,
            "mdev": 0,
            "stddev": 0,
            "min": 0,
            "p10": 0,
            "p90": 0,
            "p99": 0,
            "max": 0
          },
          "serverConnectionTime": {
            "median": 314,
            "mean": 315,
            "mdev": 1.9626,
            "stddev": 3,
            "min": 312,
            "p10": 312,
            "p90": 320,
            "p99": 320,
            "max": 320
          },
          "serverResponseTime": {
            "median": 120,
            "mean": 120,
            "mdev": 0.4714,
            "stddev": 1,
            "min": 119,
            "p10": 119,
            "p90": 121,
            "p99": 121,
            "max": 121
          }
        },
        "rumSpeedIndex": {
          "median": 473,
          "mean": 474,
          "mdev": 2.8415,
          "stddev": 5,
          "min": 468,
          "p10": 468,
          "p90": 480,
          "p99": 480,
          "max": 480
        },
        "timeToContentfulPaint": {
          "median": 3211,
          "mean": 3246,
          "mdev": 94.912,
          "stddev": 164,
          "min": 3065,
          "p10": 3065,
          "p90": 3463,
          "p99": 3463,
          "max": 3463
        },
        "timeToDomContentFlushed": {
          "median": 2939,
          "mean": 2925,
          "mdev": 52.8863,
          "stddev": 92,
          "min": 2806,
          "p10": 2806,
          "p90": 3029,
          "p99": 3029,
          "max": 3029
        },
        "timeToFirstInteractive": {
          "median": 9668,
          "mean": 9668,
          "mdev": 783.4743,
          "stddev": 1108,
          "min": 8560,
          "p10": 8560,
          "p90": 10776,
          "p99": 10776,
          "max": 10776
        }
      }
    }
  }
]