[
  {
    "info": {
      "browsertime": {
        "version": "8.4.0"
      },
      "url": "https://stackexchange.com/",
      "timestamp": "2021-03-30T07:56:52+04:00",
      "connectivity": {
        "engine": "external",
        "profile": "native"
      },
      "extra": {}
    },
    "files": {
      "video": [],
      "screenshot": [],
      "timeline": [],
      "consoleLog": [],
      "netLog": [],
      "perfLog": []
    },
    "cdp": {
      "performance": []
    },
    "timestamps": [
      "2021-03-30T07:56:37+04:00",
      "2021-03-30T07:57:03+04:00",
      "2021-03-30T07:57:24+04:00"
    ],
    "browserScripts": [
      {
        "browser": {
          "appConstants": {
            "ACCESSIBILITY": true,
            "ANDROID_PACKAGE_NAME": "org.mozilla.firefox",
            "ASAN": false,
            "ASAN_REPORTER": false,
            "BROWSER_CHROME_URL": "chrome://browser/content/browser.xul",
            "DEBUG": false,
            "DEBUG_JS_MODULES": "",
            "DLL_PREFIX": "lib",
            "DLL_SUFFIX": ".so",
            "EARLY_BETA_OR_EARLIER": false,
            "FENNEC_NIGHTLY": false,
            "HAVE_SHELL_SERVICE": false,
            "HAVE_USR_LIB64_DIR": false,
            "MENUBAR_CAN_AUTOHIDE": false,
            "MOZILLA_OFFICIAL": true,
            "MOZ_ALLOW_LEGACY_EXTENSIONS": false,
            "MOZ_ANDROID_ACTIVITY_STREAM": false,
            "MOZ_ANDROID_HISTORY": true,
            "MOZ_ANDROID_MOZILLA_ONLINE": false,
            "MOZ_APP_NAME": "fennec",
            "MOZ_APP_VERSION": "68.1.1",
            "MOZ_APP_VERSION_DISPLAY": "68.1.1",
            "MOZ_BING_API_CLIENTID": "no-bing-api-clientid",
            "MOZ_BING_API_KEY": "no-bing-api-key",
            "MOZ_BITS_DOWNLOAD": false,
            "MOZ_BUILD_APP": "mobile/android",
            "MOZ_CODE_COVERAGE": false,
            "MOZ_CRASHREPORTER": true,
            "MOZ_DATA_REPORTING": true,
            "MOZ_DEV_EDITION": false,
            "MOZ_GECKO_PROFILER": true,
            "MOZ_GOOGLE_LOCATION_SERVICE_API_KEY": "AIzaSyB2h2OuRcUgy5N-5hsZqiPW6sH3n_rptiQ",
            "MOZ_GOOGLE_SAFEBROWSING_API_KEY": "AIzaSyC7jsptDS3am4tPx4r3nxis7IMjBc5Dovo",
            "MOZ_GRAPHENE": false,
            "MOZ_MACBUNDLE_NAME": "Firefox.app",
            "MOZ_MAINTENANCE_SERVICE": false,
            "MOZ_MOZILLA_API_KEY": "3b4d27dd-703d-4094-8398-4de2c763505a",
            "MOZ_NEW_CERT_STORAGE": false,
            "MOZ_NEW_NOTIFICATION_STORE": false,
            "MOZ_NEW_XULSTORE": false,
            "MOZ_OFFICIAL_BRANDING": false,
            "MOZ_PLACES": false,
            "MOZ_REQUIRE_SIGNING": false,
            "MOZ_SANDBOX": false,
            "MOZ_SERVICES_HEALTHREPORT": true,
            "MOZ_SERVICES_SYNC": false,
            "MOZ_SWITCHBOARD": true,
            "MOZ_SYSTEM_NSS": false,
            "MOZ_TELEMETRY_ON_BY_DEFAULT": false,
            "MOZ_TELEMETRY_REPORTING": true,
            "MOZ_UNSIGNED_SCOPES": 0,
            "MOZ_UPDATER": false,
            "MOZ_UPDATE_CHANNEL": "release",
            "MOZ_WEBRTC": true,
            "MOZ_WIDGET_GTK": false,
            "MOZ_WIDGET_TOOLKIT": "android",
            "NIGHTLY_BUILD": false,
            "OMNIJAR_NAME": "assets/omni.ja",
            "RELEASE_OR_BETA": true,
            "SOURCE_REVISION_URL": "https://hg.mozilla.org/releases/mozilla-esr68/rev/d2e0b9e17b9bc1ef02606c8006b73293f7892ad5",
            "TELEMETRY_PING_FORMAT_VERSION": 4,
            "XP_UNIX": true,
            "isPlatformAndVersionAtLeast": {},
            "isPlatformAndVersionAtMost": {},
            "platform": "android"
          },
          "asyncAppConstants": {
            "ACCESSIBILITY": true,
            "ANDROID_PACKAGE_NAME": "org.mozilla.firefox",
            "ASAN": false,
            "ASAN_REPORTER": false,
            "BROWSER_CHROME_URL": "chrome://browser/content/browser.xul",
            "DEBUG": false,
            "DEBUG_JS_MODULES": "",
            "DLL_PREFIX": "lib",
            "DLL_SUFFIX": ".so",
            "EARLY_BETA_OR_EARLIER": false,
            "FENNEC_NIGHTLY": false,
            "HAVE_SHELL_SERVICE": false,
            "HAVE_USR_LIB64_DIR": false,
            "MENUBAR_CAN_AUTOHIDE": false,
            "MOZILLA_OFFICIAL": true,
            "MOZ_ALLOW_LEGACY_EXTENSIONS": false,
            "MOZ_ANDROID_ACTIVITY_STREAM": false,
            "MOZ_ANDROID_HISTORY": true,
            "MOZ_ANDROID_MOZILLA_ONLINE": false,
            "MOZ_APP_NAME": "fennec",
            "MOZ_APP_VERSION": "68.1.1",
            "MOZ_APP_VERSION_DISPLAY": "68.1.1",
            "MOZ_BING_API_CLIENTID": "no-bing-api-clientid",
            "MOZ_BING_API_KEY": "no-bing-api-key",
            "MOZ_BITS_DOWNLOAD": false,
            "MOZ_BUILD_APP": "mobile/android",
            "MOZ_CODE_COVERAGE": false,
            "MOZ_CRASHREPORTER": true,
            "MOZ_DATA_REPORTING": true,
            "MOZ_DEV_EDITION": false,
            "MOZ_GECKO_PROFILER": true,
            "MOZ_GOOGLE_LOCATION_SERVICE_API_KEY": "AIzaSyB2h2OuRcUgy5N-5hsZqiPW6sH3n_rptiQ",
            "MOZ_GOOGLE_SAFEBROWSING_API_KEY": "AIzaSyC7jsptDS3am4tPx4r3nxis7IMjBc5Dovo",
            "MOZ_GRAPHENE": false,
            "MOZ_MACBUNDLE_NAME": "Firefox.app",
            "MOZ_MAINTENANCE_SERVICE": false,
            "MOZ_MOZILLA_API_KEY": "3b4d27dd-703d-4094-8398-4de2c763505a",
            "MOZ_NEW_CERT_STORAGE": false,
            "MOZ_NEW_NOTIFICATION_STORE": false,
            "MOZ_NEW_XULSTORE": false,
            "MOZ_OFFICIAL_BRANDING": false,
            "MOZ_PLACES": false,
            "MOZ_REQUIRE_SIGNING": false,
            "MOZ_SANDBOX": false,
            "MOZ_SERVICES_HEALTHREPORT": true,
            "MOZ_SERVICES_SYNC": false,
            "MOZ_SWITCHBOARD": true,
            "MOZ_SYSTEM_NSS": false,
            "MOZ_TELEMETRY_ON_BY_DEFAULT": false,
            "MOZ_TELEMETRY_REPORTING": true,
            "MOZ_UNSIGNED_SCOPES": 0,
            "MOZ_UPDATER": false,
            "MOZ_UPDATE_CHANNEL": "release",
            "MOZ_WEBRTC": true,
            "MOZ_WIDGET_GTK": false,
            "MOZ_WIDGET_TOOLKIT": "android",
            "NIGHTLY_BUILD": false,
            "OMNIJAR_NAME": "assets/omni.ja",
            "RELEASE_OR_BETA": true,
            "SOURCE_REVISION_URL": "https://hg.mozilla.org/releases/mozilla-esr68/rev/d2e0b9e17b9bc1ef02606c8006b73293f7892ad5",
            "TELEMETRY_PING_FORMAT_VERSION": 4,
            "XP_UNIX": true,
            "isPlatformAndVersionAtLeast": {},
            "isPlatformAndVersionAtMost": {},
            "platform": "android"
          },
          "userAgent": "Mozilla/5.0 (Android 8.1.0; Mobile; rv:68.0) Gecko/68.0 Firefox/68.0",
          "windowSize": "360x560"
        },
        "pageinfo": {
          "documentHeight": 3670,
          "documentSize": {
            "decodedBodySize": 132717,
            "encodedBodySize": 23219,
            "transferSize": 24180
          },
          "documentTitle": "Hot Questions - Stack Exchange",
          "documentWidth": 980,
          "domElements": 1246,
          "navigationStartTime": 1617076598044,
          "nextHopProtocol": "h2",
          "resources": {
            "count": 0,
            "duration": 0
          },
          "responsive": true,
          "url": "https://stackexchange.com/",
          "visualElements": {
            "heroes": [
              {
                "filename": "vote.png",
                "height": 86,
                "name": "LargestImage",
                "width": 141,
                "x": 405,
                "y": 260
              },
              {
                "filename": null,
                "height": 52,
                "name": "Heading",
                "width": 223,
                "x": 10,
                "y": 65
              }
            ],
            "viewport": {
              "height": 1524,
              "width": 980
            }
          }
        },
        "timings": {
          "firstPaint": 2188,
          "loadEventEnd": 8447,
          "navigationTiming": {
            "connectStart": 33,
            "domComplete": 8445,
            "domContentLoadedEventEnd": 2165,
            "domContentLoadedEventStart": 2099,
            "domInteractive": 1730,
            "domainLookupEnd": 32,
            "domainLookupStart": 32,
            "duration": 8447,
            "fetchStart": 3,
            "loadEventEnd": 8447,
            "loadEventStart": 8446,
            "redirectEnd": 0,
            "redirectStart": 0,
            "requestStart": 136,
            "responseEnd": 340,
            "responseStart": 340,
            "secureConnectionStart": 44,
            "startTime": 0,
            "unloadEventEnd": 0,
            "unloadEventStart": 0,
            "workerStart": 0
          },
          "pageTimings": {
            "backEndTime": 340,
            "domContentLoadedTime": 2099,
            "domInteractiveTime": 1730,
            "domainLookupTime": 0,
            "frontEndTime": 8106,
            "pageDownloadTime": 0,
            "pageLoadTime": 8446,
            "redirectionTime": 0,
            "serverConnectionTime": 99,
            "serverResponseTime": 204
          },
          "rumSpeedIndex": 340,
          "timeToContentfulPaint": 2554,
          "timeToDomContentFlushed": 2040,
          "timeToFirstInteractive": 7514,
          "userTimings": {
            "marks": [],
            "measures": []
          }
        }
      },
      {
        "browser": {
          "appConstants": {
            "ACCESSIBILITY": true,
            "ANDROID_PACKAGE_NAME": "org.mozilla.firefox",
            "ASAN": false,
            "ASAN_REPORTER": false,
            "BROWSER_CHROME_URL": "chrome://browser/content/browser.xul",
            "DEBUG": false,
            "DEBUG_JS_MODULES": "",
            "DLL_PREFIX": "lib",
            "DLL_SUFFIX": ".so",
            "EARLY_BETA_OR_EARLIER": false,
            "FENNEC_NIGHTLY": false,
            "HAVE_SHELL_SERVICE": false,
            "HAVE_USR_LIB64_DIR": false,
            "MENUBAR_CAN_AUTOHIDE": false,
            "MOZILLA_OFFICIAL": true,
            "MOZ_ALLOW_LEGACY_EXTENSIONS": false,
            "MOZ_ANDROID_ACTIVITY_STREAM": false,
            "MOZ_ANDROID_HISTORY": true,
            "MOZ_ANDROID_MOZILLA_ONLINE": false,
            "MOZ_APP_NAME": "fennec",
            "MOZ_APP_VERSION": "68.1.1",
            "MOZ_APP_VERSION_DISPLAY": "68.1.1",
            "MOZ_BING_API_CLIENTID": "no-bing-api-clientid",
            "MOZ_BING_API_KEY": "no-bing-api-key",
            "MOZ_BITS_DOWNLOAD": false,
            "MOZ_BUILD_APP": "mobile/android",
            "MOZ_CODE_COVERAGE": false,
            "MOZ_CRASHREPORTER": true,
            "MOZ_DATA_REPORTING": true,
            "MOZ_DEV_EDITION": false,
            "MOZ_GECKO_PROFILER": true,
            "MOZ_GOOGLE_LOCATION_SERVICE_API_KEY": "AIzaSyB2h2OuRcUgy5N-5hsZqiPW6sH3n_rptiQ",
            "MOZ_GOOGLE_SAFEBROWSING_API_KEY": "AIzaSyC7jsptDS3am4tPx4r3nxis7IMjBc5Dovo",
            "MOZ_GRAPHENE": false,
            "MOZ_MACBUNDLE_NAME": "Firefox.app",
            "MOZ_MAINTENANCE_SERVICE": false,
            "MOZ_MOZILLA_API_KEY": "3b4d27dd-703d-4094-8398-4de2c763505a",
            "MOZ_NEW_CERT_STORAGE": false,
            "MOZ_NEW_NOTIFICATION_STORE": false,
            "MOZ_NEW_XULSTORE": false,
            "MOZ_OFFICIAL_BRANDING": false,
            "MOZ_PLACES": false,
            "MOZ_REQUIRE_SIGNING": false,
            "MOZ_SANDBOX": false,
            "MOZ_SERVICES_HEALTHREPORT": true,
            "MOZ_SERVICES_SYNC": false,
            "MOZ_SWITCHBOARD": true,
            "MOZ_SYSTEM_NSS": false,
            "MOZ_TELEMETRY_ON_BY_DEFAULT": false,
            "MOZ_TELEMETRY_REPORTING": true,
            "MOZ_UNSIGNED_SCOPES": 0,
            "MOZ_UPDATER": false,
            "MOZ_UPDATE_CHANNEL": "release",
            "MOZ_WEBRTC": true,
            "MOZ_WIDGET_GTK": false,
            "MOZ_WIDGET_TOOLKIT": "android",
            "NIGHTLY_BUILD": false,
            "OMNIJAR_NAME": "assets/omni.ja",
            "RELEASE_OR_BETA": true,
            "SOURCE_REVISION_URL": "https://hg.mozilla.org/releases/mozilla-esr68/rev/d2e0b9e17b9bc1ef02606c8006b73293f7892ad5",
            "TELEMETRY_PING_FORMAT_VERSION": 4,
            "XP_UNIX": true,
            "isPlatformAndVersionAtLeast": {},
            "isPlatformAndVersionAtMost": {},
            "platform": "android"
          },
          "asyncAppConstants": {
            "ACCESSIBILITY": true,
            "ANDROID_PACKAGE_NAME": "org.mozilla.firefox",
            "ASAN": false,
            "ASAN_REPORTER": false,
            "BROWSER_CHROME_URL": "chrome://browser/content/browser.xul",
            "DEBUG": false,
            "DEBUG_JS_MODULES": "",
            "DLL_PREFIX": "lib",
            "DLL_SUFFIX": ".so",
            "EARLY_BETA_OR_EARLIER": false,
            "FENNEC_NIGHTLY": false,
            "HAVE_SHELL_SERVICE": false,
            "HAVE_USR_LIB64_DIR": false,
            "MENUBAR_CAN_AUTOHIDE": false,
            "MOZILLA_OFFICIAL": true,
            "MOZ_ALLOW_LEGACY_EXTENSIONS": false,
            "MOZ_ANDROID_ACTIVITY_STREAM": false,
            "MOZ_ANDROID_HISTORY": true,
            "MOZ_ANDROID_MOZILLA_ONLINE": false,
            "MOZ_APP_NAME": "fennec",
            "MOZ_APP_VERSION": "68.1.1",
            "MOZ_APP_VERSION_DISPLAY": "68.1.1",
            "MOZ_BING_API_CLIENTID": "no-bing-api-clientid",
            "MOZ_BING_API_KEY": "no-bing-api-key",
            "MOZ_BITS_DOWNLOAD": false,
            "MOZ_BUILD_APP": "mobile/android",
            "MOZ_CODE_COVERAGE": false,
            "MOZ_CRASHREPORTER": true,
            "MOZ_DATA_REPORTING": true,
            "MOZ_DEV_EDITION": false,
            "MOZ_GECKO_PROFILER": true,
            "MOZ_GOOGLE_LOCATION_SERVICE_API_KEY": "AIzaSyB2h2OuRcUgy5N-5hsZqiPW6sH3n_rptiQ",
            "MOZ_GOOGLE_SAFEBROWSING_API_KEY": "AIzaSyC7jsptDS3am4tPx4r3nxis7IMjBc5Dovo",
            "MOZ_GRAPHENE": false,
            "MOZ_MACBUNDLE_NAME": "Firefox.app",
            "MOZ_MAINTENANCE_SERVICE": false,
            "MOZ_MOZILLA_API_KEY": "3b4d27dd-703d-4094-8398-4de2c763505a",
            "MOZ_NEW_CERT_STORAGE": false,
            "MOZ_NEW_NOTIFICATION_STORE": false,
            "MOZ_NEW_XULSTORE": false,
            "MOZ_OFFICIAL_BRANDING": false,
            "MOZ_PLACES": false,
            "MOZ_REQUIRE_SIGNING": false,
            "MOZ_SANDBOX": false,
            "MOZ_SERVICES_HEALTHREPORT": true,
            "MOZ_SERVICES_SYNC": false,
            "MOZ_SWITCHBOARD": true,
            "MOZ_SYSTEM_NSS": false,
            "MOZ_TELEMETRY_ON_BY_DEFAULT": false,
            "MOZ_TELEMETRY_REPORTING": true,
            "MOZ_UNSIGNED_SCOPES": 0,
            "MOZ_UPDATER": false,
            "MOZ_UPDATE_CHANNEL": "release",
            "MOZ_WEBRTC": true,
            "MOZ_WIDGET_GTK": false,
            "MOZ_WIDGET_TOOLKIT": "android",
            "NIGHTLY_BUILD": false,
            "OMNIJAR_NAME": "assets/omni.ja",
            "RELEASE_OR_BETA": true,
            "SOURCE_REVISION_URL": "https://hg.mozilla.org/releases/mozilla-esr68/rev/d2e0b9e17b9bc1ef02606c8006b73293f7892ad5",
            "TELEMETRY_PING_FORMAT_VERSION": 4,
            "XP_UNIX": true,
            "isPlatformAndVersionAtLeast": {},
            "isPlatformAndVersionAtMost": {},
            "platform": "android"
          },
          "userAgent": "Mozilla/5.0 (Android 8.1.0; Mobile; rv:68.0) Gecko/68.0 Firefox/68.0",
          "windowSize": "360x560"
        },
        "pageinfo": {
          "documentHeight": 3670,
          "documentSize": {
            "decodedBodySize": 132717,
            "encodedBodySize": 23219,
            "transferSize": 24180
          },
          "documentTitle": "Hot Questions - Stack Exchange",
          "documentWidth": 980,
          "domElements": 1246,
          "navigationStartTime": 1617076623927,
          "nextHopProtocol": "h2",
          "resources": {
            "count": 0,
            "duration": 0
          },
          "responsive": true,
          "url": "https://stackexchange.com/",
          "visualElements": {
            "heroes": [
              {
                "filename": "vote.png",
                "height": 86,
                "name": "LargestImage",
                "width": 141,
                "x": 405,
                "y": 260
              },
              {
                "filename": null,
                "height": 52,
                "name": "Heading",
                "width": 223,
                "x": 10,
                "y": 65
              }
            ],
            "viewport": {
              "height": 1524,
              "width": 980
            }
          }
        },
        "timings": {
          "firstPaint": 1855,
          "loadEventEnd": 3368,
          "navigationTiming": {
            "connectStart": 38,
            "domComplete": 3367,
            "domContentLoadedEventEnd": 2201,
            "domContentLoadedEventStart": 2131,
            "domInteractive": 1492,
            "domainLookupEnd": 37,
            "domainLookupStart": 37,
            "duration": 3368,
            "fetchStart": 3,
            "loadEventEnd": 3368,
            "loadEventStart": 3367,
            "redirectEnd": 0,
            "redirectStart": 0,
            "requestStart": 135,
            "responseEnd": 341,
            "responseStart": 341,
            "secureConnectionStart": 52,
            "startTime": 0,
            "unloadEventEnd": 0,
            "unloadEventStart": 0,
            "workerStart": 0
          },
          "pageTimings": {
            "backEndTime": 341,
            "domContentLoadedTime": 2131,
            "domInteractiveTime": 1492,
            "domainLookupTime": 0,
            "frontEndTime": 3027,
            "pageDownloadTime": 0,
            "pageLoadTime": 3367,
            "redirectionTime": 0,
            "serverConnectionTime": 95,
            "serverResponseTime": 206
          },
          "rumSpeedIndex": 340,
          "timeToContentfulPaint": 2265,
          "timeToDomContentFlushed": 1793,
          "userTimings": {
            "marks": [],
            "measures": []
          }
        }
      },
      {
        "browser": {
          "appConstants": {
            "ACCESSIBILITY": true,
            "ANDROID_PACKAGE_NAME": "org.mozilla.firefox",
            "ASAN": false,
            "ASAN_REPORTER": false,
            "BROWSER_CHROME_URL": "chrome://browser/content/browser.xul",
            "DEBUG": false,
            "DEBUG_JS_MODULES": "",
            "DLL_PREFIX": "lib",
            "DLL_SUFFIX": ".so",
            "EARLY_BETA_OR_EARLIER": false,
            "FENNEC_NIGHTLY": false,
            "HAVE_SHELL_SERVICE": false,
            "HAVE_USR_LIB64_DIR": false,
            "MENUBAR_CAN_AUTOHIDE": false,
            "MOZILLA_OFFICIAL": true,
            "MOZ_ALLOW_LEGACY_EXTENSIONS": false,
            "MOZ_ANDROID_ACTIVITY_STREAM": false,
            "MOZ_ANDROID_HISTORY": true,
            "MOZ_ANDROID_MOZILLA_ONLINE": false,
            "MOZ_APP_NAME": "fennec",
            "MOZ_APP_VERSION": "68.1.1",
            "MOZ_APP_VERSION_DISPLAY": "68.1.1",
            "MOZ_BING_API_CLIENTID": "no-bing-api-clientid",
            "MOZ_BING_API_KEY": "no-bing-api-key",
            "MOZ_BITS_DOWNLOAD": false,
            "MOZ_BUILD_APP": "mobile/android",
            "MOZ_CODE_COVERAGE": false,
            "MOZ_CRASHREPORTER": true,
            "MOZ_DATA_REPORTING": true,
            "MOZ_DEV_EDITION": false,
            "MOZ_GECKO_PROFILER": true,
            "MOZ_GOOGLE_LOCATION_SERVICE_API_KEY": "AIzaSyB2h2OuRcUgy5N-5hsZqiPW6sH3n_rptiQ",
            "MOZ_GOOGLE_SAFEBROWSING_API_KEY": "AIzaSyC7jsptDS3am4tPx4r3nxis7IMjBc5Dovo",
            "MOZ_GRAPHENE": false,
            "MOZ_MACBUNDLE_NAME": "Firefox.app",
            "MOZ_MAINTENANCE_SERVICE": false,
            "MOZ_MOZILLA_API_KEY": "3b4d27dd-703d-4094-8398-4de2c763505a",
            "MOZ_NEW_CERT_STORAGE": false,
            "MOZ_NEW_NOTIFICATION_STORE": false,
            "MOZ_NEW_XULSTORE": false,
            "MOZ_OFFICIAL_BRANDING": false,
            "MOZ_PLACES": false,
            "MOZ_REQUIRE_SIGNING": false,
            "MOZ_SANDBOX": false,
            "MOZ_SERVICES_HEALTHREPORT": true,
            "MOZ_SERVICES_SYNC": false,
            "MOZ_SWITCHBOARD": true,
            "MOZ_SYSTEM_NSS": false,
            "MOZ_TELEMETRY_ON_BY_DEFAULT": false,
            "MOZ_TELEMETRY_REPORTING": true,
            "MOZ_UNSIGNED_SCOPES": 0,
            "MOZ_UPDATER": false,
            "MOZ_UPDATE_CHANNEL": "release",
            "MOZ_WEBRTC": true,
            "MOZ_WIDGET_GTK": false,
            "MOZ_WIDGET_TOOLKIT": "android",
            "NIGHTLY_BUILD": false,
            "OMNIJAR_NAME": "assets/omni.ja",
            "RELEASE_OR_BETA": true,
            "SOURCE_REVISION_URL": "https://hg.mozilla.org/releases/mozilla-esr68/rev/d2e0b9e17b9bc1ef02606c8006b73293f7892ad5",
            "TELEMETRY_PING_FORMAT_VERSION": 4,
            "XP_UNIX": true,
            "isPlatformAndVersionAtLeast": {},
            "isPlatformAndVersionAtMost": {},
            "platform": "android"
          },
          "asyncAppConstants": {
            "ACCESSIBILITY": true,
            "ANDROID_PACKAGE_NAME": "org.mozilla.firefox",
            "ASAN": false,
            "ASAN_REPORTER": false,
            "BROWSER_CHROME_URL": "chrome://browser/content/browser.xul",
            "DEBUG": false,
            "DEBUG_JS_MODULES": "",
            "DLL_PREFIX": "lib",
            "DLL_SUFFIX": ".so",
            "EARLY_BETA_OR_EARLIER": false,
            "FENNEC_NIGHTLY": false,
            "HAVE_SHELL_SERVICE": false,
            "HAVE_USR_LIB64_DIR": false,
            "MENUBAR_CAN_AUTOHIDE": false,
            "MOZILLA_OFFICIAL": true,
            "MOZ_ALLOW_LEGACY_EXTENSIONS": false,
            "MOZ_ANDROID_ACTIVITY_STREAM": false,
            "MOZ_ANDROID_HISTORY": true,
            "MOZ_ANDROID_MOZILLA_ONLINE": false,
            "MOZ_APP_NAME": "fennec",
            "MOZ_APP_VERSION": "68.1.1",
            "MOZ_APP_VERSION_DISPLAY": "68.1.1",
            "MOZ_BING_API_CLIENTID": "no-bing-api-clientid",
            "MOZ_BING_API_KEY": "no-bing-api-key",
            "MOZ_BITS_DOWNLOAD": false,
            "MOZ_BUILD_APP": "mobile/android",
            "MOZ_CODE_COVERAGE": false,
            "MOZ_CRASHREPORTER": true,
            "MOZ_DATA_REPORTING": true,
            "MOZ_DEV_EDITION": false,
            "MOZ_GECKO_PROFILER": true,
            "MOZ_GOOGLE_LOCATION_SERVICE_API_KEY": "AIzaSyB2h2OuRcUgy5N-5hsZqiPW6sH3n_rptiQ",
            "MOZ_GOOGLE_SAFEBROWSING_API_KEY": "AIzaSyC7jsptDS3am4tPx4r3nxis7IMjBc5Dovo",
            "MOZ_GRAPHENE": false,
            "MOZ_MACBUNDLE_NAME": "Firefox.app",
            "MOZ_MAINTENANCE_SERVICE": false,
            "MOZ_MOZILLA_API_KEY": "3b4d27dd-703d-4094-8398-4de2c763505a",
            "MOZ_NEW_CERT_STORAGE": false,
            "MOZ_NEW_NOTIFICATION_STORE": false,
            "MOZ_NEW_XULSTORE": false,
            "MOZ_OFFICIAL_BRANDING": false,
            "MOZ_PLACES": false,
            "MOZ_REQUIRE_SIGNING": false,
            "MOZ_SANDBOX": false,
            "MOZ_SERVICES_HEALTHREPORT": true,
            "MOZ_SERVICES_SYNC": false,
            "MOZ_SWITCHBOARD": true,
            "MOZ_SYSTEM_NSS": false,
            "MOZ_TELEMETRY_ON_BY_DEFAULT": false,
            "MOZ_TELEMETRY_REPORTING": true,
            "MOZ_UNSIGNED_SCOPES": 0,
            "MOZ_UPDATER": false,
            "MOZ_UPDATE_CHANNEL": "release",
            "MOZ_WEBRTC": true,
            "MOZ_WIDGET_GTK": false,
            "MOZ_WIDGET_TOOLKIT": "android",
            "NIGHTLY_BUILD": false,
            "OMNIJAR_NAME": "assets/omni.ja",
            "RELEASE_OR_BETA": true,
            "SOURCE_REVISION_URL": "https://hg.mozilla.org/releases/mozilla-esr68/rev/d2e0b9e17b9bc1ef02606c8006b73293f7892ad5",
            "TELEMETRY_PING_FORMAT_VERSION": 4,
            "XP_UNIX": true,
            "isPlatformAndVersionAtLeast": {},
            "isPlatformAndVersionAtMost": {},
            "platform": "android"
          },
          "userAgent": "Mozilla/5.0 (Android 8.1.0; Mobile; rv:68.0) Gecko/68.0 Firefox/68.0",
          "windowSize": "360x560"
        },
        "pageinfo": {
          "documentHeight": 3670,
          "documentSize": {
            "decodedBodySize": 132717,
            "encodedBodySize": 23219,
            "transferSize": 24180
          },
          "documentTitle": "Hot Questions - Stack Exchange",
          "documentWidth": 980,
          "domElements": 1246,
          "navigationStartTime": 1617076646343,
          "nextHopProtocol": "h2",
          "resources": {
            "count": 0,
            "duration": 0
          },
          "responsive": true,
          "url": "https://stackexchange.com/",
          "visualElements": {
            "heroes": [
              {
                "filename": "vote.png",
                "height": 86,
                "name": "LargestImage",
                "width": 141,
                "x": 405,
                "y": 260
              },
              {
                "filename": null,
                "height": 52,
                "name": "Heading",
                "width": 223,
                "x": 10,
                "y": 65
              }
            ],
            "viewport": {
              "height": 1524,
              "width": 980
            }
          }
        },
        "timings": {
          "firstPaint": 2003,
          "loadEventEnd": 3720,
          "navigationTiming": {
            "connectStart": 31,
            "domComplete": 3720,
            "domContentLoadedEventEnd": 2357,
            "domContentLoadedEventStart": 2285,
            "domInteractive": 1644,
            "domainLookupEnd": 31,
            "domainLookupStart": 31,
            "duration": 3720,
            "fetchStart": 2,
            "loadEventEnd": 3720,
            "loadEventStart": 3720,
            "redirectEnd": 0,
            "redirectStart": 0,
            "requestStart": 142,
            "responseEnd": 334,
            "responseStart": 334,
            "secureConnectionStart": 45,
            "startTime": 0,
            "unloadEventEnd": 0,
            "unloadEventStart": 0,
            "workerStart": 0
          },
          "pageTimings": {
            "backEndTime": 334,
            "domContentLoadedTime": 2285,
            "domInteractiveTime": 1644,
            "domainLookupTime": 0,
            "frontEndTime": 3386,
            "pageDownloadTime": 0,
            "pageLoadTime": 3720,
            "redirectionTime": 0,
            "serverConnectionTime": 110,
            "serverResponseTime": 192
          },
          "rumSpeedIndex": 333,
          "timeToContentfulPaint": 2441,
          "timeToDomContentFlushed": 1941,
          "userTimings": {
            "marks": [],
            "measures": []
          }
        }
      }
    ],
    "visualMetrics": [],
    "cpu": [],
    "extras": [
      {},
      {},
      {}
    ],
    "fullyLoaded": [],
    "errors": [
      [],
      [],
      []
    ],
    "statistics": {
      "browser": {
        "appConstants": {
          "MOZ_UNSIGNED_SCOPES": {
            "median": 0,
            "mean": 0,
            "mdev": 0,
            "stddev": 0,
            "min": 0,
            "p10": 0,
            "p90": 0,
            "p99": 0,
            "max": 0
          },
          "TELEMETRY_PING_FORMAT_VERSION": {
            "median": 4,
            "mean": 4,
            "mdev": 0,
            "stddev": 0,
            "min": 4,
            "p10": 4,
            "p90": 4,
            "p99": 4,
            "max": 4
          }
        },
        "asyncAppConstants": {
          "MOZ_UNSIGNED_SCOPES": {
            "median": 0,
            "mean": 0,
            "mdev": 0,
            "stddev": 0,
            "min": 0,
            "p10": 0,
            "p90": 0,
            "p99": 0,
            "max": 0
          },
          "TELEMETRY_PING_FORMAT_VERSION": {
            "median": 4,
            "mean": 4,
            "mdev": 0,
            "stddev": 0,
            "min": 4,
            "p10": 4,
            "p90": 4,
            "p99": 4,
            "max": 4
          }
        }
      },
      "pageinfo": {
        "documentHeight": {
          "median": 3670,
          "mean": 3670,
          "mdev": 0,
          "stddev": 0,
          "min": 3670,
          "p10": 3670,
          "p90": 3670,
          "p99": 3670,
          "max": 3670
        },
        "documentSize": {
          "decodedBodySize": {
            "median": 132717,
            "mean": 132717,
            "mdev": 0,
            "stddev": 0,
            "min": 132717,
            "p10": 132717,
            "p90": 132717,
            "p99": 132717,
            "max": 132717
          },
          "encodedBodySize": {
            "median": 23219,
            "mean": 23219,
            "mdev": 0,
            "stddev": 0,
            "min": 23219,
            "p10": 23219,
            "p90": 23219,
            "p99": 23219,
            "max": 23219
          },
          "transferSize": {
            "median": 24180,
            "mean": 24180,
            "mdev": 0,
            "stddev": 0,
            "min": 24180,
            "p10": 24180,
            "p90": 24180,
            "p99": 24180,
            "max": 24180
          }
        },
        "documentWidth": {
          "median": 980,
          "mean": 980,
          "mdev": 0,
          "stddev": 0,
          "min": 980,
          "p10": 980,
          "p90": 980,
          "p99": 980,
          "max": 980
        },
        "domElements": {
          "median": 1246,
          "mean": 1246,
          "mdev": 0,
          "stddev": 0,
          "min": 1246,
          "p10": 1246,
          "p90": 1246,
          "p99": 1246,
          "max": 1246
        },
        "navigationStartTime": {
          "median": 1617076623927,
          "mean": 1617076622771,
          "mdev": 0,
          "stddev": 0,
          "min": 1617076598044,
          "p10": 1617076598044,
          "p90": 1617076646343,
          "p99": 1617076646343,
          "max": 1617076646343
        },
        "resources": {
          "count": {
            "median": 0,
            "mean": 0,
            "mdev": 0,
            "stddev": 0,
            "min": 0,
            "p10": 0,
            "p90": 0,
            "p99": 0,
            "max": 0
          },
          "duration": {
            "median": 0,
            "mean": 0,
            "mdev": 0,
            "stddev": 0,
            "min": 0,
            "p10": 0,
            "p90": 0,
            "p99": 0,
            "max": 0
          }
        },
        "visualElements": {
          "heroes": [
            {
              "height": {
                "median": 86,
                "mean": 86,
                "mdev": 0,
                "stddev": 0,
                "min": 86,
                "p10": 86,
                "p90": 86,
                "p99": 86,
                "max": 86
              },
              "width": {
                "median": 141,
                "mean": 141,
                "mdev": 0,
                "stddev": 0,
                "min": 141,
                "p10": 141,
                "p90": 141,
                "p99": 141,
                "max": 141
              },
              "x": {
                "median": 405,
                "mean": 405,
                "mdev": 0,
                "stddev": 0,
                "min": 405,
                "p10": 405,
                "p90": 405,
                "p99": 405,
                "max": 405
              },
              "y": {
                "median": 260,
                "mean": 260,
                "mdev": 0,
                "stddev": 0,
                "min": 260,
                "p10": 260,
                "p90": 260,
                "p99": 260,
                "max": 260
              }
            },
            {
              "height": {
                "median": 52,
                "mean": 52,
                "mdev": 0,
                "stddev": 0,
                "min": 52,
                "p10": 52,
                "p90": 52,
                "p99": 52,
                "max": 52
              },
              "width": {
                "median": 223,
                "mean": 223,
                "mdev": 0,
                "stddev": 0,
                "min": 223,
                "p10": 223,
                "p90": 223,
                "p99": 223,
                "max": 223
              },
              "x": {
                "median": 10,
                "mean": 10,
                "mdev": 0,
                "stddev": 0,
                "min": 10,
                "p10": 10,
                "p90": 10,
                "p99": 10,
                "max": 10
              },
              "y": {
                "median": 65,
                "mean": 65,
                "mdev": 0,
                "stddev": 0,
                "min": 65,
                "p10": 65,
                "p90": 65,
                "p99": 65,
                "max": 65
              }
            }
          ],
          "viewport": {
            "height": {
              "median": 1524,
              "mean": 1524,
              "mdev": 0,
              "stddev": 0,
              "min": 1524,
              "p10": 1524,
              "p90": 1524,
              "p99": 1524,
              "max": 1524
            },
            "width": {
              "median": 980,
              "mean": 980,
              "mdev": 0,
              "stddev": 0,
              "min": 980,
              "p10": 980,
              "p90": 980,
              "p99": 980,
              "max": 980
            }
          }
        }
      },
      "timings": {
        "firstPaint": {
          "median": 2003,
          "mean": 2015,
          "mdev": 78.6502,
          "stddev": 136,
          "min": 1855,
          "p10": 1855,
          "p90": 2188,
          "p99": 2188,
          "max": 2188
        },
        "loadEventEnd": {
          "median": 3720,
          "mean": 5178,
          "mdev": 1337.0043,
          "stddev": 2316,
          "min": 3368,
          "p10": 3368,
          "p90": 8447,
          "p99": 8447,
          "max": 8447
        },
        "navigationTiming": {
          "connectStart": {
            "median": 33,
            "mean": 34,
            "mdev": 1.6997,
            "stddev": 3,
            "min": 31,
            "p10": 31,
            "p90": 38,
            "p99": 38,
            "max": 38
          },
          "domComplete": {
            "median": 3720,
            "mean": 5177,
            "mdev": 1336.6115,
            "stddev": 2315,
            "min": 3367,
            "p10": 3367,
            "p90": 8445,
            "p99": 8445,
            "max": 8445
          },
          "domContentLoadedEventEnd": {
            "median": 2201,
            "mean": 2241,
            "mdev": 48.111,
            "stddev": 83,
            "min": 2165,
            "p10": 2165,
            "p90": 2357,
            "p99": 2357,
            "max": 2357
          },
          "domContentLoadedEventStart": {
            "median": 2131,
            "mean": 2172,
            "mdev": 46.8789,
            "stddev": 81,
            "min": 2099,
            "p10": 2099,
            "p90": 2285,
            "p99": 2285,
            "max": 2285
          },
          "domInteractive": {
            "median": 1644,
            "mean": 1622,
            "mdev": 56.8116,
            "stddev": 98,
            "min": 1492,
            "p10": 1492,
            "p90": 1730,
            "p99": 1730,
            "max": 1730
          },
          "domainLookupEnd": {
            "median": 32,
            "mean": 33,
            "mdev": 1.5154,
            "stddev": 3,
            "min": 31,
            "p10": 31,
            "p90": 37,
            "p99": 37,
            "max": 37
          },
          "domainLookupStart": {
            "median": 32,
            "mean": 33,
            "mdev": 1.5154,
            "stddev": 3,
            "min": 31,
            "p10": 31,
            "p90": 37,
            "p99": 37,
            "max": 37
          },
          "duration": {
            "median": 3720,
            "mean": 5178,
            "mdev": 1337.0043,
            "stddev": 2316,
            "min": 3368,
            "p10": 3368,
            "p90": 8447,
            "p99": 8447,
            "max": 8447
          },
          "fetchStart": {
            "median": 3,
            "mean": 3,
            "mdev": 0.2722,
            "stddev": 0,
            "min": 2,
            "p10": 2,
            "p90": 3,
            "p99": 3,
            "max": 3
          },
          "loadEventEnd": {
            "median": 3720,
            "mean": 5178,
            "mdev": 1337.0043,
            "stddev": 2316,
            "min": 3368,
            "p10": 3368,
            "p90": 8447,
            "p99": 8447,
            "max": 8447
          },
          "loadEventStart": {
            "median": 3720,
            "mean": 5178,
            "mdev": 1336.8831,
            "stddev": 2316,
            "min": 3367,
            "p10": 3367,
            "p90": 8446,
            "p99": 8446,
            "max": 8446
          },
          "redirectEnd": {
            "median": 0,
            "mean": 0,
            "mdev": 0,
            "stddev": 0,
            "min": 0,
            "p10": 0,
            "p90": 0,
            "p99": 0,
            "max": 0
          },
          "redirectStart": {
            "median": 0,
            "mean": 0,
            "mdev": 0,
            "stddev": 0,
            "min": 0,
            "p10": 0,
            "p90": 0,
            "p99": 0,
            "max": 0
          },
          "requestStart": {
            "median": 136,
            "mean": 138,
            "mdev": 1.7847,
            "stddev": 3,
            "min": 135,
            "p10": 135,
            "p90": 142,
            "p99": 142,
            "max": 142
          },
          "responseEnd": {
            "median": 340,
            "mean": 338,
            "mdev": 1.7847,
            "stddev": 3,
            "min": 334,
            "p10": 334,
            "p90": 341,
            "p99": 341,
            "max": 341
          },
          "responseStart": {
            "median": 340,
            "mean": 338,
            "mdev": 1.7847,
            "stddev": 3,
            "min": 334,
            "p10": 334,
            "p90": 341,
            "p99": 341,
            "max": 341
          },
          "secureConnectionStart": {
            "median": 45,
            "mean": 47,
            "mdev": 2.0548,
            "stddev": 4,
            "min": 44,
            "p10": 44,
            "p90": 52,
            "p99": 52,
            "max": 52
          },
          "startTime": {
            "median": 0,
            "mean": 0,
            "mdev": 0,
            "stddev": 0,
            "min": 0,
            "p10": 0,
            "p90": 0,
            "p99": 0,
            "max": 0
          },
          "unloadEventEnd": {
            "median": 0,
            "mean": 0,
            "mdev": 0,
            "stddev": 0,
            "min": 0,
            "p10": 0,
            "p90": 0,
            "p99": 0,
            "max": 0
          },
          "unloadEventStart": {
            "median": 0,
            "mean": 0,
            "mdev": 0,
            "stddev": 0,
            "min": 0,
            "p10": 0,
            "p90": 0,
            "p99": 0,
            "max": 0
          },
          "workerStart": {
            "median": 0,
            "mean": 0,
            "mdev": 0,
            "stddev": 0,
            "min": 0,
            "p10": 0,
            "p90": 0,
            "p99": 0,
            "max": 0
          }
        },
        "pageTimings": {
          "backEndTime": {
            "median": 340,
            "mean": 338,
            "mdev": 1.7847,
            "stddev": 3,
            "min": 334,
            "p10": 334,
            "p90": 341,
            "p99": 341,
            "max": 341
          },
          "domContentLoadedTime": {
            "median": 2131,
            "mean": 2172,
            "mdev": 46.8789,
            "stddev": 81,
            "min": 2099,
            "p10": 2099,
            "p90": 2285,
            "p99": 2285,
            "max": 2285
          },
          "domInteractiveTime": {
            "median": 1644,
            "mean": 1622,
            "mdev": 56.8116,
            "stddev": 98,
            "min": 1492,
            "p10": 1492,
            "p90": 1730,
            "p99": 1730,
            "max": 1730
          },
          "domainLookupTime": {
            "median": 0,
            "mean": 0,
            "mdev": 0,
            "stddev": 0,
            "min": 0,
            "p10": 0,
            "p90": 0,
            "p99": 0,
            "max": 0
          },
          "frontEndTime": {
            "median": 3386,
            "mean": 4840,
            "mdev": 1336.157,
            "stddev": 2314,
            "min": 3027,
            "p10": 3027,
            "p90": 8106,
            "p99": 8106,
            "max": 8106
          },
          "pageDownloadTime": {
            "median": 0,
            "mean": 0,
            "mdev": 0,
            "stddev": 0,
            "min": 0,
            "p10": 0,
            "p90": 0,
            "p99": 0,
            "max": 0
          },
          "pageLoadTime": {
            "median": 3720,
            "mean": 5178,
            "mdev": 1336.8831,
            "stddev": 2316,
            "min": 3367,
            "p10": 3367,
            "p90": 8446,
            "p99": 8446,
            "max": 8446
          },
          "redirectionTime": {
            "median": 0,
            "mean": 0,
            "mdev": 0,
            "stddev": 0,
            "min": 0,
            "p10": 0,
            "p90": 0,
            "p99": 0,
            "max": 0
          },
          "serverConnectionTime": {
            "median": 99,
            "mean": 101,
            "mdev": 3.6616,
            "stddev": 6,
            "min": 95,
            "p10": 95,
            "p90": 110,
            "p99": 110,
            "max": 110
          },
          "serverResponseTime": {
            "median": 204,
            "mean": 201,
            "mdev": 3.5694,
            "stddev": 6,
            "min": 192,
            "p10": 192,
            "p90": 206,
            "p99": 206,
            "max": 206
          }
        },
        "rumSpeedIndex": {
          "median": 340,
          "mean": 338,
          "mdev": 1.9052,
          "stddev": 3,
          "min": 333,
          "p10": 333,
          "p90": 340,
          "p99": 340,
          "max": 340
        },
        "timeToContentfulPaint": {
          "median": 2441,
          "mean": 2420,
          "mdev": 68.6553,
          "stddev": 119,
          "min": 2265,
          "p10": 2265,
          "p90": 2554,
          "p99": 2554,
          "max": 2554
        },
        "timeToDomContentFlushed": {
          "median": 1941,
          "mean": 1925,
          "mdev": 58.5991,
          "stddev": 101,
          "min": 1793,
          "p10": 1793,
          "p90": 2040,
          "p99": 2040,
          "max": 2040
        },
        "timeToFirstInteractive": {
          "median": 7514,
          "mean": 7514,
          "mdev": 0,
          "stddev": 0,
          "min": 7514,
          "p10": 7514,
          "p90": 7514,
          "p99": 7514,
          "max": 7514
        }
      }
    }
  }
]