[
  {
    "info": {
      "browsertime": {
        "version": "8.4.0"
      },
      "url": "https://edition.cnn.com/",
      "timestamp": "2021-03-30T06:12:59+04:00",
      "connectivity": {
        "engine": "external",
        "profile": "native"
      },
      "extra": {}
    },
    "files": {
      "video": [],
      "screenshot": [],
      "timeline": [],
      "consoleLog": [],
      "netLog": [],
      "perfLog": []
    },
    "cdp": {
      "performance": []
    },
    "timestamps": [
      "2021-03-30T06:12:13+04:00",
      "2021-03-30T06:13:14+04:00",
      "2021-03-30T06:14:26+04:00"
    ],
    "browserScripts": [
      {
        "browser": {
          "appConstants": {
            "ACCESSIBILITY": true,
            "ANDROID_PACKAGE_NAME": "org.mozilla.firefox",
            "ASAN": false,
            "ASAN_REPORTER": false,
            "BROWSER_CHROME_URL": "chrome://browser/content/browser.xul",
            "DEBUG": false,
            "DEBUG_JS_MODULES": "",
            "DLL_PREFIX": "lib",
            "DLL_SUFFIX": ".so",
            "EARLY_BETA_OR_EARLIER": false,
            "FENNEC_NIGHTLY": false,
            "HAVE_SHELL_SERVICE": false,
            "HAVE_USR_LIB64_DIR": false,
            "MENUBAR_CAN_AUTOHIDE": false,
            "MOZILLA_OFFICIAL": true,
            "MOZ_ALLOW_LEGACY_EXTENSIONS": false,
            "MOZ_ANDROID_ACTIVITY_STREAM": false,
            "MOZ_ANDROID_HISTORY": true,
            "MOZ_ANDROID_MOZILLA_ONLINE": false,
            "MOZ_APP_NAME": "fennec",
            "MOZ_APP_VERSION": "68.1.1",
            "MOZ_APP_VERSION_DISPLAY": "68.1.1",
            "MOZ_BING_API_CLIENTID": "no-bing-api-clientid",
            "MOZ_BING_API_KEY": "no-bing-api-key",
            "MOZ_BITS_DOWNLOAD": false,
            "MOZ_BUILD_APP": "mobile/android",
            "MOZ_CODE_COVERAGE": false,
            "MOZ_CRASHREPORTER": true,
            "MOZ_DATA_REPORTING": true,
            "MOZ_DEV_EDITION": false,
            "MOZ_GECKO_PROFILER": true,
            "MOZ_GOOGLE_LOCATION_SERVICE_API_KEY": "AIzaSyB2h2OuRcUgy5N-5hsZqiPW6sH3n_rptiQ",
            "MOZ_GOOGLE_SAFEBROWSING_API_KEY": "AIzaSyC7jsptDS3am4tPx4r3nxis7IMjBc5Dovo",
            "MOZ_GRAPHENE": false,
            "MOZ_MACBUNDLE_NAME": "Firefox.app",
            "MOZ_MAINTENANCE_SERVICE": false,
            "MOZ_MOZILLA_API_KEY": "3b4d27dd-703d-4094-8398-4de2c763505a",
            "MOZ_NEW_CERT_STORAGE": false,
            "MOZ_NEW_NOTIFICATION_STORE": false,
            "MOZ_NEW_XULSTORE": false,
            "MOZ_OFFICIAL_BRANDING": false,
            "MOZ_PLACES": false,
            "MOZ_REQUIRE_SIGNING": false,
            "MOZ_SANDBOX": false,
            "MOZ_SERVICES_HEALTHREPORT": true,
            "MOZ_SERVICES_SYNC": false,
            "MOZ_SWITCHBOARD": true,
            "MOZ_SYSTEM_NSS": false,
            "MOZ_TELEMETRY_ON_BY_DEFAULT": false,
            "MOZ_TELEMETRY_REPORTING": true,
            "MOZ_UNSIGNED_SCOPES": 0,
            "MOZ_UPDATER": false,
            "MOZ_UPDATE_CHANNEL": "release",
            "MOZ_WEBRTC": true,
            "MOZ_WIDGET_GTK": false,
            "MOZ_WIDGET_TOOLKIT": "android",
            "NIGHTLY_BUILD": false,
            "OMNIJAR_NAME": "assets/omni.ja",
            "RELEASE_OR_BETA": true,
            "SOURCE_REVISION_URL": "https://hg.mozilla.org/releases/mozilla-esr68/rev/d2e0b9e17b9bc1ef02606c8006b73293f7892ad5",
            "TELEMETRY_PING_FORMAT_VERSION": 4,
            "XP_UNIX": true,
            "isPlatformAndVersionAtLeast": {},
            "isPlatformAndVersionAtMost": {},
            "platform": "android"
          },
          "asyncAppConstants": {
            "ACCESSIBILITY": true,
            "ANDROID_PACKAGE_NAME": "org.mozilla.firefox",
            "ASAN": false,
            "ASAN_REPORTER": false,
            "BROWSER_CHROME_URL": "chrome://browser/content/browser.xul",
            "DEBUG": false,
            "DEBUG_JS_MODULES": "",
            "DLL_PREFIX": "lib",
            "DLL_SUFFIX": ".so",
            "EARLY_BETA_OR_EARLIER": false,
            "FENNEC_NIGHTLY": false,
            "HAVE_SHELL_SERVICE": false,
            "HAVE_USR_LIB64_DIR": false,
            "MENUBAR_CAN_AUTOHIDE": false,
            "MOZILLA_OFFICIAL": true,
            "MOZ_ALLOW_LEGACY_EXTENSIONS": false,
            "MOZ_ANDROID_ACTIVITY_STREAM": false,
            "MOZ_ANDROID_HISTORY": true,
            "MOZ_ANDROID_MOZILLA_ONLINE": false,
            "MOZ_APP_NAME": "fennec",
            "MOZ_APP_VERSION": "68.1.1",
            "MOZ_APP_VERSION_DISPLAY": "68.1.1",
            "MOZ_BING_API_CLIENTID": "no-bing-api-clientid",
            "MOZ_BING_API_KEY": "no-bing-api-key",
            "MOZ_BITS_DOWNLOAD": false,
            "MOZ_BUILD_APP": "mobile/android",
            "MOZ_CODE_COVERAGE": false,
            "MOZ_CRASHREPORTER": true,
            "MOZ_DATA_REPORTING": true,
            "MOZ_DEV_EDITION": false,
            "MOZ_GECKO_PROFILER": true,
            "MOZ_GOOGLE_LOCATION_SERVICE_API_KEY": "AIzaSyB2h2OuRcUgy5N-5hsZqiPW6sH3n_rptiQ",
            "MOZ_GOOGLE_SAFEBROWSING_API_KEY": "AIzaSyC7jsptDS3am4tPx4r3nxis7IMjBc5Dovo",
            "MOZ_GRAPHENE": false,
            "MOZ_MACBUNDLE_NAME": "Firefox.app",
            "MOZ_MAINTENANCE_SERVICE": false,
            "MOZ_MOZILLA_API_KEY": "3b4d27dd-703d-4094-8398-4de2c763505a",
            "MOZ_NEW_CERT_STORAGE": false,
            "MOZ_NEW_NOTIFICATION_STORE": false,
            "MOZ_NEW_XULSTORE": false,
            "MOZ_OFFICIAL_BRANDING": false,
            "MOZ_PLACES": false,
            "MOZ_REQUIRE_SIGNING": false,
            "MOZ_SANDBOX": false,
            "MOZ_SERVICES_HEALTHREPORT": true,
            "MOZ_SERVICES_SYNC": false,
            "MOZ_SWITCHBOARD": true,
            "MOZ_SYSTEM_NSS": false,
            "MOZ_TELEMETRY_ON_BY_DEFAULT": false,
            "MOZ_TELEMETRY_REPORTING": true,
            "MOZ_UNSIGNED_SCOPES": 0,
            "MOZ_UPDATER": false,
            "MOZ_UPDATE_CHANNEL": "release",
            "MOZ_WEBRTC": true,
            "MOZ_WIDGET_GTK": false,
            "MOZ_WIDGET_TOOLKIT": "android",
            "NIGHTLY_BUILD": false,
            "OMNIJAR_NAME": "assets/omni.ja",
            "RELEASE_OR_BETA": true,
            "SOURCE_REVISION_URL": "https://hg.mozilla.org/releases/mozilla-esr68/rev/d2e0b9e17b9bc1ef02606c8006b73293f7892ad5",
            "TELEMETRY_PING_FORMAT_VERSION": 4,
            "XP_UNIX": true,
            "isPlatformAndVersionAtLeast": {},
            "isPlatformAndVersionAtMost": {},
            "platform": "android"
          },
          "userAgent": "Mozilla/5.0 (Android 8.1.0; Mobile; rv:68.0) Gecko/68.0 Firefox/68.0",
          "windowSize": "360x560"
        },
        "pageinfo": {
          "documentHeight": 5973,
          "documentSize": {
            "decodedBodySize": 1140297,
            "encodedBodySize": 156904,
            "transferSize": 158454
          },
          "documentTitle": "CNN International - Breaking News, US News, World News and Video",
          "documentWidth": 360,
          "domElements": 1453,
          "navigationStartTime": 1617070334206,
          "nextHopProtocol": "h2",
          "resources": {
            "count": 0,
            "duration": 0
          },
          "responsive": true,
          "url": "https://edition.cnn.com/",
          "visualElements": {
            "heroes": [
              {
                "filename": "210214074030-01-who-team-covid-19-investigation-wuhan-0203-large-tease.jpg",
                "height": 191,
                "name": "LargestImage",
                "width": 340,
                "x": 10,
                "y": 185
              }
            ],
            "viewport": {
              "height": 560,
              "width": 360
            }
          }
        },
        "timings": {
          "firstPaint": 1505,
          "loadEventEnd": 31087,
          "navigationTiming": {
            "connectStart": 45,
            "domComplete": 30223,
            "domContentLoadedEventEnd": 6005,
            "domContentLoadedEventStart": 5357,
            "domInteractive": 5326,
            "domainLookupEnd": 44,
            "domainLookupStart": 44,
            "duration": 31087,
            "fetchStart": 3,
            "loadEventEnd": 31087,
            "loadEventStart": 30223,
            "redirectEnd": 0,
            "redirectStart": 0,
            "requestStart": 154,
            "responseEnd": 164,
            "responseStart": 164,
            "secureConnectionStart": 71,
            "startTime": 0,
            "unloadEventEnd": 0,
            "unloadEventStart": 0,
            "workerStart": 0
          },
          "pageTimings": {
            "backEndTime": 164,
            "domContentLoadedTime": 5357,
            "domInteractiveTime": 5326,
            "domainLookupTime": 0,
            "frontEndTime": 30059,
            "pageDownloadTime": 0,
            "pageLoadTime": 30223,
            "redirectionTime": 0,
            "serverConnectionTime": 108,
            "serverResponseTime": 10
          },
          "rumSpeedIndex": 163,
          "timeToContentfulPaint": 7401,
          "timeToDomContentFlushed": 5328,
          "userTimings": {
            "marks": [
              {
                "name": "optimizelyStart",
                "startTime": 2440.08
              },
              {
                "name": "optimizely:blockBegin",
                "startTime": 2563
              },
              {
                "name": "optimizelyEnd",
                "startTime": 3153.02
              },
              {
                "name": "headEnd",
                "startTime": 3153.78
              },
              {
                "name": "footerStart",
                "startTime": 3180.66
              },
              {
                "name": "footerEnd",
                "startTime": 4376.46
              },
              {
                "name": "[ADFUEL] AdFuel Initialized",
                "startTime": 4805.38
              },
              {
                "name": "domReady",
                "startTime": 5422.16
              },
              {
                "name": "[ADFUEL] AdFuel DOMContentLoaded",
                "startTime": 5961.92
              },
              {
                "name": "[ADFUEL] Dispatch Queue Start",
                "startTime": 5964.32
              },
              {
                "name": "[ADFUEL] Dispatch Queue Start",
                "startTime": 6386.74
              },
              {
                "name": "gpt-tag-load",
                "startTime": 12906.18
              },
              {
                "name": "zonesReady",
                "startTime": 13165.26
              },
              {
                "name": "zonesAndDomReady",
                "startTime": 13243.96
              },
              {
                "name": "[ADFUEL] Registry Load [//cdn.cnn.com/ads/cnni/cnni_homepage.json] Start",
                "startTime": 14192.18
              },
              {
                "name": "[ADFUEL] Registry Load [//cdn.cnn.com/ads/cnni/cnni_homepage.json] End",
                "startTime": 21012.94
              },
              {
                "name": "one-tap-video::embedRequest",
                "startTime": 22408.62
              },
              {
                "name": "loadStarteventUtils",
                "startTime": 30109.82
              },
              {
                "name": "loadEndeventUtils",
                "startTime": 30110.22
              },
              {
                "name": "loadStartpixelQueue",
                "startTime": 30110.48
              },
              {
                "name": "loadEndpixelQueue",
                "startTime": 30110.64
              },
              {
                "name": "[ADFUEL] AdFuel window.load",
                "startTime": 30310.08
              },
              {
                "name": "[ADFUEL] Dispatch Queue Start",
                "startTime": 30311.16
              },
              {
                "name": "[ADFUEL] Registering Module: Prebid Module v4.0.30",
                "startTime": 34674.18
              },
              {
                "name": "[ADFUEL] Registering Module: Amazon A9 Module v4.0.20",
                "startTime": 34681.36
              },
              {
                "name": "[ADFUEL] Queue Registry [cnni_homepage - 0844661055] Start",
                "startTime": 34687.2
              },
              {
                "name": "[ADFUEL] Registering Module: Proximic Module v4.0.5",
                "startTime": 34858.14
              },
              {
                "name": "[ADFUEL] Registering Module: Krux Module v4.1.4",
                "startTime": 34862.38
              },
              {
                "name": "[ADFUEL] Registering Module: Integral Ad Science Module v4.0.5",
                "startTime": 34872.12
              },
              {
                "name": "[ADFUEL] Registering Module: Beemray Module v4.0.3",
                "startTime": 34878.4
              },
              {
                "name": "[ADFUEL] Registering Module: CEP Module v4.0.4",
                "startTime": 34889.58
              },
              {
                "name": "one-tap-video::playerReady",
                "startTime": 34892.1
              },
              {
                "name": "faveReady_mark",
                "startTime": 34917.32
              },
              {
                "name": "faveReady_mark",
                "startTime": 34920.72
              },
              {
                "name": "[ADFUEL] Registering Module: Turner GUID Module v4.0.2",
                "startTime": 34959.44
              },
              {
                "name": "[ADFUEL] Registering Module: In View Refresh v4.0.3",
                "startTime": 34961.58
              },
              {
                "name": "[ADFUEL] Registering Module: Malvertising Detection v4.0.6",
                "startTime": 34976.8
              },
              {
                "name": "[ADFUEL] Registering Module: Sourcepoint Add-on: Ad Blocking v4.0.2",
                "startTime": 34978.74
              },
              {
                "name": "[ADFUEL] Registering Module: Transaction ID Module v4.0.2",
                "startTime": 34986.26
              },
              {
                "name": "[ADFUEL] Building Slot [ad_bnr_atf_01] Start",
                "startTime": 35208.06
              },
              {
                "name": "[ADFUEL] Building Slot [ad_bnr_atf_01] End",
                "startTime": 35250.58
              },
              {
                "name": "[ADFUEL] Building Slot [ad_bnr_atf_02] Start",
                "startTime": 35252.020000000004
              },
              {
                "name": "[ADFUEL] Building Slot [ad_bnr_atf_02] End",
                "startTime": 35262.04
              },
              {
                "name": "[ADFUEL] Applying Page-Level Targeting",
                "startTime": 36828.28
              },
              {
                "name": "[ADFUEL] Applying Window Site-Level Options.",
                "startTime": 36828.86
              },
              {
                "name": "[ADFUEL] Queue Registry [cnni_homepage - 0844661055] End",
                "startTime": 36829.74
              },
              {
                "name": "[ADFUEL] Dispatch Queue Start",
                "startTime": 36830.02
              },
              {
                "name": "[ADFUEL] Page-Level GPT Build Start",
                "startTime": 36919.04
              },
              {
                "name": "[ADFUEL] Page-Level GPT Build End",
                "startTime": 36940.24
              },
              {
                "name": "[ADFUEL] Sending Request Start",
                "startTime": 36940.9
              },
              {
                "name": "[ADFUEL] Sending Request End",
                "startTime": 36990.9
              },
              {
                "name": "[ADFUEL] AdFuel Request Complete",
                "startTime": 36991.74
              },
              {
                "name": "[ADFUEL] Dispatch Queue End",
                "startTime": 36992.14
              },
              {
                "name": "gpt-first-ad-request",
                "startTime": 38314.34
              },
              {
                "name": "gpt-first-ad-render",
                "startTime": 39616.9
              },
              {
                "name": "[ADFUEL] Ad Rendered [ad_bnr_atf_01]",
                "startTime": 39626.4
              },
              {
                "name": "[ADFUEL] Ad Rendered [ad_bnr_atf_02]",
                "startTime": 39739.08
              }
            ],
            "measures": [
              {
                "duration": 2945.78,
                "name": "headTime",
                "startTime": 208
              },
              {
                "duration": 12957.26,
                "name": "timeToZonesComplete",
                "startTime": 208
              },
              {
                "duration": 5117,
                "name": "timeToInteractive",
                "startTime": 208
              },
              {
                "duration": 5214.16,
                "name": "timeToDomReady",
                "startTime": 208
              },
              {
                "duration": 13035.96,
                "name": "timeToZonesAndDomReady",
                "startTime": 208
              },
              {
                "duration": 34709.32,
                "name": "faveReady",
                "startTime": 208
              },
              {
                "duration": 34712.72,
                "name": "faveReady",
                "startTime": 208
              },
              {
                "duration": 712.94,
                "name": "optimizelyTime",
                "startTime": 2440.08
              },
              {
                "duration": 26.879999999999654,
                "name": "domTime",
                "startTime": 3153.78
              },
              {
                "duration": 1195.8000000000002,
                "name": "footerTime",
                "startTime": 3180.66
              },
              {
                "duration": 6820.759999999998,
                "name": "[ADFUEL] Registry Load [//cdn.cnn.com/ads/cnni/cnni_homepage.json]",
                "startTime": 14192.18
              },
              {
                "duration": 0.4000000000014552,
                "name": "lteu",
                "startTime": 30109.82
              },
              {
                "duration": 0.15999999999985448,
                "name": "ltpq",
                "startTime": 30110.48
              },
              {
                "duration": 2142.540000000001,
                "name": "[ADFUEL] Queue Registry [cnni_homepage - 0844661055]",
                "startTime": 34687.2
              },
              {
                "duration": 42.520000000004075,
                "name": "[ADFUEL] Building Slot [ad_bnr_atf_01]",
                "startTime": 35208.06
              },
              {
                "duration": 10.0199999999968,
                "name": "[ADFUEL] Building Slot [ad_bnr_atf_02]",
                "startTime": 35252.020000000004
              },
              {
                "duration": 162.11999999999534,
                "name": "[ADFUEL] Dispatch Queue",
                "startTime": 36830.02
              },
              {
                "duration": 21.19999999999709,
                "name": "[ADFUEL] Page-Level GPT Build",
                "startTime": 36919.04
              },
              {
                "duration": 50,
                "name": "[ADFUEL] Sending Request",
                "startTime": 36940.9
              }
            ]
          }
        }
      },
      {
        "browser": {
          "appConstants": {
            "ACCESSIBILITY": true,
            "ANDROID_PACKAGE_NAME": "org.mozilla.firefox",
            "ASAN": false,
            "ASAN_REPORTER": false,
            "BROWSER_CHROME_URL": "chrome://browser/content/browser.xul",
            "DEBUG": false,
            "DEBUG_JS_MODULES": "",
            "DLL_PREFIX": "lib",
            "DLL_SUFFIX": ".so",
            "EARLY_BETA_OR_EARLIER": false,
            "FENNEC_NIGHTLY": false,
            "HAVE_SHELL_SERVICE": false,
            "HAVE_USR_LIB64_DIR": false,
            "MENUBAR_CAN_AUTOHIDE": false,
            "MOZILLA_OFFICIAL": true,
            "MOZ_ALLOW_LEGACY_EXTENSIONS": false,
            "MOZ_ANDROID_ACTIVITY_STREAM": false,
            "MOZ_ANDROID_HISTORY": true,
            "MOZ_ANDROID_MOZILLA_ONLINE": false,
            "MOZ_APP_NAME": "fennec",
            "MOZ_APP_VERSION": "68.1.1",
            "MOZ_APP_VERSION_DISPLAY": "68.1.1",
            "MOZ_BING_API_CLIENTID": "no-bing-api-clientid",
            "MOZ_BING_API_KEY": "no-bing-api-key",
            "MOZ_BITS_DOWNLOAD": false,
            "MOZ_BUILD_APP": "mobile/android",
            "MOZ_CODE_COVERAGE": false,
            "MOZ_CRASHREPORTER": true,
            "MOZ_DATA_REPORTING": true,
            "MOZ_DEV_EDITION": false,
            "MOZ_GECKO_PROFILER": true,
            "MOZ_GOOGLE_LOCATION_SERVICE_API_KEY": "AIzaSyB2h2OuRcUgy5N-5hsZqiPW6sH3n_rptiQ",
            "MOZ_GOOGLE_SAFEBROWSING_API_KEY": "AIzaSyC7jsptDS3am4tPx4r3nxis7IMjBc5Dovo",
            "MOZ_GRAPHENE": false,
            "MOZ_MACBUNDLE_NAME": "Firefox.app",
            "MOZ_MAINTENANCE_SERVICE": false,
            "MOZ_MOZILLA_API_KEY": "3b4d27dd-703d-4094-8398-4de2c763505a",
            "MOZ_NEW_CERT_STORAGE": false,
            "MOZ_NEW_NOTIFICATION_STORE": false,
            "MOZ_NEW_XULSTORE": false,
            "MOZ_OFFICIAL_BRANDING": false,
            "MOZ_PLACES": false,
            "MOZ_REQUIRE_SIGNING": false,
            "MOZ_SANDBOX": false,
            "MOZ_SERVICES_HEALTHREPORT": true,
            "MOZ_SERVICES_SYNC": false,
            "MOZ_SWITCHBOARD": true,
            "MOZ_SYSTEM_NSS": false,
            "MOZ_TELEMETRY_ON_BY_DEFAULT": false,
            "MOZ_TELEMETRY_REPORTING": true,
            "MOZ_UNSIGNED_SCOPES": 0,
            "MOZ_UPDATER": false,
            "MOZ_UPDATE_CHANNEL": "release",
            "MOZ_WEBRTC": true,
            "MOZ_WIDGET_GTK": false,
            "MOZ_WIDGET_TOOLKIT": "android",
            "NIGHTLY_BUILD": false,
            "OMNIJAR_NAME": "assets/omni.ja",
            "RELEASE_OR_BETA": true,
            "SOURCE_REVISION_URL": "https://hg.mozilla.org/releases/mozilla-esr68/rev/d2e0b9e17b9bc1ef02606c8006b73293f7892ad5",
            "TELEMETRY_PING_FORMAT_VERSION": 4,
            "XP_UNIX": true,
            "isPlatformAndVersionAtLeast": {},
            "isPlatformAndVersionAtMost": {},
            "platform": "android"
          },
          "asyncAppConstants": {
            "ACCESSIBILITY": true,
            "ANDROID_PACKAGE_NAME": "org.mozilla.firefox",
            "ASAN": false,
            "ASAN_REPORTER": false,
            "BROWSER_CHROME_URL": "chrome://browser/content/browser.xul",
            "DEBUG": false,
            "DEBUG_JS_MODULES": "",
            "DLL_PREFIX": "lib",
            "DLL_SUFFIX": ".so",
            "EARLY_BETA_OR_EARLIER": false,
            "FENNEC_NIGHTLY": false,
            "HAVE_SHELL_SERVICE": false,
            "HAVE_USR_LIB64_DIR": false,
            "MENUBAR_CAN_AUTOHIDE": false,
            "MOZILLA_OFFICIAL": true,
            "MOZ_ALLOW_LEGACY_EXTENSIONS": false,
            "MOZ_ANDROID_ACTIVITY_STREAM": false,
            "MOZ_ANDROID_HISTORY": true,
            "MOZ_ANDROID_MOZILLA_ONLINE": false,
            "MOZ_APP_NAME": "fennec",
            "MOZ_APP_VERSION": "68.1.1",
            "MOZ_APP_VERSION_DISPLAY": "68.1.1",
            "MOZ_BING_API_CLIENTID": "no-bing-api-clientid",
            "MOZ_BING_API_KEY": "no-bing-api-key",
            "MOZ_BITS_DOWNLOAD": false,
            "MOZ_BUILD_APP": "mobile/android",
            "MOZ_CODE_COVERAGE": false,
            "MOZ_CRASHREPORTER": true,
            "MOZ_DATA_REPORTING": true,
            "MOZ_DEV_EDITION": false,
            "MOZ_GECKO_PROFILER": true,
            "MOZ_GOOGLE_LOCATION_SERVICE_API_KEY": "AIzaSyB2h2OuRcUgy5N-5hsZqiPW6sH3n_rptiQ",
            "MOZ_GOOGLE_SAFEBROWSING_API_KEY": "AIzaSyC7jsptDS3am4tPx4r3nxis7IMjBc5Dovo",
            "MOZ_GRAPHENE": false,
            "MOZ_MACBUNDLE_NAME": "Firefox.app",
            "MOZ_MAINTENANCE_SERVICE": false,
            "MOZ_MOZILLA_API_KEY": "3b4d27dd-703d-4094-8398-4de2c763505a",
            "MOZ_NEW_CERT_STORAGE": false,
            "MOZ_NEW_NOTIFICATION_STORE": false,
            "MOZ_NEW_XULSTORE": false,
            "MOZ_OFFICIAL_BRANDING": false,
            "MOZ_PLACES": false,
            "MOZ_REQUIRE_SIGNING": false,
            "MOZ_SANDBOX": false,
            "MOZ_SERVICES_HEALTHREPORT": true,
            "MOZ_SERVICES_SYNC": false,
            "MOZ_SWITCHBOARD": true,
            "MOZ_SYSTEM_NSS": false,
            "MOZ_TELEMETRY_ON_BY_DEFAULT": false,
            "MOZ_TELEMETRY_REPORTING": true,
            "MOZ_UNSIGNED_SCOPES": 0,
            "MOZ_UPDATER": false,
            "MOZ_UPDATE_CHANNEL": "release",
            "MOZ_WEBRTC": true,
            "MOZ_WIDGET_GTK": false,
            "MOZ_WIDGET_TOOLKIT": "android",
            "NIGHTLY_BUILD": false,
            "OMNIJAR_NAME": "assets/omni.ja",
            "RELEASE_OR_BETA": true,
            "SOURCE_REVISION_URL": "https://hg.mozilla.org/releases/mozilla-esr68/rev/d2e0b9e17b9bc1ef02606c8006b73293f7892ad5",
            "TELEMETRY_PING_FORMAT_VERSION": 4,
            "XP_UNIX": true,
            "isPlatformAndVersionAtLeast": {},
            "isPlatformAndVersionAtMost": {},
            "platform": "android"
          },
          "userAgent": "Mozilla/5.0 (Android 8.1.0; Mobile; rv:68.0) Gecko/68.0 Firefox/68.0",
          "windowSize": "360x560"
        },
        "pageinfo": {
          "documentHeight": 5973,
          "documentSize": {
            "decodedBodySize": 1140297,
            "encodedBodySize": 156904,
            "transferSize": 158455
          },
          "documentTitle": "CNN International - Breaking News, US News, World News and Video",
          "documentWidth": 360,
          "domElements": 1451,
          "navigationStartTime": 1617070395506,
          "nextHopProtocol": "h2",
          "resources": {
            "count": 0,
            "duration": 0
          },
          "responsive": true,
          "url": "https://edition.cnn.com/",
          "visualElements": {
            "heroes": [
              {
                "filename": "210214074030-01-who-team-covid-19-investigation-wuhan-0203-large-tease.jpg",
                "height": 191,
                "name": "LargestImage",
                "width": 340,
                "x": 10,
                "y": 185
              }
            ],
            "viewport": {
              "height": 560,
              "width": 360
            }
          }
        },
        "timings": {
          "firstPaint": 2520,
          "loadEventEnd": 50808,
          "navigationTiming": {
            "connectStart": 30,
            "domComplete": 50715,
            "domContentLoadedEventEnd": 6771,
            "domContentLoadedEventStart": 6008,
            "domInteractive": 5958,
            "domainLookupEnd": 29,
            "domainLookupStart": 29,
            "duration": 50808,
            "fetchStart": 2,
            "loadEventEnd": 50808,
            "loadEventStart": 50715,
            "redirectEnd": 0,
            "redirectStart": 0,
            "requestStart": 118,
            "responseEnd": 128,
            "responseStart": 128,
            "secureConnectionStart": 42,
            "startTime": 0,
            "unloadEventEnd": 0,
            "unloadEventStart": 0,
            "workerStart": 0
          },
          "pageTimings": {
            "backEndTime": 128,
            "domContentLoadedTime": 6008,
            "domInteractiveTime": 5958,
            "domainLookupTime": 0,
            "frontEndTime": 50588,
            "pageDownloadTime": 0,
            "pageLoadTime": 50715,
            "redirectionTime": 0,
            "serverConnectionTime": 86,
            "serverResponseTime": 9
          },
          "rumSpeedIndex": 127,
          "timeToContentfulPaint": 10236,
          "timeToDomContentFlushed": 5961,
          "userTimings": {
            "marks": [
              {
                "name": "optimizelyStart",
                "startTime": 2539.7000000000003
              },
              {
                "name": "optimizely:blockBegin",
                "startTime": 2676.88
              },
              {
                "name": "optimizelyEnd",
                "startTime": 3508.4
              },
              {
                "name": "headEnd",
                "startTime": 3508.88
              },
              {
                "name": "footerStart",
                "startTime": 3540.88
              },
              {
                "name": "footerEnd",
                "startTime": 5076.3
              },
              {
                "name": "[ADFUEL] AdFuel Initialized",
                "startTime": 5819.28
              },
              {
                "name": "domReady",
                "startTime": 6114.08
              },
              {
                "name": "[ADFUEL] AdFuel DOMContentLoaded",
                "startTime": 6723.88
              },
              {
                "name": "[ADFUEL] Dispatch Queue Start",
                "startTime": 6726.42
              },
              {
                "name": "[ADFUEL] Dispatch Queue Start",
                "startTime": 7154.400000000001
              },
              {
                "name": "zonesReady",
                "startTime": 12938.14
              },
              {
                "name": "zonesAndDomReady",
                "startTime": 13039.28
              },
              {
                "name": "gpt-tag-load",
                "startTime": 13525.98
              },
              {
                "name": "[ADFUEL] Registry Load [//cdn.cnn.com/ads/cnni/cnni_homepage.json] Start",
                "startTime": 17539.260000000002
              },
              {
                "name": "[ADFUEL] Registering Module: Prebid Module v4.0.30",
                "startTime": 20864.48
              },
              {
                "name": "[ADFUEL] Registering Module: Amazon A9 Module v4.0.20",
                "startTime": 20876.1
              },
              {
                "name": "[ADFUEL] Registering Module: Proximic Module v4.0.5",
                "startTime": 20880.32
              },
              {
                "name": "[ADFUEL] Registry Load [//cdn.cnn.com/ads/cnni/cnni_homepage.json] End",
                "startTime": 24124.86
              },
              {
                "name": "[ADFUEL] Queue Registry [cnni_homepage - 5000101737] Start",
                "startTime": 24131.22
              },
              {
                "name": "loadStarteventUtils",
                "startTime": 26533.64
              },
              {
                "name": "loadEndeventUtils",
                "startTime": 26535.24
              },
              {
                "name": "loadStartpixelQueue",
                "startTime": 26536.14
              },
              {
                "name": "loadEndpixelQueue",
                "startTime": 26536.34
              },
              {
                "name": "one-tap-video::embedRequest",
                "startTime": 26871.08
              },
              {
                "name": "[ADFUEL] Registering Module: Krux Module v4.1.4",
                "startTime": 28676.6
              },
              {
                "name": "[ADFUEL] Registering Module: Integral Ad Science Module v4.0.5",
                "startTime": 28745.92
              },
              {
                "name": "[ADFUEL] Registering Module: Beemray Module v4.0.3",
                "startTime": 30942.64
              },
              {
                "name": "[ADFUEL] Registering Module: CEP Module v4.0.4",
                "startTime": 30946.42
              },
              {
                "name": "[ADFUEL] Registering Module: In View Refresh v4.0.3",
                "startTime": 31174.26
              },
              {
                "name": "[ADFUEL] Registering Module: Malvertising Detection v4.0.6",
                "startTime": 31178.96
              },
              {
                "name": "[ADFUEL] Registering Module: Sourcepoint Add-on: Ad Blocking v4.0.2",
                "startTime": 31240.1
              },
              {
                "name": "[ADFUEL] Registering Module: Transaction ID Module v4.0.2",
                "startTime": 31244.14
              },
              {
                "name": "[ADFUEL] Registering Module: Turner GUID Module v4.0.2",
                "startTime": 31380.32
              },
              {
                "name": "[ADFUEL] Building Slot [ad_bnr_atf_01] Start",
                "startTime": 31475.68
              },
              {
                "name": "[ADFUEL] Building Slot [ad_bnr_atf_01] End",
                "startTime": 31542.64
              },
              {
                "name": "[ADFUEL] Building Slot [ad_bnr_atf_02] Start",
                "startTime": 31543.9
              },
              {
                "name": "[ADFUEL] Building Slot [ad_bnr_atf_02] End",
                "startTime": 31571.92
              },
              {
                "name": "one-tap-video::playerReady",
                "startTime": 33476.54
              },
              {
                "name": "faveReady_mark",
                "startTime": 33509.66
              },
              {
                "name": "faveReady_mark",
                "startTime": 33511.06
              },
              {
                "name": "[ADFUEL] Applying Page-Level Targeting",
                "startTime": 34556.58
              },
              {
                "name": "[ADFUEL] Applying Window Site-Level Options.",
                "startTime": 34557.54
              },
              {
                "name": "[ADFUEL] Queue Registry [cnni_homepage - 5000101737] End",
                "startTime": 34558.88
              },
              {
                "name": "[ADFUEL] Dispatch Queue Start",
                "startTime": 34559.2
              },
              {
                "name": "[ADFUEL] Page-Level GPT Build Start",
                "startTime": 34779.96
              },
              {
                "name": "[ADFUEL] Page-Level GPT Build End",
                "startTime": 34808.42
              },
              {
                "name": "[ADFUEL] Sending Request Start",
                "startTime": 34809.18
              },
              {
                "name": "[ADFUEL] Sending Request End",
                "startTime": 34928.58
              },
              {
                "name": "[ADFUEL] AdFuel Request Complete",
                "startTime": 34929.92
              },
              {
                "name": "[ADFUEL] Dispatch Queue End",
                "startTime": 34930.64
              },
              {
                "name": "gpt-first-ad-request",
                "startTime": 35262.6
              },
              {
                "name": "gpt-first-ad-render",
                "startTime": 37515.34
              },
              {
                "name": "[ADFUEL] Ad Rendered [ad_bnr_atf_01]",
                "startTime": 37531.1
              },
              {
                "name": "[ADFUEL] Ad Rendered [ad_bnr_atf_02]",
                "startTime": 37679.24
              },
              {
                "name": "[ADFUEL] AdFuel window.load",
                "startTime": 50764.62
              },
              {
                "name": "[ADFUEL] Dispatch Queue Start",
                "startTime": 50765.74
              }
            ],
            "measures": [
              {
                "duration": 3338.88,
                "name": "headTime",
                "startTime": 170
              },
              {
                "duration": 12768.14,
                "name": "timeToZonesComplete",
                "startTime": 170
              },
              {
                "duration": 5788,
                "name": "timeToInteractive",
                "startTime": 170
              },
              {
                "duration": 5944.08,
                "name": "timeToDomReady",
                "startTime": 170
              },
              {
                "duration": 12869.28,
                "name": "timeToZonesAndDomReady",
                "startTime": 170
              },
              {
                "duration": 33339.66,
                "name": "faveReady",
                "startTime": 170
              },
              {
                "duration": 33341.06,
                "name": "faveReady",
                "startTime": 170
              },
              {
                "duration": 968.6999999999998,
                "name": "optimizelyTime",
                "startTime": 2539.7000000000003
              },
              {
                "duration": 32,
                "name": "domTime",
                "startTime": 3508.88
              },
              {
                "duration": 1535.42,
                "name": "footerTime",
                "startTime": 3540.88
              },
              {
                "duration": 6585.5999999999985,
                "name": "[ADFUEL] Registry Load [//cdn.cnn.com/ads/cnni/cnni_homepage.json]",
                "startTime": 17539.260000000002
              },
              {
                "duration": 10427.659999999996,
                "name": "[ADFUEL] Queue Registry [cnni_homepage - 5000101737]",
                "startTime": 24131.22
              },
              {
                "duration": 1.6000000000021828,
                "name": "lteu",
                "startTime": 26533.64
              },
              {
                "duration": 0.2000000000007276,
                "name": "ltpq",
                "startTime": 26536.14
              },
              {
                "duration": 66.95999999999913,
                "name": "[ADFUEL] Building Slot [ad_bnr_atf_01]",
                "startTime": 31475.68
              },
              {
                "duration": 28.020000000000437,
                "name": "[ADFUEL] Building Slot [ad_bnr_atf_02]",
                "startTime": 31543.9
              },
              {
                "duration": 371.4400000000023,
                "name": "[ADFUEL] Dispatch Queue",
                "startTime": 34559.2
              },
              {
                "duration": 28.459999999999127,
                "name": "[ADFUEL] Page-Level GPT Build",
                "startTime": 34779.96
              },
              {
                "duration": 119.40000000000146,
                "name": "[ADFUEL] Sending Request",
                "startTime": 34809.18
              }
            ]
          }
        }
      },
      {
        "browser": {
          "appConstants": {
            "ACCESSIBILITY": true,
            "ANDROID_PACKAGE_NAME": "org.mozilla.firefox",
            "ASAN": false,
            "ASAN_REPORTER": false,
            "BROWSER_CHROME_URL": "chrome://browser/content/browser.xul",
            "DEBUG": false,
            "DEBUG_JS_MODULES": "",
            "DLL_PREFIX": "lib",
            "DLL_SUFFIX": ".so",
            "EARLY_BETA_OR_EARLIER": false,
            "FENNEC_NIGHTLY": false,
            "HAVE_SHELL_SERVICE": false,
            "HAVE_USR_LIB64_DIR": false,
            "MENUBAR_CAN_AUTOHIDE": false,
            "MOZILLA_OFFICIAL": true,
            "MOZ_ALLOW_LEGACY_EXTENSIONS": false,
            "MOZ_ANDROID_ACTIVITY_STREAM": false,
            "MOZ_ANDROID_HISTORY": true,
            "MOZ_ANDROID_MOZILLA_ONLINE": false,
            "MOZ_APP_NAME": "fennec",
            "MOZ_APP_VERSION": "68.1.1",
            "MOZ_APP_VERSION_DISPLAY": "68.1.1",
            "MOZ_BING_API_CLIENTID": "no-bing-api-clientid",
            "MOZ_BING_API_KEY": "no-bing-api-key",
            "MOZ_BITS_DOWNLOAD": false,
            "MOZ_BUILD_APP": "mobile/android",
            "MOZ_CODE_COVERAGE": false,
            "MOZ_CRASHREPORTER": true,
            "MOZ_DATA_REPORTING": true,
            "MOZ_DEV_EDITION": false,
            "MOZ_GECKO_PROFILER": true,
            "MOZ_GOOGLE_LOCATION_SERVICE_API_KEY": "AIzaSyB2h2OuRcUgy5N-5hsZqiPW6sH3n_rptiQ",
            "MOZ_GOOGLE_SAFEBROWSING_API_KEY": "AIzaSyC7jsptDS3am4tPx4r3nxis7IMjBc5Dovo",
            "MOZ_GRAPHENE": false,
            "MOZ_MACBUNDLE_NAME": "Firefox.app",
            "MOZ_MAINTENANCE_SERVICE": false,
            "MOZ_MOZILLA_API_KEY": "3b4d27dd-703d-4094-8398-4de2c763505a",
            "MOZ_NEW_CERT_STORAGE": false,
            "MOZ_NEW_NOTIFICATION_STORE": false,
            "MOZ_NEW_XULSTORE": false,
            "MOZ_OFFICIAL_BRANDING": false,
            "MOZ_PLACES": false,
            "MOZ_REQUIRE_SIGNING": false,
            "MOZ_SANDBOX": false,
            "MOZ_SERVICES_HEALTHREPORT": true,
            "MOZ_SERVICES_SYNC": false,
            "MOZ_SWITCHBOARD": true,
            "MOZ_SYSTEM_NSS": false,
            "MOZ_TELEMETRY_ON_BY_DEFAULT": false,
            "MOZ_TELEMETRY_REPORTING": true,
            "MOZ_UNSIGNED_SCOPES": 0,
            "MOZ_UPDATER": false,
            "MOZ_UPDATE_CHANNEL": "release",
            "MOZ_WEBRTC": true,
            "MOZ_WIDGET_GTK": false,
            "MOZ_WIDGET_TOOLKIT": "android",
            "NIGHTLY_BUILD": false,
            "OMNIJAR_NAME": "assets/omni.ja",
            "RELEASE_OR_BETA": true,
            "SOURCE_REVISION_URL": "https://hg.mozilla.org/releases/mozilla-esr68/rev/d2e0b9e17b9bc1ef02606c8006b73293f7892ad5",
            "TELEMETRY_PING_FORMAT_VERSION": 4,
            "XP_UNIX": true,
            "isPlatformAndVersionAtLeast": {},
            "isPlatformAndVersionAtMost": {},
            "platform": "android"
          },
          "asyncAppConstants": {
            "ACCESSIBILITY": true,
            "ANDROID_PACKAGE_NAME": "org.mozilla.firefox",
            "ASAN": false,
            "ASAN_REPORTER": false,
            "BROWSER_CHROME_URL": "chrome://browser/content/browser.xul",
            "DEBUG": false,
            "DEBUG_JS_MODULES": "",
            "DLL_PREFIX": "lib",
            "DLL_SUFFIX": ".so",
            "EARLY_BETA_OR_EARLIER": false,
            "FENNEC_NIGHTLY": false,
            "HAVE_SHELL_SERVICE": false,
            "HAVE_USR_LIB64_DIR": false,
            "MENUBAR_CAN_AUTOHIDE": false,
            "MOZILLA_OFFICIAL": true,
            "MOZ_ALLOW_LEGACY_EXTENSIONS": false,
            "MOZ_ANDROID_ACTIVITY_STREAM": false,
            "MOZ_ANDROID_HISTORY": true,
            "MOZ_ANDROID_MOZILLA_ONLINE": false,
            "MOZ_APP_NAME": "fennec",
            "MOZ_APP_VERSION": "68.1.1",
            "MOZ_APP_VERSION_DISPLAY": "68.1.1",
            "MOZ_BING_API_CLIENTID": "no-bing-api-clientid",
            "MOZ_BING_API_KEY": "no-bing-api-key",
            "MOZ_BITS_DOWNLOAD": false,
            "MOZ_BUILD_APP": "mobile/android",
            "MOZ_CODE_COVERAGE": false,
            "MOZ_CRASHREPORTER": true,
            "MOZ_DATA_REPORTING": true,
            "MOZ_DEV_EDITION": false,
            "MOZ_GECKO_PROFILER": true,
            "MOZ_GOOGLE_LOCATION_SERVICE_API_KEY": "AIzaSyB2h2OuRcUgy5N-5hsZqiPW6sH3n_rptiQ",
            "MOZ_GOOGLE_SAFEBROWSING_API_KEY": "AIzaSyC7jsptDS3am4tPx4r3nxis7IMjBc5Dovo",
            "MOZ_GRAPHENE": false,
            "MOZ_MACBUNDLE_NAME": "Firefox.app",
            "MOZ_MAINTENANCE_SERVICE": false,
            "MOZ_MOZILLA_API_KEY": "3b4d27dd-703d-4094-8398-4de2c763505a",
            "MOZ_NEW_CERT_STORAGE": false,
            "MOZ_NEW_NOTIFICATION_STORE": false,
            "MOZ_NEW_XULSTORE": false,
            "MOZ_OFFICIAL_BRANDING": false,
            "MOZ_PLACES": false,
            "MOZ_REQUIRE_SIGNING": false,
            "MOZ_SANDBOX": false,
            "MOZ_SERVICES_HEALTHREPORT": true,
            "MOZ_SERVICES_SYNC": false,
            "MOZ_SWITCHBOARD": true,
            "MOZ_SYSTEM_NSS": false,
            "MOZ_TELEMETRY_ON_BY_DEFAULT": false,
            "MOZ_TELEMETRY_REPORTING": true,
            "MOZ_UNSIGNED_SCOPES": 0,
            "MOZ_UPDATER": false,
            "MOZ_UPDATE_CHANNEL": "release",
            "MOZ_WEBRTC": true,
            "MOZ_WIDGET_GTK": false,
            "MOZ_WIDGET_TOOLKIT": "android",
            "NIGHTLY_BUILD": false,
            "OMNIJAR_NAME": "assets/omni.ja",
            "RELEASE_OR_BETA": true,
            "SOURCE_REVISION_URL": "https://hg.mozilla.org/releases/mozilla-esr68/rev/d2e0b9e17b9bc1ef02606c8006b73293f7892ad5",
            "TELEMETRY_PING_FORMAT_VERSION": 4,
            "XP_UNIX": true,
            "isPlatformAndVersionAtLeast": {},
            "isPlatformAndVersionAtMost": {},
            "platform": "android"
          },
          "userAgent": "Mozilla/5.0 (Android 8.1.0; Mobile; rv:68.0) Gecko/68.0 Firefox/68.0",
          "windowSize": "360x560"
        },
        "pageinfo": {
          "documentHeight": 5973,
          "documentSize": {
            "decodedBodySize": 1140297,
            "encodedBodySize": 156904,
            "transferSize": 158454
          },
          "documentTitle": "CNN International - Breaking News, US News, World News and Video",
          "documentWidth": 360,
          "domElements": 1454,
          "navigationStartTime": 1617070467389,
          "nextHopProtocol": "h2",
          "resources": {
            "count": 0,
            "duration": 0
          },
          "responsive": true,
          "url": "https://edition.cnn.com/",
          "visualElements": {
            "heroes": [
              {
                "filename": "210214074030-01-who-team-covid-19-investigation-wuhan-0203-large-tease.jpg",
                "height": 191,
                "name": "LargestImage",
                "width": 340,
                "x": 10,
                "y": 185
              }
            ],
            "viewport": {
              "height": 560,
              "width": 360
            }
          }
        },
        "timings": {
          "firstPaint": 2418,
          "loadEventEnd": 39461,
          "navigationTiming": {
            "connectStart": 42,
            "domComplete": 39388,
            "domContentLoadedEventEnd": 6275,
            "domContentLoadedEventStart": 5648,
            "domInteractive": 5607,
            "domainLookupEnd": 41,
            "domainLookupStart": 41,
            "duration": 39461,
            "fetchStart": 3,
            "loadEventEnd": 39461,
            "loadEventStart": 39388,
            "redirectEnd": 0,
            "redirectStart": 0,
            "requestStart": 142,
            "responseEnd": 152,
            "responseStart": 152,
            "secureConnectionStart": 56,
            "startTime": 0,
            "unloadEventEnd": 0,
            "unloadEventStart": 0,
            "workerStart": 0
          },
          "pageTimings": {
            "backEndTime": 152,
            "domContentLoadedTime": 5648,
            "domInteractiveTime": 5607,
            "domainLookupTime": 0,
            "frontEndTime": 39236,
            "pageDownloadTime": 0,
            "pageLoadTime": 39388,
            "redirectionTime": 0,
            "serverConnectionTime": 99,
            "serverResponseTime": 10
          },
          "rumSpeedIndex": 151,
          "timeToContentfulPaint": 12042,
          "timeToDomContentFlushed": 5610,
          "userTimings": {
            "marks": [
              {
                "name": "optimizelyStart",
                "startTime": 2424.64
              },
              {
                "name": "optimizely:blockBegin",
                "startTime": 2561.7000000000003
              },
              {
                "name": "optimizelyEnd",
                "startTime": 3311.44
              },
              {
                "name": "headEnd",
                "startTime": 3311.98
              },
              {
                "name": "footerStart",
                "startTime": 3338.94
              },
              {
                "name": "footerEnd",
                "startTime": 4762.32
              },
              {
                "name": "[ADFUEL] AdFuel Initialized",
                "startTime": 5444.4800000000005
              },
              {
                "name": "domReady",
                "startTime": 5721.22
              },
              {
                "name": "[ADFUEL] AdFuel DOMContentLoaded",
                "startTime": 6229.84
              },
              {
                "name": "[ADFUEL] Dispatch Queue Start",
                "startTime": 6232.400000000001
              },
              {
                "name": "[ADFUEL] Dispatch Queue Start",
                "startTime": 6509.82
              },
              {
                "name": "zonesReady",
                "startTime": 12310.6
              },
              {
                "name": "zonesAndDomReady",
                "startTime": 12410.12
              },
              {
                "name": "gpt-tag-load",
                "startTime": 14400.08
              },
              {
                "name": "[ADFUEL] Registry Load [//cdn.cnn.com/ads/cnni/cnni_homepage.json] Start",
                "startTime": 14622.34
              },
              {
                "name": "[ADFUEL] Registering Module: Prebid Module v4.0.30",
                "startTime": 18713.94
              },
              {
                "name": "[ADFUEL] Registering Module: Amazon A9 Module v4.0.20",
                "startTime": 18721.2
              },
              {
                "name": "[ADFUEL] Registering Module: Proximic Module v4.0.5",
                "startTime": 18731.1
              },
              {
                "name": "[ADFUEL] Registering Module: Krux Module v4.1.4",
                "startTime": 18862.62
              },
              {
                "name": "[ADFUEL] Registering Module: Integral Ad Science Module v4.0.5",
                "startTime": 18896.32
              },
              {
                "name": "[ADFUEL] Registering Module: Beemray Module v4.0.3",
                "startTime": 18904.76
              },
              {
                "name": "[ADFUEL] Registering Module: CEP Module v4.0.4",
                "startTime": 18906.62
              },
              {
                "name": "[ADFUEL] Registering Module: In View Refresh v4.0.3",
                "startTime": 18920.1
              },
              {
                "name": "[ADFUEL] Registering Module: Malvertising Detection v4.0.6",
                "startTime": 18926.84
              },
              {
                "name": "[ADFUEL] Registering Module: Sourcepoint Add-on: Ad Blocking v4.0.2",
                "startTime": 18929.42
              },
              {
                "name": "[ADFUEL] Registering Module: Transaction ID Module v4.0.2",
                "startTime": 19913.16
              },
              {
                "name": "[ADFUEL] Registering Module: Turner GUID Module v4.0.2",
                "startTime": 19926.26
              },
              {
                "name": "[ADFUEL] Registry Load [//cdn.cnn.com/ads/cnni/cnni_homepage.json] End",
                "startTime": 21265.12
              },
              {
                "name": "[ADFUEL] Queue Registry [cnni_homepage - 6481768770] Start",
                "startTime": 21278.46
              },
              {
                "name": "loadStarteventUtils",
                "startTime": 24875.22
              },
              {
                "name": "loadEndeventUtils",
                "startTime": 24875.76
              },
              {
                "name": "loadStartpixelQueue",
                "startTime": 24876.02
              },
              {
                "name": "loadEndpixelQueue",
                "startTime": 24876.2
              },
              {
                "name": "one-tap-video::embedRequest",
                "startTime": 25355.36
              },
              {
                "name": "[ADFUEL] Building Slot [ad_bnr_atf_01] Start",
                "startTime": 29625.72
              },
              {
                "name": "[ADFUEL] Building Slot [ad_bnr_atf_01] End",
                "startTime": 29697.92
              },
              {
                "name": "[ADFUEL] Building Slot [ad_bnr_atf_02] Start",
                "startTime": 29702.36
              },
              {
                "name": "[ADFUEL] Building Slot [ad_bnr_atf_02] End",
                "startTime": 29732.1
              },
              {
                "name": "one-tap-video::playerReady",
                "startTime": 33320.8
              },
              {
                "name": "faveReady_mark",
                "startTime": 33367.520000000004
              },
              {
                "name": "faveReady_mark",
                "startTime": 33369.88
              },
              {
                "name": "[ADFUEL] Applying Page-Level Targeting",
                "startTime": 35076.42
              },
              {
                "name": "[ADFUEL] Applying Window Site-Level Options.",
                "startTime": 35077.340000000004
              },
              {
                "name": "[ADFUEL] Queue Registry [cnni_homepage - 6481768770] End",
                "startTime": 35078.88
              },
              {
                "name": "[ADFUEL] Dispatch Queue Start",
                "startTime": 35079.24
              },
              {
                "name": "[ADFUEL] Page-Level GPT Build Start",
                "startTime": 35196.1
              },
              {
                "name": "[ADFUEL] Page-Level GPT Build End",
                "startTime": 35242.1
              },
              {
                "name": "[ADFUEL] Sending Request Start",
                "startTime": 35243.38
              },
              {
                "name": "[ADFUEL] Sending Request End",
                "startTime": 35343.020000000004
              },
              {
                "name": "[ADFUEL] AdFuel Request Complete",
                "startTime": 35344.3
              },
              {
                "name": "[ADFUEL] Dispatch Queue End",
                "startTime": 35344.74
              },
              {
                "name": "gpt-first-ad-request",
                "startTime": 36718.36
              },
              {
                "name": "gpt-first-ad-render",
                "startTime": 38415.76
              },
              {
                "name": "[ADFUEL] Ad Rendered [ad_bnr_atf_01]",
                "startTime": 38442.32
              },
              {
                "name": "[ADFUEL] Ad Rendered [ad_bnr_atf_02]",
                "startTime": 38565.1
              },
              {
                "name": "[ADFUEL] AdFuel window.load",
                "startTime": 39424.46
              },
              {
                "name": "[ADFUEL] Dispatch Queue Start",
                "startTime": 39425.42
              }
            ],
            "measures": [
              {
                "duration": 3118.98,
                "name": "headTime",
                "startTime": 193
              },
              {
                "duration": 12117.6,
                "name": "timeToZonesComplete",
                "startTime": 193
              },
              {
                "duration": 5413,
                "name": "timeToInteractive",
                "startTime": 193
              },
              {
                "duration": 5528.22,
                "name": "timeToDomReady",
                "startTime": 193
              },
              {
                "duration": 12217.12,
                "name": "timeToZonesAndDomReady",
                "startTime": 193
              },
              {
                "duration": 33174.520000000004,
                "name": "faveReady",
                "startTime": 193
              },
              {
                "duration": 33176.88,
                "name": "faveReady",
                "startTime": 193
              },
              {
                "duration": 886.8000000000002,
                "name": "optimizelyTime",
                "startTime": 2424.64
              },
              {
                "duration": 26.960000000000036,
                "name": "domTime",
                "startTime": 3311.98
              },
              {
                "duration": 1423.3799999999997,
                "name": "footerTime",
                "startTime": 3338.94
              },
              {
                "duration": 6642.779999999999,
                "name": "[ADFUEL] Registry Load [//cdn.cnn.com/ads/cnni/cnni_homepage.json]",
                "startTime": 14622.34
              },
              {
                "duration": 13800.419999999998,
                "name": "[ADFUEL] Queue Registry [cnni_homepage - 6481768770]",
                "startTime": 21278.46
              },
              {
                "duration": 0.5400000000008731,
                "name": "lteu",
                "startTime": 24875.22
              },
              {
                "duration": 0.18000000000029104,
                "name": "ltpq",
                "startTime": 24876.02
              },
              {
                "duration": 72.20000000000073,
                "name": "[ADFUEL] Building Slot [ad_bnr_atf_01]",
                "startTime": 29625.72
              },
              {
                "duration": 29.7400000000016,
                "name": "[ADFUEL] Building Slot [ad_bnr_atf_02]",
                "startTime": 29702.36
              },
              {
                "duration": 265.5,
                "name": "[ADFUEL] Dispatch Queue",
                "startTime": 35079.24
              },
              {
                "duration": 46,
                "name": "[ADFUEL] Page-Level GPT Build",
                "startTime": 35196.1
              },
              {
                "duration": 99.6400000000067,
                "name": "[ADFUEL] Sending Request",
                "startTime": 35243.38
              }
            ]
          }
        }
      }
    ],
    "visualMetrics": [],
    "cpu": [],
    "extras": [
      {},
      {},
      {}
    ],
    "fullyLoaded": [],
    "errors": [
      [],
      [],
      []
    ],
    "statistics": {
      "browser": {
        "appConstants": {
          "MOZ_UNSIGNED_SCOPES": {
            "median": 0,
            "mean": 0,
            "mdev": 0,
            "stddev": 0,
            "min": 0,
            "p10": 0,
            "p90": 0,
            "p99": 0,
            "max": 0
          },
          "TELEMETRY_PING_FORMAT_VERSION": {
            "median": 4,
            "mean": 4,
            "mdev": 0,
            "stddev": 0,
            "min": 4,
            "p10": 4,
            "p90": 4,
            "p99": 4,
            "max": 4
          }
        },
        "asyncAppConstants": {
          "MOZ_UNSIGNED_SCOPES": {
            "median": 0,
            "mean": 0,
            "mdev": 0,
            "stddev": 0,
            "min": 0,
            "p10": 0,
            "p90": 0,
            "p99": 0,
            "max": 0
          },
          "TELEMETRY_PING_FORMAT_VERSION": {
            "median": 4,
            "mean": 4,
            "mdev": 0,
            "stddev": 0,
            "min": 4,
            "p10": 4,
            "p90": 4,
            "p99": 4,
            "max": 4
          }
        }
      },
      "pageinfo": {
        "documentHeight": {
          "median": 5973,
          "mean": 5973,
          "mdev": 0,
          "stddev": 0,
          "min": 5973,
          "p10": 5973,
          "p90": 5973,
          "p99": 5973,
          "max": 5973
        },
        "documentSize": {
          "decodedBodySize": {
            "median": 1140297,
            "mean": 1140297,
            "mdev": 0,
            "stddev": 0,
            "min": 1140297,
            "p10": 1140297,
            "p90": 1140297,
            "p99": 1140297,
            "max": 1140297
          },
          "encodedBodySize": {
            "median": 156904,
            "mean": 156904,
            "mdev": 0,
            "stddev": 0,
            "min": 156904,
            "p10": 156904,
            "p90": 156904,
            "p99": 156904,
            "max": 156904
          },
          "transferSize": {
            "median": 158454,
            "mean": 158454,
            "mdev": 0.2722,
            "stddev": 0,
            "min": 158454,
            "p10": 158454,
            "p90": 158455,
            "p99": 158455,
            "max": 158455
          }
        },
        "documentWidth": {
          "median": 360,
          "mean": 360,
          "mdev": 0,
          "stddev": 0,
          "min": 360,
          "p10": 360,
          "p90": 360,
          "p99": 360,
          "max": 360
        },
        "domElements": {
          "median": 1453,
          "mean": 1453,
          "mdev": 0.7201,
          "stddev": 1,
          "min": 1451,
          "p10": 1451,
          "p90": 1454,
          "p99": 1454,
          "max": 1454
        },
        "navigationStartTime": {
          "median": 1617070395506,
          "mean": 1617070399034,
          "mdev": 30893.9667,
          "stddev": 53510,
          "min": 1617070334206,
          "p10": 1617070334206,
          "p90": 1617070467389,
          "p99": 1617070467389,
          "max": 1617070467389
        },
        "resources": {
          "count": {
            "median": 0,
            "mean": 0,
            "mdev": 0,
            "stddev": 0,
            "min": 0,
            "p10": 0,
            "p90": 0,
            "p99": 0,
            "max": 0
          },
          "duration": {
            "median": 0,
            "mean": 0,
            "mdev": 0,
            "stddev": 0,
            "min": 0,
            "p10": 0,
            "p90": 0,
            "p99": 0,
            "max": 0
          }
        },
        "visualElements": {
          "heroes": [
            {
              "height": {
                "median": 191,
                "mean": 191,
                "mdev": 0,
                "stddev": 0,
                "min": 191,
                "p10": 191,
                "p90": 191,
                "p99": 191,
                "max": 191
              },
              "width": {
                "median": 340,
                "mean": 340,
                "mdev": 0,
                "stddev": 0,
                "min": 340,
                "p10": 340,
                "p90": 340,
                "p99": 340,
                "max": 340
              },
              "x": {
                "median": 10,
                "mean": 10,
                "mdev": 0,
                "stddev": 0,
                "min": 10,
                "p10": 10,
                "p90": 10,
                "p99": 10,
                "max": 10
              },
              "y": {
                "median": 185,
                "mean": 185,
                "mdev": 0,
                "stddev": 0,
                "min": 185,
                "p10": 185,
                "p90": 185,
                "p99": 185,
                "max": 185
              }
            }
          ],
          "viewport": {
            "height": {
              "median": 560,
              "mean": 560,
              "mdev": 0,
              "stddev": 0,
              "min": 560,
              "p10": 560,
              "p90": 560,
              "p99": 560,
              "max": 560
            },
            "width": {
              "median": 360,
              "mean": 360,
              "mdev": 0,
              "stddev": 0,
              "min": 360,
              "p10": 360,
              "p90": 360,
              "p99": 360,
              "max": 360
            }
          }
        }
      },
      "timings": {
        "firstPaint": {
          "median": 2418,
          "mean": 2148,
          "mdev": 263.4668,
          "stddev": 456,
          "min": 1505,
          "p10": 1505,
          "p90": 2520,
          "p99": 2520,
          "max": 2520
        },
        "loadEventEnd": {
          "median": 39461,
          "mean": 40452,
          "mdev": 4665.8576,
          "stddev": 8082,
          "min": 31087,
          "p10": 31087,
          "p90": 50808,
          "p99": 50808,
          "max": 50808
        },
        "navigationTiming": {
          "connectStart": {
            "median": 42,
            "mean": 39,
            "mdev": 3.7417,
            "stddev": 6,
            "min": 30,
            "p10": 30,
            "p90": 45,
            "p99": 45,
            "max": 45
          },
          "domComplete": {
            "median": 39388,
            "mean": 40109,
            "mdev": 4838.9631,
            "stddev": 8381,
            "min": 30223,
            "p10": 30223,
            "p90": 50715,
            "p99": 50715,
            "max": 50715
          },
          "domContentLoadedEventEnd": {
            "median": 6275,
            "mean": 6350,
            "mdev": 183.1486,
            "stddev": 317,
            "min": 6005,
            "p10": 6005,
            "p90": 6771,
            "p99": 6771,
            "max": 6771
          },
          "domContentLoadedEventStart": {
            "median": 5648,
            "mean": 5671,
            "mdev": 153.7292,
            "stddev": 266,
            "min": 5357,
            "p10": 5357,
            "p90": 6008,
            "p99": 6008,
            "max": 6008
          },
          "domInteractive": {
            "median": 5607,
            "mean": 5630,
            "mdev": 149.2681,
            "stddev": 259,
            "min": 5326,
            "p10": 5326,
            "p90": 5958,
            "p99": 5958,
            "max": 5958
          },
          "domainLookupEnd": {
            "median": 41,
            "mean": 38,
            "mdev": 3.7417,
            "stddev": 6,
            "min": 29,
            "p10": 29,
            "p90": 44,
            "p99": 44,
            "max": 44
          },
          "domainLookupStart": {
            "median": 41,
            "mean": 38,
            "mdev": 3.7417,
            "stddev": 6,
            "min": 29,
            "p10": 29,
            "p90": 44,
            "p99": 44,
            "max": 44
          },
          "duration": {
            "median": 39461,
            "mean": 40452,
            "mdev": 4665.8576,
            "stddev": 8082,
            "min": 31087,
            "p10": 31087,
            "p90": 50808,
            "p99": 50808,
            "max": 50808
          },
          "fetchStart": {
            "median": 3,
            "mean": 3,
            "mdev": 0.2722,
            "stddev": 0,
            "min": 2,
            "p10": 2,
            "p90": 3,
            "p99": 3,
            "max": 3
          },
          "loadEventEnd": {
            "median": 39461,
            "mean": 40452,
            "mdev": 4665.8576,
            "stddev": 8082,
            "min": 31087,
            "p10": 31087,
            "p90": 50808,
            "p99": 50808,
            "max": 50808
          },
          "loadEventStart": {
            "median": 39388,
            "mean": 40109,
            "mdev": 4838.9631,
            "stddev": 8381,
            "min": 30223,
            "p10": 30223,
            "p90": 50715,
            "p99": 50715,
            "max": 50715
          },
          "redirectEnd": {
            "median": 0,
            "mean": 0,
            "mdev": 0,
            "stddev": 0,
            "min": 0,
            "p10": 0,
            "p90": 0,
            "p99": 0,
            "max": 0
          },
          "redirectStart": {
            "median": 0,
            "mean": 0,
            "mdev": 0,
            "stddev": 0,
            "min": 0,
            "p10": 0,
            "p90": 0,
            "p99": 0,
            "max": 0
          },
          "requestStart": {
            "median": 142,
            "mean": 138,
            "mdev": 8.641,
            "stddev": 15,
            "min": 118,
            "p10": 118,
            "p90": 154,
            "p99": 154,
            "max": 154
          },
          "responseEnd": {
            "median": 152,
            "mean": 148,
            "mdev": 8.641,
            "stddev": 15,
            "min": 128,
            "p10": 128,
            "p90": 164,
            "p99": 164,
            "max": 164
          },
          "responseStart": {
            "median": 152,
            "mean": 148,
            "mdev": 8.641,
            "stddev": 15,
            "min": 128,
            "p10": 128,
            "p90": 164,
            "p99": 164,
            "max": 164
          },
          "secureConnectionStart": {
            "median": 56,
            "mean": 56,
            "mdev": 6.8367,
            "stddev": 12,
            "min": 42,
            "p10": 42,
            "p90": 71,
            "p99": 71,
            "max": 71
          },
          "startTime": {
            "median": 0,
            "mean": 0,
            "mdev": 0,
            "stddev": 0,
            "min": 0,
            "p10": 0,
            "p90": 0,
            "p99": 0,
            "max": 0
          },
          "unloadEventEnd": {
            "median": 0,
            "mean": 0,
            "mdev": 0,
            "stddev": 0,
            "min": 0,
            "p10": 0,
            "p90": 0,
            "p99": 0,
            "max": 0
          },
          "unloadEventStart": {
            "median": 0,
            "mean": 0,
            "mdev": 0,
            "stddev": 0,
            "min": 0,
            "p10": 0,
            "p90": 0,
            "p99": 0,
            "max": 0
          },
          "workerStart": {
            "median": 0,
            "mean": 0,
            "mdev": 0,
            "stddev": 0,
            "min": 0,
            "p10": 0,
            "p90": 0,
            "p99": 0,
            "max": 0
          }
        },
        "pageTimings": {
          "backEndTime": {
            "median": 152,
            "mean": 148,
            "mdev": 8.641,
            "stddev": 15,
            "min": 128,
            "p10": 128,
            "p90": 164,
            "p99": 164,
            "max": 164
          },
          "domContentLoadedTime": {
            "median": 5648,
            "mean": 5671,
            "mdev": 153.7292,
            "stddev": 266,
            "min": 5357,
            "p10": 5357,
            "p90": 6008,
            "p99": 6008,
            "max": 6008
          },
          "domInteractiveTime": {
            "median": 5607,
            "mean": 5630,
            "mdev": 149.2681,
            "stddev": 259,
            "min": 5326,
            "p10": 5326,
            "p90": 5958,
            "p99": 5958,
            "max": 5958
          },
          "domainLookupTime": {
            "median": 0,
            "mean": 0,
            "mdev": 0,
            "stddev": 0,
            "min": 0,
            "p10": 0,
            "p90": 0,
            "p99": 0,
            "max": 0
          },
          "frontEndTime": {
            "median": 39236,
            "mean": 39961,
            "mdev": 4847.7756,
            "stddev": 8397,
            "min": 30059,
            "p10": 30059,
            "p90": 50588,
            "p99": 50588,
            "max": 50588
          },
          "pageDownloadTime": {
            "median": 0,
            "mean": 0,
            "mdev": 0,
            "stddev": 0,
            "min": 0,
            "p10": 0,
            "p90": 0,
            "p99": 0,
            "max": 0
          },
          "pageLoadTime": {
            "median": 39388,
            "mean": 40109,
            "mdev": 4838.9631,
            "stddev": 8381,
            "min": 30223,
            "p10": 30223,
            "p90": 50715,
            "p99": 50715,
            "max": 50715
          },
          "redirectionTime": {
            "median": 0,
            "mean": 0,
            "mdev": 0,
            "stddev": 0,
            "min": 0,
            "p10": 0,
            "p90": 0,
            "p99": 0,
            "max": 0
          },
          "serverConnectionTime": {
            "median": 99,
            "mean": 98,
            "mdev": 5.2139,
            "stddev": 9,
            "min": 86,
            "p10": 86,
            "p90": 108,
            "p99": 108,
            "max": 108
          },
          "serverResponseTime": {
            "median": 10,
            "mean": 10,
            "mdev": 0.2722,
            "stddev": 0,
            "min": 9,
            "p10": 9,
            "p90": 10,
            "p99": 10,
            "max": 10
          }
        },
        "rumSpeedIndex": {
          "median": 151,
          "mean": 147,
          "mdev": 8.641,
          "stddev": 15,
          "min": 127,
          "p10": 127,
          "p90": 163,
          "p99": 163,
          "max": 163
        },
        "timeToContentfulPaint": {
          "median": 10236,
          "mean": 9893,
          "mdev": 1102.8203,
          "stddev": 1910,
          "min": 7401,
          "p10": 7401,
          "p90": 12042,
          "p99": 12042,
          "max": 12042
        },
        "timeToDomContentFlushed": {
          "median": 5610,
          "mean": 5633,
          "mdev": 149.4947,
          "stddev": 259,
          "min": 5328,
          "p10": 5328,
          "p90": 5961,
          "p99": 5961,
          "max": 5961
        },
        "userTimings": {
          "marks": {
            "optimizelyStart": {
              "median": 2440,
              "mean": 2468,
              "mdev": 29.44,
              "stddev": 51,
              "min": 2425,
              "p10": 2425,
              "p90": 2540,
              "p99": 2540,
              "max": 2540
            },
            "optimizely:blockBegin": {
              "median": 2563,
              "mean": 2601,
              "mdev": 31.1726,
              "stddev": 54,
              "min": 2562,
              "p10": 2562,
              "p90": 2677,
              "p99": 2677,
              "max": 2677
            },
            "optimizelyEnd": {
              "median": 3311,
              "mean": 3324,
              "mdev": 83.9279,
              "stddev": 145,
              "min": 3153,
              "p10": 3153,
              "p90": 3508,
              "p99": 3508,
              "max": 3508
            },
            "headEnd": {
              "median": 3312,
              "mean": 3325,
              "mdev": 83.8634,
              "stddev": 145,
              "min": 3154,
              "p10": 3154,
              "p90": 3509,
              "p99": 3509,
              "max": 3509
            },
            "footerStart": {
              "median": 3339,
              "mean": 3353,
              "mdev": 85.1123,
              "stddev": 147,
              "min": 3181,
              "p10": 3181,
              "p90": 3541,
              "p99": 3541,
              "max": 3541
            },
            "footerEnd": {
              "median": 4762,
              "mean": 4738,
              "mdev": 165.2436,
              "stddev": 286,
              "min": 4376,
              "p10": 4376,
              "p90": 5076,
              "p99": 5076,
              "max": 5076
            },
            "[ADFUEL] AdFuel Initialized": {
              "median": 5444,
              "mean": 5356,
              "mdev": 241.6699,
              "stddev": 419,
              "min": 4805,
              "p10": 4805,
              "p90": 5819,
              "p99": 5819,
              "max": 5819
            },
            "domReady": {
              "median": 5721,
              "mean": 5752,
              "mdev": 163.5859,
              "stddev": 283,
              "min": 5422,
              "p10": 5422,
              "p90": 6114,
              "p99": 6114,
              "max": 6114
            },
            "[ADFUEL] AdFuel DOMContentLoaded": {
              "median": 6230,
              "mean": 6305,
              "mdev": 182.2127,
              "stddev": 316,
              "min": 5962,
              "p10": 5962,
              "p90": 6724,
              "p99": 6724,
              "max": 6724
            },
            "[ADFUEL] Dispatch Queue Start": {
              "median": 39425,
              "mean": 42340,
              "mdev": 3493.6092,
              "stddev": 6051,
              "min": 36830,
              "p10": 36830,
              "p90": 50766,
              "p99": 50766,
              "max": 50766
            },
            "gpt-tag-load": {
              "median": 13526,
              "mean": 13611,
              "mdev": 353.812,
              "stddev": 613,
              "min": 12906,
              "p10": 12906,
              "p90": 14400,
              "p99": 14400,
              "max": 14400
            },
            "zonesReady": {
              "median": 12938,
              "mean": 12805,
              "mdev": 208.6849,
              "stddev": 361,
              "min": 12311,
              "p10": 12311,
              "p90": 13165,
              "p99": 13165,
              "max": 13165
            },
            "zonesAndDomReady": {
              "median": 13039,
              "mean": 12898,
              "mdev": 204.8509,
              "stddev": 355,
              "min": 12410,
              "p10": 12410,
              "p90": 13244,
              "p99": 13244,
              "max": 13244
            },
            "[ADFUEL] Registry Load [//cdn.cnn.com/ads/cnni/cnni_homepage.json] Start": {
              "median": 14622,
              "mean": 15451,
              "mdev": 858.4311,
              "stddev": 1487,
              "min": 14192,
              "p10": 14192,
              "p90": 17539,
              "p99": 17539,
              "max": 17539
            },
            "[ADFUEL] Registry Load [//cdn.cnn.com/ads/cnni/cnni_homepage.json] End": {
              "median": 21265,
              "mean": 22134,
              "mdev": 814.8109,
              "stddev": 1411,
              "min": 21013,
              "p10": 21013,
              "p90": 24125,
              "p99": 24125,
              "max": 24125
            },
            "one-tap-video::embedRequest": {
              "median": 25355,
              "mean": 24878,
              "mdev": 1069.6873,
              "stddev": 1853,
              "min": 22409,
              "p10": 22409,
              "p90": 26871,
              "p99": 26871,
              "max": 26871
            },
            "loadStarteventUtils": {
              "median": 26534,
              "mean": 27173,
              "mdev": 1261.1056,
              "stddev": 2184,
              "min": 24875,
              "p10": 24875,
              "p90": 30110,
              "p99": 30110,
              "max": 30110
            },
            "loadEndeventUtils": {
              "median": 26535,
              "mean": 27174,
              "mdev": 1261.0097,
              "stddev": 2184,
              "min": 24876,
              "p10": 24876,
              "p90": 30110,
              "p99": 30110,
              "max": 30110
            },
            "loadStartpixelQueue": {
              "median": 26536,
              "mean": 27174,
              "mdev": 1260.9737,
              "stddev": 2184,
              "min": 24876,
              "p10": 24876,
              "p90": 30110,
              "p99": 30110,
              "max": 30110
            },
            "loadEndpixelQueue": {
              "median": 26536,
              "mean": 27174,
              "mdev": 1260.9674,
              "stddev": 2184,
              "min": 24876,
              "p10": 24876,
              "p90": 30111,
              "p99": 30111,
              "max": 30111
            },
            "[ADFUEL] AdFuel window.load": {
              "median": 39424,
              "mean": 40166,
              "mdev": 4830.6865,
              "stddev": 8367,
              "min": 30310,
              "p10": 30310,
              "p90": 50765,
              "p99": 50765,
              "max": 50765
            },
            "[ADFUEL] Registering Module: Prebid Module v4.0.30": {
              "median": 20864,
              "mean": 24751,
              "mdev": 4082.7637,
              "stddev": 7072,
              "min": 18714,
              "p10": 18714,
              "p90": 34674,
              "p99": 34674,
              "max": 34674
            },
            "[ADFUEL] Registering Module: Amazon A9 Module v4.0.20": {
              "median": 20876,
              "mean": 24760,
              "mdev": 4082.2811,
              "stddev": 7071,
              "min": 18721,
              "p10": 18721,
              "p90": 34681,
              "p99": 34681,
              "max": 34681
            },
            "[ADFUEL] Queue Registry [cnni_homepage - 0844661055] Start": {
              "median": 34687,
              "mean": 34687,
              "mdev": 0,
              "stddev": 0,
              "min": 34687,
              "p10": 34687,
              "p90": 34687,
              "p99": 34687,
              "max": 34687
            },
            "[ADFUEL] Registering Module: Proximic Module v4.0.5": {
              "median": 20880,
              "mean": 24823,
              "mdev": 4127.9536,
              "stddev": 7150,
              "min": 18731,
              "p10": 18731,
              "p90": 34858,
              "p99": 34858,
              "max": 34858
            },
            "[ADFUEL] Registering Module: Krux Module v4.1.4": {
              "median": 28677,
              "mean": 27467,
              "mdev": 3803.363,
              "stddev": 6588,
              "min": 18863,
              "p10": 18863,
              "p90": 34862,
              "p99": 34862,
              "max": 34862
            },
            "[ADFUEL] Registering Module: Integral Ad Science Module v4.0.5": {
              "median": 28746,
              "mean": 27505,
              "mdev": 3799.4694,
              "stddev": 6581,
              "min": 18896,
              "p10": 18896,
              "p90": 34872,
              "p99": 34872,
              "max": 34872
            },
            "[ADFUEL] Registering Module: Beemray Module v4.0.3": {
              "median": 30943,
              "mean": 28242,
              "mdev": 3923.1409,
              "stddev": 6795,
              "min": 18905,
              "p10": 18905,
              "p90": 34878,
              "p99": 34878,
              "max": 34878
            },
            "[ADFUEL] Registering Module: CEP Module v4.0.4": {
              "median": 30946,
              "mean": 28248,
              "mdev": 3925.0398,
              "stddev": 6798,
              "min": 18907,
              "p10": 18907,
              "p90": 34890,
              "p99": 34890,
              "max": 34890
            },
            "one-tap-video::playerReady": {
              "median": 33477,
              "mean": 33896,
              "mdev": 408.1144,
              "stddev": 707,
              "min": 33321,
              "p10": 33321,
              "p90": 34892,
              "p99": 34892,
              "max": 34892
            },
            "faveReady_mark": {
              "median": 33511,
              "mean": 33934,
              "mdev": 404.245,
              "stddev": 700,
              "min": 33370,
              "p10": 33370,
              "p90": 34921,
              "p99": 34921,
              "max": 34921
            },
            "[ADFUEL] Registering Module: Turner GUID Module v4.0.2": {
              "median": 31380,
              "mean": 28755,
              "mdev": 3701.8619,
              "stddev": 6412,
              "min": 19926,
              "p10": 19926,
              "p90": 34959,
              "p99": 34959,
              "max": 34959
            },
            "[ADFUEL] Registering Module: In View Refresh v4.0.3": {
              "median": 31174,
              "mean": 28352,
              "mdev": 3952.6705,
              "stddev": 6846,
              "min": 18920,
              "p10": 18920,
              "p90": 34962,
              "p99": 34962,
              "max": 34962
            },
            "[ADFUEL] Registering Module: Malvertising Detection v4.0.6": {
              "median": 31179,
              "mean": 28361,
              "mdev": 3954.0849,
              "stddev": 6849,
              "min": 18927,
              "p10": 18927,
              "p90": 34977,
              "p99": 34977,
              "max": 34977
            },
            "[ADFUEL] Registering Module: Sourcepoint Add-on: Ad Blocking v4.0.2": {
              "median": 31240,
              "mean": 28383,
              "mdev": 3958.6331,
              "stddev": 6857,
              "min": 18929,
              "p10": 18929,
              "p90": 34979,
              "p99": 34979,
              "max": 34979
            },
            "[ADFUEL] Registering Module: Transaction ID Module v4.0.2": {
              "median": 31244,
              "mean": 28715,
              "mdev": 3699.8144,
              "stddev": 6408,
              "min": 19913,
              "p10": 19913,
              "p90": 34986,
              "p99": 34986,
              "max": 34986
            },
            "[ADFUEL] Building Slot [ad_bnr_atf_01] Start": {
              "median": 31476,
              "mean": 32103,
              "mdev": 1340.4744,
              "stddev": 2322,
              "min": 29626,
              "p10": 29626,
              "p90": 35208,
              "p99": 35208,
              "max": 35208
            },
            "[ADFUEL] Building Slot [ad_bnr_atf_01] End": {
              "median": 31543,
              "mean": 32164,
              "mdev": 1333.1089,
              "stddev": 2309,
              "min": 29698,
              "p10": 29698,
              "p90": 35251,
              "p99": 35251,
              "max": 35251
            },
            "[ADFUEL] Building Slot [ad_bnr_atf_02] Start": {
              "median": 31544,
              "mean": 32166,
              "mdev": 1332.5018,
              "stddev": 2308,
              "min": 29702,
              "p10": 29702,
              "p90": 35252,
              "p99": 35252,
              "max": 35252
            },
            "[ADFUEL] Building Slot [ad_bnr_atf_02] End": {
              "median": 31572,
              "mean": 32189,
              "mdev": 1327.5173,
              "stddev": 2299,
              "min": 29732,
              "p10": 29732,
              "p90": 35262,
              "p99": 35262,
              "max": 35262
            },
            "[ADFUEL] Applying Page-Level Targeting": {
              "median": 35076,
              "mean": 35487,
              "mdev": 561.0793,
              "stddev": 972,
              "min": 34557,
              "p10": 34557,
              "p90": 36828,
              "p99": 36828,
              "max": 36828
            },
            "[ADFUEL] Applying Window Site-Level Options.": {
              "median": 35077,
              "mean": 35488,
              "mdev": 560.9816,
              "stddev": 972,
              "min": 34558,
              "p10": 34558,
              "p90": 36829,
              "p99": 36829,
              "max": 36829
            },
            "[ADFUEL] Queue Registry [cnni_homepage - 0844661055] End": {
              "median": 36830,
              "mean": 36830,
              "mdev": 0,
              "stddev": 0,
              "min": 36830,
              "p10": 36830,
              "p90": 36830,
              "p99": 36830,
              "max": 36830
            },
            "[ADFUEL] Page-Level GPT Build Start": {
              "median": 35196,
              "mean": 35632,
              "mdev": 534.6289,
              "stddev": 926,
              "min": 34780,
              "p10": 34780,
              "p90": 36919,
              "p99": 36919,
              "max": 36919
            },
            "[ADFUEL] Page-Level GPT Build End": {
              "median": 35242,
              "mean": 35664,
              "mdev": 531.1209,
              "stddev": 920,
              "min": 34808,
              "p10": 34808,
              "p90": 36940,
              "p99": 36940,
              "max": 36940
            },
            "[ADFUEL] Sending Request Start": {
              "median": 35243,
              "mean": 35664,
              "mdev": 531.0484,
              "stddev": 920,
              "min": 34809,
              "p10": 34809,
              "p90": 36941,
              "p99": 36941,
              "max": 36941
            },
            "[ADFUEL] Sending Request End": {
              "median": 35343,
              "mean": 35754,
              "mdev": 514.2572,
              "stddev": 891,
              "min": 34929,
              "p10": 34929,
              "p90": 36991,
              "p99": 36991,
              "max": 36991
            },
            "[ADFUEL] AdFuel Request Complete": {
              "median": 35344,
              "mean": 35755,
              "mdev": 514.1289,
              "stddev": 890,
              "min": 34930,
              "p10": 34930,
              "p90": 36992,
              "p99": 36992,
              "max": 36992
            },
            "[ADFUEL] Dispatch Queue End": {
              "median": 35345,
              "mean": 35756,
              "mdev": 514.0683,
              "stddev": 890,
              "min": 34931,
              "p10": 34931,
              "p90": 36992,
              "p99": 36992,
              "max": 36992
            },
            "gpt-first-ad-request": {
              "median": 36718,
              "mean": 36765,
              "mdev": 719.5551,
              "stddev": 1246,
              "min": 35263,
              "p10": 35263,
              "p90": 38314,
              "p99": 38314,
              "max": 38314
            },
            "gpt-first-ad-render": {
              "median": 38416,
              "mean": 38516,
              "mdev": 497.03,
              "stddev": 861,
              "min": 37515,
              "p10": 37515,
              "p90": 39617,
              "p99": 39617,
              "max": 39617
            },
            "[ADFUEL] Ad Rendered [ad_bnr_atf_01]": {
              "median": 38442,
              "mean": 38533,
              "mdev": 495.2609,
              "stddev": 858,
              "min": 37531,
              "p10": 37531,
              "p90": 39626,
              "p99": 39626,
              "max": 39626
            },
            "[ADFUEL] Ad Rendered [ad_bnr_atf_02]": {
              "median": 38565,
              "mean": 38661,
              "mdev": 487.0895,
              "stddev": 844,
              "min": 37679,
              "p10": 37679,
              "p90": 39739,
              "p99": 39739,
              "max": 39739
            },
            "[ADFUEL] Queue Registry [cnni_homepage - 5000101737] Start": {
              "median": 24131,
              "mean": 24131,
              "mdev": 0,
              "stddev": 0,
              "min": 24131,
              "p10": 24131,
              "p90": 24131,
              "p99": 24131,
              "max": 24131
            },
            "[ADFUEL] Queue Registry [cnni_homepage - 5000101737] End": {
              "median": 34559,
              "mean": 34559,
              "mdev": 0,
              "stddev": 0,
              "min": 34559,
              "p10": 34559,
              "p90": 34559,
              "p99": 34559,
              "max": 34559
            },
            "[ADFUEL] Queue Registry [cnni_homepage - 6481768770] Start": {
              "median": 21278,
              "mean": 21278,
              "mdev": 0,
              "stddev": 0,
              "min": 21278,
              "p10": 21278,
              "p90": 21278,
              "p99": 21278,
              "max": 21278
            },
            "[ADFUEL] Queue Registry [cnni_homepage - 6481768770] End": {
              "median": 35079,
              "mean": 35079,
              "mdev": 0,
              "stddev": 0,
              "min": 35079,
              "p10": 35079,
              "p90": 35079,
              "p99": 35079,
              "max": 35079
            }
          },
          "measures": {
            "headTime": {
              "median": 3119,
              "mean": 3135,
              "mdev": 92.8722,
              "stddev": 161,
              "min": 2946,
              "p10": 2946,
              "p90": 3339,
              "p99": 3339,
              "max": 3339
            },
            "timeToZonesComplete": {
              "median": 12768,
              "mean": 12614,
              "mdev": 207.6319,
              "stddev": 360,
              "min": 12118,
              "p10": 12118,
              "p90": 12957,
              "p99": 12957,
              "max": 12957
            },
            "timeToInteractive": {
              "median": 5413,
              "mean": 5439,
              "mdev": 158.5212,
              "stddev": 275,
              "min": 5117,
              "p10": 5117,
              "p90": 5788,
              "p99": 5788,
              "max": 5788
            },
            "timeToDomReady": {
              "median": 5528,
              "mean": 5562,
              "mdev": 172.6006,
              "stddev": 299,
              "min": 5214,
              "p10": 5214,
              "p90": 5944,
              "p99": 5944,
              "max": 5944
            },
            "timeToZonesAndDomReady": {
              "median": 12869,
              "mean": 12707,
              "mdev": 203.9965,
              "stddev": 353,
              "min": 12217,
              "p10": 12217,
              "p90": 13036,
              "p99": 13036,
              "max": 13036
            },
            "faveReady": {
              "median": 33341,
              "mean": 33744,
              "mdev": 397.5485,
              "stddev": 689,
              "min": 33177,
              "p10": 33177,
              "p90": 34713,
              "p99": 34713,
              "max": 34713
            },
            "optimizelyTime": {
              "median": 887,
              "mean": 856,
              "mdev": 61.5684,
              "stddev": 107,
              "min": 713,
              "p10": 713,
              "p90": 969,
              "p99": 969,
              "max": 969
            },
            "domTime": {
              "median": 27,
              "mean": 29,
              "mdev": 1.3827,
              "stddev": 2,
              "min": 27,
              "p10": 27,
              "p90": 32,
              "p99": 32,
              "max": 32
            },
            "footerTime": {
              "median": 1423,
              "mean": 1385,
              "mdev": 81.5787,
              "stddev": 141,
              "min": 1196,
              "p10": 1196,
              "p90": 1535,
              "p99": 1535,
              "max": 1535
            },
            "[ADFUEL] Registry Load [//cdn.cnn.com/ads/cnni/cnni_homepage.json]": {
              "median": 6643,
              "mean": 6683,
              "mdev": 57.8141,
              "stddev": 100,
              "min": 6586,
              "p10": 6586,
              "p90": 6821,
              "p99": 6821,
              "max": 6821
            },
            "lteu": {
              "median": 1,
              "mean": 1,
              "mdev": 0.3093,
              "stddev": 1,
              "min": 0,
              "p10": 0,
              "p90": 2,
              "p99": 2,
              "max": 2
            },
            "ltpq": {
              "median": 0,
              "mean": 0,
              "mdev": 0.0094,
              "stddev": 0,
              "min": 0,
              "p10": 0,
              "p90": 0,
              "p99": 0,
              "max": 0
            },
            "[ADFUEL] Queue Registry [cnni_homepage - 0844661055]": {
              "median": 2143,
              "mean": 2143,
              "mdev": 0,
              "stddev": 0,
              "min": 2143,
              "p10": 2143,
              "p90": 2143,
              "p99": 2143,
              "max": 2143
            },
            "[ADFUEL] Building Slot [ad_bnr_atf_01]": {
              "median": 67,
              "mean": 61,
              "mdev": 7.4676,
              "stddev": 13,
              "min": 43,
              "p10": 43,
              "p90": 72,
              "p99": 72,
              "max": 72
            },
            "[ADFUEL] Building Slot [ad_bnr_atf_02]": {
              "median": 28,
              "mean": 23,
              "mdev": 5.149,
              "stddev": 9,
              "min": 10,
              "p10": 10,
              "p90": 30,
              "p99": 30,
              "max": 30
            },
            "[ADFUEL] Dispatch Queue": {
              "median": 266,
              "mean": 266,
              "mdev": 49.3384,
              "stddev": 85,
              "min": 162,
              "p10": 162,
              "p90": 371,
              "p99": 371,
              "max": 371
            },
            "[ADFUEL] Page-Level GPT Build": {
              "median": 28,
              "mean": 32,
              "mdev": 6.0105,
              "stddev": 10,
              "min": 21,
              "p10": 21,
              "p90": 46,
              "p99": 46,
              "max": 46
            },
            "[ADFUEL] Sending Request": {
              "median": 100,
              "mean": 90,
              "mdev": 16.8555,
              "stddev": 29,
              "min": 50,
              "p10": 50,
              "p90": 119,
              "p99": 119,
              "max": 119
            },
            "[ADFUEL] Queue Registry [cnni_homepage - 5000101737]": {
              "median": 10428,
              "mean": 10428,
              "mdev": 0,
              "stddev": 0,
              "min": 10428,
              "p10": 10428,
              "p90": 10428,
              "p99": 10428,
              "max": 10428
            },
            "[ADFUEL] Queue Registry [cnni_homepage - 6481768770]": {
              "median": 13800,
              "mean": 13800,
              "mdev": 0,
              "stddev": 0,
              "min": 13800,
              "p10": 13800,
              "p90": 13800,
              "p99": 13800,
              "max": 13800
            }
          }
        }
      }
    }
  }
]