[
  {
    "info": {
      "browsertime": {
        "version": "8.4.0"
      },
      "url": "https://www.hao123.com/",
      "timestamp": "2021-03-30T04:52:52+04:00",
      "connectivity": {
        "engine": "external",
        "profile": "native"
      },
      "extra": {}
    },
    "files": {
      "video": [],
      "screenshot": [],
      "timeline": [],
      "consoleLog": [],
      "netLog": [],
      "perfLog": []
    },
    "cdp": {
      "performance": []
    },
    "timestamps": [
      "2021-03-30T04:51:08+04:00",
      "2021-03-30T04:53:03+04:00",
      "2021-03-30T04:54:57+04:00"
    ],
    "browserScripts": [
      {
        "browser": {
          "appConstants": {
            "ACCESSIBILITY": true,
            "ANDROID_PACKAGE_NAME": "org.mozilla.firefox",
            "ASAN": false,
            "ASAN_REPORTER": false,
            "BROWSER_CHROME_URL": "chrome://browser/content/browser.xul",
            "DEBUG": false,
            "DEBUG_JS_MODULES": "",
            "DLL_PREFIX": "lib",
            "DLL_SUFFIX": ".so",
            "EARLY_BETA_OR_EARLIER": false,
            "FENNEC_NIGHTLY": false,
            "HAVE_SHELL_SERVICE": false,
            "HAVE_USR_LIB64_DIR": false,
            "MENUBAR_CAN_AUTOHIDE": false,
            "MOZILLA_OFFICIAL": true,
            "MOZ_ALLOW_LEGACY_EXTENSIONS": false,
            "MOZ_ANDROID_ACTIVITY_STREAM": false,
            "MOZ_ANDROID_HISTORY": true,
            "MOZ_ANDROID_MOZILLA_ONLINE": false,
            "MOZ_APP_NAME": "fennec",
            "MOZ_APP_VERSION": "68.1.1",
            "MOZ_APP_VERSION_DISPLAY": "68.1.1",
            "MOZ_BING_API_CLIENTID": "no-bing-api-clientid",
            "MOZ_BING_API_KEY": "no-bing-api-key",
            "MOZ_BITS_DOWNLOAD": false,
            "MOZ_BUILD_APP": "mobile/android",
            "MOZ_CODE_COVERAGE": false,
            "MOZ_CRASHREPORTER": true,
            "MOZ_DATA_REPORTING": true,
            "MOZ_DEV_EDITION": false,
            "MOZ_GECKO_PROFILER": true,
            "MOZ_GOOGLE_LOCATION_SERVICE_API_KEY": "AIzaSyB2h2OuRcUgy5N-5hsZqiPW6sH3n_rptiQ",
            "MOZ_GOOGLE_SAFEBROWSING_API_KEY": "AIzaSyC7jsptDS3am4tPx4r3nxis7IMjBc5Dovo",
            "MOZ_GRAPHENE": false,
            "MOZ_MACBUNDLE_NAME": "Firefox.app",
            "MOZ_MAINTENANCE_SERVICE": false,
            "MOZ_MOZILLA_API_KEY": "3b4d27dd-703d-4094-8398-4de2c763505a",
            "MOZ_NEW_CERT_STORAGE": false,
            "MOZ_NEW_NOTIFICATION_STORE": false,
            "MOZ_NEW_XULSTORE": false,
            "MOZ_OFFICIAL_BRANDING": false,
            "MOZ_PLACES": false,
            "MOZ_REQUIRE_SIGNING": false,
            "MOZ_SANDBOX": false,
            "MOZ_SERVICES_HEALTHREPORT": true,
            "MOZ_SERVICES_SYNC": false,
            "MOZ_SWITCHBOARD": true,
            "MOZ_SYSTEM_NSS": false,
            "MOZ_TELEMETRY_ON_BY_DEFAULT": false,
            "MOZ_TELEMETRY_REPORTING": true,
            "MOZ_UNSIGNED_SCOPES": 0,
            "MOZ_UPDATER": false,
            "MOZ_UPDATE_CHANNEL": "release",
            "MOZ_WEBRTC": true,
            "MOZ_WIDGET_GTK": false,
            "MOZ_WIDGET_TOOLKIT": "android",
            "NIGHTLY_BUILD": false,
            "OMNIJAR_NAME": "assets/omni.ja",
            "RELEASE_OR_BETA": true,
            "SOURCE_REVISION_URL": "https://hg.mozilla.org/releases/mozilla-esr68/rev/d2e0b9e17b9bc1ef02606c8006b73293f7892ad5",
            "TELEMETRY_PING_FORMAT_VERSION": 4,
            "XP_UNIX": true,
            "isPlatformAndVersionAtLeast": {},
            "isPlatformAndVersionAtMost": {},
            "platform": "android"
          },
          "asyncAppConstants": {
            "ACCESSIBILITY": true,
            "ANDROID_PACKAGE_NAME": "org.mozilla.firefox",
            "ASAN": false,
            "ASAN_REPORTER": false,
            "BROWSER_CHROME_URL": "chrome://browser/content/browser.xul",
            "DEBUG": false,
            "DEBUG_JS_MODULES": "",
            "DLL_PREFIX": "lib",
            "DLL_SUFFIX": ".so",
            "EARLY_BETA_OR_EARLIER": false,
            "FENNEC_NIGHTLY": false,
            "HAVE_SHELL_SERVICE": false,
            "HAVE_USR_LIB64_DIR": false,
            "MENUBAR_CAN_AUTOHIDE": false,
            "MOZILLA_OFFICIAL": true,
            "MOZ_ALLOW_LEGACY_EXTENSIONS": false,
            "MOZ_ANDROID_ACTIVITY_STREAM": false,
            "MOZ_ANDROID_HISTORY": true,
            "MOZ_ANDROID_MOZILLA_ONLINE": false,
            "MOZ_APP_NAME": "fennec",
            "MOZ_APP_VERSION": "68.1.1",
            "MOZ_APP_VERSION_DISPLAY": "68.1.1",
            "MOZ_BING_API_CLIENTID": "no-bing-api-clientid",
            "MOZ_BING_API_KEY": "no-bing-api-key",
            "MOZ_BITS_DOWNLOAD": false,
            "MOZ_BUILD_APP": "mobile/android",
            "MOZ_CODE_COVERAGE": false,
            "MOZ_CRASHREPORTER": true,
            "MOZ_DATA_REPORTING": true,
            "MOZ_DEV_EDITION": false,
            "MOZ_GECKO_PROFILER": true,
            "MOZ_GOOGLE_LOCATION_SERVICE_API_KEY": "AIzaSyB2h2OuRcUgy5N-5hsZqiPW6sH3n_rptiQ",
            "MOZ_GOOGLE_SAFEBROWSING_API_KEY": "AIzaSyC7jsptDS3am4tPx4r3nxis7IMjBc5Dovo",
            "MOZ_GRAPHENE": false,
            "MOZ_MACBUNDLE_NAME": "Firefox.app",
            "MOZ_MAINTENANCE_SERVICE": false,
            "MOZ_MOZILLA_API_KEY": "3b4d27dd-703d-4094-8398-4de2c763505a",
            "MOZ_NEW_CERT_STORAGE": false,
            "MOZ_NEW_NOTIFICATION_STORE": false,
            "MOZ_NEW_XULSTORE": false,
            "MOZ_OFFICIAL_BRANDING": false,
            "MOZ_PLACES": false,
            "MOZ_REQUIRE_SIGNING": false,
            "MOZ_SANDBOX": false,
            "MOZ_SERVICES_HEALTHREPORT": true,
            "MOZ_SERVICES_SYNC": false,
            "MOZ_SWITCHBOARD": true,
            "MOZ_SYSTEM_NSS": false,
            "MOZ_TELEMETRY_ON_BY_DEFAULT": false,
            "MOZ_TELEMETRY_REPORTING": true,
            "MOZ_UNSIGNED_SCOPES": 0,
            "MOZ_UPDATER": false,
            "MOZ_UPDATE_CHANNEL": "release",
            "MOZ_WEBRTC": true,
            "MOZ_WIDGET_GTK": false,
            "MOZ_WIDGET_TOOLKIT": "android",
            "NIGHTLY_BUILD": false,
            "OMNIJAR_NAME": "assets/omni.ja",
            "RELEASE_OR_BETA": true,
            "SOURCE_REVISION_URL": "https://hg.mozilla.org/releases/mozilla-esr68/rev/d2e0b9e17b9bc1ef02606c8006b73293f7892ad5",
            "TELEMETRY_PING_FORMAT_VERSION": 4,
            "XP_UNIX": true,
            "isPlatformAndVersionAtLeast": {},
            "isPlatformAndVersionAtMost": {},
            "platform": "android"
          },
          "userAgent": "Mozilla/5.0 (Android 8.1.0; Mobile; rv:68.0) Gecko/68.0 Firefox/68.0",
          "windowSize": "360x560"
        },
        "pageinfo": {
          "documentHeight": 1101,
          "documentSize": {
            "decodedBodySize": 117649,
            "encodedBodySize": 33369,
            "transferSize": 34642
          },
          "documentTitle": "hao123导航-上网从这里开始",
          "documentWidth": 360,
          "domElements": 744,
          "navigationStartTime": 1617065468870,
          "nextHopProtocol": "http/1.1",
          "resources": {
            "count": 0,
            "duration": 0
          },
          "responsive": true,
          "url": "http://m.hao123.com/?vit=h123&from=3w123",
          "visualElements": {
            "heroes": [
              {
                "filename": "default.png",
                "height": 75,
                "name": "LargestImage",
                "width": 75,
                "x": 27,
                "y": 73
              },
              {
                "filename": null,
                "height": 65,
                "name": "Heading",
                "width": 360,
                "x": 0,
                "y": 0
              }
            ],
            "viewport": {
              "height": 560,
              "width": 360
            }
          }
        },
        "timings": {
          "firstPaint": 2740,
          "loadEventEnd": 95804,
          "navigationTiming": {
            "connectStart": 1047,
            "domComplete": 95798,
            "domContentLoadedEventEnd": 4928,
            "domContentLoadedEventStart": 4914,
            "domInteractive": 4895,
            "domainLookupEnd": 1047,
            "domainLookupStart": 1047,
            "duration": 95804,
            "fetchStart": 941,
            "loadEventEnd": 95804,
            "loadEventStart": 95798,
            "redirectEnd": 924,
            "redirectStart": 2,
            "requestStart": 1286,
            "responseEnd": 1552,
            "responseStart": 1552,
            "secureConnectionStart": 0,
            "startTime": 0,
            "unloadEventEnd": 0,
            "unloadEventStart": 0,
            "workerStart": 0
          },
          "pageTimings": {
            "backEndTime": 1552,
            "domContentLoadedTime": 4914,
            "domInteractiveTime": 4895,
            "domainLookupTime": 0,
            "frontEndTime": 94246,
            "pageDownloadTime": 0,
            "pageLoadTime": 95798,
            "redirectionTime": 922,
            "serverConnectionTime": 238,
            "serverResponseTime": 265
          },
          "rumSpeedIndex": 1551,
          "timeToContentfulPaint": 4413,
          "timeToDomContentFlushed": 4896,
          "timeToFirstInteractive": 7931,
          "userTimings": {
            "marks": [],
            "measures": []
          }
        }
      },
      {
        "browser": {
          "appConstants": {
            "ACCESSIBILITY": true,
            "ANDROID_PACKAGE_NAME": "org.mozilla.firefox",
            "ASAN": false,
            "ASAN_REPORTER": false,
            "BROWSER_CHROME_URL": "chrome://browser/content/browser.xul",
            "DEBUG": false,
            "DEBUG_JS_MODULES": "",
            "DLL_PREFIX": "lib",
            "DLL_SUFFIX": ".so",
            "EARLY_BETA_OR_EARLIER": false,
            "FENNEC_NIGHTLY": false,
            "HAVE_SHELL_SERVICE": false,
            "HAVE_USR_LIB64_DIR": false,
            "MENUBAR_CAN_AUTOHIDE": false,
            "MOZILLA_OFFICIAL": true,
            "MOZ_ALLOW_LEGACY_EXTENSIONS": false,
            "MOZ_ANDROID_ACTIVITY_STREAM": false,
            "MOZ_ANDROID_HISTORY": true,
            "MOZ_ANDROID_MOZILLA_ONLINE": false,
            "MOZ_APP_NAME": "fennec",
            "MOZ_APP_VERSION": "68.1.1",
            "MOZ_APP_VERSION_DISPLAY": "68.1.1",
            "MOZ_BING_API_CLIENTID": "no-bing-api-clientid",
            "MOZ_BING_API_KEY": "no-bing-api-key",
            "MOZ_BITS_DOWNLOAD": false,
            "MOZ_BUILD_APP": "mobile/android",
            "MOZ_CODE_COVERAGE": false,
            "MOZ_CRASHREPORTER": true,
            "MOZ_DATA_REPORTING": true,
            "MOZ_DEV_EDITION": false,
            "MOZ_GECKO_PROFILER": true,
            "MOZ_GOOGLE_LOCATION_SERVICE_API_KEY": "AIzaSyB2h2OuRcUgy5N-5hsZqiPW6sH3n_rptiQ",
            "MOZ_GOOGLE_SAFEBROWSING_API_KEY": "AIzaSyC7jsptDS3am4tPx4r3nxis7IMjBc5Dovo",
            "MOZ_GRAPHENE": false,
            "MOZ_MACBUNDLE_NAME": "Firefox.app",
            "MOZ_MAINTENANCE_SERVICE": false,
            "MOZ_MOZILLA_API_KEY": "3b4d27dd-703d-4094-8398-4de2c763505a",
            "MOZ_NEW_CERT_STORAGE": false,
            "MOZ_NEW_NOTIFICATION_STORE": false,
            "MOZ_NEW_XULSTORE": false,
            "MOZ_OFFICIAL_BRANDING": false,
            "MOZ_PLACES": false,
            "MOZ_REQUIRE_SIGNING": false,
            "MOZ_SANDBOX": false,
            "MOZ_SERVICES_HEALTHREPORT": true,
            "MOZ_SERVICES_SYNC": false,
            "MOZ_SWITCHBOARD": true,
            "MOZ_SYSTEM_NSS": false,
            "MOZ_TELEMETRY_ON_BY_DEFAULT": false,
            "MOZ_TELEMETRY_REPORTING": true,
            "MOZ_UNSIGNED_SCOPES": 0,
            "MOZ_UPDATER": false,
            "MOZ_UPDATE_CHANNEL": "release",
            "MOZ_WEBRTC": true,
            "MOZ_WIDGET_GTK": false,
            "MOZ_WIDGET_TOOLKIT": "android",
            "NIGHTLY_BUILD": false,
            "OMNIJAR_NAME": "assets/omni.ja",
            "RELEASE_OR_BETA": true,
            "SOURCE_REVISION_URL": "https://hg.mozilla.org/releases/mozilla-esr68/rev/d2e0b9e17b9bc1ef02606c8006b73293f7892ad5",
            "TELEMETRY_PING_FORMAT_VERSION": 4,
            "XP_UNIX": true,
            "isPlatformAndVersionAtLeast": {},
            "isPlatformAndVersionAtMost": {},
            "platform": "android"
          },
          "asyncAppConstants": {
            "ACCESSIBILITY": true,
            "ANDROID_PACKAGE_NAME": "org.mozilla.firefox",
            "ASAN": false,
            "ASAN_REPORTER": false,
            "BROWSER_CHROME_URL": "chrome://browser/content/browser.xul",
            "DEBUG": false,
            "DEBUG_JS_MODULES": "",
            "DLL_PREFIX": "lib",
            "DLL_SUFFIX": ".so",
            "EARLY_BETA_OR_EARLIER": false,
            "FENNEC_NIGHTLY": false,
            "HAVE_SHELL_SERVICE": false,
            "HAVE_USR_LIB64_DIR": false,
            "MENUBAR_CAN_AUTOHIDE": false,
            "MOZILLA_OFFICIAL": true,
            "MOZ_ALLOW_LEGACY_EXTENSIONS": false,
            "MOZ_ANDROID_ACTIVITY_STREAM": false,
            "MOZ_ANDROID_HISTORY": true,
            "MOZ_ANDROID_MOZILLA_ONLINE": false,
            "MOZ_APP_NAME": "fennec",
            "MOZ_APP_VERSION": "68.1.1",
            "MOZ_APP_VERSION_DISPLAY": "68.1.1",
            "MOZ_BING_API_CLIENTID": "no-bing-api-clientid",
            "MOZ_BING_API_KEY": "no-bing-api-key",
            "MOZ_BITS_DOWNLOAD": false,
            "MOZ_BUILD_APP": "mobile/android",
            "MOZ_CODE_COVERAGE": false,
            "MOZ_CRASHREPORTER": true,
            "MOZ_DATA_REPORTING": true,
            "MOZ_DEV_EDITION": false,
            "MOZ_GECKO_PROFILER": true,
            "MOZ_GOOGLE_LOCATION_SERVICE_API_KEY": "AIzaSyB2h2OuRcUgy5N-5hsZqiPW6sH3n_rptiQ",
            "MOZ_GOOGLE_SAFEBROWSING_API_KEY": "AIzaSyC7jsptDS3am4tPx4r3nxis7IMjBc5Dovo",
            "MOZ_GRAPHENE": false,
            "MOZ_MACBUNDLE_NAME": "Firefox.app",
            "MOZ_MAINTENANCE_SERVICE": false,
            "MOZ_MOZILLA_API_KEY": "3b4d27dd-703d-4094-8398-4de2c763505a",
            "MOZ_NEW_CERT_STORAGE": false,
            "MOZ_NEW_NOTIFICATION_STORE": false,
            "MOZ_NEW_XULSTORE": false,
            "MOZ_OFFICIAL_BRANDING": false,
            "MOZ_PLACES": false,
            "MOZ_REQUIRE_SIGNING": false,
            "MOZ_SANDBOX": false,
            "MOZ_SERVICES_HEALTHREPORT": true,
            "MOZ_SERVICES_SYNC": false,
            "MOZ_SWITCHBOARD": true,
            "MOZ_SYSTEM_NSS": false,
            "MOZ_TELEMETRY_ON_BY_DEFAULT": false,
            "MOZ_TELEMETRY_REPORTING": true,
            "MOZ_UNSIGNED_SCOPES": 0,
            "MOZ_UPDATER": false,
            "MOZ_UPDATE_CHANNEL": "release",
            "MOZ_WEBRTC": true,
            "MOZ_WIDGET_GTK": false,
            "MOZ_WIDGET_TOOLKIT": "android",
            "NIGHTLY_BUILD": false,
            "OMNIJAR_NAME": "assets/omni.ja",
            "RELEASE_OR_BETA": true,
            "SOURCE_REVISION_URL": "https://hg.mozilla.org/releases/mozilla-esr68/rev/d2e0b9e17b9bc1ef02606c8006b73293f7892ad5",
            "TELEMETRY_PING_FORMAT_VERSION": 4,
            "XP_UNIX": true,
            "isPlatformAndVersionAtLeast": {},
            "isPlatformAndVersionAtMost": {},
            "platform": "android"
          },
          "userAgent": "Mozilla/5.0 (Android 8.1.0; Mobile; rv:68.0) Gecko/68.0 Firefox/68.0",
          "windowSize": "360x560"
        },
        "pageinfo": {
          "documentHeight": 1101,
          "documentSize": {
            "decodedBodySize": 117649,
            "encodedBodySize": 33377,
            "transferSize": 34641
          },
          "documentTitle": "hao123导航-上网从这里开始",
          "documentWidth": 360,
          "domElements": 744,
          "navigationStartTime": 1617065583736,
          "nextHopProtocol": "http/1.1",
          "resources": {
            "count": 0,
            "duration": 0
          },
          "responsive": true,
          "url": "http://m.hao123.com/?vit=h123&from=3w123",
          "visualElements": {
            "heroes": [
              {
                "filename": "default.png",
                "height": 75,
                "name": "LargestImage",
                "width": 75,
                "x": 27,
                "y": 73
              },
              {
                "filename": null,
                "height": 65,
                "name": "Heading",
                "width": 360,
                "x": 0,
                "y": 0
              }
            ],
            "viewport": {
              "height": 560,
              "width": 360
            }
          }
        },
        "timings": {
          "firstPaint": 2472,
          "loadEventEnd": 95590,
          "navigationTiming": {
            "connectStart": 912,
            "domComplete": 95582,
            "domContentLoadedEventEnd": 4710,
            "domContentLoadedEventStart": 4698,
            "domInteractive": 4671,
            "domainLookupEnd": 912,
            "domainLookupStart": 912,
            "duration": 95590,
            "fetchStart": 893,
            "loadEventEnd": 95590,
            "loadEventStart": 95582,
            "redirectEnd": 890,
            "redirectStart": 3,
            "requestStart": 1177,
            "responseEnd": 1426,
            "responseStart": 1426,
            "secureConnectionStart": 0,
            "startTime": 0,
            "unloadEventEnd": 0,
            "unloadEventStart": 0,
            "workerStart": 0
          },
          "pageTimings": {
            "backEndTime": 1426,
            "domContentLoadedTime": 4698,
            "domInteractiveTime": 4671,
            "domainLookupTime": 0,
            "frontEndTime": 94157,
            "pageDownloadTime": 0,
            "pageLoadTime": 95582,
            "redirectionTime": 887,
            "serverConnectionTime": 265,
            "serverResponseTime": 248
          },
          "rumSpeedIndex": 1425,
          "timeToContentfulPaint": 3836,
          "timeToDomContentFlushed": 4671,
          "timeToFirstInteractive": 7588,
          "userTimings": {
            "marks": [],
            "measures": []
          }
        }
      },
      {
        "browser": {
          "appConstants": {
            "ACCESSIBILITY": true,
            "ANDROID_PACKAGE_NAME": "org.mozilla.firefox",
            "ASAN": false,
            "ASAN_REPORTER": false,
            "BROWSER_CHROME_URL": "chrome://browser/content/browser.xul",
            "DEBUG": false,
            "DEBUG_JS_MODULES": "",
            "DLL_PREFIX": "lib",
            "DLL_SUFFIX": ".so",
            "EARLY_BETA_OR_EARLIER": false,
            "FENNEC_NIGHTLY": false,
            "HAVE_SHELL_SERVICE": false,
            "HAVE_USR_LIB64_DIR": false,
            "MENUBAR_CAN_AUTOHIDE": false,
            "MOZILLA_OFFICIAL": true,
            "MOZ_ALLOW_LEGACY_EXTENSIONS": false,
            "MOZ_ANDROID_ACTIVITY_STREAM": false,
            "MOZ_ANDROID_HISTORY": true,
            "MOZ_ANDROID_MOZILLA_ONLINE": false,
            "MOZ_APP_NAME": "fennec",
            "MOZ_APP_VERSION": "68.1.1",
            "MOZ_APP_VERSION_DISPLAY": "68.1.1",
            "MOZ_BING_API_CLIENTID": "no-bing-api-clientid",
            "MOZ_BING_API_KEY": "no-bing-api-key",
            "MOZ_BITS_DOWNLOAD": false,
            "MOZ_BUILD_APP": "mobile/android",
            "MOZ_CODE_COVERAGE": false,
            "MOZ_CRASHREPORTER": true,
            "MOZ_DATA_REPORTING": true,
            "MOZ_DEV_EDITION": false,
            "MOZ_GECKO_PROFILER": true,
            "MOZ_GOOGLE_LOCATION_SERVICE_API_KEY": "AIzaSyB2h2OuRcUgy5N-5hsZqiPW6sH3n_rptiQ",
            "MOZ_GOOGLE_SAFEBROWSING_API_KEY": "AIzaSyC7jsptDS3am4tPx4r3nxis7IMjBc5Dovo",
            "MOZ_GRAPHENE": false,
            "MOZ_MACBUNDLE_NAME": "Firefox.app",
            "MOZ_MAINTENANCE_SERVICE": false,
            "MOZ_MOZILLA_API_KEY": "3b4d27dd-703d-4094-8398-4de2c763505a",
            "MOZ_NEW_CERT_STORAGE": false,
            "MOZ_NEW_NOTIFICATION_STORE": false,
            "MOZ_NEW_XULSTORE": false,
            "MOZ_OFFICIAL_BRANDING": false,
            "MOZ_PLACES": false,
            "MOZ_REQUIRE_SIGNING": false,
            "MOZ_SANDBOX": false,
            "MOZ_SERVICES_HEALTHREPORT": true,
            "MOZ_SERVICES_SYNC": false,
            "MOZ_SWITCHBOARD": true,
            "MOZ_SYSTEM_NSS": false,
            "MOZ_TELEMETRY_ON_BY_DEFAULT": false,
            "MOZ_TELEMETRY_REPORTING": true,
            "MOZ_UNSIGNED_SCOPES": 0,
            "MOZ_UPDATER": false,
            "MOZ_UPDATE_CHANNEL": "release",
            "MOZ_WEBRTC": true,
            "MOZ_WIDGET_GTK": false,
            "MOZ_WIDGET_TOOLKIT": "android",
            "NIGHTLY_BUILD": false,
            "OMNIJAR_NAME": "assets/omni.ja",
            "RELEASE_OR_BETA": true,
            "SOURCE_REVISION_URL": "https://hg.mozilla.org/releases/mozilla-esr68/rev/d2e0b9e17b9bc1ef02606c8006b73293f7892ad5",
            "TELEMETRY_PING_FORMAT_VERSION": 4,
            "XP_UNIX": true,
            "isPlatformAndVersionAtLeast": {},
            "isPlatformAndVersionAtMost": {},
            "platform": "android"
          },
          "asyncAppConstants": {
            "ACCESSIBILITY": true,
            "ANDROID_PACKAGE_NAME": "org.mozilla.firefox",
            "ASAN": false,
            "ASAN_REPORTER": false,
            "BROWSER_CHROME_URL": "chrome://browser/content/browser.xul",
            "DEBUG": false,
            "DEBUG_JS_MODULES": "",
            "DLL_PREFIX": "lib",
            "DLL_SUFFIX": ".so",
            "EARLY_BETA_OR_EARLIER": false,
            "FENNEC_NIGHTLY": false,
            "HAVE_SHELL_SERVICE": false,
            "HAVE_USR_LIB64_DIR": false,
            "MENUBAR_CAN_AUTOHIDE": false,
            "MOZILLA_OFFICIAL": true,
            "MOZ_ALLOW_LEGACY_EXTENSIONS": false,
            "MOZ_ANDROID_ACTIVITY_STREAM": false,
            "MOZ_ANDROID_HISTORY": true,
            "MOZ_ANDROID_MOZILLA_ONLINE": false,
            "MOZ_APP_NAME": "fennec",
            "MOZ_APP_VERSION": "68.1.1",
            "MOZ_APP_VERSION_DISPLAY": "68.1.1",
            "MOZ_BING_API_CLIENTID": "no-bing-api-clientid",
            "MOZ_BING_API_KEY": "no-bing-api-key",
            "MOZ_BITS_DOWNLOAD": false,
            "MOZ_BUILD_APP": "mobile/android",
            "MOZ_CODE_COVERAGE": false,
            "MOZ_CRASHREPORTER": true,
            "MOZ_DATA_REPORTING": true,
            "MOZ_DEV_EDITION": false,
            "MOZ_GECKO_PROFILER": true,
            "MOZ_GOOGLE_LOCATION_SERVICE_API_KEY": "AIzaSyB2h2OuRcUgy5N-5hsZqiPW6sH3n_rptiQ",
            "MOZ_GOOGLE_SAFEBROWSING_API_KEY": "AIzaSyC7jsptDS3am4tPx4r3nxis7IMjBc5Dovo",
            "MOZ_GRAPHENE": false,
            "MOZ_MACBUNDLE_NAME": "Firefox.app",
            "MOZ_MAINTENANCE_SERVICE": false,
            "MOZ_MOZILLA_API_KEY": "3b4d27dd-703d-4094-8398-4de2c763505a",
            "MOZ_NEW_CERT_STORAGE": false,
            "MOZ_NEW_NOTIFICATION_STORE": false,
            "MOZ_NEW_XULSTORE": false,
            "MOZ_OFFICIAL_BRANDING": false,
            "MOZ_PLACES": false,
            "MOZ_REQUIRE_SIGNING": false,
            "MOZ_SANDBOX": false,
            "MOZ_SERVICES_HEALTHREPORT": true,
            "MOZ_SERVICES_SYNC": false,
            "MOZ_SWITCHBOARD": true,
            "MOZ_SYSTEM_NSS": false,
            "MOZ_TELEMETRY_ON_BY_DEFAULT": false,
            "MOZ_TELEMETRY_REPORTING": true,
            "MOZ_UNSIGNED_SCOPES": 0,
            "MOZ_UPDATER": false,
            "MOZ_UPDATE_CHANNEL": "release",
            "MOZ_WEBRTC": true,
            "MOZ_WIDGET_GTK": false,
            "MOZ_WIDGET_TOOLKIT": "android",
            "NIGHTLY_BUILD": false,
            "OMNIJAR_NAME": "assets/omni.ja",
            "RELEASE_OR_BETA": true,
            "SOURCE_REVISION_URL": "https://hg.mozilla.org/releases/mozilla-esr68/rev/d2e0b9e17b9bc1ef02606c8006b73293f7892ad5",
            "TELEMETRY_PING_FORMAT_VERSION": 4,
            "XP_UNIX": true,
            "isPlatformAndVersionAtLeast": {},
            "isPlatformAndVersionAtMost": {},
            "platform": "android"
          },
          "userAgent": "Mozilla/5.0 (Android 8.1.0; Mobile; rv:68.0) Gecko/68.0 Firefox/68.0",
          "windowSize": "360x560"
        },
        "pageinfo": {
          "documentHeight": 1101,
          "documentSize": {
            "decodedBodySize": 117649,
            "encodedBodySize": 33388,
            "transferSize": 34652
          },
          "documentTitle": "hao123导航-上网从这里开始",
          "documentWidth": 360,
          "domElements": 744,
          "navigationStartTime": 1617065698153,
          "nextHopProtocol": "http/1.1",
          "resources": {
            "count": 0,
            "duration": 0
          },
          "responsive": true,
          "url": "http://m.hao123.com/?vit=h123&from=3w123",
          "visualElements": {
            "heroes": [
              {
                "filename": "default.png",
                "height": 75,
                "name": "LargestImage",
                "width": 75,
                "x": 27,
                "y": 73
              },
              {
                "filename": null,
                "height": 65,
                "name": "Heading",
                "width": 360,
                "x": 0,
                "y": 0
              }
            ],
            "viewport": {
              "height": 560,
              "width": 360
            }
          }
        },
        "timings": {
          "firstPaint": 2870,
          "loadEventEnd": 95360,
          "navigationTiming": {
            "connectStart": 869,
            "domComplete": 95356,
            "domContentLoadedEventEnd": 4439,
            "domContentLoadedEventStart": 4425,
            "domInteractive": 4397,
            "domainLookupEnd": 868,
            "domainLookupStart": 868,
            "duration": 95360,
            "fetchStart": 848,
            "loadEventEnd": 95360,
            "loadEventStart": 95356,
            "redirectEnd": 846,
            "redirectStart": 3,
            "requestStart": 1096,
            "responseEnd": 1343,
            "responseStart": 1343,
            "secureConnectionStart": 0,
            "startTime": 0,
            "unloadEventEnd": 0,
            "unloadEventStart": 0,
            "workerStart": 0
          },
          "pageTimings": {
            "backEndTime": 1343,
            "domContentLoadedTime": 4425,
            "domInteractiveTime": 4397,
            "domainLookupTime": 1,
            "frontEndTime": 94013,
            "pageDownloadTime": 0,
            "pageLoadTime": 95356,
            "redirectionTime": 843,
            "serverConnectionTime": 226,
            "serverResponseTime": 247
          },
          "rumSpeedIndex": 1343,
          "timeToContentfulPaint": 3814,
          "timeToDomContentFlushed": 4397,
          "timeToFirstInteractive": 7468,
          "userTimings": {
            "marks": [],
            "measures": []
          }
        }
      }
    ],
    "visualMetrics": [],
    "cpu": [],
    "extras": [
      {},
      {},
      {}
    ],
    "fullyLoaded": [],
    "errors": [
      [],
      [],
      []
    ],
    "statistics": {
      "browser": {
        "appConstants": {
          "MOZ_UNSIGNED_SCOPES": {
            "median": 0,
            "mean": 0,
            "mdev": 0,
            "stddev": 0,
            "min": 0,
            "p10": 0,
            "p90": 0,
            "p99": 0,
            "max": 0
          },
          "TELEMETRY_PING_FORMAT_VERSION": {
            "median": 4,
            "mean": 4,
            "mdev": 0,
            "stddev": 0,
            "min": 4,
            "p10": 4,
            "p90": 4,
            "p99": 4,
            "max": 4
          }
        },
        "asyncAppConstants": {
          "MOZ_UNSIGNED_SCOPES": {
            "median": 0,
            "mean": 0,
            "mdev": 0,
            "stddev": 0,
            "min": 0,
            "p10": 0,
            "p90": 0,
            "p99": 0,
            "max": 0
          },
          "TELEMETRY_PING_FORMAT_VERSION": {
            "median": 4,
            "mean": 4,
            "mdev": 0,
            "stddev": 0,
            "min": 4,
            "p10": 4,
            "p90": 4,
            "p99": 4,
            "max": 4
          }
        }
      },
      "pageinfo": {
        "documentHeight": {
          "median": 1101,
          "mean": 1101,
          "mdev": 0,
          "stddev": 0,
          "min": 1101,
          "p10": 1101,
          "p90": 1101,
          "p99": 1101,
          "max": 1101
        },
        "documentSize": {
          "decodedBodySize": {
            "median": 117649,
            "mean": 117649,
            "mdev": 0,
            "stddev": 0,
            "min": 117649,
            "p10": 117649,
            "p90": 117649,
            "p99": 117649,
            "max": 117649
          },
          "encodedBodySize": {
            "median": 33377,
            "mean": 33378,
            "mdev": 4.4969,
            "stddev": 8,
            "min": 33369,
            "p10": 33369,
            "p90": 33388,
            "p99": 33388,
            "max": 33388
          },
          "transferSize": {
            "median": 34642,
            "mean": 34645,
            "mdev": 2.8674,
            "stddev": 5,
            "min": 34641,
            "p10": 34641,
            "p90": 34652,
            "p99": 34652,
            "max": 34652
          }
        },
        "documentWidth": {
          "median": 360,
          "mean": 360,
          "mdev": 0,
          "stddev": 0,
          "min": 360,
          "p10": 360,
          "p90": 360,
          "p99": 360,
          "max": 360
        },
        "domElements": {
          "median": 744,
          "mean": 744,
          "mdev": 0,
          "stddev": 0,
          "min": 744,
          "p10": 744,
          "p90": 744,
          "p99": 744,
          "max": 744
        },
        "navigationStartTime": {
          "median": 1617065583736,
          "mean": 1617065583586,
          "mdev": 53509.9199,
          "stddev": 92682,
          "min": 1617065468870,
          "p10": 1617065468870,
          "p90": 1617065698153,
          "p99": 1617065698153,
          "max": 1617065698153
        },
        "resources": {
          "count": {
            "median": 0,
            "mean": 0,
            "mdev": 0,
            "stddev": 0,
            "min": 0,
            "p10": 0,
            "p90": 0,
            "p99": 0,
            "max": 0
          },
          "duration": {
            "median": 0,
            "mean": 0,
            "mdev": 0,
            "stddev": 0,
            "min": 0,
            "p10": 0,
            "p90": 0,
            "p99": 0,
            "max": 0
          }
        },
        "visualElements": {
          "heroes": [
            {
              "height": {
                "median": 75,
                "mean": 75,
                "mdev": 0,
                "stddev": 0,
                "min": 75,
                "p10": 75,
                "p90": 75,
                "p99": 75,
                "max": 75
              },
              "width": {
                "median": 75,
                "mean": 75,
                "mdev": 0,
                "stddev": 0,
                "min": 75,
                "p10": 75,
                "p90": 75,
                "p99": 75,
                "max": 75
              },
              "x": {
                "median": 27,
                "mean": 27,
                "mdev": 0,
                "stddev": 0,
                "min": 27,
                "p10": 27,
                "p90": 27,
                "p99": 27,
                "max": 27
              },
              "y": {
                "median": 73,
                "mean": 73,
                "mdev": 0,
                "stddev": 0,
                "min": 73,
                "p10": 73,
                "p90": 73,
                "p99": 73,
                "max": 73
              }
            },
            {
              "height": {
                "median": 65,
                "mean": 65,
                "mdev": 0,
                "stddev": 0,
                "min": 65,
                "p10": 65,
                "p90": 65,
                "p99": 65,
                "max": 65
              },
              "width": {
                "median": 360,
                "mean": 360,
                "mdev": 0,
                "stddev": 0,
                "min": 360,
                "p10": 360,
                "p90": 360,
                "p99": 360,
                "max": 360
              },
              "x": {
                "median": 0,
                "mean": 0,
                "mdev": 0,
                "stddev": 0,
                "min": 0,
                "p10": 0,
                "p90": 0,
                "p99": 0,
                "max": 0
              },
              "y": {
                "median": 0,
                "mean": 0,
                "mdev": 0,
                "stddev": 0,
                "min": 0,
                "p10": 0,
                "p90": 0,
                "p99": 0,
                "max": 0
              }
            }
          ],
          "viewport": {
            "height": {
              "median": 560,
              "mean": 560,
              "mdev": 0,
              "stddev": 0,
              "min": 560,
              "p10": 560,
              "p90": 560,
              "p99": 560,
              "max": 560
            },
            "width": {
              "median": 360,
              "mean": 360,
              "mdev": 0,
              "stddev": 0,
              "min": 360,
              "p10": 360,
              "p90": 360,
              "p99": 360,
              "max": 360
            }
          }
        }
      },
      "timings": {
        "firstPaint": {
          "median": 2740,
          "mean": 2694,
          "mdev": 95.6707,
          "stddev": 166,
          "min": 2472,
          "p10": 2472,
          "p90": 2870,
          "p99": 2870,
          "max": 2870
        },
        "loadEventEnd": {
          "median": 95590,
          "mean": 95585,
          "mdev": 104.6745,
          "stddev": 181,
          "min": 95360,
          "p10": 95360,
          "p90": 95804,
          "p99": 95804,
          "max": 95804
        },
        "navigationTiming": {
          "connectStart": {
            "median": 912,
            "mean": 943,
            "mdev": 43.7831,
            "stddev": 76,
            "min": 869,
            "p10": 869,
            "p90": 1047,
            "p99": 1047,
            "max": 1047
          },
          "domComplete": {
            "median": 95582,
            "mean": 95579,
            "mdev": 104.1893,
            "stddev": 180,
            "min": 95356,
            "p10": 95356,
            "p90": 95798,
            "p99": 95798,
            "max": 95798
          },
          "domContentLoadedEventEnd": {
            "median": 4710,
            "mean": 4692,
            "mdev": 115.4838,
            "stddev": 200,
            "min": 4439,
            "p10": 4439,
            "p90": 4928,
            "p99": 4928,
            "max": 4928
          },
          "domContentLoadedEventStart": {
            "median": 4698,
            "mean": 4679,
            "mdev": 115.5191,
            "stddev": 200,
            "min": 4425,
            "p10": 4425,
            "p90": 4914,
            "p99": 4914,
            "max": 4914
          },
          "domInteractive": {
            "median": 4671,
            "mean": 4654,
            "mdev": 117.5768,
            "stddev": 204,
            "min": 4397,
            "p10": 4397,
            "p90": 4895,
            "p99": 4895,
            "max": 4895
          },
          "domainLookupEnd": {
            "median": 912,
            "mean": 942,
            "mdev": 43.9705,
            "stddev": 76,
            "min": 868,
            "p10": 868,
            "p90": 1047,
            "p99": 1047,
            "max": 1047
          },
          "domainLookupStart": {
            "median": 912,
            "mean": 942,
            "mdev": 43.9705,
            "stddev": 76,
            "min": 868,
            "p10": 868,
            "p90": 1047,
            "p99": 1047,
            "max": 1047
          },
          "duration": {
            "median": 95590,
            "mean": 95585,
            "mdev": 104.6745,
            "stddev": 181,
            "min": 95360,
            "p10": 95360,
            "p90": 95804,
            "p99": 95804,
            "max": 95804
          },
          "fetchStart": {
            "median": 893,
            "mean": 894,
            "mdev": 21.9241,
            "stddev": 38,
            "min": 848,
            "p10": 848,
            "p90": 941,
            "p99": 941,
            "max": 941
          },
          "loadEventEnd": {
            "median": 95590,
            "mean": 95585,
            "mdev": 104.6745,
            "stddev": 181,
            "min": 95360,
            "p10": 95360,
            "p90": 95804,
            "p99": 95804,
            "max": 95804
          },
          "loadEventStart": {
            "median": 95582,
            "mean": 95579,
            "mdev": 104.1893,
            "stddev": 180,
            "min": 95356,
            "p10": 95356,
            "p90": 95798,
            "p99": 95798,
            "max": 95798
          },
          "redirectEnd": {
            "median": 890,
            "mean": 887,
            "mdev": 18.4351,
            "stddev": 32,
            "min": 846,
            "p10": 846,
            "p90": 924,
            "p99": 924,
            "max": 924
          },
          "redirectStart": {
            "median": 3,
            "mean": 3,
            "mdev": 0.2722,
            "stddev": 0,
            "min": 2,
            "p10": 2,
            "p90": 3,
            "p99": 3,
            "max": 3
          },
          "requestStart": {
            "median": 1177,
            "mean": 1186,
            "mdev": 44.9452,
            "stddev": 78,
            "min": 1096,
            "p10": 1096,
            "p90": 1286,
            "p99": 1286,
            "max": 1286
          },
          "responseEnd": {
            "median": 1426,
            "mean": 1440,
            "mdev": 49.6081,
            "stddev": 86,
            "min": 1343,
            "p10": 1343,
            "p90": 1552,
            "p99": 1552,
            "max": 1552
          },
          "responseStart": {
            "median": 1426,
            "mean": 1440,
            "mdev": 49.6081,
            "stddev": 86,
            "min": 1343,
            "p10": 1343,
            "p90": 1552,
            "p99": 1552,
            "max": 1552
          },
          "secureConnectionStart": {
            "median": 0,
            "mean": 0,
            "mdev": 0,
            "stddev": 0,
            "min": 0,
            "p10": 0,
            "p90": 0,
            "p99": 0,
            "max": 0
          },
          "startTime": {
            "median": 0,
            "mean": 0,
            "mdev": 0,
            "stddev": 0,
            "min": 0,
            "p10": 0,
            "p90": 0,
            "p99": 0,
            "max": 0
          },
          "unloadEventEnd": {
            "median": 0,
            "mean": 0,
            "mdev": 0,
            "stddev": 0,
            "min": 0,
            "p10": 0,
            "p90": 0,
            "p99": 0,
            "max": 0
          },
          "unloadEventStart": {
            "median": 0,
            "mean": 0,
            "mdev": 0,
            "stddev": 0,
            "min": 0,
            "p10": 0,
            "p90": 0,
            "p99": 0,
            "max": 0
          },
          "workerStart": {
            "median": 0,
            "mean": 0,
            "mdev": 0,
            "stddev": 0,
            "min": 0,
            "p10": 0,
            "p90": 0,
            "p99": 0,
            "max": 0
          }
        },
        "pageTimings": {
          "backEndTime": {
            "median": 1426,
            "mean": 1440,
            "mdev": 49.6081,
            "stddev": 86,
            "min": 1343,
            "p10": 1343,
            "p90": 1552,
            "p99": 1552,
            "max": 1552
          },
          "domContentLoadedTime": {
            "median": 4698,
            "mean": 4679,
            "mdev": 115.5191,
            "stddev": 200,
            "min": 4425,
            "p10": 4425,
            "p90": 4914,
            "p99": 4914,
            "max": 4914
          },
          "domInteractiveTime": {
            "median": 4671,
            "mean": 4654,
            "mdev": 117.5768,
            "stddev": 204,
            "min": 4397,
            "p10": 4397,
            "p90": 4895,
            "p99": 4895,
            "max": 4895
          },
          "domainLookupTime": {
            "median": 0,
            "mean": 0,
            "mdev": 0.2722,
            "stddev": 0,
            "min": 0,
            "p10": 0,
            "p90": 1,
            "p99": 1,
            "max": 1
          },
          "frontEndTime": {
            "median": 94157,
            "mean": 94139,
            "mdev": 55.4263,
            "stddev": 96,
            "min": 94013,
            "p10": 94013,
            "p90": 94246,
            "p99": 94246,
            "max": 94246
          },
          "pageDownloadTime": {
            "median": 0,
            "mean": 0,
            "mdev": 0,
            "stddev": 0,
            "min": 0,
            "p10": 0,
            "p90": 0,
            "p99": 0,
            "max": 0
          },
          "pageLoadTime": {
            "median": 95582,
            "mean": 95579,
            "mdev": 104.1893,
            "stddev": 180,
            "min": 95356,
            "p10": 95356,
            "p90": 95798,
            "p99": 95798,
            "max": 95798
          },
          "redirectionTime": {
            "median": 887,
            "mean": 884,
            "mdev": 18.6607,
            "stddev": 32,
            "min": 843,
            "p10": 843,
            "p90": 922,
            "p99": 922,
            "max": 922
          },
          "serverConnectionTime": {
            "median": 238,
            "mean": 243,
            "mdev": 9.4163,
            "stddev": 16,
            "min": 226,
            "p10": 226,
            "p90": 265,
            "p99": 265,
            "max": 265
          },
          "serverResponseTime": {
            "median": 248,
            "mean": 253,
            "mdev": 4.7687,
            "stddev": 8,
            "min": 247,
            "p10": 247,
            "p90": 265,
            "p99": 265,
            "max": 265
          }
        },
        "rumSpeedIndex": {
          "median": 1425,
          "mean": 1440,
          "mdev": 49.3904,
          "stddev": 86,
          "min": 1343,
          "p10": 1343,
          "p90": 1551,
          "p99": 1551,
          "max": 1551
        },
        "timeToContentfulPaint": {
          "median": 3836,
          "mean": 4021,
          "mdev": 160.1173,
          "stddev": 277,
          "min": 3814,
          "p10": 3814,
          "p90": 4413,
          "p99": 4413,
          "max": 4413
        },
        "timeToDomContentFlushed": {
          "median": 4671,
          "mean": 4655,
          "mdev": 117.8043,
          "stddev": 204,
          "min": 4397,
          "p10": 4397,
          "p90": 4896,
          "p99": 4896,
          "max": 4896
        },
        "timeToFirstInteractive": {
          "median": 7588,
          "mean": 7662,
          "mdev": 113.2709,
          "stddev": 196,
          "min": 7468,
          "p10": 7468,
          "p90": 7931,
          "p99": 7931,
          "max": 7931
        }
      }
    }
  }
]