[
  {
    "info": {
      "browsertime": {
        "version": "8.4.0"
      },
      "url": "https://www.mediafire.com/",
      "timestamp": "2021-03-30T21:10:51+04:00",
      "connectivity": {
        "engine": "external",
        "profile": "native"
      },
      "extra": {}
    },
    "files": {
      "video": [],
      "screenshot": [],
      "timeline": [],
      "consoleLog": [],
      "netLog": [],
      "perfLog": []
    },
    "cdp": {
      "performance": []
    },
    "timestamps": [
      "2021-03-30T21:10:38+04:00",
      "2021-03-30T21:10:57+04:00",
      "2021-03-30T21:11:16+04:00"
    ],
    "browserScripts": [
      {
        "browser": {
          "appConstants": {
            "ACCESSIBILITY": true,
            "ANDROID_PACKAGE_NAME": "org.mozilla.firefox",
            "ASAN": false,
            "ASAN_REPORTER": false,
            "BROWSER_CHROME_URL": "chrome://browser/content/browser.xul",
            "DEBUG": false,
            "DEBUG_JS_MODULES": "",
            "DLL_PREFIX": "lib",
            "DLL_SUFFIX": ".so",
            "EARLY_BETA_OR_EARLIER": false,
            "FENNEC_NIGHTLY": false,
            "HAVE_SHELL_SERVICE": false,
            "HAVE_USR_LIB64_DIR": false,
            "MENUBAR_CAN_AUTOHIDE": false,
            "MOZILLA_OFFICIAL": true,
            "MOZ_ALLOW_LEGACY_EXTENSIONS": false,
            "MOZ_ANDROID_ACTIVITY_STREAM": false,
            "MOZ_ANDROID_HISTORY": true,
            "MOZ_ANDROID_MOZILLA_ONLINE": false,
            "MOZ_APP_NAME": "fennec",
            "MOZ_APP_VERSION": "68.1.1",
            "MOZ_APP_VERSION_DISPLAY": "68.1.1",
            "MOZ_BING_API_CLIENTID": "no-bing-api-clientid",
            "MOZ_BING_API_KEY": "no-bing-api-key",
            "MOZ_BITS_DOWNLOAD": false,
            "MOZ_BUILD_APP": "mobile/android",
            "MOZ_CODE_COVERAGE": false,
            "MOZ_CRASHREPORTER": true,
            "MOZ_DATA_REPORTING": true,
            "MOZ_DEV_EDITION": false,
            "MOZ_GECKO_PROFILER": true,
            "MOZ_GOOGLE_LOCATION_SERVICE_API_KEY": "AIzaSyB2h2OuRcUgy5N-5hsZqiPW6sH3n_rptiQ",
            "MOZ_GOOGLE_SAFEBROWSING_API_KEY": "AIzaSyC7jsptDS3am4tPx4r3nxis7IMjBc5Dovo",
            "MOZ_GRAPHENE": false,
            "MOZ_MACBUNDLE_NAME": "Firefox.app",
            "MOZ_MAINTENANCE_SERVICE": false,
            "MOZ_MOZILLA_API_KEY": "3b4d27dd-703d-4094-8398-4de2c763505a",
            "MOZ_NEW_CERT_STORAGE": false,
            "MOZ_NEW_NOTIFICATION_STORE": false,
            "MOZ_NEW_XULSTORE": false,
            "MOZ_OFFICIAL_BRANDING": false,
            "MOZ_PLACES": false,
            "MOZ_REQUIRE_SIGNING": false,
            "MOZ_SANDBOX": false,
            "MOZ_SERVICES_HEALTHREPORT": true,
            "MOZ_SERVICES_SYNC": false,
            "MOZ_SWITCHBOARD": true,
            "MOZ_SYSTEM_NSS": false,
            "MOZ_TELEMETRY_ON_BY_DEFAULT": false,
            "MOZ_TELEMETRY_REPORTING": true,
            "MOZ_UNSIGNED_SCOPES": 0,
            "MOZ_UPDATER": false,
            "MOZ_UPDATE_CHANNEL": "release",
            "MOZ_WEBRTC": true,
            "MOZ_WIDGET_GTK": false,
            "MOZ_WIDGET_TOOLKIT": "android",
            "NIGHTLY_BUILD": false,
            "OMNIJAR_NAME": "assets/omni.ja",
            "RELEASE_OR_BETA": true,
            "SOURCE_REVISION_URL": "https://hg.mozilla.org/releases/mozilla-esr68/rev/d2e0b9e17b9bc1ef02606c8006b73293f7892ad5",
            "TELEMETRY_PING_FORMAT_VERSION": 4,
            "XP_UNIX": true,
            "isPlatformAndVersionAtLeast": {},
            "isPlatformAndVersionAtMost": {},
            "platform": "android"
          },
          "asyncAppConstants": {
            "ACCESSIBILITY": true,
            "ANDROID_PACKAGE_NAME": "org.mozilla.firefox",
            "ASAN": false,
            "ASAN_REPORTER": false,
            "BROWSER_CHROME_URL": "chrome://browser/content/browser.xul",
            "DEBUG": false,
            "DEBUG_JS_MODULES": "",
            "DLL_PREFIX": "lib",
            "DLL_SUFFIX": ".so",
            "EARLY_BETA_OR_EARLIER": false,
            "FENNEC_NIGHTLY": false,
            "HAVE_SHELL_SERVICE": false,
            "HAVE_USR_LIB64_DIR": false,
            "MENUBAR_CAN_AUTOHIDE": false,
            "MOZILLA_OFFICIAL": true,
            "MOZ_ALLOW_LEGACY_EXTENSIONS": false,
            "MOZ_ANDROID_ACTIVITY_STREAM": false,
            "MOZ_ANDROID_HISTORY": true,
            "MOZ_ANDROID_MOZILLA_ONLINE": false,
            "MOZ_APP_NAME": "fennec",
            "MOZ_APP_VERSION": "68.1.1",
            "MOZ_APP_VERSION_DISPLAY": "68.1.1",
            "MOZ_BING_API_CLIENTID": "no-bing-api-clientid",
            "MOZ_BING_API_KEY": "no-bing-api-key",
            "MOZ_BITS_DOWNLOAD": false,
            "MOZ_BUILD_APP": "mobile/android",
            "MOZ_CODE_COVERAGE": false,
            "MOZ_CRASHREPORTER": true,
            "MOZ_DATA_REPORTING": true,
            "MOZ_DEV_EDITION": false,
            "MOZ_GECKO_PROFILER": true,
            "MOZ_GOOGLE_LOCATION_SERVICE_API_KEY": "AIzaSyB2h2OuRcUgy5N-5hsZqiPW6sH3n_rptiQ",
            "MOZ_GOOGLE_SAFEBROWSING_API_KEY": "AIzaSyC7jsptDS3am4tPx4r3nxis7IMjBc5Dovo",
            "MOZ_GRAPHENE": false,
            "MOZ_MACBUNDLE_NAME": "Firefox.app",
            "MOZ_MAINTENANCE_SERVICE": false,
            "MOZ_MOZILLA_API_KEY": "3b4d27dd-703d-4094-8398-4de2c763505a",
            "MOZ_NEW_CERT_STORAGE": false,
            "MOZ_NEW_NOTIFICATION_STORE": false,
            "MOZ_NEW_XULSTORE": false,
            "MOZ_OFFICIAL_BRANDING": false,
            "MOZ_PLACES": false,
            "MOZ_REQUIRE_SIGNING": false,
            "MOZ_SANDBOX": false,
            "MOZ_SERVICES_HEALTHREPORT": true,
            "MOZ_SERVICES_SYNC": false,
            "MOZ_SWITCHBOARD": true,
            "MOZ_SYSTEM_NSS": false,
            "MOZ_TELEMETRY_ON_BY_DEFAULT": false,
            "MOZ_TELEMETRY_REPORTING": true,
            "MOZ_UNSIGNED_SCOPES": 0,
            "MOZ_UPDATER": false,
            "MOZ_UPDATE_CHANNEL": "release",
            "MOZ_WEBRTC": true,
            "MOZ_WIDGET_GTK": false,
            "MOZ_WIDGET_TOOLKIT": "android",
            "NIGHTLY_BUILD": false,
            "OMNIJAR_NAME": "assets/omni.ja",
            "RELEASE_OR_BETA": true,
            "SOURCE_REVISION_URL": "https://hg.mozilla.org/releases/mozilla-esr68/rev/d2e0b9e17b9bc1ef02606c8006b73293f7892ad5",
            "TELEMETRY_PING_FORMAT_VERSION": 4,
            "XP_UNIX": true,
            "isPlatformAndVersionAtLeast": {},
            "isPlatformAndVersionAtMost": {},
            "platform": "android"
          },
          "userAgent": "Mozilla/5.0 (Android 9; Mobile; rv:68.0) Gecko/68.0 Firefox/68.0",
          "windowSize": "360x612"
        },
        "pageinfo": {
          "documentHeight": 11373,
          "documentSize": {
            "decodedBodySize": 44312,
            "encodedBodySize": 15788,
            "transferSize": 17044
          },
          "documentTitle": "File sharing and storage made simple",
          "documentWidth": 360,
          "domElements": 382,
          "navigationStartTime": 1617124238881,
          "nextHopProtocol": "h2",
          "resources": {
            "count": 0,
            "duration": 0
          },
          "responsive": true,
          "url": "https://www.mediafire.com/",
          "visualElements": {
            "heroes": [
              {
                "filename": "mf_logo_u1_full_color_reversed.svg",
                "height": 25,
                "name": "LargestImage",
                "width": 180,
                "x": 15,
                "y": 22
              },
              {
                "filename": null,
                "height": 96,
                "name": "Heading",
                "width": 338,
                "x": 11,
                "y": 170
              }
            ],
            "viewport": {
              "height": 612,
              "width": 360
            }
          }
        },
        "timings": {
          "firstPaint": 2313,
          "loadEventEnd": 5926,
          "navigationTiming": {
            "connectStart": 83,
            "domComplete": 5921,
            "domContentLoadedEventEnd": 2355,
            "domContentLoadedEventStart": 2324,
            "domInteractive": 2203,
            "domainLookupEnd": 83,
            "domainLookupStart": 83,
            "duration": 5926,
            "fetchStart": 2,
            "loadEventEnd": 5926,
            "loadEventStart": 5921,
            "redirectEnd": 0,
            "redirectStart": 0,
            "requestStart": 327,
            "responseEnd": 623,
            "responseStart": 610,
            "secureConnectionStart": 239,
            "startTime": 0,
            "unloadEventEnd": 0,
            "unloadEventStart": 0,
            "workerStart": 0
          },
          "pageTimings": {
            "backEndTime": 610,
            "domContentLoadedTime": 2324,
            "domInteractiveTime": 2203,
            "domainLookupTime": 0,
            "frontEndTime": 5298,
            "pageDownloadTime": 13,
            "pageLoadTime": 5921,
            "redirectionTime": 0,
            "serverConnectionTime": 242,
            "serverResponseTime": 296
          },
          "rumSpeedIndex": 609,
          "timeToContentfulPaint": 4052,
          "timeToDomContentFlushed": 2291,
          "userTimings": {
            "marks": [],
            "measures": []
          }
        }
      },
      {
        "browser": {
          "appConstants": {
            "ACCESSIBILITY": true,
            "ANDROID_PACKAGE_NAME": "org.mozilla.firefox",
            "ASAN": false,
            "ASAN_REPORTER": false,
            "BROWSER_CHROME_URL": "chrome://browser/content/browser.xul",
            "DEBUG": false,
            "DEBUG_JS_MODULES": "",
            "DLL_PREFIX": "lib",
            "DLL_SUFFIX": ".so",
            "EARLY_BETA_OR_EARLIER": false,
            "FENNEC_NIGHTLY": false,
            "HAVE_SHELL_SERVICE": false,
            "HAVE_USR_LIB64_DIR": false,
            "MENUBAR_CAN_AUTOHIDE": false,
            "MOZILLA_OFFICIAL": true,
            "MOZ_ALLOW_LEGACY_EXTENSIONS": false,
            "MOZ_ANDROID_ACTIVITY_STREAM": false,
            "MOZ_ANDROID_HISTORY": true,
            "MOZ_ANDROID_MOZILLA_ONLINE": false,
            "MOZ_APP_NAME": "fennec",
            "MOZ_APP_VERSION": "68.1.1",
            "MOZ_APP_VERSION_DISPLAY": "68.1.1",
            "MOZ_BING_API_CLIENTID": "no-bing-api-clientid",
            "MOZ_BING_API_KEY": "no-bing-api-key",
            "MOZ_BITS_DOWNLOAD": false,
            "MOZ_BUILD_APP": "mobile/android",
            "MOZ_CODE_COVERAGE": false,
            "MOZ_CRASHREPORTER": true,
            "MOZ_DATA_REPORTING": true,
            "MOZ_DEV_EDITION": false,
            "MOZ_GECKO_PROFILER": true,
            "MOZ_GOOGLE_LOCATION_SERVICE_API_KEY": "AIzaSyB2h2OuRcUgy5N-5hsZqiPW6sH3n_rptiQ",
            "MOZ_GOOGLE_SAFEBROWSING_API_KEY": "AIzaSyC7jsptDS3am4tPx4r3nxis7IMjBc5Dovo",
            "MOZ_GRAPHENE": false,
            "MOZ_MACBUNDLE_NAME": "Firefox.app",
            "MOZ_MAINTENANCE_SERVICE": false,
            "MOZ_MOZILLA_API_KEY": "3b4d27dd-703d-4094-8398-4de2c763505a",
            "MOZ_NEW_CERT_STORAGE": false,
            "MOZ_NEW_NOTIFICATION_STORE": false,
            "MOZ_NEW_XULSTORE": false,
            "MOZ_OFFICIAL_BRANDING": false,
            "MOZ_PLACES": false,
            "MOZ_REQUIRE_SIGNING": false,
            "MOZ_SANDBOX": false,
            "MOZ_SERVICES_HEALTHREPORT": true,
            "MOZ_SERVICES_SYNC": false,
            "MOZ_SWITCHBOARD": true,
            "MOZ_SYSTEM_NSS": false,
            "MOZ_TELEMETRY_ON_BY_DEFAULT": false,
            "MOZ_TELEMETRY_REPORTING": true,
            "MOZ_UNSIGNED_SCOPES": 0,
            "MOZ_UPDATER": false,
            "MOZ_UPDATE_CHANNEL": "release",
            "MOZ_WEBRTC": true,
            "MOZ_WIDGET_GTK": false,
            "MOZ_WIDGET_TOOLKIT": "android",
            "NIGHTLY_BUILD": false,
            "OMNIJAR_NAME": "assets/omni.ja",
            "RELEASE_OR_BETA": true,
            "SOURCE_REVISION_URL": "https://hg.mozilla.org/releases/mozilla-esr68/rev/d2e0b9e17b9bc1ef02606c8006b73293f7892ad5",
            "TELEMETRY_PING_FORMAT_VERSION": 4,
            "XP_UNIX": true,
            "isPlatformAndVersionAtLeast": {},
            "isPlatformAndVersionAtMost": {},
            "platform": "android"
          },
          "asyncAppConstants": {
            "ACCESSIBILITY": true,
            "ANDROID_PACKAGE_NAME": "org.mozilla.firefox",
            "ASAN": false,
            "ASAN_REPORTER": false,
            "BROWSER_CHROME_URL": "chrome://browser/content/browser.xul",
            "DEBUG": false,
            "DEBUG_JS_MODULES": "",
            "DLL_PREFIX": "lib",
            "DLL_SUFFIX": ".so",
            "EARLY_BETA_OR_EARLIER": false,
            "FENNEC_NIGHTLY": false,
            "HAVE_SHELL_SERVICE": false,
            "HAVE_USR_LIB64_DIR": false,
            "MENUBAR_CAN_AUTOHIDE": false,
            "MOZILLA_OFFICIAL": true,
            "MOZ_ALLOW_LEGACY_EXTENSIONS": false,
            "MOZ_ANDROID_ACTIVITY_STREAM": false,
            "MOZ_ANDROID_HISTORY": true,
            "MOZ_ANDROID_MOZILLA_ONLINE": false,
            "MOZ_APP_NAME": "fennec",
            "MOZ_APP_VERSION": "68.1.1",
            "MOZ_APP_VERSION_DISPLAY": "68.1.1",
            "MOZ_BING_API_CLIENTID": "no-bing-api-clientid",
            "MOZ_BING_API_KEY": "no-bing-api-key",
            "MOZ_BITS_DOWNLOAD": false,
            "MOZ_BUILD_APP": "mobile/android",
            "MOZ_CODE_COVERAGE": false,
            "MOZ_CRASHREPORTER": true,
            "MOZ_DATA_REPORTING": true,
            "MOZ_DEV_EDITION": false,
            "MOZ_GECKO_PROFILER": true,
            "MOZ_GOOGLE_LOCATION_SERVICE_API_KEY": "AIzaSyB2h2OuRcUgy5N-5hsZqiPW6sH3n_rptiQ",
            "MOZ_GOOGLE_SAFEBROWSING_API_KEY": "AIzaSyC7jsptDS3am4tPx4r3nxis7IMjBc5Dovo",
            "MOZ_GRAPHENE": false,
            "MOZ_MACBUNDLE_NAME": "Firefox.app",
            "MOZ_MAINTENANCE_SERVICE": false,
            "MOZ_MOZILLA_API_KEY": "3b4d27dd-703d-4094-8398-4de2c763505a",
            "MOZ_NEW_CERT_STORAGE": false,
            "MOZ_NEW_NOTIFICATION_STORE": false,
            "MOZ_NEW_XULSTORE": false,
            "MOZ_OFFICIAL_BRANDING": false,
            "MOZ_PLACES": false,
            "MOZ_REQUIRE_SIGNING": false,
            "MOZ_SANDBOX": false,
            "MOZ_SERVICES_HEALTHREPORT": true,
            "MOZ_SERVICES_SYNC": false,
            "MOZ_SWITCHBOARD": true,
            "MOZ_SYSTEM_NSS": false,
            "MOZ_TELEMETRY_ON_BY_DEFAULT": false,
            "MOZ_TELEMETRY_REPORTING": true,
            "MOZ_UNSIGNED_SCOPES": 0,
            "MOZ_UPDATER": false,
            "MOZ_UPDATE_CHANNEL": "release",
            "MOZ_WEBRTC": true,
            "MOZ_WIDGET_GTK": false,
            "MOZ_WIDGET_TOOLKIT": "android",
            "NIGHTLY_BUILD": false,
            "OMNIJAR_NAME": "assets/omni.ja",
            "RELEASE_OR_BETA": true,
            "SOURCE_REVISION_URL": "https://hg.mozilla.org/releases/mozilla-esr68/rev/d2e0b9e17b9bc1ef02606c8006b73293f7892ad5",
            "TELEMETRY_PING_FORMAT_VERSION": 4,
            "XP_UNIX": true,
            "isPlatformAndVersionAtLeast": {},
            "isPlatformAndVersionAtMost": {},
            "platform": "android"
          },
          "userAgent": "Mozilla/5.0 (Android 9; Mobile; rv:68.0) Gecko/68.0 Firefox/68.0",
          "windowSize": "360x612"
        },
        "pageinfo": {
          "documentHeight": 11373,
          "documentSize": {
            "decodedBodySize": 44473,
            "encodedBodySize": 16063,
            "transferSize": 17319
          },
          "documentTitle": "File sharing and storage made simple",
          "documentWidth": 360,
          "domElements": 383,
          "navigationStartTime": 1617124257916,
          "nextHopProtocol": "h2",
          "resources": {
            "count": 0,
            "duration": 0
          },
          "responsive": true,
          "url": "https://www.mediafire.com/",
          "visualElements": {
            "heroes": [
              {
                "filename": "mf_logo_u1_full_color_reversed.svg",
                "height": 25,
                "name": "LargestImage",
                "width": 180,
                "x": 15,
                "y": 22
              },
              {
                "filename": null,
                "height": 96,
                "name": "Heading",
                "width": 338,
                "x": 11,
                "y": 170
              }
            ],
            "viewport": {
              "height": 612,
              "width": 360
            }
          }
        },
        "timings": {
          "firstPaint": 1581,
          "loadEventEnd": 5105,
          "navigationTiming": {
            "connectStart": 93,
            "domComplete": 5099,
            "domContentLoadedEventEnd": 1684,
            "domContentLoadedEventStart": 1650,
            "domInteractive": 1463,
            "domainLookupEnd": 93,
            "domainLookupStart": 92,
            "duration": 5105,
            "fetchStart": 2,
            "loadEventEnd": 5105,
            "loadEventStart": 5099,
            "redirectEnd": 0,
            "redirectStart": 0,
            "requestStart": 183,
            "responseEnd": 479,
            "responseStart": 462,
            "secureConnectionStart": 103,
            "startTime": 0,
            "unloadEventEnd": 0,
            "unloadEventStart": 0,
            "workerStart": 0
          },
          "pageTimings": {
            "backEndTime": 462,
            "domContentLoadedTime": 1650,
            "domInteractiveTime": 1463,
            "domainLookupTime": 0,
            "frontEndTime": 4620,
            "pageDownloadTime": 17,
            "pageLoadTime": 5099,
            "redirectionTime": 0,
            "serverConnectionTime": 89,
            "serverResponseTime": 296
          },
          "rumSpeedIndex": 462,
          "timeToContentfulPaint": 3608,
          "timeToDomContentFlushed": 1561,
          "userTimings": {
            "marks": [],
            "measures": []
          }
        }
      },
      {
        "browser": {
          "appConstants": {
            "ACCESSIBILITY": true,
            "ANDROID_PACKAGE_NAME": "org.mozilla.firefox",
            "ASAN": false,
            "ASAN_REPORTER": false,
            "BROWSER_CHROME_URL": "chrome://browser/content/browser.xul",
            "DEBUG": false,
            "DEBUG_JS_MODULES": "",
            "DLL_PREFIX": "lib",
            "DLL_SUFFIX": ".so",
            "EARLY_BETA_OR_EARLIER": false,
            "FENNEC_NIGHTLY": false,
            "HAVE_SHELL_SERVICE": false,
            "HAVE_USR_LIB64_DIR": false,
            "MENUBAR_CAN_AUTOHIDE": false,
            "MOZILLA_OFFICIAL": true,
            "MOZ_ALLOW_LEGACY_EXTENSIONS": false,
            "MOZ_ANDROID_ACTIVITY_STREAM": false,
            "MOZ_ANDROID_HISTORY": true,
            "MOZ_ANDROID_MOZILLA_ONLINE": false,
            "MOZ_APP_NAME": "fennec",
            "MOZ_APP_VERSION": "68.1.1",
            "MOZ_APP_VERSION_DISPLAY": "68.1.1",
            "MOZ_BING_API_CLIENTID": "no-bing-api-clientid",
            "MOZ_BING_API_KEY": "no-bing-api-key",
            "MOZ_BITS_DOWNLOAD": false,
            "MOZ_BUILD_APP": "mobile/android",
            "MOZ_CODE_COVERAGE": false,
            "MOZ_CRASHREPORTER": true,
            "MOZ_DATA_REPORTING": true,
            "MOZ_DEV_EDITION": false,
            "MOZ_GECKO_PROFILER": true,
            "MOZ_GOOGLE_LOCATION_SERVICE_API_KEY": "AIzaSyB2h2OuRcUgy5N-5hsZqiPW6sH3n_rptiQ",
            "MOZ_GOOGLE_SAFEBROWSING_API_KEY": "AIzaSyC7jsptDS3am4tPx4r3nxis7IMjBc5Dovo",
            "MOZ_GRAPHENE": false,
            "MOZ_MACBUNDLE_NAME": "Firefox.app",
            "MOZ_MAINTENANCE_SERVICE": false,
            "MOZ_MOZILLA_API_KEY": "3b4d27dd-703d-4094-8398-4de2c763505a",
            "MOZ_NEW_CERT_STORAGE": false,
            "MOZ_NEW_NOTIFICATION_STORE": false,
            "MOZ_NEW_XULSTORE": false,
            "MOZ_OFFICIAL_BRANDING": false,
            "MOZ_PLACES": false,
            "MOZ_REQUIRE_SIGNING": false,
            "MOZ_SANDBOX": false,
            "MOZ_SERVICES_HEALTHREPORT": true,
            "MOZ_SERVICES_SYNC": false,
            "MOZ_SWITCHBOARD": true,
            "MOZ_SYSTEM_NSS": false,
            "MOZ_TELEMETRY_ON_BY_DEFAULT": false,
            "MOZ_TELEMETRY_REPORTING": true,
            "MOZ_UNSIGNED_SCOPES": 0,
            "MOZ_UPDATER": false,
            "MOZ_UPDATE_CHANNEL": "release",
            "MOZ_WEBRTC": true,
            "MOZ_WIDGET_GTK": false,
            "MOZ_WIDGET_TOOLKIT": "android",
            "NIGHTLY_BUILD": false,
            "OMNIJAR_NAME": "assets/omni.ja",
            "RELEASE_OR_BETA": true,
            "SOURCE_REVISION_URL": "https://hg.mozilla.org/releases/mozilla-esr68/rev/d2e0b9e17b9bc1ef02606c8006b73293f7892ad5",
            "TELEMETRY_PING_FORMAT_VERSION": 4,
            "XP_UNIX": true,
            "isPlatformAndVersionAtLeast": {},
            "isPlatformAndVersionAtMost": {},
            "platform": "android"
          },
          "asyncAppConstants": {
            "ACCESSIBILITY": true,
            "ANDROID_PACKAGE_NAME": "org.mozilla.firefox",
            "ASAN": false,
            "ASAN_REPORTER": false,
            "BROWSER_CHROME_URL": "chrome://browser/content/browser.xul",
            "DEBUG": false,
            "DEBUG_JS_MODULES": "",
            "DLL_PREFIX": "lib",
            "DLL_SUFFIX": ".so",
            "EARLY_BETA_OR_EARLIER": false,
            "FENNEC_NIGHTLY": false,
            "HAVE_SHELL_SERVICE": false,
            "HAVE_USR_LIB64_DIR": false,
            "MENUBAR_CAN_AUTOHIDE": false,
            "MOZILLA_OFFICIAL": true,
            "MOZ_ALLOW_LEGACY_EXTENSIONS": false,
            "MOZ_ANDROID_ACTIVITY_STREAM": false,
            "MOZ_ANDROID_HISTORY": true,
            "MOZ_ANDROID_MOZILLA_ONLINE": false,
            "MOZ_APP_NAME": "fennec",
            "MOZ_APP_VERSION": "68.1.1",
            "MOZ_APP_VERSION_DISPLAY": "68.1.1",
            "MOZ_BING_API_CLIENTID": "no-bing-api-clientid",
            "MOZ_BING_API_KEY": "no-bing-api-key",
            "MOZ_BITS_DOWNLOAD": false,
            "MOZ_BUILD_APP": "mobile/android",
            "MOZ_CODE_COVERAGE": false,
            "MOZ_CRASHREPORTER": true,
            "MOZ_DATA_REPORTING": true,
            "MOZ_DEV_EDITION": false,
            "MOZ_GECKO_PROFILER": true,
            "MOZ_GOOGLE_LOCATION_SERVICE_API_KEY": "AIzaSyB2h2OuRcUgy5N-5hsZqiPW6sH3n_rptiQ",
            "MOZ_GOOGLE_SAFEBROWSING_API_KEY": "AIzaSyC7jsptDS3am4tPx4r3nxis7IMjBc5Dovo",
            "MOZ_GRAPHENE": false,
            "MOZ_MACBUNDLE_NAME": "Firefox.app",
            "MOZ_MAINTENANCE_SERVICE": false,
            "MOZ_MOZILLA_API_KEY": "3b4d27dd-703d-4094-8398-4de2c763505a",
            "MOZ_NEW_CERT_STORAGE": false,
            "MOZ_NEW_NOTIFICATION_STORE": false,
            "MOZ_NEW_XULSTORE": false,
            "MOZ_OFFICIAL_BRANDING": false,
            "MOZ_PLACES": false,
            "MOZ_REQUIRE_SIGNING": false,
            "MOZ_SANDBOX": false,
            "MOZ_SERVICES_HEALTHREPORT": true,
            "MOZ_SERVICES_SYNC": false,
            "MOZ_SWITCHBOARD": true,
            "MOZ_SYSTEM_NSS": false,
            "MOZ_TELEMETRY_ON_BY_DEFAULT": false,
            "MOZ_TELEMETRY_REPORTING": true,
            "MOZ_UNSIGNED_SCOPES": 0,
            "MOZ_UPDATER": false,
            "MOZ_UPDATE_CHANNEL": "release",
            "MOZ_WEBRTC": true,
            "MOZ_WIDGET_GTK": false,
            "MOZ_WIDGET_TOOLKIT": "android",
            "NIGHTLY_BUILD": false,
            "OMNIJAR_NAME": "assets/omni.ja",
            "RELEASE_OR_BETA": true,
            "SOURCE_REVISION_URL": "https://hg.mozilla.org/releases/mozilla-esr68/rev/d2e0b9e17b9bc1ef02606c8006b73293f7892ad5",
            "TELEMETRY_PING_FORMAT_VERSION": 4,
            "XP_UNIX": true,
            "isPlatformAndVersionAtLeast": {},
            "isPlatformAndVersionAtMost": {},
            "platform": "android"
          },
          "userAgent": "Mozilla/5.0 (Android 9; Mobile; rv:68.0) Gecko/68.0 Firefox/68.0",
          "windowSize": "360x612"
        },
        "pageinfo": {
          "documentHeight": 11373,
          "documentSize": {
            "decodedBodySize": 44308,
            "encodedBodySize": 15787,
            "transferSize": 17043
          },
          "documentTitle": "File sharing and storage made simple",
          "documentWidth": 360,
          "domElements": 382,
          "navigationStartTime": 1617124277075,
          "nextHopProtocol": "h2",
          "resources": {
            "count": 0,
            "duration": 0
          },
          "responsive": true,
          "url": "https://www.mediafire.com/",
          "visualElements": {
            "heroes": [
              {
                "filename": "mf_logo_u1_full_color_reversed.svg",
                "height": 25,
                "name": "LargestImage",
                "width": 180,
                "x": 15,
                "y": 22
              },
              {
                "filename": null,
                "height": 96,
                "name": "Heading",
                "width": 338,
                "x": 11,
                "y": 170
              }
            ],
            "viewport": {
              "height": 612,
              "width": 360
            }
          }
        },
        "timings": {
          "firstPaint": 1478,
          "loadEventEnd": 5016,
          "navigationTiming": {
            "connectStart": 24,
            "domComplete": 5008,
            "domContentLoadedEventEnd": 1522,
            "domContentLoadedEventStart": 1488,
            "domInteractive": 1363,
            "domainLookupEnd": 24,
            "domainLookupStart": 23,
            "duration": 5016,
            "fetchStart": 2,
            "loadEventEnd": 5016,
            "loadEventStart": 5008,
            "redirectEnd": 0,
            "redirectStart": 0,
            "requestStart": 128,
            "responseEnd": 429,
            "responseStart": 416,
            "secureConnectionStart": 36,
            "startTime": 0,
            "unloadEventEnd": 0,
            "unloadEventStart": 0,
            "workerStart": 0
          },
          "pageTimings": {
            "backEndTime": 416,
            "domContentLoadedTime": 1488,
            "domInteractiveTime": 1363,
            "domainLookupTime": 0,
            "frontEndTime": 4579,
            "pageDownloadTime": 13,
            "pageLoadTime": 5008,
            "redirectionTime": 0,
            "serverConnectionTime": 103,
            "serverResponseTime": 301
          },
          "rumSpeedIndex": 415,
          "timeToContentfulPaint": 4109,
          "timeToDomContentFlushed": 1452,
          "userTimings": {
            "marks": [],
            "measures": []
          }
        }
      }
    ],
    "visualMetrics": [],
    "cpu": [],
    "extras": [
      {},
      {},
      {}
    ],
    "fullyLoaded": [],
    "errors": [
      [],
      [],
      []
    ],
    "statistics": {
      "browser": {
        "appConstants": {
          "MOZ_UNSIGNED_SCOPES": {
            "median": 0,
            "mean": 0,
            "mdev": 0,
            "stddev": 0,
            "min": 0,
            "p10": 0,
            "p90": 0,
            "p99": 0,
            "max": 0
          },
          "TELEMETRY_PING_FORMAT_VERSION": {
            "median": 4,
            "mean": 4,
            "mdev": 0,
            "stddev": 0,
            "min": 4,
            "p10": 4,
            "p90": 4,
            "p99": 4,
            "max": 4
          }
        },
        "asyncAppConstants": {
          "MOZ_UNSIGNED_SCOPES": {
            "median": 0,
            "mean": 0,
            "mdev": 0,
            "stddev": 0,
            "min": 0,
            "p10": 0,
            "p90": 0,
            "p99": 0,
            "max": 0
          },
          "TELEMETRY_PING_FORMAT_VERSION": {
            "median": 4,
            "mean": 4,
            "mdev": 0,
            "stddev": 0,
            "min": 4,
            "p10": 4,
            "p90": 4,
            "p99": 4,
            "max": 4
          }
        }
      },
      "pageinfo": {
        "documentHeight": {
          "median": 11373,
          "mean": 11373,
          "mdev": 0,
          "stddev": 0,
          "min": 11373,
          "p10": 11373,
          "p90": 11373,
          "p99": 11373,
          "max": 11373
        },
        "documentSize": {
          "decodedBodySize": {
            "median": 44312,
            "mean": 44364,
            "mdev": 44.373,
            "stddev": 77,
            "min": 44308,
            "p10": 44308,
            "p90": 44473,
            "p99": 44473,
            "max": 44473
          },
          "encodedBodySize": {
            "median": 15788,
            "mean": 15879,
            "mdev": 74.982,
            "stddev": 130,
            "min": 15787,
            "p10": 15787,
            "p90": 16063,
            "p99": 16063,
            "max": 16063
          },
          "transferSize": {
            "median": 17044,
            "mean": 17135,
            "mdev": 74.982,
            "stddev": 130,
            "min": 17043,
            "p10": 17043,
            "p90": 17319,
            "p99": 17319,
            "max": 17319
          }
        },
        "documentWidth": {
          "median": 360,
          "mean": 360,
          "mdev": 0,
          "stddev": 0,
          "min": 360,
          "p10": 360,
          "p90": 360,
          "p99": 360,
          "max": 360
        },
        "domElements": {
          "median": 382,
          "mean": 382,
          "mdev": 0.2722,
          "stddev": 0,
          "min": 382,
          "p10": 382,
          "p90": 383,
          "p99": 383,
          "max": 383
        },
        "navigationStartTime": {
          "median": 1617124257916,
          "mean": 1617124257957,
          "mdev": 12612.4091,
          "stddev": 21845,
          "min": 1617124238881,
          "p10": 1617124238881,
          "p90": 1617124277075,
          "p99": 1617124277075,
          "max": 1617124277075
        },
        "resources": {
          "count": {
            "median": 0,
            "mean": 0,
            "mdev": 0,
            "stddev": 0,
            "min": 0,
            "p10": 0,
            "p90": 0,
            "p99": 0,
            "max": 0
          },
          "duration": {
            "median": 0,
            "mean": 0,
            "mdev": 0,
            "stddev": 0,
            "min": 0,
            "p10": 0,
            "p90": 0,
            "p99": 0,
            "max": 0
          }
        },
        "visualElements": {
          "heroes": [
            {
              "height": {
                "median": 25,
                "mean": 25,
                "mdev": 0,
                "stddev": 0,
                "min": 25,
                "p10": 25,
                "p90": 25,
                "p99": 25,
                "max": 25
              },
              "width": {
                "median": 180,
                "mean": 180,
                "mdev": 0,
                "stddev": 0,
                "min": 180,
                "p10": 180,
                "p90": 180,
                "p99": 180,
                "max": 180
              },
              "x": {
                "median": 15,
                "mean": 15,
                "mdev": 0,
                "stddev": 0,
                "min": 15,
                "p10": 15,
                "p90": 15,
                "p99": 15,
                "max": 15
              },
              "y": {
                "median": 22,
                "mean": 22,
                "mdev": 0,
                "stddev": 0,
                "min": 22,
                "p10": 22,
                "p90": 22,
                "p99": 22,
                "max": 22
              }
            },
            {
              "height": {
                "median": 96,
                "mean": 96,
                "mdev": 0,
                "stddev": 0,
                "min": 96,
                "p10": 96,
                "p90": 96,
                "p99": 96,
                "max": 96
              },
              "width": {
                "median": 338,
                "mean": 338,
                "mdev": 0,
                "stddev": 0,
                "min": 338,
                "p10": 338,
                "p90": 338,
                "p99": 338,
                "max": 338
              },
              "x": {
                "median": 11,
                "mean": 11,
                "mdev": 0,
                "stddev": 0,
                "min": 11,
                "p10": 11,
                "p90": 11,
                "p99": 11,
                "max": 11
              },
              "y": {
                "median": 170,
                "mean": 170,
                "mdev": 0,
                "stddev": 0,
                "min": 170,
                "p10": 170,
                "p90": 170,
                "p99": 170,
                "max": 170
              }
            }
          ],
          "viewport": {
            "height": {
              "median": 612,
              "mean": 612,
              "mdev": 0,
              "stddev": 0,
              "min": 612,
              "p10": 612,
              "p90": 612,
              "p99": 612,
              "max": 612
            },
            "width": {
              "median": 360,
              "mean": 360,
              "mdev": 0,
              "stddev": 0,
              "min": 360,
              "p10": 360,
              "p90": 360,
              "p99": 360,
              "max": 360
            }
          }
        }
      },
      "timings": {
        "firstPaint": {
          "median": 1581,
          "mean": 1791,
          "mdev": 214.6192,
          "stddev": 372,
          "min": 1478,
          "p10": 1478,
          "p90": 2313,
          "p99": 2313,
          "max": 2313
        },
        "loadEventEnd": {
          "median": 5105,
          "mean": 5349,
          "mdev": 236.4915,
          "stddev": 410,
          "min": 5016,
          "p10": 5016,
          "p90": 5926,
          "p99": 5926,
          "max": 5926
        },
        "navigationTiming": {
          "connectStart": {
            "median": 83,
            "mean": 67,
            "mdev": 17.5773,
            "stddev": 30,
            "min": 24,
            "p10": 24,
            "p90": 93,
            "p99": 93,
            "max": 93
          },
          "domComplete": {
            "median": 5099,
            "mean": 5343,
            "mdev": 237.0759,
            "stddev": 411,
            "min": 5008,
            "p10": 5008,
            "p90": 5921,
            "p99": 5921,
            "max": 5921
          },
          "domContentLoadedEventEnd": {
            "median": 1684,
            "mean": 1854,
            "mdev": 208.1999,
            "stddev": 361,
            "min": 1522,
            "p10": 1522,
            "p90": 2355,
            "p99": 2355,
            "max": 2355
          },
          "domContentLoadedEventStart": {
            "median": 1650,
            "mean": 1821,
            "mdev": 209.0026,
            "stddev": 362,
            "min": 1488,
            "p10": 1488,
            "p90": 2324,
            "p99": 2324,
            "max": 2324
          },
          "domInteractive": {
            "median": 1463,
            "mean": 1676,
            "mdev": 216.2988,
            "stddev": 375,
            "min": 1363,
            "p10": 1363,
            "p90": 2203,
            "p99": 2203,
            "max": 2203
          },
          "domainLookupEnd": {
            "median": 83,
            "mean": 67,
            "mdev": 17.5773,
            "stddev": 30,
            "min": 24,
            "p10": 24,
            "p90": 93,
            "p99": 93,
            "max": 93
          },
          "domainLookupStart": {
            "median": 83,
            "mean": 66,
            "mdev": 17.6824,
            "stddev": 31,
            "min": 23,
            "p10": 23,
            "p90": 92,
            "p99": 92,
            "max": 92
          },
          "duration": {
            "median": 5105,
            "mean": 5349,
            "mdev": 236.4915,
            "stddev": 410,
            "min": 5016,
            "p10": 5016,
            "p90": 5926,
            "p99": 5926,
            "max": 5926
          },
          "fetchStart": {
            "median": 2,
            "mean": 2,
            "mdev": 0,
            "stddev": 0,
            "min": 2,
            "p10": 2,
            "p90": 2,
            "p99": 2,
            "max": 2
          },
          "loadEventEnd": {
            "median": 5105,
            "mean": 5349,
            "mdev": 236.4915,
            "stddev": 410,
            "min": 5016,
            "p10": 5016,
            "p90": 5926,
            "p99": 5926,
            "max": 5926
          },
          "loadEventStart": {
            "median": 5099,
            "mean": 5343,
            "mdev": 237.0759,
            "stddev": 411,
            "min": 5008,
            "p10": 5008,
            "p90": 5921,
            "p99": 5921,
            "max": 5921
          },
          "redirectEnd": {
            "median": 0,
            "mean": 0,
            "mdev": 0,
            "stddev": 0,
            "min": 0,
            "p10": 0,
            "p90": 0,
            "p99": 0,
            "max": 0
          },
          "redirectStart": {
            "median": 0,
            "mean": 0,
            "mdev": 0,
            "stddev": 0,
            "min": 0,
            "p10": 0,
            "p90": 0,
            "p99": 0,
            "max": 0
          },
          "requestStart": {
            "median": 183,
            "mean": 213,
            "mdev": 48.4432,
            "stddev": 84,
            "min": 128,
            "p10": 128,
            "p90": 327,
            "p99": 327,
            "max": 327
          },
          "responseEnd": {
            "median": 479,
            "mean": 510,
            "mdev": 47.4818,
            "stddev": 82,
            "min": 429,
            "p10": 429,
            "p90": 623,
            "p99": 623,
            "max": 623
          },
          "responseStart": {
            "median": 462,
            "mean": 496,
            "mdev": 47.7866,
            "stddev": 83,
            "min": 416,
            "p10": 416,
            "p90": 610,
            "p99": 610,
            "max": 610
          },
          "secureConnectionStart": {
            "median": 103,
            "mean": 126,
            "mdev": 48.7602,
            "stddev": 84,
            "min": 36,
            "p10": 36,
            "p90": 239,
            "p99": 239,
            "max": 239
          },
          "startTime": {
            "median": 0,
            "mean": 0,
            "mdev": 0,
            "stddev": 0,
            "min": 0,
            "p10": 0,
            "p90": 0,
            "p99": 0,
            "max": 0
          },
          "unloadEventEnd": {
            "median": 0,
            "mean": 0,
            "mdev": 0,
            "stddev": 0,
            "min": 0,
            "p10": 0,
            "p90": 0,
            "p99": 0,
            "max": 0
          },
          "unloadEventStart": {
            "median": 0,
            "mean": 0,
            "mdev": 0,
            "stddev": 0,
            "min": 0,
            "p10": 0,
            "p90": 0,
            "p99": 0,
            "max": 0
          },
          "workerStart": {
            "median": 0,
            "mean": 0,
            "mdev": 0,
            "stddev": 0,
            "min": 0,
            "p10": 0,
            "p90": 0,
            "p99": 0,
            "max": 0
          }
        },
        "pageTimings": {
          "backEndTime": {
            "median": 462,
            "mean": 496,
            "mdev": 47.7866,
            "stddev": 83,
            "min": 416,
            "p10": 416,
            "p90": 610,
            "p99": 610,
            "max": 610
          },
          "domContentLoadedTime": {
            "median": 1650,
            "mean": 1821,
            "mdev": 209.0026,
            "stddev": 362,
            "min": 1488,
            "p10": 1488,
            "p90": 2324,
            "p99": 2324,
            "max": 2324
          },
          "domInteractiveTime": {
            "median": 1463,
            "mean": 1676,
            "mdev": 216.2988,
            "stddev": 375,
            "min": 1363,
            "p10": 1363,
            "p90": 2203,
            "p99": 2203,
            "max": 2203
          },
          "domainLookupTime": {
            "median": 0,
            "mean": 0,
            "mdev": 0,
            "stddev": 0,
            "min": 0,
            "p10": 0,
            "p90": 0,
            "p99": 0,
            "max": 0
          },
          "frontEndTime": {
            "median": 4620,
            "mean": 4832,
            "mdev": 190.3531,
            "stddev": 330,
            "min": 4579,
            "p10": 4579,
            "p90": 5298,
            "p99": 5298,
            "max": 5298
          },
          "pageDownloadTime": {
            "median": 13,
            "mean": 14,
            "mdev": 1.0887,
            "stddev": 2,
            "min": 13,
            "p10": 13,
            "p90": 17,
            "p99": 17,
            "max": 17
          },
          "pageLoadTime": {
            "median": 5099,
            "mean": 5343,
            "mdev": 237.0759,
            "stddev": 411,
            "min": 5008,
            "p10": 5008,
            "p90": 5921,
            "p99": 5921,
            "max": 5921
          },
          "redirectionTime": {
            "median": 0,
            "mean": 0,
            "mdev": 0,
            "stddev": 0,
            "min": 0,
            "p10": 0,
            "p90": 0,
            "p99": 0,
            "max": 0
          },
          "serverConnectionTime": {
            "median": 103,
            "mean": 145,
            "mdev": 39.8729,
            "stddev": 69,
            "min": 89,
            "p10": 89,
            "p90": 242,
            "p99": 242,
            "max": 242
          },
          "serverResponseTime": {
            "median": 296,
            "mean": 298,
            "mdev": 1.3608,
            "stddev": 2,
            "min": 296,
            "p10": 296,
            "p90": 301,
            "p99": 301,
            "max": 301
          }
        },
        "rumSpeedIndex": {
          "median": 462,
          "mean": 495,
          "mdev": 47.7082,
          "stddev": 83,
          "min": 415,
          "p10": 415,
          "p90": 609,
          "p99": 609,
          "max": 609
        },
        "timeToContentfulPaint": {
          "median": 4052,
          "mean": 3923,
          "mdev": 129.2981,
          "stddev": 224,
          "min": 3608,
          "p10": 3608,
          "p90": 4109,
          "p99": 4109,
          "max": 4109
        },
        "timeToDomContentFlushed": {
          "median": 1561,
          "mean": 1768,
          "mdev": 215.054,
          "stddev": 372,
          "min": 1452,
          "p10": 1452,
          "p90": 2291,
          "p99": 2291,
          "max": 2291
        }
      }
    }
  }
]