[
  {
    "info": {
      "browsertime": {
        "version": "8.4.0"
      },
      "url": "https://www.adobe.com/",
      "timestamp": "2021-03-30T05:04:06+04:00",
      "connectivity": {
        "engine": "external",
        "profile": "native"
      },
      "extra": {}
    },
    "files": {
      "video": [],
      "screenshot": [],
      "timeline": [],
      "consoleLog": [],
      "netLog": [],
      "perfLog": []
    },
    "cdp": {
      "performance": []
    },
    "timestamps": [
      "2021-03-30T05:02:40+04:00",
      "2021-03-30T05:04:24+04:00",
      "2021-03-30T05:06:30+04:00"
    ],
    "browserScripts": [
      {
        "browser": {
          "appConstants": {
            "ACCESSIBILITY": true,
            "ANDROID_PACKAGE_NAME": "org.mozilla.firefox",
            "ASAN": false,
            "ASAN_REPORTER": false,
            "BROWSER_CHROME_URL": "chrome://browser/content/browser.xul",
            "DEBUG": false,
            "DEBUG_JS_MODULES": "",
            "DLL_PREFIX": "lib",
            "DLL_SUFFIX": ".so",
            "EARLY_BETA_OR_EARLIER": false,
            "FENNEC_NIGHTLY": false,
            "HAVE_SHELL_SERVICE": false,
            "HAVE_USR_LIB64_DIR": false,
            "MENUBAR_CAN_AUTOHIDE": false,
            "MOZILLA_OFFICIAL": true,
            "MOZ_ALLOW_LEGACY_EXTENSIONS": false,
            "MOZ_ANDROID_ACTIVITY_STREAM": false,
            "MOZ_ANDROID_HISTORY": true,
            "MOZ_ANDROID_MOZILLA_ONLINE": false,
            "MOZ_APP_NAME": "fennec",
            "MOZ_APP_VERSION": "68.1.1",
            "MOZ_APP_VERSION_DISPLAY": "68.1.1",
            "MOZ_BING_API_CLIENTID": "no-bing-api-clientid",
            "MOZ_BING_API_KEY": "no-bing-api-key",
            "MOZ_BITS_DOWNLOAD": false,
            "MOZ_BUILD_APP": "mobile/android",
            "MOZ_CODE_COVERAGE": false,
            "MOZ_CRASHREPORTER": true,
            "MOZ_DATA_REPORTING": true,
            "MOZ_DEV_EDITION": false,
            "MOZ_GECKO_PROFILER": true,
            "MOZ_GOOGLE_LOCATION_SERVICE_API_KEY": "AIzaSyB2h2OuRcUgy5N-5hsZqiPW6sH3n_rptiQ",
            "MOZ_GOOGLE_SAFEBROWSING_API_KEY": "AIzaSyC7jsptDS3am4tPx4r3nxis7IMjBc5Dovo",
            "MOZ_GRAPHENE": false,
            "MOZ_MACBUNDLE_NAME": "Firefox.app",
            "MOZ_MAINTENANCE_SERVICE": false,
            "MOZ_MOZILLA_API_KEY": "3b4d27dd-703d-4094-8398-4de2c763505a",
            "MOZ_NEW_CERT_STORAGE": false,
            "MOZ_NEW_NOTIFICATION_STORE": false,
            "MOZ_NEW_XULSTORE": false,
            "MOZ_OFFICIAL_BRANDING": false,
            "MOZ_PLACES": false,
            "MOZ_REQUIRE_SIGNING": false,
            "MOZ_SANDBOX": false,
            "MOZ_SERVICES_HEALTHREPORT": true,
            "MOZ_SERVICES_SYNC": false,
            "MOZ_SWITCHBOARD": true,
            "MOZ_SYSTEM_NSS": false,
            "MOZ_TELEMETRY_ON_BY_DEFAULT": false,
            "MOZ_TELEMETRY_REPORTING": true,
            "MOZ_UNSIGNED_SCOPES": 0,
            "MOZ_UPDATER": false,
            "MOZ_UPDATE_CHANNEL": "release",
            "MOZ_WEBRTC": true,
            "MOZ_WIDGET_GTK": false,
            "MOZ_WIDGET_TOOLKIT": "android",
            "NIGHTLY_BUILD": false,
            "OMNIJAR_NAME": "assets/omni.ja",
            "RELEASE_OR_BETA": true,
            "SOURCE_REVISION_URL": "https://hg.mozilla.org/releases/mozilla-esr68/rev/d2e0b9e17b9bc1ef02606c8006b73293f7892ad5",
            "TELEMETRY_PING_FORMAT_VERSION": 4,
            "XP_UNIX": true,
            "isPlatformAndVersionAtLeast": {},
            "isPlatformAndVersionAtMost": {},
            "platform": "android"
          },
          "asyncAppConstants": {
            "ACCESSIBILITY": true,
            "ANDROID_PACKAGE_NAME": "org.mozilla.firefox",
            "ASAN": false,
            "ASAN_REPORTER": false,
            "BROWSER_CHROME_URL": "chrome://browser/content/browser.xul",
            "DEBUG": false,
            "DEBUG_JS_MODULES": "",
            "DLL_PREFIX": "lib",
            "DLL_SUFFIX": ".so",
            "EARLY_BETA_OR_EARLIER": false,
            "FENNEC_NIGHTLY": false,
            "HAVE_SHELL_SERVICE": false,
            "HAVE_USR_LIB64_DIR": false,
            "MENUBAR_CAN_AUTOHIDE": false,
            "MOZILLA_OFFICIAL": true,
            "MOZ_ALLOW_LEGACY_EXTENSIONS": false,
            "MOZ_ANDROID_ACTIVITY_STREAM": false,
            "MOZ_ANDROID_HISTORY": true,
            "MOZ_ANDROID_MOZILLA_ONLINE": false,
            "MOZ_APP_NAME": "fennec",
            "MOZ_APP_VERSION": "68.1.1",
            "MOZ_APP_VERSION_DISPLAY": "68.1.1",
            "MOZ_BING_API_CLIENTID": "no-bing-api-clientid",
            "MOZ_BING_API_KEY": "no-bing-api-key",
            "MOZ_BITS_DOWNLOAD": false,
            "MOZ_BUILD_APP": "mobile/android",
            "MOZ_CODE_COVERAGE": false,
            "MOZ_CRASHREPORTER": true,
            "MOZ_DATA_REPORTING": true,
            "MOZ_DEV_EDITION": false,
            "MOZ_GECKO_PROFILER": true,
            "MOZ_GOOGLE_LOCATION_SERVICE_API_KEY": "AIzaSyB2h2OuRcUgy5N-5hsZqiPW6sH3n_rptiQ",
            "MOZ_GOOGLE_SAFEBROWSING_API_KEY": "AIzaSyC7jsptDS3am4tPx4r3nxis7IMjBc5Dovo",
            "MOZ_GRAPHENE": false,
            "MOZ_MACBUNDLE_NAME": "Firefox.app",
            "MOZ_MAINTENANCE_SERVICE": false,
            "MOZ_MOZILLA_API_KEY": "3b4d27dd-703d-4094-8398-4de2c763505a",
            "MOZ_NEW_CERT_STORAGE": false,
            "MOZ_NEW_NOTIFICATION_STORE": false,
            "MOZ_NEW_XULSTORE": false,
            "MOZ_OFFICIAL_BRANDING": false,
            "MOZ_PLACES": false,
            "MOZ_REQUIRE_SIGNING": false,
            "MOZ_SANDBOX": false,
            "MOZ_SERVICES_HEALTHREPORT": true,
            "MOZ_SERVICES_SYNC": false,
            "MOZ_SWITCHBOARD": true,
            "MOZ_SYSTEM_NSS": false,
            "MOZ_TELEMETRY_ON_BY_DEFAULT": false,
            "MOZ_TELEMETRY_REPORTING": true,
            "MOZ_UNSIGNED_SCOPES": 0,
            "MOZ_UPDATER": false,
            "MOZ_UPDATE_CHANNEL": "release",
            "MOZ_WEBRTC": true,
            "MOZ_WIDGET_GTK": false,
            "MOZ_WIDGET_TOOLKIT": "android",
            "NIGHTLY_BUILD": false,
            "OMNIJAR_NAME": "assets/omni.ja",
            "RELEASE_OR_BETA": true,
            "SOURCE_REVISION_URL": "https://hg.mozilla.org/releases/mozilla-esr68/rev/d2e0b9e17b9bc1ef02606c8006b73293f7892ad5",
            "TELEMETRY_PING_FORMAT_VERSION": 4,
            "XP_UNIX": true,
            "isPlatformAndVersionAtLeast": {},
            "isPlatformAndVersionAtMost": {},
            "platform": "android"
          },
          "userAgent": "Mozilla/5.0 (Android 8.1.0; Mobile; rv:68.0) Gecko/68.0 Firefox/68.0",
          "windowSize": "360x560"
        },
        "pageinfo": {
          "documentHeight": 3230,
          "documentSize": {
            "decodedBodySize": 133642,
            "encodedBodySize": 15185,
            "transferSize": 17200
          },
          "documentTitle": "Adobe: Creative, marketing and document management solutions",
          "documentWidth": 360,
          "domElements": 2018,
          "navigationStartTime": 1617066160403,
          "nextHopProtocol": "h2",
          "resources": {
            "count": 0,
            "duration": 0
          },
          "responsive": true,
          "url": "https://www.adobe.com/",
          "visualElements": {
            "heroes": [
              {
                "filename": "homepage-CC-lg-pod-tablet?$pjpeg$&jpegSize=300&wid=1536",
                "height": 249,
                "name": "LargestImage",
                "width": 360,
                "x": 0,
                "y": 60
              }
            ],
            "viewport": {
              "height": 560,
              "width": 360
            }
          }
        }
      },
      {
        "browser": {
          "appConstants": {
            "ACCESSIBILITY": true,
            "ANDROID_PACKAGE_NAME": "org.mozilla.firefox",
            "ASAN": false,
            "ASAN_REPORTER": false,
            "BROWSER_CHROME_URL": "chrome://browser/content/browser.xul",
            "DEBUG": false,
            "DEBUG_JS_MODULES": "",
            "DLL_PREFIX": "lib",
            "DLL_SUFFIX": ".so",
            "EARLY_BETA_OR_EARLIER": false,
            "FENNEC_NIGHTLY": false,
            "HAVE_SHELL_SERVICE": false,
            "HAVE_USR_LIB64_DIR": false,
            "MENUBAR_CAN_AUTOHIDE": false,
            "MOZILLA_OFFICIAL": true,
            "MOZ_ALLOW_LEGACY_EXTENSIONS": false,
            "MOZ_ANDROID_ACTIVITY_STREAM": false,
            "MOZ_ANDROID_HISTORY": true,
            "MOZ_ANDROID_MOZILLA_ONLINE": false,
            "MOZ_APP_NAME": "fennec",
            "MOZ_APP_VERSION": "68.1.1",
            "MOZ_APP_VERSION_DISPLAY": "68.1.1",
            "MOZ_BING_API_CLIENTID": "no-bing-api-clientid",
            "MOZ_BING_API_KEY": "no-bing-api-key",
            "MOZ_BITS_DOWNLOAD": false,
            "MOZ_BUILD_APP": "mobile/android",
            "MOZ_CODE_COVERAGE": false,
            "MOZ_CRASHREPORTER": true,
            "MOZ_DATA_REPORTING": true,
            "MOZ_DEV_EDITION": false,
            "MOZ_GECKO_PROFILER": true,
            "MOZ_GOOGLE_LOCATION_SERVICE_API_KEY": "AIzaSyB2h2OuRcUgy5N-5hsZqiPW6sH3n_rptiQ",
            "MOZ_GOOGLE_SAFEBROWSING_API_KEY": "AIzaSyC7jsptDS3am4tPx4r3nxis7IMjBc5Dovo",
            "MOZ_GRAPHENE": false,
            "MOZ_MACBUNDLE_NAME": "Firefox.app",
            "MOZ_MAINTENANCE_SERVICE": false,
            "MOZ_MOZILLA_API_KEY": "3b4d27dd-703d-4094-8398-4de2c763505a",
            "MOZ_NEW_CERT_STORAGE": false,
            "MOZ_NEW_NOTIFICATION_STORE": false,
            "MOZ_NEW_XULSTORE": false,
            "MOZ_OFFICIAL_BRANDING": false,
            "MOZ_PLACES": false,
            "MOZ_REQUIRE_SIGNING": false,
            "MOZ_SANDBOX": false,
            "MOZ_SERVICES_HEALTHREPORT": true,
            "MOZ_SERVICES_SYNC": false,
            "MOZ_SWITCHBOARD": true,
            "MOZ_SYSTEM_NSS": false,
            "MOZ_TELEMETRY_ON_BY_DEFAULT": false,
            "MOZ_TELEMETRY_REPORTING": true,
            "MOZ_UNSIGNED_SCOPES": 0,
            "MOZ_UPDATER": false,
            "MOZ_UPDATE_CHANNEL": "release",
            "MOZ_WEBRTC": true,
            "MOZ_WIDGET_GTK": false,
            "MOZ_WIDGET_TOOLKIT": "android",
            "NIGHTLY_BUILD": false,
            "OMNIJAR_NAME": "assets/omni.ja",
            "RELEASE_OR_BETA": true,
            "SOURCE_REVISION_URL": "https://hg.mozilla.org/releases/mozilla-esr68/rev/d2e0b9e17b9bc1ef02606c8006b73293f7892ad5",
            "TELEMETRY_PING_FORMAT_VERSION": 4,
            "XP_UNIX": true,
            "isPlatformAndVersionAtLeast": {},
            "isPlatformAndVersionAtMost": {},
            "platform": "android"
          },
          "asyncAppConstants": {
            "ACCESSIBILITY": true,
            "ANDROID_PACKAGE_NAME": "org.mozilla.firefox",
            "ASAN": false,
            "ASAN_REPORTER": false,
            "BROWSER_CHROME_URL": "chrome://browser/content/browser.xul",
            "DEBUG": false,
            "DEBUG_JS_MODULES": "",
            "DLL_PREFIX": "lib",
            "DLL_SUFFIX": ".so",
            "EARLY_BETA_OR_EARLIER": false,
            "FENNEC_NIGHTLY": false,
            "HAVE_SHELL_SERVICE": false,
            "HAVE_USR_LIB64_DIR": false,
            "MENUBAR_CAN_AUTOHIDE": false,
            "MOZILLA_OFFICIAL": true,
            "MOZ_ALLOW_LEGACY_EXTENSIONS": false,
            "MOZ_ANDROID_ACTIVITY_STREAM": false,
            "MOZ_ANDROID_HISTORY": true,
            "MOZ_ANDROID_MOZILLA_ONLINE": false,
            "MOZ_APP_NAME": "fennec",
            "MOZ_APP_VERSION": "68.1.1",
            "MOZ_APP_VERSION_DISPLAY": "68.1.1",
            "MOZ_BING_API_CLIENTID": "no-bing-api-clientid",
            "MOZ_BING_API_KEY": "no-bing-api-key",
            "MOZ_BITS_DOWNLOAD": false,
            "MOZ_BUILD_APP": "mobile/android",
            "MOZ_CODE_COVERAGE": false,
            "MOZ_CRASHREPORTER": true,
            "MOZ_DATA_REPORTING": true,
            "MOZ_DEV_EDITION": false,
            "MOZ_GECKO_PROFILER": true,
            "MOZ_GOOGLE_LOCATION_SERVICE_API_KEY": "AIzaSyB2h2OuRcUgy5N-5hsZqiPW6sH3n_rptiQ",
            "MOZ_GOOGLE_SAFEBROWSING_API_KEY": "AIzaSyC7jsptDS3am4tPx4r3nxis7IMjBc5Dovo",
            "MOZ_GRAPHENE": false,
            "MOZ_MACBUNDLE_NAME": "Firefox.app",
            "MOZ_MAINTENANCE_SERVICE": false,
            "MOZ_MOZILLA_API_KEY": "3b4d27dd-703d-4094-8398-4de2c763505a",
            "MOZ_NEW_CERT_STORAGE": false,
            "MOZ_NEW_NOTIFICATION_STORE": false,
            "MOZ_NEW_XULSTORE": false,
            "MOZ_OFFICIAL_BRANDING": false,
            "MOZ_PLACES": false,
            "MOZ_REQUIRE_SIGNING": false,
            "MOZ_SANDBOX": false,
            "MOZ_SERVICES_HEALTHREPORT": true,
            "MOZ_SERVICES_SYNC": false,
            "MOZ_SWITCHBOARD": true,
            "MOZ_SYSTEM_NSS": false,
            "MOZ_TELEMETRY_ON_BY_DEFAULT": false,
            "MOZ_TELEMETRY_REPORTING": true,
            "MOZ_UNSIGNED_SCOPES": 0,
            "MOZ_UPDATER": false,
            "MOZ_UPDATE_CHANNEL": "release",
            "MOZ_WEBRTC": true,
            "MOZ_WIDGET_GTK": false,
            "MOZ_WIDGET_TOOLKIT": "android",
            "NIGHTLY_BUILD": false,
            "OMNIJAR_NAME": "assets/omni.ja",
            "RELEASE_OR_BETA": true,
            "SOURCE_REVISION_URL": "https://hg.mozilla.org/releases/mozilla-esr68/rev/d2e0b9e17b9bc1ef02606c8006b73293f7892ad5",
            "TELEMETRY_PING_FORMAT_VERSION": 4,
            "XP_UNIX": true,
            "isPlatformAndVersionAtLeast": {},
            "isPlatformAndVersionAtMost": {},
            "platform": "android"
          },
          "userAgent": "Mozilla/5.0 (Android 8.1.0; Mobile; rv:68.0) Gecko/68.0 Firefox/68.0",
          "windowSize": "360x560"
        },
        "pageinfo": {
          "documentHeight": 3230,
          "documentSize": {
            "decodedBodySize": 132625,
            "encodedBodySize": 14681,
            "transferSize": 16690
          },
          "documentTitle": "Adobe: Creative, marketing and document management solutions",
          "documentWidth": 360,
          "domElements": 2010,
          "navigationStartTime": 1617066264437,
          "nextHopProtocol": "h2",
          "resources": {
            "count": 0,
            "duration": 0
          },
          "responsive": true,
          "url": "https://www.adobe.com/",
          "visualElements": {
            "heroes": [
              {
                "filename": "homepage-CC-lg-pod-tablet?$pjpeg$&jpegSize=300&wid=1536",
                "height": 249,
                "name": "LargestImage",
                "width": 360,
                "x": 0,
                "y": 60
              }
            ],
            "viewport": {
              "height": 560,
              "width": 360
            }
          }
        }
      },
      {
        "browser": {
          "appConstants": {
            "ACCESSIBILITY": true,
            "ANDROID_PACKAGE_NAME": "org.mozilla.firefox",
            "ASAN": false,
            "ASAN_REPORTER": false,
            "BROWSER_CHROME_URL": "chrome://browser/content/browser.xul",
            "DEBUG": false,
            "DEBUG_JS_MODULES": "",
            "DLL_PREFIX": "lib",
            "DLL_SUFFIX": ".so",
            "EARLY_BETA_OR_EARLIER": false,
            "FENNEC_NIGHTLY": false,
            "HAVE_SHELL_SERVICE": false,
            "HAVE_USR_LIB64_DIR": false,
            "MENUBAR_CAN_AUTOHIDE": false,
            "MOZILLA_OFFICIAL": true,
            "MOZ_ALLOW_LEGACY_EXTENSIONS": false,
            "MOZ_ANDROID_ACTIVITY_STREAM": false,
            "MOZ_ANDROID_HISTORY": true,
            "MOZ_ANDROID_MOZILLA_ONLINE": false,
            "MOZ_APP_NAME": "fennec",
            "MOZ_APP_VERSION": "68.1.1",
            "MOZ_APP_VERSION_DISPLAY": "68.1.1",
            "MOZ_BING_API_CLIENTID": "no-bing-api-clientid",
            "MOZ_BING_API_KEY": "no-bing-api-key",
            "MOZ_BITS_DOWNLOAD": false,
            "MOZ_BUILD_APP": "mobile/android",
            "MOZ_CODE_COVERAGE": false,
            "MOZ_CRASHREPORTER": true,
            "MOZ_DATA_REPORTING": true,
            "MOZ_DEV_EDITION": false,
            "MOZ_GECKO_PROFILER": true,
            "MOZ_GOOGLE_LOCATION_SERVICE_API_KEY": "AIzaSyB2h2OuRcUgy5N-5hsZqiPW6sH3n_rptiQ",
            "MOZ_GOOGLE_SAFEBROWSING_API_KEY": "AIzaSyC7jsptDS3am4tPx4r3nxis7IMjBc5Dovo",
            "MOZ_GRAPHENE": false,
            "MOZ_MACBUNDLE_NAME": "Firefox.app",
            "MOZ_MAINTENANCE_SERVICE": false,
            "MOZ_MOZILLA_API_KEY": "3b4d27dd-703d-4094-8398-4de2c763505a",
            "MOZ_NEW_CERT_STORAGE": false,
            "MOZ_NEW_NOTIFICATION_STORE": false,
            "MOZ_NEW_XULSTORE": false,
            "MOZ_OFFICIAL_BRANDING": false,
            "MOZ_PLACES": false,
            "MOZ_REQUIRE_SIGNING": false,
            "MOZ_SANDBOX": false,
            "MOZ_SERVICES_HEALTHREPORT": true,
            "MOZ_SERVICES_SYNC": false,
            "MOZ_SWITCHBOARD": true,
            "MOZ_SYSTEM_NSS": false,
            "MOZ_TELEMETRY_ON_BY_DEFAULT": false,
            "MOZ_TELEMETRY_REPORTING": true,
            "MOZ_UNSIGNED_SCOPES": 0,
            "MOZ_UPDATER": false,
            "MOZ_UPDATE_CHANNEL": "release",
            "MOZ_WEBRTC": true,
            "MOZ_WIDGET_GTK": false,
            "MOZ_WIDGET_TOOLKIT": "android",
            "NIGHTLY_BUILD": false,
            "OMNIJAR_NAME": "assets/omni.ja",
            "RELEASE_OR_BETA": true,
            "SOURCE_REVISION_URL": "https://hg.mozilla.org/releases/mozilla-esr68/rev/d2e0b9e17b9bc1ef02606c8006b73293f7892ad5",
            "TELEMETRY_PING_FORMAT_VERSION": 4,
            "XP_UNIX": true,
            "isPlatformAndVersionAtLeast": {},
            "isPlatformAndVersionAtMost": {},
            "platform": "android"
          },
          "asyncAppConstants": {
            "ACCESSIBILITY": true,
            "ANDROID_PACKAGE_NAME": "org.mozilla.firefox",
            "ASAN": false,
            "ASAN_REPORTER": false,
            "BROWSER_CHROME_URL": "chrome://browser/content/browser.xul",
            "DEBUG": false,
            "DEBUG_JS_MODULES": "",
            "DLL_PREFIX": "lib",
            "DLL_SUFFIX": ".so",
            "EARLY_BETA_OR_EARLIER": false,
            "FENNEC_NIGHTLY": false,
            "HAVE_SHELL_SERVICE": false,
            "HAVE_USR_LIB64_DIR": false,
            "MENUBAR_CAN_AUTOHIDE": false,
            "MOZILLA_OFFICIAL": true,
            "MOZ_ALLOW_LEGACY_EXTENSIONS": false,
            "MOZ_ANDROID_ACTIVITY_STREAM": false,
            "MOZ_ANDROID_HISTORY": true,
            "MOZ_ANDROID_MOZILLA_ONLINE": false,
            "MOZ_APP_NAME": "fennec",
            "MOZ_APP_VERSION": "68.1.1",
            "MOZ_APP_VERSION_DISPLAY": "68.1.1",
            "MOZ_BING_API_CLIENTID": "no-bing-api-clientid",
            "MOZ_BING_API_KEY": "no-bing-api-key",
            "MOZ_BITS_DOWNLOAD": false,
            "MOZ_BUILD_APP": "mobile/android",
            "MOZ_CODE_COVERAGE": false,
            "MOZ_CRASHREPORTER": true,
            "MOZ_DATA_REPORTING": true,
            "MOZ_DEV_EDITION": false,
            "MOZ_GECKO_PROFILER": true,
            "MOZ_GOOGLE_LOCATION_SERVICE_API_KEY": "AIzaSyB2h2OuRcUgy5N-5hsZqiPW6sH3n_rptiQ",
            "MOZ_GOOGLE_SAFEBROWSING_API_KEY": "AIzaSyC7jsptDS3am4tPx4r3nxis7IMjBc5Dovo",
            "MOZ_GRAPHENE": false,
            "MOZ_MACBUNDLE_NAME": "Firefox.app",
            "MOZ_MAINTENANCE_SERVICE": false,
            "MOZ_MOZILLA_API_KEY": "3b4d27dd-703d-4094-8398-4de2c763505a",
            "MOZ_NEW_CERT_STORAGE": false,
            "MOZ_NEW_NOTIFICATION_STORE": false,
            "MOZ_NEW_XULSTORE": false,
            "MOZ_OFFICIAL_BRANDING": false,
            "MOZ_PLACES": false,
            "MOZ_REQUIRE_SIGNING": false,
            "MOZ_SANDBOX": false,
            "MOZ_SERVICES_HEALTHREPORT": true,
            "MOZ_SERVICES_SYNC": false,
            "MOZ_SWITCHBOARD": true,
            "MOZ_SYSTEM_NSS": false,
            "MOZ_TELEMETRY_ON_BY_DEFAULT": false,
            "MOZ_TELEMETRY_REPORTING": true,
            "MOZ_UNSIGNED_SCOPES": 0,
            "MOZ_UPDATER": false,
            "MOZ_UPDATE_CHANNEL": "release",
            "MOZ_WEBRTC": true,
            "MOZ_WIDGET_GTK": false,
            "MOZ_WIDGET_TOOLKIT": "android",
            "NIGHTLY_BUILD": false,
            "OMNIJAR_NAME": "assets/omni.ja",
            "RELEASE_OR_BETA": true,
            "SOURCE_REVISION_URL": "https://hg.mozilla.org/releases/mozilla-esr68/rev/d2e0b9e17b9bc1ef02606c8006b73293f7892ad5",
            "TELEMETRY_PING_FORMAT_VERSION": 4,
            "XP_UNIX": true,
            "isPlatformAndVersionAtLeast": {},
            "isPlatformAndVersionAtMost": {},
            "platform": "android"
          },
          "userAgent": "Mozilla/5.0 (Android 8.1.0; Mobile; rv:68.0) Gecko/68.0 Firefox/68.0",
          "windowSize": "360x560"
        },
        "pageinfo": {
          "documentHeight": 3230,
          "documentSize": {
            "decodedBodySize": 132625,
            "encodedBodySize": 14681,
            "transferSize": 16690
          },
          "documentTitle": "Adobe: Creative, marketing and document management solutions",
          "documentWidth": 360,
          "domElements": 2017,
          "navigationStartTime": 1617066390654,
          "nextHopProtocol": "h2",
          "resources": {
            "count": 0,
            "duration": 0
          },
          "responsive": true,
          "url": "https://www.adobe.com/",
          "visualElements": {
            "heroes": [
              {
                "filename": "homepage-CC-lg-pod-tablet?$pjpeg$&jpegSize=300&wid=1536",
                "height": 249,
                "name": "LargestImage",
                "width": 360,
                "x": 0,
                "y": 60
              }
            ],
            "viewport": {
              "height": 560,
              "width": 360
            }
          }
        },
        "timings": {
          "firstPaint": 3293,
          "loadEventEnd": 30190,
          "navigationTiming": {
            "connectStart": 299,
            "domComplete": 30056,
            "domContentLoadedEventEnd": 3566,
            "domContentLoadedEventStart": 3539,
            "domInteractive": 1854,
            "domainLookupEnd": 299,
            "domainLookupStart": 299,
            "duration": 30190,
            "fetchStart": 17,
            "loadEventEnd": 30190,
            "loadEventStart": 30056,
            "redirectEnd": 0,
            "redirectStart": 0,
            "requestStart": 388,
            "responseEnd": 523,
            "responseStart": 522,
            "secureConnectionStart": 313,
            "startTime": 0,
            "unloadEventEnd": 0,
            "unloadEventStart": 0,
            "workerStart": 0
          },
          "pageTimings": {
            "backEndTime": 522,
            "domContentLoadedTime": 3539,
            "domInteractiveTime": 1854,
            "domainLookupTime": 0,
            "frontEndTime": 29533,
            "pageDownloadTime": 1,
            "pageLoadTime": 30056,
            "redirectionTime": 0,
            "serverConnectionTime": 87,
            "serverResponseTime": 135
          },
          "rumSpeedIndex": 522,
          "timeToContentfulPaint": 3542,
          "timeToDomContentFlushed": 3194,
          "userTimings": {
            "marks": [
              {
                "name": "snaptr",
                "startTime": 45621.18
              }
            ],
            "measures": []
          }
        }
      }
    ],
    "visualMetrics": [],
    "cpu": [],
    "extras": [
      {},
      {},
      {}
    ],
    "fullyLoaded": [],
    "errors": [
      [],
      [],
      []
    ],
    "statistics": {
      "browser": {
        "appConstants": {
          "MOZ_UNSIGNED_SCOPES": {
            "median": 0,
            "mean": 0,
            "mdev": 0,
            "stddev": 0,
            "min": 0,
            "p10": 0,
            "p90": 0,
            "p99": 0,
            "max": 0
          },
          "TELEMETRY_PING_FORMAT_VERSION": {
            "median": 4,
            "mean": 4,
            "mdev": 0,
            "stddev": 0,
            "min": 4,
            "p10": 4,
            "p90": 4,
            "p99": 4,
            "max": 4
          }
        },
        "asyncAppConstants": {
          "MOZ_UNSIGNED_SCOPES": {
            "median": 0,
            "mean": 0,
            "mdev": 0,
            "stddev": 0,
            "min": 0,
            "p10": 0,
            "p90": 0,
            "p99": 0,
            "max": 0
          },
          "TELEMETRY_PING_FORMAT_VERSION": {
            "median": 4,
            "mean": 4,
            "mdev": 0,
            "stddev": 0,
            "min": 4,
            "p10": 4,
            "p90": 4,
            "p99": 4,
            "max": 4
          }
        }
      },
      "pageinfo": {
        "documentHeight": {
          "median": 3230,
          "mean": 3230,
          "mdev": 0,
          "stddev": 0,
          "min": 3230,
          "p10": 3230,
          "p90": 3230,
          "p99": 3230,
          "max": 3230
        },
        "documentSize": {
          "decodedBodySize": {
            "median": 132625,
            "mean": 132964,
            "mdev": 276.7923,
            "stddev": 479,
            "min": 132625,
            "p10": 132625,
            "p90": 133642,
            "p99": 133642,
            "max": 133642
          },
          "encodedBodySize": {
            "median": 14681,
            "mean": 14849,
            "mdev": 137.1714,
            "stddev": 238,
            "min": 14681,
            "p10": 14681,
            "p90": 15185,
            "p99": 15185,
            "max": 15185
          },
          "transferSize": {
            "median": 16690,
            "mean": 16860,
            "mdev": 138.8044,
            "stddev": 240,
            "min": 16690,
            "p10": 16690,
            "p90": 17200,
            "p99": 17200,
            "max": 17200
          }
        },
        "documentWidth": {
          "median": 360,
          "mean": 360,
          "mdev": 0,
          "stddev": 0,
          "min": 360,
          "p10": 360,
          "p90": 360,
          "p99": 360,
          "max": 360
        },
        "domElements": {
          "median": 2017,
          "mean": 2015,
          "mdev": 2.0548,
          "stddev": 4,
          "min": 2010,
          "p10": 2010,
          "p90": 2018,
          "p99": 2018,
          "max": 2018
        },
        "navigationStartTime": {
          "median": 1617066264437,
          "mean": 1617066271831,
          "mdev": 53509.9199,
          "stddev": 92682,
          "min": 1617066160403,
          "p10": 1617066160403,
          "p90": 1617066390654,
          "p99": 1617066390654,
          "max": 1617066390654
        },
        "resources": {
          "count": {
            "median": 0,
            "mean": 0,
            "mdev": 0,
            "stddev": 0,
            "min": 0,
            "p10": 0,
            "p90": 0,
            "p99": 0,
            "max": 0
          },
          "duration": {
            "median": 0,
            "mean": 0,
            "mdev": 0,
            "stddev": 0,
            "min": 0,
            "p10": 0,
            "p90": 0,
            "p99": 0,
            "max": 0
          }
        },
        "visualElements": {
          "heroes": [
            {
              "height": {
                "median": 249,
                "mean": 249,
                "mdev": 0,
                "stddev": 0,
                "min": 249,
                "p10": 249,
                "p90": 249,
                "p99": 249,
                "max": 249
              },
              "width": {
                "median": 360,
                "mean": 360,
                "mdev": 0,
                "stddev": 0,
                "min": 360,
                "p10": 360,
                "p90": 360,
                "p99": 360,
                "max": 360
              },
              "x": {
                "median": 0,
                "mean": 0,
                "mdev": 0,
                "stddev": 0,
                "min": 0,
                "p10": 0,
                "p90": 0,
                "p99": 0,
                "max": 0
              },
              "y": {
                "median": 60,
                "mean": 60,
                "mdev": 0,
                "stddev": 0,
                "min": 60,
                "p10": 60,
                "p90": 60,
                "p99": 60,
                "max": 60
              }
            }
          ],
          "viewport": {
            "height": {
              "median": 560,
              "mean": 560,
              "mdev": 0,
              "stddev": 0,
              "min": 560,
              "p10": 560,
              "p90": 560,
              "p99": 560,
              "max": 560
            },
            "width": {
              "median": 360,
              "mean": 360,
              "mdev": 0,
              "stddev": 0,
              "min": 360,
              "p10": 360,
              "p90": 360,
              "p99": 360,
              "max": 360
            }
          }
        }
      },
      "timings": {
        "firstPaint": {
          "median": 3293,
          "mean": 3293,
          "mdev": 0,
          "stddev": 0,
          "min": 3293,
          "p10": 3293,
          "p90": 3293,
          "p99": 3293,
          "max": 3293
        },
        "loadEventEnd": {
          "median": 30190,
          "mean": 30190,
          "mdev": 0,
          "stddev": 0,
          "min": 30190,
          "p10": 30190,
          "p90": 30190,
          "p99": 30190,
          "max": 30190
        },
        "navigationTiming": {
          "connectStart": {
            "median": 299,
            "mean": 299,
            "mdev": 0,
            "stddev": 0,
            "min": 299,
            "p10": 299,
            "p90": 299,
            "p99": 299,
            "max": 299
          },
          "domComplete": {
            "median": 30056,
            "mean": 30056,
            "mdev": 0,
            "stddev": 0,
            "min": 30056,
            "p10": 30056,
            "p90": 30056,
            "p99": 30056,
            "max": 30056
          },
          "domContentLoadedEventEnd": {
            "median": 3566,
            "mean": 3566,
            "mdev": 0,
            "stddev": 0,
            "min": 3566,
            "p10": 3566,
            "p90": 3566,
            "p99": 3566,
            "max": 3566
          },
          "domContentLoadedEventStart": {
            "median": 3539,
            "mean": 3539,
            "mdev": 0,
            "stddev": 0,
            "min": 3539,
            "p10": 3539,
            "p90": 3539,
            "p99": 3539,
            "max": 3539
          },
          "domInteractive": {
            "median": 1854,
            "mean": 1854,
            "mdev": 0,
            "stddev": 0,
            "min": 1854,
            "p10": 1854,
            "p90": 1854,
            "p99": 1854,
            "max": 1854
          },
          "domainLookupEnd": {
            "median": 299,
            "mean": 299,
            "mdev": 0,
            "stddev": 0,
            "min": 299,
            "p10": 299,
            "p90": 299,
            "p99": 299,
            "max": 299
          },
          "domainLookupStart": {
            "median": 299,
            "mean": 299,
            "mdev": 0,
            "stddev": 0,
            "min": 299,
            "p10": 299,
            "p90": 299,
            "p99": 299,
            "max": 299
          },
          "duration": {
            "median": 30190,
            "mean": 30190,
            "mdev": 0,
            "stddev": 0,
            "min": 30190,
            "p10": 30190,
            "p90": 30190,
            "p99": 30190,
            "max": 30190
          },
          "fetchStart": {
            "median": 17,
            "mean": 17,
            "mdev": 0,
            "stddev": 0,
            "min": 17,
            "p10": 17,
            "p90": 17,
            "p99": 17,
            "max": 17
          },
          "loadEventEnd": {
            "median": 30190,
            "mean": 30190,
            "mdev": 0,
            "stddev": 0,
            "min": 30190,
            "p10": 30190,
            "p90": 30190,
            "p99": 30190,
            "max": 30190
          },
          "loadEventStart": {
            "median": 30056,
            "mean": 30056,
            "mdev": 0,
            "stddev": 0,
            "min": 30056,
            "p10": 30056,
            "p90": 30056,
            "p99": 30056,
            "max": 30056
          },
          "redirectEnd": {
            "median": 0,
            "mean": 0,
            "mdev": 0,
            "stddev": 0,
            "min": 0,
            "p10": 0,
            "p90": 0,
            "p99": 0,
            "max": 0
          },
          "redirectStart": {
            "median": 0,
            "mean": 0,
            "mdev": 0,
            "stddev": 0,
            "min": 0,
            "p10": 0,
            "p90": 0,
            "p99": 0,
            "max": 0
          },
          "requestStart": {
            "median": 388,
            "mean": 388,
            "mdev": 0,
            "stddev": 0,
            "min": 388,
            "p10": 388,
            "p90": 388,
            "p99": 388,
            "max": 388
          },
          "responseEnd": {
            "median": 523,
            "mean": 523,
            "mdev": 0,
            "stddev": 0,
            "min": 523,
            "p10": 523,
            "p90": 523,
            "p99": 523,
            "max": 523
          },
          "responseStart": {
            "median": 522,
            "mean": 522,
            "mdev": 0,
            "stddev": 0,
            "min": 522,
            "p10": 522,
            "p90": 522,
            "p99": 522,
            "max": 522
          },
          "secureConnectionStart": {
            "median": 313,
            "mean": 313,
            "mdev": 0,
            "stddev": 0,
            "min": 313,
            "p10": 313,
            "p90": 313,
            "p99": 313,
            "max": 313
          },
          "startTime": {
            "median": 0,
            "mean": 0,
            "mdev": 0,
            "stddev": 0,
            "min": 0,
            "p10": 0,
            "p90": 0,
            "p99": 0,
            "max": 0
          },
          "unloadEventEnd": {
            "median": 0,
            "mean": 0,
            "mdev": 0,
            "stddev": 0,
            "min": 0,
            "p10": 0,
            "p90": 0,
            "p99": 0,
            "max": 0
          },
          "unloadEventStart": {
            "median": 0,
            "mean": 0,
            "mdev": 0,
            "stddev": 0,
            "min": 0,
            "p10": 0,
            "p90": 0,
            "p99": 0,
            "max": 0
          },
          "workerStart": {
            "median": 0,
            "mean": 0,
            "mdev": 0,
            "stddev": 0,
            "min": 0,
            "p10": 0,
            "p90": 0,
            "p99": 0,
            "max": 0
          }
        },
        "pageTimings": {
          "backEndTime": {
            "median": 522,
            "mean": 522,
            "mdev": 0,
            "stddev": 0,
            "min": 522,
            "p10": 522,
            "p90": 522,
            "p99": 522,
            "max": 522
          },
          "domContentLoadedTime": {
            "median": 3539,
            "mean": 3539,
            "mdev": 0,
            "stddev": 0,
            "min": 3539,
            "p10": 3539,
            "p90": 3539,
            "p99": 3539,
            "max": 3539
          },
          "domInteractiveTime": {
            "median": 1854,
            "mean": 1854,
            "mdev": 0,
            "stddev": 0,
            "min": 1854,
            "p10": 1854,
            "p90": 1854,
            "p99": 1854,
            "max": 1854
          },
          "domainLookupTime": {
            "median": 0,
            "mean": 0,
            "mdev": 0,
            "stddev": 0,
            "min": 0,
            "p10": 0,
            "p90": 0,
            "p99": 0,
            "max": 0
          },
          "frontEndTime": {
            "median": 29533,
            "mean": 29533,
            "mdev": 0,
            "stddev": 0,
            "min": 29533,
            "p10": 29533,
            "p90": 29533,
            "p99": 29533,
            "max": 29533
          },
          "pageDownloadTime": {
            "median": 1,
            "mean": 1,
            "mdev": 0,
            "stddev": 0,
            "min": 1,
            "p10": 1,
            "p90": 1,
            "p99": 1,
            "max": 1
          },
          "pageLoadTime": {
            "median": 30056,
            "mean": 30056,
            "mdev": 0,
            "stddev": 0,
            "min": 30056,
            "p10": 30056,
            "p90": 30056,
            "p99": 30056,
            "max": 30056
          },
          "redirectionTime": {
            "median": 0,
            "mean": 0,
            "mdev": 0,
            "stddev": 0,
            "min": 0,
            "p10": 0,
            "p90": 0,
            "p99": 0,
            "max": 0
          },
          "serverConnectionTime": {
            "median": 87,
            "mean": 87,
            "mdev": 0,
            "stddev": 0,
            "min": 87,
            "p10": 87,
            "p90": 87,
            "p99": 87,
            "max": 87
          },
          "serverResponseTime": {
            "median": 135,
            "mean": 135,
            "mdev": 0,
            "stddev": 0,
            "min": 135,
            "p10": 135,
            "p90": 135,
            "p99": 135,
            "max": 135
          }
        },
        "rumSpeedIndex": {
          "median": 522,
          "mean": 522,
          "mdev": 0,
          "stddev": 0,
          "min": 522,
          "p10": 522,
          "p90": 522,
          "p99": 522,
          "max": 522
        },
        "timeToContentfulPaint": {
          "median": 3542,
          "mean": 3542,
          "mdev": 0,
          "stddev": 0,
          "min": 3542,
          "p10": 3542,
          "p90": 3542,
          "p99": 3542,
          "max": 3542
        },
        "timeToDomContentFlushed": {
          "median": 3194,
          "mean": 3194,
          "mdev": 0,
          "stddev": 0,
          "min": 3194,
          "p10": 3194,
          "p90": 3194,
          "p99": 3194,
          "max": 3194
        },
        "userTimings": {
          "marks": {
            "snaptr": {
              "median": 45621,
              "mean": 45621,
              "mdev": 0,
              "stddev": 0,
              "min": 45621,
              "p10": 45621,
              "p90": 45621,
              "p99": 45621,
              "max": 45621
            }
          }
        }
      }
    }
  },
  {
    "info": {
      "browsertime": {
        "version": "8.4.0"
      },
      "url": "https://google.com",
      "timestamp": "2021-03-30T05:04:06+04:00",
      "connectivity": {
        "engine": "external",
        "profile": "native"
      },
      "extra": {}
    },
    "files": {
      "video": [],
      "screenshot": [],
      "timeline": [],
      "consoleLog": [],
      "netLog": [],
      "perfLog": []
    },
    "cdp": {
      "performance": []
    },
    "timestamps": [
      "2021-03-30T05:04:06+04:00",
      "2021-03-30T05:06:13+04:00",
      "2021-03-30T05:08:07+04:00"
    ],
    "browserScripts": [
      {
        "browser": {
          "appConstants": {
            "ACCESSIBILITY": true,
            "ANDROID_PACKAGE_NAME": "org.mozilla.firefox",
            "ASAN": false,
            "ASAN_REPORTER": false,
            "BROWSER_CHROME_URL": "chrome://browser/content/browser.xul",
            "DEBUG": false,
            "DEBUG_JS_MODULES": "",
            "DLL_PREFIX": "lib",
            "DLL_SUFFIX": ".so",
            "EARLY_BETA_OR_EARLIER": false,
            "FENNEC_NIGHTLY": false,
            "HAVE_SHELL_SERVICE": false,
            "HAVE_USR_LIB64_DIR": false,
            "MENUBAR_CAN_AUTOHIDE": false,
            "MOZILLA_OFFICIAL": true,
            "MOZ_ALLOW_LEGACY_EXTENSIONS": false,
            "MOZ_ANDROID_ACTIVITY_STREAM": false,
            "MOZ_ANDROID_HISTORY": true,
            "MOZ_ANDROID_MOZILLA_ONLINE": false,
            "MOZ_APP_NAME": "fennec",
            "MOZ_APP_VERSION": "68.1.1",
            "MOZ_APP_VERSION_DISPLAY": "68.1.1",
            "MOZ_BING_API_CLIENTID": "no-bing-api-clientid",
            "MOZ_BING_API_KEY": "no-bing-api-key",
            "MOZ_BITS_DOWNLOAD": false,
            "MOZ_BUILD_APP": "mobile/android",
            "MOZ_CODE_COVERAGE": false,
            "MOZ_CRASHREPORTER": true,
            "MOZ_DATA_REPORTING": true,
            "MOZ_DEV_EDITION": false,
            "MOZ_GECKO_PROFILER": true,
            "MOZ_GOOGLE_LOCATION_SERVICE_API_KEY": "AIzaSyB2h2OuRcUgy5N-5hsZqiPW6sH3n_rptiQ",
            "MOZ_GOOGLE_SAFEBROWSING_API_KEY": "AIzaSyC7jsptDS3am4tPx4r3nxis7IMjBc5Dovo",
            "MOZ_GRAPHENE": false,
            "MOZ_MACBUNDLE_NAME": "Firefox.app",
            "MOZ_MAINTENANCE_SERVICE": false,
            "MOZ_MOZILLA_API_KEY": "3b4d27dd-703d-4094-8398-4de2c763505a",
            "MOZ_NEW_CERT_STORAGE": false,
            "MOZ_NEW_NOTIFICATION_STORE": false,
            "MOZ_NEW_XULSTORE": false,
            "MOZ_OFFICIAL_BRANDING": false,
            "MOZ_PLACES": false,
            "MOZ_REQUIRE_SIGNING": false,
            "MOZ_SANDBOX": false,
            "MOZ_SERVICES_HEALTHREPORT": true,
            "MOZ_SERVICES_SYNC": false,
            "MOZ_SWITCHBOARD": true,
            "MOZ_SYSTEM_NSS": false,
            "MOZ_TELEMETRY_ON_BY_DEFAULT": false,
            "MOZ_TELEMETRY_REPORTING": true,
            "MOZ_UNSIGNED_SCOPES": 0,
            "MOZ_UPDATER": false,
            "MOZ_UPDATE_CHANNEL": "release",
            "MOZ_WEBRTC": true,
            "MOZ_WIDGET_GTK": false,
            "MOZ_WIDGET_TOOLKIT": "android",
            "NIGHTLY_BUILD": false,
            "OMNIJAR_NAME": "assets/omni.ja",
            "RELEASE_OR_BETA": true,
            "SOURCE_REVISION_URL": "https://hg.mozilla.org/releases/mozilla-esr68/rev/d2e0b9e17b9bc1ef02606c8006b73293f7892ad5",
            "TELEMETRY_PING_FORMAT_VERSION": 4,
            "XP_UNIX": true,
            "isPlatformAndVersionAtLeast": {},
            "isPlatformAndVersionAtMost": {},
            "platform": "android"
          },
          "asyncAppConstants": {
            "ACCESSIBILITY": true,
            "ANDROID_PACKAGE_NAME": "org.mozilla.firefox",
            "ASAN": false,
            "ASAN_REPORTER": false,
            "BROWSER_CHROME_URL": "chrome://browser/content/browser.xul",
            "DEBUG": false,
            "DEBUG_JS_MODULES": "",
            "DLL_PREFIX": "lib",
            "DLL_SUFFIX": ".so",
            "EARLY_BETA_OR_EARLIER": false,
            "FENNEC_NIGHTLY": false,
            "HAVE_SHELL_SERVICE": false,
            "HAVE_USR_LIB64_DIR": false,
            "MENUBAR_CAN_AUTOHIDE": false,
            "MOZILLA_OFFICIAL": true,
            "MOZ_ALLOW_LEGACY_EXTENSIONS": false,
            "MOZ_ANDROID_ACTIVITY_STREAM": false,
            "MOZ_ANDROID_HISTORY": true,
            "MOZ_ANDROID_MOZILLA_ONLINE": false,
            "MOZ_APP_NAME": "fennec",
            "MOZ_APP_VERSION": "68.1.1",
            "MOZ_APP_VERSION_DISPLAY": "68.1.1",
            "MOZ_BING_API_CLIENTID": "no-bing-api-clientid",
            "MOZ_BING_API_KEY": "no-bing-api-key",
            "MOZ_BITS_DOWNLOAD": false,
            "MOZ_BUILD_APP": "mobile/android",
            "MOZ_CODE_COVERAGE": false,
            "MOZ_CRASHREPORTER": true,
            "MOZ_DATA_REPORTING": true,
            "MOZ_DEV_EDITION": false,
            "MOZ_GECKO_PROFILER": true,
            "MOZ_GOOGLE_LOCATION_SERVICE_API_KEY": "AIzaSyB2h2OuRcUgy5N-5hsZqiPW6sH3n_rptiQ",
            "MOZ_GOOGLE_SAFEBROWSING_API_KEY": "AIzaSyC7jsptDS3am4tPx4r3nxis7IMjBc5Dovo",
            "MOZ_GRAPHENE": false,
            "MOZ_MACBUNDLE_NAME": "Firefox.app",
            "MOZ_MAINTENANCE_SERVICE": false,
            "MOZ_MOZILLA_API_KEY": "3b4d27dd-703d-4094-8398-4de2c763505a",
            "MOZ_NEW_CERT_STORAGE": false,
            "MOZ_NEW_NOTIFICATION_STORE": false,
            "MOZ_NEW_XULSTORE": false,
            "MOZ_OFFICIAL_BRANDING": false,
            "MOZ_PLACES": false,
            "MOZ_REQUIRE_SIGNING": false,
            "MOZ_SANDBOX": false,
            "MOZ_SERVICES_HEALTHREPORT": true,
            "MOZ_SERVICES_SYNC": false,
            "MOZ_SWITCHBOARD": true,
            "MOZ_SYSTEM_NSS": false,
            "MOZ_TELEMETRY_ON_BY_DEFAULT": false,
            "MOZ_TELEMETRY_REPORTING": true,
            "MOZ_UNSIGNED_SCOPES": 0,
            "MOZ_UPDATER": false,
            "MOZ_UPDATE_CHANNEL": "release",
            "MOZ_WEBRTC": true,
            "MOZ_WIDGET_GTK": false,
            "MOZ_WIDGET_TOOLKIT": "android",
            "NIGHTLY_BUILD": false,
            "OMNIJAR_NAME": "assets/omni.ja",
            "RELEASE_OR_BETA": true,
            "SOURCE_REVISION_URL": "https://hg.mozilla.org/releases/mozilla-esr68/rev/d2e0b9e17b9bc1ef02606c8006b73293f7892ad5",
            "TELEMETRY_PING_FORMAT_VERSION": 4,
            "XP_UNIX": true,
            "isPlatformAndVersionAtLeast": {},
            "isPlatformAndVersionAtMost": {},
            "platform": "android"
          },
          "userAgent": "Mozilla/5.0 (Android 8.1.0; Mobile; rv:68.0) Gecko/68.0 Firefox/68.0",
          "windowSize": "360x560"
        },
        "pageinfo": {
          "documentHeight": 641,
          "documentSize": {
            "decodedBodySize": 18249,
            "encodedBodySize": 7308,
            "transferSize": 8258
          },
          "documentTitle": "Google",
          "documentWidth": 360,
          "domElements": 70,
          "navigationStartTime": 1617066488740,
          "nextHopProtocol": "h2",
          "resources": {
            "count": 0,
            "duration": 0
          },
          "responsive": true,
          "url": "https://www.google.com/#spf=1617066488742",
          "visualElements": {
            "heroes": [
              {
                "filename": "googlelogo_tablet_tier1_hp_color_183x64dp.png",
                "height": 64,
                "name": "LargestImage",
                "width": 183,
                "x": 89,
                "y": 80
              }
            ],
            "viewport": {
              "height": 560,
              "width": 360
            }
          }
        },
        "timings": {
          "firstPaint": 3743,
          "loadEventEnd": 6712,
          "navigationTiming": {
            "connectStart": 2649,
            "domComplete": 6711,
            "domContentLoadedEventEnd": 3817,
            "domContentLoadedEventStart": 3790,
            "domInteractive": 3600,
            "domainLookupEnd": 2648,
            "domainLookupStart": 2648,
            "duration": 6712,
            "fetchStart": 2202,
            "loadEventEnd": 6712,
            "loadEventStart": 6711,
            "redirectEnd": 2076,
            "redirectStart": 828,
            "requestStart": 2854,
            "responseEnd": 3024,
            "responseStart": 3021,
            "secureConnectionStart": 2661,
            "startTime": 0,
            "unloadEventEnd": 0,
            "unloadEventStart": 0,
            "workerStart": 0
          },
          "pageTimings": {
            "backEndTime": 3021,
            "domContentLoadedTime": 3790,
            "domInteractiveTime": 3600,
            "domainLookupTime": 1,
            "frontEndTime": 3687,
            "pageDownloadTime": 3,
            "pageLoadTime": 6711,
            "redirectionTime": 1248,
            "serverConnectionTime": 199,
            "serverResponseTime": 170
          },
          "rumSpeedIndex": 3020,
          "timeToContentfulPaint": 3839,
          "timeToDomContentFlushed": 3643,
          "userTimings": {
            "marks": [],
            "measures": []
          }
        }
      }
    ],
    "visualMetrics": [],
    "cpu": [],
    "extras": [
      {},
      {},
      {}
    ],
    "fullyLoaded": [],
    "errors": [
      [
        "NoSuchSessionError",
        "Tried to run command without establishing a connection"
      ],
      [
        "NoSuchSessionError",
        "Tried to run command without establishing a connection"
      ],
      []
    ],
    "statistics": {
      "browser": {
        "appConstants": {
          "MOZ_UNSIGNED_SCOPES": {
            "median": 0,
            "mean": 0,
            "mdev": 0,
            "stddev": 0,
            "min": 0,
            "p10": 0,
            "p90": 0,
            "p99": 0,
            "max": 0
          },
          "TELEMETRY_PING_FORMAT_VERSION": {
            "median": 4,
            "mean": 4,
            "mdev": 0,
            "stddev": 0,
            "min": 4,
            "p10": 4,
            "p90": 4,
            "p99": 4,
            "max": 4
          }
        },
        "asyncAppConstants": {
          "MOZ_UNSIGNED_SCOPES": {
            "median": 0,
            "mean": 0,
            "mdev": 0,
            "stddev": 0,
            "min": 0,
            "p10": 0,
            "p90": 0,
            "p99": 0,
            "max": 0
          },
          "TELEMETRY_PING_FORMAT_VERSION": {
            "median": 4,
            "mean": 4,
            "mdev": 0,
            "stddev": 0,
            "min": 4,
            "p10": 4,
            "p90": 4,
            "p99": 4,
            "max": 4
          }
        }
      },
      "pageinfo": {
        "documentHeight": {
          "median": 641,
          "mean": 641,
          "mdev": 0,
          "stddev": 0,
          "min": 641,
          "p10": 641,
          "p90": 641,
          "p99": 641,
          "max": 641
        },
        "documentSize": {
          "decodedBodySize": {
            "median": 18249,
            "mean": 18249,
            "mdev": 0,
            "stddev": 0,
            "min": 18249,
            "p10": 18249,
            "p90": 18249,
            "p99": 18249,
            "max": 18249
          },
          "encodedBodySize": {
            "median": 7308,
            "mean": 7308,
            "mdev": 0,
            "stddev": 0,
            "min": 7308,
            "p10": 7308,
            "p90": 7308,
            "p99": 7308,
            "max": 7308
          },
          "transferSize": {
            "median": 8258,
            "mean": 8258,
            "mdev": 0,
            "stddev": 0,
            "min": 8258,
            "p10": 8258,
            "p90": 8258,
            "p99": 8258,
            "max": 8258
          }
        },
        "documentWidth": {
          "median": 360,
          "mean": 360,
          "mdev": 0,
          "stddev": 0,
          "min": 360,
          "p10": 360,
          "p90": 360,
          "p99": 360,
          "max": 360
        },
        "domElements": {
          "median": 70,
          "mean": 70,
          "mdev": 0,
          "stddev": 0,
          "min": 70,
          "p10": 70,
          "p90": 70,
          "p99": 70,
          "max": 70
        },
        "navigationStartTime": {
          "median": 1617066488740,
          "mean": 1617066488740,
          "mdev": 0,
          "stddev": 0,
          "min": 1617066488740,
          "p10": 1617066488740,
          "p90": 1617066488740,
          "p99": 1617066488740,
          "max": 1617066488740
        },
        "resources": {
          "count": {
            "median": 0,
            "mean": 0,
            "mdev": 0,
            "stddev": 0,
            "min": 0,
            "p10": 0,
            "p90": 0,
            "p99": 0,
            "max": 0
          },
          "duration": {
            "median": 0,
            "mean": 0,
            "mdev": 0,
            "stddev": 0,
            "min": 0,
            "p10": 0,
            "p90": 0,
            "p99": 0,
            "max": 0
          }
        },
        "visualElements": {
          "heroes": [
            {
              "height": {
                "median": 64,
                "mean": 64,
                "mdev": 0,
                "stddev": 0,
                "min": 64,
                "p10": 64,
                "p90": 64,
                "p99": 64,
                "max": 64
              },
              "width": {
                "median": 183,
                "mean": 183,
                "mdev": 0,
                "stddev": 0,
                "min": 183,
                "p10": 183,
                "p90": 183,
                "p99": 183,
                "max": 183
              },
              "x": {
                "median": 89,
                "mean": 89,
                "mdev": 0,
                "stddev": 0,
                "min": 89,
                "p10": 89,
                "p90": 89,
                "p99": 89,
                "max": 89
              },
              "y": {
                "median": 80,
                "mean": 80,
                "mdev": 0,
                "stddev": 0,
                "min": 80,
                "p10": 80,
                "p90": 80,
                "p99": 80,
                "max": 80
              }
            }
          ],
          "viewport": {
            "height": {
              "median": 560,
              "mean": 560,
              "mdev": 0,
              "stddev": 0,
              "min": 560,
              "p10": 560,
              "p90": 560,
              "p99": 560,
              "max": 560
            },
            "width": {
              "median": 360,
              "mean": 360,
              "mdev": 0,
              "stddev": 0,
              "min": 360,
              "p10": 360,
              "p90": 360,
              "p99": 360,
              "max": 360
            }
          }
        }
      },
      "timings": {
        "firstPaint": {
          "median": 3743,
          "mean": 3743,
          "mdev": 0,
          "stddev": 0,
          "min": 3743,
          "p10": 3743,
          "p90": 3743,
          "p99": 3743,
          "max": 3743
        },
        "loadEventEnd": {
          "median": 6712,
          "mean": 6712,
          "mdev": 0,
          "stddev": 0,
          "min": 6712,
          "p10": 6712,
          "p90": 6712,
          "p99": 6712,
          "max": 6712
        },
        "navigationTiming": {
          "connectStart": {
            "median": 2649,
            "mean": 2649,
            "mdev": 0,
            "stddev": 0,
            "min": 2649,
            "p10": 2649,
            "p90": 2649,
            "p99": 2649,
            "max": 2649
          },
          "domComplete": {
            "median": 6711,
            "mean": 6711,
            "mdev": 0,
            "stddev": 0,
            "min": 6711,
            "p10": 6711,
            "p90": 6711,
            "p99": 6711,
            "max": 6711
          },
          "domContentLoadedEventEnd": {
            "median": 3817,
            "mean": 3817,
            "mdev": 0,
            "stddev": 0,
            "min": 3817,
            "p10": 3817,
            "p90": 3817,
            "p99": 3817,
            "max": 3817
          },
          "domContentLoadedEventStart": {
            "median": 3790,
            "mean": 3790,
            "mdev": 0,
            "stddev": 0,
            "min": 3790,
            "p10": 3790,
            "p90": 3790,
            "p99": 3790,
            "max": 3790
          },
          "domInteractive": {
            "median": 3600,
            "mean": 3600,
            "mdev": 0,
            "stddev": 0,
            "min": 3600,
            "p10": 3600,
            "p90": 3600,
            "p99": 3600,
            "max": 3600
          },
          "domainLookupEnd": {
            "median": 2648,
            "mean": 2648,
            "mdev": 0,
            "stddev": 0,
            "min": 2648,
            "p10": 2648,
            "p90": 2648,
            "p99": 2648,
            "max": 2648
          },
          "domainLookupStart": {
            "median": 2648,
            "mean": 2648,
            "mdev": 0,
            "stddev": 0,
            "min": 2648,
            "p10": 2648,
            "p90": 2648,
            "p99": 2648,
            "max": 2648
          },
          "duration": {
            "median": 6712,
            "mean": 6712,
            "mdev": 0,
            "stddev": 0,
            "min": 6712,
            "p10": 6712,
            "p90": 6712,
            "p99": 6712,
            "max": 6712
          },
          "fetchStart": {
            "median": 2202,
            "mean": 2202,
            "mdev": 0,
            "stddev": 0,
            "min": 2202,
            "p10": 2202,
            "p90": 2202,
            "p99": 2202,
            "max": 2202
          },
          "loadEventEnd": {
            "median": 6712,
            "mean": 6712,
            "mdev": 0,
            "stddev": 0,
            "min": 6712,
            "p10": 6712,
            "p90": 6712,
            "p99": 6712,
            "max": 6712
          },
          "loadEventStart": {
            "median": 6711,
            "mean": 6711,
            "mdev": 0,
            "stddev": 0,
            "min": 6711,
            "p10": 6711,
            "p90": 6711,
            "p99": 6711,
            "max": 6711
          },
          "redirectEnd": {
            "median": 2076,
            "mean": 2076,
            "mdev": 0,
            "stddev": 0,
            "min": 2076,
            "p10": 2076,
            "p90": 2076,
            "p99": 2076,
            "max": 2076
          },
          "redirectStart": {
            "median": 828,
            "mean": 828,
            "mdev": 0,
            "stddev": 0,
            "min": 828,
            "p10": 828,
            "p90": 828,
            "p99": 828,
            "max": 828
          },
          "requestStart": {
            "median": 2854,
            "mean": 2854,
            "mdev": 0,
            "stddev": 0,
            "min": 2854,
            "p10": 2854,
            "p90": 2854,
            "p99": 2854,
            "max": 2854
          },
          "responseEnd": {
            "median": 3024,
            "mean": 3024,
            "mdev": 0,
            "stddev": 0,
            "min": 3024,
            "p10": 3024,
            "p90": 3024,
            "p99": 3024,
            "max": 3024
          },
          "responseStart": {
            "median": 3021,
            "mean": 3021,
            "mdev": 0,
            "stddev": 0,
            "min": 3021,
            "p10": 3021,
            "p90": 3021,
            "p99": 3021,
            "max": 3021
          },
          "secureConnectionStart": {
            "median": 2661,
            "mean": 2661,
            "mdev": 0,
            "stddev": 0,
            "min": 2661,
            "p10": 2661,
            "p90": 2661,
            "p99": 2661,
            "max": 2661
          },
          "startTime": {
            "median": 0,
            "mean": 0,
            "mdev": 0,
            "stddev": 0,
            "min": 0,
            "p10": 0,
            "p90": 0,
            "p99": 0,
            "max": 0
          },
          "unloadEventEnd": {
            "median": 0,
            "mean": 0,
            "mdev": 0,
            "stddev": 0,
            "min": 0,
            "p10": 0,
            "p90": 0,
            "p99": 0,
            "max": 0
          },
          "unloadEventStart": {
            "median": 0,
            "mean": 0,
            "mdev": 0,
            "stddev": 0,
            "min": 0,
            "p10": 0,
            "p90": 0,
            "p99": 0,
            "max": 0
          },
          "workerStart": {
            "median": 0,
            "mean": 0,
            "mdev": 0,
            "stddev": 0,
            "min": 0,
            "p10": 0,
            "p90": 0,
            "p99": 0,
            "max": 0
          }
        },
        "pageTimings": {
          "backEndTime": {
            "median": 3021,
            "mean": 3021,
            "mdev": 0,
            "stddev": 0,
            "min": 3021,
            "p10": 3021,
            "p90": 3021,
            "p99": 3021,
            "max": 3021
          },
          "domContentLoadedTime": {
            "median": 3790,
            "mean": 3790,
            "mdev": 0,
            "stddev": 0,
            "min": 3790,
            "p10": 3790,
            "p90": 3790,
            "p99": 3790,
            "max": 3790
          },
          "domInteractiveTime": {
            "median": 3600,
            "mean": 3600,
            "mdev": 0,
            "stddev": 0,
            "min": 3600,
            "p10": 3600,
            "p90": 3600,
            "p99": 3600,
            "max": 3600
          },
          "domainLookupTime": {
            "median": 1,
            "mean": 1,
            "mdev": 0,
            "stddev": 0,
            "min": 1,
            "p10": 1,
            "p90": 1,
            "p99": 1,
            "max": 1
          },
          "frontEndTime": {
            "median": 3687,
            "mean": 3687,
            "mdev": 0,
            "stddev": 0,
            "min": 3687,
            "p10": 3687,
            "p90": 3687,
            "p99": 3687,
            "max": 3687
          },
          "pageDownloadTime": {
            "median": 3,
            "mean": 3,
            "mdev": 0,
            "stddev": 0,
            "min": 3,
            "p10": 3,
            "p90": 3,
            "p99": 3,
            "max": 3
          },
          "pageLoadTime": {
            "median": 6711,
            "mean": 6711,
            "mdev": 0,
            "stddev": 0,
            "min": 6711,
            "p10": 6711,
            "p90": 6711,
            "p99": 6711,
            "max": 6711
          },
          "redirectionTime": {
            "median": 1248,
            "mean": 1248,
            "mdev": 0,
            "stddev": 0,
            "min": 1248,
            "p10": 1248,
            "p90": 1248,
            "p99": 1248,
            "max": 1248
          },
          "serverConnectionTime": {
            "median": 199,
            "mean": 199,
            "mdev": 0,
            "stddev": 0,
            "min": 199,
            "p10": 199,
            "p90": 199,
            "p99": 199,
            "max": 199
          },
          "serverResponseTime": {
            "median": 170,
            "mean": 170,
            "mdev": 0,
            "stddev": 0,
            "min": 170,
            "p10": 170,
            "p90": 170,
            "p99": 170,
            "max": 170
          }
        },
        "rumSpeedIndex": {
          "median": 3020,
          "mean": 3020,
          "mdev": 0,
          "stddev": 0,
          "min": 3020,
          "p10": 3020,
          "p90": 3020,
          "p99": 3020,
          "max": 3020
        },
        "timeToContentfulPaint": {
          "median": 3839,
          "mean": 3839,
          "mdev": 0,
          "stddev": 0,
          "min": 3839,
          "p10": 3839,
          "p90": 3839,
          "p99": 3839,
          "max": 3839
        },
        "timeToDomContentFlushed": {
          "median": 3643,
          "mean": 3643,
          "mdev": 0,
          "stddev": 0,
          "min": 3643,
          "p10": 3643,
          "p90": 3643,
          "p99": 3643,
          "max": 3643
        }
      }
    }
  },
  {
    "info": {
      "browsertime": {
        "version": "8.4.0"
      },
      "url": "https://www.adobe.com/?browsertime_run=2",
      "timestamp": "2021-03-30T05:08:41+04:00",
      "connectivity": {
        "engine": "external",
        "profile": "native"
      },
      "extra": {}
    },
    "files": {
      "video": [],
      "screenshot": [],
      "timeline": [],
      "consoleLog": [],
      "netLog": [],
      "perfLog": []
    },
    "cdp": {
      "performance": []
    },
    "timestamps": [
      "2021-03-30T05:08:21+04:00"
    ],
    "browserScripts": [
      {
        "browser": {
          "appConstants": {
            "ACCESSIBILITY": true,
            "ANDROID_PACKAGE_NAME": "org.mozilla.firefox",
            "ASAN": false,
            "ASAN_REPORTER": false,
            "BROWSER_CHROME_URL": "chrome://browser/content/browser.xul",
            "DEBUG": false,
            "DEBUG_JS_MODULES": "",
            "DLL_PREFIX": "lib",
            "DLL_SUFFIX": ".so",
            "EARLY_BETA_OR_EARLIER": false,
            "FENNEC_NIGHTLY": false,
            "HAVE_SHELL_SERVICE": false,
            "HAVE_USR_LIB64_DIR": false,
            "MENUBAR_CAN_AUTOHIDE": false,
            "MOZILLA_OFFICIAL": true,
            "MOZ_ALLOW_LEGACY_EXTENSIONS": false,
            "MOZ_ANDROID_ACTIVITY_STREAM": false,
            "MOZ_ANDROID_HISTORY": true,
            "MOZ_ANDROID_MOZILLA_ONLINE": false,
            "MOZ_APP_NAME": "fennec",
            "MOZ_APP_VERSION": "68.1.1",
            "MOZ_APP_VERSION_DISPLAY": "68.1.1",
            "MOZ_BING_API_CLIENTID": "no-bing-api-clientid",
            "MOZ_BING_API_KEY": "no-bing-api-key",
            "MOZ_BITS_DOWNLOAD": false,
            "MOZ_BUILD_APP": "mobile/android",
            "MOZ_CODE_COVERAGE": false,
            "MOZ_CRASHREPORTER": true,
            "MOZ_DATA_REPORTING": true,
            "MOZ_DEV_EDITION": false,
            "MOZ_GECKO_PROFILER": true,
            "MOZ_GOOGLE_LOCATION_SERVICE_API_KEY": "AIzaSyB2h2OuRcUgy5N-5hsZqiPW6sH3n_rptiQ",
            "MOZ_GOOGLE_SAFEBROWSING_API_KEY": "AIzaSyC7jsptDS3am4tPx4r3nxis7IMjBc5Dovo",
            "MOZ_GRAPHENE": false,
            "MOZ_MACBUNDLE_NAME": "Firefox.app",
            "MOZ_MAINTENANCE_SERVICE": false,
            "MOZ_MOZILLA_API_KEY": "3b4d27dd-703d-4094-8398-4de2c763505a",
            "MOZ_NEW_CERT_STORAGE": false,
            "MOZ_NEW_NOTIFICATION_STORE": false,
            "MOZ_NEW_XULSTORE": false,
            "MOZ_OFFICIAL_BRANDING": false,
            "MOZ_PLACES": false,
            "MOZ_REQUIRE_SIGNING": false,
            "MOZ_SANDBOX": false,
            "MOZ_SERVICES_HEALTHREPORT": true,
            "MOZ_SERVICES_SYNC": false,
            "MOZ_SWITCHBOARD": true,
            "MOZ_SYSTEM_NSS": false,
            "MOZ_TELEMETRY_ON_BY_DEFAULT": false,
            "MOZ_TELEMETRY_REPORTING": true,
            "MOZ_UNSIGNED_SCOPES": 0,
            "MOZ_UPDATER": false,
            "MOZ_UPDATE_CHANNEL": "release",
            "MOZ_WEBRTC": true,
            "MOZ_WIDGET_GTK": false,
            "MOZ_WIDGET_TOOLKIT": "android",
            "NIGHTLY_BUILD": false,
            "OMNIJAR_NAME": "assets/omni.ja",
            "RELEASE_OR_BETA": true,
            "SOURCE_REVISION_URL": "https://hg.mozilla.org/releases/mozilla-esr68/rev/d2e0b9e17b9bc1ef02606c8006b73293f7892ad5",
            "TELEMETRY_PING_FORMAT_VERSION": 4,
            "XP_UNIX": true,
            "isPlatformAndVersionAtLeast": {},
            "isPlatformAndVersionAtMost": {},
            "platform": "android"
          },
          "asyncAppConstants": {
            "ACCESSIBILITY": true,
            "ANDROID_PACKAGE_NAME": "org.mozilla.firefox",
            "ASAN": false,
            "ASAN_REPORTER": false,
            "BROWSER_CHROME_URL": "chrome://browser/content/browser.xul",
            "DEBUG": false,
            "DEBUG_JS_MODULES": "",
            "DLL_PREFIX": "lib",
            "DLL_SUFFIX": ".so",
            "EARLY_BETA_OR_EARLIER": false,
            "FENNEC_NIGHTLY": false,
            "HAVE_SHELL_SERVICE": false,
            "HAVE_USR_LIB64_DIR": false,
            "MENUBAR_CAN_AUTOHIDE": false,
            "MOZILLA_OFFICIAL": true,
            "MOZ_ALLOW_LEGACY_EXTENSIONS": false,
            "MOZ_ANDROID_ACTIVITY_STREAM": false,
            "MOZ_ANDROID_HISTORY": true,
            "MOZ_ANDROID_MOZILLA_ONLINE": false,
            "MOZ_APP_NAME": "fennec",
            "MOZ_APP_VERSION": "68.1.1",
            "MOZ_APP_VERSION_DISPLAY": "68.1.1",
            "MOZ_BING_API_CLIENTID": "no-bing-api-clientid",
            "MOZ_BING_API_KEY": "no-bing-api-key",
            "MOZ_BITS_DOWNLOAD": false,
            "MOZ_BUILD_APP": "mobile/android",
            "MOZ_CODE_COVERAGE": false,
            "MOZ_CRASHREPORTER": true,
            "MOZ_DATA_REPORTING": true,
            "MOZ_DEV_EDITION": false,
            "MOZ_GECKO_PROFILER": true,
            "MOZ_GOOGLE_LOCATION_SERVICE_API_KEY": "AIzaSyB2h2OuRcUgy5N-5hsZqiPW6sH3n_rptiQ",
            "MOZ_GOOGLE_SAFEBROWSING_API_KEY": "AIzaSyC7jsptDS3am4tPx4r3nxis7IMjBc5Dovo",
            "MOZ_GRAPHENE": false,
            "MOZ_MACBUNDLE_NAME": "Firefox.app",
            "MOZ_MAINTENANCE_SERVICE": false,
            "MOZ_MOZILLA_API_KEY": "3b4d27dd-703d-4094-8398-4de2c763505a",
            "MOZ_NEW_CERT_STORAGE": false,
            "MOZ_NEW_NOTIFICATION_STORE": false,
            "MOZ_NEW_XULSTORE": false,
            "MOZ_OFFICIAL_BRANDING": false,
            "MOZ_PLACES": false,
            "MOZ_REQUIRE_SIGNING": false,
            "MOZ_SANDBOX": false,
            "MOZ_SERVICES_HEALTHREPORT": true,
            "MOZ_SERVICES_SYNC": false,
            "MOZ_SWITCHBOARD": true,
            "MOZ_SYSTEM_NSS": false,
            "MOZ_TELEMETRY_ON_BY_DEFAULT": false,
            "MOZ_TELEMETRY_REPORTING": true,
            "MOZ_UNSIGNED_SCOPES": 0,
            "MOZ_UPDATER": false,
            "MOZ_UPDATE_CHANNEL": "release",
            "MOZ_WEBRTC": true,
            "MOZ_WIDGET_GTK": false,
            "MOZ_WIDGET_TOOLKIT": "android",
            "NIGHTLY_BUILD": false,
            "OMNIJAR_NAME": "assets/omni.ja",
            "RELEASE_OR_BETA": true,
            "SOURCE_REVISION_URL": "https://hg.mozilla.org/releases/mozilla-esr68/rev/d2e0b9e17b9bc1ef02606c8006b73293f7892ad5",
            "TELEMETRY_PING_FORMAT_VERSION": 4,
            "XP_UNIX": true,
            "isPlatformAndVersionAtLeast": {},
            "isPlatformAndVersionAtMost": {},
            "platform": "android"
          },
          "userAgent": "Mozilla/5.0 (Android 8.1.0; Mobile; rv:68.0) Gecko/68.0 Firefox/68.0",
          "windowSize": "360x560"
        },
        "pageinfo": {
          "documentHeight": 3230,
          "documentSize": {
            "decodedBodySize": 132259,
            "encodedBodySize": 14464,
            "transferSize": 15383
          },
          "documentTitle": "Adobe: Creative, marketing and document management solutions",
          "documentWidth": 360,
          "domElements": 2003,
          "navigationStartTime": 1617066502088,
          "nextHopProtocol": "h2",
          "resources": {
            "count": 0,
            "duration": 0
          },
          "responsive": true,
          "url": "https://www.adobe.com/",
          "visualElements": {
            "heroes": [
              {
                "filename": "homepage-CC-lg-pod-tablet?$pjpeg$&jpegSize=300&wid=1536",
                "height": 249,
                "name": "LargestImage",
                "width": 360,
                "x": 0,
                "y": 60
              }
            ],
            "viewport": {
              "height": 560,
              "width": 360
            }
          }
        },
        "timings": {
          "firstPaint": 3104,
          "loadEventEnd": 7703,
          "navigationTiming": {
            "connectStart": 96,
            "domComplete": 7638,
            "domContentLoadedEventEnd": 3405,
            "domContentLoadedEventStart": 3378,
            "domInteractive": 1792,
            "domainLookupEnd": 96,
            "domainLookupStart": 96,
            "duration": 7703,
            "fetchStart": 5,
            "loadEventEnd": 7703,
            "loadEventStart": 7638,
            "redirectEnd": 0,
            "redirectStart": 0,
            "requestStart": 203,
            "responseEnd": 338,
            "responseStart": 338,
            "secureConnectionStart": 106,
            "startTime": 0,
            "unloadEventEnd": 0,
            "unloadEventStart": 0,
            "workerStart": 0
          },
          "pageTimings": {
            "backEndTime": 338,
            "domContentLoadedTime": 3378,
            "domInteractiveTime": 1792,
            "domainLookupTime": 0,
            "frontEndTime": 7299,
            "pageDownloadTime": 1,
            "pageLoadTime": 7638,
            "redirectionTime": 0,
            "serverConnectionTime": 104,
            "serverResponseTime": 135
          },
          "rumSpeedIndex": 337,
          "timeToContentfulPaint": 3340,
          "timeToDomContentFlushed": 3062,
          "userTimings": {
            "marks": [
              {
                "name": "dx-publish-start",
                "startTime": 2033.3
              },
              {
                "name": "dx-publish-end",
                "startTime": 2577.98
              },
              {
                "name": "dx-publish-ready",
                "startTime": 3005.18
              },
              {
                "name": "snaptr",
                "startTime": 10898.6
              }
            ],
            "measures": []
          }
        }
      }
    ],
    "visualMetrics": [],
    "cpu": [],
    "extras": [
      {}
    ],
    "fullyLoaded": [],
    "errors": [
      []
    ],
    "statistics": {
      "browser": {
        "appConstants": {
          "MOZ_UNSIGNED_SCOPES": {
            "median": 0,
            "mean": 0,
            "mdev": 0,
            "stddev": 0,
            "min": 0,
            "p10": 0,
            "p90": 0,
            "p99": 0,
            "max": 0
          },
          "TELEMETRY_PING_FORMAT_VERSION": {
            "median": 4,
            "mean": 4,
            "mdev": 0,
            "stddev": 0,
            "min": 4,
            "p10": 4,
            "p90": 4,
            "p99": 4,
            "max": 4
          }
        },
        "asyncAppConstants": {
          "MOZ_UNSIGNED_SCOPES": {
            "median": 0,
            "mean": 0,
            "mdev": 0,
            "stddev": 0,
            "min": 0,
            "p10": 0,
            "p90": 0,
            "p99": 0,
            "max": 0
          },
          "TELEMETRY_PING_FORMAT_VERSION": {
            "median": 4,
            "mean": 4,
            "mdev": 0,
            "stddev": 0,
            "min": 4,
            "p10": 4,
            "p90": 4,
            "p99": 4,
            "max": 4
          }
        }
      },
      "pageinfo": {
        "documentHeight": {
          "median": 3230,
          "mean": 3230,
          "mdev": 0,
          "stddev": 0,
          "min": 3230,
          "p10": 3230,
          "p90": 3230,
          "p99": 3230,
          "max": 3230
        },
        "documentSize": {
          "decodedBodySize": {
            "median": 132259,
            "mean": 132259,
            "mdev": 0,
            "stddev": 0,
            "min": 132259,
            "p10": 132259,
            "p90": 132259,
            "p99": 132259,
            "max": 132259
          },
          "encodedBodySize": {
            "median": 14464,
            "mean": 14464,
            "mdev": 0,
            "stddev": 0,
            "min": 14464,
            "p10": 14464,
            "p90": 14464,
            "p99": 14464,
            "max": 14464
          },
          "transferSize": {
            "median": 15383,
            "mean": 15383,
            "mdev": 0,
            "stddev": 0,
            "min": 15383,
            "p10": 15383,
            "p90": 15383,
            "p99": 15383,
            "max": 15383
          }
        },
        "documentWidth": {
          "median": 360,
          "mean": 360,
          "mdev": 0,
          "stddev": 0,
          "min": 360,
          "p10": 360,
          "p90": 360,
          "p99": 360,
          "max": 360
        },
        "domElements": {
          "median": 2003,
          "mean": 2003,
          "mdev": 0,
          "stddev": 0,
          "min": 2003,
          "p10": 2003,
          "p90": 2003,
          "p99": 2003,
          "max": 2003
        },
        "navigationStartTime": {
          "median": 1617066502088,
          "mean": 1617066502088,
          "mdev": 0,
          "stddev": 0,
          "min": 1617066502088,
          "p10": 1617066502088,
          "p90": 1617066502088,
          "p99": 1617066502088,
          "max": 1617066502088
        },
        "resources": {
          "count": {
            "median": 0,
            "mean": 0,
            "mdev": 0,
            "stddev": 0,
            "min": 0,
            "p10": 0,
            "p90": 0,
            "p99": 0,
            "max": 0
          },
          "duration": {
            "median": 0,
            "mean": 0,
            "mdev": 0,
            "stddev": 0,
            "min": 0,
            "p10": 0,
            "p90": 0,
            "p99": 0,
            "max": 0
          }
        },
        "visualElements": {
          "heroes": [
            {
              "height": {
                "median": 249,
                "mean": 249,
                "mdev": 0,
                "stddev": 0,
                "min": 249,
                "p10": 249,
                "p90": 249,
                "p99": 249,
                "max": 249
              },
              "width": {
                "median": 360,
                "mean": 360,
                "mdev": 0,
                "stddev": 0,
                "min": 360,
                "p10": 360,
                "p90": 360,
                "p99": 360,
                "max": 360
              },
              "x": {
                "median": 0,
                "mean": 0,
                "mdev": 0,
                "stddev": 0,
                "min": 0,
                "p10": 0,
                "p90": 0,
                "p99": 0,
                "max": 0
              },
              "y": {
                "median": 60,
                "mean": 60,
                "mdev": 0,
                "stddev": 0,
                "min": 60,
                "p10": 60,
                "p90": 60,
                "p99": 60,
                "max": 60
              }
            }
          ],
          "viewport": {
            "height": {
              "median": 560,
              "mean": 560,
              "mdev": 0,
              "stddev": 0,
              "min": 560,
              "p10": 560,
              "p90": 560,
              "p99": 560,
              "max": 560
            },
            "width": {
              "median": 360,
              "mean": 360,
              "mdev": 0,
              "stddev": 0,
              "min": 360,
              "p10": 360,
              "p90": 360,
              "p99": 360,
              "max": 360
            }
          }
        }
      },
      "timings": {
        "firstPaint": {
          "median": 3104,
          "mean": 3104,
          "mdev": 0,
          "stddev": 0,
          "min": 3104,
          "p10": 3104,
          "p90": 3104,
          "p99": 3104,
          "max": 3104
        },
        "loadEventEnd": {
          "median": 7703,
          "mean": 7703,
          "mdev": 0,
          "stddev": 0,
          "min": 7703,
          "p10": 7703,
          "p90": 7703,
          "p99": 7703,
          "max": 7703
        },
        "navigationTiming": {
          "connectStart": {
            "median": 96,
            "mean": 96,
            "mdev": 0,
            "stddev": 0,
            "min": 96,
            "p10": 96,
            "p90": 96,
            "p99": 96,
            "max": 96
          },
          "domComplete": {
            "median": 7638,
            "mean": 7638,
            "mdev": 0,
            "stddev": 0,
            "min": 7638,
            "p10": 7638,
            "p90": 7638,
            "p99": 7638,
            "max": 7638
          },
          "domContentLoadedEventEnd": {
            "median": 3405,
            "mean": 3405,
            "mdev": 0,
            "stddev": 0,
            "min": 3405,
            "p10": 3405,
            "p90": 3405,
            "p99": 3405,
            "max": 3405
          },
          "domContentLoadedEventStart": {
            "median": 3378,
            "mean": 3378,
            "mdev": 0,
            "stddev": 0,
            "min": 3378,
            "p10": 3378,
            "p90": 3378,
            "p99": 3378,
            "max": 3378
          },
          "domInteractive": {
            "median": 1792,
            "mean": 1792,
            "mdev": 0,
            "stddev": 0,
            "min": 1792,
            "p10": 1792,
            "p90": 1792,
            "p99": 1792,
            "max": 1792
          },
          "domainLookupEnd": {
            "median": 96,
            "mean": 96,
            "mdev": 0,
            "stddev": 0,
            "min": 96,
            "p10": 96,
            "p90": 96,
            "p99": 96,
            "max": 96
          },
          "domainLookupStart": {
            "median": 96,
            "mean": 96,
            "mdev": 0,
            "stddev": 0,
            "min": 96,
            "p10": 96,
            "p90": 96,
            "p99": 96,
            "max": 96
          },
          "duration": {
            "median": 7703,
            "mean": 7703,
            "mdev": 0,
            "stddev": 0,
            "min": 7703,
            "p10": 7703,
            "p90": 7703,
            "p99": 7703,
            "max": 7703
          },
          "fetchStart": {
            "median": 5,
            "mean": 5,
            "mdev": 0,
            "stddev": 0,
            "min": 5,
            "p10": 5,
            "p90": 5,
            "p99": 5,
            "max": 5
          },
          "loadEventEnd": {
            "median": 7703,
            "mean": 7703,
            "mdev": 0,
            "stddev": 0,
            "min": 7703,
            "p10": 7703,
            "p90": 7703,
            "p99": 7703,
            "max": 7703
          },
          "loadEventStart": {
            "median": 7638,
            "mean": 7638,
            "mdev": 0,
            "stddev": 0,
            "min": 7638,
            "p10": 7638,
            "p90": 7638,
            "p99": 7638,
            "max": 7638
          },
          "redirectEnd": {
            "median": 0,
            "mean": 0,
            "mdev": 0,
            "stddev": 0,
            "min": 0,
            "p10": 0,
            "p90": 0,
            "p99": 0,
            "max": 0
          },
          "redirectStart": {
            "median": 0,
            "mean": 0,
            "mdev": 0,
            "stddev": 0,
            "min": 0,
            "p10": 0,
            "p90": 0,
            "p99": 0,
            "max": 0
          },
          "requestStart": {
            "median": 203,
            "mean": 203,
            "mdev": 0,
            "stddev": 0,
            "min": 203,
            "p10": 203,
            "p90": 203,
            "p99": 203,
            "max": 203
          },
          "responseEnd": {
            "median": 338,
            "mean": 338,
            "mdev": 0,
            "stddev": 0,
            "min": 338,
            "p10": 338,
            "p90": 338,
            "p99": 338,
            "max": 338
          },
          "responseStart": {
            "median": 338,
            "mean": 338,
            "mdev": 0,
            "stddev": 0,
            "min": 338,
            "p10": 338,
            "p90": 338,
            "p99": 338,
            "max": 338
          },
          "secureConnectionStart": {
            "median": 106,
            "mean": 106,
            "mdev": 0,
            "stddev": 0,
            "min": 106,
            "p10": 106,
            "p90": 106,
            "p99": 106,
            "max": 106
          },
          "startTime": {
            "median": 0,
            "mean": 0,
            "mdev": 0,
            "stddev": 0,
            "min": 0,
            "p10": 0,
            "p90": 0,
            "p99": 0,
            "max": 0
          },
          "unloadEventEnd": {
            "median": 0,
            "mean": 0,
            "mdev": 0,
            "stddev": 0,
            "min": 0,
            "p10": 0,
            "p90": 0,
            "p99": 0,
            "max": 0
          },
          "unloadEventStart": {
            "median": 0,
            "mean": 0,
            "mdev": 0,
            "stddev": 0,
            "min": 0,
            "p10": 0,
            "p90": 0,
            "p99": 0,
            "max": 0
          },
          "workerStart": {
            "median": 0,
            "mean": 0,
            "mdev": 0,
            "stddev": 0,
            "min": 0,
            "p10": 0,
            "p90": 0,
            "p99": 0,
            "max": 0
          }
        },
        "pageTimings": {
          "backEndTime": {
            "median": 338,
            "mean": 338,
            "mdev": 0,
            "stddev": 0,
            "min": 338,
            "p10": 338,
            "p90": 338,
            "p99": 338,
            "max": 338
          },
          "domContentLoadedTime": {
            "median": 3378,
            "mean": 3378,
            "mdev": 0,
            "stddev": 0,
            "min": 3378,
            "p10": 3378,
            "p90": 3378,
            "p99": 3378,
            "max": 3378
          },
          "domInteractiveTime": {
            "median": 1792,
            "mean": 1792,
            "mdev": 0,
            "stddev": 0,
            "min": 1792,
            "p10": 1792,
            "p90": 1792,
            "p99": 1792,
            "max": 1792
          },
          "domainLookupTime": {
            "median": 0,
            "mean": 0,
            "mdev": 0,
            "stddev": 0,
            "min": 0,
            "p10": 0,
            "p90": 0,
            "p99": 0,
            "max": 0
          },
          "frontEndTime": {
            "median": 7299,
            "mean": 7299,
            "mdev": 0,
            "stddev": 0,
            "min": 7299,
            "p10": 7299,
            "p90": 7299,
            "p99": 7299,
            "max": 7299
          },
          "pageDownloadTime": {
            "median": 1,
            "mean": 1,
            "mdev": 0,
            "stddev": 0,
            "min": 1,
            "p10": 1,
            "p90": 1,
            "p99": 1,
            "max": 1
          },
          "pageLoadTime": {
            "median": 7638,
            "mean": 7638,
            "mdev": 0,
            "stddev": 0,
            "min": 7638,
            "p10": 7638,
            "p90": 7638,
            "p99": 7638,
            "max": 7638
          },
          "redirectionTime": {
            "median": 0,
            "mean": 0,
            "mdev": 0,
            "stddev": 0,
            "min": 0,
            "p10": 0,
            "p90": 0,
            "p99": 0,
            "max": 0
          },
          "serverConnectionTime": {
            "median": 104,
            "mean": 104,
            "mdev": 0,
            "stddev": 0,
            "min": 104,
            "p10": 104,
            "p90": 104,
            "p99": 104,
            "max": 104
          },
          "serverResponseTime": {
            "median": 135,
            "mean": 135,
            "mdev": 0,
            "stddev": 0,
            "min": 135,
            "p10": 135,
            "p90": 135,
            "p99": 135,
            "max": 135
          }
        },
        "rumSpeedIndex": {
          "median": 337,
          "mean": 337,
          "mdev": 0,
          "stddev": 0,
          "min": 337,
          "p10": 337,
          "p90": 337,
          "p99": 337,
          "max": 337
        },
        "timeToContentfulPaint": {
          "median": 3340,
          "mean": 3340,
          "mdev": 0,
          "stddev": 0,
          "min": 3340,
          "p10": 3340,
          "p90": 3340,
          "p99": 3340,
          "max": 3340
        },
        "timeToDomContentFlushed": {
          "median": 3062,
          "mean": 3062,
          "mdev": 0,
          "stddev": 0,
          "min": 3062,
          "p10": 3062,
          "p90": 3062,
          "p99": 3062,
          "max": 3062
        },
        "userTimings": {
          "marks": {
            "dx-publish-start": {
              "median": 2033,
              "mean": 2033,
              "mdev": 0,
              "stddev": 0,
              "min": 2033,
              "p10": 2033,
              "p90": 2033,
              "p99": 2033,
              "max": 2033
            },
            "dx-publish-end": {
              "median": 2578,
              "mean": 2578,
              "mdev": 0,
              "stddev": 0,
              "min": 2578,
              "p10": 2578,
              "p90": 2578,
              "p99": 2578,
              "max": 2578
            },
            "dx-publish-ready": {
              "median": 3005,
              "mean": 3005,
              "mdev": 0,
              "stddev": 0,
              "min": 3005,
              "p10": 3005,
              "p90": 3005,
              "p99": 3005,
              "max": 3005
            },
            "snaptr": {
              "median": 10899,
              "mean": 10899,
              "mdev": 0,
              "stddev": 0,
              "min": 10899,
              "p10": 10899,
              "p90": 10899,
              "p99": 10899,
              "max": 10899
            }
          }
        }
      }
    }
  }
]