[
  {
    "info": {
      "browsertime": {
        "version": "8.4.0"
      },
      "url": "https://www.nicovideo.jp/",
      "timestamp": "2021-03-30T05:54:55+04:00",
      "connectivity": {
        "engine": "external",
        "profile": "native"
      },
      "extra": {}
    },
    "files": {
      "video": [],
      "screenshot": [],
      "timeline": [],
      "consoleLog": [],
      "netLog": [],
      "perfLog": []
    },
    "cdp": {
      "performance": []
    },
    "timestamps": [
      "2021-03-30T05:53:54+04:00",
      "2021-03-30T05:55:09+04:00",
      "2021-03-30T05:56:31+04:00"
    ],
    "browserScripts": [
      {
        "browser": {
          "appConstants": {
            "ACCESSIBILITY": true,
            "ANDROID_PACKAGE_NAME": "org.mozilla.firefox",
            "ASAN": false,
            "ASAN_REPORTER": false,
            "BROWSER_CHROME_URL": "chrome://browser/content/browser.xul",
            "DEBUG": false,
            "DEBUG_JS_MODULES": "",
            "DLL_PREFIX": "lib",
            "DLL_SUFFIX": ".so",
            "EARLY_BETA_OR_EARLIER": false,
            "FENNEC_NIGHTLY": false,
            "HAVE_SHELL_SERVICE": false,
            "HAVE_USR_LIB64_DIR": false,
            "MENUBAR_CAN_AUTOHIDE": false,
            "MOZILLA_OFFICIAL": true,
            "MOZ_ALLOW_LEGACY_EXTENSIONS": false,
            "MOZ_ANDROID_ACTIVITY_STREAM": false,
            "MOZ_ANDROID_HISTORY": true,
            "MOZ_ANDROID_MOZILLA_ONLINE": false,
            "MOZ_APP_NAME": "fennec",
            "MOZ_APP_VERSION": "68.1.1",
            "MOZ_APP_VERSION_DISPLAY": "68.1.1",
            "MOZ_BING_API_CLIENTID": "no-bing-api-clientid",
            "MOZ_BING_API_KEY": "no-bing-api-key",
            "MOZ_BITS_DOWNLOAD": false,
            "MOZ_BUILD_APP": "mobile/android",
            "MOZ_CODE_COVERAGE": false,
            "MOZ_CRASHREPORTER": true,
            "MOZ_DATA_REPORTING": true,
            "MOZ_DEV_EDITION": false,
            "MOZ_GECKO_PROFILER": true,
            "MOZ_GOOGLE_LOCATION_SERVICE_API_KEY": "AIzaSyB2h2OuRcUgy5N-5hsZqiPW6sH3n_rptiQ",
            "MOZ_GOOGLE_SAFEBROWSING_API_KEY": "AIzaSyC7jsptDS3am4tPx4r3nxis7IMjBc5Dovo",
            "MOZ_GRAPHENE": false,
            "MOZ_MACBUNDLE_NAME": "Firefox.app",
            "MOZ_MAINTENANCE_SERVICE": false,
            "MOZ_MOZILLA_API_KEY": "3b4d27dd-703d-4094-8398-4de2c763505a",
            "MOZ_NEW_CERT_STORAGE": false,
            "MOZ_NEW_NOTIFICATION_STORE": false,
            "MOZ_NEW_XULSTORE": false,
            "MOZ_OFFICIAL_BRANDING": false,
            "MOZ_PLACES": false,
            "MOZ_REQUIRE_SIGNING": false,
            "MOZ_SANDBOX": false,
            "MOZ_SERVICES_HEALTHREPORT": true,
            "MOZ_SERVICES_SYNC": false,
            "MOZ_SWITCHBOARD": true,
            "MOZ_SYSTEM_NSS": false,
            "MOZ_TELEMETRY_ON_BY_DEFAULT": false,
            "MOZ_TELEMETRY_REPORTING": true,
            "MOZ_UNSIGNED_SCOPES": 0,
            "MOZ_UPDATER": false,
            "MOZ_UPDATE_CHANNEL": "release",
            "MOZ_WEBRTC": true,
            "MOZ_WIDGET_GTK": false,
            "MOZ_WIDGET_TOOLKIT": "android",
            "NIGHTLY_BUILD": false,
            "OMNIJAR_NAME": "assets/omni.ja",
            "RELEASE_OR_BETA": true,
            "SOURCE_REVISION_URL": "https://hg.mozilla.org/releases/mozilla-esr68/rev/d2e0b9e17b9bc1ef02606c8006b73293f7892ad5",
            "TELEMETRY_PING_FORMAT_VERSION": 4,
            "XP_UNIX": true,
            "isPlatformAndVersionAtLeast": {},
            "isPlatformAndVersionAtMost": {},
            "platform": "android"
          },
          "asyncAppConstants": {
            "ACCESSIBILITY": true,
            "ANDROID_PACKAGE_NAME": "org.mozilla.firefox",
            "ASAN": false,
            "ASAN_REPORTER": false,
            "BROWSER_CHROME_URL": "chrome://browser/content/browser.xul",
            "DEBUG": false,
            "DEBUG_JS_MODULES": "",
            "DLL_PREFIX": "lib",
            "DLL_SUFFIX": ".so",
            "EARLY_BETA_OR_EARLIER": false,
            "FENNEC_NIGHTLY": false,
            "HAVE_SHELL_SERVICE": false,
            "HAVE_USR_LIB64_DIR": false,
            "MENUBAR_CAN_AUTOHIDE": false,
            "MOZILLA_OFFICIAL": true,
            "MOZ_ALLOW_LEGACY_EXTENSIONS": false,
            "MOZ_ANDROID_ACTIVITY_STREAM": false,
            "MOZ_ANDROID_HISTORY": true,
            "MOZ_ANDROID_MOZILLA_ONLINE": false,
            "MOZ_APP_NAME": "fennec",
            "MOZ_APP_VERSION": "68.1.1",
            "MOZ_APP_VERSION_DISPLAY": "68.1.1",
            "MOZ_BING_API_CLIENTID": "no-bing-api-clientid",
            "MOZ_BING_API_KEY": "no-bing-api-key",
            "MOZ_BITS_DOWNLOAD": false,
            "MOZ_BUILD_APP": "mobile/android",
            "MOZ_CODE_COVERAGE": false,
            "MOZ_CRASHREPORTER": true,
            "MOZ_DATA_REPORTING": true,
            "MOZ_DEV_EDITION": false,
            "MOZ_GECKO_PROFILER": true,
            "MOZ_GOOGLE_LOCATION_SERVICE_API_KEY": "AIzaSyB2h2OuRcUgy5N-5hsZqiPW6sH3n_rptiQ",
            "MOZ_GOOGLE_SAFEBROWSING_API_KEY": "AIzaSyC7jsptDS3am4tPx4r3nxis7IMjBc5Dovo",
            "MOZ_GRAPHENE": false,
            "MOZ_MACBUNDLE_NAME": "Firefox.app",
            "MOZ_MAINTENANCE_SERVICE": false,
            "MOZ_MOZILLA_API_KEY": "3b4d27dd-703d-4094-8398-4de2c763505a",
            "MOZ_NEW_CERT_STORAGE": false,
            "MOZ_NEW_NOTIFICATION_STORE": false,
            "MOZ_NEW_XULSTORE": false,
            "MOZ_OFFICIAL_BRANDING": false,
            "MOZ_PLACES": false,
            "MOZ_REQUIRE_SIGNING": false,
            "MOZ_SANDBOX": false,
            "MOZ_SERVICES_HEALTHREPORT": true,
            "MOZ_SERVICES_SYNC": false,
            "MOZ_SWITCHBOARD": true,
            "MOZ_SYSTEM_NSS": false,
            "MOZ_TELEMETRY_ON_BY_DEFAULT": false,
            "MOZ_TELEMETRY_REPORTING": true,
            "MOZ_UNSIGNED_SCOPES": 0,
            "MOZ_UPDATER": false,
            "MOZ_UPDATE_CHANNEL": "release",
            "MOZ_WEBRTC": true,
            "MOZ_WIDGET_GTK": false,
            "MOZ_WIDGET_TOOLKIT": "android",
            "NIGHTLY_BUILD": false,
            "OMNIJAR_NAME": "assets/omni.ja",
            "RELEASE_OR_BETA": true,
            "SOURCE_REVISION_URL": "https://hg.mozilla.org/releases/mozilla-esr68/rev/d2e0b9e17b9bc1ef02606c8006b73293f7892ad5",
            "TELEMETRY_PING_FORMAT_VERSION": 4,
            "XP_UNIX": true,
            "isPlatformAndVersionAtLeast": {},
            "isPlatformAndVersionAtMost": {},
            "platform": "android"
          },
          "userAgent": "Mozilla/5.0 (Android 8.1.0; Mobile; rv:68.0) Gecko/68.0 Firefox/68.0",
          "windowSize": "360x560"
        },
        "pageinfo": {
          "documentHeight": 9578,
          "documentSize": {
            "decodedBodySize": 18000,
            "encodedBodySize": 5849,
            "transferSize": 6200
          },
          "documentTitle": "ニコニコ",
          "documentWidth": 360,
          "domElements": 1117,
          "navigationStartTime": 1617069234892,
          "nextHopProtocol": "http/1.1",
          "resources": {
            "count": 0,
            "duration": 0
          },
          "responsive": true,
          "url": "https://sp.nicovideo.jp/",
          "visualElements": {
            "heroes": [
              {
                "filename": "r640x360l?key=c7bd86d8bdb13c7c87cc0784cd7e04339e5d3e332bb83d3aadedbd41fb5e70db",
                "height": 203,
                "name": "LargestImage",
                "width": 360,
                "x": 0,
                "y": 44
              }
            ],
            "viewport": {
              "height": 560,
              "width": 360
            }
          }
        },
        "timings": {
          "firstPaint": 3742,
          "loadEventEnd": 19187,
          "navigationTiming": {
            "connectStart": 680,
            "domComplete": 19186,
            "domContentLoadedEventEnd": 4258,
            "domContentLoadedEventStart": 3801,
            "domInteractive": 2844,
            "domainLookupEnd": 679,
            "domainLookupStart": 679,
            "duration": 19187,
            "fetchStart": 658,
            "loadEventEnd": 19187,
            "loadEventStart": 19187,
            "redirectEnd": 656,
            "redirectStart": 2,
            "requestStart": 1084,
            "responseEnd": 1274,
            "responseStart": 1264,
            "secureConnectionStart": 868,
            "startTime": 0,
            "unloadEventEnd": 0,
            "unloadEventStart": 0,
            "workerStart": 0
          },
          "pageTimings": {
            "backEndTime": 1264,
            "domContentLoadedTime": 3801,
            "domInteractiveTime": 2844,
            "domainLookupTime": 0,
            "frontEndTime": 17913,
            "pageDownloadTime": 10,
            "pageLoadTime": 19187,
            "redirectionTime": 654,
            "serverConnectionTime": 404,
            "serverResponseTime": 190
          },
          "rumSpeedIndex": 1264,
          "timeToContentfulPaint": 3920,
          "timeToDomContentFlushed": 3726,
          "userTimings": {
            "marks": [],
            "measures": []
          }
        }
      },
      {
        "browser": {
          "appConstants": {
            "ACCESSIBILITY": true,
            "ANDROID_PACKAGE_NAME": "org.mozilla.firefox",
            "ASAN": false,
            "ASAN_REPORTER": false,
            "BROWSER_CHROME_URL": "chrome://browser/content/browser.xul",
            "DEBUG": false,
            "DEBUG_JS_MODULES": "",
            "DLL_PREFIX": "lib",
            "DLL_SUFFIX": ".so",
            "EARLY_BETA_OR_EARLIER": false,
            "FENNEC_NIGHTLY": false,
            "HAVE_SHELL_SERVICE": false,
            "HAVE_USR_LIB64_DIR": false,
            "MENUBAR_CAN_AUTOHIDE": false,
            "MOZILLA_OFFICIAL": true,
            "MOZ_ALLOW_LEGACY_EXTENSIONS": false,
            "MOZ_ANDROID_ACTIVITY_STREAM": false,
            "MOZ_ANDROID_HISTORY": true,
            "MOZ_ANDROID_MOZILLA_ONLINE": false,
            "MOZ_APP_NAME": "fennec",
            "MOZ_APP_VERSION": "68.1.1",
            "MOZ_APP_VERSION_DISPLAY": "68.1.1",
            "MOZ_BING_API_CLIENTID": "no-bing-api-clientid",
            "MOZ_BING_API_KEY": "no-bing-api-key",
            "MOZ_BITS_DOWNLOAD": false,
            "MOZ_BUILD_APP": "mobile/android",
            "MOZ_CODE_COVERAGE": false,
            "MOZ_CRASHREPORTER": true,
            "MOZ_DATA_REPORTING": true,
            "MOZ_DEV_EDITION": false,
            "MOZ_GECKO_PROFILER": true,
            "MOZ_GOOGLE_LOCATION_SERVICE_API_KEY": "AIzaSyB2h2OuRcUgy5N-5hsZqiPW6sH3n_rptiQ",
            "MOZ_GOOGLE_SAFEBROWSING_API_KEY": "AIzaSyC7jsptDS3am4tPx4r3nxis7IMjBc5Dovo",
            "MOZ_GRAPHENE": false,
            "MOZ_MACBUNDLE_NAME": "Firefox.app",
            "MOZ_MAINTENANCE_SERVICE": false,
            "MOZ_MOZILLA_API_KEY": "3b4d27dd-703d-4094-8398-4de2c763505a",
            "MOZ_NEW_CERT_STORAGE": false,
            "MOZ_NEW_NOTIFICATION_STORE": false,
            "MOZ_NEW_XULSTORE": false,
            "MOZ_OFFICIAL_BRANDING": false,
            "MOZ_PLACES": false,
            "MOZ_REQUIRE_SIGNING": false,
            "MOZ_SANDBOX": false,
            "MOZ_SERVICES_HEALTHREPORT": true,
            "MOZ_SERVICES_SYNC": false,
            "MOZ_SWITCHBOARD": true,
            "MOZ_SYSTEM_NSS": false,
            "MOZ_TELEMETRY_ON_BY_DEFAULT": false,
            "MOZ_TELEMETRY_REPORTING": true,
            "MOZ_UNSIGNED_SCOPES": 0,
            "MOZ_UPDATER": false,
            "MOZ_UPDATE_CHANNEL": "release",
            "MOZ_WEBRTC": true,
            "MOZ_WIDGET_GTK": false,
            "MOZ_WIDGET_TOOLKIT": "android",
            "NIGHTLY_BUILD": false,
            "OMNIJAR_NAME": "assets/omni.ja",
            "RELEASE_OR_BETA": true,
            "SOURCE_REVISION_URL": "https://hg.mozilla.org/releases/mozilla-esr68/rev/d2e0b9e17b9bc1ef02606c8006b73293f7892ad5",
            "TELEMETRY_PING_FORMAT_VERSION": 4,
            "XP_UNIX": true,
            "isPlatformAndVersionAtLeast": {},
            "isPlatformAndVersionAtMost": {},
            "platform": "android"
          },
          "asyncAppConstants": {
            "ACCESSIBILITY": true,
            "ANDROID_PACKAGE_NAME": "org.mozilla.firefox",
            "ASAN": false,
            "ASAN_REPORTER": false,
            "BROWSER_CHROME_URL": "chrome://browser/content/browser.xul",
            "DEBUG": false,
            "DEBUG_JS_MODULES": "",
            "DLL_PREFIX": "lib",
            "DLL_SUFFIX": ".so",
            "EARLY_BETA_OR_EARLIER": false,
            "FENNEC_NIGHTLY": false,
            "HAVE_SHELL_SERVICE": false,
            "HAVE_USR_LIB64_DIR": false,
            "MENUBAR_CAN_AUTOHIDE": false,
            "MOZILLA_OFFICIAL": true,
            "MOZ_ALLOW_LEGACY_EXTENSIONS": false,
            "MOZ_ANDROID_ACTIVITY_STREAM": false,
            "MOZ_ANDROID_HISTORY": true,
            "MOZ_ANDROID_MOZILLA_ONLINE": false,
            "MOZ_APP_NAME": "fennec",
            "MOZ_APP_VERSION": "68.1.1",
            "MOZ_APP_VERSION_DISPLAY": "68.1.1",
            "MOZ_BING_API_CLIENTID": "no-bing-api-clientid",
            "MOZ_BING_API_KEY": "no-bing-api-key",
            "MOZ_BITS_DOWNLOAD": false,
            "MOZ_BUILD_APP": "mobile/android",
            "MOZ_CODE_COVERAGE": false,
            "MOZ_CRASHREPORTER": true,
            "MOZ_DATA_REPORTING": true,
            "MOZ_DEV_EDITION": false,
            "MOZ_GECKO_PROFILER": true,
            "MOZ_GOOGLE_LOCATION_SERVICE_API_KEY": "AIzaSyB2h2OuRcUgy5N-5hsZqiPW6sH3n_rptiQ",
            "MOZ_GOOGLE_SAFEBROWSING_API_KEY": "AIzaSyC7jsptDS3am4tPx4r3nxis7IMjBc5Dovo",
            "MOZ_GRAPHENE": false,
            "MOZ_MACBUNDLE_NAME": "Firefox.app",
            "MOZ_MAINTENANCE_SERVICE": false,
            "MOZ_MOZILLA_API_KEY": "3b4d27dd-703d-4094-8398-4de2c763505a",
            "MOZ_NEW_CERT_STORAGE": false,
            "MOZ_NEW_NOTIFICATION_STORE": false,
            "MOZ_NEW_XULSTORE": false,
            "MOZ_OFFICIAL_BRANDING": false,
            "MOZ_PLACES": false,
            "MOZ_REQUIRE_SIGNING": false,
            "MOZ_SANDBOX": false,
            "MOZ_SERVICES_HEALTHREPORT": true,
            "MOZ_SERVICES_SYNC": false,
            "MOZ_SWITCHBOARD": true,
            "MOZ_SYSTEM_NSS": false,
            "MOZ_TELEMETRY_ON_BY_DEFAULT": false,
            "MOZ_TELEMETRY_REPORTING": true,
            "MOZ_UNSIGNED_SCOPES": 0,
            "MOZ_UPDATER": false,
            "MOZ_UPDATE_CHANNEL": "release",
            "MOZ_WEBRTC": true,
            "MOZ_WIDGET_GTK": false,
            "MOZ_WIDGET_TOOLKIT": "android",
            "NIGHTLY_BUILD": false,
            "OMNIJAR_NAME": "assets/omni.ja",
            "RELEASE_OR_BETA": true,
            "SOURCE_REVISION_URL": "https://hg.mozilla.org/releases/mozilla-esr68/rev/d2e0b9e17b9bc1ef02606c8006b73293f7892ad5",
            "TELEMETRY_PING_FORMAT_VERSION": 4,
            "XP_UNIX": true,
            "isPlatformAndVersionAtLeast": {},
            "isPlatformAndVersionAtMost": {},
            "platform": "android"
          },
          "userAgent": "Mozilla/5.0 (Android 8.1.0; Mobile; rv:68.0) Gecko/68.0 Firefox/68.0",
          "windowSize": "360x560"
        },
        "pageinfo": {
          "documentHeight": 9595,
          "documentSize": {
            "decodedBodySize": 18000,
            "encodedBodySize": 5851,
            "transferSize": 6203
          },
          "documentTitle": "ニコニコ",
          "documentWidth": 360,
          "domElements": 1115,
          "navigationStartTime": 1617069309806,
          "nextHopProtocol": "http/1.1",
          "resources": {
            "count": 0,
            "duration": 0
          },
          "responsive": true,
          "url": "https://sp.nicovideo.jp/",
          "visualElements": {
            "heroes": [
              {
                "filename": "r640x360l?key=c7bd86d8bdb13c7c87cc0784cd7e04339e5d3e332bb83d3aadedbd41fb5e70db",
                "height": 203,
                "name": "LargestImage",
                "width": 360,
                "x": 0,
                "y": 44
              }
            ],
            "viewport": {
              "height": 560,
              "width": 360
            }
          }
        },
        "timings": {
          "firstPaint": 3357,
          "loadEventEnd": 18281,
          "navigationTiming": {
            "connectStart": 704,
            "domComplete": 18280,
            "domContentLoadedEventEnd": 3741,
            "domContentLoadedEventStart": 3396,
            "domInteractive": 2710,
            "domainLookupEnd": 704,
            "domainLookupStart": 704,
            "duration": 18281,
            "fetchStart": 681,
            "loadEventEnd": 18281,
            "loadEventStart": 18280,
            "redirectEnd": 678,
            "redirectStart": 3,
            "requestStart": 1111,
            "responseEnd": 1290,
            "responseStart": 1282,
            "secureConnectionStart": 880,
            "startTime": 0,
            "unloadEventEnd": 0,
            "unloadEventStart": 0,
            "workerStart": 0
          },
          "pageTimings": {
            "backEndTime": 1282,
            "domContentLoadedTime": 3396,
            "domInteractiveTime": 2710,
            "domainLookupTime": 0,
            "frontEndTime": 16990,
            "pageDownloadTime": 8,
            "pageLoadTime": 18280,
            "redirectionTime": 675,
            "serverConnectionTime": 406,
            "serverResponseTime": 179
          },
          "rumSpeedIndex": 1281,
          "timeToContentfulPaint": 3514,
          "timeToDomContentFlushed": 3346,
          "userTimings": {
            "marks": [],
            "measures": []
          }
        }
      },
      {
        "browser": {
          "appConstants": {
            "ACCESSIBILITY": true,
            "ANDROID_PACKAGE_NAME": "org.mozilla.firefox",
            "ASAN": false,
            "ASAN_REPORTER": false,
            "BROWSER_CHROME_URL": "chrome://browser/content/browser.xul",
            "DEBUG": false,
            "DEBUG_JS_MODULES": "",
            "DLL_PREFIX": "lib",
            "DLL_SUFFIX": ".so",
            "EARLY_BETA_OR_EARLIER": false,
            "FENNEC_NIGHTLY": false,
            "HAVE_SHELL_SERVICE": false,
            "HAVE_USR_LIB64_DIR": false,
            "MENUBAR_CAN_AUTOHIDE": false,
            "MOZILLA_OFFICIAL": true,
            "MOZ_ALLOW_LEGACY_EXTENSIONS": false,
            "MOZ_ANDROID_ACTIVITY_STREAM": false,
            "MOZ_ANDROID_HISTORY": true,
            "MOZ_ANDROID_MOZILLA_ONLINE": false,
            "MOZ_APP_NAME": "fennec",
            "MOZ_APP_VERSION": "68.1.1",
            "MOZ_APP_VERSION_DISPLAY": "68.1.1",
            "MOZ_BING_API_CLIENTID": "no-bing-api-clientid",
            "MOZ_BING_API_KEY": "no-bing-api-key",
            "MOZ_BITS_DOWNLOAD": false,
            "MOZ_BUILD_APP": "mobile/android",
            "MOZ_CODE_COVERAGE": false,
            "MOZ_CRASHREPORTER": true,
            "MOZ_DATA_REPORTING": true,
            "MOZ_DEV_EDITION": false,
            "MOZ_GECKO_PROFILER": true,
            "MOZ_GOOGLE_LOCATION_SERVICE_API_KEY": "AIzaSyB2h2OuRcUgy5N-5hsZqiPW6sH3n_rptiQ",
            "MOZ_GOOGLE_SAFEBROWSING_API_KEY": "AIzaSyC7jsptDS3am4tPx4r3nxis7IMjBc5Dovo",
            "MOZ_GRAPHENE": false,
            "MOZ_MACBUNDLE_NAME": "Firefox.app",
            "MOZ_MAINTENANCE_SERVICE": false,
            "MOZ_MOZILLA_API_KEY": "3b4d27dd-703d-4094-8398-4de2c763505a",
            "MOZ_NEW_CERT_STORAGE": false,
            "MOZ_NEW_NOTIFICATION_STORE": false,
            "MOZ_NEW_XULSTORE": false,
            "MOZ_OFFICIAL_BRANDING": false,
            "MOZ_PLACES": false,
            "MOZ_REQUIRE_SIGNING": false,
            "MOZ_SANDBOX": false,
            "MOZ_SERVICES_HEALTHREPORT": true,
            "MOZ_SERVICES_SYNC": false,
            "MOZ_SWITCHBOARD": true,
            "MOZ_SYSTEM_NSS": false,
            "MOZ_TELEMETRY_ON_BY_DEFAULT": false,
            "MOZ_TELEMETRY_REPORTING": true,
            "MOZ_UNSIGNED_SCOPES": 0,
            "MOZ_UPDATER": false,
            "MOZ_UPDATE_CHANNEL": "release",
            "MOZ_WEBRTC": true,
            "MOZ_WIDGET_GTK": false,
            "MOZ_WIDGET_TOOLKIT": "android",
            "NIGHTLY_BUILD": false,
            "OMNIJAR_NAME": "assets/omni.ja",
            "RELEASE_OR_BETA": true,
            "SOURCE_REVISION_URL": "https://hg.mozilla.org/releases/mozilla-esr68/rev/d2e0b9e17b9bc1ef02606c8006b73293f7892ad5",
            "TELEMETRY_PING_FORMAT_VERSION": 4,
            "XP_UNIX": true,
            "isPlatformAndVersionAtLeast": {},
            "isPlatformAndVersionAtMost": {},
            "platform": "android"
          },
          "asyncAppConstants": {
            "ACCESSIBILITY": true,
            "ANDROID_PACKAGE_NAME": "org.mozilla.firefox",
            "ASAN": false,
            "ASAN_REPORTER": false,
            "BROWSER_CHROME_URL": "chrome://browser/content/browser.xul",
            "DEBUG": false,
            "DEBUG_JS_MODULES": "",
            "DLL_PREFIX": "lib",
            "DLL_SUFFIX": ".so",
            "EARLY_BETA_OR_EARLIER": false,
            "FENNEC_NIGHTLY": false,
            "HAVE_SHELL_SERVICE": false,
            "HAVE_USR_LIB64_DIR": false,
            "MENUBAR_CAN_AUTOHIDE": false,
            "MOZILLA_OFFICIAL": true,
            "MOZ_ALLOW_LEGACY_EXTENSIONS": false,
            "MOZ_ANDROID_ACTIVITY_STREAM": false,
            "MOZ_ANDROID_HISTORY": true,
            "MOZ_ANDROID_MOZILLA_ONLINE": false,
            "MOZ_APP_NAME": "fennec",
            "MOZ_APP_VERSION": "68.1.1",
            "MOZ_APP_VERSION_DISPLAY": "68.1.1",
            "MOZ_BING_API_CLIENTID": "no-bing-api-clientid",
            "MOZ_BING_API_KEY": "no-bing-api-key",
            "MOZ_BITS_DOWNLOAD": false,
            "MOZ_BUILD_APP": "mobile/android",
            "MOZ_CODE_COVERAGE": false,
            "MOZ_CRASHREPORTER": true,
            "MOZ_DATA_REPORTING": true,
            "MOZ_DEV_EDITION": false,
            "MOZ_GECKO_PROFILER": true,
            "MOZ_GOOGLE_LOCATION_SERVICE_API_KEY": "AIzaSyB2h2OuRcUgy5N-5hsZqiPW6sH3n_rptiQ",
            "MOZ_GOOGLE_SAFEBROWSING_API_KEY": "AIzaSyC7jsptDS3am4tPx4r3nxis7IMjBc5Dovo",
            "MOZ_GRAPHENE": false,
            "MOZ_MACBUNDLE_NAME": "Firefox.app",
            "MOZ_MAINTENANCE_SERVICE": false,
            "MOZ_MOZILLA_API_KEY": "3b4d27dd-703d-4094-8398-4de2c763505a",
            "MOZ_NEW_CERT_STORAGE": false,
            "MOZ_NEW_NOTIFICATION_STORE": false,
            "MOZ_NEW_XULSTORE": false,
            "MOZ_OFFICIAL_BRANDING": false,
            "MOZ_PLACES": false,
            "MOZ_REQUIRE_SIGNING": false,
            "MOZ_SANDBOX": false,
            "MOZ_SERVICES_HEALTHREPORT": true,
            "MOZ_SERVICES_SYNC": false,
            "MOZ_SWITCHBOARD": true,
            "MOZ_SYSTEM_NSS": false,
            "MOZ_TELEMETRY_ON_BY_DEFAULT": false,
            "MOZ_TELEMETRY_REPORTING": true,
            "MOZ_UNSIGNED_SCOPES": 0,
            "MOZ_UPDATER": false,
            "MOZ_UPDATE_CHANNEL": "release",
            "MOZ_WEBRTC": true,
            "MOZ_WIDGET_GTK": false,
            "MOZ_WIDGET_TOOLKIT": "android",
            "NIGHTLY_BUILD": false,
            "OMNIJAR_NAME": "assets/omni.ja",
            "RELEASE_OR_BETA": true,
            "SOURCE_REVISION_URL": "https://hg.mozilla.org/releases/mozilla-esr68/rev/d2e0b9e17b9bc1ef02606c8006b73293f7892ad5",
            "TELEMETRY_PING_FORMAT_VERSION": 4,
            "XP_UNIX": true,
            "isPlatformAndVersionAtLeast": {},
            "isPlatformAndVersionAtMost": {},
            "platform": "android"
          },
          "userAgent": "Mozilla/5.0 (Android 8.1.0; Mobile; rv:68.0) Gecko/68.0 Firefox/68.0",
          "windowSize": "360x560"
        },
        "pageinfo": {
          "documentHeight": 9101,
          "documentSize": {
            "decodedBodySize": 18000,
            "encodedBodySize": 5850,
            "transferSize": 6202
          },
          "documentTitle": "ニコニコ",
          "documentWidth": 360,
          "domElements": 1194,
          "navigationStartTime": 1617069391676,
          "nextHopProtocol": "http/1.1",
          "resources": {
            "count": 0,
            "duration": 0
          },
          "responsive": true,
          "url": "https://sp.nicovideo.jp/",
          "visualElements": {
            "heroes": [
              {
                "filename": "r640x360l?key=7e27b7fcbba9c4a9cc2621bcc40c2e554252ab3762821e07e75b825601b5476f",
                "height": 203,
                "name": "LargestImage",
                "width": 361,
                "x": 0,
                "y": 44
              }
            ],
            "viewport": {
              "height": 560,
              "width": 360
            }
          }
        },
        "timings": {
          "firstPaint": 4870,
          "loadEventEnd": 22032,
          "navigationTiming": {
            "connectStart": 731,
            "domComplete": 22019,
            "domContentLoadedEventEnd": 5387,
            "domContentLoadedEventStart": 4933,
            "domInteractive": 3752,
            "domainLookupEnd": 730,
            "domainLookupStart": 730,
            "duration": 22032,
            "fetchStart": 690,
            "loadEventEnd": 22032,
            "loadEventStart": 22019,
            "redirectEnd": 678,
            "redirectStart": 2,
            "requestStart": 1185,
            "responseEnd": 1356,
            "responseStart": 1350,
            "secureConnectionStart": 899,
            "startTime": 0,
            "unloadEventEnd": 0,
            "unloadEventStart": 0,
            "workerStart": 0
          },
          "pageTimings": {
            "backEndTime": 1350,
            "domContentLoadedTime": 4933,
            "domInteractiveTime": 3752,
            "domainLookupTime": 0,
            "frontEndTime": 20663,
            "pageDownloadTime": 6,
            "pageLoadTime": 22019,
            "redirectionTime": 676,
            "serverConnectionTime": 454,
            "serverResponseTime": 171
          },
          "rumSpeedIndex": 1349,
          "timeToContentfulPaint": 5059,
          "timeToDomContentFlushed": 4853,
          "userTimings": {
            "marks": [],
            "measures": []
          }
        }
      }
    ],
    "visualMetrics": [],
    "cpu": [],
    "extras": [
      {},
      {},
      {}
    ],
    "fullyLoaded": [],
    "errors": [
      [],
      [],
      []
    ],
    "statistics": {
      "browser": {
        "appConstants": {
          "MOZ_UNSIGNED_SCOPES": {
            "median": 0,
            "mean": 0,
            "mdev": 0,
            "stddev": 0,
            "min": 0,
            "p10": 0,
            "p90": 0,
            "p99": 0,
            "max": 0
          },
          "TELEMETRY_PING_FORMAT_VERSION": {
            "median": 4,
            "mean": 4,
            "mdev": 0,
            "stddev": 0,
            "min": 4,
            "p10": 4,
            "p90": 4,
            "p99": 4,
            "max": 4
          }
        },
        "asyncAppConstants": {
          "MOZ_UNSIGNED_SCOPES": {
            "median": 0,
            "mean": 0,
            "mdev": 0,
            "stddev": 0,
            "min": 0,
            "p10": 0,
            "p90": 0,
            "p99": 0,
            "max": 0
          },
          "TELEMETRY_PING_FORMAT_VERSION": {
            "median": 4,
            "mean": 4,
            "mdev": 0,
            "stddev": 0,
            "min": 4,
            "p10": 4,
            "p90": 4,
            "p99": 4,
            "max": 4
          }
        }
      },
      "pageinfo": {
        "documentHeight": {
          "median": 9578,
          "mean": 9425,
          "mdev": 132.1971,
          "stddev": 229,
          "min": 9101,
          "p10": 9101,
          "p90": 9595,
          "p99": 9595,
          "max": 9595
        },
        "documentSize": {
          "decodedBodySize": {
            "median": 18000,
            "mean": 18000,
            "mdev": 0,
            "stddev": 0,
            "min": 18000,
            "p10": 18000,
            "p90": 18000,
            "p99": 18000,
            "max": 18000
          },
          "encodedBodySize": {
            "median": 5850,
            "mean": 5850,
            "mdev": 0.4714,
            "stddev": 1,
            "min": 5849,
            "p10": 5849,
            "p90": 5851,
            "p99": 5851,
            "max": 5851
          },
          "transferSize": {
            "median": 6202,
            "mean": 6202,
            "mdev": 0.7201,
            "stddev": 1,
            "min": 6200,
            "p10": 6200,
            "p90": 6203,
            "p99": 6203,
            "max": 6203
          }
        },
        "documentWidth": {
          "median": 360,
          "mean": 360,
          "mdev": 0,
          "stddev": 0,
          "min": 360,
          "p10": 360,
          "p90": 360,
          "p99": 360,
          "max": 360
        },
        "domElements": {
          "median": 1117,
          "mean": 1142,
          "mdev": 21.2341,
          "stddev": 37,
          "min": 1115,
          "p10": 1115,
          "p90": 1194,
          "p99": 1194,
          "max": 1194
        },
        "navigationStartTime": {
          "median": 1617069309806,
          "mean": 1617069312125,
          "mdev": 35673.28,
          "stddev": 61788,
          "min": 1617069234892,
          "p10": 1617069234892,
          "p90": 1617069391676,
          "p99": 1617069391676,
          "max": 1617069391676
        },
        "resources": {
          "count": {
            "median": 0,
            "mean": 0,
            "mdev": 0,
            "stddev": 0,
            "min": 0,
            "p10": 0,
            "p90": 0,
            "p99": 0,
            "max": 0
          },
          "duration": {
            "median": 0,
            "mean": 0,
            "mdev": 0,
            "stddev": 0,
            "min": 0,
            "p10": 0,
            "p90": 0,
            "p99": 0,
            "max": 0
          }
        },
        "visualElements": {
          "heroes": [
            {
              "height": {
                "median": 203,
                "mean": 203,
                "mdev": 0,
                "stddev": 0,
                "min": 203,
                "p10": 203,
                "p90": 203,
                "p99": 203,
                "max": 203
              },
              "width": {
                "median": 360,
                "mean": 360,
                "mdev": 0.2722,
                "stddev": 0,
                "min": 360,
                "p10": 360,
                "p90": 361,
                "p99": 361,
                "max": 361
              },
              "x": {
                "median": 0,
                "mean": 0,
                "mdev": 0,
                "stddev": 0,
                "min": 0,
                "p10": 0,
                "p90": 0,
                "p99": 0,
                "max": 0
              },
              "y": {
                "median": 44,
                "mean": 44,
                "mdev": 0,
                "stddev": 0,
                "min": 44,
                "p10": 44,
                "p90": 44,
                "p99": 44,
                "max": 44
              }
            }
          ],
          "viewport": {
            "height": {
              "median": 560,
              "mean": 560,
              "mdev": 0,
              "stddev": 0,
              "min": 560,
              "p10": 560,
              "p90": 560,
              "p99": 560,
              "max": 560
            },
            "width": {
              "median": 360,
              "mean": 360,
              "mdev": 0,
              "stddev": 0,
              "min": 360,
              "p10": 360,
              "p90": 360,
              "p99": 360,
              "max": 360
            }
          }
        }
      },
      "timings": {
        "firstPaint": {
          "median": 3742,
          "mean": 3990,
          "mdev": 370.674,
          "stddev": 642,
          "min": 3357,
          "p10": 3357,
          "p90": 4870,
          "p99": 4870,
          "max": 4870
        },
        "loadEventEnd": {
          "median": 19187,
          "mean": 19833,
          "mdev": 922.6544,
          "stddev": 1598,
          "min": 18281,
          "p10": 18281,
          "p90": 22032,
          "p99": 22032,
          "max": 22032
        },
        "navigationTiming": {
          "connectStart": {
            "median": 704,
            "mean": 705,
            "mdev": 12.0277,
            "stddev": 21,
            "min": 680,
            "p10": 680,
            "p90": 731,
            "p99": 731,
            "max": 731
          },
          "domComplete": {
            "median": 19186,
            "mean": 19828,
            "mdev": 919.4774,
            "stddev": 1593,
            "min": 18280,
            "p10": 18280,
            "p90": 22019,
            "p99": 22019,
            "max": 22019
          },
          "domContentLoadedEventEnd": {
            "median": 4258,
            "mean": 4462,
            "mdev": 396.8042,
            "stddev": 687,
            "min": 3741,
            "p10": 3741,
            "p90": 5387,
            "p99": 5387,
            "max": 5387
          },
          "domContentLoadedEventStart": {
            "median": 3801,
            "mean": 4043,
            "mdev": 375.54,
            "stddev": 650,
            "min": 3396,
            "p10": 3396,
            "p90": 4933,
            "p99": 4933,
            "max": 4933
          },
          "domInteractive": {
            "median": 2844,
            "mean": 3102,
            "mdev": 267.2344,
            "stddev": 463,
            "min": 2710,
            "p10": 2710,
            "p90": 3752,
            "p99": 3752,
            "max": 3752
          },
          "domainLookupEnd": {
            "median": 704,
            "mean": 704,
            "mdev": 12.0216,
            "stddev": 21,
            "min": 679,
            "p10": 679,
            "p90": 730,
            "p99": 730,
            "max": 730
          },
          "domainLookupStart": {
            "median": 704,
            "mean": 704,
            "mdev": 12.0216,
            "stddev": 21,
            "min": 679,
            "p10": 679,
            "p90": 730,
            "p99": 730,
            "max": 730
          },
          "duration": {
            "median": 19187,
            "mean": 19833,
            "mdev": 922.6544,
            "stddev": 1598,
            "min": 18281,
            "p10": 18281,
            "p90": 22032,
            "p99": 22032,
            "max": 22032
          },
          "fetchStart": {
            "median": 681,
            "mean": 676,
            "mdev": 7.7794,
            "stddev": 13,
            "min": 658,
            "p10": 658,
            "p90": 690,
            "p99": 690,
            "max": 690
          },
          "loadEventEnd": {
            "median": 19187,
            "mean": 19833,
            "mdev": 922.6544,
            "stddev": 1598,
            "min": 18281,
            "p10": 18281,
            "p90": 22032,
            "p99": 22032,
            "max": 22032
          },
          "loadEventStart": {
            "median": 19187,
            "mean": 19829,
            "mdev": 919.3998,
            "stddev": 1592,
            "min": 18280,
            "p10": 18280,
            "p90": 22019,
            "p99": 22019,
            "max": 22019
          },
          "redirectEnd": {
            "median": 678,
            "mean": 671,
            "mdev": 5.9876,
            "stddev": 10,
            "min": 656,
            "p10": 656,
            "p90": 678,
            "p99": 678,
            "max": 678
          },
          "redirectStart": {
            "median": 2,
            "mean": 2,
            "mdev": 0.2722,
            "stddev": 0,
            "min": 2,
            "p10": 2,
            "p90": 3,
            "p99": 3,
            "max": 3
          },
          "requestStart": {
            "median": 1111,
            "mean": 1127,
            "mdev": 24.6501,
            "stddev": 43,
            "min": 1084,
            "p10": 1084,
            "p90": 1185,
            "p99": 1185,
            "max": 1185
          },
          "responseEnd": {
            "median": 1290,
            "mean": 1307,
            "mdev": 20.4903,
            "stddev": 35,
            "min": 1274,
            "p10": 1274,
            "p90": 1356,
            "p99": 1356,
            "max": 1356
          },
          "responseStart": {
            "median": 1282,
            "mean": 1299,
            "mdev": 21.3819,
            "stddev": 37,
            "min": 1264,
            "p10": 1264,
            "p90": 1350,
            "p99": 1350,
            "max": 1350
          },
          "secureConnectionStart": {
            "median": 880,
            "mean": 882,
            "mdev": 7.3686,
            "stddev": 13,
            "min": 868,
            "p10": 868,
            "p90": 899,
            "p99": 899,
            "max": 899
          },
          "startTime": {
            "median": 0,
            "mean": 0,
            "mdev": 0,
            "stddev": 0,
            "min": 0,
            "p10": 0,
            "p90": 0,
            "p99": 0,
            "max": 0
          },
          "unloadEventEnd": {
            "median": 0,
            "mean": 0,
            "mdev": 0,
            "stddev": 0,
            "min": 0,
            "p10": 0,
            "p90": 0,
            "p99": 0,
            "max": 0
          },
          "unloadEventStart": {
            "median": 0,
            "mean": 0,
            "mdev": 0,
            "stddev": 0,
            "min": 0,
            "p10": 0,
            "p90": 0,
            "p99": 0,
            "max": 0
          },
          "workerStart": {
            "median": 0,
            "mean": 0,
            "mdev": 0,
            "stddev": 0,
            "min": 0,
            "p10": 0,
            "p90": 0,
            "p99": 0,
            "max": 0
          }
        },
        "pageTimings": {
          "backEndTime": {
            "median": 1282,
            "mean": 1299,
            "mdev": 21.3819,
            "stddev": 37,
            "min": 1264,
            "p10": 1264,
            "p90": 1350,
            "p99": 1350,
            "max": 1350
          },
          "domContentLoadedTime": {
            "median": 3801,
            "mean": 4043,
            "mdev": 375.54,
            "stddev": 650,
            "min": 3396,
            "p10": 3396,
            "p90": 4933,
            "p99": 4933,
            "max": 4933
          },
          "domInteractiveTime": {
            "median": 2844,
            "mean": 3102,
            "mdev": 267.2344,
            "stddev": 463,
            "min": 2710,
            "p10": 2710,
            "p90": 3752,
            "p99": 3752,
            "max": 3752
          },
          "domainLookupTime": {
            "median": 0,
            "mean": 0,
            "mdev": 0,
            "stddev": 0,
            "min": 0,
            "p10": 0,
            "p90": 0,
            "p99": 0,
            "max": 0
          },
          "frontEndTime": {
            "median": 17913,
            "mean": 18522,
            "mdev": 900.7272,
            "stddev": 1560,
            "min": 16990,
            "p10": 16990,
            "p90": 20663,
            "p99": 20663,
            "max": 20663
          },
          "pageDownloadTime": {
            "median": 8,
            "mean": 8,
            "mdev": 0.9428,
            "stddev": 2,
            "min": 6,
            "p10": 6,
            "p90": 10,
            "p99": 10,
            "max": 10
          },
          "pageLoadTime": {
            "median": 19187,
            "mean": 19829,
            "mdev": 919.3998,
            "stddev": 1592,
            "min": 18280,
            "p10": 18280,
            "p90": 22019,
            "p99": 22019,
            "max": 22019
          },
          "redirectionTime": {
            "median": 675,
            "mean": 668,
            "mdev": 5.8563,
            "stddev": 10,
            "min": 654,
            "p10": 654,
            "p90": 676,
            "p99": 676,
            "max": 676
          },
          "serverConnectionTime": {
            "median": 406,
            "mean": 421,
            "mdev": 13.3444,
            "stddev": 23,
            "min": 404,
            "p10": 404,
            "p90": 454,
            "p99": 454,
            "max": 454
          },
          "serverResponseTime": {
            "median": 179,
            "mean": 180,
            "mdev": 4.4969,
            "stddev": 8,
            "min": 171,
            "p10": 171,
            "p90": 190,
            "p99": 190,
            "max": 190
          }
        },
        "rumSpeedIndex": {
          "median": 1281,
          "mean": 1298,
          "mdev": 21.2027,
          "stddev": 37,
          "min": 1264,
          "p10": 1264,
          "p90": 1349,
          "p99": 1349,
          "max": 1349
        },
        "timeToContentfulPaint": {
          "median": 3920,
          "mean": 4164,
          "mdev": 377.5742,
          "stddev": 654,
          "min": 3514,
          "p10": 3514,
          "p90": 5059,
          "p99": 5059,
          "max": 5059
        },
        "timeToDomContentFlushed": {
          "median": 3726,
          "mean": 3975,
          "mdev": 369.463,
          "stddev": 640,
          "min": 3346,
          "p10": 3346,
          "p90": 4853,
          "p99": 4853,
          "max": 4853
        }
      }
    }
  }
]