[
  {
    "info": {
      "browsertime": {
        "version": "8.4.0"
      },
      "url": "https://www.aparat.com/",
      "timestamp": "2021-03-30T19:57:27+04:00",
      "connectivity": {
        "engine": "external",
        "profile": "native"
      },
      "extra": {}
    },
    "files": {
      "video": [],
      "screenshot": [],
      "timeline": [],
      "consoleLog": [],
      "netLog": [],
      "perfLog": []
    },
    "cdp": {
      "performance": []
    },
    "timestamps": [
      "2021-03-30T19:57:16+04:00",
      "2021-03-30T19:57:33+04:00",
      "2021-03-30T19:57:53+04:00"
    ],
    "browserScripts": [
      {
        "browser": {
          "appConstants": {
            "ACCESSIBILITY": true,
            "ANDROID_PACKAGE_NAME": "org.mozilla.firefox",
            "ASAN": false,
            "ASAN_REPORTER": false,
            "BROWSER_CHROME_URL": "chrome://browser/content/browser.xul",
            "DEBUG": false,
            "DEBUG_JS_MODULES": "",
            "DLL_PREFIX": "lib",
            "DLL_SUFFIX": ".so",
            "EARLY_BETA_OR_EARLIER": false,
            "FENNEC_NIGHTLY": false,
            "HAVE_SHELL_SERVICE": false,
            "HAVE_USR_LIB64_DIR": false,
            "MENUBAR_CAN_AUTOHIDE": false,
            "MOZILLA_OFFICIAL": true,
            "MOZ_ALLOW_LEGACY_EXTENSIONS": false,
            "MOZ_ANDROID_ACTIVITY_STREAM": false,
            "MOZ_ANDROID_HISTORY": true,
            "MOZ_ANDROID_MOZILLA_ONLINE": false,
            "MOZ_APP_NAME": "fennec",
            "MOZ_APP_VERSION": "68.1.1",
            "MOZ_APP_VERSION_DISPLAY": "68.1.1",
            "MOZ_BING_API_CLIENTID": "no-bing-api-clientid",
            "MOZ_BING_API_KEY": "no-bing-api-key",
            "MOZ_BITS_DOWNLOAD": false,
            "MOZ_BUILD_APP": "mobile/android",
            "MOZ_CODE_COVERAGE": false,
            "MOZ_CRASHREPORTER": true,
            "MOZ_DATA_REPORTING": true,
            "MOZ_DEV_EDITION": false,
            "MOZ_GECKO_PROFILER": true,
            "MOZ_GOOGLE_LOCATION_SERVICE_API_KEY": "AIzaSyB2h2OuRcUgy5N-5hsZqiPW6sH3n_rptiQ",
            "MOZ_GOOGLE_SAFEBROWSING_API_KEY": "AIzaSyC7jsptDS3am4tPx4r3nxis7IMjBc5Dovo",
            "MOZ_GRAPHENE": false,
            "MOZ_MACBUNDLE_NAME": "Firefox.app",
            "MOZ_MAINTENANCE_SERVICE": false,
            "MOZ_MOZILLA_API_KEY": "3b4d27dd-703d-4094-8398-4de2c763505a",
            "MOZ_NEW_CERT_STORAGE": false,
            "MOZ_NEW_NOTIFICATION_STORE": false,
            "MOZ_NEW_XULSTORE": false,
            "MOZ_OFFICIAL_BRANDING": false,
            "MOZ_PLACES": false,
            "MOZ_REQUIRE_SIGNING": false,
            "MOZ_SANDBOX": false,
            "MOZ_SERVICES_HEALTHREPORT": true,
            "MOZ_SERVICES_SYNC": false,
            "MOZ_SWITCHBOARD": true,
            "MOZ_SYSTEM_NSS": false,
            "MOZ_TELEMETRY_ON_BY_DEFAULT": false,
            "MOZ_TELEMETRY_REPORTING": true,
            "MOZ_UNSIGNED_SCOPES": 0,
            "MOZ_UPDATER": false,
            "MOZ_UPDATE_CHANNEL": "release",
            "MOZ_WEBRTC": true,
            "MOZ_WIDGET_GTK": false,
            "MOZ_WIDGET_TOOLKIT": "android",
            "NIGHTLY_BUILD": false,
            "OMNIJAR_NAME": "assets/omni.ja",
            "RELEASE_OR_BETA": true,
            "SOURCE_REVISION_URL": "https://hg.mozilla.org/releases/mozilla-esr68/rev/d2e0b9e17b9bc1ef02606c8006b73293f7892ad5",
            "TELEMETRY_PING_FORMAT_VERSION": 4,
            "XP_UNIX": true,
            "isPlatformAndVersionAtLeast": {},
            "isPlatformAndVersionAtMost": {},
            "platform": "android"
          },
          "asyncAppConstants": {
            "ACCESSIBILITY": true,
            "ANDROID_PACKAGE_NAME": "org.mozilla.firefox",
            "ASAN": false,
            "ASAN_REPORTER": false,
            "BROWSER_CHROME_URL": "chrome://browser/content/browser.xul",
            "DEBUG": false,
            "DEBUG_JS_MODULES": "",
            "DLL_PREFIX": "lib",
            "DLL_SUFFIX": ".so",
            "EARLY_BETA_OR_EARLIER": false,
            "FENNEC_NIGHTLY": false,
            "HAVE_SHELL_SERVICE": false,
            "HAVE_USR_LIB64_DIR": false,
            "MENUBAR_CAN_AUTOHIDE": false,
            "MOZILLA_OFFICIAL": true,
            "MOZ_ALLOW_LEGACY_EXTENSIONS": false,
            "MOZ_ANDROID_ACTIVITY_STREAM": false,
            "MOZ_ANDROID_HISTORY": true,
            "MOZ_ANDROID_MOZILLA_ONLINE": false,
            "MOZ_APP_NAME": "fennec",
            "MOZ_APP_VERSION": "68.1.1",
            "MOZ_APP_VERSION_DISPLAY": "68.1.1",
            "MOZ_BING_API_CLIENTID": "no-bing-api-clientid",
            "MOZ_BING_API_KEY": "no-bing-api-key",
            "MOZ_BITS_DOWNLOAD": false,
            "MOZ_BUILD_APP": "mobile/android",
            "MOZ_CODE_COVERAGE": false,
            "MOZ_CRASHREPORTER": true,
            "MOZ_DATA_REPORTING": true,
            "MOZ_DEV_EDITION": false,
            "MOZ_GECKO_PROFILER": true,
            "MOZ_GOOGLE_LOCATION_SERVICE_API_KEY": "AIzaSyB2h2OuRcUgy5N-5hsZqiPW6sH3n_rptiQ",
            "MOZ_GOOGLE_SAFEBROWSING_API_KEY": "AIzaSyC7jsptDS3am4tPx4r3nxis7IMjBc5Dovo",
            "MOZ_GRAPHENE": false,
            "MOZ_MACBUNDLE_NAME": "Firefox.app",
            "MOZ_MAINTENANCE_SERVICE": false,
            "MOZ_MOZILLA_API_KEY": "3b4d27dd-703d-4094-8398-4de2c763505a",
            "MOZ_NEW_CERT_STORAGE": false,
            "MOZ_NEW_NOTIFICATION_STORE": false,
            "MOZ_NEW_XULSTORE": false,
            "MOZ_OFFICIAL_BRANDING": false,
            "MOZ_PLACES": false,
            "MOZ_REQUIRE_SIGNING": false,
            "MOZ_SANDBOX": false,
            "MOZ_SERVICES_HEALTHREPORT": true,
            "MOZ_SERVICES_SYNC": false,
            "MOZ_SWITCHBOARD": true,
            "MOZ_SYSTEM_NSS": false,
            "MOZ_TELEMETRY_ON_BY_DEFAULT": false,
            "MOZ_TELEMETRY_REPORTING": true,
            "MOZ_UNSIGNED_SCOPES": 0,
            "MOZ_UPDATER": false,
            "MOZ_UPDATE_CHANNEL": "release",
            "MOZ_WEBRTC": true,
            "MOZ_WIDGET_GTK": false,
            "MOZ_WIDGET_TOOLKIT": "android",
            "NIGHTLY_BUILD": false,
            "OMNIJAR_NAME": "assets/omni.ja",
            "RELEASE_OR_BETA": true,
            "SOURCE_REVISION_URL": "https://hg.mozilla.org/releases/mozilla-esr68/rev/d2e0b9e17b9bc1ef02606c8006b73293f7892ad5",
            "TELEMETRY_PING_FORMAT_VERSION": 4,
            "XP_UNIX": true,
            "isPlatformAndVersionAtLeast": {},
            "isPlatformAndVersionAtMost": {},
            "platform": "android"
          },
          "userAgent": "Mozilla/5.0 (Android 9; Mobile; rv:68.0) Gecko/68.0 Firefox/68.0",
          "windowSize": "360x612"
        },
        "pageinfo": {
          "documentHeight": 1772,
          "documentSize": {
            "decodedBodySize": 127485,
            "encodedBodySize": 16966,
            "transferSize": 17791
          },
          "documentTitle": "آپارات - سرویس اشتراک ویدیو",
          "documentWidth": 360,
          "domElements": 1814,
          "navigationStartTime": 1617119836986,
          "nextHopProtocol": "http/1.1",
          "resources": {
            "count": 0,
            "duration": 0
          },
          "responsive": true,
          "url": "https://www.aparat.com/",
          "visualElements": {
            "heroes": [
              {
                "filename": "31617729-9670__7493.jpg",
                "height": 92,
                "name": "LargestImage",
                "width": 162,
                "x": 182,
                "y": 310
              }
            ],
            "viewport": {
              "height": 612,
              "width": 360
            }
          }
        },
        "timings": {
          "firstPaint": 2607,
          "loadEventEnd": 4524,
          "navigationTiming": {
            "connectStart": 293,
            "domComplete": 4520,
            "domContentLoadedEventEnd": 2686,
            "domContentLoadedEventStart": 2661,
            "domInteractive": 2493,
            "domainLookupEnd": 292,
            "domainLookupStart": 292,
            "duration": 4524,
            "fetchStart": 2,
            "loadEventEnd": 4524,
            "loadEventStart": 4520,
            "redirectEnd": 0,
            "redirectStart": 0,
            "requestStart": 630,
            "responseEnd": 749,
            "responseStart": 749,
            "secureConnectionStart": 419,
            "startTime": 0,
            "unloadEventEnd": 0,
            "unloadEventStart": 0,
            "workerStart": 0
          },
          "pageTimings": {
            "backEndTime": 749,
            "domContentLoadedTime": 2661,
            "domInteractiveTime": 2493,
            "domainLookupTime": 0,
            "frontEndTime": 3771,
            "pageDownloadTime": 0,
            "pageLoadTime": 4520,
            "redirectionTime": 0,
            "serverConnectionTime": 337,
            "serverResponseTime": 119
          },
          "rumSpeedIndex": 749,
          "timeToContentfulPaint": 2787,
          "timeToDomContentFlushed": 2589,
          "userTimings": {
            "marks": [],
            "measures": []
          }
        }
      },
      {
        "browser": {
          "appConstants": {
            "ACCESSIBILITY": true,
            "ANDROID_PACKAGE_NAME": "org.mozilla.firefox",
            "ASAN": false,
            "ASAN_REPORTER": false,
            "BROWSER_CHROME_URL": "chrome://browser/content/browser.xul",
            "DEBUG": false,
            "DEBUG_JS_MODULES": "",
            "DLL_PREFIX": "lib",
            "DLL_SUFFIX": ".so",
            "EARLY_BETA_OR_EARLIER": false,
            "FENNEC_NIGHTLY": false,
            "HAVE_SHELL_SERVICE": false,
            "HAVE_USR_LIB64_DIR": false,
            "MENUBAR_CAN_AUTOHIDE": false,
            "MOZILLA_OFFICIAL": true,
            "MOZ_ALLOW_LEGACY_EXTENSIONS": false,
            "MOZ_ANDROID_ACTIVITY_STREAM": false,
            "MOZ_ANDROID_HISTORY": true,
            "MOZ_ANDROID_MOZILLA_ONLINE": false,
            "MOZ_APP_NAME": "fennec",
            "MOZ_APP_VERSION": "68.1.1",
            "MOZ_APP_VERSION_DISPLAY": "68.1.1",
            "MOZ_BING_API_CLIENTID": "no-bing-api-clientid",
            "MOZ_BING_API_KEY": "no-bing-api-key",
            "MOZ_BITS_DOWNLOAD": false,
            "MOZ_BUILD_APP": "mobile/android",
            "MOZ_CODE_COVERAGE": false,
            "MOZ_CRASHREPORTER": true,
            "MOZ_DATA_REPORTING": true,
            "MOZ_DEV_EDITION": false,
            "MOZ_GECKO_PROFILER": true,
            "MOZ_GOOGLE_LOCATION_SERVICE_API_KEY": "AIzaSyB2h2OuRcUgy5N-5hsZqiPW6sH3n_rptiQ",
            "MOZ_GOOGLE_SAFEBROWSING_API_KEY": "AIzaSyC7jsptDS3am4tPx4r3nxis7IMjBc5Dovo",
            "MOZ_GRAPHENE": false,
            "MOZ_MACBUNDLE_NAME": "Firefox.app",
            "MOZ_MAINTENANCE_SERVICE": false,
            "MOZ_MOZILLA_API_KEY": "3b4d27dd-703d-4094-8398-4de2c763505a",
            "MOZ_NEW_CERT_STORAGE": false,
            "MOZ_NEW_NOTIFICATION_STORE": false,
            "MOZ_NEW_XULSTORE": false,
            "MOZ_OFFICIAL_BRANDING": false,
            "MOZ_PLACES": false,
            "MOZ_REQUIRE_SIGNING": false,
            "MOZ_SANDBOX": false,
            "MOZ_SERVICES_HEALTHREPORT": true,
            "MOZ_SERVICES_SYNC": false,
            "MOZ_SWITCHBOARD": true,
            "MOZ_SYSTEM_NSS": false,
            "MOZ_TELEMETRY_ON_BY_DEFAULT": false,
            "MOZ_TELEMETRY_REPORTING": true,
            "MOZ_UNSIGNED_SCOPES": 0,
            "MOZ_UPDATER": false,
            "MOZ_UPDATE_CHANNEL": "release",
            "MOZ_WEBRTC": true,
            "MOZ_WIDGET_GTK": false,
            "MOZ_WIDGET_TOOLKIT": "android",
            "NIGHTLY_BUILD": false,
            "OMNIJAR_NAME": "assets/omni.ja",
            "RELEASE_OR_BETA": true,
            "SOURCE_REVISION_URL": "https://hg.mozilla.org/releases/mozilla-esr68/rev/d2e0b9e17b9bc1ef02606c8006b73293f7892ad5",
            "TELEMETRY_PING_FORMAT_VERSION": 4,
            "XP_UNIX": true,
            "isPlatformAndVersionAtLeast": {},
            "isPlatformAndVersionAtMost": {},
            "platform": "android"
          },
          "asyncAppConstants": {
            "ACCESSIBILITY": true,
            "ANDROID_PACKAGE_NAME": "org.mozilla.firefox",
            "ASAN": false,
            "ASAN_REPORTER": false,
            "BROWSER_CHROME_URL": "chrome://browser/content/browser.xul",
            "DEBUG": false,
            "DEBUG_JS_MODULES": "",
            "DLL_PREFIX": "lib",
            "DLL_SUFFIX": ".so",
            "EARLY_BETA_OR_EARLIER": false,
            "FENNEC_NIGHTLY": false,
            "HAVE_SHELL_SERVICE": false,
            "HAVE_USR_LIB64_DIR": false,
            "MENUBAR_CAN_AUTOHIDE": false,
            "MOZILLA_OFFICIAL": true,
            "MOZ_ALLOW_LEGACY_EXTENSIONS": false,
            "MOZ_ANDROID_ACTIVITY_STREAM": false,
            "MOZ_ANDROID_HISTORY": true,
            "MOZ_ANDROID_MOZILLA_ONLINE": false,
            "MOZ_APP_NAME": "fennec",
            "MOZ_APP_VERSION": "68.1.1",
            "MOZ_APP_VERSION_DISPLAY": "68.1.1",
            "MOZ_BING_API_CLIENTID": "no-bing-api-clientid",
            "MOZ_BING_API_KEY": "no-bing-api-key",
            "MOZ_BITS_DOWNLOAD": false,
            "MOZ_BUILD_APP": "mobile/android",
            "MOZ_CODE_COVERAGE": false,
            "MOZ_CRASHREPORTER": true,
            "MOZ_DATA_REPORTING": true,
            "MOZ_DEV_EDITION": false,
            "MOZ_GECKO_PROFILER": true,
            "MOZ_GOOGLE_LOCATION_SERVICE_API_KEY": "AIzaSyB2h2OuRcUgy5N-5hsZqiPW6sH3n_rptiQ",
            "MOZ_GOOGLE_SAFEBROWSING_API_KEY": "AIzaSyC7jsptDS3am4tPx4r3nxis7IMjBc5Dovo",
            "MOZ_GRAPHENE": false,
            "MOZ_MACBUNDLE_NAME": "Firefox.app",
            "MOZ_MAINTENANCE_SERVICE": false,
            "MOZ_MOZILLA_API_KEY": "3b4d27dd-703d-4094-8398-4de2c763505a",
            "MOZ_NEW_CERT_STORAGE": false,
            "MOZ_NEW_NOTIFICATION_STORE": false,
            "MOZ_NEW_XULSTORE": false,
            "MOZ_OFFICIAL_BRANDING": false,
            "MOZ_PLACES": false,
            "MOZ_REQUIRE_SIGNING": false,
            "MOZ_SANDBOX": false,
            "MOZ_SERVICES_HEALTHREPORT": true,
            "MOZ_SERVICES_SYNC": false,
            "MOZ_SWITCHBOARD": true,
            "MOZ_SYSTEM_NSS": false,
            "MOZ_TELEMETRY_ON_BY_DEFAULT": false,
            "MOZ_TELEMETRY_REPORTING": true,
            "MOZ_UNSIGNED_SCOPES": 0,
            "MOZ_UPDATER": false,
            "MOZ_UPDATE_CHANNEL": "release",
            "MOZ_WEBRTC": true,
            "MOZ_WIDGET_GTK": false,
            "MOZ_WIDGET_TOOLKIT": "android",
            "NIGHTLY_BUILD": false,
            "OMNIJAR_NAME": "assets/omni.ja",
            "RELEASE_OR_BETA": true,
            "SOURCE_REVISION_URL": "https://hg.mozilla.org/releases/mozilla-esr68/rev/d2e0b9e17b9bc1ef02606c8006b73293f7892ad5",
            "TELEMETRY_PING_FORMAT_VERSION": 4,
            "XP_UNIX": true,
            "isPlatformAndVersionAtLeast": {},
            "isPlatformAndVersionAtMost": {},
            "platform": "android"
          },
          "userAgent": "Mozilla/5.0 (Android 9; Mobile; rv:68.0) Gecko/68.0 Firefox/68.0",
          "windowSize": "360x612"
        },
        "pageinfo": {
          "documentHeight": 1904,
          "documentSize": {
            "decodedBodySize": 130061,
            "encodedBodySize": 17328,
            "transferSize": 18147
          },
          "documentTitle": "آپارات - سرویس اشتراک ویدیو",
          "documentWidth": 360,
          "domElements": 1839,
          "navigationStartTime": 1617119854344,
          "nextHopProtocol": "http/1.1",
          "resources": {
            "count": 0,
            "duration": 0
          },
          "responsive": true,
          "url": "https://www.aparat.com/",
          "visualElements": {
            "heroes": [
              {
                "filename": "31655456-2794__8106.jpg",
                "height": 92,
                "name": "LargestImage",
                "width": 162,
                "x": 182,
                "y": 254
              }
            ],
            "viewport": {
              "height": 612,
              "width": 360
            }
          }
        },
        "timings": {
          "firstPaint": 2906,
          "loadEventEnd": 6456,
          "navigationTiming": {
            "connectStart": 92,
            "domComplete": 6424,
            "domContentLoadedEventEnd": 2902,
            "domContentLoadedEventStart": 2878,
            "domInteractive": 2713,
            "domainLookupEnd": 92,
            "domainLookupStart": 92,
            "duration": 6456,
            "fetchStart": 2,
            "loadEventEnd": 6456,
            "loadEventStart": 6424,
            "redirectEnd": 0,
            "redirectStart": 0,
            "requestStart": 376,
            "responseEnd": 484,
            "responseStart": 484,
            "secureConnectionStart": 207,
            "startTime": 0,
            "unloadEventEnd": 0,
            "unloadEventStart": 0,
            "workerStart": 0
          },
          "pageTimings": {
            "backEndTime": 484,
            "domContentLoadedTime": 2878,
            "domInteractiveTime": 2713,
            "domainLookupTime": 0,
            "frontEndTime": 5940,
            "pageDownloadTime": 0,
            "pageLoadTime": 6424,
            "redirectionTime": 0,
            "serverConnectionTime": 284,
            "serverResponseTime": 107
          },
          "rumSpeedIndex": 483,
          "timeToContentfulPaint": 3108,
          "timeToDomContentFlushed": 2858,
          "timeToFirstInteractive": 7169,
          "userTimings": {
            "marks": [],
            "measures": []
          }
        }
      },
      {
        "browser": {
          "appConstants": {
            "ACCESSIBILITY": true,
            "ANDROID_PACKAGE_NAME": "org.mozilla.firefox",
            "ASAN": false,
            "ASAN_REPORTER": false,
            "BROWSER_CHROME_URL": "chrome://browser/content/browser.xul",
            "DEBUG": false,
            "DEBUG_JS_MODULES": "",
            "DLL_PREFIX": "lib",
            "DLL_SUFFIX": ".so",
            "EARLY_BETA_OR_EARLIER": false,
            "FENNEC_NIGHTLY": false,
            "HAVE_SHELL_SERVICE": false,
            "HAVE_USR_LIB64_DIR": false,
            "MENUBAR_CAN_AUTOHIDE": false,
            "MOZILLA_OFFICIAL": true,
            "MOZ_ALLOW_LEGACY_EXTENSIONS": false,
            "MOZ_ANDROID_ACTIVITY_STREAM": false,
            "MOZ_ANDROID_HISTORY": true,
            "MOZ_ANDROID_MOZILLA_ONLINE": false,
            "MOZ_APP_NAME": "fennec",
            "MOZ_APP_VERSION": "68.1.1",
            "MOZ_APP_VERSION_DISPLAY": "68.1.1",
            "MOZ_BING_API_CLIENTID": "no-bing-api-clientid",
            "MOZ_BING_API_KEY": "no-bing-api-key",
            "MOZ_BITS_DOWNLOAD": false,
            "MOZ_BUILD_APP": "mobile/android",
            "MOZ_CODE_COVERAGE": false,
            "MOZ_CRASHREPORTER": true,
            "MOZ_DATA_REPORTING": true,
            "MOZ_DEV_EDITION": false,
            "MOZ_GECKO_PROFILER": true,
            "MOZ_GOOGLE_LOCATION_SERVICE_API_KEY": "AIzaSyB2h2OuRcUgy5N-5hsZqiPW6sH3n_rptiQ",
            "MOZ_GOOGLE_SAFEBROWSING_API_KEY": "AIzaSyC7jsptDS3am4tPx4r3nxis7IMjBc5Dovo",
            "MOZ_GRAPHENE": false,
            "MOZ_MACBUNDLE_NAME": "Firefox.app",
            "MOZ_MAINTENANCE_SERVICE": false,
            "MOZ_MOZILLA_API_KEY": "3b4d27dd-703d-4094-8398-4de2c763505a",
            "MOZ_NEW_CERT_STORAGE": false,
            "MOZ_NEW_NOTIFICATION_STORE": false,
            "MOZ_NEW_XULSTORE": false,
            "MOZ_OFFICIAL_BRANDING": false,
            "MOZ_PLACES": false,
            "MOZ_REQUIRE_SIGNING": false,
            "MOZ_SANDBOX": false,
            "MOZ_SERVICES_HEALTHREPORT": true,
            "MOZ_SERVICES_SYNC": false,
            "MOZ_SWITCHBOARD": true,
            "MOZ_SYSTEM_NSS": false,
            "MOZ_TELEMETRY_ON_BY_DEFAULT": false,
            "MOZ_TELEMETRY_REPORTING": true,
            "MOZ_UNSIGNED_SCOPES": 0,
            "MOZ_UPDATER": false,
            "MOZ_UPDATE_CHANNEL": "release",
            "MOZ_WEBRTC": true,
            "MOZ_WIDGET_GTK": false,
            "MOZ_WIDGET_TOOLKIT": "android",
            "NIGHTLY_BUILD": false,
            "OMNIJAR_NAME": "assets/omni.ja",
            "RELEASE_OR_BETA": true,
            "SOURCE_REVISION_URL": "https://hg.mozilla.org/releases/mozilla-esr68/rev/d2e0b9e17b9bc1ef02606c8006b73293f7892ad5",
            "TELEMETRY_PING_FORMAT_VERSION": 4,
            "XP_UNIX": true,
            "isPlatformAndVersionAtLeast": {},
            "isPlatformAndVersionAtMost": {},
            "platform": "android"
          },
          "asyncAppConstants": {
            "ACCESSIBILITY": true,
            "ANDROID_PACKAGE_NAME": "org.mozilla.firefox",
            "ASAN": false,
            "ASAN_REPORTER": false,
            "BROWSER_CHROME_URL": "chrome://browser/content/browser.xul",
            "DEBUG": false,
            "DEBUG_JS_MODULES": "",
            "DLL_PREFIX": "lib",
            "DLL_SUFFIX": ".so",
            "EARLY_BETA_OR_EARLIER": false,
            "FENNEC_NIGHTLY": false,
            "HAVE_SHELL_SERVICE": false,
            "HAVE_USR_LIB64_DIR": false,
            "MENUBAR_CAN_AUTOHIDE": false,
            "MOZILLA_OFFICIAL": true,
            "MOZ_ALLOW_LEGACY_EXTENSIONS": false,
            "MOZ_ANDROID_ACTIVITY_STREAM": false,
            "MOZ_ANDROID_HISTORY": true,
            "MOZ_ANDROID_MOZILLA_ONLINE": false,
            "MOZ_APP_NAME": "fennec",
            "MOZ_APP_VERSION": "68.1.1",
            "MOZ_APP_VERSION_DISPLAY": "68.1.1",
            "MOZ_BING_API_CLIENTID": "no-bing-api-clientid",
            "MOZ_BING_API_KEY": "no-bing-api-key",
            "MOZ_BITS_DOWNLOAD": false,
            "MOZ_BUILD_APP": "mobile/android",
            "MOZ_CODE_COVERAGE": false,
            "MOZ_CRASHREPORTER": true,
            "MOZ_DATA_REPORTING": true,
            "MOZ_DEV_EDITION": false,
            "MOZ_GECKO_PROFILER": true,
            "MOZ_GOOGLE_LOCATION_SERVICE_API_KEY": "AIzaSyB2h2OuRcUgy5N-5hsZqiPW6sH3n_rptiQ",
            "MOZ_GOOGLE_SAFEBROWSING_API_KEY": "AIzaSyC7jsptDS3am4tPx4r3nxis7IMjBc5Dovo",
            "MOZ_GRAPHENE": false,
            "MOZ_MACBUNDLE_NAME": "Firefox.app",
            "MOZ_MAINTENANCE_SERVICE": false,
            "MOZ_MOZILLA_API_KEY": "3b4d27dd-703d-4094-8398-4de2c763505a",
            "MOZ_NEW_CERT_STORAGE": false,
            "MOZ_NEW_NOTIFICATION_STORE": false,
            "MOZ_NEW_XULSTORE": false,
            "MOZ_OFFICIAL_BRANDING": false,
            "MOZ_PLACES": false,
            "MOZ_REQUIRE_SIGNING": false,
            "MOZ_SANDBOX": false,
            "MOZ_SERVICES_HEALTHREPORT": true,
            "MOZ_SERVICES_SYNC": false,
            "MOZ_SWITCHBOARD": true,
            "MOZ_SYSTEM_NSS": false,
            "MOZ_TELEMETRY_ON_BY_DEFAULT": false,
            "MOZ_TELEMETRY_REPORTING": true,
            "MOZ_UNSIGNED_SCOPES": 0,
            "MOZ_UPDATER": false,
            "MOZ_UPDATE_CHANNEL": "release",
            "MOZ_WEBRTC": true,
            "MOZ_WIDGET_GTK": false,
            "MOZ_WIDGET_TOOLKIT": "android",
            "NIGHTLY_BUILD": false,
            "OMNIJAR_NAME": "assets/omni.ja",
            "RELEASE_OR_BETA": true,
            "SOURCE_REVISION_URL": "https://hg.mozilla.org/releases/mozilla-esr68/rev/d2e0b9e17b9bc1ef02606c8006b73293f7892ad5",
            "TELEMETRY_PING_FORMAT_VERSION": 4,
            "XP_UNIX": true,
            "isPlatformAndVersionAtLeast": {},
            "isPlatformAndVersionAtMost": {},
            "platform": "android"
          },
          "userAgent": "Mozilla/5.0 (Android 9; Mobile; rv:68.0) Gecko/68.0 Firefox/68.0",
          "windowSize": "360x612"
        },
        "pageinfo": {
          "documentHeight": 1782,
          "documentSize": {
            "decodedBodySize": 117597,
            "encodedBodySize": 15496,
            "transferSize": 16314
          },
          "documentTitle": "آپارات - سرویس اشتراک ویدیو",
          "documentWidth": 360,
          "domElements": 1744,
          "navigationStartTime": 1617119873828,
          "nextHopProtocol": "http/1.1",
          "resources": {
            "count": 0,
            "duration": 0
          },
          "responsive": true,
          "url": "https://www.aparat.com/",
          "visualElements": {
            "heroes": [
              {
                "filename": "31617729-9670__7493.jpg",
                "height": 92,
                "name": "LargestImage",
                "width": 162,
                "x": 182,
                "y": 310
              }
            ],
            "viewport": {
              "height": 612,
              "width": 360
            }
          }
        },
        "timings": {
          "firstPaint": 2587,
          "loadEventEnd": 4785,
          "navigationTiming": {
            "connectStart": 99,
            "domComplete": 4782,
            "domContentLoadedEventEnd": 2583,
            "domContentLoadedEventStart": 2561,
            "domInteractive": 2451,
            "domainLookupEnd": 99,
            "domainLookupStart": 98,
            "duration": 4785,
            "fetchStart": 2,
            "loadEventEnd": 4785,
            "loadEventStart": 4782,
            "redirectEnd": 0,
            "redirectStart": 0,
            "requestStart": 569,
            "responseEnd": 698,
            "responseStart": 698,
            "secureConnectionStart": 381,
            "startTime": 0,
            "unloadEventEnd": 0,
            "unloadEventStart": 0,
            "workerStart": 0
          },
          "pageTimings": {
            "backEndTime": 698,
            "domContentLoadedTime": 2561,
            "domInteractiveTime": 2451,
            "domainLookupTime": 0,
            "frontEndTime": 4084,
            "pageDownloadTime": 0,
            "pageLoadTime": 4782,
            "redirectionTime": 0,
            "serverConnectionTime": 469,
            "serverResponseTime": 129
          },
          "rumSpeedIndex": 698,
          "timeToContentfulPaint": 2776,
          "timeToDomContentFlushed": 2546,
          "userTimings": {
            "marks": [],
            "measures": []
          }
        }
      }
    ],
    "visualMetrics": [],
    "cpu": [],
    "extras": [
      {},
      {},
      {}
    ],
    "fullyLoaded": [],
    "errors": [
      [],
      [],
      []
    ],
    "statistics": {
      "browser": {
        "appConstants": {
          "MOZ_UNSIGNED_SCOPES": {
            "median": 0,
            "mean": 0,
            "mdev": 0,
            "stddev": 0,
            "min": 0,
            "p10": 0,
            "p90": 0,
            "p99": 0,
            "max": 0
          },
          "TELEMETRY_PING_FORMAT_VERSION": {
            "median": 4,
            "mean": 4,
            "mdev": 0,
            "stddev": 0,
            "min": 4,
            "p10": 4,
            "p90": 4,
            "p99": 4,
            "max": 4
          }
        },
        "asyncAppConstants": {
          "MOZ_UNSIGNED_SCOPES": {
            "median": 0,
            "mean": 0,
            "mdev": 0,
            "stddev": 0,
            "min": 0,
            "p10": 0,
            "p90": 0,
            "p99": 0,
            "max": 0
          },
          "TELEMETRY_PING_FORMAT_VERSION": {
            "median": 4,
            "mean": 4,
            "mdev": 0,
            "stddev": 0,
            "min": 4,
            "p10": 4,
            "p90": 4,
            "p99": 4,
            "max": 4
          }
        }
      },
      "pageinfo": {
        "documentHeight": {
          "median": 1782,
          "mean": 1819,
          "mdev": 34.6453,
          "stddev": 60,
          "min": 1772,
          "p10": 1772,
          "p90": 1904,
          "p99": 1904,
          "max": 1904
        },
        "documentSize": {
          "decodedBodySize": {
            "median": 127485,
            "mean": 125048,
            "mdev": 3101.7296,
            "stddev": 5372,
            "min": 117597,
            "p10": 117597,
            "p90": 130061,
            "p99": 130061,
            "max": 130061
          },
          "encodedBodySize": {
            "median": 16966,
            "mean": 16597,
            "mdev": 457.3745,
            "stddev": 792,
            "min": 15496,
            "p10": 15496,
            "p90": 17328,
            "p99": 17328,
            "max": 17328
          },
          "transferSize": {
            "median": 17791,
            "mean": 17417,
            "mdev": 458.183,
            "stddev": 794,
            "min": 16314,
            "p10": 16314,
            "p90": 18147,
            "p99": 18147,
            "max": 18147
          }
        },
        "documentWidth": {
          "median": 360,
          "mean": 360,
          "mdev": 0,
          "stddev": 0,
          "min": 360,
          "p10": 360,
          "p90": 360,
          "p99": 360,
          "max": 360
        },
        "domElements": {
          "median": 1814,
          "mean": 1799,
          "mdev": 23.214,
          "stddev": 40,
          "min": 1744,
          "p10": 1744,
          "p90": 1839,
          "p99": 1839,
          "max": 1839
        },
        "navigationStartTime": {
          "median": 1617119854344,
          "mean": 1617119855053,
          "mdev": 12612.4091,
          "stddev": 21845,
          "min": 1617119836986,
          "p10": 1617119836986,
          "p90": 1617119873828,
          "p99": 1617119873828,
          "max": 1617119873828
        },
        "resources": {
          "count": {
            "median": 0,
            "mean": 0,
            "mdev": 0,
            "stddev": 0,
            "min": 0,
            "p10": 0,
            "p90": 0,
            "p99": 0,
            "max": 0
          },
          "duration": {
            "median": 0,
            "mean": 0,
            "mdev": 0,
            "stddev": 0,
            "min": 0,
            "p10": 0,
            "p90": 0,
            "p99": 0,
            "max": 0
          }
        },
        "visualElements": {
          "heroes": [
            {
              "height": {
                "median": 92,
                "mean": 92,
                "mdev": 0,
                "stddev": 0,
                "min": 92,
                "p10": 92,
                "p90": 92,
                "p99": 92,
                "max": 92
              },
              "width": {
                "median": 162,
                "mean": 162,
                "mdev": 0,
                "stddev": 0,
                "min": 162,
                "p10": 162,
                "p90": 162,
                "p99": 162,
                "max": 162
              },
              "x": {
                "median": 182,
                "mean": 182,
                "mdev": 0,
                "stddev": 0,
                "min": 182,
                "p10": 182,
                "p90": 182,
                "p99": 182,
                "max": 182
              },
              "y": {
                "median": 310,
                "mean": 291,
                "mdev": 15.2413,
                "stddev": 26,
                "min": 254,
                "p10": 254,
                "p90": 310,
                "p99": 310,
                "max": 310
              }
            }
          ],
          "viewport": {
            "height": {
              "median": 612,
              "mean": 612,
              "mdev": 0,
              "stddev": 0,
              "min": 612,
              "p10": 612,
              "p90": 612,
              "p99": 612,
              "max": 612
            },
            "width": {
              "median": 360,
              "mean": 360,
              "mdev": 0,
              "stddev": 0,
              "min": 360,
              "p10": 360,
              "p90": 360,
              "p99": 360,
              "max": 360
            }
          }
        }
      },
      "timings": {
        "firstPaint": {
          "median": 2607,
          "mean": 2700,
          "mdev": 84.2312,
          "stddev": 146,
          "min": 2587,
          "p10": 2587,
          "p90": 2906,
          "p99": 2906,
          "max": 2906
        },
        "loadEventEnd": {
          "median": 4785,
          "mean": 5255,
          "mdev": 494.1504,
          "stddev": 856,
          "min": 4524,
          "p10": 4524,
          "p90": 6456,
          "p99": 6456,
          "max": 6456
        },
        "navigationTiming": {
          "connectStart": {
            "median": 99,
            "mean": 161,
            "mdev": 53.778,
            "stddev": 93,
            "min": 92,
            "p10": 92,
            "p90": 293,
            "p99": 293,
            "max": 293
          },
          "domComplete": {
            "median": 4782,
            "mean": 5242,
            "mdev": 486.4849,
            "stddev": 843,
            "min": 4520,
            "p10": 4520,
            "p90": 6424,
            "p99": 6424,
            "max": 6424
          },
          "domContentLoadedEventEnd": {
            "median": 2686,
            "mean": 2724,
            "mdev": 76.7454,
            "stddev": 133,
            "min": 2583,
            "p10": 2583,
            "p90": 2902,
            "p99": 2902,
            "max": 2902
          },
          "domContentLoadedEventStart": {
            "median": 2661,
            "mean": 2700,
            "mdev": 76.3952,
            "stddev": 132,
            "min": 2561,
            "p10": 2561,
            "p90": 2878,
            "p99": 2878,
            "max": 2878
          },
          "domInteractive": {
            "median": 2493,
            "mean": 2552,
            "mdev": 66.3347,
            "stddev": 115,
            "min": 2451,
            "p10": 2451,
            "p90": 2713,
            "p99": 2713,
            "max": 2713
          },
          "domainLookupEnd": {
            "median": 99,
            "mean": 161,
            "mdev": 53.506,
            "stddev": 93,
            "min": 92,
            "p10": 92,
            "p90": 292,
            "p99": 292,
            "max": 292
          },
          "domainLookupStart": {
            "median": 98,
            "mean": 161,
            "mdev": 53.6353,
            "stddev": 93,
            "min": 92,
            "p10": 92,
            "p90": 292,
            "p99": 292,
            "max": 292
          },
          "duration": {
            "median": 4785,
            "mean": 5255,
            "mdev": 494.1504,
            "stddev": 856,
            "min": 4524,
            "p10": 4524,
            "p90": 6456,
            "p99": 6456,
            "max": 6456
          },
          "fetchStart": {
            "median": 2,
            "mean": 2,
            "mdev": 0,
            "stddev": 0,
            "min": 2,
            "p10": 2,
            "p90": 2,
            "p99": 2,
            "max": 2
          },
          "loadEventEnd": {
            "median": 4785,
            "mean": 5255,
            "mdev": 494.1504,
            "stddev": 856,
            "min": 4524,
            "p10": 4524,
            "p90": 6456,
            "p99": 6456,
            "max": 6456
          },
          "loadEventStart": {
            "median": 4782,
            "mean": 5242,
            "mdev": 486.4849,
            "stddev": 843,
            "min": 4520,
            "p10": 4520,
            "p90": 6424,
            "p99": 6424,
            "max": 6424
          },
          "redirectEnd": {
            "median": 0,
            "mean": 0,
            "mdev": 0,
            "stddev": 0,
            "min": 0,
            "p10": 0,
            "p90": 0,
            "p99": 0,
            "max": 0
          },
          "redirectStart": {
            "median": 0,
            "mean": 0,
            "mdev": 0,
            "stddev": 0,
            "min": 0,
            "p10": 0,
            "p90": 0,
            "p99": 0,
            "max": 0
          },
          "requestStart": {
            "median": 569,
            "mean": 525,
            "mdev": 62.5051,
            "stddev": 108,
            "min": 376,
            "p10": 376,
            "p90": 630,
            "p99": 630,
            "max": 630
          },
          "responseEnd": {
            "median": 698,
            "mean": 644,
            "mdev": 66.2828,
            "stddev": 115,
            "min": 484,
            "p10": 484,
            "p90": 749,
            "p99": 749,
            "max": 749
          },
          "responseStart": {
            "median": 698,
            "mean": 644,
            "mdev": 66.2828,
            "stddev": 115,
            "min": 484,
            "p10": 484,
            "p90": 749,
            "p99": 749,
            "max": 749
          },
          "secureConnectionStart": {
            "median": 381,
            "mean": 336,
            "mdev": 53.2861,
            "stddev": 92,
            "min": 207,
            "p10": 207,
            "p90": 419,
            "p99": 419,
            "max": 419
          },
          "startTime": {
            "median": 0,
            "mean": 0,
            "mdev": 0,
            "stddev": 0,
            "min": 0,
            "p10": 0,
            "p90": 0,
            "p99": 0,
            "max": 0
          },
          "unloadEventEnd": {
            "median": 0,
            "mean": 0,
            "mdev": 0,
            "stddev": 0,
            "min": 0,
            "p10": 0,
            "p90": 0,
            "p99": 0,
            "max": 0
          },
          "unloadEventStart": {
            "median": 0,
            "mean": 0,
            "mdev": 0,
            "stddev": 0,
            "min": 0,
            "p10": 0,
            "p90": 0,
            "p99": 0,
            "max": 0
          },
          "workerStart": {
            "median": 0,
            "mean": 0,
            "mdev": 0,
            "stddev": 0,
            "min": 0,
            "p10": 0,
            "p90": 0,
            "p99": 0,
            "max": 0
          }
        },
        "pageTimings": {
          "backEndTime": {
            "median": 698,
            "mean": 644,
            "mdev": 66.2828,
            "stddev": 115,
            "min": 484,
            "p10": 484,
            "p90": 749,
            "p99": 749,
            "max": 749
          },
          "domContentLoadedTime": {
            "median": 2661,
            "mean": 2700,
            "mdev": 76.3952,
            "stddev": 132,
            "min": 2561,
            "p10": 2561,
            "p90": 2878,
            "p99": 2878,
            "max": 2878
          },
          "domInteractiveTime": {
            "median": 2493,
            "mean": 2552,
            "mdev": 66.3347,
            "stddev": 115,
            "min": 2451,
            "p10": 2451,
            "p90": 2713,
            "p99": 2713,
            "max": 2713
          },
          "domainLookupTime": {
            "median": 0,
            "mean": 0,
            "mdev": 0,
            "stddev": 0,
            "min": 0,
            "p10": 0,
            "p90": 0,
            "p99": 0,
            "max": 0
          },
          "frontEndTime": {
            "median": 4084,
            "mean": 4598,
            "mdev": 552.6792,
            "stddev": 957,
            "min": 3771,
            "p10": 3771,
            "p90": 5940,
            "p99": 5940,
            "max": 5940
          },
          "pageDownloadTime": {
            "median": 0,
            "mean": 0,
            "mdev": 0,
            "stddev": 0,
            "min": 0,
            "p10": 0,
            "p90": 0,
            "p99": 0,
            "max": 0
          },
          "pageLoadTime": {
            "median": 4782,
            "mean": 5242,
            "mdev": 486.4849,
            "stddev": 843,
            "min": 4520,
            "p10": 4520,
            "p90": 6424,
            "p99": 6424,
            "max": 6424
          },
          "redirectionTime": {
            "median": 0,
            "mean": 0,
            "mdev": 0,
            "stddev": 0,
            "min": 0,
            "p10": 0,
            "p90": 0,
            "p99": 0,
            "max": 0
          },
          "serverConnectionTime": {
            "median": 337,
            "mean": 363,
            "mdev": 44.9106,
            "stddev": 78,
            "min": 284,
            "p10": 284,
            "p90": 469,
            "p99": 469,
            "max": 469
          },
          "serverResponseTime": {
            "median": 119,
            "mean": 118,
            "mdev": 5.1926,
            "stddev": 9,
            "min": 107,
            "p10": 107,
            "p90": 129,
            "p99": 129,
            "max": 129
          }
        },
        "rumSpeedIndex": {
          "median": 698,
          "mean": 643,
          "mdev": 66.5505,
          "stddev": 115,
          "min": 483,
          "p10": 483,
          "p90": 749,
          "p99": 749,
          "max": 749
        },
        "timeToContentfulPaint": {
          "median": 2787,
          "mean": 2890,
          "mdev": 88.8999,
          "stddev": 154,
          "min": 2776,
          "p10": 2776,
          "p90": 3108,
          "p99": 3108,
          "max": 3108
        },
        "timeToDomContentFlushed": {
          "median": 2589,
          "mean": 2664,
          "mdev": 79.7111,
          "stddev": 138,
          "min": 2546,
          "p10": 2546,
          "p90": 2858,
          "p99": 2858,
          "max": 2858
        },
        "timeToFirstInteractive": {
          "median": 7169,
          "mean": 7169,
          "mdev": 0,
          "stddev": 0,
          "min": 7169,
          "p10": 7169,
          "p90": 7169,
          "p99": 7169,
          "max": 7169
        }
      }
    }
  }
]