[
  {
    "info": {
      "browsertime": {
        "version": "8.4.0"
      },
      "url": "https://www.chase.com/",
      "timestamp": "2021-03-30T07:16:12+04:00",
      "connectivity": {
        "engine": "external",
        "profile": "native"
      },
      "extra": {}
    },
    "files": {
      "video": [],
      "screenshot": [],
      "timeline": [],
      "consoleLog": [],
      "netLog": [],
      "perfLog": []
    },
    "cdp": {
      "performance": []
    },
    "timestamps": [
      "2021-03-30T07:16:00+04:00",
      "2021-03-30T07:16:23+04:00",
      "2021-03-30T07:16:48+04:00"
    ],
    "browserScripts": [
      {
        "browser": {
          "appConstants": {
            "ACCESSIBILITY": true,
            "ANDROID_PACKAGE_NAME": "org.mozilla.firefox",
            "ASAN": false,
            "ASAN_REPORTER": false,
            "BROWSER_CHROME_URL": "chrome://browser/content/browser.xul",
            "DEBUG": false,
            "DEBUG_JS_MODULES": "",
            "DLL_PREFIX": "lib",
            "DLL_SUFFIX": ".so",
            "EARLY_BETA_OR_EARLIER": false,
            "FENNEC_NIGHTLY": false,
            "HAVE_SHELL_SERVICE": false,
            "HAVE_USR_LIB64_DIR": false,
            "MENUBAR_CAN_AUTOHIDE": false,
            "MOZILLA_OFFICIAL": true,
            "MOZ_ALLOW_LEGACY_EXTENSIONS": false,
            "MOZ_ANDROID_ACTIVITY_STREAM": false,
            "MOZ_ANDROID_HISTORY": true,
            "MOZ_ANDROID_MOZILLA_ONLINE": false,
            "MOZ_APP_NAME": "fennec",
            "MOZ_APP_VERSION": "68.1.1",
            "MOZ_APP_VERSION_DISPLAY": "68.1.1",
            "MOZ_BING_API_CLIENTID": "no-bing-api-clientid",
            "MOZ_BING_API_KEY": "no-bing-api-key",
            "MOZ_BITS_DOWNLOAD": false,
            "MOZ_BUILD_APP": "mobile/android",
            "MOZ_CODE_COVERAGE": false,
            "MOZ_CRASHREPORTER": true,
            "MOZ_DATA_REPORTING": true,
            "MOZ_DEV_EDITION": false,
            "MOZ_GECKO_PROFILER": true,
            "MOZ_GOOGLE_LOCATION_SERVICE_API_KEY": "AIzaSyB2h2OuRcUgy5N-5hsZqiPW6sH3n_rptiQ",
            "MOZ_GOOGLE_SAFEBROWSING_API_KEY": "AIzaSyC7jsptDS3am4tPx4r3nxis7IMjBc5Dovo",
            "MOZ_GRAPHENE": false,
            "MOZ_MACBUNDLE_NAME": "Firefox.app",
            "MOZ_MAINTENANCE_SERVICE": false,
            "MOZ_MOZILLA_API_KEY": "3b4d27dd-703d-4094-8398-4de2c763505a",
            "MOZ_NEW_CERT_STORAGE": false,
            "MOZ_NEW_NOTIFICATION_STORE": false,
            "MOZ_NEW_XULSTORE": false,
            "MOZ_OFFICIAL_BRANDING": false,
            "MOZ_PLACES": false,
            "MOZ_REQUIRE_SIGNING": false,
            "MOZ_SANDBOX": false,
            "MOZ_SERVICES_HEALTHREPORT": true,
            "MOZ_SERVICES_SYNC": false,
            "MOZ_SWITCHBOARD": true,
            "MOZ_SYSTEM_NSS": false,
            "MOZ_TELEMETRY_ON_BY_DEFAULT": false,
            "MOZ_TELEMETRY_REPORTING": true,
            "MOZ_UNSIGNED_SCOPES": 0,
            "MOZ_UPDATER": false,
            "MOZ_UPDATE_CHANNEL": "release",
            "MOZ_WEBRTC": true,
            "MOZ_WIDGET_GTK": false,
            "MOZ_WIDGET_TOOLKIT": "android",
            "NIGHTLY_BUILD": false,
            "OMNIJAR_NAME": "assets/omni.ja",
            "RELEASE_OR_BETA": true,
            "SOURCE_REVISION_URL": "https://hg.mozilla.org/releases/mozilla-esr68/rev/d2e0b9e17b9bc1ef02606c8006b73293f7892ad5",
            "TELEMETRY_PING_FORMAT_VERSION": 4,
            "XP_UNIX": true,
            "isPlatformAndVersionAtLeast": {},
            "isPlatformAndVersionAtMost": {},
            "platform": "android"
          },
          "asyncAppConstants": {
            "ACCESSIBILITY": true,
            "ANDROID_PACKAGE_NAME": "org.mozilla.firefox",
            "ASAN": false,
            "ASAN_REPORTER": false,
            "BROWSER_CHROME_URL": "chrome://browser/content/browser.xul",
            "DEBUG": false,
            "DEBUG_JS_MODULES": "",
            "DLL_PREFIX": "lib",
            "DLL_SUFFIX": ".so",
            "EARLY_BETA_OR_EARLIER": false,
            "FENNEC_NIGHTLY": false,
            "HAVE_SHELL_SERVICE": false,
            "HAVE_USR_LIB64_DIR": false,
            "MENUBAR_CAN_AUTOHIDE": false,
            "MOZILLA_OFFICIAL": true,
            "MOZ_ALLOW_LEGACY_EXTENSIONS": false,
            "MOZ_ANDROID_ACTIVITY_STREAM": false,
            "MOZ_ANDROID_HISTORY": true,
            "MOZ_ANDROID_MOZILLA_ONLINE": false,
            "MOZ_APP_NAME": "fennec",
            "MOZ_APP_VERSION": "68.1.1",
            "MOZ_APP_VERSION_DISPLAY": "68.1.1",
            "MOZ_BING_API_CLIENTID": "no-bing-api-clientid",
            "MOZ_BING_API_KEY": "no-bing-api-key",
            "MOZ_BITS_DOWNLOAD": false,
            "MOZ_BUILD_APP": "mobile/android",
            "MOZ_CODE_COVERAGE": false,
            "MOZ_CRASHREPORTER": true,
            "MOZ_DATA_REPORTING": true,
            "MOZ_DEV_EDITION": false,
            "MOZ_GECKO_PROFILER": true,
            "MOZ_GOOGLE_LOCATION_SERVICE_API_KEY": "AIzaSyB2h2OuRcUgy5N-5hsZqiPW6sH3n_rptiQ",
            "MOZ_GOOGLE_SAFEBROWSING_API_KEY": "AIzaSyC7jsptDS3am4tPx4r3nxis7IMjBc5Dovo",
            "MOZ_GRAPHENE": false,
            "MOZ_MACBUNDLE_NAME": "Firefox.app",
            "MOZ_MAINTENANCE_SERVICE": false,
            "MOZ_MOZILLA_API_KEY": "3b4d27dd-703d-4094-8398-4de2c763505a",
            "MOZ_NEW_CERT_STORAGE": false,
            "MOZ_NEW_NOTIFICATION_STORE": false,
            "MOZ_NEW_XULSTORE": false,
            "MOZ_OFFICIAL_BRANDING": false,
            "MOZ_PLACES": false,
            "MOZ_REQUIRE_SIGNING": false,
            "MOZ_SANDBOX": false,
            "MOZ_SERVICES_HEALTHREPORT": true,
            "MOZ_SERVICES_SYNC": false,
            "MOZ_SWITCHBOARD": true,
            "MOZ_SYSTEM_NSS": false,
            "MOZ_TELEMETRY_ON_BY_DEFAULT": false,
            "MOZ_TELEMETRY_REPORTING": true,
            "MOZ_UNSIGNED_SCOPES": 0,
            "MOZ_UPDATER": false,
            "MOZ_UPDATE_CHANNEL": "release",
            "MOZ_WEBRTC": true,
            "MOZ_WIDGET_GTK": false,
            "MOZ_WIDGET_TOOLKIT": "android",
            "NIGHTLY_BUILD": false,
            "OMNIJAR_NAME": "assets/omni.ja",
            "RELEASE_OR_BETA": true,
            "SOURCE_REVISION_URL": "https://hg.mozilla.org/releases/mozilla-esr68/rev/d2e0b9e17b9bc1ef02606c8006b73293f7892ad5",
            "TELEMETRY_PING_FORMAT_VERSION": 4,
            "XP_UNIX": true,
            "isPlatformAndVersionAtLeast": {},
            "isPlatformAndVersionAtMost": {},
            "platform": "android"
          },
          "userAgent": "Mozilla/5.0 (Android 8.1.0; Mobile; rv:68.0) Gecko/68.0 Firefox/68.0",
          "windowSize": "360x560"
        },
        "pageinfo": {
          "documentHeight": 5953,
          "documentSize": {
            "decodedBodySize": 67459,
            "encodedBodySize": 17122,
            "transferSize": 17941
          },
          "documentTitle": "Credit Card, Mortgage, Banking, Auto | Chase Online | Chase.com",
          "documentWidth": 360,
          "domElements": 813,
          "navigationStartTime": 1617074160892,
          "nextHopProtocol": "http/1.1",
          "resources": {
            "count": 0,
            "duration": 0
          },
          "responsive": true,
          "url": "https://www.chase.com/",
          "visualElements": {
            "heroes": [
              {
                "filename": "enjoy-200-fg.png",
                "height": 115,
                "name": "LargestImage",
                "width": 115,
                "x": 8,
                "y": 248
              },
              {
                "filename": null,
                "height": 1,
                "name": "Heading",
                "width": 1,
                "x": 0,
                "y": 198
              }
            ],
            "viewport": {
              "height": 560,
              "width": 360
            }
          }
        },
        "timings": {
          "firstPaint": 4056,
          "loadEventEnd": 5676,
          "navigationTiming": {
            "connectStart": 30,
            "domComplete": 5497,
            "domContentLoadedEventEnd": 4051,
            "domContentLoadedEventStart": 4029,
            "domInteractive": 3892,
            "domainLookupEnd": 29,
            "domainLookupStart": 29,
            "duration": 5676,
            "fetchStart": 3,
            "loadEventEnd": 5676,
            "loadEventStart": 5497,
            "redirectEnd": 0,
            "redirectStart": 0,
            "requestStart": 680,
            "responseEnd": 1211,
            "responseStart": 873,
            "secureConnectionStart": 296,
            "startTime": 0,
            "unloadEventEnd": 0,
            "unloadEventStart": 0,
            "workerStart": 0
          },
          "pageTimings": {
            "backEndTime": 873,
            "domContentLoadedTime": 4029,
            "domInteractiveTime": 3892,
            "domainLookupTime": 0,
            "frontEndTime": 4285,
            "pageDownloadTime": 338,
            "pageLoadTime": 5497,
            "redirectionTime": 0,
            "serverConnectionTime": 650,
            "serverResponseTime": 531
          },
          "rumSpeedIndex": 873,
          "timeToContentfulPaint": 4177,
          "timeToDomContentFlushed": 4015,
          "userTimings": {
            "marks": [],
            "measures": []
          }
        }
      },
      {
        "browser": {
          "appConstants": {
            "ACCESSIBILITY": true,
            "ANDROID_PACKAGE_NAME": "org.mozilla.firefox",
            "ASAN": false,
            "ASAN_REPORTER": false,
            "BROWSER_CHROME_URL": "chrome://browser/content/browser.xul",
            "DEBUG": false,
            "DEBUG_JS_MODULES": "",
            "DLL_PREFIX": "lib",
            "DLL_SUFFIX": ".so",
            "EARLY_BETA_OR_EARLIER": false,
            "FENNEC_NIGHTLY": false,
            "HAVE_SHELL_SERVICE": false,
            "HAVE_USR_LIB64_DIR": false,
            "MENUBAR_CAN_AUTOHIDE": false,
            "MOZILLA_OFFICIAL": true,
            "MOZ_ALLOW_LEGACY_EXTENSIONS": false,
            "MOZ_ANDROID_ACTIVITY_STREAM": false,
            "MOZ_ANDROID_HISTORY": true,
            "MOZ_ANDROID_MOZILLA_ONLINE": false,
            "MOZ_APP_NAME": "fennec",
            "MOZ_APP_VERSION": "68.1.1",
            "MOZ_APP_VERSION_DISPLAY": "68.1.1",
            "MOZ_BING_API_CLIENTID": "no-bing-api-clientid",
            "MOZ_BING_API_KEY": "no-bing-api-key",
            "MOZ_BITS_DOWNLOAD": false,
            "MOZ_BUILD_APP": "mobile/android",
            "MOZ_CODE_COVERAGE": false,
            "MOZ_CRASHREPORTER": true,
            "MOZ_DATA_REPORTING": true,
            "MOZ_DEV_EDITION": false,
            "MOZ_GECKO_PROFILER": true,
            "MOZ_GOOGLE_LOCATION_SERVICE_API_KEY": "AIzaSyB2h2OuRcUgy5N-5hsZqiPW6sH3n_rptiQ",
            "MOZ_GOOGLE_SAFEBROWSING_API_KEY": "AIzaSyC7jsptDS3am4tPx4r3nxis7IMjBc5Dovo",
            "MOZ_GRAPHENE": false,
            "MOZ_MACBUNDLE_NAME": "Firefox.app",
            "MOZ_MAINTENANCE_SERVICE": false,
            "MOZ_MOZILLA_API_KEY": "3b4d27dd-703d-4094-8398-4de2c763505a",
            "MOZ_NEW_CERT_STORAGE": false,
            "MOZ_NEW_NOTIFICATION_STORE": false,
            "MOZ_NEW_XULSTORE": false,
            "MOZ_OFFICIAL_BRANDING": false,
            "MOZ_PLACES": false,
            "MOZ_REQUIRE_SIGNING": false,
            "MOZ_SANDBOX": false,
            "MOZ_SERVICES_HEALTHREPORT": true,
            "MOZ_SERVICES_SYNC": false,
            "MOZ_SWITCHBOARD": true,
            "MOZ_SYSTEM_NSS": false,
            "MOZ_TELEMETRY_ON_BY_DEFAULT": false,
            "MOZ_TELEMETRY_REPORTING": true,
            "MOZ_UNSIGNED_SCOPES": 0,
            "MOZ_UPDATER": false,
            "MOZ_UPDATE_CHANNEL": "release",
            "MOZ_WEBRTC": true,
            "MOZ_WIDGET_GTK": false,
            "MOZ_WIDGET_TOOLKIT": "android",
            "NIGHTLY_BUILD": false,
            "OMNIJAR_NAME": "assets/omni.ja",
            "RELEASE_OR_BETA": true,
            "SOURCE_REVISION_URL": "https://hg.mozilla.org/releases/mozilla-esr68/rev/d2e0b9e17b9bc1ef02606c8006b73293f7892ad5",
            "TELEMETRY_PING_FORMAT_VERSION": 4,
            "XP_UNIX": true,
            "isPlatformAndVersionAtLeast": {},
            "isPlatformAndVersionAtMost": {},
            "platform": "android"
          },
          "asyncAppConstants": {
            "ACCESSIBILITY": true,
            "ANDROID_PACKAGE_NAME": "org.mozilla.firefox",
            "ASAN": false,
            "ASAN_REPORTER": false,
            "BROWSER_CHROME_URL": "chrome://browser/content/browser.xul",
            "DEBUG": false,
            "DEBUG_JS_MODULES": "",
            "DLL_PREFIX": "lib",
            "DLL_SUFFIX": ".so",
            "EARLY_BETA_OR_EARLIER": false,
            "FENNEC_NIGHTLY": false,
            "HAVE_SHELL_SERVICE": false,
            "HAVE_USR_LIB64_DIR": false,
            "MENUBAR_CAN_AUTOHIDE": false,
            "MOZILLA_OFFICIAL": true,
            "MOZ_ALLOW_LEGACY_EXTENSIONS": false,
            "MOZ_ANDROID_ACTIVITY_STREAM": false,
            "MOZ_ANDROID_HISTORY": true,
            "MOZ_ANDROID_MOZILLA_ONLINE": false,
            "MOZ_APP_NAME": "fennec",
            "MOZ_APP_VERSION": "68.1.1",
            "MOZ_APP_VERSION_DISPLAY": "68.1.1",
            "MOZ_BING_API_CLIENTID": "no-bing-api-clientid",
            "MOZ_BING_API_KEY": "no-bing-api-key",
            "MOZ_BITS_DOWNLOAD": false,
            "MOZ_BUILD_APP": "mobile/android",
            "MOZ_CODE_COVERAGE": false,
            "MOZ_CRASHREPORTER": true,
            "MOZ_DATA_REPORTING": true,
            "MOZ_DEV_EDITION": false,
            "MOZ_GECKO_PROFILER": true,
            "MOZ_GOOGLE_LOCATION_SERVICE_API_KEY": "AIzaSyB2h2OuRcUgy5N-5hsZqiPW6sH3n_rptiQ",
            "MOZ_GOOGLE_SAFEBROWSING_API_KEY": "AIzaSyC7jsptDS3am4tPx4r3nxis7IMjBc5Dovo",
            "MOZ_GRAPHENE": false,
            "MOZ_MACBUNDLE_NAME": "Firefox.app",
            "MOZ_MAINTENANCE_SERVICE": false,
            "MOZ_MOZILLA_API_KEY": "3b4d27dd-703d-4094-8398-4de2c763505a",
            "MOZ_NEW_CERT_STORAGE": false,
            "MOZ_NEW_NOTIFICATION_STORE": false,
            "MOZ_NEW_XULSTORE": false,
            "MOZ_OFFICIAL_BRANDING": false,
            "MOZ_PLACES": false,
            "MOZ_REQUIRE_SIGNING": false,
            "MOZ_SANDBOX": false,
            "MOZ_SERVICES_HEALTHREPORT": true,
            "MOZ_SERVICES_SYNC": false,
            "MOZ_SWITCHBOARD": true,
            "MOZ_SYSTEM_NSS": false,
            "MOZ_TELEMETRY_ON_BY_DEFAULT": false,
            "MOZ_TELEMETRY_REPORTING": true,
            "MOZ_UNSIGNED_SCOPES": 0,
            "MOZ_UPDATER": false,
            "MOZ_UPDATE_CHANNEL": "release",
            "MOZ_WEBRTC": true,
            "MOZ_WIDGET_GTK": false,
            "MOZ_WIDGET_TOOLKIT": "android",
            "NIGHTLY_BUILD": false,
            "OMNIJAR_NAME": "assets/omni.ja",
            "RELEASE_OR_BETA": true,
            "SOURCE_REVISION_URL": "https://hg.mozilla.org/releases/mozilla-esr68/rev/d2e0b9e17b9bc1ef02606c8006b73293f7892ad5",
            "TELEMETRY_PING_FORMAT_VERSION": 4,
            "XP_UNIX": true,
            "isPlatformAndVersionAtLeast": {},
            "isPlatformAndVersionAtMost": {},
            "platform": "android"
          },
          "userAgent": "Mozilla/5.0 (Android 8.1.0; Mobile; rv:68.0) Gecko/68.0 Firefox/68.0",
          "windowSize": "360x560"
        },
        "pageinfo": {
          "documentHeight": 5953,
          "documentSize": {
            "decodedBodySize": 67459,
            "encodedBodySize": 17122,
            "transferSize": 17941
          },
          "documentTitle": "Credit Card, Mortgage, Banking, Auto | Chase Online | Chase.com",
          "documentWidth": 360,
          "domElements": 813,
          "navigationStartTime": 1617074184142,
          "nextHopProtocol": "http/1.1",
          "resources": {
            "count": 0,
            "duration": 0
          },
          "responsive": true,
          "url": "https://www.chase.com/",
          "visualElements": {
            "heroes": [
              {
                "filename": "003389_01_CH_225_Total_Checking_Banner_ads-HeroForeground.png",
                "height": 115,
                "name": "LargestImage",
                "width": 115,
                "x": 8,
                "y": 248
              },
              {
                "filename": null,
                "height": 1,
                "name": "Heading",
                "width": 1,
                "x": 0,
                "y": 198
              }
            ],
            "viewport": {
              "height": 560,
              "width": 360
            }
          }
        },
        "timings": {
          "firstPaint": 4373,
          "loadEventEnd": 6063,
          "navigationTiming": {
            "connectStart": 32,
            "domComplete": 5889,
            "domContentLoadedEventEnd": 4493,
            "domContentLoadedEventStart": 4460,
            "domInteractive": 4223,
            "domainLookupEnd": 31,
            "domainLookupStart": 31,
            "duration": 6063,
            "fetchStart": 3,
            "loadEventEnd": 6063,
            "loadEventStart": 5889,
            "redirectEnd": 0,
            "redirectStart": 0,
            "requestStart": 575,
            "responseEnd": 996,
            "responseStart": 708,
            "secureConnectionStart": 240,
            "startTime": 0,
            "unloadEventEnd": 0,
            "unloadEventStart": 0,
            "workerStart": 0
          },
          "pageTimings": {
            "backEndTime": 708,
            "domContentLoadedTime": 4460,
            "domInteractiveTime": 4223,
            "domainLookupTime": 0,
            "frontEndTime": 4893,
            "pageDownloadTime": 288,
            "pageLoadTime": 5889,
            "redirectionTime": 0,
            "serverConnectionTime": 543,
            "serverResponseTime": 421
          },
          "rumSpeedIndex": 708,
          "timeToContentfulPaint": 4496,
          "timeToDomContentFlushed": 4354,
          "userTimings": {
            "marks": [],
            "measures": []
          }
        }
      },
      {
        "browser": {
          "appConstants": {
            "ACCESSIBILITY": true,
            "ANDROID_PACKAGE_NAME": "org.mozilla.firefox",
            "ASAN": false,
            "ASAN_REPORTER": false,
            "BROWSER_CHROME_URL": "chrome://browser/content/browser.xul",
            "DEBUG": false,
            "DEBUG_JS_MODULES": "",
            "DLL_PREFIX": "lib",
            "DLL_SUFFIX": ".so",
            "EARLY_BETA_OR_EARLIER": false,
            "FENNEC_NIGHTLY": false,
            "HAVE_SHELL_SERVICE": false,
            "HAVE_USR_LIB64_DIR": false,
            "MENUBAR_CAN_AUTOHIDE": false,
            "MOZILLA_OFFICIAL": true,
            "MOZ_ALLOW_LEGACY_EXTENSIONS": false,
            "MOZ_ANDROID_ACTIVITY_STREAM": false,
            "MOZ_ANDROID_HISTORY": true,
            "MOZ_ANDROID_MOZILLA_ONLINE": false,
            "MOZ_APP_NAME": "fennec",
            "MOZ_APP_VERSION": "68.1.1",
            "MOZ_APP_VERSION_DISPLAY": "68.1.1",
            "MOZ_BING_API_CLIENTID": "no-bing-api-clientid",
            "MOZ_BING_API_KEY": "no-bing-api-key",
            "MOZ_BITS_DOWNLOAD": false,
            "MOZ_BUILD_APP": "mobile/android",
            "MOZ_CODE_COVERAGE": false,
            "MOZ_CRASHREPORTER": true,
            "MOZ_DATA_REPORTING": true,
            "MOZ_DEV_EDITION": false,
            "MOZ_GECKO_PROFILER": true,
            "MOZ_GOOGLE_LOCATION_SERVICE_API_KEY": "AIzaSyB2h2OuRcUgy5N-5hsZqiPW6sH3n_rptiQ",
            "MOZ_GOOGLE_SAFEBROWSING_API_KEY": "AIzaSyC7jsptDS3am4tPx4r3nxis7IMjBc5Dovo",
            "MOZ_GRAPHENE": false,
            "MOZ_MACBUNDLE_NAME": "Firefox.app",
            "MOZ_MAINTENANCE_SERVICE": false,
            "MOZ_MOZILLA_API_KEY": "3b4d27dd-703d-4094-8398-4de2c763505a",
            "MOZ_NEW_CERT_STORAGE": false,
            "MOZ_NEW_NOTIFICATION_STORE": false,
            "MOZ_NEW_XULSTORE": false,
            "MOZ_OFFICIAL_BRANDING": false,
            "MOZ_PLACES": false,
            "MOZ_REQUIRE_SIGNING": false,
            "MOZ_SANDBOX": false,
            "MOZ_SERVICES_HEALTHREPORT": true,
            "MOZ_SERVICES_SYNC": false,
            "MOZ_SWITCHBOARD": true,
            "MOZ_SYSTEM_NSS": false,
            "MOZ_TELEMETRY_ON_BY_DEFAULT": false,
            "MOZ_TELEMETRY_REPORTING": true,
            "MOZ_UNSIGNED_SCOPES": 0,
            "MOZ_UPDATER": false,
            "MOZ_UPDATE_CHANNEL": "release",
            "MOZ_WEBRTC": true,
            "MOZ_WIDGET_GTK": false,
            "MOZ_WIDGET_TOOLKIT": "android",
            "NIGHTLY_BUILD": false,
            "OMNIJAR_NAME": "assets/omni.ja",
            "RELEASE_OR_BETA": true,
            "SOURCE_REVISION_URL": "https://hg.mozilla.org/releases/mozilla-esr68/rev/d2e0b9e17b9bc1ef02606c8006b73293f7892ad5",
            "TELEMETRY_PING_FORMAT_VERSION": 4,
            "XP_UNIX": true,
            "isPlatformAndVersionAtLeast": {},
            "isPlatformAndVersionAtMost": {},
            "platform": "android"
          },
          "asyncAppConstants": {
            "ACCESSIBILITY": true,
            "ANDROID_PACKAGE_NAME": "org.mozilla.firefox",
            "ASAN": false,
            "ASAN_REPORTER": false,
            "BROWSER_CHROME_URL": "chrome://browser/content/browser.xul",
            "DEBUG": false,
            "DEBUG_JS_MODULES": "",
            "DLL_PREFIX": "lib",
            "DLL_SUFFIX": ".so",
            "EARLY_BETA_OR_EARLIER": false,
            "FENNEC_NIGHTLY": false,
            "HAVE_SHELL_SERVICE": false,
            "HAVE_USR_LIB64_DIR": false,
            "MENUBAR_CAN_AUTOHIDE": false,
            "MOZILLA_OFFICIAL": true,
            "MOZ_ALLOW_LEGACY_EXTENSIONS": false,
            "MOZ_ANDROID_ACTIVITY_STREAM": false,
            "MOZ_ANDROID_HISTORY": true,
            "MOZ_ANDROID_MOZILLA_ONLINE": false,
            "MOZ_APP_NAME": "fennec",
            "MOZ_APP_VERSION": "68.1.1",
            "MOZ_APP_VERSION_DISPLAY": "68.1.1",
            "MOZ_BING_API_CLIENTID": "no-bing-api-clientid",
            "MOZ_BING_API_KEY": "no-bing-api-key",
            "MOZ_BITS_DOWNLOAD": false,
            "MOZ_BUILD_APP": "mobile/android",
            "MOZ_CODE_COVERAGE": false,
            "MOZ_CRASHREPORTER": true,
            "MOZ_DATA_REPORTING": true,
            "MOZ_DEV_EDITION": false,
            "MOZ_GECKO_PROFILER": true,
            "MOZ_GOOGLE_LOCATION_SERVICE_API_KEY": "AIzaSyB2h2OuRcUgy5N-5hsZqiPW6sH3n_rptiQ",
            "MOZ_GOOGLE_SAFEBROWSING_API_KEY": "AIzaSyC7jsptDS3am4tPx4r3nxis7IMjBc5Dovo",
            "MOZ_GRAPHENE": false,
            "MOZ_MACBUNDLE_NAME": "Firefox.app",
            "MOZ_MAINTENANCE_SERVICE": false,
            "MOZ_MOZILLA_API_KEY": "3b4d27dd-703d-4094-8398-4de2c763505a",
            "MOZ_NEW_CERT_STORAGE": false,
            "MOZ_NEW_NOTIFICATION_STORE": false,
            "MOZ_NEW_XULSTORE": false,
            "MOZ_OFFICIAL_BRANDING": false,
            "MOZ_PLACES": false,
            "MOZ_REQUIRE_SIGNING": false,
            "MOZ_SANDBOX": false,
            "MOZ_SERVICES_HEALTHREPORT": true,
            "MOZ_SERVICES_SYNC": false,
            "MOZ_SWITCHBOARD": true,
            "MOZ_SYSTEM_NSS": false,
            "MOZ_TELEMETRY_ON_BY_DEFAULT": false,
            "MOZ_TELEMETRY_REPORTING": true,
            "MOZ_UNSIGNED_SCOPES": 0,
            "MOZ_UPDATER": false,
            "MOZ_UPDATE_CHANNEL": "release",
            "MOZ_WEBRTC": true,
            "MOZ_WIDGET_GTK": false,
            "MOZ_WIDGET_TOOLKIT": "android",
            "NIGHTLY_BUILD": false,
            "OMNIJAR_NAME": "assets/omni.ja",
            "RELEASE_OR_BETA": true,
            "SOURCE_REVISION_URL": "https://hg.mozilla.org/releases/mozilla-esr68/rev/d2e0b9e17b9bc1ef02606c8006b73293f7892ad5",
            "TELEMETRY_PING_FORMAT_VERSION": 4,
            "XP_UNIX": true,
            "isPlatformAndVersionAtLeast": {},
            "isPlatformAndVersionAtMost": {},
            "platform": "android"
          },
          "userAgent": "Mozilla/5.0 (Android 8.1.0; Mobile; rv:68.0) Gecko/68.0 Firefox/68.0",
          "windowSize": "360x560"
        },
        "pageinfo": {
          "documentHeight": 5883,
          "documentSize": {
            "decodedBodySize": 67459,
            "encodedBodySize": 17122,
            "transferSize": 17941
          },
          "documentTitle": "Credit Card, Mortgage, Banking, Auto | Chase Online | Chase.com",
          "documentWidth": 360,
          "domElements": 767,
          "navigationStartTime": 1617074208458,
          "nextHopProtocol": "http/1.1",
          "resources": {
            "count": 0,
            "duration": 0
          },
          "responsive": true,
          "url": "https://www.chase.com/",
          "visualElements": {
            "heroes": [
              {
                "filename": "003389_01_CH_225_Total_Checking_Banner_ads-HeroForeground.png",
                "height": 115,
                "name": "LargestImage",
                "width": 115,
                "x": 8,
                "y": 178
              },
              {
                "filename": null,
                "height": 1,
                "name": "Heading",
                "width": 1,
                "x": 0,
                "y": 128
              }
            ],
            "viewport": {
              "height": 560,
              "width": 360
            }
          }
        },
        "timings": {
          "firstPaint": 2958,
          "loadEventEnd": 4596,
          "navigationTiming": {
            "connectStart": 41,
            "domComplete": 4379,
            "domContentLoadedEventEnd": 3057,
            "domContentLoadedEventStart": 3040,
            "domInteractive": 2831,
            "domainLookupEnd": 41,
            "domainLookupStart": 5,
            "duration": 4596,
            "fetchStart": 3,
            "loadEventEnd": 4596,
            "loadEventStart": 4379,
            "redirectEnd": 0,
            "redirectStart": 0,
            "requestStart": 575,
            "responseEnd": 791,
            "responseStart": 714,
            "secureConnectionStart": 246,
            "startTime": 0,
            "unloadEventEnd": 0,
            "unloadEventStart": 0,
            "workerStart": 0
          },
          "pageTimings": {
            "backEndTime": 714,
            "domContentLoadedTime": 3040,
            "domInteractiveTime": 2831,
            "domainLookupTime": 36,
            "frontEndTime": 3588,
            "pageDownloadTime": 77,
            "pageLoadTime": 4379,
            "redirectionTime": 0,
            "serverConnectionTime": 533,
            "serverResponseTime": 216
          },
          "rumSpeedIndex": 713,
          "timeToContentfulPaint": 3089,
          "timeToDomContentFlushed": 2941,
          "userTimings": {
            "marks": [],
            "measures": []
          }
        }
      }
    ],
    "visualMetrics": [],
    "cpu": [],
    "extras": [
      {},
      {},
      {}
    ],
    "fullyLoaded": [],
    "errors": [
      [],
      [],
      []
    ],
    "statistics": {
      "browser": {
        "appConstants": {
          "MOZ_UNSIGNED_SCOPES": {
            "median": 0,
            "mean": 0,
            "mdev": 0,
            "stddev": 0,
            "min": 0,
            "p10": 0,
            "p90": 0,
            "p99": 0,
            "max": 0
          },
          "TELEMETRY_PING_FORMAT_VERSION": {
            "median": 4,
            "mean": 4,
            "mdev": 0,
            "stddev": 0,
            "min": 4,
            "p10": 4,
            "p90": 4,
            "p99": 4,
            "max": 4
          }
        },
        "asyncAppConstants": {
          "MOZ_UNSIGNED_SCOPES": {
            "median": 0,
            "mean": 0,
            "mdev": 0,
            "stddev": 0,
            "min": 0,
            "p10": 0,
            "p90": 0,
            "p99": 0,
            "max": 0
          },
          "TELEMETRY_PING_FORMAT_VERSION": {
            "median": 4,
            "mean": 4,
            "mdev": 0,
            "stddev": 0,
            "min": 4,
            "p10": 4,
            "p90": 4,
            "p99": 4,
            "max": 4
          }
        }
      },
      "pageinfo": {
        "documentHeight": {
          "median": 5953,
          "mean": 5930,
          "mdev": 19.0516,
          "stddev": 33,
          "min": 5883,
          "p10": 5883,
          "p90": 5953,
          "p99": 5953,
          "max": 5953
        },
        "documentSize": {
          "decodedBodySize": {
            "median": 67459,
            "mean": 67459,
            "mdev": 0,
            "stddev": 0,
            "min": 67459,
            "p10": 67459,
            "p90": 67459,
            "p99": 67459,
            "max": 67459
          },
          "encodedBodySize": {
            "median": 17122,
            "mean": 17122,
            "mdev": 0,
            "stddev": 0,
            "min": 17122,
            "p10": 17122,
            "p90": 17122,
            "p99": 17122,
            "max": 17122
          },
          "transferSize": {
            "median": 17941,
            "mean": 17941,
            "mdev": 0,
            "stddev": 0,
            "min": 17941,
            "p10": 17941,
            "p90": 17941,
            "p99": 17941,
            "max": 17941
          }
        },
        "documentWidth": {
          "median": 360,
          "mean": 360,
          "mdev": 0,
          "stddev": 0,
          "min": 360,
          "p10": 360,
          "p90": 360,
          "p99": 360,
          "max": 360
        },
        "domElements": {
          "median": 813,
          "mean": 798,
          "mdev": 12.5196,
          "stddev": 22,
          "min": 767,
          "p10": 767,
          "p90": 813,
          "p99": 813,
          "max": 813
        },
        "navigationStartTime": {
          "median": 1617074184142,
          "mean": 1617074184497,
          "mdev": 12612.4091,
          "stddev": 21845,
          "min": 1617074160892,
          "p10": 1617074160892,
          "p90": 1617074208458,
          "p99": 1617074208458,
          "max": 1617074208458
        },
        "resources": {
          "count": {
            "median": 0,
            "mean": 0,
            "mdev": 0,
            "stddev": 0,
            "min": 0,
            "p10": 0,
            "p90": 0,
            "p99": 0,
            "max": 0
          },
          "duration": {
            "median": 0,
            "mean": 0,
            "mdev": 0,
            "stddev": 0,
            "min": 0,
            "p10": 0,
            "p90": 0,
            "p99": 0,
            "max": 0
          }
        },
        "visualElements": {
          "heroes": [
            {
              "height": {
                "median": 115,
                "mean": 115,
                "mdev": 0,
                "stddev": 0,
                "min": 115,
                "p10": 115,
                "p90": 115,
                "p99": 115,
                "max": 115
              },
              "width": {
                "median": 115,
                "mean": 115,
                "mdev": 0,
                "stddev": 0,
                "min": 115,
                "p10": 115,
                "p90": 115,
                "p99": 115,
                "max": 115
              },
              "x": {
                "median": 8,
                "mean": 8,
                "mdev": 0,
                "stddev": 0,
                "min": 8,
                "p10": 8,
                "p90": 8,
                "p99": 8,
                "max": 8
              },
              "y": {
                "median": 248,
                "mean": 225,
                "mdev": 19.0516,
                "stddev": 33,
                "min": 178,
                "p10": 178,
                "p90": 248,
                "p99": 248,
                "max": 248
              }
            },
            {
              "height": {
                "median": 1,
                "mean": 1,
                "mdev": 0,
                "stddev": 0,
                "min": 1,
                "p10": 1,
                "p90": 1,
                "p99": 1,
                "max": 1
              },
              "width": {
                "median": 1,
                "mean": 1,
                "mdev": 0,
                "stddev": 0,
                "min": 1,
                "p10": 1,
                "p90": 1,
                "p99": 1,
                "max": 1
              },
              "x": {
                "median": 0,
                "mean": 0,
                "mdev": 0,
                "stddev": 0,
                "min": 0,
                "p10": 0,
                "p90": 0,
                "p99": 0,
                "max": 0
              },
              "y": {
                "median": 198,
                "mean": 175,
                "mdev": 19.0516,
                "stddev": 33,
                "min": 128,
                "p10": 128,
                "p90": 198,
                "p99": 198,
                "max": 198
              }
            }
          ],
          "viewport": {
            "height": {
              "median": 560,
              "mean": 560,
              "mdev": 0,
              "stddev": 0,
              "min": 560,
              "p10": 560,
              "p90": 560,
              "p99": 560,
              "max": 560
            },
            "width": {
              "median": 360,
              "mean": 360,
              "mdev": 0,
              "stddev": 0,
              "min": 360,
              "p10": 360,
              "p90": 360,
              "p99": 360,
              "max": 360
            }
          }
        }
      },
      "timings": {
        "firstPaint": {
          "median": 4056,
          "mean": 3796,
          "mdev": 350.0433,
          "stddev": 606,
          "min": 2958,
          "p10": 2958,
          "p90": 4373,
          "p99": 4373,
          "max": 4373
        },
        "loadEventEnd": {
          "median": 5676,
          "mean": 5445,
          "mdev": 358.4048,
          "stddev": 621,
          "min": 4596,
          "p10": 4596,
          "p90": 6063,
          "p99": 6063,
          "max": 6063
        },
        "navigationTiming": {
          "connectStart": {
            "median": 32,
            "mean": 34,
            "mdev": 2.7622,
            "stddev": 5,
            "min": 30,
            "p10": 30,
            "p90": 41,
            "p99": 41,
            "max": 41
          },
          "domComplete": {
            "median": 5497,
            "mean": 5255,
            "mdev": 369.3682,
            "stddev": 640,
            "min": 4379,
            "p10": 4379,
            "p90": 5889,
            "p99": 5889,
            "max": 5889
          },
          "domContentLoadedEventEnd": {
            "median": 4051,
            "mean": 3867,
            "mdev": 346.7038,
            "stddev": 601,
            "min": 3057,
            "p10": 3057,
            "p90": 4493,
            "p99": 4493,
            "max": 4493
          },
          "domContentLoadedEventStart": {
            "median": 4029,
            "mean": 3843,
            "mdev": 343.2029,
            "stddev": 594,
            "min": 3040,
            "p10": 3040,
            "p90": 4460,
            "p99": 4460,
            "max": 4460
          },
          "domInteractive": {
            "median": 3892,
            "mean": 3649,
            "mdev": 342.8068,
            "stddev": 594,
            "min": 2831,
            "p10": 2831,
            "p90": 4223,
            "p99": 4223,
            "max": 4223
          },
          "domainLookupEnd": {
            "median": 31,
            "mean": 34,
            "mdev": 3.0307,
            "stddev": 5,
            "min": 29,
            "p10": 29,
            "p90": 41,
            "p99": 41,
            "max": 41
          },
          "domainLookupStart": {
            "median": 29,
            "mean": 22,
            "mdev": 6.8204,
            "stddev": 12,
            "min": 5,
            "p10": 5,
            "p90": 31,
            "p99": 31,
            "max": 31
          },
          "duration": {
            "median": 5676,
            "mean": 5445,
            "mdev": 358.4048,
            "stddev": 621,
            "min": 4596,
            "p10": 4596,
            "p90": 6063,
            "p99": 6063,
            "max": 6063
          },
          "fetchStart": {
            "median": 3,
            "mean": 3,
            "mdev": 0,
            "stddev": 0,
            "min": 3,
            "p10": 3,
            "p90": 3,
            "p99": 3,
            "max": 3
          },
          "loadEventEnd": {
            "median": 5676,
            "mean": 5445,
            "mdev": 358.4048,
            "stddev": 621,
            "min": 4596,
            "p10": 4596,
            "p90": 6063,
            "p99": 6063,
            "max": 6063
          },
          "loadEventStart": {
            "median": 5497,
            "mean": 5255,
            "mdev": 369.3682,
            "stddev": 640,
            "min": 4379,
            "p10": 4379,
            "p90": 5889,
            "p99": 5889,
            "max": 5889
          },
          "redirectEnd": {
            "median": 0,
            "mean": 0,
            "mdev": 0,
            "stddev": 0,
            "min": 0,
            "p10": 0,
            "p90": 0,
            "p99": 0,
            "max": 0
          },
          "redirectStart": {
            "median": 0,
            "mean": 0,
            "mdev": 0,
            "stddev": 0,
            "min": 0,
            "p10": 0,
            "p90": 0,
            "p99": 0,
            "max": 0
          },
          "requestStart": {
            "median": 575,
            "mean": 610,
            "mdev": 28.5774,
            "stddev": 49,
            "min": 575,
            "p10": 575,
            "p90": 680,
            "p99": 680,
            "max": 680
          },
          "responseEnd": {
            "median": 996,
            "mean": 999,
            "mdev": 99.0043,
            "stddev": 171,
            "min": 791,
            "p10": 791,
            "p90": 1211,
            "p99": 1211,
            "max": 1211
          },
          "responseStart": {
            "median": 714,
            "mean": 765,
            "mdev": 44.1135,
            "stddev": 76,
            "min": 708,
            "p10": 708,
            "p90": 873,
            "p99": 873,
            "max": 873
          },
          "secureConnectionStart": {
            "median": 246,
            "mean": 261,
            "mdev": 14.4939,
            "stddev": 25,
            "min": 240,
            "p10": 240,
            "p90": 296,
            "p99": 296,
            "max": 296
          },
          "startTime": {
            "median": 0,
            "mean": 0,
            "mdev": 0,
            "stddev": 0,
            "min": 0,
            "p10": 0,
            "p90": 0,
            "p99": 0,
            "max": 0
          },
          "unloadEventEnd": {
            "median": 0,
            "mean": 0,
            "mdev": 0,
            "stddev": 0,
            "min": 0,
            "p10": 0,
            "p90": 0,
            "p99": 0,
            "max": 0
          },
          "unloadEventStart": {
            "median": 0,
            "mean": 0,
            "mdev": 0,
            "stddev": 0,
            "min": 0,
            "p10": 0,
            "p90": 0,
            "p99": 0,
            "max": 0
          },
          "workerStart": {
            "median": 0,
            "mean": 0,
            "mdev": 0,
            "stddev": 0,
            "min": 0,
            "p10": 0,
            "p90": 0,
            "p99": 0,
            "max": 0
          }
        },
        "pageTimings": {
          "backEndTime": {
            "median": 714,
            "mean": 765,
            "mdev": 44.1135,
            "stddev": 76,
            "min": 708,
            "p10": 708,
            "p90": 873,
            "p99": 873,
            "max": 873
          },
          "domContentLoadedTime": {
            "median": 4029,
            "mean": 3843,
            "mdev": 343.2029,
            "stddev": 594,
            "min": 3040,
            "p10": 3040,
            "p90": 4460,
            "p99": 4460,
            "max": 4460
          },
          "domInteractiveTime": {
            "median": 3892,
            "mean": 3649,
            "mdev": 342.8068,
            "stddev": 594,
            "min": 2831,
            "p10": 2831,
            "p90": 4223,
            "p99": 4223,
            "max": 4223
          },
          "domainLookupTime": {
            "median": 0,
            "mean": 12,
            "mdev": 9.798,
            "stddev": 17,
            "min": 0,
            "p10": 0,
            "p90": 36,
            "p99": 36,
            "max": 36
          },
          "frontEndTime": {
            "median": 4285,
            "mean": 4255,
            "mdev": 307.8298,
            "stddev": 533,
            "min": 3588,
            "p10": 3588,
            "p90": 4893,
            "p99": 4893,
            "max": 4893
          },
          "pageDownloadTime": {
            "median": 288,
            "mean": 234,
            "mdev": 65.3033,
            "stddev": 113,
            "min": 77,
            "p10": 77,
            "p90": 338,
            "p99": 338,
            "max": 338
          },
          "pageLoadTime": {
            "median": 5497,
            "mean": 5255,
            "mdev": 369.3682,
            "stddev": 640,
            "min": 4379,
            "p10": 4379,
            "p90": 5889,
            "p99": 5889,
            "max": 5889
          },
          "redirectionTime": {
            "median": 0,
            "mean": 0,
            "mdev": 0,
            "stddev": 0,
            "min": 0,
            "p10": 0,
            "p90": 0,
            "p99": 0,
            "max": 0
          },
          "serverConnectionTime": {
            "median": 543,
            "mean": 575,
            "mdev": 30.5735,
            "stddev": 53,
            "min": 533,
            "p10": 533,
            "p90": 650,
            "p99": 650,
            "max": 650
          },
          "serverResponseTime": {
            "median": 421,
            "mean": 389,
            "mdev": 75.3633,
            "stddev": 131,
            "min": 216,
            "p10": 216,
            "p90": 531,
            "p99": 531,
            "max": 531
          }
        },
        "rumSpeedIndex": {
          "median": 713,
          "mean": 765,
          "mdev": 44.2426,
          "stddev": 77,
          "min": 708,
          "p10": 708,
          "p90": 873,
          "p99": 873,
          "max": 873
        },
        "timeToContentfulPaint": {
          "median": 4177,
          "mean": 3921,
          "mdev": 347.7523,
          "stddev": 602,
          "min": 3089,
          "p10": 3089,
          "p90": 4496,
          "p99": 4496,
          "max": 4496
        },
        "timeToDomContentFlushed": {
          "median": 4015,
          "mean": 3770,
          "mdev": 347.7422,
          "stddev": 602,
          "min": 2941,
          "p10": 2941,
          "p90": 4354,
          "p99": 4354,
          "max": 4354
        }
      }
    }
  }
]