[
  {
    "info": {
      "browsertime": {
        "version": "8.4.0"
      },
      "url": "https://www.msn.com/",
      "timestamp": "2021-03-30T18:27:39+04:00",
      "connectivity": {
        "engine": "external",
        "profile": "native"
      },
      "extra": {}
    },
    "files": {
      "video": [],
      "screenshot": [],
      "timeline": [],
      "consoleLog": [],
      "netLog": [],
      "perfLog": []
    },
    "cdp": {
      "performance": []
    },
    "timestamps": [
      "2021-03-30T18:27:24+04:00",
      "2021-03-30T18:27:45+04:00",
      "2021-03-30T18:28:07+04:00"
    ],
    "browserScripts": [
      {
        "browser": {
          "appConstants": {
            "ACCESSIBILITY": true,
            "ANDROID_PACKAGE_NAME": "org.mozilla.firefox",
            "ASAN": false,
            "ASAN_REPORTER": false,
            "BROWSER_CHROME_URL": "chrome://browser/content/browser.xul",
            "DEBUG": false,
            "DEBUG_JS_MODULES": "",
            "DLL_PREFIX": "lib",
            "DLL_SUFFIX": ".so",
            "EARLY_BETA_OR_EARLIER": false,
            "FENNEC_NIGHTLY": false,
            "HAVE_SHELL_SERVICE": false,
            "HAVE_USR_LIB64_DIR": false,
            "MENUBAR_CAN_AUTOHIDE": false,
            "MOZILLA_OFFICIAL": true,
            "MOZ_ALLOW_LEGACY_EXTENSIONS": false,
            "MOZ_ANDROID_ACTIVITY_STREAM": false,
            "MOZ_ANDROID_HISTORY": true,
            "MOZ_ANDROID_MOZILLA_ONLINE": false,
            "MOZ_APP_NAME": "fennec",
            "MOZ_APP_VERSION": "68.1.1",
            "MOZ_APP_VERSION_DISPLAY": "68.1.1",
            "MOZ_BING_API_CLIENTID": "no-bing-api-clientid",
            "MOZ_BING_API_KEY": "no-bing-api-key",
            "MOZ_BITS_DOWNLOAD": false,
            "MOZ_BUILD_APP": "mobile/android",
            "MOZ_CODE_COVERAGE": false,
            "MOZ_CRASHREPORTER": true,
            "MOZ_DATA_REPORTING": true,
            "MOZ_DEV_EDITION": false,
            "MOZ_GECKO_PROFILER": true,
            "MOZ_GOOGLE_LOCATION_SERVICE_API_KEY": "AIzaSyB2h2OuRcUgy5N-5hsZqiPW6sH3n_rptiQ",
            "MOZ_GOOGLE_SAFEBROWSING_API_KEY": "AIzaSyC7jsptDS3am4tPx4r3nxis7IMjBc5Dovo",
            "MOZ_GRAPHENE": false,
            "MOZ_MACBUNDLE_NAME": "Firefox.app",
            "MOZ_MAINTENANCE_SERVICE": false,
            "MOZ_MOZILLA_API_KEY": "3b4d27dd-703d-4094-8398-4de2c763505a",
            "MOZ_NEW_CERT_STORAGE": false,
            "MOZ_NEW_NOTIFICATION_STORE": false,
            "MOZ_NEW_XULSTORE": false,
            "MOZ_OFFICIAL_BRANDING": false,
            "MOZ_PLACES": false,
            "MOZ_REQUIRE_SIGNING": false,
            "MOZ_SANDBOX": false,
            "MOZ_SERVICES_HEALTHREPORT": true,
            "MOZ_SERVICES_SYNC": false,
            "MOZ_SWITCHBOARD": true,
            "MOZ_SYSTEM_NSS": false,
            "MOZ_TELEMETRY_ON_BY_DEFAULT": false,
            "MOZ_TELEMETRY_REPORTING": true,
            "MOZ_UNSIGNED_SCOPES": 0,
            "MOZ_UPDATER": false,
            "MOZ_UPDATE_CHANNEL": "release",
            "MOZ_WEBRTC": true,
            "MOZ_WIDGET_GTK": false,
            "MOZ_WIDGET_TOOLKIT": "android",
            "NIGHTLY_BUILD": false,
            "OMNIJAR_NAME": "assets/omni.ja",
            "RELEASE_OR_BETA": true,
            "SOURCE_REVISION_URL": "https://hg.mozilla.org/releases/mozilla-esr68/rev/d2e0b9e17b9bc1ef02606c8006b73293f7892ad5",
            "TELEMETRY_PING_FORMAT_VERSION": 4,
            "XP_UNIX": true,
            "isPlatformAndVersionAtLeast": {},
            "isPlatformAndVersionAtMost": {},
            "platform": "android"
          },
          "asyncAppConstants": {
            "ACCESSIBILITY": true,
            "ANDROID_PACKAGE_NAME": "org.mozilla.firefox",
            "ASAN": false,
            "ASAN_REPORTER": false,
            "BROWSER_CHROME_URL": "chrome://browser/content/browser.xul",
            "DEBUG": false,
            "DEBUG_JS_MODULES": "",
            "DLL_PREFIX": "lib",
            "DLL_SUFFIX": ".so",
            "EARLY_BETA_OR_EARLIER": false,
            "FENNEC_NIGHTLY": false,
            "HAVE_SHELL_SERVICE": false,
            "HAVE_USR_LIB64_DIR": false,
            "MENUBAR_CAN_AUTOHIDE": false,
            "MOZILLA_OFFICIAL": true,
            "MOZ_ALLOW_LEGACY_EXTENSIONS": false,
            "MOZ_ANDROID_ACTIVITY_STREAM": false,
            "MOZ_ANDROID_HISTORY": true,
            "MOZ_ANDROID_MOZILLA_ONLINE": false,
            "MOZ_APP_NAME": "fennec",
            "MOZ_APP_VERSION": "68.1.1",
            "MOZ_APP_VERSION_DISPLAY": "68.1.1",
            "MOZ_BING_API_CLIENTID": "no-bing-api-clientid",
            "MOZ_BING_API_KEY": "no-bing-api-key",
            "MOZ_BITS_DOWNLOAD": false,
            "MOZ_BUILD_APP": "mobile/android",
            "MOZ_CODE_COVERAGE": false,
            "MOZ_CRASHREPORTER": true,
            "MOZ_DATA_REPORTING": true,
            "MOZ_DEV_EDITION": false,
            "MOZ_GECKO_PROFILER": true,
            "MOZ_GOOGLE_LOCATION_SERVICE_API_KEY": "AIzaSyB2h2OuRcUgy5N-5hsZqiPW6sH3n_rptiQ",
            "MOZ_GOOGLE_SAFEBROWSING_API_KEY": "AIzaSyC7jsptDS3am4tPx4r3nxis7IMjBc5Dovo",
            "MOZ_GRAPHENE": false,
            "MOZ_MACBUNDLE_NAME": "Firefox.app",
            "MOZ_MAINTENANCE_SERVICE": false,
            "MOZ_MOZILLA_API_KEY": "3b4d27dd-703d-4094-8398-4de2c763505a",
            "MOZ_NEW_CERT_STORAGE": false,
            "MOZ_NEW_NOTIFICATION_STORE": false,
            "MOZ_NEW_XULSTORE": false,
            "MOZ_OFFICIAL_BRANDING": false,
            "MOZ_PLACES": false,
            "MOZ_REQUIRE_SIGNING": false,
            "MOZ_SANDBOX": false,
            "MOZ_SERVICES_HEALTHREPORT": true,
            "MOZ_SERVICES_SYNC": false,
            "MOZ_SWITCHBOARD": true,
            "MOZ_SYSTEM_NSS": false,
            "MOZ_TELEMETRY_ON_BY_DEFAULT": false,
            "MOZ_TELEMETRY_REPORTING": true,
            "MOZ_UNSIGNED_SCOPES": 0,
            "MOZ_UPDATER": false,
            "MOZ_UPDATE_CHANNEL": "release",
            "MOZ_WEBRTC": true,
            "MOZ_WIDGET_GTK": false,
            "MOZ_WIDGET_TOOLKIT": "android",
            "NIGHTLY_BUILD": false,
            "OMNIJAR_NAME": "assets/omni.ja",
            "RELEASE_OR_BETA": true,
            "SOURCE_REVISION_URL": "https://hg.mozilla.org/releases/mozilla-esr68/rev/d2e0b9e17b9bc1ef02606c8006b73293f7892ad5",
            "TELEMETRY_PING_FORMAT_VERSION": 4,
            "XP_UNIX": true,
            "isPlatformAndVersionAtLeast": {},
            "isPlatformAndVersionAtMost": {},
            "platform": "android"
          },
          "userAgent": "Mozilla/5.0 (Android 9; Mobile; rv:68.0) Gecko/68.0 Firefox/68.0",
          "windowSize": "360x612"
        },
        "pageinfo": {
          "documentHeight": 3965,
          "documentSize": {
            "decodedBodySize": 236141,
            "encodedBodySize": 47801,
            "transferSize": 50140
          },
          "documentTitle": "MSN UAE | Latest News, Weather, Videos, Celebrity, Outlook, Skype, Hotmail",
          "documentWidth": 360,
          "domElements": 1287,
          "navigationStartTime": 1617114445093,
          "nextHopProtocol": "h2",
          "resources": {
            "count": 0,
            "duration": 0
          },
          "responsive": true,
          "url": "https://www.msn.com/en-ae/",
          "visualElements": {
            "heroes": [
              {
                "filename": "BB1efC0Z.img?h=180&w=320&m=6&q=60&u=t&o=t&l=f&x=748&y=206",
                "height": 180,
                "name": "LargestImage",
                "width": 320,
                "x": 20,
                "y": 82
              },
              {
                "filename": "png;base64,iVBORw0KGgoAAAANSUhEUgAAAAEAAAABCAQAAAC1HAwCAAAAC0lEQVR42mNkYAAAAAYAAjCB0C8AAAAASUVORK5CYII=",
                "height": 1,
                "name": "TTVR.SearchBox",
                "width": 1,
                "x": 12,
                "y": 79
              },
              {
                "filename": "BB1f7x9d.img?h=180&w=320&m=6&q=60&u=t&o=t&l=f",
                "height": 180,
                "name": "TTVR.Infopane",
                "width": 320,
                "x": -300,
                "y": 82
              }
            ],
            "viewport": {
              "height": 612,
              "width": 360
            }
          }
        },
        "timings": {
          "firstPaint": 1865,
          "loadEventEnd": 7410,
          "navigationTiming": {
            "connectStart": 564,
            "domComplete": 7402,
            "domContentLoadedEventEnd": 1983,
            "domContentLoadedEventStart": 1975,
            "domInteractive": 1840,
            "domainLookupEnd": 564,
            "domainLookupStart": 564,
            "duration": 7410,
            "fetchStart": 564,
            "loadEventEnd": 7410,
            "loadEventStart": 7402,
            "redirectEnd": 559,
            "redirectStart": 3,
            "requestStart": 610,
            "responseEnd": 805,
            "responseStart": 785,
            "secureConnectionStart": 0,
            "startTime": 0,
            "unloadEventEnd": 0,
            "unloadEventStart": 0,
            "workerStart": 0
          },
          "pageTimings": {
            "backEndTime": 785,
            "domContentLoadedTime": 1975,
            "domInteractiveTime": 1840,
            "domainLookupTime": 0,
            "frontEndTime": 6597,
            "pageDownloadTime": 20,
            "pageLoadTime": 7402,
            "redirectionTime": 557,
            "serverConnectionTime": 0,
            "serverResponseTime": 195
          },
          "rumSpeedIndex": 784,
          "timeToContentfulPaint": 2069,
          "timeToDomContentFlushed": 1843,
          "userTimings": {
            "marks": [
              {
                "name": "TimeToImageLoadStart",
                "startTime": 1570.46
              },
              {
                "name": "TimeToImageLoadEnd",
                "startTime": 1832.52
              },
              {
                "name": "TimeToFirstSearchInteractive",
                "startTime": 2108.34
              },
              {
                "name": "TimeToLoadDeferredImagesStart0",
                "startTime": 7761.16
              },
              {
                "name": "TimeToLoadDeferredImagesEnd0",
                "startTime": 7799.3
              },
              {
                "name": "TimeToInfopaneInteractive",
                "startTime": 8000.5
              }
            ],
            "measures": [
              {
                "duration": 6609,
                "name": "TimeFordomComplete",
                "startTime": 793
              },
              {
                "duration": 1047,
                "name": "TimeFordomInteractive",
                "startTime": 793
              },
              {
                "duration": 262.05999999999995,
                "name": "TimeForImageLoad",
                "startTime": 1570.46
              },
              {
                "duration": 8,
                "name": "TimeFordomContentLoaded",
                "startTime": 1974
              },
              {
                "duration": 8,
                "name": "TimeForloadEvent",
                "startTime": 7402
              },
              {
                "duration": 38.14000000000033,
                "name": "TimeForLoadDeferredImages0",
                "startTime": 7761.16
              }
            ]
          }
        }
      },
      {
        "browser": {
          "appConstants": {
            "ACCESSIBILITY": true,
            "ANDROID_PACKAGE_NAME": "org.mozilla.firefox",
            "ASAN": false,
            "ASAN_REPORTER": false,
            "BROWSER_CHROME_URL": "chrome://browser/content/browser.xul",
            "DEBUG": false,
            "DEBUG_JS_MODULES": "",
            "DLL_PREFIX": "lib",
            "DLL_SUFFIX": ".so",
            "EARLY_BETA_OR_EARLIER": false,
            "FENNEC_NIGHTLY": false,
            "HAVE_SHELL_SERVICE": false,
            "HAVE_USR_LIB64_DIR": false,
            "MENUBAR_CAN_AUTOHIDE": false,
            "MOZILLA_OFFICIAL": true,
            "MOZ_ALLOW_LEGACY_EXTENSIONS": false,
            "MOZ_ANDROID_ACTIVITY_STREAM": false,
            "MOZ_ANDROID_HISTORY": true,
            "MOZ_ANDROID_MOZILLA_ONLINE": false,
            "MOZ_APP_NAME": "fennec",
            "MOZ_APP_VERSION": "68.1.1",
            "MOZ_APP_VERSION_DISPLAY": "68.1.1",
            "MOZ_BING_API_CLIENTID": "no-bing-api-clientid",
            "MOZ_BING_API_KEY": "no-bing-api-key",
            "MOZ_BITS_DOWNLOAD": false,
            "MOZ_BUILD_APP": "mobile/android",
            "MOZ_CODE_COVERAGE": false,
            "MOZ_CRASHREPORTER": true,
            "MOZ_DATA_REPORTING": true,
            "MOZ_DEV_EDITION": false,
            "MOZ_GECKO_PROFILER": true,
            "MOZ_GOOGLE_LOCATION_SERVICE_API_KEY": "AIzaSyB2h2OuRcUgy5N-5hsZqiPW6sH3n_rptiQ",
            "MOZ_GOOGLE_SAFEBROWSING_API_KEY": "AIzaSyC7jsptDS3am4tPx4r3nxis7IMjBc5Dovo",
            "MOZ_GRAPHENE": false,
            "MOZ_MACBUNDLE_NAME": "Firefox.app",
            "MOZ_MAINTENANCE_SERVICE": false,
            "MOZ_MOZILLA_API_KEY": "3b4d27dd-703d-4094-8398-4de2c763505a",
            "MOZ_NEW_CERT_STORAGE": false,
            "MOZ_NEW_NOTIFICATION_STORE": false,
            "MOZ_NEW_XULSTORE": false,
            "MOZ_OFFICIAL_BRANDING": false,
            "MOZ_PLACES": false,
            "MOZ_REQUIRE_SIGNING": false,
            "MOZ_SANDBOX": false,
            "MOZ_SERVICES_HEALTHREPORT": true,
            "MOZ_SERVICES_SYNC": false,
            "MOZ_SWITCHBOARD": true,
            "MOZ_SYSTEM_NSS": false,
            "MOZ_TELEMETRY_ON_BY_DEFAULT": false,
            "MOZ_TELEMETRY_REPORTING": true,
            "MOZ_UNSIGNED_SCOPES": 0,
            "MOZ_UPDATER": false,
            "MOZ_UPDATE_CHANNEL": "release",
            "MOZ_WEBRTC": true,
            "MOZ_WIDGET_GTK": false,
            "MOZ_WIDGET_TOOLKIT": "android",
            "NIGHTLY_BUILD": false,
            "OMNIJAR_NAME": "assets/omni.ja",
            "RELEASE_OR_BETA": true,
            "SOURCE_REVISION_URL": "https://hg.mozilla.org/releases/mozilla-esr68/rev/d2e0b9e17b9bc1ef02606c8006b73293f7892ad5",
            "TELEMETRY_PING_FORMAT_VERSION": 4,
            "XP_UNIX": true,
            "isPlatformAndVersionAtLeast": {},
            "isPlatformAndVersionAtMost": {},
            "platform": "android"
          },
          "asyncAppConstants": {
            "ACCESSIBILITY": true,
            "ANDROID_PACKAGE_NAME": "org.mozilla.firefox",
            "ASAN": false,
            "ASAN_REPORTER": false,
            "BROWSER_CHROME_URL": "chrome://browser/content/browser.xul",
            "DEBUG": false,
            "DEBUG_JS_MODULES": "",
            "DLL_PREFIX": "lib",
            "DLL_SUFFIX": ".so",
            "EARLY_BETA_OR_EARLIER": false,
            "FENNEC_NIGHTLY": false,
            "HAVE_SHELL_SERVICE": false,
            "HAVE_USR_LIB64_DIR": false,
            "MENUBAR_CAN_AUTOHIDE": false,
            "MOZILLA_OFFICIAL": true,
            "MOZ_ALLOW_LEGACY_EXTENSIONS": false,
            "MOZ_ANDROID_ACTIVITY_STREAM": false,
            "MOZ_ANDROID_HISTORY": true,
            "MOZ_ANDROID_MOZILLA_ONLINE": false,
            "MOZ_APP_NAME": "fennec",
            "MOZ_APP_VERSION": "68.1.1",
            "MOZ_APP_VERSION_DISPLAY": "68.1.1",
            "MOZ_BING_API_CLIENTID": "no-bing-api-clientid",
            "MOZ_BING_API_KEY": "no-bing-api-key",
            "MOZ_BITS_DOWNLOAD": false,
            "MOZ_BUILD_APP": "mobile/android",
            "MOZ_CODE_COVERAGE": false,
            "MOZ_CRASHREPORTER": true,
            "MOZ_DATA_REPORTING": true,
            "MOZ_DEV_EDITION": false,
            "MOZ_GECKO_PROFILER": true,
            "MOZ_GOOGLE_LOCATION_SERVICE_API_KEY": "AIzaSyB2h2OuRcUgy5N-5hsZqiPW6sH3n_rptiQ",
            "MOZ_GOOGLE_SAFEBROWSING_API_KEY": "AIzaSyC7jsptDS3am4tPx4r3nxis7IMjBc5Dovo",
            "MOZ_GRAPHENE": false,
            "MOZ_MACBUNDLE_NAME": "Firefox.app",
            "MOZ_MAINTENANCE_SERVICE": false,
            "MOZ_MOZILLA_API_KEY": "3b4d27dd-703d-4094-8398-4de2c763505a",
            "MOZ_NEW_CERT_STORAGE": false,
            "MOZ_NEW_NOTIFICATION_STORE": false,
            "MOZ_NEW_XULSTORE": false,
            "MOZ_OFFICIAL_BRANDING": false,
            "MOZ_PLACES": false,
            "MOZ_REQUIRE_SIGNING": false,
            "MOZ_SANDBOX": false,
            "MOZ_SERVICES_HEALTHREPORT": true,
            "MOZ_SERVICES_SYNC": false,
            "MOZ_SWITCHBOARD": true,
            "MOZ_SYSTEM_NSS": false,
            "MOZ_TELEMETRY_ON_BY_DEFAULT": false,
            "MOZ_TELEMETRY_REPORTING": true,
            "MOZ_UNSIGNED_SCOPES": 0,
            "MOZ_UPDATER": false,
            "MOZ_UPDATE_CHANNEL": "release",
            "MOZ_WEBRTC": true,
            "MOZ_WIDGET_GTK": false,
            "MOZ_WIDGET_TOOLKIT": "android",
            "NIGHTLY_BUILD": false,
            "OMNIJAR_NAME": "assets/omni.ja",
            "RELEASE_OR_BETA": true,
            "SOURCE_REVISION_URL": "https://hg.mozilla.org/releases/mozilla-esr68/rev/d2e0b9e17b9bc1ef02606c8006b73293f7892ad5",
            "TELEMETRY_PING_FORMAT_VERSION": 4,
            "XP_UNIX": true,
            "isPlatformAndVersionAtLeast": {},
            "isPlatformAndVersionAtMost": {},
            "platform": "android"
          },
          "userAgent": "Mozilla/5.0 (Android 9; Mobile; rv:68.0) Gecko/68.0 Firefox/68.0",
          "windowSize": "360x612"
        },
        "pageinfo": {
          "documentHeight": 3965,
          "documentSize": {
            "decodedBodySize": 236499,
            "encodedBodySize": 47794,
            "transferSize": 50132
          },
          "documentTitle": "MSN UAE | Latest News, Weather, Videos, Celebrity, Outlook, Skype, Hotmail",
          "documentWidth": 360,
          "domElements": 1287,
          "navigationStartTime": 1617114466129,
          "nextHopProtocol": "h2",
          "resources": {
            "count": 0,
            "duration": 0
          },
          "responsive": true,
          "url": "https://www.msn.com/en-ae/",
          "visualElements": {
            "heroes": [
              {
                "filename": "BB1efC0Z.img?h=180&w=320&m=6&q=60&u=t&o=t&l=f&x=748&y=206",
                "height": 180,
                "name": "LargestImage",
                "width": 320,
                "x": 20,
                "y": 82
              },
              {
                "filename": "png;base64,iVBORw0KGgoAAAANSUhEUgAAAAEAAAABCAQAAAC1HAwCAAAAC0lEQVR42mNkYAAAAAYAAjCB0C8AAAAASUVORK5CYII=",
                "height": 1,
                "name": "TTVR.SearchBox",
                "width": 1,
                "x": 12,
                "y": 79
              },
              {
                "filename": "BB1f7x9d.img?h=180&w=320&m=6&q=60&u=t&o=t&l=f",
                "height": 180,
                "name": "TTVR.Infopane",
                "width": 320,
                "x": -300,
                "y": 82
              }
            ],
            "viewport": {
              "height": 612,
              "width": 360
            }
          }
        },
        "timings": {
          "firstPaint": 1763,
          "loadEventEnd": 8280,
          "navigationTiming": {
            "connectStart": 344,
            "domComplete": 8273,
            "domContentLoadedEventEnd": 1892,
            "domContentLoadedEventStart": 1885,
            "domInteractive": 1751,
            "domainLookupEnd": 344,
            "domainLookupStart": 344,
            "duration": 8280,
            "fetchStart": 344,
            "loadEventEnd": 8280,
            "loadEventStart": 8273,
            "redirectEnd": 337,
            "redirectStart": 2,
            "requestStart": 375,
            "responseEnd": 589,
            "responseStart": 562,
            "secureConnectionStart": 0,
            "startTime": 0,
            "unloadEventEnd": 0,
            "unloadEventStart": 0,
            "workerStart": 0
          },
          "pageTimings": {
            "backEndTime": 562,
            "domContentLoadedTime": 1885,
            "domInteractiveTime": 1751,
            "domainLookupTime": 0,
            "frontEndTime": 7684,
            "pageDownloadTime": 27,
            "pageLoadTime": 8273,
            "redirectionTime": 335,
            "serverConnectionTime": 0,
            "serverResponseTime": 214
          },
          "rumSpeedIndex": 561,
          "timeToContentfulPaint": 1959,
          "timeToDomContentFlushed": 1758,
          "userTimings": {
            "marks": [
              {
                "name": "TimeToImageLoadStart",
                "startTime": 1460.36
              },
              {
                "name": "TimeToImageLoadEnd",
                "startTime": 1735.7
              },
              {
                "name": "TimeToFirstSearchInteractive",
                "startTime": 2015.24
              },
              {
                "name": "TimeToLoadDeferredImagesStart0",
                "startTime": 8566.24
              },
              {
                "name": "TimeToLoadDeferredImagesEnd0",
                "startTime": 8597.92
              },
              {
                "name": "TimeToInfopaneInteractive",
                "startTime": 8798.1
              }
            ],
            "measures": [
              {
                "duration": 7697,
                "name": "TimeFordomComplete",
                "startTime": 575
              },
              {
                "duration": 1175,
                "name": "TimeFordomInteractive",
                "startTime": 575
              },
              {
                "duration": 275.3399999999999,
                "name": "TimeForImageLoad",
                "startTime": 1460.36
              },
              {
                "duration": 7,
                "name": "TimeFordomContentLoaded",
                "startTime": 1884
              },
              {
                "duration": 7,
                "name": "TimeForloadEvent",
                "startTime": 8272
              },
              {
                "duration": 31.68000000000029,
                "name": "TimeForLoadDeferredImages0",
                "startTime": 8566.24
              }
            ]
          }
        }
      },
      {
        "browser": {
          "appConstants": {
            "ACCESSIBILITY": true,
            "ANDROID_PACKAGE_NAME": "org.mozilla.firefox",
            "ASAN": false,
            "ASAN_REPORTER": false,
            "BROWSER_CHROME_URL": "chrome://browser/content/browser.xul",
            "DEBUG": false,
            "DEBUG_JS_MODULES": "",
            "DLL_PREFIX": "lib",
            "DLL_SUFFIX": ".so",
            "EARLY_BETA_OR_EARLIER": false,
            "FENNEC_NIGHTLY": false,
            "HAVE_SHELL_SERVICE": false,
            "HAVE_USR_LIB64_DIR": false,
            "MENUBAR_CAN_AUTOHIDE": false,
            "MOZILLA_OFFICIAL": true,
            "MOZ_ALLOW_LEGACY_EXTENSIONS": false,
            "MOZ_ANDROID_ACTIVITY_STREAM": false,
            "MOZ_ANDROID_HISTORY": true,
            "MOZ_ANDROID_MOZILLA_ONLINE": false,
            "MOZ_APP_NAME": "fennec",
            "MOZ_APP_VERSION": "68.1.1",
            "MOZ_APP_VERSION_DISPLAY": "68.1.1",
            "MOZ_BING_API_CLIENTID": "no-bing-api-clientid",
            "MOZ_BING_API_KEY": "no-bing-api-key",
            "MOZ_BITS_DOWNLOAD": false,
            "MOZ_BUILD_APP": "mobile/android",
            "MOZ_CODE_COVERAGE": false,
            "MOZ_CRASHREPORTER": true,
            "MOZ_DATA_REPORTING": true,
            "MOZ_DEV_EDITION": false,
            "MOZ_GECKO_PROFILER": true,
            "MOZ_GOOGLE_LOCATION_SERVICE_API_KEY": "AIzaSyB2h2OuRcUgy5N-5hsZqiPW6sH3n_rptiQ",
            "MOZ_GOOGLE_SAFEBROWSING_API_KEY": "AIzaSyC7jsptDS3am4tPx4r3nxis7IMjBc5Dovo",
            "MOZ_GRAPHENE": false,
            "MOZ_MACBUNDLE_NAME": "Firefox.app",
            "MOZ_MAINTENANCE_SERVICE": false,
            "MOZ_MOZILLA_API_KEY": "3b4d27dd-703d-4094-8398-4de2c763505a",
            "MOZ_NEW_CERT_STORAGE": false,
            "MOZ_NEW_NOTIFICATION_STORE": false,
            "MOZ_NEW_XULSTORE": false,
            "MOZ_OFFICIAL_BRANDING": false,
            "MOZ_PLACES": false,
            "MOZ_REQUIRE_SIGNING": false,
            "MOZ_SANDBOX": false,
            "MOZ_SERVICES_HEALTHREPORT": true,
            "MOZ_SERVICES_SYNC": false,
            "MOZ_SWITCHBOARD": true,
            "MOZ_SYSTEM_NSS": false,
            "MOZ_TELEMETRY_ON_BY_DEFAULT": false,
            "MOZ_TELEMETRY_REPORTING": true,
            "MOZ_UNSIGNED_SCOPES": 0,
            "MOZ_UPDATER": false,
            "MOZ_UPDATE_CHANNEL": "release",
            "MOZ_WEBRTC": true,
            "MOZ_WIDGET_GTK": false,
            "MOZ_WIDGET_TOOLKIT": "android",
            "NIGHTLY_BUILD": false,
            "OMNIJAR_NAME": "assets/omni.ja",
            "RELEASE_OR_BETA": true,
            "SOURCE_REVISION_URL": "https://hg.mozilla.org/releases/mozilla-esr68/rev/d2e0b9e17b9bc1ef02606c8006b73293f7892ad5",
            "TELEMETRY_PING_FORMAT_VERSION": 4,
            "XP_UNIX": true,
            "isPlatformAndVersionAtLeast": {},
            "isPlatformAndVersionAtMost": {},
            "platform": "android"
          },
          "asyncAppConstants": {
            "ACCESSIBILITY": true,
            "ANDROID_PACKAGE_NAME": "org.mozilla.firefox",
            "ASAN": false,
            "ASAN_REPORTER": false,
            "BROWSER_CHROME_URL": "chrome://browser/content/browser.xul",
            "DEBUG": false,
            "DEBUG_JS_MODULES": "",
            "DLL_PREFIX": "lib",
            "DLL_SUFFIX": ".so",
            "EARLY_BETA_OR_EARLIER": false,
            "FENNEC_NIGHTLY": false,
            "HAVE_SHELL_SERVICE": false,
            "HAVE_USR_LIB64_DIR": false,
            "MENUBAR_CAN_AUTOHIDE": false,
            "MOZILLA_OFFICIAL": true,
            "MOZ_ALLOW_LEGACY_EXTENSIONS": false,
            "MOZ_ANDROID_ACTIVITY_STREAM": false,
            "MOZ_ANDROID_HISTORY": true,
            "MOZ_ANDROID_MOZILLA_ONLINE": false,
            "MOZ_APP_NAME": "fennec",
            "MOZ_APP_VERSION": "68.1.1",
            "MOZ_APP_VERSION_DISPLAY": "68.1.1",
            "MOZ_BING_API_CLIENTID": "no-bing-api-clientid",
            "MOZ_BING_API_KEY": "no-bing-api-key",
            "MOZ_BITS_DOWNLOAD": false,
            "MOZ_BUILD_APP": "mobile/android",
            "MOZ_CODE_COVERAGE": false,
            "MOZ_CRASHREPORTER": true,
            "MOZ_DATA_REPORTING": true,
            "MOZ_DEV_EDITION": false,
            "MOZ_GECKO_PROFILER": true,
            "MOZ_GOOGLE_LOCATION_SERVICE_API_KEY": "AIzaSyB2h2OuRcUgy5N-5hsZqiPW6sH3n_rptiQ",
            "MOZ_GOOGLE_SAFEBROWSING_API_KEY": "AIzaSyC7jsptDS3am4tPx4r3nxis7IMjBc5Dovo",
            "MOZ_GRAPHENE": false,
            "MOZ_MACBUNDLE_NAME": "Firefox.app",
            "MOZ_MAINTENANCE_SERVICE": false,
            "MOZ_MOZILLA_API_KEY": "3b4d27dd-703d-4094-8398-4de2c763505a",
            "MOZ_NEW_CERT_STORAGE": false,
            "MOZ_NEW_NOTIFICATION_STORE": false,
            "MOZ_NEW_XULSTORE": false,
            "MOZ_OFFICIAL_BRANDING": false,
            "MOZ_PLACES": false,
            "MOZ_REQUIRE_SIGNING": false,
            "MOZ_SANDBOX": false,
            "MOZ_SERVICES_HEALTHREPORT": true,
            "MOZ_SERVICES_SYNC": false,
            "MOZ_SWITCHBOARD": true,
            "MOZ_SYSTEM_NSS": false,
            "MOZ_TELEMETRY_ON_BY_DEFAULT": false,
            "MOZ_TELEMETRY_REPORTING": true,
            "MOZ_UNSIGNED_SCOPES": 0,
            "MOZ_UPDATER": false,
            "MOZ_UPDATE_CHANNEL": "release",
            "MOZ_WEBRTC": true,
            "MOZ_WIDGET_GTK": false,
            "MOZ_WIDGET_TOOLKIT": "android",
            "NIGHTLY_BUILD": false,
            "OMNIJAR_NAME": "assets/omni.ja",
            "RELEASE_OR_BETA": true,
            "SOURCE_REVISION_URL": "https://hg.mozilla.org/releases/mozilla-esr68/rev/d2e0b9e17b9bc1ef02606c8006b73293f7892ad5",
            "TELEMETRY_PING_FORMAT_VERSION": 4,
            "XP_UNIX": true,
            "isPlatformAndVersionAtLeast": {},
            "isPlatformAndVersionAtMost": {},
            "platform": "android"
          },
          "userAgent": "Mozilla/5.0 (Android 9; Mobile; rv:68.0) Gecko/68.0 Firefox/68.0",
          "windowSize": "360x612"
        },
        "pageinfo": {
          "documentHeight": 3965,
          "documentSize": {
            "decodedBodySize": 236066,
            "encodedBodySize": 47744,
            "transferSize": 50083
          },
          "documentTitle": "MSN UAE | Latest News, Weather, Videos, Celebrity, Outlook, Skype, Hotmail",
          "documentWidth": 360,
          "domElements": 1287,
          "navigationStartTime": 1617114488034,
          "nextHopProtocol": "h2",
          "resources": {
            "count": 0,
            "duration": 0
          },
          "responsive": true,
          "url": "https://www.msn.com/en-ae/",
          "visualElements": {
            "heroes": [
              {
                "filename": "BB1efC0Z.img?h=180&w=320&m=6&q=60&u=t&o=t&l=f&x=748&y=206",
                "height": 180,
                "name": "LargestImage",
                "width": 320,
                "x": 20,
                "y": 82
              },
              {
                "filename": "png;base64,iVBORw0KGgoAAAANSUhEUgAAAAEAAAABCAQAAAC1HAwCAAAAC0lEQVR42mNkYAAAAAYAAjCB0C8AAAAASUVORK5CYII=",
                "height": 1,
                "name": "TTVR.SearchBox",
                "width": 1,
                "x": 12,
                "y": 79
              },
              {
                "filename": "BB1f7x9d.img?h=180&w=320&m=6&q=60&u=t&o=t&l=f",
                "height": 180,
                "name": "TTVR.Infopane",
                "width": 320,
                "x": -300,
                "y": 82
              }
            ],
            "viewport": {
              "height": 612,
              "width": 360
            }
          }
        },
        "timings": {
          "firstPaint": 1716,
          "loadEventEnd": 7415,
          "navigationTiming": {
            "connectStart": 350,
            "domComplete": 7405,
            "domContentLoadedEventEnd": 1841,
            "domContentLoadedEventStart": 1833,
            "domInteractive": 1699,
            "domainLookupEnd": 350,
            "domainLookupStart": 350,
            "duration": 7415,
            "fetchStart": 350,
            "loadEventEnd": 7415,
            "loadEventStart": 7405,
            "redirectEnd": 345,
            "redirectStart": 2,
            "requestStart": 381,
            "responseEnd": 566,
            "responseStart": 546,
            "secureConnectionStart": 0,
            "startTime": 0,
            "unloadEventEnd": 0,
            "unloadEventStart": 0,
            "workerStart": 0
          },
          "pageTimings": {
            "backEndTime": 546,
            "domContentLoadedTime": 1833,
            "domInteractiveTime": 1699,
            "domainLookupTime": 0,
            "frontEndTime": 6839,
            "pageDownloadTime": 20,
            "pageLoadTime": 7405,
            "redirectionTime": 342,
            "serverConnectionTime": 0,
            "serverResponseTime": 185
          },
          "rumSpeedIndex": 546,
          "timeToContentfulPaint": 1910,
          "timeToDomContentFlushed": 1710,
          "userTimings": {
            "marks": [
              {
                "name": "TimeToImageLoadStart",
                "startTime": 1450.12
              },
              {
                "name": "TimeToImageLoadEnd",
                "startTime": 1688.54
              },
              {
                "name": "TimeToFirstSearchInteractive",
                "startTime": 1965.84
              },
              {
                "name": "TimeToLoadDeferredImagesStart0",
                "startTime": 7836.900000000001
              },
              {
                "name": "TimeToLoadDeferredImagesEnd0",
                "startTime": 7868.24
              },
              {
                "name": "TimeToInfopaneInteractive",
                "startTime": 8116.16
              }
            ],
            "measures": [
              {
                "duration": 6853,
                "name": "TimeFordomComplete",
                "startTime": 551
              },
              {
                "duration": 1148,
                "name": "TimeFordomInteractive",
                "startTime": 551
              },
              {
                "duration": 238.41999999999985,
                "name": "TimeForImageLoad",
                "startTime": 1450.12
              },
              {
                "duration": 7,
                "name": "TimeFordomContentLoaded",
                "startTime": 1833
              },
              {
                "duration": 11,
                "name": "TimeForloadEvent",
                "startTime": 7404
              },
              {
                "duration": 31.339999999999236,
                "name": "TimeForLoadDeferredImages0",
                "startTime": 7836.900000000001
              }
            ]
          }
        }
      }
    ],
    "visualMetrics": [],
    "cpu": [],
    "extras": [
      {},
      {},
      {}
    ],
    "fullyLoaded": [],
    "errors": [
      [],
      [],
      []
    ],
    "statistics": {
      "browser": {
        "appConstants": {
          "MOZ_UNSIGNED_SCOPES": {
            "median": 0,
            "mean": 0,
            "mdev": 0,
            "stddev": 0,
            "min": 0,
            "p10": 0,
            "p90": 0,
            "p99": 0,
            "max": 0
          },
          "TELEMETRY_PING_FORMAT_VERSION": {
            "median": 4,
            "mean": 4,
            "mdev": 0,
            "stddev": 0,
            "min": 4,
            "p10": 4,
            "p90": 4,
            "p99": 4,
            "max": 4
          }
        },
        "asyncAppConstants": {
          "MOZ_UNSIGNED_SCOPES": {
            "median": 0,
            "mean": 0,
            "mdev": 0,
            "stddev": 0,
            "min": 0,
            "p10": 0,
            "p90": 0,
            "p99": 0,
            "max": 0
          },
          "TELEMETRY_PING_FORMAT_VERSION": {
            "median": 4,
            "mean": 4,
            "mdev": 0,
            "stddev": 0,
            "min": 4,
            "p10": 4,
            "p90": 4,
            "p99": 4,
            "max": 4
          }
        }
      },
      "pageinfo": {
        "documentHeight": {
          "median": 3965,
          "mean": 3965,
          "mdev": 0,
          "stddev": 0,
          "min": 3965,
          "p10": 3965,
          "p90": 3965,
          "p99": 3965,
          "max": 3965
        },
        "documentSize": {
          "decodedBodySize": {
            "median": 236141,
            "mean": 236235,
            "mdev": 109.0834,
            "stddev": 189,
            "min": 236066,
            "p10": 236066,
            "p90": 236499,
            "p99": 236499,
            "max": 236499
          },
          "encodedBodySize": {
            "median": 47794,
            "mean": 47780,
            "mdev": 14.654,
            "stddev": 25,
            "min": 47744,
            "p10": 47744,
            "p90": 47801,
            "p99": 47801,
            "max": 47801
          },
          "transferSize": {
            "median": 50132,
            "mean": 50118,
            "mdev": 14.5475,
            "stddev": 25,
            "min": 50083,
            "p10": 50083,
            "p90": 50140,
            "p99": 50140,
            "max": 50140
          }
        },
        "documentWidth": {
          "median": 360,
          "mean": 360,
          "mdev": 0,
          "stddev": 0,
          "min": 360,
          "p10": 360,
          "p90": 360,
          "p99": 360,
          "max": 360
        },
        "domElements": {
          "median": 1287,
          "mean": 1287,
          "mdev": 0,
          "stddev": 0,
          "min": 1287,
          "p10": 1287,
          "p90": 1287,
          "p99": 1287,
          "max": 1287
        },
        "navigationStartTime": {
          "median": 1617114466129,
          "mean": 1617114466419,
          "mdev": 12612.4091,
          "stddev": 21845,
          "min": 1617114445093,
          "p10": 1617114445093,
          "p90": 1617114488034,
          "p99": 1617114488034,
          "max": 1617114488034
        },
        "resources": {
          "count": {
            "median": 0,
            "mean": 0,
            "mdev": 0,
            "stddev": 0,
            "min": 0,
            "p10": 0,
            "p90": 0,
            "p99": 0,
            "max": 0
          },
          "duration": {
            "median": 0,
            "mean": 0,
            "mdev": 0,
            "stddev": 0,
            "min": 0,
            "p10": 0,
            "p90": 0,
            "p99": 0,
            "max": 0
          }
        },
        "visualElements": {
          "heroes": [
            {
              "height": {
                "median": 180,
                "mean": 180,
                "mdev": 0,
                "stddev": 0,
                "min": 180,
                "p10": 180,
                "p90": 180,
                "p99": 180,
                "max": 180
              },
              "width": {
                "median": 320,
                "mean": 320,
                "mdev": 0,
                "stddev": 0,
                "min": 320,
                "p10": 320,
                "p90": 320,
                "p99": 320,
                "max": 320
              },
              "x": {
                "median": 20,
                "mean": 20,
                "mdev": 0,
                "stddev": 0,
                "min": 20,
                "p10": 20,
                "p90": 20,
                "p99": 20,
                "max": 20
              },
              "y": {
                "median": 82,
                "mean": 82,
                "mdev": 0,
                "stddev": 0,
                "min": 82,
                "p10": 82,
                "p90": 82,
                "p99": 82,
                "max": 82
              }
            },
            {
              "height": {
                "median": 1,
                "mean": 1,
                "mdev": 0,
                "stddev": 0,
                "min": 1,
                "p10": 1,
                "p90": 1,
                "p99": 1,
                "max": 1
              },
              "width": {
                "median": 1,
                "mean": 1,
                "mdev": 0,
                "stddev": 0,
                "min": 1,
                "p10": 1,
                "p90": 1,
                "p99": 1,
                "max": 1
              },
              "x": {
                "median": 12,
                "mean": 12,
                "mdev": 0,
                "stddev": 0,
                "min": 12,
                "p10": 12,
                "p90": 12,
                "p99": 12,
                "max": 12
              },
              "y": {
                "median": 79,
                "mean": 79,
                "mdev": 0,
                "stddev": 0,
                "min": 79,
                "p10": 79,
                "p90": 79,
                "p99": 79,
                "max": 79
              }
            },
            {
              "height": {
                "median": 180,
                "mean": 180,
                "mdev": 0,
                "stddev": 0,
                "min": 180,
                "p10": 180,
                "p90": 180,
                "p99": 180,
                "max": 180
              },
              "width": {
                "median": 320,
                "mean": 320,
                "mdev": 0,
                "stddev": 0,
                "min": 320,
                "p10": 320,
                "p90": 320,
                "p99": 320,
                "max": 320
              },
              "x": {
                "median": -300,
                "mean": -300,
                "mdev": 0,
                "stddev": 0,
                "min": -300,
                "p10": -300,
                "p90": -300,
                "p99": -300,
                "max": -300
              },
              "y": {
                "median": 82,
                "mean": 82,
                "mdev": 0,
                "stddev": 0,
                "min": 82,
                "p10": 82,
                "p90": 82,
                "p99": 82,
                "max": 82
              }
            }
          ],
          "viewport": {
            "height": {
              "median": 612,
              "mean": 612,
              "mdev": 0,
              "stddev": 0,
              "min": 612,
              "p10": 612,
              "p90": 612,
              "p99": 612,
              "max": 612
            },
            "width": {
              "median": 360,
              "mean": 360,
              "mdev": 0,
              "stddev": 0,
              "min": 360,
              "p10": 360,
              "p90": 360,
              "p99": 360,
              "max": 360
            }
          }
        }
      },
      "timings": {
        "firstPaint": {
          "median": 1763,
          "mean": 1781,
          "mdev": 35.9083,
          "stddev": 62,
          "min": 1716,
          "p10": 1716,
          "p90": 1865,
          "p99": 1865,
          "max": 1865
        },
        "loadEventEnd": {
          "median": 7415,
          "mean": 7702,
          "mdev": 236.1065,
          "stddev": 409,
          "min": 7410,
          "p10": 7410,
          "p90": 8280,
          "p99": 8280,
          "max": 8280
        },
        "navigationTiming": {
          "connectStart": {
            "median": 350,
            "mean": 419,
            "mdev": 59.0768,
            "stddev": 102,
            "min": 344,
            "p10": 344,
            "p90": 564,
            "p99": 564,
            "max": 564
          },
          "domComplete": {
            "median": 7405,
            "mean": 7693,
            "mdev": 236.649,
            "stddev": 410,
            "min": 7402,
            "p10": 7402,
            "p90": 8273,
            "p99": 8273,
            "max": 8273
          },
          "domContentLoadedEventEnd": {
            "median": 1892,
            "mean": 1905,
            "mdev": 33.9095,
            "stddev": 59,
            "min": 1841,
            "p10": 1841,
            "p90": 1983,
            "p99": 1983,
            "max": 1983
          },
          "domContentLoadedEventStart": {
            "median": 1885,
            "mean": 1898,
            "mdev": 33.8668,
            "stddev": 59,
            "min": 1833,
            "p10": 1833,
            "p90": 1975,
            "p99": 1975,
            "max": 1975
          },
          "domInteractive": {
            "median": 1751,
            "mean": 1763,
            "mdev": 33.6133,
            "stddev": 58,
            "min": 1699,
            "p10": 1699,
            "p90": 1840,
            "p99": 1840,
            "max": 1840
          },
          "domainLookupEnd": {
            "median": 350,
            "mean": 419,
            "mdev": 59.0768,
            "stddev": 102,
            "min": 344,
            "p10": 344,
            "p90": 564,
            "p99": 564,
            "max": 564
          },
          "domainLookupStart": {
            "median": 350,
            "mean": 419,
            "mdev": 59.0768,
            "stddev": 102,
            "min": 344,
            "p10": 344,
            "p90": 564,
            "p99": 564,
            "max": 564
          },
          "duration": {
            "median": 7415,
            "mean": 7702,
            "mdev": 236.1065,
            "stddev": 409,
            "min": 7410,
            "p10": 7410,
            "p90": 8280,
            "p99": 8280,
            "max": 8280
          },
          "fetchStart": {
            "median": 350,
            "mean": 419,
            "mdev": 59.0768,
            "stddev": 102,
            "min": 344,
            "p10": 344,
            "p90": 564,
            "p99": 564,
            "max": 564
          },
          "loadEventEnd": {
            "median": 7415,
            "mean": 7702,
            "mdev": 236.1065,
            "stddev": 409,
            "min": 7410,
            "p10": 7410,
            "p90": 8280,
            "p99": 8280,
            "max": 8280
          },
          "loadEventStart": {
            "median": 7405,
            "mean": 7693,
            "mdev": 236.649,
            "stddev": 410,
            "min": 7402,
            "p10": 7402,
            "p90": 8273,
            "p99": 8273,
            "max": 8273
          },
          "redirectEnd": {
            "median": 345,
            "mean": 414,
            "mdev": 59.362,
            "stddev": 103,
            "min": 337,
            "p10": 337,
            "p90": 559,
            "p99": 559,
            "max": 559
          },
          "redirectStart": {
            "median": 2,
            "mean": 2,
            "mdev": 0.2722,
            "stddev": 0,
            "min": 2,
            "p10": 2,
            "p90": 3,
            "p99": 3,
            "max": 3
          },
          "requestStart": {
            "median": 381,
            "mean": 455,
            "mdev": 63.1582,
            "stddev": 109,
            "min": 375,
            "p10": 375,
            "p90": 610,
            "p99": 610,
            "max": 610
          },
          "responseEnd": {
            "median": 589,
            "mean": 653,
            "mdev": 62.1545,
            "stddev": 108,
            "min": 566,
            "p10": 566,
            "p90": 805,
            "p99": 805,
            "max": 805
          },
          "responseStart": {
            "median": 562,
            "mean": 631,
            "mdev": 62.9832,
            "stddev": 109,
            "min": 546,
            "p10": 546,
            "p90": 785,
            "p99": 785,
            "max": 785
          },
          "secureConnectionStart": {
            "median": 0,
            "mean": 0,
            "mdev": 0,
            "stddev": 0,
            "min": 0,
            "p10": 0,
            "p90": 0,
            "p99": 0,
            "max": 0
          },
          "startTime": {
            "median": 0,
            "mean": 0,
            "mdev": 0,
            "stddev": 0,
            "min": 0,
            "p10": 0,
            "p90": 0,
            "p99": 0,
            "max": 0
          },
          "unloadEventEnd": {
            "median": 0,
            "mean": 0,
            "mdev": 0,
            "stddev": 0,
            "min": 0,
            "p10": 0,
            "p90": 0,
            "p99": 0,
            "max": 0
          },
          "unloadEventStart": {
            "median": 0,
            "mean": 0,
            "mdev": 0,
            "stddev": 0,
            "min": 0,
            "p10": 0,
            "p90": 0,
            "p99": 0,
            "max": 0
          },
          "workerStart": {
            "median": 0,
            "mean": 0,
            "mdev": 0,
            "stddev": 0,
            "min": 0,
            "p10": 0,
            "p90": 0,
            "p99": 0,
            "max": 0
          }
        },
        "pageTimings": {
          "backEndTime": {
            "median": 562,
            "mean": 631,
            "mdev": 62.9832,
            "stddev": 109,
            "min": 546,
            "p10": 546,
            "p90": 785,
            "p99": 785,
            "max": 785
          },
          "domContentLoadedTime": {
            "median": 1885,
            "mean": 1898,
            "mdev": 33.8668,
            "stddev": 59,
            "min": 1833,
            "p10": 1833,
            "p90": 1975,
            "p99": 1975,
            "max": 1975
          },
          "domInteractiveTime": {
            "median": 1751,
            "mean": 1763,
            "mdev": 33.6133,
            "stddev": 58,
            "min": 1699,
            "p10": 1699,
            "p90": 1840,
            "p99": 1840,
            "max": 1840
          },
          "domainLookupTime": {
            "median": 0,
            "mean": 0,
            "mdev": 0,
            "stddev": 0,
            "min": 0,
            "p10": 0,
            "p90": 0,
            "p99": 0,
            "max": 0
          },
          "frontEndTime": {
            "median": 6839,
            "mean": 7040,
            "mdev": 269.0283,
            "stddev": 466,
            "min": 6597,
            "p10": 6597,
            "p90": 7684,
            "p99": 7684,
            "max": 7684
          },
          "pageDownloadTime": {
            "median": 20,
            "mean": 22,
            "mdev": 1.9052,
            "stddev": 3,
            "min": 20,
            "p10": 20,
            "p90": 27,
            "p99": 27,
            "max": 27
          },
          "pageLoadTime": {
            "median": 7405,
            "mean": 7693,
            "mdev": 236.649,
            "stddev": 410,
            "min": 7402,
            "p10": 7402,
            "p90": 8273,
            "p99": 8273,
            "max": 8273
          },
          "redirectionTime": {
            "median": 342,
            "mean": 411,
            "mdev": 59.4911,
            "stddev": 103,
            "min": 335,
            "p10": 335,
            "p90": 557,
            "p99": 557,
            "max": 557
          },
          "serverConnectionTime": {
            "median": 0,
            "mean": 0,
            "mdev": 0,
            "stddev": 0,
            "min": 0,
            "p10": 0,
            "p90": 0,
            "p99": 0,
            "max": 0
          },
          "serverResponseTime": {
            "median": 195,
            "mean": 198,
            "mdev": 6.9442,
            "stddev": 12,
            "min": 185,
            "p10": 185,
            "p90": 214,
            "p99": 214,
            "max": 214
          }
        },
        "rumSpeedIndex": {
          "median": 561,
          "mean": 630,
          "mdev": 62.8337,
          "stddev": 109,
          "min": 546,
          "p10": 546,
          "p90": 784,
          "p99": 784,
          "max": 784
        },
        "timeToContentfulPaint": {
          "median": 1959,
          "mean": 1979,
          "mdev": 38.385,
          "stddev": 66,
          "min": 1910,
          "p10": 1910,
          "p90": 2069,
          "p99": 2069,
          "max": 2069
        },
        "timeToDomContentFlushed": {
          "median": 1758,
          "mean": 1770,
          "mdev": 31.7502,
          "stddev": 55,
          "min": 1710,
          "p10": 1710,
          "p90": 1843,
          "p99": 1843,
          "max": 1843
        },
        "userTimings": {
          "marks": {
            "TimeToImageLoadStart": {
              "median": 1460,
              "mean": 1494,
              "mdev": 31.4517,
              "stddev": 54,
              "min": 1450,
              "p10": 1450,
              "p90": 1570,
              "p99": 1570,
              "max": 1570
            },
            "TimeToImageLoadEnd": {
              "median": 1736,
              "mean": 1752,
              "mdev": 34.6027,
              "stddev": 60,
              "min": 1689,
              "p10": 1689,
              "p90": 1833,
              "p99": 1833,
              "max": 1833
            },
            "TimeToFirstSearchInteractive": {
              "median": 2015,
              "mean": 2030,
              "mdev": 34.11,
              "stddev": 59,
              "min": 1966,
              "p10": 1966,
              "p90": 2108,
              "p99": 2108,
              "max": 2108
            },
            "TimeToLoadDeferredImagesStart0": {
              "median": 7837,
              "mean": 8055,
              "mdev": 209.5699,
              "stddev": 363,
              "min": 7761,
              "p10": 7761,
              "p90": 8566,
              "p99": 8566,
              "max": 8566
            },
            "TimeToLoadDeferredImagesEnd0": {
              "median": 7868,
              "mean": 8088,
              "mdev": 208.6091,
              "stddev": 361,
              "min": 7799,
              "p10": 7799,
              "p90": 8598,
              "p99": 8598,
              "max": 8598
            },
            "TimeToInfopaneInteractive": {
              "median": 8116,
              "mean": 8305,
              "mdev": 203.1771,
              "stddev": 352,
              "min": 8001,
              "p10": 8001,
              "p90": 8798,
              "p99": 8798,
              "max": 8798
            }
          },
          "measures": {
            "TimeFordomComplete": {
              "median": 6853,
              "mean": 7053,
              "mdev": 269.1286,
              "stddev": 466,
              "min": 6609,
              "p10": 6609,
              "p90": 7697,
              "p99": 7697,
              "max": 7697
            },
            "TimeFordomInteractive": {
              "median": 1148,
              "mean": 1123,
              "mdev": 31.8061,
              "stddev": 55,
              "min": 1047,
              "p10": 1047,
              "p90": 1175,
              "p99": 1175,
              "max": 1175
            },
            "TimeForImageLoad": {
              "median": 262,
              "mean": 259,
              "mdev": 8.8156,
              "stddev": 15,
              "min": 238,
              "p10": 238,
              "p90": 275,
              "p99": 275,
              "max": 275
            },
            "TimeFordomContentLoaded": {
              "median": 7,
              "mean": 7,
              "mdev": 0.2722,
              "stddev": 0,
              "min": 7,
              "p10": 7,
              "p90": 8,
              "p99": 8,
              "max": 8
            },
            "TimeForloadEvent": {
              "median": 8,
              "mean": 9,
              "mdev": 0.9813,
              "stddev": 2,
              "min": 7,
              "p10": 7,
              "p90": 11,
              "p99": 11,
              "max": 11
            },
            "TimeForLoadDeferredImages0": {
              "median": 32,
              "mean": 34,
              "mdev": 1.8062,
              "stddev": 3,
              "min": 31,
              "p10": 31,
              "p90": 38,
              "p99": 38,
              "max": 38
            }
          }
        }
      }
    }
  }
]