[
  {
    "info": {
      "browsertime": {
        "version": "8.4.0"
      },
      "url": "https://www.douban.com/",
      "timestamp": "2021-03-30T05:17:51+04:00",
      "connectivity": {
        "engine": "external",
        "profile": "native"
      },
      "extra": {}
    },
    "files": {
      "video": [],
      "screenshot": [],
      "timeline": [],
      "consoleLog": [],
      "netLog": [],
      "perfLog": []
    },
    "cdp": {
      "performance": []
    },
    "timestamps": [
      "2021-03-30T05:17:41+04:00",
      "2021-03-30T05:18:04+04:00",
      "2021-03-30T05:18:25+04:00"
    ],
    "browserScripts": [
      {
        "browser": {
          "appConstants": {
            "ACCESSIBILITY": true,
            "ANDROID_PACKAGE_NAME": "org.mozilla.firefox",
            "ASAN": false,
            "ASAN_REPORTER": false,
            "BROWSER_CHROME_URL": "chrome://browser/content/browser.xul",
            "DEBUG": false,
            "DEBUG_JS_MODULES": "",
            "DLL_PREFIX": "lib",
            "DLL_SUFFIX": ".so",
            "EARLY_BETA_OR_EARLIER": false,
            "FENNEC_NIGHTLY": false,
            "HAVE_SHELL_SERVICE": false,
            "HAVE_USR_LIB64_DIR": false,
            "MENUBAR_CAN_AUTOHIDE": false,
            "MOZILLA_OFFICIAL": true,
            "MOZ_ALLOW_LEGACY_EXTENSIONS": false,
            "MOZ_ANDROID_ACTIVITY_STREAM": false,
            "MOZ_ANDROID_HISTORY": true,
            "MOZ_ANDROID_MOZILLA_ONLINE": false,
            "MOZ_APP_NAME": "fennec",
            "MOZ_APP_VERSION": "68.1.1",
            "MOZ_APP_VERSION_DISPLAY": "68.1.1",
            "MOZ_BING_API_CLIENTID": "no-bing-api-clientid",
            "MOZ_BING_API_KEY": "no-bing-api-key",
            "MOZ_BITS_DOWNLOAD": false,
            "MOZ_BUILD_APP": "mobile/android",
            "MOZ_CODE_COVERAGE": false,
            "MOZ_CRASHREPORTER": true,
            "MOZ_DATA_REPORTING": true,
            "MOZ_DEV_EDITION": false,
            "MOZ_GECKO_PROFILER": true,
            "MOZ_GOOGLE_LOCATION_SERVICE_API_KEY": "AIzaSyB2h2OuRcUgy5N-5hsZqiPW6sH3n_rptiQ",
            "MOZ_GOOGLE_SAFEBROWSING_API_KEY": "AIzaSyC7jsptDS3am4tPx4r3nxis7IMjBc5Dovo",
            "MOZ_GRAPHENE": false,
            "MOZ_MACBUNDLE_NAME": "Firefox.app",
            "MOZ_MAINTENANCE_SERVICE": false,
            "MOZ_MOZILLA_API_KEY": "3b4d27dd-703d-4094-8398-4de2c763505a",
            "MOZ_NEW_CERT_STORAGE": false,
            "MOZ_NEW_NOTIFICATION_STORE": false,
            "MOZ_NEW_XULSTORE": false,
            "MOZ_OFFICIAL_BRANDING": false,
            "MOZ_PLACES": false,
            "MOZ_REQUIRE_SIGNING": false,
            "MOZ_SANDBOX": false,
            "MOZ_SERVICES_HEALTHREPORT": true,
            "MOZ_SERVICES_SYNC": false,
            "MOZ_SWITCHBOARD": true,
            "MOZ_SYSTEM_NSS": false,
            "MOZ_TELEMETRY_ON_BY_DEFAULT": false,
            "MOZ_TELEMETRY_REPORTING": true,
            "MOZ_UNSIGNED_SCOPES": 0,
            "MOZ_UPDATER": false,
            "MOZ_UPDATE_CHANNEL": "release",
            "MOZ_WEBRTC": true,
            "MOZ_WIDGET_GTK": false,
            "MOZ_WIDGET_TOOLKIT": "android",
            "NIGHTLY_BUILD": false,
            "OMNIJAR_NAME": "assets/omni.ja",
            "RELEASE_OR_BETA": true,
            "SOURCE_REVISION_URL": "https://hg.mozilla.org/releases/mozilla-esr68/rev/d2e0b9e17b9bc1ef02606c8006b73293f7892ad5",
            "TELEMETRY_PING_FORMAT_VERSION": 4,
            "XP_UNIX": true,
            "isPlatformAndVersionAtLeast": {},
            "isPlatformAndVersionAtMost": {},
            "platform": "android"
          },
          "asyncAppConstants": {
            "ACCESSIBILITY": true,
            "ANDROID_PACKAGE_NAME": "org.mozilla.firefox",
            "ASAN": false,
            "ASAN_REPORTER": false,
            "BROWSER_CHROME_URL": "chrome://browser/content/browser.xul",
            "DEBUG": false,
            "DEBUG_JS_MODULES": "",
            "DLL_PREFIX": "lib",
            "DLL_SUFFIX": ".so",
            "EARLY_BETA_OR_EARLIER": false,
            "FENNEC_NIGHTLY": false,
            "HAVE_SHELL_SERVICE": false,
            "HAVE_USR_LIB64_DIR": false,
            "MENUBAR_CAN_AUTOHIDE": false,
            "MOZILLA_OFFICIAL": true,
            "MOZ_ALLOW_LEGACY_EXTENSIONS": false,
            "MOZ_ANDROID_ACTIVITY_STREAM": false,
            "MOZ_ANDROID_HISTORY": true,
            "MOZ_ANDROID_MOZILLA_ONLINE": false,
            "MOZ_APP_NAME": "fennec",
            "MOZ_APP_VERSION": "68.1.1",
            "MOZ_APP_VERSION_DISPLAY": "68.1.1",
            "MOZ_BING_API_CLIENTID": "no-bing-api-clientid",
            "MOZ_BING_API_KEY": "no-bing-api-key",
            "MOZ_BITS_DOWNLOAD": false,
            "MOZ_BUILD_APP": "mobile/android",
            "MOZ_CODE_COVERAGE": false,
            "MOZ_CRASHREPORTER": true,
            "MOZ_DATA_REPORTING": true,
            "MOZ_DEV_EDITION": false,
            "MOZ_GECKO_PROFILER": true,
            "MOZ_GOOGLE_LOCATION_SERVICE_API_KEY": "AIzaSyB2h2OuRcUgy5N-5hsZqiPW6sH3n_rptiQ",
            "MOZ_GOOGLE_SAFEBROWSING_API_KEY": "AIzaSyC7jsptDS3am4tPx4r3nxis7IMjBc5Dovo",
            "MOZ_GRAPHENE": false,
            "MOZ_MACBUNDLE_NAME": "Firefox.app",
            "MOZ_MAINTENANCE_SERVICE": false,
            "MOZ_MOZILLA_API_KEY": "3b4d27dd-703d-4094-8398-4de2c763505a",
            "MOZ_NEW_CERT_STORAGE": false,
            "MOZ_NEW_NOTIFICATION_STORE": false,
            "MOZ_NEW_XULSTORE": false,
            "MOZ_OFFICIAL_BRANDING": false,
            "MOZ_PLACES": false,
            "MOZ_REQUIRE_SIGNING": false,
            "MOZ_SANDBOX": false,
            "MOZ_SERVICES_HEALTHREPORT": true,
            "MOZ_SERVICES_SYNC": false,
            "MOZ_SWITCHBOARD": true,
            "MOZ_SYSTEM_NSS": false,
            "MOZ_TELEMETRY_ON_BY_DEFAULT": false,
            "MOZ_TELEMETRY_REPORTING": true,
            "MOZ_UNSIGNED_SCOPES": 0,
            "MOZ_UPDATER": false,
            "MOZ_UPDATE_CHANNEL": "release",
            "MOZ_WEBRTC": true,
            "MOZ_WIDGET_GTK": false,
            "MOZ_WIDGET_TOOLKIT": "android",
            "NIGHTLY_BUILD": false,
            "OMNIJAR_NAME": "assets/omni.ja",
            "RELEASE_OR_BETA": true,
            "SOURCE_REVISION_URL": "https://hg.mozilla.org/releases/mozilla-esr68/rev/d2e0b9e17b9bc1ef02606c8006b73293f7892ad5",
            "TELEMETRY_PING_FORMAT_VERSION": 4,
            "XP_UNIX": true,
            "isPlatformAndVersionAtLeast": {},
            "isPlatformAndVersionAtMost": {},
            "platform": "android"
          },
          "userAgent": "Mozilla/5.0 (Android 8.1.0; Mobile; rv:68.0) Gecko/68.0 Firefox/68.0",
          "windowSize": "360x560"
        },
        "pageinfo": {
          "documentHeight": 560,
          "documentSize": {
            "decodedBodySize": 5083,
            "encodedBodySize": 1748,
            "transferSize": 2328
          },
          "documentTitle": "豆瓣(手机版)",
          "documentWidth": 360,
          "domElements": 40,
          "navigationStartTime": 1617067061471,
          "nextHopProtocol": "http/1.1",
          "resources": {
            "count": 0,
            "duration": 0
          },
          "responsive": true,
          "url": "https://m.douban.com/",
          "visualElements": {
            "heroes": [
              {
                "filename": "splash_bg.jpg",
                "height": 346,
                "name": "LargestImage",
                "width": 320,
                "x": 20,
                "y": 0
              }
            ],
            "viewport": {
              "height": 560,
              "width": 360
            }
          }
        },
        "timings": {
          "firstPaint": 2086,
          "loadEventEnd": 3146,
          "navigationTiming": {
            "connectStart": 691,
            "domComplete": 3146,
            "domContentLoadedEventEnd": 2084,
            "domContentLoadedEventStart": 2075,
            "domInteractive": 1887,
            "domainLookupEnd": 691,
            "domainLookupStart": 690,
            "duration": 3146,
            "fetchStart": 664,
            "loadEventEnd": 3146,
            "loadEventStart": 3146,
            "redirectEnd": 661,
            "redirectStart": 3,
            "requestStart": 1076,
            "responseEnd": 1247,
            "responseStart": 1226,
            "secureConnectionStart": 843,
            "startTime": 0,
            "unloadEventEnd": 0,
            "unloadEventStart": 0,
            "workerStart": 0
          },
          "pageTimings": {
            "backEndTime": 1226,
            "domContentLoadedTime": 2075,
            "domInteractiveTime": 1887,
            "domainLookupTime": 0,
            "frontEndTime": 1899,
            "pageDownloadTime": 21,
            "pageLoadTime": 3146,
            "redirectionTime": 658,
            "serverConnectionTime": 384,
            "serverResponseTime": 171
          },
          "rumSpeedIndex": 1225,
          "timeToContentfulPaint": 2147,
          "timeToDomContentFlushed": 2066,
          "userTimings": {
            "marks": [],
            "measures": []
          }
        }
      },
      {
        "browser": {
          "appConstants": {
            "ACCESSIBILITY": true,
            "ANDROID_PACKAGE_NAME": "org.mozilla.firefox",
            "ASAN": false,
            "ASAN_REPORTER": false,
            "BROWSER_CHROME_URL": "chrome://browser/content/browser.xul",
            "DEBUG": false,
            "DEBUG_JS_MODULES": "",
            "DLL_PREFIX": "lib",
            "DLL_SUFFIX": ".so",
            "EARLY_BETA_OR_EARLIER": false,
            "FENNEC_NIGHTLY": false,
            "HAVE_SHELL_SERVICE": false,
            "HAVE_USR_LIB64_DIR": false,
            "MENUBAR_CAN_AUTOHIDE": false,
            "MOZILLA_OFFICIAL": true,
            "MOZ_ALLOW_LEGACY_EXTENSIONS": false,
            "MOZ_ANDROID_ACTIVITY_STREAM": false,
            "MOZ_ANDROID_HISTORY": true,
            "MOZ_ANDROID_MOZILLA_ONLINE": false,
            "MOZ_APP_NAME": "fennec",
            "MOZ_APP_VERSION": "68.1.1",
            "MOZ_APP_VERSION_DISPLAY": "68.1.1",
            "MOZ_BING_API_CLIENTID": "no-bing-api-clientid",
            "MOZ_BING_API_KEY": "no-bing-api-key",
            "MOZ_BITS_DOWNLOAD": false,
            "MOZ_BUILD_APP": "mobile/android",
            "MOZ_CODE_COVERAGE": false,
            "MOZ_CRASHREPORTER": true,
            "MOZ_DATA_REPORTING": true,
            "MOZ_DEV_EDITION": false,
            "MOZ_GECKO_PROFILER": true,
            "MOZ_GOOGLE_LOCATION_SERVICE_API_KEY": "AIzaSyB2h2OuRcUgy5N-5hsZqiPW6sH3n_rptiQ",
            "MOZ_GOOGLE_SAFEBROWSING_API_KEY": "AIzaSyC7jsptDS3am4tPx4r3nxis7IMjBc5Dovo",
            "MOZ_GRAPHENE": false,
            "MOZ_MACBUNDLE_NAME": "Firefox.app",
            "MOZ_MAINTENANCE_SERVICE": false,
            "MOZ_MOZILLA_API_KEY": "3b4d27dd-703d-4094-8398-4de2c763505a",
            "MOZ_NEW_CERT_STORAGE": false,
            "MOZ_NEW_NOTIFICATION_STORE": false,
            "MOZ_NEW_XULSTORE": false,
            "MOZ_OFFICIAL_BRANDING": false,
            "MOZ_PLACES": false,
            "MOZ_REQUIRE_SIGNING": false,
            "MOZ_SANDBOX": false,
            "MOZ_SERVICES_HEALTHREPORT": true,
            "MOZ_SERVICES_SYNC": false,
            "MOZ_SWITCHBOARD": true,
            "MOZ_SYSTEM_NSS": false,
            "MOZ_TELEMETRY_ON_BY_DEFAULT": false,
            "MOZ_TELEMETRY_REPORTING": true,
            "MOZ_UNSIGNED_SCOPES": 0,
            "MOZ_UPDATER": false,
            "MOZ_UPDATE_CHANNEL": "release",
            "MOZ_WEBRTC": true,
            "MOZ_WIDGET_GTK": false,
            "MOZ_WIDGET_TOOLKIT": "android",
            "NIGHTLY_BUILD": false,
            "OMNIJAR_NAME": "assets/omni.ja",
            "RELEASE_OR_BETA": true,
            "SOURCE_REVISION_URL": "https://hg.mozilla.org/releases/mozilla-esr68/rev/d2e0b9e17b9bc1ef02606c8006b73293f7892ad5",
            "TELEMETRY_PING_FORMAT_VERSION": 4,
            "XP_UNIX": true,
            "isPlatformAndVersionAtLeast": {},
            "isPlatformAndVersionAtMost": {},
            "platform": "android"
          },
          "asyncAppConstants": {
            "ACCESSIBILITY": true,
            "ANDROID_PACKAGE_NAME": "org.mozilla.firefox",
            "ASAN": false,
            "ASAN_REPORTER": false,
            "BROWSER_CHROME_URL": "chrome://browser/content/browser.xul",
            "DEBUG": false,
            "DEBUG_JS_MODULES": "",
            "DLL_PREFIX": "lib",
            "DLL_SUFFIX": ".so",
            "EARLY_BETA_OR_EARLIER": false,
            "FENNEC_NIGHTLY": false,
            "HAVE_SHELL_SERVICE": false,
            "HAVE_USR_LIB64_DIR": false,
            "MENUBAR_CAN_AUTOHIDE": false,
            "MOZILLA_OFFICIAL": true,
            "MOZ_ALLOW_LEGACY_EXTENSIONS": false,
            "MOZ_ANDROID_ACTIVITY_STREAM": false,
            "MOZ_ANDROID_HISTORY": true,
            "MOZ_ANDROID_MOZILLA_ONLINE": false,
            "MOZ_APP_NAME": "fennec",
            "MOZ_APP_VERSION": "68.1.1",
            "MOZ_APP_VERSION_DISPLAY": "68.1.1",
            "MOZ_BING_API_CLIENTID": "no-bing-api-clientid",
            "MOZ_BING_API_KEY": "no-bing-api-key",
            "MOZ_BITS_DOWNLOAD": false,
            "MOZ_BUILD_APP": "mobile/android",
            "MOZ_CODE_COVERAGE": false,
            "MOZ_CRASHREPORTER": true,
            "MOZ_DATA_REPORTING": true,
            "MOZ_DEV_EDITION": false,
            "MOZ_GECKO_PROFILER": true,
            "MOZ_GOOGLE_LOCATION_SERVICE_API_KEY": "AIzaSyB2h2OuRcUgy5N-5hsZqiPW6sH3n_rptiQ",
            "MOZ_GOOGLE_SAFEBROWSING_API_KEY": "AIzaSyC7jsptDS3am4tPx4r3nxis7IMjBc5Dovo",
            "MOZ_GRAPHENE": false,
            "MOZ_MACBUNDLE_NAME": "Firefox.app",
            "MOZ_MAINTENANCE_SERVICE": false,
            "MOZ_MOZILLA_API_KEY": "3b4d27dd-703d-4094-8398-4de2c763505a",
            "MOZ_NEW_CERT_STORAGE": false,
            "MOZ_NEW_NOTIFICATION_STORE": false,
            "MOZ_NEW_XULSTORE": false,
            "MOZ_OFFICIAL_BRANDING": false,
            "MOZ_PLACES": false,
            "MOZ_REQUIRE_SIGNING": false,
            "MOZ_SANDBOX": false,
            "MOZ_SERVICES_HEALTHREPORT": true,
            "MOZ_SERVICES_SYNC": false,
            "MOZ_SWITCHBOARD": true,
            "MOZ_SYSTEM_NSS": false,
            "MOZ_TELEMETRY_ON_BY_DEFAULT": false,
            "MOZ_TELEMETRY_REPORTING": true,
            "MOZ_UNSIGNED_SCOPES": 0,
            "MOZ_UPDATER": false,
            "MOZ_UPDATE_CHANNEL": "release",
            "MOZ_WEBRTC": true,
            "MOZ_WIDGET_GTK": false,
            "MOZ_WIDGET_TOOLKIT": "android",
            "NIGHTLY_BUILD": false,
            "OMNIJAR_NAME": "assets/omni.ja",
            "RELEASE_OR_BETA": true,
            "SOURCE_REVISION_URL": "https://hg.mozilla.org/releases/mozilla-esr68/rev/d2e0b9e17b9bc1ef02606c8006b73293f7892ad5",
            "TELEMETRY_PING_FORMAT_VERSION": 4,
            "XP_UNIX": true,
            "isPlatformAndVersionAtLeast": {},
            "isPlatformAndVersionAtMost": {},
            "platform": "android"
          },
          "userAgent": "Mozilla/5.0 (Android 8.1.0; Mobile; rv:68.0) Gecko/68.0 Firefox/68.0",
          "windowSize": "360x560"
        },
        "pageinfo": {
          "documentHeight": 560,
          "documentSize": {
            "decodedBodySize": 5083,
            "encodedBodySize": 1748,
            "transferSize": 2328
          },
          "documentTitle": "豆瓣(手机版)",
          "documentWidth": 360,
          "domElements": 40,
          "navigationStartTime": 1617067084471,
          "nextHopProtocol": "http/1.1",
          "resources": {
            "count": 0,
            "duration": 0
          },
          "responsive": true,
          "url": "https://m.douban.com/",
          "visualElements": {
            "heroes": [
              {
                "filename": "splash_bg.jpg",
                "height": 346,
                "name": "LargestImage",
                "width": 320,
                "x": 20,
                "y": 0
              }
            ],
            "viewport": {
              "height": 560,
              "width": 360
            }
          }
        },
        "timings": {
          "firstPaint": 2321,
          "loadEventEnd": 3680,
          "navigationTiming": {
            "connectStart": 658,
            "domComplete": 3679,
            "domContentLoadedEventEnd": 2375,
            "domContentLoadedEventStart": 2347,
            "domInteractive": 2125,
            "domainLookupEnd": 657,
            "domainLookupStart": 657,
            "duration": 3680,
            "fetchStart": 637,
            "loadEventEnd": 3680,
            "loadEventStart": 3679,
            "redirectEnd": 630,
            "redirectStart": 3,
            "requestStart": 1260,
            "responseEnd": 1538,
            "responseStart": 1518,
            "secureConnectionStart": 921,
            "startTime": 0,
            "unloadEventEnd": 0,
            "unloadEventStart": 0,
            "workerStart": 0
          },
          "pageTimings": {
            "backEndTime": 1518,
            "domContentLoadedTime": 2347,
            "domInteractiveTime": 2125,
            "domainLookupTime": 0,
            "frontEndTime": 2141,
            "pageDownloadTime": 20,
            "pageLoadTime": 3679,
            "redirectionTime": 627,
            "serverConnectionTime": 602,
            "serverResponseTime": 277
          },
          "rumSpeedIndex": 1517,
          "timeToContentfulPaint": 2424,
          "timeToDomContentFlushed": 2307,
          "userTimings": {
            "marks": [],
            "measures": []
          }
        }
      },
      {
        "browser": {
          "appConstants": {
            "ACCESSIBILITY": true,
            "ANDROID_PACKAGE_NAME": "org.mozilla.firefox",
            "ASAN": false,
            "ASAN_REPORTER": false,
            "BROWSER_CHROME_URL": "chrome://browser/content/browser.xul",
            "DEBUG": false,
            "DEBUG_JS_MODULES": "",
            "DLL_PREFIX": "lib",
            "DLL_SUFFIX": ".so",
            "EARLY_BETA_OR_EARLIER": false,
            "FENNEC_NIGHTLY": false,
            "HAVE_SHELL_SERVICE": false,
            "HAVE_USR_LIB64_DIR": false,
            "MENUBAR_CAN_AUTOHIDE": false,
            "MOZILLA_OFFICIAL": true,
            "MOZ_ALLOW_LEGACY_EXTENSIONS": false,
            "MOZ_ANDROID_ACTIVITY_STREAM": false,
            "MOZ_ANDROID_HISTORY": true,
            "MOZ_ANDROID_MOZILLA_ONLINE": false,
            "MOZ_APP_NAME": "fennec",
            "MOZ_APP_VERSION": "68.1.1",
            "MOZ_APP_VERSION_DISPLAY": "68.1.1",
            "MOZ_BING_API_CLIENTID": "no-bing-api-clientid",
            "MOZ_BING_API_KEY": "no-bing-api-key",
            "MOZ_BITS_DOWNLOAD": false,
            "MOZ_BUILD_APP": "mobile/android",
            "MOZ_CODE_COVERAGE": false,
            "MOZ_CRASHREPORTER": true,
            "MOZ_DATA_REPORTING": true,
            "MOZ_DEV_EDITION": false,
            "MOZ_GECKO_PROFILER": true,
            "MOZ_GOOGLE_LOCATION_SERVICE_API_KEY": "AIzaSyB2h2OuRcUgy5N-5hsZqiPW6sH3n_rptiQ",
            "MOZ_GOOGLE_SAFEBROWSING_API_KEY": "AIzaSyC7jsptDS3am4tPx4r3nxis7IMjBc5Dovo",
            "MOZ_GRAPHENE": false,
            "MOZ_MACBUNDLE_NAME": "Firefox.app",
            "MOZ_MAINTENANCE_SERVICE": false,
            "MOZ_MOZILLA_API_KEY": "3b4d27dd-703d-4094-8398-4de2c763505a",
            "MOZ_NEW_CERT_STORAGE": false,
            "MOZ_NEW_NOTIFICATION_STORE": false,
            "MOZ_NEW_XULSTORE": false,
            "MOZ_OFFICIAL_BRANDING": false,
            "MOZ_PLACES": false,
            "MOZ_REQUIRE_SIGNING": false,
            "MOZ_SANDBOX": false,
            "MOZ_SERVICES_HEALTHREPORT": true,
            "MOZ_SERVICES_SYNC": false,
            "MOZ_SWITCHBOARD": true,
            "MOZ_SYSTEM_NSS": false,
            "MOZ_TELEMETRY_ON_BY_DEFAULT": false,
            "MOZ_TELEMETRY_REPORTING": true,
            "MOZ_UNSIGNED_SCOPES": 0,
            "MOZ_UPDATER": false,
            "MOZ_UPDATE_CHANNEL": "release",
            "MOZ_WEBRTC": true,
            "MOZ_WIDGET_GTK": false,
            "MOZ_WIDGET_TOOLKIT": "android",
            "NIGHTLY_BUILD": false,
            "OMNIJAR_NAME": "assets/omni.ja",
            "RELEASE_OR_BETA": true,
            "SOURCE_REVISION_URL": "https://hg.mozilla.org/releases/mozilla-esr68/rev/d2e0b9e17b9bc1ef02606c8006b73293f7892ad5",
            "TELEMETRY_PING_FORMAT_VERSION": 4,
            "XP_UNIX": true,
            "isPlatformAndVersionAtLeast": {},
            "isPlatformAndVersionAtMost": {},
            "platform": "android"
          },
          "asyncAppConstants": {
            "ACCESSIBILITY": true,
            "ANDROID_PACKAGE_NAME": "org.mozilla.firefox",
            "ASAN": false,
            "ASAN_REPORTER": false,
            "BROWSER_CHROME_URL": "chrome://browser/content/browser.xul",
            "DEBUG": false,
            "DEBUG_JS_MODULES": "",
            "DLL_PREFIX": "lib",
            "DLL_SUFFIX": ".so",
            "EARLY_BETA_OR_EARLIER": false,
            "FENNEC_NIGHTLY": false,
            "HAVE_SHELL_SERVICE": false,
            "HAVE_USR_LIB64_DIR": false,
            "MENUBAR_CAN_AUTOHIDE": false,
            "MOZILLA_OFFICIAL": true,
            "MOZ_ALLOW_LEGACY_EXTENSIONS": false,
            "MOZ_ANDROID_ACTIVITY_STREAM": false,
            "MOZ_ANDROID_HISTORY": true,
            "MOZ_ANDROID_MOZILLA_ONLINE": false,
            "MOZ_APP_NAME": "fennec",
            "MOZ_APP_VERSION": "68.1.1",
            "MOZ_APP_VERSION_DISPLAY": "68.1.1",
            "MOZ_BING_API_CLIENTID": "no-bing-api-clientid",
            "MOZ_BING_API_KEY": "no-bing-api-key",
            "MOZ_BITS_DOWNLOAD": false,
            "MOZ_BUILD_APP": "mobile/android",
            "MOZ_CODE_COVERAGE": false,
            "MOZ_CRASHREPORTER": true,
            "MOZ_DATA_REPORTING": true,
            "MOZ_DEV_EDITION": false,
            "MOZ_GECKO_PROFILER": true,
            "MOZ_GOOGLE_LOCATION_SERVICE_API_KEY": "AIzaSyB2h2OuRcUgy5N-5hsZqiPW6sH3n_rptiQ",
            "MOZ_GOOGLE_SAFEBROWSING_API_KEY": "AIzaSyC7jsptDS3am4tPx4r3nxis7IMjBc5Dovo",
            "MOZ_GRAPHENE": false,
            "MOZ_MACBUNDLE_NAME": "Firefox.app",
            "MOZ_MAINTENANCE_SERVICE": false,
            "MOZ_MOZILLA_API_KEY": "3b4d27dd-703d-4094-8398-4de2c763505a",
            "MOZ_NEW_CERT_STORAGE": false,
            "MOZ_NEW_NOTIFICATION_STORE": false,
            "MOZ_NEW_XULSTORE": false,
            "MOZ_OFFICIAL_BRANDING": false,
            "MOZ_PLACES": false,
            "MOZ_REQUIRE_SIGNING": false,
            "MOZ_SANDBOX": false,
            "MOZ_SERVICES_HEALTHREPORT": true,
            "MOZ_SERVICES_SYNC": false,
            "MOZ_SWITCHBOARD": true,
            "MOZ_SYSTEM_NSS": false,
            "MOZ_TELEMETRY_ON_BY_DEFAULT": false,
            "MOZ_TELEMETRY_REPORTING": true,
            "MOZ_UNSIGNED_SCOPES": 0,
            "MOZ_UPDATER": false,
            "MOZ_UPDATE_CHANNEL": "release",
            "MOZ_WEBRTC": true,
            "MOZ_WIDGET_GTK": false,
            "MOZ_WIDGET_TOOLKIT": "android",
            "NIGHTLY_BUILD": false,
            "OMNIJAR_NAME": "assets/omni.ja",
            "RELEASE_OR_BETA": true,
            "SOURCE_REVISION_URL": "https://hg.mozilla.org/releases/mozilla-esr68/rev/d2e0b9e17b9bc1ef02606c8006b73293f7892ad5",
            "TELEMETRY_PING_FORMAT_VERSION": 4,
            "XP_UNIX": true,
            "isPlatformAndVersionAtLeast": {},
            "isPlatformAndVersionAtMost": {},
            "platform": "android"
          },
          "userAgent": "Mozilla/5.0 (Android 8.1.0; Mobile; rv:68.0) Gecko/68.0 Firefox/68.0",
          "windowSize": "360x560"
        },
        "pageinfo": {
          "documentHeight": 560,
          "documentSize": {
            "decodedBodySize": 5083,
            "encodedBodySize": 1748,
            "transferSize": 2328
          },
          "documentTitle": "豆瓣(手机版)",
          "documentWidth": 360,
          "domElements": 40,
          "navigationStartTime": 1617067105571,
          "nextHopProtocol": "http/1.1",
          "resources": {
            "count": 0,
            "duration": 0
          },
          "responsive": true,
          "url": "https://m.douban.com/",
          "visualElements": {
            "heroes": [
              {
                "filename": "splash_bg.jpg",
                "height": 346,
                "name": "LargestImage",
                "width": 320,
                "x": 20,
                "y": 0
              }
            ],
            "viewport": {
              "height": 560,
              "width": 360
            }
          }
        },
        "timings": {
          "firstPaint": 2121,
          "loadEventEnd": 3241,
          "navigationTiming": {
            "connectStart": 624,
            "domComplete": 3240,
            "domContentLoadedEventEnd": 2120,
            "domContentLoadedEventStart": 2110,
            "domInteractive": 1908,
            "domainLookupEnd": 623,
            "domainLookupStart": 623,
            "duration": 3241,
            "fetchStart": 597,
            "loadEventEnd": 3241,
            "loadEventStart": 3241,
            "redirectEnd": 594,
            "redirectStart": 3,
            "requestStart": 1031,
            "responseEnd": 1214,
            "responseStart": 1190,
            "secureConnectionStart": 791,
            "startTime": 0,
            "unloadEventEnd": 0,
            "unloadEventStart": 0,
            "workerStart": 0
          },
          "pageTimings": {
            "backEndTime": 1190,
            "domContentLoadedTime": 2110,
            "domInteractiveTime": 1908,
            "domainLookupTime": 0,
            "frontEndTime": 2026,
            "pageDownloadTime": 24,
            "pageLoadTime": 3241,
            "redirectionTime": 591,
            "serverConnectionTime": 407,
            "serverResponseTime": 183
          },
          "rumSpeedIndex": 1190,
          "timeToContentfulPaint": 2190,
          "timeToDomContentFlushed": 2096,
          "userTimings": {
            "marks": [],
            "measures": []
          }
        }
      }
    ],
    "visualMetrics": [],
    "cpu": [],
    "extras": [
      {},
      {},
      {}
    ],
    "fullyLoaded": [],
    "errors": [
      [],
      [],
      []
    ],
    "statistics": {
      "browser": {
        "appConstants": {
          "MOZ_UNSIGNED_SCOPES": {
            "median": 0,
            "mean": 0,
            "mdev": 0,
            "stddev": 0,
            "min": 0,
            "p10": 0,
            "p90": 0,
            "p99": 0,
            "max": 0
          },
          "TELEMETRY_PING_FORMAT_VERSION": {
            "median": 4,
            "mean": 4,
            "mdev": 0,
            "stddev": 0,
            "min": 4,
            "p10": 4,
            "p90": 4,
            "p99": 4,
            "max": 4
          }
        },
        "asyncAppConstants": {
          "MOZ_UNSIGNED_SCOPES": {
            "median": 0,
            "mean": 0,
            "mdev": 0,
            "stddev": 0,
            "min": 0,
            "p10": 0,
            "p90": 0,
            "p99": 0,
            "max": 0
          },
          "TELEMETRY_PING_FORMAT_VERSION": {
            "median": 4,
            "mean": 4,
            "mdev": 0,
            "stddev": 0,
            "min": 4,
            "p10": 4,
            "p90": 4,
            "p99": 4,
            "max": 4
          }
        }
      },
      "pageinfo": {
        "documentHeight": {
          "median": 560,
          "mean": 560,
          "mdev": 0,
          "stddev": 0,
          "min": 560,
          "p10": 560,
          "p90": 560,
          "p99": 560,
          "max": 560
        },
        "documentSize": {
          "decodedBodySize": {
            "median": 5083,
            "mean": 5083,
            "mdev": 0,
            "stddev": 0,
            "min": 5083,
            "p10": 5083,
            "p90": 5083,
            "p99": 5083,
            "max": 5083
          },
          "encodedBodySize": {
            "median": 1748,
            "mean": 1748,
            "mdev": 0,
            "stddev": 0,
            "min": 1748,
            "p10": 1748,
            "p90": 1748,
            "p99": 1748,
            "max": 1748
          },
          "transferSize": {
            "median": 2328,
            "mean": 2328,
            "mdev": 0,
            "stddev": 0,
            "min": 2328,
            "p10": 2328,
            "p90": 2328,
            "p99": 2328,
            "max": 2328
          }
        },
        "documentWidth": {
          "median": 360,
          "mean": 360,
          "mdev": 0,
          "stddev": 0,
          "min": 360,
          "p10": 360,
          "p90": 360,
          "p99": 360,
          "max": 360
        },
        "domElements": {
          "median": 40,
          "mean": 40,
          "mdev": 0,
          "stddev": 0,
          "min": 40,
          "p10": 40,
          "p90": 40,
          "p99": 40,
          "max": 40
        },
        "navigationStartTime": {
          "median": 1617067084471,
          "mean": 1617067083838,
          "mdev": 12612.4091,
          "stddev": 21845,
          "min": 1617067061471,
          "p10": 1617067061471,
          "p90": 1617067105571,
          "p99": 1617067105571,
          "max": 1617067105571
        },
        "resources": {
          "count": {
            "median": 0,
            "mean": 0,
            "mdev": 0,
            "stddev": 0,
            "min": 0,
            "p10": 0,
            "p90": 0,
            "p99": 0,
            "max": 0
          },
          "duration": {
            "median": 0,
            "mean": 0,
            "mdev": 0,
            "stddev": 0,
            "min": 0,
            "p10": 0,
            "p90": 0,
            "p99": 0,
            "max": 0
          }
        },
        "visualElements": {
          "heroes": [
            {
              "height": {
                "median": 346,
                "mean": 346,
                "mdev": 0,
                "stddev": 0,
                "min": 346,
                "p10": 346,
                "p90": 346,
                "p99": 346,
                "max": 346
              },
              "width": {
                "median": 320,
                "mean": 320,
                "mdev": 0,
                "stddev": 0,
                "min": 320,
                "p10": 320,
                "p90": 320,
                "p99": 320,
                "max": 320
              },
              "x": {
                "median": 20,
                "mean": 20,
                "mdev": 0,
                "stddev": 0,
                "min": 20,
                "p10": 20,
                "p90": 20,
                "p99": 20,
                "max": 20
              },
              "y": {
                "median": 0,
                "mean": 0,
                "mdev": 0,
                "stddev": 0,
                "min": 0,
                "p10": 0,
                "p90": 0,
                "p99": 0,
                "max": 0
              }
            }
          ],
          "viewport": {
            "height": {
              "median": 560,
              "mean": 560,
              "mdev": 0,
              "stddev": 0,
              "min": 560,
              "p10": 560,
              "p90": 560,
              "p99": 560,
              "max": 560
            },
            "width": {
              "median": 360,
              "mean": 360,
              "mdev": 0,
              "stddev": 0,
              "min": 360,
              "p10": 360,
              "p90": 360,
              "p99": 360,
              "max": 360
            }
          }
        }
      },
      "timings": {
        "firstPaint": {
          "median": 2121,
          "mean": 2176,
          "mdev": 59.7681,
          "stddev": 104,
          "min": 2086,
          "p10": 2086,
          "p90": 2321,
          "p99": 2321,
          "max": 2321
        },
        "loadEventEnd": {
          "median": 3241,
          "mean": 3356,
          "mdev": 134.2885,
          "stddev": 233,
          "min": 3146,
          "p10": 3146,
          "p90": 3680,
          "p99": 3680,
          "max": 3680
        },
        "navigationTiming": {
          "connectStart": {
            "median": 658,
            "mean": 658,
            "mdev": 15.7926,
            "stddev": 27,
            "min": 624,
            "p10": 624,
            "p90": 691,
            "p99": 691,
            "max": 691
          },
          "domComplete": {
            "median": 3240,
            "mean": 3355,
            "mdev": 134.1152,
            "stddev": 232,
            "min": 3146,
            "p10": 3146,
            "p90": 3679,
            "p99": 3679,
            "max": 3679
          },
          "domContentLoadedEventEnd": {
            "median": 2120,
            "mean": 2193,
            "mdev": 74.7841,
            "stddev": 130,
            "min": 2084,
            "p10": 2084,
            "p90": 2375,
            "p99": 2375,
            "max": 2375
          },
          "domContentLoadedEventStart": {
            "median": 2110,
            "mean": 2177,
            "mdev": 69.7557,
            "stddev": 121,
            "min": 2075,
            "p10": 2075,
            "p90": 2347,
            "p99": 2347,
            "max": 2347
          },
          "domInteractive": {
            "median": 1908,
            "mean": 1973,
            "mdev": 62.1152,
            "stddev": 108,
            "min": 1887,
            "p10": 1887,
            "p90": 2125,
            "p99": 2125,
            "max": 2125
          },
          "domainLookupEnd": {
            "median": 657,
            "mean": 657,
            "mdev": 16.0278,
            "stddev": 28,
            "min": 623,
            "p10": 623,
            "p90": 691,
            "p99": 691,
            "max": 691
          },
          "domainLookupStart": {
            "median": 657,
            "mean": 657,
            "mdev": 15.7926,
            "stddev": 27,
            "min": 623,
            "p10": 623,
            "p90": 690,
            "p99": 690,
            "max": 690
          },
          "duration": {
            "median": 3241,
            "mean": 3356,
            "mdev": 134.2885,
            "stddev": 233,
            "min": 3146,
            "p10": 3146,
            "p90": 3680,
            "p99": 3680,
            "max": 3680
          },
          "fetchStart": {
            "median": 637,
            "mean": 633,
            "mdev": 15.8908,
            "stddev": 28,
            "min": 597,
            "p10": 597,
            "p90": 664,
            "p99": 664,
            "max": 664
          },
          "loadEventEnd": {
            "median": 3241,
            "mean": 3356,
            "mdev": 134.2885,
            "stddev": 233,
            "min": 3146,
            "p10": 3146,
            "p90": 3680,
            "p99": 3680,
            "max": 3680
          },
          "loadEventStart": {
            "median": 3241,
            "mean": 3355,
            "mdev": 134.0202,
            "stddev": 232,
            "min": 3146,
            "p10": 3146,
            "p90": 3679,
            "p99": 3679,
            "max": 3679
          },
          "redirectEnd": {
            "median": 630,
            "mean": 628,
            "mdev": 15.8067,
            "stddev": 27,
            "min": 594,
            "p10": 594,
            "p90": 661,
            "p99": 661,
            "max": 661
          },
          "redirectStart": {
            "median": 3,
            "mean": 3,
            "mdev": 0,
            "stddev": 0,
            "min": 3,
            "p10": 3,
            "p90": 3,
            "p99": 3,
            "max": 3
          },
          "requestStart": {
            "median": 1076,
            "mean": 1122,
            "mdev": 57.1943,
            "stddev": 99,
            "min": 1031,
            "p10": 1031,
            "p90": 1260,
            "p99": 1260,
            "max": 1260
          },
          "responseEnd": {
            "median": 1247,
            "mean": 1333,
            "mdev": 84.0516,
            "stddev": 146,
            "min": 1214,
            "p10": 1214,
            "p90": 1538,
            "p99": 1538,
            "max": 1538
          },
          "responseStart": {
            "median": 1226,
            "mean": 1311,
            "mdev": 84.7969,
            "stddev": 147,
            "min": 1190,
            "p10": 1190,
            "p90": 1518,
            "p99": 1518,
            "max": 1518
          },
          "secureConnectionStart": {
            "median": 843,
            "mean": 852,
            "mdev": 30.8449,
            "stddev": 53,
            "min": 791,
            "p10": 791,
            "p90": 921,
            "p99": 921,
            "max": 921
          },
          "startTime": {
            "median": 0,
            "mean": 0,
            "mdev": 0,
            "stddev": 0,
            "min": 0,
            "p10": 0,
            "p90": 0,
            "p99": 0,
            "max": 0
          },
          "unloadEventEnd": {
            "median": 0,
            "mean": 0,
            "mdev": 0,
            "stddev": 0,
            "min": 0,
            "p10": 0,
            "p90": 0,
            "p99": 0,
            "max": 0
          },
          "unloadEventStart": {
            "median": 0,
            "mean": 0,
            "mdev": 0,
            "stddev": 0,
            "min": 0,
            "p10": 0,
            "p90": 0,
            "p99": 0,
            "max": 0
          },
          "workerStart": {
            "median": 0,
            "mean": 0,
            "mdev": 0,
            "stddev": 0,
            "min": 0,
            "p10": 0,
            "p90": 0,
            "p99": 0,
            "max": 0
          }
        },
        "pageTimings": {
          "backEndTime": {
            "median": 1226,
            "mean": 1311,
            "mdev": 84.7969,
            "stddev": 147,
            "min": 1190,
            "p10": 1190,
            "p90": 1518,
            "p99": 1518,
            "max": 1518
          },
          "domContentLoadedTime": {
            "median": 2110,
            "mean": 2177,
            "mdev": 69.7557,
            "stddev": 121,
            "min": 2075,
            "p10": 2075,
            "p90": 2347,
            "p99": 2347,
            "max": 2347
          },
          "domInteractiveTime": {
            "median": 1908,
            "mean": 1973,
            "mdev": 62.1152,
            "stddev": 108,
            "min": 1887,
            "p10": 1887,
            "p90": 2125,
            "p99": 2125,
            "max": 2125
          },
          "domainLookupTime": {
            "median": 0,
            "mean": 0,
            "mdev": 0,
            "stddev": 0,
            "min": 0,
            "p10": 0,
            "p90": 0,
            "p99": 0,
            "max": 0
          },
          "frontEndTime": {
            "median": 2026,
            "mean": 2022,
            "mdev": 57.0633,
            "stddev": 99,
            "min": 1899,
            "p10": 1899,
            "p90": 2141,
            "p99": 2141,
            "max": 2141
          },
          "pageDownloadTime": {
            "median": 21,
            "mean": 22,
            "mdev": 0.9813,
            "stddev": 2,
            "min": 20,
            "p10": 20,
            "p90": 24,
            "p99": 24,
            "max": 24
          },
          "pageLoadTime": {
            "median": 3241,
            "mean": 3355,
            "mdev": 134.0202,
            "stddev": 232,
            "min": 3146,
            "p10": 3146,
            "p90": 3679,
            "p99": 3679,
            "max": 3679
          },
          "redirectionTime": {
            "median": 627,
            "mean": 625,
            "mdev": 15.8067,
            "stddev": 27,
            "min": 591,
            "p10": 591,
            "p90": 658,
            "p99": 658,
            "max": 658
          },
          "serverConnectionTime": {
            "median": 407,
            "mean": 464,
            "mdev": 56.463,
            "stddev": 98,
            "min": 384,
            "p10": 384,
            "p90": 602,
            "p99": 602,
            "max": 602
          },
          "serverResponseTime": {
            "median": 183,
            "mean": 210,
            "mdev": 27.3631,
            "stddev": 47,
            "min": 171,
            "p10": 171,
            "p90": 277,
            "p99": 277,
            "max": 277
          }
        },
        "rumSpeedIndex": {
          "median": 1225,
          "mean": 1311,
          "mdev": 84.6382,
          "stddev": 147,
          "min": 1190,
          "p10": 1190,
          "p90": 1517,
          "p99": 1517,
          "max": 1517
        },
        "timeToContentfulPaint": {
          "median": 2190,
          "mean": 2254,
          "mdev": 70.273,
          "stddev": 122,
          "min": 2147,
          "p10": 2147,
          "p90": 2424,
          "p99": 2424,
          "max": 2424
        },
        "timeToDomContentFlushed": {
          "median": 2096,
          "mean": 2156,
          "mdev": 61.9145,
          "stddev": 107,
          "min": 2066,
          "p10": 2066,
          "p90": 2307,
          "p99": 2307,
          "max": 2307
        }
      }
    }
  }
]