[
  {
    "info": {
      "browsertime": {
        "version": "8.4.0"
      },
      "url": "https://store.steampowered.com/",
      "timestamp": "2021-03-30T08:46:35+04:00",
      "connectivity": {
        "engine": "external",
        "profile": "native"
      },
      "extra": {}
    },
    "files": {
      "video": [],
      "screenshot": [],
      "timeline": [],
      "consoleLog": [],
      "netLog": [],
      "perfLog": []
    },
    "cdp": {
      "performance": []
    },
    "timestamps": [
      "2021-03-30T08:46:16+04:00",
      "2021-03-30T08:46:46+04:00",
      "2021-03-30T08:47:15+04:00"
    ],
    "browserScripts": [
      {
        "browser": {
          "appConstants": {
            "ACCESSIBILITY": true,
            "ANDROID_PACKAGE_NAME": "org.mozilla.firefox",
            "ASAN": false,
            "ASAN_REPORTER": false,
            "BROWSER_CHROME_URL": "chrome://browser/content/browser.xul",
            "DEBUG": false,
            "DEBUG_JS_MODULES": "",
            "DLL_PREFIX": "lib",
            "DLL_SUFFIX": ".so",
            "EARLY_BETA_OR_EARLIER": false,
            "FENNEC_NIGHTLY": false,
            "HAVE_SHELL_SERVICE": false,
            "HAVE_USR_LIB64_DIR": false,
            "MENUBAR_CAN_AUTOHIDE": false,
            "MOZILLA_OFFICIAL": true,
            "MOZ_ALLOW_LEGACY_EXTENSIONS": false,
            "MOZ_ANDROID_ACTIVITY_STREAM": false,
            "MOZ_ANDROID_HISTORY": true,
            "MOZ_ANDROID_MOZILLA_ONLINE": false,
            "MOZ_APP_NAME": "fennec",
            "MOZ_APP_VERSION": "68.1.1",
            "MOZ_APP_VERSION_DISPLAY": "68.1.1",
            "MOZ_BING_API_CLIENTID": "no-bing-api-clientid",
            "MOZ_BING_API_KEY": "no-bing-api-key",
            "MOZ_BITS_DOWNLOAD": false,
            "MOZ_BUILD_APP": "mobile/android",
            "MOZ_CODE_COVERAGE": false,
            "MOZ_CRASHREPORTER": true,
            "MOZ_DATA_REPORTING": true,
            "MOZ_DEV_EDITION": false,
            "MOZ_GECKO_PROFILER": true,
            "MOZ_GOOGLE_LOCATION_SERVICE_API_KEY": "AIzaSyB2h2OuRcUgy5N-5hsZqiPW6sH3n_rptiQ",
            "MOZ_GOOGLE_SAFEBROWSING_API_KEY": "AIzaSyC7jsptDS3am4tPx4r3nxis7IMjBc5Dovo",
            "MOZ_GRAPHENE": false,
            "MOZ_MACBUNDLE_NAME": "Firefox.app",
            "MOZ_MAINTENANCE_SERVICE": false,
            "MOZ_MOZILLA_API_KEY": "3b4d27dd-703d-4094-8398-4de2c763505a",
            "MOZ_NEW_CERT_STORAGE": false,
            "MOZ_NEW_NOTIFICATION_STORE": false,
            "MOZ_NEW_XULSTORE": false,
            "MOZ_OFFICIAL_BRANDING": false,
            "MOZ_PLACES": false,
            "MOZ_REQUIRE_SIGNING": false,
            "MOZ_SANDBOX": false,
            "MOZ_SERVICES_HEALTHREPORT": true,
            "MOZ_SERVICES_SYNC": false,
            "MOZ_SWITCHBOARD": true,
            "MOZ_SYSTEM_NSS": false,
            "MOZ_TELEMETRY_ON_BY_DEFAULT": false,
            "MOZ_TELEMETRY_REPORTING": true,
            "MOZ_UNSIGNED_SCOPES": 0,
            "MOZ_UPDATER": false,
            "MOZ_UPDATE_CHANNEL": "release",
            "MOZ_WEBRTC": true,
            "MOZ_WIDGET_GTK": false,
            "MOZ_WIDGET_TOOLKIT": "android",
            "NIGHTLY_BUILD": false,
            "OMNIJAR_NAME": "assets/omni.ja",
            "RELEASE_OR_BETA": true,
            "SOURCE_REVISION_URL": "https://hg.mozilla.org/releases/mozilla-esr68/rev/d2e0b9e17b9bc1ef02606c8006b73293f7892ad5",
            "TELEMETRY_PING_FORMAT_VERSION": 4,
            "XP_UNIX": true,
            "isPlatformAndVersionAtLeast": {},
            "isPlatformAndVersionAtMost": {},
            "platform": "android"
          },
          "asyncAppConstants": {
            "ACCESSIBILITY": true,
            "ANDROID_PACKAGE_NAME": "org.mozilla.firefox",
            "ASAN": false,
            "ASAN_REPORTER": false,
            "BROWSER_CHROME_URL": "chrome://browser/content/browser.xul",
            "DEBUG": false,
            "DEBUG_JS_MODULES": "",
            "DLL_PREFIX": "lib",
            "DLL_SUFFIX": ".so",
            "EARLY_BETA_OR_EARLIER": false,
            "FENNEC_NIGHTLY": false,
            "HAVE_SHELL_SERVICE": false,
            "HAVE_USR_LIB64_DIR": false,
            "MENUBAR_CAN_AUTOHIDE": false,
            "MOZILLA_OFFICIAL": true,
            "MOZ_ALLOW_LEGACY_EXTENSIONS": false,
            "MOZ_ANDROID_ACTIVITY_STREAM": false,
            "MOZ_ANDROID_HISTORY": true,
            "MOZ_ANDROID_MOZILLA_ONLINE": false,
            "MOZ_APP_NAME": "fennec",
            "MOZ_APP_VERSION": "68.1.1",
            "MOZ_APP_VERSION_DISPLAY": "68.1.1",
            "MOZ_BING_API_CLIENTID": "no-bing-api-clientid",
            "MOZ_BING_API_KEY": "no-bing-api-key",
            "MOZ_BITS_DOWNLOAD": false,
            "MOZ_BUILD_APP": "mobile/android",
            "MOZ_CODE_COVERAGE": false,
            "MOZ_CRASHREPORTER": true,
            "MOZ_DATA_REPORTING": true,
            "MOZ_DEV_EDITION": false,
            "MOZ_GECKO_PROFILER": true,
            "MOZ_GOOGLE_LOCATION_SERVICE_API_KEY": "AIzaSyB2h2OuRcUgy5N-5hsZqiPW6sH3n_rptiQ",
            "MOZ_GOOGLE_SAFEBROWSING_API_KEY": "AIzaSyC7jsptDS3am4tPx4r3nxis7IMjBc5Dovo",
            "MOZ_GRAPHENE": false,
            "MOZ_MACBUNDLE_NAME": "Firefox.app",
            "MOZ_MAINTENANCE_SERVICE": false,
            "MOZ_MOZILLA_API_KEY": "3b4d27dd-703d-4094-8398-4de2c763505a",
            "MOZ_NEW_CERT_STORAGE": false,
            "MOZ_NEW_NOTIFICATION_STORE": false,
            "MOZ_NEW_XULSTORE": false,
            "MOZ_OFFICIAL_BRANDING": false,
            "MOZ_PLACES": false,
            "MOZ_REQUIRE_SIGNING": false,
            "MOZ_SANDBOX": false,
            "MOZ_SERVICES_HEALTHREPORT": true,
            "MOZ_SERVICES_SYNC": false,
            "MOZ_SWITCHBOARD": true,
            "MOZ_SYSTEM_NSS": false,
            "MOZ_TELEMETRY_ON_BY_DEFAULT": false,
            "MOZ_TELEMETRY_REPORTING": true,
            "MOZ_UNSIGNED_SCOPES": 0,
            "MOZ_UPDATER": false,
            "MOZ_UPDATE_CHANNEL": "release",
            "MOZ_WEBRTC": true,
            "MOZ_WIDGET_GTK": false,
            "MOZ_WIDGET_TOOLKIT": "android",
            "NIGHTLY_BUILD": false,
            "OMNIJAR_NAME": "assets/omni.ja",
            "RELEASE_OR_BETA": true,
            "SOURCE_REVISION_URL": "https://hg.mozilla.org/releases/mozilla-esr68/rev/d2e0b9e17b9bc1ef02606c8006b73293f7892ad5",
            "TELEMETRY_PING_FORMAT_VERSION": 4,
            "XP_UNIX": true,
            "isPlatformAndVersionAtLeast": {},
            "isPlatformAndVersionAtMost": {},
            "platform": "android"
          },
          "userAgent": "Mozilla/5.0 (Android 8.1.0; Mobile; rv:68.0) Gecko/68.0 Firefox/68.0",
          "windowSize": "360x560"
        },
        "pageinfo": {
          "documentHeight": 4131,
          "documentSize": {
            "decodedBodySize": 538795,
            "encodedBodySize": 82737,
            "transferSize": 84466
          },
          "documentTitle": "Welcome to Steam",
          "documentWidth": 360,
          "domElements": 2862,
          "navigationStartTime": 1617079576513,
          "nextHopProtocol": "http/1.1",
          "resources": {
            "count": 0,
            "duration": 0
          },
          "responsive": true,
          "url": "https://store.steampowered.com/",
          "visualElements": {
            "heroes": [
              {
                "filename": "steamcards_promo_02.png",
                "height": 116,
                "name": "LargestImage",
                "width": 210,
                "x": 0,
                "y": 86
              }
            ],
            "viewport": {
              "height": 560,
              "width": 360
            }
          }
        },
        "timings": {
          "firstPaint": 2711,
          "loadEventEnd": 11270,
          "navigationTiming": {
            "connectStart": 290,
            "domComplete": 11269,
            "domContentLoadedEventEnd": 3607,
            "domContentLoadedEventStart": 2973,
            "domInteractive": 2609,
            "domainLookupEnd": 289,
            "domainLookupStart": 289,
            "duration": 11270,
            "fetchStart": 3,
            "loadEventEnd": 11270,
            "loadEventStart": 11269,
            "redirectEnd": 0,
            "redirectStart": 0,
            "requestStart": 471,
            "responseEnd": 1031,
            "responseStart": 475,
            "secureConnectionStart": 314,
            "startTime": 0,
            "unloadEventEnd": 0,
            "unloadEventStart": 0,
            "workerStart": 0
          },
          "pageTimings": {
            "backEndTime": 475,
            "domContentLoadedTime": 2973,
            "domInteractiveTime": 2609,
            "domainLookupTime": 0,
            "frontEndTime": 10238,
            "pageDownloadTime": 556,
            "pageLoadTime": 11269,
            "redirectionTime": 0,
            "serverConnectionTime": 180,
            "serverResponseTime": 560
          },
          "rumSpeedIndex": 474,
          "timeToContentfulPaint": 2984,
          "timeToDomContentFlushed": 2615,
          "timeToFirstInteractive": 10065,
          "userTimings": {
            "marks": [],
            "measures": []
          }
        }
      },
      {
        "browser": {
          "appConstants": {
            "ACCESSIBILITY": true,
            "ANDROID_PACKAGE_NAME": "org.mozilla.firefox",
            "ASAN": false,
            "ASAN_REPORTER": false,
            "BROWSER_CHROME_URL": "chrome://browser/content/browser.xul",
            "DEBUG": false,
            "DEBUG_JS_MODULES": "",
            "DLL_PREFIX": "lib",
            "DLL_SUFFIX": ".so",
            "EARLY_BETA_OR_EARLIER": false,
            "FENNEC_NIGHTLY": false,
            "HAVE_SHELL_SERVICE": false,
            "HAVE_USR_LIB64_DIR": false,
            "MENUBAR_CAN_AUTOHIDE": false,
            "MOZILLA_OFFICIAL": true,
            "MOZ_ALLOW_LEGACY_EXTENSIONS": false,
            "MOZ_ANDROID_ACTIVITY_STREAM": false,
            "MOZ_ANDROID_HISTORY": true,
            "MOZ_ANDROID_MOZILLA_ONLINE": false,
            "MOZ_APP_NAME": "fennec",
            "MOZ_APP_VERSION": "68.1.1",
            "MOZ_APP_VERSION_DISPLAY": "68.1.1",
            "MOZ_BING_API_CLIENTID": "no-bing-api-clientid",
            "MOZ_BING_API_KEY": "no-bing-api-key",
            "MOZ_BITS_DOWNLOAD": false,
            "MOZ_BUILD_APP": "mobile/android",
            "MOZ_CODE_COVERAGE": false,
            "MOZ_CRASHREPORTER": true,
            "MOZ_DATA_REPORTING": true,
            "MOZ_DEV_EDITION": false,
            "MOZ_GECKO_PROFILER": true,
            "MOZ_GOOGLE_LOCATION_SERVICE_API_KEY": "AIzaSyB2h2OuRcUgy5N-5hsZqiPW6sH3n_rptiQ",
            "MOZ_GOOGLE_SAFEBROWSING_API_KEY": "AIzaSyC7jsptDS3am4tPx4r3nxis7IMjBc5Dovo",
            "MOZ_GRAPHENE": false,
            "MOZ_MACBUNDLE_NAME": "Firefox.app",
            "MOZ_MAINTENANCE_SERVICE": false,
            "MOZ_MOZILLA_API_KEY": "3b4d27dd-703d-4094-8398-4de2c763505a",
            "MOZ_NEW_CERT_STORAGE": false,
            "MOZ_NEW_NOTIFICATION_STORE": false,
            "MOZ_NEW_XULSTORE": false,
            "MOZ_OFFICIAL_BRANDING": false,
            "MOZ_PLACES": false,
            "MOZ_REQUIRE_SIGNING": false,
            "MOZ_SANDBOX": false,
            "MOZ_SERVICES_HEALTHREPORT": true,
            "MOZ_SERVICES_SYNC": false,
            "MOZ_SWITCHBOARD": true,
            "MOZ_SYSTEM_NSS": false,
            "MOZ_TELEMETRY_ON_BY_DEFAULT": false,
            "MOZ_TELEMETRY_REPORTING": true,
            "MOZ_UNSIGNED_SCOPES": 0,
            "MOZ_UPDATER": false,
            "MOZ_UPDATE_CHANNEL": "release",
            "MOZ_WEBRTC": true,
            "MOZ_WIDGET_GTK": false,
            "MOZ_WIDGET_TOOLKIT": "android",
            "NIGHTLY_BUILD": false,
            "OMNIJAR_NAME": "assets/omni.ja",
            "RELEASE_OR_BETA": true,
            "SOURCE_REVISION_URL": "https://hg.mozilla.org/releases/mozilla-esr68/rev/d2e0b9e17b9bc1ef02606c8006b73293f7892ad5",
            "TELEMETRY_PING_FORMAT_VERSION": 4,
            "XP_UNIX": true,
            "isPlatformAndVersionAtLeast": {},
            "isPlatformAndVersionAtMost": {},
            "platform": "android"
          },
          "asyncAppConstants": {
            "ACCESSIBILITY": true,
            "ANDROID_PACKAGE_NAME": "org.mozilla.firefox",
            "ASAN": false,
            "ASAN_REPORTER": false,
            "BROWSER_CHROME_URL": "chrome://browser/content/browser.xul",
            "DEBUG": false,
            "DEBUG_JS_MODULES": "",
            "DLL_PREFIX": "lib",
            "DLL_SUFFIX": ".so",
            "EARLY_BETA_OR_EARLIER": false,
            "FENNEC_NIGHTLY": false,
            "HAVE_SHELL_SERVICE": false,
            "HAVE_USR_LIB64_DIR": false,
            "MENUBAR_CAN_AUTOHIDE": false,
            "MOZILLA_OFFICIAL": true,
            "MOZ_ALLOW_LEGACY_EXTENSIONS": false,
            "MOZ_ANDROID_ACTIVITY_STREAM": false,
            "MOZ_ANDROID_HISTORY": true,
            "MOZ_ANDROID_MOZILLA_ONLINE": false,
            "MOZ_APP_NAME": "fennec",
            "MOZ_APP_VERSION": "68.1.1",
            "MOZ_APP_VERSION_DISPLAY": "68.1.1",
            "MOZ_BING_API_CLIENTID": "no-bing-api-clientid",
            "MOZ_BING_API_KEY": "no-bing-api-key",
            "MOZ_BITS_DOWNLOAD": false,
            "MOZ_BUILD_APP": "mobile/android",
            "MOZ_CODE_COVERAGE": false,
            "MOZ_CRASHREPORTER": true,
            "MOZ_DATA_REPORTING": true,
            "MOZ_DEV_EDITION": false,
            "MOZ_GECKO_PROFILER": true,
            "MOZ_GOOGLE_LOCATION_SERVICE_API_KEY": "AIzaSyB2h2OuRcUgy5N-5hsZqiPW6sH3n_rptiQ",
            "MOZ_GOOGLE_SAFEBROWSING_API_KEY": "AIzaSyC7jsptDS3am4tPx4r3nxis7IMjBc5Dovo",
            "MOZ_GRAPHENE": false,
            "MOZ_MACBUNDLE_NAME": "Firefox.app",
            "MOZ_MAINTENANCE_SERVICE": false,
            "MOZ_MOZILLA_API_KEY": "3b4d27dd-703d-4094-8398-4de2c763505a",
            "MOZ_NEW_CERT_STORAGE": false,
            "MOZ_NEW_NOTIFICATION_STORE": false,
            "MOZ_NEW_XULSTORE": false,
            "MOZ_OFFICIAL_BRANDING": false,
            "MOZ_PLACES": false,
            "MOZ_REQUIRE_SIGNING": false,
            "MOZ_SANDBOX": false,
            "MOZ_SERVICES_HEALTHREPORT": true,
            "MOZ_SERVICES_SYNC": false,
            "MOZ_SWITCHBOARD": true,
            "MOZ_SYSTEM_NSS": false,
            "MOZ_TELEMETRY_ON_BY_DEFAULT": false,
            "MOZ_TELEMETRY_REPORTING": true,
            "MOZ_UNSIGNED_SCOPES": 0,
            "MOZ_UPDATER": false,
            "MOZ_UPDATE_CHANNEL": "release",
            "MOZ_WEBRTC": true,
            "MOZ_WIDGET_GTK": false,
            "MOZ_WIDGET_TOOLKIT": "android",
            "NIGHTLY_BUILD": false,
            "OMNIJAR_NAME": "assets/omni.ja",
            "RELEASE_OR_BETA": true,
            "SOURCE_REVISION_URL": "https://hg.mozilla.org/releases/mozilla-esr68/rev/d2e0b9e17b9bc1ef02606c8006b73293f7892ad5",
            "TELEMETRY_PING_FORMAT_VERSION": 4,
            "XP_UNIX": true,
            "isPlatformAndVersionAtLeast": {},
            "isPlatformAndVersionAtMost": {},
            "platform": "android"
          },
          "userAgent": "Mozilla/5.0 (Android 8.1.0; Mobile; rv:68.0) Gecko/68.0 Firefox/68.0",
          "windowSize": "360x560"
        },
        "pageinfo": {
          "documentHeight": 4131,
          "documentSize": {
            "decodedBodySize": 538799,
            "encodedBodySize": 82745,
            "transferSize": 84474
          },
          "documentTitle": "Welcome to Steam",
          "documentWidth": 360,
          "domElements": 2866,
          "navigationStartTime": 1617079606595,
          "nextHopProtocol": "http/1.1",
          "resources": {
            "count": 0,
            "duration": 0
          },
          "responsive": true,
          "url": "https://store.steampowered.com/",
          "visualElements": {
            "heroes": [
              {
                "filename": "steamcards_promo_02.png",
                "height": 116,
                "name": "LargestImage",
                "width": 210,
                "x": 0,
                "y": 86
              }
            ],
            "viewport": {
              "height": 560,
              "width": 360
            }
          }
        },
        "timings": {
          "firstPaint": 2421,
          "loadEventEnd": 9952,
          "navigationTiming": {
            "connectStart": 28,
            "domComplete": 9951,
            "domContentLoadedEventEnd": 3095,
            "domContentLoadedEventStart": 2622,
            "domInteractive": 2365,
            "domainLookupEnd": 27,
            "domainLookupStart": 27,
            "duration": 9952,
            "fetchStart": 2,
            "loadEventEnd": 9952,
            "loadEventStart": 9951,
            "redirectEnd": 0,
            "redirectStart": 0,
            "requestStart": 149,
            "responseEnd": 795,
            "responseStart": 157,
            "secureConnectionStart": 41,
            "startTime": 0,
            "unloadEventEnd": 0,
            "unloadEventStart": 0,
            "workerStart": 0
          },
          "pageTimings": {
            "backEndTime": 157,
            "domContentLoadedTime": 2622,
            "domInteractiveTime": 2365,
            "domainLookupTime": 0,
            "frontEndTime": 9156,
            "pageDownloadTime": 638,
            "pageLoadTime": 9951,
            "redirectionTime": 0,
            "serverConnectionTime": 121,
            "serverResponseTime": 646
          },
          "rumSpeedIndex": 157,
          "timeToContentfulPaint": 2627,
          "timeToDomContentFlushed": 2372,
          "timeToFirstInteractive": 8772,
          "userTimings": {
            "marks": [],
            "measures": []
          }
        }
      },
      {
        "browser": {
          "appConstants": {
            "ACCESSIBILITY": true,
            "ANDROID_PACKAGE_NAME": "org.mozilla.firefox",
            "ASAN": false,
            "ASAN_REPORTER": false,
            "BROWSER_CHROME_URL": "chrome://browser/content/browser.xul",
            "DEBUG": false,
            "DEBUG_JS_MODULES": "",
            "DLL_PREFIX": "lib",
            "DLL_SUFFIX": ".so",
            "EARLY_BETA_OR_EARLIER": false,
            "FENNEC_NIGHTLY": false,
            "HAVE_SHELL_SERVICE": false,
            "HAVE_USR_LIB64_DIR": false,
            "MENUBAR_CAN_AUTOHIDE": false,
            "MOZILLA_OFFICIAL": true,
            "MOZ_ALLOW_LEGACY_EXTENSIONS": false,
            "MOZ_ANDROID_ACTIVITY_STREAM": false,
            "MOZ_ANDROID_HISTORY": true,
            "MOZ_ANDROID_MOZILLA_ONLINE": false,
            "MOZ_APP_NAME": "fennec",
            "MOZ_APP_VERSION": "68.1.1",
            "MOZ_APP_VERSION_DISPLAY": "68.1.1",
            "MOZ_BING_API_CLIENTID": "no-bing-api-clientid",
            "MOZ_BING_API_KEY": "no-bing-api-key",
            "MOZ_BITS_DOWNLOAD": false,
            "MOZ_BUILD_APP": "mobile/android",
            "MOZ_CODE_COVERAGE": false,
            "MOZ_CRASHREPORTER": true,
            "MOZ_DATA_REPORTING": true,
            "MOZ_DEV_EDITION": false,
            "MOZ_GECKO_PROFILER": true,
            "MOZ_GOOGLE_LOCATION_SERVICE_API_KEY": "AIzaSyB2h2OuRcUgy5N-5hsZqiPW6sH3n_rptiQ",
            "MOZ_GOOGLE_SAFEBROWSING_API_KEY": "AIzaSyC7jsptDS3am4tPx4r3nxis7IMjBc5Dovo",
            "MOZ_GRAPHENE": false,
            "MOZ_MACBUNDLE_NAME": "Firefox.app",
            "MOZ_MAINTENANCE_SERVICE": false,
            "MOZ_MOZILLA_API_KEY": "3b4d27dd-703d-4094-8398-4de2c763505a",
            "MOZ_NEW_CERT_STORAGE": false,
            "MOZ_NEW_NOTIFICATION_STORE": false,
            "MOZ_NEW_XULSTORE": false,
            "MOZ_OFFICIAL_BRANDING": false,
            "MOZ_PLACES": false,
            "MOZ_REQUIRE_SIGNING": false,
            "MOZ_SANDBOX": false,
            "MOZ_SERVICES_HEALTHREPORT": true,
            "MOZ_SERVICES_SYNC": false,
            "MOZ_SWITCHBOARD": true,
            "MOZ_SYSTEM_NSS": false,
            "MOZ_TELEMETRY_ON_BY_DEFAULT": false,
            "MOZ_TELEMETRY_REPORTING": true,
            "MOZ_UNSIGNED_SCOPES": 0,
            "MOZ_UPDATER": false,
            "MOZ_UPDATE_CHANNEL": "release",
            "MOZ_WEBRTC": true,
            "MOZ_WIDGET_GTK": false,
            "MOZ_WIDGET_TOOLKIT": "android",
            "NIGHTLY_BUILD": false,
            "OMNIJAR_NAME": "assets/omni.ja",
            "RELEASE_OR_BETA": true,
            "SOURCE_REVISION_URL": "https://hg.mozilla.org/releases/mozilla-esr68/rev/d2e0b9e17b9bc1ef02606c8006b73293f7892ad5",
            "TELEMETRY_PING_FORMAT_VERSION": 4,
            "XP_UNIX": true,
            "isPlatformAndVersionAtLeast": {},
            "isPlatformAndVersionAtMost": {},
            "platform": "android"
          },
          "asyncAppConstants": {
            "ACCESSIBILITY": true,
            "ANDROID_PACKAGE_NAME": "org.mozilla.firefox",
            "ASAN": false,
            "ASAN_REPORTER": false,
            "BROWSER_CHROME_URL": "chrome://browser/content/browser.xul",
            "DEBUG": false,
            "DEBUG_JS_MODULES": "",
            "DLL_PREFIX": "lib",
            "DLL_SUFFIX": ".so",
            "EARLY_BETA_OR_EARLIER": false,
            "FENNEC_NIGHTLY": false,
            "HAVE_SHELL_SERVICE": false,
            "HAVE_USR_LIB64_DIR": false,
            "MENUBAR_CAN_AUTOHIDE": false,
            "MOZILLA_OFFICIAL": true,
            "MOZ_ALLOW_LEGACY_EXTENSIONS": false,
            "MOZ_ANDROID_ACTIVITY_STREAM": false,
            "MOZ_ANDROID_HISTORY": true,
            "MOZ_ANDROID_MOZILLA_ONLINE": false,
            "MOZ_APP_NAME": "fennec",
            "MOZ_APP_VERSION": "68.1.1",
            "MOZ_APP_VERSION_DISPLAY": "68.1.1",
            "MOZ_BING_API_CLIENTID": "no-bing-api-clientid",
            "MOZ_BING_API_KEY": "no-bing-api-key",
            "MOZ_BITS_DOWNLOAD": false,
            "MOZ_BUILD_APP": "mobile/android",
            "MOZ_CODE_COVERAGE": false,
            "MOZ_CRASHREPORTER": true,
            "MOZ_DATA_REPORTING": true,
            "MOZ_DEV_EDITION": false,
            "MOZ_GECKO_PROFILER": true,
            "MOZ_GOOGLE_LOCATION_SERVICE_API_KEY": "AIzaSyB2h2OuRcUgy5N-5hsZqiPW6sH3n_rptiQ",
            "MOZ_GOOGLE_SAFEBROWSING_API_KEY": "AIzaSyC7jsptDS3am4tPx4r3nxis7IMjBc5Dovo",
            "MOZ_GRAPHENE": false,
            "MOZ_MACBUNDLE_NAME": "Firefox.app",
            "MOZ_MAINTENANCE_SERVICE": false,
            "MOZ_MOZILLA_API_KEY": "3b4d27dd-703d-4094-8398-4de2c763505a",
            "MOZ_NEW_CERT_STORAGE": false,
            "MOZ_NEW_NOTIFICATION_STORE": false,
            "MOZ_NEW_XULSTORE": false,
            "MOZ_OFFICIAL_BRANDING": false,
            "MOZ_PLACES": false,
            "MOZ_REQUIRE_SIGNING": false,
            "MOZ_SANDBOX": false,
            "MOZ_SERVICES_HEALTHREPORT": true,
            "MOZ_SERVICES_SYNC": false,
            "MOZ_SWITCHBOARD": true,
            "MOZ_SYSTEM_NSS": false,
            "MOZ_TELEMETRY_ON_BY_DEFAULT": false,
            "MOZ_TELEMETRY_REPORTING": true,
            "MOZ_UNSIGNED_SCOPES": 0,
            "MOZ_UPDATER": false,
            "MOZ_UPDATE_CHANNEL": "release",
            "MOZ_WEBRTC": true,
            "MOZ_WIDGET_GTK": false,
            "MOZ_WIDGET_TOOLKIT": "android",
            "NIGHTLY_BUILD": false,
            "OMNIJAR_NAME": "assets/omni.ja",
            "RELEASE_OR_BETA": true,
            "SOURCE_REVISION_URL": "https://hg.mozilla.org/releases/mozilla-esr68/rev/d2e0b9e17b9bc1ef02606c8006b73293f7892ad5",
            "TELEMETRY_PING_FORMAT_VERSION": 4,
            "XP_UNIX": true,
            "isPlatformAndVersionAtLeast": {},
            "isPlatformAndVersionAtMost": {},
            "platform": "android"
          },
          "userAgent": "Mozilla/5.0 (Android 8.1.0; Mobile; rv:68.0) Gecko/68.0 Firefox/68.0",
          "windowSize": "360x560"
        },
        "pageinfo": {
          "documentHeight": 4131,
          "documentSize": {
            "decodedBodySize": 538799,
            "encodedBodySize": 82735,
            "transferSize": 84464
          },
          "documentTitle": "Welcome to Steam",
          "documentWidth": 360,
          "domElements": 2864,
          "navigationStartTime": 1617079635496,
          "nextHopProtocol": "http/1.1",
          "resources": {
            "count": 0,
            "duration": 0
          },
          "responsive": true,
          "url": "https://store.steampowered.com/",
          "visualElements": {
            "heroes": [
              {
                "filename": "steamcards_promo_02.png",
                "height": 116,
                "name": "LargestImage",
                "width": 210,
                "x": 0,
                "y": 86
              }
            ],
            "viewport": {
              "height": 560,
              "width": 360
            }
          }
        },
        "timings": {
          "firstPaint": 2761,
          "loadEventEnd": 10697,
          "navigationTiming": {
            "connectStart": 11,
            "domComplete": 10697,
            "domContentLoadedEventEnd": 3361,
            "domContentLoadedEventStart": 2925,
            "domInteractive": 2471,
            "domainLookupEnd": 11,
            "domainLookupStart": 5,
            "duration": 10697,
            "fetchStart": 2,
            "loadEventEnd": 10697,
            "loadEventStart": 10697,
            "redirectEnd": 0,
            "redirectStart": 0,
            "requestStart": 120,
            "responseEnd": 125,
            "responseStart": 125,
            "secureConnectionStart": 21,
            "startTime": 0,
            "unloadEventEnd": 0,
            "unloadEventStart": 0,
            "workerStart": 0
          },
          "pageTimings": {
            "backEndTime": 125,
            "domContentLoadedTime": 2925,
            "domInteractiveTime": 2471,
            "domainLookupTime": 6,
            "frontEndTime": 10572,
            "pageDownloadTime": 0,
            "pageLoadTime": 10697,
            "redirectionTime": 0,
            "serverConnectionTime": 108,
            "serverResponseTime": 5
          },
          "rumSpeedIndex": 125,
          "timeToContentfulPaint": 2942,
          "timeToDomContentFlushed": 2725,
          "timeToFirstInteractive": 10861,
          "userTimings": {
            "marks": [],
            "measures": []
          }
        }
      }
    ],
    "visualMetrics": [],
    "cpu": [],
    "extras": [
      {},
      {},
      {}
    ],
    "fullyLoaded": [],
    "errors": [
      [],
      [],
      []
    ],
    "statistics": {
      "browser": {
        "appConstants": {
          "MOZ_UNSIGNED_SCOPES": {
            "median": 0,
            "mean": 0,
            "mdev": 0,
            "stddev": 0,
            "min": 0,
            "p10": 0,
            "p90": 0,
            "p99": 0,
            "max": 0
          },
          "TELEMETRY_PING_FORMAT_VERSION": {
            "median": 4,
            "mean": 4,
            "mdev": 0,
            "stddev": 0,
            "min": 4,
            "p10": 4,
            "p90": 4,
            "p99": 4,
            "max": 4
          }
        },
        "asyncAppConstants": {
          "MOZ_UNSIGNED_SCOPES": {
            "median": 0,
            "mean": 0,
            "mdev": 0,
            "stddev": 0,
            "min": 0,
            "p10": 0,
            "p90": 0,
            "p99": 0,
            "max": 0
          },
          "TELEMETRY_PING_FORMAT_VERSION": {
            "median": 4,
            "mean": 4,
            "mdev": 0,
            "stddev": 0,
            "min": 4,
            "p10": 4,
            "p90": 4,
            "p99": 4,
            "max": 4
          }
        }
      },
      "pageinfo": {
        "documentHeight": {
          "median": 4131,
          "mean": 4131,
          "mdev": 0,
          "stddev": 0,
          "min": 4131,
          "p10": 4131,
          "p90": 4131,
          "p99": 4131,
          "max": 4131
        },
        "documentSize": {
          "decodedBodySize": {
            "median": 538799,
            "mean": 538798,
            "mdev": 1.0887,
            "stddev": 2,
            "min": 538795,
            "p10": 538795,
            "p90": 538799,
            "p99": 538799,
            "max": 538799
          },
          "encodedBodySize": {
            "median": 82737,
            "mean": 82739,
            "mdev": 2.4944,
            "stddev": 4,
            "min": 82735,
            "p10": 82735,
            "p90": 82745,
            "p99": 82745,
            "max": 82745
          },
          "transferSize": {
            "median": 84466,
            "mean": 84468,
            "mdev": 2.4944,
            "stddev": 4,
            "min": 84464,
            "p10": 84464,
            "p90": 84474,
            "p99": 84474,
            "max": 84474
          }
        },
        "documentWidth": {
          "median": 360,
          "mean": 360,
          "mdev": 0,
          "stddev": 0,
          "min": 360,
          "p10": 360,
          "p90": 360,
          "p99": 360,
          "max": 360
        },
        "domElements": {
          "median": 2864,
          "mean": 2864,
          "mdev": 0.9428,
          "stddev": 2,
          "min": 2862,
          "p10": 2862,
          "p90": 2866,
          "p99": 2866,
          "max": 2866
        },
        "navigationStartTime": {
          "median": 1617079606595,
          "mean": 1617079606201,
          "mdev": 17836.64,
          "stddev": 30894,
          "min": 1617079576513,
          "p10": 1617079576513,
          "p90": 1617079635496,
          "p99": 1617079635496,
          "max": 1617079635496
        },
        "resources": {
          "count": {
            "median": 0,
            "mean": 0,
            "mdev": 0,
            "stddev": 0,
            "min": 0,
            "p10": 0,
            "p90": 0,
            "p99": 0,
            "max": 0
          },
          "duration": {
            "median": 0,
            "mean": 0,
            "mdev": 0,
            "stddev": 0,
            "min": 0,
            "p10": 0,
            "p90": 0,
            "p99": 0,
            "max": 0
          }
        },
        "visualElements": {
          "heroes": [
            {
              "height": {
                "median": 116,
                "mean": 116,
                "mdev": 0,
                "stddev": 0,
                "min": 116,
                "p10": 116,
                "p90": 116,
                "p99": 116,
                "max": 116
              },
              "width": {
                "median": 210,
                "mean": 210,
                "mdev": 0,
                "stddev": 0,
                "min": 210,
                "p10": 210,
                "p90": 210,
                "p99": 210,
                "max": 210
              },
              "x": {
                "median": 0,
                "mean": 0,
                "mdev": 0,
                "stddev": 0,
                "min": 0,
                "p10": 0,
                "p90": 0,
                "p99": 0,
                "max": 0
              },
              "y": {
                "median": 86,
                "mean": 86,
                "mdev": 0,
                "stddev": 0,
                "min": 86,
                "p10": 86,
                "p90": 86,
                "p99": 86,
                "max": 86
              }
            }
          ],
          "viewport": {
            "height": {
              "median": 560,
              "mean": 560,
              "mdev": 0,
              "stddev": 0,
              "min": 560,
              "p10": 560,
              "p90": 560,
              "p99": 560,
              "max": 560
            },
            "width": {
              "median": 360,
              "mean": 360,
              "mdev": 0,
              "stddev": 0,
              "min": 360,
              "p10": 360,
              "p90": 360,
              "p99": 360,
              "max": 360
            }
          }
        }
      },
      "timings": {
        "firstPaint": {
          "median": 2711,
          "mean": 2631,
          "mdev": 86.5384,
          "stddev": 150,
          "min": 2421,
          "p10": 2421,
          "p90": 2761,
          "p99": 2761,
          "max": 2761
        },
        "loadEventEnd": {
          "median": 10697,
          "mean": 10640,
          "mdev": 311.5361,
          "stddev": 540,
          "min": 9952,
          "p10": 9952,
          "p90": 11270,
          "p99": 11270,
          "max": 11270
        },
        "navigationTiming": {
          "connectStart": {
            "median": 28,
            "mean": 110,
            "mdev": 73.7297,
            "stddev": 128,
            "min": 11,
            "p10": 11,
            "p90": 290,
            "p99": 290,
            "max": 290
          },
          "domComplete": {
            "median": 10697,
            "mean": 10639,
            "mdev": 311.5567,
            "stddev": 540,
            "min": 9951,
            "p10": 9951,
            "p90": 11269,
            "p99": 11269,
            "max": 11269
          },
          "domContentLoadedEventEnd": {
            "median": 3361,
            "mean": 3354,
            "mdev": 120.7102,
            "stddev": 209,
            "min": 3095,
            "p10": 3095,
            "p90": 3607,
            "p99": 3607,
            "max": 3607
          },
          "domContentLoadedEventStart": {
            "median": 2925,
            "mean": 2840,
            "mdev": 89.7144,
            "stddev": 155,
            "min": 2622,
            "p10": 2622,
            "p90": 2973,
            "p99": 2973,
            "max": 2973
          },
          "domInteractive": {
            "median": 2471,
            "mean": 2482,
            "mdev": 57.676,
            "stddev": 100,
            "min": 2365,
            "p10": 2365,
            "p90": 2609,
            "p99": 2609,
            "max": 2609
          },
          "domainLookupEnd": {
            "median": 27,
            "mean": 109,
            "mdev": 73.5814,
            "stddev": 127,
            "min": 11,
            "p10": 11,
            "p90": 289,
            "p99": 289,
            "max": 289
          },
          "domainLookupStart": {
            "median": 27,
            "mean": 107,
            "mdev": 74.4819,
            "stddev": 129,
            "min": 5,
            "p10": 5,
            "p90": 289,
            "p99": 289,
            "max": 289
          },
          "duration": {
            "median": 10697,
            "mean": 10640,
            "mdev": 311.5361,
            "stddev": 540,
            "min": 9952,
            "p10": 9952,
            "p90": 11270,
            "p99": 11270,
            "max": 11270
          },
          "fetchStart": {
            "median": 2,
            "mean": 2,
            "mdev": 0.2722,
            "stddev": 0,
            "min": 2,
            "p10": 2,
            "p90": 3,
            "p99": 3,
            "max": 3
          },
          "loadEventEnd": {
            "median": 10697,
            "mean": 10640,
            "mdev": 311.5361,
            "stddev": 540,
            "min": 9952,
            "p10": 9952,
            "p90": 11270,
            "p99": 11270,
            "max": 11270
          },
          "loadEventStart": {
            "median": 10697,
            "mean": 10639,
            "mdev": 311.5567,
            "stddev": 540,
            "min": 9951,
            "p10": 9951,
            "p90": 11269,
            "p99": 11269,
            "max": 11269
          },
          "redirectEnd": {
            "median": 0,
            "mean": 0,
            "mdev": 0,
            "stddev": 0,
            "min": 0,
            "p10": 0,
            "p90": 0,
            "p99": 0,
            "max": 0
          },
          "redirectStart": {
            "median": 0,
            "mean": 0,
            "mdev": 0,
            "stddev": 0,
            "min": 0,
            "p10": 0,
            "p90": 0,
            "p99": 0,
            "max": 0
          },
          "requestStart": {
            "median": 149,
            "mean": 247,
            "mdev": 91.8384,
            "stddev": 159,
            "min": 120,
            "p10": 120,
            "p90": 471,
            "p99": 471,
            "max": 471
          },
          "responseEnd": {
            "median": 795,
            "mean": 650,
            "mdev": 221.5628,
            "stddev": 384,
            "min": 125,
            "p10": 125,
            "p90": 1031,
            "p99": 1031,
            "max": 1031
          },
          "responseStart": {
            "median": 157,
            "mean": 252,
            "mdev": 91.2157,
            "stddev": 158,
            "min": 125,
            "p10": 125,
            "p90": 475,
            "p99": 475,
            "max": 475
          },
          "secureConnectionStart": {
            "median": 41,
            "mean": 125,
            "mdev": 77.167,
            "stddev": 134,
            "min": 21,
            "p10": 21,
            "p90": 314,
            "p99": 314,
            "max": 314
          },
          "startTime": {
            "median": 0,
            "mean": 0,
            "mdev": 0,
            "stddev": 0,
            "min": 0,
            "p10": 0,
            "p90": 0,
            "p99": 0,
            "max": 0
          },
          "unloadEventEnd": {
            "median": 0,
            "mean": 0,
            "mdev": 0,
            "stddev": 0,
            "min": 0,
            "p10": 0,
            "p90": 0,
            "p99": 0,
            "max": 0
          },
          "unloadEventStart": {
            "median": 0,
            "mean": 0,
            "mdev": 0,
            "stddev": 0,
            "min": 0,
            "p10": 0,
            "p90": 0,
            "p99": 0,
            "max": 0
          },
          "workerStart": {
            "median": 0,
            "mean": 0,
            "mdev": 0,
            "stddev": 0,
            "min": 0,
            "p10": 0,
            "p90": 0,
            "p99": 0,
            "max": 0
          }
        },
        "pageTimings": {
          "backEndTime": {
            "median": 157,
            "mean": 252,
            "mdev": 91.2157,
            "stddev": 158,
            "min": 125,
            "p10": 125,
            "p90": 475,
            "p99": 475,
            "max": 475
          },
          "domContentLoadedTime": {
            "median": 2925,
            "mean": 2840,
            "mdev": 89.7144,
            "stddev": 155,
            "min": 2622,
            "p10": 2622,
            "p90": 2973,
            "p99": 2973,
            "max": 2973
          },
          "domInteractiveTime": {
            "median": 2471,
            "mean": 2482,
            "mdev": 57.676,
            "stddev": 100,
            "min": 2365,
            "p10": 2365,
            "p90": 2609,
            "p99": 2609,
            "max": 2609
          },
          "domainLookupTime": {
            "median": 0,
            "mean": 2,
            "mdev": 1.633,
            "stddev": 3,
            "min": 0,
            "p10": 0,
            "p90": 6,
            "p99": 6,
            "max": 6
          },
          "frontEndTime": {
            "median": 10238,
            "mean": 9989,
            "mdev": 348.9315,
            "stddev": 604,
            "min": 9156,
            "p10": 9156,
            "p90": 10572,
            "p99": 10572,
            "max": 10572
          },
          "pageDownloadTime": {
            "median": 556,
            "mean": 398,
            "mdev": 163.6283,
            "stddev": 283,
            "min": 0,
            "p10": 0,
            "p90": 638,
            "p99": 638,
            "max": 638
          },
          "pageLoadTime": {
            "median": 10697,
            "mean": 10639,
            "mdev": 311.5567,
            "stddev": 540,
            "min": 9951,
            "p10": 9951,
            "p90": 11269,
            "p99": 11269,
            "max": 11269
          },
          "redirectionTime": {
            "median": 0,
            "mean": 0,
            "mdev": 0,
            "stddev": 0,
            "min": 0,
            "p10": 0,
            "p90": 0,
            "p99": 0,
            "max": 0
          },
          "serverConnectionTime": {
            "median": 121,
            "mean": 136,
            "mdev": 18.0883,
            "stddev": 31,
            "min": 108,
            "p10": 108,
            "p90": 180,
            "p99": 180,
            "max": 180
          },
          "serverResponseTime": {
            "median": 560,
            "mean": 404,
            "mdev": 164.0124,
            "stddev": 284,
            "min": 5,
            "p10": 5,
            "p90": 646,
            "p99": 646,
            "max": 646
          }
        },
        "rumSpeedIndex": {
          "median": 157,
          "mean": 252,
          "mdev": 90.9444,
          "stddev": 158,
          "min": 125,
          "p10": 125,
          "p90": 474,
          "p99": 474,
          "max": 474
        },
        "timeToContentfulPaint": {
          "median": 2942,
          "mean": 2851,
          "mdev": 91.9819,
          "stddev": 159,
          "min": 2627,
          "p10": 2627,
          "p90": 2984,
          "p99": 2984,
          "max": 2984
        },
        "timeToDomContentFlushed": {
          "median": 2615,
          "mean": 2571,
          "mdev": 85.1487,
          "stddev": 147,
          "min": 2372,
          "p10": 2372,
          "p90": 2725,
          "p99": 2725,
          "max": 2725
        },
        "timeToFirstInteractive": {
          "median": 10065,
          "mean": 9899,
          "mdev": 497.0053,
          "stddev": 861,
          "min": 8772,
          "p10": 8772,
          "p90": 10861,
          "p99": 10861,
          "max": 10861
        }
      }
    }
  }
]