[
  {
    "info": {
      "browsertime": {
        "version": "8.4.0"
      },
      "url": "https://www.liputan6.com/",
      "timestamp": "2021-03-30T23:29:59+04:00",
      "connectivity": {
        "engine": "external",
        "profile": "native"
      },
      "extra": {}
    },
    "files": {
      "video": [],
      "screenshot": [],
      "timeline": [],
      "consoleLog": [],
      "netLog": [],
      "perfLog": []
    },
    "cdp": {
      "performance": []
    },
    "timestamps": [
      "2021-03-30T23:29:33+04:00",
      "2021-03-30T23:30:06+04:00",
      "2021-03-30T23:30:40+04:00"
    ],
    "browserScripts": [
      {
        "browser": {
          "appConstants": {
            "ACCESSIBILITY": true,
            "ANDROID_PACKAGE_NAME": "org.mozilla.firefox",
            "ASAN": false,
            "ASAN_REPORTER": false,
            "BROWSER_CHROME_URL": "chrome://browser/content/browser.xul",
            "DEBUG": false,
            "DEBUG_JS_MODULES": "",
            "DLL_PREFIX": "lib",
            "DLL_SUFFIX": ".so",
            "EARLY_BETA_OR_EARLIER": false,
            "FENNEC_NIGHTLY": false,
            "HAVE_SHELL_SERVICE": false,
            "HAVE_USR_LIB64_DIR": false,
            "MENUBAR_CAN_AUTOHIDE": false,
            "MOZILLA_OFFICIAL": true,
            "MOZ_ALLOW_LEGACY_EXTENSIONS": false,
            "MOZ_ANDROID_ACTIVITY_STREAM": false,
            "MOZ_ANDROID_HISTORY": true,
            "MOZ_ANDROID_MOZILLA_ONLINE": false,
            "MOZ_APP_NAME": "fennec",
            "MOZ_APP_VERSION": "68.1.1",
            "MOZ_APP_VERSION_DISPLAY": "68.1.1",
            "MOZ_BING_API_CLIENTID": "no-bing-api-clientid",
            "MOZ_BING_API_KEY": "no-bing-api-key",
            "MOZ_BITS_DOWNLOAD": false,
            "MOZ_BUILD_APP": "mobile/android",
            "MOZ_CODE_COVERAGE": false,
            "MOZ_CRASHREPORTER": true,
            "MOZ_DATA_REPORTING": true,
            "MOZ_DEV_EDITION": false,
            "MOZ_GECKO_PROFILER": true,
            "MOZ_GOOGLE_LOCATION_SERVICE_API_KEY": "AIzaSyB2h2OuRcUgy5N-5hsZqiPW6sH3n_rptiQ",
            "MOZ_GOOGLE_SAFEBROWSING_API_KEY": "AIzaSyC7jsptDS3am4tPx4r3nxis7IMjBc5Dovo",
            "MOZ_GRAPHENE": false,
            "MOZ_MACBUNDLE_NAME": "Firefox.app",
            "MOZ_MAINTENANCE_SERVICE": false,
            "MOZ_MOZILLA_API_KEY": "3b4d27dd-703d-4094-8398-4de2c763505a",
            "MOZ_NEW_CERT_STORAGE": false,
            "MOZ_NEW_NOTIFICATION_STORE": false,
            "MOZ_NEW_XULSTORE": false,
            "MOZ_OFFICIAL_BRANDING": false,
            "MOZ_PLACES": false,
            "MOZ_REQUIRE_SIGNING": false,
            "MOZ_SANDBOX": false,
            "MOZ_SERVICES_HEALTHREPORT": true,
            "MOZ_SERVICES_SYNC": false,
            "MOZ_SWITCHBOARD": true,
            "MOZ_SYSTEM_NSS": false,
            "MOZ_TELEMETRY_ON_BY_DEFAULT": false,
            "MOZ_TELEMETRY_REPORTING": true,
            "MOZ_UNSIGNED_SCOPES": 0,
            "MOZ_UPDATER": false,
            "MOZ_UPDATE_CHANNEL": "release",
            "MOZ_WEBRTC": true,
            "MOZ_WIDGET_GTK": false,
            "MOZ_WIDGET_TOOLKIT": "android",
            "NIGHTLY_BUILD": false,
            "OMNIJAR_NAME": "assets/omni.ja",
            "RELEASE_OR_BETA": true,
            "SOURCE_REVISION_URL": "https://hg.mozilla.org/releases/mozilla-esr68/rev/d2e0b9e17b9bc1ef02606c8006b73293f7892ad5",
            "TELEMETRY_PING_FORMAT_VERSION": 4,
            "XP_UNIX": true,
            "isPlatformAndVersionAtLeast": {},
            "isPlatformAndVersionAtMost": {},
            "platform": "android"
          },
          "asyncAppConstants": {
            "ACCESSIBILITY": true,
            "ANDROID_PACKAGE_NAME": "org.mozilla.firefox",
            "ASAN": false,
            "ASAN_REPORTER": false,
            "BROWSER_CHROME_URL": "chrome://browser/content/browser.xul",
            "DEBUG": false,
            "DEBUG_JS_MODULES": "",
            "DLL_PREFIX": "lib",
            "DLL_SUFFIX": ".so",
            "EARLY_BETA_OR_EARLIER": false,
            "FENNEC_NIGHTLY": false,
            "HAVE_SHELL_SERVICE": false,
            "HAVE_USR_LIB64_DIR": false,
            "MENUBAR_CAN_AUTOHIDE": false,
            "MOZILLA_OFFICIAL": true,
            "MOZ_ALLOW_LEGACY_EXTENSIONS": false,
            "MOZ_ANDROID_ACTIVITY_STREAM": false,
            "MOZ_ANDROID_HISTORY": true,
            "MOZ_ANDROID_MOZILLA_ONLINE": false,
            "MOZ_APP_NAME": "fennec",
            "MOZ_APP_VERSION": "68.1.1",
            "MOZ_APP_VERSION_DISPLAY": "68.1.1",
            "MOZ_BING_API_CLIENTID": "no-bing-api-clientid",
            "MOZ_BING_API_KEY": "no-bing-api-key",
            "MOZ_BITS_DOWNLOAD": false,
            "MOZ_BUILD_APP": "mobile/android",
            "MOZ_CODE_COVERAGE": false,
            "MOZ_CRASHREPORTER": true,
            "MOZ_DATA_REPORTING": true,
            "MOZ_DEV_EDITION": false,
            "MOZ_GECKO_PROFILER": true,
            "MOZ_GOOGLE_LOCATION_SERVICE_API_KEY": "AIzaSyB2h2OuRcUgy5N-5hsZqiPW6sH3n_rptiQ",
            "MOZ_GOOGLE_SAFEBROWSING_API_KEY": "AIzaSyC7jsptDS3am4tPx4r3nxis7IMjBc5Dovo",
            "MOZ_GRAPHENE": false,
            "MOZ_MACBUNDLE_NAME": "Firefox.app",
            "MOZ_MAINTENANCE_SERVICE": false,
            "MOZ_MOZILLA_API_KEY": "3b4d27dd-703d-4094-8398-4de2c763505a",
            "MOZ_NEW_CERT_STORAGE": false,
            "MOZ_NEW_NOTIFICATION_STORE": false,
            "MOZ_NEW_XULSTORE": false,
            "MOZ_OFFICIAL_BRANDING": false,
            "MOZ_PLACES": false,
            "MOZ_REQUIRE_SIGNING": false,
            "MOZ_SANDBOX": false,
            "MOZ_SERVICES_HEALTHREPORT": true,
            "MOZ_SERVICES_SYNC": false,
            "MOZ_SWITCHBOARD": true,
            "MOZ_SYSTEM_NSS": false,
            "MOZ_TELEMETRY_ON_BY_DEFAULT": false,
            "MOZ_TELEMETRY_REPORTING": true,
            "MOZ_UNSIGNED_SCOPES": 0,
            "MOZ_UPDATER": false,
            "MOZ_UPDATE_CHANNEL": "release",
            "MOZ_WEBRTC": true,
            "MOZ_WIDGET_GTK": false,
            "MOZ_WIDGET_TOOLKIT": "android",
            "NIGHTLY_BUILD": false,
            "OMNIJAR_NAME": "assets/omni.ja",
            "RELEASE_OR_BETA": true,
            "SOURCE_REVISION_URL": "https://hg.mozilla.org/releases/mozilla-esr68/rev/d2e0b9e17b9bc1ef02606c8006b73293f7892ad5",
            "TELEMETRY_PING_FORMAT_VERSION": 4,
            "XP_UNIX": true,
            "isPlatformAndVersionAtLeast": {},
            "isPlatformAndVersionAtMost": {},
            "platform": "android"
          },
          "userAgent": "Mozilla/5.0 (Android 9; Mobile; rv:68.0) Gecko/68.0 Firefox/68.0",
          "windowSize": "360x612"
        },
        "pageinfo": {
          "documentHeight": 5945,
          "documentSize": {
            "decodedBodySize": 610299,
            "encodedBodySize": 104510,
            "transferSize": 104934
          },
          "documentTitle": "Berita Terkini, Kabar Terbaru Hari Ini Indonesia dan Dunia - Liputan6.com",
          "documentWidth": 360,
          "domElements": 3000,
          "navigationStartTime": 1617132574208,
          "nextHopProtocol": "h2",
          "resources": {
            "count": 0,
            "duration": 0
          },
          "responsive": true,
          "url": "https://m.liputan6.com/",
          "visualElements": {
            "heroes": [
              {
                "filename": "2976732512560827783?",
                "height": 692,
                "name": "LargestImage",
                "width": 360,
                "x": 0,
                "y": 0
              },
              {
                "filename": null,
                "height": 43,
                "name": "Heading",
                "width": 260,
                "x": 53,
                "y": 360
              }
            ],
            "viewport": {
              "height": 612,
              "width": 360
            }
          }
        },
        "timings": {
          "firstPaint": 3207,
          "loadEventEnd": 14868,
          "navigationTiming": {
            "connectStart": 950,
            "domComplete": 14766,
            "domContentLoadedEventEnd": 3393,
            "domContentLoadedEventStart": 3343,
            "domInteractive": 2281,
            "domainLookupEnd": 949,
            "domainLookupStart": 949,
            "duration": 14868,
            "fetchStart": 902,
            "loadEventEnd": 14868,
            "loadEventStart": 14766,
            "redirectEnd": 895,
            "redirectStart": 2,
            "requestStart": 958,
            "responseEnd": 1321,
            "responseStart": 1321,
            "secureConnectionStart": 0,
            "startTime": 0,
            "unloadEventEnd": 0,
            "unloadEventStart": 0,
            "workerStart": 0
          },
          "pageTimings": {
            "backEndTime": 1321,
            "domContentLoadedTime": 3343,
            "domInteractiveTime": 2281,
            "domainLookupTime": 0,
            "frontEndTime": 13445,
            "pageDownloadTime": 0,
            "pageLoadTime": 14766,
            "redirectionTime": 893,
            "serverConnectionTime": 0,
            "serverResponseTime": 363
          },
          "rumSpeedIndex": 1321,
          "timeToContentfulPaint": 3415,
          "timeToDomContentFlushed": 3172,
          "userTimings": {
            "marks": [
              {
                "name": "gpt-tag-load",
                "startTime": 5012.78
              },
              {
                "name": "gpt-first-ad-request",
                "startTime": 6117.22
              },
              {
                "name": "gpt-first-ad-render",
                "startTime": 7524.74
              }
            ],
            "measures": []
          }
        }
      },
      {
        "browser": {
          "appConstants": {
            "ACCESSIBILITY": true,
            "ANDROID_PACKAGE_NAME": "org.mozilla.firefox",
            "ASAN": false,
            "ASAN_REPORTER": false,
            "BROWSER_CHROME_URL": "chrome://browser/content/browser.xul",
            "DEBUG": false,
            "DEBUG_JS_MODULES": "",
            "DLL_PREFIX": "lib",
            "DLL_SUFFIX": ".so",
            "EARLY_BETA_OR_EARLIER": false,
            "FENNEC_NIGHTLY": false,
            "HAVE_SHELL_SERVICE": false,
            "HAVE_USR_LIB64_DIR": false,
            "MENUBAR_CAN_AUTOHIDE": false,
            "MOZILLA_OFFICIAL": true,
            "MOZ_ALLOW_LEGACY_EXTENSIONS": false,
            "MOZ_ANDROID_ACTIVITY_STREAM": false,
            "MOZ_ANDROID_HISTORY": true,
            "MOZ_ANDROID_MOZILLA_ONLINE": false,
            "MOZ_APP_NAME": "fennec",
            "MOZ_APP_VERSION": "68.1.1",
            "MOZ_APP_VERSION_DISPLAY": "68.1.1",
            "MOZ_BING_API_CLIENTID": "no-bing-api-clientid",
            "MOZ_BING_API_KEY": "no-bing-api-key",
            "MOZ_BITS_DOWNLOAD": false,
            "MOZ_BUILD_APP": "mobile/android",
            "MOZ_CODE_COVERAGE": false,
            "MOZ_CRASHREPORTER": true,
            "MOZ_DATA_REPORTING": true,
            "MOZ_DEV_EDITION": false,
            "MOZ_GECKO_PROFILER": true,
            "MOZ_GOOGLE_LOCATION_SERVICE_API_KEY": "AIzaSyB2h2OuRcUgy5N-5hsZqiPW6sH3n_rptiQ",
            "MOZ_GOOGLE_SAFEBROWSING_API_KEY": "AIzaSyC7jsptDS3am4tPx4r3nxis7IMjBc5Dovo",
            "MOZ_GRAPHENE": false,
            "MOZ_MACBUNDLE_NAME": "Firefox.app",
            "MOZ_MAINTENANCE_SERVICE": false,
            "MOZ_MOZILLA_API_KEY": "3b4d27dd-703d-4094-8398-4de2c763505a",
            "MOZ_NEW_CERT_STORAGE": false,
            "MOZ_NEW_NOTIFICATION_STORE": false,
            "MOZ_NEW_XULSTORE": false,
            "MOZ_OFFICIAL_BRANDING": false,
            "MOZ_PLACES": false,
            "MOZ_REQUIRE_SIGNING": false,
            "MOZ_SANDBOX": false,
            "MOZ_SERVICES_HEALTHREPORT": true,
            "MOZ_SERVICES_SYNC": false,
            "MOZ_SWITCHBOARD": true,
            "MOZ_SYSTEM_NSS": false,
            "MOZ_TELEMETRY_ON_BY_DEFAULT": false,
            "MOZ_TELEMETRY_REPORTING": true,
            "MOZ_UNSIGNED_SCOPES": 0,
            "MOZ_UPDATER": false,
            "MOZ_UPDATE_CHANNEL": "release",
            "MOZ_WEBRTC": true,
            "MOZ_WIDGET_GTK": false,
            "MOZ_WIDGET_TOOLKIT": "android",
            "NIGHTLY_BUILD": false,
            "OMNIJAR_NAME": "assets/omni.ja",
            "RELEASE_OR_BETA": true,
            "SOURCE_REVISION_URL": "https://hg.mozilla.org/releases/mozilla-esr68/rev/d2e0b9e17b9bc1ef02606c8006b73293f7892ad5",
            "TELEMETRY_PING_FORMAT_VERSION": 4,
            "XP_UNIX": true,
            "isPlatformAndVersionAtLeast": {},
            "isPlatformAndVersionAtMost": {},
            "platform": "android"
          },
          "asyncAppConstants": {
            "ACCESSIBILITY": true,
            "ANDROID_PACKAGE_NAME": "org.mozilla.firefox",
            "ASAN": false,
            "ASAN_REPORTER": false,
            "BROWSER_CHROME_URL": "chrome://browser/content/browser.xul",
            "DEBUG": false,
            "DEBUG_JS_MODULES": "",
            "DLL_PREFIX": "lib",
            "DLL_SUFFIX": ".so",
            "EARLY_BETA_OR_EARLIER": false,
            "FENNEC_NIGHTLY": false,
            "HAVE_SHELL_SERVICE": false,
            "HAVE_USR_LIB64_DIR": false,
            "MENUBAR_CAN_AUTOHIDE": false,
            "MOZILLA_OFFICIAL": true,
            "MOZ_ALLOW_LEGACY_EXTENSIONS": false,
            "MOZ_ANDROID_ACTIVITY_STREAM": false,
            "MOZ_ANDROID_HISTORY": true,
            "MOZ_ANDROID_MOZILLA_ONLINE": false,
            "MOZ_APP_NAME": "fennec",
            "MOZ_APP_VERSION": "68.1.1",
            "MOZ_APP_VERSION_DISPLAY": "68.1.1",
            "MOZ_BING_API_CLIENTID": "no-bing-api-clientid",
            "MOZ_BING_API_KEY": "no-bing-api-key",
            "MOZ_BITS_DOWNLOAD": false,
            "MOZ_BUILD_APP": "mobile/android",
            "MOZ_CODE_COVERAGE": false,
            "MOZ_CRASHREPORTER": true,
            "MOZ_DATA_REPORTING": true,
            "MOZ_DEV_EDITION": false,
            "MOZ_GECKO_PROFILER": true,
            "MOZ_GOOGLE_LOCATION_SERVICE_API_KEY": "AIzaSyB2h2OuRcUgy5N-5hsZqiPW6sH3n_rptiQ",
            "MOZ_GOOGLE_SAFEBROWSING_API_KEY": "AIzaSyC7jsptDS3am4tPx4r3nxis7IMjBc5Dovo",
            "MOZ_GRAPHENE": false,
            "MOZ_MACBUNDLE_NAME": "Firefox.app",
            "MOZ_MAINTENANCE_SERVICE": false,
            "MOZ_MOZILLA_API_KEY": "3b4d27dd-703d-4094-8398-4de2c763505a",
            "MOZ_NEW_CERT_STORAGE": false,
            "MOZ_NEW_NOTIFICATION_STORE": false,
            "MOZ_NEW_XULSTORE": false,
            "MOZ_OFFICIAL_BRANDING": false,
            "MOZ_PLACES": false,
            "MOZ_REQUIRE_SIGNING": false,
            "MOZ_SANDBOX": false,
            "MOZ_SERVICES_HEALTHREPORT": true,
            "MOZ_SERVICES_SYNC": false,
            "MOZ_SWITCHBOARD": true,
            "MOZ_SYSTEM_NSS": false,
            "MOZ_TELEMETRY_ON_BY_DEFAULT": false,
            "MOZ_TELEMETRY_REPORTING": true,
            "MOZ_UNSIGNED_SCOPES": 0,
            "MOZ_UPDATER": false,
            "MOZ_UPDATE_CHANNEL": "release",
            "MOZ_WEBRTC": true,
            "MOZ_WIDGET_GTK": false,
            "MOZ_WIDGET_TOOLKIT": "android",
            "NIGHTLY_BUILD": false,
            "OMNIJAR_NAME": "assets/omni.ja",
            "RELEASE_OR_BETA": true,
            "SOURCE_REVISION_URL": "https://hg.mozilla.org/releases/mozilla-esr68/rev/d2e0b9e17b9bc1ef02606c8006b73293f7892ad5",
            "TELEMETRY_PING_FORMAT_VERSION": 4,
            "XP_UNIX": true,
            "isPlatformAndVersionAtLeast": {},
            "isPlatformAndVersionAtMost": {},
            "platform": "android"
          },
          "userAgent": "Mozilla/5.0 (Android 9; Mobile; rv:68.0) Gecko/68.0 Firefox/68.0",
          "windowSize": "360x612"
        },
        "pageinfo": {
          "documentHeight": 5876,
          "documentSize": {
            "decodedBodySize": 610299,
            "encodedBodySize": 104510,
            "transferSize": 104936
          },
          "documentTitle": "Berita Terkini, Kabar Terbaru Hari Ini Indonesia dan Dunia - Liputan6.com",
          "documentWidth": 360,
          "domElements": 3000,
          "navigationStartTime": 1617132606825,
          "nextHopProtocol": "h2",
          "resources": {
            "count": 0,
            "duration": 0
          },
          "responsive": true,
          "url": "https://m.liputan6.com/",
          "visualElements": {
            "heroes": [
              {
                "filename": "2976732512560827783?",
                "height": 692,
                "name": "LargestImage",
                "width": 360,
                "x": 0,
                "y": 0
              },
              {
                "filename": null,
                "height": 43,
                "name": "Heading",
                "width": 260,
                "x": 53,
                "y": 360
              }
            ],
            "viewport": {
              "height": 612,
              "width": 360
            }
          }
        },
        "timings": {
          "firstPaint": 3073,
          "loadEventEnd": 15055,
          "navigationTiming": {
            "connectStart": 751,
            "domComplete": 14934,
            "domContentLoadedEventEnd": 3248,
            "domContentLoadedEventStart": 3206,
            "domInteractive": 2142,
            "domainLookupEnd": 750,
            "domainLookupStart": 750,
            "duration": 15055,
            "fetchStart": 720,
            "loadEventEnd": 15055,
            "loadEventStart": 14935,
            "redirectEnd": 717,
            "redirectStart": 2,
            "requestStart": 760,
            "responseEnd": 1082,
            "responseStart": 1082,
            "secureConnectionStart": 0,
            "startTime": 0,
            "unloadEventEnd": 0,
            "unloadEventStart": 0,
            "workerStart": 0
          },
          "pageTimings": {
            "backEndTime": 1082,
            "domContentLoadedTime": 3206,
            "domInteractiveTime": 2142,
            "domainLookupTime": 0,
            "frontEndTime": 13853,
            "pageDownloadTime": 0,
            "pageLoadTime": 14935,
            "redirectionTime": 714,
            "serverConnectionTime": 0,
            "serverResponseTime": 322
          },
          "rumSpeedIndex": 1081,
          "timeToContentfulPaint": 3260,
          "timeToDomContentFlushed": 3040,
          "userTimings": {
            "marks": [
              {
                "name": "gpt-tag-load",
                "startTime": 4913.96
              },
              {
                "name": "gpt-first-ad-request",
                "startTime": 5974.34
              },
              {
                "name": "gpt-first-ad-render",
                "startTime": 7553.68
              }
            ],
            "measures": []
          }
        }
      },
      {
        "browser": {
          "appConstants": {
            "ACCESSIBILITY": true,
            "ANDROID_PACKAGE_NAME": "org.mozilla.firefox",
            "ASAN": false,
            "ASAN_REPORTER": false,
            "BROWSER_CHROME_URL": "chrome://browser/content/browser.xul",
            "DEBUG": false,
            "DEBUG_JS_MODULES": "",
            "DLL_PREFIX": "lib",
            "DLL_SUFFIX": ".so",
            "EARLY_BETA_OR_EARLIER": false,
            "FENNEC_NIGHTLY": false,
            "HAVE_SHELL_SERVICE": false,
            "HAVE_USR_LIB64_DIR": false,
            "MENUBAR_CAN_AUTOHIDE": false,
            "MOZILLA_OFFICIAL": true,
            "MOZ_ALLOW_LEGACY_EXTENSIONS": false,
            "MOZ_ANDROID_ACTIVITY_STREAM": false,
            "MOZ_ANDROID_HISTORY": true,
            "MOZ_ANDROID_MOZILLA_ONLINE": false,
            "MOZ_APP_NAME": "fennec",
            "MOZ_APP_VERSION": "68.1.1",
            "MOZ_APP_VERSION_DISPLAY": "68.1.1",
            "MOZ_BING_API_CLIENTID": "no-bing-api-clientid",
            "MOZ_BING_API_KEY": "no-bing-api-key",
            "MOZ_BITS_DOWNLOAD": false,
            "MOZ_BUILD_APP": "mobile/android",
            "MOZ_CODE_COVERAGE": false,
            "MOZ_CRASHREPORTER": true,
            "MOZ_DATA_REPORTING": true,
            "MOZ_DEV_EDITION": false,
            "MOZ_GECKO_PROFILER": true,
            "MOZ_GOOGLE_LOCATION_SERVICE_API_KEY": "AIzaSyB2h2OuRcUgy5N-5hsZqiPW6sH3n_rptiQ",
            "MOZ_GOOGLE_SAFEBROWSING_API_KEY": "AIzaSyC7jsptDS3am4tPx4r3nxis7IMjBc5Dovo",
            "MOZ_GRAPHENE": false,
            "MOZ_MACBUNDLE_NAME": "Firefox.app",
            "MOZ_MAINTENANCE_SERVICE": false,
            "MOZ_MOZILLA_API_KEY": "3b4d27dd-703d-4094-8398-4de2c763505a",
            "MOZ_NEW_CERT_STORAGE": false,
            "MOZ_NEW_NOTIFICATION_STORE": false,
            "MOZ_NEW_XULSTORE": false,
            "MOZ_OFFICIAL_BRANDING": false,
            "MOZ_PLACES": false,
            "MOZ_REQUIRE_SIGNING": false,
            "MOZ_SANDBOX": false,
            "MOZ_SERVICES_HEALTHREPORT": true,
            "MOZ_SERVICES_SYNC": false,
            "MOZ_SWITCHBOARD": true,
            "MOZ_SYSTEM_NSS": false,
            "MOZ_TELEMETRY_ON_BY_DEFAULT": false,
            "MOZ_TELEMETRY_REPORTING": true,
            "MOZ_UNSIGNED_SCOPES": 0,
            "MOZ_UPDATER": false,
            "MOZ_UPDATE_CHANNEL": "release",
            "MOZ_WEBRTC": true,
            "MOZ_WIDGET_GTK": false,
            "MOZ_WIDGET_TOOLKIT": "android",
            "NIGHTLY_BUILD": false,
            "OMNIJAR_NAME": "assets/omni.ja",
            "RELEASE_OR_BETA": true,
            "SOURCE_REVISION_URL": "https://hg.mozilla.org/releases/mozilla-esr68/rev/d2e0b9e17b9bc1ef02606c8006b73293f7892ad5",
            "TELEMETRY_PING_FORMAT_VERSION": 4,
            "XP_UNIX": true,
            "isPlatformAndVersionAtLeast": {},
            "isPlatformAndVersionAtMost": {},
            "platform": "android"
          },
          "asyncAppConstants": {
            "ACCESSIBILITY": true,
            "ANDROID_PACKAGE_NAME": "org.mozilla.firefox",
            "ASAN": false,
            "ASAN_REPORTER": false,
            "BROWSER_CHROME_URL": "chrome://browser/content/browser.xul",
            "DEBUG": false,
            "DEBUG_JS_MODULES": "",
            "DLL_PREFIX": "lib",
            "DLL_SUFFIX": ".so",
            "EARLY_BETA_OR_EARLIER": false,
            "FENNEC_NIGHTLY": false,
            "HAVE_SHELL_SERVICE": false,
            "HAVE_USR_LIB64_DIR": false,
            "MENUBAR_CAN_AUTOHIDE": false,
            "MOZILLA_OFFICIAL": true,
            "MOZ_ALLOW_LEGACY_EXTENSIONS": false,
            "MOZ_ANDROID_ACTIVITY_STREAM": false,
            "MOZ_ANDROID_HISTORY": true,
            "MOZ_ANDROID_MOZILLA_ONLINE": false,
            "MOZ_APP_NAME": "fennec",
            "MOZ_APP_VERSION": "68.1.1",
            "MOZ_APP_VERSION_DISPLAY": "68.1.1",
            "MOZ_BING_API_CLIENTID": "no-bing-api-clientid",
            "MOZ_BING_API_KEY": "no-bing-api-key",
            "MOZ_BITS_DOWNLOAD": false,
            "MOZ_BUILD_APP": "mobile/android",
            "MOZ_CODE_COVERAGE": false,
            "MOZ_CRASHREPORTER": true,
            "MOZ_DATA_REPORTING": true,
            "MOZ_DEV_EDITION": false,
            "MOZ_GECKO_PROFILER": true,
            "MOZ_GOOGLE_LOCATION_SERVICE_API_KEY": "AIzaSyB2h2OuRcUgy5N-5hsZqiPW6sH3n_rptiQ",
            "MOZ_GOOGLE_SAFEBROWSING_API_KEY": "AIzaSyC7jsptDS3am4tPx4r3nxis7IMjBc5Dovo",
            "MOZ_GRAPHENE": false,
            "MOZ_MACBUNDLE_NAME": "Firefox.app",
            "MOZ_MAINTENANCE_SERVICE": false,
            "MOZ_MOZILLA_API_KEY": "3b4d27dd-703d-4094-8398-4de2c763505a",
            "MOZ_NEW_CERT_STORAGE": false,
            "MOZ_NEW_NOTIFICATION_STORE": false,
            "MOZ_NEW_XULSTORE": false,
            "MOZ_OFFICIAL_BRANDING": false,
            "MOZ_PLACES": false,
            "MOZ_REQUIRE_SIGNING": false,
            "MOZ_SANDBOX": false,
            "MOZ_SERVICES_HEALTHREPORT": true,
            "MOZ_SERVICES_SYNC": false,
            "MOZ_SWITCHBOARD": true,
            "MOZ_SYSTEM_NSS": false,
            "MOZ_TELEMETRY_ON_BY_DEFAULT": false,
            "MOZ_TELEMETRY_REPORTING": true,
            "MOZ_UNSIGNED_SCOPES": 0,
            "MOZ_UPDATER": false,
            "MOZ_UPDATE_CHANNEL": "release",
            "MOZ_WEBRTC": true,
            "MOZ_WIDGET_GTK": false,
            "MOZ_WIDGET_TOOLKIT": "android",
            "NIGHTLY_BUILD": false,
            "OMNIJAR_NAME": "assets/omni.ja",
            "RELEASE_OR_BETA": true,
            "SOURCE_REVISION_URL": "https://hg.mozilla.org/releases/mozilla-esr68/rev/d2e0b9e17b9bc1ef02606c8006b73293f7892ad5",
            "TELEMETRY_PING_FORMAT_VERSION": 4,
            "XP_UNIX": true,
            "isPlatformAndVersionAtLeast": {},
            "isPlatformAndVersionAtMost": {},
            "platform": "android"
          },
          "userAgent": "Mozilla/5.0 (Android 9; Mobile; rv:68.0) Gecko/68.0 Firefox/68.0",
          "windowSize": "360x612"
        },
        "pageinfo": {
          "documentHeight": 6227,
          "documentSize": {
            "decodedBodySize": 610299,
            "encodedBodySize": 104510,
            "transferSize": 104936
          },
          "documentTitle": "Berita Terkini, Kabar Terbaru Hari Ini Indonesia dan Dunia - Liputan6.com",
          "documentWidth": 360,
          "domElements": 3002,
          "navigationStartTime": 1617132640664,
          "nextHopProtocol": "h2",
          "resources": {
            "count": 0,
            "duration": 0
          },
          "responsive": true,
          "url": "https://m.liputan6.com/",
          "visualElements": {
            "heroes": [
              {
                "filename": "2976732512560827783?",
                "height": 692,
                "name": "LargestImage",
                "width": 360,
                "x": 0,
                "y": 0
              },
              {
                "filename": null,
                "height": 43,
                "name": "Heading",
                "width": 260,
                "x": 53,
                "y": 360
              }
            ],
            "viewport": {
              "height": 612,
              "width": 360
            }
          }
        },
        "timings": {
          "firstPaint": 3119,
          "loadEventEnd": 17017,
          "navigationTiming": {
            "connectStart": 823,
            "domComplete": 16915,
            "domContentLoadedEventEnd": 3320,
            "domContentLoadedEventStart": 3269,
            "domInteractive": 2025,
            "domainLookupEnd": 822,
            "domainLookupStart": 822,
            "duration": 17017,
            "fetchStart": 793,
            "loadEventEnd": 17017,
            "loadEventStart": 16915,
            "redirectEnd": 787,
            "redirectStart": 2,
            "requestStart": 833,
            "responseEnd": 1051,
            "responseStart": 1051,
            "secureConnectionStart": 0,
            "startTime": 0,
            "unloadEventEnd": 0,
            "unloadEventStart": 0,
            "workerStart": 0
          },
          "pageTimings": {
            "backEndTime": 1051,
            "domContentLoadedTime": 3269,
            "domInteractiveTime": 2025,
            "domainLookupTime": 0,
            "frontEndTime": 15864,
            "pageDownloadTime": 0,
            "pageLoadTime": 16915,
            "redirectionTime": 785,
            "serverConnectionTime": 0,
            "serverResponseTime": 218
          },
          "rumSpeedIndex": 1050,
          "timeToContentfulPaint": 3323,
          "timeToDomContentFlushed": 2934,
          "userTimings": {
            "marks": [
              {
                "name": "gpt-tag-load",
                "startTime": 4908.76
              },
              {
                "name": "gpt-first-ad-request",
                "startTime": 5870.34
              },
              {
                "name": "gpt-first-ad-render",
                "startTime": 7142.28
              }
            ],
            "measures": []
          }
        }
      }
    ],
    "visualMetrics": [],
    "cpu": [],
    "extras": [
      {},
      {},
      {}
    ],
    "fullyLoaded": [],
    "errors": [
      [],
      [],
      []
    ],
    "statistics": {
      "browser": {
        "appConstants": {
          "MOZ_UNSIGNED_SCOPES": {
            "median": 0,
            "mean": 0,
            "mdev": 0,
            "stddev": 0,
            "min": 0,
            "p10": 0,
            "p90": 0,
            "p99": 0,
            "max": 0
          },
          "TELEMETRY_PING_FORMAT_VERSION": {
            "median": 4,
            "mean": 4,
            "mdev": 0,
            "stddev": 0,
            "min": 4,
            "p10": 4,
            "p90": 4,
            "p99": 4,
            "max": 4
          }
        },
        "asyncAppConstants": {
          "MOZ_UNSIGNED_SCOPES": {
            "median": 0,
            "mean": 0,
            "mdev": 0,
            "stddev": 0,
            "min": 0,
            "p10": 0,
            "p90": 0,
            "p99": 0,
            "max": 0
          },
          "TELEMETRY_PING_FORMAT_VERSION": {
            "median": 4,
            "mean": 4,
            "mdev": 0,
            "stddev": 0,
            "min": 4,
            "p10": 4,
            "p90": 4,
            "p99": 4,
            "max": 4
          }
        }
      },
      "pageinfo": {
        "documentHeight": {
          "median": 5945,
          "mean": 6016,
          "mdev": 87.6622,
          "stddev": 152,
          "min": 5876,
          "p10": 5876,
          "p90": 6227,
          "p99": 6227,
          "max": 6227
        },
        "documentSize": {
          "decodedBodySize": {
            "median": 610299,
            "mean": 610299,
            "mdev": 0,
            "stddev": 0,
            "min": 610299,
            "p10": 610299,
            "p90": 610299,
            "p99": 610299,
            "max": 610299
          },
          "encodedBodySize": {
            "median": 104510,
            "mean": 104510,
            "mdev": 0,
            "stddev": 0,
            "min": 104510,
            "p10": 104510,
            "p90": 104510,
            "p99": 104510,
            "max": 104510
          },
          "transferSize": {
            "median": 104936,
            "mean": 104935,
            "mdev": 0.5443,
            "stddev": 1,
            "min": 104934,
            "p10": 104934,
            "p90": 104936,
            "p99": 104936,
            "max": 104936
          }
        },
        "documentWidth": {
          "median": 360,
          "mean": 360,
          "mdev": 0,
          "stddev": 0,
          "min": 360,
          "p10": 360,
          "p90": 360,
          "p99": 360,
          "max": 360
        },
        "domElements": {
          "median": 3000,
          "mean": 3001,
          "mdev": 0.5443,
          "stddev": 1,
          "min": 3000,
          "p10": 3000,
          "p90": 3002,
          "p99": 3002,
          "max": 3002
        },
        "navigationStartTime": {
          "median": 1617132606825,
          "mean": 1617132607232,
          "mdev": 12612.4091,
          "stddev": 21845,
          "min": 1617132574208,
          "p10": 1617132574208,
          "p90": 1617132640664,
          "p99": 1617132640664,
          "max": 1617132640664
        },
        "resources": {
          "count": {
            "median": 0,
            "mean": 0,
            "mdev": 0,
            "stddev": 0,
            "min": 0,
            "p10": 0,
            "p90": 0,
            "p99": 0,
            "max": 0
          },
          "duration": {
            "median": 0,
            "mean": 0,
            "mdev": 0,
            "stddev": 0,
            "min": 0,
            "p10": 0,
            "p90": 0,
            "p99": 0,
            "max": 0
          }
        },
        "visualElements": {
          "heroes": [
            {
              "height": {
                "median": 692,
                "mean": 692,
                "mdev": 0,
                "stddev": 0,
                "min": 692,
                "p10": 692,
                "p90": 692,
                "p99": 692,
                "max": 692
              },
              "width": {
                "median": 360,
                "mean": 360,
                "mdev": 0,
                "stddev": 0,
                "min": 360,
                "p10": 360,
                "p90": 360,
                "p99": 360,
                "max": 360
              },
              "x": {
                "median": 0,
                "mean": 0,
                "mdev": 0,
                "stddev": 0,
                "min": 0,
                "p10": 0,
                "p90": 0,
                "p99": 0,
                "max": 0
              },
              "y": {
                "median": 0,
                "mean": 0,
                "mdev": 0,
                "stddev": 0,
                "min": 0,
                "p10": 0,
                "p90": 0,
                "p99": 0,
                "max": 0
              }
            },
            {
              "height": {
                "median": 43,
                "mean": 43,
                "mdev": 0,
                "stddev": 0,
                "min": 43,
                "p10": 43,
                "p90": 43,
                "p99": 43,
                "max": 43
              },
              "width": {
                "median": 260,
                "mean": 260,
                "mdev": 0,
                "stddev": 0,
                "min": 260,
                "p10": 260,
                "p90": 260,
                "p99": 260,
                "max": 260
              },
              "x": {
                "median": 53,
                "mean": 53,
                "mdev": 0,
                "stddev": 0,
                "min": 53,
                "p10": 53,
                "p90": 53,
                "p99": 53,
                "max": 53
              },
              "y": {
                "median": 360,
                "mean": 360,
                "mdev": 0,
                "stddev": 0,
                "min": 360,
                "p10": 360,
                "p90": 360,
                "p99": 360,
                "max": 360
              }
            }
          ],
          "viewport": {
            "height": {
              "median": 612,
              "mean": 612,
              "mdev": 0,
              "stddev": 0,
              "min": 612,
              "p10": 612,
              "p90": 612,
              "p99": 612,
              "max": 612
            },
            "width": {
              "median": 360,
              "mean": 360,
              "mdev": 0,
              "stddev": 0,
              "min": 360,
              "p10": 360,
              "p90": 360,
              "p99": 360,
              "max": 360
            }
          }
        }
      },
      "timings": {
        "firstPaint": {
          "median": 3119,
          "mean": 3133,
          "mdev": 32.0971,
          "stddev": 56,
          "min": 3073,
          "p10": 3073,
          "p90": 3207,
          "p99": 3207,
          "max": 3207
        },
        "loadEventEnd": {
          "median": 15055,
          "mean": 15647,
          "mdev": 561.1699,
          "stddev": 972,
          "min": 14868,
          "p10": 14868,
          "p90": 17017,
          "p99": 17017,
          "max": 17017
        },
        "navigationTiming": {
          "connectStart": {
            "median": 823,
            "mean": 841,
            "mdev": 47.4981,
            "stddev": 82,
            "min": 751,
            "p10": 751,
            "p90": 950,
            "p99": 950,
            "max": 950
          },
          "domComplete": {
            "median": 14934,
            "mean": 15538,
            "mdev": 563.415,
            "stddev": 976,
            "min": 14766,
            "p10": 14766,
            "p90": 16915,
            "p99": 16915,
            "max": 16915
          },
          "domContentLoadedEventEnd": {
            "median": 3320,
            "mean": 3320,
            "mdev": 34.1771,
            "stddev": 59,
            "min": 3248,
            "p10": 3248,
            "p90": 3393,
            "p99": 3393,
            "max": 3393
          },
          "domContentLoadedEventStart": {
            "median": 3269,
            "mean": 3273,
            "mdev": 32.3259,
            "stddev": 56,
            "min": 3206,
            "p10": 3206,
            "p90": 3343,
            "p99": 3343,
            "max": 3343
          },
          "domInteractive": {
            "median": 2142,
            "mean": 2149,
            "mdev": 60.414,
            "stddev": 105,
            "min": 2025,
            "p10": 2025,
            "p90": 2281,
            "p99": 2281,
            "max": 2281
          },
          "domainLookupEnd": {
            "median": 822,
            "mean": 840,
            "mdev": 47.4981,
            "stddev": 82,
            "min": 750,
            "p10": 750,
            "p90": 949,
            "p99": 949,
            "max": 949
          },
          "domainLookupStart": {
            "median": 822,
            "mean": 840,
            "mdev": 47.4981,
            "stddev": 82,
            "min": 750,
            "p10": 750,
            "p90": 949,
            "p99": 949,
            "max": 949
          },
          "duration": {
            "median": 15055,
            "mean": 15647,
            "mdev": 561.1699,
            "stddev": 972,
            "min": 14868,
            "p10": 14868,
            "p90": 17017,
            "p99": 17017,
            "max": 17017
          },
          "fetchStart": {
            "median": 793,
            "mean": 805,
            "mdev": 43.1766,
            "stddev": 75,
            "min": 720,
            "p10": 720,
            "p90": 902,
            "p99": 902,
            "max": 902
          },
          "loadEventEnd": {
            "median": 15055,
            "mean": 15647,
            "mdev": 561.1699,
            "stddev": 972,
            "min": 14868,
            "p10": 14868,
            "p90": 17017,
            "p99": 17017,
            "max": 17017
          },
          "loadEventStart": {
            "median": 14935,
            "mean": 15539,
            "mdev": 563.2959,
            "stddev": 976,
            "min": 14766,
            "p10": 14766,
            "p90": 16915,
            "p99": 16915,
            "max": 16915
          },
          "redirectEnd": {
            "median": 787,
            "mean": 800,
            "mdev": 42.2725,
            "stddev": 73,
            "min": 717,
            "p10": 717,
            "p90": 895,
            "p99": 895,
            "max": 895
          },
          "redirectStart": {
            "median": 2,
            "mean": 2,
            "mdev": 0,
            "stddev": 0,
            "min": 2,
            "p10": 2,
            "p90": 2,
            "p99": 2,
            "max": 2
          },
          "requestStart": {
            "median": 833,
            "mean": 850,
            "mdev": 47.2025,
            "stddev": 82,
            "min": 760,
            "p10": 760,
            "p90": 958,
            "p99": 958,
            "max": 958
          },
          "responseEnd": {
            "median": 1082,
            "mean": 1151,
            "mdev": 69.6504,
            "stddev": 121,
            "min": 1051,
            "p10": 1051,
            "p90": 1321,
            "p99": 1321,
            "max": 1321
          },
          "responseStart": {
            "median": 1082,
            "mean": 1151,
            "mdev": 69.6504,
            "stddev": 121,
            "min": 1051,
            "p10": 1051,
            "p90": 1321,
            "p99": 1321,
            "max": 1321
          },
          "secureConnectionStart": {
            "median": 0,
            "mean": 0,
            "mdev": 0,
            "stddev": 0,
            "min": 0,
            "p10": 0,
            "p90": 0,
            "p99": 0,
            "max": 0
          },
          "startTime": {
            "median": 0,
            "mean": 0,
            "mdev": 0,
            "stddev": 0,
            "min": 0,
            "p10": 0,
            "p90": 0,
            "p99": 0,
            "max": 0
          },
          "unloadEventEnd": {
            "median": 0,
            "mean": 0,
            "mdev": 0,
            "stddev": 0,
            "min": 0,
            "p10": 0,
            "p90": 0,
            "p99": 0,
            "max": 0
          },
          "unloadEventStart": {
            "median": 0,
            "mean": 0,
            "mdev": 0,
            "stddev": 0,
            "min": 0,
            "p10": 0,
            "p90": 0,
            "p99": 0,
            "max": 0
          },
          "workerStart": {
            "median": 0,
            "mean": 0,
            "mdev": 0,
            "stddev": 0,
            "min": 0,
            "p10": 0,
            "p90": 0,
            "p99": 0,
            "max": 0
          }
        },
        "pageTimings": {
          "backEndTime": {
            "median": 1082,
            "mean": 1151,
            "mdev": 69.6504,
            "stddev": 121,
            "min": 1051,
            "p10": 1051,
            "p90": 1321,
            "p99": 1321,
            "max": 1321
          },
          "domContentLoadedTime": {
            "median": 3269,
            "mean": 3273,
            "mdev": 32.3259,
            "stddev": 56,
            "min": 3206,
            "p10": 3206,
            "p90": 3343,
            "p99": 3343,
            "max": 3343
          },
          "domInteractiveTime": {
            "median": 2142,
            "mean": 2149,
            "mdev": 60.414,
            "stddev": 105,
            "min": 2025,
            "p10": 2025,
            "p90": 2281,
            "p99": 2281,
            "max": 2281
          },
          "domainLookupTime": {
            "median": 0,
            "mean": 0,
            "mdev": 0,
            "stddev": 0,
            "min": 0,
            "p10": 0,
            "p90": 0,
            "p99": 0,
            "max": 0
          },
          "frontEndTime": {
            "median": 13853,
            "mean": 14387,
            "mdev": 610.4687,
            "stddev": 1057,
            "min": 13445,
            "p10": 13445,
            "p90": 15864,
            "p99": 15864,
            "max": 15864
          },
          "pageDownloadTime": {
            "median": 0,
            "mean": 0,
            "mdev": 0,
            "stddev": 0,
            "min": 0,
            "p10": 0,
            "p90": 0,
            "p99": 0,
            "max": 0
          },
          "pageLoadTime": {
            "median": 14935,
            "mean": 15539,
            "mdev": 563.2959,
            "stddev": 976,
            "min": 14766,
            "p10": 14766,
            "p90": 16915,
            "p99": 16915,
            "max": 16915
          },
          "redirectionTime": {
            "median": 785,
            "mean": 797,
            "mdev": 42.4901,
            "stddev": 74,
            "min": 714,
            "p10": 714,
            "p90": 893,
            "p99": 893,
            "max": 893
          },
          "serverConnectionTime": {
            "median": 0,
            "mean": 0,
            "mdev": 0,
            "stddev": 0,
            "min": 0,
            "p10": 0,
            "p90": 0,
            "p99": 0,
            "max": 0
          },
          "serverResponseTime": {
            "median": 322,
            "mean": 301,
            "mdev": 35.2357,
            "stddev": 61,
            "min": 218,
            "p10": 218,
            "p90": 363,
            "p99": 363,
            "max": 363
          }
        },
        "rumSpeedIndex": {
          "median": 1081,
          "mean": 1151,
          "mdev": 69.9211,
          "stddev": 121,
          "min": 1050,
          "p10": 1050,
          "p90": 1321,
          "p99": 1321,
          "max": 1321
        },
        "timeToContentfulPaint": {
          "median": 3323,
          "mean": 3333,
          "mdev": 36.7464,
          "stddev": 64,
          "min": 3260,
          "p10": 3260,
          "p90": 3415,
          "p99": 3415,
          "max": 3415
        },
        "timeToDomContentFlushed": {
          "median": 3040,
          "mean": 3049,
          "mdev": 56.2086,
          "stddev": 97,
          "min": 2934,
          "p10": 2934,
          "p90": 3172,
          "p99": 3172,
          "max": 3172
        },
        "userTimings": {
          "marks": {
            "gpt-tag-load": {
              "median": 4914,
              "mean": 4945,
              "mdev": 27.6302,
              "stddev": 48,
              "min": 4909,
              "p10": 4909,
              "p90": 5013,
              "p99": 5013,
              "max": 5013
            },
            "gpt-first-ad-request": {
              "median": 5974,
              "mean": 5987,
              "mdev": 58.4302,
              "stddev": 101,
              "min": 5870,
              "p10": 5870,
              "p90": 6117,
              "p99": 6117,
              "max": 6117
            },
            "gpt-first-ad-render": {
              "median": 7525,
              "mean": 7407,
              "mdev": 108.2458,
              "stddev": 187,
              "min": 7142,
              "p10": 7142,
              "p90": 7554,
              "p99": 7554,
              "max": 7554
            }
          }
        }
      }
    }
  }
]