[
  {
    "info": {
      "browsertime": {
        "version": "8.4.0"
      },
      "url": "https://yahoo.co.jp/",
      "timestamp": "2021-03-30T02:54:15+04:00",
      "connectivity": {
        "engine": "external",
        "profile": "native"
      },
      "extra": {}
    },
    "files": {
      "video": [],
      "screenshot": [],
      "timeline": [],
      "consoleLog": [],
      "netLog": [],
      "perfLog": []
    },
    "cdp": {
      "performance": []
    },
    "timestamps": [
      "2021-03-30T02:53:50+04:00",
      "2021-03-30T02:54:28+04:00",
      "2021-03-30T02:55:04+04:00"
    ],
    "browserScripts": [
      {
        "browser": {
          "appConstants": {
            "ACCESSIBILITY": true,
            "ANDROID_PACKAGE_NAME": "org.mozilla.firefox",
            "ASAN": false,
            "ASAN_REPORTER": false,
            "BROWSER_CHROME_URL": "chrome://browser/content/browser.xul",
            "DEBUG": false,
            "DEBUG_JS_MODULES": "",
            "DLL_PREFIX": "lib",
            "DLL_SUFFIX": ".so",
            "EARLY_BETA_OR_EARLIER": false,
            "FENNEC_NIGHTLY": false,
            "HAVE_SHELL_SERVICE": false,
            "HAVE_USR_LIB64_DIR": false,
            "MENUBAR_CAN_AUTOHIDE": false,
            "MOZILLA_OFFICIAL": true,
            "MOZ_ALLOW_LEGACY_EXTENSIONS": false,
            "MOZ_ANDROID_ACTIVITY_STREAM": false,
            "MOZ_ANDROID_HISTORY": true,
            "MOZ_ANDROID_MOZILLA_ONLINE": false,
            "MOZ_APP_NAME": "fennec",
            "MOZ_APP_VERSION": "68.1.1",
            "MOZ_APP_VERSION_DISPLAY": "68.1.1",
            "MOZ_BING_API_CLIENTID": "no-bing-api-clientid",
            "MOZ_BING_API_KEY": "no-bing-api-key",
            "MOZ_BITS_DOWNLOAD": false,
            "MOZ_BUILD_APP": "mobile/android",
            "MOZ_CODE_COVERAGE": false,
            "MOZ_CRASHREPORTER": true,
            "MOZ_DATA_REPORTING": true,
            "MOZ_DEV_EDITION": false,
            "MOZ_GECKO_PROFILER": true,
            "MOZ_GOOGLE_LOCATION_SERVICE_API_KEY": "AIzaSyB2h2OuRcUgy5N-5hsZqiPW6sH3n_rptiQ",
            "MOZ_GOOGLE_SAFEBROWSING_API_KEY": "AIzaSyC7jsptDS3am4tPx4r3nxis7IMjBc5Dovo",
            "MOZ_GRAPHENE": false,
            "MOZ_MACBUNDLE_NAME": "Firefox.app",
            "MOZ_MAINTENANCE_SERVICE": false,
            "MOZ_MOZILLA_API_KEY": "3b4d27dd-703d-4094-8398-4de2c763505a",
            "MOZ_NEW_CERT_STORAGE": false,
            "MOZ_NEW_NOTIFICATION_STORE": false,
            "MOZ_NEW_XULSTORE": false,
            "MOZ_OFFICIAL_BRANDING": false,
            "MOZ_PLACES": false,
            "MOZ_REQUIRE_SIGNING": false,
            "MOZ_SANDBOX": false,
            "MOZ_SERVICES_HEALTHREPORT": true,
            "MOZ_SERVICES_SYNC": false,
            "MOZ_SWITCHBOARD": true,
            "MOZ_SYSTEM_NSS": false,
            "MOZ_TELEMETRY_ON_BY_DEFAULT": false,
            "MOZ_TELEMETRY_REPORTING": true,
            "MOZ_UNSIGNED_SCOPES": 0,
            "MOZ_UPDATER": false,
            "MOZ_UPDATE_CHANNEL": "release",
            "MOZ_WEBRTC": true,
            "MOZ_WIDGET_GTK": false,
            "MOZ_WIDGET_TOOLKIT": "android",
            "NIGHTLY_BUILD": false,
            "OMNIJAR_NAME": "assets/omni.ja",
            "RELEASE_OR_BETA": true,
            "SOURCE_REVISION_URL": "https://hg.mozilla.org/releases/mozilla-esr68/rev/d2e0b9e17b9bc1ef02606c8006b73293f7892ad5",
            "TELEMETRY_PING_FORMAT_VERSION": 4,
            "XP_UNIX": true,
            "isPlatformAndVersionAtLeast": {},
            "isPlatformAndVersionAtMost": {},
            "platform": "android"
          },
          "asyncAppConstants": {
            "ACCESSIBILITY": true,
            "ANDROID_PACKAGE_NAME": "org.mozilla.firefox",
            "ASAN": false,
            "ASAN_REPORTER": false,
            "BROWSER_CHROME_URL": "chrome://browser/content/browser.xul",
            "DEBUG": false,
            "DEBUG_JS_MODULES": "",
            "DLL_PREFIX": "lib",
            "DLL_SUFFIX": ".so",
            "EARLY_BETA_OR_EARLIER": false,
            "FENNEC_NIGHTLY": false,
            "HAVE_SHELL_SERVICE": false,
            "HAVE_USR_LIB64_DIR": false,
            "MENUBAR_CAN_AUTOHIDE": false,
            "MOZILLA_OFFICIAL": true,
            "MOZ_ALLOW_LEGACY_EXTENSIONS": false,
            "MOZ_ANDROID_ACTIVITY_STREAM": false,
            "MOZ_ANDROID_HISTORY": true,
            "MOZ_ANDROID_MOZILLA_ONLINE": false,
            "MOZ_APP_NAME": "fennec",
            "MOZ_APP_VERSION": "68.1.1",
            "MOZ_APP_VERSION_DISPLAY": "68.1.1",
            "MOZ_BING_API_CLIENTID": "no-bing-api-clientid",
            "MOZ_BING_API_KEY": "no-bing-api-key",
            "MOZ_BITS_DOWNLOAD": false,
            "MOZ_BUILD_APP": "mobile/android",
            "MOZ_CODE_COVERAGE": false,
            "MOZ_CRASHREPORTER": true,
            "MOZ_DATA_REPORTING": true,
            "MOZ_DEV_EDITION": false,
            "MOZ_GECKO_PROFILER": true,
            "MOZ_GOOGLE_LOCATION_SERVICE_API_KEY": "AIzaSyB2h2OuRcUgy5N-5hsZqiPW6sH3n_rptiQ",
            "MOZ_GOOGLE_SAFEBROWSING_API_KEY": "AIzaSyC7jsptDS3am4tPx4r3nxis7IMjBc5Dovo",
            "MOZ_GRAPHENE": false,
            "MOZ_MACBUNDLE_NAME": "Firefox.app",
            "MOZ_MAINTENANCE_SERVICE": false,
            "MOZ_MOZILLA_API_KEY": "3b4d27dd-703d-4094-8398-4de2c763505a",
            "MOZ_NEW_CERT_STORAGE": false,
            "MOZ_NEW_NOTIFICATION_STORE": false,
            "MOZ_NEW_XULSTORE": false,
            "MOZ_OFFICIAL_BRANDING": false,
            "MOZ_PLACES": false,
            "MOZ_REQUIRE_SIGNING": false,
            "MOZ_SANDBOX": false,
            "MOZ_SERVICES_HEALTHREPORT": true,
            "MOZ_SERVICES_SYNC": false,
            "MOZ_SWITCHBOARD": true,
            "MOZ_SYSTEM_NSS": false,
            "MOZ_TELEMETRY_ON_BY_DEFAULT": false,
            "MOZ_TELEMETRY_REPORTING": true,
            "MOZ_UNSIGNED_SCOPES": 0,
            "MOZ_UPDATER": false,
            "MOZ_UPDATE_CHANNEL": "release",
            "MOZ_WEBRTC": true,
            "MOZ_WIDGET_GTK": false,
            "MOZ_WIDGET_TOOLKIT": "android",
            "NIGHTLY_BUILD": false,
            "OMNIJAR_NAME": "assets/omni.ja",
            "RELEASE_OR_BETA": true,
            "SOURCE_REVISION_URL": "https://hg.mozilla.org/releases/mozilla-esr68/rev/d2e0b9e17b9bc1ef02606c8006b73293f7892ad5",
            "TELEMETRY_PING_FORMAT_VERSION": 4,
            "XP_UNIX": true,
            "isPlatformAndVersionAtLeast": {},
            "isPlatformAndVersionAtMost": {},
            "platform": "android"
          },
          "userAgent": "Mozilla/5.0 (Android 8.1.0; Mobile; rv:68.0) Gecko/68.0 Firefox/68.0",
          "windowSize": "360x560"
        },
        "pageinfo": {
          "documentHeight": 4660,
          "documentSize": {
            "decodedBodySize": 125272,
            "encodedBodySize": 29665,
            "transferSize": 30270
          },
          "documentTitle": "Yahoo! JAPAN",
          "documentWidth": 360,
          "domElements": 1175,
          "navigationStartTime": 1617058430501,
          "nextHopProtocol": "h2",
          "resources": {
            "count": 0,
            "duration": 0
          },
          "responsive": true,
          "url": "https://m.yahoo.co.jp/",
          "visualElements": {
            "heroes": [
              {
                "filename": "b?P=uQSlLjIwMy6N.whxYGJagAQwOTEuMgAAAADBdO05&T=193cgrac8%2fX%3d1617058432%2fE%3d2080377422%2fR%3djp_s_t_web%2fK%3d5%2fV%3d10.1%2fW%3dC%2fY%3djp%2fF%3d4220378018%2fH%3dc2VjdXJlPXRydWUgZHM9Ijg4MjMzXzIzNzQxMyIgYWRjdmVyPTYuOC4xIGRldmljZS1tb2RlbD0iQW5kcm9pZCIgZGV2aWNlLW9zLXZlcnNpb249IkFuZHJvaWQgMi4yIiBub3RodG1sLXBvcz1BVFc-%2fQ%3d-1%2fI%3d1%2fS%3d1%2fJ%3dC9D34464&U=1272r89q6%2fN%3dsnQKAGRCtww-%2fC%3d-1%2fD%3dATW%2fB%3d-1&O=196548529",
                "height": 1,
                "name": "LargestImage",
                "width": 1,
                "x": 0,
                "y": 180
              },
              {
                "filename": null,
                "height": 22,
                "name": "Heading",
                "width": 284,
                "x": 68,
                "y": 345
              }
            ],
            "viewport": {
              "height": 560,
              "width": 360
            }
          }
        },
        "timings": {
          "firstPaint": 6472,
          "loadEventEnd": 17363,
          "navigationTiming": {
            "connectStart": 2078,
            "domComplete": 17341,
            "domContentLoadedEventEnd": 8046,
            "domContentLoadedEventStart": 7958,
            "domInteractive": 7927,
            "domainLookupEnd": 2078,
            "domainLookupStart": 2078,
            "duration": 17363,
            "fetchStart": 2056,
            "loadEventEnd": 17363,
            "loadEventStart": 17341,
            "redirectEnd": 2053,
            "redirectStart": 3,
            "requestStart": 2087,
            "responseEnd": 2427,
            "responseStart": 2427,
            "secureConnectionStart": 0,
            "startTime": 0,
            "unloadEventEnd": 0,
            "unloadEventStart": 0,
            "workerStart": 0
          },
          "pageTimings": {
            "backEndTime": 2427,
            "domContentLoadedTime": 7958,
            "domInteractiveTime": 7927,
            "domainLookupTime": 0,
            "frontEndTime": 14914,
            "pageDownloadTime": 0,
            "pageLoadTime": 17341,
            "redirectionTime": 2050,
            "serverConnectionTime": 0,
            "serverResponseTime": 340
          },
          "rumSpeedIndex": 2426,
          "timeToContentfulPaint": 6539,
          "timeToDomContentFlushed": 7946,
          "userTimings": {
            "marks": [],
            "measures": [
              {
                "duration": 8910.78,
                "name": "Next.js-before-hydration",
                "startTime": 0
              },
              {
                "duration": 401.3999999999997,
                "name": "Next.js-hydration",
                "startTime": 8910.78
              }
            ]
          }
        }
      },
      {
        "browser": {
          "appConstants": {
            "ACCESSIBILITY": true,
            "ANDROID_PACKAGE_NAME": "org.mozilla.firefox",
            "ASAN": false,
            "ASAN_REPORTER": false,
            "BROWSER_CHROME_URL": "chrome://browser/content/browser.xul",
            "DEBUG": false,
            "DEBUG_JS_MODULES": "",
            "DLL_PREFIX": "lib",
            "DLL_SUFFIX": ".so",
            "EARLY_BETA_OR_EARLIER": false,
            "FENNEC_NIGHTLY": false,
            "HAVE_SHELL_SERVICE": false,
            "HAVE_USR_LIB64_DIR": false,
            "MENUBAR_CAN_AUTOHIDE": false,
            "MOZILLA_OFFICIAL": true,
            "MOZ_ALLOW_LEGACY_EXTENSIONS": false,
            "MOZ_ANDROID_ACTIVITY_STREAM": false,
            "MOZ_ANDROID_HISTORY": true,
            "MOZ_ANDROID_MOZILLA_ONLINE": false,
            "MOZ_APP_NAME": "fennec",
            "MOZ_APP_VERSION": "68.1.1",
            "MOZ_APP_VERSION_DISPLAY": "68.1.1",
            "MOZ_BING_API_CLIENTID": "no-bing-api-clientid",
            "MOZ_BING_API_KEY": "no-bing-api-key",
            "MOZ_BITS_DOWNLOAD": false,
            "MOZ_BUILD_APP": "mobile/android",
            "MOZ_CODE_COVERAGE": false,
            "MOZ_CRASHREPORTER": true,
            "MOZ_DATA_REPORTING": true,
            "MOZ_DEV_EDITION": false,
            "MOZ_GECKO_PROFILER": true,
            "MOZ_GOOGLE_LOCATION_SERVICE_API_KEY": "AIzaSyB2h2OuRcUgy5N-5hsZqiPW6sH3n_rptiQ",
            "MOZ_GOOGLE_SAFEBROWSING_API_KEY": "AIzaSyC7jsptDS3am4tPx4r3nxis7IMjBc5Dovo",
            "MOZ_GRAPHENE": false,
            "MOZ_MACBUNDLE_NAME": "Firefox.app",
            "MOZ_MAINTENANCE_SERVICE": false,
            "MOZ_MOZILLA_API_KEY": "3b4d27dd-703d-4094-8398-4de2c763505a",
            "MOZ_NEW_CERT_STORAGE": false,
            "MOZ_NEW_NOTIFICATION_STORE": false,
            "MOZ_NEW_XULSTORE": false,
            "MOZ_OFFICIAL_BRANDING": false,
            "MOZ_PLACES": false,
            "MOZ_REQUIRE_SIGNING": false,
            "MOZ_SANDBOX": false,
            "MOZ_SERVICES_HEALTHREPORT": true,
            "MOZ_SERVICES_SYNC": false,
            "MOZ_SWITCHBOARD": true,
            "MOZ_SYSTEM_NSS": false,
            "MOZ_TELEMETRY_ON_BY_DEFAULT": false,
            "MOZ_TELEMETRY_REPORTING": true,
            "MOZ_UNSIGNED_SCOPES": 0,
            "MOZ_UPDATER": false,
            "MOZ_UPDATE_CHANNEL": "release",
            "MOZ_WEBRTC": true,
            "MOZ_WIDGET_GTK": false,
            "MOZ_WIDGET_TOOLKIT": "android",
            "NIGHTLY_BUILD": false,
            "OMNIJAR_NAME": "assets/omni.ja",
            "RELEASE_OR_BETA": true,
            "SOURCE_REVISION_URL": "https://hg.mozilla.org/releases/mozilla-esr68/rev/d2e0b9e17b9bc1ef02606c8006b73293f7892ad5",
            "TELEMETRY_PING_FORMAT_VERSION": 4,
            "XP_UNIX": true,
            "isPlatformAndVersionAtLeast": {},
            "isPlatformAndVersionAtMost": {},
            "platform": "android"
          },
          "asyncAppConstants": {
            "ACCESSIBILITY": true,
            "ANDROID_PACKAGE_NAME": "org.mozilla.firefox",
            "ASAN": false,
            "ASAN_REPORTER": false,
            "BROWSER_CHROME_URL": "chrome://browser/content/browser.xul",
            "DEBUG": false,
            "DEBUG_JS_MODULES": "",
            "DLL_PREFIX": "lib",
            "DLL_SUFFIX": ".so",
            "EARLY_BETA_OR_EARLIER": false,
            "FENNEC_NIGHTLY": false,
            "HAVE_SHELL_SERVICE": false,
            "HAVE_USR_LIB64_DIR": false,
            "MENUBAR_CAN_AUTOHIDE": false,
            "MOZILLA_OFFICIAL": true,
            "MOZ_ALLOW_LEGACY_EXTENSIONS": false,
            "MOZ_ANDROID_ACTIVITY_STREAM": false,
            "MOZ_ANDROID_HISTORY": true,
            "MOZ_ANDROID_MOZILLA_ONLINE": false,
            "MOZ_APP_NAME": "fennec",
            "MOZ_APP_VERSION": "68.1.1",
            "MOZ_APP_VERSION_DISPLAY": "68.1.1",
            "MOZ_BING_API_CLIENTID": "no-bing-api-clientid",
            "MOZ_BING_API_KEY": "no-bing-api-key",
            "MOZ_BITS_DOWNLOAD": false,
            "MOZ_BUILD_APP": "mobile/android",
            "MOZ_CODE_COVERAGE": false,
            "MOZ_CRASHREPORTER": true,
            "MOZ_DATA_REPORTING": true,
            "MOZ_DEV_EDITION": false,
            "MOZ_GECKO_PROFILER": true,
            "MOZ_GOOGLE_LOCATION_SERVICE_API_KEY": "AIzaSyB2h2OuRcUgy5N-5hsZqiPW6sH3n_rptiQ",
            "MOZ_GOOGLE_SAFEBROWSING_API_KEY": "AIzaSyC7jsptDS3am4tPx4r3nxis7IMjBc5Dovo",
            "MOZ_GRAPHENE": false,
            "MOZ_MACBUNDLE_NAME": "Firefox.app",
            "MOZ_MAINTENANCE_SERVICE": false,
            "MOZ_MOZILLA_API_KEY": "3b4d27dd-703d-4094-8398-4de2c763505a",
            "MOZ_NEW_CERT_STORAGE": false,
            "MOZ_NEW_NOTIFICATION_STORE": false,
            "MOZ_NEW_XULSTORE": false,
            "MOZ_OFFICIAL_BRANDING": false,
            "MOZ_PLACES": false,
            "MOZ_REQUIRE_SIGNING": false,
            "MOZ_SANDBOX": false,
            "MOZ_SERVICES_HEALTHREPORT": true,
            "MOZ_SERVICES_SYNC": false,
            "MOZ_SWITCHBOARD": true,
            "MOZ_SYSTEM_NSS": false,
            "MOZ_TELEMETRY_ON_BY_DEFAULT": false,
            "MOZ_TELEMETRY_REPORTING": true,
            "MOZ_UNSIGNED_SCOPES": 0,
            "MOZ_UPDATER": false,
            "MOZ_UPDATE_CHANNEL": "release",
            "MOZ_WEBRTC": true,
            "MOZ_WIDGET_GTK": false,
            "MOZ_WIDGET_TOOLKIT": "android",
            "NIGHTLY_BUILD": false,
            "OMNIJAR_NAME": "assets/omni.ja",
            "RELEASE_OR_BETA": true,
            "SOURCE_REVISION_URL": "https://hg.mozilla.org/releases/mozilla-esr68/rev/d2e0b9e17b9bc1ef02606c8006b73293f7892ad5",
            "TELEMETRY_PING_FORMAT_VERSION": 4,
            "XP_UNIX": true,
            "isPlatformAndVersionAtLeast": {},
            "isPlatformAndVersionAtMost": {},
            "platform": "android"
          },
          "userAgent": "Mozilla/5.0 (Android 8.1.0; Mobile; rv:68.0) Gecko/68.0 Firefox/68.0",
          "windowSize": "360x560"
        },
        "pageinfo": {
          "documentHeight": 4660,
          "documentSize": {
            "decodedBodySize": 124191,
            "encodedBodySize": 29095,
            "transferSize": 29700
          },
          "documentTitle": "Yahoo! JAPAN",
          "documentWidth": 360,
          "domElements": 1173,
          "navigationStartTime": 1617058468602,
          "nextHopProtocol": "h2",
          "resources": {
            "count": 0,
            "duration": 0
          },
          "responsive": true,
          "url": "https://m.yahoo.co.jp/",
          "visualElements": {
            "heroes": [
              {
                "filename": "b?P=K_kW9TIwMy5aW7QcYGJapgAAOTEuMmBiWqkABEI4&T=143d7tk04%2fX%3d1617058473%2fE%3d2080377422%2fR%3djp_s_toppg%2fK%3d5%2fV%3d8.1%2fW%3d0R%2fY%3djp%2fF%3d507832093%2fQ%3d-1%2fS%3d1%2fJ%3d5be629cb&U=125375uao%2fN%3dMTkzMzIwMy4-%2fC%3d-2%2fD%3dZ%2fB%3d-2&Q=1",
                "height": 1,
                "name": "LargestImage",
                "width": 1,
                "x": 0,
                "y": 560
              },
              {
                "filename": null,
                "height": 22,
                "name": "Heading",
                "width": 284,
                "x": 68,
                "y": 345
              }
            ],
            "viewport": {
              "height": 560,
              "width": 360
            }
          }
        },
        "timings": {
          "firstPaint": 6593,
          "loadEventEnd": 16662,
          "navigationTiming": {
            "connectStart": 2204,
            "domComplete": 16643,
            "domContentLoadedEventEnd": 8155,
            "domContentLoadedEventStart": 8060,
            "domInteractive": 8025,
            "domainLookupEnd": 2203,
            "domainLookupStart": 2203,
            "duration": 16662,
            "fetchStart": 2181,
            "loadEventEnd": 16662,
            "loadEventStart": 16643,
            "redirectEnd": 2177,
            "redirectStart": 3,
            "requestStart": 2787,
            "responseEnd": 3303,
            "responseStart": 3303,
            "secureConnectionStart": 2464,
            "startTime": 0,
            "unloadEventEnd": 0,
            "unloadEventStart": 0,
            "workerStart": 0
          },
          "pageTimings": {
            "backEndTime": 3303,
            "domContentLoadedTime": 8060,
            "domInteractiveTime": 8025,
            "domainLookupTime": 0,
            "frontEndTime": 13340,
            "pageDownloadTime": 0,
            "pageLoadTime": 16643,
            "redirectionTime": 2174,
            "serverConnectionTime": 583,
            "serverResponseTime": 516
          },
          "rumSpeedIndex": 3303,
          "timeToContentfulPaint": 6654,
          "timeToDomContentFlushed": 8044,
          "userTimings": {
            "marks": [],
            "measures": [
              {
                "duration": 9008.58,
                "name": "Next.js-before-hydration",
                "startTime": 0
              },
              {
                "duration": 417.1000000000003,
                "name": "Next.js-hydration",
                "startTime": 9008.58
              }
            ]
          }
        }
      },
      {
        "browser": {
          "appConstants": {
            "ACCESSIBILITY": true,
            "ANDROID_PACKAGE_NAME": "org.mozilla.firefox",
            "ASAN": false,
            "ASAN_REPORTER": false,
            "BROWSER_CHROME_URL": "chrome://browser/content/browser.xul",
            "DEBUG": false,
            "DEBUG_JS_MODULES": "",
            "DLL_PREFIX": "lib",
            "DLL_SUFFIX": ".so",
            "EARLY_BETA_OR_EARLIER": false,
            "FENNEC_NIGHTLY": false,
            "HAVE_SHELL_SERVICE": false,
            "HAVE_USR_LIB64_DIR": false,
            "MENUBAR_CAN_AUTOHIDE": false,
            "MOZILLA_OFFICIAL": true,
            "MOZ_ALLOW_LEGACY_EXTENSIONS": false,
            "MOZ_ANDROID_ACTIVITY_STREAM": false,
            "MOZ_ANDROID_HISTORY": true,
            "MOZ_ANDROID_MOZILLA_ONLINE": false,
            "MOZ_APP_NAME": "fennec",
            "MOZ_APP_VERSION": "68.1.1",
            "MOZ_APP_VERSION_DISPLAY": "68.1.1",
            "MOZ_BING_API_CLIENTID": "no-bing-api-clientid",
            "MOZ_BING_API_KEY": "no-bing-api-key",
            "MOZ_BITS_DOWNLOAD": false,
            "MOZ_BUILD_APP": "mobile/android",
            "MOZ_CODE_COVERAGE": false,
            "MOZ_CRASHREPORTER": true,
            "MOZ_DATA_REPORTING": true,
            "MOZ_DEV_EDITION": false,
            "MOZ_GECKO_PROFILER": true,
            "MOZ_GOOGLE_LOCATION_SERVICE_API_KEY": "AIzaSyB2h2OuRcUgy5N-5hsZqiPW6sH3n_rptiQ",
            "MOZ_GOOGLE_SAFEBROWSING_API_KEY": "AIzaSyC7jsptDS3am4tPx4r3nxis7IMjBc5Dovo",
            "MOZ_GRAPHENE": false,
            "MOZ_MACBUNDLE_NAME": "Firefox.app",
            "MOZ_MAINTENANCE_SERVICE": false,
            "MOZ_MOZILLA_API_KEY": "3b4d27dd-703d-4094-8398-4de2c763505a",
            "MOZ_NEW_CERT_STORAGE": false,
            "MOZ_NEW_NOTIFICATION_STORE": false,
            "MOZ_NEW_XULSTORE": false,
            "MOZ_OFFICIAL_BRANDING": false,
            "MOZ_PLACES": false,
            "MOZ_REQUIRE_SIGNING": false,
            "MOZ_SANDBOX": false,
            "MOZ_SERVICES_HEALTHREPORT": true,
            "MOZ_SERVICES_SYNC": false,
            "MOZ_SWITCHBOARD": true,
            "MOZ_SYSTEM_NSS": false,
            "MOZ_TELEMETRY_ON_BY_DEFAULT": false,
            "MOZ_TELEMETRY_REPORTING": true,
            "MOZ_UNSIGNED_SCOPES": 0,
            "MOZ_UPDATER": false,
            "MOZ_UPDATE_CHANNEL": "release",
            "MOZ_WEBRTC": true,
            "MOZ_WIDGET_GTK": false,
            "MOZ_WIDGET_TOOLKIT": "android",
            "NIGHTLY_BUILD": false,
            "OMNIJAR_NAME": "assets/omni.ja",
            "RELEASE_OR_BETA": true,
            "SOURCE_REVISION_URL": "https://hg.mozilla.org/releases/mozilla-esr68/rev/d2e0b9e17b9bc1ef02606c8006b73293f7892ad5",
            "TELEMETRY_PING_FORMAT_VERSION": 4,
            "XP_UNIX": true,
            "isPlatformAndVersionAtLeast": {},
            "isPlatformAndVersionAtMost": {},
            "platform": "android"
          },
          "asyncAppConstants": {
            "ACCESSIBILITY": true,
            "ANDROID_PACKAGE_NAME": "org.mozilla.firefox",
            "ASAN": false,
            "ASAN_REPORTER": false,
            "BROWSER_CHROME_URL": "chrome://browser/content/browser.xul",
            "DEBUG": false,
            "DEBUG_JS_MODULES": "",
            "DLL_PREFIX": "lib",
            "DLL_SUFFIX": ".so",
            "EARLY_BETA_OR_EARLIER": false,
            "FENNEC_NIGHTLY": false,
            "HAVE_SHELL_SERVICE": false,
            "HAVE_USR_LIB64_DIR": false,
            "MENUBAR_CAN_AUTOHIDE": false,
            "MOZILLA_OFFICIAL": true,
            "MOZ_ALLOW_LEGACY_EXTENSIONS": false,
            "MOZ_ANDROID_ACTIVITY_STREAM": false,
            "MOZ_ANDROID_HISTORY": true,
            "MOZ_ANDROID_MOZILLA_ONLINE": false,
            "MOZ_APP_NAME": "fennec",
            "MOZ_APP_VERSION": "68.1.1",
            "MOZ_APP_VERSION_DISPLAY": "68.1.1",
            "MOZ_BING_API_CLIENTID": "no-bing-api-clientid",
            "MOZ_BING_API_KEY": "no-bing-api-key",
            "MOZ_BITS_DOWNLOAD": false,
            "MOZ_BUILD_APP": "mobile/android",
            "MOZ_CODE_COVERAGE": false,
            "MOZ_CRASHREPORTER": true,
            "MOZ_DATA_REPORTING": true,
            "MOZ_DEV_EDITION": false,
            "MOZ_GECKO_PROFILER": true,
            "MOZ_GOOGLE_LOCATION_SERVICE_API_KEY": "AIzaSyB2h2OuRcUgy5N-5hsZqiPW6sH3n_rptiQ",
            "MOZ_GOOGLE_SAFEBROWSING_API_KEY": "AIzaSyC7jsptDS3am4tPx4r3nxis7IMjBc5Dovo",
            "MOZ_GRAPHENE": false,
            "MOZ_MACBUNDLE_NAME": "Firefox.app",
            "MOZ_MAINTENANCE_SERVICE": false,
            "MOZ_MOZILLA_API_KEY": "3b4d27dd-703d-4094-8398-4de2c763505a",
            "MOZ_NEW_CERT_STORAGE": false,
            "MOZ_NEW_NOTIFICATION_STORE": false,
            "MOZ_NEW_XULSTORE": false,
            "MOZ_OFFICIAL_BRANDING": false,
            "MOZ_PLACES": false,
            "MOZ_REQUIRE_SIGNING": false,
            "MOZ_SANDBOX": false,
            "MOZ_SERVICES_HEALTHREPORT": true,
            "MOZ_SERVICES_SYNC": false,
            "MOZ_SWITCHBOARD": true,
            "MOZ_SYSTEM_NSS": false,
            "MOZ_TELEMETRY_ON_BY_DEFAULT": false,
            "MOZ_TELEMETRY_REPORTING": true,
            "MOZ_UNSIGNED_SCOPES": 0,
            "MOZ_UPDATER": false,
            "MOZ_UPDATE_CHANNEL": "release",
            "MOZ_WEBRTC": true,
            "MOZ_WIDGET_GTK": false,
            "MOZ_WIDGET_TOOLKIT": "android",
            "NIGHTLY_BUILD": false,
            "OMNIJAR_NAME": "assets/omni.ja",
            "RELEASE_OR_BETA": true,
            "SOURCE_REVISION_URL": "https://hg.mozilla.org/releases/mozilla-esr68/rev/d2e0b9e17b9bc1ef02606c8006b73293f7892ad5",
            "TELEMETRY_PING_FORMAT_VERSION": 4,
            "XP_UNIX": true,
            "isPlatformAndVersionAtLeast": {},
            "isPlatformAndVersionAtMost": {},
            "platform": "android"
          },
          "userAgent": "Mozilla/5.0 (Android 8.1.0; Mobile; rv:68.0) Gecko/68.0 Firefox/68.0",
          "windowSize": "360x560"
        },
        "pageinfo": {
          "documentHeight": 4660,
          "documentSize": {
            "decodedBodySize": 125272,
            "encodedBodySize": 29663,
            "transferSize": 30268
          },
          "documentTitle": "Yahoo! JAPAN",
          "documentWidth": 360,
          "domElements": 1175,
          "navigationStartTime": 1617058505232,
          "nextHopProtocol": "h2",
          "resources": {
            "count": 0,
            "duration": 0
          },
          "responsive": true,
          "url": "https://m.yahoo.co.jp/",
          "visualElements": {
            "heroes": [
              {
                "filename": "b?P=AOkTAzIwMy4ZPlWfYGJaygGmOTEuMgAAAADF5bhe&T=193hi69g1%2fX%3d1617058507%2fE%3d2080377422%2fR%3djp_s_t_web%2fK%3d5%2fV%3d10.1%2fW%3dC%2fY%3djp%2fF%3d1975115789%2fH%3dc2VjdXJlPXRydWUgZHM9Ijg4MjMzXzIzNzQxMyIgYWRjdmVyPTYuOC4xIGRldmljZS1tb2RlbD0iQW5kcm9pZCIgZGV2aWNlLW9zLXZlcnNpb249IkFuZHJvaWQgMi4yIiBub3RodG1sLXBvcz1BVFc-%2fQ%3d-1%2fI%3d1%2fS%3d1%2fJ%3dCCD34464&U=127qb7ncn%2fN%3daaAKAGRGLdw-%2fC%3d-1%2fD%3dATW%2fB%3d-1&O=1935305849",
                "height": 1,
                "name": "LargestImage",
                "width": 1,
                "x": 0,
                "y": 180
              },
              {
                "filename": null,
                "height": 22,
                "name": "Heading",
                "width": 284,
                "x": 68,
                "y": 345
              }
            ],
            "viewport": {
              "height": 560,
              "width": 360
            }
          }
        },
        "timings": {
          "firstPaint": 5954,
          "loadEventEnd": 14947,
          "navigationTiming": {
            "connectStart": 1846,
            "domComplete": 14930,
            "domContentLoadedEventEnd": 7338,
            "domContentLoadedEventStart": 7243,
            "domInteractive": 7214,
            "domainLookupEnd": 1846,
            "domainLookupStart": 1845,
            "duration": 14947,
            "fetchStart": 1825,
            "loadEventEnd": 14947,
            "loadEventStart": 14931,
            "redirectEnd": 1821,
            "redirectStart": 3,
            "requestStart": 1855,
            "responseEnd": 2192,
            "responseStart": 2192,
            "secureConnectionStart": 0,
            "startTime": 0,
            "unloadEventEnd": 0,
            "unloadEventStart": 0,
            "workerStart": 0
          },
          "pageTimings": {
            "backEndTime": 2192,
            "domContentLoadedTime": 7243,
            "domInteractiveTime": 7214,
            "domainLookupTime": 0,
            "frontEndTime": 12738,
            "pageDownloadTime": 0,
            "pageLoadTime": 14931,
            "redirectionTime": 1818,
            "serverConnectionTime": 0,
            "serverResponseTime": 338
          },
          "rumSpeedIndex": 2192,
          "timeToContentfulPaint": 6014,
          "timeToDomContentFlushed": 7230,
          "timeToFirstInteractive": 17499,
          "userTimings": {
            "marks": [],
            "measures": [
              {
                "duration": 8142.06,
                "name": "Next.js-before-hydration",
                "startTime": 0
              },
              {
                "duration": 401.72000000000025,
                "name": "Next.js-hydration",
                "startTime": 8142.06
              }
            ]
          }
        }
      }
    ],
    "visualMetrics": [],
    "cpu": [],
    "extras": [
      {},
      {},
      {}
    ],
    "fullyLoaded": [],
    "errors": [
      [],
      [],
      []
    ],
    "statistics": {
      "browser": {
        "appConstants": {
          "MOZ_UNSIGNED_SCOPES": {
            "median": 0,
            "mean": 0,
            "mdev": 0,
            "stddev": 0,
            "min": 0,
            "p10": 0,
            "p90": 0,
            "p99": 0,
            "max": 0
          },
          "TELEMETRY_PING_FORMAT_VERSION": {
            "median": 4,
            "mean": 4,
            "mdev": 0,
            "stddev": 0,
            "min": 4,
            "p10": 4,
            "p90": 4,
            "p99": 4,
            "max": 4
          }
        },
        "asyncAppConstants": {
          "MOZ_UNSIGNED_SCOPES": {
            "median": 0,
            "mean": 0,
            "mdev": 0,
            "stddev": 0,
            "min": 0,
            "p10": 0,
            "p90": 0,
            "p99": 0,
            "max": 0
          },
          "TELEMETRY_PING_FORMAT_VERSION": {
            "median": 4,
            "mean": 4,
            "mdev": 0,
            "stddev": 0,
            "min": 4,
            "p10": 4,
            "p90": 4,
            "p99": 4,
            "max": 4
          }
        }
      },
      "pageinfo": {
        "documentHeight": {
          "median": 4660,
          "mean": 4660,
          "mdev": 0,
          "stddev": 0,
          "min": 4660,
          "p10": 4660,
          "p90": 4660,
          "p99": 4660,
          "max": 4660
        },
        "documentSize": {
          "decodedBodySize": {
            "median": 125272,
            "mean": 124912,
            "mdev": 294.2109,
            "stddev": 510,
            "min": 124191,
            "p10": 124191,
            "p90": 125272,
            "p99": 125272,
            "max": 125272
          },
          "encodedBodySize": {
            "median": 29663,
            "mean": 29474,
            "mdev": 154.8629,
            "stddev": 268,
            "min": 29095,
            "p10": 29095,
            "p90": 29665,
            "p99": 29665,
            "max": 29665
          },
          "transferSize": {
            "median": 30268,
            "mean": 30079,
            "mdev": 154.8629,
            "stddev": 268,
            "min": 29700,
            "p10": 29700,
            "p90": 30270,
            "p99": 30270,
            "max": 30270
          }
        },
        "documentWidth": {
          "median": 360,
          "mean": 360,
          "mdev": 0,
          "stddev": 0,
          "min": 360,
          "p10": 360,
          "p90": 360,
          "p99": 360,
          "max": 360
        },
        "domElements": {
          "median": 1175,
          "mean": 1174,
          "mdev": 0.5443,
          "stddev": 1,
          "min": 1173,
          "p10": 1173,
          "p90": 1175,
          "p99": 1175,
          "max": 1175
        },
        "navigationStartTime": {
          "median": 1617058468602,
          "mean": 1617058468112,
          "mdev": 17836.64,
          "stddev": 30894,
          "min": 1617058430501,
          "p10": 1617058430501,
          "p90": 1617058505232,
          "p99": 1617058505232,
          "max": 1617058505232
        },
        "resources": {
          "count": {
            "median": 0,
            "mean": 0,
            "mdev": 0,
            "stddev": 0,
            "min": 0,
            "p10": 0,
            "p90": 0,
            "p99": 0,
            "max": 0
          },
          "duration": {
            "median": 0,
            "mean": 0,
            "mdev": 0,
            "stddev": 0,
            "min": 0,
            "p10": 0,
            "p90": 0,
            "p99": 0,
            "max": 0
          }
        },
        "visualElements": {
          "heroes": [
            {
              "height": {
                "median": 1,
                "mean": 1,
                "mdev": 0,
                "stddev": 0,
                "min": 1,
                "p10": 1,
                "p90": 1,
                "p99": 1,
                "max": 1
              },
              "width": {
                "median": 1,
                "mean": 1,
                "mdev": 0,
                "stddev": 0,
                "min": 1,
                "p10": 1,
                "p90": 1,
                "p99": 1,
                "max": 1
              },
              "x": {
                "median": 0,
                "mean": 0,
                "mdev": 0,
                "stddev": 0,
                "min": 0,
                "p10": 0,
                "p90": 0,
                "p99": 0,
                "max": 0
              },
              "y": {
                "median": 180,
                "mean": 307,
                "mdev": 103.4229,
                "stddev": 179,
                "min": 180,
                "p10": 180,
                "p90": 560,
                "p99": 560,
                "max": 560
              }
            },
            {
              "height": {
                "median": 22,
                "mean": 22,
                "mdev": 0,
                "stddev": 0,
                "min": 22,
                "p10": 22,
                "p90": 22,
                "p99": 22,
                "max": 22
              },
              "width": {
                "median": 284,
                "mean": 284,
                "mdev": 0,
                "stddev": 0,
                "min": 284,
                "p10": 284,
                "p90": 284,
                "p99": 284,
                "max": 284
              },
              "x": {
                "median": 68,
                "mean": 68,
                "mdev": 0,
                "stddev": 0,
                "min": 68,
                "p10": 68,
                "p90": 68,
                "p99": 68,
                "max": 68
              },
              "y": {
                "median": 345,
                "mean": 345,
                "mdev": 0,
                "stddev": 0,
                "min": 345,
                "p10": 345,
                "p90": 345,
                "p99": 345,
                "max": 345
              }
            }
          ],
          "viewport": {
            "height": {
              "median": 560,
              "mean": 560,
              "mdev": 0,
              "stddev": 0,
              "min": 560,
              "p10": 560,
              "p90": 560,
              "p99": 560,
              "max": 560
            },
            "width": {
              "median": 360,
              "mean": 360,
              "mdev": 0,
              "stddev": 0,
              "min": 360,
              "p10": 360,
              "p90": 360,
              "p99": 360,
              "max": 360
            }
          }
        }
      },
      "timings": {
        "firstPaint": {
          "median": 6472,
          "mean": 6340,
          "mdev": 160.01,
          "stddev": 277,
          "min": 5954,
          "p10": 5954,
          "p90": 6593,
          "p99": 6593,
          "max": 6593
        },
        "loadEventEnd": {
          "median": 16662,
          "mean": 16324,
          "mdev": 585.9365,
          "stddev": 1015,
          "min": 14947,
          "p10": 14947,
          "p90": 17363,
          "p99": 17363,
          "max": 17363
        },
        "navigationTiming": {
          "connectStart": {
            "median": 2078,
            "mean": 2043,
            "mdev": 85.6055,
            "stddev": 148,
            "min": 1846,
            "p10": 1846,
            "p90": 2204,
            "p99": 2204,
            "max": 2204
          },
          "domComplete": {
            "median": 16643,
            "mean": 16305,
            "mdev": 584.8233,
            "stddev": 1013,
            "min": 14930,
            "p10": 14930,
            "p90": 17341,
            "p99": 17341,
            "max": 17341
          },
          "domContentLoadedEventEnd": {
            "median": 8046,
            "mean": 7846,
            "mdev": 209.1105,
            "stddev": 362,
            "min": 7338,
            "p10": 7338,
            "p90": 8155,
            "p99": 8155,
            "max": 8155
          },
          "domContentLoadedEventStart": {
            "median": 7958,
            "mean": 7754,
            "mdev": 209.8604,
            "stddev": 363,
            "min": 7243,
            "p10": 7243,
            "p90": 8060,
            "p99": 8060,
            "max": 8060
          },
          "domInteractive": {
            "median": 7927,
            "mean": 7722,
            "mdev": 208.6725,
            "stddev": 361,
            "min": 7214,
            "p10": 7214,
            "p90": 8025,
            "p99": 8025,
            "max": 8025
          },
          "domainLookupEnd": {
            "median": 2078,
            "mean": 2042,
            "mdev": 85.3962,
            "stddev": 148,
            "min": 1846,
            "p10": 1846,
            "p90": 2203,
            "p99": 2203,
            "max": 2203
          },
          "domainLookupStart": {
            "median": 2078,
            "mean": 2042,
            "mdev": 85.6517,
            "stddev": 148,
            "min": 1845,
            "p10": 1845,
            "p90": 2203,
            "p99": 2203,
            "max": 2203
          },
          "duration": {
            "median": 16662,
            "mean": 16324,
            "mdev": 585.9365,
            "stddev": 1015,
            "min": 14947,
            "p10": 14947,
            "p90": 17363,
            "p99": 17363,
            "max": 17363
          },
          "fetchStart": {
            "median": 2056,
            "mean": 2021,
            "mdev": 85.1408,
            "stddev": 147,
            "min": 1825,
            "p10": 1825,
            "p90": 2181,
            "p99": 2181,
            "max": 2181
          },
          "loadEventEnd": {
            "median": 16662,
            "mean": 16324,
            "mdev": 585.9365,
            "stddev": 1015,
            "min": 14947,
            "p10": 14947,
            "p90": 17363,
            "p99": 17363,
            "max": 17363
          },
          "loadEventStart": {
            "median": 16643,
            "mean": 16305,
            "mdev": 584.5621,
            "stddev": 1012,
            "min": 14931,
            "p10": 14931,
            "p90": 17341,
            "p99": 17341,
            "max": 17341
          },
          "redirectEnd": {
            "median": 2053,
            "mean": 2017,
            "mdev": 85.1874,
            "stddev": 148,
            "min": 1821,
            "p10": 1821,
            "p90": 2177,
            "p99": 2177,
            "max": 2177
          },
          "redirectStart": {
            "median": 3,
            "mean": 3,
            "mdev": 0,
            "stddev": 0,
            "min": 3,
            "p10": 3,
            "p90": 3,
            "p99": 3,
            "max": 3
          },
          "requestStart": {
            "median": 2087,
            "mean": 2243,
            "mdev": 228.7201,
            "stddev": 396,
            "min": 1855,
            "p10": 1855,
            "p90": 2787,
            "p99": 2787,
            "max": 2787
          },
          "responseEnd": {
            "median": 2427,
            "mean": 2641,
            "mdev": 276.0114,
            "stddev": 478,
            "min": 2192,
            "p10": 2192,
            "p90": 3303,
            "p99": 3303,
            "max": 3303
          },
          "responseStart": {
            "median": 2427,
            "mean": 2641,
            "mdev": 276.0114,
            "stddev": 478,
            "min": 2192,
            "p10": 2192,
            "p90": 3303,
            "p99": 3303,
            "max": 3303
          },
          "secureConnectionStart": {
            "median": 0,
            "mean": 821,
            "mdev": 670.6159,
            "stddev": 1162,
            "min": 0,
            "p10": 0,
            "p90": 2464,
            "p99": 2464,
            "max": 2464
          },
          "startTime": {
            "median": 0,
            "mean": 0,
            "mdev": 0,
            "stddev": 0,
            "min": 0,
            "p10": 0,
            "p90": 0,
            "p99": 0,
            "max": 0
          },
          "unloadEventEnd": {
            "median": 0,
            "mean": 0,
            "mdev": 0,
            "stddev": 0,
            "min": 0,
            "p10": 0,
            "p90": 0,
            "p99": 0,
            "max": 0
          },
          "unloadEventStart": {
            "median": 0,
            "mean": 0,
            "mdev": 0,
            "stddev": 0,
            "min": 0,
            "p10": 0,
            "p90": 0,
            "p99": 0,
            "max": 0
          },
          "workerStart": {
            "median": 0,
            "mean": 0,
            "mdev": 0,
            "stddev": 0,
            "min": 0,
            "p10": 0,
            "p90": 0,
            "p99": 0,
            "max": 0
          }
        },
        "pageTimings": {
          "backEndTime": {
            "median": 2427,
            "mean": 2641,
            "mdev": 276.0114,
            "stddev": 478,
            "min": 2192,
            "p10": 2192,
            "p90": 3303,
            "p99": 3303,
            "max": 3303
          },
          "domContentLoadedTime": {
            "median": 7958,
            "mean": 7754,
            "mdev": 209.8604,
            "stddev": 363,
            "min": 7243,
            "p10": 7243,
            "p90": 8060,
            "p99": 8060,
            "max": 8060
          },
          "domInteractiveTime": {
            "median": 7927,
            "mean": 7722,
            "mdev": 208.6725,
            "stddev": 361,
            "min": 7214,
            "p10": 7214,
            "p90": 8025,
            "p99": 8025,
            "max": 8025
          },
          "domainLookupTime": {
            "median": 0,
            "mean": 0,
            "mdev": 0,
            "stddev": 0,
            "min": 0,
            "p10": 0,
            "p90": 0,
            "p99": 0,
            "max": 0
          },
          "frontEndTime": {
            "median": 13340,
            "mean": 13664,
            "mdev": 529.6699,
            "stddev": 917,
            "min": 12738,
            "p10": 12738,
            "p90": 14914,
            "p99": 14914,
            "max": 14914
          },
          "pageDownloadTime": {
            "median": 0,
            "mean": 0,
            "mdev": 0,
            "stddev": 0,
            "min": 0,
            "p10": 0,
            "p90": 0,
            "p99": 0,
            "max": 0
          },
          "pageLoadTime": {
            "median": 16643,
            "mean": 16305,
            "mdev": 584.5621,
            "stddev": 1012,
            "min": 14931,
            "p10": 14931,
            "p90": 17341,
            "p99": 17341,
            "max": 17341
          },
          "redirectionTime": {
            "median": 2050,
            "mean": 2014,
            "mdev": 85.1874,
            "stddev": 148,
            "min": 1818,
            "p10": 1818,
            "p90": 2174,
            "p99": 2174,
            "max": 2174
          },
          "serverConnectionTime": {
            "median": 0,
            "mean": 194,
            "mdev": 158.6725,
            "stddev": 275,
            "min": 0,
            "p10": 0,
            "p90": 583,
            "p99": 583,
            "max": 583
          },
          "serverResponseTime": {
            "median": 340,
            "mean": 398,
            "mdev": 48.1756,
            "stddev": 83,
            "min": 338,
            "p10": 338,
            "p90": 516,
            "p99": 516,
            "max": 516
          }
        },
        "rumSpeedIndex": {
          "median": 2426,
          "mean": 2640,
          "mdev": 276.0975,
          "stddev": 478,
          "min": 2192,
          "p10": 2192,
          "p90": 3303,
          "p99": 3303,
          "max": 3303
        },
        "timeToContentfulPaint": {
          "median": 6539,
          "mean": 6402,
          "mdev": 160.8369,
          "stddev": 279,
          "min": 6014,
          "p10": 6014,
          "p90": 6654,
          "p99": 6654,
          "max": 6654
        },
        "timeToDomContentFlushed": {
          "median": 7946,
          "mean": 7740,
          "mdev": 209.484,
          "stddev": 363,
          "min": 7230,
          "p10": 7230,
          "p90": 8044,
          "p99": 8044,
          "max": 8044
        },
        "userTimings": {
          "measures": {
            "Next.js-before-hydration": {
              "median": 8911,
              "mean": 8687,
              "mdev": 223.7188,
              "stddev": 387,
              "min": 8142,
              "p10": 8142,
              "p90": 9009,
              "p99": 9009,
              "max": 9009
            },
            "Next.js-hydration": {
              "median": 402,
              "mean": 407,
              "mdev": 4.2301,
              "stddev": 7,
              "min": 401,
              "p10": 401,
              "p90": 417,
              "p99": 417,
              "max": 417
            }
          }
        },
        "timeToFirstInteractive": {
          "median": 17499,
          "mean": 17499,
          "mdev": 0,
          "stddev": 0,
          "min": 17499,
          "p10": 17499,
          "p90": 17499,
          "p99": 17499,
          "max": 17499
        }
      }
    }
  }
]