[
  {
    "info": {
      "browsertime": {
        "version": "8.4.0"
      },
      "url": "https://soundcloud.com/",
      "timestamp": "2021-03-30T06:38:31+04:00",
      "connectivity": {
        "engine": "external",
        "profile": "native"
      },
      "extra": {}
    },
    "files": {
      "video": [],
      "screenshot": [],
      "timeline": [],
      "consoleLog": [],
      "netLog": [],
      "perfLog": []
    },
    "cdp": {
      "performance": []
    },
    "timestamps": [
      "2021-03-30T06:38:21+04:00",
      "2021-03-30T06:38:42+04:00",
      "2021-03-30T06:39:04+04:00"
    ],
    "browserScripts": [
      {
        "browser": {
          "appConstants": {
            "ACCESSIBILITY": true,
            "ANDROID_PACKAGE_NAME": "org.mozilla.firefox",
            "ASAN": false,
            "ASAN_REPORTER": false,
            "BROWSER_CHROME_URL": "chrome://browser/content/browser.xul",
            "DEBUG": false,
            "DEBUG_JS_MODULES": "",
            "DLL_PREFIX": "lib",
            "DLL_SUFFIX": ".so",
            "EARLY_BETA_OR_EARLIER": false,
            "FENNEC_NIGHTLY": false,
            "HAVE_SHELL_SERVICE": false,
            "HAVE_USR_LIB64_DIR": false,
            "MENUBAR_CAN_AUTOHIDE": false,
            "MOZILLA_OFFICIAL": true,
            "MOZ_ALLOW_LEGACY_EXTENSIONS": false,
            "MOZ_ANDROID_ACTIVITY_STREAM": false,
            "MOZ_ANDROID_HISTORY": true,
            "MOZ_ANDROID_MOZILLA_ONLINE": false,
            "MOZ_APP_NAME": "fennec",
            "MOZ_APP_VERSION": "68.1.1",
            "MOZ_APP_VERSION_DISPLAY": "68.1.1",
            "MOZ_BING_API_CLIENTID": "no-bing-api-clientid",
            "MOZ_BING_API_KEY": "no-bing-api-key",
            "MOZ_BITS_DOWNLOAD": false,
            "MOZ_BUILD_APP": "mobile/android",
            "MOZ_CODE_COVERAGE": false,
            "MOZ_CRASHREPORTER": true,
            "MOZ_DATA_REPORTING": true,
            "MOZ_DEV_EDITION": false,
            "MOZ_GECKO_PROFILER": true,
            "MOZ_GOOGLE_LOCATION_SERVICE_API_KEY": "AIzaSyB2h2OuRcUgy5N-5hsZqiPW6sH3n_rptiQ",
            "MOZ_GOOGLE_SAFEBROWSING_API_KEY": "AIzaSyC7jsptDS3am4tPx4r3nxis7IMjBc5Dovo",
            "MOZ_GRAPHENE": false,
            "MOZ_MACBUNDLE_NAME": "Firefox.app",
            "MOZ_MAINTENANCE_SERVICE": false,
            "MOZ_MOZILLA_API_KEY": "3b4d27dd-703d-4094-8398-4de2c763505a",
            "MOZ_NEW_CERT_STORAGE": false,
            "MOZ_NEW_NOTIFICATION_STORE": false,
            "MOZ_NEW_XULSTORE": false,
            "MOZ_OFFICIAL_BRANDING": false,
            "MOZ_PLACES": false,
            "MOZ_REQUIRE_SIGNING": false,
            "MOZ_SANDBOX": false,
            "MOZ_SERVICES_HEALTHREPORT": true,
            "MOZ_SERVICES_SYNC": false,
            "MOZ_SWITCHBOARD": true,
            "MOZ_SYSTEM_NSS": false,
            "MOZ_TELEMETRY_ON_BY_DEFAULT": false,
            "MOZ_TELEMETRY_REPORTING": true,
            "MOZ_UNSIGNED_SCOPES": 0,
            "MOZ_UPDATER": false,
            "MOZ_UPDATE_CHANNEL": "release",
            "MOZ_WEBRTC": true,
            "MOZ_WIDGET_GTK": false,
            "MOZ_WIDGET_TOOLKIT": "android",
            "NIGHTLY_BUILD": false,
            "OMNIJAR_NAME": "assets/omni.ja",
            "RELEASE_OR_BETA": true,
            "SOURCE_REVISION_URL": "https://hg.mozilla.org/releases/mozilla-esr68/rev/d2e0b9e17b9bc1ef02606c8006b73293f7892ad5",
            "TELEMETRY_PING_FORMAT_VERSION": 4,
            "XP_UNIX": true,
            "isPlatformAndVersionAtLeast": {},
            "isPlatformAndVersionAtMost": {},
            "platform": "android"
          },
          "asyncAppConstants": {
            "ACCESSIBILITY": true,
            "ANDROID_PACKAGE_NAME": "org.mozilla.firefox",
            "ASAN": false,
            "ASAN_REPORTER": false,
            "BROWSER_CHROME_URL": "chrome://browser/content/browser.xul",
            "DEBUG": false,
            "DEBUG_JS_MODULES": "",
            "DLL_PREFIX": "lib",
            "DLL_SUFFIX": ".so",
            "EARLY_BETA_OR_EARLIER": false,
            "FENNEC_NIGHTLY": false,
            "HAVE_SHELL_SERVICE": false,
            "HAVE_USR_LIB64_DIR": false,
            "MENUBAR_CAN_AUTOHIDE": false,
            "MOZILLA_OFFICIAL": true,
            "MOZ_ALLOW_LEGACY_EXTENSIONS": false,
            "MOZ_ANDROID_ACTIVITY_STREAM": false,
            "MOZ_ANDROID_HISTORY": true,
            "MOZ_ANDROID_MOZILLA_ONLINE": false,
            "MOZ_APP_NAME": "fennec",
            "MOZ_APP_VERSION": "68.1.1",
            "MOZ_APP_VERSION_DISPLAY": "68.1.1",
            "MOZ_BING_API_CLIENTID": "no-bing-api-clientid",
            "MOZ_BING_API_KEY": "no-bing-api-key",
            "MOZ_BITS_DOWNLOAD": false,
            "MOZ_BUILD_APP": "mobile/android",
            "MOZ_CODE_COVERAGE": false,
            "MOZ_CRASHREPORTER": true,
            "MOZ_DATA_REPORTING": true,
            "MOZ_DEV_EDITION": false,
            "MOZ_GECKO_PROFILER": true,
            "MOZ_GOOGLE_LOCATION_SERVICE_API_KEY": "AIzaSyB2h2OuRcUgy5N-5hsZqiPW6sH3n_rptiQ",
            "MOZ_GOOGLE_SAFEBROWSING_API_KEY": "AIzaSyC7jsptDS3am4tPx4r3nxis7IMjBc5Dovo",
            "MOZ_GRAPHENE": false,
            "MOZ_MACBUNDLE_NAME": "Firefox.app",
            "MOZ_MAINTENANCE_SERVICE": false,
            "MOZ_MOZILLA_API_KEY": "3b4d27dd-703d-4094-8398-4de2c763505a",
            "MOZ_NEW_CERT_STORAGE": false,
            "MOZ_NEW_NOTIFICATION_STORE": false,
            "MOZ_NEW_XULSTORE": false,
            "MOZ_OFFICIAL_BRANDING": false,
            "MOZ_PLACES": false,
            "MOZ_REQUIRE_SIGNING": false,
            "MOZ_SANDBOX": false,
            "MOZ_SERVICES_HEALTHREPORT": true,
            "MOZ_SERVICES_SYNC": false,
            "MOZ_SWITCHBOARD": true,
            "MOZ_SYSTEM_NSS": false,
            "MOZ_TELEMETRY_ON_BY_DEFAULT": false,
            "MOZ_TELEMETRY_REPORTING": true,
            "MOZ_UNSIGNED_SCOPES": 0,
            "MOZ_UPDATER": false,
            "MOZ_UPDATE_CHANNEL": "release",
            "MOZ_WEBRTC": true,
            "MOZ_WIDGET_GTK": false,
            "MOZ_WIDGET_TOOLKIT": "android",
            "NIGHTLY_BUILD": false,
            "OMNIJAR_NAME": "assets/omni.ja",
            "RELEASE_OR_BETA": true,
            "SOURCE_REVISION_URL": "https://hg.mozilla.org/releases/mozilla-esr68/rev/d2e0b9e17b9bc1ef02606c8006b73293f7892ad5",
            "TELEMETRY_PING_FORMAT_VERSION": 4,
            "XP_UNIX": true,
            "isPlatformAndVersionAtLeast": {},
            "isPlatformAndVersionAtMost": {},
            "platform": "android"
          },
          "userAgent": "Mozilla/5.0 (Android 8.1.0; Mobile; rv:68.0) Gecko/68.0 Firefox/68.0",
          "windowSize": "360x560"
        },
        "pageinfo": {
          "documentHeight": 2050,
          "documentSize": {
            "decodedBodySize": 50456,
            "encodedBodySize": 14074,
            "transferSize": 15148
          },
          "documentTitle": "SoundCloud - Hear the world’s sounds",
          "documentWidth": 360,
          "domElements": 297,
          "navigationStartTime": 1617071901891,
          "nextHopProtocol": "http/1.1",
          "resources": {
            "count": 0,
            "duration": 0
          },
          "responsive": true,
          "url": "https://m.soundcloud.com/",
          "visualElements": {
            "heroes": [
              {
                "filename": "home-page-hero-image-6634b8347678a48976fa38e2aae2ac47.jpg",
                "height": 331,
                "name": "LargestImage",
                "width": 361,
                "x": 0,
                "y": 60
              },
              {
                "filename": null,
                "height": 155,
                "name": "Heading",
                "width": 288,
                "x": 0,
                "y": 236
              }
            ],
            "viewport": {
              "height": 560,
              "width": 360
            }
          }
        },
        "timings": {
          "firstPaint": 2606,
          "loadEventEnd": 3077,
          "navigationTiming": {
            "connectStart": 237,
            "domComplete": 3077,
            "domContentLoadedEventEnd": 1262,
            "domContentLoadedEventStart": 1254,
            "domInteractive": 1187,
            "domainLookupEnd": 237,
            "domainLookupStart": 231,
            "duration": 3077,
            "fetchStart": 231,
            "loadEventEnd": 3077,
            "loadEventStart": 3077,
            "redirectEnd": 229,
            "redirectStart": 2,
            "requestStart": 313,
            "responseEnd": 1031,
            "responseStart": 1031,
            "secureConnectionStart": 251,
            "startTime": 0,
            "unloadEventEnd": 0,
            "unloadEventStart": 0,
            "workerStart": 0
          },
          "pageTimings": {
            "backEndTime": 1031,
            "domContentLoadedTime": 1254,
            "domInteractiveTime": 1187,
            "domainLookupTime": 6,
            "frontEndTime": 2046,
            "pageDownloadTime": 0,
            "pageLoadTime": 3077,
            "redirectionTime": 226,
            "serverConnectionTime": 76,
            "serverResponseTime": 717
          },
          "rumSpeedIndex": 1030,
          "timeToContentfulPaint": 2838,
          "timeToDomContentFlushed": 1187,
          "userTimings": {
            "marks": [],
            "measures": [
              {
                "duration": 3482.62,
                "name": "Next.js-before-hydration",
                "startTime": 0
              },
              {
                "duration": 345.32000000000016,
                "name": "Next.js-hydration",
                "startTime": 3482.62
              }
            ]
          }
        }
      },
      {
        "browser": {
          "appConstants": {
            "ACCESSIBILITY": true,
            "ANDROID_PACKAGE_NAME": "org.mozilla.firefox",
            "ASAN": false,
            "ASAN_REPORTER": false,
            "BROWSER_CHROME_URL": "chrome://browser/content/browser.xul",
            "DEBUG": false,
            "DEBUG_JS_MODULES": "",
            "DLL_PREFIX": "lib",
            "DLL_SUFFIX": ".so",
            "EARLY_BETA_OR_EARLIER": false,
            "FENNEC_NIGHTLY": false,
            "HAVE_SHELL_SERVICE": false,
            "HAVE_USR_LIB64_DIR": false,
            "MENUBAR_CAN_AUTOHIDE": false,
            "MOZILLA_OFFICIAL": true,
            "MOZ_ALLOW_LEGACY_EXTENSIONS": false,
            "MOZ_ANDROID_ACTIVITY_STREAM": false,
            "MOZ_ANDROID_HISTORY": true,
            "MOZ_ANDROID_MOZILLA_ONLINE": false,
            "MOZ_APP_NAME": "fennec",
            "MOZ_APP_VERSION": "68.1.1",
            "MOZ_APP_VERSION_DISPLAY": "68.1.1",
            "MOZ_BING_API_CLIENTID": "no-bing-api-clientid",
            "MOZ_BING_API_KEY": "no-bing-api-key",
            "MOZ_BITS_DOWNLOAD": false,
            "MOZ_BUILD_APP": "mobile/android",
            "MOZ_CODE_COVERAGE": false,
            "MOZ_CRASHREPORTER": true,
            "MOZ_DATA_REPORTING": true,
            "MOZ_DEV_EDITION": false,
            "MOZ_GECKO_PROFILER": true,
            "MOZ_GOOGLE_LOCATION_SERVICE_API_KEY": "AIzaSyB2h2OuRcUgy5N-5hsZqiPW6sH3n_rptiQ",
            "MOZ_GOOGLE_SAFEBROWSING_API_KEY": "AIzaSyC7jsptDS3am4tPx4r3nxis7IMjBc5Dovo",
            "MOZ_GRAPHENE": false,
            "MOZ_MACBUNDLE_NAME": "Firefox.app",
            "MOZ_MAINTENANCE_SERVICE": false,
            "MOZ_MOZILLA_API_KEY": "3b4d27dd-703d-4094-8398-4de2c763505a",
            "MOZ_NEW_CERT_STORAGE": false,
            "MOZ_NEW_NOTIFICATION_STORE": false,
            "MOZ_NEW_XULSTORE": false,
            "MOZ_OFFICIAL_BRANDING": false,
            "MOZ_PLACES": false,
            "MOZ_REQUIRE_SIGNING": false,
            "MOZ_SANDBOX": false,
            "MOZ_SERVICES_HEALTHREPORT": true,
            "MOZ_SERVICES_SYNC": false,
            "MOZ_SWITCHBOARD": true,
            "MOZ_SYSTEM_NSS": false,
            "MOZ_TELEMETRY_ON_BY_DEFAULT": false,
            "MOZ_TELEMETRY_REPORTING": true,
            "MOZ_UNSIGNED_SCOPES": 0,
            "MOZ_UPDATER": false,
            "MOZ_UPDATE_CHANNEL": "release",
            "MOZ_WEBRTC": true,
            "MOZ_WIDGET_GTK": false,
            "MOZ_WIDGET_TOOLKIT": "android",
            "NIGHTLY_BUILD": false,
            "OMNIJAR_NAME": "assets/omni.ja",
            "RELEASE_OR_BETA": true,
            "SOURCE_REVISION_URL": "https://hg.mozilla.org/releases/mozilla-esr68/rev/d2e0b9e17b9bc1ef02606c8006b73293f7892ad5",
            "TELEMETRY_PING_FORMAT_VERSION": 4,
            "XP_UNIX": true,
            "isPlatformAndVersionAtLeast": {},
            "isPlatformAndVersionAtMost": {},
            "platform": "android"
          },
          "asyncAppConstants": {
            "ACCESSIBILITY": true,
            "ANDROID_PACKAGE_NAME": "org.mozilla.firefox",
            "ASAN": false,
            "ASAN_REPORTER": false,
            "BROWSER_CHROME_URL": "chrome://browser/content/browser.xul",
            "DEBUG": false,
            "DEBUG_JS_MODULES": "",
            "DLL_PREFIX": "lib",
            "DLL_SUFFIX": ".so",
            "EARLY_BETA_OR_EARLIER": false,
            "FENNEC_NIGHTLY": false,
            "HAVE_SHELL_SERVICE": false,
            "HAVE_USR_LIB64_DIR": false,
            "MENUBAR_CAN_AUTOHIDE": false,
            "MOZILLA_OFFICIAL": true,
            "MOZ_ALLOW_LEGACY_EXTENSIONS": false,
            "MOZ_ANDROID_ACTIVITY_STREAM": false,
            "MOZ_ANDROID_HISTORY": true,
            "MOZ_ANDROID_MOZILLA_ONLINE": false,
            "MOZ_APP_NAME": "fennec",
            "MOZ_APP_VERSION": "68.1.1",
            "MOZ_APP_VERSION_DISPLAY": "68.1.1",
            "MOZ_BING_API_CLIENTID": "no-bing-api-clientid",
            "MOZ_BING_API_KEY": "no-bing-api-key",
            "MOZ_BITS_DOWNLOAD": false,
            "MOZ_BUILD_APP": "mobile/android",
            "MOZ_CODE_COVERAGE": false,
            "MOZ_CRASHREPORTER": true,
            "MOZ_DATA_REPORTING": true,
            "MOZ_DEV_EDITION": false,
            "MOZ_GECKO_PROFILER": true,
            "MOZ_GOOGLE_LOCATION_SERVICE_API_KEY": "AIzaSyB2h2OuRcUgy5N-5hsZqiPW6sH3n_rptiQ",
            "MOZ_GOOGLE_SAFEBROWSING_API_KEY": "AIzaSyC7jsptDS3am4tPx4r3nxis7IMjBc5Dovo",
            "MOZ_GRAPHENE": false,
            "MOZ_MACBUNDLE_NAME": "Firefox.app",
            "MOZ_MAINTENANCE_SERVICE": false,
            "MOZ_MOZILLA_API_KEY": "3b4d27dd-703d-4094-8398-4de2c763505a",
            "MOZ_NEW_CERT_STORAGE": false,
            "MOZ_NEW_NOTIFICATION_STORE": false,
            "MOZ_NEW_XULSTORE": false,
            "MOZ_OFFICIAL_BRANDING": false,
            "MOZ_PLACES": false,
            "MOZ_REQUIRE_SIGNING": false,
            "MOZ_SANDBOX": false,
            "MOZ_SERVICES_HEALTHREPORT": true,
            "MOZ_SERVICES_SYNC": false,
            "MOZ_SWITCHBOARD": true,
            "MOZ_SYSTEM_NSS": false,
            "MOZ_TELEMETRY_ON_BY_DEFAULT": false,
            "MOZ_TELEMETRY_REPORTING": true,
            "MOZ_UNSIGNED_SCOPES": 0,
            "MOZ_UPDATER": false,
            "MOZ_UPDATE_CHANNEL": "release",
            "MOZ_WEBRTC": true,
            "MOZ_WIDGET_GTK": false,
            "MOZ_WIDGET_TOOLKIT": "android",
            "NIGHTLY_BUILD": false,
            "OMNIJAR_NAME": "assets/omni.ja",
            "RELEASE_OR_BETA": true,
            "SOURCE_REVISION_URL": "https://hg.mozilla.org/releases/mozilla-esr68/rev/d2e0b9e17b9bc1ef02606c8006b73293f7892ad5",
            "TELEMETRY_PING_FORMAT_VERSION": 4,
            "XP_UNIX": true,
            "isPlatformAndVersionAtLeast": {},
            "isPlatformAndVersionAtMost": {},
            "platform": "android"
          },
          "userAgent": "Mozilla/5.0 (Android 8.1.0; Mobile; rv:68.0) Gecko/68.0 Firefox/68.0",
          "windowSize": "360x560"
        },
        "pageinfo": {
          "documentHeight": 2050,
          "documentSize": {
            "decodedBodySize": 50481,
            "encodedBodySize": 14087,
            "transferSize": 15169
          },
          "documentTitle": "SoundCloud - Hear the world’s sounds",
          "documentWidth": 360,
          "domElements": 297,
          "navigationStartTime": 1617071922773,
          "nextHopProtocol": "http/1.1",
          "resources": {
            "count": 0,
            "duration": 0
          },
          "responsive": true,
          "url": "https://m.soundcloud.com/",
          "visualElements": {
            "heroes": [
              {
                "filename": "home-page-hero-image-6634b8347678a48976fa38e2aae2ac47.jpg",
                "height": 331,
                "name": "LargestImage",
                "width": 361,
                "x": 0,
                "y": 60
              },
              {
                "filename": null,
                "height": 155,
                "name": "Heading",
                "width": 288,
                "x": 0,
                "y": 236
              }
            ],
            "viewport": {
              "height": 560,
              "width": 360
            }
          }
        },
        "timings": {
          "firstPaint": 2910,
          "loadEventEnd": 3423,
          "navigationTiming": {
            "connectStart": 595,
            "domComplete": 3422,
            "domContentLoadedEventEnd": 1787,
            "domContentLoadedEventStart": 1776,
            "domInteractive": 1688,
            "domainLookupEnd": 595,
            "domainLookupStart": 589,
            "duration": 3423,
            "fetchStart": 588,
            "loadEventEnd": 3423,
            "loadEventStart": 3422,
            "redirectEnd": 586,
            "redirectStart": 2,
            "requestStart": 665,
            "responseEnd": 1497,
            "responseStart": 1491,
            "secureConnectionStart": 608,
            "startTime": 0,
            "unloadEventEnd": 0,
            "unloadEventStart": 0,
            "workerStart": 0
          },
          "pageTimings": {
            "backEndTime": 1491,
            "domContentLoadedTime": 1776,
            "domInteractiveTime": 1688,
            "domainLookupTime": 7,
            "frontEndTime": 1925,
            "pageDownloadTime": 6,
            "pageLoadTime": 3422,
            "redirectionTime": 583,
            "serverConnectionTime": 69,
            "serverResponseTime": 833
          },
          "rumSpeedIndex": 1490,
          "timeToContentfulPaint": 3100,
          "timeToDomContentFlushed": 1687,
          "userTimings": {
            "marks": [],
            "measures": [
              {
                "duration": 3883.12,
                "name": "Next.js-before-hydration",
                "startTime": 0
              },
              {
                "duration": 346.72000000000025,
                "name": "Next.js-hydration",
                "startTime": 3883.12
              }
            ]
          }
        }
      },
      {
        "browser": {
          "appConstants": {
            "ACCESSIBILITY": true,
            "ANDROID_PACKAGE_NAME": "org.mozilla.firefox",
            "ASAN": false,
            "ASAN_REPORTER": false,
            "BROWSER_CHROME_URL": "chrome://browser/content/browser.xul",
            "DEBUG": false,
            "DEBUG_JS_MODULES": "",
            "DLL_PREFIX": "lib",
            "DLL_SUFFIX": ".so",
            "EARLY_BETA_OR_EARLIER": false,
            "FENNEC_NIGHTLY": false,
            "HAVE_SHELL_SERVICE": false,
            "HAVE_USR_LIB64_DIR": false,
            "MENUBAR_CAN_AUTOHIDE": false,
            "MOZILLA_OFFICIAL": true,
            "MOZ_ALLOW_LEGACY_EXTENSIONS": false,
            "MOZ_ANDROID_ACTIVITY_STREAM": false,
            "MOZ_ANDROID_HISTORY": true,
            "MOZ_ANDROID_MOZILLA_ONLINE": false,
            "MOZ_APP_NAME": "fennec",
            "MOZ_APP_VERSION": "68.1.1",
            "MOZ_APP_VERSION_DISPLAY": "68.1.1",
            "MOZ_BING_API_CLIENTID": "no-bing-api-clientid",
            "MOZ_BING_API_KEY": "no-bing-api-key",
            "MOZ_BITS_DOWNLOAD": false,
            "MOZ_BUILD_APP": "mobile/android",
            "MOZ_CODE_COVERAGE": false,
            "MOZ_CRASHREPORTER": true,
            "MOZ_DATA_REPORTING": true,
            "MOZ_DEV_EDITION": false,
            "MOZ_GECKO_PROFILER": true,
            "MOZ_GOOGLE_LOCATION_SERVICE_API_KEY": "AIzaSyB2h2OuRcUgy5N-5hsZqiPW6sH3n_rptiQ",
            "MOZ_GOOGLE_SAFEBROWSING_API_KEY": "AIzaSyC7jsptDS3am4tPx4r3nxis7IMjBc5Dovo",
            "MOZ_GRAPHENE": false,
            "MOZ_MACBUNDLE_NAME": "Firefox.app",
            "MOZ_MAINTENANCE_SERVICE": false,
            "MOZ_MOZILLA_API_KEY": "3b4d27dd-703d-4094-8398-4de2c763505a",
            "MOZ_NEW_CERT_STORAGE": false,
            "MOZ_NEW_NOTIFICATION_STORE": false,
            "MOZ_NEW_XULSTORE": false,
            "MOZ_OFFICIAL_BRANDING": false,
            "MOZ_PLACES": false,
            "MOZ_REQUIRE_SIGNING": false,
            "MOZ_SANDBOX": false,
            "MOZ_SERVICES_HEALTHREPORT": true,
            "MOZ_SERVICES_SYNC": false,
            "MOZ_SWITCHBOARD": true,
            "MOZ_SYSTEM_NSS": false,
            "MOZ_TELEMETRY_ON_BY_DEFAULT": false,
            "MOZ_TELEMETRY_REPORTING": true,
            "MOZ_UNSIGNED_SCOPES": 0,
            "MOZ_UPDATER": false,
            "MOZ_UPDATE_CHANNEL": "release",
            "MOZ_WEBRTC": true,
            "MOZ_WIDGET_GTK": false,
            "MOZ_WIDGET_TOOLKIT": "android",
            "NIGHTLY_BUILD": false,
            "OMNIJAR_NAME": "assets/omni.ja",
            "RELEASE_OR_BETA": true,
            "SOURCE_REVISION_URL": "https://hg.mozilla.org/releases/mozilla-esr68/rev/d2e0b9e17b9bc1ef02606c8006b73293f7892ad5",
            "TELEMETRY_PING_FORMAT_VERSION": 4,
            "XP_UNIX": true,
            "isPlatformAndVersionAtLeast": {},
            "isPlatformAndVersionAtMost": {},
            "platform": "android"
          },
          "asyncAppConstants": {
            "ACCESSIBILITY": true,
            "ANDROID_PACKAGE_NAME": "org.mozilla.firefox",
            "ASAN": false,
            "ASAN_REPORTER": false,
            "BROWSER_CHROME_URL": "chrome://browser/content/browser.xul",
            "DEBUG": false,
            "DEBUG_JS_MODULES": "",
            "DLL_PREFIX": "lib",
            "DLL_SUFFIX": ".so",
            "EARLY_BETA_OR_EARLIER": false,
            "FENNEC_NIGHTLY": false,
            "HAVE_SHELL_SERVICE": false,
            "HAVE_USR_LIB64_DIR": false,
            "MENUBAR_CAN_AUTOHIDE": false,
            "MOZILLA_OFFICIAL": true,
            "MOZ_ALLOW_LEGACY_EXTENSIONS": false,
            "MOZ_ANDROID_ACTIVITY_STREAM": false,
            "MOZ_ANDROID_HISTORY": true,
            "MOZ_ANDROID_MOZILLA_ONLINE": false,
            "MOZ_APP_NAME": "fennec",
            "MOZ_APP_VERSION": "68.1.1",
            "MOZ_APP_VERSION_DISPLAY": "68.1.1",
            "MOZ_BING_API_CLIENTID": "no-bing-api-clientid",
            "MOZ_BING_API_KEY": "no-bing-api-key",
            "MOZ_BITS_DOWNLOAD": false,
            "MOZ_BUILD_APP": "mobile/android",
            "MOZ_CODE_COVERAGE": false,
            "MOZ_CRASHREPORTER": true,
            "MOZ_DATA_REPORTING": true,
            "MOZ_DEV_EDITION": false,
            "MOZ_GECKO_PROFILER": true,
            "MOZ_GOOGLE_LOCATION_SERVICE_API_KEY": "AIzaSyB2h2OuRcUgy5N-5hsZqiPW6sH3n_rptiQ",
            "MOZ_GOOGLE_SAFEBROWSING_API_KEY": "AIzaSyC7jsptDS3am4tPx4r3nxis7IMjBc5Dovo",
            "MOZ_GRAPHENE": false,
            "MOZ_MACBUNDLE_NAME": "Firefox.app",
            "MOZ_MAINTENANCE_SERVICE": false,
            "MOZ_MOZILLA_API_KEY": "3b4d27dd-703d-4094-8398-4de2c763505a",
            "MOZ_NEW_CERT_STORAGE": false,
            "MOZ_NEW_NOTIFICATION_STORE": false,
            "MOZ_NEW_XULSTORE": false,
            "MOZ_OFFICIAL_BRANDING": false,
            "MOZ_PLACES": false,
            "MOZ_REQUIRE_SIGNING": false,
            "MOZ_SANDBOX": false,
            "MOZ_SERVICES_HEALTHREPORT": true,
            "MOZ_SERVICES_SYNC": false,
            "MOZ_SWITCHBOARD": true,
            "MOZ_SYSTEM_NSS": false,
            "MOZ_TELEMETRY_ON_BY_DEFAULT": false,
            "MOZ_TELEMETRY_REPORTING": true,
            "MOZ_UNSIGNED_SCOPES": 0,
            "MOZ_UPDATER": false,
            "MOZ_UPDATE_CHANNEL": "release",
            "MOZ_WEBRTC": true,
            "MOZ_WIDGET_GTK": false,
            "MOZ_WIDGET_TOOLKIT": "android",
            "NIGHTLY_BUILD": false,
            "OMNIJAR_NAME": "assets/omni.ja",
            "RELEASE_OR_BETA": true,
            "SOURCE_REVISION_URL": "https://hg.mozilla.org/releases/mozilla-esr68/rev/d2e0b9e17b9bc1ef02606c8006b73293f7892ad5",
            "TELEMETRY_PING_FORMAT_VERSION": 4,
            "XP_UNIX": true,
            "isPlatformAndVersionAtLeast": {},
            "isPlatformAndVersionAtMost": {},
            "platform": "android"
          },
          "userAgent": "Mozilla/5.0 (Android 8.1.0; Mobile; rv:68.0) Gecko/68.0 Firefox/68.0",
          "windowSize": "360x560"
        },
        "pageinfo": {
          "documentHeight": 2050,
          "documentSize": {
            "decodedBodySize": 50484,
            "encodedBodySize": 14090,
            "transferSize": 15164
          },
          "documentTitle": "SoundCloud - Hear the world’s sounds",
          "documentWidth": 360,
          "domElements": 297,
          "navigationStartTime": 1617071945291,
          "nextHopProtocol": "http/1.1",
          "resources": {
            "count": 0,
            "duration": 0
          },
          "responsive": true,
          "url": "https://m.soundcloud.com/",
          "visualElements": {
            "heroes": [
              {
                "filename": "home-page-hero-image-6634b8347678a48976fa38e2aae2ac47.jpg",
                "height": 331,
                "name": "LargestImage",
                "width": 361,
                "x": 0,
                "y": 60
              },
              {
                "filename": null,
                "height": 155,
                "name": "Heading",
                "width": 288,
                "x": 0,
                "y": 236
              }
            ],
            "viewport": {
              "height": 560,
              "width": 360
            }
          }
        },
        "timings": {
          "firstPaint": 3244,
          "loadEventEnd": 4065,
          "navigationTiming": {
            "connectStart": 932,
            "domComplete": 4065,
            "domContentLoadedEventEnd": 1978,
            "domContentLoadedEventStart": 1970,
            "domInteractive": 1922,
            "domainLookupEnd": 932,
            "domainLookupStart": 932,
            "duration": 4065,
            "fetchStart": 908,
            "loadEventEnd": 4065,
            "loadEventStart": 4065,
            "redirectEnd": 904,
            "redirectStart": 3,
            "requestStart": 1016,
            "responseEnd": 1742,
            "responseStart": 1738,
            "secureConnectionStart": 944,
            "startTime": 0,
            "unloadEventEnd": 0,
            "unloadEventStart": 0,
            "workerStart": 0
          },
          "pageTimings": {
            "backEndTime": 1738,
            "domContentLoadedTime": 1970,
            "domInteractiveTime": 1922,
            "domainLookupTime": 0,
            "frontEndTime": 2322,
            "pageDownloadTime": 5,
            "pageLoadTime": 4065,
            "redirectionTime": 901,
            "serverConnectionTime": 83,
            "serverResponseTime": 727
          },
          "rumSpeedIndex": 1737,
          "timeToContentfulPaint": 3435,
          "timeToDomContentFlushed": 1922,
          "userTimings": {
            "marks": [],
            "measures": [
              {
                "duration": 4233.14,
                "name": "Next.js-before-hydration",
                "startTime": 0
              },
              {
                "duration": 366.6999999999998,
                "name": "Next.js-hydration",
                "startTime": 4233.14
              }
            ]
          }
        }
      }
    ],
    "visualMetrics": [],
    "cpu": [],
    "extras": [
      {},
      {},
      {}
    ],
    "fullyLoaded": [],
    "errors": [
      [],
      [],
      []
    ],
    "statistics": {
      "browser": {
        "appConstants": {
          "MOZ_UNSIGNED_SCOPES": {
            "median": 0,
            "mean": 0,
            "mdev": 0,
            "stddev": 0,
            "min": 0,
            "p10": 0,
            "p90": 0,
            "p99": 0,
            "max": 0
          },
          "TELEMETRY_PING_FORMAT_VERSION": {
            "median": 4,
            "mean": 4,
            "mdev": 0,
            "stddev": 0,
            "min": 4,
            "p10": 4,
            "p90": 4,
            "p99": 4,
            "max": 4
          }
        },
        "asyncAppConstants": {
          "MOZ_UNSIGNED_SCOPES": {
            "median": 0,
            "mean": 0,
            "mdev": 0,
            "stddev": 0,
            "min": 0,
            "p10": 0,
            "p90": 0,
            "p99": 0,
            "max": 0
          },
          "TELEMETRY_PING_FORMAT_VERSION": {
            "median": 4,
            "mean": 4,
            "mdev": 0,
            "stddev": 0,
            "min": 4,
            "p10": 4,
            "p90": 4,
            "p99": 4,
            "max": 4
          }
        }
      },
      "pageinfo": {
        "documentHeight": {
          "median": 2050,
          "mean": 2050,
          "mdev": 0,
          "stddev": 0,
          "min": 2050,
          "p10": 2050,
          "p90": 2050,
          "p99": 2050,
          "max": 2050
        },
        "documentSize": {
          "decodedBodySize": {
            "median": 50481,
            "mean": 50474,
            "mdev": 7.247,
            "stddev": 13,
            "min": 50456,
            "p10": 50456,
            "p90": 50484,
            "p99": 50484,
            "max": 50484
          },
          "encodedBodySize": {
            "median": 14087,
            "mean": 14084,
            "mdev": 4.0092,
            "stddev": 7,
            "min": 14074,
            "p10": 14074,
            "p90": 14090,
            "p99": 14090,
            "max": 14090
          },
          "transferSize": {
            "median": 15164,
            "mean": 15160,
            "mdev": 5.1711,
            "stddev": 9,
            "min": 15148,
            "p10": 15148,
            "p90": 15169,
            "p99": 15169,
            "max": 15169
          }
        },
        "documentWidth": {
          "median": 360,
          "mean": 360,
          "mdev": 0,
          "stddev": 0,
          "min": 360,
          "p10": 360,
          "p90": 360,
          "p99": 360,
          "max": 360
        },
        "domElements": {
          "median": 297,
          "mean": 297,
          "mdev": 0,
          "stddev": 0,
          "min": 297,
          "p10": 297,
          "p90": 297,
          "p99": 297,
          "max": 297
        },
        "navigationStartTime": {
          "median": 1617071922773,
          "mean": 1617071923318,
          "mdev": 0,
          "stddev": 0,
          "min": 1617071901891,
          "p10": 1617071901891,
          "p90": 1617071945291,
          "p99": 1617071945291,
          "max": 1617071945291
        },
        "resources": {
          "count": {
            "median": 0,
            "mean": 0,
            "mdev": 0,
            "stddev": 0,
            "min": 0,
            "p10": 0,
            "p90": 0,
            "p99": 0,
            "max": 0
          },
          "duration": {
            "median": 0,
            "mean": 0,
            "mdev": 0,
            "stddev": 0,
            "min": 0,
            "p10": 0,
            "p90": 0,
            "p99": 0,
            "max": 0
          }
        },
        "visualElements": {
          "heroes": [
            {
              "height": {
                "median": 331,
                "mean": 331,
                "mdev": 0,
                "stddev": 0,
                "min": 331,
                "p10": 331,
                "p90": 331,
                "p99": 331,
                "max": 331
              },
              "width": {
                "median": 361,
                "mean": 361,
                "mdev": 0,
                "stddev": 0,
                "min": 361,
                "p10": 361,
                "p90": 361,
                "p99": 361,
                "max": 361
              },
              "x": {
                "median": 0,
                "mean": 0,
                "mdev": 0,
                "stddev": 0,
                "min": 0,
                "p10": 0,
                "p90": 0,
                "p99": 0,
                "max": 0
              },
              "y": {
                "median": 60,
                "mean": 60,
                "mdev": 0,
                "stddev": 0,
                "min": 60,
                "p10": 60,
                "p90": 60,
                "p99": 60,
                "max": 60
              }
            },
            {
              "height": {
                "median": 155,
                "mean": 155,
                "mdev": 0,
                "stddev": 0,
                "min": 155,
                "p10": 155,
                "p90": 155,
                "p99": 155,
                "max": 155
              },
              "width": {
                "median": 288,
                "mean": 288,
                "mdev": 0,
                "stddev": 0,
                "min": 288,
                "p10": 288,
                "p90": 288,
                "p99": 288,
                "max": 288
              },
              "x": {
                "median": 0,
                "mean": 0,
                "mdev": 0,
                "stddev": 0,
                "min": 0,
                "p10": 0,
                "p90": 0,
                "p99": 0,
                "max": 0
              },
              "y": {
                "median": 236,
                "mean": 236,
                "mdev": 0,
                "stddev": 0,
                "min": 236,
                "p10": 236,
                "p90": 236,
                "p99": 236,
                "max": 236
              }
            }
          ],
          "viewport": {
            "height": {
              "median": 560,
              "mean": 560,
              "mdev": 0,
              "stddev": 0,
              "min": 560,
              "p10": 560,
              "p90": 560,
              "p99": 560,
              "max": 560
            },
            "width": {
              "median": 360,
              "mean": 360,
              "mdev": 0,
              "stddev": 0,
              "min": 360,
              "p10": 360,
              "p90": 360,
              "p99": 360,
              "max": 360
            }
          }
        }
      },
      "timings": {
        "firstPaint": {
          "median": 2910,
          "mean": 2920,
          "mdev": 150.4334,
          "stddev": 261,
          "min": 2606,
          "p10": 2606,
          "p90": 3244,
          "p99": 3244,
          "max": 3244
        },
        "loadEventEnd": {
          "median": 3423,
          "mean": 3522,
          "mdev": 236.3318,
          "stddev": 409,
          "min": 3077,
          "p10": 3077,
          "p90": 4065,
          "p99": 4065,
          "max": 4065
        },
        "navigationTiming": {
          "connectStart": {
            "median": 595,
            "mean": 588,
            "mdev": 163.838,
            "stddev": 284,
            "min": 237,
            "p10": 237,
            "p90": 932,
            "p99": 932,
            "max": 932
          },
          "domComplete": {
            "median": 3422,
            "mean": 3521,
            "mdev": 236.3784,
            "stddev": 409,
            "min": 3077,
            "p10": 3077,
            "p90": 4065,
            "p99": 4065,
            "max": 4065
          },
          "domContentLoadedEventEnd": {
            "median": 1787,
            "mean": 1676,
            "mdev": 174.7763,
            "stddev": 303,
            "min": 1262,
            "p10": 1262,
            "p90": 1978,
            "p99": 1978,
            "max": 1978
          },
          "domContentLoadedEventStart": {
            "median": 1776,
            "mean": 1667,
            "mdev": 174.5657,
            "stddev": 302,
            "min": 1254,
            "p10": 1254,
            "p90": 1970,
            "p99": 1970,
            "max": 1970
          },
          "domInteractive": {
            "median": 1688,
            "mean": 1599,
            "mdev": 177.0104,
            "stddev": 307,
            "min": 1187,
            "p10": 1187,
            "p90": 1922,
            "p99": 1922,
            "max": 1922
          },
          "domainLookupEnd": {
            "median": 595,
            "mean": 588,
            "mdev": 163.838,
            "stddev": 284,
            "min": 237,
            "p10": 237,
            "p90": 932,
            "p99": 932,
            "max": 932
          },
          "domainLookupStart": {
            "median": 589,
            "mean": 584,
            "mdev": 165.2399,
            "stddev": 286,
            "min": 231,
            "p10": 231,
            "p90": 932,
            "p99": 932,
            "max": 932
          },
          "duration": {
            "median": 3423,
            "mean": 3522,
            "mdev": 236.3318,
            "stddev": 409,
            "min": 3077,
            "p10": 3077,
            "p90": 4065,
            "p99": 4065,
            "max": 4065
          },
          "fetchStart": {
            "median": 588,
            "mean": 576,
            "mdev": 159.6498,
            "stddev": 277,
            "min": 231,
            "p10": 231,
            "p90": 908,
            "p99": 908,
            "max": 908
          },
          "loadEventEnd": {
            "median": 3423,
            "mean": 3522,
            "mdev": 236.3318,
            "stddev": 409,
            "min": 3077,
            "p10": 3077,
            "p90": 4065,
            "p99": 4065,
            "max": 4065
          },
          "loadEventStart": {
            "median": 3422,
            "mean": 3521,
            "mdev": 236.3784,
            "stddev": 409,
            "min": 3077,
            "p10": 3077,
            "p90": 4065,
            "p99": 4065,
            "max": 4065
          },
          "redirectEnd": {
            "median": 586,
            "mean": 573,
            "mdev": 159.1875,
            "stddev": 276,
            "min": 229,
            "p10": 229,
            "p90": 904,
            "p99": 904,
            "max": 904
          },
          "redirectStart": {
            "median": 2,
            "mean": 2,
            "mdev": 0.2722,
            "stddev": 0,
            "min": 2,
            "p10": 2,
            "p90": 3,
            "p99": 3,
            "max": 3
          },
          "requestStart": {
            "median": 665,
            "mean": 665,
            "mdev": 165.6987,
            "stddev": 287,
            "min": 313,
            "p10": 313,
            "p90": 1016,
            "p99": 1016,
            "max": 1016
          },
          "responseEnd": {
            "median": 1497,
            "mean": 1423,
            "mdev": 170.2615,
            "stddev": 295,
            "min": 1031,
            "p10": 1031,
            "p90": 1742,
            "p99": 1742,
            "max": 1742
          },
          "responseStart": {
            "median": 1491,
            "mean": 1420,
            "mdev": 169.1436,
            "stddev": 293,
            "min": 1031,
            "p10": 1031,
            "p90": 1738,
            "p99": 1738,
            "max": 1738
          },
          "secureConnectionStart": {
            "median": 608,
            "mean": 601,
            "mdev": 163.3667,
            "stddev": 283,
            "min": 251,
            "p10": 251,
            "p90": 944,
            "p99": 944,
            "max": 944
          },
          "startTime": {
            "median": 0,
            "mean": 0,
            "mdev": 0,
            "stddev": 0,
            "min": 0,
            "p10": 0,
            "p90": 0,
            "p99": 0,
            "max": 0
          },
          "unloadEventEnd": {
            "median": 0,
            "mean": 0,
            "mdev": 0,
            "stddev": 0,
            "min": 0,
            "p10": 0,
            "p90": 0,
            "p99": 0,
            "max": 0
          },
          "unloadEventStart": {
            "median": 0,
            "mean": 0,
            "mdev": 0,
            "stddev": 0,
            "min": 0,
            "p10": 0,
            "p90": 0,
            "p99": 0,
            "max": 0
          },
          "workerStart": {
            "median": 0,
            "mean": 0,
            "mdev": 0,
            "stddev": 0,
            "min": 0,
            "p10": 0,
            "p90": 0,
            "p99": 0,
            "max": 0
          }
        },
        "pageTimings": {
          "backEndTime": {
            "median": 1491,
            "mean": 1420,
            "mdev": 169.1436,
            "stddev": 293,
            "min": 1031,
            "p10": 1031,
            "p90": 1738,
            "p99": 1738,
            "max": 1738
          },
          "domContentLoadedTime": {
            "median": 1776,
            "mean": 1667,
            "mdev": 174.5657,
            "stddev": 302,
            "min": 1254,
            "p10": 1254,
            "p90": 1970,
            "p99": 1970,
            "max": 1970
          },
          "domInteractiveTime": {
            "median": 1688,
            "mean": 1599,
            "mdev": 177.0104,
            "stddev": 307,
            "min": 1187,
            "p10": 1187,
            "p90": 1922,
            "p99": 1922,
            "max": 1922
          },
          "domainLookupTime": {
            "median": 6,
            "mean": 4,
            "mdev": 1.7847,
            "stddev": 3,
            "min": 0,
            "p10": 0,
            "p90": 7,
            "p99": 7,
            "max": 7
          },
          "frontEndTime": {
            "median": 2046,
            "mean": 2098,
            "mdev": 95.9217,
            "stddev": 166,
            "min": 1925,
            "p10": 1925,
            "p90": 2322,
            "p99": 2322,
            "max": 2322
          },
          "pageDownloadTime": {
            "median": 5,
            "mean": 4,
            "mdev": 1.5154,
            "stddev": 3,
            "min": 0,
            "p10": 0,
            "p90": 6,
            "p99": 6,
            "max": 6
          },
          "pageLoadTime": {
            "median": 3422,
            "mean": 3521,
            "mdev": 236.3784,
            "stddev": 409,
            "min": 3077,
            "p10": 3077,
            "p90": 4065,
            "p99": 4065,
            "max": 4065
          },
          "redirectionTime": {
            "median": 583,
            "mean": 570,
            "mdev": 159.1875,
            "stddev": 276,
            "min": 226,
            "p10": 226,
            "p90": 901,
            "p99": 901,
            "max": 901
          },
          "serverConnectionTime": {
            "median": 76,
            "mean": 76,
            "mdev": 3.2998,
            "stddev": 6,
            "min": 69,
            "p10": 69,
            "p90": 83,
            "p99": 83,
            "max": 83
          },
          "serverResponseTime": {
            "median": 727,
            "mean": 759,
            "mdev": 30.3022,
            "stddev": 52,
            "min": 717,
            "p10": 717,
            "p90": 833,
            "p99": 833,
            "max": 833
          }
        },
        "rumSpeedIndex": {
          "median": 1490,
          "mean": 1419,
          "mdev": 169.1436,
          "stddev": 293,
          "min": 1030,
          "p10": 1030,
          "p90": 1737,
          "p99": 1737,
          "max": 1737
        },
        "timeToContentfulPaint": {
          "median": 3100,
          "mean": 3124,
          "mdev": 141.0645,
          "stddev": 244,
          "min": 2838,
          "p10": 2838,
          "p90": 3435,
          "p99": 3435,
          "max": 3435
        },
        "timeToDomContentFlushed": {
          "median": 1687,
          "mean": 1599,
          "mdev": 176.9547,
          "stddev": 306,
          "min": 1187,
          "p10": 1187,
          "p90": 1922,
          "p99": 1922,
          "max": 1922
        },
        "userTimings": {
          "measures": {
            "Next.js-before-hydration": {
              "median": 3883,
              "mean": 3866,
              "mdev": 177.0326,
              "stddev": 307,
              "min": 3483,
              "p10": 3483,
              "p90": 4233,
              "p99": 4233,
              "max": 4233
            },
            "Next.js-hydration": {
              "median": 347,
              "mean": 353,
              "mdev": 5.638,
              "stddev": 10,
              "min": 345,
              "p10": 345,
              "p90": 367,
              "p99": 367,
              "max": 367
            }
          }
        }
      }
    }
  }
]