[
  {
    "info": {
      "browsertime": {
        "version": "8.4.0"
      },
      "url": "https://stackoverflow.com/",
      "timestamp": "2021-03-30T03:06:33+04:00",
      "connectivity": {
        "engine": "external",
        "profile": "native"
      },
      "extra": {}
    },
    "files": {
      "video": [],
      "screenshot": [],
      "timeline": [],
      "consoleLog": [],
      "netLog": [],
      "perfLog": []
    },
    "cdp": {
      "performance": []
    },
    "timestamps": [
      "2021-03-30T03:06:19+04:00",
      "2021-03-30T03:06:45+04:00",
      "2021-03-30T03:07:13+04:00"
    ],
    "browserScripts": [
      {
        "browser": {
          "appConstants": {
            "ACCESSIBILITY": true,
            "ANDROID_PACKAGE_NAME": "org.mozilla.firefox",
            "ASAN": false,
            "ASAN_REPORTER": false,
            "BROWSER_CHROME_URL": "chrome://browser/content/browser.xul",
            "DEBUG": false,
            "DEBUG_JS_MODULES": "",
            "DLL_PREFIX": "lib",
            "DLL_SUFFIX": ".so",
            "EARLY_BETA_OR_EARLIER": false,
            "FENNEC_NIGHTLY": false,
            "HAVE_SHELL_SERVICE": false,
            "HAVE_USR_LIB64_DIR": false,
            "MENUBAR_CAN_AUTOHIDE": false,
            "MOZILLA_OFFICIAL": true,
            "MOZ_ALLOW_LEGACY_EXTENSIONS": false,
            "MOZ_ANDROID_ACTIVITY_STREAM": false,
            "MOZ_ANDROID_HISTORY": true,
            "MOZ_ANDROID_MOZILLA_ONLINE": false,
            "MOZ_APP_NAME": "fennec",
            "MOZ_APP_VERSION": "68.1.1",
            "MOZ_APP_VERSION_DISPLAY": "68.1.1",
            "MOZ_BING_API_CLIENTID": "no-bing-api-clientid",
            "MOZ_BING_API_KEY": "no-bing-api-key",
            "MOZ_BITS_DOWNLOAD": false,
            "MOZ_BUILD_APP": "mobile/android",
            "MOZ_CODE_COVERAGE": false,
            "MOZ_CRASHREPORTER": true,
            "MOZ_DATA_REPORTING": true,
            "MOZ_DEV_EDITION": false,
            "MOZ_GECKO_PROFILER": true,
            "MOZ_GOOGLE_LOCATION_SERVICE_API_KEY": "AIzaSyB2h2OuRcUgy5N-5hsZqiPW6sH3n_rptiQ",
            "MOZ_GOOGLE_SAFEBROWSING_API_KEY": "AIzaSyC7jsptDS3am4tPx4r3nxis7IMjBc5Dovo",
            "MOZ_GRAPHENE": false,
            "MOZ_MACBUNDLE_NAME": "Firefox.app",
            "MOZ_MAINTENANCE_SERVICE": false,
            "MOZ_MOZILLA_API_KEY": "3b4d27dd-703d-4094-8398-4de2c763505a",
            "MOZ_NEW_CERT_STORAGE": false,
            "MOZ_NEW_NOTIFICATION_STORE": false,
            "MOZ_NEW_XULSTORE": false,
            "MOZ_OFFICIAL_BRANDING": false,
            "MOZ_PLACES": false,
            "MOZ_REQUIRE_SIGNING": false,
            "MOZ_SANDBOX": false,
            "MOZ_SERVICES_HEALTHREPORT": true,
            "MOZ_SERVICES_SYNC": false,
            "MOZ_SWITCHBOARD": true,
            "MOZ_SYSTEM_NSS": false,
            "MOZ_TELEMETRY_ON_BY_DEFAULT": false,
            "MOZ_TELEMETRY_REPORTING": true,
            "MOZ_UNSIGNED_SCOPES": 0,
            "MOZ_UPDATER": false,
            "MOZ_UPDATE_CHANNEL": "release",
            "MOZ_WEBRTC": true,
            "MOZ_WIDGET_GTK": false,
            "MOZ_WIDGET_TOOLKIT": "android",
            "NIGHTLY_BUILD": false,
            "OMNIJAR_NAME": "assets/omni.ja",
            "RELEASE_OR_BETA": true,
            "SOURCE_REVISION_URL": "https://hg.mozilla.org/releases/mozilla-esr68/rev/d2e0b9e17b9bc1ef02606c8006b73293f7892ad5",
            "TELEMETRY_PING_FORMAT_VERSION": 4,
            "XP_UNIX": true,
            "isPlatformAndVersionAtLeast": {},
            "isPlatformAndVersionAtMost": {},
            "platform": "android"
          },
          "asyncAppConstants": {
            "ACCESSIBILITY": true,
            "ANDROID_PACKAGE_NAME": "org.mozilla.firefox",
            "ASAN": false,
            "ASAN_REPORTER": false,
            "BROWSER_CHROME_URL": "chrome://browser/content/browser.xul",
            "DEBUG": false,
            "DEBUG_JS_MODULES": "",
            "DLL_PREFIX": "lib",
            "DLL_SUFFIX": ".so",
            "EARLY_BETA_OR_EARLIER": false,
            "FENNEC_NIGHTLY": false,
            "HAVE_SHELL_SERVICE": false,
            "HAVE_USR_LIB64_DIR": false,
            "MENUBAR_CAN_AUTOHIDE": false,
            "MOZILLA_OFFICIAL": true,
            "MOZ_ALLOW_LEGACY_EXTENSIONS": false,
            "MOZ_ANDROID_ACTIVITY_STREAM": false,
            "MOZ_ANDROID_HISTORY": true,
            "MOZ_ANDROID_MOZILLA_ONLINE": false,
            "MOZ_APP_NAME": "fennec",
            "MOZ_APP_VERSION": "68.1.1",
            "MOZ_APP_VERSION_DISPLAY": "68.1.1",
            "MOZ_BING_API_CLIENTID": "no-bing-api-clientid",
            "MOZ_BING_API_KEY": "no-bing-api-key",
            "MOZ_BITS_DOWNLOAD": false,
            "MOZ_BUILD_APP": "mobile/android",
            "MOZ_CODE_COVERAGE": false,
            "MOZ_CRASHREPORTER": true,
            "MOZ_DATA_REPORTING": true,
            "MOZ_DEV_EDITION": false,
            "MOZ_GECKO_PROFILER": true,
            "MOZ_GOOGLE_LOCATION_SERVICE_API_KEY": "AIzaSyB2h2OuRcUgy5N-5hsZqiPW6sH3n_rptiQ",
            "MOZ_GOOGLE_SAFEBROWSING_API_KEY": "AIzaSyC7jsptDS3am4tPx4r3nxis7IMjBc5Dovo",
            "MOZ_GRAPHENE": false,
            "MOZ_MACBUNDLE_NAME": "Firefox.app",
            "MOZ_MAINTENANCE_SERVICE": false,
            "MOZ_MOZILLA_API_KEY": "3b4d27dd-703d-4094-8398-4de2c763505a",
            "MOZ_NEW_CERT_STORAGE": false,
            "MOZ_NEW_NOTIFICATION_STORE": false,
            "MOZ_NEW_XULSTORE": false,
            "MOZ_OFFICIAL_BRANDING": false,
            "MOZ_PLACES": false,
            "MOZ_REQUIRE_SIGNING": false,
            "MOZ_SANDBOX": false,
            "MOZ_SERVICES_HEALTHREPORT": true,
            "MOZ_SERVICES_SYNC": false,
            "MOZ_SWITCHBOARD": true,
            "MOZ_SYSTEM_NSS": false,
            "MOZ_TELEMETRY_ON_BY_DEFAULT": false,
            "MOZ_TELEMETRY_REPORTING": true,
            "MOZ_UNSIGNED_SCOPES": 0,
            "MOZ_UPDATER": false,
            "MOZ_UPDATE_CHANNEL": "release",
            "MOZ_WEBRTC": true,
            "MOZ_WIDGET_GTK": false,
            "MOZ_WIDGET_TOOLKIT": "android",
            "NIGHTLY_BUILD": false,
            "OMNIJAR_NAME": "assets/omni.ja",
            "RELEASE_OR_BETA": true,
            "SOURCE_REVISION_URL": "https://hg.mozilla.org/releases/mozilla-esr68/rev/d2e0b9e17b9bc1ef02606c8006b73293f7892ad5",
            "TELEMETRY_PING_FORMAT_VERSION": 4,
            "XP_UNIX": true,
            "isPlatformAndVersionAtLeast": {},
            "isPlatformAndVersionAtMost": {},
            "platform": "android"
          },
          "userAgent": "Mozilla/5.0 (Android 8.1.0; Mobile; rv:68.0) Gecko/68.0 Firefox/68.0",
          "windowSize": "360x560"
        },
        "pageinfo": {
          "documentHeight": 14491,
          "documentSize": {
            "decodedBodySize": 187686,
            "encodedBodySize": 51775,
            "transferSize": 52746
          },
          "documentTitle": "Stack Overflow - Where Developers Learn, Share, & Build Careers",
          "documentWidth": 360,
          "domElements": 1144,
          "navigationStartTime": 1617059180282,
          "nextHopProtocol": "h2",
          "resources": {
            "count": 0,
            "duration": 0
          },
          "responsive": true,
          "url": "https://stackoverflow.com/",
          "visualElements": {
            "heroes": [
              {
                "filename": "illo-code.svg?v=b7ee00fff9d8",
                "height": 222,
                "name": "LargestImage",
                "width": 184,
                "x": 39,
                "y": 318
              }
            ],
            "viewport": {
              "height": 560,
              "width": 360
            }
          }
        },
        "timings": {
          "firstPaint": 1709,
          "loadEventEnd": 4063,
          "navigationTiming": {
            "connectStart": 34,
            "domComplete": 4045,
            "domContentLoadedEventEnd": 2051,
            "domContentLoadedEventStart": 1983,
            "domInteractive": 1495,
            "domainLookupEnd": 34,
            "domainLookupStart": 34,
            "duration": 4063,
            "fetchStart": 2,
            "loadEventEnd": 4063,
            "loadEventStart": 4045,
            "redirectEnd": 0,
            "redirectStart": 0,
            "requestStart": 121,
            "responseEnd": 320,
            "responseStart": 320,
            "secureConnectionStart": 47,
            "startTime": 0,
            "unloadEventEnd": 0,
            "unloadEventStart": 0,
            "workerStart": 0
          },
          "pageTimings": {
            "backEndTime": 320,
            "domContentLoadedTime": 1983,
            "domInteractiveTime": 1495,
            "domainLookupTime": 0,
            "frontEndTime": 3726,
            "pageDownloadTime": 0,
            "pageLoadTime": 4045,
            "redirectionTime": 0,
            "serverConnectionTime": 85,
            "serverResponseTime": 199
          },
          "rumSpeedIndex": 319,
          "timeToContentfulPaint": 1925,
          "timeToDomContentFlushed": 1682,
          "userTimings": {
            "marks": [],
            "measures": []
          }
        }
      },
      {
        "browser": {
          "appConstants": {
            "ACCESSIBILITY": true,
            "ANDROID_PACKAGE_NAME": "org.mozilla.firefox",
            "ASAN": false,
            "ASAN_REPORTER": false,
            "BROWSER_CHROME_URL": "chrome://browser/content/browser.xul",
            "DEBUG": false,
            "DEBUG_JS_MODULES": "",
            "DLL_PREFIX": "lib",
            "DLL_SUFFIX": ".so",
            "EARLY_BETA_OR_EARLIER": false,
            "FENNEC_NIGHTLY": false,
            "HAVE_SHELL_SERVICE": false,
            "HAVE_USR_LIB64_DIR": false,
            "MENUBAR_CAN_AUTOHIDE": false,
            "MOZILLA_OFFICIAL": true,
            "MOZ_ALLOW_LEGACY_EXTENSIONS": false,
            "MOZ_ANDROID_ACTIVITY_STREAM": false,
            "MOZ_ANDROID_HISTORY": true,
            "MOZ_ANDROID_MOZILLA_ONLINE": false,
            "MOZ_APP_NAME": "fennec",
            "MOZ_APP_VERSION": "68.1.1",
            "MOZ_APP_VERSION_DISPLAY": "68.1.1",
            "MOZ_BING_API_CLIENTID": "no-bing-api-clientid",
            "MOZ_BING_API_KEY": "no-bing-api-key",
            "MOZ_BITS_DOWNLOAD": false,
            "MOZ_BUILD_APP": "mobile/android",
            "MOZ_CODE_COVERAGE": false,
            "MOZ_CRASHREPORTER": true,
            "MOZ_DATA_REPORTING": true,
            "MOZ_DEV_EDITION": false,
            "MOZ_GECKO_PROFILER": true,
            "MOZ_GOOGLE_LOCATION_SERVICE_API_KEY": "AIzaSyB2h2OuRcUgy5N-5hsZqiPW6sH3n_rptiQ",
            "MOZ_GOOGLE_SAFEBROWSING_API_KEY": "AIzaSyC7jsptDS3am4tPx4r3nxis7IMjBc5Dovo",
            "MOZ_GRAPHENE": false,
            "MOZ_MACBUNDLE_NAME": "Firefox.app",
            "MOZ_MAINTENANCE_SERVICE": false,
            "MOZ_MOZILLA_API_KEY": "3b4d27dd-703d-4094-8398-4de2c763505a",
            "MOZ_NEW_CERT_STORAGE": false,
            "MOZ_NEW_NOTIFICATION_STORE": false,
            "MOZ_NEW_XULSTORE": false,
            "MOZ_OFFICIAL_BRANDING": false,
            "MOZ_PLACES": false,
            "MOZ_REQUIRE_SIGNING": false,
            "MOZ_SANDBOX": false,
            "MOZ_SERVICES_HEALTHREPORT": true,
            "MOZ_SERVICES_SYNC": false,
            "MOZ_SWITCHBOARD": true,
            "MOZ_SYSTEM_NSS": false,
            "MOZ_TELEMETRY_ON_BY_DEFAULT": false,
            "MOZ_TELEMETRY_REPORTING": true,
            "MOZ_UNSIGNED_SCOPES": 0,
            "MOZ_UPDATER": false,
            "MOZ_UPDATE_CHANNEL": "release",
            "MOZ_WEBRTC": true,
            "MOZ_WIDGET_GTK": false,
            "MOZ_WIDGET_TOOLKIT": "android",
            "NIGHTLY_BUILD": false,
            "OMNIJAR_NAME": "assets/omni.ja",
            "RELEASE_OR_BETA": true,
            "SOURCE_REVISION_URL": "https://hg.mozilla.org/releases/mozilla-esr68/rev/d2e0b9e17b9bc1ef02606c8006b73293f7892ad5",
            "TELEMETRY_PING_FORMAT_VERSION": 4,
            "XP_UNIX": true,
            "isPlatformAndVersionAtLeast": {},
            "isPlatformAndVersionAtMost": {},
            "platform": "android"
          },
          "asyncAppConstants": {
            "ACCESSIBILITY": true,
            "ANDROID_PACKAGE_NAME": "org.mozilla.firefox",
            "ASAN": false,
            "ASAN_REPORTER": false,
            "BROWSER_CHROME_URL": "chrome://browser/content/browser.xul",
            "DEBUG": false,
            "DEBUG_JS_MODULES": "",
            "DLL_PREFIX": "lib",
            "DLL_SUFFIX": ".so",
            "EARLY_BETA_OR_EARLIER": false,
            "FENNEC_NIGHTLY": false,
            "HAVE_SHELL_SERVICE": false,
            "HAVE_USR_LIB64_DIR": false,
            "MENUBAR_CAN_AUTOHIDE": false,
            "MOZILLA_OFFICIAL": true,
            "MOZ_ALLOW_LEGACY_EXTENSIONS": false,
            "MOZ_ANDROID_ACTIVITY_STREAM": false,
            "MOZ_ANDROID_HISTORY": true,
            "MOZ_ANDROID_MOZILLA_ONLINE": false,
            "MOZ_APP_NAME": "fennec",
            "MOZ_APP_VERSION": "68.1.1",
            "MOZ_APP_VERSION_DISPLAY": "68.1.1",
            "MOZ_BING_API_CLIENTID": "no-bing-api-clientid",
            "MOZ_BING_API_KEY": "no-bing-api-key",
            "MOZ_BITS_DOWNLOAD": false,
            "MOZ_BUILD_APP": "mobile/android",
            "MOZ_CODE_COVERAGE": false,
            "MOZ_CRASHREPORTER": true,
            "MOZ_DATA_REPORTING": true,
            "MOZ_DEV_EDITION": false,
            "MOZ_GECKO_PROFILER": true,
            "MOZ_GOOGLE_LOCATION_SERVICE_API_KEY": "AIzaSyB2h2OuRcUgy5N-5hsZqiPW6sH3n_rptiQ",
            "MOZ_GOOGLE_SAFEBROWSING_API_KEY": "AIzaSyC7jsptDS3am4tPx4r3nxis7IMjBc5Dovo",
            "MOZ_GRAPHENE": false,
            "MOZ_MACBUNDLE_NAME": "Firefox.app",
            "MOZ_MAINTENANCE_SERVICE": false,
            "MOZ_MOZILLA_API_KEY": "3b4d27dd-703d-4094-8398-4de2c763505a",
            "MOZ_NEW_CERT_STORAGE": false,
            "MOZ_NEW_NOTIFICATION_STORE": false,
            "MOZ_NEW_XULSTORE": false,
            "MOZ_OFFICIAL_BRANDING": false,
            "MOZ_PLACES": false,
            "MOZ_REQUIRE_SIGNING": false,
            "MOZ_SANDBOX": false,
            "MOZ_SERVICES_HEALTHREPORT": true,
            "MOZ_SERVICES_SYNC": false,
            "MOZ_SWITCHBOARD": true,
            "MOZ_SYSTEM_NSS": false,
            "MOZ_TELEMETRY_ON_BY_DEFAULT": false,
            "MOZ_TELEMETRY_REPORTING": true,
            "MOZ_UNSIGNED_SCOPES": 0,
            "MOZ_UPDATER": false,
            "MOZ_UPDATE_CHANNEL": "release",
            "MOZ_WEBRTC": true,
            "MOZ_WIDGET_GTK": false,
            "MOZ_WIDGET_TOOLKIT": "android",
            "NIGHTLY_BUILD": false,
            "OMNIJAR_NAME": "assets/omni.ja",
            "RELEASE_OR_BETA": true,
            "SOURCE_REVISION_URL": "https://hg.mozilla.org/releases/mozilla-esr68/rev/d2e0b9e17b9bc1ef02606c8006b73293f7892ad5",
            "TELEMETRY_PING_FORMAT_VERSION": 4,
            "XP_UNIX": true,
            "isPlatformAndVersionAtLeast": {},
            "isPlatformAndVersionAtMost": {},
            "platform": "android"
          },
          "userAgent": "Mozilla/5.0 (Android 8.1.0; Mobile; rv:68.0) Gecko/68.0 Firefox/68.0",
          "windowSize": "360x560"
        },
        "pageinfo": {
          "documentHeight": 14491,
          "documentSize": {
            "decodedBodySize": 187400,
            "encodedBodySize": 51528,
            "transferSize": 52499
          },
          "documentTitle": "Stack Overflow - Where Developers Learn, Share, & Build Careers",
          "documentWidth": 360,
          "domElements": 1144,
          "navigationStartTime": 1617059205332,
          "nextHopProtocol": "h2",
          "resources": {
            "count": 0,
            "duration": 0
          },
          "responsive": true,
          "url": "https://stackoverflow.com/",
          "visualElements": {
            "heroes": [
              {
                "filename": "illo-code.svg?v=b7ee00fff9d8",
                "height": 222,
                "name": "LargestImage",
                "width": 184,
                "x": 39,
                "y": 318
              }
            ],
            "viewport": {
              "height": 560,
              "width": 360
            }
          }
        },
        "timings": {
          "firstPaint": 1759,
          "loadEventEnd": 4755,
          "navigationTiming": {
            "connectStart": 32,
            "domComplete": 4736,
            "domContentLoadedEventEnd": 2096,
            "domContentLoadedEventStart": 2040,
            "domInteractive": 1561,
            "domainLookupEnd": 31,
            "domainLookupStart": 31,
            "duration": 4755,
            "fetchStart": 3,
            "loadEventEnd": 4755,
            "loadEventStart": 4736,
            "redirectEnd": 0,
            "redirectStart": 0,
            "requestStart": 138,
            "responseEnd": 344,
            "responseStart": 344,
            "secureConnectionStart": 48,
            "startTime": 0,
            "unloadEventEnd": 0,
            "unloadEventStart": 0,
            "workerStart": 0
          },
          "pageTimings": {
            "backEndTime": 344,
            "domContentLoadedTime": 2040,
            "domInteractiveTime": 1561,
            "domainLookupTime": 0,
            "frontEndTime": 4393,
            "pageDownloadTime": 0,
            "pageLoadTime": 4736,
            "redirectionTime": 0,
            "serverConnectionTime": 105,
            "serverResponseTime": 205
          },
          "rumSpeedIndex": 343,
          "timeToContentfulPaint": 1946,
          "timeToDomContentFlushed": 1744,
          "userTimings": {
            "marks": [],
            "measures": []
          }
        }
      },
      {
        "browser": {
          "appConstants": {
            "ACCESSIBILITY": true,
            "ANDROID_PACKAGE_NAME": "org.mozilla.firefox",
            "ASAN": false,
            "ASAN_REPORTER": false,
            "BROWSER_CHROME_URL": "chrome://browser/content/browser.xul",
            "DEBUG": false,
            "DEBUG_JS_MODULES": "",
            "DLL_PREFIX": "lib",
            "DLL_SUFFIX": ".so",
            "EARLY_BETA_OR_EARLIER": false,
            "FENNEC_NIGHTLY": false,
            "HAVE_SHELL_SERVICE": false,
            "HAVE_USR_LIB64_DIR": false,
            "MENUBAR_CAN_AUTOHIDE": false,
            "MOZILLA_OFFICIAL": true,
            "MOZ_ALLOW_LEGACY_EXTENSIONS": false,
            "MOZ_ANDROID_ACTIVITY_STREAM": false,
            "MOZ_ANDROID_HISTORY": true,
            "MOZ_ANDROID_MOZILLA_ONLINE": false,
            "MOZ_APP_NAME": "fennec",
            "MOZ_APP_VERSION": "68.1.1",
            "MOZ_APP_VERSION_DISPLAY": "68.1.1",
            "MOZ_BING_API_CLIENTID": "no-bing-api-clientid",
            "MOZ_BING_API_KEY": "no-bing-api-key",
            "MOZ_BITS_DOWNLOAD": false,
            "MOZ_BUILD_APP": "mobile/android",
            "MOZ_CODE_COVERAGE": false,
            "MOZ_CRASHREPORTER": true,
            "MOZ_DATA_REPORTING": true,
            "MOZ_DEV_EDITION": false,
            "MOZ_GECKO_PROFILER": true,
            "MOZ_GOOGLE_LOCATION_SERVICE_API_KEY": "AIzaSyB2h2OuRcUgy5N-5hsZqiPW6sH3n_rptiQ",
            "MOZ_GOOGLE_SAFEBROWSING_API_KEY": "AIzaSyC7jsptDS3am4tPx4r3nxis7IMjBc5Dovo",
            "MOZ_GRAPHENE": false,
            "MOZ_MACBUNDLE_NAME": "Firefox.app",
            "MOZ_MAINTENANCE_SERVICE": false,
            "MOZ_MOZILLA_API_KEY": "3b4d27dd-703d-4094-8398-4de2c763505a",
            "MOZ_NEW_CERT_STORAGE": false,
            "MOZ_NEW_NOTIFICATION_STORE": false,
            "MOZ_NEW_XULSTORE": false,
            "MOZ_OFFICIAL_BRANDING": false,
            "MOZ_PLACES": false,
            "MOZ_REQUIRE_SIGNING": false,
            "MOZ_SANDBOX": false,
            "MOZ_SERVICES_HEALTHREPORT": true,
            "MOZ_SERVICES_SYNC": false,
            "MOZ_SWITCHBOARD": true,
            "MOZ_SYSTEM_NSS": false,
            "MOZ_TELEMETRY_ON_BY_DEFAULT": false,
            "MOZ_TELEMETRY_REPORTING": true,
            "MOZ_UNSIGNED_SCOPES": 0,
            "MOZ_UPDATER": false,
            "MOZ_UPDATE_CHANNEL": "release",
            "MOZ_WEBRTC": true,
            "MOZ_WIDGET_GTK": false,
            "MOZ_WIDGET_TOOLKIT": "android",
            "NIGHTLY_BUILD": false,
            "OMNIJAR_NAME": "assets/omni.ja",
            "RELEASE_OR_BETA": true,
            "SOURCE_REVISION_URL": "https://hg.mozilla.org/releases/mozilla-esr68/rev/d2e0b9e17b9bc1ef02606c8006b73293f7892ad5",
            "TELEMETRY_PING_FORMAT_VERSION": 4,
            "XP_UNIX": true,
            "isPlatformAndVersionAtLeast": {},
            "isPlatformAndVersionAtMost": {},
            "platform": "android"
          },
          "asyncAppConstants": {
            "ACCESSIBILITY": true,
            "ANDROID_PACKAGE_NAME": "org.mozilla.firefox",
            "ASAN": false,
            "ASAN_REPORTER": false,
            "BROWSER_CHROME_URL": "chrome://browser/content/browser.xul",
            "DEBUG": false,
            "DEBUG_JS_MODULES": "",
            "DLL_PREFIX": "lib",
            "DLL_SUFFIX": ".so",
            "EARLY_BETA_OR_EARLIER": false,
            "FENNEC_NIGHTLY": false,
            "HAVE_SHELL_SERVICE": false,
            "HAVE_USR_LIB64_DIR": false,
            "MENUBAR_CAN_AUTOHIDE": false,
            "MOZILLA_OFFICIAL": true,
            "MOZ_ALLOW_LEGACY_EXTENSIONS": false,
            "MOZ_ANDROID_ACTIVITY_STREAM": false,
            "MOZ_ANDROID_HISTORY": true,
            "MOZ_ANDROID_MOZILLA_ONLINE": false,
            "MOZ_APP_NAME": "fennec",
            "MOZ_APP_VERSION": "68.1.1",
            "MOZ_APP_VERSION_DISPLAY": "68.1.1",
            "MOZ_BING_API_CLIENTID": "no-bing-api-clientid",
            "MOZ_BING_API_KEY": "no-bing-api-key",
            "MOZ_BITS_DOWNLOAD": false,
            "MOZ_BUILD_APP": "mobile/android",
            "MOZ_CODE_COVERAGE": false,
            "MOZ_CRASHREPORTER": true,
            "MOZ_DATA_REPORTING": true,
            "MOZ_DEV_EDITION": false,
            "MOZ_GECKO_PROFILER": true,
            "MOZ_GOOGLE_LOCATION_SERVICE_API_KEY": "AIzaSyB2h2OuRcUgy5N-5hsZqiPW6sH3n_rptiQ",
            "MOZ_GOOGLE_SAFEBROWSING_API_KEY": "AIzaSyC7jsptDS3am4tPx4r3nxis7IMjBc5Dovo",
            "MOZ_GRAPHENE": false,
            "MOZ_MACBUNDLE_NAME": "Firefox.app",
            "MOZ_MAINTENANCE_SERVICE": false,
            "MOZ_MOZILLA_API_KEY": "3b4d27dd-703d-4094-8398-4de2c763505a",
            "MOZ_NEW_CERT_STORAGE": false,
            "MOZ_NEW_NOTIFICATION_STORE": false,
            "MOZ_NEW_XULSTORE": false,
            "MOZ_OFFICIAL_BRANDING": false,
            "MOZ_PLACES": false,
            "MOZ_REQUIRE_SIGNING": false,
            "MOZ_SANDBOX": false,
            "MOZ_SERVICES_HEALTHREPORT": true,
            "MOZ_SERVICES_SYNC": false,
            "MOZ_SWITCHBOARD": true,
            "MOZ_SYSTEM_NSS": false,
            "MOZ_TELEMETRY_ON_BY_DEFAULT": false,
            "MOZ_TELEMETRY_REPORTING": true,
            "MOZ_UNSIGNED_SCOPES": 0,
            "MOZ_UPDATER": false,
            "MOZ_UPDATE_CHANNEL": "release",
            "MOZ_WEBRTC": true,
            "MOZ_WIDGET_GTK": false,
            "MOZ_WIDGET_TOOLKIT": "android",
            "NIGHTLY_BUILD": false,
            "OMNIJAR_NAME": "assets/omni.ja",
            "RELEASE_OR_BETA": true,
            "SOURCE_REVISION_URL": "https://hg.mozilla.org/releases/mozilla-esr68/rev/d2e0b9e17b9bc1ef02606c8006b73293f7892ad5",
            "TELEMETRY_PING_FORMAT_VERSION": 4,
            "XP_UNIX": true,
            "isPlatformAndVersionAtLeast": {},
            "isPlatformAndVersionAtMost": {},
            "platform": "android"
          },
          "userAgent": "Mozilla/5.0 (Android 8.1.0; Mobile; rv:68.0) Gecko/68.0 Firefox/68.0",
          "windowSize": "360x560"
        },
        "pageinfo": {
          "documentHeight": 14491,
          "documentSize": {
            "decodedBodySize": 187400,
            "encodedBodySize": 51526,
            "transferSize": 52497
          },
          "documentTitle": "Stack Overflow - Where Developers Learn, Share, & Build Careers",
          "documentWidth": 360,
          "domElements": 1144,
          "navigationStartTime": 1617059233499,
          "nextHopProtocol": "h2",
          "resources": {
            "count": 0,
            "duration": 0
          },
          "responsive": true,
          "url": "https://stackoverflow.com/",
          "visualElements": {
            "heroes": [
              {
                "filename": "illo-code.svg?v=b7ee00fff9d8",
                "height": 222,
                "name": "LargestImage",
                "width": 184,
                "x": 39,
                "y": 318
              }
            ],
            "viewport": {
              "height": 560,
              "width": 360
            }
          }
        },
        "timings": {
          "firstPaint": 1668,
          "loadEventEnd": 4932,
          "navigationTiming": {
            "connectStart": 31,
            "domComplete": 4913,
            "domContentLoadedEventEnd": 2016,
            "domContentLoadedEventStart": 1946,
            "domInteractive": 1422,
            "domainLookupEnd": 30,
            "domainLookupStart": 30,
            "duration": 4932,
            "fetchStart": 3,
            "loadEventEnd": 4932,
            "loadEventStart": 4913,
            "redirectEnd": 0,
            "redirectStart": 0,
            "requestStart": 144,
            "responseEnd": 334,
            "responseStart": 334,
            "secureConnectionStart": 56,
            "startTime": 0,
            "unloadEventEnd": 0,
            "unloadEventStart": 0,
            "workerStart": 0
          },
          "pageTimings": {
            "backEndTime": 334,
            "domContentLoadedTime": 1946,
            "domInteractiveTime": 1422,
            "domainLookupTime": 0,
            "frontEndTime": 4579,
            "pageDownloadTime": 0,
            "pageLoadTime": 4913,
            "redirectionTime": 0,
            "serverConnectionTime": 113,
            "serverResponseTime": 190
          },
          "rumSpeedIndex": 334,
          "timeToContentfulPaint": 1860,
          "timeToDomContentFlushed": 1607,
          "timeToFirstInteractive": 7422,
          "userTimings": {
            "marks": [],
            "measures": []
          }
        }
      }
    ],
    "visualMetrics": [],
    "cpu": [],
    "extras": [
      {},
      {},
      {}
    ],
    "fullyLoaded": [],
    "errors": [
      [],
      [],
      []
    ],
    "statistics": {
      "browser": {
        "appConstants": {
          "MOZ_UNSIGNED_SCOPES": {
            "median": 0,
            "mean": 0,
            "mdev": 0,
            "stddev": 0,
            "min": 0,
            "p10": 0,
            "p90": 0,
            "p99": 0,
            "max": 0
          },
          "TELEMETRY_PING_FORMAT_VERSION": {
            "median": 4,
            "mean": 4,
            "mdev": 0,
            "stddev": 0,
            "min": 4,
            "p10": 4,
            "p90": 4,
            "p99": 4,
            "max": 4
          }
        },
        "asyncAppConstants": {
          "MOZ_UNSIGNED_SCOPES": {
            "median": 0,
            "mean": 0,
            "mdev": 0,
            "stddev": 0,
            "min": 0,
            "p10": 0,
            "p90": 0,
            "p99": 0,
            "max": 0
          },
          "TELEMETRY_PING_FORMAT_VERSION": {
            "median": 4,
            "mean": 4,
            "mdev": 0,
            "stddev": 0,
            "min": 4,
            "p10": 4,
            "p90": 4,
            "p99": 4,
            "max": 4
          }
        }
      },
      "pageinfo": {
        "documentHeight": {
          "median": 14491,
          "mean": 14491,
          "mdev": 0,
          "stddev": 0,
          "min": 14491,
          "p10": 14491,
          "p90": 14491,
          "p99": 14491,
          "max": 14491
        },
        "documentSize": {
          "decodedBodySize": {
            "median": 187400,
            "mean": 187495,
            "mdev": 77.8393,
            "stddev": 135,
            "min": 187400,
            "p10": 187400,
            "p90": 187686,
            "p99": 187686,
            "max": 187686
          },
          "encodedBodySize": {
            "median": 51528,
            "mean": 51610,
            "mdev": 67.4987,
            "stddev": 117,
            "min": 51526,
            "p10": 51526,
            "p90": 51775,
            "p99": 51775,
            "max": 51775
          },
          "transferSize": {
            "median": 52499,
            "mean": 52581,
            "mdev": 67.4987,
            "stddev": 117,
            "min": 52497,
            "p10": 52497,
            "p90": 52746,
            "p99": 52746,
            "max": 52746
          }
        },
        "documentWidth": {
          "median": 360,
          "mean": 360,
          "mdev": 0,
          "stddev": 0,
          "min": 360,
          "p10": 360,
          "p90": 360,
          "p99": 360,
          "max": 360
        },
        "domElements": {
          "median": 1144,
          "mean": 1144,
          "mdev": 0,
          "stddev": 0,
          "min": 1144,
          "p10": 1144,
          "p90": 1144,
          "p99": 1144,
          "max": 1144
        },
        "navigationStartTime": {
          "median": 1617059205332,
          "mean": 1617059206371,
          "mdev": 12612.4091,
          "stddev": 21845,
          "min": 1617059180282,
          "p10": 1617059180282,
          "p90": 1617059233499,
          "p99": 1617059233499,
          "max": 1617059233499
        },
        "resources": {
          "count": {
            "median": 0,
            "mean": 0,
            "mdev": 0,
            "stddev": 0,
            "min": 0,
            "p10": 0,
            "p90": 0,
            "p99": 0,
            "max": 0
          },
          "duration": {
            "median": 0,
            "mean": 0,
            "mdev": 0,
            "stddev": 0,
            "min": 0,
            "p10": 0,
            "p90": 0,
            "p99": 0,
            "max": 0
          }
        },
        "visualElements": {
          "heroes": [
            {
              "height": {
                "median": 222,
                "mean": 222,
                "mdev": 0,
                "stddev": 0,
                "min": 222,
                "p10": 222,
                "p90": 222,
                "p99": 222,
                "max": 222
              },
              "width": {
                "median": 184,
                "mean": 184,
                "mdev": 0,
                "stddev": 0,
                "min": 184,
                "p10": 184,
                "p90": 184,
                "p99": 184,
                "max": 184
              },
              "x": {
                "median": 39,
                "mean": 39,
                "mdev": 0,
                "stddev": 0,
                "min": 39,
                "p10": 39,
                "p90": 39,
                "p99": 39,
                "max": 39
              },
              "y": {
                "median": 318,
                "mean": 318,
                "mdev": 0,
                "stddev": 0,
                "min": 318,
                "p10": 318,
                "p90": 318,
                "p99": 318,
                "max": 318
              }
            }
          ],
          "viewport": {
            "height": {
              "median": 560,
              "mean": 560,
              "mdev": 0,
              "stddev": 0,
              "min": 560,
              "p10": 560,
              "p90": 560,
              "p99": 560,
              "max": 560
            },
            "width": {
              "median": 360,
              "mean": 360,
              "mdev": 0,
              "stddev": 0,
              "min": 360,
              "p10": 360,
              "p90": 360,
              "p99": 360,
              "max": 360
            }
          }
        }
      },
      "timings": {
        "firstPaint": {
          "median": 1709,
          "mean": 1712,
          "mdev": 21.4838,
          "stddev": 37,
          "min": 1668,
          "p10": 1668,
          "p90": 1759,
          "p99": 1759,
          "max": 1759
        },
        "loadEventEnd": {
          "median": 4755,
          "mean": 4583,
          "mdev": 216.4832,
          "stddev": 375,
          "min": 4063,
          "p10": 4063,
          "p90": 4932,
          "p99": 4932,
          "max": 4932
        },
        "navigationTiming": {
          "connectStart": {
            "median": 32,
            "mean": 32,
            "mdev": 0.7201,
            "stddev": 1,
            "min": 31,
            "p10": 31,
            "p90": 34,
            "p99": 34,
            "max": 34
          },
          "domComplete": {
            "median": 4736,
            "mean": 4565,
            "mdev": 216.2161,
            "stddev": 374,
            "min": 4045,
            "p10": 4045,
            "p90": 4913,
            "p99": 4913,
            "max": 4913
          },
          "domContentLoadedEventEnd": {
            "median": 2051,
            "mean": 2054,
            "mdev": 18.9052,
            "stddev": 33,
            "min": 2016,
            "p10": 2016,
            "p90": 2096,
            "p99": 2096,
            "max": 2096
          },
          "domContentLoadedEventStart": {
            "median": 1983,
            "mean": 1990,
            "mdev": 22.3226,
            "stddev": 39,
            "min": 1946,
            "p10": 1946,
            "p90": 2040,
            "p99": 2040,
            "max": 2040
          },
          "domInteractive": {
            "median": 1495,
            "mean": 1493,
            "mdev": 32.7765,
            "stddev": 57,
            "min": 1422,
            "p10": 1422,
            "p90": 1561,
            "p99": 1561,
            "max": 1561
          },
          "domainLookupEnd": {
            "median": 31,
            "mean": 32,
            "mdev": 0.9813,
            "stddev": 2,
            "min": 30,
            "p10": 30,
            "p90": 34,
            "p99": 34,
            "max": 34
          },
          "domainLookupStart": {
            "median": 31,
            "mean": 32,
            "mdev": 0.9813,
            "stddev": 2,
            "min": 30,
            "p10": 30,
            "p90": 34,
            "p99": 34,
            "max": 34
          },
          "duration": {
            "median": 4755,
            "mean": 4583,
            "mdev": 216.4832,
            "stddev": 375,
            "min": 4063,
            "p10": 4063,
            "p90": 4932,
            "p99": 4932,
            "max": 4932
          },
          "fetchStart": {
            "median": 3,
            "mean": 3,
            "mdev": 0.2722,
            "stddev": 0,
            "min": 2,
            "p10": 2,
            "p90": 3,
            "p99": 3,
            "max": 3
          },
          "loadEventEnd": {
            "median": 4755,
            "mean": 4583,
            "mdev": 216.4832,
            "stddev": 375,
            "min": 4063,
            "p10": 4063,
            "p90": 4932,
            "p99": 4932,
            "max": 4932
          },
          "loadEventStart": {
            "median": 4736,
            "mean": 4565,
            "mdev": 216.2161,
            "stddev": 374,
            "min": 4045,
            "p10": 4045,
            "p90": 4913,
            "p99": 4913,
            "max": 4913
          },
          "redirectEnd": {
            "median": 0,
            "mean": 0,
            "mdev": 0,
            "stddev": 0,
            "min": 0,
            "p10": 0,
            "p90": 0,
            "p99": 0,
            "max": 0
          },
          "redirectStart": {
            "median": 0,
            "mean": 0,
            "mdev": 0,
            "stddev": 0,
            "min": 0,
            "p10": 0,
            "p90": 0,
            "p99": 0,
            "max": 0
          },
          "requestStart": {
            "median": 138,
            "mean": 134,
            "mdev": 5.624,
            "stddev": 10,
            "min": 121,
            "p10": 121,
            "p90": 144,
            "p99": 144,
            "max": 144
          },
          "responseEnd": {
            "median": 334,
            "mean": 333,
            "mdev": 5.683,
            "stddev": 10,
            "min": 320,
            "p10": 320,
            "p90": 344,
            "p99": 344,
            "max": 344
          },
          "responseStart": {
            "median": 334,
            "mean": 333,
            "mdev": 5.683,
            "stddev": 10,
            "min": 320,
            "p10": 320,
            "p90": 344,
            "p99": 344,
            "max": 344
          },
          "secureConnectionStart": {
            "median": 48,
            "mean": 50,
            "mdev": 2.3254,
            "stddev": 4,
            "min": 47,
            "p10": 47,
            "p90": 56,
            "p99": 56,
            "max": 56
          },
          "startTime": {
            "median": 0,
            "mean": 0,
            "mdev": 0,
            "stddev": 0,
            "min": 0,
            "p10": 0,
            "p90": 0,
            "p99": 0,
            "max": 0
          },
          "unloadEventEnd": {
            "median": 0,
            "mean": 0,
            "mdev": 0,
            "stddev": 0,
            "min": 0,
            "p10": 0,
            "p90": 0,
            "p99": 0,
            "max": 0
          },
          "unloadEventStart": {
            "median": 0,
            "mean": 0,
            "mdev": 0,
            "stddev": 0,
            "min": 0,
            "p10": 0,
            "p90": 0,
            "p99": 0,
            "max": 0
          },
          "workerStart": {
            "median": 0,
            "mean": 0,
            "mdev": 0,
            "stddev": 0,
            "min": 0,
            "p10": 0,
            "p90": 0,
            "p99": 0,
            "max": 0
          }
        },
        "pageTimings": {
          "backEndTime": {
            "median": 334,
            "mean": 333,
            "mdev": 5.683,
            "stddev": 10,
            "min": 320,
            "p10": 320,
            "p90": 344,
            "p99": 344,
            "max": 344
          },
          "domContentLoadedTime": {
            "median": 1983,
            "mean": 1990,
            "mdev": 22.3226,
            "stddev": 39,
            "min": 1946,
            "p10": 1946,
            "p90": 2040,
            "p99": 2040,
            "max": 2040
          },
          "domInteractiveTime": {
            "median": 1495,
            "mean": 1493,
            "mdev": 32.7765,
            "stddev": 57,
            "min": 1422,
            "p10": 1422,
            "p90": 1561,
            "p99": 1561,
            "max": 1561
          },
          "domainLookupTime": {
            "median": 0,
            "mean": 0,
            "mdev": 0,
            "stddev": 0,
            "min": 0,
            "p10": 0,
            "p90": 0,
            "p99": 0,
            "max": 0
          },
          "frontEndTime": {
            "median": 4393,
            "mean": 4233,
            "mdev": 211.4407,
            "stddev": 366,
            "min": 3726,
            "p10": 3726,
            "p90": 4579,
            "p99": 4579,
            "max": 4579
          },
          "pageDownloadTime": {
            "median": 0,
            "mean": 0,
            "mdev": 0,
            "stddev": 0,
            "min": 0,
            "p10": 0,
            "p90": 0,
            "p99": 0,
            "max": 0
          },
          "pageLoadTime": {
            "median": 4736,
            "mean": 4565,
            "mdev": 216.2161,
            "stddev": 374,
            "min": 4045,
            "p10": 4045,
            "p90": 4913,
            "p99": 4913,
            "max": 4913
          },
          "redirectionTime": {
            "median": 0,
            "mean": 0,
            "mdev": 0,
            "stddev": 0,
            "min": 0,
            "p10": 0,
            "p90": 0,
            "p99": 0,
            "max": 0
          },
          "serverConnectionTime": {
            "median": 105,
            "mean": 101,
            "mdev": 6.7987,
            "stddev": 12,
            "min": 85,
            "p10": 85,
            "p90": 113,
            "p99": 113,
            "max": 113
          },
          "serverResponseTime": {
            "median": 199,
            "mean": 198,
            "mdev": 3.559,
            "stddev": 6,
            "min": 190,
            "p10": 190,
            "p90": 205,
            "p99": 205,
            "max": 205
          }
        },
        "rumSpeedIndex": {
          "median": 334,
          "mean": 332,
          "mdev": 5.7155,
          "stddev": 10,
          "min": 319,
          "p10": 319,
          "p90": 343,
          "p99": 343,
          "max": 343
        },
        "timeToContentfulPaint": {
          "median": 1925,
          "mean": 1910,
          "mdev": 21.1362,
          "stddev": 37,
          "min": 1860,
          "p10": 1860,
          "p90": 1946,
          "p99": 1946,
          "max": 1946
        },
        "timeToDomContentFlushed": {
          "median": 1682,
          "mean": 1678,
          "mdev": 32.3396,
          "stddev": 56,
          "min": 1607,
          "p10": 1607,
          "p90": 1744,
          "p99": 1744,
          "max": 1744
        },
        "timeToFirstInteractive": {
          "median": 7422,
          "mean": 7422,
          "mdev": 0,
          "stddev": 0,
          "min": 7422,
          "p10": 7422,
          "p90": 7422,
          "p99": 7422,
          "max": 7422
        }
      }
    }
  }
]