[
  {
    "info": {
      "browsertime": {
        "version": "8.4.0"
      },
      "url": "https://www.chase.com/",
      "timestamp": "2021-03-30T20:49:48+04:00",
      "connectivity": {
        "engine": "external",
        "profile": "native"
      },
      "extra": {}
    },
    "files": {
      "video": [],
      "screenshot": [],
      "timeline": [],
      "consoleLog": [],
      "netLog": [],
      "perfLog": []
    },
    "cdp": {
      "performance": []
    },
    "timestamps": [
      "2021-03-30T20:49:34+04:00",
      "2021-03-30T20:49:54+04:00",
      "2021-03-30T20:50:12+04:00"
    ],
    "browserScripts": [
      {
        "browser": {
          "appConstants": {
            "ACCESSIBILITY": true,
            "ANDROID_PACKAGE_NAME": "org.mozilla.firefox",
            "ASAN": false,
            "ASAN_REPORTER": false,
            "BROWSER_CHROME_URL": "chrome://browser/content/browser.xul",
            "DEBUG": false,
            "DEBUG_JS_MODULES": "",
            "DLL_PREFIX": "lib",
            "DLL_SUFFIX": ".so",
            "EARLY_BETA_OR_EARLIER": false,
            "FENNEC_NIGHTLY": false,
            "HAVE_SHELL_SERVICE": false,
            "HAVE_USR_LIB64_DIR": false,
            "MENUBAR_CAN_AUTOHIDE": false,
            "MOZILLA_OFFICIAL": true,
            "MOZ_ALLOW_LEGACY_EXTENSIONS": false,
            "MOZ_ANDROID_ACTIVITY_STREAM": false,
            "MOZ_ANDROID_HISTORY": true,
            "MOZ_ANDROID_MOZILLA_ONLINE": false,
            "MOZ_APP_NAME": "fennec",
            "MOZ_APP_VERSION": "68.1.1",
            "MOZ_APP_VERSION_DISPLAY": "68.1.1",
            "MOZ_BING_API_CLIENTID": "no-bing-api-clientid",
            "MOZ_BING_API_KEY": "no-bing-api-key",
            "MOZ_BITS_DOWNLOAD": false,
            "MOZ_BUILD_APP": "mobile/android",
            "MOZ_CODE_COVERAGE": false,
            "MOZ_CRASHREPORTER": true,
            "MOZ_DATA_REPORTING": true,
            "MOZ_DEV_EDITION": false,
            "MOZ_GECKO_PROFILER": true,
            "MOZ_GOOGLE_LOCATION_SERVICE_API_KEY": "AIzaSyB2h2OuRcUgy5N-5hsZqiPW6sH3n_rptiQ",
            "MOZ_GOOGLE_SAFEBROWSING_API_KEY": "AIzaSyC7jsptDS3am4tPx4r3nxis7IMjBc5Dovo",
            "MOZ_GRAPHENE": false,
            "MOZ_MACBUNDLE_NAME": "Firefox.app",
            "MOZ_MAINTENANCE_SERVICE": false,
            "MOZ_MOZILLA_API_KEY": "3b4d27dd-703d-4094-8398-4de2c763505a",
            "MOZ_NEW_CERT_STORAGE": false,
            "MOZ_NEW_NOTIFICATION_STORE": false,
            "MOZ_NEW_XULSTORE": false,
            "MOZ_OFFICIAL_BRANDING": false,
            "MOZ_PLACES": false,
            "MOZ_REQUIRE_SIGNING": false,
            "MOZ_SANDBOX": false,
            "MOZ_SERVICES_HEALTHREPORT": true,
            "MOZ_SERVICES_SYNC": false,
            "MOZ_SWITCHBOARD": true,
            "MOZ_SYSTEM_NSS": false,
            "MOZ_TELEMETRY_ON_BY_DEFAULT": false,
            "MOZ_TELEMETRY_REPORTING": true,
            "MOZ_UNSIGNED_SCOPES": 0,
            "MOZ_UPDATER": false,
            "MOZ_UPDATE_CHANNEL": "release",
            "MOZ_WEBRTC": true,
            "MOZ_WIDGET_GTK": false,
            "MOZ_WIDGET_TOOLKIT": "android",
            "NIGHTLY_BUILD": false,
            "OMNIJAR_NAME": "assets/omni.ja",
            "RELEASE_OR_BETA": true,
            "SOURCE_REVISION_URL": "https://hg.mozilla.org/releases/mozilla-esr68/rev/d2e0b9e17b9bc1ef02606c8006b73293f7892ad5",
            "TELEMETRY_PING_FORMAT_VERSION": 4,
            "XP_UNIX": true,
            "isPlatformAndVersionAtLeast": {},
            "isPlatformAndVersionAtMost": {},
            "platform": "android"
          },
          "asyncAppConstants": {
            "ACCESSIBILITY": true,
            "ANDROID_PACKAGE_NAME": "org.mozilla.firefox",
            "ASAN": false,
            "ASAN_REPORTER": false,
            "BROWSER_CHROME_URL": "chrome://browser/content/browser.xul",
            "DEBUG": false,
            "DEBUG_JS_MODULES": "",
            "DLL_PREFIX": "lib",
            "DLL_SUFFIX": ".so",
            "EARLY_BETA_OR_EARLIER": false,
            "FENNEC_NIGHTLY": false,
            "HAVE_SHELL_SERVICE": false,
            "HAVE_USR_LIB64_DIR": false,
            "MENUBAR_CAN_AUTOHIDE": false,
            "MOZILLA_OFFICIAL": true,
            "MOZ_ALLOW_LEGACY_EXTENSIONS": false,
            "MOZ_ANDROID_ACTIVITY_STREAM": false,
            "MOZ_ANDROID_HISTORY": true,
            "MOZ_ANDROID_MOZILLA_ONLINE": false,
            "MOZ_APP_NAME": "fennec",
            "MOZ_APP_VERSION": "68.1.1",
            "MOZ_APP_VERSION_DISPLAY": "68.1.1",
            "MOZ_BING_API_CLIENTID": "no-bing-api-clientid",
            "MOZ_BING_API_KEY": "no-bing-api-key",
            "MOZ_BITS_DOWNLOAD": false,
            "MOZ_BUILD_APP": "mobile/android",
            "MOZ_CODE_COVERAGE": false,
            "MOZ_CRASHREPORTER": true,
            "MOZ_DATA_REPORTING": true,
            "MOZ_DEV_EDITION": false,
            "MOZ_GECKO_PROFILER": true,
            "MOZ_GOOGLE_LOCATION_SERVICE_API_KEY": "AIzaSyB2h2OuRcUgy5N-5hsZqiPW6sH3n_rptiQ",
            "MOZ_GOOGLE_SAFEBROWSING_API_KEY": "AIzaSyC7jsptDS3am4tPx4r3nxis7IMjBc5Dovo",
            "MOZ_GRAPHENE": false,
            "MOZ_MACBUNDLE_NAME": "Firefox.app",
            "MOZ_MAINTENANCE_SERVICE": false,
            "MOZ_MOZILLA_API_KEY": "3b4d27dd-703d-4094-8398-4de2c763505a",
            "MOZ_NEW_CERT_STORAGE": false,
            "MOZ_NEW_NOTIFICATION_STORE": false,
            "MOZ_NEW_XULSTORE": false,
            "MOZ_OFFICIAL_BRANDING": false,
            "MOZ_PLACES": false,
            "MOZ_REQUIRE_SIGNING": false,
            "MOZ_SANDBOX": false,
            "MOZ_SERVICES_HEALTHREPORT": true,
            "MOZ_SERVICES_SYNC": false,
            "MOZ_SWITCHBOARD": true,
            "MOZ_SYSTEM_NSS": false,
            "MOZ_TELEMETRY_ON_BY_DEFAULT": false,
            "MOZ_TELEMETRY_REPORTING": true,
            "MOZ_UNSIGNED_SCOPES": 0,
            "MOZ_UPDATER": false,
            "MOZ_UPDATE_CHANNEL": "release",
            "MOZ_WEBRTC": true,
            "MOZ_WIDGET_GTK": false,
            "MOZ_WIDGET_TOOLKIT": "android",
            "NIGHTLY_BUILD": false,
            "OMNIJAR_NAME": "assets/omni.ja",
            "RELEASE_OR_BETA": true,
            "SOURCE_REVISION_URL": "https://hg.mozilla.org/releases/mozilla-esr68/rev/d2e0b9e17b9bc1ef02606c8006b73293f7892ad5",
            "TELEMETRY_PING_FORMAT_VERSION": 4,
            "XP_UNIX": true,
            "isPlatformAndVersionAtLeast": {},
            "isPlatformAndVersionAtMost": {},
            "platform": "android"
          },
          "userAgent": "Mozilla/5.0 (Android 9; Mobile; rv:68.0) Gecko/68.0 Firefox/68.0",
          "windowSize": "360x612"
        },
        "pageinfo": {
          "documentHeight": 5477,
          "documentSize": {
            "decodedBodySize": 67459,
            "encodedBodySize": 17122,
            "transferSize": 17966
          },
          "documentTitle": "Credit Card, Mortgage, Banking, Auto | Chase Online | Chase.com",
          "documentWidth": 360,
          "domElements": 813,
          "navigationStartTime": 1617122975555,
          "nextHopProtocol": "http/1.1",
          "resources": {
            "count": 0,
            "duration": 0
          },
          "responsive": true,
          "url": "https://www.chase.com/",
          "visualElements": {
            "heroes": [
              {
                "filename": "enjoy-200-fg.png",
                "height": 115,
                "name": "LargestImage",
                "width": 115,
                "x": 8,
                "y": 249
              },
              {
                "filename": null,
                "height": 1,
                "name": "Heading",
                "width": 1,
                "x": 0,
                "y": 199
              }
            ],
            "viewport": {
              "height": 612,
              "width": 360
            }
          }
        },
        "timings": {
          "firstPaint": 4075,
          "loadEventEnd": 5509,
          "navigationTiming": {
            "connectStart": 210,
            "domComplete": 5392,
            "domContentLoadedEventEnd": 4070,
            "domContentLoadedEventStart": 4062,
            "domInteractive": 3996,
            "domainLookupEnd": 209,
            "domainLookupStart": 209,
            "duration": 5509,
            "fetchStart": 3,
            "loadEventEnd": 5509,
            "loadEventStart": 5392,
            "redirectEnd": 0,
            "redirectStart": 0,
            "requestStart": 1124,
            "responseEnd": 1547,
            "responseStart": 1249,
            "secureConnectionStart": 479,
            "startTime": 0,
            "unloadEventEnd": 0,
            "unloadEventStart": 0,
            "workerStart": 0
          },
          "pageTimings": {
            "backEndTime": 1249,
            "domContentLoadedTime": 4062,
            "domInteractiveTime": 3996,
            "domainLookupTime": 0,
            "frontEndTime": 3845,
            "pageDownloadTime": 298,
            "pageLoadTime": 5392,
            "redirectionTime": 0,
            "serverConnectionTime": 913,
            "serverResponseTime": 423
          },
          "rumSpeedIndex": 1248,
          "timeToContentfulPaint": 4221,
          "timeToDomContentFlushed": 4055,
          "userTimings": {
            "marks": [],
            "measures": []
          }
        }
      },
      {
        "browser": {
          "appConstants": {
            "ACCESSIBILITY": true,
            "ANDROID_PACKAGE_NAME": "org.mozilla.firefox",
            "ASAN": false,
            "ASAN_REPORTER": false,
            "BROWSER_CHROME_URL": "chrome://browser/content/browser.xul",
            "DEBUG": false,
            "DEBUG_JS_MODULES": "",
            "DLL_PREFIX": "lib",
            "DLL_SUFFIX": ".so",
            "EARLY_BETA_OR_EARLIER": false,
            "FENNEC_NIGHTLY": false,
            "HAVE_SHELL_SERVICE": false,
            "HAVE_USR_LIB64_DIR": false,
            "MENUBAR_CAN_AUTOHIDE": false,
            "MOZILLA_OFFICIAL": true,
            "MOZ_ALLOW_LEGACY_EXTENSIONS": false,
            "MOZ_ANDROID_ACTIVITY_STREAM": false,
            "MOZ_ANDROID_HISTORY": true,
            "MOZ_ANDROID_MOZILLA_ONLINE": false,
            "MOZ_APP_NAME": "fennec",
            "MOZ_APP_VERSION": "68.1.1",
            "MOZ_APP_VERSION_DISPLAY": "68.1.1",
            "MOZ_BING_API_CLIENTID": "no-bing-api-clientid",
            "MOZ_BING_API_KEY": "no-bing-api-key",
            "MOZ_BITS_DOWNLOAD": false,
            "MOZ_BUILD_APP": "mobile/android",
            "MOZ_CODE_COVERAGE": false,
            "MOZ_CRASHREPORTER": true,
            "MOZ_DATA_REPORTING": true,
            "MOZ_DEV_EDITION": false,
            "MOZ_GECKO_PROFILER": true,
            "MOZ_GOOGLE_LOCATION_SERVICE_API_KEY": "AIzaSyB2h2OuRcUgy5N-5hsZqiPW6sH3n_rptiQ",
            "MOZ_GOOGLE_SAFEBROWSING_API_KEY": "AIzaSyC7jsptDS3am4tPx4r3nxis7IMjBc5Dovo",
            "MOZ_GRAPHENE": false,
            "MOZ_MACBUNDLE_NAME": "Firefox.app",
            "MOZ_MAINTENANCE_SERVICE": false,
            "MOZ_MOZILLA_API_KEY": "3b4d27dd-703d-4094-8398-4de2c763505a",
            "MOZ_NEW_CERT_STORAGE": false,
            "MOZ_NEW_NOTIFICATION_STORE": false,
            "MOZ_NEW_XULSTORE": false,
            "MOZ_OFFICIAL_BRANDING": false,
            "MOZ_PLACES": false,
            "MOZ_REQUIRE_SIGNING": false,
            "MOZ_SANDBOX": false,
            "MOZ_SERVICES_HEALTHREPORT": true,
            "MOZ_SERVICES_SYNC": false,
            "MOZ_SWITCHBOARD": true,
            "MOZ_SYSTEM_NSS": false,
            "MOZ_TELEMETRY_ON_BY_DEFAULT": false,
            "MOZ_TELEMETRY_REPORTING": true,
            "MOZ_UNSIGNED_SCOPES": 0,
            "MOZ_UPDATER": false,
            "MOZ_UPDATE_CHANNEL": "release",
            "MOZ_WEBRTC": true,
            "MOZ_WIDGET_GTK": false,
            "MOZ_WIDGET_TOOLKIT": "android",
            "NIGHTLY_BUILD": false,
            "OMNIJAR_NAME": "assets/omni.ja",
            "RELEASE_OR_BETA": true,
            "SOURCE_REVISION_URL": "https://hg.mozilla.org/releases/mozilla-esr68/rev/d2e0b9e17b9bc1ef02606c8006b73293f7892ad5",
            "TELEMETRY_PING_FORMAT_VERSION": 4,
            "XP_UNIX": true,
            "isPlatformAndVersionAtLeast": {},
            "isPlatformAndVersionAtMost": {},
            "platform": "android"
          },
          "asyncAppConstants": {
            "ACCESSIBILITY": true,
            "ANDROID_PACKAGE_NAME": "org.mozilla.firefox",
            "ASAN": false,
            "ASAN_REPORTER": false,
            "BROWSER_CHROME_URL": "chrome://browser/content/browser.xul",
            "DEBUG": false,
            "DEBUG_JS_MODULES": "",
            "DLL_PREFIX": "lib",
            "DLL_SUFFIX": ".so",
            "EARLY_BETA_OR_EARLIER": false,
            "FENNEC_NIGHTLY": false,
            "HAVE_SHELL_SERVICE": false,
            "HAVE_USR_LIB64_DIR": false,
            "MENUBAR_CAN_AUTOHIDE": false,
            "MOZILLA_OFFICIAL": true,
            "MOZ_ALLOW_LEGACY_EXTENSIONS": false,
            "MOZ_ANDROID_ACTIVITY_STREAM": false,
            "MOZ_ANDROID_HISTORY": true,
            "MOZ_ANDROID_MOZILLA_ONLINE": false,
            "MOZ_APP_NAME": "fennec",
            "MOZ_APP_VERSION": "68.1.1",
            "MOZ_APP_VERSION_DISPLAY": "68.1.1",
            "MOZ_BING_API_CLIENTID": "no-bing-api-clientid",
            "MOZ_BING_API_KEY": "no-bing-api-key",
            "MOZ_BITS_DOWNLOAD": false,
            "MOZ_BUILD_APP": "mobile/android",
            "MOZ_CODE_COVERAGE": false,
            "MOZ_CRASHREPORTER": true,
            "MOZ_DATA_REPORTING": true,
            "MOZ_DEV_EDITION": false,
            "MOZ_GECKO_PROFILER": true,
            "MOZ_GOOGLE_LOCATION_SERVICE_API_KEY": "AIzaSyB2h2OuRcUgy5N-5hsZqiPW6sH3n_rptiQ",
            "MOZ_GOOGLE_SAFEBROWSING_API_KEY": "AIzaSyC7jsptDS3am4tPx4r3nxis7IMjBc5Dovo",
            "MOZ_GRAPHENE": false,
            "MOZ_MACBUNDLE_NAME": "Firefox.app",
            "MOZ_MAINTENANCE_SERVICE": false,
            "MOZ_MOZILLA_API_KEY": "3b4d27dd-703d-4094-8398-4de2c763505a",
            "MOZ_NEW_CERT_STORAGE": false,
            "MOZ_NEW_NOTIFICATION_STORE": false,
            "MOZ_NEW_XULSTORE": false,
            "MOZ_OFFICIAL_BRANDING": false,
            "MOZ_PLACES": false,
            "MOZ_REQUIRE_SIGNING": false,
            "MOZ_SANDBOX": false,
            "MOZ_SERVICES_HEALTHREPORT": true,
            "MOZ_SERVICES_SYNC": false,
            "MOZ_SWITCHBOARD": true,
            "MOZ_SYSTEM_NSS": false,
            "MOZ_TELEMETRY_ON_BY_DEFAULT": false,
            "MOZ_TELEMETRY_REPORTING": true,
            "MOZ_UNSIGNED_SCOPES": 0,
            "MOZ_UPDATER": false,
            "MOZ_UPDATE_CHANNEL": "release",
            "MOZ_WEBRTC": true,
            "MOZ_WIDGET_GTK": false,
            "MOZ_WIDGET_TOOLKIT": "android",
            "NIGHTLY_BUILD": false,
            "OMNIJAR_NAME": "assets/omni.ja",
            "RELEASE_OR_BETA": true,
            "SOURCE_REVISION_URL": "https://hg.mozilla.org/releases/mozilla-esr68/rev/d2e0b9e17b9bc1ef02606c8006b73293f7892ad5",
            "TELEMETRY_PING_FORMAT_VERSION": 4,
            "XP_UNIX": true,
            "isPlatformAndVersionAtLeast": {},
            "isPlatformAndVersionAtMost": {},
            "platform": "android"
          },
          "userAgent": "Mozilla/5.0 (Android 9; Mobile; rv:68.0) Gecko/68.0 Firefox/68.0",
          "windowSize": "360x612"
        },
        "pageinfo": {
          "documentHeight": 5407,
          "documentSize": {
            "decodedBodySize": 67459,
            "encodedBodySize": 17122,
            "transferSize": 17966
          },
          "documentTitle": "Credit Card, Mortgage, Banking, Auto | Chase Online | Chase.com",
          "documentWidth": 360,
          "domElements": 729,
          "navigationStartTime": 1617122994740,
          "nextHopProtocol": "http/1.1",
          "resources": {
            "count": 0,
            "duration": 0
          },
          "responsive": true,
          "url": "https://www.chase.com/",
          "visualElements": {
            "heroes": [
              {
                "filename": null,
                "height": 1,
                "name": "Heading",
                "width": 1,
                "x": 0,
                "y": 129
              }
            ],
            "viewport": {
              "height": 612,
              "width": 360
            }
          }
        },
        "timings": {
          "firstPaint": 3709,
          "loadEventEnd": 4657,
          "navigationTiming": {
            "connectStart": 138,
            "domComplete": 4566,
            "domContentLoadedEventEnd": 3645,
            "domContentLoadedEventStart": 3635,
            "domInteractive": 3631,
            "domainLookupEnd": 137,
            "domainLookupStart": 137,
            "duration": 4657,
            "fetchStart": 2,
            "loadEventEnd": 4657,
            "loadEventStart": 4566,
            "redirectEnd": 0,
            "redirectStart": 0,
            "requestStart": 821,
            "responseEnd": 1100,
            "responseStart": 994,
            "secureConnectionStart": 403,
            "startTime": 0,
            "unloadEventEnd": 0,
            "unloadEventStart": 0,
            "workerStart": 0
          },
          "pageTimings": {
            "backEndTime": 994,
            "domContentLoadedTime": 3635,
            "domInteractiveTime": 3631,
            "domainLookupTime": 0,
            "frontEndTime": 3467,
            "pageDownloadTime": 106,
            "pageLoadTime": 4566,
            "redirectionTime": 0,
            "serverConnectionTime": 682,
            "serverResponseTime": 279
          },
          "rumSpeedIndex": 994,
          "timeToContentfulPaint": 3869,
          "timeToDomContentFlushed": 3707,
          "userTimings": {
            "marks": [],
            "measures": []
          }
        }
      },
      {
        "browser": {
          "appConstants": {
            "ACCESSIBILITY": true,
            "ANDROID_PACKAGE_NAME": "org.mozilla.firefox",
            "ASAN": false,
            "ASAN_REPORTER": false,
            "BROWSER_CHROME_URL": "chrome://browser/content/browser.xul",
            "DEBUG": false,
            "DEBUG_JS_MODULES": "",
            "DLL_PREFIX": "lib",
            "DLL_SUFFIX": ".so",
            "EARLY_BETA_OR_EARLIER": false,
            "FENNEC_NIGHTLY": false,
            "HAVE_SHELL_SERVICE": false,
            "HAVE_USR_LIB64_DIR": false,
            "MENUBAR_CAN_AUTOHIDE": false,
            "MOZILLA_OFFICIAL": true,
            "MOZ_ALLOW_LEGACY_EXTENSIONS": false,
            "MOZ_ANDROID_ACTIVITY_STREAM": false,
            "MOZ_ANDROID_HISTORY": true,
            "MOZ_ANDROID_MOZILLA_ONLINE": false,
            "MOZ_APP_NAME": "fennec",
            "MOZ_APP_VERSION": "68.1.1",
            "MOZ_APP_VERSION_DISPLAY": "68.1.1",
            "MOZ_BING_API_CLIENTID": "no-bing-api-clientid",
            "MOZ_BING_API_KEY": "no-bing-api-key",
            "MOZ_BITS_DOWNLOAD": false,
            "MOZ_BUILD_APP": "mobile/android",
            "MOZ_CODE_COVERAGE": false,
            "MOZ_CRASHREPORTER": true,
            "MOZ_DATA_REPORTING": true,
            "MOZ_DEV_EDITION": false,
            "MOZ_GECKO_PROFILER": true,
            "MOZ_GOOGLE_LOCATION_SERVICE_API_KEY": "AIzaSyB2h2OuRcUgy5N-5hsZqiPW6sH3n_rptiQ",
            "MOZ_GOOGLE_SAFEBROWSING_API_KEY": "AIzaSyC7jsptDS3am4tPx4r3nxis7IMjBc5Dovo",
            "MOZ_GRAPHENE": false,
            "MOZ_MACBUNDLE_NAME": "Firefox.app",
            "MOZ_MAINTENANCE_SERVICE": false,
            "MOZ_MOZILLA_API_KEY": "3b4d27dd-703d-4094-8398-4de2c763505a",
            "MOZ_NEW_CERT_STORAGE": false,
            "MOZ_NEW_NOTIFICATION_STORE": false,
            "MOZ_NEW_XULSTORE": false,
            "MOZ_OFFICIAL_BRANDING": false,
            "MOZ_PLACES": false,
            "MOZ_REQUIRE_SIGNING": false,
            "MOZ_SANDBOX": false,
            "MOZ_SERVICES_HEALTHREPORT": true,
            "MOZ_SERVICES_SYNC": false,
            "MOZ_SWITCHBOARD": true,
            "MOZ_SYSTEM_NSS": false,
            "MOZ_TELEMETRY_ON_BY_DEFAULT": false,
            "MOZ_TELEMETRY_REPORTING": true,
            "MOZ_UNSIGNED_SCOPES": 0,
            "MOZ_UPDATER": false,
            "MOZ_UPDATE_CHANNEL": "release",
            "MOZ_WEBRTC": true,
            "MOZ_WIDGET_GTK": false,
            "MOZ_WIDGET_TOOLKIT": "android",
            "NIGHTLY_BUILD": false,
            "OMNIJAR_NAME": "assets/omni.ja",
            "RELEASE_OR_BETA": true,
            "SOURCE_REVISION_URL": "https://hg.mozilla.org/releases/mozilla-esr68/rev/d2e0b9e17b9bc1ef02606c8006b73293f7892ad5",
            "TELEMETRY_PING_FORMAT_VERSION": 4,
            "XP_UNIX": true,
            "isPlatformAndVersionAtLeast": {},
            "isPlatformAndVersionAtMost": {},
            "platform": "android"
          },
          "asyncAppConstants": {
            "ACCESSIBILITY": true,
            "ANDROID_PACKAGE_NAME": "org.mozilla.firefox",
            "ASAN": false,
            "ASAN_REPORTER": false,
            "BROWSER_CHROME_URL": "chrome://browser/content/browser.xul",
            "DEBUG": false,
            "DEBUG_JS_MODULES": "",
            "DLL_PREFIX": "lib",
            "DLL_SUFFIX": ".so",
            "EARLY_BETA_OR_EARLIER": false,
            "FENNEC_NIGHTLY": false,
            "HAVE_SHELL_SERVICE": false,
            "HAVE_USR_LIB64_DIR": false,
            "MENUBAR_CAN_AUTOHIDE": false,
            "MOZILLA_OFFICIAL": true,
            "MOZ_ALLOW_LEGACY_EXTENSIONS": false,
            "MOZ_ANDROID_ACTIVITY_STREAM": false,
            "MOZ_ANDROID_HISTORY": true,
            "MOZ_ANDROID_MOZILLA_ONLINE": false,
            "MOZ_APP_NAME": "fennec",
            "MOZ_APP_VERSION": "68.1.1",
            "MOZ_APP_VERSION_DISPLAY": "68.1.1",
            "MOZ_BING_API_CLIENTID": "no-bing-api-clientid",
            "MOZ_BING_API_KEY": "no-bing-api-key",
            "MOZ_BITS_DOWNLOAD": false,
            "MOZ_BUILD_APP": "mobile/android",
            "MOZ_CODE_COVERAGE": false,
            "MOZ_CRASHREPORTER": true,
            "MOZ_DATA_REPORTING": true,
            "MOZ_DEV_EDITION": false,
            "MOZ_GECKO_PROFILER": true,
            "MOZ_GOOGLE_LOCATION_SERVICE_API_KEY": "AIzaSyB2h2OuRcUgy5N-5hsZqiPW6sH3n_rptiQ",
            "MOZ_GOOGLE_SAFEBROWSING_API_KEY": "AIzaSyC7jsptDS3am4tPx4r3nxis7IMjBc5Dovo",
            "MOZ_GRAPHENE": false,
            "MOZ_MACBUNDLE_NAME": "Firefox.app",
            "MOZ_MAINTENANCE_SERVICE": false,
            "MOZ_MOZILLA_API_KEY": "3b4d27dd-703d-4094-8398-4de2c763505a",
            "MOZ_NEW_CERT_STORAGE": false,
            "MOZ_NEW_NOTIFICATION_STORE": false,
            "MOZ_NEW_XULSTORE": false,
            "MOZ_OFFICIAL_BRANDING": false,
            "MOZ_PLACES": false,
            "MOZ_REQUIRE_SIGNING": false,
            "MOZ_SANDBOX": false,
            "MOZ_SERVICES_HEALTHREPORT": true,
            "MOZ_SERVICES_SYNC": false,
            "MOZ_SWITCHBOARD": true,
            "MOZ_SYSTEM_NSS": false,
            "MOZ_TELEMETRY_ON_BY_DEFAULT": false,
            "MOZ_TELEMETRY_REPORTING": true,
            "MOZ_UNSIGNED_SCOPES": 0,
            "MOZ_UPDATER": false,
            "MOZ_UPDATE_CHANNEL": "release",
            "MOZ_WEBRTC": true,
            "MOZ_WIDGET_GTK": false,
            "MOZ_WIDGET_TOOLKIT": "android",
            "NIGHTLY_BUILD": false,
            "OMNIJAR_NAME": "assets/omni.ja",
            "RELEASE_OR_BETA": true,
            "SOURCE_REVISION_URL": "https://hg.mozilla.org/releases/mozilla-esr68/rev/d2e0b9e17b9bc1ef02606c8006b73293f7892ad5",
            "TELEMETRY_PING_FORMAT_VERSION": 4,
            "XP_UNIX": true,
            "isPlatformAndVersionAtLeast": {},
            "isPlatformAndVersionAtMost": {},
            "platform": "android"
          },
          "userAgent": "Mozilla/5.0 (Android 9; Mobile; rv:68.0) Gecko/68.0 Firefox/68.0",
          "windowSize": "360x612"
        },
        "pageinfo": {
          "documentHeight": 5883,
          "documentSize": {
            "decodedBodySize": 67459,
            "encodedBodySize": 17122,
            "transferSize": 17941
          },
          "documentTitle": "Credit Card, Mortgage, Banking, Auto | Chase Online | Chase.com",
          "documentWidth": 360,
          "domElements": 767,
          "navigationStartTime": 1617123013119,
          "nextHopProtocol": "http/1.1",
          "resources": {
            "count": 0,
            "duration": 0
          },
          "responsive": true,
          "url": "https://www.chase.com/",
          "visualElements": {
            "heroes": [
              {
                "filename": "enjoy-200-fg.png",
                "height": 115,
                "name": "LargestImage",
                "width": 115,
                "x": 8,
                "y": 179
              },
              {
                "filename": null,
                "height": 1,
                "name": "Heading",
                "width": 1,
                "x": 0,
                "y": 129
              }
            ],
            "viewport": {
              "height": 612,
              "width": 360
            }
          }
        },
        "timings": {
          "firstPaint": 4615,
          "loadEventEnd": 5720,
          "navigationTiming": {
            "connectStart": 45,
            "domComplete": 5624,
            "domContentLoadedEventEnd": 4673,
            "domContentLoadedEventStart": 4664,
            "domInteractive": 4548,
            "domainLookupEnd": 45,
            "domainLookupStart": 45,
            "duration": 5720,
            "fetchStart": 2,
            "loadEventEnd": 5720,
            "loadEventStart": 5624,
            "redirectEnd": 0,
            "redirectStart": 0,
            "requestStart": 1498,
            "responseEnd": 1913,
            "responseStart": 1623,
            "secureConnectionStart": 777,
            "startTime": 0,
            "unloadEventEnd": 0,
            "unloadEventStart": 0,
            "workerStart": 0
          },
          "pageTimings": {
            "backEndTime": 1623,
            "domContentLoadedTime": 4664,
            "domInteractiveTime": 4548,
            "domainLookupTime": 0,
            "frontEndTime": 3711,
            "pageDownloadTime": 290,
            "pageLoadTime": 5624,
            "redirectionTime": 0,
            "serverConnectionTime": 1452,
            "serverResponseTime": 414
          },
          "rumSpeedIndex": 1622,
          "timeToContentfulPaint": 4763,
          "timeToDomContentFlushed": 4606,
          "userTimings": {
            "marks": [],
            "measures": []
          }
        }
      }
    ],
    "visualMetrics": [],
    "cpu": [],
    "extras": [
      {},
      {},
      {}
    ],
    "fullyLoaded": [],
    "errors": [
      [],
      [],
      []
    ],
    "statistics": {
      "browser": {
        "appConstants": {
          "MOZ_UNSIGNED_SCOPES": {
            "median": 0,
            "mean": 0,
            "mdev": 0,
            "stddev": 0,
            "min": 0,
            "p10": 0,
            "p90": 0,
            "p99": 0,
            "max": 0
          },
          "TELEMETRY_PING_FORMAT_VERSION": {
            "median": 4,
            "mean": 4,
            "mdev": 0,
            "stddev": 0,
            "min": 4,
            "p10": 4,
            "p90": 4,
            "p99": 4,
            "max": 4
          }
        },
        "asyncAppConstants": {
          "MOZ_UNSIGNED_SCOPES": {
            "median": 0,
            "mean": 0,
            "mdev": 0,
            "stddev": 0,
            "min": 0,
            "p10": 0,
            "p90": 0,
            "p99": 0,
            "max": 0
          },
          "TELEMETRY_PING_FORMAT_VERSION": {
            "median": 4,
            "mean": 4,
            "mdev": 0,
            "stddev": 0,
            "min": 4,
            "p10": 4,
            "p90": 4,
            "p99": 4,
            "max": 4
          }
        }
      },
      "pageinfo": {
        "documentHeight": {
          "median": 5477,
          "mean": 5589,
          "mdev": 121.1537,
          "stddev": 210,
          "min": 5407,
          "p10": 5407,
          "p90": 5883,
          "p99": 5883,
          "max": 5883
        },
        "documentSize": {
          "decodedBodySize": {
            "median": 67459,
            "mean": 67459,
            "mdev": 0,
            "stddev": 0,
            "min": 67459,
            "p10": 67459,
            "p90": 67459,
            "p99": 67459,
            "max": 67459
          },
          "encodedBodySize": {
            "median": 17122,
            "mean": 17122,
            "mdev": 0,
            "stddev": 0,
            "min": 17122,
            "p10": 17122,
            "p90": 17122,
            "p99": 17122,
            "max": 17122
          },
          "transferSize": {
            "median": 17966,
            "mean": 17958,
            "mdev": 6.8041,
            "stddev": 12,
            "min": 17941,
            "p10": 17941,
            "p90": 17966,
            "p99": 17966,
            "max": 17966
          }
        },
        "documentWidth": {
          "median": 360,
          "mean": 360,
          "mdev": 0,
          "stddev": 0,
          "min": 360,
          "p10": 360,
          "p90": 360,
          "p99": 360,
          "max": 360
        },
        "domElements": {
          "median": 767,
          "mean": 770,
          "mdev": 19.8289,
          "stddev": 34,
          "min": 729,
          "p10": 729,
          "p90": 813,
          "p99": 813,
          "max": 813
        },
        "navigationStartTime": {
          "median": 1617122994740,
          "mean": 1617122994471,
          "mdev": 0,
          "stddev": 0,
          "min": 1617122975555,
          "p10": 1617122975555,
          "p90": 1617123013119,
          "p99": 1617123013119,
          "max": 1617123013119
        },
        "resources": {
          "count": {
            "median": 0,
            "mean": 0,
            "mdev": 0,
            "stddev": 0,
            "min": 0,
            "p10": 0,
            "p90": 0,
            "p99": 0,
            "max": 0
          },
          "duration": {
            "median": 0,
            "mean": 0,
            "mdev": 0,
            "stddev": 0,
            "min": 0,
            "p10": 0,
            "p90": 0,
            "p99": 0,
            "max": 0
          }
        },
        "visualElements": {
          "heroes": [
            {
              "height": {
                "median": 115,
                "mean": 77,
                "mdev": 31.0269,
                "stddev": 54,
                "min": 1,
                "p10": 1,
                "p90": 115,
                "p99": 115,
                "max": 115
              },
              "width": {
                "median": 115,
                "mean": 77,
                "mdev": 31.0269,
                "stddev": 54,
                "min": 1,
                "p10": 1,
                "p90": 115,
                "p99": 115,
                "max": 115
              },
              "x": {
                "median": 8,
                "mean": 5,
                "mdev": 2.1773,
                "stddev": 4,
                "min": 0,
                "p10": 0,
                "p90": 8,
                "p99": 8,
                "max": 8
              },
              "y": {
                "median": 179,
                "mean": 186,
                "mdev": 28.4149,
                "stddev": 49,
                "min": 129,
                "p10": 129,
                "p90": 249,
                "p99": 249,
                "max": 249
              }
            },
            {
              "height": {
                "median": 1,
                "mean": 1,
                "mdev": 0,
                "stddev": 0,
                "min": 1,
                "p10": 1,
                "p90": 1,
                "p99": 1,
                "max": 1
              },
              "width": {
                "median": 1,
                "mean": 1,
                "mdev": 0,
                "stddev": 0,
                "min": 1,
                "p10": 1,
                "p90": 1,
                "p99": 1,
                "max": 1
              },
              "x": {
                "median": 0,
                "mean": 0,
                "mdev": 0,
                "stddev": 0,
                "min": 0,
                "p10": 0,
                "p90": 0,
                "p99": 0,
                "max": 0
              },
              "y": {
                "median": 164,
                "mean": 164,
                "mdev": 24.7487,
                "stddev": 35,
                "min": 129,
                "p10": 129,
                "p90": 199,
                "p99": 199,
                "max": 199
              }
            }
          ],
          "viewport": {
            "height": {
              "median": 612,
              "mean": 612,
              "mdev": 0,
              "stddev": 0,
              "min": 612,
              "p10": 612,
              "p90": 612,
              "p99": 612,
              "max": 612
            },
            "width": {
              "median": 360,
              "mean": 360,
              "mdev": 0,
              "stddev": 0,
              "min": 360,
              "p10": 360,
              "p90": 360,
              "p99": 360,
              "max": 360
            }
          }
        }
      },
      "timings": {
        "firstPaint": {
          "median": 4075,
          "mean": 4133,
          "mdev": 214.855,
          "stddev": 372,
          "min": 3709,
          "p10": 3709,
          "p90": 4615,
          "p99": 4615,
          "max": 4615
        },
        "loadEventEnd": {
          "median": 5509,
          "mean": 5295,
          "mdev": 265.3016,
          "stddev": 460,
          "min": 4657,
          "p10": 4657,
          "p90": 5720,
          "p99": 5720,
          "max": 5720
        },
        "navigationTiming": {
          "connectStart": {
            "median": 138,
            "mean": 131,
            "mdev": 38.9957,
            "stddev": 68,
            "min": 45,
            "p10": 45,
            "p90": 210,
            "p99": 210,
            "max": 210
          },
          "domComplete": {
            "median": 5392,
            "mean": 5194,
            "mdev": 262.1467,
            "stddev": 454,
            "min": 4566,
            "p10": 4566,
            "p90": 5624,
            "p99": 5624,
            "max": 5624
          },
          "domContentLoadedEventEnd": {
            "median": 4070,
            "mean": 4129,
            "mdev": 243.5097,
            "stddev": 422,
            "min": 3645,
            "p10": 3645,
            "p90": 4673,
            "p99": 4673,
            "max": 4673
          },
          "domContentLoadedEventStart": {
            "median": 4062,
            "mean": 4120,
            "mdev": 243.704,
            "stddev": 422,
            "min": 3635,
            "p10": 3635,
            "p90": 4664,
            "p99": 4664,
            "max": 4664
          },
          "domInteractive": {
            "median": 3996,
            "mean": 4058,
            "mdev": 217.6319,
            "stddev": 377,
            "min": 3631,
            "p10": 3631,
            "p90": 4548,
            "p99": 4548,
            "max": 4548
          },
          "domainLookupEnd": {
            "median": 137,
            "mean": 130,
            "mdev": 38.7509,
            "stddev": 67,
            "min": 45,
            "p10": 45,
            "p90": 209,
            "p99": 209,
            "max": 209
          },
          "domainLookupStart": {
            "median": 137,
            "mean": 130,
            "mdev": 38.7509,
            "stddev": 67,
            "min": 45,
            "p10": 45,
            "p90": 209,
            "p99": 209,
            "max": 209
          },
          "duration": {
            "median": 5509,
            "mean": 5295,
            "mdev": 265.3016,
            "stddev": 460,
            "min": 4657,
            "p10": 4657,
            "p90": 5720,
            "p99": 5720,
            "max": 5720
          },
          "fetchStart": {
            "median": 2,
            "mean": 2,
            "mdev": 0.2722,
            "stddev": 0,
            "min": 2,
            "p10": 2,
            "p90": 3,
            "p99": 3,
            "max": 3
          },
          "loadEventEnd": {
            "median": 5509,
            "mean": 5295,
            "mdev": 265.3016,
            "stddev": 460,
            "min": 4657,
            "p10": 4657,
            "p90": 5720,
            "p99": 5720,
            "max": 5720
          },
          "loadEventStart": {
            "median": 5392,
            "mean": 5194,
            "mdev": 262.1467,
            "stddev": 454,
            "min": 4566,
            "p10": 4566,
            "p90": 5624,
            "p99": 5624,
            "max": 5624
          },
          "redirectEnd": {
            "median": 0,
            "mean": 0,
            "mdev": 0,
            "stddev": 0,
            "min": 0,
            "p10": 0,
            "p90": 0,
            "p99": 0,
            "max": 0
          },
          "redirectStart": {
            "median": 0,
            "mean": 0,
            "mdev": 0,
            "stddev": 0,
            "min": 0,
            "p10": 0,
            "p90": 0,
            "p99": 0,
            "max": 0
          },
          "requestStart": {
            "median": 1124,
            "mean": 1148,
            "mdev": 159.8627,
            "stddev": 277,
            "min": 821,
            "p10": 821,
            "p90": 1498,
            "p99": 1498,
            "max": 1498
          },
          "responseEnd": {
            "median": 1547,
            "mean": 1520,
            "mdev": 191.9427,
            "stddev": 332,
            "min": 1100,
            "p10": 1100,
            "p90": 1913,
            "p99": 1913,
            "max": 1913
          },
          "responseStart": {
            "median": 1249,
            "mean": 1289,
            "mdev": 149.1385,
            "stddev": 258,
            "min": 994,
            "p10": 994,
            "p90": 1623,
            "p99": 1623,
            "max": 1623
          },
          "secureConnectionStart": {
            "median": 479,
            "mean": 553,
            "mdev": 93.1856,
            "stddev": 161,
            "min": 403,
            "p10": 403,
            "p90": 777,
            "p99": 777,
            "max": 777
          },
          "startTime": {
            "median": 0,
            "mean": 0,
            "mdev": 0,
            "stddev": 0,
            "min": 0,
            "p10": 0,
            "p90": 0,
            "p99": 0,
            "max": 0
          },
          "unloadEventEnd": {
            "median": 0,
            "mean": 0,
            "mdev": 0,
            "stddev": 0,
            "min": 0,
            "p10": 0,
            "p90": 0,
            "p99": 0,
            "max": 0
          },
          "unloadEventStart": {
            "median": 0,
            "mean": 0,
            "mdev": 0,
            "stddev": 0,
            "min": 0,
            "p10": 0,
            "p90": 0,
            "p99": 0,
            "max": 0
          },
          "workerStart": {
            "median": 0,
            "mean": 0,
            "mdev": 0,
            "stddev": 0,
            "min": 0,
            "p10": 0,
            "p90": 0,
            "p99": 0,
            "max": 0
          }
        },
        "pageTimings": {
          "backEndTime": {
            "median": 1249,
            "mean": 1289,
            "mdev": 149.1385,
            "stddev": 258,
            "min": 994,
            "p10": 994,
            "p90": 1623,
            "p99": 1623,
            "max": 1623
          },
          "domContentLoadedTime": {
            "median": 4062,
            "mean": 4120,
            "mdev": 243.704,
            "stddev": 422,
            "min": 3635,
            "p10": 3635,
            "p90": 4664,
            "p99": 4664,
            "max": 4664
          },
          "domInteractiveTime": {
            "median": 3996,
            "mean": 4058,
            "mdev": 217.6319,
            "stddev": 377,
            "min": 3631,
            "p10": 3631,
            "p90": 4548,
            "p99": 4548,
            "max": 4548
          },
          "domainLookupTime": {
            "median": 0,
            "mean": 0,
            "mdev": 0,
            "stddev": 0,
            "min": 0,
            "p10": 0,
            "p90": 0,
            "p99": 0,
            "max": 0
          },
          "frontEndTime": {
            "median": 3711,
            "mean": 3674,
            "mdev": 90.3442,
            "stddev": 156,
            "min": 3467,
            "p10": 3467,
            "p90": 3845,
            "p99": 3845,
            "max": 3845
          },
          "pageDownloadTime": {
            "median": 290,
            "mean": 231,
            "mdev": 51.2019,
            "stddev": 89,
            "min": 106,
            "p10": 106,
            "p90": 298,
            "p99": 298,
            "max": 298
          },
          "pageLoadTime": {
            "median": 5392,
            "mean": 5194,
            "mdev": 262.1467,
            "stddev": 454,
            "min": 4566,
            "p10": 4566,
            "p90": 5624,
            "p99": 5624,
            "max": 5624
          },
          "redirectionTime": {
            "median": 0,
            "mean": 0,
            "mdev": 0,
            "stddev": 0,
            "min": 0,
            "p10": 0,
            "p90": 0,
            "p99": 0,
            "max": 0
          },
          "serverConnectionTime": {
            "median": 913,
            "mean": 1016,
            "mdev": 186.2676,
            "stddev": 323,
            "min": 682,
            "p10": 682,
            "p90": 1452,
            "p99": 1452,
            "max": 1452
          },
          "serverResponseTime": {
            "median": 414,
            "mean": 372,
            "mdev": 38.0263,
            "stddev": 66,
            "min": 279,
            "p10": 279,
            "p90": 423,
            "p99": 423,
            "max": 423
          }
        },
        "rumSpeedIndex": {
          "median": 1248,
          "mean": 1288,
          "mdev": 148.9191,
          "stddev": 258,
          "min": 994,
          "p10": 994,
          "p90": 1622,
          "p99": 1622,
          "max": 1622
        },
        "timeToContentfulPaint": {
          "median": 4221,
          "mean": 4284,
          "mdev": 212.2982,
          "stddev": 368,
          "min": 3869,
          "p10": 3869,
          "p90": 4763,
          "p99": 4763,
          "max": 4763
        },
        "timeToDomContentFlushed": {
          "median": 4055,
          "mean": 4123,
          "mdev": 213.6895,
          "stddev": 370,
          "min": 3707,
          "p10": 3707,
          "p90": 4606,
          "p99": 4606,
          "max": 4606
        }
      }
    }
  }
]