[
  {
    "info": {
      "browsertime": {
        "version": "8.4.0"
      },
      "url": "https://www.sindonews.com/",
      "timestamp": "2021-03-30T09:23:58+04:00",
      "connectivity": {
        "engine": "external",
        "profile": "native"
      },
      "extra": {}
    },
    "files": {
      "video": [],
      "screenshot": [],
      "timeline": [],
      "consoleLog": [],
      "netLog": [],
      "perfLog": []
    },
    "cdp": {
      "performance": []
    },
    "timestamps": [
      "2021-03-30T09:23:25+04:00",
      "2021-03-30T09:24:10+04:00",
      "2021-03-30T09:24:46+04:00"
    ],
    "browserScripts": [
      {
        "browser": {
          "appConstants": {
            "ACCESSIBILITY": true,
            "ANDROID_PACKAGE_NAME": "org.mozilla.firefox",
            "ASAN": false,
            "ASAN_REPORTER": false,
            "BROWSER_CHROME_URL": "chrome://browser/content/browser.xul",
            "DEBUG": false,
            "DEBUG_JS_MODULES": "",
            "DLL_PREFIX": "lib",
            "DLL_SUFFIX": ".so",
            "EARLY_BETA_OR_EARLIER": false,
            "FENNEC_NIGHTLY": false,
            "HAVE_SHELL_SERVICE": false,
            "HAVE_USR_LIB64_DIR": false,
            "MENUBAR_CAN_AUTOHIDE": false,
            "MOZILLA_OFFICIAL": true,
            "MOZ_ALLOW_LEGACY_EXTENSIONS": false,
            "MOZ_ANDROID_ACTIVITY_STREAM": false,
            "MOZ_ANDROID_HISTORY": true,
            "MOZ_ANDROID_MOZILLA_ONLINE": false,
            "MOZ_APP_NAME": "fennec",
            "MOZ_APP_VERSION": "68.1.1",
            "MOZ_APP_VERSION_DISPLAY": "68.1.1",
            "MOZ_BING_API_CLIENTID": "no-bing-api-clientid",
            "MOZ_BING_API_KEY": "no-bing-api-key",
            "MOZ_BITS_DOWNLOAD": false,
            "MOZ_BUILD_APP": "mobile/android",
            "MOZ_CODE_COVERAGE": false,
            "MOZ_CRASHREPORTER": true,
            "MOZ_DATA_REPORTING": true,
            "MOZ_DEV_EDITION": false,
            "MOZ_GECKO_PROFILER": true,
            "MOZ_GOOGLE_LOCATION_SERVICE_API_KEY": "AIzaSyB2h2OuRcUgy5N-5hsZqiPW6sH3n_rptiQ",
            "MOZ_GOOGLE_SAFEBROWSING_API_KEY": "AIzaSyC7jsptDS3am4tPx4r3nxis7IMjBc5Dovo",
            "MOZ_GRAPHENE": false,
            "MOZ_MACBUNDLE_NAME": "Firefox.app",
            "MOZ_MAINTENANCE_SERVICE": false,
            "MOZ_MOZILLA_API_KEY": "3b4d27dd-703d-4094-8398-4de2c763505a",
            "MOZ_NEW_CERT_STORAGE": false,
            "MOZ_NEW_NOTIFICATION_STORE": false,
            "MOZ_NEW_XULSTORE": false,
            "MOZ_OFFICIAL_BRANDING": false,
            "MOZ_PLACES": false,
            "MOZ_REQUIRE_SIGNING": false,
            "MOZ_SANDBOX": false,
            "MOZ_SERVICES_HEALTHREPORT": true,
            "MOZ_SERVICES_SYNC": false,
            "MOZ_SWITCHBOARD": true,
            "MOZ_SYSTEM_NSS": false,
            "MOZ_TELEMETRY_ON_BY_DEFAULT": false,
            "MOZ_TELEMETRY_REPORTING": true,
            "MOZ_UNSIGNED_SCOPES": 0,
            "MOZ_UPDATER": false,
            "MOZ_UPDATE_CHANNEL": "release",
            "MOZ_WEBRTC": true,
            "MOZ_WIDGET_GTK": false,
            "MOZ_WIDGET_TOOLKIT": "android",
            "NIGHTLY_BUILD": false,
            "OMNIJAR_NAME": "assets/omni.ja",
            "RELEASE_OR_BETA": true,
            "SOURCE_REVISION_URL": "https://hg.mozilla.org/releases/mozilla-esr68/rev/d2e0b9e17b9bc1ef02606c8006b73293f7892ad5",
            "TELEMETRY_PING_FORMAT_VERSION": 4,
            "XP_UNIX": true,
            "isPlatformAndVersionAtLeast": {},
            "isPlatformAndVersionAtMost": {},
            "platform": "android"
          },
          "asyncAppConstants": {
            "ACCESSIBILITY": true,
            "ANDROID_PACKAGE_NAME": "org.mozilla.firefox",
            "ASAN": false,
            "ASAN_REPORTER": false,
            "BROWSER_CHROME_URL": "chrome://browser/content/browser.xul",
            "DEBUG": false,
            "DEBUG_JS_MODULES": "",
            "DLL_PREFIX": "lib",
            "DLL_SUFFIX": ".so",
            "EARLY_BETA_OR_EARLIER": false,
            "FENNEC_NIGHTLY": false,
            "HAVE_SHELL_SERVICE": false,
            "HAVE_USR_LIB64_DIR": false,
            "MENUBAR_CAN_AUTOHIDE": false,
            "MOZILLA_OFFICIAL": true,
            "MOZ_ALLOW_LEGACY_EXTENSIONS": false,
            "MOZ_ANDROID_ACTIVITY_STREAM": false,
            "MOZ_ANDROID_HISTORY": true,
            "MOZ_ANDROID_MOZILLA_ONLINE": false,
            "MOZ_APP_NAME": "fennec",
            "MOZ_APP_VERSION": "68.1.1",
            "MOZ_APP_VERSION_DISPLAY": "68.1.1",
            "MOZ_BING_API_CLIENTID": "no-bing-api-clientid",
            "MOZ_BING_API_KEY": "no-bing-api-key",
            "MOZ_BITS_DOWNLOAD": false,
            "MOZ_BUILD_APP": "mobile/android",
            "MOZ_CODE_COVERAGE": false,
            "MOZ_CRASHREPORTER": true,
            "MOZ_DATA_REPORTING": true,
            "MOZ_DEV_EDITION": false,
            "MOZ_GECKO_PROFILER": true,
            "MOZ_GOOGLE_LOCATION_SERVICE_API_KEY": "AIzaSyB2h2OuRcUgy5N-5hsZqiPW6sH3n_rptiQ",
            "MOZ_GOOGLE_SAFEBROWSING_API_KEY": "AIzaSyC7jsptDS3am4tPx4r3nxis7IMjBc5Dovo",
            "MOZ_GRAPHENE": false,
            "MOZ_MACBUNDLE_NAME": "Firefox.app",
            "MOZ_MAINTENANCE_SERVICE": false,
            "MOZ_MOZILLA_API_KEY": "3b4d27dd-703d-4094-8398-4de2c763505a",
            "MOZ_NEW_CERT_STORAGE": false,
            "MOZ_NEW_NOTIFICATION_STORE": false,
            "MOZ_NEW_XULSTORE": false,
            "MOZ_OFFICIAL_BRANDING": false,
            "MOZ_PLACES": false,
            "MOZ_REQUIRE_SIGNING": false,
            "MOZ_SANDBOX": false,
            "MOZ_SERVICES_HEALTHREPORT": true,
            "MOZ_SERVICES_SYNC": false,
            "MOZ_SWITCHBOARD": true,
            "MOZ_SYSTEM_NSS": false,
            "MOZ_TELEMETRY_ON_BY_DEFAULT": false,
            "MOZ_TELEMETRY_REPORTING": true,
            "MOZ_UNSIGNED_SCOPES": 0,
            "MOZ_UPDATER": false,
            "MOZ_UPDATE_CHANNEL": "release",
            "MOZ_WEBRTC": true,
            "MOZ_WIDGET_GTK": false,
            "MOZ_WIDGET_TOOLKIT": "android",
            "NIGHTLY_BUILD": false,
            "OMNIJAR_NAME": "assets/omni.ja",
            "RELEASE_OR_BETA": true,
            "SOURCE_REVISION_URL": "https://hg.mozilla.org/releases/mozilla-esr68/rev/d2e0b9e17b9bc1ef02606c8006b73293f7892ad5",
            "TELEMETRY_PING_FORMAT_VERSION": 4,
            "XP_UNIX": true,
            "isPlatformAndVersionAtLeast": {},
            "isPlatformAndVersionAtMost": {},
            "platform": "android"
          },
          "userAgent": "Mozilla/5.0 (Android 8.1.0; Mobile; rv:68.0) Gecko/68.0 Firefox/68.0",
          "windowSize": "360x560"
        },
        "pageinfo": {
          "documentHeight": 17140,
          "documentSize": {
            "decodedBodySize": 108399,
            "encodedBodySize": 19744,
            "transferSize": 20354
          },
          "documentTitle": "Berita Terkini Dan Terpercaya - SINDOnews",
          "documentWidth": 360,
          "domElements": 1061,
          "navigationStartTime": 1617081806065,
          "nextHopProtocol": "h2",
          "resources": {
            "count": 0,
            "duration": 0
          },
          "responsive": true,
          "url": "https://www.sindonews.com/",
          "visualElements": {
            "heroes": [
              {
                "filename": "ahli-geologi-teliti-fenomena-tumpukan-tanag-makam-yang-meninggi-iqg.jpg",
                "height": 240,
                "name": "LargestImage",
                "width": 360,
                "x": 0,
                "y": 176
              },
              {
                "filename": null,
                "height": 106,
                "name": "Heading",
                "width": 360,
                "x": 0,
                "y": 416
              }
            ],
            "viewport": {
              "height": 560,
              "width": 360
            }
          }
        },
        "timings": {
          "firstPaint": 1936,
          "loadEventEnd": 23489,
          "navigationTiming": {
            "connectStart": 42,
            "domComplete": 23474,
            "domContentLoadedEventEnd": 3162,
            "domContentLoadedEventStart": 2908,
            "domInteractive": 2879,
            "domainLookupEnd": 41,
            "domainLookupStart": 41,
            "duration": 23489,
            "fetchStart": 2,
            "loadEventEnd": 23489,
            "loadEventStart": 23474,
            "redirectEnd": 0,
            "redirectStart": 0,
            "requestStart": 341,
            "responseEnd": 589,
            "responseStart": 582,
            "secureConnectionStart": 167,
            "startTime": 0,
            "unloadEventEnd": 0,
            "unloadEventStart": 0,
            "workerStart": 0
          },
          "pageTimings": {
            "backEndTime": 582,
            "domContentLoadedTime": 2908,
            "domInteractiveTime": 2879,
            "domainLookupTime": 0,
            "frontEndTime": 22885,
            "pageDownloadTime": 7,
            "pageLoadTime": 23474,
            "redirectionTime": 0,
            "serverConnectionTime": 298,
            "serverResponseTime": 248
          },
          "rumSpeedIndex": 581,
          "timeToContentfulPaint": 2167,
          "timeToDomContentFlushed": 1926,
          "userTimings": {
            "marks": [
              {
                "name": "gpt-tag-load",
                "startTime": 6947.54
              },
              {
                "name": "gpt-first-ad-request",
                "startTime": 9125.62
              },
              {
                "name": "gpt-first-ad-render",
                "startTime": 12288.34
              }
            ],
            "measures": []
          }
        }
      },
      {
        "browser": {
          "appConstants": {
            "ACCESSIBILITY": true,
            "ANDROID_PACKAGE_NAME": "org.mozilla.firefox",
            "ASAN": false,
            "ASAN_REPORTER": false,
            "BROWSER_CHROME_URL": "chrome://browser/content/browser.xul",
            "DEBUG": false,
            "DEBUG_JS_MODULES": "",
            "DLL_PREFIX": "lib",
            "DLL_SUFFIX": ".so",
            "EARLY_BETA_OR_EARLIER": false,
            "FENNEC_NIGHTLY": false,
            "HAVE_SHELL_SERVICE": false,
            "HAVE_USR_LIB64_DIR": false,
            "MENUBAR_CAN_AUTOHIDE": false,
            "MOZILLA_OFFICIAL": true,
            "MOZ_ALLOW_LEGACY_EXTENSIONS": false,
            "MOZ_ANDROID_ACTIVITY_STREAM": false,
            "MOZ_ANDROID_HISTORY": true,
            "MOZ_ANDROID_MOZILLA_ONLINE": false,
            "MOZ_APP_NAME": "fennec",
            "MOZ_APP_VERSION": "68.1.1",
            "MOZ_APP_VERSION_DISPLAY": "68.1.1",
            "MOZ_BING_API_CLIENTID": "no-bing-api-clientid",
            "MOZ_BING_API_KEY": "no-bing-api-key",
            "MOZ_BITS_DOWNLOAD": false,
            "MOZ_BUILD_APP": "mobile/android",
            "MOZ_CODE_COVERAGE": false,
            "MOZ_CRASHREPORTER": true,
            "MOZ_DATA_REPORTING": true,
            "MOZ_DEV_EDITION": false,
            "MOZ_GECKO_PROFILER": true,
            "MOZ_GOOGLE_LOCATION_SERVICE_API_KEY": "AIzaSyB2h2OuRcUgy5N-5hsZqiPW6sH3n_rptiQ",
            "MOZ_GOOGLE_SAFEBROWSING_API_KEY": "AIzaSyC7jsptDS3am4tPx4r3nxis7IMjBc5Dovo",
            "MOZ_GRAPHENE": false,
            "MOZ_MACBUNDLE_NAME": "Firefox.app",
            "MOZ_MAINTENANCE_SERVICE": false,
            "MOZ_MOZILLA_API_KEY": "3b4d27dd-703d-4094-8398-4de2c763505a",
            "MOZ_NEW_CERT_STORAGE": false,
            "MOZ_NEW_NOTIFICATION_STORE": false,
            "MOZ_NEW_XULSTORE": false,
            "MOZ_OFFICIAL_BRANDING": false,
            "MOZ_PLACES": false,
            "MOZ_REQUIRE_SIGNING": false,
            "MOZ_SANDBOX": false,
            "MOZ_SERVICES_HEALTHREPORT": true,
            "MOZ_SERVICES_SYNC": false,
            "MOZ_SWITCHBOARD": true,
            "MOZ_SYSTEM_NSS": false,
            "MOZ_TELEMETRY_ON_BY_DEFAULT": false,
            "MOZ_TELEMETRY_REPORTING": true,
            "MOZ_UNSIGNED_SCOPES": 0,
            "MOZ_UPDATER": false,
            "MOZ_UPDATE_CHANNEL": "release",
            "MOZ_WEBRTC": true,
            "MOZ_WIDGET_GTK": false,
            "MOZ_WIDGET_TOOLKIT": "android",
            "NIGHTLY_BUILD": false,
            "OMNIJAR_NAME": "assets/omni.ja",
            "RELEASE_OR_BETA": true,
            "SOURCE_REVISION_URL": "https://hg.mozilla.org/releases/mozilla-esr68/rev/d2e0b9e17b9bc1ef02606c8006b73293f7892ad5",
            "TELEMETRY_PING_FORMAT_VERSION": 4,
            "XP_UNIX": true,
            "isPlatformAndVersionAtLeast": {},
            "isPlatformAndVersionAtMost": {},
            "platform": "android"
          },
          "asyncAppConstants": {
            "ACCESSIBILITY": true,
            "ANDROID_PACKAGE_NAME": "org.mozilla.firefox",
            "ASAN": false,
            "ASAN_REPORTER": false,
            "BROWSER_CHROME_URL": "chrome://browser/content/browser.xul",
            "DEBUG": false,
            "DEBUG_JS_MODULES": "",
            "DLL_PREFIX": "lib",
            "DLL_SUFFIX": ".so",
            "EARLY_BETA_OR_EARLIER": false,
            "FENNEC_NIGHTLY": false,
            "HAVE_SHELL_SERVICE": false,
            "HAVE_USR_LIB64_DIR": false,
            "MENUBAR_CAN_AUTOHIDE": false,
            "MOZILLA_OFFICIAL": true,
            "MOZ_ALLOW_LEGACY_EXTENSIONS": false,
            "MOZ_ANDROID_ACTIVITY_STREAM": false,
            "MOZ_ANDROID_HISTORY": true,
            "MOZ_ANDROID_MOZILLA_ONLINE": false,
            "MOZ_APP_NAME": "fennec",
            "MOZ_APP_VERSION": "68.1.1",
            "MOZ_APP_VERSION_DISPLAY": "68.1.1",
            "MOZ_BING_API_CLIENTID": "no-bing-api-clientid",
            "MOZ_BING_API_KEY": "no-bing-api-key",
            "MOZ_BITS_DOWNLOAD": false,
            "MOZ_BUILD_APP": "mobile/android",
            "MOZ_CODE_COVERAGE": false,
            "MOZ_CRASHREPORTER": true,
            "MOZ_DATA_REPORTING": true,
            "MOZ_DEV_EDITION": false,
            "MOZ_GECKO_PROFILER": true,
            "MOZ_GOOGLE_LOCATION_SERVICE_API_KEY": "AIzaSyB2h2OuRcUgy5N-5hsZqiPW6sH3n_rptiQ",
            "MOZ_GOOGLE_SAFEBROWSING_API_KEY": "AIzaSyC7jsptDS3am4tPx4r3nxis7IMjBc5Dovo",
            "MOZ_GRAPHENE": false,
            "MOZ_MACBUNDLE_NAME": "Firefox.app",
            "MOZ_MAINTENANCE_SERVICE": false,
            "MOZ_MOZILLA_API_KEY": "3b4d27dd-703d-4094-8398-4de2c763505a",
            "MOZ_NEW_CERT_STORAGE": false,
            "MOZ_NEW_NOTIFICATION_STORE": false,
            "MOZ_NEW_XULSTORE": false,
            "MOZ_OFFICIAL_BRANDING": false,
            "MOZ_PLACES": false,
            "MOZ_REQUIRE_SIGNING": false,
            "MOZ_SANDBOX": false,
            "MOZ_SERVICES_HEALTHREPORT": true,
            "MOZ_SERVICES_SYNC": false,
            "MOZ_SWITCHBOARD": true,
            "MOZ_SYSTEM_NSS": false,
            "MOZ_TELEMETRY_ON_BY_DEFAULT": false,
            "MOZ_TELEMETRY_REPORTING": true,
            "MOZ_UNSIGNED_SCOPES": 0,
            "MOZ_UPDATER": false,
            "MOZ_UPDATE_CHANNEL": "release",
            "MOZ_WEBRTC": true,
            "MOZ_WIDGET_GTK": false,
            "MOZ_WIDGET_TOOLKIT": "android",
            "NIGHTLY_BUILD": false,
            "OMNIJAR_NAME": "assets/omni.ja",
            "RELEASE_OR_BETA": true,
            "SOURCE_REVISION_URL": "https://hg.mozilla.org/releases/mozilla-esr68/rev/d2e0b9e17b9bc1ef02606c8006b73293f7892ad5",
            "TELEMETRY_PING_FORMAT_VERSION": 4,
            "XP_UNIX": true,
            "isPlatformAndVersionAtLeast": {},
            "isPlatformAndVersionAtMost": {},
            "platform": "android"
          },
          "userAgent": "Mozilla/5.0 (Android 8.1.0; Mobile; rv:68.0) Gecko/68.0 Firefox/68.0",
          "windowSize": "360x560"
        },
        "pageinfo": {
          "documentHeight": 17174,
          "documentSize": {
            "decodedBodySize": 108647,
            "encodedBodySize": 19832,
            "transferSize": 20442
          },
          "documentTitle": "Berita Terkini Dan Terpercaya - SINDOnews",
          "documentWidth": 360,
          "domElements": 1020,
          "navigationStartTime": 1617081851047,
          "nextHopProtocol": "h2",
          "resources": {
            "count": 0,
            "duration": 0
          },
          "responsive": true,
          "url": "https://www.sindonews.com/",
          "visualElements": {
            "heroes": [
              {
                "filename": "ahli-geologi-teliti-fenomena-tumpukan-tanag-makam-yang-meninggi-iqg.jpg",
                "height": 240,
                "name": "LargestImage",
                "width": 360,
                "x": 0,
                "y": 176
              },
              {
                "filename": null,
                "height": 106,
                "name": "Heading",
                "width": 360,
                "x": 0,
                "y": 416
              }
            ],
            "viewport": {
              "height": 560,
              "width": 360
            }
          }
        },
        "timings": {
          "firstPaint": 1902,
          "loadEventEnd": 17508,
          "navigationTiming": {
            "connectStart": 38,
            "domComplete": 17492,
            "domContentLoadedEventEnd": 3254,
            "domContentLoadedEventStart": 3017,
            "domInteractive": 2980,
            "domainLookupEnd": 38,
            "domainLookupStart": 38,
            "duration": 17508,
            "fetchStart": 3,
            "loadEventEnd": 17508,
            "loadEventStart": 17493,
            "redirectEnd": 0,
            "redirectStart": 0,
            "requestStart": 397,
            "responseEnd": 693,
            "responseStart": 683,
            "secureConnectionStart": 182,
            "startTime": 0,
            "unloadEventEnd": 0,
            "unloadEventStart": 0,
            "workerStart": 0
          },
          "pageTimings": {
            "backEndTime": 683,
            "domContentLoadedTime": 3017,
            "domInteractiveTime": 2980,
            "domainLookupTime": 0,
            "frontEndTime": 16800,
            "pageDownloadTime": 9,
            "pageLoadTime": 17493,
            "redirectionTime": 0,
            "serverConnectionTime": 358,
            "serverResponseTime": 295
          },
          "rumSpeedIndex": 683,
          "timeToContentfulPaint": 2077,
          "timeToDomContentFlushed": 1895,
          "userTimings": {
            "marks": [],
            "measures": []
          }
        }
      },
      {
        "browser": {
          "appConstants": {
            "ACCESSIBILITY": true,
            "ANDROID_PACKAGE_NAME": "org.mozilla.firefox",
            "ASAN": false,
            "ASAN_REPORTER": false,
            "BROWSER_CHROME_URL": "chrome://browser/content/browser.xul",
            "DEBUG": false,
            "DEBUG_JS_MODULES": "",
            "DLL_PREFIX": "lib",
            "DLL_SUFFIX": ".so",
            "EARLY_BETA_OR_EARLIER": false,
            "FENNEC_NIGHTLY": false,
            "HAVE_SHELL_SERVICE": false,
            "HAVE_USR_LIB64_DIR": false,
            "MENUBAR_CAN_AUTOHIDE": false,
            "MOZILLA_OFFICIAL": true,
            "MOZ_ALLOW_LEGACY_EXTENSIONS": false,
            "MOZ_ANDROID_ACTIVITY_STREAM": false,
            "MOZ_ANDROID_HISTORY": true,
            "MOZ_ANDROID_MOZILLA_ONLINE": false,
            "MOZ_APP_NAME": "fennec",
            "MOZ_APP_VERSION": "68.1.1",
            "MOZ_APP_VERSION_DISPLAY": "68.1.1",
            "MOZ_BING_API_CLIENTID": "no-bing-api-clientid",
            "MOZ_BING_API_KEY": "no-bing-api-key",
            "MOZ_BITS_DOWNLOAD": false,
            "MOZ_BUILD_APP": "mobile/android",
            "MOZ_CODE_COVERAGE": false,
            "MOZ_CRASHREPORTER": true,
            "MOZ_DATA_REPORTING": true,
            "MOZ_DEV_EDITION": false,
            "MOZ_GECKO_PROFILER": true,
            "MOZ_GOOGLE_LOCATION_SERVICE_API_KEY": "AIzaSyB2h2OuRcUgy5N-5hsZqiPW6sH3n_rptiQ",
            "MOZ_GOOGLE_SAFEBROWSING_API_KEY": "AIzaSyC7jsptDS3am4tPx4r3nxis7IMjBc5Dovo",
            "MOZ_GRAPHENE": false,
            "MOZ_MACBUNDLE_NAME": "Firefox.app",
            "MOZ_MAINTENANCE_SERVICE": false,
            "MOZ_MOZILLA_API_KEY": "3b4d27dd-703d-4094-8398-4de2c763505a",
            "MOZ_NEW_CERT_STORAGE": false,
            "MOZ_NEW_NOTIFICATION_STORE": false,
            "MOZ_NEW_XULSTORE": false,
            "MOZ_OFFICIAL_BRANDING": false,
            "MOZ_PLACES": false,
            "MOZ_REQUIRE_SIGNING": false,
            "MOZ_SANDBOX": false,
            "MOZ_SERVICES_HEALTHREPORT": true,
            "MOZ_SERVICES_SYNC": false,
            "MOZ_SWITCHBOARD": true,
            "MOZ_SYSTEM_NSS": false,
            "MOZ_TELEMETRY_ON_BY_DEFAULT": false,
            "MOZ_TELEMETRY_REPORTING": true,
            "MOZ_UNSIGNED_SCOPES": 0,
            "MOZ_UPDATER": false,
            "MOZ_UPDATE_CHANNEL": "release",
            "MOZ_WEBRTC": true,
            "MOZ_WIDGET_GTK": false,
            "MOZ_WIDGET_TOOLKIT": "android",
            "NIGHTLY_BUILD": false,
            "OMNIJAR_NAME": "assets/omni.ja",
            "RELEASE_OR_BETA": true,
            "SOURCE_REVISION_URL": "https://hg.mozilla.org/releases/mozilla-esr68/rev/d2e0b9e17b9bc1ef02606c8006b73293f7892ad5",
            "TELEMETRY_PING_FORMAT_VERSION": 4,
            "XP_UNIX": true,
            "isPlatformAndVersionAtLeast": {},
            "isPlatformAndVersionAtMost": {},
            "platform": "android"
          },
          "asyncAppConstants": {
            "ACCESSIBILITY": true,
            "ANDROID_PACKAGE_NAME": "org.mozilla.firefox",
            "ASAN": false,
            "ASAN_REPORTER": false,
            "BROWSER_CHROME_URL": "chrome://browser/content/browser.xul",
            "DEBUG": false,
            "DEBUG_JS_MODULES": "",
            "DLL_PREFIX": "lib",
            "DLL_SUFFIX": ".so",
            "EARLY_BETA_OR_EARLIER": false,
            "FENNEC_NIGHTLY": false,
            "HAVE_SHELL_SERVICE": false,
            "HAVE_USR_LIB64_DIR": false,
            "MENUBAR_CAN_AUTOHIDE": false,
            "MOZILLA_OFFICIAL": true,
            "MOZ_ALLOW_LEGACY_EXTENSIONS": false,
            "MOZ_ANDROID_ACTIVITY_STREAM": false,
            "MOZ_ANDROID_HISTORY": true,
            "MOZ_ANDROID_MOZILLA_ONLINE": false,
            "MOZ_APP_NAME": "fennec",
            "MOZ_APP_VERSION": "68.1.1",
            "MOZ_APP_VERSION_DISPLAY": "68.1.1",
            "MOZ_BING_API_CLIENTID": "no-bing-api-clientid",
            "MOZ_BING_API_KEY": "no-bing-api-key",
            "MOZ_BITS_DOWNLOAD": false,
            "MOZ_BUILD_APP": "mobile/android",
            "MOZ_CODE_COVERAGE": false,
            "MOZ_CRASHREPORTER": true,
            "MOZ_DATA_REPORTING": true,
            "MOZ_DEV_EDITION": false,
            "MOZ_GECKO_PROFILER": true,
            "MOZ_GOOGLE_LOCATION_SERVICE_API_KEY": "AIzaSyB2h2OuRcUgy5N-5hsZqiPW6sH3n_rptiQ",
            "MOZ_GOOGLE_SAFEBROWSING_API_KEY": "AIzaSyC7jsptDS3am4tPx4r3nxis7IMjBc5Dovo",
            "MOZ_GRAPHENE": false,
            "MOZ_MACBUNDLE_NAME": "Firefox.app",
            "MOZ_MAINTENANCE_SERVICE": false,
            "MOZ_MOZILLA_API_KEY": "3b4d27dd-703d-4094-8398-4de2c763505a",
            "MOZ_NEW_CERT_STORAGE": false,
            "MOZ_NEW_NOTIFICATION_STORE": false,
            "MOZ_NEW_XULSTORE": false,
            "MOZ_OFFICIAL_BRANDING": false,
            "MOZ_PLACES": false,
            "MOZ_REQUIRE_SIGNING": false,
            "MOZ_SANDBOX": false,
            "MOZ_SERVICES_HEALTHREPORT": true,
            "MOZ_SERVICES_SYNC": false,
            "MOZ_SWITCHBOARD": true,
            "MOZ_SYSTEM_NSS": false,
            "MOZ_TELEMETRY_ON_BY_DEFAULT": false,
            "MOZ_TELEMETRY_REPORTING": true,
            "MOZ_UNSIGNED_SCOPES": 0,
            "MOZ_UPDATER": false,
            "MOZ_UPDATE_CHANNEL": "release",
            "MOZ_WEBRTC": true,
            "MOZ_WIDGET_GTK": false,
            "MOZ_WIDGET_TOOLKIT": "android",
            "NIGHTLY_BUILD": false,
            "OMNIJAR_NAME": "assets/omni.ja",
            "RELEASE_OR_BETA": true,
            "SOURCE_REVISION_URL": "https://hg.mozilla.org/releases/mozilla-esr68/rev/d2e0b9e17b9bc1ef02606c8006b73293f7892ad5",
            "TELEMETRY_PING_FORMAT_VERSION": 4,
            "XP_UNIX": true,
            "isPlatformAndVersionAtLeast": {},
            "isPlatformAndVersionAtMost": {},
            "platform": "android"
          },
          "userAgent": "Mozilla/5.0 (Android 8.1.0; Mobile; rv:68.0) Gecko/68.0 Firefox/68.0",
          "windowSize": "360x560"
        },
        "pageinfo": {
          "documentHeight": 17034,
          "documentSize": {
            "decodedBodySize": 108719,
            "encodedBodySize": 19820,
            "transferSize": 20432
          },
          "documentTitle": "Berita Terkini Dan Terpercaya - SINDOnews",
          "documentWidth": 360,
          "domElements": 1077,
          "navigationStartTime": 1617081886813,
          "nextHopProtocol": "h2",
          "resources": {
            "count": 0,
            "duration": 0
          },
          "responsive": true,
          "url": "https://www.sindonews.com/",
          "visualElements": {
            "heroes": [
              {
                "filename": "ahli-geologi-teliti-fenomena-tumpukan-tanag-makam-yang-meninggi-iqg.jpg",
                "height": 240,
                "name": "LargestImage",
                "width": 360,
                "x": 0,
                "y": 126
              },
              {
                "filename": null,
                "height": 106,
                "name": "Heading",
                "width": 360,
                "x": 0,
                "y": 366
              }
            ],
            "viewport": {
              "height": 560,
              "width": 360
            }
          }
        },
        "timings": {
          "firstPaint": 1800,
          "loadEventEnd": 24648,
          "navigationTiming": {
            "connectStart": 34,
            "domComplete": 24628,
            "domContentLoadedEventEnd": 2568,
            "domContentLoadedEventStart": 2326,
            "domInteractive": 2314,
            "domainLookupEnd": 32,
            "domainLookupStart": 32,
            "duration": 24648,
            "fetchStart": 3,
            "loadEventEnd": 24648,
            "loadEventStart": 24628,
            "redirectEnd": 0,
            "redirectStart": 0,
            "requestStart": 321,
            "responseEnd": 545,
            "responseStart": 540,
            "secureConnectionStart": 144,
            "startTime": 0,
            "unloadEventEnd": 0,
            "unloadEventStart": 0,
            "workerStart": 0
          },
          "pageTimings": {
            "backEndTime": 540,
            "domContentLoadedTime": 2326,
            "domInteractiveTime": 2314,
            "domainLookupTime": 0,
            "frontEndTime": 24083,
            "pageDownloadTime": 4,
            "pageLoadTime": 24628,
            "redirectionTime": 0,
            "serverConnectionTime": 285,
            "serverResponseTime": 224
          },
          "rumSpeedIndex": 540,
          "timeToContentfulPaint": 1980,
          "timeToDomContentFlushed": 2157,
          "userTimings": {
            "marks": [
              {
                "name": "gpt-tag-load",
                "startTime": 3778.24
              },
              {
                "name": "gpt-first-ad-request",
                "startTime": 5408.76
              },
              {
                "name": "gpt-first-ad-render",
                "startTime": 8091.78
              }
            ],
            "measures": []
          }
        }
      }
    ],
    "visualMetrics": [],
    "cpu": [],
    "extras": [
      {},
      {},
      {}
    ],
    "fullyLoaded": [],
    "errors": [
      [],
      [],
      []
    ],
    "statistics": {
      "browser": {
        "appConstants": {
          "MOZ_UNSIGNED_SCOPES": {
            "median": 0,
            "mean": 0,
            "mdev": 0,
            "stddev": 0,
            "min": 0,
            "p10": 0,
            "p90": 0,
            "p99": 0,
            "max": 0
          },
          "TELEMETRY_PING_FORMAT_VERSION": {
            "median": 4,
            "mean": 4,
            "mdev": 0,
            "stddev": 0,
            "min": 4,
            "p10": 4,
            "p90": 4,
            "p99": 4,
            "max": 4
          }
        },
        "asyncAppConstants": {
          "MOZ_UNSIGNED_SCOPES": {
            "median": 0,
            "mean": 0,
            "mdev": 0,
            "stddev": 0,
            "min": 0,
            "p10": 0,
            "p90": 0,
            "p99": 0,
            "max": 0
          },
          "TELEMETRY_PING_FORMAT_VERSION": {
            "median": 4,
            "mean": 4,
            "mdev": 0,
            "stddev": 0,
            "min": 4,
            "p10": 4,
            "p90": 4,
            "p99": 4,
            "max": 4
          }
        }
      },
      "pageinfo": {
        "documentHeight": {
          "median": 17140,
          "mean": 17116,
          "mdev": 34.4222,
          "stddev": 60,
          "min": 17034,
          "p10": 17034,
          "p90": 17174,
          "p99": 17174,
          "max": 17174
        },
        "documentSize": {
          "decodedBodySize": {
            "median": 108647,
            "mean": 108588,
            "mdev": 79.1361,
            "stddev": 137,
            "min": 108399,
            "p10": 108399,
            "p90": 108719,
            "p99": 108719,
            "max": 108719
          },
          "encodedBodySize": {
            "median": 19820,
            "mean": 19799,
            "mdev": 22.4961,
            "stddev": 39,
            "min": 19744,
            "p10": 19744,
            "p90": 19832,
            "p99": 19832,
            "max": 19832
          },
          "transferSize": {
            "median": 20432,
            "mean": 20409,
            "mdev": 22.7124,
            "stddev": 39,
            "min": 20354,
            "p10": 20354,
            "p90": 20442,
            "p99": 20442,
            "max": 20442
          }
        },
        "documentWidth": {
          "median": 360,
          "mean": 360,
          "mdev": 0,
          "stddev": 0,
          "min": 360,
          "p10": 360,
          "p90": 360,
          "p99": 360,
          "max": 360
        },
        "domElements": {
          "median": 1061,
          "mean": 1053,
          "mdev": 13.8591,
          "stddev": 24,
          "min": 1020,
          "p10": 1020,
          "p90": 1077,
          "p99": 1077,
          "max": 1077
        },
        "navigationStartTime": {
          "median": 1617081851047,
          "mean": 1617081847975,
          "mdev": 21845.3333,
          "stddev": 37837,
          "min": 1617081806065,
          "p10": 1617081806065,
          "p90": 1617081886813,
          "p99": 1617081886813,
          "max": 1617081886813
        },
        "resources": {
          "count": {
            "median": 0,
            "mean": 0,
            "mdev": 0,
            "stddev": 0,
            "min": 0,
            "p10": 0,
            "p90": 0,
            "p99": 0,
            "max": 0
          },
          "duration": {
            "median": 0,
            "mean": 0,
            "mdev": 0,
            "stddev": 0,
            "min": 0,
            "p10": 0,
            "p90": 0,
            "p99": 0,
            "max": 0
          }
        },
        "visualElements": {
          "heroes": [
            {
              "height": {
                "median": 240,
                "mean": 240,
                "mdev": 0,
                "stddev": 0,
                "min": 240,
                "p10": 240,
                "p90": 240,
                "p99": 240,
                "max": 240
              },
              "width": {
                "median": 360,
                "mean": 360,
                "mdev": 0,
                "stddev": 0,
                "min": 360,
                "p10": 360,
                "p90": 360,
                "p99": 360,
                "max": 360
              },
              "x": {
                "median": 0,
                "mean": 0,
                "mdev": 0,
                "stddev": 0,
                "min": 0,
                "p10": 0,
                "p90": 0,
                "p99": 0,
                "max": 0
              },
              "y": {
                "median": 176,
                "mean": 159,
                "mdev": 13.6083,
                "stddev": 24,
                "min": 126,
                "p10": 126,
                "p90": 176,
                "p99": 176,
                "max": 176
              }
            },
            {
              "height": {
                "median": 106,
                "mean": 106,
                "mdev": 0,
                "stddev": 0,
                "min": 106,
                "p10": 106,
                "p90": 106,
                "p99": 106,
                "max": 106
              },
              "width": {
                "median": 360,
                "mean": 360,
                "mdev": 0,
                "stddev": 0,
                "min": 360,
                "p10": 360,
                "p90": 360,
                "p99": 360,
                "max": 360
              },
              "x": {
                "median": 0,
                "mean": 0,
                "mdev": 0,
                "stddev": 0,
                "min": 0,
                "p10": 0,
                "p90": 0,
                "p99": 0,
                "max": 0
              },
              "y": {
                "median": 416,
                "mean": 399,
                "mdev": 13.6083,
                "stddev": 24,
                "min": 366,
                "p10": 366,
                "p90": 416,
                "p99": 416,
                "max": 416
              }
            }
          ],
          "viewport": {
            "height": {
              "median": 560,
              "mean": 560,
              "mdev": 0,
              "stddev": 0,
              "min": 560,
              "p10": 560,
              "p90": 560,
              "p99": 560,
              "max": 560
            },
            "width": {
              "median": 360,
              "mean": 360,
              "mdev": 0,
              "stddev": 0,
              "min": 360,
              "p10": 360,
              "p90": 360,
              "p99": 360,
              "max": 360
            }
          }
        }
      },
      "timings": {
        "firstPaint": {
          "median": 1902,
          "mean": 1879,
          "mdev": 33.3644,
          "stddev": 58,
          "min": 1800,
          "p10": 1800,
          "p90": 1936,
          "p99": 1936,
          "max": 1936
        },
        "loadEventEnd": {
          "median": 23489,
          "mean": 21882,
          "mdev": 1806.3186,
          "stddev": 3129,
          "min": 17508,
          "p10": 17508,
          "p90": 24648,
          "p99": 24648,
          "max": 24648
        },
        "navigationTiming": {
          "connectStart": {
            "median": 38,
            "mean": 38,
            "mdev": 1.8856,
            "stddev": 3,
            "min": 34,
            "p10": 34,
            "p90": 42,
            "p99": 42,
            "max": 42
          },
          "domComplete": {
            "median": 23474,
            "mean": 21865,
            "mdev": 1805.7371,
            "stddev": 3128,
            "min": 17492,
            "p10": 17492,
            "p90": 24628,
            "p99": 24628,
            "max": 24628
          },
          "domContentLoadedEventEnd": {
            "median": 3162,
            "mean": 2995,
            "mdev": 175.5305,
            "stddev": 304,
            "min": 2568,
            "p10": 2568,
            "p90": 3254,
            "p99": 3254,
            "max": 3254
          },
          "domContentLoadedEventStart": {
            "median": 2908,
            "mean": 2750,
            "mdev": 175.1281,
            "stddev": 303,
            "min": 2326,
            "p10": 2326,
            "p90": 3017,
            "p99": 3017,
            "max": 3017
          },
          "domInteractive": {
            "median": 2879,
            "mean": 2724,
            "mdev": 169.201,
            "stddev": 293,
            "min": 2314,
            "p10": 2314,
            "p90": 2980,
            "p99": 2980,
            "max": 2980
          },
          "domainLookupEnd": {
            "median": 38,
            "mean": 37,
            "mdev": 2.1602,
            "stddev": 4,
            "min": 32,
            "p10": 32,
            "p90": 41,
            "p99": 41,
            "max": 41
          },
          "domainLookupStart": {
            "median": 38,
            "mean": 37,
            "mdev": 2.1602,
            "stddev": 4,
            "min": 32,
            "p10": 32,
            "p90": 41,
            "p99": 41,
            "max": 41
          },
          "duration": {
            "median": 23489,
            "mean": 21882,
            "mdev": 1806.3186,
            "stddev": 3129,
            "min": 17508,
            "p10": 17508,
            "p90": 24648,
            "p99": 24648,
            "max": 24648
          },
          "fetchStart": {
            "median": 3,
            "mean": 3,
            "mdev": 0.2722,
            "stddev": 0,
            "min": 2,
            "p10": 2,
            "p90": 3,
            "p99": 3,
            "max": 3
          },
          "loadEventEnd": {
            "median": 23489,
            "mean": 21882,
            "mdev": 1806.3186,
            "stddev": 3129,
            "min": 17508,
            "p10": 17508,
            "p90": 24648,
            "p99": 24648,
            "max": 24648
          },
          "loadEventStart": {
            "median": 23474,
            "mean": 21865,
            "mdev": 1805.4681,
            "stddev": 3127,
            "min": 17493,
            "p10": 17493,
            "p90": 24628,
            "p99": 24628,
            "max": 24628
          },
          "redirectEnd": {
            "median": 0,
            "mean": 0,
            "mdev": 0,
            "stddev": 0,
            "min": 0,
            "p10": 0,
            "p90": 0,
            "p99": 0,
            "max": 0
          },
          "redirectStart": {
            "median": 0,
            "mean": 0,
            "mdev": 0,
            "stddev": 0,
            "min": 0,
            "p10": 0,
            "p90": 0,
            "p99": 0,
            "max": 0
          },
          "requestStart": {
            "median": 341,
            "mean": 353,
            "mdev": 18.5712,
            "stddev": 32,
            "min": 321,
            "p10": 321,
            "p90": 397,
            "p99": 397,
            "max": 397
          },
          "responseEnd": {
            "median": 589,
            "mean": 609,
            "mdev": 35.8267,
            "stddev": 62,
            "min": 545,
            "p10": 545,
            "p90": 693,
            "p99": 693,
            "max": 693
          },
          "responseStart": {
            "median": 582,
            "mean": 602,
            "mdev": 34.6485,
            "stddev": 60,
            "min": 540,
            "p10": 540,
            "p90": 683,
            "p99": 683,
            "max": 683
          },
          "secureConnectionStart": {
            "median": 167,
            "mean": 164,
            "mdev": 9.0226,
            "stddev": 16,
            "min": 144,
            "p10": 144,
            "p90": 182,
            "p99": 182,
            "max": 182
          },
          "startTime": {
            "median": 0,
            "mean": 0,
            "mdev": 0,
            "stddev": 0,
            "min": 0,
            "p10": 0,
            "p90": 0,
            "p99": 0,
            "max": 0
          },
          "unloadEventEnd": {
            "median": 0,
            "mean": 0,
            "mdev": 0,
            "stddev": 0,
            "min": 0,
            "p10": 0,
            "p90": 0,
            "p99": 0,
            "max": 0
          },
          "unloadEventStart": {
            "median": 0,
            "mean": 0,
            "mdev": 0,
            "stddev": 0,
            "min": 0,
            "p10": 0,
            "p90": 0,
            "p99": 0,
            "max": 0
          },
          "workerStart": {
            "median": 0,
            "mean": 0,
            "mdev": 0,
            "stddev": 0,
            "min": 0,
            "p10": 0,
            "p90": 0,
            "p99": 0,
            "max": 0
          }
        },
        "pageTimings": {
          "backEndTime": {
            "median": 582,
            "mean": 602,
            "mdev": 34.6485,
            "stddev": 60,
            "min": 540,
            "p10": 540,
            "p90": 683,
            "p99": 683,
            "max": 683
          },
          "domContentLoadedTime": {
            "median": 2908,
            "mean": 2750,
            "mdev": 175.1281,
            "stddev": 303,
            "min": 2326,
            "p10": 2326,
            "p90": 3017,
            "p99": 3017,
            "max": 3017
          },
          "domInteractiveTime": {
            "median": 2879,
            "mean": 2724,
            "mdev": 169.201,
            "stddev": 293,
            "min": 2314,
            "p10": 2314,
            "p90": 2980,
            "p99": 2980,
            "max": 2980
          },
          "domainLookupTime": {
            "median": 0,
            "mean": 0,
            "mdev": 0,
            "stddev": 0,
            "min": 0,
            "p10": 0,
            "p90": 0,
            "p99": 0,
            "max": 0
          },
          "frontEndTime": {
            "median": 22885,
            "mean": 21256,
            "mdev": 1840.939,
            "stddev": 3189,
            "min": 16800,
            "p10": 16800,
            "p90": 24083,
            "p99": 24083,
            "max": 24083
          },
          "pageDownloadTime": {
            "median": 7,
            "mean": 7,
            "mdev": 1.1863,
            "stddev": 2,
            "min": 4,
            "p10": 4,
            "p90": 9,
            "p99": 9,
            "max": 9
          },
          "pageLoadTime": {
            "median": 23474,
            "mean": 21865,
            "mdev": 1805.4681,
            "stddev": 3127,
            "min": 17493,
            "p10": 17493,
            "p90": 24628,
            "p99": 24628,
            "max": 24628
          },
          "redirectionTime": {
            "median": 0,
            "mean": 0,
            "mdev": 0,
            "stddev": 0,
            "min": 0,
            "p10": 0,
            "p90": 0,
            "p99": 0,
            "max": 0
          },
          "serverConnectionTime": {
            "median": 298,
            "mean": 314,
            "mdev": 18.3566,
            "stddev": 32,
            "min": 285,
            "p10": 285,
            "p90": 358,
            "p99": 358,
            "max": 358
          },
          "serverResponseTime": {
            "median": 248,
            "mean": 256,
            "mdev": 17.025,
            "stddev": 29,
            "min": 224,
            "p10": 224,
            "p90": 295,
            "p99": 295,
            "max": 295
          }
        },
        "rumSpeedIndex": {
          "median": 581,
          "mean": 601,
          "mdev": 34.7126,
          "stddev": 60,
          "min": 540,
          "p10": 540,
          "p90": 683,
          "p99": 683,
          "max": 683
        },
        "timeToContentfulPaint": {
          "median": 2077,
          "mean": 2075,
          "mdev": 44.0866,
          "stddev": 76,
          "min": 1980,
          "p10": 1980,
          "p90": 2167,
          "p99": 2167,
          "max": 2167
        },
        "timeToDomContentFlushed": {
          "median": 1926,
          "mean": 1993,
          "mdev": 67.4855,
          "stddev": 117,
          "min": 1895,
          "p10": 1895,
          "p90": 2157,
          "p99": 2157,
          "max": 2157
        },
        "userTimings": {
          "marks": {
            "gpt-tag-load": {
              "median": 5363,
              "mean": 5363,
              "mdev": 1120.5168,
              "stddev": 1585,
              "min": 3778,
              "p10": 3778,
              "p90": 6948,
              "p99": 6948,
              "max": 6948
            },
            "gpt-first-ad-request": {
              "median": 7267,
              "mean": 7267,
              "mdev": 1314.1085,
              "stddev": 1858,
              "min": 5409,
              "p10": 5409,
              "p90": 9126,
              "p99": 9126,
              "max": 9126
            },
            "gpt-first-ad-render": {
              "median": 10190,
              "mean": 10190,
              "mdev": 1483.708,
              "stddev": 2098,
              "min": 8092,
              "p10": 8092,
              "p90": 12288,
              "p99": 12288,
              "max": 12288
            }
          }
        }
      }
    }
  }
]