[
  {
    "info": {
      "browsertime": {
        "version": "8.4.0"
      },
      "url": "https://adf.ly/",
      "timestamp": "2021-03-30T08:02:32+04:00",
      "connectivity": {
        "engine": "external",
        "profile": "native"
      },
      "extra": {}
    },
    "files": {
      "video": [],
      "screenshot": [],
      "timeline": [],
      "consoleLog": [],
      "netLog": [],
      "perfLog": []
    },
    "cdp": {
      "performance": []
    },
    "timestamps": [
      "2021-03-30T08:02:20+04:00",
      "2021-03-30T08:02:46+04:00",
      "2021-03-30T08:03:11+04:00"
    ],
    "browserScripts": [
      {
        "browser": {
          "appConstants": {
            "ACCESSIBILITY": true,
            "ANDROID_PACKAGE_NAME": "org.mozilla.firefox",
            "ASAN": false,
            "ASAN_REPORTER": false,
            "BROWSER_CHROME_URL": "chrome://browser/content/browser.xul",
            "DEBUG": false,
            "DEBUG_JS_MODULES": "",
            "DLL_PREFIX": "lib",
            "DLL_SUFFIX": ".so",
            "EARLY_BETA_OR_EARLIER": false,
            "FENNEC_NIGHTLY": false,
            "HAVE_SHELL_SERVICE": false,
            "HAVE_USR_LIB64_DIR": false,
            "MENUBAR_CAN_AUTOHIDE": false,
            "MOZILLA_OFFICIAL": true,
            "MOZ_ALLOW_LEGACY_EXTENSIONS": false,
            "MOZ_ANDROID_ACTIVITY_STREAM": false,
            "MOZ_ANDROID_HISTORY": true,
            "MOZ_ANDROID_MOZILLA_ONLINE": false,
            "MOZ_APP_NAME": "fennec",
            "MOZ_APP_VERSION": "68.1.1",
            "MOZ_APP_VERSION_DISPLAY": "68.1.1",
            "MOZ_BING_API_CLIENTID": "no-bing-api-clientid",
            "MOZ_BING_API_KEY": "no-bing-api-key",
            "MOZ_BITS_DOWNLOAD": false,
            "MOZ_BUILD_APP": "mobile/android",
            "MOZ_CODE_COVERAGE": false,
            "MOZ_CRASHREPORTER": true,
            "MOZ_DATA_REPORTING": true,
            "MOZ_DEV_EDITION": false,
            "MOZ_GECKO_PROFILER": true,
            "MOZ_GOOGLE_LOCATION_SERVICE_API_KEY": "AIzaSyB2h2OuRcUgy5N-5hsZqiPW6sH3n_rptiQ",
            "MOZ_GOOGLE_SAFEBROWSING_API_KEY": "AIzaSyC7jsptDS3am4tPx4r3nxis7IMjBc5Dovo",
            "MOZ_GRAPHENE": false,
            "MOZ_MACBUNDLE_NAME": "Firefox.app",
            "MOZ_MAINTENANCE_SERVICE": false,
            "MOZ_MOZILLA_API_KEY": "3b4d27dd-703d-4094-8398-4de2c763505a",
            "MOZ_NEW_CERT_STORAGE": false,
            "MOZ_NEW_NOTIFICATION_STORE": false,
            "MOZ_NEW_XULSTORE": false,
            "MOZ_OFFICIAL_BRANDING": false,
            "MOZ_PLACES": false,
            "MOZ_REQUIRE_SIGNING": false,
            "MOZ_SANDBOX": false,
            "MOZ_SERVICES_HEALTHREPORT": true,
            "MOZ_SERVICES_SYNC": false,
            "MOZ_SWITCHBOARD": true,
            "MOZ_SYSTEM_NSS": false,
            "MOZ_TELEMETRY_ON_BY_DEFAULT": false,
            "MOZ_TELEMETRY_REPORTING": true,
            "MOZ_UNSIGNED_SCOPES": 0,
            "MOZ_UPDATER": false,
            "MOZ_UPDATE_CHANNEL": "release",
            "MOZ_WEBRTC": true,
            "MOZ_WIDGET_GTK": false,
            "MOZ_WIDGET_TOOLKIT": "android",
            "NIGHTLY_BUILD": false,
            "OMNIJAR_NAME": "assets/omni.ja",
            "RELEASE_OR_BETA": true,
            "SOURCE_REVISION_URL": "https://hg.mozilla.org/releases/mozilla-esr68/rev/d2e0b9e17b9bc1ef02606c8006b73293f7892ad5",
            "TELEMETRY_PING_FORMAT_VERSION": 4,
            "XP_UNIX": true,
            "isPlatformAndVersionAtLeast": {},
            "isPlatformAndVersionAtMost": {},
            "platform": "android"
          },
          "asyncAppConstants": {
            "ACCESSIBILITY": true,
            "ANDROID_PACKAGE_NAME": "org.mozilla.firefox",
            "ASAN": false,
            "ASAN_REPORTER": false,
            "BROWSER_CHROME_URL": "chrome://browser/content/browser.xul",
            "DEBUG": false,
            "DEBUG_JS_MODULES": "",
            "DLL_PREFIX": "lib",
            "DLL_SUFFIX": ".so",
            "EARLY_BETA_OR_EARLIER": false,
            "FENNEC_NIGHTLY": false,
            "HAVE_SHELL_SERVICE": false,
            "HAVE_USR_LIB64_DIR": false,
            "MENUBAR_CAN_AUTOHIDE": false,
            "MOZILLA_OFFICIAL": true,
            "MOZ_ALLOW_LEGACY_EXTENSIONS": false,
            "MOZ_ANDROID_ACTIVITY_STREAM": false,
            "MOZ_ANDROID_HISTORY": true,
            "MOZ_ANDROID_MOZILLA_ONLINE": false,
            "MOZ_APP_NAME": "fennec",
            "MOZ_APP_VERSION": "68.1.1",
            "MOZ_APP_VERSION_DISPLAY": "68.1.1",
            "MOZ_BING_API_CLIENTID": "no-bing-api-clientid",
            "MOZ_BING_API_KEY": "no-bing-api-key",
            "MOZ_BITS_DOWNLOAD": false,
            "MOZ_BUILD_APP": "mobile/android",
            "MOZ_CODE_COVERAGE": false,
            "MOZ_CRASHREPORTER": true,
            "MOZ_DATA_REPORTING": true,
            "MOZ_DEV_EDITION": false,
            "MOZ_GECKO_PROFILER": true,
            "MOZ_GOOGLE_LOCATION_SERVICE_API_KEY": "AIzaSyB2h2OuRcUgy5N-5hsZqiPW6sH3n_rptiQ",
            "MOZ_GOOGLE_SAFEBROWSING_API_KEY": "AIzaSyC7jsptDS3am4tPx4r3nxis7IMjBc5Dovo",
            "MOZ_GRAPHENE": false,
            "MOZ_MACBUNDLE_NAME": "Firefox.app",
            "MOZ_MAINTENANCE_SERVICE": false,
            "MOZ_MOZILLA_API_KEY": "3b4d27dd-703d-4094-8398-4de2c763505a",
            "MOZ_NEW_CERT_STORAGE": false,
            "MOZ_NEW_NOTIFICATION_STORE": false,
            "MOZ_NEW_XULSTORE": false,
            "MOZ_OFFICIAL_BRANDING": false,
            "MOZ_PLACES": false,
            "MOZ_REQUIRE_SIGNING": false,
            "MOZ_SANDBOX": false,
            "MOZ_SERVICES_HEALTHREPORT": true,
            "MOZ_SERVICES_SYNC": false,
            "MOZ_SWITCHBOARD": true,
            "MOZ_SYSTEM_NSS": false,
            "MOZ_TELEMETRY_ON_BY_DEFAULT": false,
            "MOZ_TELEMETRY_REPORTING": true,
            "MOZ_UNSIGNED_SCOPES": 0,
            "MOZ_UPDATER": false,
            "MOZ_UPDATE_CHANNEL": "release",
            "MOZ_WEBRTC": true,
            "MOZ_WIDGET_GTK": false,
            "MOZ_WIDGET_TOOLKIT": "android",
            "NIGHTLY_BUILD": false,
            "OMNIJAR_NAME": "assets/omni.ja",
            "RELEASE_OR_BETA": true,
            "SOURCE_REVISION_URL": "https://hg.mozilla.org/releases/mozilla-esr68/rev/d2e0b9e17b9bc1ef02606c8006b73293f7892ad5",
            "TELEMETRY_PING_FORMAT_VERSION": 4,
            "XP_UNIX": true,
            "isPlatformAndVersionAtLeast": {},
            "isPlatformAndVersionAtMost": {},
            "platform": "android"
          },
          "userAgent": "Mozilla/5.0 (Android 8.1.0; Mobile; rv:68.0) Gecko/68.0 Firefox/68.0",
          "windowSize": "360x560"
        },
        "pageinfo": {
          "documentHeight": 2340,
          "documentSize": {
            "decodedBodySize": 44716,
            "encodedBodySize": 10629,
            "transferSize": 11461
          },
          "documentTitle": "AdFly - The URL shortener service that pays you! Earn money for every visitor to your links.",
          "documentWidth": 380,
          "domElements": 365,
          "navigationStartTime": 1617076940560,
          "nextHopProtocol": "h2",
          "resources": {
            "count": 0,
            "duration": 0
          },
          "responsive": false,
          "url": "https://adf.ly/",
          "visualElements": {
            "heroes": [
              {
                "filename": null,
                "height": 100,
                "name": "Heading",
                "width": 360,
                "x": 0,
                "y": 235
              }
            ],
            "viewport": {
              "height": 560,
              "width": 360
            }
          }
        },
        "timings": {
          "firstPaint": 1953,
          "loadEventEnd": 5926,
          "navigationTiming": {
            "connectStart": 39,
            "domComplete": 5768,
            "domContentLoadedEventEnd": 4895,
            "domContentLoadedEventStart": 3991,
            "domInteractive": 3914,
            "domainLookupEnd": 39,
            "domainLookupStart": 38,
            "duration": 5926,
            "fetchStart": 3,
            "loadEventEnd": 5926,
            "loadEventStart": 5768,
            "redirectEnd": 0,
            "redirectStart": 0,
            "requestStart": 477,
            "responseEnd": 840,
            "responseStart": 831,
            "secureConnectionStart": 210,
            "startTime": 0,
            "unloadEventEnd": 0,
            "unloadEventStart": 0,
            "workerStart": 0
          },
          "pageTimings": {
            "backEndTime": 831,
            "domContentLoadedTime": 3991,
            "domInteractiveTime": 3914,
            "domainLookupTime": 0,
            "frontEndTime": 4928,
            "pageDownloadTime": 9,
            "pageLoadTime": 5768,
            "redirectionTime": 0,
            "serverConnectionTime": 437,
            "serverResponseTime": 363
          },
          "rumSpeedIndex": 831,
          "timeToContentfulPaint": 2954,
          "timeToDomContentFlushed": 3920,
          "userTimings": {
            "marks": [],
            "measures": []
          }
        }
      },
      {
        "browser": {
          "appConstants": {
            "ACCESSIBILITY": true,
            "ANDROID_PACKAGE_NAME": "org.mozilla.firefox",
            "ASAN": false,
            "ASAN_REPORTER": false,
            "BROWSER_CHROME_URL": "chrome://browser/content/browser.xul",
            "DEBUG": false,
            "DEBUG_JS_MODULES": "",
            "DLL_PREFIX": "lib",
            "DLL_SUFFIX": ".so",
            "EARLY_BETA_OR_EARLIER": false,
            "FENNEC_NIGHTLY": false,
            "HAVE_SHELL_SERVICE": false,
            "HAVE_USR_LIB64_DIR": false,
            "MENUBAR_CAN_AUTOHIDE": false,
            "MOZILLA_OFFICIAL": true,
            "MOZ_ALLOW_LEGACY_EXTENSIONS": false,
            "MOZ_ANDROID_ACTIVITY_STREAM": false,
            "MOZ_ANDROID_HISTORY": true,
            "MOZ_ANDROID_MOZILLA_ONLINE": false,
            "MOZ_APP_NAME": "fennec",
            "MOZ_APP_VERSION": "68.1.1",
            "MOZ_APP_VERSION_DISPLAY": "68.1.1",
            "MOZ_BING_API_CLIENTID": "no-bing-api-clientid",
            "MOZ_BING_API_KEY": "no-bing-api-key",
            "MOZ_BITS_DOWNLOAD": false,
            "MOZ_BUILD_APP": "mobile/android",
            "MOZ_CODE_COVERAGE": false,
            "MOZ_CRASHREPORTER": true,
            "MOZ_DATA_REPORTING": true,
            "MOZ_DEV_EDITION": false,
            "MOZ_GECKO_PROFILER": true,
            "MOZ_GOOGLE_LOCATION_SERVICE_API_KEY": "AIzaSyB2h2OuRcUgy5N-5hsZqiPW6sH3n_rptiQ",
            "MOZ_GOOGLE_SAFEBROWSING_API_KEY": "AIzaSyC7jsptDS3am4tPx4r3nxis7IMjBc5Dovo",
            "MOZ_GRAPHENE": false,
            "MOZ_MACBUNDLE_NAME": "Firefox.app",
            "MOZ_MAINTENANCE_SERVICE": false,
            "MOZ_MOZILLA_API_KEY": "3b4d27dd-703d-4094-8398-4de2c763505a",
            "MOZ_NEW_CERT_STORAGE": false,
            "MOZ_NEW_NOTIFICATION_STORE": false,
            "MOZ_NEW_XULSTORE": false,
            "MOZ_OFFICIAL_BRANDING": false,
            "MOZ_PLACES": false,
            "MOZ_REQUIRE_SIGNING": false,
            "MOZ_SANDBOX": false,
            "MOZ_SERVICES_HEALTHREPORT": true,
            "MOZ_SERVICES_SYNC": false,
            "MOZ_SWITCHBOARD": true,
            "MOZ_SYSTEM_NSS": false,
            "MOZ_TELEMETRY_ON_BY_DEFAULT": false,
            "MOZ_TELEMETRY_REPORTING": true,
            "MOZ_UNSIGNED_SCOPES": 0,
            "MOZ_UPDATER": false,
            "MOZ_UPDATE_CHANNEL": "release",
            "MOZ_WEBRTC": true,
            "MOZ_WIDGET_GTK": false,
            "MOZ_WIDGET_TOOLKIT": "android",
            "NIGHTLY_BUILD": false,
            "OMNIJAR_NAME": "assets/omni.ja",
            "RELEASE_OR_BETA": true,
            "SOURCE_REVISION_URL": "https://hg.mozilla.org/releases/mozilla-esr68/rev/d2e0b9e17b9bc1ef02606c8006b73293f7892ad5",
            "TELEMETRY_PING_FORMAT_VERSION": 4,
            "XP_UNIX": true,
            "isPlatformAndVersionAtLeast": {},
            "isPlatformAndVersionAtMost": {},
            "platform": "android"
          },
          "asyncAppConstants": {
            "ACCESSIBILITY": true,
            "ANDROID_PACKAGE_NAME": "org.mozilla.firefox",
            "ASAN": false,
            "ASAN_REPORTER": false,
            "BROWSER_CHROME_URL": "chrome://browser/content/browser.xul",
            "DEBUG": false,
            "DEBUG_JS_MODULES": "",
            "DLL_PREFIX": "lib",
            "DLL_SUFFIX": ".so",
            "EARLY_BETA_OR_EARLIER": false,
            "FENNEC_NIGHTLY": false,
            "HAVE_SHELL_SERVICE": false,
            "HAVE_USR_LIB64_DIR": false,
            "MENUBAR_CAN_AUTOHIDE": false,
            "MOZILLA_OFFICIAL": true,
            "MOZ_ALLOW_LEGACY_EXTENSIONS": false,
            "MOZ_ANDROID_ACTIVITY_STREAM": false,
            "MOZ_ANDROID_HISTORY": true,
            "MOZ_ANDROID_MOZILLA_ONLINE": false,
            "MOZ_APP_NAME": "fennec",
            "MOZ_APP_VERSION": "68.1.1",
            "MOZ_APP_VERSION_DISPLAY": "68.1.1",
            "MOZ_BING_API_CLIENTID": "no-bing-api-clientid",
            "MOZ_BING_API_KEY": "no-bing-api-key",
            "MOZ_BITS_DOWNLOAD": false,
            "MOZ_BUILD_APP": "mobile/android",
            "MOZ_CODE_COVERAGE": false,
            "MOZ_CRASHREPORTER": true,
            "MOZ_DATA_REPORTING": true,
            "MOZ_DEV_EDITION": false,
            "MOZ_GECKO_PROFILER": true,
            "MOZ_GOOGLE_LOCATION_SERVICE_API_KEY": "AIzaSyB2h2OuRcUgy5N-5hsZqiPW6sH3n_rptiQ",
            "MOZ_GOOGLE_SAFEBROWSING_API_KEY": "AIzaSyC7jsptDS3am4tPx4r3nxis7IMjBc5Dovo",
            "MOZ_GRAPHENE": false,
            "MOZ_MACBUNDLE_NAME": "Firefox.app",
            "MOZ_MAINTENANCE_SERVICE": false,
            "MOZ_MOZILLA_API_KEY": "3b4d27dd-703d-4094-8398-4de2c763505a",
            "MOZ_NEW_CERT_STORAGE": false,
            "MOZ_NEW_NOTIFICATION_STORE": false,
            "MOZ_NEW_XULSTORE": false,
            "MOZ_OFFICIAL_BRANDING": false,
            "MOZ_PLACES": false,
            "MOZ_REQUIRE_SIGNING": false,
            "MOZ_SANDBOX": false,
            "MOZ_SERVICES_HEALTHREPORT": true,
            "MOZ_SERVICES_SYNC": false,
            "MOZ_SWITCHBOARD": true,
            "MOZ_SYSTEM_NSS": false,
            "MOZ_TELEMETRY_ON_BY_DEFAULT": false,
            "MOZ_TELEMETRY_REPORTING": true,
            "MOZ_UNSIGNED_SCOPES": 0,
            "MOZ_UPDATER": false,
            "MOZ_UPDATE_CHANNEL": "release",
            "MOZ_WEBRTC": true,
            "MOZ_WIDGET_GTK": false,
            "MOZ_WIDGET_TOOLKIT": "android",
            "NIGHTLY_BUILD": false,
            "OMNIJAR_NAME": "assets/omni.ja",
            "RELEASE_OR_BETA": true,
            "SOURCE_REVISION_URL": "https://hg.mozilla.org/releases/mozilla-esr68/rev/d2e0b9e17b9bc1ef02606c8006b73293f7892ad5",
            "TELEMETRY_PING_FORMAT_VERSION": 4,
            "XP_UNIX": true,
            "isPlatformAndVersionAtLeast": {},
            "isPlatformAndVersionAtMost": {},
            "platform": "android"
          },
          "userAgent": "Mozilla/5.0 (Android 8.1.0; Mobile; rv:68.0) Gecko/68.0 Firefox/68.0",
          "windowSize": "360x560"
        },
        "pageinfo": {
          "documentHeight": 2356,
          "documentSize": {
            "decodedBodySize": 44793,
            "encodedBodySize": 10674,
            "transferSize": 11506
          },
          "documentTitle": "AdFly - The URL shortener service that pays you! Earn money for every visitor to your links.",
          "documentWidth": 380,
          "domElements": 365,
          "navigationStartTime": 1617076966810,
          "nextHopProtocol": "h2",
          "resources": {
            "count": 0,
            "duration": 0
          },
          "responsive": false,
          "url": "https://adf.ly/",
          "visualElements": {
            "heroes": [
              {
                "filename": null,
                "height": 100,
                "name": "Heading",
                "width": 360,
                "x": 0,
                "y": 235
              }
            ],
            "viewport": {
              "height": 560,
              "width": 360
            }
          }
        },
        "timings": {
          "firstPaint": 2188,
          "loadEventEnd": 6907,
          "navigationTiming": {
            "connectStart": 9,
            "domComplete": 6743,
            "domContentLoadedEventEnd": 4515,
            "domContentLoadedEventStart": 3759,
            "domInteractive": 3658,
            "domainLookupEnd": 8,
            "domainLookupStart": 5,
            "duration": 6907,
            "fetchStart": 2,
            "loadEventEnd": 6907,
            "loadEventStart": 6743,
            "redirectEnd": 0,
            "redirectStart": 0,
            "requestStart": 449,
            "responseEnd": 1381,
            "responseStart": 1377,
            "secureConnectionStart": 176,
            "startTime": 0,
            "unloadEventEnd": 0,
            "unloadEventStart": 0,
            "workerStart": 0
          },
          "pageTimings": {
            "backEndTime": 1377,
            "domContentLoadedTime": 3759,
            "domInteractiveTime": 3658,
            "domainLookupTime": 4,
            "frontEndTime": 5362,
            "pageDownloadTime": 4,
            "pageLoadTime": 6743,
            "redirectionTime": 0,
            "serverConnectionTime": 439,
            "serverResponseTime": 932
          },
          "rumSpeedIndex": 1376,
          "timeToContentfulPaint": 3076,
          "timeToDomContentFlushed": 3660,
          "timeToFirstInteractive": 7495,
          "userTimings": {
            "marks": [],
            "measures": []
          }
        }
      },
      {
        "browser": {
          "appConstants": {
            "ACCESSIBILITY": true,
            "ANDROID_PACKAGE_NAME": "org.mozilla.firefox",
            "ASAN": false,
            "ASAN_REPORTER": false,
            "BROWSER_CHROME_URL": "chrome://browser/content/browser.xul",
            "DEBUG": false,
            "DEBUG_JS_MODULES": "",
            "DLL_PREFIX": "lib",
            "DLL_SUFFIX": ".so",
            "EARLY_BETA_OR_EARLIER": false,
            "FENNEC_NIGHTLY": false,
            "HAVE_SHELL_SERVICE": false,
            "HAVE_USR_LIB64_DIR": false,
            "MENUBAR_CAN_AUTOHIDE": false,
            "MOZILLA_OFFICIAL": true,
            "MOZ_ALLOW_LEGACY_EXTENSIONS": false,
            "MOZ_ANDROID_ACTIVITY_STREAM": false,
            "MOZ_ANDROID_HISTORY": true,
            "MOZ_ANDROID_MOZILLA_ONLINE": false,
            "MOZ_APP_NAME": "fennec",
            "MOZ_APP_VERSION": "68.1.1",
            "MOZ_APP_VERSION_DISPLAY": "68.1.1",
            "MOZ_BING_API_CLIENTID": "no-bing-api-clientid",
            "MOZ_BING_API_KEY": "no-bing-api-key",
            "MOZ_BITS_DOWNLOAD": false,
            "MOZ_BUILD_APP": "mobile/android",
            "MOZ_CODE_COVERAGE": false,
            "MOZ_CRASHREPORTER": true,
            "MOZ_DATA_REPORTING": true,
            "MOZ_DEV_EDITION": false,
            "MOZ_GECKO_PROFILER": true,
            "MOZ_GOOGLE_LOCATION_SERVICE_API_KEY": "AIzaSyB2h2OuRcUgy5N-5hsZqiPW6sH3n_rptiQ",
            "MOZ_GOOGLE_SAFEBROWSING_API_KEY": "AIzaSyC7jsptDS3am4tPx4r3nxis7IMjBc5Dovo",
            "MOZ_GRAPHENE": false,
            "MOZ_MACBUNDLE_NAME": "Firefox.app",
            "MOZ_MAINTENANCE_SERVICE": false,
            "MOZ_MOZILLA_API_KEY": "3b4d27dd-703d-4094-8398-4de2c763505a",
            "MOZ_NEW_CERT_STORAGE": false,
            "MOZ_NEW_NOTIFICATION_STORE": false,
            "MOZ_NEW_XULSTORE": false,
            "MOZ_OFFICIAL_BRANDING": false,
            "MOZ_PLACES": false,
            "MOZ_REQUIRE_SIGNING": false,
            "MOZ_SANDBOX": false,
            "MOZ_SERVICES_HEALTHREPORT": true,
            "MOZ_SERVICES_SYNC": false,
            "MOZ_SWITCHBOARD": true,
            "MOZ_SYSTEM_NSS": false,
            "MOZ_TELEMETRY_ON_BY_DEFAULT": false,
            "MOZ_TELEMETRY_REPORTING": true,
            "MOZ_UNSIGNED_SCOPES": 0,
            "MOZ_UPDATER": false,
            "MOZ_UPDATE_CHANNEL": "release",
            "MOZ_WEBRTC": true,
            "MOZ_WIDGET_GTK": false,
            "MOZ_WIDGET_TOOLKIT": "android",
            "NIGHTLY_BUILD": false,
            "OMNIJAR_NAME": "assets/omni.ja",
            "RELEASE_OR_BETA": true,
            "SOURCE_REVISION_URL": "https://hg.mozilla.org/releases/mozilla-esr68/rev/d2e0b9e17b9bc1ef02606c8006b73293f7892ad5",
            "TELEMETRY_PING_FORMAT_VERSION": 4,
            "XP_UNIX": true,
            "isPlatformAndVersionAtLeast": {},
            "isPlatformAndVersionAtMost": {},
            "platform": "android"
          },
          "asyncAppConstants": {
            "ACCESSIBILITY": true,
            "ANDROID_PACKAGE_NAME": "org.mozilla.firefox",
            "ASAN": false,
            "ASAN_REPORTER": false,
            "BROWSER_CHROME_URL": "chrome://browser/content/browser.xul",
            "DEBUG": false,
            "DEBUG_JS_MODULES": "",
            "DLL_PREFIX": "lib",
            "DLL_SUFFIX": ".so",
            "EARLY_BETA_OR_EARLIER": false,
            "FENNEC_NIGHTLY": false,
            "HAVE_SHELL_SERVICE": false,
            "HAVE_USR_LIB64_DIR": false,
            "MENUBAR_CAN_AUTOHIDE": false,
            "MOZILLA_OFFICIAL": true,
            "MOZ_ALLOW_LEGACY_EXTENSIONS": false,
            "MOZ_ANDROID_ACTIVITY_STREAM": false,
            "MOZ_ANDROID_HISTORY": true,
            "MOZ_ANDROID_MOZILLA_ONLINE": false,
            "MOZ_APP_NAME": "fennec",
            "MOZ_APP_VERSION": "68.1.1",
            "MOZ_APP_VERSION_DISPLAY": "68.1.1",
            "MOZ_BING_API_CLIENTID": "no-bing-api-clientid",
            "MOZ_BING_API_KEY": "no-bing-api-key",
            "MOZ_BITS_DOWNLOAD": false,
            "MOZ_BUILD_APP": "mobile/android",
            "MOZ_CODE_COVERAGE": false,
            "MOZ_CRASHREPORTER": true,
            "MOZ_DATA_REPORTING": true,
            "MOZ_DEV_EDITION": false,
            "MOZ_GECKO_PROFILER": true,
            "MOZ_GOOGLE_LOCATION_SERVICE_API_KEY": "AIzaSyB2h2OuRcUgy5N-5hsZqiPW6sH3n_rptiQ",
            "MOZ_GOOGLE_SAFEBROWSING_API_KEY": "AIzaSyC7jsptDS3am4tPx4r3nxis7IMjBc5Dovo",
            "MOZ_GRAPHENE": false,
            "MOZ_MACBUNDLE_NAME": "Firefox.app",
            "MOZ_MAINTENANCE_SERVICE": false,
            "MOZ_MOZILLA_API_KEY": "3b4d27dd-703d-4094-8398-4de2c763505a",
            "MOZ_NEW_CERT_STORAGE": false,
            "MOZ_NEW_NOTIFICATION_STORE": false,
            "MOZ_NEW_XULSTORE": false,
            "MOZ_OFFICIAL_BRANDING": false,
            "MOZ_PLACES": false,
            "MOZ_REQUIRE_SIGNING": false,
            "MOZ_SANDBOX": false,
            "MOZ_SERVICES_HEALTHREPORT": true,
            "MOZ_SERVICES_SYNC": false,
            "MOZ_SWITCHBOARD": true,
            "MOZ_SYSTEM_NSS": false,
            "MOZ_TELEMETRY_ON_BY_DEFAULT": false,
            "MOZ_TELEMETRY_REPORTING": true,
            "MOZ_UNSIGNED_SCOPES": 0,
            "MOZ_UPDATER": false,
            "MOZ_UPDATE_CHANNEL": "release",
            "MOZ_WEBRTC": true,
            "MOZ_WIDGET_GTK": false,
            "MOZ_WIDGET_TOOLKIT": "android",
            "NIGHTLY_BUILD": false,
            "OMNIJAR_NAME": "assets/omni.ja",
            "RELEASE_OR_BETA": true,
            "SOURCE_REVISION_URL": "https://hg.mozilla.org/releases/mozilla-esr68/rev/d2e0b9e17b9bc1ef02606c8006b73293f7892ad5",
            "TELEMETRY_PING_FORMAT_VERSION": 4,
            "XP_UNIX": true,
            "isPlatformAndVersionAtLeast": {},
            "isPlatformAndVersionAtMost": {},
            "platform": "android"
          },
          "userAgent": "Mozilla/5.0 (Android 8.1.0; Mobile; rv:68.0) Gecko/68.0 Firefox/68.0",
          "windowSize": "360x560"
        },
        "pageinfo": {
          "documentHeight": 2324,
          "documentSize": {
            "decodedBodySize": 44699,
            "encodedBodySize": 10679,
            "transferSize": 11511
          },
          "documentTitle": "AdFly - The URL shortener service that pays you! Earn money for every visitor to your links.",
          "documentWidth": 380,
          "domElements": 365,
          "navigationStartTime": 1617076991810,
          "nextHopProtocol": "h2",
          "resources": {
            "count": 0,
            "duration": 0
          },
          "responsive": false,
          "url": "https://adf.ly/",
          "visualElements": {
            "heroes": [
              {
                "filename": null,
                "height": 100,
                "name": "Heading",
                "width": 360,
                "x": 0,
                "y": 235
              }
            ],
            "viewport": {
              "height": 560,
              "width": 360
            }
          }
        },
        "timings": {
          "firstPaint": 1569,
          "loadEventEnd": 6297,
          "navigationTiming": {
            "connectStart": 16,
            "domComplete": 6165,
            "domContentLoadedEventEnd": 4207,
            "domContentLoadedEventStart": 3476,
            "domInteractive": 3401,
            "domainLookupEnd": 15,
            "domainLookupStart": 6,
            "duration": 6297,
            "fetchStart": 3,
            "loadEventEnd": 6297,
            "loadEventStart": 6165,
            "redirectEnd": 0,
            "redirectStart": 0,
            "requestStart": 342,
            "responseEnd": 592,
            "responseStart": 588,
            "secureConnectionStart": 139,
            "startTime": 0,
            "unloadEventEnd": 0,
            "unloadEventStart": 0,
            "workerStart": 0
          },
          "pageTimings": {
            "backEndTime": 588,
            "domContentLoadedTime": 3476,
            "domInteractiveTime": 3401,
            "domainLookupTime": 8,
            "frontEndTime": 5573,
            "pageDownloadTime": 4,
            "pageLoadTime": 6165,
            "redirectionTime": 0,
            "serverConnectionTime": 325,
            "serverResponseTime": 250
          },
          "rumSpeedIndex": 587,
          "timeToContentfulPaint": 2454,
          "timeToDomContentFlushed": 3405,
          "timeToFirstInteractive": 7495,
          "userTimings": {
            "marks": [],
            "measures": []
          }
        }
      }
    ],
    "visualMetrics": [],
    "cpu": [],
    "extras": [
      {},
      {},
      {}
    ],
    "fullyLoaded": [],
    "errors": [
      [],
      [],
      []
    ],
    "statistics": {
      "browser": {
        "appConstants": {
          "MOZ_UNSIGNED_SCOPES": {
            "median": 0,
            "mean": 0,
            "mdev": 0,
            "stddev": 0,
            "min": 0,
            "p10": 0,
            "p90": 0,
            "p99": 0,
            "max": 0
          },
          "TELEMETRY_PING_FORMAT_VERSION": {
            "median": 4,
            "mean": 4,
            "mdev": 0,
            "stddev": 0,
            "min": 4,
            "p10": 4,
            "p90": 4,
            "p99": 4,
            "max": 4
          }
        },
        "asyncAppConstants": {
          "MOZ_UNSIGNED_SCOPES": {
            "median": 0,
            "mean": 0,
            "mdev": 0,
            "stddev": 0,
            "min": 0,
            "p10": 0,
            "p90": 0,
            "p99": 0,
            "max": 0
          },
          "TELEMETRY_PING_FORMAT_VERSION": {
            "median": 4,
            "mean": 4,
            "mdev": 0,
            "stddev": 0,
            "min": 4,
            "p10": 4,
            "p90": 4,
            "p99": 4,
            "max": 4
          }
        }
      },
      "pageinfo": {
        "documentHeight": {
          "median": 2340,
          "mean": 2340,
          "mdev": 7.5425,
          "stddev": 13,
          "min": 2324,
          "p10": 2324,
          "p90": 2356,
          "p99": 2356,
          "max": 2356
        },
        "documentSize": {
          "decodedBodySize": {
            "median": 44716,
            "mean": 44736,
            "mdev": 23.6126,
            "stddev": 41,
            "min": 44699,
            "p10": 44699,
            "p90": 44793,
            "p99": 44793,
            "max": 44793
          },
          "encodedBodySize": {
            "median": 10674,
            "mean": 10661,
            "mdev": 12.9815,
            "stddev": 22,
            "min": 10629,
            "p10": 10629,
            "p90": 10679,
            "p99": 10679,
            "max": 10679
          },
          "transferSize": {
            "median": 11506,
            "mean": 11493,
            "mdev": 12.9815,
            "stddev": 22,
            "min": 11461,
            "p10": 11461,
            "p90": 11511,
            "p99": 11511,
            "max": 11511
          }
        },
        "documentWidth": {
          "median": 380,
          "mean": 380,
          "mdev": 0,
          "stddev": 0,
          "min": 380,
          "p10": 380,
          "p90": 380,
          "p99": 380,
          "max": 380
        },
        "domElements": {
          "median": 365,
          "mean": 365,
          "mdev": 0,
          "stddev": 0,
          "min": 365,
          "p10": 365,
          "p90": 365,
          "p99": 365,
          "max": 365
        },
        "navigationStartTime": {
          "median": 1617076966810,
          "mean": 1617076966393,
          "mdev": 12612.4091,
          "stddev": 21845,
          "min": 1617076940560,
          "p10": 1617076940560,
          "p90": 1617076991810,
          "p99": 1617076991810,
          "max": 1617076991810
        },
        "resources": {
          "count": {
            "median": 0,
            "mean": 0,
            "mdev": 0,
            "stddev": 0,
            "min": 0,
            "p10": 0,
            "p90": 0,
            "p99": 0,
            "max": 0
          },
          "duration": {
            "median": 0,
            "mean": 0,
            "mdev": 0,
            "stddev": 0,
            "min": 0,
            "p10": 0,
            "p90": 0,
            "p99": 0,
            "max": 0
          }
        },
        "visualElements": {
          "heroes": [
            {
              "height": {
                "median": 100,
                "mean": 100,
                "mdev": 0,
                "stddev": 0,
                "min": 100,
                "p10": 100,
                "p90": 100,
                "p99": 100,
                "max": 100
              },
              "width": {
                "median": 360,
                "mean": 360,
                "mdev": 0,
                "stddev": 0,
                "min": 360,
                "p10": 360,
                "p90": 360,
                "p99": 360,
                "max": 360
              },
              "x": {
                "median": 0,
                "mean": 0,
                "mdev": 0,
                "stddev": 0,
                "min": 0,
                "p10": 0,
                "p90": 0,
                "p99": 0,
                "max": 0
              },
              "y": {
                "median": 235,
                "mean": 235,
                "mdev": 0,
                "stddev": 0,
                "min": 235,
                "p10": 235,
                "p90": 235,
                "p99": 235,
                "max": 235
              }
            }
          ],
          "viewport": {
            "height": {
              "median": 560,
              "mean": 560,
              "mdev": 0,
              "stddev": 0,
              "min": 560,
              "p10": 560,
              "p90": 560,
              "p99": 560,
              "max": 560
            },
            "width": {
              "median": 360,
              "mean": 360,
              "mdev": 0,
              "stddev": 0,
              "min": 360,
              "p10": 360,
              "p90": 360,
              "p99": 360,
              "max": 360
            }
          }
        }
      },
      "timings": {
        "firstPaint": {
          "median": 1953,
          "mean": 1903,
          "mdev": 147.3019,
          "stddev": 255,
          "min": 1569,
          "p10": 1569,
          "p90": 2188,
          "p99": 2188,
          "max": 2188
        },
        "loadEventEnd": {
          "median": 6297,
          "mean": 6377,
          "mdev": 233.5001,
          "stddev": 404,
          "min": 5926,
          "p10": 5926,
          "p90": 6907,
          "p99": 6907,
          "max": 6907
        },
        "navigationTiming": {
          "connectStart": {
            "median": 16,
            "mean": 21,
            "mdev": 7.3987,
            "stddev": 13,
            "min": 9,
            "p10": 9,
            "p90": 39,
            "p99": 39,
            "max": 39
          },
          "domComplete": {
            "median": 6165,
            "mean": 6225,
            "mdev": 231.1259,
            "stddev": 400,
            "min": 5768,
            "p10": 5768,
            "p90": 6743,
            "p99": 6743,
            "max": 6743
          },
          "domContentLoadedEventEnd": {
            "median": 4515,
            "mean": 4539,
            "mdev": 162.4589,
            "stddev": 281,
            "min": 4207,
            "p10": 4207,
            "p90": 4895,
            "p99": 4895,
            "max": 4895
          },
          "domContentLoadedEventStart": {
            "median": 3759,
            "mean": 3742,
            "mdev": 121.5849,
            "stddev": 211,
            "min": 3476,
            "p10": 3476,
            "p90": 3991,
            "p99": 3991,
            "max": 3991
          },
          "domInteractive": {
            "median": 3658,
            "mean": 3658,
            "mdev": 120.9153,
            "stddev": 209,
            "min": 3401,
            "p10": 3401,
            "p90": 3914,
            "p99": 3914,
            "max": 3914
          },
          "domainLookupEnd": {
            "median": 15,
            "mean": 21,
            "mdev": 7.6643,
            "stddev": 13,
            "min": 8,
            "p10": 8,
            "p90": 39,
            "p99": 39,
            "max": 39
          },
          "domainLookupStart": {
            "median": 6,
            "mean": 16,
            "mdev": 8.8485,
            "stddev": 15,
            "min": 5,
            "p10": 5,
            "p90": 38,
            "p99": 38,
            "max": 38
          },
          "duration": {
            "median": 6297,
            "mean": 6377,
            "mdev": 233.5001,
            "stddev": 404,
            "min": 5926,
            "p10": 5926,
            "p90": 6907,
            "p99": 6907,
            "max": 6907
          },
          "fetchStart": {
            "median": 3,
            "mean": 3,
            "mdev": 0.2722,
            "stddev": 0,
            "min": 2,
            "p10": 2,
            "p90": 3,
            "p99": 3,
            "max": 3
          },
          "loadEventEnd": {
            "median": 6297,
            "mean": 6377,
            "mdev": 233.5001,
            "stddev": 404,
            "min": 5926,
            "p10": 5926,
            "p90": 6907,
            "p99": 6907,
            "max": 6907
          },
          "loadEventStart": {
            "median": 6165,
            "mean": 6225,
            "mdev": 231.1259,
            "stddev": 400,
            "min": 5768,
            "p10": 5768,
            "p90": 6743,
            "p99": 6743,
            "max": 6743
          },
          "redirectEnd": {
            "median": 0,
            "mean": 0,
            "mdev": 0,
            "stddev": 0,
            "min": 0,
            "p10": 0,
            "p90": 0,
            "p99": 0,
            "max": 0
          },
          "redirectStart": {
            "median": 0,
            "mean": 0,
            "mdev": 0,
            "stddev": 0,
            "min": 0,
            "p10": 0,
            "p90": 0,
            "p99": 0,
            "max": 0
          },
          "requestStart": {
            "median": 449,
            "mean": 423,
            "mdev": 33.5868,
            "stddev": 58,
            "min": 342,
            "p10": 342,
            "p90": 477,
            "p99": 477,
            "max": 477
          },
          "responseEnd": {
            "median": 840,
            "mean": 938,
            "mdev": 190.1954,
            "stddev": 329,
            "min": 592,
            "p10": 592,
            "p90": 1381,
            "p99": 1381,
            "max": 1381
          },
          "responseStart": {
            "median": 831,
            "mean": 932,
            "mdev": 190.4853,
            "stddev": 330,
            "min": 588,
            "p10": 588,
            "p90": 1377,
            "p99": 1377,
            "max": 1377
          },
          "secureConnectionStart": {
            "median": 176,
            "mean": 175,
            "mdev": 16.7398,
            "stddev": 29,
            "min": 139,
            "p10": 139,
            "p90": 210,
            "p99": 210,
            "max": 210
          },
          "startTime": {
            "median": 0,
            "mean": 0,
            "mdev": 0,
            "stddev": 0,
            "min": 0,
            "p10": 0,
            "p90": 0,
            "p99": 0,
            "max": 0
          },
          "unloadEventEnd": {
            "median": 0,
            "mean": 0,
            "mdev": 0,
            "stddev": 0,
            "min": 0,
            "p10": 0,
            "p90": 0,
            "p99": 0,
            "max": 0
          },
          "unloadEventStart": {
            "median": 0,
            "mean": 0,
            "mdev": 0,
            "stddev": 0,
            "min": 0,
            "p10": 0,
            "p90": 0,
            "p99": 0,
            "max": 0
          },
          "workerStart": {
            "median": 0,
            "mean": 0,
            "mdev": 0,
            "stddev": 0,
            "min": 0,
            "p10": 0,
            "p90": 0,
            "p99": 0,
            "max": 0
          }
        },
        "pageTimings": {
          "backEndTime": {
            "median": 831,
            "mean": 932,
            "mdev": 190.4853,
            "stddev": 330,
            "min": 588,
            "p10": 588,
            "p90": 1377,
            "p99": 1377,
            "max": 1377
          },
          "domContentLoadedTime": {
            "median": 3759,
            "mean": 3742,
            "mdev": 121.5849,
            "stddev": 211,
            "min": 3476,
            "p10": 3476,
            "p90": 3991,
            "p99": 3991,
            "max": 3991
          },
          "domInteractiveTime": {
            "median": 3658,
            "mean": 3658,
            "mdev": 120.9153,
            "stddev": 209,
            "min": 3401,
            "p10": 3401,
            "p90": 3914,
            "p99": 3914,
            "max": 3914
          },
          "domainLookupTime": {
            "median": 4,
            "mean": 4,
            "mdev": 1.8856,
            "stddev": 3,
            "min": 0,
            "p10": 0,
            "p90": 8,
            "p99": 8,
            "max": 8
          },
          "frontEndTime": {
            "median": 5362,
            "mean": 5288,
            "mdev": 155.0271,
            "stddev": 269,
            "min": 4928,
            "p10": 4928,
            "p90": 5573,
            "p99": 5573,
            "max": 5573
          },
          "pageDownloadTime": {
            "median": 4,
            "mean": 6,
            "mdev": 1.3608,
            "stddev": 2,
            "min": 4,
            "p10": 4,
            "p90": 9,
            "p99": 9,
            "max": 9
          },
          "pageLoadTime": {
            "median": 6165,
            "mean": 6225,
            "mdev": 231.1259,
            "stddev": 400,
            "min": 5768,
            "p10": 5768,
            "p90": 6743,
            "p99": 6743,
            "max": 6743
          },
          "redirectionTime": {
            "median": 0,
            "mean": 0,
            "mdev": 0,
            "stddev": 0,
            "min": 0,
            "p10": 0,
            "p90": 0,
            "p99": 0,
            "max": 0
          },
          "serverConnectionTime": {
            "median": 437,
            "mean": 400,
            "mdev": 30.7583,
            "stddev": 53,
            "min": 325,
            "p10": 325,
            "p90": 439,
            "p99": 439,
            "max": 439
          },
          "serverResponseTime": {
            "median": 363,
            "mean": 515,
            "mdev": 172.3104,
            "stddev": 298,
            "min": 250,
            "p10": 250,
            "p90": 932,
            "p99": 932,
            "max": 932
          }
        },
        "rumSpeedIndex": {
          "median": 831,
          "mean": 931,
          "mdev": 190.4266,
          "stddev": 330,
          "min": 587,
          "p10": 587,
          "p90": 1376,
          "p99": 1376,
          "max": 1376
        },
        "timeToContentfulPaint": {
          "median": 2954,
          "mean": 2828,
          "mdev": 155.3691,
          "stddev": 269,
          "min": 2454,
          "p10": 2454,
          "p90": 3076,
          "p99": 3076,
          "max": 3076
        },
        "timeToDomContentFlushed": {
          "median": 3660,
          "mean": 3662,
          "mdev": 121.3886,
          "stddev": 210,
          "min": 3405,
          "p10": 3405,
          "p90": 3920,
          "p99": 3920,
          "max": 3920
        },
        "timeToFirstInteractive": {
          "median": 7495,
          "mean": 7495,
          "mdev": 0,
          "stddev": 0,
          "min": 7495,
          "p10": 7495,
          "p90": 7495,
          "p99": 7495,
          "max": 7495
        }
      }
    }
  }
]