[
  {
    "info": {
      "browsertime": {
        "version": "8.4.0"
      },
      "url": "https://www.theguardian.com/international",
      "timestamp": "2021-03-30T09:14:23+04:00",
      "connectivity": {
        "engine": "external",
        "profile": "native"
      },
      "extra": {}
    },
    "files": {
      "video": [],
      "screenshot": [],
      "timeline": [],
      "consoleLog": [],
      "netLog": [],
      "perfLog": []
    },
    "cdp": {
      "performance": []
    },
    "timestamps": [
      "2021-03-30T09:14:06+04:00",
      "2021-03-30T09:14:38+04:00",
      "2021-03-30T09:15:05+04:00"
    ],
    "browserScripts": [
      {
        "browser": {
          "appConstants": {
            "ACCESSIBILITY": true,
            "ANDROID_PACKAGE_NAME": "org.mozilla.firefox",
            "ASAN": false,
            "ASAN_REPORTER": false,
            "BROWSER_CHROME_URL": "chrome://browser/content/browser.xul",
            "DEBUG": false,
            "DEBUG_JS_MODULES": "",
            "DLL_PREFIX": "lib",
            "DLL_SUFFIX": ".so",
            "EARLY_BETA_OR_EARLIER": false,
            "FENNEC_NIGHTLY": false,
            "HAVE_SHELL_SERVICE": false,
            "HAVE_USR_LIB64_DIR": false,
            "MENUBAR_CAN_AUTOHIDE": false,
            "MOZILLA_OFFICIAL": true,
            "MOZ_ALLOW_LEGACY_EXTENSIONS": false,
            "MOZ_ANDROID_ACTIVITY_STREAM": false,
            "MOZ_ANDROID_HISTORY": true,
            "MOZ_ANDROID_MOZILLA_ONLINE": false,
            "MOZ_APP_NAME": "fennec",
            "MOZ_APP_VERSION": "68.1.1",
            "MOZ_APP_VERSION_DISPLAY": "68.1.1",
            "MOZ_BING_API_CLIENTID": "no-bing-api-clientid",
            "MOZ_BING_API_KEY": "no-bing-api-key",
            "MOZ_BITS_DOWNLOAD": false,
            "MOZ_BUILD_APP": "mobile/android",
            "MOZ_CODE_COVERAGE": false,
            "MOZ_CRASHREPORTER": true,
            "MOZ_DATA_REPORTING": true,
            "MOZ_DEV_EDITION": false,
            "MOZ_GECKO_PROFILER": true,
            "MOZ_GOOGLE_LOCATION_SERVICE_API_KEY": "AIzaSyB2h2OuRcUgy5N-5hsZqiPW6sH3n_rptiQ",
            "MOZ_GOOGLE_SAFEBROWSING_API_KEY": "AIzaSyC7jsptDS3am4tPx4r3nxis7IMjBc5Dovo",
            "MOZ_GRAPHENE": false,
            "MOZ_MACBUNDLE_NAME": "Firefox.app",
            "MOZ_MAINTENANCE_SERVICE": false,
            "MOZ_MOZILLA_API_KEY": "3b4d27dd-703d-4094-8398-4de2c763505a",
            "MOZ_NEW_CERT_STORAGE": false,
            "MOZ_NEW_NOTIFICATION_STORE": false,
            "MOZ_NEW_XULSTORE": false,
            "MOZ_OFFICIAL_BRANDING": false,
            "MOZ_PLACES": false,
            "MOZ_REQUIRE_SIGNING": false,
            "MOZ_SANDBOX": false,
            "MOZ_SERVICES_HEALTHREPORT": true,
            "MOZ_SERVICES_SYNC": false,
            "MOZ_SWITCHBOARD": true,
            "MOZ_SYSTEM_NSS": false,
            "MOZ_TELEMETRY_ON_BY_DEFAULT": false,
            "MOZ_TELEMETRY_REPORTING": true,
            "MOZ_UNSIGNED_SCOPES": 0,
            "MOZ_UPDATER": false,
            "MOZ_UPDATE_CHANNEL": "release",
            "MOZ_WEBRTC": true,
            "MOZ_WIDGET_GTK": false,
            "MOZ_WIDGET_TOOLKIT": "android",
            "NIGHTLY_BUILD": false,
            "OMNIJAR_NAME": "assets/omni.ja",
            "RELEASE_OR_BETA": true,
            "SOURCE_REVISION_URL": "https://hg.mozilla.org/releases/mozilla-esr68/rev/d2e0b9e17b9bc1ef02606c8006b73293f7892ad5",
            "TELEMETRY_PING_FORMAT_VERSION": 4,
            "XP_UNIX": true,
            "isPlatformAndVersionAtLeast": {},
            "isPlatformAndVersionAtMost": {},
            "platform": "android"
          },
          "asyncAppConstants": {
            "ACCESSIBILITY": true,
            "ANDROID_PACKAGE_NAME": "org.mozilla.firefox",
            "ASAN": false,
            "ASAN_REPORTER": false,
            "BROWSER_CHROME_URL": "chrome://browser/content/browser.xul",
            "DEBUG": false,
            "DEBUG_JS_MODULES": "",
            "DLL_PREFIX": "lib",
            "DLL_SUFFIX": ".so",
            "EARLY_BETA_OR_EARLIER": false,
            "FENNEC_NIGHTLY": false,
            "HAVE_SHELL_SERVICE": false,
            "HAVE_USR_LIB64_DIR": false,
            "MENUBAR_CAN_AUTOHIDE": false,
            "MOZILLA_OFFICIAL": true,
            "MOZ_ALLOW_LEGACY_EXTENSIONS": false,
            "MOZ_ANDROID_ACTIVITY_STREAM": false,
            "MOZ_ANDROID_HISTORY": true,
            "MOZ_ANDROID_MOZILLA_ONLINE": false,
            "MOZ_APP_NAME": "fennec",
            "MOZ_APP_VERSION": "68.1.1",
            "MOZ_APP_VERSION_DISPLAY": "68.1.1",
            "MOZ_BING_API_CLIENTID": "no-bing-api-clientid",
            "MOZ_BING_API_KEY": "no-bing-api-key",
            "MOZ_BITS_DOWNLOAD": false,
            "MOZ_BUILD_APP": "mobile/android",
            "MOZ_CODE_COVERAGE": false,
            "MOZ_CRASHREPORTER": true,
            "MOZ_DATA_REPORTING": true,
            "MOZ_DEV_EDITION": false,
            "MOZ_GECKO_PROFILER": true,
            "MOZ_GOOGLE_LOCATION_SERVICE_API_KEY": "AIzaSyB2h2OuRcUgy5N-5hsZqiPW6sH3n_rptiQ",
            "MOZ_GOOGLE_SAFEBROWSING_API_KEY": "AIzaSyC7jsptDS3am4tPx4r3nxis7IMjBc5Dovo",
            "MOZ_GRAPHENE": false,
            "MOZ_MACBUNDLE_NAME": "Firefox.app",
            "MOZ_MAINTENANCE_SERVICE": false,
            "MOZ_MOZILLA_API_KEY": "3b4d27dd-703d-4094-8398-4de2c763505a",
            "MOZ_NEW_CERT_STORAGE": false,
            "MOZ_NEW_NOTIFICATION_STORE": false,
            "MOZ_NEW_XULSTORE": false,
            "MOZ_OFFICIAL_BRANDING": false,
            "MOZ_PLACES": false,
            "MOZ_REQUIRE_SIGNING": false,
            "MOZ_SANDBOX": false,
            "MOZ_SERVICES_HEALTHREPORT": true,
            "MOZ_SERVICES_SYNC": false,
            "MOZ_SWITCHBOARD": true,
            "MOZ_SYSTEM_NSS": false,
            "MOZ_TELEMETRY_ON_BY_DEFAULT": false,
            "MOZ_TELEMETRY_REPORTING": true,
            "MOZ_UNSIGNED_SCOPES": 0,
            "MOZ_UPDATER": false,
            "MOZ_UPDATE_CHANNEL": "release",
            "MOZ_WEBRTC": true,
            "MOZ_WIDGET_GTK": false,
            "MOZ_WIDGET_TOOLKIT": "android",
            "NIGHTLY_BUILD": false,
            "OMNIJAR_NAME": "assets/omni.ja",
            "RELEASE_OR_BETA": true,
            "SOURCE_REVISION_URL": "https://hg.mozilla.org/releases/mozilla-esr68/rev/d2e0b9e17b9bc1ef02606c8006b73293f7892ad5",
            "TELEMETRY_PING_FORMAT_VERSION": 4,
            "XP_UNIX": true,
            "isPlatformAndVersionAtLeast": {},
            "isPlatformAndVersionAtMost": {},
            "platform": "android"
          },
          "userAgent": "Mozilla/5.0 (Android 8.1.0; Mobile; rv:68.0) Gecko/68.0 Firefox/68.0",
          "windowSize": "360x560"
        },
        "pageinfo": {
          "documentHeight": 13632,
          "documentSize": {
            "decodedBodySize": 1083768,
            "encodedBodySize": 138217,
            "transferSize": 140058
          },
          "documentTitle": "News, sport and opinion from the Guardian's global edition | The Guardian",
          "documentWidth": 360,
          "domElements": 3567,
          "navigationStartTime": 1617081247046,
          "nextHopProtocol": "h2",
          "resources": {
            "count": 0,
            "duration": 0
          },
          "responsive": true,
          "url": "https://www.theguardian.com/international",
          "visualElements": {
            "heroes": [
              {
                "filename": "3024.jpg?width=300&quality=85&auto=format&fit=max&s=44eee9f12bbb4c71f576cc068774de95",
                "height": 204,
                "name": "LargestImage",
                "width": 340,
                "x": 10,
                "y": 308
              },
              {
                "filename": null,
                "height": 1,
                "name": "Heading",
                "width": 1,
                "x": -1,
                "y": 259
              }
            ],
            "viewport": {
              "height": 560,
              "width": 360
            }
          }
        },
        "timings": {
          "firstPaint": 1353,
          "loadEventEnd": 9177,
          "navigationTiming": {
            "connectStart": 41,
            "domComplete": 9155,
            "domContentLoadedEventEnd": 1808,
            "domContentLoadedEventStart": 1789,
            "domInteractive": 1268,
            "domainLookupEnd": 41,
            "domainLookupStart": 40,
            "duration": 9177,
            "fetchStart": 3,
            "loadEventEnd": 9177,
            "loadEventStart": 9155,
            "redirectEnd": 0,
            "redirectStart": 0,
            "requestStart": 136,
            "responseEnd": 149,
            "responseStart": 149,
            "secureConnectionStart": 51,
            "startTime": 0,
            "unloadEventEnd": 0,
            "unloadEventStart": 0,
            "workerStart": 0
          },
          "pageTimings": {
            "backEndTime": 149,
            "domContentLoadedTime": 1789,
            "domInteractiveTime": 1268,
            "domainLookupTime": 0,
            "frontEndTime": 9006,
            "pageDownloadTime": 0,
            "pageLoadTime": 9155,
            "redirectionTime": 0,
            "serverConnectionTime": 93,
            "serverResponseTime": 13
          },
          "rumSpeedIndex": 148,
          "timeToContentfulPaint": 1560,
          "timeToDomContentFlushed": 1288,
          "userTimings": {
            "marks": [
              {
                "name": "standard boot",
                "startTime": 3673.7
              },
              {
                "name": "standard start",
                "startTime": 3674.38
              },
              {
                "name": "standard end",
                "startTime": 3712.4
              },
              {
                "name": "cmp-tcfv2-init",
                "startTime": 4275.4400000000005
              },
              {
                "name": "commercial request",
                "startTime": 4285.46
              },
              {
                "name": "enhanced request",
                "startTime": 4296.22
              },
              {
                "name": "commercial boot",
                "startTime": 5524.78
              },
              {
                "name": "gu.commercial.commercialStart",
                "startTime": 5525.66
              },
              {
                "name": "enhanced boot",
                "startTime": 5997.46
              },
              {
                "name": "App Begin",
                "startTime": 5997.7
              },
              {
                "name": "braze-banner-start",
                "startTime": 6164.78
              },
              {
                "name": "App End",
                "startTime": 6195.14
              },
              {
                "name": "gu.commercial.commercialEnd",
                "startTime": 6490.04
              },
              {
                "name": "cmp-tcfv2-ui-displayed",
                "startTime": 15784.68
              }
            ],
            "measures": []
          }
        }
      },
      {
        "browser": {
          "appConstants": {
            "ACCESSIBILITY": true,
            "ANDROID_PACKAGE_NAME": "org.mozilla.firefox",
            "ASAN": false,
            "ASAN_REPORTER": false,
            "BROWSER_CHROME_URL": "chrome://browser/content/browser.xul",
            "DEBUG": false,
            "DEBUG_JS_MODULES": "",
            "DLL_PREFIX": "lib",
            "DLL_SUFFIX": ".so",
            "EARLY_BETA_OR_EARLIER": false,
            "FENNEC_NIGHTLY": false,
            "HAVE_SHELL_SERVICE": false,
            "HAVE_USR_LIB64_DIR": false,
            "MENUBAR_CAN_AUTOHIDE": false,
            "MOZILLA_OFFICIAL": true,
            "MOZ_ALLOW_LEGACY_EXTENSIONS": false,
            "MOZ_ANDROID_ACTIVITY_STREAM": false,
            "MOZ_ANDROID_HISTORY": true,
            "MOZ_ANDROID_MOZILLA_ONLINE": false,
            "MOZ_APP_NAME": "fennec",
            "MOZ_APP_VERSION": "68.1.1",
            "MOZ_APP_VERSION_DISPLAY": "68.1.1",
            "MOZ_BING_API_CLIENTID": "no-bing-api-clientid",
            "MOZ_BING_API_KEY": "no-bing-api-key",
            "MOZ_BITS_DOWNLOAD": false,
            "MOZ_BUILD_APP": "mobile/android",
            "MOZ_CODE_COVERAGE": false,
            "MOZ_CRASHREPORTER": true,
            "MOZ_DATA_REPORTING": true,
            "MOZ_DEV_EDITION": false,
            "MOZ_GECKO_PROFILER": true,
            "MOZ_GOOGLE_LOCATION_SERVICE_API_KEY": "AIzaSyB2h2OuRcUgy5N-5hsZqiPW6sH3n_rptiQ",
            "MOZ_GOOGLE_SAFEBROWSING_API_KEY": "AIzaSyC7jsptDS3am4tPx4r3nxis7IMjBc5Dovo",
            "MOZ_GRAPHENE": false,
            "MOZ_MACBUNDLE_NAME": "Firefox.app",
            "MOZ_MAINTENANCE_SERVICE": false,
            "MOZ_MOZILLA_API_KEY": "3b4d27dd-703d-4094-8398-4de2c763505a",
            "MOZ_NEW_CERT_STORAGE": false,
            "MOZ_NEW_NOTIFICATION_STORE": false,
            "MOZ_NEW_XULSTORE": false,
            "MOZ_OFFICIAL_BRANDING": false,
            "MOZ_PLACES": false,
            "MOZ_REQUIRE_SIGNING": false,
            "MOZ_SANDBOX": false,
            "MOZ_SERVICES_HEALTHREPORT": true,
            "MOZ_SERVICES_SYNC": false,
            "MOZ_SWITCHBOARD": true,
            "MOZ_SYSTEM_NSS": false,
            "MOZ_TELEMETRY_ON_BY_DEFAULT": false,
            "MOZ_TELEMETRY_REPORTING": true,
            "MOZ_UNSIGNED_SCOPES": 0,
            "MOZ_UPDATER": false,
            "MOZ_UPDATE_CHANNEL": "release",
            "MOZ_WEBRTC": true,
            "MOZ_WIDGET_GTK": false,
            "MOZ_WIDGET_TOOLKIT": "android",
            "NIGHTLY_BUILD": false,
            "OMNIJAR_NAME": "assets/omni.ja",
            "RELEASE_OR_BETA": true,
            "SOURCE_REVISION_URL": "https://hg.mozilla.org/releases/mozilla-esr68/rev/d2e0b9e17b9bc1ef02606c8006b73293f7892ad5",
            "TELEMETRY_PING_FORMAT_VERSION": 4,
            "XP_UNIX": true,
            "isPlatformAndVersionAtLeast": {},
            "isPlatformAndVersionAtMost": {},
            "platform": "android"
          },
          "asyncAppConstants": {
            "ACCESSIBILITY": true,
            "ANDROID_PACKAGE_NAME": "org.mozilla.firefox",
            "ASAN": false,
            "ASAN_REPORTER": false,
            "BROWSER_CHROME_URL": "chrome://browser/content/browser.xul",
            "DEBUG": false,
            "DEBUG_JS_MODULES": "",
            "DLL_PREFIX": "lib",
            "DLL_SUFFIX": ".so",
            "EARLY_BETA_OR_EARLIER": false,
            "FENNEC_NIGHTLY": false,
            "HAVE_SHELL_SERVICE": false,
            "HAVE_USR_LIB64_DIR": false,
            "MENUBAR_CAN_AUTOHIDE": false,
            "MOZILLA_OFFICIAL": true,
            "MOZ_ALLOW_LEGACY_EXTENSIONS": false,
            "MOZ_ANDROID_ACTIVITY_STREAM": false,
            "MOZ_ANDROID_HISTORY": true,
            "MOZ_ANDROID_MOZILLA_ONLINE": false,
            "MOZ_APP_NAME": "fennec",
            "MOZ_APP_VERSION": "68.1.1",
            "MOZ_APP_VERSION_DISPLAY": "68.1.1",
            "MOZ_BING_API_CLIENTID": "no-bing-api-clientid",
            "MOZ_BING_API_KEY": "no-bing-api-key",
            "MOZ_BITS_DOWNLOAD": false,
            "MOZ_BUILD_APP": "mobile/android",
            "MOZ_CODE_COVERAGE": false,
            "MOZ_CRASHREPORTER": true,
            "MOZ_DATA_REPORTING": true,
            "MOZ_DEV_EDITION": false,
            "MOZ_GECKO_PROFILER": true,
            "MOZ_GOOGLE_LOCATION_SERVICE_API_KEY": "AIzaSyB2h2OuRcUgy5N-5hsZqiPW6sH3n_rptiQ",
            "MOZ_GOOGLE_SAFEBROWSING_API_KEY": "AIzaSyC7jsptDS3am4tPx4r3nxis7IMjBc5Dovo",
            "MOZ_GRAPHENE": false,
            "MOZ_MACBUNDLE_NAME": "Firefox.app",
            "MOZ_MAINTENANCE_SERVICE": false,
            "MOZ_MOZILLA_API_KEY": "3b4d27dd-703d-4094-8398-4de2c763505a",
            "MOZ_NEW_CERT_STORAGE": false,
            "MOZ_NEW_NOTIFICATION_STORE": false,
            "MOZ_NEW_XULSTORE": false,
            "MOZ_OFFICIAL_BRANDING": false,
            "MOZ_PLACES": false,
            "MOZ_REQUIRE_SIGNING": false,
            "MOZ_SANDBOX": false,
            "MOZ_SERVICES_HEALTHREPORT": true,
            "MOZ_SERVICES_SYNC": false,
            "MOZ_SWITCHBOARD": true,
            "MOZ_SYSTEM_NSS": false,
            "MOZ_TELEMETRY_ON_BY_DEFAULT": false,
            "MOZ_TELEMETRY_REPORTING": true,
            "MOZ_UNSIGNED_SCOPES": 0,
            "MOZ_UPDATER": false,
            "MOZ_UPDATE_CHANNEL": "release",
            "MOZ_WEBRTC": true,
            "MOZ_WIDGET_GTK": false,
            "MOZ_WIDGET_TOOLKIT": "android",
            "NIGHTLY_BUILD": false,
            "OMNIJAR_NAME": "assets/omni.ja",
            "RELEASE_OR_BETA": true,
            "SOURCE_REVISION_URL": "https://hg.mozilla.org/releases/mozilla-esr68/rev/d2e0b9e17b9bc1ef02606c8006b73293f7892ad5",
            "TELEMETRY_PING_FORMAT_VERSION": 4,
            "XP_UNIX": true,
            "isPlatformAndVersionAtLeast": {},
            "isPlatformAndVersionAtMost": {},
            "platform": "android"
          },
          "userAgent": "Mozilla/5.0 (Android 8.1.0; Mobile; rv:68.0) Gecko/68.0 Firefox/68.0",
          "windowSize": "360x560"
        },
        "pageinfo": {
          "documentHeight": 13632,
          "documentSize": {
            "decodedBodySize": 1083768,
            "encodedBodySize": 138217,
            "transferSize": 140058
          },
          "documentTitle": "News, sport and opinion from the Guardian's global edition | The Guardian",
          "documentWidth": 360,
          "domElements": 3567,
          "navigationStartTime": 1617081278479,
          "nextHopProtocol": "h2",
          "resources": {
            "count": 0,
            "duration": 0
          },
          "responsive": true,
          "url": "https://www.theguardian.com/international",
          "visualElements": {
            "heroes": [
              {
                "filename": "3024.jpg?width=300&quality=85&auto=format&fit=max&s=44eee9f12bbb4c71f576cc068774de95",
                "height": 204,
                "name": "LargestImage",
                "width": 340,
                "x": 10,
                "y": 308
              },
              {
                "filename": null,
                "height": 1,
                "name": "Heading",
                "width": 1,
                "x": -1,
                "y": 259
              }
            ],
            "viewport": {
              "height": 560,
              "width": 360
            }
          }
        },
        "timings": {
          "firstPaint": 1338,
          "loadEventEnd": 8089,
          "navigationTiming": {
            "connectStart": 37,
            "domComplete": 8065,
            "domContentLoadedEventEnd": 1778,
            "domContentLoadedEventStart": 1761,
            "domInteractive": 1194,
            "domainLookupEnd": 37,
            "domainLookupStart": 37,
            "duration": 8089,
            "fetchStart": 3,
            "loadEventEnd": 8089,
            "loadEventStart": 8065,
            "redirectEnd": 0,
            "redirectStart": 0,
            "requestStart": 121,
            "responseEnd": 130,
            "responseStart": 130,
            "secureConnectionStart": 48,
            "startTime": 0,
            "unloadEventEnd": 0,
            "unloadEventStart": 0,
            "workerStart": 0
          },
          "pageTimings": {
            "backEndTime": 130,
            "domContentLoadedTime": 1761,
            "domInteractiveTime": 1194,
            "domainLookupTime": 0,
            "frontEndTime": 7934,
            "pageDownloadTime": 0,
            "pageLoadTime": 8065,
            "redirectionTime": 0,
            "serverConnectionTime": 83,
            "serverResponseTime": 9
          },
          "rumSpeedIndex": 130,
          "timeToContentfulPaint": 1533,
          "timeToDomContentFlushed": 1204,
          "userTimings": {
            "marks": [
              {
                "name": "standard boot",
                "startTime": 3637.26
              },
              {
                "name": "standard start",
                "startTime": 3638.36
              },
              {
                "name": "standard end",
                "startTime": 3684.76
              },
              {
                "name": "cmp-tcfv2-init",
                "startTime": 4128.96
              },
              {
                "name": "commercial request",
                "startTime": 4144.2
              },
              {
                "name": "enhanced request",
                "startTime": 4158.9
              },
              {
                "name": "commercial boot",
                "startTime": 5342.74
              },
              {
                "name": "gu.commercial.commercialStart",
                "startTime": 5343.6
              },
              {
                "name": "gu.commercial.commercialEnd",
                "startTime": 6014.66
              },
              {
                "name": "enhanced boot",
                "startTime": 6076.24
              },
              {
                "name": "App Begin",
                "startTime": 6076.46
              },
              {
                "name": "braze-banner-start",
                "startTime": 6229.9800000000005
              },
              {
                "name": "App End",
                "startTime": 6258.28
              },
              {
                "name": "cmp-tcfv2-ui-displayed",
                "startTime": 14549.38
              }
            ],
            "measures": []
          }
        }
      },
      {
        "browser": {
          "appConstants": {
            "ACCESSIBILITY": true,
            "ANDROID_PACKAGE_NAME": "org.mozilla.firefox",
            "ASAN": false,
            "ASAN_REPORTER": false,
            "BROWSER_CHROME_URL": "chrome://browser/content/browser.xul",
            "DEBUG": false,
            "DEBUG_JS_MODULES": "",
            "DLL_PREFIX": "lib",
            "DLL_SUFFIX": ".so",
            "EARLY_BETA_OR_EARLIER": false,
            "FENNEC_NIGHTLY": false,
            "HAVE_SHELL_SERVICE": false,
            "HAVE_USR_LIB64_DIR": false,
            "MENUBAR_CAN_AUTOHIDE": false,
            "MOZILLA_OFFICIAL": true,
            "MOZ_ALLOW_LEGACY_EXTENSIONS": false,
            "MOZ_ANDROID_ACTIVITY_STREAM": false,
            "MOZ_ANDROID_HISTORY": true,
            "MOZ_ANDROID_MOZILLA_ONLINE": false,
            "MOZ_APP_NAME": "fennec",
            "MOZ_APP_VERSION": "68.1.1",
            "MOZ_APP_VERSION_DISPLAY": "68.1.1",
            "MOZ_BING_API_CLIENTID": "no-bing-api-clientid",
            "MOZ_BING_API_KEY": "no-bing-api-key",
            "MOZ_BITS_DOWNLOAD": false,
            "MOZ_BUILD_APP": "mobile/android",
            "MOZ_CODE_COVERAGE": false,
            "MOZ_CRASHREPORTER": true,
            "MOZ_DATA_REPORTING": true,
            "MOZ_DEV_EDITION": false,
            "MOZ_GECKO_PROFILER": true,
            "MOZ_GOOGLE_LOCATION_SERVICE_API_KEY": "AIzaSyB2h2OuRcUgy5N-5hsZqiPW6sH3n_rptiQ",
            "MOZ_GOOGLE_SAFEBROWSING_API_KEY": "AIzaSyC7jsptDS3am4tPx4r3nxis7IMjBc5Dovo",
            "MOZ_GRAPHENE": false,
            "MOZ_MACBUNDLE_NAME": "Firefox.app",
            "MOZ_MAINTENANCE_SERVICE": false,
            "MOZ_MOZILLA_API_KEY": "3b4d27dd-703d-4094-8398-4de2c763505a",
            "MOZ_NEW_CERT_STORAGE": false,
            "MOZ_NEW_NOTIFICATION_STORE": false,
            "MOZ_NEW_XULSTORE": false,
            "MOZ_OFFICIAL_BRANDING": false,
            "MOZ_PLACES": false,
            "MOZ_REQUIRE_SIGNING": false,
            "MOZ_SANDBOX": false,
            "MOZ_SERVICES_HEALTHREPORT": true,
            "MOZ_SERVICES_SYNC": false,
            "MOZ_SWITCHBOARD": true,
            "MOZ_SYSTEM_NSS": false,
            "MOZ_TELEMETRY_ON_BY_DEFAULT": false,
            "MOZ_TELEMETRY_REPORTING": true,
            "MOZ_UNSIGNED_SCOPES": 0,
            "MOZ_UPDATER": false,
            "MOZ_UPDATE_CHANNEL": "release",
            "MOZ_WEBRTC": true,
            "MOZ_WIDGET_GTK": false,
            "MOZ_WIDGET_TOOLKIT": "android",
            "NIGHTLY_BUILD": false,
            "OMNIJAR_NAME": "assets/omni.ja",
            "RELEASE_OR_BETA": true,
            "SOURCE_REVISION_URL": "https://hg.mozilla.org/releases/mozilla-esr68/rev/d2e0b9e17b9bc1ef02606c8006b73293f7892ad5",
            "TELEMETRY_PING_FORMAT_VERSION": 4,
            "XP_UNIX": true,
            "isPlatformAndVersionAtLeast": {},
            "isPlatformAndVersionAtMost": {},
            "platform": "android"
          },
          "asyncAppConstants": {
            "ACCESSIBILITY": true,
            "ANDROID_PACKAGE_NAME": "org.mozilla.firefox",
            "ASAN": false,
            "ASAN_REPORTER": false,
            "BROWSER_CHROME_URL": "chrome://browser/content/browser.xul",
            "DEBUG": false,
            "DEBUG_JS_MODULES": "",
            "DLL_PREFIX": "lib",
            "DLL_SUFFIX": ".so",
            "EARLY_BETA_OR_EARLIER": false,
            "FENNEC_NIGHTLY": false,
            "HAVE_SHELL_SERVICE": false,
            "HAVE_USR_LIB64_DIR": false,
            "MENUBAR_CAN_AUTOHIDE": false,
            "MOZILLA_OFFICIAL": true,
            "MOZ_ALLOW_LEGACY_EXTENSIONS": false,
            "MOZ_ANDROID_ACTIVITY_STREAM": false,
            "MOZ_ANDROID_HISTORY": true,
            "MOZ_ANDROID_MOZILLA_ONLINE": false,
            "MOZ_APP_NAME": "fennec",
            "MOZ_APP_VERSION": "68.1.1",
            "MOZ_APP_VERSION_DISPLAY": "68.1.1",
            "MOZ_BING_API_CLIENTID": "no-bing-api-clientid",
            "MOZ_BING_API_KEY": "no-bing-api-key",
            "MOZ_BITS_DOWNLOAD": false,
            "MOZ_BUILD_APP": "mobile/android",
            "MOZ_CODE_COVERAGE": false,
            "MOZ_CRASHREPORTER": true,
            "MOZ_DATA_REPORTING": true,
            "MOZ_DEV_EDITION": false,
            "MOZ_GECKO_PROFILER": true,
            "MOZ_GOOGLE_LOCATION_SERVICE_API_KEY": "AIzaSyB2h2OuRcUgy5N-5hsZqiPW6sH3n_rptiQ",
            "MOZ_GOOGLE_SAFEBROWSING_API_KEY": "AIzaSyC7jsptDS3am4tPx4r3nxis7IMjBc5Dovo",
            "MOZ_GRAPHENE": false,
            "MOZ_MACBUNDLE_NAME": "Firefox.app",
            "MOZ_MAINTENANCE_SERVICE": false,
            "MOZ_MOZILLA_API_KEY": "3b4d27dd-703d-4094-8398-4de2c763505a",
            "MOZ_NEW_CERT_STORAGE": false,
            "MOZ_NEW_NOTIFICATION_STORE": false,
            "MOZ_NEW_XULSTORE": false,
            "MOZ_OFFICIAL_BRANDING": false,
            "MOZ_PLACES": false,
            "MOZ_REQUIRE_SIGNING": false,
            "MOZ_SANDBOX": false,
            "MOZ_SERVICES_HEALTHREPORT": true,
            "MOZ_SERVICES_SYNC": false,
            "MOZ_SWITCHBOARD": true,
            "MOZ_SYSTEM_NSS": false,
            "MOZ_TELEMETRY_ON_BY_DEFAULT": false,
            "MOZ_TELEMETRY_REPORTING": true,
            "MOZ_UNSIGNED_SCOPES": 0,
            "MOZ_UPDATER": false,
            "MOZ_UPDATE_CHANNEL": "release",
            "MOZ_WEBRTC": true,
            "MOZ_WIDGET_GTK": false,
            "MOZ_WIDGET_TOOLKIT": "android",
            "NIGHTLY_BUILD": false,
            "OMNIJAR_NAME": "assets/omni.ja",
            "RELEASE_OR_BETA": true,
            "SOURCE_REVISION_URL": "https://hg.mozilla.org/releases/mozilla-esr68/rev/d2e0b9e17b9bc1ef02606c8006b73293f7892ad5",
            "TELEMETRY_PING_FORMAT_VERSION": 4,
            "XP_UNIX": true,
            "isPlatformAndVersionAtLeast": {},
            "isPlatformAndVersionAtMost": {},
            "platform": "android"
          },
          "userAgent": "Mozilla/5.0 (Android 8.1.0; Mobile; rv:68.0) Gecko/68.0 Firefox/68.0",
          "windowSize": "360x560"
        },
        "pageinfo": {
          "documentHeight": 13632,
          "documentSize": {
            "decodedBodySize": 1083768,
            "encodedBodySize": 138217,
            "transferSize": 140057
          },
          "documentTitle": "News, sport and opinion from the Guardian's global edition | The Guardian",
          "documentWidth": 360,
          "domElements": 3567,
          "navigationStartTime": 1617081305663,
          "nextHopProtocol": "h2",
          "resources": {
            "count": 0,
            "duration": 0
          },
          "responsive": true,
          "url": "https://www.theguardian.com/international",
          "visualElements": {
            "heroes": [
              {
                "filename": "3024.jpg?width=300&quality=85&auto=format&fit=max&s=44eee9f12bbb4c71f576cc068774de95",
                "height": 204,
                "name": "LargestImage",
                "width": 340,
                "x": 10,
                "y": 308
              },
              {
                "filename": null,
                "height": 1,
                "name": "Heading",
                "width": 1,
                "x": -1,
                "y": 259
              }
            ],
            "viewport": {
              "height": 560,
              "width": 360
            }
          }
        },
        "timings": {
          "firstPaint": 1350,
          "loadEventEnd": 15943,
          "navigationTiming": {
            "connectStart": 42,
            "domComplete": 15921,
            "domContentLoadedEventEnd": 1797,
            "domContentLoadedEventStart": 1779,
            "domInteractive": 1214,
            "domainLookupEnd": 41,
            "domainLookupStart": 41,
            "duration": 15943,
            "fetchStart": 3,
            "loadEventEnd": 15943,
            "loadEventStart": 15921,
            "redirectEnd": 0,
            "redirectStart": 0,
            "requestStart": 126,
            "responseEnd": 135,
            "responseStart": 135,
            "secureConnectionStart": 52,
            "startTime": 0,
            "unloadEventEnd": 0,
            "unloadEventStart": 0,
            "workerStart": 0
          },
          "pageTimings": {
            "backEndTime": 135,
            "domContentLoadedTime": 1779,
            "domInteractiveTime": 1214,
            "domainLookupTime": 0,
            "frontEndTime": 15786,
            "pageDownloadTime": 0,
            "pageLoadTime": 15921,
            "redirectionTime": 0,
            "serverConnectionTime": 83,
            "serverResponseTime": 9
          },
          "rumSpeedIndex": 135,
          "timeToContentfulPaint": 1566,
          "timeToDomContentFlushed": 1221,
          "userTimings": {
            "marks": [
              {
                "name": "standard boot",
                "startTime": 3913.62
              },
              {
                "name": "standard start",
                "startTime": 3914.3
              },
              {
                "name": "standard end",
                "startTime": 3960.82
              },
              {
                "name": "cmp-tcfv2-init",
                "startTime": 4563.68
              },
              {
                "name": "commercial request",
                "startTime": 4575.54
              },
              {
                "name": "enhanced request",
                "startTime": 4587.82
              },
              {
                "name": "commercial boot",
                "startTime": 5394.66
              },
              {
                "name": "gu.commercial.commercialStart",
                "startTime": 5395.52
              },
              {
                "name": "enhanced boot",
                "startTime": 5733
              },
              {
                "name": "App Begin",
                "startTime": 5733.400000000001
              },
              {
                "name": "braze-banner-start",
                "startTime": 5885.5
              },
              {
                "name": "App End",
                "startTime": 5910.62
              },
              {
                "name": "gu.commercial.commercialEnd",
                "startTime": 6762.78
              },
              {
                "name": "cmp-tcfv2-ui-displayed",
                "startTime": 16397.96
              }
            ],
            "measures": []
          }
        }
      }
    ],
    "visualMetrics": [],
    "cpu": [],
    "extras": [
      {},
      {},
      {}
    ],
    "fullyLoaded": [],
    "errors": [
      [],
      [],
      []
    ],
    "statistics": {
      "browser": {
        "appConstants": {
          "MOZ_UNSIGNED_SCOPES": {
            "median": 0,
            "mean": 0,
            "mdev": 0,
            "stddev": 0,
            "min": 0,
            "p10": 0,
            "p90": 0,
            "p99": 0,
            "max": 0
          },
          "TELEMETRY_PING_FORMAT_VERSION": {
            "median": 4,
            "mean": 4,
            "mdev": 0,
            "stddev": 0,
            "min": 4,
            "p10": 4,
            "p90": 4,
            "p99": 4,
            "max": 4
          }
        },
        "asyncAppConstants": {
          "MOZ_UNSIGNED_SCOPES": {
            "median": 0,
            "mean": 0,
            "mdev": 0,
            "stddev": 0,
            "min": 0,
            "p10": 0,
            "p90": 0,
            "p99": 0,
            "max": 0
          },
          "TELEMETRY_PING_FORMAT_VERSION": {
            "median": 4,
            "mean": 4,
            "mdev": 0,
            "stddev": 0,
            "min": 4,
            "p10": 4,
            "p90": 4,
            "p99": 4,
            "max": 4
          }
        }
      },
      "pageinfo": {
        "documentHeight": {
          "median": 13632,
          "mean": 13632,
          "mdev": 0,
          "stddev": 0,
          "min": 13632,
          "p10": 13632,
          "p90": 13632,
          "p99": 13632,
          "max": 13632
        },
        "documentSize": {
          "decodedBodySize": {
            "median": 1083768,
            "mean": 1083768,
            "mdev": 0,
            "stddev": 0,
            "min": 1083768,
            "p10": 1083768,
            "p90": 1083768,
            "p99": 1083768,
            "max": 1083768
          },
          "encodedBodySize": {
            "median": 138217,
            "mean": 138217,
            "mdev": 0,
            "stddev": 0,
            "min": 138217,
            "p10": 138217,
            "p90": 138217,
            "p99": 138217,
            "max": 138217
          },
          "transferSize": {
            "median": 140058,
            "mean": 140058,
            "mdev": 0.2722,
            "stddev": 0,
            "min": 140057,
            "p10": 140057,
            "p90": 140058,
            "p99": 140058,
            "max": 140058
          }
        },
        "documentWidth": {
          "median": 360,
          "mean": 360,
          "mdev": 0,
          "stddev": 0,
          "min": 360,
          "p10": 360,
          "p90": 360,
          "p99": 360,
          "max": 360
        },
        "domElements": {
          "median": 3567,
          "mean": 3567,
          "mdev": 0,
          "stddev": 0,
          "min": 3567,
          "p10": 3567,
          "p90": 3567,
          "p99": 3567,
          "max": 3567
        },
        "navigationStartTime": {
          "median": 1617081278479,
          "mean": 1617081277063,
          "mdev": 17836.64,
          "stddev": 30894,
          "min": 1617081247046,
          "p10": 1617081247046,
          "p90": 1617081305663,
          "p99": 1617081305663,
          "max": 1617081305663
        },
        "resources": {
          "count": {
            "median": 0,
            "mean": 0,
            "mdev": 0,
            "stddev": 0,
            "min": 0,
            "p10": 0,
            "p90": 0,
            "p99": 0,
            "max": 0
          },
          "duration": {
            "median": 0,
            "mean": 0,
            "mdev": 0,
            "stddev": 0,
            "min": 0,
            "p10": 0,
            "p90": 0,
            "p99": 0,
            "max": 0
          }
        },
        "visualElements": {
          "heroes": [
            {
              "height": {
                "median": 204,
                "mean": 204,
                "mdev": 0,
                "stddev": 0,
                "min": 204,
                "p10": 204,
                "p90": 204,
                "p99": 204,
                "max": 204
              },
              "width": {
                "median": 340,
                "mean": 340,
                "mdev": 0,
                "stddev": 0,
                "min": 340,
                "p10": 340,
                "p90": 340,
                "p99": 340,
                "max": 340
              },
              "x": {
                "median": 10,
                "mean": 10,
                "mdev": 0,
                "stddev": 0,
                "min": 10,
                "p10": 10,
                "p90": 10,
                "p99": 10,
                "max": 10
              },
              "y": {
                "median": 308,
                "mean": 308,
                "mdev": 0,
                "stddev": 0,
                "min": 308,
                "p10": 308,
                "p90": 308,
                "p99": 308,
                "max": 308
              }
            },
            {
              "height": {
                "median": 1,
                "mean": 1,
                "mdev": 0,
                "stddev": 0,
                "min": 1,
                "p10": 1,
                "p90": 1,
                "p99": 1,
                "max": 1
              },
              "width": {
                "median": 1,
                "mean": 1,
                "mdev": 0,
                "stddev": 0,
                "min": 1,
                "p10": 1,
                "p90": 1,
                "p99": 1,
                "max": 1
              },
              "x": {
                "median": -1,
                "mean": -1,
                "mdev": 0,
                "stddev": 0,
                "min": -1,
                "p10": -1,
                "p90": -1,
                "p99": -1,
                "max": -1
              },
              "y": {
                "median": 259,
                "mean": 259,
                "mdev": 0,
                "stddev": 0,
                "min": 259,
                "p10": 259,
                "p90": 259,
                "p99": 259,
                "max": 259
              }
            }
          ],
          "viewport": {
            "height": {
              "median": 560,
              "mean": 560,
              "mdev": 0,
              "stddev": 0,
              "min": 560,
              "p10": 560,
              "p90": 560,
              "p99": 560,
              "max": 560
            },
            "width": {
              "median": 360,
              "mean": 360,
              "mdev": 0,
              "stddev": 0,
              "min": 360,
              "p10": 360,
              "p90": 360,
              "p99": 360,
              "max": 360
            }
          }
        }
      },
      "timings": {
        "firstPaint": {
          "median": 1350,
          "mean": 1347,
          "mdev": 3.7417,
          "stddev": 6,
          "min": 1338,
          "p10": 1338,
          "p90": 1353,
          "p99": 1353,
          "max": 1353
        },
        "loadEventEnd": {
          "median": 9177,
          "mean": 11070,
          "mdev": 2005.9893,
          "stddev": 3474,
          "min": 8089,
          "p10": 8089,
          "p90": 15943,
          "p99": 15943,
          "max": 15943
        },
        "navigationTiming": {
          "connectStart": {
            "median": 41,
            "mean": 40,
            "mdev": 1.2472,
            "stddev": 2,
            "min": 37,
            "p10": 37,
            "p90": 42,
            "p99": 42,
            "max": 42
          },
          "domComplete": {
            "median": 9155,
            "mean": 11047,
            "mdev": 2006.3196,
            "stddev": 3475,
            "min": 8065,
            "p10": 8065,
            "p90": 15921,
            "p99": 15921,
            "max": 15921
          },
          "domContentLoadedEventEnd": {
            "median": 1797,
            "mean": 1794,
            "mdev": 7.1544,
            "stddev": 12,
            "min": 1778,
            "p10": 1778,
            "p90": 1808,
            "p99": 1808,
            "max": 1808
          },
          "domContentLoadedEventStart": {
            "median": 1779,
            "mean": 1776,
            "mdev": 6.6889,
            "stddev": 12,
            "min": 1761,
            "p10": 1761,
            "p90": 1789,
            "p99": 1789,
            "max": 1789
          },
          "domInteractive": {
            "median": 1214,
            "mean": 1225,
            "mdev": 18.0452,
            "stddev": 31,
            "min": 1194,
            "p10": 1194,
            "p90": 1268,
            "p99": 1268,
            "max": 1268
          },
          "domainLookupEnd": {
            "median": 41,
            "mean": 40,
            "mdev": 1.0887,
            "stddev": 2,
            "min": 37,
            "p10": 37,
            "p90": 41,
            "p99": 41,
            "max": 41
          },
          "domainLookupStart": {
            "median": 40,
            "mean": 39,
            "mdev": 0.9813,
            "stddev": 2,
            "min": 37,
            "p10": 37,
            "p90": 41,
            "p99": 41,
            "max": 41
          },
          "duration": {
            "median": 9177,
            "mean": 11070,
            "mdev": 2005.9893,
            "stddev": 3474,
            "min": 8089,
            "p10": 8089,
            "p90": 15943,
            "p99": 15943,
            "max": 15943
          },
          "fetchStart": {
            "median": 3,
            "mean": 3,
            "mdev": 0,
            "stddev": 0,
            "min": 3,
            "p10": 3,
            "p90": 3,
            "p99": 3,
            "max": 3
          },
          "loadEventEnd": {
            "median": 9177,
            "mean": 11070,
            "mdev": 2005.9893,
            "stddev": 3474,
            "min": 8089,
            "p10": 8089,
            "p90": 15943,
            "p99": 15943,
            "max": 15943
          },
          "loadEventStart": {
            "median": 9155,
            "mean": 11047,
            "mdev": 2006.3196,
            "stddev": 3475,
            "min": 8065,
            "p10": 8065,
            "p90": 15921,
            "p99": 15921,
            "max": 15921
          },
          "redirectEnd": {
            "median": 0,
            "mean": 0,
            "mdev": 0,
            "stddev": 0,
            "min": 0,
            "p10": 0,
            "p90": 0,
            "p99": 0,
            "max": 0
          },
          "redirectStart": {
            "median": 0,
            "mean": 0,
            "mdev": 0,
            "stddev": 0,
            "min": 0,
            "p10": 0,
            "p90": 0,
            "p99": 0,
            "max": 0
          },
          "requestStart": {
            "median": 126,
            "mean": 128,
            "mdev": 3.6004,
            "stddev": 6,
            "min": 121,
            "p10": 121,
            "p90": 136,
            "p99": 136,
            "max": 136
          },
          "responseEnd": {
            "median": 135,
            "mean": 138,
            "mdev": 4.6428,
            "stddev": 8,
            "min": 130,
            "p10": 130,
            "p90": 149,
            "p99": 149,
            "max": 149
          },
          "responseStart": {
            "median": 135,
            "mean": 138,
            "mdev": 4.6428,
            "stddev": 8,
            "min": 130,
            "p10": 130,
            "p90": 149,
            "p99": 149,
            "max": 149
          },
          "secureConnectionStart": {
            "median": 51,
            "mean": 50,
            "mdev": 0.9813,
            "stddev": 2,
            "min": 48,
            "p10": 48,
            "p90": 52,
            "p99": 52,
            "max": 52
          },
          "startTime": {
            "median": 0,
            "mean": 0,
            "mdev": 0,
            "stddev": 0,
            "min": 0,
            "p10": 0,
            "p90": 0,
            "p99": 0,
            "max": 0
          },
          "unloadEventEnd": {
            "median": 0,
            "mean": 0,
            "mdev": 0,
            "stddev": 0,
            "min": 0,
            "p10": 0,
            "p90": 0,
            "p99": 0,
            "max": 0
          },
          "unloadEventStart": {
            "median": 0,
            "mean": 0,
            "mdev": 0,
            "stddev": 0,
            "min": 0,
            "p10": 0,
            "p90": 0,
            "p99": 0,
            "max": 0
          },
          "workerStart": {
            "median": 0,
            "mean": 0,
            "mdev": 0,
            "stddev": 0,
            "min": 0,
            "p10": 0,
            "p90": 0,
            "p99": 0,
            "max": 0
          }
        },
        "pageTimings": {
          "backEndTime": {
            "median": 135,
            "mean": 138,
            "mdev": 4.6428,
            "stddev": 8,
            "min": 130,
            "p10": 130,
            "p90": 149,
            "p99": 149,
            "max": 149
          },
          "domContentLoadedTime": {
            "median": 1779,
            "mean": 1776,
            "mdev": 6.6889,
            "stddev": 12,
            "min": 1761,
            "p10": 1761,
            "p90": 1789,
            "p99": 1789,
            "max": 1789
          },
          "domInteractiveTime": {
            "median": 1214,
            "mean": 1225,
            "mdev": 18.0452,
            "stddev": 31,
            "min": 1194,
            "p10": 1194,
            "p90": 1268,
            "p99": 1268,
            "max": 1268
          },
          "domainLookupTime": {
            "median": 0,
            "mean": 0,
            "mdev": 0,
            "stddev": 0,
            "min": 0,
            "p10": 0,
            "p90": 0,
            "p99": 0,
            "max": 0
          },
          "frontEndTime": {
            "median": 9006,
            "mean": 10909,
            "mdev": 2007.1307,
            "stddev": 3476,
            "min": 7934,
            "p10": 7934,
            "p90": 15786,
            "p99": 15786,
            "max": 15786
          },
          "pageDownloadTime": {
            "median": 0,
            "mean": 0,
            "mdev": 0,
            "stddev": 0,
            "min": 0,
            "p10": 0,
            "p90": 0,
            "p99": 0,
            "max": 0
          },
          "pageLoadTime": {
            "median": 9155,
            "mean": 11047,
            "mdev": 2006.3196,
            "stddev": 3475,
            "min": 8065,
            "p10": 8065,
            "p90": 15921,
            "p99": 15921,
            "max": 15921
          },
          "redirectionTime": {
            "median": 0,
            "mean": 0,
            "mdev": 0,
            "stddev": 0,
            "min": 0,
            "p10": 0,
            "p90": 0,
            "p99": 0,
            "max": 0
          },
          "serverConnectionTime": {
            "median": 83,
            "mean": 86,
            "mdev": 2.7217,
            "stddev": 5,
            "min": 83,
            "p10": 83,
            "p90": 93,
            "p99": 93,
            "max": 93
          },
          "serverResponseTime": {
            "median": 9,
            "mean": 10,
            "mdev": 1.0887,
            "stddev": 2,
            "min": 9,
            "p10": 9,
            "p90": 13,
            "p99": 13,
            "max": 13
          }
        },
        "rumSpeedIndex": {
          "median": 135,
          "mean": 138,
          "mdev": 4.3801,
          "stddev": 8,
          "min": 130,
          "p10": 130,
          "p90": 148,
          "p99": 148,
          "max": 148
        },
        "timeToContentfulPaint": {
          "median": 1560,
          "mean": 1553,
          "mdev": 8.2865,
          "stddev": 14,
          "min": 1533,
          "p10": 1533,
          "p90": 1566,
          "p99": 1566,
          "max": 1566
        },
        "timeToDomContentFlushed": {
          "median": 1221,
          "mean": 1238,
          "mdev": 20.9355,
          "stddev": 36,
          "min": 1204,
          "p10": 1204,
          "p90": 1288,
          "p99": 1288,
          "max": 1288
        },
        "userTimings": {
          "marks": {
            "standard boot": {
              "median": 3674,
              "mean": 3742,
              "mdev": 70.7799,
              "stddev": 123,
              "min": 3637,
              "p10": 3637,
              "p90": 3914,
              "p99": 3914,
              "max": 3914
            },
            "standard start": {
              "median": 3674,
              "mean": 3742,
              "mdev": 70.7112,
              "stddev": 122,
              "min": 3638,
              "p10": 3638,
              "p90": 3914,
              "p99": 3914,
              "max": 3914
            },
            "standard end": {
              "median": 3712,
              "mean": 3786,
              "mdev": 71.6694,
              "stddev": 124,
              "min": 3685,
              "p10": 3685,
              "p90": 3961,
              "p99": 3961,
              "max": 3961
            },
            "cmp-tcfv2-init": {
              "median": 4275,
              "mean": 4323,
              "mdev": 104.2647,
              "stddev": 181,
              "min": 4129,
              "p10": 4129,
              "p90": 4564,
              "p99": 4564,
              "max": 4564
            },
            "commercial request": {
              "median": 4285,
              "mean": 4335,
              "mdev": 103.6652,
              "stddev": 180,
              "min": 4144,
              "p10": 4144,
              "p90": 4576,
              "p99": 4576,
              "max": 4576
            },
            "enhanced request": {
              "median": 4296,
              "mean": 4348,
              "mdev": 103.2544,
              "stddev": 179,
              "min": 4159,
              "p10": 4159,
              "p90": 4588,
              "p99": 4588,
              "max": 4588
            },
            "commercial boot": {
              "median": 5395,
              "mean": 5421,
              "mdev": 44.2072,
              "stddev": 77,
              "min": 5343,
              "p10": 5343,
              "p90": 5525,
              "p99": 5525,
              "max": 5525
            },
            "gu.commercial.commercialStart": {
              "median": 5396,
              "mean": 5422,
              "mdev": 44.2124,
              "stddev": 77,
              "min": 5344,
              "p10": 5344,
              "p90": 5526,
              "p99": 5526,
              "max": 5526
            },
            "enhanced boot": {
              "median": 5997,
              "mean": 5936,
              "mdev": 84.7565,
              "stddev": 147,
              "min": 5733,
              "p10": 5733,
              "p90": 6076,
              "p99": 6076,
              "max": 6076
            },
            "App Begin": {
              "median": 5998,
              "mean": 5936,
              "mdev": 84.7104,
              "stddev": 147,
              "min": 5733,
              "p10": 5733,
              "p90": 6076,
              "p99": 6076,
              "max": 6076
            },
            "braze-banner-start": {
              "median": 6165,
              "mean": 6093,
              "mdev": 86.2629,
              "stddev": 149,
              "min": 5886,
              "p10": 5886,
              "p90": 6230,
              "p99": 6230,
              "max": 6230
            },
            "App End": {
              "median": 6195,
              "mean": 6121,
              "mdev": 87.3066,
              "stddev": 151,
              "min": 5911,
              "p10": 5911,
              "p90": 6258,
              "p99": 6258,
              "max": 6258
            },
            "gu.commercial.commercialEnd": {
              "median": 6490,
              "mean": 6422,
              "mdev": 178.4768,
              "stddev": 309,
              "min": 6015,
              "p10": 6015,
              "p90": 6763,
              "p99": 6763,
              "max": 6763
            },
            "cmp-tcfv2-ui-displayed": {
              "median": 15785,
              "mean": 15577,
              "mdev": 443.8604,
              "stddev": 769,
              "min": 14549,
              "p10": 14549,
              "p90": 16398,
              "p99": 16398,
              "max": 16398
            }
          }
        }
      }
    }
  }
]