[
  {
    "info": {
      "browsertime": {
        "version": "8.4.0"
      },
      "url": "https://www.onlinesbi.com/",
      "timestamp": "2021-03-30T20:32:01+04:00",
      "connectivity": {
        "engine": "external",
        "profile": "native"
      },
      "extra": {}
    },
    "files": {
      "video": [],
      "screenshot": [],
      "timeline": [],
      "consoleLog": [],
      "netLog": [],
      "perfLog": []
    },
    "cdp": {
      "performance": []
    },
    "timestamps": [
      "2021-03-30T20:31:50+04:00",
      "2021-03-30T20:32:07+04:00",
      "2021-03-30T20:32:25+04:00"
    ],
    "browserScripts": [
      {
        "browser": {
          "appConstants": {
            "ACCESSIBILITY": true,
            "ANDROID_PACKAGE_NAME": "org.mozilla.firefox",
            "ASAN": false,
            "ASAN_REPORTER": false,
            "BROWSER_CHROME_URL": "chrome://browser/content/browser.xul",
            "DEBUG": false,
            "DEBUG_JS_MODULES": "",
            "DLL_PREFIX": "lib",
            "DLL_SUFFIX": ".so",
            "EARLY_BETA_OR_EARLIER": false,
            "FENNEC_NIGHTLY": false,
            "HAVE_SHELL_SERVICE": false,
            "HAVE_USR_LIB64_DIR": false,
            "MENUBAR_CAN_AUTOHIDE": false,
            "MOZILLA_OFFICIAL": true,
            "MOZ_ALLOW_LEGACY_EXTENSIONS": false,
            "MOZ_ANDROID_ACTIVITY_STREAM": false,
            "MOZ_ANDROID_HISTORY": true,
            "MOZ_ANDROID_MOZILLA_ONLINE": false,
            "MOZ_APP_NAME": "fennec",
            "MOZ_APP_VERSION": "68.1.1",
            "MOZ_APP_VERSION_DISPLAY": "68.1.1",
            "MOZ_BING_API_CLIENTID": "no-bing-api-clientid",
            "MOZ_BING_API_KEY": "no-bing-api-key",
            "MOZ_BITS_DOWNLOAD": false,
            "MOZ_BUILD_APP": "mobile/android",
            "MOZ_CODE_COVERAGE": false,
            "MOZ_CRASHREPORTER": true,
            "MOZ_DATA_REPORTING": true,
            "MOZ_DEV_EDITION": false,
            "MOZ_GECKO_PROFILER": true,
            "MOZ_GOOGLE_LOCATION_SERVICE_API_KEY": "AIzaSyB2h2OuRcUgy5N-5hsZqiPW6sH3n_rptiQ",
            "MOZ_GOOGLE_SAFEBROWSING_API_KEY": "AIzaSyC7jsptDS3am4tPx4r3nxis7IMjBc5Dovo",
            "MOZ_GRAPHENE": false,
            "MOZ_MACBUNDLE_NAME": "Firefox.app",
            "MOZ_MAINTENANCE_SERVICE": false,
            "MOZ_MOZILLA_API_KEY": "3b4d27dd-703d-4094-8398-4de2c763505a",
            "MOZ_NEW_CERT_STORAGE": false,
            "MOZ_NEW_NOTIFICATION_STORE": false,
            "MOZ_NEW_XULSTORE": false,
            "MOZ_OFFICIAL_BRANDING": false,
            "MOZ_PLACES": false,
            "MOZ_REQUIRE_SIGNING": false,
            "MOZ_SANDBOX": false,
            "MOZ_SERVICES_HEALTHREPORT": true,
            "MOZ_SERVICES_SYNC": false,
            "MOZ_SWITCHBOARD": true,
            "MOZ_SYSTEM_NSS": false,
            "MOZ_TELEMETRY_ON_BY_DEFAULT": false,
            "MOZ_TELEMETRY_REPORTING": true,
            "MOZ_UNSIGNED_SCOPES": 0,
            "MOZ_UPDATER": false,
            "MOZ_UPDATE_CHANNEL": "release",
            "MOZ_WEBRTC": true,
            "MOZ_WIDGET_GTK": false,
            "MOZ_WIDGET_TOOLKIT": "android",
            "NIGHTLY_BUILD": false,
            "OMNIJAR_NAME": "assets/omni.ja",
            "RELEASE_OR_BETA": true,
            "SOURCE_REVISION_URL": "https://hg.mozilla.org/releases/mozilla-esr68/rev/d2e0b9e17b9bc1ef02606c8006b73293f7892ad5",
            "TELEMETRY_PING_FORMAT_VERSION": 4,
            "XP_UNIX": true,
            "isPlatformAndVersionAtLeast": {},
            "isPlatformAndVersionAtMost": {},
            "platform": "android"
          },
          "asyncAppConstants": {
            "ACCESSIBILITY": true,
            "ANDROID_PACKAGE_NAME": "org.mozilla.firefox",
            "ASAN": false,
            "ASAN_REPORTER": false,
            "BROWSER_CHROME_URL": "chrome://browser/content/browser.xul",
            "DEBUG": false,
            "DEBUG_JS_MODULES": "",
            "DLL_PREFIX": "lib",
            "DLL_SUFFIX": ".so",
            "EARLY_BETA_OR_EARLIER": false,
            "FENNEC_NIGHTLY": false,
            "HAVE_SHELL_SERVICE": false,
            "HAVE_USR_LIB64_DIR": false,
            "MENUBAR_CAN_AUTOHIDE": false,
            "MOZILLA_OFFICIAL": true,
            "MOZ_ALLOW_LEGACY_EXTENSIONS": false,
            "MOZ_ANDROID_ACTIVITY_STREAM": false,
            "MOZ_ANDROID_HISTORY": true,
            "MOZ_ANDROID_MOZILLA_ONLINE": false,
            "MOZ_APP_NAME": "fennec",
            "MOZ_APP_VERSION": "68.1.1",
            "MOZ_APP_VERSION_DISPLAY": "68.1.1",
            "MOZ_BING_API_CLIENTID": "no-bing-api-clientid",
            "MOZ_BING_API_KEY": "no-bing-api-key",
            "MOZ_BITS_DOWNLOAD": false,
            "MOZ_BUILD_APP": "mobile/android",
            "MOZ_CODE_COVERAGE": false,
            "MOZ_CRASHREPORTER": true,
            "MOZ_DATA_REPORTING": true,
            "MOZ_DEV_EDITION": false,
            "MOZ_GECKO_PROFILER": true,
            "MOZ_GOOGLE_LOCATION_SERVICE_API_KEY": "AIzaSyB2h2OuRcUgy5N-5hsZqiPW6sH3n_rptiQ",
            "MOZ_GOOGLE_SAFEBROWSING_API_KEY": "AIzaSyC7jsptDS3am4tPx4r3nxis7IMjBc5Dovo",
            "MOZ_GRAPHENE": false,
            "MOZ_MACBUNDLE_NAME": "Firefox.app",
            "MOZ_MAINTENANCE_SERVICE": false,
            "MOZ_MOZILLA_API_KEY": "3b4d27dd-703d-4094-8398-4de2c763505a",
            "MOZ_NEW_CERT_STORAGE": false,
            "MOZ_NEW_NOTIFICATION_STORE": false,
            "MOZ_NEW_XULSTORE": false,
            "MOZ_OFFICIAL_BRANDING": false,
            "MOZ_PLACES": false,
            "MOZ_REQUIRE_SIGNING": false,
            "MOZ_SANDBOX": false,
            "MOZ_SERVICES_HEALTHREPORT": true,
            "MOZ_SERVICES_SYNC": false,
            "MOZ_SWITCHBOARD": true,
            "MOZ_SYSTEM_NSS": false,
            "MOZ_TELEMETRY_ON_BY_DEFAULT": false,
            "MOZ_TELEMETRY_REPORTING": true,
            "MOZ_UNSIGNED_SCOPES": 0,
            "MOZ_UPDATER": false,
            "MOZ_UPDATE_CHANNEL": "release",
            "MOZ_WEBRTC": true,
            "MOZ_WIDGET_GTK": false,
            "MOZ_WIDGET_TOOLKIT": "android",
            "NIGHTLY_BUILD": false,
            "OMNIJAR_NAME": "assets/omni.ja",
            "RELEASE_OR_BETA": true,
            "SOURCE_REVISION_URL": "https://hg.mozilla.org/releases/mozilla-esr68/rev/d2e0b9e17b9bc1ef02606c8006b73293f7892ad5",
            "TELEMETRY_PING_FORMAT_VERSION": 4,
            "XP_UNIX": true,
            "isPlatformAndVersionAtLeast": {},
            "isPlatformAndVersionAtMost": {},
            "platform": "android"
          },
          "userAgent": "Mozilla/5.0 (Android 9; Mobile; rv:68.0) Gecko/68.0 Firefox/68.0",
          "windowSize": "360x612"
        },
        "pageinfo": {
          "documentHeight": 1981,
          "documentSize": {
            "decodedBodySize": 57257,
            "encodedBodySize": 11106,
            "transferSize": 11971
          },
          "documentTitle": "State Bank of India",
          "documentWidth": 360,
          "domElements": 733,
          "navigationStartTime": 1617121910948,
          "nextHopProtocol": "http/1.1",
          "resources": {
            "count": 0,
            "duration": 0
          },
          "responsive": true,
          "url": "https://www.onlinesbi.com/",
          "visualElements": {
            "heroes": [
              {
                "filename": "cache_mob.gif",
                "height": 33,
                "name": "LargestImage",
                "width": 308,
                "x": 26,
                "y": 116
              }
            ],
            "viewport": {
              "height": 1981,
              "width": 360
            }
          }
        },
        "timings": {
          "firstPaint": 3070,
          "loadEventEnd": 3971,
          "navigationTiming": {
            "connectStart": 300,
            "domComplete": 3919,
            "domContentLoadedEventEnd": 3146,
            "domContentLoadedEventStart": 3139,
            "domInteractive": 3137,
            "domainLookupEnd": 298,
            "domainLookupStart": 298,
            "duration": 3971,
            "fetchStart": 2,
            "loadEventEnd": 3971,
            "loadEventStart": 3919,
            "redirectEnd": 0,
            "redirectStart": 0,
            "requestStart": 1217,
            "responseEnd": 1492,
            "responseStart": 1242,
            "secureConnectionStart": 633,
            "startTime": 0,
            "unloadEventEnd": 0,
            "unloadEventStart": 0,
            "workerStart": 0
          },
          "pageTimings": {
            "backEndTime": 1242,
            "domContentLoadedTime": 3139,
            "domInteractiveTime": 3137,
            "domainLookupTime": 0,
            "frontEndTime": 2428,
            "pageDownloadTime": 249,
            "pageLoadTime": 3919,
            "redirectionTime": 0,
            "serverConnectionTime": 913,
            "serverResponseTime": 274
          },
          "rumSpeedIndex": 1242,
          "timeToContentfulPaint": 3237,
          "timeToDomContentFlushed": 3270,
          "userTimings": {
            "marks": [],
            "measures": []
          }
        }
      },
      {
        "browser": {
          "appConstants": {
            "ACCESSIBILITY": true,
            "ANDROID_PACKAGE_NAME": "org.mozilla.firefox",
            "ASAN": false,
            "ASAN_REPORTER": false,
            "BROWSER_CHROME_URL": "chrome://browser/content/browser.xul",
            "DEBUG": false,
            "DEBUG_JS_MODULES": "",
            "DLL_PREFIX": "lib",
            "DLL_SUFFIX": ".so",
            "EARLY_BETA_OR_EARLIER": false,
            "FENNEC_NIGHTLY": false,
            "HAVE_SHELL_SERVICE": false,
            "HAVE_USR_LIB64_DIR": false,
            "MENUBAR_CAN_AUTOHIDE": false,
            "MOZILLA_OFFICIAL": true,
            "MOZ_ALLOW_LEGACY_EXTENSIONS": false,
            "MOZ_ANDROID_ACTIVITY_STREAM": false,
            "MOZ_ANDROID_HISTORY": true,
            "MOZ_ANDROID_MOZILLA_ONLINE": false,
            "MOZ_APP_NAME": "fennec",
            "MOZ_APP_VERSION": "68.1.1",
            "MOZ_APP_VERSION_DISPLAY": "68.1.1",
            "MOZ_BING_API_CLIENTID": "no-bing-api-clientid",
            "MOZ_BING_API_KEY": "no-bing-api-key",
            "MOZ_BITS_DOWNLOAD": false,
            "MOZ_BUILD_APP": "mobile/android",
            "MOZ_CODE_COVERAGE": false,
            "MOZ_CRASHREPORTER": true,
            "MOZ_DATA_REPORTING": true,
            "MOZ_DEV_EDITION": false,
            "MOZ_GECKO_PROFILER": true,
            "MOZ_GOOGLE_LOCATION_SERVICE_API_KEY": "AIzaSyB2h2OuRcUgy5N-5hsZqiPW6sH3n_rptiQ",
            "MOZ_GOOGLE_SAFEBROWSING_API_KEY": "AIzaSyC7jsptDS3am4tPx4r3nxis7IMjBc5Dovo",
            "MOZ_GRAPHENE": false,
            "MOZ_MACBUNDLE_NAME": "Firefox.app",
            "MOZ_MAINTENANCE_SERVICE": false,
            "MOZ_MOZILLA_API_KEY": "3b4d27dd-703d-4094-8398-4de2c763505a",
            "MOZ_NEW_CERT_STORAGE": false,
            "MOZ_NEW_NOTIFICATION_STORE": false,
            "MOZ_NEW_XULSTORE": false,
            "MOZ_OFFICIAL_BRANDING": false,
            "MOZ_PLACES": false,
            "MOZ_REQUIRE_SIGNING": false,
            "MOZ_SANDBOX": false,
            "MOZ_SERVICES_HEALTHREPORT": true,
            "MOZ_SERVICES_SYNC": false,
            "MOZ_SWITCHBOARD": true,
            "MOZ_SYSTEM_NSS": false,
            "MOZ_TELEMETRY_ON_BY_DEFAULT": false,
            "MOZ_TELEMETRY_REPORTING": true,
            "MOZ_UNSIGNED_SCOPES": 0,
            "MOZ_UPDATER": false,
            "MOZ_UPDATE_CHANNEL": "release",
            "MOZ_WEBRTC": true,
            "MOZ_WIDGET_GTK": false,
            "MOZ_WIDGET_TOOLKIT": "android",
            "NIGHTLY_BUILD": false,
            "OMNIJAR_NAME": "assets/omni.ja",
            "RELEASE_OR_BETA": true,
            "SOURCE_REVISION_URL": "https://hg.mozilla.org/releases/mozilla-esr68/rev/d2e0b9e17b9bc1ef02606c8006b73293f7892ad5",
            "TELEMETRY_PING_FORMAT_VERSION": 4,
            "XP_UNIX": true,
            "isPlatformAndVersionAtLeast": {},
            "isPlatformAndVersionAtMost": {},
            "platform": "android"
          },
          "asyncAppConstants": {
            "ACCESSIBILITY": true,
            "ANDROID_PACKAGE_NAME": "org.mozilla.firefox",
            "ASAN": false,
            "ASAN_REPORTER": false,
            "BROWSER_CHROME_URL": "chrome://browser/content/browser.xul",
            "DEBUG": false,
            "DEBUG_JS_MODULES": "",
            "DLL_PREFIX": "lib",
            "DLL_SUFFIX": ".so",
            "EARLY_BETA_OR_EARLIER": false,
            "FENNEC_NIGHTLY": false,
            "HAVE_SHELL_SERVICE": false,
            "HAVE_USR_LIB64_DIR": false,
            "MENUBAR_CAN_AUTOHIDE": false,
            "MOZILLA_OFFICIAL": true,
            "MOZ_ALLOW_LEGACY_EXTENSIONS": false,
            "MOZ_ANDROID_ACTIVITY_STREAM": false,
            "MOZ_ANDROID_HISTORY": true,
            "MOZ_ANDROID_MOZILLA_ONLINE": false,
            "MOZ_APP_NAME": "fennec",
            "MOZ_APP_VERSION": "68.1.1",
            "MOZ_APP_VERSION_DISPLAY": "68.1.1",
            "MOZ_BING_API_CLIENTID": "no-bing-api-clientid",
            "MOZ_BING_API_KEY": "no-bing-api-key",
            "MOZ_BITS_DOWNLOAD": false,
            "MOZ_BUILD_APP": "mobile/android",
            "MOZ_CODE_COVERAGE": false,
            "MOZ_CRASHREPORTER": true,
            "MOZ_DATA_REPORTING": true,
            "MOZ_DEV_EDITION": false,
            "MOZ_GECKO_PROFILER": true,
            "MOZ_GOOGLE_LOCATION_SERVICE_API_KEY": "AIzaSyB2h2OuRcUgy5N-5hsZqiPW6sH3n_rptiQ",
            "MOZ_GOOGLE_SAFEBROWSING_API_KEY": "AIzaSyC7jsptDS3am4tPx4r3nxis7IMjBc5Dovo",
            "MOZ_GRAPHENE": false,
            "MOZ_MACBUNDLE_NAME": "Firefox.app",
            "MOZ_MAINTENANCE_SERVICE": false,
            "MOZ_MOZILLA_API_KEY": "3b4d27dd-703d-4094-8398-4de2c763505a",
            "MOZ_NEW_CERT_STORAGE": false,
            "MOZ_NEW_NOTIFICATION_STORE": false,
            "MOZ_NEW_XULSTORE": false,
            "MOZ_OFFICIAL_BRANDING": false,
            "MOZ_PLACES": false,
            "MOZ_REQUIRE_SIGNING": false,
            "MOZ_SANDBOX": false,
            "MOZ_SERVICES_HEALTHREPORT": true,
            "MOZ_SERVICES_SYNC": false,
            "MOZ_SWITCHBOARD": true,
            "MOZ_SYSTEM_NSS": false,
            "MOZ_TELEMETRY_ON_BY_DEFAULT": false,
            "MOZ_TELEMETRY_REPORTING": true,
            "MOZ_UNSIGNED_SCOPES": 0,
            "MOZ_UPDATER": false,
            "MOZ_UPDATE_CHANNEL": "release",
            "MOZ_WEBRTC": true,
            "MOZ_WIDGET_GTK": false,
            "MOZ_WIDGET_TOOLKIT": "android",
            "NIGHTLY_BUILD": false,
            "OMNIJAR_NAME": "assets/omni.ja",
            "RELEASE_OR_BETA": true,
            "SOURCE_REVISION_URL": "https://hg.mozilla.org/releases/mozilla-esr68/rev/d2e0b9e17b9bc1ef02606c8006b73293f7892ad5",
            "TELEMETRY_PING_FORMAT_VERSION": 4,
            "XP_UNIX": true,
            "isPlatformAndVersionAtLeast": {},
            "isPlatformAndVersionAtMost": {},
            "platform": "android"
          },
          "userAgent": "Mozilla/5.0 (Android 9; Mobile; rv:68.0) Gecko/68.0 Firefox/68.0",
          "windowSize": "360x612"
        },
        "pageinfo": {
          "documentHeight": 1981,
          "documentSize": {
            "decodedBodySize": 57257,
            "encodedBodySize": 11106,
            "transferSize": 11972
          },
          "documentTitle": "State Bank of India",
          "documentWidth": 360,
          "domElements": 733,
          "navigationStartTime": 1617121928436,
          "nextHopProtocol": "http/1.1",
          "resources": {
            "count": 0,
            "duration": 0
          },
          "responsive": true,
          "url": "https://www.onlinesbi.com/",
          "visualElements": {
            "heroes": [
              {
                "filename": "cache_mob.gif",
                "height": 33,
                "name": "LargestImage",
                "width": 308,
                "x": 26,
                "y": 116
              }
            ],
            "viewport": {
              "height": 1981,
              "width": 360
            }
          }
        },
        "timings": {
          "firstPaint": 2942,
          "loadEventEnd": 3709,
          "navigationTiming": {
            "connectStart": 39,
            "domComplete": 3660,
            "domContentLoadedEventEnd": 3025,
            "domContentLoadedEventStart": 3015,
            "domInteractive": 3013,
            "domainLookupEnd": 38,
            "domainLookupStart": 38,
            "duration": 3709,
            "fetchStart": 2,
            "loadEventEnd": 3709,
            "loadEventStart": 3660,
            "redirectEnd": 0,
            "redirectStart": 0,
            "requestStart": 922,
            "responseEnd": 1208,
            "responseStart": 922,
            "secureConnectionStart": 316,
            "startTime": 0,
            "unloadEventEnd": 0,
            "unloadEventStart": 0,
            "workerStart": 0
          },
          "pageTimings": {
            "backEndTime": 922,
            "domContentLoadedTime": 3015,
            "domInteractiveTime": 3013,
            "domainLookupTime": 0,
            "frontEndTime": 2452,
            "pageDownloadTime": 286,
            "pageLoadTime": 3660,
            "redirectionTime": 0,
            "serverConnectionTime": 883,
            "serverResponseTime": 286
          },
          "rumSpeedIndex": 922,
          "timeToContentfulPaint": 3123,
          "timeToDomContentFlushed": 3166,
          "userTimings": {
            "marks": [],
            "measures": []
          }
        }
      },
      {
        "browser": {
          "appConstants": {
            "ACCESSIBILITY": true,
            "ANDROID_PACKAGE_NAME": "org.mozilla.firefox",
            "ASAN": false,
            "ASAN_REPORTER": false,
            "BROWSER_CHROME_URL": "chrome://browser/content/browser.xul",
            "DEBUG": false,
            "DEBUG_JS_MODULES": "",
            "DLL_PREFIX": "lib",
            "DLL_SUFFIX": ".so",
            "EARLY_BETA_OR_EARLIER": false,
            "FENNEC_NIGHTLY": false,
            "HAVE_SHELL_SERVICE": false,
            "HAVE_USR_LIB64_DIR": false,
            "MENUBAR_CAN_AUTOHIDE": false,
            "MOZILLA_OFFICIAL": true,
            "MOZ_ALLOW_LEGACY_EXTENSIONS": false,
            "MOZ_ANDROID_ACTIVITY_STREAM": false,
            "MOZ_ANDROID_HISTORY": true,
            "MOZ_ANDROID_MOZILLA_ONLINE": false,
            "MOZ_APP_NAME": "fennec",
            "MOZ_APP_VERSION": "68.1.1",
            "MOZ_APP_VERSION_DISPLAY": "68.1.1",
            "MOZ_BING_API_CLIENTID": "no-bing-api-clientid",
            "MOZ_BING_API_KEY": "no-bing-api-key",
            "MOZ_BITS_DOWNLOAD": false,
            "MOZ_BUILD_APP": "mobile/android",
            "MOZ_CODE_COVERAGE": false,
            "MOZ_CRASHREPORTER": true,
            "MOZ_DATA_REPORTING": true,
            "MOZ_DEV_EDITION": false,
            "MOZ_GECKO_PROFILER": true,
            "MOZ_GOOGLE_LOCATION_SERVICE_API_KEY": "AIzaSyB2h2OuRcUgy5N-5hsZqiPW6sH3n_rptiQ",
            "MOZ_GOOGLE_SAFEBROWSING_API_KEY": "AIzaSyC7jsptDS3am4tPx4r3nxis7IMjBc5Dovo",
            "MOZ_GRAPHENE": false,
            "MOZ_MACBUNDLE_NAME": "Firefox.app",
            "MOZ_MAINTENANCE_SERVICE": false,
            "MOZ_MOZILLA_API_KEY": "3b4d27dd-703d-4094-8398-4de2c763505a",
            "MOZ_NEW_CERT_STORAGE": false,
            "MOZ_NEW_NOTIFICATION_STORE": false,
            "MOZ_NEW_XULSTORE": false,
            "MOZ_OFFICIAL_BRANDING": false,
            "MOZ_PLACES": false,
            "MOZ_REQUIRE_SIGNING": false,
            "MOZ_SANDBOX": false,
            "MOZ_SERVICES_HEALTHREPORT": true,
            "MOZ_SERVICES_SYNC": false,
            "MOZ_SWITCHBOARD": true,
            "MOZ_SYSTEM_NSS": false,
            "MOZ_TELEMETRY_ON_BY_DEFAULT": false,
            "MOZ_TELEMETRY_REPORTING": true,
            "MOZ_UNSIGNED_SCOPES": 0,
            "MOZ_UPDATER": false,
            "MOZ_UPDATE_CHANNEL": "release",
            "MOZ_WEBRTC": true,
            "MOZ_WIDGET_GTK": false,
            "MOZ_WIDGET_TOOLKIT": "android",
            "NIGHTLY_BUILD": false,
            "OMNIJAR_NAME": "assets/omni.ja",
            "RELEASE_OR_BETA": true,
            "SOURCE_REVISION_URL": "https://hg.mozilla.org/releases/mozilla-esr68/rev/d2e0b9e17b9bc1ef02606c8006b73293f7892ad5",
            "TELEMETRY_PING_FORMAT_VERSION": 4,
            "XP_UNIX": true,
            "isPlatformAndVersionAtLeast": {},
            "isPlatformAndVersionAtMost": {},
            "platform": "android"
          },
          "asyncAppConstants": {
            "ACCESSIBILITY": true,
            "ANDROID_PACKAGE_NAME": "org.mozilla.firefox",
            "ASAN": false,
            "ASAN_REPORTER": false,
            "BROWSER_CHROME_URL": "chrome://browser/content/browser.xul",
            "DEBUG": false,
            "DEBUG_JS_MODULES": "",
            "DLL_PREFIX": "lib",
            "DLL_SUFFIX": ".so",
            "EARLY_BETA_OR_EARLIER": false,
            "FENNEC_NIGHTLY": false,
            "HAVE_SHELL_SERVICE": false,
            "HAVE_USR_LIB64_DIR": false,
            "MENUBAR_CAN_AUTOHIDE": false,
            "MOZILLA_OFFICIAL": true,
            "MOZ_ALLOW_LEGACY_EXTENSIONS": false,
            "MOZ_ANDROID_ACTIVITY_STREAM": false,
            "MOZ_ANDROID_HISTORY": true,
            "MOZ_ANDROID_MOZILLA_ONLINE": false,
            "MOZ_APP_NAME": "fennec",
            "MOZ_APP_VERSION": "68.1.1",
            "MOZ_APP_VERSION_DISPLAY": "68.1.1",
            "MOZ_BING_API_CLIENTID": "no-bing-api-clientid",
            "MOZ_BING_API_KEY": "no-bing-api-key",
            "MOZ_BITS_DOWNLOAD": false,
            "MOZ_BUILD_APP": "mobile/android",
            "MOZ_CODE_COVERAGE": false,
            "MOZ_CRASHREPORTER": true,
            "MOZ_DATA_REPORTING": true,
            "MOZ_DEV_EDITION": false,
            "MOZ_GECKO_PROFILER": true,
            "MOZ_GOOGLE_LOCATION_SERVICE_API_KEY": "AIzaSyB2h2OuRcUgy5N-5hsZqiPW6sH3n_rptiQ",
            "MOZ_GOOGLE_SAFEBROWSING_API_KEY": "AIzaSyC7jsptDS3am4tPx4r3nxis7IMjBc5Dovo",
            "MOZ_GRAPHENE": false,
            "MOZ_MACBUNDLE_NAME": "Firefox.app",
            "MOZ_MAINTENANCE_SERVICE": false,
            "MOZ_MOZILLA_API_KEY": "3b4d27dd-703d-4094-8398-4de2c763505a",
            "MOZ_NEW_CERT_STORAGE": false,
            "MOZ_NEW_NOTIFICATION_STORE": false,
            "MOZ_NEW_XULSTORE": false,
            "MOZ_OFFICIAL_BRANDING": false,
            "MOZ_PLACES": false,
            "MOZ_REQUIRE_SIGNING": false,
            "MOZ_SANDBOX": false,
            "MOZ_SERVICES_HEALTHREPORT": true,
            "MOZ_SERVICES_SYNC": false,
            "MOZ_SWITCHBOARD": true,
            "MOZ_SYSTEM_NSS": false,
            "MOZ_TELEMETRY_ON_BY_DEFAULT": false,
            "MOZ_TELEMETRY_REPORTING": true,
            "MOZ_UNSIGNED_SCOPES": 0,
            "MOZ_UPDATER": false,
            "MOZ_UPDATE_CHANNEL": "release",
            "MOZ_WEBRTC": true,
            "MOZ_WIDGET_GTK": false,
            "MOZ_WIDGET_TOOLKIT": "android",
            "NIGHTLY_BUILD": false,
            "OMNIJAR_NAME": "assets/omni.ja",
            "RELEASE_OR_BETA": true,
            "SOURCE_REVISION_URL": "https://hg.mozilla.org/releases/mozilla-esr68/rev/d2e0b9e17b9bc1ef02606c8006b73293f7892ad5",
            "TELEMETRY_PING_FORMAT_VERSION": 4,
            "XP_UNIX": true,
            "isPlatformAndVersionAtLeast": {},
            "isPlatformAndVersionAtMost": {},
            "platform": "android"
          },
          "userAgent": "Mozilla/5.0 (Android 9; Mobile; rv:68.0) Gecko/68.0 Firefox/68.0",
          "windowSize": "360x612"
        },
        "pageinfo": {
          "documentHeight": 1981,
          "documentSize": {
            "decodedBodySize": 57257,
            "encodedBodySize": 11106,
            "transferSize": 11972
          },
          "documentTitle": "State Bank of India",
          "documentWidth": 360,
          "domElements": 733,
          "navigationStartTime": 1617121945708,
          "nextHopProtocol": "http/1.1",
          "resources": {
            "count": 0,
            "duration": 0
          },
          "responsive": true,
          "url": "https://www.onlinesbi.com/",
          "visualElements": {
            "heroes": [
              {
                "filename": "cache_mob.gif",
                "height": 33,
                "name": "LargestImage",
                "width": 308,
                "x": 26,
                "y": 116
              }
            ],
            "viewport": {
              "height": 1981,
              "width": 360
            }
          }
        },
        "timings": {
          "firstPaint": 2653,
          "loadEventEnd": 3478,
          "navigationTiming": {
            "connectStart": 102,
            "domComplete": 3418,
            "domContentLoadedEventEnd": 2717,
            "domContentLoadedEventStart": 2711,
            "domInteractive": 2650,
            "domainLookupEnd": 102,
            "domainLookupStart": 101,
            "duration": 3478,
            "fetchStart": 2,
            "loadEventEnd": 3478,
            "loadEventStart": 3418,
            "redirectEnd": 0,
            "redirectStart": 0,
            "requestStart": 850,
            "responseEnd": 1120,
            "responseStart": 1053,
            "secureConnectionStart": 454,
            "startTime": 0,
            "unloadEventEnd": 0,
            "unloadEventStart": 0,
            "workerStart": 0
          },
          "pageTimings": {
            "backEndTime": 1053,
            "domContentLoadedTime": 2711,
            "domInteractiveTime": 2650,
            "domainLookupTime": 0,
            "frontEndTime": 2298,
            "pageDownloadTime": 67,
            "pageLoadTime": 3418,
            "redirectionTime": 0,
            "serverConnectionTime": 747,
            "serverResponseTime": 270
          },
          "rumSpeedIndex": 1052,
          "timeToContentfulPaint": 2823,
          "timeToDomContentFlushed": 2652,
          "userTimings": {
            "marks": [],
            "measures": []
          }
        }
      }
    ],
    "visualMetrics": [],
    "cpu": [],
    "extras": [
      {},
      {},
      {}
    ],
    "fullyLoaded": [],
    "errors": [
      [],
      [],
      []
    ],
    "statistics": {
      "browser": {
        "appConstants": {
          "MOZ_UNSIGNED_SCOPES": {
            "median": 0,
            "mean": 0,
            "mdev": 0,
            "stddev": 0,
            "min": 0,
            "p10": 0,
            "p90": 0,
            "p99": 0,
            "max": 0
          },
          "TELEMETRY_PING_FORMAT_VERSION": {
            "median": 4,
            "mean": 4,
            "mdev": 0,
            "stddev": 0,
            "min": 4,
            "p10": 4,
            "p90": 4,
            "p99": 4,
            "max": 4
          }
        },
        "asyncAppConstants": {
          "MOZ_UNSIGNED_SCOPES": {
            "median": 0,
            "mean": 0,
            "mdev": 0,
            "stddev": 0,
            "min": 0,
            "p10": 0,
            "p90": 0,
            "p99": 0,
            "max": 0
          },
          "TELEMETRY_PING_FORMAT_VERSION": {
            "median": 4,
            "mean": 4,
            "mdev": 0,
            "stddev": 0,
            "min": 4,
            "p10": 4,
            "p90": 4,
            "p99": 4,
            "max": 4
          }
        }
      },
      "pageinfo": {
        "documentHeight": {
          "median": 1981,
          "mean": 1981,
          "mdev": 0,
          "stddev": 0,
          "min": 1981,
          "p10": 1981,
          "p90": 1981,
          "p99": 1981,
          "max": 1981
        },
        "documentSize": {
          "decodedBodySize": {
            "median": 57257,
            "mean": 57257,
            "mdev": 0,
            "stddev": 0,
            "min": 57257,
            "p10": 57257,
            "p90": 57257,
            "p99": 57257,
            "max": 57257
          },
          "encodedBodySize": {
            "median": 11106,
            "mean": 11106,
            "mdev": 0,
            "stddev": 0,
            "min": 11106,
            "p10": 11106,
            "p90": 11106,
            "p99": 11106,
            "max": 11106
          },
          "transferSize": {
            "median": 11972,
            "mean": 11972,
            "mdev": 0.2722,
            "stddev": 0,
            "min": 11971,
            "p10": 11971,
            "p90": 11972,
            "p99": 11972,
            "max": 11972
          }
        },
        "documentWidth": {
          "median": 360,
          "mean": 360,
          "mdev": 0,
          "stddev": 0,
          "min": 360,
          "p10": 360,
          "p90": 360,
          "p99": 360,
          "max": 360
        },
        "domElements": {
          "median": 733,
          "mean": 733,
          "mdev": 0,
          "stddev": 0,
          "min": 733,
          "p10": 733,
          "p90": 733,
          "p99": 733,
          "max": 733
        },
        "navigationStartTime": {
          "median": 1617121928436,
          "mean": 1617121928364,
          "mdev": 12612.4091,
          "stddev": 21845,
          "min": 1617121910948,
          "p10": 1617121910948,
          "p90": 1617121945708,
          "p99": 1617121945708,
          "max": 1617121945708
        },
        "resources": {
          "count": {
            "median": 0,
            "mean": 0,
            "mdev": 0,
            "stddev": 0,
            "min": 0,
            "p10": 0,
            "p90": 0,
            "p99": 0,
            "max": 0
          },
          "duration": {
            "median": 0,
            "mean": 0,
            "mdev": 0,
            "stddev": 0,
            "min": 0,
            "p10": 0,
            "p90": 0,
            "p99": 0,
            "max": 0
          }
        },
        "visualElements": {
          "heroes": [
            {
              "height": {
                "median": 33,
                "mean": 33,
                "mdev": 0,
                "stddev": 0,
                "min": 33,
                "p10": 33,
                "p90": 33,
                "p99": 33,
                "max": 33
              },
              "width": {
                "median": 308,
                "mean": 308,
                "mdev": 0,
                "stddev": 0,
                "min": 308,
                "p10": 308,
                "p90": 308,
                "p99": 308,
                "max": 308
              },
              "x": {
                "median": 26,
                "mean": 26,
                "mdev": 0,
                "stddev": 0,
                "min": 26,
                "p10": 26,
                "p90": 26,
                "p99": 26,
                "max": 26
              },
              "y": {
                "median": 116,
                "mean": 116,
                "mdev": 0,
                "stddev": 0,
                "min": 116,
                "p10": 116,
                "p90": 116,
                "p99": 116,
                "max": 116
              }
            }
          ],
          "viewport": {
            "height": {
              "median": 1981,
              "mean": 1981,
              "mdev": 0,
              "stddev": 0,
              "min": 1981,
              "p10": 1981,
              "p90": 1981,
              "p99": 1981,
              "max": 1981
            },
            "width": {
              "median": 360,
              "mean": 360,
              "mdev": 0,
              "stddev": 0,
              "min": 360,
              "p10": 360,
              "p90": 360,
              "p99": 360,
              "max": 360
            }
          }
        }
      },
      "timings": {
        "firstPaint": {
          "median": 2942,
          "mean": 2888,
          "mdev": 100.7001,
          "stddev": 174,
          "min": 2653,
          "p10": 2653,
          "p90": 3070,
          "p99": 3070,
          "max": 3070
        },
        "loadEventEnd": {
          "median": 3709,
          "mean": 3719,
          "mdev": 116.2778,
          "stddev": 201,
          "min": 3478,
          "p10": 3478,
          "p90": 3971,
          "p99": 3971,
          "max": 3971
        },
        "navigationTiming": {
          "connectStart": {
            "median": 102,
            "mean": 147,
            "mdev": 64.2028,
            "stddev": 111,
            "min": 39,
            "p10": 39,
            "p90": 300,
            "p99": 300,
            "max": 300
          },
          "domComplete": {
            "median": 3660,
            "mean": 3666,
            "mdev": 118.1095,
            "stddev": 205,
            "min": 3418,
            "p10": 3418,
            "p90": 3919,
            "p99": 3919,
            "max": 3919
          },
          "domContentLoadedEventEnd": {
            "median": 3025,
            "mean": 2963,
            "mdev": 104.2692,
            "stddev": 181,
            "min": 2717,
            "p10": 2717,
            "p90": 3146,
            "p99": 3146,
            "max": 3146
          },
          "domContentLoadedEventStart": {
            "median": 3015,
            "mean": 2955,
            "mdev": 103.8118,
            "stddev": 180,
            "min": 2711,
            "p10": 2711,
            "p90": 3139,
            "p99": 3139,
            "max": 3139
          },
          "domInteractive": {
            "median": 3013,
            "mean": 2933,
            "mdev": 119.3057,
            "stddev": 207,
            "min": 2650,
            "p10": 2650,
            "p90": 3137,
            "p99": 3137,
            "max": 3137
          },
          "domainLookupEnd": {
            "median": 102,
            "mean": 146,
            "mdev": 63.861,
            "stddev": 111,
            "min": 38,
            "p10": 38,
            "p90": 298,
            "p99": 298,
            "max": 298
          },
          "domainLookupStart": {
            "median": 101,
            "mean": 146,
            "mdev": 63.938,
            "stddev": 111,
            "min": 38,
            "p10": 38,
            "p90": 298,
            "p99": 298,
            "max": 298
          },
          "duration": {
            "median": 3709,
            "mean": 3719,
            "mdev": 116.2778,
            "stddev": 201,
            "min": 3478,
            "p10": 3478,
            "p90": 3971,
            "p99": 3971,
            "max": 3971
          },
          "fetchStart": {
            "median": 2,
            "mean": 2,
            "mdev": 0,
            "stddev": 0,
            "min": 2,
            "p10": 2,
            "p90": 2,
            "p99": 2,
            "max": 2
          },
          "loadEventEnd": {
            "median": 3709,
            "mean": 3719,
            "mdev": 116.2778,
            "stddev": 201,
            "min": 3478,
            "p10": 3478,
            "p90": 3971,
            "p99": 3971,
            "max": 3971
          },
          "loadEventStart": {
            "median": 3660,
            "mean": 3666,
            "mdev": 118.1095,
            "stddev": 205,
            "min": 3418,
            "p10": 3418,
            "p90": 3919,
            "p99": 3919,
            "max": 3919
          },
          "redirectEnd": {
            "median": 0,
            "mean": 0,
            "mdev": 0,
            "stddev": 0,
            "min": 0,
            "p10": 0,
            "p90": 0,
            "p99": 0,
            "max": 0
          },
          "redirectStart": {
            "median": 0,
            "mean": 0,
            "mdev": 0,
            "stddev": 0,
            "min": 0,
            "p10": 0,
            "p90": 0,
            "p99": 0,
            "max": 0
          },
          "requestStart": {
            "median": 922,
            "mean": 996,
            "mdev": 91.6713,
            "stddev": 159,
            "min": 850,
            "p10": 850,
            "p90": 1217,
            "p99": 1217,
            "max": 1217
          },
          "responseEnd": {
            "median": 1208,
            "mean": 1273,
            "mdev": 91.6483,
            "stddev": 159,
            "min": 1120,
            "p10": 1120,
            "p90": 1492,
            "p99": 1492,
            "max": 1492
          },
          "responseStart": {
            "median": 1053,
            "mean": 1072,
            "mdev": 75.8366,
            "stddev": 131,
            "min": 922,
            "p10": 922,
            "p90": 1242,
            "p99": 1242,
            "max": 1242
          },
          "secureConnectionStart": {
            "median": 454,
            "mean": 468,
            "mdev": 74.9256,
            "stddev": 130,
            "min": 316,
            "p10": 316,
            "p90": 633,
            "p99": 633,
            "max": 633
          },
          "startTime": {
            "median": 0,
            "mean": 0,
            "mdev": 0,
            "stddev": 0,
            "min": 0,
            "p10": 0,
            "p90": 0,
            "p99": 0,
            "max": 0
          },
          "unloadEventEnd": {
            "median": 0,
            "mean": 0,
            "mdev": 0,
            "stddev": 0,
            "min": 0,
            "p10": 0,
            "p90": 0,
            "p99": 0,
            "max": 0
          },
          "unloadEventStart": {
            "median": 0,
            "mean": 0,
            "mdev": 0,
            "stddev": 0,
            "min": 0,
            "p10": 0,
            "p90": 0,
            "p99": 0,
            "max": 0
          },
          "workerStart": {
            "median": 0,
            "mean": 0,
            "mdev": 0,
            "stddev": 0,
            "min": 0,
            "p10": 0,
            "p90": 0,
            "p99": 0,
            "max": 0
          }
        },
        "pageTimings": {
          "backEndTime": {
            "median": 1053,
            "mean": 1072,
            "mdev": 75.8366,
            "stddev": 131,
            "min": 922,
            "p10": 922,
            "p90": 1242,
            "p99": 1242,
            "max": 1242
          },
          "domContentLoadedTime": {
            "median": 3015,
            "mean": 2955,
            "mdev": 103.8118,
            "stddev": 180,
            "min": 2711,
            "p10": 2711,
            "p90": 3139,
            "p99": 3139,
            "max": 3139
          },
          "domInteractiveTime": {
            "median": 3013,
            "mean": 2933,
            "mdev": 119.3057,
            "stddev": 207,
            "min": 2650,
            "p10": 2650,
            "p90": 3137,
            "p99": 3137,
            "max": 3137
          },
          "domainLookupTime": {
            "median": 0,
            "mean": 0,
            "mdev": 0,
            "stddev": 0,
            "min": 0,
            "p10": 0,
            "p90": 0,
            "p99": 0,
            "max": 0
          },
          "frontEndTime": {
            "median": 2428,
            "mean": 2393,
            "mdev": 39.0593,
            "stddev": 68,
            "min": 2298,
            "p10": 2298,
            "p90": 2452,
            "p99": 2452,
            "max": 2452
          },
          "pageDownloadTime": {
            "median": 249,
            "mean": 201,
            "mdev": 55.2617,
            "stddev": 96,
            "min": 67,
            "p10": 67,
            "p90": 286,
            "p99": 286,
            "max": 286
          },
          "pageLoadTime": {
            "median": 3660,
            "mean": 3666,
            "mdev": 118.1095,
            "stddev": 205,
            "min": 3418,
            "p10": 3418,
            "p90": 3919,
            "p99": 3919,
            "max": 3919
          },
          "redirectionTime": {
            "median": 0,
            "mean": 0,
            "mdev": 0,
            "stddev": 0,
            "min": 0,
            "p10": 0,
            "p90": 0,
            "p99": 0,
            "max": 0
          },
          "serverConnectionTime": {
            "median": 883,
            "mean": 848,
            "mdev": 41.7009,
            "stddev": 72,
            "min": 747,
            "p10": 747,
            "p90": 913,
            "p99": 913,
            "max": 913
          },
          "serverResponseTime": {
            "median": 274,
            "mean": 277,
            "mdev": 3.9252,
            "stddev": 7,
            "min": 270,
            "p10": 270,
            "p90": 286,
            "p99": 286,
            "max": 286
          }
        },
        "rumSpeedIndex": {
          "median": 1052,
          "mean": 1072,
          "mdev": 75.8654,
          "stddev": 131,
          "min": 922,
          "p10": 922,
          "p90": 1242,
          "p99": 1242,
          "max": 1242
        },
        "timeToContentfulPaint": {
          "median": 3123,
          "mean": 3061,
          "mdev": 100.8101,
          "stddev": 175,
          "min": 2823,
          "p10": 2823,
          "p90": 3237,
          "p99": 3237,
          "max": 3237
        },
        "timeToDomContentFlushed": {
          "median": 3166,
          "mean": 3029,
          "mdev": 155.9839,
          "stddev": 270,
          "min": 2652,
          "p10": 2652,
          "p90": 3270,
          "p99": 3270,
          "max": 3270
        }
      }
    }
  }
]