[
  {
    "info": {
      "browsertime": {
        "version": "8.4.0"
      },
      "url": "https://www.shutterstock.com/",
      "timestamp": "2021-03-30T11:03:18+04:00",
      "connectivity": {
        "engine": "external",
        "profile": "native"
      },
      "extra": {}
    },
    "files": {
      "video": [],
      "screenshot": [],
      "timeline": [],
      "consoleLog": [],
      "netLog": [],
      "perfLog": []
    },
    "cdp": {
      "performance": []
    },
    "timestamps": [
      "2021-03-30T11:03:01+04:00",
      "2021-03-30T11:03:29+04:00",
      "2021-03-30T11:03:58+04:00"
    ],
    "browserScripts": [
      {
        "browser": {
          "appConstants": {
            "ACCESSIBILITY": true,
            "ANDROID_PACKAGE_NAME": "org.mozilla.firefox",
            "ASAN": false,
            "ASAN_REPORTER": false,
            "BROWSER_CHROME_URL": "chrome://browser/content/browser.xul",
            "DEBUG": false,
            "DEBUG_JS_MODULES": "",
            "DLL_PREFIX": "lib",
            "DLL_SUFFIX": ".so",
            "EARLY_BETA_OR_EARLIER": false,
            "FENNEC_NIGHTLY": false,
            "HAVE_SHELL_SERVICE": false,
            "HAVE_USR_LIB64_DIR": false,
            "MENUBAR_CAN_AUTOHIDE": false,
            "MOZILLA_OFFICIAL": true,
            "MOZ_ALLOW_LEGACY_EXTENSIONS": false,
            "MOZ_ANDROID_ACTIVITY_STREAM": false,
            "MOZ_ANDROID_HISTORY": true,
            "MOZ_ANDROID_MOZILLA_ONLINE": false,
            "MOZ_APP_NAME": "fennec",
            "MOZ_APP_VERSION": "68.1.1",
            "MOZ_APP_VERSION_DISPLAY": "68.1.1",
            "MOZ_BING_API_CLIENTID": "no-bing-api-clientid",
            "MOZ_BING_API_KEY": "no-bing-api-key",
            "MOZ_BITS_DOWNLOAD": false,
            "MOZ_BUILD_APP": "mobile/android",
            "MOZ_CODE_COVERAGE": false,
            "MOZ_CRASHREPORTER": true,
            "MOZ_DATA_REPORTING": true,
            "MOZ_DEV_EDITION": false,
            "MOZ_GECKO_PROFILER": true,
            "MOZ_GOOGLE_LOCATION_SERVICE_API_KEY": "AIzaSyB2h2OuRcUgy5N-5hsZqiPW6sH3n_rptiQ",
            "MOZ_GOOGLE_SAFEBROWSING_API_KEY": "AIzaSyC7jsptDS3am4tPx4r3nxis7IMjBc5Dovo",
            "MOZ_GRAPHENE": false,
            "MOZ_MACBUNDLE_NAME": "Firefox.app",
            "MOZ_MAINTENANCE_SERVICE": false,
            "MOZ_MOZILLA_API_KEY": "3b4d27dd-703d-4094-8398-4de2c763505a",
            "MOZ_NEW_CERT_STORAGE": false,
            "MOZ_NEW_NOTIFICATION_STORE": false,
            "MOZ_NEW_XULSTORE": false,
            "MOZ_OFFICIAL_BRANDING": false,
            "MOZ_PLACES": false,
            "MOZ_REQUIRE_SIGNING": false,
            "MOZ_SANDBOX": false,
            "MOZ_SERVICES_HEALTHREPORT": true,
            "MOZ_SERVICES_SYNC": false,
            "MOZ_SWITCHBOARD": true,
            "MOZ_SYSTEM_NSS": false,
            "MOZ_TELEMETRY_ON_BY_DEFAULT": false,
            "MOZ_TELEMETRY_REPORTING": true,
            "MOZ_UNSIGNED_SCOPES": 0,
            "MOZ_UPDATER": false,
            "MOZ_UPDATE_CHANNEL": "release",
            "MOZ_WEBRTC": true,
            "MOZ_WIDGET_GTK": false,
            "MOZ_WIDGET_TOOLKIT": "android",
            "NIGHTLY_BUILD": false,
            "OMNIJAR_NAME": "assets/omni.ja",
            "RELEASE_OR_BETA": true,
            "SOURCE_REVISION_URL": "https://hg.mozilla.org/releases/mozilla-esr68/rev/d2e0b9e17b9bc1ef02606c8006b73293f7892ad5",
            "TELEMETRY_PING_FORMAT_VERSION": 4,
            "XP_UNIX": true,
            "isPlatformAndVersionAtLeast": {},
            "isPlatformAndVersionAtMost": {},
            "platform": "android"
          },
          "asyncAppConstants": {
            "ACCESSIBILITY": true,
            "ANDROID_PACKAGE_NAME": "org.mozilla.firefox",
            "ASAN": false,
            "ASAN_REPORTER": false,
            "BROWSER_CHROME_URL": "chrome://browser/content/browser.xul",
            "DEBUG": false,
            "DEBUG_JS_MODULES": "",
            "DLL_PREFIX": "lib",
            "DLL_SUFFIX": ".so",
            "EARLY_BETA_OR_EARLIER": false,
            "FENNEC_NIGHTLY": false,
            "HAVE_SHELL_SERVICE": false,
            "HAVE_USR_LIB64_DIR": false,
            "MENUBAR_CAN_AUTOHIDE": false,
            "MOZILLA_OFFICIAL": true,
            "MOZ_ALLOW_LEGACY_EXTENSIONS": false,
            "MOZ_ANDROID_ACTIVITY_STREAM": false,
            "MOZ_ANDROID_HISTORY": true,
            "MOZ_ANDROID_MOZILLA_ONLINE": false,
            "MOZ_APP_NAME": "fennec",
            "MOZ_APP_VERSION": "68.1.1",
            "MOZ_APP_VERSION_DISPLAY": "68.1.1",
            "MOZ_BING_API_CLIENTID": "no-bing-api-clientid",
            "MOZ_BING_API_KEY": "no-bing-api-key",
            "MOZ_BITS_DOWNLOAD": false,
            "MOZ_BUILD_APP": "mobile/android",
            "MOZ_CODE_COVERAGE": false,
            "MOZ_CRASHREPORTER": true,
            "MOZ_DATA_REPORTING": true,
            "MOZ_DEV_EDITION": false,
            "MOZ_GECKO_PROFILER": true,
            "MOZ_GOOGLE_LOCATION_SERVICE_API_KEY": "AIzaSyB2h2OuRcUgy5N-5hsZqiPW6sH3n_rptiQ",
            "MOZ_GOOGLE_SAFEBROWSING_API_KEY": "AIzaSyC7jsptDS3am4tPx4r3nxis7IMjBc5Dovo",
            "MOZ_GRAPHENE": false,
            "MOZ_MACBUNDLE_NAME": "Firefox.app",
            "MOZ_MAINTENANCE_SERVICE": false,
            "MOZ_MOZILLA_API_KEY": "3b4d27dd-703d-4094-8398-4de2c763505a",
            "MOZ_NEW_CERT_STORAGE": false,
            "MOZ_NEW_NOTIFICATION_STORE": false,
            "MOZ_NEW_XULSTORE": false,
            "MOZ_OFFICIAL_BRANDING": false,
            "MOZ_PLACES": false,
            "MOZ_REQUIRE_SIGNING": false,
            "MOZ_SANDBOX": false,
            "MOZ_SERVICES_HEALTHREPORT": true,
            "MOZ_SERVICES_SYNC": false,
            "MOZ_SWITCHBOARD": true,
            "MOZ_SYSTEM_NSS": false,
            "MOZ_TELEMETRY_ON_BY_DEFAULT": false,
            "MOZ_TELEMETRY_REPORTING": true,
            "MOZ_UNSIGNED_SCOPES": 0,
            "MOZ_UPDATER": false,
            "MOZ_UPDATE_CHANNEL": "release",
            "MOZ_WEBRTC": true,
            "MOZ_WIDGET_GTK": false,
            "MOZ_WIDGET_TOOLKIT": "android",
            "NIGHTLY_BUILD": false,
            "OMNIJAR_NAME": "assets/omni.ja",
            "RELEASE_OR_BETA": true,
            "SOURCE_REVISION_URL": "https://hg.mozilla.org/releases/mozilla-esr68/rev/d2e0b9e17b9bc1ef02606c8006b73293f7892ad5",
            "TELEMETRY_PING_FORMAT_VERSION": 4,
            "XP_UNIX": true,
            "isPlatformAndVersionAtLeast": {},
            "isPlatformAndVersionAtMost": {},
            "platform": "android"
          },
          "userAgent": "Mozilla/5.0 (Android 8.1.0; Mobile; rv:68.0) Gecko/68.0 Firefox/68.0",
          "windowSize": "360x560"
        },
        "pageinfo": {
          "documentHeight": 10699,
          "documentSize": {
            "decodedBodySize": 243812,
            "encodedBodySize": 57080,
            "transferSize": 59140
          },
          "documentTitle": "Stock Images, Photos, Vectors, Video, and Music | Shutterstock",
          "documentWidth": 360,
          "domElements": 1719,
          "navigationStartTime": 1617087782150,
          "nextHopProtocol": "h2",
          "resources": {
            "count": 0,
            "duration": 0
          },
          "responsive": true,
          "url": "https://www.shutterstock.com/",
          "visualElements": {
            "heroes": [
              {
                "filename": "LOHP_Editor_Templates_copy.jpg?fit=fill&w=800&h=450",
                "height": 500,
                "name": "LargestImage",
                "width": 360,
                "x": 0,
                "y": 107
              },
              {
                "filename": null,
                "height": 64,
                "name": "Heading",
                "width": 321,
                "x": 20,
                "y": 315
              }
            ],
            "viewport": {
              "height": 560,
              "width": 360
            }
          }
        },
        "timings": {
          "firstPaint": 5394,
          "loadEventEnd": 9670,
          "navigationTiming": {
            "connectStart": 34,
            "domComplete": 6182,
            "domContentLoadedEventEnd": 5537,
            "domContentLoadedEventStart": 5522,
            "domInteractive": 1024,
            "domainLookupEnd": 32,
            "domainLookupStart": 32,
            "duration": 9670,
            "fetchStart": 3,
            "loadEventEnd": 9670,
            "loadEventStart": 9662,
            "redirectEnd": 0,
            "redirectStart": 0,
            "requestStart": 127,
            "responseEnd": 151,
            "responseStart": 140,
            "secureConnectionStart": 48,
            "startTime": 0,
            "unloadEventEnd": 0,
            "unloadEventStart": 0,
            "workerStart": 0
          },
          "pageTimings": {
            "backEndTime": 140,
            "domContentLoadedTime": 5522,
            "domInteractiveTime": 1024,
            "domainLookupTime": 0,
            "frontEndTime": 9512,
            "pageDownloadTime": 10,
            "pageLoadTime": 9662,
            "redirectionTime": 0,
            "serverConnectionTime": 92,
            "serverResponseTime": 24
          },
          "rumSpeedIndex": 140,
          "timeToContentfulPaint": 5597,
          "timeToDomContentFlushed": 5299,
          "userTimings": {
            "marks": [],
            "measures": []
          }
        }
      },
      {
        "browser": {
          "appConstants": {
            "ACCESSIBILITY": true,
            "ANDROID_PACKAGE_NAME": "org.mozilla.firefox",
            "ASAN": false,
            "ASAN_REPORTER": false,
            "BROWSER_CHROME_URL": "chrome://browser/content/browser.xul",
            "DEBUG": false,
            "DEBUG_JS_MODULES": "",
            "DLL_PREFIX": "lib",
            "DLL_SUFFIX": ".so",
            "EARLY_BETA_OR_EARLIER": false,
            "FENNEC_NIGHTLY": false,
            "HAVE_SHELL_SERVICE": false,
            "HAVE_USR_LIB64_DIR": false,
            "MENUBAR_CAN_AUTOHIDE": false,
            "MOZILLA_OFFICIAL": true,
            "MOZ_ALLOW_LEGACY_EXTENSIONS": false,
            "MOZ_ANDROID_ACTIVITY_STREAM": false,
            "MOZ_ANDROID_HISTORY": true,
            "MOZ_ANDROID_MOZILLA_ONLINE": false,
            "MOZ_APP_NAME": "fennec",
            "MOZ_APP_VERSION": "68.1.1",
            "MOZ_APP_VERSION_DISPLAY": "68.1.1",
            "MOZ_BING_API_CLIENTID": "no-bing-api-clientid",
            "MOZ_BING_API_KEY": "no-bing-api-key",
            "MOZ_BITS_DOWNLOAD": false,
            "MOZ_BUILD_APP": "mobile/android",
            "MOZ_CODE_COVERAGE": false,
            "MOZ_CRASHREPORTER": true,
            "MOZ_DATA_REPORTING": true,
            "MOZ_DEV_EDITION": false,
            "MOZ_GECKO_PROFILER": true,
            "MOZ_GOOGLE_LOCATION_SERVICE_API_KEY": "AIzaSyB2h2OuRcUgy5N-5hsZqiPW6sH3n_rptiQ",
            "MOZ_GOOGLE_SAFEBROWSING_API_KEY": "AIzaSyC7jsptDS3am4tPx4r3nxis7IMjBc5Dovo",
            "MOZ_GRAPHENE": false,
            "MOZ_MACBUNDLE_NAME": "Firefox.app",
            "MOZ_MAINTENANCE_SERVICE": false,
            "MOZ_MOZILLA_API_KEY": "3b4d27dd-703d-4094-8398-4de2c763505a",
            "MOZ_NEW_CERT_STORAGE": false,
            "MOZ_NEW_NOTIFICATION_STORE": false,
            "MOZ_NEW_XULSTORE": false,
            "MOZ_OFFICIAL_BRANDING": false,
            "MOZ_PLACES": false,
            "MOZ_REQUIRE_SIGNING": false,
            "MOZ_SANDBOX": false,
            "MOZ_SERVICES_HEALTHREPORT": true,
            "MOZ_SERVICES_SYNC": false,
            "MOZ_SWITCHBOARD": true,
            "MOZ_SYSTEM_NSS": false,
            "MOZ_TELEMETRY_ON_BY_DEFAULT": false,
            "MOZ_TELEMETRY_REPORTING": true,
            "MOZ_UNSIGNED_SCOPES": 0,
            "MOZ_UPDATER": false,
            "MOZ_UPDATE_CHANNEL": "release",
            "MOZ_WEBRTC": true,
            "MOZ_WIDGET_GTK": false,
            "MOZ_WIDGET_TOOLKIT": "android",
            "NIGHTLY_BUILD": false,
            "OMNIJAR_NAME": "assets/omni.ja",
            "RELEASE_OR_BETA": true,
            "SOURCE_REVISION_URL": "https://hg.mozilla.org/releases/mozilla-esr68/rev/d2e0b9e17b9bc1ef02606c8006b73293f7892ad5",
            "TELEMETRY_PING_FORMAT_VERSION": 4,
            "XP_UNIX": true,
            "isPlatformAndVersionAtLeast": {},
            "isPlatformAndVersionAtMost": {},
            "platform": "android"
          },
          "asyncAppConstants": {
            "ACCESSIBILITY": true,
            "ANDROID_PACKAGE_NAME": "org.mozilla.firefox",
            "ASAN": false,
            "ASAN_REPORTER": false,
            "BROWSER_CHROME_URL": "chrome://browser/content/browser.xul",
            "DEBUG": false,
            "DEBUG_JS_MODULES": "",
            "DLL_PREFIX": "lib",
            "DLL_SUFFIX": ".so",
            "EARLY_BETA_OR_EARLIER": false,
            "FENNEC_NIGHTLY": false,
            "HAVE_SHELL_SERVICE": false,
            "HAVE_USR_LIB64_DIR": false,
            "MENUBAR_CAN_AUTOHIDE": false,
            "MOZILLA_OFFICIAL": true,
            "MOZ_ALLOW_LEGACY_EXTENSIONS": false,
            "MOZ_ANDROID_ACTIVITY_STREAM": false,
            "MOZ_ANDROID_HISTORY": true,
            "MOZ_ANDROID_MOZILLA_ONLINE": false,
            "MOZ_APP_NAME": "fennec",
            "MOZ_APP_VERSION": "68.1.1",
            "MOZ_APP_VERSION_DISPLAY": "68.1.1",
            "MOZ_BING_API_CLIENTID": "no-bing-api-clientid",
            "MOZ_BING_API_KEY": "no-bing-api-key",
            "MOZ_BITS_DOWNLOAD": false,
            "MOZ_BUILD_APP": "mobile/android",
            "MOZ_CODE_COVERAGE": false,
            "MOZ_CRASHREPORTER": true,
            "MOZ_DATA_REPORTING": true,
            "MOZ_DEV_EDITION": false,
            "MOZ_GECKO_PROFILER": true,
            "MOZ_GOOGLE_LOCATION_SERVICE_API_KEY": "AIzaSyB2h2OuRcUgy5N-5hsZqiPW6sH3n_rptiQ",
            "MOZ_GOOGLE_SAFEBROWSING_API_KEY": "AIzaSyC7jsptDS3am4tPx4r3nxis7IMjBc5Dovo",
            "MOZ_GRAPHENE": false,
            "MOZ_MACBUNDLE_NAME": "Firefox.app",
            "MOZ_MAINTENANCE_SERVICE": false,
            "MOZ_MOZILLA_API_KEY": "3b4d27dd-703d-4094-8398-4de2c763505a",
            "MOZ_NEW_CERT_STORAGE": false,
            "MOZ_NEW_NOTIFICATION_STORE": false,
            "MOZ_NEW_XULSTORE": false,
            "MOZ_OFFICIAL_BRANDING": false,
            "MOZ_PLACES": false,
            "MOZ_REQUIRE_SIGNING": false,
            "MOZ_SANDBOX": false,
            "MOZ_SERVICES_HEALTHREPORT": true,
            "MOZ_SERVICES_SYNC": false,
            "MOZ_SWITCHBOARD": true,
            "MOZ_SYSTEM_NSS": false,
            "MOZ_TELEMETRY_ON_BY_DEFAULT": false,
            "MOZ_TELEMETRY_REPORTING": true,
            "MOZ_UNSIGNED_SCOPES": 0,
            "MOZ_UPDATER": false,
            "MOZ_UPDATE_CHANNEL": "release",
            "MOZ_WEBRTC": true,
            "MOZ_WIDGET_GTK": false,
            "MOZ_WIDGET_TOOLKIT": "android",
            "NIGHTLY_BUILD": false,
            "OMNIJAR_NAME": "assets/omni.ja",
            "RELEASE_OR_BETA": true,
            "SOURCE_REVISION_URL": "https://hg.mozilla.org/releases/mozilla-esr68/rev/d2e0b9e17b9bc1ef02606c8006b73293f7892ad5",
            "TELEMETRY_PING_FORMAT_VERSION": 4,
            "XP_UNIX": true,
            "isPlatformAndVersionAtLeast": {},
            "isPlatformAndVersionAtMost": {},
            "platform": "android"
          },
          "userAgent": "Mozilla/5.0 (Android 8.1.0; Mobile; rv:68.0) Gecko/68.0 Firefox/68.0",
          "windowSize": "360x560"
        },
        "pageinfo": {
          "documentHeight": 10699,
          "documentSize": {
            "decodedBodySize": 243812,
            "encodedBodySize": 57080,
            "transferSize": 59140
          },
          "documentTitle": "Stock Images, Photos, Vectors, Video, and Music | Shutterstock",
          "documentWidth": 360,
          "domElements": 1719,
          "navigationStartTime": 1617087809867,
          "nextHopProtocol": "h2",
          "resources": {
            "count": 0,
            "duration": 0
          },
          "responsive": true,
          "url": "https://www.shutterstock.com/",
          "visualElements": {
            "heroes": [
              {
                "filename": "LOHP_Editor_Templates_copy.jpg?fit=fill&w=800&h=450",
                "height": 500,
                "name": "LargestImage",
                "width": 360,
                "x": 0,
                "y": 107
              },
              {
                "filename": null,
                "height": 64,
                "name": "Heading",
                "width": 321,
                "x": 20,
                "y": 315
              }
            ],
            "viewport": {
              "height": 560,
              "width": 360
            }
          }
        },
        "timings": {
          "firstPaint": 6226,
          "loadEventEnd": 10738,
          "navigationTiming": {
            "connectStart": 31,
            "domComplete": 7181,
            "domContentLoadedEventEnd": 6430,
            "domContentLoadedEventStart": 6412,
            "domInteractive": 1210,
            "domainLookupEnd": 31,
            "domainLookupStart": 30,
            "duration": 10738,
            "fetchStart": 3,
            "loadEventEnd": 10738,
            "loadEventStart": 10730,
            "redirectEnd": 0,
            "redirectStart": 0,
            "requestStart": 116,
            "responseEnd": 144,
            "responseStart": 130,
            "secureConnectionStart": 41,
            "startTime": 0,
            "unloadEventEnd": 0,
            "unloadEventStart": 0,
            "workerStart": 0
          },
          "pageTimings": {
            "backEndTime": 130,
            "domContentLoadedTime": 6412,
            "domInteractiveTime": 1210,
            "domainLookupTime": 0,
            "frontEndTime": 10586,
            "pageDownloadTime": 14,
            "pageLoadTime": 10730,
            "redirectionTime": 0,
            "serverConnectionTime": 84,
            "serverResponseTime": 28
          },
          "rumSpeedIndex": 130,
          "timeToContentfulPaint": 6486,
          "timeToDomContentFlushed": 6180,
          "userTimings": {
            "marks": [],
            "measures": []
          }
        }
      },
      {
        "browser": {
          "appConstants": {
            "ACCESSIBILITY": true,
            "ANDROID_PACKAGE_NAME": "org.mozilla.firefox",
            "ASAN": false,
            "ASAN_REPORTER": false,
            "BROWSER_CHROME_URL": "chrome://browser/content/browser.xul",
            "DEBUG": false,
            "DEBUG_JS_MODULES": "",
            "DLL_PREFIX": "lib",
            "DLL_SUFFIX": ".so",
            "EARLY_BETA_OR_EARLIER": false,
            "FENNEC_NIGHTLY": false,
            "HAVE_SHELL_SERVICE": false,
            "HAVE_USR_LIB64_DIR": false,
            "MENUBAR_CAN_AUTOHIDE": false,
            "MOZILLA_OFFICIAL": true,
            "MOZ_ALLOW_LEGACY_EXTENSIONS": false,
            "MOZ_ANDROID_ACTIVITY_STREAM": false,
            "MOZ_ANDROID_HISTORY": true,
            "MOZ_ANDROID_MOZILLA_ONLINE": false,
            "MOZ_APP_NAME": "fennec",
            "MOZ_APP_VERSION": "68.1.1",
            "MOZ_APP_VERSION_DISPLAY": "68.1.1",
            "MOZ_BING_API_CLIENTID": "no-bing-api-clientid",
            "MOZ_BING_API_KEY": "no-bing-api-key",
            "MOZ_BITS_DOWNLOAD": false,
            "MOZ_BUILD_APP": "mobile/android",
            "MOZ_CODE_COVERAGE": false,
            "MOZ_CRASHREPORTER": true,
            "MOZ_DATA_REPORTING": true,
            "MOZ_DEV_EDITION": false,
            "MOZ_GECKO_PROFILER": true,
            "MOZ_GOOGLE_LOCATION_SERVICE_API_KEY": "AIzaSyB2h2OuRcUgy5N-5hsZqiPW6sH3n_rptiQ",
            "MOZ_GOOGLE_SAFEBROWSING_API_KEY": "AIzaSyC7jsptDS3am4tPx4r3nxis7IMjBc5Dovo",
            "MOZ_GRAPHENE": false,
            "MOZ_MACBUNDLE_NAME": "Firefox.app",
            "MOZ_MAINTENANCE_SERVICE": false,
            "MOZ_MOZILLA_API_KEY": "3b4d27dd-703d-4094-8398-4de2c763505a",
            "MOZ_NEW_CERT_STORAGE": false,
            "MOZ_NEW_NOTIFICATION_STORE": false,
            "MOZ_NEW_XULSTORE": false,
            "MOZ_OFFICIAL_BRANDING": false,
            "MOZ_PLACES": false,
            "MOZ_REQUIRE_SIGNING": false,
            "MOZ_SANDBOX": false,
            "MOZ_SERVICES_HEALTHREPORT": true,
            "MOZ_SERVICES_SYNC": false,
            "MOZ_SWITCHBOARD": true,
            "MOZ_SYSTEM_NSS": false,
            "MOZ_TELEMETRY_ON_BY_DEFAULT": false,
            "MOZ_TELEMETRY_REPORTING": true,
            "MOZ_UNSIGNED_SCOPES": 0,
            "MOZ_UPDATER": false,
            "MOZ_UPDATE_CHANNEL": "release",
            "MOZ_WEBRTC": true,
            "MOZ_WIDGET_GTK": false,
            "MOZ_WIDGET_TOOLKIT": "android",
            "NIGHTLY_BUILD": false,
            "OMNIJAR_NAME": "assets/omni.ja",
            "RELEASE_OR_BETA": true,
            "SOURCE_REVISION_URL": "https://hg.mozilla.org/releases/mozilla-esr68/rev/d2e0b9e17b9bc1ef02606c8006b73293f7892ad5",
            "TELEMETRY_PING_FORMAT_VERSION": 4,
            "XP_UNIX": true,
            "isPlatformAndVersionAtLeast": {},
            "isPlatformAndVersionAtMost": {},
            "platform": "android"
          },
          "asyncAppConstants": {
            "ACCESSIBILITY": true,
            "ANDROID_PACKAGE_NAME": "org.mozilla.firefox",
            "ASAN": false,
            "ASAN_REPORTER": false,
            "BROWSER_CHROME_URL": "chrome://browser/content/browser.xul",
            "DEBUG": false,
            "DEBUG_JS_MODULES": "",
            "DLL_PREFIX": "lib",
            "DLL_SUFFIX": ".so",
            "EARLY_BETA_OR_EARLIER": false,
            "FENNEC_NIGHTLY": false,
            "HAVE_SHELL_SERVICE": false,
            "HAVE_USR_LIB64_DIR": false,
            "MENUBAR_CAN_AUTOHIDE": false,
            "MOZILLA_OFFICIAL": true,
            "MOZ_ALLOW_LEGACY_EXTENSIONS": false,
            "MOZ_ANDROID_ACTIVITY_STREAM": false,
            "MOZ_ANDROID_HISTORY": true,
            "MOZ_ANDROID_MOZILLA_ONLINE": false,
            "MOZ_APP_NAME": "fennec",
            "MOZ_APP_VERSION": "68.1.1",
            "MOZ_APP_VERSION_DISPLAY": "68.1.1",
            "MOZ_BING_API_CLIENTID": "no-bing-api-clientid",
            "MOZ_BING_API_KEY": "no-bing-api-key",
            "MOZ_BITS_DOWNLOAD": false,
            "MOZ_BUILD_APP": "mobile/android",
            "MOZ_CODE_COVERAGE": false,
            "MOZ_CRASHREPORTER": true,
            "MOZ_DATA_REPORTING": true,
            "MOZ_DEV_EDITION": false,
            "MOZ_GECKO_PROFILER": true,
            "MOZ_GOOGLE_LOCATION_SERVICE_API_KEY": "AIzaSyB2h2OuRcUgy5N-5hsZqiPW6sH3n_rptiQ",
            "MOZ_GOOGLE_SAFEBROWSING_API_KEY": "AIzaSyC7jsptDS3am4tPx4r3nxis7IMjBc5Dovo",
            "MOZ_GRAPHENE": false,
            "MOZ_MACBUNDLE_NAME": "Firefox.app",
            "MOZ_MAINTENANCE_SERVICE": false,
            "MOZ_MOZILLA_API_KEY": "3b4d27dd-703d-4094-8398-4de2c763505a",
            "MOZ_NEW_CERT_STORAGE": false,
            "MOZ_NEW_NOTIFICATION_STORE": false,
            "MOZ_NEW_XULSTORE": false,
            "MOZ_OFFICIAL_BRANDING": false,
            "MOZ_PLACES": false,
            "MOZ_REQUIRE_SIGNING": false,
            "MOZ_SANDBOX": false,
            "MOZ_SERVICES_HEALTHREPORT": true,
            "MOZ_SERVICES_SYNC": false,
            "MOZ_SWITCHBOARD": true,
            "MOZ_SYSTEM_NSS": false,
            "MOZ_TELEMETRY_ON_BY_DEFAULT": false,
            "MOZ_TELEMETRY_REPORTING": true,
            "MOZ_UNSIGNED_SCOPES": 0,
            "MOZ_UPDATER": false,
            "MOZ_UPDATE_CHANNEL": "release",
            "MOZ_WEBRTC": true,
            "MOZ_WIDGET_GTK": false,
            "MOZ_WIDGET_TOOLKIT": "android",
            "NIGHTLY_BUILD": false,
            "OMNIJAR_NAME": "assets/omni.ja",
            "RELEASE_OR_BETA": true,
            "SOURCE_REVISION_URL": "https://hg.mozilla.org/releases/mozilla-esr68/rev/d2e0b9e17b9bc1ef02606c8006b73293f7892ad5",
            "TELEMETRY_PING_FORMAT_VERSION": 4,
            "XP_UNIX": true,
            "isPlatformAndVersionAtLeast": {},
            "isPlatformAndVersionAtMost": {},
            "platform": "android"
          },
          "userAgent": "Mozilla/5.0 (Android 8.1.0; Mobile; rv:68.0) Gecko/68.0 Firefox/68.0",
          "windowSize": "360x560"
        },
        "pageinfo": {
          "documentHeight": 10699,
          "documentSize": {
            "decodedBodySize": 243812,
            "encodedBodySize": 57080,
            "transferSize": 59140
          },
          "documentTitle": "Stock Images, Photos, Vectors, Video, and Music | Shutterstock",
          "documentWidth": 360,
          "domElements": 1719,
          "navigationStartTime": 1617087838751,
          "nextHopProtocol": "h2",
          "resources": {
            "count": 0,
            "duration": 0
          },
          "responsive": true,
          "url": "https://www.shutterstock.com/",
          "visualElements": {
            "heroes": [
              {
                "filename": "LOHP_Editor_Templates_copy.jpg?fit=fill&w=800&h=450",
                "height": 500,
                "name": "LargestImage",
                "width": 360,
                "x": 0,
                "y": 107
              },
              {
                "filename": null,
                "height": 64,
                "name": "Heading",
                "width": 321,
                "x": 20,
                "y": 315
              }
            ],
            "viewport": {
              "height": 560,
              "width": 360
            }
          }
        },
        "timings": {
          "firstPaint": 5348,
          "loadEventEnd": 9519,
          "navigationTiming": {
            "connectStart": 30,
            "domComplete": 6228,
            "domContentLoadedEventEnd": 5472,
            "domContentLoadedEventStart": 5457,
            "domInteractive": 1107,
            "domainLookupEnd": 30,
            "domainLookupStart": 30,
            "duration": 9519,
            "fetchStart": 3,
            "loadEventEnd": 9519,
            "loadEventStart": 9512,
            "redirectEnd": 0,
            "redirectStart": 0,
            "requestStart": 119,
            "responseEnd": 132,
            "responseStart": 132,
            "secureConnectionStart": 44,
            "startTime": 0,
            "unloadEventEnd": 0,
            "unloadEventStart": 0,
            "workerStart": 0
          },
          "pageTimings": {
            "backEndTime": 132,
            "domContentLoadedTime": 5457,
            "domInteractiveTime": 1107,
            "domainLookupTime": 0,
            "frontEndTime": 9380,
            "pageDownloadTime": 0,
            "pageLoadTime": 9512,
            "redirectionTime": 0,
            "serverConnectionTime": 87,
            "serverResponseTime": 13
          },
          "rumSpeedIndex": 132,
          "timeToContentfulPaint": 5540,
          "timeToDomContentFlushed": 5260,
          "userTimings": {
            "marks": [],
            "measures": []
          }
        }
      }
    ],
    "visualMetrics": [],
    "cpu": [],
    "extras": [
      {},
      {},
      {}
    ],
    "fullyLoaded": [],
    "errors": [
      [],
      [],
      []
    ],
    "statistics": {
      "browser": {
        "appConstants": {
          "MOZ_UNSIGNED_SCOPES": {
            "median": 0,
            "mean": 0,
            "mdev": 0,
            "stddev": 0,
            "min": 0,
            "p10": 0,
            "p90": 0,
            "p99": 0,
            "max": 0
          },
          "TELEMETRY_PING_FORMAT_VERSION": {
            "median": 4,
            "mean": 4,
            "mdev": 0,
            "stddev": 0,
            "min": 4,
            "p10": 4,
            "p90": 4,
            "p99": 4,
            "max": 4
          }
        },
        "asyncAppConstants": {
          "MOZ_UNSIGNED_SCOPES": {
            "median": 0,
            "mean": 0,
            "mdev": 0,
            "stddev": 0,
            "min": 0,
            "p10": 0,
            "p90": 0,
            "p99": 0,
            "max": 0
          },
          "TELEMETRY_PING_FORMAT_VERSION": {
            "median": 4,
            "mean": 4,
            "mdev": 0,
            "stddev": 0,
            "min": 4,
            "p10": 4,
            "p90": 4,
            "p99": 4,
            "max": 4
          }
        }
      },
      "pageinfo": {
        "documentHeight": {
          "median": 10699,
          "mean": 10699,
          "mdev": 0,
          "stddev": 0,
          "min": 10699,
          "p10": 10699,
          "p90": 10699,
          "p99": 10699,
          "max": 10699
        },
        "documentSize": {
          "decodedBodySize": {
            "median": 243812,
            "mean": 243812,
            "mdev": 0,
            "stddev": 0,
            "min": 243812,
            "p10": 243812,
            "p90": 243812,
            "p99": 243812,
            "max": 243812
          },
          "encodedBodySize": {
            "median": 57080,
            "mean": 57080,
            "mdev": 0,
            "stddev": 0,
            "min": 57080,
            "p10": 57080,
            "p90": 57080,
            "p99": 57080,
            "max": 57080
          },
          "transferSize": {
            "median": 59140,
            "mean": 59140,
            "mdev": 0,
            "stddev": 0,
            "min": 59140,
            "p10": 59140,
            "p90": 59140,
            "p99": 59140,
            "max": 59140
          }
        },
        "documentWidth": {
          "median": 360,
          "mean": 360,
          "mdev": 0,
          "stddev": 0,
          "min": 360,
          "p10": 360,
          "p90": 360,
          "p99": 360,
          "max": 360
        },
        "domElements": {
          "median": 1719,
          "mean": 1719,
          "mdev": 0,
          "stddev": 0,
          "min": 1719,
          "p10": 1719,
          "p90": 1719,
          "p99": 1719,
          "max": 1719
        },
        "navigationStartTime": {
          "median": 1617087809867,
          "mean": 1617087810256,
          "mdev": 0,
          "stddev": 0,
          "min": 1617087782150,
          "p10": 1617087782150,
          "p90": 1617087838751,
          "p99": 1617087838751,
          "max": 1617087838751
        },
        "resources": {
          "count": {
            "median": 0,
            "mean": 0,
            "mdev": 0,
            "stddev": 0,
            "min": 0,
            "p10": 0,
            "p90": 0,
            "p99": 0,
            "max": 0
          },
          "duration": {
            "median": 0,
            "mean": 0,
            "mdev": 0,
            "stddev": 0,
            "min": 0,
            "p10": 0,
            "p90": 0,
            "p99": 0,
            "max": 0
          }
        },
        "visualElements": {
          "heroes": [
            {
              "height": {
                "median": 500,
                "mean": 500,
                "mdev": 0,
                "stddev": 0,
                "min": 500,
                "p10": 500,
                "p90": 500,
                "p99": 500,
                "max": 500
              },
              "width": {
                "median": 360,
                "mean": 360,
                "mdev": 0,
                "stddev": 0,
                "min": 360,
                "p10": 360,
                "p90": 360,
                "p99": 360,
                "max": 360
              },
              "x": {
                "median": 0,
                "mean": 0,
                "mdev": 0,
                "stddev": 0,
                "min": 0,
                "p10": 0,
                "p90": 0,
                "p99": 0,
                "max": 0
              },
              "y": {
                "median": 107,
                "mean": 107,
                "mdev": 0,
                "stddev": 0,
                "min": 107,
                "p10": 107,
                "p90": 107,
                "p99": 107,
                "max": 107
              }
            },
            {
              "height": {
                "median": 64,
                "mean": 64,
                "mdev": 0,
                "stddev": 0,
                "min": 64,
                "p10": 64,
                "p90": 64,
                "p99": 64,
                "max": 64
              },
              "width": {
                "median": 321,
                "mean": 321,
                "mdev": 0,
                "stddev": 0,
                "min": 321,
                "p10": 321,
                "p90": 321,
                "p99": 321,
                "max": 321
              },
              "x": {
                "median": 20,
                "mean": 20,
                "mdev": 0,
                "stddev": 0,
                "min": 20,
                "p10": 20,
                "p90": 20,
                "p99": 20,
                "max": 20
              },
              "y": {
                "median": 315,
                "mean": 315,
                "mdev": 0,
                "stddev": 0,
                "min": 315,
                "p10": 315,
                "p90": 315,
                "p99": 315,
                "max": 315
              }
            }
          ],
          "viewport": {
            "height": {
              "median": 560,
              "mean": 560,
              "mdev": 0,
              "stddev": 0,
              "min": 560,
              "p10": 560,
              "p90": 560,
              "p99": 560,
              "max": 560
            },
            "width": {
              "median": 360,
              "mean": 360,
              "mdev": 0,
              "stddev": 0,
              "min": 360,
              "p10": 360,
              "p90": 360,
              "p99": 360,
              "max": 360
            }
          }
        }
      },
      "timings": {
        "firstPaint": {
          "median": 5394,
          "mean": 5656,
          "mdev": 232.954,
          "stddev": 403,
          "min": 5348,
          "p10": 5348,
          "p90": 6226,
          "p99": 6226,
          "max": 6226
        },
        "loadEventEnd": {
          "median": 9670,
          "mean": 9976,
          "mdev": 313.2498,
          "stddev": 543,
          "min": 9519,
          "p10": 9519,
          "p90": 10738,
          "p99": 10738,
          "max": 10738
        },
        "navigationTiming": {
          "connectStart": {
            "median": 31,
            "mean": 32,
            "mdev": 0.9813,
            "stddev": 2,
            "min": 30,
            "p10": 30,
            "p90": 34,
            "p99": 34,
            "max": 34
          },
          "domComplete": {
            "median": 6228,
            "mean": 6530,
            "mdev": 265.8547,
            "stddev": 460,
            "min": 6182,
            "p10": 6182,
            "p90": 7181,
            "p99": 7181,
            "max": 7181
          },
          "domContentLoadedEventEnd": {
            "median": 5537,
            "mean": 5813,
            "mdev": 252.3547,
            "stddev": 437,
            "min": 5472,
            "p10": 5472,
            "p90": 6430,
            "p99": 6430,
            "max": 6430
          },
          "domContentLoadedEventStart": {
            "median": 5522,
            "mean": 5797,
            "mdev": 251.5397,
            "stddev": 436,
            "min": 5457,
            "p10": 5457,
            "p90": 6412,
            "p99": 6412,
            "max": 6412
          },
          "domInteractive": {
            "median": 1107,
            "mean": 1114,
            "mdev": 43.925,
            "stddev": 76,
            "min": 1024,
            "p10": 1024,
            "p90": 1210,
            "p99": 1210,
            "max": 1210
          },
          "domainLookupEnd": {
            "median": 31,
            "mean": 31,
            "mdev": 0.4714,
            "stddev": 1,
            "min": 30,
            "p10": 30,
            "p90": 32,
            "p99": 32,
            "max": 32
          },
          "domainLookupStart": {
            "median": 30,
            "mean": 31,
            "mdev": 0.5443,
            "stddev": 1,
            "min": 30,
            "p10": 30,
            "p90": 32,
            "p99": 32,
            "max": 32
          },
          "duration": {
            "median": 9670,
            "mean": 9976,
            "mdev": 313.2498,
            "stddev": 543,
            "min": 9519,
            "p10": 9519,
            "p90": 10738,
            "p99": 10738,
            "max": 10738
          },
          "fetchStart": {
            "median": 3,
            "mean": 3,
            "mdev": 0,
            "stddev": 0,
            "min": 3,
            "p10": 3,
            "p90": 3,
            "p99": 3,
            "max": 3
          },
          "loadEventEnd": {
            "median": 9670,
            "mean": 9976,
            "mdev": 313.2498,
            "stddev": 543,
            "min": 9519,
            "p10": 9519,
            "p90": 10738,
            "p99": 10738,
            "max": 10738
          },
          "loadEventStart": {
            "median": 9662,
            "mean": 9968,
            "mdev": 313.0878,
            "stddev": 542,
            "min": 9512,
            "p10": 9512,
            "p90": 10730,
            "p99": 10730,
            "max": 10730
          },
          "redirectEnd": {
            "median": 0,
            "mean": 0,
            "mdev": 0,
            "stddev": 0,
            "min": 0,
            "p10": 0,
            "p90": 0,
            "p99": 0,
            "max": 0
          },
          "redirectStart": {
            "median": 0,
            "mean": 0,
            "mdev": 0,
            "stddev": 0,
            "min": 0,
            "p10": 0,
            "p90": 0,
            "p99": 0,
            "max": 0
          },
          "requestStart": {
            "median": 119,
            "mean": 121,
            "mdev": 2.6805,
            "stddev": 5,
            "min": 116,
            "p10": 116,
            "p90": 127,
            "p99": 127,
            "max": 127
          },
          "responseEnd": {
            "median": 144,
            "mean": 142,
            "mdev": 4.5297,
            "stddev": 8,
            "min": 132,
            "p10": 132,
            "p90": 151,
            "p99": 151,
            "max": 151
          },
          "responseStart": {
            "median": 132,
            "mean": 134,
            "mdev": 2.4944,
            "stddev": 4,
            "min": 130,
            "p10": 130,
            "p90": 140,
            "p99": 140,
            "max": 140
          },
          "secureConnectionStart": {
            "median": 44,
            "mean": 44,
            "mdev": 1.6555,
            "stddev": 3,
            "min": 41,
            "p10": 41,
            "p90": 48,
            "p99": 48,
            "max": 48
          },
          "startTime": {
            "median": 0,
            "mean": 0,
            "mdev": 0,
            "stddev": 0,
            "min": 0,
            "p10": 0,
            "p90": 0,
            "p99": 0,
            "max": 0
          },
          "unloadEventEnd": {
            "median": 0,
            "mean": 0,
            "mdev": 0,
            "stddev": 0,
            "min": 0,
            "p10": 0,
            "p90": 0,
            "p99": 0,
            "max": 0
          },
          "unloadEventStart": {
            "median": 0,
            "mean": 0,
            "mdev": 0,
            "stddev": 0,
            "min": 0,
            "p10": 0,
            "p90": 0,
            "p99": 0,
            "max": 0
          },
          "workerStart": {
            "median": 0,
            "mean": 0,
            "mdev": 0,
            "stddev": 0,
            "min": 0,
            "p10": 0,
            "p90": 0,
            "p99": 0,
            "max": 0
          }
        },
        "pageTimings": {
          "backEndTime": {
            "median": 132,
            "mean": 134,
            "mdev": 2.4944,
            "stddev": 4,
            "min": 130,
            "p10": 130,
            "p90": 140,
            "p99": 140,
            "max": 140
          },
          "domContentLoadedTime": {
            "median": 5522,
            "mean": 5797,
            "mdev": 251.5397,
            "stddev": 436,
            "min": 5457,
            "p10": 5457,
            "p90": 6412,
            "p99": 6412,
            "max": 6412
          },
          "domInteractiveTime": {
            "median": 1107,
            "mean": 1114,
            "mdev": 43.925,
            "stddev": 76,
            "min": 1024,
            "p10": 1024,
            "p90": 1210,
            "p99": 1210,
            "max": 1210
          },
          "domainLookupTime": {
            "median": 0,
            "mean": 0,
            "mdev": 0,
            "stddev": 0,
            "min": 0,
            "p10": 0,
            "p90": 0,
            "p99": 0,
            "max": 0
          },
          "frontEndTime": {
            "median": 9512,
            "mean": 9826,
            "mdev": 311.8247,
            "stddev": 540,
            "min": 9380,
            "p10": 9380,
            "p90": 10586,
            "p99": 10586,
            "max": 10586
          },
          "pageDownloadTime": {
            "median": 10,
            "mean": 8,
            "mdev": 3.3993,
            "stddev": 6,
            "min": 0,
            "p10": 0,
            "p90": 14,
            "p99": 14,
            "max": 14
          },
          "pageLoadTime": {
            "median": 9662,
            "mean": 9968,
            "mdev": 313.0878,
            "stddev": 542,
            "min": 9512,
            "p10": 9512,
            "p90": 10730,
            "p99": 10730,
            "max": 10730
          },
          "redirectionTime": {
            "median": 0,
            "mean": 0,
            "mdev": 0,
            "stddev": 0,
            "min": 0,
            "p10": 0,
            "p90": 0,
            "p99": 0,
            "max": 0
          },
          "serverConnectionTime": {
            "median": 87,
            "mean": 88,
            "mdev": 1.9052,
            "stddev": 3,
            "min": 84,
            "p10": 84,
            "p90": 92,
            "p99": 92,
            "max": 92
          },
          "serverResponseTime": {
            "median": 24,
            "mean": 22,
            "mdev": 3.6616,
            "stddev": 6,
            "min": 13,
            "p10": 13,
            "p90": 28,
            "p99": 28,
            "max": 28
          }
        },
        "rumSpeedIndex": {
          "median": 132,
          "mean": 134,
          "mdev": 2.4944,
          "stddev": 4,
          "min": 130,
          "p10": 130,
          "p90": 140,
          "p99": 140,
          "max": 140
        },
        "timeToContentfulPaint": {
          "median": 5597,
          "mean": 5874,
          "mdev": 250.073,
          "stddev": 433,
          "min": 5540,
          "p10": 5540,
          "p90": 6486,
          "p99": 6486,
          "max": 6486
        },
        "timeToDomContentFlushed": {
          "median": 5299,
          "mean": 5580,
          "mdev": 245.2574,
          "stddev": 425,
          "min": 5260,
          "p10": 5260,
          "p90": 6180,
          "p99": 6180,
          "max": 6180
        }
      }
    }
  }
]