[
  {
    "info": {
      "browsertime": {
        "version": "8.4.0"
      },
      "url": "https://wordpress.com/",
      "timestamp": "2021-03-30T18:31:57+04:00",
      "connectivity": {
        "engine": "external",
        "profile": "native"
      },
      "extra": {}
    },
    "files": {
      "video": [],
      "screenshot": [],
      "timeline": [],
      "consoleLog": [],
      "netLog": [],
      "perfLog": []
    },
    "cdp": {
      "performance": []
    },
    "timestamps": [
      "2021-03-30T18:31:45+04:00",
      "2021-03-30T18:32:04+04:00",
      "2021-03-30T18:32:26+04:00"
    ],
    "browserScripts": [
      {
        "browser": {
          "appConstants": {
            "ACCESSIBILITY": true,
            "ANDROID_PACKAGE_NAME": "org.mozilla.firefox",
            "ASAN": false,
            "ASAN_REPORTER": false,
            "BROWSER_CHROME_URL": "chrome://browser/content/browser.xul",
            "DEBUG": false,
            "DEBUG_JS_MODULES": "",
            "DLL_PREFIX": "lib",
            "DLL_SUFFIX": ".so",
            "EARLY_BETA_OR_EARLIER": false,
            "FENNEC_NIGHTLY": false,
            "HAVE_SHELL_SERVICE": false,
            "HAVE_USR_LIB64_DIR": false,
            "MENUBAR_CAN_AUTOHIDE": false,
            "MOZILLA_OFFICIAL": true,
            "MOZ_ALLOW_LEGACY_EXTENSIONS": false,
            "MOZ_ANDROID_ACTIVITY_STREAM": false,
            "MOZ_ANDROID_HISTORY": true,
            "MOZ_ANDROID_MOZILLA_ONLINE": false,
            "MOZ_APP_NAME": "fennec",
            "MOZ_APP_VERSION": "68.1.1",
            "MOZ_APP_VERSION_DISPLAY": "68.1.1",
            "MOZ_BING_API_CLIENTID": "no-bing-api-clientid",
            "MOZ_BING_API_KEY": "no-bing-api-key",
            "MOZ_BITS_DOWNLOAD": false,
            "MOZ_BUILD_APP": "mobile/android",
            "MOZ_CODE_COVERAGE": false,
            "MOZ_CRASHREPORTER": true,
            "MOZ_DATA_REPORTING": true,
            "MOZ_DEV_EDITION": false,
            "MOZ_GECKO_PROFILER": true,
            "MOZ_GOOGLE_LOCATION_SERVICE_API_KEY": "AIzaSyB2h2OuRcUgy5N-5hsZqiPW6sH3n_rptiQ",
            "MOZ_GOOGLE_SAFEBROWSING_API_KEY": "AIzaSyC7jsptDS3am4tPx4r3nxis7IMjBc5Dovo",
            "MOZ_GRAPHENE": false,
            "MOZ_MACBUNDLE_NAME": "Firefox.app",
            "MOZ_MAINTENANCE_SERVICE": false,
            "MOZ_MOZILLA_API_KEY": "3b4d27dd-703d-4094-8398-4de2c763505a",
            "MOZ_NEW_CERT_STORAGE": false,
            "MOZ_NEW_NOTIFICATION_STORE": false,
            "MOZ_NEW_XULSTORE": false,
            "MOZ_OFFICIAL_BRANDING": false,
            "MOZ_PLACES": false,
            "MOZ_REQUIRE_SIGNING": false,
            "MOZ_SANDBOX": false,
            "MOZ_SERVICES_HEALTHREPORT": true,
            "MOZ_SERVICES_SYNC": false,
            "MOZ_SWITCHBOARD": true,
            "MOZ_SYSTEM_NSS": false,
            "MOZ_TELEMETRY_ON_BY_DEFAULT": false,
            "MOZ_TELEMETRY_REPORTING": true,
            "MOZ_UNSIGNED_SCOPES": 0,
            "MOZ_UPDATER": false,
            "MOZ_UPDATE_CHANNEL": "release",
            "MOZ_WEBRTC": true,
            "MOZ_WIDGET_GTK": false,
            "MOZ_WIDGET_TOOLKIT": "android",
            "NIGHTLY_BUILD": false,
            "OMNIJAR_NAME": "assets/omni.ja",
            "RELEASE_OR_BETA": true,
            "SOURCE_REVISION_URL": "https://hg.mozilla.org/releases/mozilla-esr68/rev/d2e0b9e17b9bc1ef02606c8006b73293f7892ad5",
            "TELEMETRY_PING_FORMAT_VERSION": 4,
            "XP_UNIX": true,
            "isPlatformAndVersionAtLeast": {},
            "isPlatformAndVersionAtMost": {},
            "platform": "android"
          },
          "asyncAppConstants": {
            "ACCESSIBILITY": true,
            "ANDROID_PACKAGE_NAME": "org.mozilla.firefox",
            "ASAN": false,
            "ASAN_REPORTER": false,
            "BROWSER_CHROME_URL": "chrome://browser/content/browser.xul",
            "DEBUG": false,
            "DEBUG_JS_MODULES": "",
            "DLL_PREFIX": "lib",
            "DLL_SUFFIX": ".so",
            "EARLY_BETA_OR_EARLIER": false,
            "FENNEC_NIGHTLY": false,
            "HAVE_SHELL_SERVICE": false,
            "HAVE_USR_LIB64_DIR": false,
            "MENUBAR_CAN_AUTOHIDE": false,
            "MOZILLA_OFFICIAL": true,
            "MOZ_ALLOW_LEGACY_EXTENSIONS": false,
            "MOZ_ANDROID_ACTIVITY_STREAM": false,
            "MOZ_ANDROID_HISTORY": true,
            "MOZ_ANDROID_MOZILLA_ONLINE": false,
            "MOZ_APP_NAME": "fennec",
            "MOZ_APP_VERSION": "68.1.1",
            "MOZ_APP_VERSION_DISPLAY": "68.1.1",
            "MOZ_BING_API_CLIENTID": "no-bing-api-clientid",
            "MOZ_BING_API_KEY": "no-bing-api-key",
            "MOZ_BITS_DOWNLOAD": false,
            "MOZ_BUILD_APP": "mobile/android",
            "MOZ_CODE_COVERAGE": false,
            "MOZ_CRASHREPORTER": true,
            "MOZ_DATA_REPORTING": true,
            "MOZ_DEV_EDITION": false,
            "MOZ_GECKO_PROFILER": true,
            "MOZ_GOOGLE_LOCATION_SERVICE_API_KEY": "AIzaSyB2h2OuRcUgy5N-5hsZqiPW6sH3n_rptiQ",
            "MOZ_GOOGLE_SAFEBROWSING_API_KEY": "AIzaSyC7jsptDS3am4tPx4r3nxis7IMjBc5Dovo",
            "MOZ_GRAPHENE": false,
            "MOZ_MACBUNDLE_NAME": "Firefox.app",
            "MOZ_MAINTENANCE_SERVICE": false,
            "MOZ_MOZILLA_API_KEY": "3b4d27dd-703d-4094-8398-4de2c763505a",
            "MOZ_NEW_CERT_STORAGE": false,
            "MOZ_NEW_NOTIFICATION_STORE": false,
            "MOZ_NEW_XULSTORE": false,
            "MOZ_OFFICIAL_BRANDING": false,
            "MOZ_PLACES": false,
            "MOZ_REQUIRE_SIGNING": false,
            "MOZ_SANDBOX": false,
            "MOZ_SERVICES_HEALTHREPORT": true,
            "MOZ_SERVICES_SYNC": false,
            "MOZ_SWITCHBOARD": true,
            "MOZ_SYSTEM_NSS": false,
            "MOZ_TELEMETRY_ON_BY_DEFAULT": false,
            "MOZ_TELEMETRY_REPORTING": true,
            "MOZ_UNSIGNED_SCOPES": 0,
            "MOZ_UPDATER": false,
            "MOZ_UPDATE_CHANNEL": "release",
            "MOZ_WEBRTC": true,
            "MOZ_WIDGET_GTK": false,
            "MOZ_WIDGET_TOOLKIT": "android",
            "NIGHTLY_BUILD": false,
            "OMNIJAR_NAME": "assets/omni.ja",
            "RELEASE_OR_BETA": true,
            "SOURCE_REVISION_URL": "https://hg.mozilla.org/releases/mozilla-esr68/rev/d2e0b9e17b9bc1ef02606c8006b73293f7892ad5",
            "TELEMETRY_PING_FORMAT_VERSION": 4,
            "XP_UNIX": true,
            "isPlatformAndVersionAtLeast": {},
            "isPlatformAndVersionAtMost": {},
            "platform": "android"
          },
          "userAgent": "Mozilla/5.0 (Android 9; Mobile; rv:68.0) Gecko/68.0 Firefox/68.0",
          "windowSize": "360x612"
        },
        "pageinfo": {
          "documentHeight": 16219,
          "documentSize": {
            "decodedBodySize": 216639,
            "encodedBodySize": 39367,
            "transferSize": 40418
          },
          "documentTitle": "WordPress.com: Create a Free Website or Blog",
          "documentWidth": 360,
          "domElements": 1494,
          "navigationStartTime": 1617114705622,
          "nextHopProtocol": "h2",
          "resources": {
            "count": 0,
            "duration": 0
          },
          "responsive": true,
          "url": "https://wordpress.com/",
          "visualElements": {
            "heroes": [
              {
                "filename": "desktop-website-v2.jpg?ssl=1",
                "height": 131,
                "name": "LargestImage",
                "width": 184,
                "x": 113,
                "y": 535
              },
              {
                "filename": null,
                "height": 150,
                "name": "Heading",
                "width": 320,
                "x": 20,
                "y": 30
              }
            ],
            "viewport": {
              "height": 612,
              "width": 360
            }
          }
        },
        "timings": {
          "firstPaint": 1867,
          "loadEventEnd": 6022,
          "navigationTiming": {
            "connectStart": 99,
            "domComplete": 5974,
            "domContentLoadedEventEnd": 2133,
            "domContentLoadedEventStart": 2120,
            "domInteractive": 1687,
            "domainLookupEnd": 99,
            "domainLookupStart": 99,
            "duration": 6022,
            "fetchStart": 3,
            "loadEventEnd": 6022,
            "loadEventStart": 5974,
            "redirectEnd": 0,
            "redirectStart": 0,
            "requestStart": 402,
            "responseEnd": 688,
            "responseStart": 688,
            "secureConnectionStart": 223,
            "startTime": 0,
            "unloadEventEnd": 0,
            "unloadEventStart": 0,
            "workerStart": 0
          },
          "pageTimings": {
            "backEndTime": 688,
            "domContentLoadedTime": 2120,
            "domInteractiveTime": 1687,
            "domainLookupTime": 0,
            "frontEndTime": 5286,
            "pageDownloadTime": 0,
            "pageLoadTime": 5974,
            "redirectionTime": 0,
            "serverConnectionTime": 300,
            "serverResponseTime": 286
          },
          "rumSpeedIndex": 688,
          "timeToContentfulPaint": 2128,
          "timeToDomContentFlushed": 2409,
          "userTimings": {
            "marks": [],
            "measures": []
          }
        }
      },
      {
        "browser": {
          "appConstants": {
            "ACCESSIBILITY": true,
            "ANDROID_PACKAGE_NAME": "org.mozilla.firefox",
            "ASAN": false,
            "ASAN_REPORTER": false,
            "BROWSER_CHROME_URL": "chrome://browser/content/browser.xul",
            "DEBUG": false,
            "DEBUG_JS_MODULES": "",
            "DLL_PREFIX": "lib",
            "DLL_SUFFIX": ".so",
            "EARLY_BETA_OR_EARLIER": false,
            "FENNEC_NIGHTLY": false,
            "HAVE_SHELL_SERVICE": false,
            "HAVE_USR_LIB64_DIR": false,
            "MENUBAR_CAN_AUTOHIDE": false,
            "MOZILLA_OFFICIAL": true,
            "MOZ_ALLOW_LEGACY_EXTENSIONS": false,
            "MOZ_ANDROID_ACTIVITY_STREAM": false,
            "MOZ_ANDROID_HISTORY": true,
            "MOZ_ANDROID_MOZILLA_ONLINE": false,
            "MOZ_APP_NAME": "fennec",
            "MOZ_APP_VERSION": "68.1.1",
            "MOZ_APP_VERSION_DISPLAY": "68.1.1",
            "MOZ_BING_API_CLIENTID": "no-bing-api-clientid",
            "MOZ_BING_API_KEY": "no-bing-api-key",
            "MOZ_BITS_DOWNLOAD": false,
            "MOZ_BUILD_APP": "mobile/android",
            "MOZ_CODE_COVERAGE": false,
            "MOZ_CRASHREPORTER": true,
            "MOZ_DATA_REPORTING": true,
            "MOZ_DEV_EDITION": false,
            "MOZ_GECKO_PROFILER": true,
            "MOZ_GOOGLE_LOCATION_SERVICE_API_KEY": "AIzaSyB2h2OuRcUgy5N-5hsZqiPW6sH3n_rptiQ",
            "MOZ_GOOGLE_SAFEBROWSING_API_KEY": "AIzaSyC7jsptDS3am4tPx4r3nxis7IMjBc5Dovo",
            "MOZ_GRAPHENE": false,
            "MOZ_MACBUNDLE_NAME": "Firefox.app",
            "MOZ_MAINTENANCE_SERVICE": false,
            "MOZ_MOZILLA_API_KEY": "3b4d27dd-703d-4094-8398-4de2c763505a",
            "MOZ_NEW_CERT_STORAGE": false,
            "MOZ_NEW_NOTIFICATION_STORE": false,
            "MOZ_NEW_XULSTORE": false,
            "MOZ_OFFICIAL_BRANDING": false,
            "MOZ_PLACES": false,
            "MOZ_REQUIRE_SIGNING": false,
            "MOZ_SANDBOX": false,
            "MOZ_SERVICES_HEALTHREPORT": true,
            "MOZ_SERVICES_SYNC": false,
            "MOZ_SWITCHBOARD": true,
            "MOZ_SYSTEM_NSS": false,
            "MOZ_TELEMETRY_ON_BY_DEFAULT": false,
            "MOZ_TELEMETRY_REPORTING": true,
            "MOZ_UNSIGNED_SCOPES": 0,
            "MOZ_UPDATER": false,
            "MOZ_UPDATE_CHANNEL": "release",
            "MOZ_WEBRTC": true,
            "MOZ_WIDGET_GTK": false,
            "MOZ_WIDGET_TOOLKIT": "android",
            "NIGHTLY_BUILD": false,
            "OMNIJAR_NAME": "assets/omni.ja",
            "RELEASE_OR_BETA": true,
            "SOURCE_REVISION_URL": "https://hg.mozilla.org/releases/mozilla-esr68/rev/d2e0b9e17b9bc1ef02606c8006b73293f7892ad5",
            "TELEMETRY_PING_FORMAT_VERSION": 4,
            "XP_UNIX": true,
            "isPlatformAndVersionAtLeast": {},
            "isPlatformAndVersionAtMost": {},
            "platform": "android"
          },
          "asyncAppConstants": {
            "ACCESSIBILITY": true,
            "ANDROID_PACKAGE_NAME": "org.mozilla.firefox",
            "ASAN": false,
            "ASAN_REPORTER": false,
            "BROWSER_CHROME_URL": "chrome://browser/content/browser.xul",
            "DEBUG": false,
            "DEBUG_JS_MODULES": "",
            "DLL_PREFIX": "lib",
            "DLL_SUFFIX": ".so",
            "EARLY_BETA_OR_EARLIER": false,
            "FENNEC_NIGHTLY": false,
            "HAVE_SHELL_SERVICE": false,
            "HAVE_USR_LIB64_DIR": false,
            "MENUBAR_CAN_AUTOHIDE": false,
            "MOZILLA_OFFICIAL": true,
            "MOZ_ALLOW_LEGACY_EXTENSIONS": false,
            "MOZ_ANDROID_ACTIVITY_STREAM": false,
            "MOZ_ANDROID_HISTORY": true,
            "MOZ_ANDROID_MOZILLA_ONLINE": false,
            "MOZ_APP_NAME": "fennec",
            "MOZ_APP_VERSION": "68.1.1",
            "MOZ_APP_VERSION_DISPLAY": "68.1.1",
            "MOZ_BING_API_CLIENTID": "no-bing-api-clientid",
            "MOZ_BING_API_KEY": "no-bing-api-key",
            "MOZ_BITS_DOWNLOAD": false,
            "MOZ_BUILD_APP": "mobile/android",
            "MOZ_CODE_COVERAGE": false,
            "MOZ_CRASHREPORTER": true,
            "MOZ_DATA_REPORTING": true,
            "MOZ_DEV_EDITION": false,
            "MOZ_GECKO_PROFILER": true,
            "MOZ_GOOGLE_LOCATION_SERVICE_API_KEY": "AIzaSyB2h2OuRcUgy5N-5hsZqiPW6sH3n_rptiQ",
            "MOZ_GOOGLE_SAFEBROWSING_API_KEY": "AIzaSyC7jsptDS3am4tPx4r3nxis7IMjBc5Dovo",
            "MOZ_GRAPHENE": false,
            "MOZ_MACBUNDLE_NAME": "Firefox.app",
            "MOZ_MAINTENANCE_SERVICE": false,
            "MOZ_MOZILLA_API_KEY": "3b4d27dd-703d-4094-8398-4de2c763505a",
            "MOZ_NEW_CERT_STORAGE": false,
            "MOZ_NEW_NOTIFICATION_STORE": false,
            "MOZ_NEW_XULSTORE": false,
            "MOZ_OFFICIAL_BRANDING": false,
            "MOZ_PLACES": false,
            "MOZ_REQUIRE_SIGNING": false,
            "MOZ_SANDBOX": false,
            "MOZ_SERVICES_HEALTHREPORT": true,
            "MOZ_SERVICES_SYNC": false,
            "MOZ_SWITCHBOARD": true,
            "MOZ_SYSTEM_NSS": false,
            "MOZ_TELEMETRY_ON_BY_DEFAULT": false,
            "MOZ_TELEMETRY_REPORTING": true,
            "MOZ_UNSIGNED_SCOPES": 0,
            "MOZ_UPDATER": false,
            "MOZ_UPDATE_CHANNEL": "release",
            "MOZ_WEBRTC": true,
            "MOZ_WIDGET_GTK": false,
            "MOZ_WIDGET_TOOLKIT": "android",
            "NIGHTLY_BUILD": false,
            "OMNIJAR_NAME": "assets/omni.ja",
            "RELEASE_OR_BETA": true,
            "SOURCE_REVISION_URL": "https://hg.mozilla.org/releases/mozilla-esr68/rev/d2e0b9e17b9bc1ef02606c8006b73293f7892ad5",
            "TELEMETRY_PING_FORMAT_VERSION": 4,
            "XP_UNIX": true,
            "isPlatformAndVersionAtLeast": {},
            "isPlatformAndVersionAtMost": {},
            "platform": "android"
          },
          "userAgent": "Mozilla/5.0 (Android 9; Mobile; rv:68.0) Gecko/68.0 Firefox/68.0",
          "windowSize": "360x612"
        },
        "pageinfo": {
          "documentHeight": 16219,
          "documentSize": {
            "decodedBodySize": 216639,
            "encodedBodySize": 39367,
            "transferSize": 40422
          },
          "documentTitle": "WordPress.com: Create a Free Website or Blog",
          "documentWidth": 360,
          "domElements": 1496,
          "navigationStartTime": 1617114724500,
          "nextHopProtocol": "h2",
          "resources": {
            "count": 0,
            "duration": 0
          },
          "responsive": true,
          "url": "https://wordpress.com/",
          "visualElements": {
            "heroes": [
              {
                "filename": "desktop-website-v2.jpg?ssl=1",
                "height": 131,
                "name": "LargestImage",
                "width": 184,
                "x": 113,
                "y": 535
              },
              {
                "filename": null,
                "height": 150,
                "name": "Heading",
                "width": 320,
                "x": 20,
                "y": 30
              }
            ],
            "viewport": {
              "height": 612,
              "width": 360
            }
          }
        },
        "timings": {
          "firstPaint": 2579,
          "loadEventEnd": 9163,
          "navigationTiming": {
            "connectStart": 317,
            "domComplete": 9112,
            "domContentLoadedEventEnd": 2574,
            "domContentLoadedEventStart": 2561,
            "domInteractive": 2319,
            "domainLookupEnd": 317,
            "domainLookupStart": 317,
            "duration": 9163,
            "fetchStart": 2,
            "loadEventEnd": 9163,
            "loadEventStart": 9112,
            "redirectEnd": 0,
            "redirectStart": 0,
            "requestStart": 737,
            "responseEnd": 1064,
            "responseStart": 1064,
            "secureConnectionStart": 491,
            "startTime": 0,
            "unloadEventEnd": 0,
            "unloadEventStart": 0,
            "workerStart": 0
          },
          "pageTimings": {
            "backEndTime": 1064,
            "domContentLoadedTime": 2561,
            "domInteractiveTime": 2319,
            "domainLookupTime": 0,
            "frontEndTime": 8048,
            "pageDownloadTime": 0,
            "pageLoadTime": 9112,
            "redirectionTime": 0,
            "serverConnectionTime": 418,
            "serverResponseTime": 327
          },
          "rumSpeedIndex": 1063,
          "timeToContentfulPaint": 2829,
          "timeToDomContentFlushed": 2547,
          "timeToFirstInteractive": 8908,
          "userTimings": {
            "marks": [],
            "measures": []
          }
        }
      },
      {
        "browser": {
          "appConstants": {
            "ACCESSIBILITY": true,
            "ANDROID_PACKAGE_NAME": "org.mozilla.firefox",
            "ASAN": false,
            "ASAN_REPORTER": false,
            "BROWSER_CHROME_URL": "chrome://browser/content/browser.xul",
            "DEBUG": false,
            "DEBUG_JS_MODULES": "",
            "DLL_PREFIX": "lib",
            "DLL_SUFFIX": ".so",
            "EARLY_BETA_OR_EARLIER": false,
            "FENNEC_NIGHTLY": false,
            "HAVE_SHELL_SERVICE": false,
            "HAVE_USR_LIB64_DIR": false,
            "MENUBAR_CAN_AUTOHIDE": false,
            "MOZILLA_OFFICIAL": true,
            "MOZ_ALLOW_LEGACY_EXTENSIONS": false,
            "MOZ_ANDROID_ACTIVITY_STREAM": false,
            "MOZ_ANDROID_HISTORY": true,
            "MOZ_ANDROID_MOZILLA_ONLINE": false,
            "MOZ_APP_NAME": "fennec",
            "MOZ_APP_VERSION": "68.1.1",
            "MOZ_APP_VERSION_DISPLAY": "68.1.1",
            "MOZ_BING_API_CLIENTID": "no-bing-api-clientid",
            "MOZ_BING_API_KEY": "no-bing-api-key",
            "MOZ_BITS_DOWNLOAD": false,
            "MOZ_BUILD_APP": "mobile/android",
            "MOZ_CODE_COVERAGE": false,
            "MOZ_CRASHREPORTER": true,
            "MOZ_DATA_REPORTING": true,
            "MOZ_DEV_EDITION": false,
            "MOZ_GECKO_PROFILER": true,
            "MOZ_GOOGLE_LOCATION_SERVICE_API_KEY": "AIzaSyB2h2OuRcUgy5N-5hsZqiPW6sH3n_rptiQ",
            "MOZ_GOOGLE_SAFEBROWSING_API_KEY": "AIzaSyC7jsptDS3am4tPx4r3nxis7IMjBc5Dovo",
            "MOZ_GRAPHENE": false,
            "MOZ_MACBUNDLE_NAME": "Firefox.app",
            "MOZ_MAINTENANCE_SERVICE": false,
            "MOZ_MOZILLA_API_KEY": "3b4d27dd-703d-4094-8398-4de2c763505a",
            "MOZ_NEW_CERT_STORAGE": false,
            "MOZ_NEW_NOTIFICATION_STORE": false,
            "MOZ_NEW_XULSTORE": false,
            "MOZ_OFFICIAL_BRANDING": false,
            "MOZ_PLACES": false,
            "MOZ_REQUIRE_SIGNING": false,
            "MOZ_SANDBOX": false,
            "MOZ_SERVICES_HEALTHREPORT": true,
            "MOZ_SERVICES_SYNC": false,
            "MOZ_SWITCHBOARD": true,
            "MOZ_SYSTEM_NSS": false,
            "MOZ_TELEMETRY_ON_BY_DEFAULT": false,
            "MOZ_TELEMETRY_REPORTING": true,
            "MOZ_UNSIGNED_SCOPES": 0,
            "MOZ_UPDATER": false,
            "MOZ_UPDATE_CHANNEL": "release",
            "MOZ_WEBRTC": true,
            "MOZ_WIDGET_GTK": false,
            "MOZ_WIDGET_TOOLKIT": "android",
            "NIGHTLY_BUILD": false,
            "OMNIJAR_NAME": "assets/omni.ja",
            "RELEASE_OR_BETA": true,
            "SOURCE_REVISION_URL": "https://hg.mozilla.org/releases/mozilla-esr68/rev/d2e0b9e17b9bc1ef02606c8006b73293f7892ad5",
            "TELEMETRY_PING_FORMAT_VERSION": 4,
            "XP_UNIX": true,
            "isPlatformAndVersionAtLeast": {},
            "isPlatformAndVersionAtMost": {},
            "platform": "android"
          },
          "asyncAppConstants": {
            "ACCESSIBILITY": true,
            "ANDROID_PACKAGE_NAME": "org.mozilla.firefox",
            "ASAN": false,
            "ASAN_REPORTER": false,
            "BROWSER_CHROME_URL": "chrome://browser/content/browser.xul",
            "DEBUG": false,
            "DEBUG_JS_MODULES": "",
            "DLL_PREFIX": "lib",
            "DLL_SUFFIX": ".so",
            "EARLY_BETA_OR_EARLIER": false,
            "FENNEC_NIGHTLY": false,
            "HAVE_SHELL_SERVICE": false,
            "HAVE_USR_LIB64_DIR": false,
            "MENUBAR_CAN_AUTOHIDE": false,
            "MOZILLA_OFFICIAL": true,
            "MOZ_ALLOW_LEGACY_EXTENSIONS": false,
            "MOZ_ANDROID_ACTIVITY_STREAM": false,
            "MOZ_ANDROID_HISTORY": true,
            "MOZ_ANDROID_MOZILLA_ONLINE": false,
            "MOZ_APP_NAME": "fennec",
            "MOZ_APP_VERSION": "68.1.1",
            "MOZ_APP_VERSION_DISPLAY": "68.1.1",
            "MOZ_BING_API_CLIENTID": "no-bing-api-clientid",
            "MOZ_BING_API_KEY": "no-bing-api-key",
            "MOZ_BITS_DOWNLOAD": false,
            "MOZ_BUILD_APP": "mobile/android",
            "MOZ_CODE_COVERAGE": false,
            "MOZ_CRASHREPORTER": true,
            "MOZ_DATA_REPORTING": true,
            "MOZ_DEV_EDITION": false,
            "MOZ_GECKO_PROFILER": true,
            "MOZ_GOOGLE_LOCATION_SERVICE_API_KEY": "AIzaSyB2h2OuRcUgy5N-5hsZqiPW6sH3n_rptiQ",
            "MOZ_GOOGLE_SAFEBROWSING_API_KEY": "AIzaSyC7jsptDS3am4tPx4r3nxis7IMjBc5Dovo",
            "MOZ_GRAPHENE": false,
            "MOZ_MACBUNDLE_NAME": "Firefox.app",
            "MOZ_MAINTENANCE_SERVICE": false,
            "MOZ_MOZILLA_API_KEY": "3b4d27dd-703d-4094-8398-4de2c763505a",
            "MOZ_NEW_CERT_STORAGE": false,
            "MOZ_NEW_NOTIFICATION_STORE": false,
            "MOZ_NEW_XULSTORE": false,
            "MOZ_OFFICIAL_BRANDING": false,
            "MOZ_PLACES": false,
            "MOZ_REQUIRE_SIGNING": false,
            "MOZ_SANDBOX": false,
            "MOZ_SERVICES_HEALTHREPORT": true,
            "MOZ_SERVICES_SYNC": false,
            "MOZ_SWITCHBOARD": true,
            "MOZ_SYSTEM_NSS": false,
            "MOZ_TELEMETRY_ON_BY_DEFAULT": false,
            "MOZ_TELEMETRY_REPORTING": true,
            "MOZ_UNSIGNED_SCOPES": 0,
            "MOZ_UPDATER": false,
            "MOZ_UPDATE_CHANNEL": "release",
            "MOZ_WEBRTC": true,
            "MOZ_WIDGET_GTK": false,
            "MOZ_WIDGET_TOOLKIT": "android",
            "NIGHTLY_BUILD": false,
            "OMNIJAR_NAME": "assets/omni.ja",
            "RELEASE_OR_BETA": true,
            "SOURCE_REVISION_URL": "https://hg.mozilla.org/releases/mozilla-esr68/rev/d2e0b9e17b9bc1ef02606c8006b73293f7892ad5",
            "TELEMETRY_PING_FORMAT_VERSION": 4,
            "XP_UNIX": true,
            "isPlatformAndVersionAtLeast": {},
            "isPlatformAndVersionAtMost": {},
            "platform": "android"
          },
          "userAgent": "Mozilla/5.0 (Android 9; Mobile; rv:68.0) Gecko/68.0 Firefox/68.0",
          "windowSize": "360x612"
        },
        "pageinfo": {
          "documentHeight": 16219,
          "documentSize": {
            "decodedBodySize": 216639,
            "encodedBodySize": 39367,
            "transferSize": 40400
          },
          "documentTitle": "WordPress.com: Create a Free Website or Blog",
          "documentWidth": 360,
          "domElements": 1494,
          "navigationStartTime": 1617114746525,
          "nextHopProtocol": "h2",
          "resources": {
            "count": 0,
            "duration": 0
          },
          "responsive": true,
          "url": "https://wordpress.com/",
          "visualElements": {
            "heroes": [
              {
                "filename": "desktop-website-v2.jpg?ssl=1",
                "height": 131,
                "name": "LargestImage",
                "width": 184,
                "x": 113,
                "y": 535
              },
              {
                "filename": null,
                "height": 150,
                "name": "Heading",
                "width": 320,
                "x": 20,
                "y": 30
              }
            ],
            "viewport": {
              "height": 612,
              "width": 360
            }
          }
        },
        "timings": {
          "firstPaint": 2336,
          "loadEventEnd": 6573,
          "navigationTiming": {
            "connectStart": 304,
            "domComplete": 6534,
            "domContentLoadedEventEnd": 2516,
            "domContentLoadedEventStart": 2504,
            "domInteractive": 2081,
            "domainLookupEnd": 303,
            "domainLookupStart": 303,
            "duration": 6573,
            "fetchStart": 2,
            "loadEventEnd": 6573,
            "loadEventStart": 6534,
            "redirectEnd": 0,
            "redirectStart": 0,
            "requestStart": 595,
            "responseEnd": 892,
            "responseStart": 892,
            "secureConnectionStart": 419,
            "startTime": 0,
            "unloadEventEnd": 0,
            "unloadEventStart": 0,
            "workerStart": 0
          },
          "pageTimings": {
            "backEndTime": 892,
            "domContentLoadedTime": 2504,
            "domInteractiveTime": 2081,
            "domainLookupTime": 0,
            "frontEndTime": 5642,
            "pageDownloadTime": 0,
            "pageLoadTime": 6534,
            "redirectionTime": 0,
            "serverConnectionTime": 290,
            "serverResponseTime": 297
          },
          "rumSpeedIndex": 892,
          "timeToContentfulPaint": 2582,
          "timeToDomContentFlushed": 2833,
          "userTimings": {
            "marks": [],
            "measures": []
          }
        }
      }
    ],
    "visualMetrics": [],
    "cpu": [],
    "extras": [
      {},
      {},
      {}
    ],
    "fullyLoaded": [],
    "errors": [
      [],
      [],
      []
    ],
    "statistics": {
      "browser": {
        "appConstants": {
          "MOZ_UNSIGNED_SCOPES": {
            "median": 0,
            "mean": 0,
            "mdev": 0,
            "stddev": 0,
            "min": 0,
            "p10": 0,
            "p90": 0,
            "p99": 0,
            "max": 0
          },
          "TELEMETRY_PING_FORMAT_VERSION": {
            "median": 4,
            "mean": 4,
            "mdev": 0,
            "stddev": 0,
            "min": 4,
            "p10": 4,
            "p90": 4,
            "p99": 4,
            "max": 4
          }
        },
        "asyncAppConstants": {
          "MOZ_UNSIGNED_SCOPES": {
            "median": 0,
            "mean": 0,
            "mdev": 0,
            "stddev": 0,
            "min": 0,
            "p10": 0,
            "p90": 0,
            "p99": 0,
            "max": 0
          },
          "TELEMETRY_PING_FORMAT_VERSION": {
            "median": 4,
            "mean": 4,
            "mdev": 0,
            "stddev": 0,
            "min": 4,
            "p10": 4,
            "p90": 4,
            "p99": 4,
            "max": 4
          }
        }
      },
      "pageinfo": {
        "documentHeight": {
          "median": 16219,
          "mean": 16219,
          "mdev": 0,
          "stddev": 0,
          "min": 16219,
          "p10": 16219,
          "p90": 16219,
          "p99": 16219,
          "max": 16219
        },
        "documentSize": {
          "decodedBodySize": {
            "median": 216639,
            "mean": 216639,
            "mdev": 0,
            "stddev": 0,
            "min": 216639,
            "p10": 216639,
            "p90": 216639,
            "p99": 216639,
            "max": 216639
          },
          "encodedBodySize": {
            "median": 39367,
            "mean": 39367,
            "mdev": 0,
            "stddev": 0,
            "min": 39367,
            "p10": 39367,
            "p90": 39367,
            "p99": 39367,
            "max": 39367
          },
          "transferSize": {
            "median": 40418,
            "mean": 40413,
            "mdev": 5.5244,
            "stddev": 10,
            "min": 40400,
            "p10": 40400,
            "p90": 40422,
            "p99": 40422,
            "max": 40422
          }
        },
        "documentWidth": {
          "median": 360,
          "mean": 360,
          "mdev": 0,
          "stddev": 0,
          "min": 360,
          "p10": 360,
          "p90": 360,
          "p99": 360,
          "max": 360
        },
        "domElements": {
          "median": 1494,
          "mean": 1495,
          "mdev": 0.5443,
          "stddev": 1,
          "min": 1494,
          "p10": 1494,
          "p90": 1496,
          "p99": 1496,
          "max": 1496
        },
        "navigationStartTime": {
          "median": 1617114724500,
          "mean": 1617114725549,
          "mdev": 12612.4091,
          "stddev": 21845,
          "min": 1617114705622,
          "p10": 1617114705622,
          "p90": 1617114746525,
          "p99": 1617114746525,
          "max": 1617114746525
        },
        "resources": {
          "count": {
            "median": 0,
            "mean": 0,
            "mdev": 0,
            "stddev": 0,
            "min": 0,
            "p10": 0,
            "p90": 0,
            "p99": 0,
            "max": 0
          },
          "duration": {
            "median": 0,
            "mean": 0,
            "mdev": 0,
            "stddev": 0,
            "min": 0,
            "p10": 0,
            "p90": 0,
            "p99": 0,
            "max": 0
          }
        },
        "visualElements": {
          "heroes": [
            {
              "height": {
                "median": 131,
                "mean": 131,
                "mdev": 0,
                "stddev": 0,
                "min": 131,
                "p10": 131,
                "p90": 131,
                "p99": 131,
                "max": 131
              },
              "width": {
                "median": 184,
                "mean": 184,
                "mdev": 0,
                "stddev": 0,
                "min": 184,
                "p10": 184,
                "p90": 184,
                "p99": 184,
                "max": 184
              },
              "x": {
                "median": 113,
                "mean": 113,
                "mdev": 0,
                "stddev": 0,
                "min": 113,
                "p10": 113,
                "p90": 113,
                "p99": 113,
                "max": 113
              },
              "y": {
                "median": 535,
                "mean": 535,
                "mdev": 0,
                "stddev": 0,
                "min": 535,
                "p10": 535,
                "p90": 535,
                "p99": 535,
                "max": 535
              }
            },
            {
              "height": {
                "median": 150,
                "mean": 150,
                "mdev": 0,
                "stddev": 0,
                "min": 150,
                "p10": 150,
                "p90": 150,
                "p99": 150,
                "max": 150
              },
              "width": {
                "median": 320,
                "mean": 320,
                "mdev": 0,
                "stddev": 0,
                "min": 320,
                "p10": 320,
                "p90": 320,
                "p99": 320,
                "max": 320
              },
              "x": {
                "median": 20,
                "mean": 20,
                "mdev": 0,
                "stddev": 0,
                "min": 20,
                "p10": 20,
                "p90": 20,
                "p99": 20,
                "max": 20
              },
              "y": {
                "median": 30,
                "mean": 30,
                "mdev": 0,
                "stddev": 0,
                "min": 30,
                "p10": 30,
                "p90": 30,
                "p99": 30,
                "max": 30
              }
            }
          ],
          "viewport": {
            "height": {
              "median": 612,
              "mean": 612,
              "mdev": 0,
              "stddev": 0,
              "min": 612,
              "p10": 612,
              "p90": 612,
              "p99": 612,
              "max": 612
            },
            "width": {
              "median": 360,
              "mean": 360,
              "mdev": 0,
              "stddev": 0,
              "min": 360,
              "p10": 360,
              "p90": 360,
              "p99": 360,
              "max": 360
            }
          }
        }
      },
      "timings": {
        "firstPaint": {
          "median": 2336,
          "mean": 2261,
          "mdev": 170.6148,
          "stddev": 296,
          "min": 1867,
          "p10": 1867,
          "p90": 2579,
          "p99": 2579,
          "max": 2579
        },
        "loadEventEnd": {
          "median": 6573,
          "mean": 7253,
          "mdev": 790.6299,
          "stddev": 1369,
          "min": 6022,
          "p10": 6022,
          "p90": 9163,
          "p99": 9163,
          "max": 9163
        },
        "navigationTiming": {
          "connectStart": {
            "median": 304,
            "mean": 240,
            "mdev": 57.6445,
            "stddev": 100,
            "min": 99,
            "p10": 99,
            "p90": 317,
            "p99": 317,
            "max": 317
          },
          "domComplete": {
            "median": 6534,
            "mean": 7207,
            "mdev": 788.9686,
            "stddev": 1367,
            "min": 5974,
            "p10": 5974,
            "p90": 9112,
            "p99": 9112,
            "max": 9112
          },
          "domContentLoadedEventEnd": {
            "median": 2516,
            "mean": 2408,
            "mdev": 112.9625,
            "stddev": 196,
            "min": 2133,
            "p10": 2133,
            "p90": 2574,
            "p99": 2574,
            "max": 2574
          },
          "domContentLoadedEventStart": {
            "median": 2504,
            "mean": 2395,
            "mdev": 113.0693,
            "stddev": 196,
            "min": 2120,
            "p10": 2120,
            "p90": 2561,
            "p99": 2561,
            "max": 2561
          },
          "domInteractive": {
            "median": 2081,
            "mean": 2029,
            "mdev": 150.4689,
            "stddev": 261,
            "min": 1687,
            "p10": 1687,
            "p90": 2319,
            "p99": 2319,
            "max": 2319
          },
          "domainLookupEnd": {
            "median": 303,
            "mean": 240,
            "mdev": 57.5217,
            "stddev": 100,
            "min": 99,
            "p10": 99,
            "p90": 317,
            "p99": 317,
            "max": 317
          },
          "domainLookupStart": {
            "median": 303,
            "mean": 240,
            "mdev": 57.5217,
            "stddev": 100,
            "min": 99,
            "p10": 99,
            "p90": 317,
            "p99": 317,
            "max": 317
          },
          "duration": {
            "median": 6573,
            "mean": 7253,
            "mdev": 790.6299,
            "stddev": 1369,
            "min": 6022,
            "p10": 6022,
            "p90": 9163,
            "p99": 9163,
            "max": 9163
          },
          "fetchStart": {
            "median": 2,
            "mean": 2,
            "mdev": 0.2722,
            "stddev": 0,
            "min": 2,
            "p10": 2,
            "p90": 3,
            "p99": 3,
            "max": 3
          },
          "loadEventEnd": {
            "median": 6573,
            "mean": 7253,
            "mdev": 790.6299,
            "stddev": 1369,
            "min": 6022,
            "p10": 6022,
            "p90": 9163,
            "p99": 9163,
            "max": 9163
          },
          "loadEventStart": {
            "median": 6534,
            "mean": 7207,
            "mdev": 788.9686,
            "stddev": 1367,
            "min": 5974,
            "p10": 5974,
            "p90": 9112,
            "p99": 9112,
            "max": 9112
          },
          "redirectEnd": {
            "median": 0,
            "mean": 0,
            "mdev": 0,
            "stddev": 0,
            "min": 0,
            "p10": 0,
            "p90": 0,
            "p99": 0,
            "max": 0
          },
          "redirectStart": {
            "median": 0,
            "mean": 0,
            "mdev": 0,
            "stddev": 0,
            "min": 0,
            "p10": 0,
            "p90": 0,
            "p99": 0,
            "max": 0
          },
          "requestStart": {
            "median": 595,
            "mean": 578,
            "mdev": 79.2647,
            "stddev": 137,
            "min": 402,
            "p10": 402,
            "p90": 737,
            "p99": 737,
            "max": 737
          },
          "responseEnd": {
            "median": 892,
            "mean": 881,
            "mdev": 88.731,
            "stddev": 154,
            "min": 688,
            "p10": 688,
            "p90": 1064,
            "p99": 1064,
            "max": 1064
          },
          "responseStart": {
            "median": 892,
            "mean": 881,
            "mdev": 88.731,
            "stddev": 154,
            "min": 688,
            "p10": 688,
            "p90": 1064,
            "p99": 1064,
            "max": 1064
          },
          "secureConnectionStart": {
            "median": 419,
            "mean": 378,
            "mdev": 65.3832,
            "stddev": 113,
            "min": 223,
            "p10": 223,
            "p90": 491,
            "p99": 491,
            "max": 491
          },
          "startTime": {
            "median": 0,
            "mean": 0,
            "mdev": 0,
            "stddev": 0,
            "min": 0,
            "p10": 0,
            "p90": 0,
            "p99": 0,
            "max": 0
          },
          "unloadEventEnd": {
            "median": 0,
            "mean": 0,
            "mdev": 0,
            "stddev": 0,
            "min": 0,
            "p10": 0,
            "p90": 0,
            "p99": 0,
            "max": 0
          },
          "unloadEventStart": {
            "median": 0,
            "mean": 0,
            "mdev": 0,
            "stddev": 0,
            "min": 0,
            "p10": 0,
            "p90": 0,
            "p99": 0,
            "max": 0
          },
          "workerStart": {
            "median": 0,
            "mean": 0,
            "mdev": 0,
            "stddev": 0,
            "min": 0,
            "p10": 0,
            "p90": 0,
            "p99": 0,
            "max": 0
          }
        },
        "pageTimings": {
          "backEndTime": {
            "median": 892,
            "mean": 881,
            "mdev": 88.731,
            "stddev": 154,
            "min": 688,
            "p10": 688,
            "p90": 1064,
            "p99": 1064,
            "max": 1064
          },
          "domContentLoadedTime": {
            "median": 2504,
            "mean": 2395,
            "mdev": 113.0693,
            "stddev": 196,
            "min": 2120,
            "p10": 2120,
            "p90": 2561,
            "p99": 2561,
            "max": 2561
          },
          "domInteractiveTime": {
            "median": 2081,
            "mean": 2029,
            "mdev": 150.4689,
            "stddev": 261,
            "min": 1687,
            "p10": 1687,
            "p90": 2319,
            "p99": 2319,
            "max": 2319
          },
          "domainLookupTime": {
            "median": 0,
            "mean": 0,
            "mdev": 0,
            "stddev": 0,
            "min": 0,
            "p10": 0,
            "p90": 0,
            "p99": 0,
            "max": 0
          },
          "frontEndTime": {
            "median": 5642,
            "mean": 6325,
            "mdev": 708.2638,
            "stddev": 1227,
            "min": 5286,
            "p10": 5286,
            "p90": 8048,
            "p99": 8048,
            "max": 8048
          },
          "pageDownloadTime": {
            "median": 0,
            "mean": 0,
            "mdev": 0,
            "stddev": 0,
            "min": 0,
            "p10": 0,
            "p90": 0,
            "p99": 0,
            "max": 0
          },
          "pageLoadTime": {
            "median": 6534,
            "mean": 7207,
            "mdev": 788.9686,
            "stddev": 1367,
            "min": 5974,
            "p10": 5974,
            "p90": 9112,
            "p99": 9112,
            "max": 9112
          },
          "redirectionTime": {
            "median": 0,
            "mean": 0,
            "mdev": 0,
            "stddev": 0,
            "min": 0,
            "p10": 0,
            "p90": 0,
            "p99": 0,
            "max": 0
          },
          "serverConnectionTime": {
            "median": 300,
            "mean": 336,
            "mdev": 33.5592,
            "stddev": 58,
            "min": 290,
            "p10": 290,
            "p90": 418,
            "p99": 418,
            "max": 418
          },
          "serverResponseTime": {
            "median": 297,
            "mean": 303,
            "mdev": 10.0037,
            "stddev": 17,
            "min": 286,
            "p10": 286,
            "p90": 327,
            "p99": 327,
            "max": 327
          }
        },
        "rumSpeedIndex": {
          "median": 892,
          "mean": 881,
          "mdev": 88.5024,
          "stddev": 153,
          "min": 688,
          "p10": 688,
          "p90": 1063,
          "p99": 1063,
          "max": 1063
        },
        "timeToContentfulPaint": {
          "median": 2582,
          "mean": 2513,
          "mdev": 167.6113,
          "stddev": 290,
          "min": 2128,
          "p10": 2128,
          "p90": 2829,
          "p99": 2829,
          "max": 2829
        },
        "timeToDomContentFlushed": {
          "median": 2547,
          "mean": 2596,
          "mdev": 101.947,
          "stddev": 177,
          "min": 2409,
          "p10": 2409,
          "p90": 2833,
          "p99": 2833,
          "max": 2833
        },
        "timeToFirstInteractive": {
          "median": 8908,
          "mean": 8908,
          "mdev": 0,
          "stddev": 0,
          "min": 8908,
          "p10": 8908,
          "p90": 8908,
          "p99": 8908,
          "max": 8908
        }
      }
    }
  }
]