[
  {
    "info": {
      "browsertime": {
        "version": "8.4.0"
      },
      "url": "https://www.mercadolivre.com.br/",
      "timestamp": "2021-03-30T22:24:24+04:00",
      "connectivity": {
        "engine": "external",
        "profile": "native"
      },
      "extra": {}
    },
    "files": {
      "video": [],
      "screenshot": [],
      "timeline": [],
      "consoleLog": [],
      "netLog": [],
      "perfLog": []
    },
    "cdp": {
      "performance": []
    },
    "timestamps": [
      "2021-03-30T22:24:13+04:00",
      "2021-03-30T22:24:30+04:00",
      "2021-03-30T22:24:47+04:00"
    ],
    "browserScripts": [
      {
        "browser": {
          "appConstants": {
            "ACCESSIBILITY": true,
            "ANDROID_PACKAGE_NAME": "org.mozilla.firefox",
            "ASAN": false,
            "ASAN_REPORTER": false,
            "BROWSER_CHROME_URL": "chrome://browser/content/browser.xul",
            "DEBUG": false,
            "DEBUG_JS_MODULES": "",
            "DLL_PREFIX": "lib",
            "DLL_SUFFIX": ".so",
            "EARLY_BETA_OR_EARLIER": false,
            "FENNEC_NIGHTLY": false,
            "HAVE_SHELL_SERVICE": false,
            "HAVE_USR_LIB64_DIR": false,
            "MENUBAR_CAN_AUTOHIDE": false,
            "MOZILLA_OFFICIAL": true,
            "MOZ_ALLOW_LEGACY_EXTENSIONS": false,
            "MOZ_ANDROID_ACTIVITY_STREAM": false,
            "MOZ_ANDROID_HISTORY": true,
            "MOZ_ANDROID_MOZILLA_ONLINE": false,
            "MOZ_APP_NAME": "fennec",
            "MOZ_APP_VERSION": "68.1.1",
            "MOZ_APP_VERSION_DISPLAY": "68.1.1",
            "MOZ_BING_API_CLIENTID": "no-bing-api-clientid",
            "MOZ_BING_API_KEY": "no-bing-api-key",
            "MOZ_BITS_DOWNLOAD": false,
            "MOZ_BUILD_APP": "mobile/android",
            "MOZ_CODE_COVERAGE": false,
            "MOZ_CRASHREPORTER": true,
            "MOZ_DATA_REPORTING": true,
            "MOZ_DEV_EDITION": false,
            "MOZ_GECKO_PROFILER": true,
            "MOZ_GOOGLE_LOCATION_SERVICE_API_KEY": "AIzaSyB2h2OuRcUgy5N-5hsZqiPW6sH3n_rptiQ",
            "MOZ_GOOGLE_SAFEBROWSING_API_KEY": "AIzaSyC7jsptDS3am4tPx4r3nxis7IMjBc5Dovo",
            "MOZ_GRAPHENE": false,
            "MOZ_MACBUNDLE_NAME": "Firefox.app",
            "MOZ_MAINTENANCE_SERVICE": false,
            "MOZ_MOZILLA_API_KEY": "3b4d27dd-703d-4094-8398-4de2c763505a",
            "MOZ_NEW_CERT_STORAGE": false,
            "MOZ_NEW_NOTIFICATION_STORE": false,
            "MOZ_NEW_XULSTORE": false,
            "MOZ_OFFICIAL_BRANDING": false,
            "MOZ_PLACES": false,
            "MOZ_REQUIRE_SIGNING": false,
            "MOZ_SANDBOX": false,
            "MOZ_SERVICES_HEALTHREPORT": true,
            "MOZ_SERVICES_SYNC": false,
            "MOZ_SWITCHBOARD": true,
            "MOZ_SYSTEM_NSS": false,
            "MOZ_TELEMETRY_ON_BY_DEFAULT": false,
            "MOZ_TELEMETRY_REPORTING": true,
            "MOZ_UNSIGNED_SCOPES": 0,
            "MOZ_UPDATER": false,
            "MOZ_UPDATE_CHANNEL": "release",
            "MOZ_WEBRTC": true,
            "MOZ_WIDGET_GTK": false,
            "MOZ_WIDGET_TOOLKIT": "android",
            "NIGHTLY_BUILD": false,
            "OMNIJAR_NAME": "assets/omni.ja",
            "RELEASE_OR_BETA": true,
            "SOURCE_REVISION_URL": "https://hg.mozilla.org/releases/mozilla-esr68/rev/d2e0b9e17b9bc1ef02606c8006b73293f7892ad5",
            "TELEMETRY_PING_FORMAT_VERSION": 4,
            "XP_UNIX": true,
            "isPlatformAndVersionAtLeast": {},
            "isPlatformAndVersionAtMost": {},
            "platform": "android"
          },
          "asyncAppConstants": {
            "ACCESSIBILITY": true,
            "ANDROID_PACKAGE_NAME": "org.mozilla.firefox",
            "ASAN": false,
            "ASAN_REPORTER": false,
            "BROWSER_CHROME_URL": "chrome://browser/content/browser.xul",
            "DEBUG": false,
            "DEBUG_JS_MODULES": "",
            "DLL_PREFIX": "lib",
            "DLL_SUFFIX": ".so",
            "EARLY_BETA_OR_EARLIER": false,
            "FENNEC_NIGHTLY": false,
            "HAVE_SHELL_SERVICE": false,
            "HAVE_USR_LIB64_DIR": false,
            "MENUBAR_CAN_AUTOHIDE": false,
            "MOZILLA_OFFICIAL": true,
            "MOZ_ALLOW_LEGACY_EXTENSIONS": false,
            "MOZ_ANDROID_ACTIVITY_STREAM": false,
            "MOZ_ANDROID_HISTORY": true,
            "MOZ_ANDROID_MOZILLA_ONLINE": false,
            "MOZ_APP_NAME": "fennec",
            "MOZ_APP_VERSION": "68.1.1",
            "MOZ_APP_VERSION_DISPLAY": "68.1.1",
            "MOZ_BING_API_CLIENTID": "no-bing-api-clientid",
            "MOZ_BING_API_KEY": "no-bing-api-key",
            "MOZ_BITS_DOWNLOAD": false,
            "MOZ_BUILD_APP": "mobile/android",
            "MOZ_CODE_COVERAGE": false,
            "MOZ_CRASHREPORTER": true,
            "MOZ_DATA_REPORTING": true,
            "MOZ_DEV_EDITION": false,
            "MOZ_GECKO_PROFILER": true,
            "MOZ_GOOGLE_LOCATION_SERVICE_API_KEY": "AIzaSyB2h2OuRcUgy5N-5hsZqiPW6sH3n_rptiQ",
            "MOZ_GOOGLE_SAFEBROWSING_API_KEY": "AIzaSyC7jsptDS3am4tPx4r3nxis7IMjBc5Dovo",
            "MOZ_GRAPHENE": false,
            "MOZ_MACBUNDLE_NAME": "Firefox.app",
            "MOZ_MAINTENANCE_SERVICE": false,
            "MOZ_MOZILLA_API_KEY": "3b4d27dd-703d-4094-8398-4de2c763505a",
            "MOZ_NEW_CERT_STORAGE": false,
            "MOZ_NEW_NOTIFICATION_STORE": false,
            "MOZ_NEW_XULSTORE": false,
            "MOZ_OFFICIAL_BRANDING": false,
            "MOZ_PLACES": false,
            "MOZ_REQUIRE_SIGNING": false,
            "MOZ_SANDBOX": false,
            "MOZ_SERVICES_HEALTHREPORT": true,
            "MOZ_SERVICES_SYNC": false,
            "MOZ_SWITCHBOARD": true,
            "MOZ_SYSTEM_NSS": false,
            "MOZ_TELEMETRY_ON_BY_DEFAULT": false,
            "MOZ_TELEMETRY_REPORTING": true,
            "MOZ_UNSIGNED_SCOPES": 0,
            "MOZ_UPDATER": false,
            "MOZ_UPDATE_CHANNEL": "release",
            "MOZ_WEBRTC": true,
            "MOZ_WIDGET_GTK": false,
            "MOZ_WIDGET_TOOLKIT": "android",
            "NIGHTLY_BUILD": false,
            "OMNIJAR_NAME": "assets/omni.ja",
            "RELEASE_OR_BETA": true,
            "SOURCE_REVISION_URL": "https://hg.mozilla.org/releases/mozilla-esr68/rev/d2e0b9e17b9bc1ef02606c8006b73293f7892ad5",
            "TELEMETRY_PING_FORMAT_VERSION": 4,
            "XP_UNIX": true,
            "isPlatformAndVersionAtLeast": {},
            "isPlatformAndVersionAtMost": {},
            "platform": "android"
          },
          "userAgent": "Mozilla/5.0 (Android 9; Mobile; rv:68.0) Gecko/68.0 Firefox/68.0",
          "windowSize": "360x612"
        },
        "pageinfo": {
          "documentHeight": 4261,
          "documentSize": {
            "decodedBodySize": 342369,
            "encodedBodySize": 93408,
            "transferSize": 95177
          },
          "documentTitle": "Mercado Livre Brasil",
          "documentWidth": 360,
          "domElements": 820,
          "navigationStartTime": 1617128654082,
          "nextHopProtocol": "h2",
          "resources": {
            "count": 0,
            "duration": 0
          },
          "responsive": true,
          "url": "https://www.mercadolivre.com.br/",
          "visualElements": {
            "heroes": [
              {
                "filename": "mlb-home-mobile-big-banner-picture-2ed58eaa-0e0d-4f1e-999e-19aeeedddd06.jpg",
                "height": 165,
                "name": "LargestImage",
                "width": 360,
                "x": 0,
                "y": 87
              }
            ],
            "viewport": {
              "height": 612,
              "width": 360
            }
          }
        },
        "timings": {
          "firstPaint": 989,
          "loadEventEnd": 3445,
          "navigationTiming": {
            "connectStart": 37,
            "domComplete": 3396,
            "domContentLoadedEventEnd": 1378,
            "domContentLoadedEventStart": 1368,
            "domInteractive": 1217,
            "domainLookupEnd": 37,
            "domainLookupStart": 36,
            "duration": 3445,
            "fetchStart": 2,
            "loadEventEnd": 3445,
            "loadEventStart": 3396,
            "redirectEnd": 0,
            "redirectStart": 0,
            "requestStart": 118,
            "responseEnd": 708,
            "responseStart": 708,
            "secureConnectionStart": 48,
            "startTime": 0,
            "unloadEventEnd": 0,
            "unloadEventStart": 0,
            "workerStart": 0
          },
          "pageTimings": {
            "backEndTime": 708,
            "domContentLoadedTime": 1368,
            "domInteractiveTime": 1217,
            "domainLookupTime": 0,
            "frontEndTime": 2688,
            "pageDownloadTime": 0,
            "pageLoadTime": 3396,
            "redirectionTime": 0,
            "serverConnectionTime": 79,
            "serverResponseTime": 590
          },
          "rumSpeedIndex": 707,
          "timeToContentfulPaint": 1080,
          "timeToDomContentFlushed": 1243,
          "userTimings": {
            "marks": [
              {
                "name": "gpt-tag-load",
                "startTime": 5799.2
              },
              {
                "name": "gpt-first-ad-request",
                "startTime": 6570.08
              },
              {
                "name": "gpt-first-ad-render",
                "startTime": 6940.360000000001
              }
            ],
            "measures": []
          }
        }
      },
      {
        "browser": {
          "appConstants": {
            "ACCESSIBILITY": true,
            "ANDROID_PACKAGE_NAME": "org.mozilla.firefox",
            "ASAN": false,
            "ASAN_REPORTER": false,
            "BROWSER_CHROME_URL": "chrome://browser/content/browser.xul",
            "DEBUG": false,
            "DEBUG_JS_MODULES": "",
            "DLL_PREFIX": "lib",
            "DLL_SUFFIX": ".so",
            "EARLY_BETA_OR_EARLIER": false,
            "FENNEC_NIGHTLY": false,
            "HAVE_SHELL_SERVICE": false,
            "HAVE_USR_LIB64_DIR": false,
            "MENUBAR_CAN_AUTOHIDE": false,
            "MOZILLA_OFFICIAL": true,
            "MOZ_ALLOW_LEGACY_EXTENSIONS": false,
            "MOZ_ANDROID_ACTIVITY_STREAM": false,
            "MOZ_ANDROID_HISTORY": true,
            "MOZ_ANDROID_MOZILLA_ONLINE": false,
            "MOZ_APP_NAME": "fennec",
            "MOZ_APP_VERSION": "68.1.1",
            "MOZ_APP_VERSION_DISPLAY": "68.1.1",
            "MOZ_BING_API_CLIENTID": "no-bing-api-clientid",
            "MOZ_BING_API_KEY": "no-bing-api-key",
            "MOZ_BITS_DOWNLOAD": false,
            "MOZ_BUILD_APP": "mobile/android",
            "MOZ_CODE_COVERAGE": false,
            "MOZ_CRASHREPORTER": true,
            "MOZ_DATA_REPORTING": true,
            "MOZ_DEV_EDITION": false,
            "MOZ_GECKO_PROFILER": true,
            "MOZ_GOOGLE_LOCATION_SERVICE_API_KEY": "AIzaSyB2h2OuRcUgy5N-5hsZqiPW6sH3n_rptiQ",
            "MOZ_GOOGLE_SAFEBROWSING_API_KEY": "AIzaSyC7jsptDS3am4tPx4r3nxis7IMjBc5Dovo",
            "MOZ_GRAPHENE": false,
            "MOZ_MACBUNDLE_NAME": "Firefox.app",
            "MOZ_MAINTENANCE_SERVICE": false,
            "MOZ_MOZILLA_API_KEY": "3b4d27dd-703d-4094-8398-4de2c763505a",
            "MOZ_NEW_CERT_STORAGE": false,
            "MOZ_NEW_NOTIFICATION_STORE": false,
            "MOZ_NEW_XULSTORE": false,
            "MOZ_OFFICIAL_BRANDING": false,
            "MOZ_PLACES": false,
            "MOZ_REQUIRE_SIGNING": false,
            "MOZ_SANDBOX": false,
            "MOZ_SERVICES_HEALTHREPORT": true,
            "MOZ_SERVICES_SYNC": false,
            "MOZ_SWITCHBOARD": true,
            "MOZ_SYSTEM_NSS": false,
            "MOZ_TELEMETRY_ON_BY_DEFAULT": false,
            "MOZ_TELEMETRY_REPORTING": true,
            "MOZ_UNSIGNED_SCOPES": 0,
            "MOZ_UPDATER": false,
            "MOZ_UPDATE_CHANNEL": "release",
            "MOZ_WEBRTC": true,
            "MOZ_WIDGET_GTK": false,
            "MOZ_WIDGET_TOOLKIT": "android",
            "NIGHTLY_BUILD": false,
            "OMNIJAR_NAME": "assets/omni.ja",
            "RELEASE_OR_BETA": true,
            "SOURCE_REVISION_URL": "https://hg.mozilla.org/releases/mozilla-esr68/rev/d2e0b9e17b9bc1ef02606c8006b73293f7892ad5",
            "TELEMETRY_PING_FORMAT_VERSION": 4,
            "XP_UNIX": true,
            "isPlatformAndVersionAtLeast": {},
            "isPlatformAndVersionAtMost": {},
            "platform": "android"
          },
          "asyncAppConstants": {
            "ACCESSIBILITY": true,
            "ANDROID_PACKAGE_NAME": "org.mozilla.firefox",
            "ASAN": false,
            "ASAN_REPORTER": false,
            "BROWSER_CHROME_URL": "chrome://browser/content/browser.xul",
            "DEBUG": false,
            "DEBUG_JS_MODULES": "",
            "DLL_PREFIX": "lib",
            "DLL_SUFFIX": ".so",
            "EARLY_BETA_OR_EARLIER": false,
            "FENNEC_NIGHTLY": false,
            "HAVE_SHELL_SERVICE": false,
            "HAVE_USR_LIB64_DIR": false,
            "MENUBAR_CAN_AUTOHIDE": false,
            "MOZILLA_OFFICIAL": true,
            "MOZ_ALLOW_LEGACY_EXTENSIONS": false,
            "MOZ_ANDROID_ACTIVITY_STREAM": false,
            "MOZ_ANDROID_HISTORY": true,
            "MOZ_ANDROID_MOZILLA_ONLINE": false,
            "MOZ_APP_NAME": "fennec",
            "MOZ_APP_VERSION": "68.1.1",
            "MOZ_APP_VERSION_DISPLAY": "68.1.1",
            "MOZ_BING_API_CLIENTID": "no-bing-api-clientid",
            "MOZ_BING_API_KEY": "no-bing-api-key",
            "MOZ_BITS_DOWNLOAD": false,
            "MOZ_BUILD_APP": "mobile/android",
            "MOZ_CODE_COVERAGE": false,
            "MOZ_CRASHREPORTER": true,
            "MOZ_DATA_REPORTING": true,
            "MOZ_DEV_EDITION": false,
            "MOZ_GECKO_PROFILER": true,
            "MOZ_GOOGLE_LOCATION_SERVICE_API_KEY": "AIzaSyB2h2OuRcUgy5N-5hsZqiPW6sH3n_rptiQ",
            "MOZ_GOOGLE_SAFEBROWSING_API_KEY": "AIzaSyC7jsptDS3am4tPx4r3nxis7IMjBc5Dovo",
            "MOZ_GRAPHENE": false,
            "MOZ_MACBUNDLE_NAME": "Firefox.app",
            "MOZ_MAINTENANCE_SERVICE": false,
            "MOZ_MOZILLA_API_KEY": "3b4d27dd-703d-4094-8398-4de2c763505a",
            "MOZ_NEW_CERT_STORAGE": false,
            "MOZ_NEW_NOTIFICATION_STORE": false,
            "MOZ_NEW_XULSTORE": false,
            "MOZ_OFFICIAL_BRANDING": false,
            "MOZ_PLACES": false,
            "MOZ_REQUIRE_SIGNING": false,
            "MOZ_SANDBOX": false,
            "MOZ_SERVICES_HEALTHREPORT": true,
            "MOZ_SERVICES_SYNC": false,
            "MOZ_SWITCHBOARD": true,
            "MOZ_SYSTEM_NSS": false,
            "MOZ_TELEMETRY_ON_BY_DEFAULT": false,
            "MOZ_TELEMETRY_REPORTING": true,
            "MOZ_UNSIGNED_SCOPES": 0,
            "MOZ_UPDATER": false,
            "MOZ_UPDATE_CHANNEL": "release",
            "MOZ_WEBRTC": true,
            "MOZ_WIDGET_GTK": false,
            "MOZ_WIDGET_TOOLKIT": "android",
            "NIGHTLY_BUILD": false,
            "OMNIJAR_NAME": "assets/omni.ja",
            "RELEASE_OR_BETA": true,
            "SOURCE_REVISION_URL": "https://hg.mozilla.org/releases/mozilla-esr68/rev/d2e0b9e17b9bc1ef02606c8006b73293f7892ad5",
            "TELEMETRY_PING_FORMAT_VERSION": 4,
            "XP_UNIX": true,
            "isPlatformAndVersionAtLeast": {},
            "isPlatformAndVersionAtMost": {},
            "platform": "android"
          },
          "userAgent": "Mozilla/5.0 (Android 9; Mobile; rv:68.0) Gecko/68.0 Firefox/68.0",
          "windowSize": "360x612"
        },
        "pageinfo": {
          "documentHeight": 4261,
          "documentSize": {
            "decodedBodySize": 342373,
            "encodedBodySize": 93416,
            "transferSize": 95185
          },
          "documentTitle": "Mercado Livre Brasil",
          "documentWidth": 360,
          "domElements": 819,
          "navigationStartTime": 1617128671296,
          "nextHopProtocol": "h2",
          "resources": {
            "count": 0,
            "duration": 0
          },
          "responsive": true,
          "url": "https://www.mercadolivre.com.br/",
          "visualElements": {
            "heroes": [
              {
                "filename": "mlb-home-mobile-big-banner-picture-2ed58eaa-0e0d-4f1e-999e-19aeeedddd06.jpg",
                "height": 165,
                "name": "LargestImage",
                "width": 360,
                "x": 0,
                "y": 87
              }
            ],
            "viewport": {
              "height": 612,
              "width": 360
            }
          }
        },
        "timings": {
          "firstPaint": 1040,
          "loadEventEnd": 3290,
          "navigationTiming": {
            "connectStart": 97,
            "domComplete": 3247,
            "domContentLoadedEventEnd": 1192,
            "domContentLoadedEventStart": 1185,
            "domInteractive": 1007,
            "domainLookupEnd": 97,
            "domainLookupStart": 96,
            "duration": 3290,
            "fetchStart": 2,
            "loadEventEnd": 3290,
            "loadEventStart": 3247,
            "redirectEnd": 0,
            "redirectStart": 0,
            "requestStart": 250,
            "responseEnd": 637,
            "responseStart": 637,
            "secureConnectionStart": 144,
            "startTime": 0,
            "unloadEventEnd": 0,
            "unloadEventStart": 0,
            "workerStart": 0
          },
          "pageTimings": {
            "backEndTime": 637,
            "domContentLoadedTime": 1185,
            "domInteractiveTime": 1007,
            "domainLookupTime": 0,
            "frontEndTime": 2610,
            "pageDownloadTime": 0,
            "pageLoadTime": 3247,
            "redirectionTime": 0,
            "serverConnectionTime": 151,
            "serverResponseTime": 388
          },
          "rumSpeedIndex": 637,
          "timeToContentfulPaint": 1290,
          "timeToDomContentFlushed": 1007,
          "userTimings": {
            "marks": [
              {
                "name": "gpt-tag-load",
                "startTime": 5729.22
              },
              {
                "name": "gpt-first-ad-request",
                "startTime": 6350.54
              },
              {
                "name": "gpt-first-ad-render",
                "startTime": 6751.6
              }
            ],
            "measures": []
          }
        }
      },
      {
        "browser": {
          "appConstants": {
            "ACCESSIBILITY": true,
            "ANDROID_PACKAGE_NAME": "org.mozilla.firefox",
            "ASAN": false,
            "ASAN_REPORTER": false,
            "BROWSER_CHROME_URL": "chrome://browser/content/browser.xul",
            "DEBUG": false,
            "DEBUG_JS_MODULES": "",
            "DLL_PREFIX": "lib",
            "DLL_SUFFIX": ".so",
            "EARLY_BETA_OR_EARLIER": false,
            "FENNEC_NIGHTLY": false,
            "HAVE_SHELL_SERVICE": false,
            "HAVE_USR_LIB64_DIR": false,
            "MENUBAR_CAN_AUTOHIDE": false,
            "MOZILLA_OFFICIAL": true,
            "MOZ_ALLOW_LEGACY_EXTENSIONS": false,
            "MOZ_ANDROID_ACTIVITY_STREAM": false,
            "MOZ_ANDROID_HISTORY": true,
            "MOZ_ANDROID_MOZILLA_ONLINE": false,
            "MOZ_APP_NAME": "fennec",
            "MOZ_APP_VERSION": "68.1.1",
            "MOZ_APP_VERSION_DISPLAY": "68.1.1",
            "MOZ_BING_API_CLIENTID": "no-bing-api-clientid",
            "MOZ_BING_API_KEY": "no-bing-api-key",
            "MOZ_BITS_DOWNLOAD": false,
            "MOZ_BUILD_APP": "mobile/android",
            "MOZ_CODE_COVERAGE": false,
            "MOZ_CRASHREPORTER": true,
            "MOZ_DATA_REPORTING": true,
            "MOZ_DEV_EDITION": false,
            "MOZ_GECKO_PROFILER": true,
            "MOZ_GOOGLE_LOCATION_SERVICE_API_KEY": "AIzaSyB2h2OuRcUgy5N-5hsZqiPW6sH3n_rptiQ",
            "MOZ_GOOGLE_SAFEBROWSING_API_KEY": "AIzaSyC7jsptDS3am4tPx4r3nxis7IMjBc5Dovo",
            "MOZ_GRAPHENE": false,
            "MOZ_MACBUNDLE_NAME": "Firefox.app",
            "MOZ_MAINTENANCE_SERVICE": false,
            "MOZ_MOZILLA_API_KEY": "3b4d27dd-703d-4094-8398-4de2c763505a",
            "MOZ_NEW_CERT_STORAGE": false,
            "MOZ_NEW_NOTIFICATION_STORE": false,
            "MOZ_NEW_XULSTORE": false,
            "MOZ_OFFICIAL_BRANDING": false,
            "MOZ_PLACES": false,
            "MOZ_REQUIRE_SIGNING": false,
            "MOZ_SANDBOX": false,
            "MOZ_SERVICES_HEALTHREPORT": true,
            "MOZ_SERVICES_SYNC": false,
            "MOZ_SWITCHBOARD": true,
            "MOZ_SYSTEM_NSS": false,
            "MOZ_TELEMETRY_ON_BY_DEFAULT": false,
            "MOZ_TELEMETRY_REPORTING": true,
            "MOZ_UNSIGNED_SCOPES": 0,
            "MOZ_UPDATER": false,
            "MOZ_UPDATE_CHANNEL": "release",
            "MOZ_WEBRTC": true,
            "MOZ_WIDGET_GTK": false,
            "MOZ_WIDGET_TOOLKIT": "android",
            "NIGHTLY_BUILD": false,
            "OMNIJAR_NAME": "assets/omni.ja",
            "RELEASE_OR_BETA": true,
            "SOURCE_REVISION_URL": "https://hg.mozilla.org/releases/mozilla-esr68/rev/d2e0b9e17b9bc1ef02606c8006b73293f7892ad5",
            "TELEMETRY_PING_FORMAT_VERSION": 4,
            "XP_UNIX": true,
            "isPlatformAndVersionAtLeast": {},
            "isPlatformAndVersionAtMost": {},
            "platform": "android"
          },
          "asyncAppConstants": {
            "ACCESSIBILITY": true,
            "ANDROID_PACKAGE_NAME": "org.mozilla.firefox",
            "ASAN": false,
            "ASAN_REPORTER": false,
            "BROWSER_CHROME_URL": "chrome://browser/content/browser.xul",
            "DEBUG": false,
            "DEBUG_JS_MODULES": "",
            "DLL_PREFIX": "lib",
            "DLL_SUFFIX": ".so",
            "EARLY_BETA_OR_EARLIER": false,
            "FENNEC_NIGHTLY": false,
            "HAVE_SHELL_SERVICE": false,
            "HAVE_USR_LIB64_DIR": false,
            "MENUBAR_CAN_AUTOHIDE": false,
            "MOZILLA_OFFICIAL": true,
            "MOZ_ALLOW_LEGACY_EXTENSIONS": false,
            "MOZ_ANDROID_ACTIVITY_STREAM": false,
            "MOZ_ANDROID_HISTORY": true,
            "MOZ_ANDROID_MOZILLA_ONLINE": false,
            "MOZ_APP_NAME": "fennec",
            "MOZ_APP_VERSION": "68.1.1",
            "MOZ_APP_VERSION_DISPLAY": "68.1.1",
            "MOZ_BING_API_CLIENTID": "no-bing-api-clientid",
            "MOZ_BING_API_KEY": "no-bing-api-key",
            "MOZ_BITS_DOWNLOAD": false,
            "MOZ_BUILD_APP": "mobile/android",
            "MOZ_CODE_COVERAGE": false,
            "MOZ_CRASHREPORTER": true,
            "MOZ_DATA_REPORTING": true,
            "MOZ_DEV_EDITION": false,
            "MOZ_GECKO_PROFILER": true,
            "MOZ_GOOGLE_LOCATION_SERVICE_API_KEY": "AIzaSyB2h2OuRcUgy5N-5hsZqiPW6sH3n_rptiQ",
            "MOZ_GOOGLE_SAFEBROWSING_API_KEY": "AIzaSyC7jsptDS3am4tPx4r3nxis7IMjBc5Dovo",
            "MOZ_GRAPHENE": false,
            "MOZ_MACBUNDLE_NAME": "Firefox.app",
            "MOZ_MAINTENANCE_SERVICE": false,
            "MOZ_MOZILLA_API_KEY": "3b4d27dd-703d-4094-8398-4de2c763505a",
            "MOZ_NEW_CERT_STORAGE": false,
            "MOZ_NEW_NOTIFICATION_STORE": false,
            "MOZ_NEW_XULSTORE": false,
            "MOZ_OFFICIAL_BRANDING": false,
            "MOZ_PLACES": false,
            "MOZ_REQUIRE_SIGNING": false,
            "MOZ_SANDBOX": false,
            "MOZ_SERVICES_HEALTHREPORT": true,
            "MOZ_SERVICES_SYNC": false,
            "MOZ_SWITCHBOARD": true,
            "MOZ_SYSTEM_NSS": false,
            "MOZ_TELEMETRY_ON_BY_DEFAULT": false,
            "MOZ_TELEMETRY_REPORTING": true,
            "MOZ_UNSIGNED_SCOPES": 0,
            "MOZ_UPDATER": false,
            "MOZ_UPDATE_CHANNEL": "release",
            "MOZ_WEBRTC": true,
            "MOZ_WIDGET_GTK": false,
            "MOZ_WIDGET_TOOLKIT": "android",
            "NIGHTLY_BUILD": false,
            "OMNIJAR_NAME": "assets/omni.ja",
            "RELEASE_OR_BETA": true,
            "SOURCE_REVISION_URL": "https://hg.mozilla.org/releases/mozilla-esr68/rev/d2e0b9e17b9bc1ef02606c8006b73293f7892ad5",
            "TELEMETRY_PING_FORMAT_VERSION": 4,
            "XP_UNIX": true,
            "isPlatformAndVersionAtLeast": {},
            "isPlatformAndVersionAtMost": {},
            "platform": "android"
          },
          "userAgent": "Mozilla/5.0 (Android 9; Mobile; rv:68.0) Gecko/68.0 Firefox/68.0",
          "windowSize": "360x612"
        },
        "pageinfo": {
          "documentHeight": 4261,
          "documentSize": {
            "decodedBodySize": 342368,
            "encodedBodySize": 93392,
            "transferSize": 95161
          },
          "documentTitle": "Mercado Livre Brasil",
          "documentWidth": 360,
          "domElements": 819,
          "navigationStartTime": 1617128688056,
          "nextHopProtocol": "h2",
          "resources": {
            "count": 0,
            "duration": 0
          },
          "responsive": true,
          "url": "https://www.mercadolivre.com.br/",
          "visualElements": {
            "heroes": [
              {
                "filename": "mlb-home-mobile-big-banner-picture-2ed58eaa-0e0d-4f1e-999e-19aeeedddd06.jpg",
                "height": 165,
                "name": "LargestImage",
                "width": 360,
                "x": 0,
                "y": 87
              }
            ],
            "viewport": {
              "height": 612,
              "width": 360
            }
          }
        },
        "timings": {
          "firstPaint": 1164,
          "loadEventEnd": 3165,
          "navigationTiming": {
            "connectStart": 213,
            "domComplete": 3116,
            "domContentLoadedEventEnd": 1281,
            "domContentLoadedEventStart": 1273,
            "domInteractive": 1116,
            "domainLookupEnd": 213,
            "domainLookupStart": 213,
            "duration": 3165,
            "fetchStart": 3,
            "loadEventEnd": 3165,
            "loadEventStart": 3116,
            "redirectEnd": 0,
            "redirectStart": 0,
            "requestStart": 289,
            "responseEnd": 705,
            "responseStart": 705,
            "secureConnectionStart": 224,
            "startTime": 0,
            "unloadEventEnd": 0,
            "unloadEventStart": 0,
            "workerStart": 0
          },
          "pageTimings": {
            "backEndTime": 705,
            "domContentLoadedTime": 1273,
            "domInteractiveTime": 1116,
            "domainLookupTime": 0,
            "frontEndTime": 2412,
            "pageDownloadTime": 0,
            "pageLoadTime": 3116,
            "redirectionTime": 0,
            "serverConnectionTime": 73,
            "serverResponseTime": 416
          },
          "rumSpeedIndex": 704,
          "timeToContentfulPaint": 1390,
          "timeToDomContentFlushed": 1116,
          "userTimings": {
            "marks": [
              {
                "name": "gpt-tag-load",
                "startTime": 5600.22
              },
              {
                "name": "gpt-first-ad-request",
                "startTime": 6202.6
              },
              {
                "name": "gpt-first-ad-render",
                "startTime": 6773.92
              }
            ],
            "measures": []
          }
        }
      }
    ],
    "visualMetrics": [],
    "cpu": [],
    "extras": [
      {},
      {},
      {}
    ],
    "fullyLoaded": [],
    "errors": [
      [],
      [],
      []
    ],
    "statistics": {
      "browser": {
        "appConstants": {
          "MOZ_UNSIGNED_SCOPES": {
            "median": 0,
            "mean": 0,
            "mdev": 0,
            "stddev": 0,
            "min": 0,
            "p10": 0,
            "p90": 0,
            "p99": 0,
            "max": 0
          },
          "TELEMETRY_PING_FORMAT_VERSION": {
            "median": 4,
            "mean": 4,
            "mdev": 0,
            "stddev": 0,
            "min": 4,
            "p10": 4,
            "p90": 4,
            "p99": 4,
            "max": 4
          }
        },
        "asyncAppConstants": {
          "MOZ_UNSIGNED_SCOPES": {
            "median": 0,
            "mean": 0,
            "mdev": 0,
            "stddev": 0,
            "min": 0,
            "p10": 0,
            "p90": 0,
            "p99": 0,
            "max": 0
          },
          "TELEMETRY_PING_FORMAT_VERSION": {
            "median": 4,
            "mean": 4,
            "mdev": 0,
            "stddev": 0,
            "min": 4,
            "p10": 4,
            "p90": 4,
            "p99": 4,
            "max": 4
          }
        }
      },
      "pageinfo": {
        "documentHeight": {
          "median": 4261,
          "mean": 4261,
          "mdev": 0,
          "stddev": 0,
          "min": 4261,
          "p10": 4261,
          "p90": 4261,
          "p99": 4261,
          "max": 4261
        },
        "documentSize": {
          "decodedBodySize": {
            "median": 342369,
            "mean": 342370,
            "mdev": 1.2472,
            "stddev": 2,
            "min": 342368,
            "p10": 342368,
            "p90": 342373,
            "p99": 342373,
            "max": 342373
          },
          "encodedBodySize": {
            "median": 93408,
            "mean": 93405,
            "mdev": 5.7607,
            "stddev": 10,
            "min": 93392,
            "p10": 93392,
            "p90": 93416,
            "p99": 93416,
            "max": 93416
          },
          "transferSize": {
            "median": 95177,
            "mean": 95174,
            "mdev": 5.7607,
            "stddev": 10,
            "min": 95161,
            "p10": 95161,
            "p90": 95185,
            "p99": 95185,
            "max": 95185
          }
        },
        "documentWidth": {
          "median": 360,
          "mean": 360,
          "mdev": 0,
          "stddev": 0,
          "min": 360,
          "p10": 360,
          "p90": 360,
          "p99": 360,
          "max": 360
        },
        "domElements": {
          "median": 819,
          "mean": 819,
          "mdev": 0.2722,
          "stddev": 0,
          "min": 819,
          "p10": 819,
          "p90": 820,
          "p99": 820,
          "max": 820
        },
        "navigationStartTime": {
          "median": 1617128671296,
          "mean": 1617128671145,
          "mdev": 0,
          "stddev": 0,
          "min": 1617128654082,
          "p10": 1617128654082,
          "p90": 1617128688056,
          "p99": 1617128688056,
          "max": 1617128688056
        },
        "resources": {
          "count": {
            "median": 0,
            "mean": 0,
            "mdev": 0,
            "stddev": 0,
            "min": 0,
            "p10": 0,
            "p90": 0,
            "p99": 0,
            "max": 0
          },
          "duration": {
            "median": 0,
            "mean": 0,
            "mdev": 0,
            "stddev": 0,
            "min": 0,
            "p10": 0,
            "p90": 0,
            "p99": 0,
            "max": 0
          }
        },
        "visualElements": {
          "heroes": [
            {
              "height": {
                "median": 165,
                "mean": 165,
                "mdev": 0,
                "stddev": 0,
                "min": 165,
                "p10": 165,
                "p90": 165,
                "p99": 165,
                "max": 165
              },
              "width": {
                "median": 360,
                "mean": 360,
                "mdev": 0,
                "stddev": 0,
                "min": 360,
                "p10": 360,
                "p90": 360,
                "p99": 360,
                "max": 360
              },
              "x": {
                "median": 0,
                "mean": 0,
                "mdev": 0,
                "stddev": 0,
                "min": 0,
                "p10": 0,
                "p90": 0,
                "p99": 0,
                "max": 0
              },
              "y": {
                "median": 87,
                "mean": 87,
                "mdev": 0,
                "stddev": 0,
                "min": 87,
                "p10": 87,
                "p90": 87,
                "p99": 87,
                "max": 87
              }
            }
          ],
          "viewport": {
            "height": {
              "median": 612,
              "mean": 612,
              "mdev": 0,
              "stddev": 0,
              "min": 612,
              "p10": 612,
              "p90": 612,
              "p99": 612,
              "max": 612
            },
            "width": {
              "median": 360,
              "mean": 360,
              "mdev": 0,
              "stddev": 0,
              "min": 360,
              "p10": 360,
              "p90": 360,
              "p99": 360,
              "max": 360
            }
          }
        }
      },
      "timings": {
        "firstPaint": {
          "median": 1040,
          "mean": 1064,
          "mdev": 42.4273,
          "stddev": 73,
          "min": 989,
          "p10": 989,
          "p90": 1164,
          "p99": 1164,
          "max": 1164
        },
        "loadEventEnd": {
          "median": 3290,
          "mean": 3300,
          "mdev": 66.1228,
          "stddev": 115,
          "min": 3165,
          "p10": 3165,
          "p90": 3445,
          "p99": 3445,
          "max": 3445
        },
        "navigationTiming": {
          "connectStart": {
            "median": 97,
            "mean": 116,
            "mdev": 42.1778,
            "stddev": 73,
            "min": 37,
            "p10": 37,
            "p90": 213,
            "p99": 213,
            "max": 213
          },
          "domComplete": {
            "median": 3247,
            "mean": 3253,
            "mdev": 66.0421,
            "stddev": 114,
            "min": 3116,
            "p10": 3116,
            "p90": 3396,
            "p99": 3396,
            "max": 3396
          },
          "domContentLoadedEventEnd": {
            "median": 1281,
            "mean": 1284,
            "mdev": 43.8541,
            "stddev": 76,
            "min": 1192,
            "p10": 1192,
            "p90": 1378,
            "p99": 1378,
            "max": 1378
          },
          "domContentLoadedEventStart": {
            "median": 1273,
            "mean": 1275,
            "mdev": 43.144,
            "stddev": 75,
            "min": 1185,
            "p10": 1185,
            "p90": 1368,
            "p99": 1368,
            "max": 1368
          },
          "domInteractive": {
            "median": 1116,
            "mean": 1113,
            "mdev": 49.5094,
            "stddev": 86,
            "min": 1007,
            "p10": 1007,
            "p90": 1217,
            "p99": 1217,
            "max": 1217
          },
          "domainLookupEnd": {
            "median": 97,
            "mean": 116,
            "mdev": 42.1778,
            "stddev": 73,
            "min": 37,
            "p10": 37,
            "p90": 213,
            "p99": 213,
            "max": 213
          },
          "domainLookupStart": {
            "median": 96,
            "mean": 115,
            "mdev": 42.4343,
            "stddev": 73,
            "min": 36,
            "p10": 36,
            "p90": 213,
            "p99": 213,
            "max": 213
          },
          "duration": {
            "median": 3290,
            "mean": 3300,
            "mdev": 66.1228,
            "stddev": 115,
            "min": 3165,
            "p10": 3165,
            "p90": 3445,
            "p99": 3445,
            "max": 3445
          },
          "fetchStart": {
            "median": 2,
            "mean": 2,
            "mdev": 0.2722,
            "stddev": 0,
            "min": 2,
            "p10": 2,
            "p90": 3,
            "p99": 3,
            "max": 3
          },
          "loadEventEnd": {
            "median": 3290,
            "mean": 3300,
            "mdev": 66.1228,
            "stddev": 115,
            "min": 3165,
            "p10": 3165,
            "p90": 3445,
            "p99": 3445,
            "max": 3445
          },
          "loadEventStart": {
            "median": 3247,
            "mean": 3253,
            "mdev": 66.0421,
            "stddev": 114,
            "min": 3116,
            "p10": 3116,
            "p90": 3396,
            "p99": 3396,
            "max": 3396
          },
          "redirectEnd": {
            "median": 0,
            "mean": 0,
            "mdev": 0,
            "stddev": 0,
            "min": 0,
            "p10": 0,
            "p90": 0,
            "p99": 0,
            "max": 0
          },
          "redirectStart": {
            "median": 0,
            "mean": 0,
            "mdev": 0,
            "stddev": 0,
            "min": 0,
            "p10": 0,
            "p90": 0,
            "p99": 0,
            "max": 0
          },
          "requestStart": {
            "median": 250,
            "mean": 219,
            "mdev": 42.2453,
            "stddev": 73,
            "min": 118,
            "p10": 118,
            "p90": 289,
            "p99": 289,
            "max": 289
          },
          "responseEnd": {
            "median": 705,
            "mean": 683,
            "mdev": 18.9287,
            "stddev": 33,
            "min": 637,
            "p10": 637,
            "p90": 708,
            "p99": 708,
            "max": 708
          },
          "responseStart": {
            "median": 705,
            "mean": 683,
            "mdev": 18.9287,
            "stddev": 33,
            "min": 637,
            "p10": 637,
            "p90": 708,
            "p99": 708,
            "max": 708
          },
          "secureConnectionStart": {
            "median": 144,
            "mean": 139,
            "mdev": 41.5407,
            "stddev": 72,
            "min": 48,
            "p10": 48,
            "p90": 224,
            "p99": 224,
            "max": 224
          },
          "startTime": {
            "median": 0,
            "mean": 0,
            "mdev": 0,
            "stddev": 0,
            "min": 0,
            "p10": 0,
            "p90": 0,
            "p99": 0,
            "max": 0
          },
          "unloadEventEnd": {
            "median": 0,
            "mean": 0,
            "mdev": 0,
            "stddev": 0,
            "min": 0,
            "p10": 0,
            "p90": 0,
            "p99": 0,
            "max": 0
          },
          "unloadEventStart": {
            "median": 0,
            "mean": 0,
            "mdev": 0,
            "stddev": 0,
            "min": 0,
            "p10": 0,
            "p90": 0,
            "p99": 0,
            "max": 0
          },
          "workerStart": {
            "median": 0,
            "mean": 0,
            "mdev": 0,
            "stddev": 0,
            "min": 0,
            "p10": 0,
            "p90": 0,
            "p99": 0,
            "max": 0
          }
        },
        "pageTimings": {
          "backEndTime": {
            "median": 705,
            "mean": 683,
            "mdev": 18.9287,
            "stddev": 33,
            "min": 637,
            "p10": 637,
            "p90": 708,
            "p99": 708,
            "max": 708
          },
          "domContentLoadedTime": {
            "median": 1273,
            "mean": 1275,
            "mdev": 43.144,
            "stddev": 75,
            "min": 1185,
            "p10": 1185,
            "p90": 1368,
            "p99": 1368,
            "max": 1368
          },
          "domInteractiveTime": {
            "median": 1116,
            "mean": 1113,
            "mdev": 49.5094,
            "stddev": 86,
            "min": 1007,
            "p10": 1007,
            "p90": 1217,
            "p99": 1217,
            "max": 1217
          },
          "domainLookupTime": {
            "median": 0,
            "mean": 0,
            "mdev": 0,
            "stddev": 0,
            "min": 0,
            "p10": 0,
            "p90": 0,
            "p99": 0,
            "max": 0
          },
          "frontEndTime": {
            "median": 2610,
            "mean": 2570,
            "mdev": 67.0721,
            "stddev": 116,
            "min": 2412,
            "p10": 2412,
            "p90": 2688,
            "p99": 2688,
            "max": 2688
          },
          "pageDownloadTime": {
            "median": 0,
            "mean": 0,
            "mdev": 0,
            "stddev": 0,
            "min": 0,
            "p10": 0,
            "p90": 0,
            "p99": 0,
            "max": 0
          },
          "pageLoadTime": {
            "median": 3247,
            "mean": 3253,
            "mdev": 66.0421,
            "stddev": 114,
            "min": 3116,
            "p10": 3116,
            "p90": 3396,
            "p99": 3396,
            "max": 3396
          },
          "redirectionTime": {
            "median": 0,
            "mean": 0,
            "mdev": 0,
            "stddev": 0,
            "min": 0,
            "p10": 0,
            "p90": 0,
            "p99": 0,
            "max": 0
          },
          "serverConnectionTime": {
            "median": 79,
            "mean": 101,
            "mdev": 20.4613,
            "stddev": 35,
            "min": 73,
            "p10": 73,
            "p90": 151,
            "p99": 151,
            "max": 151
          },
          "serverResponseTime": {
            "median": 416,
            "mean": 465,
            "mdev": 51.591,
            "stddev": 89,
            "min": 388,
            "p10": 388,
            "p90": 590,
            "p99": 590,
            "max": 590
          }
        },
        "rumSpeedIndex": {
          "median": 704,
          "mean": 683,
          "mdev": 18.6567,
          "stddev": 32,
          "min": 637,
          "p10": 637,
          "p90": 707,
          "p99": 707,
          "max": 707
        },
        "timeToContentfulPaint": {
          "median": 1290,
          "mean": 1253,
          "mdev": 74.5853,
          "stddev": 129,
          "min": 1080,
          "p10": 1080,
          "p90": 1390,
          "p99": 1390,
          "max": 1390
        },
        "timeToDomContentFlushed": {
          "median": 1116,
          "mean": 1122,
          "mdev": 55.6796,
          "stddev": 96,
          "min": 1007,
          "p10": 1007,
          "p90": 1243,
          "p99": 1243,
          "max": 1243
        },
        "userTimings": {
          "marks": {
            "gpt-tag-load": {
              "median": 5729,
              "mean": 5710,
              "mdev": 47.5828,
              "stddev": 82,
              "min": 5600,
              "p10": 5600,
              "p90": 5799,
              "p99": 5799,
              "max": 5799
            },
            "gpt-first-ad-request": {
              "median": 6351,
              "mean": 6374,
              "mdev": 87.1622,
              "stddev": 151,
              "min": 6203,
              "p10": 6203,
              "p90": 6570,
              "p99": 6570,
              "max": 6570
            },
            "gpt-first-ad-render": {
              "median": 6774,
              "mean": 6822,
              "mdev": 48.622,
              "stddev": 84,
              "min": 6752,
              "p10": 6752,
              "p90": 6940,
              "p99": 6940,
              "max": 6940
            }
          }
        }
      }
    }
  }
]