[
  {
    "info": {
      "browsertime": {
        "version": "8.4.0"
      },
      "url": "https://www.qq.com/",
      "timestamp": "2021-03-30T14:07:44+04:00",
      "connectivity": {
        "engine": "external",
        "profile": "native"
      },
      "extra": {}
    },
    "files": {
      "video": [],
      "screenshot": [],
      "timeline": [],
      "consoleLog": [],
      "netLog": [],
      "perfLog": []
    },
    "cdp": {
      "performance": []
    },
    "timestamps": [
      "2021-03-30T14:07:33+04:00",
      "2021-03-30T14:07:50+04:00",
      "2021-03-30T14:08:09+04:00"
    ],
    "browserScripts": [
      {
        "browser": {
          "appConstants": {
            "ACCESSIBILITY": true,
            "ANDROID_PACKAGE_NAME": "org.mozilla.firefox",
            "ASAN": false,
            "ASAN_REPORTER": false,
            "BROWSER_CHROME_URL": "chrome://browser/content/browser.xul",
            "DEBUG": false,
            "DEBUG_JS_MODULES": "",
            "DLL_PREFIX": "lib",
            "DLL_SUFFIX": ".so",
            "EARLY_BETA_OR_EARLIER": false,
            "FENNEC_NIGHTLY": false,
            "HAVE_SHELL_SERVICE": false,
            "HAVE_USR_LIB64_DIR": false,
            "MENUBAR_CAN_AUTOHIDE": false,
            "MOZILLA_OFFICIAL": true,
            "MOZ_ALLOW_LEGACY_EXTENSIONS": false,
            "MOZ_ANDROID_ACTIVITY_STREAM": false,
            "MOZ_ANDROID_HISTORY": true,
            "MOZ_ANDROID_MOZILLA_ONLINE": false,
            "MOZ_APP_NAME": "fennec",
            "MOZ_APP_VERSION": "68.1.1",
            "MOZ_APP_VERSION_DISPLAY": "68.1.1",
            "MOZ_BING_API_CLIENTID": "no-bing-api-clientid",
            "MOZ_BING_API_KEY": "no-bing-api-key",
            "MOZ_BITS_DOWNLOAD": false,
            "MOZ_BUILD_APP": "mobile/android",
            "MOZ_CODE_COVERAGE": false,
            "MOZ_CRASHREPORTER": true,
            "MOZ_DATA_REPORTING": true,
            "MOZ_DEV_EDITION": false,
            "MOZ_GECKO_PROFILER": true,
            "MOZ_GOOGLE_LOCATION_SERVICE_API_KEY": "AIzaSyB2h2OuRcUgy5N-5hsZqiPW6sH3n_rptiQ",
            "MOZ_GOOGLE_SAFEBROWSING_API_KEY": "AIzaSyC7jsptDS3am4tPx4r3nxis7IMjBc5Dovo",
            "MOZ_GRAPHENE": false,
            "MOZ_MACBUNDLE_NAME": "Firefox.app",
            "MOZ_MAINTENANCE_SERVICE": false,
            "MOZ_MOZILLA_API_KEY": "3b4d27dd-703d-4094-8398-4de2c763505a",
            "MOZ_NEW_CERT_STORAGE": false,
            "MOZ_NEW_NOTIFICATION_STORE": false,
            "MOZ_NEW_XULSTORE": false,
            "MOZ_OFFICIAL_BRANDING": false,
            "MOZ_PLACES": false,
            "MOZ_REQUIRE_SIGNING": false,
            "MOZ_SANDBOX": false,
            "MOZ_SERVICES_HEALTHREPORT": true,
            "MOZ_SERVICES_SYNC": false,
            "MOZ_SWITCHBOARD": true,
            "MOZ_SYSTEM_NSS": false,
            "MOZ_TELEMETRY_ON_BY_DEFAULT": false,
            "MOZ_TELEMETRY_REPORTING": true,
            "MOZ_UNSIGNED_SCOPES": 0,
            "MOZ_UPDATER": false,
            "MOZ_UPDATE_CHANNEL": "release",
            "MOZ_WEBRTC": true,
            "MOZ_WIDGET_GTK": false,
            "MOZ_WIDGET_TOOLKIT": "android",
            "NIGHTLY_BUILD": false,
            "OMNIJAR_NAME": "assets/omni.ja",
            "RELEASE_OR_BETA": true,
            "SOURCE_REVISION_URL": "https://hg.mozilla.org/releases/mozilla-esr68/rev/d2e0b9e17b9bc1ef02606c8006b73293f7892ad5",
            "TELEMETRY_PING_FORMAT_VERSION": 4,
            "XP_UNIX": true,
            "isPlatformAndVersionAtLeast": {},
            "isPlatformAndVersionAtMost": {},
            "platform": "android"
          },
          "asyncAppConstants": {
            "ACCESSIBILITY": true,
            "ANDROID_PACKAGE_NAME": "org.mozilla.firefox",
            "ASAN": false,
            "ASAN_REPORTER": false,
            "BROWSER_CHROME_URL": "chrome://browser/content/browser.xul",
            "DEBUG": false,
            "DEBUG_JS_MODULES": "",
            "DLL_PREFIX": "lib",
            "DLL_SUFFIX": ".so",
            "EARLY_BETA_OR_EARLIER": false,
            "FENNEC_NIGHTLY": false,
            "HAVE_SHELL_SERVICE": false,
            "HAVE_USR_LIB64_DIR": false,
            "MENUBAR_CAN_AUTOHIDE": false,
            "MOZILLA_OFFICIAL": true,
            "MOZ_ALLOW_LEGACY_EXTENSIONS": false,
            "MOZ_ANDROID_ACTIVITY_STREAM": false,
            "MOZ_ANDROID_HISTORY": true,
            "MOZ_ANDROID_MOZILLA_ONLINE": false,
            "MOZ_APP_NAME": "fennec",
            "MOZ_APP_VERSION": "68.1.1",
            "MOZ_APP_VERSION_DISPLAY": "68.1.1",
            "MOZ_BING_API_CLIENTID": "no-bing-api-clientid",
            "MOZ_BING_API_KEY": "no-bing-api-key",
            "MOZ_BITS_DOWNLOAD": false,
            "MOZ_BUILD_APP": "mobile/android",
            "MOZ_CODE_COVERAGE": false,
            "MOZ_CRASHREPORTER": true,
            "MOZ_DATA_REPORTING": true,
            "MOZ_DEV_EDITION": false,
            "MOZ_GECKO_PROFILER": true,
            "MOZ_GOOGLE_LOCATION_SERVICE_API_KEY": "AIzaSyB2h2OuRcUgy5N-5hsZqiPW6sH3n_rptiQ",
            "MOZ_GOOGLE_SAFEBROWSING_API_KEY": "AIzaSyC7jsptDS3am4tPx4r3nxis7IMjBc5Dovo",
            "MOZ_GRAPHENE": false,
            "MOZ_MACBUNDLE_NAME": "Firefox.app",
            "MOZ_MAINTENANCE_SERVICE": false,
            "MOZ_MOZILLA_API_KEY": "3b4d27dd-703d-4094-8398-4de2c763505a",
            "MOZ_NEW_CERT_STORAGE": false,
            "MOZ_NEW_NOTIFICATION_STORE": false,
            "MOZ_NEW_XULSTORE": false,
            "MOZ_OFFICIAL_BRANDING": false,
            "MOZ_PLACES": false,
            "MOZ_REQUIRE_SIGNING": false,
            "MOZ_SANDBOX": false,
            "MOZ_SERVICES_HEALTHREPORT": true,
            "MOZ_SERVICES_SYNC": false,
            "MOZ_SWITCHBOARD": true,
            "MOZ_SYSTEM_NSS": false,
            "MOZ_TELEMETRY_ON_BY_DEFAULT": false,
            "MOZ_TELEMETRY_REPORTING": true,
            "MOZ_UNSIGNED_SCOPES": 0,
            "MOZ_UPDATER": false,
            "MOZ_UPDATE_CHANNEL": "release",
            "MOZ_WEBRTC": true,
            "MOZ_WIDGET_GTK": false,
            "MOZ_WIDGET_TOOLKIT": "android",
            "NIGHTLY_BUILD": false,
            "OMNIJAR_NAME": "assets/omni.ja",
            "RELEASE_OR_BETA": true,
            "SOURCE_REVISION_URL": "https://hg.mozilla.org/releases/mozilla-esr68/rev/d2e0b9e17b9bc1ef02606c8006b73293f7892ad5",
            "TELEMETRY_PING_FORMAT_VERSION": 4,
            "XP_UNIX": true,
            "isPlatformAndVersionAtLeast": {},
            "isPlatformAndVersionAtMost": {},
            "platform": "android"
          },
          "userAgent": "Mozilla/5.0 (Android 9; Mobile; rv:68.0) Gecko/68.0 Firefox/68.0",
          "windowSize": "360x612"
        },
        "pageinfo": {
          "documentHeight": 1756,
          "documentSize": {
            "decodedBodySize": 87822,
            "encodedBodySize": 17170,
            "transferSize": 17505
          },
          "documentTitle": "腾讯网-QQ.COM",
          "documentWidth": 360,
          "domElements": 348,
          "navigationStartTime": 1617098854242,
          "nextHopProtocol": "h2",
          "resources": {
            "count": 0,
            "duration": 0
          },
          "responsive": true,
          "url": "https://xw.qq.com/?f=qqcom",
          "visualElements": {
            "heroes": [
              {
                "filename": "fa0f5a3b9fe5.icon_tips_tree.png",
                "height": 44,
                "name": "LargestImage",
                "width": 44,
                "x": 24,
                "y": 544
              }
            ],
            "viewport": {
              "height": 612,
              "width": 360
            }
          }
        },
        "timings": {
          "firstPaint": 595,
          "loadEventEnd": 3933,
          "navigationTiming": {
            "connectStart": 218,
            "domComplete": 3933,
            "domContentLoadedEventEnd": 1293,
            "domContentLoadedEventStart": 1278,
            "domInteractive": 1269,
            "domainLookupEnd": 217,
            "domainLookupStart": 217,
            "duration": 3933,
            "fetchStart": -1,
            "loadEventEnd": 3933,
            "loadEventStart": 3933,
            "redirectEnd": 0,
            "redirectStart": 0,
            "requestStart": 229,
            "responseEnd": 246,
            "responseStart": 240,
            "secureConnectionStart": 0,
            "startTime": 0,
            "unloadEventEnd": 253,
            "unloadEventStart": 2479,
            "workerStart": 0
          },
          "pageTimings": {
            "backEndTime": 240,
            "domContentLoadedTime": 1278,
            "domInteractiveTime": 1269,
            "domainLookupTime": 0,
            "frontEndTime": 3686,
            "pageDownloadTime": 6,
            "pageLoadTime": 3933,
            "redirectionTime": 0,
            "serverConnectionTime": 0,
            "serverResponseTime": 18
          },
          "rumSpeedIndex": 240,
          "timeToContentfulPaint": 836,
          "timeToDomContentFlushed": 1276,
          "userTimings": {
            "marks": [],
            "measures": []
          }
        }
      },
      {
        "browser": {
          "appConstants": {
            "ACCESSIBILITY": true,
            "ANDROID_PACKAGE_NAME": "org.mozilla.firefox",
            "ASAN": false,
            "ASAN_REPORTER": false,
            "BROWSER_CHROME_URL": "chrome://browser/content/browser.xul",
            "DEBUG": false,
            "DEBUG_JS_MODULES": "",
            "DLL_PREFIX": "lib",
            "DLL_SUFFIX": ".so",
            "EARLY_BETA_OR_EARLIER": false,
            "FENNEC_NIGHTLY": false,
            "HAVE_SHELL_SERVICE": false,
            "HAVE_USR_LIB64_DIR": false,
            "MENUBAR_CAN_AUTOHIDE": false,
            "MOZILLA_OFFICIAL": true,
            "MOZ_ALLOW_LEGACY_EXTENSIONS": false,
            "MOZ_ANDROID_ACTIVITY_STREAM": false,
            "MOZ_ANDROID_HISTORY": true,
            "MOZ_ANDROID_MOZILLA_ONLINE": false,
            "MOZ_APP_NAME": "fennec",
            "MOZ_APP_VERSION": "68.1.1",
            "MOZ_APP_VERSION_DISPLAY": "68.1.1",
            "MOZ_BING_API_CLIENTID": "no-bing-api-clientid",
            "MOZ_BING_API_KEY": "no-bing-api-key",
            "MOZ_BITS_DOWNLOAD": false,
            "MOZ_BUILD_APP": "mobile/android",
            "MOZ_CODE_COVERAGE": false,
            "MOZ_CRASHREPORTER": true,
            "MOZ_DATA_REPORTING": true,
            "MOZ_DEV_EDITION": false,
            "MOZ_GECKO_PROFILER": true,
            "MOZ_GOOGLE_LOCATION_SERVICE_API_KEY": "AIzaSyB2h2OuRcUgy5N-5hsZqiPW6sH3n_rptiQ",
            "MOZ_GOOGLE_SAFEBROWSING_API_KEY": "AIzaSyC7jsptDS3am4tPx4r3nxis7IMjBc5Dovo",
            "MOZ_GRAPHENE": false,
            "MOZ_MACBUNDLE_NAME": "Firefox.app",
            "MOZ_MAINTENANCE_SERVICE": false,
            "MOZ_MOZILLA_API_KEY": "3b4d27dd-703d-4094-8398-4de2c763505a",
            "MOZ_NEW_CERT_STORAGE": false,
            "MOZ_NEW_NOTIFICATION_STORE": false,
            "MOZ_NEW_XULSTORE": false,
            "MOZ_OFFICIAL_BRANDING": false,
            "MOZ_PLACES": false,
            "MOZ_REQUIRE_SIGNING": false,
            "MOZ_SANDBOX": false,
            "MOZ_SERVICES_HEALTHREPORT": true,
            "MOZ_SERVICES_SYNC": false,
            "MOZ_SWITCHBOARD": true,
            "MOZ_SYSTEM_NSS": false,
            "MOZ_TELEMETRY_ON_BY_DEFAULT": false,
            "MOZ_TELEMETRY_REPORTING": true,
            "MOZ_UNSIGNED_SCOPES": 0,
            "MOZ_UPDATER": false,
            "MOZ_UPDATE_CHANNEL": "release",
            "MOZ_WEBRTC": true,
            "MOZ_WIDGET_GTK": false,
            "MOZ_WIDGET_TOOLKIT": "android",
            "NIGHTLY_BUILD": false,
            "OMNIJAR_NAME": "assets/omni.ja",
            "RELEASE_OR_BETA": true,
            "SOURCE_REVISION_URL": "https://hg.mozilla.org/releases/mozilla-esr68/rev/d2e0b9e17b9bc1ef02606c8006b73293f7892ad5",
            "TELEMETRY_PING_FORMAT_VERSION": 4,
            "XP_UNIX": true,
            "isPlatformAndVersionAtLeast": {},
            "isPlatformAndVersionAtMost": {},
            "platform": "android"
          },
          "asyncAppConstants": {
            "ACCESSIBILITY": true,
            "ANDROID_PACKAGE_NAME": "org.mozilla.firefox",
            "ASAN": false,
            "ASAN_REPORTER": false,
            "BROWSER_CHROME_URL": "chrome://browser/content/browser.xul",
            "DEBUG": false,
            "DEBUG_JS_MODULES": "",
            "DLL_PREFIX": "lib",
            "DLL_SUFFIX": ".so",
            "EARLY_BETA_OR_EARLIER": false,
            "FENNEC_NIGHTLY": false,
            "HAVE_SHELL_SERVICE": false,
            "HAVE_USR_LIB64_DIR": false,
            "MENUBAR_CAN_AUTOHIDE": false,
            "MOZILLA_OFFICIAL": true,
            "MOZ_ALLOW_LEGACY_EXTENSIONS": false,
            "MOZ_ANDROID_ACTIVITY_STREAM": false,
            "MOZ_ANDROID_HISTORY": true,
            "MOZ_ANDROID_MOZILLA_ONLINE": false,
            "MOZ_APP_NAME": "fennec",
            "MOZ_APP_VERSION": "68.1.1",
            "MOZ_APP_VERSION_DISPLAY": "68.1.1",
            "MOZ_BING_API_CLIENTID": "no-bing-api-clientid",
            "MOZ_BING_API_KEY": "no-bing-api-key",
            "MOZ_BITS_DOWNLOAD": false,
            "MOZ_BUILD_APP": "mobile/android",
            "MOZ_CODE_COVERAGE": false,
            "MOZ_CRASHREPORTER": true,
            "MOZ_DATA_REPORTING": true,
            "MOZ_DEV_EDITION": false,
            "MOZ_GECKO_PROFILER": true,
            "MOZ_GOOGLE_LOCATION_SERVICE_API_KEY": "AIzaSyB2h2OuRcUgy5N-5hsZqiPW6sH3n_rptiQ",
            "MOZ_GOOGLE_SAFEBROWSING_API_KEY": "AIzaSyC7jsptDS3am4tPx4r3nxis7IMjBc5Dovo",
            "MOZ_GRAPHENE": false,
            "MOZ_MACBUNDLE_NAME": "Firefox.app",
            "MOZ_MAINTENANCE_SERVICE": false,
            "MOZ_MOZILLA_API_KEY": "3b4d27dd-703d-4094-8398-4de2c763505a",
            "MOZ_NEW_CERT_STORAGE": false,
            "MOZ_NEW_NOTIFICATION_STORE": false,
            "MOZ_NEW_XULSTORE": false,
            "MOZ_OFFICIAL_BRANDING": false,
            "MOZ_PLACES": false,
            "MOZ_REQUIRE_SIGNING": false,
            "MOZ_SANDBOX": false,
            "MOZ_SERVICES_HEALTHREPORT": true,
            "MOZ_SERVICES_SYNC": false,
            "MOZ_SWITCHBOARD": true,
            "MOZ_SYSTEM_NSS": false,
            "MOZ_TELEMETRY_ON_BY_DEFAULT": false,
            "MOZ_TELEMETRY_REPORTING": true,
            "MOZ_UNSIGNED_SCOPES": 0,
            "MOZ_UPDATER": false,
            "MOZ_UPDATE_CHANNEL": "release",
            "MOZ_WEBRTC": true,
            "MOZ_WIDGET_GTK": false,
            "MOZ_WIDGET_TOOLKIT": "android",
            "NIGHTLY_BUILD": false,
            "OMNIJAR_NAME": "assets/omni.ja",
            "RELEASE_OR_BETA": true,
            "SOURCE_REVISION_URL": "https://hg.mozilla.org/releases/mozilla-esr68/rev/d2e0b9e17b9bc1ef02606c8006b73293f7892ad5",
            "TELEMETRY_PING_FORMAT_VERSION": 4,
            "XP_UNIX": true,
            "isPlatformAndVersionAtLeast": {},
            "isPlatformAndVersionAtMost": {},
            "platform": "android"
          },
          "userAgent": "Mozilla/5.0 (Android 9; Mobile; rv:68.0) Gecko/68.0 Firefox/68.0",
          "windowSize": "360x612"
        },
        "pageinfo": {
          "documentHeight": 1919,
          "documentSize": {
            "decodedBodySize": 87804,
            "encodedBodySize": 17075,
            "transferSize": 17410
          },
          "documentTitle": "腾讯网-QQ.COM",
          "documentWidth": 360,
          "domElements": 344,
          "navigationStartTime": 1617098871539,
          "nextHopProtocol": "h2",
          "resources": {
            "count": 0,
            "duration": 0
          },
          "responsive": true,
          "url": "https://xw.qq.com/?f=qqcom",
          "visualElements": {
            "heroes": [
              {
                "filename": "fa0f5a3b9fe5.icon_tips_tree.png",
                "height": 44,
                "name": "LargestImage",
                "width": 44,
                "x": 24,
                "y": 544
              }
            ],
            "viewport": {
              "height": 612,
              "width": 360
            }
          }
        },
        "timings": {
          "firstPaint": 580,
          "loadEventEnd": 3017,
          "navigationTiming": {
            "connectStart": 185,
            "domComplete": 3016,
            "domContentLoadedEventEnd": 998,
            "domContentLoadedEventStart": 988,
            "domInteractive": 974,
            "domainLookupEnd": 184,
            "domainLookupStart": 184,
            "duration": 3017,
            "fetchStart": -1,
            "loadEventEnd": 3017,
            "loadEventStart": 3016,
            "redirectEnd": 0,
            "redirectStart": 0,
            "requestStart": 198,
            "responseEnd": 213,
            "responseStart": 210,
            "secureConnectionStart": 0,
            "startTime": 0,
            "unloadEventEnd": 226,
            "unloadEventStart": 2125,
            "workerStart": 0
          },
          "pageTimings": {
            "backEndTime": 210,
            "domContentLoadedTime": 988,
            "domInteractiveTime": 974,
            "domainLookupTime": 0,
            "frontEndTime": 2803,
            "pageDownloadTime": 4,
            "pageLoadTime": 3016,
            "redirectionTime": 0,
            "serverConnectionTime": 0,
            "serverResponseTime": 15
          },
          "rumSpeedIndex": 209,
          "timeToContentfulPaint": 811,
          "timeToDomContentFlushed": 974,
          "userTimings": {
            "marks": [],
            "measures": []
          }
        }
      },
      {
        "browser": {
          "appConstants": {
            "ACCESSIBILITY": true,
            "ANDROID_PACKAGE_NAME": "org.mozilla.firefox",
            "ASAN": false,
            "ASAN_REPORTER": false,
            "BROWSER_CHROME_URL": "chrome://browser/content/browser.xul",
            "DEBUG": false,
            "DEBUG_JS_MODULES": "",
            "DLL_PREFIX": "lib",
            "DLL_SUFFIX": ".so",
            "EARLY_BETA_OR_EARLIER": false,
            "FENNEC_NIGHTLY": false,
            "HAVE_SHELL_SERVICE": false,
            "HAVE_USR_LIB64_DIR": false,
            "MENUBAR_CAN_AUTOHIDE": false,
            "MOZILLA_OFFICIAL": true,
            "MOZ_ALLOW_LEGACY_EXTENSIONS": false,
            "MOZ_ANDROID_ACTIVITY_STREAM": false,
            "MOZ_ANDROID_HISTORY": true,
            "MOZ_ANDROID_MOZILLA_ONLINE": false,
            "MOZ_APP_NAME": "fennec",
            "MOZ_APP_VERSION": "68.1.1",
            "MOZ_APP_VERSION_DISPLAY": "68.1.1",
            "MOZ_BING_API_CLIENTID": "no-bing-api-clientid",
            "MOZ_BING_API_KEY": "no-bing-api-key",
            "MOZ_BITS_DOWNLOAD": false,
            "MOZ_BUILD_APP": "mobile/android",
            "MOZ_CODE_COVERAGE": false,
            "MOZ_CRASHREPORTER": true,
            "MOZ_DATA_REPORTING": true,
            "MOZ_DEV_EDITION": false,
            "MOZ_GECKO_PROFILER": true,
            "MOZ_GOOGLE_LOCATION_SERVICE_API_KEY": "AIzaSyB2h2OuRcUgy5N-5hsZqiPW6sH3n_rptiQ",
            "MOZ_GOOGLE_SAFEBROWSING_API_KEY": "AIzaSyC7jsptDS3am4tPx4r3nxis7IMjBc5Dovo",
            "MOZ_GRAPHENE": false,
            "MOZ_MACBUNDLE_NAME": "Firefox.app",
            "MOZ_MAINTENANCE_SERVICE": false,
            "MOZ_MOZILLA_API_KEY": "3b4d27dd-703d-4094-8398-4de2c763505a",
            "MOZ_NEW_CERT_STORAGE": false,
            "MOZ_NEW_NOTIFICATION_STORE": false,
            "MOZ_NEW_XULSTORE": false,
            "MOZ_OFFICIAL_BRANDING": false,
            "MOZ_PLACES": false,
            "MOZ_REQUIRE_SIGNING": false,
            "MOZ_SANDBOX": false,
            "MOZ_SERVICES_HEALTHREPORT": true,
            "MOZ_SERVICES_SYNC": false,
            "MOZ_SWITCHBOARD": true,
            "MOZ_SYSTEM_NSS": false,
            "MOZ_TELEMETRY_ON_BY_DEFAULT": false,
            "MOZ_TELEMETRY_REPORTING": true,
            "MOZ_UNSIGNED_SCOPES": 0,
            "MOZ_UPDATER": false,
            "MOZ_UPDATE_CHANNEL": "release",
            "MOZ_WEBRTC": true,
            "MOZ_WIDGET_GTK": false,
            "MOZ_WIDGET_TOOLKIT": "android",
            "NIGHTLY_BUILD": false,
            "OMNIJAR_NAME": "assets/omni.ja",
            "RELEASE_OR_BETA": true,
            "SOURCE_REVISION_URL": "https://hg.mozilla.org/releases/mozilla-esr68/rev/d2e0b9e17b9bc1ef02606c8006b73293f7892ad5",
            "TELEMETRY_PING_FORMAT_VERSION": 4,
            "XP_UNIX": true,
            "isPlatformAndVersionAtLeast": {},
            "isPlatformAndVersionAtMost": {},
            "platform": "android"
          },
          "asyncAppConstants": {
            "ACCESSIBILITY": true,
            "ANDROID_PACKAGE_NAME": "org.mozilla.firefox",
            "ASAN": false,
            "ASAN_REPORTER": false,
            "BROWSER_CHROME_URL": "chrome://browser/content/browser.xul",
            "DEBUG": false,
            "DEBUG_JS_MODULES": "",
            "DLL_PREFIX": "lib",
            "DLL_SUFFIX": ".so",
            "EARLY_BETA_OR_EARLIER": false,
            "FENNEC_NIGHTLY": false,
            "HAVE_SHELL_SERVICE": false,
            "HAVE_USR_LIB64_DIR": false,
            "MENUBAR_CAN_AUTOHIDE": false,
            "MOZILLA_OFFICIAL": true,
            "MOZ_ALLOW_LEGACY_EXTENSIONS": false,
            "MOZ_ANDROID_ACTIVITY_STREAM": false,
            "MOZ_ANDROID_HISTORY": true,
            "MOZ_ANDROID_MOZILLA_ONLINE": false,
            "MOZ_APP_NAME": "fennec",
            "MOZ_APP_VERSION": "68.1.1",
            "MOZ_APP_VERSION_DISPLAY": "68.1.1",
            "MOZ_BING_API_CLIENTID": "no-bing-api-clientid",
            "MOZ_BING_API_KEY": "no-bing-api-key",
            "MOZ_BITS_DOWNLOAD": false,
            "MOZ_BUILD_APP": "mobile/android",
            "MOZ_CODE_COVERAGE": false,
            "MOZ_CRASHREPORTER": true,
            "MOZ_DATA_REPORTING": true,
            "MOZ_DEV_EDITION": false,
            "MOZ_GECKO_PROFILER": true,
            "MOZ_GOOGLE_LOCATION_SERVICE_API_KEY": "AIzaSyB2h2OuRcUgy5N-5hsZqiPW6sH3n_rptiQ",
            "MOZ_GOOGLE_SAFEBROWSING_API_KEY": "AIzaSyC7jsptDS3am4tPx4r3nxis7IMjBc5Dovo",
            "MOZ_GRAPHENE": false,
            "MOZ_MACBUNDLE_NAME": "Firefox.app",
            "MOZ_MAINTENANCE_SERVICE": false,
            "MOZ_MOZILLA_API_KEY": "3b4d27dd-703d-4094-8398-4de2c763505a",
            "MOZ_NEW_CERT_STORAGE": false,
            "MOZ_NEW_NOTIFICATION_STORE": false,
            "MOZ_NEW_XULSTORE": false,
            "MOZ_OFFICIAL_BRANDING": false,
            "MOZ_PLACES": false,
            "MOZ_REQUIRE_SIGNING": false,
            "MOZ_SANDBOX": false,
            "MOZ_SERVICES_HEALTHREPORT": true,
            "MOZ_SERVICES_SYNC": false,
            "MOZ_SWITCHBOARD": true,
            "MOZ_SYSTEM_NSS": false,
            "MOZ_TELEMETRY_ON_BY_DEFAULT": false,
            "MOZ_TELEMETRY_REPORTING": true,
            "MOZ_UNSIGNED_SCOPES": 0,
            "MOZ_UPDATER": false,
            "MOZ_UPDATE_CHANNEL": "release",
            "MOZ_WEBRTC": true,
            "MOZ_WIDGET_GTK": false,
            "MOZ_WIDGET_TOOLKIT": "android",
            "NIGHTLY_BUILD": false,
            "OMNIJAR_NAME": "assets/omni.ja",
            "RELEASE_OR_BETA": true,
            "SOURCE_REVISION_URL": "https://hg.mozilla.org/releases/mozilla-esr68/rev/d2e0b9e17b9bc1ef02606c8006b73293f7892ad5",
            "TELEMETRY_PING_FORMAT_VERSION": 4,
            "XP_UNIX": true,
            "isPlatformAndVersionAtLeast": {},
            "isPlatformAndVersionAtMost": {},
            "platform": "android"
          },
          "userAgent": "Mozilla/5.0 (Android 9; Mobile; rv:68.0) Gecko/68.0 Firefox/68.0",
          "windowSize": "360x612"
        },
        "pageinfo": {
          "documentHeight": 1756,
          "documentSize": {
            "decodedBodySize": 87804,
            "encodedBodySize": 17075,
            "transferSize": 17410
          },
          "documentTitle": "腾讯网-QQ.COM",
          "documentWidth": 360,
          "domElements": 348,
          "navigationStartTime": 1617098890265,
          "nextHopProtocol": "h2",
          "resources": {
            "count": 0,
            "duration": 0
          },
          "responsive": true,
          "url": "https://xw.qq.com/?f=qqcom",
          "visualElements": {
            "heroes": [
              {
                "filename": "fa0f5a3b9fe5.icon_tips_tree.png",
                "height": 44,
                "name": "LargestImage",
                "width": 44,
                "x": 24,
                "y": 544
              }
            ],
            "viewport": {
              "height": 612,
              "width": 360
            }
          }
        },
        "timings": {
          "firstPaint": 682,
          "loadEventEnd": 3594,
          "navigationTiming": {
            "connectStart": 288,
            "domComplete": 3593,
            "domContentLoadedEventEnd": 1190,
            "domContentLoadedEventStart": 1176,
            "domInteractive": 1176,
            "domainLookupEnd": 287,
            "domainLookupStart": 287,
            "duration": 3594,
            "fetchStart": -1,
            "loadEventEnd": 3594,
            "loadEventStart": 3593,
            "redirectEnd": 0,
            "redirectStart": 0,
            "requestStart": 297,
            "responseEnd": 318,
            "responseStart": 310,
            "secureConnectionStart": 0,
            "startTime": 0,
            "unloadEventEnd": 327,
            "unloadEventStart": 2659,
            "workerStart": 0
          },
          "pageTimings": {
            "backEndTime": 310,
            "domContentLoadedTime": 1176,
            "domInteractiveTime": 1176,
            "domainLookupTime": 0,
            "frontEndTime": 3275,
            "pageDownloadTime": 8,
            "pageLoadTime": 3593,
            "redirectionTime": 0,
            "serverConnectionTime": 0,
            "serverResponseTime": 21
          },
          "rumSpeedIndex": 309,
          "timeToContentfulPaint": 914,
          "timeToDomContentFlushed": 1190,
          "userTimings": {
            "marks": [],
            "measures": []
          }
        }
      }
    ],
    "visualMetrics": [],
    "cpu": [],
    "extras": [
      {},
      {},
      {}
    ],
    "fullyLoaded": [],
    "errors": [
      [],
      [],
      []
    ],
    "statistics": {
      "browser": {
        "appConstants": {
          "MOZ_UNSIGNED_SCOPES": {
            "median": 0,
            "mean": 0,
            "mdev": 0,
            "stddev": 0,
            "min": 0,
            "p10": 0,
            "p90": 0,
            "p99": 0,
            "max": 0
          },
          "TELEMETRY_PING_FORMAT_VERSION": {
            "median": 4,
            "mean": 4,
            "mdev": 0,
            "stddev": 0,
            "min": 4,
            "p10": 4,
            "p90": 4,
            "p99": 4,
            "max": 4
          }
        },
        "asyncAppConstants": {
          "MOZ_UNSIGNED_SCOPES": {
            "median": 0,
            "mean": 0,
            "mdev": 0,
            "stddev": 0,
            "min": 0,
            "p10": 0,
            "p90": 0,
            "p99": 0,
            "max": 0
          },
          "TELEMETRY_PING_FORMAT_VERSION": {
            "median": 4,
            "mean": 4,
            "mdev": 0,
            "stddev": 0,
            "min": 4,
            "p10": 4,
            "p90": 4,
            "p99": 4,
            "max": 4
          }
        }
      },
      "pageinfo": {
        "documentHeight": {
          "median": 1756,
          "mean": 1810,
          "mdev": 44.363,
          "stddev": 77,
          "min": 1756,
          "p10": 1756,
          "p90": 1919,
          "p99": 1919,
          "max": 1919
        },
        "documentSize": {
          "decodedBodySize": {
            "median": 87804,
            "mean": 87810,
            "mdev": 4.899,
            "stddev": 8,
            "min": 87804,
            "p10": 87804,
            "p90": 87822,
            "p99": 87822,
            "max": 87822
          },
          "encodedBodySize": {
            "median": 17075,
            "mean": 17107,
            "mdev": 25.8557,
            "stddev": 45,
            "min": 17075,
            "p10": 17075,
            "p90": 17170,
            "p99": 17170,
            "max": 17170
          },
          "transferSize": {
            "median": 17410,
            "mean": 17442,
            "mdev": 25.8557,
            "stddev": 45,
            "min": 17410,
            "p10": 17410,
            "p90": 17505,
            "p99": 17505,
            "max": 17505
          }
        },
        "documentWidth": {
          "median": 360,
          "mean": 360,
          "mdev": 0,
          "stddev": 0,
          "min": 360,
          "p10": 360,
          "p90": 360,
          "p99": 360,
          "max": 360
        },
        "domElements": {
          "median": 348,
          "mean": 347,
          "mdev": 1.0887,
          "stddev": 2,
          "min": 344,
          "p10": 344,
          "p90": 348,
          "p99": 348,
          "max": 348
        },
        "navigationStartTime": {
          "median": 1617098871539,
          "mean": 1617098872015,
          "mdev": 0,
          "stddev": 0,
          "min": 1617098854242,
          "p10": 1617098854242,
          "p90": 1617098890265,
          "p99": 1617098890265,
          "max": 1617098890265
        },
        "resources": {
          "count": {
            "median": 0,
            "mean": 0,
            "mdev": 0,
            "stddev": 0,
            "min": 0,
            "p10": 0,
            "p90": 0,
            "p99": 0,
            "max": 0
          },
          "duration": {
            "median": 0,
            "mean": 0,
            "mdev": 0,
            "stddev": 0,
            "min": 0,
            "p10": 0,
            "p90": 0,
            "p99": 0,
            "max": 0
          }
        },
        "visualElements": {
          "heroes": [
            {
              "height": {
                "median": 44,
                "mean": 44,
                "mdev": 0,
                "stddev": 0,
                "min": 44,
                "p10": 44,
                "p90": 44,
                "p99": 44,
                "max": 44
              },
              "width": {
                "median": 44,
                "mean": 44,
                "mdev": 0,
                "stddev": 0,
                "min": 44,
                "p10": 44,
                "p90": 44,
                "p99": 44,
                "max": 44
              },
              "x": {
                "median": 24,
                "mean": 24,
                "mdev": 0,
                "stddev": 0,
                "min": 24,
                "p10": 24,
                "p90": 24,
                "p99": 24,
                "max": 24
              },
              "y": {
                "median": 544,
                "mean": 544,
                "mdev": 0,
                "stddev": 0,
                "min": 544,
                "p10": 544,
                "p90": 544,
                "p99": 544,
                "max": 544
              }
            }
          ],
          "viewport": {
            "height": {
              "median": 612,
              "mean": 612,
              "mdev": 0,
              "stddev": 0,
              "min": 612,
              "p10": 612,
              "p90": 612,
              "p99": 612,
              "max": 612
            },
            "width": {
              "median": 360,
              "mean": 360,
              "mdev": 0,
              "stddev": 0,
              "min": 360,
              "p10": 360,
              "p90": 360,
              "p99": 360,
              "max": 360
            }
          }
        }
      },
      "timings": {
        "firstPaint": {
          "median": 595,
          "mean": 619,
          "mdev": 25.9615,
          "stddev": 45,
          "min": 580,
          "p10": 580,
          "p90": 682,
          "p99": 682,
          "max": 682
        },
        "loadEventEnd": {
          "median": 3594,
          "mean": 3515,
          "mdev": 218.319,
          "stddev": 378,
          "min": 3017,
          "p10": 3017,
          "p90": 3933,
          "p99": 3933,
          "max": 3933
        },
        "navigationTiming": {
          "connectStart": {
            "median": 218,
            "mean": 230,
            "mdev": 24.794,
            "stddev": 43,
            "min": 185,
            "p10": 185,
            "p90": 288,
            "p99": 288,
            "max": 288
          },
          "domComplete": {
            "median": 3593,
            "mean": 3514,
            "mdev": 218.532,
            "stddev": 379,
            "min": 3016,
            "p10": 3016,
            "p90": 3933,
            "p99": 3933,
            "max": 3933
          },
          "domContentLoadedEventEnd": {
            "median": 1190,
            "mean": 1160,
            "mdev": 70.5791,
            "stddev": 122,
            "min": 998,
            "p10": 998,
            "p90": 1293,
            "p99": 1293,
            "max": 1293
          },
          "domContentLoadedEventStart": {
            "median": 1176,
            "mean": 1147,
            "mdev": 69.3483,
            "stddev": 120,
            "min": 988,
            "p10": 988,
            "p90": 1278,
            "p99": 1278,
            "max": 1278
          },
          "domInteractive": {
            "median": 1176,
            "mean": 1140,
            "mdev": 71.0967,
            "stddev": 123,
            "min": 974,
            "p10": 974,
            "p90": 1269,
            "p99": 1269,
            "max": 1269
          },
          "domainLookupEnd": {
            "median": 217,
            "mean": 229,
            "mdev": 24.794,
            "stddev": 43,
            "min": 184,
            "p10": 184,
            "p90": 287,
            "p99": 287,
            "max": 287
          },
          "domainLookupStart": {
            "median": 217,
            "mean": 229,
            "mdev": 24.794,
            "stddev": 43,
            "min": 184,
            "p10": 184,
            "p90": 287,
            "p99": 287,
            "max": 287
          },
          "duration": {
            "median": 3594,
            "mean": 3515,
            "mdev": 218.319,
            "stddev": 378,
            "min": 3017,
            "p10": 3017,
            "p90": 3933,
            "p99": 3933,
            "max": 3933
          },
          "fetchStart": {
            "median": -1,
            "mean": -1,
            "mdev": 0,
            "stddev": 0,
            "min": -1,
            "p10": -1,
            "p90": -1,
            "p99": -1,
            "max": -1
          },
          "loadEventEnd": {
            "median": 3594,
            "mean": 3515,
            "mdev": 218.319,
            "stddev": 378,
            "min": 3017,
            "p10": 3017,
            "p90": 3933,
            "p99": 3933,
            "max": 3933
          },
          "loadEventStart": {
            "median": 3593,
            "mean": 3514,
            "mdev": 218.532,
            "stddev": 379,
            "min": 3016,
            "p10": 3016,
            "p90": 3933,
            "p99": 3933,
            "max": 3933
          },
          "redirectEnd": {
            "median": 0,
            "mean": 0,
            "mdev": 0,
            "stddev": 0,
            "min": 0,
            "p10": 0,
            "p90": 0,
            "p99": 0,
            "max": 0
          },
          "redirectStart": {
            "median": 0,
            "mean": 0,
            "mdev": 0,
            "stddev": 0,
            "min": 0,
            "p10": 0,
            "p90": 0,
            "p99": 0,
            "max": 0
          },
          "requestStart": {
            "median": 229,
            "mean": 241,
            "mdev": 23.8716,
            "stddev": 41,
            "min": 198,
            "p10": 198,
            "p90": 297,
            "p99": 297,
            "max": 297
          },
          "responseEnd": {
            "median": 246,
            "mean": 259,
            "mdev": 25.3114,
            "stddev": 44,
            "min": 213,
            "p10": 213,
            "p90": 318,
            "p99": 318,
            "max": 318
          },
          "responseStart": {
            "median": 240,
            "mean": 253,
            "mdev": 24.1906,
            "stddev": 42,
            "min": 210,
            "p10": 210,
            "p90": 310,
            "p99": 310,
            "max": 310
          },
          "secureConnectionStart": {
            "median": 0,
            "mean": 0,
            "mdev": 0,
            "stddev": 0,
            "min": 0,
            "p10": 0,
            "p90": 0,
            "p99": 0,
            "max": 0
          },
          "startTime": {
            "median": 0,
            "mean": 0,
            "mdev": 0,
            "stddev": 0,
            "min": 0,
            "p10": 0,
            "p90": 0,
            "p99": 0,
            "max": 0
          },
          "unloadEventEnd": {
            "median": 253,
            "mean": 269,
            "mdev": 24.6501,
            "stddev": 43,
            "min": 226,
            "p10": 226,
            "p90": 327,
            "p99": 327,
            "max": 327
          },
          "unloadEventStart": {
            "median": 2479,
            "mean": 2421,
            "mdev": 128.0729,
            "stddev": 222,
            "min": 2125,
            "p10": 2125,
            "p90": 2659,
            "p99": 2659,
            "max": 2659
          },
          "workerStart": {
            "median": 0,
            "mean": 0,
            "mdev": 0,
            "stddev": 0,
            "min": 0,
            "p10": 0,
            "p90": 0,
            "p99": 0,
            "max": 0
          }
        },
        "pageTimings": {
          "backEndTime": {
            "median": 240,
            "mean": 253,
            "mdev": 24.1906,
            "stddev": 42,
            "min": 210,
            "p10": 210,
            "p90": 310,
            "p99": 310,
            "max": 310
          },
          "domContentLoadedTime": {
            "median": 1176,
            "mean": 1147,
            "mdev": 69.3483,
            "stddev": 120,
            "min": 988,
            "p10": 988,
            "p90": 1278,
            "p99": 1278,
            "max": 1278
          },
          "domInteractiveTime": {
            "median": 1176,
            "mean": 1140,
            "mdev": 71.0967,
            "stddev": 123,
            "min": 974,
            "p10": 974,
            "p90": 1269,
            "p99": 1269,
            "max": 1269
          },
          "domainLookupTime": {
            "median": 0,
            "mean": 0,
            "mdev": 0,
            "stddev": 0,
            "min": 0,
            "p10": 0,
            "p90": 0,
            "p99": 0,
            "max": 0
          },
          "frontEndTime": {
            "median": 3275,
            "mean": 3255,
            "mdev": 208.2906,
            "stddev": 361,
            "min": 2803,
            "p10": 2803,
            "p90": 3686,
            "p99": 3686,
            "max": 3686
          },
          "pageDownloadTime": {
            "median": 6,
            "mean": 6,
            "mdev": 0.9428,
            "stddev": 2,
            "min": 4,
            "p10": 4,
            "p90": 8,
            "p99": 8,
            "max": 8
          },
          "pageLoadTime": {
            "median": 3593,
            "mean": 3514,
            "mdev": 218.532,
            "stddev": 379,
            "min": 3016,
            "p10": 3016,
            "p90": 3933,
            "p99": 3933,
            "max": 3933
          },
          "redirectionTime": {
            "median": 0,
            "mean": 0,
            "mdev": 0,
            "stddev": 0,
            "min": 0,
            "p10": 0,
            "p90": 0,
            "p99": 0,
            "max": 0
          },
          "serverConnectionTime": {
            "median": 0,
            "mean": 0,
            "mdev": 0,
            "stddev": 0,
            "min": 0,
            "p10": 0,
            "p90": 0,
            "p99": 0,
            "max": 0
          },
          "serverResponseTime": {
            "median": 18,
            "mean": 18,
            "mdev": 1.4142,
            "stddev": 2,
            "min": 15,
            "p10": 15,
            "p90": 21,
            "p99": 21,
            "max": 21
          }
        },
        "rumSpeedIndex": {
          "median": 240,
          "mean": 253,
          "mdev": 24.1308,
          "stddev": 42,
          "min": 209,
          "p10": 209,
          "p90": 309,
          "p99": 309,
          "max": 309
        },
        "timeToContentfulPaint": {
          "median": 836,
          "mean": 854,
          "mdev": 25.326,
          "stddev": 44,
          "min": 811,
          "p10": 811,
          "p90": 914,
          "p99": 914,
          "max": 914
        },
        "timeToDomContentFlushed": {
          "median": 1190,
          "mean": 1147,
          "mdev": 73.3475,
          "stddev": 127,
          "min": 974,
          "p10": 974,
          "p90": 1276,
          "p99": 1276,
          "max": 1276
        }
      }
    }
  }
]