[
  {
    "info": {
      "browsertime": {
        "version": "8.4.0"
      },
      "url": "https://www.etsy.com/",
      "timestamp": "2021-03-30T21:50:46+04:00",
      "connectivity": {
        "engine": "external",
        "profile": "native"
      },
      "extra": {}
    },
    "files": {
      "video": [],
      "screenshot": [],
      "timeline": [],
      "consoleLog": [],
      "netLog": [],
      "perfLog": []
    },
    "cdp": {
      "performance": []
    },
    "timestamps": [
      "2021-03-30T21:50:33+04:00",
      "2021-03-30T21:50:52+04:00",
      "2021-03-30T21:51:13+04:00"
    ],
    "browserScripts": [
      {
        "browser": {
          "appConstants": {
            "ACCESSIBILITY": true,
            "ANDROID_PACKAGE_NAME": "org.mozilla.firefox",
            "ASAN": false,
            "ASAN_REPORTER": false,
            "BROWSER_CHROME_URL": "chrome://browser/content/browser.xul",
            "DEBUG": false,
            "DEBUG_JS_MODULES": "",
            "DLL_PREFIX": "lib",
            "DLL_SUFFIX": ".so",
            "EARLY_BETA_OR_EARLIER": false,
            "FENNEC_NIGHTLY": false,
            "HAVE_SHELL_SERVICE": false,
            "HAVE_USR_LIB64_DIR": false,
            "MENUBAR_CAN_AUTOHIDE": false,
            "MOZILLA_OFFICIAL": true,
            "MOZ_ALLOW_LEGACY_EXTENSIONS": false,
            "MOZ_ANDROID_ACTIVITY_STREAM": false,
            "MOZ_ANDROID_HISTORY": true,
            "MOZ_ANDROID_MOZILLA_ONLINE": false,
            "MOZ_APP_NAME": "fennec",
            "MOZ_APP_VERSION": "68.1.1",
            "MOZ_APP_VERSION_DISPLAY": "68.1.1",
            "MOZ_BING_API_CLIENTID": "no-bing-api-clientid",
            "MOZ_BING_API_KEY": "no-bing-api-key",
            "MOZ_BITS_DOWNLOAD": false,
            "MOZ_BUILD_APP": "mobile/android",
            "MOZ_CODE_COVERAGE": false,
            "MOZ_CRASHREPORTER": true,
            "MOZ_DATA_REPORTING": true,
            "MOZ_DEV_EDITION": false,
            "MOZ_GECKO_PROFILER": true,
            "MOZ_GOOGLE_LOCATION_SERVICE_API_KEY": "AIzaSyB2h2OuRcUgy5N-5hsZqiPW6sH3n_rptiQ",
            "MOZ_GOOGLE_SAFEBROWSING_API_KEY": "AIzaSyC7jsptDS3am4tPx4r3nxis7IMjBc5Dovo",
            "MOZ_GRAPHENE": false,
            "MOZ_MACBUNDLE_NAME": "Firefox.app",
            "MOZ_MAINTENANCE_SERVICE": false,
            "MOZ_MOZILLA_API_KEY": "3b4d27dd-703d-4094-8398-4de2c763505a",
            "MOZ_NEW_CERT_STORAGE": false,
            "MOZ_NEW_NOTIFICATION_STORE": false,
            "MOZ_NEW_XULSTORE": false,
            "MOZ_OFFICIAL_BRANDING": false,
            "MOZ_PLACES": false,
            "MOZ_REQUIRE_SIGNING": false,
            "MOZ_SANDBOX": false,
            "MOZ_SERVICES_HEALTHREPORT": true,
            "MOZ_SERVICES_SYNC": false,
            "MOZ_SWITCHBOARD": true,
            "MOZ_SYSTEM_NSS": false,
            "MOZ_TELEMETRY_ON_BY_DEFAULT": false,
            "MOZ_TELEMETRY_REPORTING": true,
            "MOZ_UNSIGNED_SCOPES": 0,
            "MOZ_UPDATER": false,
            "MOZ_UPDATE_CHANNEL": "release",
            "MOZ_WEBRTC": true,
            "MOZ_WIDGET_GTK": false,
            "MOZ_WIDGET_TOOLKIT": "android",
            "NIGHTLY_BUILD": false,
            "OMNIJAR_NAME": "assets/omni.ja",
            "RELEASE_OR_BETA": true,
            "SOURCE_REVISION_URL": "https://hg.mozilla.org/releases/mozilla-esr68/rev/d2e0b9e17b9bc1ef02606c8006b73293f7892ad5",
            "TELEMETRY_PING_FORMAT_VERSION": 4,
            "XP_UNIX": true,
            "isPlatformAndVersionAtLeast": {},
            "isPlatformAndVersionAtMost": {},
            "platform": "android"
          },
          "asyncAppConstants": {
            "ACCESSIBILITY": true,
            "ANDROID_PACKAGE_NAME": "org.mozilla.firefox",
            "ASAN": false,
            "ASAN_REPORTER": false,
            "BROWSER_CHROME_URL": "chrome://browser/content/browser.xul",
            "DEBUG": false,
            "DEBUG_JS_MODULES": "",
            "DLL_PREFIX": "lib",
            "DLL_SUFFIX": ".so",
            "EARLY_BETA_OR_EARLIER": false,
            "FENNEC_NIGHTLY": false,
            "HAVE_SHELL_SERVICE": false,
            "HAVE_USR_LIB64_DIR": false,
            "MENUBAR_CAN_AUTOHIDE": false,
            "MOZILLA_OFFICIAL": true,
            "MOZ_ALLOW_LEGACY_EXTENSIONS": false,
            "MOZ_ANDROID_ACTIVITY_STREAM": false,
            "MOZ_ANDROID_HISTORY": true,
            "MOZ_ANDROID_MOZILLA_ONLINE": false,
            "MOZ_APP_NAME": "fennec",
            "MOZ_APP_VERSION": "68.1.1",
            "MOZ_APP_VERSION_DISPLAY": "68.1.1",
            "MOZ_BING_API_CLIENTID": "no-bing-api-clientid",
            "MOZ_BING_API_KEY": "no-bing-api-key",
            "MOZ_BITS_DOWNLOAD": false,
            "MOZ_BUILD_APP": "mobile/android",
            "MOZ_CODE_COVERAGE": false,
            "MOZ_CRASHREPORTER": true,
            "MOZ_DATA_REPORTING": true,
            "MOZ_DEV_EDITION": false,
            "MOZ_GECKO_PROFILER": true,
            "MOZ_GOOGLE_LOCATION_SERVICE_API_KEY": "AIzaSyB2h2OuRcUgy5N-5hsZqiPW6sH3n_rptiQ",
            "MOZ_GOOGLE_SAFEBROWSING_API_KEY": "AIzaSyC7jsptDS3am4tPx4r3nxis7IMjBc5Dovo",
            "MOZ_GRAPHENE": false,
            "MOZ_MACBUNDLE_NAME": "Firefox.app",
            "MOZ_MAINTENANCE_SERVICE": false,
            "MOZ_MOZILLA_API_KEY": "3b4d27dd-703d-4094-8398-4de2c763505a",
            "MOZ_NEW_CERT_STORAGE": false,
            "MOZ_NEW_NOTIFICATION_STORE": false,
            "MOZ_NEW_XULSTORE": false,
            "MOZ_OFFICIAL_BRANDING": false,
            "MOZ_PLACES": false,
            "MOZ_REQUIRE_SIGNING": false,
            "MOZ_SANDBOX": false,
            "MOZ_SERVICES_HEALTHREPORT": true,
            "MOZ_SERVICES_SYNC": false,
            "MOZ_SWITCHBOARD": true,
            "MOZ_SYSTEM_NSS": false,
            "MOZ_TELEMETRY_ON_BY_DEFAULT": false,
            "MOZ_TELEMETRY_REPORTING": true,
            "MOZ_UNSIGNED_SCOPES": 0,
            "MOZ_UPDATER": false,
            "MOZ_UPDATE_CHANNEL": "release",
            "MOZ_WEBRTC": true,
            "MOZ_WIDGET_GTK": false,
            "MOZ_WIDGET_TOOLKIT": "android",
            "NIGHTLY_BUILD": false,
            "OMNIJAR_NAME": "assets/omni.ja",
            "RELEASE_OR_BETA": true,
            "SOURCE_REVISION_URL": "https://hg.mozilla.org/releases/mozilla-esr68/rev/d2e0b9e17b9bc1ef02606c8006b73293f7892ad5",
            "TELEMETRY_PING_FORMAT_VERSION": 4,
            "XP_UNIX": true,
            "isPlatformAndVersionAtLeast": {},
            "isPlatformAndVersionAtMost": {},
            "platform": "android"
          },
          "userAgent": "Mozilla/5.0 (Android 9; Mobile; rv:68.0) Gecko/68.0 Firefox/68.0",
          "windowSize": "360x612"
        },
        "pageinfo": {
          "documentHeight": 3362,
          "documentSize": {
            "decodedBodySize": 186010,
            "encodedBodySize": 34884,
            "transferSize": 36483
          },
          "documentTitle": "Etsy - Shop for handmade, vintage, custom, and unique gifts for everyone",
          "documentWidth": 360,
          "domElements": 2627,
          "navigationStartTime": 1617126634407,
          "nextHopProtocol": "h2",
          "resources": {
            "count": 0,
            "duration": 0
          },
          "responsive": true,
          "url": "https://www.etsy.com/",
          "visualElements": {
            "heroes": [
              {
                "filename": "il_300x300.2697206720_3zvc.jpg",
                "height": 102,
                "name": "LargestImage",
                "width": 102,
                "x": 9,
                "y": 259
              },
              {
                "filename": null,
                "height": 114,
                "name": "Heading",
                "width": 360,
                "x": 0,
                "y": 109
              }
            ],
            "viewport": {
              "height": 612,
              "width": 360
            }
          }
        },
        "timings": {
          "firstPaint": 1864,
          "loadEventEnd": 3416,
          "navigationTiming": {
            "connectStart": 42,
            "domComplete": 3414,
            "domContentLoadedEventEnd": 2487,
            "domContentLoadedEventStart": 2291,
            "domInteractive": 2282,
            "domainLookupEnd": 41,
            "domainLookupStart": 41,
            "duration": 3416,
            "fetchStart": 2,
            "loadEventEnd": 3416,
            "loadEventStart": 3414,
            "redirectEnd": 0,
            "redirectStart": 0,
            "requestStart": 147,
            "responseEnd": 1065,
            "responseStart": 1045,
            "secureConnectionStart": 56,
            "startTime": 0,
            "unloadEventEnd": 0,
            "unloadEventStart": 0,
            "workerStart": 0
          },
          "pageTimings": {
            "backEndTime": 1045,
            "domContentLoadedTime": 2291,
            "domInteractiveTime": 2282,
            "domainLookupTime": 0,
            "frontEndTime": 2349,
            "pageDownloadTime": 20,
            "pageLoadTime": 3414,
            "redirectionTime": 0,
            "serverConnectionTime": 105,
            "serverResponseTime": 918
          },
          "rumSpeedIndex": 1044,
          "timeToContentfulPaint": 2043,
          "timeToDomContentFlushed": 2554,
          "userTimings": {
            "marks": [
              {
                "name": "_etsy_perf_beacon_logo_render",
                "startTime": 1933.4
              }
            ],
            "measures": []
          }
        }
      },
      {
        "browser": {
          "appConstants": {
            "ACCESSIBILITY": true,
            "ANDROID_PACKAGE_NAME": "org.mozilla.firefox",
            "ASAN": false,
            "ASAN_REPORTER": false,
            "BROWSER_CHROME_URL": "chrome://browser/content/browser.xul",
            "DEBUG": false,
            "DEBUG_JS_MODULES": "",
            "DLL_PREFIX": "lib",
            "DLL_SUFFIX": ".so",
            "EARLY_BETA_OR_EARLIER": false,
            "FENNEC_NIGHTLY": false,
            "HAVE_SHELL_SERVICE": false,
            "HAVE_USR_LIB64_DIR": false,
            "MENUBAR_CAN_AUTOHIDE": false,
            "MOZILLA_OFFICIAL": true,
            "MOZ_ALLOW_LEGACY_EXTENSIONS": false,
            "MOZ_ANDROID_ACTIVITY_STREAM": false,
            "MOZ_ANDROID_HISTORY": true,
            "MOZ_ANDROID_MOZILLA_ONLINE": false,
            "MOZ_APP_NAME": "fennec",
            "MOZ_APP_VERSION": "68.1.1",
            "MOZ_APP_VERSION_DISPLAY": "68.1.1",
            "MOZ_BING_API_CLIENTID": "no-bing-api-clientid",
            "MOZ_BING_API_KEY": "no-bing-api-key",
            "MOZ_BITS_DOWNLOAD": false,
            "MOZ_BUILD_APP": "mobile/android",
            "MOZ_CODE_COVERAGE": false,
            "MOZ_CRASHREPORTER": true,
            "MOZ_DATA_REPORTING": true,
            "MOZ_DEV_EDITION": false,
            "MOZ_GECKO_PROFILER": true,
            "MOZ_GOOGLE_LOCATION_SERVICE_API_KEY": "AIzaSyB2h2OuRcUgy5N-5hsZqiPW6sH3n_rptiQ",
            "MOZ_GOOGLE_SAFEBROWSING_API_KEY": "AIzaSyC7jsptDS3am4tPx4r3nxis7IMjBc5Dovo",
            "MOZ_GRAPHENE": false,
            "MOZ_MACBUNDLE_NAME": "Firefox.app",
            "MOZ_MAINTENANCE_SERVICE": false,
            "MOZ_MOZILLA_API_KEY": "3b4d27dd-703d-4094-8398-4de2c763505a",
            "MOZ_NEW_CERT_STORAGE": false,
            "MOZ_NEW_NOTIFICATION_STORE": false,
            "MOZ_NEW_XULSTORE": false,
            "MOZ_OFFICIAL_BRANDING": false,
            "MOZ_PLACES": false,
            "MOZ_REQUIRE_SIGNING": false,
            "MOZ_SANDBOX": false,
            "MOZ_SERVICES_HEALTHREPORT": true,
            "MOZ_SERVICES_SYNC": false,
            "MOZ_SWITCHBOARD": true,
            "MOZ_SYSTEM_NSS": false,
            "MOZ_TELEMETRY_ON_BY_DEFAULT": false,
            "MOZ_TELEMETRY_REPORTING": true,
            "MOZ_UNSIGNED_SCOPES": 0,
            "MOZ_UPDATER": false,
            "MOZ_UPDATE_CHANNEL": "release",
            "MOZ_WEBRTC": true,
            "MOZ_WIDGET_GTK": false,
            "MOZ_WIDGET_TOOLKIT": "android",
            "NIGHTLY_BUILD": false,
            "OMNIJAR_NAME": "assets/omni.ja",
            "RELEASE_OR_BETA": true,
            "SOURCE_REVISION_URL": "https://hg.mozilla.org/releases/mozilla-esr68/rev/d2e0b9e17b9bc1ef02606c8006b73293f7892ad5",
            "TELEMETRY_PING_FORMAT_VERSION": 4,
            "XP_UNIX": true,
            "isPlatformAndVersionAtLeast": {},
            "isPlatformAndVersionAtMost": {},
            "platform": "android"
          },
          "asyncAppConstants": {
            "ACCESSIBILITY": true,
            "ANDROID_PACKAGE_NAME": "org.mozilla.firefox",
            "ASAN": false,
            "ASAN_REPORTER": false,
            "BROWSER_CHROME_URL": "chrome://browser/content/browser.xul",
            "DEBUG": false,
            "DEBUG_JS_MODULES": "",
            "DLL_PREFIX": "lib",
            "DLL_SUFFIX": ".so",
            "EARLY_BETA_OR_EARLIER": false,
            "FENNEC_NIGHTLY": false,
            "HAVE_SHELL_SERVICE": false,
            "HAVE_USR_LIB64_DIR": false,
            "MENUBAR_CAN_AUTOHIDE": false,
            "MOZILLA_OFFICIAL": true,
            "MOZ_ALLOW_LEGACY_EXTENSIONS": false,
            "MOZ_ANDROID_ACTIVITY_STREAM": false,
            "MOZ_ANDROID_HISTORY": true,
            "MOZ_ANDROID_MOZILLA_ONLINE": false,
            "MOZ_APP_NAME": "fennec",
            "MOZ_APP_VERSION": "68.1.1",
            "MOZ_APP_VERSION_DISPLAY": "68.1.1",
            "MOZ_BING_API_CLIENTID": "no-bing-api-clientid",
            "MOZ_BING_API_KEY": "no-bing-api-key",
            "MOZ_BITS_DOWNLOAD": false,
            "MOZ_BUILD_APP": "mobile/android",
            "MOZ_CODE_COVERAGE": false,
            "MOZ_CRASHREPORTER": true,
            "MOZ_DATA_REPORTING": true,
            "MOZ_DEV_EDITION": false,
            "MOZ_GECKO_PROFILER": true,
            "MOZ_GOOGLE_LOCATION_SERVICE_API_KEY": "AIzaSyB2h2OuRcUgy5N-5hsZqiPW6sH3n_rptiQ",
            "MOZ_GOOGLE_SAFEBROWSING_API_KEY": "AIzaSyC7jsptDS3am4tPx4r3nxis7IMjBc5Dovo",
            "MOZ_GRAPHENE": false,
            "MOZ_MACBUNDLE_NAME": "Firefox.app",
            "MOZ_MAINTENANCE_SERVICE": false,
            "MOZ_MOZILLA_API_KEY": "3b4d27dd-703d-4094-8398-4de2c763505a",
            "MOZ_NEW_CERT_STORAGE": false,
            "MOZ_NEW_NOTIFICATION_STORE": false,
            "MOZ_NEW_XULSTORE": false,
            "MOZ_OFFICIAL_BRANDING": false,
            "MOZ_PLACES": false,
            "MOZ_REQUIRE_SIGNING": false,
            "MOZ_SANDBOX": false,
            "MOZ_SERVICES_HEALTHREPORT": true,
            "MOZ_SERVICES_SYNC": false,
            "MOZ_SWITCHBOARD": true,
            "MOZ_SYSTEM_NSS": false,
            "MOZ_TELEMETRY_ON_BY_DEFAULT": false,
            "MOZ_TELEMETRY_REPORTING": true,
            "MOZ_UNSIGNED_SCOPES": 0,
            "MOZ_UPDATER": false,
            "MOZ_UPDATE_CHANNEL": "release",
            "MOZ_WEBRTC": true,
            "MOZ_WIDGET_GTK": false,
            "MOZ_WIDGET_TOOLKIT": "android",
            "NIGHTLY_BUILD": false,
            "OMNIJAR_NAME": "assets/omni.ja",
            "RELEASE_OR_BETA": true,
            "SOURCE_REVISION_URL": "https://hg.mozilla.org/releases/mozilla-esr68/rev/d2e0b9e17b9bc1ef02606c8006b73293f7892ad5",
            "TELEMETRY_PING_FORMAT_VERSION": 4,
            "XP_UNIX": true,
            "isPlatformAndVersionAtLeast": {},
            "isPlatformAndVersionAtMost": {},
            "platform": "android"
          },
          "userAgent": "Mozilla/5.0 (Android 9; Mobile; rv:68.0) Gecko/68.0 Firefox/68.0",
          "windowSize": "360x612"
        },
        "pageinfo": {
          "documentHeight": 3718,
          "documentSize": {
            "decodedBodySize": 158378,
            "encodedBodySize": 33430,
            "transferSize": 35029
          },
          "documentTitle": "Etsy - Shop for handmade, vintage, custom, and unique gifts for everyone",
          "documentWidth": 360,
          "domElements": 2379,
          "navigationStartTime": 1617126652857,
          "nextHopProtocol": "h2",
          "resources": {
            "count": 0,
            "duration": 0
          },
          "responsive": true,
          "url": "https://www.etsy.com/",
          "visualElements": {
            "heroes": [
              {
                "filename": "il_300x300.2697206720_3zvc.jpg",
                "height": 102,
                "name": "LargestImage",
                "width": 102,
                "x": 9,
                "y": 259
              },
              {
                "filename": null,
                "height": 114,
                "name": "Heading",
                "width": 360,
                "x": 0,
                "y": 109
              }
            ],
            "viewport": {
              "height": 612,
              "width": 360
            }
          }
        },
        "timings": {
          "firstPaint": 2287,
          "loadEventEnd": 6896,
          "navigationTiming": {
            "connectStart": 303,
            "domComplete": 6877,
            "domContentLoadedEventEnd": 2574,
            "domContentLoadedEventStart": 2388,
            "domInteractive": 2263,
            "domainLookupEnd": 302,
            "domainLookupStart": 302,
            "duration": 6896,
            "fetchStart": 3,
            "loadEventEnd": 6896,
            "loadEventStart": 6878,
            "redirectEnd": 0,
            "redirectStart": 0,
            "requestStart": 398,
            "responseEnd": 1199,
            "responseStart": 1176,
            "secureConnectionStart": 324,
            "startTime": 0,
            "unloadEventEnd": 0,
            "unloadEventStart": 0,
            "workerStart": 0
          },
          "pageTimings": {
            "backEndTime": 1176,
            "domContentLoadedTime": 2388,
            "domInteractiveTime": 2263,
            "domainLookupTime": 0,
            "frontEndTime": 5679,
            "pageDownloadTime": 23,
            "pageLoadTime": 6878,
            "redirectionTime": 0,
            "serverConnectionTime": 94,
            "serverResponseTime": 801
          },
          "rumSpeedIndex": 1175,
          "timeToContentfulPaint": 2476,
          "timeToDomContentFlushed": 2266,
          "userTimings": {
            "marks": [
              {
                "name": "_etsy_perf_beacon_logo_render",
                "startTime": 2234.7200000000003
              },
              {
                "name": "Updating Fave Hover Start",
                "startTime": 2572.66
              },
              {
                "name": "Updating Fave Hover End",
                "startTime": 2572.76
              }
            ],
            "measures": [
              {
                "duration": 0.1000000000003638,
                "name": "Updating Fave Hover",
                "startTime": 2572.66
              }
            ]
          }
        }
      },
      {
        "browser": {
          "appConstants": {
            "ACCESSIBILITY": true,
            "ANDROID_PACKAGE_NAME": "org.mozilla.firefox",
            "ASAN": false,
            "ASAN_REPORTER": false,
            "BROWSER_CHROME_URL": "chrome://browser/content/browser.xul",
            "DEBUG": false,
            "DEBUG_JS_MODULES": "",
            "DLL_PREFIX": "lib",
            "DLL_SUFFIX": ".so",
            "EARLY_BETA_OR_EARLIER": false,
            "FENNEC_NIGHTLY": false,
            "HAVE_SHELL_SERVICE": false,
            "HAVE_USR_LIB64_DIR": false,
            "MENUBAR_CAN_AUTOHIDE": false,
            "MOZILLA_OFFICIAL": true,
            "MOZ_ALLOW_LEGACY_EXTENSIONS": false,
            "MOZ_ANDROID_ACTIVITY_STREAM": false,
            "MOZ_ANDROID_HISTORY": true,
            "MOZ_ANDROID_MOZILLA_ONLINE": false,
            "MOZ_APP_NAME": "fennec",
            "MOZ_APP_VERSION": "68.1.1",
            "MOZ_APP_VERSION_DISPLAY": "68.1.1",
            "MOZ_BING_API_CLIENTID": "no-bing-api-clientid",
            "MOZ_BING_API_KEY": "no-bing-api-key",
            "MOZ_BITS_DOWNLOAD": false,
            "MOZ_BUILD_APP": "mobile/android",
            "MOZ_CODE_COVERAGE": false,
            "MOZ_CRASHREPORTER": true,
            "MOZ_DATA_REPORTING": true,
            "MOZ_DEV_EDITION": false,
            "MOZ_GECKO_PROFILER": true,
            "MOZ_GOOGLE_LOCATION_SERVICE_API_KEY": "AIzaSyB2h2OuRcUgy5N-5hsZqiPW6sH3n_rptiQ",
            "MOZ_GOOGLE_SAFEBROWSING_API_KEY": "AIzaSyC7jsptDS3am4tPx4r3nxis7IMjBc5Dovo",
            "MOZ_GRAPHENE": false,
            "MOZ_MACBUNDLE_NAME": "Firefox.app",
            "MOZ_MAINTENANCE_SERVICE": false,
            "MOZ_MOZILLA_API_KEY": "3b4d27dd-703d-4094-8398-4de2c763505a",
            "MOZ_NEW_CERT_STORAGE": false,
            "MOZ_NEW_NOTIFICATION_STORE": false,
            "MOZ_NEW_XULSTORE": false,
            "MOZ_OFFICIAL_BRANDING": false,
            "MOZ_PLACES": false,
            "MOZ_REQUIRE_SIGNING": false,
            "MOZ_SANDBOX": false,
            "MOZ_SERVICES_HEALTHREPORT": true,
            "MOZ_SERVICES_SYNC": false,
            "MOZ_SWITCHBOARD": true,
            "MOZ_SYSTEM_NSS": false,
            "MOZ_TELEMETRY_ON_BY_DEFAULT": false,
            "MOZ_TELEMETRY_REPORTING": true,
            "MOZ_UNSIGNED_SCOPES": 0,
            "MOZ_UPDATER": false,
            "MOZ_UPDATE_CHANNEL": "release",
            "MOZ_WEBRTC": true,
            "MOZ_WIDGET_GTK": false,
            "MOZ_WIDGET_TOOLKIT": "android",
            "NIGHTLY_BUILD": false,
            "OMNIJAR_NAME": "assets/omni.ja",
            "RELEASE_OR_BETA": true,
            "SOURCE_REVISION_URL": "https://hg.mozilla.org/releases/mozilla-esr68/rev/d2e0b9e17b9bc1ef02606c8006b73293f7892ad5",
            "TELEMETRY_PING_FORMAT_VERSION": 4,
            "XP_UNIX": true,
            "isPlatformAndVersionAtLeast": {},
            "isPlatformAndVersionAtMost": {},
            "platform": "android"
          },
          "asyncAppConstants": {
            "ACCESSIBILITY": true,
            "ANDROID_PACKAGE_NAME": "org.mozilla.firefox",
            "ASAN": false,
            "ASAN_REPORTER": false,
            "BROWSER_CHROME_URL": "chrome://browser/content/browser.xul",
            "DEBUG": false,
            "DEBUG_JS_MODULES": "",
            "DLL_PREFIX": "lib",
            "DLL_SUFFIX": ".so",
            "EARLY_BETA_OR_EARLIER": false,
            "FENNEC_NIGHTLY": false,
            "HAVE_SHELL_SERVICE": false,
            "HAVE_USR_LIB64_DIR": false,
            "MENUBAR_CAN_AUTOHIDE": false,
            "MOZILLA_OFFICIAL": true,
            "MOZ_ALLOW_LEGACY_EXTENSIONS": false,
            "MOZ_ANDROID_ACTIVITY_STREAM": false,
            "MOZ_ANDROID_HISTORY": true,
            "MOZ_ANDROID_MOZILLA_ONLINE": false,
            "MOZ_APP_NAME": "fennec",
            "MOZ_APP_VERSION": "68.1.1",
            "MOZ_APP_VERSION_DISPLAY": "68.1.1",
            "MOZ_BING_API_CLIENTID": "no-bing-api-clientid",
            "MOZ_BING_API_KEY": "no-bing-api-key",
            "MOZ_BITS_DOWNLOAD": false,
            "MOZ_BUILD_APP": "mobile/android",
            "MOZ_CODE_COVERAGE": false,
            "MOZ_CRASHREPORTER": true,
            "MOZ_DATA_REPORTING": true,
            "MOZ_DEV_EDITION": false,
            "MOZ_GECKO_PROFILER": true,
            "MOZ_GOOGLE_LOCATION_SERVICE_API_KEY": "AIzaSyB2h2OuRcUgy5N-5hsZqiPW6sH3n_rptiQ",
            "MOZ_GOOGLE_SAFEBROWSING_API_KEY": "AIzaSyC7jsptDS3am4tPx4r3nxis7IMjBc5Dovo",
            "MOZ_GRAPHENE": false,
            "MOZ_MACBUNDLE_NAME": "Firefox.app",
            "MOZ_MAINTENANCE_SERVICE": false,
            "MOZ_MOZILLA_API_KEY": "3b4d27dd-703d-4094-8398-4de2c763505a",
            "MOZ_NEW_CERT_STORAGE": false,
            "MOZ_NEW_NOTIFICATION_STORE": false,
            "MOZ_NEW_XULSTORE": false,
            "MOZ_OFFICIAL_BRANDING": false,
            "MOZ_PLACES": false,
            "MOZ_REQUIRE_SIGNING": false,
            "MOZ_SANDBOX": false,
            "MOZ_SERVICES_HEALTHREPORT": true,
            "MOZ_SERVICES_SYNC": false,
            "MOZ_SWITCHBOARD": true,
            "MOZ_SYSTEM_NSS": false,
            "MOZ_TELEMETRY_ON_BY_DEFAULT": false,
            "MOZ_TELEMETRY_REPORTING": true,
            "MOZ_UNSIGNED_SCOPES": 0,
            "MOZ_UPDATER": false,
            "MOZ_UPDATE_CHANNEL": "release",
            "MOZ_WEBRTC": true,
            "MOZ_WIDGET_GTK": false,
            "MOZ_WIDGET_TOOLKIT": "android",
            "NIGHTLY_BUILD": false,
            "OMNIJAR_NAME": "assets/omni.ja",
            "RELEASE_OR_BETA": true,
            "SOURCE_REVISION_URL": "https://hg.mozilla.org/releases/mozilla-esr68/rev/d2e0b9e17b9bc1ef02606c8006b73293f7892ad5",
            "TELEMETRY_PING_FORMAT_VERSION": 4,
            "XP_UNIX": true,
            "isPlatformAndVersionAtLeast": {},
            "isPlatformAndVersionAtMost": {},
            "platform": "android"
          },
          "userAgent": "Mozilla/5.0 (Android 9; Mobile; rv:68.0) Gecko/68.0 Firefox/68.0",
          "windowSize": "360x612"
        },
        "pageinfo": {
          "documentHeight": 3380,
          "documentSize": {
            "decodedBodySize": 184842,
            "encodedBodySize": 34884,
            "transferSize": 36484
          },
          "documentTitle": "Etsy - Shop for handmade, vintage, custom, and unique gifts for everyone",
          "documentWidth": 360,
          "domElements": 2631,
          "navigationStartTime": 1617126674309,
          "nextHopProtocol": "h2",
          "resources": {
            "count": 0,
            "duration": 0
          },
          "responsive": true,
          "url": "https://www.etsy.com/",
          "visualElements": {
            "heroes": [
              {
                "filename": "il_300x300.2697206720_3zvc.jpg",
                "height": 102,
                "name": "LargestImage",
                "width": 102,
                "x": 9,
                "y": 259
              },
              {
                "filename": null,
                "height": 114,
                "name": "Heading",
                "width": 360,
                "x": 0,
                "y": 109
              }
            ],
            "viewport": {
              "height": 612,
              "width": 360
            }
          }
        },
        "timings": {
          "firstPaint": 2517,
          "loadEventEnd": 7417,
          "navigationTiming": {
            "connectStart": 300,
            "domComplete": 7400,
            "domContentLoadedEventEnd": 2866,
            "domContentLoadedEventStart": 2657,
            "domInteractive": 2478,
            "domainLookupEnd": 300,
            "domainLookupStart": 300,
            "duration": 7417,
            "fetchStart": 2,
            "loadEventEnd": 7417,
            "loadEventStart": 7400,
            "redirectEnd": 0,
            "redirectStart": 0,
            "requestStart": 394,
            "responseEnd": 1095,
            "responseStart": 1079,
            "secureConnectionStart": 311,
            "startTime": 0,
            "unloadEventEnd": 0,
            "unloadEventStart": 0,
            "workerStart": 0
          },
          "pageTimings": {
            "backEndTime": 1079,
            "domContentLoadedTime": 2657,
            "domInteractiveTime": 2478,
            "domainLookupTime": 0,
            "frontEndTime": 6305,
            "pageDownloadTime": 16,
            "pageLoadTime": 7400,
            "redirectionTime": 0,
            "serverConnectionTime": 93,
            "serverResponseTime": 700
          },
          "rumSpeedIndex": 1078,
          "timeToContentfulPaint": 2747,
          "timeToDomContentFlushed": 2482,
          "userTimings": {
            "marks": [
              {
                "name": "_etsy_perf_beacon_logo_render",
                "startTime": 2454.48
              }
            ],
            "measures": []
          }
        }
      }
    ],
    "visualMetrics": [],
    "cpu": [],
    "extras": [
      {},
      {},
      {}
    ],
    "fullyLoaded": [],
    "errors": [
      [],
      [],
      []
    ],
    "statistics": {
      "browser": {
        "appConstants": {
          "MOZ_UNSIGNED_SCOPES": {
            "median": 0,
            "mean": 0,
            "mdev": 0,
            "stddev": 0,
            "min": 0,
            "p10": 0,
            "p90": 0,
            "p99": 0,
            "max": 0
          },
          "TELEMETRY_PING_FORMAT_VERSION": {
            "median": 4,
            "mean": 4,
            "mdev": 0,
            "stddev": 0,
            "min": 4,
            "p10": 4,
            "p90": 4,
            "p99": 4,
            "max": 4
          }
        },
        "asyncAppConstants": {
          "MOZ_UNSIGNED_SCOPES": {
            "median": 0,
            "mean": 0,
            "mdev": 0,
            "stddev": 0,
            "min": 0,
            "p10": 0,
            "p90": 0,
            "p99": 0,
            "max": 0
          },
          "TELEMETRY_PING_FORMAT_VERSION": {
            "median": 4,
            "mean": 4,
            "mdev": 0,
            "stddev": 0,
            "min": 4,
            "p10": 4,
            "p90": 4,
            "p99": 4,
            "max": 4
          }
        }
      },
      "pageinfo": {
        "documentHeight": {
          "median": 3380,
          "mean": 3487,
          "mdev": 94.5367,
          "stddev": 164,
          "min": 3362,
          "p10": 3362,
          "p90": 3718,
          "p99": 3718,
          "max": 3718
        },
        "documentSize": {
          "decodedBodySize": {
            "median": 184842,
            "mean": 176410,
            "mdev": 7366.6791,
            "stddev": 12759,
            "min": 158378,
            "p10": 158378,
            "p90": 186010,
            "p99": 186010,
            "max": 186010
          },
          "encodedBodySize": {
            "median": 34884,
            "mean": 34399,
            "mdev": 395.7287,
            "stddev": 685,
            "min": 33430,
            "p10": 33430,
            "p90": 34884,
            "p99": 34884,
            "max": 34884
          },
          "transferSize": {
            "median": 36483,
            "mean": 35999,
            "mdev": 395.8648,
            "stddev": 686,
            "min": 35029,
            "p10": 35029,
            "p90": 36484,
            "p99": 36484,
            "max": 36484
          }
        },
        "documentWidth": {
          "median": 360,
          "mean": 360,
          "mdev": 0,
          "stddev": 0,
          "min": 360,
          "p10": 360,
          "p90": 360,
          "p99": 360,
          "max": 360
        },
        "domElements": {
          "median": 2627,
          "mean": 2546,
          "mdev": 68.0479,
          "stddev": 118,
          "min": 2379,
          "p10": 2379,
          "p90": 2631,
          "p99": 2631,
          "max": 2631
        },
        "navigationStartTime": {
          "median": 1617126652857,
          "mean": 1617126653858,
          "mdev": 12612.4091,
          "stddev": 21845,
          "min": 1617126634407,
          "p10": 1617126634407,
          "p90": 1617126674309,
          "p99": 1617126674309,
          "max": 1617126674309
        },
        "resources": {
          "count": {
            "median": 0,
            "mean": 0,
            "mdev": 0,
            "stddev": 0,
            "min": 0,
            "p10": 0,
            "p90": 0,
            "p99": 0,
            "max": 0
          },
          "duration": {
            "median": 0,
            "mean": 0,
            "mdev": 0,
            "stddev": 0,
            "min": 0,
            "p10": 0,
            "p90": 0,
            "p99": 0,
            "max": 0
          }
        },
        "visualElements": {
          "heroes": [
            {
              "height": {
                "median": 102,
                "mean": 102,
                "mdev": 0,
                "stddev": 0,
                "min": 102,
                "p10": 102,
                "p90": 102,
                "p99": 102,
                "max": 102
              },
              "width": {
                "median": 102,
                "mean": 102,
                "mdev": 0,
                "stddev": 0,
                "min": 102,
                "p10": 102,
                "p90": 102,
                "p99": 102,
                "max": 102
              },
              "x": {
                "median": 9,
                "mean": 9,
                "mdev": 0,
                "stddev": 0,
                "min": 9,
                "p10": 9,
                "p90": 9,
                "p99": 9,
                "max": 9
              },
              "y": {
                "median": 259,
                "mean": 259,
                "mdev": 0,
                "stddev": 0,
                "min": 259,
                "p10": 259,
                "p90": 259,
                "p99": 259,
                "max": 259
              }
            },
            {
              "height": {
                "median": 114,
                "mean": 114,
                "mdev": 0,
                "stddev": 0,
                "min": 114,
                "p10": 114,
                "p90": 114,
                "p99": 114,
                "max": 114
              },
              "width": {
                "median": 360,
                "mean": 360,
                "mdev": 0,
                "stddev": 0,
                "min": 360,
                "p10": 360,
                "p90": 360,
                "p99": 360,
                "max": 360
              },
              "x": {
                "median": 0,
                "mean": 0,
                "mdev": 0,
                "stddev": 0,
                "min": 0,
                "p10": 0,
                "p90": 0,
                "p99": 0,
                "max": 0
              },
              "y": {
                "median": 109,
                "mean": 109,
                "mdev": 0,
                "stddev": 0,
                "min": 109,
                "p10": 109,
                "p90": 109,
                "p99": 109,
                "max": 109
              }
            }
          ],
          "viewport": {
            "height": {
              "median": 612,
              "mean": 612,
              "mdev": 0,
              "stddev": 0,
              "min": 612,
              "p10": 612,
              "p90": 612,
              "p99": 612,
              "max": 612
            },
            "width": {
              "median": 360,
              "mean": 360,
              "mdev": 0,
              "stddev": 0,
              "min": 360,
              "p10": 360,
              "p90": 360,
              "p99": 360,
              "max": 360
            }
          }
        }
      },
      "timings": {
        "firstPaint": {
          "median": 2287,
          "mean": 2223,
          "mdev": 156.1384,
          "stddev": 270,
          "min": 1864,
          "p10": 1864,
          "p90": 2517,
          "p99": 2517,
          "max": 2517
        },
        "loadEventEnd": {
          "median": 6896,
          "mean": 5910,
          "mdev": 1025.4149,
          "stddev": 1776,
          "min": 3416,
          "p10": 3416,
          "p90": 7417,
          "p99": 7417,
          "max": 7417
        },
        "navigationTiming": {
          "connectStart": {
            "median": 300,
            "mean": 215,
            "mdev": 70.6305,
            "stddev": 122,
            "min": 42,
            "p10": 42,
            "p90": 303,
            "p99": 303,
            "max": 303
          },
          "domComplete": {
            "median": 6877,
            "mean": 5897,
            "mdev": 1021.1485,
            "stddev": 1769,
            "min": 3414,
            "p10": 3414,
            "p90": 7400,
            "p99": 7400,
            "max": 7400
          },
          "domContentLoadedEventEnd": {
            "median": 2574,
            "mean": 2642,
            "mdev": 93.5858,
            "stddev": 162,
            "min": 2487,
            "p10": 2487,
            "p90": 2866,
            "p99": 2866,
            "max": 2866
          },
          "domContentLoadedEventStart": {
            "median": 2388,
            "mean": 2445,
            "mdev": 89.386,
            "stddev": 155,
            "min": 2291,
            "p10": 2291,
            "p90": 2657,
            "p99": 2657,
            "max": 2657
          },
          "domInteractive": {
            "median": 2282,
            "mean": 2341,
            "mdev": 56.109,
            "stddev": 97,
            "min": 2263,
            "p10": 2263,
            "p90": 2478,
            "p99": 2478,
            "max": 2478
          },
          "domainLookupEnd": {
            "median": 300,
            "mean": 214,
            "mdev": 70.7646,
            "stddev": 123,
            "min": 41,
            "p10": 41,
            "p90": 302,
            "p99": 302,
            "max": 302
          },
          "domainLookupStart": {
            "median": 300,
            "mean": 214,
            "mdev": 70.7646,
            "stddev": 123,
            "min": 41,
            "p10": 41,
            "p90": 302,
            "p99": 302,
            "max": 302
          },
          "duration": {
            "median": 6896,
            "mean": 5910,
            "mdev": 1025.4149,
            "stddev": 1776,
            "min": 3416,
            "p10": 3416,
            "p90": 7417,
            "p99": 7417,
            "max": 7417
          },
          "fetchStart": {
            "median": 2,
            "mean": 2,
            "mdev": 0.2722,
            "stddev": 0,
            "min": 2,
            "p10": 2,
            "p90": 3,
            "p99": 3,
            "max": 3
          },
          "loadEventEnd": {
            "median": 6896,
            "mean": 5910,
            "mdev": 1025.4149,
            "stddev": 1776,
            "min": 3416,
            "p10": 3416,
            "p90": 7417,
            "p99": 7417,
            "max": 7417
          },
          "loadEventStart": {
            "median": 6878,
            "mean": 5897,
            "mdev": 1021.2551,
            "stddev": 1769,
            "min": 3414,
            "p10": 3414,
            "p90": 7400,
            "p99": 7400,
            "max": 7400
          },
          "redirectEnd": {
            "median": 0,
            "mean": 0,
            "mdev": 0,
            "stddev": 0,
            "min": 0,
            "p10": 0,
            "p90": 0,
            "p99": 0,
            "max": 0
          },
          "redirectStart": {
            "median": 0,
            "mean": 0,
            "mdev": 0,
            "stddev": 0,
            "min": 0,
            "p10": 0,
            "p90": 0,
            "p99": 0,
            "max": 0
          },
          "requestStart": {
            "median": 394,
            "mean": 313,
            "mdev": 67.7758,
            "stddev": 117,
            "min": 147,
            "p10": 147,
            "p90": 398,
            "p99": 398,
            "max": 398
          },
          "responseEnd": {
            "median": 1095,
            "mean": 1120,
            "mdev": 33.1506,
            "stddev": 57,
            "min": 1065,
            "p10": 1065,
            "p90": 1199,
            "p99": 1199,
            "max": 1199
          },
          "responseStart": {
            "median": 1079,
            "mean": 1100,
            "mdev": 32.0451,
            "stddev": 56,
            "min": 1045,
            "p10": 1045,
            "p90": 1176,
            "p99": 1176,
            "max": 1176
          },
          "secureConnectionStart": {
            "median": 311,
            "mean": 230,
            "mdev": 71.2372,
            "stddev": 123,
            "min": 56,
            "p10": 56,
            "p90": 324,
            "p99": 324,
            "max": 324
          },
          "startTime": {
            "median": 0,
            "mean": 0,
            "mdev": 0,
            "stddev": 0,
            "min": 0,
            "p10": 0,
            "p90": 0,
            "p99": 0,
            "max": 0
          },
          "unloadEventEnd": {
            "median": 0,
            "mean": 0,
            "mdev": 0,
            "stddev": 0,
            "min": 0,
            "p10": 0,
            "p90": 0,
            "p99": 0,
            "max": 0
          },
          "unloadEventStart": {
            "median": 0,
            "mean": 0,
            "mdev": 0,
            "stddev": 0,
            "min": 0,
            "p10": 0,
            "p90": 0,
            "p99": 0,
            "max": 0
          },
          "workerStart": {
            "median": 0,
            "mean": 0,
            "mdev": 0,
            "stddev": 0,
            "min": 0,
            "p10": 0,
            "p90": 0,
            "p99": 0,
            "max": 0
          }
        },
        "pageTimings": {
          "backEndTime": {
            "median": 1079,
            "mean": 1100,
            "mdev": 32.0451,
            "stddev": 56,
            "min": 1045,
            "p10": 1045,
            "p90": 1176,
            "p99": 1176,
            "max": 1176
          },
          "domContentLoadedTime": {
            "median": 2388,
            "mean": 2445,
            "mdev": 89.386,
            "stddev": 155,
            "min": 2291,
            "p10": 2291,
            "p90": 2657,
            "p99": 2657,
            "max": 2657
          },
          "domInteractiveTime": {
            "median": 2282,
            "mean": 2341,
            "mdev": 56.109,
            "stddev": 97,
            "min": 2263,
            "p10": 2263,
            "p90": 2478,
            "p99": 2478,
            "max": 2478
          },
          "domainLookupTime": {
            "median": 0,
            "mean": 0,
            "mdev": 0,
            "stddev": 0,
            "min": 0,
            "p10": 0,
            "p90": 0,
            "p99": 0,
            "max": 0
          },
          "frontEndTime": {
            "median": 5679,
            "mean": 4778,
            "mdev": 1002.4177,
            "stddev": 1736,
            "min": 2349,
            "p10": 2349,
            "p90": 6305,
            "p99": 6305,
            "max": 6305
          },
          "pageDownloadTime": {
            "median": 20,
            "mean": 20,
            "mdev": 1.6555,
            "stddev": 3,
            "min": 16,
            "p10": 16,
            "p90": 23,
            "p99": 23,
            "max": 23
          },
          "pageLoadTime": {
            "median": 6878,
            "mean": 5897,
            "mdev": 1021.2551,
            "stddev": 1769,
            "min": 3414,
            "p10": 3414,
            "p90": 7400,
            "p99": 7400,
            "max": 7400
          },
          "redirectionTime": {
            "median": 0,
            "mean": 0,
            "mdev": 0,
            "stddev": 0,
            "min": 0,
            "p10": 0,
            "p90": 0,
            "p99": 0,
            "max": 0
          },
          "serverConnectionTime": {
            "median": 94,
            "mean": 97,
            "mdev": 3.1388,
            "stddev": 5,
            "min": 93,
            "p10": 93,
            "p90": 105,
            "p99": 105,
            "max": 105
          },
          "serverResponseTime": {
            "median": 801,
            "mean": 806,
            "mdev": 51.4292,
            "stddev": 89,
            "min": 700,
            "p10": 700,
            "p90": 918,
            "p99": 918,
            "max": 918
          }
        },
        "rumSpeedIndex": {
          "median": 1078,
          "mean": 1099,
          "mdev": 32.0451,
          "stddev": 56,
          "min": 1044,
          "p10": 1044,
          "p90": 1175,
          "p99": 1175,
          "max": 1175
        },
        "timeToContentfulPaint": {
          "median": 2476,
          "mean": 2422,
          "mdev": 167.3924,
          "stddev": 290,
          "min": 2043,
          "p10": 2043,
          "p90": 2747,
          "p99": 2747,
          "max": 2747
        },
        "timeToDomContentFlushed": {
          "median": 2482,
          "mean": 2434,
          "mdev": 70.6541,
          "stddev": 122,
          "min": 2266,
          "p10": 2266,
          "p90": 2554,
          "p99": 2554,
          "max": 2554
        },
        "userTimings": {
          "marks": {
            "_etsy_perf_beacon_logo_render": {
              "median": 2235,
              "mean": 2208,
              "mdev": 123.3202,
              "stddev": 214,
              "min": 1933,
              "p10": 1933,
              "p90": 2454,
              "p99": 2454,
              "max": 2454
            },
            "Updating Fave Hover Start": {
              "median": 2573,
              "mean": 2573,
              "mdev": 0,
              "stddev": 0,
              "min": 2573,
              "p10": 2573,
              "p90": 2573,
              "p99": 2573,
              "max": 2573
            },
            "Updating Fave Hover End": {
              "median": 2573,
              "mean": 2573,
              "mdev": 0,
              "stddev": 0,
              "min": 2573,
              "p10": 2573,
              "p90": 2573,
              "p99": 2573,
              "max": 2573
            }
          },
          "measures": {
            "Updating Fave Hover": {
              "median": 0,
              "mean": 0,
              "mdev": 0,
              "stddev": 0,
              "min": 0,
              "p10": 0,
              "p90": 0,
              "p99": 0,
              "max": 0
            }
          }
        }
      }
    }
  }
]