[
  {
    "info": {
      "browsertime": {
        "version": "8.4.0"
      },
      "url": "https://discordapp.com/",
      "timestamp": "2021-03-30T06:18:59+04:00",
      "connectivity": {
        "engine": "external",
        "profile": "native"
      },
      "extra": {}
    },
    "files": {
      "video": [],
      "screenshot": [],
      "timeline": [],
      "consoleLog": [],
      "netLog": [],
      "perfLog": []
    },
    "cdp": {
      "performance": []
    },
    "timestamps": [
      "2021-03-30T06:18:45+04:00",
      "2021-03-30T06:19:11+04:00",
      "2021-03-30T06:19:36+04:00"
    ],
    "browserScripts": [
      {
        "browser": {
          "appConstants": {
            "ACCESSIBILITY": true,
            "ANDROID_PACKAGE_NAME": "org.mozilla.firefox",
            "ASAN": false,
            "ASAN_REPORTER": false,
            "BROWSER_CHROME_URL": "chrome://browser/content/browser.xul",
            "DEBUG": false,
            "DEBUG_JS_MODULES": "",
            "DLL_PREFIX": "lib",
            "DLL_SUFFIX": ".so",
            "EARLY_BETA_OR_EARLIER": false,
            "FENNEC_NIGHTLY": false,
            "HAVE_SHELL_SERVICE": false,
            "HAVE_USR_LIB64_DIR": false,
            "MENUBAR_CAN_AUTOHIDE": false,
            "MOZILLA_OFFICIAL": true,
            "MOZ_ALLOW_LEGACY_EXTENSIONS": false,
            "MOZ_ANDROID_ACTIVITY_STREAM": false,
            "MOZ_ANDROID_HISTORY": true,
            "MOZ_ANDROID_MOZILLA_ONLINE": false,
            "MOZ_APP_NAME": "fennec",
            "MOZ_APP_VERSION": "68.1.1",
            "MOZ_APP_VERSION_DISPLAY": "68.1.1",
            "MOZ_BING_API_CLIENTID": "no-bing-api-clientid",
            "MOZ_BING_API_KEY": "no-bing-api-key",
            "MOZ_BITS_DOWNLOAD": false,
            "MOZ_BUILD_APP": "mobile/android",
            "MOZ_CODE_COVERAGE": false,
            "MOZ_CRASHREPORTER": true,
            "MOZ_DATA_REPORTING": true,
            "MOZ_DEV_EDITION": false,
            "MOZ_GECKO_PROFILER": true,
            "MOZ_GOOGLE_LOCATION_SERVICE_API_KEY": "AIzaSyB2h2OuRcUgy5N-5hsZqiPW6sH3n_rptiQ",
            "MOZ_GOOGLE_SAFEBROWSING_API_KEY": "AIzaSyC7jsptDS3am4tPx4r3nxis7IMjBc5Dovo",
            "MOZ_GRAPHENE": false,
            "MOZ_MACBUNDLE_NAME": "Firefox.app",
            "MOZ_MAINTENANCE_SERVICE": false,
            "MOZ_MOZILLA_API_KEY": "3b4d27dd-703d-4094-8398-4de2c763505a",
            "MOZ_NEW_CERT_STORAGE": false,
            "MOZ_NEW_NOTIFICATION_STORE": false,
            "MOZ_NEW_XULSTORE": false,
            "MOZ_OFFICIAL_BRANDING": false,
            "MOZ_PLACES": false,
            "MOZ_REQUIRE_SIGNING": false,
            "MOZ_SANDBOX": false,
            "MOZ_SERVICES_HEALTHREPORT": true,
            "MOZ_SERVICES_SYNC": false,
            "MOZ_SWITCHBOARD": true,
            "MOZ_SYSTEM_NSS": false,
            "MOZ_TELEMETRY_ON_BY_DEFAULT": false,
            "MOZ_TELEMETRY_REPORTING": true,
            "MOZ_UNSIGNED_SCOPES": 0,
            "MOZ_UPDATER": false,
            "MOZ_UPDATE_CHANNEL": "release",
            "MOZ_WEBRTC": true,
            "MOZ_WIDGET_GTK": false,
            "MOZ_WIDGET_TOOLKIT": "android",
            "NIGHTLY_BUILD": false,
            "OMNIJAR_NAME": "assets/omni.ja",
            "RELEASE_OR_BETA": true,
            "SOURCE_REVISION_URL": "https://hg.mozilla.org/releases/mozilla-esr68/rev/d2e0b9e17b9bc1ef02606c8006b73293f7892ad5",
            "TELEMETRY_PING_FORMAT_VERSION": 4,
            "XP_UNIX": true,
            "isPlatformAndVersionAtLeast": {},
            "isPlatformAndVersionAtMost": {},
            "platform": "android"
          },
          "asyncAppConstants": {
            "ACCESSIBILITY": true,
            "ANDROID_PACKAGE_NAME": "org.mozilla.firefox",
            "ASAN": false,
            "ASAN_REPORTER": false,
            "BROWSER_CHROME_URL": "chrome://browser/content/browser.xul",
            "DEBUG": false,
            "DEBUG_JS_MODULES": "",
            "DLL_PREFIX": "lib",
            "DLL_SUFFIX": ".so",
            "EARLY_BETA_OR_EARLIER": false,
            "FENNEC_NIGHTLY": false,
            "HAVE_SHELL_SERVICE": false,
            "HAVE_USR_LIB64_DIR": false,
            "MENUBAR_CAN_AUTOHIDE": false,
            "MOZILLA_OFFICIAL": true,
            "MOZ_ALLOW_LEGACY_EXTENSIONS": false,
            "MOZ_ANDROID_ACTIVITY_STREAM": false,
            "MOZ_ANDROID_HISTORY": true,
            "MOZ_ANDROID_MOZILLA_ONLINE": false,
            "MOZ_APP_NAME": "fennec",
            "MOZ_APP_VERSION": "68.1.1",
            "MOZ_APP_VERSION_DISPLAY": "68.1.1",
            "MOZ_BING_API_CLIENTID": "no-bing-api-clientid",
            "MOZ_BING_API_KEY": "no-bing-api-key",
            "MOZ_BITS_DOWNLOAD": false,
            "MOZ_BUILD_APP": "mobile/android",
            "MOZ_CODE_COVERAGE": false,
            "MOZ_CRASHREPORTER": true,
            "MOZ_DATA_REPORTING": true,
            "MOZ_DEV_EDITION": false,
            "MOZ_GECKO_PROFILER": true,
            "MOZ_GOOGLE_LOCATION_SERVICE_API_KEY": "AIzaSyB2h2OuRcUgy5N-5hsZqiPW6sH3n_rptiQ",
            "MOZ_GOOGLE_SAFEBROWSING_API_KEY": "AIzaSyC7jsptDS3am4tPx4r3nxis7IMjBc5Dovo",
            "MOZ_GRAPHENE": false,
            "MOZ_MACBUNDLE_NAME": "Firefox.app",
            "MOZ_MAINTENANCE_SERVICE": false,
            "MOZ_MOZILLA_API_KEY": "3b4d27dd-703d-4094-8398-4de2c763505a",
            "MOZ_NEW_CERT_STORAGE": false,
            "MOZ_NEW_NOTIFICATION_STORE": false,
            "MOZ_NEW_XULSTORE": false,
            "MOZ_OFFICIAL_BRANDING": false,
            "MOZ_PLACES": false,
            "MOZ_REQUIRE_SIGNING": false,
            "MOZ_SANDBOX": false,
            "MOZ_SERVICES_HEALTHREPORT": true,
            "MOZ_SERVICES_SYNC": false,
            "MOZ_SWITCHBOARD": true,
            "MOZ_SYSTEM_NSS": false,
            "MOZ_TELEMETRY_ON_BY_DEFAULT": false,
            "MOZ_TELEMETRY_REPORTING": true,
            "MOZ_UNSIGNED_SCOPES": 0,
            "MOZ_UPDATER": false,
            "MOZ_UPDATE_CHANNEL": "release",
            "MOZ_WEBRTC": true,
            "MOZ_WIDGET_GTK": false,
            "MOZ_WIDGET_TOOLKIT": "android",
            "NIGHTLY_BUILD": false,
            "OMNIJAR_NAME": "assets/omni.ja",
            "RELEASE_OR_BETA": true,
            "SOURCE_REVISION_URL": "https://hg.mozilla.org/releases/mozilla-esr68/rev/d2e0b9e17b9bc1ef02606c8006b73293f7892ad5",
            "TELEMETRY_PING_FORMAT_VERSION": 4,
            "XP_UNIX": true,
            "isPlatformAndVersionAtLeast": {},
            "isPlatformAndVersionAtMost": {},
            "platform": "android"
          },
          "userAgent": "Mozilla/5.0 (Android 8.1.0; Mobile; rv:68.0) Gecko/68.0 Firefox/68.0",
          "windowSize": "360x560"
        },
        "pageinfo": {
          "documentHeight": 5009,
          "documentSize": {
            "decodedBodySize": 38145,
            "encodedBodySize": 9054,
            "transferSize": 11731
          },
          "documentTitle": "Discord | Your Place to Talk and Hang Out",
          "documentWidth": 360,
          "domElements": 250,
          "navigationStartTime": 1617070725739,
          "nextHopProtocol": "h2",
          "resources": {
            "count": 0,
            "duration": 0
          },
          "responsive": true,
          "url": "https://discord.com/",
          "visualElements": {
            "heroes": [
              {
                "filename": "092d86847152cc1297e50ac02e28baf5.svg",
                "height": 600,
                "name": "LargestImage",
                "width": 1775,
                "x": -920,
                "y": 427
              },
              {
                "filename": null,
                "height": 115,
                "name": "Heading",
                "width": 312,
                "x": 24,
                "y": 136
              }
            ],
            "viewport": {
              "height": 560,
              "width": 360
            }
          }
        },
        "timings": {
          "firstPaint": 4640,
          "loadEventEnd": 8113,
          "navigationTiming": {
            "connectStart": 476,
            "domComplete": 8112,
            "domContentLoadedEventEnd": 5172,
            "domContentLoadedEventStart": 5158,
            "domInteractive": 5111,
            "domainLookupEnd": 476,
            "domainLookupStart": 476,
            "duration": 8113,
            "fetchStart": 469,
            "loadEventEnd": 8113,
            "loadEventStart": 8112,
            "redirectEnd": 466,
            "redirectStart": 2,
            "requestStart": 796,
            "responseEnd": 942,
            "responseStart": 942,
            "secureConnectionStart": 604,
            "startTime": 0,
            "unloadEventEnd": 0,
            "unloadEventStart": 0,
            "workerStart": 0
          },
          "pageTimings": {
            "backEndTime": 942,
            "domContentLoadedTime": 5158,
            "domInteractiveTime": 5111,
            "domainLookupTime": 0,
            "frontEndTime": 7170,
            "pageDownloadTime": 0,
            "pageLoadTime": 8112,
            "redirectionTime": 464,
            "serverConnectionTime": 319,
            "serverResponseTime": 145
          },
          "rumSpeedIndex": 941,
          "timeToContentfulPaint": 5109,
          "timeToDomContentFlushed": 5174,
          "timeToFirstInteractive": 8295,
          "userTimings": {
            "marks": [],
            "measures": []
          }
        }
      },
      {
        "browser": {
          "appConstants": {
            "ACCESSIBILITY": true,
            "ANDROID_PACKAGE_NAME": "org.mozilla.firefox",
            "ASAN": false,
            "ASAN_REPORTER": false,
            "BROWSER_CHROME_URL": "chrome://browser/content/browser.xul",
            "DEBUG": false,
            "DEBUG_JS_MODULES": "",
            "DLL_PREFIX": "lib",
            "DLL_SUFFIX": ".so",
            "EARLY_BETA_OR_EARLIER": false,
            "FENNEC_NIGHTLY": false,
            "HAVE_SHELL_SERVICE": false,
            "HAVE_USR_LIB64_DIR": false,
            "MENUBAR_CAN_AUTOHIDE": false,
            "MOZILLA_OFFICIAL": true,
            "MOZ_ALLOW_LEGACY_EXTENSIONS": false,
            "MOZ_ANDROID_ACTIVITY_STREAM": false,
            "MOZ_ANDROID_HISTORY": true,
            "MOZ_ANDROID_MOZILLA_ONLINE": false,
            "MOZ_APP_NAME": "fennec",
            "MOZ_APP_VERSION": "68.1.1",
            "MOZ_APP_VERSION_DISPLAY": "68.1.1",
            "MOZ_BING_API_CLIENTID": "no-bing-api-clientid",
            "MOZ_BING_API_KEY": "no-bing-api-key",
            "MOZ_BITS_DOWNLOAD": false,
            "MOZ_BUILD_APP": "mobile/android",
            "MOZ_CODE_COVERAGE": false,
            "MOZ_CRASHREPORTER": true,
            "MOZ_DATA_REPORTING": true,
            "MOZ_DEV_EDITION": false,
            "MOZ_GECKO_PROFILER": true,
            "MOZ_GOOGLE_LOCATION_SERVICE_API_KEY": "AIzaSyB2h2OuRcUgy5N-5hsZqiPW6sH3n_rptiQ",
            "MOZ_GOOGLE_SAFEBROWSING_API_KEY": "AIzaSyC7jsptDS3am4tPx4r3nxis7IMjBc5Dovo",
            "MOZ_GRAPHENE": false,
            "MOZ_MACBUNDLE_NAME": "Firefox.app",
            "MOZ_MAINTENANCE_SERVICE": false,
            "MOZ_MOZILLA_API_KEY": "3b4d27dd-703d-4094-8398-4de2c763505a",
            "MOZ_NEW_CERT_STORAGE": false,
            "MOZ_NEW_NOTIFICATION_STORE": false,
            "MOZ_NEW_XULSTORE": false,
            "MOZ_OFFICIAL_BRANDING": false,
            "MOZ_PLACES": false,
            "MOZ_REQUIRE_SIGNING": false,
            "MOZ_SANDBOX": false,
            "MOZ_SERVICES_HEALTHREPORT": true,
            "MOZ_SERVICES_SYNC": false,
            "MOZ_SWITCHBOARD": true,
            "MOZ_SYSTEM_NSS": false,
            "MOZ_TELEMETRY_ON_BY_DEFAULT": false,
            "MOZ_TELEMETRY_REPORTING": true,
            "MOZ_UNSIGNED_SCOPES": 0,
            "MOZ_UPDATER": false,
            "MOZ_UPDATE_CHANNEL": "release",
            "MOZ_WEBRTC": true,
            "MOZ_WIDGET_GTK": false,
            "MOZ_WIDGET_TOOLKIT": "android",
            "NIGHTLY_BUILD": false,
            "OMNIJAR_NAME": "assets/omni.ja",
            "RELEASE_OR_BETA": true,
            "SOURCE_REVISION_URL": "https://hg.mozilla.org/releases/mozilla-esr68/rev/d2e0b9e17b9bc1ef02606c8006b73293f7892ad5",
            "TELEMETRY_PING_FORMAT_VERSION": 4,
            "XP_UNIX": true,
            "isPlatformAndVersionAtLeast": {},
            "isPlatformAndVersionAtMost": {},
            "platform": "android"
          },
          "asyncAppConstants": {
            "ACCESSIBILITY": true,
            "ANDROID_PACKAGE_NAME": "org.mozilla.firefox",
            "ASAN": false,
            "ASAN_REPORTER": false,
            "BROWSER_CHROME_URL": "chrome://browser/content/browser.xul",
            "DEBUG": false,
            "DEBUG_JS_MODULES": "",
            "DLL_PREFIX": "lib",
            "DLL_SUFFIX": ".so",
            "EARLY_BETA_OR_EARLIER": false,
            "FENNEC_NIGHTLY": false,
            "HAVE_SHELL_SERVICE": false,
            "HAVE_USR_LIB64_DIR": false,
            "MENUBAR_CAN_AUTOHIDE": false,
            "MOZILLA_OFFICIAL": true,
            "MOZ_ALLOW_LEGACY_EXTENSIONS": false,
            "MOZ_ANDROID_ACTIVITY_STREAM": false,
            "MOZ_ANDROID_HISTORY": true,
            "MOZ_ANDROID_MOZILLA_ONLINE": false,
            "MOZ_APP_NAME": "fennec",
            "MOZ_APP_VERSION": "68.1.1",
            "MOZ_APP_VERSION_DISPLAY": "68.1.1",
            "MOZ_BING_API_CLIENTID": "no-bing-api-clientid",
            "MOZ_BING_API_KEY": "no-bing-api-key",
            "MOZ_BITS_DOWNLOAD": false,
            "MOZ_BUILD_APP": "mobile/android",
            "MOZ_CODE_COVERAGE": false,
            "MOZ_CRASHREPORTER": true,
            "MOZ_DATA_REPORTING": true,
            "MOZ_DEV_EDITION": false,
            "MOZ_GECKO_PROFILER": true,
            "MOZ_GOOGLE_LOCATION_SERVICE_API_KEY": "AIzaSyB2h2OuRcUgy5N-5hsZqiPW6sH3n_rptiQ",
            "MOZ_GOOGLE_SAFEBROWSING_API_KEY": "AIzaSyC7jsptDS3am4tPx4r3nxis7IMjBc5Dovo",
            "MOZ_GRAPHENE": false,
            "MOZ_MACBUNDLE_NAME": "Firefox.app",
            "MOZ_MAINTENANCE_SERVICE": false,
            "MOZ_MOZILLA_API_KEY": "3b4d27dd-703d-4094-8398-4de2c763505a",
            "MOZ_NEW_CERT_STORAGE": false,
            "MOZ_NEW_NOTIFICATION_STORE": false,
            "MOZ_NEW_XULSTORE": false,
            "MOZ_OFFICIAL_BRANDING": false,
            "MOZ_PLACES": false,
            "MOZ_REQUIRE_SIGNING": false,
            "MOZ_SANDBOX": false,
            "MOZ_SERVICES_HEALTHREPORT": true,
            "MOZ_SERVICES_SYNC": false,
            "MOZ_SWITCHBOARD": true,
            "MOZ_SYSTEM_NSS": false,
            "MOZ_TELEMETRY_ON_BY_DEFAULT": false,
            "MOZ_TELEMETRY_REPORTING": true,
            "MOZ_UNSIGNED_SCOPES": 0,
            "MOZ_UPDATER": false,
            "MOZ_UPDATE_CHANNEL": "release",
            "MOZ_WEBRTC": true,
            "MOZ_WIDGET_GTK": false,
            "MOZ_WIDGET_TOOLKIT": "android",
            "NIGHTLY_BUILD": false,
            "OMNIJAR_NAME": "assets/omni.ja",
            "RELEASE_OR_BETA": true,
            "SOURCE_REVISION_URL": "https://hg.mozilla.org/releases/mozilla-esr68/rev/d2e0b9e17b9bc1ef02606c8006b73293f7892ad5",
            "TELEMETRY_PING_FORMAT_VERSION": 4,
            "XP_UNIX": true,
            "isPlatformAndVersionAtLeast": {},
            "isPlatformAndVersionAtMost": {},
            "platform": "android"
          },
          "userAgent": "Mozilla/5.0 (Android 8.1.0; Mobile; rv:68.0) Gecko/68.0 Firefox/68.0",
          "windowSize": "360x560"
        },
        "pageinfo": {
          "documentHeight": 5009,
          "documentSize": {
            "decodedBodySize": 38145,
            "encodedBodySize": 9055,
            "transferSize": 11740
          },
          "documentTitle": "Discord | Your Place to Talk and Hang Out",
          "documentWidth": 360,
          "domElements": 250,
          "navigationStartTime": 1617070752273,
          "nextHopProtocol": "h2",
          "resources": {
            "count": 0,
            "duration": 0
          },
          "responsive": true,
          "url": "https://discord.com/",
          "visualElements": {
            "heroes": [
              {
                "filename": "092d86847152cc1297e50ac02e28baf5.svg",
                "height": 600,
                "name": "LargestImage",
                "width": 1775,
                "x": -920,
                "y": 427
              },
              {
                "filename": null,
                "height": 115,
                "name": "Heading",
                "width": 312,
                "x": 24,
                "y": 136
              }
            ],
            "viewport": {
              "height": 560,
              "width": 360
            }
          }
        },
        "timings": {
          "firstPaint": 2625,
          "loadEventEnd": 6768,
          "navigationTiming": {
            "connectStart": 465,
            "domComplete": 6765,
            "domContentLoadedEventEnd": 4531,
            "domContentLoadedEventStart": 4512,
            "domInteractive": 4457,
            "domainLookupEnd": 465,
            "domainLookupStart": 465,
            "duration": 6768,
            "fetchStart": 444,
            "loadEventEnd": 6768,
            "loadEventStart": 6765,
            "redirectEnd": 441,
            "redirectStart": 2,
            "requestStart": 800,
            "responseEnd": 999,
            "responseStart": 996,
            "secureConnectionStart": 595,
            "startTime": 0,
            "unloadEventEnd": 0,
            "unloadEventStart": 0,
            "workerStart": 0
          },
          "pageTimings": {
            "backEndTime": 996,
            "domContentLoadedTime": 4512,
            "domInteractiveTime": 4457,
            "domainLookupTime": 0,
            "frontEndTime": 5767,
            "pageDownloadTime": 3,
            "pageLoadTime": 6765,
            "redirectionTime": 439,
            "serverConnectionTime": 334,
            "serverResponseTime": 199
          },
          "rumSpeedIndex": 995,
          "timeToContentfulPaint": 2921,
          "timeToDomContentFlushed": 4481,
          "timeToFirstInteractive": 7537,
          "userTimings": {
            "marks": [],
            "measures": []
          }
        }
      },
      {
        "browser": {
          "appConstants": {
            "ACCESSIBILITY": true,
            "ANDROID_PACKAGE_NAME": "org.mozilla.firefox",
            "ASAN": false,
            "ASAN_REPORTER": false,
            "BROWSER_CHROME_URL": "chrome://browser/content/browser.xul",
            "DEBUG": false,
            "DEBUG_JS_MODULES": "",
            "DLL_PREFIX": "lib",
            "DLL_SUFFIX": ".so",
            "EARLY_BETA_OR_EARLIER": false,
            "FENNEC_NIGHTLY": false,
            "HAVE_SHELL_SERVICE": false,
            "HAVE_USR_LIB64_DIR": false,
            "MENUBAR_CAN_AUTOHIDE": false,
            "MOZILLA_OFFICIAL": true,
            "MOZ_ALLOW_LEGACY_EXTENSIONS": false,
            "MOZ_ANDROID_ACTIVITY_STREAM": false,
            "MOZ_ANDROID_HISTORY": true,
            "MOZ_ANDROID_MOZILLA_ONLINE": false,
            "MOZ_APP_NAME": "fennec",
            "MOZ_APP_VERSION": "68.1.1",
            "MOZ_APP_VERSION_DISPLAY": "68.1.1",
            "MOZ_BING_API_CLIENTID": "no-bing-api-clientid",
            "MOZ_BING_API_KEY": "no-bing-api-key",
            "MOZ_BITS_DOWNLOAD": false,
            "MOZ_BUILD_APP": "mobile/android",
            "MOZ_CODE_COVERAGE": false,
            "MOZ_CRASHREPORTER": true,
            "MOZ_DATA_REPORTING": true,
            "MOZ_DEV_EDITION": false,
            "MOZ_GECKO_PROFILER": true,
            "MOZ_GOOGLE_LOCATION_SERVICE_API_KEY": "AIzaSyB2h2OuRcUgy5N-5hsZqiPW6sH3n_rptiQ",
            "MOZ_GOOGLE_SAFEBROWSING_API_KEY": "AIzaSyC7jsptDS3am4tPx4r3nxis7IMjBc5Dovo",
            "MOZ_GRAPHENE": false,
            "MOZ_MACBUNDLE_NAME": "Firefox.app",
            "MOZ_MAINTENANCE_SERVICE": false,
            "MOZ_MOZILLA_API_KEY": "3b4d27dd-703d-4094-8398-4de2c763505a",
            "MOZ_NEW_CERT_STORAGE": false,
            "MOZ_NEW_NOTIFICATION_STORE": false,
            "MOZ_NEW_XULSTORE": false,
            "MOZ_OFFICIAL_BRANDING": false,
            "MOZ_PLACES": false,
            "MOZ_REQUIRE_SIGNING": false,
            "MOZ_SANDBOX": false,
            "MOZ_SERVICES_HEALTHREPORT": true,
            "MOZ_SERVICES_SYNC": false,
            "MOZ_SWITCHBOARD": true,
            "MOZ_SYSTEM_NSS": false,
            "MOZ_TELEMETRY_ON_BY_DEFAULT": false,
            "MOZ_TELEMETRY_REPORTING": true,
            "MOZ_UNSIGNED_SCOPES": 0,
            "MOZ_UPDATER": false,
            "MOZ_UPDATE_CHANNEL": "release",
            "MOZ_WEBRTC": true,
            "MOZ_WIDGET_GTK": false,
            "MOZ_WIDGET_TOOLKIT": "android",
            "NIGHTLY_BUILD": false,
            "OMNIJAR_NAME": "assets/omni.ja",
            "RELEASE_OR_BETA": true,
            "SOURCE_REVISION_URL": "https://hg.mozilla.org/releases/mozilla-esr68/rev/d2e0b9e17b9bc1ef02606c8006b73293f7892ad5",
            "TELEMETRY_PING_FORMAT_VERSION": 4,
            "XP_UNIX": true,
            "isPlatformAndVersionAtLeast": {},
            "isPlatformAndVersionAtMost": {},
            "platform": "android"
          },
          "asyncAppConstants": {
            "ACCESSIBILITY": true,
            "ANDROID_PACKAGE_NAME": "org.mozilla.firefox",
            "ASAN": false,
            "ASAN_REPORTER": false,
            "BROWSER_CHROME_URL": "chrome://browser/content/browser.xul",
            "DEBUG": false,
            "DEBUG_JS_MODULES": "",
            "DLL_PREFIX": "lib",
            "DLL_SUFFIX": ".so",
            "EARLY_BETA_OR_EARLIER": false,
            "FENNEC_NIGHTLY": false,
            "HAVE_SHELL_SERVICE": false,
            "HAVE_USR_LIB64_DIR": false,
            "MENUBAR_CAN_AUTOHIDE": false,
            "MOZILLA_OFFICIAL": true,
            "MOZ_ALLOW_LEGACY_EXTENSIONS": false,
            "MOZ_ANDROID_ACTIVITY_STREAM": false,
            "MOZ_ANDROID_HISTORY": true,
            "MOZ_ANDROID_MOZILLA_ONLINE": false,
            "MOZ_APP_NAME": "fennec",
            "MOZ_APP_VERSION": "68.1.1",
            "MOZ_APP_VERSION_DISPLAY": "68.1.1",
            "MOZ_BING_API_CLIENTID": "no-bing-api-clientid",
            "MOZ_BING_API_KEY": "no-bing-api-key",
            "MOZ_BITS_DOWNLOAD": false,
            "MOZ_BUILD_APP": "mobile/android",
            "MOZ_CODE_COVERAGE": false,
            "MOZ_CRASHREPORTER": true,
            "MOZ_DATA_REPORTING": true,
            "MOZ_DEV_EDITION": false,
            "MOZ_GECKO_PROFILER": true,
            "MOZ_GOOGLE_LOCATION_SERVICE_API_KEY": "AIzaSyB2h2OuRcUgy5N-5hsZqiPW6sH3n_rptiQ",
            "MOZ_GOOGLE_SAFEBROWSING_API_KEY": "AIzaSyC7jsptDS3am4tPx4r3nxis7IMjBc5Dovo",
            "MOZ_GRAPHENE": false,
            "MOZ_MACBUNDLE_NAME": "Firefox.app",
            "MOZ_MAINTENANCE_SERVICE": false,
            "MOZ_MOZILLA_API_KEY": "3b4d27dd-703d-4094-8398-4de2c763505a",
            "MOZ_NEW_CERT_STORAGE": false,
            "MOZ_NEW_NOTIFICATION_STORE": false,
            "MOZ_NEW_XULSTORE": false,
            "MOZ_OFFICIAL_BRANDING": false,
            "MOZ_PLACES": false,
            "MOZ_REQUIRE_SIGNING": false,
            "MOZ_SANDBOX": false,
            "MOZ_SERVICES_HEALTHREPORT": true,
            "MOZ_SERVICES_SYNC": false,
            "MOZ_SWITCHBOARD": true,
            "MOZ_SYSTEM_NSS": false,
            "MOZ_TELEMETRY_ON_BY_DEFAULT": false,
            "MOZ_TELEMETRY_REPORTING": true,
            "MOZ_UNSIGNED_SCOPES": 0,
            "MOZ_UPDATER": false,
            "MOZ_UPDATE_CHANNEL": "release",
            "MOZ_WEBRTC": true,
            "MOZ_WIDGET_GTK": false,
            "MOZ_WIDGET_TOOLKIT": "android",
            "NIGHTLY_BUILD": false,
            "OMNIJAR_NAME": "assets/omni.ja",
            "RELEASE_OR_BETA": true,
            "SOURCE_REVISION_URL": "https://hg.mozilla.org/releases/mozilla-esr68/rev/d2e0b9e17b9bc1ef02606c8006b73293f7892ad5",
            "TELEMETRY_PING_FORMAT_VERSION": 4,
            "XP_UNIX": true,
            "isPlatformAndVersionAtLeast": {},
            "isPlatformAndVersionAtMost": {},
            "platform": "android"
          },
          "userAgent": "Mozilla/5.0 (Android 8.1.0; Mobile; rv:68.0) Gecko/68.0 Firefox/68.0",
          "windowSize": "360x560"
        },
        "pageinfo": {
          "documentHeight": 5009,
          "documentSize": {
            "decodedBodySize": 38145,
            "encodedBodySize": 9056,
            "transferSize": 11735
          },
          "documentTitle": "Discord | Your Place to Talk and Hang Out",
          "documentWidth": 360,
          "domElements": 250,
          "navigationStartTime": 1617070776956,
          "nextHopProtocol": "h2",
          "resources": {
            "count": 0,
            "duration": 0
          },
          "responsive": true,
          "url": "https://discord.com/",
          "visualElements": {
            "heroes": [
              {
                "filename": "092d86847152cc1297e50ac02e28baf5.svg",
                "height": 600,
                "name": "LargestImage",
                "width": 1775,
                "x": -920,
                "y": 427
              },
              {
                "filename": null,
                "height": 115,
                "name": "Heading",
                "width": 312,
                "x": 24,
                "y": 136
              }
            ],
            "viewport": {
              "height": 560,
              "width": 360
            }
          }
        },
        "timings": {
          "firstPaint": 2774,
          "loadEventEnd": 7043,
          "navigationTiming": {
            "connectStart": 576,
            "domComplete": 7041,
            "domContentLoadedEventEnd": 4886,
            "domContentLoadedEventStart": 4870,
            "domInteractive": 4801,
            "domainLookupEnd": 576,
            "domainLookupStart": 576,
            "duration": 7043,
            "fetchStart": 550,
            "loadEventEnd": 7043,
            "loadEventStart": 7041,
            "redirectEnd": 546,
            "redirectStart": 3,
            "requestStart": 991,
            "responseEnd": 1174,
            "responseStart": 1171,
            "secureConnectionStart": 721,
            "startTime": 0,
            "unloadEventEnd": 0,
            "unloadEventStart": 0,
            "workerStart": 0
          },
          "pageTimings": {
            "backEndTime": 1171,
            "domContentLoadedTime": 4870,
            "domInteractiveTime": 4801,
            "domainLookupTime": 0,
            "frontEndTime": 5868,
            "pageDownloadTime": 3,
            "pageLoadTime": 7041,
            "redirectionTime": 543,
            "serverConnectionTime": 414,
            "serverResponseTime": 183
          },
          "rumSpeedIndex": 1170,
          "timeToContentfulPaint": 3034,
          "timeToDomContentFlushed": 4821,
          "timeToFirstInteractive": 7532,
          "userTimings": {
            "marks": [],
            "measures": []
          }
        }
      }
    ],
    "visualMetrics": [],
    "cpu": [],
    "extras": [
      {},
      {},
      {}
    ],
    "fullyLoaded": [],
    "errors": [
      [],
      [],
      []
    ],
    "statistics": {
      "browser": {
        "appConstants": {
          "MOZ_UNSIGNED_SCOPES": {
            "median": 0,
            "mean": 0,
            "mdev": 0,
            "stddev": 0,
            "min": 0,
            "p10": 0,
            "p90": 0,
            "p99": 0,
            "max": 0
          },
          "TELEMETRY_PING_FORMAT_VERSION": {
            "median": 4,
            "mean": 4,
            "mdev": 0,
            "stddev": 0,
            "min": 4,
            "p10": 4,
            "p90": 4,
            "p99": 4,
            "max": 4
          }
        },
        "asyncAppConstants": {
          "MOZ_UNSIGNED_SCOPES": {
            "median": 0,
            "mean": 0,
            "mdev": 0,
            "stddev": 0,
            "min": 0,
            "p10": 0,
            "p90": 0,
            "p99": 0,
            "max": 0
          },
          "TELEMETRY_PING_FORMAT_VERSION": {
            "median": 4,
            "mean": 4,
            "mdev": 0,
            "stddev": 0,
            "min": 4,
            "p10": 4,
            "p90": 4,
            "p99": 4,
            "max": 4
          }
        }
      },
      "pageinfo": {
        "documentHeight": {
          "median": 5009,
          "mean": 5009,
          "mdev": 0,
          "stddev": 0,
          "min": 5009,
          "p10": 5009,
          "p90": 5009,
          "p99": 5009,
          "max": 5009
        },
        "documentSize": {
          "decodedBodySize": {
            "median": 38145,
            "mean": 38145,
            "mdev": 0,
            "stddev": 0,
            "min": 38145,
            "p10": 38145,
            "p90": 38145,
            "p99": 38145,
            "max": 38145
          },
          "encodedBodySize": {
            "median": 9055,
            "mean": 9055,
            "mdev": 0.4714,
            "stddev": 1,
            "min": 9054,
            "p10": 9054,
            "p90": 9056,
            "p99": 9056,
            "max": 9056
          },
          "transferSize": {
            "median": 11735,
            "mean": 11735,
            "mdev": 2.1257,
            "stddev": 4,
            "min": 11731,
            "p10": 11731,
            "p90": 11740,
            "p99": 11740,
            "max": 11740
          }
        },
        "documentWidth": {
          "median": 360,
          "mean": 360,
          "mdev": 0,
          "stddev": 0,
          "min": 360,
          "p10": 360,
          "p90": 360,
          "p99": 360,
          "max": 360
        },
        "domElements": {
          "median": 250,
          "mean": 250,
          "mdev": 0,
          "stddev": 0,
          "min": 250,
          "p10": 250,
          "p90": 250,
          "p99": 250,
          "max": 250
        },
        "navigationStartTime": {
          "median": 1617070752273,
          "mean": 1617070751656,
          "mdev": 0,
          "stddev": 0,
          "min": 1617070725739,
          "p10": 1617070725739,
          "p90": 1617070776956,
          "p99": 1617070776956,
          "max": 1617070776956
        },
        "resources": {
          "count": {
            "median": 0,
            "mean": 0,
            "mdev": 0,
            "stddev": 0,
            "min": 0,
            "p10": 0,
            "p90": 0,
            "p99": 0,
            "max": 0
          },
          "duration": {
            "median": 0,
            "mean": 0,
            "mdev": 0,
            "stddev": 0,
            "min": 0,
            "p10": 0,
            "p90": 0,
            "p99": 0,
            "max": 0
          }
        },
        "visualElements": {
          "heroes": [
            {
              "height": {
                "median": 600,
                "mean": 600,
                "mdev": 0,
                "stddev": 0,
                "min": 600,
                "p10": 600,
                "p90": 600,
                "p99": 600,
                "max": 600
              },
              "width": {
                "median": 1775,
                "mean": 1775,
                "mdev": 0,
                "stddev": 0,
                "min": 1775,
                "p10": 1775,
                "p90": 1775,
                "p99": 1775,
                "max": 1775
              },
              "x": {
                "median": -920,
                "mean": -920,
                "mdev": 0,
                "stddev": 0,
                "min": -920,
                "p10": -920,
                "p90": -920,
                "p99": -920,
                "max": -920
              },
              "y": {
                "median": 427,
                "mean": 427,
                "mdev": 0,
                "stddev": 0,
                "min": 427,
                "p10": 427,
                "p90": 427,
                "p99": 427,
                "max": 427
              }
            },
            {
              "height": {
                "median": 115,
                "mean": 115,
                "mdev": 0,
                "stddev": 0,
                "min": 115,
                "p10": 115,
                "p90": 115,
                "p99": 115,
                "max": 115
              },
              "width": {
                "median": 312,
                "mean": 312,
                "mdev": 0,
                "stddev": 0,
                "min": 312,
                "p10": 312,
                "p90": 312,
                "p99": 312,
                "max": 312
              },
              "x": {
                "median": 24,
                "mean": 24,
                "mdev": 0,
                "stddev": 0,
                "min": 24,
                "p10": 24,
                "p90": 24,
                "p99": 24,
                "max": 24
              },
              "y": {
                "median": 136,
                "mean": 136,
                "mdev": 0,
                "stddev": 0,
                "min": 136,
                "p10": 136,
                "p90": 136,
                "p99": 136,
                "max": 136
              }
            }
          ],
          "viewport": {
            "height": {
              "median": 560,
              "mean": 560,
              "mdev": 0,
              "stddev": 0,
              "min": 560,
              "p10": 560,
              "p90": 560,
              "p99": 560,
              "max": 560
            },
            "width": {
              "median": 360,
              "mean": 360,
              "mdev": 0,
              "stddev": 0,
              "min": 360,
              "p10": 360,
              "p90": 360,
              "p99": 360,
              "max": 360
            }
          }
        }
      },
      "timings": {
        "firstPaint": {
          "median": 2774,
          "mean": 3346,
          "mdev": 529.3036,
          "stddev": 917,
          "min": 2625,
          "p10": 2625,
          "p90": 4640,
          "p99": 4640,
          "max": 4640
        },
        "loadEventEnd": {
          "median": 7043,
          "mean": 7308,
          "mdev": 334.971,
          "stddev": 580,
          "min": 6768,
          "p10": 6768,
          "p90": 8113,
          "p99": 8113,
          "max": 8113
        },
        "navigationTiming": {
          "connectStart": {
            "median": 476,
            "mean": 506,
            "mdev": 28.8303,
            "stddev": 50,
            "min": 465,
            "p10": 465,
            "p90": 576,
            "p99": 576,
            "max": 576
          },
          "domComplete": {
            "median": 7041,
            "mean": 7306,
            "mdev": 335.4172,
            "stddev": 581,
            "min": 6765,
            "p10": 6765,
            "p90": 8112,
            "p99": 8112,
            "max": 8112
          },
          "domContentLoadedEventEnd": {
            "median": 4886,
            "mean": 4863,
            "mdev": 151.3766,
            "stddev": 262,
            "min": 4531,
            "p10": 4531,
            "p90": 5172,
            "p99": 5172,
            "max": 5172
          },
          "domContentLoadedEventStart": {
            "median": 4870,
            "mean": 4847,
            "mdev": 152.5613,
            "stddev": 264,
            "min": 4512,
            "p10": 4512,
            "p90": 5158,
            "p99": 5158,
            "max": 5158
          },
          "domInteractive": {
            "median": 4801,
            "mean": 4790,
            "mdev": 154.2187,
            "stddev": 267,
            "min": 4457,
            "p10": 4457,
            "p90": 5111,
            "p99": 5111,
            "max": 5111
          },
          "domainLookupEnd": {
            "median": 476,
            "mean": 506,
            "mdev": 28.8303,
            "stddev": 50,
            "min": 465,
            "p10": 465,
            "p90": 576,
            "p99": 576,
            "max": 576
          },
          "domainLookupStart": {
            "median": 476,
            "mean": 506,
            "mdev": 28.8303,
            "stddev": 50,
            "min": 465,
            "p10": 465,
            "p90": 576,
            "p99": 576,
            "max": 576
          },
          "duration": {
            "median": 7043,
            "mean": 7308,
            "mdev": 334.971,
            "stddev": 580,
            "min": 6768,
            "p10": 6768,
            "p90": 8113,
            "p99": 8113,
            "max": 8113
          },
          "fetchStart": {
            "median": 469,
            "mean": 488,
            "mdev": 26.1208,
            "stddev": 45,
            "min": 444,
            "p10": 444,
            "p90": 550,
            "p99": 550,
            "max": 550
          },
          "loadEventEnd": {
            "median": 7043,
            "mean": 7308,
            "mdev": 334.971,
            "stddev": 580,
            "min": 6768,
            "p10": 6768,
            "p90": 8113,
            "p99": 8113,
            "max": 8113
          },
          "loadEventStart": {
            "median": 7041,
            "mean": 7306,
            "mdev": 335.4172,
            "stddev": 581,
            "min": 6765,
            "p10": 6765,
            "p90": 8112,
            "p99": 8112,
            "max": 8112
          },
          "redirectEnd": {
            "median": 466,
            "mean": 484,
            "mdev": 25.8557,
            "stddev": 45,
            "min": 441,
            "p10": 441,
            "p90": 546,
            "p99": 546,
            "max": 546
          },
          "redirectStart": {
            "median": 2,
            "mean": 2,
            "mdev": 0.2722,
            "stddev": 0,
            "min": 2,
            "p10": 2,
            "p90": 3,
            "p99": 3,
            "max": 3
          },
          "requestStart": {
            "median": 800,
            "mean": 862,
            "mdev": 52.5364,
            "stddev": 91,
            "min": 796,
            "p10": 796,
            "p90": 991,
            "p99": 991,
            "max": 991
          },
          "responseEnd": {
            "median": 999,
            "mean": 1038,
            "mdev": 56.9919,
            "stddev": 99,
            "min": 942,
            "p10": 942,
            "p90": 1174,
            "p99": 1174,
            "max": 1174
          },
          "responseStart": {
            "median": 996,
            "mean": 1036,
            "mdev": 56.4315,
            "stddev": 98,
            "min": 942,
            "p10": 942,
            "p90": 1171,
            "p99": 1171,
            "max": 1171
          },
          "secureConnectionStart": {
            "median": 604,
            "mean": 640,
            "mdev": 33.1361,
            "stddev": 57,
            "min": 595,
            "p10": 595,
            "p90": 721,
            "p99": 721,
            "max": 721
          },
          "startTime": {
            "median": 0,
            "mean": 0,
            "mdev": 0,
            "stddev": 0,
            "min": 0,
            "p10": 0,
            "p90": 0,
            "p99": 0,
            "max": 0
          },
          "unloadEventEnd": {
            "median": 0,
            "mean": 0,
            "mdev": 0,
            "stddev": 0,
            "min": 0,
            "p10": 0,
            "p90": 0,
            "p99": 0,
            "max": 0
          },
          "unloadEventStart": {
            "median": 0,
            "mean": 0,
            "mdev": 0,
            "stddev": 0,
            "min": 0,
            "p10": 0,
            "p90": 0,
            "p99": 0,
            "max": 0
          },
          "workerStart": {
            "median": 0,
            "mean": 0,
            "mdev": 0,
            "stddev": 0,
            "min": 0,
            "p10": 0,
            "p90": 0,
            "p99": 0,
            "max": 0
          }
        },
        "pageTimings": {
          "backEndTime": {
            "median": 996,
            "mean": 1036,
            "mdev": 56.4315,
            "stddev": 98,
            "min": 942,
            "p10": 942,
            "p90": 1171,
            "p99": 1171,
            "max": 1171
          },
          "domContentLoadedTime": {
            "median": 4870,
            "mean": 4847,
            "mdev": 152.5613,
            "stddev": 264,
            "min": 4512,
            "p10": 4512,
            "p90": 5158,
            "p99": 5158,
            "max": 5158
          },
          "domInteractiveTime": {
            "median": 4801,
            "mean": 4790,
            "mdev": 154.2187,
            "stddev": 267,
            "min": 4457,
            "p10": 4457,
            "p90": 5111,
            "p99": 5111,
            "max": 5111
          },
          "domainLookupTime": {
            "median": 0,
            "mean": 0,
            "mdev": 0,
            "stddev": 0,
            "min": 0,
            "p10": 0,
            "p90": 0,
            "p99": 0,
            "max": 0
          },
          "frontEndTime": {
            "median": 5868,
            "mean": 6268,
            "mdev": 368.8729,
            "stddev": 639,
            "min": 5767,
            "p10": 5767,
            "p90": 7170,
            "p99": 7170,
            "max": 7170
          },
          "pageDownloadTime": {
            "median": 3,
            "mean": 2,
            "mdev": 0.8165,
            "stddev": 1,
            "min": 0,
            "p10": 0,
            "p90": 3,
            "p99": 3,
            "max": 3
          },
          "pageLoadTime": {
            "median": 7041,
            "mean": 7306,
            "mdev": 335.4172,
            "stddev": 581,
            "min": 6765,
            "p10": 6765,
            "p90": 8112,
            "p99": 8112,
            "max": 8112
          },
          "redirectionTime": {
            "median": 464,
            "mean": 482,
            "mdev": 25.5908,
            "stddev": 44,
            "min": 439,
            "p10": 439,
            "p90": 543,
            "p99": 543,
            "max": 543
          },
          "serverConnectionTime": {
            "median": 334,
            "mean": 356,
            "mdev": 24.0755,
            "stddev": 42,
            "min": 319,
            "p10": 319,
            "p90": 414,
            "p99": 414,
            "max": 414
          },
          "serverResponseTime": {
            "median": 183,
            "mean": 176,
            "mdev": 13.0753,
            "stddev": 23,
            "min": 145,
            "p10": 145,
            "p90": 199,
            "p99": 199,
            "max": 199
          }
        },
        "rumSpeedIndex": {
          "median": 995,
          "mean": 1035,
          "mdev": 56.4315,
          "stddev": 98,
          "min": 941,
          "p10": 941,
          "p90": 1170,
          "p99": 1170,
          "max": 1170
        },
        "timeToContentfulPaint": {
          "median": 3034,
          "mean": 3688,
          "mdev": 580.7319,
          "stddev": 1006,
          "min": 2921,
          "p10": 2921,
          "p90": 5109,
          "p99": 5109,
          "max": 5109
        },
        "timeToDomContentFlushed": {
          "median": 4821,
          "mean": 4825,
          "mdev": 163.3512,
          "stddev": 283,
          "min": 4481,
          "p10": 4481,
          "p90": 5174,
          "p99": 5174,
          "max": 5174
        },
        "timeToFirstInteractive": {
          "median": 7537,
          "mean": 7788,
          "mdev": 206.9852,
          "stddev": 359,
          "min": 7532,
          "p10": 7532,
          "p90": 8295,
          "p99": 8295,
          "max": 8295
        }
      }
    }
  }
]