[
  {
    "info": {
      "browsertime": {
        "version": "8.4.0"
      },
      "url": "https://www.onlinesbi.com/",
      "timestamp": "2021-03-30T06:49:40+04:00",
      "connectivity": {
        "engine": "external",
        "profile": "native"
      },
      "extra": {}
    },
    "files": {
      "video": [],
      "screenshot": [],
      "timeline": [],
      "consoleLog": [],
      "netLog": [],
      "perfLog": []
    },
    "cdp": {
      "performance": []
    },
    "timestamps": [
      "2021-03-30T06:49:29+04:00",
      "2021-03-30T06:49:53+04:00",
      "2021-03-30T06:50:15+04:00"
    ],
    "browserScripts": [
      {
        "browser": {
          "appConstants": {
            "ACCESSIBILITY": true,
            "ANDROID_PACKAGE_NAME": "org.mozilla.firefox",
            "ASAN": false,
            "ASAN_REPORTER": false,
            "BROWSER_CHROME_URL": "chrome://browser/content/browser.xul",
            "DEBUG": false,
            "DEBUG_JS_MODULES": "",
            "DLL_PREFIX": "lib",
            "DLL_SUFFIX": ".so",
            "EARLY_BETA_OR_EARLIER": false,
            "FENNEC_NIGHTLY": false,
            "HAVE_SHELL_SERVICE": false,
            "HAVE_USR_LIB64_DIR": false,
            "MENUBAR_CAN_AUTOHIDE": false,
            "MOZILLA_OFFICIAL": true,
            "MOZ_ALLOW_LEGACY_EXTENSIONS": false,
            "MOZ_ANDROID_ACTIVITY_STREAM": false,
            "MOZ_ANDROID_HISTORY": true,
            "MOZ_ANDROID_MOZILLA_ONLINE": false,
            "MOZ_APP_NAME": "fennec",
            "MOZ_APP_VERSION": "68.1.1",
            "MOZ_APP_VERSION_DISPLAY": "68.1.1",
            "MOZ_BING_API_CLIENTID": "no-bing-api-clientid",
            "MOZ_BING_API_KEY": "no-bing-api-key",
            "MOZ_BITS_DOWNLOAD": false,
            "MOZ_BUILD_APP": "mobile/android",
            "MOZ_CODE_COVERAGE": false,
            "MOZ_CRASHREPORTER": true,
            "MOZ_DATA_REPORTING": true,
            "MOZ_DEV_EDITION": false,
            "MOZ_GECKO_PROFILER": true,
            "MOZ_GOOGLE_LOCATION_SERVICE_API_KEY": "AIzaSyB2h2OuRcUgy5N-5hsZqiPW6sH3n_rptiQ",
            "MOZ_GOOGLE_SAFEBROWSING_API_KEY": "AIzaSyC7jsptDS3am4tPx4r3nxis7IMjBc5Dovo",
            "MOZ_GRAPHENE": false,
            "MOZ_MACBUNDLE_NAME": "Firefox.app",
            "MOZ_MAINTENANCE_SERVICE": false,
            "MOZ_MOZILLA_API_KEY": "3b4d27dd-703d-4094-8398-4de2c763505a",
            "MOZ_NEW_CERT_STORAGE": false,
            "MOZ_NEW_NOTIFICATION_STORE": false,
            "MOZ_NEW_XULSTORE": false,
            "MOZ_OFFICIAL_BRANDING": false,
            "MOZ_PLACES": false,
            "MOZ_REQUIRE_SIGNING": false,
            "MOZ_SANDBOX": false,
            "MOZ_SERVICES_HEALTHREPORT": true,
            "MOZ_SERVICES_SYNC": false,
            "MOZ_SWITCHBOARD": true,
            "MOZ_SYSTEM_NSS": false,
            "MOZ_TELEMETRY_ON_BY_DEFAULT": false,
            "MOZ_TELEMETRY_REPORTING": true,
            "MOZ_UNSIGNED_SCOPES": 0,
            "MOZ_UPDATER": false,
            "MOZ_UPDATE_CHANNEL": "release",
            "MOZ_WEBRTC": true,
            "MOZ_WIDGET_GTK": false,
            "MOZ_WIDGET_TOOLKIT": "android",
            "NIGHTLY_BUILD": false,
            "OMNIJAR_NAME": "assets/omni.ja",
            "RELEASE_OR_BETA": true,
            "SOURCE_REVISION_URL": "https://hg.mozilla.org/releases/mozilla-esr68/rev/d2e0b9e17b9bc1ef02606c8006b73293f7892ad5",
            "TELEMETRY_PING_FORMAT_VERSION": 4,
            "XP_UNIX": true,
            "isPlatformAndVersionAtLeast": {},
            "isPlatformAndVersionAtMost": {},
            "platform": "android"
          },
          "asyncAppConstants": {
            "ACCESSIBILITY": true,
            "ANDROID_PACKAGE_NAME": "org.mozilla.firefox",
            "ASAN": false,
            "ASAN_REPORTER": false,
            "BROWSER_CHROME_URL": "chrome://browser/content/browser.xul",
            "DEBUG": false,
            "DEBUG_JS_MODULES": "",
            "DLL_PREFIX": "lib",
            "DLL_SUFFIX": ".so",
            "EARLY_BETA_OR_EARLIER": false,
            "FENNEC_NIGHTLY": false,
            "HAVE_SHELL_SERVICE": false,
            "HAVE_USR_LIB64_DIR": false,
            "MENUBAR_CAN_AUTOHIDE": false,
            "MOZILLA_OFFICIAL": true,
            "MOZ_ALLOW_LEGACY_EXTENSIONS": false,
            "MOZ_ANDROID_ACTIVITY_STREAM": false,
            "MOZ_ANDROID_HISTORY": true,
            "MOZ_ANDROID_MOZILLA_ONLINE": false,
            "MOZ_APP_NAME": "fennec",
            "MOZ_APP_VERSION": "68.1.1",
            "MOZ_APP_VERSION_DISPLAY": "68.1.1",
            "MOZ_BING_API_CLIENTID": "no-bing-api-clientid",
            "MOZ_BING_API_KEY": "no-bing-api-key",
            "MOZ_BITS_DOWNLOAD": false,
            "MOZ_BUILD_APP": "mobile/android",
            "MOZ_CODE_COVERAGE": false,
            "MOZ_CRASHREPORTER": true,
            "MOZ_DATA_REPORTING": true,
            "MOZ_DEV_EDITION": false,
            "MOZ_GECKO_PROFILER": true,
            "MOZ_GOOGLE_LOCATION_SERVICE_API_KEY": "AIzaSyB2h2OuRcUgy5N-5hsZqiPW6sH3n_rptiQ",
            "MOZ_GOOGLE_SAFEBROWSING_API_KEY": "AIzaSyC7jsptDS3am4tPx4r3nxis7IMjBc5Dovo",
            "MOZ_GRAPHENE": false,
            "MOZ_MACBUNDLE_NAME": "Firefox.app",
            "MOZ_MAINTENANCE_SERVICE": false,
            "MOZ_MOZILLA_API_KEY": "3b4d27dd-703d-4094-8398-4de2c763505a",
            "MOZ_NEW_CERT_STORAGE": false,
            "MOZ_NEW_NOTIFICATION_STORE": false,
            "MOZ_NEW_XULSTORE": false,
            "MOZ_OFFICIAL_BRANDING": false,
            "MOZ_PLACES": false,
            "MOZ_REQUIRE_SIGNING": false,
            "MOZ_SANDBOX": false,
            "MOZ_SERVICES_HEALTHREPORT": true,
            "MOZ_SERVICES_SYNC": false,
            "MOZ_SWITCHBOARD": true,
            "MOZ_SYSTEM_NSS": false,
            "MOZ_TELEMETRY_ON_BY_DEFAULT": false,
            "MOZ_TELEMETRY_REPORTING": true,
            "MOZ_UNSIGNED_SCOPES": 0,
            "MOZ_UPDATER": false,
            "MOZ_UPDATE_CHANNEL": "release",
            "MOZ_WEBRTC": true,
            "MOZ_WIDGET_GTK": false,
            "MOZ_WIDGET_TOOLKIT": "android",
            "NIGHTLY_BUILD": false,
            "OMNIJAR_NAME": "assets/omni.ja",
            "RELEASE_OR_BETA": true,
            "SOURCE_REVISION_URL": "https://hg.mozilla.org/releases/mozilla-esr68/rev/d2e0b9e17b9bc1ef02606c8006b73293f7892ad5",
            "TELEMETRY_PING_FORMAT_VERSION": 4,
            "XP_UNIX": true,
            "isPlatformAndVersionAtLeast": {},
            "isPlatformAndVersionAtMost": {},
            "platform": "android"
          },
          "userAgent": "Mozilla/5.0 (Android 8.1.0; Mobile; rv:68.0) Gecko/68.0 Firefox/68.0",
          "windowSize": "360x560"
        },
        "pageinfo": {
          "documentHeight": 1981,
          "documentSize": {
            "decodedBodySize": 57257,
            "encodedBodySize": 11106,
            "transferSize": 11971
          },
          "documentTitle": "State Bank of India",
          "documentWidth": 360,
          "domElements": 733,
          "navigationStartTime": 1617072570424,
          "nextHopProtocol": "http/1.1",
          "resources": {
            "count": 0,
            "duration": 0
          },
          "responsive": true,
          "url": "https://www.onlinesbi.com/",
          "visualElements": {
            "heroes": [
              {
                "filename": "cache_mob.gif",
                "height": 33,
                "name": "LargestImage",
                "width": 308,
                "x": 26,
                "y": 116
              }
            ],
            "viewport": {
              "height": 1981,
              "width": 360
            }
          }
        },
        "timings": {
          "firstPaint": 3140,
          "loadEventEnd": 4199,
          "navigationTiming": {
            "connectStart": 38,
            "domComplete": 4103,
            "domContentLoadedEventEnd": 3252,
            "domContentLoadedEventStart": 3239,
            "domInteractive": 3131,
            "domainLookupEnd": 38,
            "domainLookupStart": 38,
            "duration": 4199,
            "fetchStart": 3,
            "loadEventEnd": 4199,
            "loadEventStart": 4103,
            "redirectEnd": 0,
            "redirectStart": 0,
            "requestStart": 1022,
            "responseEnd": 1296,
            "responseStart": 1290,
            "secureConnectionStart": 307,
            "startTime": 0,
            "unloadEventEnd": 0,
            "unloadEventStart": 0,
            "workerStart": 0
          },
          "pageTimings": {
            "backEndTime": 1290,
            "domContentLoadedTime": 3239,
            "domInteractiveTime": 3131,
            "domainLookupTime": 0,
            "frontEndTime": 2807,
            "pageDownloadTime": 6,
            "pageLoadTime": 4103,
            "redirectionTime": 0,
            "serverConnectionTime": 983,
            "serverResponseTime": 274
          },
          "rumSpeedIndex": 1290,
          "timeToContentfulPaint": 3314,
          "timeToDomContentFlushed": 3137,
          "userTimings": {
            "marks": [],
            "measures": []
          }
        }
      },
      {
        "browser": {
          "appConstants": {
            "ACCESSIBILITY": true,
            "ANDROID_PACKAGE_NAME": "org.mozilla.firefox",
            "ASAN": false,
            "ASAN_REPORTER": false,
            "BROWSER_CHROME_URL": "chrome://browser/content/browser.xul",
            "DEBUG": false,
            "DEBUG_JS_MODULES": "",
            "DLL_PREFIX": "lib",
            "DLL_SUFFIX": ".so",
            "EARLY_BETA_OR_EARLIER": false,
            "FENNEC_NIGHTLY": false,
            "HAVE_SHELL_SERVICE": false,
            "HAVE_USR_LIB64_DIR": false,
            "MENUBAR_CAN_AUTOHIDE": false,
            "MOZILLA_OFFICIAL": true,
            "MOZ_ALLOW_LEGACY_EXTENSIONS": false,
            "MOZ_ANDROID_ACTIVITY_STREAM": false,
            "MOZ_ANDROID_HISTORY": true,
            "MOZ_ANDROID_MOZILLA_ONLINE": false,
            "MOZ_APP_NAME": "fennec",
            "MOZ_APP_VERSION": "68.1.1",
            "MOZ_APP_VERSION_DISPLAY": "68.1.1",
            "MOZ_BING_API_CLIENTID": "no-bing-api-clientid",
            "MOZ_BING_API_KEY": "no-bing-api-key",
            "MOZ_BITS_DOWNLOAD": false,
            "MOZ_BUILD_APP": "mobile/android",
            "MOZ_CODE_COVERAGE": false,
            "MOZ_CRASHREPORTER": true,
            "MOZ_DATA_REPORTING": true,
            "MOZ_DEV_EDITION": false,
            "MOZ_GECKO_PROFILER": true,
            "MOZ_GOOGLE_LOCATION_SERVICE_API_KEY": "AIzaSyB2h2OuRcUgy5N-5hsZqiPW6sH3n_rptiQ",
            "MOZ_GOOGLE_SAFEBROWSING_API_KEY": "AIzaSyC7jsptDS3am4tPx4r3nxis7IMjBc5Dovo",
            "MOZ_GRAPHENE": false,
            "MOZ_MACBUNDLE_NAME": "Firefox.app",
            "MOZ_MAINTENANCE_SERVICE": false,
            "MOZ_MOZILLA_API_KEY": "3b4d27dd-703d-4094-8398-4de2c763505a",
            "MOZ_NEW_CERT_STORAGE": false,
            "MOZ_NEW_NOTIFICATION_STORE": false,
            "MOZ_NEW_XULSTORE": false,
            "MOZ_OFFICIAL_BRANDING": false,
            "MOZ_PLACES": false,
            "MOZ_REQUIRE_SIGNING": false,
            "MOZ_SANDBOX": false,
            "MOZ_SERVICES_HEALTHREPORT": true,
            "MOZ_SERVICES_SYNC": false,
            "MOZ_SWITCHBOARD": true,
            "MOZ_SYSTEM_NSS": false,
            "MOZ_TELEMETRY_ON_BY_DEFAULT": false,
            "MOZ_TELEMETRY_REPORTING": true,
            "MOZ_UNSIGNED_SCOPES": 0,
            "MOZ_UPDATER": false,
            "MOZ_UPDATE_CHANNEL": "release",
            "MOZ_WEBRTC": true,
            "MOZ_WIDGET_GTK": false,
            "MOZ_WIDGET_TOOLKIT": "android",
            "NIGHTLY_BUILD": false,
            "OMNIJAR_NAME": "assets/omni.ja",
            "RELEASE_OR_BETA": true,
            "SOURCE_REVISION_URL": "https://hg.mozilla.org/releases/mozilla-esr68/rev/d2e0b9e17b9bc1ef02606c8006b73293f7892ad5",
            "TELEMETRY_PING_FORMAT_VERSION": 4,
            "XP_UNIX": true,
            "isPlatformAndVersionAtLeast": {},
            "isPlatformAndVersionAtMost": {},
            "platform": "android"
          },
          "asyncAppConstants": {
            "ACCESSIBILITY": true,
            "ANDROID_PACKAGE_NAME": "org.mozilla.firefox",
            "ASAN": false,
            "ASAN_REPORTER": false,
            "BROWSER_CHROME_URL": "chrome://browser/content/browser.xul",
            "DEBUG": false,
            "DEBUG_JS_MODULES": "",
            "DLL_PREFIX": "lib",
            "DLL_SUFFIX": ".so",
            "EARLY_BETA_OR_EARLIER": false,
            "FENNEC_NIGHTLY": false,
            "HAVE_SHELL_SERVICE": false,
            "HAVE_USR_LIB64_DIR": false,
            "MENUBAR_CAN_AUTOHIDE": false,
            "MOZILLA_OFFICIAL": true,
            "MOZ_ALLOW_LEGACY_EXTENSIONS": false,
            "MOZ_ANDROID_ACTIVITY_STREAM": false,
            "MOZ_ANDROID_HISTORY": true,
            "MOZ_ANDROID_MOZILLA_ONLINE": false,
            "MOZ_APP_NAME": "fennec",
            "MOZ_APP_VERSION": "68.1.1",
            "MOZ_APP_VERSION_DISPLAY": "68.1.1",
            "MOZ_BING_API_CLIENTID": "no-bing-api-clientid",
            "MOZ_BING_API_KEY": "no-bing-api-key",
            "MOZ_BITS_DOWNLOAD": false,
            "MOZ_BUILD_APP": "mobile/android",
            "MOZ_CODE_COVERAGE": false,
            "MOZ_CRASHREPORTER": true,
            "MOZ_DATA_REPORTING": true,
            "MOZ_DEV_EDITION": false,
            "MOZ_GECKO_PROFILER": true,
            "MOZ_GOOGLE_LOCATION_SERVICE_API_KEY": "AIzaSyB2h2OuRcUgy5N-5hsZqiPW6sH3n_rptiQ",
            "MOZ_GOOGLE_SAFEBROWSING_API_KEY": "AIzaSyC7jsptDS3am4tPx4r3nxis7IMjBc5Dovo",
            "MOZ_GRAPHENE": false,
            "MOZ_MACBUNDLE_NAME": "Firefox.app",
            "MOZ_MAINTENANCE_SERVICE": false,
            "MOZ_MOZILLA_API_KEY": "3b4d27dd-703d-4094-8398-4de2c763505a",
            "MOZ_NEW_CERT_STORAGE": false,
            "MOZ_NEW_NOTIFICATION_STORE": false,
            "MOZ_NEW_XULSTORE": false,
            "MOZ_OFFICIAL_BRANDING": false,
            "MOZ_PLACES": false,
            "MOZ_REQUIRE_SIGNING": false,
            "MOZ_SANDBOX": false,
            "MOZ_SERVICES_HEALTHREPORT": true,
            "MOZ_SERVICES_SYNC": false,
            "MOZ_SWITCHBOARD": true,
            "MOZ_SYSTEM_NSS": false,
            "MOZ_TELEMETRY_ON_BY_DEFAULT": false,
            "MOZ_TELEMETRY_REPORTING": true,
            "MOZ_UNSIGNED_SCOPES": 0,
            "MOZ_UPDATER": false,
            "MOZ_UPDATE_CHANNEL": "release",
            "MOZ_WEBRTC": true,
            "MOZ_WIDGET_GTK": false,
            "MOZ_WIDGET_TOOLKIT": "android",
            "NIGHTLY_BUILD": false,
            "OMNIJAR_NAME": "assets/omni.ja",
            "RELEASE_OR_BETA": true,
            "SOURCE_REVISION_URL": "https://hg.mozilla.org/releases/mozilla-esr68/rev/d2e0b9e17b9bc1ef02606c8006b73293f7892ad5",
            "TELEMETRY_PING_FORMAT_VERSION": 4,
            "XP_UNIX": true,
            "isPlatformAndVersionAtLeast": {},
            "isPlatformAndVersionAtMost": {},
            "platform": "android"
          },
          "userAgent": "Mozilla/5.0 (Android 8.1.0; Mobile; rv:68.0) Gecko/68.0 Firefox/68.0",
          "windowSize": "360x560"
        },
        "pageinfo": {
          "documentHeight": 1981,
          "documentSize": {
            "decodedBodySize": 57257,
            "encodedBodySize": 11106,
            "transferSize": 11971
          },
          "documentTitle": "State Bank of India",
          "documentWidth": 360,
          "domElements": 733,
          "navigationStartTime": 1617072594441,
          "nextHopProtocol": "http/1.1",
          "resources": {
            "count": 0,
            "duration": 0
          },
          "responsive": true,
          "url": "https://www.onlinesbi.com/",
          "visualElements": {
            "heroes": [
              {
                "filename": "cache_mob.gif",
                "height": 33,
                "name": "LargestImage",
                "width": 308,
                "x": 26,
                "y": 116
              }
            ],
            "viewport": {
              "height": 1981,
              "width": 360
            }
          }
        },
        "timings": {
          "firstPaint": 2572,
          "loadEventEnd": 3580,
          "navigationTiming": {
            "connectStart": 8,
            "domComplete": 3515,
            "domContentLoadedEventEnd": 2678,
            "domContentLoadedEventStart": 2663,
            "domInteractive": 2564,
            "domainLookupEnd": 8,
            "domainLookupStart": 3,
            "duration": 3580,
            "fetchStart": 2,
            "loadEventEnd": 3580,
            "loadEventStart": 3515,
            "redirectEnd": 0,
            "redirectStart": 0,
            "requestStart": 687,
            "responseEnd": 961,
            "responseStart": 906,
            "secureConnectionStart": 277,
            "startTime": 0,
            "unloadEventEnd": 0,
            "unloadEventStart": 0,
            "workerStart": 0
          },
          "pageTimings": {
            "backEndTime": 906,
            "domContentLoadedTime": 2663,
            "domInteractiveTime": 2564,
            "domainLookupTime": 5,
            "frontEndTime": 2554,
            "pageDownloadTime": 56,
            "pageLoadTime": 3515,
            "redirectionTime": 0,
            "serverConnectionTime": 678,
            "serverResponseTime": 274
          },
          "rumSpeedIndex": 905,
          "timeToContentfulPaint": 2730,
          "timeToDomContentFlushed": 2568,
          "userTimings": {
            "marks": [],
            "measures": []
          }
        }
      },
      {
        "browser": {
          "appConstants": {
            "ACCESSIBILITY": true,
            "ANDROID_PACKAGE_NAME": "org.mozilla.firefox",
            "ASAN": false,
            "ASAN_REPORTER": false,
            "BROWSER_CHROME_URL": "chrome://browser/content/browser.xul",
            "DEBUG": false,
            "DEBUG_JS_MODULES": "",
            "DLL_PREFIX": "lib",
            "DLL_SUFFIX": ".so",
            "EARLY_BETA_OR_EARLIER": false,
            "FENNEC_NIGHTLY": false,
            "HAVE_SHELL_SERVICE": false,
            "HAVE_USR_LIB64_DIR": false,
            "MENUBAR_CAN_AUTOHIDE": false,
            "MOZILLA_OFFICIAL": true,
            "MOZ_ALLOW_LEGACY_EXTENSIONS": false,
            "MOZ_ANDROID_ACTIVITY_STREAM": false,
            "MOZ_ANDROID_HISTORY": true,
            "MOZ_ANDROID_MOZILLA_ONLINE": false,
            "MOZ_APP_NAME": "fennec",
            "MOZ_APP_VERSION": "68.1.1",
            "MOZ_APP_VERSION_DISPLAY": "68.1.1",
            "MOZ_BING_API_CLIENTID": "no-bing-api-clientid",
            "MOZ_BING_API_KEY": "no-bing-api-key",
            "MOZ_BITS_DOWNLOAD": false,
            "MOZ_BUILD_APP": "mobile/android",
            "MOZ_CODE_COVERAGE": false,
            "MOZ_CRASHREPORTER": true,
            "MOZ_DATA_REPORTING": true,
            "MOZ_DEV_EDITION": false,
            "MOZ_GECKO_PROFILER": true,
            "MOZ_GOOGLE_LOCATION_SERVICE_API_KEY": "AIzaSyB2h2OuRcUgy5N-5hsZqiPW6sH3n_rptiQ",
            "MOZ_GOOGLE_SAFEBROWSING_API_KEY": "AIzaSyC7jsptDS3am4tPx4r3nxis7IMjBc5Dovo",
            "MOZ_GRAPHENE": false,
            "MOZ_MACBUNDLE_NAME": "Firefox.app",
            "MOZ_MAINTENANCE_SERVICE": false,
            "MOZ_MOZILLA_API_KEY": "3b4d27dd-703d-4094-8398-4de2c763505a",
            "MOZ_NEW_CERT_STORAGE": false,
            "MOZ_NEW_NOTIFICATION_STORE": false,
            "MOZ_NEW_XULSTORE": false,
            "MOZ_OFFICIAL_BRANDING": false,
            "MOZ_PLACES": false,
            "MOZ_REQUIRE_SIGNING": false,
            "MOZ_SANDBOX": false,
            "MOZ_SERVICES_HEALTHREPORT": true,
            "MOZ_SERVICES_SYNC": false,
            "MOZ_SWITCHBOARD": true,
            "MOZ_SYSTEM_NSS": false,
            "MOZ_TELEMETRY_ON_BY_DEFAULT": false,
            "MOZ_TELEMETRY_REPORTING": true,
            "MOZ_UNSIGNED_SCOPES": 0,
            "MOZ_UPDATER": false,
            "MOZ_UPDATE_CHANNEL": "release",
            "MOZ_WEBRTC": true,
            "MOZ_WIDGET_GTK": false,
            "MOZ_WIDGET_TOOLKIT": "android",
            "NIGHTLY_BUILD": false,
            "OMNIJAR_NAME": "assets/omni.ja",
            "RELEASE_OR_BETA": true,
            "SOURCE_REVISION_URL": "https://hg.mozilla.org/releases/mozilla-esr68/rev/d2e0b9e17b9bc1ef02606c8006b73293f7892ad5",
            "TELEMETRY_PING_FORMAT_VERSION": 4,
            "XP_UNIX": true,
            "isPlatformAndVersionAtLeast": {},
            "isPlatformAndVersionAtMost": {},
            "platform": "android"
          },
          "asyncAppConstants": {
            "ACCESSIBILITY": true,
            "ANDROID_PACKAGE_NAME": "org.mozilla.firefox",
            "ASAN": false,
            "ASAN_REPORTER": false,
            "BROWSER_CHROME_URL": "chrome://browser/content/browser.xul",
            "DEBUG": false,
            "DEBUG_JS_MODULES": "",
            "DLL_PREFIX": "lib",
            "DLL_SUFFIX": ".so",
            "EARLY_BETA_OR_EARLIER": false,
            "FENNEC_NIGHTLY": false,
            "HAVE_SHELL_SERVICE": false,
            "HAVE_USR_LIB64_DIR": false,
            "MENUBAR_CAN_AUTOHIDE": false,
            "MOZILLA_OFFICIAL": true,
            "MOZ_ALLOW_LEGACY_EXTENSIONS": false,
            "MOZ_ANDROID_ACTIVITY_STREAM": false,
            "MOZ_ANDROID_HISTORY": true,
            "MOZ_ANDROID_MOZILLA_ONLINE": false,
            "MOZ_APP_NAME": "fennec",
            "MOZ_APP_VERSION": "68.1.1",
            "MOZ_APP_VERSION_DISPLAY": "68.1.1",
            "MOZ_BING_API_CLIENTID": "no-bing-api-clientid",
            "MOZ_BING_API_KEY": "no-bing-api-key",
            "MOZ_BITS_DOWNLOAD": false,
            "MOZ_BUILD_APP": "mobile/android",
            "MOZ_CODE_COVERAGE": false,
            "MOZ_CRASHREPORTER": true,
            "MOZ_DATA_REPORTING": true,
            "MOZ_DEV_EDITION": false,
            "MOZ_GECKO_PROFILER": true,
            "MOZ_GOOGLE_LOCATION_SERVICE_API_KEY": "AIzaSyB2h2OuRcUgy5N-5hsZqiPW6sH3n_rptiQ",
            "MOZ_GOOGLE_SAFEBROWSING_API_KEY": "AIzaSyC7jsptDS3am4tPx4r3nxis7IMjBc5Dovo",
            "MOZ_GRAPHENE": false,
            "MOZ_MACBUNDLE_NAME": "Firefox.app",
            "MOZ_MAINTENANCE_SERVICE": false,
            "MOZ_MOZILLA_API_KEY": "3b4d27dd-703d-4094-8398-4de2c763505a",
            "MOZ_NEW_CERT_STORAGE": false,
            "MOZ_NEW_NOTIFICATION_STORE": false,
            "MOZ_NEW_XULSTORE": false,
            "MOZ_OFFICIAL_BRANDING": false,
            "MOZ_PLACES": false,
            "MOZ_REQUIRE_SIGNING": false,
            "MOZ_SANDBOX": false,
            "MOZ_SERVICES_HEALTHREPORT": true,
            "MOZ_SERVICES_SYNC": false,
            "MOZ_SWITCHBOARD": true,
            "MOZ_SYSTEM_NSS": false,
            "MOZ_TELEMETRY_ON_BY_DEFAULT": false,
            "MOZ_TELEMETRY_REPORTING": true,
            "MOZ_UNSIGNED_SCOPES": 0,
            "MOZ_UPDATER": false,
            "MOZ_UPDATE_CHANNEL": "release",
            "MOZ_WEBRTC": true,
            "MOZ_WIDGET_GTK": false,
            "MOZ_WIDGET_TOOLKIT": "android",
            "NIGHTLY_BUILD": false,
            "OMNIJAR_NAME": "assets/omni.ja",
            "RELEASE_OR_BETA": true,
            "SOURCE_REVISION_URL": "https://hg.mozilla.org/releases/mozilla-esr68/rev/d2e0b9e17b9bc1ef02606c8006b73293f7892ad5",
            "TELEMETRY_PING_FORMAT_VERSION": 4,
            "XP_UNIX": true,
            "isPlatformAndVersionAtLeast": {},
            "isPlatformAndVersionAtMost": {},
            "platform": "android"
          },
          "userAgent": "Mozilla/5.0 (Android 8.1.0; Mobile; rv:68.0) Gecko/68.0 Firefox/68.0",
          "windowSize": "360x560"
        },
        "pageinfo": {
          "documentHeight": 1981,
          "documentSize": {
            "decodedBodySize": 57257,
            "encodedBodySize": 11106,
            "transferSize": 11971
          },
          "documentTitle": "State Bank of India",
          "documentWidth": 360,
          "domElements": 733,
          "navigationStartTime": 1617072616141,
          "nextHopProtocol": "http/1.1",
          "resources": {
            "count": 0,
            "duration": 0
          },
          "responsive": true,
          "url": "https://www.onlinesbi.com/",
          "visualElements": {
            "heroes": [
              {
                "filename": "cache_mob.gif",
                "height": 33,
                "name": "LargestImage",
                "width": 308,
                "x": 26,
                "y": 116
              }
            ],
            "viewport": {
              "height": 1981,
              "width": 360
            }
          }
        },
        "timings": {
          "firstPaint": 2734,
          "loadEventEnd": 3840,
          "navigationTiming": {
            "connectStart": 41,
            "domComplete": 3742,
            "domContentLoadedEventEnd": 2871,
            "domContentLoadedEventStart": 2855,
            "domInteractive": 2849,
            "domainLookupEnd": 40,
            "domainLookupStart": 40,
            "duration": 3840,
            "fetchStart": 3,
            "loadEventEnd": 3840,
            "loadEventStart": 3742,
            "redirectEnd": 0,
            "redirectStart": 0,
            "requestStart": 662,
            "responseEnd": 928,
            "responseStart": 885,
            "secureConnectionStart": 302,
            "startTime": 0,
            "unloadEventEnd": 0,
            "unloadEventStart": 0,
            "workerStart": 0
          },
          "pageTimings": {
            "backEndTime": 885,
            "domContentLoadedTime": 2855,
            "domInteractiveTime": 2849,
            "domainLookupTime": 0,
            "frontEndTime": 2814,
            "pageDownloadTime": 43,
            "pageLoadTime": 3742,
            "redirectionTime": 0,
            "serverConnectionTime": 620,
            "serverResponseTime": 266
          },
          "rumSpeedIndex": 884,
          "timeToContentfulPaint": 2888,
          "timeToDomContentFlushed": 2963,
          "userTimings": {
            "marks": [],
            "measures": []
          }
        }
      }
    ],
    "visualMetrics": [],
    "cpu": [],
    "extras": [
      {},
      {},
      {}
    ],
    "fullyLoaded": [],
    "errors": [
      [],
      [],
      []
    ],
    "statistics": {
      "browser": {
        "appConstants": {
          "MOZ_UNSIGNED_SCOPES": {
            "median": 0,
            "mean": 0,
            "mdev": 0,
            "stddev": 0,
            "min": 0,
            "p10": 0,
            "p90": 0,
            "p99": 0,
            "max": 0
          },
          "TELEMETRY_PING_FORMAT_VERSION": {
            "median": 4,
            "mean": 4,
            "mdev": 0,
            "stddev": 0,
            "min": 4,
            "p10": 4,
            "p90": 4,
            "p99": 4,
            "max": 4
          }
        },
        "asyncAppConstants": {
          "MOZ_UNSIGNED_SCOPES": {
            "median": 0,
            "mean": 0,
            "mdev": 0,
            "stddev": 0,
            "min": 0,
            "p10": 0,
            "p90": 0,
            "p99": 0,
            "max": 0
          },
          "TELEMETRY_PING_FORMAT_VERSION": {
            "median": 4,
            "mean": 4,
            "mdev": 0,
            "stddev": 0,
            "min": 4,
            "p10": 4,
            "p90": 4,
            "p99": 4,
            "max": 4
          }
        }
      },
      "pageinfo": {
        "documentHeight": {
          "median": 1981,
          "mean": 1981,
          "mdev": 0,
          "stddev": 0,
          "min": 1981,
          "p10": 1981,
          "p90": 1981,
          "p99": 1981,
          "max": 1981
        },
        "documentSize": {
          "decodedBodySize": {
            "median": 57257,
            "mean": 57257,
            "mdev": 0,
            "stddev": 0,
            "min": 57257,
            "p10": 57257,
            "p90": 57257,
            "p99": 57257,
            "max": 57257
          },
          "encodedBodySize": {
            "median": 11106,
            "mean": 11106,
            "mdev": 0,
            "stddev": 0,
            "min": 11106,
            "p10": 11106,
            "p90": 11106,
            "p99": 11106,
            "max": 11106
          },
          "transferSize": {
            "median": 11971,
            "mean": 11971,
            "mdev": 0,
            "stddev": 0,
            "min": 11971,
            "p10": 11971,
            "p90": 11971,
            "p99": 11971,
            "max": 11971
          }
        },
        "documentWidth": {
          "median": 360,
          "mean": 360,
          "mdev": 0,
          "stddev": 0,
          "min": 360,
          "p10": 360,
          "p90": 360,
          "p99": 360,
          "max": 360
        },
        "domElements": {
          "median": 733,
          "mean": 733,
          "mdev": 0,
          "stddev": 0,
          "min": 733,
          "p10": 733,
          "p90": 733,
          "p99": 733,
          "max": 733
        },
        "navigationStartTime": {
          "median": 1617072594441,
          "mean": 1617072593669,
          "mdev": 0,
          "stddev": 0,
          "min": 1617072570424,
          "p10": 1617072570424,
          "p90": 1617072616141,
          "p99": 1617072616141,
          "max": 1617072616141
        },
        "resources": {
          "count": {
            "median": 0,
            "mean": 0,
            "mdev": 0,
            "stddev": 0,
            "min": 0,
            "p10": 0,
            "p90": 0,
            "p99": 0,
            "max": 0
          },
          "duration": {
            "median": 0,
            "mean": 0,
            "mdev": 0,
            "stddev": 0,
            "min": 0,
            "p10": 0,
            "p90": 0,
            "p99": 0,
            "max": 0
          }
        },
        "visualElements": {
          "heroes": [
            {
              "height": {
                "median": 33,
                "mean": 33,
                "mdev": 0,
                "stddev": 0,
                "min": 33,
                "p10": 33,
                "p90": 33,
                "p99": 33,
                "max": 33
              },
              "width": {
                "median": 308,
                "mean": 308,
                "mdev": 0,
                "stddev": 0,
                "min": 308,
                "p10": 308,
                "p90": 308,
                "p99": 308,
                "max": 308
              },
              "x": {
                "median": 26,
                "mean": 26,
                "mdev": 0,
                "stddev": 0,
                "min": 26,
                "p10": 26,
                "p90": 26,
                "p99": 26,
                "max": 26
              },
              "y": {
                "median": 116,
                "mean": 116,
                "mdev": 0,
                "stddev": 0,
                "min": 116,
                "p10": 116,
                "p90": 116,
                "p99": 116,
                "max": 116
              }
            }
          ],
          "viewport": {
            "height": {
              "median": 1981,
              "mean": 1981,
              "mdev": 0,
              "stddev": 0,
              "min": 1981,
              "p10": 1981,
              "p90": 1981,
              "p99": 1981,
              "max": 1981
            },
            "width": {
              "median": 360,
              "mean": 360,
              "mdev": 0,
              "stddev": 0,
              "min": 360,
              "p10": 360,
              "p90": 360,
              "p99": 360,
              "max": 360
            }
          }
        }
      },
      "timings": {
        "firstPaint": {
          "median": 2734,
          "mean": 2815,
          "mdev": 137.935,
          "stddev": 239,
          "min": 2572,
          "p10": 2572,
          "p90": 3140,
          "p99": 3140,
          "max": 3140
        },
        "loadEventEnd": {
          "median": 3840,
          "mean": 3873,
          "mdev": 146.5204,
          "stddev": 254,
          "min": 3580,
          "p10": 3580,
          "p90": 4199,
          "p99": 4199,
          "max": 4199
        },
        "navigationTiming": {
          "connectStart": {
            "median": 38,
            "mean": 29,
            "mdev": 8.6023,
            "stddev": 15,
            "min": 8,
            "p10": 8,
            "p90": 41,
            "p99": 41,
            "max": 41
          },
          "domComplete": {
            "median": 3742,
            "mean": 3787,
            "mdev": 139.7874,
            "stddev": 242,
            "min": 3515,
            "p10": 3515,
            "p90": 4103,
            "p99": 4103,
            "max": 4103
          },
          "domContentLoadedEventEnd": {
            "median": 2871,
            "mean": 2934,
            "mdev": 137.6907,
            "stddev": 238,
            "min": 2678,
            "p10": 2678,
            "p90": 3252,
            "p99": 3252,
            "max": 3252
          },
          "domContentLoadedEventStart": {
            "median": 2855,
            "mean": 2919,
            "mdev": 138.2558,
            "stddev": 239,
            "min": 2663,
            "p10": 2663,
            "p90": 3239,
            "p99": 3239,
            "max": 3239
          },
          "domInteractive": {
            "median": 2849,
            "mean": 2848,
            "mdev": 133.6438,
            "stddev": 231,
            "min": 2564,
            "p10": 2564,
            "p90": 3131,
            "p99": 3131,
            "max": 3131
          },
          "domainLookupEnd": {
            "median": 38,
            "mean": 29,
            "mdev": 8.4503,
            "stddev": 15,
            "min": 8,
            "p10": 8,
            "p90": 40,
            "p99": 40,
            "max": 40
          },
          "domainLookupStart": {
            "median": 38,
            "mean": 27,
            "mdev": 9.8093,
            "stddev": 17,
            "min": 3,
            "p10": 3,
            "p90": 40,
            "p99": 40,
            "max": 40
          },
          "duration": {
            "median": 3840,
            "mean": 3873,
            "mdev": 146.5204,
            "stddev": 254,
            "min": 3580,
            "p10": 3580,
            "p90": 4199,
            "p99": 4199,
            "max": 4199
          },
          "fetchStart": {
            "median": 3,
            "mean": 3,
            "mdev": 0.2722,
            "stddev": 0,
            "min": 2,
            "p10": 2,
            "p90": 3,
            "p99": 3,
            "max": 3
          },
          "loadEventEnd": {
            "median": 3840,
            "mean": 3873,
            "mdev": 146.5204,
            "stddev": 254,
            "min": 3580,
            "p10": 3580,
            "p90": 4199,
            "p99": 4199,
            "max": 4199
          },
          "loadEventStart": {
            "median": 3742,
            "mean": 3787,
            "mdev": 139.7874,
            "stddev": 242,
            "min": 3515,
            "p10": 3515,
            "p90": 4103,
            "p99": 4103,
            "max": 4103
          },
          "redirectEnd": {
            "median": 0,
            "mean": 0,
            "mdev": 0,
            "stddev": 0,
            "min": 0,
            "p10": 0,
            "p90": 0,
            "p99": 0,
            "max": 0
          },
          "redirectStart": {
            "median": 0,
            "mean": 0,
            "mdev": 0,
            "stddev": 0,
            "min": 0,
            "p10": 0,
            "p90": 0,
            "p99": 0,
            "max": 0
          },
          "requestStart": {
            "median": 687,
            "mean": 790,
            "mdev": 94.7609,
            "stddev": 164,
            "min": 662,
            "p10": 662,
            "p90": 1022,
            "p99": 1022,
            "max": 1022
          },
          "responseEnd": {
            "median": 961,
            "mean": 1062,
            "mdev": 95.9819,
            "stddev": 166,
            "min": 928,
            "p10": 928,
            "p90": 1296,
            "p99": 1296,
            "max": 1296
          },
          "responseStart": {
            "median": 906,
            "mean": 1027,
            "mdev": 107.4833,
            "stddev": 186,
            "min": 885,
            "p10": 885,
            "p90": 1290,
            "p99": 1290,
            "max": 1290
          },
          "secureConnectionStart": {
            "median": 302,
            "mean": 295,
            "mdev": 7.5768,
            "stddev": 13,
            "min": 277,
            "p10": 277,
            "p90": 307,
            "p99": 307,
            "max": 307
          },
          "startTime": {
            "median": 0,
            "mean": 0,
            "mdev": 0,
            "stddev": 0,
            "min": 0,
            "p10": 0,
            "p90": 0,
            "p99": 0,
            "max": 0
          },
          "unloadEventEnd": {
            "median": 0,
            "mean": 0,
            "mdev": 0,
            "stddev": 0,
            "min": 0,
            "p10": 0,
            "p90": 0,
            "p99": 0,
            "max": 0
          },
          "unloadEventStart": {
            "median": 0,
            "mean": 0,
            "mdev": 0,
            "stddev": 0,
            "min": 0,
            "p10": 0,
            "p90": 0,
            "p99": 0,
            "max": 0
          },
          "workerStart": {
            "median": 0,
            "mean": 0,
            "mdev": 0,
            "stddev": 0,
            "min": 0,
            "p10": 0,
            "p90": 0,
            "p99": 0,
            "max": 0
          }
        },
        "pageTimings": {
          "backEndTime": {
            "median": 906,
            "mean": 1027,
            "mdev": 107.4833,
            "stddev": 186,
            "min": 885,
            "p10": 885,
            "p90": 1290,
            "p99": 1290,
            "max": 1290
          },
          "domContentLoadedTime": {
            "median": 2855,
            "mean": 2919,
            "mdev": 138.2558,
            "stddev": 239,
            "min": 2663,
            "p10": 2663,
            "p90": 3239,
            "p99": 3239,
            "max": 3239
          },
          "domInteractiveTime": {
            "median": 2849,
            "mean": 2848,
            "mdev": 133.6438,
            "stddev": 231,
            "min": 2564,
            "p10": 2564,
            "p90": 3131,
            "p99": 3131,
            "max": 3131
          },
          "domainLookupTime": {
            "median": 0,
            "mean": 2,
            "mdev": 1.3608,
            "stddev": 2,
            "min": 0,
            "p10": 0,
            "p90": 5,
            "p99": 5,
            "max": 5
          },
          "frontEndTime": {
            "median": 2807,
            "mean": 2725,
            "mdev": 69.83,
            "stddev": 121,
            "min": 2554,
            "p10": 2554,
            "p90": 2814,
            "p99": 2814,
            "max": 2814
          },
          "pageDownloadTime": {
            "median": 43,
            "mean": 35,
            "mdev": 12.2293,
            "stddev": 21,
            "min": 6,
            "p10": 6,
            "p90": 56,
            "p99": 56,
            "max": 56
          },
          "pageLoadTime": {
            "median": 3742,
            "mean": 3787,
            "mdev": 139.7874,
            "stddev": 242,
            "min": 3515,
            "p10": 3515,
            "p90": 4103,
            "p99": 4103,
            "max": 4103
          },
          "redirectionTime": {
            "median": 0,
            "mean": 0,
            "mdev": 0,
            "stddev": 0,
            "min": 0,
            "p10": 0,
            "p90": 0,
            "p99": 0,
            "max": 0
          },
          "serverConnectionTime": {
            "median": 678,
            "mean": 760,
            "mdev": 91.9255,
            "stddev": 159,
            "min": 620,
            "p10": 620,
            "p90": 983,
            "p99": 983,
            "max": 983
          },
          "serverResponseTime": {
            "median": 274,
            "mean": 271,
            "mdev": 2.1773,
            "stddev": 4,
            "min": 266,
            "p10": 266,
            "p90": 274,
            "p99": 274,
            "max": 274
          }
        },
        "rumSpeedIndex": {
          "median": 905,
          "mean": 1026,
          "mdev": 107.7552,
          "stddev": 187,
          "min": 884,
          "p10": 884,
          "p90": 1290,
          "p99": 1290,
          "max": 1290
        },
        "timeToContentfulPaint": {
          "median": 2888,
          "mean": 2977,
          "mdev": 142.3995,
          "stddev": 247,
          "min": 2730,
          "p10": 2730,
          "p90": 3314,
          "p99": 3314,
          "max": 3314
        },
        "timeToDomContentFlushed": {
          "median": 2963,
          "mean": 2889,
          "mdev": 137.4452,
          "stddev": 238,
          "min": 2568,
          "p10": 2568,
          "p90": 3137,
          "p99": 3137,
          "max": 3137
        }
      }
    }
  }
]