[
  {
    "info": {
      "browsertime": {
        "version": "8.4.0"
      },
      "url": "https://www.qq.com/",
      "timestamp": "2021-03-30T00:10:43+04:00",
      "connectivity": {
        "engine": "external",
        "profile": "native"
      },
      "extra": {}
    },
    "files": {
      "video": [],
      "screenshot": [],
      "timeline": [],
      "consoleLog": [],
      "netLog": [],
      "perfLog": []
    },
    "cdp": {
      "performance": []
    },
    "timestamps": [
      "2021-03-30T00:10:31+04:00",
      "2021-03-30T00:10:57+04:00",
      "2021-03-30T00:11:21+04:00"
    ],
    "browserScripts": [
      {
        "browser": {
          "appConstants": {
            "ACCESSIBILITY": true,
            "ANDROID_PACKAGE_NAME": "org.mozilla.firefox",
            "ASAN": false,
            "ASAN_REPORTER": false,
            "BROWSER_CHROME_URL": "chrome://browser/content/browser.xul",
            "DEBUG": false,
            "DEBUG_JS_MODULES": "",
            "DLL_PREFIX": "lib",
            "DLL_SUFFIX": ".so",
            "EARLY_BETA_OR_EARLIER": false,
            "FENNEC_NIGHTLY": false,
            "HAVE_SHELL_SERVICE": false,
            "HAVE_USR_LIB64_DIR": false,
            "MENUBAR_CAN_AUTOHIDE": false,
            "MOZILLA_OFFICIAL": true,
            "MOZ_ALLOW_LEGACY_EXTENSIONS": false,
            "MOZ_ANDROID_ACTIVITY_STREAM": false,
            "MOZ_ANDROID_HISTORY": true,
            "MOZ_ANDROID_MOZILLA_ONLINE": false,
            "MOZ_APP_NAME": "fennec",
            "MOZ_APP_VERSION": "68.1.1",
            "MOZ_APP_VERSION_DISPLAY": "68.1.1",
            "MOZ_BING_API_CLIENTID": "no-bing-api-clientid",
            "MOZ_BING_API_KEY": "no-bing-api-key",
            "MOZ_BITS_DOWNLOAD": false,
            "MOZ_BUILD_APP": "mobile/android",
            "MOZ_CODE_COVERAGE": false,
            "MOZ_CRASHREPORTER": true,
            "MOZ_DATA_REPORTING": true,
            "MOZ_DEV_EDITION": false,
            "MOZ_GECKO_PROFILER": true,
            "MOZ_GOOGLE_LOCATION_SERVICE_API_KEY": "AIzaSyB2h2OuRcUgy5N-5hsZqiPW6sH3n_rptiQ",
            "MOZ_GOOGLE_SAFEBROWSING_API_KEY": "AIzaSyC7jsptDS3am4tPx4r3nxis7IMjBc5Dovo",
            "MOZ_GRAPHENE": false,
            "MOZ_MACBUNDLE_NAME": "Firefox.app",
            "MOZ_MAINTENANCE_SERVICE": false,
            "MOZ_MOZILLA_API_KEY": "3b4d27dd-703d-4094-8398-4de2c763505a",
            "MOZ_NEW_CERT_STORAGE": false,
            "MOZ_NEW_NOTIFICATION_STORE": false,
            "MOZ_NEW_XULSTORE": false,
            "MOZ_OFFICIAL_BRANDING": false,
            "MOZ_PLACES": false,
            "MOZ_REQUIRE_SIGNING": false,
            "MOZ_SANDBOX": false,
            "MOZ_SERVICES_HEALTHREPORT": true,
            "MOZ_SERVICES_SYNC": false,
            "MOZ_SWITCHBOARD": true,
            "MOZ_SYSTEM_NSS": false,
            "MOZ_TELEMETRY_ON_BY_DEFAULT": false,
            "MOZ_TELEMETRY_REPORTING": true,
            "MOZ_UNSIGNED_SCOPES": 0,
            "MOZ_UPDATER": false,
            "MOZ_UPDATE_CHANNEL": "release",
            "MOZ_WEBRTC": true,
            "MOZ_WIDGET_GTK": false,
            "MOZ_WIDGET_TOOLKIT": "android",
            "NIGHTLY_BUILD": false,
            "OMNIJAR_NAME": "assets/omni.ja",
            "RELEASE_OR_BETA": true,
            "SOURCE_REVISION_URL": "https://hg.mozilla.org/releases/mozilla-esr68/rev/d2e0b9e17b9bc1ef02606c8006b73293f7892ad5",
            "TELEMETRY_PING_FORMAT_VERSION": 4,
            "XP_UNIX": true,
            "isPlatformAndVersionAtLeast": {},
            "isPlatformAndVersionAtMost": {},
            "platform": "android"
          },
          "asyncAppConstants": {
            "ACCESSIBILITY": true,
            "ANDROID_PACKAGE_NAME": "org.mozilla.firefox",
            "ASAN": false,
            "ASAN_REPORTER": false,
            "BROWSER_CHROME_URL": "chrome://browser/content/browser.xul",
            "DEBUG": false,
            "DEBUG_JS_MODULES": "",
            "DLL_PREFIX": "lib",
            "DLL_SUFFIX": ".so",
            "EARLY_BETA_OR_EARLIER": false,
            "FENNEC_NIGHTLY": false,
            "HAVE_SHELL_SERVICE": false,
            "HAVE_USR_LIB64_DIR": false,
            "MENUBAR_CAN_AUTOHIDE": false,
            "MOZILLA_OFFICIAL": true,
            "MOZ_ALLOW_LEGACY_EXTENSIONS": false,
            "MOZ_ANDROID_ACTIVITY_STREAM": false,
            "MOZ_ANDROID_HISTORY": true,
            "MOZ_ANDROID_MOZILLA_ONLINE": false,
            "MOZ_APP_NAME": "fennec",
            "MOZ_APP_VERSION": "68.1.1",
            "MOZ_APP_VERSION_DISPLAY": "68.1.1",
            "MOZ_BING_API_CLIENTID": "no-bing-api-clientid",
            "MOZ_BING_API_KEY": "no-bing-api-key",
            "MOZ_BITS_DOWNLOAD": false,
            "MOZ_BUILD_APP": "mobile/android",
            "MOZ_CODE_COVERAGE": false,
            "MOZ_CRASHREPORTER": true,
            "MOZ_DATA_REPORTING": true,
            "MOZ_DEV_EDITION": false,
            "MOZ_GECKO_PROFILER": true,
            "MOZ_GOOGLE_LOCATION_SERVICE_API_KEY": "AIzaSyB2h2OuRcUgy5N-5hsZqiPW6sH3n_rptiQ",
            "MOZ_GOOGLE_SAFEBROWSING_API_KEY": "AIzaSyC7jsptDS3am4tPx4r3nxis7IMjBc5Dovo",
            "MOZ_GRAPHENE": false,
            "MOZ_MACBUNDLE_NAME": "Firefox.app",
            "MOZ_MAINTENANCE_SERVICE": false,
            "MOZ_MOZILLA_API_KEY": "3b4d27dd-703d-4094-8398-4de2c763505a",
            "MOZ_NEW_CERT_STORAGE": false,
            "MOZ_NEW_NOTIFICATION_STORE": false,
            "MOZ_NEW_XULSTORE": false,
            "MOZ_OFFICIAL_BRANDING": false,
            "MOZ_PLACES": false,
            "MOZ_REQUIRE_SIGNING": false,
            "MOZ_SANDBOX": false,
            "MOZ_SERVICES_HEALTHREPORT": true,
            "MOZ_SERVICES_SYNC": false,
            "MOZ_SWITCHBOARD": true,
            "MOZ_SYSTEM_NSS": false,
            "MOZ_TELEMETRY_ON_BY_DEFAULT": false,
            "MOZ_TELEMETRY_REPORTING": true,
            "MOZ_UNSIGNED_SCOPES": 0,
            "MOZ_UPDATER": false,
            "MOZ_UPDATE_CHANNEL": "release",
            "MOZ_WEBRTC": true,
            "MOZ_WIDGET_GTK": false,
            "MOZ_WIDGET_TOOLKIT": "android",
            "NIGHTLY_BUILD": false,
            "OMNIJAR_NAME": "assets/omni.ja",
            "RELEASE_OR_BETA": true,
            "SOURCE_REVISION_URL": "https://hg.mozilla.org/releases/mozilla-esr68/rev/d2e0b9e17b9bc1ef02606c8006b73293f7892ad5",
            "TELEMETRY_PING_FORMAT_VERSION": 4,
            "XP_UNIX": true,
            "isPlatformAndVersionAtLeast": {},
            "isPlatformAndVersionAtMost": {},
            "platform": "android"
          },
          "userAgent": "Mozilla/5.0 (Android 8.1.0; Mobile; rv:68.0) Gecko/68.0 Firefox/68.0",
          "windowSize": "360x560"
        },
        "pageinfo": {
          "documentHeight": 1945,
          "documentSize": {
            "decodedBodySize": 87178,
            "encodedBodySize": 17166,
            "transferSize": 17501
          },
          "documentTitle": "腾讯网-QQ.COM",
          "documentWidth": 360,
          "domElements": 344,
          "navigationStartTime": 1617048632190,
          "nextHopProtocol": "h2",
          "resources": {
            "count": 0,
            "duration": 0
          },
          "responsive": true,
          "url": "https://xw.qq.com/?f=qqcom",
          "visualElements": {
            "heroes": [
              {
                "filename": "fa0f5a3b9fe5.icon_tips_tree.png",
                "height": 44,
                "name": "LargestImage",
                "width": 44,
                "x": 24,
                "y": 492
              }
            ],
            "viewport": {
              "height": 560,
              "width": 360
            }
          }
        },
        "timings": {
          "firstPaint": 1245,
          "loadEventEnd": 5632,
          "navigationTiming": {
            "connectStart": 285,
            "domComplete": 5632,
            "domContentLoadedEventEnd": 2380,
            "domContentLoadedEventStart": 2359,
            "domInteractive": 2351,
            "domainLookupEnd": 284,
            "domainLookupStart": 284,
            "duration": 5632,
            "fetchStart": -1,
            "loadEventEnd": 5632,
            "loadEventStart": 5632,
            "redirectEnd": 0,
            "redirectStart": 0,
            "requestStart": 296,
            "responseEnd": 452,
            "responseStart": 444,
            "secureConnectionStart": 0,
            "startTime": 0,
            "unloadEventEnd": 460,
            "unloadEventStart": 4789,
            "workerStart": 0
          },
          "pageTimings": {
            "backEndTime": 444,
            "domContentLoadedTime": 2359,
            "domInteractiveTime": 2351,
            "domainLookupTime": 0,
            "frontEndTime": 5180,
            "pageDownloadTime": 8,
            "pageLoadTime": 5632,
            "redirectionTime": 0,
            "serverConnectionTime": 0,
            "serverResponseTime": 156
          },
          "rumSpeedIndex": 443,
          "timeToContentfulPaint": 1602,
          "timeToDomContentFlushed": 2359,
          "userTimings": {
            "marks": [],
            "measures": []
          }
        }
      },
      {
        "browser": {
          "appConstants": {
            "ACCESSIBILITY": true,
            "ANDROID_PACKAGE_NAME": "org.mozilla.firefox",
            "ASAN": false,
            "ASAN_REPORTER": false,
            "BROWSER_CHROME_URL": "chrome://browser/content/browser.xul",
            "DEBUG": false,
            "DEBUG_JS_MODULES": "",
            "DLL_PREFIX": "lib",
            "DLL_SUFFIX": ".so",
            "EARLY_BETA_OR_EARLIER": false,
            "FENNEC_NIGHTLY": false,
            "HAVE_SHELL_SERVICE": false,
            "HAVE_USR_LIB64_DIR": false,
            "MENUBAR_CAN_AUTOHIDE": false,
            "MOZILLA_OFFICIAL": true,
            "MOZ_ALLOW_LEGACY_EXTENSIONS": false,
            "MOZ_ANDROID_ACTIVITY_STREAM": false,
            "MOZ_ANDROID_HISTORY": true,
            "MOZ_ANDROID_MOZILLA_ONLINE": false,
            "MOZ_APP_NAME": "fennec",
            "MOZ_APP_VERSION": "68.1.1",
            "MOZ_APP_VERSION_DISPLAY": "68.1.1",
            "MOZ_BING_API_CLIENTID": "no-bing-api-clientid",
            "MOZ_BING_API_KEY": "no-bing-api-key",
            "MOZ_BITS_DOWNLOAD": false,
            "MOZ_BUILD_APP": "mobile/android",
            "MOZ_CODE_COVERAGE": false,
            "MOZ_CRASHREPORTER": true,
            "MOZ_DATA_REPORTING": true,
            "MOZ_DEV_EDITION": false,
            "MOZ_GECKO_PROFILER": true,
            "MOZ_GOOGLE_LOCATION_SERVICE_API_KEY": "AIzaSyB2h2OuRcUgy5N-5hsZqiPW6sH3n_rptiQ",
            "MOZ_GOOGLE_SAFEBROWSING_API_KEY": "AIzaSyC7jsptDS3am4tPx4r3nxis7IMjBc5Dovo",
            "MOZ_GRAPHENE": false,
            "MOZ_MACBUNDLE_NAME": "Firefox.app",
            "MOZ_MAINTENANCE_SERVICE": false,
            "MOZ_MOZILLA_API_KEY": "3b4d27dd-703d-4094-8398-4de2c763505a",
            "MOZ_NEW_CERT_STORAGE": false,
            "MOZ_NEW_NOTIFICATION_STORE": false,
            "MOZ_NEW_XULSTORE": false,
            "MOZ_OFFICIAL_BRANDING": false,
            "MOZ_PLACES": false,
            "MOZ_REQUIRE_SIGNING": false,
            "MOZ_SANDBOX": false,
            "MOZ_SERVICES_HEALTHREPORT": true,
            "MOZ_SERVICES_SYNC": false,
            "MOZ_SWITCHBOARD": true,
            "MOZ_SYSTEM_NSS": false,
            "MOZ_TELEMETRY_ON_BY_DEFAULT": false,
            "MOZ_TELEMETRY_REPORTING": true,
            "MOZ_UNSIGNED_SCOPES": 0,
            "MOZ_UPDATER": false,
            "MOZ_UPDATE_CHANNEL": "release",
            "MOZ_WEBRTC": true,
            "MOZ_WIDGET_GTK": false,
            "MOZ_WIDGET_TOOLKIT": "android",
            "NIGHTLY_BUILD": false,
            "OMNIJAR_NAME": "assets/omni.ja",
            "RELEASE_OR_BETA": true,
            "SOURCE_REVISION_URL": "https://hg.mozilla.org/releases/mozilla-esr68/rev/d2e0b9e17b9bc1ef02606c8006b73293f7892ad5",
            "TELEMETRY_PING_FORMAT_VERSION": 4,
            "XP_UNIX": true,
            "isPlatformAndVersionAtLeast": {},
            "isPlatformAndVersionAtMost": {},
            "platform": "android"
          },
          "asyncAppConstants": {
            "ACCESSIBILITY": true,
            "ANDROID_PACKAGE_NAME": "org.mozilla.firefox",
            "ASAN": false,
            "ASAN_REPORTER": false,
            "BROWSER_CHROME_URL": "chrome://browser/content/browser.xul",
            "DEBUG": false,
            "DEBUG_JS_MODULES": "",
            "DLL_PREFIX": "lib",
            "DLL_SUFFIX": ".so",
            "EARLY_BETA_OR_EARLIER": false,
            "FENNEC_NIGHTLY": false,
            "HAVE_SHELL_SERVICE": false,
            "HAVE_USR_LIB64_DIR": false,
            "MENUBAR_CAN_AUTOHIDE": false,
            "MOZILLA_OFFICIAL": true,
            "MOZ_ALLOW_LEGACY_EXTENSIONS": false,
            "MOZ_ANDROID_ACTIVITY_STREAM": false,
            "MOZ_ANDROID_HISTORY": true,
            "MOZ_ANDROID_MOZILLA_ONLINE": false,
            "MOZ_APP_NAME": "fennec",
            "MOZ_APP_VERSION": "68.1.1",
            "MOZ_APP_VERSION_DISPLAY": "68.1.1",
            "MOZ_BING_API_CLIENTID": "no-bing-api-clientid",
            "MOZ_BING_API_KEY": "no-bing-api-key",
            "MOZ_BITS_DOWNLOAD": false,
            "MOZ_BUILD_APP": "mobile/android",
            "MOZ_CODE_COVERAGE": false,
            "MOZ_CRASHREPORTER": true,
            "MOZ_DATA_REPORTING": true,
            "MOZ_DEV_EDITION": false,
            "MOZ_GECKO_PROFILER": true,
            "MOZ_GOOGLE_LOCATION_SERVICE_API_KEY": "AIzaSyB2h2OuRcUgy5N-5hsZqiPW6sH3n_rptiQ",
            "MOZ_GOOGLE_SAFEBROWSING_API_KEY": "AIzaSyC7jsptDS3am4tPx4r3nxis7IMjBc5Dovo",
            "MOZ_GRAPHENE": false,
            "MOZ_MACBUNDLE_NAME": "Firefox.app",
            "MOZ_MAINTENANCE_SERVICE": false,
            "MOZ_MOZILLA_API_KEY": "3b4d27dd-703d-4094-8398-4de2c763505a",
            "MOZ_NEW_CERT_STORAGE": false,
            "MOZ_NEW_NOTIFICATION_STORE": false,
            "MOZ_NEW_XULSTORE": false,
            "MOZ_OFFICIAL_BRANDING": false,
            "MOZ_PLACES": false,
            "MOZ_REQUIRE_SIGNING": false,
            "MOZ_SANDBOX": false,
            "MOZ_SERVICES_HEALTHREPORT": true,
            "MOZ_SERVICES_SYNC": false,
            "MOZ_SWITCHBOARD": true,
            "MOZ_SYSTEM_NSS": false,
            "MOZ_TELEMETRY_ON_BY_DEFAULT": false,
            "MOZ_TELEMETRY_REPORTING": true,
            "MOZ_UNSIGNED_SCOPES": 0,
            "MOZ_UPDATER": false,
            "MOZ_UPDATE_CHANNEL": "release",
            "MOZ_WEBRTC": true,
            "MOZ_WIDGET_GTK": false,
            "MOZ_WIDGET_TOOLKIT": "android",
            "NIGHTLY_BUILD": false,
            "OMNIJAR_NAME": "assets/omni.ja",
            "RELEASE_OR_BETA": true,
            "SOURCE_REVISION_URL": "https://hg.mozilla.org/releases/mozilla-esr68/rev/d2e0b9e17b9bc1ef02606c8006b73293f7892ad5",
            "TELEMETRY_PING_FORMAT_VERSION": 4,
            "XP_UNIX": true,
            "isPlatformAndVersionAtLeast": {},
            "isPlatformAndVersionAtMost": {},
            "platform": "android"
          },
          "userAgent": "Mozilla/5.0 (Android 8.1.0; Mobile; rv:68.0) Gecko/68.0 Firefox/68.0",
          "windowSize": "360x560"
        },
        "pageinfo": {
          "documentHeight": 1945,
          "documentSize": {
            "decodedBodySize": 87178,
            "encodedBodySize": 17166,
            "transferSize": 17501
          },
          "documentTitle": "腾讯网-QQ.COM",
          "documentWidth": 360,
          "domElements": 344,
          "navigationStartTime": 1617048659137,
          "nextHopProtocol": "h2",
          "resources": {
            "count": 0,
            "duration": 0
          },
          "responsive": true,
          "url": "https://xw.qq.com/?f=qqcom",
          "visualElements": {
            "heroes": [
              {
                "filename": "fa0f5a3b9fe5.icon_tips_tree.png",
                "height": 44,
                "name": "LargestImage",
                "width": 44,
                "x": 24,
                "y": 492
              }
            ],
            "viewport": {
              "height": 560,
              "width": 360
            }
          }
        },
        "timings": {
          "firstPaint": 1280,
          "loadEventEnd": 5779,
          "navigationTiming": {
            "connectStart": 306,
            "domComplete": 5778,
            "domContentLoadedEventEnd": 2535,
            "domContentLoadedEventStart": 2506,
            "domInteractive": 2499,
            "domainLookupEnd": 306,
            "domainLookupStart": 306,
            "duration": 5779,
            "fetchStart": -1,
            "loadEventEnd": 5779,
            "loadEventStart": 5779,
            "redirectEnd": 0,
            "redirectStart": 0,
            "requestStart": 315,
            "responseEnd": 481,
            "responseStart": 468,
            "secureConnectionStart": 0,
            "startTime": 0,
            "unloadEventEnd": 487,
            "unloadEventStart": 4926,
            "workerStart": 0
          },
          "pageTimings": {
            "backEndTime": 468,
            "domContentLoadedTime": 2506,
            "domInteractiveTime": 2499,
            "domainLookupTime": 0,
            "frontEndTime": 5298,
            "pageDownloadTime": 13,
            "pageLoadTime": 5779,
            "redirectionTime": 0,
            "serverConnectionTime": 0,
            "serverResponseTime": 166
          },
          "rumSpeedIndex": 467,
          "timeToContentfulPaint": 1584,
          "timeToDomContentFlushed": 2535,
          "userTimings": {
            "marks": [],
            "measures": []
          }
        }
      },
      {
        "browser": {
          "appConstants": {
            "ACCESSIBILITY": true,
            "ANDROID_PACKAGE_NAME": "org.mozilla.firefox",
            "ASAN": false,
            "ASAN_REPORTER": false,
            "BROWSER_CHROME_URL": "chrome://browser/content/browser.xul",
            "DEBUG": false,
            "DEBUG_JS_MODULES": "",
            "DLL_PREFIX": "lib",
            "DLL_SUFFIX": ".so",
            "EARLY_BETA_OR_EARLIER": false,
            "FENNEC_NIGHTLY": false,
            "HAVE_SHELL_SERVICE": false,
            "HAVE_USR_LIB64_DIR": false,
            "MENUBAR_CAN_AUTOHIDE": false,
            "MOZILLA_OFFICIAL": true,
            "MOZ_ALLOW_LEGACY_EXTENSIONS": false,
            "MOZ_ANDROID_ACTIVITY_STREAM": false,
            "MOZ_ANDROID_HISTORY": true,
            "MOZ_ANDROID_MOZILLA_ONLINE": false,
            "MOZ_APP_NAME": "fennec",
            "MOZ_APP_VERSION": "68.1.1",
            "MOZ_APP_VERSION_DISPLAY": "68.1.1",
            "MOZ_BING_API_CLIENTID": "no-bing-api-clientid",
            "MOZ_BING_API_KEY": "no-bing-api-key",
            "MOZ_BITS_DOWNLOAD": false,
            "MOZ_BUILD_APP": "mobile/android",
            "MOZ_CODE_COVERAGE": false,
            "MOZ_CRASHREPORTER": true,
            "MOZ_DATA_REPORTING": true,
            "MOZ_DEV_EDITION": false,
            "MOZ_GECKO_PROFILER": true,
            "MOZ_GOOGLE_LOCATION_SERVICE_API_KEY": "AIzaSyB2h2OuRcUgy5N-5hsZqiPW6sH3n_rptiQ",
            "MOZ_GOOGLE_SAFEBROWSING_API_KEY": "AIzaSyC7jsptDS3am4tPx4r3nxis7IMjBc5Dovo",
            "MOZ_GRAPHENE": false,
            "MOZ_MACBUNDLE_NAME": "Firefox.app",
            "MOZ_MAINTENANCE_SERVICE": false,
            "MOZ_MOZILLA_API_KEY": "3b4d27dd-703d-4094-8398-4de2c763505a",
            "MOZ_NEW_CERT_STORAGE": false,
            "MOZ_NEW_NOTIFICATION_STORE": false,
            "MOZ_NEW_XULSTORE": false,
            "MOZ_OFFICIAL_BRANDING": false,
            "MOZ_PLACES": false,
            "MOZ_REQUIRE_SIGNING": false,
            "MOZ_SANDBOX": false,
            "MOZ_SERVICES_HEALTHREPORT": true,
            "MOZ_SERVICES_SYNC": false,
            "MOZ_SWITCHBOARD": true,
            "MOZ_SYSTEM_NSS": false,
            "MOZ_TELEMETRY_ON_BY_DEFAULT": false,
            "MOZ_TELEMETRY_REPORTING": true,
            "MOZ_UNSIGNED_SCOPES": 0,
            "MOZ_UPDATER": false,
            "MOZ_UPDATE_CHANNEL": "release",
            "MOZ_WEBRTC": true,
            "MOZ_WIDGET_GTK": false,
            "MOZ_WIDGET_TOOLKIT": "android",
            "NIGHTLY_BUILD": false,
            "OMNIJAR_NAME": "assets/omni.ja",
            "RELEASE_OR_BETA": true,
            "SOURCE_REVISION_URL": "https://hg.mozilla.org/releases/mozilla-esr68/rev/d2e0b9e17b9bc1ef02606c8006b73293f7892ad5",
            "TELEMETRY_PING_FORMAT_VERSION": 4,
            "XP_UNIX": true,
            "isPlatformAndVersionAtLeast": {},
            "isPlatformAndVersionAtMost": {},
            "platform": "android"
          },
          "asyncAppConstants": {
            "ACCESSIBILITY": true,
            "ANDROID_PACKAGE_NAME": "org.mozilla.firefox",
            "ASAN": false,
            "ASAN_REPORTER": false,
            "BROWSER_CHROME_URL": "chrome://browser/content/browser.xul",
            "DEBUG": false,
            "DEBUG_JS_MODULES": "",
            "DLL_PREFIX": "lib",
            "DLL_SUFFIX": ".so",
            "EARLY_BETA_OR_EARLIER": false,
            "FENNEC_NIGHTLY": false,
            "HAVE_SHELL_SERVICE": false,
            "HAVE_USR_LIB64_DIR": false,
            "MENUBAR_CAN_AUTOHIDE": false,
            "MOZILLA_OFFICIAL": true,
            "MOZ_ALLOW_LEGACY_EXTENSIONS": false,
            "MOZ_ANDROID_ACTIVITY_STREAM": false,
            "MOZ_ANDROID_HISTORY": true,
            "MOZ_ANDROID_MOZILLA_ONLINE": false,
            "MOZ_APP_NAME": "fennec",
            "MOZ_APP_VERSION": "68.1.1",
            "MOZ_APP_VERSION_DISPLAY": "68.1.1",
            "MOZ_BING_API_CLIENTID": "no-bing-api-clientid",
            "MOZ_BING_API_KEY": "no-bing-api-key",
            "MOZ_BITS_DOWNLOAD": false,
            "MOZ_BUILD_APP": "mobile/android",
            "MOZ_CODE_COVERAGE": false,
            "MOZ_CRASHREPORTER": true,
            "MOZ_DATA_REPORTING": true,
            "MOZ_DEV_EDITION": false,
            "MOZ_GECKO_PROFILER": true,
            "MOZ_GOOGLE_LOCATION_SERVICE_API_KEY": "AIzaSyB2h2OuRcUgy5N-5hsZqiPW6sH3n_rptiQ",
            "MOZ_GOOGLE_SAFEBROWSING_API_KEY": "AIzaSyC7jsptDS3am4tPx4r3nxis7IMjBc5Dovo",
            "MOZ_GRAPHENE": false,
            "MOZ_MACBUNDLE_NAME": "Firefox.app",
            "MOZ_MAINTENANCE_SERVICE": false,
            "MOZ_MOZILLA_API_KEY": "3b4d27dd-703d-4094-8398-4de2c763505a",
            "MOZ_NEW_CERT_STORAGE": false,
            "MOZ_NEW_NOTIFICATION_STORE": false,
            "MOZ_NEW_XULSTORE": false,
            "MOZ_OFFICIAL_BRANDING": false,
            "MOZ_PLACES": false,
            "MOZ_REQUIRE_SIGNING": false,
            "MOZ_SANDBOX": false,
            "MOZ_SERVICES_HEALTHREPORT": true,
            "MOZ_SERVICES_SYNC": false,
            "MOZ_SWITCHBOARD": true,
            "MOZ_SYSTEM_NSS": false,
            "MOZ_TELEMETRY_ON_BY_DEFAULT": false,
            "MOZ_TELEMETRY_REPORTING": true,
            "MOZ_UNSIGNED_SCOPES": 0,
            "MOZ_UPDATER": false,
            "MOZ_UPDATE_CHANNEL": "release",
            "MOZ_WEBRTC": true,
            "MOZ_WIDGET_GTK": false,
            "MOZ_WIDGET_TOOLKIT": "android",
            "NIGHTLY_BUILD": false,
            "OMNIJAR_NAME": "assets/omni.ja",
            "RELEASE_OR_BETA": true,
            "SOURCE_REVISION_URL": "https://hg.mozilla.org/releases/mozilla-esr68/rev/d2e0b9e17b9bc1ef02606c8006b73293f7892ad5",
            "TELEMETRY_PING_FORMAT_VERSION": 4,
            "XP_UNIX": true,
            "isPlatformAndVersionAtLeast": {},
            "isPlatformAndVersionAtMost": {},
            "platform": "android"
          },
          "userAgent": "Mozilla/5.0 (Android 8.1.0; Mobile; rv:68.0) Gecko/68.0 Firefox/68.0",
          "windowSize": "360x560"
        },
        "pageinfo": {
          "documentHeight": 1945,
          "documentSize": {
            "decodedBodySize": 86965,
            "encodedBodySize": 17028,
            "transferSize": 17363
          },
          "documentTitle": "腾讯网-QQ.COM",
          "documentWidth": 360,
          "domElements": 344,
          "navigationStartTime": 1617048682625,
          "nextHopProtocol": "h2",
          "resources": {
            "count": 0,
            "duration": 0
          },
          "responsive": true,
          "url": "https://xw.qq.com/?f=qqcom",
          "visualElements": {
            "heroes": [
              {
                "filename": "fa0f5a3b9fe5.icon_tips_tree.png",
                "height": 44,
                "name": "LargestImage",
                "width": 44,
                "x": 24,
                "y": 492
              }
            ],
            "viewport": {
              "height": 560,
              "width": 360
            }
          }
        },
        "timings": {
          "firstPaint": 1311,
          "loadEventEnd": 6740,
          "navigationTiming": {
            "connectStart": 225,
            "domComplete": 6739,
            "domContentLoadedEventEnd": 2285,
            "domContentLoadedEventStart": 2277,
            "domInteractive": 2244,
            "domainLookupEnd": 224,
            "domainLookupStart": 224,
            "duration": 6740,
            "fetchStart": -1,
            "loadEventEnd": 6740,
            "loadEventStart": 6739,
            "redirectEnd": 0,
            "redirectStart": 0,
            "requestStart": 233,
            "responseEnd": 545,
            "responseStart": 514,
            "secureConnectionStart": 0,
            "startTime": 0,
            "unloadEventEnd": 544,
            "unloadEventStart": 5620,
            "workerStart": 0
          },
          "pageTimings": {
            "backEndTime": 514,
            "domContentLoadedTime": 2277,
            "domInteractiveTime": 2244,
            "domainLookupTime": 0,
            "frontEndTime": 6194,
            "pageDownloadTime": 31,
            "pageLoadTime": 6739,
            "redirectionTime": 0,
            "serverConnectionTime": 0,
            "serverResponseTime": 312
          },
          "rumSpeedIndex": 513,
          "timeToContentfulPaint": 1697,
          "timeToDomContentFlushed": 2257,
          "userTimings": {
            "marks": [],
            "measures": []
          }
        }
      }
    ],
    "visualMetrics": [],
    "cpu": [],
    "extras": [
      {},
      {},
      {}
    ],
    "fullyLoaded": [],
    "errors": [
      [],
      [],
      []
    ],
    "statistics": {
      "browser": {
        "appConstants": {
          "MOZ_UNSIGNED_SCOPES": {
            "median": 0,
            "mean": 0,
            "mdev": 0,
            "stddev": 0,
            "min": 0,
            "p10": 0,
            "p90": 0,
            "p99": 0,
            "max": 0
          },
          "TELEMETRY_PING_FORMAT_VERSION": {
            "median": 4,
            "mean": 4,
            "mdev": 0,
            "stddev": 0,
            "min": 4,
            "p10": 4,
            "p90": 4,
            "p99": 4,
            "max": 4
          }
        },
        "asyncAppConstants": {
          "MOZ_UNSIGNED_SCOPES": {
            "median": 0,
            "mean": 0,
            "mdev": 0,
            "stddev": 0,
            "min": 0,
            "p10": 0,
            "p90": 0,
            "p99": 0,
            "max": 0
          },
          "TELEMETRY_PING_FORMAT_VERSION": {
            "median": 4,
            "mean": 4,
            "mdev": 0,
            "stddev": 0,
            "min": 4,
            "p10": 4,
            "p90": 4,
            "p99": 4,
            "max": 4
          }
        }
      },
      "pageinfo": {
        "documentHeight": {
          "median": 1945,
          "mean": 1945,
          "mdev": 0,
          "stddev": 0,
          "min": 1945,
          "p10": 1945,
          "p90": 1945,
          "p99": 1945,
          "max": 1945
        },
        "documentSize": {
          "decodedBodySize": {
            "median": 87178,
            "mean": 87107,
            "mdev": 57.9713,
            "stddev": 100,
            "min": 86965,
            "p10": 86965,
            "p90": 87178,
            "p99": 87178,
            "max": 87178
          },
          "encodedBodySize": {
            "median": 17166,
            "mean": 17120,
            "mdev": 37.5588,
            "stddev": 65,
            "min": 17028,
            "p10": 17028,
            "p90": 17166,
            "p99": 17166,
            "max": 17166
          },
          "transferSize": {
            "median": 17501,
            "mean": 17455,
            "mdev": 37.5588,
            "stddev": 65,
            "min": 17363,
            "p10": 17363,
            "p90": 17501,
            "p99": 17501,
            "max": 17501
          }
        },
        "documentWidth": {
          "median": 360,
          "mean": 360,
          "mdev": 0,
          "stddev": 0,
          "min": 360,
          "p10": 360,
          "p90": 360,
          "p99": 360,
          "max": 360
        },
        "domElements": {
          "median": 344,
          "mean": 344,
          "mdev": 0,
          "stddev": 0,
          "min": 344,
          "p10": 344,
          "p90": 344,
          "p99": 344,
          "max": 344
        },
        "navigationStartTime": {
          "median": 1617048659137,
          "mean": 1617048657984,
          "mdev": 0,
          "stddev": 0,
          "min": 1617048632190,
          "p10": 1617048632190,
          "p90": 1617048682625,
          "p99": 1617048682625,
          "max": 1617048682625
        },
        "resources": {
          "count": {
            "median": 0,
            "mean": 0,
            "mdev": 0,
            "stddev": 0,
            "min": 0,
            "p10": 0,
            "p90": 0,
            "p99": 0,
            "max": 0
          },
          "duration": {
            "median": 0,
            "mean": 0,
            "mdev": 0,
            "stddev": 0,
            "min": 0,
            "p10": 0,
            "p90": 0,
            "p99": 0,
            "max": 0
          }
        },
        "visualElements": {
          "heroes": [
            {
              "height": {
                "median": 44,
                "mean": 44,
                "mdev": 0,
                "stddev": 0,
                "min": 44,
                "p10": 44,
                "p90": 44,
                "p99": 44,
                "max": 44
              },
              "width": {
                "median": 44,
                "mean": 44,
                "mdev": 0,
                "stddev": 0,
                "min": 44,
                "p10": 44,
                "p90": 44,
                "p99": 44,
                "max": 44
              },
              "x": {
                "median": 24,
                "mean": 24,
                "mdev": 0,
                "stddev": 0,
                "min": 24,
                "p10": 24,
                "p90": 24,
                "p99": 24,
                "max": 24
              },
              "y": {
                "median": 492,
                "mean": 492,
                "mdev": 0,
                "stddev": 0,
                "min": 492,
                "p10": 492,
                "p90": 492,
                "p99": 492,
                "max": 492
              }
            }
          ],
          "viewport": {
            "height": {
              "median": 560,
              "mean": 560,
              "mdev": 0,
              "stddev": 0,
              "min": 560,
              "p10": 560,
              "p90": 560,
              "p99": 560,
              "max": 560
            },
            "width": {
              "median": 360,
              "mean": 360,
              "mdev": 0,
              "stddev": 0,
              "min": 360,
              "p10": 360,
              "p90": 360,
              "p99": 360,
              "max": 360
            }
          }
        }
      },
      "timings": {
        "firstPaint": {
          "median": 1280,
          "mean": 1279,
          "mdev": 15.5659,
          "stddev": 27,
          "min": 1245,
          "p10": 1245,
          "p90": 1311,
          "p99": 1311,
          "max": 1311
        },
        "loadEventEnd": {
          "median": 5779,
          "mean": 6050,
          "mdev": 283.6791,
          "stddev": 491,
          "min": 5632,
          "p10": 5632,
          "p90": 6740,
          "p99": 6740,
          "max": 6740
        },
        "navigationTiming": {
          "connectStart": {
            "median": 285,
            "mean": 272,
            "mdev": 19.8158,
            "stddev": 34,
            "min": 225,
            "p10": 225,
            "p90": 306,
            "p99": 306,
            "max": 306
          },
          "domComplete": {
            "median": 5778,
            "mean": 6050,
            "mdev": 283.5154,
            "stddev": 491,
            "min": 5632,
            "p10": 5632,
            "p90": 6739,
            "p99": 6739,
            "max": 6739
          },
          "domContentLoadedEventEnd": {
            "median": 2380,
            "mean": 2400,
            "mdev": 59.4886,
            "stddev": 103,
            "min": 2285,
            "p10": 2285,
            "p90": 2535,
            "p99": 2535,
            "max": 2535
          },
          "domContentLoadedEventStart": {
            "median": 2359,
            "mean": 2381,
            "mdev": 54.6958,
            "stddev": 95,
            "min": 2277,
            "p10": 2277,
            "p90": 2506,
            "p99": 2506,
            "max": 2506
          },
          "domInteractive": {
            "median": 2351,
            "mean": 2365,
            "mdev": 60.3625,
            "stddev": 105,
            "min": 2244,
            "p10": 2244,
            "p90": 2499,
            "p99": 2499,
            "max": 2499
          },
          "domainLookupEnd": {
            "median": 284,
            "mean": 271,
            "mdev": 20.0074,
            "stddev": 35,
            "min": 224,
            "p10": 224,
            "p90": 306,
            "p99": 306,
            "max": 306
          },
          "domainLookupStart": {
            "median": 284,
            "mean": 271,
            "mdev": 20.0074,
            "stddev": 35,
            "min": 224,
            "p10": 224,
            "p90": 306,
            "p99": 306,
            "max": 306
          },
          "duration": {
            "median": 5779,
            "mean": 6050,
            "mdev": 283.6791,
            "stddev": 491,
            "min": 5632,
            "p10": 5632,
            "p90": 6740,
            "p99": 6740,
            "max": 6740
          },
          "fetchStart": {
            "median": -1,
            "mean": -1,
            "mdev": 0,
            "stddev": 0,
            "min": -1,
            "p10": -1,
            "p90": -1,
            "p99": -1,
            "max": -1
          },
          "loadEventEnd": {
            "median": 5779,
            "mean": 6050,
            "mdev": 283.6791,
            "stddev": 491,
            "min": 5632,
            "p10": 5632,
            "p90": 6740,
            "p99": 6740,
            "max": 6740
          },
          "loadEventStart": {
            "median": 5779,
            "mean": 6050,
            "mdev": 283.409,
            "stddev": 491,
            "min": 5632,
            "p10": 5632,
            "p90": 6739,
            "p99": 6739,
            "max": 6739
          },
          "redirectEnd": {
            "median": 0,
            "mean": 0,
            "mdev": 0,
            "stddev": 0,
            "min": 0,
            "p10": 0,
            "p90": 0,
            "p99": 0,
            "max": 0
          },
          "redirectStart": {
            "median": 0,
            "mean": 0,
            "mdev": 0,
            "stddev": 0,
            "min": 0,
            "p10": 0,
            "p90": 0,
            "p99": 0,
            "max": 0
          },
          "requestStart": {
            "median": 296,
            "mean": 281,
            "mdev": 20.2338,
            "stddev": 35,
            "min": 233,
            "p10": 233,
            "p90": 315,
            "p99": 315,
            "max": 315
          },
          "responseEnd": {
            "median": 481,
            "mean": 493,
            "mdev": 22.4318,
            "stddev": 39,
            "min": 452,
            "p10": 452,
            "p90": 545,
            "p99": 545,
            "max": 545
          },
          "responseStart": {
            "median": 468,
            "mean": 475,
            "mdev": 16.7686,
            "stddev": 29,
            "min": 444,
            "p10": 444,
            "p90": 514,
            "p99": 514,
            "max": 514
          },
          "secureConnectionStart": {
            "median": 0,
            "mean": 0,
            "mdev": 0,
            "stddev": 0,
            "min": 0,
            "p10": 0,
            "p90": 0,
            "p99": 0,
            "max": 0
          },
          "startTime": {
            "median": 0,
            "mean": 0,
            "mdev": 0,
            "stddev": 0,
            "min": 0,
            "p10": 0,
            "p90": 0,
            "p99": 0,
            "max": 0
          },
          "unloadEventEnd": {
            "median": 487,
            "mean": 497,
            "mdev": 20.2155,
            "stddev": 35,
            "min": 460,
            "p10": 460,
            "p90": 544,
            "p99": 544,
            "max": 544
          },
          "unloadEventStart": {
            "median": 4926,
            "mean": 5112,
            "mdev": 210.0235,
            "stddev": 364,
            "min": 4789,
            "p10": 4789,
            "p90": 5620,
            "p99": 5620,
            "max": 5620
          },
          "workerStart": {
            "median": 0,
            "mean": 0,
            "mdev": 0,
            "stddev": 0,
            "min": 0,
            "p10": 0,
            "p90": 0,
            "p99": 0,
            "max": 0
          }
        },
        "pageTimings": {
          "backEndTime": {
            "median": 468,
            "mean": 475,
            "mdev": 16.7686,
            "stddev": 29,
            "min": 444,
            "p10": 444,
            "p90": 514,
            "p99": 514,
            "max": 514
          },
          "domContentLoadedTime": {
            "median": 2359,
            "mean": 2381,
            "mdev": 54.6958,
            "stddev": 95,
            "min": 2277,
            "p10": 2277,
            "p90": 2506,
            "p99": 2506,
            "max": 2506
          },
          "domInteractiveTime": {
            "median": 2351,
            "mean": 2365,
            "mdev": 60.3625,
            "stddev": 105,
            "min": 2244,
            "p10": 2244,
            "p90": 2499,
            "p99": 2499,
            "max": 2499
          },
          "domainLookupTime": {
            "median": 0,
            "mean": 0,
            "mdev": 0,
            "stddev": 0,
            "min": 0,
            "p10": 0,
            "p90": 0,
            "p99": 0,
            "max": 0
          },
          "frontEndTime": {
            "median": 5298,
            "mean": 5557,
            "mdev": 261.4019,
            "stddev": 453,
            "min": 5180,
            "p10": 5180,
            "p90": 6194,
            "p99": 6194,
            "max": 6194
          },
          "pageDownloadTime": {
            "median": 13,
            "mean": 17,
            "mdev": 5.7025,
            "stddev": 10,
            "min": 8,
            "p10": 8,
            "p90": 31,
            "p99": 31,
            "max": 31
          },
          "pageLoadTime": {
            "median": 5779,
            "mean": 6050,
            "mdev": 283.409,
            "stddev": 491,
            "min": 5632,
            "p10": 5632,
            "p90": 6739,
            "p99": 6739,
            "max": 6739
          },
          "redirectionTime": {
            "median": 0,
            "mean": 0,
            "mdev": 0,
            "stddev": 0,
            "min": 0,
            "p10": 0,
            "p90": 0,
            "p99": 0,
            "max": 0
          },
          "serverConnectionTime": {
            "median": 0,
            "mean": 0,
            "mdev": 0,
            "stddev": 0,
            "min": 0,
            "p10": 0,
            "p90": 0,
            "p99": 0,
            "max": 0
          },
          "serverResponseTime": {
            "median": 166,
            "mean": 211,
            "mdev": 41.1645,
            "stddev": 71,
            "min": 156,
            "p10": 156,
            "p90": 312,
            "p99": 312,
            "max": 312
          }
        },
        "rumSpeedIndex": {
          "median": 467,
          "mean": 474,
          "mdev": 16.7686,
          "stddev": 29,
          "min": 443,
          "p10": 443,
          "p90": 513,
          "p99": 513,
          "max": 513
        },
        "timeToContentfulPaint": {
          "median": 1602,
          "mean": 1628,
          "mdev": 28.6214,
          "stddev": 50,
          "min": 1584,
          "p10": 1584,
          "p90": 1697,
          "p99": 1697,
          "max": 1697
        },
        "timeToDomContentFlushed": {
          "median": 2359,
          "mean": 2384,
          "mdev": 66.2945,
          "stddev": 115,
          "min": 2257,
          "p10": 2257,
          "p90": 2535,
          "p99": 2535,
          "max": 2535
        }
      }
    }
  }
]