[
  {
    "info": {
      "browsertime": {
        "version": "8.4.0"
      },
      "url": "https://yahoo.com/",
      "timestamp": "2021-03-30T14:27:52+04:00",
      "connectivity": {
        "engine": "external",
        "profile": "native"
      },
      "extra": {}
    },
    "files": {
      "video": [],
      "screenshot": [],
      "timeline": [],
      "consoleLog": [],
      "netLog": [],
      "perfLog": []
    },
    "cdp": {
      "performance": []
    },
    "timestamps": [
      "2021-03-30T14:27:38+04:00",
      "2021-03-30T14:27:58+04:00",
      "2021-03-30T14:28:18+04:00"
    ],
    "browserScripts": [
      {
        "browser": {
          "appConstants": {
            "ACCESSIBILITY": true,
            "ANDROID_PACKAGE_NAME": "org.mozilla.firefox",
            "ASAN": false,
            "ASAN_REPORTER": false,
            "BROWSER_CHROME_URL": "chrome://browser/content/browser.xul",
            "DEBUG": false,
            "DEBUG_JS_MODULES": "",
            "DLL_PREFIX": "lib",
            "DLL_SUFFIX": ".so",
            "EARLY_BETA_OR_EARLIER": false,
            "FENNEC_NIGHTLY": false,
            "HAVE_SHELL_SERVICE": false,
            "HAVE_USR_LIB64_DIR": false,
            "MENUBAR_CAN_AUTOHIDE": false,
            "MOZILLA_OFFICIAL": true,
            "MOZ_ALLOW_LEGACY_EXTENSIONS": false,
            "MOZ_ANDROID_ACTIVITY_STREAM": false,
            "MOZ_ANDROID_HISTORY": true,
            "MOZ_ANDROID_MOZILLA_ONLINE": false,
            "MOZ_APP_NAME": "fennec",
            "MOZ_APP_VERSION": "68.1.1",
            "MOZ_APP_VERSION_DISPLAY": "68.1.1",
            "MOZ_BING_API_CLIENTID": "no-bing-api-clientid",
            "MOZ_BING_API_KEY": "no-bing-api-key",
            "MOZ_BITS_DOWNLOAD": false,
            "MOZ_BUILD_APP": "mobile/android",
            "MOZ_CODE_COVERAGE": false,
            "MOZ_CRASHREPORTER": true,
            "MOZ_DATA_REPORTING": true,
            "MOZ_DEV_EDITION": false,
            "MOZ_GECKO_PROFILER": true,
            "MOZ_GOOGLE_LOCATION_SERVICE_API_KEY": "AIzaSyB2h2OuRcUgy5N-5hsZqiPW6sH3n_rptiQ",
            "MOZ_GOOGLE_SAFEBROWSING_API_KEY": "AIzaSyC7jsptDS3am4tPx4r3nxis7IMjBc5Dovo",
            "MOZ_GRAPHENE": false,
            "MOZ_MACBUNDLE_NAME": "Firefox.app",
            "MOZ_MAINTENANCE_SERVICE": false,
            "MOZ_MOZILLA_API_KEY": "3b4d27dd-703d-4094-8398-4de2c763505a",
            "MOZ_NEW_CERT_STORAGE": false,
            "MOZ_NEW_NOTIFICATION_STORE": false,
            "MOZ_NEW_XULSTORE": false,
            "MOZ_OFFICIAL_BRANDING": false,
            "MOZ_PLACES": false,
            "MOZ_REQUIRE_SIGNING": false,
            "MOZ_SANDBOX": false,
            "MOZ_SERVICES_HEALTHREPORT": true,
            "MOZ_SERVICES_SYNC": false,
            "MOZ_SWITCHBOARD": true,
            "MOZ_SYSTEM_NSS": false,
            "MOZ_TELEMETRY_ON_BY_DEFAULT": false,
            "MOZ_TELEMETRY_REPORTING": true,
            "MOZ_UNSIGNED_SCOPES": 0,
            "MOZ_UPDATER": false,
            "MOZ_UPDATE_CHANNEL": "release",
            "MOZ_WEBRTC": true,
            "MOZ_WIDGET_GTK": false,
            "MOZ_WIDGET_TOOLKIT": "android",
            "NIGHTLY_BUILD": false,
            "OMNIJAR_NAME": "assets/omni.ja",
            "RELEASE_OR_BETA": true,
            "SOURCE_REVISION_URL": "https://hg.mozilla.org/releases/mozilla-esr68/rev/d2e0b9e17b9bc1ef02606c8006b73293f7892ad5",
            "TELEMETRY_PING_FORMAT_VERSION": 4,
            "XP_UNIX": true,
            "isPlatformAndVersionAtLeast": {},
            "isPlatformAndVersionAtMost": {},
            "platform": "android"
          },
          "asyncAppConstants": {
            "ACCESSIBILITY": true,
            "ANDROID_PACKAGE_NAME": "org.mozilla.firefox",
            "ASAN": false,
            "ASAN_REPORTER": false,
            "BROWSER_CHROME_URL": "chrome://browser/content/browser.xul",
            "DEBUG": false,
            "DEBUG_JS_MODULES": "",
            "DLL_PREFIX": "lib",
            "DLL_SUFFIX": ".so",
            "EARLY_BETA_OR_EARLIER": false,
            "FENNEC_NIGHTLY": false,
            "HAVE_SHELL_SERVICE": false,
            "HAVE_USR_LIB64_DIR": false,
            "MENUBAR_CAN_AUTOHIDE": false,
            "MOZILLA_OFFICIAL": true,
            "MOZ_ALLOW_LEGACY_EXTENSIONS": false,
            "MOZ_ANDROID_ACTIVITY_STREAM": false,
            "MOZ_ANDROID_HISTORY": true,
            "MOZ_ANDROID_MOZILLA_ONLINE": false,
            "MOZ_APP_NAME": "fennec",
            "MOZ_APP_VERSION": "68.1.1",
            "MOZ_APP_VERSION_DISPLAY": "68.1.1",
            "MOZ_BING_API_CLIENTID": "no-bing-api-clientid",
            "MOZ_BING_API_KEY": "no-bing-api-key",
            "MOZ_BITS_DOWNLOAD": false,
            "MOZ_BUILD_APP": "mobile/android",
            "MOZ_CODE_COVERAGE": false,
            "MOZ_CRASHREPORTER": true,
            "MOZ_DATA_REPORTING": true,
            "MOZ_DEV_EDITION": false,
            "MOZ_GECKO_PROFILER": true,
            "MOZ_GOOGLE_LOCATION_SERVICE_API_KEY": "AIzaSyB2h2OuRcUgy5N-5hsZqiPW6sH3n_rptiQ",
            "MOZ_GOOGLE_SAFEBROWSING_API_KEY": "AIzaSyC7jsptDS3am4tPx4r3nxis7IMjBc5Dovo",
            "MOZ_GRAPHENE": false,
            "MOZ_MACBUNDLE_NAME": "Firefox.app",
            "MOZ_MAINTENANCE_SERVICE": false,
            "MOZ_MOZILLA_API_KEY": "3b4d27dd-703d-4094-8398-4de2c763505a",
            "MOZ_NEW_CERT_STORAGE": false,
            "MOZ_NEW_NOTIFICATION_STORE": false,
            "MOZ_NEW_XULSTORE": false,
            "MOZ_OFFICIAL_BRANDING": false,
            "MOZ_PLACES": false,
            "MOZ_REQUIRE_SIGNING": false,
            "MOZ_SANDBOX": false,
            "MOZ_SERVICES_HEALTHREPORT": true,
            "MOZ_SERVICES_SYNC": false,
            "MOZ_SWITCHBOARD": true,
            "MOZ_SYSTEM_NSS": false,
            "MOZ_TELEMETRY_ON_BY_DEFAULT": false,
            "MOZ_TELEMETRY_REPORTING": true,
            "MOZ_UNSIGNED_SCOPES": 0,
            "MOZ_UPDATER": false,
            "MOZ_UPDATE_CHANNEL": "release",
            "MOZ_WEBRTC": true,
            "MOZ_WIDGET_GTK": false,
            "MOZ_WIDGET_TOOLKIT": "android",
            "NIGHTLY_BUILD": false,
            "OMNIJAR_NAME": "assets/omni.ja",
            "RELEASE_OR_BETA": true,
            "SOURCE_REVISION_URL": "https://hg.mozilla.org/releases/mozilla-esr68/rev/d2e0b9e17b9bc1ef02606c8006b73293f7892ad5",
            "TELEMETRY_PING_FORMAT_VERSION": 4,
            "XP_UNIX": true,
            "isPlatformAndVersionAtLeast": {},
            "isPlatformAndVersionAtMost": {},
            "platform": "android"
          },
          "userAgent": "Mozilla/5.0 (Android 9; Mobile; rv:68.0) Gecko/68.0 Firefox/68.0",
          "windowSize": "360x612"
        },
        "pageinfo": {
          "documentHeight": 4178,
          "documentSize": {
            "decodedBodySize": 420223,
            "encodedBodySize": 103351,
            "transferSize": 106154
          },
          "documentTitle": "Yahoo",
          "documentWidth": 360,
          "domElements": 609,
          "navigationStartTime": 1617100058811,
          "nextHopProtocol": "h2",
          "resources": {
            "count": 0,
            "duration": 0
          },
          "responsive": true,
          "url": "https://en-maktoob.yahoo.com/?p=us",
          "visualElements": {
            "heroes": [
              {
                "filename": "b6955f545a320e3431dd603c53b34e33.cf.jpg",
                "height": 80,
                "name": "LargestImage",
                "width": 80,
                "x": 20,
                "y": 211
              },
              {
                "filename": null,
                "height": 25,
                "name": "Heading",
                "width": 142,
                "x": 0,
                "y": 14
              }
            ],
            "viewport": {
              "height": 612,
              "width": 360
            }
          }
        },
        "timings": {
          "firstPaint": 2400,
          "loadEventEnd": 6527,
          "navigationTiming": {
            "connectStart": 1683,
            "domComplete": 6526,
            "domContentLoadedEventEnd": 4355,
            "domContentLoadedEventStart": 4294,
            "domInteractive": 4110,
            "domainLookupEnd": 1682,
            "domainLookupStart": 1681,
            "duration": 6527,
            "fetchStart": 1640,
            "loadEventEnd": 6527,
            "loadEventStart": 6526,
            "redirectEnd": 1636,
            "redirectStart": 2,
            "requestStart": 1690,
            "responseEnd": 1871,
            "responseStart": 1871,
            "secureConnectionStart": 0,
            "startTime": 0,
            "unloadEventEnd": 0,
            "unloadEventStart": 0,
            "workerStart": 0
          },
          "pageTimings": {
            "backEndTime": 1871,
            "domContentLoadedTime": 4294,
            "domInteractiveTime": 4110,
            "domainLookupTime": 0,
            "frontEndTime": 4655,
            "pageDownloadTime": 0,
            "pageLoadTime": 6526,
            "redirectionTime": 1633,
            "serverConnectionTime": 0,
            "serverResponseTime": 181
          },
          "rumSpeedIndex": 1870,
          "timeToContentfulPaint": 2584,
          "timeToDomContentFlushed": 4267,
          "userTimings": {
            "marks": [],
            "measures": []
          }
        }
      },
      {
        "browser": {
          "appConstants": {
            "ACCESSIBILITY": true,
            "ANDROID_PACKAGE_NAME": "org.mozilla.firefox",
            "ASAN": false,
            "ASAN_REPORTER": false,
            "BROWSER_CHROME_URL": "chrome://browser/content/browser.xul",
            "DEBUG": false,
            "DEBUG_JS_MODULES": "",
            "DLL_PREFIX": "lib",
            "DLL_SUFFIX": ".so",
            "EARLY_BETA_OR_EARLIER": false,
            "FENNEC_NIGHTLY": false,
            "HAVE_SHELL_SERVICE": false,
            "HAVE_USR_LIB64_DIR": false,
            "MENUBAR_CAN_AUTOHIDE": false,
            "MOZILLA_OFFICIAL": true,
            "MOZ_ALLOW_LEGACY_EXTENSIONS": false,
            "MOZ_ANDROID_ACTIVITY_STREAM": false,
            "MOZ_ANDROID_HISTORY": true,
            "MOZ_ANDROID_MOZILLA_ONLINE": false,
            "MOZ_APP_NAME": "fennec",
            "MOZ_APP_VERSION": "68.1.1",
            "MOZ_APP_VERSION_DISPLAY": "68.1.1",
            "MOZ_BING_API_CLIENTID": "no-bing-api-clientid",
            "MOZ_BING_API_KEY": "no-bing-api-key",
            "MOZ_BITS_DOWNLOAD": false,
            "MOZ_BUILD_APP": "mobile/android",
            "MOZ_CODE_COVERAGE": false,
            "MOZ_CRASHREPORTER": true,
            "MOZ_DATA_REPORTING": true,
            "MOZ_DEV_EDITION": false,
            "MOZ_GECKO_PROFILER": true,
            "MOZ_GOOGLE_LOCATION_SERVICE_API_KEY": "AIzaSyB2h2OuRcUgy5N-5hsZqiPW6sH3n_rptiQ",
            "MOZ_GOOGLE_SAFEBROWSING_API_KEY": "AIzaSyC7jsptDS3am4tPx4r3nxis7IMjBc5Dovo",
            "MOZ_GRAPHENE": false,
            "MOZ_MACBUNDLE_NAME": "Firefox.app",
            "MOZ_MAINTENANCE_SERVICE": false,
            "MOZ_MOZILLA_API_KEY": "3b4d27dd-703d-4094-8398-4de2c763505a",
            "MOZ_NEW_CERT_STORAGE": false,
            "MOZ_NEW_NOTIFICATION_STORE": false,
            "MOZ_NEW_XULSTORE": false,
            "MOZ_OFFICIAL_BRANDING": false,
            "MOZ_PLACES": false,
            "MOZ_REQUIRE_SIGNING": false,
            "MOZ_SANDBOX": false,
            "MOZ_SERVICES_HEALTHREPORT": true,
            "MOZ_SERVICES_SYNC": false,
            "MOZ_SWITCHBOARD": true,
            "MOZ_SYSTEM_NSS": false,
            "MOZ_TELEMETRY_ON_BY_DEFAULT": false,
            "MOZ_TELEMETRY_REPORTING": true,
            "MOZ_UNSIGNED_SCOPES": 0,
            "MOZ_UPDATER": false,
            "MOZ_UPDATE_CHANNEL": "release",
            "MOZ_WEBRTC": true,
            "MOZ_WIDGET_GTK": false,
            "MOZ_WIDGET_TOOLKIT": "android",
            "NIGHTLY_BUILD": false,
            "OMNIJAR_NAME": "assets/omni.ja",
            "RELEASE_OR_BETA": true,
            "SOURCE_REVISION_URL": "https://hg.mozilla.org/releases/mozilla-esr68/rev/d2e0b9e17b9bc1ef02606c8006b73293f7892ad5",
            "TELEMETRY_PING_FORMAT_VERSION": 4,
            "XP_UNIX": true,
            "isPlatformAndVersionAtLeast": {},
            "isPlatformAndVersionAtMost": {},
            "platform": "android"
          },
          "asyncAppConstants": {
            "ACCESSIBILITY": true,
            "ANDROID_PACKAGE_NAME": "org.mozilla.firefox",
            "ASAN": false,
            "ASAN_REPORTER": false,
            "BROWSER_CHROME_URL": "chrome://browser/content/browser.xul",
            "DEBUG": false,
            "DEBUG_JS_MODULES": "",
            "DLL_PREFIX": "lib",
            "DLL_SUFFIX": ".so",
            "EARLY_BETA_OR_EARLIER": false,
            "FENNEC_NIGHTLY": false,
            "HAVE_SHELL_SERVICE": false,
            "HAVE_USR_LIB64_DIR": false,
            "MENUBAR_CAN_AUTOHIDE": false,
            "MOZILLA_OFFICIAL": true,
            "MOZ_ALLOW_LEGACY_EXTENSIONS": false,
            "MOZ_ANDROID_ACTIVITY_STREAM": false,
            "MOZ_ANDROID_HISTORY": true,
            "MOZ_ANDROID_MOZILLA_ONLINE": false,
            "MOZ_APP_NAME": "fennec",
            "MOZ_APP_VERSION": "68.1.1",
            "MOZ_APP_VERSION_DISPLAY": "68.1.1",
            "MOZ_BING_API_CLIENTID": "no-bing-api-clientid",
            "MOZ_BING_API_KEY": "no-bing-api-key",
            "MOZ_BITS_DOWNLOAD": false,
            "MOZ_BUILD_APP": "mobile/android",
            "MOZ_CODE_COVERAGE": false,
            "MOZ_CRASHREPORTER": true,
            "MOZ_DATA_REPORTING": true,
            "MOZ_DEV_EDITION": false,
            "MOZ_GECKO_PROFILER": true,
            "MOZ_GOOGLE_LOCATION_SERVICE_API_KEY": "AIzaSyB2h2OuRcUgy5N-5hsZqiPW6sH3n_rptiQ",
            "MOZ_GOOGLE_SAFEBROWSING_API_KEY": "AIzaSyC7jsptDS3am4tPx4r3nxis7IMjBc5Dovo",
            "MOZ_GRAPHENE": false,
            "MOZ_MACBUNDLE_NAME": "Firefox.app",
            "MOZ_MAINTENANCE_SERVICE": false,
            "MOZ_MOZILLA_API_KEY": "3b4d27dd-703d-4094-8398-4de2c763505a",
            "MOZ_NEW_CERT_STORAGE": false,
            "MOZ_NEW_NOTIFICATION_STORE": false,
            "MOZ_NEW_XULSTORE": false,
            "MOZ_OFFICIAL_BRANDING": false,
            "MOZ_PLACES": false,
            "MOZ_REQUIRE_SIGNING": false,
            "MOZ_SANDBOX": false,
            "MOZ_SERVICES_HEALTHREPORT": true,
            "MOZ_SERVICES_SYNC": false,
            "MOZ_SWITCHBOARD": true,
            "MOZ_SYSTEM_NSS": false,
            "MOZ_TELEMETRY_ON_BY_DEFAULT": false,
            "MOZ_TELEMETRY_REPORTING": true,
            "MOZ_UNSIGNED_SCOPES": 0,
            "MOZ_UPDATER": false,
            "MOZ_UPDATE_CHANNEL": "release",
            "MOZ_WEBRTC": true,
            "MOZ_WIDGET_GTK": false,
            "MOZ_WIDGET_TOOLKIT": "android",
            "NIGHTLY_BUILD": false,
            "OMNIJAR_NAME": "assets/omni.ja",
            "RELEASE_OR_BETA": true,
            "SOURCE_REVISION_URL": "https://hg.mozilla.org/releases/mozilla-esr68/rev/d2e0b9e17b9bc1ef02606c8006b73293f7892ad5",
            "TELEMETRY_PING_FORMAT_VERSION": 4,
            "XP_UNIX": true,
            "isPlatformAndVersionAtLeast": {},
            "isPlatformAndVersionAtMost": {},
            "platform": "android"
          },
          "userAgent": "Mozilla/5.0 (Android 9; Mobile; rv:68.0) Gecko/68.0 Firefox/68.0",
          "windowSize": "360x612"
        },
        "pageinfo": {
          "documentHeight": 4178,
          "documentSize": {
            "decodedBodySize": 420644,
            "encodedBodySize": 103579,
            "transferSize": 106382
          },
          "documentTitle": "Yahoo",
          "documentWidth": 360,
          "domElements": 609,
          "navigationStartTime": 1617100079163,
          "nextHopProtocol": "h2",
          "resources": {
            "count": 0,
            "duration": 0
          },
          "responsive": true,
          "url": "https://en-maktoob.yahoo.com/?p=us",
          "visualElements": {
            "heroes": [
              {
                "filename": "b6955f545a320e3431dd603c53b34e33.cf.jpg",
                "height": 80,
                "name": "LargestImage",
                "width": 80,
                "x": 20,
                "y": 211
              },
              {
                "filename": null,
                "height": 25,
                "name": "Heading",
                "width": 142,
                "x": 0,
                "y": 14
              }
            ],
            "viewport": {
              "height": 612,
              "width": 360
            }
          }
        },
        "timings": {
          "firstPaint": 2434,
          "loadEventEnd": 6957,
          "navigationTiming": {
            "connectStart": 1838,
            "domComplete": 6955,
            "domContentLoadedEventEnd": 4273,
            "domContentLoadedEventStart": 4221,
            "domInteractive": 4013,
            "domainLookupEnd": 1838,
            "domainLookupStart": 1838,
            "duration": 6957,
            "fetchStart": 1799,
            "loadEventEnd": 6957,
            "loadEventStart": 6955,
            "redirectEnd": 1789,
            "redirectStart": 2,
            "requestStart": 1846,
            "responseEnd": 2007,
            "responseStart": 2007,
            "secureConnectionStart": 0,
            "startTime": 0,
            "unloadEventEnd": 0,
            "unloadEventStart": 0,
            "workerStart": 0
          },
          "pageTimings": {
            "backEndTime": 2007,
            "domContentLoadedTime": 4221,
            "domInteractiveTime": 4013,
            "domainLookupTime": 0,
            "frontEndTime": 4949,
            "pageDownloadTime": 0,
            "pageLoadTime": 6955,
            "redirectionTime": 1787,
            "serverConnectionTime": 0,
            "serverResponseTime": 160
          },
          "rumSpeedIndex": 2006,
          "timeToContentfulPaint": 2621,
          "timeToDomContentFlushed": 4172,
          "timeToFirstInteractive": 8573,
          "userTimings": {
            "marks": [],
            "measures": []
          }
        }
      },
      {
        "browser": {
          "appConstants": {
            "ACCESSIBILITY": true,
            "ANDROID_PACKAGE_NAME": "org.mozilla.firefox",
            "ASAN": false,
            "ASAN_REPORTER": false,
            "BROWSER_CHROME_URL": "chrome://browser/content/browser.xul",
            "DEBUG": false,
            "DEBUG_JS_MODULES": "",
            "DLL_PREFIX": "lib",
            "DLL_SUFFIX": ".so",
            "EARLY_BETA_OR_EARLIER": false,
            "FENNEC_NIGHTLY": false,
            "HAVE_SHELL_SERVICE": false,
            "HAVE_USR_LIB64_DIR": false,
            "MENUBAR_CAN_AUTOHIDE": false,
            "MOZILLA_OFFICIAL": true,
            "MOZ_ALLOW_LEGACY_EXTENSIONS": false,
            "MOZ_ANDROID_ACTIVITY_STREAM": false,
            "MOZ_ANDROID_HISTORY": true,
            "MOZ_ANDROID_MOZILLA_ONLINE": false,
            "MOZ_APP_NAME": "fennec",
            "MOZ_APP_VERSION": "68.1.1",
            "MOZ_APP_VERSION_DISPLAY": "68.1.1",
            "MOZ_BING_API_CLIENTID": "no-bing-api-clientid",
            "MOZ_BING_API_KEY": "no-bing-api-key",
            "MOZ_BITS_DOWNLOAD": false,
            "MOZ_BUILD_APP": "mobile/android",
            "MOZ_CODE_COVERAGE": false,
            "MOZ_CRASHREPORTER": true,
            "MOZ_DATA_REPORTING": true,
            "MOZ_DEV_EDITION": false,
            "MOZ_GECKO_PROFILER": true,
            "MOZ_GOOGLE_LOCATION_SERVICE_API_KEY": "AIzaSyB2h2OuRcUgy5N-5hsZqiPW6sH3n_rptiQ",
            "MOZ_GOOGLE_SAFEBROWSING_API_KEY": "AIzaSyC7jsptDS3am4tPx4r3nxis7IMjBc5Dovo",
            "MOZ_GRAPHENE": false,
            "MOZ_MACBUNDLE_NAME": "Firefox.app",
            "MOZ_MAINTENANCE_SERVICE": false,
            "MOZ_MOZILLA_API_KEY": "3b4d27dd-703d-4094-8398-4de2c763505a",
            "MOZ_NEW_CERT_STORAGE": false,
            "MOZ_NEW_NOTIFICATION_STORE": false,
            "MOZ_NEW_XULSTORE": false,
            "MOZ_OFFICIAL_BRANDING": false,
            "MOZ_PLACES": false,
            "MOZ_REQUIRE_SIGNING": false,
            "MOZ_SANDBOX": false,
            "MOZ_SERVICES_HEALTHREPORT": true,
            "MOZ_SERVICES_SYNC": false,
            "MOZ_SWITCHBOARD": true,
            "MOZ_SYSTEM_NSS": false,
            "MOZ_TELEMETRY_ON_BY_DEFAULT": false,
            "MOZ_TELEMETRY_REPORTING": true,
            "MOZ_UNSIGNED_SCOPES": 0,
            "MOZ_UPDATER": false,
            "MOZ_UPDATE_CHANNEL": "release",
            "MOZ_WEBRTC": true,
            "MOZ_WIDGET_GTK": false,
            "MOZ_WIDGET_TOOLKIT": "android",
            "NIGHTLY_BUILD": false,
            "OMNIJAR_NAME": "assets/omni.ja",
            "RELEASE_OR_BETA": true,
            "SOURCE_REVISION_URL": "https://hg.mozilla.org/releases/mozilla-esr68/rev/d2e0b9e17b9bc1ef02606c8006b73293f7892ad5",
            "TELEMETRY_PING_FORMAT_VERSION": 4,
            "XP_UNIX": true,
            "isPlatformAndVersionAtLeast": {},
            "isPlatformAndVersionAtMost": {},
            "platform": "android"
          },
          "asyncAppConstants": {
            "ACCESSIBILITY": true,
            "ANDROID_PACKAGE_NAME": "org.mozilla.firefox",
            "ASAN": false,
            "ASAN_REPORTER": false,
            "BROWSER_CHROME_URL": "chrome://browser/content/browser.xul",
            "DEBUG": false,
            "DEBUG_JS_MODULES": "",
            "DLL_PREFIX": "lib",
            "DLL_SUFFIX": ".so",
            "EARLY_BETA_OR_EARLIER": false,
            "FENNEC_NIGHTLY": false,
            "HAVE_SHELL_SERVICE": false,
            "HAVE_USR_LIB64_DIR": false,
            "MENUBAR_CAN_AUTOHIDE": false,
            "MOZILLA_OFFICIAL": true,
            "MOZ_ALLOW_LEGACY_EXTENSIONS": false,
            "MOZ_ANDROID_ACTIVITY_STREAM": false,
            "MOZ_ANDROID_HISTORY": true,
            "MOZ_ANDROID_MOZILLA_ONLINE": false,
            "MOZ_APP_NAME": "fennec",
            "MOZ_APP_VERSION": "68.1.1",
            "MOZ_APP_VERSION_DISPLAY": "68.1.1",
            "MOZ_BING_API_CLIENTID": "no-bing-api-clientid",
            "MOZ_BING_API_KEY": "no-bing-api-key",
            "MOZ_BITS_DOWNLOAD": false,
            "MOZ_BUILD_APP": "mobile/android",
            "MOZ_CODE_COVERAGE": false,
            "MOZ_CRASHREPORTER": true,
            "MOZ_DATA_REPORTING": true,
            "MOZ_DEV_EDITION": false,
            "MOZ_GECKO_PROFILER": true,
            "MOZ_GOOGLE_LOCATION_SERVICE_API_KEY": "AIzaSyB2h2OuRcUgy5N-5hsZqiPW6sH3n_rptiQ",
            "MOZ_GOOGLE_SAFEBROWSING_API_KEY": "AIzaSyC7jsptDS3am4tPx4r3nxis7IMjBc5Dovo",
            "MOZ_GRAPHENE": false,
            "MOZ_MACBUNDLE_NAME": "Firefox.app",
            "MOZ_MAINTENANCE_SERVICE": false,
            "MOZ_MOZILLA_API_KEY": "3b4d27dd-703d-4094-8398-4de2c763505a",
            "MOZ_NEW_CERT_STORAGE": false,
            "MOZ_NEW_NOTIFICATION_STORE": false,
            "MOZ_NEW_XULSTORE": false,
            "MOZ_OFFICIAL_BRANDING": false,
            "MOZ_PLACES": false,
            "MOZ_REQUIRE_SIGNING": false,
            "MOZ_SANDBOX": false,
            "MOZ_SERVICES_HEALTHREPORT": true,
            "MOZ_SERVICES_SYNC": false,
            "MOZ_SWITCHBOARD": true,
            "MOZ_SYSTEM_NSS": false,
            "MOZ_TELEMETRY_ON_BY_DEFAULT": false,
            "MOZ_TELEMETRY_REPORTING": true,
            "MOZ_UNSIGNED_SCOPES": 0,
            "MOZ_UPDATER": false,
            "MOZ_UPDATE_CHANNEL": "release",
            "MOZ_WEBRTC": true,
            "MOZ_WIDGET_GTK": false,
            "MOZ_WIDGET_TOOLKIT": "android",
            "NIGHTLY_BUILD": false,
            "OMNIJAR_NAME": "assets/omni.ja",
            "RELEASE_OR_BETA": true,
            "SOURCE_REVISION_URL": "https://hg.mozilla.org/releases/mozilla-esr68/rev/d2e0b9e17b9bc1ef02606c8006b73293f7892ad5",
            "TELEMETRY_PING_FORMAT_VERSION": 4,
            "XP_UNIX": true,
            "isPlatformAndVersionAtLeast": {},
            "isPlatformAndVersionAtMost": {},
            "platform": "android"
          },
          "userAgent": "Mozilla/5.0 (Android 9; Mobile; rv:68.0) Gecko/68.0 Firefox/68.0",
          "windowSize": "360x612"
        },
        "pageinfo": {
          "documentHeight": 4178,
          "documentSize": {
            "decodedBodySize": 420249,
            "encodedBodySize": 103393,
            "transferSize": 106196
          },
          "documentTitle": "Yahoo",
          "documentWidth": 360,
          "domElements": 609,
          "navigationStartTime": 1617100099164,
          "nextHopProtocol": "h2",
          "resources": {
            "count": 0,
            "duration": 0
          },
          "responsive": true,
          "url": "https://en-maktoob.yahoo.com/?p=us",
          "visualElements": {
            "heroes": [
              {
                "filename": "b6955f545a320e3431dd603c53b34e33.cf.jpg",
                "height": 80,
                "name": "LargestImage",
                "width": 80,
                "x": 20,
                "y": 211
              },
              {
                "filename": null,
                "height": 25,
                "name": "Heading",
                "width": 142,
                "x": 0,
                "y": 14
              }
            ],
            "viewport": {
              "height": 612,
              "width": 360
            }
          }
        },
        "timings": {
          "firstPaint": 2595,
          "loadEventEnd": 6252,
          "navigationTiming": {
            "connectStart": 1804,
            "domComplete": 6249,
            "domContentLoadedEventEnd": 4182,
            "domContentLoadedEventStart": 4130,
            "domInteractive": 3952,
            "domainLookupEnd": 1803,
            "domainLookupStart": 1803,
            "duration": 6252,
            "fetchStart": 1745,
            "loadEventEnd": 6252,
            "loadEventStart": 6249,
            "redirectEnd": 1736,
            "redirectStart": 2,
            "requestStart": 1815,
            "responseEnd": 1988,
            "responseStart": 1988,
            "secureConnectionStart": 0,
            "startTime": 0,
            "unloadEventEnd": 0,
            "unloadEventStart": 0,
            "workerStart": 0
          },
          "pageTimings": {
            "backEndTime": 1988,
            "domContentLoadedTime": 4130,
            "domInteractiveTime": 3952,
            "domainLookupTime": 0,
            "frontEndTime": 4261,
            "pageDownloadTime": 0,
            "pageLoadTime": 6249,
            "redirectionTime": 1734,
            "serverConnectionTime": 0,
            "serverResponseTime": 173
          },
          "rumSpeedIndex": 1988,
          "timeToContentfulPaint": 2796,
          "timeToDomContentFlushed": 4120,
          "userTimings": {
            "marks": [],
            "measures": []
          }
        }
      }
    ],
    "visualMetrics": [],
    "cpu": [],
    "extras": [
      {},
      {},
      {}
    ],
    "fullyLoaded": [],
    "errors": [
      [],
      [],
      []
    ],
    "statistics": {
      "browser": {
        "appConstants": {
          "MOZ_UNSIGNED_SCOPES": {
            "median": 0,
            "mean": 0,
            "mdev": 0,
            "stddev": 0,
            "min": 0,
            "p10": 0,
            "p90": 0,
            "p99": 0,
            "max": 0
          },
          "TELEMETRY_PING_FORMAT_VERSION": {
            "median": 4,
            "mean": 4,
            "mdev": 0,
            "stddev": 0,
            "min": 4,
            "p10": 4,
            "p90": 4,
            "p99": 4,
            "max": 4
          }
        },
        "asyncAppConstants": {
          "MOZ_UNSIGNED_SCOPES": {
            "median": 0,
            "mean": 0,
            "mdev": 0,
            "stddev": 0,
            "min": 0,
            "p10": 0,
            "p90": 0,
            "p99": 0,
            "max": 0
          },
          "TELEMETRY_PING_FORMAT_VERSION": {
            "median": 4,
            "mean": 4,
            "mdev": 0,
            "stddev": 0,
            "min": 4,
            "p10": 4,
            "p90": 4,
            "p99": 4,
            "max": 4
          }
        }
      },
      "pageinfo": {
        "documentHeight": {
          "median": 4178,
          "mean": 4178,
          "mdev": 0,
          "stddev": 0,
          "min": 4178,
          "p10": 4178,
          "p90": 4178,
          "p99": 4178,
          "max": 4178
        },
        "documentSize": {
          "decodedBodySize": {
            "median": 420249,
            "mean": 420372,
            "mdev": 111.2125,
            "stddev": 193,
            "min": 420223,
            "p10": 420223,
            "p90": 420644,
            "p99": 420644,
            "max": 420644
          },
          "encodedBodySize": {
            "median": 103393,
            "mean": 103441,
            "mdev": 57.2014,
            "stddev": 99,
            "min": 103351,
            "p10": 103351,
            "p90": 103579,
            "p99": 103579,
            "max": 103579
          },
          "transferSize": {
            "median": 106196,
            "mean": 106244,
            "mdev": 57.2014,
            "stddev": 99,
            "min": 106154,
            "p10": 106154,
            "p90": 106382,
            "p99": 106382,
            "max": 106382
          }
        },
        "documentWidth": {
          "median": 360,
          "mean": 360,
          "mdev": 0,
          "stddev": 0,
          "min": 360,
          "p10": 360,
          "p90": 360,
          "p99": 360,
          "max": 360
        },
        "domElements": {
          "median": 609,
          "mean": 609,
          "mdev": 0,
          "stddev": 0,
          "min": 609,
          "p10": 609,
          "p90": 609,
          "p99": 609,
          "max": 609
        },
        "navigationStartTime": {
          "median": 1617100079163,
          "mean": 1617100079046,
          "mdev": 0,
          "stddev": 0,
          "min": 1617100058811,
          "p10": 1617100058811,
          "p90": 1617100099164,
          "p99": 1617100099164,
          "max": 1617100099164
        },
        "resources": {
          "count": {
            "median": 0,
            "mean": 0,
            "mdev": 0,
            "stddev": 0,
            "min": 0,
            "p10": 0,
            "p90": 0,
            "p99": 0,
            "max": 0
          },
          "duration": {
            "median": 0,
            "mean": 0,
            "mdev": 0,
            "stddev": 0,
            "min": 0,
            "p10": 0,
            "p90": 0,
            "p99": 0,
            "max": 0
          }
        },
        "visualElements": {
          "heroes": [
            {
              "height": {
                "median": 80,
                "mean": 80,
                "mdev": 0,
                "stddev": 0,
                "min": 80,
                "p10": 80,
                "p90": 80,
                "p99": 80,
                "max": 80
              },
              "width": {
                "median": 80,
                "mean": 80,
                "mdev": 0,
                "stddev": 0,
                "min": 80,
                "p10": 80,
                "p90": 80,
                "p99": 80,
                "max": 80
              },
              "x": {
                "median": 20,
                "mean": 20,
                "mdev": 0,
                "stddev": 0,
                "min": 20,
                "p10": 20,
                "p90": 20,
                "p99": 20,
                "max": 20
              },
              "y": {
                "median": 211,
                "mean": 211,
                "mdev": 0,
                "stddev": 0,
                "min": 211,
                "p10": 211,
                "p90": 211,
                "p99": 211,
                "max": 211
              }
            },
            {
              "height": {
                "median": 25,
                "mean": 25,
                "mdev": 0,
                "stddev": 0,
                "min": 25,
                "p10": 25,
                "p90": 25,
                "p99": 25,
                "max": 25
              },
              "width": {
                "median": 142,
                "mean": 142,
                "mdev": 0,
                "stddev": 0,
                "min": 142,
                "p10": 142,
                "p90": 142,
                "p99": 142,
                "max": 142
              },
              "x": {
                "median": 0,
                "mean": 0,
                "mdev": 0,
                "stddev": 0,
                "min": 0,
                "p10": 0,
                "p90": 0,
                "p99": 0,
                "max": 0
              },
              "y": {
                "median": 14,
                "mean": 14,
                "mdev": 0,
                "stddev": 0,
                "min": 14,
                "p10": 14,
                "p90": 14,
                "p99": 14,
                "max": 14
              }
            }
          ],
          "viewport": {
            "height": {
              "median": 612,
              "mean": 612,
              "mdev": 0,
              "stddev": 0,
              "min": 612,
              "p10": 612,
              "p90": 612,
              "p99": 612,
              "max": 612
            },
            "width": {
              "median": 360,
              "mean": 360,
              "mdev": 0,
              "stddev": 0,
              "min": 360,
              "p10": 360,
              "p90": 360,
              "p99": 360,
              "max": 360
            }
          }
        }
      },
      "timings": {
        "firstPaint": {
          "median": 2434,
          "mean": 2476,
          "mdev": 49.1038,
          "stddev": 85,
          "min": 2400,
          "p10": 2400,
          "p90": 2595,
          "p99": 2595,
          "max": 2595
        },
        "loadEventEnd": {
          "median": 6527,
          "mean": 6579,
          "mdev": 167.5035,
          "stddev": 290,
          "min": 6252,
          "p10": 6252,
          "p90": 6957,
          "p99": 6957,
          "max": 6957
        },
        "navigationTiming": {
          "connectStart": {
            "median": 1804,
            "mean": 1775,
            "mdev": 38.4043,
            "stddev": 67,
            "min": 1683,
            "p10": 1683,
            "p90": 1838,
            "p99": 1838,
            "max": 1838
          },
          "domComplete": {
            "median": 6526,
            "mean": 6577,
            "mdev": 167.6864,
            "stddev": 290,
            "min": 6249,
            "p10": 6249,
            "p90": 6955,
            "p99": 6955,
            "max": 6955
          },
          "domContentLoadedEventEnd": {
            "median": 4273,
            "mean": 4270,
            "mdev": 40.7949,
            "stddev": 71,
            "min": 4182,
            "p10": 4182,
            "p90": 4355,
            "p99": 4355,
            "max": 4355
          },
          "domContentLoadedEventStart": {
            "median": 4221,
            "mean": 4215,
            "mdev": 38.7327,
            "stddev": 67,
            "min": 4130,
            "p10": 4130,
            "p90": 4294,
            "p99": 4294,
            "max": 4294
          },
          "domInteractive": {
            "median": 4013,
            "mean": 4025,
            "mdev": 37.5618,
            "stddev": 65,
            "min": 3952,
            "p10": 3952,
            "p90": 4110,
            "p99": 4110,
            "max": 4110
          },
          "domainLookupEnd": {
            "median": 1803,
            "mean": 1774,
            "mdev": 38.5871,
            "stddev": 67,
            "min": 1682,
            "p10": 1682,
            "p90": 1838,
            "p99": 1838,
            "max": 1838
          },
          "domainLookupStart": {
            "median": 1803,
            "mean": 1774,
            "mdev": 38.853,
            "stddev": 67,
            "min": 1681,
            "p10": 1681,
            "p90": 1838,
            "p99": 1838,
            "max": 1838
          },
          "duration": {
            "median": 6527,
            "mean": 6579,
            "mdev": 167.5035,
            "stddev": 290,
            "min": 6252,
            "p10": 6252,
            "p90": 6957,
            "p99": 6957,
            "max": 6957
          },
          "fetchStart": {
            "median": 1745,
            "mean": 1728,
            "mdev": 38.1139,
            "stddev": 66,
            "min": 1640,
            "p10": 1640,
            "p90": 1799,
            "p99": 1799,
            "max": 1799
          },
          "loadEventEnd": {
            "median": 6527,
            "mean": 6579,
            "mdev": 167.5035,
            "stddev": 290,
            "min": 6252,
            "p10": 6252,
            "p90": 6957,
            "p99": 6957,
            "max": 6957
          },
          "loadEventStart": {
            "median": 6526,
            "mean": 6577,
            "mdev": 167.6864,
            "stddev": 290,
            "min": 6249,
            "p10": 6249,
            "p90": 6955,
            "p99": 6955,
            "max": 6955
          },
          "redirectEnd": {
            "median": 1736,
            "mean": 1720,
            "mdev": 36.6252,
            "stddev": 63,
            "min": 1636,
            "p10": 1636,
            "p90": 1789,
            "p99": 1789,
            "max": 1789
          },
          "redirectStart": {
            "median": 2,
            "mean": 2,
            "mdev": 0,
            "stddev": 0,
            "min": 2,
            "p10": 2,
            "p90": 2,
            "p99": 2,
            "max": 2
          },
          "requestStart": {
            "median": 1815,
            "mean": 1784,
            "mdev": 38.9311,
            "stddev": 67,
            "min": 1690,
            "p10": 1690,
            "p90": 1846,
            "p99": 1846,
            "max": 1846
          },
          "responseEnd": {
            "median": 1988,
            "mean": 1955,
            "mdev": 34.719,
            "stddev": 60,
            "min": 1871,
            "p10": 1871,
            "p90": 2007,
            "p99": 2007,
            "max": 2007
          },
          "responseStart": {
            "median": 1988,
            "mean": 1955,
            "mdev": 34.719,
            "stddev": 60,
            "min": 1871,
            "p10": 1871,
            "p90": 2007,
            "p99": 2007,
            "max": 2007
          },
          "secureConnectionStart": {
            "median": 0,
            "mean": 0,
            "mdev": 0,
            "stddev": 0,
            "min": 0,
            "p10": 0,
            "p90": 0,
            "p99": 0,
            "max": 0
          },
          "startTime": {
            "median": 0,
            "mean": 0,
            "mdev": 0,
            "stddev": 0,
            "min": 0,
            "p10": 0,
            "p90": 0,
            "p99": 0,
            "max": 0
          },
          "unloadEventEnd": {
            "median": 0,
            "mean": 0,
            "mdev": 0,
            "stddev": 0,
            "min": 0,
            "p10": 0,
            "p90": 0,
            "p99": 0,
            "max": 0
          },
          "unloadEventStart": {
            "median": 0,
            "mean": 0,
            "mdev": 0,
            "stddev": 0,
            "min": 0,
            "p10": 0,
            "p90": 0,
            "p99": 0,
            "max": 0
          },
          "workerStart": {
            "median": 0,
            "mean": 0,
            "mdev": 0,
            "stddev": 0,
            "min": 0,
            "p10": 0,
            "p90": 0,
            "p99": 0,
            "max": 0
          }
        },
        "pageTimings": {
          "backEndTime": {
            "median": 1988,
            "mean": 1955,
            "mdev": 34.719,
            "stddev": 60,
            "min": 1871,
            "p10": 1871,
            "p90": 2007,
            "p99": 2007,
            "max": 2007
          },
          "domContentLoadedTime": {
            "median": 4221,
            "mean": 4215,
            "mdev": 38.7327,
            "stddev": 67,
            "min": 4130,
            "p10": 4130,
            "p90": 4294,
            "p99": 4294,
            "max": 4294
          },
          "domInteractiveTime": {
            "median": 4013,
            "mean": 4025,
            "mdev": 37.5618,
            "stddev": 65,
            "min": 3952,
            "p10": 3952,
            "p90": 4110,
            "p99": 4110,
            "max": 4110
          },
          "domainLookupTime": {
            "median": 0,
            "mean": 0,
            "mdev": 0,
            "stddev": 0,
            "min": 0,
            "p10": 0,
            "p90": 0,
            "p99": 0,
            "max": 0
          },
          "frontEndTime": {
            "median": 4655,
            "mean": 4622,
            "mdev": 162.7331,
            "stddev": 282,
            "min": 4261,
            "p10": 4261,
            "p90": 4949,
            "p99": 4949,
            "max": 4949
          },
          "pageDownloadTime": {
            "median": 0,
            "mean": 0,
            "mdev": 0,
            "stddev": 0,
            "min": 0,
            "p10": 0,
            "p90": 0,
            "p99": 0,
            "max": 0
          },
          "pageLoadTime": {
            "median": 6526,
            "mean": 6577,
            "mdev": 167.6864,
            "stddev": 290,
            "min": 6249,
            "p10": 6249,
            "p90": 6955,
            "p99": 6955,
            "max": 6955
          },
          "redirectionTime": {
            "median": 1734,
            "mean": 1718,
            "mdev": 36.8812,
            "stddev": 64,
            "min": 1633,
            "p10": 1633,
            "p90": 1787,
            "p99": 1787,
            "max": 1787
          },
          "serverConnectionTime": {
            "median": 0,
            "mean": 0,
            "mdev": 0,
            "stddev": 0,
            "min": 0,
            "p10": 0,
            "p90": 0,
            "p99": 0,
            "max": 0
          },
          "serverResponseTime": {
            "median": 173,
            "mean": 171,
            "mdev": 4.9963,
            "stddev": 9,
            "min": 160,
            "p10": 160,
            "p90": 181,
            "p99": 181,
            "max": 181
          }
        },
        "rumSpeedIndex": {
          "median": 1988,
          "mean": 1955,
          "mdev": 34.8244,
          "stddev": 60,
          "min": 1870,
          "p10": 1870,
          "p90": 2006,
          "p99": 2006,
          "max": 2006
        },
        "timeToContentfulPaint": {
          "median": 2621,
          "mean": 2667,
          "mdev": 53.3812,
          "stddev": 92,
          "min": 2584,
          "p10": 2584,
          "p90": 2796,
          "p99": 2796,
          "max": 2796
        },
        "timeToDomContentFlushed": {
          "median": 4172,
          "mean": 4186,
          "mdev": 35.1389,
          "stddev": 61,
          "min": 4120,
          "p10": 4120,
          "p90": 4267,
          "p99": 4267,
          "max": 4267
        },
        "timeToFirstInteractive": {
          "median": 8573,
          "mean": 8573,
          "mdev": 0,
          "stddev": 0,
          "min": 8573,
          "p10": 8573,
          "p90": 8573,
          "p99": 8573,
          "max": 8573
        }
      }
    }
  }
]