[
  {
    "info": {
      "browsertime": {
        "version": "8.4.0"
      },
      "url": "https://www.fandom.com/",
      "timestamp": "2021-03-30T04:27:39+04:00",
      "connectivity": {
        "engine": "external",
        "profile": "native"
      },
      "extra": {}
    },
    "files": {
      "video": [],
      "screenshot": [],
      "timeline": [],
      "consoleLog": [],
      "netLog": [],
      "perfLog": []
    },
    "cdp": {
      "performance": []
    },
    "timestamps": [
      "2021-03-30T04:27:15+04:00",
      "2021-03-30T04:27:50+04:00",
      "2021-03-30T04:28:25+04:00"
    ],
    "browserScripts": [
      {
        "browser": {
          "appConstants": {
            "ACCESSIBILITY": true,
            "ANDROID_PACKAGE_NAME": "org.mozilla.firefox",
            "ASAN": false,
            "ASAN_REPORTER": false,
            "BROWSER_CHROME_URL": "chrome://browser/content/browser.xul",
            "DEBUG": false,
            "DEBUG_JS_MODULES": "",
            "DLL_PREFIX": "lib",
            "DLL_SUFFIX": ".so",
            "EARLY_BETA_OR_EARLIER": false,
            "FENNEC_NIGHTLY": false,
            "HAVE_SHELL_SERVICE": false,
            "HAVE_USR_LIB64_DIR": false,
            "MENUBAR_CAN_AUTOHIDE": false,
            "MOZILLA_OFFICIAL": true,
            "MOZ_ALLOW_LEGACY_EXTENSIONS": false,
            "MOZ_ANDROID_ACTIVITY_STREAM": false,
            "MOZ_ANDROID_HISTORY": true,
            "MOZ_ANDROID_MOZILLA_ONLINE": false,
            "MOZ_APP_NAME": "fennec",
            "MOZ_APP_VERSION": "68.1.1",
            "MOZ_APP_VERSION_DISPLAY": "68.1.1",
            "MOZ_BING_API_CLIENTID": "no-bing-api-clientid",
            "MOZ_BING_API_KEY": "no-bing-api-key",
            "MOZ_BITS_DOWNLOAD": false,
            "MOZ_BUILD_APP": "mobile/android",
            "MOZ_CODE_COVERAGE": false,
            "MOZ_CRASHREPORTER": true,
            "MOZ_DATA_REPORTING": true,
            "MOZ_DEV_EDITION": false,
            "MOZ_GECKO_PROFILER": true,
            "MOZ_GOOGLE_LOCATION_SERVICE_API_KEY": "AIzaSyB2h2OuRcUgy5N-5hsZqiPW6sH3n_rptiQ",
            "MOZ_GOOGLE_SAFEBROWSING_API_KEY": "AIzaSyC7jsptDS3am4tPx4r3nxis7IMjBc5Dovo",
            "MOZ_GRAPHENE": false,
            "MOZ_MACBUNDLE_NAME": "Firefox.app",
            "MOZ_MAINTENANCE_SERVICE": false,
            "MOZ_MOZILLA_API_KEY": "3b4d27dd-703d-4094-8398-4de2c763505a",
            "MOZ_NEW_CERT_STORAGE": false,
            "MOZ_NEW_NOTIFICATION_STORE": false,
            "MOZ_NEW_XULSTORE": false,
            "MOZ_OFFICIAL_BRANDING": false,
            "MOZ_PLACES": false,
            "MOZ_REQUIRE_SIGNING": false,
            "MOZ_SANDBOX": false,
            "MOZ_SERVICES_HEALTHREPORT": true,
            "MOZ_SERVICES_SYNC": false,
            "MOZ_SWITCHBOARD": true,
            "MOZ_SYSTEM_NSS": false,
            "MOZ_TELEMETRY_ON_BY_DEFAULT": false,
            "MOZ_TELEMETRY_REPORTING": true,
            "MOZ_UNSIGNED_SCOPES": 0,
            "MOZ_UPDATER": false,
            "MOZ_UPDATE_CHANNEL": "release",
            "MOZ_WEBRTC": true,
            "MOZ_WIDGET_GTK": false,
            "MOZ_WIDGET_TOOLKIT": "android",
            "NIGHTLY_BUILD": false,
            "OMNIJAR_NAME": "assets/omni.ja",
            "RELEASE_OR_BETA": true,
            "SOURCE_REVISION_URL": "https://hg.mozilla.org/releases/mozilla-esr68/rev/d2e0b9e17b9bc1ef02606c8006b73293f7892ad5",
            "TELEMETRY_PING_FORMAT_VERSION": 4,
            "XP_UNIX": true,
            "isPlatformAndVersionAtLeast": {},
            "isPlatformAndVersionAtMost": {},
            "platform": "android"
          },
          "asyncAppConstants": {
            "ACCESSIBILITY": true,
            "ANDROID_PACKAGE_NAME": "org.mozilla.firefox",
            "ASAN": false,
            "ASAN_REPORTER": false,
            "BROWSER_CHROME_URL": "chrome://browser/content/browser.xul",
            "DEBUG": false,
            "DEBUG_JS_MODULES": "",
            "DLL_PREFIX": "lib",
            "DLL_SUFFIX": ".so",
            "EARLY_BETA_OR_EARLIER": false,
            "FENNEC_NIGHTLY": false,
            "HAVE_SHELL_SERVICE": false,
            "HAVE_USR_LIB64_DIR": false,
            "MENUBAR_CAN_AUTOHIDE": false,
            "MOZILLA_OFFICIAL": true,
            "MOZ_ALLOW_LEGACY_EXTENSIONS": false,
            "MOZ_ANDROID_ACTIVITY_STREAM": false,
            "MOZ_ANDROID_HISTORY": true,
            "MOZ_ANDROID_MOZILLA_ONLINE": false,
            "MOZ_APP_NAME": "fennec",
            "MOZ_APP_VERSION": "68.1.1",
            "MOZ_APP_VERSION_DISPLAY": "68.1.1",
            "MOZ_BING_API_CLIENTID": "no-bing-api-clientid",
            "MOZ_BING_API_KEY": "no-bing-api-key",
            "MOZ_BITS_DOWNLOAD": false,
            "MOZ_BUILD_APP": "mobile/android",
            "MOZ_CODE_COVERAGE": false,
            "MOZ_CRASHREPORTER": true,
            "MOZ_DATA_REPORTING": true,
            "MOZ_DEV_EDITION": false,
            "MOZ_GECKO_PROFILER": true,
            "MOZ_GOOGLE_LOCATION_SERVICE_API_KEY": "AIzaSyB2h2OuRcUgy5N-5hsZqiPW6sH3n_rptiQ",
            "MOZ_GOOGLE_SAFEBROWSING_API_KEY": "AIzaSyC7jsptDS3am4tPx4r3nxis7IMjBc5Dovo",
            "MOZ_GRAPHENE": false,
            "MOZ_MACBUNDLE_NAME": "Firefox.app",
            "MOZ_MAINTENANCE_SERVICE": false,
            "MOZ_MOZILLA_API_KEY": "3b4d27dd-703d-4094-8398-4de2c763505a",
            "MOZ_NEW_CERT_STORAGE": false,
            "MOZ_NEW_NOTIFICATION_STORE": false,
            "MOZ_NEW_XULSTORE": false,
            "MOZ_OFFICIAL_BRANDING": false,
            "MOZ_PLACES": false,
            "MOZ_REQUIRE_SIGNING": false,
            "MOZ_SANDBOX": false,
            "MOZ_SERVICES_HEALTHREPORT": true,
            "MOZ_SERVICES_SYNC": false,
            "MOZ_SWITCHBOARD": true,
            "MOZ_SYSTEM_NSS": false,
            "MOZ_TELEMETRY_ON_BY_DEFAULT": false,
            "MOZ_TELEMETRY_REPORTING": true,
            "MOZ_UNSIGNED_SCOPES": 0,
            "MOZ_UPDATER": false,
            "MOZ_UPDATE_CHANNEL": "release",
            "MOZ_WEBRTC": true,
            "MOZ_WIDGET_GTK": false,
            "MOZ_WIDGET_TOOLKIT": "android",
            "NIGHTLY_BUILD": false,
            "OMNIJAR_NAME": "assets/omni.ja",
            "RELEASE_OR_BETA": true,
            "SOURCE_REVISION_URL": "https://hg.mozilla.org/releases/mozilla-esr68/rev/d2e0b9e17b9bc1ef02606c8006b73293f7892ad5",
            "TELEMETRY_PING_FORMAT_VERSION": 4,
            "XP_UNIX": true,
            "isPlatformAndVersionAtLeast": {},
            "isPlatformAndVersionAtMost": {},
            "platform": "android"
          },
          "userAgent": "Mozilla/5.0 (Android 8.1.0; Mobile; rv:68.0) Gecko/68.0 Firefox/68.0",
          "windowSize": "360x560"
        },
        "pageinfo": {
          "documentHeight": 55242,
          "documentSize": {
            "decodedBodySize": 240304,
            "encodedBodySize": 28839,
            "transferSize": 30076
          },
          "documentTitle": "Fandom",
          "documentWidth": 360,
          "domElements": 3585,
          "navigationStartTime": 1617064036103,
          "nextHopProtocol": "h2",
          "resources": {
            "count": 0,
            "duration": 0
          },
          "responsive": true,
          "url": "https://www.fandom.com/",
          "visualElements": {
            "heroes": [
              {
                "filename": "800",
                "height": 475,
                "name": "LargestImage",
                "width": 324,
                "x": 18,
                "y": 124
              }
            ],
            "viewport": {
              "height": 560,
              "width": 360
            }
          }
        },
        "timings": {
          "firstPaint": 2097,
          "loadEventEnd": 16933,
          "navigationTiming": {
            "connectStart": 29,
            "domComplete": 16831,
            "domContentLoadedEventEnd": 3921,
            "domContentLoadedEventStart": 3898,
            "domInteractive": 2975,
            "domainLookupEnd": 29,
            "domainLookupStart": 29,
            "duration": 16933,
            "fetchStart": 3,
            "loadEventEnd": 16933,
            "loadEventStart": 16832,
            "redirectEnd": 0,
            "redirectStart": 0,
            "requestStart": 124,
            "responseEnd": 141,
            "responseStart": 134,
            "secureConnectionStart": 41,
            "startTime": 0,
            "unloadEventEnd": 0,
            "unloadEventStart": 0,
            "workerStart": 0
          },
          "pageTimings": {
            "backEndTime": 134,
            "domContentLoadedTime": 3898,
            "domInteractiveTime": 2975,
            "domainLookupTime": 0,
            "frontEndTime": 16691,
            "pageDownloadTime": 7,
            "pageLoadTime": 16832,
            "redirectionTime": 0,
            "serverConnectionTime": 94,
            "serverResponseTime": 17
          },
          "rumSpeedIndex": 133,
          "timeToContentfulPaint": 2421,
          "timeToDomContentFlushed": 3348,
          "userTimings": {
            "marks": [
              {
                "name": "gpt-tag-load",
                "startTime": 7493.7
              },
              {
                "name": "optimizely:blockBegin",
                "startTime": 9209.18
              },
              {
                "name": "gpt-first-ad-request",
                "startTime": 12629.96
              },
              {
                "name": "gpt-first-ad-render",
                "startTime": 13487.12
              }
            ],
            "measures": []
          }
        }
      },
      {
        "browser": {
          "appConstants": {
            "ACCESSIBILITY": true,
            "ANDROID_PACKAGE_NAME": "org.mozilla.firefox",
            "ASAN": false,
            "ASAN_REPORTER": false,
            "BROWSER_CHROME_URL": "chrome://browser/content/browser.xul",
            "DEBUG": false,
            "DEBUG_JS_MODULES": "",
            "DLL_PREFIX": "lib",
            "DLL_SUFFIX": ".so",
            "EARLY_BETA_OR_EARLIER": false,
            "FENNEC_NIGHTLY": false,
            "HAVE_SHELL_SERVICE": false,
            "HAVE_USR_LIB64_DIR": false,
            "MENUBAR_CAN_AUTOHIDE": false,
            "MOZILLA_OFFICIAL": true,
            "MOZ_ALLOW_LEGACY_EXTENSIONS": false,
            "MOZ_ANDROID_ACTIVITY_STREAM": false,
            "MOZ_ANDROID_HISTORY": true,
            "MOZ_ANDROID_MOZILLA_ONLINE": false,
            "MOZ_APP_NAME": "fennec",
            "MOZ_APP_VERSION": "68.1.1",
            "MOZ_APP_VERSION_DISPLAY": "68.1.1",
            "MOZ_BING_API_CLIENTID": "no-bing-api-clientid",
            "MOZ_BING_API_KEY": "no-bing-api-key",
            "MOZ_BITS_DOWNLOAD": false,
            "MOZ_BUILD_APP": "mobile/android",
            "MOZ_CODE_COVERAGE": false,
            "MOZ_CRASHREPORTER": true,
            "MOZ_DATA_REPORTING": true,
            "MOZ_DEV_EDITION": false,
            "MOZ_GECKO_PROFILER": true,
            "MOZ_GOOGLE_LOCATION_SERVICE_API_KEY": "AIzaSyB2h2OuRcUgy5N-5hsZqiPW6sH3n_rptiQ",
            "MOZ_GOOGLE_SAFEBROWSING_API_KEY": "AIzaSyC7jsptDS3am4tPx4r3nxis7IMjBc5Dovo",
            "MOZ_GRAPHENE": false,
            "MOZ_MACBUNDLE_NAME": "Firefox.app",
            "MOZ_MAINTENANCE_SERVICE": false,
            "MOZ_MOZILLA_API_KEY": "3b4d27dd-703d-4094-8398-4de2c763505a",
            "MOZ_NEW_CERT_STORAGE": false,
            "MOZ_NEW_NOTIFICATION_STORE": false,
            "MOZ_NEW_XULSTORE": false,
            "MOZ_OFFICIAL_BRANDING": false,
            "MOZ_PLACES": false,
            "MOZ_REQUIRE_SIGNING": false,
            "MOZ_SANDBOX": false,
            "MOZ_SERVICES_HEALTHREPORT": true,
            "MOZ_SERVICES_SYNC": false,
            "MOZ_SWITCHBOARD": true,
            "MOZ_SYSTEM_NSS": false,
            "MOZ_TELEMETRY_ON_BY_DEFAULT": false,
            "MOZ_TELEMETRY_REPORTING": true,
            "MOZ_UNSIGNED_SCOPES": 0,
            "MOZ_UPDATER": false,
            "MOZ_UPDATE_CHANNEL": "release",
            "MOZ_WEBRTC": true,
            "MOZ_WIDGET_GTK": false,
            "MOZ_WIDGET_TOOLKIT": "android",
            "NIGHTLY_BUILD": false,
            "OMNIJAR_NAME": "assets/omni.ja",
            "RELEASE_OR_BETA": true,
            "SOURCE_REVISION_URL": "https://hg.mozilla.org/releases/mozilla-esr68/rev/d2e0b9e17b9bc1ef02606c8006b73293f7892ad5",
            "TELEMETRY_PING_FORMAT_VERSION": 4,
            "XP_UNIX": true,
            "isPlatformAndVersionAtLeast": {},
            "isPlatformAndVersionAtMost": {},
            "platform": "android"
          },
          "asyncAppConstants": {
            "ACCESSIBILITY": true,
            "ANDROID_PACKAGE_NAME": "org.mozilla.firefox",
            "ASAN": false,
            "ASAN_REPORTER": false,
            "BROWSER_CHROME_URL": "chrome://browser/content/browser.xul",
            "DEBUG": false,
            "DEBUG_JS_MODULES": "",
            "DLL_PREFIX": "lib",
            "DLL_SUFFIX": ".so",
            "EARLY_BETA_OR_EARLIER": false,
            "FENNEC_NIGHTLY": false,
            "HAVE_SHELL_SERVICE": false,
            "HAVE_USR_LIB64_DIR": false,
            "MENUBAR_CAN_AUTOHIDE": false,
            "MOZILLA_OFFICIAL": true,
            "MOZ_ALLOW_LEGACY_EXTENSIONS": false,
            "MOZ_ANDROID_ACTIVITY_STREAM": false,
            "MOZ_ANDROID_HISTORY": true,
            "MOZ_ANDROID_MOZILLA_ONLINE": false,
            "MOZ_APP_NAME": "fennec",
            "MOZ_APP_VERSION": "68.1.1",
            "MOZ_APP_VERSION_DISPLAY": "68.1.1",
            "MOZ_BING_API_CLIENTID": "no-bing-api-clientid",
            "MOZ_BING_API_KEY": "no-bing-api-key",
            "MOZ_BITS_DOWNLOAD": false,
            "MOZ_BUILD_APP": "mobile/android",
            "MOZ_CODE_COVERAGE": false,
            "MOZ_CRASHREPORTER": true,
            "MOZ_DATA_REPORTING": true,
            "MOZ_DEV_EDITION": false,
            "MOZ_GECKO_PROFILER": true,
            "MOZ_GOOGLE_LOCATION_SERVICE_API_KEY": "AIzaSyB2h2OuRcUgy5N-5hsZqiPW6sH3n_rptiQ",
            "MOZ_GOOGLE_SAFEBROWSING_API_KEY": "AIzaSyC7jsptDS3am4tPx4r3nxis7IMjBc5Dovo",
            "MOZ_GRAPHENE": false,
            "MOZ_MACBUNDLE_NAME": "Firefox.app",
            "MOZ_MAINTENANCE_SERVICE": false,
            "MOZ_MOZILLA_API_KEY": "3b4d27dd-703d-4094-8398-4de2c763505a",
            "MOZ_NEW_CERT_STORAGE": false,
            "MOZ_NEW_NOTIFICATION_STORE": false,
            "MOZ_NEW_XULSTORE": false,
            "MOZ_OFFICIAL_BRANDING": false,
            "MOZ_PLACES": false,
            "MOZ_REQUIRE_SIGNING": false,
            "MOZ_SANDBOX": false,
            "MOZ_SERVICES_HEALTHREPORT": true,
            "MOZ_SERVICES_SYNC": false,
            "MOZ_SWITCHBOARD": true,
            "MOZ_SYSTEM_NSS": false,
            "MOZ_TELEMETRY_ON_BY_DEFAULT": false,
            "MOZ_TELEMETRY_REPORTING": true,
            "MOZ_UNSIGNED_SCOPES": 0,
            "MOZ_UPDATER": false,
            "MOZ_UPDATE_CHANNEL": "release",
            "MOZ_WEBRTC": true,
            "MOZ_WIDGET_GTK": false,
            "MOZ_WIDGET_TOOLKIT": "android",
            "NIGHTLY_BUILD": false,
            "OMNIJAR_NAME": "assets/omni.ja",
            "RELEASE_OR_BETA": true,
            "SOURCE_REVISION_URL": "https://hg.mozilla.org/releases/mozilla-esr68/rev/d2e0b9e17b9bc1ef02606c8006b73293f7892ad5",
            "TELEMETRY_PING_FORMAT_VERSION": 4,
            "XP_UNIX": true,
            "isPlatformAndVersionAtLeast": {},
            "isPlatformAndVersionAtMost": {},
            "platform": "android"
          },
          "userAgent": "Mozilla/5.0 (Android 8.1.0; Mobile; rv:68.0) Gecko/68.0 Firefox/68.0",
          "windowSize": "360x560"
        },
        "pageinfo": {
          "documentHeight": 55242,
          "documentSize": {
            "decodedBodySize": 240304,
            "encodedBodySize": 28839,
            "transferSize": 30076
          },
          "documentTitle": "Fandom",
          "documentWidth": 360,
          "domElements": 3586,
          "navigationStartTime": 1617064070769,
          "nextHopProtocol": "h2",
          "resources": {
            "count": 0,
            "duration": 0
          },
          "responsive": true,
          "url": "https://www.fandom.com/",
          "visualElements": {
            "heroes": [
              {
                "filename": "800",
                "height": 475,
                "name": "LargestImage",
                "width": 324,
                "x": 18,
                "y": 124
              }
            ],
            "viewport": {
              "height": 560,
              "width": 360
            }
          }
        },
        "timings": {
          "firstPaint": 2106,
          "loadEventEnd": 17237,
          "navigationTiming": {
            "connectStart": 35,
            "domComplete": 17112,
            "domContentLoadedEventEnd": 4175,
            "domContentLoadedEventStart": 4158,
            "domInteractive": 3463,
            "domainLookupEnd": 32,
            "domainLookupStart": 32,
            "duration": 17237,
            "fetchStart": 3,
            "loadEventEnd": 17237,
            "loadEventStart": 17126,
            "redirectEnd": 0,
            "redirectStart": 0,
            "requestStart": 122,
            "responseEnd": 137,
            "responseStart": 131,
            "secureConnectionStart": 46,
            "startTime": 0,
            "unloadEventEnd": 0,
            "unloadEventStart": 0,
            "workerStart": 0
          },
          "pageTimings": {
            "backEndTime": 131,
            "domContentLoadedTime": 4158,
            "domInteractiveTime": 3463,
            "domainLookupTime": 0,
            "frontEndTime": 16989,
            "pageDownloadTime": 7,
            "pageLoadTime": 17126,
            "redirectionTime": 0,
            "serverConnectionTime": 85,
            "serverResponseTime": 16
          },
          "rumSpeedIndex": 130,
          "timeToContentfulPaint": 2507,
          "timeToDomContentFlushed": 3955,
          "userTimings": {
            "marks": [
              {
                "name": "gpt-tag-load",
                "startTime": 8077.06
              },
              {
                "name": "optimizely:blockBegin",
                "startTime": 10739.18
              },
              {
                "name": "gpt-first-ad-request",
                "startTime": 12675.38
              },
              {
                "name": "gpt-first-ad-render",
                "startTime": 13567.1
              }
            ],
            "measures": []
          }
        }
      },
      {
        "browser": {
          "appConstants": {
            "ACCESSIBILITY": true,
            "ANDROID_PACKAGE_NAME": "org.mozilla.firefox",
            "ASAN": false,
            "ASAN_REPORTER": false,
            "BROWSER_CHROME_URL": "chrome://browser/content/browser.xul",
            "DEBUG": false,
            "DEBUG_JS_MODULES": "",
            "DLL_PREFIX": "lib",
            "DLL_SUFFIX": ".so",
            "EARLY_BETA_OR_EARLIER": false,
            "FENNEC_NIGHTLY": false,
            "HAVE_SHELL_SERVICE": false,
            "HAVE_USR_LIB64_DIR": false,
            "MENUBAR_CAN_AUTOHIDE": false,
            "MOZILLA_OFFICIAL": true,
            "MOZ_ALLOW_LEGACY_EXTENSIONS": false,
            "MOZ_ANDROID_ACTIVITY_STREAM": false,
            "MOZ_ANDROID_HISTORY": true,
            "MOZ_ANDROID_MOZILLA_ONLINE": false,
            "MOZ_APP_NAME": "fennec",
            "MOZ_APP_VERSION": "68.1.1",
            "MOZ_APP_VERSION_DISPLAY": "68.1.1",
            "MOZ_BING_API_CLIENTID": "no-bing-api-clientid",
            "MOZ_BING_API_KEY": "no-bing-api-key",
            "MOZ_BITS_DOWNLOAD": false,
            "MOZ_BUILD_APP": "mobile/android",
            "MOZ_CODE_COVERAGE": false,
            "MOZ_CRASHREPORTER": true,
            "MOZ_DATA_REPORTING": true,
            "MOZ_DEV_EDITION": false,
            "MOZ_GECKO_PROFILER": true,
            "MOZ_GOOGLE_LOCATION_SERVICE_API_KEY": "AIzaSyB2h2OuRcUgy5N-5hsZqiPW6sH3n_rptiQ",
            "MOZ_GOOGLE_SAFEBROWSING_API_KEY": "AIzaSyC7jsptDS3am4tPx4r3nxis7IMjBc5Dovo",
            "MOZ_GRAPHENE": false,
            "MOZ_MACBUNDLE_NAME": "Firefox.app",
            "MOZ_MAINTENANCE_SERVICE": false,
            "MOZ_MOZILLA_API_KEY": "3b4d27dd-703d-4094-8398-4de2c763505a",
            "MOZ_NEW_CERT_STORAGE": false,
            "MOZ_NEW_NOTIFICATION_STORE": false,
            "MOZ_NEW_XULSTORE": false,
            "MOZ_OFFICIAL_BRANDING": false,
            "MOZ_PLACES": false,
            "MOZ_REQUIRE_SIGNING": false,
            "MOZ_SANDBOX": false,
            "MOZ_SERVICES_HEALTHREPORT": true,
            "MOZ_SERVICES_SYNC": false,
            "MOZ_SWITCHBOARD": true,
            "MOZ_SYSTEM_NSS": false,
            "MOZ_TELEMETRY_ON_BY_DEFAULT": false,
            "MOZ_TELEMETRY_REPORTING": true,
            "MOZ_UNSIGNED_SCOPES": 0,
            "MOZ_UPDATER": false,
            "MOZ_UPDATE_CHANNEL": "release",
            "MOZ_WEBRTC": true,
            "MOZ_WIDGET_GTK": false,
            "MOZ_WIDGET_TOOLKIT": "android",
            "NIGHTLY_BUILD": false,
            "OMNIJAR_NAME": "assets/omni.ja",
            "RELEASE_OR_BETA": true,
            "SOURCE_REVISION_URL": "https://hg.mozilla.org/releases/mozilla-esr68/rev/d2e0b9e17b9bc1ef02606c8006b73293f7892ad5",
            "TELEMETRY_PING_FORMAT_VERSION": 4,
            "XP_UNIX": true,
            "isPlatformAndVersionAtLeast": {},
            "isPlatformAndVersionAtMost": {},
            "platform": "android"
          },
          "asyncAppConstants": {
            "ACCESSIBILITY": true,
            "ANDROID_PACKAGE_NAME": "org.mozilla.firefox",
            "ASAN": false,
            "ASAN_REPORTER": false,
            "BROWSER_CHROME_URL": "chrome://browser/content/browser.xul",
            "DEBUG": false,
            "DEBUG_JS_MODULES": "",
            "DLL_PREFIX": "lib",
            "DLL_SUFFIX": ".so",
            "EARLY_BETA_OR_EARLIER": false,
            "FENNEC_NIGHTLY": false,
            "HAVE_SHELL_SERVICE": false,
            "HAVE_USR_LIB64_DIR": false,
            "MENUBAR_CAN_AUTOHIDE": false,
            "MOZILLA_OFFICIAL": true,
            "MOZ_ALLOW_LEGACY_EXTENSIONS": false,
            "MOZ_ANDROID_ACTIVITY_STREAM": false,
            "MOZ_ANDROID_HISTORY": true,
            "MOZ_ANDROID_MOZILLA_ONLINE": false,
            "MOZ_APP_NAME": "fennec",
            "MOZ_APP_VERSION": "68.1.1",
            "MOZ_APP_VERSION_DISPLAY": "68.1.1",
            "MOZ_BING_API_CLIENTID": "no-bing-api-clientid",
            "MOZ_BING_API_KEY": "no-bing-api-key",
            "MOZ_BITS_DOWNLOAD": false,
            "MOZ_BUILD_APP": "mobile/android",
            "MOZ_CODE_COVERAGE": false,
            "MOZ_CRASHREPORTER": true,
            "MOZ_DATA_REPORTING": true,
            "MOZ_DEV_EDITION": false,
            "MOZ_GECKO_PROFILER": true,
            "MOZ_GOOGLE_LOCATION_SERVICE_API_KEY": "AIzaSyB2h2OuRcUgy5N-5hsZqiPW6sH3n_rptiQ",
            "MOZ_GOOGLE_SAFEBROWSING_API_KEY": "AIzaSyC7jsptDS3am4tPx4r3nxis7IMjBc5Dovo",
            "MOZ_GRAPHENE": false,
            "MOZ_MACBUNDLE_NAME": "Firefox.app",
            "MOZ_MAINTENANCE_SERVICE": false,
            "MOZ_MOZILLA_API_KEY": "3b4d27dd-703d-4094-8398-4de2c763505a",
            "MOZ_NEW_CERT_STORAGE": false,
            "MOZ_NEW_NOTIFICATION_STORE": false,
            "MOZ_NEW_XULSTORE": false,
            "MOZ_OFFICIAL_BRANDING": false,
            "MOZ_PLACES": false,
            "MOZ_REQUIRE_SIGNING": false,
            "MOZ_SANDBOX": false,
            "MOZ_SERVICES_HEALTHREPORT": true,
            "MOZ_SERVICES_SYNC": false,
            "MOZ_SWITCHBOARD": true,
            "MOZ_SYSTEM_NSS": false,
            "MOZ_TELEMETRY_ON_BY_DEFAULT": false,
            "MOZ_TELEMETRY_REPORTING": true,
            "MOZ_UNSIGNED_SCOPES": 0,
            "MOZ_UPDATER": false,
            "MOZ_UPDATE_CHANNEL": "release",
            "MOZ_WEBRTC": true,
            "MOZ_WIDGET_GTK": false,
            "MOZ_WIDGET_TOOLKIT": "android",
            "NIGHTLY_BUILD": false,
            "OMNIJAR_NAME": "assets/omni.ja",
            "RELEASE_OR_BETA": true,
            "SOURCE_REVISION_URL": "https://hg.mozilla.org/releases/mozilla-esr68/rev/d2e0b9e17b9bc1ef02606c8006b73293f7892ad5",
            "TELEMETRY_PING_FORMAT_VERSION": 4,
            "XP_UNIX": true,
            "isPlatformAndVersionAtLeast": {},
            "isPlatformAndVersionAtMost": {},
            "platform": "android"
          },
          "userAgent": "Mozilla/5.0 (Android 8.1.0; Mobile; rv:68.0) Gecko/68.0 Firefox/68.0",
          "windowSize": "360x560"
        },
        "pageinfo": {
          "documentHeight": 55242,
          "documentSize": {
            "decodedBodySize": 240304,
            "encodedBodySize": 28839,
            "transferSize": 30076
          },
          "documentTitle": "Fandom",
          "documentWidth": 360,
          "domElements": 3586,
          "navigationStartTime": 1617064105752,
          "nextHopProtocol": "h2",
          "resources": {
            "count": 0,
            "duration": 0
          },
          "responsive": true,
          "url": "https://www.fandom.com/",
          "visualElements": {
            "heroes": [
              {
                "filename": "800",
                "height": 475,
                "name": "LargestImage",
                "width": 324,
                "x": 18,
                "y": 124
              }
            ],
            "viewport": {
              "height": 560,
              "width": 360
            }
          }
        },
        "timings": {
          "firstPaint": 2111,
          "loadEventEnd": 8381,
          "navigationTiming": {
            "connectStart": 31,
            "domComplete": 8333,
            "domContentLoadedEventEnd": 3970,
            "domContentLoadedEventStart": 3951,
            "domInteractive": 3032,
            "domainLookupEnd": 30,
            "domainLookupStart": 30,
            "duration": 8381,
            "fetchStart": 3,
            "loadEventEnd": 8381,
            "loadEventStart": 8342,
            "redirectEnd": 0,
            "redirectStart": 0,
            "requestStart": 158,
            "responseEnd": 177,
            "responseStart": 170,
            "secureConnectionStart": 44,
            "startTime": 0,
            "unloadEventEnd": 0,
            "unloadEventStart": 0,
            "workerStart": 0
          },
          "pageTimings": {
            "backEndTime": 170,
            "domContentLoadedTime": 3951,
            "domInteractiveTime": 3032,
            "domainLookupTime": 0,
            "frontEndTime": 8165,
            "pageDownloadTime": 7,
            "pageLoadTime": 8342,
            "redirectionTime": 0,
            "serverConnectionTime": 126,
            "serverResponseTime": 19
          },
          "rumSpeedIndex": 169,
          "timeToContentfulPaint": 2441,
          "timeToDomContentFlushed": 3489,
          "userTimings": {
            "marks": [
              {
                "name": "gpt-tag-load",
                "startTime": 8299.18
              },
              {
                "name": "optimizely:blockBegin",
                "startTime": 9660.02
              },
              {
                "name": "gpt-first-ad-request",
                "startTime": 11764.24
              },
              {
                "name": "gpt-first-ad-render",
                "startTime": 13891.02
              }
            ],
            "measures": []
          }
        }
      }
    ],
    "visualMetrics": [],
    "cpu": [],
    "extras": [
      {},
      {},
      {}
    ],
    "fullyLoaded": [],
    "errors": [
      [],
      [],
      []
    ],
    "statistics": {
      "browser": {
        "appConstants": {
          "MOZ_UNSIGNED_SCOPES": {
            "median": 0,
            "mean": 0,
            "mdev": 0,
            "stddev": 0,
            "min": 0,
            "p10": 0,
            "p90": 0,
            "p99": 0,
            "max": 0
          },
          "TELEMETRY_PING_FORMAT_VERSION": {
            "median": 4,
            "mean": 4,
            "mdev": 0,
            "stddev": 0,
            "min": 4,
            "p10": 4,
            "p90": 4,
            "p99": 4,
            "max": 4
          }
        },
        "asyncAppConstants": {
          "MOZ_UNSIGNED_SCOPES": {
            "median": 0,
            "mean": 0,
            "mdev": 0,
            "stddev": 0,
            "min": 0,
            "p10": 0,
            "p90": 0,
            "p99": 0,
            "max": 0
          },
          "TELEMETRY_PING_FORMAT_VERSION": {
            "median": 4,
            "mean": 4,
            "mdev": 0,
            "stddev": 0,
            "min": 4,
            "p10": 4,
            "p90": 4,
            "p99": 4,
            "max": 4
          }
        }
      },
      "pageinfo": {
        "documentHeight": {
          "median": 55242,
          "mean": 55242,
          "mdev": 0,
          "stddev": 0,
          "min": 55242,
          "p10": 55242,
          "p90": 55242,
          "p99": 55242,
          "max": 55242
        },
        "documentSize": {
          "decodedBodySize": {
            "median": 240304,
            "mean": 240304,
            "mdev": 0,
            "stddev": 0,
            "min": 240304,
            "p10": 240304,
            "p90": 240304,
            "p99": 240304,
            "max": 240304
          },
          "encodedBodySize": {
            "median": 28839,
            "mean": 28839,
            "mdev": 0,
            "stddev": 0,
            "min": 28839,
            "p10": 28839,
            "p90": 28839,
            "p99": 28839,
            "max": 28839
          },
          "transferSize": {
            "median": 30076,
            "mean": 30076,
            "mdev": 0,
            "stddev": 0,
            "min": 30076,
            "p10": 30076,
            "p90": 30076,
            "p99": 30076,
            "max": 30076
          }
        },
        "documentWidth": {
          "median": 360,
          "mean": 360,
          "mdev": 0,
          "stddev": 0,
          "min": 360,
          "p10": 360,
          "p90": 360,
          "p99": 360,
          "max": 360
        },
        "domElements": {
          "median": 3586,
          "mean": 3586,
          "mdev": 0.2722,
          "stddev": 0,
          "min": 3585,
          "p10": 3585,
          "p90": 3586,
          "p99": 3586,
          "max": 3586
        },
        "navigationStartTime": {
          "median": 1617064070769,
          "mean": 1617064070875,
          "mdev": 17836.64,
          "stddev": 30894,
          "min": 1617064036103,
          "p10": 1617064036103,
          "p90": 1617064105752,
          "p99": 1617064105752,
          "max": 1617064105752
        },
        "resources": {
          "count": {
            "median": 0,
            "mean": 0,
            "mdev": 0,
            "stddev": 0,
            "min": 0,
            "p10": 0,
            "p90": 0,
            "p99": 0,
            "max": 0
          },
          "duration": {
            "median": 0,
            "mean": 0,
            "mdev": 0,
            "stddev": 0,
            "min": 0,
            "p10": 0,
            "p90": 0,
            "p99": 0,
            "max": 0
          }
        },
        "visualElements": {
          "heroes": [
            {
              "filename": {
                "median": 800,
                "mean": 800,
                "mdev": 0,
                "stddev": 0,
                "min": 800,
                "p10": 800,
                "p90": 800,
                "p99": 800,
                "max": 800
              },
              "height": {
                "median": 475,
                "mean": 475,
                "mdev": 0,
                "stddev": 0,
                "min": 475,
                "p10": 475,
                "p90": 475,
                "p99": 475,
                "max": 475
              },
              "width": {
                "median": 324,
                "mean": 324,
                "mdev": 0,
                "stddev": 0,
                "min": 324,
                "p10": 324,
                "p90": 324,
                "p99": 324,
                "max": 324
              },
              "x": {
                "median": 18,
                "mean": 18,
                "mdev": 0,
                "stddev": 0,
                "min": 18,
                "p10": 18,
                "p90": 18,
                "p99": 18,
                "max": 18
              },
              "y": {
                "median": 124,
                "mean": 124,
                "mdev": 0,
                "stddev": 0,
                "min": 124,
                "p10": 124,
                "p90": 124,
                "p99": 124,
                "max": 124
              }
            }
          ],
          "viewport": {
            "height": {
              "median": 560,
              "mean": 560,
              "mdev": 0,
              "stddev": 0,
              "min": 560,
              "p10": 560,
              "p90": 560,
              "p99": 560,
              "max": 560
            },
            "width": {
              "median": 360,
              "mean": 360,
              "mdev": 0,
              "stddev": 0,
              "min": 360,
              "p10": 360,
              "p90": 360,
              "p99": 360,
              "max": 360
            }
          }
        }
      },
      "timings": {
        "firstPaint": {
          "median": 2106,
          "mean": 2105,
          "mdev": 3.3444,
          "stddev": 6,
          "min": 2097,
          "p10": 2097,
          "p90": 2111,
          "p99": 2111,
          "max": 2111
        },
        "loadEventEnd": {
          "median": 16933,
          "mean": 14184,
          "mdev": 2370.0122,
          "stddev": 4105,
          "min": 8381,
          "p10": 8381,
          "p90": 17237,
          "p99": 17237,
          "max": 17237
        },
        "navigationTiming": {
          "connectStart": {
            "median": 31,
            "mean": 32,
            "mdev": 1.4402,
            "stddev": 2,
            "min": 29,
            "p10": 29,
            "p90": 35,
            "p99": 35,
            "max": 35
          },
          "domComplete": {
            "median": 16831,
            "mean": 14092,
            "mdev": 2352.0346,
            "stddev": 4074,
            "min": 8333,
            "p10": 8333,
            "p90": 17112,
            "p99": 17112,
            "max": 17112
          },
          "domContentLoadedEventEnd": {
            "median": 3970,
            "mean": 4022,
            "mdev": 63.5208,
            "stddev": 110,
            "min": 3921,
            "p10": 3921,
            "p90": 4175,
            "p99": 4175,
            "max": 4175
          },
          "domContentLoadedEventStart": {
            "median": 3951,
            "mean": 4002,
            "mdev": 64.7668,
            "stddev": 112,
            "min": 3898,
            "p10": 3898,
            "p90": 4158,
            "p99": 4158,
            "max": 4158
          },
          "domInteractive": {
            "median": 3032,
            "mean": 3157,
            "mdev": 125.7796,
            "stddev": 218,
            "min": 2975,
            "p10": 2975,
            "p90": 3463,
            "p99": 3463,
            "max": 3463
          },
          "domainLookupEnd": {
            "median": 30,
            "mean": 30,
            "mdev": 0.7201,
            "stddev": 1,
            "min": 29,
            "p10": 29,
            "p90": 32,
            "p99": 32,
            "max": 32
          },
          "domainLookupStart": {
            "median": 30,
            "mean": 30,
            "mdev": 0.7201,
            "stddev": 1,
            "min": 29,
            "p10": 29,
            "p90": 32,
            "p99": 32,
            "max": 32
          },
          "duration": {
            "median": 16933,
            "mean": 14184,
            "mdev": 2370.0122,
            "stddev": 4105,
            "min": 8381,
            "p10": 8381,
            "p90": 17237,
            "p99": 17237,
            "max": 17237
          },
          "fetchStart": {
            "median": 3,
            "mean": 3,
            "mdev": 0,
            "stddev": 0,
            "min": 3,
            "p10": 3,
            "p90": 3,
            "p99": 3,
            "max": 3
          },
          "loadEventEnd": {
            "median": 16933,
            "mean": 14184,
            "mdev": 2370.0122,
            "stddev": 4105,
            "min": 8381,
            "p10": 8381,
            "p90": 17237,
            "p99": 17237,
            "max": 17237
          },
          "loadEventStart": {
            "median": 16832,
            "mean": 14100,
            "mdev": 2351.7148,
            "stddev": 4073,
            "min": 8342,
            "p10": 8342,
            "p90": 17126,
            "p99": 17126,
            "max": 17126
          },
          "redirectEnd": {
            "median": 0,
            "mean": 0,
            "mdev": 0,
            "stddev": 0,
            "min": 0,
            "p10": 0,
            "p90": 0,
            "p99": 0,
            "max": 0
          },
          "redirectStart": {
            "median": 0,
            "mean": 0,
            "mdev": 0,
            "stddev": 0,
            "min": 0,
            "p10": 0,
            "p90": 0,
            "p99": 0,
            "max": 0
          },
          "requestStart": {
            "median": 124,
            "mean": 135,
            "mdev": 9.5375,
            "stddev": 17,
            "min": 122,
            "p10": 122,
            "p90": 158,
            "p99": 158,
            "max": 158
          },
          "responseEnd": {
            "median": 141,
            "mean": 152,
            "mdev": 10.3852,
            "stddev": 18,
            "min": 137,
            "p10": 137,
            "p90": 177,
            "p99": 177,
            "max": 177
          },
          "responseStart": {
            "median": 134,
            "mean": 145,
            "mdev": 10.2307,
            "stddev": 18,
            "min": 131,
            "p10": 131,
            "p90": 170,
            "p99": 170,
            "max": 170
          },
          "secureConnectionStart": {
            "median": 44,
            "mean": 44,
            "mdev": 1.1863,
            "stddev": 2,
            "min": 41,
            "p10": 41,
            "p90": 46,
            "p99": 46,
            "max": 46
          },
          "startTime": {
            "median": 0,
            "mean": 0,
            "mdev": 0,
            "stddev": 0,
            "min": 0,
            "p10": 0,
            "p90": 0,
            "p99": 0,
            "max": 0
          },
          "unloadEventEnd": {
            "median": 0,
            "mean": 0,
            "mdev": 0,
            "stddev": 0,
            "min": 0,
            "p10": 0,
            "p90": 0,
            "p99": 0,
            "max": 0
          },
          "unloadEventStart": {
            "median": 0,
            "mean": 0,
            "mdev": 0,
            "stddev": 0,
            "min": 0,
            "p10": 0,
            "p90": 0,
            "p99": 0,
            "max": 0
          },
          "workerStart": {
            "median": 0,
            "mean": 0,
            "mdev": 0,
            "stddev": 0,
            "min": 0,
            "p10": 0,
            "p90": 0,
            "p99": 0,
            "max": 0
          }
        },
        "pageTimings": {
          "backEndTime": {
            "median": 134,
            "mean": 145,
            "mdev": 10.2307,
            "stddev": 18,
            "min": 131,
            "p10": 131,
            "p90": 170,
            "p99": 170,
            "max": 170
          },
          "domContentLoadedTime": {
            "median": 3951,
            "mean": 4002,
            "mdev": 64.7668,
            "stddev": 112,
            "min": 3898,
            "p10": 3898,
            "p90": 4158,
            "p99": 4158,
            "max": 4158
          },
          "domInteractiveTime": {
            "median": 3032,
            "mean": 3157,
            "mdev": 125.7796,
            "stddev": 218,
            "min": 2975,
            "p10": 2975,
            "p90": 3463,
            "p99": 3463,
            "max": 3463
          },
          "domainLookupTime": {
            "median": 0,
            "mean": 0,
            "mdev": 0,
            "stddev": 0,
            "min": 0,
            "p10": 0,
            "p90": 0,
            "p99": 0,
            "max": 0
          },
          "frontEndTime": {
            "median": 16691,
            "mean": 13948,
            "mdev": 2362.0805,
            "stddev": 4091,
            "min": 8165,
            "p10": 8165,
            "p90": 16989,
            "p99": 16989,
            "max": 16989
          },
          "pageDownloadTime": {
            "median": 7,
            "mean": 7,
            "mdev": 0,
            "stddev": 0,
            "min": 7,
            "p10": 7,
            "p90": 7,
            "p99": 7,
            "max": 7
          },
          "pageLoadTime": {
            "median": 16832,
            "mean": 14100,
            "mdev": 2351.7148,
            "stddev": 4073,
            "min": 8342,
            "p10": 8342,
            "p90": 17126,
            "p99": 17126,
            "max": 17126
          },
          "redirectionTime": {
            "median": 0,
            "mean": 0,
            "mdev": 0,
            "stddev": 0,
            "min": 0,
            "p10": 0,
            "p90": 0,
            "p99": 0,
            "max": 0
          },
          "serverConnectionTime": {
            "median": 94,
            "mean": 102,
            "mdev": 10.158,
            "stddev": 18,
            "min": 85,
            "p10": 85,
            "p90": 126,
            "p99": 126,
            "max": 126
          },
          "serverResponseTime": {
            "median": 17,
            "mean": 17,
            "mdev": 0.7201,
            "stddev": 1,
            "min": 16,
            "p10": 16,
            "p90": 19,
            "p99": 19,
            "max": 19
          }
        },
        "rumSpeedIndex": {
          "median": 133,
          "mean": 144,
          "mdev": 10.2307,
          "stddev": 18,
          "min": 130,
          "p10": 130,
          "p90": 169,
          "p99": 169,
          "max": 169
        },
        "timeToContentfulPaint": {
          "median": 2441,
          "mean": 2456,
          "mdev": 21.2149,
          "stddev": 37,
          "min": 2421,
          "p10": 2421,
          "p90": 2507,
          "p99": 2507,
          "max": 2507
        },
        "timeToDomContentFlushed": {
          "median": 3489,
          "mean": 3597,
          "mdev": 149.7512,
          "stddev": 259,
          "min": 3348,
          "p10": 3348,
          "p90": 3955,
          "p99": 3955,
          "max": 3955
        },
        "userTimings": {
          "marks": {
            "gpt-tag-load": {
              "median": 8077,
              "mean": 7957,
              "mdev": 196.1145,
              "stddev": 340,
              "min": 7494,
              "p10": 7494,
              "p90": 8299,
              "p99": 8299,
              "max": 8299
            },
            "optimizely:blockBegin": {
              "median": 9660,
              "mean": 9869,
              "mdev": 370.6223,
              "stddev": 642,
              "min": 9209,
              "p10": 9209,
              "p90": 10739,
              "p99": 10739,
              "max": 10739
            },
            "gpt-first-ad-request": {
              "median": 12630,
              "mean": 12357,
              "mdev": 242.0369,
              "stddev": 419,
              "min": 11764,
              "p10": 11764,
              "p90": 12675,
              "p99": 12675,
              "max": 12675
            },
            "gpt-first-ad-render": {
              "median": 13567,
              "mean": 13648,
              "mdev": 100.8218,
              "stddev": 175,
              "min": 13487,
              "p10": 13487,
              "p90": 13891,
              "p99": 13891,
              "max": 13891
            }
          }
        }
      }
    }
  }
]