[
  {
    "info": {
      "browsertime": {
        "version": "8.4.0"
      },
      "url": "https://www.nih.gov/",
      "timestamp": "2021-03-30T07:53:23+04:00",
      "connectivity": {
        "engine": "external",
        "profile": "native"
      },
      "extra": {}
    },
    "files": {
      "video": [],
      "screenshot": [],
      "timeline": [],
      "consoleLog": [],
      "netLog": [],
      "perfLog": []
    },
    "cdp": {
      "performance": []
    },
    "timestamps": [
      "2021-03-30T07:53:11+04:00",
      "2021-03-30T07:53:34+04:00",
      "2021-03-30T07:53:57+04:00"
    ],
    "browserScripts": [
      {
        "browser": {
          "appConstants": {
            "ACCESSIBILITY": true,
            "ANDROID_PACKAGE_NAME": "org.mozilla.firefox",
            "ASAN": false,
            "ASAN_REPORTER": false,
            "BROWSER_CHROME_URL": "chrome://browser/content/browser.xul",
            "DEBUG": false,
            "DEBUG_JS_MODULES": "",
            "DLL_PREFIX": "lib",
            "DLL_SUFFIX": ".so",
            "EARLY_BETA_OR_EARLIER": false,
            "FENNEC_NIGHTLY": false,
            "HAVE_SHELL_SERVICE": false,
            "HAVE_USR_LIB64_DIR": false,
            "MENUBAR_CAN_AUTOHIDE": false,
            "MOZILLA_OFFICIAL": true,
            "MOZ_ALLOW_LEGACY_EXTENSIONS": false,
            "MOZ_ANDROID_ACTIVITY_STREAM": false,
            "MOZ_ANDROID_HISTORY": true,
            "MOZ_ANDROID_MOZILLA_ONLINE": false,
            "MOZ_APP_NAME": "fennec",
            "MOZ_APP_VERSION": "68.1.1",
            "MOZ_APP_VERSION_DISPLAY": "68.1.1",
            "MOZ_BING_API_CLIENTID": "no-bing-api-clientid",
            "MOZ_BING_API_KEY": "no-bing-api-key",
            "MOZ_BITS_DOWNLOAD": false,
            "MOZ_BUILD_APP": "mobile/android",
            "MOZ_CODE_COVERAGE": false,
            "MOZ_CRASHREPORTER": true,
            "MOZ_DATA_REPORTING": true,
            "MOZ_DEV_EDITION": false,
            "MOZ_GECKO_PROFILER": true,
            "MOZ_GOOGLE_LOCATION_SERVICE_API_KEY": "AIzaSyB2h2OuRcUgy5N-5hsZqiPW6sH3n_rptiQ",
            "MOZ_GOOGLE_SAFEBROWSING_API_KEY": "AIzaSyC7jsptDS3am4tPx4r3nxis7IMjBc5Dovo",
            "MOZ_GRAPHENE": false,
            "MOZ_MACBUNDLE_NAME": "Firefox.app",
            "MOZ_MAINTENANCE_SERVICE": false,
            "MOZ_MOZILLA_API_KEY": "3b4d27dd-703d-4094-8398-4de2c763505a",
            "MOZ_NEW_CERT_STORAGE": false,
            "MOZ_NEW_NOTIFICATION_STORE": false,
            "MOZ_NEW_XULSTORE": false,
            "MOZ_OFFICIAL_BRANDING": false,
            "MOZ_PLACES": false,
            "MOZ_REQUIRE_SIGNING": false,
            "MOZ_SANDBOX": false,
            "MOZ_SERVICES_HEALTHREPORT": true,
            "MOZ_SERVICES_SYNC": false,
            "MOZ_SWITCHBOARD": true,
            "MOZ_SYSTEM_NSS": false,
            "MOZ_TELEMETRY_ON_BY_DEFAULT": false,
            "MOZ_TELEMETRY_REPORTING": true,
            "MOZ_UNSIGNED_SCOPES": 0,
            "MOZ_UPDATER": false,
            "MOZ_UPDATE_CHANNEL": "release",
            "MOZ_WEBRTC": true,
            "MOZ_WIDGET_GTK": false,
            "MOZ_WIDGET_TOOLKIT": "android",
            "NIGHTLY_BUILD": false,
            "OMNIJAR_NAME": "assets/omni.ja",
            "RELEASE_OR_BETA": true,
            "SOURCE_REVISION_URL": "https://hg.mozilla.org/releases/mozilla-esr68/rev/d2e0b9e17b9bc1ef02606c8006b73293f7892ad5",
            "TELEMETRY_PING_FORMAT_VERSION": 4,
            "XP_UNIX": true,
            "isPlatformAndVersionAtLeast": {},
            "isPlatformAndVersionAtMost": {},
            "platform": "android"
          },
          "asyncAppConstants": {
            "ACCESSIBILITY": true,
            "ANDROID_PACKAGE_NAME": "org.mozilla.firefox",
            "ASAN": false,
            "ASAN_REPORTER": false,
            "BROWSER_CHROME_URL": "chrome://browser/content/browser.xul",
            "DEBUG": false,
            "DEBUG_JS_MODULES": "",
            "DLL_PREFIX": "lib",
            "DLL_SUFFIX": ".so",
            "EARLY_BETA_OR_EARLIER": false,
            "FENNEC_NIGHTLY": false,
            "HAVE_SHELL_SERVICE": false,
            "HAVE_USR_LIB64_DIR": false,
            "MENUBAR_CAN_AUTOHIDE": false,
            "MOZILLA_OFFICIAL": true,
            "MOZ_ALLOW_LEGACY_EXTENSIONS": false,
            "MOZ_ANDROID_ACTIVITY_STREAM": false,
            "MOZ_ANDROID_HISTORY": true,
            "MOZ_ANDROID_MOZILLA_ONLINE": false,
            "MOZ_APP_NAME": "fennec",
            "MOZ_APP_VERSION": "68.1.1",
            "MOZ_APP_VERSION_DISPLAY": "68.1.1",
            "MOZ_BING_API_CLIENTID": "no-bing-api-clientid",
            "MOZ_BING_API_KEY": "no-bing-api-key",
            "MOZ_BITS_DOWNLOAD": false,
            "MOZ_BUILD_APP": "mobile/android",
            "MOZ_CODE_COVERAGE": false,
            "MOZ_CRASHREPORTER": true,
            "MOZ_DATA_REPORTING": true,
            "MOZ_DEV_EDITION": false,
            "MOZ_GECKO_PROFILER": true,
            "MOZ_GOOGLE_LOCATION_SERVICE_API_KEY": "AIzaSyB2h2OuRcUgy5N-5hsZqiPW6sH3n_rptiQ",
            "MOZ_GOOGLE_SAFEBROWSING_API_KEY": "AIzaSyC7jsptDS3am4tPx4r3nxis7IMjBc5Dovo",
            "MOZ_GRAPHENE": false,
            "MOZ_MACBUNDLE_NAME": "Firefox.app",
            "MOZ_MAINTENANCE_SERVICE": false,
            "MOZ_MOZILLA_API_KEY": "3b4d27dd-703d-4094-8398-4de2c763505a",
            "MOZ_NEW_CERT_STORAGE": false,
            "MOZ_NEW_NOTIFICATION_STORE": false,
            "MOZ_NEW_XULSTORE": false,
            "MOZ_OFFICIAL_BRANDING": false,
            "MOZ_PLACES": false,
            "MOZ_REQUIRE_SIGNING": false,
            "MOZ_SANDBOX": false,
            "MOZ_SERVICES_HEALTHREPORT": true,
            "MOZ_SERVICES_SYNC": false,
            "MOZ_SWITCHBOARD": true,
            "MOZ_SYSTEM_NSS": false,
            "MOZ_TELEMETRY_ON_BY_DEFAULT": false,
            "MOZ_TELEMETRY_REPORTING": true,
            "MOZ_UNSIGNED_SCOPES": 0,
            "MOZ_UPDATER": false,
            "MOZ_UPDATE_CHANNEL": "release",
            "MOZ_WEBRTC": true,
            "MOZ_WIDGET_GTK": false,
            "MOZ_WIDGET_TOOLKIT": "android",
            "NIGHTLY_BUILD": false,
            "OMNIJAR_NAME": "assets/omni.ja",
            "RELEASE_OR_BETA": true,
            "SOURCE_REVISION_URL": "https://hg.mozilla.org/releases/mozilla-esr68/rev/d2e0b9e17b9bc1ef02606c8006b73293f7892ad5",
            "TELEMETRY_PING_FORMAT_VERSION": 4,
            "XP_UNIX": true,
            "isPlatformAndVersionAtLeast": {},
            "isPlatformAndVersionAtMost": {},
            "platform": "android"
          },
          "userAgent": "Mozilla/5.0 (Android 8.1.0; Mobile; rv:68.0) Gecko/68.0 Firefox/68.0",
          "windowSize": "360x560"
        },
        "pageinfo": {
          "documentHeight": 5185,
          "documentSize": {
            "decodedBodySize": 67569,
            "encodedBodySize": 14147,
            "transferSize": 14981
          },
          "documentTitle": "National Institutes of Health (NIH) | Turning Discovery Into Health",
          "documentWidth": 360,
          "domElements": 839,
          "navigationStartTime": 1617076391460,
          "nextHopProtocol": "http/1.1",
          "resources": {
            "count": 0,
            "duration": 0
          },
          "responsive": true,
          "url": "https://www.nih.gov/",
          "visualElements": {
            "heroes": [
              {
                "filename": "slide-covid-english-spanish.jpg?itok=T26XV-mI&timestamp=1612876021",
                "height": 180,
                "name": "LargestImage",
                "width": 360,
                "x": 0,
                "y": 307
              }
            ],
            "viewport": {
              "height": 560,
              "width": 360
            }
          }
        },
        "timings": {
          "firstPaint": 3193,
          "loadEventEnd": 4844,
          "navigationTiming": {
            "connectStart": 57,
            "domComplete": 4824,
            "domContentLoadedEventEnd": 3893,
            "domContentLoadedEventStart": 3475,
            "domInteractive": 3347,
            "domainLookupEnd": 56,
            "domainLookupStart": 7,
            "duration": 4844,
            "fetchStart": 3,
            "loadEventEnd": 4844,
            "loadEventStart": 4824,
            "redirectEnd": 0,
            "redirectStart": 0,
            "requestStart": 499,
            "responseEnd": 885,
            "responseStart": 689,
            "secureConnectionStart": 251,
            "startTime": 0,
            "unloadEventEnd": 0,
            "unloadEventStart": 0,
            "workerStart": 0
          },
          "pageTimings": {
            "backEndTime": 689,
            "domContentLoadedTime": 3475,
            "domInteractiveTime": 3347,
            "domainLookupTime": 50,
            "frontEndTime": 3939,
            "pageDownloadTime": 196,
            "pageLoadTime": 4824,
            "redirectionTime": 0,
            "serverConnectionTime": 442,
            "serverResponseTime": 385
          },
          "rumSpeedIndex": 688,
          "timeToContentfulPaint": 3315,
          "timeToDomContentFlushed": 3385,
          "userTimings": {
            "marks": [],
            "measures": []
          }
        }
      },
      {
        "browser": {
          "appConstants": {
            "ACCESSIBILITY": true,
            "ANDROID_PACKAGE_NAME": "org.mozilla.firefox",
            "ASAN": false,
            "ASAN_REPORTER": false,
            "BROWSER_CHROME_URL": "chrome://browser/content/browser.xul",
            "DEBUG": false,
            "DEBUG_JS_MODULES": "",
            "DLL_PREFIX": "lib",
            "DLL_SUFFIX": ".so",
            "EARLY_BETA_OR_EARLIER": false,
            "FENNEC_NIGHTLY": false,
            "HAVE_SHELL_SERVICE": false,
            "HAVE_USR_LIB64_DIR": false,
            "MENUBAR_CAN_AUTOHIDE": false,
            "MOZILLA_OFFICIAL": true,
            "MOZ_ALLOW_LEGACY_EXTENSIONS": false,
            "MOZ_ANDROID_ACTIVITY_STREAM": false,
            "MOZ_ANDROID_HISTORY": true,
            "MOZ_ANDROID_MOZILLA_ONLINE": false,
            "MOZ_APP_NAME": "fennec",
            "MOZ_APP_VERSION": "68.1.1",
            "MOZ_APP_VERSION_DISPLAY": "68.1.1",
            "MOZ_BING_API_CLIENTID": "no-bing-api-clientid",
            "MOZ_BING_API_KEY": "no-bing-api-key",
            "MOZ_BITS_DOWNLOAD": false,
            "MOZ_BUILD_APP": "mobile/android",
            "MOZ_CODE_COVERAGE": false,
            "MOZ_CRASHREPORTER": true,
            "MOZ_DATA_REPORTING": true,
            "MOZ_DEV_EDITION": false,
            "MOZ_GECKO_PROFILER": true,
            "MOZ_GOOGLE_LOCATION_SERVICE_API_KEY": "AIzaSyB2h2OuRcUgy5N-5hsZqiPW6sH3n_rptiQ",
            "MOZ_GOOGLE_SAFEBROWSING_API_KEY": "AIzaSyC7jsptDS3am4tPx4r3nxis7IMjBc5Dovo",
            "MOZ_GRAPHENE": false,
            "MOZ_MACBUNDLE_NAME": "Firefox.app",
            "MOZ_MAINTENANCE_SERVICE": false,
            "MOZ_MOZILLA_API_KEY": "3b4d27dd-703d-4094-8398-4de2c763505a",
            "MOZ_NEW_CERT_STORAGE": false,
            "MOZ_NEW_NOTIFICATION_STORE": false,
            "MOZ_NEW_XULSTORE": false,
            "MOZ_OFFICIAL_BRANDING": false,
            "MOZ_PLACES": false,
            "MOZ_REQUIRE_SIGNING": false,
            "MOZ_SANDBOX": false,
            "MOZ_SERVICES_HEALTHREPORT": true,
            "MOZ_SERVICES_SYNC": false,
            "MOZ_SWITCHBOARD": true,
            "MOZ_SYSTEM_NSS": false,
            "MOZ_TELEMETRY_ON_BY_DEFAULT": false,
            "MOZ_TELEMETRY_REPORTING": true,
            "MOZ_UNSIGNED_SCOPES": 0,
            "MOZ_UPDATER": false,
            "MOZ_UPDATE_CHANNEL": "release",
            "MOZ_WEBRTC": true,
            "MOZ_WIDGET_GTK": false,
            "MOZ_WIDGET_TOOLKIT": "android",
            "NIGHTLY_BUILD": false,
            "OMNIJAR_NAME": "assets/omni.ja",
            "RELEASE_OR_BETA": true,
            "SOURCE_REVISION_URL": "https://hg.mozilla.org/releases/mozilla-esr68/rev/d2e0b9e17b9bc1ef02606c8006b73293f7892ad5",
            "TELEMETRY_PING_FORMAT_VERSION": 4,
            "XP_UNIX": true,
            "isPlatformAndVersionAtLeast": {},
            "isPlatformAndVersionAtMost": {},
            "platform": "android"
          },
          "asyncAppConstants": {
            "ACCESSIBILITY": true,
            "ANDROID_PACKAGE_NAME": "org.mozilla.firefox",
            "ASAN": false,
            "ASAN_REPORTER": false,
            "BROWSER_CHROME_URL": "chrome://browser/content/browser.xul",
            "DEBUG": false,
            "DEBUG_JS_MODULES": "",
            "DLL_PREFIX": "lib",
            "DLL_SUFFIX": ".so",
            "EARLY_BETA_OR_EARLIER": false,
            "FENNEC_NIGHTLY": false,
            "HAVE_SHELL_SERVICE": false,
            "HAVE_USR_LIB64_DIR": false,
            "MENUBAR_CAN_AUTOHIDE": false,
            "MOZILLA_OFFICIAL": true,
            "MOZ_ALLOW_LEGACY_EXTENSIONS": false,
            "MOZ_ANDROID_ACTIVITY_STREAM": false,
            "MOZ_ANDROID_HISTORY": true,
            "MOZ_ANDROID_MOZILLA_ONLINE": false,
            "MOZ_APP_NAME": "fennec",
            "MOZ_APP_VERSION": "68.1.1",
            "MOZ_APP_VERSION_DISPLAY": "68.1.1",
            "MOZ_BING_API_CLIENTID": "no-bing-api-clientid",
            "MOZ_BING_API_KEY": "no-bing-api-key",
            "MOZ_BITS_DOWNLOAD": false,
            "MOZ_BUILD_APP": "mobile/android",
            "MOZ_CODE_COVERAGE": false,
            "MOZ_CRASHREPORTER": true,
            "MOZ_DATA_REPORTING": true,
            "MOZ_DEV_EDITION": false,
            "MOZ_GECKO_PROFILER": true,
            "MOZ_GOOGLE_LOCATION_SERVICE_API_KEY": "AIzaSyB2h2OuRcUgy5N-5hsZqiPW6sH3n_rptiQ",
            "MOZ_GOOGLE_SAFEBROWSING_API_KEY": "AIzaSyC7jsptDS3am4tPx4r3nxis7IMjBc5Dovo",
            "MOZ_GRAPHENE": false,
            "MOZ_MACBUNDLE_NAME": "Firefox.app",
            "MOZ_MAINTENANCE_SERVICE": false,
            "MOZ_MOZILLA_API_KEY": "3b4d27dd-703d-4094-8398-4de2c763505a",
            "MOZ_NEW_CERT_STORAGE": false,
            "MOZ_NEW_NOTIFICATION_STORE": false,
            "MOZ_NEW_XULSTORE": false,
            "MOZ_OFFICIAL_BRANDING": false,
            "MOZ_PLACES": false,
            "MOZ_REQUIRE_SIGNING": false,
            "MOZ_SANDBOX": false,
            "MOZ_SERVICES_HEALTHREPORT": true,
            "MOZ_SERVICES_SYNC": false,
            "MOZ_SWITCHBOARD": true,
            "MOZ_SYSTEM_NSS": false,
            "MOZ_TELEMETRY_ON_BY_DEFAULT": false,
            "MOZ_TELEMETRY_REPORTING": true,
            "MOZ_UNSIGNED_SCOPES": 0,
            "MOZ_UPDATER": false,
            "MOZ_UPDATE_CHANNEL": "release",
            "MOZ_WEBRTC": true,
            "MOZ_WIDGET_GTK": false,
            "MOZ_WIDGET_TOOLKIT": "android",
            "NIGHTLY_BUILD": false,
            "OMNIJAR_NAME": "assets/omni.ja",
            "RELEASE_OR_BETA": true,
            "SOURCE_REVISION_URL": "https://hg.mozilla.org/releases/mozilla-esr68/rev/d2e0b9e17b9bc1ef02606c8006b73293f7892ad5",
            "TELEMETRY_PING_FORMAT_VERSION": 4,
            "XP_UNIX": true,
            "isPlatformAndVersionAtLeast": {},
            "isPlatformAndVersionAtMost": {},
            "platform": "android"
          },
          "userAgent": "Mozilla/5.0 (Android 8.1.0; Mobile; rv:68.0) Gecko/68.0 Firefox/68.0",
          "windowSize": "360x560"
        },
        "pageinfo": {
          "documentHeight": 5185,
          "documentSize": {
            "decodedBodySize": 67569,
            "encodedBodySize": 14147,
            "transferSize": 14981
          },
          "documentTitle": "National Institutes of Health (NIH) | Turning Discovery Into Health",
          "documentWidth": 360,
          "domElements": 839,
          "navigationStartTime": 1617076414627,
          "nextHopProtocol": "http/1.1",
          "resources": {
            "count": 0,
            "duration": 0
          },
          "responsive": true,
          "url": "https://www.nih.gov/",
          "visualElements": {
            "heroes": [
              {
                "filename": "slide-covid-english-spanish.jpg?itok=T26XV-mI&timestamp=1612876021",
                "height": 180,
                "name": "LargestImage",
                "width": 360,
                "x": 0,
                "y": 307
              }
            ],
            "viewport": {
              "height": 560,
              "width": 360
            }
          }
        },
        "timings": {
          "firstPaint": 3507,
          "loadEventEnd": 4937,
          "navigationTiming": {
            "connectStart": 38,
            "domComplete": 4913,
            "domContentLoadedEventEnd": 3500,
            "domContentLoadedEventStart": 3062,
            "domInteractive": 2647,
            "domainLookupEnd": 37,
            "domainLookupStart": 37,
            "duration": 4937,
            "fetchStart": 3,
            "loadEventEnd": 4937,
            "loadEventStart": 4913,
            "redirectEnd": 0,
            "redirectStart": 0,
            "requestStart": 500,
            "responseEnd": 932,
            "responseStart": 696,
            "secureConnectionStart": 238,
            "startTime": 0,
            "unloadEventEnd": 0,
            "unloadEventStart": 0,
            "workerStart": 0
          },
          "pageTimings": {
            "backEndTime": 696,
            "domContentLoadedTime": 3062,
            "domInteractiveTime": 2647,
            "domainLookupTime": 0,
            "frontEndTime": 3981,
            "pageDownloadTime": 237,
            "pageLoadTime": 4913,
            "redirectionTime": 0,
            "serverConnectionTime": 462,
            "serverResponseTime": 432
          },
          "rumSpeedIndex": 695,
          "timeToContentfulPaint": 3616,
          "timeToDomContentFlushed": 3050,
          "userTimings": {
            "marks": [],
            "measures": []
          }
        }
      },
      {
        "browser": {
          "appConstants": {
            "ACCESSIBILITY": true,
            "ANDROID_PACKAGE_NAME": "org.mozilla.firefox",
            "ASAN": false,
            "ASAN_REPORTER": false,
            "BROWSER_CHROME_URL": "chrome://browser/content/browser.xul",
            "DEBUG": false,
            "DEBUG_JS_MODULES": "",
            "DLL_PREFIX": "lib",
            "DLL_SUFFIX": ".so",
            "EARLY_BETA_OR_EARLIER": false,
            "FENNEC_NIGHTLY": false,
            "HAVE_SHELL_SERVICE": false,
            "HAVE_USR_LIB64_DIR": false,
            "MENUBAR_CAN_AUTOHIDE": false,
            "MOZILLA_OFFICIAL": true,
            "MOZ_ALLOW_LEGACY_EXTENSIONS": false,
            "MOZ_ANDROID_ACTIVITY_STREAM": false,
            "MOZ_ANDROID_HISTORY": true,
            "MOZ_ANDROID_MOZILLA_ONLINE": false,
            "MOZ_APP_NAME": "fennec",
            "MOZ_APP_VERSION": "68.1.1",
            "MOZ_APP_VERSION_DISPLAY": "68.1.1",
            "MOZ_BING_API_CLIENTID": "no-bing-api-clientid",
            "MOZ_BING_API_KEY": "no-bing-api-key",
            "MOZ_BITS_DOWNLOAD": false,
            "MOZ_BUILD_APP": "mobile/android",
            "MOZ_CODE_COVERAGE": false,
            "MOZ_CRASHREPORTER": true,
            "MOZ_DATA_REPORTING": true,
            "MOZ_DEV_EDITION": false,
            "MOZ_GECKO_PROFILER": true,
            "MOZ_GOOGLE_LOCATION_SERVICE_API_KEY": "AIzaSyB2h2OuRcUgy5N-5hsZqiPW6sH3n_rptiQ",
            "MOZ_GOOGLE_SAFEBROWSING_API_KEY": "AIzaSyC7jsptDS3am4tPx4r3nxis7IMjBc5Dovo",
            "MOZ_GRAPHENE": false,
            "MOZ_MACBUNDLE_NAME": "Firefox.app",
            "MOZ_MAINTENANCE_SERVICE": false,
            "MOZ_MOZILLA_API_KEY": "3b4d27dd-703d-4094-8398-4de2c763505a",
            "MOZ_NEW_CERT_STORAGE": false,
            "MOZ_NEW_NOTIFICATION_STORE": false,
            "MOZ_NEW_XULSTORE": false,
            "MOZ_OFFICIAL_BRANDING": false,
            "MOZ_PLACES": false,
            "MOZ_REQUIRE_SIGNING": false,
            "MOZ_SANDBOX": false,
            "MOZ_SERVICES_HEALTHREPORT": true,
            "MOZ_SERVICES_SYNC": false,
            "MOZ_SWITCHBOARD": true,
            "MOZ_SYSTEM_NSS": false,
            "MOZ_TELEMETRY_ON_BY_DEFAULT": false,
            "MOZ_TELEMETRY_REPORTING": true,
            "MOZ_UNSIGNED_SCOPES": 0,
            "MOZ_UPDATER": false,
            "MOZ_UPDATE_CHANNEL": "release",
            "MOZ_WEBRTC": true,
            "MOZ_WIDGET_GTK": false,
            "MOZ_WIDGET_TOOLKIT": "android",
            "NIGHTLY_BUILD": false,
            "OMNIJAR_NAME": "assets/omni.ja",
            "RELEASE_OR_BETA": true,
            "SOURCE_REVISION_URL": "https://hg.mozilla.org/releases/mozilla-esr68/rev/d2e0b9e17b9bc1ef02606c8006b73293f7892ad5",
            "TELEMETRY_PING_FORMAT_VERSION": 4,
            "XP_UNIX": true,
            "isPlatformAndVersionAtLeast": {},
            "isPlatformAndVersionAtMost": {},
            "platform": "android"
          },
          "asyncAppConstants": {
            "ACCESSIBILITY": true,
            "ANDROID_PACKAGE_NAME": "org.mozilla.firefox",
            "ASAN": false,
            "ASAN_REPORTER": false,
            "BROWSER_CHROME_URL": "chrome://browser/content/browser.xul",
            "DEBUG": false,
            "DEBUG_JS_MODULES": "",
            "DLL_PREFIX": "lib",
            "DLL_SUFFIX": ".so",
            "EARLY_BETA_OR_EARLIER": false,
            "FENNEC_NIGHTLY": false,
            "HAVE_SHELL_SERVICE": false,
            "HAVE_USR_LIB64_DIR": false,
            "MENUBAR_CAN_AUTOHIDE": false,
            "MOZILLA_OFFICIAL": true,
            "MOZ_ALLOW_LEGACY_EXTENSIONS": false,
            "MOZ_ANDROID_ACTIVITY_STREAM": false,
            "MOZ_ANDROID_HISTORY": true,
            "MOZ_ANDROID_MOZILLA_ONLINE": false,
            "MOZ_APP_NAME": "fennec",
            "MOZ_APP_VERSION": "68.1.1",
            "MOZ_APP_VERSION_DISPLAY": "68.1.1",
            "MOZ_BING_API_CLIENTID": "no-bing-api-clientid",
            "MOZ_BING_API_KEY": "no-bing-api-key",
            "MOZ_BITS_DOWNLOAD": false,
            "MOZ_BUILD_APP": "mobile/android",
            "MOZ_CODE_COVERAGE": false,
            "MOZ_CRASHREPORTER": true,
            "MOZ_DATA_REPORTING": true,
            "MOZ_DEV_EDITION": false,
            "MOZ_GECKO_PROFILER": true,
            "MOZ_GOOGLE_LOCATION_SERVICE_API_KEY": "AIzaSyB2h2OuRcUgy5N-5hsZqiPW6sH3n_rptiQ",
            "MOZ_GOOGLE_SAFEBROWSING_API_KEY": "AIzaSyC7jsptDS3am4tPx4r3nxis7IMjBc5Dovo",
            "MOZ_GRAPHENE": false,
            "MOZ_MACBUNDLE_NAME": "Firefox.app",
            "MOZ_MAINTENANCE_SERVICE": false,
            "MOZ_MOZILLA_API_KEY": "3b4d27dd-703d-4094-8398-4de2c763505a",
            "MOZ_NEW_CERT_STORAGE": false,
            "MOZ_NEW_NOTIFICATION_STORE": false,
            "MOZ_NEW_XULSTORE": false,
            "MOZ_OFFICIAL_BRANDING": false,
            "MOZ_PLACES": false,
            "MOZ_REQUIRE_SIGNING": false,
            "MOZ_SANDBOX": false,
            "MOZ_SERVICES_HEALTHREPORT": true,
            "MOZ_SERVICES_SYNC": false,
            "MOZ_SWITCHBOARD": true,
            "MOZ_SYSTEM_NSS": false,
            "MOZ_TELEMETRY_ON_BY_DEFAULT": false,
            "MOZ_TELEMETRY_REPORTING": true,
            "MOZ_UNSIGNED_SCOPES": 0,
            "MOZ_UPDATER": false,
            "MOZ_UPDATE_CHANNEL": "release",
            "MOZ_WEBRTC": true,
            "MOZ_WIDGET_GTK": false,
            "MOZ_WIDGET_TOOLKIT": "android",
            "NIGHTLY_BUILD": false,
            "OMNIJAR_NAME": "assets/omni.ja",
            "RELEASE_OR_BETA": true,
            "SOURCE_REVISION_URL": "https://hg.mozilla.org/releases/mozilla-esr68/rev/d2e0b9e17b9bc1ef02606c8006b73293f7892ad5",
            "TELEMETRY_PING_FORMAT_VERSION": 4,
            "XP_UNIX": true,
            "isPlatformAndVersionAtLeast": {},
            "isPlatformAndVersionAtMost": {},
            "platform": "android"
          },
          "userAgent": "Mozilla/5.0 (Android 8.1.0; Mobile; rv:68.0) Gecko/68.0 Firefox/68.0",
          "windowSize": "360x560"
        },
        "pageinfo": {
          "documentHeight": 5185,
          "documentSize": {
            "decodedBodySize": 67569,
            "encodedBodySize": 14147,
            "transferSize": 14981
          },
          "documentTitle": "National Institutes of Health (NIH) | Turning Discovery Into Health",
          "documentWidth": 360,
          "domElements": 846,
          "navigationStartTime": 1617076437743,
          "nextHopProtocol": "http/1.1",
          "resources": {
            "count": 0,
            "duration": 0
          },
          "responsive": true,
          "url": "https://www.nih.gov/",
          "visualElements": {
            "heroes": [
              {
                "filename": "slide-covid-english-spanish.jpg?itok=T26XV-mI&timestamp=1612876021",
                "height": 180,
                "name": "LargestImage",
                "width": 360,
                "x": 0,
                "y": 307
              }
            ],
            "viewport": {
              "height": 560,
              "width": 360
            }
          }
        },
        "timings": {
          "firstPaint": 3010,
          "loadEventEnd": 4947,
          "navigationTiming": {
            "connectStart": 41,
            "domComplete": 4928,
            "domContentLoadedEventEnd": 3496,
            "domContentLoadedEventStart": 3081,
            "domInteractive": 2581,
            "domainLookupEnd": 40,
            "domainLookupStart": 40,
            "duration": 4947,
            "fetchStart": 3,
            "loadEventEnd": 4947,
            "loadEventStart": 4928,
            "redirectEnd": 0,
            "redirectStart": 0,
            "requestStart": 480,
            "responseEnd": 872,
            "responseStart": 669,
            "secureConnectionStart": 235,
            "startTime": 0,
            "unloadEventEnd": 0,
            "unloadEventStart": 0,
            "workerStart": 0
          },
          "pageTimings": {
            "backEndTime": 669,
            "domContentLoadedTime": 3081,
            "domInteractiveTime": 2581,
            "domainLookupTime": 0,
            "frontEndTime": 4057,
            "pageDownloadTime": 202,
            "pageLoadTime": 4928,
            "redirectionTime": 0,
            "serverConnectionTime": 439,
            "serverResponseTime": 391
          },
          "rumSpeedIndex": 669,
          "timeToContentfulPaint": 3140,
          "timeToDomContentFlushed": 2982,
          "userTimings": {
            "marks": [],
            "measures": []
          }
        }
      }
    ],
    "visualMetrics": [],
    "cpu": [],
    "extras": [
      {},
      {},
      {}
    ],
    "fullyLoaded": [],
    "errors": [
      [],
      [],
      []
    ],
    "statistics": {
      "browser": {
        "appConstants": {
          "MOZ_UNSIGNED_SCOPES": {
            "median": 0,
            "mean": 0,
            "mdev": 0,
            "stddev": 0,
            "min": 0,
            "p10": 0,
            "p90": 0,
            "p99": 0,
            "max": 0
          },
          "TELEMETRY_PING_FORMAT_VERSION": {
            "median": 4,
            "mean": 4,
            "mdev": 0,
            "stddev": 0,
            "min": 4,
            "p10": 4,
            "p90": 4,
            "p99": 4,
            "max": 4
          }
        },
        "asyncAppConstants": {
          "MOZ_UNSIGNED_SCOPES": {
            "median": 0,
            "mean": 0,
            "mdev": 0,
            "stddev": 0,
            "min": 0,
            "p10": 0,
            "p90": 0,
            "p99": 0,
            "max": 0
          },
          "TELEMETRY_PING_FORMAT_VERSION": {
            "median": 4,
            "mean": 4,
            "mdev": 0,
            "stddev": 0,
            "min": 4,
            "p10": 4,
            "p90": 4,
            "p99": 4,
            "max": 4
          }
        }
      },
      "pageinfo": {
        "documentHeight": {
          "median": 5185,
          "mean": 5185,
          "mdev": 0,
          "stddev": 0,
          "min": 5185,
          "p10": 5185,
          "p90": 5185,
          "p99": 5185,
          "max": 5185
        },
        "documentSize": {
          "decodedBodySize": {
            "median": 67569,
            "mean": 67569,
            "mdev": 0,
            "stddev": 0,
            "min": 67569,
            "p10": 67569,
            "p90": 67569,
            "p99": 67569,
            "max": 67569
          },
          "encodedBodySize": {
            "median": 14147,
            "mean": 14147,
            "mdev": 0,
            "stddev": 0,
            "min": 14147,
            "p10": 14147,
            "p90": 14147,
            "p99": 14147,
            "max": 14147
          },
          "transferSize": {
            "median": 14981,
            "mean": 14981,
            "mdev": 0,
            "stddev": 0,
            "min": 14981,
            "p10": 14981,
            "p90": 14981,
            "p99": 14981,
            "max": 14981
          }
        },
        "documentWidth": {
          "median": 360,
          "mean": 360,
          "mdev": 0,
          "stddev": 0,
          "min": 360,
          "p10": 360,
          "p90": 360,
          "p99": 360,
          "max": 360
        },
        "domElements": {
          "median": 839,
          "mean": 841,
          "mdev": 1.9052,
          "stddev": 3,
          "min": 839,
          "p10": 839,
          "p90": 846,
          "p99": 846,
          "max": 846
        },
        "navigationStartTime": {
          "median": 1617076414627,
          "mean": 1617076414610,
          "mdev": 17836.64,
          "stddev": 30894,
          "min": 1617076391460,
          "p10": 1617076391460,
          "p90": 1617076437743,
          "p99": 1617076437743,
          "max": 1617076437743
        },
        "resources": {
          "count": {
            "median": 0,
            "mean": 0,
            "mdev": 0,
            "stddev": 0,
            "min": 0,
            "p10": 0,
            "p90": 0,
            "p99": 0,
            "max": 0
          },
          "duration": {
            "median": 0,
            "mean": 0,
            "mdev": 0,
            "stddev": 0,
            "min": 0,
            "p10": 0,
            "p90": 0,
            "p99": 0,
            "max": 0
          }
        },
        "visualElements": {
          "heroes": [
            {
              "height": {
                "median": 180,
                "mean": 180,
                "mdev": 0,
                "stddev": 0,
                "min": 180,
                "p10": 180,
                "p90": 180,
                "p99": 180,
                "max": 180
              },
              "width": {
                "median": 360,
                "mean": 360,
                "mdev": 0,
                "stddev": 0,
                "min": 360,
                "p10": 360,
                "p90": 360,
                "p99": 360,
                "max": 360
              },
              "x": {
                "median": 0,
                "mean": 0,
                "mdev": 0,
                "stddev": 0,
                "min": 0,
                "p10": 0,
                "p90": 0,
                "p99": 0,
                "max": 0
              },
              "y": {
                "median": 307,
                "mean": 307,
                "mdev": 0,
                "stddev": 0,
                "min": 307,
                "p10": 307,
                "p90": 307,
                "p99": 307,
                "max": 307
              }
            }
          ],
          "viewport": {
            "height": {
              "median": 560,
              "mean": 560,
              "mdev": 0,
              "stddev": 0,
              "min": 560,
              "p10": 560,
              "p90": 560,
              "p99": 560,
              "max": 560
            },
            "width": {
              "median": 360,
              "mean": 360,
              "mdev": 0,
              "stddev": 0,
              "min": 360,
              "p10": 360,
              "p90": 360,
              "p99": 360,
              "max": 360
            }
          }
        }
      },
      "timings": {
        "firstPaint": {
          "median": 3193,
          "mean": 3237,
          "mdev": 118.4927,
          "stddev": 205,
          "min": 3010,
          "p10": 3010,
          "p90": 3507,
          "p99": 3507,
          "max": 3507
        },
        "loadEventEnd": {
          "median": 4937,
          "mean": 4909,
          "mdev": 26.7762,
          "stddev": 46,
          "min": 4844,
          "p10": 4844,
          "p90": 4947,
          "p99": 4947,
          "max": 4947
        },
        "navigationTiming": {
          "connectStart": {
            "median": 41,
            "mean": 45,
            "mdev": 4.8151,
            "stddev": 8,
            "min": 38,
            "p10": 38,
            "p90": 57,
            "p99": 57,
            "max": 57
          },
          "domComplete": {
            "median": 4913,
            "mean": 4888,
            "mdev": 26.5009,
            "stddev": 46,
            "min": 4824,
            "p10": 4824,
            "p90": 4928,
            "p99": 4928,
            "max": 4928
          },
          "domContentLoadedEventEnd": {
            "median": 3500,
            "mean": 3630,
            "mdev": 107.5095,
            "stddev": 186,
            "min": 3496,
            "p10": 3496,
            "p90": 3893,
            "p99": 3893,
            "max": 3893
          },
          "domContentLoadedEventStart": {
            "median": 3081,
            "mean": 3206,
            "mdev": 109.9101,
            "stddev": 190,
            "min": 3062,
            "p10": 3062,
            "p90": 3475,
            "p99": 3475,
            "max": 3475
          },
          "domInteractive": {
            "median": 2647,
            "mean": 2858,
            "mdev": 200.1029,
            "stddev": 347,
            "min": 2581,
            "p10": 2581,
            "p90": 3347,
            "p99": 3347,
            "max": 3347
          },
          "domainLookupEnd": {
            "median": 40,
            "mean": 44,
            "mdev": 4.8151,
            "stddev": 8,
            "min": 37,
            "p10": 37,
            "p90": 56,
            "p99": 56,
            "max": 56
          },
          "domainLookupStart": {
            "median": 37,
            "mean": 28,
            "mdev": 8.6023,
            "stddev": 15,
            "min": 7,
            "p10": 7,
            "p90": 40,
            "p99": 40,
            "max": 40
          },
          "duration": {
            "median": 4937,
            "mean": 4909,
            "mdev": 26.7762,
            "stddev": 46,
            "min": 4844,
            "p10": 4844,
            "p90": 4947,
            "p99": 4947,
            "max": 4947
          },
          "fetchStart": {
            "median": 3,
            "mean": 3,
            "mdev": 0,
            "stddev": 0,
            "min": 3,
            "p10": 3,
            "p90": 3,
            "p99": 3,
            "max": 3
          },
          "loadEventEnd": {
            "median": 4937,
            "mean": 4909,
            "mdev": 26.7762,
            "stddev": 46,
            "min": 4844,
            "p10": 4844,
            "p90": 4947,
            "p99": 4947,
            "max": 4947
          },
          "loadEventStart": {
            "median": 4913,
            "mean": 4888,
            "mdev": 26.5009,
            "stddev": 46,
            "min": 4824,
            "p10": 4824,
            "p90": 4928,
            "p99": 4928,
            "max": 4928
          },
          "redirectEnd": {
            "median": 0,
            "mean": 0,
            "mdev": 0,
            "stddev": 0,
            "min": 0,
            "p10": 0,
            "p90": 0,
            "p99": 0,
            "max": 0
          },
          "redirectStart": {
            "median": 0,
            "mean": 0,
            "mdev": 0,
            "stddev": 0,
            "min": 0,
            "p10": 0,
            "p90": 0,
            "p99": 0,
            "max": 0
          },
          "requestStart": {
            "median": 499,
            "mean": 493,
            "mdev": 5.3125,
            "stddev": 9,
            "min": 480,
            "p10": 480,
            "p90": 500,
            "p99": 500,
            "max": 500
          },
          "responseEnd": {
            "median": 885,
            "mean": 896,
            "mdev": 14.8798,
            "stddev": 26,
            "min": 872,
            "p10": 872,
            "p90": 932,
            "p99": 932,
            "max": 932
          },
          "responseStart": {
            "median": 689,
            "mean": 685,
            "mdev": 6.6053,
            "stddev": 11,
            "min": 669,
            "p10": 669,
            "p90": 696,
            "p99": 696,
            "max": 696
          },
          "secureConnectionStart": {
            "median": 238,
            "mean": 241,
            "mdev": 4.0092,
            "stddev": 7,
            "min": 235,
            "p10": 235,
            "p90": 251,
            "p99": 251,
            "max": 251
          },
          "startTime": {
            "median": 0,
            "mean": 0,
            "mdev": 0,
            "stddev": 0,
            "min": 0,
            "p10": 0,
            "p90": 0,
            "p99": 0,
            "max": 0
          },
          "unloadEventEnd": {
            "median": 0,
            "mean": 0,
            "mdev": 0,
            "stddev": 0,
            "min": 0,
            "p10": 0,
            "p90": 0,
            "p99": 0,
            "max": 0
          },
          "unloadEventStart": {
            "median": 0,
            "mean": 0,
            "mdev": 0,
            "stddev": 0,
            "min": 0,
            "p10": 0,
            "p90": 0,
            "p99": 0,
            "max": 0
          },
          "workerStart": {
            "median": 0,
            "mean": 0,
            "mdev": 0,
            "stddev": 0,
            "min": 0,
            "p10": 0,
            "p90": 0,
            "p99": 0,
            "max": 0
          }
        },
        "pageTimings": {
          "backEndTime": {
            "median": 689,
            "mean": 685,
            "mdev": 6.6053,
            "stddev": 11,
            "min": 669,
            "p10": 669,
            "p90": 696,
            "p99": 696,
            "max": 696
          },
          "domContentLoadedTime": {
            "median": 3081,
            "mean": 3206,
            "mdev": 109.9101,
            "stddev": 190,
            "min": 3062,
            "p10": 3062,
            "p90": 3475,
            "p99": 3475,
            "max": 3475
          },
          "domInteractiveTime": {
            "median": 2647,
            "mean": 2858,
            "mdev": 200.1029,
            "stddev": 347,
            "min": 2581,
            "p10": 2581,
            "p90": 3347,
            "p99": 3347,
            "max": 3347
          },
          "domainLookupTime": {
            "median": 0,
            "mean": 17,
            "mdev": 13.6083,
            "stddev": 24,
            "min": 0,
            "p10": 0,
            "p90": 50,
            "p99": 50,
            "max": 50
          },
          "frontEndTime": {
            "median": 3981,
            "mean": 3992,
            "mdev": 28.1951,
            "stddev": 49,
            "min": 3939,
            "p10": 3939,
            "p90": 4057,
            "p99": 4057,
            "max": 4057
          },
          "pageDownloadTime": {
            "median": 202,
            "mean": 212,
            "mdev": 10.4385,
            "stddev": 18,
            "min": 196,
            "p10": 196,
            "p90": 237,
            "p99": 237,
            "max": 237
          },
          "pageLoadTime": {
            "median": 4913,
            "mean": 4888,
            "mdev": 26.5009,
            "stddev": 46,
            "min": 4824,
            "p10": 4824,
            "p90": 4928,
            "p99": 4928,
            "max": 4928
          },
          "redirectionTime": {
            "median": 0,
            "mean": 0,
            "mdev": 0,
            "stddev": 0,
            "min": 0,
            "p10": 0,
            "p90": 0,
            "p99": 0,
            "max": 0
          },
          "serverConnectionTime": {
            "median": 442,
            "mean": 448,
            "mdev": 5.8941,
            "stddev": 10,
            "min": 439,
            "p10": 439,
            "p90": 462,
            "p99": 462,
            "max": 462
          },
          "serverResponseTime": {
            "median": 391,
            "mean": 403,
            "mdev": 12.0585,
            "stddev": 21,
            "min": 385,
            "p10": 385,
            "p90": 432,
            "p99": 432,
            "max": 432
          }
        },
        "rumSpeedIndex": {
          "median": 688,
          "mean": 684,
          "mdev": 6.3421,
          "stddev": 11,
          "min": 669,
          "p10": 669,
          "p90": 695,
          "p99": 695,
          "max": 695
        },
        "timeToContentfulPaint": {
          "median": 3315,
          "mean": 3357,
          "mdev": 113.4969,
          "stddev": 197,
          "min": 3140,
          "p10": 3140,
          "p90": 3616,
          "p99": 3616,
          "max": 3616
        },
        "timeToDomContentFlushed": {
          "median": 3050,
          "mean": 3139,
          "mdev": 101.7,
          "stddev": 176,
          "min": 2982,
          "p10": 2982,
          "p90": 3385,
          "p99": 3385,
          "max": 3385
        }
      }
    }
  }
]