[
  {
    "info": {
      "browsertime": {
        "version": "8.4.0"
      },
      "url": "https://Wikipedia.org/",
      "timestamp": "2021-03-30T00:27:12+04:00",
      "connectivity": {
        "engine": "external",
        "profile": "native"
      },
      "extra": {}
    },
    "files": {
      "video": [],
      "screenshot": [],
      "timeline": [],
      "consoleLog": [],
      "netLog": [],
      "perfLog": []
    },
    "cdp": {
      "performance": []
    },
    "timestamps": [
      "2021-03-30T00:27:02+04:00",
      "2021-03-30T00:27:23+04:00",
      "2021-03-30T00:27:47+04:00"
    ],
    "browserScripts": [
      {
        "browser": {
          "appConstants": {
            "ACCESSIBILITY": true,
            "ANDROID_PACKAGE_NAME": "org.mozilla.firefox",
            "ASAN": false,
            "ASAN_REPORTER": false,
            "BROWSER_CHROME_URL": "chrome://browser/content/browser.xul",
            "DEBUG": false,
            "DEBUG_JS_MODULES": "",
            "DLL_PREFIX": "lib",
            "DLL_SUFFIX": ".so",
            "EARLY_BETA_OR_EARLIER": false,
            "FENNEC_NIGHTLY": false,
            "HAVE_SHELL_SERVICE": false,
            "HAVE_USR_LIB64_DIR": false,
            "MENUBAR_CAN_AUTOHIDE": false,
            "MOZILLA_OFFICIAL": true,
            "MOZ_ALLOW_LEGACY_EXTENSIONS": false,
            "MOZ_ANDROID_ACTIVITY_STREAM": false,
            "MOZ_ANDROID_HISTORY": true,
            "MOZ_ANDROID_MOZILLA_ONLINE": false,
            "MOZ_APP_NAME": "fennec",
            "MOZ_APP_VERSION": "68.1.1",
            "MOZ_APP_VERSION_DISPLAY": "68.1.1",
            "MOZ_BING_API_CLIENTID": "no-bing-api-clientid",
            "MOZ_BING_API_KEY": "no-bing-api-key",
            "MOZ_BITS_DOWNLOAD": false,
            "MOZ_BUILD_APP": "mobile/android",
            "MOZ_CODE_COVERAGE": false,
            "MOZ_CRASHREPORTER": true,
            "MOZ_DATA_REPORTING": true,
            "MOZ_DEV_EDITION": false,
            "MOZ_GECKO_PROFILER": true,
            "MOZ_GOOGLE_LOCATION_SERVICE_API_KEY": "AIzaSyB2h2OuRcUgy5N-5hsZqiPW6sH3n_rptiQ",
            "MOZ_GOOGLE_SAFEBROWSING_API_KEY": "AIzaSyC7jsptDS3am4tPx4r3nxis7IMjBc5Dovo",
            "MOZ_GRAPHENE": false,
            "MOZ_MACBUNDLE_NAME": "Firefox.app",
            "MOZ_MAINTENANCE_SERVICE": false,
            "MOZ_MOZILLA_API_KEY": "3b4d27dd-703d-4094-8398-4de2c763505a",
            "MOZ_NEW_CERT_STORAGE": false,
            "MOZ_NEW_NOTIFICATION_STORE": false,
            "MOZ_NEW_XULSTORE": false,
            "MOZ_OFFICIAL_BRANDING": false,
            "MOZ_PLACES": false,
            "MOZ_REQUIRE_SIGNING": false,
            "MOZ_SANDBOX": false,
            "MOZ_SERVICES_HEALTHREPORT": true,
            "MOZ_SERVICES_SYNC": false,
            "MOZ_SWITCHBOARD": true,
            "MOZ_SYSTEM_NSS": false,
            "MOZ_TELEMETRY_ON_BY_DEFAULT": false,
            "MOZ_TELEMETRY_REPORTING": true,
            "MOZ_UNSIGNED_SCOPES": 0,
            "MOZ_UPDATER": false,
            "MOZ_UPDATE_CHANNEL": "release",
            "MOZ_WEBRTC": true,
            "MOZ_WIDGET_GTK": false,
            "MOZ_WIDGET_TOOLKIT": "android",
            "NIGHTLY_BUILD": false,
            "OMNIJAR_NAME": "assets/omni.ja",
            "RELEASE_OR_BETA": true,
            "SOURCE_REVISION_URL": "https://hg.mozilla.org/releases/mozilla-esr68/rev/d2e0b9e17b9bc1ef02606c8006b73293f7892ad5",
            "TELEMETRY_PING_FORMAT_VERSION": 4,
            "XP_UNIX": true,
            "isPlatformAndVersionAtLeast": {},
            "isPlatformAndVersionAtMost": {},
            "platform": "android"
          },
          "asyncAppConstants": {
            "ACCESSIBILITY": true,
            "ANDROID_PACKAGE_NAME": "org.mozilla.firefox",
            "ASAN": false,
            "ASAN_REPORTER": false,
            "BROWSER_CHROME_URL": "chrome://browser/content/browser.xul",
            "DEBUG": false,
            "DEBUG_JS_MODULES": "",
            "DLL_PREFIX": "lib",
            "DLL_SUFFIX": ".so",
            "EARLY_BETA_OR_EARLIER": false,
            "FENNEC_NIGHTLY": false,
            "HAVE_SHELL_SERVICE": false,
            "HAVE_USR_LIB64_DIR": false,
            "MENUBAR_CAN_AUTOHIDE": false,
            "MOZILLA_OFFICIAL": true,
            "MOZ_ALLOW_LEGACY_EXTENSIONS": false,
            "MOZ_ANDROID_ACTIVITY_STREAM": false,
            "MOZ_ANDROID_HISTORY": true,
            "MOZ_ANDROID_MOZILLA_ONLINE": false,
            "MOZ_APP_NAME": "fennec",
            "MOZ_APP_VERSION": "68.1.1",
            "MOZ_APP_VERSION_DISPLAY": "68.1.1",
            "MOZ_BING_API_CLIENTID": "no-bing-api-clientid",
            "MOZ_BING_API_KEY": "no-bing-api-key",
            "MOZ_BITS_DOWNLOAD": false,
            "MOZ_BUILD_APP": "mobile/android",
            "MOZ_CODE_COVERAGE": false,
            "MOZ_CRASHREPORTER": true,
            "MOZ_DATA_REPORTING": true,
            "MOZ_DEV_EDITION": false,
            "MOZ_GECKO_PROFILER": true,
            "MOZ_GOOGLE_LOCATION_SERVICE_API_KEY": "AIzaSyB2h2OuRcUgy5N-5hsZqiPW6sH3n_rptiQ",
            "MOZ_GOOGLE_SAFEBROWSING_API_KEY": "AIzaSyC7jsptDS3am4tPx4r3nxis7IMjBc5Dovo",
            "MOZ_GRAPHENE": false,
            "MOZ_MACBUNDLE_NAME": "Firefox.app",
            "MOZ_MAINTENANCE_SERVICE": false,
            "MOZ_MOZILLA_API_KEY": "3b4d27dd-703d-4094-8398-4de2c763505a",
            "MOZ_NEW_CERT_STORAGE": false,
            "MOZ_NEW_NOTIFICATION_STORE": false,
            "MOZ_NEW_XULSTORE": false,
            "MOZ_OFFICIAL_BRANDING": false,
            "MOZ_PLACES": false,
            "MOZ_REQUIRE_SIGNING": false,
            "MOZ_SANDBOX": false,
            "MOZ_SERVICES_HEALTHREPORT": true,
            "MOZ_SERVICES_SYNC": false,
            "MOZ_SWITCHBOARD": true,
            "MOZ_SYSTEM_NSS": false,
            "MOZ_TELEMETRY_ON_BY_DEFAULT": false,
            "MOZ_TELEMETRY_REPORTING": true,
            "MOZ_UNSIGNED_SCOPES": 0,
            "MOZ_UPDATER": false,
            "MOZ_UPDATE_CHANNEL": "release",
            "MOZ_WEBRTC": true,
            "MOZ_WIDGET_GTK": false,
            "MOZ_WIDGET_TOOLKIT": "android",
            "NIGHTLY_BUILD": false,
            "OMNIJAR_NAME": "assets/omni.ja",
            "RELEASE_OR_BETA": true,
            "SOURCE_REVISION_URL": "https://hg.mozilla.org/releases/mozilla-esr68/rev/d2e0b9e17b9bc1ef02606c8006b73293f7892ad5",
            "TELEMETRY_PING_FORMAT_VERSION": 4,
            "XP_UNIX": true,
            "isPlatformAndVersionAtLeast": {},
            "isPlatformAndVersionAtMost": {},
            "platform": "android"
          },
          "userAgent": "Mozilla/5.0 (Android 8.1.0; Mobile; rv:68.0) Gecko/68.0 Firefox/68.0",
          "windowSize": "360x560"
        },
        "pageinfo": {
          "documentHeight": 1532,
          "documentSize": {
            "decodedBodySize": 66691,
            "encodedBodySize": 17107,
            "transferSize": 18112
          },
          "documentTitle": "Wikipedia",
          "documentWidth": 360,
          "domElements": 925,
          "navigationStartTime": 1617049622543,
          "nextHopProtocol": "h2",
          "resources": {
            "count": 0,
            "duration": 0
          },
          "responsive": true,
          "url": "https://www.wikipedia.org/",
          "visualElements": {
            "heroes": [
              {
                "filename": "Wikipedia-logo-v2.png",
                "height": 52,
                "name": "LargestImage",
                "width": 57,
                "x": 68,
                "y": 44
              },
              {
                "filename": null,
                "height": 52,
                "name": "Heading",
                "width": 153,
                "x": 129,
                "y": 44
              }
            ],
            "viewport": {
              "height": 560,
              "width": 360
            }
          }
        },
        "timings": {
          "firstPaint": 2826,
          "loadEventEnd": 3792,
          "navigationTiming": {
            "connectStart": 715,
            "domComplete": 3791,
            "domContentLoadedEventEnd": 3593,
            "domContentLoadedEventStart": 3561,
            "domInteractive": 3488,
            "domainLookupEnd": 715,
            "domainLookupStart": 715,
            "duration": 3792,
            "fetchStart": 690,
            "loadEventEnd": 3792,
            "loadEventStart": 3791,
            "redirectEnd": 685,
            "redirectStart": 3,
            "requestStart": 723,
            "responseEnd": 935,
            "responseStart": 934,
            "secureConnectionStart": 0,
            "startTime": 0,
            "unloadEventEnd": 0,
            "unloadEventStart": 0,
            "workerStart": 0
          },
          "pageTimings": {
            "backEndTime": 934,
            "domContentLoadedTime": 3561,
            "domInteractiveTime": 3488,
            "domainLookupTime": 0,
            "frontEndTime": 2856,
            "pageDownloadTime": 1,
            "pageLoadTime": 3791,
            "redirectionTime": 682,
            "serverConnectionTime": 0,
            "serverResponseTime": 212
          },
          "rumSpeedIndex": 933,
          "timeToContentfulPaint": 2946,
          "timeToDomContentFlushed": 3520,
          "userTimings": {
            "marks": [],
            "measures": []
          }
        }
      },
      {
        "browser": {
          "appConstants": {
            "ACCESSIBILITY": true,
            "ANDROID_PACKAGE_NAME": "org.mozilla.firefox",
            "ASAN": false,
            "ASAN_REPORTER": false,
            "BROWSER_CHROME_URL": "chrome://browser/content/browser.xul",
            "DEBUG": false,
            "DEBUG_JS_MODULES": "",
            "DLL_PREFIX": "lib",
            "DLL_SUFFIX": ".so",
            "EARLY_BETA_OR_EARLIER": false,
            "FENNEC_NIGHTLY": false,
            "HAVE_SHELL_SERVICE": false,
            "HAVE_USR_LIB64_DIR": false,
            "MENUBAR_CAN_AUTOHIDE": false,
            "MOZILLA_OFFICIAL": true,
            "MOZ_ALLOW_LEGACY_EXTENSIONS": false,
            "MOZ_ANDROID_ACTIVITY_STREAM": false,
            "MOZ_ANDROID_HISTORY": true,
            "MOZ_ANDROID_MOZILLA_ONLINE": false,
            "MOZ_APP_NAME": "fennec",
            "MOZ_APP_VERSION": "68.1.1",
            "MOZ_APP_VERSION_DISPLAY": "68.1.1",
            "MOZ_BING_API_CLIENTID": "no-bing-api-clientid",
            "MOZ_BING_API_KEY": "no-bing-api-key",
            "MOZ_BITS_DOWNLOAD": false,
            "MOZ_BUILD_APP": "mobile/android",
            "MOZ_CODE_COVERAGE": false,
            "MOZ_CRASHREPORTER": true,
            "MOZ_DATA_REPORTING": true,
            "MOZ_DEV_EDITION": false,
            "MOZ_GECKO_PROFILER": true,
            "MOZ_GOOGLE_LOCATION_SERVICE_API_KEY": "AIzaSyB2h2OuRcUgy5N-5hsZqiPW6sH3n_rptiQ",
            "MOZ_GOOGLE_SAFEBROWSING_API_KEY": "AIzaSyC7jsptDS3am4tPx4r3nxis7IMjBc5Dovo",
            "MOZ_GRAPHENE": false,
            "MOZ_MACBUNDLE_NAME": "Firefox.app",
            "MOZ_MAINTENANCE_SERVICE": false,
            "MOZ_MOZILLA_API_KEY": "3b4d27dd-703d-4094-8398-4de2c763505a",
            "MOZ_NEW_CERT_STORAGE": false,
            "MOZ_NEW_NOTIFICATION_STORE": false,
            "MOZ_NEW_XULSTORE": false,
            "MOZ_OFFICIAL_BRANDING": false,
            "MOZ_PLACES": false,
            "MOZ_REQUIRE_SIGNING": false,
            "MOZ_SANDBOX": false,
            "MOZ_SERVICES_HEALTHREPORT": true,
            "MOZ_SERVICES_SYNC": false,
            "MOZ_SWITCHBOARD": true,
            "MOZ_SYSTEM_NSS": false,
            "MOZ_TELEMETRY_ON_BY_DEFAULT": false,
            "MOZ_TELEMETRY_REPORTING": true,
            "MOZ_UNSIGNED_SCOPES": 0,
            "MOZ_UPDATER": false,
            "MOZ_UPDATE_CHANNEL": "release",
            "MOZ_WEBRTC": true,
            "MOZ_WIDGET_GTK": false,
            "MOZ_WIDGET_TOOLKIT": "android",
            "NIGHTLY_BUILD": false,
            "OMNIJAR_NAME": "assets/omni.ja",
            "RELEASE_OR_BETA": true,
            "SOURCE_REVISION_URL": "https://hg.mozilla.org/releases/mozilla-esr68/rev/d2e0b9e17b9bc1ef02606c8006b73293f7892ad5",
            "TELEMETRY_PING_FORMAT_VERSION": 4,
            "XP_UNIX": true,
            "isPlatformAndVersionAtLeast": {},
            "isPlatformAndVersionAtMost": {},
            "platform": "android"
          },
          "asyncAppConstants": {
            "ACCESSIBILITY": true,
            "ANDROID_PACKAGE_NAME": "org.mozilla.firefox",
            "ASAN": false,
            "ASAN_REPORTER": false,
            "BROWSER_CHROME_URL": "chrome://browser/content/browser.xul",
            "DEBUG": false,
            "DEBUG_JS_MODULES": "",
            "DLL_PREFIX": "lib",
            "DLL_SUFFIX": ".so",
            "EARLY_BETA_OR_EARLIER": false,
            "FENNEC_NIGHTLY": false,
            "HAVE_SHELL_SERVICE": false,
            "HAVE_USR_LIB64_DIR": false,
            "MENUBAR_CAN_AUTOHIDE": false,
            "MOZILLA_OFFICIAL": true,
            "MOZ_ALLOW_LEGACY_EXTENSIONS": false,
            "MOZ_ANDROID_ACTIVITY_STREAM": false,
            "MOZ_ANDROID_HISTORY": true,
            "MOZ_ANDROID_MOZILLA_ONLINE": false,
            "MOZ_APP_NAME": "fennec",
            "MOZ_APP_VERSION": "68.1.1",
            "MOZ_APP_VERSION_DISPLAY": "68.1.1",
            "MOZ_BING_API_CLIENTID": "no-bing-api-clientid",
            "MOZ_BING_API_KEY": "no-bing-api-key",
            "MOZ_BITS_DOWNLOAD": false,
            "MOZ_BUILD_APP": "mobile/android",
            "MOZ_CODE_COVERAGE": false,
            "MOZ_CRASHREPORTER": true,
            "MOZ_DATA_REPORTING": true,
            "MOZ_DEV_EDITION": false,
            "MOZ_GECKO_PROFILER": true,
            "MOZ_GOOGLE_LOCATION_SERVICE_API_KEY": "AIzaSyB2h2OuRcUgy5N-5hsZqiPW6sH3n_rptiQ",
            "MOZ_GOOGLE_SAFEBROWSING_API_KEY": "AIzaSyC7jsptDS3am4tPx4r3nxis7IMjBc5Dovo",
            "MOZ_GRAPHENE": false,
            "MOZ_MACBUNDLE_NAME": "Firefox.app",
            "MOZ_MAINTENANCE_SERVICE": false,
            "MOZ_MOZILLA_API_KEY": "3b4d27dd-703d-4094-8398-4de2c763505a",
            "MOZ_NEW_CERT_STORAGE": false,
            "MOZ_NEW_NOTIFICATION_STORE": false,
            "MOZ_NEW_XULSTORE": false,
            "MOZ_OFFICIAL_BRANDING": false,
            "MOZ_PLACES": false,
            "MOZ_REQUIRE_SIGNING": false,
            "MOZ_SANDBOX": false,
            "MOZ_SERVICES_HEALTHREPORT": true,
            "MOZ_SERVICES_SYNC": false,
            "MOZ_SWITCHBOARD": true,
            "MOZ_SYSTEM_NSS": false,
            "MOZ_TELEMETRY_ON_BY_DEFAULT": false,
            "MOZ_TELEMETRY_REPORTING": true,
            "MOZ_UNSIGNED_SCOPES": 0,
            "MOZ_UPDATER": false,
            "MOZ_UPDATE_CHANNEL": "release",
            "MOZ_WEBRTC": true,
            "MOZ_WIDGET_GTK": false,
            "MOZ_WIDGET_TOOLKIT": "android",
            "NIGHTLY_BUILD": false,
            "OMNIJAR_NAME": "assets/omni.ja",
            "RELEASE_OR_BETA": true,
            "SOURCE_REVISION_URL": "https://hg.mozilla.org/releases/mozilla-esr68/rev/d2e0b9e17b9bc1ef02606c8006b73293f7892ad5",
            "TELEMETRY_PING_FORMAT_VERSION": 4,
            "XP_UNIX": true,
            "isPlatformAndVersionAtLeast": {},
            "isPlatformAndVersionAtMost": {},
            "platform": "android"
          },
          "userAgent": "Mozilla/5.0 (Android 8.1.0; Mobile; rv:68.0) Gecko/68.0 Firefox/68.0",
          "windowSize": "360x560"
        },
        "pageinfo": {
          "documentHeight": 1532,
          "documentSize": {
            "decodedBodySize": 66691,
            "encodedBodySize": 17107,
            "transferSize": 18112
          },
          "documentTitle": "Wikipedia",
          "documentWidth": 360,
          "domElements": 925,
          "navigationStartTime": 1617049643827,
          "nextHopProtocol": "h2",
          "resources": {
            "count": 0,
            "duration": 0
          },
          "responsive": true,
          "url": "https://www.wikipedia.org/",
          "visualElements": {
            "heroes": [
              {
                "filename": "Wikipedia-logo-v2.png",
                "height": 52,
                "name": "LargestImage",
                "width": 57,
                "x": 68,
                "y": 44
              },
              {
                "filename": null,
                "height": 52,
                "name": "Heading",
                "width": 153,
                "x": 129,
                "y": 44
              }
            ],
            "viewport": {
              "height": 560,
              "width": 360
            }
          }
        },
        "timings": {
          "firstPaint": 2961,
          "loadEventEnd": 4182,
          "navigationTiming": {
            "connectStart": 802,
            "domComplete": 4182,
            "domContentLoadedEventEnd": 4129,
            "domContentLoadedEventStart": 4086,
            "domInteractive": 3791,
            "domainLookupEnd": 802,
            "domainLookupStart": 802,
            "duration": 4182,
            "fetchStart": 779,
            "loadEventEnd": 4182,
            "loadEventStart": 4182,
            "redirectEnd": 776,
            "redirectStart": 2,
            "requestStart": 808,
            "responseEnd": 1049,
            "responseStart": 1044,
            "secureConnectionStart": 0,
            "startTime": 0,
            "unloadEventEnd": 0,
            "unloadEventStart": 0,
            "workerStart": 0
          },
          "pageTimings": {
            "backEndTime": 1044,
            "domContentLoadedTime": 4086,
            "domInteractiveTime": 3791,
            "domainLookupTime": 0,
            "frontEndTime": 3133,
            "pageDownloadTime": 6,
            "pageLoadTime": 4182,
            "redirectionTime": 773,
            "serverConnectionTime": 0,
            "serverResponseTime": 241
          },
          "rumSpeedIndex": 1043,
          "timeToContentfulPaint": 3080,
          "timeToDomContentFlushed": 3837,
          "userTimings": {
            "marks": [],
            "measures": []
          }
        }
      },
      {
        "browser": {
          "appConstants": {
            "ACCESSIBILITY": true,
            "ANDROID_PACKAGE_NAME": "org.mozilla.firefox",
            "ASAN": false,
            "ASAN_REPORTER": false,
            "BROWSER_CHROME_URL": "chrome://browser/content/browser.xul",
            "DEBUG": false,
            "DEBUG_JS_MODULES": "",
            "DLL_PREFIX": "lib",
            "DLL_SUFFIX": ".so",
            "EARLY_BETA_OR_EARLIER": false,
            "FENNEC_NIGHTLY": false,
            "HAVE_SHELL_SERVICE": false,
            "HAVE_USR_LIB64_DIR": false,
            "MENUBAR_CAN_AUTOHIDE": false,
            "MOZILLA_OFFICIAL": true,
            "MOZ_ALLOW_LEGACY_EXTENSIONS": false,
            "MOZ_ANDROID_ACTIVITY_STREAM": false,
            "MOZ_ANDROID_HISTORY": true,
            "MOZ_ANDROID_MOZILLA_ONLINE": false,
            "MOZ_APP_NAME": "fennec",
            "MOZ_APP_VERSION": "68.1.1",
            "MOZ_APP_VERSION_DISPLAY": "68.1.1",
            "MOZ_BING_API_CLIENTID": "no-bing-api-clientid",
            "MOZ_BING_API_KEY": "no-bing-api-key",
            "MOZ_BITS_DOWNLOAD": false,
            "MOZ_BUILD_APP": "mobile/android",
            "MOZ_CODE_COVERAGE": false,
            "MOZ_CRASHREPORTER": true,
            "MOZ_DATA_REPORTING": true,
            "MOZ_DEV_EDITION": false,
            "MOZ_GECKO_PROFILER": true,
            "MOZ_GOOGLE_LOCATION_SERVICE_API_KEY": "AIzaSyB2h2OuRcUgy5N-5hsZqiPW6sH3n_rptiQ",
            "MOZ_GOOGLE_SAFEBROWSING_API_KEY": "AIzaSyC7jsptDS3am4tPx4r3nxis7IMjBc5Dovo",
            "MOZ_GRAPHENE": false,
            "MOZ_MACBUNDLE_NAME": "Firefox.app",
            "MOZ_MAINTENANCE_SERVICE": false,
            "MOZ_MOZILLA_API_KEY": "3b4d27dd-703d-4094-8398-4de2c763505a",
            "MOZ_NEW_CERT_STORAGE": false,
            "MOZ_NEW_NOTIFICATION_STORE": false,
            "MOZ_NEW_XULSTORE": false,
            "MOZ_OFFICIAL_BRANDING": false,
            "MOZ_PLACES": false,
            "MOZ_REQUIRE_SIGNING": false,
            "MOZ_SANDBOX": false,
            "MOZ_SERVICES_HEALTHREPORT": true,
            "MOZ_SERVICES_SYNC": false,
            "MOZ_SWITCHBOARD": true,
            "MOZ_SYSTEM_NSS": false,
            "MOZ_TELEMETRY_ON_BY_DEFAULT": false,
            "MOZ_TELEMETRY_REPORTING": true,
            "MOZ_UNSIGNED_SCOPES": 0,
            "MOZ_UPDATER": false,
            "MOZ_UPDATE_CHANNEL": "release",
            "MOZ_WEBRTC": true,
            "MOZ_WIDGET_GTK": false,
            "MOZ_WIDGET_TOOLKIT": "android",
            "NIGHTLY_BUILD": false,
            "OMNIJAR_NAME": "assets/omni.ja",
            "RELEASE_OR_BETA": true,
            "SOURCE_REVISION_URL": "https://hg.mozilla.org/releases/mozilla-esr68/rev/d2e0b9e17b9bc1ef02606c8006b73293f7892ad5",
            "TELEMETRY_PING_FORMAT_VERSION": 4,
            "XP_UNIX": true,
            "isPlatformAndVersionAtLeast": {},
            "isPlatformAndVersionAtMost": {},
            "platform": "android"
          },
          "asyncAppConstants": {
            "ACCESSIBILITY": true,
            "ANDROID_PACKAGE_NAME": "org.mozilla.firefox",
            "ASAN": false,
            "ASAN_REPORTER": false,
            "BROWSER_CHROME_URL": "chrome://browser/content/browser.xul",
            "DEBUG": false,
            "DEBUG_JS_MODULES": "",
            "DLL_PREFIX": "lib",
            "DLL_SUFFIX": ".so",
            "EARLY_BETA_OR_EARLIER": false,
            "FENNEC_NIGHTLY": false,
            "HAVE_SHELL_SERVICE": false,
            "HAVE_USR_LIB64_DIR": false,
            "MENUBAR_CAN_AUTOHIDE": false,
            "MOZILLA_OFFICIAL": true,
            "MOZ_ALLOW_LEGACY_EXTENSIONS": false,
            "MOZ_ANDROID_ACTIVITY_STREAM": false,
            "MOZ_ANDROID_HISTORY": true,
            "MOZ_ANDROID_MOZILLA_ONLINE": false,
            "MOZ_APP_NAME": "fennec",
            "MOZ_APP_VERSION": "68.1.1",
            "MOZ_APP_VERSION_DISPLAY": "68.1.1",
            "MOZ_BING_API_CLIENTID": "no-bing-api-clientid",
            "MOZ_BING_API_KEY": "no-bing-api-key",
            "MOZ_BITS_DOWNLOAD": false,
            "MOZ_BUILD_APP": "mobile/android",
            "MOZ_CODE_COVERAGE": false,
            "MOZ_CRASHREPORTER": true,
            "MOZ_DATA_REPORTING": true,
            "MOZ_DEV_EDITION": false,
            "MOZ_GECKO_PROFILER": true,
            "MOZ_GOOGLE_LOCATION_SERVICE_API_KEY": "AIzaSyB2h2OuRcUgy5N-5hsZqiPW6sH3n_rptiQ",
            "MOZ_GOOGLE_SAFEBROWSING_API_KEY": "AIzaSyC7jsptDS3am4tPx4r3nxis7IMjBc5Dovo",
            "MOZ_GRAPHENE": false,
            "MOZ_MACBUNDLE_NAME": "Firefox.app",
            "MOZ_MAINTENANCE_SERVICE": false,
            "MOZ_MOZILLA_API_KEY": "3b4d27dd-703d-4094-8398-4de2c763505a",
            "MOZ_NEW_CERT_STORAGE": false,
            "MOZ_NEW_NOTIFICATION_STORE": false,
            "MOZ_NEW_XULSTORE": false,
            "MOZ_OFFICIAL_BRANDING": false,
            "MOZ_PLACES": false,
            "MOZ_REQUIRE_SIGNING": false,
            "MOZ_SANDBOX": false,
            "MOZ_SERVICES_HEALTHREPORT": true,
            "MOZ_SERVICES_SYNC": false,
            "MOZ_SWITCHBOARD": true,
            "MOZ_SYSTEM_NSS": false,
            "MOZ_TELEMETRY_ON_BY_DEFAULT": false,
            "MOZ_TELEMETRY_REPORTING": true,
            "MOZ_UNSIGNED_SCOPES": 0,
            "MOZ_UPDATER": false,
            "MOZ_UPDATE_CHANNEL": "release",
            "MOZ_WEBRTC": true,
            "MOZ_WIDGET_GTK": false,
            "MOZ_WIDGET_TOOLKIT": "android",
            "NIGHTLY_BUILD": false,
            "OMNIJAR_NAME": "assets/omni.ja",
            "RELEASE_OR_BETA": true,
            "SOURCE_REVISION_URL": "https://hg.mozilla.org/releases/mozilla-esr68/rev/d2e0b9e17b9bc1ef02606c8006b73293f7892ad5",
            "TELEMETRY_PING_FORMAT_VERSION": 4,
            "XP_UNIX": true,
            "isPlatformAndVersionAtLeast": {},
            "isPlatformAndVersionAtMost": {},
            "platform": "android"
          },
          "userAgent": "Mozilla/5.0 (Android 8.1.0; Mobile; rv:68.0) Gecko/68.0 Firefox/68.0",
          "windowSize": "360x560"
        },
        "pageinfo": {
          "documentHeight": 1532,
          "documentSize": {
            "decodedBodySize": 66691,
            "encodedBodySize": 17107,
            "transferSize": 18112
          },
          "documentTitle": "Wikipedia",
          "documentWidth": 360,
          "domElements": 925,
          "navigationStartTime": 1617049667827,
          "nextHopProtocol": "h2",
          "resources": {
            "count": 0,
            "duration": 0
          },
          "responsive": true,
          "url": "https://www.wikipedia.org/",
          "visualElements": {
            "heroes": [
              {
                "filename": "Wikipedia-logo-v2.png",
                "height": 52,
                "name": "LargestImage",
                "width": 57,
                "x": 68,
                "y": 44
              },
              {
                "filename": null,
                "height": 52,
                "name": "Heading",
                "width": 153,
                "x": 129,
                "y": 44
              }
            ],
            "viewport": {
              "height": 560,
              "width": 360
            }
          }
        },
        "timings": {
          "firstPaint": 2878,
          "loadEventEnd": 3750,
          "navigationTiming": {
            "connectStart": 696,
            "domComplete": 3750,
            "domContentLoadedEventEnd": 3648,
            "domContentLoadedEventStart": 3608,
            "domInteractive": 3549,
            "domainLookupEnd": 696,
            "domainLookupStart": 696,
            "duration": 3750,
            "fetchStart": 675,
            "loadEventEnd": 3750,
            "loadEventStart": 3750,
            "redirectEnd": 670,
            "redirectStart": 3,
            "requestStart": 703,
            "responseEnd": 928,
            "responseStart": 920,
            "secureConnectionStart": 0,
            "startTime": 0,
            "unloadEventEnd": 0,
            "unloadEventStart": 0,
            "workerStart": 0
          },
          "pageTimings": {
            "backEndTime": 920,
            "domContentLoadedTime": 3608,
            "domInteractiveTime": 3549,
            "domainLookupTime": 0,
            "frontEndTime": 2822,
            "pageDownloadTime": 7,
            "pageLoadTime": 3750,
            "redirectionTime": 667,
            "serverConnectionTime": 0,
            "serverResponseTime": 225
          },
          "rumSpeedIndex": 920,
          "timeToContentfulPaint": 2995,
          "timeToDomContentFlushed": 3582,
          "userTimings": {
            "marks": [],
            "measures": []
          }
        }
      }
    ],
    "visualMetrics": [],
    "cpu": [],
    "extras": [
      {},
      {},
      {}
    ],
    "fullyLoaded": [],
    "errors": [
      [],
      [],
      []
    ],
    "statistics": {
      "browser": {
        "appConstants": {
          "MOZ_UNSIGNED_SCOPES": {
            "median": 0,
            "mean": 0,
            "mdev": 0,
            "stddev": 0,
            "min": 0,
            "p10": 0,
            "p90": 0,
            "p99": 0,
            "max": 0
          },
          "TELEMETRY_PING_FORMAT_VERSION": {
            "median": 4,
            "mean": 4,
            "mdev": 0,
            "stddev": 0,
            "min": 4,
            "p10": 4,
            "p90": 4,
            "p99": 4,
            "max": 4
          }
        },
        "asyncAppConstants": {
          "MOZ_UNSIGNED_SCOPES": {
            "median": 0,
            "mean": 0,
            "mdev": 0,
            "stddev": 0,
            "min": 0,
            "p10": 0,
            "p90": 0,
            "p99": 0,
            "max": 0
          },
          "TELEMETRY_PING_FORMAT_VERSION": {
            "median": 4,
            "mean": 4,
            "mdev": 0,
            "stddev": 0,
            "min": 4,
            "p10": 4,
            "p90": 4,
            "p99": 4,
            "max": 4
          }
        }
      },
      "pageinfo": {
        "documentHeight": {
          "median": 1532,
          "mean": 1532,
          "mdev": 0,
          "stddev": 0,
          "min": 1532,
          "p10": 1532,
          "p90": 1532,
          "p99": 1532,
          "max": 1532
        },
        "documentSize": {
          "decodedBodySize": {
            "median": 66691,
            "mean": 66691,
            "mdev": 0,
            "stddev": 0,
            "min": 66691,
            "p10": 66691,
            "p90": 66691,
            "p99": 66691,
            "max": 66691
          },
          "encodedBodySize": {
            "median": 17107,
            "mean": 17107,
            "mdev": 0,
            "stddev": 0,
            "min": 17107,
            "p10": 17107,
            "p90": 17107,
            "p99": 17107,
            "max": 17107
          },
          "transferSize": {
            "median": 18112,
            "mean": 18112,
            "mdev": 0,
            "stddev": 0,
            "min": 18112,
            "p10": 18112,
            "p90": 18112,
            "p99": 18112,
            "max": 18112
          }
        },
        "documentWidth": {
          "median": 360,
          "mean": 360,
          "mdev": 0,
          "stddev": 0,
          "min": 360,
          "p10": 360,
          "p90": 360,
          "p99": 360,
          "max": 360
        },
        "domElements": {
          "median": 925,
          "mean": 925,
          "mdev": 0,
          "stddev": 0,
          "min": 925,
          "p10": 925,
          "p90": 925,
          "p99": 925,
          "max": 925
        },
        "navigationStartTime": {
          "median": 1617049643827,
          "mean": 1617049644732,
          "mdev": 0,
          "stddev": 0,
          "min": 1617049622543,
          "p10": 1617049622543,
          "p90": 1617049667827,
          "p99": 1617049667827,
          "max": 1617049667827
        },
        "resources": {
          "count": {
            "median": 0,
            "mean": 0,
            "mdev": 0,
            "stddev": 0,
            "min": 0,
            "p10": 0,
            "p90": 0,
            "p99": 0,
            "max": 0
          },
          "duration": {
            "median": 0,
            "mean": 0,
            "mdev": 0,
            "stddev": 0,
            "min": 0,
            "p10": 0,
            "p90": 0,
            "p99": 0,
            "max": 0
          }
        },
        "visualElements": {
          "heroes": [
            {
              "height": {
                "median": 52,
                "mean": 52,
                "mdev": 0,
                "stddev": 0,
                "min": 52,
                "p10": 52,
                "p90": 52,
                "p99": 52,
                "max": 52
              },
              "width": {
                "median": 57,
                "mean": 57,
                "mdev": 0,
                "stddev": 0,
                "min": 57,
                "p10": 57,
                "p90": 57,
                "p99": 57,
                "max": 57
              },
              "x": {
                "median": 68,
                "mean": 68,
                "mdev": 0,
                "stddev": 0,
                "min": 68,
                "p10": 68,
                "p90": 68,
                "p99": 68,
                "max": 68
              },
              "y": {
                "median": 44,
                "mean": 44,
                "mdev": 0,
                "stddev": 0,
                "min": 44,
                "p10": 44,
                "p90": 44,
                "p99": 44,
                "max": 44
              }
            },
            {
              "height": {
                "median": 52,
                "mean": 52,
                "mdev": 0,
                "stddev": 0,
                "min": 52,
                "p10": 52,
                "p90": 52,
                "p99": 52,
                "max": 52
              },
              "width": {
                "median": 153,
                "mean": 153,
                "mdev": 0,
                "stddev": 0,
                "min": 153,
                "p10": 153,
                "p90": 153,
                "p99": 153,
                "max": 153
              },
              "x": {
                "median": 129,
                "mean": 129,
                "mdev": 0,
                "stddev": 0,
                "min": 129,
                "p10": 129,
                "p90": 129,
                "p99": 129,
                "max": 129
              },
              "y": {
                "median": 44,
                "mean": 44,
                "mdev": 0,
                "stddev": 0,
                "min": 44,
                "p10": 44,
                "p90": 44,
                "p99": 44,
                "max": 44
              }
            }
          ],
          "viewport": {
            "height": {
              "median": 560,
              "mean": 560,
              "mdev": 0,
              "stddev": 0,
              "min": 560,
              "p10": 560,
              "p90": 560,
              "p99": 560,
              "max": 560
            },
            "width": {
              "median": 360,
              "mean": 360,
              "mdev": 0,
              "stddev": 0,
              "min": 360,
              "p10": 360,
              "p90": 360,
              "p99": 360,
              "max": 360
            }
          }
        }
      },
      "timings": {
        "firstPaint": {
          "median": 2878,
          "mean": 2888,
          "mdev": 32.0982,
          "stddev": 56,
          "min": 2826,
          "p10": 2826,
          "p90": 2961,
          "p99": 2961,
          "max": 2961
        },
        "loadEventEnd": {
          "median": 3792,
          "mean": 3908,
          "mdev": 112.2972,
          "stddev": 195,
          "min": 3750,
          "p10": 3750,
          "p90": 4182,
          "p99": 4182,
          "max": 4182
        },
        "navigationTiming": {
          "connectStart": {
            "median": 715,
            "mean": 738,
            "mdev": 26.643,
            "stddev": 46,
            "min": 696,
            "p10": 696,
            "p90": 802,
            "p99": 802,
            "max": 802
          },
          "domComplete": {
            "median": 3791,
            "mean": 3908,
            "mdev": 112.4123,
            "stddev": 195,
            "min": 3750,
            "p10": 3750,
            "p90": 4182,
            "p99": 4182,
            "max": 4182
          },
          "domContentLoadedEventEnd": {
            "median": 3648,
            "mean": 3790,
            "mdev": 139.002,
            "stddev": 241,
            "min": 3593,
            "p10": 3593,
            "p90": 4129,
            "p99": 4129,
            "max": 4129
          },
          "domContentLoadedEventStart": {
            "median": 3608,
            "mean": 3752,
            "mdev": 136.9398,
            "stddev": 237,
            "min": 3561,
            "p10": 3561,
            "p90": 4086,
            "p99": 4086,
            "max": 4086
          },
          "domInteractive": {
            "median": 3549,
            "mean": 3609,
            "mdev": 75.5459,
            "stddev": 131,
            "min": 3488,
            "p10": 3488,
            "p90": 3791,
            "p99": 3791,
            "max": 3791
          },
          "domainLookupEnd": {
            "median": 715,
            "mean": 738,
            "mdev": 26.643,
            "stddev": 46,
            "min": 696,
            "p10": 696,
            "p90": 802,
            "p99": 802,
            "max": 802
          },
          "domainLookupStart": {
            "median": 715,
            "mean": 738,
            "mdev": 26.643,
            "stddev": 46,
            "min": 696,
            "p10": 696,
            "p90": 802,
            "p99": 802,
            "max": 802
          },
          "duration": {
            "median": 3792,
            "mean": 3908,
            "mdev": 112.2972,
            "stddev": 195,
            "min": 3750,
            "p10": 3750,
            "p90": 4182,
            "p99": 4182,
            "max": 4182
          },
          "fetchStart": {
            "median": 690,
            "mean": 715,
            "mdev": 26.5009,
            "stddev": 46,
            "min": 675,
            "p10": 675,
            "p90": 779,
            "p99": 779,
            "max": 779
          },
          "loadEventEnd": {
            "median": 3792,
            "mean": 3908,
            "mdev": 112.2972,
            "stddev": 195,
            "min": 3750,
            "p10": 3750,
            "p90": 4182,
            "p99": 4182,
            "max": 4182
          },
          "loadEventStart": {
            "median": 3791,
            "mean": 3908,
            "mdev": 112.4123,
            "stddev": 195,
            "min": 3750,
            "p10": 3750,
            "p90": 4182,
            "p99": 4182,
            "max": 4182
          },
          "redirectEnd": {
            "median": 685,
            "mean": 710,
            "mdev": 27.0404,
            "stddev": 47,
            "min": 670,
            "p10": 670,
            "p90": 776,
            "p99": 776,
            "max": 776
          },
          "redirectStart": {
            "median": 3,
            "mean": 3,
            "mdev": 0.2722,
            "stddev": 0,
            "min": 2,
            "p10": 2,
            "p90": 3,
            "p99": 3,
            "max": 3
          },
          "requestStart": {
            "median": 723,
            "mean": 745,
            "mdev": 26.2819,
            "stddev": 46,
            "min": 703,
            "p10": 703,
            "p90": 808,
            "p99": 808,
            "max": 808
          },
          "responseEnd": {
            "median": 935,
            "mean": 971,
            "mdev": 32.022,
            "stddev": 55,
            "min": 928,
            "p10": 928,
            "p90": 1049,
            "p99": 1049,
            "max": 1049
          },
          "responseStart": {
            "median": 934,
            "mean": 966,
            "mdev": 32.0139,
            "stddev": 55,
            "min": 920,
            "p10": 920,
            "p90": 1044,
            "p99": 1044,
            "max": 1044
          },
          "secureConnectionStart": {
            "median": 0,
            "mean": 0,
            "mdev": 0,
            "stddev": 0,
            "min": 0,
            "p10": 0,
            "p90": 0,
            "p99": 0,
            "max": 0
          },
          "startTime": {
            "median": 0,
            "mean": 0,
            "mdev": 0,
            "stddev": 0,
            "min": 0,
            "p10": 0,
            "p90": 0,
            "p99": 0,
            "max": 0
          },
          "unloadEventEnd": {
            "median": 0,
            "mean": 0,
            "mdev": 0,
            "stddev": 0,
            "min": 0,
            "p10": 0,
            "p90": 0,
            "p99": 0,
            "max": 0
          },
          "unloadEventStart": {
            "median": 0,
            "mean": 0,
            "mdev": 0,
            "stddev": 0,
            "min": 0,
            "p10": 0,
            "p90": 0,
            "p99": 0,
            "max": 0
          },
          "workerStart": {
            "median": 0,
            "mean": 0,
            "mdev": 0,
            "stddev": 0,
            "min": 0,
            "p10": 0,
            "p90": 0,
            "p99": 0,
            "max": 0
          }
        },
        "pageTimings": {
          "backEndTime": {
            "median": 934,
            "mean": 966,
            "mdev": 32.0139,
            "stddev": 55,
            "min": 920,
            "p10": 920,
            "p90": 1044,
            "p99": 1044,
            "max": 1044
          },
          "domContentLoadedTime": {
            "median": 3608,
            "mean": 3752,
            "mdev": 136.9398,
            "stddev": 237,
            "min": 3561,
            "p10": 3561,
            "p90": 4086,
            "p99": 4086,
            "max": 4086
          },
          "domInteractiveTime": {
            "median": 3549,
            "mean": 3609,
            "mdev": 75.5459,
            "stddev": 131,
            "min": 3488,
            "p10": 3488,
            "p90": 3791,
            "p99": 3791,
            "max": 3791
          },
          "domainLookupTime": {
            "median": 0,
            "mean": 0,
            "mdev": 0,
            "stddev": 0,
            "min": 0,
            "p10": 0,
            "p90": 0,
            "p99": 0,
            "max": 0
          },
          "frontEndTime": {
            "median": 2856,
            "mean": 2937,
            "mdev": 80.417,
            "stddev": 139,
            "min": 2822,
            "p10": 2822,
            "p90": 3133,
            "p99": 3133,
            "max": 3133
          },
          "pageDownloadTime": {
            "median": 6,
            "mean": 5,
            "mdev": 1.5154,
            "stddev": 3,
            "min": 1,
            "p10": 1,
            "p90": 7,
            "p99": 7,
            "max": 7
          },
          "pageLoadTime": {
            "median": 3791,
            "mean": 3908,
            "mdev": 112.4123,
            "stddev": 195,
            "min": 3750,
            "p10": 3750,
            "p90": 4182,
            "p99": 4182,
            "max": 4182
          },
          "redirectionTime": {
            "median": 682,
            "mean": 707,
            "mdev": 27.0404,
            "stddev": 47,
            "min": 667,
            "p10": 667,
            "p90": 773,
            "p99": 773,
            "max": 773
          },
          "serverConnectionTime": {
            "median": 0,
            "mean": 0,
            "mdev": 0,
            "stddev": 0,
            "min": 0,
            "p10": 0,
            "p90": 0,
            "p99": 0,
            "max": 0
          },
          "serverResponseTime": {
            "median": 225,
            "mean": 226,
            "mdev": 6.8475,
            "stddev": 12,
            "min": 212,
            "p10": 212,
            "p90": 241,
            "p99": 241,
            "max": 241
          }
        },
        "rumSpeedIndex": {
          "median": 933,
          "mean": 965,
          "mdev": 31.855,
          "stddev": 55,
          "min": 920,
          "p10": 920,
          "p90": 1043,
          "p99": 1043,
          "max": 1043
        },
        "timeToContentfulPaint": {
          "median": 2995,
          "mean": 3007,
          "mdev": 31.9618,
          "stddev": 55,
          "min": 2946,
          "p10": 2946,
          "p90": 3080,
          "p99": 3080,
          "max": 3080
        },
        "timeToDomContentFlushed": {
          "median": 3582,
          "mean": 3646,
          "mdev": 79.1992,
          "stddev": 137,
          "min": 3520,
          "p10": 3520,
          "p90": 3837,
          "p99": 3837,
          "max": 3837
        }
      }
    }
  }
]