[
  {
    "info": {
      "browsertime": {
        "version": "8.4.0"
      },
      "url": "https://www.reddit.com/",
      "timestamp": "2021-03-30T15:43:54+04:00",
      "connectivity": {
        "engine": "external",
        "profile": "native"
      },
      "extra": {}
    },
    "files": {
      "video": [],
      "screenshot": [],
      "timeline": [],
      "consoleLog": [],
      "netLog": [],
      "perfLog": []
    },
    "cdp": {
      "performance": []
    },
    "timestamps": [
      "2021-03-30T15:43:43+04:00",
      "2021-03-30T15:44:00+04:00",
      "2021-03-30T15:44:17+04:00"
    ],
    "browserScripts": [
      {
        "browser": {
          "appConstants": {
            "ACCESSIBILITY": true,
            "ANDROID_PACKAGE_NAME": "org.mozilla.firefox",
            "ASAN": false,
            "ASAN_REPORTER": false,
            "BROWSER_CHROME_URL": "chrome://browser/content/browser.xul",
            "DEBUG": false,
            "DEBUG_JS_MODULES": "",
            "DLL_PREFIX": "lib",
            "DLL_SUFFIX": ".so",
            "EARLY_BETA_OR_EARLIER": false,
            "FENNEC_NIGHTLY": false,
            "HAVE_SHELL_SERVICE": false,
            "HAVE_USR_LIB64_DIR": false,
            "MENUBAR_CAN_AUTOHIDE": false,
            "MOZILLA_OFFICIAL": true,
            "MOZ_ALLOW_LEGACY_EXTENSIONS": false,
            "MOZ_ANDROID_ACTIVITY_STREAM": false,
            "MOZ_ANDROID_HISTORY": true,
            "MOZ_ANDROID_MOZILLA_ONLINE": false,
            "MOZ_APP_NAME": "fennec",
            "MOZ_APP_VERSION": "68.1.1",
            "MOZ_APP_VERSION_DISPLAY": "68.1.1",
            "MOZ_BING_API_CLIENTID": "no-bing-api-clientid",
            "MOZ_BING_API_KEY": "no-bing-api-key",
            "MOZ_BITS_DOWNLOAD": false,
            "MOZ_BUILD_APP": "mobile/android",
            "MOZ_CODE_COVERAGE": false,
            "MOZ_CRASHREPORTER": true,
            "MOZ_DATA_REPORTING": true,
            "MOZ_DEV_EDITION": false,
            "MOZ_GECKO_PROFILER": true,
            "MOZ_GOOGLE_LOCATION_SERVICE_API_KEY": "AIzaSyB2h2OuRcUgy5N-5hsZqiPW6sH3n_rptiQ",
            "MOZ_GOOGLE_SAFEBROWSING_API_KEY": "AIzaSyC7jsptDS3am4tPx4r3nxis7IMjBc5Dovo",
            "MOZ_GRAPHENE": false,
            "MOZ_MACBUNDLE_NAME": "Firefox.app",
            "MOZ_MAINTENANCE_SERVICE": false,
            "MOZ_MOZILLA_API_KEY": "3b4d27dd-703d-4094-8398-4de2c763505a",
            "MOZ_NEW_CERT_STORAGE": false,
            "MOZ_NEW_NOTIFICATION_STORE": false,
            "MOZ_NEW_XULSTORE": false,
            "MOZ_OFFICIAL_BRANDING": false,
            "MOZ_PLACES": false,
            "MOZ_REQUIRE_SIGNING": false,
            "MOZ_SANDBOX": false,
            "MOZ_SERVICES_HEALTHREPORT": true,
            "MOZ_SERVICES_SYNC": false,
            "MOZ_SWITCHBOARD": true,
            "MOZ_SYSTEM_NSS": false,
            "MOZ_TELEMETRY_ON_BY_DEFAULT": false,
            "MOZ_TELEMETRY_REPORTING": true,
            "MOZ_UNSIGNED_SCOPES": 0,
            "MOZ_UPDATER": false,
            "MOZ_UPDATE_CHANNEL": "release",
            "MOZ_WEBRTC": true,
            "MOZ_WIDGET_GTK": false,
            "MOZ_WIDGET_TOOLKIT": "android",
            "NIGHTLY_BUILD": false,
            "OMNIJAR_NAME": "assets/omni.ja",
            "RELEASE_OR_BETA": true,
            "SOURCE_REVISION_URL": "https://hg.mozilla.org/releases/mozilla-esr68/rev/d2e0b9e17b9bc1ef02606c8006b73293f7892ad5",
            "TELEMETRY_PING_FORMAT_VERSION": 4,
            "XP_UNIX": true,
            "isPlatformAndVersionAtLeast": {},
            "isPlatformAndVersionAtMost": {},
            "platform": "android"
          },
          "asyncAppConstants": {
            "ACCESSIBILITY": true,
            "ANDROID_PACKAGE_NAME": "org.mozilla.firefox",
            "ASAN": false,
            "ASAN_REPORTER": false,
            "BROWSER_CHROME_URL": "chrome://browser/content/browser.xul",
            "DEBUG": false,
            "DEBUG_JS_MODULES": "",
            "DLL_PREFIX": "lib",
            "DLL_SUFFIX": ".so",
            "EARLY_BETA_OR_EARLIER": false,
            "FENNEC_NIGHTLY": false,
            "HAVE_SHELL_SERVICE": false,
            "HAVE_USR_LIB64_DIR": false,
            "MENUBAR_CAN_AUTOHIDE": false,
            "MOZILLA_OFFICIAL": true,
            "MOZ_ALLOW_LEGACY_EXTENSIONS": false,
            "MOZ_ANDROID_ACTIVITY_STREAM": false,
            "MOZ_ANDROID_HISTORY": true,
            "MOZ_ANDROID_MOZILLA_ONLINE": false,
            "MOZ_APP_NAME": "fennec",
            "MOZ_APP_VERSION": "68.1.1",
            "MOZ_APP_VERSION_DISPLAY": "68.1.1",
            "MOZ_BING_API_CLIENTID": "no-bing-api-clientid",
            "MOZ_BING_API_KEY": "no-bing-api-key",
            "MOZ_BITS_DOWNLOAD": false,
            "MOZ_BUILD_APP": "mobile/android",
            "MOZ_CODE_COVERAGE": false,
            "MOZ_CRASHREPORTER": true,
            "MOZ_DATA_REPORTING": true,
            "MOZ_DEV_EDITION": false,
            "MOZ_GECKO_PROFILER": true,
            "MOZ_GOOGLE_LOCATION_SERVICE_API_KEY": "AIzaSyB2h2OuRcUgy5N-5hsZqiPW6sH3n_rptiQ",
            "MOZ_GOOGLE_SAFEBROWSING_API_KEY": "AIzaSyC7jsptDS3am4tPx4r3nxis7IMjBc5Dovo",
            "MOZ_GRAPHENE": false,
            "MOZ_MACBUNDLE_NAME": "Firefox.app",
            "MOZ_MAINTENANCE_SERVICE": false,
            "MOZ_MOZILLA_API_KEY": "3b4d27dd-703d-4094-8398-4de2c763505a",
            "MOZ_NEW_CERT_STORAGE": false,
            "MOZ_NEW_NOTIFICATION_STORE": false,
            "MOZ_NEW_XULSTORE": false,
            "MOZ_OFFICIAL_BRANDING": false,
            "MOZ_PLACES": false,
            "MOZ_REQUIRE_SIGNING": false,
            "MOZ_SANDBOX": false,
            "MOZ_SERVICES_HEALTHREPORT": true,
            "MOZ_SERVICES_SYNC": false,
            "MOZ_SWITCHBOARD": true,
            "MOZ_SYSTEM_NSS": false,
            "MOZ_TELEMETRY_ON_BY_DEFAULT": false,
            "MOZ_TELEMETRY_REPORTING": true,
            "MOZ_UNSIGNED_SCOPES": 0,
            "MOZ_UPDATER": false,
            "MOZ_UPDATE_CHANNEL": "release",
            "MOZ_WEBRTC": true,
            "MOZ_WIDGET_GTK": false,
            "MOZ_WIDGET_TOOLKIT": "android",
            "NIGHTLY_BUILD": false,
            "OMNIJAR_NAME": "assets/omni.ja",
            "RELEASE_OR_BETA": true,
            "SOURCE_REVISION_URL": "https://hg.mozilla.org/releases/mozilla-esr68/rev/d2e0b9e17b9bc1ef02606c8006b73293f7892ad5",
            "TELEMETRY_PING_FORMAT_VERSION": 4,
            "XP_UNIX": true,
            "isPlatformAndVersionAtLeast": {},
            "isPlatformAndVersionAtMost": {},
            "platform": "android"
          },
          "userAgent": "Mozilla/5.0 (Android 9; Mobile; rv:68.0) Gecko/68.0 Firefox/68.0",
          "windowSize": "360x612"
        },
        "pageinfo": {
          "documentHeight": 612,
          "documentSize": {
            "decodedBodySize": 206286,
            "encodedBodySize": 38270,
            "transferSize": 39782
          },
          "documentTitle": "reddit: the front page of the internet",
          "documentWidth": 360,
          "domElements": 1832,
          "navigationStartTime": 1617104623941,
          "nextHopProtocol": "h2",
          "resources": {
            "count": 0,
            "duration": 0
          },
          "responsive": true,
          "url": "https://www.reddit.com/",
          "visualElements": {
            "heroes": [
              {
                "filename": "voAwqXNBDO4JwIODmO4HXXkUJbnVo_mL_bENHeagDNo.png",
                "height": 24,
                "name": "LargestImage",
                "width": 24,
                "x": 16,
                "y": 161
              },
              {
                "filename": null,
                "height": 53,
                "name": "Heading",
                "width": 360,
                "x": 0,
                "y": 48
              }
            ],
            "viewport": {
              "height": 0,
              "width": 360
            }
          }
        },
        "timings": {
          "firstPaint": 1261,
          "loadEventEnd": 4021,
          "navigationTiming": {
            "connectStart": 136,
            "domComplete": 4011,
            "domContentLoadedEventEnd": 1305,
            "domContentLoadedEventStart": 1298,
            "domInteractive": 1252,
            "domainLookupEnd": 135,
            "domainLookupStart": 135,
            "duration": 4021,
            "fetchStart": 2,
            "loadEventEnd": 4021,
            "loadEventStart": 4012,
            "redirectEnd": 0,
            "redirectStart": 0,
            "requestStart": 223,
            "responseEnd": 866,
            "responseStart": 866,
            "secureConnectionStart": 150,
            "startTime": 0,
            "unloadEventEnd": 0,
            "unloadEventStart": 0,
            "workerStart": 0
          },
          "pageTimings": {
            "backEndTime": 866,
            "domContentLoadedTime": 1298,
            "domInteractiveTime": 1252,
            "domainLookupTime": 0,
            "frontEndTime": 3145,
            "pageDownloadTime": 0,
            "pageLoadTime": 4012,
            "redirectionTime": 0,
            "serverConnectionTime": 86,
            "serverResponseTime": 643
          },
          "rumSpeedIndex": 866,
          "timeToContentfulPaint": 1370,
          "timeToDomContentFlushed": 1260,
          "userTimings": {
            "marks": [
              {
                "name": "app-html-parse-start",
                "startTime": 1156.66
              },
              {
                "name": "bootstrap-json-parse-end",
                "startTime": 1197.86
              },
              {
                "name": "app-init-started",
                "startTime": 2096.96
              },
              {
                "name": "contentful-paint",
                "startTime": 2354.74
              },
              {
                "name": "app-init-ended",
                "startTime": 2484.1
              },
              {
                "name": "app-init-ended",
                "startTime": 2547.88
              },
              {
                "name": "loadStarteventUtils",
                "startTime": 3061
              },
              {
                "name": "loadEndeventUtils",
                "startTime": 3061.24
              },
              {
                "name": "loadStartpixelQueue",
                "startTime": 3061.34
              },
              {
                "name": "loadEndpixelQueue",
                "startTime": 3061.42
              },
              {
                "name": "gpt-tag-load",
                "startTime": 3977.18
              },
              {
                "name": "meaningful-paint",
                "startTime": 8312.48
              }
            ],
            "measures": [
              {
                "duration": 2482.1,
                "name": "fetchStartToAppBooted",
                "startTime": 2
              },
              {
                "duration": 2352.74,
                "name": "FirstContentfulPaint",
                "startTime": 2
              },
              {
                "duration": 864,
                "name": "TimeToFirstByte",
                "startTime": 2
              },
              {
                "duration": 2545.88,
                "name": "fetchStartToAppBooted",
                "startTime": 2
              },
              {
                "duration": 2352.74,
                "name": "FirstContentfulPaint",
                "startTime": 2
              },
              {
                "duration": 864,
                "name": "TimeToFirstByte",
                "startTime": 2
              },
              {
                "duration": 2545.88,
                "name": "fetchStartToAppBooted",
                "startTime": 2
              },
              {
                "duration": 2352.74,
                "name": "FirstContentfulPaint",
                "startTime": 2
              },
              {
                "duration": 5660.900000000001,
                "name": "FirstMeaningfulPaint",
                "startTime": 2
              },
              {
                "duration": 864,
                "name": "TimeToFirstByte",
                "startTime": 2
              },
              {
                "duration": 2545.88,
                "name": "fetchStartToAppBooted",
                "startTime": 2
              },
              {
                "duration": 2352.74,
                "name": "FirstContentfulPaint",
                "startTime": 2
              },
              {
                "duration": 8310.48,
                "name": "FirstMeaningfulPaint",
                "startTime": 2
              },
              {
                "duration": 864,
                "name": "TimeToFirstByte",
                "startTime": 2
              },
              {
                "duration": 387.1399999999999,
                "name": "AppInitJSOnly",
                "startTime": 2096.96
              },
              {
                "duration": 450.9200000000001,
                "name": "AppInitJSOnly",
                "startTime": 2096.96
              },
              {
                "duration": 450.9200000000001,
                "name": "AppInitJSOnly",
                "startTime": 2096.96
              },
              {
                "duration": 450.9200000000001,
                "name": "AppInitJSOnly",
                "startTime": 2096.96
              },
              {
                "duration": 0.24000000000023647,
                "name": "lteu",
                "startTime": 3061
              },
              {
                "duration": 0.07999999999992724,
                "name": "ltpq",
                "startTime": 3061.34
              }
            ]
          }
        }
      },
      {
        "browser": {
          "appConstants": {
            "ACCESSIBILITY": true,
            "ANDROID_PACKAGE_NAME": "org.mozilla.firefox",
            "ASAN": false,
            "ASAN_REPORTER": false,
            "BROWSER_CHROME_URL": "chrome://browser/content/browser.xul",
            "DEBUG": false,
            "DEBUG_JS_MODULES": "",
            "DLL_PREFIX": "lib",
            "DLL_SUFFIX": ".so",
            "EARLY_BETA_OR_EARLIER": false,
            "FENNEC_NIGHTLY": false,
            "HAVE_SHELL_SERVICE": false,
            "HAVE_USR_LIB64_DIR": false,
            "MENUBAR_CAN_AUTOHIDE": false,
            "MOZILLA_OFFICIAL": true,
            "MOZ_ALLOW_LEGACY_EXTENSIONS": false,
            "MOZ_ANDROID_ACTIVITY_STREAM": false,
            "MOZ_ANDROID_HISTORY": true,
            "MOZ_ANDROID_MOZILLA_ONLINE": false,
            "MOZ_APP_NAME": "fennec",
            "MOZ_APP_VERSION": "68.1.1",
            "MOZ_APP_VERSION_DISPLAY": "68.1.1",
            "MOZ_BING_API_CLIENTID": "no-bing-api-clientid",
            "MOZ_BING_API_KEY": "no-bing-api-key",
            "MOZ_BITS_DOWNLOAD": false,
            "MOZ_BUILD_APP": "mobile/android",
            "MOZ_CODE_COVERAGE": false,
            "MOZ_CRASHREPORTER": true,
            "MOZ_DATA_REPORTING": true,
            "MOZ_DEV_EDITION": false,
            "MOZ_GECKO_PROFILER": true,
            "MOZ_GOOGLE_LOCATION_SERVICE_API_KEY": "AIzaSyB2h2OuRcUgy5N-5hsZqiPW6sH3n_rptiQ",
            "MOZ_GOOGLE_SAFEBROWSING_API_KEY": "AIzaSyC7jsptDS3am4tPx4r3nxis7IMjBc5Dovo",
            "MOZ_GRAPHENE": false,
            "MOZ_MACBUNDLE_NAME": "Firefox.app",
            "MOZ_MAINTENANCE_SERVICE": false,
            "MOZ_MOZILLA_API_KEY": "3b4d27dd-703d-4094-8398-4de2c763505a",
            "MOZ_NEW_CERT_STORAGE": false,
            "MOZ_NEW_NOTIFICATION_STORE": false,
            "MOZ_NEW_XULSTORE": false,
            "MOZ_OFFICIAL_BRANDING": false,
            "MOZ_PLACES": false,
            "MOZ_REQUIRE_SIGNING": false,
            "MOZ_SANDBOX": false,
            "MOZ_SERVICES_HEALTHREPORT": true,
            "MOZ_SERVICES_SYNC": false,
            "MOZ_SWITCHBOARD": true,
            "MOZ_SYSTEM_NSS": false,
            "MOZ_TELEMETRY_ON_BY_DEFAULT": false,
            "MOZ_TELEMETRY_REPORTING": true,
            "MOZ_UNSIGNED_SCOPES": 0,
            "MOZ_UPDATER": false,
            "MOZ_UPDATE_CHANNEL": "release",
            "MOZ_WEBRTC": true,
            "MOZ_WIDGET_GTK": false,
            "MOZ_WIDGET_TOOLKIT": "android",
            "NIGHTLY_BUILD": false,
            "OMNIJAR_NAME": "assets/omni.ja",
            "RELEASE_OR_BETA": true,
            "SOURCE_REVISION_URL": "https://hg.mozilla.org/releases/mozilla-esr68/rev/d2e0b9e17b9bc1ef02606c8006b73293f7892ad5",
            "TELEMETRY_PING_FORMAT_VERSION": 4,
            "XP_UNIX": true,
            "isPlatformAndVersionAtLeast": {},
            "isPlatformAndVersionAtMost": {},
            "platform": "android"
          },
          "asyncAppConstants": {
            "ACCESSIBILITY": true,
            "ANDROID_PACKAGE_NAME": "org.mozilla.firefox",
            "ASAN": false,
            "ASAN_REPORTER": false,
            "BROWSER_CHROME_URL": "chrome://browser/content/browser.xul",
            "DEBUG": false,
            "DEBUG_JS_MODULES": "",
            "DLL_PREFIX": "lib",
            "DLL_SUFFIX": ".so",
            "EARLY_BETA_OR_EARLIER": false,
            "FENNEC_NIGHTLY": false,
            "HAVE_SHELL_SERVICE": false,
            "HAVE_USR_LIB64_DIR": false,
            "MENUBAR_CAN_AUTOHIDE": false,
            "MOZILLA_OFFICIAL": true,
            "MOZ_ALLOW_LEGACY_EXTENSIONS": false,
            "MOZ_ANDROID_ACTIVITY_STREAM": false,
            "MOZ_ANDROID_HISTORY": true,
            "MOZ_ANDROID_MOZILLA_ONLINE": false,
            "MOZ_APP_NAME": "fennec",
            "MOZ_APP_VERSION": "68.1.1",
            "MOZ_APP_VERSION_DISPLAY": "68.1.1",
            "MOZ_BING_API_CLIENTID": "no-bing-api-clientid",
            "MOZ_BING_API_KEY": "no-bing-api-key",
            "MOZ_BITS_DOWNLOAD": false,
            "MOZ_BUILD_APP": "mobile/android",
            "MOZ_CODE_COVERAGE": false,
            "MOZ_CRASHREPORTER": true,
            "MOZ_DATA_REPORTING": true,
            "MOZ_DEV_EDITION": false,
            "MOZ_GECKO_PROFILER": true,
            "MOZ_GOOGLE_LOCATION_SERVICE_API_KEY": "AIzaSyB2h2OuRcUgy5N-5hsZqiPW6sH3n_rptiQ",
            "MOZ_GOOGLE_SAFEBROWSING_API_KEY": "AIzaSyC7jsptDS3am4tPx4r3nxis7IMjBc5Dovo",
            "MOZ_GRAPHENE": false,
            "MOZ_MACBUNDLE_NAME": "Firefox.app",
            "MOZ_MAINTENANCE_SERVICE": false,
            "MOZ_MOZILLA_API_KEY": "3b4d27dd-703d-4094-8398-4de2c763505a",
            "MOZ_NEW_CERT_STORAGE": false,
            "MOZ_NEW_NOTIFICATION_STORE": false,
            "MOZ_NEW_XULSTORE": false,
            "MOZ_OFFICIAL_BRANDING": false,
            "MOZ_PLACES": false,
            "MOZ_REQUIRE_SIGNING": false,
            "MOZ_SANDBOX": false,
            "MOZ_SERVICES_HEALTHREPORT": true,
            "MOZ_SERVICES_SYNC": false,
            "MOZ_SWITCHBOARD": true,
            "MOZ_SYSTEM_NSS": false,
            "MOZ_TELEMETRY_ON_BY_DEFAULT": false,
            "MOZ_TELEMETRY_REPORTING": true,
            "MOZ_UNSIGNED_SCOPES": 0,
            "MOZ_UPDATER": false,
            "MOZ_UPDATE_CHANNEL": "release",
            "MOZ_WEBRTC": true,
            "MOZ_WIDGET_GTK": false,
            "MOZ_WIDGET_TOOLKIT": "android",
            "NIGHTLY_BUILD": false,
            "OMNIJAR_NAME": "assets/omni.ja",
            "RELEASE_OR_BETA": true,
            "SOURCE_REVISION_URL": "https://hg.mozilla.org/releases/mozilla-esr68/rev/d2e0b9e17b9bc1ef02606c8006b73293f7892ad5",
            "TELEMETRY_PING_FORMAT_VERSION": 4,
            "XP_UNIX": true,
            "isPlatformAndVersionAtLeast": {},
            "isPlatformAndVersionAtMost": {},
            "platform": "android"
          },
          "userAgent": "Mozilla/5.0 (Android 9; Mobile; rv:68.0) Gecko/68.0 Firefox/68.0",
          "windowSize": "360x612"
        },
        "pageinfo": {
          "documentHeight": 612,
          "documentSize": {
            "decodedBodySize": 206337,
            "encodedBodySize": 38417,
            "transferSize": 39987
          },
          "documentTitle": "reddit: the front page of the internet",
          "documentWidth": 360,
          "domElements": 1836,
          "navigationStartTime": 1617104641144,
          "nextHopProtocol": "h2",
          "resources": {
            "count": 0,
            "duration": 0
          },
          "responsive": true,
          "url": "https://www.reddit.com/",
          "visualElements": {
            "heroes": [
              {
                "filename": "voAwqXNBDO4JwIODmO4HXXkUJbnVo_mL_bENHeagDNo.png",
                "height": 24,
                "name": "LargestImage",
                "width": 24,
                "x": 16,
                "y": 161
              },
              {
                "filename": null,
                "height": 53,
                "name": "Heading",
                "width": 360,
                "x": 0,
                "y": 48
              }
            ],
            "viewport": {
              "height": 0,
              "width": 360
            }
          }
        },
        "timings": {
          "firstPaint": 920,
          "loadEventEnd": 3975,
          "navigationTiming": {
            "connectStart": 103,
            "domComplete": 3960,
            "domContentLoadedEventEnd": 919,
            "domContentLoadedEventStart": 913,
            "domInteractive": 890,
            "domainLookupEnd": 102,
            "domainLookupStart": 101,
            "duration": 3975,
            "fetchStart": 2,
            "loadEventEnd": 3975,
            "loadEventStart": 3960,
            "redirectEnd": 0,
            "redirectStart": 0,
            "requestStart": 195,
            "responseEnd": 517,
            "responseStart": 517,
            "secureConnectionStart": 117,
            "startTime": 0,
            "unloadEventEnd": 0,
            "unloadEventStart": 0,
            "workerStart": 0
          },
          "pageTimings": {
            "backEndTime": 517,
            "domContentLoadedTime": 913,
            "domInteractiveTime": 890,
            "domainLookupTime": 0,
            "frontEndTime": 3444,
            "pageDownloadTime": 0,
            "pageLoadTime": 3960,
            "redirectionTime": 0,
            "serverConnectionTime": 90,
            "serverResponseTime": 321
          },
          "rumSpeedIndex": 516,
          "timeToContentfulPaint": 1017,
          "timeToDomContentFlushed": 890,
          "userTimings": {
            "marks": [
              {
                "name": "app-html-parse-start",
                "startTime": 830.08
              },
              {
                "name": "bootstrap-json-parse-end",
                "startTime": 837.28
              },
              {
                "name": "app-init-started",
                "startTime": 1889.16
              },
              {
                "name": "contentful-paint",
                "startTime": 2146.62
              },
              {
                "name": "app-init-ended",
                "startTime": 2274.98
              },
              {
                "name": "app-init-ended",
                "startTime": 2337.06
              },
              {
                "name": "loadStarteventUtils",
                "startTime": 2805.3
              },
              {
                "name": "loadEndeventUtils",
                "startTime": 2805.54
              },
              {
                "name": "loadStartpixelQueue",
                "startTime": 2805.64
              },
              {
                "name": "loadEndpixelQueue",
                "startTime": 2805.7000000000003
              },
              {
                "name": "gpt-tag-load",
                "startTime": 3836.52
              },
              {
                "name": "meaningful-paint",
                "startTime": 8307.12
              }
            ],
            "measures": [
              {
                "duration": 0.23999999999978172,
                "name": "lteu",
                "startTime": 2805.3
              },
              {
                "duration": 0.06000000000040018,
                "name": "ltpq",
                "startTime": 2805.64
              }
            ]
          }
        }
      },
      {
        "browser": {
          "appConstants": {
            "ACCESSIBILITY": true,
            "ANDROID_PACKAGE_NAME": "org.mozilla.firefox",
            "ASAN": false,
            "ASAN_REPORTER": false,
            "BROWSER_CHROME_URL": "chrome://browser/content/browser.xul",
            "DEBUG": false,
            "DEBUG_JS_MODULES": "",
            "DLL_PREFIX": "lib",
            "DLL_SUFFIX": ".so",
            "EARLY_BETA_OR_EARLIER": false,
            "FENNEC_NIGHTLY": false,
            "HAVE_SHELL_SERVICE": false,
            "HAVE_USR_LIB64_DIR": false,
            "MENUBAR_CAN_AUTOHIDE": false,
            "MOZILLA_OFFICIAL": true,
            "MOZ_ALLOW_LEGACY_EXTENSIONS": false,
            "MOZ_ANDROID_ACTIVITY_STREAM": false,
            "MOZ_ANDROID_HISTORY": true,
            "MOZ_ANDROID_MOZILLA_ONLINE": false,
            "MOZ_APP_NAME": "fennec",
            "MOZ_APP_VERSION": "68.1.1",
            "MOZ_APP_VERSION_DISPLAY": "68.1.1",
            "MOZ_BING_API_CLIENTID": "no-bing-api-clientid",
            "MOZ_BING_API_KEY": "no-bing-api-key",
            "MOZ_BITS_DOWNLOAD": false,
            "MOZ_BUILD_APP": "mobile/android",
            "MOZ_CODE_COVERAGE": false,
            "MOZ_CRASHREPORTER": true,
            "MOZ_DATA_REPORTING": true,
            "MOZ_DEV_EDITION": false,
            "MOZ_GECKO_PROFILER": true,
            "MOZ_GOOGLE_LOCATION_SERVICE_API_KEY": "AIzaSyB2h2OuRcUgy5N-5hsZqiPW6sH3n_rptiQ",
            "MOZ_GOOGLE_SAFEBROWSING_API_KEY": "AIzaSyC7jsptDS3am4tPx4r3nxis7IMjBc5Dovo",
            "MOZ_GRAPHENE": false,
            "MOZ_MACBUNDLE_NAME": "Firefox.app",
            "MOZ_MAINTENANCE_SERVICE": false,
            "MOZ_MOZILLA_API_KEY": "3b4d27dd-703d-4094-8398-4de2c763505a",
            "MOZ_NEW_CERT_STORAGE": false,
            "MOZ_NEW_NOTIFICATION_STORE": false,
            "MOZ_NEW_XULSTORE": false,
            "MOZ_OFFICIAL_BRANDING": false,
            "MOZ_PLACES": false,
            "MOZ_REQUIRE_SIGNING": false,
            "MOZ_SANDBOX": false,
            "MOZ_SERVICES_HEALTHREPORT": true,
            "MOZ_SERVICES_SYNC": false,
            "MOZ_SWITCHBOARD": true,
            "MOZ_SYSTEM_NSS": false,
            "MOZ_TELEMETRY_ON_BY_DEFAULT": false,
            "MOZ_TELEMETRY_REPORTING": true,
            "MOZ_UNSIGNED_SCOPES": 0,
            "MOZ_UPDATER": false,
            "MOZ_UPDATE_CHANNEL": "release",
            "MOZ_WEBRTC": true,
            "MOZ_WIDGET_GTK": false,
            "MOZ_WIDGET_TOOLKIT": "android",
            "NIGHTLY_BUILD": false,
            "OMNIJAR_NAME": "assets/omni.ja",
            "RELEASE_OR_BETA": true,
            "SOURCE_REVISION_URL": "https://hg.mozilla.org/releases/mozilla-esr68/rev/d2e0b9e17b9bc1ef02606c8006b73293f7892ad5",
            "TELEMETRY_PING_FORMAT_VERSION": 4,
            "XP_UNIX": true,
            "isPlatformAndVersionAtLeast": {},
            "isPlatformAndVersionAtMost": {},
            "platform": "android"
          },
          "asyncAppConstants": {
            "ACCESSIBILITY": true,
            "ANDROID_PACKAGE_NAME": "org.mozilla.firefox",
            "ASAN": false,
            "ASAN_REPORTER": false,
            "BROWSER_CHROME_URL": "chrome://browser/content/browser.xul",
            "DEBUG": false,
            "DEBUG_JS_MODULES": "",
            "DLL_PREFIX": "lib",
            "DLL_SUFFIX": ".so",
            "EARLY_BETA_OR_EARLIER": false,
            "FENNEC_NIGHTLY": false,
            "HAVE_SHELL_SERVICE": false,
            "HAVE_USR_LIB64_DIR": false,
            "MENUBAR_CAN_AUTOHIDE": false,
            "MOZILLA_OFFICIAL": true,
            "MOZ_ALLOW_LEGACY_EXTENSIONS": false,
            "MOZ_ANDROID_ACTIVITY_STREAM": false,
            "MOZ_ANDROID_HISTORY": true,
            "MOZ_ANDROID_MOZILLA_ONLINE": false,
            "MOZ_APP_NAME": "fennec",
            "MOZ_APP_VERSION": "68.1.1",
            "MOZ_APP_VERSION_DISPLAY": "68.1.1",
            "MOZ_BING_API_CLIENTID": "no-bing-api-clientid",
            "MOZ_BING_API_KEY": "no-bing-api-key",
            "MOZ_BITS_DOWNLOAD": false,
            "MOZ_BUILD_APP": "mobile/android",
            "MOZ_CODE_COVERAGE": false,
            "MOZ_CRASHREPORTER": true,
            "MOZ_DATA_REPORTING": true,
            "MOZ_DEV_EDITION": false,
            "MOZ_GECKO_PROFILER": true,
            "MOZ_GOOGLE_LOCATION_SERVICE_API_KEY": "AIzaSyB2h2OuRcUgy5N-5hsZqiPW6sH3n_rptiQ",
            "MOZ_GOOGLE_SAFEBROWSING_API_KEY": "AIzaSyC7jsptDS3am4tPx4r3nxis7IMjBc5Dovo",
            "MOZ_GRAPHENE": false,
            "MOZ_MACBUNDLE_NAME": "Firefox.app",
            "MOZ_MAINTENANCE_SERVICE": false,
            "MOZ_MOZILLA_API_KEY": "3b4d27dd-703d-4094-8398-4de2c763505a",
            "MOZ_NEW_CERT_STORAGE": false,
            "MOZ_NEW_NOTIFICATION_STORE": false,
            "MOZ_NEW_XULSTORE": false,
            "MOZ_OFFICIAL_BRANDING": false,
            "MOZ_PLACES": false,
            "MOZ_REQUIRE_SIGNING": false,
            "MOZ_SANDBOX": false,
            "MOZ_SERVICES_HEALTHREPORT": true,
            "MOZ_SERVICES_SYNC": false,
            "MOZ_SWITCHBOARD": true,
            "MOZ_SYSTEM_NSS": false,
            "MOZ_TELEMETRY_ON_BY_DEFAULT": false,
            "MOZ_TELEMETRY_REPORTING": true,
            "MOZ_UNSIGNED_SCOPES": 0,
            "MOZ_UPDATER": false,
            "MOZ_UPDATE_CHANNEL": "release",
            "MOZ_WEBRTC": true,
            "MOZ_WIDGET_GTK": false,
            "MOZ_WIDGET_TOOLKIT": "android",
            "NIGHTLY_BUILD": false,
            "OMNIJAR_NAME": "assets/omni.ja",
            "RELEASE_OR_BETA": true,
            "SOURCE_REVISION_URL": "https://hg.mozilla.org/releases/mozilla-esr68/rev/d2e0b9e17b9bc1ef02606c8006b73293f7892ad5",
            "TELEMETRY_PING_FORMAT_VERSION": 4,
            "XP_UNIX": true,
            "isPlatformAndVersionAtLeast": {},
            "isPlatformAndVersionAtMost": {},
            "platform": "android"
          },
          "userAgent": "Mozilla/5.0 (Android 9; Mobile; rv:68.0) Gecko/68.0 Firefox/68.0",
          "windowSize": "360x612"
        },
        "pageinfo": {
          "documentHeight": 612,
          "documentSize": {
            "decodedBodySize": 206186,
            "encodedBodySize": 38369,
            "transferSize": 39939
          },
          "documentTitle": "reddit: the front page of the internet",
          "documentWidth": 360,
          "domElements": 1835,
          "navigationStartTime": 1617104658416,
          "nextHopProtocol": "h2",
          "resources": {
            "count": 0,
            "duration": 0
          },
          "responsive": true,
          "url": "https://www.reddit.com/",
          "visualElements": {
            "heroes": [
              {
                "filename": "voAwqXNBDO4JwIODmO4HXXkUJbnVo_mL_bENHeagDNo.png",
                "height": 24,
                "name": "LargestImage",
                "width": 24,
                "x": 16,
                "y": 161
              },
              {
                "filename": null,
                "height": 53,
                "name": "Heading",
                "width": 360,
                "x": 0,
                "y": 48
              }
            ],
            "viewport": {
              "height": 0,
              "width": 360
            }
          }
        },
        "timings": {
          "firstPaint": 1828,
          "loadEventEnd": 4446,
          "navigationTiming": {
            "connectStart": 43,
            "domComplete": 4435,
            "domContentLoadedEventEnd": 1822,
            "domContentLoadedEventStart": 1817,
            "domInteractive": 1787,
            "domainLookupEnd": 43,
            "domainLookupStart": 43,
            "duration": 4446,
            "fetchStart": 2,
            "loadEventEnd": 4446,
            "loadEventStart": 4435,
            "redirectEnd": 0,
            "redirectStart": 0,
            "requestStart": 129,
            "responseEnd": 1233,
            "responseStart": 1233,
            "secureConnectionStart": 57,
            "startTime": 0,
            "unloadEventEnd": 0,
            "unloadEventStart": 0,
            "workerStart": 0
          },
          "pageTimings": {
            "backEndTime": 1233,
            "domContentLoadedTime": 1817,
            "domInteractiveTime": 1787,
            "domainLookupTime": 0,
            "frontEndTime": 3202,
            "pageDownloadTime": 0,
            "pageLoadTime": 4435,
            "redirectionTime": 0,
            "serverConnectionTime": 84,
            "serverResponseTime": 1105
          },
          "rumSpeedIndex": 1233,
          "timeToContentfulPaint": 1935,
          "timeToDomContentFlushed": 1797,
          "userTimings": {
            "marks": [
              {
                "name": "app-html-parse-start",
                "startTime": 1718.88
              },
              {
                "name": "bootstrap-json-parse-end",
                "startTime": 1726.32
              },
              {
                "name": "app-init-started",
                "startTime": 2570.84
              },
              {
                "name": "contentful-paint",
                "startTime": 2835.32
              },
              {
                "name": "app-init-ended",
                "startTime": 2961.06
              },
              {
                "name": "app-init-ended",
                "startTime": 3022.44
              },
              {
                "name": "loadStarteventUtils",
                "startTime": 3497.12
              },
              {
                "name": "loadEndeventUtils",
                "startTime": 3497.32
              },
              {
                "name": "loadStartpixelQueue",
                "startTime": 3497.44
              },
              {
                "name": "loadEndpixelQueue",
                "startTime": 3497.5
              },
              {
                "name": "gpt-tag-load",
                "startTime": 4401.12
              },
              {
                "name": "meaningful-paint",
                "startTime": 9156.36
              }
            ],
            "measures": [
              {
                "duration": 0.20000000000027285,
                "name": "lteu",
                "startTime": 3497.12
              },
              {
                "duration": 0.05999999999994543,
                "name": "ltpq",
                "startTime": 3497.44
              }
            ]
          }
        }
      }
    ],
    "visualMetrics": [],
    "cpu": [],
    "extras": [
      {},
      {},
      {}
    ],
    "fullyLoaded": [],
    "errors": [
      [],
      [],
      []
    ],
    "statistics": {
      "browser": {
        "appConstants": {
          "MOZ_UNSIGNED_SCOPES": {
            "median": 0,
            "mean": 0,
            "mdev": 0,
            "stddev": 0,
            "min": 0,
            "p10": 0,
            "p90": 0,
            "p99": 0,
            "max": 0
          },
          "TELEMETRY_PING_FORMAT_VERSION": {
            "median": 4,
            "mean": 4,
            "mdev": 0,
            "stddev": 0,
            "min": 4,
            "p10": 4,
            "p90": 4,
            "p99": 4,
            "max": 4
          }
        },
        "asyncAppConstants": {
          "MOZ_UNSIGNED_SCOPES": {
            "median": 0,
            "mean": 0,
            "mdev": 0,
            "stddev": 0,
            "min": 0,
            "p10": 0,
            "p90": 0,
            "p99": 0,
            "max": 0
          },
          "TELEMETRY_PING_FORMAT_VERSION": {
            "median": 4,
            "mean": 4,
            "mdev": 0,
            "stddev": 0,
            "min": 4,
            "p10": 4,
            "p90": 4,
            "p99": 4,
            "max": 4
          }
        }
      },
      "pageinfo": {
        "documentHeight": {
          "median": 612,
          "mean": 612,
          "mdev": 0,
          "stddev": 0,
          "min": 612,
          "p10": 612,
          "p90": 612,
          "p99": 612,
          "max": 612
        },
        "documentSize": {
          "decodedBodySize": {
            "median": 206286,
            "mean": 206270,
            "mdev": 36.2103,
            "stddev": 63,
            "min": 206186,
            "p10": 206186,
            "p90": 206337,
            "p99": 206337,
            "max": 206337
          },
          "encodedBodySize": {
            "median": 38369,
            "mean": 38352,
            "mdev": 35.3365,
            "stddev": 61,
            "min": 38270,
            "p10": 38270,
            "p90": 38417,
            "p99": 38417,
            "max": 38417
          },
          "transferSize": {
            "median": 39939,
            "mean": 39903,
            "mdev": 50.5444,
            "stddev": 88,
            "min": 39782,
            "p10": 39782,
            "p90": 39987,
            "p99": 39987,
            "max": 39987
          }
        },
        "documentWidth": {
          "median": 360,
          "mean": 360,
          "mdev": 0,
          "stddev": 0,
          "min": 360,
          "p10": 360,
          "p90": 360,
          "p99": 360,
          "max": 360
        },
        "domElements": {
          "median": 1835,
          "mean": 1834,
          "mdev": 0.9813,
          "stddev": 2,
          "min": 1832,
          "p10": 1832,
          "p90": 1836,
          "p99": 1836,
          "max": 1836
        },
        "navigationStartTime": {
          "median": 1617104641144,
          "mean": 1617104641167,
          "mdev": 12612.4091,
          "stddev": 21845,
          "min": 1617104623941,
          "p10": 1617104623941,
          "p90": 1617104658416,
          "p99": 1617104658416,
          "max": 1617104658416
        },
        "resources": {
          "count": {
            "median": 0,
            "mean": 0,
            "mdev": 0,
            "stddev": 0,
            "min": 0,
            "p10": 0,
            "p90": 0,
            "p99": 0,
            "max": 0
          },
          "duration": {
            "median": 0,
            "mean": 0,
            "mdev": 0,
            "stddev": 0,
            "min": 0,
            "p10": 0,
            "p90": 0,
            "p99": 0,
            "max": 0
          }
        },
        "visualElements": {
          "heroes": [
            {
              "height": {
                "median": 24,
                "mean": 24,
                "mdev": 0,
                "stddev": 0,
                "min": 24,
                "p10": 24,
                "p90": 24,
                "p99": 24,
                "max": 24
              },
              "width": {
                "median": 24,
                "mean": 24,
                "mdev": 0,
                "stddev": 0,
                "min": 24,
                "p10": 24,
                "p90": 24,
                "p99": 24,
                "max": 24
              },
              "x": {
                "median": 16,
                "mean": 16,
                "mdev": 0,
                "stddev": 0,
                "min": 16,
                "p10": 16,
                "p90": 16,
                "p99": 16,
                "max": 16
              },
              "y": {
                "median": 161,
                "mean": 161,
                "mdev": 0,
                "stddev": 0,
                "min": 161,
                "p10": 161,
                "p90": 161,
                "p99": 161,
                "max": 161
              }
            },
            {
              "height": {
                "median": 53,
                "mean": 53,
                "mdev": 0,
                "stddev": 0,
                "min": 53,
                "p10": 53,
                "p90": 53,
                "p99": 53,
                "max": 53
              },
              "width": {
                "median": 360,
                "mean": 360,
                "mdev": 0,
                "stddev": 0,
                "min": 360,
                "p10": 360,
                "p90": 360,
                "p99": 360,
                "max": 360
              },
              "x": {
                "median": 0,
                "mean": 0,
                "mdev": 0,
                "stddev": 0,
                "min": 0,
                "p10": 0,
                "p90": 0,
                "p99": 0,
                "max": 0
              },
              "y": {
                "median": 48,
                "mean": 48,
                "mdev": 0,
                "stddev": 0,
                "min": 48,
                "p10": 48,
                "p90": 48,
                "p99": 48,
                "max": 48
              }
            }
          ],
          "viewport": {
            "height": {
              "median": 0,
              "mean": 0,
              "mdev": 0,
              "stddev": 0,
              "min": 0,
              "p10": 0,
              "p90": 0,
              "p99": 0,
              "max": 0
            },
            "width": {
              "median": 360,
              "mean": 360,
              "mdev": 0,
              "stddev": 0,
              "min": 360,
              "p10": 360,
              "p90": 360,
              "p99": 360,
              "max": 360
            }
          }
        }
      },
      "timings": {
        "firstPaint": {
          "median": 1261,
          "mean": 1336,
          "mdev": 216.2161,
          "stddev": 374,
          "min": 920,
          "p10": 920,
          "p90": 1828,
          "p99": 1828,
          "max": 1828
        },
        "loadEventEnd": {
          "median": 4021,
          "mean": 4147,
          "mdev": 122.4113,
          "stddev": 212,
          "min": 3975,
          "p10": 3975,
          "p90": 4446,
          "p99": 4446,
          "max": 4446
        },
        "navigationTiming": {
          "connectStart": {
            "median": 103,
            "mean": 94,
            "mdev": 22.2261,
            "stddev": 38,
            "min": 43,
            "p10": 43,
            "p90": 136,
            "p99": 136,
            "max": 136
          },
          "domComplete": {
            "median": 4011,
            "mean": 4135,
            "mdev": 122.9276,
            "stddev": 213,
            "min": 3960,
            "p10": 3960,
            "p90": 4435,
            "p99": 4435,
            "max": 4435
          },
          "domContentLoadedEventEnd": {
            "median": 1305,
            "mean": 1349,
            "mdev": 213.5844,
            "stddev": 370,
            "min": 919,
            "p10": 919,
            "p90": 1822,
            "p99": 1822,
            "max": 1822
          },
          "domContentLoadedEventStart": {
            "median": 1298,
            "mean": 1343,
            "mdev": 213.8537,
            "stddev": 370,
            "min": 913,
            "p10": 913,
            "p90": 1817,
            "p99": 1817,
            "max": 1817
          },
          "domInteractive": {
            "median": 1252,
            "mean": 1310,
            "mdev": 212.7316,
            "stddev": 368,
            "min": 890,
            "p10": 890,
            "p90": 1787,
            "p99": 1787,
            "max": 1787
          },
          "domainLookupEnd": {
            "median": 102,
            "mean": 93,
            "mdev": 21.9714,
            "stddev": 38,
            "min": 43,
            "p10": 43,
            "p90": 135,
            "p99": 135,
            "max": 135
          },
          "domainLookupStart": {
            "median": 101,
            "mean": 93,
            "mdev": 21.9292,
            "stddev": 38,
            "min": 43,
            "p10": 43,
            "p90": 135,
            "p99": 135,
            "max": 135
          },
          "duration": {
            "median": 4021,
            "mean": 4147,
            "mdev": 122.4113,
            "stddev": 212,
            "min": 3975,
            "p10": 3975,
            "p90": 4446,
            "p99": 4446,
            "max": 4446
          },
          "fetchStart": {
            "median": 2,
            "mean": 2,
            "mdev": 0,
            "stddev": 0,
            "min": 2,
            "p10": 2,
            "p90": 2,
            "p99": 2,
            "max": 2
          },
          "loadEventEnd": {
            "median": 4021,
            "mean": 4147,
            "mdev": 122.4113,
            "stddev": 212,
            "min": 3975,
            "p10": 3975,
            "p90": 4446,
            "p99": 4446,
            "max": 4446
          },
          "loadEventStart": {
            "median": 4012,
            "mean": 4136,
            "mdev": 122.8154,
            "stddev": 213,
            "min": 3960,
            "p10": 3960,
            "p90": 4435,
            "p99": 4435,
            "max": 4435
          },
          "redirectEnd": {
            "median": 0,
            "mean": 0,
            "mdev": 0,
            "stddev": 0,
            "min": 0,
            "p10": 0,
            "p90": 0,
            "p99": 0,
            "max": 0
          },
          "redirectStart": {
            "median": 0,
            "mean": 0,
            "mdev": 0,
            "stddev": 0,
            "min": 0,
            "p10": 0,
            "p90": 0,
            "p99": 0,
            "max": 0
          },
          "requestStart": {
            "median": 195,
            "mean": 182,
            "mdev": 22.7515,
            "stddev": 39,
            "min": 129,
            "p10": 129,
            "p90": 223,
            "p99": 223,
            "max": 223
          },
          "responseEnd": {
            "median": 866,
            "mean": 872,
            "mdev": 168.7806,
            "stddev": 292,
            "min": 517,
            "p10": 517,
            "p90": 1233,
            "p99": 1233,
            "max": 1233
          },
          "responseStart": {
            "median": 866,
            "mean": 872,
            "mdev": 168.7806,
            "stddev": 292,
            "min": 517,
            "p10": 517,
            "p90": 1233,
            "p99": 1233,
            "max": 1233
          },
          "secureConnectionStart": {
            "median": 117,
            "mean": 108,
            "mdev": 22.2261,
            "stddev": 38,
            "min": 57,
            "p10": 57,
            "p90": 150,
            "p99": 150,
            "max": 150
          },
          "startTime": {
            "median": 0,
            "mean": 0,
            "mdev": 0,
            "stddev": 0,
            "min": 0,
            "p10": 0,
            "p90": 0,
            "p99": 0,
            "max": 0
          },
          "unloadEventEnd": {
            "median": 0,
            "mean": 0,
            "mdev": 0,
            "stddev": 0,
            "min": 0,
            "p10": 0,
            "p90": 0,
            "p99": 0,
            "max": 0
          },
          "unloadEventStart": {
            "median": 0,
            "mean": 0,
            "mdev": 0,
            "stddev": 0,
            "min": 0,
            "p10": 0,
            "p90": 0,
            "p99": 0,
            "max": 0
          },
          "workerStart": {
            "median": 0,
            "mean": 0,
            "mdev": 0,
            "stddev": 0,
            "min": 0,
            "p10": 0,
            "p90": 0,
            "p99": 0,
            "max": 0
          }
        },
        "pageTimings": {
          "backEndTime": {
            "median": 866,
            "mean": 872,
            "mdev": 168.7806,
            "stddev": 292,
            "min": 517,
            "p10": 517,
            "p90": 1233,
            "p99": 1233,
            "max": 1233
          },
          "domContentLoadedTime": {
            "median": 1298,
            "mean": 1343,
            "mdev": 213.8537,
            "stddev": 370,
            "min": 913,
            "p10": 913,
            "p90": 1817,
            "p99": 1817,
            "max": 1817
          },
          "domInteractiveTime": {
            "median": 1252,
            "mean": 1310,
            "mdev": 212.7316,
            "stddev": 368,
            "min": 890,
            "p10": 890,
            "p90": 1787,
            "p99": 1787,
            "max": 1787
          },
          "domainLookupTime": {
            "median": 0,
            "mean": 0,
            "mdev": 0,
            "stddev": 0,
            "min": 0,
            "p10": 0,
            "p90": 0,
            "p99": 0,
            "max": 0
          },
          "frontEndTime": {
            "median": 3202,
            "mean": 3264,
            "mdev": 74.8366,
            "stddev": 130,
            "min": 3145,
            "p10": 3145,
            "p90": 3444,
            "p99": 3444,
            "max": 3444
          },
          "pageDownloadTime": {
            "median": 0,
            "mean": 0,
            "mdev": 0,
            "stddev": 0,
            "min": 0,
            "p10": 0,
            "p90": 0,
            "p99": 0,
            "max": 0
          },
          "pageLoadTime": {
            "median": 4012,
            "mean": 4136,
            "mdev": 122.8154,
            "stddev": 213,
            "min": 3960,
            "p10": 3960,
            "p90": 4435,
            "p99": 4435,
            "max": 4435
          },
          "redirectionTime": {
            "median": 0,
            "mean": 0,
            "mdev": 0,
            "stddev": 0,
            "min": 0,
            "p10": 0,
            "p90": 0,
            "p99": 0,
            "max": 0
          },
          "serverConnectionTime": {
            "median": 86,
            "mean": 87,
            "mdev": 1.4402,
            "stddev": 2,
            "min": 84,
            "p10": 84,
            "p90": 90,
            "p99": 90,
            "max": 90
          },
          "serverResponseTime": {
            "median": 643,
            "mean": 690,
            "mdev": 185.7701,
            "stddev": 322,
            "min": 321,
            "p10": 321,
            "p90": 1105,
            "p99": 1105,
            "max": 1105
          }
        },
        "rumSpeedIndex": {
          "median": 866,
          "mean": 872,
          "mdev": 169.0144,
          "stddev": 293,
          "min": 516,
          "p10": 516,
          "p90": 1233,
          "p99": 1233,
          "max": 1233
        },
        "timeToContentfulPaint": {
          "median": 1370,
          "mean": 1441,
          "mdev": 218.2895,
          "stddev": 378,
          "min": 1017,
          "p10": 1017,
          "p90": 1935,
          "p99": 1935,
          "max": 1935
        },
        "timeToDomContentFlushed": {
          "median": 1260,
          "mean": 1316,
          "mdev": 214.9865,
          "stddev": 372,
          "min": 890,
          "p10": 890,
          "p90": 1797,
          "p99": 1797,
          "max": 1797
        },
        "userTimings": {
          "marks": {
            "app-html-parse-start": {
              "median": 1157,
              "mean": 1235,
              "mdev": 211.9321,
              "stddev": 367,
              "min": 830,
              "p10": 830,
              "p90": 1719,
              "p99": 1719,
              "max": 1719
            },
            "bootstrap-json-parse-end": {
              "median": 1198,
              "mean": 1254,
              "mdev": 210.7904,
              "stddev": 365,
              "min": 837,
              "p10": 837,
              "p90": 1726,
              "p99": 1726,
              "max": 1726
            },
            "app-init-started": {
              "median": 2097,
              "mean": 2186,
              "mdev": 164.703,
              "stddev": 285,
              "min": 1889,
              "p10": 1889,
              "p90": 2571,
              "p99": 2571,
              "max": 2571
            },
            "contentful-paint": {
              "median": 2355,
              "mean": 2446,
              "mdev": 166.5087,
              "stddev": 288,
              "min": 2147,
              "p10": 2147,
              "p90": 2835,
              "p99": 2835,
              "max": 2835
            },
            "app-init-ended": {
              "median": 2548,
              "mean": 2636,
              "mdev": 165.4845,
              "stddev": 287,
              "min": 2337,
              "p10": 2337,
              "p90": 3022,
              "p99": 3022,
              "max": 3022
            },
            "loadStarteventUtils": {
              "median": 3061,
              "mean": 3121,
              "mdev": 164.9015,
              "stddev": 286,
              "min": 2805,
              "p10": 2805,
              "p90": 3497,
              "p99": 3497,
              "max": 3497
            },
            "loadEndeventUtils": {
              "median": 3061,
              "mean": 3121,
              "mdev": 164.8914,
              "stddev": 286,
              "min": 2806,
              "p10": 2806,
              "p90": 3497,
              "p99": 3497,
              "max": 3497
            },
            "loadStartpixelQueue": {
              "median": 3061,
              "mean": 3121,
              "mdev": 164.8965,
              "stddev": 286,
              "min": 2806,
              "p10": 2806,
              "p90": 3497,
              "p99": 3497,
              "max": 3497
            },
            "loadEndpixelQueue": {
              "median": 3061,
              "mean": 3122,
              "mdev": 164.8957,
              "stddev": 286,
              "min": 2806,
              "p10": 2806,
              "p90": 3498,
              "p99": 3498,
              "max": 3498
            },
            "gpt-tag-load": {
              "median": 3977,
              "mean": 4072,
              "mdev": 138.5485,
              "stddev": 240,
              "min": 3837,
              "p10": 3837,
              "p90": 4401,
              "p99": 4401,
              "max": 4401
            },
            "meaningful-paint": {
              "median": 8312,
              "mean": 8592,
              "mdev": 230.4079,
              "stddev": 399,
              "min": 8307,
              "p10": 8307,
              "p90": 9156,
              "p99": 9156,
              "max": 9156
            }
          },
          "measures": {
            "fetchStartToAppBooted": {
              "median": 2546,
              "mean": 2546,
              "mdev": 0,
              "stddev": 0,
              "min": 2546,
              "p10": 2546,
              "p90": 2546,
              "p99": 2546,
              "max": 2546
            },
            "FirstContentfulPaint": {
              "median": 2353,
              "mean": 2353,
              "mdev": 0,
              "stddev": 0,
              "min": 2353,
              "p10": 2353,
              "p90": 2353,
              "p99": 2353,
              "max": 2353
            },
            "TimeToFirstByte": {
              "median": 864,
              "mean": 864,
              "mdev": 0,
              "stddev": 0,
              "min": 864,
              "p10": 864,
              "p90": 864,
              "p99": 864,
              "max": 864
            },
            "FirstMeaningfulPaint": {
              "median": 8310,
              "mean": 8310,
              "mdev": 0,
              "stddev": 0,
              "min": 8310,
              "p10": 8310,
              "p90": 8310,
              "p99": 8310,
              "max": 8310
            },
            "AppInitJSOnly": {
              "median": 451,
              "mean": 451,
              "mdev": 0,
              "stddev": 0,
              "min": 451,
              "p10": 451,
              "p90": 451,
              "p99": 451,
              "max": 451
            },
            "lteu": {
              "median": 0,
              "mean": 0,
              "mdev": 0.0109,
              "stddev": 0,
              "min": 0,
              "p10": 0,
              "p90": 0,
              "p99": 0,
              "max": 0
            },
            "ltpq": {
              "median": 0,
              "mean": 0,
              "mdev": 0.0054,
              "stddev": 0,
              "min": 0,
              "p10": 0,
              "p90": 0,
              "p99": 0,
              "max": 0
            }
          }
        }
      }
    }
  }
]