[
  {
    "info": {
      "browsertime": {
        "version": "8.4.0"
      },
      "url": "https://www.rakuten.co.jp/",
      "timestamp": "2021-03-30T19:33:46+04:00",
      "connectivity": {
        "engine": "external",
        "profile": "native"
      },
      "extra": {}
    },
    "files": {
      "video": [],
      "screenshot": [],
      "timeline": [],
      "consoleLog": [],
      "netLog": [],
      "perfLog": []
    },
    "cdp": {
      "performance": []
    },
    "timestamps": [
      "2021-03-30T19:33:29+04:00",
      "2021-03-30T19:33:52+04:00",
      "2021-03-30T19:34:15+04:00"
    ],
    "browserScripts": [
      {
        "browser": {
          "appConstants": {
            "ACCESSIBILITY": true,
            "ANDROID_PACKAGE_NAME": "org.mozilla.firefox",
            "ASAN": false,
            "ASAN_REPORTER": false,
            "BROWSER_CHROME_URL": "chrome://browser/content/browser.xul",
            "DEBUG": false,
            "DEBUG_JS_MODULES": "",
            "DLL_PREFIX": "lib",
            "DLL_SUFFIX": ".so",
            "EARLY_BETA_OR_EARLIER": false,
            "FENNEC_NIGHTLY": false,
            "HAVE_SHELL_SERVICE": false,
            "HAVE_USR_LIB64_DIR": false,
            "MENUBAR_CAN_AUTOHIDE": false,
            "MOZILLA_OFFICIAL": true,
            "MOZ_ALLOW_LEGACY_EXTENSIONS": false,
            "MOZ_ANDROID_ACTIVITY_STREAM": false,
            "MOZ_ANDROID_HISTORY": true,
            "MOZ_ANDROID_MOZILLA_ONLINE": false,
            "MOZ_APP_NAME": "fennec",
            "MOZ_APP_VERSION": "68.1.1",
            "MOZ_APP_VERSION_DISPLAY": "68.1.1",
            "MOZ_BING_API_CLIENTID": "no-bing-api-clientid",
            "MOZ_BING_API_KEY": "no-bing-api-key",
            "MOZ_BITS_DOWNLOAD": false,
            "MOZ_BUILD_APP": "mobile/android",
            "MOZ_CODE_COVERAGE": false,
            "MOZ_CRASHREPORTER": true,
            "MOZ_DATA_REPORTING": true,
            "MOZ_DEV_EDITION": false,
            "MOZ_GECKO_PROFILER": true,
            "MOZ_GOOGLE_LOCATION_SERVICE_API_KEY": "AIzaSyB2h2OuRcUgy5N-5hsZqiPW6sH3n_rptiQ",
            "MOZ_GOOGLE_SAFEBROWSING_API_KEY": "AIzaSyC7jsptDS3am4tPx4r3nxis7IMjBc5Dovo",
            "MOZ_GRAPHENE": false,
            "MOZ_MACBUNDLE_NAME": "Firefox.app",
            "MOZ_MAINTENANCE_SERVICE": false,
            "MOZ_MOZILLA_API_KEY": "3b4d27dd-703d-4094-8398-4de2c763505a",
            "MOZ_NEW_CERT_STORAGE": false,
            "MOZ_NEW_NOTIFICATION_STORE": false,
            "MOZ_NEW_XULSTORE": false,
            "MOZ_OFFICIAL_BRANDING": false,
            "MOZ_PLACES": false,
            "MOZ_REQUIRE_SIGNING": false,
            "MOZ_SANDBOX": false,
            "MOZ_SERVICES_HEALTHREPORT": true,
            "MOZ_SERVICES_SYNC": false,
            "MOZ_SWITCHBOARD": true,
            "MOZ_SYSTEM_NSS": false,
            "MOZ_TELEMETRY_ON_BY_DEFAULT": false,
            "MOZ_TELEMETRY_REPORTING": true,
            "MOZ_UNSIGNED_SCOPES": 0,
            "MOZ_UPDATER": false,
            "MOZ_UPDATE_CHANNEL": "release",
            "MOZ_WEBRTC": true,
            "MOZ_WIDGET_GTK": false,
            "MOZ_WIDGET_TOOLKIT": "android",
            "NIGHTLY_BUILD": false,
            "OMNIJAR_NAME": "assets/omni.ja",
            "RELEASE_OR_BETA": true,
            "SOURCE_REVISION_URL": "https://hg.mozilla.org/releases/mozilla-esr68/rev/d2e0b9e17b9bc1ef02606c8006b73293f7892ad5",
            "TELEMETRY_PING_FORMAT_VERSION": 4,
            "XP_UNIX": true,
            "isPlatformAndVersionAtLeast": {},
            "isPlatformAndVersionAtMost": {},
            "platform": "android"
          },
          "asyncAppConstants": {
            "ACCESSIBILITY": true,
            "ANDROID_PACKAGE_NAME": "org.mozilla.firefox",
            "ASAN": false,
            "ASAN_REPORTER": false,
            "BROWSER_CHROME_URL": "chrome://browser/content/browser.xul",
            "DEBUG": false,
            "DEBUG_JS_MODULES": "",
            "DLL_PREFIX": "lib",
            "DLL_SUFFIX": ".so",
            "EARLY_BETA_OR_EARLIER": false,
            "FENNEC_NIGHTLY": false,
            "HAVE_SHELL_SERVICE": false,
            "HAVE_USR_LIB64_DIR": false,
            "MENUBAR_CAN_AUTOHIDE": false,
            "MOZILLA_OFFICIAL": true,
            "MOZ_ALLOW_LEGACY_EXTENSIONS": false,
            "MOZ_ANDROID_ACTIVITY_STREAM": false,
            "MOZ_ANDROID_HISTORY": true,
            "MOZ_ANDROID_MOZILLA_ONLINE": false,
            "MOZ_APP_NAME": "fennec",
            "MOZ_APP_VERSION": "68.1.1",
            "MOZ_APP_VERSION_DISPLAY": "68.1.1",
            "MOZ_BING_API_CLIENTID": "no-bing-api-clientid",
            "MOZ_BING_API_KEY": "no-bing-api-key",
            "MOZ_BITS_DOWNLOAD": false,
            "MOZ_BUILD_APP": "mobile/android",
            "MOZ_CODE_COVERAGE": false,
            "MOZ_CRASHREPORTER": true,
            "MOZ_DATA_REPORTING": true,
            "MOZ_DEV_EDITION": false,
            "MOZ_GECKO_PROFILER": true,
            "MOZ_GOOGLE_LOCATION_SERVICE_API_KEY": "AIzaSyB2h2OuRcUgy5N-5hsZqiPW6sH3n_rptiQ",
            "MOZ_GOOGLE_SAFEBROWSING_API_KEY": "AIzaSyC7jsptDS3am4tPx4r3nxis7IMjBc5Dovo",
            "MOZ_GRAPHENE": false,
            "MOZ_MACBUNDLE_NAME": "Firefox.app",
            "MOZ_MAINTENANCE_SERVICE": false,
            "MOZ_MOZILLA_API_KEY": "3b4d27dd-703d-4094-8398-4de2c763505a",
            "MOZ_NEW_CERT_STORAGE": false,
            "MOZ_NEW_NOTIFICATION_STORE": false,
            "MOZ_NEW_XULSTORE": false,
            "MOZ_OFFICIAL_BRANDING": false,
            "MOZ_PLACES": false,
            "MOZ_REQUIRE_SIGNING": false,
            "MOZ_SANDBOX": false,
            "MOZ_SERVICES_HEALTHREPORT": true,
            "MOZ_SERVICES_SYNC": false,
            "MOZ_SWITCHBOARD": true,
            "MOZ_SYSTEM_NSS": false,
            "MOZ_TELEMETRY_ON_BY_DEFAULT": false,
            "MOZ_TELEMETRY_REPORTING": true,
            "MOZ_UNSIGNED_SCOPES": 0,
            "MOZ_UPDATER": false,
            "MOZ_UPDATE_CHANNEL": "release",
            "MOZ_WEBRTC": true,
            "MOZ_WIDGET_GTK": false,
            "MOZ_WIDGET_TOOLKIT": "android",
            "NIGHTLY_BUILD": false,
            "OMNIJAR_NAME": "assets/omni.ja",
            "RELEASE_OR_BETA": true,
            "SOURCE_REVISION_URL": "https://hg.mozilla.org/releases/mozilla-esr68/rev/d2e0b9e17b9bc1ef02606c8006b73293f7892ad5",
            "TELEMETRY_PING_FORMAT_VERSION": 4,
            "XP_UNIX": true,
            "isPlatformAndVersionAtLeast": {},
            "isPlatformAndVersionAtMost": {},
            "platform": "android"
          },
          "userAgent": "Mozilla/5.0 (Android 9; Mobile; rv:68.0) Gecko/68.0 Firefox/68.0",
          "windowSize": "360x612"
        },
        "pageinfo": {
          "documentHeight": 5621,
          "documentSize": {
            "decodedBodySize": 79697,
            "encodedBodySize": 17028,
            "transferSize": 18353
          },
          "documentTitle": "楽天市場",
          "documentWidth": 360,
          "domElements": 1255,
          "navigationStartTime": 1617118410434,
          "nextHopProtocol": "h2",
          "resources": {
            "count": 0,
            "duration": 0
          },
          "responsive": true,
          "url": "https://www.rakuten.co.jp/",
          "visualElements": {
            "heroes": [
              {
                "filename": "20210330_sp_bigbnr_FashionDay.jpg",
                "height": 131,
                "name": "LargestImage",
                "width": 360,
                "x": 0,
                "y": 304
              }
            ],
            "viewport": {
              "height": 612,
              "width": 360
            }
          }
        },
        "timings": {
          "firstPaint": 2132,
          "loadEventEnd": 7600,
          "navigationTiming": {
            "connectStart": 93,
            "domComplete": 7525,
            "domContentLoadedEventEnd": 4467,
            "domContentLoadedEventStart": 4458,
            "domInteractive": 3947,
            "domainLookupEnd": 93,
            "domainLookupStart": 92,
            "duration": 7600,
            "fetchStart": 2,
            "loadEventEnd": 7600,
            "loadEventStart": 7526,
            "redirectEnd": 0,
            "redirectStart": 0,
            "requestStart": 663,
            "responseEnd": 1418,
            "responseStart": 1413,
            "secureConnectionStart": 106,
            "startTime": 0,
            "unloadEventEnd": 0,
            "unloadEventStart": 0,
            "workerStart": 0
          },
          "pageTimings": {
            "backEndTime": 1413,
            "domContentLoadedTime": 4458,
            "domInteractiveTime": 3947,
            "domainLookupTime": 0,
            "frontEndTime": 6107,
            "pageDownloadTime": 5,
            "pageLoadTime": 7526,
            "redirectionTime": 0,
            "serverConnectionTime": 569,
            "serverResponseTime": 756
          },
          "rumSpeedIndex": 1413,
          "timeToContentfulPaint": 4038,
          "timeToDomContentFlushed": 4484,
          "userTimings": {
            "marks": [
              {
                "name": "gpt-tag-load",
                "startTime": 6905.900000000001
              },
              {
                "name": "gpt-first-ad-request",
                "startTime": 7023.4800000000005
              },
              {
                "name": "gpt-first-ad-render",
                "startTime": 7333.58
              }
            ],
            "measures": []
          }
        }
      },
      {
        "browser": {
          "appConstants": {
            "ACCESSIBILITY": true,
            "ANDROID_PACKAGE_NAME": "org.mozilla.firefox",
            "ASAN": false,
            "ASAN_REPORTER": false,
            "BROWSER_CHROME_URL": "chrome://browser/content/browser.xul",
            "DEBUG": false,
            "DEBUG_JS_MODULES": "",
            "DLL_PREFIX": "lib",
            "DLL_SUFFIX": ".so",
            "EARLY_BETA_OR_EARLIER": false,
            "FENNEC_NIGHTLY": false,
            "HAVE_SHELL_SERVICE": false,
            "HAVE_USR_LIB64_DIR": false,
            "MENUBAR_CAN_AUTOHIDE": false,
            "MOZILLA_OFFICIAL": true,
            "MOZ_ALLOW_LEGACY_EXTENSIONS": false,
            "MOZ_ANDROID_ACTIVITY_STREAM": false,
            "MOZ_ANDROID_HISTORY": true,
            "MOZ_ANDROID_MOZILLA_ONLINE": false,
            "MOZ_APP_NAME": "fennec",
            "MOZ_APP_VERSION": "68.1.1",
            "MOZ_APP_VERSION_DISPLAY": "68.1.1",
            "MOZ_BING_API_CLIENTID": "no-bing-api-clientid",
            "MOZ_BING_API_KEY": "no-bing-api-key",
            "MOZ_BITS_DOWNLOAD": false,
            "MOZ_BUILD_APP": "mobile/android",
            "MOZ_CODE_COVERAGE": false,
            "MOZ_CRASHREPORTER": true,
            "MOZ_DATA_REPORTING": true,
            "MOZ_DEV_EDITION": false,
            "MOZ_GECKO_PROFILER": true,
            "MOZ_GOOGLE_LOCATION_SERVICE_API_KEY": "AIzaSyB2h2OuRcUgy5N-5hsZqiPW6sH3n_rptiQ",
            "MOZ_GOOGLE_SAFEBROWSING_API_KEY": "AIzaSyC7jsptDS3am4tPx4r3nxis7IMjBc5Dovo",
            "MOZ_GRAPHENE": false,
            "MOZ_MACBUNDLE_NAME": "Firefox.app",
            "MOZ_MAINTENANCE_SERVICE": false,
            "MOZ_MOZILLA_API_KEY": "3b4d27dd-703d-4094-8398-4de2c763505a",
            "MOZ_NEW_CERT_STORAGE": false,
            "MOZ_NEW_NOTIFICATION_STORE": false,
            "MOZ_NEW_XULSTORE": false,
            "MOZ_OFFICIAL_BRANDING": false,
            "MOZ_PLACES": false,
            "MOZ_REQUIRE_SIGNING": false,
            "MOZ_SANDBOX": false,
            "MOZ_SERVICES_HEALTHREPORT": true,
            "MOZ_SERVICES_SYNC": false,
            "MOZ_SWITCHBOARD": true,
            "MOZ_SYSTEM_NSS": false,
            "MOZ_TELEMETRY_ON_BY_DEFAULT": false,
            "MOZ_TELEMETRY_REPORTING": true,
            "MOZ_UNSIGNED_SCOPES": 0,
            "MOZ_UPDATER": false,
            "MOZ_UPDATE_CHANNEL": "release",
            "MOZ_WEBRTC": true,
            "MOZ_WIDGET_GTK": false,
            "MOZ_WIDGET_TOOLKIT": "android",
            "NIGHTLY_BUILD": false,
            "OMNIJAR_NAME": "assets/omni.ja",
            "RELEASE_OR_BETA": true,
            "SOURCE_REVISION_URL": "https://hg.mozilla.org/releases/mozilla-esr68/rev/d2e0b9e17b9bc1ef02606c8006b73293f7892ad5",
            "TELEMETRY_PING_FORMAT_VERSION": 4,
            "XP_UNIX": true,
            "isPlatformAndVersionAtLeast": {},
            "isPlatformAndVersionAtMost": {},
            "platform": "android"
          },
          "asyncAppConstants": {
            "ACCESSIBILITY": true,
            "ANDROID_PACKAGE_NAME": "org.mozilla.firefox",
            "ASAN": false,
            "ASAN_REPORTER": false,
            "BROWSER_CHROME_URL": "chrome://browser/content/browser.xul",
            "DEBUG": false,
            "DEBUG_JS_MODULES": "",
            "DLL_PREFIX": "lib",
            "DLL_SUFFIX": ".so",
            "EARLY_BETA_OR_EARLIER": false,
            "FENNEC_NIGHTLY": false,
            "HAVE_SHELL_SERVICE": false,
            "HAVE_USR_LIB64_DIR": false,
            "MENUBAR_CAN_AUTOHIDE": false,
            "MOZILLA_OFFICIAL": true,
            "MOZ_ALLOW_LEGACY_EXTENSIONS": false,
            "MOZ_ANDROID_ACTIVITY_STREAM": false,
            "MOZ_ANDROID_HISTORY": true,
            "MOZ_ANDROID_MOZILLA_ONLINE": false,
            "MOZ_APP_NAME": "fennec",
            "MOZ_APP_VERSION": "68.1.1",
            "MOZ_APP_VERSION_DISPLAY": "68.1.1",
            "MOZ_BING_API_CLIENTID": "no-bing-api-clientid",
            "MOZ_BING_API_KEY": "no-bing-api-key",
            "MOZ_BITS_DOWNLOAD": false,
            "MOZ_BUILD_APP": "mobile/android",
            "MOZ_CODE_COVERAGE": false,
            "MOZ_CRASHREPORTER": true,
            "MOZ_DATA_REPORTING": true,
            "MOZ_DEV_EDITION": false,
            "MOZ_GECKO_PROFILER": true,
            "MOZ_GOOGLE_LOCATION_SERVICE_API_KEY": "AIzaSyB2h2OuRcUgy5N-5hsZqiPW6sH3n_rptiQ",
            "MOZ_GOOGLE_SAFEBROWSING_API_KEY": "AIzaSyC7jsptDS3am4tPx4r3nxis7IMjBc5Dovo",
            "MOZ_GRAPHENE": false,
            "MOZ_MACBUNDLE_NAME": "Firefox.app",
            "MOZ_MAINTENANCE_SERVICE": false,
            "MOZ_MOZILLA_API_KEY": "3b4d27dd-703d-4094-8398-4de2c763505a",
            "MOZ_NEW_CERT_STORAGE": false,
            "MOZ_NEW_NOTIFICATION_STORE": false,
            "MOZ_NEW_XULSTORE": false,
            "MOZ_OFFICIAL_BRANDING": false,
            "MOZ_PLACES": false,
            "MOZ_REQUIRE_SIGNING": false,
            "MOZ_SANDBOX": false,
            "MOZ_SERVICES_HEALTHREPORT": true,
            "MOZ_SERVICES_SYNC": false,
            "MOZ_SWITCHBOARD": true,
            "MOZ_SYSTEM_NSS": false,
            "MOZ_TELEMETRY_ON_BY_DEFAULT": false,
            "MOZ_TELEMETRY_REPORTING": true,
            "MOZ_UNSIGNED_SCOPES": 0,
            "MOZ_UPDATER": false,
            "MOZ_UPDATE_CHANNEL": "release",
            "MOZ_WEBRTC": true,
            "MOZ_WIDGET_GTK": false,
            "MOZ_WIDGET_TOOLKIT": "android",
            "NIGHTLY_BUILD": false,
            "OMNIJAR_NAME": "assets/omni.ja",
            "RELEASE_OR_BETA": true,
            "SOURCE_REVISION_URL": "https://hg.mozilla.org/releases/mozilla-esr68/rev/d2e0b9e17b9bc1ef02606c8006b73293f7892ad5",
            "TELEMETRY_PING_FORMAT_VERSION": 4,
            "XP_UNIX": true,
            "isPlatformAndVersionAtLeast": {},
            "isPlatformAndVersionAtMost": {},
            "platform": "android"
          },
          "userAgent": "Mozilla/5.0 (Android 9; Mobile; rv:68.0) Gecko/68.0 Firefox/68.0",
          "windowSize": "360x612"
        },
        "pageinfo": {
          "documentHeight": 5621,
          "documentSize": {
            "decodedBodySize": 79710,
            "encodedBodySize": 17043,
            "transferSize": 18368
          },
          "documentTitle": "楽天市場",
          "documentWidth": 360,
          "domElements": 1255,
          "navigationStartTime": 1617118432962,
          "nextHopProtocol": "h2",
          "resources": {
            "count": 0,
            "duration": 0
          },
          "responsive": true,
          "url": "https://www.rakuten.co.jp/",
          "visualElements": {
            "heroes": [
              {
                "filename": "20210330_sp_bigbnr_dailycoupon.jpg",
                "height": 131,
                "name": "LargestImage",
                "width": 360,
                "x": 0,
                "y": 304
              }
            ],
            "viewport": {
              "height": 612,
              "width": 360
            }
          }
        },
        "timings": {
          "firstPaint": 2013,
          "loadEventEnd": 7880,
          "navigationTiming": {
            "connectStart": 298,
            "domComplete": 7845,
            "domContentLoadedEventEnd": 4326,
            "domContentLoadedEventStart": 4315,
            "domInteractive": 3798,
            "domainLookupEnd": 298,
            "domainLookupStart": 297,
            "duration": 7880,
            "fetchStart": 2,
            "loadEventEnd": 7880,
            "loadEventStart": 7845,
            "redirectEnd": 0,
            "redirectStart": 0,
            "requestStart": 709,
            "responseEnd": 1259,
            "responseStart": 1253,
            "secureConnectionStart": 311,
            "startTime": 0,
            "unloadEventEnd": 0,
            "unloadEventStart": 0,
            "workerStart": 0
          },
          "pageTimings": {
            "backEndTime": 1253,
            "domContentLoadedTime": 4315,
            "domInteractiveTime": 3798,
            "domainLookupTime": 0,
            "frontEndTime": 6585,
            "pageDownloadTime": 6,
            "pageLoadTime": 7845,
            "redirectionTime": 0,
            "serverConnectionTime": 410,
            "serverResponseTime": 550
          },
          "rumSpeedIndex": 1253,
          "timeToContentfulPaint": 3904,
          "timeToDomContentFlushed": 4299,
          "userTimings": {
            "marks": [
              {
                "name": "gpt-tag-load",
                "startTime": 6966.9800000000005
              },
              {
                "name": "gpt-first-ad-request",
                "startTime": 7141.9800000000005
              },
              {
                "name": "gpt-first-ad-render",
                "startTime": 7698.360000000001
              }
            ],
            "measures": []
          }
        }
      },
      {
        "browser": {
          "appConstants": {
            "ACCESSIBILITY": true,
            "ANDROID_PACKAGE_NAME": "org.mozilla.firefox",
            "ASAN": false,
            "ASAN_REPORTER": false,
            "BROWSER_CHROME_URL": "chrome://browser/content/browser.xul",
            "DEBUG": false,
            "DEBUG_JS_MODULES": "",
            "DLL_PREFIX": "lib",
            "DLL_SUFFIX": ".so",
            "EARLY_BETA_OR_EARLIER": false,
            "FENNEC_NIGHTLY": false,
            "HAVE_SHELL_SERVICE": false,
            "HAVE_USR_LIB64_DIR": false,
            "MENUBAR_CAN_AUTOHIDE": false,
            "MOZILLA_OFFICIAL": true,
            "MOZ_ALLOW_LEGACY_EXTENSIONS": false,
            "MOZ_ANDROID_ACTIVITY_STREAM": false,
            "MOZ_ANDROID_HISTORY": true,
            "MOZ_ANDROID_MOZILLA_ONLINE": false,
            "MOZ_APP_NAME": "fennec",
            "MOZ_APP_VERSION": "68.1.1",
            "MOZ_APP_VERSION_DISPLAY": "68.1.1",
            "MOZ_BING_API_CLIENTID": "no-bing-api-clientid",
            "MOZ_BING_API_KEY": "no-bing-api-key",
            "MOZ_BITS_DOWNLOAD": false,
            "MOZ_BUILD_APP": "mobile/android",
            "MOZ_CODE_COVERAGE": false,
            "MOZ_CRASHREPORTER": true,
            "MOZ_DATA_REPORTING": true,
            "MOZ_DEV_EDITION": false,
            "MOZ_GECKO_PROFILER": true,
            "MOZ_GOOGLE_LOCATION_SERVICE_API_KEY": "AIzaSyB2h2OuRcUgy5N-5hsZqiPW6sH3n_rptiQ",
            "MOZ_GOOGLE_SAFEBROWSING_API_KEY": "AIzaSyC7jsptDS3am4tPx4r3nxis7IMjBc5Dovo",
            "MOZ_GRAPHENE": false,
            "MOZ_MACBUNDLE_NAME": "Firefox.app",
            "MOZ_MAINTENANCE_SERVICE": false,
            "MOZ_MOZILLA_API_KEY": "3b4d27dd-703d-4094-8398-4de2c763505a",
            "MOZ_NEW_CERT_STORAGE": false,
            "MOZ_NEW_NOTIFICATION_STORE": false,
            "MOZ_NEW_XULSTORE": false,
            "MOZ_OFFICIAL_BRANDING": false,
            "MOZ_PLACES": false,
            "MOZ_REQUIRE_SIGNING": false,
            "MOZ_SANDBOX": false,
            "MOZ_SERVICES_HEALTHREPORT": true,
            "MOZ_SERVICES_SYNC": false,
            "MOZ_SWITCHBOARD": true,
            "MOZ_SYSTEM_NSS": false,
            "MOZ_TELEMETRY_ON_BY_DEFAULT": false,
            "MOZ_TELEMETRY_REPORTING": true,
            "MOZ_UNSIGNED_SCOPES": 0,
            "MOZ_UPDATER": false,
            "MOZ_UPDATE_CHANNEL": "release",
            "MOZ_WEBRTC": true,
            "MOZ_WIDGET_GTK": false,
            "MOZ_WIDGET_TOOLKIT": "android",
            "NIGHTLY_BUILD": false,
            "OMNIJAR_NAME": "assets/omni.ja",
            "RELEASE_OR_BETA": true,
            "SOURCE_REVISION_URL": "https://hg.mozilla.org/releases/mozilla-esr68/rev/d2e0b9e17b9bc1ef02606c8006b73293f7892ad5",
            "TELEMETRY_PING_FORMAT_VERSION": 4,
            "XP_UNIX": true,
            "isPlatformAndVersionAtLeast": {},
            "isPlatformAndVersionAtMost": {},
            "platform": "android"
          },
          "asyncAppConstants": {
            "ACCESSIBILITY": true,
            "ANDROID_PACKAGE_NAME": "org.mozilla.firefox",
            "ASAN": false,
            "ASAN_REPORTER": false,
            "BROWSER_CHROME_URL": "chrome://browser/content/browser.xul",
            "DEBUG": false,
            "DEBUG_JS_MODULES": "",
            "DLL_PREFIX": "lib",
            "DLL_SUFFIX": ".so",
            "EARLY_BETA_OR_EARLIER": false,
            "FENNEC_NIGHTLY": false,
            "HAVE_SHELL_SERVICE": false,
            "HAVE_USR_LIB64_DIR": false,
            "MENUBAR_CAN_AUTOHIDE": false,
            "MOZILLA_OFFICIAL": true,
            "MOZ_ALLOW_LEGACY_EXTENSIONS": false,
            "MOZ_ANDROID_ACTIVITY_STREAM": false,
            "MOZ_ANDROID_HISTORY": true,
            "MOZ_ANDROID_MOZILLA_ONLINE": false,
            "MOZ_APP_NAME": "fennec",
            "MOZ_APP_VERSION": "68.1.1",
            "MOZ_APP_VERSION_DISPLAY": "68.1.1",
            "MOZ_BING_API_CLIENTID": "no-bing-api-clientid",
            "MOZ_BING_API_KEY": "no-bing-api-key",
            "MOZ_BITS_DOWNLOAD": false,
            "MOZ_BUILD_APP": "mobile/android",
            "MOZ_CODE_COVERAGE": false,
            "MOZ_CRASHREPORTER": true,
            "MOZ_DATA_REPORTING": true,
            "MOZ_DEV_EDITION": false,
            "MOZ_GECKO_PROFILER": true,
            "MOZ_GOOGLE_LOCATION_SERVICE_API_KEY": "AIzaSyB2h2OuRcUgy5N-5hsZqiPW6sH3n_rptiQ",
            "MOZ_GOOGLE_SAFEBROWSING_API_KEY": "AIzaSyC7jsptDS3am4tPx4r3nxis7IMjBc5Dovo",
            "MOZ_GRAPHENE": false,
            "MOZ_MACBUNDLE_NAME": "Firefox.app",
            "MOZ_MAINTENANCE_SERVICE": false,
            "MOZ_MOZILLA_API_KEY": "3b4d27dd-703d-4094-8398-4de2c763505a",
            "MOZ_NEW_CERT_STORAGE": false,
            "MOZ_NEW_NOTIFICATION_STORE": false,
            "MOZ_NEW_XULSTORE": false,
            "MOZ_OFFICIAL_BRANDING": false,
            "MOZ_PLACES": false,
            "MOZ_REQUIRE_SIGNING": false,
            "MOZ_SANDBOX": false,
            "MOZ_SERVICES_HEALTHREPORT": true,
            "MOZ_SERVICES_SYNC": false,
            "MOZ_SWITCHBOARD": true,
            "MOZ_SYSTEM_NSS": false,
            "MOZ_TELEMETRY_ON_BY_DEFAULT": false,
            "MOZ_TELEMETRY_REPORTING": true,
            "MOZ_UNSIGNED_SCOPES": 0,
            "MOZ_UPDATER": false,
            "MOZ_UPDATE_CHANNEL": "release",
            "MOZ_WEBRTC": true,
            "MOZ_WIDGET_GTK": false,
            "MOZ_WIDGET_TOOLKIT": "android",
            "NIGHTLY_BUILD": false,
            "OMNIJAR_NAME": "assets/omni.ja",
            "RELEASE_OR_BETA": true,
            "SOURCE_REVISION_URL": "https://hg.mozilla.org/releases/mozilla-esr68/rev/d2e0b9e17b9bc1ef02606c8006b73293f7892ad5",
            "TELEMETRY_PING_FORMAT_VERSION": 4,
            "XP_UNIX": true,
            "isPlatformAndVersionAtLeast": {},
            "isPlatformAndVersionAtMost": {},
            "platform": "android"
          },
          "userAgent": "Mozilla/5.0 (Android 9; Mobile; rv:68.0) Gecko/68.0 Firefox/68.0",
          "windowSize": "360x612"
        },
        "pageinfo": {
          "documentHeight": 5522,
          "documentSize": {
            "decodedBodySize": 79773,
            "encodedBodySize": 17018,
            "transferSize": 18343
          },
          "documentTitle": "楽天市場",
          "documentWidth": 360,
          "domElements": 1252,
          "navigationStartTime": 1617118455960,
          "nextHopProtocol": "h2",
          "resources": {
            "count": 0,
            "duration": 0
          },
          "responsive": true,
          "url": "https://www.rakuten.co.jp/",
          "visualElements": {
            "heroes": [
              {
                "filename": "20210330_sp_bigbnr_FashionDay.jpg",
                "height": 131,
                "name": "LargestImage",
                "width": 360,
                "x": 0,
                "y": 304
              }
            ],
            "viewport": {
              "height": 612,
              "width": 360
            }
          }
        },
        "timings": {
          "firstPaint": 2981,
          "loadEventEnd": 8341,
          "navigationTiming": {
            "connectStart": 212,
            "domComplete": 8302,
            "domContentLoadedEventEnd": 5364,
            "domContentLoadedEventStart": 5353,
            "domInteractive": 4773,
            "domainLookupEnd": 212,
            "domainLookupStart": 212,
            "duration": 8341,
            "fetchStart": 2,
            "loadEventEnd": 8341,
            "loadEventStart": 8302,
            "redirectEnd": 0,
            "redirectStart": 0,
            "requestStart": 594,
            "responseEnd": 2242,
            "responseStart": 2228,
            "secureConnectionStart": 224,
            "startTime": 0,
            "unloadEventEnd": 0,
            "unloadEventStart": 0,
            "workerStart": 0
          },
          "pageTimings": {
            "backEndTime": 2228,
            "domContentLoadedTime": 5353,
            "domInteractiveTime": 4773,
            "domainLookupTime": 0,
            "frontEndTime": 6060,
            "pageDownloadTime": 14,
            "pageLoadTime": 8302,
            "redirectionTime": 0,
            "serverConnectionTime": 380,
            "serverResponseTime": 1648
          },
          "rumSpeedIndex": 2228,
          "timeToContentfulPaint": 4852,
          "timeToDomContentFlushed": 5343,
          "userTimings": {
            "marks": [
              {
                "name": "gpt-tag-load",
                "startTime": 7426.1
              },
              {
                "name": "gpt-first-ad-request",
                "startTime": 7538.32
              },
              {
                "name": "gpt-first-ad-render",
                "startTime": 8022.8
              }
            ],
            "measures": []
          }
        }
      }
    ],
    "visualMetrics": [],
    "cpu": [],
    "extras": [
      {},
      {},
      {}
    ],
    "fullyLoaded": [],
    "errors": [
      [],
      [],
      []
    ],
    "statistics": {
      "browser": {
        "appConstants": {
          "MOZ_UNSIGNED_SCOPES": {
            "median": 0,
            "mean": 0,
            "mdev": 0,
            "stddev": 0,
            "min": 0,
            "p10": 0,
            "p90": 0,
            "p99": 0,
            "max": 0
          },
          "TELEMETRY_PING_FORMAT_VERSION": {
            "median": 4,
            "mean": 4,
            "mdev": 0,
            "stddev": 0,
            "min": 4,
            "p10": 4,
            "p90": 4,
            "p99": 4,
            "max": 4
          }
        },
        "asyncAppConstants": {
          "MOZ_UNSIGNED_SCOPES": {
            "median": 0,
            "mean": 0,
            "mdev": 0,
            "stddev": 0,
            "min": 0,
            "p10": 0,
            "p90": 0,
            "p99": 0,
            "max": 0
          },
          "TELEMETRY_PING_FORMAT_VERSION": {
            "median": 4,
            "mean": 4,
            "mdev": 0,
            "stddev": 0,
            "min": 4,
            "p10": 4,
            "p90": 4,
            "p99": 4,
            "max": 4
          }
        }
      },
      "pageinfo": {
        "documentHeight": {
          "median": 5621,
          "mean": 5588,
          "mdev": 26.9444,
          "stddev": 47,
          "min": 5522,
          "p10": 5522,
          "p90": 5621,
          "p99": 5621,
          "max": 5621
        },
        "documentSize": {
          "decodedBodySize": {
            "median": 79710,
            "mean": 79727,
            "mdev": 19.1621,
            "stddev": 33,
            "min": 79697,
            "p10": 79697,
            "p90": 79773,
            "p99": 79773,
            "max": 79773
          },
          "encodedBodySize": {
            "median": 17028,
            "mean": 17030,
            "mdev": 5.9317,
            "stddev": 10,
            "min": 17018,
            "p10": 17018,
            "p90": 17043,
            "p99": 17043,
            "max": 17043
          },
          "transferSize": {
            "median": 18353,
            "mean": 18355,
            "mdev": 5.9317,
            "stddev": 10,
            "min": 18343,
            "p10": 18343,
            "p90": 18368,
            "p99": 18368,
            "max": 18368
          }
        },
        "documentWidth": {
          "median": 360,
          "mean": 360,
          "mdev": 0,
          "stddev": 0,
          "min": 360,
          "p10": 360,
          "p90": 360,
          "p99": 360,
          "max": 360
        },
        "domElements": {
          "median": 1255,
          "mean": 1254,
          "mdev": 0.8165,
          "stddev": 1,
          "min": 1252,
          "p10": 1252,
          "p90": 1255,
          "p99": 1255,
          "max": 1255
        },
        "navigationStartTime": {
          "median": 1617118432962,
          "mean": 1617118433119,
          "mdev": 0,
          "stddev": 0,
          "min": 1617118410434,
          "p10": 1617118410434,
          "p90": 1617118455960,
          "p99": 1617118455960,
          "max": 1617118455960
        },
        "resources": {
          "count": {
            "median": 0,
            "mean": 0,
            "mdev": 0,
            "stddev": 0,
            "min": 0,
            "p10": 0,
            "p90": 0,
            "p99": 0,
            "max": 0
          },
          "duration": {
            "median": 0,
            "mean": 0,
            "mdev": 0,
            "stddev": 0,
            "min": 0,
            "p10": 0,
            "p90": 0,
            "p99": 0,
            "max": 0
          }
        },
        "visualElements": {
          "heroes": [
            {
              "height": {
                "median": 131,
                "mean": 131,
                "mdev": 0,
                "stddev": 0,
                "min": 131,
                "p10": 131,
                "p90": 131,
                "p99": 131,
                "max": 131
              },
              "width": {
                "median": 360,
                "mean": 360,
                "mdev": 0,
                "stddev": 0,
                "min": 360,
                "p10": 360,
                "p90": 360,
                "p99": 360,
                "max": 360
              },
              "x": {
                "median": 0,
                "mean": 0,
                "mdev": 0,
                "stddev": 0,
                "min": 0,
                "p10": 0,
                "p90": 0,
                "p99": 0,
                "max": 0
              },
              "y": {
                "median": 304,
                "mean": 304,
                "mdev": 0,
                "stddev": 0,
                "min": 304,
                "p10": 304,
                "p90": 304,
                "p99": 304,
                "max": 304
              }
            }
          ],
          "viewport": {
            "height": {
              "median": 612,
              "mean": 612,
              "mdev": 0,
              "stddev": 0,
              "min": 612,
              "p10": 612,
              "p90": 612,
              "p99": 612,
              "max": 612
            },
            "width": {
              "median": 360,
              "mean": 360,
              "mdev": 0,
              "stddev": 0,
              "min": 360,
              "p10": 360,
              "p90": 360,
              "p99": 360,
              "max": 360
            }
          }
        }
      },
      "timings": {
        "firstPaint": {
          "median": 2132,
          "mean": 2375,
          "mdev": 248.8482,
          "stddev": 431,
          "min": 2013,
          "p10": 2013,
          "p90": 2981,
          "p99": 2981,
          "max": 2981
        },
        "loadEventEnd": {
          "median": 7880,
          "mean": 7940,
          "mdev": 176.3836,
          "stddev": 306,
          "min": 7600,
          "p10": 7600,
          "p90": 8341,
          "p99": 8341,
          "max": 8341
        },
        "navigationTiming": {
          "connectStart": {
            "median": 212,
            "mean": 201,
            "mdev": 48.5272,
            "stddev": 84,
            "min": 93,
            "p10": 93,
            "p90": 298,
            "p99": 298,
            "max": 298
          },
          "domComplete": {
            "median": 7845,
            "mean": 7891,
            "mdev": 184.0871,
            "stddev": 319,
            "min": 7525,
            "p10": 7525,
            "p90": 8302,
            "p99": 8302,
            "max": 8302
          },
          "domContentLoadedEventEnd": {
            "median": 4467,
            "mean": 4719,
            "mdev": 265.4091,
            "stddev": 460,
            "min": 4326,
            "p10": 4326,
            "p90": 5364,
            "p99": 5364,
            "max": 5364
          },
          "domContentLoadedEventStart": {
            "median": 4458,
            "mean": 4709,
            "mdev": 265.1986,
            "stddev": 459,
            "min": 4315,
            "p10": 4315,
            "p90": 5353,
            "p99": 5353,
            "max": 5353
          },
          "domInteractive": {
            "median": 3947,
            "mean": 4173,
            "mdev": 247.5885,
            "stddev": 429,
            "min": 3798,
            "p10": 3798,
            "p90": 4773,
            "p99": 4773,
            "max": 4773
          },
          "domainLookupEnd": {
            "median": 212,
            "mean": 201,
            "mdev": 48.5272,
            "stddev": 84,
            "min": 93,
            "p10": 93,
            "p90": 298,
            "p99": 298,
            "max": 298
          },
          "domainLookupStart": {
            "median": 212,
            "mean": 200,
            "mdev": 48.5531,
            "stddev": 84,
            "min": 92,
            "p10": 92,
            "p90": 297,
            "p99": 297,
            "max": 297
          },
          "duration": {
            "median": 7880,
            "mean": 7940,
            "mdev": 176.3836,
            "stddev": 306,
            "min": 7600,
            "p10": 7600,
            "p90": 8341,
            "p99": 8341,
            "max": 8341
          },
          "fetchStart": {
            "median": 2,
            "mean": 2,
            "mdev": 0,
            "stddev": 0,
            "min": 2,
            "p10": 2,
            "p90": 2,
            "p99": 2,
            "max": 2
          },
          "loadEventEnd": {
            "median": 7880,
            "mean": 7940,
            "mdev": 176.3836,
            "stddev": 306,
            "min": 7600,
            "p10": 7600,
            "p90": 8341,
            "p99": 8341,
            "max": 8341
          },
          "loadEventStart": {
            "median": 7845,
            "mean": 7891,
            "mdev": 183.8665,
            "stddev": 318,
            "min": 7526,
            "p10": 7526,
            "p90": 8302,
            "p99": 8302,
            "max": 8302
          },
          "redirectEnd": {
            "median": 0,
            "mean": 0,
            "mdev": 0,
            "stddev": 0,
            "min": 0,
            "p10": 0,
            "p90": 0,
            "p99": 0,
            "max": 0
          },
          "redirectStart": {
            "median": 0,
            "mean": 0,
            "mdev": 0,
            "stddev": 0,
            "min": 0,
            "p10": 0,
            "p90": 0,
            "p99": 0,
            "max": 0
          },
          "requestStart": {
            "median": 663,
            "mean": 655,
            "mdev": 27.2859,
            "stddev": 47,
            "min": 594,
            "p10": 594,
            "p90": 709,
            "p99": 709,
            "max": 709
          },
          "responseEnd": {
            "median": 1418,
            "mean": 1640,
            "mdev": 248.741,
            "stddev": 431,
            "min": 1259,
            "p10": 1259,
            "p90": 2242,
            "p99": 2242,
            "max": 2242
          },
          "responseStart": {
            "median": 1413,
            "mean": 1631,
            "mdev": 246.4902,
            "stddev": 427,
            "min": 1253,
            "p10": 1253,
            "p90": 2228,
            "p99": 2228,
            "max": 2228
          },
          "secureConnectionStart": {
            "median": 224,
            "mean": 214,
            "mdev": 48.5028,
            "stddev": 84,
            "min": 106,
            "p10": 106,
            "p90": 311,
            "p99": 311,
            "max": 311
          },
          "startTime": {
            "median": 0,
            "mean": 0,
            "mdev": 0,
            "stddev": 0,
            "min": 0,
            "p10": 0,
            "p90": 0,
            "p99": 0,
            "max": 0
          },
          "unloadEventEnd": {
            "median": 0,
            "mean": 0,
            "mdev": 0,
            "stddev": 0,
            "min": 0,
            "p10": 0,
            "p90": 0,
            "p99": 0,
            "max": 0
          },
          "unloadEventStart": {
            "median": 0,
            "mean": 0,
            "mdev": 0,
            "stddev": 0,
            "min": 0,
            "p10": 0,
            "p90": 0,
            "p99": 0,
            "max": 0
          },
          "workerStart": {
            "median": 0,
            "mean": 0,
            "mdev": 0,
            "stddev": 0,
            "min": 0,
            "p10": 0,
            "p90": 0,
            "p99": 0,
            "max": 0
          }
        },
        "pageTimings": {
          "backEndTime": {
            "median": 1413,
            "mean": 1631,
            "mdev": 246.4902,
            "stddev": 427,
            "min": 1253,
            "p10": 1253,
            "p90": 2228,
            "p99": 2228,
            "max": 2228
          },
          "domContentLoadedTime": {
            "median": 4458,
            "mean": 4709,
            "mdev": 265.1986,
            "stddev": 459,
            "min": 4315,
            "p10": 4315,
            "p90": 5353,
            "p99": 5353,
            "max": 5353
          },
          "domInteractiveTime": {
            "median": 3947,
            "mean": 4173,
            "mdev": 247.5885,
            "stddev": 429,
            "min": 3798,
            "p10": 3798,
            "p90": 4773,
            "p99": 4773,
            "max": 4773
          },
          "domainLookupTime": {
            "median": 0,
            "mean": 0,
            "mdev": 0,
            "stddev": 0,
            "min": 0,
            "p10": 0,
            "p90": 0,
            "p99": 0,
            "max": 0
          },
          "frontEndTime": {
            "median": 6107,
            "mean": 6251,
            "mdev": 136.9398,
            "stddev": 237,
            "min": 6060,
            "p10": 6060,
            "p90": 6585,
            "p99": 6585,
            "max": 6585
          },
          "pageDownloadTime": {
            "median": 6,
            "mean": 8,
            "mdev": 2.3254,
            "stddev": 4,
            "min": 5,
            "p10": 5,
            "p90": 14,
            "p99": 14,
            "max": 14
          },
          "pageLoadTime": {
            "median": 7845,
            "mean": 7891,
            "mdev": 183.8665,
            "stddev": 318,
            "min": 7526,
            "p10": 7526,
            "p90": 8302,
            "p99": 8302,
            "max": 8302
          },
          "redirectionTime": {
            "median": 0,
            "mean": 0,
            "mdev": 0,
            "stddev": 0,
            "min": 0,
            "p10": 0,
            "p90": 0,
            "p99": 0,
            "max": 0
          },
          "serverConnectionTime": {
            "median": 410,
            "mean": 453,
            "mdev": 47.8818,
            "stddev": 83,
            "min": 380,
            "p10": 380,
            "p90": 569,
            "p99": 569,
            "max": 569
          },
          "serverResponseTime": {
            "median": 756,
            "mean": 985,
            "mdev": 275.1231,
            "stddev": 477,
            "min": 550,
            "p10": 550,
            "p90": 1648,
            "p99": 1648,
            "max": 1648
          }
        },
        "rumSpeedIndex": {
          "median": 1413,
          "mean": 1631,
          "mdev": 246.4902,
          "stddev": 427,
          "min": 1253,
          "p10": 1253,
          "p90": 2228,
          "p99": 2228,
          "max": 2228
        },
        "timeToContentfulPaint": {
          "median": 4038,
          "mean": 4265,
          "mdev": 241.849,
          "stddev": 419,
          "min": 3904,
          "p10": 3904,
          "p90": 4852,
          "p99": 4852,
          "max": 4852
        },
        "timeToDomContentFlushed": {
          "median": 4484,
          "mean": 4709,
          "mdev": 262.611,
          "stddev": 455,
          "min": 4299,
          "p10": 4299,
          "p90": 5343,
          "p99": 5343,
          "max": 5343
        },
        "userTimings": {
          "marks": {
            "gpt-tag-load": {
              "median": 6967,
              "mean": 7100,
              "mdev": 134.0439,
              "stddev": 232,
              "min": 6906,
              "p10": 6906,
              "p90": 7426,
              "p99": 7426,
              "max": 7426
            },
            "gpt-first-ad-request": {
              "median": 7142,
              "mean": 7235,
              "mdev": 127.1027,
              "stddev": 220,
              "min": 7023,
              "p10": 7023,
              "p90": 7538,
              "p99": 7538,
              "max": 7538
            },
            "gpt-first-ad-render": {
              "median": 7698,
              "mean": 7685,
              "mdev": 162.5434,
              "stddev": 282,
              "min": 7334,
              "p10": 7334,
              "p90": 8023,
              "p99": 8023,
              "max": 8023
            }
          }
        }
      }
    }
  }
]