[
  {
    "info": {
      "browsertime": {
        "version": "8.4.0"
      },
      "url": "https://www.researchgate.net/",
      "timestamp": "2021-03-30T21:39:03+04:00",
      "connectivity": {
        "engine": "external",
        "profile": "native"
      },
      "extra": {}
    },
    "files": {
      "video": [],
      "screenshot": [],
      "timeline": [],
      "consoleLog": [],
      "netLog": [],
      "perfLog": []
    },
    "cdp": {
      "performance": []
    },
    "timestamps": [
      "2021-03-30T21:38:53+04:00",
      "2021-03-30T21:39:10+04:00",
      "2021-03-30T21:39:27+04:00"
    ],
    "browserScripts": [
      {
        "browser": {
          "appConstants": {
            "ACCESSIBILITY": true,
            "ANDROID_PACKAGE_NAME": "org.mozilla.firefox",
            "ASAN": false,
            "ASAN_REPORTER": false,
            "BROWSER_CHROME_URL": "chrome://browser/content/browser.xul",
            "DEBUG": false,
            "DEBUG_JS_MODULES": "",
            "DLL_PREFIX": "lib",
            "DLL_SUFFIX": ".so",
            "EARLY_BETA_OR_EARLIER": false,
            "FENNEC_NIGHTLY": false,
            "HAVE_SHELL_SERVICE": false,
            "HAVE_USR_LIB64_DIR": false,
            "MENUBAR_CAN_AUTOHIDE": false,
            "MOZILLA_OFFICIAL": true,
            "MOZ_ALLOW_LEGACY_EXTENSIONS": false,
            "MOZ_ANDROID_ACTIVITY_STREAM": false,
            "MOZ_ANDROID_HISTORY": true,
            "MOZ_ANDROID_MOZILLA_ONLINE": false,
            "MOZ_APP_NAME": "fennec",
            "MOZ_APP_VERSION": "68.1.1",
            "MOZ_APP_VERSION_DISPLAY": "68.1.1",
            "MOZ_BING_API_CLIENTID": "no-bing-api-clientid",
            "MOZ_BING_API_KEY": "no-bing-api-key",
            "MOZ_BITS_DOWNLOAD": false,
            "MOZ_BUILD_APP": "mobile/android",
            "MOZ_CODE_COVERAGE": false,
            "MOZ_CRASHREPORTER": true,
            "MOZ_DATA_REPORTING": true,
            "MOZ_DEV_EDITION": false,
            "MOZ_GECKO_PROFILER": true,
            "MOZ_GOOGLE_LOCATION_SERVICE_API_KEY": "AIzaSyB2h2OuRcUgy5N-5hsZqiPW6sH3n_rptiQ",
            "MOZ_GOOGLE_SAFEBROWSING_API_KEY": "AIzaSyC7jsptDS3am4tPx4r3nxis7IMjBc5Dovo",
            "MOZ_GRAPHENE": false,
            "MOZ_MACBUNDLE_NAME": "Firefox.app",
            "MOZ_MAINTENANCE_SERVICE": false,
            "MOZ_MOZILLA_API_KEY": "3b4d27dd-703d-4094-8398-4de2c763505a",
            "MOZ_NEW_CERT_STORAGE": false,
            "MOZ_NEW_NOTIFICATION_STORE": false,
            "MOZ_NEW_XULSTORE": false,
            "MOZ_OFFICIAL_BRANDING": false,
            "MOZ_PLACES": false,
            "MOZ_REQUIRE_SIGNING": false,
            "MOZ_SANDBOX": false,
            "MOZ_SERVICES_HEALTHREPORT": true,
            "MOZ_SERVICES_SYNC": false,
            "MOZ_SWITCHBOARD": true,
            "MOZ_SYSTEM_NSS": false,
            "MOZ_TELEMETRY_ON_BY_DEFAULT": false,
            "MOZ_TELEMETRY_REPORTING": true,
            "MOZ_UNSIGNED_SCOPES": 0,
            "MOZ_UPDATER": false,
            "MOZ_UPDATE_CHANNEL": "release",
            "MOZ_WEBRTC": true,
            "MOZ_WIDGET_GTK": false,
            "MOZ_WIDGET_TOOLKIT": "android",
            "NIGHTLY_BUILD": false,
            "OMNIJAR_NAME": "assets/omni.ja",
            "RELEASE_OR_BETA": true,
            "SOURCE_REVISION_URL": "https://hg.mozilla.org/releases/mozilla-esr68/rev/d2e0b9e17b9bc1ef02606c8006b73293f7892ad5",
            "TELEMETRY_PING_FORMAT_VERSION": 4,
            "XP_UNIX": true,
            "isPlatformAndVersionAtLeast": {},
            "isPlatformAndVersionAtMost": {},
            "platform": "android"
          },
          "asyncAppConstants": {
            "ACCESSIBILITY": true,
            "ANDROID_PACKAGE_NAME": "org.mozilla.firefox",
            "ASAN": false,
            "ASAN_REPORTER": false,
            "BROWSER_CHROME_URL": "chrome://browser/content/browser.xul",
            "DEBUG": false,
            "DEBUG_JS_MODULES": "",
            "DLL_PREFIX": "lib",
            "DLL_SUFFIX": ".so",
            "EARLY_BETA_OR_EARLIER": false,
            "FENNEC_NIGHTLY": false,
            "HAVE_SHELL_SERVICE": false,
            "HAVE_USR_LIB64_DIR": false,
            "MENUBAR_CAN_AUTOHIDE": false,
            "MOZILLA_OFFICIAL": true,
            "MOZ_ALLOW_LEGACY_EXTENSIONS": false,
            "MOZ_ANDROID_ACTIVITY_STREAM": false,
            "MOZ_ANDROID_HISTORY": true,
            "MOZ_ANDROID_MOZILLA_ONLINE": false,
            "MOZ_APP_NAME": "fennec",
            "MOZ_APP_VERSION": "68.1.1",
            "MOZ_APP_VERSION_DISPLAY": "68.1.1",
            "MOZ_BING_API_CLIENTID": "no-bing-api-clientid",
            "MOZ_BING_API_KEY": "no-bing-api-key",
            "MOZ_BITS_DOWNLOAD": false,
            "MOZ_BUILD_APP": "mobile/android",
            "MOZ_CODE_COVERAGE": false,
            "MOZ_CRASHREPORTER": true,
            "MOZ_DATA_REPORTING": true,
            "MOZ_DEV_EDITION": false,
            "MOZ_GECKO_PROFILER": true,
            "MOZ_GOOGLE_LOCATION_SERVICE_API_KEY": "AIzaSyB2h2OuRcUgy5N-5hsZqiPW6sH3n_rptiQ",
            "MOZ_GOOGLE_SAFEBROWSING_API_KEY": "AIzaSyC7jsptDS3am4tPx4r3nxis7IMjBc5Dovo",
            "MOZ_GRAPHENE": false,
            "MOZ_MACBUNDLE_NAME": "Firefox.app",
            "MOZ_MAINTENANCE_SERVICE": false,
            "MOZ_MOZILLA_API_KEY": "3b4d27dd-703d-4094-8398-4de2c763505a",
            "MOZ_NEW_CERT_STORAGE": false,
            "MOZ_NEW_NOTIFICATION_STORE": false,
            "MOZ_NEW_XULSTORE": false,
            "MOZ_OFFICIAL_BRANDING": false,
            "MOZ_PLACES": false,
            "MOZ_REQUIRE_SIGNING": false,
            "MOZ_SANDBOX": false,
            "MOZ_SERVICES_HEALTHREPORT": true,
            "MOZ_SERVICES_SYNC": false,
            "MOZ_SWITCHBOARD": true,
            "MOZ_SYSTEM_NSS": false,
            "MOZ_TELEMETRY_ON_BY_DEFAULT": false,
            "MOZ_TELEMETRY_REPORTING": true,
            "MOZ_UNSIGNED_SCOPES": 0,
            "MOZ_UPDATER": false,
            "MOZ_UPDATE_CHANNEL": "release",
            "MOZ_WEBRTC": true,
            "MOZ_WIDGET_GTK": false,
            "MOZ_WIDGET_TOOLKIT": "android",
            "NIGHTLY_BUILD": false,
            "OMNIJAR_NAME": "assets/omni.ja",
            "RELEASE_OR_BETA": true,
            "SOURCE_REVISION_URL": "https://hg.mozilla.org/releases/mozilla-esr68/rev/d2e0b9e17b9bc1ef02606c8006b73293f7892ad5",
            "TELEMETRY_PING_FORMAT_VERSION": 4,
            "XP_UNIX": true,
            "isPlatformAndVersionAtLeast": {},
            "isPlatformAndVersionAtMost": {},
            "platform": "android"
          },
          "userAgent": "Mozilla/5.0 (Android 9; Mobile; rv:68.0) Gecko/68.0 Firefox/68.0",
          "windowSize": "360x612"
        },
        "pageinfo": {
          "documentHeight": 3935,
          "documentSize": {
            "decodedBodySize": 36542,
            "encodedBodySize": 9144,
            "transferSize": 10702
          },
          "documentTitle": "ResearchGate | Find and share research",
          "documentWidth": 372,
          "domElements": 275,
          "navigationStartTime": 1617125933607,
          "nextHopProtocol": "h2",
          "resources": {
            "count": 0,
            "duration": 0
          },
          "responsive": false,
          "url": "https://www.researchgate.net/",
          "visualElements": {
            "heroes": [
              {
                "filename": "new-index-logo.svg",
                "height": 14,
                "name": "LargestImage",
                "width": 110,
                "x": 16,
                "y": 16
              },
              {
                "filename": null,
                "height": 120,
                "name": "Heading",
                "width": 260,
                "x": 56,
                "y": 296
              }
            ],
            "viewport": {
              "height": 612,
              "width": 360
            }
          }
        },
        "timings": {
          "firstPaint": 1722,
          "loadEventEnd": 3648,
          "navigationTiming": {
            "connectStart": 290,
            "domComplete": 3647,
            "domContentLoadedEventEnd": 3100,
            "domContentLoadedEventStart": 2804,
            "domInteractive": 2021,
            "domainLookupEnd": 290,
            "domainLookupStart": 290,
            "duration": 3648,
            "fetchStart": 3,
            "loadEventEnd": 3648,
            "loadEventStart": 3648,
            "redirectEnd": 0,
            "redirectStart": 0,
            "requestStart": 397,
            "responseEnd": 694,
            "responseStart": 686,
            "secureConnectionStart": 302,
            "startTime": 0,
            "unloadEventEnd": 0,
            "unloadEventStart": 0,
            "workerStart": 0
          },
          "pageTimings": {
            "backEndTime": 686,
            "domContentLoadedTime": 2804,
            "domInteractiveTime": 2021,
            "domainLookupTime": 0,
            "frontEndTime": 2954,
            "pageDownloadTime": 8,
            "pageLoadTime": 3648,
            "redirectionTime": 0,
            "serverConnectionTime": 106,
            "serverResponseTime": 297
          },
          "rumSpeedIndex": 686,
          "timeToContentfulPaint": 1923,
          "timeToDomContentFlushed": 1382,
          "userTimings": {
            "marks": [],
            "measures": []
          }
        }
      },
      {
        "browser": {
          "appConstants": {
            "ACCESSIBILITY": true,
            "ANDROID_PACKAGE_NAME": "org.mozilla.firefox",
            "ASAN": false,
            "ASAN_REPORTER": false,
            "BROWSER_CHROME_URL": "chrome://browser/content/browser.xul",
            "DEBUG": false,
            "DEBUG_JS_MODULES": "",
            "DLL_PREFIX": "lib",
            "DLL_SUFFIX": ".so",
            "EARLY_BETA_OR_EARLIER": false,
            "FENNEC_NIGHTLY": false,
            "HAVE_SHELL_SERVICE": false,
            "HAVE_USR_LIB64_DIR": false,
            "MENUBAR_CAN_AUTOHIDE": false,
            "MOZILLA_OFFICIAL": true,
            "MOZ_ALLOW_LEGACY_EXTENSIONS": false,
            "MOZ_ANDROID_ACTIVITY_STREAM": false,
            "MOZ_ANDROID_HISTORY": true,
            "MOZ_ANDROID_MOZILLA_ONLINE": false,
            "MOZ_APP_NAME": "fennec",
            "MOZ_APP_VERSION": "68.1.1",
            "MOZ_APP_VERSION_DISPLAY": "68.1.1",
            "MOZ_BING_API_CLIENTID": "no-bing-api-clientid",
            "MOZ_BING_API_KEY": "no-bing-api-key",
            "MOZ_BITS_DOWNLOAD": false,
            "MOZ_BUILD_APP": "mobile/android",
            "MOZ_CODE_COVERAGE": false,
            "MOZ_CRASHREPORTER": true,
            "MOZ_DATA_REPORTING": true,
            "MOZ_DEV_EDITION": false,
            "MOZ_GECKO_PROFILER": true,
            "MOZ_GOOGLE_LOCATION_SERVICE_API_KEY": "AIzaSyB2h2OuRcUgy5N-5hsZqiPW6sH3n_rptiQ",
            "MOZ_GOOGLE_SAFEBROWSING_API_KEY": "AIzaSyC7jsptDS3am4tPx4r3nxis7IMjBc5Dovo",
            "MOZ_GRAPHENE": false,
            "MOZ_MACBUNDLE_NAME": "Firefox.app",
            "MOZ_MAINTENANCE_SERVICE": false,
            "MOZ_MOZILLA_API_KEY": "3b4d27dd-703d-4094-8398-4de2c763505a",
            "MOZ_NEW_CERT_STORAGE": false,
            "MOZ_NEW_NOTIFICATION_STORE": false,
            "MOZ_NEW_XULSTORE": false,
            "MOZ_OFFICIAL_BRANDING": false,
            "MOZ_PLACES": false,
            "MOZ_REQUIRE_SIGNING": false,
            "MOZ_SANDBOX": false,
            "MOZ_SERVICES_HEALTHREPORT": true,
            "MOZ_SERVICES_SYNC": false,
            "MOZ_SWITCHBOARD": true,
            "MOZ_SYSTEM_NSS": false,
            "MOZ_TELEMETRY_ON_BY_DEFAULT": false,
            "MOZ_TELEMETRY_REPORTING": true,
            "MOZ_UNSIGNED_SCOPES": 0,
            "MOZ_UPDATER": false,
            "MOZ_UPDATE_CHANNEL": "release",
            "MOZ_WEBRTC": true,
            "MOZ_WIDGET_GTK": false,
            "MOZ_WIDGET_TOOLKIT": "android",
            "NIGHTLY_BUILD": false,
            "OMNIJAR_NAME": "assets/omni.ja",
            "RELEASE_OR_BETA": true,
            "SOURCE_REVISION_URL": "https://hg.mozilla.org/releases/mozilla-esr68/rev/d2e0b9e17b9bc1ef02606c8006b73293f7892ad5",
            "TELEMETRY_PING_FORMAT_VERSION": 4,
            "XP_UNIX": true,
            "isPlatformAndVersionAtLeast": {},
            "isPlatformAndVersionAtMost": {},
            "platform": "android"
          },
          "asyncAppConstants": {
            "ACCESSIBILITY": true,
            "ANDROID_PACKAGE_NAME": "org.mozilla.firefox",
            "ASAN": false,
            "ASAN_REPORTER": false,
            "BROWSER_CHROME_URL": "chrome://browser/content/browser.xul",
            "DEBUG": false,
            "DEBUG_JS_MODULES": "",
            "DLL_PREFIX": "lib",
            "DLL_SUFFIX": ".so",
            "EARLY_BETA_OR_EARLIER": false,
            "FENNEC_NIGHTLY": false,
            "HAVE_SHELL_SERVICE": false,
            "HAVE_USR_LIB64_DIR": false,
            "MENUBAR_CAN_AUTOHIDE": false,
            "MOZILLA_OFFICIAL": true,
            "MOZ_ALLOW_LEGACY_EXTENSIONS": false,
            "MOZ_ANDROID_ACTIVITY_STREAM": false,
            "MOZ_ANDROID_HISTORY": true,
            "MOZ_ANDROID_MOZILLA_ONLINE": false,
            "MOZ_APP_NAME": "fennec",
            "MOZ_APP_VERSION": "68.1.1",
            "MOZ_APP_VERSION_DISPLAY": "68.1.1",
            "MOZ_BING_API_CLIENTID": "no-bing-api-clientid",
            "MOZ_BING_API_KEY": "no-bing-api-key",
            "MOZ_BITS_DOWNLOAD": false,
            "MOZ_BUILD_APP": "mobile/android",
            "MOZ_CODE_COVERAGE": false,
            "MOZ_CRASHREPORTER": true,
            "MOZ_DATA_REPORTING": true,
            "MOZ_DEV_EDITION": false,
            "MOZ_GECKO_PROFILER": true,
            "MOZ_GOOGLE_LOCATION_SERVICE_API_KEY": "AIzaSyB2h2OuRcUgy5N-5hsZqiPW6sH3n_rptiQ",
            "MOZ_GOOGLE_SAFEBROWSING_API_KEY": "AIzaSyC7jsptDS3am4tPx4r3nxis7IMjBc5Dovo",
            "MOZ_GRAPHENE": false,
            "MOZ_MACBUNDLE_NAME": "Firefox.app",
            "MOZ_MAINTENANCE_SERVICE": false,
            "MOZ_MOZILLA_API_KEY": "3b4d27dd-703d-4094-8398-4de2c763505a",
            "MOZ_NEW_CERT_STORAGE": false,
            "MOZ_NEW_NOTIFICATION_STORE": false,
            "MOZ_NEW_XULSTORE": false,
            "MOZ_OFFICIAL_BRANDING": false,
            "MOZ_PLACES": false,
            "MOZ_REQUIRE_SIGNING": false,
            "MOZ_SANDBOX": false,
            "MOZ_SERVICES_HEALTHREPORT": true,
            "MOZ_SERVICES_SYNC": false,
            "MOZ_SWITCHBOARD": true,
            "MOZ_SYSTEM_NSS": false,
            "MOZ_TELEMETRY_ON_BY_DEFAULT": false,
            "MOZ_TELEMETRY_REPORTING": true,
            "MOZ_UNSIGNED_SCOPES": 0,
            "MOZ_UPDATER": false,
            "MOZ_UPDATE_CHANNEL": "release",
            "MOZ_WEBRTC": true,
            "MOZ_WIDGET_GTK": false,
            "MOZ_WIDGET_TOOLKIT": "android",
            "NIGHTLY_BUILD": false,
            "OMNIJAR_NAME": "assets/omni.ja",
            "RELEASE_OR_BETA": true,
            "SOURCE_REVISION_URL": "https://hg.mozilla.org/releases/mozilla-esr68/rev/d2e0b9e17b9bc1ef02606c8006b73293f7892ad5",
            "TELEMETRY_PING_FORMAT_VERSION": 4,
            "XP_UNIX": true,
            "isPlatformAndVersionAtLeast": {},
            "isPlatformAndVersionAtMost": {},
            "platform": "android"
          },
          "userAgent": "Mozilla/5.0 (Android 9; Mobile; rv:68.0) Gecko/68.0 Firefox/68.0",
          "windowSize": "360x612"
        },
        "pageinfo": {
          "documentHeight": 3935,
          "documentSize": {
            "decodedBodySize": 36542,
            "encodedBodySize": 9056,
            "transferSize": 10614
          },
          "documentTitle": "ResearchGate | Find and share research",
          "documentWidth": 372,
          "domElements": 275,
          "navigationStartTime": 1617125950616,
          "nextHopProtocol": "h2",
          "resources": {
            "count": 0,
            "duration": 0
          },
          "responsive": false,
          "url": "https://www.researchgate.net/",
          "visualElements": {
            "heroes": [
              {
                "filename": "new-index-logo.svg",
                "height": 14,
                "name": "LargestImage",
                "width": 110,
                "x": 16,
                "y": 16
              },
              {
                "filename": null,
                "height": 120,
                "name": "Heading",
                "width": 260,
                "x": 56,
                "y": 296
              }
            ],
            "viewport": {
              "height": 612,
              "width": 360
            }
          }
        },
        "timings": {
          "firstPaint": 1929,
          "loadEventEnd": 4003,
          "navigationTiming": {
            "connectStart": 294,
            "domComplete": 4000,
            "domContentLoadedEventEnd": 3011,
            "domContentLoadedEventStart": 2727,
            "domInteractive": 2125,
            "domainLookupEnd": 293,
            "domainLookupStart": 293,
            "duration": 4003,
            "fetchStart": 2,
            "loadEventEnd": 4003,
            "loadEventStart": 4000,
            "redirectEnd": 0,
            "redirectStart": 0,
            "requestStart": 381,
            "responseEnd": 666,
            "responseStart": 658,
            "secureConnectionStart": 307,
            "startTime": 0,
            "unloadEventEnd": 0,
            "unloadEventStart": 0,
            "workerStart": 0
          },
          "pageTimings": {
            "backEndTime": 658,
            "domContentLoadedTime": 2727,
            "domInteractiveTime": 2125,
            "domainLookupTime": 0,
            "frontEndTime": 3334,
            "pageDownloadTime": 8,
            "pageLoadTime": 4000,
            "redirectionTime": 0,
            "serverConnectionTime": 87,
            "serverResponseTime": 285
          },
          "rumSpeedIndex": 658,
          "timeToContentfulPaint": 2157,
          "timeToDomContentFlushed": 1485,
          "userTimings": {
            "marks": [],
            "measures": []
          }
        }
      },
      {
        "browser": {
          "appConstants": {
            "ACCESSIBILITY": true,
            "ANDROID_PACKAGE_NAME": "org.mozilla.firefox",
            "ASAN": false,
            "ASAN_REPORTER": false,
            "BROWSER_CHROME_URL": "chrome://browser/content/browser.xul",
            "DEBUG": false,
            "DEBUG_JS_MODULES": "",
            "DLL_PREFIX": "lib",
            "DLL_SUFFIX": ".so",
            "EARLY_BETA_OR_EARLIER": false,
            "FENNEC_NIGHTLY": false,
            "HAVE_SHELL_SERVICE": false,
            "HAVE_USR_LIB64_DIR": false,
            "MENUBAR_CAN_AUTOHIDE": false,
            "MOZILLA_OFFICIAL": true,
            "MOZ_ALLOW_LEGACY_EXTENSIONS": false,
            "MOZ_ANDROID_ACTIVITY_STREAM": false,
            "MOZ_ANDROID_HISTORY": true,
            "MOZ_ANDROID_MOZILLA_ONLINE": false,
            "MOZ_APP_NAME": "fennec",
            "MOZ_APP_VERSION": "68.1.1",
            "MOZ_APP_VERSION_DISPLAY": "68.1.1",
            "MOZ_BING_API_CLIENTID": "no-bing-api-clientid",
            "MOZ_BING_API_KEY": "no-bing-api-key",
            "MOZ_BITS_DOWNLOAD": false,
            "MOZ_BUILD_APP": "mobile/android",
            "MOZ_CODE_COVERAGE": false,
            "MOZ_CRASHREPORTER": true,
            "MOZ_DATA_REPORTING": true,
            "MOZ_DEV_EDITION": false,
            "MOZ_GECKO_PROFILER": true,
            "MOZ_GOOGLE_LOCATION_SERVICE_API_KEY": "AIzaSyB2h2OuRcUgy5N-5hsZqiPW6sH3n_rptiQ",
            "MOZ_GOOGLE_SAFEBROWSING_API_KEY": "AIzaSyC7jsptDS3am4tPx4r3nxis7IMjBc5Dovo",
            "MOZ_GRAPHENE": false,
            "MOZ_MACBUNDLE_NAME": "Firefox.app",
            "MOZ_MAINTENANCE_SERVICE": false,
            "MOZ_MOZILLA_API_KEY": "3b4d27dd-703d-4094-8398-4de2c763505a",
            "MOZ_NEW_CERT_STORAGE": false,
            "MOZ_NEW_NOTIFICATION_STORE": false,
            "MOZ_NEW_XULSTORE": false,
            "MOZ_OFFICIAL_BRANDING": false,
            "MOZ_PLACES": false,
            "MOZ_REQUIRE_SIGNING": false,
            "MOZ_SANDBOX": false,
            "MOZ_SERVICES_HEALTHREPORT": true,
            "MOZ_SERVICES_SYNC": false,
            "MOZ_SWITCHBOARD": true,
            "MOZ_SYSTEM_NSS": false,
            "MOZ_TELEMETRY_ON_BY_DEFAULT": false,
            "MOZ_TELEMETRY_REPORTING": true,
            "MOZ_UNSIGNED_SCOPES": 0,
            "MOZ_UPDATER": false,
            "MOZ_UPDATE_CHANNEL": "release",
            "MOZ_WEBRTC": true,
            "MOZ_WIDGET_GTK": false,
            "MOZ_WIDGET_TOOLKIT": "android",
            "NIGHTLY_BUILD": false,
            "OMNIJAR_NAME": "assets/omni.ja",
            "RELEASE_OR_BETA": true,
            "SOURCE_REVISION_URL": "https://hg.mozilla.org/releases/mozilla-esr68/rev/d2e0b9e17b9bc1ef02606c8006b73293f7892ad5",
            "TELEMETRY_PING_FORMAT_VERSION": 4,
            "XP_UNIX": true,
            "isPlatformAndVersionAtLeast": {},
            "isPlatformAndVersionAtMost": {},
            "platform": "android"
          },
          "asyncAppConstants": {
            "ACCESSIBILITY": true,
            "ANDROID_PACKAGE_NAME": "org.mozilla.firefox",
            "ASAN": false,
            "ASAN_REPORTER": false,
            "BROWSER_CHROME_URL": "chrome://browser/content/browser.xul",
            "DEBUG": false,
            "DEBUG_JS_MODULES": "",
            "DLL_PREFIX": "lib",
            "DLL_SUFFIX": ".so",
            "EARLY_BETA_OR_EARLIER": false,
            "FENNEC_NIGHTLY": false,
            "HAVE_SHELL_SERVICE": false,
            "HAVE_USR_LIB64_DIR": false,
            "MENUBAR_CAN_AUTOHIDE": false,
            "MOZILLA_OFFICIAL": true,
            "MOZ_ALLOW_LEGACY_EXTENSIONS": false,
            "MOZ_ANDROID_ACTIVITY_STREAM": false,
            "MOZ_ANDROID_HISTORY": true,
            "MOZ_ANDROID_MOZILLA_ONLINE": false,
            "MOZ_APP_NAME": "fennec",
            "MOZ_APP_VERSION": "68.1.1",
            "MOZ_APP_VERSION_DISPLAY": "68.1.1",
            "MOZ_BING_API_CLIENTID": "no-bing-api-clientid",
            "MOZ_BING_API_KEY": "no-bing-api-key",
            "MOZ_BITS_DOWNLOAD": false,
            "MOZ_BUILD_APP": "mobile/android",
            "MOZ_CODE_COVERAGE": false,
            "MOZ_CRASHREPORTER": true,
            "MOZ_DATA_REPORTING": true,
            "MOZ_DEV_EDITION": false,
            "MOZ_GECKO_PROFILER": true,
            "MOZ_GOOGLE_LOCATION_SERVICE_API_KEY": "AIzaSyB2h2OuRcUgy5N-5hsZqiPW6sH3n_rptiQ",
            "MOZ_GOOGLE_SAFEBROWSING_API_KEY": "AIzaSyC7jsptDS3am4tPx4r3nxis7IMjBc5Dovo",
            "MOZ_GRAPHENE": false,
            "MOZ_MACBUNDLE_NAME": "Firefox.app",
            "MOZ_MAINTENANCE_SERVICE": false,
            "MOZ_MOZILLA_API_KEY": "3b4d27dd-703d-4094-8398-4de2c763505a",
            "MOZ_NEW_CERT_STORAGE": false,
            "MOZ_NEW_NOTIFICATION_STORE": false,
            "MOZ_NEW_XULSTORE": false,
            "MOZ_OFFICIAL_BRANDING": false,
            "MOZ_PLACES": false,
            "MOZ_REQUIRE_SIGNING": false,
            "MOZ_SANDBOX": false,
            "MOZ_SERVICES_HEALTHREPORT": true,
            "MOZ_SERVICES_SYNC": false,
            "MOZ_SWITCHBOARD": true,
            "MOZ_SYSTEM_NSS": false,
            "MOZ_TELEMETRY_ON_BY_DEFAULT": false,
            "MOZ_TELEMETRY_REPORTING": true,
            "MOZ_UNSIGNED_SCOPES": 0,
            "MOZ_UPDATER": false,
            "MOZ_UPDATE_CHANNEL": "release",
            "MOZ_WEBRTC": true,
            "MOZ_WIDGET_GTK": false,
            "MOZ_WIDGET_TOOLKIT": "android",
            "NIGHTLY_BUILD": false,
            "OMNIJAR_NAME": "assets/omni.ja",
            "RELEASE_OR_BETA": true,
            "SOURCE_REVISION_URL": "https://hg.mozilla.org/releases/mozilla-esr68/rev/d2e0b9e17b9bc1ef02606c8006b73293f7892ad5",
            "TELEMETRY_PING_FORMAT_VERSION": 4,
            "XP_UNIX": true,
            "isPlatformAndVersionAtLeast": {},
            "isPlatformAndVersionAtMost": {},
            "platform": "android"
          },
          "userAgent": "Mozilla/5.0 (Android 9; Mobile; rv:68.0) Gecko/68.0 Firefox/68.0",
          "windowSize": "360x612"
        },
        "pageinfo": {
          "documentHeight": 3935,
          "documentSize": {
            "decodedBodySize": 36542,
            "encodedBodySize": 9097,
            "transferSize": 10655
          },
          "documentTitle": "ResearchGate | Find and share research",
          "documentWidth": 372,
          "domElements": 275,
          "navigationStartTime": 1617125967742,
          "nextHopProtocol": "h2",
          "resources": {
            "count": 0,
            "duration": 0
          },
          "responsive": false,
          "url": "https://www.researchgate.net/",
          "visualElements": {
            "heroes": [
              {
                "filename": "new-index-logo.svg",
                "height": 14,
                "name": "LargestImage",
                "width": 110,
                "x": 16,
                "y": 16
              },
              {
                "filename": null,
                "height": 120,
                "name": "Heading",
                "width": 260,
                "x": 56,
                "y": 296
              }
            ],
            "viewport": {
              "height": 612,
              "width": 360
            }
          }
        },
        "timings": {
          "firstPaint": 1663,
          "loadEventEnd": 3727,
          "navigationTiming": {
            "connectStart": 102,
            "domComplete": 3722,
            "domContentLoadedEventEnd": 2529,
            "domContentLoadedEventStart": 2242,
            "domInteractive": 1742,
            "domainLookupEnd": 101,
            "domainLookupStart": 101,
            "duration": 3727,
            "fetchStart": 2,
            "loadEventEnd": 3727,
            "loadEventStart": 3722,
            "redirectEnd": 0,
            "redirectStart": 0,
            "requestStart": 265,
            "responseEnd": 558,
            "responseStart": 550,
            "secureConnectionStart": 137,
            "startTime": 0,
            "unloadEventEnd": 0,
            "unloadEventStart": 0,
            "workerStart": 0
          },
          "pageTimings": {
            "backEndTime": 550,
            "domContentLoadedTime": 2242,
            "domInteractiveTime": 1742,
            "domainLookupTime": 0,
            "frontEndTime": 3164,
            "pageDownloadTime": 9,
            "pageLoadTime": 3722,
            "redirectionTime": 0,
            "serverConnectionTime": 162,
            "serverResponseTime": 293
          },
          "rumSpeedIndex": 549,
          "timeToContentfulPaint": 1817,
          "timeToDomContentFlushed": 1197,
          "userTimings": {
            "marks": [],
            "measures": []
          }
        }
      }
    ],
    "visualMetrics": [],
    "cpu": [],
    "extras": [
      {},
      {},
      {}
    ],
    "fullyLoaded": [],
    "errors": [
      [],
      [],
      []
    ],
    "statistics": {
      "browser": {
        "appConstants": {
          "MOZ_UNSIGNED_SCOPES": {
            "median": 0,
            "mean": 0,
            "mdev": 0,
            "stddev": 0,
            "min": 0,
            "p10": 0,
            "p90": 0,
            "p99": 0,
            "max": 0
          },
          "TELEMETRY_PING_FORMAT_VERSION": {
            "median": 4,
            "mean": 4,
            "mdev": 0,
            "stddev": 0,
            "min": 4,
            "p10": 4,
            "p90": 4,
            "p99": 4,
            "max": 4
          }
        },
        "asyncAppConstants": {
          "MOZ_UNSIGNED_SCOPES": {
            "median": 0,
            "mean": 0,
            "mdev": 0,
            "stddev": 0,
            "min": 0,
            "p10": 0,
            "p90": 0,
            "p99": 0,
            "max": 0
          },
          "TELEMETRY_PING_FORMAT_VERSION": {
            "median": 4,
            "mean": 4,
            "mdev": 0,
            "stddev": 0,
            "min": 4,
            "p10": 4,
            "p90": 4,
            "p99": 4,
            "max": 4
          }
        }
      },
      "pageinfo": {
        "documentHeight": {
          "median": 3935,
          "mean": 3935,
          "mdev": 0,
          "stddev": 0,
          "min": 3935,
          "p10": 3935,
          "p90": 3935,
          "p99": 3935,
          "max": 3935
        },
        "documentSize": {
          "decodedBodySize": {
            "median": 36542,
            "mean": 36542,
            "mdev": 0,
            "stddev": 0,
            "min": 36542,
            "p10": 36542,
            "p90": 36542,
            "p99": 36542,
            "max": 36542
          },
          "encodedBodySize": {
            "median": 9097,
            "mean": 9099,
            "mdev": 20.7579,
            "stddev": 36,
            "min": 9056,
            "p10": 9056,
            "p90": 9144,
            "p99": 9144,
            "max": 9144
          },
          "transferSize": {
            "median": 10655,
            "mean": 10657,
            "mdev": 20.7579,
            "stddev": 36,
            "min": 10614,
            "p10": 10614,
            "p90": 10702,
            "p99": 10702,
            "max": 10702
          }
        },
        "documentWidth": {
          "median": 372,
          "mean": 372,
          "mdev": 0,
          "stddev": 0,
          "min": 372,
          "p10": 372,
          "p90": 372,
          "p99": 372,
          "max": 372
        },
        "domElements": {
          "median": 275,
          "mean": 275,
          "mdev": 0,
          "stddev": 0,
          "min": 275,
          "p10": 275,
          "p90": 275,
          "p99": 275,
          "max": 275
        },
        "navigationStartTime": {
          "median": 1617125950616,
          "mean": 1617125950655,
          "mdev": 0,
          "stddev": 0,
          "min": 1617125933607,
          "p10": 1617125933607,
          "p90": 1617125967742,
          "p99": 1617125967742,
          "max": 1617125967742
        },
        "resources": {
          "count": {
            "median": 0,
            "mean": 0,
            "mdev": 0,
            "stddev": 0,
            "min": 0,
            "p10": 0,
            "p90": 0,
            "p99": 0,
            "max": 0
          },
          "duration": {
            "median": 0,
            "mean": 0,
            "mdev": 0,
            "stddev": 0,
            "min": 0,
            "p10": 0,
            "p90": 0,
            "p99": 0,
            "max": 0
          }
        },
        "visualElements": {
          "heroes": [
            {
              "height": {
                "median": 14,
                "mean": 14,
                "mdev": 0,
                "stddev": 0,
                "min": 14,
                "p10": 14,
                "p90": 14,
                "p99": 14,
                "max": 14
              },
              "width": {
                "median": 110,
                "mean": 110,
                "mdev": 0,
                "stddev": 0,
                "min": 110,
                "p10": 110,
                "p90": 110,
                "p99": 110,
                "max": 110
              },
              "x": {
                "median": 16,
                "mean": 16,
                "mdev": 0,
                "stddev": 0,
                "min": 16,
                "p10": 16,
                "p90": 16,
                "p99": 16,
                "max": 16
              },
              "y": {
                "median": 16,
                "mean": 16,
                "mdev": 0,
                "stddev": 0,
                "min": 16,
                "p10": 16,
                "p90": 16,
                "p99": 16,
                "max": 16
              }
            },
            {
              "height": {
                "median": 120,
                "mean": 120,
                "mdev": 0,
                "stddev": 0,
                "min": 120,
                "p10": 120,
                "p90": 120,
                "p99": 120,
                "max": 120
              },
              "width": {
                "median": 260,
                "mean": 260,
                "mdev": 0,
                "stddev": 0,
                "min": 260,
                "p10": 260,
                "p90": 260,
                "p99": 260,
                "max": 260
              },
              "x": {
                "median": 56,
                "mean": 56,
                "mdev": 0,
                "stddev": 0,
                "min": 56,
                "p10": 56,
                "p90": 56,
                "p99": 56,
                "max": 56
              },
              "y": {
                "median": 296,
                "mean": 296,
                "mdev": 0,
                "stddev": 0,
                "min": 296,
                "p10": 296,
                "p90": 296,
                "p99": 296,
                "max": 296
              }
            }
          ],
          "viewport": {
            "height": {
              "median": 612,
              "mean": 612,
              "mdev": 0,
              "stddev": 0,
              "min": 612,
              "p10": 612,
              "p90": 612,
              "p99": 612,
              "max": 612
            },
            "width": {
              "median": 360,
              "mean": 360,
              "mdev": 0,
              "stddev": 0,
              "min": 360,
              "p10": 360,
              "p90": 360,
              "p99": 360,
              "max": 360
            }
          }
        }
      },
      "timings": {
        "firstPaint": {
          "median": 1722,
          "mean": 1771,
          "mdev": 65.8522,
          "stddev": 114,
          "min": 1663,
          "p10": 1663,
          "p90": 1929,
          "p99": 1929,
          "max": 1929
        },
        "loadEventEnd": {
          "median": 3727,
          "mean": 3793,
          "mdev": 87.864,
          "stddev": 152,
          "min": 3648,
          "p10": 3648,
          "p90": 4003,
          "p99": 4003,
          "max": 4003
        },
        "navigationTiming": {
          "connectStart": {
            "median": 290,
            "mean": 229,
            "mdev": 51.72,
            "stddev": 90,
            "min": 102,
            "p10": 102,
            "p90": 294,
            "p99": 294,
            "max": 294
          },
          "domComplete": {
            "median": 3722,
            "mean": 3790,
            "mdev": 87.669,
            "stddev": 152,
            "min": 3647,
            "p10": 3647,
            "p90": 4000,
            "p99": 4000,
            "max": 4000
          },
          "domContentLoadedEventEnd": {
            "median": 3011,
            "mean": 2880,
            "mdev": 144.8225,
            "stddev": 251,
            "min": 2529,
            "p10": 2529,
            "p90": 3100,
            "p99": 3100,
            "max": 3100
          },
          "domContentLoadedEventStart": {
            "median": 2727,
            "mean": 2591,
            "mdev": 143.6299,
            "stddev": 249,
            "min": 2242,
            "p10": 2242,
            "p90": 2804,
            "p99": 2804,
            "max": 2804
          },
          "domInteractive": {
            "median": 2021,
            "mean": 1963,
            "mdev": 93.3623,
            "stddev": 162,
            "min": 1742,
            "p10": 1742,
            "p90": 2125,
            "p99": 2125,
            "max": 2125
          },
          "domainLookupEnd": {
            "median": 290,
            "mean": 228,
            "mdev": 51.8524,
            "stddev": 90,
            "min": 101,
            "p10": 101,
            "p90": 293,
            "p99": 293,
            "max": 293
          },
          "domainLookupStart": {
            "median": 290,
            "mean": 228,
            "mdev": 51.8524,
            "stddev": 90,
            "min": 101,
            "p10": 101,
            "p90": 293,
            "p99": 293,
            "max": 293
          },
          "duration": {
            "median": 3727,
            "mean": 3793,
            "mdev": 87.864,
            "stddev": 152,
            "min": 3648,
            "p10": 3648,
            "p90": 4003,
            "p99": 4003,
            "max": 4003
          },
          "fetchStart": {
            "median": 2,
            "mean": 2,
            "mdev": 0.2722,
            "stddev": 0,
            "min": 2,
            "p10": 2,
            "p90": 3,
            "p99": 3,
            "max": 3
          },
          "loadEventEnd": {
            "median": 3727,
            "mean": 3793,
            "mdev": 87.864,
            "stddev": 152,
            "min": 3648,
            "p10": 3648,
            "p90": 4003,
            "p99": 4003,
            "max": 4003
          },
          "loadEventStart": {
            "median": 3722,
            "mean": 3790,
            "mdev": 87.4884,
            "stddev": 152,
            "min": 3648,
            "p10": 3648,
            "p90": 4000,
            "p99": 4000,
            "max": 4000
          },
          "redirectEnd": {
            "median": 0,
            "mean": 0,
            "mdev": 0,
            "stddev": 0,
            "min": 0,
            "p10": 0,
            "p90": 0,
            "p99": 0,
            "max": 0
          },
          "redirectStart": {
            "median": 0,
            "mean": 0,
            "mdev": 0,
            "stddev": 0,
            "min": 0,
            "p10": 0,
            "p90": 0,
            "p99": 0,
            "max": 0
          },
          "requestStart": {
            "median": 381,
            "mean": 348,
            "mdev": 33.9586,
            "stddev": 59,
            "min": 265,
            "p10": 265,
            "p90": 397,
            "p99": 397,
            "max": 397
          },
          "responseEnd": {
            "median": 666,
            "mean": 639,
            "mdev": 33.8537,
            "stddev": 59,
            "min": 558,
            "p10": 558,
            "p90": 694,
            "p99": 694,
            "max": 694
          },
          "responseStart": {
            "median": 658,
            "mean": 631,
            "mdev": 33.8537,
            "stddev": 59,
            "min": 550,
            "p10": 550,
            "p90": 686,
            "p99": 686,
            "max": 686
          },
          "secureConnectionStart": {
            "median": 302,
            "mean": 249,
            "mdev": 45.603,
            "stddev": 79,
            "min": 137,
            "p10": 137,
            "p90": 307,
            "p99": 307,
            "max": 307
          },
          "startTime": {
            "median": 0,
            "mean": 0,
            "mdev": 0,
            "stddev": 0,
            "min": 0,
            "p10": 0,
            "p90": 0,
            "p99": 0,
            "max": 0
          },
          "unloadEventEnd": {
            "median": 0,
            "mean": 0,
            "mdev": 0,
            "stddev": 0,
            "min": 0,
            "p10": 0,
            "p90": 0,
            "p99": 0,
            "max": 0
          },
          "unloadEventStart": {
            "median": 0,
            "mean": 0,
            "mdev": 0,
            "stddev": 0,
            "min": 0,
            "p10": 0,
            "p90": 0,
            "p99": 0,
            "max": 0
          },
          "workerStart": {
            "median": 0,
            "mean": 0,
            "mdev": 0,
            "stddev": 0,
            "min": 0,
            "p10": 0,
            "p90": 0,
            "p99": 0,
            "max": 0
          }
        },
        "pageTimings": {
          "backEndTime": {
            "median": 658,
            "mean": 631,
            "mdev": 33.8537,
            "stddev": 59,
            "min": 550,
            "p10": 550,
            "p90": 686,
            "p99": 686,
            "max": 686
          },
          "domContentLoadedTime": {
            "median": 2727,
            "mean": 2591,
            "mdev": 143.6299,
            "stddev": 249,
            "min": 2242,
            "p10": 2242,
            "p90": 2804,
            "p99": 2804,
            "max": 2804
          },
          "domInteractiveTime": {
            "median": 2021,
            "mean": 1963,
            "mdev": 93.3623,
            "stddev": 162,
            "min": 1742,
            "p10": 1742,
            "p90": 2125,
            "p99": 2125,
            "max": 2125
          },
          "domainLookupTime": {
            "median": 0,
            "mean": 0,
            "mdev": 0,
            "stddev": 0,
            "min": 0,
            "p10": 0,
            "p90": 0,
            "p99": 0,
            "max": 0
          },
          "frontEndTime": {
            "median": 3164,
            "mean": 3151,
            "mdev": 89.7321,
            "stddev": 155,
            "min": 2954,
            "p10": 2954,
            "p90": 3334,
            "p99": 3334,
            "max": 3334
          },
          "pageDownloadTime": {
            "median": 8,
            "mean": 8,
            "mdev": 0.2722,
            "stddev": 0,
            "min": 8,
            "p10": 8,
            "p90": 9,
            "p99": 9,
            "max": 9
          },
          "pageLoadTime": {
            "median": 3722,
            "mean": 3790,
            "mdev": 87.4884,
            "stddev": 152,
            "min": 3648,
            "p10": 3648,
            "p90": 4000,
            "p99": 4000,
            "max": 4000
          },
          "redirectionTime": {
            "median": 0,
            "mean": 0,
            "mdev": 0,
            "stddev": 0,
            "min": 0,
            "p10": 0,
            "p90": 0,
            "p99": 0,
            "max": 0
          },
          "serverConnectionTime": {
            "median": 106,
            "mean": 118,
            "mdev": 18.3807,
            "stddev": 32,
            "min": 87,
            "p10": 87,
            "p90": 162,
            "p99": 162,
            "max": 162
          },
          "serverResponseTime": {
            "median": 293,
            "mean": 292,
            "mdev": 2.8803,
            "stddev": 5,
            "min": 285,
            "p10": 285,
            "p90": 297,
            "p99": 297,
            "max": 297
          }
        },
        "rumSpeedIndex": {
          "median": 658,
          "mean": 631,
          "mdev": 34.1207,
          "stddev": 59,
          "min": 549,
          "p10": 549,
          "p90": 686,
          "p99": 686,
          "max": 686
        },
        "timeToContentfulPaint": {
          "median": 1923,
          "mean": 1966,
          "mdev": 82.0099,
          "stddev": 142,
          "min": 1817,
          "p10": 1817,
          "p90": 2157,
          "p99": 2157,
          "max": 2157
        },
        "timeToDomContentFlushed": {
          "median": 1382,
          "mean": 1355,
          "mdev": 68.7933,
          "stddev": 119,
          "min": 1197,
          "p10": 1197,
          "p90": 1485,
          "p99": 1485,
          "max": 1485
        }
      }
    }
  }
]