[
  {
    "info": {
      "browsertime": {
        "version": "8.4.0"
      },
      "url": "https://ok.ru/",
      "timestamp": "2021-03-30T19:12:17+04:00",
      "connectivity": {
        "engine": "external",
        "profile": "native"
      },
      "extra": {}
    },
    "files": {
      "video": [],
      "screenshot": [],
      "timeline": [],
      "consoleLog": [],
      "netLog": [],
      "perfLog": []
    },
    "cdp": {
      "performance": []
    },
    "timestamps": [
      "2021-03-30T19:11:45+04:00",
      "2021-03-30T19:12:23+04:00",
      "2021-03-30T19:12:51+04:00"
    ],
    "browserScripts": [
      {
        "browser": {
          "appConstants": {
            "ACCESSIBILITY": true,
            "ANDROID_PACKAGE_NAME": "org.mozilla.firefox",
            "ASAN": false,
            "ASAN_REPORTER": false,
            "BROWSER_CHROME_URL": "chrome://browser/content/browser.xul",
            "DEBUG": false,
            "DEBUG_JS_MODULES": "",
            "DLL_PREFIX": "lib",
            "DLL_SUFFIX": ".so",
            "EARLY_BETA_OR_EARLIER": false,
            "FENNEC_NIGHTLY": false,
            "HAVE_SHELL_SERVICE": false,
            "HAVE_USR_LIB64_DIR": false,
            "MENUBAR_CAN_AUTOHIDE": false,
            "MOZILLA_OFFICIAL": true,
            "MOZ_ALLOW_LEGACY_EXTENSIONS": false,
            "MOZ_ANDROID_ACTIVITY_STREAM": false,
            "MOZ_ANDROID_HISTORY": true,
            "MOZ_ANDROID_MOZILLA_ONLINE": false,
            "MOZ_APP_NAME": "fennec",
            "MOZ_APP_VERSION": "68.1.1",
            "MOZ_APP_VERSION_DISPLAY": "68.1.1",
            "MOZ_BING_API_CLIENTID": "no-bing-api-clientid",
            "MOZ_BING_API_KEY": "no-bing-api-key",
            "MOZ_BITS_DOWNLOAD": false,
            "MOZ_BUILD_APP": "mobile/android",
            "MOZ_CODE_COVERAGE": false,
            "MOZ_CRASHREPORTER": true,
            "MOZ_DATA_REPORTING": true,
            "MOZ_DEV_EDITION": false,
            "MOZ_GECKO_PROFILER": true,
            "MOZ_GOOGLE_LOCATION_SERVICE_API_KEY": "AIzaSyB2h2OuRcUgy5N-5hsZqiPW6sH3n_rptiQ",
            "MOZ_GOOGLE_SAFEBROWSING_API_KEY": "AIzaSyC7jsptDS3am4tPx4r3nxis7IMjBc5Dovo",
            "MOZ_GRAPHENE": false,
            "MOZ_MACBUNDLE_NAME": "Firefox.app",
            "MOZ_MAINTENANCE_SERVICE": false,
            "MOZ_MOZILLA_API_KEY": "3b4d27dd-703d-4094-8398-4de2c763505a",
            "MOZ_NEW_CERT_STORAGE": false,
            "MOZ_NEW_NOTIFICATION_STORE": false,
            "MOZ_NEW_XULSTORE": false,
            "MOZ_OFFICIAL_BRANDING": false,
            "MOZ_PLACES": false,
            "MOZ_REQUIRE_SIGNING": false,
            "MOZ_SANDBOX": false,
            "MOZ_SERVICES_HEALTHREPORT": true,
            "MOZ_SERVICES_SYNC": false,
            "MOZ_SWITCHBOARD": true,
            "MOZ_SYSTEM_NSS": false,
            "MOZ_TELEMETRY_ON_BY_DEFAULT": false,
            "MOZ_TELEMETRY_REPORTING": true,
            "MOZ_UNSIGNED_SCOPES": 0,
            "MOZ_UPDATER": false,
            "MOZ_UPDATE_CHANNEL": "release",
            "MOZ_WEBRTC": true,
            "MOZ_WIDGET_GTK": false,
            "MOZ_WIDGET_TOOLKIT": "android",
            "NIGHTLY_BUILD": false,
            "OMNIJAR_NAME": "assets/omni.ja",
            "RELEASE_OR_BETA": true,
            "SOURCE_REVISION_URL": "https://hg.mozilla.org/releases/mozilla-esr68/rev/d2e0b9e17b9bc1ef02606c8006b73293f7892ad5",
            "TELEMETRY_PING_FORMAT_VERSION": 4,
            "XP_UNIX": true,
            "isPlatformAndVersionAtLeast": {},
            "isPlatformAndVersionAtMost": {},
            "platform": "android"
          },
          "asyncAppConstants": {
            "ACCESSIBILITY": true,
            "ANDROID_PACKAGE_NAME": "org.mozilla.firefox",
            "ASAN": false,
            "ASAN_REPORTER": false,
            "BROWSER_CHROME_URL": "chrome://browser/content/browser.xul",
            "DEBUG": false,
            "DEBUG_JS_MODULES": "",
            "DLL_PREFIX": "lib",
            "DLL_SUFFIX": ".so",
            "EARLY_BETA_OR_EARLIER": false,
            "FENNEC_NIGHTLY": false,
            "HAVE_SHELL_SERVICE": false,
            "HAVE_USR_LIB64_DIR": false,
            "MENUBAR_CAN_AUTOHIDE": false,
            "MOZILLA_OFFICIAL": true,
            "MOZ_ALLOW_LEGACY_EXTENSIONS": false,
            "MOZ_ANDROID_ACTIVITY_STREAM": false,
            "MOZ_ANDROID_HISTORY": true,
            "MOZ_ANDROID_MOZILLA_ONLINE": false,
            "MOZ_APP_NAME": "fennec",
            "MOZ_APP_VERSION": "68.1.1",
            "MOZ_APP_VERSION_DISPLAY": "68.1.1",
            "MOZ_BING_API_CLIENTID": "no-bing-api-clientid",
            "MOZ_BING_API_KEY": "no-bing-api-key",
            "MOZ_BITS_DOWNLOAD": false,
            "MOZ_BUILD_APP": "mobile/android",
            "MOZ_CODE_COVERAGE": false,
            "MOZ_CRASHREPORTER": true,
            "MOZ_DATA_REPORTING": true,
            "MOZ_DEV_EDITION": false,
            "MOZ_GECKO_PROFILER": true,
            "MOZ_GOOGLE_LOCATION_SERVICE_API_KEY": "AIzaSyB2h2OuRcUgy5N-5hsZqiPW6sH3n_rptiQ",
            "MOZ_GOOGLE_SAFEBROWSING_API_KEY": "AIzaSyC7jsptDS3am4tPx4r3nxis7IMjBc5Dovo",
            "MOZ_GRAPHENE": false,
            "MOZ_MACBUNDLE_NAME": "Firefox.app",
            "MOZ_MAINTENANCE_SERVICE": false,
            "MOZ_MOZILLA_API_KEY": "3b4d27dd-703d-4094-8398-4de2c763505a",
            "MOZ_NEW_CERT_STORAGE": false,
            "MOZ_NEW_NOTIFICATION_STORE": false,
            "MOZ_NEW_XULSTORE": false,
            "MOZ_OFFICIAL_BRANDING": false,
            "MOZ_PLACES": false,
            "MOZ_REQUIRE_SIGNING": false,
            "MOZ_SANDBOX": false,
            "MOZ_SERVICES_HEALTHREPORT": true,
            "MOZ_SERVICES_SYNC": false,
            "MOZ_SWITCHBOARD": true,
            "MOZ_SYSTEM_NSS": false,
            "MOZ_TELEMETRY_ON_BY_DEFAULT": false,
            "MOZ_TELEMETRY_REPORTING": true,
            "MOZ_UNSIGNED_SCOPES": 0,
            "MOZ_UPDATER": false,
            "MOZ_UPDATE_CHANNEL": "release",
            "MOZ_WEBRTC": true,
            "MOZ_WIDGET_GTK": false,
            "MOZ_WIDGET_TOOLKIT": "android",
            "NIGHTLY_BUILD": false,
            "OMNIJAR_NAME": "assets/omni.ja",
            "RELEASE_OR_BETA": true,
            "SOURCE_REVISION_URL": "https://hg.mozilla.org/releases/mozilla-esr68/rev/d2e0b9e17b9bc1ef02606c8006b73293f7892ad5",
            "TELEMETRY_PING_FORMAT_VERSION": 4,
            "XP_UNIX": true,
            "isPlatformAndVersionAtLeast": {},
            "isPlatformAndVersionAtMost": {},
            "platform": "android"
          },
          "userAgent": "Mozilla/5.0 (Android 9; Mobile; rv:68.0) Gecko/68.0 Firefox/68.0",
          "windowSize": "360x612"
        },
        "pageinfo": {
          "documentHeight": 7489,
          "documentSize": {
            "decodedBodySize": 67161,
            "encodedBodySize": 13836,
            "transferSize": 14692
          },
          "documentTitle": "OK social network. Communication with friends on OK. Your meeting place with classmates.",
          "documentWidth": 360,
          "domElements": 636,
          "navigationStartTime": 1617117106504,
          "nextHopProtocol": "http/1.1",
          "resources": {
            "count": 0,
            "duration": 0
          },
          "responsive": true,
          "url": "https://m.ok.ru/",
          "visualElements": {
            "heroes": [
              {
                "filename": "t.gif",
                "height": 24,
                "name": "LargestImage",
                "width": 40,
                "x": 158,
                "y": 8
              }
            ],
            "viewport": {
              "height": 612,
              "width": 360
            }
          }
        },
        "timings": {
          "firstPaint": 3307,
          "loadEventEnd": 23750,
          "navigationTiming": {
            "connectStart": 1020,
            "domComplete": 23749,
            "domContentLoadedEventEnd": 7606,
            "domContentLoadedEventStart": 7570,
            "domInteractive": 3179,
            "domainLookupEnd": 1019,
            "domainLookupStart": 1019,
            "duration": 23750,
            "fetchStart": 981,
            "loadEventEnd": 23750,
            "loadEventStart": 23749,
            "redirectEnd": 972,
            "redirectStart": 2,
            "requestStart": 1435,
            "responseEnd": 1598,
            "responseStart": 1598,
            "secureConnectionStart": 1189,
            "startTime": 0,
            "unloadEventEnd": 0,
            "unloadEventStart": 0,
            "workerStart": 0
          },
          "pageTimings": {
            "backEndTime": 1598,
            "domContentLoadedTime": 7570,
            "domInteractiveTime": 3179,
            "domainLookupTime": 0,
            "frontEndTime": 22152,
            "pageDownloadTime": 0,
            "pageLoadTime": 23749,
            "redirectionTime": 970,
            "serverConnectionTime": 414,
            "serverResponseTime": 163
          },
          "rumSpeedIndex": 1597,
          "timeToContentfulPaint": 3448,
          "timeToDomContentFlushed": 7606,
          "timeToFirstInteractive": 9348,
          "userTimings": {
            "marks": [],
            "measures": []
          }
        }
      },
      {
        "browser": {
          "appConstants": {
            "ACCESSIBILITY": true,
            "ANDROID_PACKAGE_NAME": "org.mozilla.firefox",
            "ASAN": false,
            "ASAN_REPORTER": false,
            "BROWSER_CHROME_URL": "chrome://browser/content/browser.xul",
            "DEBUG": false,
            "DEBUG_JS_MODULES": "",
            "DLL_PREFIX": "lib",
            "DLL_SUFFIX": ".so",
            "EARLY_BETA_OR_EARLIER": false,
            "FENNEC_NIGHTLY": false,
            "HAVE_SHELL_SERVICE": false,
            "HAVE_USR_LIB64_DIR": false,
            "MENUBAR_CAN_AUTOHIDE": false,
            "MOZILLA_OFFICIAL": true,
            "MOZ_ALLOW_LEGACY_EXTENSIONS": false,
            "MOZ_ANDROID_ACTIVITY_STREAM": false,
            "MOZ_ANDROID_HISTORY": true,
            "MOZ_ANDROID_MOZILLA_ONLINE": false,
            "MOZ_APP_NAME": "fennec",
            "MOZ_APP_VERSION": "68.1.1",
            "MOZ_APP_VERSION_DISPLAY": "68.1.1",
            "MOZ_BING_API_CLIENTID": "no-bing-api-clientid",
            "MOZ_BING_API_KEY": "no-bing-api-key",
            "MOZ_BITS_DOWNLOAD": false,
            "MOZ_BUILD_APP": "mobile/android",
            "MOZ_CODE_COVERAGE": false,
            "MOZ_CRASHREPORTER": true,
            "MOZ_DATA_REPORTING": true,
            "MOZ_DEV_EDITION": false,
            "MOZ_GECKO_PROFILER": true,
            "MOZ_GOOGLE_LOCATION_SERVICE_API_KEY": "AIzaSyB2h2OuRcUgy5N-5hsZqiPW6sH3n_rptiQ",
            "MOZ_GOOGLE_SAFEBROWSING_API_KEY": "AIzaSyC7jsptDS3am4tPx4r3nxis7IMjBc5Dovo",
            "MOZ_GRAPHENE": false,
            "MOZ_MACBUNDLE_NAME": "Firefox.app",
            "MOZ_MAINTENANCE_SERVICE": false,
            "MOZ_MOZILLA_API_KEY": "3b4d27dd-703d-4094-8398-4de2c763505a",
            "MOZ_NEW_CERT_STORAGE": false,
            "MOZ_NEW_NOTIFICATION_STORE": false,
            "MOZ_NEW_XULSTORE": false,
            "MOZ_OFFICIAL_BRANDING": false,
            "MOZ_PLACES": false,
            "MOZ_REQUIRE_SIGNING": false,
            "MOZ_SANDBOX": false,
            "MOZ_SERVICES_HEALTHREPORT": true,
            "MOZ_SERVICES_SYNC": false,
            "MOZ_SWITCHBOARD": true,
            "MOZ_SYSTEM_NSS": false,
            "MOZ_TELEMETRY_ON_BY_DEFAULT": false,
            "MOZ_TELEMETRY_REPORTING": true,
            "MOZ_UNSIGNED_SCOPES": 0,
            "MOZ_UPDATER": false,
            "MOZ_UPDATE_CHANNEL": "release",
            "MOZ_WEBRTC": true,
            "MOZ_WIDGET_GTK": false,
            "MOZ_WIDGET_TOOLKIT": "android",
            "NIGHTLY_BUILD": false,
            "OMNIJAR_NAME": "assets/omni.ja",
            "RELEASE_OR_BETA": true,
            "SOURCE_REVISION_URL": "https://hg.mozilla.org/releases/mozilla-esr68/rev/d2e0b9e17b9bc1ef02606c8006b73293f7892ad5",
            "TELEMETRY_PING_FORMAT_VERSION": 4,
            "XP_UNIX": true,
            "isPlatformAndVersionAtLeast": {},
            "isPlatformAndVersionAtMost": {},
            "platform": "android"
          },
          "asyncAppConstants": {
            "ACCESSIBILITY": true,
            "ANDROID_PACKAGE_NAME": "org.mozilla.firefox",
            "ASAN": false,
            "ASAN_REPORTER": false,
            "BROWSER_CHROME_URL": "chrome://browser/content/browser.xul",
            "DEBUG": false,
            "DEBUG_JS_MODULES": "",
            "DLL_PREFIX": "lib",
            "DLL_SUFFIX": ".so",
            "EARLY_BETA_OR_EARLIER": false,
            "FENNEC_NIGHTLY": false,
            "HAVE_SHELL_SERVICE": false,
            "HAVE_USR_LIB64_DIR": false,
            "MENUBAR_CAN_AUTOHIDE": false,
            "MOZILLA_OFFICIAL": true,
            "MOZ_ALLOW_LEGACY_EXTENSIONS": false,
            "MOZ_ANDROID_ACTIVITY_STREAM": false,
            "MOZ_ANDROID_HISTORY": true,
            "MOZ_ANDROID_MOZILLA_ONLINE": false,
            "MOZ_APP_NAME": "fennec",
            "MOZ_APP_VERSION": "68.1.1",
            "MOZ_APP_VERSION_DISPLAY": "68.1.1",
            "MOZ_BING_API_CLIENTID": "no-bing-api-clientid",
            "MOZ_BING_API_KEY": "no-bing-api-key",
            "MOZ_BITS_DOWNLOAD": false,
            "MOZ_BUILD_APP": "mobile/android",
            "MOZ_CODE_COVERAGE": false,
            "MOZ_CRASHREPORTER": true,
            "MOZ_DATA_REPORTING": true,
            "MOZ_DEV_EDITION": false,
            "MOZ_GECKO_PROFILER": true,
            "MOZ_GOOGLE_LOCATION_SERVICE_API_KEY": "AIzaSyB2h2OuRcUgy5N-5hsZqiPW6sH3n_rptiQ",
            "MOZ_GOOGLE_SAFEBROWSING_API_KEY": "AIzaSyC7jsptDS3am4tPx4r3nxis7IMjBc5Dovo",
            "MOZ_GRAPHENE": false,
            "MOZ_MACBUNDLE_NAME": "Firefox.app",
            "MOZ_MAINTENANCE_SERVICE": false,
            "MOZ_MOZILLA_API_KEY": "3b4d27dd-703d-4094-8398-4de2c763505a",
            "MOZ_NEW_CERT_STORAGE": false,
            "MOZ_NEW_NOTIFICATION_STORE": false,
            "MOZ_NEW_XULSTORE": false,
            "MOZ_OFFICIAL_BRANDING": false,
            "MOZ_PLACES": false,
            "MOZ_REQUIRE_SIGNING": false,
            "MOZ_SANDBOX": false,
            "MOZ_SERVICES_HEALTHREPORT": true,
            "MOZ_SERVICES_SYNC": false,
            "MOZ_SWITCHBOARD": true,
            "MOZ_SYSTEM_NSS": false,
            "MOZ_TELEMETRY_ON_BY_DEFAULT": false,
            "MOZ_TELEMETRY_REPORTING": true,
            "MOZ_UNSIGNED_SCOPES": 0,
            "MOZ_UPDATER": false,
            "MOZ_UPDATE_CHANNEL": "release",
            "MOZ_WEBRTC": true,
            "MOZ_WIDGET_GTK": false,
            "MOZ_WIDGET_TOOLKIT": "android",
            "NIGHTLY_BUILD": false,
            "OMNIJAR_NAME": "assets/omni.ja",
            "RELEASE_OR_BETA": true,
            "SOURCE_REVISION_URL": "https://hg.mozilla.org/releases/mozilla-esr68/rev/d2e0b9e17b9bc1ef02606c8006b73293f7892ad5",
            "TELEMETRY_PING_FORMAT_VERSION": 4,
            "XP_UNIX": true,
            "isPlatformAndVersionAtLeast": {},
            "isPlatformAndVersionAtMost": {},
            "platform": "android"
          },
          "userAgent": "Mozilla/5.0 (Android 9; Mobile; rv:68.0) Gecko/68.0 Firefox/68.0",
          "windowSize": "360x612"
        },
        "pageinfo": {
          "documentHeight": 7489,
          "documentSize": {
            "decodedBodySize": 67171,
            "encodedBodySize": 13820,
            "transferSize": 14677
          },
          "documentTitle": "OK social network. Communication with friends on OK. Your meeting place with classmates.",
          "documentWidth": 360,
          "domElements": 636,
          "navigationStartTime": 1617117144224,
          "nextHopProtocol": "http/1.1",
          "resources": {
            "count": 0,
            "duration": 0
          },
          "responsive": true,
          "url": "https://m.ok.ru/",
          "visualElements": {
            "heroes": [
              {
                "filename": "t.gif",
                "height": 24,
                "name": "LargestImage",
                "width": 40,
                "x": 158,
                "y": 8
              }
            ],
            "viewport": {
              "height": 612,
              "width": 360
            }
          }
        },
        "timings": {
          "firstPaint": 3405,
          "loadEventEnd": 14971,
          "navigationTiming": {
            "connectStart": 1027,
            "domComplete": 14961,
            "domContentLoadedEventEnd": 3477,
            "domContentLoadedEventStart": 3463,
            "domInteractive": 3248,
            "domainLookupEnd": 1026,
            "domainLookupStart": 1026,
            "duration": 14971,
            "fetchStart": 980,
            "loadEventEnd": 14971,
            "loadEventStart": 14962,
            "redirectEnd": 967,
            "redirectStart": 2,
            "requestStart": 1452,
            "responseEnd": 1619,
            "responseStart": 1619,
            "secureConnectionStart": 1201,
            "startTime": 0,
            "unloadEventEnd": 0,
            "unloadEventStart": 0,
            "workerStart": 0
          },
          "pageTimings": {
            "backEndTime": 1619,
            "domContentLoadedTime": 3463,
            "domInteractiveTime": 3248,
            "domainLookupTime": 0,
            "frontEndTime": 13343,
            "pageDownloadTime": 0,
            "pageLoadTime": 14962,
            "redirectionTime": 965,
            "serverConnectionTime": 425,
            "serverResponseTime": 167
          },
          "rumSpeedIndex": 1618,
          "timeToContentfulPaint": 3551,
          "timeToDomContentFlushed": 3370,
          "timeToFirstInteractive": 15243,
          "userTimings": {
            "marks": [],
            "measures": []
          }
        }
      },
      {
        "browser": {
          "appConstants": {
            "ACCESSIBILITY": true,
            "ANDROID_PACKAGE_NAME": "org.mozilla.firefox",
            "ASAN": false,
            "ASAN_REPORTER": false,
            "BROWSER_CHROME_URL": "chrome://browser/content/browser.xul",
            "DEBUG": false,
            "DEBUG_JS_MODULES": "",
            "DLL_PREFIX": "lib",
            "DLL_SUFFIX": ".so",
            "EARLY_BETA_OR_EARLIER": false,
            "FENNEC_NIGHTLY": false,
            "HAVE_SHELL_SERVICE": false,
            "HAVE_USR_LIB64_DIR": false,
            "MENUBAR_CAN_AUTOHIDE": false,
            "MOZILLA_OFFICIAL": true,
            "MOZ_ALLOW_LEGACY_EXTENSIONS": false,
            "MOZ_ANDROID_ACTIVITY_STREAM": false,
            "MOZ_ANDROID_HISTORY": true,
            "MOZ_ANDROID_MOZILLA_ONLINE": false,
            "MOZ_APP_NAME": "fennec",
            "MOZ_APP_VERSION": "68.1.1",
            "MOZ_APP_VERSION_DISPLAY": "68.1.1",
            "MOZ_BING_API_CLIENTID": "no-bing-api-clientid",
            "MOZ_BING_API_KEY": "no-bing-api-key",
            "MOZ_BITS_DOWNLOAD": false,
            "MOZ_BUILD_APP": "mobile/android",
            "MOZ_CODE_COVERAGE": false,
            "MOZ_CRASHREPORTER": true,
            "MOZ_DATA_REPORTING": true,
            "MOZ_DEV_EDITION": false,
            "MOZ_GECKO_PROFILER": true,
            "MOZ_GOOGLE_LOCATION_SERVICE_API_KEY": "AIzaSyB2h2OuRcUgy5N-5hsZqiPW6sH3n_rptiQ",
            "MOZ_GOOGLE_SAFEBROWSING_API_KEY": "AIzaSyC7jsptDS3am4tPx4r3nxis7IMjBc5Dovo",
            "MOZ_GRAPHENE": false,
            "MOZ_MACBUNDLE_NAME": "Firefox.app",
            "MOZ_MAINTENANCE_SERVICE": false,
            "MOZ_MOZILLA_API_KEY": "3b4d27dd-703d-4094-8398-4de2c763505a",
            "MOZ_NEW_CERT_STORAGE": false,
            "MOZ_NEW_NOTIFICATION_STORE": false,
            "MOZ_NEW_XULSTORE": false,
            "MOZ_OFFICIAL_BRANDING": false,
            "MOZ_PLACES": false,
            "MOZ_REQUIRE_SIGNING": false,
            "MOZ_SANDBOX": false,
            "MOZ_SERVICES_HEALTHREPORT": true,
            "MOZ_SERVICES_SYNC": false,
            "MOZ_SWITCHBOARD": true,
            "MOZ_SYSTEM_NSS": false,
            "MOZ_TELEMETRY_ON_BY_DEFAULT": false,
            "MOZ_TELEMETRY_REPORTING": true,
            "MOZ_UNSIGNED_SCOPES": 0,
            "MOZ_UPDATER": false,
            "MOZ_UPDATE_CHANNEL": "release",
            "MOZ_WEBRTC": true,
            "MOZ_WIDGET_GTK": false,
            "MOZ_WIDGET_TOOLKIT": "android",
            "NIGHTLY_BUILD": false,
            "OMNIJAR_NAME": "assets/omni.ja",
            "RELEASE_OR_BETA": true,
            "SOURCE_REVISION_URL": "https://hg.mozilla.org/releases/mozilla-esr68/rev/d2e0b9e17b9bc1ef02606c8006b73293f7892ad5",
            "TELEMETRY_PING_FORMAT_VERSION": 4,
            "XP_UNIX": true,
            "isPlatformAndVersionAtLeast": {},
            "isPlatformAndVersionAtMost": {},
            "platform": "android"
          },
          "asyncAppConstants": {
            "ACCESSIBILITY": true,
            "ANDROID_PACKAGE_NAME": "org.mozilla.firefox",
            "ASAN": false,
            "ASAN_REPORTER": false,
            "BROWSER_CHROME_URL": "chrome://browser/content/browser.xul",
            "DEBUG": false,
            "DEBUG_JS_MODULES": "",
            "DLL_PREFIX": "lib",
            "DLL_SUFFIX": ".so",
            "EARLY_BETA_OR_EARLIER": false,
            "FENNEC_NIGHTLY": false,
            "HAVE_SHELL_SERVICE": false,
            "HAVE_USR_LIB64_DIR": false,
            "MENUBAR_CAN_AUTOHIDE": false,
            "MOZILLA_OFFICIAL": true,
            "MOZ_ALLOW_LEGACY_EXTENSIONS": false,
            "MOZ_ANDROID_ACTIVITY_STREAM": false,
            "MOZ_ANDROID_HISTORY": true,
            "MOZ_ANDROID_MOZILLA_ONLINE": false,
            "MOZ_APP_NAME": "fennec",
            "MOZ_APP_VERSION": "68.1.1",
            "MOZ_APP_VERSION_DISPLAY": "68.1.1",
            "MOZ_BING_API_CLIENTID": "no-bing-api-clientid",
            "MOZ_BING_API_KEY": "no-bing-api-key",
            "MOZ_BITS_DOWNLOAD": false,
            "MOZ_BUILD_APP": "mobile/android",
            "MOZ_CODE_COVERAGE": false,
            "MOZ_CRASHREPORTER": true,
            "MOZ_DATA_REPORTING": true,
            "MOZ_DEV_EDITION": false,
            "MOZ_GECKO_PROFILER": true,
            "MOZ_GOOGLE_LOCATION_SERVICE_API_KEY": "AIzaSyB2h2OuRcUgy5N-5hsZqiPW6sH3n_rptiQ",
            "MOZ_GOOGLE_SAFEBROWSING_API_KEY": "AIzaSyC7jsptDS3am4tPx4r3nxis7IMjBc5Dovo",
            "MOZ_GRAPHENE": false,
            "MOZ_MACBUNDLE_NAME": "Firefox.app",
            "MOZ_MAINTENANCE_SERVICE": false,
            "MOZ_MOZILLA_API_KEY": "3b4d27dd-703d-4094-8398-4de2c763505a",
            "MOZ_NEW_CERT_STORAGE": false,
            "MOZ_NEW_NOTIFICATION_STORE": false,
            "MOZ_NEW_XULSTORE": false,
            "MOZ_OFFICIAL_BRANDING": false,
            "MOZ_PLACES": false,
            "MOZ_REQUIRE_SIGNING": false,
            "MOZ_SANDBOX": false,
            "MOZ_SERVICES_HEALTHREPORT": true,
            "MOZ_SERVICES_SYNC": false,
            "MOZ_SWITCHBOARD": true,
            "MOZ_SYSTEM_NSS": false,
            "MOZ_TELEMETRY_ON_BY_DEFAULT": false,
            "MOZ_TELEMETRY_REPORTING": true,
            "MOZ_UNSIGNED_SCOPES": 0,
            "MOZ_UPDATER": false,
            "MOZ_UPDATE_CHANNEL": "release",
            "MOZ_WEBRTC": true,
            "MOZ_WIDGET_GTK": false,
            "MOZ_WIDGET_TOOLKIT": "android",
            "NIGHTLY_BUILD": false,
            "OMNIJAR_NAME": "assets/omni.ja",
            "RELEASE_OR_BETA": true,
            "SOURCE_REVISION_URL": "https://hg.mozilla.org/releases/mozilla-esr68/rev/d2e0b9e17b9bc1ef02606c8006b73293f7892ad5",
            "TELEMETRY_PING_FORMAT_VERSION": 4,
            "XP_UNIX": true,
            "isPlatformAndVersionAtLeast": {},
            "isPlatformAndVersionAtMost": {},
            "platform": "android"
          },
          "userAgent": "Mozilla/5.0 (Android 9; Mobile; rv:68.0) Gecko/68.0 Firefox/68.0",
          "windowSize": "360x612"
        },
        "pageinfo": {
          "documentHeight": 7489,
          "documentSize": {
            "decodedBodySize": 67160,
            "encodedBodySize": 13820,
            "transferSize": 14676
          },
          "documentTitle": "OK social network. Communication with friends on OK. Your meeting place with classmates.",
          "documentWidth": 360,
          "domElements": 636,
          "navigationStartTime": 1617117172162,
          "nextHopProtocol": "http/1.1",
          "resources": {
            "count": 0,
            "duration": 0
          },
          "responsive": true,
          "url": "https://m.ok.ru/",
          "visualElements": {
            "heroes": [
              {
                "filename": "t.gif",
                "height": 24,
                "name": "LargestImage",
                "width": 40,
                "x": 158,
                "y": 8
              }
            ],
            "viewport": {
              "height": 612,
              "width": 360
            }
          }
        },
        "timings": {
          "firstPaint": 3404,
          "loadEventEnd": 23919,
          "navigationTiming": {
            "connectStart": 998,
            "domComplete": 23917,
            "domContentLoadedEventEnd": 3482,
            "domContentLoadedEventStart": 3470,
            "domInteractive": 3273,
            "domainLookupEnd": 997,
            "domainLookupStart": 997,
            "duration": 23919,
            "fetchStart": 951,
            "loadEventEnd": 23919,
            "loadEventStart": 23918,
            "redirectEnd": 934,
            "redirectStart": 2,
            "requestStart": 1453,
            "responseEnd": 1634,
            "responseStart": 1634,
            "secureConnectionStart": 1196,
            "startTime": 0,
            "unloadEventEnd": 0,
            "unloadEventStart": 0,
            "workerStart": 0
          },
          "pageTimings": {
            "backEndTime": 1634,
            "domContentLoadedTime": 3470,
            "domInteractiveTime": 3273,
            "domainLookupTime": 0,
            "frontEndTime": 22283,
            "pageDownloadTime": 0,
            "pageLoadTime": 23918,
            "redirectionTime": 932,
            "serverConnectionTime": 454,
            "serverResponseTime": 182
          },
          "rumSpeedIndex": 1634,
          "timeToContentfulPaint": 3541,
          "timeToDomContentFlushed": 3378,
          "timeToFirstInteractive": 7619,
          "userTimings": {
            "marks": [],
            "measures": []
          }
        }
      }
    ],
    "visualMetrics": [],
    "cpu": [],
    "extras": [
      {},
      {},
      {}
    ],
    "fullyLoaded": [],
    "errors": [
      [],
      [],
      []
    ],
    "statistics": {
      "browser": {
        "appConstants": {
          "MOZ_UNSIGNED_SCOPES": {
            "median": 0,
            "mean": 0,
            "mdev": 0,
            "stddev": 0,
            "min": 0,
            "p10": 0,
            "p90": 0,
            "p99": 0,
            "max": 0
          },
          "TELEMETRY_PING_FORMAT_VERSION": {
            "median": 4,
            "mean": 4,
            "mdev": 0,
            "stddev": 0,
            "min": 4,
            "p10": 4,
            "p90": 4,
            "p99": 4,
            "max": 4
          }
        },
        "asyncAppConstants": {
          "MOZ_UNSIGNED_SCOPES": {
            "median": 0,
            "mean": 0,
            "mdev": 0,
            "stddev": 0,
            "min": 0,
            "p10": 0,
            "p90": 0,
            "p99": 0,
            "max": 0
          },
          "TELEMETRY_PING_FORMAT_VERSION": {
            "median": 4,
            "mean": 4,
            "mdev": 0,
            "stddev": 0,
            "min": 4,
            "p10": 4,
            "p90": 4,
            "p99": 4,
            "max": 4
          }
        }
      },
      "pageinfo": {
        "documentHeight": {
          "median": 7489,
          "mean": 7489,
          "mdev": 0,
          "stddev": 0,
          "min": 7489,
          "p10": 7489,
          "p90": 7489,
          "p99": 7489,
          "max": 7489
        },
        "documentSize": {
          "decodedBodySize": {
            "median": 67161,
            "mean": 67164,
            "mdev": 2.8674,
            "stddev": 5,
            "min": 67160,
            "p10": 67160,
            "p90": 67171,
            "p99": 67171,
            "max": 67171
          },
          "encodedBodySize": {
            "median": 13820,
            "mean": 13825,
            "mdev": 4.3546,
            "stddev": 8,
            "min": 13820,
            "p10": 13820,
            "p90": 13836,
            "p99": 13836,
            "max": 13836
          },
          "transferSize": {
            "median": 14677,
            "mean": 14682,
            "mdev": 4.2251,
            "stddev": 7,
            "min": 14676,
            "p10": 14676,
            "p90": 14692,
            "p99": 14692,
            "max": 14692
          }
        },
        "documentWidth": {
          "median": 360,
          "mean": 360,
          "mdev": 0,
          "stddev": 0,
          "min": 360,
          "p10": 360,
          "p90": 360,
          "p99": 360,
          "max": 360
        },
        "domElements": {
          "median": 636,
          "mean": 636,
          "mdev": 0,
          "stddev": 0,
          "min": 636,
          "p10": 636,
          "p90": 636,
          "p99": 636,
          "max": 636
        },
        "navigationStartTime": {
          "median": 1617117144224,
          "mean": 1617117140963,
          "mdev": 12612.4091,
          "stddev": 21845,
          "min": 1617117106504,
          "p10": 1617117106504,
          "p90": 1617117172162,
          "p99": 1617117172162,
          "max": 1617117172162
        },
        "resources": {
          "count": {
            "median": 0,
            "mean": 0,
            "mdev": 0,
            "stddev": 0,
            "min": 0,
            "p10": 0,
            "p90": 0,
            "p99": 0,
            "max": 0
          },
          "duration": {
            "median": 0,
            "mean": 0,
            "mdev": 0,
            "stddev": 0,
            "min": 0,
            "p10": 0,
            "p90": 0,
            "p99": 0,
            "max": 0
          }
        },
        "visualElements": {
          "heroes": [
            {
              "height": {
                "median": 24,
                "mean": 24,
                "mdev": 0,
                "stddev": 0,
                "min": 24,
                "p10": 24,
                "p90": 24,
                "p99": 24,
                "max": 24
              },
              "width": {
                "median": 40,
                "mean": 40,
                "mdev": 0,
                "stddev": 0,
                "min": 40,
                "p10": 40,
                "p90": 40,
                "p99": 40,
                "max": 40
              },
              "x": {
                "median": 158,
                "mean": 158,
                "mdev": 0,
                "stddev": 0,
                "min": 158,
                "p10": 158,
                "p90": 158,
                "p99": 158,
                "max": 158
              },
              "y": {
                "median": 8,
                "mean": 8,
                "mdev": 0,
                "stddev": 0,
                "min": 8,
                "p10": 8,
                "p90": 8,
                "p99": 8,
                "max": 8
              }
            }
          ],
          "viewport": {
            "height": {
              "median": 612,
              "mean": 612,
              "mdev": 0,
              "stddev": 0,
              "min": 612,
              "p10": 612,
              "p90": 612,
              "p99": 612,
              "max": 612
            },
            "width": {
              "median": 360,
              "mean": 360,
              "mdev": 0,
              "stddev": 0,
              "min": 360,
              "p10": 360,
              "p90": 360,
              "p99": 360,
              "max": 360
            }
          }
        }
      },
      "timings": {
        "firstPaint": {
          "median": 3404,
          "mean": 3372,
          "mdev": 26.5372,
          "stddev": 46,
          "min": 3307,
          "p10": 3307,
          "p90": 3405,
          "p99": 3405,
          "max": 3405
        },
        "loadEventEnd": {
          "median": 23750,
          "mean": 20880,
          "mdev": 2412.668,
          "stddev": 4179,
          "min": 14971,
          "p10": 14971,
          "p90": 23919,
          "p99": 23919,
          "max": 23919
        },
        "navigationTiming": {
          "connectStart": {
            "median": 1020,
            "mean": 1015,
            "mdev": 7.1336,
            "stddev": 12,
            "min": 998,
            "p10": 998,
            "p90": 1027,
            "p99": 1027,
            "max": 1027
          },
          "domComplete": {
            "median": 23749,
            "mean": 20876,
            "mdev": 2414.9772,
            "stddev": 4183,
            "min": 14961,
            "p10": 14961,
            "p90": 23917,
            "p99": 23917,
            "max": 23917
          },
          "domContentLoadedEventEnd": {
            "median": 3482,
            "mean": 4855,
            "mdev": 1123.0917,
            "stddev": 1945,
            "min": 3477,
            "p10": 3477,
            "p90": 7606,
            "p99": 7606,
            "max": 7606
          },
          "domContentLoadedEventStart": {
            "median": 3470,
            "mean": 4834,
            "mdev": 1116.8325,
            "stddev": 1934,
            "min": 3463,
            "p10": 3463,
            "p90": 7570,
            "p99": 7570,
            "max": 7570
          },
          "domInteractive": {
            "median": 3248,
            "mean": 3233,
            "mdev": 22.9508,
            "stddev": 40,
            "min": 3179,
            "p10": 3179,
            "p90": 3273,
            "p99": 3273,
            "max": 3273
          },
          "domainLookupEnd": {
            "median": 1019,
            "mean": 1014,
            "mdev": 7.1336,
            "stddev": 12,
            "min": 997,
            "p10": 997,
            "p90": 1026,
            "p99": 1026,
            "max": 1026
          },
          "domainLookupStart": {
            "median": 1019,
            "mean": 1014,
            "mdev": 7.1336,
            "stddev": 12,
            "min": 997,
            "p10": 997,
            "p90": 1026,
            "p99": 1026,
            "max": 1026
          },
          "duration": {
            "median": 23750,
            "mean": 20880,
            "mdev": 2412.668,
            "stddev": 4179,
            "min": 14971,
            "p10": 14971,
            "p90": 23919,
            "p99": 23919,
            "max": 23919
          },
          "fetchStart": {
            "median": 980,
            "mean": 971,
            "mdev": 8.0323,
            "stddev": 14,
            "min": 951,
            "p10": 951,
            "p90": 981,
            "p99": 981,
            "max": 981
          },
          "loadEventEnd": {
            "median": 23750,
            "mean": 20880,
            "mdev": 2412.668,
            "stddev": 4179,
            "min": 14971,
            "p10": 14971,
            "p90": 23919,
            "p99": 23919,
            "max": 23919
          },
          "loadEventStart": {
            "median": 23749,
            "mean": 20876,
            "mdev": 2414.845,
            "stddev": 4183,
            "min": 14962,
            "p10": 14962,
            "p90": 23918,
            "p99": 23918,
            "max": 23918
          },
          "redirectEnd": {
            "median": 967,
            "mean": 958,
            "mdev": 9.7335,
            "stddev": 17,
            "min": 934,
            "p10": 934,
            "p90": 972,
            "p99": 972,
            "max": 972
          },
          "redirectStart": {
            "median": 2,
            "mean": 2,
            "mdev": 0,
            "stddev": 0,
            "min": 2,
            "p10": 2,
            "p90": 2,
            "p99": 2,
            "max": 2
          },
          "requestStart": {
            "median": 1452,
            "mean": 1447,
            "mdev": 4.7687,
            "stddev": 8,
            "min": 1435,
            "p10": 1435,
            "p90": 1453,
            "p99": 1453,
            "max": 1453
          },
          "responseEnd": {
            "median": 1619,
            "mean": 1617,
            "mdev": 8.5245,
            "stddev": 15,
            "min": 1598,
            "p10": 1598,
            "p90": 1634,
            "p99": 1634,
            "max": 1634
          },
          "responseStart": {
            "median": 1619,
            "mean": 1617,
            "mdev": 8.5245,
            "stddev": 15,
            "min": 1598,
            "p10": 1598,
            "p90": 1634,
            "p99": 1634,
            "max": 1634
          },
          "secureConnectionStart": {
            "median": 1196,
            "mean": 1195,
            "mdev": 2.8415,
            "stddev": 5,
            "min": 1189,
            "p10": 1189,
            "p90": 1201,
            "p99": 1201,
            "max": 1201
          },
          "startTime": {
            "median": 0,
            "mean": 0,
            "mdev": 0,
            "stddev": 0,
            "min": 0,
            "p10": 0,
            "p90": 0,
            "p99": 0,
            "max": 0
          },
          "unloadEventEnd": {
            "median": 0,
            "mean": 0,
            "mdev": 0,
            "stddev": 0,
            "min": 0,
            "p10": 0,
            "p90": 0,
            "p99": 0,
            "max": 0
          },
          "unloadEventStart": {
            "median": 0,
            "mean": 0,
            "mdev": 0,
            "stddev": 0,
            "min": 0,
            "p10": 0,
            "p90": 0,
            "p99": 0,
            "max": 0
          },
          "workerStart": {
            "median": 0,
            "mean": 0,
            "mdev": 0,
            "stddev": 0,
            "min": 0,
            "p10": 0,
            "p90": 0,
            "p99": 0,
            "max": 0
          }
        },
        "pageTimings": {
          "backEndTime": {
            "median": 1619,
            "mean": 1617,
            "mdev": 8.5245,
            "stddev": 15,
            "min": 1598,
            "p10": 1598,
            "p90": 1634,
            "p99": 1634,
            "max": 1634
          },
          "domContentLoadedTime": {
            "median": 3470,
            "mean": 4834,
            "mdev": 1116.8325,
            "stddev": 1934,
            "min": 3463,
            "p10": 3463,
            "p90": 7570,
            "p99": 7570,
            "max": 7570
          },
          "domInteractiveTime": {
            "median": 3248,
            "mean": 3233,
            "mdev": 22.9508,
            "stddev": 40,
            "min": 3179,
            "p10": 3179,
            "p90": 3273,
            "p99": 3273,
            "max": 3273
          },
          "domainLookupTime": {
            "median": 0,
            "mean": 0,
            "mdev": 0,
            "stddev": 0,
            "min": 0,
            "p10": 0,
            "p90": 0,
            "p99": 0,
            "max": 0
          },
          "frontEndTime": {
            "median": 22152,
            "mean": 19259,
            "mdev": 2415.5303,
            "stddev": 4184,
            "min": 13343,
            "p10": 13343,
            "p90": 22283,
            "p99": 22283,
            "max": 22283
          },
          "pageDownloadTime": {
            "median": 0,
            "mean": 0,
            "mdev": 0,
            "stddev": 0,
            "min": 0,
            "p10": 0,
            "p90": 0,
            "p99": 0,
            "max": 0
          },
          "pageLoadTime": {
            "median": 23749,
            "mean": 20876,
            "mdev": 2414.845,
            "stddev": 4183,
            "min": 14962,
            "p10": 14962,
            "p90": 23918,
            "p99": 23918,
            "max": 23918
          },
          "redirectionTime": {
            "median": 965,
            "mean": 956,
            "mdev": 9.7335,
            "stddev": 17,
            "min": 932,
            "p10": 932,
            "p90": 970,
            "p99": 970,
            "max": 970
          },
          "serverConnectionTime": {
            "median": 425,
            "mean": 431,
            "mdev": 9.7411,
            "stddev": 17,
            "min": 414,
            "p10": 414,
            "p90": 454,
            "p99": 454,
            "max": 454
          },
          "serverResponseTime": {
            "median": 167,
            "mean": 171,
            "mdev": 4.7219,
            "stddev": 8,
            "min": 163,
            "p10": 163,
            "p90": 182,
            "p99": 182,
            "max": 182
          }
        },
        "rumSpeedIndex": {
          "median": 1618,
          "mean": 1616,
          "mdev": 8.7475,
          "stddev": 15,
          "min": 1597,
          "p10": 1597,
          "p90": 1634,
          "p99": 1634,
          "max": 1634
        },
        "timeToContentfulPaint": {
          "median": 3541,
          "mean": 3513,
          "mdev": 26.7762,
          "stddev": 46,
          "min": 3448,
          "p10": 3448,
          "p90": 3551,
          "p99": 3551,
          "max": 3551
        },
        "timeToDomContentFlushed": {
          "median": 3378,
          "mean": 4785,
          "mdev": 1151.8061,
          "stddev": 1995,
          "min": 3370,
          "p10": 3370,
          "p90": 7606,
          "p99": 7606,
          "max": 7606
        },
        "timeToFirstInteractive": {
          "median": 9348,
          "mean": 10737,
          "mdev": 1884.3001,
          "stddev": 3264,
          "min": 7619,
          "p10": 7619,
          "p90": 15243,
          "p99": 15243,
          "max": 15243
        }
      }
    }
  }
]