[
  {
    "info": {
      "browsertime": {
        "version": "8.4.0"
      },
      "url": "http://www.detik.com/",
      "timestamp": "2021-03-30T10:02:29+04:00",
      "connectivity": {
        "engine": "external",
        "profile": "native"
      },
      "extra": {}
    },
    "files": {
      "video": [],
      "screenshot": [],
      "timeline": [],
      "consoleLog": [],
      "netLog": [],
      "perfLog": []
    },
    "cdp": {
      "performance": []
    },
    "timestamps": [
      "2021-03-30T10:00:46+04:00",
      "2021-03-30T10:02:44+04:00",
      "2021-03-30T10:04:24+04:00"
    ],
    "browserScripts": [
      {
        "browser": {
          "appConstants": {
            "ACCESSIBILITY": true,
            "ANDROID_PACKAGE_NAME": "org.mozilla.firefox",
            "ASAN": false,
            "ASAN_REPORTER": false,
            "BROWSER_CHROME_URL": "chrome://browser/content/browser.xul",
            "DEBUG": false,
            "DEBUG_JS_MODULES": "",
            "DLL_PREFIX": "lib",
            "DLL_SUFFIX": ".so",
            "EARLY_BETA_OR_EARLIER": false,
            "FENNEC_NIGHTLY": false,
            "HAVE_SHELL_SERVICE": false,
            "HAVE_USR_LIB64_DIR": false,
            "MENUBAR_CAN_AUTOHIDE": false,
            "MOZILLA_OFFICIAL": true,
            "MOZ_ALLOW_LEGACY_EXTENSIONS": false,
            "MOZ_ANDROID_ACTIVITY_STREAM": false,
            "MOZ_ANDROID_HISTORY": true,
            "MOZ_ANDROID_MOZILLA_ONLINE": false,
            "MOZ_APP_NAME": "fennec",
            "MOZ_APP_VERSION": "68.1.1",
            "MOZ_APP_VERSION_DISPLAY": "68.1.1",
            "MOZ_BING_API_CLIENTID": "no-bing-api-clientid",
            "MOZ_BING_API_KEY": "no-bing-api-key",
            "MOZ_BITS_DOWNLOAD": false,
            "MOZ_BUILD_APP": "mobile/android",
            "MOZ_CODE_COVERAGE": false,
            "MOZ_CRASHREPORTER": true,
            "MOZ_DATA_REPORTING": true,
            "MOZ_DEV_EDITION": false,
            "MOZ_GECKO_PROFILER": true,
            "MOZ_GOOGLE_LOCATION_SERVICE_API_KEY": "AIzaSyB2h2OuRcUgy5N-5hsZqiPW6sH3n_rptiQ",
            "MOZ_GOOGLE_SAFEBROWSING_API_KEY": "AIzaSyC7jsptDS3am4tPx4r3nxis7IMjBc5Dovo",
            "MOZ_GRAPHENE": false,
            "MOZ_MACBUNDLE_NAME": "Firefox.app",
            "MOZ_MAINTENANCE_SERVICE": false,
            "MOZ_MOZILLA_API_KEY": "3b4d27dd-703d-4094-8398-4de2c763505a",
            "MOZ_NEW_CERT_STORAGE": false,
            "MOZ_NEW_NOTIFICATION_STORE": false,
            "MOZ_NEW_XULSTORE": false,
            "MOZ_OFFICIAL_BRANDING": false,
            "MOZ_PLACES": false,
            "MOZ_REQUIRE_SIGNING": false,
            "MOZ_SANDBOX": false,
            "MOZ_SERVICES_HEALTHREPORT": true,
            "MOZ_SERVICES_SYNC": false,
            "MOZ_SWITCHBOARD": true,
            "MOZ_SYSTEM_NSS": false,
            "MOZ_TELEMETRY_ON_BY_DEFAULT": false,
            "MOZ_TELEMETRY_REPORTING": true,
            "MOZ_UNSIGNED_SCOPES": 0,
            "MOZ_UPDATER": false,
            "MOZ_UPDATE_CHANNEL": "release",
            "MOZ_WEBRTC": true,
            "MOZ_WIDGET_GTK": false,
            "MOZ_WIDGET_TOOLKIT": "android",
            "NIGHTLY_BUILD": false,
            "OMNIJAR_NAME": "assets/omni.ja",
            "RELEASE_OR_BETA": true,
            "SOURCE_REVISION_URL": "https://hg.mozilla.org/releases/mozilla-esr68/rev/d2e0b9e17b9bc1ef02606c8006b73293f7892ad5",
            "TELEMETRY_PING_FORMAT_VERSION": 4,
            "XP_UNIX": true,
            "isPlatformAndVersionAtLeast": {},
            "isPlatformAndVersionAtMost": {},
            "platform": "android"
          },
          "asyncAppConstants": {
            "ACCESSIBILITY": true,
            "ANDROID_PACKAGE_NAME": "org.mozilla.firefox",
            "ASAN": false,
            "ASAN_REPORTER": false,
            "BROWSER_CHROME_URL": "chrome://browser/content/browser.xul",
            "DEBUG": false,
            "DEBUG_JS_MODULES": "",
            "DLL_PREFIX": "lib",
            "DLL_SUFFIX": ".so",
            "EARLY_BETA_OR_EARLIER": false,
            "FENNEC_NIGHTLY": false,
            "HAVE_SHELL_SERVICE": false,
            "HAVE_USR_LIB64_DIR": false,
            "MENUBAR_CAN_AUTOHIDE": false,
            "MOZILLA_OFFICIAL": true,
            "MOZ_ALLOW_LEGACY_EXTENSIONS": false,
            "MOZ_ANDROID_ACTIVITY_STREAM": false,
            "MOZ_ANDROID_HISTORY": true,
            "MOZ_ANDROID_MOZILLA_ONLINE": false,
            "MOZ_APP_NAME": "fennec",
            "MOZ_APP_VERSION": "68.1.1",
            "MOZ_APP_VERSION_DISPLAY": "68.1.1",
            "MOZ_BING_API_CLIENTID": "no-bing-api-clientid",
            "MOZ_BING_API_KEY": "no-bing-api-key",
            "MOZ_BITS_DOWNLOAD": false,
            "MOZ_BUILD_APP": "mobile/android",
            "MOZ_CODE_COVERAGE": false,
            "MOZ_CRASHREPORTER": true,
            "MOZ_DATA_REPORTING": true,
            "MOZ_DEV_EDITION": false,
            "MOZ_GECKO_PROFILER": true,
            "MOZ_GOOGLE_LOCATION_SERVICE_API_KEY": "AIzaSyB2h2OuRcUgy5N-5hsZqiPW6sH3n_rptiQ",
            "MOZ_GOOGLE_SAFEBROWSING_API_KEY": "AIzaSyC7jsptDS3am4tPx4r3nxis7IMjBc5Dovo",
            "MOZ_GRAPHENE": false,
            "MOZ_MACBUNDLE_NAME": "Firefox.app",
            "MOZ_MAINTENANCE_SERVICE": false,
            "MOZ_MOZILLA_API_KEY": "3b4d27dd-703d-4094-8398-4de2c763505a",
            "MOZ_NEW_CERT_STORAGE": false,
            "MOZ_NEW_NOTIFICATION_STORE": false,
            "MOZ_NEW_XULSTORE": false,
            "MOZ_OFFICIAL_BRANDING": false,
            "MOZ_PLACES": false,
            "MOZ_REQUIRE_SIGNING": false,
            "MOZ_SANDBOX": false,
            "MOZ_SERVICES_HEALTHREPORT": true,
            "MOZ_SERVICES_SYNC": false,
            "MOZ_SWITCHBOARD": true,
            "MOZ_SYSTEM_NSS": false,
            "MOZ_TELEMETRY_ON_BY_DEFAULT": false,
            "MOZ_TELEMETRY_REPORTING": true,
            "MOZ_UNSIGNED_SCOPES": 0,
            "MOZ_UPDATER": false,
            "MOZ_UPDATE_CHANNEL": "release",
            "MOZ_WEBRTC": true,
            "MOZ_WIDGET_GTK": false,
            "MOZ_WIDGET_TOOLKIT": "android",
            "NIGHTLY_BUILD": false,
            "OMNIJAR_NAME": "assets/omni.ja",
            "RELEASE_OR_BETA": true,
            "SOURCE_REVISION_URL": "https://hg.mozilla.org/releases/mozilla-esr68/rev/d2e0b9e17b9bc1ef02606c8006b73293f7892ad5",
            "TELEMETRY_PING_FORMAT_VERSION": 4,
            "XP_UNIX": true,
            "isPlatformAndVersionAtLeast": {},
            "isPlatformAndVersionAtMost": {},
            "platform": "android"
          },
          "userAgent": "Mozilla/5.0 (Android 8.1.0; Mobile; rv:68.0) Gecko/68.0 Firefox/68.0",
          "windowSize": "360x560"
        },
        "pageinfo": {
          "documentHeight": 13293,
          "documentSize": {
            "decodedBodySize": 170896,
            "encodedBodySize": 31526,
            "transferSize": 31858
          },
          "documentTitle": "detikcom - Informasi Berita Terkini dan Terbaru Hari Ini",
          "documentWidth": 360,
          "domElements": 1755,
          "navigationStartTime": 1617084048351,
          "nextHopProtocol": "h2",
          "resources": {
            "count": 0,
            "duration": 0
          },
          "responsive": true,
          "url": "https://www.detik.com/",
          "visualElements": {
            "heroes": [
              {
                "filename": "favicon-detik-big.png?v=6dfff284",
                "height": 36,
                "name": "LargestImage",
                "width": 36,
                "x": 8,
                "y": 7
              },
              {
                "filename": null,
                "height": 1,
                "name": "Heading",
                "width": 1,
                "x": -1,
                "y": -1
              }
            ],
            "viewport": {
              "height": 560,
              "width": 360
            }
          }
        },
        "timings": {
          "firstPaint": 3406,
          "loadEventEnd": 63940,
          "navigationTiming": {
            "connectStart": 2,
            "domComplete": 63889,
            "domContentLoadedEventEnd": 10161,
            "domContentLoadedEventStart": 10139,
            "domInteractive": 6368,
            "domainLookupEnd": 2,
            "domainLookupStart": 2,
            "duration": 63940,
            "fetchStart": 2,
            "loadEventEnd": 63940,
            "loadEventStart": 63889,
            "redirectEnd": 0,
            "redirectStart": 0,
            "requestStart": 226,
            "responseEnd": 448,
            "responseStart": 439,
            "secureConnectionStart": 0,
            "startTime": 0,
            "unloadEventEnd": 457,
            "unloadEventStart": 441,
            "workerStart": 0
          },
          "pageTimings": {
            "backEndTime": 439,
            "domContentLoadedTime": 10139,
            "domInteractiveTime": 6368,
            "domainLookupTime": 0,
            "frontEndTime": 63441,
            "pageDownloadTime": 9,
            "pageLoadTime": 63889,
            "redirectionTime": 0,
            "serverConnectionTime": 0,
            "serverResponseTime": 222
          },
          "rumSpeedIndex": 439,
          "timeToContentfulPaint": 4118,
          "timeToDomContentFlushed": 6610,
          "userTimings": {
            "marks": [
              {
                "name": "gpt-tag-load",
                "startTime": 10380.1
              },
              {
                "name": "gpt-first-ad-request",
                "startTime": 25560.54
              },
              {
                "name": "gpt-first-ad-render",
                "startTime": 28123.22
              }
            ],
            "measures": []
          }
        }
      },
      {
        "browser": {
          "appConstants": {
            "ACCESSIBILITY": true,
            "ANDROID_PACKAGE_NAME": "org.mozilla.firefox",
            "ASAN": false,
            "ASAN_REPORTER": false,
            "BROWSER_CHROME_URL": "chrome://browser/content/browser.xul",
            "DEBUG": false,
            "DEBUG_JS_MODULES": "",
            "DLL_PREFIX": "lib",
            "DLL_SUFFIX": ".so",
            "EARLY_BETA_OR_EARLIER": false,
            "FENNEC_NIGHTLY": false,
            "HAVE_SHELL_SERVICE": false,
            "HAVE_USR_LIB64_DIR": false,
            "MENUBAR_CAN_AUTOHIDE": false,
            "MOZILLA_OFFICIAL": true,
            "MOZ_ALLOW_LEGACY_EXTENSIONS": false,
            "MOZ_ANDROID_ACTIVITY_STREAM": false,
            "MOZ_ANDROID_HISTORY": true,
            "MOZ_ANDROID_MOZILLA_ONLINE": false,
            "MOZ_APP_NAME": "fennec",
            "MOZ_APP_VERSION": "68.1.1",
            "MOZ_APP_VERSION_DISPLAY": "68.1.1",
            "MOZ_BING_API_CLIENTID": "no-bing-api-clientid",
            "MOZ_BING_API_KEY": "no-bing-api-key",
            "MOZ_BITS_DOWNLOAD": false,
            "MOZ_BUILD_APP": "mobile/android",
            "MOZ_CODE_COVERAGE": false,
            "MOZ_CRASHREPORTER": true,
            "MOZ_DATA_REPORTING": true,
            "MOZ_DEV_EDITION": false,
            "MOZ_GECKO_PROFILER": true,
            "MOZ_GOOGLE_LOCATION_SERVICE_API_KEY": "AIzaSyB2h2OuRcUgy5N-5hsZqiPW6sH3n_rptiQ",
            "MOZ_GOOGLE_SAFEBROWSING_API_KEY": "AIzaSyC7jsptDS3am4tPx4r3nxis7IMjBc5Dovo",
            "MOZ_GRAPHENE": false,
            "MOZ_MACBUNDLE_NAME": "Firefox.app",
            "MOZ_MAINTENANCE_SERVICE": false,
            "MOZ_MOZILLA_API_KEY": "3b4d27dd-703d-4094-8398-4de2c763505a",
            "MOZ_NEW_CERT_STORAGE": false,
            "MOZ_NEW_NOTIFICATION_STORE": false,
            "MOZ_NEW_XULSTORE": false,
            "MOZ_OFFICIAL_BRANDING": false,
            "MOZ_PLACES": false,
            "MOZ_REQUIRE_SIGNING": false,
            "MOZ_SANDBOX": false,
            "MOZ_SERVICES_HEALTHREPORT": true,
            "MOZ_SERVICES_SYNC": false,
            "MOZ_SWITCHBOARD": true,
            "MOZ_SYSTEM_NSS": false,
            "MOZ_TELEMETRY_ON_BY_DEFAULT": false,
            "MOZ_TELEMETRY_REPORTING": true,
            "MOZ_UNSIGNED_SCOPES": 0,
            "MOZ_UPDATER": false,
            "MOZ_UPDATE_CHANNEL": "release",
            "MOZ_WEBRTC": true,
            "MOZ_WIDGET_GTK": false,
            "MOZ_WIDGET_TOOLKIT": "android",
            "NIGHTLY_BUILD": false,
            "OMNIJAR_NAME": "assets/omni.ja",
            "RELEASE_OR_BETA": true,
            "SOURCE_REVISION_URL": "https://hg.mozilla.org/releases/mozilla-esr68/rev/d2e0b9e17b9bc1ef02606c8006b73293f7892ad5",
            "TELEMETRY_PING_FORMAT_VERSION": 4,
            "XP_UNIX": true,
            "isPlatformAndVersionAtLeast": {},
            "isPlatformAndVersionAtMost": {},
            "platform": "android"
          },
          "asyncAppConstants": {
            "ACCESSIBILITY": true,
            "ANDROID_PACKAGE_NAME": "org.mozilla.firefox",
            "ASAN": false,
            "ASAN_REPORTER": false,
            "BROWSER_CHROME_URL": "chrome://browser/content/browser.xul",
            "DEBUG": false,
            "DEBUG_JS_MODULES": "",
            "DLL_PREFIX": "lib",
            "DLL_SUFFIX": ".so",
            "EARLY_BETA_OR_EARLIER": false,
            "FENNEC_NIGHTLY": false,
            "HAVE_SHELL_SERVICE": false,
            "HAVE_USR_LIB64_DIR": false,
            "MENUBAR_CAN_AUTOHIDE": false,
            "MOZILLA_OFFICIAL": true,
            "MOZ_ALLOW_LEGACY_EXTENSIONS": false,
            "MOZ_ANDROID_ACTIVITY_STREAM": false,
            "MOZ_ANDROID_HISTORY": true,
            "MOZ_ANDROID_MOZILLA_ONLINE": false,
            "MOZ_APP_NAME": "fennec",
            "MOZ_APP_VERSION": "68.1.1",
            "MOZ_APP_VERSION_DISPLAY": "68.1.1",
            "MOZ_BING_API_CLIENTID": "no-bing-api-clientid",
            "MOZ_BING_API_KEY": "no-bing-api-key",
            "MOZ_BITS_DOWNLOAD": false,
            "MOZ_BUILD_APP": "mobile/android",
            "MOZ_CODE_COVERAGE": false,
            "MOZ_CRASHREPORTER": true,
            "MOZ_DATA_REPORTING": true,
            "MOZ_DEV_EDITION": false,
            "MOZ_GECKO_PROFILER": true,
            "MOZ_GOOGLE_LOCATION_SERVICE_API_KEY": "AIzaSyB2h2OuRcUgy5N-5hsZqiPW6sH3n_rptiQ",
            "MOZ_GOOGLE_SAFEBROWSING_API_KEY": "AIzaSyC7jsptDS3am4tPx4r3nxis7IMjBc5Dovo",
            "MOZ_GRAPHENE": false,
            "MOZ_MACBUNDLE_NAME": "Firefox.app",
            "MOZ_MAINTENANCE_SERVICE": false,
            "MOZ_MOZILLA_API_KEY": "3b4d27dd-703d-4094-8398-4de2c763505a",
            "MOZ_NEW_CERT_STORAGE": false,
            "MOZ_NEW_NOTIFICATION_STORE": false,
            "MOZ_NEW_XULSTORE": false,
            "MOZ_OFFICIAL_BRANDING": false,
            "MOZ_PLACES": false,
            "MOZ_REQUIRE_SIGNING": false,
            "MOZ_SANDBOX": false,
            "MOZ_SERVICES_HEALTHREPORT": true,
            "MOZ_SERVICES_SYNC": false,
            "MOZ_SWITCHBOARD": true,
            "MOZ_SYSTEM_NSS": false,
            "MOZ_TELEMETRY_ON_BY_DEFAULT": false,
            "MOZ_TELEMETRY_REPORTING": true,
            "MOZ_UNSIGNED_SCOPES": 0,
            "MOZ_UPDATER": false,
            "MOZ_UPDATE_CHANNEL": "release",
            "MOZ_WEBRTC": true,
            "MOZ_WIDGET_GTK": false,
            "MOZ_WIDGET_TOOLKIT": "android",
            "NIGHTLY_BUILD": false,
            "OMNIJAR_NAME": "assets/omni.ja",
            "RELEASE_OR_BETA": true,
            "SOURCE_REVISION_URL": "https://hg.mozilla.org/releases/mozilla-esr68/rev/d2e0b9e17b9bc1ef02606c8006b73293f7892ad5",
            "TELEMETRY_PING_FORMAT_VERSION": 4,
            "XP_UNIX": true,
            "isPlatformAndVersionAtLeast": {},
            "isPlatformAndVersionAtMost": {},
            "platform": "android"
          },
          "userAgent": "Mozilla/5.0 (Android 8.1.0; Mobile; rv:68.0) Gecko/68.0 Firefox/68.0",
          "windowSize": "360x560"
        },
        "pageinfo": {
          "documentHeight": 12915,
          "documentSize": {
            "decodedBodySize": 171021,
            "encodedBodySize": 31713,
            "transferSize": 32045
          },
          "documentTitle": "detikcom - Informasi Berita Terkini dan Terbaru Hari Ini",
          "documentWidth": 360,
          "domElements": 1734,
          "navigationStartTime": 1617084166189,
          "nextHopProtocol": "h2",
          "resources": {
            "count": 0,
            "duration": 0
          },
          "responsive": true,
          "url": "https://www.detik.com/",
          "visualElements": {
            "heroes": [
              {
                "filename": "favicon-detik-big.png?v=6dfff284",
                "height": 36,
                "name": "LargestImage",
                "width": 36,
                "x": 8,
                "y": 7
              },
              {
                "filename": null,
                "height": 1,
                "name": "Heading",
                "width": 1,
                "x": -1,
                "y": -1
              }
            ],
            "viewport": {
              "height": 560,
              "width": 360
            }
          }
        },
        "timings": {
          "firstPaint": 2329,
          "loadEventEnd": 51592,
          "navigationTiming": {
            "connectStart": 2,
            "domComplete": 51537,
            "domContentLoadedEventEnd": 5370,
            "domContentLoadedEventStart": 5353,
            "domInteractive": 4624,
            "domainLookupEnd": 2,
            "domainLookupStart": 2,
            "duration": 51592,
            "fetchStart": 2,
            "loadEventEnd": 51592,
            "loadEventStart": 51537,
            "redirectEnd": 0,
            "redirectStart": 0,
            "requestStart": 106,
            "responseEnd": 221,
            "responseStart": 221,
            "secureConnectionStart": 0,
            "startTime": 0,
            "unloadEventEnd": 241,
            "unloadEventStart": 224,
            "workerStart": 0
          },
          "pageTimings": {
            "backEndTime": 221,
            "domContentLoadedTime": 5353,
            "domInteractiveTime": 4624,
            "domainLookupTime": 0,
            "frontEndTime": 51316,
            "pageDownloadTime": 0,
            "pageLoadTime": 51537,
            "redirectionTime": 0,
            "serverConnectionTime": 0,
            "serverResponseTime": 116
          },
          "rumSpeedIndex": 221,
          "timeToContentfulPaint": 2841,
          "timeToDomContentFlushed": 4825,
          "userTimings": {
            "marks": [
              {
                "name": "gpt-tag-load",
                "startTime": 10201.32
              },
              {
                "name": "gpt-first-ad-request",
                "startTime": 13115.78
              },
              {
                "name": "gpt-first-ad-render",
                "startTime": 17392.84
              }
            ],
            "measures": []
          }
        }
      },
      {
        "browser": {
          "appConstants": {
            "ACCESSIBILITY": true,
            "ANDROID_PACKAGE_NAME": "org.mozilla.firefox",
            "ASAN": false,
            "ASAN_REPORTER": false,
            "BROWSER_CHROME_URL": "chrome://browser/content/browser.xul",
            "DEBUG": false,
            "DEBUG_JS_MODULES": "",
            "DLL_PREFIX": "lib",
            "DLL_SUFFIX": ".so",
            "EARLY_BETA_OR_EARLIER": false,
            "FENNEC_NIGHTLY": false,
            "HAVE_SHELL_SERVICE": false,
            "HAVE_USR_LIB64_DIR": false,
            "MENUBAR_CAN_AUTOHIDE": false,
            "MOZILLA_OFFICIAL": true,
            "MOZ_ALLOW_LEGACY_EXTENSIONS": false,
            "MOZ_ANDROID_ACTIVITY_STREAM": false,
            "MOZ_ANDROID_HISTORY": true,
            "MOZ_ANDROID_MOZILLA_ONLINE": false,
            "MOZ_APP_NAME": "fennec",
            "MOZ_APP_VERSION": "68.1.1",
            "MOZ_APP_VERSION_DISPLAY": "68.1.1",
            "MOZ_BING_API_CLIENTID": "no-bing-api-clientid",
            "MOZ_BING_API_KEY": "no-bing-api-key",
            "MOZ_BITS_DOWNLOAD": false,
            "MOZ_BUILD_APP": "mobile/android",
            "MOZ_CODE_COVERAGE": false,
            "MOZ_CRASHREPORTER": true,
            "MOZ_DATA_REPORTING": true,
            "MOZ_DEV_EDITION": false,
            "MOZ_GECKO_PROFILER": true,
            "MOZ_GOOGLE_LOCATION_SERVICE_API_KEY": "AIzaSyB2h2OuRcUgy5N-5hsZqiPW6sH3n_rptiQ",
            "MOZ_GOOGLE_SAFEBROWSING_API_KEY": "AIzaSyC7jsptDS3am4tPx4r3nxis7IMjBc5Dovo",
            "MOZ_GRAPHENE": false,
            "MOZ_MACBUNDLE_NAME": "Firefox.app",
            "MOZ_MAINTENANCE_SERVICE": false,
            "MOZ_MOZILLA_API_KEY": "3b4d27dd-703d-4094-8398-4de2c763505a",
            "MOZ_NEW_CERT_STORAGE": false,
            "MOZ_NEW_NOTIFICATION_STORE": false,
            "MOZ_NEW_XULSTORE": false,
            "MOZ_OFFICIAL_BRANDING": false,
            "MOZ_PLACES": false,
            "MOZ_REQUIRE_SIGNING": false,
            "MOZ_SANDBOX": false,
            "MOZ_SERVICES_HEALTHREPORT": true,
            "MOZ_SERVICES_SYNC": false,
            "MOZ_SWITCHBOARD": true,
            "MOZ_SYSTEM_NSS": false,
            "MOZ_TELEMETRY_ON_BY_DEFAULT": false,
            "MOZ_TELEMETRY_REPORTING": true,
            "MOZ_UNSIGNED_SCOPES": 0,
            "MOZ_UPDATER": false,
            "MOZ_UPDATE_CHANNEL": "release",
            "MOZ_WEBRTC": true,
            "MOZ_WIDGET_GTK": false,
            "MOZ_WIDGET_TOOLKIT": "android",
            "NIGHTLY_BUILD": false,
            "OMNIJAR_NAME": "assets/omni.ja",
            "RELEASE_OR_BETA": true,
            "SOURCE_REVISION_URL": "https://hg.mozilla.org/releases/mozilla-esr68/rev/d2e0b9e17b9bc1ef02606c8006b73293f7892ad5",
            "TELEMETRY_PING_FORMAT_VERSION": 4,
            "XP_UNIX": true,
            "isPlatformAndVersionAtLeast": {},
            "isPlatformAndVersionAtMost": {},
            "platform": "android"
          },
          "asyncAppConstants": {
            "ACCESSIBILITY": true,
            "ANDROID_PACKAGE_NAME": "org.mozilla.firefox",
            "ASAN": false,
            "ASAN_REPORTER": false,
            "BROWSER_CHROME_URL": "chrome://browser/content/browser.xul",
            "DEBUG": false,
            "DEBUG_JS_MODULES": "",
            "DLL_PREFIX": "lib",
            "DLL_SUFFIX": ".so",
            "EARLY_BETA_OR_EARLIER": false,
            "FENNEC_NIGHTLY": false,
            "HAVE_SHELL_SERVICE": false,
            "HAVE_USR_LIB64_DIR": false,
            "MENUBAR_CAN_AUTOHIDE": false,
            "MOZILLA_OFFICIAL": true,
            "MOZ_ALLOW_LEGACY_EXTENSIONS": false,
            "MOZ_ANDROID_ACTIVITY_STREAM": false,
            "MOZ_ANDROID_HISTORY": true,
            "MOZ_ANDROID_MOZILLA_ONLINE": false,
            "MOZ_APP_NAME": "fennec",
            "MOZ_APP_VERSION": "68.1.1",
            "MOZ_APP_VERSION_DISPLAY": "68.1.1",
            "MOZ_BING_API_CLIENTID": "no-bing-api-clientid",
            "MOZ_BING_API_KEY": "no-bing-api-key",
            "MOZ_BITS_DOWNLOAD": false,
            "MOZ_BUILD_APP": "mobile/android",
            "MOZ_CODE_COVERAGE": false,
            "MOZ_CRASHREPORTER": true,
            "MOZ_DATA_REPORTING": true,
            "MOZ_DEV_EDITION": false,
            "MOZ_GECKO_PROFILER": true,
            "MOZ_GOOGLE_LOCATION_SERVICE_API_KEY": "AIzaSyB2h2OuRcUgy5N-5hsZqiPW6sH3n_rptiQ",
            "MOZ_GOOGLE_SAFEBROWSING_API_KEY": "AIzaSyC7jsptDS3am4tPx4r3nxis7IMjBc5Dovo",
            "MOZ_GRAPHENE": false,
            "MOZ_MACBUNDLE_NAME": "Firefox.app",
            "MOZ_MAINTENANCE_SERVICE": false,
            "MOZ_MOZILLA_API_KEY": "3b4d27dd-703d-4094-8398-4de2c763505a",
            "MOZ_NEW_CERT_STORAGE": false,
            "MOZ_NEW_NOTIFICATION_STORE": false,
            "MOZ_NEW_XULSTORE": false,
            "MOZ_OFFICIAL_BRANDING": false,
            "MOZ_PLACES": false,
            "MOZ_REQUIRE_SIGNING": false,
            "MOZ_SANDBOX": false,
            "MOZ_SERVICES_HEALTHREPORT": true,
            "MOZ_SERVICES_SYNC": false,
            "MOZ_SWITCHBOARD": true,
            "MOZ_SYSTEM_NSS": false,
            "MOZ_TELEMETRY_ON_BY_DEFAULT": false,
            "MOZ_TELEMETRY_REPORTING": true,
            "MOZ_UNSIGNED_SCOPES": 0,
            "MOZ_UPDATER": false,
            "MOZ_UPDATE_CHANNEL": "release",
            "MOZ_WEBRTC": true,
            "MOZ_WIDGET_GTK": false,
            "MOZ_WIDGET_TOOLKIT": "android",
            "NIGHTLY_BUILD": false,
            "OMNIJAR_NAME": "assets/omni.ja",
            "RELEASE_OR_BETA": true,
            "SOURCE_REVISION_URL": "https://hg.mozilla.org/releases/mozilla-esr68/rev/d2e0b9e17b9bc1ef02606c8006b73293f7892ad5",
            "TELEMETRY_PING_FORMAT_VERSION": 4,
            "XP_UNIX": true,
            "isPlatformAndVersionAtLeast": {},
            "isPlatformAndVersionAtMost": {},
            "platform": "android"
          },
          "userAgent": "Mozilla/5.0 (Android 8.1.0; Mobile; rv:68.0) Gecko/68.0 Firefox/68.0",
          "windowSize": "360x560"
        },
        "pageinfo": {
          "documentHeight": 12865,
          "documentSize": {
            "decodedBodySize": 171022,
            "encodedBodySize": 31690,
            "transferSize": 32022
          },
          "documentTitle": "detikcom - Informasi Berita Terkini dan Terbaru Hari Ini",
          "documentWidth": 360,
          "domElements": 1732,
          "navigationStartTime": 1617084266475,
          "nextHopProtocol": "h2",
          "resources": {
            "count": 0,
            "duration": 0
          },
          "responsive": true,
          "url": "https://www.detik.com/",
          "visualElements": {
            "heroes": [
              {
                "filename": "favicon-detik-big.png?v=6dfff284",
                "height": 36,
                "name": "LargestImage",
                "width": 36,
                "x": 8,
                "y": 7
              },
              {
                "filename": null,
                "height": 1,
                "name": "Heading",
                "width": 1,
                "x": -1,
                "y": -1
              }
            ],
            "viewport": {
              "height": 560,
              "width": 360
            }
          }
        },
        "timings": {
          "firstPaint": 2386,
          "loadEventEnd": 46171,
          "navigationTiming": {
            "connectStart": 2,
            "domComplete": 46113,
            "domContentLoadedEventEnd": 5169,
            "domContentLoadedEventStart": 5149,
            "domInteractive": 4488,
            "domainLookupEnd": 2,
            "domainLookupStart": 2,
            "duration": 46171,
            "fetchStart": 2,
            "loadEventEnd": 46171,
            "loadEventStart": 46113,
            "redirectEnd": 0,
            "redirectStart": 0,
            "requestStart": 120,
            "responseEnd": 248,
            "responseStart": 248,
            "secureConnectionStart": 0,
            "startTime": 0,
            "unloadEventEnd": 267,
            "unloadEventStart": 250,
            "workerStart": 0
          },
          "pageTimings": {
            "backEndTime": 248,
            "domContentLoadedTime": 5149,
            "domInteractiveTime": 4488,
            "domainLookupTime": 0,
            "frontEndTime": 45866,
            "pageDownloadTime": 0,
            "pageLoadTime": 46113,
            "redirectionTime": 0,
            "serverConnectionTime": 0,
            "serverResponseTime": 128
          },
          "rumSpeedIndex": 247,
          "timeToContentfulPaint": 2902,
          "timeToDomContentFlushed": 4667,
          "userTimings": {
            "marks": [
              {
                "name": "gpt-tag-load",
                "startTime": 10613.64
              },
              {
                "name": "gpt-first-ad-request",
                "startTime": 11205.14
              },
              {
                "name": "gpt-first-ad-render",
                "startTime": 14978.38
              }
            ],
            "measures": []
          }
        }
      }
    ],
    "visualMetrics": [],
    "cpu": [],
    "extras": [
      {},
      {},
      {}
    ],
    "fullyLoaded": [],
    "errors": [
      [],
      [],
      []
    ],
    "statistics": {
      "browser": {
        "appConstants": {
          "MOZ_UNSIGNED_SCOPES": {
            "median": 0,
            "mean": 0,
            "mdev": 0,
            "stddev": 0,
            "min": 0,
            "p10": 0,
            "p90": 0,
            "p99": 0,
            "max": 0
          },
          "TELEMETRY_PING_FORMAT_VERSION": {
            "median": 4,
            "mean": 4,
            "mdev": 0,
            "stddev": 0,
            "min": 4,
            "p10": 4,
            "p90": 4,
            "p99": 4,
            "max": 4
          }
        },
        "asyncAppConstants": {
          "MOZ_UNSIGNED_SCOPES": {
            "median": 0,
            "mean": 0,
            "mdev": 0,
            "stddev": 0,
            "min": 0,
            "p10": 0,
            "p90": 0,
            "p99": 0,
            "max": 0
          },
          "TELEMETRY_PING_FORMAT_VERSION": {
            "median": 4,
            "mean": 4,
            "mdev": 0,
            "stddev": 0,
            "min": 4,
            "p10": 4,
            "p90": 4,
            "p99": 4,
            "max": 4
          }
        }
      },
      "pageinfo": {
        "documentHeight": {
          "median": 12915,
          "mean": 13024,
          "mdev": 110.314,
          "stddev": 191,
          "min": 12865,
          "p10": 12865,
          "p90": 13293,
          "p99": 13293,
          "max": 13293
        },
        "documentSize": {
          "decodedBodySize": {
            "median": 171021,
            "mean": 170980,
            "mdev": 34.1576,
            "stddev": 59,
            "min": 170896,
            "p10": 170896,
            "p90": 171022,
            "p99": 171022,
            "max": 171022
          },
          "encodedBodySize": {
            "median": 31690,
            "mean": 31643,
            "mdev": 48.0717,
            "stddev": 83,
            "min": 31526,
            "p10": 31526,
            "p90": 31713,
            "p99": 31713,
            "max": 31713
          },
          "transferSize": {
            "median": 32022,
            "mean": 31975,
            "mdev": 48.0717,
            "stddev": 83,
            "min": 31858,
            "p10": 31858,
            "p90": 32045,
            "p99": 32045,
            "max": 32045
          }
        },
        "documentWidth": {
          "median": 360,
          "mean": 360,
          "mdev": 0,
          "stddev": 0,
          "min": 360,
          "p10": 360,
          "p90": 360,
          "p99": 360,
          "max": 360
        },
        "domElements": {
          "median": 1734,
          "mean": 1740,
          "mdev": 6.0062,
          "stddev": 10,
          "min": 1732,
          "p10": 1732,
          "p90": 1755,
          "p99": 1755,
          "max": 1755
        },
        "navigationStartTime": {
          "median": 1617084166189,
          "mean": 1617084160338,
          "mdev": 52002.2948,
          "stddev": 90071,
          "min": 1617084048351,
          "p10": 1617084048351,
          "p90": 1617084266475,
          "p99": 1617084266475,
          "max": 1617084266475
        },
        "resources": {
          "count": {
            "median": 0,
            "mean": 0,
            "mdev": 0,
            "stddev": 0,
            "min": 0,
            "p10": 0,
            "p90": 0,
            "p99": 0,
            "max": 0
          },
          "duration": {
            "median": 0,
            "mean": 0,
            "mdev": 0,
            "stddev": 0,
            "min": 0,
            "p10": 0,
            "p90": 0,
            "p99": 0,
            "max": 0
          }
        },
        "visualElements": {
          "heroes": [
            {
              "height": {
                "median": 36,
                "mean": 36,
                "mdev": 0,
                "stddev": 0,
                "min": 36,
                "p10": 36,
                "p90": 36,
                "p99": 36,
                "max": 36
              },
              "width": {
                "median": 36,
                "mean": 36,
                "mdev": 0,
                "stddev": 0,
                "min": 36,
                "p10": 36,
                "p90": 36,
                "p99": 36,
                "max": 36
              },
              "x": {
                "median": 8,
                "mean": 8,
                "mdev": 0,
                "stddev": 0,
                "min": 8,
                "p10": 8,
                "p90": 8,
                "p99": 8,
                "max": 8
              },
              "y": {
                "median": 7,
                "mean": 7,
                "mdev": 0,
                "stddev": 0,
                "min": 7,
                "p10": 7,
                "p90": 7,
                "p99": 7,
                "max": 7
              }
            },
            {
              "height": {
                "median": 1,
                "mean": 1,
                "mdev": 0,
                "stddev": 0,
                "min": 1,
                "p10": 1,
                "p90": 1,
                "p99": 1,
                "max": 1
              },
              "width": {
                "median": 1,
                "mean": 1,
                "mdev": 0,
                "stddev": 0,
                "min": 1,
                "p10": 1,
                "p90": 1,
                "p99": 1,
                "max": 1
              },
              "x": {
                "median": -1,
                "mean": -1,
                "mdev": 0,
                "stddev": 0,
                "min": -1,
                "p10": -1,
                "p90": -1,
                "p99": -1,
                "max": -1
              },
              "y": {
                "median": -1,
                "mean": -1,
                "mdev": 0,
                "stddev": 0,
                "min": -1,
                "p10": -1,
                "p90": -1,
                "p99": -1,
                "max": -1
              }
            }
          ],
          "viewport": {
            "height": {
              "median": 560,
              "mean": 560,
              "mdev": 0,
              "stddev": 0,
              "min": 560,
              "p10": 560,
              "p90": 560,
              "p99": 560,
              "max": 560
            },
            "width": {
              "median": 360,
              "mean": 360,
              "mdev": 0,
              "stddev": 0,
              "min": 360,
              "p10": 360,
              "p90": 360,
              "p99": 360,
              "max": 360
            }
          }
        }
      },
      "timings": {
        "firstPaint": {
          "median": 2386,
          "mean": 2707,
          "mdev": 285.6816,
          "stddev": 495,
          "min": 2329,
          "p10": 2329,
          "p90": 3406,
          "p99": 3406,
          "max": 3406
        },
        "loadEventEnd": {
          "median": 51592,
          "mean": 53901,
          "mdev": 4292.9646,
          "stddev": 7436,
          "min": 46171,
          "p10": 46171,
          "p90": 63940,
          "p99": 63940,
          "max": 63940
        },
        "navigationTiming": {
          "connectStart": {
            "median": 2,
            "mean": 2,
            "mdev": 0,
            "stddev": 0,
            "min": 2,
            "p10": 2,
            "p90": 2,
            "p99": 2,
            "max": 2
          },
          "domComplete": {
            "median": 51537,
            "mean": 53846,
            "mdev": 4294.6041,
            "stddev": 7438,
            "min": 46113,
            "p10": 46113,
            "p90": 63889,
            "p99": 63889,
            "max": 63889
          },
          "domContentLoadedEventEnd": {
            "median": 5370,
            "mean": 6900,
            "mdev": 1332.1404,
            "stddev": 2307,
            "min": 5169,
            "p10": 5169,
            "p90": 10161,
            "p99": 10161,
            "max": 10161
          },
          "domContentLoadedEventStart": {
            "median": 5353,
            "mean": 6880,
            "mdev": 1331.2138,
            "stddev": 2306,
            "min": 5149,
            "p10": 5149,
            "p90": 10139,
            "p99": 10139,
            "max": 10139
          },
          "domInteractive": {
            "median": 4624,
            "mean": 5160,
            "mdev": 494.2046,
            "stddev": 856,
            "min": 4488,
            "p10": 4488,
            "p90": 6368,
            "p99": 6368,
            "max": 6368
          },
          "domainLookupEnd": {
            "median": 2,
            "mean": 2,
            "mdev": 0,
            "stddev": 0,
            "min": 2,
            "p10": 2,
            "p90": 2,
            "p99": 2,
            "max": 2
          },
          "domainLookupStart": {
            "median": 2,
            "mean": 2,
            "mdev": 0,
            "stddev": 0,
            "min": 2,
            "p10": 2,
            "p90": 2,
            "p99": 2,
            "max": 2
          },
          "duration": {
            "median": 51592,
            "mean": 53901,
            "mdev": 4292.9646,
            "stddev": 7436,
            "min": 46171,
            "p10": 46171,
            "p90": 63940,
            "p99": 63940,
            "max": 63940
          },
          "fetchStart": {
            "median": 2,
            "mean": 2,
            "mdev": 0,
            "stddev": 0,
            "min": 2,
            "p10": 2,
            "p90": 2,
            "p99": 2,
            "max": 2
          },
          "loadEventEnd": {
            "median": 51592,
            "mean": 53901,
            "mdev": 4292.9646,
            "stddev": 7436,
            "min": 46171,
            "p10": 46171,
            "p90": 63940,
            "p99": 63940,
            "max": 63940
          },
          "loadEventStart": {
            "median": 51537,
            "mean": 53846,
            "mdev": 4294.6041,
            "stddev": 7438,
            "min": 46113,
            "p10": 46113,
            "p90": 63889,
            "p99": 63889,
            "max": 63889
          },
          "redirectEnd": {
            "median": 0,
            "mean": 0,
            "mdev": 0,
            "stddev": 0,
            "min": 0,
            "p10": 0,
            "p90": 0,
            "p99": 0,
            "max": 0
          },
          "redirectStart": {
            "median": 0,
            "mean": 0,
            "mdev": 0,
            "stddev": 0,
            "min": 0,
            "p10": 0,
            "p90": 0,
            "p99": 0,
            "max": 0
          },
          "requestStart": {
            "median": 120,
            "mean": 151,
            "mdev": 30.9312,
            "stddev": 54,
            "min": 106,
            "p10": 106,
            "p90": 226,
            "p99": 226,
            "max": 226
          },
          "responseEnd": {
            "median": 248,
            "mean": 306,
            "mdev": 58.4548,
            "stddev": 101,
            "min": 221,
            "p10": 221,
            "p90": 448,
            "p99": 448,
            "max": 448
          },
          "responseStart": {
            "median": 248,
            "mean": 303,
            "mdev": 56.0205,
            "stddev": 97,
            "min": 221,
            "p10": 221,
            "p90": 439,
            "p99": 439,
            "max": 439
          },
          "secureConnectionStart": {
            "median": 0,
            "mean": 0,
            "mdev": 0,
            "stddev": 0,
            "min": 0,
            "p10": 0,
            "p90": 0,
            "p99": 0,
            "max": 0
          },
          "startTime": {
            "median": 0,
            "mean": 0,
            "mdev": 0,
            "stddev": 0,
            "min": 0,
            "p10": 0,
            "p90": 0,
            "p99": 0,
            "max": 0
          },
          "unloadEventEnd": {
            "median": 267,
            "mean": 322,
            "mdev": 55.5884,
            "stddev": 96,
            "min": 241,
            "p10": 241,
            "p90": 457,
            "p99": 457,
            "max": 457
          },
          "unloadEventStart": {
            "median": 250,
            "mean": 305,
            "mdev": 55.8589,
            "stddev": 97,
            "min": 224,
            "p10": 224,
            "p90": 441,
            "p99": 441,
            "max": 441
          },
          "workerStart": {
            "median": 0,
            "mean": 0,
            "mdev": 0,
            "stddev": 0,
            "min": 0,
            "p10": 0,
            "p90": 0,
            "p99": 0,
            "max": 0
          }
        },
        "pageTimings": {
          "backEndTime": {
            "median": 248,
            "mean": 303,
            "mdev": 56.0205,
            "stddev": 97,
            "min": 221,
            "p10": 221,
            "p90": 439,
            "p99": 439,
            "max": 439
          },
          "domContentLoadedTime": {
            "median": 5353,
            "mean": 6880,
            "mdev": 1331.2138,
            "stddev": 2306,
            "min": 5149,
            "p10": 5149,
            "p90": 10139,
            "p99": 10139,
            "max": 10139
          },
          "domInteractiveTime": {
            "median": 4624,
            "mean": 5160,
            "mdev": 494.2046,
            "stddev": 856,
            "min": 4488,
            "p10": 4488,
            "p90": 6368,
            "p99": 6368,
            "max": 6368
          },
          "domainLookupTime": {
            "median": 0,
            "mean": 0,
            "mdev": 0,
            "stddev": 0,
            "min": 0,
            "p10": 0,
            "p90": 0,
            "p99": 0,
            "max": 0
          },
          "frontEndTime": {
            "median": 51316,
            "mean": 53541,
            "mdev": 4240.8889,
            "stddev": 7345,
            "min": 45866,
            "p10": 45866,
            "p90": 63441,
            "p99": 63441,
            "max": 63441
          },
          "pageDownloadTime": {
            "median": 0,
            "mean": 3,
            "mdev": 2.4495,
            "stddev": 4,
            "min": 0,
            "p10": 0,
            "p90": 9,
            "p99": 9,
            "max": 9
          },
          "pageLoadTime": {
            "median": 51537,
            "mean": 53846,
            "mdev": 4294.6041,
            "stddev": 7438,
            "min": 46113,
            "p10": 46113,
            "p90": 63889,
            "p99": 63889,
            "max": 63889
          },
          "redirectionTime": {
            "median": 0,
            "mean": 0,
            "mdev": 0,
            "stddev": 0,
            "min": 0,
            "p10": 0,
            "p90": 0,
            "p99": 0,
            "max": 0
          },
          "serverConnectionTime": {
            "median": 0,
            "mean": 0,
            "mdev": 0,
            "stddev": 0,
            "min": 0,
            "p10": 0,
            "p90": 0,
            "p99": 0,
            "max": 0
          },
          "serverResponseTime": {
            "median": 128,
            "mean": 155,
            "mdev": 27.3631,
            "stddev": 47,
            "min": 116,
            "p10": 116,
            "p90": 222,
            "p99": 222,
            "max": 222
          }
        },
        "rumSpeedIndex": {
          "median": 247,
          "mean": 302,
          "mdev": 56.1295,
          "stddev": 97,
          "min": 221,
          "p10": 221,
          "p90": 439,
          "p99": 439,
          "max": 439
        },
        "timeToContentfulPaint": {
          "median": 2902,
          "mean": 3287,
          "mdev": 339.5589,
          "stddev": 588,
          "min": 2841,
          "p10": 2841,
          "p90": 4118,
          "p99": 4118,
          "max": 4118
        },
        "timeToDomContentFlushed": {
          "median": 4825,
          "mean": 5367,
          "mdev": 508.6816,
          "stddev": 881,
          "min": 4667,
          "p10": 4667,
          "p90": 6610,
          "p99": 6610,
          "max": 6610
        },
        "userTimings": {
          "marks": {
            "gpt-tag-load": {
              "median": 10380,
              "mean": 10398,
              "mdev": 97.47,
              "stddev": 169,
              "min": 10201,
              "p10": 10201,
              "p90": 10614,
              "p99": 10614,
              "max": 10614
            },
            "gpt-first-ad-request": {
              "median": 13116,
              "mean": 16627,
              "mdev": 3674.7391,
              "stddev": 6365,
              "min": 11205,
              "p10": 11205,
              "p90": 25561,
              "p99": 25561,
              "max": 25561
            },
            "gpt-first-ad-render": {
              "median": 17393,
              "mean": 20165,
              "mdev": 3298.4704,
              "stddev": 5713,
              "min": 14978,
              "p10": 14978,
              "p90": 28123,
              "p99": 28123,
              "max": 28123
            }
          }
        }
      }
    }
  }
]