[
  {
    "info": {
      "browsertime": {
        "version": "8.4.0"
      },
      "url": "https://www.office.com/",
      "timestamp": "2021-03-30T17:19:52+04:00",
      "connectivity": {
        "engine": "external",
        "profile": "native"
      },
      "extra": {}
    },
    "files": {
      "video": [],
      "screenshot": [],
      "timeline": [],
      "consoleLog": [],
      "netLog": [],
      "perfLog": []
    },
    "cdp": {
      "performance": []
    },
    "timestamps": [
      "2021-03-30T17:19:42+04:00",
      "2021-03-30T17:19:58+04:00",
      "2021-03-30T17:20:13+04:00"
    ],
    "browserScripts": [
      {
        "browser": {
          "appConstants": {
            "ACCESSIBILITY": true,
            "ANDROID_PACKAGE_NAME": "org.mozilla.firefox",
            "ASAN": false,
            "ASAN_REPORTER": false,
            "BROWSER_CHROME_URL": "chrome://browser/content/browser.xul",
            "DEBUG": false,
            "DEBUG_JS_MODULES": "",
            "DLL_PREFIX": "lib",
            "DLL_SUFFIX": ".so",
            "EARLY_BETA_OR_EARLIER": false,
            "FENNEC_NIGHTLY": false,
            "HAVE_SHELL_SERVICE": false,
            "HAVE_USR_LIB64_DIR": false,
            "MENUBAR_CAN_AUTOHIDE": false,
            "MOZILLA_OFFICIAL": true,
            "MOZ_ALLOW_LEGACY_EXTENSIONS": false,
            "MOZ_ANDROID_ACTIVITY_STREAM": false,
            "MOZ_ANDROID_HISTORY": true,
            "MOZ_ANDROID_MOZILLA_ONLINE": false,
            "MOZ_APP_NAME": "fennec",
            "MOZ_APP_VERSION": "68.1.1",
            "MOZ_APP_VERSION_DISPLAY": "68.1.1",
            "MOZ_BING_API_CLIENTID": "no-bing-api-clientid",
            "MOZ_BING_API_KEY": "no-bing-api-key",
            "MOZ_BITS_DOWNLOAD": false,
            "MOZ_BUILD_APP": "mobile/android",
            "MOZ_CODE_COVERAGE": false,
            "MOZ_CRASHREPORTER": true,
            "MOZ_DATA_REPORTING": true,
            "MOZ_DEV_EDITION": false,
            "MOZ_GECKO_PROFILER": true,
            "MOZ_GOOGLE_LOCATION_SERVICE_API_KEY": "AIzaSyB2h2OuRcUgy5N-5hsZqiPW6sH3n_rptiQ",
            "MOZ_GOOGLE_SAFEBROWSING_API_KEY": "AIzaSyC7jsptDS3am4tPx4r3nxis7IMjBc5Dovo",
            "MOZ_GRAPHENE": false,
            "MOZ_MACBUNDLE_NAME": "Firefox.app",
            "MOZ_MAINTENANCE_SERVICE": false,
            "MOZ_MOZILLA_API_KEY": "3b4d27dd-703d-4094-8398-4de2c763505a",
            "MOZ_NEW_CERT_STORAGE": false,
            "MOZ_NEW_NOTIFICATION_STORE": false,
            "MOZ_NEW_XULSTORE": false,
            "MOZ_OFFICIAL_BRANDING": false,
            "MOZ_PLACES": false,
            "MOZ_REQUIRE_SIGNING": false,
            "MOZ_SANDBOX": false,
            "MOZ_SERVICES_HEALTHREPORT": true,
            "MOZ_SERVICES_SYNC": false,
            "MOZ_SWITCHBOARD": true,
            "MOZ_SYSTEM_NSS": false,
            "MOZ_TELEMETRY_ON_BY_DEFAULT": false,
            "MOZ_TELEMETRY_REPORTING": true,
            "MOZ_UNSIGNED_SCOPES": 0,
            "MOZ_UPDATER": false,
            "MOZ_UPDATE_CHANNEL": "release",
            "MOZ_WEBRTC": true,
            "MOZ_WIDGET_GTK": false,
            "MOZ_WIDGET_TOOLKIT": "android",
            "NIGHTLY_BUILD": false,
            "OMNIJAR_NAME": "assets/omni.ja",
            "RELEASE_OR_BETA": true,
            "SOURCE_REVISION_URL": "https://hg.mozilla.org/releases/mozilla-esr68/rev/d2e0b9e17b9bc1ef02606c8006b73293f7892ad5",
            "TELEMETRY_PING_FORMAT_VERSION": 4,
            "XP_UNIX": true,
            "isPlatformAndVersionAtLeast": {},
            "isPlatformAndVersionAtMost": {},
            "platform": "android"
          },
          "asyncAppConstants": {
            "ACCESSIBILITY": true,
            "ANDROID_PACKAGE_NAME": "org.mozilla.firefox",
            "ASAN": false,
            "ASAN_REPORTER": false,
            "BROWSER_CHROME_URL": "chrome://browser/content/browser.xul",
            "DEBUG": false,
            "DEBUG_JS_MODULES": "",
            "DLL_PREFIX": "lib",
            "DLL_SUFFIX": ".so",
            "EARLY_BETA_OR_EARLIER": false,
            "FENNEC_NIGHTLY": false,
            "HAVE_SHELL_SERVICE": false,
            "HAVE_USR_LIB64_DIR": false,
            "MENUBAR_CAN_AUTOHIDE": false,
            "MOZILLA_OFFICIAL": true,
            "MOZ_ALLOW_LEGACY_EXTENSIONS": false,
            "MOZ_ANDROID_ACTIVITY_STREAM": false,
            "MOZ_ANDROID_HISTORY": true,
            "MOZ_ANDROID_MOZILLA_ONLINE": false,
            "MOZ_APP_NAME": "fennec",
            "MOZ_APP_VERSION": "68.1.1",
            "MOZ_APP_VERSION_DISPLAY": "68.1.1",
            "MOZ_BING_API_CLIENTID": "no-bing-api-clientid",
            "MOZ_BING_API_KEY": "no-bing-api-key",
            "MOZ_BITS_DOWNLOAD": false,
            "MOZ_BUILD_APP": "mobile/android",
            "MOZ_CODE_COVERAGE": false,
            "MOZ_CRASHREPORTER": true,
            "MOZ_DATA_REPORTING": true,
            "MOZ_DEV_EDITION": false,
            "MOZ_GECKO_PROFILER": true,
            "MOZ_GOOGLE_LOCATION_SERVICE_API_KEY": "AIzaSyB2h2OuRcUgy5N-5hsZqiPW6sH3n_rptiQ",
            "MOZ_GOOGLE_SAFEBROWSING_API_KEY": "AIzaSyC7jsptDS3am4tPx4r3nxis7IMjBc5Dovo",
            "MOZ_GRAPHENE": false,
            "MOZ_MACBUNDLE_NAME": "Firefox.app",
            "MOZ_MAINTENANCE_SERVICE": false,
            "MOZ_MOZILLA_API_KEY": "3b4d27dd-703d-4094-8398-4de2c763505a",
            "MOZ_NEW_CERT_STORAGE": false,
            "MOZ_NEW_NOTIFICATION_STORE": false,
            "MOZ_NEW_XULSTORE": false,
            "MOZ_OFFICIAL_BRANDING": false,
            "MOZ_PLACES": false,
            "MOZ_REQUIRE_SIGNING": false,
            "MOZ_SANDBOX": false,
            "MOZ_SERVICES_HEALTHREPORT": true,
            "MOZ_SERVICES_SYNC": false,
            "MOZ_SWITCHBOARD": true,
            "MOZ_SYSTEM_NSS": false,
            "MOZ_TELEMETRY_ON_BY_DEFAULT": false,
            "MOZ_TELEMETRY_REPORTING": true,
            "MOZ_UNSIGNED_SCOPES": 0,
            "MOZ_UPDATER": false,
            "MOZ_UPDATE_CHANNEL": "release",
            "MOZ_WEBRTC": true,
            "MOZ_WIDGET_GTK": false,
            "MOZ_WIDGET_TOOLKIT": "android",
            "NIGHTLY_BUILD": false,
            "OMNIJAR_NAME": "assets/omni.ja",
            "RELEASE_OR_BETA": true,
            "SOURCE_REVISION_URL": "https://hg.mozilla.org/releases/mozilla-esr68/rev/d2e0b9e17b9bc1ef02606c8006b73293f7892ad5",
            "TELEMETRY_PING_FORMAT_VERSION": 4,
            "XP_UNIX": true,
            "isPlatformAndVersionAtLeast": {},
            "isPlatformAndVersionAtMost": {},
            "platform": "android"
          },
          "userAgent": "Mozilla/5.0 (Android 9; Mobile; rv:68.0) Gecko/68.0 Firefox/68.0",
          "windowSize": "360x612"
        },
        "pageinfo": {
          "documentHeight": 5071,
          "documentSize": {
            "decodedBodySize": 113802,
            "encodedBodySize": 22255,
            "transferSize": 23488
          },
          "documentTitle": "Office 365 Login | Microsoft Office",
          "documentWidth": 360,
          "domElements": 595,
          "navigationStartTime": 1617110383306,
          "nextHopProtocol": "h2",
          "resources": {
            "count": 0,
            "duration": 0
          },
          "responsive": true,
          "url": "https://www.office.com/",
          "visualElements": {
            "heroes": [
              {
                "filename": "hero-xxl-b79c4b74fa.jpg",
                "height": 202,
                "name": "LargestImage",
                "width": 360,
                "x": 0,
                "y": 511
              },
              {
                "filename": null,
                "height": 46,
                "name": "Heading",
                "width": 308,
                "x": 26,
                "y": 178
              }
            ],
            "viewport": {
              "height": 612,
              "width": 360
            }
          }
        },
        "timings": {
          "firstPaint": 1307,
          "loadEventEnd": 2629,
          "navigationTiming": {
            "connectStart": 292,
            "domComplete": 2609,
            "domContentLoadedEventEnd": 1403,
            "domContentLoadedEventStart": 1331,
            "domInteractive": 1299,
            "domainLookupEnd": 292,
            "domainLookupStart": 292,
            "duration": 2629,
            "fetchStart": 3,
            "loadEventEnd": 2629,
            "loadEventStart": 2609,
            "redirectEnd": 0,
            "redirectStart": 0,
            "requestStart": 417,
            "responseEnd": 477,
            "responseStart": 464,
            "secureConnectionStart": 307,
            "startTime": 0,
            "unloadEventEnd": 0,
            "unloadEventStart": 0,
            "workerStart": 0
          },
          "pageTimings": {
            "backEndTime": 464,
            "domContentLoadedTime": 1331,
            "domInteractiveTime": 1299,
            "domainLookupTime": 0,
            "frontEndTime": 2132,
            "pageDownloadTime": 12,
            "pageLoadTime": 2609,
            "redirectionTime": 0,
            "serverConnectionTime": 123,
            "serverResponseTime": 60
          },
          "rumSpeedIndex": 464,
          "timeToContentfulPaint": 2099,
          "timeToDomContentFlushed": 1307,
          "userTimings": {
            "marks": [],
            "measures": []
          }
        }
      },
      {
        "browser": {
          "appConstants": {
            "ACCESSIBILITY": true,
            "ANDROID_PACKAGE_NAME": "org.mozilla.firefox",
            "ASAN": false,
            "ASAN_REPORTER": false,
            "BROWSER_CHROME_URL": "chrome://browser/content/browser.xul",
            "DEBUG": false,
            "DEBUG_JS_MODULES": "",
            "DLL_PREFIX": "lib",
            "DLL_SUFFIX": ".so",
            "EARLY_BETA_OR_EARLIER": false,
            "FENNEC_NIGHTLY": false,
            "HAVE_SHELL_SERVICE": false,
            "HAVE_USR_LIB64_DIR": false,
            "MENUBAR_CAN_AUTOHIDE": false,
            "MOZILLA_OFFICIAL": true,
            "MOZ_ALLOW_LEGACY_EXTENSIONS": false,
            "MOZ_ANDROID_ACTIVITY_STREAM": false,
            "MOZ_ANDROID_HISTORY": true,
            "MOZ_ANDROID_MOZILLA_ONLINE": false,
            "MOZ_APP_NAME": "fennec",
            "MOZ_APP_VERSION": "68.1.1",
            "MOZ_APP_VERSION_DISPLAY": "68.1.1",
            "MOZ_BING_API_CLIENTID": "no-bing-api-clientid",
            "MOZ_BING_API_KEY": "no-bing-api-key",
            "MOZ_BITS_DOWNLOAD": false,
            "MOZ_BUILD_APP": "mobile/android",
            "MOZ_CODE_COVERAGE": false,
            "MOZ_CRASHREPORTER": true,
            "MOZ_DATA_REPORTING": true,
            "MOZ_DEV_EDITION": false,
            "MOZ_GECKO_PROFILER": true,
            "MOZ_GOOGLE_LOCATION_SERVICE_API_KEY": "AIzaSyB2h2OuRcUgy5N-5hsZqiPW6sH3n_rptiQ",
            "MOZ_GOOGLE_SAFEBROWSING_API_KEY": "AIzaSyC7jsptDS3am4tPx4r3nxis7IMjBc5Dovo",
            "MOZ_GRAPHENE": false,
            "MOZ_MACBUNDLE_NAME": "Firefox.app",
            "MOZ_MAINTENANCE_SERVICE": false,
            "MOZ_MOZILLA_API_KEY": "3b4d27dd-703d-4094-8398-4de2c763505a",
            "MOZ_NEW_CERT_STORAGE": false,
            "MOZ_NEW_NOTIFICATION_STORE": false,
            "MOZ_NEW_XULSTORE": false,
            "MOZ_OFFICIAL_BRANDING": false,
            "MOZ_PLACES": false,
            "MOZ_REQUIRE_SIGNING": false,
            "MOZ_SANDBOX": false,
            "MOZ_SERVICES_HEALTHREPORT": true,
            "MOZ_SERVICES_SYNC": false,
            "MOZ_SWITCHBOARD": true,
            "MOZ_SYSTEM_NSS": false,
            "MOZ_TELEMETRY_ON_BY_DEFAULT": false,
            "MOZ_TELEMETRY_REPORTING": true,
            "MOZ_UNSIGNED_SCOPES": 0,
            "MOZ_UPDATER": false,
            "MOZ_UPDATE_CHANNEL": "release",
            "MOZ_WEBRTC": true,
            "MOZ_WIDGET_GTK": false,
            "MOZ_WIDGET_TOOLKIT": "android",
            "NIGHTLY_BUILD": false,
            "OMNIJAR_NAME": "assets/omni.ja",
            "RELEASE_OR_BETA": true,
            "SOURCE_REVISION_URL": "https://hg.mozilla.org/releases/mozilla-esr68/rev/d2e0b9e17b9bc1ef02606c8006b73293f7892ad5",
            "TELEMETRY_PING_FORMAT_VERSION": 4,
            "XP_UNIX": true,
            "isPlatformAndVersionAtLeast": {},
            "isPlatformAndVersionAtMost": {},
            "platform": "android"
          },
          "asyncAppConstants": {
            "ACCESSIBILITY": true,
            "ANDROID_PACKAGE_NAME": "org.mozilla.firefox",
            "ASAN": false,
            "ASAN_REPORTER": false,
            "BROWSER_CHROME_URL": "chrome://browser/content/browser.xul",
            "DEBUG": false,
            "DEBUG_JS_MODULES": "",
            "DLL_PREFIX": "lib",
            "DLL_SUFFIX": ".so",
            "EARLY_BETA_OR_EARLIER": false,
            "FENNEC_NIGHTLY": false,
            "HAVE_SHELL_SERVICE": false,
            "HAVE_USR_LIB64_DIR": false,
            "MENUBAR_CAN_AUTOHIDE": false,
            "MOZILLA_OFFICIAL": true,
            "MOZ_ALLOW_LEGACY_EXTENSIONS": false,
            "MOZ_ANDROID_ACTIVITY_STREAM": false,
            "MOZ_ANDROID_HISTORY": true,
            "MOZ_ANDROID_MOZILLA_ONLINE": false,
            "MOZ_APP_NAME": "fennec",
            "MOZ_APP_VERSION": "68.1.1",
            "MOZ_APP_VERSION_DISPLAY": "68.1.1",
            "MOZ_BING_API_CLIENTID": "no-bing-api-clientid",
            "MOZ_BING_API_KEY": "no-bing-api-key",
            "MOZ_BITS_DOWNLOAD": false,
            "MOZ_BUILD_APP": "mobile/android",
            "MOZ_CODE_COVERAGE": false,
            "MOZ_CRASHREPORTER": true,
            "MOZ_DATA_REPORTING": true,
            "MOZ_DEV_EDITION": false,
            "MOZ_GECKO_PROFILER": true,
            "MOZ_GOOGLE_LOCATION_SERVICE_API_KEY": "AIzaSyB2h2OuRcUgy5N-5hsZqiPW6sH3n_rptiQ",
            "MOZ_GOOGLE_SAFEBROWSING_API_KEY": "AIzaSyC7jsptDS3am4tPx4r3nxis7IMjBc5Dovo",
            "MOZ_GRAPHENE": false,
            "MOZ_MACBUNDLE_NAME": "Firefox.app",
            "MOZ_MAINTENANCE_SERVICE": false,
            "MOZ_MOZILLA_API_KEY": "3b4d27dd-703d-4094-8398-4de2c763505a",
            "MOZ_NEW_CERT_STORAGE": false,
            "MOZ_NEW_NOTIFICATION_STORE": false,
            "MOZ_NEW_XULSTORE": false,
            "MOZ_OFFICIAL_BRANDING": false,
            "MOZ_PLACES": false,
            "MOZ_REQUIRE_SIGNING": false,
            "MOZ_SANDBOX": false,
            "MOZ_SERVICES_HEALTHREPORT": true,
            "MOZ_SERVICES_SYNC": false,
            "MOZ_SWITCHBOARD": true,
            "MOZ_SYSTEM_NSS": false,
            "MOZ_TELEMETRY_ON_BY_DEFAULT": false,
            "MOZ_TELEMETRY_REPORTING": true,
            "MOZ_UNSIGNED_SCOPES": 0,
            "MOZ_UPDATER": false,
            "MOZ_UPDATE_CHANNEL": "release",
            "MOZ_WEBRTC": true,
            "MOZ_WIDGET_GTK": false,
            "MOZ_WIDGET_TOOLKIT": "android",
            "NIGHTLY_BUILD": false,
            "OMNIJAR_NAME": "assets/omni.ja",
            "RELEASE_OR_BETA": true,
            "SOURCE_REVISION_URL": "https://hg.mozilla.org/releases/mozilla-esr68/rev/d2e0b9e17b9bc1ef02606c8006b73293f7892ad5",
            "TELEMETRY_PING_FORMAT_VERSION": 4,
            "XP_UNIX": true,
            "isPlatformAndVersionAtLeast": {},
            "isPlatformAndVersionAtMost": {},
            "platform": "android"
          },
          "userAgent": "Mozilla/5.0 (Android 9; Mobile; rv:68.0) Gecko/68.0 Firefox/68.0",
          "windowSize": "360x612"
        },
        "pageinfo": {
          "documentHeight": 5071,
          "documentSize": {
            "decodedBodySize": 113783,
            "encodedBodySize": 22232,
            "transferSize": 23465
          },
          "documentTitle": "Office 365 Login | Microsoft Office",
          "documentWidth": 360,
          "domElements": 595,
          "navigationStartTime": 1617110398891,
          "nextHopProtocol": "h2",
          "resources": {
            "count": 0,
            "duration": 0
          },
          "responsive": true,
          "url": "https://www.office.com/",
          "visualElements": {
            "heroes": [
              {
                "filename": "hero-xxl-b79c4b74fa.jpg",
                "height": 202,
                "name": "LargestImage",
                "width": 360,
                "x": 0,
                "y": 511
              },
              {
                "filename": null,
                "height": 46,
                "name": "Heading",
                "width": 308,
                "x": 26,
                "y": 178
              }
            ],
            "viewport": {
              "height": 612,
              "width": 360
            }
          }
        },
        "timings": {
          "firstPaint": 991,
          "loadEventEnd": 2359,
          "navigationTiming": {
            "connectStart": 122,
            "domComplete": 2349,
            "domContentLoadedEventEnd": 1088,
            "domContentLoadedEventStart": 1015,
            "domInteractive": 981,
            "domainLookupEnd": 122,
            "domainLookupStart": 121,
            "duration": 2359,
            "fetchStart": 2,
            "loadEventEnd": 2359,
            "loadEventStart": 2349,
            "redirectEnd": 0,
            "redirectStart": 0,
            "requestStart": 250,
            "responseEnd": 312,
            "responseStart": 301,
            "secureConnectionStart": 144,
            "startTime": 0,
            "unloadEventEnd": 0,
            "unloadEventStart": 0,
            "workerStart": 0
          },
          "pageTimings": {
            "backEndTime": 301,
            "domContentLoadedTime": 1015,
            "domInteractiveTime": 981,
            "domainLookupTime": 0,
            "frontEndTime": 2037,
            "pageDownloadTime": 12,
            "pageLoadTime": 2349,
            "redirectionTime": 0,
            "serverConnectionTime": 127,
            "serverResponseTime": 63
          },
          "rumSpeedIndex": 300,
          "timeToContentfulPaint": 1769,
          "timeToDomContentFlushed": 990,
          "userTimings": {
            "marks": [],
            "measures": []
          }
        }
      },
      {
        "browser": {
          "appConstants": {
            "ACCESSIBILITY": true,
            "ANDROID_PACKAGE_NAME": "org.mozilla.firefox",
            "ASAN": false,
            "ASAN_REPORTER": false,
            "BROWSER_CHROME_URL": "chrome://browser/content/browser.xul",
            "DEBUG": false,
            "DEBUG_JS_MODULES": "",
            "DLL_PREFIX": "lib",
            "DLL_SUFFIX": ".so",
            "EARLY_BETA_OR_EARLIER": false,
            "FENNEC_NIGHTLY": false,
            "HAVE_SHELL_SERVICE": false,
            "HAVE_USR_LIB64_DIR": false,
            "MENUBAR_CAN_AUTOHIDE": false,
            "MOZILLA_OFFICIAL": true,
            "MOZ_ALLOW_LEGACY_EXTENSIONS": false,
            "MOZ_ANDROID_ACTIVITY_STREAM": false,
            "MOZ_ANDROID_HISTORY": true,
            "MOZ_ANDROID_MOZILLA_ONLINE": false,
            "MOZ_APP_NAME": "fennec",
            "MOZ_APP_VERSION": "68.1.1",
            "MOZ_APP_VERSION_DISPLAY": "68.1.1",
            "MOZ_BING_API_CLIENTID": "no-bing-api-clientid",
            "MOZ_BING_API_KEY": "no-bing-api-key",
            "MOZ_BITS_DOWNLOAD": false,
            "MOZ_BUILD_APP": "mobile/android",
            "MOZ_CODE_COVERAGE": false,
            "MOZ_CRASHREPORTER": true,
            "MOZ_DATA_REPORTING": true,
            "MOZ_DEV_EDITION": false,
            "MOZ_GECKO_PROFILER": true,
            "MOZ_GOOGLE_LOCATION_SERVICE_API_KEY": "AIzaSyB2h2OuRcUgy5N-5hsZqiPW6sH3n_rptiQ",
            "MOZ_GOOGLE_SAFEBROWSING_API_KEY": "AIzaSyC7jsptDS3am4tPx4r3nxis7IMjBc5Dovo",
            "MOZ_GRAPHENE": false,
            "MOZ_MACBUNDLE_NAME": "Firefox.app",
            "MOZ_MAINTENANCE_SERVICE": false,
            "MOZ_MOZILLA_API_KEY": "3b4d27dd-703d-4094-8398-4de2c763505a",
            "MOZ_NEW_CERT_STORAGE": false,
            "MOZ_NEW_NOTIFICATION_STORE": false,
            "MOZ_NEW_XULSTORE": false,
            "MOZ_OFFICIAL_BRANDING": false,
            "MOZ_PLACES": false,
            "MOZ_REQUIRE_SIGNING": false,
            "MOZ_SANDBOX": false,
            "MOZ_SERVICES_HEALTHREPORT": true,
            "MOZ_SERVICES_SYNC": false,
            "MOZ_SWITCHBOARD": true,
            "MOZ_SYSTEM_NSS": false,
            "MOZ_TELEMETRY_ON_BY_DEFAULT": false,
            "MOZ_TELEMETRY_REPORTING": true,
            "MOZ_UNSIGNED_SCOPES": 0,
            "MOZ_UPDATER": false,
            "MOZ_UPDATE_CHANNEL": "release",
            "MOZ_WEBRTC": true,
            "MOZ_WIDGET_GTK": false,
            "MOZ_WIDGET_TOOLKIT": "android",
            "NIGHTLY_BUILD": false,
            "OMNIJAR_NAME": "assets/omni.ja",
            "RELEASE_OR_BETA": true,
            "SOURCE_REVISION_URL": "https://hg.mozilla.org/releases/mozilla-esr68/rev/d2e0b9e17b9bc1ef02606c8006b73293f7892ad5",
            "TELEMETRY_PING_FORMAT_VERSION": 4,
            "XP_UNIX": true,
            "isPlatformAndVersionAtLeast": {},
            "isPlatformAndVersionAtMost": {},
            "platform": "android"
          },
          "asyncAppConstants": {
            "ACCESSIBILITY": true,
            "ANDROID_PACKAGE_NAME": "org.mozilla.firefox",
            "ASAN": false,
            "ASAN_REPORTER": false,
            "BROWSER_CHROME_URL": "chrome://browser/content/browser.xul",
            "DEBUG": false,
            "DEBUG_JS_MODULES": "",
            "DLL_PREFIX": "lib",
            "DLL_SUFFIX": ".so",
            "EARLY_BETA_OR_EARLIER": false,
            "FENNEC_NIGHTLY": false,
            "HAVE_SHELL_SERVICE": false,
            "HAVE_USR_LIB64_DIR": false,
            "MENUBAR_CAN_AUTOHIDE": false,
            "MOZILLA_OFFICIAL": true,
            "MOZ_ALLOW_LEGACY_EXTENSIONS": false,
            "MOZ_ANDROID_ACTIVITY_STREAM": false,
            "MOZ_ANDROID_HISTORY": true,
            "MOZ_ANDROID_MOZILLA_ONLINE": false,
            "MOZ_APP_NAME": "fennec",
            "MOZ_APP_VERSION": "68.1.1",
            "MOZ_APP_VERSION_DISPLAY": "68.1.1",
            "MOZ_BING_API_CLIENTID": "no-bing-api-clientid",
            "MOZ_BING_API_KEY": "no-bing-api-key",
            "MOZ_BITS_DOWNLOAD": false,
            "MOZ_BUILD_APP": "mobile/android",
            "MOZ_CODE_COVERAGE": false,
            "MOZ_CRASHREPORTER": true,
            "MOZ_DATA_REPORTING": true,
            "MOZ_DEV_EDITION": false,
            "MOZ_GECKO_PROFILER": true,
            "MOZ_GOOGLE_LOCATION_SERVICE_API_KEY": "AIzaSyB2h2OuRcUgy5N-5hsZqiPW6sH3n_rptiQ",
            "MOZ_GOOGLE_SAFEBROWSING_API_KEY": "AIzaSyC7jsptDS3am4tPx4r3nxis7IMjBc5Dovo",
            "MOZ_GRAPHENE": false,
            "MOZ_MACBUNDLE_NAME": "Firefox.app",
            "MOZ_MAINTENANCE_SERVICE": false,
            "MOZ_MOZILLA_API_KEY": "3b4d27dd-703d-4094-8398-4de2c763505a",
            "MOZ_NEW_CERT_STORAGE": false,
            "MOZ_NEW_NOTIFICATION_STORE": false,
            "MOZ_NEW_XULSTORE": false,
            "MOZ_OFFICIAL_BRANDING": false,
            "MOZ_PLACES": false,
            "MOZ_REQUIRE_SIGNING": false,
            "MOZ_SANDBOX": false,
            "MOZ_SERVICES_HEALTHREPORT": true,
            "MOZ_SERVICES_SYNC": false,
            "MOZ_SWITCHBOARD": true,
            "MOZ_SYSTEM_NSS": false,
            "MOZ_TELEMETRY_ON_BY_DEFAULT": false,
            "MOZ_TELEMETRY_REPORTING": true,
            "MOZ_UNSIGNED_SCOPES": 0,
            "MOZ_UPDATER": false,
            "MOZ_UPDATE_CHANNEL": "release",
            "MOZ_WEBRTC": true,
            "MOZ_WIDGET_GTK": false,
            "MOZ_WIDGET_TOOLKIT": "android",
            "NIGHTLY_BUILD": false,
            "OMNIJAR_NAME": "assets/omni.ja",
            "RELEASE_OR_BETA": true,
            "SOURCE_REVISION_URL": "https://hg.mozilla.org/releases/mozilla-esr68/rev/d2e0b9e17b9bc1ef02606c8006b73293f7892ad5",
            "TELEMETRY_PING_FORMAT_VERSION": 4,
            "XP_UNIX": true,
            "isPlatformAndVersionAtLeast": {},
            "isPlatformAndVersionAtMost": {},
            "platform": "android"
          },
          "userAgent": "Mozilla/5.0 (Android 9; Mobile; rv:68.0) Gecko/68.0 Firefox/68.0",
          "windowSize": "360x612"
        },
        "pageinfo": {
          "documentHeight": 5071,
          "documentSize": {
            "decodedBodySize": 113743,
            "encodedBodySize": 22232,
            "transferSize": 23465
          },
          "documentTitle": "Office 365 Login | Microsoft Office",
          "documentWidth": 360,
          "domElements": 595,
          "navigationStartTime": 1617110414211,
          "nextHopProtocol": "h2",
          "resources": {
            "count": 0,
            "duration": 0
          },
          "responsive": true,
          "url": "https://www.office.com/",
          "visualElements": {
            "heroes": [
              {
                "filename": "hero-xxl-b79c4b74fa.jpg",
                "height": 202,
                "name": "LargestImage",
                "width": 360,
                "x": 0,
                "y": 511
              },
              {
                "filename": null,
                "height": 46,
                "name": "Heading",
                "width": 308,
                "x": 26,
                "y": 178
              }
            ],
            "viewport": {
              "height": 612,
              "width": 360
            }
          }
        },
        "timings": {
          "firstPaint": 1332,
          "loadEventEnd": 2611,
          "navigationTiming": {
            "connectStart": 85,
            "domComplete": 2603,
            "domContentLoadedEventEnd": 1429,
            "domContentLoadedEventStart": 1358,
            "domInteractive": 1322,
            "domainLookupEnd": 85,
            "domainLookupStart": 84,
            "duration": 2611,
            "fetchStart": 2,
            "loadEventEnd": 2611,
            "loadEventStart": 2603,
            "redirectEnd": 0,
            "redirectStart": 0,
            "requestStart": 231,
            "responseEnd": 293,
            "responseStart": 281,
            "secureConnectionStart": 127,
            "startTime": 0,
            "unloadEventEnd": 0,
            "unloadEventStart": 0,
            "workerStart": 0
          },
          "pageTimings": {
            "backEndTime": 281,
            "domContentLoadedTime": 1358,
            "domInteractiveTime": 1322,
            "domainLookupTime": 0,
            "frontEndTime": 2309,
            "pageDownloadTime": 12,
            "pageLoadTime": 2603,
            "redirectionTime": 0,
            "serverConnectionTime": 145,
            "serverResponseTime": 62
          },
          "rumSpeedIndex": 281,
          "timeToContentfulPaint": 2124,
          "timeToDomContentFlushed": 1332,
          "userTimings": {
            "marks": [],
            "measures": []
          }
        }
      }
    ],
    "visualMetrics": [],
    "cpu": [],
    "extras": [
      {},
      {},
      {}
    ],
    "fullyLoaded": [],
    "errors": [
      [],
      [],
      []
    ],
    "statistics": {
      "browser": {
        "appConstants": {
          "MOZ_UNSIGNED_SCOPES": {
            "median": 0,
            "mean": 0,
            "mdev": 0,
            "stddev": 0,
            "min": 0,
            "p10": 0,
            "p90": 0,
            "p99": 0,
            "max": 0
          },
          "TELEMETRY_PING_FORMAT_VERSION": {
            "median": 4,
            "mean": 4,
            "mdev": 0,
            "stddev": 0,
            "min": 4,
            "p10": 4,
            "p90": 4,
            "p99": 4,
            "max": 4
          }
        },
        "asyncAppConstants": {
          "MOZ_UNSIGNED_SCOPES": {
            "median": 0,
            "mean": 0,
            "mdev": 0,
            "stddev": 0,
            "min": 0,
            "p10": 0,
            "p90": 0,
            "p99": 0,
            "max": 0
          },
          "TELEMETRY_PING_FORMAT_VERSION": {
            "median": 4,
            "mean": 4,
            "mdev": 0,
            "stddev": 0,
            "min": 4,
            "p10": 4,
            "p90": 4,
            "p99": 4,
            "max": 4
          }
        }
      },
      "pageinfo": {
        "documentHeight": {
          "median": 5071,
          "mean": 5071,
          "mdev": 0,
          "stddev": 0,
          "min": 5071,
          "p10": 5071,
          "p90": 5071,
          "p99": 5071,
          "max": 5071
        },
        "documentSize": {
          "decodedBodySize": {
            "median": 113783,
            "mean": 113776,
            "mdev": 14.197,
            "stddev": 25,
            "min": 113743,
            "p10": 113743,
            "p90": 113802,
            "p99": 113802,
            "max": 113802
          },
          "encodedBodySize": {
            "median": 22232,
            "mean": 22240,
            "mdev": 6.2598,
            "stddev": 11,
            "min": 22232,
            "p10": 22232,
            "p90": 22255,
            "p99": 22255,
            "max": 22255
          },
          "transferSize": {
            "median": 23465,
            "mean": 23473,
            "mdev": 6.2598,
            "stddev": 11,
            "min": 23465,
            "p10": 23465,
            "p90": 23488,
            "p99": 23488,
            "max": 23488
          }
        },
        "documentWidth": {
          "median": 360,
          "mean": 360,
          "mdev": 0,
          "stddev": 0,
          "min": 360,
          "p10": 360,
          "p90": 360,
          "p99": 360,
          "max": 360
        },
        "domElements": {
          "median": 595,
          "mean": 595,
          "mdev": 0,
          "stddev": 0,
          "min": 595,
          "p10": 595,
          "p90": 595,
          "p99": 595,
          "max": 595
        },
        "navigationStartTime": {
          "median": 1617110398891,
          "mean": 1617110398803,
          "mdev": 0,
          "stddev": 0,
          "min": 1617110383306,
          "p10": 1617110383306,
          "p90": 1617110414211,
          "p99": 1617110414211,
          "max": 1617110414211
        },
        "resources": {
          "count": {
            "median": 0,
            "mean": 0,
            "mdev": 0,
            "stddev": 0,
            "min": 0,
            "p10": 0,
            "p90": 0,
            "p99": 0,
            "max": 0
          },
          "duration": {
            "median": 0,
            "mean": 0,
            "mdev": 0,
            "stddev": 0,
            "min": 0,
            "p10": 0,
            "p90": 0,
            "p99": 0,
            "max": 0
          }
        },
        "visualElements": {
          "heroes": [
            {
              "height": {
                "median": 202,
                "mean": 202,
                "mdev": 0,
                "stddev": 0,
                "min": 202,
                "p10": 202,
                "p90": 202,
                "p99": 202,
                "max": 202
              },
              "width": {
                "median": 360,
                "mean": 360,
                "mdev": 0,
                "stddev": 0,
                "min": 360,
                "p10": 360,
                "p90": 360,
                "p99": 360,
                "max": 360
              },
              "x": {
                "median": 0,
                "mean": 0,
                "mdev": 0,
                "stddev": 0,
                "min": 0,
                "p10": 0,
                "p90": 0,
                "p99": 0,
                "max": 0
              },
              "y": {
                "median": 511,
                "mean": 511,
                "mdev": 0,
                "stddev": 0,
                "min": 511,
                "p10": 511,
                "p90": 511,
                "p99": 511,
                "max": 511
              }
            },
            {
              "height": {
                "median": 46,
                "mean": 46,
                "mdev": 0,
                "stddev": 0,
                "min": 46,
                "p10": 46,
                "p90": 46,
                "p99": 46,
                "max": 46
              },
              "width": {
                "median": 308,
                "mean": 308,
                "mdev": 0,
                "stddev": 0,
                "min": 308,
                "p10": 308,
                "p90": 308,
                "p99": 308,
                "max": 308
              },
              "x": {
                "median": 26,
                "mean": 26,
                "mdev": 0,
                "stddev": 0,
                "min": 26,
                "p10": 26,
                "p90": 26,
                "p99": 26,
                "max": 26
              },
              "y": {
                "median": 178,
                "mean": 178,
                "mdev": 0,
                "stddev": 0,
                "min": 178,
                "p10": 178,
                "p90": 178,
                "p99": 178,
                "max": 178
              }
            }
          ],
          "viewport": {
            "height": {
              "median": 612,
              "mean": 612,
              "mdev": 0,
              "stddev": 0,
              "min": 612,
              "p10": 612,
              "p90": 612,
              "p99": 612,
              "max": 612
            },
            "width": {
              "median": 360,
              "mean": 360,
              "mdev": 0,
              "stddev": 0,
              "min": 360,
              "p10": 360,
              "p90": 360,
              "p99": 360,
              "max": 360
            }
          }
        }
      },
      "timings": {
        "firstPaint": {
          "median": 1307,
          "mean": 1210,
          "mdev": 89.6003,
          "stddev": 155,
          "min": 991,
          "p10": 991,
          "p90": 1332,
          "p99": 1332,
          "max": 1332
        },
        "loadEventEnd": {
          "median": 2611,
          "mean": 2533,
          "mdev": 71.1618,
          "stddev": 123,
          "min": 2359,
          "p10": 2359,
          "p90": 2629,
          "p99": 2629,
          "max": 2629
        },
        "navigationTiming": {
          "connectStart": {
            "median": 122,
            "mean": 166,
            "mdev": 52.0392,
            "stddev": 90,
            "min": 85,
            "p10": 85,
            "p90": 292,
            "p99": 292,
            "max": 292
          },
          "domComplete": {
            "median": 2603,
            "mean": 2520,
            "mdev": 69.9608,
            "stddev": 121,
            "min": 2349,
            "p10": 2349,
            "p90": 2609,
            "p99": 2609,
            "max": 2609
          },
          "domContentLoadedEventEnd": {
            "median": 1403,
            "mean": 1307,
            "mdev": 89.4804,
            "stddev": 155,
            "min": 1088,
            "p10": 1088,
            "p90": 1429,
            "p99": 1429,
            "max": 1429
          },
          "domContentLoadedEventStart": {
            "median": 1331,
            "mean": 1235,
            "mdev": 89.9041,
            "stddev": 156,
            "min": 1015,
            "p10": 1015,
            "p90": 1358,
            "p99": 1358,
            "max": 1358
          },
          "domInteractive": {
            "median": 1299,
            "mean": 1201,
            "mdev": 89.8422,
            "stddev": 156,
            "min": 981,
            "p10": 981,
            "p90": 1322,
            "p99": 1322,
            "max": 1322
          },
          "domainLookupEnd": {
            "median": 122,
            "mean": 166,
            "mdev": 52.0392,
            "stddev": 90,
            "min": 85,
            "p10": 85,
            "p90": 292,
            "p99": 292,
            "max": 292
          },
          "domainLookupStart": {
            "median": 121,
            "mean": 166,
            "mdev": 52.3075,
            "stddev": 91,
            "min": 84,
            "p10": 84,
            "p90": 292,
            "p99": 292,
            "max": 292
          },
          "duration": {
            "median": 2611,
            "mean": 2533,
            "mdev": 71.1618,
            "stddev": 123,
            "min": 2359,
            "p10": 2359,
            "p90": 2629,
            "p99": 2629,
            "max": 2629
          },
          "fetchStart": {
            "median": 2,
            "mean": 2,
            "mdev": 0.2722,
            "stddev": 0,
            "min": 2,
            "p10": 2,
            "p90": 3,
            "p99": 3,
            "max": 3
          },
          "loadEventEnd": {
            "median": 2611,
            "mean": 2533,
            "mdev": 71.1618,
            "stddev": 123,
            "min": 2359,
            "p10": 2359,
            "p90": 2629,
            "p99": 2629,
            "max": 2629
          },
          "loadEventStart": {
            "median": 2603,
            "mean": 2520,
            "mdev": 69.9608,
            "stddev": 121,
            "min": 2349,
            "p10": 2349,
            "p90": 2609,
            "p99": 2609,
            "max": 2609
          },
          "redirectEnd": {
            "median": 0,
            "mean": 0,
            "mdev": 0,
            "stddev": 0,
            "min": 0,
            "p10": 0,
            "p90": 0,
            "p99": 0,
            "max": 0
          },
          "redirectStart": {
            "median": 0,
            "mean": 0,
            "mdev": 0,
            "stddev": 0,
            "min": 0,
            "p10": 0,
            "p90": 0,
            "p99": 0,
            "max": 0
          },
          "requestStart": {
            "median": 250,
            "mean": 299,
            "mdev": 48.2455,
            "stddev": 84,
            "min": 231,
            "p10": 231,
            "p90": 417,
            "p99": 417,
            "max": 417
          },
          "responseEnd": {
            "median": 312,
            "mean": 361,
            "mdev": 47.7036,
            "stddev": 83,
            "min": 293,
            "p10": 293,
            "p90": 477,
            "p99": 477,
            "max": 477
          },
          "responseStart": {
            "median": 301,
            "mean": 349,
            "mdev": 47.32,
            "stddev": 82,
            "min": 281,
            "p10": 281,
            "p90": 464,
            "p99": 464,
            "max": 464
          },
          "secureConnectionStart": {
            "median": 144,
            "mean": 193,
            "mdev": 46.8481,
            "stddev": 81,
            "min": 127,
            "p10": 127,
            "p90": 307,
            "p99": 307,
            "max": 307
          },
          "startTime": {
            "median": 0,
            "mean": 0,
            "mdev": 0,
            "stddev": 0,
            "min": 0,
            "p10": 0,
            "p90": 0,
            "p99": 0,
            "max": 0
          },
          "unloadEventEnd": {
            "median": 0,
            "mean": 0,
            "mdev": 0,
            "stddev": 0,
            "min": 0,
            "p10": 0,
            "p90": 0,
            "p99": 0,
            "max": 0
          },
          "unloadEventStart": {
            "median": 0,
            "mean": 0,
            "mdev": 0,
            "stddev": 0,
            "min": 0,
            "p10": 0,
            "p90": 0,
            "p99": 0,
            "max": 0
          },
          "workerStart": {
            "median": 0,
            "mean": 0,
            "mdev": 0,
            "stddev": 0,
            "min": 0,
            "p10": 0,
            "p90": 0,
            "p99": 0,
            "max": 0
          }
        },
        "pageTimings": {
          "backEndTime": {
            "median": 301,
            "mean": 349,
            "mdev": 47.32,
            "stddev": 82,
            "min": 281,
            "p10": 281,
            "p90": 464,
            "p99": 464,
            "max": 464
          },
          "domContentLoadedTime": {
            "median": 1331,
            "mean": 1235,
            "mdev": 89.9041,
            "stddev": 156,
            "min": 1015,
            "p10": 1015,
            "p90": 1358,
            "p99": 1358,
            "max": 1358
          },
          "domInteractiveTime": {
            "median": 1299,
            "mean": 1201,
            "mdev": 89.8422,
            "stddev": 156,
            "min": 981,
            "p10": 981,
            "p90": 1322,
            "p99": 1322,
            "max": 1322
          },
          "domainLookupTime": {
            "median": 0,
            "mean": 0,
            "mdev": 0,
            "stddev": 0,
            "min": 0,
            "p10": 0,
            "p90": 0,
            "p99": 0,
            "max": 0
          },
          "frontEndTime": {
            "median": 2132,
            "mean": 2159,
            "mdev": 65.0749,
            "stddev": 113,
            "min": 2037,
            "p10": 2037,
            "p90": 2309,
            "p99": 2309,
            "max": 2309
          },
          "pageDownloadTime": {
            "median": 12,
            "mean": 12,
            "mdev": 0,
            "stddev": 0,
            "min": 12,
            "p10": 12,
            "p90": 12,
            "p99": 12,
            "max": 12
          },
          "pageLoadTime": {
            "median": 2603,
            "mean": 2520,
            "mdev": 69.9608,
            "stddev": 121,
            "min": 2349,
            "p10": 2349,
            "p90": 2609,
            "p99": 2609,
            "max": 2609
          },
          "redirectionTime": {
            "median": 0,
            "mean": 0,
            "mdev": 0,
            "stddev": 0,
            "min": 0,
            "p10": 0,
            "p90": 0,
            "p99": 0,
            "max": 0
          },
          "serverConnectionTime": {
            "median": 127,
            "mean": 132,
            "mdev": 5.5244,
            "stddev": 10,
            "min": 123,
            "p10": 123,
            "p90": 145,
            "p99": 145,
            "max": 145
          },
          "serverResponseTime": {
            "median": 62,
            "mean": 62,
            "mdev": 0.7201,
            "stddev": 1,
            "min": 60,
            "p10": 60,
            "p90": 63,
            "p99": 63,
            "max": 63
          }
        },
        "rumSpeedIndex": {
          "median": 300,
          "mean": 348,
          "mdev": 47.4326,
          "stddev": 82,
          "min": 281,
          "p10": 281,
          "p90": 464,
          "p99": 464,
          "max": 464
        },
        "timeToContentfulPaint": {
          "median": 2099,
          "mean": 1997,
          "mdev": 93.4028,
          "stddev": 162,
          "min": 1769,
          "p10": 1769,
          "p90": 2124,
          "p99": 2124,
          "max": 2124
        },
        "timeToDomContentFlushed": {
          "median": 1307,
          "mean": 1210,
          "mdev": 89.8719,
          "stddev": 156,
          "min": 990,
          "p10": 990,
          "p90": 1332,
          "p99": 1332,
          "max": 1332
        }
      }
    }
  }
]