[
  {
    "info": {
      "browsertime": {
        "version": "8.4.0"
      },
      "url": "https://www.hotstar.com/",
      "timestamp": "2021-03-30T07:12:20+04:00",
      "connectivity": {
        "engine": "external",
        "profile": "native"
      },
      "extra": {}
    },
    "files": {
      "video": [],
      "screenshot": [],
      "timeline": [],
      "consoleLog": [],
      "netLog": [],
      "perfLog": []
    },
    "cdp": {
      "performance": []
    },
    "timestamps": [
      "2021-03-30T07:12:01+04:00",
      "2021-03-30T07:12:34+04:00",
      "2021-03-30T07:12:59+04:00"
    ],
    "browserScripts": [
      {
        "browser": {
          "appConstants": {
            "ACCESSIBILITY": true,
            "ANDROID_PACKAGE_NAME": "org.mozilla.firefox",
            "ASAN": false,
            "ASAN_REPORTER": false,
            "BROWSER_CHROME_URL": "chrome://browser/content/browser.xul",
            "DEBUG": false,
            "DEBUG_JS_MODULES": "",
            "DLL_PREFIX": "lib",
            "DLL_SUFFIX": ".so",
            "EARLY_BETA_OR_EARLIER": false,
            "FENNEC_NIGHTLY": false,
            "HAVE_SHELL_SERVICE": false,
            "HAVE_USR_LIB64_DIR": false,
            "MENUBAR_CAN_AUTOHIDE": false,
            "MOZILLA_OFFICIAL": true,
            "MOZ_ALLOW_LEGACY_EXTENSIONS": false,
            "MOZ_ANDROID_ACTIVITY_STREAM": false,
            "MOZ_ANDROID_HISTORY": true,
            "MOZ_ANDROID_MOZILLA_ONLINE": false,
            "MOZ_APP_NAME": "fennec",
            "MOZ_APP_VERSION": "68.1.1",
            "MOZ_APP_VERSION_DISPLAY": "68.1.1",
            "MOZ_BING_API_CLIENTID": "no-bing-api-clientid",
            "MOZ_BING_API_KEY": "no-bing-api-key",
            "MOZ_BITS_DOWNLOAD": false,
            "MOZ_BUILD_APP": "mobile/android",
            "MOZ_CODE_COVERAGE": false,
            "MOZ_CRASHREPORTER": true,
            "MOZ_DATA_REPORTING": true,
            "MOZ_DEV_EDITION": false,
            "MOZ_GECKO_PROFILER": true,
            "MOZ_GOOGLE_LOCATION_SERVICE_API_KEY": "AIzaSyB2h2OuRcUgy5N-5hsZqiPW6sH3n_rptiQ",
            "MOZ_GOOGLE_SAFEBROWSING_API_KEY": "AIzaSyC7jsptDS3am4tPx4r3nxis7IMjBc5Dovo",
            "MOZ_GRAPHENE": false,
            "MOZ_MACBUNDLE_NAME": "Firefox.app",
            "MOZ_MAINTENANCE_SERVICE": false,
            "MOZ_MOZILLA_API_KEY": "3b4d27dd-703d-4094-8398-4de2c763505a",
            "MOZ_NEW_CERT_STORAGE": false,
            "MOZ_NEW_NOTIFICATION_STORE": false,
            "MOZ_NEW_XULSTORE": false,
            "MOZ_OFFICIAL_BRANDING": false,
            "MOZ_PLACES": false,
            "MOZ_REQUIRE_SIGNING": false,
            "MOZ_SANDBOX": false,
            "MOZ_SERVICES_HEALTHREPORT": true,
            "MOZ_SERVICES_SYNC": false,
            "MOZ_SWITCHBOARD": true,
            "MOZ_SYSTEM_NSS": false,
            "MOZ_TELEMETRY_ON_BY_DEFAULT": false,
            "MOZ_TELEMETRY_REPORTING": true,
            "MOZ_UNSIGNED_SCOPES": 0,
            "MOZ_UPDATER": false,
            "MOZ_UPDATE_CHANNEL": "release",
            "MOZ_WEBRTC": true,
            "MOZ_WIDGET_GTK": false,
            "MOZ_WIDGET_TOOLKIT": "android",
            "NIGHTLY_BUILD": false,
            "OMNIJAR_NAME": "assets/omni.ja",
            "RELEASE_OR_BETA": true,
            "SOURCE_REVISION_URL": "https://hg.mozilla.org/releases/mozilla-esr68/rev/d2e0b9e17b9bc1ef02606c8006b73293f7892ad5",
            "TELEMETRY_PING_FORMAT_VERSION": 4,
            "XP_UNIX": true,
            "isPlatformAndVersionAtLeast": {},
            "isPlatformAndVersionAtMost": {},
            "platform": "android"
          },
          "asyncAppConstants": {
            "ACCESSIBILITY": true,
            "ANDROID_PACKAGE_NAME": "org.mozilla.firefox",
            "ASAN": false,
            "ASAN_REPORTER": false,
            "BROWSER_CHROME_URL": "chrome://browser/content/browser.xul",
            "DEBUG": false,
            "DEBUG_JS_MODULES": "",
            "DLL_PREFIX": "lib",
            "DLL_SUFFIX": ".so",
            "EARLY_BETA_OR_EARLIER": false,
            "FENNEC_NIGHTLY": false,
            "HAVE_SHELL_SERVICE": false,
            "HAVE_USR_LIB64_DIR": false,
            "MENUBAR_CAN_AUTOHIDE": false,
            "MOZILLA_OFFICIAL": true,
            "MOZ_ALLOW_LEGACY_EXTENSIONS": false,
            "MOZ_ANDROID_ACTIVITY_STREAM": false,
            "MOZ_ANDROID_HISTORY": true,
            "MOZ_ANDROID_MOZILLA_ONLINE": false,
            "MOZ_APP_NAME": "fennec",
            "MOZ_APP_VERSION": "68.1.1",
            "MOZ_APP_VERSION_DISPLAY": "68.1.1",
            "MOZ_BING_API_CLIENTID": "no-bing-api-clientid",
            "MOZ_BING_API_KEY": "no-bing-api-key",
            "MOZ_BITS_DOWNLOAD": false,
            "MOZ_BUILD_APP": "mobile/android",
            "MOZ_CODE_COVERAGE": false,
            "MOZ_CRASHREPORTER": true,
            "MOZ_DATA_REPORTING": true,
            "MOZ_DEV_EDITION": false,
            "MOZ_GECKO_PROFILER": true,
            "MOZ_GOOGLE_LOCATION_SERVICE_API_KEY": "AIzaSyB2h2OuRcUgy5N-5hsZqiPW6sH3n_rptiQ",
            "MOZ_GOOGLE_SAFEBROWSING_API_KEY": "AIzaSyC7jsptDS3am4tPx4r3nxis7IMjBc5Dovo",
            "MOZ_GRAPHENE": false,
            "MOZ_MACBUNDLE_NAME": "Firefox.app",
            "MOZ_MAINTENANCE_SERVICE": false,
            "MOZ_MOZILLA_API_KEY": "3b4d27dd-703d-4094-8398-4de2c763505a",
            "MOZ_NEW_CERT_STORAGE": false,
            "MOZ_NEW_NOTIFICATION_STORE": false,
            "MOZ_NEW_XULSTORE": false,
            "MOZ_OFFICIAL_BRANDING": false,
            "MOZ_PLACES": false,
            "MOZ_REQUIRE_SIGNING": false,
            "MOZ_SANDBOX": false,
            "MOZ_SERVICES_HEALTHREPORT": true,
            "MOZ_SERVICES_SYNC": false,
            "MOZ_SWITCHBOARD": true,
            "MOZ_SYSTEM_NSS": false,
            "MOZ_TELEMETRY_ON_BY_DEFAULT": false,
            "MOZ_TELEMETRY_REPORTING": true,
            "MOZ_UNSIGNED_SCOPES": 0,
            "MOZ_UPDATER": false,
            "MOZ_UPDATE_CHANNEL": "release",
            "MOZ_WEBRTC": true,
            "MOZ_WIDGET_GTK": false,
            "MOZ_WIDGET_TOOLKIT": "android",
            "NIGHTLY_BUILD": false,
            "OMNIJAR_NAME": "assets/omni.ja",
            "RELEASE_OR_BETA": true,
            "SOURCE_REVISION_URL": "https://hg.mozilla.org/releases/mozilla-esr68/rev/d2e0b9e17b9bc1ef02606c8006b73293f7892ad5",
            "TELEMETRY_PING_FORMAT_VERSION": 4,
            "XP_UNIX": true,
            "isPlatformAndVersionAtLeast": {},
            "isPlatformAndVersionAtMost": {},
            "platform": "android"
          },
          "userAgent": "Mozilla/5.0 (Android 8.1.0; Mobile; rv:68.0) Gecko/68.0 Firefox/68.0",
          "windowSize": "360x560"
        },
        "pageinfo": {
          "documentHeight": 1487,
          "documentSize": {
            "decodedBodySize": 158943,
            "encodedBodySize": 32006,
            "transferSize": 32873
          },
          "documentTitle": "Disney+ Hotstar - Watch TV Shows, Movies, Live Cricket Matches & News Online",
          "documentWidth": 360,
          "domElements": 789,
          "navigationStartTime": 1617073922109,
          "nextHopProtocol": "h2",
          "resources": {
            "count": 0,
            "duration": 0
          },
          "responsive": true,
          "url": "https://www.hotstar.com/in",
          "visualElements": {
            "heroes": [
              {
                "filename": "826769-h",
                "height": 203,
                "name": "LargestImage",
                "width": 340,
                "x": 10,
                "y": 56
              }
            ],
            "viewport": {
              "height": 560,
              "width": 360
            }
          }
        },
        "timings": {
          "firstPaint": 675,
          "loadEventEnd": 2726,
          "navigationTiming": {
            "connectStart": 190,
            "domComplete": 2725,
            "domContentLoadedEventEnd": 2724,
            "domContentLoadedEventStart": 2708,
            "domInteractive": 2680,
            "domainLookupEnd": 190,
            "domainLookupStart": 190,
            "duration": 2726,
            "fetchStart": 190,
            "loadEventEnd": 2726,
            "loadEventStart": 2725,
            "redirectEnd": 187,
            "redirectStart": 2,
            "requestStart": 210,
            "responseEnd": 440,
            "responseStart": 430,
            "secureConnectionStart": 0,
            "startTime": 0,
            "unloadEventEnd": 0,
            "unloadEventStart": 0,
            "workerStart": 0
          },
          "pageTimings": {
            "backEndTime": 430,
            "domContentLoadedTime": 2708,
            "domInteractiveTime": 2680,
            "domainLookupTime": 0,
            "frontEndTime": 2285,
            "pageDownloadTime": 10,
            "pageLoadTime": 2725,
            "redirectionTime": 185,
            "serverConnectionTime": 0,
            "serverResponseTime": 230
          },
          "rumSpeedIndex": 429,
          "timeToContentfulPaint": 779,
          "timeToDomContentFlushed": 2680,
          "userTimings": {
            "marks": [
              {
                "name": "sentry-tracing-init",
                "startTime": 2430.1
              }
            ],
            "measures": []
          }
        }
      },
      {
        "browser": {
          "appConstants": {
            "ACCESSIBILITY": true,
            "ANDROID_PACKAGE_NAME": "org.mozilla.firefox",
            "ASAN": false,
            "ASAN_REPORTER": false,
            "BROWSER_CHROME_URL": "chrome://browser/content/browser.xul",
            "DEBUG": false,
            "DEBUG_JS_MODULES": "",
            "DLL_PREFIX": "lib",
            "DLL_SUFFIX": ".so",
            "EARLY_BETA_OR_EARLIER": false,
            "FENNEC_NIGHTLY": false,
            "HAVE_SHELL_SERVICE": false,
            "HAVE_USR_LIB64_DIR": false,
            "MENUBAR_CAN_AUTOHIDE": false,
            "MOZILLA_OFFICIAL": true,
            "MOZ_ALLOW_LEGACY_EXTENSIONS": false,
            "MOZ_ANDROID_ACTIVITY_STREAM": false,
            "MOZ_ANDROID_HISTORY": true,
            "MOZ_ANDROID_MOZILLA_ONLINE": false,
            "MOZ_APP_NAME": "fennec",
            "MOZ_APP_VERSION": "68.1.1",
            "MOZ_APP_VERSION_DISPLAY": "68.1.1",
            "MOZ_BING_API_CLIENTID": "no-bing-api-clientid",
            "MOZ_BING_API_KEY": "no-bing-api-key",
            "MOZ_BITS_DOWNLOAD": false,
            "MOZ_BUILD_APP": "mobile/android",
            "MOZ_CODE_COVERAGE": false,
            "MOZ_CRASHREPORTER": true,
            "MOZ_DATA_REPORTING": true,
            "MOZ_DEV_EDITION": false,
            "MOZ_GECKO_PROFILER": true,
            "MOZ_GOOGLE_LOCATION_SERVICE_API_KEY": "AIzaSyB2h2OuRcUgy5N-5hsZqiPW6sH3n_rptiQ",
            "MOZ_GOOGLE_SAFEBROWSING_API_KEY": "AIzaSyC7jsptDS3am4tPx4r3nxis7IMjBc5Dovo",
            "MOZ_GRAPHENE": false,
            "MOZ_MACBUNDLE_NAME": "Firefox.app",
            "MOZ_MAINTENANCE_SERVICE": false,
            "MOZ_MOZILLA_API_KEY": "3b4d27dd-703d-4094-8398-4de2c763505a",
            "MOZ_NEW_CERT_STORAGE": false,
            "MOZ_NEW_NOTIFICATION_STORE": false,
            "MOZ_NEW_XULSTORE": false,
            "MOZ_OFFICIAL_BRANDING": false,
            "MOZ_PLACES": false,
            "MOZ_REQUIRE_SIGNING": false,
            "MOZ_SANDBOX": false,
            "MOZ_SERVICES_HEALTHREPORT": true,
            "MOZ_SERVICES_SYNC": false,
            "MOZ_SWITCHBOARD": true,
            "MOZ_SYSTEM_NSS": false,
            "MOZ_TELEMETRY_ON_BY_DEFAULT": false,
            "MOZ_TELEMETRY_REPORTING": true,
            "MOZ_UNSIGNED_SCOPES": 0,
            "MOZ_UPDATER": false,
            "MOZ_UPDATE_CHANNEL": "release",
            "MOZ_WEBRTC": true,
            "MOZ_WIDGET_GTK": false,
            "MOZ_WIDGET_TOOLKIT": "android",
            "NIGHTLY_BUILD": false,
            "OMNIJAR_NAME": "assets/omni.ja",
            "RELEASE_OR_BETA": true,
            "SOURCE_REVISION_URL": "https://hg.mozilla.org/releases/mozilla-esr68/rev/d2e0b9e17b9bc1ef02606c8006b73293f7892ad5",
            "TELEMETRY_PING_FORMAT_VERSION": 4,
            "XP_UNIX": true,
            "isPlatformAndVersionAtLeast": {},
            "isPlatformAndVersionAtMost": {},
            "platform": "android"
          },
          "asyncAppConstants": {
            "ACCESSIBILITY": true,
            "ANDROID_PACKAGE_NAME": "org.mozilla.firefox",
            "ASAN": false,
            "ASAN_REPORTER": false,
            "BROWSER_CHROME_URL": "chrome://browser/content/browser.xul",
            "DEBUG": false,
            "DEBUG_JS_MODULES": "",
            "DLL_PREFIX": "lib",
            "DLL_SUFFIX": ".so",
            "EARLY_BETA_OR_EARLIER": false,
            "FENNEC_NIGHTLY": false,
            "HAVE_SHELL_SERVICE": false,
            "HAVE_USR_LIB64_DIR": false,
            "MENUBAR_CAN_AUTOHIDE": false,
            "MOZILLA_OFFICIAL": true,
            "MOZ_ALLOW_LEGACY_EXTENSIONS": false,
            "MOZ_ANDROID_ACTIVITY_STREAM": false,
            "MOZ_ANDROID_HISTORY": true,
            "MOZ_ANDROID_MOZILLA_ONLINE": false,
            "MOZ_APP_NAME": "fennec",
            "MOZ_APP_VERSION": "68.1.1",
            "MOZ_APP_VERSION_DISPLAY": "68.1.1",
            "MOZ_BING_API_CLIENTID": "no-bing-api-clientid",
            "MOZ_BING_API_KEY": "no-bing-api-key",
            "MOZ_BITS_DOWNLOAD": false,
            "MOZ_BUILD_APP": "mobile/android",
            "MOZ_CODE_COVERAGE": false,
            "MOZ_CRASHREPORTER": true,
            "MOZ_DATA_REPORTING": true,
            "MOZ_DEV_EDITION": false,
            "MOZ_GECKO_PROFILER": true,
            "MOZ_GOOGLE_LOCATION_SERVICE_API_KEY": "AIzaSyB2h2OuRcUgy5N-5hsZqiPW6sH3n_rptiQ",
            "MOZ_GOOGLE_SAFEBROWSING_API_KEY": "AIzaSyC7jsptDS3am4tPx4r3nxis7IMjBc5Dovo",
            "MOZ_GRAPHENE": false,
            "MOZ_MACBUNDLE_NAME": "Firefox.app",
            "MOZ_MAINTENANCE_SERVICE": false,
            "MOZ_MOZILLA_API_KEY": "3b4d27dd-703d-4094-8398-4de2c763505a",
            "MOZ_NEW_CERT_STORAGE": false,
            "MOZ_NEW_NOTIFICATION_STORE": false,
            "MOZ_NEW_XULSTORE": false,
            "MOZ_OFFICIAL_BRANDING": false,
            "MOZ_PLACES": false,
            "MOZ_REQUIRE_SIGNING": false,
            "MOZ_SANDBOX": false,
            "MOZ_SERVICES_HEALTHREPORT": true,
            "MOZ_SERVICES_SYNC": false,
            "MOZ_SWITCHBOARD": true,
            "MOZ_SYSTEM_NSS": false,
            "MOZ_TELEMETRY_ON_BY_DEFAULT": false,
            "MOZ_TELEMETRY_REPORTING": true,
            "MOZ_UNSIGNED_SCOPES": 0,
            "MOZ_UPDATER": false,
            "MOZ_UPDATE_CHANNEL": "release",
            "MOZ_WEBRTC": true,
            "MOZ_WIDGET_GTK": false,
            "MOZ_WIDGET_TOOLKIT": "android",
            "NIGHTLY_BUILD": false,
            "OMNIJAR_NAME": "assets/omni.ja",
            "RELEASE_OR_BETA": true,
            "SOURCE_REVISION_URL": "https://hg.mozilla.org/releases/mozilla-esr68/rev/d2e0b9e17b9bc1ef02606c8006b73293f7892ad5",
            "TELEMETRY_PING_FORMAT_VERSION": 4,
            "XP_UNIX": true,
            "isPlatformAndVersionAtLeast": {},
            "isPlatformAndVersionAtMost": {},
            "platform": "android"
          },
          "userAgent": "Mozilla/5.0 (Android 8.1.0; Mobile; rv:68.0) Gecko/68.0 Firefox/68.0",
          "windowSize": "360x560"
        },
        "pageinfo": {
          "documentHeight": 946,
          "documentSize": {
            "decodedBodySize": 158400,
            "encodedBodySize": 31707,
            "transferSize": 32574
          },
          "documentTitle": "Disney+ Hotstar - Watch TV Shows, Movies, Live Cricket Matches & News Online",
          "documentWidth": 360,
          "domElements": 246,
          "navigationStartTime": 1617073955009,
          "nextHopProtocol": "h2",
          "resources": {
            "count": 0,
            "duration": 0
          },
          "responsive": true,
          "url": "https://www.hotstar.com/in",
          "visualElements": {
            "heroes": [
              {
                "filename": "disney-hotstar-logo-dark.svg",
                "height": 42,
                "name": "LargestImage",
                "width": 115,
                "x": 55,
                "y": 7
              }
            ],
            "viewport": {
              "height": 560,
              "width": 360
            }
          }
        },
        "timings": {
          "firstPaint": 887,
          "loadEventEnd": 2919,
          "navigationTiming": {
            "connectStart": 223,
            "domComplete": 2919,
            "domContentLoadedEventEnd": 2915,
            "domContentLoadedEventStart": 2903,
            "domInteractive": 2875,
            "domainLookupEnd": 223,
            "domainLookupStart": 223,
            "duration": 2919,
            "fetchStart": 223,
            "loadEventEnd": 2919,
            "loadEventStart": 2919,
            "redirectEnd": 219,
            "redirectStart": 3,
            "requestStart": 245,
            "responseEnd": 665,
            "responseStart": 665,
            "secureConnectionStart": 0,
            "startTime": 0,
            "unloadEventEnd": 0,
            "unloadEventStart": 0,
            "workerStart": 0
          },
          "pageTimings": {
            "backEndTime": 665,
            "domContentLoadedTime": 2903,
            "domInteractiveTime": 2875,
            "domainLookupTime": 0,
            "frontEndTime": 2253,
            "pageDownloadTime": 0,
            "pageLoadTime": 2919,
            "redirectionTime": 216,
            "serverConnectionTime": 0,
            "serverResponseTime": 420
          },
          "rumSpeedIndex": 665,
          "timeToContentfulPaint": 983,
          "timeToDomContentFlushed": 2876,
          "userTimings": {
            "marks": [
              {
                "name": "sentry-tracing-init",
                "startTime": 2623.9
              }
            ],
            "measures": []
          }
        }
      },
      {
        "browser": {
          "appConstants": {
            "ACCESSIBILITY": true,
            "ANDROID_PACKAGE_NAME": "org.mozilla.firefox",
            "ASAN": false,
            "ASAN_REPORTER": false,
            "BROWSER_CHROME_URL": "chrome://browser/content/browser.xul",
            "DEBUG": false,
            "DEBUG_JS_MODULES": "",
            "DLL_PREFIX": "lib",
            "DLL_SUFFIX": ".so",
            "EARLY_BETA_OR_EARLIER": false,
            "FENNEC_NIGHTLY": false,
            "HAVE_SHELL_SERVICE": false,
            "HAVE_USR_LIB64_DIR": false,
            "MENUBAR_CAN_AUTOHIDE": false,
            "MOZILLA_OFFICIAL": true,
            "MOZ_ALLOW_LEGACY_EXTENSIONS": false,
            "MOZ_ANDROID_ACTIVITY_STREAM": false,
            "MOZ_ANDROID_HISTORY": true,
            "MOZ_ANDROID_MOZILLA_ONLINE": false,
            "MOZ_APP_NAME": "fennec",
            "MOZ_APP_VERSION": "68.1.1",
            "MOZ_APP_VERSION_DISPLAY": "68.1.1",
            "MOZ_BING_API_CLIENTID": "no-bing-api-clientid",
            "MOZ_BING_API_KEY": "no-bing-api-key",
            "MOZ_BITS_DOWNLOAD": false,
            "MOZ_BUILD_APP": "mobile/android",
            "MOZ_CODE_COVERAGE": false,
            "MOZ_CRASHREPORTER": true,
            "MOZ_DATA_REPORTING": true,
            "MOZ_DEV_EDITION": false,
            "MOZ_GECKO_PROFILER": true,
            "MOZ_GOOGLE_LOCATION_SERVICE_API_KEY": "AIzaSyB2h2OuRcUgy5N-5hsZqiPW6sH3n_rptiQ",
            "MOZ_GOOGLE_SAFEBROWSING_API_KEY": "AIzaSyC7jsptDS3am4tPx4r3nxis7IMjBc5Dovo",
            "MOZ_GRAPHENE": false,
            "MOZ_MACBUNDLE_NAME": "Firefox.app",
            "MOZ_MAINTENANCE_SERVICE": false,
            "MOZ_MOZILLA_API_KEY": "3b4d27dd-703d-4094-8398-4de2c763505a",
            "MOZ_NEW_CERT_STORAGE": false,
            "MOZ_NEW_NOTIFICATION_STORE": false,
            "MOZ_NEW_XULSTORE": false,
            "MOZ_OFFICIAL_BRANDING": false,
            "MOZ_PLACES": false,
            "MOZ_REQUIRE_SIGNING": false,
            "MOZ_SANDBOX": false,
            "MOZ_SERVICES_HEALTHREPORT": true,
            "MOZ_SERVICES_SYNC": false,
            "MOZ_SWITCHBOARD": true,
            "MOZ_SYSTEM_NSS": false,
            "MOZ_TELEMETRY_ON_BY_DEFAULT": false,
            "MOZ_TELEMETRY_REPORTING": true,
            "MOZ_UNSIGNED_SCOPES": 0,
            "MOZ_UPDATER": false,
            "MOZ_UPDATE_CHANNEL": "release",
            "MOZ_WEBRTC": true,
            "MOZ_WIDGET_GTK": false,
            "MOZ_WIDGET_TOOLKIT": "android",
            "NIGHTLY_BUILD": false,
            "OMNIJAR_NAME": "assets/omni.ja",
            "RELEASE_OR_BETA": true,
            "SOURCE_REVISION_URL": "https://hg.mozilla.org/releases/mozilla-esr68/rev/d2e0b9e17b9bc1ef02606c8006b73293f7892ad5",
            "TELEMETRY_PING_FORMAT_VERSION": 4,
            "XP_UNIX": true,
            "isPlatformAndVersionAtLeast": {},
            "isPlatformAndVersionAtMost": {},
            "platform": "android"
          },
          "asyncAppConstants": {
            "ACCESSIBILITY": true,
            "ANDROID_PACKAGE_NAME": "org.mozilla.firefox",
            "ASAN": false,
            "ASAN_REPORTER": false,
            "BROWSER_CHROME_URL": "chrome://browser/content/browser.xul",
            "DEBUG": false,
            "DEBUG_JS_MODULES": "",
            "DLL_PREFIX": "lib",
            "DLL_SUFFIX": ".so",
            "EARLY_BETA_OR_EARLIER": false,
            "FENNEC_NIGHTLY": false,
            "HAVE_SHELL_SERVICE": false,
            "HAVE_USR_LIB64_DIR": false,
            "MENUBAR_CAN_AUTOHIDE": false,
            "MOZILLA_OFFICIAL": true,
            "MOZ_ALLOW_LEGACY_EXTENSIONS": false,
            "MOZ_ANDROID_ACTIVITY_STREAM": false,
            "MOZ_ANDROID_HISTORY": true,
            "MOZ_ANDROID_MOZILLA_ONLINE": false,
            "MOZ_APP_NAME": "fennec",
            "MOZ_APP_VERSION": "68.1.1",
            "MOZ_APP_VERSION_DISPLAY": "68.1.1",
            "MOZ_BING_API_CLIENTID": "no-bing-api-clientid",
            "MOZ_BING_API_KEY": "no-bing-api-key",
            "MOZ_BITS_DOWNLOAD": false,
            "MOZ_BUILD_APP": "mobile/android",
            "MOZ_CODE_COVERAGE": false,
            "MOZ_CRASHREPORTER": true,
            "MOZ_DATA_REPORTING": true,
            "MOZ_DEV_EDITION": false,
            "MOZ_GECKO_PROFILER": true,
            "MOZ_GOOGLE_LOCATION_SERVICE_API_KEY": "AIzaSyB2h2OuRcUgy5N-5hsZqiPW6sH3n_rptiQ",
            "MOZ_GOOGLE_SAFEBROWSING_API_KEY": "AIzaSyC7jsptDS3am4tPx4r3nxis7IMjBc5Dovo",
            "MOZ_GRAPHENE": false,
            "MOZ_MACBUNDLE_NAME": "Firefox.app",
            "MOZ_MAINTENANCE_SERVICE": false,
            "MOZ_MOZILLA_API_KEY": "3b4d27dd-703d-4094-8398-4de2c763505a",
            "MOZ_NEW_CERT_STORAGE": false,
            "MOZ_NEW_NOTIFICATION_STORE": false,
            "MOZ_NEW_XULSTORE": false,
            "MOZ_OFFICIAL_BRANDING": false,
            "MOZ_PLACES": false,
            "MOZ_REQUIRE_SIGNING": false,
            "MOZ_SANDBOX": false,
            "MOZ_SERVICES_HEALTHREPORT": true,
            "MOZ_SERVICES_SYNC": false,
            "MOZ_SWITCHBOARD": true,
            "MOZ_SYSTEM_NSS": false,
            "MOZ_TELEMETRY_ON_BY_DEFAULT": false,
            "MOZ_TELEMETRY_REPORTING": true,
            "MOZ_UNSIGNED_SCOPES": 0,
            "MOZ_UPDATER": false,
            "MOZ_UPDATE_CHANNEL": "release",
            "MOZ_WEBRTC": true,
            "MOZ_WIDGET_GTK": false,
            "MOZ_WIDGET_TOOLKIT": "android",
            "NIGHTLY_BUILD": false,
            "OMNIJAR_NAME": "assets/omni.ja",
            "RELEASE_OR_BETA": true,
            "SOURCE_REVISION_URL": "https://hg.mozilla.org/releases/mozilla-esr68/rev/d2e0b9e17b9bc1ef02606c8006b73293f7892ad5",
            "TELEMETRY_PING_FORMAT_VERSION": 4,
            "XP_UNIX": true,
            "isPlatformAndVersionAtLeast": {},
            "isPlatformAndVersionAtMost": {},
            "platform": "android"
          },
          "userAgent": "Mozilla/5.0 (Android 8.1.0; Mobile; rv:68.0) Gecko/68.0 Firefox/68.0",
          "windowSize": "360x560"
        },
        "pageinfo": {
          "documentHeight": 946,
          "documentSize": {
            "decodedBodySize": 158398,
            "encodedBodySize": 31709,
            "transferSize": 32576
          },
          "documentTitle": "Disney+ Hotstar - Watch TV Shows, Movies, Live Cricket Matches & News Online",
          "documentWidth": 360,
          "domElements": 246,
          "navigationStartTime": 1617073980358,
          "nextHopProtocol": "h2",
          "resources": {
            "count": 0,
            "duration": 0
          },
          "responsive": true,
          "url": "https://www.hotstar.com/in",
          "visualElements": {
            "heroes": [
              {
                "filename": "942489-h",
                "height": 203,
                "name": "LargestImage",
                "width": 340,
                "x": 10,
                "y": 56
              }
            ],
            "viewport": {
              "height": 560,
              "width": 360
            }
          }
        },
        "timings": {
          "firstPaint": 724,
          "loadEventEnd": 2865,
          "navigationTiming": {
            "connectStart": 156,
            "domComplete": 2865,
            "domContentLoadedEventEnd": 2863,
            "domContentLoadedEventStart": 2848,
            "domInteractive": 2828,
            "domainLookupEnd": 156,
            "domainLookupStart": 156,
            "duration": 2865,
            "fetchStart": 156,
            "loadEventEnd": 2865,
            "loadEventStart": 2865,
            "redirectEnd": 152,
            "redirectStart": 3,
            "requestStart": 176,
            "responseEnd": 511,
            "responseStart": 502,
            "secureConnectionStart": 0,
            "startTime": 0,
            "unloadEventEnd": 0,
            "unloadEventStart": 0,
            "workerStart": 0
          },
          "pageTimings": {
            "backEndTime": 502,
            "domContentLoadedTime": 2848,
            "domInteractiveTime": 2828,
            "domainLookupTime": 0,
            "frontEndTime": 2353,
            "pageDownloadTime": 10,
            "pageLoadTime": 2865,
            "redirectionTime": 149,
            "serverConnectionTime": 0,
            "serverResponseTime": 336
          },
          "rumSpeedIndex": 501,
          "timeToContentfulPaint": 828,
          "timeToDomContentFlushed": 2828,
          "userTimings": {
            "marks": [
              {
                "name": "sentry-tracing-init",
                "startTime": 2607.08
              }
            ],
            "measures": []
          }
        }
      }
    ],
    "visualMetrics": [],
    "cpu": [],
    "extras": [
      {},
      {},
      {}
    ],
    "fullyLoaded": [],
    "errors": [
      [],
      [],
      []
    ],
    "statistics": {
      "browser": {
        "appConstants": {
          "MOZ_UNSIGNED_SCOPES": {
            "median": 0,
            "mean": 0,
            "mdev": 0,
            "stddev": 0,
            "min": 0,
            "p10": 0,
            "p90": 0,
            "p99": 0,
            "max": 0
          },
          "TELEMETRY_PING_FORMAT_VERSION": {
            "median": 4,
            "mean": 4,
            "mdev": 0,
            "stddev": 0,
            "min": 4,
            "p10": 4,
            "p90": 4,
            "p99": 4,
            "max": 4
          }
        },
        "asyncAppConstants": {
          "MOZ_UNSIGNED_SCOPES": {
            "median": 0,
            "mean": 0,
            "mdev": 0,
            "stddev": 0,
            "min": 0,
            "p10": 0,
            "p90": 0,
            "p99": 0,
            "max": 0
          },
          "TELEMETRY_PING_FORMAT_VERSION": {
            "median": 4,
            "mean": 4,
            "mdev": 0,
            "stddev": 0,
            "min": 4,
            "p10": 4,
            "p90": 4,
            "p99": 4,
            "max": 4
          }
        }
      },
      "pageinfo": {
        "documentHeight": {
          "median": 946,
          "mean": 1126,
          "mdev": 147.2416,
          "stddev": 255,
          "min": 946,
          "p10": 946,
          "p90": 1487,
          "p99": 1487,
          "max": 1487
        },
        "documentSize": {
          "decodedBodySize": {
            "median": 158400,
            "mean": 158580,
            "mdev": 148.0588,
            "stddev": 256,
            "min": 158398,
            "p10": 158398,
            "p90": 158943,
            "p99": 158943,
            "max": 158943
          },
          "encodedBodySize": {
            "median": 31709,
            "mean": 31807,
            "mdev": 81.1067,
            "stddev": 140,
            "min": 31707,
            "p10": 31707,
            "p90": 32006,
            "p99": 32006,
            "max": 32006
          },
          "transferSize": {
            "median": 32576,
            "mean": 32674,
            "mdev": 81.1067,
            "stddev": 140,
            "min": 32574,
            "p10": 32574,
            "p90": 32873,
            "p99": 32873,
            "max": 32873
          }
        },
        "documentWidth": {
          "median": 360,
          "mean": 360,
          "mdev": 0,
          "stddev": 0,
          "min": 360,
          "p10": 360,
          "p90": 360,
          "p99": 360,
          "max": 360
        },
        "domElements": {
          "median": 246,
          "mean": 427,
          "mdev": 147.7859,
          "stddev": 256,
          "min": 246,
          "p10": 246,
          "p90": 789,
          "p99": 789,
          "max": 789
        },
        "navigationStartTime": {
          "median": 1617073955009,
          "mean": 1617073952492,
          "mdev": 12612.4091,
          "stddev": 21845,
          "min": 1617073922109,
          "p10": 1617073922109,
          "p90": 1617073980358,
          "p99": 1617073980358,
          "max": 1617073980358
        },
        "resources": {
          "count": {
            "median": 0,
            "mean": 0,
            "mdev": 0,
            "stddev": 0,
            "min": 0,
            "p10": 0,
            "p90": 0,
            "p99": 0,
            "max": 0
          },
          "duration": {
            "median": 0,
            "mean": 0,
            "mdev": 0,
            "stddev": 0,
            "min": 0,
            "p10": 0,
            "p90": 0,
            "p99": 0,
            "max": 0
          }
        },
        "visualElements": {
          "heroes": [
            {
              "height": {
                "median": 203,
                "mean": 149,
                "mdev": 43.8186,
                "stddev": 76,
                "min": 42,
                "p10": 42,
                "p90": 203,
                "p99": 203,
                "max": 203
              },
              "width": {
                "median": 340,
                "mean": 265,
                "mdev": 61.2372,
                "stddev": 106,
                "min": 115,
                "p10": 115,
                "p90": 340,
                "p99": 340,
                "max": 340
              },
              "x": {
                "median": 10,
                "mean": 25,
                "mdev": 12.2474,
                "stddev": 21,
                "min": 10,
                "p10": 10,
                "p90": 55,
                "p99": 55,
                "max": 55
              },
              "y": {
                "median": 56,
                "mean": 40,
                "mdev": 13.3361,
                "stddev": 23,
                "min": 7,
                "p10": 7,
                "p90": 56,
                "p99": 56,
                "max": 56
              }
            }
          ],
          "viewport": {
            "height": {
              "median": 560,
              "mean": 560,
              "mdev": 0,
              "stddev": 0,
              "min": 560,
              "p10": 560,
              "p90": 560,
              "p99": 560,
              "max": 560
            },
            "width": {
              "median": 360,
              "mean": 360,
              "mdev": 0,
              "stddev": 0,
              "min": 360,
              "p10": 360,
              "p90": 360,
              "p99": 360,
              "max": 360
            }
          }
        }
      },
      "timings": {
        "firstPaint": {
          "median": 724,
          "mean": 762,
          "mdev": 52.3217,
          "stddev": 91,
          "min": 675,
          "p10": 675,
          "p90": 887,
          "p99": 887,
          "max": 887
        },
        "loadEventEnd": {
          "median": 2865,
          "mean": 2837,
          "mdev": 46.9381,
          "stddev": 81,
          "min": 2726,
          "p10": 2726,
          "p90": 2919,
          "p99": 2919,
          "max": 2919
        },
        "navigationTiming": {
          "connectStart": {
            "median": 190,
            "mean": 190,
            "mdev": 15.7926,
            "stddev": 27,
            "min": 156,
            "p10": 156,
            "p90": 223,
            "p99": 223,
            "max": 223
          },
          "domComplete": {
            "median": 2865,
            "mean": 2836,
            "mdev": 47.2001,
            "stddev": 82,
            "min": 2725,
            "p10": 2725,
            "p90": 2919,
            "p99": 2919,
            "max": 2919
          },
          "domContentLoadedEventEnd": {
            "median": 2863,
            "mean": 2834,
            "mdev": 46.5499,
            "stddev": 81,
            "min": 2724,
            "p10": 2724,
            "p90": 2915,
            "p99": 2915,
            "max": 2915
          },
          "domContentLoadedEventStart": {
            "median": 2848,
            "mean": 2820,
            "mdev": 47.3951,
            "stddev": 82,
            "min": 2708,
            "p10": 2708,
            "p90": 2903,
            "p99": 2903,
            "max": 2903
          },
          "domInteractive": {
            "median": 2828,
            "mean": 2794,
            "mdev": 47.973,
            "stddev": 83,
            "min": 2680,
            "p10": 2680,
            "p90": 2875,
            "p99": 2875,
            "max": 2875
          },
          "domainLookupEnd": {
            "median": 190,
            "mean": 190,
            "mdev": 15.7926,
            "stddev": 27,
            "min": 156,
            "p10": 156,
            "p90": 223,
            "p99": 223,
            "max": 223
          },
          "domainLookupStart": {
            "median": 190,
            "mean": 190,
            "mdev": 15.7926,
            "stddev": 27,
            "min": 156,
            "p10": 156,
            "p90": 223,
            "p99": 223,
            "max": 223
          },
          "duration": {
            "median": 2865,
            "mean": 2837,
            "mdev": 46.9381,
            "stddev": 81,
            "min": 2726,
            "p10": 2726,
            "p90": 2919,
            "p99": 2919,
            "max": 2919
          },
          "fetchStart": {
            "median": 190,
            "mean": 190,
            "mdev": 15.7926,
            "stddev": 27,
            "min": 156,
            "p10": 156,
            "p90": 223,
            "p99": 223,
            "max": 223
          },
          "loadEventEnd": {
            "median": 2865,
            "mean": 2837,
            "mdev": 46.9381,
            "stddev": 81,
            "min": 2726,
            "p10": 2726,
            "p90": 2919,
            "p99": 2919,
            "max": 2919
          },
          "loadEventStart": {
            "median": 2865,
            "mean": 2836,
            "mdev": 47.2001,
            "stddev": 82,
            "min": 2725,
            "p10": 2725,
            "p90": 2919,
            "p99": 2919,
            "max": 2919
          },
          "redirectEnd": {
            "median": 187,
            "mean": 186,
            "mdev": 15.7973,
            "stddev": 27,
            "min": 152,
            "p10": 152,
            "p90": 219,
            "p99": 219,
            "max": 219
          },
          "redirectStart": {
            "median": 3,
            "mean": 3,
            "mdev": 0.2722,
            "stddev": 0,
            "min": 2,
            "p10": 2,
            "p90": 3,
            "p99": 3,
            "max": 3
          },
          "requestStart": {
            "median": 210,
            "mean": 210,
            "mdev": 16.264,
            "stddev": 28,
            "min": 176,
            "p10": 176,
            "p90": 245,
            "p99": 245,
            "max": 245
          },
          "responseEnd": {
            "median": 511,
            "mean": 539,
            "mdev": 54.2224,
            "stddev": 94,
            "min": 440,
            "p10": 440,
            "p90": 665,
            "p99": 665,
            "max": 665
          },
          "responseStart": {
            "median": 502,
            "mean": 532,
            "mdev": 56.7574,
            "stddev": 98,
            "min": 430,
            "p10": 430,
            "p90": 665,
            "p99": 665,
            "max": 665
          },
          "secureConnectionStart": {
            "median": 0,
            "mean": 0,
            "mdev": 0,
            "stddev": 0,
            "min": 0,
            "p10": 0,
            "p90": 0,
            "p99": 0,
            "max": 0
          },
          "startTime": {
            "median": 0,
            "mean": 0,
            "mdev": 0,
            "stddev": 0,
            "min": 0,
            "p10": 0,
            "p90": 0,
            "p99": 0,
            "max": 0
          },
          "unloadEventEnd": {
            "median": 0,
            "mean": 0,
            "mdev": 0,
            "stddev": 0,
            "min": 0,
            "p10": 0,
            "p90": 0,
            "p99": 0,
            "max": 0
          },
          "unloadEventStart": {
            "median": 0,
            "mean": 0,
            "mdev": 0,
            "stddev": 0,
            "min": 0,
            "p10": 0,
            "p90": 0,
            "p99": 0,
            "max": 0
          },
          "workerStart": {
            "median": 0,
            "mean": 0,
            "mdev": 0,
            "stddev": 0,
            "min": 0,
            "p10": 0,
            "p90": 0,
            "p99": 0,
            "max": 0
          }
        },
        "pageTimings": {
          "backEndTime": {
            "median": 502,
            "mean": 532,
            "mdev": 56.7574,
            "stddev": 98,
            "min": 430,
            "p10": 430,
            "p90": 665,
            "p99": 665,
            "max": 665
          },
          "domContentLoadedTime": {
            "median": 2848,
            "mean": 2820,
            "mdev": 47.3951,
            "stddev": 82,
            "min": 2708,
            "p10": 2708,
            "p90": 2903,
            "p99": 2903,
            "max": 2903
          },
          "domInteractiveTime": {
            "median": 2828,
            "mean": 2794,
            "mdev": 47.973,
            "stddev": 83,
            "min": 2680,
            "p10": 2680,
            "p90": 2875,
            "p99": 2875,
            "max": 2875
          },
          "domainLookupTime": {
            "median": 0,
            "mean": 0,
            "mdev": 0,
            "stddev": 0,
            "min": 0,
            "p10": 0,
            "p90": 0,
            "p99": 0,
            "max": 0
          },
          "frontEndTime": {
            "median": 2285,
            "mean": 2297,
            "mdev": 24.074,
            "stddev": 42,
            "min": 2253,
            "p10": 2253,
            "p90": 2353,
            "p99": 2353,
            "max": 2353
          },
          "pageDownloadTime": {
            "median": 10,
            "mean": 7,
            "mdev": 2.7217,
            "stddev": 5,
            "min": 0,
            "p10": 0,
            "p90": 10,
            "p99": 10,
            "max": 10
          },
          "pageLoadTime": {
            "median": 2865,
            "mean": 2836,
            "mdev": 47.2001,
            "stddev": 82,
            "min": 2725,
            "p10": 2725,
            "p90": 2919,
            "p99": 2919,
            "max": 2919
          },
          "redirectionTime": {
            "median": 185,
            "mean": 183,
            "mdev": 15.8067,
            "stddev": 27,
            "min": 149,
            "p10": 149,
            "p90": 216,
            "p99": 216,
            "max": 216
          },
          "serverConnectionTime": {
            "median": 0,
            "mean": 0,
            "mdev": 0,
            "stddev": 0,
            "min": 0,
            "p10": 0,
            "p90": 0,
            "p99": 0,
            "max": 0
          },
          "serverResponseTime": {
            "median": 336,
            "mean": 329,
            "mdev": 44.8834,
            "stddev": 78,
            "min": 230,
            "p10": 230,
            "p90": 420,
            "p99": 420,
            "max": 420
          }
        },
        "rumSpeedIndex": {
          "median": 501,
          "mean": 532,
          "mdev": 57.0172,
          "stddev": 99,
          "min": 429,
          "p10": 429,
          "p90": 665,
          "p99": 665,
          "max": 665
        },
        "timeToContentfulPaint": {
          "median": 828,
          "mean": 863,
          "mdev": 50.2003,
          "stddev": 87,
          "min": 779,
          "p10": 779,
          "p90": 983,
          "p99": 983,
          "max": 983
        },
        "timeToDomContentFlushed": {
          "median": 2828,
          "mean": 2795,
          "mdev": 48.1602,
          "stddev": 83,
          "min": 2680,
          "p10": 2680,
          "p90": 2876,
          "p99": 2876,
          "max": 2876
        },
        "userTimings": {
          "marks": {
            "sentry-tracing-init": {
              "median": 2607,
              "mean": 2554,
              "mdev": 50.6123,
              "stddev": 88,
              "min": 2430,
              "p10": 2430,
              "p90": 2624,
              "p99": 2624,
              "max": 2624
            }
          }
        }
      }
    }
  }
]