[
  {
    "info": {
      "browsertime": {
        "version": "8.4.0"
      },
      "url": "https://www.espn.com/",
      "timestamp": "2021-03-30T20:59:53+04:00",
      "connectivity": {
        "engine": "external",
        "profile": "native"
      },
      "extra": {}
    },
    "files": {
      "video": [],
      "screenshot": [],
      "timeline": [],
      "consoleLog": [],
      "netLog": [],
      "perfLog": []
    },
    "cdp": {
      "performance": []
    },
    "timestamps": [
      "2021-03-30T20:59:37+04:00",
      "2021-03-30T20:59:59+04:00",
      "2021-03-30T21:00:21+04:00"
    ],
    "browserScripts": [
      {
        "browser": {
          "appConstants": {
            "ACCESSIBILITY": true,
            "ANDROID_PACKAGE_NAME": "org.mozilla.firefox",
            "ASAN": false,
            "ASAN_REPORTER": false,
            "BROWSER_CHROME_URL": "chrome://browser/content/browser.xul",
            "DEBUG": false,
            "DEBUG_JS_MODULES": "",
            "DLL_PREFIX": "lib",
            "DLL_SUFFIX": ".so",
            "EARLY_BETA_OR_EARLIER": false,
            "FENNEC_NIGHTLY": false,
            "HAVE_SHELL_SERVICE": false,
            "HAVE_USR_LIB64_DIR": false,
            "MENUBAR_CAN_AUTOHIDE": false,
            "MOZILLA_OFFICIAL": true,
            "MOZ_ALLOW_LEGACY_EXTENSIONS": false,
            "MOZ_ANDROID_ACTIVITY_STREAM": false,
            "MOZ_ANDROID_HISTORY": true,
            "MOZ_ANDROID_MOZILLA_ONLINE": false,
            "MOZ_APP_NAME": "fennec",
            "MOZ_APP_VERSION": "68.1.1",
            "MOZ_APP_VERSION_DISPLAY": "68.1.1",
            "MOZ_BING_API_CLIENTID": "no-bing-api-clientid",
            "MOZ_BING_API_KEY": "no-bing-api-key",
            "MOZ_BITS_DOWNLOAD": false,
            "MOZ_BUILD_APP": "mobile/android",
            "MOZ_CODE_COVERAGE": false,
            "MOZ_CRASHREPORTER": true,
            "MOZ_DATA_REPORTING": true,
            "MOZ_DEV_EDITION": false,
            "MOZ_GECKO_PROFILER": true,
            "MOZ_GOOGLE_LOCATION_SERVICE_API_KEY": "AIzaSyB2h2OuRcUgy5N-5hsZqiPW6sH3n_rptiQ",
            "MOZ_GOOGLE_SAFEBROWSING_API_KEY": "AIzaSyC7jsptDS3am4tPx4r3nxis7IMjBc5Dovo",
            "MOZ_GRAPHENE": false,
            "MOZ_MACBUNDLE_NAME": "Firefox.app",
            "MOZ_MAINTENANCE_SERVICE": false,
            "MOZ_MOZILLA_API_KEY": "3b4d27dd-703d-4094-8398-4de2c763505a",
            "MOZ_NEW_CERT_STORAGE": false,
            "MOZ_NEW_NOTIFICATION_STORE": false,
            "MOZ_NEW_XULSTORE": false,
            "MOZ_OFFICIAL_BRANDING": false,
            "MOZ_PLACES": false,
            "MOZ_REQUIRE_SIGNING": false,
            "MOZ_SANDBOX": false,
            "MOZ_SERVICES_HEALTHREPORT": true,
            "MOZ_SERVICES_SYNC": false,
            "MOZ_SWITCHBOARD": true,
            "MOZ_SYSTEM_NSS": false,
            "MOZ_TELEMETRY_ON_BY_DEFAULT": false,
            "MOZ_TELEMETRY_REPORTING": true,
            "MOZ_UNSIGNED_SCOPES": 0,
            "MOZ_UPDATER": false,
            "MOZ_UPDATE_CHANNEL": "release",
            "MOZ_WEBRTC": true,
            "MOZ_WIDGET_GTK": false,
            "MOZ_WIDGET_TOOLKIT": "android",
            "NIGHTLY_BUILD": false,
            "OMNIJAR_NAME": "assets/omni.ja",
            "RELEASE_OR_BETA": true,
            "SOURCE_REVISION_URL": "https://hg.mozilla.org/releases/mozilla-esr68/rev/d2e0b9e17b9bc1ef02606c8006b73293f7892ad5",
            "TELEMETRY_PING_FORMAT_VERSION": 4,
            "XP_UNIX": true,
            "isPlatformAndVersionAtLeast": {},
            "isPlatformAndVersionAtMost": {},
            "platform": "android"
          },
          "asyncAppConstants": {
            "ACCESSIBILITY": true,
            "ANDROID_PACKAGE_NAME": "org.mozilla.firefox",
            "ASAN": false,
            "ASAN_REPORTER": false,
            "BROWSER_CHROME_URL": "chrome://browser/content/browser.xul",
            "DEBUG": false,
            "DEBUG_JS_MODULES": "",
            "DLL_PREFIX": "lib",
            "DLL_SUFFIX": ".so",
            "EARLY_BETA_OR_EARLIER": false,
            "FENNEC_NIGHTLY": false,
            "HAVE_SHELL_SERVICE": false,
            "HAVE_USR_LIB64_DIR": false,
            "MENUBAR_CAN_AUTOHIDE": false,
            "MOZILLA_OFFICIAL": true,
            "MOZ_ALLOW_LEGACY_EXTENSIONS": false,
            "MOZ_ANDROID_ACTIVITY_STREAM": false,
            "MOZ_ANDROID_HISTORY": true,
            "MOZ_ANDROID_MOZILLA_ONLINE": false,
            "MOZ_APP_NAME": "fennec",
            "MOZ_APP_VERSION": "68.1.1",
            "MOZ_APP_VERSION_DISPLAY": "68.1.1",
            "MOZ_BING_API_CLIENTID": "no-bing-api-clientid",
            "MOZ_BING_API_KEY": "no-bing-api-key",
            "MOZ_BITS_DOWNLOAD": false,
            "MOZ_BUILD_APP": "mobile/android",
            "MOZ_CODE_COVERAGE": false,
            "MOZ_CRASHREPORTER": true,
            "MOZ_DATA_REPORTING": true,
            "MOZ_DEV_EDITION": false,
            "MOZ_GECKO_PROFILER": true,
            "MOZ_GOOGLE_LOCATION_SERVICE_API_KEY": "AIzaSyB2h2OuRcUgy5N-5hsZqiPW6sH3n_rptiQ",
            "MOZ_GOOGLE_SAFEBROWSING_API_KEY": "AIzaSyC7jsptDS3am4tPx4r3nxis7IMjBc5Dovo",
            "MOZ_GRAPHENE": false,
            "MOZ_MACBUNDLE_NAME": "Firefox.app",
            "MOZ_MAINTENANCE_SERVICE": false,
            "MOZ_MOZILLA_API_KEY": "3b4d27dd-703d-4094-8398-4de2c763505a",
            "MOZ_NEW_CERT_STORAGE": false,
            "MOZ_NEW_NOTIFICATION_STORE": false,
            "MOZ_NEW_XULSTORE": false,
            "MOZ_OFFICIAL_BRANDING": false,
            "MOZ_PLACES": false,
            "MOZ_REQUIRE_SIGNING": false,
            "MOZ_SANDBOX": false,
            "MOZ_SERVICES_HEALTHREPORT": true,
            "MOZ_SERVICES_SYNC": false,
            "MOZ_SWITCHBOARD": true,
            "MOZ_SYSTEM_NSS": false,
            "MOZ_TELEMETRY_ON_BY_DEFAULT": false,
            "MOZ_TELEMETRY_REPORTING": true,
            "MOZ_UNSIGNED_SCOPES": 0,
            "MOZ_UPDATER": false,
            "MOZ_UPDATE_CHANNEL": "release",
            "MOZ_WEBRTC": true,
            "MOZ_WIDGET_GTK": false,
            "MOZ_WIDGET_TOOLKIT": "android",
            "NIGHTLY_BUILD": false,
            "OMNIJAR_NAME": "assets/omni.ja",
            "RELEASE_OR_BETA": true,
            "SOURCE_REVISION_URL": "https://hg.mozilla.org/releases/mozilla-esr68/rev/d2e0b9e17b9bc1ef02606c8006b73293f7892ad5",
            "TELEMETRY_PING_FORMAT_VERSION": 4,
            "XP_UNIX": true,
            "isPlatformAndVersionAtLeast": {},
            "isPlatformAndVersionAtMost": {},
            "platform": "android"
          },
          "userAgent": "Mozilla/5.0 (Android 9; Mobile; rv:68.0) Gecko/68.0 Firefox/68.0",
          "windowSize": "360x612"
        },
        "pageinfo": {
          "documentHeight": 4803,
          "documentSize": {
            "decodedBodySize": 604898,
            "encodedBodySize": 103842,
            "transferSize": 105305
          },
          "documentTitle": "ESPN: Serving sports fans. Anytime. Anywhere.",
          "documentWidth": 360,
          "domElements": 3781,
          "navigationStartTime": 1617123577640,
          "nextHopProtocol": "h2",
          "resources": {
            "count": 0,
            "duration": 0
          },
          "responsive": true,
          "url": "https://www.espn.com/",
          "visualElements": {
            "heroes": [
              {
                "filename": "r793860_2_1296x729_16-9.jpg",
                "height": 240,
                "name": "LargestImage",
                "width": 360,
                "x": 0,
                "y": 173
              },
              {
                "filename": null,
                "height": 112,
                "name": "Heading",
                "width": 324,
                "x": 16,
                "y": 425
              }
            ],
            "viewport": {
              "height": 612,
              "width": 360
            }
          }
        },
        "timings": {
          "firstPaint": 3484,
          "loadEventEnd": 6852,
          "navigationTiming": {
            "connectStart": 96,
            "domComplete": 6802,
            "domContentLoadedEventEnd": 4927,
            "domContentLoadedEventStart": 4846,
            "domInteractive": 4827,
            "domainLookupEnd": 95,
            "domainLookupStart": 95,
            "duration": 6852,
            "fetchStart": 2,
            "loadEventEnd": 6852,
            "loadEventStart": 6802,
            "redirectEnd": 0,
            "redirectStart": 0,
            "requestStart": 209,
            "responseEnd": 1047,
            "responseStart": 1047,
            "secureConnectionStart": 107,
            "startTime": 0,
            "unloadEventEnd": 0,
            "unloadEventStart": 0,
            "workerStart": 0
          },
          "pageTimings": {
            "backEndTime": 1047,
            "domContentLoadedTime": 4846,
            "domInteractiveTime": 4827,
            "domainLookupTime": 0,
            "frontEndTime": 5755,
            "pageDownloadTime": 0,
            "pageLoadTime": 6802,
            "redirectionTime": 0,
            "serverConnectionTime": 112,
            "serverResponseTime": 838
          },
          "rumSpeedIndex": 1046,
          "timeToContentfulPaint": 3704,
          "timeToDomContentFlushed": 4828,
          "userTimings": {
            "marks": [
              {
                "name": "gpt-tag-load",
                "startTime": 5959.26
              }
            ],
            "measures": []
          }
        }
      },
      {
        "browser": {
          "appConstants": {
            "ACCESSIBILITY": true,
            "ANDROID_PACKAGE_NAME": "org.mozilla.firefox",
            "ASAN": false,
            "ASAN_REPORTER": false,
            "BROWSER_CHROME_URL": "chrome://browser/content/browser.xul",
            "DEBUG": false,
            "DEBUG_JS_MODULES": "",
            "DLL_PREFIX": "lib",
            "DLL_SUFFIX": ".so",
            "EARLY_BETA_OR_EARLIER": false,
            "FENNEC_NIGHTLY": false,
            "HAVE_SHELL_SERVICE": false,
            "HAVE_USR_LIB64_DIR": false,
            "MENUBAR_CAN_AUTOHIDE": false,
            "MOZILLA_OFFICIAL": true,
            "MOZ_ALLOW_LEGACY_EXTENSIONS": false,
            "MOZ_ANDROID_ACTIVITY_STREAM": false,
            "MOZ_ANDROID_HISTORY": true,
            "MOZ_ANDROID_MOZILLA_ONLINE": false,
            "MOZ_APP_NAME": "fennec",
            "MOZ_APP_VERSION": "68.1.1",
            "MOZ_APP_VERSION_DISPLAY": "68.1.1",
            "MOZ_BING_API_CLIENTID": "no-bing-api-clientid",
            "MOZ_BING_API_KEY": "no-bing-api-key",
            "MOZ_BITS_DOWNLOAD": false,
            "MOZ_BUILD_APP": "mobile/android",
            "MOZ_CODE_COVERAGE": false,
            "MOZ_CRASHREPORTER": true,
            "MOZ_DATA_REPORTING": true,
            "MOZ_DEV_EDITION": false,
            "MOZ_GECKO_PROFILER": true,
            "MOZ_GOOGLE_LOCATION_SERVICE_API_KEY": "AIzaSyB2h2OuRcUgy5N-5hsZqiPW6sH3n_rptiQ",
            "MOZ_GOOGLE_SAFEBROWSING_API_KEY": "AIzaSyC7jsptDS3am4tPx4r3nxis7IMjBc5Dovo",
            "MOZ_GRAPHENE": false,
            "MOZ_MACBUNDLE_NAME": "Firefox.app",
            "MOZ_MAINTENANCE_SERVICE": false,
            "MOZ_MOZILLA_API_KEY": "3b4d27dd-703d-4094-8398-4de2c763505a",
            "MOZ_NEW_CERT_STORAGE": false,
            "MOZ_NEW_NOTIFICATION_STORE": false,
            "MOZ_NEW_XULSTORE": false,
            "MOZ_OFFICIAL_BRANDING": false,
            "MOZ_PLACES": false,
            "MOZ_REQUIRE_SIGNING": false,
            "MOZ_SANDBOX": false,
            "MOZ_SERVICES_HEALTHREPORT": true,
            "MOZ_SERVICES_SYNC": false,
            "MOZ_SWITCHBOARD": true,
            "MOZ_SYSTEM_NSS": false,
            "MOZ_TELEMETRY_ON_BY_DEFAULT": false,
            "MOZ_TELEMETRY_REPORTING": true,
            "MOZ_UNSIGNED_SCOPES": 0,
            "MOZ_UPDATER": false,
            "MOZ_UPDATE_CHANNEL": "release",
            "MOZ_WEBRTC": true,
            "MOZ_WIDGET_GTK": false,
            "MOZ_WIDGET_TOOLKIT": "android",
            "NIGHTLY_BUILD": false,
            "OMNIJAR_NAME": "assets/omni.ja",
            "RELEASE_OR_BETA": true,
            "SOURCE_REVISION_URL": "https://hg.mozilla.org/releases/mozilla-esr68/rev/d2e0b9e17b9bc1ef02606c8006b73293f7892ad5",
            "TELEMETRY_PING_FORMAT_VERSION": 4,
            "XP_UNIX": true,
            "isPlatformAndVersionAtLeast": {},
            "isPlatformAndVersionAtMost": {},
            "platform": "android"
          },
          "asyncAppConstants": {
            "ACCESSIBILITY": true,
            "ANDROID_PACKAGE_NAME": "org.mozilla.firefox",
            "ASAN": false,
            "ASAN_REPORTER": false,
            "BROWSER_CHROME_URL": "chrome://browser/content/browser.xul",
            "DEBUG": false,
            "DEBUG_JS_MODULES": "",
            "DLL_PREFIX": "lib",
            "DLL_SUFFIX": ".so",
            "EARLY_BETA_OR_EARLIER": false,
            "FENNEC_NIGHTLY": false,
            "HAVE_SHELL_SERVICE": false,
            "HAVE_USR_LIB64_DIR": false,
            "MENUBAR_CAN_AUTOHIDE": false,
            "MOZILLA_OFFICIAL": true,
            "MOZ_ALLOW_LEGACY_EXTENSIONS": false,
            "MOZ_ANDROID_ACTIVITY_STREAM": false,
            "MOZ_ANDROID_HISTORY": true,
            "MOZ_ANDROID_MOZILLA_ONLINE": false,
            "MOZ_APP_NAME": "fennec",
            "MOZ_APP_VERSION": "68.1.1",
            "MOZ_APP_VERSION_DISPLAY": "68.1.1",
            "MOZ_BING_API_CLIENTID": "no-bing-api-clientid",
            "MOZ_BING_API_KEY": "no-bing-api-key",
            "MOZ_BITS_DOWNLOAD": false,
            "MOZ_BUILD_APP": "mobile/android",
            "MOZ_CODE_COVERAGE": false,
            "MOZ_CRASHREPORTER": true,
            "MOZ_DATA_REPORTING": true,
            "MOZ_DEV_EDITION": false,
            "MOZ_GECKO_PROFILER": true,
            "MOZ_GOOGLE_LOCATION_SERVICE_API_KEY": "AIzaSyB2h2OuRcUgy5N-5hsZqiPW6sH3n_rptiQ",
            "MOZ_GOOGLE_SAFEBROWSING_API_KEY": "AIzaSyC7jsptDS3am4tPx4r3nxis7IMjBc5Dovo",
            "MOZ_GRAPHENE": false,
            "MOZ_MACBUNDLE_NAME": "Firefox.app",
            "MOZ_MAINTENANCE_SERVICE": false,
            "MOZ_MOZILLA_API_KEY": "3b4d27dd-703d-4094-8398-4de2c763505a",
            "MOZ_NEW_CERT_STORAGE": false,
            "MOZ_NEW_NOTIFICATION_STORE": false,
            "MOZ_NEW_XULSTORE": false,
            "MOZ_OFFICIAL_BRANDING": false,
            "MOZ_PLACES": false,
            "MOZ_REQUIRE_SIGNING": false,
            "MOZ_SANDBOX": false,
            "MOZ_SERVICES_HEALTHREPORT": true,
            "MOZ_SERVICES_SYNC": false,
            "MOZ_SWITCHBOARD": true,
            "MOZ_SYSTEM_NSS": false,
            "MOZ_TELEMETRY_ON_BY_DEFAULT": false,
            "MOZ_TELEMETRY_REPORTING": true,
            "MOZ_UNSIGNED_SCOPES": 0,
            "MOZ_UPDATER": false,
            "MOZ_UPDATE_CHANNEL": "release",
            "MOZ_WEBRTC": true,
            "MOZ_WIDGET_GTK": false,
            "MOZ_WIDGET_TOOLKIT": "android",
            "NIGHTLY_BUILD": false,
            "OMNIJAR_NAME": "assets/omni.ja",
            "RELEASE_OR_BETA": true,
            "SOURCE_REVISION_URL": "https://hg.mozilla.org/releases/mozilla-esr68/rev/d2e0b9e17b9bc1ef02606c8006b73293f7892ad5",
            "TELEMETRY_PING_FORMAT_VERSION": 4,
            "XP_UNIX": true,
            "isPlatformAndVersionAtLeast": {},
            "isPlatformAndVersionAtMost": {},
            "platform": "android"
          },
          "userAgent": "Mozilla/5.0 (Android 9; Mobile; rv:68.0) Gecko/68.0 Firefox/68.0",
          "windowSize": "360x612"
        },
        "pageinfo": {
          "documentHeight": 4803,
          "documentSize": {
            "decodedBodySize": 605255,
            "encodedBodySize": 103965,
            "transferSize": 105428
          },
          "documentTitle": "ESPN: Serving sports fans. Anytime. Anywhere.",
          "documentWidth": 360,
          "domElements": 3781,
          "navigationStartTime": 1617123600089,
          "nextHopProtocol": "h2",
          "resources": {
            "count": 0,
            "duration": 0
          },
          "responsive": true,
          "url": "https://www.espn.com/",
          "visualElements": {
            "heroes": [
              {
                "filename": "r793860_2_1296x729_16-9.jpg",
                "height": 240,
                "name": "LargestImage",
                "width": 360,
                "x": 0,
                "y": 173
              },
              {
                "filename": null,
                "height": 112,
                "name": "Heading",
                "width": 324,
                "x": 16,
                "y": 425
              }
            ],
            "viewport": {
              "height": 612,
              "width": 360
            }
          }
        },
        "timings": {
          "firstPaint": 2939,
          "loadEventEnd": 6439,
          "navigationTiming": {
            "connectStart": 95,
            "domComplete": 6409,
            "domContentLoadedEventEnd": 4429,
            "domContentLoadedEventStart": 4357,
            "domInteractive": 4237,
            "domainLookupEnd": 95,
            "domainLookupStart": 95,
            "duration": 6439,
            "fetchStart": 3,
            "loadEventEnd": 6439,
            "loadEventStart": 6409,
            "redirectEnd": 0,
            "redirectStart": 0,
            "requestStart": 181,
            "responseEnd": 819,
            "responseStart": 819,
            "secureConnectionStart": 107,
            "startTime": 0,
            "unloadEventEnd": 0,
            "unloadEventStart": 0,
            "workerStart": 0
          },
          "pageTimings": {
            "backEndTime": 819,
            "domContentLoadedTime": 4357,
            "domInteractiveTime": 4237,
            "domainLookupTime": 0,
            "frontEndTime": 5590,
            "pageDownloadTime": 0,
            "pageLoadTime": 6409,
            "redirectionTime": 0,
            "serverConnectionTime": 85,
            "serverResponseTime": 638
          },
          "rumSpeedIndex": 819,
          "timeToContentfulPaint": 3161,
          "timeToDomContentFlushed": 4238,
          "userTimings": {
            "marks": [
              {
                "name": "gpt-tag-load",
                "startTime": 5667.38
              }
            ],
            "measures": []
          }
        }
      },
      {
        "browser": {
          "appConstants": {
            "ACCESSIBILITY": true,
            "ANDROID_PACKAGE_NAME": "org.mozilla.firefox",
            "ASAN": false,
            "ASAN_REPORTER": false,
            "BROWSER_CHROME_URL": "chrome://browser/content/browser.xul",
            "DEBUG": false,
            "DEBUG_JS_MODULES": "",
            "DLL_PREFIX": "lib",
            "DLL_SUFFIX": ".so",
            "EARLY_BETA_OR_EARLIER": false,
            "FENNEC_NIGHTLY": false,
            "HAVE_SHELL_SERVICE": false,
            "HAVE_USR_LIB64_DIR": false,
            "MENUBAR_CAN_AUTOHIDE": false,
            "MOZILLA_OFFICIAL": true,
            "MOZ_ALLOW_LEGACY_EXTENSIONS": false,
            "MOZ_ANDROID_ACTIVITY_STREAM": false,
            "MOZ_ANDROID_HISTORY": true,
            "MOZ_ANDROID_MOZILLA_ONLINE": false,
            "MOZ_APP_NAME": "fennec",
            "MOZ_APP_VERSION": "68.1.1",
            "MOZ_APP_VERSION_DISPLAY": "68.1.1",
            "MOZ_BING_API_CLIENTID": "no-bing-api-clientid",
            "MOZ_BING_API_KEY": "no-bing-api-key",
            "MOZ_BITS_DOWNLOAD": false,
            "MOZ_BUILD_APP": "mobile/android",
            "MOZ_CODE_COVERAGE": false,
            "MOZ_CRASHREPORTER": true,
            "MOZ_DATA_REPORTING": true,
            "MOZ_DEV_EDITION": false,
            "MOZ_GECKO_PROFILER": true,
            "MOZ_GOOGLE_LOCATION_SERVICE_API_KEY": "AIzaSyB2h2OuRcUgy5N-5hsZqiPW6sH3n_rptiQ",
            "MOZ_GOOGLE_SAFEBROWSING_API_KEY": "AIzaSyC7jsptDS3am4tPx4r3nxis7IMjBc5Dovo",
            "MOZ_GRAPHENE": false,
            "MOZ_MACBUNDLE_NAME": "Firefox.app",
            "MOZ_MAINTENANCE_SERVICE": false,
            "MOZ_MOZILLA_API_KEY": "3b4d27dd-703d-4094-8398-4de2c763505a",
            "MOZ_NEW_CERT_STORAGE": false,
            "MOZ_NEW_NOTIFICATION_STORE": false,
            "MOZ_NEW_XULSTORE": false,
            "MOZ_OFFICIAL_BRANDING": false,
            "MOZ_PLACES": false,
            "MOZ_REQUIRE_SIGNING": false,
            "MOZ_SANDBOX": false,
            "MOZ_SERVICES_HEALTHREPORT": true,
            "MOZ_SERVICES_SYNC": false,
            "MOZ_SWITCHBOARD": true,
            "MOZ_SYSTEM_NSS": false,
            "MOZ_TELEMETRY_ON_BY_DEFAULT": false,
            "MOZ_TELEMETRY_REPORTING": true,
            "MOZ_UNSIGNED_SCOPES": 0,
            "MOZ_UPDATER": false,
            "MOZ_UPDATE_CHANNEL": "release",
            "MOZ_WEBRTC": true,
            "MOZ_WIDGET_GTK": false,
            "MOZ_WIDGET_TOOLKIT": "android",
            "NIGHTLY_BUILD": false,
            "OMNIJAR_NAME": "assets/omni.ja",
            "RELEASE_OR_BETA": true,
            "SOURCE_REVISION_URL": "https://hg.mozilla.org/releases/mozilla-esr68/rev/d2e0b9e17b9bc1ef02606c8006b73293f7892ad5",
            "TELEMETRY_PING_FORMAT_VERSION": 4,
            "XP_UNIX": true,
            "isPlatformAndVersionAtLeast": {},
            "isPlatformAndVersionAtMost": {},
            "platform": "android"
          },
          "asyncAppConstants": {
            "ACCESSIBILITY": true,
            "ANDROID_PACKAGE_NAME": "org.mozilla.firefox",
            "ASAN": false,
            "ASAN_REPORTER": false,
            "BROWSER_CHROME_URL": "chrome://browser/content/browser.xul",
            "DEBUG": false,
            "DEBUG_JS_MODULES": "",
            "DLL_PREFIX": "lib",
            "DLL_SUFFIX": ".so",
            "EARLY_BETA_OR_EARLIER": false,
            "FENNEC_NIGHTLY": false,
            "HAVE_SHELL_SERVICE": false,
            "HAVE_USR_LIB64_DIR": false,
            "MENUBAR_CAN_AUTOHIDE": false,
            "MOZILLA_OFFICIAL": true,
            "MOZ_ALLOW_LEGACY_EXTENSIONS": false,
            "MOZ_ANDROID_ACTIVITY_STREAM": false,
            "MOZ_ANDROID_HISTORY": true,
            "MOZ_ANDROID_MOZILLA_ONLINE": false,
            "MOZ_APP_NAME": "fennec",
            "MOZ_APP_VERSION": "68.1.1",
            "MOZ_APP_VERSION_DISPLAY": "68.1.1",
            "MOZ_BING_API_CLIENTID": "no-bing-api-clientid",
            "MOZ_BING_API_KEY": "no-bing-api-key",
            "MOZ_BITS_DOWNLOAD": false,
            "MOZ_BUILD_APP": "mobile/android",
            "MOZ_CODE_COVERAGE": false,
            "MOZ_CRASHREPORTER": true,
            "MOZ_DATA_REPORTING": true,
            "MOZ_DEV_EDITION": false,
            "MOZ_GECKO_PROFILER": true,
            "MOZ_GOOGLE_LOCATION_SERVICE_API_KEY": "AIzaSyB2h2OuRcUgy5N-5hsZqiPW6sH3n_rptiQ",
            "MOZ_GOOGLE_SAFEBROWSING_API_KEY": "AIzaSyC7jsptDS3am4tPx4r3nxis7IMjBc5Dovo",
            "MOZ_GRAPHENE": false,
            "MOZ_MACBUNDLE_NAME": "Firefox.app",
            "MOZ_MAINTENANCE_SERVICE": false,
            "MOZ_MOZILLA_API_KEY": "3b4d27dd-703d-4094-8398-4de2c763505a",
            "MOZ_NEW_CERT_STORAGE": false,
            "MOZ_NEW_NOTIFICATION_STORE": false,
            "MOZ_NEW_XULSTORE": false,
            "MOZ_OFFICIAL_BRANDING": false,
            "MOZ_PLACES": false,
            "MOZ_REQUIRE_SIGNING": false,
            "MOZ_SANDBOX": false,
            "MOZ_SERVICES_HEALTHREPORT": true,
            "MOZ_SERVICES_SYNC": false,
            "MOZ_SWITCHBOARD": true,
            "MOZ_SYSTEM_NSS": false,
            "MOZ_TELEMETRY_ON_BY_DEFAULT": false,
            "MOZ_TELEMETRY_REPORTING": true,
            "MOZ_UNSIGNED_SCOPES": 0,
            "MOZ_UPDATER": false,
            "MOZ_UPDATE_CHANNEL": "release",
            "MOZ_WEBRTC": true,
            "MOZ_WIDGET_GTK": false,
            "MOZ_WIDGET_TOOLKIT": "android",
            "NIGHTLY_BUILD": false,
            "OMNIJAR_NAME": "assets/omni.ja",
            "RELEASE_OR_BETA": true,
            "SOURCE_REVISION_URL": "https://hg.mozilla.org/releases/mozilla-esr68/rev/d2e0b9e17b9bc1ef02606c8006b73293f7892ad5",
            "TELEMETRY_PING_FORMAT_VERSION": 4,
            "XP_UNIX": true,
            "isPlatformAndVersionAtLeast": {},
            "isPlatformAndVersionAtMost": {},
            "platform": "android"
          },
          "userAgent": "Mozilla/5.0 (Android 9; Mobile; rv:68.0) Gecko/68.0 Firefox/68.0",
          "windowSize": "360x612"
        },
        "pageinfo": {
          "documentHeight": 4803,
          "documentSize": {
            "decodedBodySize": 602699,
            "encodedBodySize": 103894,
            "transferSize": 105357
          },
          "documentTitle": "ESPN: Serving sports fans. Anytime. Anywhere.",
          "documentWidth": 360,
          "domElements": 3781,
          "navigationStartTime": 1617123621817,
          "nextHopProtocol": "h2",
          "resources": {
            "count": 0,
            "duration": 0
          },
          "responsive": true,
          "url": "https://www.espn.com/",
          "visualElements": {
            "heroes": [
              {
                "filename": "r793860_2_1296x729_16-9.jpg",
                "height": 240,
                "name": "LargestImage",
                "width": 360,
                "x": 0,
                "y": 173
              },
              {
                "filename": null,
                "height": 112,
                "name": "Heading",
                "width": 324,
                "x": 16,
                "y": 425
              }
            ],
            "viewport": {
              "height": 612,
              "width": 360
            }
          }
        },
        "timings": {
          "firstPaint": 3392,
          "loadEventEnd": 7216,
          "navigationTiming": {
            "connectStart": 112,
            "domComplete": 7165,
            "domContentLoadedEventEnd": 4893,
            "domContentLoadedEventStart": 4827,
            "domInteractive": 4698,
            "domainLookupEnd": 112,
            "domainLookupStart": 112,
            "duration": 7216,
            "fetchStart": 3,
            "loadEventEnd": 7216,
            "loadEventStart": 7165,
            "redirectEnd": 0,
            "redirectStart": 0,
            "requestStart": 196,
            "responseEnd": 1069,
            "responseStart": 1069,
            "secureConnectionStart": 124,
            "startTime": 0,
            "unloadEventEnd": 0,
            "unloadEventStart": 0,
            "workerStart": 0
          },
          "pageTimings": {
            "backEndTime": 1069,
            "domContentLoadedTime": 4827,
            "domInteractiveTime": 4698,
            "domainLookupTime": 0,
            "frontEndTime": 6095,
            "pageDownloadTime": 0,
            "pageLoadTime": 7165,
            "redirectionTime": 0,
            "serverConnectionTime": 83,
            "serverResponseTime": 873
          },
          "rumSpeedIndex": 1069,
          "timeToContentfulPaint": 3617,
          "timeToDomContentFlushed": 4699,
          "userTimings": {
            "marks": [
              {
                "name": "gpt-tag-load",
                "startTime": 6170.28
              }
            ],
            "measures": []
          }
        }
      }
    ],
    "visualMetrics": [],
    "cpu": [],
    "extras": [
      {},
      {},
      {}
    ],
    "fullyLoaded": [],
    "errors": [
      [],
      [],
      []
    ],
    "statistics": {
      "browser": {
        "appConstants": {
          "MOZ_UNSIGNED_SCOPES": {
            "median": 0,
            "mean": 0,
            "mdev": 0,
            "stddev": 0,
            "min": 0,
            "p10": 0,
            "p90": 0,
            "p99": 0,
            "max": 0
          },
          "TELEMETRY_PING_FORMAT_VERSION": {
            "median": 4,
            "mean": 4,
            "mdev": 0,
            "stddev": 0,
            "min": 4,
            "p10": 4,
            "p90": 4,
            "p99": 4,
            "max": 4
          }
        },
        "asyncAppConstants": {
          "MOZ_UNSIGNED_SCOPES": {
            "median": 0,
            "mean": 0,
            "mdev": 0,
            "stddev": 0,
            "min": 0,
            "p10": 0,
            "p90": 0,
            "p99": 0,
            "max": 0
          },
          "TELEMETRY_PING_FORMAT_VERSION": {
            "median": 4,
            "mean": 4,
            "mdev": 0,
            "stddev": 0,
            "min": 4,
            "p10": 4,
            "p90": 4,
            "p99": 4,
            "max": 4
          }
        }
      },
      "pageinfo": {
        "documentHeight": {
          "median": 4803,
          "mean": 4803,
          "mdev": 0,
          "stddev": 0,
          "min": 4803,
          "p10": 4803,
          "p90": 4803,
          "p99": 4803,
          "max": 4803
        },
        "documentSize": {
          "decodedBodySize": {
            "median": 604898,
            "mean": 604284,
            "mdev": 652.5218,
            "stddev": 1130,
            "min": 602699,
            "p10": 602699,
            "p90": 605255,
            "p99": 605255,
            "max": 605255
          },
          "encodedBodySize": {
            "median": 103894,
            "mean": 103900,
            "mdev": 29.1064,
            "stddev": 50,
            "min": 103842,
            "p10": 103842,
            "p90": 103965,
            "p99": 103965,
            "max": 103965
          },
          "transferSize": {
            "median": 105357,
            "mean": 105363,
            "mdev": 29.1064,
            "stddev": 50,
            "min": 105305,
            "p10": 105305,
            "p90": 105428,
            "p99": 105428,
            "max": 105428
          }
        },
        "documentWidth": {
          "median": 360,
          "mean": 360,
          "mdev": 0,
          "stddev": 0,
          "min": 360,
          "p10": 360,
          "p90": 360,
          "p99": 360,
          "max": 360
        },
        "domElements": {
          "median": 3781,
          "mean": 3781,
          "mdev": 0,
          "stddev": 0,
          "min": 3781,
          "p10": 3781,
          "p90": 3781,
          "p99": 3781,
          "max": 3781
        },
        "navigationStartTime": {
          "median": 1617123600089,
          "mean": 1617123599849,
          "mdev": 0,
          "stddev": 0,
          "min": 1617123577640,
          "p10": 1617123577640,
          "p90": 1617123621817,
          "p99": 1617123621817,
          "max": 1617123621817
        },
        "resources": {
          "count": {
            "median": 0,
            "mean": 0,
            "mdev": 0,
            "stddev": 0,
            "min": 0,
            "p10": 0,
            "p90": 0,
            "p99": 0,
            "max": 0
          },
          "duration": {
            "median": 0,
            "mean": 0,
            "mdev": 0,
            "stddev": 0,
            "min": 0,
            "p10": 0,
            "p90": 0,
            "p99": 0,
            "max": 0
          }
        },
        "visualElements": {
          "heroes": [
            {
              "height": {
                "median": 240,
                "mean": 240,
                "mdev": 0,
                "stddev": 0,
                "min": 240,
                "p10": 240,
                "p90": 240,
                "p99": 240,
                "max": 240
              },
              "width": {
                "median": 360,
                "mean": 360,
                "mdev": 0,
                "stddev": 0,
                "min": 360,
                "p10": 360,
                "p90": 360,
                "p99": 360,
                "max": 360
              },
              "x": {
                "median": 0,
                "mean": 0,
                "mdev": 0,
                "stddev": 0,
                "min": 0,
                "p10": 0,
                "p90": 0,
                "p99": 0,
                "max": 0
              },
              "y": {
                "median": 173,
                "mean": 173,
                "mdev": 0,
                "stddev": 0,
                "min": 173,
                "p10": 173,
                "p90": 173,
                "p99": 173,
                "max": 173
              }
            },
            {
              "height": {
                "median": 112,
                "mean": 112,
                "mdev": 0,
                "stddev": 0,
                "min": 112,
                "p10": 112,
                "p90": 112,
                "p99": 112,
                "max": 112
              },
              "width": {
                "median": 324,
                "mean": 324,
                "mdev": 0,
                "stddev": 0,
                "min": 324,
                "p10": 324,
                "p90": 324,
                "p99": 324,
                "max": 324
              },
              "x": {
                "median": 16,
                "mean": 16,
                "mdev": 0,
                "stddev": 0,
                "min": 16,
                "p10": 16,
                "p90": 16,
                "p99": 16,
                "max": 16
              },
              "y": {
                "median": 425,
                "mean": 425,
                "mdev": 0,
                "stddev": 0,
                "min": 425,
                "p10": 425,
                "p90": 425,
                "p99": 425,
                "max": 425
              }
            }
          ],
          "viewport": {
            "height": {
              "median": 612,
              "mean": 612,
              "mdev": 0,
              "stddev": 0,
              "min": 612,
              "p10": 612,
              "p90": 612,
              "p99": 612,
              "max": 612
            },
            "width": {
              "median": 360,
              "mean": 360,
              "mdev": 0,
              "stddev": 0,
              "min": 360,
              "p10": 360,
              "p90": 360,
              "p99": 360,
              "max": 360
            }
          }
        }
      },
      "timings": {
        "firstPaint": {
          "median": 3392,
          "mean": 3272,
          "mdev": 137.5309,
          "stddev": 238,
          "min": 2939,
          "p10": 2939,
          "p90": 3484,
          "p99": 3484,
          "max": 3484
        },
        "loadEventEnd": {
          "median": 6852,
          "mean": 6836,
          "mdev": 183.262,
          "stddev": 317,
          "min": 6439,
          "p10": 6439,
          "p90": 7216,
          "p99": 7216,
          "max": 7216
        },
        "navigationTiming": {
          "connectStart": {
            "median": 96,
            "mean": 101,
            "mdev": 4.4969,
            "stddev": 8,
            "min": 95,
            "p10": 95,
            "p90": 112,
            "p99": 112,
            "max": 112
          },
          "domComplete": {
            "median": 6802,
            "mean": 6792,
            "mdev": 178.2377,
            "stddev": 309,
            "min": 6409,
            "p10": 6409,
            "p90": 7165,
            "p99": 7165,
            "max": 7165
          },
          "domContentLoadedEventEnd": {
            "median": 4893,
            "mean": 4750,
            "mdev": 131.1567,
            "stddev": 227,
            "min": 4429,
            "p10": 4429,
            "p90": 4927,
            "p99": 4927,
            "max": 4927
          },
          "domContentLoadedEventStart": {
            "median": 4827,
            "mean": 4677,
            "mdev": 130.5802,
            "stddev": 226,
            "min": 4357,
            "p10": 4357,
            "p90": 4846,
            "p99": 4846,
            "max": 4846
          },
          "domInteractive": {
            "median": 4698,
            "mean": 4587,
            "mdev": 146.2193,
            "stddev": 253,
            "min": 4237,
            "p10": 4237,
            "p90": 4827,
            "p99": 4827,
            "max": 4827
          },
          "domainLookupEnd": {
            "median": 95,
            "mean": 101,
            "mdev": 4.6268,
            "stddev": 8,
            "min": 95,
            "p10": 95,
            "p90": 112,
            "p99": 112,
            "max": 112
          },
          "domainLookupStart": {
            "median": 95,
            "mean": 101,
            "mdev": 4.6268,
            "stddev": 8,
            "min": 95,
            "p10": 95,
            "p90": 112,
            "p99": 112,
            "max": 112
          },
          "duration": {
            "median": 6852,
            "mean": 6836,
            "mdev": 183.262,
            "stddev": 317,
            "min": 6439,
            "p10": 6439,
            "p90": 7216,
            "p99": 7216,
            "max": 7216
          },
          "fetchStart": {
            "median": 3,
            "mean": 3,
            "mdev": 0.2722,
            "stddev": 0,
            "min": 2,
            "p10": 2,
            "p90": 3,
            "p99": 3,
            "max": 3
          },
          "loadEventEnd": {
            "median": 6852,
            "mean": 6836,
            "mdev": 183.262,
            "stddev": 317,
            "min": 6439,
            "p10": 6439,
            "p90": 7216,
            "p99": 7216,
            "max": 7216
          },
          "loadEventStart": {
            "median": 6802,
            "mean": 6792,
            "mdev": 178.2377,
            "stddev": 309,
            "min": 6409,
            "p10": 6409,
            "p90": 7165,
            "p99": 7165,
            "max": 7165
          },
          "redirectEnd": {
            "median": 0,
            "mean": 0,
            "mdev": 0,
            "stddev": 0,
            "min": 0,
            "p10": 0,
            "p90": 0,
            "p99": 0,
            "max": 0
          },
          "redirectStart": {
            "median": 0,
            "mean": 0,
            "mdev": 0,
            "stddev": 0,
            "min": 0,
            "p10": 0,
            "p90": 0,
            "p99": 0,
            "max": 0
          },
          "requestStart": {
            "median": 196,
            "mean": 195,
            "mdev": 6.6053,
            "stddev": 11,
            "min": 181,
            "p10": 181,
            "p90": 209,
            "p99": 209,
            "max": 209
          },
          "responseEnd": {
            "median": 1047,
            "mean": 978,
            "mdev": 65.2539,
            "stddev": 113,
            "min": 819,
            "p10": 819,
            "p90": 1069,
            "p99": 1069,
            "max": 1069
          },
          "responseStart": {
            "median": 1047,
            "mean": 978,
            "mdev": 65.2539,
            "stddev": 113,
            "min": 819,
            "p10": 819,
            "p90": 1069,
            "p99": 1069,
            "max": 1069
          },
          "secureConnectionStart": {
            "median": 107,
            "mean": 113,
            "mdev": 4.6268,
            "stddev": 8,
            "min": 107,
            "p10": 107,
            "p90": 124,
            "p99": 124,
            "max": 124
          },
          "startTime": {
            "median": 0,
            "mean": 0,
            "mdev": 0,
            "stddev": 0,
            "min": 0,
            "p10": 0,
            "p90": 0,
            "p99": 0,
            "max": 0
          },
          "unloadEventEnd": {
            "median": 0,
            "mean": 0,
            "mdev": 0,
            "stddev": 0,
            "min": 0,
            "p10": 0,
            "p90": 0,
            "p99": 0,
            "max": 0
          },
          "unloadEventStart": {
            "median": 0,
            "mean": 0,
            "mdev": 0,
            "stddev": 0,
            "min": 0,
            "p10": 0,
            "p90": 0,
            "p99": 0,
            "max": 0
          },
          "workerStart": {
            "median": 0,
            "mean": 0,
            "mdev": 0,
            "stddev": 0,
            "min": 0,
            "p10": 0,
            "p90": 0,
            "p99": 0,
            "max": 0
          }
        },
        "pageTimings": {
          "backEndTime": {
            "median": 1047,
            "mean": 978,
            "mdev": 65.2539,
            "stddev": 113,
            "min": 819,
            "p10": 819,
            "p90": 1069,
            "p99": 1069,
            "max": 1069
          },
          "domContentLoadedTime": {
            "median": 4827,
            "mean": 4677,
            "mdev": 130.5802,
            "stddev": 226,
            "min": 4357,
            "p10": 4357,
            "p90": 4846,
            "p99": 4846,
            "max": 4846
          },
          "domInteractiveTime": {
            "median": 4698,
            "mean": 4587,
            "mdev": 146.2193,
            "stddev": 253,
            "min": 4237,
            "p10": 4237,
            "p90": 4827,
            "p99": 4827,
            "max": 4827
          },
          "domainLookupTime": {
            "median": 0,
            "mean": 0,
            "mdev": 0,
            "stddev": 0,
            "min": 0,
            "p10": 0,
            "p90": 0,
            "p99": 0,
            "max": 0
          },
          "frontEndTime": {
            "median": 5755,
            "mean": 5813,
            "mdev": 121.3886,
            "stddev": 210,
            "min": 5590,
            "p10": 5590,
            "p90": 6095,
            "p99": 6095,
            "max": 6095
          },
          "pageDownloadTime": {
            "median": 0,
            "mean": 0,
            "mdev": 0,
            "stddev": 0,
            "min": 0,
            "p10": 0,
            "p90": 0,
            "p99": 0,
            "max": 0
          },
          "pageLoadTime": {
            "median": 6802,
            "mean": 6792,
            "mdev": 178.2377,
            "stddev": 309,
            "min": 6409,
            "p10": 6409,
            "p90": 7165,
            "p99": 7165,
            "max": 7165
          },
          "redirectionTime": {
            "median": 0,
            "mean": 0,
            "mdev": 0,
            "stddev": 0,
            "min": 0,
            "p10": 0,
            "p90": 0,
            "p99": 0,
            "max": 0
          },
          "serverConnectionTime": {
            "median": 85,
            "mean": 93,
            "mdev": 7.6352,
            "stddev": 13,
            "min": 83,
            "p10": 83,
            "p90": 112,
            "p99": 112,
            "max": 112
          },
          "serverResponseTime": {
            "median": 838,
            "mean": 783,
            "mdev": 59.7681,
            "stddev": 104,
            "min": 638,
            "p10": 638,
            "p90": 873,
            "p99": 873,
            "max": 873
          }
        },
        "rumSpeedIndex": {
          "median": 1046,
          "mean": 978,
          "mdev": 65.1375,
          "stddev": 113,
          "min": 819,
          "p10": 819,
          "p90": 1069,
          "p99": 1069,
          "max": 1069
        },
        "timeToContentfulPaint": {
          "median": 3617,
          "mean": 3494,
          "mdev": 137.4845,
          "stddev": 238,
          "min": 3161,
          "p10": 3161,
          "p90": 3704,
          "p99": 3704,
          "max": 3704
        },
        "timeToDomContentFlushed": {
          "median": 4699,
          "mean": 4588,
          "mdev": 146.2193,
          "stddev": 253,
          "min": 4238,
          "p10": 4238,
          "p90": 4828,
          "p99": 4828,
          "max": 4828
        },
        "userTimings": {
          "marks": {
            "gpt-tag-load": {
              "median": 5959,
              "mean": 5932,
              "mdev": 119.0443,
              "stddev": 206,
              "min": 5667,
              "p10": 5667,
              "p90": 6170,
              "p99": 6170,
              "max": 6170
            }
          }
        }
      }
    }
  }
]