[
  {
    "info": {
      "browsertime": {
        "version": "8.4.0"
      },
      "url": "https://www.sindonews.com/",
      "timestamp": "2021-03-30T09:17:47+04:00",
      "connectivity": {
        "engine": "external",
        "profile": "native"
      },
      "extra": {}
    },
    "files": {
      "video": [],
      "screenshot": [],
      "timeline": [],
      "consoleLog": [],
      "netLog": [],
      "perfLog": []
    },
    "cdp": {
      "performance": []
    },
    "timestamps": [
      "2021-03-30T09:15:43+04:00",
      "2021-03-30T09:18:03+04:00",
      "2021-03-30T09:20:38+04:00"
    ],
    "browserScripts": [
      {},
      {}
    ],
    "visualMetrics": [],
    "cpu": [],
    "extras": [
      {},
      {},
      {}
    ],
    "fullyLoaded": [],
    "errors": [
      [
        "UrlLoadError",
        "Failed to load https://www.sindonews.com/"
      ],
      [],
      []
    ],
    "statistics": {}
  },
  {
    "info": {
      "browsertime": {
        "version": "8.4.0"
      },
      "url": "https://google.com",
      "timestamp": "2021-03-30T09:20:21+04:00",
      "connectivity": {
        "engine": "external",
        "profile": "native"
      },
      "extra": {}
    },
    "files": {
      "video": [],
      "screenshot": [],
      "timeline": [],
      "consoleLog": [],
      "netLog": [],
      "perfLog": []
    },
    "cdp": {
      "performance": []
    },
    "timestamps": [
      "2021-03-30T09:20:21+04:00",
      "2021-03-30T09:23:09+04:00"
    ],
    "browserScripts": [],
    "visualMetrics": [],
    "cpu": [],
    "extras": [
      {},
      {}
    ],
    "fullyLoaded": [],
    "errors": [
      [
        "NoSuchSessionError",
        "Tried to run command without establishing a connection"
      ],
      [
        "NoSuchSessionError",
        "Tried to run command without establishing a connection"
      ]
    ],
    "statistics": {}
  }
]