[
  {
    "info": {
      "browsertime": {
        "version": "8.4.0"
      },
      "url": "https://www.spotify.com/",
      "timestamp": "2021-03-30T06:46:06+04:00",
      "connectivity": {
        "engine": "external",
        "profile": "native"
      },
      "extra": {}
    },
    "files": {
      "video": [],
      "screenshot": [],
      "timeline": [],
      "consoleLog": [],
      "netLog": [],
      "perfLog": []
    },
    "cdp": {
      "performance": []
    },
    "timestamps": [
      "2021-03-30T06:45:54+04:00",
      "2021-03-30T06:46:17+04:00",
      "2021-03-30T06:46:42+04:00"
    ],
    "browserScripts": [
      {
        "browser": {
          "appConstants": {
            "ACCESSIBILITY": true,
            "ANDROID_PACKAGE_NAME": "org.mozilla.firefox",
            "ASAN": false,
            "ASAN_REPORTER": false,
            "BROWSER_CHROME_URL": "chrome://browser/content/browser.xul",
            "DEBUG": false,
            "DEBUG_JS_MODULES": "",
            "DLL_PREFIX": "lib",
            "DLL_SUFFIX": ".so",
            "EARLY_BETA_OR_EARLIER": false,
            "FENNEC_NIGHTLY": false,
            "HAVE_SHELL_SERVICE": false,
            "HAVE_USR_LIB64_DIR": false,
            "MENUBAR_CAN_AUTOHIDE": false,
            "MOZILLA_OFFICIAL": true,
            "MOZ_ALLOW_LEGACY_EXTENSIONS": false,
            "MOZ_ANDROID_ACTIVITY_STREAM": false,
            "MOZ_ANDROID_HISTORY": true,
            "MOZ_ANDROID_MOZILLA_ONLINE": false,
            "MOZ_APP_NAME": "fennec",
            "MOZ_APP_VERSION": "68.1.1",
            "MOZ_APP_VERSION_DISPLAY": "68.1.1",
            "MOZ_BING_API_CLIENTID": "no-bing-api-clientid",
            "MOZ_BING_API_KEY": "no-bing-api-key",
            "MOZ_BITS_DOWNLOAD": false,
            "MOZ_BUILD_APP": "mobile/android",
            "MOZ_CODE_COVERAGE": false,
            "MOZ_CRASHREPORTER": true,
            "MOZ_DATA_REPORTING": true,
            "MOZ_DEV_EDITION": false,
            "MOZ_GECKO_PROFILER": true,
            "MOZ_GOOGLE_LOCATION_SERVICE_API_KEY": "AIzaSyB2h2OuRcUgy5N-5hsZqiPW6sH3n_rptiQ",
            "MOZ_GOOGLE_SAFEBROWSING_API_KEY": "AIzaSyC7jsptDS3am4tPx4r3nxis7IMjBc5Dovo",
            "MOZ_GRAPHENE": false,
            "MOZ_MACBUNDLE_NAME": "Firefox.app",
            "MOZ_MAINTENANCE_SERVICE": false,
            "MOZ_MOZILLA_API_KEY": "3b4d27dd-703d-4094-8398-4de2c763505a",
            "MOZ_NEW_CERT_STORAGE": false,
            "MOZ_NEW_NOTIFICATION_STORE": false,
            "MOZ_NEW_XULSTORE": false,
            "MOZ_OFFICIAL_BRANDING": false,
            "MOZ_PLACES": false,
            "MOZ_REQUIRE_SIGNING": false,
            "MOZ_SANDBOX": false,
            "MOZ_SERVICES_HEALTHREPORT": true,
            "MOZ_SERVICES_SYNC": false,
            "MOZ_SWITCHBOARD": true,
            "MOZ_SYSTEM_NSS": false,
            "MOZ_TELEMETRY_ON_BY_DEFAULT": false,
            "MOZ_TELEMETRY_REPORTING": true,
            "MOZ_UNSIGNED_SCOPES": 0,
            "MOZ_UPDATER": false,
            "MOZ_UPDATE_CHANNEL": "release",
            "MOZ_WEBRTC": true,
            "MOZ_WIDGET_GTK": false,
            "MOZ_WIDGET_TOOLKIT": "android",
            "NIGHTLY_BUILD": false,
            "OMNIJAR_NAME": "assets/omni.ja",
            "RELEASE_OR_BETA": true,
            "SOURCE_REVISION_URL": "https://hg.mozilla.org/releases/mozilla-esr68/rev/d2e0b9e17b9bc1ef02606c8006b73293f7892ad5",
            "TELEMETRY_PING_FORMAT_VERSION": 4,
            "XP_UNIX": true,
            "isPlatformAndVersionAtLeast": {},
            "isPlatformAndVersionAtMost": {},
            "platform": "android"
          },
          "asyncAppConstants": {
            "ACCESSIBILITY": true,
            "ANDROID_PACKAGE_NAME": "org.mozilla.firefox",
            "ASAN": false,
            "ASAN_REPORTER": false,
            "BROWSER_CHROME_URL": "chrome://browser/content/browser.xul",
            "DEBUG": false,
            "DEBUG_JS_MODULES": "",
            "DLL_PREFIX": "lib",
            "DLL_SUFFIX": ".so",
            "EARLY_BETA_OR_EARLIER": false,
            "FENNEC_NIGHTLY": false,
            "HAVE_SHELL_SERVICE": false,
            "HAVE_USR_LIB64_DIR": false,
            "MENUBAR_CAN_AUTOHIDE": false,
            "MOZILLA_OFFICIAL": true,
            "MOZ_ALLOW_LEGACY_EXTENSIONS": false,
            "MOZ_ANDROID_ACTIVITY_STREAM": false,
            "MOZ_ANDROID_HISTORY": true,
            "MOZ_ANDROID_MOZILLA_ONLINE": false,
            "MOZ_APP_NAME": "fennec",
            "MOZ_APP_VERSION": "68.1.1",
            "MOZ_APP_VERSION_DISPLAY": "68.1.1",
            "MOZ_BING_API_CLIENTID": "no-bing-api-clientid",
            "MOZ_BING_API_KEY": "no-bing-api-key",
            "MOZ_BITS_DOWNLOAD": false,
            "MOZ_BUILD_APP": "mobile/android",
            "MOZ_CODE_COVERAGE": false,
            "MOZ_CRASHREPORTER": true,
            "MOZ_DATA_REPORTING": true,
            "MOZ_DEV_EDITION": false,
            "MOZ_GECKO_PROFILER": true,
            "MOZ_GOOGLE_LOCATION_SERVICE_API_KEY": "AIzaSyB2h2OuRcUgy5N-5hsZqiPW6sH3n_rptiQ",
            "MOZ_GOOGLE_SAFEBROWSING_API_KEY": "AIzaSyC7jsptDS3am4tPx4r3nxis7IMjBc5Dovo",
            "MOZ_GRAPHENE": false,
            "MOZ_MACBUNDLE_NAME": "Firefox.app",
            "MOZ_MAINTENANCE_SERVICE": false,
            "MOZ_MOZILLA_API_KEY": "3b4d27dd-703d-4094-8398-4de2c763505a",
            "MOZ_NEW_CERT_STORAGE": false,
            "MOZ_NEW_NOTIFICATION_STORE": false,
            "MOZ_NEW_XULSTORE": false,
            "MOZ_OFFICIAL_BRANDING": false,
            "MOZ_PLACES": false,
            "MOZ_REQUIRE_SIGNING": false,
            "MOZ_SANDBOX": false,
            "MOZ_SERVICES_HEALTHREPORT": true,
            "MOZ_SERVICES_SYNC": false,
            "MOZ_SWITCHBOARD": true,
            "MOZ_SYSTEM_NSS": false,
            "MOZ_TELEMETRY_ON_BY_DEFAULT": false,
            "MOZ_TELEMETRY_REPORTING": true,
            "MOZ_UNSIGNED_SCOPES": 0,
            "MOZ_UPDATER": false,
            "MOZ_UPDATE_CHANNEL": "release",
            "MOZ_WEBRTC": true,
            "MOZ_WIDGET_GTK": false,
            "MOZ_WIDGET_TOOLKIT": "android",
            "NIGHTLY_BUILD": false,
            "OMNIJAR_NAME": "assets/omni.ja",
            "RELEASE_OR_BETA": true,
            "SOURCE_REVISION_URL": "https://hg.mozilla.org/releases/mozilla-esr68/rev/d2e0b9e17b9bc1ef02606c8006b73293f7892ad5",
            "TELEMETRY_PING_FORMAT_VERSION": 4,
            "XP_UNIX": true,
            "isPlatformAndVersionAtLeast": {},
            "isPlatformAndVersionAtMost": {},
            "platform": "android"
          },
          "userAgent": "Mozilla/5.0 (Android 8.1.0; Mobile; rv:68.0) Gecko/68.0 Firefox/68.0",
          "windowSize": "360x560"
        },
        "pageinfo": {
          "documentHeight": 1789,
          "documentSize": {
            "decodedBodySize": 40167,
            "encodedBodySize": 10396,
            "transferSize": 11724
          },
          "documentTitle": "Listening is everything - Spotify",
          "documentWidth": 360,
          "domElements": 357,
          "navigationStartTime": 1617072354811,
          "nextHopProtocol": "h2",
          "resources": {
            "count": 0,
            "duration": 0
          },
          "responsive": true,
          "url": "https://www.spotify.com/ae-en/",
          "visualElements": {
            "heroes": [
              {
                "filename": null,
                "height": 128,
                "name": "Heading",
                "width": 312,
                "x": 24,
                "y": 271
              }
            ],
            "viewport": {
              "height": 560,
              "width": 360
            }
          }
        },
        "timings": {
          "firstPaint": 1398,
          "loadEventEnd": 5218,
          "navigationTiming": {
            "connectStart": 521,
            "domComplete": 5212,
            "domContentLoadedEventEnd": 2025,
            "domContentLoadedEventStart": 2008,
            "domInteractive": 1883,
            "domainLookupEnd": 521,
            "domainLookupStart": 521,
            "duration": 5218,
            "fetchStart": 521,
            "loadEventEnd": 5218,
            "loadEventStart": 5212,
            "redirectEnd": 516,
            "redirectStart": 2,
            "requestStart": 545,
            "responseEnd": 695,
            "responseStart": 687,
            "secureConnectionStart": 0,
            "startTime": 0,
            "unloadEventEnd": 0,
            "unloadEventStart": 0,
            "workerStart": 0
          },
          "pageTimings": {
            "backEndTime": 687,
            "domContentLoadedTime": 2008,
            "domInteractiveTime": 1883,
            "domainLookupTime": 0,
            "frontEndTime": 4518,
            "pageDownloadTime": 8,
            "pageLoadTime": 5212,
            "redirectionTime": 514,
            "serverConnectionTime": 0,
            "serverResponseTime": 150
          },
          "rumSpeedIndex": 686,
          "timeToContentfulPaint": 2085,
          "timeToDomContentFlushed": 1966,
          "userTimings": {
            "marks": [
              {
                "name": "snaptr",
                "startTime": 8070.74
              }
            ],
            "measures": [
              {
                "duration": 2554.46,
                "name": "Next.js-before-hydration",
                "startTime": 0
              },
              {
                "duration": 415.7600000000002,
                "name": "Next.js-hydration",
                "startTime": 2554.46
              }
            ]
          }
        }
      },
      {
        "browser": {
          "appConstants": {
            "ACCESSIBILITY": true,
            "ANDROID_PACKAGE_NAME": "org.mozilla.firefox",
            "ASAN": false,
            "ASAN_REPORTER": false,
            "BROWSER_CHROME_URL": "chrome://browser/content/browser.xul",
            "DEBUG": false,
            "DEBUG_JS_MODULES": "",
            "DLL_PREFIX": "lib",
            "DLL_SUFFIX": ".so",
            "EARLY_BETA_OR_EARLIER": false,
            "FENNEC_NIGHTLY": false,
            "HAVE_SHELL_SERVICE": false,
            "HAVE_USR_LIB64_DIR": false,
            "MENUBAR_CAN_AUTOHIDE": false,
            "MOZILLA_OFFICIAL": true,
            "MOZ_ALLOW_LEGACY_EXTENSIONS": false,
            "MOZ_ANDROID_ACTIVITY_STREAM": false,
            "MOZ_ANDROID_HISTORY": true,
            "MOZ_ANDROID_MOZILLA_ONLINE": false,
            "MOZ_APP_NAME": "fennec",
            "MOZ_APP_VERSION": "68.1.1",
            "MOZ_APP_VERSION_DISPLAY": "68.1.1",
            "MOZ_BING_API_CLIENTID": "no-bing-api-clientid",
            "MOZ_BING_API_KEY": "no-bing-api-key",
            "MOZ_BITS_DOWNLOAD": false,
            "MOZ_BUILD_APP": "mobile/android",
            "MOZ_CODE_COVERAGE": false,
            "MOZ_CRASHREPORTER": true,
            "MOZ_DATA_REPORTING": true,
            "MOZ_DEV_EDITION": false,
            "MOZ_GECKO_PROFILER": true,
            "MOZ_GOOGLE_LOCATION_SERVICE_API_KEY": "AIzaSyB2h2OuRcUgy5N-5hsZqiPW6sH3n_rptiQ",
            "MOZ_GOOGLE_SAFEBROWSING_API_KEY": "AIzaSyC7jsptDS3am4tPx4r3nxis7IMjBc5Dovo",
            "MOZ_GRAPHENE": false,
            "MOZ_MACBUNDLE_NAME": "Firefox.app",
            "MOZ_MAINTENANCE_SERVICE": false,
            "MOZ_MOZILLA_API_KEY": "3b4d27dd-703d-4094-8398-4de2c763505a",
            "MOZ_NEW_CERT_STORAGE": false,
            "MOZ_NEW_NOTIFICATION_STORE": false,
            "MOZ_NEW_XULSTORE": false,
            "MOZ_OFFICIAL_BRANDING": false,
            "MOZ_PLACES": false,
            "MOZ_REQUIRE_SIGNING": false,
            "MOZ_SANDBOX": false,
            "MOZ_SERVICES_HEALTHREPORT": true,
            "MOZ_SERVICES_SYNC": false,
            "MOZ_SWITCHBOARD": true,
            "MOZ_SYSTEM_NSS": false,
            "MOZ_TELEMETRY_ON_BY_DEFAULT": false,
            "MOZ_TELEMETRY_REPORTING": true,
            "MOZ_UNSIGNED_SCOPES": 0,
            "MOZ_UPDATER": false,
            "MOZ_UPDATE_CHANNEL": "release",
            "MOZ_WEBRTC": true,
            "MOZ_WIDGET_GTK": false,
            "MOZ_WIDGET_TOOLKIT": "android",
            "NIGHTLY_BUILD": false,
            "OMNIJAR_NAME": "assets/omni.ja",
            "RELEASE_OR_BETA": true,
            "SOURCE_REVISION_URL": "https://hg.mozilla.org/releases/mozilla-esr68/rev/d2e0b9e17b9bc1ef02606c8006b73293f7892ad5",
            "TELEMETRY_PING_FORMAT_VERSION": 4,
            "XP_UNIX": true,
            "isPlatformAndVersionAtLeast": {},
            "isPlatformAndVersionAtMost": {},
            "platform": "android"
          },
          "asyncAppConstants": {
            "ACCESSIBILITY": true,
            "ANDROID_PACKAGE_NAME": "org.mozilla.firefox",
            "ASAN": false,
            "ASAN_REPORTER": false,
            "BROWSER_CHROME_URL": "chrome://browser/content/browser.xul",
            "DEBUG": false,
            "DEBUG_JS_MODULES": "",
            "DLL_PREFIX": "lib",
            "DLL_SUFFIX": ".so",
            "EARLY_BETA_OR_EARLIER": false,
            "FENNEC_NIGHTLY": false,
            "HAVE_SHELL_SERVICE": false,
            "HAVE_USR_LIB64_DIR": false,
            "MENUBAR_CAN_AUTOHIDE": false,
            "MOZILLA_OFFICIAL": true,
            "MOZ_ALLOW_LEGACY_EXTENSIONS": false,
            "MOZ_ANDROID_ACTIVITY_STREAM": false,
            "MOZ_ANDROID_HISTORY": true,
            "MOZ_ANDROID_MOZILLA_ONLINE": false,
            "MOZ_APP_NAME": "fennec",
            "MOZ_APP_VERSION": "68.1.1",
            "MOZ_APP_VERSION_DISPLAY": "68.1.1",
            "MOZ_BING_API_CLIENTID": "no-bing-api-clientid",
            "MOZ_BING_API_KEY": "no-bing-api-key",
            "MOZ_BITS_DOWNLOAD": false,
            "MOZ_BUILD_APP": "mobile/android",
            "MOZ_CODE_COVERAGE": false,
            "MOZ_CRASHREPORTER": true,
            "MOZ_DATA_REPORTING": true,
            "MOZ_DEV_EDITION": false,
            "MOZ_GECKO_PROFILER": true,
            "MOZ_GOOGLE_LOCATION_SERVICE_API_KEY": "AIzaSyB2h2OuRcUgy5N-5hsZqiPW6sH3n_rptiQ",
            "MOZ_GOOGLE_SAFEBROWSING_API_KEY": "AIzaSyC7jsptDS3am4tPx4r3nxis7IMjBc5Dovo",
            "MOZ_GRAPHENE": false,
            "MOZ_MACBUNDLE_NAME": "Firefox.app",
            "MOZ_MAINTENANCE_SERVICE": false,
            "MOZ_MOZILLA_API_KEY": "3b4d27dd-703d-4094-8398-4de2c763505a",
            "MOZ_NEW_CERT_STORAGE": false,
            "MOZ_NEW_NOTIFICATION_STORE": false,
            "MOZ_NEW_XULSTORE": false,
            "MOZ_OFFICIAL_BRANDING": false,
            "MOZ_PLACES": false,
            "MOZ_REQUIRE_SIGNING": false,
            "MOZ_SANDBOX": false,
            "MOZ_SERVICES_HEALTHREPORT": true,
            "MOZ_SERVICES_SYNC": false,
            "MOZ_SWITCHBOARD": true,
            "MOZ_SYSTEM_NSS": false,
            "MOZ_TELEMETRY_ON_BY_DEFAULT": false,
            "MOZ_TELEMETRY_REPORTING": true,
            "MOZ_UNSIGNED_SCOPES": 0,
            "MOZ_UPDATER": false,
            "MOZ_UPDATE_CHANNEL": "release",
            "MOZ_WEBRTC": true,
            "MOZ_WIDGET_GTK": false,
            "MOZ_WIDGET_TOOLKIT": "android",
            "NIGHTLY_BUILD": false,
            "OMNIJAR_NAME": "assets/omni.ja",
            "RELEASE_OR_BETA": true,
            "SOURCE_REVISION_URL": "https://hg.mozilla.org/releases/mozilla-esr68/rev/d2e0b9e17b9bc1ef02606c8006b73293f7892ad5",
            "TELEMETRY_PING_FORMAT_VERSION": 4,
            "XP_UNIX": true,
            "isPlatformAndVersionAtLeast": {},
            "isPlatformAndVersionAtMost": {},
            "platform": "android"
          },
          "userAgent": "Mozilla/5.0 (Android 8.1.0; Mobile; rv:68.0) Gecko/68.0 Firefox/68.0",
          "windowSize": "360x560"
        },
        "pageinfo": {
          "documentHeight": 2004,
          "documentSize": {
            "decodedBodySize": 40167,
            "encodedBodySize": 10396,
            "transferSize": 11724
          },
          "documentTitle": "Listening is everything - Spotify",
          "documentWidth": 360,
          "domElements": 361,
          "navigationStartTime": 1617072378275,
          "nextHopProtocol": "h2",
          "resources": {
            "count": 0,
            "duration": 0
          },
          "responsive": true,
          "url": "https://www.spotify.com/ae-en/",
          "visualElements": {
            "heroes": [
              {
                "filename": null,
                "height": 128,
                "name": "Heading",
                "width": 312,
                "x": 24,
                "y": 271
              }
            ],
            "viewport": {
              "height": 560,
              "width": 360
            }
          }
        },
        "timings": {
          "firstPaint": 1084,
          "loadEventEnd": 6392,
          "navigationTiming": {
            "connectStart": 257,
            "domComplete": 6389,
            "domContentLoadedEventEnd": 1692,
            "domContentLoadedEventStart": 1676,
            "domInteractive": 1574,
            "domainLookupEnd": 257,
            "domainLookupStart": 257,
            "duration": 6392,
            "fetchStart": 257,
            "loadEventEnd": 6392,
            "loadEventStart": 6390,
            "redirectEnd": 253,
            "redirectStart": 3,
            "requestStart": 280,
            "responseEnd": 415,
            "responseStart": 411,
            "secureConnectionStart": 0,
            "startTime": 0,
            "unloadEventEnd": 0,
            "unloadEventStart": 0,
            "workerStart": 0
          },
          "pageTimings": {
            "backEndTime": 411,
            "domContentLoadedTime": 1676,
            "domInteractiveTime": 1574,
            "domainLookupTime": 0,
            "frontEndTime": 5974,
            "pageDownloadTime": 5,
            "pageLoadTime": 6390,
            "redirectionTime": 250,
            "serverConnectionTime": 0,
            "serverResponseTime": 135
          },
          "rumSpeedIndex": 410,
          "timeToContentfulPaint": 1744,
          "timeToDomContentFlushed": 1643,
          "userTimings": {
            "marks": [
              {
                "name": "snaptr",
                "startTime": 9439.94
              }
            ],
            "measures": [
              {
                "duration": 2167.4,
                "name": "Next.js-before-hydration",
                "startTime": 0
              },
              {
                "duration": 374.9200000000001,
                "name": "Next.js-hydration",
                "startTime": 2167.4
              }
            ]
          }
        }
      },
      {
        "browser": {
          "appConstants": {
            "ACCESSIBILITY": true,
            "ANDROID_PACKAGE_NAME": "org.mozilla.firefox",
            "ASAN": false,
            "ASAN_REPORTER": false,
            "BROWSER_CHROME_URL": "chrome://browser/content/browser.xul",
            "DEBUG": false,
            "DEBUG_JS_MODULES": "",
            "DLL_PREFIX": "lib",
            "DLL_SUFFIX": ".so",
            "EARLY_BETA_OR_EARLIER": false,
            "FENNEC_NIGHTLY": false,
            "HAVE_SHELL_SERVICE": false,
            "HAVE_USR_LIB64_DIR": false,
            "MENUBAR_CAN_AUTOHIDE": false,
            "MOZILLA_OFFICIAL": true,
            "MOZ_ALLOW_LEGACY_EXTENSIONS": false,
            "MOZ_ANDROID_ACTIVITY_STREAM": false,
            "MOZ_ANDROID_HISTORY": true,
            "MOZ_ANDROID_MOZILLA_ONLINE": false,
            "MOZ_APP_NAME": "fennec",
            "MOZ_APP_VERSION": "68.1.1",
            "MOZ_APP_VERSION_DISPLAY": "68.1.1",
            "MOZ_BING_API_CLIENTID": "no-bing-api-clientid",
            "MOZ_BING_API_KEY": "no-bing-api-key",
            "MOZ_BITS_DOWNLOAD": false,
            "MOZ_BUILD_APP": "mobile/android",
            "MOZ_CODE_COVERAGE": false,
            "MOZ_CRASHREPORTER": true,
            "MOZ_DATA_REPORTING": true,
            "MOZ_DEV_EDITION": false,
            "MOZ_GECKO_PROFILER": true,
            "MOZ_GOOGLE_LOCATION_SERVICE_API_KEY": "AIzaSyB2h2OuRcUgy5N-5hsZqiPW6sH3n_rptiQ",
            "MOZ_GOOGLE_SAFEBROWSING_API_KEY": "AIzaSyC7jsptDS3am4tPx4r3nxis7IMjBc5Dovo",
            "MOZ_GRAPHENE": false,
            "MOZ_MACBUNDLE_NAME": "Firefox.app",
            "MOZ_MAINTENANCE_SERVICE": false,
            "MOZ_MOZILLA_API_KEY": "3b4d27dd-703d-4094-8398-4de2c763505a",
            "MOZ_NEW_CERT_STORAGE": false,
            "MOZ_NEW_NOTIFICATION_STORE": false,
            "MOZ_NEW_XULSTORE": false,
            "MOZ_OFFICIAL_BRANDING": false,
            "MOZ_PLACES": false,
            "MOZ_REQUIRE_SIGNING": false,
            "MOZ_SANDBOX": false,
            "MOZ_SERVICES_HEALTHREPORT": true,
            "MOZ_SERVICES_SYNC": false,
            "MOZ_SWITCHBOARD": true,
            "MOZ_SYSTEM_NSS": false,
            "MOZ_TELEMETRY_ON_BY_DEFAULT": false,
            "MOZ_TELEMETRY_REPORTING": true,
            "MOZ_UNSIGNED_SCOPES": 0,
            "MOZ_UPDATER": false,
            "MOZ_UPDATE_CHANNEL": "release",
            "MOZ_WEBRTC": true,
            "MOZ_WIDGET_GTK": false,
            "MOZ_WIDGET_TOOLKIT": "android",
            "NIGHTLY_BUILD": false,
            "OMNIJAR_NAME": "assets/omni.ja",
            "RELEASE_OR_BETA": true,
            "SOURCE_REVISION_URL": "https://hg.mozilla.org/releases/mozilla-esr68/rev/d2e0b9e17b9bc1ef02606c8006b73293f7892ad5",
            "TELEMETRY_PING_FORMAT_VERSION": 4,
            "XP_UNIX": true,
            "isPlatformAndVersionAtLeast": {},
            "isPlatformAndVersionAtMost": {},
            "platform": "android"
          },
          "asyncAppConstants": {
            "ACCESSIBILITY": true,
            "ANDROID_PACKAGE_NAME": "org.mozilla.firefox",
            "ASAN": false,
            "ASAN_REPORTER": false,
            "BROWSER_CHROME_URL": "chrome://browser/content/browser.xul",
            "DEBUG": false,
            "DEBUG_JS_MODULES": "",
            "DLL_PREFIX": "lib",
            "DLL_SUFFIX": ".so",
            "EARLY_BETA_OR_EARLIER": false,
            "FENNEC_NIGHTLY": false,
            "HAVE_SHELL_SERVICE": false,
            "HAVE_USR_LIB64_DIR": false,
            "MENUBAR_CAN_AUTOHIDE": false,
            "MOZILLA_OFFICIAL": true,
            "MOZ_ALLOW_LEGACY_EXTENSIONS": false,
            "MOZ_ANDROID_ACTIVITY_STREAM": false,
            "MOZ_ANDROID_HISTORY": true,
            "MOZ_ANDROID_MOZILLA_ONLINE": false,
            "MOZ_APP_NAME": "fennec",
            "MOZ_APP_VERSION": "68.1.1",
            "MOZ_APP_VERSION_DISPLAY": "68.1.1",
            "MOZ_BING_API_CLIENTID": "no-bing-api-clientid",
            "MOZ_BING_API_KEY": "no-bing-api-key",
            "MOZ_BITS_DOWNLOAD": false,
            "MOZ_BUILD_APP": "mobile/android",
            "MOZ_CODE_COVERAGE": false,
            "MOZ_CRASHREPORTER": true,
            "MOZ_DATA_REPORTING": true,
            "MOZ_DEV_EDITION": false,
            "MOZ_GECKO_PROFILER": true,
            "MOZ_GOOGLE_LOCATION_SERVICE_API_KEY": "AIzaSyB2h2OuRcUgy5N-5hsZqiPW6sH3n_rptiQ",
            "MOZ_GOOGLE_SAFEBROWSING_API_KEY": "AIzaSyC7jsptDS3am4tPx4r3nxis7IMjBc5Dovo",
            "MOZ_GRAPHENE": false,
            "MOZ_MACBUNDLE_NAME": "Firefox.app",
            "MOZ_MAINTENANCE_SERVICE": false,
            "MOZ_MOZILLA_API_KEY": "3b4d27dd-703d-4094-8398-4de2c763505a",
            "MOZ_NEW_CERT_STORAGE": false,
            "MOZ_NEW_NOTIFICATION_STORE": false,
            "MOZ_NEW_XULSTORE": false,
            "MOZ_OFFICIAL_BRANDING": false,
            "MOZ_PLACES": false,
            "MOZ_REQUIRE_SIGNING": false,
            "MOZ_SANDBOX": false,
            "MOZ_SERVICES_HEALTHREPORT": true,
            "MOZ_SERVICES_SYNC": false,
            "MOZ_SWITCHBOARD": true,
            "MOZ_SYSTEM_NSS": false,
            "MOZ_TELEMETRY_ON_BY_DEFAULT": false,
            "MOZ_TELEMETRY_REPORTING": true,
            "MOZ_UNSIGNED_SCOPES": 0,
            "MOZ_UPDATER": false,
            "MOZ_UPDATE_CHANNEL": "release",
            "MOZ_WEBRTC": true,
            "MOZ_WIDGET_GTK": false,
            "MOZ_WIDGET_TOOLKIT": "android",
            "NIGHTLY_BUILD": false,
            "OMNIJAR_NAME": "assets/omni.ja",
            "RELEASE_OR_BETA": true,
            "SOURCE_REVISION_URL": "https://hg.mozilla.org/releases/mozilla-esr68/rev/d2e0b9e17b9bc1ef02606c8006b73293f7892ad5",
            "TELEMETRY_PING_FORMAT_VERSION": 4,
            "XP_UNIX": true,
            "isPlatformAndVersionAtLeast": {},
            "isPlatformAndVersionAtMost": {},
            "platform": "android"
          },
          "userAgent": "Mozilla/5.0 (Android 8.1.0; Mobile; rv:68.0) Gecko/68.0 Firefox/68.0",
          "windowSize": "360x560"
        },
        "pageinfo": {
          "documentHeight": 1789,
          "documentSize": {
            "decodedBodySize": 40167,
            "encodedBodySize": 10397,
            "transferSize": 11725
          },
          "documentTitle": "Listening is everything - Spotify",
          "documentWidth": 360,
          "domElements": 357,
          "navigationStartTime": 1617072404224,
          "nextHopProtocol": "h2",
          "resources": {
            "count": 0,
            "duration": 0
          },
          "responsive": true,
          "url": "https://www.spotify.com/ae-en/",
          "visualElements": {
            "heroes": [
              {
                "filename": null,
                "height": 128,
                "name": "Heading",
                "width": 312,
                "x": 24,
                "y": 271
              }
            ],
            "viewport": {
              "height": 560,
              "width": 360
            }
          }
        },
        "timings": {
          "firstPaint": 1126,
          "loadEventEnd": 5116,
          "navigationTiming": {
            "connectStart": 258,
            "domComplete": 5113,
            "domContentLoadedEventEnd": 1727,
            "domContentLoadedEventStart": 1709,
            "domInteractive": 1607,
            "domainLookupEnd": 258,
            "domainLookupStart": 258,
            "duration": 5116,
            "fetchStart": 258,
            "loadEventEnd": 5116,
            "loadEventStart": 5113,
            "redirectEnd": 254,
            "redirectStart": 3,
            "requestStart": 280,
            "responseEnd": 469,
            "responseStart": 464,
            "secureConnectionStart": 0,
            "startTime": 0,
            "unloadEventEnd": 0,
            "unloadEventStart": 0,
            "workerStart": 0
          },
          "pageTimings": {
            "backEndTime": 464,
            "domContentLoadedTime": 1709,
            "domInteractiveTime": 1607,
            "domainLookupTime": 0,
            "frontEndTime": 4644,
            "pageDownloadTime": 5,
            "pageLoadTime": 5113,
            "redirectionTime": 251,
            "serverConnectionTime": 0,
            "serverResponseTime": 189
          },
          "rumSpeedIndex": 463,
          "timeToContentfulPaint": 1780,
          "timeToDomContentFlushed": 1678,
          "userTimings": {
            "marks": [
              {
                "name": "snaptr",
                "startTime": 7895.38
              }
            ],
            "measures": [
              {
                "duration": 2225.4,
                "name": "Next.js-before-hydration",
                "startTime": 0
              },
              {
                "duration": 403.3800000000001,
                "name": "Next.js-hydration",
                "startTime": 2225.4
              }
            ]
          }
        }
      }
    ],
    "visualMetrics": [],
    "cpu": [],
    "extras": [
      {},
      {},
      {}
    ],
    "fullyLoaded": [],
    "errors": [
      [],
      [],
      []
    ],
    "statistics": {
      "browser": {
        "appConstants": {
          "MOZ_UNSIGNED_SCOPES": {
            "median": 0,
            "mean": 0,
            "mdev": 0,
            "stddev": 0,
            "min": 0,
            "p10": 0,
            "p90": 0,
            "p99": 0,
            "max": 0
          },
          "TELEMETRY_PING_FORMAT_VERSION": {
            "median": 4,
            "mean": 4,
            "mdev": 0,
            "stddev": 0,
            "min": 4,
            "p10": 4,
            "p90": 4,
            "p99": 4,
            "max": 4
          }
        },
        "asyncAppConstants": {
          "MOZ_UNSIGNED_SCOPES": {
            "median": 0,
            "mean": 0,
            "mdev": 0,
            "stddev": 0,
            "min": 0,
            "p10": 0,
            "p90": 0,
            "p99": 0,
            "max": 0
          },
          "TELEMETRY_PING_FORMAT_VERSION": {
            "median": 4,
            "mean": 4,
            "mdev": 0,
            "stddev": 0,
            "min": 4,
            "p10": 4,
            "p90": 4,
            "p99": 4,
            "max": 4
          }
        }
      },
      "pageinfo": {
        "documentHeight": {
          "median": 1789,
          "mean": 1861,
          "mdev": 58.5156,
          "stddev": 101,
          "min": 1789,
          "p10": 1789,
          "p90": 2004,
          "p99": 2004,
          "max": 2004
        },
        "documentSize": {
          "decodedBodySize": {
            "median": 40167,
            "mean": 40167,
            "mdev": 0,
            "stddev": 0,
            "min": 40167,
            "p10": 40167,
            "p90": 40167,
            "p99": 40167,
            "max": 40167
          },
          "encodedBodySize": {
            "median": 10396,
            "mean": 10396,
            "mdev": 0.2722,
            "stddev": 0,
            "min": 10396,
            "p10": 10396,
            "p90": 10397,
            "p99": 10397,
            "max": 10397
          },
          "transferSize": {
            "median": 11724,
            "mean": 11724,
            "mdev": 0.2722,
            "stddev": 0,
            "min": 11724,
            "p10": 11724,
            "p90": 11725,
            "p99": 11725,
            "max": 11725
          }
        },
        "documentWidth": {
          "median": 360,
          "mean": 360,
          "mdev": 0,
          "stddev": 0,
          "min": 360,
          "p10": 360,
          "p90": 360,
          "p99": 360,
          "max": 360
        },
        "domElements": {
          "median": 357,
          "mean": 358,
          "mdev": 1.0887,
          "stddev": 2,
          "min": 357,
          "p10": 357,
          "p90": 361,
          "p99": 361,
          "max": 361
        },
        "navigationStartTime": {
          "median": 1617072378275,
          "mean": 1617072379103,
          "mdev": 17836.64,
          "stddev": 30894,
          "min": 1617072354811,
          "p10": 1617072354811,
          "p90": 1617072404224,
          "p99": 1617072404224,
          "max": 1617072404224
        },
        "resources": {
          "count": {
            "median": 0,
            "mean": 0,
            "mdev": 0,
            "stddev": 0,
            "min": 0,
            "p10": 0,
            "p90": 0,
            "p99": 0,
            "max": 0
          },
          "duration": {
            "median": 0,
            "mean": 0,
            "mdev": 0,
            "stddev": 0,
            "min": 0,
            "p10": 0,
            "p90": 0,
            "p99": 0,
            "max": 0
          }
        },
        "visualElements": {
          "heroes": [
            {
              "height": {
                "median": 128,
                "mean": 128,
                "mdev": 0,
                "stddev": 0,
                "min": 128,
                "p10": 128,
                "p90": 128,
                "p99": 128,
                "max": 128
              },
              "width": {
                "median": 312,
                "mean": 312,
                "mdev": 0,
                "stddev": 0,
                "min": 312,
                "p10": 312,
                "p90": 312,
                "p99": 312,
                "max": 312
              },
              "x": {
                "median": 24,
                "mean": 24,
                "mdev": 0,
                "stddev": 0,
                "min": 24,
                "p10": 24,
                "p90": 24,
                "p99": 24,
                "max": 24
              },
              "y": {
                "median": 271,
                "mean": 271,
                "mdev": 0,
                "stddev": 0,
                "min": 271,
                "p10": 271,
                "p90": 271,
                "p99": 271,
                "max": 271
              }
            }
          ],
          "viewport": {
            "height": {
              "median": 560,
              "mean": 560,
              "mdev": 0,
              "stddev": 0,
              "min": 560,
              "p10": 560,
              "p90": 560,
              "p99": 560,
              "max": 560
            },
            "width": {
              "median": 360,
              "mean": 360,
              "mdev": 0,
              "stddev": 0,
              "min": 360,
              "p10": 360,
              "p90": 360,
              "p99": 360,
              "max": 360
            }
          }
        }
      },
      "timings": {
        "firstPaint": {
          "median": 1126,
          "mean": 1203,
          "mdev": 80.3566,
          "stddev": 139,
          "min": 1084,
          "p10": 1084,
          "p90": 1398,
          "p99": 1398,
          "max": 1398
        },
        "loadEventEnd": {
          "median": 5218,
          "mean": 5575,
          "mdev": 334.2685,
          "stddev": 579,
          "min": 5116,
          "p10": 5116,
          "p90": 6392,
          "p99": 6392,
          "max": 6392
        },
        "navigationTiming": {
          "connectStart": {
            "median": 258,
            "mean": 345,
            "mdev": 71.716,
            "stddev": 124,
            "min": 257,
            "p10": 257,
            "p90": 521,
            "p99": 521,
            "max": 521
          },
          "domComplete": {
            "median": 5212,
            "mean": 5571,
            "mdev": 334.6256,
            "stddev": 580,
            "min": 5113,
            "p10": 5113,
            "p90": 6389,
            "p99": 6389,
            "max": 6389
          },
          "domContentLoadedEventEnd": {
            "median": 1727,
            "mean": 1815,
            "mdev": 86.2636,
            "stddev": 149,
            "min": 1692,
            "p10": 1692,
            "p90": 2025,
            "p99": 2025,
            "max": 2025
          },
          "domContentLoadedEventStart": {
            "median": 1709,
            "mean": 1798,
            "mdev": 86.2198,
            "stddev": 149,
            "min": 1676,
            "p10": 1676,
            "p90": 2008,
            "p99": 2008,
            "max": 2008
          },
          "domInteractive": {
            "median": 1607,
            "mean": 1688,
            "mdev": 79.9875,
            "stddev": 139,
            "min": 1574,
            "p10": 1574,
            "p90": 1883,
            "p99": 1883,
            "max": 1883
          },
          "domainLookupEnd": {
            "median": 258,
            "mean": 345,
            "mdev": 71.716,
            "stddev": 124,
            "min": 257,
            "p10": 257,
            "p90": 521,
            "p99": 521,
            "max": 521
          },
          "domainLookupStart": {
            "median": 258,
            "mean": 345,
            "mdev": 71.716,
            "stddev": 124,
            "min": 257,
            "p10": 257,
            "p90": 521,
            "p99": 521,
            "max": 521
          },
          "duration": {
            "median": 5218,
            "mean": 5575,
            "mdev": 334.2685,
            "stddev": 579,
            "min": 5116,
            "p10": 5116,
            "p90": 6392,
            "p99": 6392,
            "max": 6392
          },
          "fetchStart": {
            "median": 258,
            "mean": 345,
            "mdev": 71.716,
            "stddev": 124,
            "min": 257,
            "p10": 257,
            "p90": 521,
            "p99": 521,
            "max": 521
          },
          "loadEventEnd": {
            "median": 5218,
            "mean": 5575,
            "mdev": 334.2685,
            "stddev": 579,
            "min": 5116,
            "p10": 5116,
            "p90": 6392,
            "p99": 6392,
            "max": 6392
          },
          "loadEventStart": {
            "median": 5212,
            "mean": 5572,
            "mdev": 334.8971,
            "stddev": 580,
            "min": 5113,
            "p10": 5113,
            "p90": 6390,
            "p99": 6390,
            "max": 6390
          },
          "redirectEnd": {
            "median": 254,
            "mean": 341,
            "mdev": 71.4438,
            "stddev": 124,
            "min": 253,
            "p10": 253,
            "p90": 516,
            "p99": 516,
            "max": 516
          },
          "redirectStart": {
            "median": 3,
            "mean": 3,
            "mdev": 0.2722,
            "stddev": 0,
            "min": 2,
            "p10": 2,
            "p90": 3,
            "p99": 3,
            "max": 3
          },
          "requestStart": {
            "median": 280,
            "mean": 368,
            "mdev": 72.1239,
            "stddev": 125,
            "min": 280,
            "p10": 280,
            "p90": 545,
            "p99": 545,
            "max": 545
          },
          "responseEnd": {
            "median": 469,
            "mean": 526,
            "mdev": 70.0243,
            "stddev": 121,
            "min": 415,
            "p10": 415,
            "p90": 695,
            "p99": 695,
            "max": 695
          },
          "responseStart": {
            "median": 464,
            "mean": 521,
            "mdev": 69.0448,
            "stddev": 120,
            "min": 411,
            "p10": 411,
            "p90": 687,
            "p99": 687,
            "max": 687
          },
          "secureConnectionStart": {
            "median": 0,
            "mean": 0,
            "mdev": 0,
            "stddev": 0,
            "min": 0,
            "p10": 0,
            "p90": 0,
            "p99": 0,
            "max": 0
          },
          "startTime": {
            "median": 0,
            "mean": 0,
            "mdev": 0,
            "stddev": 0,
            "min": 0,
            "p10": 0,
            "p90": 0,
            "p99": 0,
            "max": 0
          },
          "unloadEventEnd": {
            "median": 0,
            "mean": 0,
            "mdev": 0,
            "stddev": 0,
            "min": 0,
            "p10": 0,
            "p90": 0,
            "p99": 0,
            "max": 0
          },
          "unloadEventStart": {
            "median": 0,
            "mean": 0,
            "mdev": 0,
            "stddev": 0,
            "min": 0,
            "p10": 0,
            "p90": 0,
            "p99": 0,
            "max": 0
          },
          "workerStart": {
            "median": 0,
            "mean": 0,
            "mdev": 0,
            "stddev": 0,
            "min": 0,
            "p10": 0,
            "p90": 0,
            "p99": 0,
            "max": 0
          }
        },
        "pageTimings": {
          "backEndTime": {
            "median": 464,
            "mean": 521,
            "mdev": 69.0448,
            "stddev": 120,
            "min": 411,
            "p10": 411,
            "p90": 687,
            "p99": 687,
            "max": 687
          },
          "domContentLoadedTime": {
            "median": 1709,
            "mean": 1798,
            "mdev": 86.2198,
            "stddev": 149,
            "min": 1676,
            "p10": 1676,
            "p90": 2008,
            "p99": 2008,
            "max": 2008
          },
          "domInteractiveTime": {
            "median": 1607,
            "mean": 1688,
            "mdev": 79.9875,
            "stddev": 139,
            "min": 1574,
            "p10": 1574,
            "p90": 1883,
            "p99": 1883,
            "max": 1883
          },
          "domainLookupTime": {
            "median": 0,
            "mean": 0,
            "mdev": 0,
            "stddev": 0,
            "min": 0,
            "p10": 0,
            "p90": 0,
            "p99": 0,
            "max": 0
          },
          "frontEndTime": {
            "median": 4644,
            "mean": 5045,
            "mdev": 380.288,
            "stddev": 659,
            "min": 4518,
            "p10": 4518,
            "p90": 5974,
            "p99": 5974,
            "max": 5974
          },
          "pageDownloadTime": {
            "median": 5,
            "mean": 6,
            "mdev": 0.8165,
            "stddev": 1,
            "min": 5,
            "p10": 5,
            "p90": 8,
            "p99": 8,
            "max": 8
          },
          "pageLoadTime": {
            "median": 5212,
            "mean": 5572,
            "mdev": 334.8971,
            "stddev": 580,
            "min": 5113,
            "p10": 5113,
            "p90": 6390,
            "p99": 6390,
            "max": 6390
          },
          "redirectionTime": {
            "median": 251,
            "mean": 338,
            "mdev": 71.716,
            "stddev": 124,
            "min": 250,
            "p10": 250,
            "p90": 514,
            "p99": 514,
            "max": 514
          },
          "serverConnectionTime": {
            "median": 0,
            "mean": 0,
            "mdev": 0,
            "stddev": 0,
            "min": 0,
            "p10": 0,
            "p90": 0,
            "p99": 0,
            "max": 0
          },
          "serverResponseTime": {
            "median": 150,
            "mean": 158,
            "mdev": 13.1403,
            "stddev": 23,
            "min": 135,
            "p10": 135,
            "p90": 189,
            "p99": 189,
            "max": 189
          }
        },
        "rumSpeedIndex": {
          "median": 463,
          "mean": 520,
          "mdev": 69.0448,
          "stddev": 120,
          "min": 410,
          "p10": 410,
          "p90": 686,
          "p99": 686,
          "max": 686
        },
        "timeToContentfulPaint": {
          "median": 1780,
          "mean": 1870,
          "mdev": 88.318,
          "stddev": 153,
          "min": 1744,
          "p10": 1744,
          "p90": 2085,
          "p99": 2085,
          "max": 2085
        },
        "timeToDomContentFlushed": {
          "median": 1678,
          "mean": 1762,
          "mdev": 83.5548,
          "stddev": 145,
          "min": 1643,
          "p10": 1643,
          "p90": 1966,
          "p99": 1966,
          "max": 1966
        },
        "userTimings": {
          "marks": {
            "snaptr": {
              "median": 8071,
              "mean": 8469,
              "mdev": 398.661,
              "stddev": 691,
              "min": 7895,
              "p10": 7895,
              "p90": 9440,
              "p99": 9440,
              "max": 9440
            }
          },
          "measures": {
            "Next.js-before-hydration": {
              "median": 2225,
              "mean": 2316,
              "mdev": 98.4058,
              "stddev": 170,
              "min": 2167,
              "p10": 2167,
              "p90": 2554,
              "p99": 2554,
              "max": 2554
            },
            "Next.js-hydration": {
              "median": 403,
              "mean": 398,
              "mdev": 9.8717,
              "stddev": 17,
              "min": 375,
              "p10": 375,
              "p90": 416,
              "p99": 416,
              "max": 416
            }
          }
        }
      }
    }
  }
]