[
  {
    "info": {
      "browsertime": {
        "version": "8.4.0"
      },
      "url": "https://www.weibo.com/",
      "timestamp": "2021-03-30T14:34:19+04:00",
      "connectivity": {
        "engine": "external",
        "profile": "native"
      },
      "extra": {}
    },
    "files": {
      "video": [],
      "screenshot": [],
      "timeline": [],
      "consoleLog": [],
      "netLog": [],
      "perfLog": []
    },
    "cdp": {
      "performance": []
    },
    "timestamps": [
      "2021-03-30T14:34:09+04:00",
      "2021-03-30T14:34:25+04:00",
      "2021-03-30T14:34:43+04:00"
    ],
    "browserScripts": [
      {
        "browser": {
          "appConstants": {
            "ACCESSIBILITY": true,
            "ANDROID_PACKAGE_NAME": "org.mozilla.firefox",
            "ASAN": false,
            "ASAN_REPORTER": false,
            "BROWSER_CHROME_URL": "chrome://browser/content/browser.xul",
            "DEBUG": false,
            "DEBUG_JS_MODULES": "",
            "DLL_PREFIX": "lib",
            "DLL_SUFFIX": ".so",
            "EARLY_BETA_OR_EARLIER": false,
            "FENNEC_NIGHTLY": false,
            "HAVE_SHELL_SERVICE": false,
            "HAVE_USR_LIB64_DIR": false,
            "MENUBAR_CAN_AUTOHIDE": false,
            "MOZILLA_OFFICIAL": true,
            "MOZ_ALLOW_LEGACY_EXTENSIONS": false,
            "MOZ_ANDROID_ACTIVITY_STREAM": false,
            "MOZ_ANDROID_HISTORY": true,
            "MOZ_ANDROID_MOZILLA_ONLINE": false,
            "MOZ_APP_NAME": "fennec",
            "MOZ_APP_VERSION": "68.1.1",
            "MOZ_APP_VERSION_DISPLAY": "68.1.1",
            "MOZ_BING_API_CLIENTID": "no-bing-api-clientid",
            "MOZ_BING_API_KEY": "no-bing-api-key",
            "MOZ_BITS_DOWNLOAD": false,
            "MOZ_BUILD_APP": "mobile/android",
            "MOZ_CODE_COVERAGE": false,
            "MOZ_CRASHREPORTER": true,
            "MOZ_DATA_REPORTING": true,
            "MOZ_DEV_EDITION": false,
            "MOZ_GECKO_PROFILER": true,
            "MOZ_GOOGLE_LOCATION_SERVICE_API_KEY": "AIzaSyB2h2OuRcUgy5N-5hsZqiPW6sH3n_rptiQ",
            "MOZ_GOOGLE_SAFEBROWSING_API_KEY": "AIzaSyC7jsptDS3am4tPx4r3nxis7IMjBc5Dovo",
            "MOZ_GRAPHENE": false,
            "MOZ_MACBUNDLE_NAME": "Firefox.app",
            "MOZ_MAINTENANCE_SERVICE": false,
            "MOZ_MOZILLA_API_KEY": "3b4d27dd-703d-4094-8398-4de2c763505a",
            "MOZ_NEW_CERT_STORAGE": false,
            "MOZ_NEW_NOTIFICATION_STORE": false,
            "MOZ_NEW_XULSTORE": false,
            "MOZ_OFFICIAL_BRANDING": false,
            "MOZ_PLACES": false,
            "MOZ_REQUIRE_SIGNING": false,
            "MOZ_SANDBOX": false,
            "MOZ_SERVICES_HEALTHREPORT": true,
            "MOZ_SERVICES_SYNC": false,
            "MOZ_SWITCHBOARD": true,
            "MOZ_SYSTEM_NSS": false,
            "MOZ_TELEMETRY_ON_BY_DEFAULT": false,
            "MOZ_TELEMETRY_REPORTING": true,
            "MOZ_UNSIGNED_SCOPES": 0,
            "MOZ_UPDATER": false,
            "MOZ_UPDATE_CHANNEL": "release",
            "MOZ_WEBRTC": true,
            "MOZ_WIDGET_GTK": false,
            "MOZ_WIDGET_TOOLKIT": "android",
            "NIGHTLY_BUILD": false,
            "OMNIJAR_NAME": "assets/omni.ja",
            "RELEASE_OR_BETA": true,
            "SOURCE_REVISION_URL": "https://hg.mozilla.org/releases/mozilla-esr68/rev/d2e0b9e17b9bc1ef02606c8006b73293f7892ad5",
            "TELEMETRY_PING_FORMAT_VERSION": 4,
            "XP_UNIX": true,
            "isPlatformAndVersionAtLeast": {},
            "isPlatformAndVersionAtMost": {},
            "platform": "android"
          },
          "asyncAppConstants": {
            "ACCESSIBILITY": true,
            "ANDROID_PACKAGE_NAME": "org.mozilla.firefox",
            "ASAN": false,
            "ASAN_REPORTER": false,
            "BROWSER_CHROME_URL": "chrome://browser/content/browser.xul",
            "DEBUG": false,
            "DEBUG_JS_MODULES": "",
            "DLL_PREFIX": "lib",
            "DLL_SUFFIX": ".so",
            "EARLY_BETA_OR_EARLIER": false,
            "FENNEC_NIGHTLY": false,
            "HAVE_SHELL_SERVICE": false,
            "HAVE_USR_LIB64_DIR": false,
            "MENUBAR_CAN_AUTOHIDE": false,
            "MOZILLA_OFFICIAL": true,
            "MOZ_ALLOW_LEGACY_EXTENSIONS": false,
            "MOZ_ANDROID_ACTIVITY_STREAM": false,
            "MOZ_ANDROID_HISTORY": true,
            "MOZ_ANDROID_MOZILLA_ONLINE": false,
            "MOZ_APP_NAME": "fennec",
            "MOZ_APP_VERSION": "68.1.1",
            "MOZ_APP_VERSION_DISPLAY": "68.1.1",
            "MOZ_BING_API_CLIENTID": "no-bing-api-clientid",
            "MOZ_BING_API_KEY": "no-bing-api-key",
            "MOZ_BITS_DOWNLOAD": false,
            "MOZ_BUILD_APP": "mobile/android",
            "MOZ_CODE_COVERAGE": false,
            "MOZ_CRASHREPORTER": true,
            "MOZ_DATA_REPORTING": true,
            "MOZ_DEV_EDITION": false,
            "MOZ_GECKO_PROFILER": true,
            "MOZ_GOOGLE_LOCATION_SERVICE_API_KEY": "AIzaSyB2h2OuRcUgy5N-5hsZqiPW6sH3n_rptiQ",
            "MOZ_GOOGLE_SAFEBROWSING_API_KEY": "AIzaSyC7jsptDS3am4tPx4r3nxis7IMjBc5Dovo",
            "MOZ_GRAPHENE": false,
            "MOZ_MACBUNDLE_NAME": "Firefox.app",
            "MOZ_MAINTENANCE_SERVICE": false,
            "MOZ_MOZILLA_API_KEY": "3b4d27dd-703d-4094-8398-4de2c763505a",
            "MOZ_NEW_CERT_STORAGE": false,
            "MOZ_NEW_NOTIFICATION_STORE": false,
            "MOZ_NEW_XULSTORE": false,
            "MOZ_OFFICIAL_BRANDING": false,
            "MOZ_PLACES": false,
            "MOZ_REQUIRE_SIGNING": false,
            "MOZ_SANDBOX": false,
            "MOZ_SERVICES_HEALTHREPORT": true,
            "MOZ_SERVICES_SYNC": false,
            "MOZ_SWITCHBOARD": true,
            "MOZ_SYSTEM_NSS": false,
            "MOZ_TELEMETRY_ON_BY_DEFAULT": false,
            "MOZ_TELEMETRY_REPORTING": true,
            "MOZ_UNSIGNED_SCOPES": 0,
            "MOZ_UPDATER": false,
            "MOZ_UPDATE_CHANNEL": "release",
            "MOZ_WEBRTC": true,
            "MOZ_WIDGET_GTK": false,
            "MOZ_WIDGET_TOOLKIT": "android",
            "NIGHTLY_BUILD": false,
            "OMNIJAR_NAME": "assets/omni.ja",
            "RELEASE_OR_BETA": true,
            "SOURCE_REVISION_URL": "https://hg.mozilla.org/releases/mozilla-esr68/rev/d2e0b9e17b9bc1ef02606c8006b73293f7892ad5",
            "TELEMETRY_PING_FORMAT_VERSION": 4,
            "XP_UNIX": true,
            "isPlatformAndVersionAtLeast": {},
            "isPlatformAndVersionAtMost": {},
            "platform": "android"
          },
          "userAgent": "Mozilla/5.0 (Android 9; Mobile; rv:68.0) Gecko/68.0 Firefox/68.0",
          "windowSize": "360x612"
        },
        "pageinfo": {
          "documentHeight": 3648,
          "documentSize": {
            "decodedBodySize": 10495,
            "encodedBodySize": 2642,
            "transferSize": 3629
          },
          "documentTitle": "微博",
          "documentWidth": 360,
          "domElements": 698,
          "navigationStartTime": 1617100450367,
          "nextHopProtocol": "h2",
          "resources": {
            "count": 0,
            "duration": 0
          },
          "responsive": true,
          "url": "https://m.weibo.cn/?jumpfrom=weibocom",
          "visualElements": {
            "heroes": [
              {
                "filename": "82b440b0ly1gp12hjj2r9j20k00ba482.jpg",
                "height": 187,
                "name": "LargestImage",
                "width": 332,
                "x": 16,
                "y": 353
              }
            ],
            "viewport": {
              "height": 612,
              "width": 360
            }
          }
        },
        "timings": {
          "firstPaint": 2055,
          "loadEventEnd": 3320,
          "navigationTiming": {
            "connectStart": 730,
            "domComplete": 3317,
            "domContentLoadedEventEnd": 2100,
            "domContentLoadedEventStart": 2074,
            "domInteractive": 2053,
            "domainLookupEnd": 729,
            "domainLookupStart": 729,
            "duration": 3320,
            "fetchStart": 687,
            "loadEventEnd": 3320,
            "loadEventStart": 3317,
            "redirectEnd": 683,
            "redirectStart": 1,
            "requestStart": 737,
            "responseEnd": 1010,
            "responseStart": 1006,
            "secureConnectionStart": 0,
            "startTime": 0,
            "unloadEventEnd": 0,
            "unloadEventStart": 0,
            "workerStart": 0
          },
          "pageTimings": {
            "backEndTime": 1006,
            "domContentLoadedTime": 2074,
            "domInteractiveTime": 2053,
            "domainLookupTime": 0,
            "frontEndTime": 2307,
            "pageDownloadTime": 4,
            "pageLoadTime": 3317,
            "redirectionTime": 682,
            "serverConnectionTime": 0,
            "serverResponseTime": 272
          },
          "rumSpeedIndex": 1006,
          "timeToContentfulPaint": 3256,
          "timeToDomContentFlushed": 2054,
          "userTimings": {
            "marks": [],
            "measures": []
          }
        }
      },
      {
        "browser": {
          "appConstants": {
            "ACCESSIBILITY": true,
            "ANDROID_PACKAGE_NAME": "org.mozilla.firefox",
            "ASAN": false,
            "ASAN_REPORTER": false,
            "BROWSER_CHROME_URL": "chrome://browser/content/browser.xul",
            "DEBUG": false,
            "DEBUG_JS_MODULES": "",
            "DLL_PREFIX": "lib",
            "DLL_SUFFIX": ".so",
            "EARLY_BETA_OR_EARLIER": false,
            "FENNEC_NIGHTLY": false,
            "HAVE_SHELL_SERVICE": false,
            "HAVE_USR_LIB64_DIR": false,
            "MENUBAR_CAN_AUTOHIDE": false,
            "MOZILLA_OFFICIAL": true,
            "MOZ_ALLOW_LEGACY_EXTENSIONS": false,
            "MOZ_ANDROID_ACTIVITY_STREAM": false,
            "MOZ_ANDROID_HISTORY": true,
            "MOZ_ANDROID_MOZILLA_ONLINE": false,
            "MOZ_APP_NAME": "fennec",
            "MOZ_APP_VERSION": "68.1.1",
            "MOZ_APP_VERSION_DISPLAY": "68.1.1",
            "MOZ_BING_API_CLIENTID": "no-bing-api-clientid",
            "MOZ_BING_API_KEY": "no-bing-api-key",
            "MOZ_BITS_DOWNLOAD": false,
            "MOZ_BUILD_APP": "mobile/android",
            "MOZ_CODE_COVERAGE": false,
            "MOZ_CRASHREPORTER": true,
            "MOZ_DATA_REPORTING": true,
            "MOZ_DEV_EDITION": false,
            "MOZ_GECKO_PROFILER": true,
            "MOZ_GOOGLE_LOCATION_SERVICE_API_KEY": "AIzaSyB2h2OuRcUgy5N-5hsZqiPW6sH3n_rptiQ",
            "MOZ_GOOGLE_SAFEBROWSING_API_KEY": "AIzaSyC7jsptDS3am4tPx4r3nxis7IMjBc5Dovo",
            "MOZ_GRAPHENE": false,
            "MOZ_MACBUNDLE_NAME": "Firefox.app",
            "MOZ_MAINTENANCE_SERVICE": false,
            "MOZ_MOZILLA_API_KEY": "3b4d27dd-703d-4094-8398-4de2c763505a",
            "MOZ_NEW_CERT_STORAGE": false,
            "MOZ_NEW_NOTIFICATION_STORE": false,
            "MOZ_NEW_XULSTORE": false,
            "MOZ_OFFICIAL_BRANDING": false,
            "MOZ_PLACES": false,
            "MOZ_REQUIRE_SIGNING": false,
            "MOZ_SANDBOX": false,
            "MOZ_SERVICES_HEALTHREPORT": true,
            "MOZ_SERVICES_SYNC": false,
            "MOZ_SWITCHBOARD": true,
            "MOZ_SYSTEM_NSS": false,
            "MOZ_TELEMETRY_ON_BY_DEFAULT": false,
            "MOZ_TELEMETRY_REPORTING": true,
            "MOZ_UNSIGNED_SCOPES": 0,
            "MOZ_UPDATER": false,
            "MOZ_UPDATE_CHANNEL": "release",
            "MOZ_WEBRTC": true,
            "MOZ_WIDGET_GTK": false,
            "MOZ_WIDGET_TOOLKIT": "android",
            "NIGHTLY_BUILD": false,
            "OMNIJAR_NAME": "assets/omni.ja",
            "RELEASE_OR_BETA": true,
            "SOURCE_REVISION_URL": "https://hg.mozilla.org/releases/mozilla-esr68/rev/d2e0b9e17b9bc1ef02606c8006b73293f7892ad5",
            "TELEMETRY_PING_FORMAT_VERSION": 4,
            "XP_UNIX": true,
            "isPlatformAndVersionAtLeast": {},
            "isPlatformAndVersionAtMost": {},
            "platform": "android"
          },
          "asyncAppConstants": {
            "ACCESSIBILITY": true,
            "ANDROID_PACKAGE_NAME": "org.mozilla.firefox",
            "ASAN": false,
            "ASAN_REPORTER": false,
            "BROWSER_CHROME_URL": "chrome://browser/content/browser.xul",
            "DEBUG": false,
            "DEBUG_JS_MODULES": "",
            "DLL_PREFIX": "lib",
            "DLL_SUFFIX": ".so",
            "EARLY_BETA_OR_EARLIER": false,
            "FENNEC_NIGHTLY": false,
            "HAVE_SHELL_SERVICE": false,
            "HAVE_USR_LIB64_DIR": false,
            "MENUBAR_CAN_AUTOHIDE": false,
            "MOZILLA_OFFICIAL": true,
            "MOZ_ALLOW_LEGACY_EXTENSIONS": false,
            "MOZ_ANDROID_ACTIVITY_STREAM": false,
            "MOZ_ANDROID_HISTORY": true,
            "MOZ_ANDROID_MOZILLA_ONLINE": false,
            "MOZ_APP_NAME": "fennec",
            "MOZ_APP_VERSION": "68.1.1",
            "MOZ_APP_VERSION_DISPLAY": "68.1.1",
            "MOZ_BING_API_CLIENTID": "no-bing-api-clientid",
            "MOZ_BING_API_KEY": "no-bing-api-key",
            "MOZ_BITS_DOWNLOAD": false,
            "MOZ_BUILD_APP": "mobile/android",
            "MOZ_CODE_COVERAGE": false,
            "MOZ_CRASHREPORTER": true,
            "MOZ_DATA_REPORTING": true,
            "MOZ_DEV_EDITION": false,
            "MOZ_GECKO_PROFILER": true,
            "MOZ_GOOGLE_LOCATION_SERVICE_API_KEY": "AIzaSyB2h2OuRcUgy5N-5hsZqiPW6sH3n_rptiQ",
            "MOZ_GOOGLE_SAFEBROWSING_API_KEY": "AIzaSyC7jsptDS3am4tPx4r3nxis7IMjBc5Dovo",
            "MOZ_GRAPHENE": false,
            "MOZ_MACBUNDLE_NAME": "Firefox.app",
            "MOZ_MAINTENANCE_SERVICE": false,
            "MOZ_MOZILLA_API_KEY": "3b4d27dd-703d-4094-8398-4de2c763505a",
            "MOZ_NEW_CERT_STORAGE": false,
            "MOZ_NEW_NOTIFICATION_STORE": false,
            "MOZ_NEW_XULSTORE": false,
            "MOZ_OFFICIAL_BRANDING": false,
            "MOZ_PLACES": false,
            "MOZ_REQUIRE_SIGNING": false,
            "MOZ_SANDBOX": false,
            "MOZ_SERVICES_HEALTHREPORT": true,
            "MOZ_SERVICES_SYNC": false,
            "MOZ_SWITCHBOARD": true,
            "MOZ_SYSTEM_NSS": false,
            "MOZ_TELEMETRY_ON_BY_DEFAULT": false,
            "MOZ_TELEMETRY_REPORTING": true,
            "MOZ_UNSIGNED_SCOPES": 0,
            "MOZ_UPDATER": false,
            "MOZ_UPDATE_CHANNEL": "release",
            "MOZ_WEBRTC": true,
            "MOZ_WIDGET_GTK": false,
            "MOZ_WIDGET_TOOLKIT": "android",
            "NIGHTLY_BUILD": false,
            "OMNIJAR_NAME": "assets/omni.ja",
            "RELEASE_OR_BETA": true,
            "SOURCE_REVISION_URL": "https://hg.mozilla.org/releases/mozilla-esr68/rev/d2e0b9e17b9bc1ef02606c8006b73293f7892ad5",
            "TELEMETRY_PING_FORMAT_VERSION": 4,
            "XP_UNIX": true,
            "isPlatformAndVersionAtLeast": {},
            "isPlatformAndVersionAtMost": {},
            "platform": "android"
          },
          "userAgent": "Mozilla/5.0 (Android 9; Mobile; rv:68.0) Gecko/68.0 Firefox/68.0",
          "windowSize": "360x612"
        },
        "pageinfo": {
          "documentHeight": 4722,
          "documentSize": {
            "decodedBodySize": 10495,
            "encodedBodySize": 2642,
            "transferSize": 3629
          },
          "documentTitle": "微博",
          "documentWidth": 360,
          "domElements": 845,
          "navigationStartTime": 1617100466316,
          "nextHopProtocol": "h2",
          "resources": {
            "count": 0,
            "duration": 0
          },
          "responsive": true,
          "url": "https://m.weibo.cn/?jumpfrom=weibocom",
          "visualElements": {
            "heroes": [
              {
                "filename": "006r7O1lly1gp123e8h1aj30o00di75j.jpg",
                "height": 187,
                "name": "LargestImage",
                "width": 332,
                "x": 16,
                "y": 258
              }
            ],
            "viewport": {
              "height": 612,
              "width": 360
            }
          }
        },
        "timings": {
          "firstPaint": 2497,
          "loadEventEnd": 3692,
          "navigationTiming": {
            "connectStart": 1064,
            "domComplete": 3688,
            "domContentLoadedEventEnd": 2541,
            "domContentLoadedEventStart": 2514,
            "domInteractive": 2496,
            "domainLookupEnd": 1064,
            "domainLookupStart": 1064,
            "duration": 3692,
            "fetchStart": 1032,
            "loadEventEnd": 3692,
            "loadEventStart": 3688,
            "redirectEnd": 1029,
            "redirectStart": 4,
            "requestStart": 1071,
            "responseEnd": 1361,
            "responseStart": 1359,
            "secureConnectionStart": 0,
            "startTime": 0,
            "unloadEventEnd": 0,
            "unloadEventStart": 0,
            "workerStart": 0
          },
          "pageTimings": {
            "backEndTime": 1359,
            "domContentLoadedTime": 2514,
            "domInteractiveTime": 2496,
            "domainLookupTime": 0,
            "frontEndTime": 2327,
            "pageDownloadTime": 1,
            "pageLoadTime": 3688,
            "redirectionTime": 1025,
            "serverConnectionTime": 0,
            "serverResponseTime": 290
          },
          "rumSpeedIndex": 1359,
          "timeToContentfulPaint": 3632,
          "timeToDomContentFlushed": 2497,
          "userTimings": {
            "marks": [],
            "measures": []
          }
        }
      },
      {
        "browser": {
          "appConstants": {
            "ACCESSIBILITY": true,
            "ANDROID_PACKAGE_NAME": "org.mozilla.firefox",
            "ASAN": false,
            "ASAN_REPORTER": false,
            "BROWSER_CHROME_URL": "chrome://browser/content/browser.xul",
            "DEBUG": false,
            "DEBUG_JS_MODULES": "",
            "DLL_PREFIX": "lib",
            "DLL_SUFFIX": ".so",
            "EARLY_BETA_OR_EARLIER": false,
            "FENNEC_NIGHTLY": false,
            "HAVE_SHELL_SERVICE": false,
            "HAVE_USR_LIB64_DIR": false,
            "MENUBAR_CAN_AUTOHIDE": false,
            "MOZILLA_OFFICIAL": true,
            "MOZ_ALLOW_LEGACY_EXTENSIONS": false,
            "MOZ_ANDROID_ACTIVITY_STREAM": false,
            "MOZ_ANDROID_HISTORY": true,
            "MOZ_ANDROID_MOZILLA_ONLINE": false,
            "MOZ_APP_NAME": "fennec",
            "MOZ_APP_VERSION": "68.1.1",
            "MOZ_APP_VERSION_DISPLAY": "68.1.1",
            "MOZ_BING_API_CLIENTID": "no-bing-api-clientid",
            "MOZ_BING_API_KEY": "no-bing-api-key",
            "MOZ_BITS_DOWNLOAD": false,
            "MOZ_BUILD_APP": "mobile/android",
            "MOZ_CODE_COVERAGE": false,
            "MOZ_CRASHREPORTER": true,
            "MOZ_DATA_REPORTING": true,
            "MOZ_DEV_EDITION": false,
            "MOZ_GECKO_PROFILER": true,
            "MOZ_GOOGLE_LOCATION_SERVICE_API_KEY": "AIzaSyB2h2OuRcUgy5N-5hsZqiPW6sH3n_rptiQ",
            "MOZ_GOOGLE_SAFEBROWSING_API_KEY": "AIzaSyC7jsptDS3am4tPx4r3nxis7IMjBc5Dovo",
            "MOZ_GRAPHENE": false,
            "MOZ_MACBUNDLE_NAME": "Firefox.app",
            "MOZ_MAINTENANCE_SERVICE": false,
            "MOZ_MOZILLA_API_KEY": "3b4d27dd-703d-4094-8398-4de2c763505a",
            "MOZ_NEW_CERT_STORAGE": false,
            "MOZ_NEW_NOTIFICATION_STORE": false,
            "MOZ_NEW_XULSTORE": false,
            "MOZ_OFFICIAL_BRANDING": false,
            "MOZ_PLACES": false,
            "MOZ_REQUIRE_SIGNING": false,
            "MOZ_SANDBOX": false,
            "MOZ_SERVICES_HEALTHREPORT": true,
            "MOZ_SERVICES_SYNC": false,
            "MOZ_SWITCHBOARD": true,
            "MOZ_SYSTEM_NSS": false,
            "MOZ_TELEMETRY_ON_BY_DEFAULT": false,
            "MOZ_TELEMETRY_REPORTING": true,
            "MOZ_UNSIGNED_SCOPES": 0,
            "MOZ_UPDATER": false,
            "MOZ_UPDATE_CHANNEL": "release",
            "MOZ_WEBRTC": true,
            "MOZ_WIDGET_GTK": false,
            "MOZ_WIDGET_TOOLKIT": "android",
            "NIGHTLY_BUILD": false,
            "OMNIJAR_NAME": "assets/omni.ja",
            "RELEASE_OR_BETA": true,
            "SOURCE_REVISION_URL": "https://hg.mozilla.org/releases/mozilla-esr68/rev/d2e0b9e17b9bc1ef02606c8006b73293f7892ad5",
            "TELEMETRY_PING_FORMAT_VERSION": 4,
            "XP_UNIX": true,
            "isPlatformAndVersionAtLeast": {},
            "isPlatformAndVersionAtMost": {},
            "platform": "android"
          },
          "asyncAppConstants": {
            "ACCESSIBILITY": true,
            "ANDROID_PACKAGE_NAME": "org.mozilla.firefox",
            "ASAN": false,
            "ASAN_REPORTER": false,
            "BROWSER_CHROME_URL": "chrome://browser/content/browser.xul",
            "DEBUG": false,
            "DEBUG_JS_MODULES": "",
            "DLL_PREFIX": "lib",
            "DLL_SUFFIX": ".so",
            "EARLY_BETA_OR_EARLIER": false,
            "FENNEC_NIGHTLY": false,
            "HAVE_SHELL_SERVICE": false,
            "HAVE_USR_LIB64_DIR": false,
            "MENUBAR_CAN_AUTOHIDE": false,
            "MOZILLA_OFFICIAL": true,
            "MOZ_ALLOW_LEGACY_EXTENSIONS": false,
            "MOZ_ANDROID_ACTIVITY_STREAM": false,
            "MOZ_ANDROID_HISTORY": true,
            "MOZ_ANDROID_MOZILLA_ONLINE": false,
            "MOZ_APP_NAME": "fennec",
            "MOZ_APP_VERSION": "68.1.1",
            "MOZ_APP_VERSION_DISPLAY": "68.1.1",
            "MOZ_BING_API_CLIENTID": "no-bing-api-clientid",
            "MOZ_BING_API_KEY": "no-bing-api-key",
            "MOZ_BITS_DOWNLOAD": false,
            "MOZ_BUILD_APP": "mobile/android",
            "MOZ_CODE_COVERAGE": false,
            "MOZ_CRASHREPORTER": true,
            "MOZ_DATA_REPORTING": true,
            "MOZ_DEV_EDITION": false,
            "MOZ_GECKO_PROFILER": true,
            "MOZ_GOOGLE_LOCATION_SERVICE_API_KEY": "AIzaSyB2h2OuRcUgy5N-5hsZqiPW6sH3n_rptiQ",
            "MOZ_GOOGLE_SAFEBROWSING_API_KEY": "AIzaSyC7jsptDS3am4tPx4r3nxis7IMjBc5Dovo",
            "MOZ_GRAPHENE": false,
            "MOZ_MACBUNDLE_NAME": "Firefox.app",
            "MOZ_MAINTENANCE_SERVICE": false,
            "MOZ_MOZILLA_API_KEY": "3b4d27dd-703d-4094-8398-4de2c763505a",
            "MOZ_NEW_CERT_STORAGE": false,
            "MOZ_NEW_NOTIFICATION_STORE": false,
            "MOZ_NEW_XULSTORE": false,
            "MOZ_OFFICIAL_BRANDING": false,
            "MOZ_PLACES": false,
            "MOZ_REQUIRE_SIGNING": false,
            "MOZ_SANDBOX": false,
            "MOZ_SERVICES_HEALTHREPORT": true,
            "MOZ_SERVICES_SYNC": false,
            "MOZ_SWITCHBOARD": true,
            "MOZ_SYSTEM_NSS": false,
            "MOZ_TELEMETRY_ON_BY_DEFAULT": false,
            "MOZ_TELEMETRY_REPORTING": true,
            "MOZ_UNSIGNED_SCOPES": 0,
            "MOZ_UPDATER": false,
            "MOZ_UPDATE_CHANNEL": "release",
            "MOZ_WEBRTC": true,
            "MOZ_WIDGET_GTK": false,
            "MOZ_WIDGET_TOOLKIT": "android",
            "NIGHTLY_BUILD": false,
            "OMNIJAR_NAME": "assets/omni.ja",
            "RELEASE_OR_BETA": true,
            "SOURCE_REVISION_URL": "https://hg.mozilla.org/releases/mozilla-esr68/rev/d2e0b9e17b9bc1ef02606c8006b73293f7892ad5",
            "TELEMETRY_PING_FORMAT_VERSION": 4,
            "XP_UNIX": true,
            "isPlatformAndVersionAtLeast": {},
            "isPlatformAndVersionAtMost": {},
            "platform": "android"
          },
          "userAgent": "Mozilla/5.0 (Android 9; Mobile; rv:68.0) Gecko/68.0 Firefox/68.0",
          "windowSize": "360x612"
        },
        "pageinfo": {
          "documentHeight": 4978,
          "documentSize": {
            "decodedBodySize": 10495,
            "encodedBodySize": 2643,
            "transferSize": 3631
          },
          "documentTitle": "微博",
          "documentWidth": 360,
          "domElements": 839,
          "navigationStartTime": 1617100483991,
          "nextHopProtocol": "h2",
          "resources": {
            "count": 0,
            "duration": 0
          },
          "responsive": true,
          "url": "https://m.weibo.cn/?jumpfrom=weibocom",
          "visualElements": {
            "heroes": [
              {
                "filename": "007XpeiBgy1gic55q2drmj30u01hc0v0.jpg",
                "height": 187,
                "name": "LargestImage",
                "width": 145,
                "x": 16,
                "y": 378
              }
            ],
            "viewport": {
              "height": 612,
              "width": 360
            }
          }
        },
        "timings": {
          "firstPaint": 2995,
          "loadEventEnd": 4236,
          "navigationTiming": {
            "connectStart": 1112,
            "domComplete": 4233,
            "domContentLoadedEventEnd": 3040,
            "domContentLoadedEventStart": 3012,
            "domInteractive": 2994,
            "domainLookupEnd": 1111,
            "domainLookupStart": 1110,
            "duration": 4236,
            "fetchStart": 1069,
            "loadEventEnd": 4236,
            "loadEventStart": 4233,
            "redirectEnd": 1065,
            "redirectStart": 2,
            "requestStart": 1120,
            "responseEnd": 1441,
            "responseStart": 1434,
            "secureConnectionStart": 0,
            "startTime": 0,
            "unloadEventEnd": 0,
            "unloadEventStart": 0,
            "workerStart": 0
          },
          "pageTimings": {
            "backEndTime": 1434,
            "domContentLoadedTime": 3012,
            "domInteractiveTime": 2994,
            "domainLookupTime": 0,
            "frontEndTime": 2792,
            "pageDownloadTime": 8,
            "pageLoadTime": 4233,
            "redirectionTime": 1063,
            "serverConnectionTime": 0,
            "serverResponseTime": 321
          },
          "rumSpeedIndex": 1433,
          "timeToContentfulPaint": 4161,
          "timeToDomContentFlushed": 2995,
          "userTimings": {
            "marks": [],
            "measures": []
          }
        }
      }
    ],
    "visualMetrics": [],
    "cpu": [],
    "extras": [
      {},
      {},
      {}
    ],
    "fullyLoaded": [],
    "errors": [
      [],
      [],
      []
    ],
    "statistics": {
      "browser": {
        "appConstants": {
          "MOZ_UNSIGNED_SCOPES": {
            "median": 0,
            "mean": 0,
            "mdev": 0,
            "stddev": 0,
            "min": 0,
            "p10": 0,
            "p90": 0,
            "p99": 0,
            "max": 0
          },
          "TELEMETRY_PING_FORMAT_VERSION": {
            "median": 4,
            "mean": 4,
            "mdev": 0,
            "stddev": 0,
            "min": 4,
            "p10": 4,
            "p90": 4,
            "p99": 4,
            "max": 4
          }
        },
        "asyncAppConstants": {
          "MOZ_UNSIGNED_SCOPES": {
            "median": 0,
            "mean": 0,
            "mdev": 0,
            "stddev": 0,
            "min": 0,
            "p10": 0,
            "p90": 0,
            "p99": 0,
            "max": 0
          },
          "TELEMETRY_PING_FORMAT_VERSION": {
            "median": 4,
            "mean": 4,
            "mdev": 0,
            "stddev": 0,
            "min": 4,
            "p10": 4,
            "p90": 4,
            "p99": 4,
            "max": 4
          }
        }
      },
      "pageinfo": {
        "documentHeight": {
          "median": 4722,
          "mean": 4449,
          "mdev": 332.6611,
          "stddev": 576,
          "min": 3648,
          "p10": 3648,
          "p90": 4978,
          "p99": 4978,
          "max": 4978
        },
        "documentSize": {
          "decodedBodySize": {
            "median": 10495,
            "mean": 10495,
            "mdev": 0,
            "stddev": 0,
            "min": 10495,
            "p10": 10495,
            "p90": 10495,
            "p99": 10495,
            "max": 10495
          },
          "encodedBodySize": {
            "median": 2642,
            "mean": 2642,
            "mdev": 0.2722,
            "stddev": 0,
            "min": 2642,
            "p10": 2642,
            "p90": 2643,
            "p99": 2643,
            "max": 2643
          },
          "transferSize": {
            "median": 3629,
            "mean": 3630,
            "mdev": 0.5443,
            "stddev": 1,
            "min": 3629,
            "p10": 3629,
            "p90": 3631,
            "p99": 3631,
            "max": 3631
          }
        },
        "documentWidth": {
          "median": 360,
          "mean": 360,
          "mdev": 0,
          "stddev": 0,
          "min": 360,
          "p10": 360,
          "p90": 360,
          "p99": 360,
          "max": 360
        },
        "domElements": {
          "median": 839,
          "mean": 794,
          "mdev": 39.2173,
          "stddev": 68,
          "min": 698,
          "p10": 698,
          "p90": 845,
          "p99": 845,
          "max": 845
        },
        "navigationStartTime": {
          "median": 1617100466316,
          "mean": 1617100466891,
          "mdev": 0,
          "stddev": 0,
          "min": 1617100450367,
          "p10": 1617100450367,
          "p90": 1617100483991,
          "p99": 1617100483991,
          "max": 1617100483991
        },
        "resources": {
          "count": {
            "median": 0,
            "mean": 0,
            "mdev": 0,
            "stddev": 0,
            "min": 0,
            "p10": 0,
            "p90": 0,
            "p99": 0,
            "max": 0
          },
          "duration": {
            "median": 0,
            "mean": 0,
            "mdev": 0,
            "stddev": 0,
            "min": 0,
            "p10": 0,
            "p90": 0,
            "p99": 0,
            "max": 0
          }
        },
        "visualElements": {
          "heroes": [
            {
              "height": {
                "median": 187,
                "mean": 187,
                "mdev": 0,
                "stddev": 0,
                "min": 187,
                "p10": 187,
                "p90": 187,
                "p99": 187,
                "max": 187
              },
              "width": {
                "median": 332,
                "mean": 270,
                "mdev": 50.895,
                "stddev": 88,
                "min": 145,
                "p10": 145,
                "p90": 332,
                "p99": 332,
                "max": 332
              },
              "x": {
                "median": 16,
                "mean": 16,
                "mdev": 0,
                "stddev": 0,
                "min": 16,
                "p10": 16,
                "p90": 16,
                "p99": 16,
                "max": 16
              },
              "y": {
                "median": 353,
                "mean": 330,
                "mdev": 29.8453,
                "stddev": 52,
                "min": 258,
                "p10": 258,
                "p90": 378,
                "p99": 378,
                "max": 378
              }
            }
          ],
          "viewport": {
            "height": {
              "median": 612,
              "mean": 612,
              "mdev": 0,
              "stddev": 0,
              "min": 612,
              "p10": 612,
              "p90": 612,
              "p99": 612,
              "max": 612
            },
            "width": {
              "median": 360,
              "mean": 360,
              "mdev": 0,
              "stddev": 0,
              "min": 360,
              "p10": 360,
              "p90": 360,
              "p99": 360,
              "max": 360
            }
          }
        }
      },
      "timings": {
        "firstPaint": {
          "median": 2497,
          "mean": 2516,
          "mdev": 221.6911,
          "stddev": 384,
          "min": 2055,
          "p10": 2055,
          "p90": 2995,
          "p99": 2995,
          "max": 2995
        },
        "loadEventEnd": {
          "median": 3692,
          "mean": 3749,
          "mdev": 217.1683,
          "stddev": 376,
          "min": 3320,
          "p10": 3320,
          "p90": 4236,
          "p99": 4236,
          "max": 4236
        },
        "navigationTiming": {
          "connectStart": {
            "median": 1064,
            "mean": 969,
            "mdev": 98.0899,
            "stddev": 170,
            "min": 730,
            "p10": 730,
            "p90": 1112,
            "p99": 1112,
            "max": 1112
          },
          "domComplete": {
            "median": 3688,
            "mean": 3746,
            "mdev": 217.1978,
            "stddev": 376,
            "min": 3317,
            "p10": 3317,
            "p90": 4233,
            "p99": 4233,
            "max": 4233
          },
          "domContentLoadedEventEnd": {
            "median": 2541,
            "mean": 2560,
            "mdev": 221.7007,
            "stddev": 384,
            "min": 2100,
            "p10": 2100,
            "p90": 3040,
            "p99": 3040,
            "max": 3040
          },
          "domContentLoadedEventStart": {
            "median": 2514,
            "mean": 2533,
            "mdev": 221.2296,
            "stddev": 383,
            "min": 2074,
            "p10": 2074,
            "p90": 3012,
            "p99": 3012,
            "max": 3012
          },
          "domInteractive": {
            "median": 2496,
            "mean": 2514,
            "mdev": 221.9221,
            "stddev": 384,
            "min": 2053,
            "p10": 2053,
            "p90": 2994,
            "p99": 2994,
            "max": 2994
          },
          "domainLookupEnd": {
            "median": 1064,
            "mean": 968,
            "mdev": 98.1982,
            "stddev": 170,
            "min": 729,
            "p10": 729,
            "p90": 1111,
            "p99": 1111,
            "max": 1111
          },
          "domainLookupStart": {
            "median": 1064,
            "mean": 968,
            "mdev": 98.0367,
            "stddev": 170,
            "min": 729,
            "p10": 729,
            "p90": 1110,
            "p99": 1110,
            "max": 1110
          },
          "duration": {
            "median": 3692,
            "mean": 3749,
            "mdev": 217.1683,
            "stddev": 376,
            "min": 3320,
            "p10": 3320,
            "p90": 4236,
            "p99": 4236,
            "max": 4236
          },
          "fetchStart": {
            "median": 1032,
            "mean": 929,
            "mdev": 99.3158,
            "stddev": 172,
            "min": 687,
            "p10": 687,
            "p90": 1069,
            "p99": 1069,
            "max": 1069
          },
          "loadEventEnd": {
            "median": 3692,
            "mean": 3749,
            "mdev": 217.1683,
            "stddev": 376,
            "min": 3320,
            "p10": 3320,
            "p90": 4236,
            "p99": 4236,
            "max": 4236
          },
          "loadEventStart": {
            "median": 3688,
            "mean": 3746,
            "mdev": 217.1978,
            "stddev": 376,
            "min": 3317,
            "p10": 3317,
            "p90": 4233,
            "p99": 4233,
            "max": 4233
          },
          "redirectEnd": {
            "median": 1029,
            "mean": 926,
            "mdev": 99.431,
            "stddev": 172,
            "min": 683,
            "p10": 683,
            "p90": 1065,
            "p99": 1065,
            "max": 1065
          },
          "redirectStart": {
            "median": 2,
            "mean": 2,
            "mdev": 0.7201,
            "stddev": 1,
            "min": 1,
            "p10": 1,
            "p90": 4,
            "p99": 4,
            "max": 4
          },
          "requestStart": {
            "median": 1071,
            "mean": 976,
            "mdev": 98.2525,
            "stddev": 170,
            "min": 737,
            "p10": 737,
            "p90": 1120,
            "p99": 1120,
            "max": 1120
          },
          "responseEnd": {
            "median": 1361,
            "mean": 1271,
            "mdev": 108.0744,
            "stddev": 187,
            "min": 1010,
            "p10": 1010,
            "p90": 1441,
            "p99": 1441,
            "max": 1441
          },
          "responseStart": {
            "median": 1359,
            "mean": 1266,
            "mdev": 107.7408,
            "stddev": 187,
            "min": 1006,
            "p10": 1006,
            "p90": 1434,
            "p99": 1434,
            "max": 1434
          },
          "secureConnectionStart": {
            "median": 0,
            "mean": 0,
            "mdev": 0,
            "stddev": 0,
            "min": 0,
            "p10": 0,
            "p90": 0,
            "p99": 0,
            "max": 0
          },
          "startTime": {
            "median": 0,
            "mean": 0,
            "mdev": 0,
            "stddev": 0,
            "min": 0,
            "p10": 0,
            "p90": 0,
            "p99": 0,
            "max": 0
          },
          "unloadEventEnd": {
            "median": 0,
            "mean": 0,
            "mdev": 0,
            "stddev": 0,
            "min": 0,
            "p10": 0,
            "p90": 0,
            "p99": 0,
            "max": 0
          },
          "unloadEventStart": {
            "median": 0,
            "mean": 0,
            "mdev": 0,
            "stddev": 0,
            "min": 0,
            "p10": 0,
            "p90": 0,
            "p99": 0,
            "max": 0
          },
          "workerStart": {
            "median": 0,
            "mean": 0,
            "mdev": 0,
            "stddev": 0,
            "min": 0,
            "p10": 0,
            "p90": 0,
            "p99": 0,
            "max": 0
          }
        },
        "pageTimings": {
          "backEndTime": {
            "median": 1359,
            "mean": 1266,
            "mdev": 107.7408,
            "stddev": 187,
            "min": 1006,
            "p10": 1006,
            "p90": 1434,
            "p99": 1434,
            "max": 1434
          },
          "domContentLoadedTime": {
            "median": 2514,
            "mean": 2533,
            "mdev": 221.2296,
            "stddev": 383,
            "min": 2074,
            "p10": 2074,
            "p90": 3012,
            "p99": 3012,
            "max": 3012
          },
          "domInteractiveTime": {
            "median": 2496,
            "mean": 2514,
            "mdev": 221.9221,
            "stddev": 384,
            "min": 2053,
            "p10": 2053,
            "p90": 2994,
            "p99": 2994,
            "max": 2994
          },
          "domainLookupTime": {
            "median": 0,
            "mean": 0,
            "mdev": 0,
            "stddev": 0,
            "min": 0,
            "p10": 0,
            "p90": 0,
            "p99": 0,
            "max": 0
          },
          "frontEndTime": {
            "median": 2327,
            "mean": 2475,
            "mdev": 129.3645,
            "stddev": 224,
            "min": 2307,
            "p10": 2307,
            "p90": 2792,
            "p99": 2792,
            "max": 2792
          },
          "pageDownloadTime": {
            "median": 4,
            "mean": 4,
            "mdev": 1.6555,
            "stddev": 3,
            "min": 1,
            "p10": 1,
            "p90": 8,
            "p99": 8,
            "max": 8
          },
          "pageLoadTime": {
            "median": 3688,
            "mean": 3746,
            "mdev": 217.1978,
            "stddev": 376,
            "min": 3317,
            "p10": 3317,
            "p90": 4233,
            "p99": 4233,
            "max": 4233
          },
          "redirectionTime": {
            "median": 1025,
            "mean": 923,
            "mdev": 98.9302,
            "stddev": 171,
            "min": 682,
            "p10": 682,
            "p90": 1063,
            "p99": 1063,
            "max": 1063
          },
          "serverConnectionTime": {
            "median": 0,
            "mean": 0,
            "mdev": 0,
            "stddev": 0,
            "min": 0,
            "p10": 0,
            "p90": 0,
            "p99": 0,
            "max": 0
          },
          "serverResponseTime": {
            "median": 290,
            "mean": 294,
            "mdev": 11.6841,
            "stddev": 20,
            "min": 272,
            "p10": 272,
            "p90": 321,
            "p99": 321,
            "max": 321
          }
        },
        "rumSpeedIndex": {
          "median": 1359,
          "mean": 1266,
          "mdev": 107.5681,
          "stddev": 186,
          "min": 1006,
          "p10": 1006,
          "p90": 1433,
          "p99": 1433,
          "max": 1433
        },
        "timeToContentfulPaint": {
          "median": 3632,
          "mean": 3683,
          "mdev": 214.3243,
          "stddev": 371,
          "min": 3256,
          "p10": 3256,
          "p90": 4161,
          "p99": 4161,
          "max": 4161
        },
        "timeToDomContentFlushed": {
          "median": 2497,
          "mean": 2515,
          "mdev": 221.9221,
          "stddev": 384,
          "min": 2054,
          "p10": 2054,
          "p90": 2995,
          "p99": 2995,
          "max": 2995
        }
      }
    }
  }
]