[
  {
    "info": {
      "browsertime": {
        "version": "8.4.0"
      },
      "url": "https://www.shutterstock.com/",
      "timestamp": "2021-03-30T23:34:01+04:00",
      "connectivity": {
        "engine": "external",
        "profile": "native"
      },
      "extra": {}
    },
    "files": {
      "video": [],
      "screenshot": [],
      "timeline": [],
      "consoleLog": [],
      "netLog": [],
      "perfLog": []
    },
    "cdp": {
      "performance": []
    },
    "timestamps": [
      "2021-03-30T23:33:49+04:00",
      "2021-03-30T23:34:08+04:00",
      "2021-03-30T23:34:26+04:00"
    ],
    "browserScripts": [
      {
        "browser": {
          "appConstants": {
            "ACCESSIBILITY": true,
            "ANDROID_PACKAGE_NAME": "org.mozilla.firefox",
            "ASAN": false,
            "ASAN_REPORTER": false,
            "BROWSER_CHROME_URL": "chrome://browser/content/browser.xul",
            "DEBUG": false,
            "DEBUG_JS_MODULES": "",
            "DLL_PREFIX": "lib",
            "DLL_SUFFIX": ".so",
            "EARLY_BETA_OR_EARLIER": false,
            "FENNEC_NIGHTLY": false,
            "HAVE_SHELL_SERVICE": false,
            "HAVE_USR_LIB64_DIR": false,
            "MENUBAR_CAN_AUTOHIDE": false,
            "MOZILLA_OFFICIAL": true,
            "MOZ_ALLOW_LEGACY_EXTENSIONS": false,
            "MOZ_ANDROID_ACTIVITY_STREAM": false,
            "MOZ_ANDROID_HISTORY": true,
            "MOZ_ANDROID_MOZILLA_ONLINE": false,
            "MOZ_APP_NAME": "fennec",
            "MOZ_APP_VERSION": "68.1.1",
            "MOZ_APP_VERSION_DISPLAY": "68.1.1",
            "MOZ_BING_API_CLIENTID": "no-bing-api-clientid",
            "MOZ_BING_API_KEY": "no-bing-api-key",
            "MOZ_BITS_DOWNLOAD": false,
            "MOZ_BUILD_APP": "mobile/android",
            "MOZ_CODE_COVERAGE": false,
            "MOZ_CRASHREPORTER": true,
            "MOZ_DATA_REPORTING": true,
            "MOZ_DEV_EDITION": false,
            "MOZ_GECKO_PROFILER": true,
            "MOZ_GOOGLE_LOCATION_SERVICE_API_KEY": "AIzaSyB2h2OuRcUgy5N-5hsZqiPW6sH3n_rptiQ",
            "MOZ_GOOGLE_SAFEBROWSING_API_KEY": "AIzaSyC7jsptDS3am4tPx4r3nxis7IMjBc5Dovo",
            "MOZ_GRAPHENE": false,
            "MOZ_MACBUNDLE_NAME": "Firefox.app",
            "MOZ_MAINTENANCE_SERVICE": false,
            "MOZ_MOZILLA_API_KEY": "3b4d27dd-703d-4094-8398-4de2c763505a",
            "MOZ_NEW_CERT_STORAGE": false,
            "MOZ_NEW_NOTIFICATION_STORE": false,
            "MOZ_NEW_XULSTORE": false,
            "MOZ_OFFICIAL_BRANDING": false,
            "MOZ_PLACES": false,
            "MOZ_REQUIRE_SIGNING": false,
            "MOZ_SANDBOX": false,
            "MOZ_SERVICES_HEALTHREPORT": true,
            "MOZ_SERVICES_SYNC": false,
            "MOZ_SWITCHBOARD": true,
            "MOZ_SYSTEM_NSS": false,
            "MOZ_TELEMETRY_ON_BY_DEFAULT": false,
            "MOZ_TELEMETRY_REPORTING": true,
            "MOZ_UNSIGNED_SCOPES": 0,
            "MOZ_UPDATER": false,
            "MOZ_UPDATE_CHANNEL": "release",
            "MOZ_WEBRTC": true,
            "MOZ_WIDGET_GTK": false,
            "MOZ_WIDGET_TOOLKIT": "android",
            "NIGHTLY_BUILD": false,
            "OMNIJAR_NAME": "assets/omni.ja",
            "RELEASE_OR_BETA": true,
            "SOURCE_REVISION_URL": "https://hg.mozilla.org/releases/mozilla-esr68/rev/d2e0b9e17b9bc1ef02606c8006b73293f7892ad5",
            "TELEMETRY_PING_FORMAT_VERSION": 4,
            "XP_UNIX": true,
            "isPlatformAndVersionAtLeast": {},
            "isPlatformAndVersionAtMost": {},
            "platform": "android"
          },
          "asyncAppConstants": {
            "ACCESSIBILITY": true,
            "ANDROID_PACKAGE_NAME": "org.mozilla.firefox",
            "ASAN": false,
            "ASAN_REPORTER": false,
            "BROWSER_CHROME_URL": "chrome://browser/content/browser.xul",
            "DEBUG": false,
            "DEBUG_JS_MODULES": "",
            "DLL_PREFIX": "lib",
            "DLL_SUFFIX": ".so",
            "EARLY_BETA_OR_EARLIER": false,
            "FENNEC_NIGHTLY": false,
            "HAVE_SHELL_SERVICE": false,
            "HAVE_USR_LIB64_DIR": false,
            "MENUBAR_CAN_AUTOHIDE": false,
            "MOZILLA_OFFICIAL": true,
            "MOZ_ALLOW_LEGACY_EXTENSIONS": false,
            "MOZ_ANDROID_ACTIVITY_STREAM": false,
            "MOZ_ANDROID_HISTORY": true,
            "MOZ_ANDROID_MOZILLA_ONLINE": false,
            "MOZ_APP_NAME": "fennec",
            "MOZ_APP_VERSION": "68.1.1",
            "MOZ_APP_VERSION_DISPLAY": "68.1.1",
            "MOZ_BING_API_CLIENTID": "no-bing-api-clientid",
            "MOZ_BING_API_KEY": "no-bing-api-key",
            "MOZ_BITS_DOWNLOAD": false,
            "MOZ_BUILD_APP": "mobile/android",
            "MOZ_CODE_COVERAGE": false,
            "MOZ_CRASHREPORTER": true,
            "MOZ_DATA_REPORTING": true,
            "MOZ_DEV_EDITION": false,
            "MOZ_GECKO_PROFILER": true,
            "MOZ_GOOGLE_LOCATION_SERVICE_API_KEY": "AIzaSyB2h2OuRcUgy5N-5hsZqiPW6sH3n_rptiQ",
            "MOZ_GOOGLE_SAFEBROWSING_API_KEY": "AIzaSyC7jsptDS3am4tPx4r3nxis7IMjBc5Dovo",
            "MOZ_GRAPHENE": false,
            "MOZ_MACBUNDLE_NAME": "Firefox.app",
            "MOZ_MAINTENANCE_SERVICE": false,
            "MOZ_MOZILLA_API_KEY": "3b4d27dd-703d-4094-8398-4de2c763505a",
            "MOZ_NEW_CERT_STORAGE": false,
            "MOZ_NEW_NOTIFICATION_STORE": false,
            "MOZ_NEW_XULSTORE": false,
            "MOZ_OFFICIAL_BRANDING": false,
            "MOZ_PLACES": false,
            "MOZ_REQUIRE_SIGNING": false,
            "MOZ_SANDBOX": false,
            "MOZ_SERVICES_HEALTHREPORT": true,
            "MOZ_SERVICES_SYNC": false,
            "MOZ_SWITCHBOARD": true,
            "MOZ_SYSTEM_NSS": false,
            "MOZ_TELEMETRY_ON_BY_DEFAULT": false,
            "MOZ_TELEMETRY_REPORTING": true,
            "MOZ_UNSIGNED_SCOPES": 0,
            "MOZ_UPDATER": false,
            "MOZ_UPDATE_CHANNEL": "release",
            "MOZ_WEBRTC": true,
            "MOZ_WIDGET_GTK": false,
            "MOZ_WIDGET_TOOLKIT": "android",
            "NIGHTLY_BUILD": false,
            "OMNIJAR_NAME": "assets/omni.ja",
            "RELEASE_OR_BETA": true,
            "SOURCE_REVISION_URL": "https://hg.mozilla.org/releases/mozilla-esr68/rev/d2e0b9e17b9bc1ef02606c8006b73293f7892ad5",
            "TELEMETRY_PING_FORMAT_VERSION": 4,
            "XP_UNIX": true,
            "isPlatformAndVersionAtLeast": {},
            "isPlatformAndVersionAtMost": {},
            "platform": "android"
          },
          "userAgent": "Mozilla/5.0 (Android 9; Mobile; rv:68.0) Gecko/68.0 Firefox/68.0",
          "windowSize": "360x612"
        },
        "pageinfo": {
          "documentHeight": 10699,
          "documentSize": {
            "decodedBodySize": 243436,
            "encodedBodySize": 57323,
            "transferSize": 59274
          },
          "documentTitle": "Stock Images, Photos, Vectors, Video, and Music | Shutterstock",
          "documentWidth": 360,
          "domElements": 1718,
          "navigationStartTime": 1617132829582,
          "nextHopProtocol": "h2",
          "resources": {
            "count": 0,
            "duration": 0
          },
          "responsive": true,
          "url": "https://www.shutterstock.com/",
          "visualElements": {
            "heroes": [
              {
                "filename": "LOHP_Editor_Templates_copy.jpg?fit=fill&w=800&h=450",
                "height": 500,
                "name": "LargestImage",
                "width": 360,
                "x": 0,
                "y": 107
              },
              {
                "filename": null,
                "height": 64,
                "name": "Heading",
                "width": 321,
                "x": 20,
                "y": 315
              }
            ],
            "viewport": {
              "height": 612,
              "width": 360
            }
          }
        },
        "timings": {
          "firstPaint": 3373,
          "loadEventEnd": 5625,
          "navigationTiming": {
            "connectStart": 296,
            "domComplete": 3904,
            "domContentLoadedEventEnd": 3449,
            "domContentLoadedEventStart": 3442,
            "domInteractive": 1226,
            "domainLookupEnd": 295,
            "domainLookupStart": 295,
            "duration": 5625,
            "fetchStart": 2,
            "loadEventEnd": 5625,
            "loadEventStart": 5622,
            "redirectEnd": 0,
            "redirectStart": 0,
            "requestStart": 378,
            "responseEnd": 405,
            "responseStart": 396,
            "secureConnectionStart": 308,
            "startTime": 0,
            "unloadEventEnd": 0,
            "unloadEventStart": 0,
            "workerStart": 0
          },
          "pageTimings": {
            "backEndTime": 396,
            "domContentLoadedTime": 3442,
            "domInteractiveTime": 1226,
            "domainLookupTime": 0,
            "frontEndTime": 5217,
            "pageDownloadTime": 9,
            "pageLoadTime": 5622,
            "redirectionTime": 0,
            "serverConnectionTime": 82,
            "serverResponseTime": 26
          },
          "rumSpeedIndex": 395,
          "timeToContentfulPaint": 3548,
          "timeToDomContentFlushed": 3349,
          "userTimings": {
            "marks": [],
            "measures": []
          }
        }
      },
      {
        "browser": {
          "appConstants": {
            "ACCESSIBILITY": true,
            "ANDROID_PACKAGE_NAME": "org.mozilla.firefox",
            "ASAN": false,
            "ASAN_REPORTER": false,
            "BROWSER_CHROME_URL": "chrome://browser/content/browser.xul",
            "DEBUG": false,
            "DEBUG_JS_MODULES": "",
            "DLL_PREFIX": "lib",
            "DLL_SUFFIX": ".so",
            "EARLY_BETA_OR_EARLIER": false,
            "FENNEC_NIGHTLY": false,
            "HAVE_SHELL_SERVICE": false,
            "HAVE_USR_LIB64_DIR": false,
            "MENUBAR_CAN_AUTOHIDE": false,
            "MOZILLA_OFFICIAL": true,
            "MOZ_ALLOW_LEGACY_EXTENSIONS": false,
            "MOZ_ANDROID_ACTIVITY_STREAM": false,
            "MOZ_ANDROID_HISTORY": true,
            "MOZ_ANDROID_MOZILLA_ONLINE": false,
            "MOZ_APP_NAME": "fennec",
            "MOZ_APP_VERSION": "68.1.1",
            "MOZ_APP_VERSION_DISPLAY": "68.1.1",
            "MOZ_BING_API_CLIENTID": "no-bing-api-clientid",
            "MOZ_BING_API_KEY": "no-bing-api-key",
            "MOZ_BITS_DOWNLOAD": false,
            "MOZ_BUILD_APP": "mobile/android",
            "MOZ_CODE_COVERAGE": false,
            "MOZ_CRASHREPORTER": true,
            "MOZ_DATA_REPORTING": true,
            "MOZ_DEV_EDITION": false,
            "MOZ_GECKO_PROFILER": true,
            "MOZ_GOOGLE_LOCATION_SERVICE_API_KEY": "AIzaSyB2h2OuRcUgy5N-5hsZqiPW6sH3n_rptiQ",
            "MOZ_GOOGLE_SAFEBROWSING_API_KEY": "AIzaSyC7jsptDS3am4tPx4r3nxis7IMjBc5Dovo",
            "MOZ_GRAPHENE": false,
            "MOZ_MACBUNDLE_NAME": "Firefox.app",
            "MOZ_MAINTENANCE_SERVICE": false,
            "MOZ_MOZILLA_API_KEY": "3b4d27dd-703d-4094-8398-4de2c763505a",
            "MOZ_NEW_CERT_STORAGE": false,
            "MOZ_NEW_NOTIFICATION_STORE": false,
            "MOZ_NEW_XULSTORE": false,
            "MOZ_OFFICIAL_BRANDING": false,
            "MOZ_PLACES": false,
            "MOZ_REQUIRE_SIGNING": false,
            "MOZ_SANDBOX": false,
            "MOZ_SERVICES_HEALTHREPORT": true,
            "MOZ_SERVICES_SYNC": false,
            "MOZ_SWITCHBOARD": true,
            "MOZ_SYSTEM_NSS": false,
            "MOZ_TELEMETRY_ON_BY_DEFAULT": false,
            "MOZ_TELEMETRY_REPORTING": true,
            "MOZ_UNSIGNED_SCOPES": 0,
            "MOZ_UPDATER": false,
            "MOZ_UPDATE_CHANNEL": "release",
            "MOZ_WEBRTC": true,
            "MOZ_WIDGET_GTK": false,
            "MOZ_WIDGET_TOOLKIT": "android",
            "NIGHTLY_BUILD": false,
            "OMNIJAR_NAME": "assets/omni.ja",
            "RELEASE_OR_BETA": true,
            "SOURCE_REVISION_URL": "https://hg.mozilla.org/releases/mozilla-esr68/rev/d2e0b9e17b9bc1ef02606c8006b73293f7892ad5",
            "TELEMETRY_PING_FORMAT_VERSION": 4,
            "XP_UNIX": true,
            "isPlatformAndVersionAtLeast": {},
            "isPlatformAndVersionAtMost": {},
            "platform": "android"
          },
          "asyncAppConstants": {
            "ACCESSIBILITY": true,
            "ANDROID_PACKAGE_NAME": "org.mozilla.firefox",
            "ASAN": false,
            "ASAN_REPORTER": false,
            "BROWSER_CHROME_URL": "chrome://browser/content/browser.xul",
            "DEBUG": false,
            "DEBUG_JS_MODULES": "",
            "DLL_PREFIX": "lib",
            "DLL_SUFFIX": ".so",
            "EARLY_BETA_OR_EARLIER": false,
            "FENNEC_NIGHTLY": false,
            "HAVE_SHELL_SERVICE": false,
            "HAVE_USR_LIB64_DIR": false,
            "MENUBAR_CAN_AUTOHIDE": false,
            "MOZILLA_OFFICIAL": true,
            "MOZ_ALLOW_LEGACY_EXTENSIONS": false,
            "MOZ_ANDROID_ACTIVITY_STREAM": false,
            "MOZ_ANDROID_HISTORY": true,
            "MOZ_ANDROID_MOZILLA_ONLINE": false,
            "MOZ_APP_NAME": "fennec",
            "MOZ_APP_VERSION": "68.1.1",
            "MOZ_APP_VERSION_DISPLAY": "68.1.1",
            "MOZ_BING_API_CLIENTID": "no-bing-api-clientid",
            "MOZ_BING_API_KEY": "no-bing-api-key",
            "MOZ_BITS_DOWNLOAD": false,
            "MOZ_BUILD_APP": "mobile/android",
            "MOZ_CODE_COVERAGE": false,
            "MOZ_CRASHREPORTER": true,
            "MOZ_DATA_REPORTING": true,
            "MOZ_DEV_EDITION": false,
            "MOZ_GECKO_PROFILER": true,
            "MOZ_GOOGLE_LOCATION_SERVICE_API_KEY": "AIzaSyB2h2OuRcUgy5N-5hsZqiPW6sH3n_rptiQ",
            "MOZ_GOOGLE_SAFEBROWSING_API_KEY": "AIzaSyC7jsptDS3am4tPx4r3nxis7IMjBc5Dovo",
            "MOZ_GRAPHENE": false,
            "MOZ_MACBUNDLE_NAME": "Firefox.app",
            "MOZ_MAINTENANCE_SERVICE": false,
            "MOZ_MOZILLA_API_KEY": "3b4d27dd-703d-4094-8398-4de2c763505a",
            "MOZ_NEW_CERT_STORAGE": false,
            "MOZ_NEW_NOTIFICATION_STORE": false,
            "MOZ_NEW_XULSTORE": false,
            "MOZ_OFFICIAL_BRANDING": false,
            "MOZ_PLACES": false,
            "MOZ_REQUIRE_SIGNING": false,
            "MOZ_SANDBOX": false,
            "MOZ_SERVICES_HEALTHREPORT": true,
            "MOZ_SERVICES_SYNC": false,
            "MOZ_SWITCHBOARD": true,
            "MOZ_SYSTEM_NSS": false,
            "MOZ_TELEMETRY_ON_BY_DEFAULT": false,
            "MOZ_TELEMETRY_REPORTING": true,
            "MOZ_UNSIGNED_SCOPES": 0,
            "MOZ_UPDATER": false,
            "MOZ_UPDATE_CHANNEL": "release",
            "MOZ_WEBRTC": true,
            "MOZ_WIDGET_GTK": false,
            "MOZ_WIDGET_TOOLKIT": "android",
            "NIGHTLY_BUILD": false,
            "OMNIJAR_NAME": "assets/omni.ja",
            "RELEASE_OR_BETA": true,
            "SOURCE_REVISION_URL": "https://hg.mozilla.org/releases/mozilla-esr68/rev/d2e0b9e17b9bc1ef02606c8006b73293f7892ad5",
            "TELEMETRY_PING_FORMAT_VERSION": 4,
            "XP_UNIX": true,
            "isPlatformAndVersionAtLeast": {},
            "isPlatformAndVersionAtMost": {},
            "platform": "android"
          },
          "userAgent": "Mozilla/5.0 (Android 9; Mobile; rv:68.0) Gecko/68.0 Firefox/68.0",
          "windowSize": "360x612"
        },
        "pageinfo": {
          "documentHeight": 10699,
          "documentSize": {
            "decodedBodySize": 243436,
            "encodedBodySize": 57323,
            "transferSize": 59274
          },
          "documentTitle": "Stock Images, Photos, Vectors, Video, and Music | Shutterstock",
          "documentWidth": 360,
          "domElements": 1718,
          "navigationStartTime": 1617132848563,
          "nextHopProtocol": "h2",
          "resources": {
            "count": 0,
            "duration": 0
          },
          "responsive": true,
          "url": "https://www.shutterstock.com/",
          "visualElements": {
            "heroes": [
              {
                "filename": "LOHP_Editor_Templates_copy.jpg?fit=fill&w=800&h=450",
                "height": 500,
                "name": "LargestImage",
                "width": 360,
                "x": 0,
                "y": 107
              },
              {
                "filename": null,
                "height": 64,
                "name": "Heading",
                "width": 321,
                "x": 20,
                "y": 315
              }
            ],
            "viewport": {
              "height": 612,
              "width": 360
            }
          }
        },
        "timings": {
          "firstPaint": 3083,
          "loadEventEnd": 5374,
          "navigationTiming": {
            "connectStart": 37,
            "domComplete": 3650,
            "domContentLoadedEventEnd": 3214,
            "domContentLoadedEventStart": 3208,
            "domInteractive": 911,
            "domainLookupEnd": 37,
            "domainLookupStart": 36,
            "duration": 5374,
            "fetchStart": 2,
            "loadEventEnd": 5374,
            "loadEventStart": 5371,
            "redirectEnd": 0,
            "redirectStart": 0,
            "requestStart": 125,
            "responseEnd": 159,
            "responseStart": 146,
            "secureConnectionStart": 53,
            "startTime": 0,
            "unloadEventEnd": 0,
            "unloadEventStart": 0,
            "workerStart": 0
          },
          "pageTimings": {
            "backEndTime": 146,
            "domContentLoadedTime": 3208,
            "domInteractiveTime": 911,
            "domainLookupTime": 0,
            "frontEndTime": 5212,
            "pageDownloadTime": 13,
            "pageLoadTime": 5371,
            "redirectionTime": 0,
            "serverConnectionTime": 87,
            "serverResponseTime": 34
          },
          "rumSpeedIndex": 146,
          "timeToContentfulPaint": 3296,
          "timeToDomContentFlushed": 3057,
          "userTimings": {
            "marks": [],
            "measures": []
          }
        }
      },
      {
        "browser": {
          "appConstants": {
            "ACCESSIBILITY": true,
            "ANDROID_PACKAGE_NAME": "org.mozilla.firefox",
            "ASAN": false,
            "ASAN_REPORTER": false,
            "BROWSER_CHROME_URL": "chrome://browser/content/browser.xul",
            "DEBUG": false,
            "DEBUG_JS_MODULES": "",
            "DLL_PREFIX": "lib",
            "DLL_SUFFIX": ".so",
            "EARLY_BETA_OR_EARLIER": false,
            "FENNEC_NIGHTLY": false,
            "HAVE_SHELL_SERVICE": false,
            "HAVE_USR_LIB64_DIR": false,
            "MENUBAR_CAN_AUTOHIDE": false,
            "MOZILLA_OFFICIAL": true,
            "MOZ_ALLOW_LEGACY_EXTENSIONS": false,
            "MOZ_ANDROID_ACTIVITY_STREAM": false,
            "MOZ_ANDROID_HISTORY": true,
            "MOZ_ANDROID_MOZILLA_ONLINE": false,
            "MOZ_APP_NAME": "fennec",
            "MOZ_APP_VERSION": "68.1.1",
            "MOZ_APP_VERSION_DISPLAY": "68.1.1",
            "MOZ_BING_API_CLIENTID": "no-bing-api-clientid",
            "MOZ_BING_API_KEY": "no-bing-api-key",
            "MOZ_BITS_DOWNLOAD": false,
            "MOZ_BUILD_APP": "mobile/android",
            "MOZ_CODE_COVERAGE": false,
            "MOZ_CRASHREPORTER": true,
            "MOZ_DATA_REPORTING": true,
            "MOZ_DEV_EDITION": false,
            "MOZ_GECKO_PROFILER": true,
            "MOZ_GOOGLE_LOCATION_SERVICE_API_KEY": "AIzaSyB2h2OuRcUgy5N-5hsZqiPW6sH3n_rptiQ",
            "MOZ_GOOGLE_SAFEBROWSING_API_KEY": "AIzaSyC7jsptDS3am4tPx4r3nxis7IMjBc5Dovo",
            "MOZ_GRAPHENE": false,
            "MOZ_MACBUNDLE_NAME": "Firefox.app",
            "MOZ_MAINTENANCE_SERVICE": false,
            "MOZ_MOZILLA_API_KEY": "3b4d27dd-703d-4094-8398-4de2c763505a",
            "MOZ_NEW_CERT_STORAGE": false,
            "MOZ_NEW_NOTIFICATION_STORE": false,
            "MOZ_NEW_XULSTORE": false,
            "MOZ_OFFICIAL_BRANDING": false,
            "MOZ_PLACES": false,
            "MOZ_REQUIRE_SIGNING": false,
            "MOZ_SANDBOX": false,
            "MOZ_SERVICES_HEALTHREPORT": true,
            "MOZ_SERVICES_SYNC": false,
            "MOZ_SWITCHBOARD": true,
            "MOZ_SYSTEM_NSS": false,
            "MOZ_TELEMETRY_ON_BY_DEFAULT": false,
            "MOZ_TELEMETRY_REPORTING": true,
            "MOZ_UNSIGNED_SCOPES": 0,
            "MOZ_UPDATER": false,
            "MOZ_UPDATE_CHANNEL": "release",
            "MOZ_WEBRTC": true,
            "MOZ_WIDGET_GTK": false,
            "MOZ_WIDGET_TOOLKIT": "android",
            "NIGHTLY_BUILD": false,
            "OMNIJAR_NAME": "assets/omni.ja",
            "RELEASE_OR_BETA": true,
            "SOURCE_REVISION_URL": "https://hg.mozilla.org/releases/mozilla-esr68/rev/d2e0b9e17b9bc1ef02606c8006b73293f7892ad5",
            "TELEMETRY_PING_FORMAT_VERSION": 4,
            "XP_UNIX": true,
            "isPlatformAndVersionAtLeast": {},
            "isPlatformAndVersionAtMost": {},
            "platform": "android"
          },
          "asyncAppConstants": {
            "ACCESSIBILITY": true,
            "ANDROID_PACKAGE_NAME": "org.mozilla.firefox",
            "ASAN": false,
            "ASAN_REPORTER": false,
            "BROWSER_CHROME_URL": "chrome://browser/content/browser.xul",
            "DEBUG": false,
            "DEBUG_JS_MODULES": "",
            "DLL_PREFIX": "lib",
            "DLL_SUFFIX": ".so",
            "EARLY_BETA_OR_EARLIER": false,
            "FENNEC_NIGHTLY": false,
            "HAVE_SHELL_SERVICE": false,
            "HAVE_USR_LIB64_DIR": false,
            "MENUBAR_CAN_AUTOHIDE": false,
            "MOZILLA_OFFICIAL": true,
            "MOZ_ALLOW_LEGACY_EXTENSIONS": false,
            "MOZ_ANDROID_ACTIVITY_STREAM": false,
            "MOZ_ANDROID_HISTORY": true,
            "MOZ_ANDROID_MOZILLA_ONLINE": false,
            "MOZ_APP_NAME": "fennec",
            "MOZ_APP_VERSION": "68.1.1",
            "MOZ_APP_VERSION_DISPLAY": "68.1.1",
            "MOZ_BING_API_CLIENTID": "no-bing-api-clientid",
            "MOZ_BING_API_KEY": "no-bing-api-key",
            "MOZ_BITS_DOWNLOAD": false,
            "MOZ_BUILD_APP": "mobile/android",
            "MOZ_CODE_COVERAGE": false,
            "MOZ_CRASHREPORTER": true,
            "MOZ_DATA_REPORTING": true,
            "MOZ_DEV_EDITION": false,
            "MOZ_GECKO_PROFILER": true,
            "MOZ_GOOGLE_LOCATION_SERVICE_API_KEY": "AIzaSyB2h2OuRcUgy5N-5hsZqiPW6sH3n_rptiQ",
            "MOZ_GOOGLE_SAFEBROWSING_API_KEY": "AIzaSyC7jsptDS3am4tPx4r3nxis7IMjBc5Dovo",
            "MOZ_GRAPHENE": false,
            "MOZ_MACBUNDLE_NAME": "Firefox.app",
            "MOZ_MAINTENANCE_SERVICE": false,
            "MOZ_MOZILLA_API_KEY": "3b4d27dd-703d-4094-8398-4de2c763505a",
            "MOZ_NEW_CERT_STORAGE": false,
            "MOZ_NEW_NOTIFICATION_STORE": false,
            "MOZ_NEW_XULSTORE": false,
            "MOZ_OFFICIAL_BRANDING": false,
            "MOZ_PLACES": false,
            "MOZ_REQUIRE_SIGNING": false,
            "MOZ_SANDBOX": false,
            "MOZ_SERVICES_HEALTHREPORT": true,
            "MOZ_SERVICES_SYNC": false,
            "MOZ_SWITCHBOARD": true,
            "MOZ_SYSTEM_NSS": false,
            "MOZ_TELEMETRY_ON_BY_DEFAULT": false,
            "MOZ_TELEMETRY_REPORTING": true,
            "MOZ_UNSIGNED_SCOPES": 0,
            "MOZ_UPDATER": false,
            "MOZ_UPDATE_CHANNEL": "release",
            "MOZ_WEBRTC": true,
            "MOZ_WIDGET_GTK": false,
            "MOZ_WIDGET_TOOLKIT": "android",
            "NIGHTLY_BUILD": false,
            "OMNIJAR_NAME": "assets/omni.ja",
            "RELEASE_OR_BETA": true,
            "SOURCE_REVISION_URL": "https://hg.mozilla.org/releases/mozilla-esr68/rev/d2e0b9e17b9bc1ef02606c8006b73293f7892ad5",
            "TELEMETRY_PING_FORMAT_VERSION": 4,
            "XP_UNIX": true,
            "isPlatformAndVersionAtLeast": {},
            "isPlatformAndVersionAtMost": {},
            "platform": "android"
          },
          "userAgent": "Mozilla/5.0 (Android 9; Mobile; rv:68.0) Gecko/68.0 Firefox/68.0",
          "windowSize": "360x612"
        },
        "pageinfo": {
          "documentHeight": 10699,
          "documentSize": {
            "decodedBodySize": 243436,
            "encodedBodySize": 57323,
            "transferSize": 59274
          },
          "documentTitle": "Stock Images, Photos, Vectors, Video, and Music | Shutterstock",
          "documentWidth": 360,
          "domElements": 1718,
          "navigationStartTime": 1617132867123,
          "nextHopProtocol": "h2",
          "resources": {
            "count": 0,
            "duration": 0
          },
          "responsive": true,
          "url": "https://www.shutterstock.com/",
          "visualElements": {
            "heroes": [
              {
                "filename": "LOHP_Editor_Templates_copy.jpg?fit=fill&w=800&h=450",
                "height": 500,
                "name": "LargestImage",
                "width": 360,
                "x": 0,
                "y": 107
              },
              {
                "filename": null,
                "height": 64,
                "name": "Heading",
                "width": 321,
                "x": 20,
                "y": 315
              }
            ],
            "viewport": {
              "height": 612,
              "width": 360
            }
          }
        },
        "timings": {
          "firstPaint": 3354,
          "loadEventEnd": 5474,
          "navigationTiming": {
            "connectStart": 293,
            "domComplete": 3733,
            "domContentLoadedEventEnd": 3436,
            "domContentLoadedEventStart": 3430,
            "domInteractive": 1192,
            "domainLookupEnd": 292,
            "domainLookupStart": 292,
            "duration": 5474,
            "fetchStart": 2,
            "loadEventEnd": 5474,
            "loadEventStart": 5470,
            "redirectEnd": 0,
            "redirectStart": 0,
            "requestStart": 378,
            "responseEnd": 410,
            "responseStart": 394,
            "secureConnectionStart": 307,
            "startTime": 0,
            "unloadEventEnd": 0,
            "unloadEventStart": 0,
            "workerStart": 0
          },
          "pageTimings": {
            "backEndTime": 394,
            "domContentLoadedTime": 3430,
            "domInteractiveTime": 1192,
            "domainLookupTime": 0,
            "frontEndTime": 5060,
            "pageDownloadTime": 16,
            "pageLoadTime": 5470,
            "redirectionTime": 0,
            "serverConnectionTime": 84,
            "serverResponseTime": 32
          },
          "rumSpeedIndex": 393,
          "timeToContentfulPaint": 3536,
          "timeToDomContentFlushed": 3305,
          "userTimings": {
            "marks": [],
            "measures": []
          }
        }
      }
    ],
    "visualMetrics": [],
    "cpu": [],
    "extras": [
      {},
      {},
      {}
    ],
    "fullyLoaded": [],
    "errors": [
      [],
      [],
      []
    ],
    "statistics": {
      "browser": {
        "appConstants": {
          "MOZ_UNSIGNED_SCOPES": {
            "median": 0,
            "mean": 0,
            "mdev": 0,
            "stddev": 0,
            "min": 0,
            "p10": 0,
            "p90": 0,
            "p99": 0,
            "max": 0
          },
          "TELEMETRY_PING_FORMAT_VERSION": {
            "median": 4,
            "mean": 4,
            "mdev": 0,
            "stddev": 0,
            "min": 4,
            "p10": 4,
            "p90": 4,
            "p99": 4,
            "max": 4
          }
        },
        "asyncAppConstants": {
          "MOZ_UNSIGNED_SCOPES": {
            "median": 0,
            "mean": 0,
            "mdev": 0,
            "stddev": 0,
            "min": 0,
            "p10": 0,
            "p90": 0,
            "p99": 0,
            "max": 0
          },
          "TELEMETRY_PING_FORMAT_VERSION": {
            "median": 4,
            "mean": 4,
            "mdev": 0,
            "stddev": 0,
            "min": 4,
            "p10": 4,
            "p90": 4,
            "p99": 4,
            "max": 4
          }
        }
      },
      "pageinfo": {
        "documentHeight": {
          "median": 10699,
          "mean": 10699,
          "mdev": 0,
          "stddev": 0,
          "min": 10699,
          "p10": 10699,
          "p90": 10699,
          "p99": 10699,
          "max": 10699
        },
        "documentSize": {
          "decodedBodySize": {
            "median": 243436,
            "mean": 243436,
            "mdev": 0,
            "stddev": 0,
            "min": 243436,
            "p10": 243436,
            "p90": 243436,
            "p99": 243436,
            "max": 243436
          },
          "encodedBodySize": {
            "median": 57323,
            "mean": 57323,
            "mdev": 0,
            "stddev": 0,
            "min": 57323,
            "p10": 57323,
            "p90": 57323,
            "p99": 57323,
            "max": 57323
          },
          "transferSize": {
            "median": 59274,
            "mean": 59274,
            "mdev": 0,
            "stddev": 0,
            "min": 59274,
            "p10": 59274,
            "p90": 59274,
            "p99": 59274,
            "max": 59274
          }
        },
        "documentWidth": {
          "median": 360,
          "mean": 360,
          "mdev": 0,
          "stddev": 0,
          "min": 360,
          "p10": 360,
          "p90": 360,
          "p99": 360,
          "max": 360
        },
        "domElements": {
          "median": 1718,
          "mean": 1718,
          "mdev": 0,
          "stddev": 0,
          "min": 1718,
          "p10": 1718,
          "p90": 1718,
          "p99": 1718,
          "max": 1718
        },
        "navigationStartTime": {
          "median": 1617132848563,
          "mean": 1617132848423,
          "mdev": 0,
          "stddev": 0,
          "min": 1617132829582,
          "p10": 1617132829582,
          "p90": 1617132867123,
          "p99": 1617132867123,
          "max": 1617132867123
        },
        "resources": {
          "count": {
            "median": 0,
            "mean": 0,
            "mdev": 0,
            "stddev": 0,
            "min": 0,
            "p10": 0,
            "p90": 0,
            "p99": 0,
            "max": 0
          },
          "duration": {
            "median": 0,
            "mean": 0,
            "mdev": 0,
            "stddev": 0,
            "min": 0,
            "p10": 0,
            "p90": 0,
            "p99": 0,
            "max": 0
          }
        },
        "visualElements": {
          "heroes": [
            {
              "height": {
                "median": 500,
                "mean": 500,
                "mdev": 0,
                "stddev": 0,
                "min": 500,
                "p10": 500,
                "p90": 500,
                "p99": 500,
                "max": 500
              },
              "width": {
                "median": 360,
                "mean": 360,
                "mdev": 0,
                "stddev": 0,
                "min": 360,
                "p10": 360,
                "p90": 360,
                "p99": 360,
                "max": 360
              },
              "x": {
                "median": 0,
                "mean": 0,
                "mdev": 0,
                "stddev": 0,
                "min": 0,
                "p10": 0,
                "p90": 0,
                "p99": 0,
                "max": 0
              },
              "y": {
                "median": 107,
                "mean": 107,
                "mdev": 0,
                "stddev": 0,
                "min": 107,
                "p10": 107,
                "p90": 107,
                "p99": 107,
                "max": 107
              }
            },
            {
              "height": {
                "median": 64,
                "mean": 64,
                "mdev": 0,
                "stddev": 0,
                "min": 64,
                "p10": 64,
                "p90": 64,
                "p99": 64,
                "max": 64
              },
              "width": {
                "median": 321,
                "mean": 321,
                "mdev": 0,
                "stddev": 0,
                "min": 321,
                "p10": 321,
                "p90": 321,
                "p99": 321,
                "max": 321
              },
              "x": {
                "median": 20,
                "mean": 20,
                "mdev": 0,
                "stddev": 0,
                "min": 20,
                "p10": 20,
                "p90": 20,
                "p99": 20,
                "max": 20
              },
              "y": {
                "median": 315,
                "mean": 315,
                "mdev": 0,
                "stddev": 0,
                "min": 315,
                "p10": 315,
                "p90": 315,
                "p99": 315,
                "max": 315
              }
            }
          ],
          "viewport": {
            "height": {
              "median": 612,
              "mean": 612,
              "mdev": 0,
              "stddev": 0,
              "min": 612,
              "p10": 612,
              "p90": 612,
              "p99": 612,
              "max": 612
            },
            "width": {
              "median": 360,
              "mean": 360,
              "mdev": 0,
              "stddev": 0,
              "min": 360,
              "p10": 360,
              "p90": 360,
              "p99": 360,
              "max": 360
            }
          }
        }
      },
      "timings": {
        "firstPaint": {
          "median": 3354,
          "mean": 3270,
          "mdev": 76.4737,
          "stddev": 132,
          "min": 3083,
          "p10": 3083,
          "p90": 3373,
          "p99": 3373,
          "max": 3373
        },
        "loadEventEnd": {
          "median": 5474,
          "mean": 5491,
          "mdev": 59.567,
          "stddev": 103,
          "min": 5374,
          "p10": 5374,
          "p90": 5625,
          "p99": 5625,
          "max": 5625
        },
        "navigationTiming": {
          "connectStart": {
            "median": 293,
            "mean": 209,
            "mdev": 70.0862,
            "stddev": 121,
            "min": 37,
            "p10": 37,
            "p90": 296,
            "p99": 296,
            "max": 296
          },
          "domComplete": {
            "median": 3733,
            "mean": 3762,
            "mdev": 61.0543,
            "stddev": 106,
            "min": 3650,
            "p10": 3650,
            "p90": 3904,
            "p99": 3904,
            "max": 3904
          },
          "domContentLoadedEventEnd": {
            "median": 3436,
            "mean": 3366,
            "mdev": 62.2653,
            "stddev": 108,
            "min": 3214,
            "p10": 3214,
            "p90": 3449,
            "p99": 3449,
            "max": 3449
          },
          "domContentLoadedEventStart": {
            "median": 3430,
            "mean": 3360,
            "mdev": 62.1182,
            "stddev": 108,
            "min": 3208,
            "p10": 3208,
            "p90": 3442,
            "p99": 3442,
            "max": 3442
          },
          "domInteractive": {
            "median": 1192,
            "mean": 1110,
            "mdev": 81.5003,
            "stddev": 141,
            "min": 911,
            "p10": 911,
            "p90": 1226,
            "p99": 1226,
            "max": 1226
          },
          "domainLookupEnd": {
            "median": 292,
            "mean": 208,
            "mdev": 69.814,
            "stddev": 121,
            "min": 37,
            "p10": 37,
            "p90": 295,
            "p99": 295,
            "max": 295
          },
          "domainLookupStart": {
            "median": 292,
            "mean": 208,
            "mdev": 70.0862,
            "stddev": 121,
            "min": 36,
            "p10": 36,
            "p90": 295,
            "p99": 295,
            "max": 295
          },
          "duration": {
            "median": 5474,
            "mean": 5491,
            "mdev": 59.567,
            "stddev": 103,
            "min": 5374,
            "p10": 5374,
            "p90": 5625,
            "p99": 5625,
            "max": 5625
          },
          "fetchStart": {
            "median": 2,
            "mean": 2,
            "mdev": 0,
            "stddev": 0,
            "min": 2,
            "p10": 2,
            "p90": 2,
            "p99": 2,
            "max": 2
          },
          "loadEventEnd": {
            "median": 5474,
            "mean": 5491,
            "mdev": 59.567,
            "stddev": 103,
            "min": 5374,
            "p10": 5374,
            "p90": 5625,
            "p99": 5625,
            "max": 5625
          },
          "loadEventStart": {
            "median": 5470,
            "mean": 5488,
            "mdev": 59.5993,
            "stddev": 103,
            "min": 5371,
            "p10": 5371,
            "p90": 5622,
            "p99": 5622,
            "max": 5622
          },
          "redirectEnd": {
            "median": 0,
            "mean": 0,
            "mdev": 0,
            "stddev": 0,
            "min": 0,
            "p10": 0,
            "p90": 0,
            "p99": 0,
            "max": 0
          },
          "redirectStart": {
            "median": 0,
            "mean": 0,
            "mdev": 0,
            "stddev": 0,
            "min": 0,
            "p10": 0,
            "p90": 0,
            "p99": 0,
            "max": 0
          },
          "requestStart": {
            "median": 378,
            "mean": 294,
            "mdev": 68.8579,
            "stddev": 119,
            "min": 125,
            "p10": 125,
            "p90": 378,
            "p99": 378,
            "max": 378
          },
          "responseEnd": {
            "median": 405,
            "mean": 325,
            "mdev": 67.6434,
            "stddev": 117,
            "min": 159,
            "p10": 159,
            "p90": 410,
            "p99": 410,
            "max": 410
          },
          "responseStart": {
            "median": 394,
            "mean": 312,
            "mdev": 67.7709,
            "stddev": 117,
            "min": 146,
            "p10": 146,
            "p90": 396,
            "p99": 396,
            "max": 396
          },
          "secureConnectionStart": {
            "median": 307,
            "mean": 223,
            "mdev": 69.2665,
            "stddev": 120,
            "min": 53,
            "p10": 53,
            "p90": 308,
            "p99": 308,
            "max": 308
          },
          "startTime": {
            "median": 0,
            "mean": 0,
            "mdev": 0,
            "stddev": 0,
            "min": 0,
            "p10": 0,
            "p90": 0,
            "p99": 0,
            "max": 0
          },
          "unloadEventEnd": {
            "median": 0,
            "mean": 0,
            "mdev": 0,
            "stddev": 0,
            "min": 0,
            "p10": 0,
            "p90": 0,
            "p99": 0,
            "max": 0
          },
          "unloadEventStart": {
            "median": 0,
            "mean": 0,
            "mdev": 0,
            "stddev": 0,
            "min": 0,
            "p10": 0,
            "p90": 0,
            "p99": 0,
            "max": 0
          },
          "workerStart": {
            "median": 0,
            "mean": 0,
            "mdev": 0,
            "stddev": 0,
            "min": 0,
            "p10": 0,
            "p90": 0,
            "p99": 0,
            "max": 0
          }
        },
        "pageTimings": {
          "backEndTime": {
            "median": 394,
            "mean": 312,
            "mdev": 67.7709,
            "stddev": 117,
            "min": 146,
            "p10": 146,
            "p90": 396,
            "p99": 396,
            "max": 396
          },
          "domContentLoadedTime": {
            "median": 3430,
            "mean": 3360,
            "mdev": 62.1182,
            "stddev": 108,
            "min": 3208,
            "p10": 3208,
            "p90": 3442,
            "p99": 3442,
            "max": 3442
          },
          "domInteractiveTime": {
            "median": 1192,
            "mean": 1110,
            "mdev": 81.5003,
            "stddev": 141,
            "min": 911,
            "p10": 911,
            "p90": 1226,
            "p99": 1226,
            "max": 1226
          },
          "domainLookupTime": {
            "median": 0,
            "mean": 0,
            "mdev": 0,
            "stddev": 0,
            "min": 0,
            "p10": 0,
            "p90": 0,
            "p99": 0,
            "max": 0
          },
          "frontEndTime": {
            "median": 5212,
            "mean": 5163,
            "mdev": 42.0661,
            "stddev": 73,
            "min": 5060,
            "p10": 5060,
            "p90": 5217,
            "p99": 5217,
            "max": 5217
          },
          "pageDownloadTime": {
            "median": 13,
            "mean": 13,
            "mdev": 1.6555,
            "stddev": 3,
            "min": 9,
            "p10": 9,
            "p90": 16,
            "p99": 16,
            "max": 16
          },
          "pageLoadTime": {
            "median": 5470,
            "mean": 5488,
            "mdev": 59.5993,
            "stddev": 103,
            "min": 5371,
            "p10": 5371,
            "p90": 5622,
            "p99": 5622,
            "max": 5622
          },
          "redirectionTime": {
            "median": 0,
            "mean": 0,
            "mdev": 0,
            "stddev": 0,
            "min": 0,
            "p10": 0,
            "p90": 0,
            "p99": 0,
            "max": 0
          },
          "serverConnectionTime": {
            "median": 84,
            "mean": 84,
            "mdev": 1.1863,
            "stddev": 2,
            "min": 82,
            "p10": 82,
            "p90": 87,
            "p99": 87,
            "max": 87
          },
          "serverResponseTime": {
            "median": 32,
            "mean": 31,
            "mdev": 1.9626,
            "stddev": 3,
            "min": 26,
            "p10": 26,
            "p90": 34,
            "p99": 34,
            "max": 34
          }
        },
        "rumSpeedIndex": {
          "median": 393,
          "mean": 311,
          "mdev": 67.4987,
          "stddev": 117,
          "min": 146,
          "p10": 146,
          "p90": 395,
          "p99": 395,
          "max": 395
        },
        "timeToContentfulPaint": {
          "median": 3536,
          "mean": 3460,
          "mdev": 67.0124,
          "stddev": 116,
          "min": 3296,
          "p10": 3296,
          "p90": 3548,
          "p99": 3548,
          "max": 3548
        },
        "timeToDomContentFlushed": {
          "median": 3305,
          "mean": 3237,
          "mdev": 74.2129,
          "stddev": 129,
          "min": 3057,
          "p10": 3057,
          "p90": 3349,
          "p99": 3349,
          "max": 3349
        }
      }
    }
  }
]