[
  {
    "info": {
      "browsertime": {
        "version": "8.4.0"
      },
      "url": "https://www.aliexpress.com/",
      "timestamp": "2021-03-30T17:23:53+04:00",
      "connectivity": {
        "engine": "external",
        "profile": "native"
      },
      "extra": {}
    },
    "files": {
      "video": [],
      "screenshot": [],
      "timeline": [],
      "consoleLog": [],
      "netLog": [],
      "perfLog": []
    },
    "cdp": {
      "performance": []
    },
    "timestamps": [
      "2021-03-30T17:23:40+04:00",
      "2021-03-30T17:23:59+04:00",
      "2021-03-30T17:24:18+04:00"
    ],
    "browserScripts": [
      {
        "browser": {
          "appConstants": {
            "ACCESSIBILITY": true,
            "ANDROID_PACKAGE_NAME": "org.mozilla.firefox",
            "ASAN": false,
            "ASAN_REPORTER": false,
            "BROWSER_CHROME_URL": "chrome://browser/content/browser.xul",
            "DEBUG": false,
            "DEBUG_JS_MODULES": "",
            "DLL_PREFIX": "lib",
            "DLL_SUFFIX": ".so",
            "EARLY_BETA_OR_EARLIER": false,
            "FENNEC_NIGHTLY": false,
            "HAVE_SHELL_SERVICE": false,
            "HAVE_USR_LIB64_DIR": false,
            "MENUBAR_CAN_AUTOHIDE": false,
            "MOZILLA_OFFICIAL": true,
            "MOZ_ALLOW_LEGACY_EXTENSIONS": false,
            "MOZ_ANDROID_ACTIVITY_STREAM": false,
            "MOZ_ANDROID_HISTORY": true,
            "MOZ_ANDROID_MOZILLA_ONLINE": false,
            "MOZ_APP_NAME": "fennec",
            "MOZ_APP_VERSION": "68.1.1",
            "MOZ_APP_VERSION_DISPLAY": "68.1.1",
            "MOZ_BING_API_CLIENTID": "no-bing-api-clientid",
            "MOZ_BING_API_KEY": "no-bing-api-key",
            "MOZ_BITS_DOWNLOAD": false,
            "MOZ_BUILD_APP": "mobile/android",
            "MOZ_CODE_COVERAGE": false,
            "MOZ_CRASHREPORTER": true,
            "MOZ_DATA_REPORTING": true,
            "MOZ_DEV_EDITION": false,
            "MOZ_GECKO_PROFILER": true,
            "MOZ_GOOGLE_LOCATION_SERVICE_API_KEY": "AIzaSyB2h2OuRcUgy5N-5hsZqiPW6sH3n_rptiQ",
            "MOZ_GOOGLE_SAFEBROWSING_API_KEY": "AIzaSyC7jsptDS3am4tPx4r3nxis7IMjBc5Dovo",
            "MOZ_GRAPHENE": false,
            "MOZ_MACBUNDLE_NAME": "Firefox.app",
            "MOZ_MAINTENANCE_SERVICE": false,
            "MOZ_MOZILLA_API_KEY": "3b4d27dd-703d-4094-8398-4de2c763505a",
            "MOZ_NEW_CERT_STORAGE": false,
            "MOZ_NEW_NOTIFICATION_STORE": false,
            "MOZ_NEW_XULSTORE": false,
            "MOZ_OFFICIAL_BRANDING": false,
            "MOZ_PLACES": false,
            "MOZ_REQUIRE_SIGNING": false,
            "MOZ_SANDBOX": false,
            "MOZ_SERVICES_HEALTHREPORT": true,
            "MOZ_SERVICES_SYNC": false,
            "MOZ_SWITCHBOARD": true,
            "MOZ_SYSTEM_NSS": false,
            "MOZ_TELEMETRY_ON_BY_DEFAULT": false,
            "MOZ_TELEMETRY_REPORTING": true,
            "MOZ_UNSIGNED_SCOPES": 0,
            "MOZ_UPDATER": false,
            "MOZ_UPDATE_CHANNEL": "release",
            "MOZ_WEBRTC": true,
            "MOZ_WIDGET_GTK": false,
            "MOZ_WIDGET_TOOLKIT": "android",
            "NIGHTLY_BUILD": false,
            "OMNIJAR_NAME": "assets/omni.ja",
            "RELEASE_OR_BETA": true,
            "SOURCE_REVISION_URL": "https://hg.mozilla.org/releases/mozilla-esr68/rev/d2e0b9e17b9bc1ef02606c8006b73293f7892ad5",
            "TELEMETRY_PING_FORMAT_VERSION": 4,
            "XP_UNIX": true,
            "isPlatformAndVersionAtLeast": {},
            "isPlatformAndVersionAtMost": {},
            "platform": "android"
          },
          "asyncAppConstants": {
            "ACCESSIBILITY": true,
            "ANDROID_PACKAGE_NAME": "org.mozilla.firefox",
            "ASAN": false,
            "ASAN_REPORTER": false,
            "BROWSER_CHROME_URL": "chrome://browser/content/browser.xul",
            "DEBUG": false,
            "DEBUG_JS_MODULES": "",
            "DLL_PREFIX": "lib",
            "DLL_SUFFIX": ".so",
            "EARLY_BETA_OR_EARLIER": false,
            "FENNEC_NIGHTLY": false,
            "HAVE_SHELL_SERVICE": false,
            "HAVE_USR_LIB64_DIR": false,
            "MENUBAR_CAN_AUTOHIDE": false,
            "MOZILLA_OFFICIAL": true,
            "MOZ_ALLOW_LEGACY_EXTENSIONS": false,
            "MOZ_ANDROID_ACTIVITY_STREAM": false,
            "MOZ_ANDROID_HISTORY": true,
            "MOZ_ANDROID_MOZILLA_ONLINE": false,
            "MOZ_APP_NAME": "fennec",
            "MOZ_APP_VERSION": "68.1.1",
            "MOZ_APP_VERSION_DISPLAY": "68.1.1",
            "MOZ_BING_API_CLIENTID": "no-bing-api-clientid",
            "MOZ_BING_API_KEY": "no-bing-api-key",
            "MOZ_BITS_DOWNLOAD": false,
            "MOZ_BUILD_APP": "mobile/android",
            "MOZ_CODE_COVERAGE": false,
            "MOZ_CRASHREPORTER": true,
            "MOZ_DATA_REPORTING": true,
            "MOZ_DEV_EDITION": false,
            "MOZ_GECKO_PROFILER": true,
            "MOZ_GOOGLE_LOCATION_SERVICE_API_KEY": "AIzaSyB2h2OuRcUgy5N-5hsZqiPW6sH3n_rptiQ",
            "MOZ_GOOGLE_SAFEBROWSING_API_KEY": "AIzaSyC7jsptDS3am4tPx4r3nxis7IMjBc5Dovo",
            "MOZ_GRAPHENE": false,
            "MOZ_MACBUNDLE_NAME": "Firefox.app",
            "MOZ_MAINTENANCE_SERVICE": false,
            "MOZ_MOZILLA_API_KEY": "3b4d27dd-703d-4094-8398-4de2c763505a",
            "MOZ_NEW_CERT_STORAGE": false,
            "MOZ_NEW_NOTIFICATION_STORE": false,
            "MOZ_NEW_XULSTORE": false,
            "MOZ_OFFICIAL_BRANDING": false,
            "MOZ_PLACES": false,
            "MOZ_REQUIRE_SIGNING": false,
            "MOZ_SANDBOX": false,
            "MOZ_SERVICES_HEALTHREPORT": true,
            "MOZ_SERVICES_SYNC": false,
            "MOZ_SWITCHBOARD": true,
            "MOZ_SYSTEM_NSS": false,
            "MOZ_TELEMETRY_ON_BY_DEFAULT": false,
            "MOZ_TELEMETRY_REPORTING": true,
            "MOZ_UNSIGNED_SCOPES": 0,
            "MOZ_UPDATER": false,
            "MOZ_UPDATE_CHANNEL": "release",
            "MOZ_WEBRTC": true,
            "MOZ_WIDGET_GTK": false,
            "MOZ_WIDGET_TOOLKIT": "android",
            "NIGHTLY_BUILD": false,
            "OMNIJAR_NAME": "assets/omni.ja",
            "RELEASE_OR_BETA": true,
            "SOURCE_REVISION_URL": "https://hg.mozilla.org/releases/mozilla-esr68/rev/d2e0b9e17b9bc1ef02606c8006b73293f7892ad5",
            "TELEMETRY_PING_FORMAT_VERSION": 4,
            "XP_UNIX": true,
            "isPlatformAndVersionAtLeast": {},
            "isPlatformAndVersionAtMost": {},
            "platform": "android"
          },
          "userAgent": "Mozilla/5.0 (Android 9; Mobile; rv:68.0) Gecko/68.0 Firefox/68.0",
          "windowSize": "360x612"
        },
        "pageinfo": {
          "documentHeight": 1894,
          "documentSize": {
            "decodedBodySize": 21111,
            "encodedBodySize": 6533,
            "transferSize": 7410
          },
          "documentTitle": "Global Online Shopping for Apparel, Phones, Computers, Electronics, Fashion and more on AliExpress",
          "documentWidth": 360,
          "domElements": 347,
          "navigationStartTime": 1617110621270,
          "nextHopProtocol": "h2",
          "resources": {
            "count": 0,
            "duration": 0
          },
          "responsive": true,
          "url": "https://m.aliexpress.com/?tracelog=wwwhome2mobilesitehome",
          "visualElements": {
            "heroes": [
              {
                "filename": "H651849b13bc44ccda3f243937fa1c779y.gif",
                "height": 180,
                "name": "LargestImage",
                "width": 360,
                "x": 0,
                "y": 449
              }
            ],
            "viewport": {
              "height": 612,
              "width": 360
            }
          }
        },
        "timings": {
          "firstPaint": 860,
          "loadEventEnd": 5547,
          "navigationTiming": {
            "connectStart": 643,
            "domComplete": 5543,
            "domContentLoadedEventEnd": 1677,
            "domContentLoadedEventStart": 1672,
            "domInteractive": 1626,
            "domainLookupEnd": 642,
            "domainLookupStart": 642,
            "duration": 5547,
            "fetchStart": 605,
            "loadEventEnd": 5547,
            "loadEventStart": 5543,
            "redirectEnd": 599,
            "redirectStart": 2,
            "requestStart": 651,
            "responseEnd": 681,
            "responseStart": 680,
            "secureConnectionStart": 0,
            "startTime": 0,
            "unloadEventEnd": 0,
            "unloadEventStart": 0,
            "workerStart": 0
          },
          "pageTimings": {
            "backEndTime": 680,
            "domContentLoadedTime": 1672,
            "domInteractiveTime": 1626,
            "domainLookupTime": 0,
            "frontEndTime": 4862,
            "pageDownloadTime": 1,
            "pageLoadTime": 5543,
            "redirectionTime": 596,
            "serverConnectionTime": 0,
            "serverResponseTime": 31
          },
          "rumSpeedIndex": 680,
          "timeToContentfulPaint": 901,
          "timeToDomContentFlushed": 1629,
          "timeToFirstInteractive": 5798,
          "userTimings": {
            "marks": [
              {
                "name": "mark-startRender",
                "startTime": 780.38
              },
              {
                "name": "mark-dataComplete",
                "startTime": 1731.46
              },
              {
                "name": "mark-didMount",
                "startTime": 1968.94
              },
              {
                "name": "mark-cfpt",
                "startTime": 2391.52
              }
            ],
            "measures": [
              {
                "duration": 175.38,
                "name": "startRender",
                "startTime": 605
              },
              {
                "duration": 1126.46,
                "name": "dataComplete",
                "startTime": 605
              },
              {
                "duration": 1363.94,
                "name": "didMount",
                "startTime": 605
              },
              {
                "duration": 1786.52,
                "name": "cfpt",
                "startTime": 605
              }
            ]
          }
        }
      },
      {
        "browser": {
          "appConstants": {
            "ACCESSIBILITY": true,
            "ANDROID_PACKAGE_NAME": "org.mozilla.firefox",
            "ASAN": false,
            "ASAN_REPORTER": false,
            "BROWSER_CHROME_URL": "chrome://browser/content/browser.xul",
            "DEBUG": false,
            "DEBUG_JS_MODULES": "",
            "DLL_PREFIX": "lib",
            "DLL_SUFFIX": ".so",
            "EARLY_BETA_OR_EARLIER": false,
            "FENNEC_NIGHTLY": false,
            "HAVE_SHELL_SERVICE": false,
            "HAVE_USR_LIB64_DIR": false,
            "MENUBAR_CAN_AUTOHIDE": false,
            "MOZILLA_OFFICIAL": true,
            "MOZ_ALLOW_LEGACY_EXTENSIONS": false,
            "MOZ_ANDROID_ACTIVITY_STREAM": false,
            "MOZ_ANDROID_HISTORY": true,
            "MOZ_ANDROID_MOZILLA_ONLINE": false,
            "MOZ_APP_NAME": "fennec",
            "MOZ_APP_VERSION": "68.1.1",
            "MOZ_APP_VERSION_DISPLAY": "68.1.1",
            "MOZ_BING_API_CLIENTID": "no-bing-api-clientid",
            "MOZ_BING_API_KEY": "no-bing-api-key",
            "MOZ_BITS_DOWNLOAD": false,
            "MOZ_BUILD_APP": "mobile/android",
            "MOZ_CODE_COVERAGE": false,
            "MOZ_CRASHREPORTER": true,
            "MOZ_DATA_REPORTING": true,
            "MOZ_DEV_EDITION": false,
            "MOZ_GECKO_PROFILER": true,
            "MOZ_GOOGLE_LOCATION_SERVICE_API_KEY": "AIzaSyB2h2OuRcUgy5N-5hsZqiPW6sH3n_rptiQ",
            "MOZ_GOOGLE_SAFEBROWSING_API_KEY": "AIzaSyC7jsptDS3am4tPx4r3nxis7IMjBc5Dovo",
            "MOZ_GRAPHENE": false,
            "MOZ_MACBUNDLE_NAME": "Firefox.app",
            "MOZ_MAINTENANCE_SERVICE": false,
            "MOZ_MOZILLA_API_KEY": "3b4d27dd-703d-4094-8398-4de2c763505a",
            "MOZ_NEW_CERT_STORAGE": false,
            "MOZ_NEW_NOTIFICATION_STORE": false,
            "MOZ_NEW_XULSTORE": false,
            "MOZ_OFFICIAL_BRANDING": false,
            "MOZ_PLACES": false,
            "MOZ_REQUIRE_SIGNING": false,
            "MOZ_SANDBOX": false,
            "MOZ_SERVICES_HEALTHREPORT": true,
            "MOZ_SERVICES_SYNC": false,
            "MOZ_SWITCHBOARD": true,
            "MOZ_SYSTEM_NSS": false,
            "MOZ_TELEMETRY_ON_BY_DEFAULT": false,
            "MOZ_TELEMETRY_REPORTING": true,
            "MOZ_UNSIGNED_SCOPES": 0,
            "MOZ_UPDATER": false,
            "MOZ_UPDATE_CHANNEL": "release",
            "MOZ_WEBRTC": true,
            "MOZ_WIDGET_GTK": false,
            "MOZ_WIDGET_TOOLKIT": "android",
            "NIGHTLY_BUILD": false,
            "OMNIJAR_NAME": "assets/omni.ja",
            "RELEASE_OR_BETA": true,
            "SOURCE_REVISION_URL": "https://hg.mozilla.org/releases/mozilla-esr68/rev/d2e0b9e17b9bc1ef02606c8006b73293f7892ad5",
            "TELEMETRY_PING_FORMAT_VERSION": 4,
            "XP_UNIX": true,
            "isPlatformAndVersionAtLeast": {},
            "isPlatformAndVersionAtMost": {},
            "platform": "android"
          },
          "asyncAppConstants": {
            "ACCESSIBILITY": true,
            "ANDROID_PACKAGE_NAME": "org.mozilla.firefox",
            "ASAN": false,
            "ASAN_REPORTER": false,
            "BROWSER_CHROME_URL": "chrome://browser/content/browser.xul",
            "DEBUG": false,
            "DEBUG_JS_MODULES": "",
            "DLL_PREFIX": "lib",
            "DLL_SUFFIX": ".so",
            "EARLY_BETA_OR_EARLIER": false,
            "FENNEC_NIGHTLY": false,
            "HAVE_SHELL_SERVICE": false,
            "HAVE_USR_LIB64_DIR": false,
            "MENUBAR_CAN_AUTOHIDE": false,
            "MOZILLA_OFFICIAL": true,
            "MOZ_ALLOW_LEGACY_EXTENSIONS": false,
            "MOZ_ANDROID_ACTIVITY_STREAM": false,
            "MOZ_ANDROID_HISTORY": true,
            "MOZ_ANDROID_MOZILLA_ONLINE": false,
            "MOZ_APP_NAME": "fennec",
            "MOZ_APP_VERSION": "68.1.1",
            "MOZ_APP_VERSION_DISPLAY": "68.1.1",
            "MOZ_BING_API_CLIENTID": "no-bing-api-clientid",
            "MOZ_BING_API_KEY": "no-bing-api-key",
            "MOZ_BITS_DOWNLOAD": false,
            "MOZ_BUILD_APP": "mobile/android",
            "MOZ_CODE_COVERAGE": false,
            "MOZ_CRASHREPORTER": true,
            "MOZ_DATA_REPORTING": true,
            "MOZ_DEV_EDITION": false,
            "MOZ_GECKO_PROFILER": true,
            "MOZ_GOOGLE_LOCATION_SERVICE_API_KEY": "AIzaSyB2h2OuRcUgy5N-5hsZqiPW6sH3n_rptiQ",
            "MOZ_GOOGLE_SAFEBROWSING_API_KEY": "AIzaSyC7jsptDS3am4tPx4r3nxis7IMjBc5Dovo",
            "MOZ_GRAPHENE": false,
            "MOZ_MACBUNDLE_NAME": "Firefox.app",
            "MOZ_MAINTENANCE_SERVICE": false,
            "MOZ_MOZILLA_API_KEY": "3b4d27dd-703d-4094-8398-4de2c763505a",
            "MOZ_NEW_CERT_STORAGE": false,
            "MOZ_NEW_NOTIFICATION_STORE": false,
            "MOZ_NEW_XULSTORE": false,
            "MOZ_OFFICIAL_BRANDING": false,
            "MOZ_PLACES": false,
            "MOZ_REQUIRE_SIGNING": false,
            "MOZ_SANDBOX": false,
            "MOZ_SERVICES_HEALTHREPORT": true,
            "MOZ_SERVICES_SYNC": false,
            "MOZ_SWITCHBOARD": true,
            "MOZ_SYSTEM_NSS": false,
            "MOZ_TELEMETRY_ON_BY_DEFAULT": false,
            "MOZ_TELEMETRY_REPORTING": true,
            "MOZ_UNSIGNED_SCOPES": 0,
            "MOZ_UPDATER": false,
            "MOZ_UPDATE_CHANNEL": "release",
            "MOZ_WEBRTC": true,
            "MOZ_WIDGET_GTK": false,
            "MOZ_WIDGET_TOOLKIT": "android",
            "NIGHTLY_BUILD": false,
            "OMNIJAR_NAME": "assets/omni.ja",
            "RELEASE_OR_BETA": true,
            "SOURCE_REVISION_URL": "https://hg.mozilla.org/releases/mozilla-esr68/rev/d2e0b9e17b9bc1ef02606c8006b73293f7892ad5",
            "TELEMETRY_PING_FORMAT_VERSION": 4,
            "XP_UNIX": true,
            "isPlatformAndVersionAtLeast": {},
            "isPlatformAndVersionAtMost": {},
            "platform": "android"
          },
          "userAgent": "Mozilla/5.0 (Android 9; Mobile; rv:68.0) Gecko/68.0 Firefox/68.0",
          "windowSize": "360x612"
        },
        "pageinfo": {
          "documentHeight": 1894,
          "documentSize": {
            "decodedBodySize": 21111,
            "encodedBodySize": 6534,
            "transferSize": 7607
          },
          "documentTitle": "Global Online Shopping for Apparel, Phones, Computers, Electronics, Fashion and more on AliExpress",
          "documentWidth": 360,
          "domElements": 347,
          "navigationStartTime": 1617110639923,
          "nextHopProtocol": "h2",
          "resources": {
            "count": 0,
            "duration": 0
          },
          "responsive": true,
          "url": "https://m.aliexpress.com/?tracelog=wwwhome2mobilesitehome",
          "visualElements": {
            "heroes": [
              {
                "filename": "H651849b13bc44ccda3f243937fa1c779y.gif",
                "height": 180,
                "name": "LargestImage",
                "width": 360,
                "x": 0,
                "y": 449
              }
            ],
            "viewport": {
              "height": 612,
              "width": 360
            }
          }
        },
        "timings": {
          "firstPaint": 839,
          "loadEventEnd": 5863,
          "navigationTiming": {
            "connectStart": 622,
            "domComplete": 5860,
            "domContentLoadedEventEnd": 1618,
            "domContentLoadedEventStart": 1612,
            "domInteractive": 1567,
            "domainLookupEnd": 622,
            "domainLookupStart": 621,
            "duration": 5863,
            "fetchStart": 593,
            "loadEventEnd": 5863,
            "loadEventStart": 5860,
            "redirectEnd": 585,
            "redirectStart": 2,
            "requestStart": 632,
            "responseEnd": 663,
            "responseStart": 662,
            "secureConnectionStart": 0,
            "startTime": 0,
            "unloadEventEnd": 0,
            "unloadEventStart": 0,
            "workerStart": 0
          },
          "pageTimings": {
            "backEndTime": 662,
            "domContentLoadedTime": 1612,
            "domInteractiveTime": 1567,
            "domainLookupTime": 0,
            "frontEndTime": 5197,
            "pageDownloadTime": 1,
            "pageLoadTime": 5860,
            "redirectionTime": 583,
            "serverConnectionTime": 0,
            "serverResponseTime": 32
          },
          "rumSpeedIndex": 662,
          "timeToContentfulPaint": 883,
          "timeToDomContentFlushed": 1570,
          "timeToFirstInteractive": 6098,
          "userTimings": {
            "marks": [
              {
                "name": "mark-startRender",
                "startTime": 765.86
              },
              {
                "name": "mark-dataComplete",
                "startTime": 1747.84
              },
              {
                "name": "mark-didMount",
                "startTime": 2026.48
              },
              {
                "name": "mark-cfpt",
                "startTime": 2375.08
              }
            ],
            "measures": [
              {
                "duration": 172.86,
                "name": "startRender",
                "startTime": 593
              },
              {
                "duration": 1154.84,
                "name": "dataComplete",
                "startTime": 593
              },
              {
                "duration": 1433.48,
                "name": "didMount",
                "startTime": 593
              },
              {
                "duration": 1782.08,
                "name": "cfpt",
                "startTime": 593
              }
            ]
          }
        }
      },
      {
        "browser": {
          "appConstants": {
            "ACCESSIBILITY": true,
            "ANDROID_PACKAGE_NAME": "org.mozilla.firefox",
            "ASAN": false,
            "ASAN_REPORTER": false,
            "BROWSER_CHROME_URL": "chrome://browser/content/browser.xul",
            "DEBUG": false,
            "DEBUG_JS_MODULES": "",
            "DLL_PREFIX": "lib",
            "DLL_SUFFIX": ".so",
            "EARLY_BETA_OR_EARLIER": false,
            "FENNEC_NIGHTLY": false,
            "HAVE_SHELL_SERVICE": false,
            "HAVE_USR_LIB64_DIR": false,
            "MENUBAR_CAN_AUTOHIDE": false,
            "MOZILLA_OFFICIAL": true,
            "MOZ_ALLOW_LEGACY_EXTENSIONS": false,
            "MOZ_ANDROID_ACTIVITY_STREAM": false,
            "MOZ_ANDROID_HISTORY": true,
            "MOZ_ANDROID_MOZILLA_ONLINE": false,
            "MOZ_APP_NAME": "fennec",
            "MOZ_APP_VERSION": "68.1.1",
            "MOZ_APP_VERSION_DISPLAY": "68.1.1",
            "MOZ_BING_API_CLIENTID": "no-bing-api-clientid",
            "MOZ_BING_API_KEY": "no-bing-api-key",
            "MOZ_BITS_DOWNLOAD": false,
            "MOZ_BUILD_APP": "mobile/android",
            "MOZ_CODE_COVERAGE": false,
            "MOZ_CRASHREPORTER": true,
            "MOZ_DATA_REPORTING": true,
            "MOZ_DEV_EDITION": false,
            "MOZ_GECKO_PROFILER": true,
            "MOZ_GOOGLE_LOCATION_SERVICE_API_KEY": "AIzaSyB2h2OuRcUgy5N-5hsZqiPW6sH3n_rptiQ",
            "MOZ_GOOGLE_SAFEBROWSING_API_KEY": "AIzaSyC7jsptDS3am4tPx4r3nxis7IMjBc5Dovo",
            "MOZ_GRAPHENE": false,
            "MOZ_MACBUNDLE_NAME": "Firefox.app",
            "MOZ_MAINTENANCE_SERVICE": false,
            "MOZ_MOZILLA_API_KEY": "3b4d27dd-703d-4094-8398-4de2c763505a",
            "MOZ_NEW_CERT_STORAGE": false,
            "MOZ_NEW_NOTIFICATION_STORE": false,
            "MOZ_NEW_XULSTORE": false,
            "MOZ_OFFICIAL_BRANDING": false,
            "MOZ_PLACES": false,
            "MOZ_REQUIRE_SIGNING": false,
            "MOZ_SANDBOX": false,
            "MOZ_SERVICES_HEALTHREPORT": true,
            "MOZ_SERVICES_SYNC": false,
            "MOZ_SWITCHBOARD": true,
            "MOZ_SYSTEM_NSS": false,
            "MOZ_TELEMETRY_ON_BY_DEFAULT": false,
            "MOZ_TELEMETRY_REPORTING": true,
            "MOZ_UNSIGNED_SCOPES": 0,
            "MOZ_UPDATER": false,
            "MOZ_UPDATE_CHANNEL": "release",
            "MOZ_WEBRTC": true,
            "MOZ_WIDGET_GTK": false,
            "MOZ_WIDGET_TOOLKIT": "android",
            "NIGHTLY_BUILD": false,
            "OMNIJAR_NAME": "assets/omni.ja",
            "RELEASE_OR_BETA": true,
            "SOURCE_REVISION_URL": "https://hg.mozilla.org/releases/mozilla-esr68/rev/d2e0b9e17b9bc1ef02606c8006b73293f7892ad5",
            "TELEMETRY_PING_FORMAT_VERSION": 4,
            "XP_UNIX": true,
            "isPlatformAndVersionAtLeast": {},
            "isPlatformAndVersionAtMost": {},
            "platform": "android"
          },
          "asyncAppConstants": {
            "ACCESSIBILITY": true,
            "ANDROID_PACKAGE_NAME": "org.mozilla.firefox",
            "ASAN": false,
            "ASAN_REPORTER": false,
            "BROWSER_CHROME_URL": "chrome://browser/content/browser.xul",
            "DEBUG": false,
            "DEBUG_JS_MODULES": "",
            "DLL_PREFIX": "lib",
            "DLL_SUFFIX": ".so",
            "EARLY_BETA_OR_EARLIER": false,
            "FENNEC_NIGHTLY": false,
            "HAVE_SHELL_SERVICE": false,
            "HAVE_USR_LIB64_DIR": false,
            "MENUBAR_CAN_AUTOHIDE": false,
            "MOZILLA_OFFICIAL": true,
            "MOZ_ALLOW_LEGACY_EXTENSIONS": false,
            "MOZ_ANDROID_ACTIVITY_STREAM": false,
            "MOZ_ANDROID_HISTORY": true,
            "MOZ_ANDROID_MOZILLA_ONLINE": false,
            "MOZ_APP_NAME": "fennec",
            "MOZ_APP_VERSION": "68.1.1",
            "MOZ_APP_VERSION_DISPLAY": "68.1.1",
            "MOZ_BING_API_CLIENTID": "no-bing-api-clientid",
            "MOZ_BING_API_KEY": "no-bing-api-key",
            "MOZ_BITS_DOWNLOAD": false,
            "MOZ_BUILD_APP": "mobile/android",
            "MOZ_CODE_COVERAGE": false,
            "MOZ_CRASHREPORTER": true,
            "MOZ_DATA_REPORTING": true,
            "MOZ_DEV_EDITION": false,
            "MOZ_GECKO_PROFILER": true,
            "MOZ_GOOGLE_LOCATION_SERVICE_API_KEY": "AIzaSyB2h2OuRcUgy5N-5hsZqiPW6sH3n_rptiQ",
            "MOZ_GOOGLE_SAFEBROWSING_API_KEY": "AIzaSyC7jsptDS3am4tPx4r3nxis7IMjBc5Dovo",
            "MOZ_GRAPHENE": false,
            "MOZ_MACBUNDLE_NAME": "Firefox.app",
            "MOZ_MAINTENANCE_SERVICE": false,
            "MOZ_MOZILLA_API_KEY": "3b4d27dd-703d-4094-8398-4de2c763505a",
            "MOZ_NEW_CERT_STORAGE": false,
            "MOZ_NEW_NOTIFICATION_STORE": false,
            "MOZ_NEW_XULSTORE": false,
            "MOZ_OFFICIAL_BRANDING": false,
            "MOZ_PLACES": false,
            "MOZ_REQUIRE_SIGNING": false,
            "MOZ_SANDBOX": false,
            "MOZ_SERVICES_HEALTHREPORT": true,
            "MOZ_SERVICES_SYNC": false,
            "MOZ_SWITCHBOARD": true,
            "MOZ_SYSTEM_NSS": false,
            "MOZ_TELEMETRY_ON_BY_DEFAULT": false,
            "MOZ_TELEMETRY_REPORTING": true,
            "MOZ_UNSIGNED_SCOPES": 0,
            "MOZ_UPDATER": false,
            "MOZ_UPDATE_CHANNEL": "release",
            "MOZ_WEBRTC": true,
            "MOZ_WIDGET_GTK": false,
            "MOZ_WIDGET_TOOLKIT": "android",
            "NIGHTLY_BUILD": false,
            "OMNIJAR_NAME": "assets/omni.ja",
            "RELEASE_OR_BETA": true,
            "SOURCE_REVISION_URL": "https://hg.mozilla.org/releases/mozilla-esr68/rev/d2e0b9e17b9bc1ef02606c8006b73293f7892ad5",
            "TELEMETRY_PING_FORMAT_VERSION": 4,
            "XP_UNIX": true,
            "isPlatformAndVersionAtLeast": {},
            "isPlatformAndVersionAtMost": {},
            "platform": "android"
          },
          "userAgent": "Mozilla/5.0 (Android 9; Mobile; rv:68.0) Gecko/68.0 Firefox/68.0",
          "windowSize": "360x612"
        },
        "pageinfo": {
          "documentHeight": 1894,
          "documentSize": {
            "decodedBodySize": 21111,
            "encodedBodySize": 6534,
            "transferSize": 7369
          },
          "documentTitle": "Global Online Shopping for Apparel, Phones, Computers, Electronics, Fashion and more on AliExpress",
          "documentWidth": 360,
          "domElements": 347,
          "navigationStartTime": 1617110658742,
          "nextHopProtocol": "h2",
          "resources": {
            "count": 0,
            "duration": 0
          },
          "responsive": true,
          "url": "https://m.aliexpress.com/?tracelog=wwwhome2mobilesitehome",
          "visualElements": {
            "heroes": [
              {
                "filename": "H651849b13bc44ccda3f243937fa1c779y.gif",
                "height": 180,
                "name": "LargestImage",
                "width": 360,
                "x": 0,
                "y": 449
              }
            ],
            "viewport": {
              "height": 612,
              "width": 360
            }
          }
        },
        "timings": {
          "firstPaint": 692,
          "loadEventEnd": 4675,
          "navigationTiming": {
            "connectStart": 513,
            "domComplete": 4673,
            "domContentLoadedEventEnd": 1613,
            "domContentLoadedEventStart": 1607,
            "domInteractive": 1557,
            "domainLookupEnd": 512,
            "domainLookupStart": 512,
            "duration": 4675,
            "fetchStart": 420,
            "loadEventEnd": 4675,
            "loadEventStart": 4673,
            "redirectEnd": 414,
            "redirectStart": 3,
            "requestStart": 523,
            "responseEnd": 540,
            "responseStart": 539,
            "secureConnectionStart": 0,
            "startTime": 0,
            "unloadEventEnd": 0,
            "unloadEventStart": 0,
            "workerStart": 0
          },
          "pageTimings": {
            "backEndTime": 539,
            "domContentLoadedTime": 1607,
            "domInteractiveTime": 1557,
            "domainLookupTime": 0,
            "frontEndTime": 4133,
            "pageDownloadTime": 2,
            "pageLoadTime": 4673,
            "redirectionTime": 411,
            "serverConnectionTime": 0,
            "serverResponseTime": 17
          },
          "rumSpeedIndex": 538,
          "timeToContentfulPaint": 734,
          "timeToDomContentFlushed": 1561,
          "timeToFirstInteractive": 5269,
          "userTimings": {
            "marks": [
              {
                "name": "mark-startRender",
                "startTime": 614.22
              },
              {
                "name": "mark-dataComplete",
                "startTime": 1667.14
              },
              {
                "name": "mark-didMount",
                "startTime": 1921.38
              },
              {
                "name": "mark-cfpt",
                "startTime": 2409.3
              }
            ],
            "measures": [
              {
                "duration": 195.22000000000003,
                "name": "startRender",
                "startTime": 419
              },
              {
                "duration": 1248.14,
                "name": "dataComplete",
                "startTime": 419
              },
              {
                "duration": 1502.38,
                "name": "didMount",
                "startTime": 419
              },
              {
                "duration": 1990.3,
                "name": "cfpt",
                "startTime": 419
              }
            ]
          }
        }
      }
    ],
    "visualMetrics": [],
    "cpu": [],
    "extras": [
      {},
      {},
      {}
    ],
    "fullyLoaded": [],
    "errors": [
      [],
      [],
      []
    ],
    "statistics": {
      "browser": {
        "appConstants": {
          "MOZ_UNSIGNED_SCOPES": {
            "median": 0,
            "mean": 0,
            "mdev": 0,
            "stddev": 0,
            "min": 0,
            "p10": 0,
            "p90": 0,
            "p99": 0,
            "max": 0
          },
          "TELEMETRY_PING_FORMAT_VERSION": {
            "median": 4,
            "mean": 4,
            "mdev": 0,
            "stddev": 0,
            "min": 4,
            "p10": 4,
            "p90": 4,
            "p99": 4,
            "max": 4
          }
        },
        "asyncAppConstants": {
          "MOZ_UNSIGNED_SCOPES": {
            "median": 0,
            "mean": 0,
            "mdev": 0,
            "stddev": 0,
            "min": 0,
            "p10": 0,
            "p90": 0,
            "p99": 0,
            "max": 0
          },
          "TELEMETRY_PING_FORMAT_VERSION": {
            "median": 4,
            "mean": 4,
            "mdev": 0,
            "stddev": 0,
            "min": 4,
            "p10": 4,
            "p90": 4,
            "p99": 4,
            "max": 4
          }
        }
      },
      "pageinfo": {
        "documentHeight": {
          "median": 1894,
          "mean": 1894,
          "mdev": 0,
          "stddev": 0,
          "min": 1894,
          "p10": 1894,
          "p90": 1894,
          "p99": 1894,
          "max": 1894
        },
        "documentSize": {
          "decodedBodySize": {
            "median": 21111,
            "mean": 21111,
            "mdev": 0,
            "stddev": 0,
            "min": 21111,
            "p10": 21111,
            "p90": 21111,
            "p99": 21111,
            "max": 21111
          },
          "encodedBodySize": {
            "median": 6534,
            "mean": 6534,
            "mdev": 0.2722,
            "stddev": 0,
            "min": 6533,
            "p10": 6533,
            "p90": 6534,
            "p99": 6534,
            "max": 6534
          },
          "transferSize": {
            "median": 7410,
            "mean": 7462,
            "mdev": 59.9796,
            "stddev": 104,
            "min": 7369,
            "p10": 7369,
            "p90": 7607,
            "p99": 7607,
            "max": 7607
          }
        },
        "documentWidth": {
          "median": 360,
          "mean": 360,
          "mdev": 0,
          "stddev": 0,
          "min": 360,
          "p10": 360,
          "p90": 360,
          "p99": 360,
          "max": 360
        },
        "domElements": {
          "median": 347,
          "mean": 347,
          "mdev": 0,
          "stddev": 0,
          "min": 347,
          "p10": 347,
          "p90": 347,
          "p99": 347,
          "max": 347
        },
        "navigationStartTime": {
          "median": 1617110639923,
          "mean": 1617110639978,
          "mdev": 0,
          "stddev": 0,
          "min": 1617110621270,
          "p10": 1617110621270,
          "p90": 1617110658742,
          "p99": 1617110658742,
          "max": 1617110658742
        },
        "resources": {
          "count": {
            "median": 0,
            "mean": 0,
            "mdev": 0,
            "stddev": 0,
            "min": 0,
            "p10": 0,
            "p90": 0,
            "p99": 0,
            "max": 0
          },
          "duration": {
            "median": 0,
            "mean": 0,
            "mdev": 0,
            "stddev": 0,
            "min": 0,
            "p10": 0,
            "p90": 0,
            "p99": 0,
            "max": 0
          }
        },
        "visualElements": {
          "heroes": [
            {
              "height": {
                "median": 180,
                "mean": 180,
                "mdev": 0,
                "stddev": 0,
                "min": 180,
                "p10": 180,
                "p90": 180,
                "p99": 180,
                "max": 180
              },
              "width": {
                "median": 360,
                "mean": 360,
                "mdev": 0,
                "stddev": 0,
                "min": 360,
                "p10": 360,
                "p90": 360,
                "p99": 360,
                "max": 360
              },
              "x": {
                "median": 0,
                "mean": 0,
                "mdev": 0,
                "stddev": 0,
                "min": 0,
                "p10": 0,
                "p90": 0,
                "p99": 0,
                "max": 0
              },
              "y": {
                "median": 449,
                "mean": 449,
                "mdev": 0,
                "stddev": 0,
                "min": 449,
                "p10": 449,
                "p90": 449,
                "p99": 449,
                "max": 449
              }
            }
          ],
          "viewport": {
            "height": {
              "median": 612,
              "mean": 612,
              "mdev": 0,
              "stddev": 0,
              "min": 612,
              "p10": 612,
              "p90": 612,
              "p99": 612,
              "max": 612
            },
            "width": {
              "median": 360,
              "mean": 360,
              "mdev": 0,
              "stddev": 0,
              "min": 360,
              "p10": 360,
              "p90": 360,
              "p99": 360,
              "max": 360
            }
          }
        }
      },
      "timings": {
        "firstPaint": {
          "median": 839,
          "mean": 797,
          "mdev": 43.1509,
          "stddev": 75,
          "min": 692,
          "p10": 692,
          "p90": 860,
          "p99": 860,
          "max": 860
        },
        "loadEventEnd": {
          "median": 5547,
          "mean": 5362,
          "mdev": 290.0564,
          "stddev": 502,
          "min": 4675,
          "p10": 4675,
          "p90": 5863,
          "p99": 5863,
          "max": 5863
        },
        "navigationTiming": {
          "connectStart": {
            "median": 622,
            "mean": 593,
            "mdev": 32.8983,
            "stddev": 57,
            "min": 513,
            "p10": 513,
            "p90": 643,
            "p99": 643,
            "max": 643
          },
          "domComplete": {
            "median": 5543,
            "mean": 5359,
            "mdev": 289.7226,
            "stddev": 502,
            "min": 4673,
            "p10": 4673,
            "p90": 5860,
            "p99": 5860,
            "max": 5860
          },
          "domContentLoadedEventEnd": {
            "median": 1618,
            "mean": 1636,
            "mdev": 16.7796,
            "stddev": 29,
            "min": 1613,
            "p10": 1613,
            "p90": 1677,
            "p99": 1677,
            "max": 1677
          },
          "domContentLoadedEventStart": {
            "median": 1612,
            "mean": 1630,
            "mdev": 17.0511,
            "stddev": 30,
            "min": 1607,
            "p10": 1607,
            "p90": 1672,
            "p99": 1672,
            "max": 1672
          },
          "domInteractive": {
            "median": 1567,
            "mean": 1583,
            "mdev": 17.5773,
            "stddev": 30,
            "min": 1557,
            "p10": 1557,
            "p90": 1626,
            "p99": 1626,
            "max": 1626
          },
          "domainLookupEnd": {
            "median": 622,
            "mean": 592,
            "mdev": 32.9983,
            "stddev": 57,
            "min": 512,
            "p10": 512,
            "p90": 642,
            "p99": 642,
            "max": 642
          },
          "domainLookupStart": {
            "median": 621,
            "mean": 592,
            "mdev": 32.8983,
            "stddev": 57,
            "min": 512,
            "p10": 512,
            "p90": 642,
            "p99": 642,
            "max": 642
          },
          "duration": {
            "median": 5547,
            "mean": 5362,
            "mdev": 290.0564,
            "stddev": 502,
            "min": 4675,
            "p10": 4675,
            "p90": 5863,
            "p99": 5863,
            "max": 5863
          },
          "fetchStart": {
            "median": 593,
            "mean": 539,
            "mdev": 48.7997,
            "stddev": 85,
            "min": 420,
            "p10": 420,
            "p90": 605,
            "p99": 605,
            "max": 605
          },
          "loadEventEnd": {
            "median": 5547,
            "mean": 5362,
            "mdev": 290.0564,
            "stddev": 502,
            "min": 4675,
            "p10": 4675,
            "p90": 5863,
            "p99": 5863,
            "max": 5863
          },
          "loadEventStart": {
            "median": 5543,
            "mean": 5359,
            "mdev": 289.7226,
            "stddev": 502,
            "min": 4673,
            "p10": 4673,
            "p90": 5860,
            "p99": 5860,
            "max": 5860
          },
          "redirectEnd": {
            "median": 585,
            "mean": 533,
            "mdev": 48.5577,
            "stddev": 84,
            "min": 414,
            "p10": 414,
            "p90": 599,
            "p99": 599,
            "max": 599
          },
          "redirectStart": {
            "median": 2,
            "mean": 2,
            "mdev": 0.2722,
            "stddev": 0,
            "min": 2,
            "p10": 2,
            "p90": 3,
            "p99": 3,
            "max": 3
          },
          "requestStart": {
            "median": 632,
            "mean": 602,
            "mdev": 32.5611,
            "stddev": 56,
            "min": 523,
            "p10": 523,
            "p90": 651,
            "p99": 651,
            "max": 651
          },
          "responseEnd": {
            "median": 663,
            "mean": 628,
            "mdev": 36.1755,
            "stddev": 63,
            "min": 540,
            "p10": 540,
            "p90": 681,
            "p99": 681,
            "max": 681
          },
          "responseStart": {
            "median": 662,
            "mean": 627,
            "mdev": 36.1755,
            "stddev": 63,
            "min": 539,
            "p10": 539,
            "p90": 680,
            "p99": 680,
            "max": 680
          },
          "secureConnectionStart": {
            "median": 0,
            "mean": 0,
            "mdev": 0,
            "stddev": 0,
            "min": 0,
            "p10": 0,
            "p90": 0,
            "p99": 0,
            "max": 0
          },
          "startTime": {
            "median": 0,
            "mean": 0,
            "mdev": 0,
            "stddev": 0,
            "min": 0,
            "p10": 0,
            "p90": 0,
            "p99": 0,
            "max": 0
          },
          "unloadEventEnd": {
            "median": 0,
            "mean": 0,
            "mdev": 0,
            "stddev": 0,
            "min": 0,
            "p10": 0,
            "p90": 0,
            "p99": 0,
            "max": 0
          },
          "unloadEventStart": {
            "median": 0,
            "mean": 0,
            "mdev": 0,
            "stddev": 0,
            "min": 0,
            "p10": 0,
            "p90": 0,
            "p99": 0,
            "max": 0
          },
          "workerStart": {
            "median": 0,
            "mean": 0,
            "mdev": 0,
            "stddev": 0,
            "min": 0,
            "p10": 0,
            "p90": 0,
            "p99": 0,
            "max": 0
          }
        },
        "pageTimings": {
          "backEndTime": {
            "median": 662,
            "mean": 627,
            "mdev": 36.1755,
            "stddev": 63,
            "min": 539,
            "p10": 539,
            "p90": 680,
            "p99": 680,
            "max": 680
          },
          "domContentLoadedTime": {
            "median": 1612,
            "mean": 1630,
            "mdev": 17.0511,
            "stddev": 30,
            "min": 1607,
            "p10": 1607,
            "p90": 1672,
            "p99": 1672,
            "max": 1672
          },
          "domInteractiveTime": {
            "median": 1567,
            "mean": 1583,
            "mdev": 17.5773,
            "stddev": 30,
            "min": 1557,
            "p10": 1557,
            "p90": 1626,
            "p99": 1626,
            "max": 1626
          },
          "domainLookupTime": {
            "median": 0,
            "mean": 0,
            "mdev": 0,
            "stddev": 0,
            "min": 0,
            "p10": 0,
            "p90": 0,
            "p99": 0,
            "max": 0
          },
          "frontEndTime": {
            "median": 4862,
            "mean": 4731,
            "mdev": 256.4546,
            "stddev": 444,
            "min": 4133,
            "p10": 4133,
            "p90": 5197,
            "p99": 5197,
            "max": 5197
          },
          "pageDownloadTime": {
            "median": 1,
            "mean": 1,
            "mdev": 0.2722,
            "stddev": 0,
            "min": 1,
            "p10": 1,
            "p90": 2,
            "p99": 2,
            "max": 2
          },
          "pageLoadTime": {
            "median": 5543,
            "mean": 5359,
            "mdev": 289.7226,
            "stddev": 502,
            "min": 4673,
            "p10": 4673,
            "p90": 5860,
            "p99": 5860,
            "max": 5860
          },
          "redirectionTime": {
            "median": 583,
            "mean": 530,
            "mdev": 48.6781,
            "stddev": 84,
            "min": 411,
            "p10": 411,
            "p90": 596,
            "p99": 596,
            "max": 596
          },
          "serverConnectionTime": {
            "median": 0,
            "mean": 0,
            "mdev": 0,
            "stddev": 0,
            "min": 0,
            "p10": 0,
            "p90": 0,
            "p99": 0,
            "max": 0
          },
          "serverResponseTime": {
            "median": 31,
            "mean": 27,
            "mdev": 3.9534,
            "stddev": 7,
            "min": 17,
            "p10": 17,
            "p90": 32,
            "p99": 32,
            "max": 32
          }
        },
        "rumSpeedIndex": {
          "median": 662,
          "mean": 627,
          "mdev": 36.4458,
          "stddev": 63,
          "min": 538,
          "p10": 538,
          "p90": 680,
          "p99": 680,
          "max": 680
        },
        "timeToContentfulPaint": {
          "median": 883,
          "mean": 839,
          "mdev": 43.2109,
          "stddev": 75,
          "min": 734,
          "p10": 734,
          "p90": 901,
          "p99": 901,
          "max": 901
        },
        "timeToDomContentFlushed": {
          "median": 1570,
          "mean": 1587,
          "mdev": 17.4122,
          "stddev": 30,
          "min": 1561,
          "p10": 1561,
          "p90": 1629,
          "p99": 1629,
          "max": 1629
        },
        "timeToFirstInteractive": {
          "median": 5798,
          "mean": 5722,
          "mdev": 197.8666,
          "stddev": 343,
          "min": 5269,
          "p10": 5269,
          "p90": 6098,
          "p99": 6098,
          "max": 6098
        },
        "userTimings": {
          "marks": {
            "mark-startRender": {
              "median": 766,
              "mean": 720,
              "mdev": 43.3823,
              "stddev": 75,
              "min": 614,
              "p10": 614,
              "p90": 780,
              "p99": 780,
              "max": 780
            },
            "mark-dataComplete": {
              "median": 1731,
              "mean": 1715,
              "mdev": 20.1088,
              "stddev": 35,
              "min": 1667,
              "p10": 1667,
              "p90": 1748,
              "p99": 1748,
              "max": 1748
            },
            "mark-didMount": {
              "median": 1969,
              "mean": 1972,
              "mdev": 24.8095,
              "stddev": 43,
              "min": 1921,
              "p10": 1921,
              "p90": 2026,
              "p99": 2026,
              "max": 2026
            },
            "mark-cfpt": {
              "median": 2392,
              "mean": 2392,
              "mdev": 8.0678,
              "stddev": 14,
              "min": 2375,
              "p10": 2375,
              "p90": 2409,
              "p99": 2409,
              "max": 2409
            }
          },
          "measures": {
            "startRender": {
              "median": 175,
              "mean": 181,
              "mdev": 5.7733,
              "stddev": 10,
              "min": 173,
              "p10": 173,
              "p90": 195,
              "p99": 195,
              "max": 195
            },
            "dataComplete": {
              "median": 1155,
              "mean": 1176,
              "mdev": 30.0101,
              "stddev": 52,
              "min": 1126,
              "p10": 1126,
              "p90": 1248,
              "p99": 1248,
              "max": 1248
            },
            "didMount": {
              "median": 1433,
              "mean": 1433,
              "mdev": 32.6307,
              "stddev": 57,
              "min": 1364,
              "p10": 1364,
              "p90": 1502,
              "p99": 1502,
              "max": 1502
            },
            "cfpt": {
              "median": 1787,
              "mean": 1853,
              "mdev": 56.0759,
              "stddev": 97,
              "min": 1782,
              "p10": 1782,
              "p90": 1990,
              "p99": 1990,
              "max": 1990
            }
          }
        }
      }
    }
  }
]