[
  {
    "info": {
      "browsertime": {
        "version": "8.4.0"
      },
      "url": "https://www.walmart.com/",
      "timestamp": "2021-03-30T22:40:23+04:00",
      "connectivity": {
        "engine": "external",
        "profile": "native"
      },
      "extra": {}
    },
    "files": {
      "video": [],
      "screenshot": [],
      "timeline": [],
      "consoleLog": [],
      "netLog": [],
      "perfLog": []
    },
    "cdp": {
      "performance": []
    },
    "timestamps": [
      "2021-03-30T22:39:13+04:00",
      "2021-03-30T22:40:30+04:00",
      "2021-03-30T22:40:55+04:00"
    ],
    "browserScripts": [
      {
        "browser": {
          "appConstants": {
            "ACCESSIBILITY": true,
            "ANDROID_PACKAGE_NAME": "org.mozilla.firefox",
            "ASAN": false,
            "ASAN_REPORTER": false,
            "BROWSER_CHROME_URL": "chrome://browser/content/browser.xul",
            "DEBUG": false,
            "DEBUG_JS_MODULES": "",
            "DLL_PREFIX": "lib",
            "DLL_SUFFIX": ".so",
            "EARLY_BETA_OR_EARLIER": false,
            "FENNEC_NIGHTLY": false,
            "HAVE_SHELL_SERVICE": false,
            "HAVE_USR_LIB64_DIR": false,
            "MENUBAR_CAN_AUTOHIDE": false,
            "MOZILLA_OFFICIAL": true,
            "MOZ_ALLOW_LEGACY_EXTENSIONS": false,
            "MOZ_ANDROID_ACTIVITY_STREAM": false,
            "MOZ_ANDROID_HISTORY": true,
            "MOZ_ANDROID_MOZILLA_ONLINE": false,
            "MOZ_APP_NAME": "fennec",
            "MOZ_APP_VERSION": "68.1.1",
            "MOZ_APP_VERSION_DISPLAY": "68.1.1",
            "MOZ_BING_API_CLIENTID": "no-bing-api-clientid",
            "MOZ_BING_API_KEY": "no-bing-api-key",
            "MOZ_BITS_DOWNLOAD": false,
            "MOZ_BUILD_APP": "mobile/android",
            "MOZ_CODE_COVERAGE": false,
            "MOZ_CRASHREPORTER": true,
            "MOZ_DATA_REPORTING": true,
            "MOZ_DEV_EDITION": false,
            "MOZ_GECKO_PROFILER": true,
            "MOZ_GOOGLE_LOCATION_SERVICE_API_KEY": "AIzaSyB2h2OuRcUgy5N-5hsZqiPW6sH3n_rptiQ",
            "MOZ_GOOGLE_SAFEBROWSING_API_KEY": "AIzaSyC7jsptDS3am4tPx4r3nxis7IMjBc5Dovo",
            "MOZ_GRAPHENE": false,
            "MOZ_MACBUNDLE_NAME": "Firefox.app",
            "MOZ_MAINTENANCE_SERVICE": false,
            "MOZ_MOZILLA_API_KEY": "3b4d27dd-703d-4094-8398-4de2c763505a",
            "MOZ_NEW_CERT_STORAGE": false,
            "MOZ_NEW_NOTIFICATION_STORE": false,
            "MOZ_NEW_XULSTORE": false,
            "MOZ_OFFICIAL_BRANDING": false,
            "MOZ_PLACES": false,
            "MOZ_REQUIRE_SIGNING": false,
            "MOZ_SANDBOX": false,
            "MOZ_SERVICES_HEALTHREPORT": true,
            "MOZ_SERVICES_SYNC": false,
            "MOZ_SWITCHBOARD": true,
            "MOZ_SYSTEM_NSS": false,
            "MOZ_TELEMETRY_ON_BY_DEFAULT": false,
            "MOZ_TELEMETRY_REPORTING": true,
            "MOZ_UNSIGNED_SCOPES": 0,
            "MOZ_UPDATER": false,
            "MOZ_UPDATE_CHANNEL": "release",
            "MOZ_WEBRTC": true,
            "MOZ_WIDGET_GTK": false,
            "MOZ_WIDGET_TOOLKIT": "android",
            "NIGHTLY_BUILD": false,
            "OMNIJAR_NAME": "assets/omni.ja",
            "RELEASE_OR_BETA": true,
            "SOURCE_REVISION_URL": "https://hg.mozilla.org/releases/mozilla-esr68/rev/d2e0b9e17b9bc1ef02606c8006b73293f7892ad5",
            "TELEMETRY_PING_FORMAT_VERSION": 4,
            "XP_UNIX": true,
            "isPlatformAndVersionAtLeast": {},
            "isPlatformAndVersionAtMost": {},
            "platform": "android"
          },
          "asyncAppConstants": {
            "ACCESSIBILITY": true,
            "ANDROID_PACKAGE_NAME": "org.mozilla.firefox",
            "ASAN": false,
            "ASAN_REPORTER": false,
            "BROWSER_CHROME_URL": "chrome://browser/content/browser.xul",
            "DEBUG": false,
            "DEBUG_JS_MODULES": "",
            "DLL_PREFIX": "lib",
            "DLL_SUFFIX": ".so",
            "EARLY_BETA_OR_EARLIER": false,
            "FENNEC_NIGHTLY": false,
            "HAVE_SHELL_SERVICE": false,
            "HAVE_USR_LIB64_DIR": false,
            "MENUBAR_CAN_AUTOHIDE": false,
            "MOZILLA_OFFICIAL": true,
            "MOZ_ALLOW_LEGACY_EXTENSIONS": false,
            "MOZ_ANDROID_ACTIVITY_STREAM": false,
            "MOZ_ANDROID_HISTORY": true,
            "MOZ_ANDROID_MOZILLA_ONLINE": false,
            "MOZ_APP_NAME": "fennec",
            "MOZ_APP_VERSION": "68.1.1",
            "MOZ_APP_VERSION_DISPLAY": "68.1.1",
            "MOZ_BING_API_CLIENTID": "no-bing-api-clientid",
            "MOZ_BING_API_KEY": "no-bing-api-key",
            "MOZ_BITS_DOWNLOAD": false,
            "MOZ_BUILD_APP": "mobile/android",
            "MOZ_CODE_COVERAGE": false,
            "MOZ_CRASHREPORTER": true,
            "MOZ_DATA_REPORTING": true,
            "MOZ_DEV_EDITION": false,
            "MOZ_GECKO_PROFILER": true,
            "MOZ_GOOGLE_LOCATION_SERVICE_API_KEY": "AIzaSyB2h2OuRcUgy5N-5hsZqiPW6sH3n_rptiQ",
            "MOZ_GOOGLE_SAFEBROWSING_API_KEY": "AIzaSyC7jsptDS3am4tPx4r3nxis7IMjBc5Dovo",
            "MOZ_GRAPHENE": false,
            "MOZ_MACBUNDLE_NAME": "Firefox.app",
            "MOZ_MAINTENANCE_SERVICE": false,
            "MOZ_MOZILLA_API_KEY": "3b4d27dd-703d-4094-8398-4de2c763505a",
            "MOZ_NEW_CERT_STORAGE": false,
            "MOZ_NEW_NOTIFICATION_STORE": false,
            "MOZ_NEW_XULSTORE": false,
            "MOZ_OFFICIAL_BRANDING": false,
            "MOZ_PLACES": false,
            "MOZ_REQUIRE_SIGNING": false,
            "MOZ_SANDBOX": false,
            "MOZ_SERVICES_HEALTHREPORT": true,
            "MOZ_SERVICES_SYNC": false,
            "MOZ_SWITCHBOARD": true,
            "MOZ_SYSTEM_NSS": false,
            "MOZ_TELEMETRY_ON_BY_DEFAULT": false,
            "MOZ_TELEMETRY_REPORTING": true,
            "MOZ_UNSIGNED_SCOPES": 0,
            "MOZ_UPDATER": false,
            "MOZ_UPDATE_CHANNEL": "release",
            "MOZ_WEBRTC": true,
            "MOZ_WIDGET_GTK": false,
            "MOZ_WIDGET_TOOLKIT": "android",
            "NIGHTLY_BUILD": false,
            "OMNIJAR_NAME": "assets/omni.ja",
            "RELEASE_OR_BETA": true,
            "SOURCE_REVISION_URL": "https://hg.mozilla.org/releases/mozilla-esr68/rev/d2e0b9e17b9bc1ef02606c8006b73293f7892ad5",
            "TELEMETRY_PING_FORMAT_VERSION": 4,
            "XP_UNIX": true,
            "isPlatformAndVersionAtLeast": {},
            "isPlatformAndVersionAtMost": {},
            "platform": "android"
          },
          "userAgent": "Mozilla/5.0 (Android 9; Mobile; rv:68.0) Gecko/68.0 Firefox/68.0",
          "windowSize": "360x612"
        },
        "pageinfo": {
          "documentHeight": 3988,
          "documentSize": {
            "decodedBodySize": 232004,
            "encodedBodySize": 61578,
            "transferSize": 65620
          },
          "documentTitle": "Walmart.com | Save Money. Live Better.",
          "documentWidth": 360,
          "domElements": 9239,
          "navigationStartTime": 1617129553659,
          "nextHopProtocol": "h2",
          "resources": {
            "count": 0,
            "duration": 0
          },
          "responsive": true,
          "url": "https://www.walmart.com/",
          "visualElements": {
            "heroes": [
              {
                "filename": "k2-_c2a47b77-729a-412c-8cea-4cd3d4addc62.v1.jpg?odnWidth=767&odnHeight=231&odnBg=ffffff",
                "height": 180,
                "name": "LargestImage",
                "width": 598,
                "x": -119,
                "y": 220
              },
              {
                "filename": null,
                "height": 1,
                "name": "Heading",
                "width": 1,
                "x": -1,
                "y": 16
              }
            ],
            "viewport": {
              "height": 612,
              "width": 360
            }
          }
        },
        "timings": {
          "firstPaint": 1812,
          "loadEventEnd": 62000,
          "navigationTiming": {
            "connectStart": 293,
            "domComplete": 61807,
            "domContentLoadedEventEnd": 2626,
            "domContentLoadedEventStart": 2618,
            "domInteractive": 2493,
            "domainLookupEnd": 292,
            "domainLookupStart": 292,
            "duration": 62000,
            "fetchStart": 3,
            "loadEventEnd": 62000,
            "loadEventStart": 61880,
            "redirectEnd": 0,
            "redirectStart": 0,
            "requestStart": 373,
            "responseEnd": 1155,
            "responseStart": 1155,
            "secureConnectionStart": 303,
            "startTime": 0,
            "unloadEventEnd": 0,
            "unloadEventStart": 0,
            "workerStart": 0
          },
          "pageTimings": {
            "backEndTime": 1155,
            "domContentLoadedTime": 2618,
            "domInteractiveTime": 2493,
            "domainLookupTime": 0,
            "frontEndTime": 60725,
            "pageDownloadTime": 0,
            "pageLoadTime": 61880,
            "redirectionTime": 0,
            "serverConnectionTime": 78,
            "serverResponseTime": 783
          },
          "rumSpeedIndex": 1155,
          "timeToContentfulPaint": 2601,
          "timeToDomContentFlushed": 2515,
          "userTimings": {
            "marks": [
              {
                "name": "first-script",
                "startTime": 1289.12
              },
              {
                "name": "index-start",
                "startTime": 1291.32
              },
              {
                "name": "fire-event-instant",
                "startTime": 1768.22
              },
              {
                "name": "load-s2s-midas-scripts",
                "startTime": 1768.44
              },
              {
                "name": "entrypoint",
                "startTime": 2146.58
              },
              {
                "name": "above-the-fold",
                "startTime": 2198.68
              },
              {
                "name": "load",
                "startTime": 2200
              },
              {
                "name": "dom-content-loaded",
                "startTime": 2626.08
              },
              {
                "name": "s2s-tracking-loaded",
                "startTime": 3023.54
              },
              {
                "name": "load",
                "startTime": 61882.880000000005
              }
            ],
            "measures": [
              {
                "duration": 2198.68,
                "name": "catf",
                "startTime": 0
              },
              {
                "duration": 857.4599999999998,
                "name": "first-script to entrypoint",
                "startTime": 1289.12
              },
              {
                "duration": 857.4599999999998,
                "name": "first-script to entrypoint",
                "startTime": 1289.12
              },
              {
                "duration": 1336.9599999999998,
                "name": "first-script to dom-content-loaded",
                "startTime": 1289.12
              },
              {
                "duration": 857.4599999999998,
                "name": "first-script to entrypoint",
                "startTime": 1289.12
              },
              {
                "duration": 52.09999999999991,
                "name": "entrypoint to above-the-fold",
                "startTime": 2146.58
              }
            ]
          }
        }
      },
      {
        "browser": {
          "appConstants": {
            "ACCESSIBILITY": true,
            "ANDROID_PACKAGE_NAME": "org.mozilla.firefox",
            "ASAN": false,
            "ASAN_REPORTER": false,
            "BROWSER_CHROME_URL": "chrome://browser/content/browser.xul",
            "DEBUG": false,
            "DEBUG_JS_MODULES": "",
            "DLL_PREFIX": "lib",
            "DLL_SUFFIX": ".so",
            "EARLY_BETA_OR_EARLIER": false,
            "FENNEC_NIGHTLY": false,
            "HAVE_SHELL_SERVICE": false,
            "HAVE_USR_LIB64_DIR": false,
            "MENUBAR_CAN_AUTOHIDE": false,
            "MOZILLA_OFFICIAL": true,
            "MOZ_ALLOW_LEGACY_EXTENSIONS": false,
            "MOZ_ANDROID_ACTIVITY_STREAM": false,
            "MOZ_ANDROID_HISTORY": true,
            "MOZ_ANDROID_MOZILLA_ONLINE": false,
            "MOZ_APP_NAME": "fennec",
            "MOZ_APP_VERSION": "68.1.1",
            "MOZ_APP_VERSION_DISPLAY": "68.1.1",
            "MOZ_BING_API_CLIENTID": "no-bing-api-clientid",
            "MOZ_BING_API_KEY": "no-bing-api-key",
            "MOZ_BITS_DOWNLOAD": false,
            "MOZ_BUILD_APP": "mobile/android",
            "MOZ_CODE_COVERAGE": false,
            "MOZ_CRASHREPORTER": true,
            "MOZ_DATA_REPORTING": true,
            "MOZ_DEV_EDITION": false,
            "MOZ_GECKO_PROFILER": true,
            "MOZ_GOOGLE_LOCATION_SERVICE_API_KEY": "AIzaSyB2h2OuRcUgy5N-5hsZqiPW6sH3n_rptiQ",
            "MOZ_GOOGLE_SAFEBROWSING_API_KEY": "AIzaSyC7jsptDS3am4tPx4r3nxis7IMjBc5Dovo",
            "MOZ_GRAPHENE": false,
            "MOZ_MACBUNDLE_NAME": "Firefox.app",
            "MOZ_MAINTENANCE_SERVICE": false,
            "MOZ_MOZILLA_API_KEY": "3b4d27dd-703d-4094-8398-4de2c763505a",
            "MOZ_NEW_CERT_STORAGE": false,
            "MOZ_NEW_NOTIFICATION_STORE": false,
            "MOZ_NEW_XULSTORE": false,
            "MOZ_OFFICIAL_BRANDING": false,
            "MOZ_PLACES": false,
            "MOZ_REQUIRE_SIGNING": false,
            "MOZ_SANDBOX": false,
            "MOZ_SERVICES_HEALTHREPORT": true,
            "MOZ_SERVICES_SYNC": false,
            "MOZ_SWITCHBOARD": true,
            "MOZ_SYSTEM_NSS": false,
            "MOZ_TELEMETRY_ON_BY_DEFAULT": false,
            "MOZ_TELEMETRY_REPORTING": true,
            "MOZ_UNSIGNED_SCOPES": 0,
            "MOZ_UPDATER": false,
            "MOZ_UPDATE_CHANNEL": "release",
            "MOZ_WEBRTC": true,
            "MOZ_WIDGET_GTK": false,
            "MOZ_WIDGET_TOOLKIT": "android",
            "NIGHTLY_BUILD": false,
            "OMNIJAR_NAME": "assets/omni.ja",
            "RELEASE_OR_BETA": true,
            "SOURCE_REVISION_URL": "https://hg.mozilla.org/releases/mozilla-esr68/rev/d2e0b9e17b9bc1ef02606c8006b73293f7892ad5",
            "TELEMETRY_PING_FORMAT_VERSION": 4,
            "XP_UNIX": true,
            "isPlatformAndVersionAtLeast": {},
            "isPlatformAndVersionAtMost": {},
            "platform": "android"
          },
          "asyncAppConstants": {
            "ACCESSIBILITY": true,
            "ANDROID_PACKAGE_NAME": "org.mozilla.firefox",
            "ASAN": false,
            "ASAN_REPORTER": false,
            "BROWSER_CHROME_URL": "chrome://browser/content/browser.xul",
            "DEBUG": false,
            "DEBUG_JS_MODULES": "",
            "DLL_PREFIX": "lib",
            "DLL_SUFFIX": ".so",
            "EARLY_BETA_OR_EARLIER": false,
            "FENNEC_NIGHTLY": false,
            "HAVE_SHELL_SERVICE": false,
            "HAVE_USR_LIB64_DIR": false,
            "MENUBAR_CAN_AUTOHIDE": false,
            "MOZILLA_OFFICIAL": true,
            "MOZ_ALLOW_LEGACY_EXTENSIONS": false,
            "MOZ_ANDROID_ACTIVITY_STREAM": false,
            "MOZ_ANDROID_HISTORY": true,
            "MOZ_ANDROID_MOZILLA_ONLINE": false,
            "MOZ_APP_NAME": "fennec",
            "MOZ_APP_VERSION": "68.1.1",
            "MOZ_APP_VERSION_DISPLAY": "68.1.1",
            "MOZ_BING_API_CLIENTID": "no-bing-api-clientid",
            "MOZ_BING_API_KEY": "no-bing-api-key",
            "MOZ_BITS_DOWNLOAD": false,
            "MOZ_BUILD_APP": "mobile/android",
            "MOZ_CODE_COVERAGE": false,
            "MOZ_CRASHREPORTER": true,
            "MOZ_DATA_REPORTING": true,
            "MOZ_DEV_EDITION": false,
            "MOZ_GECKO_PROFILER": true,
            "MOZ_GOOGLE_LOCATION_SERVICE_API_KEY": "AIzaSyB2h2OuRcUgy5N-5hsZqiPW6sH3n_rptiQ",
            "MOZ_GOOGLE_SAFEBROWSING_API_KEY": "AIzaSyC7jsptDS3am4tPx4r3nxis7IMjBc5Dovo",
            "MOZ_GRAPHENE": false,
            "MOZ_MACBUNDLE_NAME": "Firefox.app",
            "MOZ_MAINTENANCE_SERVICE": false,
            "MOZ_MOZILLA_API_KEY": "3b4d27dd-703d-4094-8398-4de2c763505a",
            "MOZ_NEW_CERT_STORAGE": false,
            "MOZ_NEW_NOTIFICATION_STORE": false,
            "MOZ_NEW_XULSTORE": false,
            "MOZ_OFFICIAL_BRANDING": false,
            "MOZ_PLACES": false,
            "MOZ_REQUIRE_SIGNING": false,
            "MOZ_SANDBOX": false,
            "MOZ_SERVICES_HEALTHREPORT": true,
            "MOZ_SERVICES_SYNC": false,
            "MOZ_SWITCHBOARD": true,
            "MOZ_SYSTEM_NSS": false,
            "MOZ_TELEMETRY_ON_BY_DEFAULT": false,
            "MOZ_TELEMETRY_REPORTING": true,
            "MOZ_UNSIGNED_SCOPES": 0,
            "MOZ_UPDATER": false,
            "MOZ_UPDATE_CHANNEL": "release",
            "MOZ_WEBRTC": true,
            "MOZ_WIDGET_GTK": false,
            "MOZ_WIDGET_TOOLKIT": "android",
            "NIGHTLY_BUILD": false,
            "OMNIJAR_NAME": "assets/omni.ja",
            "RELEASE_OR_BETA": true,
            "SOURCE_REVISION_URL": "https://hg.mozilla.org/releases/mozilla-esr68/rev/d2e0b9e17b9bc1ef02606c8006b73293f7892ad5",
            "TELEMETRY_PING_FORMAT_VERSION": 4,
            "XP_UNIX": true,
            "isPlatformAndVersionAtLeast": {},
            "isPlatformAndVersionAtMost": {},
            "platform": "android"
          },
          "userAgent": "Mozilla/5.0 (Android 9; Mobile; rv:68.0) Gecko/68.0 Firefox/68.0",
          "windowSize": "360x612"
        },
        "pageinfo": {
          "documentHeight": 3988,
          "documentSize": {
            "decodedBodySize": 232549,
            "encodedBodySize": 61762,
            "transferSize": 65834
          },
          "documentTitle": "Walmart.com | Save Money. Live Better.",
          "documentWidth": 360,
          "domElements": 9262,
          "navigationStartTime": 1617129630713,
          "nextHopProtocol": "h2",
          "resources": {
            "count": 0,
            "duration": 0
          },
          "responsive": true,
          "url": "https://www.walmart.com/",
          "visualElements": {
            "heroes": [
              {
                "filename": "k2-_c2a47b77-729a-412c-8cea-4cd3d4addc62.v1.jpg?odnWidth=767&odnHeight=231&odnBg=ffffff",
                "height": 180,
                "name": "LargestImage",
                "width": 598,
                "x": -119,
                "y": 220
              },
              {
                "filename": null,
                "height": 1,
                "name": "Heading",
                "width": 1,
                "x": -1,
                "y": 16
              }
            ],
            "viewport": {
              "height": 612,
              "width": 360
            }
          }
        },
        "timings": {
          "firstPaint": 2339,
          "loadEventEnd": 10639,
          "navigationTiming": {
            "connectStart": 301,
            "domComplete": 10420,
            "domContentLoadedEventEnd": 2523,
            "domContentLoadedEventStart": 2512,
            "domInteractive": 2402,
            "domainLookupEnd": 301,
            "domainLookupStart": 300,
            "duration": 10639,
            "fetchStart": 2,
            "loadEventEnd": 10639,
            "loadEventStart": 10508,
            "redirectEnd": 0,
            "redirectStart": 0,
            "requestStart": 382,
            "responseEnd": 920,
            "responseStart": 920,
            "secureConnectionStart": 312,
            "startTime": 0,
            "unloadEventEnd": 0,
            "unloadEventStart": 0,
            "workerStart": 0
          },
          "pageTimings": {
            "backEndTime": 920,
            "domContentLoadedTime": 2512,
            "domInteractiveTime": 2402,
            "domainLookupTime": 0,
            "frontEndTime": 9589,
            "pageDownloadTime": 0,
            "pageLoadTime": 10508,
            "redirectionTime": 0,
            "serverConnectionTime": 79,
            "serverResponseTime": 538
          },
          "rumSpeedIndex": 919,
          "timeToContentfulPaint": 2521,
          "timeToDomContentFlushed": 2585,
          "userTimings": {
            "marks": [
              {
                "name": "first-script",
                "startTime": 1056.26
              },
              {
                "name": "index-start",
                "startTime": 1060.26
              },
              {
                "name": "fire-event-instant",
                "startTime": 1635.58
              },
              {
                "name": "load-s2s-midas-scripts",
                "startTime": 1635.8
              },
              {
                "name": "entrypoint",
                "startTime": 2040.94
              },
              {
                "name": "above-the-fold",
                "startTime": 2091.36
              },
              {
                "name": "load",
                "startTime": 2092.14
              },
              {
                "name": "dom-content-loaded",
                "startTime": 2522.66
              },
              {
                "name": "s2s-tracking-loaded",
                "startTime": 2795.6
              },
              {
                "name": "load",
                "startTime": 10510.1
              }
            ],
            "measures": [
              {
                "duration": 2091.36,
                "name": "catf",
                "startTime": 0
              },
              {
                "duration": 984.68,
                "name": "first-script to entrypoint",
                "startTime": 1056.26
              },
              {
                "duration": 984.68,
                "name": "first-script to entrypoint",
                "startTime": 1056.26
              },
              {
                "duration": 1466.4,
                "name": "first-script to dom-content-loaded",
                "startTime": 1056.26
              },
              {
                "duration": 984.68,
                "name": "first-script to entrypoint",
                "startTime": 1056.26
              },
              {
                "duration": 50.42000000000007,
                "name": "entrypoint to above-the-fold",
                "startTime": 2040.94
              }
            ]
          }
        }
      },
      {
        "browser": {
          "appConstants": {
            "ACCESSIBILITY": true,
            "ANDROID_PACKAGE_NAME": "org.mozilla.firefox",
            "ASAN": false,
            "ASAN_REPORTER": false,
            "BROWSER_CHROME_URL": "chrome://browser/content/browser.xul",
            "DEBUG": false,
            "DEBUG_JS_MODULES": "",
            "DLL_PREFIX": "lib",
            "DLL_SUFFIX": ".so",
            "EARLY_BETA_OR_EARLIER": false,
            "FENNEC_NIGHTLY": false,
            "HAVE_SHELL_SERVICE": false,
            "HAVE_USR_LIB64_DIR": false,
            "MENUBAR_CAN_AUTOHIDE": false,
            "MOZILLA_OFFICIAL": true,
            "MOZ_ALLOW_LEGACY_EXTENSIONS": false,
            "MOZ_ANDROID_ACTIVITY_STREAM": false,
            "MOZ_ANDROID_HISTORY": true,
            "MOZ_ANDROID_MOZILLA_ONLINE": false,
            "MOZ_APP_NAME": "fennec",
            "MOZ_APP_VERSION": "68.1.1",
            "MOZ_APP_VERSION_DISPLAY": "68.1.1",
            "MOZ_BING_API_CLIENTID": "no-bing-api-clientid",
            "MOZ_BING_API_KEY": "no-bing-api-key",
            "MOZ_BITS_DOWNLOAD": false,
            "MOZ_BUILD_APP": "mobile/android",
            "MOZ_CODE_COVERAGE": false,
            "MOZ_CRASHREPORTER": true,
            "MOZ_DATA_REPORTING": true,
            "MOZ_DEV_EDITION": false,
            "MOZ_GECKO_PROFILER": true,
            "MOZ_GOOGLE_LOCATION_SERVICE_API_KEY": "AIzaSyB2h2OuRcUgy5N-5hsZqiPW6sH3n_rptiQ",
            "MOZ_GOOGLE_SAFEBROWSING_API_KEY": "AIzaSyC7jsptDS3am4tPx4r3nxis7IMjBc5Dovo",
            "MOZ_GRAPHENE": false,
            "MOZ_MACBUNDLE_NAME": "Firefox.app",
            "MOZ_MAINTENANCE_SERVICE": false,
            "MOZ_MOZILLA_API_KEY": "3b4d27dd-703d-4094-8398-4de2c763505a",
            "MOZ_NEW_CERT_STORAGE": false,
            "MOZ_NEW_NOTIFICATION_STORE": false,
            "MOZ_NEW_XULSTORE": false,
            "MOZ_OFFICIAL_BRANDING": false,
            "MOZ_PLACES": false,
            "MOZ_REQUIRE_SIGNING": false,
            "MOZ_SANDBOX": false,
            "MOZ_SERVICES_HEALTHREPORT": true,
            "MOZ_SERVICES_SYNC": false,
            "MOZ_SWITCHBOARD": true,
            "MOZ_SYSTEM_NSS": false,
            "MOZ_TELEMETRY_ON_BY_DEFAULT": false,
            "MOZ_TELEMETRY_REPORTING": true,
            "MOZ_UNSIGNED_SCOPES": 0,
            "MOZ_UPDATER": false,
            "MOZ_UPDATE_CHANNEL": "release",
            "MOZ_WEBRTC": true,
            "MOZ_WIDGET_GTK": false,
            "MOZ_WIDGET_TOOLKIT": "android",
            "NIGHTLY_BUILD": false,
            "OMNIJAR_NAME": "assets/omni.ja",
            "RELEASE_OR_BETA": true,
            "SOURCE_REVISION_URL": "https://hg.mozilla.org/releases/mozilla-esr68/rev/d2e0b9e17b9bc1ef02606c8006b73293f7892ad5",
            "TELEMETRY_PING_FORMAT_VERSION": 4,
            "XP_UNIX": true,
            "isPlatformAndVersionAtLeast": {},
            "isPlatformAndVersionAtMost": {},
            "platform": "android"
          },
          "asyncAppConstants": {
            "ACCESSIBILITY": true,
            "ANDROID_PACKAGE_NAME": "org.mozilla.firefox",
            "ASAN": false,
            "ASAN_REPORTER": false,
            "BROWSER_CHROME_URL": "chrome://browser/content/browser.xul",
            "DEBUG": false,
            "DEBUG_JS_MODULES": "",
            "DLL_PREFIX": "lib",
            "DLL_SUFFIX": ".so",
            "EARLY_BETA_OR_EARLIER": false,
            "FENNEC_NIGHTLY": false,
            "HAVE_SHELL_SERVICE": false,
            "HAVE_USR_LIB64_DIR": false,
            "MENUBAR_CAN_AUTOHIDE": false,
            "MOZILLA_OFFICIAL": true,
            "MOZ_ALLOW_LEGACY_EXTENSIONS": false,
            "MOZ_ANDROID_ACTIVITY_STREAM": false,
            "MOZ_ANDROID_HISTORY": true,
            "MOZ_ANDROID_MOZILLA_ONLINE": false,
            "MOZ_APP_NAME": "fennec",
            "MOZ_APP_VERSION": "68.1.1",
            "MOZ_APP_VERSION_DISPLAY": "68.1.1",
            "MOZ_BING_API_CLIENTID": "no-bing-api-clientid",
            "MOZ_BING_API_KEY": "no-bing-api-key",
            "MOZ_BITS_DOWNLOAD": false,
            "MOZ_BUILD_APP": "mobile/android",
            "MOZ_CODE_COVERAGE": false,
            "MOZ_CRASHREPORTER": true,
            "MOZ_DATA_REPORTING": true,
            "MOZ_DEV_EDITION": false,
            "MOZ_GECKO_PROFILER": true,
            "MOZ_GOOGLE_LOCATION_SERVICE_API_KEY": "AIzaSyB2h2OuRcUgy5N-5hsZqiPW6sH3n_rptiQ",
            "MOZ_GOOGLE_SAFEBROWSING_API_KEY": "AIzaSyC7jsptDS3am4tPx4r3nxis7IMjBc5Dovo",
            "MOZ_GRAPHENE": false,
            "MOZ_MACBUNDLE_NAME": "Firefox.app",
            "MOZ_MAINTENANCE_SERVICE": false,
            "MOZ_MOZILLA_API_KEY": "3b4d27dd-703d-4094-8398-4de2c763505a",
            "MOZ_NEW_CERT_STORAGE": false,
            "MOZ_NEW_NOTIFICATION_STORE": false,
            "MOZ_NEW_XULSTORE": false,
            "MOZ_OFFICIAL_BRANDING": false,
            "MOZ_PLACES": false,
            "MOZ_REQUIRE_SIGNING": false,
            "MOZ_SANDBOX": false,
            "MOZ_SERVICES_HEALTHREPORT": true,
            "MOZ_SERVICES_SYNC": false,
            "MOZ_SWITCHBOARD": true,
            "MOZ_SYSTEM_NSS": false,
            "MOZ_TELEMETRY_ON_BY_DEFAULT": false,
            "MOZ_TELEMETRY_REPORTING": true,
            "MOZ_UNSIGNED_SCOPES": 0,
            "MOZ_UPDATER": false,
            "MOZ_UPDATE_CHANNEL": "release",
            "MOZ_WEBRTC": true,
            "MOZ_WIDGET_GTK": false,
            "MOZ_WIDGET_TOOLKIT": "android",
            "NIGHTLY_BUILD": false,
            "OMNIJAR_NAME": "assets/omni.ja",
            "RELEASE_OR_BETA": true,
            "SOURCE_REVISION_URL": "https://hg.mozilla.org/releases/mozilla-esr68/rev/d2e0b9e17b9bc1ef02606c8006b73293f7892ad5",
            "TELEMETRY_PING_FORMAT_VERSION": 4,
            "XP_UNIX": true,
            "isPlatformAndVersionAtLeast": {},
            "isPlatformAndVersionAtMost": {},
            "platform": "android"
          },
          "userAgent": "Mozilla/5.0 (Android 9; Mobile; rv:68.0) Gecko/68.0 Firefox/68.0",
          "windowSize": "360x612"
        },
        "pageinfo": {
          "documentHeight": 3988,
          "documentSize": {
            "decodedBodySize": 231969,
            "encodedBodySize": 61589,
            "transferSize": 65674
          },
          "documentTitle": "Walmart.com | Save Money. Live Better.",
          "documentWidth": 360,
          "domElements": 9260,
          "navigationStartTime": 1617129656451,
          "nextHopProtocol": "h2",
          "resources": {
            "count": 0,
            "duration": 0
          },
          "responsive": true,
          "url": "https://www.walmart.com/",
          "visualElements": {
            "heroes": [
              {
                "filename": "k2-_6a67f4e6-d0f4-48dd-b93c-bbf842046d65.v1.jpg?odnWidth=767&odnHeight=231&odnBg=ffffff",
                "height": 180,
                "name": "LargestImage",
                "width": 598,
                "x": -119,
                "y": 220
              },
              {
                "filename": null,
                "height": 1,
                "name": "Heading",
                "width": 1,
                "x": -1,
                "y": 16
              }
            ],
            "viewport": {
              "height": 612,
              "width": 360
            }
          }
        },
        "timings": {
          "firstPaint": 3664,
          "loadEventEnd": 68325,
          "navigationTiming": {
            "connectStart": 313,
            "domComplete": 68197,
            "domContentLoadedEventEnd": 3901,
            "domContentLoadedEventStart": 3894,
            "domInteractive": 3802,
            "domainLookupEnd": 311,
            "domainLookupStart": 310,
            "duration": 68325,
            "fetchStart": 2,
            "loadEventEnd": 68325,
            "loadEventStart": 68245,
            "redirectEnd": 0,
            "redirectStart": 0,
            "requestStart": 416,
            "responseEnd": 2132,
            "responseStart": 2132,
            "secureConnectionStart": 327,
            "startTime": 0,
            "unloadEventEnd": 0,
            "unloadEventStart": 0,
            "workerStart": 0
          },
          "pageTimings": {
            "backEndTime": 2132,
            "domContentLoadedTime": 3894,
            "domInteractiveTime": 3802,
            "domainLookupTime": 1,
            "frontEndTime": 66112,
            "pageDownloadTime": 0,
            "pageLoadTime": 68245,
            "redirectionTime": 0,
            "serverConnectionTime": 101,
            "serverResponseTime": 1717
          },
          "rumSpeedIndex": 2132,
          "timeToContentfulPaint": 3831,
          "timeToDomContentFlushed": 3944,
          "userTimings": {
            "marks": [
              {
                "name": "first-script",
                "startTime": 2283.06
              },
              {
                "name": "index-start",
                "startTime": 2286.2200000000003
              },
              {
                "name": "fire-event-instant",
                "startTime": 2904.56
              },
              {
                "name": "load-s2s-midas-scripts",
                "startTime": 2904.94
              },
              {
                "name": "entrypoint",
                "startTime": 3315.16
              },
              {
                "name": "above-the-fold",
                "startTime": 3366.08
              },
              {
                "name": "load",
                "startTime": 3366.88
              },
              {
                "name": "dom-content-loaded",
                "startTime": 3900.4
              },
              {
                "name": "s2s-tracking-loaded",
                "startTime": 4314.88
              },
              {
                "name": "load",
                "startTime": 68247.26
              }
            ],
            "measures": [
              {
                "duration": 3366.08,
                "name": "catf",
                "startTime": 0
              },
              {
                "duration": 1032.1,
                "name": "first-script to entrypoint",
                "startTime": 2283.06
              },
              {
                "duration": 1032.1,
                "name": "first-script to entrypoint",
                "startTime": 2283.06
              },
              {
                "duration": 1617.34,
                "name": "first-script to dom-content-loaded",
                "startTime": 2283.06
              },
              {
                "duration": 1032.1,
                "name": "first-script to entrypoint",
                "startTime": 2283.06
              },
              {
                "duration": 50.92000000000007,
                "name": "entrypoint to above-the-fold",
                "startTime": 3315.16
              }
            ]
          }
        }
      }
    ],
    "visualMetrics": [],
    "cpu": [],
    "extras": [
      {},
      {},
      {}
    ],
    "fullyLoaded": [],
    "errors": [
      [],
      [],
      []
    ],
    "statistics": {
      "browser": {
        "appConstants": {
          "MOZ_UNSIGNED_SCOPES": {
            "median": 0,
            "mean": 0,
            "mdev": 0,
            "stddev": 0,
            "min": 0,
            "p10": 0,
            "p90": 0,
            "p99": 0,
            "max": 0
          },
          "TELEMETRY_PING_FORMAT_VERSION": {
            "median": 4,
            "mean": 4,
            "mdev": 0,
            "stddev": 0,
            "min": 4,
            "p10": 4,
            "p90": 4,
            "p99": 4,
            "max": 4
          }
        },
        "asyncAppConstants": {
          "MOZ_UNSIGNED_SCOPES": {
            "median": 0,
            "mean": 0,
            "mdev": 0,
            "stddev": 0,
            "min": 0,
            "p10": 0,
            "p90": 0,
            "p99": 0,
            "max": 0
          },
          "TELEMETRY_PING_FORMAT_VERSION": {
            "median": 4,
            "mean": 4,
            "mdev": 0,
            "stddev": 0,
            "min": 4,
            "p10": 4,
            "p90": 4,
            "p99": 4,
            "max": 4
          }
        }
      },
      "pageinfo": {
        "documentHeight": {
          "median": 3988,
          "mean": 3988,
          "mdev": 0,
          "stddev": 0,
          "min": 3988,
          "p10": 3988,
          "p90": 3988,
          "p99": 3988,
          "max": 3988
        },
        "documentSize": {
          "decodedBodySize": {
            "median": 232004,
            "mean": 232174,
            "mdev": 153.3152,
            "stddev": 266,
            "min": 231969,
            "p10": 231969,
            "p90": 232549,
            "p99": 232549,
            "max": 232549
          },
          "encodedBodySize": {
            "median": 61589,
            "mean": 61643,
            "mdev": 48.6507,
            "stddev": 84,
            "min": 61578,
            "p10": 61578,
            "p90": 61762,
            "p99": 61762,
            "max": 61762
          },
          "transferSize": {
            "median": 65674,
            "mean": 65709,
            "mdev": 52.4623,
            "stddev": 91,
            "min": 65620,
            "p10": 65620,
            "p90": 65834,
            "p99": 65834,
            "max": 65834
          }
        },
        "documentWidth": {
          "median": 360,
          "mean": 360,
          "mdev": 0,
          "stddev": 0,
          "min": 360,
          "p10": 360,
          "p90": 360,
          "p99": 360,
          "max": 360
        },
        "domElements": {
          "median": 9260,
          "mean": 9254,
          "mdev": 6.0062,
          "stddev": 10,
          "min": 9239,
          "p10": 9239,
          "p90": 9262,
          "p99": 9262,
          "max": 9262
        },
        "navigationStartTime": {
          "median": 1617129630713,
          "mean": 1617129613608,
          "mdev": 28202.2041,
          "stddev": 48848,
          "min": 1617129553659,
          "p10": 1617129553659,
          "p90": 1617129656451,
          "p99": 1617129656451,
          "max": 1617129656451
        },
        "resources": {
          "count": {
            "median": 0,
            "mean": 0,
            "mdev": 0,
            "stddev": 0,
            "min": 0,
            "p10": 0,
            "p90": 0,
            "p99": 0,
            "max": 0
          },
          "duration": {
            "median": 0,
            "mean": 0,
            "mdev": 0,
            "stddev": 0,
            "min": 0,
            "p10": 0,
            "p90": 0,
            "p99": 0,
            "max": 0
          }
        },
        "visualElements": {
          "heroes": [
            {
              "height": {
                "median": 180,
                "mean": 180,
                "mdev": 0,
                "stddev": 0,
                "min": 180,
                "p10": 180,
                "p90": 180,
                "p99": 180,
                "max": 180
              },
              "width": {
                "median": 598,
                "mean": 598,
                "mdev": 0,
                "stddev": 0,
                "min": 598,
                "p10": 598,
                "p90": 598,
                "p99": 598,
                "max": 598
              },
              "x": {
                "median": -119,
                "mean": -119,
                "mdev": 0,
                "stddev": 0,
                "min": -119,
                "p10": -119,
                "p90": -119,
                "p99": -119,
                "max": -119
              },
              "y": {
                "median": 220,
                "mean": 220,
                "mdev": 0,
                "stddev": 0,
                "min": 220,
                "p10": 220,
                "p90": 220,
                "p99": 220,
                "max": 220
              }
            },
            {
              "height": {
                "median": 1,
                "mean": 1,
                "mdev": 0,
                "stddev": 0,
                "min": 1,
                "p10": 1,
                "p90": 1,
                "p99": 1,
                "max": 1
              },
              "width": {
                "median": 1,
                "mean": 1,
                "mdev": 0,
                "stddev": 0,
                "min": 1,
                "p10": 1,
                "p90": 1,
                "p99": 1,
                "max": 1
              },
              "x": {
                "median": -1,
                "mean": -1,
                "mdev": 0,
                "stddev": 0,
                "min": -1,
                "p10": -1,
                "p90": -1,
                "p99": -1,
                "max": -1
              },
              "y": {
                "median": 16,
                "mean": 16,
                "mdev": 0,
                "stddev": 0,
                "min": 16,
                "p10": 16,
                "p90": 16,
                "p99": 16,
                "max": 16
              }
            }
          ],
          "viewport": {
            "height": {
              "median": 612,
              "mean": 612,
              "mdev": 0,
              "stddev": 0,
              "min": 612,
              "p10": 612,
              "p90": 612,
              "p99": 612,
              "max": 612
            },
            "width": {
              "median": 360,
              "mean": 360,
              "mdev": 0,
              "stddev": 0,
              "min": 360,
              "p10": 360,
              "p90": 360,
              "p99": 360,
              "max": 360
            }
          }
        }
      },
      "timings": {
        "firstPaint": {
          "median": 2339,
          "mean": 2605,
          "mdev": 449.8254,
          "stddev": 779,
          "min": 1812,
          "p10": 1812,
          "p90": 3664,
          "p99": 3664,
          "max": 3664
        },
        "loadEventEnd": {
          "median": 62000,
          "mean": 46988,
          "mdev": 14914.1153,
          "stddev": 25832,
          "min": 10639,
          "p10": 10639,
          "p90": 68325,
          "p99": 68325,
          "max": 68325
        },
        "navigationTiming": {
          "connectStart": {
            "median": 301,
            "mean": 302,
            "mdev": 4.7454,
            "stddev": 8,
            "min": 293,
            "p10": 293,
            "p90": 313,
            "p99": 313,
            "max": 313
          },
          "domComplete": {
            "median": 61807,
            "mean": 46808,
            "mdev": 14931.4949,
            "stddev": 25862,
            "min": 10420,
            "p10": 10420,
            "p90": 68197,
            "p99": 68197,
            "max": 68197
          },
          "domContentLoadedEventEnd": {
            "median": 2626,
            "mean": 3017,
            "mdev": 361.8429,
            "stddev": 627,
            "min": 2523,
            "p10": 2523,
            "p90": 3901,
            "p99": 3901,
            "max": 3901
          },
          "domContentLoadedEventStart": {
            "median": 2618,
            "mean": 3008,
            "mdev": 362.5698,
            "stddev": 628,
            "min": 2512,
            "p10": 2512,
            "p90": 3894,
            "p99": 3894,
            "max": 3894
          },
          "domInteractive": {
            "median": 2493,
            "mean": 2899,
            "mdev": 369.2717,
            "stddev": 640,
            "min": 2402,
            "p10": 2402,
            "p90": 3802,
            "p99": 3802,
            "max": 3802
          },
          "domainLookupEnd": {
            "median": 301,
            "mean": 301,
            "mdev": 4.4804,
            "stddev": 8,
            "min": 292,
            "p10": 292,
            "p90": 311,
            "p99": 311,
            "max": 311
          },
          "domainLookupStart": {
            "median": 300,
            "mean": 301,
            "mdev": 4.2514,
            "stddev": 7,
            "min": 292,
            "p10": 292,
            "p90": 310,
            "p99": 310,
            "max": 310
          },
          "duration": {
            "median": 62000,
            "mean": 46988,
            "mdev": 14914.1153,
            "stddev": 25832,
            "min": 10639,
            "p10": 10639,
            "p90": 68325,
            "p99": 68325,
            "max": 68325
          },
          "fetchStart": {
            "median": 2,
            "mean": 2,
            "mdev": 0.2722,
            "stddev": 0,
            "min": 2,
            "p10": 2,
            "p90": 3,
            "p99": 3,
            "max": 3
          },
          "loadEventEnd": {
            "median": 62000,
            "mean": 46988,
            "mdev": 14914.1153,
            "stddev": 25832,
            "min": 10639,
            "p10": 10639,
            "p90": 68325,
            "p99": 68325,
            "max": 68325
          },
          "loadEventStart": {
            "median": 61880,
            "mean": 46878,
            "mdev": 14923.455,
            "stddev": 25848,
            "min": 10508,
            "p10": 10508,
            "p90": 68245,
            "p99": 68245,
            "max": 68245
          },
          "redirectEnd": {
            "median": 0,
            "mean": 0,
            "mdev": 0,
            "stddev": 0,
            "min": 0,
            "p10": 0,
            "p90": 0,
            "p99": 0,
            "max": 0
          },
          "redirectStart": {
            "median": 0,
            "mean": 0,
            "mdev": 0,
            "stddev": 0,
            "min": 0,
            "p10": 0,
            "p90": 0,
            "p99": 0,
            "max": 0
          },
          "requestStart": {
            "median": 382,
            "mean": 390,
            "mdev": 10.6909,
            "stddev": 19,
            "min": 373,
            "p10": 373,
            "p90": 416,
            "p99": 416,
            "max": 416
          },
          "responseEnd": {
            "median": 1155,
            "mean": 1402,
            "mdev": 302.9911,
            "stddev": 525,
            "min": 920,
            "p10": 920,
            "p90": 2132,
            "p99": 2132,
            "max": 2132
          },
          "responseStart": {
            "median": 1155,
            "mean": 1402,
            "mdev": 302.9911,
            "stddev": 525,
            "min": 920,
            "p10": 920,
            "p90": 2132,
            "p99": 2132,
            "max": 2132
          },
          "secureConnectionStart": {
            "median": 312,
            "mean": 314,
            "mdev": 5.7155,
            "stddev": 10,
            "min": 303,
            "p10": 303,
            "p90": 327,
            "p99": 327,
            "max": 327
          },
          "startTime": {
            "median": 0,
            "mean": 0,
            "mdev": 0,
            "stddev": 0,
            "min": 0,
            "p10": 0,
            "p90": 0,
            "p99": 0,
            "max": 0
          },
          "unloadEventEnd": {
            "median": 0,
            "mean": 0,
            "mdev": 0,
            "stddev": 0,
            "min": 0,
            "p10": 0,
            "p90": 0,
            "p99": 0,
            "max": 0
          },
          "unloadEventStart": {
            "median": 0,
            "mean": 0,
            "mdev": 0,
            "stddev": 0,
            "min": 0,
            "p10": 0,
            "p90": 0,
            "p99": 0,
            "max": 0
          },
          "workerStart": {
            "median": 0,
            "mean": 0,
            "mdev": 0,
            "stddev": 0,
            "min": 0,
            "p10": 0,
            "p90": 0,
            "p99": 0,
            "max": 0
          }
        },
        "pageTimings": {
          "backEndTime": {
            "median": 1155,
            "mean": 1402,
            "mdev": 302.9911,
            "stddev": 525,
            "min": 920,
            "p10": 920,
            "p90": 2132,
            "p99": 2132,
            "max": 2132
          },
          "domContentLoadedTime": {
            "median": 2618,
            "mean": 3008,
            "mdev": 362.5698,
            "stddev": 628,
            "min": 2512,
            "p10": 2512,
            "p90": 3894,
            "p99": 3894,
            "max": 3894
          },
          "domInteractiveTime": {
            "median": 2493,
            "mean": 2899,
            "mdev": 369.2717,
            "stddev": 640,
            "min": 2402,
            "p10": 2402,
            "p90": 3802,
            "p99": 3802,
            "max": 3802
          },
          "domainLookupTime": {
            "median": 0,
            "mean": 0,
            "mdev": 0.2722,
            "stddev": 0,
            "min": 0,
            "p10": 0,
            "p90": 1,
            "p99": 1,
            "max": 1
          },
          "frontEndTime": {
            "median": 60725,
            "mean": 45475,
            "mdev": 14705.4535,
            "stddev": 25471,
            "min": 9589,
            "p10": 9589,
            "p90": 66112,
            "p99": 66112,
            "max": 66112
          },
          "pageDownloadTime": {
            "median": 0,
            "mean": 0,
            "mdev": 0,
            "stddev": 0,
            "min": 0,
            "p10": 0,
            "p90": 0,
            "p99": 0,
            "max": 0
          },
          "pageLoadTime": {
            "median": 61880,
            "mean": 46878,
            "mdev": 14923.455,
            "stddev": 25848,
            "min": 10508,
            "p10": 10508,
            "p90": 68245,
            "p99": 68245,
            "max": 68245
          },
          "redirectionTime": {
            "median": 0,
            "mean": 0,
            "mdev": 0,
            "stddev": 0,
            "min": 0,
            "p10": 0,
            "p90": 0,
            "p99": 0,
            "max": 0
          },
          "serverConnectionTime": {
            "median": 79,
            "mean": 86,
            "mdev": 6.1283,
            "stddev": 11,
            "min": 78,
            "p10": 78,
            "p90": 101,
            "p99": 101,
            "max": 101
          },
          "serverResponseTime": {
            "median": 783,
            "mean": 1013,
            "mdev": 293.2842,
            "stddev": 508,
            "min": 538,
            "p10": 538,
            "p90": 1717,
            "p99": 1717,
            "max": 1717
          }
        },
        "rumSpeedIndex": {
          "median": 1155,
          "mean": 1402,
          "mdev": 303.1681,
          "stddev": 525,
          "min": 919,
          "p10": 919,
          "p90": 2132,
          "p99": 2132,
          "max": 2132
        },
        "timeToContentfulPaint": {
          "median": 2601,
          "mean": 2984,
          "mdev": 346.1642,
          "stddev": 600,
          "min": 2521,
          "p10": 2521,
          "p90": 3831,
          "p99": 3831,
          "max": 3831
        },
        "timeToDomContentFlushed": {
          "median": 2585,
          "mean": 3015,
          "mdev": 379.7573,
          "stddev": 658,
          "min": 2515,
          "p10": 2515,
          "p90": 3944,
          "p99": 3944,
          "max": 3944
        },
        "userTimings": {
          "marks": {
            "first-script": {
              "median": 1289,
              "mean": 1543,
              "mdev": 307.1481,
              "stddev": 532,
              "min": 1056,
              "p10": 1056,
              "p90": 2283,
              "p99": 2283,
              "max": 2283
            },
            "index-start": {
              "median": 1291,
              "mean": 1546,
              "mdev": 307.0886,
              "stddev": 532,
              "min": 1060,
              "p10": 1060,
              "p90": 2286,
              "p99": 2286,
              "max": 2286
            },
            "fire-event-instant": {
              "median": 1768,
              "mean": 2103,
              "mdev": 328.8122,
              "stddev": 570,
              "min": 1636,
              "p10": 1636,
              "p90": 2905,
              "p99": 2905,
              "max": 2905
            },
            "load-s2s-midas-scripts": {
              "median": 1768,
              "mean": 2103,
              "mdev": 328.8556,
              "stddev": 570,
              "min": 1636,
              "p10": 1636,
              "p90": 2905,
              "p99": 2905,
              "max": 2905
            },
            "entrypoint": {
              "median": 2147,
              "mean": 2501,
              "mdev": 333.3542,
              "stddev": 577,
              "min": 2041,
              "p10": 2041,
              "p90": 3315,
              "p99": 3315,
              "max": 3315
            },
            "above-the-fold": {
              "median": 2199,
              "mean": 2552,
              "mdev": 333.2917,
              "stddev": 577,
              "min": 2091,
              "p10": 2091,
              "p90": 3366,
              "p99": 3366,
              "max": 3366
            },
            "load": {
              "median": 61883,
              "mean": 46880,
              "mdev": 14923.5676,
              "stddev": 25848,
              "min": 10510,
              "p10": 10510,
              "p90": 68247,
              "p99": 68247,
              "max": 68247
            },
            "dom-content-loaded": {
              "median": 2626,
              "mean": 3016,
              "mdev": 361.7219,
              "stddev": 627,
              "min": 2523,
              "p10": 2523,
              "p90": 3900,
              "p99": 3900,
              "max": 3900
            },
            "s2s-tracking-loaded": {
              "median": 3024,
              "mean": 3378,
              "mdev": 386.2319,
              "stddev": 669,
              "min": 2796,
              "p10": 2796,
              "p90": 4315,
              "p99": 4315,
              "max": 4315
            }
          },
          "measures": {
            "catf": {
              "median": 2199,
              "mean": 2552,
              "mdev": 333.2917,
              "stddev": 577,
              "min": 2091,
              "p10": 2091,
              "p90": 3366,
              "p99": 3366,
              "max": 3366
            },
            "first-script to entrypoint": {
              "median": 985,
              "mean": 958,
              "mdev": 42.5714,
              "stddev": 74,
              "min": 857,
              "p10": 857,
              "p90": 1032,
              "p99": 1032,
              "max": 1032
            },
            "first-script to dom-content-loaded": {
              "median": 1466,
              "mean": 1474,
              "mdev": 66.1509,
              "stddev": 115,
              "min": 1337,
              "p10": 1337,
              "p90": 1617,
              "p99": 1617,
              "max": 1617
            },
            "entrypoint to above-the-fold": {
              "median": 51,
              "mean": 51,
              "mdev": 0.4066,
              "stddev": 1,
              "min": 50,
              "p10": 50,
              "p90": 52,
              "p99": 52,
              "max": 52
            }
          }
        }
      }
    }
  }
]