[
  {
    "info": {
      "browsertime": {
        "version": "8.4.0"
      },
      "url": "https://amazon.com/",
      "timestamp": "2021-03-30T00:39:07+04:00",
      "connectivity": {
        "engine": "external",
        "profile": "native"
      },
      "extra": {}
    },
    "files": {
      "video": [],
      "screenshot": [],
      "timeline": [],
      "consoleLog": [],
      "netLog": [],
      "perfLog": []
    },
    "cdp": {
      "performance": []
    },
    "timestamps": [
      "2021-03-30T00:38:55+04:00",
      "2021-03-30T00:39:19+04:00",
      "2021-03-30T00:39:42+04:00"
    ],
    "browserScripts": [
      {
        "browser": {
          "appConstants": {
            "ACCESSIBILITY": true,
            "ANDROID_PACKAGE_NAME": "org.mozilla.firefox",
            "ASAN": false,
            "ASAN_REPORTER": false,
            "BROWSER_CHROME_URL": "chrome://browser/content/browser.xul",
            "DEBUG": false,
            "DEBUG_JS_MODULES": "",
            "DLL_PREFIX": "lib",
            "DLL_SUFFIX": ".so",
            "EARLY_BETA_OR_EARLIER": false,
            "FENNEC_NIGHTLY": false,
            "HAVE_SHELL_SERVICE": false,
            "HAVE_USR_LIB64_DIR": false,
            "MENUBAR_CAN_AUTOHIDE": false,
            "MOZILLA_OFFICIAL": true,
            "MOZ_ALLOW_LEGACY_EXTENSIONS": false,
            "MOZ_ANDROID_ACTIVITY_STREAM": false,
            "MOZ_ANDROID_HISTORY": true,
            "MOZ_ANDROID_MOZILLA_ONLINE": false,
            "MOZ_APP_NAME": "fennec",
            "MOZ_APP_VERSION": "68.1.1",
            "MOZ_APP_VERSION_DISPLAY": "68.1.1",
            "MOZ_BING_API_CLIENTID": "no-bing-api-clientid",
            "MOZ_BING_API_KEY": "no-bing-api-key",
            "MOZ_BITS_DOWNLOAD": false,
            "MOZ_BUILD_APP": "mobile/android",
            "MOZ_CODE_COVERAGE": false,
            "MOZ_CRASHREPORTER": true,
            "MOZ_DATA_REPORTING": true,
            "MOZ_DEV_EDITION": false,
            "MOZ_GECKO_PROFILER": true,
            "MOZ_GOOGLE_LOCATION_SERVICE_API_KEY": "AIzaSyB2h2OuRcUgy5N-5hsZqiPW6sH3n_rptiQ",
            "MOZ_GOOGLE_SAFEBROWSING_API_KEY": "AIzaSyC7jsptDS3am4tPx4r3nxis7IMjBc5Dovo",
            "MOZ_GRAPHENE": false,
            "MOZ_MACBUNDLE_NAME": "Firefox.app",
            "MOZ_MAINTENANCE_SERVICE": false,
            "MOZ_MOZILLA_API_KEY": "3b4d27dd-703d-4094-8398-4de2c763505a",
            "MOZ_NEW_CERT_STORAGE": false,
            "MOZ_NEW_NOTIFICATION_STORE": false,
            "MOZ_NEW_XULSTORE": false,
            "MOZ_OFFICIAL_BRANDING": false,
            "MOZ_PLACES": false,
            "MOZ_REQUIRE_SIGNING": false,
            "MOZ_SANDBOX": false,
            "MOZ_SERVICES_HEALTHREPORT": true,
            "MOZ_SERVICES_SYNC": false,
            "MOZ_SWITCHBOARD": true,
            "MOZ_SYSTEM_NSS": false,
            "MOZ_TELEMETRY_ON_BY_DEFAULT": false,
            "MOZ_TELEMETRY_REPORTING": true,
            "MOZ_UNSIGNED_SCOPES": 0,
            "MOZ_UPDATER": false,
            "MOZ_UPDATE_CHANNEL": "release",
            "MOZ_WEBRTC": true,
            "MOZ_WIDGET_GTK": false,
            "MOZ_WIDGET_TOOLKIT": "android",
            "NIGHTLY_BUILD": false,
            "OMNIJAR_NAME": "assets/omni.ja",
            "RELEASE_OR_BETA": true,
            "SOURCE_REVISION_URL": "https://hg.mozilla.org/releases/mozilla-esr68/rev/d2e0b9e17b9bc1ef02606c8006b73293f7892ad5",
            "TELEMETRY_PING_FORMAT_VERSION": 4,
            "XP_UNIX": true,
            "isPlatformAndVersionAtLeast": {},
            "isPlatformAndVersionAtMost": {},
            "platform": "android"
          },
          "asyncAppConstants": {
            "ACCESSIBILITY": true,
            "ANDROID_PACKAGE_NAME": "org.mozilla.firefox",
            "ASAN": false,
            "ASAN_REPORTER": false,
            "BROWSER_CHROME_URL": "chrome://browser/content/browser.xul",
            "DEBUG": false,
            "DEBUG_JS_MODULES": "",
            "DLL_PREFIX": "lib",
            "DLL_SUFFIX": ".so",
            "EARLY_BETA_OR_EARLIER": false,
            "FENNEC_NIGHTLY": false,
            "HAVE_SHELL_SERVICE": false,
            "HAVE_USR_LIB64_DIR": false,
            "MENUBAR_CAN_AUTOHIDE": false,
            "MOZILLA_OFFICIAL": true,
            "MOZ_ALLOW_LEGACY_EXTENSIONS": false,
            "MOZ_ANDROID_ACTIVITY_STREAM": false,
            "MOZ_ANDROID_HISTORY": true,
            "MOZ_ANDROID_MOZILLA_ONLINE": false,
            "MOZ_APP_NAME": "fennec",
            "MOZ_APP_VERSION": "68.1.1",
            "MOZ_APP_VERSION_DISPLAY": "68.1.1",
            "MOZ_BING_API_CLIENTID": "no-bing-api-clientid",
            "MOZ_BING_API_KEY": "no-bing-api-key",
            "MOZ_BITS_DOWNLOAD": false,
            "MOZ_BUILD_APP": "mobile/android",
            "MOZ_CODE_COVERAGE": false,
            "MOZ_CRASHREPORTER": true,
            "MOZ_DATA_REPORTING": true,
            "MOZ_DEV_EDITION": false,
            "MOZ_GECKO_PROFILER": true,
            "MOZ_GOOGLE_LOCATION_SERVICE_API_KEY": "AIzaSyB2h2OuRcUgy5N-5hsZqiPW6sH3n_rptiQ",
            "MOZ_GOOGLE_SAFEBROWSING_API_KEY": "AIzaSyC7jsptDS3am4tPx4r3nxis7IMjBc5Dovo",
            "MOZ_GRAPHENE": false,
            "MOZ_MACBUNDLE_NAME": "Firefox.app",
            "MOZ_MAINTENANCE_SERVICE": false,
            "MOZ_MOZILLA_API_KEY": "3b4d27dd-703d-4094-8398-4de2c763505a",
            "MOZ_NEW_CERT_STORAGE": false,
            "MOZ_NEW_NOTIFICATION_STORE": false,
            "MOZ_NEW_XULSTORE": false,
            "MOZ_OFFICIAL_BRANDING": false,
            "MOZ_PLACES": false,
            "MOZ_REQUIRE_SIGNING": false,
            "MOZ_SANDBOX": false,
            "MOZ_SERVICES_HEALTHREPORT": true,
            "MOZ_SERVICES_SYNC": false,
            "MOZ_SWITCHBOARD": true,
            "MOZ_SYSTEM_NSS": false,
            "MOZ_TELEMETRY_ON_BY_DEFAULT": false,
            "MOZ_TELEMETRY_REPORTING": true,
            "MOZ_UNSIGNED_SCOPES": 0,
            "MOZ_UPDATER": false,
            "MOZ_UPDATE_CHANNEL": "release",
            "MOZ_WEBRTC": true,
            "MOZ_WIDGET_GTK": false,
            "MOZ_WIDGET_TOOLKIT": "android",
            "NIGHTLY_BUILD": false,
            "OMNIJAR_NAME": "assets/omni.ja",
            "RELEASE_OR_BETA": true,
            "SOURCE_REVISION_URL": "https://hg.mozilla.org/releases/mozilla-esr68/rev/d2e0b9e17b9bc1ef02606c8006b73293f7892ad5",
            "TELEMETRY_PING_FORMAT_VERSION": 4,
            "XP_UNIX": true,
            "isPlatformAndVersionAtLeast": {},
            "isPlatformAndVersionAtMost": {},
            "platform": "android"
          },
          "userAgent": "Mozilla/5.0 (Android 8.1.0; Mobile; rv:68.0) Gecko/68.0 Firefox/68.0",
          "windowSize": "360x560"
        },
        "pageinfo": {
          "documentHeight": 3064,
          "documentSize": {
            "decodedBodySize": 249718,
            "encodedBodySize": 80892,
            "transferSize": 82205
          },
          "documentTitle": "Amazon.com: Online Shopping for Electronics, Apparel, Computers, Books, DVDs & more",
          "documentWidth": 360,
          "domElements": 611,
          "navigationStartTime": 1617050335627,
          "nextHopProtocol": "h2",
          "resources": {
            "count": 0,
            "duration": 0
          },
          "responsive": true,
          "url": "https://www.amazon.com/",
          "visualElements": {
            "heroes": [
              {
                "filename": "518xqgZYh2L._SR1242,450_.jpg",
                "height": 150,
                "name": "LargestImage",
                "width": 414,
                "x": -27,
                "y": 310
              }
            ],
            "viewport": {
              "height": 560,
              "width": 360
            }
          }
        },
        "timings": {
          "firstPaint": 2196,
          "loadEventEnd": 3114,
          "navigationTiming": {
            "connectStart": 716,
            "domComplete": 3071,
            "domContentLoadedEventEnd": 2342,
            "domContentLoadedEventStart": 2326,
            "domInteractive": 2141,
            "domainLookupEnd": 715,
            "domainLookupStart": 715,
            "duration": 3114,
            "fetchStart": 694,
            "loadEventEnd": 3114,
            "loadEventStart": 3072,
            "redirectEnd": 692,
            "redirectStart": 3,
            "requestStart": 816,
            "responseEnd": 1084,
            "responseStart": 1084,
            "secureConnectionStart": 727,
            "startTime": 0,
            "unloadEventEnd": 0,
            "unloadEventStart": 0,
            "workerStart": 0
          },
          "pageTimings": {
            "backEndTime": 1084,
            "domContentLoadedTime": 2326,
            "domInteractiveTime": 2141,
            "domainLookupTime": 0,
            "frontEndTime": 1987,
            "pageDownloadTime": 0,
            "pageLoadTime": 3072,
            "redirectionTime": 690,
            "serverConnectionTime": 99,
            "serverResponseTime": 269
          },
          "rumSpeedIndex": 1084,
          "timeToContentfulPaint": 2411,
          "timeToDomContentFlushed": 2162,
          "userTimings": {
            "marks": [],
            "measures": []
          }
        }
      },
      {
        "browser": {
          "appConstants": {
            "ACCESSIBILITY": true,
            "ANDROID_PACKAGE_NAME": "org.mozilla.firefox",
            "ASAN": false,
            "ASAN_REPORTER": false,
            "BROWSER_CHROME_URL": "chrome://browser/content/browser.xul",
            "DEBUG": false,
            "DEBUG_JS_MODULES": "",
            "DLL_PREFIX": "lib",
            "DLL_SUFFIX": ".so",
            "EARLY_BETA_OR_EARLIER": false,
            "FENNEC_NIGHTLY": false,
            "HAVE_SHELL_SERVICE": false,
            "HAVE_USR_LIB64_DIR": false,
            "MENUBAR_CAN_AUTOHIDE": false,
            "MOZILLA_OFFICIAL": true,
            "MOZ_ALLOW_LEGACY_EXTENSIONS": false,
            "MOZ_ANDROID_ACTIVITY_STREAM": false,
            "MOZ_ANDROID_HISTORY": true,
            "MOZ_ANDROID_MOZILLA_ONLINE": false,
            "MOZ_APP_NAME": "fennec",
            "MOZ_APP_VERSION": "68.1.1",
            "MOZ_APP_VERSION_DISPLAY": "68.1.1",
            "MOZ_BING_API_CLIENTID": "no-bing-api-clientid",
            "MOZ_BING_API_KEY": "no-bing-api-key",
            "MOZ_BITS_DOWNLOAD": false,
            "MOZ_BUILD_APP": "mobile/android",
            "MOZ_CODE_COVERAGE": false,
            "MOZ_CRASHREPORTER": true,
            "MOZ_DATA_REPORTING": true,
            "MOZ_DEV_EDITION": false,
            "MOZ_GECKO_PROFILER": true,
            "MOZ_GOOGLE_LOCATION_SERVICE_API_KEY": "AIzaSyB2h2OuRcUgy5N-5hsZqiPW6sH3n_rptiQ",
            "MOZ_GOOGLE_SAFEBROWSING_API_KEY": "AIzaSyC7jsptDS3am4tPx4r3nxis7IMjBc5Dovo",
            "MOZ_GRAPHENE": false,
            "MOZ_MACBUNDLE_NAME": "Firefox.app",
            "MOZ_MAINTENANCE_SERVICE": false,
            "MOZ_MOZILLA_API_KEY": "3b4d27dd-703d-4094-8398-4de2c763505a",
            "MOZ_NEW_CERT_STORAGE": false,
            "MOZ_NEW_NOTIFICATION_STORE": false,
            "MOZ_NEW_XULSTORE": false,
            "MOZ_OFFICIAL_BRANDING": false,
            "MOZ_PLACES": false,
            "MOZ_REQUIRE_SIGNING": false,
            "MOZ_SANDBOX": false,
            "MOZ_SERVICES_HEALTHREPORT": true,
            "MOZ_SERVICES_SYNC": false,
            "MOZ_SWITCHBOARD": true,
            "MOZ_SYSTEM_NSS": false,
            "MOZ_TELEMETRY_ON_BY_DEFAULT": false,
            "MOZ_TELEMETRY_REPORTING": true,
            "MOZ_UNSIGNED_SCOPES": 0,
            "MOZ_UPDATER": false,
            "MOZ_UPDATE_CHANNEL": "release",
            "MOZ_WEBRTC": true,
            "MOZ_WIDGET_GTK": false,
            "MOZ_WIDGET_TOOLKIT": "android",
            "NIGHTLY_BUILD": false,
            "OMNIJAR_NAME": "assets/omni.ja",
            "RELEASE_OR_BETA": true,
            "SOURCE_REVISION_URL": "https://hg.mozilla.org/releases/mozilla-esr68/rev/d2e0b9e17b9bc1ef02606c8006b73293f7892ad5",
            "TELEMETRY_PING_FORMAT_VERSION": 4,
            "XP_UNIX": true,
            "isPlatformAndVersionAtLeast": {},
            "isPlatformAndVersionAtMost": {},
            "platform": "android"
          },
          "asyncAppConstants": {
            "ACCESSIBILITY": true,
            "ANDROID_PACKAGE_NAME": "org.mozilla.firefox",
            "ASAN": false,
            "ASAN_REPORTER": false,
            "BROWSER_CHROME_URL": "chrome://browser/content/browser.xul",
            "DEBUG": false,
            "DEBUG_JS_MODULES": "",
            "DLL_PREFIX": "lib",
            "DLL_SUFFIX": ".so",
            "EARLY_BETA_OR_EARLIER": false,
            "FENNEC_NIGHTLY": false,
            "HAVE_SHELL_SERVICE": false,
            "HAVE_USR_LIB64_DIR": false,
            "MENUBAR_CAN_AUTOHIDE": false,
            "MOZILLA_OFFICIAL": true,
            "MOZ_ALLOW_LEGACY_EXTENSIONS": false,
            "MOZ_ANDROID_ACTIVITY_STREAM": false,
            "MOZ_ANDROID_HISTORY": true,
            "MOZ_ANDROID_MOZILLA_ONLINE": false,
            "MOZ_APP_NAME": "fennec",
            "MOZ_APP_VERSION": "68.1.1",
            "MOZ_APP_VERSION_DISPLAY": "68.1.1",
            "MOZ_BING_API_CLIENTID": "no-bing-api-clientid",
            "MOZ_BING_API_KEY": "no-bing-api-key",
            "MOZ_BITS_DOWNLOAD": false,
            "MOZ_BUILD_APP": "mobile/android",
            "MOZ_CODE_COVERAGE": false,
            "MOZ_CRASHREPORTER": true,
            "MOZ_DATA_REPORTING": true,
            "MOZ_DEV_EDITION": false,
            "MOZ_GECKO_PROFILER": true,
            "MOZ_GOOGLE_LOCATION_SERVICE_API_KEY": "AIzaSyB2h2OuRcUgy5N-5hsZqiPW6sH3n_rptiQ",
            "MOZ_GOOGLE_SAFEBROWSING_API_KEY": "AIzaSyC7jsptDS3am4tPx4r3nxis7IMjBc5Dovo",
            "MOZ_GRAPHENE": false,
            "MOZ_MACBUNDLE_NAME": "Firefox.app",
            "MOZ_MAINTENANCE_SERVICE": false,
            "MOZ_MOZILLA_API_KEY": "3b4d27dd-703d-4094-8398-4de2c763505a",
            "MOZ_NEW_CERT_STORAGE": false,
            "MOZ_NEW_NOTIFICATION_STORE": false,
            "MOZ_NEW_XULSTORE": false,
            "MOZ_OFFICIAL_BRANDING": false,
            "MOZ_PLACES": false,
            "MOZ_REQUIRE_SIGNING": false,
            "MOZ_SANDBOX": false,
            "MOZ_SERVICES_HEALTHREPORT": true,
            "MOZ_SERVICES_SYNC": false,
            "MOZ_SWITCHBOARD": true,
            "MOZ_SYSTEM_NSS": false,
            "MOZ_TELEMETRY_ON_BY_DEFAULT": false,
            "MOZ_TELEMETRY_REPORTING": true,
            "MOZ_UNSIGNED_SCOPES": 0,
            "MOZ_UPDATER": false,
            "MOZ_UPDATE_CHANNEL": "release",
            "MOZ_WEBRTC": true,
            "MOZ_WIDGET_GTK": false,
            "MOZ_WIDGET_TOOLKIT": "android",
            "NIGHTLY_BUILD": false,
            "OMNIJAR_NAME": "assets/omni.ja",
            "RELEASE_OR_BETA": true,
            "SOURCE_REVISION_URL": "https://hg.mozilla.org/releases/mozilla-esr68/rev/d2e0b9e17b9bc1ef02606c8006b73293f7892ad5",
            "TELEMETRY_PING_FORMAT_VERSION": 4,
            "XP_UNIX": true,
            "isPlatformAndVersionAtLeast": {},
            "isPlatformAndVersionAtMost": {},
            "platform": "android"
          },
          "userAgent": "Mozilla/5.0 (Android 8.1.0; Mobile; rv:68.0) Gecko/68.0 Firefox/68.0",
          "windowSize": "360x560"
        },
        "pageinfo": {
          "documentHeight": 3069,
          "documentSize": {
            "decodedBodySize": 250256,
            "encodedBodySize": 81792,
            "transferSize": 83105
          },
          "documentTitle": "Amazon.com: Online Shopping for Electronics, Apparel, Computers, Books, DVDs & more",
          "documentWidth": 360,
          "domElements": 580,
          "navigationStartTime": 1617050359893,
          "nextHopProtocol": "h2",
          "resources": {
            "count": 0,
            "duration": 0
          },
          "responsive": true,
          "url": "https://www.amazon.com/",
          "visualElements": {
            "heroes": [
              {
                "filename": "518xqgZYh2L._SR1242,450_.jpg",
                "height": 150,
                "name": "LargestImage",
                "width": 414,
                "x": -27,
                "y": 315
              }
            ],
            "viewport": {
              "height": 560,
              "width": 360
            }
          }
        },
        "timings": {
          "firstPaint": 2188,
          "loadEventEnd": 3012,
          "navigationTiming": {
            "connectStart": 729,
            "domComplete": 2969,
            "domContentLoadedEventEnd": 2332,
            "domContentLoadedEventStart": 2320,
            "domInteractive": 2125,
            "domainLookupEnd": 729,
            "domainLookupStart": 729,
            "duration": 3012,
            "fetchStart": 706,
            "loadEventEnd": 3012,
            "loadEventStart": 2970,
            "redirectEnd": 703,
            "redirectStart": 3,
            "requestStart": 822,
            "responseEnd": 1077,
            "responseStart": 1077,
            "secureConnectionStart": 743,
            "startTime": 0,
            "unloadEventEnd": 0,
            "unloadEventStart": 0,
            "workerStart": 0
          },
          "pageTimings": {
            "backEndTime": 1077,
            "domContentLoadedTime": 2320,
            "domInteractiveTime": 2125,
            "domainLookupTime": 0,
            "frontEndTime": 1893,
            "pageDownloadTime": 0,
            "pageLoadTime": 2970,
            "redirectionTime": 701,
            "serverConnectionTime": 91,
            "serverResponseTime": 255
          },
          "rumSpeedIndex": 1076,
          "timeToContentfulPaint": 2396,
          "timeToDomContentFlushed": 2147,
          "userTimings": {
            "marks": [],
            "measures": []
          }
        }
      },
      {
        "browser": {
          "appConstants": {
            "ACCESSIBILITY": true,
            "ANDROID_PACKAGE_NAME": "org.mozilla.firefox",
            "ASAN": false,
            "ASAN_REPORTER": false,
            "BROWSER_CHROME_URL": "chrome://browser/content/browser.xul",
            "DEBUG": false,
            "DEBUG_JS_MODULES": "",
            "DLL_PREFIX": "lib",
            "DLL_SUFFIX": ".so",
            "EARLY_BETA_OR_EARLIER": false,
            "FENNEC_NIGHTLY": false,
            "HAVE_SHELL_SERVICE": false,
            "HAVE_USR_LIB64_DIR": false,
            "MENUBAR_CAN_AUTOHIDE": false,
            "MOZILLA_OFFICIAL": true,
            "MOZ_ALLOW_LEGACY_EXTENSIONS": false,
            "MOZ_ANDROID_ACTIVITY_STREAM": false,
            "MOZ_ANDROID_HISTORY": true,
            "MOZ_ANDROID_MOZILLA_ONLINE": false,
            "MOZ_APP_NAME": "fennec",
            "MOZ_APP_VERSION": "68.1.1",
            "MOZ_APP_VERSION_DISPLAY": "68.1.1",
            "MOZ_BING_API_CLIENTID": "no-bing-api-clientid",
            "MOZ_BING_API_KEY": "no-bing-api-key",
            "MOZ_BITS_DOWNLOAD": false,
            "MOZ_BUILD_APP": "mobile/android",
            "MOZ_CODE_COVERAGE": false,
            "MOZ_CRASHREPORTER": true,
            "MOZ_DATA_REPORTING": true,
            "MOZ_DEV_EDITION": false,
            "MOZ_GECKO_PROFILER": true,
            "MOZ_GOOGLE_LOCATION_SERVICE_API_KEY": "AIzaSyB2h2OuRcUgy5N-5hsZqiPW6sH3n_rptiQ",
            "MOZ_GOOGLE_SAFEBROWSING_API_KEY": "AIzaSyC7jsptDS3am4tPx4r3nxis7IMjBc5Dovo",
            "MOZ_GRAPHENE": false,
            "MOZ_MACBUNDLE_NAME": "Firefox.app",
            "MOZ_MAINTENANCE_SERVICE": false,
            "MOZ_MOZILLA_API_KEY": "3b4d27dd-703d-4094-8398-4de2c763505a",
            "MOZ_NEW_CERT_STORAGE": false,
            "MOZ_NEW_NOTIFICATION_STORE": false,
            "MOZ_NEW_XULSTORE": false,
            "MOZ_OFFICIAL_BRANDING": false,
            "MOZ_PLACES": false,
            "MOZ_REQUIRE_SIGNING": false,
            "MOZ_SANDBOX": false,
            "MOZ_SERVICES_HEALTHREPORT": true,
            "MOZ_SERVICES_SYNC": false,
            "MOZ_SWITCHBOARD": true,
            "MOZ_SYSTEM_NSS": false,
            "MOZ_TELEMETRY_ON_BY_DEFAULT": false,
            "MOZ_TELEMETRY_REPORTING": true,
            "MOZ_UNSIGNED_SCOPES": 0,
            "MOZ_UPDATER": false,
            "MOZ_UPDATE_CHANNEL": "release",
            "MOZ_WEBRTC": true,
            "MOZ_WIDGET_GTK": false,
            "MOZ_WIDGET_TOOLKIT": "android",
            "NIGHTLY_BUILD": false,
            "OMNIJAR_NAME": "assets/omni.ja",
            "RELEASE_OR_BETA": true,
            "SOURCE_REVISION_URL": "https://hg.mozilla.org/releases/mozilla-esr68/rev/d2e0b9e17b9bc1ef02606c8006b73293f7892ad5",
            "TELEMETRY_PING_FORMAT_VERSION": 4,
            "XP_UNIX": true,
            "isPlatformAndVersionAtLeast": {},
            "isPlatformAndVersionAtMost": {},
            "platform": "android"
          },
          "asyncAppConstants": {
            "ACCESSIBILITY": true,
            "ANDROID_PACKAGE_NAME": "org.mozilla.firefox",
            "ASAN": false,
            "ASAN_REPORTER": false,
            "BROWSER_CHROME_URL": "chrome://browser/content/browser.xul",
            "DEBUG": false,
            "DEBUG_JS_MODULES": "",
            "DLL_PREFIX": "lib",
            "DLL_SUFFIX": ".so",
            "EARLY_BETA_OR_EARLIER": false,
            "FENNEC_NIGHTLY": false,
            "HAVE_SHELL_SERVICE": false,
            "HAVE_USR_LIB64_DIR": false,
            "MENUBAR_CAN_AUTOHIDE": false,
            "MOZILLA_OFFICIAL": true,
            "MOZ_ALLOW_LEGACY_EXTENSIONS": false,
            "MOZ_ANDROID_ACTIVITY_STREAM": false,
            "MOZ_ANDROID_HISTORY": true,
            "MOZ_ANDROID_MOZILLA_ONLINE": false,
            "MOZ_APP_NAME": "fennec",
            "MOZ_APP_VERSION": "68.1.1",
            "MOZ_APP_VERSION_DISPLAY": "68.1.1",
            "MOZ_BING_API_CLIENTID": "no-bing-api-clientid",
            "MOZ_BING_API_KEY": "no-bing-api-key",
            "MOZ_BITS_DOWNLOAD": false,
            "MOZ_BUILD_APP": "mobile/android",
            "MOZ_CODE_COVERAGE": false,
            "MOZ_CRASHREPORTER": true,
            "MOZ_DATA_REPORTING": true,
            "MOZ_DEV_EDITION": false,
            "MOZ_GECKO_PROFILER": true,
            "MOZ_GOOGLE_LOCATION_SERVICE_API_KEY": "AIzaSyB2h2OuRcUgy5N-5hsZqiPW6sH3n_rptiQ",
            "MOZ_GOOGLE_SAFEBROWSING_API_KEY": "AIzaSyC7jsptDS3am4tPx4r3nxis7IMjBc5Dovo",
            "MOZ_GRAPHENE": false,
            "MOZ_MACBUNDLE_NAME": "Firefox.app",
            "MOZ_MAINTENANCE_SERVICE": false,
            "MOZ_MOZILLA_API_KEY": "3b4d27dd-703d-4094-8398-4de2c763505a",
            "MOZ_NEW_CERT_STORAGE": false,
            "MOZ_NEW_NOTIFICATION_STORE": false,
            "MOZ_NEW_XULSTORE": false,
            "MOZ_OFFICIAL_BRANDING": false,
            "MOZ_PLACES": false,
            "MOZ_REQUIRE_SIGNING": false,
            "MOZ_SANDBOX": false,
            "MOZ_SERVICES_HEALTHREPORT": true,
            "MOZ_SERVICES_SYNC": false,
            "MOZ_SWITCHBOARD": true,
            "MOZ_SYSTEM_NSS": false,
            "MOZ_TELEMETRY_ON_BY_DEFAULT": false,
            "MOZ_TELEMETRY_REPORTING": true,
            "MOZ_UNSIGNED_SCOPES": 0,
            "MOZ_UPDATER": false,
            "MOZ_UPDATE_CHANNEL": "release",
            "MOZ_WEBRTC": true,
            "MOZ_WIDGET_GTK": false,
            "MOZ_WIDGET_TOOLKIT": "android",
            "NIGHTLY_BUILD": false,
            "OMNIJAR_NAME": "assets/omni.ja",
            "RELEASE_OR_BETA": true,
            "SOURCE_REVISION_URL": "https://hg.mozilla.org/releases/mozilla-esr68/rev/d2e0b9e17b9bc1ef02606c8006b73293f7892ad5",
            "TELEMETRY_PING_FORMAT_VERSION": 4,
            "XP_UNIX": true,
            "isPlatformAndVersionAtLeast": {},
            "isPlatformAndVersionAtMost": {},
            "platform": "android"
          },
          "userAgent": "Mozilla/5.0 (Android 8.1.0; Mobile; rv:68.0) Gecko/68.0 Firefox/68.0",
          "windowSize": "360x560"
        },
        "pageinfo": {
          "documentHeight": 4553,
          "documentSize": {
            "decodedBodySize": 252787,
            "encodedBodySize": 82665,
            "transferSize": 83978
          },
          "documentTitle": "Amazon.com: Online Shopping for Electronics, Apparel, Computers, Books, DVDs & more",
          "documentWidth": 360,
          "domElements": 695,
          "navigationStartTime": 1617050382994,
          "nextHopProtocol": "h2",
          "resources": {
            "count": 0,
            "duration": 0
          },
          "responsive": true,
          "url": "https://www.amazon.com/",
          "visualElements": {
            "heroes": [
              {
                "filename": "518xqgZYh2L._SR1242,450_.jpg",
                "height": 150,
                "name": "LargestImage",
                "width": 414,
                "x": -27,
                "y": 315
              }
            ],
            "viewport": {
              "height": 560,
              "width": 360
            }
          }
        },
        "timings": {
          "firstPaint": 2177,
          "loadEventEnd": 3049,
          "navigationTiming": {
            "connectStart": 713,
            "domComplete": 3007,
            "domContentLoadedEventEnd": 2316,
            "domContentLoadedEventStart": 2304,
            "domInteractive": 2113,
            "domainLookupEnd": 713,
            "domainLookupStart": 712,
            "duration": 3049,
            "fetchStart": 691,
            "loadEventEnd": 3049,
            "loadEventStart": 3007,
            "redirectEnd": 688,
            "redirectStart": 3,
            "requestStart": 799,
            "responseEnd": 1052,
            "responseStart": 1052,
            "secureConnectionStart": 724,
            "startTime": 0,
            "unloadEventEnd": 0,
            "unloadEventStart": 0,
            "workerStart": 0
          },
          "pageTimings": {
            "backEndTime": 1052,
            "domContentLoadedTime": 2304,
            "domInteractiveTime": 2113,
            "domainLookupTime": 0,
            "frontEndTime": 1955,
            "pageDownloadTime": 0,
            "pageLoadTime": 3007,
            "redirectionTime": 685,
            "serverConnectionTime": 85,
            "serverResponseTime": 253
          },
          "rumSpeedIndex": 1051,
          "timeToContentfulPaint": 2380,
          "timeToDomContentFlushed": 2139,
          "userTimings": {
            "marks": [],
            "measures": []
          }
        }
      }
    ],
    "visualMetrics": [],
    "cpu": [],
    "extras": [
      {},
      {},
      {}
    ],
    "fullyLoaded": [],
    "errors": [
      [],
      [],
      []
    ],
    "statistics": {
      "browser": {
        "appConstants": {
          "MOZ_UNSIGNED_SCOPES": {
            "median": 0,
            "mean": 0,
            "mdev": 0,
            "stddev": 0,
            "min": 0,
            "p10": 0,
            "p90": 0,
            "p99": 0,
            "max": 0
          },
          "TELEMETRY_PING_FORMAT_VERSION": {
            "median": 4,
            "mean": 4,
            "mdev": 0,
            "stddev": 0,
            "min": 4,
            "p10": 4,
            "p90": 4,
            "p99": 4,
            "max": 4
          }
        },
        "asyncAppConstants": {
          "MOZ_UNSIGNED_SCOPES": {
            "median": 0,
            "mean": 0,
            "mdev": 0,
            "stddev": 0,
            "min": 0,
            "p10": 0,
            "p90": 0,
            "p99": 0,
            "max": 0
          },
          "TELEMETRY_PING_FORMAT_VERSION": {
            "median": 4,
            "mean": 4,
            "mdev": 0,
            "stddev": 0,
            "min": 4,
            "p10": 4,
            "p90": 4,
            "p99": 4,
            "max": 4
          }
        }
      },
      "pageinfo": {
        "documentHeight": {
          "median": 3069,
          "mean": 3562,
          "mdev": 404.5758,
          "stddev": 701,
          "min": 3064,
          "p10": 3064,
          "p90": 4553,
          "p99": 4553,
          "max": 4553
        },
        "documentSize": {
          "decodedBodySize": {
            "median": 250256,
            "mean": 250920,
            "mdev": 772.5419,
            "stddev": 1338,
            "min": 249718,
            "p10": 249718,
            "p90": 252787,
            "p99": 252787,
            "max": 252787
          },
          "encodedBodySize": {
            "median": 81792,
            "mean": 81783,
            "mdev": 417.9163,
            "stddev": 724,
            "min": 80892,
            "p10": 80892,
            "p90": 82665,
            "p99": 82665,
            "max": 82665
          },
          "transferSize": {
            "median": 83105,
            "mean": 83096,
            "mdev": 417.9163,
            "stddev": 724,
            "min": 82205,
            "p10": 82205,
            "p90": 83978,
            "p99": 83978,
            "max": 83978
          }
        },
        "documentWidth": {
          "median": 360,
          "mean": 360,
          "mdev": 0,
          "stddev": 0,
          "min": 360,
          "p10": 360,
          "p90": 360,
          "p99": 360,
          "max": 360
        },
        "domElements": {
          "median": 611,
          "mean": 629,
          "mdev": 28.0489,
          "stddev": 49,
          "min": 580,
          "p10": 580,
          "p90": 695,
          "p99": 695,
          "max": 695
        },
        "navigationStartTime": {
          "median": 1617050359893,
          "mean": 1617050359505,
          "mdev": 12612.4091,
          "stddev": 21845,
          "min": 1617050335627,
          "p10": 1617050335627,
          "p90": 1617050382994,
          "p99": 1617050382994,
          "max": 1617050382994
        },
        "resources": {
          "count": {
            "median": 0,
            "mean": 0,
            "mdev": 0,
            "stddev": 0,
            "min": 0,
            "p10": 0,
            "p90": 0,
            "p99": 0,
            "max": 0
          },
          "duration": {
            "median": 0,
            "mean": 0,
            "mdev": 0,
            "stddev": 0,
            "min": 0,
            "p10": 0,
            "p90": 0,
            "p99": 0,
            "max": 0
          }
        },
        "visualElements": {
          "heroes": [
            {
              "height": {
                "median": 150,
                "mean": 150,
                "mdev": 0,
                "stddev": 0,
                "min": 150,
                "p10": 150,
                "p90": 150,
                "p99": 150,
                "max": 150
              },
              "width": {
                "median": 414,
                "mean": 414,
                "mdev": 0,
                "stddev": 0,
                "min": 414,
                "p10": 414,
                "p90": 414,
                "p99": 414,
                "max": 414
              },
              "x": {
                "median": -27,
                "mean": -27,
                "mdev": 0,
                "stddev": 0,
                "min": -27,
                "p10": -27,
                "p90": -27,
                "p99": -27,
                "max": -27
              },
              "y": {
                "median": 315,
                "mean": 313,
                "mdev": 1.3608,
                "stddev": 2,
                "min": 310,
                "p10": 310,
                "p90": 315,
                "p99": 315,
                "max": 315
              }
            }
          ],
          "viewport": {
            "height": {
              "median": 560,
              "mean": 560,
              "mdev": 0,
              "stddev": 0,
              "min": 560,
              "p10": 560,
              "p90": 560,
              "p99": 560,
              "max": 560
            },
            "width": {
              "median": 360,
              "mean": 360,
              "mdev": 0,
              "stddev": 0,
              "min": 360,
              "p10": 360,
              "p90": 360,
              "p99": 360,
              "max": 360
            }
          }
        }
      },
      "timings": {
        "firstPaint": {
          "median": 2188,
          "mean": 2187,
          "mdev": 4.4969,
          "stddev": 8,
          "min": 2177,
          "p10": 2177,
          "p90": 2196,
          "p99": 2196,
          "max": 2196
        },
        "loadEventEnd": {
          "median": 3049,
          "mean": 3058,
          "mdev": 24.3417,
          "stddev": 42,
          "min": 3012,
          "p10": 3012,
          "p90": 3114,
          "p99": 3114,
          "max": 3114
        },
        "navigationTiming": {
          "connectStart": {
            "median": 716,
            "mean": 719,
            "mdev": 4.0092,
            "stddev": 7,
            "min": 713,
            "p10": 713,
            "p90": 729,
            "p99": 729,
            "max": 729
          },
          "domComplete": {
            "median": 3007,
            "mean": 3016,
            "mdev": 24.3006,
            "stddev": 42,
            "min": 2969,
            "p10": 2969,
            "p90": 3071,
            "p99": 3071,
            "max": 3071
          },
          "domContentLoadedEventEnd": {
            "median": 2332,
            "mean": 2330,
            "mdev": 6.1824,
            "stddev": 11,
            "min": 2316,
            "p10": 2316,
            "p90": 2342,
            "p99": 2342,
            "max": 2342
          },
          "domContentLoadedEventStart": {
            "median": 2320,
            "mean": 2317,
            "mdev": 5.361,
            "stddev": 9,
            "min": 2304,
            "p10": 2304,
            "p90": 2326,
            "p99": 2326,
            "max": 2326
          },
          "domInteractive": {
            "median": 2125,
            "mean": 2126,
            "mdev": 6.6221,
            "stddev": 11,
            "min": 2113,
            "p10": 2113,
            "p90": 2141,
            "p99": 2141,
            "max": 2141
          },
          "domainLookupEnd": {
            "median": 715,
            "mean": 719,
            "mdev": 4.1096,
            "stddev": 7,
            "min": 713,
            "p10": 713,
            "p90": 729,
            "p99": 729,
            "max": 729
          },
          "domainLookupStart": {
            "median": 715,
            "mean": 719,
            "mdev": 4.2774,
            "stddev": 7,
            "min": 712,
            "p10": 712,
            "p90": 729,
            "p99": 729,
            "max": 729
          },
          "duration": {
            "median": 3049,
            "mean": 3058,
            "mdev": 24.3417,
            "stddev": 42,
            "min": 3012,
            "p10": 3012,
            "p90": 3114,
            "p99": 3114,
            "max": 3114
          },
          "fetchStart": {
            "median": 694,
            "mean": 697,
            "mdev": 3.7417,
            "stddev": 6,
            "min": 691,
            "p10": 691,
            "p90": 706,
            "p99": 706,
            "max": 706
          },
          "loadEventEnd": {
            "median": 3049,
            "mean": 3058,
            "mdev": 24.3417,
            "stddev": 42,
            "min": 3012,
            "p10": 3012,
            "p90": 3114,
            "p99": 3114,
            "max": 3114
          },
          "loadEventStart": {
            "median": 3007,
            "mean": 3016,
            "mdev": 24.3417,
            "stddev": 42,
            "min": 2970,
            "p10": 2970,
            "p90": 3072,
            "p99": 3072,
            "max": 3072
          },
          "redirectEnd": {
            "median": 692,
            "mean": 694,
            "mdev": 3.6616,
            "stddev": 6,
            "min": 688,
            "p10": 688,
            "p90": 703,
            "p99": 703,
            "max": 703
          },
          "redirectStart": {
            "median": 3,
            "mean": 3,
            "mdev": 0,
            "stddev": 0,
            "min": 3,
            "p10": 3,
            "p90": 3,
            "p99": 3,
            "max": 3
          },
          "requestStart": {
            "median": 816,
            "mean": 812,
            "mdev": 5.624,
            "stddev": 10,
            "min": 799,
            "p10": 799,
            "p90": 822,
            "p99": 822,
            "max": 822
          },
          "responseEnd": {
            "median": 1077,
            "mean": 1071,
            "mdev": 7.9303,
            "stddev": 14,
            "min": 1052,
            "p10": 1052,
            "p90": 1084,
            "p99": 1084,
            "max": 1084
          },
          "responseStart": {
            "median": 1077,
            "mean": 1071,
            "mdev": 7.9303,
            "stddev": 14,
            "min": 1052,
            "p10": 1052,
            "p90": 1084,
            "p99": 1084,
            "max": 1084
          },
          "secureConnectionStart": {
            "median": 727,
            "mean": 731,
            "mdev": 4.8151,
            "stddev": 8,
            "min": 724,
            "p10": 724,
            "p90": 743,
            "p99": 743,
            "max": 743
          },
          "startTime": {
            "median": 0,
            "mean": 0,
            "mdev": 0,
            "stddev": 0,
            "min": 0,
            "p10": 0,
            "p90": 0,
            "p99": 0,
            "max": 0
          },
          "unloadEventEnd": {
            "median": 0,
            "mean": 0,
            "mdev": 0,
            "stddev": 0,
            "min": 0,
            "p10": 0,
            "p90": 0,
            "p99": 0,
            "max": 0
          },
          "unloadEventStart": {
            "median": 0,
            "mean": 0,
            "mdev": 0,
            "stddev": 0,
            "min": 0,
            "p10": 0,
            "p90": 0,
            "p99": 0,
            "max": 0
          },
          "workerStart": {
            "median": 0,
            "mean": 0,
            "mdev": 0,
            "stddev": 0,
            "min": 0,
            "p10": 0,
            "p90": 0,
            "p99": 0,
            "max": 0
          }
        },
        "pageTimings": {
          "backEndTime": {
            "median": 1077,
            "mean": 1071,
            "mdev": 7.9303,
            "stddev": 14,
            "min": 1052,
            "p10": 1052,
            "p90": 1084,
            "p99": 1084,
            "max": 1084
          },
          "domContentLoadedTime": {
            "median": 2320,
            "mean": 2317,
            "mdev": 5.361,
            "stddev": 9,
            "min": 2304,
            "p10": 2304,
            "p90": 2326,
            "p99": 2326,
            "max": 2326
          },
          "domInteractiveTime": {
            "median": 2125,
            "mean": 2126,
            "mdev": 6.6221,
            "stddev": 11,
            "min": 2113,
            "p10": 2113,
            "p90": 2141,
            "p99": 2141,
            "max": 2141
          },
          "domainLookupTime": {
            "median": 0,
            "mean": 0,
            "mdev": 0,
            "stddev": 0,
            "min": 0,
            "p10": 0,
            "p90": 0,
            "p99": 0,
            "max": 0
          },
          "frontEndTime": {
            "median": 1955,
            "mean": 1945,
            "mdev": 22.529,
            "stddev": 39,
            "min": 1893,
            "p10": 1893,
            "p90": 1987,
            "p99": 1987,
            "max": 1987
          },
          "pageDownloadTime": {
            "median": 0,
            "mean": 0,
            "mdev": 0,
            "stddev": 0,
            "min": 0,
            "p10": 0,
            "p90": 0,
            "p99": 0,
            "max": 0
          },
          "pageLoadTime": {
            "median": 3007,
            "mean": 3016,
            "mdev": 24.3417,
            "stddev": 42,
            "min": 2970,
            "p10": 2970,
            "p90": 3072,
            "p99": 3072,
            "max": 3072
          },
          "redirectionTime": {
            "median": 690,
            "mean": 692,
            "mdev": 3.8586,
            "stddev": 7,
            "min": 685,
            "p10": 685,
            "p90": 701,
            "p99": 701,
            "max": 701
          },
          "serverConnectionTime": {
            "median": 91,
            "mean": 92,
            "mdev": 3.311,
            "stddev": 6,
            "min": 85,
            "p10": 85,
            "p90": 99,
            "p99": 99,
            "max": 99
          },
          "serverResponseTime": {
            "median": 255,
            "mean": 259,
            "mdev": 4.1096,
            "stddev": 7,
            "min": 253,
            "p10": 253,
            "p90": 269,
            "p99": 269,
            "max": 269
          }
        },
        "rumSpeedIndex": {
          "median": 1076,
          "mean": 1070,
          "mdev": 8.1149,
          "stddev": 14,
          "min": 1051,
          "p10": 1051,
          "p90": 1084,
          "p99": 1084,
          "max": 1084
        },
        "timeToContentfulPaint": {
          "median": 2396,
          "mean": 2396,
          "mdev": 7.308,
          "stddev": 13,
          "min": 2380,
          "p10": 2380,
          "p90": 2411,
          "p99": 2411,
          "max": 2411
        },
        "timeToDomContentFlushed": {
          "median": 2147,
          "mean": 2149,
          "mdev": 5.5042,
          "stddev": 10,
          "min": 2139,
          "p10": 2139,
          "p90": 2162,
          "p99": 2162,
          "max": 2162
        }
      }
    }
  }
]