[
  {
    "info": {
      "browsertime": {
        "version": "8.4.0"
      },
      "url": "https://www.etsy.com/",
      "timestamp": "2021-03-30T08:42:13+04:00",
      "connectivity": {
        "engine": "external",
        "profile": "native"
      },
      "extra": {}
    },
    "files": {
      "video": [],
      "screenshot": [],
      "timeline": [],
      "consoleLog": [],
      "netLog": [],
      "perfLog": []
    },
    "cdp": {
      "performance": []
    },
    "timestamps": [
      "2021-03-30T08:42:01+04:00",
      "2021-03-30T08:42:25+04:00",
      "2021-03-30T08:42:48+04:00"
    ],
    "browserScripts": [
      {
        "browser": {
          "appConstants": {
            "ACCESSIBILITY": true,
            "ANDROID_PACKAGE_NAME": "org.mozilla.firefox",
            "ASAN": false,
            "ASAN_REPORTER": false,
            "BROWSER_CHROME_URL": "chrome://browser/content/browser.xul",
            "DEBUG": false,
            "DEBUG_JS_MODULES": "",
            "DLL_PREFIX": "lib",
            "DLL_SUFFIX": ".so",
            "EARLY_BETA_OR_EARLIER": false,
            "FENNEC_NIGHTLY": false,
            "HAVE_SHELL_SERVICE": false,
            "HAVE_USR_LIB64_DIR": false,
            "MENUBAR_CAN_AUTOHIDE": false,
            "MOZILLA_OFFICIAL": true,
            "MOZ_ALLOW_LEGACY_EXTENSIONS": false,
            "MOZ_ANDROID_ACTIVITY_STREAM": false,
            "MOZ_ANDROID_HISTORY": true,
            "MOZ_ANDROID_MOZILLA_ONLINE": false,
            "MOZ_APP_NAME": "fennec",
            "MOZ_APP_VERSION": "68.1.1",
            "MOZ_APP_VERSION_DISPLAY": "68.1.1",
            "MOZ_BING_API_CLIENTID": "no-bing-api-clientid",
            "MOZ_BING_API_KEY": "no-bing-api-key",
            "MOZ_BITS_DOWNLOAD": false,
            "MOZ_BUILD_APP": "mobile/android",
            "MOZ_CODE_COVERAGE": false,
            "MOZ_CRASHREPORTER": true,
            "MOZ_DATA_REPORTING": true,
            "MOZ_DEV_EDITION": false,
            "MOZ_GECKO_PROFILER": true,
            "MOZ_GOOGLE_LOCATION_SERVICE_API_KEY": "AIzaSyB2h2OuRcUgy5N-5hsZqiPW6sH3n_rptiQ",
            "MOZ_GOOGLE_SAFEBROWSING_API_KEY": "AIzaSyC7jsptDS3am4tPx4r3nxis7IMjBc5Dovo",
            "MOZ_GRAPHENE": false,
            "MOZ_MACBUNDLE_NAME": "Firefox.app",
            "MOZ_MAINTENANCE_SERVICE": false,
            "MOZ_MOZILLA_API_KEY": "3b4d27dd-703d-4094-8398-4de2c763505a",
            "MOZ_NEW_CERT_STORAGE": false,
            "MOZ_NEW_NOTIFICATION_STORE": false,
            "MOZ_NEW_XULSTORE": false,
            "MOZ_OFFICIAL_BRANDING": false,
            "MOZ_PLACES": false,
            "MOZ_REQUIRE_SIGNING": false,
            "MOZ_SANDBOX": false,
            "MOZ_SERVICES_HEALTHREPORT": true,
            "MOZ_SERVICES_SYNC": false,
            "MOZ_SWITCHBOARD": true,
            "MOZ_SYSTEM_NSS": false,
            "MOZ_TELEMETRY_ON_BY_DEFAULT": false,
            "MOZ_TELEMETRY_REPORTING": true,
            "MOZ_UNSIGNED_SCOPES": 0,
            "MOZ_UPDATER": false,
            "MOZ_UPDATE_CHANNEL": "release",
            "MOZ_WEBRTC": true,
            "MOZ_WIDGET_GTK": false,
            "MOZ_WIDGET_TOOLKIT": "android",
            "NIGHTLY_BUILD": false,
            "OMNIJAR_NAME": "assets/omni.ja",
            "RELEASE_OR_BETA": true,
            "SOURCE_REVISION_URL": "https://hg.mozilla.org/releases/mozilla-esr68/rev/d2e0b9e17b9bc1ef02606c8006b73293f7892ad5",
            "TELEMETRY_PING_FORMAT_VERSION": 4,
            "XP_UNIX": true,
            "isPlatformAndVersionAtLeast": {},
            "isPlatformAndVersionAtMost": {},
            "platform": "android"
          },
          "asyncAppConstants": {
            "ACCESSIBILITY": true,
            "ANDROID_PACKAGE_NAME": "org.mozilla.firefox",
            "ASAN": false,
            "ASAN_REPORTER": false,
            "BROWSER_CHROME_URL": "chrome://browser/content/browser.xul",
            "DEBUG": false,
            "DEBUG_JS_MODULES": "",
            "DLL_PREFIX": "lib",
            "DLL_SUFFIX": ".so",
            "EARLY_BETA_OR_EARLIER": false,
            "FENNEC_NIGHTLY": false,
            "HAVE_SHELL_SERVICE": false,
            "HAVE_USR_LIB64_DIR": false,
            "MENUBAR_CAN_AUTOHIDE": false,
            "MOZILLA_OFFICIAL": true,
            "MOZ_ALLOW_LEGACY_EXTENSIONS": false,
            "MOZ_ANDROID_ACTIVITY_STREAM": false,
            "MOZ_ANDROID_HISTORY": true,
            "MOZ_ANDROID_MOZILLA_ONLINE": false,
            "MOZ_APP_NAME": "fennec",
            "MOZ_APP_VERSION": "68.1.1",
            "MOZ_APP_VERSION_DISPLAY": "68.1.1",
            "MOZ_BING_API_CLIENTID": "no-bing-api-clientid",
            "MOZ_BING_API_KEY": "no-bing-api-key",
            "MOZ_BITS_DOWNLOAD": false,
            "MOZ_BUILD_APP": "mobile/android",
            "MOZ_CODE_COVERAGE": false,
            "MOZ_CRASHREPORTER": true,
            "MOZ_DATA_REPORTING": true,
            "MOZ_DEV_EDITION": false,
            "MOZ_GECKO_PROFILER": true,
            "MOZ_GOOGLE_LOCATION_SERVICE_API_KEY": "AIzaSyB2h2OuRcUgy5N-5hsZqiPW6sH3n_rptiQ",
            "MOZ_GOOGLE_SAFEBROWSING_API_KEY": "AIzaSyC7jsptDS3am4tPx4r3nxis7IMjBc5Dovo",
            "MOZ_GRAPHENE": false,
            "MOZ_MACBUNDLE_NAME": "Firefox.app",
            "MOZ_MAINTENANCE_SERVICE": false,
            "MOZ_MOZILLA_API_KEY": "3b4d27dd-703d-4094-8398-4de2c763505a",
            "MOZ_NEW_CERT_STORAGE": false,
            "MOZ_NEW_NOTIFICATION_STORE": false,
            "MOZ_NEW_XULSTORE": false,
            "MOZ_OFFICIAL_BRANDING": false,
            "MOZ_PLACES": false,
            "MOZ_REQUIRE_SIGNING": false,
            "MOZ_SANDBOX": false,
            "MOZ_SERVICES_HEALTHREPORT": true,
            "MOZ_SERVICES_SYNC": false,
            "MOZ_SWITCHBOARD": true,
            "MOZ_SYSTEM_NSS": false,
            "MOZ_TELEMETRY_ON_BY_DEFAULT": false,
            "MOZ_TELEMETRY_REPORTING": true,
            "MOZ_UNSIGNED_SCOPES": 0,
            "MOZ_UPDATER": false,
            "MOZ_UPDATE_CHANNEL": "release",
            "MOZ_WEBRTC": true,
            "MOZ_WIDGET_GTK": false,
            "MOZ_WIDGET_TOOLKIT": "android",
            "NIGHTLY_BUILD": false,
            "OMNIJAR_NAME": "assets/omni.ja",
            "RELEASE_OR_BETA": true,
            "SOURCE_REVISION_URL": "https://hg.mozilla.org/releases/mozilla-esr68/rev/d2e0b9e17b9bc1ef02606c8006b73293f7892ad5",
            "TELEMETRY_PING_FORMAT_VERSION": 4,
            "XP_UNIX": true,
            "isPlatformAndVersionAtLeast": {},
            "isPlatformAndVersionAtMost": {},
            "platform": "android"
          },
          "userAgent": "Mozilla/5.0 (Android 8.1.0; Mobile; rv:68.0) Gecko/68.0 Firefox/68.0",
          "windowSize": "360x560"
        },
        "pageinfo": {
          "documentHeight": 3097,
          "documentSize": {
            "decodedBodySize": 137223,
            "encodedBodySize": 31509,
            "transferSize": 33109
          },
          "documentTitle": "Etsy - Shop for handmade, vintage, custom, and unique gifts for everyone",
          "documentWidth": 360,
          "domElements": 2230,
          "navigationStartTime": 1617079322295,
          "nextHopProtocol": "h2",
          "resources": {
            "count": 0,
            "duration": 0
          },
          "responsive": true,
          "url": "https://www.etsy.com/",
          "visualElements": {
            "heroes": [
              {
                "filename": "il_300x300.2697206720_3zvc.jpg",
                "height": 102,
                "name": "LargestImage",
                "width": 102,
                "x": 9,
                "y": 259
              },
              {
                "filename": null,
                "height": 114,
                "name": "Heading",
                "width": 360,
                "x": 0,
                "y": 109
              }
            ],
            "viewport": {
              "height": 560,
              "width": 360
            }
          }
        },
        "timings": {
          "firstPaint": 1446,
          "loadEventEnd": 3895,
          "navigationTiming": {
            "connectStart": 41,
            "domComplete": 3890,
            "domContentLoadedEventEnd": 3281,
            "domContentLoadedEventStart": 2989,
            "domInteractive": 2929,
            "domainLookupEnd": 41,
            "domainLookupStart": 40,
            "duration": 3895,
            "fetchStart": 3,
            "loadEventEnd": 3895,
            "loadEventStart": 3890,
            "redirectEnd": 0,
            "redirectStart": 0,
            "requestStart": 146,
            "responseEnd": 737,
            "responseStart": 727,
            "secureConnectionStart": 53,
            "startTime": 0,
            "unloadEventEnd": 0,
            "unloadEventStart": 0,
            "workerStart": 0
          },
          "pageTimings": {
            "backEndTime": 727,
            "domContentLoadedTime": 2989,
            "domInteractiveTime": 2929,
            "domainLookupTime": 0,
            "frontEndTime": 3153,
            "pageDownloadTime": 10,
            "pageLoadTime": 3890,
            "redirectionTime": 0,
            "serverConnectionTime": 103,
            "serverResponseTime": 591
          },
          "rumSpeedIndex": 726,
          "timeToContentfulPaint": 1665,
          "timeToDomContentFlushed": 2940,
          "userTimings": {
            "marks": [
              {
                "name": "_etsy_perf_beacon_logo_render",
                "startTime": 1563.22
              },
              {
                "name": "Updating Fave Hover Start",
                "startTime": 3279.04
              },
              {
                "name": "Updating Fave Hover End",
                "startTime": 3279.2200000000003
              }
            ],
            "measures": [
              {
                "duration": 0.18000000000029104,
                "name": "Updating Fave Hover",
                "startTime": 3279.04
              }
            ]
          }
        }
      },
      {
        "browser": {
          "appConstants": {
            "ACCESSIBILITY": true,
            "ANDROID_PACKAGE_NAME": "org.mozilla.firefox",
            "ASAN": false,
            "ASAN_REPORTER": false,
            "BROWSER_CHROME_URL": "chrome://browser/content/browser.xul",
            "DEBUG": false,
            "DEBUG_JS_MODULES": "",
            "DLL_PREFIX": "lib",
            "DLL_SUFFIX": ".so",
            "EARLY_BETA_OR_EARLIER": false,
            "FENNEC_NIGHTLY": false,
            "HAVE_SHELL_SERVICE": false,
            "HAVE_USR_LIB64_DIR": false,
            "MENUBAR_CAN_AUTOHIDE": false,
            "MOZILLA_OFFICIAL": true,
            "MOZ_ALLOW_LEGACY_EXTENSIONS": false,
            "MOZ_ANDROID_ACTIVITY_STREAM": false,
            "MOZ_ANDROID_HISTORY": true,
            "MOZ_ANDROID_MOZILLA_ONLINE": false,
            "MOZ_APP_NAME": "fennec",
            "MOZ_APP_VERSION": "68.1.1",
            "MOZ_APP_VERSION_DISPLAY": "68.1.1",
            "MOZ_BING_API_CLIENTID": "no-bing-api-clientid",
            "MOZ_BING_API_KEY": "no-bing-api-key",
            "MOZ_BITS_DOWNLOAD": false,
            "MOZ_BUILD_APP": "mobile/android",
            "MOZ_CODE_COVERAGE": false,
            "MOZ_CRASHREPORTER": true,
            "MOZ_DATA_REPORTING": true,
            "MOZ_DEV_EDITION": false,
            "MOZ_GECKO_PROFILER": true,
            "MOZ_GOOGLE_LOCATION_SERVICE_API_KEY": "AIzaSyB2h2OuRcUgy5N-5hsZqiPW6sH3n_rptiQ",
            "MOZ_GOOGLE_SAFEBROWSING_API_KEY": "AIzaSyC7jsptDS3am4tPx4r3nxis7IMjBc5Dovo",
            "MOZ_GRAPHENE": false,
            "MOZ_MACBUNDLE_NAME": "Firefox.app",
            "MOZ_MAINTENANCE_SERVICE": false,
            "MOZ_MOZILLA_API_KEY": "3b4d27dd-703d-4094-8398-4de2c763505a",
            "MOZ_NEW_CERT_STORAGE": false,
            "MOZ_NEW_NOTIFICATION_STORE": false,
            "MOZ_NEW_XULSTORE": false,
            "MOZ_OFFICIAL_BRANDING": false,
            "MOZ_PLACES": false,
            "MOZ_REQUIRE_SIGNING": false,
            "MOZ_SANDBOX": false,
            "MOZ_SERVICES_HEALTHREPORT": true,
            "MOZ_SERVICES_SYNC": false,
            "MOZ_SWITCHBOARD": true,
            "MOZ_SYSTEM_NSS": false,
            "MOZ_TELEMETRY_ON_BY_DEFAULT": false,
            "MOZ_TELEMETRY_REPORTING": true,
            "MOZ_UNSIGNED_SCOPES": 0,
            "MOZ_UPDATER": false,
            "MOZ_UPDATE_CHANNEL": "release",
            "MOZ_WEBRTC": true,
            "MOZ_WIDGET_GTK": false,
            "MOZ_WIDGET_TOOLKIT": "android",
            "NIGHTLY_BUILD": false,
            "OMNIJAR_NAME": "assets/omni.ja",
            "RELEASE_OR_BETA": true,
            "SOURCE_REVISION_URL": "https://hg.mozilla.org/releases/mozilla-esr68/rev/d2e0b9e17b9bc1ef02606c8006b73293f7892ad5",
            "TELEMETRY_PING_FORMAT_VERSION": 4,
            "XP_UNIX": true,
            "isPlatformAndVersionAtLeast": {},
            "isPlatformAndVersionAtMost": {},
            "platform": "android"
          },
          "asyncAppConstants": {
            "ACCESSIBILITY": true,
            "ANDROID_PACKAGE_NAME": "org.mozilla.firefox",
            "ASAN": false,
            "ASAN_REPORTER": false,
            "BROWSER_CHROME_URL": "chrome://browser/content/browser.xul",
            "DEBUG": false,
            "DEBUG_JS_MODULES": "",
            "DLL_PREFIX": "lib",
            "DLL_SUFFIX": ".so",
            "EARLY_BETA_OR_EARLIER": false,
            "FENNEC_NIGHTLY": false,
            "HAVE_SHELL_SERVICE": false,
            "HAVE_USR_LIB64_DIR": false,
            "MENUBAR_CAN_AUTOHIDE": false,
            "MOZILLA_OFFICIAL": true,
            "MOZ_ALLOW_LEGACY_EXTENSIONS": false,
            "MOZ_ANDROID_ACTIVITY_STREAM": false,
            "MOZ_ANDROID_HISTORY": true,
            "MOZ_ANDROID_MOZILLA_ONLINE": false,
            "MOZ_APP_NAME": "fennec",
            "MOZ_APP_VERSION": "68.1.1",
            "MOZ_APP_VERSION_DISPLAY": "68.1.1",
            "MOZ_BING_API_CLIENTID": "no-bing-api-clientid",
            "MOZ_BING_API_KEY": "no-bing-api-key",
            "MOZ_BITS_DOWNLOAD": false,
            "MOZ_BUILD_APP": "mobile/android",
            "MOZ_CODE_COVERAGE": false,
            "MOZ_CRASHREPORTER": true,
            "MOZ_DATA_REPORTING": true,
            "MOZ_DEV_EDITION": false,
            "MOZ_GECKO_PROFILER": true,
            "MOZ_GOOGLE_LOCATION_SERVICE_API_KEY": "AIzaSyB2h2OuRcUgy5N-5hsZqiPW6sH3n_rptiQ",
            "MOZ_GOOGLE_SAFEBROWSING_API_KEY": "AIzaSyC7jsptDS3am4tPx4r3nxis7IMjBc5Dovo",
            "MOZ_GRAPHENE": false,
            "MOZ_MACBUNDLE_NAME": "Firefox.app",
            "MOZ_MAINTENANCE_SERVICE": false,
            "MOZ_MOZILLA_API_KEY": "3b4d27dd-703d-4094-8398-4de2c763505a",
            "MOZ_NEW_CERT_STORAGE": false,
            "MOZ_NEW_NOTIFICATION_STORE": false,
            "MOZ_NEW_XULSTORE": false,
            "MOZ_OFFICIAL_BRANDING": false,
            "MOZ_PLACES": false,
            "MOZ_REQUIRE_SIGNING": false,
            "MOZ_SANDBOX": false,
            "MOZ_SERVICES_HEALTHREPORT": true,
            "MOZ_SERVICES_SYNC": false,
            "MOZ_SWITCHBOARD": true,
            "MOZ_SYSTEM_NSS": false,
            "MOZ_TELEMETRY_ON_BY_DEFAULT": false,
            "MOZ_TELEMETRY_REPORTING": true,
            "MOZ_UNSIGNED_SCOPES": 0,
            "MOZ_UPDATER": false,
            "MOZ_UPDATE_CHANNEL": "release",
            "MOZ_WEBRTC": true,
            "MOZ_WIDGET_GTK": false,
            "MOZ_WIDGET_TOOLKIT": "android",
            "NIGHTLY_BUILD": false,
            "OMNIJAR_NAME": "assets/omni.ja",
            "RELEASE_OR_BETA": true,
            "SOURCE_REVISION_URL": "https://hg.mozilla.org/releases/mozilla-esr68/rev/d2e0b9e17b9bc1ef02606c8006b73293f7892ad5",
            "TELEMETRY_PING_FORMAT_VERSION": 4,
            "XP_UNIX": true,
            "isPlatformAndVersionAtLeast": {},
            "isPlatformAndVersionAtMost": {},
            "platform": "android"
          },
          "userAgent": "Mozilla/5.0 (Android 8.1.0; Mobile; rv:68.0) Gecko/68.0 Firefox/68.0",
          "windowSize": "360x560"
        },
        "pageinfo": {
          "documentHeight": 3097,
          "documentSize": {
            "decodedBodySize": 133490,
            "encodedBodySize": 30174,
            "transferSize": 31773
          },
          "documentTitle": "Etsy - Shop for handmade, vintage, custom, and unique gifts for everyone",
          "documentWidth": 360,
          "domElements": 2228,
          "navigationStartTime": 1617079345828,
          "nextHopProtocol": "h2",
          "resources": {
            "count": 0,
            "duration": 0
          },
          "responsive": true,
          "url": "https://www.etsy.com/",
          "visualElements": {
            "heroes": [
              {
                "filename": "il_300x300.2697206720_3zvc.jpg",
                "height": 102,
                "name": "LargestImage",
                "width": 102,
                "x": 9,
                "y": 259
              },
              {
                "filename": null,
                "height": 114,
                "name": "Heading",
                "width": 360,
                "x": 0,
                "y": 109
              }
            ],
            "viewport": {
              "height": 560,
              "width": 360
            }
          }
        },
        "timings": {
          "firstPaint": 1915,
          "loadEventEnd": 4821,
          "navigationTiming": {
            "connectStart": 31,
            "domComplete": 4816,
            "domContentLoadedEventEnd": 3416,
            "domContentLoadedEventStart": 3113,
            "domInteractive": 3037,
            "domainLookupEnd": 30,
            "domainLookupStart": 30,
            "duration": 4821,
            "fetchStart": 2,
            "loadEventEnd": 4821,
            "loadEventStart": 4816,
            "redirectEnd": 0,
            "redirectStart": 0,
            "requestStart": 136,
            "responseEnd": 861,
            "responseStart": 861,
            "secureConnectionStart": 48,
            "startTime": 0,
            "unloadEventEnd": 0,
            "unloadEventStart": 0,
            "workerStart": 0
          },
          "pageTimings": {
            "backEndTime": 861,
            "domContentLoadedTime": 3113,
            "domInteractiveTime": 3037,
            "domainLookupTime": 0,
            "frontEndTime": 3955,
            "pageDownloadTime": 0,
            "pageLoadTime": 4816,
            "redirectionTime": 0,
            "serverConnectionTime": 103,
            "serverResponseTime": 725
          },
          "rumSpeedIndex": 860,
          "timeToContentfulPaint": 2104,
          "timeToDomContentFlushed": 3039,
          "userTimings": {
            "marks": [
              {
                "name": "_etsy_perf_beacon_logo_render",
                "startTime": 1907.64
              },
              {
                "name": "Updating Fave Hover Start",
                "startTime": 3413.56
              },
              {
                "name": "Updating Fave Hover End",
                "startTime": 3413.74
              }
            ],
            "measures": [
              {
                "duration": 0.18000000000029104,
                "name": "Updating Fave Hover",
                "startTime": 3413.56
              }
            ]
          }
        }
      },
      {
        "browser": {
          "appConstants": {
            "ACCESSIBILITY": true,
            "ANDROID_PACKAGE_NAME": "org.mozilla.firefox",
            "ASAN": false,
            "ASAN_REPORTER": false,
            "BROWSER_CHROME_URL": "chrome://browser/content/browser.xul",
            "DEBUG": false,
            "DEBUG_JS_MODULES": "",
            "DLL_PREFIX": "lib",
            "DLL_SUFFIX": ".so",
            "EARLY_BETA_OR_EARLIER": false,
            "FENNEC_NIGHTLY": false,
            "HAVE_SHELL_SERVICE": false,
            "HAVE_USR_LIB64_DIR": false,
            "MENUBAR_CAN_AUTOHIDE": false,
            "MOZILLA_OFFICIAL": true,
            "MOZ_ALLOW_LEGACY_EXTENSIONS": false,
            "MOZ_ANDROID_ACTIVITY_STREAM": false,
            "MOZ_ANDROID_HISTORY": true,
            "MOZ_ANDROID_MOZILLA_ONLINE": false,
            "MOZ_APP_NAME": "fennec",
            "MOZ_APP_VERSION": "68.1.1",
            "MOZ_APP_VERSION_DISPLAY": "68.1.1",
            "MOZ_BING_API_CLIENTID": "no-bing-api-clientid",
            "MOZ_BING_API_KEY": "no-bing-api-key",
            "MOZ_BITS_DOWNLOAD": false,
            "MOZ_BUILD_APP": "mobile/android",
            "MOZ_CODE_COVERAGE": false,
            "MOZ_CRASHREPORTER": true,
            "MOZ_DATA_REPORTING": true,
            "MOZ_DEV_EDITION": false,
            "MOZ_GECKO_PROFILER": true,
            "MOZ_GOOGLE_LOCATION_SERVICE_API_KEY": "AIzaSyB2h2OuRcUgy5N-5hsZqiPW6sH3n_rptiQ",
            "MOZ_GOOGLE_SAFEBROWSING_API_KEY": "AIzaSyC7jsptDS3am4tPx4r3nxis7IMjBc5Dovo",
            "MOZ_GRAPHENE": false,
            "MOZ_MACBUNDLE_NAME": "Firefox.app",
            "MOZ_MAINTENANCE_SERVICE": false,
            "MOZ_MOZILLA_API_KEY": "3b4d27dd-703d-4094-8398-4de2c763505a",
            "MOZ_NEW_CERT_STORAGE": false,
            "MOZ_NEW_NOTIFICATION_STORE": false,
            "MOZ_NEW_XULSTORE": false,
            "MOZ_OFFICIAL_BRANDING": false,
            "MOZ_PLACES": false,
            "MOZ_REQUIRE_SIGNING": false,
            "MOZ_SANDBOX": false,
            "MOZ_SERVICES_HEALTHREPORT": true,
            "MOZ_SERVICES_SYNC": false,
            "MOZ_SWITCHBOARD": true,
            "MOZ_SYSTEM_NSS": false,
            "MOZ_TELEMETRY_ON_BY_DEFAULT": false,
            "MOZ_TELEMETRY_REPORTING": true,
            "MOZ_UNSIGNED_SCOPES": 0,
            "MOZ_UPDATER": false,
            "MOZ_UPDATE_CHANNEL": "release",
            "MOZ_WEBRTC": true,
            "MOZ_WIDGET_GTK": false,
            "MOZ_WIDGET_TOOLKIT": "android",
            "NIGHTLY_BUILD": false,
            "OMNIJAR_NAME": "assets/omni.ja",
            "RELEASE_OR_BETA": true,
            "SOURCE_REVISION_URL": "https://hg.mozilla.org/releases/mozilla-esr68/rev/d2e0b9e17b9bc1ef02606c8006b73293f7892ad5",
            "TELEMETRY_PING_FORMAT_VERSION": 4,
            "XP_UNIX": true,
            "isPlatformAndVersionAtLeast": {},
            "isPlatformAndVersionAtMost": {},
            "platform": "android"
          },
          "asyncAppConstants": {
            "ACCESSIBILITY": true,
            "ANDROID_PACKAGE_NAME": "org.mozilla.firefox",
            "ASAN": false,
            "ASAN_REPORTER": false,
            "BROWSER_CHROME_URL": "chrome://browser/content/browser.xul",
            "DEBUG": false,
            "DEBUG_JS_MODULES": "",
            "DLL_PREFIX": "lib",
            "DLL_SUFFIX": ".so",
            "EARLY_BETA_OR_EARLIER": false,
            "FENNEC_NIGHTLY": false,
            "HAVE_SHELL_SERVICE": false,
            "HAVE_USR_LIB64_DIR": false,
            "MENUBAR_CAN_AUTOHIDE": false,
            "MOZILLA_OFFICIAL": true,
            "MOZ_ALLOW_LEGACY_EXTENSIONS": false,
            "MOZ_ANDROID_ACTIVITY_STREAM": false,
            "MOZ_ANDROID_HISTORY": true,
            "MOZ_ANDROID_MOZILLA_ONLINE": false,
            "MOZ_APP_NAME": "fennec",
            "MOZ_APP_VERSION": "68.1.1",
            "MOZ_APP_VERSION_DISPLAY": "68.1.1",
            "MOZ_BING_API_CLIENTID": "no-bing-api-clientid",
            "MOZ_BING_API_KEY": "no-bing-api-key",
            "MOZ_BITS_DOWNLOAD": false,
            "MOZ_BUILD_APP": "mobile/android",
            "MOZ_CODE_COVERAGE": false,
            "MOZ_CRASHREPORTER": true,
            "MOZ_DATA_REPORTING": true,
            "MOZ_DEV_EDITION": false,
            "MOZ_GECKO_PROFILER": true,
            "MOZ_GOOGLE_LOCATION_SERVICE_API_KEY": "AIzaSyB2h2OuRcUgy5N-5hsZqiPW6sH3n_rptiQ",
            "MOZ_GOOGLE_SAFEBROWSING_API_KEY": "AIzaSyC7jsptDS3am4tPx4r3nxis7IMjBc5Dovo",
            "MOZ_GRAPHENE": false,
            "MOZ_MACBUNDLE_NAME": "Firefox.app",
            "MOZ_MAINTENANCE_SERVICE": false,
            "MOZ_MOZILLA_API_KEY": "3b4d27dd-703d-4094-8398-4de2c763505a",
            "MOZ_NEW_CERT_STORAGE": false,
            "MOZ_NEW_NOTIFICATION_STORE": false,
            "MOZ_NEW_XULSTORE": false,
            "MOZ_OFFICIAL_BRANDING": false,
            "MOZ_PLACES": false,
            "MOZ_REQUIRE_SIGNING": false,
            "MOZ_SANDBOX": false,
            "MOZ_SERVICES_HEALTHREPORT": true,
            "MOZ_SERVICES_SYNC": false,
            "MOZ_SWITCHBOARD": true,
            "MOZ_SYSTEM_NSS": false,
            "MOZ_TELEMETRY_ON_BY_DEFAULT": false,
            "MOZ_TELEMETRY_REPORTING": true,
            "MOZ_UNSIGNED_SCOPES": 0,
            "MOZ_UPDATER": false,
            "MOZ_UPDATE_CHANNEL": "release",
            "MOZ_WEBRTC": true,
            "MOZ_WIDGET_GTK": false,
            "MOZ_WIDGET_TOOLKIT": "android",
            "NIGHTLY_BUILD": false,
            "OMNIJAR_NAME": "assets/omni.ja",
            "RELEASE_OR_BETA": true,
            "SOURCE_REVISION_URL": "https://hg.mozilla.org/releases/mozilla-esr68/rev/d2e0b9e17b9bc1ef02606c8006b73293f7892ad5",
            "TELEMETRY_PING_FORMAT_VERSION": 4,
            "XP_UNIX": true,
            "isPlatformAndVersionAtLeast": {},
            "isPlatformAndVersionAtMost": {},
            "platform": "android"
          },
          "userAgent": "Mozilla/5.0 (Android 8.1.0; Mobile; rv:68.0) Gecko/68.0 Firefox/68.0",
          "windowSize": "360x560"
        },
        "pageinfo": {
          "documentHeight": 3099,
          "documentSize": {
            "decodedBodySize": 137473,
            "encodedBodySize": 31589,
            "transferSize": 33188
          },
          "documentTitle": "Etsy - Shop for handmade, vintage, custom, and unique gifts for everyone",
          "documentWidth": 360,
          "domElements": 2231,
          "navigationStartTime": 1617079368411,
          "nextHopProtocol": "h2",
          "resources": {
            "count": 0,
            "duration": 0
          },
          "responsive": true,
          "url": "https://www.etsy.com/",
          "visualElements": {
            "heroes": [
              {
                "filename": "il_300x300.2697206720_3zvc.jpg",
                "height": 102,
                "name": "LargestImage",
                "width": 102,
                "x": 9,
                "y": 259
              },
              {
                "filename": null,
                "height": 114,
                "name": "Heading",
                "width": 360,
                "x": 0,
                "y": 109
              }
            ],
            "viewport": {
              "height": 560,
              "width": 360
            }
          }
        },
        "timings": {
          "firstPaint": 1976,
          "loadEventEnd": 4990,
          "navigationTiming": {
            "connectStart": 32,
            "domComplete": 4988,
            "domContentLoadedEventEnd": 3428,
            "domContentLoadedEventStart": 3128,
            "domInteractive": 2949,
            "domainLookupEnd": 31,
            "domainLookupStart": 31,
            "duration": 4990,
            "fetchStart": 2,
            "loadEventEnd": 4990,
            "loadEventStart": 4988,
            "redirectEnd": 0,
            "redirectStart": 0,
            "requestStart": 135,
            "responseEnd": 902,
            "responseStart": 889,
            "secureConnectionStart": 44,
            "startTime": 0,
            "unloadEventEnd": 0,
            "unloadEventStart": 0,
            "workerStart": 0
          },
          "pageTimings": {
            "backEndTime": 889,
            "domContentLoadedTime": 3128,
            "domInteractiveTime": 2949,
            "domainLookupTime": 0,
            "frontEndTime": 4085,
            "pageDownloadTime": 14,
            "pageLoadTime": 4988,
            "redirectionTime": 0,
            "serverConnectionTime": 101,
            "serverResponseTime": 767
          },
          "rumSpeedIndex": 888,
          "timeToContentfulPaint": 2198,
          "timeToDomContentFlushed": 2995,
          "userTimings": {
            "marks": [
              {
                "name": "_etsy_perf_beacon_logo_render",
                "startTime": 1940.56
              },
              {
                "name": "Updating Fave Hover Start",
                "startTime": 3426
              },
              {
                "name": "Updating Fave Hover End",
                "startTime": 3426.1800000000003
              }
            ],
            "measures": [
              {
                "duration": 0.18000000000029104,
                "name": "Updating Fave Hover",
                "startTime": 3426
              }
            ]
          }
        }
      }
    ],
    "visualMetrics": [],
    "cpu": [],
    "extras": [
      {},
      {},
      {}
    ],
    "fullyLoaded": [],
    "errors": [
      [],
      [],
      []
    ],
    "statistics": {
      "browser": {
        "appConstants": {
          "MOZ_UNSIGNED_SCOPES": {
            "median": 0,
            "mean": 0,
            "mdev": 0,
            "stddev": 0,
            "min": 0,
            "p10": 0,
            "p90": 0,
            "p99": 0,
            "max": 0
          },
          "TELEMETRY_PING_FORMAT_VERSION": {
            "median": 4,
            "mean": 4,
            "mdev": 0,
            "stddev": 0,
            "min": 4,
            "p10": 4,
            "p90": 4,
            "p99": 4,
            "max": 4
          }
        },
        "asyncAppConstants": {
          "MOZ_UNSIGNED_SCOPES": {
            "median": 0,
            "mean": 0,
            "mdev": 0,
            "stddev": 0,
            "min": 0,
            "p10": 0,
            "p90": 0,
            "p99": 0,
            "max": 0
          },
          "TELEMETRY_PING_FORMAT_VERSION": {
            "median": 4,
            "mean": 4,
            "mdev": 0,
            "stddev": 0,
            "min": 4,
            "p10": 4,
            "p90": 4,
            "p99": 4,
            "max": 4
          }
        }
      },
      "pageinfo": {
        "documentHeight": {
          "median": 3097,
          "mean": 3098,
          "mdev": 0.5443,
          "stddev": 1,
          "min": 3097,
          "p10": 3097,
          "p90": 3099,
          "p99": 3099,
          "max": 3099
        },
        "documentSize": {
          "decodedBodySize": {
            "median": 137223,
            "mean": 136062,
            "mdev": 1051.6667,
            "stddev": 1822,
            "min": 133490,
            "p10": 133490,
            "p90": 137473,
            "p99": 137473,
            "max": 137473
          },
          "encodedBodySize": {
            "median": 31509,
            "mean": 31091,
            "mdev": 374.7024,
            "stddev": 649,
            "min": 30174,
            "p10": 30174,
            "p90": 31589,
            "p99": 31589,
            "max": 31589
          },
          "transferSize": {
            "median": 33109,
            "mean": 32690,
            "mdev": 374.8265,
            "stddev": 649,
            "min": 31773,
            "p10": 31773,
            "p90": 33188,
            "p99": 33188,
            "max": 33188
          }
        },
        "documentWidth": {
          "median": 360,
          "mean": 360,
          "mdev": 0,
          "stddev": 0,
          "min": 360,
          "p10": 360,
          "p90": 360,
          "p99": 360,
          "max": 360
        },
        "domElements": {
          "median": 2230,
          "mean": 2230,
          "mdev": 0.7201,
          "stddev": 1,
          "min": 2228,
          "p10": 2228,
          "p90": 2231,
          "p99": 2231,
          "max": 2231
        },
        "navigationStartTime": {
          "median": 1617079345828,
          "mean": 1617079345511,
          "mdev": 0,
          "stddev": 0,
          "min": 1617079322295,
          "p10": 1617079322295,
          "p90": 1617079368411,
          "p99": 1617079368411,
          "max": 1617079368411
        },
        "resources": {
          "count": {
            "median": 0,
            "mean": 0,
            "mdev": 0,
            "stddev": 0,
            "min": 0,
            "p10": 0,
            "p90": 0,
            "p99": 0,
            "max": 0
          },
          "duration": {
            "median": 0,
            "mean": 0,
            "mdev": 0,
            "stddev": 0,
            "min": 0,
            "p10": 0,
            "p90": 0,
            "p99": 0,
            "max": 0
          }
        },
        "visualElements": {
          "heroes": [
            {
              "height": {
                "median": 102,
                "mean": 102,
                "mdev": 0,
                "stddev": 0,
                "min": 102,
                "p10": 102,
                "p90": 102,
                "p99": 102,
                "max": 102
              },
              "width": {
                "median": 102,
                "mean": 102,
                "mdev": 0,
                "stddev": 0,
                "min": 102,
                "p10": 102,
                "p90": 102,
                "p99": 102,
                "max": 102
              },
              "x": {
                "median": 9,
                "mean": 9,
                "mdev": 0,
                "stddev": 0,
                "min": 9,
                "p10": 9,
                "p90": 9,
                "p99": 9,
                "max": 9
              },
              "y": {
                "median": 259,
                "mean": 259,
                "mdev": 0,
                "stddev": 0,
                "min": 259,
                "p10": 259,
                "p90": 259,
                "p99": 259,
                "max": 259
              }
            },
            {
              "height": {
                "median": 114,
                "mean": 114,
                "mdev": 0,
                "stddev": 0,
                "min": 114,
                "p10": 114,
                "p90": 114,
                "p99": 114,
                "max": 114
              },
              "width": {
                "median": 360,
                "mean": 360,
                "mdev": 0,
                "stddev": 0,
                "min": 360,
                "p10": 360,
                "p90": 360,
                "p99": 360,
                "max": 360
              },
              "x": {
                "median": 0,
                "mean": 0,
                "mdev": 0,
                "stddev": 0,
                "min": 0,
                "p10": 0,
                "p90": 0,
                "p99": 0,
                "max": 0
              },
              "y": {
                "median": 109,
                "mean": 109,
                "mdev": 0,
                "stddev": 0,
                "min": 109,
                "p10": 109,
                "p90": 109,
                "p99": 109,
                "max": 109
              }
            }
          ],
          "viewport": {
            "height": {
              "median": 560,
              "mean": 560,
              "mdev": 0,
              "stddev": 0,
              "min": 560,
              "p10": 560,
              "p90": 560,
              "p99": 560,
              "max": 560
            },
            "width": {
              "median": 360,
              "mean": 360,
              "mdev": 0,
              "stddev": 0,
              "min": 360,
              "p10": 360,
              "p90": 360,
              "p99": 360,
              "max": 360
            }
          }
        }
      },
      "timings": {
        "firstPaint": {
          "median": 1915,
          "mean": 1779,
          "mdev": 136.7049,
          "stddev": 237,
          "min": 1446,
          "p10": 1446,
          "p90": 1976,
          "p99": 1976,
          "max": 1976
        },
        "loadEventEnd": {
          "median": 4821,
          "mean": 4569,
          "mdev": 277.893,
          "stddev": 481,
          "min": 3895,
          "p10": 3895,
          "p90": 4990,
          "p99": 4990,
          "max": 4990
        },
        "navigationTiming": {
          "connectStart": {
            "median": 32,
            "mean": 35,
            "mdev": 2.5963,
            "stddev": 4,
            "min": 31,
            "p10": 31,
            "p90": 41,
            "p99": 41,
            "max": 41
          },
          "domComplete": {
            "median": 4816,
            "mean": 4565,
            "mdev": 278.3991,
            "stddev": 482,
            "min": 3890,
            "p10": 3890,
            "p90": 4988,
            "p99": 4988,
            "max": 4988
          },
          "domContentLoadedEventEnd": {
            "median": 3416,
            "mean": 3375,
            "mdev": 38.4794,
            "stddev": 67,
            "min": 3281,
            "p10": 3281,
            "p90": 3428,
            "p99": 3428,
            "max": 3428
          },
          "domContentLoadedEventStart": {
            "median": 3113,
            "mean": 3077,
            "mdev": 35.964,
            "stddev": 62,
            "min": 2989,
            "p10": 2989,
            "p90": 3128,
            "p99": 3128,
            "max": 3128
          },
          "domInteractive": {
            "median": 2949,
            "mean": 2972,
            "mdev": 27.0856,
            "stddev": 47,
            "min": 2929,
            "p10": 2929,
            "p90": 3037,
            "p99": 3037,
            "max": 3037
          },
          "domainLookupEnd": {
            "median": 31,
            "mean": 34,
            "mdev": 2.8674,
            "stddev": 5,
            "min": 30,
            "p10": 30,
            "p90": 41,
            "p99": 41,
            "max": 41
          },
          "domainLookupStart": {
            "median": 31,
            "mean": 34,
            "mdev": 2.5963,
            "stddev": 4,
            "min": 30,
            "p10": 30,
            "p90": 40,
            "p99": 40,
            "max": 40
          },
          "duration": {
            "median": 4821,
            "mean": 4569,
            "mdev": 277.893,
            "stddev": 481,
            "min": 3895,
            "p10": 3895,
            "p90": 4990,
            "p99": 4990,
            "max": 4990
          },
          "fetchStart": {
            "median": 2,
            "mean": 2,
            "mdev": 0.2722,
            "stddev": 0,
            "min": 2,
            "p10": 2,
            "p90": 3,
            "p99": 3,
            "max": 3
          },
          "loadEventEnd": {
            "median": 4821,
            "mean": 4569,
            "mdev": 277.893,
            "stddev": 481,
            "min": 3895,
            "p10": 3895,
            "p90": 4990,
            "p99": 4990,
            "max": 4990
          },
          "loadEventStart": {
            "median": 4816,
            "mean": 4565,
            "mdev": 278.3991,
            "stddev": 482,
            "min": 3890,
            "p10": 3890,
            "p90": 4988,
            "p99": 4988,
            "max": 4988
          },
          "redirectEnd": {
            "median": 0,
            "mean": 0,
            "mdev": 0,
            "stddev": 0,
            "min": 0,
            "p10": 0,
            "p90": 0,
            "p99": 0,
            "max": 0
          },
          "redirectStart": {
            "median": 0,
            "mean": 0,
            "mdev": 0,
            "stddev": 0,
            "min": 0,
            "p10": 0,
            "p90": 0,
            "p99": 0,
            "max": 0
          },
          "requestStart": {
            "median": 136,
            "mean": 139,
            "mdev": 2.8674,
            "stddev": 5,
            "min": 135,
            "p10": 135,
            "p90": 146,
            "p99": 146,
            "max": 146
          },
          "responseEnd": {
            "median": 861,
            "mean": 833,
            "mdev": 40.4978,
            "stddev": 70,
            "min": 737,
            "p10": 737,
            "p90": 902,
            "p99": 902,
            "max": 902
          },
          "responseStart": {
            "median": 861,
            "mean": 826,
            "mdev": 40.8176,
            "stddev": 71,
            "min": 727,
            "p10": 727,
            "p90": 889,
            "p99": 889,
            "max": 889
          },
          "secureConnectionStart": {
            "median": 48,
            "mean": 48,
            "mdev": 2.1257,
            "stddev": 4,
            "min": 44,
            "p10": 44,
            "p90": 53,
            "p99": 53,
            "max": 53
          },
          "startTime": {
            "median": 0,
            "mean": 0,
            "mdev": 0,
            "stddev": 0,
            "min": 0,
            "p10": 0,
            "p90": 0,
            "p99": 0,
            "max": 0
          },
          "unloadEventEnd": {
            "median": 0,
            "mean": 0,
            "mdev": 0,
            "stddev": 0,
            "min": 0,
            "p10": 0,
            "p90": 0,
            "p99": 0,
            "max": 0
          },
          "unloadEventStart": {
            "median": 0,
            "mean": 0,
            "mdev": 0,
            "stddev": 0,
            "min": 0,
            "p10": 0,
            "p90": 0,
            "p99": 0,
            "max": 0
          },
          "workerStart": {
            "median": 0,
            "mean": 0,
            "mdev": 0,
            "stddev": 0,
            "min": 0,
            "p10": 0,
            "p90": 0,
            "p99": 0,
            "max": 0
          }
        },
        "pageTimings": {
          "backEndTime": {
            "median": 861,
            "mean": 826,
            "mdev": 40.8176,
            "stddev": 71,
            "min": 727,
            "p10": 727,
            "p90": 889,
            "p99": 889,
            "max": 889
          },
          "domContentLoadedTime": {
            "median": 3113,
            "mean": 3077,
            "mdev": 35.964,
            "stddev": 62,
            "min": 2989,
            "p10": 2989,
            "p90": 3128,
            "p99": 3128,
            "max": 3128
          },
          "domInteractiveTime": {
            "median": 2949,
            "mean": 2972,
            "mdev": 27.0856,
            "stddev": 47,
            "min": 2929,
            "p10": 2929,
            "p90": 3037,
            "p99": 3037,
            "max": 3037
          },
          "domainLookupTime": {
            "median": 0,
            "mean": 0,
            "mdev": 0,
            "stddev": 0,
            "min": 0,
            "p10": 0,
            "p90": 0,
            "p99": 0,
            "max": 0
          },
          "frontEndTime": {
            "median": 3955,
            "mean": 3731,
            "mdev": 237.9486,
            "stddev": 412,
            "min": 3153,
            "p10": 3153,
            "p90": 4085,
            "p99": 4085,
            "max": 4085
          },
          "pageDownloadTime": {
            "median": 10,
            "mean": 8,
            "mdev": 3.3993,
            "stddev": 6,
            "min": 0,
            "p10": 0,
            "p90": 14,
            "p99": 14,
            "max": 14
          },
          "pageLoadTime": {
            "median": 4816,
            "mean": 4565,
            "mdev": 278.3991,
            "stddev": 482,
            "min": 3890,
            "p10": 3890,
            "p90": 4988,
            "p99": 4988,
            "max": 4988
          },
          "redirectionTime": {
            "median": 0,
            "mean": 0,
            "mdev": 0,
            "stddev": 0,
            "min": 0,
            "p10": 0,
            "p90": 0,
            "p99": 0,
            "max": 0
          },
          "serverConnectionTime": {
            "median": 103,
            "mean": 102,
            "mdev": 0.5443,
            "stddev": 1,
            "min": 101,
            "p10": 101,
            "p90": 103,
            "p99": 103,
            "max": 103
          },
          "serverResponseTime": {
            "median": 725,
            "mean": 694,
            "mdev": 43.3316,
            "stddev": 75,
            "min": 591,
            "p10": 591,
            "p90": 767,
            "p99": 767,
            "max": 767
          }
        },
        "rumSpeedIndex": {
          "median": 860,
          "mean": 825,
          "mdev": 40.8176,
          "stddev": 71,
          "min": 726,
          "p10": 726,
          "p90": 888,
          "p99": 888,
          "max": 888
        },
        "timeToContentfulPaint": {
          "median": 2104,
          "mean": 1989,
          "mdev": 134.1152,
          "stddev": 232,
          "min": 1665,
          "p10": 1665,
          "p90": 2198,
          "p99": 2198,
          "max": 2198
        },
        "timeToDomContentFlushed": {
          "median": 2995,
          "mean": 2991,
          "mdev": 23.3825,
          "stddev": 40,
          "min": 2940,
          "p10": 2940,
          "p90": 3039,
          "p99": 3039,
          "max": 3039
        },
        "userTimings": {
          "marks": {
            "_etsy_perf_beacon_logo_render": {
              "median": 1908,
              "mean": 1804,
              "mdev": 98.5251,
              "stddev": 171,
              "min": 1563,
              "p10": 1563,
              "p90": 1941,
              "p99": 1941,
              "max": 1941
            },
            "Updating Fave Hover Start": {
              "median": 3414,
              "mean": 3373,
              "mdev": 38.4166,
              "stddev": 67,
              "min": 3279,
              "p10": 3279,
              "p90": 3426,
              "p99": 3426,
              "max": 3426
            },
            "Updating Fave Hover End": {
              "median": 3414,
              "mean": 3373,
              "mdev": 38.4166,
              "stddev": 67,
              "min": 3279,
              "p10": 3279,
              "p90": 3426,
              "p99": 3426,
              "max": 3426
            }
          },
          "measures": {
            "Updating Fave Hover": {
              "median": 0,
              "mean": 0,
              "mdev": 0,
              "stddev": 0,
              "min": 0,
              "p10": 0,
              "p90": 0,
              "p99": 0,
              "max": 0
            }
          }
        }
      }
    }
  }
]