[
  {
    "info": {
      "browsertime": {
        "version": "8.4.0"
      },
      "url": "https://www.researchgate.net/",
      "timestamp": "2021-03-30T08:26:58+04:00",
      "connectivity": {
        "engine": "external",
        "profile": "native"
      },
      "extra": {}
    },
    "files": {
      "video": [],
      "screenshot": [],
      "timeline": [],
      "consoleLog": [],
      "netLog": [],
      "perfLog": []
    },
    "cdp": {
      "performance": []
    },
    "timestamps": [
      "2021-03-30T08:26:44+04:00",
      "2021-03-30T08:27:09+04:00",
      "2021-03-30T08:27:33+04:00"
    ],
    "browserScripts": [
      {
        "browser": {
          "appConstants": {
            "ACCESSIBILITY": true,
            "ANDROID_PACKAGE_NAME": "org.mozilla.firefox",
            "ASAN": false,
            "ASAN_REPORTER": false,
            "BROWSER_CHROME_URL": "chrome://browser/content/browser.xul",
            "DEBUG": false,
            "DEBUG_JS_MODULES": "",
            "DLL_PREFIX": "lib",
            "DLL_SUFFIX": ".so",
            "EARLY_BETA_OR_EARLIER": false,
            "FENNEC_NIGHTLY": false,
            "HAVE_SHELL_SERVICE": false,
            "HAVE_USR_LIB64_DIR": false,
            "MENUBAR_CAN_AUTOHIDE": false,
            "MOZILLA_OFFICIAL": true,
            "MOZ_ALLOW_LEGACY_EXTENSIONS": false,
            "MOZ_ANDROID_ACTIVITY_STREAM": false,
            "MOZ_ANDROID_HISTORY": true,
            "MOZ_ANDROID_MOZILLA_ONLINE": false,
            "MOZ_APP_NAME": "fennec",
            "MOZ_APP_VERSION": "68.1.1",
            "MOZ_APP_VERSION_DISPLAY": "68.1.1",
            "MOZ_BING_API_CLIENTID": "no-bing-api-clientid",
            "MOZ_BING_API_KEY": "no-bing-api-key",
            "MOZ_BITS_DOWNLOAD": false,
            "MOZ_BUILD_APP": "mobile/android",
            "MOZ_CODE_COVERAGE": false,
            "MOZ_CRASHREPORTER": true,
            "MOZ_DATA_REPORTING": true,
            "MOZ_DEV_EDITION": false,
            "MOZ_GECKO_PROFILER": true,
            "MOZ_GOOGLE_LOCATION_SERVICE_API_KEY": "AIzaSyB2h2OuRcUgy5N-5hsZqiPW6sH3n_rptiQ",
            "MOZ_GOOGLE_SAFEBROWSING_API_KEY": "AIzaSyC7jsptDS3am4tPx4r3nxis7IMjBc5Dovo",
            "MOZ_GRAPHENE": false,
            "MOZ_MACBUNDLE_NAME": "Firefox.app",
            "MOZ_MAINTENANCE_SERVICE": false,
            "MOZ_MOZILLA_API_KEY": "3b4d27dd-703d-4094-8398-4de2c763505a",
            "MOZ_NEW_CERT_STORAGE": false,
            "MOZ_NEW_NOTIFICATION_STORE": false,
            "MOZ_NEW_XULSTORE": false,
            "MOZ_OFFICIAL_BRANDING": false,
            "MOZ_PLACES": false,
            "MOZ_REQUIRE_SIGNING": false,
            "MOZ_SANDBOX": false,
            "MOZ_SERVICES_HEALTHREPORT": true,
            "MOZ_SERVICES_SYNC": false,
            "MOZ_SWITCHBOARD": true,
            "MOZ_SYSTEM_NSS": false,
            "MOZ_TELEMETRY_ON_BY_DEFAULT": false,
            "MOZ_TELEMETRY_REPORTING": true,
            "MOZ_UNSIGNED_SCOPES": 0,
            "MOZ_UPDATER": false,
            "MOZ_UPDATE_CHANNEL": "release",
            "MOZ_WEBRTC": true,
            "MOZ_WIDGET_GTK": false,
            "MOZ_WIDGET_TOOLKIT": "android",
            "NIGHTLY_BUILD": false,
            "OMNIJAR_NAME": "assets/omni.ja",
            "RELEASE_OR_BETA": true,
            "SOURCE_REVISION_URL": "https://hg.mozilla.org/releases/mozilla-esr68/rev/d2e0b9e17b9bc1ef02606c8006b73293f7892ad5",
            "TELEMETRY_PING_FORMAT_VERSION": 4,
            "XP_UNIX": true,
            "isPlatformAndVersionAtLeast": {},
            "isPlatformAndVersionAtMost": {},
            "platform": "android"
          },
          "asyncAppConstants": {
            "ACCESSIBILITY": true,
            "ANDROID_PACKAGE_NAME": "org.mozilla.firefox",
            "ASAN": false,
            "ASAN_REPORTER": false,
            "BROWSER_CHROME_URL": "chrome://browser/content/browser.xul",
            "DEBUG": false,
            "DEBUG_JS_MODULES": "",
            "DLL_PREFIX": "lib",
            "DLL_SUFFIX": ".so",
            "EARLY_BETA_OR_EARLIER": false,
            "FENNEC_NIGHTLY": false,
            "HAVE_SHELL_SERVICE": false,
            "HAVE_USR_LIB64_DIR": false,
            "MENUBAR_CAN_AUTOHIDE": false,
            "MOZILLA_OFFICIAL": true,
            "MOZ_ALLOW_LEGACY_EXTENSIONS": false,
            "MOZ_ANDROID_ACTIVITY_STREAM": false,
            "MOZ_ANDROID_HISTORY": true,
            "MOZ_ANDROID_MOZILLA_ONLINE": false,
            "MOZ_APP_NAME": "fennec",
            "MOZ_APP_VERSION": "68.1.1",
            "MOZ_APP_VERSION_DISPLAY": "68.1.1",
            "MOZ_BING_API_CLIENTID": "no-bing-api-clientid",
            "MOZ_BING_API_KEY": "no-bing-api-key",
            "MOZ_BITS_DOWNLOAD": false,
            "MOZ_BUILD_APP": "mobile/android",
            "MOZ_CODE_COVERAGE": false,
            "MOZ_CRASHREPORTER": true,
            "MOZ_DATA_REPORTING": true,
            "MOZ_DEV_EDITION": false,
            "MOZ_GECKO_PROFILER": true,
            "MOZ_GOOGLE_LOCATION_SERVICE_API_KEY": "AIzaSyB2h2OuRcUgy5N-5hsZqiPW6sH3n_rptiQ",
            "MOZ_GOOGLE_SAFEBROWSING_API_KEY": "AIzaSyC7jsptDS3am4tPx4r3nxis7IMjBc5Dovo",
            "MOZ_GRAPHENE": false,
            "MOZ_MACBUNDLE_NAME": "Firefox.app",
            "MOZ_MAINTENANCE_SERVICE": false,
            "MOZ_MOZILLA_API_KEY": "3b4d27dd-703d-4094-8398-4de2c763505a",
            "MOZ_NEW_CERT_STORAGE": false,
            "MOZ_NEW_NOTIFICATION_STORE": false,
            "MOZ_NEW_XULSTORE": false,
            "MOZ_OFFICIAL_BRANDING": false,
            "MOZ_PLACES": false,
            "MOZ_REQUIRE_SIGNING": false,
            "MOZ_SANDBOX": false,
            "MOZ_SERVICES_HEALTHREPORT": true,
            "MOZ_SERVICES_SYNC": false,
            "MOZ_SWITCHBOARD": true,
            "MOZ_SYSTEM_NSS": false,
            "MOZ_TELEMETRY_ON_BY_DEFAULT": false,
            "MOZ_TELEMETRY_REPORTING": true,
            "MOZ_UNSIGNED_SCOPES": 0,
            "MOZ_UPDATER": false,
            "MOZ_UPDATE_CHANNEL": "release",
            "MOZ_WEBRTC": true,
            "MOZ_WIDGET_GTK": false,
            "MOZ_WIDGET_TOOLKIT": "android",
            "NIGHTLY_BUILD": false,
            "OMNIJAR_NAME": "assets/omni.ja",
            "RELEASE_OR_BETA": true,
            "SOURCE_REVISION_URL": "https://hg.mozilla.org/releases/mozilla-esr68/rev/d2e0b9e17b9bc1ef02606c8006b73293f7892ad5",
            "TELEMETRY_PING_FORMAT_VERSION": 4,
            "XP_UNIX": true,
            "isPlatformAndVersionAtLeast": {},
            "isPlatformAndVersionAtMost": {},
            "platform": "android"
          },
          "userAgent": "Mozilla/5.0 (Android 8.1.0; Mobile; rv:68.0) Gecko/68.0 Firefox/68.0",
          "windowSize": "360x560"
        },
        "pageinfo": {
          "documentHeight": 3935,
          "documentSize": {
            "decodedBodySize": 36542,
            "encodedBodySize": 9084,
            "transferSize": 10642
          },
          "documentTitle": "ResearchGate | Find and share research",
          "documentWidth": 373,
          "domElements": 275,
          "navigationStartTime": 1617078404961,
          "nextHopProtocol": "h2",
          "resources": {
            "count": 0,
            "duration": 0
          },
          "responsive": false,
          "url": "https://www.researchgate.net/",
          "visualElements": {
            "heroes": [
              {
                "filename": "new-index-logo.svg",
                "height": 14,
                "name": "LargestImage",
                "width": 110,
                "x": 16,
                "y": 16
              },
              {
                "filename": null,
                "height": 120,
                "name": "Heading",
                "width": 260,
                "x": 56,
                "y": 296
              }
            ],
            "viewport": {
              "height": 560,
              "width": 360
            }
          }
        },
        "timings": {
          "firstPaint": 1865,
          "loadEventEnd": 6497,
          "navigationTiming": {
            "connectStart": 36,
            "domComplete": 6494,
            "domContentLoadedEventEnd": 3982,
            "domContentLoadedEventStart": 3308,
            "domInteractive": 2112,
            "domainLookupEnd": 35,
            "domainLookupStart": 5,
            "duration": 6497,
            "fetchStart": 3,
            "loadEventEnd": 6497,
            "loadEventStart": 6494,
            "redirectEnd": 0,
            "redirectStart": 0,
            "requestStart": 159,
            "responseEnd": 429,
            "responseStart": 427,
            "secureConnectionStart": 48,
            "startTime": 0,
            "unloadEventEnd": 0,
            "unloadEventStart": 0,
            "workerStart": 0
          },
          "pageTimings": {
            "backEndTime": 427,
            "domContentLoadedTime": 3308,
            "domInteractiveTime": 2112,
            "domainLookupTime": 30,
            "frontEndTime": 6064,
            "pageDownloadTime": 3,
            "pageLoadTime": 6494,
            "redirectionTime": 0,
            "serverConnectionTime": 122,
            "serverResponseTime": 271
          },
          "rumSpeedIndex": 426,
          "timeToContentfulPaint": 2072,
          "timeToDomContentFlushed": 1174,
          "userTimings": {
            "marks": [],
            "measures": []
          }
        }
      },
      {
        "browser": {
          "appConstants": {
            "ACCESSIBILITY": true,
            "ANDROID_PACKAGE_NAME": "org.mozilla.firefox",
            "ASAN": false,
            "ASAN_REPORTER": false,
            "BROWSER_CHROME_URL": "chrome://browser/content/browser.xul",
            "DEBUG": false,
            "DEBUG_JS_MODULES": "",
            "DLL_PREFIX": "lib",
            "DLL_SUFFIX": ".so",
            "EARLY_BETA_OR_EARLIER": false,
            "FENNEC_NIGHTLY": false,
            "HAVE_SHELL_SERVICE": false,
            "HAVE_USR_LIB64_DIR": false,
            "MENUBAR_CAN_AUTOHIDE": false,
            "MOZILLA_OFFICIAL": true,
            "MOZ_ALLOW_LEGACY_EXTENSIONS": false,
            "MOZ_ANDROID_ACTIVITY_STREAM": false,
            "MOZ_ANDROID_HISTORY": true,
            "MOZ_ANDROID_MOZILLA_ONLINE": false,
            "MOZ_APP_NAME": "fennec",
            "MOZ_APP_VERSION": "68.1.1",
            "MOZ_APP_VERSION_DISPLAY": "68.1.1",
            "MOZ_BING_API_CLIENTID": "no-bing-api-clientid",
            "MOZ_BING_API_KEY": "no-bing-api-key",
            "MOZ_BITS_DOWNLOAD": false,
            "MOZ_BUILD_APP": "mobile/android",
            "MOZ_CODE_COVERAGE": false,
            "MOZ_CRASHREPORTER": true,
            "MOZ_DATA_REPORTING": true,
            "MOZ_DEV_EDITION": false,
            "MOZ_GECKO_PROFILER": true,
            "MOZ_GOOGLE_LOCATION_SERVICE_API_KEY": "AIzaSyB2h2OuRcUgy5N-5hsZqiPW6sH3n_rptiQ",
            "MOZ_GOOGLE_SAFEBROWSING_API_KEY": "AIzaSyC7jsptDS3am4tPx4r3nxis7IMjBc5Dovo",
            "MOZ_GRAPHENE": false,
            "MOZ_MACBUNDLE_NAME": "Firefox.app",
            "MOZ_MAINTENANCE_SERVICE": false,
            "MOZ_MOZILLA_API_KEY": "3b4d27dd-703d-4094-8398-4de2c763505a",
            "MOZ_NEW_CERT_STORAGE": false,
            "MOZ_NEW_NOTIFICATION_STORE": false,
            "MOZ_NEW_XULSTORE": false,
            "MOZ_OFFICIAL_BRANDING": false,
            "MOZ_PLACES": false,
            "MOZ_REQUIRE_SIGNING": false,
            "MOZ_SANDBOX": false,
            "MOZ_SERVICES_HEALTHREPORT": true,
            "MOZ_SERVICES_SYNC": false,
            "MOZ_SWITCHBOARD": true,
            "MOZ_SYSTEM_NSS": false,
            "MOZ_TELEMETRY_ON_BY_DEFAULT": false,
            "MOZ_TELEMETRY_REPORTING": true,
            "MOZ_UNSIGNED_SCOPES": 0,
            "MOZ_UPDATER": false,
            "MOZ_UPDATE_CHANNEL": "release",
            "MOZ_WEBRTC": true,
            "MOZ_WIDGET_GTK": false,
            "MOZ_WIDGET_TOOLKIT": "android",
            "NIGHTLY_BUILD": false,
            "OMNIJAR_NAME": "assets/omni.ja",
            "RELEASE_OR_BETA": true,
            "SOURCE_REVISION_URL": "https://hg.mozilla.org/releases/mozilla-esr68/rev/d2e0b9e17b9bc1ef02606c8006b73293f7892ad5",
            "TELEMETRY_PING_FORMAT_VERSION": 4,
            "XP_UNIX": true,
            "isPlatformAndVersionAtLeast": {},
            "isPlatformAndVersionAtMost": {},
            "platform": "android"
          },
          "asyncAppConstants": {
            "ACCESSIBILITY": true,
            "ANDROID_PACKAGE_NAME": "org.mozilla.firefox",
            "ASAN": false,
            "ASAN_REPORTER": false,
            "BROWSER_CHROME_URL": "chrome://browser/content/browser.xul",
            "DEBUG": false,
            "DEBUG_JS_MODULES": "",
            "DLL_PREFIX": "lib",
            "DLL_SUFFIX": ".so",
            "EARLY_BETA_OR_EARLIER": false,
            "FENNEC_NIGHTLY": false,
            "HAVE_SHELL_SERVICE": false,
            "HAVE_USR_LIB64_DIR": false,
            "MENUBAR_CAN_AUTOHIDE": false,
            "MOZILLA_OFFICIAL": true,
            "MOZ_ALLOW_LEGACY_EXTENSIONS": false,
            "MOZ_ANDROID_ACTIVITY_STREAM": false,
            "MOZ_ANDROID_HISTORY": true,
            "MOZ_ANDROID_MOZILLA_ONLINE": false,
            "MOZ_APP_NAME": "fennec",
            "MOZ_APP_VERSION": "68.1.1",
            "MOZ_APP_VERSION_DISPLAY": "68.1.1",
            "MOZ_BING_API_CLIENTID": "no-bing-api-clientid",
            "MOZ_BING_API_KEY": "no-bing-api-key",
            "MOZ_BITS_DOWNLOAD": false,
            "MOZ_BUILD_APP": "mobile/android",
            "MOZ_CODE_COVERAGE": false,
            "MOZ_CRASHREPORTER": true,
            "MOZ_DATA_REPORTING": true,
            "MOZ_DEV_EDITION": false,
            "MOZ_GECKO_PROFILER": true,
            "MOZ_GOOGLE_LOCATION_SERVICE_API_KEY": "AIzaSyB2h2OuRcUgy5N-5hsZqiPW6sH3n_rptiQ",
            "MOZ_GOOGLE_SAFEBROWSING_API_KEY": "AIzaSyC7jsptDS3am4tPx4r3nxis7IMjBc5Dovo",
            "MOZ_GRAPHENE": false,
            "MOZ_MACBUNDLE_NAME": "Firefox.app",
            "MOZ_MAINTENANCE_SERVICE": false,
            "MOZ_MOZILLA_API_KEY": "3b4d27dd-703d-4094-8398-4de2c763505a",
            "MOZ_NEW_CERT_STORAGE": false,
            "MOZ_NEW_NOTIFICATION_STORE": false,
            "MOZ_NEW_XULSTORE": false,
            "MOZ_OFFICIAL_BRANDING": false,
            "MOZ_PLACES": false,
            "MOZ_REQUIRE_SIGNING": false,
            "MOZ_SANDBOX": false,
            "MOZ_SERVICES_HEALTHREPORT": true,
            "MOZ_SERVICES_SYNC": false,
            "MOZ_SWITCHBOARD": true,
            "MOZ_SYSTEM_NSS": false,
            "MOZ_TELEMETRY_ON_BY_DEFAULT": false,
            "MOZ_TELEMETRY_REPORTING": true,
            "MOZ_UNSIGNED_SCOPES": 0,
            "MOZ_UPDATER": false,
            "MOZ_UPDATE_CHANNEL": "release",
            "MOZ_WEBRTC": true,
            "MOZ_WIDGET_GTK": false,
            "MOZ_WIDGET_TOOLKIT": "android",
            "NIGHTLY_BUILD": false,
            "OMNIJAR_NAME": "assets/omni.ja",
            "RELEASE_OR_BETA": true,
            "SOURCE_REVISION_URL": "https://hg.mozilla.org/releases/mozilla-esr68/rev/d2e0b9e17b9bc1ef02606c8006b73293f7892ad5",
            "TELEMETRY_PING_FORMAT_VERSION": 4,
            "XP_UNIX": true,
            "isPlatformAndVersionAtLeast": {},
            "isPlatformAndVersionAtMost": {},
            "platform": "android"
          },
          "userAgent": "Mozilla/5.0 (Android 8.1.0; Mobile; rv:68.0) Gecko/68.0 Firefox/68.0",
          "windowSize": "360x560"
        },
        "pageinfo": {
          "documentHeight": 3935,
          "documentSize": {
            "decodedBodySize": 36542,
            "encodedBodySize": 9124,
            "transferSize": 10682
          },
          "documentTitle": "ResearchGate | Find and share research",
          "documentWidth": 373,
          "domElements": 275,
          "navigationStartTime": 1617078429778,
          "nextHopProtocol": "h2",
          "resources": {
            "count": 0,
            "duration": 0
          },
          "responsive": false,
          "url": "https://www.researchgate.net/",
          "visualElements": {
            "heroes": [
              {
                "filename": "new-index-logo.svg",
                "height": 14,
                "name": "LargestImage",
                "width": 110,
                "x": 16,
                "y": 16
              },
              {
                "filename": null,
                "height": 120,
                "name": "Heading",
                "width": 260,
                "x": 56,
                "y": 296
              }
            ],
            "viewport": {
              "height": 560,
              "width": 360
            }
          }
        },
        "timings": {
          "firstPaint": 1707,
          "loadEventEnd": 6257,
          "navigationTiming": {
            "connectStart": 32,
            "domComplete": 6253,
            "domContentLoadedEventEnd": 3816,
            "domContentLoadedEventStart": 3164,
            "domInteractive": 1935,
            "domainLookupEnd": 31,
            "domainLookupStart": 31,
            "duration": 6257,
            "fetchStart": 3,
            "loadEventEnd": 6257,
            "loadEventStart": 6253,
            "redirectEnd": 0,
            "redirectStart": 0,
            "requestStart": 122,
            "responseEnd": 409,
            "responseStart": 407,
            "secureConnectionStart": 42,
            "startTime": 0,
            "unloadEventEnd": 0,
            "unloadEventStart": 0,
            "workerStart": 0
          },
          "pageTimings": {
            "backEndTime": 407,
            "domContentLoadedTime": 3164,
            "domInteractiveTime": 1935,
            "domainLookupTime": 0,
            "frontEndTime": 5844,
            "pageDownloadTime": 3,
            "pageLoadTime": 6253,
            "redirectionTime": 0,
            "serverConnectionTime": 89,
            "serverResponseTime": 287
          },
          "rumSpeedIndex": 406,
          "timeToContentfulPaint": 1910,
          "timeToDomContentFlushed": 1040,
          "userTimings": {
            "marks": [],
            "measures": []
          }
        }
      },
      {
        "browser": {
          "appConstants": {
            "ACCESSIBILITY": true,
            "ANDROID_PACKAGE_NAME": "org.mozilla.firefox",
            "ASAN": false,
            "ASAN_REPORTER": false,
            "BROWSER_CHROME_URL": "chrome://browser/content/browser.xul",
            "DEBUG": false,
            "DEBUG_JS_MODULES": "",
            "DLL_PREFIX": "lib",
            "DLL_SUFFIX": ".so",
            "EARLY_BETA_OR_EARLIER": false,
            "FENNEC_NIGHTLY": false,
            "HAVE_SHELL_SERVICE": false,
            "HAVE_USR_LIB64_DIR": false,
            "MENUBAR_CAN_AUTOHIDE": false,
            "MOZILLA_OFFICIAL": true,
            "MOZ_ALLOW_LEGACY_EXTENSIONS": false,
            "MOZ_ANDROID_ACTIVITY_STREAM": false,
            "MOZ_ANDROID_HISTORY": true,
            "MOZ_ANDROID_MOZILLA_ONLINE": false,
            "MOZ_APP_NAME": "fennec",
            "MOZ_APP_VERSION": "68.1.1",
            "MOZ_APP_VERSION_DISPLAY": "68.1.1",
            "MOZ_BING_API_CLIENTID": "no-bing-api-clientid",
            "MOZ_BING_API_KEY": "no-bing-api-key",
            "MOZ_BITS_DOWNLOAD": false,
            "MOZ_BUILD_APP": "mobile/android",
            "MOZ_CODE_COVERAGE": false,
            "MOZ_CRASHREPORTER": true,
            "MOZ_DATA_REPORTING": true,
            "MOZ_DEV_EDITION": false,
            "MOZ_GECKO_PROFILER": true,
            "MOZ_GOOGLE_LOCATION_SERVICE_API_KEY": "AIzaSyB2h2OuRcUgy5N-5hsZqiPW6sH3n_rptiQ",
            "MOZ_GOOGLE_SAFEBROWSING_API_KEY": "AIzaSyC7jsptDS3am4tPx4r3nxis7IMjBc5Dovo",
            "MOZ_GRAPHENE": false,
            "MOZ_MACBUNDLE_NAME": "Firefox.app",
            "MOZ_MAINTENANCE_SERVICE": false,
            "MOZ_MOZILLA_API_KEY": "3b4d27dd-703d-4094-8398-4de2c763505a",
            "MOZ_NEW_CERT_STORAGE": false,
            "MOZ_NEW_NOTIFICATION_STORE": false,
            "MOZ_NEW_XULSTORE": false,
            "MOZ_OFFICIAL_BRANDING": false,
            "MOZ_PLACES": false,
            "MOZ_REQUIRE_SIGNING": false,
            "MOZ_SANDBOX": false,
            "MOZ_SERVICES_HEALTHREPORT": true,
            "MOZ_SERVICES_SYNC": false,
            "MOZ_SWITCHBOARD": true,
            "MOZ_SYSTEM_NSS": false,
            "MOZ_TELEMETRY_ON_BY_DEFAULT": false,
            "MOZ_TELEMETRY_REPORTING": true,
            "MOZ_UNSIGNED_SCOPES": 0,
            "MOZ_UPDATER": false,
            "MOZ_UPDATE_CHANNEL": "release",
            "MOZ_WEBRTC": true,
            "MOZ_WIDGET_GTK": false,
            "MOZ_WIDGET_TOOLKIT": "android",
            "NIGHTLY_BUILD": false,
            "OMNIJAR_NAME": "assets/omni.ja",
            "RELEASE_OR_BETA": true,
            "SOURCE_REVISION_URL": "https://hg.mozilla.org/releases/mozilla-esr68/rev/d2e0b9e17b9bc1ef02606c8006b73293f7892ad5",
            "TELEMETRY_PING_FORMAT_VERSION": 4,
            "XP_UNIX": true,
            "isPlatformAndVersionAtLeast": {},
            "isPlatformAndVersionAtMost": {},
            "platform": "android"
          },
          "asyncAppConstants": {
            "ACCESSIBILITY": true,
            "ANDROID_PACKAGE_NAME": "org.mozilla.firefox",
            "ASAN": false,
            "ASAN_REPORTER": false,
            "BROWSER_CHROME_URL": "chrome://browser/content/browser.xul",
            "DEBUG": false,
            "DEBUG_JS_MODULES": "",
            "DLL_PREFIX": "lib",
            "DLL_SUFFIX": ".so",
            "EARLY_BETA_OR_EARLIER": false,
            "FENNEC_NIGHTLY": false,
            "HAVE_SHELL_SERVICE": false,
            "HAVE_USR_LIB64_DIR": false,
            "MENUBAR_CAN_AUTOHIDE": false,
            "MOZILLA_OFFICIAL": true,
            "MOZ_ALLOW_LEGACY_EXTENSIONS": false,
            "MOZ_ANDROID_ACTIVITY_STREAM": false,
            "MOZ_ANDROID_HISTORY": true,
            "MOZ_ANDROID_MOZILLA_ONLINE": false,
            "MOZ_APP_NAME": "fennec",
            "MOZ_APP_VERSION": "68.1.1",
            "MOZ_APP_VERSION_DISPLAY": "68.1.1",
            "MOZ_BING_API_CLIENTID": "no-bing-api-clientid",
            "MOZ_BING_API_KEY": "no-bing-api-key",
            "MOZ_BITS_DOWNLOAD": false,
            "MOZ_BUILD_APP": "mobile/android",
            "MOZ_CODE_COVERAGE": false,
            "MOZ_CRASHREPORTER": true,
            "MOZ_DATA_REPORTING": true,
            "MOZ_DEV_EDITION": false,
            "MOZ_GECKO_PROFILER": true,
            "MOZ_GOOGLE_LOCATION_SERVICE_API_KEY": "AIzaSyB2h2OuRcUgy5N-5hsZqiPW6sH3n_rptiQ",
            "MOZ_GOOGLE_SAFEBROWSING_API_KEY": "AIzaSyC7jsptDS3am4tPx4r3nxis7IMjBc5Dovo",
            "MOZ_GRAPHENE": false,
            "MOZ_MACBUNDLE_NAME": "Firefox.app",
            "MOZ_MAINTENANCE_SERVICE": false,
            "MOZ_MOZILLA_API_KEY": "3b4d27dd-703d-4094-8398-4de2c763505a",
            "MOZ_NEW_CERT_STORAGE": false,
            "MOZ_NEW_NOTIFICATION_STORE": false,
            "MOZ_NEW_XULSTORE": false,
            "MOZ_OFFICIAL_BRANDING": false,
            "MOZ_PLACES": false,
            "MOZ_REQUIRE_SIGNING": false,
            "MOZ_SANDBOX": false,
            "MOZ_SERVICES_HEALTHREPORT": true,
            "MOZ_SERVICES_SYNC": false,
            "MOZ_SWITCHBOARD": true,
            "MOZ_SYSTEM_NSS": false,
            "MOZ_TELEMETRY_ON_BY_DEFAULT": false,
            "MOZ_TELEMETRY_REPORTING": true,
            "MOZ_UNSIGNED_SCOPES": 0,
            "MOZ_UPDATER": false,
            "MOZ_UPDATE_CHANNEL": "release",
            "MOZ_WEBRTC": true,
            "MOZ_WIDGET_GTK": false,
            "MOZ_WIDGET_TOOLKIT": "android",
            "NIGHTLY_BUILD": false,
            "OMNIJAR_NAME": "assets/omni.ja",
            "RELEASE_OR_BETA": true,
            "SOURCE_REVISION_URL": "https://hg.mozilla.org/releases/mozilla-esr68/rev/d2e0b9e17b9bc1ef02606c8006b73293f7892ad5",
            "TELEMETRY_PING_FORMAT_VERSION": 4,
            "XP_UNIX": true,
            "isPlatformAndVersionAtLeast": {},
            "isPlatformAndVersionAtMost": {},
            "platform": "android"
          },
          "userAgent": "Mozilla/5.0 (Android 8.1.0; Mobile; rv:68.0) Gecko/68.0 Firefox/68.0",
          "windowSize": "360x560"
        },
        "pageinfo": {
          "documentHeight": 3935,
          "documentSize": {
            "decodedBodySize": 36542,
            "encodedBodySize": 9127,
            "transferSize": 10685
          },
          "documentTitle": "ResearchGate | Find and share research",
          "documentWidth": 373,
          "domElements": 275,
          "navigationStartTime": 1617078454295,
          "nextHopProtocol": "h2",
          "resources": {
            "count": 0,
            "duration": 0
          },
          "responsive": false,
          "url": "https://www.researchgate.net/",
          "visualElements": {
            "heroes": [
              {
                "filename": "new-index-logo.svg",
                "height": 14,
                "name": "LargestImage",
                "width": 110,
                "x": 16,
                "y": 16
              },
              {
                "filename": null,
                "height": 120,
                "name": "Heading",
                "width": 260,
                "x": 56,
                "y": 296
              }
            ],
            "viewport": {
              "height": 560,
              "width": 360
            }
          }
        },
        "timings": {
          "firstPaint": 1714,
          "loadEventEnd": 6157,
          "navigationTiming": {
            "connectStart": 36,
            "domComplete": 6153,
            "domContentLoadedEventEnd": 3763,
            "domContentLoadedEventStart": 3161,
            "domInteractive": 2220,
            "domainLookupEnd": 36,
            "domainLookupStart": 36,
            "duration": 6157,
            "fetchStart": 3,
            "loadEventEnd": 6157,
            "loadEventStart": 6154,
            "redirectEnd": 0,
            "redirectStart": 0,
            "requestStart": 137,
            "responseEnd": 415,
            "responseStart": 409,
            "secureConnectionStart": 48,
            "startTime": 0,
            "unloadEventEnd": 0,
            "unloadEventStart": 0,
            "workerStart": 0
          },
          "pageTimings": {
            "backEndTime": 409,
            "domContentLoadedTime": 3161,
            "domInteractiveTime": 2220,
            "domainLookupTime": 0,
            "frontEndTime": 5738,
            "pageDownloadTime": 7,
            "pageLoadTime": 6154,
            "redirectionTime": 0,
            "serverConnectionTime": 100,
            "serverResponseTime": 278
          },
          "rumSpeedIndex": 408,
          "timeToContentfulPaint": 1939,
          "timeToDomContentFlushed": 1044,
          "userTimings": {
            "marks": [],
            "measures": []
          }
        }
      }
    ],
    "visualMetrics": [],
    "cpu": [],
    "extras": [
      {},
      {},
      {}
    ],
    "fullyLoaded": [],
    "errors": [
      [],
      [],
      []
    ],
    "statistics": {
      "browser": {
        "appConstants": {
          "MOZ_UNSIGNED_SCOPES": {
            "median": 0,
            "mean": 0,
            "mdev": 0,
            "stddev": 0,
            "min": 0,
            "p10": 0,
            "p90": 0,
            "p99": 0,
            "max": 0
          },
          "TELEMETRY_PING_FORMAT_VERSION": {
            "median": 4,
            "mean": 4,
            "mdev": 0,
            "stddev": 0,
            "min": 4,
            "p10": 4,
            "p90": 4,
            "p99": 4,
            "max": 4
          }
        },
        "asyncAppConstants": {
          "MOZ_UNSIGNED_SCOPES": {
            "median": 0,
            "mean": 0,
            "mdev": 0,
            "stddev": 0,
            "min": 0,
            "p10": 0,
            "p90": 0,
            "p99": 0,
            "max": 0
          },
          "TELEMETRY_PING_FORMAT_VERSION": {
            "median": 4,
            "mean": 4,
            "mdev": 0,
            "stddev": 0,
            "min": 4,
            "p10": 4,
            "p90": 4,
            "p99": 4,
            "max": 4
          }
        }
      },
      "pageinfo": {
        "documentHeight": {
          "median": 3935,
          "mean": 3935,
          "mdev": 0,
          "stddev": 0,
          "min": 3935,
          "p10": 3935,
          "p90": 3935,
          "p99": 3935,
          "max": 3935
        },
        "documentSize": {
          "decodedBodySize": {
            "median": 36542,
            "mean": 36542,
            "mdev": 0,
            "stddev": 0,
            "min": 36542,
            "p10": 36542,
            "p90": 36542,
            "p99": 36542,
            "max": 36542
          },
          "encodedBodySize": {
            "median": 9124,
            "mean": 9112,
            "mdev": 11.317,
            "stddev": 20,
            "min": 9084,
            "p10": 9084,
            "p90": 9127,
            "p99": 9127,
            "max": 9127
          },
          "transferSize": {
            "median": 10682,
            "mean": 10670,
            "mdev": 11.317,
            "stddev": 20,
            "min": 10642,
            "p10": 10642,
            "p90": 10685,
            "p99": 10685,
            "max": 10685
          }
        },
        "documentWidth": {
          "median": 373,
          "mean": 373,
          "mdev": 0,
          "stddev": 0,
          "min": 373,
          "p10": 373,
          "p90": 373,
          "p99": 373,
          "max": 373
        },
        "domElements": {
          "median": 275,
          "mean": 275,
          "mdev": 0,
          "stddev": 0,
          "min": 275,
          "p10": 275,
          "p90": 275,
          "p99": 275,
          "max": 275
        },
        "navigationStartTime": {
          "median": 1617078429778,
          "mean": 1617078429678,
          "mdev": 12612.4091,
          "stddev": 21845,
          "min": 1617078404961,
          "p10": 1617078404961,
          "p90": 1617078454295,
          "p99": 1617078454295,
          "max": 1617078454295
        },
        "resources": {
          "count": {
            "median": 0,
            "mean": 0,
            "mdev": 0,
            "stddev": 0,
            "min": 0,
            "p10": 0,
            "p90": 0,
            "p99": 0,
            "max": 0
          },
          "duration": {
            "median": 0,
            "mean": 0,
            "mdev": 0,
            "stddev": 0,
            "min": 0,
            "p10": 0,
            "p90": 0,
            "p99": 0,
            "max": 0
          }
        },
        "visualElements": {
          "heroes": [
            {
              "height": {
                "median": 14,
                "mean": 14,
                "mdev": 0,
                "stddev": 0,
                "min": 14,
                "p10": 14,
                "p90": 14,
                "p99": 14,
                "max": 14
              },
              "width": {
                "median": 110,
                "mean": 110,
                "mdev": 0,
                "stddev": 0,
                "min": 110,
                "p10": 110,
                "p90": 110,
                "p99": 110,
                "max": 110
              },
              "x": {
                "median": 16,
                "mean": 16,
                "mdev": 0,
                "stddev": 0,
                "min": 16,
                "p10": 16,
                "p90": 16,
                "p99": 16,
                "max": 16
              },
              "y": {
                "median": 16,
                "mean": 16,
                "mdev": 0,
                "stddev": 0,
                "min": 16,
                "p10": 16,
                "p90": 16,
                "p99": 16,
                "max": 16
              }
            },
            {
              "height": {
                "median": 120,
                "mean": 120,
                "mdev": 0,
                "stddev": 0,
                "min": 120,
                "p10": 120,
                "p90": 120,
                "p99": 120,
                "max": 120
              },
              "width": {
                "median": 260,
                "mean": 260,
                "mdev": 0,
                "stddev": 0,
                "min": 260,
                "p10": 260,
                "p90": 260,
                "p99": 260,
                "max": 260
              },
              "x": {
                "median": 56,
                "mean": 56,
                "mdev": 0,
                "stddev": 0,
                "min": 56,
                "p10": 56,
                "p90": 56,
                "p99": 56,
                "max": 56
              },
              "y": {
                "median": 296,
                "mean": 296,
                "mdev": 0,
                "stddev": 0,
                "min": 296,
                "p10": 296,
                "p90": 296,
                "p99": 296,
                "max": 296
              }
            }
          ],
          "viewport": {
            "height": {
              "median": 560,
              "mean": 560,
              "mdev": 0,
              "stddev": 0,
              "min": 560,
              "p10": 560,
              "p90": 560,
              "p99": 560,
              "max": 560
            },
            "width": {
              "median": 360,
              "mean": 360,
              "mdev": 0,
              "stddev": 0,
              "min": 360,
              "p10": 360,
              "p90": 360,
              "p99": 360,
              "max": 360
            }
          }
        }
      },
      "timings": {
        "firstPaint": {
          "median": 1714,
          "mean": 1762,
          "mdev": 42.0819,
          "stddev": 73,
          "min": 1707,
          "p10": 1707,
          "p90": 1865,
          "p99": 1865,
          "max": 1865
        },
        "loadEventEnd": {
          "median": 6257,
          "mean": 6304,
          "mdev": 82.3722,
          "stddev": 143,
          "min": 6157,
          "p10": 6157,
          "p90": 6497,
          "p99": 6497,
          "max": 6497
        },
        "navigationTiming": {
          "connectStart": {
            "median": 36,
            "mean": 35,
            "mdev": 1.0887,
            "stddev": 2,
            "min": 32,
            "p10": 32,
            "p90": 36,
            "p99": 36,
            "max": 36
          },
          "domComplete": {
            "median": 6253,
            "mean": 6300,
            "mdev": 82.6331,
            "stddev": 143,
            "min": 6153,
            "p10": 6153,
            "p90": 6494,
            "p99": 6494,
            "max": 6494
          },
          "domContentLoadedEventEnd": {
            "median": 3816,
            "mean": 3854,
            "mdev": 53.8606,
            "stddev": 93,
            "min": 3763,
            "p10": 3763,
            "p90": 3982,
            "p99": 3982,
            "max": 3982
          },
          "domContentLoadedEventStart": {
            "median": 3164,
            "mean": 3211,
            "mdev": 39.6064,
            "stddev": 69,
            "min": 3161,
            "p10": 3161,
            "p90": 3308,
            "p99": 3308,
            "max": 3308
          },
          "domInteractive": {
            "median": 2112,
            "mean": 2089,
            "mdev": 67.8282,
            "stddev": 117,
            "min": 1935,
            "p10": 1935,
            "p90": 2220,
            "p99": 2220,
            "max": 2220
          },
          "domainLookupEnd": {
            "median": 35,
            "mean": 34,
            "mdev": 1.2472,
            "stddev": 2,
            "min": 31,
            "p10": 31,
            "p90": 36,
            "p99": 36,
            "max": 36
          },
          "domainLookupStart": {
            "median": 31,
            "mean": 24,
            "mdev": 7.8457,
            "stddev": 14,
            "min": 5,
            "p10": 5,
            "p90": 36,
            "p99": 36,
            "max": 36
          },
          "duration": {
            "median": 6257,
            "mean": 6304,
            "mdev": 82.3722,
            "stddev": 143,
            "min": 6157,
            "p10": 6157,
            "p90": 6497,
            "p99": 6497,
            "max": 6497
          },
          "fetchStart": {
            "median": 3,
            "mean": 3,
            "mdev": 0,
            "stddev": 0,
            "min": 3,
            "p10": 3,
            "p90": 3,
            "p99": 3,
            "max": 3
          },
          "loadEventEnd": {
            "median": 6257,
            "mean": 6304,
            "mdev": 82.3722,
            "stddev": 143,
            "min": 6157,
            "p10": 6157,
            "p90": 6497,
            "p99": 6497,
            "max": 6497
          },
          "loadEventStart": {
            "median": 6253,
            "mean": 6300,
            "mdev": 82.4356,
            "stddev": 143,
            "min": 6154,
            "p10": 6154,
            "p90": 6494,
            "p99": 6494,
            "max": 6494
          },
          "redirectEnd": {
            "median": 0,
            "mean": 0,
            "mdev": 0,
            "stddev": 0,
            "min": 0,
            "p10": 0,
            "p90": 0,
            "p99": 0,
            "max": 0
          },
          "redirectStart": {
            "median": 0,
            "mean": 0,
            "mdev": 0,
            "stddev": 0,
            "min": 0,
            "p10": 0,
            "p90": 0,
            "p99": 0,
            "max": 0
          },
          "requestStart": {
            "median": 137,
            "mean": 139,
            "mdev": 8.7729,
            "stddev": 15,
            "min": 122,
            "p10": 122,
            "p90": 159,
            "p99": 159,
            "max": 159
          },
          "responseEnd": {
            "median": 415,
            "mean": 418,
            "mdev": 4.8381,
            "stddev": 8,
            "min": 409,
            "p10": 409,
            "p90": 429,
            "p99": 429,
            "max": 429
          },
          "responseStart": {
            "median": 409,
            "mean": 414,
            "mdev": 5.1926,
            "stddev": 9,
            "min": 407,
            "p10": 407,
            "p90": 427,
            "p99": 427,
            "max": 427
          },
          "secureConnectionStart": {
            "median": 48,
            "mean": 46,
            "mdev": 1.633,
            "stddev": 3,
            "min": 42,
            "p10": 42,
            "p90": 48,
            "p99": 48,
            "max": 48
          },
          "startTime": {
            "median": 0,
            "mean": 0,
            "mdev": 0,
            "stddev": 0,
            "min": 0,
            "p10": 0,
            "p90": 0,
            "p99": 0,
            "max": 0
          },
          "unloadEventEnd": {
            "median": 0,
            "mean": 0,
            "mdev": 0,
            "stddev": 0,
            "min": 0,
            "p10": 0,
            "p90": 0,
            "p99": 0,
            "max": 0
          },
          "unloadEventStart": {
            "median": 0,
            "mean": 0,
            "mdev": 0,
            "stddev": 0,
            "min": 0,
            "p10": 0,
            "p90": 0,
            "p99": 0,
            "max": 0
          },
          "workerStart": {
            "median": 0,
            "mean": 0,
            "mdev": 0,
            "stddev": 0,
            "min": 0,
            "p10": 0,
            "p90": 0,
            "p99": 0,
            "max": 0
          }
        },
        "pageTimings": {
          "backEndTime": {
            "median": 409,
            "mean": 414,
            "mdev": 5.1926,
            "stddev": 9,
            "min": 407,
            "p10": 407,
            "p90": 427,
            "p99": 427,
            "max": 427
          },
          "domContentLoadedTime": {
            "median": 3164,
            "mean": 3211,
            "mdev": 39.6064,
            "stddev": 69,
            "min": 3161,
            "p10": 3161,
            "p90": 3308,
            "p99": 3308,
            "max": 3308
          },
          "domInteractiveTime": {
            "median": 2112,
            "mean": 2089,
            "mdev": 67.8282,
            "stddev": 117,
            "min": 1935,
            "p10": 1935,
            "p90": 2220,
            "p99": 2220,
            "max": 2220
          },
          "domainLookupTime": {
            "median": 0,
            "mean": 10,
            "mdev": 8.165,
            "stddev": 14,
            "min": 0,
            "p10": 0,
            "p90": 30,
            "p99": 30,
            "max": 30
          },
          "frontEndTime": {
            "median": 5844,
            "mean": 5882,
            "mdev": 78.3893,
            "stddev": 136,
            "min": 5738,
            "p10": 5738,
            "p90": 6064,
            "p99": 6064,
            "max": 6064
          },
          "pageDownloadTime": {
            "median": 3,
            "mean": 4,
            "mdev": 1.0887,
            "stddev": 2,
            "min": 3,
            "p10": 3,
            "p90": 7,
            "p99": 7,
            "max": 7
          },
          "pageLoadTime": {
            "median": 6253,
            "mean": 6300,
            "mdev": 82.4356,
            "stddev": 143,
            "min": 6154,
            "p10": 6154,
            "p90": 6494,
            "p99": 6494,
            "max": 6494
          },
          "redirectionTime": {
            "median": 0,
            "mean": 0,
            "mdev": 0,
            "stddev": 0,
            "min": 0,
            "p10": 0,
            "p90": 0,
            "p99": 0,
            "max": 0
          },
          "serverConnectionTime": {
            "median": 100,
            "mean": 104,
            "mdev": 7.9209,
            "stddev": 14,
            "min": 89,
            "p10": 89,
            "p90": 122,
            "p99": 122,
            "max": 122
          },
          "serverResponseTime": {
            "median": 278,
            "mean": 279,
            "mdev": 3.781,
            "stddev": 7,
            "min": 271,
            "p10": 271,
            "p90": 287,
            "p99": 287,
            "max": 287
          }
        },
        "rumSpeedIndex": {
          "median": 408,
          "mean": 413,
          "mdev": 5.1926,
          "stddev": 9,
          "min": 406,
          "p10": 406,
          "p90": 426,
          "p99": 426,
          "max": 426
        },
        "timeToContentfulPaint": {
          "median": 1939,
          "mean": 1974,
          "mdev": 40.7222,
          "stddev": 71,
          "min": 1910,
          "p10": 1910,
          "p90": 2072,
          "p99": 2072,
          "max": 2072
        },
        "timeToDomContentFlushed": {
          "median": 1044,
          "mean": 1086,
          "mdev": 35.9382,
          "stddev": 62,
          "min": 1040,
          "p10": 1040,
          "p90": 1174,
          "p99": 1174,
          "max": 1174
        }
      }
    }
  }
]