[
  {
    "info": {
      "browsertime": {
        "version": "8.4.0"
      },
      "url": "https://www.adobe.com/",
      "timestamp": "2021-03-30T19:17:01+04:00",
      "connectivity": {
        "engine": "external",
        "profile": "native"
      },
      "extra": {}
    },
    "files": {
      "video": [],
      "screenshot": [],
      "timeline": [],
      "consoleLog": [],
      "netLog": [],
      "perfLog": []
    },
    "cdp": {
      "performance": []
    },
    "timestamps": [
      "2021-03-30T19:16:51+04:00",
      "2021-03-30T19:17:07+04:00",
      "2021-03-30T19:17:24+04:00"
    ],
    "browserScripts": [
      {
        "browser": {
          "appConstants": {
            "ACCESSIBILITY": true,
            "ANDROID_PACKAGE_NAME": "org.mozilla.firefox",
            "ASAN": false,
            "ASAN_REPORTER": false,
            "BROWSER_CHROME_URL": "chrome://browser/content/browser.xul",
            "DEBUG": false,
            "DEBUG_JS_MODULES": "",
            "DLL_PREFIX": "lib",
            "DLL_SUFFIX": ".so",
            "EARLY_BETA_OR_EARLIER": false,
            "FENNEC_NIGHTLY": false,
            "HAVE_SHELL_SERVICE": false,
            "HAVE_USR_LIB64_DIR": false,
            "MENUBAR_CAN_AUTOHIDE": false,
            "MOZILLA_OFFICIAL": true,
            "MOZ_ALLOW_LEGACY_EXTENSIONS": false,
            "MOZ_ANDROID_ACTIVITY_STREAM": false,
            "MOZ_ANDROID_HISTORY": true,
            "MOZ_ANDROID_MOZILLA_ONLINE": false,
            "MOZ_APP_NAME": "fennec",
            "MOZ_APP_VERSION": "68.1.1",
            "MOZ_APP_VERSION_DISPLAY": "68.1.1",
            "MOZ_BING_API_CLIENTID": "no-bing-api-clientid",
            "MOZ_BING_API_KEY": "no-bing-api-key",
            "MOZ_BITS_DOWNLOAD": false,
            "MOZ_BUILD_APP": "mobile/android",
            "MOZ_CODE_COVERAGE": false,
            "MOZ_CRASHREPORTER": true,
            "MOZ_DATA_REPORTING": true,
            "MOZ_DEV_EDITION": false,
            "MOZ_GECKO_PROFILER": true,
            "MOZ_GOOGLE_LOCATION_SERVICE_API_KEY": "AIzaSyB2h2OuRcUgy5N-5hsZqiPW6sH3n_rptiQ",
            "MOZ_GOOGLE_SAFEBROWSING_API_KEY": "AIzaSyC7jsptDS3am4tPx4r3nxis7IMjBc5Dovo",
            "MOZ_GRAPHENE": false,
            "MOZ_MACBUNDLE_NAME": "Firefox.app",
            "MOZ_MAINTENANCE_SERVICE": false,
            "MOZ_MOZILLA_API_KEY": "3b4d27dd-703d-4094-8398-4de2c763505a",
            "MOZ_NEW_CERT_STORAGE": false,
            "MOZ_NEW_NOTIFICATION_STORE": false,
            "MOZ_NEW_XULSTORE": false,
            "MOZ_OFFICIAL_BRANDING": false,
            "MOZ_PLACES": false,
            "MOZ_REQUIRE_SIGNING": false,
            "MOZ_SANDBOX": false,
            "MOZ_SERVICES_HEALTHREPORT": true,
            "MOZ_SERVICES_SYNC": false,
            "MOZ_SWITCHBOARD": true,
            "MOZ_SYSTEM_NSS": false,
            "MOZ_TELEMETRY_ON_BY_DEFAULT": false,
            "MOZ_TELEMETRY_REPORTING": true,
            "MOZ_UNSIGNED_SCOPES": 0,
            "MOZ_UPDATER": false,
            "MOZ_UPDATE_CHANNEL": "release",
            "MOZ_WEBRTC": true,
            "MOZ_WIDGET_GTK": false,
            "MOZ_WIDGET_TOOLKIT": "android",
            "NIGHTLY_BUILD": false,
            "OMNIJAR_NAME": "assets/omni.ja",
            "RELEASE_OR_BETA": true,
            "SOURCE_REVISION_URL": "https://hg.mozilla.org/releases/mozilla-esr68/rev/d2e0b9e17b9bc1ef02606c8006b73293f7892ad5",
            "TELEMETRY_PING_FORMAT_VERSION": 4,
            "XP_UNIX": true,
            "isPlatformAndVersionAtLeast": {},
            "isPlatformAndVersionAtMost": {},
            "platform": "android"
          },
          "asyncAppConstants": {
            "ACCESSIBILITY": true,
            "ANDROID_PACKAGE_NAME": "org.mozilla.firefox",
            "ASAN": false,
            "ASAN_REPORTER": false,
            "BROWSER_CHROME_URL": "chrome://browser/content/browser.xul",
            "DEBUG": false,
            "DEBUG_JS_MODULES": "",
            "DLL_PREFIX": "lib",
            "DLL_SUFFIX": ".so",
            "EARLY_BETA_OR_EARLIER": false,
            "FENNEC_NIGHTLY": false,
            "HAVE_SHELL_SERVICE": false,
            "HAVE_USR_LIB64_DIR": false,
            "MENUBAR_CAN_AUTOHIDE": false,
            "MOZILLA_OFFICIAL": true,
            "MOZ_ALLOW_LEGACY_EXTENSIONS": false,
            "MOZ_ANDROID_ACTIVITY_STREAM": false,
            "MOZ_ANDROID_HISTORY": true,
            "MOZ_ANDROID_MOZILLA_ONLINE": false,
            "MOZ_APP_NAME": "fennec",
            "MOZ_APP_VERSION": "68.1.1",
            "MOZ_APP_VERSION_DISPLAY": "68.1.1",
            "MOZ_BING_API_CLIENTID": "no-bing-api-clientid",
            "MOZ_BING_API_KEY": "no-bing-api-key",
            "MOZ_BITS_DOWNLOAD": false,
            "MOZ_BUILD_APP": "mobile/android",
            "MOZ_CODE_COVERAGE": false,
            "MOZ_CRASHREPORTER": true,
            "MOZ_DATA_REPORTING": true,
            "MOZ_DEV_EDITION": false,
            "MOZ_GECKO_PROFILER": true,
            "MOZ_GOOGLE_LOCATION_SERVICE_API_KEY": "AIzaSyB2h2OuRcUgy5N-5hsZqiPW6sH3n_rptiQ",
            "MOZ_GOOGLE_SAFEBROWSING_API_KEY": "AIzaSyC7jsptDS3am4tPx4r3nxis7IMjBc5Dovo",
            "MOZ_GRAPHENE": false,
            "MOZ_MACBUNDLE_NAME": "Firefox.app",
            "MOZ_MAINTENANCE_SERVICE": false,
            "MOZ_MOZILLA_API_KEY": "3b4d27dd-703d-4094-8398-4de2c763505a",
            "MOZ_NEW_CERT_STORAGE": false,
            "MOZ_NEW_NOTIFICATION_STORE": false,
            "MOZ_NEW_XULSTORE": false,
            "MOZ_OFFICIAL_BRANDING": false,
            "MOZ_PLACES": false,
            "MOZ_REQUIRE_SIGNING": false,
            "MOZ_SANDBOX": false,
            "MOZ_SERVICES_HEALTHREPORT": true,
            "MOZ_SERVICES_SYNC": false,
            "MOZ_SWITCHBOARD": true,
            "MOZ_SYSTEM_NSS": false,
            "MOZ_TELEMETRY_ON_BY_DEFAULT": false,
            "MOZ_TELEMETRY_REPORTING": true,
            "MOZ_UNSIGNED_SCOPES": 0,
            "MOZ_UPDATER": false,
            "MOZ_UPDATE_CHANNEL": "release",
            "MOZ_WEBRTC": true,
            "MOZ_WIDGET_GTK": false,
            "MOZ_WIDGET_TOOLKIT": "android",
            "NIGHTLY_BUILD": false,
            "OMNIJAR_NAME": "assets/omni.ja",
            "RELEASE_OR_BETA": true,
            "SOURCE_REVISION_URL": "https://hg.mozilla.org/releases/mozilla-esr68/rev/d2e0b9e17b9bc1ef02606c8006b73293f7892ad5",
            "TELEMETRY_PING_FORMAT_VERSION": 4,
            "XP_UNIX": true,
            "isPlatformAndVersionAtLeast": {},
            "isPlatformAndVersionAtMost": {},
            "platform": "android"
          },
          "userAgent": "Mozilla/5.0 (Android 9; Mobile; rv:68.0) Gecko/68.0 Firefox/68.0",
          "windowSize": "360x612"
        },
        "pageinfo": {
          "documentHeight": 3230,
          "documentSize": {
            "decodedBodySize": 132625,
            "encodedBodySize": 14691,
            "transferSize": 16699
          },
          "documentTitle": "Adobe: Creative, marketing and document management solutions",
          "documentWidth": 360,
          "domElements": 2008,
          "navigationStartTime": 1617117411657,
          "nextHopProtocol": "h2",
          "resources": {
            "count": 0,
            "duration": 0
          },
          "responsive": true,
          "url": "https://www.adobe.com/",
          "visualElements": {
            "heroes": [
              {
                "filename": "homepage-CC-lg-pod-tablet?$pjpeg$&jpegSize=300&wid=1536",
                "height": 249,
                "name": "LargestImage",
                "width": 360,
                "x": 0,
                "y": 60
              }
            ],
            "viewport": {
              "height": 612,
              "width": 360
            }
          }
        },
        "timings": {
          "firstPaint": 1694,
          "loadEventEnd": 2607,
          "navigationTiming": {
            "connectStart": 44,
            "domComplete": 2589,
            "domContentLoadedEventEnd": 1781,
            "domContentLoadedEventStart": 1770,
            "domInteractive": 1081,
            "domainLookupEnd": 43,
            "domainLookupStart": 43,
            "duration": 2607,
            "fetchStart": 2,
            "loadEventEnd": 2607,
            "loadEventStart": 2589,
            "redirectEnd": 0,
            "redirectStart": 0,
            "requestStart": 143,
            "responseEnd": 313,
            "responseStart": 311,
            "secureConnectionStart": 55,
            "startTime": 0,
            "unloadEventEnd": 0,
            "unloadEventStart": 0,
            "workerStart": 0
          },
          "pageTimings": {
            "backEndTime": 311,
            "domContentLoadedTime": 1770,
            "domInteractiveTime": 1081,
            "domainLookupTime": 0,
            "frontEndTime": 2276,
            "pageDownloadTime": 2,
            "pageLoadTime": 2589,
            "redirectionTime": 0,
            "serverConnectionTime": 98,
            "serverResponseTime": 171
          },
          "rumSpeedIndex": 311,
          "timeToContentfulPaint": 1865,
          "timeToDomContentFlushed": 1675,
          "userTimings": {
            "marks": [
              {
                "name": "dx-publish-start",
                "startTime": 1308.64
              },
              {
                "name": "dx-publish-end",
                "startTime": 1483.88
              },
              {
                "name": "dx-publish-ready",
                "startTime": 1656.9
              },
              {
                "name": "snaptr",
                "startTime": 6950.46
              }
            ],
            "measures": []
          }
        }
      },
      {
        "browser": {
          "appConstants": {
            "ACCESSIBILITY": true,
            "ANDROID_PACKAGE_NAME": "org.mozilla.firefox",
            "ASAN": false,
            "ASAN_REPORTER": false,
            "BROWSER_CHROME_URL": "chrome://browser/content/browser.xul",
            "DEBUG": false,
            "DEBUG_JS_MODULES": "",
            "DLL_PREFIX": "lib",
            "DLL_SUFFIX": ".so",
            "EARLY_BETA_OR_EARLIER": false,
            "FENNEC_NIGHTLY": false,
            "HAVE_SHELL_SERVICE": false,
            "HAVE_USR_LIB64_DIR": false,
            "MENUBAR_CAN_AUTOHIDE": false,
            "MOZILLA_OFFICIAL": true,
            "MOZ_ALLOW_LEGACY_EXTENSIONS": false,
            "MOZ_ANDROID_ACTIVITY_STREAM": false,
            "MOZ_ANDROID_HISTORY": true,
            "MOZ_ANDROID_MOZILLA_ONLINE": false,
            "MOZ_APP_NAME": "fennec",
            "MOZ_APP_VERSION": "68.1.1",
            "MOZ_APP_VERSION_DISPLAY": "68.1.1",
            "MOZ_BING_API_CLIENTID": "no-bing-api-clientid",
            "MOZ_BING_API_KEY": "no-bing-api-key",
            "MOZ_BITS_DOWNLOAD": false,
            "MOZ_BUILD_APP": "mobile/android",
            "MOZ_CODE_COVERAGE": false,
            "MOZ_CRASHREPORTER": true,
            "MOZ_DATA_REPORTING": true,
            "MOZ_DEV_EDITION": false,
            "MOZ_GECKO_PROFILER": true,
            "MOZ_GOOGLE_LOCATION_SERVICE_API_KEY": "AIzaSyB2h2OuRcUgy5N-5hsZqiPW6sH3n_rptiQ",
            "MOZ_GOOGLE_SAFEBROWSING_API_KEY": "AIzaSyC7jsptDS3am4tPx4r3nxis7IMjBc5Dovo",
            "MOZ_GRAPHENE": false,
            "MOZ_MACBUNDLE_NAME": "Firefox.app",
            "MOZ_MAINTENANCE_SERVICE": false,
            "MOZ_MOZILLA_API_KEY": "3b4d27dd-703d-4094-8398-4de2c763505a",
            "MOZ_NEW_CERT_STORAGE": false,
            "MOZ_NEW_NOTIFICATION_STORE": false,
            "MOZ_NEW_XULSTORE": false,
            "MOZ_OFFICIAL_BRANDING": false,
            "MOZ_PLACES": false,
            "MOZ_REQUIRE_SIGNING": false,
            "MOZ_SANDBOX": false,
            "MOZ_SERVICES_HEALTHREPORT": true,
            "MOZ_SERVICES_SYNC": false,
            "MOZ_SWITCHBOARD": true,
            "MOZ_SYSTEM_NSS": false,
            "MOZ_TELEMETRY_ON_BY_DEFAULT": false,
            "MOZ_TELEMETRY_REPORTING": true,
            "MOZ_UNSIGNED_SCOPES": 0,
            "MOZ_UPDATER": false,
            "MOZ_UPDATE_CHANNEL": "release",
            "MOZ_WEBRTC": true,
            "MOZ_WIDGET_GTK": false,
            "MOZ_WIDGET_TOOLKIT": "android",
            "NIGHTLY_BUILD": false,
            "OMNIJAR_NAME": "assets/omni.ja",
            "RELEASE_OR_BETA": true,
            "SOURCE_REVISION_URL": "https://hg.mozilla.org/releases/mozilla-esr68/rev/d2e0b9e17b9bc1ef02606c8006b73293f7892ad5",
            "TELEMETRY_PING_FORMAT_VERSION": 4,
            "XP_UNIX": true,
            "isPlatformAndVersionAtLeast": {},
            "isPlatformAndVersionAtMost": {},
            "platform": "android"
          },
          "asyncAppConstants": {
            "ACCESSIBILITY": true,
            "ANDROID_PACKAGE_NAME": "org.mozilla.firefox",
            "ASAN": false,
            "ASAN_REPORTER": false,
            "BROWSER_CHROME_URL": "chrome://browser/content/browser.xul",
            "DEBUG": false,
            "DEBUG_JS_MODULES": "",
            "DLL_PREFIX": "lib",
            "DLL_SUFFIX": ".so",
            "EARLY_BETA_OR_EARLIER": false,
            "FENNEC_NIGHTLY": false,
            "HAVE_SHELL_SERVICE": false,
            "HAVE_USR_LIB64_DIR": false,
            "MENUBAR_CAN_AUTOHIDE": false,
            "MOZILLA_OFFICIAL": true,
            "MOZ_ALLOW_LEGACY_EXTENSIONS": false,
            "MOZ_ANDROID_ACTIVITY_STREAM": false,
            "MOZ_ANDROID_HISTORY": true,
            "MOZ_ANDROID_MOZILLA_ONLINE": false,
            "MOZ_APP_NAME": "fennec",
            "MOZ_APP_VERSION": "68.1.1",
            "MOZ_APP_VERSION_DISPLAY": "68.1.1",
            "MOZ_BING_API_CLIENTID": "no-bing-api-clientid",
            "MOZ_BING_API_KEY": "no-bing-api-key",
            "MOZ_BITS_DOWNLOAD": false,
            "MOZ_BUILD_APP": "mobile/android",
            "MOZ_CODE_COVERAGE": false,
            "MOZ_CRASHREPORTER": true,
            "MOZ_DATA_REPORTING": true,
            "MOZ_DEV_EDITION": false,
            "MOZ_GECKO_PROFILER": true,
            "MOZ_GOOGLE_LOCATION_SERVICE_API_KEY": "AIzaSyB2h2OuRcUgy5N-5hsZqiPW6sH3n_rptiQ",
            "MOZ_GOOGLE_SAFEBROWSING_API_KEY": "AIzaSyC7jsptDS3am4tPx4r3nxis7IMjBc5Dovo",
            "MOZ_GRAPHENE": false,
            "MOZ_MACBUNDLE_NAME": "Firefox.app",
            "MOZ_MAINTENANCE_SERVICE": false,
            "MOZ_MOZILLA_API_KEY": "3b4d27dd-703d-4094-8398-4de2c763505a",
            "MOZ_NEW_CERT_STORAGE": false,
            "MOZ_NEW_NOTIFICATION_STORE": false,
            "MOZ_NEW_XULSTORE": false,
            "MOZ_OFFICIAL_BRANDING": false,
            "MOZ_PLACES": false,
            "MOZ_REQUIRE_SIGNING": false,
            "MOZ_SANDBOX": false,
            "MOZ_SERVICES_HEALTHREPORT": true,
            "MOZ_SERVICES_SYNC": false,
            "MOZ_SWITCHBOARD": true,
            "MOZ_SYSTEM_NSS": false,
            "MOZ_TELEMETRY_ON_BY_DEFAULT": false,
            "MOZ_TELEMETRY_REPORTING": true,
            "MOZ_UNSIGNED_SCOPES": 0,
            "MOZ_UPDATER": false,
            "MOZ_UPDATE_CHANNEL": "release",
            "MOZ_WEBRTC": true,
            "MOZ_WIDGET_GTK": false,
            "MOZ_WIDGET_TOOLKIT": "android",
            "NIGHTLY_BUILD": false,
            "OMNIJAR_NAME": "assets/omni.ja",
            "RELEASE_OR_BETA": true,
            "SOURCE_REVISION_URL": "https://hg.mozilla.org/releases/mozilla-esr68/rev/d2e0b9e17b9bc1ef02606c8006b73293f7892ad5",
            "TELEMETRY_PING_FORMAT_VERSION": 4,
            "XP_UNIX": true,
            "isPlatformAndVersionAtLeast": {},
            "isPlatformAndVersionAtMost": {},
            "platform": "android"
          },
          "userAgent": "Mozilla/5.0 (Android 9; Mobile; rv:68.0) Gecko/68.0 Firefox/68.0",
          "windowSize": "360x612"
        },
        "pageinfo": {
          "documentHeight": 3230,
          "documentSize": {
            "decodedBodySize": 132625,
            "encodedBodySize": 14691,
            "transferSize": 16684
          },
          "documentTitle": "Adobe: Creative, marketing and document management solutions",
          "documentWidth": 360,
          "domElements": 2006,
          "navigationStartTime": 1617117428472,
          "nextHopProtocol": "h2",
          "resources": {
            "count": 0,
            "duration": 0
          },
          "responsive": true,
          "url": "https://www.adobe.com/",
          "visualElements": {
            "heroes": [
              {
                "filename": "homepage-CC-lg-pod-tablet?$pjpeg$&jpegSize=300&wid=1536",
                "height": 249,
                "name": "LargestImage",
                "width": 360,
                "x": 0,
                "y": 60
              }
            ],
            "viewport": {
              "height": 612,
              "width": 360
            }
          }
        },
        "timings": {
          "firstPaint": 2363,
          "loadEventEnd": 3456,
          "navigationTiming": {
            "connectStart": 299,
            "domComplete": 3441,
            "domContentLoadedEventEnd": 2484,
            "domContentLoadedEventStart": 2474,
            "domInteractive": 1704,
            "domainLookupEnd": 299,
            "domainLookupStart": 298,
            "duration": 3456,
            "fetchStart": 2,
            "loadEventEnd": 3456,
            "loadEventStart": 3441,
            "redirectEnd": 0,
            "redirectStart": 0,
            "requestStart": 396,
            "responseEnd": 1064,
            "responseStart": 1061,
            "secureConnectionStart": 312,
            "startTime": 0,
            "unloadEventEnd": 0,
            "unloadEventStart": 0,
            "workerStart": 0
          },
          "pageTimings": {
            "backEndTime": 1061,
            "domContentLoadedTime": 2474,
            "domInteractiveTime": 1704,
            "domainLookupTime": 0,
            "frontEndTime": 2377,
            "pageDownloadTime": 2,
            "pageLoadTime": 3441,
            "redirectionTime": 0,
            "serverConnectionTime": 96,
            "serverResponseTime": 668
          },
          "rumSpeedIndex": 1061,
          "timeToContentfulPaint": 2558,
          "timeToDomContentFlushed": 2347,
          "userTimings": {
            "marks": [
              {
                "name": "dx-publish-start",
                "startTime": 1966.88
              },
              {
                "name": "dx-publish-end",
                "startTime": 2145.02
              },
              {
                "name": "dx-publish-ready",
                "startTime": 2320.18
              },
              {
                "name": "snaptr",
                "startTime": 7689.6
              }
            ],
            "measures": []
          }
        }
      },
      {
        "browser": {
          "appConstants": {
            "ACCESSIBILITY": true,
            "ANDROID_PACKAGE_NAME": "org.mozilla.firefox",
            "ASAN": false,
            "ASAN_REPORTER": false,
            "BROWSER_CHROME_URL": "chrome://browser/content/browser.xul",
            "DEBUG": false,
            "DEBUG_JS_MODULES": "",
            "DLL_PREFIX": "lib",
            "DLL_SUFFIX": ".so",
            "EARLY_BETA_OR_EARLIER": false,
            "FENNEC_NIGHTLY": false,
            "HAVE_SHELL_SERVICE": false,
            "HAVE_USR_LIB64_DIR": false,
            "MENUBAR_CAN_AUTOHIDE": false,
            "MOZILLA_OFFICIAL": true,
            "MOZ_ALLOW_LEGACY_EXTENSIONS": false,
            "MOZ_ANDROID_ACTIVITY_STREAM": false,
            "MOZ_ANDROID_HISTORY": true,
            "MOZ_ANDROID_MOZILLA_ONLINE": false,
            "MOZ_APP_NAME": "fennec",
            "MOZ_APP_VERSION": "68.1.1",
            "MOZ_APP_VERSION_DISPLAY": "68.1.1",
            "MOZ_BING_API_CLIENTID": "no-bing-api-clientid",
            "MOZ_BING_API_KEY": "no-bing-api-key",
            "MOZ_BITS_DOWNLOAD": false,
            "MOZ_BUILD_APP": "mobile/android",
            "MOZ_CODE_COVERAGE": false,
            "MOZ_CRASHREPORTER": true,
            "MOZ_DATA_REPORTING": true,
            "MOZ_DEV_EDITION": false,
            "MOZ_GECKO_PROFILER": true,
            "MOZ_GOOGLE_LOCATION_SERVICE_API_KEY": "AIzaSyB2h2OuRcUgy5N-5hsZqiPW6sH3n_rptiQ",
            "MOZ_GOOGLE_SAFEBROWSING_API_KEY": "AIzaSyC7jsptDS3am4tPx4r3nxis7IMjBc5Dovo",
            "MOZ_GRAPHENE": false,
            "MOZ_MACBUNDLE_NAME": "Firefox.app",
            "MOZ_MAINTENANCE_SERVICE": false,
            "MOZ_MOZILLA_API_KEY": "3b4d27dd-703d-4094-8398-4de2c763505a",
            "MOZ_NEW_CERT_STORAGE": false,
            "MOZ_NEW_NOTIFICATION_STORE": false,
            "MOZ_NEW_XULSTORE": false,
            "MOZ_OFFICIAL_BRANDING": false,
            "MOZ_PLACES": false,
            "MOZ_REQUIRE_SIGNING": false,
            "MOZ_SANDBOX": false,
            "MOZ_SERVICES_HEALTHREPORT": true,
            "MOZ_SERVICES_SYNC": false,
            "MOZ_SWITCHBOARD": true,
            "MOZ_SYSTEM_NSS": false,
            "MOZ_TELEMETRY_ON_BY_DEFAULT": false,
            "MOZ_TELEMETRY_REPORTING": true,
            "MOZ_UNSIGNED_SCOPES": 0,
            "MOZ_UPDATER": false,
            "MOZ_UPDATE_CHANNEL": "release",
            "MOZ_WEBRTC": true,
            "MOZ_WIDGET_GTK": false,
            "MOZ_WIDGET_TOOLKIT": "android",
            "NIGHTLY_BUILD": false,
            "OMNIJAR_NAME": "assets/omni.ja",
            "RELEASE_OR_BETA": true,
            "SOURCE_REVISION_URL": "https://hg.mozilla.org/releases/mozilla-esr68/rev/d2e0b9e17b9bc1ef02606c8006b73293f7892ad5",
            "TELEMETRY_PING_FORMAT_VERSION": 4,
            "XP_UNIX": true,
            "isPlatformAndVersionAtLeast": {},
            "isPlatformAndVersionAtMost": {},
            "platform": "android"
          },
          "asyncAppConstants": {
            "ACCESSIBILITY": true,
            "ANDROID_PACKAGE_NAME": "org.mozilla.firefox",
            "ASAN": false,
            "ASAN_REPORTER": false,
            "BROWSER_CHROME_URL": "chrome://browser/content/browser.xul",
            "DEBUG": false,
            "DEBUG_JS_MODULES": "",
            "DLL_PREFIX": "lib",
            "DLL_SUFFIX": ".so",
            "EARLY_BETA_OR_EARLIER": false,
            "FENNEC_NIGHTLY": false,
            "HAVE_SHELL_SERVICE": false,
            "HAVE_USR_LIB64_DIR": false,
            "MENUBAR_CAN_AUTOHIDE": false,
            "MOZILLA_OFFICIAL": true,
            "MOZ_ALLOW_LEGACY_EXTENSIONS": false,
            "MOZ_ANDROID_ACTIVITY_STREAM": false,
            "MOZ_ANDROID_HISTORY": true,
            "MOZ_ANDROID_MOZILLA_ONLINE": false,
            "MOZ_APP_NAME": "fennec",
            "MOZ_APP_VERSION": "68.1.1",
            "MOZ_APP_VERSION_DISPLAY": "68.1.1",
            "MOZ_BING_API_CLIENTID": "no-bing-api-clientid",
            "MOZ_BING_API_KEY": "no-bing-api-key",
            "MOZ_BITS_DOWNLOAD": false,
            "MOZ_BUILD_APP": "mobile/android",
            "MOZ_CODE_COVERAGE": false,
            "MOZ_CRASHREPORTER": true,
            "MOZ_DATA_REPORTING": true,
            "MOZ_DEV_EDITION": false,
            "MOZ_GECKO_PROFILER": true,
            "MOZ_GOOGLE_LOCATION_SERVICE_API_KEY": "AIzaSyB2h2OuRcUgy5N-5hsZqiPW6sH3n_rptiQ",
            "MOZ_GOOGLE_SAFEBROWSING_API_KEY": "AIzaSyC7jsptDS3am4tPx4r3nxis7IMjBc5Dovo",
            "MOZ_GRAPHENE": false,
            "MOZ_MACBUNDLE_NAME": "Firefox.app",
            "MOZ_MAINTENANCE_SERVICE": false,
            "MOZ_MOZILLA_API_KEY": "3b4d27dd-703d-4094-8398-4de2c763505a",
            "MOZ_NEW_CERT_STORAGE": false,
            "MOZ_NEW_NOTIFICATION_STORE": false,
            "MOZ_NEW_XULSTORE": false,
            "MOZ_OFFICIAL_BRANDING": false,
            "MOZ_PLACES": false,
            "MOZ_REQUIRE_SIGNING": false,
            "MOZ_SANDBOX": false,
            "MOZ_SERVICES_HEALTHREPORT": true,
            "MOZ_SERVICES_SYNC": false,
            "MOZ_SWITCHBOARD": true,
            "MOZ_SYSTEM_NSS": false,
            "MOZ_TELEMETRY_ON_BY_DEFAULT": false,
            "MOZ_TELEMETRY_REPORTING": true,
            "MOZ_UNSIGNED_SCOPES": 0,
            "MOZ_UPDATER": false,
            "MOZ_UPDATE_CHANNEL": "release",
            "MOZ_WEBRTC": true,
            "MOZ_WIDGET_GTK": false,
            "MOZ_WIDGET_TOOLKIT": "android",
            "NIGHTLY_BUILD": false,
            "OMNIJAR_NAME": "assets/omni.ja",
            "RELEASE_OR_BETA": true,
            "SOURCE_REVISION_URL": "https://hg.mozilla.org/releases/mozilla-esr68/rev/d2e0b9e17b9bc1ef02606c8006b73293f7892ad5",
            "TELEMETRY_PING_FORMAT_VERSION": 4,
            "XP_UNIX": true,
            "isPlatformAndVersionAtLeast": {},
            "isPlatformAndVersionAtMost": {},
            "platform": "android"
          },
          "userAgent": "Mozilla/5.0 (Android 9; Mobile; rv:68.0) Gecko/68.0 Firefox/68.0",
          "windowSize": "360x612"
        },
        "pageinfo": {
          "documentHeight": 3230,
          "documentSize": {
            "decodedBodySize": 132625,
            "encodedBodySize": 14691,
            "transferSize": 16699
          },
          "documentTitle": "Adobe: Creative, marketing and document management solutions",
          "documentWidth": 360,
          "domElements": 2006,
          "navigationStartTime": 1617117445441,
          "nextHopProtocol": "h2",
          "resources": {
            "count": 0,
            "duration": 0
          },
          "responsive": true,
          "url": "https://www.adobe.com/",
          "visualElements": {
            "heroes": [
              {
                "filename": "homepage-CC-lg-pod-tablet?$pjpeg$&jpegSize=300&wid=1536",
                "height": 249,
                "name": "LargestImage",
                "width": 360,
                "x": 0,
                "y": 60
              }
            ],
            "viewport": {
              "height": 612,
              "width": 360
            }
          }
        },
        "timings": {
          "firstPaint": 1818,
          "loadEventEnd": 2711,
          "navigationTiming": {
            "connectStart": 297,
            "domComplete": 2696,
            "domContentLoadedEventEnd": 1817,
            "domContentLoadedEventStart": 1808,
            "domInteractive": 1153,
            "domainLookupEnd": 296,
            "domainLookupStart": 296,
            "duration": 2711,
            "fetchStart": 2,
            "loadEventEnd": 2711,
            "loadEventStart": 2696,
            "redirectEnd": 0,
            "redirectStart": 0,
            "requestStart": 394,
            "responseEnd": 523,
            "responseStart": 522,
            "secureConnectionStart": 309,
            "startTime": 0,
            "unloadEventEnd": 0,
            "unloadEventStart": 0,
            "workerStart": 0
          },
          "pageTimings": {
            "backEndTime": 522,
            "domContentLoadedTime": 1808,
            "domInteractiveTime": 1153,
            "domainLookupTime": 0,
            "frontEndTime": 2173,
            "pageDownloadTime": 2,
            "pageLoadTime": 2696,
            "redirectionTime": 0,
            "serverConnectionTime": 96,
            "serverResponseTime": 129
          },
          "rumSpeedIndex": 521,
          "timeToContentfulPaint": 2007,
          "timeToDomContentFlushed": 1782,
          "userTimings": {
            "marks": [
              {
                "name": "dx-publish-start",
                "startTime": 1404.12
              },
              {
                "name": "dx-publish-end",
                "startTime": 1581.46
              },
              {
                "name": "dx-publish-ready",
                "startTime": 1754.5
              },
              {
                "name": "snaptr",
                "startTime": 7195.9800000000005
              }
            ],
            "measures": []
          }
        }
      }
    ],
    "visualMetrics": [],
    "cpu": [],
    "extras": [
      {},
      {},
      {}
    ],
    "fullyLoaded": [],
    "errors": [
      [],
      [],
      []
    ],
    "statistics": {
      "browser": {
        "appConstants": {
          "MOZ_UNSIGNED_SCOPES": {
            "median": 0,
            "mean": 0,
            "mdev": 0,
            "stddev": 0,
            "min": 0,
            "p10": 0,
            "p90": 0,
            "p99": 0,
            "max": 0
          },
          "TELEMETRY_PING_FORMAT_VERSION": {
            "median": 4,
            "mean": 4,
            "mdev": 0,
            "stddev": 0,
            "min": 4,
            "p10": 4,
            "p90": 4,
            "p99": 4,
            "max": 4
          }
        },
        "asyncAppConstants": {
          "MOZ_UNSIGNED_SCOPES": {
            "median": 0,
            "mean": 0,
            "mdev": 0,
            "stddev": 0,
            "min": 0,
            "p10": 0,
            "p90": 0,
            "p99": 0,
            "max": 0
          },
          "TELEMETRY_PING_FORMAT_VERSION": {
            "median": 4,
            "mean": 4,
            "mdev": 0,
            "stddev": 0,
            "min": 4,
            "p10": 4,
            "p90": 4,
            "p99": 4,
            "max": 4
          }
        }
      },
      "pageinfo": {
        "documentHeight": {
          "median": 3230,
          "mean": 3230,
          "mdev": 0,
          "stddev": 0,
          "min": 3230,
          "p10": 3230,
          "p90": 3230,
          "p99": 3230,
          "max": 3230
        },
        "documentSize": {
          "decodedBodySize": {
            "median": 132625,
            "mean": 132625,
            "mdev": 0,
            "stddev": 0,
            "min": 132625,
            "p10": 132625,
            "p90": 132625,
            "p99": 132625,
            "max": 132625
          },
          "encodedBodySize": {
            "median": 14691,
            "mean": 14691,
            "mdev": 0,
            "stddev": 0,
            "min": 14691,
            "p10": 14691,
            "p90": 14691,
            "p99": 14691,
            "max": 14691
          },
          "transferSize": {
            "median": 16699,
            "mean": 16694,
            "mdev": 4.0825,
            "stddev": 7,
            "min": 16684,
            "p10": 16684,
            "p90": 16699,
            "p99": 16699,
            "max": 16699
          }
        },
        "documentWidth": {
          "median": 360,
          "mean": 360,
          "mdev": 0,
          "stddev": 0,
          "min": 360,
          "p10": 360,
          "p90": 360,
          "p99": 360,
          "max": 360
        },
        "domElements": {
          "median": 2006,
          "mean": 2007,
          "mdev": 0.5443,
          "stddev": 1,
          "min": 2006,
          "p10": 2006,
          "p90": 2008,
          "p99": 2008,
          "max": 2008
        },
        "navigationStartTime": {
          "median": 1617117428472,
          "mean": 1617117428523,
          "mdev": 12612.4091,
          "stddev": 21845,
          "min": 1617117411657,
          "p10": 1617117411657,
          "p90": 1617117445441,
          "p99": 1617117445441,
          "max": 1617117445441
        },
        "resources": {
          "count": {
            "median": 0,
            "mean": 0,
            "mdev": 0,
            "stddev": 0,
            "min": 0,
            "p10": 0,
            "p90": 0,
            "p99": 0,
            "max": 0
          },
          "duration": {
            "median": 0,
            "mean": 0,
            "mdev": 0,
            "stddev": 0,
            "min": 0,
            "p10": 0,
            "p90": 0,
            "p99": 0,
            "max": 0
          }
        },
        "visualElements": {
          "heroes": [
            {
              "height": {
                "median": 249,
                "mean": 249,
                "mdev": 0,
                "stddev": 0,
                "min": 249,
                "p10": 249,
                "p90": 249,
                "p99": 249,
                "max": 249
              },
              "width": {
                "median": 360,
                "mean": 360,
                "mdev": 0,
                "stddev": 0,
                "min": 360,
                "p10": 360,
                "p90": 360,
                "p99": 360,
                "max": 360
              },
              "x": {
                "median": 0,
                "mean": 0,
                "mdev": 0,
                "stddev": 0,
                "min": 0,
                "p10": 0,
                "p90": 0,
                "p99": 0,
                "max": 0
              },
              "y": {
                "median": 60,
                "mean": 60,
                "mdev": 0,
                "stddev": 0,
                "min": 60,
                "p10": 60,
                "p90": 60,
                "p99": 60,
                "max": 60
              }
            }
          ],
          "viewport": {
            "height": {
              "median": 612,
              "mean": 612,
              "mdev": 0,
              "stddev": 0,
              "min": 612,
              "p10": 612,
              "p90": 612,
              "p99": 612,
              "max": 612
            },
            "width": {
              "median": 360,
              "mean": 360,
              "mdev": 0,
              "stddev": 0,
              "min": 360,
              "p10": 360,
              "p90": 360,
              "p99": 360,
              "max": 360
            }
          }
        }
      },
      "timings": {
        "firstPaint": {
          "median": 1818,
          "mean": 1958,
          "mdev": 167.7699,
          "stddev": 291,
          "min": 1694,
          "p10": 1694,
          "p90": 2363,
          "p99": 2363,
          "max": 2363
        },
        "loadEventEnd": {
          "median": 2711,
          "mean": 2925,
          "mdev": 218.2966,
          "stddev": 378,
          "min": 2607,
          "p10": 2607,
          "p90": 3456,
          "p99": 3456,
          "max": 3456
        },
        "navigationTiming": {
          "connectStart": {
            "median": 297,
            "mean": 213,
            "mdev": 69.1317,
            "stddev": 120,
            "min": 44,
            "p10": 44,
            "p90": 299,
            "p99": 299,
            "max": 299
          },
          "domComplete": {
            "median": 2696,
            "mean": 2909,
            "mdev": 218.7827,
            "stddev": 379,
            "min": 2589,
            "p10": 2589,
            "p90": 3441,
            "p99": 3441,
            "max": 3441
          },
          "domContentLoadedEventEnd": {
            "median": 1817,
            "mean": 2027,
            "mdev": 186.6264,
            "stddev": 323,
            "min": 1781,
            "p10": 1781,
            "p90": 2484,
            "p99": 2484,
            "max": 2484
          },
          "domContentLoadedEventStart": {
            "median": 1808,
            "mean": 2017,
            "mdev": 186.6484,
            "stddev": 323,
            "min": 1770,
            "p10": 1770,
            "p90": 2474,
            "p99": 2474,
            "max": 2474
          },
          "domInteractive": {
            "median": 1153,
            "mean": 1313,
            "mdev": 160.66,
            "stddev": 278,
            "min": 1081,
            "p10": 1081,
            "p90": 1704,
            "p99": 1704,
            "max": 1704
          },
          "domainLookupEnd": {
            "median": 296,
            "mean": 213,
            "mdev": 69.2697,
            "stddev": 120,
            "min": 43,
            "p10": 43,
            "p90": 299,
            "p99": 299,
            "max": 299
          },
          "domainLookupStart": {
            "median": 296,
            "mean": 212,
            "mdev": 69.1317,
            "stddev": 120,
            "min": 43,
            "p10": 43,
            "p90": 298,
            "p99": 298,
            "max": 298
          },
          "duration": {
            "median": 2711,
            "mean": 2925,
            "mdev": 218.2966,
            "stddev": 378,
            "min": 2607,
            "p10": 2607,
            "p90": 3456,
            "p99": 3456,
            "max": 3456
          },
          "fetchStart": {
            "median": 2,
            "mean": 2,
            "mdev": 0,
            "stddev": 0,
            "min": 2,
            "p10": 2,
            "p90": 2,
            "p99": 2,
            "max": 2
          },
          "loadEventEnd": {
            "median": 2711,
            "mean": 2925,
            "mdev": 218.2966,
            "stddev": 378,
            "min": 2607,
            "p10": 2607,
            "p90": 3456,
            "p99": 3456,
            "max": 3456
          },
          "loadEventStart": {
            "median": 2696,
            "mean": 2909,
            "mdev": 218.7827,
            "stddev": 379,
            "min": 2589,
            "p10": 2589,
            "p90": 3441,
            "p99": 3441,
            "max": 3441
          },
          "redirectEnd": {
            "median": 0,
            "mean": 0,
            "mdev": 0,
            "stddev": 0,
            "min": 0,
            "p10": 0,
            "p90": 0,
            "p99": 0,
            "max": 0
          },
          "redirectStart": {
            "median": 0,
            "mean": 0,
            "mdev": 0,
            "stddev": 0,
            "min": 0,
            "p10": 0,
            "p90": 0,
            "p99": 0,
            "max": 0
          },
          "requestStart": {
            "median": 394,
            "mean": 311,
            "mdev": 68.5873,
            "stddev": 119,
            "min": 143,
            "p10": 143,
            "p90": 396,
            "p99": 396,
            "max": 396
          },
          "responseEnd": {
            "median": 523,
            "mean": 633,
            "mdev": 182.6535,
            "stddev": 316,
            "min": 313,
            "p10": 313,
            "p90": 1064,
            "p99": 1064,
            "max": 1064
          },
          "responseStart": {
            "median": 522,
            "mean": 631,
            "mdev": 182.3247,
            "stddev": 316,
            "min": 311,
            "p10": 311,
            "p90": 1061,
            "p99": 1061,
            "max": 1061
          },
          "secureConnectionStart": {
            "median": 309,
            "mean": 225,
            "mdev": 69.5419,
            "stddev": 120,
            "min": 55,
            "p10": 55,
            "p90": 312,
            "p99": 312,
            "max": 312
          },
          "startTime": {
            "median": 0,
            "mean": 0,
            "mdev": 0,
            "stddev": 0,
            "min": 0,
            "p10": 0,
            "p90": 0,
            "p99": 0,
            "max": 0
          },
          "unloadEventEnd": {
            "median": 0,
            "mean": 0,
            "mdev": 0,
            "stddev": 0,
            "min": 0,
            "p10": 0,
            "p90": 0,
            "p99": 0,
            "max": 0
          },
          "unloadEventStart": {
            "median": 0,
            "mean": 0,
            "mdev": 0,
            "stddev": 0,
            "min": 0,
            "p10": 0,
            "p90": 0,
            "p99": 0,
            "max": 0
          },
          "workerStart": {
            "median": 0,
            "mean": 0,
            "mdev": 0,
            "stddev": 0,
            "min": 0,
            "p10": 0,
            "p90": 0,
            "p99": 0,
            "max": 0
          }
        },
        "pageTimings": {
          "backEndTime": {
            "median": 522,
            "mean": 631,
            "mdev": 182.3247,
            "stddev": 316,
            "min": 311,
            "p10": 311,
            "p90": 1061,
            "p99": 1061,
            "max": 1061
          },
          "domContentLoadedTime": {
            "median": 1808,
            "mean": 2017,
            "mdev": 186.6484,
            "stddev": 323,
            "min": 1770,
            "p10": 1770,
            "p90": 2474,
            "p99": 2474,
            "max": 2474
          },
          "domInteractiveTime": {
            "median": 1153,
            "mean": 1313,
            "mdev": 160.66,
            "stddev": 278,
            "min": 1081,
            "p10": 1081,
            "p90": 1704,
            "p99": 1704,
            "max": 1704
          },
          "domainLookupTime": {
            "median": 0,
            "mean": 0,
            "mdev": 0,
            "stddev": 0,
            "min": 0,
            "p10": 0,
            "p90": 0,
            "p99": 0,
            "max": 0
          },
          "frontEndTime": {
            "median": 2276,
            "mean": 2275,
            "mdev": 48.084,
            "stddev": 83,
            "min": 2173,
            "p10": 2173,
            "p90": 2377,
            "p99": 2377,
            "max": 2377
          },
          "pageDownloadTime": {
            "median": 2,
            "mean": 2,
            "mdev": 0,
            "stddev": 0,
            "min": 2,
            "p10": 2,
            "p90": 2,
            "p99": 2,
            "max": 2
          },
          "pageLoadTime": {
            "median": 2696,
            "mean": 2909,
            "mdev": 218.7827,
            "stddev": 379,
            "min": 2589,
            "p10": 2589,
            "p90": 3441,
            "p99": 3441,
            "max": 3441
          },
          "redirectionTime": {
            "median": 0,
            "mean": 0,
            "mdev": 0,
            "stddev": 0,
            "min": 0,
            "p10": 0,
            "p90": 0,
            "p99": 0,
            "max": 0
          },
          "serverConnectionTime": {
            "median": 96,
            "mean": 97,
            "mdev": 0.5443,
            "stddev": 1,
            "min": 96,
            "p10": 96,
            "p90": 98,
            "p99": 98,
            "max": 98
          },
          "serverResponseTime": {
            "median": 171,
            "mean": 323,
            "mdev": 141.3289,
            "stddev": 245,
            "min": 129,
            "p10": 129,
            "p90": 668,
            "p99": 668,
            "max": 668
          }
        },
        "rumSpeedIndex": {
          "median": 521,
          "mean": 631,
          "mdev": 182.3915,
          "stddev": 316,
          "min": 311,
          "p10": 311,
          "p90": 1061,
          "p99": 1061,
          "max": 1061
        },
        "timeToContentfulPaint": {
          "median": 2007,
          "mean": 2143,
          "mdev": 172.5639,
          "stddev": 299,
          "min": 1865,
          "p10": 1865,
          "p90": 2558,
          "p99": 2558,
          "max": 2558
        },
        "timeToDomContentFlushed": {
          "median": 1782,
          "mean": 1935,
          "mdev": 170.2132,
          "stddev": 295,
          "min": 1675,
          "p10": 1675,
          "p90": 2347,
          "p99": 2347,
          "max": 2347
        },
        "userTimings": {
          "marks": {
            "dx-publish-start": {
              "median": 1404,
              "mean": 1560,
              "mdev": 167.6742,
              "stddev": 290,
              "min": 1309,
              "p10": 1309,
              "p90": 1967,
              "p99": 1967,
              "max": 1967
            },
            "dx-publish-end": {
              "median": 1581,
              "mean": 1737,
              "mdev": 168.2401,
              "stddev": 291,
              "min": 1484,
              "p10": 1484,
              "p90": 2145,
              "p99": 2145,
              "max": 2145
            },
            "dx-publish-ready": {
              "median": 1755,
              "mean": 1911,
              "mdev": 168.815,
              "stddev": 292,
              "min": 1657,
              "p10": 1657,
              "p90": 2320,
              "p99": 2320,
              "max": 2320
            },
            "snaptr": {
              "median": 7196,
              "mean": 7279,
              "mdev": 177.4583,
              "stddev": 307,
              "min": 6950,
              "p10": 6950,
              "p90": 7690,
              "p99": 7690,
              "max": 7690
            }
          }
        }
      }
    }
  }
]