[
  {
    "info": {
      "browsertime": {
        "version": "8.4.0"
      },
      "url": "https://outlook.live.com/owa/",
      "timestamp": "2021-03-30T01:15:38+04:00",
      "connectivity": {
        "engine": "external",
        "profile": "native"
      },
      "extra": {}
    },
    "files": {
      "video": [],
      "screenshot": [],
      "timeline": [],
      "consoleLog": [],
      "netLog": [],
      "perfLog": []
    },
    "cdp": {
      "performance": []
    },
    "timestamps": [
      "2021-03-30T01:15:27+04:00",
      "2021-03-30T01:15:53+04:00",
      "2021-03-30T01:16:16+04:00"
    ],
    "browserScripts": [
      {
        "browser": {
          "appConstants": {
            "ACCESSIBILITY": true,
            "ANDROID_PACKAGE_NAME": "org.mozilla.firefox",
            "ASAN": false,
            "ASAN_REPORTER": false,
            "BROWSER_CHROME_URL": "chrome://browser/content/browser.xul",
            "DEBUG": false,
            "DEBUG_JS_MODULES": "",
            "DLL_PREFIX": "lib",
            "DLL_SUFFIX": ".so",
            "EARLY_BETA_OR_EARLIER": false,
            "FENNEC_NIGHTLY": false,
            "HAVE_SHELL_SERVICE": false,
            "HAVE_USR_LIB64_DIR": false,
            "MENUBAR_CAN_AUTOHIDE": false,
            "MOZILLA_OFFICIAL": true,
            "MOZ_ALLOW_LEGACY_EXTENSIONS": false,
            "MOZ_ANDROID_ACTIVITY_STREAM": false,
            "MOZ_ANDROID_HISTORY": true,
            "MOZ_ANDROID_MOZILLA_ONLINE": false,
            "MOZ_APP_NAME": "fennec",
            "MOZ_APP_VERSION": "68.1.1",
            "MOZ_APP_VERSION_DISPLAY": "68.1.1",
            "MOZ_BING_API_CLIENTID": "no-bing-api-clientid",
            "MOZ_BING_API_KEY": "no-bing-api-key",
            "MOZ_BITS_DOWNLOAD": false,
            "MOZ_BUILD_APP": "mobile/android",
            "MOZ_CODE_COVERAGE": false,
            "MOZ_CRASHREPORTER": true,
            "MOZ_DATA_REPORTING": true,
            "MOZ_DEV_EDITION": false,
            "MOZ_GECKO_PROFILER": true,
            "MOZ_GOOGLE_LOCATION_SERVICE_API_KEY": "AIzaSyB2h2OuRcUgy5N-5hsZqiPW6sH3n_rptiQ",
            "MOZ_GOOGLE_SAFEBROWSING_API_KEY": "AIzaSyC7jsptDS3am4tPx4r3nxis7IMjBc5Dovo",
            "MOZ_GRAPHENE": false,
            "MOZ_MACBUNDLE_NAME": "Firefox.app",
            "MOZ_MAINTENANCE_SERVICE": false,
            "MOZ_MOZILLA_API_KEY": "3b4d27dd-703d-4094-8398-4de2c763505a",
            "MOZ_NEW_CERT_STORAGE": false,
            "MOZ_NEW_NOTIFICATION_STORE": false,
            "MOZ_NEW_XULSTORE": false,
            "MOZ_OFFICIAL_BRANDING": false,
            "MOZ_PLACES": false,
            "MOZ_REQUIRE_SIGNING": false,
            "MOZ_SANDBOX": false,
            "MOZ_SERVICES_HEALTHREPORT": true,
            "MOZ_SERVICES_SYNC": false,
            "MOZ_SWITCHBOARD": true,
            "MOZ_SYSTEM_NSS": false,
            "MOZ_TELEMETRY_ON_BY_DEFAULT": false,
            "MOZ_TELEMETRY_REPORTING": true,
            "MOZ_UNSIGNED_SCOPES": 0,
            "MOZ_UPDATER": false,
            "MOZ_UPDATE_CHANNEL": "release",
            "MOZ_WEBRTC": true,
            "MOZ_WIDGET_GTK": false,
            "MOZ_WIDGET_TOOLKIT": "android",
            "NIGHTLY_BUILD": false,
            "OMNIJAR_NAME": "assets/omni.ja",
            "RELEASE_OR_BETA": true,
            "SOURCE_REVISION_URL": "https://hg.mozilla.org/releases/mozilla-esr68/rev/d2e0b9e17b9bc1ef02606c8006b73293f7892ad5",
            "TELEMETRY_PING_FORMAT_VERSION": 4,
            "XP_UNIX": true,
            "isPlatformAndVersionAtLeast": {},
            "isPlatformAndVersionAtMost": {},
            "platform": "android"
          },
          "asyncAppConstants": {
            "ACCESSIBILITY": true,
            "ANDROID_PACKAGE_NAME": "org.mozilla.firefox",
            "ASAN": false,
            "ASAN_REPORTER": false,
            "BROWSER_CHROME_URL": "chrome://browser/content/browser.xul",
            "DEBUG": false,
            "DEBUG_JS_MODULES": "",
            "DLL_PREFIX": "lib",
            "DLL_SUFFIX": ".so",
            "EARLY_BETA_OR_EARLIER": false,
            "FENNEC_NIGHTLY": false,
            "HAVE_SHELL_SERVICE": false,
            "HAVE_USR_LIB64_DIR": false,
            "MENUBAR_CAN_AUTOHIDE": false,
            "MOZILLA_OFFICIAL": true,
            "MOZ_ALLOW_LEGACY_EXTENSIONS": false,
            "MOZ_ANDROID_ACTIVITY_STREAM": false,
            "MOZ_ANDROID_HISTORY": true,
            "MOZ_ANDROID_MOZILLA_ONLINE": false,
            "MOZ_APP_NAME": "fennec",
            "MOZ_APP_VERSION": "68.1.1",
            "MOZ_APP_VERSION_DISPLAY": "68.1.1",
            "MOZ_BING_API_CLIENTID": "no-bing-api-clientid",
            "MOZ_BING_API_KEY": "no-bing-api-key",
            "MOZ_BITS_DOWNLOAD": false,
            "MOZ_BUILD_APP": "mobile/android",
            "MOZ_CODE_COVERAGE": false,
            "MOZ_CRASHREPORTER": true,
            "MOZ_DATA_REPORTING": true,
            "MOZ_DEV_EDITION": false,
            "MOZ_GECKO_PROFILER": true,
            "MOZ_GOOGLE_LOCATION_SERVICE_API_KEY": "AIzaSyB2h2OuRcUgy5N-5hsZqiPW6sH3n_rptiQ",
            "MOZ_GOOGLE_SAFEBROWSING_API_KEY": "AIzaSyC7jsptDS3am4tPx4r3nxis7IMjBc5Dovo",
            "MOZ_GRAPHENE": false,
            "MOZ_MACBUNDLE_NAME": "Firefox.app",
            "MOZ_MAINTENANCE_SERVICE": false,
            "MOZ_MOZILLA_API_KEY": "3b4d27dd-703d-4094-8398-4de2c763505a",
            "MOZ_NEW_CERT_STORAGE": false,
            "MOZ_NEW_NOTIFICATION_STORE": false,
            "MOZ_NEW_XULSTORE": false,
            "MOZ_OFFICIAL_BRANDING": false,
            "MOZ_PLACES": false,
            "MOZ_REQUIRE_SIGNING": false,
            "MOZ_SANDBOX": false,
            "MOZ_SERVICES_HEALTHREPORT": true,
            "MOZ_SERVICES_SYNC": false,
            "MOZ_SWITCHBOARD": true,
            "MOZ_SYSTEM_NSS": false,
            "MOZ_TELEMETRY_ON_BY_DEFAULT": false,
            "MOZ_TELEMETRY_REPORTING": true,
            "MOZ_UNSIGNED_SCOPES": 0,
            "MOZ_UPDATER": false,
            "MOZ_UPDATE_CHANNEL": "release",
            "MOZ_WEBRTC": true,
            "MOZ_WIDGET_GTK": false,
            "MOZ_WIDGET_TOOLKIT": "android",
            "NIGHTLY_BUILD": false,
            "OMNIJAR_NAME": "assets/omni.ja",
            "RELEASE_OR_BETA": true,
            "SOURCE_REVISION_URL": "https://hg.mozilla.org/releases/mozilla-esr68/rev/d2e0b9e17b9bc1ef02606c8006b73293f7892ad5",
            "TELEMETRY_PING_FORMAT_VERSION": 4,
            "XP_UNIX": true,
            "isPlatformAndVersionAtLeast": {},
            "isPlatformAndVersionAtMost": {},
            "platform": "android"
          },
          "userAgent": "Mozilla/5.0 (Android 8.1.0; Mobile; rv:68.0) Gecko/68.0 Firefox/68.0",
          "windowSize": "360x560"
        },
        "pageinfo": {
          "documentHeight": 10297,
          "documentSize": {
            "decodedBodySize": 36621,
            "encodedBodySize": 9364,
            "transferSize": 11391
          },
          "documentTitle": "Outlook – free personal email and calendar from Microsoft",
          "documentWidth": 360,
          "domElements": 446,
          "navigationStartTime": 1617052527979,
          "nextHopProtocol": "h2",
          "resources": {
            "count": 0,
            "duration": 0
          },
          "responsive": true,
          "url": "https://outlook.live.com/owa/",
          "visualElements": {
            "heroes": [
              {
                "filename": null,
                "height": 218,
                "name": "Heading",
                "width": 313,
                "x": 23,
                "y": 74
              }
            ],
            "viewport": {
              "height": 560,
              "width": 360
            }
          }
        },
        "timings": {
          "firstPaint": 1348,
          "loadEventEnd": 4286,
          "navigationTiming": {
            "connectStart": 28,
            "domComplete": 4285,
            "domContentLoadedEventEnd": 1297,
            "domContentLoadedEventStart": 1284,
            "domInteractive": 1096,
            "domainLookupEnd": 27,
            "domainLookupStart": 27,
            "duration": 4286,
            "fetchStart": 3,
            "loadEventEnd": 4286,
            "loadEventStart": 4285,
            "redirectEnd": 0,
            "redirectStart": 0,
            "requestStart": 190,
            "responseEnd": 245,
            "responseStart": 241,
            "secureConnectionStart": 40,
            "startTime": 0,
            "unloadEventEnd": 0,
            "unloadEventStart": 0,
            "workerStart": 0
          },
          "pageTimings": {
            "backEndTime": 241,
            "domContentLoadedTime": 1284,
            "domInteractiveTime": 1096,
            "domainLookupTime": 0,
            "frontEndTime": 4040,
            "pageDownloadTime": 4,
            "pageLoadTime": 4285,
            "redirectionTime": 0,
            "serverConnectionTime": 161,
            "serverResponseTime": 55
          },
          "rumSpeedIndex": 240,
          "timeToContentfulPaint": 1878,
          "timeToDomContentFlushed": 1102,
          "userTimings": {
            "marks": [],
            "measures": []
          }
        }
      },
      {
        "browser": {
          "appConstants": {
            "ACCESSIBILITY": true,
            "ANDROID_PACKAGE_NAME": "org.mozilla.firefox",
            "ASAN": false,
            "ASAN_REPORTER": false,
            "BROWSER_CHROME_URL": "chrome://browser/content/browser.xul",
            "DEBUG": false,
            "DEBUG_JS_MODULES": "",
            "DLL_PREFIX": "lib",
            "DLL_SUFFIX": ".so",
            "EARLY_BETA_OR_EARLIER": false,
            "FENNEC_NIGHTLY": false,
            "HAVE_SHELL_SERVICE": false,
            "HAVE_USR_LIB64_DIR": false,
            "MENUBAR_CAN_AUTOHIDE": false,
            "MOZILLA_OFFICIAL": true,
            "MOZ_ALLOW_LEGACY_EXTENSIONS": false,
            "MOZ_ANDROID_ACTIVITY_STREAM": false,
            "MOZ_ANDROID_HISTORY": true,
            "MOZ_ANDROID_MOZILLA_ONLINE": false,
            "MOZ_APP_NAME": "fennec",
            "MOZ_APP_VERSION": "68.1.1",
            "MOZ_APP_VERSION_DISPLAY": "68.1.1",
            "MOZ_BING_API_CLIENTID": "no-bing-api-clientid",
            "MOZ_BING_API_KEY": "no-bing-api-key",
            "MOZ_BITS_DOWNLOAD": false,
            "MOZ_BUILD_APP": "mobile/android",
            "MOZ_CODE_COVERAGE": false,
            "MOZ_CRASHREPORTER": true,
            "MOZ_DATA_REPORTING": true,
            "MOZ_DEV_EDITION": false,
            "MOZ_GECKO_PROFILER": true,
            "MOZ_GOOGLE_LOCATION_SERVICE_API_KEY": "AIzaSyB2h2OuRcUgy5N-5hsZqiPW6sH3n_rptiQ",
            "MOZ_GOOGLE_SAFEBROWSING_API_KEY": "AIzaSyC7jsptDS3am4tPx4r3nxis7IMjBc5Dovo",
            "MOZ_GRAPHENE": false,
            "MOZ_MACBUNDLE_NAME": "Firefox.app",
            "MOZ_MAINTENANCE_SERVICE": false,
            "MOZ_MOZILLA_API_KEY": "3b4d27dd-703d-4094-8398-4de2c763505a",
            "MOZ_NEW_CERT_STORAGE": false,
            "MOZ_NEW_NOTIFICATION_STORE": false,
            "MOZ_NEW_XULSTORE": false,
            "MOZ_OFFICIAL_BRANDING": false,
            "MOZ_PLACES": false,
            "MOZ_REQUIRE_SIGNING": false,
            "MOZ_SANDBOX": false,
            "MOZ_SERVICES_HEALTHREPORT": true,
            "MOZ_SERVICES_SYNC": false,
            "MOZ_SWITCHBOARD": true,
            "MOZ_SYSTEM_NSS": false,
            "MOZ_TELEMETRY_ON_BY_DEFAULT": false,
            "MOZ_TELEMETRY_REPORTING": true,
            "MOZ_UNSIGNED_SCOPES": 0,
            "MOZ_UPDATER": false,
            "MOZ_UPDATE_CHANNEL": "release",
            "MOZ_WEBRTC": true,
            "MOZ_WIDGET_GTK": false,
            "MOZ_WIDGET_TOOLKIT": "android",
            "NIGHTLY_BUILD": false,
            "OMNIJAR_NAME": "assets/omni.ja",
            "RELEASE_OR_BETA": true,
            "SOURCE_REVISION_URL": "https://hg.mozilla.org/releases/mozilla-esr68/rev/d2e0b9e17b9bc1ef02606c8006b73293f7892ad5",
            "TELEMETRY_PING_FORMAT_VERSION": 4,
            "XP_UNIX": true,
            "isPlatformAndVersionAtLeast": {},
            "isPlatformAndVersionAtMost": {},
            "platform": "android"
          },
          "asyncAppConstants": {
            "ACCESSIBILITY": true,
            "ANDROID_PACKAGE_NAME": "org.mozilla.firefox",
            "ASAN": false,
            "ASAN_REPORTER": false,
            "BROWSER_CHROME_URL": "chrome://browser/content/browser.xul",
            "DEBUG": false,
            "DEBUG_JS_MODULES": "",
            "DLL_PREFIX": "lib",
            "DLL_SUFFIX": ".so",
            "EARLY_BETA_OR_EARLIER": false,
            "FENNEC_NIGHTLY": false,
            "HAVE_SHELL_SERVICE": false,
            "HAVE_USR_LIB64_DIR": false,
            "MENUBAR_CAN_AUTOHIDE": false,
            "MOZILLA_OFFICIAL": true,
            "MOZ_ALLOW_LEGACY_EXTENSIONS": false,
            "MOZ_ANDROID_ACTIVITY_STREAM": false,
            "MOZ_ANDROID_HISTORY": true,
            "MOZ_ANDROID_MOZILLA_ONLINE": false,
            "MOZ_APP_NAME": "fennec",
            "MOZ_APP_VERSION": "68.1.1",
            "MOZ_APP_VERSION_DISPLAY": "68.1.1",
            "MOZ_BING_API_CLIENTID": "no-bing-api-clientid",
            "MOZ_BING_API_KEY": "no-bing-api-key",
            "MOZ_BITS_DOWNLOAD": false,
            "MOZ_BUILD_APP": "mobile/android",
            "MOZ_CODE_COVERAGE": false,
            "MOZ_CRASHREPORTER": true,
            "MOZ_DATA_REPORTING": true,
            "MOZ_DEV_EDITION": false,
            "MOZ_GECKO_PROFILER": true,
            "MOZ_GOOGLE_LOCATION_SERVICE_API_KEY": "AIzaSyB2h2OuRcUgy5N-5hsZqiPW6sH3n_rptiQ",
            "MOZ_GOOGLE_SAFEBROWSING_API_KEY": "AIzaSyC7jsptDS3am4tPx4r3nxis7IMjBc5Dovo",
            "MOZ_GRAPHENE": false,
            "MOZ_MACBUNDLE_NAME": "Firefox.app",
            "MOZ_MAINTENANCE_SERVICE": false,
            "MOZ_MOZILLA_API_KEY": "3b4d27dd-703d-4094-8398-4de2c763505a",
            "MOZ_NEW_CERT_STORAGE": false,
            "MOZ_NEW_NOTIFICATION_STORE": false,
            "MOZ_NEW_XULSTORE": false,
            "MOZ_OFFICIAL_BRANDING": false,
            "MOZ_PLACES": false,
            "MOZ_REQUIRE_SIGNING": false,
            "MOZ_SANDBOX": false,
            "MOZ_SERVICES_HEALTHREPORT": true,
            "MOZ_SERVICES_SYNC": false,
            "MOZ_SWITCHBOARD": true,
            "MOZ_SYSTEM_NSS": false,
            "MOZ_TELEMETRY_ON_BY_DEFAULT": false,
            "MOZ_TELEMETRY_REPORTING": true,
            "MOZ_UNSIGNED_SCOPES": 0,
            "MOZ_UPDATER": false,
            "MOZ_UPDATE_CHANNEL": "release",
            "MOZ_WEBRTC": true,
            "MOZ_WIDGET_GTK": false,
            "MOZ_WIDGET_TOOLKIT": "android",
            "NIGHTLY_BUILD": false,
            "OMNIJAR_NAME": "assets/omni.ja",
            "RELEASE_OR_BETA": true,
            "SOURCE_REVISION_URL": "https://hg.mozilla.org/releases/mozilla-esr68/rev/d2e0b9e17b9bc1ef02606c8006b73293f7892ad5",
            "TELEMETRY_PING_FORMAT_VERSION": 4,
            "XP_UNIX": true,
            "isPlatformAndVersionAtLeast": {},
            "isPlatformAndVersionAtMost": {},
            "platform": "android"
          },
          "userAgent": "Mozilla/5.0 (Android 8.1.0; Mobile; rv:68.0) Gecko/68.0 Firefox/68.0",
          "windowSize": "360x560"
        },
        "pageinfo": {
          "documentHeight": 10297,
          "documentSize": {
            "decodedBodySize": 36621,
            "encodedBodySize": 9364,
            "transferSize": 11153
          },
          "documentTitle": "Outlook – free personal email and calendar from Microsoft",
          "documentWidth": 360,
          "domElements": 446,
          "navigationStartTime": 1617052553529,
          "nextHopProtocol": "h2",
          "resources": {
            "count": 0,
            "duration": 0
          },
          "responsive": true,
          "url": "https://outlook.live.com/owa/",
          "visualElements": {
            "heroes": [
              {
                "filename": null,
                "height": 218,
                "name": "Heading",
                "width": 313,
                "x": 23,
                "y": 74
              }
            ],
            "viewport": {
              "height": 560,
              "width": 360
            }
          }
        },
        "timings": {
          "firstPaint": 1466,
          "loadEventEnd": 4876,
          "navigationTiming": {
            "connectStart": 292,
            "domComplete": 4875,
            "domContentLoadedEventEnd": 1415,
            "domContentLoadedEventStart": 1404,
            "domInteractive": 1241,
            "domainLookupEnd": 292,
            "domainLookupStart": 292,
            "duration": 4876,
            "fetchStart": 3,
            "loadEventEnd": 4876,
            "loadEventStart": 4875,
            "redirectEnd": 0,
            "redirectStart": 0,
            "requestStart": 438,
            "responseEnd": 466,
            "responseStart": 463,
            "secureConnectionStart": 306,
            "startTime": 0,
            "unloadEventEnd": 0,
            "unloadEventStart": 0,
            "workerStart": 0
          },
          "pageTimings": {
            "backEndTime": 463,
            "domContentLoadedTime": 1404,
            "domInteractiveTime": 1241,
            "domainLookupTime": 0,
            "frontEndTime": 4409,
            "pageDownloadTime": 3,
            "pageLoadTime": 4875,
            "redirectionTime": 0,
            "serverConnectionTime": 145,
            "serverResponseTime": 28
          },
          "rumSpeedIndex": 463,
          "timeToContentfulPaint": 1982,
          "timeToDomContentFlushed": 1244,
          "userTimings": {
            "marks": [],
            "measures": []
          }
        }
      },
      {
        "browser": {
          "appConstants": {
            "ACCESSIBILITY": true,
            "ANDROID_PACKAGE_NAME": "org.mozilla.firefox",
            "ASAN": false,
            "ASAN_REPORTER": false,
            "BROWSER_CHROME_URL": "chrome://browser/content/browser.xul",
            "DEBUG": false,
            "DEBUG_JS_MODULES": "",
            "DLL_PREFIX": "lib",
            "DLL_SUFFIX": ".so",
            "EARLY_BETA_OR_EARLIER": false,
            "FENNEC_NIGHTLY": false,
            "HAVE_SHELL_SERVICE": false,
            "HAVE_USR_LIB64_DIR": false,
            "MENUBAR_CAN_AUTOHIDE": false,
            "MOZILLA_OFFICIAL": true,
            "MOZ_ALLOW_LEGACY_EXTENSIONS": false,
            "MOZ_ANDROID_ACTIVITY_STREAM": false,
            "MOZ_ANDROID_HISTORY": true,
            "MOZ_ANDROID_MOZILLA_ONLINE": false,
            "MOZ_APP_NAME": "fennec",
            "MOZ_APP_VERSION": "68.1.1",
            "MOZ_APP_VERSION_DISPLAY": "68.1.1",
            "MOZ_BING_API_CLIENTID": "no-bing-api-clientid",
            "MOZ_BING_API_KEY": "no-bing-api-key",
            "MOZ_BITS_DOWNLOAD": false,
            "MOZ_BUILD_APP": "mobile/android",
            "MOZ_CODE_COVERAGE": false,
            "MOZ_CRASHREPORTER": true,
            "MOZ_DATA_REPORTING": true,
            "MOZ_DEV_EDITION": false,
            "MOZ_GECKO_PROFILER": true,
            "MOZ_GOOGLE_LOCATION_SERVICE_API_KEY": "AIzaSyB2h2OuRcUgy5N-5hsZqiPW6sH3n_rptiQ",
            "MOZ_GOOGLE_SAFEBROWSING_API_KEY": "AIzaSyC7jsptDS3am4tPx4r3nxis7IMjBc5Dovo",
            "MOZ_GRAPHENE": false,
            "MOZ_MACBUNDLE_NAME": "Firefox.app",
            "MOZ_MAINTENANCE_SERVICE": false,
            "MOZ_MOZILLA_API_KEY": "3b4d27dd-703d-4094-8398-4de2c763505a",
            "MOZ_NEW_CERT_STORAGE": false,
            "MOZ_NEW_NOTIFICATION_STORE": false,
            "MOZ_NEW_XULSTORE": false,
            "MOZ_OFFICIAL_BRANDING": false,
            "MOZ_PLACES": false,
            "MOZ_REQUIRE_SIGNING": false,
            "MOZ_SANDBOX": false,
            "MOZ_SERVICES_HEALTHREPORT": true,
            "MOZ_SERVICES_SYNC": false,
            "MOZ_SWITCHBOARD": true,
            "MOZ_SYSTEM_NSS": false,
            "MOZ_TELEMETRY_ON_BY_DEFAULT": false,
            "MOZ_TELEMETRY_REPORTING": true,
            "MOZ_UNSIGNED_SCOPES": 0,
            "MOZ_UPDATER": false,
            "MOZ_UPDATE_CHANNEL": "release",
            "MOZ_WEBRTC": true,
            "MOZ_WIDGET_GTK": false,
            "MOZ_WIDGET_TOOLKIT": "android",
            "NIGHTLY_BUILD": false,
            "OMNIJAR_NAME": "assets/omni.ja",
            "RELEASE_OR_BETA": true,
            "SOURCE_REVISION_URL": "https://hg.mozilla.org/releases/mozilla-esr68/rev/d2e0b9e17b9bc1ef02606c8006b73293f7892ad5",
            "TELEMETRY_PING_FORMAT_VERSION": 4,
            "XP_UNIX": true,
            "isPlatformAndVersionAtLeast": {},
            "isPlatformAndVersionAtMost": {},
            "platform": "android"
          },
          "asyncAppConstants": {
            "ACCESSIBILITY": true,
            "ANDROID_PACKAGE_NAME": "org.mozilla.firefox",
            "ASAN": false,
            "ASAN_REPORTER": false,
            "BROWSER_CHROME_URL": "chrome://browser/content/browser.xul",
            "DEBUG": false,
            "DEBUG_JS_MODULES": "",
            "DLL_PREFIX": "lib",
            "DLL_SUFFIX": ".so",
            "EARLY_BETA_OR_EARLIER": false,
            "FENNEC_NIGHTLY": false,
            "HAVE_SHELL_SERVICE": false,
            "HAVE_USR_LIB64_DIR": false,
            "MENUBAR_CAN_AUTOHIDE": false,
            "MOZILLA_OFFICIAL": true,
            "MOZ_ALLOW_LEGACY_EXTENSIONS": false,
            "MOZ_ANDROID_ACTIVITY_STREAM": false,
            "MOZ_ANDROID_HISTORY": true,
            "MOZ_ANDROID_MOZILLA_ONLINE": false,
            "MOZ_APP_NAME": "fennec",
            "MOZ_APP_VERSION": "68.1.1",
            "MOZ_APP_VERSION_DISPLAY": "68.1.1",
            "MOZ_BING_API_CLIENTID": "no-bing-api-clientid",
            "MOZ_BING_API_KEY": "no-bing-api-key",
            "MOZ_BITS_DOWNLOAD": false,
            "MOZ_BUILD_APP": "mobile/android",
            "MOZ_CODE_COVERAGE": false,
            "MOZ_CRASHREPORTER": true,
            "MOZ_DATA_REPORTING": true,
            "MOZ_DEV_EDITION": false,
            "MOZ_GECKO_PROFILER": true,
            "MOZ_GOOGLE_LOCATION_SERVICE_API_KEY": "AIzaSyB2h2OuRcUgy5N-5hsZqiPW6sH3n_rptiQ",
            "MOZ_GOOGLE_SAFEBROWSING_API_KEY": "AIzaSyC7jsptDS3am4tPx4r3nxis7IMjBc5Dovo",
            "MOZ_GRAPHENE": false,
            "MOZ_MACBUNDLE_NAME": "Firefox.app",
            "MOZ_MAINTENANCE_SERVICE": false,
            "MOZ_MOZILLA_API_KEY": "3b4d27dd-703d-4094-8398-4de2c763505a",
            "MOZ_NEW_CERT_STORAGE": false,
            "MOZ_NEW_NOTIFICATION_STORE": false,
            "MOZ_NEW_XULSTORE": false,
            "MOZ_OFFICIAL_BRANDING": false,
            "MOZ_PLACES": false,
            "MOZ_REQUIRE_SIGNING": false,
            "MOZ_SANDBOX": false,
            "MOZ_SERVICES_HEALTHREPORT": true,
            "MOZ_SERVICES_SYNC": false,
            "MOZ_SWITCHBOARD": true,
            "MOZ_SYSTEM_NSS": false,
            "MOZ_TELEMETRY_ON_BY_DEFAULT": false,
            "MOZ_TELEMETRY_REPORTING": true,
            "MOZ_UNSIGNED_SCOPES": 0,
            "MOZ_UPDATER": false,
            "MOZ_UPDATE_CHANNEL": "release",
            "MOZ_WEBRTC": true,
            "MOZ_WIDGET_GTK": false,
            "MOZ_WIDGET_TOOLKIT": "android",
            "NIGHTLY_BUILD": false,
            "OMNIJAR_NAME": "assets/omni.ja",
            "RELEASE_OR_BETA": true,
            "SOURCE_REVISION_URL": "https://hg.mozilla.org/releases/mozilla-esr68/rev/d2e0b9e17b9bc1ef02606c8006b73293f7892ad5",
            "TELEMETRY_PING_FORMAT_VERSION": 4,
            "XP_UNIX": true,
            "isPlatformAndVersionAtLeast": {},
            "isPlatformAndVersionAtMost": {},
            "platform": "android"
          },
          "userAgent": "Mozilla/5.0 (Android 8.1.0; Mobile; rv:68.0) Gecko/68.0 Firefox/68.0",
          "windowSize": "360x560"
        },
        "pageinfo": {
          "documentHeight": 10297,
          "documentSize": {
            "decodedBodySize": 36621,
            "encodedBodySize": 9364,
            "transferSize": 11153
          },
          "documentTitle": "Outlook – free personal email and calendar from Microsoft",
          "documentWidth": 360,
          "domElements": 446,
          "navigationStartTime": 1617052577046,
          "nextHopProtocol": "h2",
          "resources": {
            "count": 0,
            "duration": 0
          },
          "responsive": true,
          "url": "https://outlook.live.com/owa/",
          "visualElements": {
            "heroes": [
              {
                "filename": null,
                "height": 218,
                "name": "Heading",
                "width": 313,
                "x": 23,
                "y": 74
              }
            ],
            "viewport": {
              "height": 560,
              "width": 360
            }
          }
        },
        "timings": {
          "firstPaint": 1434,
          "loadEventEnd": 4559,
          "navigationTiming": {
            "connectStart": 38,
            "domComplete": 4558,
            "domContentLoadedEventEnd": 1384,
            "domContentLoadedEventStart": 1374,
            "domInteractive": 1208,
            "domainLookupEnd": 38,
            "domainLookupStart": 38,
            "duration": 4559,
            "fetchStart": 3,
            "loadEventEnd": 4559,
            "loadEventStart": 4558,
            "redirectEnd": 0,
            "redirectStart": 0,
            "requestStart": 176,
            "responseEnd": 208,
            "responseStart": 206,
            "secureConnectionStart": 55,
            "startTime": 0,
            "unloadEventEnd": 0,
            "unloadEventStart": 0,
            "workerStart": 0
          },
          "pageTimings": {
            "backEndTime": 206,
            "domContentLoadedTime": 1374,
            "domInteractiveTime": 1208,
            "domainLookupTime": 0,
            "frontEndTime": 4350,
            "pageDownloadTime": 2,
            "pageLoadTime": 4558,
            "redirectionTime": 0,
            "serverConnectionTime": 137,
            "serverResponseTime": 31
          },
          "rumSpeedIndex": 205,
          "timeToContentfulPaint": 1971,
          "timeToDomContentFlushed": 1211,
          "userTimings": {
            "marks": [],
            "measures": []
          }
        }
      }
    ],
    "visualMetrics": [],
    "cpu": [],
    "extras": [
      {},
      {},
      {}
    ],
    "fullyLoaded": [],
    "errors": [
      [],
      [],
      []
    ],
    "statistics": {
      "browser": {
        "appConstants": {
          "MOZ_UNSIGNED_SCOPES": {
            "median": 0,
            "mean": 0,
            "mdev": 0,
            "stddev": 0,
            "min": 0,
            "p10": 0,
            "p90": 0,
            "p99": 0,
            "max": 0
          },
          "TELEMETRY_PING_FORMAT_VERSION": {
            "median": 4,
            "mean": 4,
            "mdev": 0,
            "stddev": 0,
            "min": 4,
            "p10": 4,
            "p90": 4,
            "p99": 4,
            "max": 4
          }
        },
        "asyncAppConstants": {
          "MOZ_UNSIGNED_SCOPES": {
            "median": 0,
            "mean": 0,
            "mdev": 0,
            "stddev": 0,
            "min": 0,
            "p10": 0,
            "p90": 0,
            "p99": 0,
            "max": 0
          },
          "TELEMETRY_PING_FORMAT_VERSION": {
            "median": 4,
            "mean": 4,
            "mdev": 0,
            "stddev": 0,
            "min": 4,
            "p10": 4,
            "p90": 4,
            "p99": 4,
            "max": 4
          }
        }
      },
      "pageinfo": {
        "documentHeight": {
          "median": 10297,
          "mean": 10297,
          "mdev": 0,
          "stddev": 0,
          "min": 10297,
          "p10": 10297,
          "p90": 10297,
          "p99": 10297,
          "max": 10297
        },
        "documentSize": {
          "decodedBodySize": {
            "median": 36621,
            "mean": 36621,
            "mdev": 0,
            "stddev": 0,
            "min": 36621,
            "p10": 36621,
            "p90": 36621,
            "p99": 36621,
            "max": 36621
          },
          "encodedBodySize": {
            "median": 9364,
            "mean": 9364,
            "mdev": 0,
            "stddev": 0,
            "min": 9364,
            "p10": 9364,
            "p90": 9364,
            "p99": 9364,
            "max": 9364
          },
          "transferSize": {
            "median": 11153,
            "mean": 11232,
            "mdev": 64.7754,
            "stddev": 112,
            "min": 11153,
            "p10": 11153,
            "p90": 11391,
            "p99": 11391,
            "max": 11391
          }
        },
        "documentWidth": {
          "median": 360,
          "mean": 360,
          "mdev": 0,
          "stddev": 0,
          "min": 360,
          "p10": 360,
          "p90": 360,
          "p99": 360,
          "max": 360
        },
        "domElements": {
          "median": 446,
          "mean": 446,
          "mdev": 0,
          "stddev": 0,
          "min": 446,
          "p10": 446,
          "p90": 446,
          "p99": 446,
          "max": 446
        },
        "navigationStartTime": {
          "median": 1617052553529,
          "mean": 1617052552851,
          "mdev": 12612.4091,
          "stddev": 21845,
          "min": 1617052527979,
          "p10": 1617052527979,
          "p90": 1617052577046,
          "p99": 1617052577046,
          "max": 1617052577046
        },
        "resources": {
          "count": {
            "median": 0,
            "mean": 0,
            "mdev": 0,
            "stddev": 0,
            "min": 0,
            "p10": 0,
            "p90": 0,
            "p99": 0,
            "max": 0
          },
          "duration": {
            "median": 0,
            "mean": 0,
            "mdev": 0,
            "stddev": 0,
            "min": 0,
            "p10": 0,
            "p90": 0,
            "p99": 0,
            "max": 0
          }
        },
        "visualElements": {
          "heroes": [
            {
              "height": {
                "median": 218,
                "mean": 218,
                "mdev": 0,
                "stddev": 0,
                "min": 218,
                "p10": 218,
                "p90": 218,
                "p99": 218,
                "max": 218
              },
              "width": {
                "median": 313,
                "mean": 313,
                "mdev": 0,
                "stddev": 0,
                "min": 313,
                "p10": 313,
                "p90": 313,
                "p99": 313,
                "max": 313
              },
              "x": {
                "median": 23,
                "mean": 23,
                "mdev": 0,
                "stddev": 0,
                "min": 23,
                "p10": 23,
                "p90": 23,
                "p99": 23,
                "max": 23
              },
              "y": {
                "median": 74,
                "mean": 74,
                "mdev": 0,
                "stddev": 0,
                "min": 74,
                "p10": 74,
                "p90": 74,
                "p99": 74,
                "max": 74
              }
            }
          ],
          "viewport": {
            "height": {
              "median": 560,
              "mean": 560,
              "mdev": 0,
              "stddev": 0,
              "min": 560,
              "p10": 560,
              "p90": 560,
              "p99": 560,
              "max": 560
            },
            "width": {
              "median": 360,
              "mean": 360,
              "mdev": 0,
              "stddev": 0,
              "min": 360,
              "p10": 360,
              "p90": 360,
              "p99": 360,
              "max": 360
            }
          }
        }
      },
      "timings": {
        "firstPaint": {
          "median": 1434,
          "mean": 1416,
          "mdev": 28.7673,
          "stddev": 50,
          "min": 1348,
          "p10": 1348,
          "p90": 1466,
          "p99": 1466,
          "max": 1466
        },
        "loadEventEnd": {
          "median": 4559,
          "mean": 4574,
          "mdev": 139.1932,
          "stddev": 241,
          "min": 4286,
          "p10": 4286,
          "p90": 4876,
          "p99": 4876,
          "max": 4876
        },
        "navigationTiming": {
          "connectStart": {
            "median": 38,
            "mean": 119,
            "mdev": 70.5303,
            "stddev": 122,
            "min": 28,
            "p10": 28,
            "p90": 292,
            "p99": 292,
            "max": 292
          },
          "domComplete": {
            "median": 4558,
            "mean": 4573,
            "mdev": 139.1932,
            "stddev": 241,
            "min": 4285,
            "p10": 4285,
            "p90": 4875,
            "p99": 4875,
            "max": 4875
          },
          "domContentLoadedEventEnd": {
            "median": 1384,
            "mean": 1365,
            "mdev": 28.838,
            "stddev": 50,
            "min": 1297,
            "p10": 1297,
            "p90": 1415,
            "p99": 1415,
            "max": 1415
          },
          "domContentLoadedEventStart": {
            "median": 1374,
            "mean": 1354,
            "mdev": 29.4392,
            "stddev": 51,
            "min": 1284,
            "p10": 1284,
            "p90": 1404,
            "p99": 1404,
            "max": 1404
          },
          "domInteractive": {
            "median": 1208,
            "mean": 1182,
            "mdev": 35.8278,
            "stddev": 62,
            "min": 1096,
            "p10": 1096,
            "p90": 1241,
            "p99": 1241,
            "max": 1241
          },
          "domainLookupEnd": {
            "median": 38,
            "mean": 119,
            "mdev": 70.6745,
            "stddev": 122,
            "min": 27,
            "p10": 27,
            "p90": 292,
            "p99": 292,
            "max": 292
          },
          "domainLookupStart": {
            "median": 38,
            "mean": 119,
            "mdev": 70.6745,
            "stddev": 122,
            "min": 27,
            "p10": 27,
            "p90": 292,
            "p99": 292,
            "max": 292
          },
          "duration": {
            "median": 4559,
            "mean": 4574,
            "mdev": 139.1932,
            "stddev": 241,
            "min": 4286,
            "p10": 4286,
            "p90": 4876,
            "p99": 4876,
            "max": 4876
          },
          "fetchStart": {
            "median": 3,
            "mean": 3,
            "mdev": 0,
            "stddev": 0,
            "min": 3,
            "p10": 3,
            "p90": 3,
            "p99": 3,
            "max": 3
          },
          "loadEventEnd": {
            "median": 4559,
            "mean": 4574,
            "mdev": 139.1932,
            "stddev": 241,
            "min": 4286,
            "p10": 4286,
            "p90": 4876,
            "p99": 4876,
            "max": 4876
          },
          "loadEventStart": {
            "median": 4558,
            "mean": 4573,
            "mdev": 139.1932,
            "stddev": 241,
            "min": 4285,
            "p10": 4285,
            "p90": 4875,
            "p99": 4875,
            "max": 4875
          },
          "redirectEnd": {
            "median": 0,
            "mean": 0,
            "mdev": 0,
            "stddev": 0,
            "min": 0,
            "p10": 0,
            "p90": 0,
            "p99": 0,
            "max": 0
          },
          "redirectStart": {
            "median": 0,
            "mean": 0,
            "mdev": 0,
            "stddev": 0,
            "min": 0,
            "p10": 0,
            "p90": 0,
            "p99": 0,
            "max": 0
          },
          "requestStart": {
            "median": 190,
            "mean": 268,
            "mdev": 69.4806,
            "stddev": 120,
            "min": 176,
            "p10": 176,
            "p90": 438,
            "p99": 438,
            "max": 438
          },
          "responseEnd": {
            "median": 245,
            "mean": 306,
            "mdev": 65.7645,
            "stddev": 114,
            "min": 208,
            "p10": 208,
            "p90": 466,
            "p99": 466,
            "max": 466
          },
          "responseStart": {
            "median": 241,
            "mean": 303,
            "mdev": 65.7036,
            "stddev": 114,
            "min": 206,
            "p10": 206,
            "p90": 463,
            "p99": 463,
            "max": 463
          },
          "secureConnectionStart": {
            "median": 55,
            "mean": 134,
            "mdev": 70.4436,
            "stddev": 122,
            "min": 40,
            "p10": 40,
            "p90": 306,
            "p99": 306,
            "max": 306
          },
          "startTime": {
            "median": 0,
            "mean": 0,
            "mdev": 0,
            "stddev": 0,
            "min": 0,
            "p10": 0,
            "p90": 0,
            "p99": 0,
            "max": 0
          },
          "unloadEventEnd": {
            "median": 0,
            "mean": 0,
            "mdev": 0,
            "stddev": 0,
            "min": 0,
            "p10": 0,
            "p90": 0,
            "p99": 0,
            "max": 0
          },
          "unloadEventStart": {
            "median": 0,
            "mean": 0,
            "mdev": 0,
            "stddev": 0,
            "min": 0,
            "p10": 0,
            "p90": 0,
            "p99": 0,
            "max": 0
          },
          "workerStart": {
            "median": 0,
            "mean": 0,
            "mdev": 0,
            "stddev": 0,
            "min": 0,
            "p10": 0,
            "p90": 0,
            "p99": 0,
            "max": 0
          }
        },
        "pageTimings": {
          "backEndTime": {
            "median": 241,
            "mean": 303,
            "mdev": 65.7036,
            "stddev": 114,
            "min": 206,
            "p10": 206,
            "p90": 463,
            "p99": 463,
            "max": 463
          },
          "domContentLoadedTime": {
            "median": 1374,
            "mean": 1354,
            "mdev": 29.4392,
            "stddev": 51,
            "min": 1284,
            "p10": 1284,
            "p90": 1404,
            "p99": 1404,
            "max": 1404
          },
          "domInteractiveTime": {
            "median": 1208,
            "mean": 1182,
            "mdev": 35.8278,
            "stddev": 62,
            "min": 1096,
            "p10": 1096,
            "p90": 1241,
            "p99": 1241,
            "max": 1241
          },
          "domainLookupTime": {
            "median": 0,
            "mean": 0,
            "mdev": 0,
            "stddev": 0,
            "min": 0,
            "p10": 0,
            "p90": 0,
            "p99": 0,
            "max": 0
          },
          "frontEndTime": {
            "median": 4350,
            "mean": 4266,
            "mdev": 93.4408,
            "stddev": 162,
            "min": 4040,
            "p10": 4040,
            "p90": 4409,
            "p99": 4409,
            "max": 4409
          },
          "pageDownloadTime": {
            "median": 3,
            "mean": 3,
            "mdev": 0.4714,
            "stddev": 1,
            "min": 2,
            "p10": 2,
            "p90": 4,
            "p99": 4,
            "max": 4
          },
          "pageLoadTime": {
            "median": 4558,
            "mean": 4573,
            "mdev": 139.1932,
            "stddev": 241,
            "min": 4285,
            "p10": 4285,
            "p90": 4875,
            "p99": 4875,
            "max": 4875
          },
          "redirectionTime": {
            "median": 0,
            "mean": 0,
            "mdev": 0,
            "stddev": 0,
            "min": 0,
            "p10": 0,
            "p90": 0,
            "p99": 0,
            "max": 0
          },
          "serverConnectionTime": {
            "median": 145,
            "mean": 148,
            "mdev": 5.7607,
            "stddev": 10,
            "min": 137,
            "p10": 137,
            "p90": 161,
            "p99": 161,
            "max": 161
          },
          "serverResponseTime": {
            "median": 31,
            "mean": 38,
            "mdev": 6.9761,
            "stddev": 12,
            "min": 28,
            "p10": 28,
            "p90": 55,
            "p99": 55,
            "max": 55
          }
        },
        "rumSpeedIndex": {
          "median": 240,
          "mean": 303,
          "mdev": 65.9736,
          "stddev": 114,
          "min": 205,
          "p10": 205,
          "p90": 463,
          "p99": 463,
          "max": 463
        },
        "timeToContentfulPaint": {
          "median": 1971,
          "mean": 1944,
          "mdev": 26.9334,
          "stddev": 47,
          "min": 1878,
          "p10": 1878,
          "p90": 1982,
          "p99": 1982,
          "max": 1982
        },
        "timeToDomContentFlushed": {
          "median": 1211,
          "mean": 1186,
          "mdev": 35.0312,
          "stddev": 61,
          "min": 1102,
          "p10": 1102,
          "p90": 1244,
          "p99": 1244,
          "max": 1244
        }
      }
    }
  }
]