[
  {
    "info": {
      "browsertime": {
        "version": "8.4.0"
      },
      "url": "https://wordpress.com/",
      "timestamp": "2021-03-30T04:07:18+04:00",
      "connectivity": {
        "engine": "external",
        "profile": "native"
      },
      "extra": {}
    },
    "files": {
      "video": [],
      "screenshot": [],
      "timeline": [],
      "consoleLog": [],
      "netLog": [],
      "perfLog": []
    },
    "cdp": {
      "performance": []
    },
    "timestamps": [
      "2021-03-30T04:06:57+04:00",
      "2021-03-30T04:07:41+04:00",
      "2021-03-30T04:08:09+04:00"
    ],
    "browserScripts": [
      {
        "browser": {
          "appConstants": {
            "ACCESSIBILITY": true,
            "ANDROID_PACKAGE_NAME": "org.mozilla.firefox",
            "ASAN": false,
            "ASAN_REPORTER": false,
            "BROWSER_CHROME_URL": "chrome://browser/content/browser.xul",
            "DEBUG": false,
            "DEBUG_JS_MODULES": "",
            "DLL_PREFIX": "lib",
            "DLL_SUFFIX": ".so",
            "EARLY_BETA_OR_EARLIER": false,
            "FENNEC_NIGHTLY": false,
            "HAVE_SHELL_SERVICE": false,
            "HAVE_USR_LIB64_DIR": false,
            "MENUBAR_CAN_AUTOHIDE": false,
            "MOZILLA_OFFICIAL": true,
            "MOZ_ALLOW_LEGACY_EXTENSIONS": false,
            "MOZ_ANDROID_ACTIVITY_STREAM": false,
            "MOZ_ANDROID_HISTORY": true,
            "MOZ_ANDROID_MOZILLA_ONLINE": false,
            "MOZ_APP_NAME": "fennec",
            "MOZ_APP_VERSION": "68.1.1",
            "MOZ_APP_VERSION_DISPLAY": "68.1.1",
            "MOZ_BING_API_CLIENTID": "no-bing-api-clientid",
            "MOZ_BING_API_KEY": "no-bing-api-key",
            "MOZ_BITS_DOWNLOAD": false,
            "MOZ_BUILD_APP": "mobile/android",
            "MOZ_CODE_COVERAGE": false,
            "MOZ_CRASHREPORTER": true,
            "MOZ_DATA_REPORTING": true,
            "MOZ_DEV_EDITION": false,
            "MOZ_GECKO_PROFILER": true,
            "MOZ_GOOGLE_LOCATION_SERVICE_API_KEY": "AIzaSyB2h2OuRcUgy5N-5hsZqiPW6sH3n_rptiQ",
            "MOZ_GOOGLE_SAFEBROWSING_API_KEY": "AIzaSyC7jsptDS3am4tPx4r3nxis7IMjBc5Dovo",
            "MOZ_GRAPHENE": false,
            "MOZ_MACBUNDLE_NAME": "Firefox.app",
            "MOZ_MAINTENANCE_SERVICE": false,
            "MOZ_MOZILLA_API_KEY": "3b4d27dd-703d-4094-8398-4de2c763505a",
            "MOZ_NEW_CERT_STORAGE": false,
            "MOZ_NEW_NOTIFICATION_STORE": false,
            "MOZ_NEW_XULSTORE": false,
            "MOZ_OFFICIAL_BRANDING": false,
            "MOZ_PLACES": false,
            "MOZ_REQUIRE_SIGNING": false,
            "MOZ_SANDBOX": false,
            "MOZ_SERVICES_HEALTHREPORT": true,
            "MOZ_SERVICES_SYNC": false,
            "MOZ_SWITCHBOARD": true,
            "MOZ_SYSTEM_NSS": false,
            "MOZ_TELEMETRY_ON_BY_DEFAULT": false,
            "MOZ_TELEMETRY_REPORTING": true,
            "MOZ_UNSIGNED_SCOPES": 0,
            "MOZ_UPDATER": false,
            "MOZ_UPDATE_CHANNEL": "release",
            "MOZ_WEBRTC": true,
            "MOZ_WIDGET_GTK": false,
            "MOZ_WIDGET_TOOLKIT": "android",
            "NIGHTLY_BUILD": false,
            "OMNIJAR_NAME": "assets/omni.ja",
            "RELEASE_OR_BETA": true,
            "SOURCE_REVISION_URL": "https://hg.mozilla.org/releases/mozilla-esr68/rev/d2e0b9e17b9bc1ef02606c8006b73293f7892ad5",
            "TELEMETRY_PING_FORMAT_VERSION": 4,
            "XP_UNIX": true,
            "isPlatformAndVersionAtLeast": {},
            "isPlatformAndVersionAtMost": {},
            "platform": "android"
          },
          "asyncAppConstants": {
            "ACCESSIBILITY": true,
            "ANDROID_PACKAGE_NAME": "org.mozilla.firefox",
            "ASAN": false,
            "ASAN_REPORTER": false,
            "BROWSER_CHROME_URL": "chrome://browser/content/browser.xul",
            "DEBUG": false,
            "DEBUG_JS_MODULES": "",
            "DLL_PREFIX": "lib",
            "DLL_SUFFIX": ".so",
            "EARLY_BETA_OR_EARLIER": false,
            "FENNEC_NIGHTLY": false,
            "HAVE_SHELL_SERVICE": false,
            "HAVE_USR_LIB64_DIR": false,
            "MENUBAR_CAN_AUTOHIDE": false,
            "MOZILLA_OFFICIAL": true,
            "MOZ_ALLOW_LEGACY_EXTENSIONS": false,
            "MOZ_ANDROID_ACTIVITY_STREAM": false,
            "MOZ_ANDROID_HISTORY": true,
            "MOZ_ANDROID_MOZILLA_ONLINE": false,
            "MOZ_APP_NAME": "fennec",
            "MOZ_APP_VERSION": "68.1.1",
            "MOZ_APP_VERSION_DISPLAY": "68.1.1",
            "MOZ_BING_API_CLIENTID": "no-bing-api-clientid",
            "MOZ_BING_API_KEY": "no-bing-api-key",
            "MOZ_BITS_DOWNLOAD": false,
            "MOZ_BUILD_APP": "mobile/android",
            "MOZ_CODE_COVERAGE": false,
            "MOZ_CRASHREPORTER": true,
            "MOZ_DATA_REPORTING": true,
            "MOZ_DEV_EDITION": false,
            "MOZ_GECKO_PROFILER": true,
            "MOZ_GOOGLE_LOCATION_SERVICE_API_KEY": "AIzaSyB2h2OuRcUgy5N-5hsZqiPW6sH3n_rptiQ",
            "MOZ_GOOGLE_SAFEBROWSING_API_KEY": "AIzaSyC7jsptDS3am4tPx4r3nxis7IMjBc5Dovo",
            "MOZ_GRAPHENE": false,
            "MOZ_MACBUNDLE_NAME": "Firefox.app",
            "MOZ_MAINTENANCE_SERVICE": false,
            "MOZ_MOZILLA_API_KEY": "3b4d27dd-703d-4094-8398-4de2c763505a",
            "MOZ_NEW_CERT_STORAGE": false,
            "MOZ_NEW_NOTIFICATION_STORE": false,
            "MOZ_NEW_XULSTORE": false,
            "MOZ_OFFICIAL_BRANDING": false,
            "MOZ_PLACES": false,
            "MOZ_REQUIRE_SIGNING": false,
            "MOZ_SANDBOX": false,
            "MOZ_SERVICES_HEALTHREPORT": true,
            "MOZ_SERVICES_SYNC": false,
            "MOZ_SWITCHBOARD": true,
            "MOZ_SYSTEM_NSS": false,
            "MOZ_TELEMETRY_ON_BY_DEFAULT": false,
            "MOZ_TELEMETRY_REPORTING": true,
            "MOZ_UNSIGNED_SCOPES": 0,
            "MOZ_UPDATER": false,
            "MOZ_UPDATE_CHANNEL": "release",
            "MOZ_WEBRTC": true,
            "MOZ_WIDGET_GTK": false,
            "MOZ_WIDGET_TOOLKIT": "android",
            "NIGHTLY_BUILD": false,
            "OMNIJAR_NAME": "assets/omni.ja",
            "RELEASE_OR_BETA": true,
            "SOURCE_REVISION_URL": "https://hg.mozilla.org/releases/mozilla-esr68/rev/d2e0b9e17b9bc1ef02606c8006b73293f7892ad5",
            "TELEMETRY_PING_FORMAT_VERSION": 4,
            "XP_UNIX": true,
            "isPlatformAndVersionAtLeast": {},
            "isPlatformAndVersionAtMost": {},
            "platform": "android"
          },
          "userAgent": "Mozilla/5.0 (Android 8.1.0; Mobile; rv:68.0) Gecko/68.0 Firefox/68.0",
          "windowSize": "360x560"
        },
        "pageinfo": {
          "documentHeight": 16240,
          "documentSize": {
            "decodedBodySize": 216614,
            "encodedBodySize": 39360,
            "transferSize": 40405
          },
          "documentTitle": "WordPress.com: Create a Free Website or Blog",
          "documentWidth": 360,
          "domElements": 1494,
          "navigationStartTime": 1617062818102,
          "nextHopProtocol": "h2",
          "resources": {
            "count": 0,
            "duration": 0
          },
          "responsive": true,
          "url": "https://wordpress.com/",
          "visualElements": {
            "heroes": [
              {
                "filename": "desktop-website-v2.jpg?ssl=1",
                "height": 131,
                "name": "LargestImage",
                "width": 184,
                "x": 113,
                "y": 535
              },
              {
                "filename": null,
                "height": 150,
                "name": "Heading",
                "width": 320,
                "x": 20,
                "y": 30
              }
            ],
            "viewport": {
              "height": 560,
              "width": 360
            }
          }
        },
        "timings": {
          "firstPaint": 2661,
          "loadEventEnd": 13269,
          "navigationTiming": {
            "connectStart": 38,
            "domComplete": 13227,
            "domContentLoadedEventEnd": 8741,
            "domContentLoadedEventStart": 8714,
            "domInteractive": 2267,
            "domainLookupEnd": 38,
            "domainLookupStart": 37,
            "duration": 13269,
            "fetchStart": 3,
            "loadEventEnd": 13269,
            "loadEventStart": 13227,
            "redirectEnd": 0,
            "redirectStart": 0,
            "requestStart": 389,
            "responseEnd": 797,
            "responseStart": 797,
            "secureConnectionStart": 173,
            "startTime": 0,
            "unloadEventEnd": 0,
            "unloadEventStart": 0,
            "workerStart": 0
          },
          "pageTimings": {
            "backEndTime": 797,
            "domContentLoadedTime": 8714,
            "domInteractiveTime": 2267,
            "domainLookupTime": 0,
            "frontEndTime": 12430,
            "pageDownloadTime": 0,
            "pageLoadTime": 13227,
            "redirectionTime": 0,
            "serverConnectionTime": 350,
            "serverResponseTime": 408
          },
          "rumSpeedIndex": 796,
          "timeToContentfulPaint": 2922,
          "timeToDomContentFlushed": 8683,
          "timeToFirstInteractive": 13488,
          "userTimings": {
            "marks": [],
            "measures": []
          }
        }
      },
      {
        "browser": {
          "appConstants": {
            "ACCESSIBILITY": true,
            "ANDROID_PACKAGE_NAME": "org.mozilla.firefox",
            "ASAN": false,
            "ASAN_REPORTER": false,
            "BROWSER_CHROME_URL": "chrome://browser/content/browser.xul",
            "DEBUG": false,
            "DEBUG_JS_MODULES": "",
            "DLL_PREFIX": "lib",
            "DLL_SUFFIX": ".so",
            "EARLY_BETA_OR_EARLIER": false,
            "FENNEC_NIGHTLY": false,
            "HAVE_SHELL_SERVICE": false,
            "HAVE_USR_LIB64_DIR": false,
            "MENUBAR_CAN_AUTOHIDE": false,
            "MOZILLA_OFFICIAL": true,
            "MOZ_ALLOW_LEGACY_EXTENSIONS": false,
            "MOZ_ANDROID_ACTIVITY_STREAM": false,
            "MOZ_ANDROID_HISTORY": true,
            "MOZ_ANDROID_MOZILLA_ONLINE": false,
            "MOZ_APP_NAME": "fennec",
            "MOZ_APP_VERSION": "68.1.1",
            "MOZ_APP_VERSION_DISPLAY": "68.1.1",
            "MOZ_BING_API_CLIENTID": "no-bing-api-clientid",
            "MOZ_BING_API_KEY": "no-bing-api-key",
            "MOZ_BITS_DOWNLOAD": false,
            "MOZ_BUILD_APP": "mobile/android",
            "MOZ_CODE_COVERAGE": false,
            "MOZ_CRASHREPORTER": true,
            "MOZ_DATA_REPORTING": true,
            "MOZ_DEV_EDITION": false,
            "MOZ_GECKO_PROFILER": true,
            "MOZ_GOOGLE_LOCATION_SERVICE_API_KEY": "AIzaSyB2h2OuRcUgy5N-5hsZqiPW6sH3n_rptiQ",
            "MOZ_GOOGLE_SAFEBROWSING_API_KEY": "AIzaSyC7jsptDS3am4tPx4r3nxis7IMjBc5Dovo",
            "MOZ_GRAPHENE": false,
            "MOZ_MACBUNDLE_NAME": "Firefox.app",
            "MOZ_MAINTENANCE_SERVICE": false,
            "MOZ_MOZILLA_API_KEY": "3b4d27dd-703d-4094-8398-4de2c763505a",
            "MOZ_NEW_CERT_STORAGE": false,
            "MOZ_NEW_NOTIFICATION_STORE": false,
            "MOZ_NEW_XULSTORE": false,
            "MOZ_OFFICIAL_BRANDING": false,
            "MOZ_PLACES": false,
            "MOZ_REQUIRE_SIGNING": false,
            "MOZ_SANDBOX": false,
            "MOZ_SERVICES_HEALTHREPORT": true,
            "MOZ_SERVICES_SYNC": false,
            "MOZ_SWITCHBOARD": true,
            "MOZ_SYSTEM_NSS": false,
            "MOZ_TELEMETRY_ON_BY_DEFAULT": false,
            "MOZ_TELEMETRY_REPORTING": true,
            "MOZ_UNSIGNED_SCOPES": 0,
            "MOZ_UPDATER": false,
            "MOZ_UPDATE_CHANNEL": "release",
            "MOZ_WEBRTC": true,
            "MOZ_WIDGET_GTK": false,
            "MOZ_WIDGET_TOOLKIT": "android",
            "NIGHTLY_BUILD": false,
            "OMNIJAR_NAME": "assets/omni.ja",
            "RELEASE_OR_BETA": true,
            "SOURCE_REVISION_URL": "https://hg.mozilla.org/releases/mozilla-esr68/rev/d2e0b9e17b9bc1ef02606c8006b73293f7892ad5",
            "TELEMETRY_PING_FORMAT_VERSION": 4,
            "XP_UNIX": true,
            "isPlatformAndVersionAtLeast": {},
            "isPlatformAndVersionAtMost": {},
            "platform": "android"
          },
          "asyncAppConstants": {
            "ACCESSIBILITY": true,
            "ANDROID_PACKAGE_NAME": "org.mozilla.firefox",
            "ASAN": false,
            "ASAN_REPORTER": false,
            "BROWSER_CHROME_URL": "chrome://browser/content/browser.xul",
            "DEBUG": false,
            "DEBUG_JS_MODULES": "",
            "DLL_PREFIX": "lib",
            "DLL_SUFFIX": ".so",
            "EARLY_BETA_OR_EARLIER": false,
            "FENNEC_NIGHTLY": false,
            "HAVE_SHELL_SERVICE": false,
            "HAVE_USR_LIB64_DIR": false,
            "MENUBAR_CAN_AUTOHIDE": false,
            "MOZILLA_OFFICIAL": true,
            "MOZ_ALLOW_LEGACY_EXTENSIONS": false,
            "MOZ_ANDROID_ACTIVITY_STREAM": false,
            "MOZ_ANDROID_HISTORY": true,
            "MOZ_ANDROID_MOZILLA_ONLINE": false,
            "MOZ_APP_NAME": "fennec",
            "MOZ_APP_VERSION": "68.1.1",
            "MOZ_APP_VERSION_DISPLAY": "68.1.1",
            "MOZ_BING_API_CLIENTID": "no-bing-api-clientid",
            "MOZ_BING_API_KEY": "no-bing-api-key",
            "MOZ_BITS_DOWNLOAD": false,
            "MOZ_BUILD_APP": "mobile/android",
            "MOZ_CODE_COVERAGE": false,
            "MOZ_CRASHREPORTER": true,
            "MOZ_DATA_REPORTING": true,
            "MOZ_DEV_EDITION": false,
            "MOZ_GECKO_PROFILER": true,
            "MOZ_GOOGLE_LOCATION_SERVICE_API_KEY": "AIzaSyB2h2OuRcUgy5N-5hsZqiPW6sH3n_rptiQ",
            "MOZ_GOOGLE_SAFEBROWSING_API_KEY": "AIzaSyC7jsptDS3am4tPx4r3nxis7IMjBc5Dovo",
            "MOZ_GRAPHENE": false,
            "MOZ_MACBUNDLE_NAME": "Firefox.app",
            "MOZ_MAINTENANCE_SERVICE": false,
            "MOZ_MOZILLA_API_KEY": "3b4d27dd-703d-4094-8398-4de2c763505a",
            "MOZ_NEW_CERT_STORAGE": false,
            "MOZ_NEW_NOTIFICATION_STORE": false,
            "MOZ_NEW_XULSTORE": false,
            "MOZ_OFFICIAL_BRANDING": false,
            "MOZ_PLACES": false,
            "MOZ_REQUIRE_SIGNING": false,
            "MOZ_SANDBOX": false,
            "MOZ_SERVICES_HEALTHREPORT": true,
            "MOZ_SERVICES_SYNC": false,
            "MOZ_SWITCHBOARD": true,
            "MOZ_SYSTEM_NSS": false,
            "MOZ_TELEMETRY_ON_BY_DEFAULT": false,
            "MOZ_TELEMETRY_REPORTING": true,
            "MOZ_UNSIGNED_SCOPES": 0,
            "MOZ_UPDATER": false,
            "MOZ_UPDATE_CHANNEL": "release",
            "MOZ_WEBRTC": true,
            "MOZ_WIDGET_GTK": false,
            "MOZ_WIDGET_TOOLKIT": "android",
            "NIGHTLY_BUILD": false,
            "OMNIJAR_NAME": "assets/omni.ja",
            "RELEASE_OR_BETA": true,
            "SOURCE_REVISION_URL": "https://hg.mozilla.org/releases/mozilla-esr68/rev/d2e0b9e17b9bc1ef02606c8006b73293f7892ad5",
            "TELEMETRY_PING_FORMAT_VERSION": 4,
            "XP_UNIX": true,
            "isPlatformAndVersionAtLeast": {},
            "isPlatformAndVersionAtMost": {},
            "platform": "android"
          },
          "userAgent": "Mozilla/5.0 (Android 8.1.0; Mobile; rv:68.0) Gecko/68.0 Firefox/68.0",
          "windowSize": "360x560"
        },
        "pageinfo": {
          "documentHeight": 16240,
          "documentSize": {
            "decodedBodySize": 216614,
            "encodedBodySize": 39360,
            "transferSize": 40393
          },
          "documentTitle": "WordPress.com: Create a Free Website or Blog",
          "documentWidth": 360,
          "domElements": 1494,
          "navigationStartTime": 1617062861934,
          "nextHopProtocol": "h2",
          "resources": {
            "count": 0,
            "duration": 0
          },
          "responsive": true,
          "url": "https://wordpress.com/",
          "visualElements": {
            "heroes": [
              {
                "filename": "desktop-website-v2.jpg?ssl=1",
                "height": 131,
                "name": "LargestImage",
                "width": 184,
                "x": 113,
                "y": 535
              },
              {
                "filename": null,
                "height": 150,
                "name": "Heading",
                "width": 320,
                "x": 20,
                "y": 30
              }
            ],
            "viewport": {
              "height": 560,
              "width": 360
            }
          }
        },
        "timings": {
          "firstPaint": 2162,
          "loadEventEnd": 9725,
          "navigationTiming": {
            "connectStart": 34,
            "domComplete": 9687,
            "domContentLoadedEventEnd": 2880,
            "domContentLoadedEventStart": 2826,
            "domInteractive": 1873,
            "domainLookupEnd": 32,
            "domainLookupStart": 32,
            "duration": 9725,
            "fetchStart": 3,
            "loadEventEnd": 9725,
            "loadEventStart": 9687,
            "redirectEnd": 0,
            "redirectStart": 0,
            "requestStart": 339,
            "responseEnd": 631,
            "responseStart": 631,
            "secureConnectionStart": 147,
            "startTime": 0,
            "unloadEventEnd": 0,
            "unloadEventStart": 0,
            "workerStart": 0
          },
          "pageTimings": {
            "backEndTime": 631,
            "domContentLoadedTime": 2826,
            "domInteractiveTime": 1873,
            "domainLookupTime": 0,
            "frontEndTime": 9056,
            "pageDownloadTime": 0,
            "pageLoadTime": 9687,
            "redirectionTime": 0,
            "serverConnectionTime": 304,
            "serverResponseTime": 291
          },
          "rumSpeedIndex": 630,
          "timeToContentfulPaint": 2443,
          "timeToDomContentFlushed": 2696,
          "timeToFirstInteractive": 9821,
          "userTimings": {
            "marks": [],
            "measures": []
          }
        }
      },
      {
        "browser": {
          "appConstants": {
            "ACCESSIBILITY": true,
            "ANDROID_PACKAGE_NAME": "org.mozilla.firefox",
            "ASAN": false,
            "ASAN_REPORTER": false,
            "BROWSER_CHROME_URL": "chrome://browser/content/browser.xul",
            "DEBUG": false,
            "DEBUG_JS_MODULES": "",
            "DLL_PREFIX": "lib",
            "DLL_SUFFIX": ".so",
            "EARLY_BETA_OR_EARLIER": false,
            "FENNEC_NIGHTLY": false,
            "HAVE_SHELL_SERVICE": false,
            "HAVE_USR_LIB64_DIR": false,
            "MENUBAR_CAN_AUTOHIDE": false,
            "MOZILLA_OFFICIAL": true,
            "MOZ_ALLOW_LEGACY_EXTENSIONS": false,
            "MOZ_ANDROID_ACTIVITY_STREAM": false,
            "MOZ_ANDROID_HISTORY": true,
            "MOZ_ANDROID_MOZILLA_ONLINE": false,
            "MOZ_APP_NAME": "fennec",
            "MOZ_APP_VERSION": "68.1.1",
            "MOZ_APP_VERSION_DISPLAY": "68.1.1",
            "MOZ_BING_API_CLIENTID": "no-bing-api-clientid",
            "MOZ_BING_API_KEY": "no-bing-api-key",
            "MOZ_BITS_DOWNLOAD": false,
            "MOZ_BUILD_APP": "mobile/android",
            "MOZ_CODE_COVERAGE": false,
            "MOZ_CRASHREPORTER": true,
            "MOZ_DATA_REPORTING": true,
            "MOZ_DEV_EDITION": false,
            "MOZ_GECKO_PROFILER": true,
            "MOZ_GOOGLE_LOCATION_SERVICE_API_KEY": "AIzaSyB2h2OuRcUgy5N-5hsZqiPW6sH3n_rptiQ",
            "MOZ_GOOGLE_SAFEBROWSING_API_KEY": "AIzaSyC7jsptDS3am4tPx4r3nxis7IMjBc5Dovo",
            "MOZ_GRAPHENE": false,
            "MOZ_MACBUNDLE_NAME": "Firefox.app",
            "MOZ_MAINTENANCE_SERVICE": false,
            "MOZ_MOZILLA_API_KEY": "3b4d27dd-703d-4094-8398-4de2c763505a",
            "MOZ_NEW_CERT_STORAGE": false,
            "MOZ_NEW_NOTIFICATION_STORE": false,
            "MOZ_NEW_XULSTORE": false,
            "MOZ_OFFICIAL_BRANDING": false,
            "MOZ_PLACES": false,
            "MOZ_REQUIRE_SIGNING": false,
            "MOZ_SANDBOX": false,
            "MOZ_SERVICES_HEALTHREPORT": true,
            "MOZ_SERVICES_SYNC": false,
            "MOZ_SWITCHBOARD": true,
            "MOZ_SYSTEM_NSS": false,
            "MOZ_TELEMETRY_ON_BY_DEFAULT": false,
            "MOZ_TELEMETRY_REPORTING": true,
            "MOZ_UNSIGNED_SCOPES": 0,
            "MOZ_UPDATER": false,
            "MOZ_UPDATE_CHANNEL": "release",
            "MOZ_WEBRTC": true,
            "MOZ_WIDGET_GTK": false,
            "MOZ_WIDGET_TOOLKIT": "android",
            "NIGHTLY_BUILD": false,
            "OMNIJAR_NAME": "assets/omni.ja",
            "RELEASE_OR_BETA": true,
            "SOURCE_REVISION_URL": "https://hg.mozilla.org/releases/mozilla-esr68/rev/d2e0b9e17b9bc1ef02606c8006b73293f7892ad5",
            "TELEMETRY_PING_FORMAT_VERSION": 4,
            "XP_UNIX": true,
            "isPlatformAndVersionAtLeast": {},
            "isPlatformAndVersionAtMost": {},
            "platform": "android"
          },
          "asyncAppConstants": {
            "ACCESSIBILITY": true,
            "ANDROID_PACKAGE_NAME": "org.mozilla.firefox",
            "ASAN": false,
            "ASAN_REPORTER": false,
            "BROWSER_CHROME_URL": "chrome://browser/content/browser.xul",
            "DEBUG": false,
            "DEBUG_JS_MODULES": "",
            "DLL_PREFIX": "lib",
            "DLL_SUFFIX": ".so",
            "EARLY_BETA_OR_EARLIER": false,
            "FENNEC_NIGHTLY": false,
            "HAVE_SHELL_SERVICE": false,
            "HAVE_USR_LIB64_DIR": false,
            "MENUBAR_CAN_AUTOHIDE": false,
            "MOZILLA_OFFICIAL": true,
            "MOZ_ALLOW_LEGACY_EXTENSIONS": false,
            "MOZ_ANDROID_ACTIVITY_STREAM": false,
            "MOZ_ANDROID_HISTORY": true,
            "MOZ_ANDROID_MOZILLA_ONLINE": false,
            "MOZ_APP_NAME": "fennec",
            "MOZ_APP_VERSION": "68.1.1",
            "MOZ_APP_VERSION_DISPLAY": "68.1.1",
            "MOZ_BING_API_CLIENTID": "no-bing-api-clientid",
            "MOZ_BING_API_KEY": "no-bing-api-key",
            "MOZ_BITS_DOWNLOAD": false,
            "MOZ_BUILD_APP": "mobile/android",
            "MOZ_CODE_COVERAGE": false,
            "MOZ_CRASHREPORTER": true,
            "MOZ_DATA_REPORTING": true,
            "MOZ_DEV_EDITION": false,
            "MOZ_GECKO_PROFILER": true,
            "MOZ_GOOGLE_LOCATION_SERVICE_API_KEY": "AIzaSyB2h2OuRcUgy5N-5hsZqiPW6sH3n_rptiQ",
            "MOZ_GOOGLE_SAFEBROWSING_API_KEY": "AIzaSyC7jsptDS3am4tPx4r3nxis7IMjBc5Dovo",
            "MOZ_GRAPHENE": false,
            "MOZ_MACBUNDLE_NAME": "Firefox.app",
            "MOZ_MAINTENANCE_SERVICE": false,
            "MOZ_MOZILLA_API_KEY": "3b4d27dd-703d-4094-8398-4de2c763505a",
            "MOZ_NEW_CERT_STORAGE": false,
            "MOZ_NEW_NOTIFICATION_STORE": false,
            "MOZ_NEW_XULSTORE": false,
            "MOZ_OFFICIAL_BRANDING": false,
            "MOZ_PLACES": false,
            "MOZ_REQUIRE_SIGNING": false,
            "MOZ_SANDBOX": false,
            "MOZ_SERVICES_HEALTHREPORT": true,
            "MOZ_SERVICES_SYNC": false,
            "MOZ_SWITCHBOARD": true,
            "MOZ_SYSTEM_NSS": false,
            "MOZ_TELEMETRY_ON_BY_DEFAULT": false,
            "MOZ_TELEMETRY_REPORTING": true,
            "MOZ_UNSIGNED_SCOPES": 0,
            "MOZ_UPDATER": false,
            "MOZ_UPDATE_CHANNEL": "release",
            "MOZ_WEBRTC": true,
            "MOZ_WIDGET_GTK": false,
            "MOZ_WIDGET_TOOLKIT": "android",
            "NIGHTLY_BUILD": false,
            "OMNIJAR_NAME": "assets/omni.ja",
            "RELEASE_OR_BETA": true,
            "SOURCE_REVISION_URL": "https://hg.mozilla.org/releases/mozilla-esr68/rev/d2e0b9e17b9bc1ef02606c8006b73293f7892ad5",
            "TELEMETRY_PING_FORMAT_VERSION": 4,
            "XP_UNIX": true,
            "isPlatformAndVersionAtLeast": {},
            "isPlatformAndVersionAtMost": {},
            "platform": "android"
          },
          "userAgent": "Mozilla/5.0 (Android 8.1.0; Mobile; rv:68.0) Gecko/68.0 Firefox/68.0",
          "windowSize": "360x560"
        },
        "pageinfo": {
          "documentHeight": 16240,
          "documentSize": {
            "decodedBodySize": 216614,
            "encodedBodySize": 39360,
            "transferSize": 40409
          },
          "documentTitle": "WordPress.com: Create a Free Website or Blog",
          "documentWidth": 360,
          "domElements": 1494,
          "navigationStartTime": 1617062889785,
          "nextHopProtocol": "h2",
          "resources": {
            "count": 0,
            "duration": 0
          },
          "responsive": true,
          "url": "https://wordpress.com/",
          "visualElements": {
            "heroes": [
              {
                "filename": "desktop-website-v2.jpg?ssl=1",
                "height": 131,
                "name": "LargestImage",
                "width": 184,
                "x": 113,
                "y": 535
              },
              {
                "filename": null,
                "height": 150,
                "name": "Heading",
                "width": 320,
                "x": 20,
                "y": 30
              }
            ],
            "viewport": {
              "height": 560,
              "width": 360
            }
          }
        },
        "timings": {
          "firstPaint": 2556,
          "loadEventEnd": 12368,
          "navigationTiming": {
            "connectStart": 32,
            "domComplete": 12318,
            "domContentLoadedEventEnd": 8294,
            "domContentLoadedEventStart": 8260,
            "domInteractive": 2189,
            "domainLookupEnd": 31,
            "domainLookupStart": 31,
            "duration": 12368,
            "fetchStart": 3,
            "loadEventEnd": 12368,
            "loadEventStart": 12318,
            "redirectEnd": 0,
            "redirectStart": 0,
            "requestStart": 448,
            "responseEnd": 789,
            "responseStart": 789,
            "secureConnectionStart": 206,
            "startTime": 0,
            "unloadEventEnd": 0,
            "unloadEventStart": 0,
            "workerStart": 0
          },
          "pageTimings": {
            "backEndTime": 789,
            "domContentLoadedTime": 8260,
            "domInteractiveTime": 2189,
            "domainLookupTime": 0,
            "frontEndTime": 11529,
            "pageDownloadTime": 0,
            "pageLoadTime": 12318,
            "redirectionTime": 0,
            "serverConnectionTime": 415,
            "serverResponseTime": 341
          },
          "rumSpeedIndex": 788,
          "timeToContentfulPaint": 2821,
          "timeToDomContentFlushed": 8255,
          "timeToFirstInteractive": 12454,
          "userTimings": {
            "marks": [],
            "measures": []
          }
        }
      }
    ],
    "visualMetrics": [],
    "cpu": [],
    "extras": [
      {},
      {},
      {}
    ],
    "fullyLoaded": [],
    "errors": [
      [],
      [],
      []
    ],
    "statistics": {
      "browser": {
        "appConstants": {
          "MOZ_UNSIGNED_SCOPES": {
            "median": 0,
            "mean": 0,
            "mdev": 0,
            "stddev": 0,
            "min": 0,
            "p10": 0,
            "p90": 0,
            "p99": 0,
            "max": 0
          },
          "TELEMETRY_PING_FORMAT_VERSION": {
            "median": 4,
            "mean": 4,
            "mdev": 0,
            "stddev": 0,
            "min": 4,
            "p10": 4,
            "p90": 4,
            "p99": 4,
            "max": 4
          }
        },
        "asyncAppConstants": {
          "MOZ_UNSIGNED_SCOPES": {
            "median": 0,
            "mean": 0,
            "mdev": 0,
            "stddev": 0,
            "min": 0,
            "p10": 0,
            "p90": 0,
            "p99": 0,
            "max": 0
          },
          "TELEMETRY_PING_FORMAT_VERSION": {
            "median": 4,
            "mean": 4,
            "mdev": 0,
            "stddev": 0,
            "min": 4,
            "p10": 4,
            "p90": 4,
            "p99": 4,
            "max": 4
          }
        }
      },
      "pageinfo": {
        "documentHeight": {
          "median": 16240,
          "mean": 16240,
          "mdev": 0,
          "stddev": 0,
          "min": 16240,
          "p10": 16240,
          "p90": 16240,
          "p99": 16240,
          "max": 16240
        },
        "documentSize": {
          "decodedBodySize": {
            "median": 216614,
            "mean": 216614,
            "mdev": 0,
            "stddev": 0,
            "min": 216614,
            "p10": 216614,
            "p90": 216614,
            "p99": 216614,
            "max": 216614
          },
          "encodedBodySize": {
            "median": 39360,
            "mean": 39360,
            "mdev": 0,
            "stddev": 0,
            "min": 39360,
            "p10": 39360,
            "p90": 39360,
            "p99": 39360,
            "max": 39360
          },
          "transferSize": {
            "median": 40405,
            "mean": 40402,
            "mdev": 3.9252,
            "stddev": 7,
            "min": 40393,
            "p10": 40393,
            "p90": 40409,
            "p99": 40409,
            "max": 40409
          }
        },
        "documentWidth": {
          "median": 360,
          "mean": 360,
          "mdev": 0,
          "stddev": 0,
          "min": 360,
          "p10": 360,
          "p90": 360,
          "p99": 360,
          "max": 360
        },
        "domElements": {
          "median": 1494,
          "mean": 1494,
          "mdev": 0,
          "stddev": 0,
          "min": 1494,
          "p10": 1494,
          "p90": 1494,
          "p99": 1494,
          "max": 1494
        },
        "navigationStartTime": {
          "median": 1617062861934,
          "mean": 1617062856607,
          "mdev": 12612.4091,
          "stddev": 21845,
          "min": 1617062818102,
          "p10": 1617062818102,
          "p90": 1617062889785,
          "p99": 1617062889785,
          "max": 1617062889785
        },
        "resources": {
          "count": {
            "median": 0,
            "mean": 0,
            "mdev": 0,
            "stddev": 0,
            "min": 0,
            "p10": 0,
            "p90": 0,
            "p99": 0,
            "max": 0
          },
          "duration": {
            "median": 0,
            "mean": 0,
            "mdev": 0,
            "stddev": 0,
            "min": 0,
            "p10": 0,
            "p90": 0,
            "p99": 0,
            "max": 0
          }
        },
        "visualElements": {
          "heroes": [
            {
              "height": {
                "median": 131,
                "mean": 131,
                "mdev": 0,
                "stddev": 0,
                "min": 131,
                "p10": 131,
                "p90": 131,
                "p99": 131,
                "max": 131
              },
              "width": {
                "median": 184,
                "mean": 184,
                "mdev": 0,
                "stddev": 0,
                "min": 184,
                "p10": 184,
                "p90": 184,
                "p99": 184,
                "max": 184
              },
              "x": {
                "median": 113,
                "mean": 113,
                "mdev": 0,
                "stddev": 0,
                "min": 113,
                "p10": 113,
                "p90": 113,
                "p99": 113,
                "max": 113
              },
              "y": {
                "median": 535,
                "mean": 535,
                "mdev": 0,
                "stddev": 0,
                "min": 535,
                "p10": 535,
                "p90": 535,
                "p99": 535,
                "max": 535
              }
            },
            {
              "height": {
                "median": 150,
                "mean": 150,
                "mdev": 0,
                "stddev": 0,
                "min": 150,
                "p10": 150,
                "p90": 150,
                "p99": 150,
                "max": 150
              },
              "width": {
                "median": 320,
                "mean": 320,
                "mdev": 0,
                "stddev": 0,
                "min": 320,
                "p10": 320,
                "p90": 320,
                "p99": 320,
                "max": 320
              },
              "x": {
                "median": 20,
                "mean": 20,
                "mdev": 0,
                "stddev": 0,
                "min": 20,
                "p10": 20,
                "p90": 20,
                "p99": 20,
                "max": 20
              },
              "y": {
                "median": 30,
                "mean": 30,
                "mdev": 0,
                "stddev": 0,
                "min": 30,
                "p10": 30,
                "p90": 30,
                "p99": 30,
                "max": 30
              }
            }
          ],
          "viewport": {
            "height": {
              "median": 560,
              "mean": 560,
              "mdev": 0,
              "stddev": 0,
              "min": 560,
              "p10": 560,
              "p90": 560,
              "p99": 560,
              "max": 560
            },
            "width": {
              "median": 360,
              "mean": 360,
              "mdev": 0,
              "stddev": 0,
              "min": 360,
              "p10": 360,
              "p90": 360,
              "p99": 360,
              "max": 360
            }
          }
        }
      },
      "timings": {
        "firstPaint": {
          "median": 2556,
          "mean": 2460,
          "mdev": 124.0164,
          "stddev": 215,
          "min": 2162,
          "p10": 2162,
          "p90": 2661,
          "p99": 2661,
          "max": 2661
        },
        "loadEventEnd": {
          "median": 12368,
          "mean": 11787,
          "mdev": 868.3144,
          "stddev": 1504,
          "min": 9725,
          "p10": 9725,
          "p90": 13269,
          "p99": 13269,
          "max": 13269
        },
        "navigationTiming": {
          "connectStart": {
            "median": 34,
            "mean": 35,
            "mdev": 1.4402,
            "stddev": 2,
            "min": 32,
            "p10": 32,
            "p90": 38,
            "p99": 38,
            "max": 38
          },
          "domComplete": {
            "median": 12318,
            "mean": 11744,
            "mdev": 866.6676,
            "stddev": 1501,
            "min": 9687,
            "p10": 9687,
            "p90": 13227,
            "p99": 13227,
            "max": 13227
          },
          "domContentLoadedEventEnd": {
            "median": 8294,
            "mean": 6638,
            "mdev": 1537.9463,
            "stddev": 2664,
            "min": 2880,
            "p10": 2880,
            "p90": 8741,
            "p99": 8741,
            "max": 8741
          },
          "domContentLoadedEventStart": {
            "median": 8260,
            "mean": 6600,
            "mdev": 1544.4406,
            "stddev": 2675,
            "min": 2826,
            "p10": 2826,
            "p90": 8714,
            "p99": 8714,
            "max": 8714
          },
          "domInteractive": {
            "median": 2189,
            "mean": 2110,
            "mdev": 98.3524,
            "stddev": 170,
            "min": 1873,
            "p10": 1873,
            "p90": 2267,
            "p99": 2267,
            "max": 2267
          },
          "domainLookupEnd": {
            "median": 32,
            "mean": 34,
            "mdev": 1.7847,
            "stddev": 3,
            "min": 31,
            "p10": 31,
            "p90": 38,
            "p99": 38,
            "max": 38
          },
          "domainLookupStart": {
            "median": 32,
            "mean": 33,
            "mdev": 1.5154,
            "stddev": 3,
            "min": 31,
            "p10": 31,
            "p90": 37,
            "p99": 37,
            "max": 37
          },
          "duration": {
            "median": 12368,
            "mean": 11787,
            "mdev": 868.3144,
            "stddev": 1504,
            "min": 9725,
            "p10": 9725,
            "p90": 13269,
            "p99": 13269,
            "max": 13269
          },
          "fetchStart": {
            "median": 3,
            "mean": 3,
            "mdev": 0,
            "stddev": 0,
            "min": 3,
            "p10": 3,
            "p90": 3,
            "p99": 3,
            "max": 3
          },
          "loadEventEnd": {
            "median": 12368,
            "mean": 11787,
            "mdev": 868.3144,
            "stddev": 1504,
            "min": 9725,
            "p10": 9725,
            "p90": 13269,
            "p99": 13269,
            "max": 13269
          },
          "loadEventStart": {
            "median": 12318,
            "mean": 11744,
            "mdev": 866.6676,
            "stddev": 1501,
            "min": 9687,
            "p10": 9687,
            "p90": 13227,
            "p99": 13227,
            "max": 13227
          },
          "redirectEnd": {
            "median": 0,
            "mean": 0,
            "mdev": 0,
            "stddev": 0,
            "min": 0,
            "p10": 0,
            "p90": 0,
            "p99": 0,
            "max": 0
          },
          "redirectStart": {
            "median": 0,
            "mean": 0,
            "mdev": 0,
            "stddev": 0,
            "min": 0,
            "p10": 0,
            "p90": 0,
            "p99": 0,
            "max": 0
          },
          "requestStart": {
            "median": 389,
            "mean": 392,
            "mdev": 25.7207,
            "stddev": 45,
            "min": 339,
            "p10": 339,
            "p90": 448,
            "p99": 448,
            "max": 448
          },
          "responseEnd": {
            "median": 789,
            "mean": 739,
            "mdev": 44.1311,
            "stddev": 76,
            "min": 631,
            "p10": 631,
            "p90": 797,
            "p99": 797,
            "max": 797
          },
          "responseStart": {
            "median": 789,
            "mean": 739,
            "mdev": 44.1311,
            "stddev": 76,
            "min": 631,
            "p10": 631,
            "p90": 797,
            "p99": 797,
            "max": 797
          },
          "secureConnectionStart": {
            "median": 173,
            "mean": 175,
            "mdev": 13.939,
            "stddev": 24,
            "min": 147,
            "p10": 147,
            "p90": 206,
            "p99": 206,
            "max": 206
          },
          "startTime": {
            "median": 0,
            "mean": 0,
            "mdev": 0,
            "stddev": 0,
            "min": 0,
            "p10": 0,
            "p90": 0,
            "p99": 0,
            "max": 0
          },
          "unloadEventEnd": {
            "median": 0,
            "mean": 0,
            "mdev": 0,
            "stddev": 0,
            "min": 0,
            "p10": 0,
            "p90": 0,
            "p99": 0,
            "max": 0
          },
          "unloadEventStart": {
            "median": 0,
            "mean": 0,
            "mdev": 0,
            "stddev": 0,
            "min": 0,
            "p10": 0,
            "p90": 0,
            "p99": 0,
            "max": 0
          },
          "workerStart": {
            "median": 0,
            "mean": 0,
            "mdev": 0,
            "stddev": 0,
            "min": 0,
            "p10": 0,
            "p90": 0,
            "p99": 0,
            "max": 0
          }
        },
        "pageTimings": {
          "backEndTime": {
            "median": 789,
            "mean": 739,
            "mdev": 44.1311,
            "stddev": 76,
            "min": 631,
            "p10": 631,
            "p90": 797,
            "p99": 797,
            "max": 797
          },
          "domContentLoadedTime": {
            "median": 8260,
            "mean": 6600,
            "mdev": 1544.4406,
            "stddev": 2675,
            "min": 2826,
            "p10": 2826,
            "p90": 8714,
            "p99": 8714,
            "max": 8714
          },
          "domInteractiveTime": {
            "median": 2189,
            "mean": 2110,
            "mdev": 98.3524,
            "stddev": 170,
            "min": 1873,
            "p10": 1873,
            "p90": 2267,
            "p99": 2267,
            "max": 2267
          },
          "domainLookupTime": {
            "median": 0,
            "mean": 0,
            "mdev": 0,
            "stddev": 0,
            "min": 0,
            "p10": 0,
            "p90": 0,
            "p99": 0,
            "max": 0
          },
          "frontEndTime": {
            "median": 11529,
            "mean": 11005,
            "mdev": 823.5291,
            "stddev": 1426,
            "min": 9056,
            "p10": 9056,
            "p90": 12430,
            "p99": 12430,
            "max": 12430
          },
          "pageDownloadTime": {
            "median": 0,
            "mean": 0,
            "mdev": 0,
            "stddev": 0,
            "min": 0,
            "p10": 0,
            "p90": 0,
            "p99": 0,
            "max": 0
          },
          "pageLoadTime": {
            "median": 12318,
            "mean": 11744,
            "mdev": 866.6676,
            "stddev": 1501,
            "min": 9687,
            "p10": 9687,
            "p90": 13227,
            "p99": 13227,
            "max": 13227
          },
          "redirectionTime": {
            "median": 0,
            "mean": 0,
            "mdev": 0,
            "stddev": 0,
            "min": 0,
            "p10": 0,
            "p90": 0,
            "p99": 0,
            "max": 0
          },
          "serverConnectionTime": {
            "median": 350,
            "mean": 356,
            "mdev": 26.2904,
            "stddev": 46,
            "min": 304,
            "p10": 304,
            "p90": 415,
            "p99": 415,
            "max": 415
          },
          "serverResponseTime": {
            "median": 341,
            "mean": 347,
            "mdev": 27.674,
            "stddev": 48,
            "min": 291,
            "p10": 291,
            "p90": 408,
            "p99": 408,
            "max": 408
          }
        },
        "rumSpeedIndex": {
          "median": 788,
          "mean": 738,
          "mdev": 44.1311,
          "stddev": 76,
          "min": 630,
          "p10": 630,
          "p90": 796,
          "p99": 796,
          "max": 796
        },
        "timeToContentfulPaint": {
          "median": 2821,
          "mean": 2729,
          "mdev": 119.0279,
          "stddev": 206,
          "min": 2443,
          "p10": 2443,
          "p90": 2922,
          "p99": 2922,
          "max": 2922
        },
        "timeToDomContentFlushed": {
          "median": 8255,
          "mean": 6545,
          "mdev": 1574.4468,
          "stddev": 2727,
          "min": 2696,
          "p10": 2696,
          "p90": 8683,
          "p99": 8683,
          "max": 8683
        },
        "timeToFirstInteractive": {
          "median": 12454,
          "mean": 11921,
          "mdev": 891.2898,
          "stddev": 1544,
          "min": 9821,
          "p10": 9821,
          "p90": 13488,
          "p99": 13488,
          "max": 13488
        }
      }
    }
  }
]