[
  {
    "info": {
      "browsertime": {
        "version": "8.4.0"
      },
      "url": "https://www.yelp.com/",
      "timestamp": "2021-03-30T10:40:46+04:00",
      "connectivity": {
        "engine": "external",
        "profile": "native"
      },
      "extra": {}
    },
    "files": {
      "video": [],
      "screenshot": [],
      "timeline": [],
      "consoleLog": [],
      "netLog": [],
      "perfLog": []
    },
    "cdp": {
      "performance": []
    },
    "timestamps": [
      "2021-03-30T10:40:30+04:00",
      "2021-03-30T10:40:59+04:00",
      "2021-03-30T10:41:26+04:00"
    ],
    "browserScripts": [
      {
        "browser": {
          "appConstants": {
            "ACCESSIBILITY": true,
            "ANDROID_PACKAGE_NAME": "org.mozilla.firefox",
            "ASAN": false,
            "ASAN_REPORTER": false,
            "BROWSER_CHROME_URL": "chrome://browser/content/browser.xul",
            "DEBUG": false,
            "DEBUG_JS_MODULES": "",
            "DLL_PREFIX": "lib",
            "DLL_SUFFIX": ".so",
            "EARLY_BETA_OR_EARLIER": false,
            "FENNEC_NIGHTLY": false,
            "HAVE_SHELL_SERVICE": false,
            "HAVE_USR_LIB64_DIR": false,
            "MENUBAR_CAN_AUTOHIDE": false,
            "MOZILLA_OFFICIAL": true,
            "MOZ_ALLOW_LEGACY_EXTENSIONS": false,
            "MOZ_ANDROID_ACTIVITY_STREAM": false,
            "MOZ_ANDROID_HISTORY": true,
            "MOZ_ANDROID_MOZILLA_ONLINE": false,
            "MOZ_APP_NAME": "fennec",
            "MOZ_APP_VERSION": "68.1.1",
            "MOZ_APP_VERSION_DISPLAY": "68.1.1",
            "MOZ_BING_API_CLIENTID": "no-bing-api-clientid",
            "MOZ_BING_API_KEY": "no-bing-api-key",
            "MOZ_BITS_DOWNLOAD": false,
            "MOZ_BUILD_APP": "mobile/android",
            "MOZ_CODE_COVERAGE": false,
            "MOZ_CRASHREPORTER": true,
            "MOZ_DATA_REPORTING": true,
            "MOZ_DEV_EDITION": false,
            "MOZ_GECKO_PROFILER": true,
            "MOZ_GOOGLE_LOCATION_SERVICE_API_KEY": "AIzaSyB2h2OuRcUgy5N-5hsZqiPW6sH3n_rptiQ",
            "MOZ_GOOGLE_SAFEBROWSING_API_KEY": "AIzaSyC7jsptDS3am4tPx4r3nxis7IMjBc5Dovo",
            "MOZ_GRAPHENE": false,
            "MOZ_MACBUNDLE_NAME": "Firefox.app",
            "MOZ_MAINTENANCE_SERVICE": false,
            "MOZ_MOZILLA_API_KEY": "3b4d27dd-703d-4094-8398-4de2c763505a",
            "MOZ_NEW_CERT_STORAGE": false,
            "MOZ_NEW_NOTIFICATION_STORE": false,
            "MOZ_NEW_XULSTORE": false,
            "MOZ_OFFICIAL_BRANDING": false,
            "MOZ_PLACES": false,
            "MOZ_REQUIRE_SIGNING": false,
            "MOZ_SANDBOX": false,
            "MOZ_SERVICES_HEALTHREPORT": true,
            "MOZ_SERVICES_SYNC": false,
            "MOZ_SWITCHBOARD": true,
            "MOZ_SYSTEM_NSS": false,
            "MOZ_TELEMETRY_ON_BY_DEFAULT": false,
            "MOZ_TELEMETRY_REPORTING": true,
            "MOZ_UNSIGNED_SCOPES": 0,
            "MOZ_UPDATER": false,
            "MOZ_UPDATE_CHANNEL": "release",
            "MOZ_WEBRTC": true,
            "MOZ_WIDGET_GTK": false,
            "MOZ_WIDGET_TOOLKIT": "android",
            "NIGHTLY_BUILD": false,
            "OMNIJAR_NAME": "assets/omni.ja",
            "RELEASE_OR_BETA": true,
            "SOURCE_REVISION_URL": "https://hg.mozilla.org/releases/mozilla-esr68/rev/d2e0b9e17b9bc1ef02606c8006b73293f7892ad5",
            "TELEMETRY_PING_FORMAT_VERSION": 4,
            "XP_UNIX": true,
            "isPlatformAndVersionAtLeast": {},
            "isPlatformAndVersionAtMost": {},
            "platform": "android"
          },
          "asyncAppConstants": {
            "ACCESSIBILITY": true,
            "ANDROID_PACKAGE_NAME": "org.mozilla.firefox",
            "ASAN": false,
            "ASAN_REPORTER": false,
            "BROWSER_CHROME_URL": "chrome://browser/content/browser.xul",
            "DEBUG": false,
            "DEBUG_JS_MODULES": "",
            "DLL_PREFIX": "lib",
            "DLL_SUFFIX": ".so",
            "EARLY_BETA_OR_EARLIER": false,
            "FENNEC_NIGHTLY": false,
            "HAVE_SHELL_SERVICE": false,
            "HAVE_USR_LIB64_DIR": false,
            "MENUBAR_CAN_AUTOHIDE": false,
            "MOZILLA_OFFICIAL": true,
            "MOZ_ALLOW_LEGACY_EXTENSIONS": false,
            "MOZ_ANDROID_ACTIVITY_STREAM": false,
            "MOZ_ANDROID_HISTORY": true,
            "MOZ_ANDROID_MOZILLA_ONLINE": false,
            "MOZ_APP_NAME": "fennec",
            "MOZ_APP_VERSION": "68.1.1",
            "MOZ_APP_VERSION_DISPLAY": "68.1.1",
            "MOZ_BING_API_CLIENTID": "no-bing-api-clientid",
            "MOZ_BING_API_KEY": "no-bing-api-key",
            "MOZ_BITS_DOWNLOAD": false,
            "MOZ_BUILD_APP": "mobile/android",
            "MOZ_CODE_COVERAGE": false,
            "MOZ_CRASHREPORTER": true,
            "MOZ_DATA_REPORTING": true,
            "MOZ_DEV_EDITION": false,
            "MOZ_GECKO_PROFILER": true,
            "MOZ_GOOGLE_LOCATION_SERVICE_API_KEY": "AIzaSyB2h2OuRcUgy5N-5hsZqiPW6sH3n_rptiQ",
            "MOZ_GOOGLE_SAFEBROWSING_API_KEY": "AIzaSyC7jsptDS3am4tPx4r3nxis7IMjBc5Dovo",
            "MOZ_GRAPHENE": false,
            "MOZ_MACBUNDLE_NAME": "Firefox.app",
            "MOZ_MAINTENANCE_SERVICE": false,
            "MOZ_MOZILLA_API_KEY": "3b4d27dd-703d-4094-8398-4de2c763505a",
            "MOZ_NEW_CERT_STORAGE": false,
            "MOZ_NEW_NOTIFICATION_STORE": false,
            "MOZ_NEW_XULSTORE": false,
            "MOZ_OFFICIAL_BRANDING": false,
            "MOZ_PLACES": false,
            "MOZ_REQUIRE_SIGNING": false,
            "MOZ_SANDBOX": false,
            "MOZ_SERVICES_HEALTHREPORT": true,
            "MOZ_SERVICES_SYNC": false,
            "MOZ_SWITCHBOARD": true,
            "MOZ_SYSTEM_NSS": false,
            "MOZ_TELEMETRY_ON_BY_DEFAULT": false,
            "MOZ_TELEMETRY_REPORTING": true,
            "MOZ_UNSIGNED_SCOPES": 0,
            "MOZ_UPDATER": false,
            "MOZ_UPDATE_CHANNEL": "release",
            "MOZ_WEBRTC": true,
            "MOZ_WIDGET_GTK": false,
            "MOZ_WIDGET_TOOLKIT": "android",
            "NIGHTLY_BUILD": false,
            "OMNIJAR_NAME": "assets/omni.ja",
            "RELEASE_OR_BETA": true,
            "SOURCE_REVISION_URL": "https://hg.mozilla.org/releases/mozilla-esr68/rev/d2e0b9e17b9bc1ef02606c8006b73293f7892ad5",
            "TELEMETRY_PING_FORMAT_VERSION": 4,
            "XP_UNIX": true,
            "isPlatformAndVersionAtLeast": {},
            "isPlatformAndVersionAtMost": {},
            "platform": "android"
          },
          "userAgent": "Mozilla/5.0 (Android 8.1.0; Mobile; rv:68.0) Gecko/68.0 Firefox/68.0",
          "windowSize": "360x560"
        },
        "pageinfo": {
          "documentHeight": 1441,
          "documentSize": {
            "decodedBodySize": 272771,
            "encodedBodySize": 44649,
            "transferSize": 48076
          },
          "documentTitle": "Restaurants, Dentists, Bars, Beauty Salons, Doctors - Yelp",
          "documentWidth": 360,
          "domElements": 586,
          "navigationStartTime": 1617086430500,
          "nextHopProtocol": "h2",
          "resources": {
            "count": 0,
            "duration": 0
          },
          "responsive": true,
          "url": "https://m.yelp.com/",
          "visualElements": {
            "heroes": [
              {
                "filename": "auto.yji-1a123a0da9850e36911b63d82e264a16.png",
                "height": 104,
                "name": "LargestImage",
                "width": 154,
                "x": 12,
                "y": 343
              }
            ],
            "viewport": {
              "height": 560,
              "width": 360
            }
          }
        },
        "timings": {
          "firstPaint": 2324,
          "loadEventEnd": 5944,
          "navigationTiming": {
            "connectStart": 509,
            "domComplete": 5943,
            "domContentLoadedEventEnd": 4631,
            "domContentLoadedEventStart": 4617,
            "domInteractive": 4452,
            "domainLookupEnd": 508,
            "domainLookupStart": 508,
            "duration": 5944,
            "fetchStart": 481,
            "loadEventEnd": 5944,
            "loadEventStart": 5943,
            "redirectEnd": 473,
            "redirectStart": 2,
            "requestStart": 516,
            "responseEnd": 1558,
            "responseStart": 1558,
            "secureConnectionStart": 0,
            "startTime": 0,
            "unloadEventEnd": 0,
            "unloadEventStart": 0,
            "workerStart": 0
          },
          "pageTimings": {
            "backEndTime": 1558,
            "domContentLoadedTime": 4617,
            "domInteractiveTime": 4452,
            "domainLookupTime": 0,
            "frontEndTime": 4385,
            "pageDownloadTime": 0,
            "pageLoadTime": 5943,
            "redirectionTime": 470,
            "serverConnectionTime": 0,
            "serverResponseTime": 1043
          },
          "rumSpeedIndex": 1558,
          "timeToContentfulPaint": 2505,
          "timeToDomContentFlushed": 3030,
          "userTimings": {
            "marks": [],
            "measures": []
          }
        }
      },
      {
        "browser": {
          "appConstants": {
            "ACCESSIBILITY": true,
            "ANDROID_PACKAGE_NAME": "org.mozilla.firefox",
            "ASAN": false,
            "ASAN_REPORTER": false,
            "BROWSER_CHROME_URL": "chrome://browser/content/browser.xul",
            "DEBUG": false,
            "DEBUG_JS_MODULES": "",
            "DLL_PREFIX": "lib",
            "DLL_SUFFIX": ".so",
            "EARLY_BETA_OR_EARLIER": false,
            "FENNEC_NIGHTLY": false,
            "HAVE_SHELL_SERVICE": false,
            "HAVE_USR_LIB64_DIR": false,
            "MENUBAR_CAN_AUTOHIDE": false,
            "MOZILLA_OFFICIAL": true,
            "MOZ_ALLOW_LEGACY_EXTENSIONS": false,
            "MOZ_ANDROID_ACTIVITY_STREAM": false,
            "MOZ_ANDROID_HISTORY": true,
            "MOZ_ANDROID_MOZILLA_ONLINE": false,
            "MOZ_APP_NAME": "fennec",
            "MOZ_APP_VERSION": "68.1.1",
            "MOZ_APP_VERSION_DISPLAY": "68.1.1",
            "MOZ_BING_API_CLIENTID": "no-bing-api-clientid",
            "MOZ_BING_API_KEY": "no-bing-api-key",
            "MOZ_BITS_DOWNLOAD": false,
            "MOZ_BUILD_APP": "mobile/android",
            "MOZ_CODE_COVERAGE": false,
            "MOZ_CRASHREPORTER": true,
            "MOZ_DATA_REPORTING": true,
            "MOZ_DEV_EDITION": false,
            "MOZ_GECKO_PROFILER": true,
            "MOZ_GOOGLE_LOCATION_SERVICE_API_KEY": "AIzaSyB2h2OuRcUgy5N-5hsZqiPW6sH3n_rptiQ",
            "MOZ_GOOGLE_SAFEBROWSING_API_KEY": "AIzaSyC7jsptDS3am4tPx4r3nxis7IMjBc5Dovo",
            "MOZ_GRAPHENE": false,
            "MOZ_MACBUNDLE_NAME": "Firefox.app",
            "MOZ_MAINTENANCE_SERVICE": false,
            "MOZ_MOZILLA_API_KEY": "3b4d27dd-703d-4094-8398-4de2c763505a",
            "MOZ_NEW_CERT_STORAGE": false,
            "MOZ_NEW_NOTIFICATION_STORE": false,
            "MOZ_NEW_XULSTORE": false,
            "MOZ_OFFICIAL_BRANDING": false,
            "MOZ_PLACES": false,
            "MOZ_REQUIRE_SIGNING": false,
            "MOZ_SANDBOX": false,
            "MOZ_SERVICES_HEALTHREPORT": true,
            "MOZ_SERVICES_SYNC": false,
            "MOZ_SWITCHBOARD": true,
            "MOZ_SYSTEM_NSS": false,
            "MOZ_TELEMETRY_ON_BY_DEFAULT": false,
            "MOZ_TELEMETRY_REPORTING": true,
            "MOZ_UNSIGNED_SCOPES": 0,
            "MOZ_UPDATER": false,
            "MOZ_UPDATE_CHANNEL": "release",
            "MOZ_WEBRTC": true,
            "MOZ_WIDGET_GTK": false,
            "MOZ_WIDGET_TOOLKIT": "android",
            "NIGHTLY_BUILD": false,
            "OMNIJAR_NAME": "assets/omni.ja",
            "RELEASE_OR_BETA": true,
            "SOURCE_REVISION_URL": "https://hg.mozilla.org/releases/mozilla-esr68/rev/d2e0b9e17b9bc1ef02606c8006b73293f7892ad5",
            "TELEMETRY_PING_FORMAT_VERSION": 4,
            "XP_UNIX": true,
            "isPlatformAndVersionAtLeast": {},
            "isPlatformAndVersionAtMost": {},
            "platform": "android"
          },
          "asyncAppConstants": {
            "ACCESSIBILITY": true,
            "ANDROID_PACKAGE_NAME": "org.mozilla.firefox",
            "ASAN": false,
            "ASAN_REPORTER": false,
            "BROWSER_CHROME_URL": "chrome://browser/content/browser.xul",
            "DEBUG": false,
            "DEBUG_JS_MODULES": "",
            "DLL_PREFIX": "lib",
            "DLL_SUFFIX": ".so",
            "EARLY_BETA_OR_EARLIER": false,
            "FENNEC_NIGHTLY": false,
            "HAVE_SHELL_SERVICE": false,
            "HAVE_USR_LIB64_DIR": false,
            "MENUBAR_CAN_AUTOHIDE": false,
            "MOZILLA_OFFICIAL": true,
            "MOZ_ALLOW_LEGACY_EXTENSIONS": false,
            "MOZ_ANDROID_ACTIVITY_STREAM": false,
            "MOZ_ANDROID_HISTORY": true,
            "MOZ_ANDROID_MOZILLA_ONLINE": false,
            "MOZ_APP_NAME": "fennec",
            "MOZ_APP_VERSION": "68.1.1",
            "MOZ_APP_VERSION_DISPLAY": "68.1.1",
            "MOZ_BING_API_CLIENTID": "no-bing-api-clientid",
            "MOZ_BING_API_KEY": "no-bing-api-key",
            "MOZ_BITS_DOWNLOAD": false,
            "MOZ_BUILD_APP": "mobile/android",
            "MOZ_CODE_COVERAGE": false,
            "MOZ_CRASHREPORTER": true,
            "MOZ_DATA_REPORTING": true,
            "MOZ_DEV_EDITION": false,
            "MOZ_GECKO_PROFILER": true,
            "MOZ_GOOGLE_LOCATION_SERVICE_API_KEY": "AIzaSyB2h2OuRcUgy5N-5hsZqiPW6sH3n_rptiQ",
            "MOZ_GOOGLE_SAFEBROWSING_API_KEY": "AIzaSyC7jsptDS3am4tPx4r3nxis7IMjBc5Dovo",
            "MOZ_GRAPHENE": false,
            "MOZ_MACBUNDLE_NAME": "Firefox.app",
            "MOZ_MAINTENANCE_SERVICE": false,
            "MOZ_MOZILLA_API_KEY": "3b4d27dd-703d-4094-8398-4de2c763505a",
            "MOZ_NEW_CERT_STORAGE": false,
            "MOZ_NEW_NOTIFICATION_STORE": false,
            "MOZ_NEW_XULSTORE": false,
            "MOZ_OFFICIAL_BRANDING": false,
            "MOZ_PLACES": false,
            "MOZ_REQUIRE_SIGNING": false,
            "MOZ_SANDBOX": false,
            "MOZ_SERVICES_HEALTHREPORT": true,
            "MOZ_SERVICES_SYNC": false,
            "MOZ_SWITCHBOARD": true,
            "MOZ_SYSTEM_NSS": false,
            "MOZ_TELEMETRY_ON_BY_DEFAULT": false,
            "MOZ_TELEMETRY_REPORTING": true,
            "MOZ_UNSIGNED_SCOPES": 0,
            "MOZ_UPDATER": false,
            "MOZ_UPDATE_CHANNEL": "release",
            "MOZ_WEBRTC": true,
            "MOZ_WIDGET_GTK": false,
            "MOZ_WIDGET_TOOLKIT": "android",
            "NIGHTLY_BUILD": false,
            "OMNIJAR_NAME": "assets/omni.ja",
            "RELEASE_OR_BETA": true,
            "SOURCE_REVISION_URL": "https://hg.mozilla.org/releases/mozilla-esr68/rev/d2e0b9e17b9bc1ef02606c8006b73293f7892ad5",
            "TELEMETRY_PING_FORMAT_VERSION": 4,
            "XP_UNIX": true,
            "isPlatformAndVersionAtLeast": {},
            "isPlatformAndVersionAtMost": {},
            "platform": "android"
          },
          "userAgent": "Mozilla/5.0 (Android 8.1.0; Mobile; rv:68.0) Gecko/68.0 Firefox/68.0",
          "windowSize": "360x560"
        },
        "pageinfo": {
          "documentHeight": 1441,
          "documentSize": {
            "decodedBodySize": 273925,
            "encodedBodySize": 45122,
            "transferSize": 49729
          },
          "documentTitle": "Restaurants, Dentists, Bars, Beauty Salons, Doctors - Yelp",
          "documentWidth": 360,
          "domElements": 587,
          "navigationStartTime": 1617086459532,
          "nextHopProtocol": "h2",
          "resources": {
            "count": 0,
            "duration": 0
          },
          "responsive": true,
          "url": "https://m.yelp.com/",
          "visualElements": {
            "heroes": [
              {
                "filename": "auto.yji-1a123a0da9850e36911b63d82e264a16.png",
                "height": 104,
                "name": "LargestImage",
                "width": 154,
                "x": 12,
                "y": 343
              }
            ],
            "viewport": {
              "height": 560,
              "width": 360
            }
          }
        },
        "timings": {
          "firstPaint": 3864,
          "loadEventEnd": 7789,
          "navigationTiming": {
            "connectStart": 1901,
            "domComplete": 7788,
            "domContentLoadedEventEnd": 6416,
            "domContentLoadedEventStart": 6405,
            "domInteractive": 6380,
            "domainLookupEnd": 1900,
            "domainLookupStart": 1900,
            "duration": 7789,
            "fetchStart": 1878,
            "loadEventEnd": 7789,
            "loadEventStart": 7788,
            "redirectEnd": 1874,
            "redirectStart": 3,
            "requestStart": 1910,
            "responseEnd": 3007,
            "responseStart": 3007,
            "secureConnectionStart": 0,
            "startTime": 0,
            "unloadEventEnd": 0,
            "unloadEventStart": 0,
            "workerStart": 0
          },
          "pageTimings": {
            "backEndTime": 3007,
            "domContentLoadedTime": 6405,
            "domInteractiveTime": 6380,
            "domainLookupTime": 0,
            "frontEndTime": 4781,
            "pageDownloadTime": 0,
            "pageLoadTime": 7788,
            "redirectionTime": 1871,
            "serverConnectionTime": 0,
            "serverResponseTime": 1097
          },
          "rumSpeedIndex": 3007,
          "timeToContentfulPaint": 4057,
          "timeToDomContentFlushed": 4720,
          "userTimings": {
            "marks": [],
            "measures": []
          }
        }
      },
      {
        "browser": {
          "appConstants": {
            "ACCESSIBILITY": true,
            "ANDROID_PACKAGE_NAME": "org.mozilla.firefox",
            "ASAN": false,
            "ASAN_REPORTER": false,
            "BROWSER_CHROME_URL": "chrome://browser/content/browser.xul",
            "DEBUG": false,
            "DEBUG_JS_MODULES": "",
            "DLL_PREFIX": "lib",
            "DLL_SUFFIX": ".so",
            "EARLY_BETA_OR_EARLIER": false,
            "FENNEC_NIGHTLY": false,
            "HAVE_SHELL_SERVICE": false,
            "HAVE_USR_LIB64_DIR": false,
            "MENUBAR_CAN_AUTOHIDE": false,
            "MOZILLA_OFFICIAL": true,
            "MOZ_ALLOW_LEGACY_EXTENSIONS": false,
            "MOZ_ANDROID_ACTIVITY_STREAM": false,
            "MOZ_ANDROID_HISTORY": true,
            "MOZ_ANDROID_MOZILLA_ONLINE": false,
            "MOZ_APP_NAME": "fennec",
            "MOZ_APP_VERSION": "68.1.1",
            "MOZ_APP_VERSION_DISPLAY": "68.1.1",
            "MOZ_BING_API_CLIENTID": "no-bing-api-clientid",
            "MOZ_BING_API_KEY": "no-bing-api-key",
            "MOZ_BITS_DOWNLOAD": false,
            "MOZ_BUILD_APP": "mobile/android",
            "MOZ_CODE_COVERAGE": false,
            "MOZ_CRASHREPORTER": true,
            "MOZ_DATA_REPORTING": true,
            "MOZ_DEV_EDITION": false,
            "MOZ_GECKO_PROFILER": true,
            "MOZ_GOOGLE_LOCATION_SERVICE_API_KEY": "AIzaSyB2h2OuRcUgy5N-5hsZqiPW6sH3n_rptiQ",
            "MOZ_GOOGLE_SAFEBROWSING_API_KEY": "AIzaSyC7jsptDS3am4tPx4r3nxis7IMjBc5Dovo",
            "MOZ_GRAPHENE": false,
            "MOZ_MACBUNDLE_NAME": "Firefox.app",
            "MOZ_MAINTENANCE_SERVICE": false,
            "MOZ_MOZILLA_API_KEY": "3b4d27dd-703d-4094-8398-4de2c763505a",
            "MOZ_NEW_CERT_STORAGE": false,
            "MOZ_NEW_NOTIFICATION_STORE": false,
            "MOZ_NEW_XULSTORE": false,
            "MOZ_OFFICIAL_BRANDING": false,
            "MOZ_PLACES": false,
            "MOZ_REQUIRE_SIGNING": false,
            "MOZ_SANDBOX": false,
            "MOZ_SERVICES_HEALTHREPORT": true,
            "MOZ_SERVICES_SYNC": false,
            "MOZ_SWITCHBOARD": true,
            "MOZ_SYSTEM_NSS": false,
            "MOZ_TELEMETRY_ON_BY_DEFAULT": false,
            "MOZ_TELEMETRY_REPORTING": true,
            "MOZ_UNSIGNED_SCOPES": 0,
            "MOZ_UPDATER": false,
            "MOZ_UPDATE_CHANNEL": "release",
            "MOZ_WEBRTC": true,
            "MOZ_WIDGET_GTK": false,
            "MOZ_WIDGET_TOOLKIT": "android",
            "NIGHTLY_BUILD": false,
            "OMNIJAR_NAME": "assets/omni.ja",
            "RELEASE_OR_BETA": true,
            "SOURCE_REVISION_URL": "https://hg.mozilla.org/releases/mozilla-esr68/rev/d2e0b9e17b9bc1ef02606c8006b73293f7892ad5",
            "TELEMETRY_PING_FORMAT_VERSION": 4,
            "XP_UNIX": true,
            "isPlatformAndVersionAtLeast": {},
            "isPlatformAndVersionAtMost": {},
            "platform": "android"
          },
          "asyncAppConstants": {
            "ACCESSIBILITY": true,
            "ANDROID_PACKAGE_NAME": "org.mozilla.firefox",
            "ASAN": false,
            "ASAN_REPORTER": false,
            "BROWSER_CHROME_URL": "chrome://browser/content/browser.xul",
            "DEBUG": false,
            "DEBUG_JS_MODULES": "",
            "DLL_PREFIX": "lib",
            "DLL_SUFFIX": ".so",
            "EARLY_BETA_OR_EARLIER": false,
            "FENNEC_NIGHTLY": false,
            "HAVE_SHELL_SERVICE": false,
            "HAVE_USR_LIB64_DIR": false,
            "MENUBAR_CAN_AUTOHIDE": false,
            "MOZILLA_OFFICIAL": true,
            "MOZ_ALLOW_LEGACY_EXTENSIONS": false,
            "MOZ_ANDROID_ACTIVITY_STREAM": false,
            "MOZ_ANDROID_HISTORY": true,
            "MOZ_ANDROID_MOZILLA_ONLINE": false,
            "MOZ_APP_NAME": "fennec",
            "MOZ_APP_VERSION": "68.1.1",
            "MOZ_APP_VERSION_DISPLAY": "68.1.1",
            "MOZ_BING_API_CLIENTID": "no-bing-api-clientid",
            "MOZ_BING_API_KEY": "no-bing-api-key",
            "MOZ_BITS_DOWNLOAD": false,
            "MOZ_BUILD_APP": "mobile/android",
            "MOZ_CODE_COVERAGE": false,
            "MOZ_CRASHREPORTER": true,
            "MOZ_DATA_REPORTING": true,
            "MOZ_DEV_EDITION": false,
            "MOZ_GECKO_PROFILER": true,
            "MOZ_GOOGLE_LOCATION_SERVICE_API_KEY": "AIzaSyB2h2OuRcUgy5N-5hsZqiPW6sH3n_rptiQ",
            "MOZ_GOOGLE_SAFEBROWSING_API_KEY": "AIzaSyC7jsptDS3am4tPx4r3nxis7IMjBc5Dovo",
            "MOZ_GRAPHENE": false,
            "MOZ_MACBUNDLE_NAME": "Firefox.app",
            "MOZ_MAINTENANCE_SERVICE": false,
            "MOZ_MOZILLA_API_KEY": "3b4d27dd-703d-4094-8398-4de2c763505a",
            "MOZ_NEW_CERT_STORAGE": false,
            "MOZ_NEW_NOTIFICATION_STORE": false,
            "MOZ_NEW_XULSTORE": false,
            "MOZ_OFFICIAL_BRANDING": false,
            "MOZ_PLACES": false,
            "MOZ_REQUIRE_SIGNING": false,
            "MOZ_SANDBOX": false,
            "MOZ_SERVICES_HEALTHREPORT": true,
            "MOZ_SERVICES_SYNC": false,
            "MOZ_SWITCHBOARD": true,
            "MOZ_SYSTEM_NSS": false,
            "MOZ_TELEMETRY_ON_BY_DEFAULT": false,
            "MOZ_TELEMETRY_REPORTING": true,
            "MOZ_UNSIGNED_SCOPES": 0,
            "MOZ_UPDATER": false,
            "MOZ_UPDATE_CHANNEL": "release",
            "MOZ_WEBRTC": true,
            "MOZ_WIDGET_GTK": false,
            "MOZ_WIDGET_TOOLKIT": "android",
            "NIGHTLY_BUILD": false,
            "OMNIJAR_NAME": "assets/omni.ja",
            "RELEASE_OR_BETA": true,
            "SOURCE_REVISION_URL": "https://hg.mozilla.org/releases/mozilla-esr68/rev/d2e0b9e17b9bc1ef02606c8006b73293f7892ad5",
            "TELEMETRY_PING_FORMAT_VERSION": 4,
            "XP_UNIX": true,
            "isPlatformAndVersionAtLeast": {},
            "isPlatformAndVersionAtMost": {},
            "platform": "android"
          },
          "userAgent": "Mozilla/5.0 (Android 8.1.0; Mobile; rv:68.0) Gecko/68.0 Firefox/68.0",
          "windowSize": "360x560"
        },
        "pageinfo": {
          "documentHeight": 1441,
          "documentSize": {
            "decodedBodySize": 272771,
            "encodedBodySize": 44657,
            "transferSize": 48115
          },
          "documentTitle": "Restaurants, Dentists, Bars, Beauty Salons, Doctors - Yelp",
          "documentWidth": 360,
          "domElements": 586,
          "navigationStartTime": 1617086487216,
          "nextHopProtocol": "h2",
          "resources": {
            "count": 0,
            "duration": 0
          },
          "responsive": true,
          "url": "https://m.yelp.com/",
          "visualElements": {
            "heroes": [
              {
                "filename": "auto.yji-1a123a0da9850e36911b63d82e264a16.png",
                "height": 104,
                "name": "LargestImage",
                "width": 154,
                "x": 12,
                "y": 343
              }
            ],
            "viewport": {
              "height": 560,
              "width": 360
            }
          }
        },
        "timings": {
          "firstPaint": 2353,
          "loadEventEnd": 4240,
          "navigationTiming": {
            "connectStart": 499,
            "domComplete": 4240,
            "domContentLoadedEventEnd": 4239,
            "domContentLoadedEventStart": 4225,
            "domInteractive": 4084,
            "domainLookupEnd": 499,
            "domainLookupStart": 498,
            "duration": 4240,
            "fetchStart": 474,
            "loadEventEnd": 4240,
            "loadEventStart": 4240,
            "redirectEnd": 467,
            "redirectStart": 3,
            "requestStart": 506,
            "responseEnd": 1226,
            "responseStart": 1226,
            "secureConnectionStart": 0,
            "startTime": 0,
            "unloadEventEnd": 0,
            "unloadEventStart": 0,
            "workerStart": 0
          },
          "pageTimings": {
            "backEndTime": 1226,
            "domContentLoadedTime": 4225,
            "domInteractiveTime": 4084,
            "domainLookupTime": 0,
            "frontEndTime": 3014,
            "pageDownloadTime": 0,
            "pageLoadTime": 4240,
            "redirectionTime": 464,
            "serverConnectionTime": 0,
            "serverResponseTime": 720
          },
          "rumSpeedIndex": 1226,
          "timeToContentfulPaint": 2537,
          "timeToDomContentFlushed": 3157,
          "userTimings": {
            "marks": [],
            "measures": []
          }
        }
      }
    ],
    "visualMetrics": [],
    "cpu": [],
    "extras": [
      {},
      {},
      {}
    ],
    "fullyLoaded": [],
    "errors": [
      [],
      [],
      []
    ],
    "statistics": {
      "browser": {
        "appConstants": {
          "MOZ_UNSIGNED_SCOPES": {
            "median": 0,
            "mean": 0,
            "mdev": 0,
            "stddev": 0,
            "min": 0,
            "p10": 0,
            "p90": 0,
            "p99": 0,
            "max": 0
          },
          "TELEMETRY_PING_FORMAT_VERSION": {
            "median": 4,
            "mean": 4,
            "mdev": 0,
            "stddev": 0,
            "min": 4,
            "p10": 4,
            "p90": 4,
            "p99": 4,
            "max": 4
          }
        },
        "asyncAppConstants": {
          "MOZ_UNSIGNED_SCOPES": {
            "median": 0,
            "mean": 0,
            "mdev": 0,
            "stddev": 0,
            "min": 0,
            "p10": 0,
            "p90": 0,
            "p99": 0,
            "max": 0
          },
          "TELEMETRY_PING_FORMAT_VERSION": {
            "median": 4,
            "mean": 4,
            "mdev": 0,
            "stddev": 0,
            "min": 4,
            "p10": 4,
            "p90": 4,
            "p99": 4,
            "max": 4
          }
        }
      },
      "pageinfo": {
        "documentHeight": {
          "median": 1441,
          "mean": 1441,
          "mdev": 0,
          "stddev": 0,
          "min": 1441,
          "p10": 1441,
          "p90": 1441,
          "p99": 1441,
          "max": 1441
        },
        "documentSize": {
          "decodedBodySize": {
            "median": 272771,
            "mean": 273156,
            "mdev": 314.079,
            "stddev": 544,
            "min": 272771,
            "p10": 272771,
            "p90": 273925,
            "p99": 273925,
            "max": 273925
          },
          "encodedBodySize": {
            "median": 44657,
            "mean": 44809,
            "mdev": 127.6596,
            "stddev": 221,
            "min": 44649,
            "p10": 44649,
            "p90": 45122,
            "p99": 45122,
            "max": 45122
          },
          "transferSize": {
            "median": 48115,
            "mean": 48640,
            "mdev": 444.6774,
            "stddev": 770,
            "min": 48076,
            "p10": 48076,
            "p90": 49729,
            "p99": 49729,
            "max": 49729
          }
        },
        "documentWidth": {
          "median": 360,
          "mean": 360,
          "mdev": 0,
          "stddev": 0,
          "min": 360,
          "p10": 360,
          "p90": 360,
          "p99": 360,
          "max": 360
        },
        "domElements": {
          "median": 586,
          "mean": 586,
          "mdev": 0.2722,
          "stddev": 0,
          "min": 586,
          "p10": 586,
          "p90": 587,
          "p99": 587,
          "max": 587
        },
        "navigationStartTime": {
          "median": 1617086459532,
          "mean": 1617086459083,
          "mdev": 17836.64,
          "stddev": 30894,
          "min": 1617086430500,
          "p10": 1617086430500,
          "p90": 1617086487216,
          "p99": 1617086487216,
          "max": 1617086487216
        },
        "resources": {
          "count": {
            "median": 0,
            "mean": 0,
            "mdev": 0,
            "stddev": 0,
            "min": 0,
            "p10": 0,
            "p90": 0,
            "p99": 0,
            "max": 0
          },
          "duration": {
            "median": 0,
            "mean": 0,
            "mdev": 0,
            "stddev": 0,
            "min": 0,
            "p10": 0,
            "p90": 0,
            "p99": 0,
            "max": 0
          }
        },
        "visualElements": {
          "heroes": [
            {
              "height": {
                "median": 104,
                "mean": 104,
                "mdev": 0,
                "stddev": 0,
                "min": 104,
                "p10": 104,
                "p90": 104,
                "p99": 104,
                "max": 104
              },
              "width": {
                "median": 154,
                "mean": 154,
                "mdev": 0,
                "stddev": 0,
                "min": 154,
                "p10": 154,
                "p90": 154,
                "p99": 154,
                "max": 154
              },
              "x": {
                "median": 12,
                "mean": 12,
                "mdev": 0,
                "stddev": 0,
                "min": 12,
                "p10": 12,
                "p90": 12,
                "p99": 12,
                "max": 12
              },
              "y": {
                "median": 343,
                "mean": 343,
                "mdev": 0,
                "stddev": 0,
                "min": 343,
                "p10": 343,
                "p90": 343,
                "p99": 343,
                "max": 343
              }
            }
          ],
          "viewport": {
            "height": {
              "median": 560,
              "mean": 560,
              "mdev": 0,
              "stddev": 0,
              "min": 560,
              "p10": 560,
              "p90": 560,
              "p99": 560,
              "max": 560
            },
            "width": {
              "median": 360,
              "mean": 360,
              "mdev": 0,
              "stddev": 0,
              "min": 360,
              "p10": 360,
              "p90": 360,
              "p99": 360,
              "max": 360
            }
          }
        }
      },
      "timings": {
        "firstPaint": {
          "median": 2353,
          "mean": 2847,
          "mdev": 415.2448,
          "stddev": 719,
          "min": 2324,
          "p10": 2324,
          "p90": 3864,
          "p99": 3864,
          "max": 3864
        },
        "loadEventEnd": {
          "median": 5944,
          "mean": 5991,
          "mdev": 836.7274,
          "stddev": 1449,
          "min": 4240,
          "p10": 4240,
          "p90": 7789,
          "p99": 7789,
          "max": 7789
        },
        "navigationTiming": {
          "connectStart": {
            "median": 509,
            "mean": 970,
            "mdev": 380.2225,
            "stddev": 659,
            "min": 499,
            "p10": 499,
            "p90": 1901,
            "p99": 1901,
            "max": 1901
          },
          "domComplete": {
            "median": 5943,
            "mean": 5990,
            "mdev": 836.4948,
            "stddev": 1449,
            "min": 4240,
            "p10": 4240,
            "p90": 7788,
            "p99": 7788,
            "max": 7788
          },
          "domContentLoadedEventEnd": {
            "median": 4631,
            "mean": 5095,
            "mdev": 547.0195,
            "stddev": 947,
            "min": 4239,
            "p10": 4239,
            "p90": 6416,
            "p99": 6416,
            "max": 6416
          },
          "domContentLoadedEventStart": {
            "median": 4617,
            "mean": 5082,
            "mdev": 547.8242,
            "stddev": 949,
            "min": 4225,
            "p10": 4225,
            "p90": 6405,
            "p99": 6405,
            "max": 6405
          },
          "domInteractive": {
            "median": 4452,
            "mean": 4972,
            "mdev": 581.3211,
            "stddev": 1007,
            "min": 4084,
            "p10": 4084,
            "p90": 6380,
            "p99": 6380,
            "max": 6380
          },
          "domainLookupEnd": {
            "median": 508,
            "mean": 969,
            "mdev": 380.0851,
            "stddev": 658,
            "min": 499,
            "p10": 499,
            "p90": 1900,
            "p99": 1900,
            "max": 1900
          },
          "domainLookupStart": {
            "median": 508,
            "mean": 969,
            "mdev": 380.2225,
            "stddev": 659,
            "min": 498,
            "p10": 498,
            "p90": 1900,
            "p99": 1900,
            "max": 1900
          },
          "duration": {
            "median": 5944,
            "mean": 5991,
            "mdev": 836.7274,
            "stddev": 1449,
            "min": 4240,
            "p10": 4240,
            "p90": 7789,
            "p99": 7789,
            "max": 7789
          },
          "fetchStart": {
            "median": 481,
            "mean": 944,
            "mdev": 381.1714,
            "stddev": 660,
            "min": 474,
            "p10": 474,
            "p90": 1878,
            "p99": 1878,
            "max": 1878
          },
          "loadEventEnd": {
            "median": 5944,
            "mean": 5991,
            "mdev": 836.7274,
            "stddev": 1449,
            "min": 4240,
            "p10": 4240,
            "p90": 7789,
            "p99": 7789,
            "max": 7789
          },
          "loadEventStart": {
            "median": 5943,
            "mean": 5990,
            "mdev": 836.4948,
            "stddev": 1449,
            "min": 4240,
            "p10": 4240,
            "p90": 7788,
            "p99": 7788,
            "max": 7788
          },
          "redirectEnd": {
            "median": 473,
            "mean": 938,
            "mdev": 382.123,
            "stddev": 662,
            "min": 467,
            "p10": 467,
            "p90": 1874,
            "p99": 1874,
            "max": 1874
          },
          "redirectStart": {
            "median": 3,
            "mean": 3,
            "mdev": 0.2722,
            "stddev": 0,
            "min": 2,
            "p10": 2,
            "p90": 3,
            "p99": 3,
            "max": 3
          },
          "requestStart": {
            "median": 516,
            "mean": 977,
            "mdev": 380.7669,
            "stddev": 660,
            "min": 506,
            "p10": 506,
            "p90": 1910,
            "p99": 1910,
            "max": 1910
          },
          "responseEnd": {
            "median": 1558,
            "mean": 1930,
            "mdev": 446.4587,
            "stddev": 773,
            "min": 1226,
            "p10": 1226,
            "p90": 3007,
            "p99": 3007,
            "max": 3007
          },
          "responseStart": {
            "median": 1558,
            "mean": 1930,
            "mdev": 446.4587,
            "stddev": 773,
            "min": 1226,
            "p10": 1226,
            "p90": 3007,
            "p99": 3007,
            "max": 3007
          },
          "secureConnectionStart": {
            "median": 0,
            "mean": 0,
            "mdev": 0,
            "stddev": 0,
            "min": 0,
            "p10": 0,
            "p90": 0,
            "p99": 0,
            "max": 0
          },
          "startTime": {
            "median": 0,
            "mean": 0,
            "mdev": 0,
            "stddev": 0,
            "min": 0,
            "p10": 0,
            "p90": 0,
            "p99": 0,
            "max": 0
          },
          "unloadEventEnd": {
            "median": 0,
            "mean": 0,
            "mdev": 0,
            "stddev": 0,
            "min": 0,
            "p10": 0,
            "p90": 0,
            "p99": 0,
            "max": 0
          },
          "unloadEventStart": {
            "median": 0,
            "mean": 0,
            "mdev": 0,
            "stddev": 0,
            "min": 0,
            "p10": 0,
            "p90": 0,
            "p99": 0,
            "max": 0
          },
          "workerStart": {
            "median": 0,
            "mean": 0,
            "mdev": 0,
            "stddev": 0,
            "min": 0,
            "p10": 0,
            "p90": 0,
            "p99": 0,
            "max": 0
          }
        },
        "pageTimings": {
          "backEndTime": {
            "median": 1558,
            "mean": 1930,
            "mdev": 446.4587,
            "stddev": 773,
            "min": 1226,
            "p10": 1226,
            "p90": 3007,
            "p99": 3007,
            "max": 3007
          },
          "domContentLoadedTime": {
            "median": 4617,
            "mean": 5082,
            "mdev": 547.8242,
            "stddev": 949,
            "min": 4225,
            "p10": 4225,
            "p90": 6405,
            "p99": 6405,
            "max": 6405
          },
          "domInteractiveTime": {
            "median": 4452,
            "mean": 4972,
            "mdev": 581.3211,
            "stddev": 1007,
            "min": 4084,
            "p10": 4084,
            "p90": 6380,
            "p99": 6380,
            "max": 6380
          },
          "domainLookupTime": {
            "median": 0,
            "mean": 0,
            "mdev": 0,
            "stddev": 0,
            "min": 0,
            "p10": 0,
            "p90": 0,
            "p99": 0,
            "max": 0
          },
          "frontEndTime": {
            "median": 4385,
            "mean": 4060,
            "mdev": 437.1094,
            "stddev": 757,
            "min": 3014,
            "p10": 3014,
            "p90": 4781,
            "p99": 4781,
            "max": 4781
          },
          "pageDownloadTime": {
            "median": 0,
            "mean": 0,
            "mdev": 0,
            "stddev": 0,
            "min": 0,
            "p10": 0,
            "p90": 0,
            "p99": 0,
            "max": 0
          },
          "pageLoadTime": {
            "median": 5943,
            "mean": 5990,
            "mdev": 836.4948,
            "stddev": 1449,
            "min": 4240,
            "p10": 4240,
            "p90": 7788,
            "p99": 7788,
            "max": 7788
          },
          "redirectionTime": {
            "median": 470,
            "mean": 935,
            "mdev": 382.123,
            "stddev": 662,
            "min": 464,
            "p10": 464,
            "p90": 1871,
            "p99": 1871,
            "max": 1871
          },
          "serverConnectionTime": {
            "median": 0,
            "mean": 0,
            "mdev": 0,
            "stddev": 0,
            "min": 0,
            "p10": 0,
            "p90": 0,
            "p99": 0,
            "max": 0
          },
          "serverResponseTime": {
            "median": 1043,
            "mean": 953,
            "mdev": 96.1045,
            "stddev": 166,
            "min": 720,
            "p10": 720,
            "p90": 1097,
            "p99": 1097,
            "max": 1097
          }
        },
        "rumSpeedIndex": {
          "median": 1558,
          "mean": 1930,
          "mdev": 446.4587,
          "stddev": 773,
          "min": 1226,
          "p10": 1226,
          "p90": 3007,
          "p99": 3007,
          "max": 3007
        },
        "timeToContentfulPaint": {
          "median": 2537,
          "mean": 3033,
          "mdev": 418.1143,
          "stddev": 724,
          "min": 2505,
          "p10": 2505,
          "p90": 4057,
          "p99": 4057,
          "max": 4057
        },
        "timeToDomContentFlushed": {
          "median": 3157,
          "mean": 3636,
          "mdev": 443.6882,
          "stddev": 768,
          "min": 3030,
          "p10": 3030,
          "p90": 4720,
          "p99": 4720,
          "max": 4720
        }
      }
    }
  }
]