[
  {
    "info": {
      "browsertime": {
        "version": "8.4.0"
      },
      "url": "https://www.reddit.com/",
      "timestamp": "2021-03-30T01:11:42+04:00",
      "connectivity": {
        "engine": "external",
        "profile": "native"
      },
      "extra": {}
    },
    "files": {
      "video": [],
      "screenshot": [],
      "timeline": [],
      "consoleLog": [],
      "netLog": [],
      "perfLog": []
    },
    "cdp": {
      "performance": []
    },
    "timestamps": [
      "2021-03-30T01:11:22+04:00",
      "2021-03-30T01:11:54+04:00",
      "2021-03-30T01:12:26+04:00"
    ],
    "browserScripts": [
      {
        "browser": {
          "appConstants": {
            "ACCESSIBILITY": true,
            "ANDROID_PACKAGE_NAME": "org.mozilla.firefox",
            "ASAN": false,
            "ASAN_REPORTER": false,
            "BROWSER_CHROME_URL": "chrome://browser/content/browser.xul",
            "DEBUG": false,
            "DEBUG_JS_MODULES": "",
            "DLL_PREFIX": "lib",
            "DLL_SUFFIX": ".so",
            "EARLY_BETA_OR_EARLIER": false,
            "FENNEC_NIGHTLY": false,
            "HAVE_SHELL_SERVICE": false,
            "HAVE_USR_LIB64_DIR": false,
            "MENUBAR_CAN_AUTOHIDE": false,
            "MOZILLA_OFFICIAL": true,
            "MOZ_ALLOW_LEGACY_EXTENSIONS": false,
            "MOZ_ANDROID_ACTIVITY_STREAM": false,
            "MOZ_ANDROID_HISTORY": true,
            "MOZ_ANDROID_MOZILLA_ONLINE": false,
            "MOZ_APP_NAME": "fennec",
            "MOZ_APP_VERSION": "68.1.1",
            "MOZ_APP_VERSION_DISPLAY": "68.1.1",
            "MOZ_BING_API_CLIENTID": "no-bing-api-clientid",
            "MOZ_BING_API_KEY": "no-bing-api-key",
            "MOZ_BITS_DOWNLOAD": false,
            "MOZ_BUILD_APP": "mobile/android",
            "MOZ_CODE_COVERAGE": false,
            "MOZ_CRASHREPORTER": true,
            "MOZ_DATA_REPORTING": true,
            "MOZ_DEV_EDITION": false,
            "MOZ_GECKO_PROFILER": true,
            "MOZ_GOOGLE_LOCATION_SERVICE_API_KEY": "AIzaSyB2h2OuRcUgy5N-5hsZqiPW6sH3n_rptiQ",
            "MOZ_GOOGLE_SAFEBROWSING_API_KEY": "AIzaSyC7jsptDS3am4tPx4r3nxis7IMjBc5Dovo",
            "MOZ_GRAPHENE": false,
            "MOZ_MACBUNDLE_NAME": "Firefox.app",
            "MOZ_MAINTENANCE_SERVICE": false,
            "MOZ_MOZILLA_API_KEY": "3b4d27dd-703d-4094-8398-4de2c763505a",
            "MOZ_NEW_CERT_STORAGE": false,
            "MOZ_NEW_NOTIFICATION_STORE": false,
            "MOZ_NEW_XULSTORE": false,
            "MOZ_OFFICIAL_BRANDING": false,
            "MOZ_PLACES": false,
            "MOZ_REQUIRE_SIGNING": false,
            "MOZ_SANDBOX": false,
            "MOZ_SERVICES_HEALTHREPORT": true,
            "MOZ_SERVICES_SYNC": false,
            "MOZ_SWITCHBOARD": true,
            "MOZ_SYSTEM_NSS": false,
            "MOZ_TELEMETRY_ON_BY_DEFAULT": false,
            "MOZ_TELEMETRY_REPORTING": true,
            "MOZ_UNSIGNED_SCOPES": 0,
            "MOZ_UPDATER": false,
            "MOZ_UPDATE_CHANNEL": "release",
            "MOZ_WEBRTC": true,
            "MOZ_WIDGET_GTK": false,
            "MOZ_WIDGET_TOOLKIT": "android",
            "NIGHTLY_BUILD": false,
            "OMNIJAR_NAME": "assets/omni.ja",
            "RELEASE_OR_BETA": true,
            "SOURCE_REVISION_URL": "https://hg.mozilla.org/releases/mozilla-esr68/rev/d2e0b9e17b9bc1ef02606c8006b73293f7892ad5",
            "TELEMETRY_PING_FORMAT_VERSION": 4,
            "XP_UNIX": true,
            "isPlatformAndVersionAtLeast": {},
            "isPlatformAndVersionAtMost": {},
            "platform": "android"
          },
          "asyncAppConstants": {
            "ACCESSIBILITY": true,
            "ANDROID_PACKAGE_NAME": "org.mozilla.firefox",
            "ASAN": false,
            "ASAN_REPORTER": false,
            "BROWSER_CHROME_URL": "chrome://browser/content/browser.xul",
            "DEBUG": false,
            "DEBUG_JS_MODULES": "",
            "DLL_PREFIX": "lib",
            "DLL_SUFFIX": ".so",
            "EARLY_BETA_OR_EARLIER": false,
            "FENNEC_NIGHTLY": false,
            "HAVE_SHELL_SERVICE": false,
            "HAVE_USR_LIB64_DIR": false,
            "MENUBAR_CAN_AUTOHIDE": false,
            "MOZILLA_OFFICIAL": true,
            "MOZ_ALLOW_LEGACY_EXTENSIONS": false,
            "MOZ_ANDROID_ACTIVITY_STREAM": false,
            "MOZ_ANDROID_HISTORY": true,
            "MOZ_ANDROID_MOZILLA_ONLINE": false,
            "MOZ_APP_NAME": "fennec",
            "MOZ_APP_VERSION": "68.1.1",
            "MOZ_APP_VERSION_DISPLAY": "68.1.1",
            "MOZ_BING_API_CLIENTID": "no-bing-api-clientid",
            "MOZ_BING_API_KEY": "no-bing-api-key",
            "MOZ_BITS_DOWNLOAD": false,
            "MOZ_BUILD_APP": "mobile/android",
            "MOZ_CODE_COVERAGE": false,
            "MOZ_CRASHREPORTER": true,
            "MOZ_DATA_REPORTING": true,
            "MOZ_DEV_EDITION": false,
            "MOZ_GECKO_PROFILER": true,
            "MOZ_GOOGLE_LOCATION_SERVICE_API_KEY": "AIzaSyB2h2OuRcUgy5N-5hsZqiPW6sH3n_rptiQ",
            "MOZ_GOOGLE_SAFEBROWSING_API_KEY": "AIzaSyC7jsptDS3am4tPx4r3nxis7IMjBc5Dovo",
            "MOZ_GRAPHENE": false,
            "MOZ_MACBUNDLE_NAME": "Firefox.app",
            "MOZ_MAINTENANCE_SERVICE": false,
            "MOZ_MOZILLA_API_KEY": "3b4d27dd-703d-4094-8398-4de2c763505a",
            "MOZ_NEW_CERT_STORAGE": false,
            "MOZ_NEW_NOTIFICATION_STORE": false,
            "MOZ_NEW_XULSTORE": false,
            "MOZ_OFFICIAL_BRANDING": false,
            "MOZ_PLACES": false,
            "MOZ_REQUIRE_SIGNING": false,
            "MOZ_SANDBOX": false,
            "MOZ_SERVICES_HEALTHREPORT": true,
            "MOZ_SERVICES_SYNC": false,
            "MOZ_SWITCHBOARD": true,
            "MOZ_SYSTEM_NSS": false,
            "MOZ_TELEMETRY_ON_BY_DEFAULT": false,
            "MOZ_TELEMETRY_REPORTING": true,
            "MOZ_UNSIGNED_SCOPES": 0,
            "MOZ_UPDATER": false,
            "MOZ_UPDATE_CHANNEL": "release",
            "MOZ_WEBRTC": true,
            "MOZ_WIDGET_GTK": false,
            "MOZ_WIDGET_TOOLKIT": "android",
            "NIGHTLY_BUILD": false,
            "OMNIJAR_NAME": "assets/omni.ja",
            "RELEASE_OR_BETA": true,
            "SOURCE_REVISION_URL": "https://hg.mozilla.org/releases/mozilla-esr68/rev/d2e0b9e17b9bc1ef02606c8006b73293f7892ad5",
            "TELEMETRY_PING_FORMAT_VERSION": 4,
            "XP_UNIX": true,
            "isPlatformAndVersionAtLeast": {},
            "isPlatformAndVersionAtMost": {},
            "platform": "android"
          },
          "userAgent": "Mozilla/5.0 (Android 8.1.0; Mobile; rv:68.0) Gecko/68.0 Firefox/68.0",
          "windowSize": "360x560"
        },
        "pageinfo": {
          "documentHeight": 560,
          "documentSize": {
            "decodedBodySize": 206366,
            "encodedBodySize": 38424,
            "transferSize": 39994
          },
          "documentTitle": "reddit: the front page of the internet",
          "documentWidth": 360,
          "domElements": 1832,
          "navigationStartTime": 1617052283245,
          "nextHopProtocol": "h2",
          "resources": {
            "count": 0,
            "duration": 0
          },
          "responsive": true,
          "url": "https://www.reddit.com/",
          "visualElements": {
            "heroes": [
              {
                "filename": "communityIcon_d56uwvvfalo61.jpg?width=256&s=a4891379b26c96e49205671f09728b5229216b03",
                "height": 24,
                "name": "LargestImage",
                "width": 24,
                "x": 16,
                "y": 161
              },
              {
                "filename": null,
                "height": 53,
                "name": "Heading",
                "width": 360,
                "x": 0,
                "y": 48
              }
            ],
            "viewport": {
              "height": 0,
              "width": 360
            }
          }
        },
        "timings": {
          "firstPaint": 904,
          "loadEventEnd": 12541,
          "navigationTiming": {
            "connectStart": 39,
            "domComplete": 12523,
            "domContentLoadedEventEnd": 929,
            "domContentLoadedEventStart": 921,
            "domInteractive": 867,
            "domainLookupEnd": 39,
            "domainLookupStart": 38,
            "duration": 12541,
            "fetchStart": 3,
            "loadEventEnd": 12541,
            "loadEventStart": 12523,
            "redirectEnd": 0,
            "redirectStart": 0,
            "requestStart": 142,
            "responseEnd": 626,
            "responseStart": 428,
            "secureConnectionStart": 51,
            "startTime": 0,
            "unloadEventEnd": 0,
            "unloadEventStart": 0,
            "workerStart": 0
          },
          "pageTimings": {
            "backEndTime": 428,
            "domContentLoadedTime": 921,
            "domInteractiveTime": 867,
            "domainLookupTime": 0,
            "frontEndTime": 11897,
            "pageDownloadTime": 198,
            "pageLoadTime": 12523,
            "redirectionTime": 0,
            "serverConnectionTime": 102,
            "serverResponseTime": 484
          },
          "rumSpeedIndex": 427,
          "timeToContentfulPaint": 974,
          "timeToDomContentFlushed": 867,
          "userTimings": {
            "marks": [
              {
                "name": "app-html-parse-start",
                "startTime": 776.3000000000001
              },
              {
                "name": "bootstrap-json-parse-end",
                "startTime": 788.84
              },
              {
                "name": "app-init-started",
                "startTime": 2091.5
              },
              {
                "name": "contentful-paint",
                "startTime": 2600.16
              },
              {
                "name": "app-init-ended",
                "startTime": 2861.38
              },
              {
                "name": "app-init-ended",
                "startTime": 3007.8
              },
              {
                "name": "gpt-tag-load",
                "startTime": 9945.3
              },
              {
                "name": "meaningful-paint",
                "startTime": 12458.18
              },
              {
                "name": "loadStarteventUtils",
                "startTime": 12754.86
              },
              {
                "name": "loadEndeventUtils",
                "startTime": 12755.32
              },
              {
                "name": "loadStartpixelQueue",
                "startTime": 12755.52
              },
              {
                "name": "loadEndpixelQueue",
                "startTime": 12755.66
              }
            ],
            "measures": [
              {
                "duration": 0.4599999999991269,
                "name": "lteu",
                "startTime": 12754.86
              },
              {
                "duration": 0.13999999999941792,
                "name": "ltpq",
                "startTime": 12755.52
              }
            ]
          }
        }
      },
      {
        "browser": {
          "appConstants": {
            "ACCESSIBILITY": true,
            "ANDROID_PACKAGE_NAME": "org.mozilla.firefox",
            "ASAN": false,
            "ASAN_REPORTER": false,
            "BROWSER_CHROME_URL": "chrome://browser/content/browser.xul",
            "DEBUG": false,
            "DEBUG_JS_MODULES": "",
            "DLL_PREFIX": "lib",
            "DLL_SUFFIX": ".so",
            "EARLY_BETA_OR_EARLIER": false,
            "FENNEC_NIGHTLY": false,
            "HAVE_SHELL_SERVICE": false,
            "HAVE_USR_LIB64_DIR": false,
            "MENUBAR_CAN_AUTOHIDE": false,
            "MOZILLA_OFFICIAL": true,
            "MOZ_ALLOW_LEGACY_EXTENSIONS": false,
            "MOZ_ANDROID_ACTIVITY_STREAM": false,
            "MOZ_ANDROID_HISTORY": true,
            "MOZ_ANDROID_MOZILLA_ONLINE": false,
            "MOZ_APP_NAME": "fennec",
            "MOZ_APP_VERSION": "68.1.1",
            "MOZ_APP_VERSION_DISPLAY": "68.1.1",
            "MOZ_BING_API_CLIENTID": "no-bing-api-clientid",
            "MOZ_BING_API_KEY": "no-bing-api-key",
            "MOZ_BITS_DOWNLOAD": false,
            "MOZ_BUILD_APP": "mobile/android",
            "MOZ_CODE_COVERAGE": false,
            "MOZ_CRASHREPORTER": true,
            "MOZ_DATA_REPORTING": true,
            "MOZ_DEV_EDITION": false,
            "MOZ_GECKO_PROFILER": true,
            "MOZ_GOOGLE_LOCATION_SERVICE_API_KEY": "AIzaSyB2h2OuRcUgy5N-5hsZqiPW6sH3n_rptiQ",
            "MOZ_GOOGLE_SAFEBROWSING_API_KEY": "AIzaSyC7jsptDS3am4tPx4r3nxis7IMjBc5Dovo",
            "MOZ_GRAPHENE": false,
            "MOZ_MACBUNDLE_NAME": "Firefox.app",
            "MOZ_MAINTENANCE_SERVICE": false,
            "MOZ_MOZILLA_API_KEY": "3b4d27dd-703d-4094-8398-4de2c763505a",
            "MOZ_NEW_CERT_STORAGE": false,
            "MOZ_NEW_NOTIFICATION_STORE": false,
            "MOZ_NEW_XULSTORE": false,
            "MOZ_OFFICIAL_BRANDING": false,
            "MOZ_PLACES": false,
            "MOZ_REQUIRE_SIGNING": false,
            "MOZ_SANDBOX": false,
            "MOZ_SERVICES_HEALTHREPORT": true,
            "MOZ_SERVICES_SYNC": false,
            "MOZ_SWITCHBOARD": true,
            "MOZ_SYSTEM_NSS": false,
            "MOZ_TELEMETRY_ON_BY_DEFAULT": false,
            "MOZ_TELEMETRY_REPORTING": true,
            "MOZ_UNSIGNED_SCOPES": 0,
            "MOZ_UPDATER": false,
            "MOZ_UPDATE_CHANNEL": "release",
            "MOZ_WEBRTC": true,
            "MOZ_WIDGET_GTK": false,
            "MOZ_WIDGET_TOOLKIT": "android",
            "NIGHTLY_BUILD": false,
            "OMNIJAR_NAME": "assets/omni.ja",
            "RELEASE_OR_BETA": true,
            "SOURCE_REVISION_URL": "https://hg.mozilla.org/releases/mozilla-esr68/rev/d2e0b9e17b9bc1ef02606c8006b73293f7892ad5",
            "TELEMETRY_PING_FORMAT_VERSION": 4,
            "XP_UNIX": true,
            "isPlatformAndVersionAtLeast": {},
            "isPlatformAndVersionAtMost": {},
            "platform": "android"
          },
          "asyncAppConstants": {
            "ACCESSIBILITY": true,
            "ANDROID_PACKAGE_NAME": "org.mozilla.firefox",
            "ASAN": false,
            "ASAN_REPORTER": false,
            "BROWSER_CHROME_URL": "chrome://browser/content/browser.xul",
            "DEBUG": false,
            "DEBUG_JS_MODULES": "",
            "DLL_PREFIX": "lib",
            "DLL_SUFFIX": ".so",
            "EARLY_BETA_OR_EARLIER": false,
            "FENNEC_NIGHTLY": false,
            "HAVE_SHELL_SERVICE": false,
            "HAVE_USR_LIB64_DIR": false,
            "MENUBAR_CAN_AUTOHIDE": false,
            "MOZILLA_OFFICIAL": true,
            "MOZ_ALLOW_LEGACY_EXTENSIONS": false,
            "MOZ_ANDROID_ACTIVITY_STREAM": false,
            "MOZ_ANDROID_HISTORY": true,
            "MOZ_ANDROID_MOZILLA_ONLINE": false,
            "MOZ_APP_NAME": "fennec",
            "MOZ_APP_VERSION": "68.1.1",
            "MOZ_APP_VERSION_DISPLAY": "68.1.1",
            "MOZ_BING_API_CLIENTID": "no-bing-api-clientid",
            "MOZ_BING_API_KEY": "no-bing-api-key",
            "MOZ_BITS_DOWNLOAD": false,
            "MOZ_BUILD_APP": "mobile/android",
            "MOZ_CODE_COVERAGE": false,
            "MOZ_CRASHREPORTER": true,
            "MOZ_DATA_REPORTING": true,
            "MOZ_DEV_EDITION": false,
            "MOZ_GECKO_PROFILER": true,
            "MOZ_GOOGLE_LOCATION_SERVICE_API_KEY": "AIzaSyB2h2OuRcUgy5N-5hsZqiPW6sH3n_rptiQ",
            "MOZ_GOOGLE_SAFEBROWSING_API_KEY": "AIzaSyC7jsptDS3am4tPx4r3nxis7IMjBc5Dovo",
            "MOZ_GRAPHENE": false,
            "MOZ_MACBUNDLE_NAME": "Firefox.app",
            "MOZ_MAINTENANCE_SERVICE": false,
            "MOZ_MOZILLA_API_KEY": "3b4d27dd-703d-4094-8398-4de2c763505a",
            "MOZ_NEW_CERT_STORAGE": false,
            "MOZ_NEW_NOTIFICATION_STORE": false,
            "MOZ_NEW_XULSTORE": false,
            "MOZ_OFFICIAL_BRANDING": false,
            "MOZ_PLACES": false,
            "MOZ_REQUIRE_SIGNING": false,
            "MOZ_SANDBOX": false,
            "MOZ_SERVICES_HEALTHREPORT": true,
            "MOZ_SERVICES_SYNC": false,
            "MOZ_SWITCHBOARD": true,
            "MOZ_SYSTEM_NSS": false,
            "MOZ_TELEMETRY_ON_BY_DEFAULT": false,
            "MOZ_TELEMETRY_REPORTING": true,
            "MOZ_UNSIGNED_SCOPES": 0,
            "MOZ_UPDATER": false,
            "MOZ_UPDATE_CHANNEL": "release",
            "MOZ_WEBRTC": true,
            "MOZ_WIDGET_GTK": false,
            "MOZ_WIDGET_TOOLKIT": "android",
            "NIGHTLY_BUILD": false,
            "OMNIJAR_NAME": "assets/omni.ja",
            "RELEASE_OR_BETA": true,
            "SOURCE_REVISION_URL": "https://hg.mozilla.org/releases/mozilla-esr68/rev/d2e0b9e17b9bc1ef02606c8006b73293f7892ad5",
            "TELEMETRY_PING_FORMAT_VERSION": 4,
            "XP_UNIX": true,
            "isPlatformAndVersionAtLeast": {},
            "isPlatformAndVersionAtMost": {},
            "platform": "android"
          },
          "userAgent": "Mozilla/5.0 (Android 8.1.0; Mobile; rv:68.0) Gecko/68.0 Firefox/68.0",
          "windowSize": "360x560"
        },
        "pageinfo": {
          "documentHeight": 560,
          "documentSize": {
            "decodedBodySize": 206120,
            "encodedBodySize": 38385,
            "transferSize": 39955
          },
          "documentTitle": "reddit: the front page of the internet",
          "documentWidth": 360,
          "domElements": 1839,
          "navigationStartTime": 1617052314845,
          "nextHopProtocol": "h2",
          "resources": {
            "count": 0,
            "duration": 0
          },
          "responsive": true,
          "url": "https://www.reddit.com/",
          "visualElements": {
            "heroes": [
              {
                "filename": "communityIcon_d56uwvvfalo61.jpg?width=256&s=a4891379b26c96e49205671f09728b5229216b03",
                "height": 24,
                "name": "LargestImage",
                "width": 24,
                "x": 16,
                "y": 161
              },
              {
                "filename": null,
                "height": 53,
                "name": "Heading",
                "width": 360,
                "x": 0,
                "y": 48
              }
            ],
            "viewport": {
              "height": 0,
              "width": 360
            }
          }
        },
        "timings": {
          "firstPaint": 857,
          "loadEventEnd": 11931,
          "navigationTiming": {
            "connectStart": 37,
            "domComplete": 11912,
            "domContentLoadedEventEnd": 905,
            "domContentLoadedEventStart": 894,
            "domInteractive": 890,
            "domainLookupEnd": 33,
            "domainLookupStart": 33,
            "duration": 11931,
            "fetchStart": 3,
            "loadEventEnd": 11931,
            "loadEventStart": 11912,
            "redirectEnd": 0,
            "redirectStart": 0,
            "requestStart": 129,
            "responseEnd": 415,
            "responseStart": 415,
            "secureConnectionStart": 46,
            "startTime": 0,
            "unloadEventEnd": 0,
            "unloadEventStart": 0,
            "workerStart": 0
          },
          "pageTimings": {
            "backEndTime": 415,
            "domContentLoadedTime": 894,
            "domInteractiveTime": 890,
            "domainLookupTime": 0,
            "frontEndTime": 11496,
            "pageDownloadTime": 0,
            "pageLoadTime": 11912,
            "redirectionTime": 0,
            "serverConnectionTime": 91,
            "serverResponseTime": 286
          },
          "rumSpeedIndex": 415,
          "timeToContentfulPaint": 924,
          "timeToDomContentFlushed": 890,
          "userTimings": {
            "marks": [
              {
                "name": "app-html-parse-start",
                "startTime": 725.76
              },
              {
                "name": "bootstrap-json-parse-end",
                "startTime": 830
              },
              {
                "name": "app-init-started",
                "startTime": 2012.32
              },
              {
                "name": "contentful-paint",
                "startTime": 2512.54
              },
              {
                "name": "app-init-ended",
                "startTime": 2746.32
              },
              {
                "name": "app-init-ended",
                "startTime": 2865.42
              },
              {
                "name": "loadStarteventUtils",
                "startTime": 3580
              },
              {
                "name": "loadEndeventUtils",
                "startTime": 3580.4
              },
              {
                "name": "loadStartpixelQueue",
                "startTime": 3580.54
              },
              {
                "name": "loadEndpixelQueue",
                "startTime": 3580.64
              },
              {
                "name": "gpt-tag-load",
                "startTime": 9264.66
              },
              {
                "name": "meaningful-paint",
                "startTime": 11138.58
              }
            ],
            "measures": [
              {
                "duration": 0.40000000000009095,
                "name": "lteu",
                "startTime": 3580
              },
              {
                "duration": 0.09999999999990904,
                "name": "ltpq",
                "startTime": 3580.54
              }
            ]
          }
        }
      },
      {
        "browser": {
          "appConstants": {
            "ACCESSIBILITY": true,
            "ANDROID_PACKAGE_NAME": "org.mozilla.firefox",
            "ASAN": false,
            "ASAN_REPORTER": false,
            "BROWSER_CHROME_URL": "chrome://browser/content/browser.xul",
            "DEBUG": false,
            "DEBUG_JS_MODULES": "",
            "DLL_PREFIX": "lib",
            "DLL_SUFFIX": ".so",
            "EARLY_BETA_OR_EARLIER": false,
            "FENNEC_NIGHTLY": false,
            "HAVE_SHELL_SERVICE": false,
            "HAVE_USR_LIB64_DIR": false,
            "MENUBAR_CAN_AUTOHIDE": false,
            "MOZILLA_OFFICIAL": true,
            "MOZ_ALLOW_LEGACY_EXTENSIONS": false,
            "MOZ_ANDROID_ACTIVITY_STREAM": false,
            "MOZ_ANDROID_HISTORY": true,
            "MOZ_ANDROID_MOZILLA_ONLINE": false,
            "MOZ_APP_NAME": "fennec",
            "MOZ_APP_VERSION": "68.1.1",
            "MOZ_APP_VERSION_DISPLAY": "68.1.1",
            "MOZ_BING_API_CLIENTID": "no-bing-api-clientid",
            "MOZ_BING_API_KEY": "no-bing-api-key",
            "MOZ_BITS_DOWNLOAD": false,
            "MOZ_BUILD_APP": "mobile/android",
            "MOZ_CODE_COVERAGE": false,
            "MOZ_CRASHREPORTER": true,
            "MOZ_DATA_REPORTING": true,
            "MOZ_DEV_EDITION": false,
            "MOZ_GECKO_PROFILER": true,
            "MOZ_GOOGLE_LOCATION_SERVICE_API_KEY": "AIzaSyB2h2OuRcUgy5N-5hsZqiPW6sH3n_rptiQ",
            "MOZ_GOOGLE_SAFEBROWSING_API_KEY": "AIzaSyC7jsptDS3am4tPx4r3nxis7IMjBc5Dovo",
            "MOZ_GRAPHENE": false,
            "MOZ_MACBUNDLE_NAME": "Firefox.app",
            "MOZ_MAINTENANCE_SERVICE": false,
            "MOZ_MOZILLA_API_KEY": "3b4d27dd-703d-4094-8398-4de2c763505a",
            "MOZ_NEW_CERT_STORAGE": false,
            "MOZ_NEW_NOTIFICATION_STORE": false,
            "MOZ_NEW_XULSTORE": false,
            "MOZ_OFFICIAL_BRANDING": false,
            "MOZ_PLACES": false,
            "MOZ_REQUIRE_SIGNING": false,
            "MOZ_SANDBOX": false,
            "MOZ_SERVICES_HEALTHREPORT": true,
            "MOZ_SERVICES_SYNC": false,
            "MOZ_SWITCHBOARD": true,
            "MOZ_SYSTEM_NSS": false,
            "MOZ_TELEMETRY_ON_BY_DEFAULT": false,
            "MOZ_TELEMETRY_REPORTING": true,
            "MOZ_UNSIGNED_SCOPES": 0,
            "MOZ_UPDATER": false,
            "MOZ_UPDATE_CHANNEL": "release",
            "MOZ_WEBRTC": true,
            "MOZ_WIDGET_GTK": false,
            "MOZ_WIDGET_TOOLKIT": "android",
            "NIGHTLY_BUILD": false,
            "OMNIJAR_NAME": "assets/omni.ja",
            "RELEASE_OR_BETA": true,
            "SOURCE_REVISION_URL": "https://hg.mozilla.org/releases/mozilla-esr68/rev/d2e0b9e17b9bc1ef02606c8006b73293f7892ad5",
            "TELEMETRY_PING_FORMAT_VERSION": 4,
            "XP_UNIX": true,
            "isPlatformAndVersionAtLeast": {},
            "isPlatformAndVersionAtMost": {},
            "platform": "android"
          },
          "asyncAppConstants": {
            "ACCESSIBILITY": true,
            "ANDROID_PACKAGE_NAME": "org.mozilla.firefox",
            "ASAN": false,
            "ASAN_REPORTER": false,
            "BROWSER_CHROME_URL": "chrome://browser/content/browser.xul",
            "DEBUG": false,
            "DEBUG_JS_MODULES": "",
            "DLL_PREFIX": "lib",
            "DLL_SUFFIX": ".so",
            "EARLY_BETA_OR_EARLIER": false,
            "FENNEC_NIGHTLY": false,
            "HAVE_SHELL_SERVICE": false,
            "HAVE_USR_LIB64_DIR": false,
            "MENUBAR_CAN_AUTOHIDE": false,
            "MOZILLA_OFFICIAL": true,
            "MOZ_ALLOW_LEGACY_EXTENSIONS": false,
            "MOZ_ANDROID_ACTIVITY_STREAM": false,
            "MOZ_ANDROID_HISTORY": true,
            "MOZ_ANDROID_MOZILLA_ONLINE": false,
            "MOZ_APP_NAME": "fennec",
            "MOZ_APP_VERSION": "68.1.1",
            "MOZ_APP_VERSION_DISPLAY": "68.1.1",
            "MOZ_BING_API_CLIENTID": "no-bing-api-clientid",
            "MOZ_BING_API_KEY": "no-bing-api-key",
            "MOZ_BITS_DOWNLOAD": false,
            "MOZ_BUILD_APP": "mobile/android",
            "MOZ_CODE_COVERAGE": false,
            "MOZ_CRASHREPORTER": true,
            "MOZ_DATA_REPORTING": true,
            "MOZ_DEV_EDITION": false,
            "MOZ_GECKO_PROFILER": true,
            "MOZ_GOOGLE_LOCATION_SERVICE_API_KEY": "AIzaSyB2h2OuRcUgy5N-5hsZqiPW6sH3n_rptiQ",
            "MOZ_GOOGLE_SAFEBROWSING_API_KEY": "AIzaSyC7jsptDS3am4tPx4r3nxis7IMjBc5Dovo",
            "MOZ_GRAPHENE": false,
            "MOZ_MACBUNDLE_NAME": "Firefox.app",
            "MOZ_MAINTENANCE_SERVICE": false,
            "MOZ_MOZILLA_API_KEY": "3b4d27dd-703d-4094-8398-4de2c763505a",
            "MOZ_NEW_CERT_STORAGE": false,
            "MOZ_NEW_NOTIFICATION_STORE": false,
            "MOZ_NEW_XULSTORE": false,
            "MOZ_OFFICIAL_BRANDING": false,
            "MOZ_PLACES": false,
            "MOZ_REQUIRE_SIGNING": false,
            "MOZ_SANDBOX": false,
            "MOZ_SERVICES_HEALTHREPORT": true,
            "MOZ_SERVICES_SYNC": false,
            "MOZ_SWITCHBOARD": true,
            "MOZ_SYSTEM_NSS": false,
            "MOZ_TELEMETRY_ON_BY_DEFAULT": false,
            "MOZ_TELEMETRY_REPORTING": true,
            "MOZ_UNSIGNED_SCOPES": 0,
            "MOZ_UPDATER": false,
            "MOZ_UPDATE_CHANNEL": "release",
            "MOZ_WEBRTC": true,
            "MOZ_WIDGET_GTK": false,
            "MOZ_WIDGET_TOOLKIT": "android",
            "NIGHTLY_BUILD": false,
            "OMNIJAR_NAME": "assets/omni.ja",
            "RELEASE_OR_BETA": true,
            "SOURCE_REVISION_URL": "https://hg.mozilla.org/releases/mozilla-esr68/rev/d2e0b9e17b9bc1ef02606c8006b73293f7892ad5",
            "TELEMETRY_PING_FORMAT_VERSION": 4,
            "XP_UNIX": true,
            "isPlatformAndVersionAtLeast": {},
            "isPlatformAndVersionAtMost": {},
            "platform": "android"
          },
          "userAgent": "Mozilla/5.0 (Android 8.1.0; Mobile; rv:68.0) Gecko/68.0 Firefox/68.0",
          "windowSize": "360x560"
        },
        "pageinfo": {
          "documentHeight": 560,
          "documentSize": {
            "decodedBodySize": 206693,
            "encodedBodySize": 38483,
            "transferSize": 40053
          },
          "documentTitle": "reddit: the front page of the internet",
          "documentWidth": 360,
          "domElements": 1832,
          "navigationStartTime": 1617052346979,
          "nextHopProtocol": "h2",
          "resources": {
            "count": 0,
            "duration": 0
          },
          "responsive": true,
          "url": "https://www.reddit.com/",
          "visualElements": {
            "heroes": [
              {
                "filename": "communityIcon_d56uwvvfalo61.jpg?width=256&s=a4891379b26c96e49205671f09728b5229216b03",
                "height": 24,
                "name": "LargestImage",
                "width": 24,
                "x": 16,
                "y": 161
              },
              {
                "filename": null,
                "height": 53,
                "name": "Heading",
                "width": 360,
                "x": 0,
                "y": 48
              }
            ],
            "viewport": {
              "height": 0,
              "width": 360
            }
          }
        },
        "timings": {
          "firstPaint": 1291,
          "loadEventEnd": 12409,
          "navigationTiming": {
            "connectStart": 37,
            "domComplete": 12389,
            "domContentLoadedEventEnd": 1289,
            "domContentLoadedEventStart": 1278,
            "domInteractive": 1239,
            "domainLookupEnd": 37,
            "domainLookupStart": 37,
            "duration": 12409,
            "fetchStart": 3,
            "loadEventEnd": 12409,
            "loadEventStart": 12389,
            "redirectEnd": 0,
            "redirectStart": 0,
            "requestStart": 129,
            "responseEnd": 887,
            "responseStart": 887,
            "secureConnectionStart": 48,
            "startTime": 0,
            "unloadEventEnd": 0,
            "unloadEventStart": 0,
            "workerStart": 0
          },
          "pageTimings": {
            "backEndTime": 887,
            "domContentLoadedTime": 1278,
            "domInteractiveTime": 1239,
            "domainLookupTime": 0,
            "frontEndTime": 11502,
            "pageDownloadTime": 0,
            "pageLoadTime": 12389,
            "redirectionTime": 0,
            "serverConnectionTime": 91,
            "serverResponseTime": 759
          },
          "rumSpeedIndex": 887,
          "timeToContentfulPaint": 1358,
          "timeToDomContentFlushed": 1239,
          "userTimings": {
            "marks": [
              {
                "name": "app-html-parse-start",
                "startTime": 1144.32
              },
              {
                "name": "bootstrap-json-parse-end",
                "startTime": 1155.98
              },
              {
                "name": "app-init-started",
                "startTime": 2480.68
              },
              {
                "name": "contentful-paint",
                "startTime": 3006.16
              },
              {
                "name": "app-init-ended",
                "startTime": 3241.52
              },
              {
                "name": "app-init-ended",
                "startTime": 3358.5
              },
              {
                "name": "gpt-tag-load",
                "startTime": 9808
              },
              {
                "name": "meaningful-paint",
                "startTime": 12292.42
              },
              {
                "name": "loadStarteventUtils",
                "startTime": 12531.96
              },
              {
                "name": "loadEndeventUtils",
                "startTime": 12532.32
              },
              {
                "name": "loadStartpixelQueue",
                "startTime": 12532.62
              },
              {
                "name": "loadEndpixelQueue",
                "startTime": 12532.8
              }
            ],
            "measures": [
              {
                "duration": 0.3599999999987631,
                "name": "lteu",
                "startTime": 12531.96
              },
              {
                "duration": 0.18000000000029104,
                "name": "ltpq",
                "startTime": 12532.62
              }
            ]
          }
        }
      }
    ],
    "visualMetrics": [],
    "cpu": [],
    "extras": [
      {},
      {},
      {}
    ],
    "fullyLoaded": [],
    "errors": [
      [],
      [],
      []
    ],
    "statistics": {
      "browser": {
        "appConstants": {
          "MOZ_UNSIGNED_SCOPES": {
            "median": 0,
            "mean": 0,
            "mdev": 0,
            "stddev": 0,
            "min": 0,
            "p10": 0,
            "p90": 0,
            "p99": 0,
            "max": 0
          },
          "TELEMETRY_PING_FORMAT_VERSION": {
            "median": 4,
            "mean": 4,
            "mdev": 0,
            "stddev": 0,
            "min": 4,
            "p10": 4,
            "p90": 4,
            "p99": 4,
            "max": 4
          }
        },
        "asyncAppConstants": {
          "MOZ_UNSIGNED_SCOPES": {
            "median": 0,
            "mean": 0,
            "mdev": 0,
            "stddev": 0,
            "min": 0,
            "p10": 0,
            "p90": 0,
            "p99": 0,
            "max": 0
          },
          "TELEMETRY_PING_FORMAT_VERSION": {
            "median": 4,
            "mean": 4,
            "mdev": 0,
            "stddev": 0,
            "min": 4,
            "p10": 4,
            "p90": 4,
            "p99": 4,
            "max": 4
          }
        }
      },
      "pageinfo": {
        "documentHeight": {
          "median": 560,
          "mean": 560,
          "mdev": 0,
          "stddev": 0,
          "min": 560,
          "p10": 560,
          "p90": 560,
          "p99": 560,
          "max": 560
        },
        "documentSize": {
          "decodedBodySize": {
            "median": 206366,
            "mean": 206393,
            "mdev": 135.5065,
            "stddev": 235,
            "min": 206120,
            "p10": 206120,
            "p90": 206693,
            "p99": 206693,
            "max": 206693
          },
          "encodedBodySize": {
            "median": 38424,
            "mean": 38431,
            "mdev": 23.2586,
            "stddev": 40,
            "min": 38385,
            "p10": 38385,
            "p90": 38483,
            "p99": 38483,
            "max": 38483
          },
          "transferSize": {
            "median": 39994,
            "mean": 40001,
            "mdev": 23.2586,
            "stddev": 40,
            "min": 39955,
            "p10": 39955,
            "p90": 40053,
            "p99": 40053,
            "max": 40053
          }
        },
        "documentWidth": {
          "median": 360,
          "mean": 360,
          "mdev": 0,
          "stddev": 0,
          "min": 360,
          "p10": 360,
          "p90": 360,
          "p99": 360,
          "max": 360
        },
        "domElements": {
          "median": 1832,
          "mean": 1834,
          "mdev": 1.9052,
          "stddev": 3,
          "min": 1832,
          "p10": 1832,
          "p90": 1839,
          "p99": 1839,
          "max": 1839
        },
        "navigationStartTime": {
          "median": 1617052314845,
          "mean": 1617052315023,
          "mdev": 17836.64,
          "stddev": 30894,
          "min": 1617052283245,
          "p10": 1617052283245,
          "p90": 1617052346979,
          "p99": 1617052346979,
          "max": 1617052346979
        },
        "resources": {
          "count": {
            "median": 0,
            "mean": 0,
            "mdev": 0,
            "stddev": 0,
            "min": 0,
            "p10": 0,
            "p90": 0,
            "p99": 0,
            "max": 0
          },
          "duration": {
            "median": 0,
            "mean": 0,
            "mdev": 0,
            "stddev": 0,
            "min": 0,
            "p10": 0,
            "p90": 0,
            "p99": 0,
            "max": 0
          }
        },
        "visualElements": {
          "heroes": [
            {
              "height": {
                "median": 24,
                "mean": 24,
                "mdev": 0,
                "stddev": 0,
                "min": 24,
                "p10": 24,
                "p90": 24,
                "p99": 24,
                "max": 24
              },
              "width": {
                "median": 24,
                "mean": 24,
                "mdev": 0,
                "stddev": 0,
                "min": 24,
                "p10": 24,
                "p90": 24,
                "p99": 24,
                "max": 24
              },
              "x": {
                "median": 16,
                "mean": 16,
                "mdev": 0,
                "stddev": 0,
                "min": 16,
                "p10": 16,
                "p90": 16,
                "p99": 16,
                "max": 16
              },
              "y": {
                "median": 161,
                "mean": 161,
                "mdev": 0,
                "stddev": 0,
                "min": 161,
                "p10": 161,
                "p90": 161,
                "p99": 161,
                "max": 161
              }
            },
            {
              "height": {
                "median": 53,
                "mean": 53,
                "mdev": 0,
                "stddev": 0,
                "min": 53,
                "p10": 53,
                "p90": 53,
                "p99": 53,
                "max": 53
              },
              "width": {
                "median": 360,
                "mean": 360,
                "mdev": 0,
                "stddev": 0,
                "min": 360,
                "p10": 360,
                "p90": 360,
                "p99": 360,
                "max": 360
              },
              "x": {
                "median": 0,
                "mean": 0,
                "mdev": 0,
                "stddev": 0,
                "min": 0,
                "p10": 0,
                "p90": 0,
                "p99": 0,
                "max": 0
              },
              "y": {
                "median": 48,
                "mean": 48,
                "mdev": 0,
                "stddev": 0,
                "min": 48,
                "p10": 48,
                "p90": 48,
                "p99": 48,
                "max": 48
              }
            }
          ],
          "viewport": {
            "height": {
              "median": 0,
              "mean": 0,
              "mdev": 0,
              "stddev": 0,
              "min": 0,
              "p10": 0,
              "p90": 0,
              "p99": 0,
              "max": 0
            },
            "width": {
              "median": 360,
              "mean": 360,
              "mdev": 0,
              "stddev": 0,
              "min": 360,
              "p10": 360,
              "p90": 360,
              "p99": 360,
              "max": 360
            }
          }
        }
      },
      "timings": {
        "firstPaint": {
          "median": 904,
          "mean": 1017,
          "mdev": 112.2718,
          "stddev": 194,
          "min": 857,
          "p10": 857,
          "p90": 1291,
          "p99": 1291,
          "max": 1291
        },
        "loadEventEnd": {
          "median": 12409,
          "mean": 12294,
          "mdev": 151.2917,
          "stddev": 262,
          "min": 11931,
          "p10": 11931,
          "p90": 12541,
          "p99": 12541,
          "max": 12541
        },
        "navigationTiming": {
          "connectStart": {
            "median": 37,
            "mean": 38,
            "mdev": 0.5443,
            "stddev": 1,
            "min": 37,
            "p10": 37,
            "p90": 39,
            "p99": 39,
            "max": 39
          },
          "domComplete": {
            "median": 12389,
            "mean": 12275,
            "mdev": 151.3894,
            "stddev": 262,
            "min": 11912,
            "p10": 11912,
            "p90": 12523,
            "p99": 12523,
            "max": 12523
          },
          "domContentLoadedEventEnd": {
            "median": 929,
            "mean": 1041,
            "mdev": 101.4035,
            "stddev": 176,
            "min": 905,
            "p10": 905,
            "p90": 1289,
            "p99": 1289,
            "max": 1289
          },
          "domContentLoadedEventStart": {
            "median": 921,
            "mean": 1031,
            "mdev": 101.0379,
            "stddev": 175,
            "min": 894,
            "p10": 894,
            "p90": 1278,
            "p99": 1278,
            "max": 1278
          },
          "domInteractive": {
            "median": 890,
            "mean": 999,
            "mdev": 98.2653,
            "stddev": 170,
            "min": 867,
            "p10": 867,
            "p90": 1239,
            "p99": 1239,
            "max": 1239
          },
          "domainLookupEnd": {
            "median": 37,
            "mean": 36,
            "mdev": 1.4402,
            "stddev": 2,
            "min": 33,
            "p10": 33,
            "p90": 39,
            "p99": 39,
            "max": 39
          },
          "domainLookupStart": {
            "median": 37,
            "mean": 36,
            "mdev": 1.2472,
            "stddev": 2,
            "min": 33,
            "p10": 33,
            "p90": 38,
            "p99": 38,
            "max": 38
          },
          "duration": {
            "median": 12409,
            "mean": 12294,
            "mdev": 151.2917,
            "stddev": 262,
            "min": 11931,
            "p10": 11931,
            "p90": 12541,
            "p99": 12541,
            "max": 12541
          },
          "fetchStart": {
            "median": 3,
            "mean": 3,
            "mdev": 0,
            "stddev": 0,
            "min": 3,
            "p10": 3,
            "p90": 3,
            "p99": 3,
            "max": 3
          },
          "loadEventEnd": {
            "median": 12409,
            "mean": 12294,
            "mdev": 151.2917,
            "stddev": 262,
            "min": 11931,
            "p10": 11931,
            "p90": 12541,
            "p99": 12541,
            "max": 12541
          },
          "loadEventStart": {
            "median": 12389,
            "mean": 12275,
            "mdev": 151.3894,
            "stddev": 262,
            "min": 11912,
            "p10": 11912,
            "p90": 12523,
            "p99": 12523,
            "max": 12523
          },
          "redirectEnd": {
            "median": 0,
            "mean": 0,
            "mdev": 0,
            "stddev": 0,
            "min": 0,
            "p10": 0,
            "p90": 0,
            "p99": 0,
            "max": 0
          },
          "redirectStart": {
            "median": 0,
            "mean": 0,
            "mdev": 0,
            "stddev": 0,
            "min": 0,
            "p10": 0,
            "p90": 0,
            "p99": 0,
            "max": 0
          },
          "requestStart": {
            "median": 129,
            "mean": 133,
            "mdev": 3.5382,
            "stddev": 6,
            "min": 129,
            "p10": 129,
            "p90": 142,
            "p99": 142,
            "max": 142
          },
          "responseEnd": {
            "median": 626,
            "mean": 643,
            "mdev": 111.4593,
            "stddev": 193,
            "min": 415,
            "p10": 415,
            "p90": 887,
            "p99": 887,
            "max": 887
          },
          "responseStart": {
            "median": 428,
            "mean": 577,
            "mdev": 126.7301,
            "stddev": 220,
            "min": 415,
            "p10": 415,
            "p90": 887,
            "p99": 887,
            "max": 887
          },
          "secureConnectionStart": {
            "median": 48,
            "mean": 48,
            "mdev": 1.1863,
            "stddev": 2,
            "min": 46,
            "p10": 46,
            "p90": 51,
            "p99": 51,
            "max": 51
          },
          "startTime": {
            "median": 0,
            "mean": 0,
            "mdev": 0,
            "stddev": 0,
            "min": 0,
            "p10": 0,
            "p90": 0,
            "p99": 0,
            "max": 0
          },
          "unloadEventEnd": {
            "median": 0,
            "mean": 0,
            "mdev": 0,
            "stddev": 0,
            "min": 0,
            "p10": 0,
            "p90": 0,
            "p99": 0,
            "max": 0
          },
          "unloadEventStart": {
            "median": 0,
            "mean": 0,
            "mdev": 0,
            "stddev": 0,
            "min": 0,
            "p10": 0,
            "p90": 0,
            "p99": 0,
            "max": 0
          },
          "workerStart": {
            "median": 0,
            "mean": 0,
            "mdev": 0,
            "stddev": 0,
            "min": 0,
            "p10": 0,
            "p90": 0,
            "p99": 0,
            "max": 0
          }
        },
        "pageTimings": {
          "backEndTime": {
            "median": 428,
            "mean": 577,
            "mdev": 126.7301,
            "stddev": 220,
            "min": 415,
            "p10": 415,
            "p90": 887,
            "p99": 887,
            "max": 887
          },
          "domContentLoadedTime": {
            "median": 921,
            "mean": 1031,
            "mdev": 101.0379,
            "stddev": 175,
            "min": 894,
            "p10": 894,
            "p90": 1278,
            "p99": 1278,
            "max": 1278
          },
          "domInteractiveTime": {
            "median": 890,
            "mean": 999,
            "mdev": 98.2653,
            "stddev": 170,
            "min": 867,
            "p10": 867,
            "p90": 1239,
            "p99": 1239,
            "max": 1239
          },
          "domainLookupTime": {
            "median": 0,
            "mean": 0,
            "mdev": 0,
            "stddev": 0,
            "min": 0,
            "p10": 0,
            "p90": 0,
            "p99": 0,
            "max": 0
          },
          "frontEndTime": {
            "median": 11502,
            "mean": 11632,
            "mdev": 108.3311,
            "stddev": 188,
            "min": 11496,
            "p10": 11496,
            "p90": 11897,
            "p99": 11897,
            "max": 11897
          },
          "pageDownloadTime": {
            "median": 0,
            "mean": 66,
            "mdev": 53.8888,
            "stddev": 93,
            "min": 0,
            "p10": 0,
            "p90": 198,
            "p99": 198,
            "max": 198
          },
          "pageLoadTime": {
            "median": 12389,
            "mean": 12275,
            "mdev": 151.3894,
            "stddev": 262,
            "min": 11912,
            "p10": 11912,
            "p90": 12523,
            "p99": 12523,
            "max": 12523
          },
          "redirectionTime": {
            "median": 0,
            "mean": 0,
            "mdev": 0,
            "stddev": 0,
            "min": 0,
            "p10": 0,
            "p90": 0,
            "p99": 0,
            "max": 0
          },
          "serverConnectionTime": {
            "median": 91,
            "mean": 95,
            "mdev": 2.9938,
            "stddev": 5,
            "min": 91,
            "p10": 91,
            "p90": 102,
            "p99": 102,
            "max": 102
          },
          "serverResponseTime": {
            "median": 484,
            "mean": 510,
            "mdev": 111.9785,
            "stddev": 194,
            "min": 286,
            "p10": 286,
            "p90": 759,
            "p99": 759,
            "max": 759
          }
        },
        "rumSpeedIndex": {
          "median": 427,
          "mean": 576,
          "mdev": 126.8607,
          "stddev": 220,
          "min": 415,
          "p10": 415,
          "p90": 887,
          "p99": 887,
          "max": 887
        },
        "timeToContentfulPaint": {
          "median": 974,
          "mean": 1085,
          "mdev": 111.9378,
          "stddev": 194,
          "min": 924,
          "p10": 924,
          "p90": 1358,
          "p99": 1358,
          "max": 1358
        },
        "timeToDomContentFlushed": {
          "median": 890,
          "mean": 999,
          "mdev": 98.2653,
          "stddev": 170,
          "min": 867,
          "p10": 867,
          "p90": 1239,
          "p99": 1239,
          "max": 1239
        },
        "userTimings": {
          "marks": {
            "app-html-parse-start": {
              "median": 776,
              "mean": 882,
              "mdev": 107.7008,
              "stddev": 187,
              "min": 726,
              "p10": 726,
              "p90": 1144,
              "p99": 1144,
              "max": 1144
            },
            "bootstrap-json-parse-end": {
              "median": 830,
              "mean": 925,
              "mdev": 94.8193,
              "stddev": 164,
              "min": 789,
              "p10": 789,
              "p90": 1156,
              "p99": 1156,
              "max": 1156
            },
            "app-init-started": {
              "median": 2092,
              "mean": 2195,
              "mdev": 118.1793,
              "stddev": 205,
              "min": 2012,
              "p10": 2012,
              "p90": 2481,
              "p99": 2481,
              "max": 2481
            },
            "contentful-paint": {
              "median": 2600,
              "mean": 2706,
              "mdev": 124.1525,
              "stddev": 215,
              "min": 2513,
              "p10": 2513,
              "p90": 3006,
              "p99": 3006,
              "max": 3006
            },
            "app-init-ended": {
              "median": 3008,
              "mean": 3077,
              "mdev": 119.6276,
              "stddev": 207,
              "min": 2865,
              "p10": 2865,
              "p90": 3359,
              "p99": 3359,
              "max": 3359
            },
            "gpt-tag-load": {
              "median": 9808,
              "mean": 9673,
              "mdev": 169.6773,
              "stddev": 294,
              "min": 9265,
              "p10": 9265,
              "p90": 9945,
              "p99": 9945,
              "max": 9945
            },
            "meaningful-paint": {
              "median": 12292,
              "mean": 11963,
              "mdev": 338.8525,
              "stddev": 587,
              "min": 11139,
              "p10": 11139,
              "p90": 12458,
              "p99": 12458,
              "max": 12458
            },
            "loadStarteventUtils": {
              "median": 12532,
              "mean": 9622,
              "mdev": 2467.3072,
              "stddev": 4274,
              "min": 3580,
              "p10": 3580,
              "p90": 12755,
              "p99": 12755,
              "max": 12755
            },
            "loadEndeventUtils": {
              "median": 12532,
              "mean": 9623,
              "mdev": 2467.3104,
              "stddev": 4274,
              "min": 3580,
              "p10": 3580,
              "p90": 12755,
              "p99": 12755,
              "max": 12755
            },
            "loadStartpixelQueue": {
              "median": 12533,
              "mean": 9623,
              "mdev": 2467.3398,
              "stddev": 4274,
              "min": 3581,
              "p10": 3581,
              "p90": 12756,
              "p99": 12756,
              "max": 12756
            },
            "loadEndpixelQueue": {
              "median": 12533,
              "mean": 9623,
              "mdev": 2467.356,
              "stddev": 4274,
              "min": 3581,
              "p10": 3581,
              "p90": 12756,
              "p99": 12756,
              "max": 12756
            }
          },
          "measures": {
            "lteu": {
              "median": 0,
              "mean": 0,
              "mdev": 0.0237,
              "stddev": 0,
              "min": 0,
              "p10": 0,
              "p90": 0,
              "p99": 0,
              "max": 0
            },
            "ltpq": {
              "median": 0,
              "mean": 0,
              "mdev": 0.0189,
              "stddev": 0,
              "min": 0,
              "p10": 0,
              "p90": 0,
              "p99": 0,
              "max": 0
            }
          }
        }
      }
    }
  }
]