[
  {
    "info": {
      "browsertime": {
        "version": "8.4.0"
      },
      "url": "https://www.spotify.com/",
      "timestamp": "2021-03-30T20:28:58+04:00",
      "connectivity": {
        "engine": "external",
        "profile": "native"
      },
      "extra": {}
    },
    "files": {
      "video": [],
      "screenshot": [],
      "timeline": [],
      "consoleLog": [],
      "netLog": [],
      "perfLog": []
    },
    "cdp": {
      "performance": []
    },
    "timestamps": [
      "2021-03-30T20:28:46+04:00",
      "2021-03-30T20:29:04+04:00",
      "2021-03-30T20:29:28+04:00"
    ],
    "browserScripts": [
      {
        "browser": {
          "appConstants": {
            "ACCESSIBILITY": true,
            "ANDROID_PACKAGE_NAME": "org.mozilla.firefox",
            "ASAN": false,
            "ASAN_REPORTER": false,
            "BROWSER_CHROME_URL": "chrome://browser/content/browser.xul",
            "DEBUG": false,
            "DEBUG_JS_MODULES": "",
            "DLL_PREFIX": "lib",
            "DLL_SUFFIX": ".so",
            "EARLY_BETA_OR_EARLIER": false,
            "FENNEC_NIGHTLY": false,
            "HAVE_SHELL_SERVICE": false,
            "HAVE_USR_LIB64_DIR": false,
            "MENUBAR_CAN_AUTOHIDE": false,
            "MOZILLA_OFFICIAL": true,
            "MOZ_ALLOW_LEGACY_EXTENSIONS": false,
            "MOZ_ANDROID_ACTIVITY_STREAM": false,
            "MOZ_ANDROID_HISTORY": true,
            "MOZ_ANDROID_MOZILLA_ONLINE": false,
            "MOZ_APP_NAME": "fennec",
            "MOZ_APP_VERSION": "68.1.1",
            "MOZ_APP_VERSION_DISPLAY": "68.1.1",
            "MOZ_BING_API_CLIENTID": "no-bing-api-clientid",
            "MOZ_BING_API_KEY": "no-bing-api-key",
            "MOZ_BITS_DOWNLOAD": false,
            "MOZ_BUILD_APP": "mobile/android",
            "MOZ_CODE_COVERAGE": false,
            "MOZ_CRASHREPORTER": true,
            "MOZ_DATA_REPORTING": true,
            "MOZ_DEV_EDITION": false,
            "MOZ_GECKO_PROFILER": true,
            "MOZ_GOOGLE_LOCATION_SERVICE_API_KEY": "AIzaSyB2h2OuRcUgy5N-5hsZqiPW6sH3n_rptiQ",
            "MOZ_GOOGLE_SAFEBROWSING_API_KEY": "AIzaSyC7jsptDS3am4tPx4r3nxis7IMjBc5Dovo",
            "MOZ_GRAPHENE": false,
            "MOZ_MACBUNDLE_NAME": "Firefox.app",
            "MOZ_MAINTENANCE_SERVICE": false,
            "MOZ_MOZILLA_API_KEY": "3b4d27dd-703d-4094-8398-4de2c763505a",
            "MOZ_NEW_CERT_STORAGE": false,
            "MOZ_NEW_NOTIFICATION_STORE": false,
            "MOZ_NEW_XULSTORE": false,
            "MOZ_OFFICIAL_BRANDING": false,
            "MOZ_PLACES": false,
            "MOZ_REQUIRE_SIGNING": false,
            "MOZ_SANDBOX": false,
            "MOZ_SERVICES_HEALTHREPORT": true,
            "MOZ_SERVICES_SYNC": false,
            "MOZ_SWITCHBOARD": true,
            "MOZ_SYSTEM_NSS": false,
            "MOZ_TELEMETRY_ON_BY_DEFAULT": false,
            "MOZ_TELEMETRY_REPORTING": true,
            "MOZ_UNSIGNED_SCOPES": 0,
            "MOZ_UPDATER": false,
            "MOZ_UPDATE_CHANNEL": "release",
            "MOZ_WEBRTC": true,
            "MOZ_WIDGET_GTK": false,
            "MOZ_WIDGET_TOOLKIT": "android",
            "NIGHTLY_BUILD": false,
            "OMNIJAR_NAME": "assets/omni.ja",
            "RELEASE_OR_BETA": true,
            "SOURCE_REVISION_URL": "https://hg.mozilla.org/releases/mozilla-esr68/rev/d2e0b9e17b9bc1ef02606c8006b73293f7892ad5",
            "TELEMETRY_PING_FORMAT_VERSION": 4,
            "XP_UNIX": true,
            "isPlatformAndVersionAtLeast": {},
            "isPlatformAndVersionAtMost": {},
            "platform": "android"
          },
          "asyncAppConstants": {
            "ACCESSIBILITY": true,
            "ANDROID_PACKAGE_NAME": "org.mozilla.firefox",
            "ASAN": false,
            "ASAN_REPORTER": false,
            "BROWSER_CHROME_URL": "chrome://browser/content/browser.xul",
            "DEBUG": false,
            "DEBUG_JS_MODULES": "",
            "DLL_PREFIX": "lib",
            "DLL_SUFFIX": ".so",
            "EARLY_BETA_OR_EARLIER": false,
            "FENNEC_NIGHTLY": false,
            "HAVE_SHELL_SERVICE": false,
            "HAVE_USR_LIB64_DIR": false,
            "MENUBAR_CAN_AUTOHIDE": false,
            "MOZILLA_OFFICIAL": true,
            "MOZ_ALLOW_LEGACY_EXTENSIONS": false,
            "MOZ_ANDROID_ACTIVITY_STREAM": false,
            "MOZ_ANDROID_HISTORY": true,
            "MOZ_ANDROID_MOZILLA_ONLINE": false,
            "MOZ_APP_NAME": "fennec",
            "MOZ_APP_VERSION": "68.1.1",
            "MOZ_APP_VERSION_DISPLAY": "68.1.1",
            "MOZ_BING_API_CLIENTID": "no-bing-api-clientid",
            "MOZ_BING_API_KEY": "no-bing-api-key",
            "MOZ_BITS_DOWNLOAD": false,
            "MOZ_BUILD_APP": "mobile/android",
            "MOZ_CODE_COVERAGE": false,
            "MOZ_CRASHREPORTER": true,
            "MOZ_DATA_REPORTING": true,
            "MOZ_DEV_EDITION": false,
            "MOZ_GECKO_PROFILER": true,
            "MOZ_GOOGLE_LOCATION_SERVICE_API_KEY": "AIzaSyB2h2OuRcUgy5N-5hsZqiPW6sH3n_rptiQ",
            "MOZ_GOOGLE_SAFEBROWSING_API_KEY": "AIzaSyC7jsptDS3am4tPx4r3nxis7IMjBc5Dovo",
            "MOZ_GRAPHENE": false,
            "MOZ_MACBUNDLE_NAME": "Firefox.app",
            "MOZ_MAINTENANCE_SERVICE": false,
            "MOZ_MOZILLA_API_KEY": "3b4d27dd-703d-4094-8398-4de2c763505a",
            "MOZ_NEW_CERT_STORAGE": false,
            "MOZ_NEW_NOTIFICATION_STORE": false,
            "MOZ_NEW_XULSTORE": false,
            "MOZ_OFFICIAL_BRANDING": false,
            "MOZ_PLACES": false,
            "MOZ_REQUIRE_SIGNING": false,
            "MOZ_SANDBOX": false,
            "MOZ_SERVICES_HEALTHREPORT": true,
            "MOZ_SERVICES_SYNC": false,
            "MOZ_SWITCHBOARD": true,
            "MOZ_SYSTEM_NSS": false,
            "MOZ_TELEMETRY_ON_BY_DEFAULT": false,
            "MOZ_TELEMETRY_REPORTING": true,
            "MOZ_UNSIGNED_SCOPES": 0,
            "MOZ_UPDATER": false,
            "MOZ_UPDATE_CHANNEL": "release",
            "MOZ_WEBRTC": true,
            "MOZ_WIDGET_GTK": false,
            "MOZ_WIDGET_TOOLKIT": "android",
            "NIGHTLY_BUILD": false,
            "OMNIJAR_NAME": "assets/omni.ja",
            "RELEASE_OR_BETA": true,
            "SOURCE_REVISION_URL": "https://hg.mozilla.org/releases/mozilla-esr68/rev/d2e0b9e17b9bc1ef02606c8006b73293f7892ad5",
            "TELEMETRY_PING_FORMAT_VERSION": 4,
            "XP_UNIX": true,
            "isPlatformAndVersionAtLeast": {},
            "isPlatformAndVersionAtMost": {},
            "platform": "android"
          },
          "userAgent": "Mozilla/5.0 (Android 9; Mobile; rv:68.0) Gecko/68.0 Firefox/68.0",
          "windowSize": "360x612"
        },
        "pageinfo": {
          "documentHeight": 2056,
          "documentSize": {
            "decodedBodySize": 40167,
            "encodedBodySize": 10396,
            "transferSize": 11724
          },
          "documentTitle": "Listening is everything - Spotify",
          "documentWidth": 360,
          "domElements": 361,
          "navigationStartTime": 1617121727128,
          "nextHopProtocol": "h2",
          "resources": {
            "count": 0,
            "duration": 0
          },
          "responsive": true,
          "url": "https://www.spotify.com/ae-en/",
          "visualElements": {
            "heroes": [
              {
                "filename": null,
                "height": 128,
                "name": "Heading",
                "width": 312,
                "x": 24,
                "y": 297
              }
            ],
            "viewport": {
              "height": 612,
              "width": 360
            }
          }
        },
        "timings": {
          "firstPaint": 1648,
          "loadEventEnd": 4287,
          "navigationTiming": {
            "connectStart": 600,
            "domComplete": 4285,
            "domContentLoadedEventEnd": 2211,
            "domContentLoadedEventStart": 2206,
            "domInteractive": 2144,
            "domainLookupEnd": 600,
            "domainLookupStart": 600,
            "duration": 4287,
            "fetchStart": 600,
            "loadEventEnd": 4287,
            "loadEventStart": 4285,
            "redirectEnd": 594,
            "redirectStart": 2,
            "requestStart": 638,
            "responseEnd": 806,
            "responseStart": 798,
            "secureConnectionStart": 0,
            "startTime": 0,
            "unloadEventEnd": 0,
            "unloadEventStart": 0,
            "workerStart": 0
          },
          "pageTimings": {
            "backEndTime": 798,
            "domContentLoadedTime": 2206,
            "domInteractiveTime": 2144,
            "domainLookupTime": 0,
            "frontEndTime": 3479,
            "pageDownloadTime": 9,
            "pageLoadTime": 4285,
            "redirectionTime": 591,
            "serverConnectionTime": 0,
            "serverResponseTime": 169
          },
          "rumSpeedIndex": 797,
          "timeToContentfulPaint": 2295,
          "timeToDomContentFlushed": 2184,
          "userTimings": {
            "marks": [
              {
                "name": "snaptr",
                "startTime": 6517.76
              }
            ],
            "measures": [
              {
                "duration": 2452.74,
                "name": "Next.js-before-hydration",
                "startTime": 0
              },
              {
                "duration": 195.63999999999987,
                "name": "Next.js-hydration",
                "startTime": 2452.74
              }
            ]
          }
        }
      },
      {
        "browser": {
          "appConstants": {
            "ACCESSIBILITY": true,
            "ANDROID_PACKAGE_NAME": "org.mozilla.firefox",
            "ASAN": false,
            "ASAN_REPORTER": false,
            "BROWSER_CHROME_URL": "chrome://browser/content/browser.xul",
            "DEBUG": false,
            "DEBUG_JS_MODULES": "",
            "DLL_PREFIX": "lib",
            "DLL_SUFFIX": ".so",
            "EARLY_BETA_OR_EARLIER": false,
            "FENNEC_NIGHTLY": false,
            "HAVE_SHELL_SERVICE": false,
            "HAVE_USR_LIB64_DIR": false,
            "MENUBAR_CAN_AUTOHIDE": false,
            "MOZILLA_OFFICIAL": true,
            "MOZ_ALLOW_LEGACY_EXTENSIONS": false,
            "MOZ_ANDROID_ACTIVITY_STREAM": false,
            "MOZ_ANDROID_HISTORY": true,
            "MOZ_ANDROID_MOZILLA_ONLINE": false,
            "MOZ_APP_NAME": "fennec",
            "MOZ_APP_VERSION": "68.1.1",
            "MOZ_APP_VERSION_DISPLAY": "68.1.1",
            "MOZ_BING_API_CLIENTID": "no-bing-api-clientid",
            "MOZ_BING_API_KEY": "no-bing-api-key",
            "MOZ_BITS_DOWNLOAD": false,
            "MOZ_BUILD_APP": "mobile/android",
            "MOZ_CODE_COVERAGE": false,
            "MOZ_CRASHREPORTER": true,
            "MOZ_DATA_REPORTING": true,
            "MOZ_DEV_EDITION": false,
            "MOZ_GECKO_PROFILER": true,
            "MOZ_GOOGLE_LOCATION_SERVICE_API_KEY": "AIzaSyB2h2OuRcUgy5N-5hsZqiPW6sH3n_rptiQ",
            "MOZ_GOOGLE_SAFEBROWSING_API_KEY": "AIzaSyC7jsptDS3am4tPx4r3nxis7IMjBc5Dovo",
            "MOZ_GRAPHENE": false,
            "MOZ_MACBUNDLE_NAME": "Firefox.app",
            "MOZ_MAINTENANCE_SERVICE": false,
            "MOZ_MOZILLA_API_KEY": "3b4d27dd-703d-4094-8398-4de2c763505a",
            "MOZ_NEW_CERT_STORAGE": false,
            "MOZ_NEW_NOTIFICATION_STORE": false,
            "MOZ_NEW_XULSTORE": false,
            "MOZ_OFFICIAL_BRANDING": false,
            "MOZ_PLACES": false,
            "MOZ_REQUIRE_SIGNING": false,
            "MOZ_SANDBOX": false,
            "MOZ_SERVICES_HEALTHREPORT": true,
            "MOZ_SERVICES_SYNC": false,
            "MOZ_SWITCHBOARD": true,
            "MOZ_SYSTEM_NSS": false,
            "MOZ_TELEMETRY_ON_BY_DEFAULT": false,
            "MOZ_TELEMETRY_REPORTING": true,
            "MOZ_UNSIGNED_SCOPES": 0,
            "MOZ_UPDATER": false,
            "MOZ_UPDATE_CHANNEL": "release",
            "MOZ_WEBRTC": true,
            "MOZ_WIDGET_GTK": false,
            "MOZ_WIDGET_TOOLKIT": "android",
            "NIGHTLY_BUILD": false,
            "OMNIJAR_NAME": "assets/omni.ja",
            "RELEASE_OR_BETA": true,
            "SOURCE_REVISION_URL": "https://hg.mozilla.org/releases/mozilla-esr68/rev/d2e0b9e17b9bc1ef02606c8006b73293f7892ad5",
            "TELEMETRY_PING_FORMAT_VERSION": 4,
            "XP_UNIX": true,
            "isPlatformAndVersionAtLeast": {},
            "isPlatformAndVersionAtMost": {},
            "platform": "android"
          },
          "asyncAppConstants": {
            "ACCESSIBILITY": true,
            "ANDROID_PACKAGE_NAME": "org.mozilla.firefox",
            "ASAN": false,
            "ASAN_REPORTER": false,
            "BROWSER_CHROME_URL": "chrome://browser/content/browser.xul",
            "DEBUG": false,
            "DEBUG_JS_MODULES": "",
            "DLL_PREFIX": "lib",
            "DLL_SUFFIX": ".so",
            "EARLY_BETA_OR_EARLIER": false,
            "FENNEC_NIGHTLY": false,
            "HAVE_SHELL_SERVICE": false,
            "HAVE_USR_LIB64_DIR": false,
            "MENUBAR_CAN_AUTOHIDE": false,
            "MOZILLA_OFFICIAL": true,
            "MOZ_ALLOW_LEGACY_EXTENSIONS": false,
            "MOZ_ANDROID_ACTIVITY_STREAM": false,
            "MOZ_ANDROID_HISTORY": true,
            "MOZ_ANDROID_MOZILLA_ONLINE": false,
            "MOZ_APP_NAME": "fennec",
            "MOZ_APP_VERSION": "68.1.1",
            "MOZ_APP_VERSION_DISPLAY": "68.1.1",
            "MOZ_BING_API_CLIENTID": "no-bing-api-clientid",
            "MOZ_BING_API_KEY": "no-bing-api-key",
            "MOZ_BITS_DOWNLOAD": false,
            "MOZ_BUILD_APP": "mobile/android",
            "MOZ_CODE_COVERAGE": false,
            "MOZ_CRASHREPORTER": true,
            "MOZ_DATA_REPORTING": true,
            "MOZ_DEV_EDITION": false,
            "MOZ_GECKO_PROFILER": true,
            "MOZ_GOOGLE_LOCATION_SERVICE_API_KEY": "AIzaSyB2h2OuRcUgy5N-5hsZqiPW6sH3n_rptiQ",
            "MOZ_GOOGLE_SAFEBROWSING_API_KEY": "AIzaSyC7jsptDS3am4tPx4r3nxis7IMjBc5Dovo",
            "MOZ_GRAPHENE": false,
            "MOZ_MACBUNDLE_NAME": "Firefox.app",
            "MOZ_MAINTENANCE_SERVICE": false,
            "MOZ_MOZILLA_API_KEY": "3b4d27dd-703d-4094-8398-4de2c763505a",
            "MOZ_NEW_CERT_STORAGE": false,
            "MOZ_NEW_NOTIFICATION_STORE": false,
            "MOZ_NEW_XULSTORE": false,
            "MOZ_OFFICIAL_BRANDING": false,
            "MOZ_PLACES": false,
            "MOZ_REQUIRE_SIGNING": false,
            "MOZ_SANDBOX": false,
            "MOZ_SERVICES_HEALTHREPORT": true,
            "MOZ_SERVICES_SYNC": false,
            "MOZ_SWITCHBOARD": true,
            "MOZ_SYSTEM_NSS": false,
            "MOZ_TELEMETRY_ON_BY_DEFAULT": false,
            "MOZ_TELEMETRY_REPORTING": true,
            "MOZ_UNSIGNED_SCOPES": 0,
            "MOZ_UPDATER": false,
            "MOZ_UPDATE_CHANNEL": "release",
            "MOZ_WEBRTC": true,
            "MOZ_WIDGET_GTK": false,
            "MOZ_WIDGET_TOOLKIT": "android",
            "NIGHTLY_BUILD": false,
            "OMNIJAR_NAME": "assets/omni.ja",
            "RELEASE_OR_BETA": true,
            "SOURCE_REVISION_URL": "https://hg.mozilla.org/releases/mozilla-esr68/rev/d2e0b9e17b9bc1ef02606c8006b73293f7892ad5",
            "TELEMETRY_PING_FORMAT_VERSION": 4,
            "XP_UNIX": true,
            "isPlatformAndVersionAtLeast": {},
            "isPlatformAndVersionAtMost": {},
            "platform": "android"
          },
          "userAgent": "Mozilla/5.0 (Android 9; Mobile; rv:68.0) Gecko/68.0 Firefox/68.0",
          "windowSize": "360x612"
        },
        "pageinfo": {
          "documentHeight": 2056,
          "documentSize": {
            "decodedBodySize": 40167,
            "encodedBodySize": 10394,
            "transferSize": 11722
          },
          "documentTitle": "Listening is everything - Spotify",
          "documentWidth": 360,
          "domElements": 361,
          "navigationStartTime": 1617121745522,
          "nextHopProtocol": "h2",
          "resources": {
            "count": 0,
            "duration": 0
          },
          "responsive": true,
          "url": "https://www.spotify.com/ae-en/",
          "visualElements": {
            "heroes": [
              {
                "filename": null,
                "height": 128,
                "name": "Heading",
                "width": 312,
                "x": 24,
                "y": 297
              }
            ],
            "viewport": {
              "height": 612,
              "width": 360
            }
          }
        },
        "timings": {
          "firstPaint": 1045,
          "loadEventEnd": 10791,
          "navigationTiming": {
            "connectStart": 328,
            "domComplete": 10364,
            "domContentLoadedEventEnd": 1616,
            "domContentLoadedEventStart": 1609,
            "domInteractive": 1536,
            "domainLookupEnd": 328,
            "domainLookupStart": 328,
            "duration": 10791,
            "fetchStart": 328,
            "loadEventEnd": 10791,
            "loadEventStart": 10364,
            "redirectEnd": 324,
            "redirectStart": 2,
            "requestStart": 361,
            "responseEnd": 504,
            "responseStart": 499,
            "secureConnectionStart": 0,
            "startTime": 0,
            "unloadEventEnd": 0,
            "unloadEventStart": 0,
            "workerStart": 0
          },
          "pageTimings": {
            "backEndTime": 499,
            "domContentLoadedTime": 1609,
            "domInteractiveTime": 1536,
            "domainLookupTime": 0,
            "frontEndTime": 9860,
            "pageDownloadTime": 6,
            "pageLoadTime": 10364,
            "redirectionTime": 322,
            "serverConnectionTime": 0,
            "serverResponseTime": 144
          },
          "rumSpeedIndex": 498,
          "timeToContentfulPaint": 1701,
          "timeToDomContentFlushed": 1585,
          "userTimings": {
            "marks": [
              {
                "name": "snaptr",
                "startTime": 5001.86
              }
            ],
            "measures": [
              {
                "duration": 1855.8,
                "name": "Next.js-before-hydration",
                "startTime": 0
              },
              {
                "duration": 192.39999999999984,
                "name": "Next.js-hydration",
                "startTime": 1855.8
              }
            ]
          }
        }
      },
      {
        "browser": {
          "appConstants": {
            "ACCESSIBILITY": true,
            "ANDROID_PACKAGE_NAME": "org.mozilla.firefox",
            "ASAN": false,
            "ASAN_REPORTER": false,
            "BROWSER_CHROME_URL": "chrome://browser/content/browser.xul",
            "DEBUG": false,
            "DEBUG_JS_MODULES": "",
            "DLL_PREFIX": "lib",
            "DLL_SUFFIX": ".so",
            "EARLY_BETA_OR_EARLIER": false,
            "FENNEC_NIGHTLY": false,
            "HAVE_SHELL_SERVICE": false,
            "HAVE_USR_LIB64_DIR": false,
            "MENUBAR_CAN_AUTOHIDE": false,
            "MOZILLA_OFFICIAL": true,
            "MOZ_ALLOW_LEGACY_EXTENSIONS": false,
            "MOZ_ANDROID_ACTIVITY_STREAM": false,
            "MOZ_ANDROID_HISTORY": true,
            "MOZ_ANDROID_MOZILLA_ONLINE": false,
            "MOZ_APP_NAME": "fennec",
            "MOZ_APP_VERSION": "68.1.1",
            "MOZ_APP_VERSION_DISPLAY": "68.1.1",
            "MOZ_BING_API_CLIENTID": "no-bing-api-clientid",
            "MOZ_BING_API_KEY": "no-bing-api-key",
            "MOZ_BITS_DOWNLOAD": false,
            "MOZ_BUILD_APP": "mobile/android",
            "MOZ_CODE_COVERAGE": false,
            "MOZ_CRASHREPORTER": true,
            "MOZ_DATA_REPORTING": true,
            "MOZ_DEV_EDITION": false,
            "MOZ_GECKO_PROFILER": true,
            "MOZ_GOOGLE_LOCATION_SERVICE_API_KEY": "AIzaSyB2h2OuRcUgy5N-5hsZqiPW6sH3n_rptiQ",
            "MOZ_GOOGLE_SAFEBROWSING_API_KEY": "AIzaSyC7jsptDS3am4tPx4r3nxis7IMjBc5Dovo",
            "MOZ_GRAPHENE": false,
            "MOZ_MACBUNDLE_NAME": "Firefox.app",
            "MOZ_MAINTENANCE_SERVICE": false,
            "MOZ_MOZILLA_API_KEY": "3b4d27dd-703d-4094-8398-4de2c763505a",
            "MOZ_NEW_CERT_STORAGE": false,
            "MOZ_NEW_NOTIFICATION_STORE": false,
            "MOZ_NEW_XULSTORE": false,
            "MOZ_OFFICIAL_BRANDING": false,
            "MOZ_PLACES": false,
            "MOZ_REQUIRE_SIGNING": false,
            "MOZ_SANDBOX": false,
            "MOZ_SERVICES_HEALTHREPORT": true,
            "MOZ_SERVICES_SYNC": false,
            "MOZ_SWITCHBOARD": true,
            "MOZ_SYSTEM_NSS": false,
            "MOZ_TELEMETRY_ON_BY_DEFAULT": false,
            "MOZ_TELEMETRY_REPORTING": true,
            "MOZ_UNSIGNED_SCOPES": 0,
            "MOZ_UPDATER": false,
            "MOZ_UPDATE_CHANNEL": "release",
            "MOZ_WEBRTC": true,
            "MOZ_WIDGET_GTK": false,
            "MOZ_WIDGET_TOOLKIT": "android",
            "NIGHTLY_BUILD": false,
            "OMNIJAR_NAME": "assets/omni.ja",
            "RELEASE_OR_BETA": true,
            "SOURCE_REVISION_URL": "https://hg.mozilla.org/releases/mozilla-esr68/rev/d2e0b9e17b9bc1ef02606c8006b73293f7892ad5",
            "TELEMETRY_PING_FORMAT_VERSION": 4,
            "XP_UNIX": true,
            "isPlatformAndVersionAtLeast": {},
            "isPlatformAndVersionAtMost": {},
            "platform": "android"
          },
          "asyncAppConstants": {
            "ACCESSIBILITY": true,
            "ANDROID_PACKAGE_NAME": "org.mozilla.firefox",
            "ASAN": false,
            "ASAN_REPORTER": false,
            "BROWSER_CHROME_URL": "chrome://browser/content/browser.xul",
            "DEBUG": false,
            "DEBUG_JS_MODULES": "",
            "DLL_PREFIX": "lib",
            "DLL_SUFFIX": ".so",
            "EARLY_BETA_OR_EARLIER": false,
            "FENNEC_NIGHTLY": false,
            "HAVE_SHELL_SERVICE": false,
            "HAVE_USR_LIB64_DIR": false,
            "MENUBAR_CAN_AUTOHIDE": false,
            "MOZILLA_OFFICIAL": true,
            "MOZ_ALLOW_LEGACY_EXTENSIONS": false,
            "MOZ_ANDROID_ACTIVITY_STREAM": false,
            "MOZ_ANDROID_HISTORY": true,
            "MOZ_ANDROID_MOZILLA_ONLINE": false,
            "MOZ_APP_NAME": "fennec",
            "MOZ_APP_VERSION": "68.1.1",
            "MOZ_APP_VERSION_DISPLAY": "68.1.1",
            "MOZ_BING_API_CLIENTID": "no-bing-api-clientid",
            "MOZ_BING_API_KEY": "no-bing-api-key",
            "MOZ_BITS_DOWNLOAD": false,
            "MOZ_BUILD_APP": "mobile/android",
            "MOZ_CODE_COVERAGE": false,
            "MOZ_CRASHREPORTER": true,
            "MOZ_DATA_REPORTING": true,
            "MOZ_DEV_EDITION": false,
            "MOZ_GECKO_PROFILER": true,
            "MOZ_GOOGLE_LOCATION_SERVICE_API_KEY": "AIzaSyB2h2OuRcUgy5N-5hsZqiPW6sH3n_rptiQ",
            "MOZ_GOOGLE_SAFEBROWSING_API_KEY": "AIzaSyC7jsptDS3am4tPx4r3nxis7IMjBc5Dovo",
            "MOZ_GRAPHENE": false,
            "MOZ_MACBUNDLE_NAME": "Firefox.app",
            "MOZ_MAINTENANCE_SERVICE": false,
            "MOZ_MOZILLA_API_KEY": "3b4d27dd-703d-4094-8398-4de2c763505a",
            "MOZ_NEW_CERT_STORAGE": false,
            "MOZ_NEW_NOTIFICATION_STORE": false,
            "MOZ_NEW_XULSTORE": false,
            "MOZ_OFFICIAL_BRANDING": false,
            "MOZ_PLACES": false,
            "MOZ_REQUIRE_SIGNING": false,
            "MOZ_SANDBOX": false,
            "MOZ_SERVICES_HEALTHREPORT": true,
            "MOZ_SERVICES_SYNC": false,
            "MOZ_SWITCHBOARD": true,
            "MOZ_SYSTEM_NSS": false,
            "MOZ_TELEMETRY_ON_BY_DEFAULT": false,
            "MOZ_TELEMETRY_REPORTING": true,
            "MOZ_UNSIGNED_SCOPES": 0,
            "MOZ_UPDATER": false,
            "MOZ_UPDATE_CHANNEL": "release",
            "MOZ_WEBRTC": true,
            "MOZ_WIDGET_GTK": false,
            "MOZ_WIDGET_TOOLKIT": "android",
            "NIGHTLY_BUILD": false,
            "OMNIJAR_NAME": "assets/omni.ja",
            "RELEASE_OR_BETA": true,
            "SOURCE_REVISION_URL": "https://hg.mozilla.org/releases/mozilla-esr68/rev/d2e0b9e17b9bc1ef02606c8006b73293f7892ad5",
            "TELEMETRY_PING_FORMAT_VERSION": 4,
            "XP_UNIX": true,
            "isPlatformAndVersionAtLeast": {},
            "isPlatformAndVersionAtMost": {},
            "platform": "android"
          },
          "userAgent": "Mozilla/5.0 (Android 9; Mobile; rv:68.0) Gecko/68.0 Firefox/68.0",
          "windowSize": "360x612"
        },
        "pageinfo": {
          "documentHeight": 1841,
          "documentSize": {
            "decodedBodySize": 40167,
            "encodedBodySize": 10397,
            "transferSize": 11725
          },
          "documentTitle": "Listening is everything - Spotify",
          "documentWidth": 360,
          "domElements": 351,
          "navigationStartTime": 1617121769495,
          "nextHopProtocol": "h2",
          "resources": {
            "count": 0,
            "duration": 0
          },
          "responsive": true,
          "url": "https://www.spotify.com/ae-en/",
          "visualElements": {
            "heroes": [
              {
                "filename": null,
                "height": 128,
                "name": "Heading",
                "width": 312,
                "x": 24,
                "y": 297
              }
            ],
            "viewport": {
              "height": 612,
              "width": 360
            }
          }
        },
        "timings": {
          "firstPaint": 1206,
          "loadEventEnd": 14321,
          "navigationTiming": {
            "connectStart": 316,
            "domComplete": 13922,
            "domContentLoadedEventEnd": 1733,
            "domContentLoadedEventStart": 1723,
            "domInteractive": 1657,
            "domainLookupEnd": 316,
            "domainLookupStart": 316,
            "duration": 14321,
            "fetchStart": 316,
            "loadEventEnd": 14321,
            "loadEventStart": 13922,
            "redirectEnd": 313,
            "redirectStart": 2,
            "requestStart": 348,
            "responseEnd": 497,
            "responseStart": 485,
            "secureConnectionStart": 0,
            "startTime": 0,
            "unloadEventEnd": 0,
            "unloadEventStart": 0,
            "workerStart": 0
          },
          "pageTimings": {
            "backEndTime": 485,
            "domContentLoadedTime": 1723,
            "domInteractiveTime": 1657,
            "domainLookupTime": 0,
            "frontEndTime": 13425,
            "pageDownloadTime": 12,
            "pageLoadTime": 13922,
            "redirectionTime": 310,
            "serverConnectionTime": 0,
            "serverResponseTime": 149
          },
          "rumSpeedIndex": 484,
          "timeToContentfulPaint": 1819,
          "timeToDomContentFlushed": 1701,
          "userTimings": {
            "marks": [
              {
                "name": "snaptr",
                "startTime": 5447.5
              }
            ],
            "measures": [
              {
                "duration": 1972,
                "name": "Next.js-before-hydration",
                "startTime": 0
              },
              {
                "duration": 187.9000000000001,
                "name": "Next.js-hydration",
                "startTime": 1972
              }
            ]
          }
        }
      }
    ],
    "visualMetrics": [],
    "cpu": [],
    "extras": [
      {},
      {},
      {}
    ],
    "fullyLoaded": [],
    "errors": [
      [],
      [],
      []
    ],
    "statistics": {
      "browser": {
        "appConstants": {
          "MOZ_UNSIGNED_SCOPES": {
            "median": 0,
            "mean": 0,
            "mdev": 0,
            "stddev": 0,
            "min": 0,
            "p10": 0,
            "p90": 0,
            "p99": 0,
            "max": 0
          },
          "TELEMETRY_PING_FORMAT_VERSION": {
            "median": 4,
            "mean": 4,
            "mdev": 0,
            "stddev": 0,
            "min": 4,
            "p10": 4,
            "p90": 4,
            "p99": 4,
            "max": 4
          }
        },
        "asyncAppConstants": {
          "MOZ_UNSIGNED_SCOPES": {
            "median": 0,
            "mean": 0,
            "mdev": 0,
            "stddev": 0,
            "min": 0,
            "p10": 0,
            "p90": 0,
            "p99": 0,
            "max": 0
          },
          "TELEMETRY_PING_FORMAT_VERSION": {
            "median": 4,
            "mean": 4,
            "mdev": 0,
            "stddev": 0,
            "min": 4,
            "p10": 4,
            "p90": 4,
            "p99": 4,
            "max": 4
          }
        }
      },
      "pageinfo": {
        "documentHeight": {
          "median": 2056,
          "mean": 1984,
          "mdev": 58.5156,
          "stddev": 101,
          "min": 1841,
          "p10": 1841,
          "p90": 2056,
          "p99": 2056,
          "max": 2056
        },
        "documentSize": {
          "decodedBodySize": {
            "median": 40167,
            "mean": 40167,
            "mdev": 0,
            "stddev": 0,
            "min": 40167,
            "p10": 40167,
            "p90": 40167,
            "p99": 40167,
            "max": 40167
          },
          "encodedBodySize": {
            "median": 10396,
            "mean": 10396,
            "mdev": 0.7201,
            "stddev": 1,
            "min": 10394,
            "p10": 10394,
            "p90": 10397,
            "p99": 10397,
            "max": 10397
          },
          "transferSize": {
            "median": 11724,
            "mean": 11724,
            "mdev": 0.7201,
            "stddev": 1,
            "min": 11722,
            "p10": 11722,
            "p90": 11725,
            "p99": 11725,
            "max": 11725
          }
        },
        "documentWidth": {
          "median": 360,
          "mean": 360,
          "mdev": 0,
          "stddev": 0,
          "min": 360,
          "p10": 360,
          "p90": 360,
          "p99": 360,
          "max": 360
        },
        "domElements": {
          "median": 361,
          "mean": 358,
          "mdev": 2.7217,
          "stddev": 5,
          "min": 351,
          "p10": 351,
          "p90": 361,
          "p99": 361,
          "max": 361
        },
        "navigationStartTime": {
          "median": 1617121745522,
          "mean": 1617121747382,
          "mdev": 12612.4091,
          "stddev": 21845,
          "min": 1617121727128,
          "p10": 1617121727128,
          "p90": 1617121769495,
          "p99": 1617121769495,
          "max": 1617121769495
        },
        "resources": {
          "count": {
            "median": 0,
            "mean": 0,
            "mdev": 0,
            "stddev": 0,
            "min": 0,
            "p10": 0,
            "p90": 0,
            "p99": 0,
            "max": 0
          },
          "duration": {
            "median": 0,
            "mean": 0,
            "mdev": 0,
            "stddev": 0,
            "min": 0,
            "p10": 0,
            "p90": 0,
            "p99": 0,
            "max": 0
          }
        },
        "visualElements": {
          "heroes": [
            {
              "height": {
                "median": 128,
                "mean": 128,
                "mdev": 0,
                "stddev": 0,
                "min": 128,
                "p10": 128,
                "p90": 128,
                "p99": 128,
                "max": 128
              },
              "width": {
                "median": 312,
                "mean": 312,
                "mdev": 0,
                "stddev": 0,
                "min": 312,
                "p10": 312,
                "p90": 312,
                "p99": 312,
                "max": 312
              },
              "x": {
                "median": 24,
                "mean": 24,
                "mdev": 0,
                "stddev": 0,
                "min": 24,
                "p10": 24,
                "p90": 24,
                "p99": 24,
                "max": 24
              },
              "y": {
                "median": 297,
                "mean": 297,
                "mdev": 0,
                "stddev": 0,
                "min": 297,
                "p10": 297,
                "p90": 297,
                "p99": 297,
                "max": 297
              }
            }
          ],
          "viewport": {
            "height": {
              "median": 612,
              "mean": 612,
              "mdev": 0,
              "stddev": 0,
              "min": 612,
              "p10": 612,
              "p90": 612,
              "p99": 612,
              "max": 612
            },
            "width": {
              "median": 360,
              "mean": 360,
              "mdev": 0,
              "stddev": 0,
              "min": 360,
              "p10": 360,
              "p90": 360,
              "p99": 360,
              "max": 360
            }
          }
        }
      },
      "timings": {
        "firstPaint": {
          "median": 1206,
          "mean": 1300,
          "mdev": 147.1827,
          "stddev": 255,
          "min": 1045,
          "p10": 1045,
          "p90": 1648,
          "p99": 1648,
          "max": 1648
        },
        "loadEventEnd": {
          "median": 10791,
          "mean": 9800,
          "mdev": 2399.4141,
          "stddev": 4156,
          "min": 4287,
          "p10": 4287,
          "p90": 14321,
          "p99": 14321,
          "max": 14321
        },
        "navigationTiming": {
          "connectStart": {
            "median": 328,
            "mean": 415,
            "mdev": 75.7149,
            "stddev": 131,
            "min": 316,
            "p10": 316,
            "p90": 600,
            "p99": 600,
            "max": 600
          },
          "domComplete": {
            "median": 10364,
            "mean": 9524,
            "mdev": 2297.2236,
            "stddev": 3979,
            "min": 4285,
            "p10": 4285,
            "p90": 13922,
            "p99": 13922,
            "max": 13922
          },
          "domContentLoadedEventEnd": {
            "median": 1733,
            "mean": 1853,
            "mdev": 148.5981,
            "stddev": 257,
            "min": 1616,
            "p10": 1616,
            "p90": 2211,
            "p99": 2211,
            "max": 2211
          },
          "domContentLoadedEventStart": {
            "median": 1723,
            "mean": 1846,
            "mdev": 149.4055,
            "stddev": 259,
            "min": 1609,
            "p10": 1609,
            "p90": 2206,
            "p99": 2206,
            "max": 2206
          },
          "domInteractive": {
            "median": 1657,
            "mean": 1779,
            "mdev": 151.7154,
            "stddev": 263,
            "min": 1536,
            "p10": 1536,
            "p90": 2144,
            "p99": 2144,
            "max": 2144
          },
          "domainLookupEnd": {
            "median": 328,
            "mean": 415,
            "mdev": 75.7149,
            "stddev": 131,
            "min": 316,
            "p10": 316,
            "p90": 600,
            "p99": 600,
            "max": 600
          },
          "domainLookupStart": {
            "median": 328,
            "mean": 415,
            "mdev": 75.7149,
            "stddev": 131,
            "min": 316,
            "p10": 316,
            "p90": 600,
            "p99": 600,
            "max": 600
          },
          "duration": {
            "median": 10791,
            "mean": 9800,
            "mdev": 2399.4141,
            "stddev": 4156,
            "min": 4287,
            "p10": 4287,
            "p90": 14321,
            "p99": 14321,
            "max": 14321
          },
          "fetchStart": {
            "median": 328,
            "mean": 415,
            "mdev": 75.7149,
            "stddev": 131,
            "min": 316,
            "p10": 316,
            "p90": 600,
            "p99": 600,
            "max": 600
          },
          "loadEventEnd": {
            "median": 10791,
            "mean": 9800,
            "mdev": 2399.4141,
            "stddev": 4156,
            "min": 4287,
            "p10": 4287,
            "p90": 14321,
            "p99": 14321,
            "max": 14321
          },
          "loadEventStart": {
            "median": 10364,
            "mean": 9524,
            "mdev": 2297.2236,
            "stddev": 3979,
            "min": 4285,
            "p10": 4285,
            "p90": 13922,
            "p99": 13922,
            "max": 13922
          },
          "redirectEnd": {
            "median": 324,
            "mean": 410,
            "mdev": 75.0264,
            "stddev": 130,
            "min": 313,
            "p10": 313,
            "p90": 594,
            "p99": 594,
            "max": 594
          },
          "redirectStart": {
            "median": 2,
            "mean": 2,
            "mdev": 0,
            "stddev": 0,
            "min": 2,
            "p10": 2,
            "p90": 2,
            "p99": 2,
            "max": 2
          },
          "requestStart": {
            "median": 361,
            "mean": 449,
            "mdev": 77.2197,
            "stddev": 134,
            "min": 348,
            "p10": 348,
            "p90": 638,
            "p99": 638,
            "max": 638
          },
          "responseEnd": {
            "median": 504,
            "mean": 602,
            "mdev": 83.1629,
            "stddev": 144,
            "min": 497,
            "p10": 497,
            "p90": 806,
            "p99": 806,
            "max": 806
          },
          "responseStart": {
            "median": 499,
            "mean": 594,
            "mdev": 83.348,
            "stddev": 144,
            "min": 485,
            "p10": 485,
            "p90": 798,
            "p99": 798,
            "max": 798
          },
          "secureConnectionStart": {
            "median": 0,
            "mean": 0,
            "mdev": 0,
            "stddev": 0,
            "min": 0,
            "p10": 0,
            "p90": 0,
            "p99": 0,
            "max": 0
          },
          "startTime": {
            "median": 0,
            "mean": 0,
            "mdev": 0,
            "stddev": 0,
            "min": 0,
            "p10": 0,
            "p90": 0,
            "p99": 0,
            "max": 0
          },
          "unloadEventEnd": {
            "median": 0,
            "mean": 0,
            "mdev": 0,
            "stddev": 0,
            "min": 0,
            "p10": 0,
            "p90": 0,
            "p99": 0,
            "max": 0
          },
          "unloadEventStart": {
            "median": 0,
            "mean": 0,
            "mdev": 0,
            "stddev": 0,
            "min": 0,
            "p10": 0,
            "p90": 0,
            "p99": 0,
            "max": 0
          },
          "workerStart": {
            "median": 0,
            "mean": 0,
            "mdev": 0,
            "stddev": 0,
            "min": 0,
            "p10": 0,
            "p90": 0,
            "p99": 0,
            "max": 0
          }
        },
        "pageTimings": {
          "backEndTime": {
            "median": 499,
            "mean": 594,
            "mdev": 83.348,
            "stddev": 144,
            "min": 485,
            "p10": 485,
            "p90": 798,
            "p99": 798,
            "max": 798
          },
          "domContentLoadedTime": {
            "median": 1723,
            "mean": 1846,
            "mdev": 149.4055,
            "stddev": 259,
            "min": 1609,
            "p10": 1609,
            "p90": 2206,
            "p99": 2206,
            "max": 2206
          },
          "domInteractiveTime": {
            "median": 1657,
            "mean": 1779,
            "mdev": 151.7154,
            "stddev": 263,
            "min": 1536,
            "p10": 1536,
            "p90": 2144,
            "p99": 2144,
            "max": 2144
          },
          "domainLookupTime": {
            "median": 0,
            "mean": 0,
            "mdev": 0,
            "stddev": 0,
            "min": 0,
            "p10": 0,
            "p90": 0,
            "p99": 0,
            "max": 0
          },
          "frontEndTime": {
            "median": 9860,
            "mean": 8921,
            "mdev": 2375.4088,
            "stddev": 4114,
            "min": 3479,
            "p10": 3479,
            "p90": 13425,
            "p99": 13425,
            "max": 13425
          },
          "pageDownloadTime": {
            "median": 9,
            "mean": 9,
            "mdev": 1.4142,
            "stddev": 2,
            "min": 6,
            "p10": 6,
            "p90": 12,
            "p99": 12,
            "max": 12
          },
          "pageLoadTime": {
            "median": 10364,
            "mean": 9524,
            "mdev": 2297.2236,
            "stddev": 3979,
            "min": 4285,
            "p10": 4285,
            "p90": 13922,
            "p99": 13922,
            "max": 13922
          },
          "redirectionTime": {
            "median": 322,
            "mean": 408,
            "mdev": 74.8989,
            "stddev": 130,
            "min": 310,
            "p10": 310,
            "p90": 591,
            "p99": 591,
            "max": 591
          },
          "serverConnectionTime": {
            "median": 0,
            "mean": 0,
            "mdev": 0,
            "stddev": 0,
            "min": 0,
            "p10": 0,
            "p90": 0,
            "p99": 0,
            "max": 0
          },
          "serverResponseTime": {
            "median": 149,
            "mean": 154,
            "mdev": 6.2361,
            "stddev": 11,
            "min": 144,
            "p10": 144,
            "p90": 169,
            "p99": 169,
            "max": 169
          }
        },
        "rumSpeedIndex": {
          "median": 498,
          "mean": 593,
          "mdev": 83.348,
          "stddev": 144,
          "min": 484,
          "p10": 484,
          "p90": 797,
          "p99": 797,
          "max": 797
        },
        "timeToContentfulPaint": {
          "median": 1819,
          "mean": 1938,
          "mdev": 148.241,
          "stddev": 257,
          "min": 1701,
          "p10": 1701,
          "p90": 2295,
          "p99": 2295,
          "max": 2295
        },
        "timeToDomContentFlushed": {
          "median": 1701,
          "mean": 1823,
          "mdev": 149.7586,
          "stddev": 259,
          "min": 1585,
          "p10": 1585,
          "p90": 2184,
          "p99": 2184,
          "max": 2184
        },
        "userTimings": {
          "marks": {
            "snaptr": {
              "median": 5448,
              "mean": 5656,
              "mdev": 367.2724,
              "stddev": 636,
              "min": 5002,
              "p10": 5002,
              "p90": 6518,
              "p99": 6518,
              "max": 6518
            }
          },
          "measures": {
            "Next.js-before-hydration": {
              "median": 1972,
              "mean": 2094,
              "mdev": 149.1893,
              "stddev": 258,
              "min": 1856,
              "p10": 1856,
              "p90": 2453,
              "p99": 2453,
              "max": 2453
            },
            "Next.js-hydration": {
              "median": 192,
              "mean": 192,
              "mdev": 1.8324,
              "stddev": 3,
              "min": 188,
              "p10": 188,
              "p90": 196,
              "p99": 196,
              "max": 196
            }
          }
        }
      }
    }
  }
]