[
  {
    "info": {
      "browsertime": {
        "version": "8.4.0"
      },
      "url": "https://www.douyu.com/",
      "timestamp": "2021-03-30T06:54:19+04:00",
      "connectivity": {
        "engine": "external",
        "profile": "native"
      },
      "extra": {}
    },
    "files": {
      "video": [],
      "screenshot": [],
      "timeline": [],
      "consoleLog": [],
      "netLog": [],
      "perfLog": []
    },
    "cdp": {
      "performance": []
    },
    "timestamps": [
      "2021-03-30T06:54:02+04:00",
      "2021-03-30T06:54:30+04:00",
      "2021-03-30T06:54:57+04:00"
    ],
    "browserScripts": [
      {
        "browser": {
          "appConstants": {
            "ACCESSIBILITY": true,
            "ANDROID_PACKAGE_NAME": "org.mozilla.firefox",
            "ASAN": false,
            "ASAN_REPORTER": false,
            "BROWSER_CHROME_URL": "chrome://browser/content/browser.xul",
            "DEBUG": false,
            "DEBUG_JS_MODULES": "",
            "DLL_PREFIX": "lib",
            "DLL_SUFFIX": ".so",
            "EARLY_BETA_OR_EARLIER": false,
            "FENNEC_NIGHTLY": false,
            "HAVE_SHELL_SERVICE": false,
            "HAVE_USR_LIB64_DIR": false,
            "MENUBAR_CAN_AUTOHIDE": false,
            "MOZILLA_OFFICIAL": true,
            "MOZ_ALLOW_LEGACY_EXTENSIONS": false,
            "MOZ_ANDROID_ACTIVITY_STREAM": false,
            "MOZ_ANDROID_HISTORY": true,
            "MOZ_ANDROID_MOZILLA_ONLINE": false,
            "MOZ_APP_NAME": "fennec",
            "MOZ_APP_VERSION": "68.1.1",
            "MOZ_APP_VERSION_DISPLAY": "68.1.1",
            "MOZ_BING_API_CLIENTID": "no-bing-api-clientid",
            "MOZ_BING_API_KEY": "no-bing-api-key",
            "MOZ_BITS_DOWNLOAD": false,
            "MOZ_BUILD_APP": "mobile/android",
            "MOZ_CODE_COVERAGE": false,
            "MOZ_CRASHREPORTER": true,
            "MOZ_DATA_REPORTING": true,
            "MOZ_DEV_EDITION": false,
            "MOZ_GECKO_PROFILER": true,
            "MOZ_GOOGLE_LOCATION_SERVICE_API_KEY": "AIzaSyB2h2OuRcUgy5N-5hsZqiPW6sH3n_rptiQ",
            "MOZ_GOOGLE_SAFEBROWSING_API_KEY": "AIzaSyC7jsptDS3am4tPx4r3nxis7IMjBc5Dovo",
            "MOZ_GRAPHENE": false,
            "MOZ_MACBUNDLE_NAME": "Firefox.app",
            "MOZ_MAINTENANCE_SERVICE": false,
            "MOZ_MOZILLA_API_KEY": "3b4d27dd-703d-4094-8398-4de2c763505a",
            "MOZ_NEW_CERT_STORAGE": false,
            "MOZ_NEW_NOTIFICATION_STORE": false,
            "MOZ_NEW_XULSTORE": false,
            "MOZ_OFFICIAL_BRANDING": false,
            "MOZ_PLACES": false,
            "MOZ_REQUIRE_SIGNING": false,
            "MOZ_SANDBOX": false,
            "MOZ_SERVICES_HEALTHREPORT": true,
            "MOZ_SERVICES_SYNC": false,
            "MOZ_SWITCHBOARD": true,
            "MOZ_SYSTEM_NSS": false,
            "MOZ_TELEMETRY_ON_BY_DEFAULT": false,
            "MOZ_TELEMETRY_REPORTING": true,
            "MOZ_UNSIGNED_SCOPES": 0,
            "MOZ_UPDATER": false,
            "MOZ_UPDATE_CHANNEL": "release",
            "MOZ_WEBRTC": true,
            "MOZ_WIDGET_GTK": false,
            "MOZ_WIDGET_TOOLKIT": "android",
            "NIGHTLY_BUILD": false,
            "OMNIJAR_NAME": "assets/omni.ja",
            "RELEASE_OR_BETA": true,
            "SOURCE_REVISION_URL": "https://hg.mozilla.org/releases/mozilla-esr68/rev/d2e0b9e17b9bc1ef02606c8006b73293f7892ad5",
            "TELEMETRY_PING_FORMAT_VERSION": 4,
            "XP_UNIX": true,
            "isPlatformAndVersionAtLeast": {},
            "isPlatformAndVersionAtMost": {},
            "platform": "android"
          },
          "asyncAppConstants": {
            "ACCESSIBILITY": true,
            "ANDROID_PACKAGE_NAME": "org.mozilla.firefox",
            "ASAN": false,
            "ASAN_REPORTER": false,
            "BROWSER_CHROME_URL": "chrome://browser/content/browser.xul",
            "DEBUG": false,
            "DEBUG_JS_MODULES": "",
            "DLL_PREFIX": "lib",
            "DLL_SUFFIX": ".so",
            "EARLY_BETA_OR_EARLIER": false,
            "FENNEC_NIGHTLY": false,
            "HAVE_SHELL_SERVICE": false,
            "HAVE_USR_LIB64_DIR": false,
            "MENUBAR_CAN_AUTOHIDE": false,
            "MOZILLA_OFFICIAL": true,
            "MOZ_ALLOW_LEGACY_EXTENSIONS": false,
            "MOZ_ANDROID_ACTIVITY_STREAM": false,
            "MOZ_ANDROID_HISTORY": true,
            "MOZ_ANDROID_MOZILLA_ONLINE": false,
            "MOZ_APP_NAME": "fennec",
            "MOZ_APP_VERSION": "68.1.1",
            "MOZ_APP_VERSION_DISPLAY": "68.1.1",
            "MOZ_BING_API_CLIENTID": "no-bing-api-clientid",
            "MOZ_BING_API_KEY": "no-bing-api-key",
            "MOZ_BITS_DOWNLOAD": false,
            "MOZ_BUILD_APP": "mobile/android",
            "MOZ_CODE_COVERAGE": false,
            "MOZ_CRASHREPORTER": true,
            "MOZ_DATA_REPORTING": true,
            "MOZ_DEV_EDITION": false,
            "MOZ_GECKO_PROFILER": true,
            "MOZ_GOOGLE_LOCATION_SERVICE_API_KEY": "AIzaSyB2h2OuRcUgy5N-5hsZqiPW6sH3n_rptiQ",
            "MOZ_GOOGLE_SAFEBROWSING_API_KEY": "AIzaSyC7jsptDS3am4tPx4r3nxis7IMjBc5Dovo",
            "MOZ_GRAPHENE": false,
            "MOZ_MACBUNDLE_NAME": "Firefox.app",
            "MOZ_MAINTENANCE_SERVICE": false,
            "MOZ_MOZILLA_API_KEY": "3b4d27dd-703d-4094-8398-4de2c763505a",
            "MOZ_NEW_CERT_STORAGE": false,
            "MOZ_NEW_NOTIFICATION_STORE": false,
            "MOZ_NEW_XULSTORE": false,
            "MOZ_OFFICIAL_BRANDING": false,
            "MOZ_PLACES": false,
            "MOZ_REQUIRE_SIGNING": false,
            "MOZ_SANDBOX": false,
            "MOZ_SERVICES_HEALTHREPORT": true,
            "MOZ_SERVICES_SYNC": false,
            "MOZ_SWITCHBOARD": true,
            "MOZ_SYSTEM_NSS": false,
            "MOZ_TELEMETRY_ON_BY_DEFAULT": false,
            "MOZ_TELEMETRY_REPORTING": true,
            "MOZ_UNSIGNED_SCOPES": 0,
            "MOZ_UPDATER": false,
            "MOZ_UPDATE_CHANNEL": "release",
            "MOZ_WEBRTC": true,
            "MOZ_WIDGET_GTK": false,
            "MOZ_WIDGET_TOOLKIT": "android",
            "NIGHTLY_BUILD": false,
            "OMNIJAR_NAME": "assets/omni.ja",
            "RELEASE_OR_BETA": true,
            "SOURCE_REVISION_URL": "https://hg.mozilla.org/releases/mozilla-esr68/rev/d2e0b9e17b9bc1ef02606c8006b73293f7892ad5",
            "TELEMETRY_PING_FORMAT_VERSION": 4,
            "XP_UNIX": true,
            "isPlatformAndVersionAtLeast": {},
            "isPlatformAndVersionAtMost": {},
            "platform": "android"
          },
          "userAgent": "Mozilla/5.0 (Android 8.1.0; Mobile; rv:68.0) Gecko/68.0 Firefox/68.0",
          "windowSize": "360x560"
        },
        "pageinfo": {
          "documentHeight": 583,
          "documentSize": {
            "decodedBodySize": 7383,
            "encodedBodySize": 3034,
            "transferSize": 3446
          },
          "documentTitle": "斗鱼 - 每个人的直播平台",
          "documentWidth": 375,
          "domElements": 742,
          "navigationStartTime": 1617072844884,
          "nextHopProtocol": "h2",
          "resources": {
            "count": 0,
            "duration": 0
          },
          "responsive": true,
          "url": "https://m.douyu.com/",
          "visualElements": {
            "heroes": [
              {
                "filename": "dy1",
                "height": 101,
                "name": "LargestImage",
                "width": 180,
                "x": 5,
                "y": 152
              }
            ],
            "viewport": {
              "height": 583,
              "width": 375
            }
          }
        },
        "timings": {
          "firstPaint": 1384,
          "loadEventEnd": 8769,
          "navigationTiming": {
            "connectStart": 70,
            "domComplete": 8768,
            "domContentLoadedEventEnd": 3569,
            "domContentLoadedEventStart": 3564,
            "domInteractive": 3409,
            "domainLookupEnd": 70,
            "domainLookupStart": 69,
            "duration": 8769,
            "fetchStart": -1,
            "loadEventEnd": 8769,
            "loadEventStart": 8768,
            "redirectEnd": 0,
            "redirectStart": 0,
            "requestStart": 78,
            "responseEnd": 926,
            "responseStart": 926,
            "secureConnectionStart": 0,
            "startTime": 0,
            "unloadEventEnd": 0,
            "unloadEventStart": 0,
            "workerStart": 0
          },
          "pageTimings": {
            "backEndTime": 926,
            "domContentLoadedTime": 3564,
            "domInteractiveTime": 3409,
            "domainLookupTime": 0,
            "frontEndTime": 7842,
            "pageDownloadTime": 0,
            "pageLoadTime": 8768,
            "redirectionTime": 0,
            "serverConnectionTime": 0,
            "serverResponseTime": 848
          },
          "rumSpeedIndex": 925,
          "timeToContentfulPaint": 1444,
          "timeToDomContentFlushed": 3504,
          "userTimings": {
            "marks": [],
            "measures": []
          }
        }
      },
      {
        "browser": {
          "appConstants": {
            "ACCESSIBILITY": true,
            "ANDROID_PACKAGE_NAME": "org.mozilla.firefox",
            "ASAN": false,
            "ASAN_REPORTER": false,
            "BROWSER_CHROME_URL": "chrome://browser/content/browser.xul",
            "DEBUG": false,
            "DEBUG_JS_MODULES": "",
            "DLL_PREFIX": "lib",
            "DLL_SUFFIX": ".so",
            "EARLY_BETA_OR_EARLIER": false,
            "FENNEC_NIGHTLY": false,
            "HAVE_SHELL_SERVICE": false,
            "HAVE_USR_LIB64_DIR": false,
            "MENUBAR_CAN_AUTOHIDE": false,
            "MOZILLA_OFFICIAL": true,
            "MOZ_ALLOW_LEGACY_EXTENSIONS": false,
            "MOZ_ANDROID_ACTIVITY_STREAM": false,
            "MOZ_ANDROID_HISTORY": true,
            "MOZ_ANDROID_MOZILLA_ONLINE": false,
            "MOZ_APP_NAME": "fennec",
            "MOZ_APP_VERSION": "68.1.1",
            "MOZ_APP_VERSION_DISPLAY": "68.1.1",
            "MOZ_BING_API_CLIENTID": "no-bing-api-clientid",
            "MOZ_BING_API_KEY": "no-bing-api-key",
            "MOZ_BITS_DOWNLOAD": false,
            "MOZ_BUILD_APP": "mobile/android",
            "MOZ_CODE_COVERAGE": false,
            "MOZ_CRASHREPORTER": true,
            "MOZ_DATA_REPORTING": true,
            "MOZ_DEV_EDITION": false,
            "MOZ_GECKO_PROFILER": true,
            "MOZ_GOOGLE_LOCATION_SERVICE_API_KEY": "AIzaSyB2h2OuRcUgy5N-5hsZqiPW6sH3n_rptiQ",
            "MOZ_GOOGLE_SAFEBROWSING_API_KEY": "AIzaSyC7jsptDS3am4tPx4r3nxis7IMjBc5Dovo",
            "MOZ_GRAPHENE": false,
            "MOZ_MACBUNDLE_NAME": "Firefox.app",
            "MOZ_MAINTENANCE_SERVICE": false,
            "MOZ_MOZILLA_API_KEY": "3b4d27dd-703d-4094-8398-4de2c763505a",
            "MOZ_NEW_CERT_STORAGE": false,
            "MOZ_NEW_NOTIFICATION_STORE": false,
            "MOZ_NEW_XULSTORE": false,
            "MOZ_OFFICIAL_BRANDING": false,
            "MOZ_PLACES": false,
            "MOZ_REQUIRE_SIGNING": false,
            "MOZ_SANDBOX": false,
            "MOZ_SERVICES_HEALTHREPORT": true,
            "MOZ_SERVICES_SYNC": false,
            "MOZ_SWITCHBOARD": true,
            "MOZ_SYSTEM_NSS": false,
            "MOZ_TELEMETRY_ON_BY_DEFAULT": false,
            "MOZ_TELEMETRY_REPORTING": true,
            "MOZ_UNSIGNED_SCOPES": 0,
            "MOZ_UPDATER": false,
            "MOZ_UPDATE_CHANNEL": "release",
            "MOZ_WEBRTC": true,
            "MOZ_WIDGET_GTK": false,
            "MOZ_WIDGET_TOOLKIT": "android",
            "NIGHTLY_BUILD": false,
            "OMNIJAR_NAME": "assets/omni.ja",
            "RELEASE_OR_BETA": true,
            "SOURCE_REVISION_URL": "https://hg.mozilla.org/releases/mozilla-esr68/rev/d2e0b9e17b9bc1ef02606c8006b73293f7892ad5",
            "TELEMETRY_PING_FORMAT_VERSION": 4,
            "XP_UNIX": true,
            "isPlatformAndVersionAtLeast": {},
            "isPlatformAndVersionAtMost": {},
            "platform": "android"
          },
          "asyncAppConstants": {
            "ACCESSIBILITY": true,
            "ANDROID_PACKAGE_NAME": "org.mozilla.firefox",
            "ASAN": false,
            "ASAN_REPORTER": false,
            "BROWSER_CHROME_URL": "chrome://browser/content/browser.xul",
            "DEBUG": false,
            "DEBUG_JS_MODULES": "",
            "DLL_PREFIX": "lib",
            "DLL_SUFFIX": ".so",
            "EARLY_BETA_OR_EARLIER": false,
            "FENNEC_NIGHTLY": false,
            "HAVE_SHELL_SERVICE": false,
            "HAVE_USR_LIB64_DIR": false,
            "MENUBAR_CAN_AUTOHIDE": false,
            "MOZILLA_OFFICIAL": true,
            "MOZ_ALLOW_LEGACY_EXTENSIONS": false,
            "MOZ_ANDROID_ACTIVITY_STREAM": false,
            "MOZ_ANDROID_HISTORY": true,
            "MOZ_ANDROID_MOZILLA_ONLINE": false,
            "MOZ_APP_NAME": "fennec",
            "MOZ_APP_VERSION": "68.1.1",
            "MOZ_APP_VERSION_DISPLAY": "68.1.1",
            "MOZ_BING_API_CLIENTID": "no-bing-api-clientid",
            "MOZ_BING_API_KEY": "no-bing-api-key",
            "MOZ_BITS_DOWNLOAD": false,
            "MOZ_BUILD_APP": "mobile/android",
            "MOZ_CODE_COVERAGE": false,
            "MOZ_CRASHREPORTER": true,
            "MOZ_DATA_REPORTING": true,
            "MOZ_DEV_EDITION": false,
            "MOZ_GECKO_PROFILER": true,
            "MOZ_GOOGLE_LOCATION_SERVICE_API_KEY": "AIzaSyB2h2OuRcUgy5N-5hsZqiPW6sH3n_rptiQ",
            "MOZ_GOOGLE_SAFEBROWSING_API_KEY": "AIzaSyC7jsptDS3am4tPx4r3nxis7IMjBc5Dovo",
            "MOZ_GRAPHENE": false,
            "MOZ_MACBUNDLE_NAME": "Firefox.app",
            "MOZ_MAINTENANCE_SERVICE": false,
            "MOZ_MOZILLA_API_KEY": "3b4d27dd-703d-4094-8398-4de2c763505a",
            "MOZ_NEW_CERT_STORAGE": false,
            "MOZ_NEW_NOTIFICATION_STORE": false,
            "MOZ_NEW_XULSTORE": false,
            "MOZ_OFFICIAL_BRANDING": false,
            "MOZ_PLACES": false,
            "MOZ_REQUIRE_SIGNING": false,
            "MOZ_SANDBOX": false,
            "MOZ_SERVICES_HEALTHREPORT": true,
            "MOZ_SERVICES_SYNC": false,
            "MOZ_SWITCHBOARD": true,
            "MOZ_SYSTEM_NSS": false,
            "MOZ_TELEMETRY_ON_BY_DEFAULT": false,
            "MOZ_TELEMETRY_REPORTING": true,
            "MOZ_UNSIGNED_SCOPES": 0,
            "MOZ_UPDATER": false,
            "MOZ_UPDATE_CHANNEL": "release",
            "MOZ_WEBRTC": true,
            "MOZ_WIDGET_GTK": false,
            "MOZ_WIDGET_TOOLKIT": "android",
            "NIGHTLY_BUILD": false,
            "OMNIJAR_NAME": "assets/omni.ja",
            "RELEASE_OR_BETA": true,
            "SOURCE_REVISION_URL": "https://hg.mozilla.org/releases/mozilla-esr68/rev/d2e0b9e17b9bc1ef02606c8006b73293f7892ad5",
            "TELEMETRY_PING_FORMAT_VERSION": 4,
            "XP_UNIX": true,
            "isPlatformAndVersionAtLeast": {},
            "isPlatformAndVersionAtMost": {},
            "platform": "android"
          },
          "userAgent": "Mozilla/5.0 (Android 8.1.0; Mobile; rv:68.0) Gecko/68.0 Firefox/68.0",
          "windowSize": "360x560"
        },
        "pageinfo": {
          "documentHeight": 583,
          "documentSize": {
            "decodedBodySize": 7383,
            "encodedBodySize": 3032,
            "transferSize": 3444
          },
          "documentTitle": "斗鱼 - 每个人的直播平台",
          "documentWidth": 375,
          "domElements": 741,
          "navigationStartTime": 1617072873144,
          "nextHopProtocol": "h2",
          "resources": {
            "count": 0,
            "duration": 0
          },
          "responsive": true,
          "url": "https://m.douyu.com/",
          "visualElements": {
            "heroes": [
              {
                "filename": "dy1",
                "height": 101,
                "name": "LargestImage",
                "width": 180,
                "x": 5,
                "y": 152
              }
            ],
            "viewport": {
              "height": 583,
              "width": 375
            }
          }
        },
        "timings": {
          "firstPaint": 951,
          "loadEventEnd": 7985,
          "navigationTiming": {
            "connectStart": 64,
            "domComplete": 7984,
            "domContentLoadedEventEnd": 2845,
            "domContentLoadedEventStart": 2835,
            "domInteractive": 2646,
            "domainLookupEnd": 64,
            "domainLookupStart": 63,
            "duration": 7985,
            "fetchStart": -3,
            "loadEventEnd": 7985,
            "loadEventStart": 7984,
            "redirectEnd": 0,
            "redirectStart": 0,
            "requestStart": 71,
            "responseEnd": 435,
            "responseStart": 434,
            "secureConnectionStart": 0,
            "startTime": 0,
            "unloadEventEnd": 0,
            "unloadEventStart": 0,
            "workerStart": 0
          },
          "pageTimings": {
            "backEndTime": 434,
            "domContentLoadedTime": 2835,
            "domInteractiveTime": 2646,
            "domainLookupTime": 0,
            "frontEndTime": 7549,
            "pageDownloadTime": 0,
            "pageLoadTime": 7984,
            "redirectionTime": 0,
            "serverConnectionTime": 0,
            "serverResponseTime": 364
          },
          "rumSpeedIndex": 434,
          "timeToContentfulPaint": 1004,
          "timeToDomContentFlushed": 2846,
          "timeToFirstInteractive": 6786,
          "userTimings": {
            "marks": [],
            "measures": []
          }
        }
      },
      {
        "browser": {
          "appConstants": {
            "ACCESSIBILITY": true,
            "ANDROID_PACKAGE_NAME": "org.mozilla.firefox",
            "ASAN": false,
            "ASAN_REPORTER": false,
            "BROWSER_CHROME_URL": "chrome://browser/content/browser.xul",
            "DEBUG": false,
            "DEBUG_JS_MODULES": "",
            "DLL_PREFIX": "lib",
            "DLL_SUFFIX": ".so",
            "EARLY_BETA_OR_EARLIER": false,
            "FENNEC_NIGHTLY": false,
            "HAVE_SHELL_SERVICE": false,
            "HAVE_USR_LIB64_DIR": false,
            "MENUBAR_CAN_AUTOHIDE": false,
            "MOZILLA_OFFICIAL": true,
            "MOZ_ALLOW_LEGACY_EXTENSIONS": false,
            "MOZ_ANDROID_ACTIVITY_STREAM": false,
            "MOZ_ANDROID_HISTORY": true,
            "MOZ_ANDROID_MOZILLA_ONLINE": false,
            "MOZ_APP_NAME": "fennec",
            "MOZ_APP_VERSION": "68.1.1",
            "MOZ_APP_VERSION_DISPLAY": "68.1.1",
            "MOZ_BING_API_CLIENTID": "no-bing-api-clientid",
            "MOZ_BING_API_KEY": "no-bing-api-key",
            "MOZ_BITS_DOWNLOAD": false,
            "MOZ_BUILD_APP": "mobile/android",
            "MOZ_CODE_COVERAGE": false,
            "MOZ_CRASHREPORTER": true,
            "MOZ_DATA_REPORTING": true,
            "MOZ_DEV_EDITION": false,
            "MOZ_GECKO_PROFILER": true,
            "MOZ_GOOGLE_LOCATION_SERVICE_API_KEY": "AIzaSyB2h2OuRcUgy5N-5hsZqiPW6sH3n_rptiQ",
            "MOZ_GOOGLE_SAFEBROWSING_API_KEY": "AIzaSyC7jsptDS3am4tPx4r3nxis7IMjBc5Dovo",
            "MOZ_GRAPHENE": false,
            "MOZ_MACBUNDLE_NAME": "Firefox.app",
            "MOZ_MAINTENANCE_SERVICE": false,
            "MOZ_MOZILLA_API_KEY": "3b4d27dd-703d-4094-8398-4de2c763505a",
            "MOZ_NEW_CERT_STORAGE": false,
            "MOZ_NEW_NOTIFICATION_STORE": false,
            "MOZ_NEW_XULSTORE": false,
            "MOZ_OFFICIAL_BRANDING": false,
            "MOZ_PLACES": false,
            "MOZ_REQUIRE_SIGNING": false,
            "MOZ_SANDBOX": false,
            "MOZ_SERVICES_HEALTHREPORT": true,
            "MOZ_SERVICES_SYNC": false,
            "MOZ_SWITCHBOARD": true,
            "MOZ_SYSTEM_NSS": false,
            "MOZ_TELEMETRY_ON_BY_DEFAULT": false,
            "MOZ_TELEMETRY_REPORTING": true,
            "MOZ_UNSIGNED_SCOPES": 0,
            "MOZ_UPDATER": false,
            "MOZ_UPDATE_CHANNEL": "release",
            "MOZ_WEBRTC": true,
            "MOZ_WIDGET_GTK": false,
            "MOZ_WIDGET_TOOLKIT": "android",
            "NIGHTLY_BUILD": false,
            "OMNIJAR_NAME": "assets/omni.ja",
            "RELEASE_OR_BETA": true,
            "SOURCE_REVISION_URL": "https://hg.mozilla.org/releases/mozilla-esr68/rev/d2e0b9e17b9bc1ef02606c8006b73293f7892ad5",
            "TELEMETRY_PING_FORMAT_VERSION": 4,
            "XP_UNIX": true,
            "isPlatformAndVersionAtLeast": {},
            "isPlatformAndVersionAtMost": {},
            "platform": "android"
          },
          "asyncAppConstants": {
            "ACCESSIBILITY": true,
            "ANDROID_PACKAGE_NAME": "org.mozilla.firefox",
            "ASAN": false,
            "ASAN_REPORTER": false,
            "BROWSER_CHROME_URL": "chrome://browser/content/browser.xul",
            "DEBUG": false,
            "DEBUG_JS_MODULES": "",
            "DLL_PREFIX": "lib",
            "DLL_SUFFIX": ".so",
            "EARLY_BETA_OR_EARLIER": false,
            "FENNEC_NIGHTLY": false,
            "HAVE_SHELL_SERVICE": false,
            "HAVE_USR_LIB64_DIR": false,
            "MENUBAR_CAN_AUTOHIDE": false,
            "MOZILLA_OFFICIAL": true,
            "MOZ_ALLOW_LEGACY_EXTENSIONS": false,
            "MOZ_ANDROID_ACTIVITY_STREAM": false,
            "MOZ_ANDROID_HISTORY": true,
            "MOZ_ANDROID_MOZILLA_ONLINE": false,
            "MOZ_APP_NAME": "fennec",
            "MOZ_APP_VERSION": "68.1.1",
            "MOZ_APP_VERSION_DISPLAY": "68.1.1",
            "MOZ_BING_API_CLIENTID": "no-bing-api-clientid",
            "MOZ_BING_API_KEY": "no-bing-api-key",
            "MOZ_BITS_DOWNLOAD": false,
            "MOZ_BUILD_APP": "mobile/android",
            "MOZ_CODE_COVERAGE": false,
            "MOZ_CRASHREPORTER": true,
            "MOZ_DATA_REPORTING": true,
            "MOZ_DEV_EDITION": false,
            "MOZ_GECKO_PROFILER": true,
            "MOZ_GOOGLE_LOCATION_SERVICE_API_KEY": "AIzaSyB2h2OuRcUgy5N-5hsZqiPW6sH3n_rptiQ",
            "MOZ_GOOGLE_SAFEBROWSING_API_KEY": "AIzaSyC7jsptDS3am4tPx4r3nxis7IMjBc5Dovo",
            "MOZ_GRAPHENE": false,
            "MOZ_MACBUNDLE_NAME": "Firefox.app",
            "MOZ_MAINTENANCE_SERVICE": false,
            "MOZ_MOZILLA_API_KEY": "3b4d27dd-703d-4094-8398-4de2c763505a",
            "MOZ_NEW_CERT_STORAGE": false,
            "MOZ_NEW_NOTIFICATION_STORE": false,
            "MOZ_NEW_XULSTORE": false,
            "MOZ_OFFICIAL_BRANDING": false,
            "MOZ_PLACES": false,
            "MOZ_REQUIRE_SIGNING": false,
            "MOZ_SANDBOX": false,
            "MOZ_SERVICES_HEALTHREPORT": true,
            "MOZ_SERVICES_SYNC": false,
            "MOZ_SWITCHBOARD": true,
            "MOZ_SYSTEM_NSS": false,
            "MOZ_TELEMETRY_ON_BY_DEFAULT": false,
            "MOZ_TELEMETRY_REPORTING": true,
            "MOZ_UNSIGNED_SCOPES": 0,
            "MOZ_UPDATER": false,
            "MOZ_UPDATE_CHANNEL": "release",
            "MOZ_WEBRTC": true,
            "MOZ_WIDGET_GTK": false,
            "MOZ_WIDGET_TOOLKIT": "android",
            "NIGHTLY_BUILD": false,
            "OMNIJAR_NAME": "assets/omni.ja",
            "RELEASE_OR_BETA": true,
            "SOURCE_REVISION_URL": "https://hg.mozilla.org/releases/mozilla-esr68/rev/d2e0b9e17b9bc1ef02606c8006b73293f7892ad5",
            "TELEMETRY_PING_FORMAT_VERSION": 4,
            "XP_UNIX": true,
            "isPlatformAndVersionAtLeast": {},
            "isPlatformAndVersionAtMost": {},
            "platform": "android"
          },
          "userAgent": "Mozilla/5.0 (Android 8.1.0; Mobile; rv:68.0) Gecko/68.0 Firefox/68.0",
          "windowSize": "360x560"
        },
        "pageinfo": {
          "documentHeight": 583,
          "documentSize": {
            "decodedBodySize": 7383,
            "encodedBodySize": 3032,
            "transferSize": 3452
          },
          "documentTitle": "斗鱼 - 每个人的直播平台",
          "documentWidth": 375,
          "domElements": 742,
          "navigationStartTime": 1617072899267,
          "nextHopProtocol": "h2",
          "resources": {
            "count": 0,
            "duration": 0
          },
          "responsive": true,
          "url": "https://m.douyu.com/",
          "visualElements": {
            "heroes": [
              {
                "filename": "dy1",
                "height": 101,
                "name": "LargestImage",
                "width": 180,
                "x": 5,
                "y": 152
              }
            ],
            "viewport": {
              "height": 583,
              "width": 375
            }
          }
        },
        "timings": {
          "firstPaint": 627,
          "loadEventEnd": 7554,
          "navigationTiming": {
            "connectStart": 67,
            "domComplete": 7553,
            "domContentLoadedEventEnd": 2510,
            "domContentLoadedEventStart": 2504,
            "domInteractive": 2032,
            "domainLookupEnd": 67,
            "domainLookupStart": 66,
            "duration": 7554,
            "fetchStart": -1,
            "loadEventEnd": 7554,
            "loadEventStart": 7554,
            "redirectEnd": 0,
            "redirectStart": 0,
            "requestStart": 71,
            "responseEnd": 178,
            "responseStart": 177,
            "secureConnectionStart": 0,
            "startTime": 0,
            "unloadEventEnd": 0,
            "unloadEventStart": 0,
            "workerStart": 0
          },
          "pageTimings": {
            "backEndTime": 177,
            "domContentLoadedTime": 2504,
            "domInteractiveTime": 2032,
            "domainLookupTime": 0,
            "frontEndTime": 7376,
            "pageDownloadTime": 0,
            "pageLoadTime": 7554,
            "redirectionTime": 0,
            "serverConnectionTime": 0,
            "serverResponseTime": 106
          },
          "rumSpeedIndex": 177,
          "timeToContentfulPaint": 676,
          "timeToDomContentFlushed": 2471,
          "timeToFirstInteractive": 6297,
          "userTimings": {
            "marks": [],
            "measures": []
          }
        }
      }
    ],
    "visualMetrics": [],
    "cpu": [],
    "extras": [
      {},
      {},
      {}
    ],
    "fullyLoaded": [],
    "errors": [
      [],
      [],
      []
    ],
    "statistics": {
      "browser": {
        "appConstants": {
          "MOZ_UNSIGNED_SCOPES": {
            "median": 0,
            "mean": 0,
            "mdev": 0,
            "stddev": 0,
            "min": 0,
            "p10": 0,
            "p90": 0,
            "p99": 0,
            "max": 0
          },
          "TELEMETRY_PING_FORMAT_VERSION": {
            "median": 4,
            "mean": 4,
            "mdev": 0,
            "stddev": 0,
            "min": 4,
            "p10": 4,
            "p90": 4,
            "p99": 4,
            "max": 4
          }
        },
        "asyncAppConstants": {
          "MOZ_UNSIGNED_SCOPES": {
            "median": 0,
            "mean": 0,
            "mdev": 0,
            "stddev": 0,
            "min": 0,
            "p10": 0,
            "p90": 0,
            "p99": 0,
            "max": 0
          },
          "TELEMETRY_PING_FORMAT_VERSION": {
            "median": 4,
            "mean": 4,
            "mdev": 0,
            "stddev": 0,
            "min": 4,
            "p10": 4,
            "p90": 4,
            "p99": 4,
            "max": 4
          }
        }
      },
      "pageinfo": {
        "documentHeight": {
          "median": 583,
          "mean": 583,
          "mdev": 0,
          "stddev": 0,
          "min": 583,
          "p10": 583,
          "p90": 583,
          "p99": 583,
          "max": 583
        },
        "documentSize": {
          "decodedBodySize": {
            "median": 7383,
            "mean": 7383,
            "mdev": 0,
            "stddev": 0,
            "min": 7383,
            "p10": 7383,
            "p90": 7383,
            "p99": 7383,
            "max": 7383
          },
          "encodedBodySize": {
            "median": 3032,
            "mean": 3033,
            "mdev": 0.5443,
            "stddev": 1,
            "min": 3032,
            "p10": 3032,
            "p90": 3034,
            "p99": 3034,
            "max": 3034
          },
          "transferSize": {
            "median": 3446,
            "mean": 3447,
            "mdev": 1.9626,
            "stddev": 3,
            "min": 3444,
            "p10": 3444,
            "p90": 3452,
            "p99": 3452,
            "max": 3452
          }
        },
        "documentWidth": {
          "median": 375,
          "mean": 375,
          "mdev": 0,
          "stddev": 0,
          "min": 375,
          "p10": 375,
          "p90": 375,
          "p99": 375,
          "max": 375
        },
        "domElements": {
          "median": 742,
          "mean": 742,
          "mdev": 0.2722,
          "stddev": 0,
          "min": 741,
          "p10": 741,
          "p90": 742,
          "p99": 742,
          "max": 742
        },
        "navigationStartTime": {
          "median": 1617072873144,
          "mean": 1617072872432,
          "mdev": 0,
          "stddev": 0,
          "min": 1617072844884,
          "p10": 1617072844884,
          "p90": 1617072899267,
          "p99": 1617072899267,
          "max": 1617072899267
        },
        "resources": {
          "count": {
            "median": 0,
            "mean": 0,
            "mdev": 0,
            "stddev": 0,
            "min": 0,
            "p10": 0,
            "p90": 0,
            "p99": 0,
            "max": 0
          },
          "duration": {
            "median": 0,
            "mean": 0,
            "mdev": 0,
            "stddev": 0,
            "min": 0,
            "p10": 0,
            "p90": 0,
            "p99": 0,
            "max": 0
          }
        },
        "visualElements": {
          "heroes": [
            {
              "height": {
                "median": 101,
                "mean": 101,
                "mdev": 0,
                "stddev": 0,
                "min": 101,
                "p10": 101,
                "p90": 101,
                "p99": 101,
                "max": 101
              },
              "width": {
                "median": 180,
                "mean": 180,
                "mdev": 0,
                "stddev": 0,
                "min": 180,
                "p10": 180,
                "p90": 180,
                "p99": 180,
                "max": 180
              },
              "x": {
                "median": 5,
                "mean": 5,
                "mdev": 0,
                "stddev": 0,
                "min": 5,
                "p10": 5,
                "p90": 5,
                "p99": 5,
                "max": 5
              },
              "y": {
                "median": 152,
                "mean": 152,
                "mdev": 0,
                "stddev": 0,
                "min": 152,
                "p10": 152,
                "p90": 152,
                "p99": 152,
                "max": 152
              }
            }
          ],
          "viewport": {
            "height": {
              "median": 583,
              "mean": 583,
              "mdev": 0,
              "stddev": 0,
              "min": 583,
              "p10": 583,
              "p90": 583,
              "p99": 583,
              "max": 583
            },
            "width": {
              "median": 375,
              "mean": 375,
              "mdev": 0,
              "stddev": 0,
              "min": 375,
              "p10": 375,
              "p90": 375,
              "p99": 375,
              "max": 375
            }
          }
        }
      },
      "timings": {
        "firstPaint": {
          "median": 951,
          "mean": 987,
          "mdev": 179.0421,
          "stddev": 310,
          "min": 627,
          "p10": 627,
          "p90": 1384,
          "p99": 1384,
          "max": 1384
        },
        "loadEventEnd": {
          "median": 7985,
          "mean": 8103,
          "mdev": 290.3792,
          "stddev": 503,
          "min": 7554,
          "p10": 7554,
          "p90": 8769,
          "p99": 8769,
          "max": 8769
        },
        "navigationTiming": {
          "connectStart": {
            "median": 67,
            "mean": 67,
            "mdev": 1.4142,
            "stddev": 2,
            "min": 64,
            "p10": 64,
            "p90": 70,
            "p99": 70,
            "max": 70
          },
          "domComplete": {
            "median": 7984,
            "mean": 8102,
            "mdev": 290.3792,
            "stddev": 503,
            "min": 7553,
            "p10": 7553,
            "p90": 8768,
            "p99": 8768,
            "max": 8768
          },
          "domContentLoadedEventEnd": {
            "median": 2845,
            "mean": 2975,
            "mdev": 255.1602,
            "stddev": 442,
            "min": 2510,
            "p10": 2510,
            "p90": 3569,
            "p99": 3569,
            "max": 3569
          },
          "domContentLoadedEventStart": {
            "median": 2835,
            "mean": 2968,
            "mdev": 255.6475,
            "stddev": 443,
            "min": 2504,
            "p10": 2504,
            "p90": 3564,
            "p99": 3564,
            "max": 3564
          },
          "domInteractive": {
            "median": 2646,
            "mean": 2696,
            "mdev": 325.1948,
            "stddev": 563,
            "min": 2032,
            "p10": 2032,
            "p90": 3409,
            "p99": 3409,
            "max": 3409
          },
          "domainLookupEnd": {
            "median": 67,
            "mean": 67,
            "mdev": 1.4142,
            "stddev": 2,
            "min": 64,
            "p10": 64,
            "p90": 70,
            "p99": 70,
            "max": 70
          },
          "domainLookupStart": {
            "median": 66,
            "mean": 66,
            "mdev": 1.4142,
            "stddev": 2,
            "min": 63,
            "p10": 63,
            "p90": 69,
            "p99": 69,
            "max": 69
          },
          "duration": {
            "median": 7985,
            "mean": 8103,
            "mdev": 290.3792,
            "stddev": 503,
            "min": 7554,
            "p10": 7554,
            "p90": 8769,
            "p99": 8769,
            "max": 8769
          },
          "fetchStart": {
            "median": -1,
            "mean": -2,
            "mdev": 0.5443,
            "stddev": 1,
            "min": -3,
            "p10": -3,
            "p90": -1,
            "p99": -1,
            "max": -1
          },
          "loadEventEnd": {
            "median": 7985,
            "mean": 8103,
            "mdev": 290.3792,
            "stddev": 503,
            "min": 7554,
            "p10": 7554,
            "p90": 8769,
            "p99": 8769,
            "max": 8769
          },
          "loadEventStart": {
            "median": 7984,
            "mean": 8102,
            "mdev": 290.1693,
            "stddev": 503,
            "min": 7554,
            "p10": 7554,
            "p90": 8768,
            "p99": 8768,
            "max": 8768
          },
          "redirectEnd": {
            "median": 0,
            "mean": 0,
            "mdev": 0,
            "stddev": 0,
            "min": 0,
            "p10": 0,
            "p90": 0,
            "p99": 0,
            "max": 0
          },
          "redirectStart": {
            "median": 0,
            "mean": 0,
            "mdev": 0,
            "stddev": 0,
            "min": 0,
            "p10": 0,
            "p90": 0,
            "p99": 0,
            "max": 0
          },
          "requestStart": {
            "median": 71,
            "mean": 73,
            "mdev": 1.9052,
            "stddev": 3,
            "min": 71,
            "p10": 71,
            "p90": 78,
            "p99": 78,
            "max": 78
          },
          "responseEnd": {
            "median": 435,
            "mean": 513,
            "mdev": 179.1579,
            "stddev": 310,
            "min": 178,
            "p10": 178,
            "p90": 926,
            "p99": 926,
            "max": 926
          },
          "responseStart": {
            "median": 434,
            "mean": 512,
            "mdev": 179.4141,
            "stddev": 311,
            "min": 177,
            "p10": 177,
            "p90": 926,
            "p99": 926,
            "max": 926
          },
          "secureConnectionStart": {
            "median": 0,
            "mean": 0,
            "mdev": 0,
            "stddev": 0,
            "min": 0,
            "p10": 0,
            "p90": 0,
            "p99": 0,
            "max": 0
          },
          "startTime": {
            "median": 0,
            "mean": 0,
            "mdev": 0,
            "stddev": 0,
            "min": 0,
            "p10": 0,
            "p90": 0,
            "p99": 0,
            "max": 0
          },
          "unloadEventEnd": {
            "median": 0,
            "mean": 0,
            "mdev": 0,
            "stddev": 0,
            "min": 0,
            "p10": 0,
            "p90": 0,
            "p99": 0,
            "max": 0
          },
          "unloadEventStart": {
            "median": 0,
            "mean": 0,
            "mdev": 0,
            "stddev": 0,
            "min": 0,
            "p10": 0,
            "p90": 0,
            "p99": 0,
            "max": 0
          },
          "workerStart": {
            "median": 0,
            "mean": 0,
            "mdev": 0,
            "stddev": 0,
            "min": 0,
            "p10": 0,
            "p90": 0,
            "p99": 0,
            "max": 0
          }
        },
        "pageTimings": {
          "backEndTime": {
            "median": 434,
            "mean": 512,
            "mdev": 179.4141,
            "stddev": 311,
            "min": 177,
            "p10": 177,
            "p90": 926,
            "p99": 926,
            "max": 926
          },
          "domContentLoadedTime": {
            "median": 2835,
            "mean": 2968,
            "mdev": 255.6475,
            "stddev": 443,
            "min": 2504,
            "p10": 2504,
            "p90": 3564,
            "p99": 3564,
            "max": 3564
          },
          "domInteractiveTime": {
            "median": 2646,
            "mean": 2696,
            "mdev": 325.1948,
            "stddev": 563,
            "min": 2032,
            "p10": 2032,
            "p90": 3409,
            "p99": 3409,
            "max": 3409
          },
          "domainLookupTime": {
            "median": 0,
            "mean": 0,
            "mdev": 0,
            "stddev": 0,
            "min": 0,
            "p10": 0,
            "p90": 0,
            "p99": 0,
            "max": 0
          },
          "frontEndTime": {
            "median": 7549,
            "mean": 7589,
            "mdev": 111.0445,
            "stddev": 192,
            "min": 7376,
            "p10": 7376,
            "p90": 7842,
            "p99": 7842,
            "max": 7842
          },
          "pageDownloadTime": {
            "median": 0,
            "mean": 0,
            "mdev": 0,
            "stddev": 0,
            "min": 0,
            "p10": 0,
            "p90": 0,
            "p99": 0,
            "max": 0
          },
          "pageLoadTime": {
            "median": 7984,
            "mean": 8102,
            "mdev": 290.1693,
            "stddev": 503,
            "min": 7554,
            "p10": 7554,
            "p90": 8768,
            "p99": 8768,
            "max": 8768
          },
          "redirectionTime": {
            "median": 0,
            "mean": 0,
            "mdev": 0,
            "stddev": 0,
            "min": 0,
            "p10": 0,
            "p90": 0,
            "p99": 0,
            "max": 0
          },
          "serverConnectionTime": {
            "median": 0,
            "mean": 0,
            "mdev": 0,
            "stddev": 0,
            "min": 0,
            "p10": 0,
            "p90": 0,
            "p99": 0,
            "max": 0
          },
          "serverResponseTime": {
            "median": 364,
            "mean": 439,
            "mdev": 177.5746,
            "stddev": 308,
            "min": 106,
            "p10": 106,
            "p90": 848,
            "p99": 848,
            "max": 848
          }
        },
        "rumSpeedIndex": {
          "median": 434,
          "mean": 512,
          "mdev": 179.1579,
          "stddev": 310,
          "min": 177,
          "p10": 177,
          "p90": 925,
          "p99": 925,
          "max": 925
        },
        "timeToContentfulPaint": {
          "median": 1004,
          "mean": 1041,
          "mdev": 181.6598,
          "stddev": 315,
          "min": 676,
          "p10": 676,
          "p90": 1444,
          "p99": 1444,
          "max": 1444
        },
        "timeToDomContentFlushed": {
          "median": 2846,
          "mean": 2940,
          "mdev": 246.5073,
          "stddev": 427,
          "min": 2471,
          "p10": 2471,
          "p90": 3504,
          "p99": 3504,
          "max": 3504
        },
        "timeToFirstInteractive": {
          "median": 6542,
          "mean": 6542,
          "mdev": 172.8876,
          "stddev": 245,
          "min": 6297,
          "p10": 6297,
          "p90": 6786,
          "p99": 6786,
          "max": 6786
        }
      }
    }
  }
]