[
  {
    "info": {
      "browsertime": {
        "version": "8.4.0"
      },
      "url": "https://www.yelp.com/",
      "timestamp": "2021-03-30T23:15:13+04:00",
      "connectivity": {
        "engine": "external",
        "profile": "native"
      },
      "extra": {}
    },
    "files": {
      "video": [],
      "screenshot": [],
      "timeline": [],
      "consoleLog": [],
      "netLog": [],
      "perfLog": []
    },
    "cdp": {
      "performance": []
    },
    "timestamps": [
      "2021-03-30T23:15:00+04:00",
      "2021-03-30T23:15:19+04:00",
      "2021-03-30T23:15:37+04:00"
    ],
    "browserScripts": [
      {
        "browser": {
          "appConstants": {
            "ACCESSIBILITY": true,
            "ANDROID_PACKAGE_NAME": "org.mozilla.firefox",
            "ASAN": false,
            "ASAN_REPORTER": false,
            "BROWSER_CHROME_URL": "chrome://browser/content/browser.xul",
            "DEBUG": false,
            "DEBUG_JS_MODULES": "",
            "DLL_PREFIX": "lib",
            "DLL_SUFFIX": ".so",
            "EARLY_BETA_OR_EARLIER": false,
            "FENNEC_NIGHTLY": false,
            "HAVE_SHELL_SERVICE": false,
            "HAVE_USR_LIB64_DIR": false,
            "MENUBAR_CAN_AUTOHIDE": false,
            "MOZILLA_OFFICIAL": true,
            "MOZ_ALLOW_LEGACY_EXTENSIONS": false,
            "MOZ_ANDROID_ACTIVITY_STREAM": false,
            "MOZ_ANDROID_HISTORY": true,
            "MOZ_ANDROID_MOZILLA_ONLINE": false,
            "MOZ_APP_NAME": "fennec",
            "MOZ_APP_VERSION": "68.1.1",
            "MOZ_APP_VERSION_DISPLAY": "68.1.1",
            "MOZ_BING_API_CLIENTID": "no-bing-api-clientid",
            "MOZ_BING_API_KEY": "no-bing-api-key",
            "MOZ_BITS_DOWNLOAD": false,
            "MOZ_BUILD_APP": "mobile/android",
            "MOZ_CODE_COVERAGE": false,
            "MOZ_CRASHREPORTER": true,
            "MOZ_DATA_REPORTING": true,
            "MOZ_DEV_EDITION": false,
            "MOZ_GECKO_PROFILER": true,
            "MOZ_GOOGLE_LOCATION_SERVICE_API_KEY": "AIzaSyB2h2OuRcUgy5N-5hsZqiPW6sH3n_rptiQ",
            "MOZ_GOOGLE_SAFEBROWSING_API_KEY": "AIzaSyC7jsptDS3am4tPx4r3nxis7IMjBc5Dovo",
            "MOZ_GRAPHENE": false,
            "MOZ_MACBUNDLE_NAME": "Firefox.app",
            "MOZ_MAINTENANCE_SERVICE": false,
            "MOZ_MOZILLA_API_KEY": "3b4d27dd-703d-4094-8398-4de2c763505a",
            "MOZ_NEW_CERT_STORAGE": false,
            "MOZ_NEW_NOTIFICATION_STORE": false,
            "MOZ_NEW_XULSTORE": false,
            "MOZ_OFFICIAL_BRANDING": false,
            "MOZ_PLACES": false,
            "MOZ_REQUIRE_SIGNING": false,
            "MOZ_SANDBOX": false,
            "MOZ_SERVICES_HEALTHREPORT": true,
            "MOZ_SERVICES_SYNC": false,
            "MOZ_SWITCHBOARD": true,
            "MOZ_SYSTEM_NSS": false,
            "MOZ_TELEMETRY_ON_BY_DEFAULT": false,
            "MOZ_TELEMETRY_REPORTING": true,
            "MOZ_UNSIGNED_SCOPES": 0,
            "MOZ_UPDATER": false,
            "MOZ_UPDATE_CHANNEL": "release",
            "MOZ_WEBRTC": true,
            "MOZ_WIDGET_GTK": false,
            "MOZ_WIDGET_TOOLKIT": "android",
            "NIGHTLY_BUILD": false,
            "OMNIJAR_NAME": "assets/omni.ja",
            "RELEASE_OR_BETA": true,
            "SOURCE_REVISION_URL": "https://hg.mozilla.org/releases/mozilla-esr68/rev/d2e0b9e17b9bc1ef02606c8006b73293f7892ad5",
            "TELEMETRY_PING_FORMAT_VERSION": 4,
            "XP_UNIX": true,
            "isPlatformAndVersionAtLeast": {},
            "isPlatformAndVersionAtMost": {},
            "platform": "android"
          },
          "asyncAppConstants": {
            "ACCESSIBILITY": true,
            "ANDROID_PACKAGE_NAME": "org.mozilla.firefox",
            "ASAN": false,
            "ASAN_REPORTER": false,
            "BROWSER_CHROME_URL": "chrome://browser/content/browser.xul",
            "DEBUG": false,
            "DEBUG_JS_MODULES": "",
            "DLL_PREFIX": "lib",
            "DLL_SUFFIX": ".so",
            "EARLY_BETA_OR_EARLIER": false,
            "FENNEC_NIGHTLY": false,
            "HAVE_SHELL_SERVICE": false,
            "HAVE_USR_LIB64_DIR": false,
            "MENUBAR_CAN_AUTOHIDE": false,
            "MOZILLA_OFFICIAL": true,
            "MOZ_ALLOW_LEGACY_EXTENSIONS": false,
            "MOZ_ANDROID_ACTIVITY_STREAM": false,
            "MOZ_ANDROID_HISTORY": true,
            "MOZ_ANDROID_MOZILLA_ONLINE": false,
            "MOZ_APP_NAME": "fennec",
            "MOZ_APP_VERSION": "68.1.1",
            "MOZ_APP_VERSION_DISPLAY": "68.1.1",
            "MOZ_BING_API_CLIENTID": "no-bing-api-clientid",
            "MOZ_BING_API_KEY": "no-bing-api-key",
            "MOZ_BITS_DOWNLOAD": false,
            "MOZ_BUILD_APP": "mobile/android",
            "MOZ_CODE_COVERAGE": false,
            "MOZ_CRASHREPORTER": true,
            "MOZ_DATA_REPORTING": true,
            "MOZ_DEV_EDITION": false,
            "MOZ_GECKO_PROFILER": true,
            "MOZ_GOOGLE_LOCATION_SERVICE_API_KEY": "AIzaSyB2h2OuRcUgy5N-5hsZqiPW6sH3n_rptiQ",
            "MOZ_GOOGLE_SAFEBROWSING_API_KEY": "AIzaSyC7jsptDS3am4tPx4r3nxis7IMjBc5Dovo",
            "MOZ_GRAPHENE": false,
            "MOZ_MACBUNDLE_NAME": "Firefox.app",
            "MOZ_MAINTENANCE_SERVICE": false,
            "MOZ_MOZILLA_API_KEY": "3b4d27dd-703d-4094-8398-4de2c763505a",
            "MOZ_NEW_CERT_STORAGE": false,
            "MOZ_NEW_NOTIFICATION_STORE": false,
            "MOZ_NEW_XULSTORE": false,
            "MOZ_OFFICIAL_BRANDING": false,
            "MOZ_PLACES": false,
            "MOZ_REQUIRE_SIGNING": false,
            "MOZ_SANDBOX": false,
            "MOZ_SERVICES_HEALTHREPORT": true,
            "MOZ_SERVICES_SYNC": false,
            "MOZ_SWITCHBOARD": true,
            "MOZ_SYSTEM_NSS": false,
            "MOZ_TELEMETRY_ON_BY_DEFAULT": false,
            "MOZ_TELEMETRY_REPORTING": true,
            "MOZ_UNSIGNED_SCOPES": 0,
            "MOZ_UPDATER": false,
            "MOZ_UPDATE_CHANNEL": "release",
            "MOZ_WEBRTC": true,
            "MOZ_WIDGET_GTK": false,
            "MOZ_WIDGET_TOOLKIT": "android",
            "NIGHTLY_BUILD": false,
            "OMNIJAR_NAME": "assets/omni.ja",
            "RELEASE_OR_BETA": true,
            "SOURCE_REVISION_URL": "https://hg.mozilla.org/releases/mozilla-esr68/rev/d2e0b9e17b9bc1ef02606c8006b73293f7892ad5",
            "TELEMETRY_PING_FORMAT_VERSION": 4,
            "XP_UNIX": true,
            "isPlatformAndVersionAtLeast": {},
            "isPlatformAndVersionAtMost": {},
            "platform": "android"
          },
          "userAgent": "Mozilla/5.0 (Android 9; Mobile; rv:68.0) Gecko/68.0 Firefox/68.0",
          "windowSize": "360x612"
        },
        "pageinfo": {
          "documentHeight": 1441,
          "documentSize": {
            "decodedBodySize": 273971,
            "encodedBodySize": 45170,
            "transferSize": 48597
          },
          "documentTitle": "Restaurants, Dentists, Bars, Beauty Salons, Doctors - Yelp",
          "documentWidth": 360,
          "domElements": 587,
          "navigationStartTime": 1617131701249,
          "nextHopProtocol": "h2",
          "resources": {
            "count": 0,
            "duration": 0
          },
          "responsive": true,
          "url": "https://m.yelp.com/",
          "visualElements": {
            "heroes": [
              {
                "filename": "auto.yji-1a123a0da9850e36911b63d82e264a16.png",
                "height": 104,
                "name": "LargestImage",
                "width": 154,
                "x": 12,
                "y": 343
              }
            ],
            "viewport": {
              "height": 612,
              "width": 360
            }
          }
        },
        "timings": {
          "firstPaint": 2393,
          "loadEventEnd": 5944,
          "navigationTiming": {
            "connectStart": 532,
            "domComplete": 5940,
            "domContentLoadedEventEnd": 4023,
            "domContentLoadedEventStart": 4017,
            "domInteractive": 4011,
            "domainLookupEnd": 532,
            "domainLookupStart": 532,
            "duration": 5944,
            "fetchStart": 490,
            "loadEventEnd": 5944,
            "loadEventStart": 5940,
            "redirectEnd": 472,
            "redirectStart": 2,
            "requestStart": 541,
            "responseEnd": 1412,
            "responseStart": 1412,
            "secureConnectionStart": 0,
            "startTime": 0,
            "unloadEventEnd": 0,
            "unloadEventStart": 0,
            "workerStart": 0
          },
          "pageTimings": {
            "backEndTime": 1412,
            "domContentLoadedTime": 4017,
            "domInteractiveTime": 4011,
            "domainLookupTime": 0,
            "frontEndTime": 4528,
            "pageDownloadTime": 0,
            "pageLoadTime": 5940,
            "redirectionTime": 469,
            "serverConnectionTime": 0,
            "serverResponseTime": 871
          },
          "rumSpeedIndex": 1411,
          "timeToContentfulPaint": 2570,
          "timeToDomContentFlushed": 3056,
          "userTimings": {
            "marks": [],
            "measures": []
          }
        }
      },
      {
        "browser": {
          "appConstants": {
            "ACCESSIBILITY": true,
            "ANDROID_PACKAGE_NAME": "org.mozilla.firefox",
            "ASAN": false,
            "ASAN_REPORTER": false,
            "BROWSER_CHROME_URL": "chrome://browser/content/browser.xul",
            "DEBUG": false,
            "DEBUG_JS_MODULES": "",
            "DLL_PREFIX": "lib",
            "DLL_SUFFIX": ".so",
            "EARLY_BETA_OR_EARLIER": false,
            "FENNEC_NIGHTLY": false,
            "HAVE_SHELL_SERVICE": false,
            "HAVE_USR_LIB64_DIR": false,
            "MENUBAR_CAN_AUTOHIDE": false,
            "MOZILLA_OFFICIAL": true,
            "MOZ_ALLOW_LEGACY_EXTENSIONS": false,
            "MOZ_ANDROID_ACTIVITY_STREAM": false,
            "MOZ_ANDROID_HISTORY": true,
            "MOZ_ANDROID_MOZILLA_ONLINE": false,
            "MOZ_APP_NAME": "fennec",
            "MOZ_APP_VERSION": "68.1.1",
            "MOZ_APP_VERSION_DISPLAY": "68.1.1",
            "MOZ_BING_API_CLIENTID": "no-bing-api-clientid",
            "MOZ_BING_API_KEY": "no-bing-api-key",
            "MOZ_BITS_DOWNLOAD": false,
            "MOZ_BUILD_APP": "mobile/android",
            "MOZ_CODE_COVERAGE": false,
            "MOZ_CRASHREPORTER": true,
            "MOZ_DATA_REPORTING": true,
            "MOZ_DEV_EDITION": false,
            "MOZ_GECKO_PROFILER": true,
            "MOZ_GOOGLE_LOCATION_SERVICE_API_KEY": "AIzaSyB2h2OuRcUgy5N-5hsZqiPW6sH3n_rptiQ",
            "MOZ_GOOGLE_SAFEBROWSING_API_KEY": "AIzaSyC7jsptDS3am4tPx4r3nxis7IMjBc5Dovo",
            "MOZ_GRAPHENE": false,
            "MOZ_MACBUNDLE_NAME": "Firefox.app",
            "MOZ_MAINTENANCE_SERVICE": false,
            "MOZ_MOZILLA_API_KEY": "3b4d27dd-703d-4094-8398-4de2c763505a",
            "MOZ_NEW_CERT_STORAGE": false,
            "MOZ_NEW_NOTIFICATION_STORE": false,
            "MOZ_NEW_XULSTORE": false,
            "MOZ_OFFICIAL_BRANDING": false,
            "MOZ_PLACES": false,
            "MOZ_REQUIRE_SIGNING": false,
            "MOZ_SANDBOX": false,
            "MOZ_SERVICES_HEALTHREPORT": true,
            "MOZ_SERVICES_SYNC": false,
            "MOZ_SWITCHBOARD": true,
            "MOZ_SYSTEM_NSS": false,
            "MOZ_TELEMETRY_ON_BY_DEFAULT": false,
            "MOZ_TELEMETRY_REPORTING": true,
            "MOZ_UNSIGNED_SCOPES": 0,
            "MOZ_UPDATER": false,
            "MOZ_UPDATE_CHANNEL": "release",
            "MOZ_WEBRTC": true,
            "MOZ_WIDGET_GTK": false,
            "MOZ_WIDGET_TOOLKIT": "android",
            "NIGHTLY_BUILD": false,
            "OMNIJAR_NAME": "assets/omni.ja",
            "RELEASE_OR_BETA": true,
            "SOURCE_REVISION_URL": "https://hg.mozilla.org/releases/mozilla-esr68/rev/d2e0b9e17b9bc1ef02606c8006b73293f7892ad5",
            "TELEMETRY_PING_FORMAT_VERSION": 4,
            "XP_UNIX": true,
            "isPlatformAndVersionAtLeast": {},
            "isPlatformAndVersionAtMost": {},
            "platform": "android"
          },
          "asyncAppConstants": {
            "ACCESSIBILITY": true,
            "ANDROID_PACKAGE_NAME": "org.mozilla.firefox",
            "ASAN": false,
            "ASAN_REPORTER": false,
            "BROWSER_CHROME_URL": "chrome://browser/content/browser.xul",
            "DEBUG": false,
            "DEBUG_JS_MODULES": "",
            "DLL_PREFIX": "lib",
            "DLL_SUFFIX": ".so",
            "EARLY_BETA_OR_EARLIER": false,
            "FENNEC_NIGHTLY": false,
            "HAVE_SHELL_SERVICE": false,
            "HAVE_USR_LIB64_DIR": false,
            "MENUBAR_CAN_AUTOHIDE": false,
            "MOZILLA_OFFICIAL": true,
            "MOZ_ALLOW_LEGACY_EXTENSIONS": false,
            "MOZ_ANDROID_ACTIVITY_STREAM": false,
            "MOZ_ANDROID_HISTORY": true,
            "MOZ_ANDROID_MOZILLA_ONLINE": false,
            "MOZ_APP_NAME": "fennec",
            "MOZ_APP_VERSION": "68.1.1",
            "MOZ_APP_VERSION_DISPLAY": "68.1.1",
            "MOZ_BING_API_CLIENTID": "no-bing-api-clientid",
            "MOZ_BING_API_KEY": "no-bing-api-key",
            "MOZ_BITS_DOWNLOAD": false,
            "MOZ_BUILD_APP": "mobile/android",
            "MOZ_CODE_COVERAGE": false,
            "MOZ_CRASHREPORTER": true,
            "MOZ_DATA_REPORTING": true,
            "MOZ_DEV_EDITION": false,
            "MOZ_GECKO_PROFILER": true,
            "MOZ_GOOGLE_LOCATION_SERVICE_API_KEY": "AIzaSyB2h2OuRcUgy5N-5hsZqiPW6sH3n_rptiQ",
            "MOZ_GOOGLE_SAFEBROWSING_API_KEY": "AIzaSyC7jsptDS3am4tPx4r3nxis7IMjBc5Dovo",
            "MOZ_GRAPHENE": false,
            "MOZ_MACBUNDLE_NAME": "Firefox.app",
            "MOZ_MAINTENANCE_SERVICE": false,
            "MOZ_MOZILLA_API_KEY": "3b4d27dd-703d-4094-8398-4de2c763505a",
            "MOZ_NEW_CERT_STORAGE": false,
            "MOZ_NEW_NOTIFICATION_STORE": false,
            "MOZ_NEW_XULSTORE": false,
            "MOZ_OFFICIAL_BRANDING": false,
            "MOZ_PLACES": false,
            "MOZ_REQUIRE_SIGNING": false,
            "MOZ_SANDBOX": false,
            "MOZ_SERVICES_HEALTHREPORT": true,
            "MOZ_SERVICES_SYNC": false,
            "MOZ_SWITCHBOARD": true,
            "MOZ_SYSTEM_NSS": false,
            "MOZ_TELEMETRY_ON_BY_DEFAULT": false,
            "MOZ_TELEMETRY_REPORTING": true,
            "MOZ_UNSIGNED_SCOPES": 0,
            "MOZ_UPDATER": false,
            "MOZ_UPDATE_CHANNEL": "release",
            "MOZ_WEBRTC": true,
            "MOZ_WIDGET_GTK": false,
            "MOZ_WIDGET_TOOLKIT": "android",
            "NIGHTLY_BUILD": false,
            "OMNIJAR_NAME": "assets/omni.ja",
            "RELEASE_OR_BETA": true,
            "SOURCE_REVISION_URL": "https://hg.mozilla.org/releases/mozilla-esr68/rev/d2e0b9e17b9bc1ef02606c8006b73293f7892ad5",
            "TELEMETRY_PING_FORMAT_VERSION": 4,
            "XP_UNIX": true,
            "isPlatformAndVersionAtLeast": {},
            "isPlatformAndVersionAtMost": {},
            "platform": "android"
          },
          "userAgent": "Mozilla/5.0 (Android 9; Mobile; rv:68.0) Gecko/68.0 Firefox/68.0",
          "windowSize": "360x612"
        },
        "pageinfo": {
          "documentHeight": 1441,
          "documentSize": {
            "decodedBodySize": 273971,
            "encodedBodySize": 45078,
            "transferSize": 48534
          },
          "documentTitle": "Restaurants, Dentists, Bars, Beauty Salons, Doctors - Yelp",
          "documentWidth": 360,
          "domElements": 587,
          "navigationStartTime": 1617131719955,
          "nextHopProtocol": "h2",
          "resources": {
            "count": 0,
            "duration": 0
          },
          "responsive": true,
          "url": "https://m.yelp.com/",
          "visualElements": {
            "heroes": [
              {
                "filename": "auto.yji-1a123a0da9850e36911b63d82e264a16.png",
                "height": 104,
                "name": "LargestImage",
                "width": 154,
                "x": 12,
                "y": 343
              }
            ],
            "viewport": {
              "height": 612,
              "width": 360
            }
          }
        },
        "timings": {
          "firstPaint": 2164,
          "loadEventEnd": 5169,
          "navigationTiming": {
            "connectStart": 484,
            "domComplete": 5162,
            "domContentLoadedEventEnd": 3721,
            "domContentLoadedEventStart": 3713,
            "domInteractive": 3667,
            "domainLookupEnd": 484,
            "domainLookupStart": 483,
            "duration": 5169,
            "fetchStart": 457,
            "loadEventEnd": 5169,
            "loadEventStart": 5162,
            "redirectEnd": 445,
            "redirectStart": 2,
            "requestStart": 494,
            "responseEnd": 1303,
            "responseStart": 1303,
            "secureConnectionStart": 0,
            "startTime": 0,
            "unloadEventEnd": 0,
            "unloadEventStart": 0,
            "workerStart": 0
          },
          "pageTimings": {
            "backEndTime": 1303,
            "domContentLoadedTime": 3713,
            "domInteractiveTime": 3667,
            "domainLookupTime": 0,
            "frontEndTime": 3859,
            "pageDownloadTime": 0,
            "pageLoadTime": 5162,
            "redirectionTime": 443,
            "serverConnectionTime": 0,
            "serverResponseTime": 808
          },
          "rumSpeedIndex": 1302,
          "timeToContentfulPaint": 2345,
          "timeToDomContentFlushed": 2761,
          "userTimings": {
            "marks": [],
            "measures": []
          }
        }
      },
      {
        "browser": {
          "appConstants": {
            "ACCESSIBILITY": true,
            "ANDROID_PACKAGE_NAME": "org.mozilla.firefox",
            "ASAN": false,
            "ASAN_REPORTER": false,
            "BROWSER_CHROME_URL": "chrome://browser/content/browser.xul",
            "DEBUG": false,
            "DEBUG_JS_MODULES": "",
            "DLL_PREFIX": "lib",
            "DLL_SUFFIX": ".so",
            "EARLY_BETA_OR_EARLIER": false,
            "FENNEC_NIGHTLY": false,
            "HAVE_SHELL_SERVICE": false,
            "HAVE_USR_LIB64_DIR": false,
            "MENUBAR_CAN_AUTOHIDE": false,
            "MOZILLA_OFFICIAL": true,
            "MOZ_ALLOW_LEGACY_EXTENSIONS": false,
            "MOZ_ANDROID_ACTIVITY_STREAM": false,
            "MOZ_ANDROID_HISTORY": true,
            "MOZ_ANDROID_MOZILLA_ONLINE": false,
            "MOZ_APP_NAME": "fennec",
            "MOZ_APP_VERSION": "68.1.1",
            "MOZ_APP_VERSION_DISPLAY": "68.1.1",
            "MOZ_BING_API_CLIENTID": "no-bing-api-clientid",
            "MOZ_BING_API_KEY": "no-bing-api-key",
            "MOZ_BITS_DOWNLOAD": false,
            "MOZ_BUILD_APP": "mobile/android",
            "MOZ_CODE_COVERAGE": false,
            "MOZ_CRASHREPORTER": true,
            "MOZ_DATA_REPORTING": true,
            "MOZ_DEV_EDITION": false,
            "MOZ_GECKO_PROFILER": true,
            "MOZ_GOOGLE_LOCATION_SERVICE_API_KEY": "AIzaSyB2h2OuRcUgy5N-5hsZqiPW6sH3n_rptiQ",
            "MOZ_GOOGLE_SAFEBROWSING_API_KEY": "AIzaSyC7jsptDS3am4tPx4r3nxis7IMjBc5Dovo",
            "MOZ_GRAPHENE": false,
            "MOZ_MACBUNDLE_NAME": "Firefox.app",
            "MOZ_MAINTENANCE_SERVICE": false,
            "MOZ_MOZILLA_API_KEY": "3b4d27dd-703d-4094-8398-4de2c763505a",
            "MOZ_NEW_CERT_STORAGE": false,
            "MOZ_NEW_NOTIFICATION_STORE": false,
            "MOZ_NEW_XULSTORE": false,
            "MOZ_OFFICIAL_BRANDING": false,
            "MOZ_PLACES": false,
            "MOZ_REQUIRE_SIGNING": false,
            "MOZ_SANDBOX": false,
            "MOZ_SERVICES_HEALTHREPORT": true,
            "MOZ_SERVICES_SYNC": false,
            "MOZ_SWITCHBOARD": true,
            "MOZ_SYSTEM_NSS": false,
            "MOZ_TELEMETRY_ON_BY_DEFAULT": false,
            "MOZ_TELEMETRY_REPORTING": true,
            "MOZ_UNSIGNED_SCOPES": 0,
            "MOZ_UPDATER": false,
            "MOZ_UPDATE_CHANNEL": "release",
            "MOZ_WEBRTC": true,
            "MOZ_WIDGET_GTK": false,
            "MOZ_WIDGET_TOOLKIT": "android",
            "NIGHTLY_BUILD": false,
            "OMNIJAR_NAME": "assets/omni.ja",
            "RELEASE_OR_BETA": true,
            "SOURCE_REVISION_URL": "https://hg.mozilla.org/releases/mozilla-esr68/rev/d2e0b9e17b9bc1ef02606c8006b73293f7892ad5",
            "TELEMETRY_PING_FORMAT_VERSION": 4,
            "XP_UNIX": true,
            "isPlatformAndVersionAtLeast": {},
            "isPlatformAndVersionAtMost": {},
            "platform": "android"
          },
          "asyncAppConstants": {
            "ACCESSIBILITY": true,
            "ANDROID_PACKAGE_NAME": "org.mozilla.firefox",
            "ASAN": false,
            "ASAN_REPORTER": false,
            "BROWSER_CHROME_URL": "chrome://browser/content/browser.xul",
            "DEBUG": false,
            "DEBUG_JS_MODULES": "",
            "DLL_PREFIX": "lib",
            "DLL_SUFFIX": ".so",
            "EARLY_BETA_OR_EARLIER": false,
            "FENNEC_NIGHTLY": false,
            "HAVE_SHELL_SERVICE": false,
            "HAVE_USR_LIB64_DIR": false,
            "MENUBAR_CAN_AUTOHIDE": false,
            "MOZILLA_OFFICIAL": true,
            "MOZ_ALLOW_LEGACY_EXTENSIONS": false,
            "MOZ_ANDROID_ACTIVITY_STREAM": false,
            "MOZ_ANDROID_HISTORY": true,
            "MOZ_ANDROID_MOZILLA_ONLINE": false,
            "MOZ_APP_NAME": "fennec",
            "MOZ_APP_VERSION": "68.1.1",
            "MOZ_APP_VERSION_DISPLAY": "68.1.1",
            "MOZ_BING_API_CLIENTID": "no-bing-api-clientid",
            "MOZ_BING_API_KEY": "no-bing-api-key",
            "MOZ_BITS_DOWNLOAD": false,
            "MOZ_BUILD_APP": "mobile/android",
            "MOZ_CODE_COVERAGE": false,
            "MOZ_CRASHREPORTER": true,
            "MOZ_DATA_REPORTING": true,
            "MOZ_DEV_EDITION": false,
            "MOZ_GECKO_PROFILER": true,
            "MOZ_GOOGLE_LOCATION_SERVICE_API_KEY": "AIzaSyB2h2OuRcUgy5N-5hsZqiPW6sH3n_rptiQ",
            "MOZ_GOOGLE_SAFEBROWSING_API_KEY": "AIzaSyC7jsptDS3am4tPx4r3nxis7IMjBc5Dovo",
            "MOZ_GRAPHENE": false,
            "MOZ_MACBUNDLE_NAME": "Firefox.app",
            "MOZ_MAINTENANCE_SERVICE": false,
            "MOZ_MOZILLA_API_KEY": "3b4d27dd-703d-4094-8398-4de2c763505a",
            "MOZ_NEW_CERT_STORAGE": false,
            "MOZ_NEW_NOTIFICATION_STORE": false,
            "MOZ_NEW_XULSTORE": false,
            "MOZ_OFFICIAL_BRANDING": false,
            "MOZ_PLACES": false,
            "MOZ_REQUIRE_SIGNING": false,
            "MOZ_SANDBOX": false,
            "MOZ_SERVICES_HEALTHREPORT": true,
            "MOZ_SERVICES_SYNC": false,
            "MOZ_SWITCHBOARD": true,
            "MOZ_SYSTEM_NSS": false,
            "MOZ_TELEMETRY_ON_BY_DEFAULT": false,
            "MOZ_TELEMETRY_REPORTING": true,
            "MOZ_UNSIGNED_SCOPES": 0,
            "MOZ_UPDATER": false,
            "MOZ_UPDATE_CHANNEL": "release",
            "MOZ_WEBRTC": true,
            "MOZ_WIDGET_GTK": false,
            "MOZ_WIDGET_TOOLKIT": "android",
            "NIGHTLY_BUILD": false,
            "OMNIJAR_NAME": "assets/omni.ja",
            "RELEASE_OR_BETA": true,
            "SOURCE_REVISION_URL": "https://hg.mozilla.org/releases/mozilla-esr68/rev/d2e0b9e17b9bc1ef02606c8006b73293f7892ad5",
            "TELEMETRY_PING_FORMAT_VERSION": 4,
            "XP_UNIX": true,
            "isPlatformAndVersionAtLeast": {},
            "isPlatformAndVersionAtMost": {},
            "platform": "android"
          },
          "userAgent": "Mozilla/5.0 (Android 9; Mobile; rv:68.0) Gecko/68.0 Firefox/68.0",
          "windowSize": "360x612"
        },
        "pageinfo": {
          "documentHeight": 1441,
          "documentSize": {
            "decodedBodySize": 273925,
            "encodedBodySize": 45068,
            "transferSize": 48491
          },
          "documentTitle": "Restaurants, Dentists, Bars, Beauty Salons, Doctors - Yelp",
          "documentWidth": 360,
          "domElements": 587,
          "navigationStartTime": 1617131738413,
          "nextHopProtocol": "h2",
          "resources": {
            "count": 0,
            "duration": 0
          },
          "responsive": true,
          "url": "https://m.yelp.com/",
          "visualElements": {
            "heroes": [
              {
                "filename": "auto.yji-1a123a0da9850e36911b63d82e264a16.png",
                "height": 104,
                "name": "LargestImage",
                "width": 154,
                "x": 12,
                "y": 343
              }
            ],
            "viewport": {
              "height": 612,
              "width": 360
            }
          }
        },
        "timings": {
          "firstPaint": 2498,
          "loadEventEnd": 5407,
          "navigationTiming": {
            "connectStart": 764,
            "domComplete": 5404,
            "domContentLoadedEventEnd": 3900,
            "domContentLoadedEventStart": 3895,
            "domInteractive": 3887,
            "domainLookupEnd": 764,
            "domainLookupStart": 763,
            "duration": 5407,
            "fetchStart": 716,
            "loadEventEnd": 5407,
            "loadEventStart": 5404,
            "redirectEnd": 708,
            "redirectStart": 3,
            "requestStart": 773,
            "responseEnd": 1521,
            "responseStart": 1521,
            "secureConnectionStart": 0,
            "startTime": 0,
            "unloadEventEnd": 0,
            "unloadEventStart": 0,
            "workerStart": 0
          },
          "pageTimings": {
            "backEndTime": 1521,
            "domContentLoadedTime": 3895,
            "domInteractiveTime": 3887,
            "domainLookupTime": 0,
            "frontEndTime": 3883,
            "pageDownloadTime": 0,
            "pageLoadTime": 5404,
            "redirectionTime": 706,
            "serverConnectionTime": 0,
            "serverResponseTime": 747
          },
          "rumSpeedIndex": 1520,
          "timeToContentfulPaint": 2675,
          "timeToDomContentFlushed": 3060,
          "userTimings": {
            "marks": [],
            "measures": []
          }
        }
      }
    ],
    "visualMetrics": [],
    "cpu": [],
    "extras": [
      {},
      {},
      {}
    ],
    "fullyLoaded": [],
    "errors": [
      [],
      [],
      []
    ],
    "statistics": {
      "browser": {
        "appConstants": {
          "MOZ_UNSIGNED_SCOPES": {
            "median": 0,
            "mean": 0,
            "mdev": 0,
            "stddev": 0,
            "min": 0,
            "p10": 0,
            "p90": 0,
            "p99": 0,
            "max": 0
          },
          "TELEMETRY_PING_FORMAT_VERSION": {
            "median": 4,
            "mean": 4,
            "mdev": 0,
            "stddev": 0,
            "min": 4,
            "p10": 4,
            "p90": 4,
            "p99": 4,
            "max": 4
          }
        },
        "asyncAppConstants": {
          "MOZ_UNSIGNED_SCOPES": {
            "median": 0,
            "mean": 0,
            "mdev": 0,
            "stddev": 0,
            "min": 0,
            "p10": 0,
            "p90": 0,
            "p99": 0,
            "max": 0
          },
          "TELEMETRY_PING_FORMAT_VERSION": {
            "median": 4,
            "mean": 4,
            "mdev": 0,
            "stddev": 0,
            "min": 4,
            "p10": 4,
            "p90": 4,
            "p99": 4,
            "max": 4
          }
        }
      },
      "pageinfo": {
        "documentHeight": {
          "median": 1441,
          "mean": 1441,
          "mdev": 0,
          "stddev": 0,
          "min": 1441,
          "p10": 1441,
          "p90": 1441,
          "p99": 1441,
          "max": 1441
        },
        "documentSize": {
          "decodedBodySize": {
            "median": 273971,
            "mean": 273956,
            "mdev": 12.5196,
            "stddev": 22,
            "min": 273925,
            "p10": 273925,
            "p90": 273971,
            "p99": 273971,
            "max": 273971
          },
          "encodedBodySize": {
            "median": 45078,
            "mean": 45105,
            "mdev": 26.5051,
            "stddev": 46,
            "min": 45068,
            "p10": 45068,
            "p90": 45170,
            "p99": 45170,
            "max": 45170
          },
          "transferSize": {
            "median": 48534,
            "mean": 48541,
            "mdev": 25.1322,
            "stddev": 44,
            "min": 48491,
            "p10": 48491,
            "p90": 48597,
            "p99": 48597,
            "max": 48597
          }
        },
        "documentWidth": {
          "median": 360,
          "mean": 360,
          "mdev": 0,
          "stddev": 0,
          "min": 360,
          "p10": 360,
          "p90": 360,
          "p99": 360,
          "max": 360
        },
        "domElements": {
          "median": 587,
          "mean": 587,
          "mdev": 0,
          "stddev": 0,
          "min": 587,
          "p10": 587,
          "p90": 587,
          "p99": 587,
          "max": 587
        },
        "navigationStartTime": {
          "median": 1617131719955,
          "mean": 1617131719872,
          "mdev": 0,
          "stddev": 0,
          "min": 1617131701249,
          "p10": 1617131701249,
          "p90": 1617131738413,
          "p99": 1617131738413,
          "max": 1617131738413
        },
        "resources": {
          "count": {
            "median": 0,
            "mean": 0,
            "mdev": 0,
            "stddev": 0,
            "min": 0,
            "p10": 0,
            "p90": 0,
            "p99": 0,
            "max": 0
          },
          "duration": {
            "median": 0,
            "mean": 0,
            "mdev": 0,
            "stddev": 0,
            "min": 0,
            "p10": 0,
            "p90": 0,
            "p99": 0,
            "max": 0
          }
        },
        "visualElements": {
          "heroes": [
            {
              "height": {
                "median": 104,
                "mean": 104,
                "mdev": 0,
                "stddev": 0,
                "min": 104,
                "p10": 104,
                "p90": 104,
                "p99": 104,
                "max": 104
              },
              "width": {
                "median": 154,
                "mean": 154,
                "mdev": 0,
                "stddev": 0,
                "min": 154,
                "p10": 154,
                "p90": 154,
                "p99": 154,
                "max": 154
              },
              "x": {
                "median": 12,
                "mean": 12,
                "mdev": 0,
                "stddev": 0,
                "min": 12,
                "p10": 12,
                "p90": 12,
                "p99": 12,
                "max": 12
              },
              "y": {
                "median": 343,
                "mean": 343,
                "mdev": 0,
                "stddev": 0,
                "min": 343,
                "p10": 343,
                "p90": 343,
                "p99": 343,
                "max": 343
              }
            }
          ],
          "viewport": {
            "height": {
              "median": 612,
              "mean": 612,
              "mdev": 0,
              "stddev": 0,
              "min": 612,
              "p10": 612,
              "p90": 612,
              "p99": 612,
              "max": 612
            },
            "width": {
              "median": 360,
              "mean": 360,
              "mdev": 0,
              "stddev": 0,
              "min": 360,
              "p10": 360,
              "p90": 360,
              "p99": 360,
              "max": 360
            }
          }
        }
      },
      "timings": {
        "firstPaint": {
          "median": 2393,
          "mean": 2352,
          "mdev": 80.5127,
          "stddev": 139,
          "min": 2164,
          "p10": 2164,
          "p90": 2498,
          "p99": 2498,
          "max": 2498
        },
        "loadEventEnd": {
          "median": 5407,
          "mean": 5507,
          "mdev": 187.146,
          "stddev": 324,
          "min": 5169,
          "p10": 5169,
          "p90": 5944,
          "p99": 5944,
          "max": 5944
        },
        "navigationTiming": {
          "connectStart": {
            "median": 532,
            "mean": 593,
            "mdev": 70.587,
            "stddev": 122,
            "min": 484,
            "p10": 484,
            "p90": 764,
            "p99": 764,
            "max": 764
          },
          "domComplete": {
            "median": 5404,
            "mean": 5502,
            "mdev": 187.6901,
            "stddev": 325,
            "min": 5162,
            "p10": 5162,
            "p90": 5940,
            "p99": 5940,
            "max": 5940
          },
          "domContentLoadedEventEnd": {
            "median": 3900,
            "mean": 3881,
            "mdev": 71.5888,
            "stddev": 124,
            "min": 3721,
            "p10": 3721,
            "p90": 4023,
            "p99": 4023,
            "max": 4023
          },
          "domContentLoadedEventStart": {
            "median": 3895,
            "mean": 3875,
            "mdev": 72.1172,
            "stddev": 125,
            "min": 3713,
            "p10": 3713,
            "p90": 4017,
            "p99": 4017,
            "max": 4017
          },
          "domInteractive": {
            "median": 3887,
            "mean": 3855,
            "mdev": 82.1273,
            "stddev": 142,
            "min": 3667,
            "p10": 3667,
            "p90": 4011,
            "p99": 4011,
            "max": 4011
          },
          "domainLookupEnd": {
            "median": 532,
            "mean": 593,
            "mdev": 70.587,
            "stddev": 122,
            "min": 484,
            "p10": 484,
            "p90": 764,
            "p99": 764,
            "max": 764
          },
          "domainLookupStart": {
            "median": 532,
            "mean": 593,
            "mdev": 70.4909,
            "stddev": 122,
            "min": 483,
            "p10": 483,
            "p90": 763,
            "p99": 763,
            "max": 763
          },
          "duration": {
            "median": 5407,
            "mean": 5507,
            "mdev": 187.146,
            "stddev": 324,
            "min": 5169,
            "p10": 5169,
            "p90": 5944,
            "p99": 5944,
            "max": 5944
          },
          "fetchStart": {
            "median": 490,
            "mean": 554,
            "mdev": 66.4569,
            "stddev": 115,
            "min": 457,
            "p10": 457,
            "p90": 716,
            "p99": 716,
            "max": 716
          },
          "loadEventEnd": {
            "median": 5407,
            "mean": 5507,
            "mdev": 187.146,
            "stddev": 324,
            "min": 5169,
            "p10": 5169,
            "p90": 5944,
            "p99": 5944,
            "max": 5944
          },
          "loadEventStart": {
            "median": 5404,
            "mean": 5502,
            "mdev": 187.6901,
            "stddev": 325,
            "min": 5162,
            "p10": 5162,
            "p90": 5940,
            "p99": 5940,
            "max": 5940
          },
          "redirectEnd": {
            "median": 472,
            "mean": 542,
            "mdev": 68.2029,
            "stddev": 118,
            "min": 445,
            "p10": 445,
            "p90": 708,
            "p99": 708,
            "max": 708
          },
          "redirectStart": {
            "median": 2,
            "mean": 2,
            "mdev": 0.2722,
            "stddev": 0,
            "min": 2,
            "p10": 2,
            "p90": 3,
            "p99": 3,
            "max": 3
          },
          "requestStart": {
            "median": 541,
            "mean": 603,
            "mdev": 70.4152,
            "stddev": 122,
            "min": 494,
            "p10": 494,
            "p90": 773,
            "p99": 773,
            "max": 773
          },
          "responseEnd": {
            "median": 1412,
            "mean": 1412,
            "mdev": 51.3831,
            "stddev": 89,
            "min": 1303,
            "p10": 1303,
            "p90": 1521,
            "p99": 1521,
            "max": 1521
          },
          "responseStart": {
            "median": 1412,
            "mean": 1412,
            "mdev": 51.3831,
            "stddev": 89,
            "min": 1303,
            "p10": 1303,
            "p90": 1521,
            "p99": 1521,
            "max": 1521
          },
          "secureConnectionStart": {
            "median": 0,
            "mean": 0,
            "mdev": 0,
            "stddev": 0,
            "min": 0,
            "p10": 0,
            "p90": 0,
            "p99": 0,
            "max": 0
          },
          "startTime": {
            "median": 0,
            "mean": 0,
            "mdev": 0,
            "stddev": 0,
            "min": 0,
            "p10": 0,
            "p90": 0,
            "p99": 0,
            "max": 0
          },
          "unloadEventEnd": {
            "median": 0,
            "mean": 0,
            "mdev": 0,
            "stddev": 0,
            "min": 0,
            "p10": 0,
            "p90": 0,
            "p99": 0,
            "max": 0
          },
          "unloadEventStart": {
            "median": 0,
            "mean": 0,
            "mdev": 0,
            "stddev": 0,
            "min": 0,
            "p10": 0,
            "p90": 0,
            "p99": 0,
            "max": 0
          },
          "workerStart": {
            "median": 0,
            "mean": 0,
            "mdev": 0,
            "stddev": 0,
            "min": 0,
            "p10": 0,
            "p90": 0,
            "p99": 0,
            "max": 0
          }
        },
        "pageTimings": {
          "backEndTime": {
            "median": 1412,
            "mean": 1412,
            "mdev": 51.3831,
            "stddev": 89,
            "min": 1303,
            "p10": 1303,
            "p90": 1521,
            "p99": 1521,
            "max": 1521
          },
          "domContentLoadedTime": {
            "median": 3895,
            "mean": 3875,
            "mdev": 72.1172,
            "stddev": 125,
            "min": 3713,
            "p10": 3713,
            "p90": 4017,
            "p99": 4017,
            "max": 4017
          },
          "domInteractiveTime": {
            "median": 3887,
            "mean": 3855,
            "mdev": 82.1273,
            "stddev": 142,
            "min": 3667,
            "p10": 3667,
            "p90": 4011,
            "p99": 4011,
            "max": 4011
          },
          "domainLookupTime": {
            "median": 0,
            "mean": 0,
            "mdev": 0,
            "stddev": 0,
            "min": 0,
            "p10": 0,
            "p90": 0,
            "p99": 0,
            "max": 0
          },
          "frontEndTime": {
            "median": 3883,
            "mean": 4090,
            "mdev": 178.9022,
            "stddev": 310,
            "min": 3859,
            "p10": 3859,
            "p90": 4528,
            "p99": 4528,
            "max": 4528
          },
          "pageDownloadTime": {
            "median": 0,
            "mean": 0,
            "mdev": 0,
            "stddev": 0,
            "min": 0,
            "p10": 0,
            "p90": 0,
            "p99": 0,
            "max": 0
          },
          "pageLoadTime": {
            "median": 5404,
            "mean": 5502,
            "mdev": 187.6901,
            "stddev": 325,
            "min": 5162,
            "p10": 5162,
            "p90": 5940,
            "p99": 5940,
            "max": 5940
          },
          "redirectionTime": {
            "median": 469,
            "mean": 539,
            "mdev": 68.3168,
            "stddev": 118,
            "min": 443,
            "p10": 443,
            "p90": 706,
            "p99": 706,
            "max": 706
          },
          "serverConnectionTime": {
            "median": 0,
            "mean": 0,
            "mdev": 0,
            "stddev": 0,
            "min": 0,
            "p10": 0,
            "p90": 0,
            "p99": 0,
            "max": 0
          },
          "serverResponseTime": {
            "median": 808,
            "mean": 809,
            "mdev": 29.2283,
            "stddev": 51,
            "min": 747,
            "p10": 747,
            "p90": 871,
            "p99": 871,
            "max": 871
          }
        },
        "rumSpeedIndex": {
          "median": 1411,
          "mean": 1411,
          "mdev": 51.3831,
          "stddev": 89,
          "min": 1302,
          "p10": 1302,
          "p90": 1520,
          "p99": 1520,
          "max": 1520
        },
        "timeToContentfulPaint": {
          "median": 2570,
          "mean": 2530,
          "mdev": 79.4775,
          "stddev": 138,
          "min": 2345,
          "p10": 2345,
          "p90": 2675,
          "p99": 2675,
          "max": 2675
        },
        "timeToDomContentFlushed": {
          "median": 3056,
          "mean": 2959,
          "mdev": 80.8387,
          "stddev": 140,
          "min": 2761,
          "p10": 2761,
          "p90": 3060,
          "p99": 3060,
          "max": 3060
        }
      }
    }
  }
]