[
  {
    "info": {
      "browsertime": {
        "version": "8.4.0"
      },
      "url": "https://outlook.live.com/owa/",
      "timestamp": "2021-03-30T15:46:48+04:00",
      "connectivity": {
        "engine": "external",
        "profile": "native"
      },
      "extra": {}
    },
    "files": {
      "video": [],
      "screenshot": [],
      "timeline": [],
      "consoleLog": [],
      "netLog": [],
      "perfLog": []
    },
    "cdp": {
      "performance": []
    },
    "timestamps": [
      "2021-03-30T15:46:38+04:00",
      "2021-03-30T15:46:54+04:00",
      "2021-03-30T15:47:10+04:00"
    ],
    "browserScripts": [
      {
        "browser": {
          "appConstants": {
            "ACCESSIBILITY": true,
            "ANDROID_PACKAGE_NAME": "org.mozilla.firefox",
            "ASAN": false,
            "ASAN_REPORTER": false,
            "BROWSER_CHROME_URL": "chrome://browser/content/browser.xul",
            "DEBUG": false,
            "DEBUG_JS_MODULES": "",
            "DLL_PREFIX": "lib",
            "DLL_SUFFIX": ".so",
            "EARLY_BETA_OR_EARLIER": false,
            "FENNEC_NIGHTLY": false,
            "HAVE_SHELL_SERVICE": false,
            "HAVE_USR_LIB64_DIR": false,
            "MENUBAR_CAN_AUTOHIDE": false,
            "MOZILLA_OFFICIAL": true,
            "MOZ_ALLOW_LEGACY_EXTENSIONS": false,
            "MOZ_ANDROID_ACTIVITY_STREAM": false,
            "MOZ_ANDROID_HISTORY": true,
            "MOZ_ANDROID_MOZILLA_ONLINE": false,
            "MOZ_APP_NAME": "fennec",
            "MOZ_APP_VERSION": "68.1.1",
            "MOZ_APP_VERSION_DISPLAY": "68.1.1",
            "MOZ_BING_API_CLIENTID": "no-bing-api-clientid",
            "MOZ_BING_API_KEY": "no-bing-api-key",
            "MOZ_BITS_DOWNLOAD": false,
            "MOZ_BUILD_APP": "mobile/android",
            "MOZ_CODE_COVERAGE": false,
            "MOZ_CRASHREPORTER": true,
            "MOZ_DATA_REPORTING": true,
            "MOZ_DEV_EDITION": false,
            "MOZ_GECKO_PROFILER": true,
            "MOZ_GOOGLE_LOCATION_SERVICE_API_KEY": "AIzaSyB2h2OuRcUgy5N-5hsZqiPW6sH3n_rptiQ",
            "MOZ_GOOGLE_SAFEBROWSING_API_KEY": "AIzaSyC7jsptDS3am4tPx4r3nxis7IMjBc5Dovo",
            "MOZ_GRAPHENE": false,
            "MOZ_MACBUNDLE_NAME": "Firefox.app",
            "MOZ_MAINTENANCE_SERVICE": false,
            "MOZ_MOZILLA_API_KEY": "3b4d27dd-703d-4094-8398-4de2c763505a",
            "MOZ_NEW_CERT_STORAGE": false,
            "MOZ_NEW_NOTIFICATION_STORE": false,
            "MOZ_NEW_XULSTORE": false,
            "MOZ_OFFICIAL_BRANDING": false,
            "MOZ_PLACES": false,
            "MOZ_REQUIRE_SIGNING": false,
            "MOZ_SANDBOX": false,
            "MOZ_SERVICES_HEALTHREPORT": true,
            "MOZ_SERVICES_SYNC": false,
            "MOZ_SWITCHBOARD": true,
            "MOZ_SYSTEM_NSS": false,
            "MOZ_TELEMETRY_ON_BY_DEFAULT": false,
            "MOZ_TELEMETRY_REPORTING": true,
            "MOZ_UNSIGNED_SCOPES": 0,
            "MOZ_UPDATER": false,
            "MOZ_UPDATE_CHANNEL": "release",
            "MOZ_WEBRTC": true,
            "MOZ_WIDGET_GTK": false,
            "MOZ_WIDGET_TOOLKIT": "android",
            "NIGHTLY_BUILD": false,
            "OMNIJAR_NAME": "assets/omni.ja",
            "RELEASE_OR_BETA": true,
            "SOURCE_REVISION_URL": "https://hg.mozilla.org/releases/mozilla-esr68/rev/d2e0b9e17b9bc1ef02606c8006b73293f7892ad5",
            "TELEMETRY_PING_FORMAT_VERSION": 4,
            "XP_UNIX": true,
            "isPlatformAndVersionAtLeast": {},
            "isPlatformAndVersionAtMost": {},
            "platform": "android"
          },
          "asyncAppConstants": {
            "ACCESSIBILITY": true,
            "ANDROID_PACKAGE_NAME": "org.mozilla.firefox",
            "ASAN": false,
            "ASAN_REPORTER": false,
            "BROWSER_CHROME_URL": "chrome://browser/content/browser.xul",
            "DEBUG": false,
            "DEBUG_JS_MODULES": "",
            "DLL_PREFIX": "lib",
            "DLL_SUFFIX": ".so",
            "EARLY_BETA_OR_EARLIER": false,
            "FENNEC_NIGHTLY": false,
            "HAVE_SHELL_SERVICE": false,
            "HAVE_USR_LIB64_DIR": false,
            "MENUBAR_CAN_AUTOHIDE": false,
            "MOZILLA_OFFICIAL": true,
            "MOZ_ALLOW_LEGACY_EXTENSIONS": false,
            "MOZ_ANDROID_ACTIVITY_STREAM": false,
            "MOZ_ANDROID_HISTORY": true,
            "MOZ_ANDROID_MOZILLA_ONLINE": false,
            "MOZ_APP_NAME": "fennec",
            "MOZ_APP_VERSION": "68.1.1",
            "MOZ_APP_VERSION_DISPLAY": "68.1.1",
            "MOZ_BING_API_CLIENTID": "no-bing-api-clientid",
            "MOZ_BING_API_KEY": "no-bing-api-key",
            "MOZ_BITS_DOWNLOAD": false,
            "MOZ_BUILD_APP": "mobile/android",
            "MOZ_CODE_COVERAGE": false,
            "MOZ_CRASHREPORTER": true,
            "MOZ_DATA_REPORTING": true,
            "MOZ_DEV_EDITION": false,
            "MOZ_GECKO_PROFILER": true,
            "MOZ_GOOGLE_LOCATION_SERVICE_API_KEY": "AIzaSyB2h2OuRcUgy5N-5hsZqiPW6sH3n_rptiQ",
            "MOZ_GOOGLE_SAFEBROWSING_API_KEY": "AIzaSyC7jsptDS3am4tPx4r3nxis7IMjBc5Dovo",
            "MOZ_GRAPHENE": false,
            "MOZ_MACBUNDLE_NAME": "Firefox.app",
            "MOZ_MAINTENANCE_SERVICE": false,
            "MOZ_MOZILLA_API_KEY": "3b4d27dd-703d-4094-8398-4de2c763505a",
            "MOZ_NEW_CERT_STORAGE": false,
            "MOZ_NEW_NOTIFICATION_STORE": false,
            "MOZ_NEW_XULSTORE": false,
            "MOZ_OFFICIAL_BRANDING": false,
            "MOZ_PLACES": false,
            "MOZ_REQUIRE_SIGNING": false,
            "MOZ_SANDBOX": false,
            "MOZ_SERVICES_HEALTHREPORT": true,
            "MOZ_SERVICES_SYNC": false,
            "MOZ_SWITCHBOARD": true,
            "MOZ_SYSTEM_NSS": false,
            "MOZ_TELEMETRY_ON_BY_DEFAULT": false,
            "MOZ_TELEMETRY_REPORTING": true,
            "MOZ_UNSIGNED_SCOPES": 0,
            "MOZ_UPDATER": false,
            "MOZ_UPDATE_CHANNEL": "release",
            "MOZ_WEBRTC": true,
            "MOZ_WIDGET_GTK": false,
            "MOZ_WIDGET_TOOLKIT": "android",
            "NIGHTLY_BUILD": false,
            "OMNIJAR_NAME": "assets/omni.ja",
            "RELEASE_OR_BETA": true,
            "SOURCE_REVISION_URL": "https://hg.mozilla.org/releases/mozilla-esr68/rev/d2e0b9e17b9bc1ef02606c8006b73293f7892ad5",
            "TELEMETRY_PING_FORMAT_VERSION": 4,
            "XP_UNIX": true,
            "isPlatformAndVersionAtLeast": {},
            "isPlatformAndVersionAtMost": {},
            "platform": "android"
          },
          "userAgent": "Mozilla/5.0 (Android 9; Mobile; rv:68.0) Gecko/68.0 Firefox/68.0",
          "windowSize": "360x612"
        },
        "pageinfo": {
          "documentHeight": 10349,
          "documentSize": {
            "decodedBodySize": 36621,
            "encodedBodySize": 9364,
            "transferSize": 11153
          },
          "documentTitle": "Outlook – free personal email and calendar from Microsoft",
          "documentWidth": 360,
          "domElements": 446,
          "navigationStartTime": 1617104798605,
          "nextHopProtocol": "h2",
          "resources": {
            "count": 0,
            "duration": 0
          },
          "responsive": true,
          "url": "https://outlook.live.com/owa/",
          "visualElements": {
            "heroes": [
              {
                "filename": null,
                "height": 270,
                "name": "Heading",
                "width": 313,
                "x": 23,
                "y": 74
              }
            ],
            "viewport": {
              "height": 612,
              "width": 360
            }
          }
        },
        "timings": {
          "firstPaint": 1433,
          "loadEventEnd": 3142,
          "navigationTiming": {
            "connectStart": 307,
            "domComplete": 3141,
            "domContentLoadedEventEnd": 1318,
            "domContentLoadedEventStart": 1311,
            "domInteractive": 1297,
            "domainLookupEnd": 305,
            "domainLookupStart": 305,
            "duration": 3142,
            "fetchStart": 2,
            "loadEventEnd": 3142,
            "loadEventStart": 3141,
            "redirectEnd": 0,
            "redirectStart": 0,
            "requestStart": 457,
            "responseEnd": 493,
            "responseStart": 492,
            "secureConnectionStart": 325,
            "startTime": 0,
            "unloadEventEnd": 0,
            "unloadEventStart": 0,
            "workerStart": 0
          },
          "pageTimings": {
            "backEndTime": 492,
            "domContentLoadedTime": 1311,
            "domInteractiveTime": 1297,
            "domainLookupTime": 0,
            "frontEndTime": 2648,
            "pageDownloadTime": 2,
            "pageLoadTime": 3141,
            "redirectionTime": 0,
            "serverConnectionTime": 149,
            "serverResponseTime": 36
          },
          "rumSpeedIndex": 491,
          "timeToContentfulPaint": 1944,
          "timeToDomContentFlushed": 1296,
          "userTimings": {
            "marks": [],
            "measures": []
          }
        }
      },
      {
        "browser": {
          "appConstants": {
            "ACCESSIBILITY": true,
            "ANDROID_PACKAGE_NAME": "org.mozilla.firefox",
            "ASAN": false,
            "ASAN_REPORTER": false,
            "BROWSER_CHROME_URL": "chrome://browser/content/browser.xul",
            "DEBUG": false,
            "DEBUG_JS_MODULES": "",
            "DLL_PREFIX": "lib",
            "DLL_SUFFIX": ".so",
            "EARLY_BETA_OR_EARLIER": false,
            "FENNEC_NIGHTLY": false,
            "HAVE_SHELL_SERVICE": false,
            "HAVE_USR_LIB64_DIR": false,
            "MENUBAR_CAN_AUTOHIDE": false,
            "MOZILLA_OFFICIAL": true,
            "MOZ_ALLOW_LEGACY_EXTENSIONS": false,
            "MOZ_ANDROID_ACTIVITY_STREAM": false,
            "MOZ_ANDROID_HISTORY": true,
            "MOZ_ANDROID_MOZILLA_ONLINE": false,
            "MOZ_APP_NAME": "fennec",
            "MOZ_APP_VERSION": "68.1.1",
            "MOZ_APP_VERSION_DISPLAY": "68.1.1",
            "MOZ_BING_API_CLIENTID": "no-bing-api-clientid",
            "MOZ_BING_API_KEY": "no-bing-api-key",
            "MOZ_BITS_DOWNLOAD": false,
            "MOZ_BUILD_APP": "mobile/android",
            "MOZ_CODE_COVERAGE": false,
            "MOZ_CRASHREPORTER": true,
            "MOZ_DATA_REPORTING": true,
            "MOZ_DEV_EDITION": false,
            "MOZ_GECKO_PROFILER": true,
            "MOZ_GOOGLE_LOCATION_SERVICE_API_KEY": "AIzaSyB2h2OuRcUgy5N-5hsZqiPW6sH3n_rptiQ",
            "MOZ_GOOGLE_SAFEBROWSING_API_KEY": "AIzaSyC7jsptDS3am4tPx4r3nxis7IMjBc5Dovo",
            "MOZ_GRAPHENE": false,
            "MOZ_MACBUNDLE_NAME": "Firefox.app",
            "MOZ_MAINTENANCE_SERVICE": false,
            "MOZ_MOZILLA_API_KEY": "3b4d27dd-703d-4094-8398-4de2c763505a",
            "MOZ_NEW_CERT_STORAGE": false,
            "MOZ_NEW_NOTIFICATION_STORE": false,
            "MOZ_NEW_XULSTORE": false,
            "MOZ_OFFICIAL_BRANDING": false,
            "MOZ_PLACES": false,
            "MOZ_REQUIRE_SIGNING": false,
            "MOZ_SANDBOX": false,
            "MOZ_SERVICES_HEALTHREPORT": true,
            "MOZ_SERVICES_SYNC": false,
            "MOZ_SWITCHBOARD": true,
            "MOZ_SYSTEM_NSS": false,
            "MOZ_TELEMETRY_ON_BY_DEFAULT": false,
            "MOZ_TELEMETRY_REPORTING": true,
            "MOZ_UNSIGNED_SCOPES": 0,
            "MOZ_UPDATER": false,
            "MOZ_UPDATE_CHANNEL": "release",
            "MOZ_WEBRTC": true,
            "MOZ_WIDGET_GTK": false,
            "MOZ_WIDGET_TOOLKIT": "android",
            "NIGHTLY_BUILD": false,
            "OMNIJAR_NAME": "assets/omni.ja",
            "RELEASE_OR_BETA": true,
            "SOURCE_REVISION_URL": "https://hg.mozilla.org/releases/mozilla-esr68/rev/d2e0b9e17b9bc1ef02606c8006b73293f7892ad5",
            "TELEMETRY_PING_FORMAT_VERSION": 4,
            "XP_UNIX": true,
            "isPlatformAndVersionAtLeast": {},
            "isPlatformAndVersionAtMost": {},
            "platform": "android"
          },
          "asyncAppConstants": {
            "ACCESSIBILITY": true,
            "ANDROID_PACKAGE_NAME": "org.mozilla.firefox",
            "ASAN": false,
            "ASAN_REPORTER": false,
            "BROWSER_CHROME_URL": "chrome://browser/content/browser.xul",
            "DEBUG": false,
            "DEBUG_JS_MODULES": "",
            "DLL_PREFIX": "lib",
            "DLL_SUFFIX": ".so",
            "EARLY_BETA_OR_EARLIER": false,
            "FENNEC_NIGHTLY": false,
            "HAVE_SHELL_SERVICE": false,
            "HAVE_USR_LIB64_DIR": false,
            "MENUBAR_CAN_AUTOHIDE": false,
            "MOZILLA_OFFICIAL": true,
            "MOZ_ALLOW_LEGACY_EXTENSIONS": false,
            "MOZ_ANDROID_ACTIVITY_STREAM": false,
            "MOZ_ANDROID_HISTORY": true,
            "MOZ_ANDROID_MOZILLA_ONLINE": false,
            "MOZ_APP_NAME": "fennec",
            "MOZ_APP_VERSION": "68.1.1",
            "MOZ_APP_VERSION_DISPLAY": "68.1.1",
            "MOZ_BING_API_CLIENTID": "no-bing-api-clientid",
            "MOZ_BING_API_KEY": "no-bing-api-key",
            "MOZ_BITS_DOWNLOAD": false,
            "MOZ_BUILD_APP": "mobile/android",
            "MOZ_CODE_COVERAGE": false,
            "MOZ_CRASHREPORTER": true,
            "MOZ_DATA_REPORTING": true,
            "MOZ_DEV_EDITION": false,
            "MOZ_GECKO_PROFILER": true,
            "MOZ_GOOGLE_LOCATION_SERVICE_API_KEY": "AIzaSyB2h2OuRcUgy5N-5hsZqiPW6sH3n_rptiQ",
            "MOZ_GOOGLE_SAFEBROWSING_API_KEY": "AIzaSyC7jsptDS3am4tPx4r3nxis7IMjBc5Dovo",
            "MOZ_GRAPHENE": false,
            "MOZ_MACBUNDLE_NAME": "Firefox.app",
            "MOZ_MAINTENANCE_SERVICE": false,
            "MOZ_MOZILLA_API_KEY": "3b4d27dd-703d-4094-8398-4de2c763505a",
            "MOZ_NEW_CERT_STORAGE": false,
            "MOZ_NEW_NOTIFICATION_STORE": false,
            "MOZ_NEW_XULSTORE": false,
            "MOZ_OFFICIAL_BRANDING": false,
            "MOZ_PLACES": false,
            "MOZ_REQUIRE_SIGNING": false,
            "MOZ_SANDBOX": false,
            "MOZ_SERVICES_HEALTHREPORT": true,
            "MOZ_SERVICES_SYNC": false,
            "MOZ_SWITCHBOARD": true,
            "MOZ_SYSTEM_NSS": false,
            "MOZ_TELEMETRY_ON_BY_DEFAULT": false,
            "MOZ_TELEMETRY_REPORTING": true,
            "MOZ_UNSIGNED_SCOPES": 0,
            "MOZ_UPDATER": false,
            "MOZ_UPDATE_CHANNEL": "release",
            "MOZ_WEBRTC": true,
            "MOZ_WIDGET_GTK": false,
            "MOZ_WIDGET_TOOLKIT": "android",
            "NIGHTLY_BUILD": false,
            "OMNIJAR_NAME": "assets/omni.ja",
            "RELEASE_OR_BETA": true,
            "SOURCE_REVISION_URL": "https://hg.mozilla.org/releases/mozilla-esr68/rev/d2e0b9e17b9bc1ef02606c8006b73293f7892ad5",
            "TELEMETRY_PING_FORMAT_VERSION": 4,
            "XP_UNIX": true,
            "isPlatformAndVersionAtLeast": {},
            "isPlatformAndVersionAtMost": {},
            "platform": "android"
          },
          "userAgent": "Mozilla/5.0 (Android 9; Mobile; rv:68.0) Gecko/68.0 Firefox/68.0",
          "windowSize": "360x612"
        },
        "pageinfo": {
          "documentHeight": 10349,
          "documentSize": {
            "decodedBodySize": 36621,
            "encodedBodySize": 9364,
            "transferSize": 11153
          },
          "documentTitle": "Outlook – free personal email and calendar from Microsoft",
          "documentWidth": 360,
          "domElements": 446,
          "navigationStartTime": 1617104815408,
          "nextHopProtocol": "h2",
          "resources": {
            "count": 0,
            "duration": 0
          },
          "responsive": true,
          "url": "https://outlook.live.com/owa/",
          "visualElements": {
            "heroes": [
              {
                "filename": null,
                "height": 270,
                "name": "Heading",
                "width": 313,
                "x": 23,
                "y": 74
              }
            ],
            "viewport": {
              "height": 612,
              "width": 360
            }
          }
        },
        "timings": {
          "firstPaint": 1389,
          "loadEventEnd": 2593,
          "navigationTiming": {
            "connectStart": 292,
            "domComplete": 2593,
            "domContentLoadedEventEnd": 1195,
            "domContentLoadedEventStart": 1186,
            "domInteractive": 1173,
            "domainLookupEnd": 290,
            "domainLookupStart": 289,
            "duration": 2593,
            "fetchStart": 2,
            "loadEventEnd": 2593,
            "loadEventStart": 2593,
            "redirectEnd": 0,
            "redirectStart": 0,
            "requestStart": 427,
            "responseEnd": 460,
            "responseStart": 454,
            "secureConnectionStart": 308,
            "startTime": 0,
            "unloadEventEnd": 0,
            "unloadEventStart": 0,
            "workerStart": 0
          },
          "pageTimings": {
            "backEndTime": 454,
            "domContentLoadedTime": 1186,
            "domInteractiveTime": 1173,
            "domainLookupTime": 0,
            "frontEndTime": 2132,
            "pageDownloadTime": 6,
            "pageLoadTime": 2593,
            "redirectionTime": 0,
            "serverConnectionTime": 135,
            "serverResponseTime": 33
          },
          "rumSpeedIndex": 454,
          "timeToContentfulPaint": 1858,
          "timeToDomContentFlushed": 1172,
          "userTimings": {
            "marks": [],
            "measures": []
          }
        }
      },
      {
        "browser": {
          "appConstants": {
            "ACCESSIBILITY": true,
            "ANDROID_PACKAGE_NAME": "org.mozilla.firefox",
            "ASAN": false,
            "ASAN_REPORTER": false,
            "BROWSER_CHROME_URL": "chrome://browser/content/browser.xul",
            "DEBUG": false,
            "DEBUG_JS_MODULES": "",
            "DLL_PREFIX": "lib",
            "DLL_SUFFIX": ".so",
            "EARLY_BETA_OR_EARLIER": false,
            "FENNEC_NIGHTLY": false,
            "HAVE_SHELL_SERVICE": false,
            "HAVE_USR_LIB64_DIR": false,
            "MENUBAR_CAN_AUTOHIDE": false,
            "MOZILLA_OFFICIAL": true,
            "MOZ_ALLOW_LEGACY_EXTENSIONS": false,
            "MOZ_ANDROID_ACTIVITY_STREAM": false,
            "MOZ_ANDROID_HISTORY": true,
            "MOZ_ANDROID_MOZILLA_ONLINE": false,
            "MOZ_APP_NAME": "fennec",
            "MOZ_APP_VERSION": "68.1.1",
            "MOZ_APP_VERSION_DISPLAY": "68.1.1",
            "MOZ_BING_API_CLIENTID": "no-bing-api-clientid",
            "MOZ_BING_API_KEY": "no-bing-api-key",
            "MOZ_BITS_DOWNLOAD": false,
            "MOZ_BUILD_APP": "mobile/android",
            "MOZ_CODE_COVERAGE": false,
            "MOZ_CRASHREPORTER": true,
            "MOZ_DATA_REPORTING": true,
            "MOZ_DEV_EDITION": false,
            "MOZ_GECKO_PROFILER": true,
            "MOZ_GOOGLE_LOCATION_SERVICE_API_KEY": "AIzaSyB2h2OuRcUgy5N-5hsZqiPW6sH3n_rptiQ",
            "MOZ_GOOGLE_SAFEBROWSING_API_KEY": "AIzaSyC7jsptDS3am4tPx4r3nxis7IMjBc5Dovo",
            "MOZ_GRAPHENE": false,
            "MOZ_MACBUNDLE_NAME": "Firefox.app",
            "MOZ_MAINTENANCE_SERVICE": false,
            "MOZ_MOZILLA_API_KEY": "3b4d27dd-703d-4094-8398-4de2c763505a",
            "MOZ_NEW_CERT_STORAGE": false,
            "MOZ_NEW_NOTIFICATION_STORE": false,
            "MOZ_NEW_XULSTORE": false,
            "MOZ_OFFICIAL_BRANDING": false,
            "MOZ_PLACES": false,
            "MOZ_REQUIRE_SIGNING": false,
            "MOZ_SANDBOX": false,
            "MOZ_SERVICES_HEALTHREPORT": true,
            "MOZ_SERVICES_SYNC": false,
            "MOZ_SWITCHBOARD": true,
            "MOZ_SYSTEM_NSS": false,
            "MOZ_TELEMETRY_ON_BY_DEFAULT": false,
            "MOZ_TELEMETRY_REPORTING": true,
            "MOZ_UNSIGNED_SCOPES": 0,
            "MOZ_UPDATER": false,
            "MOZ_UPDATE_CHANNEL": "release",
            "MOZ_WEBRTC": true,
            "MOZ_WIDGET_GTK": false,
            "MOZ_WIDGET_TOOLKIT": "android",
            "NIGHTLY_BUILD": false,
            "OMNIJAR_NAME": "assets/omni.ja",
            "RELEASE_OR_BETA": true,
            "SOURCE_REVISION_URL": "https://hg.mozilla.org/releases/mozilla-esr68/rev/d2e0b9e17b9bc1ef02606c8006b73293f7892ad5",
            "TELEMETRY_PING_FORMAT_VERSION": 4,
            "XP_UNIX": true,
            "isPlatformAndVersionAtLeast": {},
            "isPlatformAndVersionAtMost": {},
            "platform": "android"
          },
          "asyncAppConstants": {
            "ACCESSIBILITY": true,
            "ANDROID_PACKAGE_NAME": "org.mozilla.firefox",
            "ASAN": false,
            "ASAN_REPORTER": false,
            "BROWSER_CHROME_URL": "chrome://browser/content/browser.xul",
            "DEBUG": false,
            "DEBUG_JS_MODULES": "",
            "DLL_PREFIX": "lib",
            "DLL_SUFFIX": ".so",
            "EARLY_BETA_OR_EARLIER": false,
            "FENNEC_NIGHTLY": false,
            "HAVE_SHELL_SERVICE": false,
            "HAVE_USR_LIB64_DIR": false,
            "MENUBAR_CAN_AUTOHIDE": false,
            "MOZILLA_OFFICIAL": true,
            "MOZ_ALLOW_LEGACY_EXTENSIONS": false,
            "MOZ_ANDROID_ACTIVITY_STREAM": false,
            "MOZ_ANDROID_HISTORY": true,
            "MOZ_ANDROID_MOZILLA_ONLINE": false,
            "MOZ_APP_NAME": "fennec",
            "MOZ_APP_VERSION": "68.1.1",
            "MOZ_APP_VERSION_DISPLAY": "68.1.1",
            "MOZ_BING_API_CLIENTID": "no-bing-api-clientid",
            "MOZ_BING_API_KEY": "no-bing-api-key",
            "MOZ_BITS_DOWNLOAD": false,
            "MOZ_BUILD_APP": "mobile/android",
            "MOZ_CODE_COVERAGE": false,
            "MOZ_CRASHREPORTER": true,
            "MOZ_DATA_REPORTING": true,
            "MOZ_DEV_EDITION": false,
            "MOZ_GECKO_PROFILER": true,
            "MOZ_GOOGLE_LOCATION_SERVICE_API_KEY": "AIzaSyB2h2OuRcUgy5N-5hsZqiPW6sH3n_rptiQ",
            "MOZ_GOOGLE_SAFEBROWSING_API_KEY": "AIzaSyC7jsptDS3am4tPx4r3nxis7IMjBc5Dovo",
            "MOZ_GRAPHENE": false,
            "MOZ_MACBUNDLE_NAME": "Firefox.app",
            "MOZ_MAINTENANCE_SERVICE": false,
            "MOZ_MOZILLA_API_KEY": "3b4d27dd-703d-4094-8398-4de2c763505a",
            "MOZ_NEW_CERT_STORAGE": false,
            "MOZ_NEW_NOTIFICATION_STORE": false,
            "MOZ_NEW_XULSTORE": false,
            "MOZ_OFFICIAL_BRANDING": false,
            "MOZ_PLACES": false,
            "MOZ_REQUIRE_SIGNING": false,
            "MOZ_SANDBOX": false,
            "MOZ_SERVICES_HEALTHREPORT": true,
            "MOZ_SERVICES_SYNC": false,
            "MOZ_SWITCHBOARD": true,
            "MOZ_SYSTEM_NSS": false,
            "MOZ_TELEMETRY_ON_BY_DEFAULT": false,
            "MOZ_TELEMETRY_REPORTING": true,
            "MOZ_UNSIGNED_SCOPES": 0,
            "MOZ_UPDATER": false,
            "MOZ_UPDATE_CHANNEL": "release",
            "MOZ_WEBRTC": true,
            "MOZ_WIDGET_GTK": false,
            "MOZ_WIDGET_TOOLKIT": "android",
            "NIGHTLY_BUILD": false,
            "OMNIJAR_NAME": "assets/omni.ja",
            "RELEASE_OR_BETA": true,
            "SOURCE_REVISION_URL": "https://hg.mozilla.org/releases/mozilla-esr68/rev/d2e0b9e17b9bc1ef02606c8006b73293f7892ad5",
            "TELEMETRY_PING_FORMAT_VERSION": 4,
            "XP_UNIX": true,
            "isPlatformAndVersionAtLeast": {},
            "isPlatformAndVersionAtMost": {},
            "platform": "android"
          },
          "userAgent": "Mozilla/5.0 (Android 9; Mobile; rv:68.0) Gecko/68.0 Firefox/68.0",
          "windowSize": "360x612"
        },
        "pageinfo": {
          "documentHeight": 10349,
          "documentSize": {
            "decodedBodySize": 36621,
            "encodedBodySize": 9364,
            "transferSize": 11153
          },
          "documentTitle": "Outlook – free personal email and calendar from Microsoft",
          "documentWidth": 360,
          "domElements": 446,
          "navigationStartTime": 1617104830922,
          "nextHopProtocol": "h2",
          "resources": {
            "count": 0,
            "duration": 0
          },
          "responsive": true,
          "url": "https://outlook.live.com/owa/",
          "visualElements": {
            "heroes": [
              {
                "filename": null,
                "height": 270,
                "name": "Heading",
                "width": 313,
                "x": 23,
                "y": 74
              }
            ],
            "viewport": {
              "height": 612,
              "width": 360
            }
          }
        },
        "timings": {
          "firstPaint": 1126,
          "loadEventEnd": 1941,
          "navigationTiming": {
            "connectStart": 36,
            "domComplete": 1941,
            "domContentLoadedEventEnd": 1002,
            "domContentLoadedEventStart": 995,
            "domInteractive": 894,
            "domainLookupEnd": 35,
            "domainLookupStart": 35,
            "duration": 1941,
            "fetchStart": 2,
            "loadEventEnd": 1941,
            "loadEventStart": 1941,
            "redirectEnd": 0,
            "redirectStart": 0,
            "requestStart": 158,
            "responseEnd": 195,
            "responseStart": 193,
            "secureConnectionStart": 53,
            "startTime": 0,
            "unloadEventEnd": 0,
            "unloadEventStart": 0,
            "workerStart": 0
          },
          "pageTimings": {
            "backEndTime": 193,
            "domContentLoadedTime": 995,
            "domInteractiveTime": 894,
            "domainLookupTime": 0,
            "frontEndTime": 1746,
            "pageDownloadTime": 2,
            "pageLoadTime": 1941,
            "redirectionTime": 0,
            "serverConnectionTime": 121,
            "serverResponseTime": 37
          },
          "rumSpeedIndex": 193,
          "timeToContentfulPaint": 1595,
          "timeToDomContentFlushed": 896,
          "userTimings": {
            "marks": [],
            "measures": []
          }
        }
      }
    ],
    "visualMetrics": [],
    "cpu": [],
    "extras": [
      {},
      {},
      {}
    ],
    "fullyLoaded": [],
    "errors": [
      [],
      [],
      []
    ],
    "statistics": {
      "browser": {
        "appConstants": {
          "MOZ_UNSIGNED_SCOPES": {
            "median": 0,
            "mean": 0,
            "mdev": 0,
            "stddev": 0,
            "min": 0,
            "p10": 0,
            "p90": 0,
            "p99": 0,
            "max": 0
          },
          "TELEMETRY_PING_FORMAT_VERSION": {
            "median": 4,
            "mean": 4,
            "mdev": 0,
            "stddev": 0,
            "min": 4,
            "p10": 4,
            "p90": 4,
            "p99": 4,
            "max": 4
          }
        },
        "asyncAppConstants": {
          "MOZ_UNSIGNED_SCOPES": {
            "median": 0,
            "mean": 0,
            "mdev": 0,
            "stddev": 0,
            "min": 0,
            "p10": 0,
            "p90": 0,
            "p99": 0,
            "max": 0
          },
          "TELEMETRY_PING_FORMAT_VERSION": {
            "median": 4,
            "mean": 4,
            "mdev": 0,
            "stddev": 0,
            "min": 4,
            "p10": 4,
            "p90": 4,
            "p99": 4,
            "max": 4
          }
        }
      },
      "pageinfo": {
        "documentHeight": {
          "median": 10349,
          "mean": 10349,
          "mdev": 0,
          "stddev": 0,
          "min": 10349,
          "p10": 10349,
          "p90": 10349,
          "p99": 10349,
          "max": 10349
        },
        "documentSize": {
          "decodedBodySize": {
            "median": 36621,
            "mean": 36621,
            "mdev": 0,
            "stddev": 0,
            "min": 36621,
            "p10": 36621,
            "p90": 36621,
            "p99": 36621,
            "max": 36621
          },
          "encodedBodySize": {
            "median": 9364,
            "mean": 9364,
            "mdev": 0,
            "stddev": 0,
            "min": 9364,
            "p10": 9364,
            "p90": 9364,
            "p99": 9364,
            "max": 9364
          },
          "transferSize": {
            "median": 11153,
            "mean": 11153,
            "mdev": 0,
            "stddev": 0,
            "min": 11153,
            "p10": 11153,
            "p90": 11153,
            "p99": 11153,
            "max": 11153
          }
        },
        "documentWidth": {
          "median": 360,
          "mean": 360,
          "mdev": 0,
          "stddev": 0,
          "min": 360,
          "p10": 360,
          "p90": 360,
          "p99": 360,
          "max": 360
        },
        "domElements": {
          "median": 446,
          "mean": 446,
          "mdev": 0,
          "stddev": 0,
          "min": 446,
          "p10": 446,
          "p90": 446,
          "p99": 446,
          "max": 446
        },
        "navigationStartTime": {
          "median": 1617104815408,
          "mean": 1617104814978,
          "mdev": 0,
          "stddev": 0,
          "min": 1617104798605,
          "p10": 1617104798605,
          "p90": 1617104830922,
          "p99": 1617104830922,
          "max": 1617104830922
        },
        "resources": {
          "count": {
            "median": 0,
            "mean": 0,
            "mdev": 0,
            "stddev": 0,
            "min": 0,
            "p10": 0,
            "p90": 0,
            "p99": 0,
            "max": 0
          },
          "duration": {
            "median": 0,
            "mean": 0,
            "mdev": 0,
            "stddev": 0,
            "min": 0,
            "p10": 0,
            "p90": 0,
            "p99": 0,
            "max": 0
          }
        },
        "visualElements": {
          "heroes": [
            {
              "height": {
                "median": 270,
                "mean": 270,
                "mdev": 0,
                "stddev": 0,
                "min": 270,
                "p10": 270,
                "p90": 270,
                "p99": 270,
                "max": 270
              },
              "width": {
                "median": 313,
                "mean": 313,
                "mdev": 0,
                "stddev": 0,
                "min": 313,
                "p10": 313,
                "p90": 313,
                "p99": 313,
                "max": 313
              },
              "x": {
                "median": 23,
                "mean": 23,
                "mdev": 0,
                "stddev": 0,
                "min": 23,
                "p10": 23,
                "p90": 23,
                "p99": 23,
                "max": 23
              },
              "y": {
                "median": 74,
                "mean": 74,
                "mdev": 0,
                "stddev": 0,
                "min": 74,
                "p10": 74,
                "p90": 74,
                "p99": 74,
                "max": 74
              }
            }
          ],
          "viewport": {
            "height": {
              "median": 612,
              "mean": 612,
              "mdev": 0,
              "stddev": 0,
              "min": 612,
              "p10": 612,
              "p90": 612,
              "p99": 612,
              "max": 612
            },
            "width": {
              "median": 360,
              "mean": 360,
              "mdev": 0,
              "stddev": 0,
              "min": 360,
              "p10": 360,
              "p90": 360,
              "p99": 360,
              "max": 360
            }
          }
        }
      },
      "timings": {
        "firstPaint": {
          "median": 1389,
          "mean": 1316,
          "mdev": 78.2574,
          "stddev": 136,
          "min": 1126,
          "p10": 1126,
          "p90": 1433,
          "p99": 1433,
          "max": 1433
        },
        "loadEventEnd": {
          "median": 2593,
          "mean": 2559,
          "mdev": 283.4252,
          "stddev": 491,
          "min": 1941,
          "p10": 1941,
          "p90": 3142,
          "p99": 3142,
          "max": 3142
        },
        "navigationTiming": {
          "connectStart": {
            "median": 292,
            "mean": 212,
            "mdev": 71.8027,
            "stddev": 124,
            "min": 36,
            "p10": 36,
            "p90": 307,
            "p99": 307,
            "max": 307
          },
          "domComplete": {
            "median": 2593,
            "mean": 2558,
            "mdev": 283.1966,
            "stddev": 491,
            "min": 1941,
            "p10": 1941,
            "p90": 3141,
            "p99": 3141,
            "max": 3141
          },
          "domContentLoadedEventEnd": {
            "median": 1195,
            "mean": 1172,
            "mdev": 75.0886,
            "stddev": 130,
            "min": 1002,
            "p10": 1002,
            "p90": 1318,
            "p99": 1318,
            "max": 1318
          },
          "domContentLoadedEventStart": {
            "median": 1186,
            "mean": 1164,
            "mdev": 75.0215,
            "stddev": 130,
            "min": 995,
            "p10": 995,
            "p90": 1311,
            "p99": 1311,
            "max": 1311
          },
          "domInteractive": {
            "median": 1173,
            "mean": 1121,
            "mdev": 97.3017,
            "stddev": 169,
            "min": 894,
            "p10": 894,
            "p90": 1297,
            "p99": 1297,
            "max": 1297
          },
          "domainLookupEnd": {
            "median": 290,
            "mean": 210,
            "mdev": 71.5309,
            "stddev": 124,
            "min": 35,
            "p10": 35,
            "p90": 305,
            "p99": 305,
            "max": 305
          },
          "domainLookupStart": {
            "median": 289,
            "mean": 210,
            "mdev": 71.407,
            "stddev": 124,
            "min": 35,
            "p10": 35,
            "p90": 305,
            "p99": 305,
            "max": 305
          },
          "duration": {
            "median": 2593,
            "mean": 2559,
            "mdev": 283.4252,
            "stddev": 491,
            "min": 1941,
            "p10": 1941,
            "p90": 3142,
            "p99": 3142,
            "max": 3142
          },
          "fetchStart": {
            "median": 2,
            "mean": 2,
            "mdev": 0,
            "stddev": 0,
            "min": 2,
            "p10": 2,
            "p90": 2,
            "p99": 2,
            "max": 2
          },
          "loadEventEnd": {
            "median": 2593,
            "mean": 2559,
            "mdev": 283.4252,
            "stddev": 491,
            "min": 1941,
            "p10": 1941,
            "p90": 3142,
            "p99": 3142,
            "max": 3142
          },
          "loadEventStart": {
            "median": 2593,
            "mean": 2558,
            "mdev": 283.1966,
            "stddev": 491,
            "min": 1941,
            "p10": 1941,
            "p90": 3141,
            "p99": 3141,
            "max": 3141
          },
          "redirectEnd": {
            "median": 0,
            "mean": 0,
            "mdev": 0,
            "stddev": 0,
            "min": 0,
            "p10": 0,
            "p90": 0,
            "p99": 0,
            "max": 0
          },
          "redirectStart": {
            "median": 0,
            "mean": 0,
            "mdev": 0,
            "stddev": 0,
            "min": 0,
            "p10": 0,
            "p90": 0,
            "p99": 0,
            "max": 0
          },
          "requestStart": {
            "median": 427,
            "mean": 347,
            "mdev": 77.6178,
            "stddev": 134,
            "min": 158,
            "p10": 158,
            "p90": 457,
            "p99": 457,
            "max": 457
          },
          "responseEnd": {
            "median": 460,
            "mean": 383,
            "mdev": 77.0084,
            "stddev": 133,
            "min": 195,
            "p10": 195,
            "p90": 493,
            "p99": 493,
            "max": 493
          },
          "responseStart": {
            "median": 454,
            "mean": 380,
            "mdev": 76.7309,
            "stddev": 133,
            "min": 193,
            "p10": 193,
            "p90": 492,
            "p99": 492,
            "max": 492
          },
          "secureConnectionStart": {
            "median": 308,
            "mean": 229,
            "mdev": 71.8275,
            "stddev": 124,
            "min": 53,
            "p10": 53,
            "p90": 325,
            "p99": 325,
            "max": 325
          },
          "startTime": {
            "median": 0,
            "mean": 0,
            "mdev": 0,
            "stddev": 0,
            "min": 0,
            "p10": 0,
            "p90": 0,
            "p99": 0,
            "max": 0
          },
          "unloadEventEnd": {
            "median": 0,
            "mean": 0,
            "mdev": 0,
            "stddev": 0,
            "min": 0,
            "p10": 0,
            "p90": 0,
            "p99": 0,
            "max": 0
          },
          "unloadEventStart": {
            "median": 0,
            "mean": 0,
            "mdev": 0,
            "stddev": 0,
            "min": 0,
            "p10": 0,
            "p90": 0,
            "p99": 0,
            "max": 0
          },
          "workerStart": {
            "median": 0,
            "mean": 0,
            "mdev": 0,
            "stddev": 0,
            "min": 0,
            "p10": 0,
            "p90": 0,
            "p99": 0,
            "max": 0
          }
        },
        "pageTimings": {
          "backEndTime": {
            "median": 454,
            "mean": 380,
            "mdev": 76.7309,
            "stddev": 133,
            "min": 193,
            "p10": 193,
            "p90": 492,
            "p99": 492,
            "max": 492
          },
          "domContentLoadedTime": {
            "median": 1186,
            "mean": 1164,
            "mdev": 75.0215,
            "stddev": 130,
            "min": 995,
            "p10": 995,
            "p90": 1311,
            "p99": 1311,
            "max": 1311
          },
          "domInteractiveTime": {
            "median": 1173,
            "mean": 1121,
            "mdev": 97.3017,
            "stddev": 169,
            "min": 894,
            "p10": 894,
            "p90": 1297,
            "p99": 1297,
            "max": 1297
          },
          "domainLookupTime": {
            "median": 0,
            "mean": 0,
            "mdev": 0,
            "stddev": 0,
            "min": 0,
            "p10": 0,
            "p90": 0,
            "p99": 0,
            "max": 0
          },
          "frontEndTime": {
            "median": 2132,
            "mean": 2175,
            "mdev": 213.3382,
            "stddev": 370,
            "min": 1746,
            "p10": 1746,
            "p90": 2648,
            "p99": 2648,
            "max": 2648
          },
          "pageDownloadTime": {
            "median": 2,
            "mean": 3,
            "mdev": 1.0887,
            "stddev": 2,
            "min": 2,
            "p10": 2,
            "p90": 6,
            "p99": 6,
            "max": 6
          },
          "pageLoadTime": {
            "median": 2593,
            "mean": 2558,
            "mdev": 283.1966,
            "stddev": 491,
            "min": 1941,
            "p10": 1941,
            "p90": 3141,
            "p99": 3141,
            "max": 3141
          },
          "redirectionTime": {
            "median": 0,
            "mean": 0,
            "mdev": 0,
            "stddev": 0,
            "min": 0,
            "p10": 0,
            "p90": 0,
            "p99": 0,
            "max": 0
          },
          "serverConnectionTime": {
            "median": 135,
            "mean": 135,
            "mdev": 6.5997,
            "stddev": 11,
            "min": 121,
            "p10": 121,
            "p90": 149,
            "p99": 149,
            "max": 149
          },
          "serverResponseTime": {
            "median": 36,
            "mean": 35,
            "mdev": 0.9813,
            "stddev": 2,
            "min": 33,
            "p10": 33,
            "p90": 37,
            "p99": 37,
            "max": 37
          }
        },
        "rumSpeedIndex": {
          "median": 454,
          "mean": 379,
          "mdev": 76.5685,
          "stddev": 133,
          "min": 193,
          "p10": 193,
          "p90": 491,
          "p99": 491,
          "max": 491
        },
        "timeToContentfulPaint": {
          "median": 1858,
          "mean": 1799,
          "mdev": 85.714,
          "stddev": 148,
          "min": 1595,
          "p10": 1595,
          "p90": 1944,
          "p99": 1944,
          "max": 1944
        },
        "timeToDomContentFlushed": {
          "median": 1172,
          "mean": 1121,
          "mdev": 96.5233,
          "stddev": 167,
          "min": 896,
          "p10": 896,
          "p90": 1296,
          "p99": 1296,
          "max": 1296
        }
      }
    }
  }
]