[
  {
    "info": {
      "browsertime": {
        "version": "8.4.0"
      },
      "url": "https://dubai.craigslist.org/",
      "timestamp": "2021-03-30T06:33:45+04:00",
      "connectivity": {
        "engine": "external",
        "profile": "native"
      },
      "extra": {}
    },
    "files": {
      "video": [],
      "screenshot": [],
      "timeline": [],
      "consoleLog": [],
      "netLog": [],
      "perfLog": []
    },
    "cdp": {
      "performance": []
    },
    "timestamps": [
      "2021-03-30T06:33:34+04:00",
      "2021-03-30T06:33:58+04:00",
      "2021-03-30T06:34:20+04:00"
    ],
    "browserScripts": [
      {
        "browser": {
          "appConstants": {
            "ACCESSIBILITY": true,
            "ANDROID_PACKAGE_NAME": "org.mozilla.firefox",
            "ASAN": false,
            "ASAN_REPORTER": false,
            "BROWSER_CHROME_URL": "chrome://browser/content/browser.xul",
            "DEBUG": false,
            "DEBUG_JS_MODULES": "",
            "DLL_PREFIX": "lib",
            "DLL_SUFFIX": ".so",
            "EARLY_BETA_OR_EARLIER": false,
            "FENNEC_NIGHTLY": false,
            "HAVE_SHELL_SERVICE": false,
            "HAVE_USR_LIB64_DIR": false,
            "MENUBAR_CAN_AUTOHIDE": false,
            "MOZILLA_OFFICIAL": true,
            "MOZ_ALLOW_LEGACY_EXTENSIONS": false,
            "MOZ_ANDROID_ACTIVITY_STREAM": false,
            "MOZ_ANDROID_HISTORY": true,
            "MOZ_ANDROID_MOZILLA_ONLINE": false,
            "MOZ_APP_NAME": "fennec",
            "MOZ_APP_VERSION": "68.1.1",
            "MOZ_APP_VERSION_DISPLAY": "68.1.1",
            "MOZ_BING_API_CLIENTID": "no-bing-api-clientid",
            "MOZ_BING_API_KEY": "no-bing-api-key",
            "MOZ_BITS_DOWNLOAD": false,
            "MOZ_BUILD_APP": "mobile/android",
            "MOZ_CODE_COVERAGE": false,
            "MOZ_CRASHREPORTER": true,
            "MOZ_DATA_REPORTING": true,
            "MOZ_DEV_EDITION": false,
            "MOZ_GECKO_PROFILER": true,
            "MOZ_GOOGLE_LOCATION_SERVICE_API_KEY": "AIzaSyB2h2OuRcUgy5N-5hsZqiPW6sH3n_rptiQ",
            "MOZ_GOOGLE_SAFEBROWSING_API_KEY": "AIzaSyC7jsptDS3am4tPx4r3nxis7IMjBc5Dovo",
            "MOZ_GRAPHENE": false,
            "MOZ_MACBUNDLE_NAME": "Firefox.app",
            "MOZ_MAINTENANCE_SERVICE": false,
            "MOZ_MOZILLA_API_KEY": "3b4d27dd-703d-4094-8398-4de2c763505a",
            "MOZ_NEW_CERT_STORAGE": false,
            "MOZ_NEW_NOTIFICATION_STORE": false,
            "MOZ_NEW_XULSTORE": false,
            "MOZ_OFFICIAL_BRANDING": false,
            "MOZ_PLACES": false,
            "MOZ_REQUIRE_SIGNING": false,
            "MOZ_SANDBOX": false,
            "MOZ_SERVICES_HEALTHREPORT": true,
            "MOZ_SERVICES_SYNC": false,
            "MOZ_SWITCHBOARD": true,
            "MOZ_SYSTEM_NSS": false,
            "MOZ_TELEMETRY_ON_BY_DEFAULT": false,
            "MOZ_TELEMETRY_REPORTING": true,
            "MOZ_UNSIGNED_SCOPES": 0,
            "MOZ_UPDATER": false,
            "MOZ_UPDATE_CHANNEL": "release",
            "MOZ_WEBRTC": true,
            "MOZ_WIDGET_GTK": false,
            "MOZ_WIDGET_TOOLKIT": "android",
            "NIGHTLY_BUILD": false,
            "OMNIJAR_NAME": "assets/omni.ja",
            "RELEASE_OR_BETA": true,
            "SOURCE_REVISION_URL": "https://hg.mozilla.org/releases/mozilla-esr68/rev/d2e0b9e17b9bc1ef02606c8006b73293f7892ad5",
            "TELEMETRY_PING_FORMAT_VERSION": 4,
            "XP_UNIX": true,
            "isPlatformAndVersionAtLeast": {},
            "isPlatformAndVersionAtMost": {},
            "platform": "android"
          },
          "asyncAppConstants": {
            "ACCESSIBILITY": true,
            "ANDROID_PACKAGE_NAME": "org.mozilla.firefox",
            "ASAN": false,
            "ASAN_REPORTER": false,
            "BROWSER_CHROME_URL": "chrome://browser/content/browser.xul",
            "DEBUG": false,
            "DEBUG_JS_MODULES": "",
            "DLL_PREFIX": "lib",
            "DLL_SUFFIX": ".so",
            "EARLY_BETA_OR_EARLIER": false,
            "FENNEC_NIGHTLY": false,
            "HAVE_SHELL_SERVICE": false,
            "HAVE_USR_LIB64_DIR": false,
            "MENUBAR_CAN_AUTOHIDE": false,
            "MOZILLA_OFFICIAL": true,
            "MOZ_ALLOW_LEGACY_EXTENSIONS": false,
            "MOZ_ANDROID_ACTIVITY_STREAM": false,
            "MOZ_ANDROID_HISTORY": true,
            "MOZ_ANDROID_MOZILLA_ONLINE": false,
            "MOZ_APP_NAME": "fennec",
            "MOZ_APP_VERSION": "68.1.1",
            "MOZ_APP_VERSION_DISPLAY": "68.1.1",
            "MOZ_BING_API_CLIENTID": "no-bing-api-clientid",
            "MOZ_BING_API_KEY": "no-bing-api-key",
            "MOZ_BITS_DOWNLOAD": false,
            "MOZ_BUILD_APP": "mobile/android",
            "MOZ_CODE_COVERAGE": false,
            "MOZ_CRASHREPORTER": true,
            "MOZ_DATA_REPORTING": true,
            "MOZ_DEV_EDITION": false,
            "MOZ_GECKO_PROFILER": true,
            "MOZ_GOOGLE_LOCATION_SERVICE_API_KEY": "AIzaSyB2h2OuRcUgy5N-5hsZqiPW6sH3n_rptiQ",
            "MOZ_GOOGLE_SAFEBROWSING_API_KEY": "AIzaSyC7jsptDS3am4tPx4r3nxis7IMjBc5Dovo",
            "MOZ_GRAPHENE": false,
            "MOZ_MACBUNDLE_NAME": "Firefox.app",
            "MOZ_MAINTENANCE_SERVICE": false,
            "MOZ_MOZILLA_API_KEY": "3b4d27dd-703d-4094-8398-4de2c763505a",
            "MOZ_NEW_CERT_STORAGE": false,
            "MOZ_NEW_NOTIFICATION_STORE": false,
            "MOZ_NEW_XULSTORE": false,
            "MOZ_OFFICIAL_BRANDING": false,
            "MOZ_PLACES": false,
            "MOZ_REQUIRE_SIGNING": false,
            "MOZ_SANDBOX": false,
            "MOZ_SERVICES_HEALTHREPORT": true,
            "MOZ_SERVICES_SYNC": false,
            "MOZ_SWITCHBOARD": true,
            "MOZ_SYSTEM_NSS": false,
            "MOZ_TELEMETRY_ON_BY_DEFAULT": false,
            "MOZ_TELEMETRY_REPORTING": true,
            "MOZ_UNSIGNED_SCOPES": 0,
            "MOZ_UPDATER": false,
            "MOZ_UPDATE_CHANNEL": "release",
            "MOZ_WEBRTC": true,
            "MOZ_WIDGET_GTK": false,
            "MOZ_WIDGET_TOOLKIT": "android",
            "NIGHTLY_BUILD": false,
            "OMNIJAR_NAME": "assets/omni.ja",
            "RELEASE_OR_BETA": true,
            "SOURCE_REVISION_URL": "https://hg.mozilla.org/releases/mozilla-esr68/rev/d2e0b9e17b9bc1ef02606c8006b73293f7892ad5",
            "TELEMETRY_PING_FORMAT_VERSION": 4,
            "XP_UNIX": true,
            "isPlatformAndVersionAtLeast": {},
            "isPlatformAndVersionAtMost": {},
            "platform": "android"
          },
          "userAgent": "Mozilla/5.0 (Android 8.1.0; Mobile; rv:68.0) Gecko/68.0 Firefox/68.0",
          "windowSize": "360x560"
        },
        "pageinfo": {
          "documentHeight": 1256,
          "documentSize": {
            "decodedBodySize": 52229,
            "encodedBodySize": 9972,
            "transferSize": 10603
          },
          "documentTitle": "craigslist: united arab emirates jobs, apartments, for sale, services, community, and events",
          "documentWidth": 360,
          "domElements": 1328,
          "navigationStartTime": 1617071615107,
          "nextHopProtocol": "http/1.1",
          "resources": {
            "count": 0,
            "duration": 0
          },
          "responsive": true,
          "url": "https://dubai.craigslist.org/",
          "visualElements": {
            "heroes": [],
            "viewport": {
              "height": 560,
              "width": 360
            }
          }
        },
        "timings": {
          "firstPaint": 2301,
          "loadEventEnd": 3723,
          "navigationTiming": {
            "connectStart": 34,
            "domComplete": 3722,
            "domContentLoadedEventEnd": 3264,
            "domContentLoadedEventStart": 3232,
            "domInteractive": 3227,
            "domainLookupEnd": 33,
            "domainLookupStart": 33,
            "duration": 3723,
            "fetchStart": 3,
            "loadEventEnd": 3723,
            "loadEventStart": 3722,
            "redirectEnd": 0,
            "redirectStart": 0,
            "requestStart": 576,
            "responseEnd": 792,
            "responseStart": 750,
            "secureConnectionStart": 247,
            "startTime": 0,
            "unloadEventEnd": 0,
            "unloadEventStart": 0,
            "workerStart": 0
          },
          "pageTimings": {
            "backEndTime": 750,
            "domContentLoadedTime": 3232,
            "domInteractiveTime": 3227,
            "domainLookupTime": 0,
            "frontEndTime": 2931,
            "pageDownloadTime": 42,
            "pageLoadTime": 3722,
            "redirectionTime": 0,
            "serverConnectionTime": 542,
            "serverResponseTime": 215
          },
          "rumSpeedIndex": 749,
          "timeToContentfulPaint": 2427,
          "timeToDomContentFlushed": 3270,
          "userTimings": {
            "marks": [],
            "measures": []
          }
        }
      },
      {
        "browser": {
          "appConstants": {
            "ACCESSIBILITY": true,
            "ANDROID_PACKAGE_NAME": "org.mozilla.firefox",
            "ASAN": false,
            "ASAN_REPORTER": false,
            "BROWSER_CHROME_URL": "chrome://browser/content/browser.xul",
            "DEBUG": false,
            "DEBUG_JS_MODULES": "",
            "DLL_PREFIX": "lib",
            "DLL_SUFFIX": ".so",
            "EARLY_BETA_OR_EARLIER": false,
            "FENNEC_NIGHTLY": false,
            "HAVE_SHELL_SERVICE": false,
            "HAVE_USR_LIB64_DIR": false,
            "MENUBAR_CAN_AUTOHIDE": false,
            "MOZILLA_OFFICIAL": true,
            "MOZ_ALLOW_LEGACY_EXTENSIONS": false,
            "MOZ_ANDROID_ACTIVITY_STREAM": false,
            "MOZ_ANDROID_HISTORY": true,
            "MOZ_ANDROID_MOZILLA_ONLINE": false,
            "MOZ_APP_NAME": "fennec",
            "MOZ_APP_VERSION": "68.1.1",
            "MOZ_APP_VERSION_DISPLAY": "68.1.1",
            "MOZ_BING_API_CLIENTID": "no-bing-api-clientid",
            "MOZ_BING_API_KEY": "no-bing-api-key",
            "MOZ_BITS_DOWNLOAD": false,
            "MOZ_BUILD_APP": "mobile/android",
            "MOZ_CODE_COVERAGE": false,
            "MOZ_CRASHREPORTER": true,
            "MOZ_DATA_REPORTING": true,
            "MOZ_DEV_EDITION": false,
            "MOZ_GECKO_PROFILER": true,
            "MOZ_GOOGLE_LOCATION_SERVICE_API_KEY": "AIzaSyB2h2OuRcUgy5N-5hsZqiPW6sH3n_rptiQ",
            "MOZ_GOOGLE_SAFEBROWSING_API_KEY": "AIzaSyC7jsptDS3am4tPx4r3nxis7IMjBc5Dovo",
            "MOZ_GRAPHENE": false,
            "MOZ_MACBUNDLE_NAME": "Firefox.app",
            "MOZ_MAINTENANCE_SERVICE": false,
            "MOZ_MOZILLA_API_KEY": "3b4d27dd-703d-4094-8398-4de2c763505a",
            "MOZ_NEW_CERT_STORAGE": false,
            "MOZ_NEW_NOTIFICATION_STORE": false,
            "MOZ_NEW_XULSTORE": false,
            "MOZ_OFFICIAL_BRANDING": false,
            "MOZ_PLACES": false,
            "MOZ_REQUIRE_SIGNING": false,
            "MOZ_SANDBOX": false,
            "MOZ_SERVICES_HEALTHREPORT": true,
            "MOZ_SERVICES_SYNC": false,
            "MOZ_SWITCHBOARD": true,
            "MOZ_SYSTEM_NSS": false,
            "MOZ_TELEMETRY_ON_BY_DEFAULT": false,
            "MOZ_TELEMETRY_REPORTING": true,
            "MOZ_UNSIGNED_SCOPES": 0,
            "MOZ_UPDATER": false,
            "MOZ_UPDATE_CHANNEL": "release",
            "MOZ_WEBRTC": true,
            "MOZ_WIDGET_GTK": false,
            "MOZ_WIDGET_TOOLKIT": "android",
            "NIGHTLY_BUILD": false,
            "OMNIJAR_NAME": "assets/omni.ja",
            "RELEASE_OR_BETA": true,
            "SOURCE_REVISION_URL": "https://hg.mozilla.org/releases/mozilla-esr68/rev/d2e0b9e17b9bc1ef02606c8006b73293f7892ad5",
            "TELEMETRY_PING_FORMAT_VERSION": 4,
            "XP_UNIX": true,
            "isPlatformAndVersionAtLeast": {},
            "isPlatformAndVersionAtMost": {},
            "platform": "android"
          },
          "asyncAppConstants": {
            "ACCESSIBILITY": true,
            "ANDROID_PACKAGE_NAME": "org.mozilla.firefox",
            "ASAN": false,
            "ASAN_REPORTER": false,
            "BROWSER_CHROME_URL": "chrome://browser/content/browser.xul",
            "DEBUG": false,
            "DEBUG_JS_MODULES": "",
            "DLL_PREFIX": "lib",
            "DLL_SUFFIX": ".so",
            "EARLY_BETA_OR_EARLIER": false,
            "FENNEC_NIGHTLY": false,
            "HAVE_SHELL_SERVICE": false,
            "HAVE_USR_LIB64_DIR": false,
            "MENUBAR_CAN_AUTOHIDE": false,
            "MOZILLA_OFFICIAL": true,
            "MOZ_ALLOW_LEGACY_EXTENSIONS": false,
            "MOZ_ANDROID_ACTIVITY_STREAM": false,
            "MOZ_ANDROID_HISTORY": true,
            "MOZ_ANDROID_MOZILLA_ONLINE": false,
            "MOZ_APP_NAME": "fennec",
            "MOZ_APP_VERSION": "68.1.1",
            "MOZ_APP_VERSION_DISPLAY": "68.1.1",
            "MOZ_BING_API_CLIENTID": "no-bing-api-clientid",
            "MOZ_BING_API_KEY": "no-bing-api-key",
            "MOZ_BITS_DOWNLOAD": false,
            "MOZ_BUILD_APP": "mobile/android",
            "MOZ_CODE_COVERAGE": false,
            "MOZ_CRASHREPORTER": true,
            "MOZ_DATA_REPORTING": true,
            "MOZ_DEV_EDITION": false,
            "MOZ_GECKO_PROFILER": true,
            "MOZ_GOOGLE_LOCATION_SERVICE_API_KEY": "AIzaSyB2h2OuRcUgy5N-5hsZqiPW6sH3n_rptiQ",
            "MOZ_GOOGLE_SAFEBROWSING_API_KEY": "AIzaSyC7jsptDS3am4tPx4r3nxis7IMjBc5Dovo",
            "MOZ_GRAPHENE": false,
            "MOZ_MACBUNDLE_NAME": "Firefox.app",
            "MOZ_MAINTENANCE_SERVICE": false,
            "MOZ_MOZILLA_API_KEY": "3b4d27dd-703d-4094-8398-4de2c763505a",
            "MOZ_NEW_CERT_STORAGE": false,
            "MOZ_NEW_NOTIFICATION_STORE": false,
            "MOZ_NEW_XULSTORE": false,
            "MOZ_OFFICIAL_BRANDING": false,
            "MOZ_PLACES": false,
            "MOZ_REQUIRE_SIGNING": false,
            "MOZ_SANDBOX": false,
            "MOZ_SERVICES_HEALTHREPORT": true,
            "MOZ_SERVICES_SYNC": false,
            "MOZ_SWITCHBOARD": true,
            "MOZ_SYSTEM_NSS": false,
            "MOZ_TELEMETRY_ON_BY_DEFAULT": false,
            "MOZ_TELEMETRY_REPORTING": true,
            "MOZ_UNSIGNED_SCOPES": 0,
            "MOZ_UPDATER": false,
            "MOZ_UPDATE_CHANNEL": "release",
            "MOZ_WEBRTC": true,
            "MOZ_WIDGET_GTK": false,
            "MOZ_WIDGET_TOOLKIT": "android",
            "NIGHTLY_BUILD": false,
            "OMNIJAR_NAME": "assets/omni.ja",
            "RELEASE_OR_BETA": true,
            "SOURCE_REVISION_URL": "https://hg.mozilla.org/releases/mozilla-esr68/rev/d2e0b9e17b9bc1ef02606c8006b73293f7892ad5",
            "TELEMETRY_PING_FORMAT_VERSION": 4,
            "XP_UNIX": true,
            "isPlatformAndVersionAtLeast": {},
            "isPlatformAndVersionAtMost": {},
            "platform": "android"
          },
          "userAgent": "Mozilla/5.0 (Android 8.1.0; Mobile; rv:68.0) Gecko/68.0 Firefox/68.0",
          "windowSize": "360x560"
        },
        "pageinfo": {
          "documentHeight": 1256,
          "documentSize": {
            "decodedBodySize": 52229,
            "encodedBodySize": 9972,
            "transferSize": 10603
          },
          "documentTitle": "craigslist: united arab emirates jobs, apartments, for sale, services, community, and events",
          "documentWidth": 360,
          "domElements": 1328,
          "navigationStartTime": 1617071638574,
          "nextHopProtocol": "http/1.1",
          "resources": {
            "count": 0,
            "duration": 0
          },
          "responsive": true,
          "url": "https://dubai.craigslist.org/",
          "visualElements": {
            "heroes": [],
            "viewport": {
              "height": 560,
              "width": 360
            }
          }
        },
        "timings": {
          "firstPaint": 2280,
          "loadEventEnd": 4260,
          "navigationTiming": {
            "connectStart": 29,
            "domComplete": 4259,
            "domContentLoadedEventEnd": 3779,
            "domContentLoadedEventStart": 3747,
            "domInteractive": 3694,
            "domainLookupEnd": 28,
            "domainLookupStart": 28,
            "duration": 4260,
            "fetchStart": 3,
            "loadEventEnd": 4260,
            "loadEventStart": 4259,
            "redirectEnd": 0,
            "redirectStart": 0,
            "requestStart": 563,
            "responseEnd": 762,
            "responseStart": 720,
            "secureConnectionStart": 238,
            "startTime": 0,
            "unloadEventEnd": 0,
            "unloadEventStart": 0,
            "workerStart": 0
          },
          "pageTimings": {
            "backEndTime": 720,
            "domContentLoadedTime": 3747,
            "domInteractiveTime": 3694,
            "domainLookupTime": 0,
            "frontEndTime": 3497,
            "pageDownloadTime": 42,
            "pageLoadTime": 4259,
            "redirectionTime": 0,
            "serverConnectionTime": 533,
            "serverResponseTime": 199
          },
          "rumSpeedIndex": 720,
          "timeToContentfulPaint": 2401,
          "timeToDomContentFlushed": 3703,
          "userTimings": {
            "marks": [],
            "measures": []
          }
        }
      },
      {
        "browser": {
          "appConstants": {
            "ACCESSIBILITY": true,
            "ANDROID_PACKAGE_NAME": "org.mozilla.firefox",
            "ASAN": false,
            "ASAN_REPORTER": false,
            "BROWSER_CHROME_URL": "chrome://browser/content/browser.xul",
            "DEBUG": false,
            "DEBUG_JS_MODULES": "",
            "DLL_PREFIX": "lib",
            "DLL_SUFFIX": ".so",
            "EARLY_BETA_OR_EARLIER": false,
            "FENNEC_NIGHTLY": false,
            "HAVE_SHELL_SERVICE": false,
            "HAVE_USR_LIB64_DIR": false,
            "MENUBAR_CAN_AUTOHIDE": false,
            "MOZILLA_OFFICIAL": true,
            "MOZ_ALLOW_LEGACY_EXTENSIONS": false,
            "MOZ_ANDROID_ACTIVITY_STREAM": false,
            "MOZ_ANDROID_HISTORY": true,
            "MOZ_ANDROID_MOZILLA_ONLINE": false,
            "MOZ_APP_NAME": "fennec",
            "MOZ_APP_VERSION": "68.1.1",
            "MOZ_APP_VERSION_DISPLAY": "68.1.1",
            "MOZ_BING_API_CLIENTID": "no-bing-api-clientid",
            "MOZ_BING_API_KEY": "no-bing-api-key",
            "MOZ_BITS_DOWNLOAD": false,
            "MOZ_BUILD_APP": "mobile/android",
            "MOZ_CODE_COVERAGE": false,
            "MOZ_CRASHREPORTER": true,
            "MOZ_DATA_REPORTING": true,
            "MOZ_DEV_EDITION": false,
            "MOZ_GECKO_PROFILER": true,
            "MOZ_GOOGLE_LOCATION_SERVICE_API_KEY": "AIzaSyB2h2OuRcUgy5N-5hsZqiPW6sH3n_rptiQ",
            "MOZ_GOOGLE_SAFEBROWSING_API_KEY": "AIzaSyC7jsptDS3am4tPx4r3nxis7IMjBc5Dovo",
            "MOZ_GRAPHENE": false,
            "MOZ_MACBUNDLE_NAME": "Firefox.app",
            "MOZ_MAINTENANCE_SERVICE": false,
            "MOZ_MOZILLA_API_KEY": "3b4d27dd-703d-4094-8398-4de2c763505a",
            "MOZ_NEW_CERT_STORAGE": false,
            "MOZ_NEW_NOTIFICATION_STORE": false,
            "MOZ_NEW_XULSTORE": false,
            "MOZ_OFFICIAL_BRANDING": false,
            "MOZ_PLACES": false,
            "MOZ_REQUIRE_SIGNING": false,
            "MOZ_SANDBOX": false,
            "MOZ_SERVICES_HEALTHREPORT": true,
            "MOZ_SERVICES_SYNC": false,
            "MOZ_SWITCHBOARD": true,
            "MOZ_SYSTEM_NSS": false,
            "MOZ_TELEMETRY_ON_BY_DEFAULT": false,
            "MOZ_TELEMETRY_REPORTING": true,
            "MOZ_UNSIGNED_SCOPES": 0,
            "MOZ_UPDATER": false,
            "MOZ_UPDATE_CHANNEL": "release",
            "MOZ_WEBRTC": true,
            "MOZ_WIDGET_GTK": false,
            "MOZ_WIDGET_TOOLKIT": "android",
            "NIGHTLY_BUILD": false,
            "OMNIJAR_NAME": "assets/omni.ja",
            "RELEASE_OR_BETA": true,
            "SOURCE_REVISION_URL": "https://hg.mozilla.org/releases/mozilla-esr68/rev/d2e0b9e17b9bc1ef02606c8006b73293f7892ad5",
            "TELEMETRY_PING_FORMAT_VERSION": 4,
            "XP_UNIX": true,
            "isPlatformAndVersionAtLeast": {},
            "isPlatformAndVersionAtMost": {},
            "platform": "android"
          },
          "asyncAppConstants": {
            "ACCESSIBILITY": true,
            "ANDROID_PACKAGE_NAME": "org.mozilla.firefox",
            "ASAN": false,
            "ASAN_REPORTER": false,
            "BROWSER_CHROME_URL": "chrome://browser/content/browser.xul",
            "DEBUG": false,
            "DEBUG_JS_MODULES": "",
            "DLL_PREFIX": "lib",
            "DLL_SUFFIX": ".so",
            "EARLY_BETA_OR_EARLIER": false,
            "FENNEC_NIGHTLY": false,
            "HAVE_SHELL_SERVICE": false,
            "HAVE_USR_LIB64_DIR": false,
            "MENUBAR_CAN_AUTOHIDE": false,
            "MOZILLA_OFFICIAL": true,
            "MOZ_ALLOW_LEGACY_EXTENSIONS": false,
            "MOZ_ANDROID_ACTIVITY_STREAM": false,
            "MOZ_ANDROID_HISTORY": true,
            "MOZ_ANDROID_MOZILLA_ONLINE": false,
            "MOZ_APP_NAME": "fennec",
            "MOZ_APP_VERSION": "68.1.1",
            "MOZ_APP_VERSION_DISPLAY": "68.1.1",
            "MOZ_BING_API_CLIENTID": "no-bing-api-clientid",
            "MOZ_BING_API_KEY": "no-bing-api-key",
            "MOZ_BITS_DOWNLOAD": false,
            "MOZ_BUILD_APP": "mobile/android",
            "MOZ_CODE_COVERAGE": false,
            "MOZ_CRASHREPORTER": true,
            "MOZ_DATA_REPORTING": true,
            "MOZ_DEV_EDITION": false,
            "MOZ_GECKO_PROFILER": true,
            "MOZ_GOOGLE_LOCATION_SERVICE_API_KEY": "AIzaSyB2h2OuRcUgy5N-5hsZqiPW6sH3n_rptiQ",
            "MOZ_GOOGLE_SAFEBROWSING_API_KEY": "AIzaSyC7jsptDS3am4tPx4r3nxis7IMjBc5Dovo",
            "MOZ_GRAPHENE": false,
            "MOZ_MACBUNDLE_NAME": "Firefox.app",
            "MOZ_MAINTENANCE_SERVICE": false,
            "MOZ_MOZILLA_API_KEY": "3b4d27dd-703d-4094-8398-4de2c763505a",
            "MOZ_NEW_CERT_STORAGE": false,
            "MOZ_NEW_NOTIFICATION_STORE": false,
            "MOZ_NEW_XULSTORE": false,
            "MOZ_OFFICIAL_BRANDING": false,
            "MOZ_PLACES": false,
            "MOZ_REQUIRE_SIGNING": false,
            "MOZ_SANDBOX": false,
            "MOZ_SERVICES_HEALTHREPORT": true,
            "MOZ_SERVICES_SYNC": false,
            "MOZ_SWITCHBOARD": true,
            "MOZ_SYSTEM_NSS": false,
            "MOZ_TELEMETRY_ON_BY_DEFAULT": false,
            "MOZ_TELEMETRY_REPORTING": true,
            "MOZ_UNSIGNED_SCOPES": 0,
            "MOZ_UPDATER": false,
            "MOZ_UPDATE_CHANNEL": "release",
            "MOZ_WEBRTC": true,
            "MOZ_WIDGET_GTK": false,
            "MOZ_WIDGET_TOOLKIT": "android",
            "NIGHTLY_BUILD": false,
            "OMNIJAR_NAME": "assets/omni.ja",
            "RELEASE_OR_BETA": true,
            "SOURCE_REVISION_URL": "https://hg.mozilla.org/releases/mozilla-esr68/rev/d2e0b9e17b9bc1ef02606c8006b73293f7892ad5",
            "TELEMETRY_PING_FORMAT_VERSION": 4,
            "XP_UNIX": true,
            "isPlatformAndVersionAtLeast": {},
            "isPlatformAndVersionAtMost": {},
            "platform": "android"
          },
          "userAgent": "Mozilla/5.0 (Android 8.1.0; Mobile; rv:68.0) Gecko/68.0 Firefox/68.0",
          "windowSize": "360x560"
        },
        "pageinfo": {
          "documentHeight": 1256,
          "documentSize": {
            "decodedBodySize": 52229,
            "encodedBodySize": 9972,
            "transferSize": 10603
          },
          "documentTitle": "craigslist: united arab emirates jobs, apartments, for sale, services, community, and events",
          "documentWidth": 360,
          "domElements": 1328,
          "navigationStartTime": 1617071661257,
          "nextHopProtocol": "http/1.1",
          "resources": {
            "count": 0,
            "duration": 0
          },
          "responsive": true,
          "url": "https://dubai.craigslist.org/",
          "visualElements": {
            "heroes": [],
            "viewport": {
              "height": 560,
              "width": 360
            }
          }
        },
        "timings": {
          "firstPaint": 2278,
          "loadEventEnd": 4610,
          "navigationTiming": {
            "connectStart": 43,
            "domComplete": 4609,
            "domContentLoadedEventEnd": 3947,
            "domContentLoadedEventStart": 3915,
            "domInteractive": 3864,
            "domainLookupEnd": 42,
            "domainLookupStart": 42,
            "duration": 4610,
            "fetchStart": 3,
            "loadEventEnd": 4610,
            "loadEventStart": 4609,
            "redirectEnd": 0,
            "redirectStart": 0,
            "requestStart": 569,
            "responseEnd": 806,
            "responseStart": 742,
            "secureConnectionStart": 252,
            "startTime": 0,
            "unloadEventEnd": 0,
            "unloadEventStart": 0,
            "workerStart": 0
          },
          "pageTimings": {
            "backEndTime": 742,
            "domContentLoadedTime": 3915,
            "domInteractiveTime": 3864,
            "domainLookupTime": 0,
            "frontEndTime": 3803,
            "pageDownloadTime": 64,
            "pageLoadTime": 4609,
            "redirectionTime": 0,
            "serverConnectionTime": 526,
            "serverResponseTime": 237
          },
          "rumSpeedIndex": 742,
          "timeToContentfulPaint": 2396,
          "timeToDomContentFlushed": 3872,
          "userTimings": {
            "marks": [],
            "measures": []
          }
        }
      }
    ],
    "visualMetrics": [],
    "cpu": [],
    "extras": [
      {},
      {},
      {}
    ],
    "fullyLoaded": [],
    "errors": [
      [],
      [],
      []
    ],
    "statistics": {
      "browser": {
        "appConstants": {
          "MOZ_UNSIGNED_SCOPES": {
            "median": 0,
            "mean": 0,
            "mdev": 0,
            "stddev": 0,
            "min": 0,
            "p10": 0,
            "p90": 0,
            "p99": 0,
            "max": 0
          },
          "TELEMETRY_PING_FORMAT_VERSION": {
            "median": 4,
            "mean": 4,
            "mdev": 0,
            "stddev": 0,
            "min": 4,
            "p10": 4,
            "p90": 4,
            "p99": 4,
            "max": 4
          }
        },
        "asyncAppConstants": {
          "MOZ_UNSIGNED_SCOPES": {
            "median": 0,
            "mean": 0,
            "mdev": 0,
            "stddev": 0,
            "min": 0,
            "p10": 0,
            "p90": 0,
            "p99": 0,
            "max": 0
          },
          "TELEMETRY_PING_FORMAT_VERSION": {
            "median": 4,
            "mean": 4,
            "mdev": 0,
            "stddev": 0,
            "min": 4,
            "p10": 4,
            "p90": 4,
            "p99": 4,
            "max": 4
          }
        }
      },
      "pageinfo": {
        "documentHeight": {
          "median": 1256,
          "mean": 1256,
          "mdev": 0,
          "stddev": 0,
          "min": 1256,
          "p10": 1256,
          "p90": 1256,
          "p99": 1256,
          "max": 1256
        },
        "documentSize": {
          "decodedBodySize": {
            "median": 52229,
            "mean": 52229,
            "mdev": 0,
            "stddev": 0,
            "min": 52229,
            "p10": 52229,
            "p90": 52229,
            "p99": 52229,
            "max": 52229
          },
          "encodedBodySize": {
            "median": 9972,
            "mean": 9972,
            "mdev": 0,
            "stddev": 0,
            "min": 9972,
            "p10": 9972,
            "p90": 9972,
            "p99": 9972,
            "max": 9972
          },
          "transferSize": {
            "median": 10603,
            "mean": 10603,
            "mdev": 0,
            "stddev": 0,
            "min": 10603,
            "p10": 10603,
            "p90": 10603,
            "p99": 10603,
            "max": 10603
          }
        },
        "documentWidth": {
          "median": 360,
          "mean": 360,
          "mdev": 0,
          "stddev": 0,
          "min": 360,
          "p10": 360,
          "p90": 360,
          "p99": 360,
          "max": 360
        },
        "domElements": {
          "median": 1328,
          "mean": 1328,
          "mdev": 0,
          "stddev": 0,
          "min": 1328,
          "p10": 1328,
          "p90": 1328,
          "p99": 1328,
          "max": 1328
        },
        "navigationStartTime": {
          "median": 1617071638574,
          "mean": 1617071638313,
          "mdev": 12612.4091,
          "stddev": 21845,
          "min": 1617071615107,
          "p10": 1617071615107,
          "p90": 1617071661257,
          "p99": 1617071661257,
          "max": 1617071661257
        },
        "resources": {
          "count": {
            "median": 0,
            "mean": 0,
            "mdev": 0,
            "stddev": 0,
            "min": 0,
            "p10": 0,
            "p90": 0,
            "p99": 0,
            "max": 0
          },
          "duration": {
            "median": 0,
            "mean": 0,
            "mdev": 0,
            "stddev": 0,
            "min": 0,
            "p10": 0,
            "p90": 0,
            "p99": 0,
            "max": 0
          }
        },
        "visualElements": {
          "viewport": {
            "height": {
              "median": 560,
              "mean": 560,
              "mdev": 0,
              "stddev": 0,
              "min": 560,
              "p10": 560,
              "p90": 560,
              "p99": 560,
              "max": 560
            },
            "width": {
              "median": 360,
              "mean": 360,
              "mdev": 0,
              "stddev": 0,
              "min": 360,
              "p10": 360,
              "p90": 360,
              "p99": 360,
              "max": 360
            }
          }
        }
      },
      "timings": {
        "firstPaint": {
          "median": 2280,
          "mean": 2286,
          "mdev": 6.0062,
          "stddev": 10,
          "min": 2278,
          "p10": 2278,
          "p90": 2301,
          "p99": 2301,
          "max": 2301
        },
        "loadEventEnd": {
          "median": 4260,
          "mean": 4198,
          "mdev": 210.6109,
          "stddev": 365,
          "min": 3723,
          "p10": 3723,
          "p90": 4610,
          "p99": 4610,
          "max": 4610
        },
        "navigationTiming": {
          "connectStart": {
            "median": 34,
            "mean": 35,
            "mdev": 3.3444,
            "stddev": 6,
            "min": 29,
            "p10": 29,
            "p90": 43,
            "p99": 43,
            "max": 43
          },
          "domComplete": {
            "median": 4259,
            "mean": 4197,
            "mdev": 210.6109,
            "stddev": 365,
            "min": 3722,
            "p10": 3722,
            "p90": 4609,
            "p99": 4609,
            "max": 4609
          },
          "domContentLoadedEventEnd": {
            "median": 3779,
            "mean": 3663,
            "mdev": 167.7673,
            "stddev": 291,
            "min": 3264,
            "p10": 3264,
            "p90": 3947,
            "p99": 3947,
            "max": 3947
          },
          "domContentLoadedEventStart": {
            "median": 3747,
            "mean": 3631,
            "mdev": 167.7673,
            "stddev": 291,
            "min": 3232,
            "p10": 3232,
            "p90": 3915,
            "p99": 3915,
            "max": 3915
          },
          "domInteractive": {
            "median": 3694,
            "mean": 3595,
            "mdev": 155.487,
            "stddev": 269,
            "min": 3227,
            "p10": 3227,
            "p90": 3864,
            "p99": 3864,
            "max": 3864
          },
          "domainLookupEnd": {
            "median": 33,
            "mean": 34,
            "mdev": 3.3444,
            "stddev": 6,
            "min": 28,
            "p10": 28,
            "p90": 42,
            "p99": 42,
            "max": 42
          },
          "domainLookupStart": {
            "median": 33,
            "mean": 34,
            "mdev": 3.3444,
            "stddev": 6,
            "min": 28,
            "p10": 28,
            "p90": 42,
            "p99": 42,
            "max": 42
          },
          "duration": {
            "median": 4260,
            "mean": 4198,
            "mdev": 210.6109,
            "stddev": 365,
            "min": 3723,
            "p10": 3723,
            "p90": 4610,
            "p99": 4610,
            "max": 4610
          },
          "fetchStart": {
            "median": 3,
            "mean": 3,
            "mdev": 0,
            "stddev": 0,
            "min": 3,
            "p10": 3,
            "p90": 3,
            "p99": 3,
            "max": 3
          },
          "loadEventEnd": {
            "median": 4260,
            "mean": 4198,
            "mdev": 210.6109,
            "stddev": 365,
            "min": 3723,
            "p10": 3723,
            "p90": 4610,
            "p99": 4610,
            "max": 4610
          },
          "loadEventStart": {
            "median": 4259,
            "mean": 4197,
            "mdev": 210.6109,
            "stddev": 365,
            "min": 3722,
            "p10": 3722,
            "p90": 4609,
            "p99": 4609,
            "max": 4609
          },
          "redirectEnd": {
            "median": 0,
            "mean": 0,
            "mdev": 0,
            "stddev": 0,
            "min": 0,
            "p10": 0,
            "p90": 0,
            "p99": 0,
            "max": 0
          },
          "redirectStart": {
            "median": 0,
            "mean": 0,
            "mdev": 0,
            "stddev": 0,
            "min": 0,
            "p10": 0,
            "p90": 0,
            "p99": 0,
            "max": 0
          },
          "requestStart": {
            "median": 569,
            "mean": 569,
            "mdev": 3.0671,
            "stddev": 5,
            "min": 563,
            "p10": 563,
            "p90": 576,
            "p99": 576,
            "max": 576
          },
          "responseEnd": {
            "median": 792,
            "mean": 787,
            "mdev": 10.597,
            "stddev": 18,
            "min": 762,
            "p10": 762,
            "p90": 806,
            "p99": 806,
            "max": 806
          },
          "responseStart": {
            "median": 742,
            "mean": 737,
            "mdev": 7.3232,
            "stddev": 13,
            "min": 720,
            "p10": 720,
            "p90": 750,
            "p99": 750,
            "max": 750
          },
          "secureConnectionStart": {
            "median": 247,
            "mean": 246,
            "mdev": 3.3444,
            "stddev": 6,
            "min": 238,
            "p10": 238,
            "p90": 252,
            "p99": 252,
            "max": 252
          },
          "startTime": {
            "median": 0,
            "mean": 0,
            "mdev": 0,
            "stddev": 0,
            "min": 0,
            "p10": 0,
            "p90": 0,
            "p99": 0,
            "max": 0
          },
          "unloadEventEnd": {
            "median": 0,
            "mean": 0,
            "mdev": 0,
            "stddev": 0,
            "min": 0,
            "p10": 0,
            "p90": 0,
            "p99": 0,
            "max": 0
          },
          "unloadEventStart": {
            "median": 0,
            "mean": 0,
            "mdev": 0,
            "stddev": 0,
            "min": 0,
            "p10": 0,
            "p90": 0,
            "p99": 0,
            "max": 0
          },
          "workerStart": {
            "median": 0,
            "mean": 0,
            "mdev": 0,
            "stddev": 0,
            "min": 0,
            "p10": 0,
            "p90": 0,
            "p99": 0,
            "max": 0
          }
        },
        "pageTimings": {
          "backEndTime": {
            "median": 742,
            "mean": 737,
            "mdev": 7.3232,
            "stddev": 13,
            "min": 720,
            "p10": 720,
            "p90": 750,
            "p99": 750,
            "max": 750
          },
          "domContentLoadedTime": {
            "median": 3747,
            "mean": 3631,
            "mdev": 167.7673,
            "stddev": 291,
            "min": 3232,
            "p10": 3232,
            "p90": 3915,
            "p99": 3915,
            "max": 3915
          },
          "domInteractiveTime": {
            "median": 3694,
            "mean": 3595,
            "mdev": 155.487,
            "stddev": 269,
            "min": 3227,
            "p10": 3227,
            "p90": 3864,
            "p99": 3864,
            "max": 3864
          },
          "domainLookupTime": {
            "median": 0,
            "mean": 0,
            "mdev": 0,
            "stddev": 0,
            "min": 0,
            "p10": 0,
            "p90": 0,
            "p99": 0,
            "max": 0
          },
          "frontEndTime": {
            "median": 3497,
            "mean": 3410,
            "mdev": 208.5555,
            "stddev": 361,
            "min": 2931,
            "p10": 2931,
            "p90": 3803,
            "p99": 3803,
            "max": 3803
          },
          "pageDownloadTime": {
            "median": 42,
            "mean": 49,
            "mdev": 5.9876,
            "stddev": 10,
            "min": 42,
            "p10": 42,
            "p90": 64,
            "p99": 64,
            "max": 64
          },
          "pageLoadTime": {
            "median": 4259,
            "mean": 4197,
            "mdev": 210.6109,
            "stddev": 365,
            "min": 3722,
            "p10": 3722,
            "p90": 4609,
            "p99": 4609,
            "max": 4609
          },
          "redirectionTime": {
            "median": 0,
            "mean": 0,
            "mdev": 0,
            "stddev": 0,
            "min": 0,
            "p10": 0,
            "p90": 0,
            "p99": 0,
            "max": 0
          },
          "serverConnectionTime": {
            "median": 533,
            "mean": 534,
            "mdev": 3.781,
            "stddev": 7,
            "min": 526,
            "p10": 526,
            "p90": 542,
            "p99": 542,
            "max": 542
          },
          "serverResponseTime": {
            "median": 215,
            "mean": 217,
            "mdev": 8.9938,
            "stddev": 16,
            "min": 199,
            "p10": 199,
            "p90": 237,
            "p99": 237,
            "max": 237
          }
        },
        "rumSpeedIndex": {
          "median": 742,
          "mean": 737,
          "mdev": 7.1336,
          "stddev": 12,
          "min": 720,
          "p10": 720,
          "p90": 749,
          "p99": 749,
          "max": 749
        },
        "timeToContentfulPaint": {
          "median": 2401,
          "mean": 2408,
          "mdev": 7.8457,
          "stddev": 14,
          "min": 2396,
          "p10": 2396,
          "p90": 2427,
          "p99": 2427,
          "max": 2427
        },
        "timeToDomContentFlushed": {
          "median": 3703,
          "mean": 3615,
          "mdev": 146.3702,
          "stddev": 254,
          "min": 3270,
          "p10": 3270,
          "p90": 3872,
          "p99": 3872,
          "max": 3872
        }
      }
    }
  }
]