[
  {
    "info": {
      "browsertime": {
        "version": "8.4.0"
      },
      "url": "https://yandex.ru/",
      "timestamp": "2021-03-30T00:23:58+04:00",
      "connectivity": {
        "engine": "external",
        "profile": "native"
      },
      "extra": {}
    },
    "files": {
      "video": [],
      "screenshot": [],
      "timeline": [],
      "consoleLog": [],
      "netLog": [],
      "perfLog": []
    },
    "cdp": {
      "performance": []
    },
    "timestamps": [
      "2021-03-30T00:23:46+04:00",
      "2021-03-30T00:24:09+04:00",
      "2021-03-30T00:24:33+04:00"
    ],
    "browserScripts": [
      {
        "browser": {
          "appConstants": {
            "ACCESSIBILITY": true,
            "ANDROID_PACKAGE_NAME": "org.mozilla.firefox",
            "ASAN": false,
            "ASAN_REPORTER": false,
            "BROWSER_CHROME_URL": "chrome://browser/content/browser.xul",
            "DEBUG": false,
            "DEBUG_JS_MODULES": "",
            "DLL_PREFIX": "lib",
            "DLL_SUFFIX": ".so",
            "EARLY_BETA_OR_EARLIER": false,
            "FENNEC_NIGHTLY": false,
            "HAVE_SHELL_SERVICE": false,
            "HAVE_USR_LIB64_DIR": false,
            "MENUBAR_CAN_AUTOHIDE": false,
            "MOZILLA_OFFICIAL": true,
            "MOZ_ALLOW_LEGACY_EXTENSIONS": false,
            "MOZ_ANDROID_ACTIVITY_STREAM": false,
            "MOZ_ANDROID_HISTORY": true,
            "MOZ_ANDROID_MOZILLA_ONLINE": false,
            "MOZ_APP_NAME": "fennec",
            "MOZ_APP_VERSION": "68.1.1",
            "MOZ_APP_VERSION_DISPLAY": "68.1.1",
            "MOZ_BING_API_CLIENTID": "no-bing-api-clientid",
            "MOZ_BING_API_KEY": "no-bing-api-key",
            "MOZ_BITS_DOWNLOAD": false,
            "MOZ_BUILD_APP": "mobile/android",
            "MOZ_CODE_COVERAGE": false,
            "MOZ_CRASHREPORTER": true,
            "MOZ_DATA_REPORTING": true,
            "MOZ_DEV_EDITION": false,
            "MOZ_GECKO_PROFILER": true,
            "MOZ_GOOGLE_LOCATION_SERVICE_API_KEY": "AIzaSyB2h2OuRcUgy5N-5hsZqiPW6sH3n_rptiQ",
            "MOZ_GOOGLE_SAFEBROWSING_API_KEY": "AIzaSyC7jsptDS3am4tPx4r3nxis7IMjBc5Dovo",
            "MOZ_GRAPHENE": false,
            "MOZ_MACBUNDLE_NAME": "Firefox.app",
            "MOZ_MAINTENANCE_SERVICE": false,
            "MOZ_MOZILLA_API_KEY": "3b4d27dd-703d-4094-8398-4de2c763505a",
            "MOZ_NEW_CERT_STORAGE": false,
            "MOZ_NEW_NOTIFICATION_STORE": false,
            "MOZ_NEW_XULSTORE": false,
            "MOZ_OFFICIAL_BRANDING": false,
            "MOZ_PLACES": false,
            "MOZ_REQUIRE_SIGNING": false,
            "MOZ_SANDBOX": false,
            "MOZ_SERVICES_HEALTHREPORT": true,
            "MOZ_SERVICES_SYNC": false,
            "MOZ_SWITCHBOARD": true,
            "MOZ_SYSTEM_NSS": false,
            "MOZ_TELEMETRY_ON_BY_DEFAULT": false,
            "MOZ_TELEMETRY_REPORTING": true,
            "MOZ_UNSIGNED_SCOPES": 0,
            "MOZ_UPDATER": false,
            "MOZ_UPDATE_CHANNEL": "release",
            "MOZ_WEBRTC": true,
            "MOZ_WIDGET_GTK": false,
            "MOZ_WIDGET_TOOLKIT": "android",
            "NIGHTLY_BUILD": false,
            "OMNIJAR_NAME": "assets/omni.ja",
            "RELEASE_OR_BETA": true,
            "SOURCE_REVISION_URL": "https://hg.mozilla.org/releases/mozilla-esr68/rev/d2e0b9e17b9bc1ef02606c8006b73293f7892ad5",
            "TELEMETRY_PING_FORMAT_VERSION": 4,
            "XP_UNIX": true,
            "isPlatformAndVersionAtLeast": {},
            "isPlatformAndVersionAtMost": {},
            "platform": "android"
          },
          "asyncAppConstants": {
            "ACCESSIBILITY": true,
            "ANDROID_PACKAGE_NAME": "org.mozilla.firefox",
            "ASAN": false,
            "ASAN_REPORTER": false,
            "BROWSER_CHROME_URL": "chrome://browser/content/browser.xul",
            "DEBUG": false,
            "DEBUG_JS_MODULES": "",
            "DLL_PREFIX": "lib",
            "DLL_SUFFIX": ".so",
            "EARLY_BETA_OR_EARLIER": false,
            "FENNEC_NIGHTLY": false,
            "HAVE_SHELL_SERVICE": false,
            "HAVE_USR_LIB64_DIR": false,
            "MENUBAR_CAN_AUTOHIDE": false,
            "MOZILLA_OFFICIAL": true,
            "MOZ_ALLOW_LEGACY_EXTENSIONS": false,
            "MOZ_ANDROID_ACTIVITY_STREAM": false,
            "MOZ_ANDROID_HISTORY": true,
            "MOZ_ANDROID_MOZILLA_ONLINE": false,
            "MOZ_APP_NAME": "fennec",
            "MOZ_APP_VERSION": "68.1.1",
            "MOZ_APP_VERSION_DISPLAY": "68.1.1",
            "MOZ_BING_API_CLIENTID": "no-bing-api-clientid",
            "MOZ_BING_API_KEY": "no-bing-api-key",
            "MOZ_BITS_DOWNLOAD": false,
            "MOZ_BUILD_APP": "mobile/android",
            "MOZ_CODE_COVERAGE": false,
            "MOZ_CRASHREPORTER": true,
            "MOZ_DATA_REPORTING": true,
            "MOZ_DEV_EDITION": false,
            "MOZ_GECKO_PROFILER": true,
            "MOZ_GOOGLE_LOCATION_SERVICE_API_KEY": "AIzaSyB2h2OuRcUgy5N-5hsZqiPW6sH3n_rptiQ",
            "MOZ_GOOGLE_SAFEBROWSING_API_KEY": "AIzaSyC7jsptDS3am4tPx4r3nxis7IMjBc5Dovo",
            "MOZ_GRAPHENE": false,
            "MOZ_MACBUNDLE_NAME": "Firefox.app",
            "MOZ_MAINTENANCE_SERVICE": false,
            "MOZ_MOZILLA_API_KEY": "3b4d27dd-703d-4094-8398-4de2c763505a",
            "MOZ_NEW_CERT_STORAGE": false,
            "MOZ_NEW_NOTIFICATION_STORE": false,
            "MOZ_NEW_XULSTORE": false,
            "MOZ_OFFICIAL_BRANDING": false,
            "MOZ_PLACES": false,
            "MOZ_REQUIRE_SIGNING": false,
            "MOZ_SANDBOX": false,
            "MOZ_SERVICES_HEALTHREPORT": true,
            "MOZ_SERVICES_SYNC": false,
            "MOZ_SWITCHBOARD": true,
            "MOZ_SYSTEM_NSS": false,
            "MOZ_TELEMETRY_ON_BY_DEFAULT": false,
            "MOZ_TELEMETRY_REPORTING": true,
            "MOZ_UNSIGNED_SCOPES": 0,
            "MOZ_UPDATER": false,
            "MOZ_UPDATE_CHANNEL": "release",
            "MOZ_WEBRTC": true,
            "MOZ_WIDGET_GTK": false,
            "MOZ_WIDGET_TOOLKIT": "android",
            "NIGHTLY_BUILD": false,
            "OMNIJAR_NAME": "assets/omni.ja",
            "RELEASE_OR_BETA": true,
            "SOURCE_REVISION_URL": "https://hg.mozilla.org/releases/mozilla-esr68/rev/d2e0b9e17b9bc1ef02606c8006b73293f7892ad5",
            "TELEMETRY_PING_FORMAT_VERSION": 4,
            "XP_UNIX": true,
            "isPlatformAndVersionAtLeast": {},
            "isPlatformAndVersionAtMost": {},
            "platform": "android"
          },
          "userAgent": "Mozilla/5.0 (Android 8.1.0; Mobile; rv:68.0) Gecko/68.0 Firefox/68.0",
          "windowSize": "360x560"
        },
        "pageinfo": {
          "documentHeight": 3748,
          "documentSize": {
            "decodedBodySize": 285963,
            "encodedBodySize": 64544,
            "transferSize": 69479
          },
          "documentTitle": "Яндекс",
          "documentWidth": 360,
          "domElements": 690,
          "navigationStartTime": 1617049427227,
          "nextHopProtocol": "h2",
          "resources": {
            "count": 0,
            "duration": 0
          },
          "responsive": true,
          "url": "https://yandex.ru/",
          "visualElements": {
            "heroes": [
              {
                "filename": null,
                "height": 53,
                "name": "Heading",
                "width": 360,
                "x": 0,
                "y": 269
              }
            ],
            "viewport": {
              "height": 560,
              "width": 360
            }
          }
        },
        "timings": {
          "firstPaint": 1194,
          "loadEventEnd": 5895,
          "navigationTiming": {
            "connectStart": 33,
            "domComplete": 5887,
            "domContentLoadedEventEnd": 3033,
            "domContentLoadedEventStart": 3007,
            "domInteractive": 1378,
            "domainLookupEnd": 32,
            "domainLookupStart": 32,
            "duration": 5895,
            "fetchStart": 3,
            "loadEventEnd": 5895,
            "loadEventStart": 5888,
            "redirectEnd": 0,
            "redirectStart": 0,
            "requestStart": 410,
            "responseEnd": 765,
            "responseStart": 765,
            "secureConnectionStart": 184,
            "startTime": 0,
            "unloadEventEnd": 0,
            "unloadEventStart": 0,
            "workerStart": 0
          },
          "pageTimings": {
            "backEndTime": 765,
            "domContentLoadedTime": 3007,
            "domInteractiveTime": 1378,
            "domainLookupTime": 0,
            "frontEndTime": 5122,
            "pageDownloadTime": 0,
            "pageLoadTime": 5888,
            "redirectionTime": 0,
            "serverConnectionTime": 376,
            "serverResponseTime": 355
          },
          "rumSpeedIndex": 765,
          "timeToContentfulPaint": 1373,
          "timeToDomContentFlushed": 3037,
          "userTimings": {
            "marks": [
              {
                "name": "2876: 1595.8",
                "startTime": 1595.9
              },
              {
                "name": "2700.2154: 2531.98",
                "startTime": 2532.12
              },
              {
                "name": "2700.1428: 2596.34",
                "startTime": 2596.38
              },
              {
                "name": "695.1309: 3146.34",
                "startTime": 3146.4
              },
              {
                "name": "2095.2154: 3182",
                "startTime": 3182.06
              },
              {
                "name": "2095.1428: 3708.9",
                "startTime": 3708.96
              },
              {
                "name": "2295: 3824.36",
                "startTime": 3824.42
              },
              {
                "name": "2295.2938: 4785.24",
                "startTime": 4785.3
              },
              {
                "name": "1724: 5889.1",
                "startTime": 5889.14
              }
            ],
            "measures": []
          }
        }
      },
      {
        "browser": {
          "appConstants": {
            "ACCESSIBILITY": true,
            "ANDROID_PACKAGE_NAME": "org.mozilla.firefox",
            "ASAN": false,
            "ASAN_REPORTER": false,
            "BROWSER_CHROME_URL": "chrome://browser/content/browser.xul",
            "DEBUG": false,
            "DEBUG_JS_MODULES": "",
            "DLL_PREFIX": "lib",
            "DLL_SUFFIX": ".so",
            "EARLY_BETA_OR_EARLIER": false,
            "FENNEC_NIGHTLY": false,
            "HAVE_SHELL_SERVICE": false,
            "HAVE_USR_LIB64_DIR": false,
            "MENUBAR_CAN_AUTOHIDE": false,
            "MOZILLA_OFFICIAL": true,
            "MOZ_ALLOW_LEGACY_EXTENSIONS": false,
            "MOZ_ANDROID_ACTIVITY_STREAM": false,
            "MOZ_ANDROID_HISTORY": true,
            "MOZ_ANDROID_MOZILLA_ONLINE": false,
            "MOZ_APP_NAME": "fennec",
            "MOZ_APP_VERSION": "68.1.1",
            "MOZ_APP_VERSION_DISPLAY": "68.1.1",
            "MOZ_BING_API_CLIENTID": "no-bing-api-clientid",
            "MOZ_BING_API_KEY": "no-bing-api-key",
            "MOZ_BITS_DOWNLOAD": false,
            "MOZ_BUILD_APP": "mobile/android",
            "MOZ_CODE_COVERAGE": false,
            "MOZ_CRASHREPORTER": true,
            "MOZ_DATA_REPORTING": true,
            "MOZ_DEV_EDITION": false,
            "MOZ_GECKO_PROFILER": true,
            "MOZ_GOOGLE_LOCATION_SERVICE_API_KEY": "AIzaSyB2h2OuRcUgy5N-5hsZqiPW6sH3n_rptiQ",
            "MOZ_GOOGLE_SAFEBROWSING_API_KEY": "AIzaSyC7jsptDS3am4tPx4r3nxis7IMjBc5Dovo",
            "MOZ_GRAPHENE": false,
            "MOZ_MACBUNDLE_NAME": "Firefox.app",
            "MOZ_MAINTENANCE_SERVICE": false,
            "MOZ_MOZILLA_API_KEY": "3b4d27dd-703d-4094-8398-4de2c763505a",
            "MOZ_NEW_CERT_STORAGE": false,
            "MOZ_NEW_NOTIFICATION_STORE": false,
            "MOZ_NEW_XULSTORE": false,
            "MOZ_OFFICIAL_BRANDING": false,
            "MOZ_PLACES": false,
            "MOZ_REQUIRE_SIGNING": false,
            "MOZ_SANDBOX": false,
            "MOZ_SERVICES_HEALTHREPORT": true,
            "MOZ_SERVICES_SYNC": false,
            "MOZ_SWITCHBOARD": true,
            "MOZ_SYSTEM_NSS": false,
            "MOZ_TELEMETRY_ON_BY_DEFAULT": false,
            "MOZ_TELEMETRY_REPORTING": true,
            "MOZ_UNSIGNED_SCOPES": 0,
            "MOZ_UPDATER": false,
            "MOZ_UPDATE_CHANNEL": "release",
            "MOZ_WEBRTC": true,
            "MOZ_WIDGET_GTK": false,
            "MOZ_WIDGET_TOOLKIT": "android",
            "NIGHTLY_BUILD": false,
            "OMNIJAR_NAME": "assets/omni.ja",
            "RELEASE_OR_BETA": true,
            "SOURCE_REVISION_URL": "https://hg.mozilla.org/releases/mozilla-esr68/rev/d2e0b9e17b9bc1ef02606c8006b73293f7892ad5",
            "TELEMETRY_PING_FORMAT_VERSION": 4,
            "XP_UNIX": true,
            "isPlatformAndVersionAtLeast": {},
            "isPlatformAndVersionAtMost": {},
            "platform": "android"
          },
          "asyncAppConstants": {
            "ACCESSIBILITY": true,
            "ANDROID_PACKAGE_NAME": "org.mozilla.firefox",
            "ASAN": false,
            "ASAN_REPORTER": false,
            "BROWSER_CHROME_URL": "chrome://browser/content/browser.xul",
            "DEBUG": false,
            "DEBUG_JS_MODULES": "",
            "DLL_PREFIX": "lib",
            "DLL_SUFFIX": ".so",
            "EARLY_BETA_OR_EARLIER": false,
            "FENNEC_NIGHTLY": false,
            "HAVE_SHELL_SERVICE": false,
            "HAVE_USR_LIB64_DIR": false,
            "MENUBAR_CAN_AUTOHIDE": false,
            "MOZILLA_OFFICIAL": true,
            "MOZ_ALLOW_LEGACY_EXTENSIONS": false,
            "MOZ_ANDROID_ACTIVITY_STREAM": false,
            "MOZ_ANDROID_HISTORY": true,
            "MOZ_ANDROID_MOZILLA_ONLINE": false,
            "MOZ_APP_NAME": "fennec",
            "MOZ_APP_VERSION": "68.1.1",
            "MOZ_APP_VERSION_DISPLAY": "68.1.1",
            "MOZ_BING_API_CLIENTID": "no-bing-api-clientid",
            "MOZ_BING_API_KEY": "no-bing-api-key",
            "MOZ_BITS_DOWNLOAD": false,
            "MOZ_BUILD_APP": "mobile/android",
            "MOZ_CODE_COVERAGE": false,
            "MOZ_CRASHREPORTER": true,
            "MOZ_DATA_REPORTING": true,
            "MOZ_DEV_EDITION": false,
            "MOZ_GECKO_PROFILER": true,
            "MOZ_GOOGLE_LOCATION_SERVICE_API_KEY": "AIzaSyB2h2OuRcUgy5N-5hsZqiPW6sH3n_rptiQ",
            "MOZ_GOOGLE_SAFEBROWSING_API_KEY": "AIzaSyC7jsptDS3am4tPx4r3nxis7IMjBc5Dovo",
            "MOZ_GRAPHENE": false,
            "MOZ_MACBUNDLE_NAME": "Firefox.app",
            "MOZ_MAINTENANCE_SERVICE": false,
            "MOZ_MOZILLA_API_KEY": "3b4d27dd-703d-4094-8398-4de2c763505a",
            "MOZ_NEW_CERT_STORAGE": false,
            "MOZ_NEW_NOTIFICATION_STORE": false,
            "MOZ_NEW_XULSTORE": false,
            "MOZ_OFFICIAL_BRANDING": false,
            "MOZ_PLACES": false,
            "MOZ_REQUIRE_SIGNING": false,
            "MOZ_SANDBOX": false,
            "MOZ_SERVICES_HEALTHREPORT": true,
            "MOZ_SERVICES_SYNC": false,
            "MOZ_SWITCHBOARD": true,
            "MOZ_SYSTEM_NSS": false,
            "MOZ_TELEMETRY_ON_BY_DEFAULT": false,
            "MOZ_TELEMETRY_REPORTING": true,
            "MOZ_UNSIGNED_SCOPES": 0,
            "MOZ_UPDATER": false,
            "MOZ_UPDATE_CHANNEL": "release",
            "MOZ_WEBRTC": true,
            "MOZ_WIDGET_GTK": false,
            "MOZ_WIDGET_TOOLKIT": "android",
            "NIGHTLY_BUILD": false,
            "OMNIJAR_NAME": "assets/omni.ja",
            "RELEASE_OR_BETA": true,
            "SOURCE_REVISION_URL": "https://hg.mozilla.org/releases/mozilla-esr68/rev/d2e0b9e17b9bc1ef02606c8006b73293f7892ad5",
            "TELEMETRY_PING_FORMAT_VERSION": 4,
            "XP_UNIX": true,
            "isPlatformAndVersionAtLeast": {},
            "isPlatformAndVersionAtMost": {},
            "platform": "android"
          },
          "userAgent": "Mozilla/5.0 (Android 8.1.0; Mobile; rv:68.0) Gecko/68.0 Firefox/68.0",
          "windowSize": "360x560"
        },
        "pageinfo": {
          "documentHeight": 3748,
          "documentSize": {
            "decodedBodySize": 286196,
            "encodedBodySize": 65008,
            "transferSize": 69943
          },
          "documentTitle": "Яндекс",
          "documentWidth": 360,
          "domElements": 690,
          "navigationStartTime": 1617049450427,
          "nextHopProtocol": "h2",
          "resources": {
            "count": 0,
            "duration": 0
          },
          "responsive": true,
          "url": "https://yandex.ru/",
          "visualElements": {
            "heroes": [
              {
                "filename": null,
                "height": 53,
                "name": "Heading",
                "width": 360,
                "x": 0,
                "y": 269
              }
            ],
            "viewport": {
              "height": 560,
              "width": 360
            }
          }
        },
        "timings": {
          "firstPaint": 1209,
          "loadEventEnd": 6393,
          "navigationTiming": {
            "connectStart": 31,
            "domComplete": 6380,
            "domContentLoadedEventEnd": 3168,
            "domContentLoadedEventStart": 3140,
            "domInteractive": 1408,
            "domainLookupEnd": 31,
            "domainLookupStart": 31,
            "duration": 6393,
            "fetchStart": 2,
            "loadEventEnd": 6393,
            "loadEventStart": 6381,
            "redirectEnd": 0,
            "redirectStart": 0,
            "requestStart": 412,
            "responseEnd": 735,
            "responseStart": 735,
            "secureConnectionStart": 192,
            "startTime": 0,
            "unloadEventEnd": 0,
            "unloadEventStart": 0,
            "workerStart": 0
          },
          "pageTimings": {
            "backEndTime": 735,
            "domContentLoadedTime": 3140,
            "domInteractiveTime": 1408,
            "domainLookupTime": 0,
            "frontEndTime": 5646,
            "pageDownloadTime": 0,
            "pageLoadTime": 6381,
            "redirectionTime": 0,
            "serverConnectionTime": 380,
            "serverResponseTime": 323
          },
          "rumSpeedIndex": 734,
          "timeToContentfulPaint": 1412,
          "timeToDomContentFlushed": 3104,
          "userTimings": {
            "marks": [
              {
                "name": "2876: 1673.72",
                "startTime": 1673.82
              },
              {
                "name": "2700.2154: 2641.84",
                "startTime": 2641.9
              },
              {
                "name": "2700.1428: 2741.02",
                "startTime": 2741.06
              },
              {
                "name": "695.1309: 3298.42",
                "startTime": 3298.48
              },
              {
                "name": "2095.2154: 3352.6",
                "startTime": 3352.66
              },
              {
                "name": "2095.1428: 3981.82",
                "startTime": 3981.92
              },
              {
                "name": "2295: 4097.6",
                "startTime": 4097.66
              },
              {
                "name": "2295.2938: 5337.9400000000005",
                "startTime": 5337.9800000000005
              },
              {
                "name": "1724: 6382",
                "startTime": 6382.02
              }
            ],
            "measures": []
          }
        }
      },
      {
        "browser": {
          "appConstants": {
            "ACCESSIBILITY": true,
            "ANDROID_PACKAGE_NAME": "org.mozilla.firefox",
            "ASAN": false,
            "ASAN_REPORTER": false,
            "BROWSER_CHROME_URL": "chrome://browser/content/browser.xul",
            "DEBUG": false,
            "DEBUG_JS_MODULES": "",
            "DLL_PREFIX": "lib",
            "DLL_SUFFIX": ".so",
            "EARLY_BETA_OR_EARLIER": false,
            "FENNEC_NIGHTLY": false,
            "HAVE_SHELL_SERVICE": false,
            "HAVE_USR_LIB64_DIR": false,
            "MENUBAR_CAN_AUTOHIDE": false,
            "MOZILLA_OFFICIAL": true,
            "MOZ_ALLOW_LEGACY_EXTENSIONS": false,
            "MOZ_ANDROID_ACTIVITY_STREAM": false,
            "MOZ_ANDROID_HISTORY": true,
            "MOZ_ANDROID_MOZILLA_ONLINE": false,
            "MOZ_APP_NAME": "fennec",
            "MOZ_APP_VERSION": "68.1.1",
            "MOZ_APP_VERSION_DISPLAY": "68.1.1",
            "MOZ_BING_API_CLIENTID": "no-bing-api-clientid",
            "MOZ_BING_API_KEY": "no-bing-api-key",
            "MOZ_BITS_DOWNLOAD": false,
            "MOZ_BUILD_APP": "mobile/android",
            "MOZ_CODE_COVERAGE": false,
            "MOZ_CRASHREPORTER": true,
            "MOZ_DATA_REPORTING": true,
            "MOZ_DEV_EDITION": false,
            "MOZ_GECKO_PROFILER": true,
            "MOZ_GOOGLE_LOCATION_SERVICE_API_KEY": "AIzaSyB2h2OuRcUgy5N-5hsZqiPW6sH3n_rptiQ",
            "MOZ_GOOGLE_SAFEBROWSING_API_KEY": "AIzaSyC7jsptDS3am4tPx4r3nxis7IMjBc5Dovo",
            "MOZ_GRAPHENE": false,
            "MOZ_MACBUNDLE_NAME": "Firefox.app",
            "MOZ_MAINTENANCE_SERVICE": false,
            "MOZ_MOZILLA_API_KEY": "3b4d27dd-703d-4094-8398-4de2c763505a",
            "MOZ_NEW_CERT_STORAGE": false,
            "MOZ_NEW_NOTIFICATION_STORE": false,
            "MOZ_NEW_XULSTORE": false,
            "MOZ_OFFICIAL_BRANDING": false,
            "MOZ_PLACES": false,
            "MOZ_REQUIRE_SIGNING": false,
            "MOZ_SANDBOX": false,
            "MOZ_SERVICES_HEALTHREPORT": true,
            "MOZ_SERVICES_SYNC": false,
            "MOZ_SWITCHBOARD": true,
            "MOZ_SYSTEM_NSS": false,
            "MOZ_TELEMETRY_ON_BY_DEFAULT": false,
            "MOZ_TELEMETRY_REPORTING": true,
            "MOZ_UNSIGNED_SCOPES": 0,
            "MOZ_UPDATER": false,
            "MOZ_UPDATE_CHANNEL": "release",
            "MOZ_WEBRTC": true,
            "MOZ_WIDGET_GTK": false,
            "MOZ_WIDGET_TOOLKIT": "android",
            "NIGHTLY_BUILD": false,
            "OMNIJAR_NAME": "assets/omni.ja",
            "RELEASE_OR_BETA": true,
            "SOURCE_REVISION_URL": "https://hg.mozilla.org/releases/mozilla-esr68/rev/d2e0b9e17b9bc1ef02606c8006b73293f7892ad5",
            "TELEMETRY_PING_FORMAT_VERSION": 4,
            "XP_UNIX": true,
            "isPlatformAndVersionAtLeast": {},
            "isPlatformAndVersionAtMost": {},
            "platform": "android"
          },
          "asyncAppConstants": {
            "ACCESSIBILITY": true,
            "ANDROID_PACKAGE_NAME": "org.mozilla.firefox",
            "ASAN": false,
            "ASAN_REPORTER": false,
            "BROWSER_CHROME_URL": "chrome://browser/content/browser.xul",
            "DEBUG": false,
            "DEBUG_JS_MODULES": "",
            "DLL_PREFIX": "lib",
            "DLL_SUFFIX": ".so",
            "EARLY_BETA_OR_EARLIER": false,
            "FENNEC_NIGHTLY": false,
            "HAVE_SHELL_SERVICE": false,
            "HAVE_USR_LIB64_DIR": false,
            "MENUBAR_CAN_AUTOHIDE": false,
            "MOZILLA_OFFICIAL": true,
            "MOZ_ALLOW_LEGACY_EXTENSIONS": false,
            "MOZ_ANDROID_ACTIVITY_STREAM": false,
            "MOZ_ANDROID_HISTORY": true,
            "MOZ_ANDROID_MOZILLA_ONLINE": false,
            "MOZ_APP_NAME": "fennec",
            "MOZ_APP_VERSION": "68.1.1",
            "MOZ_APP_VERSION_DISPLAY": "68.1.1",
            "MOZ_BING_API_CLIENTID": "no-bing-api-clientid",
            "MOZ_BING_API_KEY": "no-bing-api-key",
            "MOZ_BITS_DOWNLOAD": false,
            "MOZ_BUILD_APP": "mobile/android",
            "MOZ_CODE_COVERAGE": false,
            "MOZ_CRASHREPORTER": true,
            "MOZ_DATA_REPORTING": true,
            "MOZ_DEV_EDITION": false,
            "MOZ_GECKO_PROFILER": true,
            "MOZ_GOOGLE_LOCATION_SERVICE_API_KEY": "AIzaSyB2h2OuRcUgy5N-5hsZqiPW6sH3n_rptiQ",
            "MOZ_GOOGLE_SAFEBROWSING_API_KEY": "AIzaSyC7jsptDS3am4tPx4r3nxis7IMjBc5Dovo",
            "MOZ_GRAPHENE": false,
            "MOZ_MACBUNDLE_NAME": "Firefox.app",
            "MOZ_MAINTENANCE_SERVICE": false,
            "MOZ_MOZILLA_API_KEY": "3b4d27dd-703d-4094-8398-4de2c763505a",
            "MOZ_NEW_CERT_STORAGE": false,
            "MOZ_NEW_NOTIFICATION_STORE": false,
            "MOZ_NEW_XULSTORE": false,
            "MOZ_OFFICIAL_BRANDING": false,
            "MOZ_PLACES": false,
            "MOZ_REQUIRE_SIGNING": false,
            "MOZ_SANDBOX": false,
            "MOZ_SERVICES_HEALTHREPORT": true,
            "MOZ_SERVICES_SYNC": false,
            "MOZ_SWITCHBOARD": true,
            "MOZ_SYSTEM_NSS": false,
            "MOZ_TELEMETRY_ON_BY_DEFAULT": false,
            "MOZ_TELEMETRY_REPORTING": true,
            "MOZ_UNSIGNED_SCOPES": 0,
            "MOZ_UPDATER": false,
            "MOZ_UPDATE_CHANNEL": "release",
            "MOZ_WEBRTC": true,
            "MOZ_WIDGET_GTK": false,
            "MOZ_WIDGET_TOOLKIT": "android",
            "NIGHTLY_BUILD": false,
            "OMNIJAR_NAME": "assets/omni.ja",
            "RELEASE_OR_BETA": true,
            "SOURCE_REVISION_URL": "https://hg.mozilla.org/releases/mozilla-esr68/rev/d2e0b9e17b9bc1ef02606c8006b73293f7892ad5",
            "TELEMETRY_PING_FORMAT_VERSION": 4,
            "XP_UNIX": true,
            "isPlatformAndVersionAtLeast": {},
            "isPlatformAndVersionAtMost": {},
            "platform": "android"
          },
          "userAgent": "Mozilla/5.0 (Android 8.1.0; Mobile; rv:68.0) Gecko/68.0 Firefox/68.0",
          "windowSize": "360x560"
        },
        "pageinfo": {
          "documentHeight": 3796,
          "documentSize": {
            "decodedBodySize": 251088,
            "encodedBodySize": 57169,
            "transferSize": 62107
          },
          "documentTitle": "Яндекс",
          "documentWidth": 360,
          "domElements": 675,
          "navigationStartTime": 1617049473577,
          "nextHopProtocol": "h2",
          "resources": {
            "count": 0,
            "duration": 0
          },
          "responsive": true,
          "url": "https://yandex.ru/",
          "visualElements": {
            "heroes": [
              {
                "filename": null,
                "height": 53,
                "name": "Heading",
                "width": 360,
                "x": 0,
                "y": 269
              }
            ],
            "viewport": {
              "height": 560,
              "width": 360
            }
          }
        },
        "timings": {
          "firstPaint": 1181,
          "loadEventEnd": 7092,
          "navigationTiming": {
            "connectStart": 34,
            "domComplete": 7078,
            "domContentLoadedEventEnd": 2974,
            "domContentLoadedEventStart": 2948,
            "domInteractive": 1358,
            "domainLookupEnd": 31,
            "domainLookupStart": 31,
            "duration": 7092,
            "fetchStart": 3,
            "loadEventEnd": 7092,
            "loadEventStart": 7078,
            "redirectEnd": 0,
            "redirectStart": 0,
            "requestStart": 429,
            "responseEnd": 768,
            "responseStart": 768,
            "secureConnectionStart": 191,
            "startTime": 0,
            "unloadEventEnd": 0,
            "unloadEventStart": 0,
            "workerStart": 0
          },
          "pageTimings": {
            "backEndTime": 768,
            "domContentLoadedTime": 2948,
            "domInteractiveTime": 1358,
            "domainLookupTime": 0,
            "frontEndTime": 6310,
            "pageDownloadTime": 0,
            "pageLoadTime": 7078,
            "redirectionTime": 0,
            "serverConnectionTime": 394,
            "serverResponseTime": 339
          },
          "rumSpeedIndex": 768,
          "timeToContentfulPaint": 1356,
          "timeToDomContentFlushed": 2937,
          "timeToFirstInteractive": 7511,
          "userTimings": {
            "marks": [
              {
                "name": "2876: 1544.68",
                "startTime": 1544.78
              },
              {
                "name": "2700.2154: 2582.02",
                "startTime": 2582.1
              },
              {
                "name": "2700.1428: 2647.36",
                "startTime": 2647.42
              },
              {
                "name": "695.1309: 2745.96",
                "startTime": 2746
              },
              {
                "name": "2095.2154: 3084.48",
                "startTime": 3084.58
              },
              {
                "name": "2095.1428: 3608.92",
                "startTime": 3608.98
              },
              {
                "name": "2295: 3743.7200000000003",
                "startTime": 3743.78
              },
              {
                "name": "2295.2938: 4551.1",
                "startTime": 4551.16
              },
              {
                "name": "1724: 7079.9400000000005",
                "startTime": 7079.9800000000005
              }
            ],
            "measures": []
          }
        }
      }
    ],
    "visualMetrics": [],
    "cpu": [],
    "extras": [
      {},
      {},
      {}
    ],
    "fullyLoaded": [],
    "errors": [
      [],
      [],
      []
    ],
    "statistics": {
      "browser": {
        "appConstants": {
          "MOZ_UNSIGNED_SCOPES": {
            "median": 0,
            "mean": 0,
            "mdev": 0,
            "stddev": 0,
            "min": 0,
            "p10": 0,
            "p90": 0,
            "p99": 0,
            "max": 0
          },
          "TELEMETRY_PING_FORMAT_VERSION": {
            "median": 4,
            "mean": 4,
            "mdev": 0,
            "stddev": 0,
            "min": 4,
            "p10": 4,
            "p90": 4,
            "p99": 4,
            "max": 4
          }
        },
        "asyncAppConstants": {
          "MOZ_UNSIGNED_SCOPES": {
            "median": 0,
            "mean": 0,
            "mdev": 0,
            "stddev": 0,
            "min": 0,
            "p10": 0,
            "p90": 0,
            "p99": 0,
            "max": 0
          },
          "TELEMETRY_PING_FORMAT_VERSION": {
            "median": 4,
            "mean": 4,
            "mdev": 0,
            "stddev": 0,
            "min": 4,
            "p10": 4,
            "p90": 4,
            "p99": 4,
            "max": 4
          }
        }
      },
      "pageinfo": {
        "documentHeight": {
          "median": 3748,
          "mean": 3764,
          "mdev": 13.0639,
          "stddev": 23,
          "min": 3748,
          "p10": 3748,
          "p90": 3796,
          "p99": 3796,
          "max": 3796
        },
        "documentSize": {
          "decodedBodySize": {
            "median": 285963,
            "mean": 274416,
            "mdev": 9523.6384,
            "stddev": 16495,
            "min": 251088,
            "p10": 251088,
            "p90": 286196,
            "p99": 286196,
            "max": 286196
          },
          "encodedBodySize": {
            "median": 64544,
            "mean": 62240,
            "mdev": 2073.2497,
            "stddev": 3591,
            "min": 57169,
            "p10": 57169,
            "p90": 65008,
            "p99": 65008,
            "max": 65008
          },
          "transferSize": {
            "median": 69479,
            "mean": 67176,
            "mdev": 2072.4344,
            "stddev": 3590,
            "min": 62107,
            "p10": 62107,
            "p90": 69943,
            "p99": 69943,
            "max": 69943
          }
        },
        "documentWidth": {
          "median": 360,
          "mean": 360,
          "mdev": 0,
          "stddev": 0,
          "min": 360,
          "p10": 360,
          "p90": 360,
          "p99": 360,
          "max": 360
        },
        "domElements": {
          "median": 690,
          "mean": 685,
          "mdev": 4.0825,
          "stddev": 7,
          "min": 675,
          "p10": 675,
          "p90": 690,
          "p99": 690,
          "max": 690
        },
        "navigationStartTime": {
          "median": 1617049450427,
          "mean": 1617049450410,
          "mdev": 12612.4091,
          "stddev": 21845,
          "min": 1617049427227,
          "p10": 1617049427227,
          "p90": 1617049473577,
          "p99": 1617049473577,
          "max": 1617049473577
        },
        "resources": {
          "count": {
            "median": 0,
            "mean": 0,
            "mdev": 0,
            "stddev": 0,
            "min": 0,
            "p10": 0,
            "p90": 0,
            "p99": 0,
            "max": 0
          },
          "duration": {
            "median": 0,
            "mean": 0,
            "mdev": 0,
            "stddev": 0,
            "min": 0,
            "p10": 0,
            "p90": 0,
            "p99": 0,
            "max": 0
          }
        },
        "visualElements": {
          "heroes": [
            {
              "height": {
                "median": 53,
                "mean": 53,
                "mdev": 0,
                "stddev": 0,
                "min": 53,
                "p10": 53,
                "p90": 53,
                "p99": 53,
                "max": 53
              },
              "width": {
                "median": 360,
                "mean": 360,
                "mdev": 0,
                "stddev": 0,
                "min": 360,
                "p10": 360,
                "p90": 360,
                "p99": 360,
                "max": 360
              },
              "x": {
                "median": 0,
                "mean": 0,
                "mdev": 0,
                "stddev": 0,
                "min": 0,
                "p10": 0,
                "p90": 0,
                "p99": 0,
                "max": 0
              },
              "y": {
                "median": 269,
                "mean": 269,
                "mdev": 0,
                "stddev": 0,
                "min": 269,
                "p10": 269,
                "p90": 269,
                "p99": 269,
                "max": 269
              }
            }
          ],
          "viewport": {
            "height": {
              "median": 560,
              "mean": 560,
              "mdev": 0,
              "stddev": 0,
              "min": 560,
              "p10": 560,
              "p90": 560,
              "p99": 560,
              "max": 560
            },
            "width": {
              "median": 360,
              "mean": 360,
              "mdev": 0,
              "stddev": 0,
              "min": 360,
              "p10": 360,
              "p90": 360,
              "p99": 360,
              "max": 360
            }
          }
        }
      },
      "timings": {
        "firstPaint": {
          "median": 1194,
          "mean": 1195,
          "mdev": 6.6053,
          "stddev": 11,
          "min": 1181,
          "p10": 1181,
          "p90": 1209,
          "p99": 1209,
          "max": 1209
        },
        "loadEventEnd": {
          "median": 6393,
          "mean": 6460,
          "mdev": 283.4584,
          "stddev": 491,
          "min": 5895,
          "p10": 5895,
          "p90": 7092,
          "p99": 7092,
          "max": 7092
        },
        "navigationTiming": {
          "connectStart": {
            "median": 33,
            "mean": 33,
            "mdev": 0.7201,
            "stddev": 1,
            "min": 31,
            "p10": 31,
            "p90": 34,
            "p99": 34,
            "max": 34
          },
          "domComplete": {
            "median": 6380,
            "mean": 6448,
            "mdev": 282.1041,
            "stddev": 489,
            "min": 5887,
            "p10": 5887,
            "p90": 7078,
            "p99": 7078,
            "max": 7078
          },
          "domContentLoadedEventEnd": {
            "median": 3033,
            "mean": 3058,
            "mdev": 46.8813,
            "stddev": 81,
            "min": 2974,
            "p10": 2974,
            "p90": 3168,
            "p99": 3168,
            "max": 3168
          },
          "domContentLoadedEventStart": {
            "median": 3007,
            "mean": 3032,
            "mdev": 46.3617,
            "stddev": 80,
            "min": 2948,
            "p10": 2948,
            "p90": 3140,
            "p99": 3140,
            "max": 3140
          },
          "domInteractive": {
            "median": 1378,
            "mean": 1381,
            "mdev": 11.8634,
            "stddev": 21,
            "min": 1358,
            "p10": 1358,
            "p90": 1408,
            "p99": 1408,
            "max": 1408
          },
          "domainLookupEnd": {
            "median": 31,
            "mean": 31,
            "mdev": 0.2722,
            "stddev": 0,
            "min": 31,
            "p10": 31,
            "p90": 32,
            "p99": 32,
            "max": 32
          },
          "domainLookupStart": {
            "median": 31,
            "mean": 31,
            "mdev": 0.2722,
            "stddev": 0,
            "min": 31,
            "p10": 31,
            "p90": 32,
            "p99": 32,
            "max": 32
          },
          "duration": {
            "median": 6393,
            "mean": 6460,
            "mdev": 283.4584,
            "stddev": 491,
            "min": 5895,
            "p10": 5895,
            "p90": 7092,
            "p99": 7092,
            "max": 7092
          },
          "fetchStart": {
            "median": 3,
            "mean": 3,
            "mdev": 0.2722,
            "stddev": 0,
            "min": 2,
            "p10": 2,
            "p90": 3,
            "p99": 3,
            "max": 3
          },
          "loadEventEnd": {
            "median": 6393,
            "mean": 6460,
            "mdev": 283.4584,
            "stddev": 491,
            "min": 5895,
            "p10": 5895,
            "p90": 7092,
            "p99": 7092,
            "max": 7092
          },
          "loadEventStart": {
            "median": 6381,
            "mean": 6449,
            "mdev": 281.8561,
            "stddev": 488,
            "min": 5888,
            "p10": 5888,
            "p90": 7078,
            "p99": 7078,
            "max": 7078
          },
          "redirectEnd": {
            "median": 0,
            "mean": 0,
            "mdev": 0,
            "stddev": 0,
            "min": 0,
            "p10": 0,
            "p90": 0,
            "p99": 0,
            "max": 0
          },
          "redirectStart": {
            "median": 0,
            "mean": 0,
            "mdev": 0,
            "stddev": 0,
            "min": 0,
            "p10": 0,
            "p90": 0,
            "p99": 0,
            "max": 0
          },
          "requestStart": {
            "median": 412,
            "mean": 417,
            "mdev": 4.9216,
            "stddev": 9,
            "min": 410,
            "p10": 410,
            "p90": 429,
            "p99": 429,
            "max": 429
          },
          "responseEnd": {
            "median": 765,
            "mean": 756,
            "mdev": 8.6023,
            "stddev": 15,
            "min": 735,
            "p10": 735,
            "p90": 768,
            "p99": 768,
            "max": 768
          },
          "responseStart": {
            "median": 765,
            "mean": 756,
            "mdev": 8.6023,
            "stddev": 15,
            "min": 735,
            "p10": 735,
            "p90": 768,
            "p99": 768,
            "max": 768
          },
          "secureConnectionStart": {
            "median": 191,
            "mean": 189,
            "mdev": 2.0548,
            "stddev": 4,
            "min": 184,
            "p10": 184,
            "p90": 192,
            "p99": 192,
            "max": 192
          },
          "startTime": {
            "median": 0,
            "mean": 0,
            "mdev": 0,
            "stddev": 0,
            "min": 0,
            "p10": 0,
            "p90": 0,
            "p99": 0,
            "max": 0
          },
          "unloadEventEnd": {
            "median": 0,
            "mean": 0,
            "mdev": 0,
            "stddev": 0,
            "min": 0,
            "p10": 0,
            "p90": 0,
            "p99": 0,
            "max": 0
          },
          "unloadEventStart": {
            "median": 0,
            "mean": 0,
            "mdev": 0,
            "stddev": 0,
            "min": 0,
            "p10": 0,
            "p90": 0,
            "p99": 0,
            "max": 0
          },
          "workerStart": {
            "median": 0,
            "mean": 0,
            "mdev": 0,
            "stddev": 0,
            "min": 0,
            "p10": 0,
            "p90": 0,
            "p99": 0,
            "max": 0
          }
        },
        "pageTimings": {
          "backEndTime": {
            "median": 765,
            "mean": 756,
            "mdev": 8.6023,
            "stddev": 15,
            "min": 735,
            "p10": 735,
            "p90": 768,
            "p99": 768,
            "max": 768
          },
          "domContentLoadedTime": {
            "median": 3007,
            "mean": 3032,
            "mdev": 46.3617,
            "stddev": 80,
            "min": 2948,
            "p10": 2948,
            "p90": 3140,
            "p99": 3140,
            "max": 3140
          },
          "domInteractiveTime": {
            "median": 1378,
            "mean": 1381,
            "mdev": 11.8634,
            "stddev": 21,
            "min": 1358,
            "p10": 1358,
            "p90": 1408,
            "p99": 1408,
            "max": 1408
          },
          "domainLookupTime": {
            "median": 0,
            "mean": 0,
            "mdev": 0,
            "stddev": 0,
            "min": 0,
            "p10": 0,
            "p90": 0,
            "p99": 0,
            "max": 0
          },
          "frontEndTime": {
            "median": 5646,
            "mean": 5693,
            "mdev": 280.6617,
            "stddev": 486,
            "min": 5122,
            "p10": 5122,
            "p90": 6310,
            "p99": 6310,
            "max": 6310
          },
          "pageDownloadTime": {
            "median": 0,
            "mean": 0,
            "mdev": 0,
            "stddev": 0,
            "min": 0,
            "p10": 0,
            "p90": 0,
            "p99": 0,
            "max": 0
          },
          "pageLoadTime": {
            "median": 6381,
            "mean": 6449,
            "mdev": 281.8561,
            "stddev": 488,
            "min": 5888,
            "p10": 5888,
            "p90": 7078,
            "p99": 7078,
            "max": 7078
          },
          "redirectionTime": {
            "median": 0,
            "mean": 0,
            "mdev": 0,
            "stddev": 0,
            "min": 0,
            "p10": 0,
            "p90": 0,
            "p99": 0,
            "max": 0
          },
          "serverConnectionTime": {
            "median": 380,
            "mean": 383,
            "mdev": 4.4555,
            "stddev": 8,
            "min": 376,
            "p10": 376,
            "p90": 394,
            "p99": 394,
            "max": 394
          },
          "serverResponseTime": {
            "median": 339,
            "mean": 339,
            "mdev": 7.5425,
            "stddev": 13,
            "min": 323,
            "p10": 323,
            "p90": 355,
            "p99": 355,
            "max": 355
          }
        },
        "rumSpeedIndex": {
          "median": 765,
          "mean": 756,
          "mdev": 8.8736,
          "stddev": 15,
          "min": 734,
          "p10": 734,
          "p90": 768,
          "p99": 768,
          "max": 768
        },
        "timeToContentfulPaint": {
          "median": 1373,
          "mean": 1380,
          "mdev": 13.5346,
          "stddev": 23,
          "min": 1356,
          "p10": 1356,
          "p90": 1412,
          "p99": 1412,
          "max": 1412
        },
        "timeToDomContentFlushed": {
          "median": 3037,
          "mean": 3026,
          "mdev": 39.6176,
          "stddev": 69,
          "min": 2937,
          "p10": 2937,
          "p90": 3104,
          "p99": 3104,
          "max": 3104
        },
        "userTimings": {
          "marks": {
            "2876: 1595.8": {
              "median": 1596,
              "mean": 1596,
              "mdev": 0,
              "stddev": 0,
              "min": 1596,
              "p10": 1596,
              "p90": 1596,
              "p99": 1596,
              "max": 1596
            },
            "2700.2154: 2531.98": {
              "median": 2532,
              "mean": 2532,
              "mdev": 0,
              "stddev": 0,
              "min": 2532,
              "p10": 2532,
              "p90": 2532,
              "p99": 2532,
              "max": 2532
            },
            "2700.1428: 2596.34": {
              "median": 2596,
              "mean": 2596,
              "mdev": 0,
              "stddev": 0,
              "min": 2596,
              "p10": 2596,
              "p90": 2596,
              "p99": 2596,
              "max": 2596
            },
            "695.1309: 3146.34": {
              "median": 3146,
              "mean": 3146,
              "mdev": 0,
              "stddev": 0,
              "min": 3146,
              "p10": 3146,
              "p90": 3146,
              "p99": 3146,
              "max": 3146
            },
            "2095.2154: 3182": {
              "median": 3182,
              "mean": 3182,
              "mdev": 0,
              "stddev": 0,
              "min": 3182,
              "p10": 3182,
              "p90": 3182,
              "p99": 3182,
              "max": 3182
            },
            "2095.1428: 3708.9": {
              "median": 3709,
              "mean": 3709,
              "mdev": 0,
              "stddev": 0,
              "min": 3709,
              "p10": 3709,
              "p90": 3709,
              "p99": 3709,
              "max": 3709
            },
            "2295: 3824.36": {
              "median": 3824,
              "mean": 3824,
              "mdev": 0,
              "stddev": 0,
              "min": 3824,
              "p10": 3824,
              "p90": 3824,
              "p99": 3824,
              "max": 3824
            },
            "2295.2938: 4785.24": {
              "median": 4785,
              "mean": 4785,
              "mdev": 0,
              "stddev": 0,
              "min": 4785,
              "p10": 4785,
              "p90": 4785,
              "p99": 4785,
              "max": 4785
            },
            "1724: 5889.1": {
              "median": 5889,
              "mean": 5889,
              "mdev": 0,
              "stddev": 0,
              "min": 5889,
              "p10": 5889,
              "p90": 5889,
              "p99": 5889,
              "max": 5889
            },
            "2876: 1673.72": {
              "median": 1674,
              "mean": 1674,
              "mdev": 0,
              "stddev": 0,
              "min": 1674,
              "p10": 1674,
              "p90": 1674,
              "p99": 1674,
              "max": 1674
            },
            "2700.2154: 2641.84": {
              "median": 2642,
              "mean": 2642,
              "mdev": 0,
              "stddev": 0,
              "min": 2642,
              "p10": 2642,
              "p90": 2642,
              "p99": 2642,
              "max": 2642
            },
            "2700.1428: 2741.02": {
              "median": 2741,
              "mean": 2741,
              "mdev": 0,
              "stddev": 0,
              "min": 2741,
              "p10": 2741,
              "p90": 2741,
              "p99": 2741,
              "max": 2741
            },
            "695.1309: 3298.42": {
              "median": 3298,
              "mean": 3298,
              "mdev": 0,
              "stddev": 0,
              "min": 3298,
              "p10": 3298,
              "p90": 3298,
              "p99": 3298,
              "max": 3298
            },
            "2095.2154: 3352.6": {
              "median": 3353,
              "mean": 3353,
              "mdev": 0,
              "stddev": 0,
              "min": 3353,
              "p10": 3353,
              "p90": 3353,
              "p99": 3353,
              "max": 3353
            },
            "2095.1428: 3981.82": {
              "median": 3982,
              "mean": 3982,
              "mdev": 0,
              "stddev": 0,
              "min": 3982,
              "p10": 3982,
              "p90": 3982,
              "p99": 3982,
              "max": 3982
            },
            "2295: 4097.6": {
              "median": 4098,
              "mean": 4098,
              "mdev": 0,
              "stddev": 0,
              "min": 4098,
              "p10": 4098,
              "p90": 4098,
              "p99": 4098,
              "max": 4098
            },
            "2295.2938: 5337.9400000000005": {
              "median": 5338,
              "mean": 5338,
              "mdev": 0,
              "stddev": 0,
              "min": 5338,
              "p10": 5338,
              "p90": 5338,
              "p99": 5338,
              "max": 5338
            },
            "1724: 6382": {
              "median": 6382,
              "mean": 6382,
              "mdev": 0,
              "stddev": 0,
              "min": 6382,
              "p10": 6382,
              "p90": 6382,
              "p99": 6382,
              "max": 6382
            },
            "2876: 1544.68": {
              "median": 1545,
              "mean": 1545,
              "mdev": 0,
              "stddev": 0,
              "min": 1545,
              "p10": 1545,
              "p90": 1545,
              "p99": 1545,
              "max": 1545
            },
            "2700.2154: 2582.02": {
              "median": 2582,
              "mean": 2582,
              "mdev": 0,
              "stddev": 0,
              "min": 2582,
              "p10": 2582,
              "p90": 2582,
              "p99": 2582,
              "max": 2582
            },
            "2700.1428: 2647.36": {
              "median": 2647,
              "mean": 2647,
              "mdev": 0,
              "stddev": 0,
              "min": 2647,
              "p10": 2647,
              "p90": 2647,
              "p99": 2647,
              "max": 2647
            },
            "695.1309: 2745.96": {
              "median": 2746,
              "mean": 2746,
              "mdev": 0,
              "stddev": 0,
              "min": 2746,
              "p10": 2746,
              "p90": 2746,
              "p99": 2746,
              "max": 2746
            },
            "2095.2154: 3084.48": {
              "median": 3085,
              "mean": 3085,
              "mdev": 0,
              "stddev": 0,
              "min": 3085,
              "p10": 3085,
              "p90": 3085,
              "p99": 3085,
              "max": 3085
            },
            "2095.1428: 3608.92": {
              "median": 3609,
              "mean": 3609,
              "mdev": 0,
              "stddev": 0,
              "min": 3609,
              "p10": 3609,
              "p90": 3609,
              "p99": 3609,
              "max": 3609
            },
            "2295: 3743.7200000000003": {
              "median": 3744,
              "mean": 3744,
              "mdev": 0,
              "stddev": 0,
              "min": 3744,
              "p10": 3744,
              "p90": 3744,
              "p99": 3744,
              "max": 3744
            },
            "2295.2938: 4551.1": {
              "median": 4551,
              "mean": 4551,
              "mdev": 0,
              "stddev": 0,
              "min": 4551,
              "p10": 4551,
              "p90": 4551,
              "p99": 4551,
              "max": 4551
            },
            "1724: 7079.9400000000005": {
              "median": 7080,
              "mean": 7080,
              "mdev": 0,
              "stddev": 0,
              "min": 7080,
              "p10": 7080,
              "p90": 7080,
              "p99": 7080,
              "max": 7080
            }
          }
        },
        "timeToFirstInteractive": {
          "median": 7511,
          "mean": 7511,
          "mdev": 0,
          "stddev": 0,
          "min": 7511,
          "p10": 7511,
          "p90": 7511,
          "p99": 7511,
          "max": 7511
        }
      }
    }
  }
]