[
  {
    "info": {
      "browsertime": {
        "version": "8.4.0"
      },
      "url": "https://www.twitch.tv/",
      "timestamp": "2021-03-30T03:16:37+04:00",
      "connectivity": {
        "engine": "external",
        "profile": "native"
      },
      "extra": {}
    },
    "files": {
      "video": [],
      "screenshot": [],
      "timeline": [],
      "consoleLog": [],
      "netLog": [],
      "perfLog": []
    },
    "cdp": {
      "performance": []
    },
    "timestamps": [
      "2021-03-30T03:16:23+04:00",
      "2021-03-30T03:16:49+04:00",
      "2021-03-30T03:17:17+04:00"
    ],
    "browserScripts": [
      {
        "browser": {
          "appConstants": {
            "ACCESSIBILITY": true,
            "ANDROID_PACKAGE_NAME": "org.mozilla.firefox",
            "ASAN": false,
            "ASAN_REPORTER": false,
            "BROWSER_CHROME_URL": "chrome://browser/content/browser.xul",
            "DEBUG": false,
            "DEBUG_JS_MODULES": "",
            "DLL_PREFIX": "lib",
            "DLL_SUFFIX": ".so",
            "EARLY_BETA_OR_EARLIER": false,
            "FENNEC_NIGHTLY": false,
            "HAVE_SHELL_SERVICE": false,
            "HAVE_USR_LIB64_DIR": false,
            "MENUBAR_CAN_AUTOHIDE": false,
            "MOZILLA_OFFICIAL": true,
            "MOZ_ALLOW_LEGACY_EXTENSIONS": false,
            "MOZ_ANDROID_ACTIVITY_STREAM": false,
            "MOZ_ANDROID_HISTORY": true,
            "MOZ_ANDROID_MOZILLA_ONLINE": false,
            "MOZ_APP_NAME": "fennec",
            "MOZ_APP_VERSION": "68.1.1",
            "MOZ_APP_VERSION_DISPLAY": "68.1.1",
            "MOZ_BING_API_CLIENTID": "no-bing-api-clientid",
            "MOZ_BING_API_KEY": "no-bing-api-key",
            "MOZ_BITS_DOWNLOAD": false,
            "MOZ_BUILD_APP": "mobile/android",
            "MOZ_CODE_COVERAGE": false,
            "MOZ_CRASHREPORTER": true,
            "MOZ_DATA_REPORTING": true,
            "MOZ_DEV_EDITION": false,
            "MOZ_GECKO_PROFILER": true,
            "MOZ_GOOGLE_LOCATION_SERVICE_API_KEY": "AIzaSyB2h2OuRcUgy5N-5hsZqiPW6sH3n_rptiQ",
            "MOZ_GOOGLE_SAFEBROWSING_API_KEY": "AIzaSyC7jsptDS3am4tPx4r3nxis7IMjBc5Dovo",
            "MOZ_GRAPHENE": false,
            "MOZ_MACBUNDLE_NAME": "Firefox.app",
            "MOZ_MAINTENANCE_SERVICE": false,
            "MOZ_MOZILLA_API_KEY": "3b4d27dd-703d-4094-8398-4de2c763505a",
            "MOZ_NEW_CERT_STORAGE": false,
            "MOZ_NEW_NOTIFICATION_STORE": false,
            "MOZ_NEW_XULSTORE": false,
            "MOZ_OFFICIAL_BRANDING": false,
            "MOZ_PLACES": false,
            "MOZ_REQUIRE_SIGNING": false,
            "MOZ_SANDBOX": false,
            "MOZ_SERVICES_HEALTHREPORT": true,
            "MOZ_SERVICES_SYNC": false,
            "MOZ_SWITCHBOARD": true,
            "MOZ_SYSTEM_NSS": false,
            "MOZ_TELEMETRY_ON_BY_DEFAULT": false,
            "MOZ_TELEMETRY_REPORTING": true,
            "MOZ_UNSIGNED_SCOPES": 0,
            "MOZ_UPDATER": false,
            "MOZ_UPDATE_CHANNEL": "release",
            "MOZ_WEBRTC": true,
            "MOZ_WIDGET_GTK": false,
            "MOZ_WIDGET_TOOLKIT": "android",
            "NIGHTLY_BUILD": false,
            "OMNIJAR_NAME": "assets/omni.ja",
            "RELEASE_OR_BETA": true,
            "SOURCE_REVISION_URL": "https://hg.mozilla.org/releases/mozilla-esr68/rev/d2e0b9e17b9bc1ef02606c8006b73293f7892ad5",
            "TELEMETRY_PING_FORMAT_VERSION": 4,
            "XP_UNIX": true,
            "isPlatformAndVersionAtLeast": {},
            "isPlatformAndVersionAtMost": {},
            "platform": "android"
          },
          "asyncAppConstants": {
            "ACCESSIBILITY": true,
            "ANDROID_PACKAGE_NAME": "org.mozilla.firefox",
            "ASAN": false,
            "ASAN_REPORTER": false,
            "BROWSER_CHROME_URL": "chrome://browser/content/browser.xul",
            "DEBUG": false,
            "DEBUG_JS_MODULES": "",
            "DLL_PREFIX": "lib",
            "DLL_SUFFIX": ".so",
            "EARLY_BETA_OR_EARLIER": false,
            "FENNEC_NIGHTLY": false,
            "HAVE_SHELL_SERVICE": false,
            "HAVE_USR_LIB64_DIR": false,
            "MENUBAR_CAN_AUTOHIDE": false,
            "MOZILLA_OFFICIAL": true,
            "MOZ_ALLOW_LEGACY_EXTENSIONS": false,
            "MOZ_ANDROID_ACTIVITY_STREAM": false,
            "MOZ_ANDROID_HISTORY": true,
            "MOZ_ANDROID_MOZILLA_ONLINE": false,
            "MOZ_APP_NAME": "fennec",
            "MOZ_APP_VERSION": "68.1.1",
            "MOZ_APP_VERSION_DISPLAY": "68.1.1",
            "MOZ_BING_API_CLIENTID": "no-bing-api-clientid",
            "MOZ_BING_API_KEY": "no-bing-api-key",
            "MOZ_BITS_DOWNLOAD": false,
            "MOZ_BUILD_APP": "mobile/android",
            "MOZ_CODE_COVERAGE": false,
            "MOZ_CRASHREPORTER": true,
            "MOZ_DATA_REPORTING": true,
            "MOZ_DEV_EDITION": false,
            "MOZ_GECKO_PROFILER": true,
            "MOZ_GOOGLE_LOCATION_SERVICE_API_KEY": "AIzaSyB2h2OuRcUgy5N-5hsZqiPW6sH3n_rptiQ",
            "MOZ_GOOGLE_SAFEBROWSING_API_KEY": "AIzaSyC7jsptDS3am4tPx4r3nxis7IMjBc5Dovo",
            "MOZ_GRAPHENE": false,
            "MOZ_MACBUNDLE_NAME": "Firefox.app",
            "MOZ_MAINTENANCE_SERVICE": false,
            "MOZ_MOZILLA_API_KEY": "3b4d27dd-703d-4094-8398-4de2c763505a",
            "MOZ_NEW_CERT_STORAGE": false,
            "MOZ_NEW_NOTIFICATION_STORE": false,
            "MOZ_NEW_XULSTORE": false,
            "MOZ_OFFICIAL_BRANDING": false,
            "MOZ_PLACES": false,
            "MOZ_REQUIRE_SIGNING": false,
            "MOZ_SANDBOX": false,
            "MOZ_SERVICES_HEALTHREPORT": true,
            "MOZ_SERVICES_SYNC": false,
            "MOZ_SWITCHBOARD": true,
            "MOZ_SYSTEM_NSS": false,
            "MOZ_TELEMETRY_ON_BY_DEFAULT": false,
            "MOZ_TELEMETRY_REPORTING": true,
            "MOZ_UNSIGNED_SCOPES": 0,
            "MOZ_UPDATER": false,
            "MOZ_UPDATE_CHANNEL": "release",
            "MOZ_WEBRTC": true,
            "MOZ_WIDGET_GTK": false,
            "MOZ_WIDGET_TOOLKIT": "android",
            "NIGHTLY_BUILD": false,
            "OMNIJAR_NAME": "assets/omni.ja",
            "RELEASE_OR_BETA": true,
            "SOURCE_REVISION_URL": "https://hg.mozilla.org/releases/mozilla-esr68/rev/d2e0b9e17b9bc1ef02606c8006b73293f7892ad5",
            "TELEMETRY_PING_FORMAT_VERSION": 4,
            "XP_UNIX": true,
            "isPlatformAndVersionAtLeast": {},
            "isPlatformAndVersionAtMost": {},
            "platform": "android"
          },
          "userAgent": "Mozilla/5.0 (Android 8.1.0; Mobile; rv:68.0) Gecko/68.0 Firefox/68.0",
          "windowSize": "360x560"
        },
        "pageinfo": {
          "documentHeight": 560,
          "documentSize": {
            "decodedBodySize": 560137,
            "encodedBodySize": 62143,
            "transferSize": 63039
          },
          "documentTitle": "Twitch",
          "documentWidth": 360,
          "domElements": 1710,
          "navigationStartTime": 1617059784016,
          "nextHopProtocol": "http/1.1",
          "resources": {
            "count": 0,
            "duration": 0
          },
          "responsive": true,
          "url": "https://m.twitch.tv/",
          "visualElements": {
            "heroes": [
              {
                "filename": "live_user_ludwig-276x155.jpg",
                "height": 132,
                "name": "LargestImage",
                "width": 234,
                "x": 10,
                "y": 148
              },
              {
                "filename": null,
                "height": 43,
                "name": "Heading",
                "width": 340,
                "x": 10,
                "y": 70
              }
            ],
            "viewport": {
              "height": 560,
              "width": 360
            }
          }
        },
        "timings": {
          "firstPaint": 2238,
          "loadEventEnd": 4905,
          "navigationTiming": {
            "connectStart": 522,
            "domComplete": 4904,
            "domContentLoadedEventEnd": 3951,
            "domContentLoadedEventStart": 3938,
            "domInteractive": 3754,
            "domainLookupEnd": 521,
            "domainLookupStart": 521,
            "duration": 4905,
            "fetchStart": 498,
            "loadEventEnd": 4905,
            "loadEventStart": 4904,
            "redirectEnd": 493,
            "redirectStart": 3,
            "requestStart": 639,
            "responseEnd": 639,
            "responseStart": 639,
            "secureConnectionStart": 534,
            "startTime": 0,
            "unloadEventEnd": 0,
            "unloadEventStart": 0,
            "workerStart": 0
          },
          "pageTimings": {
            "backEndTime": 639,
            "domContentLoadedTime": 3938,
            "domInteractiveTime": 3754,
            "domainLookupTime": 0,
            "frontEndTime": 4265,
            "pageDownloadTime": 0,
            "pageLoadTime": 4904,
            "redirectionTime": 490,
            "serverConnectionTime": 117,
            "serverResponseTime": 0
          },
          "rumSpeedIndex": 639,
          "timeToContentfulPaint": 2337,
          "timeToDomContentFlushed": 3762,
          "userTimings": {
            "marks": [
              {
                "name": "app_boot",
                "startTime": 5379.4800000000005
              },
              {
                "name": "beforeRender",
                "startTime": 7562.42
              },
              {
                "name": "afterRender",
                "startTime": 7875.46
              }
            ],
            "measures": [
              {
                "duration": 5242.58,
                "name": "Next.js-before-hydration",
                "startTime": 0
              },
              {
                "duration": 3754,
                "name": "Page0Interactive",
                "startTime": 0
              },
              {
                "duration": 5379.4800000000005,
                "name": "app_booted",
                "startTime": 0
              },
              {
                "duration": 2127.26,
                "name": "Next.js-hydration",
                "startTime": 5242.58
              }
            ]
          }
        }
      },
      {
        "browser": {
          "appConstants": {
            "ACCESSIBILITY": true,
            "ANDROID_PACKAGE_NAME": "org.mozilla.firefox",
            "ASAN": false,
            "ASAN_REPORTER": false,
            "BROWSER_CHROME_URL": "chrome://browser/content/browser.xul",
            "DEBUG": false,
            "DEBUG_JS_MODULES": "",
            "DLL_PREFIX": "lib",
            "DLL_SUFFIX": ".so",
            "EARLY_BETA_OR_EARLIER": false,
            "FENNEC_NIGHTLY": false,
            "HAVE_SHELL_SERVICE": false,
            "HAVE_USR_LIB64_DIR": false,
            "MENUBAR_CAN_AUTOHIDE": false,
            "MOZILLA_OFFICIAL": true,
            "MOZ_ALLOW_LEGACY_EXTENSIONS": false,
            "MOZ_ANDROID_ACTIVITY_STREAM": false,
            "MOZ_ANDROID_HISTORY": true,
            "MOZ_ANDROID_MOZILLA_ONLINE": false,
            "MOZ_APP_NAME": "fennec",
            "MOZ_APP_VERSION": "68.1.1",
            "MOZ_APP_VERSION_DISPLAY": "68.1.1",
            "MOZ_BING_API_CLIENTID": "no-bing-api-clientid",
            "MOZ_BING_API_KEY": "no-bing-api-key",
            "MOZ_BITS_DOWNLOAD": false,
            "MOZ_BUILD_APP": "mobile/android",
            "MOZ_CODE_COVERAGE": false,
            "MOZ_CRASHREPORTER": true,
            "MOZ_DATA_REPORTING": true,
            "MOZ_DEV_EDITION": false,
            "MOZ_GECKO_PROFILER": true,
            "MOZ_GOOGLE_LOCATION_SERVICE_API_KEY": "AIzaSyB2h2OuRcUgy5N-5hsZqiPW6sH3n_rptiQ",
            "MOZ_GOOGLE_SAFEBROWSING_API_KEY": "AIzaSyC7jsptDS3am4tPx4r3nxis7IMjBc5Dovo",
            "MOZ_GRAPHENE": false,
            "MOZ_MACBUNDLE_NAME": "Firefox.app",
            "MOZ_MAINTENANCE_SERVICE": false,
            "MOZ_MOZILLA_API_KEY": "3b4d27dd-703d-4094-8398-4de2c763505a",
            "MOZ_NEW_CERT_STORAGE": false,
            "MOZ_NEW_NOTIFICATION_STORE": false,
            "MOZ_NEW_XULSTORE": false,
            "MOZ_OFFICIAL_BRANDING": false,
            "MOZ_PLACES": false,
            "MOZ_REQUIRE_SIGNING": false,
            "MOZ_SANDBOX": false,
            "MOZ_SERVICES_HEALTHREPORT": true,
            "MOZ_SERVICES_SYNC": false,
            "MOZ_SWITCHBOARD": true,
            "MOZ_SYSTEM_NSS": false,
            "MOZ_TELEMETRY_ON_BY_DEFAULT": false,
            "MOZ_TELEMETRY_REPORTING": true,
            "MOZ_UNSIGNED_SCOPES": 0,
            "MOZ_UPDATER": false,
            "MOZ_UPDATE_CHANNEL": "release",
            "MOZ_WEBRTC": true,
            "MOZ_WIDGET_GTK": false,
            "MOZ_WIDGET_TOOLKIT": "android",
            "NIGHTLY_BUILD": false,
            "OMNIJAR_NAME": "assets/omni.ja",
            "RELEASE_OR_BETA": true,
            "SOURCE_REVISION_URL": "https://hg.mozilla.org/releases/mozilla-esr68/rev/d2e0b9e17b9bc1ef02606c8006b73293f7892ad5",
            "TELEMETRY_PING_FORMAT_VERSION": 4,
            "XP_UNIX": true,
            "isPlatformAndVersionAtLeast": {},
            "isPlatformAndVersionAtMost": {},
            "platform": "android"
          },
          "asyncAppConstants": {
            "ACCESSIBILITY": true,
            "ANDROID_PACKAGE_NAME": "org.mozilla.firefox",
            "ASAN": false,
            "ASAN_REPORTER": false,
            "BROWSER_CHROME_URL": "chrome://browser/content/browser.xul",
            "DEBUG": false,
            "DEBUG_JS_MODULES": "",
            "DLL_PREFIX": "lib",
            "DLL_SUFFIX": ".so",
            "EARLY_BETA_OR_EARLIER": false,
            "FENNEC_NIGHTLY": false,
            "HAVE_SHELL_SERVICE": false,
            "HAVE_USR_LIB64_DIR": false,
            "MENUBAR_CAN_AUTOHIDE": false,
            "MOZILLA_OFFICIAL": true,
            "MOZ_ALLOW_LEGACY_EXTENSIONS": false,
            "MOZ_ANDROID_ACTIVITY_STREAM": false,
            "MOZ_ANDROID_HISTORY": true,
            "MOZ_ANDROID_MOZILLA_ONLINE": false,
            "MOZ_APP_NAME": "fennec",
            "MOZ_APP_VERSION": "68.1.1",
            "MOZ_APP_VERSION_DISPLAY": "68.1.1",
            "MOZ_BING_API_CLIENTID": "no-bing-api-clientid",
            "MOZ_BING_API_KEY": "no-bing-api-key",
            "MOZ_BITS_DOWNLOAD": false,
            "MOZ_BUILD_APP": "mobile/android",
            "MOZ_CODE_COVERAGE": false,
            "MOZ_CRASHREPORTER": true,
            "MOZ_DATA_REPORTING": true,
            "MOZ_DEV_EDITION": false,
            "MOZ_GECKO_PROFILER": true,
            "MOZ_GOOGLE_LOCATION_SERVICE_API_KEY": "AIzaSyB2h2OuRcUgy5N-5hsZqiPW6sH3n_rptiQ",
            "MOZ_GOOGLE_SAFEBROWSING_API_KEY": "AIzaSyC7jsptDS3am4tPx4r3nxis7IMjBc5Dovo",
            "MOZ_GRAPHENE": false,
            "MOZ_MACBUNDLE_NAME": "Firefox.app",
            "MOZ_MAINTENANCE_SERVICE": false,
            "MOZ_MOZILLA_API_KEY": "3b4d27dd-703d-4094-8398-4de2c763505a",
            "MOZ_NEW_CERT_STORAGE": false,
            "MOZ_NEW_NOTIFICATION_STORE": false,
            "MOZ_NEW_XULSTORE": false,
            "MOZ_OFFICIAL_BRANDING": false,
            "MOZ_PLACES": false,
            "MOZ_REQUIRE_SIGNING": false,
            "MOZ_SANDBOX": false,
            "MOZ_SERVICES_HEALTHREPORT": true,
            "MOZ_SERVICES_SYNC": false,
            "MOZ_SWITCHBOARD": true,
            "MOZ_SYSTEM_NSS": false,
            "MOZ_TELEMETRY_ON_BY_DEFAULT": false,
            "MOZ_TELEMETRY_REPORTING": true,
            "MOZ_UNSIGNED_SCOPES": 0,
            "MOZ_UPDATER": false,
            "MOZ_UPDATE_CHANNEL": "release",
            "MOZ_WEBRTC": true,
            "MOZ_WIDGET_GTK": false,
            "MOZ_WIDGET_TOOLKIT": "android",
            "NIGHTLY_BUILD": false,
            "OMNIJAR_NAME": "assets/omni.ja",
            "RELEASE_OR_BETA": true,
            "SOURCE_REVISION_URL": "https://hg.mozilla.org/releases/mozilla-esr68/rev/d2e0b9e17b9bc1ef02606c8006b73293f7892ad5",
            "TELEMETRY_PING_FORMAT_VERSION": 4,
            "XP_UNIX": true,
            "isPlatformAndVersionAtLeast": {},
            "isPlatformAndVersionAtMost": {},
            "platform": "android"
          },
          "userAgent": "Mozilla/5.0 (Android 8.1.0; Mobile; rv:68.0) Gecko/68.0 Firefox/68.0",
          "windowSize": "360x560"
        },
        "pageinfo": {
          "documentHeight": 560,
          "documentSize": {
            "decodedBodySize": 559027,
            "encodedBodySize": 61860,
            "transferSize": 62745
          },
          "documentTitle": "Twitch",
          "documentWidth": 360,
          "domElements": 1710,
          "navigationStartTime": 1617059810083,
          "nextHopProtocol": "http/1.1",
          "resources": {
            "count": 0,
            "duration": 0
          },
          "responsive": true,
          "url": "https://m.twitch.tv/",
          "visualElements": {
            "heroes": [
              {
                "filename": "live_user_ludwig-276x155.jpg",
                "height": 132,
                "name": "LargestImage",
                "width": 234,
                "x": 10,
                "y": 148
              },
              {
                "filename": null,
                "height": 43,
                "name": "Heading",
                "width": 340,
                "x": 10,
                "y": 70
              }
            ],
            "viewport": {
              "height": 560,
              "width": 360
            }
          }
        },
        "timings": {
          "firstPaint": 2139,
          "loadEventEnd": 4745,
          "navigationTiming": {
            "connectStart": 534,
            "domComplete": 4745,
            "domContentLoadedEventEnd": 3673,
            "domContentLoadedEventStart": 3660,
            "domInteractive": 3540,
            "domainLookupEnd": 534,
            "domainLookupStart": 534,
            "duration": 4745,
            "fetchStart": 508,
            "loadEventEnd": 4745,
            "loadEventStart": 4745,
            "redirectEnd": 503,
            "redirectStart": 3,
            "requestStart": 624,
            "responseEnd": 624,
            "responseStart": 624,
            "secureConnectionStart": 546,
            "startTime": 0,
            "unloadEventEnd": 0,
            "unloadEventStart": 0,
            "workerStart": 0
          },
          "pageTimings": {
            "backEndTime": 624,
            "domContentLoadedTime": 3660,
            "domInteractiveTime": 3540,
            "domainLookupTime": 0,
            "frontEndTime": 4121,
            "pageDownloadTime": 0,
            "pageLoadTime": 4745,
            "redirectionTime": 500,
            "serverConnectionTime": 89,
            "serverResponseTime": 0
          },
          "rumSpeedIndex": 623,
          "timeToContentfulPaint": 2239,
          "timeToDomContentFlushed": 3549,
          "userTimings": {
            "marks": [
              {
                "name": "app_boot",
                "startTime": 5224.52
              },
              {
                "name": "beforeRender",
                "startTime": 7404.12
              },
              {
                "name": "afterRender",
                "startTime": 7714.5
              }
            ],
            "measures": [
              {
                "duration": 5078.28,
                "name": "Next.js-before-hydration",
                "startTime": 0
              },
              {
                "duration": 3539,
                "name": "Page0Interactive",
                "startTime": 0
              },
              {
                "duration": 5224.52,
                "name": "app_booted",
                "startTime": 0
              },
              {
                "duration": 2132.88,
                "name": "Next.js-hydration",
                "startTime": 5078.28
              }
            ]
          }
        }
      },
      {
        "browser": {
          "appConstants": {
            "ACCESSIBILITY": true,
            "ANDROID_PACKAGE_NAME": "org.mozilla.firefox",
            "ASAN": false,
            "ASAN_REPORTER": false,
            "BROWSER_CHROME_URL": "chrome://browser/content/browser.xul",
            "DEBUG": false,
            "DEBUG_JS_MODULES": "",
            "DLL_PREFIX": "lib",
            "DLL_SUFFIX": ".so",
            "EARLY_BETA_OR_EARLIER": false,
            "FENNEC_NIGHTLY": false,
            "HAVE_SHELL_SERVICE": false,
            "HAVE_USR_LIB64_DIR": false,
            "MENUBAR_CAN_AUTOHIDE": false,
            "MOZILLA_OFFICIAL": true,
            "MOZ_ALLOW_LEGACY_EXTENSIONS": false,
            "MOZ_ANDROID_ACTIVITY_STREAM": false,
            "MOZ_ANDROID_HISTORY": true,
            "MOZ_ANDROID_MOZILLA_ONLINE": false,
            "MOZ_APP_NAME": "fennec",
            "MOZ_APP_VERSION": "68.1.1",
            "MOZ_APP_VERSION_DISPLAY": "68.1.1",
            "MOZ_BING_API_CLIENTID": "no-bing-api-clientid",
            "MOZ_BING_API_KEY": "no-bing-api-key",
            "MOZ_BITS_DOWNLOAD": false,
            "MOZ_BUILD_APP": "mobile/android",
            "MOZ_CODE_COVERAGE": false,
            "MOZ_CRASHREPORTER": true,
            "MOZ_DATA_REPORTING": true,
            "MOZ_DEV_EDITION": false,
            "MOZ_GECKO_PROFILER": true,
            "MOZ_GOOGLE_LOCATION_SERVICE_API_KEY": "AIzaSyB2h2OuRcUgy5N-5hsZqiPW6sH3n_rptiQ",
            "MOZ_GOOGLE_SAFEBROWSING_API_KEY": "AIzaSyC7jsptDS3am4tPx4r3nxis7IMjBc5Dovo",
            "MOZ_GRAPHENE": false,
            "MOZ_MACBUNDLE_NAME": "Firefox.app",
            "MOZ_MAINTENANCE_SERVICE": false,
            "MOZ_MOZILLA_API_KEY": "3b4d27dd-703d-4094-8398-4de2c763505a",
            "MOZ_NEW_CERT_STORAGE": false,
            "MOZ_NEW_NOTIFICATION_STORE": false,
            "MOZ_NEW_XULSTORE": false,
            "MOZ_OFFICIAL_BRANDING": false,
            "MOZ_PLACES": false,
            "MOZ_REQUIRE_SIGNING": false,
            "MOZ_SANDBOX": false,
            "MOZ_SERVICES_HEALTHREPORT": true,
            "MOZ_SERVICES_SYNC": false,
            "MOZ_SWITCHBOARD": true,
            "MOZ_SYSTEM_NSS": false,
            "MOZ_TELEMETRY_ON_BY_DEFAULT": false,
            "MOZ_TELEMETRY_REPORTING": true,
            "MOZ_UNSIGNED_SCOPES": 0,
            "MOZ_UPDATER": false,
            "MOZ_UPDATE_CHANNEL": "release",
            "MOZ_WEBRTC": true,
            "MOZ_WIDGET_GTK": false,
            "MOZ_WIDGET_TOOLKIT": "android",
            "NIGHTLY_BUILD": false,
            "OMNIJAR_NAME": "assets/omni.ja",
            "RELEASE_OR_BETA": true,
            "SOURCE_REVISION_URL": "https://hg.mozilla.org/releases/mozilla-esr68/rev/d2e0b9e17b9bc1ef02606c8006b73293f7892ad5",
            "TELEMETRY_PING_FORMAT_VERSION": 4,
            "XP_UNIX": true,
            "isPlatformAndVersionAtLeast": {},
            "isPlatformAndVersionAtMost": {},
            "platform": "android"
          },
          "asyncAppConstants": {
            "ACCESSIBILITY": true,
            "ANDROID_PACKAGE_NAME": "org.mozilla.firefox",
            "ASAN": false,
            "ASAN_REPORTER": false,
            "BROWSER_CHROME_URL": "chrome://browser/content/browser.xul",
            "DEBUG": false,
            "DEBUG_JS_MODULES": "",
            "DLL_PREFIX": "lib",
            "DLL_SUFFIX": ".so",
            "EARLY_BETA_OR_EARLIER": false,
            "FENNEC_NIGHTLY": false,
            "HAVE_SHELL_SERVICE": false,
            "HAVE_USR_LIB64_DIR": false,
            "MENUBAR_CAN_AUTOHIDE": false,
            "MOZILLA_OFFICIAL": true,
            "MOZ_ALLOW_LEGACY_EXTENSIONS": false,
            "MOZ_ANDROID_ACTIVITY_STREAM": false,
            "MOZ_ANDROID_HISTORY": true,
            "MOZ_ANDROID_MOZILLA_ONLINE": false,
            "MOZ_APP_NAME": "fennec",
            "MOZ_APP_VERSION": "68.1.1",
            "MOZ_APP_VERSION_DISPLAY": "68.1.1",
            "MOZ_BING_API_CLIENTID": "no-bing-api-clientid",
            "MOZ_BING_API_KEY": "no-bing-api-key",
            "MOZ_BITS_DOWNLOAD": false,
            "MOZ_BUILD_APP": "mobile/android",
            "MOZ_CODE_COVERAGE": false,
            "MOZ_CRASHREPORTER": true,
            "MOZ_DATA_REPORTING": true,
            "MOZ_DEV_EDITION": false,
            "MOZ_GECKO_PROFILER": true,
            "MOZ_GOOGLE_LOCATION_SERVICE_API_KEY": "AIzaSyB2h2OuRcUgy5N-5hsZqiPW6sH3n_rptiQ",
            "MOZ_GOOGLE_SAFEBROWSING_API_KEY": "AIzaSyC7jsptDS3am4tPx4r3nxis7IMjBc5Dovo",
            "MOZ_GRAPHENE": false,
            "MOZ_MACBUNDLE_NAME": "Firefox.app",
            "MOZ_MAINTENANCE_SERVICE": false,
            "MOZ_MOZILLA_API_KEY": "3b4d27dd-703d-4094-8398-4de2c763505a",
            "MOZ_NEW_CERT_STORAGE": false,
            "MOZ_NEW_NOTIFICATION_STORE": false,
            "MOZ_NEW_XULSTORE": false,
            "MOZ_OFFICIAL_BRANDING": false,
            "MOZ_PLACES": false,
            "MOZ_REQUIRE_SIGNING": false,
            "MOZ_SANDBOX": false,
            "MOZ_SERVICES_HEALTHREPORT": true,
            "MOZ_SERVICES_SYNC": false,
            "MOZ_SWITCHBOARD": true,
            "MOZ_SYSTEM_NSS": false,
            "MOZ_TELEMETRY_ON_BY_DEFAULT": false,
            "MOZ_TELEMETRY_REPORTING": true,
            "MOZ_UNSIGNED_SCOPES": 0,
            "MOZ_UPDATER": false,
            "MOZ_UPDATE_CHANNEL": "release",
            "MOZ_WEBRTC": true,
            "MOZ_WIDGET_GTK": false,
            "MOZ_WIDGET_TOOLKIT": "android",
            "NIGHTLY_BUILD": false,
            "OMNIJAR_NAME": "assets/omni.ja",
            "RELEASE_OR_BETA": true,
            "SOURCE_REVISION_URL": "https://hg.mozilla.org/releases/mozilla-esr68/rev/d2e0b9e17b9bc1ef02606c8006b73293f7892ad5",
            "TELEMETRY_PING_FORMAT_VERSION": 4,
            "XP_UNIX": true,
            "isPlatformAndVersionAtLeast": {},
            "isPlatformAndVersionAtMost": {},
            "platform": "android"
          },
          "userAgent": "Mozilla/5.0 (Android 8.1.0; Mobile; rv:68.0) Gecko/68.0 Firefox/68.0",
          "windowSize": "360x560"
        },
        "pageinfo": {
          "documentHeight": 560,
          "documentSize": {
            "decodedBodySize": 560114,
            "encodedBodySize": 62146,
            "transferSize": 62999
          },
          "documentTitle": "Twitch",
          "documentWidth": 360,
          "domElements": 1710,
          "navigationStartTime": 1617059838200,
          "nextHopProtocol": "http/1.1",
          "resources": {
            "count": 0,
            "duration": 0
          },
          "responsive": true,
          "url": "https://m.twitch.tv/",
          "visualElements": {
            "heroes": [
              {
                "filename": "live_user_ludwig-276x155.jpg",
                "height": 132,
                "name": "LargestImage",
                "width": 234,
                "x": 10,
                "y": 148
              },
              {
                "filename": null,
                "height": 43,
                "name": "Heading",
                "width": 340,
                "x": 10,
                "y": 70
              }
            ],
            "viewport": {
              "height": 560,
              "width": 360
            }
          }
        },
        "timings": {
          "firstPaint": 2223,
          "loadEventEnd": 4892,
          "navigationTiming": {
            "connectStart": 546,
            "domComplete": 4891,
            "domContentLoadedEventEnd": 3923,
            "domContentLoadedEventStart": 3907,
            "domInteractive": 3712,
            "domainLookupEnd": 546,
            "domainLookupStart": 546,
            "duration": 4892,
            "fetchStart": 521,
            "loadEventEnd": 4892,
            "loadEventStart": 4891,
            "redirectEnd": 513,
            "redirectStart": 3,
            "requestStart": 635,
            "responseEnd": 636,
            "responseStart": 636,
            "secureConnectionStart": 561,
            "startTime": 0,
            "unloadEventEnd": 0,
            "unloadEventStart": 0,
            "workerStart": 0
          },
          "pageTimings": {
            "backEndTime": 636,
            "domContentLoadedTime": 3907,
            "domInteractiveTime": 3712,
            "domainLookupTime": 0,
            "frontEndTime": 4256,
            "pageDownloadTime": 0,
            "pageLoadTime": 4891,
            "redirectionTime": 510,
            "serverConnectionTime": 88,
            "serverResponseTime": 0
          },
          "rumSpeedIndex": 635,
          "timeToContentfulPaint": 2323,
          "timeToDomContentFlushed": 3720,
          "userTimings": {
            "marks": [
              {
                "name": "app_boot",
                "startTime": 5331.16
              },
              {
                "name": "beforeRender",
                "startTime": 7422.3
              },
              {
                "name": "afterRender",
                "startTime": 7717.8
              }
            ],
            "measures": [
              {
                "duration": 5201.1,
                "name": "Next.js-before-hydration",
                "startTime": 0
              },
              {
                "duration": 3711,
                "name": "Page0Interactive",
                "startTime": 0
              },
              {
                "duration": 5331.16,
                "name": "app_booted",
                "startTime": 0
              },
              {
                "duration": 2031.24,
                "name": "Next.js-hydration",
                "startTime": 5201.1
              }
            ]
          }
        }
      }
    ],
    "visualMetrics": [],
    "cpu": [],
    "extras": [
      {},
      {},
      {}
    ],
    "fullyLoaded": [],
    "errors": [
      [],
      [],
      []
    ],
    "statistics": {
      "browser": {
        "appConstants": {
          "MOZ_UNSIGNED_SCOPES": {
            "median": 0,
            "mean": 0,
            "mdev": 0,
            "stddev": 0,
            "min": 0,
            "p10": 0,
            "p90": 0,
            "p99": 0,
            "max": 0
          },
          "TELEMETRY_PING_FORMAT_VERSION": {
            "median": 4,
            "mean": 4,
            "mdev": 0,
            "stddev": 0,
            "min": 4,
            "p10": 4,
            "p90": 4,
            "p99": 4,
            "max": 4
          }
        },
        "asyncAppConstants": {
          "MOZ_UNSIGNED_SCOPES": {
            "median": 0,
            "mean": 0,
            "mdev": 0,
            "stddev": 0,
            "min": 0,
            "p10": 0,
            "p90": 0,
            "p99": 0,
            "max": 0
          },
          "TELEMETRY_PING_FORMAT_VERSION": {
            "median": 4,
            "mean": 4,
            "mdev": 0,
            "stddev": 0,
            "min": 4,
            "p10": 4,
            "p90": 4,
            "p99": 4,
            "max": 4
          }
        }
      },
      "pageinfo": {
        "documentHeight": {
          "median": 560,
          "mean": 560,
          "mdev": 0,
          "stddev": 0,
          "min": 560,
          "p10": 560,
          "p90": 560,
          "p99": 560,
          "max": 560
        },
        "documentSize": {
          "decodedBodySize": {
            "median": 560114,
            "mean": 559759,
            "mdev": 299.023,
            "stddev": 518,
            "min": 559027,
            "p10": 559027,
            "p90": 560137,
            "p99": 560137,
            "max": 560137
          },
          "encodedBodySize": {
            "median": 62143,
            "mean": 62050,
            "mdev": 77.4343,
            "stddev": 134,
            "min": 61860,
            "p10": 61860,
            "p90": 62146,
            "p99": 62146,
            "max": 62146
          },
          "transferSize": {
            "median": 62999,
            "mean": 62928,
            "mdev": 75.167,
            "stddev": 130,
            "min": 62745,
            "p10": 62745,
            "p90": 63039,
            "p99": 63039,
            "max": 63039
          }
        },
        "documentWidth": {
          "median": 360,
          "mean": 360,
          "mdev": 0,
          "stddev": 0,
          "min": 360,
          "p10": 360,
          "p90": 360,
          "p99": 360,
          "max": 360
        },
        "domElements": {
          "median": 1710,
          "mean": 1710,
          "mdev": 0,
          "stddev": 0,
          "min": 1710,
          "p10": 1710,
          "p90": 1710,
          "p99": 1710,
          "max": 1710
        },
        "navigationStartTime": {
          "median": 1617059810083,
          "mean": 1617059810766,
          "mdev": 12612.4091,
          "stddev": 21845,
          "min": 1617059784016,
          "p10": 1617059784016,
          "p90": 1617059838200,
          "p99": 1617059838200,
          "max": 1617059838200
        },
        "resources": {
          "count": {
            "median": 0,
            "mean": 0,
            "mdev": 0,
            "stddev": 0,
            "min": 0,
            "p10": 0,
            "p90": 0,
            "p99": 0,
            "max": 0
          },
          "duration": {
            "median": 0,
            "mean": 0,
            "mdev": 0,
            "stddev": 0,
            "min": 0,
            "p10": 0,
            "p90": 0,
            "p99": 0,
            "max": 0
          }
        },
        "visualElements": {
          "heroes": [
            {
              "height": {
                "median": 132,
                "mean": 132,
                "mdev": 0,
                "stddev": 0,
                "min": 132,
                "p10": 132,
                "p90": 132,
                "p99": 132,
                "max": 132
              },
              "width": {
                "median": 234,
                "mean": 234,
                "mdev": 0,
                "stddev": 0,
                "min": 234,
                "p10": 234,
                "p90": 234,
                "p99": 234,
                "max": 234
              },
              "x": {
                "median": 10,
                "mean": 10,
                "mdev": 0,
                "stddev": 0,
                "min": 10,
                "p10": 10,
                "p90": 10,
                "p99": 10,
                "max": 10
              },
              "y": {
                "median": 148,
                "mean": 148,
                "mdev": 0,
                "stddev": 0,
                "min": 148,
                "p10": 148,
                "p90": 148,
                "p99": 148,
                "max": 148
              }
            },
            {
              "height": {
                "median": 43,
                "mean": 43,
                "mdev": 0,
                "stddev": 0,
                "min": 43,
                "p10": 43,
                "p90": 43,
                "p99": 43,
                "max": 43
              },
              "width": {
                "median": 340,
                "mean": 340,
                "mdev": 0,
                "stddev": 0,
                "min": 340,
                "p10": 340,
                "p90": 340,
                "p99": 340,
                "max": 340
              },
              "x": {
                "median": 10,
                "mean": 10,
                "mdev": 0,
                "stddev": 0,
                "min": 10,
                "p10": 10,
                "p90": 10,
                "p99": 10,
                "max": 10
              },
              "y": {
                "median": 70,
                "mean": 70,
                "mdev": 0,
                "stddev": 0,
                "min": 70,
                "p10": 70,
                "p90": 70,
                "p99": 70,
                "max": 70
              }
            }
          ],
          "viewport": {
            "height": {
              "median": 560,
              "mean": 560,
              "mdev": 0,
              "stddev": 0,
              "min": 560,
              "p10": 560,
              "p90": 560,
              "p99": 560,
              "max": 560
            },
            "width": {
              "median": 360,
              "mean": 360,
              "mdev": 0,
              "stddev": 0,
              "min": 360,
              "p10": 360,
              "p90": 360,
              "p99": 360,
              "max": 360
            }
          }
        }
      },
      "timings": {
        "firstPaint": {
          "median": 2223,
          "mean": 2200,
          "mdev": 25.1529,
          "stddev": 44,
          "min": 2139,
          "p10": 2139,
          "p90": 2238,
          "p99": 2238,
          "max": 2238
        },
        "loadEventEnd": {
          "median": 4892,
          "mean": 4847,
          "mdev": 41.8896,
          "stddev": 73,
          "min": 4745,
          "p10": 4745,
          "p90": 4905,
          "p99": 4905,
          "max": 4905
        },
        "navigationTiming": {
          "connectStart": {
            "median": 534,
            "mean": 534,
            "mdev": 5.6569,
            "stddev": 10,
            "min": 522,
            "p10": 522,
            "p90": 546,
            "p99": 546,
            "max": 546
          },
          "domComplete": {
            "median": 4891,
            "mean": 4847,
            "mdev": 41.6182,
            "stddev": 72,
            "min": 4745,
            "p10": 4745,
            "p90": 4904,
            "p99": 4904,
            "max": 4904
          },
          "domContentLoadedEventEnd": {
            "median": 3923,
            "mean": 3849,
            "mdev": 72.1542,
            "stddev": 125,
            "min": 3673,
            "p10": 3673,
            "p90": 3951,
            "p99": 3951,
            "max": 3951
          },
          "domContentLoadedEventStart": {
            "median": 3907,
            "mean": 3835,
            "mdev": 71.8161,
            "stddev": 124,
            "min": 3660,
            "p10": 3660,
            "p90": 3938,
            "p99": 3938,
            "max": 3938
          },
          "domInteractive": {
            "median": 3712,
            "mean": 3669,
            "mdev": 53.4526,
            "stddev": 93,
            "min": 3540,
            "p10": 3540,
            "p90": 3754,
            "p99": 3754,
            "max": 3754
          },
          "domainLookupEnd": {
            "median": 534,
            "mean": 534,
            "mdev": 5.8941,
            "stddev": 10,
            "min": 521,
            "p10": 521,
            "p90": 546,
            "p99": 546,
            "max": 546
          },
          "domainLookupStart": {
            "median": 534,
            "mean": 534,
            "mdev": 5.8941,
            "stddev": 10,
            "min": 521,
            "p10": 521,
            "p90": 546,
            "p99": 546,
            "max": 546
          },
          "duration": {
            "median": 4892,
            "mean": 4847,
            "mdev": 41.8896,
            "stddev": 73,
            "min": 4745,
            "p10": 4745,
            "p90": 4905,
            "p99": 4905,
            "max": 4905
          },
          "fetchStart": {
            "median": 508,
            "mean": 509,
            "mdev": 5.4365,
            "stddev": 9,
            "min": 498,
            "p10": 498,
            "p90": 521,
            "p99": 521,
            "max": 521
          },
          "loadEventEnd": {
            "median": 4892,
            "mean": 4847,
            "mdev": 41.8896,
            "stddev": 73,
            "min": 4745,
            "p10": 4745,
            "p90": 4905,
            "p99": 4905,
            "max": 4905
          },
          "loadEventStart": {
            "median": 4891,
            "mean": 4847,
            "mdev": 41.6182,
            "stddev": 72,
            "min": 4745,
            "p10": 4745,
            "p90": 4904,
            "p99": 4904,
            "max": 4904
          },
          "redirectEnd": {
            "median": 503,
            "mean": 503,
            "mdev": 4.714,
            "stddev": 8,
            "min": 493,
            "p10": 493,
            "p90": 513,
            "p99": 513,
            "max": 513
          },
          "redirectStart": {
            "median": 3,
            "mean": 3,
            "mdev": 0,
            "stddev": 0,
            "min": 3,
            "p10": 3,
            "p90": 3,
            "p99": 3,
            "max": 3
          },
          "requestStart": {
            "median": 635,
            "mean": 633,
            "mdev": 3.6616,
            "stddev": 6,
            "min": 624,
            "p10": 624,
            "p90": 639,
            "p99": 639,
            "max": 639
          },
          "responseEnd": {
            "median": 636,
            "mean": 633,
            "mdev": 3.7417,
            "stddev": 6,
            "min": 624,
            "p10": 624,
            "p90": 639,
            "p99": 639,
            "max": 639
          },
          "responseStart": {
            "median": 636,
            "mean": 633,
            "mdev": 3.7417,
            "stddev": 6,
            "min": 624,
            "p10": 624,
            "p90": 639,
            "p99": 639,
            "max": 639
          },
          "secureConnectionStart": {
            "median": 546,
            "mean": 547,
            "mdev": 6.377,
            "stddev": 11,
            "min": 534,
            "p10": 534,
            "p90": 561,
            "p99": 561,
            "max": 561
          },
          "startTime": {
            "median": 0,
            "mean": 0,
            "mdev": 0,
            "stddev": 0,
            "min": 0,
            "p10": 0,
            "p90": 0,
            "p99": 0,
            "max": 0
          },
          "unloadEventEnd": {
            "median": 0,
            "mean": 0,
            "mdev": 0,
            "stddev": 0,
            "min": 0,
            "p10": 0,
            "p90": 0,
            "p99": 0,
            "max": 0
          },
          "unloadEventStart": {
            "median": 0,
            "mean": 0,
            "mdev": 0,
            "stddev": 0,
            "min": 0,
            "p10": 0,
            "p90": 0,
            "p99": 0,
            "max": 0
          },
          "workerStart": {
            "median": 0,
            "mean": 0,
            "mdev": 0,
            "stddev": 0,
            "min": 0,
            "p10": 0,
            "p90": 0,
            "p99": 0,
            "max": 0
          }
        },
        "pageTimings": {
          "backEndTime": {
            "median": 636,
            "mean": 633,
            "mdev": 3.7417,
            "stddev": 6,
            "min": 624,
            "p10": 624,
            "p90": 639,
            "p99": 639,
            "max": 639
          },
          "domContentLoadedTime": {
            "median": 3907,
            "mean": 3835,
            "mdev": 71.8161,
            "stddev": 124,
            "min": 3660,
            "p10": 3660,
            "p90": 3938,
            "p99": 3938,
            "max": 3938
          },
          "domInteractiveTime": {
            "median": 3712,
            "mean": 3669,
            "mdev": 53.4526,
            "stddev": 93,
            "min": 3540,
            "p10": 3540,
            "p90": 3754,
            "p99": 3754,
            "max": 3754
          },
          "domainLookupTime": {
            "median": 0,
            "mean": 0,
            "mdev": 0,
            "stddev": 0,
            "min": 0,
            "p10": 0,
            "p90": 0,
            "p99": 0,
            "max": 0
          },
          "frontEndTime": {
            "median": 4256,
            "mean": 4214,
            "mdev": 38.0263,
            "stddev": 66,
            "min": 4121,
            "p10": 4121,
            "p90": 4265,
            "p99": 4265,
            "max": 4265
          },
          "pageDownloadTime": {
            "median": 0,
            "mean": 0,
            "mdev": 0,
            "stddev": 0,
            "min": 0,
            "p10": 0,
            "p90": 0,
            "p99": 0,
            "max": 0
          },
          "pageLoadTime": {
            "median": 4891,
            "mean": 4847,
            "mdev": 41.6182,
            "stddev": 72,
            "min": 4745,
            "p10": 4745,
            "p90": 4904,
            "p99": 4904,
            "max": 4904
          },
          "redirectionTime": {
            "median": 500,
            "mean": 500,
            "mdev": 4.714,
            "stddev": 8,
            "min": 490,
            "p10": 490,
            "p90": 510,
            "p99": 510,
            "max": 510
          },
          "serverConnectionTime": {
            "median": 89,
            "mean": 98,
            "mdev": 7.7603,
            "stddev": 13,
            "min": 88,
            "p10": 88,
            "p90": 117,
            "p99": 117,
            "max": 117
          },
          "serverResponseTime": {
            "median": 0,
            "mean": 0,
            "mdev": 0,
            "stddev": 0,
            "min": 0,
            "p10": 0,
            "p90": 0,
            "p99": 0,
            "max": 0
          }
        },
        "rumSpeedIndex": {
          "median": 635,
          "mean": 632,
          "mdev": 3.9252,
          "stddev": 7,
          "min": 623,
          "p10": 623,
          "p90": 639,
          "p99": 639,
          "max": 639
        },
        "timeToContentfulPaint": {
          "median": 2323,
          "mean": 2300,
          "mdev": 24.9859,
          "stddev": 43,
          "min": 2239,
          "p10": 2239,
          "p90": 2337,
          "p99": 2337,
          "max": 2337
        },
        "timeToDomContentFlushed": {
          "median": 3720,
          "mean": 3677,
          "mdev": 53.1852,
          "stddev": 92,
          "min": 3549,
          "p10": 3549,
          "p90": 3762,
          "p99": 3762,
          "max": 3762
        },
        "userTimings": {
          "marks": {
            "app_boot": {
              "median": 5331,
              "mean": 5312,
              "mdev": 37.3767,
              "stddev": 65,
              "min": 5225,
              "p10": 5225,
              "p90": 5379,
              "p99": 5379,
              "max": 5379
            },
            "beforeRender": {
              "median": 7422,
              "mean": 7463,
              "mdev": 40.8353,
              "stddev": 71,
              "min": 7404,
              "p10": 7404,
              "p90": 7562,
              "p99": 7562,
              "max": 7562
            },
            "afterRender": {
              "median": 7718,
              "mean": 7769,
              "mdev": 43.3657,
              "stddev": 75,
              "min": 7715,
              "p10": 7715,
              "p90": 7875,
              "p99": 7875,
              "max": 7875
            }
          },
          "measures": {
            "Next.js-before-hydration": {
              "median": 5201,
              "mean": 5174,
              "mdev": 40.2767,
              "stddev": 70,
              "min": 5078,
              "p10": 5078,
              "p90": 5243,
              "p99": 5243,
              "max": 5243
            },
            "Page0Interactive": {
              "median": 3711,
              "mean": 3668,
              "mdev": 53.6304,
              "stddev": 93,
              "min": 3539,
              "p10": 3539,
              "p90": 3754,
              "p99": 3754,
              "max": 3754
            },
            "app_booted": {
              "median": 5331,
              "mean": 5312,
              "mdev": 37.3767,
              "stddev": 65,
              "min": 5225,
              "p10": 5225,
              "p90": 5379,
              "p99": 5379,
              "max": 5379
            },
            "Next.js-hydration": {
              "median": 2127,
              "mean": 2097,
              "mdev": 26.9307,
              "stddev": 47,
              "min": 2031,
              "p10": 2031,
              "p90": 2133,
              "p99": 2133,
              "max": 2133
            }
          }
        }
      }
    }
  }
]