[
  {
    "info": {
      "browsertime": {
        "version": "8.4.0"
      },
      "url": "http://eastday.com/",
      "timestamp": "2021-03-30T10:14:19+04:00",
      "connectivity": {
        "engine": "external",
        "profile": "native"
      },
      "extra": {}
    },
    "files": {
      "video": [],
      "screenshot": [],
      "timeline": [],
      "consoleLog": [],
      "netLog": [],
      "perfLog": []
    },
    "cdp": {
      "performance": []
    },
    "timestamps": [
      "2021-03-30T10:14:04+04:00",
      "2021-03-30T10:14:30+04:00",
      "2021-03-30T10:15:00+04:00"
    ],
    "browserScripts": [
      {
        "browser": {
          "appConstants": {
            "ACCESSIBILITY": true,
            "ANDROID_PACKAGE_NAME": "org.mozilla.firefox",
            "ASAN": false,
            "ASAN_REPORTER": false,
            "BROWSER_CHROME_URL": "chrome://browser/content/browser.xul",
            "DEBUG": false,
            "DEBUG_JS_MODULES": "",
            "DLL_PREFIX": "lib",
            "DLL_SUFFIX": ".so",
            "EARLY_BETA_OR_EARLIER": false,
            "FENNEC_NIGHTLY": false,
            "HAVE_SHELL_SERVICE": false,
            "HAVE_USR_LIB64_DIR": false,
            "MENUBAR_CAN_AUTOHIDE": false,
            "MOZILLA_OFFICIAL": true,
            "MOZ_ALLOW_LEGACY_EXTENSIONS": false,
            "MOZ_ANDROID_ACTIVITY_STREAM": false,
            "MOZ_ANDROID_HISTORY": true,
            "MOZ_ANDROID_MOZILLA_ONLINE": false,
            "MOZ_APP_NAME": "fennec",
            "MOZ_APP_VERSION": "68.1.1",
            "MOZ_APP_VERSION_DISPLAY": "68.1.1",
            "MOZ_BING_API_CLIENTID": "no-bing-api-clientid",
            "MOZ_BING_API_KEY": "no-bing-api-key",
            "MOZ_BITS_DOWNLOAD": false,
            "MOZ_BUILD_APP": "mobile/android",
            "MOZ_CODE_COVERAGE": false,
            "MOZ_CRASHREPORTER": true,
            "MOZ_DATA_REPORTING": true,
            "MOZ_DEV_EDITION": false,
            "MOZ_GECKO_PROFILER": true,
            "MOZ_GOOGLE_LOCATION_SERVICE_API_KEY": "AIzaSyB2h2OuRcUgy5N-5hsZqiPW6sH3n_rptiQ",
            "MOZ_GOOGLE_SAFEBROWSING_API_KEY": "AIzaSyC7jsptDS3am4tPx4r3nxis7IMjBc5Dovo",
            "MOZ_GRAPHENE": false,
            "MOZ_MACBUNDLE_NAME": "Firefox.app",
            "MOZ_MAINTENANCE_SERVICE": false,
            "MOZ_MOZILLA_API_KEY": "3b4d27dd-703d-4094-8398-4de2c763505a",
            "MOZ_NEW_CERT_STORAGE": false,
            "MOZ_NEW_NOTIFICATION_STORE": false,
            "MOZ_NEW_XULSTORE": false,
            "MOZ_OFFICIAL_BRANDING": false,
            "MOZ_PLACES": false,
            "MOZ_REQUIRE_SIGNING": false,
            "MOZ_SANDBOX": false,
            "MOZ_SERVICES_HEALTHREPORT": true,
            "MOZ_SERVICES_SYNC": false,
            "MOZ_SWITCHBOARD": true,
            "MOZ_SYSTEM_NSS": false,
            "MOZ_TELEMETRY_ON_BY_DEFAULT": false,
            "MOZ_TELEMETRY_REPORTING": true,
            "MOZ_UNSIGNED_SCOPES": 0,
            "MOZ_UPDATER": false,
            "MOZ_UPDATE_CHANNEL": "release",
            "MOZ_WEBRTC": true,
            "MOZ_WIDGET_GTK": false,
            "MOZ_WIDGET_TOOLKIT": "android",
            "NIGHTLY_BUILD": false,
            "OMNIJAR_NAME": "assets/omni.ja",
            "RELEASE_OR_BETA": true,
            "SOURCE_REVISION_URL": "https://hg.mozilla.org/releases/mozilla-esr68/rev/d2e0b9e17b9bc1ef02606c8006b73293f7892ad5",
            "TELEMETRY_PING_FORMAT_VERSION": 4,
            "XP_UNIX": true,
            "isPlatformAndVersionAtLeast": {},
            "isPlatformAndVersionAtMost": {},
            "platform": "android"
          },
          "asyncAppConstants": {
            "ACCESSIBILITY": true,
            "ANDROID_PACKAGE_NAME": "org.mozilla.firefox",
            "ASAN": false,
            "ASAN_REPORTER": false,
            "BROWSER_CHROME_URL": "chrome://browser/content/browser.xul",
            "DEBUG": false,
            "DEBUG_JS_MODULES": "",
            "DLL_PREFIX": "lib",
            "DLL_SUFFIX": ".so",
            "EARLY_BETA_OR_EARLIER": false,
            "FENNEC_NIGHTLY": false,
            "HAVE_SHELL_SERVICE": false,
            "HAVE_USR_LIB64_DIR": false,
            "MENUBAR_CAN_AUTOHIDE": false,
            "MOZILLA_OFFICIAL": true,
            "MOZ_ALLOW_LEGACY_EXTENSIONS": false,
            "MOZ_ANDROID_ACTIVITY_STREAM": false,
            "MOZ_ANDROID_HISTORY": true,
            "MOZ_ANDROID_MOZILLA_ONLINE": false,
            "MOZ_APP_NAME": "fennec",
            "MOZ_APP_VERSION": "68.1.1",
            "MOZ_APP_VERSION_DISPLAY": "68.1.1",
            "MOZ_BING_API_CLIENTID": "no-bing-api-clientid",
            "MOZ_BING_API_KEY": "no-bing-api-key",
            "MOZ_BITS_DOWNLOAD": false,
            "MOZ_BUILD_APP": "mobile/android",
            "MOZ_CODE_COVERAGE": false,
            "MOZ_CRASHREPORTER": true,
            "MOZ_DATA_REPORTING": true,
            "MOZ_DEV_EDITION": false,
            "MOZ_GECKO_PROFILER": true,
            "MOZ_GOOGLE_LOCATION_SERVICE_API_KEY": "AIzaSyB2h2OuRcUgy5N-5hsZqiPW6sH3n_rptiQ",
            "MOZ_GOOGLE_SAFEBROWSING_API_KEY": "AIzaSyC7jsptDS3am4tPx4r3nxis7IMjBc5Dovo",
            "MOZ_GRAPHENE": false,
            "MOZ_MACBUNDLE_NAME": "Firefox.app",
            "MOZ_MAINTENANCE_SERVICE": false,
            "MOZ_MOZILLA_API_KEY": "3b4d27dd-703d-4094-8398-4de2c763505a",
            "MOZ_NEW_CERT_STORAGE": false,
            "MOZ_NEW_NOTIFICATION_STORE": false,
            "MOZ_NEW_XULSTORE": false,
            "MOZ_OFFICIAL_BRANDING": false,
            "MOZ_PLACES": false,
            "MOZ_REQUIRE_SIGNING": false,
            "MOZ_SANDBOX": false,
            "MOZ_SERVICES_HEALTHREPORT": true,
            "MOZ_SERVICES_SYNC": false,
            "MOZ_SWITCHBOARD": true,
            "MOZ_SYSTEM_NSS": false,
            "MOZ_TELEMETRY_ON_BY_DEFAULT": false,
            "MOZ_TELEMETRY_REPORTING": true,
            "MOZ_UNSIGNED_SCOPES": 0,
            "MOZ_UPDATER": false,
            "MOZ_UPDATE_CHANNEL": "release",
            "MOZ_WEBRTC": true,
            "MOZ_WIDGET_GTK": false,
            "MOZ_WIDGET_TOOLKIT": "android",
            "NIGHTLY_BUILD": false,
            "OMNIJAR_NAME": "assets/omni.ja",
            "RELEASE_OR_BETA": true,
            "SOURCE_REVISION_URL": "https://hg.mozilla.org/releases/mozilla-esr68/rev/d2e0b9e17b9bc1ef02606c8006b73293f7892ad5",
            "TELEMETRY_PING_FORMAT_VERSION": 4,
            "XP_UNIX": true,
            "isPlatformAndVersionAtLeast": {},
            "isPlatformAndVersionAtMost": {},
            "platform": "android"
          },
          "userAgent": "Mozilla/5.0 (Android 8.1.0; Mobile; rv:68.0) Gecko/68.0 Firefox/68.0",
          "windowSize": "360x560"
        },
        "pageinfo": {
          "documentHeight": 560,
          "documentSize": {
            "decodedBodySize": 10637,
            "encodedBodySize": 4163,
            "transferSize": 4473
          },
          "documentTitle": "东方新闻",
          "documentWidth": 360,
          "domElements": 139,
          "navigationStartTime": 1617084848342,
          "nextHopProtocol": "http/1.1",
          "resources": {
            "count": 0,
            "duration": 0
          },
          "responsive": true,
          "url": "http://wap.eastday.com/",
          "visualElements": {
            "heroes": [
              {
                "filename": "about_us.png",
                "height": 62,
                "name": "LargestImage",
                "width": 98,
                "x": 262,
                "y": 378
              }
            ],
            "viewport": {
              "height": 560,
              "width": 360
            }
          }
        },
        "timings": {
          "firstPaint": 2660,
          "loadEventEnd": 5032,
          "navigationTiming": {
            "connectStart": 487,
            "domComplete": 5032,
            "domContentLoadedEventEnd": 4820,
            "domContentLoadedEventStart": 3693,
            "domInteractive": 3682,
            "domainLookupEnd": 487,
            "domainLookupStart": 487,
            "duration": 5032,
            "fetchStart": -1,
            "loadEventEnd": 5032,
            "loadEventStart": 5032,
            "redirectEnd": 0,
            "redirectStart": 0,
            "requestStart": 770,
            "responseEnd": 1052,
            "responseStart": 1052,
            "secureConnectionStart": 0,
            "startTime": 0,
            "unloadEventEnd": 0,
            "unloadEventStart": 0,
            "workerStart": 0
          },
          "pageTimings": {
            "backEndTime": 1052,
            "domContentLoadedTime": 3693,
            "domInteractiveTime": 3682,
            "domainLookupTime": 0,
            "frontEndTime": 3980,
            "pageDownloadTime": 0,
            "pageLoadTime": 5032,
            "redirectionTime": 0,
            "serverConnectionTime": 282,
            "serverResponseTime": 282
          },
          "rumSpeedIndex": 1051,
          "timeToContentfulPaint": 2714,
          "timeToDomContentFlushed": 3692,
          "timeToFirstInteractive": 4820,
          "userTimings": {
            "marks": [],
            "measures": []
          }
        }
      },
      {
        "browser": {
          "appConstants": {
            "ACCESSIBILITY": true,
            "ANDROID_PACKAGE_NAME": "org.mozilla.firefox",
            "ASAN": false,
            "ASAN_REPORTER": false,
            "BROWSER_CHROME_URL": "chrome://browser/content/browser.xul",
            "DEBUG": false,
            "DEBUG_JS_MODULES": "",
            "DLL_PREFIX": "lib",
            "DLL_SUFFIX": ".so",
            "EARLY_BETA_OR_EARLIER": false,
            "FENNEC_NIGHTLY": false,
            "HAVE_SHELL_SERVICE": false,
            "HAVE_USR_LIB64_DIR": false,
            "MENUBAR_CAN_AUTOHIDE": false,
            "MOZILLA_OFFICIAL": true,
            "MOZ_ALLOW_LEGACY_EXTENSIONS": false,
            "MOZ_ANDROID_ACTIVITY_STREAM": false,
            "MOZ_ANDROID_HISTORY": true,
            "MOZ_ANDROID_MOZILLA_ONLINE": false,
            "MOZ_APP_NAME": "fennec",
            "MOZ_APP_VERSION": "68.1.1",
            "MOZ_APP_VERSION_DISPLAY": "68.1.1",
            "MOZ_BING_API_CLIENTID": "no-bing-api-clientid",
            "MOZ_BING_API_KEY": "no-bing-api-key",
            "MOZ_BITS_DOWNLOAD": false,
            "MOZ_BUILD_APP": "mobile/android",
            "MOZ_CODE_COVERAGE": false,
            "MOZ_CRASHREPORTER": true,
            "MOZ_DATA_REPORTING": true,
            "MOZ_DEV_EDITION": false,
            "MOZ_GECKO_PROFILER": true,
            "MOZ_GOOGLE_LOCATION_SERVICE_API_KEY": "AIzaSyB2h2OuRcUgy5N-5hsZqiPW6sH3n_rptiQ",
            "MOZ_GOOGLE_SAFEBROWSING_API_KEY": "AIzaSyC7jsptDS3am4tPx4r3nxis7IMjBc5Dovo",
            "MOZ_GRAPHENE": false,
            "MOZ_MACBUNDLE_NAME": "Firefox.app",
            "MOZ_MAINTENANCE_SERVICE": false,
            "MOZ_MOZILLA_API_KEY": "3b4d27dd-703d-4094-8398-4de2c763505a",
            "MOZ_NEW_CERT_STORAGE": false,
            "MOZ_NEW_NOTIFICATION_STORE": false,
            "MOZ_NEW_XULSTORE": false,
            "MOZ_OFFICIAL_BRANDING": false,
            "MOZ_PLACES": false,
            "MOZ_REQUIRE_SIGNING": false,
            "MOZ_SANDBOX": false,
            "MOZ_SERVICES_HEALTHREPORT": true,
            "MOZ_SERVICES_SYNC": false,
            "MOZ_SWITCHBOARD": true,
            "MOZ_SYSTEM_NSS": false,
            "MOZ_TELEMETRY_ON_BY_DEFAULT": false,
            "MOZ_TELEMETRY_REPORTING": true,
            "MOZ_UNSIGNED_SCOPES": 0,
            "MOZ_UPDATER": false,
            "MOZ_UPDATE_CHANNEL": "release",
            "MOZ_WEBRTC": true,
            "MOZ_WIDGET_GTK": false,
            "MOZ_WIDGET_TOOLKIT": "android",
            "NIGHTLY_BUILD": false,
            "OMNIJAR_NAME": "assets/omni.ja",
            "RELEASE_OR_BETA": true,
            "SOURCE_REVISION_URL": "https://hg.mozilla.org/releases/mozilla-esr68/rev/d2e0b9e17b9bc1ef02606c8006b73293f7892ad5",
            "TELEMETRY_PING_FORMAT_VERSION": 4,
            "XP_UNIX": true,
            "isPlatformAndVersionAtLeast": {},
            "isPlatformAndVersionAtMost": {},
            "platform": "android"
          },
          "asyncAppConstants": {
            "ACCESSIBILITY": true,
            "ANDROID_PACKAGE_NAME": "org.mozilla.firefox",
            "ASAN": false,
            "ASAN_REPORTER": false,
            "BROWSER_CHROME_URL": "chrome://browser/content/browser.xul",
            "DEBUG": false,
            "DEBUG_JS_MODULES": "",
            "DLL_PREFIX": "lib",
            "DLL_SUFFIX": ".so",
            "EARLY_BETA_OR_EARLIER": false,
            "FENNEC_NIGHTLY": false,
            "HAVE_SHELL_SERVICE": false,
            "HAVE_USR_LIB64_DIR": false,
            "MENUBAR_CAN_AUTOHIDE": false,
            "MOZILLA_OFFICIAL": true,
            "MOZ_ALLOW_LEGACY_EXTENSIONS": false,
            "MOZ_ANDROID_ACTIVITY_STREAM": false,
            "MOZ_ANDROID_HISTORY": true,
            "MOZ_ANDROID_MOZILLA_ONLINE": false,
            "MOZ_APP_NAME": "fennec",
            "MOZ_APP_VERSION": "68.1.1",
            "MOZ_APP_VERSION_DISPLAY": "68.1.1",
            "MOZ_BING_API_CLIENTID": "no-bing-api-clientid",
            "MOZ_BING_API_KEY": "no-bing-api-key",
            "MOZ_BITS_DOWNLOAD": false,
            "MOZ_BUILD_APP": "mobile/android",
            "MOZ_CODE_COVERAGE": false,
            "MOZ_CRASHREPORTER": true,
            "MOZ_DATA_REPORTING": true,
            "MOZ_DEV_EDITION": false,
            "MOZ_GECKO_PROFILER": true,
            "MOZ_GOOGLE_LOCATION_SERVICE_API_KEY": "AIzaSyB2h2OuRcUgy5N-5hsZqiPW6sH3n_rptiQ",
            "MOZ_GOOGLE_SAFEBROWSING_API_KEY": "AIzaSyC7jsptDS3am4tPx4r3nxis7IMjBc5Dovo",
            "MOZ_GRAPHENE": false,
            "MOZ_MACBUNDLE_NAME": "Firefox.app",
            "MOZ_MAINTENANCE_SERVICE": false,
            "MOZ_MOZILLA_API_KEY": "3b4d27dd-703d-4094-8398-4de2c763505a",
            "MOZ_NEW_CERT_STORAGE": false,
            "MOZ_NEW_NOTIFICATION_STORE": false,
            "MOZ_NEW_XULSTORE": false,
            "MOZ_OFFICIAL_BRANDING": false,
            "MOZ_PLACES": false,
            "MOZ_REQUIRE_SIGNING": false,
            "MOZ_SANDBOX": false,
            "MOZ_SERVICES_HEALTHREPORT": true,
            "MOZ_SERVICES_SYNC": false,
            "MOZ_SWITCHBOARD": true,
            "MOZ_SYSTEM_NSS": false,
            "MOZ_TELEMETRY_ON_BY_DEFAULT": false,
            "MOZ_TELEMETRY_REPORTING": true,
            "MOZ_UNSIGNED_SCOPES": 0,
            "MOZ_UPDATER": false,
            "MOZ_UPDATE_CHANNEL": "release",
            "MOZ_WEBRTC": true,
            "MOZ_WIDGET_GTK": false,
            "MOZ_WIDGET_TOOLKIT": "android",
            "NIGHTLY_BUILD": false,
            "OMNIJAR_NAME": "assets/omni.ja",
            "RELEASE_OR_BETA": true,
            "SOURCE_REVISION_URL": "https://hg.mozilla.org/releases/mozilla-esr68/rev/d2e0b9e17b9bc1ef02606c8006b73293f7892ad5",
            "TELEMETRY_PING_FORMAT_VERSION": 4,
            "XP_UNIX": true,
            "isPlatformAndVersionAtLeast": {},
            "isPlatformAndVersionAtMost": {},
            "platform": "android"
          },
          "userAgent": "Mozilla/5.0 (Android 8.1.0; Mobile; rv:68.0) Gecko/68.0 Firefox/68.0",
          "windowSize": "360x560"
        },
        "pageinfo": {
          "documentHeight": 4083,
          "documentSize": {
            "decodedBodySize": 10637,
            "encodedBodySize": 4163,
            "transferSize": 4473
          },
          "documentTitle": "东方新闻",
          "documentWidth": 360,
          "domElements": 372,
          "navigationStartTime": 1617084872711,
          "nextHopProtocol": "http/1.1",
          "resources": {
            "count": 0,
            "duration": 0
          },
          "responsive": true,
          "url": "http://wap.eastday.com/",
          "visualElements": {
            "heroes": [
              {
                "filename": "347",
                "height": 74,
                "name": "LargestImage",
                "width": 110,
                "x": 230,
                "y": 227
              },
              {
                "filename": null,
                "height": 48,
                "name": "Heading",
                "width": 206,
                "x": 19,
                "y": 339
              }
            ],
            "viewport": {
              "height": 560,
              "width": 360
            }
          }
        },
        "timings": {
          "firstPaint": 5408,
          "loadEventEnd": 9196,
          "navigationTiming": {
            "connectStart": 574,
            "domComplete": 9195,
            "domContentLoadedEventEnd": 9036,
            "domContentLoadedEventStart": 6633,
            "domInteractive": 6619,
            "domainLookupEnd": 574,
            "domainLookupStart": 574,
            "duration": 9196,
            "fetchStart": -1,
            "loadEventEnd": 9196,
            "loadEventStart": 9195,
            "redirectEnd": 0,
            "redirectStart": 0,
            "requestStart": 853,
            "responseEnd": 1423,
            "responseStart": 1422,
            "secureConnectionStart": 0,
            "startTime": 0,
            "unloadEventEnd": 0,
            "unloadEventStart": 0,
            "workerStart": 0
          },
          "pageTimings": {
            "backEndTime": 1422,
            "domContentLoadedTime": 6633,
            "domInteractiveTime": 6619,
            "domainLookupTime": 0,
            "frontEndTime": 7773,
            "pageDownloadTime": 0,
            "pageLoadTime": 9195,
            "redirectionTime": 0,
            "serverConnectionTime": 278,
            "serverResponseTime": 570
          },
          "rumSpeedIndex": 1422,
          "timeToContentfulPaint": 5450,
          "timeToDomContentFlushed": 6628,
          "userTimings": {
            "marks": [],
            "measures": []
          }
        }
      },
      {
        "browser": {
          "appConstants": {
            "ACCESSIBILITY": true,
            "ANDROID_PACKAGE_NAME": "org.mozilla.firefox",
            "ASAN": false,
            "ASAN_REPORTER": false,
            "BROWSER_CHROME_URL": "chrome://browser/content/browser.xul",
            "DEBUG": false,
            "DEBUG_JS_MODULES": "",
            "DLL_PREFIX": "lib",
            "DLL_SUFFIX": ".so",
            "EARLY_BETA_OR_EARLIER": false,
            "FENNEC_NIGHTLY": false,
            "HAVE_SHELL_SERVICE": false,
            "HAVE_USR_LIB64_DIR": false,
            "MENUBAR_CAN_AUTOHIDE": false,
            "MOZILLA_OFFICIAL": true,
            "MOZ_ALLOW_LEGACY_EXTENSIONS": false,
            "MOZ_ANDROID_ACTIVITY_STREAM": false,
            "MOZ_ANDROID_HISTORY": true,
            "MOZ_ANDROID_MOZILLA_ONLINE": false,
            "MOZ_APP_NAME": "fennec",
            "MOZ_APP_VERSION": "68.1.1",
            "MOZ_APP_VERSION_DISPLAY": "68.1.1",
            "MOZ_BING_API_CLIENTID": "no-bing-api-clientid",
            "MOZ_BING_API_KEY": "no-bing-api-key",
            "MOZ_BITS_DOWNLOAD": false,
            "MOZ_BUILD_APP": "mobile/android",
            "MOZ_CODE_COVERAGE": false,
            "MOZ_CRASHREPORTER": true,
            "MOZ_DATA_REPORTING": true,
            "MOZ_DEV_EDITION": false,
            "MOZ_GECKO_PROFILER": true,
            "MOZ_GOOGLE_LOCATION_SERVICE_API_KEY": "AIzaSyB2h2OuRcUgy5N-5hsZqiPW6sH3n_rptiQ",
            "MOZ_GOOGLE_SAFEBROWSING_API_KEY": "AIzaSyC7jsptDS3am4tPx4r3nxis7IMjBc5Dovo",
            "MOZ_GRAPHENE": false,
            "MOZ_MACBUNDLE_NAME": "Firefox.app",
            "MOZ_MAINTENANCE_SERVICE": false,
            "MOZ_MOZILLA_API_KEY": "3b4d27dd-703d-4094-8398-4de2c763505a",
            "MOZ_NEW_CERT_STORAGE": false,
            "MOZ_NEW_NOTIFICATION_STORE": false,
            "MOZ_NEW_XULSTORE": false,
            "MOZ_OFFICIAL_BRANDING": false,
            "MOZ_PLACES": false,
            "MOZ_REQUIRE_SIGNING": false,
            "MOZ_SANDBOX": false,
            "MOZ_SERVICES_HEALTHREPORT": true,
            "MOZ_SERVICES_SYNC": false,
            "MOZ_SWITCHBOARD": true,
            "MOZ_SYSTEM_NSS": false,
            "MOZ_TELEMETRY_ON_BY_DEFAULT": false,
            "MOZ_TELEMETRY_REPORTING": true,
            "MOZ_UNSIGNED_SCOPES": 0,
            "MOZ_UPDATER": false,
            "MOZ_UPDATE_CHANNEL": "release",
            "MOZ_WEBRTC": true,
            "MOZ_WIDGET_GTK": false,
            "MOZ_WIDGET_TOOLKIT": "android",
            "NIGHTLY_BUILD": false,
            "OMNIJAR_NAME": "assets/omni.ja",
            "RELEASE_OR_BETA": true,
            "SOURCE_REVISION_URL": "https://hg.mozilla.org/releases/mozilla-esr68/rev/d2e0b9e17b9bc1ef02606c8006b73293f7892ad5",
            "TELEMETRY_PING_FORMAT_VERSION": 4,
            "XP_UNIX": true,
            "isPlatformAndVersionAtLeast": {},
            "isPlatformAndVersionAtMost": {},
            "platform": "android"
          },
          "asyncAppConstants": {
            "ACCESSIBILITY": true,
            "ANDROID_PACKAGE_NAME": "org.mozilla.firefox",
            "ASAN": false,
            "ASAN_REPORTER": false,
            "BROWSER_CHROME_URL": "chrome://browser/content/browser.xul",
            "DEBUG": false,
            "DEBUG_JS_MODULES": "",
            "DLL_PREFIX": "lib",
            "DLL_SUFFIX": ".so",
            "EARLY_BETA_OR_EARLIER": false,
            "FENNEC_NIGHTLY": false,
            "HAVE_SHELL_SERVICE": false,
            "HAVE_USR_LIB64_DIR": false,
            "MENUBAR_CAN_AUTOHIDE": false,
            "MOZILLA_OFFICIAL": true,
            "MOZ_ALLOW_LEGACY_EXTENSIONS": false,
            "MOZ_ANDROID_ACTIVITY_STREAM": false,
            "MOZ_ANDROID_HISTORY": true,
            "MOZ_ANDROID_MOZILLA_ONLINE": false,
            "MOZ_APP_NAME": "fennec",
            "MOZ_APP_VERSION": "68.1.1",
            "MOZ_APP_VERSION_DISPLAY": "68.1.1",
            "MOZ_BING_API_CLIENTID": "no-bing-api-clientid",
            "MOZ_BING_API_KEY": "no-bing-api-key",
            "MOZ_BITS_DOWNLOAD": false,
            "MOZ_BUILD_APP": "mobile/android",
            "MOZ_CODE_COVERAGE": false,
            "MOZ_CRASHREPORTER": true,
            "MOZ_DATA_REPORTING": true,
            "MOZ_DEV_EDITION": false,
            "MOZ_GECKO_PROFILER": true,
            "MOZ_GOOGLE_LOCATION_SERVICE_API_KEY": "AIzaSyB2h2OuRcUgy5N-5hsZqiPW6sH3n_rptiQ",
            "MOZ_GOOGLE_SAFEBROWSING_API_KEY": "AIzaSyC7jsptDS3am4tPx4r3nxis7IMjBc5Dovo",
            "MOZ_GRAPHENE": false,
            "MOZ_MACBUNDLE_NAME": "Firefox.app",
            "MOZ_MAINTENANCE_SERVICE": false,
            "MOZ_MOZILLA_API_KEY": "3b4d27dd-703d-4094-8398-4de2c763505a",
            "MOZ_NEW_CERT_STORAGE": false,
            "MOZ_NEW_NOTIFICATION_STORE": false,
            "MOZ_NEW_XULSTORE": false,
            "MOZ_OFFICIAL_BRANDING": false,
            "MOZ_PLACES": false,
            "MOZ_REQUIRE_SIGNING": false,
            "MOZ_SANDBOX": false,
            "MOZ_SERVICES_HEALTHREPORT": true,
            "MOZ_SERVICES_SYNC": false,
            "MOZ_SWITCHBOARD": true,
            "MOZ_SYSTEM_NSS": false,
            "MOZ_TELEMETRY_ON_BY_DEFAULT": false,
            "MOZ_TELEMETRY_REPORTING": true,
            "MOZ_UNSIGNED_SCOPES": 0,
            "MOZ_UPDATER": false,
            "MOZ_UPDATE_CHANNEL": "release",
            "MOZ_WEBRTC": true,
            "MOZ_WIDGET_GTK": false,
            "MOZ_WIDGET_TOOLKIT": "android",
            "NIGHTLY_BUILD": false,
            "OMNIJAR_NAME": "assets/omni.ja",
            "RELEASE_OR_BETA": true,
            "SOURCE_REVISION_URL": "https://hg.mozilla.org/releases/mozilla-esr68/rev/d2e0b9e17b9bc1ef02606c8006b73293f7892ad5",
            "TELEMETRY_PING_FORMAT_VERSION": 4,
            "XP_UNIX": true,
            "isPlatformAndVersionAtLeast": {},
            "isPlatformAndVersionAtMost": {},
            "platform": "android"
          },
          "userAgent": "Mozilla/5.0 (Android 8.1.0; Mobile; rv:68.0) Gecko/68.0 Firefox/68.0",
          "windowSize": "360x560"
        },
        "pageinfo": {
          "documentHeight": 560,
          "documentSize": {
            "decodedBodySize": 10637,
            "encodedBodySize": 4163,
            "transferSize": 4473
          },
          "documentTitle": "东方新闻",
          "documentWidth": 360,
          "domElements": 171,
          "navigationStartTime": 1617084903486,
          "nextHopProtocol": "http/1.1",
          "resources": {
            "count": 0,
            "duration": 0
          },
          "responsive": true,
          "url": "http://wap.eastday.com/",
          "visualElements": {
            "heroes": [
              {
                "filename": "about_us.png",
                "height": 62,
                "name": "LargestImage",
                "width": 98,
                "x": 262,
                "y": 378
              }
            ],
            "viewport": {
              "height": 560,
              "width": 360
            }
          }
        },
        "timings": {
          "firstPaint": 2935,
          "loadEventEnd": 5721,
          "navigationTiming": {
            "connectStart": 479,
            "domComplete": 5720,
            "domContentLoadedEventEnd": 5377,
            "domContentLoadedEventStart": 4184,
            "domInteractive": 4173,
            "domainLookupEnd": 479,
            "domainLookupStart": 479,
            "duration": 5721,
            "fetchStart": -1,
            "loadEventEnd": 5721,
            "loadEventStart": 5720,
            "redirectEnd": 0,
            "redirectStart": 0,
            "requestStart": 791,
            "responseEnd": 1069,
            "responseStart": 1069,
            "secureConnectionStart": 0,
            "startTime": 0,
            "unloadEventEnd": 0,
            "unloadEventStart": 0,
            "workerStart": 0
          },
          "pageTimings": {
            "backEndTime": 1069,
            "domContentLoadedTime": 4184,
            "domInteractiveTime": 4173,
            "domainLookupTime": 0,
            "frontEndTime": 4651,
            "pageDownloadTime": 0,
            "pageLoadTime": 5720,
            "redirectionTime": 0,
            "serverConnectionTime": 312,
            "serverResponseTime": 278
          },
          "rumSpeedIndex": 1068,
          "timeToContentfulPaint": 2987,
          "timeToDomContentFlushed": 4184,
          "userTimings": {
            "marks": [],
            "measures": []
          }
        }
      }
    ],
    "visualMetrics": [],
    "cpu": [],
    "extras": [
      {},
      {},
      {}
    ],
    "fullyLoaded": [],
    "errors": [
      [],
      [],
      []
    ],
    "statistics": {
      "browser": {
        "appConstants": {
          "MOZ_UNSIGNED_SCOPES": {
            "median": 0,
            "mean": 0,
            "mdev": 0,
            "stddev": 0,
            "min": 0,
            "p10": 0,
            "p90": 0,
            "p99": 0,
            "max": 0
          },
          "TELEMETRY_PING_FORMAT_VERSION": {
            "median": 4,
            "mean": 4,
            "mdev": 0,
            "stddev": 0,
            "min": 4,
            "p10": 4,
            "p90": 4,
            "p99": 4,
            "max": 4
          }
        },
        "asyncAppConstants": {
          "MOZ_UNSIGNED_SCOPES": {
            "median": 0,
            "mean": 0,
            "mdev": 0,
            "stddev": 0,
            "min": 0,
            "p10": 0,
            "p90": 0,
            "p99": 0,
            "max": 0
          },
          "TELEMETRY_PING_FORMAT_VERSION": {
            "median": 4,
            "mean": 4,
            "mdev": 0,
            "stddev": 0,
            "min": 4,
            "p10": 4,
            "p90": 4,
            "p99": 4,
            "max": 4
          }
        }
      },
      "pageinfo": {
        "documentHeight": {
          "median": 560,
          "mean": 1734,
          "mdev": 958.8392,
          "stddev": 1661,
          "min": 560,
          "p10": 560,
          "p90": 4083,
          "p99": 4083,
          "max": 4083
        },
        "documentSize": {
          "decodedBodySize": {
            "median": 10637,
            "mean": 10637,
            "mdev": 0,
            "stddev": 0,
            "min": 10637,
            "p10": 10637,
            "p90": 10637,
            "p99": 10637,
            "max": 10637
          },
          "encodedBodySize": {
            "median": 4163,
            "mean": 4163,
            "mdev": 0,
            "stddev": 0,
            "min": 4163,
            "p10": 4163,
            "p90": 4163,
            "p99": 4163,
            "max": 4163
          },
          "transferSize": {
            "median": 4473,
            "mean": 4473,
            "mdev": 0,
            "stddev": 0,
            "min": 4473,
            "p10": 4473,
            "p90": 4473,
            "p99": 4473,
            "max": 4473
          }
        },
        "documentWidth": {
          "median": 360,
          "mean": 360,
          "mdev": 0,
          "stddev": 0,
          "min": 360,
          "p10": 360,
          "p90": 360,
          "p99": 360,
          "max": 360
        },
        "domElements": {
          "median": 171,
          "mean": 227,
          "mdev": 59.5396,
          "stddev": 103,
          "min": 139,
          "p10": 139,
          "p90": 372,
          "p99": 372,
          "max": 372
        },
        "navigationStartTime": {
          "median": 1617084872711,
          "mean": 1617084874846,
          "mdev": 0,
          "stddev": 0,
          "min": 1617084848342,
          "p10": 1617084848342,
          "p90": 1617084903486,
          "p99": 1617084903486,
          "max": 1617084903486
        },
        "resources": {
          "count": {
            "median": 0,
            "mean": 0,
            "mdev": 0,
            "stddev": 0,
            "min": 0,
            "p10": 0,
            "p90": 0,
            "p99": 0,
            "max": 0
          },
          "duration": {
            "median": 0,
            "mean": 0,
            "mdev": 0,
            "stddev": 0,
            "min": 0,
            "p10": 0,
            "p90": 0,
            "p99": 0,
            "max": 0
          }
        },
        "visualElements": {
          "heroes": [
            {
              "height": {
                "median": 62,
                "mean": 66,
                "mdev": 3.266,
                "stddev": 6,
                "min": 62,
                "p10": 62,
                "p90": 74,
                "p99": 74,
                "max": 74
              },
              "width": {
                "median": 98,
                "mean": 102,
                "mdev": 3.266,
                "stddev": 6,
                "min": 98,
                "p10": 98,
                "p90": 110,
                "p99": 110,
                "max": 110
              },
              "x": {
                "median": 262,
                "mean": 251,
                "mdev": 8.7093,
                "stddev": 15,
                "min": 230,
                "p10": 230,
                "p90": 262,
                "p99": 262,
                "max": 262
              },
              "y": {
                "median": 378,
                "mean": 328,
                "mdev": 41.097,
                "stddev": 71,
                "min": 227,
                "p10": 227,
                "p90": 378,
                "p99": 378,
                "max": 378
              },
              "filename": {
                "median": 347,
                "mean": 347,
                "mdev": 0,
                "stddev": 0,
                "min": 347,
                "p10": 347,
                "p90": 347,
                "p99": 347,
                "max": 347
              }
            },
            {
              "height": {
                "median": 48,
                "mean": 48,
                "mdev": 0,
                "stddev": 0,
                "min": 48,
                "p10": 48,
                "p90": 48,
                "p99": 48,
                "max": 48
              },
              "width": {
                "median": 206,
                "mean": 206,
                "mdev": 0,
                "stddev": 0,
                "min": 206,
                "p10": 206,
                "p90": 206,
                "p99": 206,
                "max": 206
              },
              "x": {
                "median": 19,
                "mean": 19,
                "mdev": 0,
                "stddev": 0,
                "min": 19,
                "p10": 19,
                "p90": 19,
                "p99": 19,
                "max": 19
              },
              "y": {
                "median": 339,
                "mean": 339,
                "mdev": 0,
                "stddev": 0,
                "min": 339,
                "p10": 339,
                "p90": 339,
                "p99": 339,
                "max": 339
              }
            }
          ],
          "viewport": {
            "height": {
              "median": 560,
              "mean": 560,
              "mdev": 0,
              "stddev": 0,
              "min": 560,
              "p10": 560,
              "p90": 560,
              "p99": 560,
              "max": 560
            },
            "width": {
              "median": 360,
              "mean": 360,
              "mdev": 0,
              "stddev": 0,
              "min": 360,
              "p10": 360,
              "p90": 360,
              "p99": 360,
              "max": 360
            }
          }
        }
      },
      "timings": {
        "firstPaint": {
          "median": 2935,
          "mean": 3668,
          "mdev": 713.4387,
          "stddev": 1236,
          "min": 2660,
          "p10": 2660,
          "p90": 5408,
          "p99": 5408,
          "max": 5408
        },
        "loadEventEnd": {
          "median": 5721,
          "mean": 6650,
          "mdev": 1052.1449,
          "stddev": 1822,
          "min": 5032,
          "p10": 5032,
          "p90": 9196,
          "p99": 9196,
          "max": 9196
        },
        "navigationTiming": {
          "connectStart": {
            "median": 487,
            "mean": 513,
            "mdev": 24.8387,
            "stddev": 43,
            "min": 479,
            "p10": 479,
            "p90": 574,
            "p99": 574,
            "max": 574
          },
          "domComplete": {
            "median": 5720,
            "mean": 6649,
            "mdev": 1051.9741,
            "stddev": 1822,
            "min": 5032,
            "p10": 5032,
            "p90": 9195,
            "p99": 9195,
            "max": 9195
          },
          "domContentLoadedEventEnd": {
            "median": 5377,
            "mean": 6411,
            "mdev": 1079.6636,
            "stddev": 1870,
            "min": 4820,
            "p10": 4820,
            "p90": 9036,
            "p99": 9036,
            "max": 9036
          },
          "domContentLoadedEventStart": {
            "median": 4184,
            "mean": 4837,
            "mdev": 742.4255,
            "stddev": 1286,
            "min": 3693,
            "p10": 3693,
            "p90": 6633,
            "p99": 6633,
            "max": 6633
          },
          "domInteractive": {
            "median": 4173,
            "mean": 4825,
            "mdev": 741.619,
            "stddev": 1285,
            "min": 3682,
            "p10": 3682,
            "p90": 6619,
            "p99": 6619,
            "max": 6619
          },
          "domainLookupEnd": {
            "median": 487,
            "mean": 513,
            "mdev": 24.8387,
            "stddev": 43,
            "min": 479,
            "p10": 479,
            "p90": 574,
            "p99": 574,
            "max": 574
          },
          "domainLookupStart": {
            "median": 487,
            "mean": 513,
            "mdev": 24.8387,
            "stddev": 43,
            "min": 479,
            "p10": 479,
            "p90": 574,
            "p99": 574,
            "max": 574
          },
          "duration": {
            "median": 5721,
            "mean": 6650,
            "mdev": 1052.1449,
            "stddev": 1822,
            "min": 5032,
            "p10": 5032,
            "p90": 9196,
            "p99": 9196,
            "max": 9196
          },
          "fetchStart": {
            "median": -1,
            "mean": -1,
            "mdev": 0,
            "stddev": 0,
            "min": -1,
            "p10": -1,
            "p90": -1,
            "p99": -1,
            "max": -1
          },
          "loadEventEnd": {
            "median": 5721,
            "mean": 6650,
            "mdev": 1052.1449,
            "stddev": 1822,
            "min": 5032,
            "p10": 5032,
            "p90": 9196,
            "p99": 9196,
            "max": 9196
          },
          "loadEventStart": {
            "median": 5720,
            "mean": 6649,
            "mdev": 1051.9741,
            "stddev": 1822,
            "min": 5032,
            "p10": 5032,
            "p90": 9195,
            "p99": 9195,
            "max": 9195
          },
          "redirectEnd": {
            "median": 0,
            "mean": 0,
            "mdev": 0,
            "stddev": 0,
            "min": 0,
            "p10": 0,
            "p90": 0,
            "p99": 0,
            "max": 0
          },
          "redirectStart": {
            "median": 0,
            "mean": 0,
            "mdev": 0,
            "stddev": 0,
            "min": 0,
            "p10": 0,
            "p90": 0,
            "p99": 0,
            "max": 0
          },
          "requestStart": {
            "median": 791,
            "mean": 805,
            "mdev": 20.3433,
            "stddev": 35,
            "min": 770,
            "p10": 770,
            "p90": 853,
            "p99": 853,
            "max": 853
          },
          "responseEnd": {
            "median": 1069,
            "mean": 1181,
            "mdev": 98.7413,
            "stddev": 171,
            "min": 1052,
            "p10": 1052,
            "p90": 1423,
            "p99": 1423,
            "max": 1423
          },
          "responseStart": {
            "median": 1069,
            "mean": 1181,
            "mdev": 98.4694,
            "stddev": 171,
            "min": 1052,
            "p10": 1052,
            "p90": 1422,
            "p99": 1422,
            "max": 1422
          },
          "secureConnectionStart": {
            "median": 0,
            "mean": 0,
            "mdev": 0,
            "stddev": 0,
            "min": 0,
            "p10": 0,
            "p90": 0,
            "p99": 0,
            "max": 0
          },
          "startTime": {
            "median": 0,
            "mean": 0,
            "mdev": 0,
            "stddev": 0,
            "min": 0,
            "p10": 0,
            "p90": 0,
            "p99": 0,
            "max": 0
          },
          "unloadEventEnd": {
            "median": 0,
            "mean": 0,
            "mdev": 0,
            "stddev": 0,
            "min": 0,
            "p10": 0,
            "p90": 0,
            "p99": 0,
            "max": 0
          },
          "unloadEventStart": {
            "median": 0,
            "mean": 0,
            "mdev": 0,
            "stddev": 0,
            "min": 0,
            "p10": 0,
            "p90": 0,
            "p99": 0,
            "max": 0
          },
          "workerStart": {
            "median": 0,
            "mean": 0,
            "mdev": 0,
            "stddev": 0,
            "min": 0,
            "p10": 0,
            "p90": 0,
            "p99": 0,
            "max": 0
          }
        },
        "pageTimings": {
          "backEndTime": {
            "median": 1069,
            "mean": 1181,
            "mdev": 98.4694,
            "stddev": 171,
            "min": 1052,
            "p10": 1052,
            "p90": 1422,
            "p99": 1422,
            "max": 1422
          },
          "domContentLoadedTime": {
            "median": 4184,
            "mean": 4837,
            "mdev": 742.4255,
            "stddev": 1286,
            "min": 3693,
            "p10": 3693,
            "p90": 6633,
            "p99": 6633,
            "max": 6633
          },
          "domInteractiveTime": {
            "median": 4173,
            "mean": 4825,
            "mdev": 741.619,
            "stddev": 1285,
            "min": 3682,
            "p10": 3682,
            "p90": 6619,
            "p99": 6619,
            "max": 6619
          },
          "domainLookupTime": {
            "median": 0,
            "mean": 0,
            "mdev": 0,
            "stddev": 0,
            "min": 0,
            "p10": 0,
            "p90": 0,
            "p99": 0,
            "max": 0
          },
          "frontEndTime": {
            "median": 4651,
            "mean": 5468,
            "mdev": 954.2104,
            "stddev": 1653,
            "min": 3980,
            "p10": 3980,
            "p90": 7773,
            "p99": 7773,
            "max": 7773
          },
          "pageDownloadTime": {
            "median": 0,
            "mean": 0,
            "mdev": 0,
            "stddev": 0,
            "min": 0,
            "p10": 0,
            "p90": 0,
            "p99": 0,
            "max": 0
          },
          "pageLoadTime": {
            "median": 5720,
            "mean": 6649,
            "mdev": 1051.9741,
            "stddev": 1822,
            "min": 5032,
            "p10": 5032,
            "p90": 9195,
            "p99": 9195,
            "max": 9195
          },
          "redirectionTime": {
            "median": 0,
            "mean": 0,
            "mdev": 0,
            "stddev": 0,
            "min": 0,
            "p10": 0,
            "p90": 0,
            "p99": 0,
            "max": 0
          },
          "serverConnectionTime": {
            "median": 282,
            "mean": 291,
            "mdev": 8.7602,
            "stddev": 15,
            "min": 278,
            "p10": 278,
            "p90": 312,
            "p99": 312,
            "max": 312
          },
          "serverResponseTime": {
            "median": 282,
            "mean": 377,
            "mdev": 78.9336,
            "stddev": 137,
            "min": 278,
            "p10": 278,
            "p90": 570,
            "p99": 570,
            "max": 570
          }
        },
        "rumSpeedIndex": {
          "median": 1068,
          "mean": 1180,
          "mdev": 98.7413,
          "stddev": 171,
          "min": 1051,
          "p10": 1051,
          "p90": 1422,
          "p99": 1422,
          "max": 1422
        },
        "timeToContentfulPaint": {
          "median": 2987,
          "mean": 3717,
          "mdev": 710.4144,
          "stddev": 1230,
          "min": 2714,
          "p10": 2714,
          "p90": 5450,
          "p99": 5450,
          "max": 5450
        },
        "timeToDomContentFlushed": {
          "median": 4184,
          "mean": 4835,
          "mdev": 741.2526,
          "stddev": 1284,
          "min": 3692,
          "p10": 3692,
          "p90": 6628,
          "p99": 6628,
          "max": 6628
        },
        "timeToFirstInteractive": {
          "median": 4820,
          "mean": 4820,
          "mdev": 0,
          "stddev": 0,
          "min": 4820,
          "p10": 4820,
          "p90": 4820,
          "p99": 4820,
          "max": 4820
        }
      }
    }
  }
]