[
  {
    "info": {
      "browsertime": {
        "version": "8.4.0"
      },
      "url": "https://www.cricbuzz.com/",
      "timestamp": "2021-03-30T21:35:06+04:00",
      "connectivity": {
        "engine": "external",
        "profile": "native"
      },
      "extra": {}
    },
    "files": {
      "video": [],
      "screenshot": [],
      "timeline": [],
      "consoleLog": [],
      "netLog": [],
      "perfLog": []
    },
    "cdp": {
      "performance": []
    },
    "timestamps": [
      "2021-03-30T21:34:45+04:00",
      "2021-03-30T21:35:13+04:00",
      "2021-03-30T21:35:39+04:00"
    ],
    "browserScripts": [
      {
        "browser": {
          "appConstants": {
            "ACCESSIBILITY": true,
            "ANDROID_PACKAGE_NAME": "org.mozilla.firefox",
            "ASAN": false,
            "ASAN_REPORTER": false,
            "BROWSER_CHROME_URL": "chrome://browser/content/browser.xul",
            "DEBUG": false,
            "DEBUG_JS_MODULES": "",
            "DLL_PREFIX": "lib",
            "DLL_SUFFIX": ".so",
            "EARLY_BETA_OR_EARLIER": false,
            "FENNEC_NIGHTLY": false,
            "HAVE_SHELL_SERVICE": false,
            "HAVE_USR_LIB64_DIR": false,
            "MENUBAR_CAN_AUTOHIDE": false,
            "MOZILLA_OFFICIAL": true,
            "MOZ_ALLOW_LEGACY_EXTENSIONS": false,
            "MOZ_ANDROID_ACTIVITY_STREAM": false,
            "MOZ_ANDROID_HISTORY": true,
            "MOZ_ANDROID_MOZILLA_ONLINE": false,
            "MOZ_APP_NAME": "fennec",
            "MOZ_APP_VERSION": "68.1.1",
            "MOZ_APP_VERSION_DISPLAY": "68.1.1",
            "MOZ_BING_API_CLIENTID": "no-bing-api-clientid",
            "MOZ_BING_API_KEY": "no-bing-api-key",
            "MOZ_BITS_DOWNLOAD": false,
            "MOZ_BUILD_APP": "mobile/android",
            "MOZ_CODE_COVERAGE": false,
            "MOZ_CRASHREPORTER": true,
            "MOZ_DATA_REPORTING": true,
            "MOZ_DEV_EDITION": false,
            "MOZ_GECKO_PROFILER": true,
            "MOZ_GOOGLE_LOCATION_SERVICE_API_KEY": "AIzaSyB2h2OuRcUgy5N-5hsZqiPW6sH3n_rptiQ",
            "MOZ_GOOGLE_SAFEBROWSING_API_KEY": "AIzaSyC7jsptDS3am4tPx4r3nxis7IMjBc5Dovo",
            "MOZ_GRAPHENE": false,
            "MOZ_MACBUNDLE_NAME": "Firefox.app",
            "MOZ_MAINTENANCE_SERVICE": false,
            "MOZ_MOZILLA_API_KEY": "3b4d27dd-703d-4094-8398-4de2c763505a",
            "MOZ_NEW_CERT_STORAGE": false,
            "MOZ_NEW_NOTIFICATION_STORE": false,
            "MOZ_NEW_XULSTORE": false,
            "MOZ_OFFICIAL_BRANDING": false,
            "MOZ_PLACES": false,
            "MOZ_REQUIRE_SIGNING": false,
            "MOZ_SANDBOX": false,
            "MOZ_SERVICES_HEALTHREPORT": true,
            "MOZ_SERVICES_SYNC": false,
            "MOZ_SWITCHBOARD": true,
            "MOZ_SYSTEM_NSS": false,
            "MOZ_TELEMETRY_ON_BY_DEFAULT": false,
            "MOZ_TELEMETRY_REPORTING": true,
            "MOZ_UNSIGNED_SCOPES": 0,
            "MOZ_UPDATER": false,
            "MOZ_UPDATE_CHANNEL": "release",
            "MOZ_WEBRTC": true,
            "MOZ_WIDGET_GTK": false,
            "MOZ_WIDGET_TOOLKIT": "android",
            "NIGHTLY_BUILD": false,
            "OMNIJAR_NAME": "assets/omni.ja",
            "RELEASE_OR_BETA": true,
            "SOURCE_REVISION_URL": "https://hg.mozilla.org/releases/mozilla-esr68/rev/d2e0b9e17b9bc1ef02606c8006b73293f7892ad5",
            "TELEMETRY_PING_FORMAT_VERSION": 4,
            "XP_UNIX": true,
            "isPlatformAndVersionAtLeast": {},
            "isPlatformAndVersionAtMost": {},
            "platform": "android"
          },
          "asyncAppConstants": {
            "ACCESSIBILITY": true,
            "ANDROID_PACKAGE_NAME": "org.mozilla.firefox",
            "ASAN": false,
            "ASAN_REPORTER": false,
            "BROWSER_CHROME_URL": "chrome://browser/content/browser.xul",
            "DEBUG": false,
            "DEBUG_JS_MODULES": "",
            "DLL_PREFIX": "lib",
            "DLL_SUFFIX": ".so",
            "EARLY_BETA_OR_EARLIER": false,
            "FENNEC_NIGHTLY": false,
            "HAVE_SHELL_SERVICE": false,
            "HAVE_USR_LIB64_DIR": false,
            "MENUBAR_CAN_AUTOHIDE": false,
            "MOZILLA_OFFICIAL": true,
            "MOZ_ALLOW_LEGACY_EXTENSIONS": false,
            "MOZ_ANDROID_ACTIVITY_STREAM": false,
            "MOZ_ANDROID_HISTORY": true,
            "MOZ_ANDROID_MOZILLA_ONLINE": false,
            "MOZ_APP_NAME": "fennec",
            "MOZ_APP_VERSION": "68.1.1",
            "MOZ_APP_VERSION_DISPLAY": "68.1.1",
            "MOZ_BING_API_CLIENTID": "no-bing-api-clientid",
            "MOZ_BING_API_KEY": "no-bing-api-key",
            "MOZ_BITS_DOWNLOAD": false,
            "MOZ_BUILD_APP": "mobile/android",
            "MOZ_CODE_COVERAGE": false,
            "MOZ_CRASHREPORTER": true,
            "MOZ_DATA_REPORTING": true,
            "MOZ_DEV_EDITION": false,
            "MOZ_GECKO_PROFILER": true,
            "MOZ_GOOGLE_LOCATION_SERVICE_API_KEY": "AIzaSyB2h2OuRcUgy5N-5hsZqiPW6sH3n_rptiQ",
            "MOZ_GOOGLE_SAFEBROWSING_API_KEY": "AIzaSyC7jsptDS3am4tPx4r3nxis7IMjBc5Dovo",
            "MOZ_GRAPHENE": false,
            "MOZ_MACBUNDLE_NAME": "Firefox.app",
            "MOZ_MAINTENANCE_SERVICE": false,
            "MOZ_MOZILLA_API_KEY": "3b4d27dd-703d-4094-8398-4de2c763505a",
            "MOZ_NEW_CERT_STORAGE": false,
            "MOZ_NEW_NOTIFICATION_STORE": false,
            "MOZ_NEW_XULSTORE": false,
            "MOZ_OFFICIAL_BRANDING": false,
            "MOZ_PLACES": false,
            "MOZ_REQUIRE_SIGNING": false,
            "MOZ_SANDBOX": false,
            "MOZ_SERVICES_HEALTHREPORT": true,
            "MOZ_SERVICES_SYNC": false,
            "MOZ_SWITCHBOARD": true,
            "MOZ_SYSTEM_NSS": false,
            "MOZ_TELEMETRY_ON_BY_DEFAULT": false,
            "MOZ_TELEMETRY_REPORTING": true,
            "MOZ_UNSIGNED_SCOPES": 0,
            "MOZ_UPDATER": false,
            "MOZ_UPDATE_CHANNEL": "release",
            "MOZ_WEBRTC": true,
            "MOZ_WIDGET_GTK": false,
            "MOZ_WIDGET_TOOLKIT": "android",
            "NIGHTLY_BUILD": false,
            "OMNIJAR_NAME": "assets/omni.ja",
            "RELEASE_OR_BETA": true,
            "SOURCE_REVISION_URL": "https://hg.mozilla.org/releases/mozilla-esr68/rev/d2e0b9e17b9bc1ef02606c8006b73293f7892ad5",
            "TELEMETRY_PING_FORMAT_VERSION": 4,
            "XP_UNIX": true,
            "isPlatformAndVersionAtLeast": {},
            "isPlatformAndVersionAtMost": {},
            "platform": "android"
          },
          "userAgent": "Mozilla/5.0 (Android 9; Mobile; rv:68.0) Gecko/68.0 Firefox/68.0",
          "windowSize": "360x612"
        },
        "pageinfo": {
          "documentHeight": 3194,
          "documentSize": {
            "decodedBodySize": 32038,
            "encodedBodySize": 8291,
            "transferSize": 8550
          },
          "documentTitle": "Cricket Score, Schedule, Latest News, Stats &amp; Videos - Cricbuzz",
          "documentWidth": 360,
          "domElements": 405,
          "navigationStartTime": 1617125686189,
          "nextHopProtocol": "h2",
          "resources": {
            "count": 0,
            "duration": 0
          },
          "responsive": true,
          "url": "https://m.cricbuzz.com/",
          "visualElements": {
            "heroes": [
              {
                "filename": "cb_logo_new.png",
                "height": 30,
                "name": "LargestImage",
                "width": 100,
                "x": 10,
                "y": 60
              }
            ],
            "viewport": {
              "height": 612,
              "width": 360
            }
          }
        },
        "timings": {
          "firstPaint": 882,
          "loadEventEnd": 13900,
          "navigationTiming": {
            "connectStart": 279,
            "domComplete": 13891,
            "domContentLoadedEventEnd": 864,
            "domContentLoadedEventStart": 859,
            "domInteractive": 840,
            "domainLookupEnd": 279,
            "domainLookupStart": 279,
            "duration": 13900,
            "fetchStart": 248,
            "loadEventEnd": 13900,
            "loadEventStart": 13891,
            "redirectEnd": 245,
            "redirectStart": 2,
            "requestStart": 323,
            "responseEnd": 614,
            "responseStart": 612,
            "secureConnectionStart": 0,
            "startTime": 0,
            "unloadEventEnd": 0,
            "unloadEventStart": 0,
            "workerStart": 0
          },
          "pageTimings": {
            "backEndTime": 612,
            "domContentLoadedTime": 859,
            "domInteractiveTime": 840,
            "domainLookupTime": 0,
            "frontEndTime": 13277,
            "pageDownloadTime": 2,
            "pageLoadTime": 13891,
            "redirectionTime": 242,
            "serverConnectionTime": 0,
            "serverResponseTime": 291
          },
          "rumSpeedIndex": 612,
          "timeToContentfulPaint": 1054,
          "timeToDomContentFlushed": 840,
          "timeToFirstInteractive": 11530,
          "userTimings": {
            "marks": [
              {
                "name": "gpt-tag-load",
                "startTime": 2615.2200000000003
              },
              {
                "name": "gpt-first-ad-request",
                "startTime": 3123.8
              },
              {
                "name": "gpt-first-ad-render",
                "startTime": 3972.42
              }
            ],
            "measures": []
          }
        }
      },
      {
        "browser": {
          "appConstants": {
            "ACCESSIBILITY": true,
            "ANDROID_PACKAGE_NAME": "org.mozilla.firefox",
            "ASAN": false,
            "ASAN_REPORTER": false,
            "BROWSER_CHROME_URL": "chrome://browser/content/browser.xul",
            "DEBUG": false,
            "DEBUG_JS_MODULES": "",
            "DLL_PREFIX": "lib",
            "DLL_SUFFIX": ".so",
            "EARLY_BETA_OR_EARLIER": false,
            "FENNEC_NIGHTLY": false,
            "HAVE_SHELL_SERVICE": false,
            "HAVE_USR_LIB64_DIR": false,
            "MENUBAR_CAN_AUTOHIDE": false,
            "MOZILLA_OFFICIAL": true,
            "MOZ_ALLOW_LEGACY_EXTENSIONS": false,
            "MOZ_ANDROID_ACTIVITY_STREAM": false,
            "MOZ_ANDROID_HISTORY": true,
            "MOZ_ANDROID_MOZILLA_ONLINE": false,
            "MOZ_APP_NAME": "fennec",
            "MOZ_APP_VERSION": "68.1.1",
            "MOZ_APP_VERSION_DISPLAY": "68.1.1",
            "MOZ_BING_API_CLIENTID": "no-bing-api-clientid",
            "MOZ_BING_API_KEY": "no-bing-api-key",
            "MOZ_BITS_DOWNLOAD": false,
            "MOZ_BUILD_APP": "mobile/android",
            "MOZ_CODE_COVERAGE": false,
            "MOZ_CRASHREPORTER": true,
            "MOZ_DATA_REPORTING": true,
            "MOZ_DEV_EDITION": false,
            "MOZ_GECKO_PROFILER": true,
            "MOZ_GOOGLE_LOCATION_SERVICE_API_KEY": "AIzaSyB2h2OuRcUgy5N-5hsZqiPW6sH3n_rptiQ",
            "MOZ_GOOGLE_SAFEBROWSING_API_KEY": "AIzaSyC7jsptDS3am4tPx4r3nxis7IMjBc5Dovo",
            "MOZ_GRAPHENE": false,
            "MOZ_MACBUNDLE_NAME": "Firefox.app",
            "MOZ_MAINTENANCE_SERVICE": false,
            "MOZ_MOZILLA_API_KEY": "3b4d27dd-703d-4094-8398-4de2c763505a",
            "MOZ_NEW_CERT_STORAGE": false,
            "MOZ_NEW_NOTIFICATION_STORE": false,
            "MOZ_NEW_XULSTORE": false,
            "MOZ_OFFICIAL_BRANDING": false,
            "MOZ_PLACES": false,
            "MOZ_REQUIRE_SIGNING": false,
            "MOZ_SANDBOX": false,
            "MOZ_SERVICES_HEALTHREPORT": true,
            "MOZ_SERVICES_SYNC": false,
            "MOZ_SWITCHBOARD": true,
            "MOZ_SYSTEM_NSS": false,
            "MOZ_TELEMETRY_ON_BY_DEFAULT": false,
            "MOZ_TELEMETRY_REPORTING": true,
            "MOZ_UNSIGNED_SCOPES": 0,
            "MOZ_UPDATER": false,
            "MOZ_UPDATE_CHANNEL": "release",
            "MOZ_WEBRTC": true,
            "MOZ_WIDGET_GTK": false,
            "MOZ_WIDGET_TOOLKIT": "android",
            "NIGHTLY_BUILD": false,
            "OMNIJAR_NAME": "assets/omni.ja",
            "RELEASE_OR_BETA": true,
            "SOURCE_REVISION_URL": "https://hg.mozilla.org/releases/mozilla-esr68/rev/d2e0b9e17b9bc1ef02606c8006b73293f7892ad5",
            "TELEMETRY_PING_FORMAT_VERSION": 4,
            "XP_UNIX": true,
            "isPlatformAndVersionAtLeast": {},
            "isPlatformAndVersionAtMost": {},
            "platform": "android"
          },
          "asyncAppConstants": {
            "ACCESSIBILITY": true,
            "ANDROID_PACKAGE_NAME": "org.mozilla.firefox",
            "ASAN": false,
            "ASAN_REPORTER": false,
            "BROWSER_CHROME_URL": "chrome://browser/content/browser.xul",
            "DEBUG": false,
            "DEBUG_JS_MODULES": "",
            "DLL_PREFIX": "lib",
            "DLL_SUFFIX": ".so",
            "EARLY_BETA_OR_EARLIER": false,
            "FENNEC_NIGHTLY": false,
            "HAVE_SHELL_SERVICE": false,
            "HAVE_USR_LIB64_DIR": false,
            "MENUBAR_CAN_AUTOHIDE": false,
            "MOZILLA_OFFICIAL": true,
            "MOZ_ALLOW_LEGACY_EXTENSIONS": false,
            "MOZ_ANDROID_ACTIVITY_STREAM": false,
            "MOZ_ANDROID_HISTORY": true,
            "MOZ_ANDROID_MOZILLA_ONLINE": false,
            "MOZ_APP_NAME": "fennec",
            "MOZ_APP_VERSION": "68.1.1",
            "MOZ_APP_VERSION_DISPLAY": "68.1.1",
            "MOZ_BING_API_CLIENTID": "no-bing-api-clientid",
            "MOZ_BING_API_KEY": "no-bing-api-key",
            "MOZ_BITS_DOWNLOAD": false,
            "MOZ_BUILD_APP": "mobile/android",
            "MOZ_CODE_COVERAGE": false,
            "MOZ_CRASHREPORTER": true,
            "MOZ_DATA_REPORTING": true,
            "MOZ_DEV_EDITION": false,
            "MOZ_GECKO_PROFILER": true,
            "MOZ_GOOGLE_LOCATION_SERVICE_API_KEY": "AIzaSyB2h2OuRcUgy5N-5hsZqiPW6sH3n_rptiQ",
            "MOZ_GOOGLE_SAFEBROWSING_API_KEY": "AIzaSyC7jsptDS3am4tPx4r3nxis7IMjBc5Dovo",
            "MOZ_GRAPHENE": false,
            "MOZ_MACBUNDLE_NAME": "Firefox.app",
            "MOZ_MAINTENANCE_SERVICE": false,
            "MOZ_MOZILLA_API_KEY": "3b4d27dd-703d-4094-8398-4de2c763505a",
            "MOZ_NEW_CERT_STORAGE": false,
            "MOZ_NEW_NOTIFICATION_STORE": false,
            "MOZ_NEW_XULSTORE": false,
            "MOZ_OFFICIAL_BRANDING": false,
            "MOZ_PLACES": false,
            "MOZ_REQUIRE_SIGNING": false,
            "MOZ_SANDBOX": false,
            "MOZ_SERVICES_HEALTHREPORT": true,
            "MOZ_SERVICES_SYNC": false,
            "MOZ_SWITCHBOARD": true,
            "MOZ_SYSTEM_NSS": false,
            "MOZ_TELEMETRY_ON_BY_DEFAULT": false,
            "MOZ_TELEMETRY_REPORTING": true,
            "MOZ_UNSIGNED_SCOPES": 0,
            "MOZ_UPDATER": false,
            "MOZ_UPDATE_CHANNEL": "release",
            "MOZ_WEBRTC": true,
            "MOZ_WIDGET_GTK": false,
            "MOZ_WIDGET_TOOLKIT": "android",
            "NIGHTLY_BUILD": false,
            "OMNIJAR_NAME": "assets/omni.ja",
            "RELEASE_OR_BETA": true,
            "SOURCE_REVISION_URL": "https://hg.mozilla.org/releases/mozilla-esr68/rev/d2e0b9e17b9bc1ef02606c8006b73293f7892ad5",
            "TELEMETRY_PING_FORMAT_VERSION": 4,
            "XP_UNIX": true,
            "isPlatformAndVersionAtLeast": {},
            "isPlatformAndVersionAtMost": {},
            "platform": "android"
          },
          "userAgent": "Mozilla/5.0 (Android 9; Mobile; rv:68.0) Gecko/68.0 Firefox/68.0",
          "windowSize": "360x612"
        },
        "pageinfo": {
          "documentHeight": 3194,
          "documentSize": {
            "decodedBodySize": 32038,
            "encodedBodySize": 8291,
            "transferSize": 8550
          },
          "documentTitle": "Cricket Score, Schedule, Latest News, Stats &amp; Videos - Cricbuzz",
          "documentWidth": 360,
          "domElements": 407,
          "navigationStartTime": 1617125713904,
          "nextHopProtocol": "h2",
          "resources": {
            "count": 0,
            "duration": 0
          },
          "responsive": true,
          "url": "https://m.cricbuzz.com/",
          "visualElements": {
            "heroes": [
              {
                "filename": "cb_logo_new.png",
                "height": 30,
                "name": "LargestImage",
                "width": 100,
                "x": 10,
                "y": 60
              }
            ],
            "viewport": {
              "height": 612,
              "width": 360
            }
          }
        },
        "timings": {
          "firstPaint": 843,
          "loadEventEnd": 12724,
          "navigationTiming": {
            "connectStart": 514,
            "domComplete": 12716,
            "domContentLoadedEventEnd": 924,
            "domContentLoadedEventStart": 918,
            "domInteractive": 824,
            "domainLookupEnd": 513,
            "domainLookupStart": 513,
            "duration": 12724,
            "fetchStart": 482,
            "loadEventEnd": 12724,
            "loadEventStart": 12716,
            "redirectEnd": 479,
            "redirectStart": 3,
            "requestStart": 562,
            "responseEnd": 602,
            "responseStart": 601,
            "secureConnectionStart": 0,
            "startTime": 0,
            "unloadEventEnd": 0,
            "unloadEventStart": 0,
            "workerStart": 0
          },
          "pageTimings": {
            "backEndTime": 601,
            "domContentLoadedTime": 918,
            "domInteractiveTime": 824,
            "domainLookupTime": 0,
            "frontEndTime": 12114,
            "pageDownloadTime": 2,
            "pageLoadTime": 12716,
            "redirectionTime": 476,
            "serverConnectionTime": 0,
            "serverResponseTime": 40
          },
          "rumSpeedIndex": 600,
          "timeToContentfulPaint": 1009,
          "timeToDomContentFlushed": 824,
          "timeToFirstInteractive": 10487,
          "userTimings": {
            "marks": [
              {
                "name": "gpt-tag-load",
                "startTime": 2630.18
              },
              {
                "name": "gpt-first-ad-request",
                "startTime": 3296.82
              },
              {
                "name": "gpt-first-ad-render",
                "startTime": 3743.6
              }
            ],
            "measures": []
          }
        }
      },
      {
        "browser": {
          "appConstants": {
            "ACCESSIBILITY": true,
            "ANDROID_PACKAGE_NAME": "org.mozilla.firefox",
            "ASAN": false,
            "ASAN_REPORTER": false,
            "BROWSER_CHROME_URL": "chrome://browser/content/browser.xul",
            "DEBUG": false,
            "DEBUG_JS_MODULES": "",
            "DLL_PREFIX": "lib",
            "DLL_SUFFIX": ".so",
            "EARLY_BETA_OR_EARLIER": false,
            "FENNEC_NIGHTLY": false,
            "HAVE_SHELL_SERVICE": false,
            "HAVE_USR_LIB64_DIR": false,
            "MENUBAR_CAN_AUTOHIDE": false,
            "MOZILLA_OFFICIAL": true,
            "MOZ_ALLOW_LEGACY_EXTENSIONS": false,
            "MOZ_ANDROID_ACTIVITY_STREAM": false,
            "MOZ_ANDROID_HISTORY": true,
            "MOZ_ANDROID_MOZILLA_ONLINE": false,
            "MOZ_APP_NAME": "fennec",
            "MOZ_APP_VERSION": "68.1.1",
            "MOZ_APP_VERSION_DISPLAY": "68.1.1",
            "MOZ_BING_API_CLIENTID": "no-bing-api-clientid",
            "MOZ_BING_API_KEY": "no-bing-api-key",
            "MOZ_BITS_DOWNLOAD": false,
            "MOZ_BUILD_APP": "mobile/android",
            "MOZ_CODE_COVERAGE": false,
            "MOZ_CRASHREPORTER": true,
            "MOZ_DATA_REPORTING": true,
            "MOZ_DEV_EDITION": false,
            "MOZ_GECKO_PROFILER": true,
            "MOZ_GOOGLE_LOCATION_SERVICE_API_KEY": "AIzaSyB2h2OuRcUgy5N-5hsZqiPW6sH3n_rptiQ",
            "MOZ_GOOGLE_SAFEBROWSING_API_KEY": "AIzaSyC7jsptDS3am4tPx4r3nxis7IMjBc5Dovo",
            "MOZ_GRAPHENE": false,
            "MOZ_MACBUNDLE_NAME": "Firefox.app",
            "MOZ_MAINTENANCE_SERVICE": false,
            "MOZ_MOZILLA_API_KEY": "3b4d27dd-703d-4094-8398-4de2c763505a",
            "MOZ_NEW_CERT_STORAGE": false,
            "MOZ_NEW_NOTIFICATION_STORE": false,
            "MOZ_NEW_XULSTORE": false,
            "MOZ_OFFICIAL_BRANDING": false,
            "MOZ_PLACES": false,
            "MOZ_REQUIRE_SIGNING": false,
            "MOZ_SANDBOX": false,
            "MOZ_SERVICES_HEALTHREPORT": true,
            "MOZ_SERVICES_SYNC": false,
            "MOZ_SWITCHBOARD": true,
            "MOZ_SYSTEM_NSS": false,
            "MOZ_TELEMETRY_ON_BY_DEFAULT": false,
            "MOZ_TELEMETRY_REPORTING": true,
            "MOZ_UNSIGNED_SCOPES": 0,
            "MOZ_UPDATER": false,
            "MOZ_UPDATE_CHANNEL": "release",
            "MOZ_WEBRTC": true,
            "MOZ_WIDGET_GTK": false,
            "MOZ_WIDGET_TOOLKIT": "android",
            "NIGHTLY_BUILD": false,
            "OMNIJAR_NAME": "assets/omni.ja",
            "RELEASE_OR_BETA": true,
            "SOURCE_REVISION_URL": "https://hg.mozilla.org/releases/mozilla-esr68/rev/d2e0b9e17b9bc1ef02606c8006b73293f7892ad5",
            "TELEMETRY_PING_FORMAT_VERSION": 4,
            "XP_UNIX": true,
            "isPlatformAndVersionAtLeast": {},
            "isPlatformAndVersionAtMost": {},
            "platform": "android"
          },
          "asyncAppConstants": {
            "ACCESSIBILITY": true,
            "ANDROID_PACKAGE_NAME": "org.mozilla.firefox",
            "ASAN": false,
            "ASAN_REPORTER": false,
            "BROWSER_CHROME_URL": "chrome://browser/content/browser.xul",
            "DEBUG": false,
            "DEBUG_JS_MODULES": "",
            "DLL_PREFIX": "lib",
            "DLL_SUFFIX": ".so",
            "EARLY_BETA_OR_EARLIER": false,
            "FENNEC_NIGHTLY": false,
            "HAVE_SHELL_SERVICE": false,
            "HAVE_USR_LIB64_DIR": false,
            "MENUBAR_CAN_AUTOHIDE": false,
            "MOZILLA_OFFICIAL": true,
            "MOZ_ALLOW_LEGACY_EXTENSIONS": false,
            "MOZ_ANDROID_ACTIVITY_STREAM": false,
            "MOZ_ANDROID_HISTORY": true,
            "MOZ_ANDROID_MOZILLA_ONLINE": false,
            "MOZ_APP_NAME": "fennec",
            "MOZ_APP_VERSION": "68.1.1",
            "MOZ_APP_VERSION_DISPLAY": "68.1.1",
            "MOZ_BING_API_CLIENTID": "no-bing-api-clientid",
            "MOZ_BING_API_KEY": "no-bing-api-key",
            "MOZ_BITS_DOWNLOAD": false,
            "MOZ_BUILD_APP": "mobile/android",
            "MOZ_CODE_COVERAGE": false,
            "MOZ_CRASHREPORTER": true,
            "MOZ_DATA_REPORTING": true,
            "MOZ_DEV_EDITION": false,
            "MOZ_GECKO_PROFILER": true,
            "MOZ_GOOGLE_LOCATION_SERVICE_API_KEY": "AIzaSyB2h2OuRcUgy5N-5hsZqiPW6sH3n_rptiQ",
            "MOZ_GOOGLE_SAFEBROWSING_API_KEY": "AIzaSyC7jsptDS3am4tPx4r3nxis7IMjBc5Dovo",
            "MOZ_GRAPHENE": false,
            "MOZ_MACBUNDLE_NAME": "Firefox.app",
            "MOZ_MAINTENANCE_SERVICE": false,
            "MOZ_MOZILLA_API_KEY": "3b4d27dd-703d-4094-8398-4de2c763505a",
            "MOZ_NEW_CERT_STORAGE": false,
            "MOZ_NEW_NOTIFICATION_STORE": false,
            "MOZ_NEW_XULSTORE": false,
            "MOZ_OFFICIAL_BRANDING": false,
            "MOZ_PLACES": false,
            "MOZ_REQUIRE_SIGNING": false,
            "MOZ_SANDBOX": false,
            "MOZ_SERVICES_HEALTHREPORT": true,
            "MOZ_SERVICES_SYNC": false,
            "MOZ_SWITCHBOARD": true,
            "MOZ_SYSTEM_NSS": false,
            "MOZ_TELEMETRY_ON_BY_DEFAULT": false,
            "MOZ_TELEMETRY_REPORTING": true,
            "MOZ_UNSIGNED_SCOPES": 0,
            "MOZ_UPDATER": false,
            "MOZ_UPDATE_CHANNEL": "release",
            "MOZ_WEBRTC": true,
            "MOZ_WIDGET_GTK": false,
            "MOZ_WIDGET_TOOLKIT": "android",
            "NIGHTLY_BUILD": false,
            "OMNIJAR_NAME": "assets/omni.ja",
            "RELEASE_OR_BETA": true,
            "SOURCE_REVISION_URL": "https://hg.mozilla.org/releases/mozilla-esr68/rev/d2e0b9e17b9bc1ef02606c8006b73293f7892ad5",
            "TELEMETRY_PING_FORMAT_VERSION": 4,
            "XP_UNIX": true,
            "isPlatformAndVersionAtLeast": {},
            "isPlatformAndVersionAtMost": {},
            "platform": "android"
          },
          "userAgent": "Mozilla/5.0 (Android 9; Mobile; rv:68.0) Gecko/68.0 Firefox/68.0",
          "windowSize": "360x612"
        },
        "pageinfo": {
          "documentHeight": 3394,
          "documentSize": {
            "decodedBodySize": 32038,
            "encodedBodySize": 8291,
            "transferSize": 8550
          },
          "documentTitle": "Cricket Score, Schedule, Latest News, Stats &amp; Videos - Cricbuzz",
          "documentWidth": 360,
          "domElements": 407,
          "navigationStartTime": 1617125739978,
          "nextHopProtocol": "h2",
          "resources": {
            "count": 0,
            "duration": 0
          },
          "responsive": true,
          "url": "https://m.cricbuzz.com/",
          "visualElements": {
            "heroes": [
              {
                "filename": "cb_logo_new.png",
                "height": 30,
                "name": "LargestImage",
                "width": 100,
                "x": 10,
                "y": 260
              }
            ],
            "viewport": {
              "height": 612,
              "width": 360
            }
          }
        },
        "timings": {
          "firstPaint": 893,
          "loadEventEnd": 34547,
          "navigationTiming": {
            "connectStart": 493,
            "domComplete": 34531,
            "domContentLoadedEventEnd": 892,
            "domContentLoadedEventStart": 886,
            "domInteractive": 869,
            "domainLookupEnd": 492,
            "domainLookupStart": 492,
            "duration": 34547,
            "fetchStart": 462,
            "loadEventEnd": 34547,
            "loadEventStart": 34531,
            "redirectEnd": 458,
            "redirectStart": 3,
            "requestStart": 542,
            "responseEnd": 642,
            "responseStart": 639,
            "secureConnectionStart": 0,
            "startTime": 0,
            "unloadEventEnd": 0,
            "unloadEventStart": 0,
            "workerStart": 0
          },
          "pageTimings": {
            "backEndTime": 639,
            "domContentLoadedTime": 886,
            "domInteractiveTime": 869,
            "domainLookupTime": 0,
            "frontEndTime": 33890,
            "pageDownloadTime": 3,
            "pageLoadTime": 34531,
            "redirectionTime": 455,
            "serverConnectionTime": 0,
            "serverResponseTime": 100
          },
          "rumSpeedIndex": 638,
          "timeToContentfulPaint": 1053,
          "timeToDomContentFlushed": 869,
          "timeToFirstInteractive": 20781,
          "userTimings": {
            "marks": [
              {
                "name": "gpt-tag-load",
                "startTime": 3232.1
              },
              {
                "name": "gpt-first-ad-request",
                "startTime": 4328.82
              },
              {
                "name": "gpt-first-ad-render",
                "startTime": 4742.16
              }
            ],
            "measures": []
          }
        }
      }
    ],
    "visualMetrics": [],
    "cpu": [],
    "extras": [
      {},
      {},
      {}
    ],
    "fullyLoaded": [],
    "errors": [
      [],
      [],
      []
    ],
    "statistics": {
      "browser": {
        "appConstants": {
          "MOZ_UNSIGNED_SCOPES": {
            "median": 0,
            "mean": 0,
            "mdev": 0,
            "stddev": 0,
            "min": 0,
            "p10": 0,
            "p90": 0,
            "p99": 0,
            "max": 0
          },
          "TELEMETRY_PING_FORMAT_VERSION": {
            "median": 4,
            "mean": 4,
            "mdev": 0,
            "stddev": 0,
            "min": 4,
            "p10": 4,
            "p90": 4,
            "p99": 4,
            "max": 4
          }
        },
        "asyncAppConstants": {
          "MOZ_UNSIGNED_SCOPES": {
            "median": 0,
            "mean": 0,
            "mdev": 0,
            "stddev": 0,
            "min": 0,
            "p10": 0,
            "p90": 0,
            "p99": 0,
            "max": 0
          },
          "TELEMETRY_PING_FORMAT_VERSION": {
            "median": 4,
            "mean": 4,
            "mdev": 0,
            "stddev": 0,
            "min": 4,
            "p10": 4,
            "p90": 4,
            "p99": 4,
            "max": 4
          }
        }
      },
      "pageinfo": {
        "documentHeight": {
          "median": 3194,
          "mean": 3261,
          "mdev": 54.4331,
          "stddev": 94,
          "min": 3194,
          "p10": 3194,
          "p90": 3394,
          "p99": 3394,
          "max": 3394
        },
        "documentSize": {
          "decodedBodySize": {
            "median": 32038,
            "mean": 32038,
            "mdev": 0,
            "stddev": 0,
            "min": 32038,
            "p10": 32038,
            "p90": 32038,
            "p99": 32038,
            "max": 32038
          },
          "encodedBodySize": {
            "median": 8291,
            "mean": 8291,
            "mdev": 0,
            "stddev": 0,
            "min": 8291,
            "p10": 8291,
            "p90": 8291,
            "p99": 8291,
            "max": 8291
          },
          "transferSize": {
            "median": 8550,
            "mean": 8550,
            "mdev": 0,
            "stddev": 0,
            "min": 8550,
            "p10": 8550,
            "p90": 8550,
            "p99": 8550,
            "max": 8550
          }
        },
        "documentWidth": {
          "median": 360,
          "mean": 360,
          "mdev": 0,
          "stddev": 0,
          "min": 360,
          "p10": 360,
          "p90": 360,
          "p99": 360,
          "max": 360
        },
        "domElements": {
          "median": 407,
          "mean": 406,
          "mdev": 0.5443,
          "stddev": 1,
          "min": 405,
          "p10": 405,
          "p90": 407,
          "p99": 407,
          "max": 407
        },
        "navigationStartTime": {
          "median": 1617125713904,
          "mean": 1617125713357,
          "mdev": 12612.4091,
          "stddev": 21845,
          "min": 1617125686189,
          "p10": 1617125686189,
          "p90": 1617125739978,
          "p99": 1617125739978,
          "max": 1617125739978
        },
        "resources": {
          "count": {
            "median": 0,
            "mean": 0,
            "mdev": 0,
            "stddev": 0,
            "min": 0,
            "p10": 0,
            "p90": 0,
            "p99": 0,
            "max": 0
          },
          "duration": {
            "median": 0,
            "mean": 0,
            "mdev": 0,
            "stddev": 0,
            "min": 0,
            "p10": 0,
            "p90": 0,
            "p99": 0,
            "max": 0
          }
        },
        "visualElements": {
          "heroes": [
            {
              "height": {
                "median": 30,
                "mean": 30,
                "mdev": 0,
                "stddev": 0,
                "min": 30,
                "p10": 30,
                "p90": 30,
                "p99": 30,
                "max": 30
              },
              "width": {
                "median": 100,
                "mean": 100,
                "mdev": 0,
                "stddev": 0,
                "min": 100,
                "p10": 100,
                "p90": 100,
                "p99": 100,
                "max": 100
              },
              "x": {
                "median": 10,
                "mean": 10,
                "mdev": 0,
                "stddev": 0,
                "min": 10,
                "p10": 10,
                "p90": 10,
                "p99": 10,
                "max": 10
              },
              "y": {
                "median": 60,
                "mean": 127,
                "mdev": 54.4331,
                "stddev": 94,
                "min": 60,
                "p10": 60,
                "p90": 260,
                "p99": 260,
                "max": 260
              }
            }
          ],
          "viewport": {
            "height": {
              "median": 612,
              "mean": 612,
              "mdev": 0,
              "stddev": 0,
              "min": 612,
              "p10": 612,
              "p90": 612,
              "p99": 612,
              "max": 612
            },
            "width": {
              "median": 360,
              "mean": 360,
              "mdev": 0,
              "stddev": 0,
              "min": 360,
              "p10": 360,
              "p90": 360,
              "p99": 360,
              "max": 360
            }
          }
        }
      },
      "timings": {
        "firstPaint": {
          "median": 882,
          "mean": 873,
          "mdev": 12.3858,
          "stddev": 21,
          "min": 843,
          "p10": 843,
          "p90": 893,
          "p99": 893,
          "max": 893
        },
        "loadEventEnd": {
          "median": 13900,
          "mean": 20390,
          "mdev": 5786.0782,
          "stddev": 10022,
          "min": 12724,
          "p10": 12724,
          "p90": 34547,
          "p99": 34547,
          "max": 34547
        },
        "navigationTiming": {
          "connectStart": {
            "median": 493,
            "mean": 429,
            "mdev": 61.3013,
            "stddev": 106,
            "min": 279,
            "p10": 279,
            "p90": 514,
            "p99": 514,
            "max": 514
          },
          "domComplete": {
            "median": 13891,
            "mean": 20379,
            "mdev": 5784.028,
            "stddev": 10018,
            "min": 12716,
            "p10": 12716,
            "p90": 34531,
            "p99": 34531,
            "max": 34531
          },
          "domContentLoadedEventEnd": {
            "median": 892,
            "mean": 893,
            "mdev": 14.1526,
            "stddev": 25,
            "min": 864,
            "p10": 864,
            "p90": 924,
            "p99": 924,
            "max": 924
          },
          "domContentLoadedEventStart": {
            "median": 886,
            "mean": 888,
            "mdev": 13.9231,
            "stddev": 24,
            "min": 859,
            "p10": 859,
            "p90": 918,
            "p99": 918,
            "max": 918
          },
          "domInteractive": {
            "median": 840,
            "mean": 844,
            "mdev": 10.7531,
            "stddev": 19,
            "min": 824,
            "p10": 824,
            "p90": 869,
            "p99": 869,
            "max": 869
          },
          "domainLookupEnd": {
            "median": 492,
            "mean": 428,
            "mdev": 61.03,
            "stddev": 106,
            "min": 279,
            "p10": 279,
            "p90": 513,
            "p99": 513,
            "max": 513
          },
          "domainLookupStart": {
            "median": 492,
            "mean": 428,
            "mdev": 61.03,
            "stddev": 106,
            "min": 279,
            "p10": 279,
            "p90": 513,
            "p99": 513,
            "max": 513
          },
          "duration": {
            "median": 13900,
            "mean": 20390,
            "mdev": 5786.0782,
            "stddev": 10022,
            "min": 12724,
            "p10": 12724,
            "p90": 34547,
            "p99": 34547,
            "max": 34547
          },
          "fetchStart": {
            "median": 462,
            "mean": 397,
            "mdev": 61.1471,
            "stddev": 106,
            "min": 248,
            "p10": 248,
            "p90": 482,
            "p99": 482,
            "max": 482
          },
          "loadEventEnd": {
            "median": 13900,
            "mean": 20390,
            "mdev": 5786.0782,
            "stddev": 10022,
            "min": 12724,
            "p10": 12724,
            "p90": 34547,
            "p99": 34547,
            "max": 34547
          },
          "loadEventStart": {
            "median": 13891,
            "mean": 20379,
            "mdev": 5784.028,
            "stddev": 10018,
            "min": 12716,
            "p10": 12716,
            "p90": 34531,
            "p99": 34531,
            "max": 34531
          },
          "redirectEnd": {
            "median": 458,
            "mean": 394,
            "mdev": 61.03,
            "stddev": 106,
            "min": 245,
            "p10": 245,
            "p90": 479,
            "p99": 479,
            "max": 479
          },
          "redirectStart": {
            "median": 3,
            "mean": 3,
            "mdev": 0.2722,
            "stddev": 0,
            "min": 2,
            "p10": 2,
            "p90": 3,
            "p99": 3,
            "max": 3
          },
          "requestStart": {
            "median": 542,
            "mean": 476,
            "mdev": 62.5039,
            "stddev": 108,
            "min": 323,
            "p10": 323,
            "p90": 562,
            "p99": 562,
            "max": 562
          },
          "responseEnd": {
            "median": 614,
            "mean": 619,
            "mdev": 9.6762,
            "stddev": 17,
            "min": 602,
            "p10": 602,
            "p90": 642,
            "p99": 642,
            "max": 642
          },
          "responseStart": {
            "median": 612,
            "mean": 617,
            "mdev": 9.2175,
            "stddev": 16,
            "min": 601,
            "p10": 601,
            "p90": 639,
            "p99": 639,
            "max": 639
          },
          "secureConnectionStart": {
            "median": 0,
            "mean": 0,
            "mdev": 0,
            "stddev": 0,
            "min": 0,
            "p10": 0,
            "p90": 0,
            "p99": 0,
            "max": 0
          },
          "startTime": {
            "median": 0,
            "mean": 0,
            "mdev": 0,
            "stddev": 0,
            "min": 0,
            "p10": 0,
            "p90": 0,
            "p99": 0,
            "max": 0
          },
          "unloadEventEnd": {
            "median": 0,
            "mean": 0,
            "mdev": 0,
            "stddev": 0,
            "min": 0,
            "p10": 0,
            "p90": 0,
            "p99": 0,
            "max": 0
          },
          "unloadEventStart": {
            "median": 0,
            "mean": 0,
            "mdev": 0,
            "stddev": 0,
            "min": 0,
            "p10": 0,
            "p90": 0,
            "p99": 0,
            "max": 0
          },
          "workerStart": {
            "median": 0,
            "mean": 0,
            "mdev": 0,
            "stddev": 0,
            "min": 0,
            "p10": 0,
            "p90": 0,
            "p99": 0,
            "max": 0
          }
        },
        "pageTimings": {
          "backEndTime": {
            "median": 612,
            "mean": 617,
            "mdev": 9.2175,
            "stddev": 16,
            "min": 601,
            "p10": 601,
            "p90": 639,
            "p99": 639,
            "max": 639
          },
          "domContentLoadedTime": {
            "median": 886,
            "mean": 888,
            "mdev": 13.9231,
            "stddev": 24,
            "min": 859,
            "p10": 859,
            "p90": 918,
            "p99": 918,
            "max": 918
          },
          "domInteractiveTime": {
            "median": 840,
            "mean": 844,
            "mdev": 10.7531,
            "stddev": 19,
            "min": 824,
            "p10": 824,
            "p90": 869,
            "p99": 869,
            "max": 869
          },
          "domainLookupTime": {
            "median": 0,
            "mean": 0,
            "mdev": 0,
            "stddev": 0,
            "min": 0,
            "p10": 0,
            "p90": 0,
            "p99": 0,
            "max": 0
          },
          "frontEndTime": {
            "median": 13277,
            "mean": 19760,
            "mdev": 5774.9219,
            "stddev": 10002,
            "min": 12114,
            "p10": 12114,
            "p90": 33890,
            "p99": 33890,
            "max": 33890
          },
          "pageDownloadTime": {
            "median": 2,
            "mean": 2,
            "mdev": 0.2722,
            "stddev": 0,
            "min": 2,
            "p10": 2,
            "p90": 3,
            "p99": 3,
            "max": 3
          },
          "pageLoadTime": {
            "median": 13891,
            "mean": 20379,
            "mdev": 5784.028,
            "stddev": 10018,
            "min": 12716,
            "p10": 12716,
            "p90": 34531,
            "p99": 34531,
            "max": 34531
          },
          "redirectionTime": {
            "median": 455,
            "mean": 391,
            "mdev": 61.03,
            "stddev": 106,
            "min": 242,
            "p10": 242,
            "p90": 476,
            "p99": 476,
            "max": 476
          },
          "serverConnectionTime": {
            "median": 0,
            "mean": 0,
            "mdev": 0,
            "stddev": 0,
            "min": 0,
            "p10": 0,
            "p90": 0,
            "p99": 0,
            "max": 0
          },
          "serverResponseTime": {
            "median": 100,
            "mean": 144,
            "mdev": 61.7888,
            "stddev": 107,
            "min": 40,
            "p10": 40,
            "p90": 291,
            "p99": 291,
            "max": 291
          }
        },
        "rumSpeedIndex": {
          "median": 612,
          "mean": 617,
          "mdev": 9.1571,
          "stddev": 16,
          "min": 600,
          "p10": 600,
          "p90": 638,
          "p99": 638,
          "max": 638
        },
        "timeToContentfulPaint": {
          "median": 1053,
          "mean": 1039,
          "mdev": 12.1137,
          "stddev": 21,
          "min": 1009,
          "p10": 1009,
          "p90": 1054,
          "p99": 1054,
          "max": 1054
        },
        "timeToDomContentFlushed": {
          "median": 840,
          "mean": 844,
          "mdev": 10.7531,
          "stddev": 19,
          "min": 824,
          "p10": 824,
          "p90": 869,
          "p99": 869,
          "max": 869
        },
        "timeToFirstInteractive": {
          "median": 11530,
          "mean": 14266,
          "mdev": 2671.0747,
          "stddev": 4626,
          "min": 10487,
          "p10": 10487,
          "p90": 20781,
          "p99": 20781,
          "max": 20781
        },
        "userTimings": {
          "marks": {
            "gpt-tag-load": {
              "median": 2630,
              "mean": 2826,
              "mdev": 165.8952,
              "stddev": 287,
              "min": 2615,
              "p10": 2615,
              "p90": 3232,
              "p99": 3232,
              "max": 3232
            },
            "gpt-first-ad-request": {
              "median": 3297,
              "mean": 3583,
              "mdev": 307.1393,
              "stddev": 532,
              "min": 3124,
              "p10": 3124,
              "p90": 4329,
              "p99": 4329,
              "max": 4329
            },
            "gpt-first-ad-render": {
              "median": 3972,
              "mean": 4153,
              "mdev": 246.6051,
              "stddev": 427,
              "min": 3744,
              "p10": 3744,
              "p90": 4742,
              "p99": 4742,
              "max": 4742
            }
          }
        }
      }
    }
  }
]