[
  {
    "info": {
      "browsertime": {
        "version": "8.4.0"
      },
      "url": "https://www.sina.com.cn/",
      "timestamp": "2021-03-30T00:56:12+04:00",
      "connectivity": {
        "engine": "external",
        "profile": "native"
      },
      "extra": {}
    },
    "files": {
      "video": [],
      "screenshot": [],
      "timeline": [],
      "consoleLog": [],
      "netLog": [],
      "perfLog": []
    },
    "cdp": {
      "performance": []
    },
    "timestamps": [
      "2021-03-30T00:52:43+04:00",
      "2021-03-30T00:56:24+04:00",
      "2021-03-30T01:00:01+04:00"
    ],
    "browserScripts": [
      {
        "browser": {
          "appConstants": {
            "ACCESSIBILITY": true,
            "ANDROID_PACKAGE_NAME": "org.mozilla.firefox",
            "ASAN": false,
            "ASAN_REPORTER": false,
            "BROWSER_CHROME_URL": "chrome://browser/content/browser.xul",
            "DEBUG": false,
            "DEBUG_JS_MODULES": "",
            "DLL_PREFIX": "lib",
            "DLL_SUFFIX": ".so",
            "EARLY_BETA_OR_EARLIER": false,
            "FENNEC_NIGHTLY": false,
            "HAVE_SHELL_SERVICE": false,
            "HAVE_USR_LIB64_DIR": false,
            "MENUBAR_CAN_AUTOHIDE": false,
            "MOZILLA_OFFICIAL": true,
            "MOZ_ALLOW_LEGACY_EXTENSIONS": false,
            "MOZ_ANDROID_ACTIVITY_STREAM": false,
            "MOZ_ANDROID_HISTORY": true,
            "MOZ_ANDROID_MOZILLA_ONLINE": false,
            "MOZ_APP_NAME": "fennec",
            "MOZ_APP_VERSION": "68.1.1",
            "MOZ_APP_VERSION_DISPLAY": "68.1.1",
            "MOZ_BING_API_CLIENTID": "no-bing-api-clientid",
            "MOZ_BING_API_KEY": "no-bing-api-key",
            "MOZ_BITS_DOWNLOAD": false,
            "MOZ_BUILD_APP": "mobile/android",
            "MOZ_CODE_COVERAGE": false,
            "MOZ_CRASHREPORTER": true,
            "MOZ_DATA_REPORTING": true,
            "MOZ_DEV_EDITION": false,
            "MOZ_GECKO_PROFILER": true,
            "MOZ_GOOGLE_LOCATION_SERVICE_API_KEY": "AIzaSyB2h2OuRcUgy5N-5hsZqiPW6sH3n_rptiQ",
            "MOZ_GOOGLE_SAFEBROWSING_API_KEY": "AIzaSyC7jsptDS3am4tPx4r3nxis7IMjBc5Dovo",
            "MOZ_GRAPHENE": false,
            "MOZ_MACBUNDLE_NAME": "Firefox.app",
            "MOZ_MAINTENANCE_SERVICE": false,
            "MOZ_MOZILLA_API_KEY": "3b4d27dd-703d-4094-8398-4de2c763505a",
            "MOZ_NEW_CERT_STORAGE": false,
            "MOZ_NEW_NOTIFICATION_STORE": false,
            "MOZ_NEW_XULSTORE": false,
            "MOZ_OFFICIAL_BRANDING": false,
            "MOZ_PLACES": false,
            "MOZ_REQUIRE_SIGNING": false,
            "MOZ_SANDBOX": false,
            "MOZ_SERVICES_HEALTHREPORT": true,
            "MOZ_SERVICES_SYNC": false,
            "MOZ_SWITCHBOARD": true,
            "MOZ_SYSTEM_NSS": false,
            "MOZ_TELEMETRY_ON_BY_DEFAULT": false,
            "MOZ_TELEMETRY_REPORTING": true,
            "MOZ_UNSIGNED_SCOPES": 0,
            "MOZ_UPDATER": false,
            "MOZ_UPDATE_CHANNEL": "release",
            "MOZ_WEBRTC": true,
            "MOZ_WIDGET_GTK": false,
            "MOZ_WIDGET_TOOLKIT": "android",
            "NIGHTLY_BUILD": false,
            "OMNIJAR_NAME": "assets/omni.ja",
            "RELEASE_OR_BETA": true,
            "SOURCE_REVISION_URL": "https://hg.mozilla.org/releases/mozilla-esr68/rev/d2e0b9e17b9bc1ef02606c8006b73293f7892ad5",
            "TELEMETRY_PING_FORMAT_VERSION": 4,
            "XP_UNIX": true,
            "isPlatformAndVersionAtLeast": {},
            "isPlatformAndVersionAtMost": {},
            "platform": "android"
          },
          "asyncAppConstants": {
            "ACCESSIBILITY": true,
            "ANDROID_PACKAGE_NAME": "org.mozilla.firefox",
            "ASAN": false,
            "ASAN_REPORTER": false,
            "BROWSER_CHROME_URL": "chrome://browser/content/browser.xul",
            "DEBUG": false,
            "DEBUG_JS_MODULES": "",
            "DLL_PREFIX": "lib",
            "DLL_SUFFIX": ".so",
            "EARLY_BETA_OR_EARLIER": false,
            "FENNEC_NIGHTLY": false,
            "HAVE_SHELL_SERVICE": false,
            "HAVE_USR_LIB64_DIR": false,
            "MENUBAR_CAN_AUTOHIDE": false,
            "MOZILLA_OFFICIAL": true,
            "MOZ_ALLOW_LEGACY_EXTENSIONS": false,
            "MOZ_ANDROID_ACTIVITY_STREAM": false,
            "MOZ_ANDROID_HISTORY": true,
            "MOZ_ANDROID_MOZILLA_ONLINE": false,
            "MOZ_APP_NAME": "fennec",
            "MOZ_APP_VERSION": "68.1.1",
            "MOZ_APP_VERSION_DISPLAY": "68.1.1",
            "MOZ_BING_API_CLIENTID": "no-bing-api-clientid",
            "MOZ_BING_API_KEY": "no-bing-api-key",
            "MOZ_BITS_DOWNLOAD": false,
            "MOZ_BUILD_APP": "mobile/android",
            "MOZ_CODE_COVERAGE": false,
            "MOZ_CRASHREPORTER": true,
            "MOZ_DATA_REPORTING": true,
            "MOZ_DEV_EDITION": false,
            "MOZ_GECKO_PROFILER": true,
            "MOZ_GOOGLE_LOCATION_SERVICE_API_KEY": "AIzaSyB2h2OuRcUgy5N-5hsZqiPW6sH3n_rptiQ",
            "MOZ_GOOGLE_SAFEBROWSING_API_KEY": "AIzaSyC7jsptDS3am4tPx4r3nxis7IMjBc5Dovo",
            "MOZ_GRAPHENE": false,
            "MOZ_MACBUNDLE_NAME": "Firefox.app",
            "MOZ_MAINTENANCE_SERVICE": false,
            "MOZ_MOZILLA_API_KEY": "3b4d27dd-703d-4094-8398-4de2c763505a",
            "MOZ_NEW_CERT_STORAGE": false,
            "MOZ_NEW_NOTIFICATION_STORE": false,
            "MOZ_NEW_XULSTORE": false,
            "MOZ_OFFICIAL_BRANDING": false,
            "MOZ_PLACES": false,
            "MOZ_REQUIRE_SIGNING": false,
            "MOZ_SANDBOX": false,
            "MOZ_SERVICES_HEALTHREPORT": true,
            "MOZ_SERVICES_SYNC": false,
            "MOZ_SWITCHBOARD": true,
            "MOZ_SYSTEM_NSS": false,
            "MOZ_TELEMETRY_ON_BY_DEFAULT": false,
            "MOZ_TELEMETRY_REPORTING": true,
            "MOZ_UNSIGNED_SCOPES": 0,
            "MOZ_UPDATER": false,
            "MOZ_UPDATE_CHANNEL": "release",
            "MOZ_WEBRTC": true,
            "MOZ_WIDGET_GTK": false,
            "MOZ_WIDGET_TOOLKIT": "android",
            "NIGHTLY_BUILD": false,
            "OMNIJAR_NAME": "assets/omni.ja",
            "RELEASE_OR_BETA": true,
            "SOURCE_REVISION_URL": "https://hg.mozilla.org/releases/mozilla-esr68/rev/d2e0b9e17b9bc1ef02606c8006b73293f7892ad5",
            "TELEMETRY_PING_FORMAT_VERSION": 4,
            "XP_UNIX": true,
            "isPlatformAndVersionAtLeast": {},
            "isPlatformAndVersionAtMost": {},
            "platform": "android"
          },
          "userAgent": "Mozilla/5.0 (Android 8.1.0; Mobile; rv:68.0) Gecko/68.0 Firefox/68.0",
          "windowSize": "360x560"
        },
        "pageinfo": {
          "documentHeight": 16691,
          "documentSize": {
            "decodedBodySize": 256193,
            "encodedBodySize": 39058,
            "transferSize": 40743
          },
          "documentTitle": "手机新浪网",
          "documentWidth": 360,
          "domElements": 2460,
          "navigationStartTime": 1617051164062,
          "nextHopProtocol": "h2",
          "resources": {
            "count": 0,
            "duration": 0
          },
          "responsive": true,
          "url": "https://sina.cn/?from=web",
          "visualElements": {
            "heroes": [
              {
                "filename": "w710h400z1l50t1382.jpg?by=comos",
                "height": 192,
                "name": "LargestImage",
                "width": 341,
                "x": 10,
                "y": 154
              }
            ],
            "viewport": {
              "height": 560,
              "width": 360
            }
          }
        },
        "timings": {
          "firstPaint": 1997,
          "loadEventEnd": 201569,
          "navigationTiming": {
            "connectStart": 240,
            "domComplete": 201437,
            "domContentLoadedEventEnd": 7156,
            "domContentLoadedEventStart": 7140,
            "domInteractive": 6961,
            "domainLookupEnd": 240,
            "domainLookupStart": 240,
            "duration": 201569,
            "fetchStart": 214,
            "loadEventEnd": 201569,
            "loadEventStart": 201437,
            "redirectEnd": 211,
            "redirectStart": 3,
            "requestStart": 709,
            "responseEnd": 956,
            "responseStart": 956,
            "secureConnectionStart": 446,
            "startTime": 0,
            "unloadEventEnd": 0,
            "unloadEventStart": 0,
            "workerStart": 0
          },
          "pageTimings": {
            "backEndTime": 956,
            "domContentLoadedTime": 7140,
            "domInteractiveTime": 6961,
            "domainLookupTime": 0,
            "frontEndTime": 200482,
            "pageDownloadTime": 0,
            "pageLoadTime": 201437,
            "redirectionTime": 207,
            "serverConnectionTime": 468,
            "serverResponseTime": 246
          },
          "rumSpeedIndex": 955,
          "timeToContentfulPaint": 2312,
          "timeToDomContentFlushed": 7012,
          "userTimings": {
            "marks": [],
            "measures": []
          }
        }
      },
      {
        "browser": {
          "appConstants": {
            "ACCESSIBILITY": true,
            "ANDROID_PACKAGE_NAME": "org.mozilla.firefox",
            "ASAN": false,
            "ASAN_REPORTER": false,
            "BROWSER_CHROME_URL": "chrome://browser/content/browser.xul",
            "DEBUG": false,
            "DEBUG_JS_MODULES": "",
            "DLL_PREFIX": "lib",
            "DLL_SUFFIX": ".so",
            "EARLY_BETA_OR_EARLIER": false,
            "FENNEC_NIGHTLY": false,
            "HAVE_SHELL_SERVICE": false,
            "HAVE_USR_LIB64_DIR": false,
            "MENUBAR_CAN_AUTOHIDE": false,
            "MOZILLA_OFFICIAL": true,
            "MOZ_ALLOW_LEGACY_EXTENSIONS": false,
            "MOZ_ANDROID_ACTIVITY_STREAM": false,
            "MOZ_ANDROID_HISTORY": true,
            "MOZ_ANDROID_MOZILLA_ONLINE": false,
            "MOZ_APP_NAME": "fennec",
            "MOZ_APP_VERSION": "68.1.1",
            "MOZ_APP_VERSION_DISPLAY": "68.1.1",
            "MOZ_BING_API_CLIENTID": "no-bing-api-clientid",
            "MOZ_BING_API_KEY": "no-bing-api-key",
            "MOZ_BITS_DOWNLOAD": false,
            "MOZ_BUILD_APP": "mobile/android",
            "MOZ_CODE_COVERAGE": false,
            "MOZ_CRASHREPORTER": true,
            "MOZ_DATA_REPORTING": true,
            "MOZ_DEV_EDITION": false,
            "MOZ_GECKO_PROFILER": true,
            "MOZ_GOOGLE_LOCATION_SERVICE_API_KEY": "AIzaSyB2h2OuRcUgy5N-5hsZqiPW6sH3n_rptiQ",
            "MOZ_GOOGLE_SAFEBROWSING_API_KEY": "AIzaSyC7jsptDS3am4tPx4r3nxis7IMjBc5Dovo",
            "MOZ_GRAPHENE": false,
            "MOZ_MACBUNDLE_NAME": "Firefox.app",
            "MOZ_MAINTENANCE_SERVICE": false,
            "MOZ_MOZILLA_API_KEY": "3b4d27dd-703d-4094-8398-4de2c763505a",
            "MOZ_NEW_CERT_STORAGE": false,
            "MOZ_NEW_NOTIFICATION_STORE": false,
            "MOZ_NEW_XULSTORE": false,
            "MOZ_OFFICIAL_BRANDING": false,
            "MOZ_PLACES": false,
            "MOZ_REQUIRE_SIGNING": false,
            "MOZ_SANDBOX": false,
            "MOZ_SERVICES_HEALTHREPORT": true,
            "MOZ_SERVICES_SYNC": false,
            "MOZ_SWITCHBOARD": true,
            "MOZ_SYSTEM_NSS": false,
            "MOZ_TELEMETRY_ON_BY_DEFAULT": false,
            "MOZ_TELEMETRY_REPORTING": true,
            "MOZ_UNSIGNED_SCOPES": 0,
            "MOZ_UPDATER": false,
            "MOZ_UPDATE_CHANNEL": "release",
            "MOZ_WEBRTC": true,
            "MOZ_WIDGET_GTK": false,
            "MOZ_WIDGET_TOOLKIT": "android",
            "NIGHTLY_BUILD": false,
            "OMNIJAR_NAME": "assets/omni.ja",
            "RELEASE_OR_BETA": true,
            "SOURCE_REVISION_URL": "https://hg.mozilla.org/releases/mozilla-esr68/rev/d2e0b9e17b9bc1ef02606c8006b73293f7892ad5",
            "TELEMETRY_PING_FORMAT_VERSION": 4,
            "XP_UNIX": true,
            "isPlatformAndVersionAtLeast": {},
            "isPlatformAndVersionAtMost": {},
            "platform": "android"
          },
          "asyncAppConstants": {
            "ACCESSIBILITY": true,
            "ANDROID_PACKAGE_NAME": "org.mozilla.firefox",
            "ASAN": false,
            "ASAN_REPORTER": false,
            "BROWSER_CHROME_URL": "chrome://browser/content/browser.xul",
            "DEBUG": false,
            "DEBUG_JS_MODULES": "",
            "DLL_PREFIX": "lib",
            "DLL_SUFFIX": ".so",
            "EARLY_BETA_OR_EARLIER": false,
            "FENNEC_NIGHTLY": false,
            "HAVE_SHELL_SERVICE": false,
            "HAVE_USR_LIB64_DIR": false,
            "MENUBAR_CAN_AUTOHIDE": false,
            "MOZILLA_OFFICIAL": true,
            "MOZ_ALLOW_LEGACY_EXTENSIONS": false,
            "MOZ_ANDROID_ACTIVITY_STREAM": false,
            "MOZ_ANDROID_HISTORY": true,
            "MOZ_ANDROID_MOZILLA_ONLINE": false,
            "MOZ_APP_NAME": "fennec",
            "MOZ_APP_VERSION": "68.1.1",
            "MOZ_APP_VERSION_DISPLAY": "68.1.1",
            "MOZ_BING_API_CLIENTID": "no-bing-api-clientid",
            "MOZ_BING_API_KEY": "no-bing-api-key",
            "MOZ_BITS_DOWNLOAD": false,
            "MOZ_BUILD_APP": "mobile/android",
            "MOZ_CODE_COVERAGE": false,
            "MOZ_CRASHREPORTER": true,
            "MOZ_DATA_REPORTING": true,
            "MOZ_DEV_EDITION": false,
            "MOZ_GECKO_PROFILER": true,
            "MOZ_GOOGLE_LOCATION_SERVICE_API_KEY": "AIzaSyB2h2OuRcUgy5N-5hsZqiPW6sH3n_rptiQ",
            "MOZ_GOOGLE_SAFEBROWSING_API_KEY": "AIzaSyC7jsptDS3am4tPx4r3nxis7IMjBc5Dovo",
            "MOZ_GRAPHENE": false,
            "MOZ_MACBUNDLE_NAME": "Firefox.app",
            "MOZ_MAINTENANCE_SERVICE": false,
            "MOZ_MOZILLA_API_KEY": "3b4d27dd-703d-4094-8398-4de2c763505a",
            "MOZ_NEW_CERT_STORAGE": false,
            "MOZ_NEW_NOTIFICATION_STORE": false,
            "MOZ_NEW_XULSTORE": false,
            "MOZ_OFFICIAL_BRANDING": false,
            "MOZ_PLACES": false,
            "MOZ_REQUIRE_SIGNING": false,
            "MOZ_SANDBOX": false,
            "MOZ_SERVICES_HEALTHREPORT": true,
            "MOZ_SERVICES_SYNC": false,
            "MOZ_SWITCHBOARD": true,
            "MOZ_SYSTEM_NSS": false,
            "MOZ_TELEMETRY_ON_BY_DEFAULT": false,
            "MOZ_TELEMETRY_REPORTING": true,
            "MOZ_UNSIGNED_SCOPES": 0,
            "MOZ_UPDATER": false,
            "MOZ_UPDATE_CHANNEL": "release",
            "MOZ_WEBRTC": true,
            "MOZ_WIDGET_GTK": false,
            "MOZ_WIDGET_TOOLKIT": "android",
            "NIGHTLY_BUILD": false,
            "OMNIJAR_NAME": "assets/omni.ja",
            "RELEASE_OR_BETA": true,
            "SOURCE_REVISION_URL": "https://hg.mozilla.org/releases/mozilla-esr68/rev/d2e0b9e17b9bc1ef02606c8006b73293f7892ad5",
            "TELEMETRY_PING_FORMAT_VERSION": 4,
            "XP_UNIX": true,
            "isPlatformAndVersionAtLeast": {},
            "isPlatformAndVersionAtMost": {},
            "platform": "android"
          },
          "userAgent": "Mozilla/5.0 (Android 8.1.0; Mobile; rv:68.0) Gecko/68.0 Firefox/68.0",
          "windowSize": "360x560"
        },
        "pageinfo": {
          "documentHeight": 16691,
          "documentSize": {
            "decodedBodySize": 256242,
            "encodedBodySize": 39090,
            "transferSize": 40775
          },
          "documentTitle": "手机新浪网",
          "documentWidth": 360,
          "domElements": 2456,
          "navigationStartTime": 1617051384511,
          "nextHopProtocol": "h2",
          "resources": {
            "count": 0,
            "duration": 0
          },
          "responsive": true,
          "url": "https://sina.cn/?from=web",
          "visualElements": {
            "heroes": [
              {
                "filename": "w710h400z1l50t1382.jpg?by=comos",
                "height": 192,
                "name": "LargestImage",
                "width": 341,
                "x": 10,
                "y": 154
              }
            ],
            "viewport": {
              "height": 560,
              "width": 360
            }
          }
        },
        "timings": {
          "firstPaint": 3219,
          "loadEventEnd": 197656,
          "navigationTiming": {
            "connectStart": 183,
            "domComplete": 197544,
            "domContentLoadedEventEnd": 5489,
            "domContentLoadedEventStart": 5473,
            "domInteractive": 5312,
            "domainLookupEnd": 183,
            "domainLookupStart": 183,
            "duration": 197656,
            "fetchStart": 161,
            "loadEventEnd": 197656,
            "loadEventStart": 197544,
            "redirectEnd": 159,
            "redirectStart": 3,
            "requestStart": 653,
            "responseEnd": 902,
            "responseStart": 902,
            "secureConnectionStart": 391,
            "startTime": 0,
            "unloadEventEnd": 0,
            "unloadEventStart": 0,
            "workerStart": 0
          },
          "pageTimings": {
            "backEndTime": 902,
            "domContentLoadedTime": 5473,
            "domInteractiveTime": 5312,
            "domainLookupTime": 0,
            "frontEndTime": 196641,
            "pageDownloadTime": 0,
            "pageLoadTime": 197544,
            "redirectionTime": 156,
            "serverConnectionTime": 468,
            "serverResponseTime": 249
          },
          "rumSpeedIndex": 902,
          "timeToContentfulPaint": 3513,
          "timeToDomContentFlushed": 5361,
          "userTimings": {
            "marks": [],
            "measures": []
          }
        }
      },
      {
        "browser": {
          "appConstants": {
            "ACCESSIBILITY": true,
            "ANDROID_PACKAGE_NAME": "org.mozilla.firefox",
            "ASAN": false,
            "ASAN_REPORTER": false,
            "BROWSER_CHROME_URL": "chrome://browser/content/browser.xul",
            "DEBUG": false,
            "DEBUG_JS_MODULES": "",
            "DLL_PREFIX": "lib",
            "DLL_SUFFIX": ".so",
            "EARLY_BETA_OR_EARLIER": false,
            "FENNEC_NIGHTLY": false,
            "HAVE_SHELL_SERVICE": false,
            "HAVE_USR_LIB64_DIR": false,
            "MENUBAR_CAN_AUTOHIDE": false,
            "MOZILLA_OFFICIAL": true,
            "MOZ_ALLOW_LEGACY_EXTENSIONS": false,
            "MOZ_ANDROID_ACTIVITY_STREAM": false,
            "MOZ_ANDROID_HISTORY": true,
            "MOZ_ANDROID_MOZILLA_ONLINE": false,
            "MOZ_APP_NAME": "fennec",
            "MOZ_APP_VERSION": "68.1.1",
            "MOZ_APP_VERSION_DISPLAY": "68.1.1",
            "MOZ_BING_API_CLIENTID": "no-bing-api-clientid",
            "MOZ_BING_API_KEY": "no-bing-api-key",
            "MOZ_BITS_DOWNLOAD": false,
            "MOZ_BUILD_APP": "mobile/android",
            "MOZ_CODE_COVERAGE": false,
            "MOZ_CRASHREPORTER": true,
            "MOZ_DATA_REPORTING": true,
            "MOZ_DEV_EDITION": false,
            "MOZ_GECKO_PROFILER": true,
            "MOZ_GOOGLE_LOCATION_SERVICE_API_KEY": "AIzaSyB2h2OuRcUgy5N-5hsZqiPW6sH3n_rptiQ",
            "MOZ_GOOGLE_SAFEBROWSING_API_KEY": "AIzaSyC7jsptDS3am4tPx4r3nxis7IMjBc5Dovo",
            "MOZ_GRAPHENE": false,
            "MOZ_MACBUNDLE_NAME": "Firefox.app",
            "MOZ_MAINTENANCE_SERVICE": false,
            "MOZ_MOZILLA_API_KEY": "3b4d27dd-703d-4094-8398-4de2c763505a",
            "MOZ_NEW_CERT_STORAGE": false,
            "MOZ_NEW_NOTIFICATION_STORE": false,
            "MOZ_NEW_XULSTORE": false,
            "MOZ_OFFICIAL_BRANDING": false,
            "MOZ_PLACES": false,
            "MOZ_REQUIRE_SIGNING": false,
            "MOZ_SANDBOX": false,
            "MOZ_SERVICES_HEALTHREPORT": true,
            "MOZ_SERVICES_SYNC": false,
            "MOZ_SWITCHBOARD": true,
            "MOZ_SYSTEM_NSS": false,
            "MOZ_TELEMETRY_ON_BY_DEFAULT": false,
            "MOZ_TELEMETRY_REPORTING": true,
            "MOZ_UNSIGNED_SCOPES": 0,
            "MOZ_UPDATER": false,
            "MOZ_UPDATE_CHANNEL": "release",
            "MOZ_WEBRTC": true,
            "MOZ_WIDGET_GTK": false,
            "MOZ_WIDGET_TOOLKIT": "android",
            "NIGHTLY_BUILD": false,
            "OMNIJAR_NAME": "assets/omni.ja",
            "RELEASE_OR_BETA": true,
            "SOURCE_REVISION_URL": "https://hg.mozilla.org/releases/mozilla-esr68/rev/d2e0b9e17b9bc1ef02606c8006b73293f7892ad5",
            "TELEMETRY_PING_FORMAT_VERSION": 4,
            "XP_UNIX": true,
            "isPlatformAndVersionAtLeast": {},
            "isPlatformAndVersionAtMost": {},
            "platform": "android"
          },
          "asyncAppConstants": {
            "ACCESSIBILITY": true,
            "ANDROID_PACKAGE_NAME": "org.mozilla.firefox",
            "ASAN": false,
            "ASAN_REPORTER": false,
            "BROWSER_CHROME_URL": "chrome://browser/content/browser.xul",
            "DEBUG": false,
            "DEBUG_JS_MODULES": "",
            "DLL_PREFIX": "lib",
            "DLL_SUFFIX": ".so",
            "EARLY_BETA_OR_EARLIER": false,
            "FENNEC_NIGHTLY": false,
            "HAVE_SHELL_SERVICE": false,
            "HAVE_USR_LIB64_DIR": false,
            "MENUBAR_CAN_AUTOHIDE": false,
            "MOZILLA_OFFICIAL": true,
            "MOZ_ALLOW_LEGACY_EXTENSIONS": false,
            "MOZ_ANDROID_ACTIVITY_STREAM": false,
            "MOZ_ANDROID_HISTORY": true,
            "MOZ_ANDROID_MOZILLA_ONLINE": false,
            "MOZ_APP_NAME": "fennec",
            "MOZ_APP_VERSION": "68.1.1",
            "MOZ_APP_VERSION_DISPLAY": "68.1.1",
            "MOZ_BING_API_CLIENTID": "no-bing-api-clientid",
            "MOZ_BING_API_KEY": "no-bing-api-key",
            "MOZ_BITS_DOWNLOAD": false,
            "MOZ_BUILD_APP": "mobile/android",
            "MOZ_CODE_COVERAGE": false,
            "MOZ_CRASHREPORTER": true,
            "MOZ_DATA_REPORTING": true,
            "MOZ_DEV_EDITION": false,
            "MOZ_GECKO_PROFILER": true,
            "MOZ_GOOGLE_LOCATION_SERVICE_API_KEY": "AIzaSyB2h2OuRcUgy5N-5hsZqiPW6sH3n_rptiQ",
            "MOZ_GOOGLE_SAFEBROWSING_API_KEY": "AIzaSyC7jsptDS3am4tPx4r3nxis7IMjBc5Dovo",
            "MOZ_GRAPHENE": false,
            "MOZ_MACBUNDLE_NAME": "Firefox.app",
            "MOZ_MAINTENANCE_SERVICE": false,
            "MOZ_MOZILLA_API_KEY": "3b4d27dd-703d-4094-8398-4de2c763505a",
            "MOZ_NEW_CERT_STORAGE": false,
            "MOZ_NEW_NOTIFICATION_STORE": false,
            "MOZ_NEW_XULSTORE": false,
            "MOZ_OFFICIAL_BRANDING": false,
            "MOZ_PLACES": false,
            "MOZ_REQUIRE_SIGNING": false,
            "MOZ_SANDBOX": false,
            "MOZ_SERVICES_HEALTHREPORT": true,
            "MOZ_SERVICES_SYNC": false,
            "MOZ_SWITCHBOARD": true,
            "MOZ_SYSTEM_NSS": false,
            "MOZ_TELEMETRY_ON_BY_DEFAULT": false,
            "MOZ_TELEMETRY_REPORTING": true,
            "MOZ_UNSIGNED_SCOPES": 0,
            "MOZ_UPDATER": false,
            "MOZ_UPDATE_CHANNEL": "release",
            "MOZ_WEBRTC": true,
            "MOZ_WIDGET_GTK": false,
            "MOZ_WIDGET_TOOLKIT": "android",
            "NIGHTLY_BUILD": false,
            "OMNIJAR_NAME": "assets/omni.ja",
            "RELEASE_OR_BETA": true,
            "SOURCE_REVISION_URL": "https://hg.mozilla.org/releases/mozilla-esr68/rev/d2e0b9e17b9bc1ef02606c8006b73293f7892ad5",
            "TELEMETRY_PING_FORMAT_VERSION": 4,
            "XP_UNIX": true,
            "isPlatformAndVersionAtLeast": {},
            "isPlatformAndVersionAtMost": {},
            "platform": "android"
          },
          "userAgent": "Mozilla/5.0 (Android 8.1.0; Mobile; rv:68.0) Gecko/68.0 Firefox/68.0",
          "windowSize": "360x560"
        },
        "pageinfo": {
          "documentHeight": 16511,
          "documentSize": {
            "decodedBodySize": 256214,
            "encodedBodySize": 39095,
            "transferSize": 40780
          },
          "documentTitle": "手机新浪网",
          "documentWidth": 360,
          "domElements": 2438,
          "navigationStartTime": 1617051601645,
          "nextHopProtocol": "h2",
          "resources": {
            "count": 0,
            "duration": 0
          },
          "responsive": true,
          "url": "https://sina.cn/?from=web",
          "visualElements": {
            "heroes": [
              {
                "filename": "w710h400z1l50t1382.jpg?by=comos",
                "height": 192,
                "name": "LargestImage",
                "width": 341,
                "x": 10,
                "y": 154
              }
            ],
            "viewport": {
              "height": 560,
              "width": 360
            }
          }
        },
        "timings": {
          "firstPaint": 4874,
          "loadEventEnd": 119521,
          "navigationTiming": {
            "connectStart": 1339,
            "domComplete": 119416,
            "domContentLoadedEventEnd": 8560,
            "domContentLoadedEventStart": 8545,
            "domInteractive": 8387,
            "domainLookupEnd": 1339,
            "domainLookupStart": 1016,
            "duration": 119521,
            "fetchStart": 1015,
            "loadEventEnd": 119521,
            "loadEventStart": 119416,
            "redirectEnd": 1013,
            "redirectStart": 2,
            "requestStart": 2401,
            "responseEnd": 2905,
            "responseStart": 2905,
            "secureConnectionStart": 1871,
            "startTime": 0,
            "unloadEventEnd": 0,
            "unloadEventStart": 0,
            "workerStart": 0
          },
          "pageTimings": {
            "backEndTime": 2905,
            "domContentLoadedTime": 8545,
            "domInteractiveTime": 8387,
            "domainLookupTime": 323,
            "frontEndTime": 116511,
            "pageDownloadTime": 0,
            "pageLoadTime": 119416,
            "redirectionTime": 1011,
            "serverConnectionTime": 1060,
            "serverResponseTime": 504
          },
          "rumSpeedIndex": 2905,
          "timeToContentfulPaint": 4954,
          "timeToDomContentFlushed": 8437,
          "userTimings": {
            "marks": [],
            "measures": []
          }
        }
      }
    ],
    "visualMetrics": [],
    "cpu": [],
    "extras": [
      {},
      {},
      {}
    ],
    "fullyLoaded": [],
    "errors": [
      [],
      [],
      []
    ],
    "statistics": {
      "browser": {
        "appConstants": {
          "MOZ_UNSIGNED_SCOPES": {
            "median": 0,
            "mean": 0,
            "mdev": 0,
            "stddev": 0,
            "min": 0,
            "p10": 0,
            "p90": 0,
            "p99": 0,
            "max": 0
          },
          "TELEMETRY_PING_FORMAT_VERSION": {
            "median": 4,
            "mean": 4,
            "mdev": 0,
            "stddev": 0,
            "min": 4,
            "p10": 4,
            "p90": 4,
            "p99": 4,
            "max": 4
          }
        },
        "asyncAppConstants": {
          "MOZ_UNSIGNED_SCOPES": {
            "median": 0,
            "mean": 0,
            "mdev": 0,
            "stddev": 0,
            "min": 0,
            "p10": 0,
            "p90": 0,
            "p99": 0,
            "max": 0
          },
          "TELEMETRY_PING_FORMAT_VERSION": {
            "median": 4,
            "mean": 4,
            "mdev": 0,
            "stddev": 0,
            "min": 4,
            "p10": 4,
            "p90": 4,
            "p99": 4,
            "max": 4
          }
        }
      },
      "pageinfo": {
        "documentHeight": {
          "median": 16691,
          "mean": 16631,
          "mdev": 48.9898,
          "stddev": 85,
          "min": 16511,
          "p10": 16511,
          "p90": 16691,
          "p99": 16691,
          "max": 16691
        },
        "documentSize": {
          "decodedBodySize": {
            "median": 256214,
            "mean": 256216,
            "mdev": 11.5886,
            "stddev": 20,
            "min": 256193,
            "p10": 256193,
            "p90": 256242,
            "p99": 256242,
            "max": 256242
          },
          "encodedBodySize": {
            "median": 39090,
            "mean": 39081,
            "mdev": 9.4634,
            "stddev": 16,
            "min": 39058,
            "p10": 39058,
            "p90": 39095,
            "p99": 39095,
            "max": 39095
          },
          "transferSize": {
            "median": 40775,
            "mean": 40766,
            "mdev": 9.4634,
            "stddev": 16,
            "min": 40743,
            "p10": 40743,
            "p90": 40780,
            "p99": 40780,
            "max": 40780
          }
        },
        "documentWidth": {
          "median": 360,
          "mean": 360,
          "mdev": 0,
          "stddev": 0,
          "min": 360,
          "p10": 360,
          "p90": 360,
          "p99": 360,
          "max": 360
        },
        "domElements": {
          "median": 2456,
          "mean": 2451,
          "mdev": 5.5244,
          "stddev": 10,
          "min": 2438,
          "p10": 2438,
          "p90": 2460,
          "p99": 2460,
          "max": 2460
        },
        "navigationStartTime": {
          "median": 1617051384511,
          "mean": 1617051383406,
          "mdev": 103237.0176,
          "stddev": 178812,
          "min": 1617051164062,
          "p10": 1617051164062,
          "p90": 1617051601645,
          "p99": 1617051601645,
          "max": 1617051601645
        },
        "resources": {
          "count": {
            "median": 0,
            "mean": 0,
            "mdev": 0,
            "stddev": 0,
            "min": 0,
            "p10": 0,
            "p90": 0,
            "p99": 0,
            "max": 0
          },
          "duration": {
            "median": 0,
            "mean": 0,
            "mdev": 0,
            "stddev": 0,
            "min": 0,
            "p10": 0,
            "p90": 0,
            "p99": 0,
            "max": 0
          }
        },
        "visualElements": {
          "heroes": [
            {
              "height": {
                "median": 192,
                "mean": 192,
                "mdev": 0,
                "stddev": 0,
                "min": 192,
                "p10": 192,
                "p90": 192,
                "p99": 192,
                "max": 192
              },
              "width": {
                "median": 341,
                "mean": 341,
                "mdev": 0,
                "stddev": 0,
                "min": 341,
                "p10": 341,
                "p90": 341,
                "p99": 341,
                "max": 341
              },
              "x": {
                "median": 10,
                "mean": 10,
                "mdev": 0,
                "stddev": 0,
                "min": 10,
                "p10": 10,
                "p90": 10,
                "p99": 10,
                "max": 10
              },
              "y": {
                "median": 154,
                "mean": 154,
                "mdev": 0,
                "stddev": 0,
                "min": 154,
                "p10": 154,
                "p90": 154,
                "p99": 154,
                "max": 154
              }
            }
          ],
          "viewport": {
            "height": {
              "median": 560,
              "mean": 560,
              "mdev": 0,
              "stddev": 0,
              "min": 560,
              "p10": 560,
              "p90": 560,
              "p99": 560,
              "max": 560
            },
            "width": {
              "median": 360,
              "mean": 360,
              "mdev": 0,
              "stddev": 0,
              "min": 360,
              "p10": 360,
              "p90": 360,
              "p99": 360,
              "max": 360
            }
          }
        }
      },
      "timings": {
        "firstPaint": {
          "median": 3219,
          "mean": 3363,
          "mdev": 680.6706,
          "stddev": 1179,
          "min": 1997,
          "p10": 1997,
          "p90": 4874,
          "p99": 4874,
          "max": 4874
        },
        "loadEventEnd": {
          "median": 197656,
          "mean": 172915,
          "mdev": 21817.6484,
          "stddev": 37789,
          "min": 119521,
          "p10": 119521,
          "p90": 201569,
          "p99": 201569,
          "max": 201569
        },
        "navigationTiming": {
          "connectStart": {
            "median": 240,
            "mean": 587,
            "mdev": 307.1606,
            "stddev": 532,
            "min": 183,
            "p10": 183,
            "p90": 1339,
            "p99": 1339,
            "max": 1339
          },
          "domComplete": {
            "median": 197544,
            "mean": 172799,
            "mdev": 21812.8269,
            "stddev": 37781,
            "min": 119416,
            "p10": 119416,
            "p90": 201437,
            "p99": 201437,
            "max": 201437
          },
          "domContentLoadedEventEnd": {
            "median": 7156,
            "mean": 7068,
            "mdev": 724.7259,
            "stddev": 1255,
            "min": 5489,
            "p10": 5489,
            "p90": 8560,
            "p99": 8560,
            "max": 8560
          },
          "domContentLoadedEventStart": {
            "median": 7140,
            "mean": 7053,
            "mdev": 724.9546,
            "stddev": 1256,
            "min": 5473,
            "p10": 5473,
            "p90": 8545,
            "p99": 8545,
            "max": 8545
          },
          "domInteractive": {
            "median": 6961,
            "mean": 6887,
            "mdev": 725.4195,
            "stddev": 1256,
            "min": 5312,
            "p10": 5312,
            "p90": 8387,
            "p99": 8387,
            "max": 8387
          },
          "domainLookupEnd": {
            "median": 240,
            "mean": 587,
            "mdev": 307.1606,
            "stddev": 532,
            "min": 183,
            "p10": 183,
            "p90": 1339,
            "p99": 1339,
            "max": 1339
          },
          "domainLookupStart": {
            "median": 240,
            "mean": 480,
            "mdev": 219.369,
            "stddev": 380,
            "min": 183,
            "p10": 183,
            "p90": 1016,
            "p99": 1016,
            "max": 1016
          },
          "duration": {
            "median": 197656,
            "mean": 172915,
            "mdev": 21817.6484,
            "stddev": 37789,
            "min": 119521,
            "p10": 119521,
            "p90": 201569,
            "p99": 201569,
            "max": 201569
          },
          "fetchStart": {
            "median": 214,
            "mean": 463,
            "mdev": 225.5632,
            "stddev": 391,
            "min": 161,
            "p10": 161,
            "p90": 1015,
            "p99": 1015,
            "max": 1015
          },
          "loadEventEnd": {
            "median": 197656,
            "mean": 172915,
            "mdev": 21817.6484,
            "stddev": 37789,
            "min": 119521,
            "p10": 119521,
            "p90": 201569,
            "p99": 201569,
            "max": 201569
          },
          "loadEventStart": {
            "median": 197544,
            "mean": 172799,
            "mdev": 21812.8269,
            "stddev": 37781,
            "min": 119416,
            "p10": 119416,
            "p90": 201437,
            "p99": 201437,
            "max": 201437
          },
          "redirectEnd": {
            "median": 211,
            "mean": 461,
            "mdev": 225.6861,
            "stddev": 391,
            "min": 159,
            "p10": 159,
            "p90": 1013,
            "p99": 1013,
            "max": 1013
          },
          "redirectStart": {
            "median": 3,
            "mean": 3,
            "mdev": 0.2722,
            "stddev": 0,
            "min": 2,
            "p10": 2,
            "p90": 3,
            "p99": 3,
            "max": 3
          },
          "requestStart": {
            "median": 709,
            "mean": 1254,
            "mdev": 468.3108,
            "stddev": 811,
            "min": 653,
            "p10": 653,
            "p90": 2401,
            "p99": 2401,
            "max": 2401
          },
          "responseEnd": {
            "median": 956,
            "mean": 1588,
            "mdev": 537.9497,
            "stddev": 932,
            "min": 902,
            "p10": 902,
            "p90": 2905,
            "p99": 2905,
            "max": 2905
          },
          "responseStart": {
            "median": 956,
            "mean": 1588,
            "mdev": 537.9497,
            "stddev": 932,
            "min": 902,
            "p10": 902,
            "p90": 2905,
            "p99": 2905,
            "max": 2905
          },
          "secureConnectionStart": {
            "median": 446,
            "mean": 903,
            "mdev": 395.5329,
            "stddev": 685,
            "min": 391,
            "p10": 391,
            "p90": 1871,
            "p99": 1871,
            "max": 1871
          },
          "startTime": {
            "median": 0,
            "mean": 0,
            "mdev": 0,
            "stddev": 0,
            "min": 0,
            "p10": 0,
            "p90": 0,
            "p99": 0,
            "max": 0
          },
          "unloadEventEnd": {
            "median": 0,
            "mean": 0,
            "mdev": 0,
            "stddev": 0,
            "min": 0,
            "p10": 0,
            "p90": 0,
            "p99": 0,
            "max": 0
          },
          "unloadEventStart": {
            "median": 0,
            "mean": 0,
            "mdev": 0,
            "stddev": 0,
            "min": 0,
            "p10": 0,
            "p90": 0,
            "p99": 0,
            "max": 0
          },
          "workerStart": {
            "median": 0,
            "mean": 0,
            "mdev": 0,
            "stddev": 0,
            "min": 0,
            "p10": 0,
            "p90": 0,
            "p99": 0,
            "max": 0
          }
        },
        "pageTimings": {
          "backEndTime": {
            "median": 956,
            "mean": 1588,
            "mdev": 537.9497,
            "stddev": 932,
            "min": 902,
            "p10": 902,
            "p90": 2905,
            "p99": 2905,
            "max": 2905
          },
          "domContentLoadedTime": {
            "median": 7140,
            "mean": 7053,
            "mdev": 724.9546,
            "stddev": 1256,
            "min": 5473,
            "p10": 5473,
            "p90": 8545,
            "p99": 8545,
            "max": 8545
          },
          "domInteractiveTime": {
            "median": 6961,
            "mean": 6887,
            "mdev": 725.4195,
            "stddev": 1256,
            "min": 5312,
            "p10": 5312,
            "p90": 8387,
            "p99": 8387,
            "max": 8387
          },
          "domainLookupTime": {
            "median": 0,
            "mean": 108,
            "mdev": 87.9095,
            "stddev": 152,
            "min": 0,
            "p10": 0,
            "p90": 323,
            "p99": 323,
            "max": 323
          },
          "frontEndTime": {
            "median": 196641,
            "mean": 171211,
            "mdev": 22349.6615,
            "stddev": 38711,
            "min": 116511,
            "p10": 116511,
            "p90": 200482,
            "p99": 200482,
            "max": 200482
          },
          "pageDownloadTime": {
            "median": 0,
            "mean": 0,
            "mdev": 0,
            "stddev": 0,
            "min": 0,
            "p10": 0,
            "p90": 0,
            "p99": 0,
            "max": 0
          },
          "pageLoadTime": {
            "median": 197544,
            "mean": 172799,
            "mdev": 21812.8269,
            "stddev": 37781,
            "min": 119416,
            "p10": 119416,
            "p90": 201437,
            "p99": 201437,
            "max": 201437
          },
          "redirectionTime": {
            "median": 207,
            "mean": 458,
            "mdev": 226.0811,
            "stddev": 392,
            "min": 156,
            "p10": 156,
            "p90": 1011,
            "p99": 1011,
            "max": 1011
          },
          "serverConnectionTime": {
            "median": 468,
            "mean": 665,
            "mdev": 161.122,
            "stddev": 279,
            "min": 468,
            "p10": 468,
            "p90": 1060,
            "p99": 1060,
            "max": 1060
          },
          "serverResponseTime": {
            "median": 249,
            "mean": 333,
            "mdev": 69.814,
            "stddev": 121,
            "min": 246,
            "p10": 246,
            "p90": 504,
            "p99": 504,
            "max": 504
          }
        },
        "rumSpeedIndex": {
          "median": 955,
          "mean": 1587,
          "mdev": 538.0802,
          "stddev": 932,
          "min": 902,
          "p10": 902,
          "p90": 2905,
          "p99": 2905,
          "max": 2905
        },
        "timeToContentfulPaint": {
          "median": 3513,
          "mean": 3593,
          "mdev": 623.5812,
          "stddev": 1080,
          "min": 2312,
          "p10": 2312,
          "p90": 4954,
          "p99": 4954,
          "max": 4954
        },
        "timeToDomContentFlushed": {
          "median": 7012,
          "mean": 6937,
          "mdev": 725.6722,
          "stddev": 1257,
          "min": 5361,
          "p10": 5361,
          "p90": 8437,
          "p99": 8437,
          "max": 8437
        }
      }
    }
  }
]