[
  {
    "info": {
      "browsertime": {
        "version": "8.4.0"
      },
      "url": "https://www.aliexpress.com/",
      "timestamp": "2021-03-30T02:35:51+04:00",
      "connectivity": {
        "engine": "external",
        "profile": "native"
      },
      "extra": {}
    },
    "files": {
      "video": [],
      "screenshot": [],
      "timeline": [],
      "consoleLog": [],
      "netLog": [],
      "perfLog": []
    },
    "cdp": {
      "performance": []
    },
    "timestamps": [
      "2021-03-30T02:35:34+04:00",
      "2021-03-30T02:36:02+04:00",
      "2021-03-30T02:36:31+04:00"
    ],
    "browserScripts": [
      {
        "browser": {
          "appConstants": {
            "ACCESSIBILITY": true,
            "ANDROID_PACKAGE_NAME": "org.mozilla.firefox",
            "ASAN": false,
            "ASAN_REPORTER": false,
            "BROWSER_CHROME_URL": "chrome://browser/content/browser.xul",
            "DEBUG": false,
            "DEBUG_JS_MODULES": "",
            "DLL_PREFIX": "lib",
            "DLL_SUFFIX": ".so",
            "EARLY_BETA_OR_EARLIER": false,
            "FENNEC_NIGHTLY": false,
            "HAVE_SHELL_SERVICE": false,
            "HAVE_USR_LIB64_DIR": false,
            "MENUBAR_CAN_AUTOHIDE": false,
            "MOZILLA_OFFICIAL": true,
            "MOZ_ALLOW_LEGACY_EXTENSIONS": false,
            "MOZ_ANDROID_ACTIVITY_STREAM": false,
            "MOZ_ANDROID_HISTORY": true,
            "MOZ_ANDROID_MOZILLA_ONLINE": false,
            "MOZ_APP_NAME": "fennec",
            "MOZ_APP_VERSION": "68.1.1",
            "MOZ_APP_VERSION_DISPLAY": "68.1.1",
            "MOZ_BING_API_CLIENTID": "no-bing-api-clientid",
            "MOZ_BING_API_KEY": "no-bing-api-key",
            "MOZ_BITS_DOWNLOAD": false,
            "MOZ_BUILD_APP": "mobile/android",
            "MOZ_CODE_COVERAGE": false,
            "MOZ_CRASHREPORTER": true,
            "MOZ_DATA_REPORTING": true,
            "MOZ_DEV_EDITION": false,
            "MOZ_GECKO_PROFILER": true,
            "MOZ_GOOGLE_LOCATION_SERVICE_API_KEY": "AIzaSyB2h2OuRcUgy5N-5hsZqiPW6sH3n_rptiQ",
            "MOZ_GOOGLE_SAFEBROWSING_API_KEY": "AIzaSyC7jsptDS3am4tPx4r3nxis7IMjBc5Dovo",
            "MOZ_GRAPHENE": false,
            "MOZ_MACBUNDLE_NAME": "Firefox.app",
            "MOZ_MAINTENANCE_SERVICE": false,
            "MOZ_MOZILLA_API_KEY": "3b4d27dd-703d-4094-8398-4de2c763505a",
            "MOZ_NEW_CERT_STORAGE": false,
            "MOZ_NEW_NOTIFICATION_STORE": false,
            "MOZ_NEW_XULSTORE": false,
            "MOZ_OFFICIAL_BRANDING": false,
            "MOZ_PLACES": false,
            "MOZ_REQUIRE_SIGNING": false,
            "MOZ_SANDBOX": false,
            "MOZ_SERVICES_HEALTHREPORT": true,
            "MOZ_SERVICES_SYNC": false,
            "MOZ_SWITCHBOARD": true,
            "MOZ_SYSTEM_NSS": false,
            "MOZ_TELEMETRY_ON_BY_DEFAULT": false,
            "MOZ_TELEMETRY_REPORTING": true,
            "MOZ_UNSIGNED_SCOPES": 0,
            "MOZ_UPDATER": false,
            "MOZ_UPDATE_CHANNEL": "release",
            "MOZ_WEBRTC": true,
            "MOZ_WIDGET_GTK": false,
            "MOZ_WIDGET_TOOLKIT": "android",
            "NIGHTLY_BUILD": false,
            "OMNIJAR_NAME": "assets/omni.ja",
            "RELEASE_OR_BETA": true,
            "SOURCE_REVISION_URL": "https://hg.mozilla.org/releases/mozilla-esr68/rev/d2e0b9e17b9bc1ef02606c8006b73293f7892ad5",
            "TELEMETRY_PING_FORMAT_VERSION": 4,
            "XP_UNIX": true,
            "isPlatformAndVersionAtLeast": {},
            "isPlatformAndVersionAtMost": {},
            "platform": "android"
          },
          "asyncAppConstants": {
            "ACCESSIBILITY": true,
            "ANDROID_PACKAGE_NAME": "org.mozilla.firefox",
            "ASAN": false,
            "ASAN_REPORTER": false,
            "BROWSER_CHROME_URL": "chrome://browser/content/browser.xul",
            "DEBUG": false,
            "DEBUG_JS_MODULES": "",
            "DLL_PREFIX": "lib",
            "DLL_SUFFIX": ".so",
            "EARLY_BETA_OR_EARLIER": false,
            "FENNEC_NIGHTLY": false,
            "HAVE_SHELL_SERVICE": false,
            "HAVE_USR_LIB64_DIR": false,
            "MENUBAR_CAN_AUTOHIDE": false,
            "MOZILLA_OFFICIAL": true,
            "MOZ_ALLOW_LEGACY_EXTENSIONS": false,
            "MOZ_ANDROID_ACTIVITY_STREAM": false,
            "MOZ_ANDROID_HISTORY": true,
            "MOZ_ANDROID_MOZILLA_ONLINE": false,
            "MOZ_APP_NAME": "fennec",
            "MOZ_APP_VERSION": "68.1.1",
            "MOZ_APP_VERSION_DISPLAY": "68.1.1",
            "MOZ_BING_API_CLIENTID": "no-bing-api-clientid",
            "MOZ_BING_API_KEY": "no-bing-api-key",
            "MOZ_BITS_DOWNLOAD": false,
            "MOZ_BUILD_APP": "mobile/android",
            "MOZ_CODE_COVERAGE": false,
            "MOZ_CRASHREPORTER": true,
            "MOZ_DATA_REPORTING": true,
            "MOZ_DEV_EDITION": false,
            "MOZ_GECKO_PROFILER": true,
            "MOZ_GOOGLE_LOCATION_SERVICE_API_KEY": "AIzaSyB2h2OuRcUgy5N-5hsZqiPW6sH3n_rptiQ",
            "MOZ_GOOGLE_SAFEBROWSING_API_KEY": "AIzaSyC7jsptDS3am4tPx4r3nxis7IMjBc5Dovo",
            "MOZ_GRAPHENE": false,
            "MOZ_MACBUNDLE_NAME": "Firefox.app",
            "MOZ_MAINTENANCE_SERVICE": false,
            "MOZ_MOZILLA_API_KEY": "3b4d27dd-703d-4094-8398-4de2c763505a",
            "MOZ_NEW_CERT_STORAGE": false,
            "MOZ_NEW_NOTIFICATION_STORE": false,
            "MOZ_NEW_XULSTORE": false,
            "MOZ_OFFICIAL_BRANDING": false,
            "MOZ_PLACES": false,
            "MOZ_REQUIRE_SIGNING": false,
            "MOZ_SANDBOX": false,
            "MOZ_SERVICES_HEALTHREPORT": true,
            "MOZ_SERVICES_SYNC": false,
            "MOZ_SWITCHBOARD": true,
            "MOZ_SYSTEM_NSS": false,
            "MOZ_TELEMETRY_ON_BY_DEFAULT": false,
            "MOZ_TELEMETRY_REPORTING": true,
            "MOZ_UNSIGNED_SCOPES": 0,
            "MOZ_UPDATER": false,
            "MOZ_UPDATE_CHANNEL": "release",
            "MOZ_WEBRTC": true,
            "MOZ_WIDGET_GTK": false,
            "MOZ_WIDGET_TOOLKIT": "android",
            "NIGHTLY_BUILD": false,
            "OMNIJAR_NAME": "assets/omni.ja",
            "RELEASE_OR_BETA": true,
            "SOURCE_REVISION_URL": "https://hg.mozilla.org/releases/mozilla-esr68/rev/d2e0b9e17b9bc1ef02606c8006b73293f7892ad5",
            "TELEMETRY_PING_FORMAT_VERSION": 4,
            "XP_UNIX": true,
            "isPlatformAndVersionAtLeast": {},
            "isPlatformAndVersionAtMost": {},
            "platform": "android"
          },
          "userAgent": "Mozilla/5.0 (Android 8.1.0; Mobile; rv:68.0) Gecko/68.0 Firefox/68.0",
          "windowSize": "360x560"
        },
        "pageinfo": {
          "documentHeight": 1894,
          "documentSize": {
            "decodedBodySize": 21111,
            "encodedBodySize": 6533,
            "transferSize": 7902
          },
          "documentTitle": "Global Online Shopping for Apparel, Phones, Computers, Electronics, Fashion and more on AliExpress",
          "documentWidth": 360,
          "domElements": 348,
          "navigationStartTime": 1617057335282,
          "nextHopProtocol": "h2",
          "resources": {
            "count": 0,
            "duration": 0
          },
          "responsive": true,
          "url": "https://m.aliexpress.com/?tracelog=wwwhome2mobilesitehome",
          "visualElements": {
            "heroes": [
              {
                "filename": "H651849b13bc44ccda3f243937fa1c779y.gif",
                "height": 180,
                "name": "LargestImage",
                "width": 360,
                "x": 0,
                "y": 449
              }
            ],
            "viewport": {
              "height": 560,
              "width": 360
            }
          }
        },
        "timings": {
          "firstPaint": 606,
          "loadEventEnd": 9644,
          "navigationTiming": {
            "connectStart": 364,
            "domComplete": 9640,
            "domContentLoadedEventEnd": 1678,
            "domContentLoadedEventStart": 1668,
            "domInteractive": 1598,
            "domainLookupEnd": 364,
            "domainLookupStart": 364,
            "duration": 9644,
            "fetchStart": 340,
            "loadEventEnd": 9644,
            "loadEventStart": 9640,
            "redirectEnd": 334,
            "redirectStart": 3,
            "requestStart": 372,
            "responseEnd": 412,
            "responseStart": 412,
            "secureConnectionStart": 0,
            "startTime": 0,
            "unloadEventEnd": 0,
            "unloadEventStart": 0,
            "workerStart": 0
          },
          "pageTimings": {
            "backEndTime": 412,
            "domContentLoadedTime": 1668,
            "domInteractiveTime": 1598,
            "domainLookupTime": 0,
            "frontEndTime": 9228,
            "pageDownloadTime": 0,
            "pageLoadTime": 9640,
            "redirectionTime": 331,
            "serverConnectionTime": 0,
            "serverResponseTime": 40
          },
          "rumSpeedIndex": 411,
          "timeToContentfulPaint": 646,
          "timeToDomContentFlushed": 1609,
          "userTimings": {
            "marks": [
              {
                "name": "mark-startRender",
                "startTime": 497.5
              },
              {
                "name": "mark-dataComplete",
                "startTime": 1875.12
              },
              {
                "name": "mark-didMount",
                "startTime": 2291.6
              },
              {
                "name": "mark-cfpt",
                "startTime": 3054.52
              }
            ],
            "measures": [
              {
                "duration": 157.5,
                "name": "startRender",
                "startTime": 340
              },
              {
                "duration": 1535.12,
                "name": "dataComplete",
                "startTime": 340
              },
              {
                "duration": 1951.6,
                "name": "didMount",
                "startTime": 340
              },
              {
                "duration": 2714.52,
                "name": "cfpt",
                "startTime": 340
              }
            ]
          }
        }
      },
      {
        "browser": {
          "appConstants": {
            "ACCESSIBILITY": true,
            "ANDROID_PACKAGE_NAME": "org.mozilla.firefox",
            "ASAN": false,
            "ASAN_REPORTER": false,
            "BROWSER_CHROME_URL": "chrome://browser/content/browser.xul",
            "DEBUG": false,
            "DEBUG_JS_MODULES": "",
            "DLL_PREFIX": "lib",
            "DLL_SUFFIX": ".so",
            "EARLY_BETA_OR_EARLIER": false,
            "FENNEC_NIGHTLY": false,
            "HAVE_SHELL_SERVICE": false,
            "HAVE_USR_LIB64_DIR": false,
            "MENUBAR_CAN_AUTOHIDE": false,
            "MOZILLA_OFFICIAL": true,
            "MOZ_ALLOW_LEGACY_EXTENSIONS": false,
            "MOZ_ANDROID_ACTIVITY_STREAM": false,
            "MOZ_ANDROID_HISTORY": true,
            "MOZ_ANDROID_MOZILLA_ONLINE": false,
            "MOZ_APP_NAME": "fennec",
            "MOZ_APP_VERSION": "68.1.1",
            "MOZ_APP_VERSION_DISPLAY": "68.1.1",
            "MOZ_BING_API_CLIENTID": "no-bing-api-clientid",
            "MOZ_BING_API_KEY": "no-bing-api-key",
            "MOZ_BITS_DOWNLOAD": false,
            "MOZ_BUILD_APP": "mobile/android",
            "MOZ_CODE_COVERAGE": false,
            "MOZ_CRASHREPORTER": true,
            "MOZ_DATA_REPORTING": true,
            "MOZ_DEV_EDITION": false,
            "MOZ_GECKO_PROFILER": true,
            "MOZ_GOOGLE_LOCATION_SERVICE_API_KEY": "AIzaSyB2h2OuRcUgy5N-5hsZqiPW6sH3n_rptiQ",
            "MOZ_GOOGLE_SAFEBROWSING_API_KEY": "AIzaSyC7jsptDS3am4tPx4r3nxis7IMjBc5Dovo",
            "MOZ_GRAPHENE": false,
            "MOZ_MACBUNDLE_NAME": "Firefox.app",
            "MOZ_MAINTENANCE_SERVICE": false,
            "MOZ_MOZILLA_API_KEY": "3b4d27dd-703d-4094-8398-4de2c763505a",
            "MOZ_NEW_CERT_STORAGE": false,
            "MOZ_NEW_NOTIFICATION_STORE": false,
            "MOZ_NEW_XULSTORE": false,
            "MOZ_OFFICIAL_BRANDING": false,
            "MOZ_PLACES": false,
            "MOZ_REQUIRE_SIGNING": false,
            "MOZ_SANDBOX": false,
            "MOZ_SERVICES_HEALTHREPORT": true,
            "MOZ_SERVICES_SYNC": false,
            "MOZ_SWITCHBOARD": true,
            "MOZ_SYSTEM_NSS": false,
            "MOZ_TELEMETRY_ON_BY_DEFAULT": false,
            "MOZ_TELEMETRY_REPORTING": true,
            "MOZ_UNSIGNED_SCOPES": 0,
            "MOZ_UPDATER": false,
            "MOZ_UPDATE_CHANNEL": "release",
            "MOZ_WEBRTC": true,
            "MOZ_WIDGET_GTK": false,
            "MOZ_WIDGET_TOOLKIT": "android",
            "NIGHTLY_BUILD": false,
            "OMNIJAR_NAME": "assets/omni.ja",
            "RELEASE_OR_BETA": true,
            "SOURCE_REVISION_URL": "https://hg.mozilla.org/releases/mozilla-esr68/rev/d2e0b9e17b9bc1ef02606c8006b73293f7892ad5",
            "TELEMETRY_PING_FORMAT_VERSION": 4,
            "XP_UNIX": true,
            "isPlatformAndVersionAtLeast": {},
            "isPlatformAndVersionAtMost": {},
            "platform": "android"
          },
          "asyncAppConstants": {
            "ACCESSIBILITY": true,
            "ANDROID_PACKAGE_NAME": "org.mozilla.firefox",
            "ASAN": false,
            "ASAN_REPORTER": false,
            "BROWSER_CHROME_URL": "chrome://browser/content/browser.xul",
            "DEBUG": false,
            "DEBUG_JS_MODULES": "",
            "DLL_PREFIX": "lib",
            "DLL_SUFFIX": ".so",
            "EARLY_BETA_OR_EARLIER": false,
            "FENNEC_NIGHTLY": false,
            "HAVE_SHELL_SERVICE": false,
            "HAVE_USR_LIB64_DIR": false,
            "MENUBAR_CAN_AUTOHIDE": false,
            "MOZILLA_OFFICIAL": true,
            "MOZ_ALLOW_LEGACY_EXTENSIONS": false,
            "MOZ_ANDROID_ACTIVITY_STREAM": false,
            "MOZ_ANDROID_HISTORY": true,
            "MOZ_ANDROID_MOZILLA_ONLINE": false,
            "MOZ_APP_NAME": "fennec",
            "MOZ_APP_VERSION": "68.1.1",
            "MOZ_APP_VERSION_DISPLAY": "68.1.1",
            "MOZ_BING_API_CLIENTID": "no-bing-api-clientid",
            "MOZ_BING_API_KEY": "no-bing-api-key",
            "MOZ_BITS_DOWNLOAD": false,
            "MOZ_BUILD_APP": "mobile/android",
            "MOZ_CODE_COVERAGE": false,
            "MOZ_CRASHREPORTER": true,
            "MOZ_DATA_REPORTING": true,
            "MOZ_DEV_EDITION": false,
            "MOZ_GECKO_PROFILER": true,
            "MOZ_GOOGLE_LOCATION_SERVICE_API_KEY": "AIzaSyB2h2OuRcUgy5N-5hsZqiPW6sH3n_rptiQ",
            "MOZ_GOOGLE_SAFEBROWSING_API_KEY": "AIzaSyC7jsptDS3am4tPx4r3nxis7IMjBc5Dovo",
            "MOZ_GRAPHENE": false,
            "MOZ_MACBUNDLE_NAME": "Firefox.app",
            "MOZ_MAINTENANCE_SERVICE": false,
            "MOZ_MOZILLA_API_KEY": "3b4d27dd-703d-4094-8398-4de2c763505a",
            "MOZ_NEW_CERT_STORAGE": false,
            "MOZ_NEW_NOTIFICATION_STORE": false,
            "MOZ_NEW_XULSTORE": false,
            "MOZ_OFFICIAL_BRANDING": false,
            "MOZ_PLACES": false,
            "MOZ_REQUIRE_SIGNING": false,
            "MOZ_SANDBOX": false,
            "MOZ_SERVICES_HEALTHREPORT": true,
            "MOZ_SERVICES_SYNC": false,
            "MOZ_SWITCHBOARD": true,
            "MOZ_SYSTEM_NSS": false,
            "MOZ_TELEMETRY_ON_BY_DEFAULT": false,
            "MOZ_TELEMETRY_REPORTING": true,
            "MOZ_UNSIGNED_SCOPES": 0,
            "MOZ_UPDATER": false,
            "MOZ_UPDATE_CHANNEL": "release",
            "MOZ_WEBRTC": true,
            "MOZ_WIDGET_GTK": false,
            "MOZ_WIDGET_TOOLKIT": "android",
            "NIGHTLY_BUILD": false,
            "OMNIJAR_NAME": "assets/omni.ja",
            "RELEASE_OR_BETA": true,
            "SOURCE_REVISION_URL": "https://hg.mozilla.org/releases/mozilla-esr68/rev/d2e0b9e17b9bc1ef02606c8006b73293f7892ad5",
            "TELEMETRY_PING_FORMAT_VERSION": 4,
            "XP_UNIX": true,
            "isPlatformAndVersionAtLeast": {},
            "isPlatformAndVersionAtMost": {},
            "platform": "android"
          },
          "userAgent": "Mozilla/5.0 (Android 8.1.0; Mobile; rv:68.0) Gecko/68.0 Firefox/68.0",
          "windowSize": "360x560"
        },
        "pageinfo": {
          "documentHeight": 1894,
          "documentSize": {
            "decodedBodySize": 21111,
            "encodedBodySize": 6533,
            "transferSize": 7793
          },
          "documentTitle": "Global Online Shopping for Apparel, Phones, Computers, Electronics, Fashion and more on AliExpress",
          "documentWidth": 360,
          "domElements": 346,
          "navigationStartTime": 1617057362931,
          "nextHopProtocol": "h2",
          "resources": {
            "count": 0,
            "duration": 0
          },
          "responsive": true,
          "url": "https://m.aliexpress.com/?tracelog=wwwhome2mobilesitehome",
          "visualElements": {
            "heroes": [
              {
                "filename": "H651849b13bc44ccda3f243937fa1c779y.gif",
                "height": 180,
                "name": "LargestImage",
                "width": 360,
                "x": 0,
                "y": 449
              }
            ],
            "viewport": {
              "height": 560,
              "width": 360
            }
          }
        },
        "timings": {
          "firstPaint": 626,
          "loadEventEnd": 9673,
          "navigationTiming": {
            "connectStart": 345,
            "domComplete": 9667,
            "domContentLoadedEventEnd": 1597,
            "domContentLoadedEventStart": 1588,
            "domInteractive": 1521,
            "domainLookupEnd": 345,
            "domainLookupStart": 345,
            "duration": 9673,
            "fetchStart": 323,
            "loadEventEnd": 9673,
            "loadEventStart": 9667,
            "redirectEnd": 318,
            "redirectStart": 2,
            "requestStart": 354,
            "responseEnd": 439,
            "responseStart": 438,
            "secureConnectionStart": 0,
            "startTime": 0,
            "unloadEventEnd": 0,
            "unloadEventStart": 0,
            "workerStart": 0
          },
          "pageTimings": {
            "backEndTime": 438,
            "domContentLoadedTime": 1588,
            "domInteractiveTime": 1521,
            "domainLookupTime": 0,
            "frontEndTime": 9228,
            "pageDownloadTime": 1,
            "pageLoadTime": 9667,
            "redirectionTime": 315,
            "serverConnectionTime": 0,
            "serverResponseTime": 85
          },
          "rumSpeedIndex": 438,
          "timeToContentfulPaint": 665,
          "timeToDomContentFlushed": 1526,
          "timeToFirstInteractive": 7570,
          "userTimings": {
            "marks": [
              {
                "name": "mark-startRender",
                "startTime": 517.12
              },
              {
                "name": "mark-dataComplete",
                "startTime": 1710.16
              },
              {
                "name": "mark-didMount",
                "startTime": 2122.3
              },
              {
                "name": "mark-cfpt",
                "startTime": 2802.7200000000003
              }
            ],
            "measures": [
              {
                "duration": 195.12,
                "name": "startRender",
                "startTime": 322
              },
              {
                "duration": 1388.16,
                "name": "dataComplete",
                "startTime": 322
              },
              {
                "duration": 1800.3000000000002,
                "name": "didMount",
                "startTime": 322
              },
              {
                "duration": 2480.7200000000003,
                "name": "cfpt",
                "startTime": 322
              }
            ]
          }
        }
      },
      {
        "browser": {
          "appConstants": {
            "ACCESSIBILITY": true,
            "ANDROID_PACKAGE_NAME": "org.mozilla.firefox",
            "ASAN": false,
            "ASAN_REPORTER": false,
            "BROWSER_CHROME_URL": "chrome://browser/content/browser.xul",
            "DEBUG": false,
            "DEBUG_JS_MODULES": "",
            "DLL_PREFIX": "lib",
            "DLL_SUFFIX": ".so",
            "EARLY_BETA_OR_EARLIER": false,
            "FENNEC_NIGHTLY": false,
            "HAVE_SHELL_SERVICE": false,
            "HAVE_USR_LIB64_DIR": false,
            "MENUBAR_CAN_AUTOHIDE": false,
            "MOZILLA_OFFICIAL": true,
            "MOZ_ALLOW_LEGACY_EXTENSIONS": false,
            "MOZ_ANDROID_ACTIVITY_STREAM": false,
            "MOZ_ANDROID_HISTORY": true,
            "MOZ_ANDROID_MOZILLA_ONLINE": false,
            "MOZ_APP_NAME": "fennec",
            "MOZ_APP_VERSION": "68.1.1",
            "MOZ_APP_VERSION_DISPLAY": "68.1.1",
            "MOZ_BING_API_CLIENTID": "no-bing-api-clientid",
            "MOZ_BING_API_KEY": "no-bing-api-key",
            "MOZ_BITS_DOWNLOAD": false,
            "MOZ_BUILD_APP": "mobile/android",
            "MOZ_CODE_COVERAGE": false,
            "MOZ_CRASHREPORTER": true,
            "MOZ_DATA_REPORTING": true,
            "MOZ_DEV_EDITION": false,
            "MOZ_GECKO_PROFILER": true,
            "MOZ_GOOGLE_LOCATION_SERVICE_API_KEY": "AIzaSyB2h2OuRcUgy5N-5hsZqiPW6sH3n_rptiQ",
            "MOZ_GOOGLE_SAFEBROWSING_API_KEY": "AIzaSyC7jsptDS3am4tPx4r3nxis7IMjBc5Dovo",
            "MOZ_GRAPHENE": false,
            "MOZ_MACBUNDLE_NAME": "Firefox.app",
            "MOZ_MAINTENANCE_SERVICE": false,
            "MOZ_MOZILLA_API_KEY": "3b4d27dd-703d-4094-8398-4de2c763505a",
            "MOZ_NEW_CERT_STORAGE": false,
            "MOZ_NEW_NOTIFICATION_STORE": false,
            "MOZ_NEW_XULSTORE": false,
            "MOZ_OFFICIAL_BRANDING": false,
            "MOZ_PLACES": false,
            "MOZ_REQUIRE_SIGNING": false,
            "MOZ_SANDBOX": false,
            "MOZ_SERVICES_HEALTHREPORT": true,
            "MOZ_SERVICES_SYNC": false,
            "MOZ_SWITCHBOARD": true,
            "MOZ_SYSTEM_NSS": false,
            "MOZ_TELEMETRY_ON_BY_DEFAULT": false,
            "MOZ_TELEMETRY_REPORTING": true,
            "MOZ_UNSIGNED_SCOPES": 0,
            "MOZ_UPDATER": false,
            "MOZ_UPDATE_CHANNEL": "release",
            "MOZ_WEBRTC": true,
            "MOZ_WIDGET_GTK": false,
            "MOZ_WIDGET_TOOLKIT": "android",
            "NIGHTLY_BUILD": false,
            "OMNIJAR_NAME": "assets/omni.ja",
            "RELEASE_OR_BETA": true,
            "SOURCE_REVISION_URL": "https://hg.mozilla.org/releases/mozilla-esr68/rev/d2e0b9e17b9bc1ef02606c8006b73293f7892ad5",
            "TELEMETRY_PING_FORMAT_VERSION": 4,
            "XP_UNIX": true,
            "isPlatformAndVersionAtLeast": {},
            "isPlatformAndVersionAtMost": {},
            "platform": "android"
          },
          "asyncAppConstants": {
            "ACCESSIBILITY": true,
            "ANDROID_PACKAGE_NAME": "org.mozilla.firefox",
            "ASAN": false,
            "ASAN_REPORTER": false,
            "BROWSER_CHROME_URL": "chrome://browser/content/browser.xul",
            "DEBUG": false,
            "DEBUG_JS_MODULES": "",
            "DLL_PREFIX": "lib",
            "DLL_SUFFIX": ".so",
            "EARLY_BETA_OR_EARLIER": false,
            "FENNEC_NIGHTLY": false,
            "HAVE_SHELL_SERVICE": false,
            "HAVE_USR_LIB64_DIR": false,
            "MENUBAR_CAN_AUTOHIDE": false,
            "MOZILLA_OFFICIAL": true,
            "MOZ_ALLOW_LEGACY_EXTENSIONS": false,
            "MOZ_ANDROID_ACTIVITY_STREAM": false,
            "MOZ_ANDROID_HISTORY": true,
            "MOZ_ANDROID_MOZILLA_ONLINE": false,
            "MOZ_APP_NAME": "fennec",
            "MOZ_APP_VERSION": "68.1.1",
            "MOZ_APP_VERSION_DISPLAY": "68.1.1",
            "MOZ_BING_API_CLIENTID": "no-bing-api-clientid",
            "MOZ_BING_API_KEY": "no-bing-api-key",
            "MOZ_BITS_DOWNLOAD": false,
            "MOZ_BUILD_APP": "mobile/android",
            "MOZ_CODE_COVERAGE": false,
            "MOZ_CRASHREPORTER": true,
            "MOZ_DATA_REPORTING": true,
            "MOZ_DEV_EDITION": false,
            "MOZ_GECKO_PROFILER": true,
            "MOZ_GOOGLE_LOCATION_SERVICE_API_KEY": "AIzaSyB2h2OuRcUgy5N-5hsZqiPW6sH3n_rptiQ",
            "MOZ_GOOGLE_SAFEBROWSING_API_KEY": "AIzaSyC7jsptDS3am4tPx4r3nxis7IMjBc5Dovo",
            "MOZ_GRAPHENE": false,
            "MOZ_MACBUNDLE_NAME": "Firefox.app",
            "MOZ_MAINTENANCE_SERVICE": false,
            "MOZ_MOZILLA_API_KEY": "3b4d27dd-703d-4094-8398-4de2c763505a",
            "MOZ_NEW_CERT_STORAGE": false,
            "MOZ_NEW_NOTIFICATION_STORE": false,
            "MOZ_NEW_XULSTORE": false,
            "MOZ_OFFICIAL_BRANDING": false,
            "MOZ_PLACES": false,
            "MOZ_REQUIRE_SIGNING": false,
            "MOZ_SANDBOX": false,
            "MOZ_SERVICES_HEALTHREPORT": true,
            "MOZ_SERVICES_SYNC": false,
            "MOZ_SWITCHBOARD": true,
            "MOZ_SYSTEM_NSS": false,
            "MOZ_TELEMETRY_ON_BY_DEFAULT": false,
            "MOZ_TELEMETRY_REPORTING": true,
            "MOZ_UNSIGNED_SCOPES": 0,
            "MOZ_UPDATER": false,
            "MOZ_UPDATE_CHANNEL": "release",
            "MOZ_WEBRTC": true,
            "MOZ_WIDGET_GTK": false,
            "MOZ_WIDGET_TOOLKIT": "android",
            "NIGHTLY_BUILD": false,
            "OMNIJAR_NAME": "assets/omni.ja",
            "RELEASE_OR_BETA": true,
            "SOURCE_REVISION_URL": "https://hg.mozilla.org/releases/mozilla-esr68/rev/d2e0b9e17b9bc1ef02606c8006b73293f7892ad5",
            "TELEMETRY_PING_FORMAT_VERSION": 4,
            "XP_UNIX": true,
            "isPlatformAndVersionAtLeast": {},
            "isPlatformAndVersionAtMost": {},
            "platform": "android"
          },
          "userAgent": "Mozilla/5.0 (Android 8.1.0; Mobile; rv:68.0) Gecko/68.0 Firefox/68.0",
          "windowSize": "360x560"
        },
        "pageinfo": {
          "documentHeight": 1894,
          "documentSize": {
            "decodedBodySize": 21111,
            "encodedBodySize": 6533,
            "transferSize": 7783
          },
          "documentTitle": "Global Online Shopping for Apparel, Phones, Computers, Electronics, Fashion and more on AliExpress",
          "documentWidth": 360,
          "domElements": 347,
          "navigationStartTime": 1617057392298,
          "nextHopProtocol": "h2",
          "resources": {
            "count": 0,
            "duration": 0
          },
          "responsive": true,
          "url": "https://m.aliexpress.com/?tracelog=wwwhome2mobilesitehome",
          "visualElements": {
            "heroes": [
              {
                "filename": "H651849b13bc44ccda3f243937fa1c779y.gif",
                "height": 180,
                "name": "LargestImage",
                "width": 360,
                "x": 0,
                "y": 449
              }
            ],
            "viewport": {
              "height": 560,
              "width": 360
            }
          }
        },
        "timings": {
          "firstPaint": 673,
          "loadEventEnd": 8433,
          "navigationTiming": {
            "connectStart": 366,
            "domComplete": 8429,
            "domContentLoadedEventEnd": 1781,
            "domContentLoadedEventStart": 1774,
            "domInteractive": 1714,
            "domainLookupEnd": 366,
            "domainLookupStart": 366,
            "duration": 8433,
            "fetchStart": 345,
            "loadEventEnd": 8433,
            "loadEventStart": 8429,
            "redirectEnd": 342,
            "redirectStart": 2,
            "requestStart": 376,
            "responseEnd": 460,
            "responseStart": 459,
            "secureConnectionStart": 0,
            "startTime": 0,
            "unloadEventEnd": 0,
            "unloadEventStart": 0,
            "workerStart": 0
          },
          "pageTimings": {
            "backEndTime": 459,
            "domContentLoadedTime": 1774,
            "domInteractiveTime": 1714,
            "domainLookupTime": 0,
            "frontEndTime": 7969,
            "pageDownloadTime": 1,
            "pageLoadTime": 8429,
            "redirectionTime": 339,
            "serverConnectionTime": 0,
            "serverResponseTime": 85
          },
          "rumSpeedIndex": 459,
          "timeToContentfulPaint": 713,
          "timeToDomContentFlushed": 1722,
          "timeToFirstInteractive": 7615,
          "userTimings": {
            "marks": [
              {
                "name": "mark-startRender",
                "startTime": 558.52
              },
              {
                "name": "mark-dataComplete",
                "startTime": 1843.82
              },
              {
                "name": "mark-didMount",
                "startTime": 2246.98
              },
              {
                "name": "mark-cfpt",
                "startTime": 2913.44
              }
            ],
            "measures": [
              {
                "duration": 213.52,
                "name": "startRender",
                "startTime": 345
              },
              {
                "duration": 1498.82,
                "name": "dataComplete",
                "startTime": 345
              },
              {
                "duration": 1901.98,
                "name": "didMount",
                "startTime": 345
              },
              {
                "duration": 2568.44,
                "name": "cfpt",
                "startTime": 345
              }
            ]
          }
        }
      }
    ],
    "visualMetrics": [],
    "cpu": [],
    "extras": [
      {},
      {},
      {}
    ],
    "fullyLoaded": [],
    "errors": [
      [],
      [],
      []
    ],
    "statistics": {
      "browser": {
        "appConstants": {
          "MOZ_UNSIGNED_SCOPES": {
            "median": 0,
            "mean": 0,
            "mdev": 0,
            "stddev": 0,
            "min": 0,
            "p10": 0,
            "p90": 0,
            "p99": 0,
            "max": 0
          },
          "TELEMETRY_PING_FORMAT_VERSION": {
            "median": 4,
            "mean": 4,
            "mdev": 0,
            "stddev": 0,
            "min": 4,
            "p10": 4,
            "p90": 4,
            "p99": 4,
            "max": 4
          }
        },
        "asyncAppConstants": {
          "MOZ_UNSIGNED_SCOPES": {
            "median": 0,
            "mean": 0,
            "mdev": 0,
            "stddev": 0,
            "min": 0,
            "p10": 0,
            "p90": 0,
            "p99": 0,
            "max": 0
          },
          "TELEMETRY_PING_FORMAT_VERSION": {
            "median": 4,
            "mean": 4,
            "mdev": 0,
            "stddev": 0,
            "min": 4,
            "p10": 4,
            "p90": 4,
            "p99": 4,
            "max": 4
          }
        }
      },
      "pageinfo": {
        "documentHeight": {
          "median": 1894,
          "mean": 1894,
          "mdev": 0,
          "stddev": 0,
          "min": 1894,
          "p10": 1894,
          "p90": 1894,
          "p99": 1894,
          "max": 1894
        },
        "documentSize": {
          "decodedBodySize": {
            "median": 21111,
            "mean": 21111,
            "mdev": 0,
            "stddev": 0,
            "min": 21111,
            "p10": 21111,
            "p90": 21111,
            "p99": 21111,
            "max": 21111
          },
          "encodedBodySize": {
            "median": 6533,
            "mean": 6533,
            "mdev": 0,
            "stddev": 0,
            "min": 6533,
            "p10": 6533,
            "p90": 6533,
            "p99": 6533,
            "max": 6533
          },
          "transferSize": {
            "median": 7793,
            "mean": 7826,
            "mdev": 31.1163,
            "stddev": 54,
            "min": 7783,
            "p10": 7783,
            "p90": 7902,
            "p99": 7902,
            "max": 7902
          }
        },
        "documentWidth": {
          "median": 360,
          "mean": 360,
          "mdev": 0,
          "stddev": 0,
          "min": 360,
          "p10": 360,
          "p90": 360,
          "p99": 360,
          "max": 360
        },
        "domElements": {
          "median": 347,
          "mean": 347,
          "mdev": 0.4714,
          "stddev": 1,
          "min": 346,
          "p10": 346,
          "p90": 348,
          "p99": 348,
          "max": 348
        },
        "navigationStartTime": {
          "median": 1617057362931,
          "mean": 1617057363504,
          "mdev": 17836.64,
          "stddev": 30894,
          "min": 1617057335282,
          "p10": 1617057335282,
          "p90": 1617057392298,
          "p99": 1617057392298,
          "max": 1617057392298
        },
        "resources": {
          "count": {
            "median": 0,
            "mean": 0,
            "mdev": 0,
            "stddev": 0,
            "min": 0,
            "p10": 0,
            "p90": 0,
            "p99": 0,
            "max": 0
          },
          "duration": {
            "median": 0,
            "mean": 0,
            "mdev": 0,
            "stddev": 0,
            "min": 0,
            "p10": 0,
            "p90": 0,
            "p99": 0,
            "max": 0
          }
        },
        "visualElements": {
          "heroes": [
            {
              "height": {
                "median": 180,
                "mean": 180,
                "mdev": 0,
                "stddev": 0,
                "min": 180,
                "p10": 180,
                "p90": 180,
                "p99": 180,
                "max": 180
              },
              "width": {
                "median": 360,
                "mean": 360,
                "mdev": 0,
                "stddev": 0,
                "min": 360,
                "p10": 360,
                "p90": 360,
                "p99": 360,
                "max": 360
              },
              "x": {
                "median": 0,
                "mean": 0,
                "mdev": 0,
                "stddev": 0,
                "min": 0,
                "p10": 0,
                "p90": 0,
                "p99": 0,
                "max": 0
              },
              "y": {
                "median": 449,
                "mean": 449,
                "mdev": 0,
                "stddev": 0,
                "min": 449,
                "p10": 449,
                "p90": 449,
                "p99": 449,
                "max": 449
              }
            }
          ],
          "viewport": {
            "height": {
              "median": 560,
              "mean": 560,
              "mdev": 0,
              "stddev": 0,
              "min": 560,
              "p10": 560,
              "p90": 560,
              "p99": 560,
              "max": 560
            },
            "width": {
              "median": 360,
              "mean": 360,
              "mdev": 0,
              "stddev": 0,
              "min": 360,
              "p10": 360,
              "p90": 360,
              "p99": 360,
              "max": 360
            }
          }
        }
      },
      "timings": {
        "firstPaint": {
          "median": 626,
          "mean": 635,
          "mdev": 16.2138,
          "stddev": 28,
          "min": 606,
          "p10": 606,
          "p90": 673,
          "p99": 673,
          "max": 673
        },
        "loadEventEnd": {
          "median": 9644,
          "mean": 9250,
          "mdev": 333.6089,
          "stddev": 578,
          "min": 8433,
          "p10": 8433,
          "p90": 9673,
          "p99": 9673,
          "max": 9673
        },
        "navigationTiming": {
          "connectStart": {
            "median": 364,
            "mean": 358,
            "mdev": 5.4637,
            "stddev": 9,
            "min": 345,
            "p10": 345,
            "p90": 366,
            "p99": 366,
            "max": 366
          },
          "domComplete": {
            "median": 9640,
            "mean": 9245,
            "mdev": 333.3274,
            "stddev": 577,
            "min": 8429,
            "p10": 8429,
            "p90": 9667,
            "p99": 9667,
            "max": 9667
          },
          "domContentLoadedEventEnd": {
            "median": 1678,
            "mean": 1685,
            "mdev": 43.4724,
            "stddev": 75,
            "min": 1597,
            "p10": 1597,
            "p90": 1781,
            "p99": 1781,
            "max": 1781
          },
          "domContentLoadedEventStart": {
            "median": 1668,
            "mean": 1677,
            "mdev": 43.9832,
            "stddev": 76,
            "min": 1588,
            "p10": 1588,
            "p90": 1774,
            "p99": 1774,
            "max": 1774
          },
          "domInteractive": {
            "median": 1598,
            "mean": 1611,
            "mdev": 45.7991,
            "stddev": 79,
            "min": 1521,
            "p10": 1521,
            "p90": 1714,
            "p99": 1714,
            "max": 1714
          },
          "domainLookupEnd": {
            "median": 364,
            "mean": 358,
            "mdev": 5.4637,
            "stddev": 9,
            "min": 345,
            "p10": 345,
            "p90": 366,
            "p99": 366,
            "max": 366
          },
          "domainLookupStart": {
            "median": 364,
            "mean": 358,
            "mdev": 5.4637,
            "stddev": 9,
            "min": 345,
            "p10": 345,
            "p90": 366,
            "p99": 366,
            "max": 366
          },
          "duration": {
            "median": 9644,
            "mean": 9250,
            "mdev": 333.6089,
            "stddev": 578,
            "min": 8433,
            "p10": 8433,
            "p90": 9673,
            "p99": 9673,
            "max": 9673
          },
          "fetchStart": {
            "median": 340,
            "mean": 336,
            "mdev": 5.4365,
            "stddev": 9,
            "min": 323,
            "p10": 323,
            "p90": 345,
            "p99": 345,
            "max": 345
          },
          "loadEventEnd": {
            "median": 9644,
            "mean": 9250,
            "mdev": 333.6089,
            "stddev": 578,
            "min": 8433,
            "p10": 8433,
            "p90": 9673,
            "p99": 9673,
            "max": 9673
          },
          "loadEventStart": {
            "median": 9640,
            "mean": 9245,
            "mdev": 333.3274,
            "stddev": 577,
            "min": 8429,
            "p10": 8429,
            "p90": 9667,
            "p99": 9667,
            "max": 9667
          },
          "redirectEnd": {
            "median": 334,
            "mean": 331,
            "mdev": 5.7607,
            "stddev": 10,
            "min": 318,
            "p10": 318,
            "p90": 342,
            "p99": 342,
            "max": 342
          },
          "redirectStart": {
            "median": 2,
            "mean": 2,
            "mdev": 0.2722,
            "stddev": 0,
            "min": 2,
            "p10": 2,
            "p90": 3,
            "p99": 3,
            "max": 3
          },
          "requestStart": {
            "median": 372,
            "mean": 367,
            "mdev": 5.5244,
            "stddev": 10,
            "min": 354,
            "p10": 354,
            "p90": 376,
            "p99": 376,
            "max": 376
          },
          "responseEnd": {
            "median": 439,
            "mean": 437,
            "mdev": 11.3431,
            "stddev": 20,
            "min": 412,
            "p10": 412,
            "p90": 460,
            "p99": 460,
            "max": 460
          },
          "responseStart": {
            "median": 438,
            "mean": 436,
            "mdev": 11.0989,
            "stddev": 19,
            "min": 412,
            "p10": 412,
            "p90": 459,
            "p99": 459,
            "max": 459
          },
          "secureConnectionStart": {
            "median": 0,
            "mean": 0,
            "mdev": 0,
            "stddev": 0,
            "min": 0,
            "p10": 0,
            "p90": 0,
            "p99": 0,
            "max": 0
          },
          "startTime": {
            "median": 0,
            "mean": 0,
            "mdev": 0,
            "stddev": 0,
            "min": 0,
            "p10": 0,
            "p90": 0,
            "p99": 0,
            "max": 0
          },
          "unloadEventEnd": {
            "median": 0,
            "mean": 0,
            "mdev": 0,
            "stddev": 0,
            "min": 0,
            "p10": 0,
            "p90": 0,
            "p99": 0,
            "max": 0
          },
          "unloadEventStart": {
            "median": 0,
            "mean": 0,
            "mdev": 0,
            "stddev": 0,
            "min": 0,
            "p10": 0,
            "p90": 0,
            "p99": 0,
            "max": 0
          },
          "workerStart": {
            "median": 0,
            "mean": 0,
            "mdev": 0,
            "stddev": 0,
            "min": 0,
            "p10": 0,
            "p90": 0,
            "p99": 0,
            "max": 0
          }
        },
        "pageTimings": {
          "backEndTime": {
            "median": 438,
            "mean": 436,
            "mdev": 11.0989,
            "stddev": 19,
            "min": 412,
            "p10": 412,
            "p90": 459,
            "p99": 459,
            "max": 459
          },
          "domContentLoadedTime": {
            "median": 1668,
            "mean": 1677,
            "mdev": 43.9832,
            "stddev": 76,
            "min": 1588,
            "p10": 1588,
            "p90": 1774,
            "p99": 1774,
            "max": 1774
          },
          "domInteractiveTime": {
            "median": 1598,
            "mean": 1611,
            "mdev": 45.7991,
            "stddev": 79,
            "min": 1521,
            "p10": 1521,
            "p90": 1714,
            "p99": 1714,
            "max": 1714
          },
          "domainLookupTime": {
            "median": 0,
            "mean": 0,
            "mdev": 0,
            "stddev": 0,
            "min": 0,
            "p10": 0,
            "p90": 0,
            "p99": 0,
            "max": 0
          },
          "frontEndTime": {
            "median": 9228,
            "mean": 8808,
            "mdev": 342.6564,
            "stddev": 593,
            "min": 7969,
            "p10": 7969,
            "p90": 9228,
            "p99": 9228,
            "max": 9228
          },
          "pageDownloadTime": {
            "median": 1,
            "mean": 1,
            "mdev": 0.2722,
            "stddev": 0,
            "min": 0,
            "p10": 0,
            "p90": 1,
            "p99": 1,
            "max": 1
          },
          "pageLoadTime": {
            "median": 9640,
            "mean": 9245,
            "mdev": 333.3274,
            "stddev": 577,
            "min": 8429,
            "p10": 8429,
            "p90": 9667,
            "p99": 9667,
            "max": 9667
          },
          "redirectionTime": {
            "median": 331,
            "mean": 328,
            "mdev": 5.7607,
            "stddev": 10,
            "min": 315,
            "p10": 315,
            "p90": 339,
            "p99": 339,
            "max": 339
          },
          "serverConnectionTime": {
            "median": 0,
            "mean": 0,
            "mdev": 0,
            "stddev": 0,
            "min": 0,
            "p10": 0,
            "p90": 0,
            "p99": 0,
            "max": 0
          },
          "serverResponseTime": {
            "median": 85,
            "mean": 70,
            "mdev": 12.2474,
            "stddev": 21,
            "min": 40,
            "p10": 40,
            "p90": 85,
            "p99": 85,
            "max": 85
          }
        },
        "rumSpeedIndex": {
          "median": 438,
          "mean": 436,
          "mdev": 11.3431,
          "stddev": 20,
          "min": 411,
          "p10": 411,
          "p90": 459,
          "p99": 459,
          "max": 459
        },
        "timeToContentfulPaint": {
          "median": 665,
          "mean": 675,
          "mdev": 16.2777,
          "stddev": 28,
          "min": 646,
          "p10": 646,
          "p90": 713,
          "p99": 713,
          "max": 713
        },
        "timeToDomContentFlushed": {
          "median": 1609,
          "mean": 1619,
          "mdev": 46.3777,
          "stddev": 80,
          "min": 1526,
          "p10": 1526,
          "p90": 1722,
          "p99": 1722,
          "max": 1722
        },
        "userTimings": {
          "marks": {
            "mark-startRender": {
              "median": 517,
              "mean": 524,
              "mdev": 14.6848,
              "stddev": 25,
              "min": 498,
              "p10": 498,
              "p90": 559,
              "p99": 559,
              "max": 559
            },
            "mark-dataComplete": {
              "median": 1844,
              "mean": 1810,
              "mdev": 41.3013,
              "stddev": 72,
              "min": 1710,
              "p10": 1710,
              "p90": 1875,
              "p99": 1875,
              "max": 1875
            },
            "mark-didMount": {
              "median": 2247,
              "mean": 2220,
              "mdev": 41.3649,
              "stddev": 72,
              "min": 2122,
              "p10": 2122,
              "p90": 2292,
              "p99": 2292,
              "max": 2292
            },
            "mark-cfpt": {
              "median": 2913,
              "mean": 2924,
              "mdev": 59.4935,
              "stddev": 103,
              "min": 2803,
              "p10": 2803,
              "p90": 3055,
              "p99": 3055,
              "max": 3055
            }
          },
          "measures": {
            "startRender": {
              "median": 195,
              "mean": 189,
              "mdev": 13.4606,
              "stddev": 23,
              "min": 158,
              "p10": 158,
              "p90": 214,
              "p99": 214,
              "max": 214
            },
            "dataComplete": {
              "median": 1499,
              "mean": 1474,
              "mdev": 36.0866,
              "stddev": 63,
              "min": 1388,
              "p10": 1388,
              "p90": 1535,
              "p99": 1535,
              "max": 1535
            },
            "didMount": {
              "median": 1902,
              "mean": 1885,
              "mdev": 36.3586,
              "stddev": 63,
              "min": 1800,
              "p10": 1800,
              "p90": 1952,
              "p99": 1952,
              "max": 1952
            },
            "cfpt": {
              "median": 2568,
              "mean": 2588,
              "mdev": 55.6765,
              "stddev": 96,
              "min": 2481,
              "p10": 2481,
              "p90": 2715,
              "p99": 2715,
              "max": 2715
            }
          }
        },
        "timeToFirstInteractive": {
          "median": 7593,
          "mean": 7593,
          "mdev": 15.9099,
          "stddev": 23,
          "min": 7570,
          "p10": 7570,
          "p90": 7615,
          "p99": 7615,
          "max": 7615
        }
      }
    }
  }
]