[
  {
    "info": {
      "browsertime": {
        "version": "8.4.0"
      },
      "url": "https://yandex.ru/",
      "timestamp": "2021-03-30T14:20:38+04:00",
      "connectivity": {
        "engine": "external",
        "profile": "native"
      },
      "extra": {}
    },
    "files": {
      "video": [],
      "screenshot": [],
      "timeline": [],
      "consoleLog": [],
      "netLog": [],
      "perfLog": []
    },
    "cdp": {
      "performance": []
    },
    "timestamps": [
      "2021-03-30T14:20:27+04:00",
      "2021-03-30T14:20:44+04:00",
      "2021-03-30T14:21:01+04:00"
    ],
    "browserScripts": [
      {
        "browser": {
          "appConstants": {
            "ACCESSIBILITY": true,
            "ANDROID_PACKAGE_NAME": "org.mozilla.firefox",
            "ASAN": false,
            "ASAN_REPORTER": false,
            "BROWSER_CHROME_URL": "chrome://browser/content/browser.xul",
            "DEBUG": false,
            "DEBUG_JS_MODULES": "",
            "DLL_PREFIX": "lib",
            "DLL_SUFFIX": ".so",
            "EARLY_BETA_OR_EARLIER": false,
            "FENNEC_NIGHTLY": false,
            "HAVE_SHELL_SERVICE": false,
            "HAVE_USR_LIB64_DIR": false,
            "MENUBAR_CAN_AUTOHIDE": false,
            "MOZILLA_OFFICIAL": true,
            "MOZ_ALLOW_LEGACY_EXTENSIONS": false,
            "MOZ_ANDROID_ACTIVITY_STREAM": false,
            "MOZ_ANDROID_HISTORY": true,
            "MOZ_ANDROID_MOZILLA_ONLINE": false,
            "MOZ_APP_NAME": "fennec",
            "MOZ_APP_VERSION": "68.1.1",
            "MOZ_APP_VERSION_DISPLAY": "68.1.1",
            "MOZ_BING_API_CLIENTID": "no-bing-api-clientid",
            "MOZ_BING_API_KEY": "no-bing-api-key",
            "MOZ_BITS_DOWNLOAD": false,
            "MOZ_BUILD_APP": "mobile/android",
            "MOZ_CODE_COVERAGE": false,
            "MOZ_CRASHREPORTER": true,
            "MOZ_DATA_REPORTING": true,
            "MOZ_DEV_EDITION": false,
            "MOZ_GECKO_PROFILER": true,
            "MOZ_GOOGLE_LOCATION_SERVICE_API_KEY": "AIzaSyB2h2OuRcUgy5N-5hsZqiPW6sH3n_rptiQ",
            "MOZ_GOOGLE_SAFEBROWSING_API_KEY": "AIzaSyC7jsptDS3am4tPx4r3nxis7IMjBc5Dovo",
            "MOZ_GRAPHENE": false,
            "MOZ_MACBUNDLE_NAME": "Firefox.app",
            "MOZ_MAINTENANCE_SERVICE": false,
            "MOZ_MOZILLA_API_KEY": "3b4d27dd-703d-4094-8398-4de2c763505a",
            "MOZ_NEW_CERT_STORAGE": false,
            "MOZ_NEW_NOTIFICATION_STORE": false,
            "MOZ_NEW_XULSTORE": false,
            "MOZ_OFFICIAL_BRANDING": false,
            "MOZ_PLACES": false,
            "MOZ_REQUIRE_SIGNING": false,
            "MOZ_SANDBOX": false,
            "MOZ_SERVICES_HEALTHREPORT": true,
            "MOZ_SERVICES_SYNC": false,
            "MOZ_SWITCHBOARD": true,
            "MOZ_SYSTEM_NSS": false,
            "MOZ_TELEMETRY_ON_BY_DEFAULT": false,
            "MOZ_TELEMETRY_REPORTING": true,
            "MOZ_UNSIGNED_SCOPES": 0,
            "MOZ_UPDATER": false,
            "MOZ_UPDATE_CHANNEL": "release",
            "MOZ_WEBRTC": true,
            "MOZ_WIDGET_GTK": false,
            "MOZ_WIDGET_TOOLKIT": "android",
            "NIGHTLY_BUILD": false,
            "OMNIJAR_NAME": "assets/omni.ja",
            "RELEASE_OR_BETA": true,
            "SOURCE_REVISION_URL": "https://hg.mozilla.org/releases/mozilla-esr68/rev/d2e0b9e17b9bc1ef02606c8006b73293f7892ad5",
            "TELEMETRY_PING_FORMAT_VERSION": 4,
            "XP_UNIX": true,
            "isPlatformAndVersionAtLeast": {},
            "isPlatformAndVersionAtMost": {},
            "platform": "android"
          },
          "asyncAppConstants": {
            "ACCESSIBILITY": true,
            "ANDROID_PACKAGE_NAME": "org.mozilla.firefox",
            "ASAN": false,
            "ASAN_REPORTER": false,
            "BROWSER_CHROME_URL": "chrome://browser/content/browser.xul",
            "DEBUG": false,
            "DEBUG_JS_MODULES": "",
            "DLL_PREFIX": "lib",
            "DLL_SUFFIX": ".so",
            "EARLY_BETA_OR_EARLIER": false,
            "FENNEC_NIGHTLY": false,
            "HAVE_SHELL_SERVICE": false,
            "HAVE_USR_LIB64_DIR": false,
            "MENUBAR_CAN_AUTOHIDE": false,
            "MOZILLA_OFFICIAL": true,
            "MOZ_ALLOW_LEGACY_EXTENSIONS": false,
            "MOZ_ANDROID_ACTIVITY_STREAM": false,
            "MOZ_ANDROID_HISTORY": true,
            "MOZ_ANDROID_MOZILLA_ONLINE": false,
            "MOZ_APP_NAME": "fennec",
            "MOZ_APP_VERSION": "68.1.1",
            "MOZ_APP_VERSION_DISPLAY": "68.1.1",
            "MOZ_BING_API_CLIENTID": "no-bing-api-clientid",
            "MOZ_BING_API_KEY": "no-bing-api-key",
            "MOZ_BITS_DOWNLOAD": false,
            "MOZ_BUILD_APP": "mobile/android",
            "MOZ_CODE_COVERAGE": false,
            "MOZ_CRASHREPORTER": true,
            "MOZ_DATA_REPORTING": true,
            "MOZ_DEV_EDITION": false,
            "MOZ_GECKO_PROFILER": true,
            "MOZ_GOOGLE_LOCATION_SERVICE_API_KEY": "AIzaSyB2h2OuRcUgy5N-5hsZqiPW6sH3n_rptiQ",
            "MOZ_GOOGLE_SAFEBROWSING_API_KEY": "AIzaSyC7jsptDS3am4tPx4r3nxis7IMjBc5Dovo",
            "MOZ_GRAPHENE": false,
            "MOZ_MACBUNDLE_NAME": "Firefox.app",
            "MOZ_MAINTENANCE_SERVICE": false,
            "MOZ_MOZILLA_API_KEY": "3b4d27dd-703d-4094-8398-4de2c763505a",
            "MOZ_NEW_CERT_STORAGE": false,
            "MOZ_NEW_NOTIFICATION_STORE": false,
            "MOZ_NEW_XULSTORE": false,
            "MOZ_OFFICIAL_BRANDING": false,
            "MOZ_PLACES": false,
            "MOZ_REQUIRE_SIGNING": false,
            "MOZ_SANDBOX": false,
            "MOZ_SERVICES_HEALTHREPORT": true,
            "MOZ_SERVICES_SYNC": false,
            "MOZ_SWITCHBOARD": true,
            "MOZ_SYSTEM_NSS": false,
            "MOZ_TELEMETRY_ON_BY_DEFAULT": false,
            "MOZ_TELEMETRY_REPORTING": true,
            "MOZ_UNSIGNED_SCOPES": 0,
            "MOZ_UPDATER": false,
            "MOZ_UPDATE_CHANNEL": "release",
            "MOZ_WEBRTC": true,
            "MOZ_WIDGET_GTK": false,
            "MOZ_WIDGET_TOOLKIT": "android",
            "NIGHTLY_BUILD": false,
            "OMNIJAR_NAME": "assets/omni.ja",
            "RELEASE_OR_BETA": true,
            "SOURCE_REVISION_URL": "https://hg.mozilla.org/releases/mozilla-esr68/rev/d2e0b9e17b9bc1ef02606c8006b73293f7892ad5",
            "TELEMETRY_PING_FORMAT_VERSION": 4,
            "XP_UNIX": true,
            "isPlatformAndVersionAtLeast": {},
            "isPlatformAndVersionAtMost": {},
            "platform": "android"
          },
          "userAgent": "Mozilla/5.0 (Android 9; Mobile; rv:68.0) Gecko/68.0 Firefox/68.0",
          "windowSize": "360x612"
        },
        "pageinfo": {
          "documentHeight": 3786,
          "documentSize": {
            "decodedBodySize": 290091,
            "encodedBodySize": 66093,
            "transferSize": 71029
          },
          "documentTitle": "Яндекс",
          "documentWidth": 360,
          "domElements": 691,
          "navigationStartTime": 1617099628165,
          "nextHopProtocol": "h2",
          "resources": {
            "count": 0,
            "duration": 0
          },
          "responsive": true,
          "url": "https://yandex.ru/",
          "visualElements": {
            "heroes": [
              {
                "filename": null,
                "height": 53,
                "name": "Heading",
                "width": 360,
                "x": 0,
                "y": 269
              }
            ],
            "viewport": {
              "height": 612,
              "width": 360
            }
          }
        },
        "timings": {
          "firstPaint": 1463,
          "loadEventEnd": 4735,
          "navigationTiming": {
            "connectStart": 297,
            "domComplete": 4731,
            "domContentLoadedEventEnd": 2759,
            "domContentLoadedEventStart": 2740,
            "domInteractive": 1583,
            "domainLookupEnd": 296,
            "domainLookupStart": 296,
            "duration": 4735,
            "fetchStart": 3,
            "loadEventEnd": 4735,
            "loadEventStart": 4731,
            "redirectEnd": 0,
            "redirectStart": 0,
            "requestStart": 735,
            "responseEnd": 1073,
            "responseStart": 1073,
            "secureConnectionStart": 456,
            "startTime": 0,
            "unloadEventEnd": 0,
            "unloadEventStart": 0,
            "workerStart": 0
          },
          "pageTimings": {
            "backEndTime": 1073,
            "domContentLoadedTime": 2740,
            "domInteractiveTime": 1583,
            "domainLookupTime": 0,
            "frontEndTime": 3658,
            "pageDownloadTime": 0,
            "pageLoadTime": 4731,
            "redirectionTime": 0,
            "serverConnectionTime": 425,
            "serverResponseTime": 338
          },
          "rumSpeedIndex": 1072,
          "timeToContentfulPaint": 1675,
          "timeToDomContentFlushed": 2728,
          "userTimings": {
            "marks": [
              {
                "name": "2876: 1717.54",
                "startTime": 1717.64
              },
              {
                "name": "2700.2154: 2323.2200000000003",
                "startTime": 2323.26
              },
              {
                "name": "2700.1428: 2352.78",
                "startTime": 2352.82
              },
              {
                "name": "695.1309: 2465.26",
                "startTime": 2465.28
              },
              {
                "name": "2095.2154: 2775.28",
                "startTime": 2775.32
              },
              {
                "name": "2095.1428: 3154.66",
                "startTime": 3154.7200000000003
              },
              {
                "name": "2295: 3258.76",
                "startTime": 3258.8
              },
              {
                "name": "2295.2938: 3750.92",
                "startTime": 3750.96
              },
              {
                "name": "1724: 4731.12",
                "startTime": 4731.14
              }
            ],
            "measures": []
          }
        }
      },
      {
        "browser": {
          "appConstants": {
            "ACCESSIBILITY": true,
            "ANDROID_PACKAGE_NAME": "org.mozilla.firefox",
            "ASAN": false,
            "ASAN_REPORTER": false,
            "BROWSER_CHROME_URL": "chrome://browser/content/browser.xul",
            "DEBUG": false,
            "DEBUG_JS_MODULES": "",
            "DLL_PREFIX": "lib",
            "DLL_SUFFIX": ".so",
            "EARLY_BETA_OR_EARLIER": false,
            "FENNEC_NIGHTLY": false,
            "HAVE_SHELL_SERVICE": false,
            "HAVE_USR_LIB64_DIR": false,
            "MENUBAR_CAN_AUTOHIDE": false,
            "MOZILLA_OFFICIAL": true,
            "MOZ_ALLOW_LEGACY_EXTENSIONS": false,
            "MOZ_ANDROID_ACTIVITY_STREAM": false,
            "MOZ_ANDROID_HISTORY": true,
            "MOZ_ANDROID_MOZILLA_ONLINE": false,
            "MOZ_APP_NAME": "fennec",
            "MOZ_APP_VERSION": "68.1.1",
            "MOZ_APP_VERSION_DISPLAY": "68.1.1",
            "MOZ_BING_API_CLIENTID": "no-bing-api-clientid",
            "MOZ_BING_API_KEY": "no-bing-api-key",
            "MOZ_BITS_DOWNLOAD": false,
            "MOZ_BUILD_APP": "mobile/android",
            "MOZ_CODE_COVERAGE": false,
            "MOZ_CRASHREPORTER": true,
            "MOZ_DATA_REPORTING": true,
            "MOZ_DEV_EDITION": false,
            "MOZ_GECKO_PROFILER": true,
            "MOZ_GOOGLE_LOCATION_SERVICE_API_KEY": "AIzaSyB2h2OuRcUgy5N-5hsZqiPW6sH3n_rptiQ",
            "MOZ_GOOGLE_SAFEBROWSING_API_KEY": "AIzaSyC7jsptDS3am4tPx4r3nxis7IMjBc5Dovo",
            "MOZ_GRAPHENE": false,
            "MOZ_MACBUNDLE_NAME": "Firefox.app",
            "MOZ_MAINTENANCE_SERVICE": false,
            "MOZ_MOZILLA_API_KEY": "3b4d27dd-703d-4094-8398-4de2c763505a",
            "MOZ_NEW_CERT_STORAGE": false,
            "MOZ_NEW_NOTIFICATION_STORE": false,
            "MOZ_NEW_XULSTORE": false,
            "MOZ_OFFICIAL_BRANDING": false,
            "MOZ_PLACES": false,
            "MOZ_REQUIRE_SIGNING": false,
            "MOZ_SANDBOX": false,
            "MOZ_SERVICES_HEALTHREPORT": true,
            "MOZ_SERVICES_SYNC": false,
            "MOZ_SWITCHBOARD": true,
            "MOZ_SYSTEM_NSS": false,
            "MOZ_TELEMETRY_ON_BY_DEFAULT": false,
            "MOZ_TELEMETRY_REPORTING": true,
            "MOZ_UNSIGNED_SCOPES": 0,
            "MOZ_UPDATER": false,
            "MOZ_UPDATE_CHANNEL": "release",
            "MOZ_WEBRTC": true,
            "MOZ_WIDGET_GTK": false,
            "MOZ_WIDGET_TOOLKIT": "android",
            "NIGHTLY_BUILD": false,
            "OMNIJAR_NAME": "assets/omni.ja",
            "RELEASE_OR_BETA": true,
            "SOURCE_REVISION_URL": "https://hg.mozilla.org/releases/mozilla-esr68/rev/d2e0b9e17b9bc1ef02606c8006b73293f7892ad5",
            "TELEMETRY_PING_FORMAT_VERSION": 4,
            "XP_UNIX": true,
            "isPlatformAndVersionAtLeast": {},
            "isPlatformAndVersionAtMost": {},
            "platform": "android"
          },
          "asyncAppConstants": {
            "ACCESSIBILITY": true,
            "ANDROID_PACKAGE_NAME": "org.mozilla.firefox",
            "ASAN": false,
            "ASAN_REPORTER": false,
            "BROWSER_CHROME_URL": "chrome://browser/content/browser.xul",
            "DEBUG": false,
            "DEBUG_JS_MODULES": "",
            "DLL_PREFIX": "lib",
            "DLL_SUFFIX": ".so",
            "EARLY_BETA_OR_EARLIER": false,
            "FENNEC_NIGHTLY": false,
            "HAVE_SHELL_SERVICE": false,
            "HAVE_USR_LIB64_DIR": false,
            "MENUBAR_CAN_AUTOHIDE": false,
            "MOZILLA_OFFICIAL": true,
            "MOZ_ALLOW_LEGACY_EXTENSIONS": false,
            "MOZ_ANDROID_ACTIVITY_STREAM": false,
            "MOZ_ANDROID_HISTORY": true,
            "MOZ_ANDROID_MOZILLA_ONLINE": false,
            "MOZ_APP_NAME": "fennec",
            "MOZ_APP_VERSION": "68.1.1",
            "MOZ_APP_VERSION_DISPLAY": "68.1.1",
            "MOZ_BING_API_CLIENTID": "no-bing-api-clientid",
            "MOZ_BING_API_KEY": "no-bing-api-key",
            "MOZ_BITS_DOWNLOAD": false,
            "MOZ_BUILD_APP": "mobile/android",
            "MOZ_CODE_COVERAGE": false,
            "MOZ_CRASHREPORTER": true,
            "MOZ_DATA_REPORTING": true,
            "MOZ_DEV_EDITION": false,
            "MOZ_GECKO_PROFILER": true,
            "MOZ_GOOGLE_LOCATION_SERVICE_API_KEY": "AIzaSyB2h2OuRcUgy5N-5hsZqiPW6sH3n_rptiQ",
            "MOZ_GOOGLE_SAFEBROWSING_API_KEY": "AIzaSyC7jsptDS3am4tPx4r3nxis7IMjBc5Dovo",
            "MOZ_GRAPHENE": false,
            "MOZ_MACBUNDLE_NAME": "Firefox.app",
            "MOZ_MAINTENANCE_SERVICE": false,
            "MOZ_MOZILLA_API_KEY": "3b4d27dd-703d-4094-8398-4de2c763505a",
            "MOZ_NEW_CERT_STORAGE": false,
            "MOZ_NEW_NOTIFICATION_STORE": false,
            "MOZ_NEW_XULSTORE": false,
            "MOZ_OFFICIAL_BRANDING": false,
            "MOZ_PLACES": false,
            "MOZ_REQUIRE_SIGNING": false,
            "MOZ_SANDBOX": false,
            "MOZ_SERVICES_HEALTHREPORT": true,
            "MOZ_SERVICES_SYNC": false,
            "MOZ_SWITCHBOARD": true,
            "MOZ_SYSTEM_NSS": false,
            "MOZ_TELEMETRY_ON_BY_DEFAULT": false,
            "MOZ_TELEMETRY_REPORTING": true,
            "MOZ_UNSIGNED_SCOPES": 0,
            "MOZ_UPDATER": false,
            "MOZ_UPDATE_CHANNEL": "release",
            "MOZ_WEBRTC": true,
            "MOZ_WIDGET_GTK": false,
            "MOZ_WIDGET_TOOLKIT": "android",
            "NIGHTLY_BUILD": false,
            "OMNIJAR_NAME": "assets/omni.ja",
            "RELEASE_OR_BETA": true,
            "SOURCE_REVISION_URL": "https://hg.mozilla.org/releases/mozilla-esr68/rev/d2e0b9e17b9bc1ef02606c8006b73293f7892ad5",
            "TELEMETRY_PING_FORMAT_VERSION": 4,
            "XP_UNIX": true,
            "isPlatformAndVersionAtLeast": {},
            "isPlatformAndVersionAtMost": {},
            "platform": "android"
          },
          "userAgent": "Mozilla/5.0 (Android 9; Mobile; rv:68.0) Gecko/68.0 Firefox/68.0",
          "windowSize": "360x612"
        },
        "pageinfo": {
          "documentHeight": 3786,
          "documentSize": {
            "decodedBodySize": 289547,
            "encodedBodySize": 65882,
            "transferSize": 70821
          },
          "documentTitle": "Яндекс",
          "documentWidth": 360,
          "domElements": 691,
          "navigationStartTime": 1617099645281,
          "nextHopProtocol": "h2",
          "resources": {
            "count": 0,
            "duration": 0
          },
          "responsive": true,
          "url": "https://yandex.ru/",
          "visualElements": {
            "heroes": [
              {
                "filename": null,
                "height": 53,
                "name": "Heading",
                "width": 360,
                "x": 0,
                "y": 269
              }
            ],
            "viewport": {
              "height": 612,
              "width": 360
            }
          }
        },
        "timings": {
          "firstPaint": 1193,
          "loadEventEnd": 4345,
          "navigationTiming": {
            "connectStart": 39,
            "domComplete": 4341,
            "domContentLoadedEventEnd": 2510,
            "domContentLoadedEventStart": 2495,
            "domInteractive": 1304,
            "domainLookupEnd": 39,
            "domainLookupStart": 38,
            "duration": 4345,
            "fetchStart": 2,
            "loadEventEnd": 4345,
            "loadEventStart": 4341,
            "redirectEnd": 0,
            "redirectStart": 0,
            "requestStart": 436,
            "responseEnd": 841,
            "responseStart": 841,
            "secureConnectionStart": 207,
            "startTime": 0,
            "unloadEventEnd": 0,
            "unloadEventStart": 0,
            "workerStart": 0
          },
          "pageTimings": {
            "backEndTime": 841,
            "domContentLoadedTime": 2495,
            "domInteractiveTime": 1304,
            "domainLookupTime": 0,
            "frontEndTime": 3500,
            "pageDownloadTime": 0,
            "pageLoadTime": 4341,
            "redirectionTime": 0,
            "serverConnectionTime": 395,
            "serverResponseTime": 404
          },
          "rumSpeedIndex": 840,
          "timeToContentfulPaint": 1390,
          "timeToDomContentFlushed": 2490,
          "userTimings": {
            "marks": [
              {
                "name": "2876: 1420.58",
                "startTime": 1420.66
              },
              {
                "name": "2700.2154: 2147.7",
                "startTime": 2147.74
              },
              {
                "name": "2700.1428: 2173.9",
                "startTime": 2173.94
              },
              {
                "name": "695.1309: 2217.96",
                "startTime": 2218
              },
              {
                "name": "2095.2154: 2524.08",
                "startTime": 2524.14
              },
              {
                "name": "2095.1428: 2841.98",
                "startTime": 2842.04
              },
              {
                "name": "2295: 2939.68",
                "startTime": 2939.74
              },
              {
                "name": "2295.2938: 3382.7200000000003",
                "startTime": 3382.76
              },
              {
                "name": "1724: 4341.46",
                "startTime": 4341.5
              }
            ],
            "measures": []
          }
        }
      },
      {
        "browser": {
          "appConstants": {
            "ACCESSIBILITY": true,
            "ANDROID_PACKAGE_NAME": "org.mozilla.firefox",
            "ASAN": false,
            "ASAN_REPORTER": false,
            "BROWSER_CHROME_URL": "chrome://browser/content/browser.xul",
            "DEBUG": false,
            "DEBUG_JS_MODULES": "",
            "DLL_PREFIX": "lib",
            "DLL_SUFFIX": ".so",
            "EARLY_BETA_OR_EARLIER": false,
            "FENNEC_NIGHTLY": false,
            "HAVE_SHELL_SERVICE": false,
            "HAVE_USR_LIB64_DIR": false,
            "MENUBAR_CAN_AUTOHIDE": false,
            "MOZILLA_OFFICIAL": true,
            "MOZ_ALLOW_LEGACY_EXTENSIONS": false,
            "MOZ_ANDROID_ACTIVITY_STREAM": false,
            "MOZ_ANDROID_HISTORY": true,
            "MOZ_ANDROID_MOZILLA_ONLINE": false,
            "MOZ_APP_NAME": "fennec",
            "MOZ_APP_VERSION": "68.1.1",
            "MOZ_APP_VERSION_DISPLAY": "68.1.1",
            "MOZ_BING_API_CLIENTID": "no-bing-api-clientid",
            "MOZ_BING_API_KEY": "no-bing-api-key",
            "MOZ_BITS_DOWNLOAD": false,
            "MOZ_BUILD_APP": "mobile/android",
            "MOZ_CODE_COVERAGE": false,
            "MOZ_CRASHREPORTER": true,
            "MOZ_DATA_REPORTING": true,
            "MOZ_DEV_EDITION": false,
            "MOZ_GECKO_PROFILER": true,
            "MOZ_GOOGLE_LOCATION_SERVICE_API_KEY": "AIzaSyB2h2OuRcUgy5N-5hsZqiPW6sH3n_rptiQ",
            "MOZ_GOOGLE_SAFEBROWSING_API_KEY": "AIzaSyC7jsptDS3am4tPx4r3nxis7IMjBc5Dovo",
            "MOZ_GRAPHENE": false,
            "MOZ_MACBUNDLE_NAME": "Firefox.app",
            "MOZ_MAINTENANCE_SERVICE": false,
            "MOZ_MOZILLA_API_KEY": "3b4d27dd-703d-4094-8398-4de2c763505a",
            "MOZ_NEW_CERT_STORAGE": false,
            "MOZ_NEW_NOTIFICATION_STORE": false,
            "MOZ_NEW_XULSTORE": false,
            "MOZ_OFFICIAL_BRANDING": false,
            "MOZ_PLACES": false,
            "MOZ_REQUIRE_SIGNING": false,
            "MOZ_SANDBOX": false,
            "MOZ_SERVICES_HEALTHREPORT": true,
            "MOZ_SERVICES_SYNC": false,
            "MOZ_SWITCHBOARD": true,
            "MOZ_SYSTEM_NSS": false,
            "MOZ_TELEMETRY_ON_BY_DEFAULT": false,
            "MOZ_TELEMETRY_REPORTING": true,
            "MOZ_UNSIGNED_SCOPES": 0,
            "MOZ_UPDATER": false,
            "MOZ_UPDATE_CHANNEL": "release",
            "MOZ_WEBRTC": true,
            "MOZ_WIDGET_GTK": false,
            "MOZ_WIDGET_TOOLKIT": "android",
            "NIGHTLY_BUILD": false,
            "OMNIJAR_NAME": "assets/omni.ja",
            "RELEASE_OR_BETA": true,
            "SOURCE_REVISION_URL": "https://hg.mozilla.org/releases/mozilla-esr68/rev/d2e0b9e17b9bc1ef02606c8006b73293f7892ad5",
            "TELEMETRY_PING_FORMAT_VERSION": 4,
            "XP_UNIX": true,
            "isPlatformAndVersionAtLeast": {},
            "isPlatformAndVersionAtMost": {},
            "platform": "android"
          },
          "asyncAppConstants": {
            "ACCESSIBILITY": true,
            "ANDROID_PACKAGE_NAME": "org.mozilla.firefox",
            "ASAN": false,
            "ASAN_REPORTER": false,
            "BROWSER_CHROME_URL": "chrome://browser/content/browser.xul",
            "DEBUG": false,
            "DEBUG_JS_MODULES": "",
            "DLL_PREFIX": "lib",
            "DLL_SUFFIX": ".so",
            "EARLY_BETA_OR_EARLIER": false,
            "FENNEC_NIGHTLY": false,
            "HAVE_SHELL_SERVICE": false,
            "HAVE_USR_LIB64_DIR": false,
            "MENUBAR_CAN_AUTOHIDE": false,
            "MOZILLA_OFFICIAL": true,
            "MOZ_ALLOW_LEGACY_EXTENSIONS": false,
            "MOZ_ANDROID_ACTIVITY_STREAM": false,
            "MOZ_ANDROID_HISTORY": true,
            "MOZ_ANDROID_MOZILLA_ONLINE": false,
            "MOZ_APP_NAME": "fennec",
            "MOZ_APP_VERSION": "68.1.1",
            "MOZ_APP_VERSION_DISPLAY": "68.1.1",
            "MOZ_BING_API_CLIENTID": "no-bing-api-clientid",
            "MOZ_BING_API_KEY": "no-bing-api-key",
            "MOZ_BITS_DOWNLOAD": false,
            "MOZ_BUILD_APP": "mobile/android",
            "MOZ_CODE_COVERAGE": false,
            "MOZ_CRASHREPORTER": true,
            "MOZ_DATA_REPORTING": true,
            "MOZ_DEV_EDITION": false,
            "MOZ_GECKO_PROFILER": true,
            "MOZ_GOOGLE_LOCATION_SERVICE_API_KEY": "AIzaSyB2h2OuRcUgy5N-5hsZqiPW6sH3n_rptiQ",
            "MOZ_GOOGLE_SAFEBROWSING_API_KEY": "AIzaSyC7jsptDS3am4tPx4r3nxis7IMjBc5Dovo",
            "MOZ_GRAPHENE": false,
            "MOZ_MACBUNDLE_NAME": "Firefox.app",
            "MOZ_MAINTENANCE_SERVICE": false,
            "MOZ_MOZILLA_API_KEY": "3b4d27dd-703d-4094-8398-4de2c763505a",
            "MOZ_NEW_CERT_STORAGE": false,
            "MOZ_NEW_NOTIFICATION_STORE": false,
            "MOZ_NEW_XULSTORE": false,
            "MOZ_OFFICIAL_BRANDING": false,
            "MOZ_PLACES": false,
            "MOZ_REQUIRE_SIGNING": false,
            "MOZ_SANDBOX": false,
            "MOZ_SERVICES_HEALTHREPORT": true,
            "MOZ_SERVICES_SYNC": false,
            "MOZ_SWITCHBOARD": true,
            "MOZ_SYSTEM_NSS": false,
            "MOZ_TELEMETRY_ON_BY_DEFAULT": false,
            "MOZ_TELEMETRY_REPORTING": true,
            "MOZ_UNSIGNED_SCOPES": 0,
            "MOZ_UPDATER": false,
            "MOZ_UPDATE_CHANNEL": "release",
            "MOZ_WEBRTC": true,
            "MOZ_WIDGET_GTK": false,
            "MOZ_WIDGET_TOOLKIT": "android",
            "NIGHTLY_BUILD": false,
            "OMNIJAR_NAME": "assets/omni.ja",
            "RELEASE_OR_BETA": true,
            "SOURCE_REVISION_URL": "https://hg.mozilla.org/releases/mozilla-esr68/rev/d2e0b9e17b9bc1ef02606c8006b73293f7892ad5",
            "TELEMETRY_PING_FORMAT_VERSION": 4,
            "XP_UNIX": true,
            "isPlatformAndVersionAtLeast": {},
            "isPlatformAndVersionAtMost": {},
            "platform": "android"
          },
          "userAgent": "Mozilla/5.0 (Android 9; Mobile; rv:68.0) Gecko/68.0 Firefox/68.0",
          "windowSize": "360x612"
        },
        "pageinfo": {
          "documentHeight": 3880,
          "documentSize": {
            "decodedBodySize": 289702,
            "encodedBodySize": 66125,
            "transferSize": 71061
          },
          "documentTitle": "Яндекс",
          "documentWidth": 360,
          "domElements": 691,
          "navigationStartTime": 1617099662466,
          "nextHopProtocol": "h2",
          "resources": {
            "count": 0,
            "duration": 0
          },
          "responsive": true,
          "url": "https://yandex.ru/",
          "visualElements": {
            "heroes": [
              {
                "filename": null,
                "height": 53,
                "name": "Heading",
                "width": 360,
                "x": 0,
                "y": 269
              }
            ],
            "viewport": {
              "height": 612,
              "width": 360
            }
          }
        },
        "timings": {
          "firstPaint": 1178,
          "loadEventEnd": 5886,
          "navigationTiming": {
            "connectStart": 90,
            "domComplete": 5860,
            "domContentLoadedEventEnd": 2575,
            "domContentLoadedEventStart": 2556,
            "domInteractive": 1288,
            "domainLookupEnd": 89,
            "domainLookupStart": 88,
            "duration": 5886,
            "fetchStart": 2,
            "loadEventEnd": 5886,
            "loadEventStart": 5860,
            "redirectEnd": 0,
            "redirectStart": 0,
            "requestStart": 511,
            "responseEnd": 839,
            "responseStart": 839,
            "secureConnectionStart": 246,
            "startTime": 0,
            "unloadEventEnd": 0,
            "unloadEventStart": 0,
            "workerStart": 0
          },
          "pageTimings": {
            "backEndTime": 839,
            "domContentLoadedTime": 2556,
            "domInteractiveTime": 1288,
            "domainLookupTime": 0,
            "frontEndTime": 5022,
            "pageDownloadTime": 0,
            "pageLoadTime": 5860,
            "redirectionTime": 0,
            "serverConnectionTime": 419,
            "serverResponseTime": 328
          },
          "rumSpeedIndex": 838,
          "timeToContentfulPaint": 1360,
          "timeToDomContentFlushed": 2556,
          "timeToFirstInteractive": 4502,
          "userTimings": {
            "marks": [
              {
                "name": "2876: 1397.72",
                "startTime": 1397.78
              },
              {
                "name": "2700.2154: 2122.58",
                "startTime": 2122.64
              },
              {
                "name": "2700.1428: 2164.66",
                "startTime": 2164.7200000000003
              },
              {
                "name": "695.1309: 2225.9",
                "startTime": 2225.94
              },
              {
                "name": "2095.2154: 2586.2000000000003",
                "startTime": 2586.28
              },
              {
                "name": "2095.1428: 2958.3",
                "startTime": 2958.38
              },
              {
                "name": "2295: 3071.36",
                "startTime": 3071.4
              },
              {
                "name": "2295.2938: 3584.08",
                "startTime": 3584.1
              },
              {
                "name": "1724: 5862.2",
                "startTime": 5862.28
              }
            ],
            "measures": []
          }
        }
      }
    ],
    "visualMetrics": [],
    "cpu": [],
    "extras": [
      {},
      {},
      {}
    ],
    "fullyLoaded": [],
    "errors": [
      [],
      [],
      []
    ],
    "statistics": {
      "browser": {
        "appConstants": {
          "MOZ_UNSIGNED_SCOPES": {
            "median": 0,
            "mean": 0,
            "mdev": 0,
            "stddev": 0,
            "min": 0,
            "p10": 0,
            "p90": 0,
            "p99": 0,
            "max": 0
          },
          "TELEMETRY_PING_FORMAT_VERSION": {
            "median": 4,
            "mean": 4,
            "mdev": 0,
            "stddev": 0,
            "min": 4,
            "p10": 4,
            "p90": 4,
            "p99": 4,
            "max": 4
          }
        },
        "asyncAppConstants": {
          "MOZ_UNSIGNED_SCOPES": {
            "median": 0,
            "mean": 0,
            "mdev": 0,
            "stddev": 0,
            "min": 0,
            "p10": 0,
            "p90": 0,
            "p99": 0,
            "max": 0
          },
          "TELEMETRY_PING_FORMAT_VERSION": {
            "median": 4,
            "mean": 4,
            "mdev": 0,
            "stddev": 0,
            "min": 4,
            "p10": 4,
            "p90": 4,
            "p99": 4,
            "max": 4
          }
        }
      },
      "pageinfo": {
        "documentHeight": {
          "median": 3786,
          "mean": 3817,
          "mdev": 25.5836,
          "stddev": 44,
          "min": 3786,
          "p10": 3786,
          "p90": 3880,
          "p99": 3880,
          "max": 3880
        },
        "documentSize": {
          "decodedBodySize": {
            "median": 289702,
            "mean": 289780,
            "mdev": 132.117,
            "stddev": 229,
            "min": 289547,
            "p10": 289547,
            "p90": 290091,
            "p99": 290091,
            "max": 290091
          },
          "encodedBodySize": {
            "median": 66093,
            "mean": 66033,
            "mdev": 62.2403,
            "stddev": 108,
            "min": 65882,
            "p10": 65882,
            "p90": 66125,
            "p99": 66125,
            "max": 66125
          },
          "transferSize": {
            "median": 71029,
            "mean": 70970,
            "mdev": 61.4299,
            "stddev": 106,
            "min": 70821,
            "p10": 70821,
            "p90": 71061,
            "p99": 71061,
            "max": 71061
          }
        },
        "documentWidth": {
          "median": 360,
          "mean": 360,
          "mdev": 0,
          "stddev": 0,
          "min": 360,
          "p10": 360,
          "p90": 360,
          "p99": 360,
          "max": 360
        },
        "domElements": {
          "median": 691,
          "mean": 691,
          "mdev": 0,
          "stddev": 0,
          "min": 691,
          "p10": 691,
          "p90": 691,
          "p99": 691,
          "max": 691
        },
        "navigationStartTime": {
          "median": 1617099645281,
          "mean": 1617099645304,
          "mdev": 0,
          "stddev": 0,
          "min": 1617099628165,
          "p10": 1617099628165,
          "p90": 1617099662466,
          "p99": 1617099662466,
          "max": 1617099662466
        },
        "resources": {
          "count": {
            "median": 0,
            "mean": 0,
            "mdev": 0,
            "stddev": 0,
            "min": 0,
            "p10": 0,
            "p90": 0,
            "p99": 0,
            "max": 0
          },
          "duration": {
            "median": 0,
            "mean": 0,
            "mdev": 0,
            "stddev": 0,
            "min": 0,
            "p10": 0,
            "p90": 0,
            "p99": 0,
            "max": 0
          }
        },
        "visualElements": {
          "heroes": [
            {
              "height": {
                "median": 53,
                "mean": 53,
                "mdev": 0,
                "stddev": 0,
                "min": 53,
                "p10": 53,
                "p90": 53,
                "p99": 53,
                "max": 53
              },
              "width": {
                "median": 360,
                "mean": 360,
                "mdev": 0,
                "stddev": 0,
                "min": 360,
                "p10": 360,
                "p90": 360,
                "p99": 360,
                "max": 360
              },
              "x": {
                "median": 0,
                "mean": 0,
                "mdev": 0,
                "stddev": 0,
                "min": 0,
                "p10": 0,
                "p90": 0,
                "p99": 0,
                "max": 0
              },
              "y": {
                "median": 269,
                "mean": 269,
                "mdev": 0,
                "stddev": 0,
                "min": 269,
                "p10": 269,
                "p90": 269,
                "p99": 269,
                "max": 269
              }
            }
          ],
          "viewport": {
            "height": {
              "median": 612,
              "mean": 612,
              "mdev": 0,
              "stddev": 0,
              "min": 612,
              "p10": 612,
              "p90": 612,
              "p99": 612,
              "max": 612
            },
            "width": {
              "median": 360,
              "mean": 360,
              "mdev": 0,
              "stddev": 0,
              "min": 360,
              "p10": 360,
              "p90": 360,
              "p99": 360,
              "max": 360
            }
          }
        }
      },
      "timings": {
        "firstPaint": {
          "median": 1193,
          "mean": 1278,
          "mdev": 75.6086,
          "stddev": 131,
          "min": 1178,
          "p10": 1178,
          "p90": 1463,
          "p99": 1463,
          "max": 1463
        },
        "loadEventEnd": {
          "median": 4735,
          "mean": 4989,
          "mdev": 377.6919,
          "stddev": 654,
          "min": 4345,
          "p10": 4345,
          "p90": 5886,
          "p99": 5886,
          "max": 5886
        },
        "navigationTiming": {
          "connectStart": {
            "median": 90,
            "mean": 142,
            "mdev": 64.4101,
            "stddev": 112,
            "min": 39,
            "p10": 39,
            "p90": 297,
            "p99": 297,
            "max": 297
          },
          "domComplete": {
            "median": 4731,
            "mean": 4977,
            "mdev": 371.8872,
            "stddev": 644,
            "min": 4341,
            "p10": 4341,
            "p90": 5860,
            "p99": 5860,
            "max": 5860
          },
          "domContentLoadedEventEnd": {
            "median": 2575,
            "mean": 2615,
            "mdev": 60.883,
            "stddev": 105,
            "min": 2510,
            "p10": 2510,
            "p90": 2759,
            "p99": 2759,
            "max": 2759
          },
          "domContentLoadedEventStart": {
            "median": 2556,
            "mean": 2597,
            "mdev": 60.1239,
            "stddev": 104,
            "min": 2495,
            "p10": 2495,
            "p90": 2740,
            "p99": 2740,
            "max": 2740
          },
          "domInteractive": {
            "median": 1304,
            "mean": 1392,
            "mdev": 78.2025,
            "stddev": 135,
            "min": 1288,
            "p10": 1288,
            "p90": 1583,
            "p99": 1583,
            "max": 1583
          },
          "domainLookupEnd": {
            "median": 89,
            "mean": 141,
            "mdev": 64.2328,
            "stddev": 111,
            "min": 39,
            "p10": 39,
            "p90": 296,
            "p99": 296,
            "max": 296
          },
          "domainLookupStart": {
            "median": 88,
            "mean": 141,
            "mdev": 64.5004,
            "stddev": 112,
            "min": 38,
            "p10": 38,
            "p90": 296,
            "p99": 296,
            "max": 296
          },
          "duration": {
            "median": 4735,
            "mean": 4989,
            "mdev": 377.6919,
            "stddev": 654,
            "min": 4345,
            "p10": 4345,
            "p90": 5886,
            "p99": 5886,
            "max": 5886
          },
          "fetchStart": {
            "median": 2,
            "mean": 2,
            "mdev": 0.2722,
            "stddev": 0,
            "min": 2,
            "p10": 2,
            "p90": 3,
            "p99": 3,
            "max": 3
          },
          "loadEventEnd": {
            "median": 4735,
            "mean": 4989,
            "mdev": 377.6919,
            "stddev": 654,
            "min": 4345,
            "p10": 4345,
            "p90": 5886,
            "p99": 5886,
            "max": 5886
          },
          "loadEventStart": {
            "median": 4731,
            "mean": 4977,
            "mdev": 371.8872,
            "stddev": 644,
            "min": 4341,
            "p10": 4341,
            "p90": 5860,
            "p99": 5860,
            "max": 5860
          },
          "redirectEnd": {
            "median": 0,
            "mean": 0,
            "mdev": 0,
            "stddev": 0,
            "min": 0,
            "p10": 0,
            "p90": 0,
            "p99": 0,
            "max": 0
          },
          "redirectStart": {
            "median": 0,
            "mean": 0,
            "mdev": 0,
            "stddev": 0,
            "min": 0,
            "p10": 0,
            "p90": 0,
            "p99": 0,
            "max": 0
          },
          "requestStart": {
            "median": 511,
            "mean": 561,
            "mdev": 73.3338,
            "stddev": 127,
            "min": 436,
            "p10": 436,
            "p90": 735,
            "p99": 735,
            "max": 735
          },
          "responseEnd": {
            "median": 841,
            "mean": 918,
            "mdev": 63.4163,
            "stddev": 110,
            "min": 839,
            "p10": 839,
            "p90": 1073,
            "p99": 1073,
            "max": 1073
          },
          "responseStart": {
            "median": 841,
            "mean": 918,
            "mdev": 63.4163,
            "stddev": 110,
            "min": 839,
            "p10": 839,
            "p90": 1073,
            "p99": 1073,
            "max": 1073
          },
          "secureConnectionStart": {
            "median": 246,
            "mean": 303,
            "mdev": 63.1348,
            "stddev": 109,
            "min": 207,
            "p10": 207,
            "p90": 456,
            "p99": 456,
            "max": 456
          },
          "startTime": {
            "median": 0,
            "mean": 0,
            "mdev": 0,
            "stddev": 0,
            "min": 0,
            "p10": 0,
            "p90": 0,
            "p99": 0,
            "max": 0
          },
          "unloadEventEnd": {
            "median": 0,
            "mean": 0,
            "mdev": 0,
            "stddev": 0,
            "min": 0,
            "p10": 0,
            "p90": 0,
            "p99": 0,
            "max": 0
          },
          "unloadEventStart": {
            "median": 0,
            "mean": 0,
            "mdev": 0,
            "stddev": 0,
            "min": 0,
            "p10": 0,
            "p90": 0,
            "p99": 0,
            "max": 0
          },
          "workerStart": {
            "median": 0,
            "mean": 0,
            "mdev": 0,
            "stddev": 0,
            "min": 0,
            "p10": 0,
            "p90": 0,
            "p99": 0,
            "max": 0
          }
        },
        "pageTimings": {
          "backEndTime": {
            "median": 841,
            "mean": 918,
            "mdev": 63.4163,
            "stddev": 110,
            "min": 839,
            "p10": 839,
            "p90": 1073,
            "p99": 1073,
            "max": 1073
          },
          "domContentLoadedTime": {
            "median": 2556,
            "mean": 2597,
            "mdev": 60.1239,
            "stddev": 104,
            "min": 2495,
            "p10": 2495,
            "p90": 2740,
            "p99": 2740,
            "max": 2740
          },
          "domInteractiveTime": {
            "median": 1304,
            "mean": 1392,
            "mdev": 78.2025,
            "stddev": 135,
            "min": 1288,
            "p10": 1288,
            "p90": 1583,
            "p99": 1583,
            "max": 1583
          },
          "domainLookupTime": {
            "median": 0,
            "mean": 0,
            "mdev": 0,
            "stddev": 0,
            "min": 0,
            "p10": 0,
            "p90": 0,
            "p99": 0,
            "max": 0
          },
          "frontEndTime": {
            "median": 3658,
            "mean": 4060,
            "mdev": 394.4966,
            "stddev": 683,
            "min": 3500,
            "p10": 3500,
            "p90": 5022,
            "p99": 5022,
            "max": 5022
          },
          "pageDownloadTime": {
            "median": 0,
            "mean": 0,
            "mdev": 0,
            "stddev": 0,
            "min": 0,
            "p10": 0,
            "p90": 0,
            "p99": 0,
            "max": 0
          },
          "pageLoadTime": {
            "median": 4731,
            "mean": 4977,
            "mdev": 371.8872,
            "stddev": 644,
            "min": 4341,
            "p10": 4341,
            "p90": 5860,
            "p99": 5860,
            "max": 5860
          },
          "redirectionTime": {
            "median": 0,
            "mean": 0,
            "mdev": 0,
            "stddev": 0,
            "min": 0,
            "p10": 0,
            "p90": 0,
            "p99": 0,
            "max": 0
          },
          "serverConnectionTime": {
            "median": 419,
            "mean": 413,
            "mdev": 7.4833,
            "stddev": 13,
            "min": 395,
            "p10": 395,
            "p90": 425,
            "p99": 425,
            "max": 425
          },
          "serverResponseTime": {
            "median": 338,
            "mean": 357,
            "mdev": 19.467,
            "stddev": 34,
            "min": 328,
            "p10": 328,
            "p90": 404,
            "p99": 404,
            "max": 404
          }
        },
        "rumSpeedIndex": {
          "median": 840,
          "mean": 917,
          "mdev": 63.4163,
          "stddev": 110,
          "min": 838,
          "p10": 838,
          "p90": 1072,
          "p99": 1072,
          "max": 1072
        },
        "timeToContentfulPaint": {
          "median": 1390,
          "mean": 1475,
          "mdev": 81.9553,
          "stddev": 142,
          "min": 1360,
          "p10": 1360,
          "p90": 1675,
          "p99": 1675,
          "max": 1675
        },
        "timeToDomContentFlushed": {
          "median": 2556,
          "mean": 2591,
          "mdev": 57.922,
          "stddev": 100,
          "min": 2490,
          "p10": 2490,
          "p90": 2728,
          "p99": 2728,
          "max": 2728
        },
        "userTimings": {
          "marks": {
            "2876: 1717.54": {
              "median": 1718,
              "mean": 1718,
              "mdev": 0,
              "stddev": 0,
              "min": 1718,
              "p10": 1718,
              "p90": 1718,
              "p99": 1718,
              "max": 1718
            },
            "2700.2154: 2323.2200000000003": {
              "median": 2323,
              "mean": 2323,
              "mdev": 0,
              "stddev": 0,
              "min": 2323,
              "p10": 2323,
              "p90": 2323,
              "p99": 2323,
              "max": 2323
            },
            "2700.1428: 2352.78": {
              "median": 2353,
              "mean": 2353,
              "mdev": 0,
              "stddev": 0,
              "min": 2353,
              "p10": 2353,
              "p90": 2353,
              "p99": 2353,
              "max": 2353
            },
            "695.1309: 2465.26": {
              "median": 2465,
              "mean": 2465,
              "mdev": 0,
              "stddev": 0,
              "min": 2465,
              "p10": 2465,
              "p90": 2465,
              "p99": 2465,
              "max": 2465
            },
            "2095.2154: 2775.28": {
              "median": 2775,
              "mean": 2775,
              "mdev": 0,
              "stddev": 0,
              "min": 2775,
              "p10": 2775,
              "p90": 2775,
              "p99": 2775,
              "max": 2775
            },
            "2095.1428: 3154.66": {
              "median": 3155,
              "mean": 3155,
              "mdev": 0,
              "stddev": 0,
              "min": 3155,
              "p10": 3155,
              "p90": 3155,
              "p99": 3155,
              "max": 3155
            },
            "2295: 3258.76": {
              "median": 3259,
              "mean": 3259,
              "mdev": 0,
              "stddev": 0,
              "min": 3259,
              "p10": 3259,
              "p90": 3259,
              "p99": 3259,
              "max": 3259
            },
            "2295.2938: 3750.92": {
              "median": 3751,
              "mean": 3751,
              "mdev": 0,
              "stddev": 0,
              "min": 3751,
              "p10": 3751,
              "p90": 3751,
              "p99": 3751,
              "max": 3751
            },
            "1724: 4731.12": {
              "median": 4731,
              "mean": 4731,
              "mdev": 0,
              "stddev": 0,
              "min": 4731,
              "p10": 4731,
              "p90": 4731,
              "p99": 4731,
              "max": 4731
            },
            "2876: 1420.58": {
              "median": 1421,
              "mean": 1421,
              "mdev": 0,
              "stddev": 0,
              "min": 1421,
              "p10": 1421,
              "p90": 1421,
              "p99": 1421,
              "max": 1421
            },
            "2700.2154: 2147.7": {
              "median": 2148,
              "mean": 2148,
              "mdev": 0,
              "stddev": 0,
              "min": 2148,
              "p10": 2148,
              "p90": 2148,
              "p99": 2148,
              "max": 2148
            },
            "2700.1428: 2173.9": {
              "median": 2174,
              "mean": 2174,
              "mdev": 0,
              "stddev": 0,
              "min": 2174,
              "p10": 2174,
              "p90": 2174,
              "p99": 2174,
              "max": 2174
            },
            "695.1309: 2217.96": {
              "median": 2218,
              "mean": 2218,
              "mdev": 0,
              "stddev": 0,
              "min": 2218,
              "p10": 2218,
              "p90": 2218,
              "p99": 2218,
              "max": 2218
            },
            "2095.2154: 2524.08": {
              "median": 2524,
              "mean": 2524,
              "mdev": 0,
              "stddev": 0,
              "min": 2524,
              "p10": 2524,
              "p90": 2524,
              "p99": 2524,
              "max": 2524
            },
            "2095.1428: 2841.98": {
              "median": 2842,
              "mean": 2842,
              "mdev": 0,
              "stddev": 0,
              "min": 2842,
              "p10": 2842,
              "p90": 2842,
              "p99": 2842,
              "max": 2842
            },
            "2295: 2939.68": {
              "median": 2940,
              "mean": 2940,
              "mdev": 0,
              "stddev": 0,
              "min": 2940,
              "p10": 2940,
              "p90": 2940,
              "p99": 2940,
              "max": 2940
            },
            "2295.2938: 3382.7200000000003": {
              "median": 3383,
              "mean": 3383,
              "mdev": 0,
              "stddev": 0,
              "min": 3383,
              "p10": 3383,
              "p90": 3383,
              "p99": 3383,
              "max": 3383
            },
            "1724: 4341.46": {
              "median": 4342,
              "mean": 4342,
              "mdev": 0,
              "stddev": 0,
              "min": 4342,
              "p10": 4342,
              "p90": 4342,
              "p99": 4342,
              "max": 4342
            },
            "2876: 1397.72": {
              "median": 1398,
              "mean": 1398,
              "mdev": 0,
              "stddev": 0,
              "min": 1398,
              "p10": 1398,
              "p90": 1398,
              "p99": 1398,
              "max": 1398
            },
            "2700.2154: 2122.58": {
              "median": 2123,
              "mean": 2123,
              "mdev": 0,
              "stddev": 0,
              "min": 2123,
              "p10": 2123,
              "p90": 2123,
              "p99": 2123,
              "max": 2123
            },
            "2700.1428: 2164.66": {
              "median": 2165,
              "mean": 2165,
              "mdev": 0,
              "stddev": 0,
              "min": 2165,
              "p10": 2165,
              "p90": 2165,
              "p99": 2165,
              "max": 2165
            },
            "695.1309: 2225.9": {
              "median": 2226,
              "mean": 2226,
              "mdev": 0,
              "stddev": 0,
              "min": 2226,
              "p10": 2226,
              "p90": 2226,
              "p99": 2226,
              "max": 2226
            },
            "2095.2154: 2586.2000000000003": {
              "median": 2586,
              "mean": 2586,
              "mdev": 0,
              "stddev": 0,
              "min": 2586,
              "p10": 2586,
              "p90": 2586,
              "p99": 2586,
              "max": 2586
            },
            "2095.1428: 2958.3": {
              "median": 2958,
              "mean": 2958,
              "mdev": 0,
              "stddev": 0,
              "min": 2958,
              "p10": 2958,
              "p90": 2958,
              "p99": 2958,
              "max": 2958
            },
            "2295: 3071.36": {
              "median": 3071,
              "mean": 3071,
              "mdev": 0,
              "stddev": 0,
              "min": 3071,
              "p10": 3071,
              "p90": 3071,
              "p99": 3071,
              "max": 3071
            },
            "2295.2938: 3584.08": {
              "median": 3584,
              "mean": 3584,
              "mdev": 0,
              "stddev": 0,
              "min": 3584,
              "p10": 3584,
              "p90": 3584,
              "p99": 3584,
              "max": 3584
            },
            "1724: 5862.2": {
              "median": 5862,
              "mean": 5862,
              "mdev": 0,
              "stddev": 0,
              "min": 5862,
              "p10": 5862,
              "p90": 5862,
              "p99": 5862,
              "max": 5862
            }
          }
        },
        "timeToFirstInteractive": {
          "median": 4502,
          "mean": 4502,
          "mdev": 0,
          "stddev": 0,
          "min": 4502,
          "p10": 4502,
          "p90": 4502,
          "p99": 4502,
          "max": 4502
        }
      }
    }
  }
]