[
  {
    "info": {
      "browsertime": {
        "version": "8.4.0"
      },
      "url": "http://sohu.com/",
      "timestamp": "2021-03-30T00:14:17+04:00",
      "connectivity": {
        "engine": "external",
        "profile": "native"
      },
      "extra": {}
    },
    "files": {
      "video": [],
      "screenshot": [],
      "timeline": [],
      "consoleLog": [],
      "netLog": [],
      "perfLog": []
    },
    "cdp": {
      "performance": []
    },
    "timestamps": [
      "2021-03-30T00:11:51+04:00",
      "2021-03-30T00:13:54+04:00",
      "2021-03-30T00:14:33+04:00",
      "2021-03-30T00:16:33+04:00",
      "2021-03-30T00:17:23+04:00"
    ],
    "browserScripts": [
      {
        "browser": {
          "appConstants": {
            "ACCESSIBILITY": true,
            "ANDROID_PACKAGE_NAME": "org.mozilla.firefox",
            "ASAN": false,
            "ASAN_REPORTER": false,
            "BROWSER_CHROME_URL": "chrome://browser/content/browser.xul",
            "DEBUG": false,
            "DEBUG_JS_MODULES": "",
            "DLL_PREFIX": "lib",
            "DLL_SUFFIX": ".so",
            "EARLY_BETA_OR_EARLIER": false,
            "FENNEC_NIGHTLY": false,
            "HAVE_SHELL_SERVICE": false,
            "HAVE_USR_LIB64_DIR": false,
            "MENUBAR_CAN_AUTOHIDE": false,
            "MOZILLA_OFFICIAL": true,
            "MOZ_ALLOW_LEGACY_EXTENSIONS": false,
            "MOZ_ANDROID_ACTIVITY_STREAM": false,
            "MOZ_ANDROID_HISTORY": true,
            "MOZ_ANDROID_MOZILLA_ONLINE": false,
            "MOZ_APP_NAME": "fennec",
            "MOZ_APP_VERSION": "68.1.1",
            "MOZ_APP_VERSION_DISPLAY": "68.1.1",
            "MOZ_BING_API_CLIENTID": "no-bing-api-clientid",
            "MOZ_BING_API_KEY": "no-bing-api-key",
            "MOZ_BITS_DOWNLOAD": false,
            "MOZ_BUILD_APP": "mobile/android",
            "MOZ_CODE_COVERAGE": false,
            "MOZ_CRASHREPORTER": true,
            "MOZ_DATA_REPORTING": true,
            "MOZ_DEV_EDITION": false,
            "MOZ_GECKO_PROFILER": true,
            "MOZ_GOOGLE_LOCATION_SERVICE_API_KEY": "AIzaSyB2h2OuRcUgy5N-5hsZqiPW6sH3n_rptiQ",
            "MOZ_GOOGLE_SAFEBROWSING_API_KEY": "AIzaSyC7jsptDS3am4tPx4r3nxis7IMjBc5Dovo",
            "MOZ_GRAPHENE": false,
            "MOZ_MACBUNDLE_NAME": "Firefox.app",
            "MOZ_MAINTENANCE_SERVICE": false,
            "MOZ_MOZILLA_API_KEY": "3b4d27dd-703d-4094-8398-4de2c763505a",
            "MOZ_NEW_CERT_STORAGE": false,
            "MOZ_NEW_NOTIFICATION_STORE": false,
            "MOZ_NEW_XULSTORE": false,
            "MOZ_OFFICIAL_BRANDING": false,
            "MOZ_PLACES": false,
            "MOZ_REQUIRE_SIGNING": false,
            "MOZ_SANDBOX": false,
            "MOZ_SERVICES_HEALTHREPORT": true,
            "MOZ_SERVICES_SYNC": false,
            "MOZ_SWITCHBOARD": true,
            "MOZ_SYSTEM_NSS": false,
            "MOZ_TELEMETRY_ON_BY_DEFAULT": false,
            "MOZ_TELEMETRY_REPORTING": true,
            "MOZ_UNSIGNED_SCOPES": 0,
            "MOZ_UPDATER": false,
            "MOZ_UPDATE_CHANNEL": "release",
            "MOZ_WEBRTC": true,
            "MOZ_WIDGET_GTK": false,
            "MOZ_WIDGET_TOOLKIT": "android",
            "NIGHTLY_BUILD": false,
            "OMNIJAR_NAME": "assets/omni.ja",
            "RELEASE_OR_BETA": true,
            "SOURCE_REVISION_URL": "https://hg.mozilla.org/releases/mozilla-esr68/rev/d2e0b9e17b9bc1ef02606c8006b73293f7892ad5",
            "TELEMETRY_PING_FORMAT_VERSION": 4,
            "XP_UNIX": true,
            "isPlatformAndVersionAtLeast": {},
            "isPlatformAndVersionAtMost": {},
            "platform": "android"
          },
          "asyncAppConstants": {
            "ACCESSIBILITY": true,
            "ANDROID_PACKAGE_NAME": "org.mozilla.firefox",
            "ASAN": false,
            "ASAN_REPORTER": false,
            "BROWSER_CHROME_URL": "chrome://browser/content/browser.xul",
            "DEBUG": false,
            "DEBUG_JS_MODULES": "",
            "DLL_PREFIX": "lib",
            "DLL_SUFFIX": ".so",
            "EARLY_BETA_OR_EARLIER": false,
            "FENNEC_NIGHTLY": false,
            "HAVE_SHELL_SERVICE": false,
            "HAVE_USR_LIB64_DIR": false,
            "MENUBAR_CAN_AUTOHIDE": false,
            "MOZILLA_OFFICIAL": true,
            "MOZ_ALLOW_LEGACY_EXTENSIONS": false,
            "MOZ_ANDROID_ACTIVITY_STREAM": false,
            "MOZ_ANDROID_HISTORY": true,
            "MOZ_ANDROID_MOZILLA_ONLINE": false,
            "MOZ_APP_NAME": "fennec",
            "MOZ_APP_VERSION": "68.1.1",
            "MOZ_APP_VERSION_DISPLAY": "68.1.1",
            "MOZ_BING_API_CLIENTID": "no-bing-api-clientid",
            "MOZ_BING_API_KEY": "no-bing-api-key",
            "MOZ_BITS_DOWNLOAD": false,
            "MOZ_BUILD_APP": "mobile/android",
            "MOZ_CODE_COVERAGE": false,
            "MOZ_CRASHREPORTER": true,
            "MOZ_DATA_REPORTING": true,
            "MOZ_DEV_EDITION": false,
            "MOZ_GECKO_PROFILER": true,
            "MOZ_GOOGLE_LOCATION_SERVICE_API_KEY": "AIzaSyB2h2OuRcUgy5N-5hsZqiPW6sH3n_rptiQ",
            "MOZ_GOOGLE_SAFEBROWSING_API_KEY": "AIzaSyC7jsptDS3am4tPx4r3nxis7IMjBc5Dovo",
            "MOZ_GRAPHENE": false,
            "MOZ_MACBUNDLE_NAME": "Firefox.app",
            "MOZ_MAINTENANCE_SERVICE": false,
            "MOZ_MOZILLA_API_KEY": "3b4d27dd-703d-4094-8398-4de2c763505a",
            "MOZ_NEW_CERT_STORAGE": false,
            "MOZ_NEW_NOTIFICATION_STORE": false,
            "MOZ_NEW_XULSTORE": false,
            "MOZ_OFFICIAL_BRANDING": false,
            "MOZ_PLACES": false,
            "MOZ_REQUIRE_SIGNING": false,
            "MOZ_SANDBOX": false,
            "MOZ_SERVICES_HEALTHREPORT": true,
            "MOZ_SERVICES_SYNC": false,
            "MOZ_SWITCHBOARD": true,
            "MOZ_SYSTEM_NSS": false,
            "MOZ_TELEMETRY_ON_BY_DEFAULT": false,
            "MOZ_TELEMETRY_REPORTING": true,
            "MOZ_UNSIGNED_SCOPES": 0,
            "MOZ_UPDATER": false,
            "MOZ_UPDATE_CHANNEL": "release",
            "MOZ_WEBRTC": true,
            "MOZ_WIDGET_GTK": false,
            "MOZ_WIDGET_TOOLKIT": "android",
            "NIGHTLY_BUILD": false,
            "OMNIJAR_NAME": "assets/omni.ja",
            "RELEASE_OR_BETA": true,
            "SOURCE_REVISION_URL": "https://hg.mozilla.org/releases/mozilla-esr68/rev/d2e0b9e17b9bc1ef02606c8006b73293f7892ad5",
            "TELEMETRY_PING_FORMAT_VERSION": 4,
            "XP_UNIX": true,
            "isPlatformAndVersionAtLeast": {},
            "isPlatformAndVersionAtMost": {},
            "platform": "android"
          },
          "userAgent": "Mozilla/5.0 (Android 8.1.0; Mobile; rv:68.0) Gecko/68.0 Firefox/68.0",
          "windowSize": "360x560"
        },
        "pageinfo": {
          "documentHeight": 11695,
          "documentSize": {
            "decodedBodySize": 226555,
            "encodedBodySize": 40388,
            "transferSize": 40835
          },
          "documentTitle": "手机搜狐网",
          "documentWidth": 360,
          "domElements": 1297,
          "navigationStartTime": 1617048712076,
          "nextHopProtocol": "h2",
          "resources": {
            "count": 0,
            "duration": 0
          },
          "responsive": true,
          "url": "https://m.sohu.com/?pvid=000115_3w_index&jump=front",
          "visualElements": {
            "heroes": [
              {
                "filename": "10a5058ef2a70a1ad5e32d3d327df11f.jpg",
                "height": 160,
                "name": "LargestImage",
                "width": 320,
                "x": 20,
                "y": 132
              }
            ],
            "viewport": {
              "height": 560,
              "width": 360
            }
          }
        },
        "timings": {
          "firstPaint": 1954,
          "loadEventEnd": 10826,
          "navigationTiming": {
            "connectStart": 878,
            "domComplete": 10661,
            "domContentLoadedEventEnd": 5473,
            "domContentLoadedEventStart": 5457,
            "domInteractive": 4528,
            "domainLookupEnd": 878,
            "domainLookupStart": 877,
            "duration": 10826,
            "fetchStart": 850,
            "loadEventEnd": 10826,
            "loadEventStart": 10661,
            "redirectEnd": 842,
            "redirectStart": 3,
            "requestStart": 1273,
            "responseEnd": 1611,
            "responseStart": 1611,
            "secureConnectionStart": 1025,
            "startTime": 0,
            "unloadEventEnd": 0,
            "unloadEventStart": 0,
            "workerStart": 0
          },
          "pageTimings": {
            "backEndTime": 1611,
            "domContentLoadedTime": 5457,
            "domInteractiveTime": 4528,
            "domainLookupTime": 0,
            "frontEndTime": 9050,
            "pageDownloadTime": 0,
            "pageLoadTime": 10661,
            "redirectionTime": 840,
            "serverConnectionTime": 394,
            "serverResponseTime": 337
          },
          "rumSpeedIndex": 1610,
          "timeToContentfulPaint": 2051,
          "timeToDomContentFlushed": 5406,
          "userTimings": {
            "marks": [],
            "measures": []
          }
        }
      },
      {
        "browser": {
          "appConstants": {
            "ACCESSIBILITY": true,
            "ANDROID_PACKAGE_NAME": "org.mozilla.firefox",
            "ASAN": false,
            "ASAN_REPORTER": false,
            "BROWSER_CHROME_URL": "chrome://browser/content/browser.xul",
            "DEBUG": false,
            "DEBUG_JS_MODULES": "",
            "DLL_PREFIX": "lib",
            "DLL_SUFFIX": ".so",
            "EARLY_BETA_OR_EARLIER": false,
            "FENNEC_NIGHTLY": false,
            "HAVE_SHELL_SERVICE": false,
            "HAVE_USR_LIB64_DIR": false,
            "MENUBAR_CAN_AUTOHIDE": false,
            "MOZILLA_OFFICIAL": true,
            "MOZ_ALLOW_LEGACY_EXTENSIONS": false,
            "MOZ_ANDROID_ACTIVITY_STREAM": false,
            "MOZ_ANDROID_HISTORY": true,
            "MOZ_ANDROID_MOZILLA_ONLINE": false,
            "MOZ_APP_NAME": "fennec",
            "MOZ_APP_VERSION": "68.1.1",
            "MOZ_APP_VERSION_DISPLAY": "68.1.1",
            "MOZ_BING_API_CLIENTID": "no-bing-api-clientid",
            "MOZ_BING_API_KEY": "no-bing-api-key",
            "MOZ_BITS_DOWNLOAD": false,
            "MOZ_BUILD_APP": "mobile/android",
            "MOZ_CODE_COVERAGE": false,
            "MOZ_CRASHREPORTER": true,
            "MOZ_DATA_REPORTING": true,
            "MOZ_DEV_EDITION": false,
            "MOZ_GECKO_PROFILER": true,
            "MOZ_GOOGLE_LOCATION_SERVICE_API_KEY": "AIzaSyB2h2OuRcUgy5N-5hsZqiPW6sH3n_rptiQ",
            "MOZ_GOOGLE_SAFEBROWSING_API_KEY": "AIzaSyC7jsptDS3am4tPx4r3nxis7IMjBc5Dovo",
            "MOZ_GRAPHENE": false,
            "MOZ_MACBUNDLE_NAME": "Firefox.app",
            "MOZ_MAINTENANCE_SERVICE": false,
            "MOZ_MOZILLA_API_KEY": "3b4d27dd-703d-4094-8398-4de2c763505a",
            "MOZ_NEW_CERT_STORAGE": false,
            "MOZ_NEW_NOTIFICATION_STORE": false,
            "MOZ_NEW_XULSTORE": false,
            "MOZ_OFFICIAL_BRANDING": false,
            "MOZ_PLACES": false,
            "MOZ_REQUIRE_SIGNING": false,
            "MOZ_SANDBOX": false,
            "MOZ_SERVICES_HEALTHREPORT": true,
            "MOZ_SERVICES_SYNC": false,
            "MOZ_SWITCHBOARD": true,
            "MOZ_SYSTEM_NSS": false,
            "MOZ_TELEMETRY_ON_BY_DEFAULT": false,
            "MOZ_TELEMETRY_REPORTING": true,
            "MOZ_UNSIGNED_SCOPES": 0,
            "MOZ_UPDATER": false,
            "MOZ_UPDATE_CHANNEL": "release",
            "MOZ_WEBRTC": true,
            "MOZ_WIDGET_GTK": false,
            "MOZ_WIDGET_TOOLKIT": "android",
            "NIGHTLY_BUILD": false,
            "OMNIJAR_NAME": "assets/omni.ja",
            "RELEASE_OR_BETA": true,
            "SOURCE_REVISION_URL": "https://hg.mozilla.org/releases/mozilla-esr68/rev/d2e0b9e17b9bc1ef02606c8006b73293f7892ad5",
            "TELEMETRY_PING_FORMAT_VERSION": 4,
            "XP_UNIX": true,
            "isPlatformAndVersionAtLeast": {},
            "isPlatformAndVersionAtMost": {},
            "platform": "android"
          },
          "asyncAppConstants": {
            "ACCESSIBILITY": true,
            "ANDROID_PACKAGE_NAME": "org.mozilla.firefox",
            "ASAN": false,
            "ASAN_REPORTER": false,
            "BROWSER_CHROME_URL": "chrome://browser/content/browser.xul",
            "DEBUG": false,
            "DEBUG_JS_MODULES": "",
            "DLL_PREFIX": "lib",
            "DLL_SUFFIX": ".so",
            "EARLY_BETA_OR_EARLIER": false,
            "FENNEC_NIGHTLY": false,
            "HAVE_SHELL_SERVICE": false,
            "HAVE_USR_LIB64_DIR": false,
            "MENUBAR_CAN_AUTOHIDE": false,
            "MOZILLA_OFFICIAL": true,
            "MOZ_ALLOW_LEGACY_EXTENSIONS": false,
            "MOZ_ANDROID_ACTIVITY_STREAM": false,
            "MOZ_ANDROID_HISTORY": true,
            "MOZ_ANDROID_MOZILLA_ONLINE": false,
            "MOZ_APP_NAME": "fennec",
            "MOZ_APP_VERSION": "68.1.1",
            "MOZ_APP_VERSION_DISPLAY": "68.1.1",
            "MOZ_BING_API_CLIENTID": "no-bing-api-clientid",
            "MOZ_BING_API_KEY": "no-bing-api-key",
            "MOZ_BITS_DOWNLOAD": false,
            "MOZ_BUILD_APP": "mobile/android",
            "MOZ_CODE_COVERAGE": false,
            "MOZ_CRASHREPORTER": true,
            "MOZ_DATA_REPORTING": true,
            "MOZ_DEV_EDITION": false,
            "MOZ_GECKO_PROFILER": true,
            "MOZ_GOOGLE_LOCATION_SERVICE_API_KEY": "AIzaSyB2h2OuRcUgy5N-5hsZqiPW6sH3n_rptiQ",
            "MOZ_GOOGLE_SAFEBROWSING_API_KEY": "AIzaSyC7jsptDS3am4tPx4r3nxis7IMjBc5Dovo",
            "MOZ_GRAPHENE": false,
            "MOZ_MACBUNDLE_NAME": "Firefox.app",
            "MOZ_MAINTENANCE_SERVICE": false,
            "MOZ_MOZILLA_API_KEY": "3b4d27dd-703d-4094-8398-4de2c763505a",
            "MOZ_NEW_CERT_STORAGE": false,
            "MOZ_NEW_NOTIFICATION_STORE": false,
            "MOZ_NEW_XULSTORE": false,
            "MOZ_OFFICIAL_BRANDING": false,
            "MOZ_PLACES": false,
            "MOZ_REQUIRE_SIGNING": false,
            "MOZ_SANDBOX": false,
            "MOZ_SERVICES_HEALTHREPORT": true,
            "MOZ_SERVICES_SYNC": false,
            "MOZ_SWITCHBOARD": true,
            "MOZ_SYSTEM_NSS": false,
            "MOZ_TELEMETRY_ON_BY_DEFAULT": false,
            "MOZ_TELEMETRY_REPORTING": true,
            "MOZ_UNSIGNED_SCOPES": 0,
            "MOZ_UPDATER": false,
            "MOZ_UPDATE_CHANNEL": "release",
            "MOZ_WEBRTC": true,
            "MOZ_WIDGET_GTK": false,
            "MOZ_WIDGET_TOOLKIT": "android",
            "NIGHTLY_BUILD": false,
            "OMNIJAR_NAME": "assets/omni.ja",
            "RELEASE_OR_BETA": true,
            "SOURCE_REVISION_URL": "https://hg.mozilla.org/releases/mozilla-esr68/rev/d2e0b9e17b9bc1ef02606c8006b73293f7892ad5",
            "TELEMETRY_PING_FORMAT_VERSION": 4,
            "XP_UNIX": true,
            "isPlatformAndVersionAtLeast": {},
            "isPlatformAndVersionAtMost": {},
            "platform": "android"
          },
          "userAgent": "Mozilla/5.0 (Android 8.1.0; Mobile; rv:68.0) Gecko/68.0 Firefox/68.0",
          "windowSize": "360x560"
        },
        "pageinfo": {
          "documentHeight": 10790,
          "documentSize": {
            "decodedBodySize": 226305,
            "encodedBodySize": 40288,
            "transferSize": 40735
          },
          "documentTitle": "手机搜狐网",
          "documentWidth": 360,
          "domElements": 1274,
          "navigationStartTime": 1617048873676,
          "nextHopProtocol": "h2",
          "resources": {
            "count": 0,
            "duration": 0
          },
          "responsive": true,
          "url": "https://m.sohu.com/?pvid=000115_3w_index&jump=front",
          "visualElements": {
            "heroes": [
              {
                "filename": "10a5058ef2a70a1ad5e32d3d327df11f.jpg",
                "height": 160,
                "name": "LargestImage",
                "width": 320,
                "x": 20,
                "y": 132
              }
            ],
            "viewport": {
              "height": 560,
              "width": 360
            }
          }
        },
        "timings": {
          "firstPaint": 2355,
          "loadEventEnd": 14759,
          "navigationTiming": {
            "connectStart": 938,
            "domComplete": 14543,
            "domContentLoadedEventEnd": 6164,
            "domContentLoadedEventStart": 6148,
            "domInteractive": 5077,
            "domainLookupEnd": 938,
            "domainLookupStart": 937,
            "duration": 14759,
            "fetchStart": 911,
            "loadEventEnd": 14759,
            "loadEventStart": 14544,
            "redirectEnd": 903,
            "redirectStart": 10,
            "requestStart": 1265,
            "responseEnd": 1741,
            "responseStart": 1741,
            "secureConnectionStart": 1072,
            "startTime": 0,
            "unloadEventEnd": 0,
            "unloadEventStart": 0,
            "workerStart": 0
          },
          "pageTimings": {
            "backEndTime": 1741,
            "domContentLoadedTime": 6148,
            "domInteractiveTime": 5077,
            "domainLookupTime": 1,
            "frontEndTime": 12803,
            "pageDownloadTime": 0,
            "pageLoadTime": 14544,
            "redirectionTime": 893,
            "serverConnectionTime": 325,
            "serverResponseTime": 476
          },
          "rumSpeedIndex": 1741,
          "timeToContentfulPaint": 2441,
          "timeToDomContentFlushed": 5993,
          "userTimings": {
            "marks": [],
            "measures": []
          }
        }
      },
      {
        "browser": {
          "appConstants": {
            "ACCESSIBILITY": true,
            "ANDROID_PACKAGE_NAME": "org.mozilla.firefox",
            "ASAN": false,
            "ASAN_REPORTER": false,
            "BROWSER_CHROME_URL": "chrome://browser/content/browser.xul",
            "DEBUG": false,
            "DEBUG_JS_MODULES": "",
            "DLL_PREFIX": "lib",
            "DLL_SUFFIX": ".so",
            "EARLY_BETA_OR_EARLIER": false,
            "FENNEC_NIGHTLY": false,
            "HAVE_SHELL_SERVICE": false,
            "HAVE_USR_LIB64_DIR": false,
            "MENUBAR_CAN_AUTOHIDE": false,
            "MOZILLA_OFFICIAL": true,
            "MOZ_ALLOW_LEGACY_EXTENSIONS": false,
            "MOZ_ANDROID_ACTIVITY_STREAM": false,
            "MOZ_ANDROID_HISTORY": true,
            "MOZ_ANDROID_MOZILLA_ONLINE": false,
            "MOZ_APP_NAME": "fennec",
            "MOZ_APP_VERSION": "68.1.1",
            "MOZ_APP_VERSION_DISPLAY": "68.1.1",
            "MOZ_BING_API_CLIENTID": "no-bing-api-clientid",
            "MOZ_BING_API_KEY": "no-bing-api-key",
            "MOZ_BITS_DOWNLOAD": false,
            "MOZ_BUILD_APP": "mobile/android",
            "MOZ_CODE_COVERAGE": false,
            "MOZ_CRASHREPORTER": true,
            "MOZ_DATA_REPORTING": true,
            "MOZ_DEV_EDITION": false,
            "MOZ_GECKO_PROFILER": true,
            "MOZ_GOOGLE_LOCATION_SERVICE_API_KEY": "AIzaSyB2h2OuRcUgy5N-5hsZqiPW6sH3n_rptiQ",
            "MOZ_GOOGLE_SAFEBROWSING_API_KEY": "AIzaSyC7jsptDS3am4tPx4r3nxis7IMjBc5Dovo",
            "MOZ_GRAPHENE": false,
            "MOZ_MACBUNDLE_NAME": "Firefox.app",
            "MOZ_MAINTENANCE_SERVICE": false,
            "MOZ_MOZILLA_API_KEY": "3b4d27dd-703d-4094-8398-4de2c763505a",
            "MOZ_NEW_CERT_STORAGE": false,
            "MOZ_NEW_NOTIFICATION_STORE": false,
            "MOZ_NEW_XULSTORE": false,
            "MOZ_OFFICIAL_BRANDING": false,
            "MOZ_PLACES": false,
            "MOZ_REQUIRE_SIGNING": false,
            "MOZ_SANDBOX": false,
            "MOZ_SERVICES_HEALTHREPORT": true,
            "MOZ_SERVICES_SYNC": false,
            "MOZ_SWITCHBOARD": true,
            "MOZ_SYSTEM_NSS": false,
            "MOZ_TELEMETRY_ON_BY_DEFAULT": false,
            "MOZ_TELEMETRY_REPORTING": true,
            "MOZ_UNSIGNED_SCOPES": 0,
            "MOZ_UPDATER": false,
            "MOZ_UPDATE_CHANNEL": "release",
            "MOZ_WEBRTC": true,
            "MOZ_WIDGET_GTK": false,
            "MOZ_WIDGET_TOOLKIT": "android",
            "NIGHTLY_BUILD": false,
            "OMNIJAR_NAME": "assets/omni.ja",
            "RELEASE_OR_BETA": true,
            "SOURCE_REVISION_URL": "https://hg.mozilla.org/releases/mozilla-esr68/rev/d2e0b9e17b9bc1ef02606c8006b73293f7892ad5",
            "TELEMETRY_PING_FORMAT_VERSION": 4,
            "XP_UNIX": true,
            "isPlatformAndVersionAtLeast": {},
            "isPlatformAndVersionAtMost": {},
            "platform": "android"
          },
          "asyncAppConstants": {
            "ACCESSIBILITY": true,
            "ANDROID_PACKAGE_NAME": "org.mozilla.firefox",
            "ASAN": false,
            "ASAN_REPORTER": false,
            "BROWSER_CHROME_URL": "chrome://browser/content/browser.xul",
            "DEBUG": false,
            "DEBUG_JS_MODULES": "",
            "DLL_PREFIX": "lib",
            "DLL_SUFFIX": ".so",
            "EARLY_BETA_OR_EARLIER": false,
            "FENNEC_NIGHTLY": false,
            "HAVE_SHELL_SERVICE": false,
            "HAVE_USR_LIB64_DIR": false,
            "MENUBAR_CAN_AUTOHIDE": false,
            "MOZILLA_OFFICIAL": true,
            "MOZ_ALLOW_LEGACY_EXTENSIONS": false,
            "MOZ_ANDROID_ACTIVITY_STREAM": false,
            "MOZ_ANDROID_HISTORY": true,
            "MOZ_ANDROID_MOZILLA_ONLINE": false,
            "MOZ_APP_NAME": "fennec",
            "MOZ_APP_VERSION": "68.1.1",
            "MOZ_APP_VERSION_DISPLAY": "68.1.1",
            "MOZ_BING_API_CLIENTID": "no-bing-api-clientid",
            "MOZ_BING_API_KEY": "no-bing-api-key",
            "MOZ_BITS_DOWNLOAD": false,
            "MOZ_BUILD_APP": "mobile/android",
            "MOZ_CODE_COVERAGE": false,
            "MOZ_CRASHREPORTER": true,
            "MOZ_DATA_REPORTING": true,
            "MOZ_DEV_EDITION": false,
            "MOZ_GECKO_PROFILER": true,
            "MOZ_GOOGLE_LOCATION_SERVICE_API_KEY": "AIzaSyB2h2OuRcUgy5N-5hsZqiPW6sH3n_rptiQ",
            "MOZ_GOOGLE_SAFEBROWSING_API_KEY": "AIzaSyC7jsptDS3am4tPx4r3nxis7IMjBc5Dovo",
            "MOZ_GRAPHENE": false,
            "MOZ_MACBUNDLE_NAME": "Firefox.app",
            "MOZ_MAINTENANCE_SERVICE": false,
            "MOZ_MOZILLA_API_KEY": "3b4d27dd-703d-4094-8398-4de2c763505a",
            "MOZ_NEW_CERT_STORAGE": false,
            "MOZ_NEW_NOTIFICATION_STORE": false,
            "MOZ_NEW_XULSTORE": false,
            "MOZ_OFFICIAL_BRANDING": false,
            "MOZ_PLACES": false,
            "MOZ_REQUIRE_SIGNING": false,
            "MOZ_SANDBOX": false,
            "MOZ_SERVICES_HEALTHREPORT": true,
            "MOZ_SERVICES_SYNC": false,
            "MOZ_SWITCHBOARD": true,
            "MOZ_SYSTEM_NSS": false,
            "MOZ_TELEMETRY_ON_BY_DEFAULT": false,
            "MOZ_TELEMETRY_REPORTING": true,
            "MOZ_UNSIGNED_SCOPES": 0,
            "MOZ_UPDATER": false,
            "MOZ_UPDATE_CHANNEL": "release",
            "MOZ_WEBRTC": true,
            "MOZ_WIDGET_GTK": false,
            "MOZ_WIDGET_TOOLKIT": "android",
            "NIGHTLY_BUILD": false,
            "OMNIJAR_NAME": "assets/omni.ja",
            "RELEASE_OR_BETA": true,
            "SOURCE_REVISION_URL": "https://hg.mozilla.org/releases/mozilla-esr68/rev/d2e0b9e17b9bc1ef02606c8006b73293f7892ad5",
            "TELEMETRY_PING_FORMAT_VERSION": 4,
            "XP_UNIX": true,
            "isPlatformAndVersionAtLeast": {},
            "isPlatformAndVersionAtMost": {},
            "platform": "android"
          },
          "userAgent": "Mozilla/5.0 (Android 8.1.0; Mobile; rv:68.0) Gecko/68.0 Firefox/68.0",
          "windowSize": "360x560"
        },
        "pageinfo": {
          "documentHeight": 11190,
          "documentSize": {
            "decodedBodySize": 226255,
            "encodedBodySize": 40214,
            "transferSize": 40661
          },
          "documentTitle": "手机搜狐网",
          "documentWidth": 360,
          "domElements": 1285,
          "navigationStartTime": 1617049044226,
          "nextHopProtocol": "h2",
          "resources": {
            "count": 0,
            "duration": 0
          },
          "responsive": true,
          "url": "https://m.sohu.com/?pvid=000115_3w_index&jump=front",
          "visualElements": {
            "heroes": [
              {
                "filename": "10a5058ef2a70a1ad5e32d3d327df11f.jpg",
                "height": 160,
                "name": "LargestImage",
                "width": 320,
                "x": 20,
                "y": 132
              }
            ],
            "viewport": {
              "height": 560,
              "width": 360
            }
          }
        }
      }
    ],
    "visualMetrics": [],
    "cpu": [],
    "extras": [
      {},
      {},
      {},
      {},
      {}
    ],
    "fullyLoaded": [],
    "errors": [
      [],
      [
        "UrlLoadError",
        "Failed to load http://sohu.com/"
      ],
      [],
      [
        "UrlLoadError",
        "Failed to load http://sohu.com/"
      ],
      []
    ],
    "statistics": {
      "browser": {
        "appConstants": {
          "MOZ_UNSIGNED_SCOPES": {
            "median": 0,
            "mean": 0,
            "mdev": 0,
            "stddev": 0,
            "min": 0,
            "p10": 0,
            "p90": 0,
            "p99": 0,
            "max": 0
          },
          "TELEMETRY_PING_FORMAT_VERSION": {
            "median": 4,
            "mean": 4,
            "mdev": 0,
            "stddev": 0,
            "min": 4,
            "p10": 4,
            "p90": 4,
            "p99": 4,
            "max": 4
          }
        },
        "asyncAppConstants": {
          "MOZ_UNSIGNED_SCOPES": {
            "median": 0,
            "mean": 0,
            "mdev": 0,
            "stddev": 0,
            "min": 0,
            "p10": 0,
            "p90": 0,
            "p99": 0,
            "max": 0
          },
          "TELEMETRY_PING_FORMAT_VERSION": {
            "median": 4,
            "mean": 4,
            "mdev": 0,
            "stddev": 0,
            "min": 4,
            "p10": 4,
            "p90": 4,
            "p99": 4,
            "max": 4
          }
        }
      },
      "pageinfo": {
        "documentHeight": {
          "median": 11190,
          "mean": 11225,
          "mdev": 213.7886,
          "stddev": 370,
          "min": 10790,
          "p10": 10790,
          "p90": 11695,
          "p99": 11695,
          "max": 11695
        },
        "documentSize": {
          "decodedBodySize": {
            "median": 226305,
            "mean": 226372,
            "mdev": 75.7677,
            "stddev": 131,
            "min": 226255,
            "p10": 226255,
            "p90": 226555,
            "p99": 226555,
            "max": 226555
          },
          "encodedBodySize": {
            "median": 40288,
            "mean": 40297,
            "mdev": 41.1645,
            "stddev": 71,
            "min": 40214,
            "p10": 40214,
            "p90": 40388,
            "p99": 40388,
            "max": 40388
          },
          "transferSize": {
            "median": 40735,
            "mean": 40744,
            "mdev": 41.1645,
            "stddev": 71,
            "min": 40661,
            "p10": 40661,
            "p90": 40835,
            "p99": 40835,
            "max": 40835
          }
        },
        "documentWidth": {
          "median": 360,
          "mean": 360,
          "mdev": 0,
          "stddev": 0,
          "min": 360,
          "p10": 360,
          "p90": 360,
          "p99": 360,
          "max": 360
        },
        "domElements": {
          "median": 1285,
          "mean": 1285,
          "mdev": 5.4229,
          "stddev": 9,
          "min": 1274,
          "p10": 1274,
          "p90": 1297,
          "p99": 1297,
          "max": 1297
        },
        "navigationStartTime": {
          "median": 1617048873676,
          "mean": 1617048876659,
          "mdev": 78764.4695,
          "stddev": 136424,
          "min": 1617048712076,
          "p10": 1617048712076,
          "p90": 1617049044226,
          "p99": 1617049044226,
          "max": 1617049044226
        },
        "resources": {
          "count": {
            "median": 0,
            "mean": 0,
            "mdev": 0,
            "stddev": 0,
            "min": 0,
            "p10": 0,
            "p90": 0,
            "p99": 0,
            "max": 0
          },
          "duration": {
            "median": 0,
            "mean": 0,
            "mdev": 0,
            "stddev": 0,
            "min": 0,
            "p10": 0,
            "p90": 0,
            "p99": 0,
            "max": 0
          }
        },
        "visualElements": {
          "heroes": [
            {
              "height": {
                "median": 160,
                "mean": 160,
                "mdev": 0,
                "stddev": 0,
                "min": 160,
                "p10": 160,
                "p90": 160,
                "p99": 160,
                "max": 160
              },
              "width": {
                "median": 320,
                "mean": 320,
                "mdev": 0,
                "stddev": 0,
                "min": 320,
                "p10": 320,
                "p90": 320,
                "p99": 320,
                "max": 320
              },
              "x": {
                "median": 20,
                "mean": 20,
                "mdev": 0,
                "stddev": 0,
                "min": 20,
                "p10": 20,
                "p90": 20,
                "p99": 20,
                "max": 20
              },
              "y": {
                "median": 132,
                "mean": 132,
                "mdev": 0,
                "stddev": 0,
                "min": 132,
                "p10": 132,
                "p90": 132,
                "p99": 132,
                "max": 132
              }
            }
          ],
          "viewport": {
            "height": {
              "median": 560,
              "mean": 560,
              "mdev": 0,
              "stddev": 0,
              "min": 560,
              "p10": 560,
              "p90": 560,
              "p99": 560,
              "max": 560
            },
            "width": {
              "median": 360,
              "mean": 360,
              "mdev": 0,
              "stddev": 0,
              "min": 360,
              "p10": 360,
              "p90": 360,
              "p99": 360,
              "max": 360
            }
          }
        }
      },
      "timings": {
        "firstPaint": {
          "median": 2155,
          "mean": 2155,
          "mdev": 141.7749,
          "stddev": 201,
          "min": 1954,
          "p10": 1954,
          "p90": 2355,
          "p99": 2355,
          "max": 2355
        },
        "loadEventEnd": {
          "median": 12793,
          "mean": 12793,
          "mdev": 1390.5255,
          "stddev": 1967,
          "min": 10826,
          "p10": 10826,
          "p90": 14759,
          "p99": 14759,
          "max": 14759
        },
        "navigationTiming": {
          "connectStart": {
            "median": 908,
            "mean": 908,
            "mdev": 21.2132,
            "stddev": 30,
            "min": 878,
            "p10": 878,
            "p90": 938,
            "p99": 938,
            "max": 938
          },
          "domComplete": {
            "median": 12602,
            "mean": 12602,
            "mdev": 1372.4943,
            "stddev": 1941,
            "min": 10661,
            "p10": 10661,
            "p90": 14543,
            "p99": 14543,
            "max": 14543
          },
          "domContentLoadedEventEnd": {
            "median": 5819,
            "mean": 5819,
            "mdev": 244.3054,
            "stddev": 346,
            "min": 5473,
            "p10": 5473,
            "p90": 6164,
            "p99": 6164,
            "max": 6164
          },
          "domContentLoadedEventStart": {
            "median": 5803,
            "mean": 5803,
            "mdev": 244.3054,
            "stddev": 346,
            "min": 5457,
            "p10": 5457,
            "p90": 6148,
            "p99": 6148,
            "max": 6148
          },
          "domInteractive": {
            "median": 4803,
            "mean": 4803,
            "mdev": 194.1008,
            "stddev": 275,
            "min": 4528,
            "p10": 4528,
            "p90": 5077,
            "p99": 5077,
            "max": 5077
          },
          "domainLookupEnd": {
            "median": 908,
            "mean": 908,
            "mdev": 21.2132,
            "stddev": 30,
            "min": 878,
            "p10": 878,
            "p90": 938,
            "p99": 938,
            "max": 938
          },
          "domainLookupStart": {
            "median": 907,
            "mean": 907,
            "mdev": 21.2132,
            "stddev": 30,
            "min": 877,
            "p10": 877,
            "p90": 937,
            "p99": 937,
            "max": 937
          },
          "duration": {
            "median": 12793,
            "mean": 12793,
            "mdev": 1390.5255,
            "stddev": 1967,
            "min": 10826,
            "p10": 10826,
            "p90": 14759,
            "p99": 14759,
            "max": 14759
          },
          "fetchStart": {
            "median": 881,
            "mean": 881,
            "mdev": 21.5668,
            "stddev": 31,
            "min": 850,
            "p10": 850,
            "p90": 911,
            "p99": 911,
            "max": 911
          },
          "loadEventEnd": {
            "median": 12793,
            "mean": 12793,
            "mdev": 1390.5255,
            "stddev": 1967,
            "min": 10826,
            "p10": 10826,
            "p90": 14759,
            "p99": 14759,
            "max": 14759
          },
          "loadEventStart": {
            "median": 12603,
            "mean": 12603,
            "mdev": 1372.8478,
            "stddev": 1942,
            "min": 10661,
            "p10": 10661,
            "p90": 14544,
            "p99": 14544,
            "max": 14544
          },
          "redirectEnd": {
            "median": 873,
            "mean": 873,
            "mdev": 21.5668,
            "stddev": 31,
            "min": 842,
            "p10": 842,
            "p90": 903,
            "p99": 903,
            "max": 903
          },
          "redirectStart": {
            "median": 7,
            "mean": 7,
            "mdev": 2.4749,
            "stddev": 4,
            "min": 3,
            "p10": 3,
            "p90": 10,
            "p99": 10,
            "max": 10
          },
          "requestStart": {
            "median": 1269,
            "mean": 1269,
            "mdev": 2.8284,
            "stddev": 4,
            "min": 1265,
            "p10": 1265,
            "p90": 1273,
            "p99": 1273,
            "max": 1273
          },
          "responseEnd": {
            "median": 1676,
            "mean": 1676,
            "mdev": 45.9619,
            "stddev": 65,
            "min": 1611,
            "p10": 1611,
            "p90": 1741,
            "p99": 1741,
            "max": 1741
          },
          "responseStart": {
            "median": 1676,
            "mean": 1676,
            "mdev": 45.9619,
            "stddev": 65,
            "min": 1611,
            "p10": 1611,
            "p90": 1741,
            "p99": 1741,
            "max": 1741
          },
          "secureConnectionStart": {
            "median": 1049,
            "mean": 1049,
            "mdev": 16.617,
            "stddev": 24,
            "min": 1025,
            "p10": 1025,
            "p90": 1072,
            "p99": 1072,
            "max": 1072
          },
          "startTime": {
            "median": 0,
            "mean": 0,
            "mdev": 0,
            "stddev": 0,
            "min": 0,
            "p10": 0,
            "p90": 0,
            "p99": 0,
            "max": 0
          },
          "unloadEventEnd": {
            "median": 0,
            "mean": 0,
            "mdev": 0,
            "stddev": 0,
            "min": 0,
            "p10": 0,
            "p90": 0,
            "p99": 0,
            "max": 0
          },
          "unloadEventStart": {
            "median": 0,
            "mean": 0,
            "mdev": 0,
            "stddev": 0,
            "min": 0,
            "p10": 0,
            "p90": 0,
            "p99": 0,
            "max": 0
          },
          "workerStart": {
            "median": 0,
            "mean": 0,
            "mdev": 0,
            "stddev": 0,
            "min": 0,
            "p10": 0,
            "p90": 0,
            "p99": 0,
            "max": 0
          }
        },
        "pageTimings": {
          "backEndTime": {
            "median": 1676,
            "mean": 1676,
            "mdev": 45.9619,
            "stddev": 65,
            "min": 1611,
            "p10": 1611,
            "p90": 1741,
            "p99": 1741,
            "max": 1741
          },
          "domContentLoadedTime": {
            "median": 5803,
            "mean": 5803,
            "mdev": 244.3054,
            "stddev": 346,
            "min": 5457,
            "p10": 5457,
            "p90": 6148,
            "p99": 6148,
            "max": 6148
          },
          "domInteractiveTime": {
            "median": 4803,
            "mean": 4803,
            "mdev": 194.1008,
            "stddev": 275,
            "min": 4528,
            "p10": 4528,
            "p90": 5077,
            "p99": 5077,
            "max": 5077
          },
          "domainLookupTime": {
            "median": 1,
            "mean": 1,
            "mdev": 0.3536,
            "stddev": 1,
            "min": 0,
            "p10": 0,
            "p90": 1,
            "p99": 1,
            "max": 1
          },
          "frontEndTime": {
            "median": 10927,
            "mean": 10927,
            "mdev": 1326.8859,
            "stddev": 1877,
            "min": 9050,
            "p10": 9050,
            "p90": 12803,
            "p99": 12803,
            "max": 12803
          },
          "pageDownloadTime": {
            "median": 0,
            "mean": 0,
            "mdev": 0,
            "stddev": 0,
            "min": 0,
            "p10": 0,
            "p90": 0,
            "p99": 0,
            "max": 0
          },
          "pageLoadTime": {
            "median": 12603,
            "mean": 12603,
            "mdev": 1372.8478,
            "stddev": 1942,
            "min": 10661,
            "p10": 10661,
            "p90": 14544,
            "p99": 14544,
            "max": 14544
          },
          "redirectionTime": {
            "median": 867,
            "mean": 867,
            "mdev": 18.7383,
            "stddev": 27,
            "min": 840,
            "p10": 840,
            "p90": 893,
            "p99": 893,
            "max": 893
          },
          "serverConnectionTime": {
            "median": 360,
            "mean": 360,
            "mdev": 24.3952,
            "stddev": 35,
            "min": 325,
            "p10": 325,
            "p90": 394,
            "p99": 394,
            "max": 394
          },
          "serverResponseTime": {
            "median": 407,
            "mean": 407,
            "mdev": 49.1439,
            "stddev": 70,
            "min": 337,
            "p10": 337,
            "p90": 476,
            "p99": 476,
            "max": 476
          }
        },
        "rumSpeedIndex": {
          "median": 1676,
          "mean": 1676,
          "mdev": 46.3155,
          "stddev": 66,
          "min": 1610,
          "p10": 1610,
          "p90": 1741,
          "p99": 1741,
          "max": 1741
        },
        "timeToContentfulPaint": {
          "median": 2246,
          "mean": 2246,
          "mdev": 137.8858,
          "stddev": 195,
          "min": 2051,
          "p10": 2051,
          "p90": 2441,
          "p99": 2441,
          "max": 2441
        },
        "timeToDomContentFlushed": {
          "median": 5700,
          "mean": 5700,
          "mdev": 207.5358,
          "stddev": 294,
          "min": 5406,
          "p10": 5406,
          "p90": 5993,
          "p99": 5993,
          "max": 5993
        }
      }
    }
  },
  {
    "info": {
      "browsertime": {
        "version": "8.4.0"
      },
      "url": "https://google.com",
      "timestamp": "2021-03-30T00:14:17+04:00",
      "connectivity": {
        "engine": "external",
        "profile": "native"
      },
      "extra": {}
    },
    "files": {
      "video": [],
      "screenshot": [],
      "timeline": [],
      "consoleLog": [],
      "netLog": [],
      "perfLog": []
    },
    "cdp": {
      "performance": []
    },
    "timestamps": [
      "2021-03-30T00:13:35+04:00",
      "2021-03-30T00:16:15+04:00",
      "2021-03-30T00:19:01+04:00"
    ],
    "browserScripts": [
      {
        "browser": {
          "appConstants": {
            "ACCESSIBILITY": true,
            "ANDROID_PACKAGE_NAME": "org.mozilla.firefox",
            "ASAN": false,
            "ASAN_REPORTER": false,
            "BROWSER_CHROME_URL": "chrome://browser/content/browser.xul",
            "DEBUG": false,
            "DEBUG_JS_MODULES": "",
            "DLL_PREFIX": "lib",
            "DLL_SUFFIX": ".so",
            "EARLY_BETA_OR_EARLIER": false,
            "FENNEC_NIGHTLY": false,
            "HAVE_SHELL_SERVICE": false,
            "HAVE_USR_LIB64_DIR": false,
            "MENUBAR_CAN_AUTOHIDE": false,
            "MOZILLA_OFFICIAL": true,
            "MOZ_ALLOW_LEGACY_EXTENSIONS": false,
            "MOZ_ANDROID_ACTIVITY_STREAM": false,
            "MOZ_ANDROID_HISTORY": true,
            "MOZ_ANDROID_MOZILLA_ONLINE": false,
            "MOZ_APP_NAME": "fennec",
            "MOZ_APP_VERSION": "68.1.1",
            "MOZ_APP_VERSION_DISPLAY": "68.1.1",
            "MOZ_BING_API_CLIENTID": "no-bing-api-clientid",
            "MOZ_BING_API_KEY": "no-bing-api-key",
            "MOZ_BITS_DOWNLOAD": false,
            "MOZ_BUILD_APP": "mobile/android",
            "MOZ_CODE_COVERAGE": false,
            "MOZ_CRASHREPORTER": true,
            "MOZ_DATA_REPORTING": true,
            "MOZ_DEV_EDITION": false,
            "MOZ_GECKO_PROFILER": true,
            "MOZ_GOOGLE_LOCATION_SERVICE_API_KEY": "AIzaSyB2h2OuRcUgy5N-5hsZqiPW6sH3n_rptiQ",
            "MOZ_GOOGLE_SAFEBROWSING_API_KEY": "AIzaSyC7jsptDS3am4tPx4r3nxis7IMjBc5Dovo",
            "MOZ_GRAPHENE": false,
            "MOZ_MACBUNDLE_NAME": "Firefox.app",
            "MOZ_MAINTENANCE_SERVICE": false,
            "MOZ_MOZILLA_API_KEY": "3b4d27dd-703d-4094-8398-4de2c763505a",
            "MOZ_NEW_CERT_STORAGE": false,
            "MOZ_NEW_NOTIFICATION_STORE": false,
            "MOZ_NEW_XULSTORE": false,
            "MOZ_OFFICIAL_BRANDING": false,
            "MOZ_PLACES": false,
            "MOZ_REQUIRE_SIGNING": false,
            "MOZ_SANDBOX": false,
            "MOZ_SERVICES_HEALTHREPORT": true,
            "MOZ_SERVICES_SYNC": false,
            "MOZ_SWITCHBOARD": true,
            "MOZ_SYSTEM_NSS": false,
            "MOZ_TELEMETRY_ON_BY_DEFAULT": false,
            "MOZ_TELEMETRY_REPORTING": true,
            "MOZ_UNSIGNED_SCOPES": 0,
            "MOZ_UPDATER": false,
            "MOZ_UPDATE_CHANNEL": "release",
            "MOZ_WEBRTC": true,
            "MOZ_WIDGET_GTK": false,
            "MOZ_WIDGET_TOOLKIT": "android",
            "NIGHTLY_BUILD": false,
            "OMNIJAR_NAME": "assets/omni.ja",
            "RELEASE_OR_BETA": true,
            "SOURCE_REVISION_URL": "https://hg.mozilla.org/releases/mozilla-esr68/rev/d2e0b9e17b9bc1ef02606c8006b73293f7892ad5",
            "TELEMETRY_PING_FORMAT_VERSION": 4,
            "XP_UNIX": true,
            "isPlatformAndVersionAtLeast": {},
            "isPlatformAndVersionAtMost": {},
            "platform": "android"
          },
          "asyncAppConstants": {
            "ACCESSIBILITY": true,
            "ANDROID_PACKAGE_NAME": "org.mozilla.firefox",
            "ASAN": false,
            "ASAN_REPORTER": false,
            "BROWSER_CHROME_URL": "chrome://browser/content/browser.xul",
            "DEBUG": false,
            "DEBUG_JS_MODULES": "",
            "DLL_PREFIX": "lib",
            "DLL_SUFFIX": ".so",
            "EARLY_BETA_OR_EARLIER": false,
            "FENNEC_NIGHTLY": false,
            "HAVE_SHELL_SERVICE": false,
            "HAVE_USR_LIB64_DIR": false,
            "MENUBAR_CAN_AUTOHIDE": false,
            "MOZILLA_OFFICIAL": true,
            "MOZ_ALLOW_LEGACY_EXTENSIONS": false,
            "MOZ_ANDROID_ACTIVITY_STREAM": false,
            "MOZ_ANDROID_HISTORY": true,
            "MOZ_ANDROID_MOZILLA_ONLINE": false,
            "MOZ_APP_NAME": "fennec",
            "MOZ_APP_VERSION": "68.1.1",
            "MOZ_APP_VERSION_DISPLAY": "68.1.1",
            "MOZ_BING_API_CLIENTID": "no-bing-api-clientid",
            "MOZ_BING_API_KEY": "no-bing-api-key",
            "MOZ_BITS_DOWNLOAD": false,
            "MOZ_BUILD_APP": "mobile/android",
            "MOZ_CODE_COVERAGE": false,
            "MOZ_CRASHREPORTER": true,
            "MOZ_DATA_REPORTING": true,
            "MOZ_DEV_EDITION": false,
            "MOZ_GECKO_PROFILER": true,
            "MOZ_GOOGLE_LOCATION_SERVICE_API_KEY": "AIzaSyB2h2OuRcUgy5N-5hsZqiPW6sH3n_rptiQ",
            "MOZ_GOOGLE_SAFEBROWSING_API_KEY": "AIzaSyC7jsptDS3am4tPx4r3nxis7IMjBc5Dovo",
            "MOZ_GRAPHENE": false,
            "MOZ_MACBUNDLE_NAME": "Firefox.app",
            "MOZ_MAINTENANCE_SERVICE": false,
            "MOZ_MOZILLA_API_KEY": "3b4d27dd-703d-4094-8398-4de2c763505a",
            "MOZ_NEW_CERT_STORAGE": false,
            "MOZ_NEW_NOTIFICATION_STORE": false,
            "MOZ_NEW_XULSTORE": false,
            "MOZ_OFFICIAL_BRANDING": false,
            "MOZ_PLACES": false,
            "MOZ_REQUIRE_SIGNING": false,
            "MOZ_SANDBOX": false,
            "MOZ_SERVICES_HEALTHREPORT": true,
            "MOZ_SERVICES_SYNC": false,
            "MOZ_SWITCHBOARD": true,
            "MOZ_SYSTEM_NSS": false,
            "MOZ_TELEMETRY_ON_BY_DEFAULT": false,
            "MOZ_TELEMETRY_REPORTING": true,
            "MOZ_UNSIGNED_SCOPES": 0,
            "MOZ_UPDATER": false,
            "MOZ_UPDATE_CHANNEL": "release",
            "MOZ_WEBRTC": true,
            "MOZ_WIDGET_GTK": false,
            "MOZ_WIDGET_TOOLKIT": "android",
            "NIGHTLY_BUILD": false,
            "OMNIJAR_NAME": "assets/omni.ja",
            "RELEASE_OR_BETA": true,
            "SOURCE_REVISION_URL": "https://hg.mozilla.org/releases/mozilla-esr68/rev/d2e0b9e17b9bc1ef02606c8006b73293f7892ad5",
            "TELEMETRY_PING_FORMAT_VERSION": 4,
            "XP_UNIX": true,
            "isPlatformAndVersionAtLeast": {},
            "isPlatformAndVersionAtMost": {},
            "platform": "android"
          },
          "userAgent": "Mozilla/5.0 (Android 8.1.0; Mobile; rv:68.0) Gecko/68.0 Firefox/68.0",
          "windowSize": "360x560"
        },
        "pageinfo": {
          "documentHeight": 641,
          "documentSize": {
            "decodedBodySize": 18268,
            "encodedBodySize": 7304,
            "transferSize": 8254
          },
          "documentTitle": "Google",
          "documentWidth": 360,
          "domElements": 70,
          "navigationStartTime": 1617048816379,
          "nextHopProtocol": "h2",
          "resources": {
            "count": 0,
            "duration": 0
          },
          "responsive": true,
          "url": "https://www.google.com/#spf=1617048816380",
          "visualElements": {
            "heroes": [
              {
                "filename": "googlelogo_tablet_tier1_hp_color_183x64dp.png",
                "height": 64,
                "name": "LargestImage",
                "width": 183,
                "x": 89,
                "y": 80
              }
            ],
            "viewport": {
              "height": 560,
              "width": 360
            }
          }
        },
        "timings": {
          "firstPaint": 10690,
          "loadEventEnd": 12791,
          "navigationTiming": {
            "connectStart": 8762,
            "domComplete": 12790,
            "domContentLoadedEventEnd": 10768,
            "domContentLoadedEventStart": 10741,
            "domInteractive": 10425,
            "domainLookupEnd": 8759,
            "domainLookupStart": 8759,
            "duration": 12791,
            "fetchStart": 7733,
            "loadEventEnd": 12791,
            "loadEventStart": 12790,
            "redirectEnd": 4545,
            "redirectStart": 519,
            "requestStart": 9156,
            "responseEnd": 9368,
            "responseStart": 9359,
            "secureConnectionStart": 8793,
            "startTime": 0,
            "unloadEventEnd": 0,
            "unloadEventStart": 0,
            "workerStart": 0
          },
          "pageTimings": {
            "backEndTime": 9359,
            "domContentLoadedTime": 10741,
            "domInteractiveTime": 10425,
            "domainLookupTime": 1,
            "frontEndTime": 3422,
            "pageDownloadTime": 9,
            "pageLoadTime": 12790,
            "redirectionTime": 4026,
            "serverConnectionTime": 392,
            "serverResponseTime": 212
          },
          "rumSpeedIndex": 9359,
          "timeToContentfulPaint": 10793,
          "timeToDomContentFlushed": 10510,
          "userTimings": {
            "marks": [],
            "measures": []
          }
        }
      },
      {
        "browser": {
          "appConstants": {
            "ACCESSIBILITY": true,
            "ANDROID_PACKAGE_NAME": "org.mozilla.firefox",
            "ASAN": false,
            "ASAN_REPORTER": false,
            "BROWSER_CHROME_URL": "chrome://browser/content/browser.xul",
            "DEBUG": false,
            "DEBUG_JS_MODULES": "",
            "DLL_PREFIX": "lib",
            "DLL_SUFFIX": ".so",
            "EARLY_BETA_OR_EARLIER": false,
            "FENNEC_NIGHTLY": false,
            "HAVE_SHELL_SERVICE": false,
            "HAVE_USR_LIB64_DIR": false,
            "MENUBAR_CAN_AUTOHIDE": false,
            "MOZILLA_OFFICIAL": true,
            "MOZ_ALLOW_LEGACY_EXTENSIONS": false,
            "MOZ_ANDROID_ACTIVITY_STREAM": false,
            "MOZ_ANDROID_HISTORY": true,
            "MOZ_ANDROID_MOZILLA_ONLINE": false,
            "MOZ_APP_NAME": "fennec",
            "MOZ_APP_VERSION": "68.1.1",
            "MOZ_APP_VERSION_DISPLAY": "68.1.1",
            "MOZ_BING_API_CLIENTID": "no-bing-api-clientid",
            "MOZ_BING_API_KEY": "no-bing-api-key",
            "MOZ_BITS_DOWNLOAD": false,
            "MOZ_BUILD_APP": "mobile/android",
            "MOZ_CODE_COVERAGE": false,
            "MOZ_CRASHREPORTER": true,
            "MOZ_DATA_REPORTING": true,
            "MOZ_DEV_EDITION": false,
            "MOZ_GECKO_PROFILER": true,
            "MOZ_GOOGLE_LOCATION_SERVICE_API_KEY": "AIzaSyB2h2OuRcUgy5N-5hsZqiPW6sH3n_rptiQ",
            "MOZ_GOOGLE_SAFEBROWSING_API_KEY": "AIzaSyC7jsptDS3am4tPx4r3nxis7IMjBc5Dovo",
            "MOZ_GRAPHENE": false,
            "MOZ_MACBUNDLE_NAME": "Firefox.app",
            "MOZ_MAINTENANCE_SERVICE": false,
            "MOZ_MOZILLA_API_KEY": "3b4d27dd-703d-4094-8398-4de2c763505a",
            "MOZ_NEW_CERT_STORAGE": false,
            "MOZ_NEW_NOTIFICATION_STORE": false,
            "MOZ_NEW_XULSTORE": false,
            "MOZ_OFFICIAL_BRANDING": false,
            "MOZ_PLACES": false,
            "MOZ_REQUIRE_SIGNING": false,
            "MOZ_SANDBOX": false,
            "MOZ_SERVICES_HEALTHREPORT": true,
            "MOZ_SERVICES_SYNC": false,
            "MOZ_SWITCHBOARD": true,
            "MOZ_SYSTEM_NSS": false,
            "MOZ_TELEMETRY_ON_BY_DEFAULT": false,
            "MOZ_TELEMETRY_REPORTING": true,
            "MOZ_UNSIGNED_SCOPES": 0,
            "MOZ_UPDATER": false,
            "MOZ_UPDATE_CHANNEL": "release",
            "MOZ_WEBRTC": true,
            "MOZ_WIDGET_GTK": false,
            "MOZ_WIDGET_TOOLKIT": "android",
            "NIGHTLY_BUILD": false,
            "OMNIJAR_NAME": "assets/omni.ja",
            "RELEASE_OR_BETA": true,
            "SOURCE_REVISION_URL": "https://hg.mozilla.org/releases/mozilla-esr68/rev/d2e0b9e17b9bc1ef02606c8006b73293f7892ad5",
            "TELEMETRY_PING_FORMAT_VERSION": 4,
            "XP_UNIX": true,
            "isPlatformAndVersionAtLeast": {},
            "isPlatformAndVersionAtMost": {},
            "platform": "android"
          },
          "asyncAppConstants": {
            "ACCESSIBILITY": true,
            "ANDROID_PACKAGE_NAME": "org.mozilla.firefox",
            "ASAN": false,
            "ASAN_REPORTER": false,
            "BROWSER_CHROME_URL": "chrome://browser/content/browser.xul",
            "DEBUG": false,
            "DEBUG_JS_MODULES": "",
            "DLL_PREFIX": "lib",
            "DLL_SUFFIX": ".so",
            "EARLY_BETA_OR_EARLIER": false,
            "FENNEC_NIGHTLY": false,
            "HAVE_SHELL_SERVICE": false,
            "HAVE_USR_LIB64_DIR": false,
            "MENUBAR_CAN_AUTOHIDE": false,
            "MOZILLA_OFFICIAL": true,
            "MOZ_ALLOW_LEGACY_EXTENSIONS": false,
            "MOZ_ANDROID_ACTIVITY_STREAM": false,
            "MOZ_ANDROID_HISTORY": true,
            "MOZ_ANDROID_MOZILLA_ONLINE": false,
            "MOZ_APP_NAME": "fennec",
            "MOZ_APP_VERSION": "68.1.1",
            "MOZ_APP_VERSION_DISPLAY": "68.1.1",
            "MOZ_BING_API_CLIENTID": "no-bing-api-clientid",
            "MOZ_BING_API_KEY": "no-bing-api-key",
            "MOZ_BITS_DOWNLOAD": false,
            "MOZ_BUILD_APP": "mobile/android",
            "MOZ_CODE_COVERAGE": false,
            "MOZ_CRASHREPORTER": true,
            "MOZ_DATA_REPORTING": true,
            "MOZ_DEV_EDITION": false,
            "MOZ_GECKO_PROFILER": true,
            "MOZ_GOOGLE_LOCATION_SERVICE_API_KEY": "AIzaSyB2h2OuRcUgy5N-5hsZqiPW6sH3n_rptiQ",
            "MOZ_GOOGLE_SAFEBROWSING_API_KEY": "AIzaSyC7jsptDS3am4tPx4r3nxis7IMjBc5Dovo",
            "MOZ_GRAPHENE": false,
            "MOZ_MACBUNDLE_NAME": "Firefox.app",
            "MOZ_MAINTENANCE_SERVICE": false,
            "MOZ_MOZILLA_API_KEY": "3b4d27dd-703d-4094-8398-4de2c763505a",
            "MOZ_NEW_CERT_STORAGE": false,
            "MOZ_NEW_NOTIFICATION_STORE": false,
            "MOZ_NEW_XULSTORE": false,
            "MOZ_OFFICIAL_BRANDING": false,
            "MOZ_PLACES": false,
            "MOZ_REQUIRE_SIGNING": false,
            "MOZ_SANDBOX": false,
            "MOZ_SERVICES_HEALTHREPORT": true,
            "MOZ_SERVICES_SYNC": false,
            "MOZ_SWITCHBOARD": true,
            "MOZ_SYSTEM_NSS": false,
            "MOZ_TELEMETRY_ON_BY_DEFAULT": false,
            "MOZ_TELEMETRY_REPORTING": true,
            "MOZ_UNSIGNED_SCOPES": 0,
            "MOZ_UPDATER": false,
            "MOZ_UPDATE_CHANNEL": "release",
            "MOZ_WEBRTC": true,
            "MOZ_WIDGET_GTK": false,
            "MOZ_WIDGET_TOOLKIT": "android",
            "NIGHTLY_BUILD": false,
            "OMNIJAR_NAME": "assets/omni.ja",
            "RELEASE_OR_BETA": true,
            "SOURCE_REVISION_URL": "https://hg.mozilla.org/releases/mozilla-esr68/rev/d2e0b9e17b9bc1ef02606c8006b73293f7892ad5",
            "TELEMETRY_PING_FORMAT_VERSION": 4,
            "XP_UNIX": true,
            "isPlatformAndVersionAtLeast": {},
            "isPlatformAndVersionAtMost": {},
            "platform": "android"
          },
          "userAgent": "Mozilla/5.0 (Android 8.1.0; Mobile; rv:68.0) Gecko/68.0 Firefox/68.0",
          "windowSize": "360x560"
        },
        "pageinfo": {
          "documentHeight": 641,
          "documentSize": {
            "decodedBodySize": 18301,
            "encodedBodySize": 7346,
            "transferSize": 8296
          },
          "documentTitle": "Google",
          "documentWidth": 360,
          "domElements": 70,
          "navigationStartTime": 1617048975957,
          "nextHopProtocol": "h2",
          "resources": {
            "count": 0,
            "duration": 0
          },
          "responsive": true,
          "url": "https://www.google.com/#spf=1617048975958",
          "visualElements": {
            "heroes": [
              {
                "filename": "googlelogo_tablet_tier1_hp_color_183x64dp.png",
                "height": 64,
                "name": "LargestImage",
                "width": 183,
                "x": 89,
                "y": 80
              }
            ],
            "viewport": {
              "height": 560,
              "width": 360
            }
          }
        },
        "timings": {
          "firstPaint": 8218,
          "loadEventEnd": 11740,
          "navigationTiming": {
            "connectStart": 3297,
            "domComplete": 11736,
            "domContentLoadedEventEnd": 8336,
            "domContentLoadedEventStart": 8298,
            "domInteractive": 7174,
            "domainLookupEnd": 3294,
            "domainLookupStart": 3294,
            "duration": 11740,
            "fetchStart": 2548,
            "loadEventEnd": 11740,
            "loadEventStart": 11736,
            "redirectEnd": 2109,
            "redirectStart": 46,
            "requestStart": 3665,
            "responseEnd": 3845,
            "responseStart": 3840,
            "secureConnectionStart": 3325,
            "startTime": 0,
            "unloadEventEnd": 0,
            "unloadEventStart": 0,
            "workerStart": 0
          },
          "pageTimings": {
            "backEndTime": 3840,
            "domContentLoadedTime": 8298,
            "domInteractiveTime": 7174,
            "domainLookupTime": 1,
            "frontEndTime": 7891,
            "pageDownloadTime": 5,
            "pageLoadTime": 11736,
            "redirectionTime": 2063,
            "serverConnectionTime": 358,
            "serverResponseTime": 181
          },
          "rumSpeedIndex": 3840,
          "timeToContentfulPaint": 8362,
          "timeToDomContentFlushed": 7193,
          "userTimings": {
            "marks": [],
            "measures": []
          }
        }
      }
    ],
    "visualMetrics": [],
    "cpu": [],
    "extras": [
      {},
      {},
      {}
    ],
    "fullyLoaded": [],
    "errors": [
      [],
      [],
      [
        "NoSuchSessionError",
        "Tried to run command without establishing a connection"
      ]
    ],
    "statistics": {
      "browser": {
        "appConstants": {
          "MOZ_UNSIGNED_SCOPES": {
            "median": 0,
            "mean": 0,
            "mdev": 0,
            "stddev": 0,
            "min": 0,
            "p10": 0,
            "p90": 0,
            "p99": 0,
            "max": 0
          },
          "TELEMETRY_PING_FORMAT_VERSION": {
            "median": 4,
            "mean": 4,
            "mdev": 0,
            "stddev": 0,
            "min": 4,
            "p10": 4,
            "p90": 4,
            "p99": 4,
            "max": 4
          }
        },
        "asyncAppConstants": {
          "MOZ_UNSIGNED_SCOPES": {
            "median": 0,
            "mean": 0,
            "mdev": 0,
            "stddev": 0,
            "min": 0,
            "p10": 0,
            "p90": 0,
            "p99": 0,
            "max": 0
          },
          "TELEMETRY_PING_FORMAT_VERSION": {
            "median": 4,
            "mean": 4,
            "mdev": 0,
            "stddev": 0,
            "min": 4,
            "p10": 4,
            "p90": 4,
            "p99": 4,
            "max": 4
          }
        }
      },
      "pageinfo": {
        "documentHeight": {
          "median": 641,
          "mean": 641,
          "mdev": 0,
          "stddev": 0,
          "min": 641,
          "p10": 641,
          "p90": 641,
          "p99": 641,
          "max": 641
        },
        "documentSize": {
          "decodedBodySize": {
            "median": 18285,
            "mean": 18285,
            "mdev": 11.6673,
            "stddev": 17,
            "min": 18268,
            "p10": 18268,
            "p90": 18301,
            "p99": 18301,
            "max": 18301
          },
          "encodedBodySize": {
            "median": 7325,
            "mean": 7325,
            "mdev": 14.8492,
            "stddev": 21,
            "min": 7304,
            "p10": 7304,
            "p90": 7346,
            "p99": 7346,
            "max": 7346
          },
          "transferSize": {
            "median": 8275,
            "mean": 8275,
            "mdev": 14.8492,
            "stddev": 21,
            "min": 8254,
            "p10": 8254,
            "p90": 8296,
            "p99": 8296,
            "max": 8296
          }
        },
        "documentWidth": {
          "median": 360,
          "mean": 360,
          "mdev": 0,
          "stddev": 0,
          "min": 360,
          "p10": 360,
          "p90": 360,
          "p99": 360,
          "max": 360
        },
        "domElements": {
          "median": 70,
          "mean": 70,
          "mdev": 0,
          "stddev": 0,
          "min": 70,
          "p10": 70,
          "p90": 70,
          "p99": 70,
          "max": 70
        },
        "navigationStartTime": {
          "median": 1617048896168,
          "mean": 1617048896168,
          "mdev": 56755.8409,
          "stddev": 80265,
          "min": 1617048816379,
          "p10": 1617048816379,
          "p90": 1617048975957,
          "p99": 1617048975957,
          "max": 1617048975957
        },
        "resources": {
          "count": {
            "median": 0,
            "mean": 0,
            "mdev": 0,
            "stddev": 0,
            "min": 0,
            "p10": 0,
            "p90": 0,
            "p99": 0,
            "max": 0
          },
          "duration": {
            "median": 0,
            "mean": 0,
            "mdev": 0,
            "stddev": 0,
            "min": 0,
            "p10": 0,
            "p90": 0,
            "p99": 0,
            "max": 0
          }
        },
        "visualElements": {
          "heroes": [
            {
              "height": {
                "median": 64,
                "mean": 64,
                "mdev": 0,
                "stddev": 0,
                "min": 64,
                "p10": 64,
                "p90": 64,
                "p99": 64,
                "max": 64
              },
              "width": {
                "median": 183,
                "mean": 183,
                "mdev": 0,
                "stddev": 0,
                "min": 183,
                "p10": 183,
                "p90": 183,
                "p99": 183,
                "max": 183
              },
              "x": {
                "median": 89,
                "mean": 89,
                "mdev": 0,
                "stddev": 0,
                "min": 89,
                "p10": 89,
                "p90": 89,
                "p99": 89,
                "max": 89
              },
              "y": {
                "median": 80,
                "mean": 80,
                "mdev": 0,
                "stddev": 0,
                "min": 80,
                "p10": 80,
                "p90": 80,
                "p99": 80,
                "max": 80
              }
            }
          ],
          "viewport": {
            "height": {
              "median": 560,
              "mean": 560,
              "mdev": 0,
              "stddev": 0,
              "min": 560,
              "p10": 560,
              "p90": 560,
              "p99": 560,
              "max": 560
            },
            "width": {
              "median": 360,
              "mean": 360,
              "mdev": 0,
              "stddev": 0,
              "min": 360,
              "p10": 360,
              "p90": 360,
              "p99": 360,
              "max": 360
            }
          }
        }
      },
      "timings": {
        "firstPaint": {
          "median": 9454,
          "mean": 9454,
          "mdev": 873.984,
          "stddev": 1236,
          "min": 8218,
          "p10": 8218,
          "p90": 10690,
          "p99": 10690,
          "max": 10690
        },
        "loadEventEnd": {
          "median": 12266,
          "mean": 12266,
          "mdev": 371.5846,
          "stddev": 526,
          "min": 11740,
          "p10": 11740,
          "p90": 12791,
          "p99": 12791,
          "max": 12791
        },
        "navigationTiming": {
          "connectStart": {
            "median": 6030,
            "mean": 6030,
            "mdev": 1932.1693,
            "stddev": 2733,
            "min": 3297,
            "p10": 3297,
            "p90": 8762,
            "p99": 8762,
            "max": 8762
          },
          "domComplete": {
            "median": 12263,
            "mean": 12263,
            "mdev": 372.6453,
            "stddev": 527,
            "min": 11736,
            "p10": 11736,
            "p90": 12790,
            "p99": 12790,
            "max": 12790
          },
          "domContentLoadedEventEnd": {
            "median": 9552,
            "mean": 9552,
            "mdev": 859.8418,
            "stddev": 1216,
            "min": 8336,
            "p10": 8336,
            "p90": 10768,
            "p99": 10768,
            "max": 10768
          },
          "domContentLoadedEventStart": {
            "median": 9520,
            "mean": 9520,
            "mdev": 863.7309,
            "stddev": 1222,
            "min": 8298,
            "p10": 8298,
            "p90": 10741,
            "p99": 10741,
            "max": 10741
          },
          "domInteractive": {
            "median": 8800,
            "mean": 8800,
            "mdev": 1149.4021,
            "stddev": 1626,
            "min": 7174,
            "p10": 7174,
            "p90": 10425,
            "p99": 10425,
            "max": 10425
          },
          "domainLookupEnd": {
            "median": 6027,
            "mean": 6027,
            "mdev": 1932.1693,
            "stddev": 2733,
            "min": 3294,
            "p10": 3294,
            "p90": 8759,
            "p99": 8759,
            "max": 8759
          },
          "domainLookupStart": {
            "median": 6027,
            "mean": 6027,
            "mdev": 1932.1693,
            "stddev": 2733,
            "min": 3294,
            "p10": 3294,
            "p90": 8759,
            "p99": 8759,
            "max": 8759
          },
          "duration": {
            "median": 12266,
            "mean": 12266,
            "mdev": 371.5846,
            "stddev": 526,
            "min": 11740,
            "p10": 11740,
            "p90": 12791,
            "p99": 12791,
            "max": 12791
          },
          "fetchStart": {
            "median": 5141,
            "mean": 5141,
            "mdev": 1833.1743,
            "stddev": 2593,
            "min": 2548,
            "p10": 2548,
            "p90": 7733,
            "p99": 7733,
            "max": 7733
          },
          "loadEventEnd": {
            "median": 12266,
            "mean": 12266,
            "mdev": 371.5846,
            "stddev": 526,
            "min": 11740,
            "p10": 11740,
            "p90": 12791,
            "p99": 12791,
            "max": 12791
          },
          "loadEventStart": {
            "median": 12263,
            "mean": 12263,
            "mdev": 372.6453,
            "stddev": 527,
            "min": 11736,
            "p10": 11736,
            "p90": 12790,
            "p99": 12790,
            "max": 12790
          },
          "redirectEnd": {
            "median": 3327,
            "mean": 3327,
            "mdev": 861.2561,
            "stddev": 1218,
            "min": 2109,
            "p10": 2109,
            "p90": 4545,
            "p99": 4545,
            "max": 4545
          },
          "redirectStart": {
            "median": 283,
            "mean": 283,
            "mdev": 167.2308,
            "stddev": 237,
            "min": 46,
            "p10": 46,
            "p90": 519,
            "p99": 519,
            "max": 519
          },
          "requestStart": {
            "median": 6411,
            "mean": 6411,
            "mdev": 1941.3617,
            "stddev": 2746,
            "min": 3665,
            "p10": 3665,
            "p90": 9156,
            "p99": 9156,
            "max": 9156
          },
          "responseEnd": {
            "median": 6607,
            "mean": 6607,
            "mdev": 1952.6754,
            "stddev": 2762,
            "min": 3845,
            "p10": 3845,
            "p90": 9368,
            "p99": 9368,
            "max": 9368
          },
          "responseStart": {
            "median": 6600,
            "mean": 6600,
            "mdev": 1951.2612,
            "stddev": 2760,
            "min": 3840,
            "p10": 3840,
            "p90": 9359,
            "p99": 9359,
            "max": 9359
          },
          "secureConnectionStart": {
            "median": 6059,
            "mean": 6059,
            "mdev": 1933.2299,
            "stddev": 2734,
            "min": 3325,
            "p10": 3325,
            "p90": 8793,
            "p99": 8793,
            "max": 8793
          },
          "startTime": {
            "median": 0,
            "mean": 0,
            "mdev": 0,
            "stddev": 0,
            "min": 0,
            "p10": 0,
            "p90": 0,
            "p99": 0,
            "max": 0
          },
          "unloadEventEnd": {
            "median": 0,
            "mean": 0,
            "mdev": 0,
            "stddev": 0,
            "min": 0,
            "p10": 0,
            "p90": 0,
            "p99": 0,
            "max": 0
          },
          "unloadEventStart": {
            "median": 0,
            "mean": 0,
            "mdev": 0,
            "stddev": 0,
            "min": 0,
            "p10": 0,
            "p90": 0,
            "p99": 0,
            "max": 0
          },
          "workerStart": {
            "median": 0,
            "mean": 0,
            "mdev": 0,
            "stddev": 0,
            "min": 0,
            "p10": 0,
            "p90": 0,
            "p99": 0,
            "max": 0
          }
        },
        "pageTimings": {
          "backEndTime": {
            "median": 6600,
            "mean": 6600,
            "mdev": 1951.2612,
            "stddev": 2760,
            "min": 3840,
            "p10": 3840,
            "p90": 9359,
            "p99": 9359,
            "max": 9359
          },
          "domContentLoadedTime": {
            "median": 9520,
            "mean": 9520,
            "mdev": 863.7309,
            "stddev": 1222,
            "min": 8298,
            "p10": 8298,
            "p90": 10741,
            "p99": 10741,
            "max": 10741
          },
          "domInteractiveTime": {
            "median": 8800,
            "mean": 8800,
            "mdev": 1149.4021,
            "stddev": 1626,
            "min": 7174,
            "p10": 7174,
            "p90": 10425,
            "p99": 10425,
            "max": 10425
          },
          "domainLookupTime": {
            "median": 1,
            "mean": 1,
            "mdev": 0,
            "stddev": 0,
            "min": 1,
            "p10": 1,
            "p90": 1,
            "p99": 1,
            "max": 1
          },
          "frontEndTime": {
            "median": 5657,
            "mean": 5657,
            "mdev": 1580.0301,
            "stddev": 2235,
            "min": 3422,
            "p10": 3422,
            "p90": 7891,
            "p99": 7891,
            "max": 7891
          },
          "pageDownloadTime": {
            "median": 7,
            "mean": 7,
            "mdev": 1.4142,
            "stddev": 2,
            "min": 5,
            "p10": 5,
            "p90": 9,
            "p99": 9,
            "max": 9
          },
          "pageLoadTime": {
            "median": 12263,
            "mean": 12263,
            "mdev": 372.6453,
            "stddev": 527,
            "min": 11736,
            "p10": 11736,
            "p90": 12790,
            "p99": 12790,
            "max": 12790
          },
          "redirectionTime": {
            "median": 3045,
            "mean": 3045,
            "mdev": 694.0253,
            "stddev": 982,
            "min": 2063,
            "p10": 2063,
            "p90": 4026,
            "p99": 4026,
            "max": 4026
          },
          "serverConnectionTime": {
            "median": 375,
            "mean": 375,
            "mdev": 12.0208,
            "stddev": 17,
            "min": 358,
            "p10": 358,
            "p90": 392,
            "p99": 392,
            "max": 392
          },
          "serverResponseTime": {
            "median": 197,
            "mean": 197,
            "mdev": 10.9602,
            "stddev": 16,
            "min": 181,
            "p10": 181,
            "p90": 212,
            "p99": 212,
            "max": 212
          }
        },
        "rumSpeedIndex": {
          "median": 6600,
          "mean": 6600,
          "mdev": 1951.2612,
          "stddev": 2760,
          "min": 3840,
          "p10": 3840,
          "p90": 9359,
          "p99": 9359,
          "max": 9359
        },
        "timeToContentfulPaint": {
          "median": 9578,
          "mean": 9578,
          "mdev": 859.4883,
          "stddev": 1216,
          "min": 8362,
          "p10": 8362,
          "p90": 10793,
          "p99": 10793,
          "max": 10793
        },
        "timeToDomContentFlushed": {
          "median": 8852,
          "mean": 8852,
          "mdev": 1172.7366,
          "stddev": 1659,
          "min": 7193,
          "p10": 7193,
          "p90": 10510,
          "p99": 10510,
          "max": 10510
        }
      }
    }
  }
]