[
  {
    "info": {
      "browsertime": {
        "version": "8.4.0"
      },
      "url": "https://adf.ly/",
      "timestamp": "2021-03-30T21:20:55+04:00",
      "connectivity": {
        "engine": "external",
        "profile": "native"
      },
      "extra": {}
    },
    "files": {
      "video": [],
      "screenshot": [],
      "timeline": [],
      "consoleLog": [],
      "netLog": [],
      "perfLog": []
    },
    "cdp": {
      "performance": []
    },
    "timestamps": [
      "2021-03-30T21:20:44+04:00",
      "2021-03-30T21:21:01+04:00",
      "2021-03-30T21:21:22+04:00"
    ],
    "browserScripts": [
      {
        "browser": {
          "appConstants": {
            "ACCESSIBILITY": true,
            "ANDROID_PACKAGE_NAME": "org.mozilla.firefox",
            "ASAN": false,
            "ASAN_REPORTER": false,
            "BROWSER_CHROME_URL": "chrome://browser/content/browser.xul",
            "DEBUG": false,
            "DEBUG_JS_MODULES": "",
            "DLL_PREFIX": "lib",
            "DLL_SUFFIX": ".so",
            "EARLY_BETA_OR_EARLIER": false,
            "FENNEC_NIGHTLY": false,
            "HAVE_SHELL_SERVICE": false,
            "HAVE_USR_LIB64_DIR": false,
            "MENUBAR_CAN_AUTOHIDE": false,
            "MOZILLA_OFFICIAL": true,
            "MOZ_ALLOW_LEGACY_EXTENSIONS": false,
            "MOZ_ANDROID_ACTIVITY_STREAM": false,
            "MOZ_ANDROID_HISTORY": true,
            "MOZ_ANDROID_MOZILLA_ONLINE": false,
            "MOZ_APP_NAME": "fennec",
            "MOZ_APP_VERSION": "68.1.1",
            "MOZ_APP_VERSION_DISPLAY": "68.1.1",
            "MOZ_BING_API_CLIENTID": "no-bing-api-clientid",
            "MOZ_BING_API_KEY": "no-bing-api-key",
            "MOZ_BITS_DOWNLOAD": false,
            "MOZ_BUILD_APP": "mobile/android",
            "MOZ_CODE_COVERAGE": false,
            "MOZ_CRASHREPORTER": true,
            "MOZ_DATA_REPORTING": true,
            "MOZ_DEV_EDITION": false,
            "MOZ_GECKO_PROFILER": true,
            "MOZ_GOOGLE_LOCATION_SERVICE_API_KEY": "AIzaSyB2h2OuRcUgy5N-5hsZqiPW6sH3n_rptiQ",
            "MOZ_GOOGLE_SAFEBROWSING_API_KEY": "AIzaSyC7jsptDS3am4tPx4r3nxis7IMjBc5Dovo",
            "MOZ_GRAPHENE": false,
            "MOZ_MACBUNDLE_NAME": "Firefox.app",
            "MOZ_MAINTENANCE_SERVICE": false,
            "MOZ_MOZILLA_API_KEY": "3b4d27dd-703d-4094-8398-4de2c763505a",
            "MOZ_NEW_CERT_STORAGE": false,
            "MOZ_NEW_NOTIFICATION_STORE": false,
            "MOZ_NEW_XULSTORE": false,
            "MOZ_OFFICIAL_BRANDING": false,
            "MOZ_PLACES": false,
            "MOZ_REQUIRE_SIGNING": false,
            "MOZ_SANDBOX": false,
            "MOZ_SERVICES_HEALTHREPORT": true,
            "MOZ_SERVICES_SYNC": false,
            "MOZ_SWITCHBOARD": true,
            "MOZ_SYSTEM_NSS": false,
            "MOZ_TELEMETRY_ON_BY_DEFAULT": false,
            "MOZ_TELEMETRY_REPORTING": true,
            "MOZ_UNSIGNED_SCOPES": 0,
            "MOZ_UPDATER": false,
            "MOZ_UPDATE_CHANNEL": "release",
            "MOZ_WEBRTC": true,
            "MOZ_WIDGET_GTK": false,
            "MOZ_WIDGET_TOOLKIT": "android",
            "NIGHTLY_BUILD": false,
            "OMNIJAR_NAME": "assets/omni.ja",
            "RELEASE_OR_BETA": true,
            "SOURCE_REVISION_URL": "https://hg.mozilla.org/releases/mozilla-esr68/rev/d2e0b9e17b9bc1ef02606c8006b73293f7892ad5",
            "TELEMETRY_PING_FORMAT_VERSION": 4,
            "XP_UNIX": true,
            "isPlatformAndVersionAtLeast": {},
            "isPlatformAndVersionAtMost": {},
            "platform": "android"
          },
          "asyncAppConstants": {
            "ACCESSIBILITY": true,
            "ANDROID_PACKAGE_NAME": "org.mozilla.firefox",
            "ASAN": false,
            "ASAN_REPORTER": false,
            "BROWSER_CHROME_URL": "chrome://browser/content/browser.xul",
            "DEBUG": false,
            "DEBUG_JS_MODULES": "",
            "DLL_PREFIX": "lib",
            "DLL_SUFFIX": ".so",
            "EARLY_BETA_OR_EARLIER": false,
            "FENNEC_NIGHTLY": false,
            "HAVE_SHELL_SERVICE": false,
            "HAVE_USR_LIB64_DIR": false,
            "MENUBAR_CAN_AUTOHIDE": false,
            "MOZILLA_OFFICIAL": true,
            "MOZ_ALLOW_LEGACY_EXTENSIONS": false,
            "MOZ_ANDROID_ACTIVITY_STREAM": false,
            "MOZ_ANDROID_HISTORY": true,
            "MOZ_ANDROID_MOZILLA_ONLINE": false,
            "MOZ_APP_NAME": "fennec",
            "MOZ_APP_VERSION": "68.1.1",
            "MOZ_APP_VERSION_DISPLAY": "68.1.1",
            "MOZ_BING_API_CLIENTID": "no-bing-api-clientid",
            "MOZ_BING_API_KEY": "no-bing-api-key",
            "MOZ_BITS_DOWNLOAD": false,
            "MOZ_BUILD_APP": "mobile/android",
            "MOZ_CODE_COVERAGE": false,
            "MOZ_CRASHREPORTER": true,
            "MOZ_DATA_REPORTING": true,
            "MOZ_DEV_EDITION": false,
            "MOZ_GECKO_PROFILER": true,
            "MOZ_GOOGLE_LOCATION_SERVICE_API_KEY": "AIzaSyB2h2OuRcUgy5N-5hsZqiPW6sH3n_rptiQ",
            "MOZ_GOOGLE_SAFEBROWSING_API_KEY": "AIzaSyC7jsptDS3am4tPx4r3nxis7IMjBc5Dovo",
            "MOZ_GRAPHENE": false,
            "MOZ_MACBUNDLE_NAME": "Firefox.app",
            "MOZ_MAINTENANCE_SERVICE": false,
            "MOZ_MOZILLA_API_KEY": "3b4d27dd-703d-4094-8398-4de2c763505a",
            "MOZ_NEW_CERT_STORAGE": false,
            "MOZ_NEW_NOTIFICATION_STORE": false,
            "MOZ_NEW_XULSTORE": false,
            "MOZ_OFFICIAL_BRANDING": false,
            "MOZ_PLACES": false,
            "MOZ_REQUIRE_SIGNING": false,
            "MOZ_SANDBOX": false,
            "MOZ_SERVICES_HEALTHREPORT": true,
            "MOZ_SERVICES_SYNC": false,
            "MOZ_SWITCHBOARD": true,
            "MOZ_SYSTEM_NSS": false,
            "MOZ_TELEMETRY_ON_BY_DEFAULT": false,
            "MOZ_TELEMETRY_REPORTING": true,
            "MOZ_UNSIGNED_SCOPES": 0,
            "MOZ_UPDATER": false,
            "MOZ_UPDATE_CHANNEL": "release",
            "MOZ_WEBRTC": true,
            "MOZ_WIDGET_GTK": false,
            "MOZ_WIDGET_TOOLKIT": "android",
            "NIGHTLY_BUILD": false,
            "OMNIJAR_NAME": "assets/omni.ja",
            "RELEASE_OR_BETA": true,
            "SOURCE_REVISION_URL": "https://hg.mozilla.org/releases/mozilla-esr68/rev/d2e0b9e17b9bc1ef02606c8006b73293f7892ad5",
            "TELEMETRY_PING_FORMAT_VERSION": 4,
            "XP_UNIX": true,
            "isPlatformAndVersionAtLeast": {},
            "isPlatformAndVersionAtMost": {},
            "platform": "android"
          },
          "userAgent": "Mozilla/5.0 (Android 9; Mobile; rv:68.0) Gecko/68.0 Firefox/68.0",
          "windowSize": "360x612"
        },
        "pageinfo": {
          "documentHeight": 2340,
          "documentSize": {
            "decodedBodySize": 44809,
            "encodedBodySize": 10670,
            "transferSize": 11525
          },
          "documentTitle": "AdFly - The URL shortener service that pays you! Earn money for every visitor to your links.",
          "documentWidth": 380,
          "domElements": 367,
          "navigationStartTime": 1617124844648,
          "nextHopProtocol": "h2",
          "resources": {
            "count": 0,
            "duration": 0
          },
          "responsive": false,
          "url": "https://adf.ly/",
          "visualElements": {
            "heroes": [
              {
                "filename": null,
                "height": 100,
                "name": "Heading",
                "width": 360,
                "x": 0,
                "y": 235
              }
            ],
            "viewport": {
              "height": 612,
              "width": 360
            }
          }
        },
        "timings": {
          "firstPaint": 1848,
          "loadEventEnd": 4033,
          "navigationTiming": {
            "connectStart": 297,
            "domComplete": 4025,
            "domContentLoadedEventEnd": 3523,
            "domContentLoadedEventStart": 2839,
            "domInteractive": 2835,
            "domainLookupEnd": 296,
            "domainLookupStart": 296,
            "duration": 4033,
            "fetchStart": 2,
            "loadEventEnd": 4033,
            "loadEventStart": 4025,
            "redirectEnd": 0,
            "redirectStart": 0,
            "requestStart": 611,
            "responseEnd": 880,
            "responseStart": 869,
            "secureConnectionStart": 412,
            "startTime": 0,
            "unloadEventEnd": 0,
            "unloadEventStart": 0,
            "workerStart": 0
          },
          "pageTimings": {
            "backEndTime": 869,
            "domContentLoadedTime": 2839,
            "domInteractiveTime": 2835,
            "domainLookupTime": 0,
            "frontEndTime": 3145,
            "pageDownloadTime": 11,
            "pageLoadTime": 4025,
            "redirectionTime": 0,
            "serverConnectionTime": 314,
            "serverResponseTime": 269
          },
          "rumSpeedIndex": 869,
          "timeToContentfulPaint": 2222,
          "timeToDomContentFlushed": 2983,
          "userTimings": {
            "marks": [],
            "measures": []
          }
        }
      },
      {
        "browser": {
          "appConstants": {
            "ACCESSIBILITY": true,
            "ANDROID_PACKAGE_NAME": "org.mozilla.firefox",
            "ASAN": false,
            "ASAN_REPORTER": false,
            "BROWSER_CHROME_URL": "chrome://browser/content/browser.xul",
            "DEBUG": false,
            "DEBUG_JS_MODULES": "",
            "DLL_PREFIX": "lib",
            "DLL_SUFFIX": ".so",
            "EARLY_BETA_OR_EARLIER": false,
            "FENNEC_NIGHTLY": false,
            "HAVE_SHELL_SERVICE": false,
            "HAVE_USR_LIB64_DIR": false,
            "MENUBAR_CAN_AUTOHIDE": false,
            "MOZILLA_OFFICIAL": true,
            "MOZ_ALLOW_LEGACY_EXTENSIONS": false,
            "MOZ_ANDROID_ACTIVITY_STREAM": false,
            "MOZ_ANDROID_HISTORY": true,
            "MOZ_ANDROID_MOZILLA_ONLINE": false,
            "MOZ_APP_NAME": "fennec",
            "MOZ_APP_VERSION": "68.1.1",
            "MOZ_APP_VERSION_DISPLAY": "68.1.1",
            "MOZ_BING_API_CLIENTID": "no-bing-api-clientid",
            "MOZ_BING_API_KEY": "no-bing-api-key",
            "MOZ_BITS_DOWNLOAD": false,
            "MOZ_BUILD_APP": "mobile/android",
            "MOZ_CODE_COVERAGE": false,
            "MOZ_CRASHREPORTER": true,
            "MOZ_DATA_REPORTING": true,
            "MOZ_DEV_EDITION": false,
            "MOZ_GECKO_PROFILER": true,
            "MOZ_GOOGLE_LOCATION_SERVICE_API_KEY": "AIzaSyB2h2OuRcUgy5N-5hsZqiPW6sH3n_rptiQ",
            "MOZ_GOOGLE_SAFEBROWSING_API_KEY": "AIzaSyC7jsptDS3am4tPx4r3nxis7IMjBc5Dovo",
            "MOZ_GRAPHENE": false,
            "MOZ_MACBUNDLE_NAME": "Firefox.app",
            "MOZ_MAINTENANCE_SERVICE": false,
            "MOZ_MOZILLA_API_KEY": "3b4d27dd-703d-4094-8398-4de2c763505a",
            "MOZ_NEW_CERT_STORAGE": false,
            "MOZ_NEW_NOTIFICATION_STORE": false,
            "MOZ_NEW_XULSTORE": false,
            "MOZ_OFFICIAL_BRANDING": false,
            "MOZ_PLACES": false,
            "MOZ_REQUIRE_SIGNING": false,
            "MOZ_SANDBOX": false,
            "MOZ_SERVICES_HEALTHREPORT": true,
            "MOZ_SERVICES_SYNC": false,
            "MOZ_SWITCHBOARD": true,
            "MOZ_SYSTEM_NSS": false,
            "MOZ_TELEMETRY_ON_BY_DEFAULT": false,
            "MOZ_TELEMETRY_REPORTING": true,
            "MOZ_UNSIGNED_SCOPES": 0,
            "MOZ_UPDATER": false,
            "MOZ_UPDATE_CHANNEL": "release",
            "MOZ_WEBRTC": true,
            "MOZ_WIDGET_GTK": false,
            "MOZ_WIDGET_TOOLKIT": "android",
            "NIGHTLY_BUILD": false,
            "OMNIJAR_NAME": "assets/omni.ja",
            "RELEASE_OR_BETA": true,
            "SOURCE_REVISION_URL": "https://hg.mozilla.org/releases/mozilla-esr68/rev/d2e0b9e17b9bc1ef02606c8006b73293f7892ad5",
            "TELEMETRY_PING_FORMAT_VERSION": 4,
            "XP_UNIX": true,
            "isPlatformAndVersionAtLeast": {},
            "isPlatformAndVersionAtMost": {},
            "platform": "android"
          },
          "asyncAppConstants": {
            "ACCESSIBILITY": true,
            "ANDROID_PACKAGE_NAME": "org.mozilla.firefox",
            "ASAN": false,
            "ASAN_REPORTER": false,
            "BROWSER_CHROME_URL": "chrome://browser/content/browser.xul",
            "DEBUG": false,
            "DEBUG_JS_MODULES": "",
            "DLL_PREFIX": "lib",
            "DLL_SUFFIX": ".so",
            "EARLY_BETA_OR_EARLIER": false,
            "FENNEC_NIGHTLY": false,
            "HAVE_SHELL_SERVICE": false,
            "HAVE_USR_LIB64_DIR": false,
            "MENUBAR_CAN_AUTOHIDE": false,
            "MOZILLA_OFFICIAL": true,
            "MOZ_ALLOW_LEGACY_EXTENSIONS": false,
            "MOZ_ANDROID_ACTIVITY_STREAM": false,
            "MOZ_ANDROID_HISTORY": true,
            "MOZ_ANDROID_MOZILLA_ONLINE": false,
            "MOZ_APP_NAME": "fennec",
            "MOZ_APP_VERSION": "68.1.1",
            "MOZ_APP_VERSION_DISPLAY": "68.1.1",
            "MOZ_BING_API_CLIENTID": "no-bing-api-clientid",
            "MOZ_BING_API_KEY": "no-bing-api-key",
            "MOZ_BITS_DOWNLOAD": false,
            "MOZ_BUILD_APP": "mobile/android",
            "MOZ_CODE_COVERAGE": false,
            "MOZ_CRASHREPORTER": true,
            "MOZ_DATA_REPORTING": true,
            "MOZ_DEV_EDITION": false,
            "MOZ_GECKO_PROFILER": true,
            "MOZ_GOOGLE_LOCATION_SERVICE_API_KEY": "AIzaSyB2h2OuRcUgy5N-5hsZqiPW6sH3n_rptiQ",
            "MOZ_GOOGLE_SAFEBROWSING_API_KEY": "AIzaSyC7jsptDS3am4tPx4r3nxis7IMjBc5Dovo",
            "MOZ_GRAPHENE": false,
            "MOZ_MACBUNDLE_NAME": "Firefox.app",
            "MOZ_MAINTENANCE_SERVICE": false,
            "MOZ_MOZILLA_API_KEY": "3b4d27dd-703d-4094-8398-4de2c763505a",
            "MOZ_NEW_CERT_STORAGE": false,
            "MOZ_NEW_NOTIFICATION_STORE": false,
            "MOZ_NEW_XULSTORE": false,
            "MOZ_OFFICIAL_BRANDING": false,
            "MOZ_PLACES": false,
            "MOZ_REQUIRE_SIGNING": false,
            "MOZ_SANDBOX": false,
            "MOZ_SERVICES_HEALTHREPORT": true,
            "MOZ_SERVICES_SYNC": false,
            "MOZ_SWITCHBOARD": true,
            "MOZ_SYSTEM_NSS": false,
            "MOZ_TELEMETRY_ON_BY_DEFAULT": false,
            "MOZ_TELEMETRY_REPORTING": true,
            "MOZ_UNSIGNED_SCOPES": 0,
            "MOZ_UPDATER": false,
            "MOZ_UPDATE_CHANNEL": "release",
            "MOZ_WEBRTC": true,
            "MOZ_WIDGET_GTK": false,
            "MOZ_WIDGET_TOOLKIT": "android",
            "NIGHTLY_BUILD": false,
            "OMNIJAR_NAME": "assets/omni.ja",
            "RELEASE_OR_BETA": true,
            "SOURCE_REVISION_URL": "https://hg.mozilla.org/releases/mozilla-esr68/rev/d2e0b9e17b9bc1ef02606c8006b73293f7892ad5",
            "TELEMETRY_PING_FORMAT_VERSION": 4,
            "XP_UNIX": true,
            "isPlatformAndVersionAtLeast": {},
            "isPlatformAndVersionAtMost": {},
            "platform": "android"
          },
          "userAgent": "Mozilla/5.0 (Android 9; Mobile; rv:68.0) Gecko/68.0 Firefox/68.0",
          "windowSize": "360x612"
        },
        "pageinfo": {
          "documentHeight": 2356,
          "documentSize": {
            "decodedBodySize": 44847,
            "encodedBodySize": 10693,
            "transferSize": 11548
          },
          "documentTitle": "AdFly - The URL shortener service that pays you! Earn money for every visitor to your links.",
          "documentWidth": 380,
          "domElements": 367,
          "navigationStartTime": 1617124862093,
          "nextHopProtocol": "h2",
          "resources": {
            "count": 0,
            "duration": 0
          },
          "responsive": false,
          "url": "https://adf.ly/",
          "visualElements": {
            "heroes": [
              {
                "filename": null,
                "height": 100,
                "name": "Heading",
                "width": 360,
                "x": 0,
                "y": 235
              }
            ],
            "viewport": {
              "height": 612,
              "width": 360
            }
          }
        },
        "timings": {
          "firstPaint": 1846,
          "loadEventEnd": 8134,
          "navigationTiming": {
            "connectStart": 291,
            "domComplete": 8070,
            "domContentLoadedEventEnd": 3649,
            "domContentLoadedEventStart": 2971,
            "domInteractive": 2968,
            "domainLookupEnd": 291,
            "domainLookupStart": 290,
            "duration": 8134,
            "fetchStart": 2,
            "loadEventEnd": 8134,
            "loadEventStart": 8070,
            "redirectEnd": 0,
            "redirectStart": 0,
            "requestStart": 623,
            "responseEnd": 1039,
            "responseStart": 1029,
            "secureConnectionStart": 413,
            "startTime": 0,
            "unloadEventEnd": 0,
            "unloadEventStart": 0,
            "workerStart": 0
          },
          "pageTimings": {
            "backEndTime": 1029,
            "domContentLoadedTime": 2971,
            "domInteractiveTime": 2968,
            "domainLookupTime": 0,
            "frontEndTime": 7031,
            "pageDownloadTime": 10,
            "pageLoadTime": 8070,
            "redirectionTime": 0,
            "serverConnectionTime": 329,
            "serverResponseTime": 416
          },
          "rumSpeedIndex": 1028,
          "timeToContentfulPaint": 2450,
          "timeToDomContentFlushed": 3114,
          "timeToFirstInteractive": 8688,
          "userTimings": {
            "marks": [],
            "measures": []
          }
        }
      },
      {
        "browser": {
          "appConstants": {
            "ACCESSIBILITY": true,
            "ANDROID_PACKAGE_NAME": "org.mozilla.firefox",
            "ASAN": false,
            "ASAN_REPORTER": false,
            "BROWSER_CHROME_URL": "chrome://browser/content/browser.xul",
            "DEBUG": false,
            "DEBUG_JS_MODULES": "",
            "DLL_PREFIX": "lib",
            "DLL_SUFFIX": ".so",
            "EARLY_BETA_OR_EARLIER": false,
            "FENNEC_NIGHTLY": false,
            "HAVE_SHELL_SERVICE": false,
            "HAVE_USR_LIB64_DIR": false,
            "MENUBAR_CAN_AUTOHIDE": false,
            "MOZILLA_OFFICIAL": true,
            "MOZ_ALLOW_LEGACY_EXTENSIONS": false,
            "MOZ_ANDROID_ACTIVITY_STREAM": false,
            "MOZ_ANDROID_HISTORY": true,
            "MOZ_ANDROID_MOZILLA_ONLINE": false,
            "MOZ_APP_NAME": "fennec",
            "MOZ_APP_VERSION": "68.1.1",
            "MOZ_APP_VERSION_DISPLAY": "68.1.1",
            "MOZ_BING_API_CLIENTID": "no-bing-api-clientid",
            "MOZ_BING_API_KEY": "no-bing-api-key",
            "MOZ_BITS_DOWNLOAD": false,
            "MOZ_BUILD_APP": "mobile/android",
            "MOZ_CODE_COVERAGE": false,
            "MOZ_CRASHREPORTER": true,
            "MOZ_DATA_REPORTING": true,
            "MOZ_DEV_EDITION": false,
            "MOZ_GECKO_PROFILER": true,
            "MOZ_GOOGLE_LOCATION_SERVICE_API_KEY": "AIzaSyB2h2OuRcUgy5N-5hsZqiPW6sH3n_rptiQ",
            "MOZ_GOOGLE_SAFEBROWSING_API_KEY": "AIzaSyC7jsptDS3am4tPx4r3nxis7IMjBc5Dovo",
            "MOZ_GRAPHENE": false,
            "MOZ_MACBUNDLE_NAME": "Firefox.app",
            "MOZ_MAINTENANCE_SERVICE": false,
            "MOZ_MOZILLA_API_KEY": "3b4d27dd-703d-4094-8398-4de2c763505a",
            "MOZ_NEW_CERT_STORAGE": false,
            "MOZ_NEW_NOTIFICATION_STORE": false,
            "MOZ_NEW_XULSTORE": false,
            "MOZ_OFFICIAL_BRANDING": false,
            "MOZ_PLACES": false,
            "MOZ_REQUIRE_SIGNING": false,
            "MOZ_SANDBOX": false,
            "MOZ_SERVICES_HEALTHREPORT": true,
            "MOZ_SERVICES_SYNC": false,
            "MOZ_SWITCHBOARD": true,
            "MOZ_SYSTEM_NSS": false,
            "MOZ_TELEMETRY_ON_BY_DEFAULT": false,
            "MOZ_TELEMETRY_REPORTING": true,
            "MOZ_UNSIGNED_SCOPES": 0,
            "MOZ_UPDATER": false,
            "MOZ_UPDATE_CHANNEL": "release",
            "MOZ_WEBRTC": true,
            "MOZ_WIDGET_GTK": false,
            "MOZ_WIDGET_TOOLKIT": "android",
            "NIGHTLY_BUILD": false,
            "OMNIJAR_NAME": "assets/omni.ja",
            "RELEASE_OR_BETA": true,
            "SOURCE_REVISION_URL": "https://hg.mozilla.org/releases/mozilla-esr68/rev/d2e0b9e17b9bc1ef02606c8006b73293f7892ad5",
            "TELEMETRY_PING_FORMAT_VERSION": 4,
            "XP_UNIX": true,
            "isPlatformAndVersionAtLeast": {},
            "isPlatformAndVersionAtMost": {},
            "platform": "android"
          },
          "asyncAppConstants": {
            "ACCESSIBILITY": true,
            "ANDROID_PACKAGE_NAME": "org.mozilla.firefox",
            "ASAN": false,
            "ASAN_REPORTER": false,
            "BROWSER_CHROME_URL": "chrome://browser/content/browser.xul",
            "DEBUG": false,
            "DEBUG_JS_MODULES": "",
            "DLL_PREFIX": "lib",
            "DLL_SUFFIX": ".so",
            "EARLY_BETA_OR_EARLIER": false,
            "FENNEC_NIGHTLY": false,
            "HAVE_SHELL_SERVICE": false,
            "HAVE_USR_LIB64_DIR": false,
            "MENUBAR_CAN_AUTOHIDE": false,
            "MOZILLA_OFFICIAL": true,
            "MOZ_ALLOW_LEGACY_EXTENSIONS": false,
            "MOZ_ANDROID_ACTIVITY_STREAM": false,
            "MOZ_ANDROID_HISTORY": true,
            "MOZ_ANDROID_MOZILLA_ONLINE": false,
            "MOZ_APP_NAME": "fennec",
            "MOZ_APP_VERSION": "68.1.1",
            "MOZ_APP_VERSION_DISPLAY": "68.1.1",
            "MOZ_BING_API_CLIENTID": "no-bing-api-clientid",
            "MOZ_BING_API_KEY": "no-bing-api-key",
            "MOZ_BITS_DOWNLOAD": false,
            "MOZ_BUILD_APP": "mobile/android",
            "MOZ_CODE_COVERAGE": false,
            "MOZ_CRASHREPORTER": true,
            "MOZ_DATA_REPORTING": true,
            "MOZ_DEV_EDITION": false,
            "MOZ_GECKO_PROFILER": true,
            "MOZ_GOOGLE_LOCATION_SERVICE_API_KEY": "AIzaSyB2h2OuRcUgy5N-5hsZqiPW6sH3n_rptiQ",
            "MOZ_GOOGLE_SAFEBROWSING_API_KEY": "AIzaSyC7jsptDS3am4tPx4r3nxis7IMjBc5Dovo",
            "MOZ_GRAPHENE": false,
            "MOZ_MACBUNDLE_NAME": "Firefox.app",
            "MOZ_MAINTENANCE_SERVICE": false,
            "MOZ_MOZILLA_API_KEY": "3b4d27dd-703d-4094-8398-4de2c763505a",
            "MOZ_NEW_CERT_STORAGE": false,
            "MOZ_NEW_NOTIFICATION_STORE": false,
            "MOZ_NEW_XULSTORE": false,
            "MOZ_OFFICIAL_BRANDING": false,
            "MOZ_PLACES": false,
            "MOZ_REQUIRE_SIGNING": false,
            "MOZ_SANDBOX": false,
            "MOZ_SERVICES_HEALTHREPORT": true,
            "MOZ_SERVICES_SYNC": false,
            "MOZ_SWITCHBOARD": true,
            "MOZ_SYSTEM_NSS": false,
            "MOZ_TELEMETRY_ON_BY_DEFAULT": false,
            "MOZ_TELEMETRY_REPORTING": true,
            "MOZ_UNSIGNED_SCOPES": 0,
            "MOZ_UPDATER": false,
            "MOZ_UPDATE_CHANNEL": "release",
            "MOZ_WEBRTC": true,
            "MOZ_WIDGET_GTK": false,
            "MOZ_WIDGET_TOOLKIT": "android",
            "NIGHTLY_BUILD": false,
            "OMNIJAR_NAME": "assets/omni.ja",
            "RELEASE_OR_BETA": true,
            "SOURCE_REVISION_URL": "https://hg.mozilla.org/releases/mozilla-esr68/rev/d2e0b9e17b9bc1ef02606c8006b73293f7892ad5",
            "TELEMETRY_PING_FORMAT_VERSION": 4,
            "XP_UNIX": true,
            "isPlatformAndVersionAtLeast": {},
            "isPlatformAndVersionAtMost": {},
            "platform": "android"
          },
          "userAgent": "Mozilla/5.0 (Android 9; Mobile; rv:68.0) Gecko/68.0 Firefox/68.0",
          "windowSize": "360x612"
        },
        "pageinfo": {
          "documentHeight": 2324,
          "documentSize": {
            "decodedBodySize": 44791,
            "encodedBodySize": 10658,
            "transferSize": 11513
          },
          "documentTitle": "AdFly - The URL shortener service that pays you! Earn money for every visitor to your links.",
          "documentWidth": 380,
          "domElements": 367,
          "navigationStartTime": 1617124882955,
          "nextHopProtocol": "h2",
          "resources": {
            "count": 0,
            "duration": 0
          },
          "responsive": false,
          "url": "https://adf.ly/",
          "visualElements": {
            "heroes": [
              {
                "filename": null,
                "height": 100,
                "name": "Heading",
                "width": 360,
                "x": 0,
                "y": 235
              }
            ],
            "viewport": {
              "height": 612,
              "width": 360
            }
          }
        },
        "timings": {
          "firstPaint": 2275,
          "loadEventEnd": 4428,
          "navigationTiming": {
            "connectStart": 87,
            "domComplete": 4301,
            "domContentLoadedEventEnd": 3694,
            "domContentLoadedEventStart": 3055,
            "domInteractive": 3022,
            "domainLookupEnd": 85,
            "domainLookupStart": 85,
            "duration": 4428,
            "fetchStart": 2,
            "loadEventEnd": 4428,
            "loadEventStart": 4301,
            "redirectEnd": 0,
            "redirectStart": 0,
            "requestStart": 501,
            "responseEnd": 836,
            "responseStart": 825,
            "secureConnectionStart": 256,
            "startTime": 0,
            "unloadEventEnd": 0,
            "unloadEventStart": 0,
            "workerStart": 0
          },
          "pageTimings": {
            "backEndTime": 825,
            "domContentLoadedTime": 3055,
            "domInteractiveTime": 3022,
            "domainLookupTime": 0,
            "frontEndTime": 3464,
            "pageDownloadTime": 11,
            "pageLoadTime": 4301,
            "redirectionTime": 0,
            "serverConnectionTime": 413,
            "serverResponseTime": 336
          },
          "rumSpeedIndex": 825,
          "timeToContentfulPaint": 2455,
          "timeToDomContentFlushed": 3034,
          "userTimings": {
            "marks": [],
            "measures": []
          }
        }
      }
    ],
    "visualMetrics": [],
    "cpu": [],
    "extras": [
      {},
      {},
      {}
    ],
    "fullyLoaded": [],
    "errors": [
      [],
      [],
      []
    ],
    "statistics": {
      "browser": {
        "appConstants": {
          "MOZ_UNSIGNED_SCOPES": {
            "median": 0,
            "mean": 0,
            "mdev": 0,
            "stddev": 0,
            "min": 0,
            "p10": 0,
            "p90": 0,
            "p99": 0,
            "max": 0
          },
          "TELEMETRY_PING_FORMAT_VERSION": {
            "median": 4,
            "mean": 4,
            "mdev": 0,
            "stddev": 0,
            "min": 4,
            "p10": 4,
            "p90": 4,
            "p99": 4,
            "max": 4
          }
        },
        "asyncAppConstants": {
          "MOZ_UNSIGNED_SCOPES": {
            "median": 0,
            "mean": 0,
            "mdev": 0,
            "stddev": 0,
            "min": 0,
            "p10": 0,
            "p90": 0,
            "p99": 0,
            "max": 0
          },
          "TELEMETRY_PING_FORMAT_VERSION": {
            "median": 4,
            "mean": 4,
            "mdev": 0,
            "stddev": 0,
            "min": 4,
            "p10": 4,
            "p90": 4,
            "p99": 4,
            "max": 4
          }
        }
      },
      "pageinfo": {
        "documentHeight": {
          "median": 2340,
          "mean": 2340,
          "mdev": 7.5425,
          "stddev": 13,
          "min": 2324,
          "p10": 2324,
          "p90": 2356,
          "p99": 2356,
          "max": 2356
        },
        "documentSize": {
          "decodedBodySize": {
            "median": 44809,
            "mean": 44816,
            "mdev": 13.477,
            "stddev": 23,
            "min": 44791,
            "p10": 44791,
            "p90": 44847,
            "p99": 44847,
            "max": 44847
          },
          "encodedBodySize": {
            "median": 10670,
            "mean": 10674,
            "mdev": 8.3843,
            "stddev": 15,
            "min": 10658,
            "p10": 10658,
            "p90": 10693,
            "p99": 10693,
            "max": 10693
          },
          "transferSize": {
            "median": 11525,
            "mean": 11529,
            "mdev": 8.3843,
            "stddev": 15,
            "min": 11513,
            "p10": 11513,
            "p90": 11548,
            "p99": 11548,
            "max": 11548
          }
        },
        "documentWidth": {
          "median": 380,
          "mean": 380,
          "mdev": 0,
          "stddev": 0,
          "min": 380,
          "p10": 380,
          "p90": 380,
          "p99": 380,
          "max": 380
        },
        "domElements": {
          "median": 367,
          "mean": 367,
          "mdev": 0,
          "stddev": 0,
          "min": 367,
          "p10": 367,
          "p90": 367,
          "p99": 367,
          "max": 367
        },
        "navigationStartTime": {
          "median": 1617124862093,
          "mean": 1617124863232,
          "mdev": 0,
          "stddev": 0,
          "min": 1617124844648,
          "p10": 1617124844648,
          "p90": 1617124882955,
          "p99": 1617124882955,
          "max": 1617124882955
        },
        "resources": {
          "count": {
            "median": 0,
            "mean": 0,
            "mdev": 0,
            "stddev": 0,
            "min": 0,
            "p10": 0,
            "p90": 0,
            "p99": 0,
            "max": 0
          },
          "duration": {
            "median": 0,
            "mean": 0,
            "mdev": 0,
            "stddev": 0,
            "min": 0,
            "p10": 0,
            "p90": 0,
            "p99": 0,
            "max": 0
          }
        },
        "visualElements": {
          "heroes": [
            {
              "height": {
                "median": 100,
                "mean": 100,
                "mdev": 0,
                "stddev": 0,
                "min": 100,
                "p10": 100,
                "p90": 100,
                "p99": 100,
                "max": 100
              },
              "width": {
                "median": 360,
                "mean": 360,
                "mdev": 0,
                "stddev": 0,
                "min": 360,
                "p10": 360,
                "p90": 360,
                "p99": 360,
                "max": 360
              },
              "x": {
                "median": 0,
                "mean": 0,
                "mdev": 0,
                "stddev": 0,
                "min": 0,
                "p10": 0,
                "p90": 0,
                "p99": 0,
                "max": 0
              },
              "y": {
                "median": 235,
                "mean": 235,
                "mdev": 0,
                "stddev": 0,
                "min": 235,
                "p10": 235,
                "p90": 235,
                "p99": 235,
                "max": 235
              }
            }
          ],
          "viewport": {
            "height": {
              "median": 612,
              "mean": 612,
              "mdev": 0,
              "stddev": 0,
              "min": 612,
              "p10": 612,
              "p90": 612,
              "p99": 612,
              "max": 612
            },
            "width": {
              "median": 360,
              "mean": 360,
              "mdev": 0,
              "stddev": 0,
              "min": 360,
              "p10": 360,
              "p90": 360,
              "p99": 360,
              "max": 360
            }
          }
        }
      },
      "timings": {
        "firstPaint": {
          "median": 1848,
          "mean": 1990,
          "mdev": 116.4878,
          "stddev": 202,
          "min": 1846,
          "p10": 1846,
          "p90": 2275,
          "p99": 2275,
          "max": 2275
        },
        "loadEventEnd": {
          "median": 4428,
          "mean": 5532,
          "mdev": 1066.4698,
          "stddev": 1847,
          "min": 4033,
          "p10": 4033,
          "p90": 8134,
          "p99": 8134,
          "max": 8134
        },
        "navigationTiming": {
          "connectStart": {
            "median": 291,
            "mean": 225,
            "mdev": 56.356,
            "stddev": 98,
            "min": 87,
            "p10": 87,
            "p90": 297,
            "p99": 297,
            "max": 297
          },
          "domComplete": {
            "median": 4301,
            "mean": 5465,
            "mdev": 1065.3388,
            "stddev": 1845,
            "min": 4025,
            "p10": 4025,
            "p90": 8070,
            "p99": 8070,
            "max": 8070
          },
          "domContentLoadedEventEnd": {
            "median": 3649,
            "mean": 3622,
            "mdev": 41.7852,
            "stddev": 72,
            "min": 3523,
            "p10": 3523,
            "p90": 3694,
            "p99": 3694,
            "max": 3694
          },
          "domContentLoadedEventStart": {
            "median": 2971,
            "mean": 2955,
            "mdev": 51.329,
            "stddev": 89,
            "min": 2839,
            "p10": 2839,
            "p90": 3055,
            "p99": 3055,
            "max": 3055
          },
          "domInteractive": {
            "median": 2968,
            "mean": 2942,
            "mdev": 45.3685,
            "stddev": 79,
            "min": 2835,
            "p10": 2835,
            "p90": 3022,
            "p99": 3022,
            "max": 3022
          },
          "domainLookupEnd": {
            "median": 291,
            "mean": 224,
            "mdev": 56.7587,
            "stddev": 98,
            "min": 85,
            "p10": 85,
            "p90": 296,
            "p99": 296,
            "max": 296
          },
          "domainLookupStart": {
            "median": 290,
            "mean": 224,
            "mdev": 56.6281,
            "stddev": 98,
            "min": 85,
            "p10": 85,
            "p90": 296,
            "p99": 296,
            "max": 296
          },
          "duration": {
            "median": 4428,
            "mean": 5532,
            "mdev": 1066.4698,
            "stddev": 1847,
            "min": 4033,
            "p10": 4033,
            "p90": 8134,
            "p99": 8134,
            "max": 8134
          },
          "fetchStart": {
            "median": 2,
            "mean": 2,
            "mdev": 0,
            "stddev": 0,
            "min": 2,
            "p10": 2,
            "p90": 2,
            "p99": 2,
            "max": 2
          },
          "loadEventEnd": {
            "median": 4428,
            "mean": 5532,
            "mdev": 1066.4698,
            "stddev": 1847,
            "min": 4033,
            "p10": 4033,
            "p90": 8134,
            "p99": 8134,
            "max": 8134
          },
          "loadEventStart": {
            "median": 4301,
            "mean": 5465,
            "mdev": 1065.3388,
            "stddev": 1845,
            "min": 4025,
            "p10": 4025,
            "p90": 8070,
            "p99": 8070,
            "max": 8070
          },
          "redirectEnd": {
            "median": 0,
            "mean": 0,
            "mdev": 0,
            "stddev": 0,
            "min": 0,
            "p10": 0,
            "p90": 0,
            "p99": 0,
            "max": 0
          },
          "redirectStart": {
            "median": 0,
            "mean": 0,
            "mdev": 0,
            "stddev": 0,
            "min": 0,
            "p10": 0,
            "p90": 0,
            "p99": 0,
            "max": 0
          },
          "requestStart": {
            "median": 611,
            "mean": 578,
            "mdev": 31.6976,
            "stddev": 55,
            "min": 501,
            "p10": 501,
            "p90": 623,
            "p99": 623,
            "max": 623
          },
          "responseEnd": {
            "median": 880,
            "mean": 918,
            "mdev": 50.3418,
            "stddev": 87,
            "min": 836,
            "p10": 836,
            "p90": 1039,
            "p99": 1039,
            "max": 1039
          },
          "responseStart": {
            "median": 869,
            "mean": 908,
            "mdev": 50.6082,
            "stddev": 88,
            "min": 825,
            "p10": 825,
            "p90": 1029,
            "p99": 1029,
            "max": 1029
          },
          "secureConnectionStart": {
            "median": 412,
            "mean": 360,
            "mdev": 42.5946,
            "stddev": 74,
            "min": 256,
            "p10": 256,
            "p90": 413,
            "p99": 413,
            "max": 413
          },
          "startTime": {
            "median": 0,
            "mean": 0,
            "mdev": 0,
            "stddev": 0,
            "min": 0,
            "p10": 0,
            "p90": 0,
            "p99": 0,
            "max": 0
          },
          "unloadEventEnd": {
            "median": 0,
            "mean": 0,
            "mdev": 0,
            "stddev": 0,
            "min": 0,
            "p10": 0,
            "p90": 0,
            "p99": 0,
            "max": 0
          },
          "unloadEventStart": {
            "median": 0,
            "mean": 0,
            "mdev": 0,
            "stddev": 0,
            "min": 0,
            "p10": 0,
            "p90": 0,
            "p99": 0,
            "max": 0
          },
          "workerStart": {
            "median": 0,
            "mean": 0,
            "mdev": 0,
            "stddev": 0,
            "min": 0,
            "p10": 0,
            "p90": 0,
            "p99": 0,
            "max": 0
          }
        },
        "pageTimings": {
          "backEndTime": {
            "median": 869,
            "mean": 908,
            "mdev": 50.6082,
            "stddev": 88,
            "min": 825,
            "p10": 825,
            "p90": 1029,
            "p99": 1029,
            "max": 1029
          },
          "domContentLoadedTime": {
            "median": 2971,
            "mean": 2955,
            "mdev": 51.329,
            "stddev": 89,
            "min": 2839,
            "p10": 2839,
            "p90": 3055,
            "p99": 3055,
            "max": 3055
          },
          "domInteractiveTime": {
            "median": 2968,
            "mean": 2942,
            "mdev": 45.3685,
            "stddev": 79,
            "min": 2835,
            "p10": 2835,
            "p90": 3022,
            "p99": 3022,
            "max": 3022
          },
          "domainLookupTime": {
            "median": 0,
            "mean": 0,
            "mdev": 0,
            "stddev": 0,
            "min": 0,
            "p10": 0,
            "p90": 0,
            "p99": 0,
            "max": 0
          },
          "frontEndTime": {
            "median": 3464,
            "mean": 4547,
            "mdev": 1017.0081,
            "stddev": 1762,
            "min": 3145,
            "p10": 3145,
            "p90": 7031,
            "p99": 7031,
            "max": 7031
          },
          "pageDownloadTime": {
            "median": 11,
            "mean": 11,
            "mdev": 0.2722,
            "stddev": 0,
            "min": 10,
            "p10": 10,
            "p90": 11,
            "p99": 11,
            "max": 11
          },
          "pageLoadTime": {
            "median": 4301,
            "mean": 5465,
            "mdev": 1065.3388,
            "stddev": 1845,
            "min": 4025,
            "p10": 4025,
            "p90": 8070,
            "p99": 8070,
            "max": 8070
          },
          "redirectionTime": {
            "median": 0,
            "mean": 0,
            "mdev": 0,
            "stddev": 0,
            "min": 0,
            "p10": 0,
            "p90": 0,
            "p99": 0,
            "max": 0
          },
          "serverConnectionTime": {
            "median": 329,
            "mean": 352,
            "mdev": 25.1529,
            "stddev": 44,
            "min": 314,
            "p10": 314,
            "p90": 413,
            "p99": 413,
            "max": 413
          },
          "serverResponseTime": {
            "median": 336,
            "mean": 340,
            "mdev": 34.6934,
            "stddev": 60,
            "min": 269,
            "p10": 269,
            "p90": 416,
            "p99": 416,
            "max": 416
          }
        },
        "rumSpeedIndex": {
          "median": 869,
          "mean": 907,
          "mdev": 50.3418,
          "stddev": 87,
          "min": 825,
          "p10": 825,
          "p90": 1028,
          "p99": 1028,
          "max": 1028
        },
        "timeToContentfulPaint": {
          "median": 2450,
          "mean": 2376,
          "mdev": 62.7452,
          "stddev": 109,
          "min": 2222,
          "p10": 2222,
          "p90": 2455,
          "p99": 2455,
          "max": 2455
        },
        "timeToDomContentFlushed": {
          "median": 3034,
          "mean": 3044,
          "mdev": 31.1282,
          "stddev": 54,
          "min": 2983,
          "p10": 2983,
          "p90": 3114,
          "p99": 3114,
          "max": 3114
        },
        "timeToFirstInteractive": {
          "median": 8688,
          "mean": 8688,
          "mdev": 0,
          "stddev": 0,
          "min": 8688,
          "p10": 8688,
          "p90": 8688,
          "p99": 8688,
          "max": 8688
        }
      }
    }
  }
]