[
  {
    "info": {
      "browsertime": {
        "version": "8.4.0"
      },
      "url": "http://xinhuanet.com/",
      "timestamp": "2021-03-30T02:38:27+04:00",
      "connectivity": {
        "engine": "external",
        "profile": "native"
      },
      "extra": {}
    },
    "files": {
      "video": [],
      "screenshot": [],
      "timeline": [],
      "consoleLog": [],
      "netLog": [],
      "perfLog": []
    },
    "cdp": {
      "performance": []
    },
    "timestamps": [
      "2021-03-30T02:37:01+04:00",
      "2021-03-30T02:38:42+04:00",
      "2021-03-30T02:41:16+04:00"
    ],
    "browserScripts": [
      {},
      {
        "browser": {
          "appConstants": {
            "ACCESSIBILITY": true,
            "ANDROID_PACKAGE_NAME": "org.mozilla.firefox",
            "ASAN": false,
            "ASAN_REPORTER": false,
            "BROWSER_CHROME_URL": "chrome://browser/content/browser.xul",
            "DEBUG": false,
            "DEBUG_JS_MODULES": "",
            "DLL_PREFIX": "lib",
            "DLL_SUFFIX": ".so",
            "EARLY_BETA_OR_EARLIER": false,
            "FENNEC_NIGHTLY": false,
            "HAVE_SHELL_SERVICE": false,
            "HAVE_USR_LIB64_DIR": false,
            "MENUBAR_CAN_AUTOHIDE": false,
            "MOZILLA_OFFICIAL": true,
            "MOZ_ALLOW_LEGACY_EXTENSIONS": false,
            "MOZ_ANDROID_ACTIVITY_STREAM": false,
            "MOZ_ANDROID_HISTORY": true,
            "MOZ_ANDROID_MOZILLA_ONLINE": false,
            "MOZ_APP_NAME": "fennec",
            "MOZ_APP_VERSION": "68.1.1",
            "MOZ_APP_VERSION_DISPLAY": "68.1.1",
            "MOZ_BING_API_CLIENTID": "no-bing-api-clientid",
            "MOZ_BING_API_KEY": "no-bing-api-key",
            "MOZ_BITS_DOWNLOAD": false,
            "MOZ_BUILD_APP": "mobile/android",
            "MOZ_CODE_COVERAGE": false,
            "MOZ_CRASHREPORTER": true,
            "MOZ_DATA_REPORTING": true,
            "MOZ_DEV_EDITION": false,
            "MOZ_GECKO_PROFILER": true,
            "MOZ_GOOGLE_LOCATION_SERVICE_API_KEY": "AIzaSyB2h2OuRcUgy5N-5hsZqiPW6sH3n_rptiQ",
            "MOZ_GOOGLE_SAFEBROWSING_API_KEY": "AIzaSyC7jsptDS3am4tPx4r3nxis7IMjBc5Dovo",
            "MOZ_GRAPHENE": false,
            "MOZ_MACBUNDLE_NAME": "Firefox.app",
            "MOZ_MAINTENANCE_SERVICE": false,
            "MOZ_MOZILLA_API_KEY": "3b4d27dd-703d-4094-8398-4de2c763505a",
            "MOZ_NEW_CERT_STORAGE": false,
            "MOZ_NEW_NOTIFICATION_STORE": false,
            "MOZ_NEW_XULSTORE": false,
            "MOZ_OFFICIAL_BRANDING": false,
            "MOZ_PLACES": false,
            "MOZ_REQUIRE_SIGNING": false,
            "MOZ_SANDBOX": false,
            "MOZ_SERVICES_HEALTHREPORT": true,
            "MOZ_SERVICES_SYNC": false,
            "MOZ_SWITCHBOARD": true,
            "MOZ_SYSTEM_NSS": false,
            "MOZ_TELEMETRY_ON_BY_DEFAULT": false,
            "MOZ_TELEMETRY_REPORTING": true,
            "MOZ_UNSIGNED_SCOPES": 0,
            "MOZ_UPDATER": false,
            "MOZ_UPDATE_CHANNEL": "release",
            "MOZ_WEBRTC": true,
            "MOZ_WIDGET_GTK": false,
            "MOZ_WIDGET_TOOLKIT": "android",
            "NIGHTLY_BUILD": false,
            "OMNIJAR_NAME": "assets/omni.ja",
            "RELEASE_OR_BETA": true,
            "SOURCE_REVISION_URL": "https://hg.mozilla.org/releases/mozilla-esr68/rev/d2e0b9e17b9bc1ef02606c8006b73293f7892ad5",
            "TELEMETRY_PING_FORMAT_VERSION": 4,
            "XP_UNIX": true,
            "isPlatformAndVersionAtLeast": {},
            "isPlatformAndVersionAtMost": {},
            "platform": "android"
          },
          "asyncAppConstants": {
            "ACCESSIBILITY": true,
            "ANDROID_PACKAGE_NAME": "org.mozilla.firefox",
            "ASAN": false,
            "ASAN_REPORTER": false,
            "BROWSER_CHROME_URL": "chrome://browser/content/browser.xul",
            "DEBUG": false,
            "DEBUG_JS_MODULES": "",
            "DLL_PREFIX": "lib",
            "DLL_SUFFIX": ".so",
            "EARLY_BETA_OR_EARLIER": false,
            "FENNEC_NIGHTLY": false,
            "HAVE_SHELL_SERVICE": false,
            "HAVE_USR_LIB64_DIR": false,
            "MENUBAR_CAN_AUTOHIDE": false,
            "MOZILLA_OFFICIAL": true,
            "MOZ_ALLOW_LEGACY_EXTENSIONS": false,
            "MOZ_ANDROID_ACTIVITY_STREAM": false,
            "MOZ_ANDROID_HISTORY": true,
            "MOZ_ANDROID_MOZILLA_ONLINE": false,
            "MOZ_APP_NAME": "fennec",
            "MOZ_APP_VERSION": "68.1.1",
            "MOZ_APP_VERSION_DISPLAY": "68.1.1",
            "MOZ_BING_API_CLIENTID": "no-bing-api-clientid",
            "MOZ_BING_API_KEY": "no-bing-api-key",
            "MOZ_BITS_DOWNLOAD": false,
            "MOZ_BUILD_APP": "mobile/android",
            "MOZ_CODE_COVERAGE": false,
            "MOZ_CRASHREPORTER": true,
            "MOZ_DATA_REPORTING": true,
            "MOZ_DEV_EDITION": false,
            "MOZ_GECKO_PROFILER": true,
            "MOZ_GOOGLE_LOCATION_SERVICE_API_KEY": "AIzaSyB2h2OuRcUgy5N-5hsZqiPW6sH3n_rptiQ",
            "MOZ_GOOGLE_SAFEBROWSING_API_KEY": "AIzaSyC7jsptDS3am4tPx4r3nxis7IMjBc5Dovo",
            "MOZ_GRAPHENE": false,
            "MOZ_MACBUNDLE_NAME": "Firefox.app",
            "MOZ_MAINTENANCE_SERVICE": false,
            "MOZ_MOZILLA_API_KEY": "3b4d27dd-703d-4094-8398-4de2c763505a",
            "MOZ_NEW_CERT_STORAGE": false,
            "MOZ_NEW_NOTIFICATION_STORE": false,
            "MOZ_NEW_XULSTORE": false,
            "MOZ_OFFICIAL_BRANDING": false,
            "MOZ_PLACES": false,
            "MOZ_REQUIRE_SIGNING": false,
            "MOZ_SANDBOX": false,
            "MOZ_SERVICES_HEALTHREPORT": true,
            "MOZ_SERVICES_SYNC": false,
            "MOZ_SWITCHBOARD": true,
            "MOZ_SYSTEM_NSS": false,
            "MOZ_TELEMETRY_ON_BY_DEFAULT": false,
            "MOZ_TELEMETRY_REPORTING": true,
            "MOZ_UNSIGNED_SCOPES": 0,
            "MOZ_UPDATER": false,
            "MOZ_UPDATE_CHANNEL": "release",
            "MOZ_WEBRTC": true,
            "MOZ_WIDGET_GTK": false,
            "MOZ_WIDGET_TOOLKIT": "android",
            "NIGHTLY_BUILD": false,
            "OMNIJAR_NAME": "assets/omni.ja",
            "RELEASE_OR_BETA": true,
            "SOURCE_REVISION_URL": "https://hg.mozilla.org/releases/mozilla-esr68/rev/d2e0b9e17b9bc1ef02606c8006b73293f7892ad5",
            "TELEMETRY_PING_FORMAT_VERSION": 4,
            "XP_UNIX": true,
            "isPlatformAndVersionAtLeast": {},
            "isPlatformAndVersionAtMost": {},
            "platform": "android"
          },
          "userAgent": "Mozilla/5.0 (Android 8.1.0; Mobile; rv:68.0) Gecko/68.0 Firefox/68.0",
          "windowSize": "360x560"
        },
        "pageinfo": {
          "documentHeight": 5065,
          "documentSize": {
            "decodedBodySize": 26018,
            "encodedBodySize": 5715,
            "transferSize": 6275
          },
          "documentTitle": "新华网_让新闻离你更近",
          "documentWidth": 360,
          "domElements": 806,
          "navigationStartTime": 1617057529335,
          "nextHopProtocol": "http/1.1",
          "resources": {
            "count": 0,
            "duration": 0
          },
          "responsive": true,
          "url": "http://m.xinhuanet.com/",
          "visualElements": {
            "heroes": [
              {
                "filename": "1127268114_1616995994812_title0h.jpg",
                "height": 188,
                "name": "LargestImage",
                "width": 334,
                "x": 134,
                "y": 236
              },
              {
                "filename": null,
                "height": 51,
                "name": "Heading",
                "width": 296,
                "x": 52,
                "y": 149
              }
            ],
            "viewport": {
              "height": 560,
              "width": 360
            }
          }
        },
        "timings": {
          "firstPaint": 14153,
          "loadEventEnd": 39660,
          "navigationTiming": {
            "connectStart": 3743,
            "domComplete": 39657,
            "domContentLoadedEventEnd": 27795,
            "domContentLoadedEventStart": 27757,
            "domInteractive": 25596,
            "domainLookupEnd": 3743,
            "domainLookupStart": 3743,
            "duration": 39660,
            "fetchStart": -8,
            "loadEventEnd": 39660,
            "loadEventStart": 39658,
            "redirectEnd": 0,
            "redirectStart": 0,
            "requestStart": 3864,
            "responseEnd": 4225,
            "responseStart": 4222,
            "secureConnectionStart": 0,
            "startTime": 0,
            "unloadEventEnd": 0,
            "unloadEventStart": 0,
            "workerStart": 0
          },
          "pageTimings": {
            "backEndTime": 4222,
            "domContentLoadedTime": 27757,
            "domInteractiveTime": 25596,
            "domainLookupTime": 0,
            "frontEndTime": 35433,
            "pageDownloadTime": 3,
            "pageLoadTime": 39658,
            "redirectionTime": 0,
            "serverConnectionTime": 119,
            "serverResponseTime": 361
          },
          "rumSpeedIndex": 4222,
          "timeToContentfulPaint": 22030,
          "timeToDomContentFlushed": 25845,
          "userTimings": {
            "marks": [],
            "measures": []
          }
        }
      },
      {}
    ],
    "visualMetrics": [],
    "cpu": [],
    "extras": [
      {},
      {},
      {}
    ],
    "fullyLoaded": [],
    "errors": [
      [],
      [],
      []
    ],
    "statistics": {
      "browser": {
        "appConstants": {
          "MOZ_UNSIGNED_SCOPES": {
            "median": 0,
            "mean": 0,
            "mdev": 0,
            "stddev": 0,
            "min": 0,
            "p10": 0,
            "p90": 0,
            "p99": 0,
            "max": 0
          },
          "TELEMETRY_PING_FORMAT_VERSION": {
            "median": 4,
            "mean": 4,
            "mdev": 0,
            "stddev": 0,
            "min": 4,
            "p10": 4,
            "p90": 4,
            "p99": 4,
            "max": 4
          }
        },
        "asyncAppConstants": {
          "MOZ_UNSIGNED_SCOPES": {
            "median": 0,
            "mean": 0,
            "mdev": 0,
            "stddev": 0,
            "min": 0,
            "p10": 0,
            "p90": 0,
            "p99": 0,
            "max": 0
          },
          "TELEMETRY_PING_FORMAT_VERSION": {
            "median": 4,
            "mean": 4,
            "mdev": 0,
            "stddev": 0,
            "min": 4,
            "p10": 4,
            "p90": 4,
            "p99": 4,
            "max": 4
          }
        }
      },
      "pageinfo": {
        "documentHeight": {
          "median": 5065,
          "mean": 5065,
          "mdev": 0,
          "stddev": 0,
          "min": 5065,
          "p10": 5065,
          "p90": 5065,
          "p99": 5065,
          "max": 5065
        },
        "documentSize": {
          "decodedBodySize": {
            "median": 26018,
            "mean": 26018,
            "mdev": 0,
            "stddev": 0,
            "min": 26018,
            "p10": 26018,
            "p90": 26018,
            "p99": 26018,
            "max": 26018
          },
          "encodedBodySize": {
            "median": 5715,
            "mean": 5715,
            "mdev": 0,
            "stddev": 0,
            "min": 5715,
            "p10": 5715,
            "p90": 5715,
            "p99": 5715,
            "max": 5715
          },
          "transferSize": {
            "median": 6275,
            "mean": 6275,
            "mdev": 0,
            "stddev": 0,
            "min": 6275,
            "p10": 6275,
            "p90": 6275,
            "p99": 6275,
            "max": 6275
          }
        },
        "documentWidth": {
          "median": 360,
          "mean": 360,
          "mdev": 0,
          "stddev": 0,
          "min": 360,
          "p10": 360,
          "p90": 360,
          "p99": 360,
          "max": 360
        },
        "domElements": {
          "median": 806,
          "mean": 806,
          "mdev": 0,
          "stddev": 0,
          "min": 806,
          "p10": 806,
          "p90": 806,
          "p99": 806,
          "max": 806
        },
        "navigationStartTime": {
          "median": 1617057529335,
          "mean": 1617057529335,
          "mdev": 0,
          "stddev": 0,
          "min": 1617057529335,
          "p10": 1617057529335,
          "p90": 1617057529335,
          "p99": 1617057529335,
          "max": 1617057529335
        },
        "resources": {
          "count": {
            "median": 0,
            "mean": 0,
            "mdev": 0,
            "stddev": 0,
            "min": 0,
            "p10": 0,
            "p90": 0,
            "p99": 0,
            "max": 0
          },
          "duration": {
            "median": 0,
            "mean": 0,
            "mdev": 0,
            "stddev": 0,
            "min": 0,
            "p10": 0,
            "p90": 0,
            "p99": 0,
            "max": 0
          }
        },
        "visualElements": {
          "heroes": [
            {
              "height": {
                "median": 188,
                "mean": 188,
                "mdev": 0,
                "stddev": 0,
                "min": 188,
                "p10": 188,
                "p90": 188,
                "p99": 188,
                "max": 188
              },
              "width": {
                "median": 334,
                "mean": 334,
                "mdev": 0,
                "stddev": 0,
                "min": 334,
                "p10": 334,
                "p90": 334,
                "p99": 334,
                "max": 334
              },
              "x": {
                "median": 134,
                "mean": 134,
                "mdev": 0,
                "stddev": 0,
                "min": 134,
                "p10": 134,
                "p90": 134,
                "p99": 134,
                "max": 134
              },
              "y": {
                "median": 236,
                "mean": 236,
                "mdev": 0,
                "stddev": 0,
                "min": 236,
                "p10": 236,
                "p90": 236,
                "p99": 236,
                "max": 236
              }
            },
            {
              "height": {
                "median": 51,
                "mean": 51,
                "mdev": 0,
                "stddev": 0,
                "min": 51,
                "p10": 51,
                "p90": 51,
                "p99": 51,
                "max": 51
              },
              "width": {
                "median": 296,
                "mean": 296,
                "mdev": 0,
                "stddev": 0,
                "min": 296,
                "p10": 296,
                "p90": 296,
                "p99": 296,
                "max": 296
              },
              "x": {
                "median": 52,
                "mean": 52,
                "mdev": 0,
                "stddev": 0,
                "min": 52,
                "p10": 52,
                "p90": 52,
                "p99": 52,
                "max": 52
              },
              "y": {
                "median": 149,
                "mean": 149,
                "mdev": 0,
                "stddev": 0,
                "min": 149,
                "p10": 149,
                "p90": 149,
                "p99": 149,
                "max": 149
              }
            }
          ],
          "viewport": {
            "height": {
              "median": 560,
              "mean": 560,
              "mdev": 0,
              "stddev": 0,
              "min": 560,
              "p10": 560,
              "p90": 560,
              "p99": 560,
              "max": 560
            },
            "width": {
              "median": 360,
              "mean": 360,
              "mdev": 0,
              "stddev": 0,
              "min": 360,
              "p10": 360,
              "p90": 360,
              "p99": 360,
              "max": 360
            }
          }
        }
      },
      "timings": {
        "firstPaint": {
          "median": 14153,
          "mean": 14153,
          "mdev": 0,
          "stddev": 0,
          "min": 14153,
          "p10": 14153,
          "p90": 14153,
          "p99": 14153,
          "max": 14153
        },
        "loadEventEnd": {
          "median": 39660,
          "mean": 39660,
          "mdev": 0,
          "stddev": 0,
          "min": 39660,
          "p10": 39660,
          "p90": 39660,
          "p99": 39660,
          "max": 39660
        },
        "navigationTiming": {
          "connectStart": {
            "median": 3743,
            "mean": 3743,
            "mdev": 0,
            "stddev": 0,
            "min": 3743,
            "p10": 3743,
            "p90": 3743,
            "p99": 3743,
            "max": 3743
          },
          "domComplete": {
            "median": 39657,
            "mean": 39657,
            "mdev": 0,
            "stddev": 0,
            "min": 39657,
            "p10": 39657,
            "p90": 39657,
            "p99": 39657,
            "max": 39657
          },
          "domContentLoadedEventEnd": {
            "median": 27795,
            "mean": 27795,
            "mdev": 0,
            "stddev": 0,
            "min": 27795,
            "p10": 27795,
            "p90": 27795,
            "p99": 27795,
            "max": 27795
          },
          "domContentLoadedEventStart": {
            "median": 27757,
            "mean": 27757,
            "mdev": 0,
            "stddev": 0,
            "min": 27757,
            "p10": 27757,
            "p90": 27757,
            "p99": 27757,
            "max": 27757
          },
          "domInteractive": {
            "median": 25596,
            "mean": 25596,
            "mdev": 0,
            "stddev": 0,
            "min": 25596,
            "p10": 25596,
            "p90": 25596,
            "p99": 25596,
            "max": 25596
          },
          "domainLookupEnd": {
            "median": 3743,
            "mean": 3743,
            "mdev": 0,
            "stddev": 0,
            "min": 3743,
            "p10": 3743,
            "p90": 3743,
            "p99": 3743,
            "max": 3743
          },
          "domainLookupStart": {
            "median": 3743,
            "mean": 3743,
            "mdev": 0,
            "stddev": 0,
            "min": 3743,
            "p10": 3743,
            "p90": 3743,
            "p99": 3743,
            "max": 3743
          },
          "duration": {
            "median": 39660,
            "mean": 39660,
            "mdev": 0,
            "stddev": 0,
            "min": 39660,
            "p10": 39660,
            "p90": 39660,
            "p99": 39660,
            "max": 39660
          },
          "fetchStart": {
            "median": -8,
            "mean": -8,
            "mdev": 0,
            "stddev": 0,
            "min": -8,
            "p10": -8,
            "p90": -8,
            "p99": -8,
            "max": -8
          },
          "loadEventEnd": {
            "median": 39660,
            "mean": 39660,
            "mdev": 0,
            "stddev": 0,
            "min": 39660,
            "p10": 39660,
            "p90": 39660,
            "p99": 39660,
            "max": 39660
          },
          "loadEventStart": {
            "median": 39658,
            "mean": 39658,
            "mdev": 0,
            "stddev": 0,
            "min": 39658,
            "p10": 39658,
            "p90": 39658,
            "p99": 39658,
            "max": 39658
          },
          "redirectEnd": {
            "median": 0,
            "mean": 0,
            "mdev": 0,
            "stddev": 0,
            "min": 0,
            "p10": 0,
            "p90": 0,
            "p99": 0,
            "max": 0
          },
          "redirectStart": {
            "median": 0,
            "mean": 0,
            "mdev": 0,
            "stddev": 0,
            "min": 0,
            "p10": 0,
            "p90": 0,
            "p99": 0,
            "max": 0
          },
          "requestStart": {
            "median": 3864,
            "mean": 3864,
            "mdev": 0,
            "stddev": 0,
            "min": 3864,
            "p10": 3864,
            "p90": 3864,
            "p99": 3864,
            "max": 3864
          },
          "responseEnd": {
            "median": 4225,
            "mean": 4225,
            "mdev": 0,
            "stddev": 0,
            "min": 4225,
            "p10": 4225,
            "p90": 4225,
            "p99": 4225,
            "max": 4225
          },
          "responseStart": {
            "median": 4222,
            "mean": 4222,
            "mdev": 0,
            "stddev": 0,
            "min": 4222,
            "p10": 4222,
            "p90": 4222,
            "p99": 4222,
            "max": 4222
          },
          "secureConnectionStart": {
            "median": 0,
            "mean": 0,
            "mdev": 0,
            "stddev": 0,
            "min": 0,
            "p10": 0,
            "p90": 0,
            "p99": 0,
            "max": 0
          },
          "startTime": {
            "median": 0,
            "mean": 0,
            "mdev": 0,
            "stddev": 0,
            "min": 0,
            "p10": 0,
            "p90": 0,
            "p99": 0,
            "max": 0
          },
          "unloadEventEnd": {
            "median": 0,
            "mean": 0,
            "mdev": 0,
            "stddev": 0,
            "min": 0,
            "p10": 0,
            "p90": 0,
            "p99": 0,
            "max": 0
          },
          "unloadEventStart": {
            "median": 0,
            "mean": 0,
            "mdev": 0,
            "stddev": 0,
            "min": 0,
            "p10": 0,
            "p90": 0,
            "p99": 0,
            "max": 0
          },
          "workerStart": {
            "median": 0,
            "mean": 0,
            "mdev": 0,
            "stddev": 0,
            "min": 0,
            "p10": 0,
            "p90": 0,
            "p99": 0,
            "max": 0
          }
        },
        "pageTimings": {
          "backEndTime": {
            "median": 4222,
            "mean": 4222,
            "mdev": 0,
            "stddev": 0,
            "min": 4222,
            "p10": 4222,
            "p90": 4222,
            "p99": 4222,
            "max": 4222
          },
          "domContentLoadedTime": {
            "median": 27757,
            "mean": 27757,
            "mdev": 0,
            "stddev": 0,
            "min": 27757,
            "p10": 27757,
            "p90": 27757,
            "p99": 27757,
            "max": 27757
          },
          "domInteractiveTime": {
            "median": 25596,
            "mean": 25596,
            "mdev": 0,
            "stddev": 0,
            "min": 25596,
            "p10": 25596,
            "p90": 25596,
            "p99": 25596,
            "max": 25596
          },
          "domainLookupTime": {
            "median": 0,
            "mean": 0,
            "mdev": 0,
            "stddev": 0,
            "min": 0,
            "p10": 0,
            "p90": 0,
            "p99": 0,
            "max": 0
          },
          "frontEndTime": {
            "median": 35433,
            "mean": 35433,
            "mdev": 0,
            "stddev": 0,
            "min": 35433,
            "p10": 35433,
            "p90": 35433,
            "p99": 35433,
            "max": 35433
          },
          "pageDownloadTime": {
            "median": 3,
            "mean": 3,
            "mdev": 0,
            "stddev": 0,
            "min": 3,
            "p10": 3,
            "p90": 3,
            "p99": 3,
            "max": 3
          },
          "pageLoadTime": {
            "median": 39658,
            "mean": 39658,
            "mdev": 0,
            "stddev": 0,
            "min": 39658,
            "p10": 39658,
            "p90": 39658,
            "p99": 39658,
            "max": 39658
          },
          "redirectionTime": {
            "median": 0,
            "mean": 0,
            "mdev": 0,
            "stddev": 0,
            "min": 0,
            "p10": 0,
            "p90": 0,
            "p99": 0,
            "max": 0
          },
          "serverConnectionTime": {
            "median": 119,
            "mean": 119,
            "mdev": 0,
            "stddev": 0,
            "min": 119,
            "p10": 119,
            "p90": 119,
            "p99": 119,
            "max": 119
          },
          "serverResponseTime": {
            "median": 361,
            "mean": 361,
            "mdev": 0,
            "stddev": 0,
            "min": 361,
            "p10": 361,
            "p90": 361,
            "p99": 361,
            "max": 361
          }
        },
        "rumSpeedIndex": {
          "median": 4222,
          "mean": 4222,
          "mdev": 0,
          "stddev": 0,
          "min": 4222,
          "p10": 4222,
          "p90": 4222,
          "p99": 4222,
          "max": 4222
        },
        "timeToContentfulPaint": {
          "median": 22030,
          "mean": 22030,
          "mdev": 0,
          "stddev": 0,
          "min": 22030,
          "p10": 22030,
          "p90": 22030,
          "p99": 22030,
          "max": 22030
        },
        "timeToDomContentFlushed": {
          "median": 25845,
          "mean": 25845,
          "mdev": 0,
          "stddev": 0,
          "min": 25845,
          "p10": 25845,
          "p90": 25845,
          "p99": 25845,
          "max": 25845
        }
      }
    }
  },
  {
    "info": {
      "browsertime": {
        "version": "8.4.0"
      },
      "url": "https://google.com",
      "timestamp": "2021-03-30T02:38:27+04:00",
      "connectivity": {
        "engine": "external",
        "profile": "native"
      },
      "extra": {}
    },
    "files": {
      "video": [],
      "screenshot": [],
      "timeline": [],
      "consoleLog": [],
      "netLog": [],
      "perfLog": []
    },
    "cdp": {
      "performance": []
    },
    "timestamps": [
      "2021-03-30T02:38:27+04:00",
      "2021-03-30T02:40:19+04:00",
      "2021-03-30T02:42:39+04:00"
    ],
    "browserScripts": [
      {
        "browser": {
          "appConstants": {
            "ACCESSIBILITY": true,
            "ANDROID_PACKAGE_NAME": "org.mozilla.firefox",
            "ASAN": false,
            "ASAN_REPORTER": false,
            "BROWSER_CHROME_URL": "chrome://browser/content/browser.xul",
            "DEBUG": false,
            "DEBUG_JS_MODULES": "",
            "DLL_PREFIX": "lib",
            "DLL_SUFFIX": ".so",
            "EARLY_BETA_OR_EARLIER": false,
            "FENNEC_NIGHTLY": false,
            "HAVE_SHELL_SERVICE": false,
            "HAVE_USR_LIB64_DIR": false,
            "MENUBAR_CAN_AUTOHIDE": false,
            "MOZILLA_OFFICIAL": true,
            "MOZ_ALLOW_LEGACY_EXTENSIONS": false,
            "MOZ_ANDROID_ACTIVITY_STREAM": false,
            "MOZ_ANDROID_HISTORY": true,
            "MOZ_ANDROID_MOZILLA_ONLINE": false,
            "MOZ_APP_NAME": "fennec",
            "MOZ_APP_VERSION": "68.1.1",
            "MOZ_APP_VERSION_DISPLAY": "68.1.1",
            "MOZ_BING_API_CLIENTID": "no-bing-api-clientid",
            "MOZ_BING_API_KEY": "no-bing-api-key",
            "MOZ_BITS_DOWNLOAD": false,
            "MOZ_BUILD_APP": "mobile/android",
            "MOZ_CODE_COVERAGE": false,
            "MOZ_CRASHREPORTER": true,
            "MOZ_DATA_REPORTING": true,
            "MOZ_DEV_EDITION": false,
            "MOZ_GECKO_PROFILER": true,
            "MOZ_GOOGLE_LOCATION_SERVICE_API_KEY": "AIzaSyB2h2OuRcUgy5N-5hsZqiPW6sH3n_rptiQ",
            "MOZ_GOOGLE_SAFEBROWSING_API_KEY": "AIzaSyC7jsptDS3am4tPx4r3nxis7IMjBc5Dovo",
            "MOZ_GRAPHENE": false,
            "MOZ_MACBUNDLE_NAME": "Firefox.app",
            "MOZ_MAINTENANCE_SERVICE": false,
            "MOZ_MOZILLA_API_KEY": "3b4d27dd-703d-4094-8398-4de2c763505a",
            "MOZ_NEW_CERT_STORAGE": false,
            "MOZ_NEW_NOTIFICATION_STORE": false,
            "MOZ_NEW_XULSTORE": false,
            "MOZ_OFFICIAL_BRANDING": false,
            "MOZ_PLACES": false,
            "MOZ_REQUIRE_SIGNING": false,
            "MOZ_SANDBOX": false,
            "MOZ_SERVICES_HEALTHREPORT": true,
            "MOZ_SERVICES_SYNC": false,
            "MOZ_SWITCHBOARD": true,
            "MOZ_SYSTEM_NSS": false,
            "MOZ_TELEMETRY_ON_BY_DEFAULT": false,
            "MOZ_TELEMETRY_REPORTING": true,
            "MOZ_UNSIGNED_SCOPES": 0,
            "MOZ_UPDATER": false,
            "MOZ_UPDATE_CHANNEL": "release",
            "MOZ_WEBRTC": true,
            "MOZ_WIDGET_GTK": false,
            "MOZ_WIDGET_TOOLKIT": "android",
            "NIGHTLY_BUILD": false,
            "OMNIJAR_NAME": "assets/omni.ja",
            "RELEASE_OR_BETA": true,
            "SOURCE_REVISION_URL": "https://hg.mozilla.org/releases/mozilla-esr68/rev/d2e0b9e17b9bc1ef02606c8006b73293f7892ad5",
            "TELEMETRY_PING_FORMAT_VERSION": 4,
            "XP_UNIX": true,
            "isPlatformAndVersionAtLeast": {},
            "isPlatformAndVersionAtMost": {},
            "platform": "android"
          },
          "asyncAppConstants": {
            "ACCESSIBILITY": true,
            "ANDROID_PACKAGE_NAME": "org.mozilla.firefox",
            "ASAN": false,
            "ASAN_REPORTER": false,
            "BROWSER_CHROME_URL": "chrome://browser/content/browser.xul",
            "DEBUG": false,
            "DEBUG_JS_MODULES": "",
            "DLL_PREFIX": "lib",
            "DLL_SUFFIX": ".so",
            "EARLY_BETA_OR_EARLIER": false,
            "FENNEC_NIGHTLY": false,
            "HAVE_SHELL_SERVICE": false,
            "HAVE_USR_LIB64_DIR": false,
            "MENUBAR_CAN_AUTOHIDE": false,
            "MOZILLA_OFFICIAL": true,
            "MOZ_ALLOW_LEGACY_EXTENSIONS": false,
            "MOZ_ANDROID_ACTIVITY_STREAM": false,
            "MOZ_ANDROID_HISTORY": true,
            "MOZ_ANDROID_MOZILLA_ONLINE": false,
            "MOZ_APP_NAME": "fennec",
            "MOZ_APP_VERSION": "68.1.1",
            "MOZ_APP_VERSION_DISPLAY": "68.1.1",
            "MOZ_BING_API_CLIENTID": "no-bing-api-clientid",
            "MOZ_BING_API_KEY": "no-bing-api-key",
            "MOZ_BITS_DOWNLOAD": false,
            "MOZ_BUILD_APP": "mobile/android",
            "MOZ_CODE_COVERAGE": false,
            "MOZ_CRASHREPORTER": true,
            "MOZ_DATA_REPORTING": true,
            "MOZ_DEV_EDITION": false,
            "MOZ_GECKO_PROFILER": true,
            "MOZ_GOOGLE_LOCATION_SERVICE_API_KEY": "AIzaSyB2h2OuRcUgy5N-5hsZqiPW6sH3n_rptiQ",
            "MOZ_GOOGLE_SAFEBROWSING_API_KEY": "AIzaSyC7jsptDS3am4tPx4r3nxis7IMjBc5Dovo",
            "MOZ_GRAPHENE": false,
            "MOZ_MACBUNDLE_NAME": "Firefox.app",
            "MOZ_MAINTENANCE_SERVICE": false,
            "MOZ_MOZILLA_API_KEY": "3b4d27dd-703d-4094-8398-4de2c763505a",
            "MOZ_NEW_CERT_STORAGE": false,
            "MOZ_NEW_NOTIFICATION_STORE": false,
            "MOZ_NEW_XULSTORE": false,
            "MOZ_OFFICIAL_BRANDING": false,
            "MOZ_PLACES": false,
            "MOZ_REQUIRE_SIGNING": false,
            "MOZ_SANDBOX": false,
            "MOZ_SERVICES_HEALTHREPORT": true,
            "MOZ_SERVICES_SYNC": false,
            "MOZ_SWITCHBOARD": true,
            "MOZ_SYSTEM_NSS": false,
            "MOZ_TELEMETRY_ON_BY_DEFAULT": false,
            "MOZ_TELEMETRY_REPORTING": true,
            "MOZ_UNSIGNED_SCOPES": 0,
            "MOZ_UPDATER": false,
            "MOZ_UPDATE_CHANNEL": "release",
            "MOZ_WEBRTC": true,
            "MOZ_WIDGET_GTK": false,
            "MOZ_WIDGET_TOOLKIT": "android",
            "NIGHTLY_BUILD": false,
            "OMNIJAR_NAME": "assets/omni.ja",
            "RELEASE_OR_BETA": true,
            "SOURCE_REVISION_URL": "https://hg.mozilla.org/releases/mozilla-esr68/rev/d2e0b9e17b9bc1ef02606c8006b73293f7892ad5",
            "TELEMETRY_PING_FORMAT_VERSION": 4,
            "XP_UNIX": true,
            "isPlatformAndVersionAtLeast": {},
            "isPlatformAndVersionAtMost": {},
            "platform": "android"
          },
          "userAgent": "Mozilla/5.0 (Android 8.1.0; Mobile; rv:68.0) Gecko/68.0 Firefox/68.0",
          "windowSize": "360x560"
        },
        "pageinfo": {
          "documentHeight": 641,
          "documentSize": {
            "decodedBodySize": 18291,
            "encodedBodySize": 7326,
            "transferSize": 8276
          },
          "documentTitle": "Google",
          "documentWidth": 360,
          "domElements": 70,
          "navigationStartTime": 1617057619368,
          "nextHopProtocol": "h2",
          "resources": {
            "count": 0,
            "duration": 0
          },
          "responsive": true,
          "url": "https://www.google.com/#spf=1617057619369",
          "visualElements": {
            "heroes": [
              {
                "filename": "googlelogo_tablet_tier1_hp_color_183x64dp.png",
                "height": 64,
                "name": "LargestImage",
                "width": 183,
                "x": 89,
                "y": 80
              }
            ],
            "viewport": {
              "height": 560,
              "width": 360
            }
          }
        },
        "timings": {
          "firstPaint": 2845,
          "loadEventEnd": 4854,
          "navigationTiming": {
            "connectStart": 725,
            "domComplete": 4845,
            "domContentLoadedEventEnd": 2929,
            "domContentLoadedEventStart": 2890,
            "domInteractive": 2072,
            "domainLookupEnd": 725,
            "domainLookupStart": 724,
            "duration": 4854,
            "fetchStart": 688,
            "loadEventEnd": 4854,
            "loadEventStart": 4845,
            "redirectEnd": 661,
            "redirectStart": 29,
            "requestStart": 942,
            "responseEnd": 1120,
            "responseStart": 1112,
            "secureConnectionStart": 735,
            "startTime": 0,
            "unloadEventEnd": 0,
            "unloadEventStart": 0,
            "workerStart": 0
          },
          "pageTimings": {
            "backEndTime": 1112,
            "domContentLoadedTime": 2890,
            "domInteractiveTime": 2072,
            "domainLookupTime": 1,
            "frontEndTime": 3725,
            "pageDownloadTime": 9,
            "pageLoadTime": 4845,
            "redirectionTime": 632,
            "serverConnectionTime": 216,
            "serverResponseTime": 178
          },
          "rumSpeedIndex": 1111,
          "timeToContentfulPaint": 2919,
          "timeToDomContentFlushed": 2124,
          "userTimings": {
            "marks": [],
            "measures": []
          }
        }
      }
    ],
    "visualMetrics": [],
    "cpu": [],
    "extras": [
      {},
      {},
      {}
    ],
    "fullyLoaded": [],
    "errors": [
      [
        "NoSuchSessionError",
        "Tried to run command without establishing a connection"
      ],
      [],
      [
        "NoSuchSessionError",
        "Tried to run command without establishing a connection"
      ]
    ],
    "statistics": {
      "browser": {
        "appConstants": {
          "MOZ_UNSIGNED_SCOPES": {
            "median": 0,
            "mean": 0,
            "mdev": 0,
            "stddev": 0,
            "min": 0,
            "p10": 0,
            "p90": 0,
            "p99": 0,
            "max": 0
          },
          "TELEMETRY_PING_FORMAT_VERSION": {
            "median": 4,
            "mean": 4,
            "mdev": 0,
            "stddev": 0,
            "min": 4,
            "p10": 4,
            "p90": 4,
            "p99": 4,
            "max": 4
          }
        },
        "asyncAppConstants": {
          "MOZ_UNSIGNED_SCOPES": {
            "median": 0,
            "mean": 0,
            "mdev": 0,
            "stddev": 0,
            "min": 0,
            "p10": 0,
            "p90": 0,
            "p99": 0,
            "max": 0
          },
          "TELEMETRY_PING_FORMAT_VERSION": {
            "median": 4,
            "mean": 4,
            "mdev": 0,
            "stddev": 0,
            "min": 4,
            "p10": 4,
            "p90": 4,
            "p99": 4,
            "max": 4
          }
        }
      },
      "pageinfo": {
        "documentHeight": {
          "median": 641,
          "mean": 641,
          "mdev": 0,
          "stddev": 0,
          "min": 641,
          "p10": 641,
          "p90": 641,
          "p99": 641,
          "max": 641
        },
        "documentSize": {
          "decodedBodySize": {
            "median": 18291,
            "mean": 18291,
            "mdev": 0,
            "stddev": 0,
            "min": 18291,
            "p10": 18291,
            "p90": 18291,
            "p99": 18291,
            "max": 18291
          },
          "encodedBodySize": {
            "median": 7326,
            "mean": 7326,
            "mdev": 0,
            "stddev": 0,
            "min": 7326,
            "p10": 7326,
            "p90": 7326,
            "p99": 7326,
            "max": 7326
          },
          "transferSize": {
            "median": 8276,
            "mean": 8276,
            "mdev": 0,
            "stddev": 0,
            "min": 8276,
            "p10": 8276,
            "p90": 8276,
            "p99": 8276,
            "max": 8276
          }
        },
        "documentWidth": {
          "median": 360,
          "mean": 360,
          "mdev": 0,
          "stddev": 0,
          "min": 360,
          "p10": 360,
          "p90": 360,
          "p99": 360,
          "max": 360
        },
        "domElements": {
          "median": 70,
          "mean": 70,
          "mdev": 0,
          "stddev": 0,
          "min": 70,
          "p10": 70,
          "p90": 70,
          "p99": 70,
          "max": 70
        },
        "navigationStartTime": {
          "median": 1617057619368,
          "mean": 1617057619368,
          "mdev": 0,
          "stddev": 0,
          "min": 1617057619368,
          "p10": 1617057619368,
          "p90": 1617057619368,
          "p99": 1617057619368,
          "max": 1617057619368
        },
        "resources": {
          "count": {
            "median": 0,
            "mean": 0,
            "mdev": 0,
            "stddev": 0,
            "min": 0,
            "p10": 0,
            "p90": 0,
            "p99": 0,
            "max": 0
          },
          "duration": {
            "median": 0,
            "mean": 0,
            "mdev": 0,
            "stddev": 0,
            "min": 0,
            "p10": 0,
            "p90": 0,
            "p99": 0,
            "max": 0
          }
        },
        "visualElements": {
          "heroes": [
            {
              "height": {
                "median": 64,
                "mean": 64,
                "mdev": 0,
                "stddev": 0,
                "min": 64,
                "p10": 64,
                "p90": 64,
                "p99": 64,
                "max": 64
              },
              "width": {
                "median": 183,
                "mean": 183,
                "mdev": 0,
                "stddev": 0,
                "min": 183,
                "p10": 183,
                "p90": 183,
                "p99": 183,
                "max": 183
              },
              "x": {
                "median": 89,
                "mean": 89,
                "mdev": 0,
                "stddev": 0,
                "min": 89,
                "p10": 89,
                "p90": 89,
                "p99": 89,
                "max": 89
              },
              "y": {
                "median": 80,
                "mean": 80,
                "mdev": 0,
                "stddev": 0,
                "min": 80,
                "p10": 80,
                "p90": 80,
                "p99": 80,
                "max": 80
              }
            }
          ],
          "viewport": {
            "height": {
              "median": 560,
              "mean": 560,
              "mdev": 0,
              "stddev": 0,
              "min": 560,
              "p10": 560,
              "p90": 560,
              "p99": 560,
              "max": 560
            },
            "width": {
              "median": 360,
              "mean": 360,
              "mdev": 0,
              "stddev": 0,
              "min": 360,
              "p10": 360,
              "p90": 360,
              "p99": 360,
              "max": 360
            }
          }
        }
      },
      "timings": {
        "firstPaint": {
          "median": 2845,
          "mean": 2845,
          "mdev": 0,
          "stddev": 0,
          "min": 2845,
          "p10": 2845,
          "p90": 2845,
          "p99": 2845,
          "max": 2845
        },
        "loadEventEnd": {
          "median": 4854,
          "mean": 4854,
          "mdev": 0,
          "stddev": 0,
          "min": 4854,
          "p10": 4854,
          "p90": 4854,
          "p99": 4854,
          "max": 4854
        },
        "navigationTiming": {
          "connectStart": {
            "median": 725,
            "mean": 725,
            "mdev": 0,
            "stddev": 0,
            "min": 725,
            "p10": 725,
            "p90": 725,
            "p99": 725,
            "max": 725
          },
          "domComplete": {
            "median": 4845,
            "mean": 4845,
            "mdev": 0,
            "stddev": 0,
            "min": 4845,
            "p10": 4845,
            "p90": 4845,
            "p99": 4845,
            "max": 4845
          },
          "domContentLoadedEventEnd": {
            "median": 2929,
            "mean": 2929,
            "mdev": 0,
            "stddev": 0,
            "min": 2929,
            "p10": 2929,
            "p90": 2929,
            "p99": 2929,
            "max": 2929
          },
          "domContentLoadedEventStart": {
            "median": 2890,
            "mean": 2890,
            "mdev": 0,
            "stddev": 0,
            "min": 2890,
            "p10": 2890,
            "p90": 2890,
            "p99": 2890,
            "max": 2890
          },
          "domInteractive": {
            "median": 2072,
            "mean": 2072,
            "mdev": 0,
            "stddev": 0,
            "min": 2072,
            "p10": 2072,
            "p90": 2072,
            "p99": 2072,
            "max": 2072
          },
          "domainLookupEnd": {
            "median": 725,
            "mean": 725,
            "mdev": 0,
            "stddev": 0,
            "min": 725,
            "p10": 725,
            "p90": 725,
            "p99": 725,
            "max": 725
          },
          "domainLookupStart": {
            "median": 724,
            "mean": 724,
            "mdev": 0,
            "stddev": 0,
            "min": 724,
            "p10": 724,
            "p90": 724,
            "p99": 724,
            "max": 724
          },
          "duration": {
            "median": 4854,
            "mean": 4854,
            "mdev": 0,
            "stddev": 0,
            "min": 4854,
            "p10": 4854,
            "p90": 4854,
            "p99": 4854,
            "max": 4854
          },
          "fetchStart": {
            "median": 688,
            "mean": 688,
            "mdev": 0,
            "stddev": 0,
            "min": 688,
            "p10": 688,
            "p90": 688,
            "p99": 688,
            "max": 688
          },
          "loadEventEnd": {
            "median": 4854,
            "mean": 4854,
            "mdev": 0,
            "stddev": 0,
            "min": 4854,
            "p10": 4854,
            "p90": 4854,
            "p99": 4854,
            "max": 4854
          },
          "loadEventStart": {
            "median": 4845,
            "mean": 4845,
            "mdev": 0,
            "stddev": 0,
            "min": 4845,
            "p10": 4845,
            "p90": 4845,
            "p99": 4845,
            "max": 4845
          },
          "redirectEnd": {
            "median": 661,
            "mean": 661,
            "mdev": 0,
            "stddev": 0,
            "min": 661,
            "p10": 661,
            "p90": 661,
            "p99": 661,
            "max": 661
          },
          "redirectStart": {
            "median": 29,
            "mean": 29,
            "mdev": 0,
            "stddev": 0,
            "min": 29,
            "p10": 29,
            "p90": 29,
            "p99": 29,
            "max": 29
          },
          "requestStart": {
            "median": 942,
            "mean": 942,
            "mdev": 0,
            "stddev": 0,
            "min": 942,
            "p10": 942,
            "p90": 942,
            "p99": 942,
            "max": 942
          },
          "responseEnd": {
            "median": 1120,
            "mean": 1120,
            "mdev": 0,
            "stddev": 0,
            "min": 1120,
            "p10": 1120,
            "p90": 1120,
            "p99": 1120,
            "max": 1120
          },
          "responseStart": {
            "median": 1112,
            "mean": 1112,
            "mdev": 0,
            "stddev": 0,
            "min": 1112,
            "p10": 1112,
            "p90": 1112,
            "p99": 1112,
            "max": 1112
          },
          "secureConnectionStart": {
            "median": 735,
            "mean": 735,
            "mdev": 0,
            "stddev": 0,
            "min": 735,
            "p10": 735,
            "p90": 735,
            "p99": 735,
            "max": 735
          },
          "startTime": {
            "median": 0,
            "mean": 0,
            "mdev": 0,
            "stddev": 0,
            "min": 0,
            "p10": 0,
            "p90": 0,
            "p99": 0,
            "max": 0
          },
          "unloadEventEnd": {
            "median": 0,
            "mean": 0,
            "mdev": 0,
            "stddev": 0,
            "min": 0,
            "p10": 0,
            "p90": 0,
            "p99": 0,
            "max": 0
          },
          "unloadEventStart": {
            "median": 0,
            "mean": 0,
            "mdev": 0,
            "stddev": 0,
            "min": 0,
            "p10": 0,
            "p90": 0,
            "p99": 0,
            "max": 0
          },
          "workerStart": {
            "median": 0,
            "mean": 0,
            "mdev": 0,
            "stddev": 0,
            "min": 0,
            "p10": 0,
            "p90": 0,
            "p99": 0,
            "max": 0
          }
        },
        "pageTimings": {
          "backEndTime": {
            "median": 1112,
            "mean": 1112,
            "mdev": 0,
            "stddev": 0,
            "min": 1112,
            "p10": 1112,
            "p90": 1112,
            "p99": 1112,
            "max": 1112
          },
          "domContentLoadedTime": {
            "median": 2890,
            "mean": 2890,
            "mdev": 0,
            "stddev": 0,
            "min": 2890,
            "p10": 2890,
            "p90": 2890,
            "p99": 2890,
            "max": 2890
          },
          "domInteractiveTime": {
            "median": 2072,
            "mean": 2072,
            "mdev": 0,
            "stddev": 0,
            "min": 2072,
            "p10": 2072,
            "p90": 2072,
            "p99": 2072,
            "max": 2072
          },
          "domainLookupTime": {
            "median": 1,
            "mean": 1,
            "mdev": 0,
            "stddev": 0,
            "min": 1,
            "p10": 1,
            "p90": 1,
            "p99": 1,
            "max": 1
          },
          "frontEndTime": {
            "median": 3725,
            "mean": 3725,
            "mdev": 0,
            "stddev": 0,
            "min": 3725,
            "p10": 3725,
            "p90": 3725,
            "p99": 3725,
            "max": 3725
          },
          "pageDownloadTime": {
            "median": 9,
            "mean": 9,
            "mdev": 0,
            "stddev": 0,
            "min": 9,
            "p10": 9,
            "p90": 9,
            "p99": 9,
            "max": 9
          },
          "pageLoadTime": {
            "median": 4845,
            "mean": 4845,
            "mdev": 0,
            "stddev": 0,
            "min": 4845,
            "p10": 4845,
            "p90": 4845,
            "p99": 4845,
            "max": 4845
          },
          "redirectionTime": {
            "median": 632,
            "mean": 632,
            "mdev": 0,
            "stddev": 0,
            "min": 632,
            "p10": 632,
            "p90": 632,
            "p99": 632,
            "max": 632
          },
          "serverConnectionTime": {
            "median": 216,
            "mean": 216,
            "mdev": 0,
            "stddev": 0,
            "min": 216,
            "p10": 216,
            "p90": 216,
            "p99": 216,
            "max": 216
          },
          "serverResponseTime": {
            "median": 178,
            "mean": 178,
            "mdev": 0,
            "stddev": 0,
            "min": 178,
            "p10": 178,
            "p90": 178,
            "p99": 178,
            "max": 178
          }
        },
        "rumSpeedIndex": {
          "median": 1111,
          "mean": 1111,
          "mdev": 0,
          "stddev": 0,
          "min": 1111,
          "p10": 1111,
          "p90": 1111,
          "p99": 1111,
          "max": 1111
        },
        "timeToContentfulPaint": {
          "median": 2919,
          "mean": 2919,
          "mdev": 0,
          "stddev": 0,
          "min": 2919,
          "p10": 2919,
          "p90": 2919,
          "p99": 2919,
          "max": 2919
        },
        "timeToDomContentFlushed": {
          "median": 2124,
          "mean": 2124,
          "mdev": 0,
          "stddev": 0,
          "min": 2124,
          "p10": 2124,
          "p90": 2124,
          "p99": 2124,
          "max": 2124
        }
      }
    }
  },
  {
    "info": {
      "browsertime": {
        "version": "8.4.0"
      },
      "url": "http://xinhuanet.com/?browsertime_run=2",
      "timestamp": "2021-03-30T02:41:00+04:00",
      "connectivity": {
        "engine": "external",
        "profile": "native"
      },
      "extra": {}
    },
    "files": {
      "video": [],
      "screenshot": [],
      "timeline": [],
      "consoleLog": [],
      "netLog": [],
      "perfLog": []
    },
    "cdp": {
      "performance": []
    },
    "timestamps": [
      "2021-03-30T02:40:30+04:00"
    ],
    "browserScripts": [
      {
        "browser": {
          "appConstants": {
            "ACCESSIBILITY": true,
            "ANDROID_PACKAGE_NAME": "org.mozilla.firefox",
            "ASAN": false,
            "ASAN_REPORTER": false,
            "BROWSER_CHROME_URL": "chrome://browser/content/browser.xul",
            "DEBUG": false,
            "DEBUG_JS_MODULES": "",
            "DLL_PREFIX": "lib",
            "DLL_SUFFIX": ".so",
            "EARLY_BETA_OR_EARLIER": false,
            "FENNEC_NIGHTLY": false,
            "HAVE_SHELL_SERVICE": false,
            "HAVE_USR_LIB64_DIR": false,
            "MENUBAR_CAN_AUTOHIDE": false,
            "MOZILLA_OFFICIAL": true,
            "MOZ_ALLOW_LEGACY_EXTENSIONS": false,
            "MOZ_ANDROID_ACTIVITY_STREAM": false,
            "MOZ_ANDROID_HISTORY": true,
            "MOZ_ANDROID_MOZILLA_ONLINE": false,
            "MOZ_APP_NAME": "fennec",
            "MOZ_APP_VERSION": "68.1.1",
            "MOZ_APP_VERSION_DISPLAY": "68.1.1",
            "MOZ_BING_API_CLIENTID": "no-bing-api-clientid",
            "MOZ_BING_API_KEY": "no-bing-api-key",
            "MOZ_BITS_DOWNLOAD": false,
            "MOZ_BUILD_APP": "mobile/android",
            "MOZ_CODE_COVERAGE": false,
            "MOZ_CRASHREPORTER": true,
            "MOZ_DATA_REPORTING": true,
            "MOZ_DEV_EDITION": false,
            "MOZ_GECKO_PROFILER": true,
            "MOZ_GOOGLE_LOCATION_SERVICE_API_KEY": "AIzaSyB2h2OuRcUgy5N-5hsZqiPW6sH3n_rptiQ",
            "MOZ_GOOGLE_SAFEBROWSING_API_KEY": "AIzaSyC7jsptDS3am4tPx4r3nxis7IMjBc5Dovo",
            "MOZ_GRAPHENE": false,
            "MOZ_MACBUNDLE_NAME": "Firefox.app",
            "MOZ_MAINTENANCE_SERVICE": false,
            "MOZ_MOZILLA_API_KEY": "3b4d27dd-703d-4094-8398-4de2c763505a",
            "MOZ_NEW_CERT_STORAGE": false,
            "MOZ_NEW_NOTIFICATION_STORE": false,
            "MOZ_NEW_XULSTORE": false,
            "MOZ_OFFICIAL_BRANDING": false,
            "MOZ_PLACES": false,
            "MOZ_REQUIRE_SIGNING": false,
            "MOZ_SANDBOX": false,
            "MOZ_SERVICES_HEALTHREPORT": true,
            "MOZ_SERVICES_SYNC": false,
            "MOZ_SWITCHBOARD": true,
            "MOZ_SYSTEM_NSS": false,
            "MOZ_TELEMETRY_ON_BY_DEFAULT": false,
            "MOZ_TELEMETRY_REPORTING": true,
            "MOZ_UNSIGNED_SCOPES": 0,
            "MOZ_UPDATER": false,
            "MOZ_UPDATE_CHANNEL": "release",
            "MOZ_WEBRTC": true,
            "MOZ_WIDGET_GTK": false,
            "MOZ_WIDGET_TOOLKIT": "android",
            "NIGHTLY_BUILD": false,
            "OMNIJAR_NAME": "assets/omni.ja",
            "RELEASE_OR_BETA": true,
            "SOURCE_REVISION_URL": "https://hg.mozilla.org/releases/mozilla-esr68/rev/d2e0b9e17b9bc1ef02606c8006b73293f7892ad5",
            "TELEMETRY_PING_FORMAT_VERSION": 4,
            "XP_UNIX": true,
            "isPlatformAndVersionAtLeast": {},
            "isPlatformAndVersionAtMost": {},
            "platform": "android"
          },
          "asyncAppConstants": {
            "ACCESSIBILITY": true,
            "ANDROID_PACKAGE_NAME": "org.mozilla.firefox",
            "ASAN": false,
            "ASAN_REPORTER": false,
            "BROWSER_CHROME_URL": "chrome://browser/content/browser.xul",
            "DEBUG": false,
            "DEBUG_JS_MODULES": "",
            "DLL_PREFIX": "lib",
            "DLL_SUFFIX": ".so",
            "EARLY_BETA_OR_EARLIER": false,
            "FENNEC_NIGHTLY": false,
            "HAVE_SHELL_SERVICE": false,
            "HAVE_USR_LIB64_DIR": false,
            "MENUBAR_CAN_AUTOHIDE": false,
            "MOZILLA_OFFICIAL": true,
            "MOZ_ALLOW_LEGACY_EXTENSIONS": false,
            "MOZ_ANDROID_ACTIVITY_STREAM": false,
            "MOZ_ANDROID_HISTORY": true,
            "MOZ_ANDROID_MOZILLA_ONLINE": false,
            "MOZ_APP_NAME": "fennec",
            "MOZ_APP_VERSION": "68.1.1",
            "MOZ_APP_VERSION_DISPLAY": "68.1.1",
            "MOZ_BING_API_CLIENTID": "no-bing-api-clientid",
            "MOZ_BING_API_KEY": "no-bing-api-key",
            "MOZ_BITS_DOWNLOAD": false,
            "MOZ_BUILD_APP": "mobile/android",
            "MOZ_CODE_COVERAGE": false,
            "MOZ_CRASHREPORTER": true,
            "MOZ_DATA_REPORTING": true,
            "MOZ_DEV_EDITION": false,
            "MOZ_GECKO_PROFILER": true,
            "MOZ_GOOGLE_LOCATION_SERVICE_API_KEY": "AIzaSyB2h2OuRcUgy5N-5hsZqiPW6sH3n_rptiQ",
            "MOZ_GOOGLE_SAFEBROWSING_API_KEY": "AIzaSyC7jsptDS3am4tPx4r3nxis7IMjBc5Dovo",
            "MOZ_GRAPHENE": false,
            "MOZ_MACBUNDLE_NAME": "Firefox.app",
            "MOZ_MAINTENANCE_SERVICE": false,
            "MOZ_MOZILLA_API_KEY": "3b4d27dd-703d-4094-8398-4de2c763505a",
            "MOZ_NEW_CERT_STORAGE": false,
            "MOZ_NEW_NOTIFICATION_STORE": false,
            "MOZ_NEW_XULSTORE": false,
            "MOZ_OFFICIAL_BRANDING": false,
            "MOZ_PLACES": false,
            "MOZ_REQUIRE_SIGNING": false,
            "MOZ_SANDBOX": false,
            "MOZ_SERVICES_HEALTHREPORT": true,
            "MOZ_SERVICES_SYNC": false,
            "MOZ_SWITCHBOARD": true,
            "MOZ_SYSTEM_NSS": false,
            "MOZ_TELEMETRY_ON_BY_DEFAULT": false,
            "MOZ_TELEMETRY_REPORTING": true,
            "MOZ_UNSIGNED_SCOPES": 0,
            "MOZ_UPDATER": false,
            "MOZ_UPDATE_CHANNEL": "release",
            "MOZ_WEBRTC": true,
            "MOZ_WIDGET_GTK": false,
            "MOZ_WIDGET_TOOLKIT": "android",
            "NIGHTLY_BUILD": false,
            "OMNIJAR_NAME": "assets/omni.ja",
            "RELEASE_OR_BETA": true,
            "SOURCE_REVISION_URL": "https://hg.mozilla.org/releases/mozilla-esr68/rev/d2e0b9e17b9bc1ef02606c8006b73293f7892ad5",
            "TELEMETRY_PING_FORMAT_VERSION": 4,
            "XP_UNIX": true,
            "isPlatformAndVersionAtLeast": {},
            "isPlatformAndVersionAtMost": {},
            "platform": "android"
          },
          "userAgent": "Mozilla/5.0 (Android 8.1.0; Mobile; rv:68.0) Gecko/68.0 Firefox/68.0",
          "windowSize": "360x560"
        },
        "pageinfo": {
          "documentHeight": 5065,
          "documentSize": {
            "decodedBodySize": 26018,
            "encodedBodySize": 5715,
            "transferSize": 6281
          },
          "documentTitle": "新华网_让新闻离你更近",
          "documentWidth": 360,
          "domElements": 806,
          "navigationStartTime": 1617057633705,
          "nextHopProtocol": "http/1.1",
          "resources": {
            "count": 0,
            "duration": 0
          },
          "responsive": true,
          "url": "http://m.xinhuanet.com/",
          "visualElements": {
            "heroes": [
              {
                "filename": "1127270274_1617025426572_title0h.png",
                "height": 188,
                "name": "LargestImage",
                "width": 334,
                "x": 13,
                "y": 236
              },
              {
                "filename": null,
                "height": 51,
                "name": "Heading",
                "width": 296,
                "x": 52,
                "y": 149
              }
            ],
            "viewport": {
              "height": 560,
              "width": 360
            }
          }
        },
        "timings": {
          "firstPaint": 2063,
          "loadEventEnd": 13729,
          "navigationTiming": {
            "connectStart": -1,
            "domComplete": 13722,
            "domContentLoadedEventEnd": 8769,
            "domContentLoadedEventStart": 8575,
            "domInteractive": 5731,
            "domainLookupEnd": -1,
            "domainLookupStart": -1,
            "duration": 13729,
            "fetchStart": -1,
            "loadEventEnd": 13729,
            "loadEventStart": 13722,
            "redirectEnd": 0,
            "redirectStart": 0,
            "requestStart": 175,
            "responseEnd": 778,
            "responseStart": 777,
            "secureConnectionStart": 0,
            "startTime": 0,
            "unloadEventEnd": 0,
            "unloadEventStart": 0,
            "workerStart": 0
          },
          "pageTimings": {
            "backEndTime": 777,
            "domContentLoadedTime": 8575,
            "domInteractiveTime": 5731,
            "domainLookupTime": 0,
            "frontEndTime": 12944,
            "pageDownloadTime": 1,
            "pageLoadTime": 13722,
            "redirectionTime": 0,
            "serverConnectionTime": 87,
            "serverResponseTime": 603
          },
          "rumSpeedIndex": 776,
          "timeToContentfulPaint": 3140,
          "timeToDomContentFlushed": 6004,
          "userTimings": {
            "marks": [],
            "measures": []
          }
        }
      }
    ],
    "visualMetrics": [],
    "cpu": [],
    "extras": [
      {}
    ],
    "fullyLoaded": [],
    "errors": [
      []
    ],
    "statistics": {
      "browser": {
        "appConstants": {
          "MOZ_UNSIGNED_SCOPES": {
            "median": 0,
            "mean": 0,
            "mdev": 0,
            "stddev": 0,
            "min": 0,
            "p10": 0,
            "p90": 0,
            "p99": 0,
            "max": 0
          },
          "TELEMETRY_PING_FORMAT_VERSION": {
            "median": 4,
            "mean": 4,
            "mdev": 0,
            "stddev": 0,
            "min": 4,
            "p10": 4,
            "p90": 4,
            "p99": 4,
            "max": 4
          }
        },
        "asyncAppConstants": {
          "MOZ_UNSIGNED_SCOPES": {
            "median": 0,
            "mean": 0,
            "mdev": 0,
            "stddev": 0,
            "min": 0,
            "p10": 0,
            "p90": 0,
            "p99": 0,
            "max": 0
          },
          "TELEMETRY_PING_FORMAT_VERSION": {
            "median": 4,
            "mean": 4,
            "mdev": 0,
            "stddev": 0,
            "min": 4,
            "p10": 4,
            "p90": 4,
            "p99": 4,
            "max": 4
          }
        }
      },
      "pageinfo": {
        "documentHeight": {
          "median": 5065,
          "mean": 5065,
          "mdev": 0,
          "stddev": 0,
          "min": 5065,
          "p10": 5065,
          "p90": 5065,
          "p99": 5065,
          "max": 5065
        },
        "documentSize": {
          "decodedBodySize": {
            "median": 26018,
            "mean": 26018,
            "mdev": 0,
            "stddev": 0,
            "min": 26018,
            "p10": 26018,
            "p90": 26018,
            "p99": 26018,
            "max": 26018
          },
          "encodedBodySize": {
            "median": 5715,
            "mean": 5715,
            "mdev": 0,
            "stddev": 0,
            "min": 5715,
            "p10": 5715,
            "p90": 5715,
            "p99": 5715,
            "max": 5715
          },
          "transferSize": {
            "median": 6281,
            "mean": 6281,
            "mdev": 0,
            "stddev": 0,
            "min": 6281,
            "p10": 6281,
            "p90": 6281,
            "p99": 6281,
            "max": 6281
          }
        },
        "documentWidth": {
          "median": 360,
          "mean": 360,
          "mdev": 0,
          "stddev": 0,
          "min": 360,
          "p10": 360,
          "p90": 360,
          "p99": 360,
          "max": 360
        },
        "domElements": {
          "median": 806,
          "mean": 806,
          "mdev": 0,
          "stddev": 0,
          "min": 806,
          "p10": 806,
          "p90": 806,
          "p99": 806,
          "max": 806
        },
        "navigationStartTime": {
          "median": 1617057633705,
          "mean": 1617057633705,
          "mdev": 0,
          "stddev": 0,
          "min": 1617057633705,
          "p10": 1617057633705,
          "p90": 1617057633705,
          "p99": 1617057633705,
          "max": 1617057633705
        },
        "resources": {
          "count": {
            "median": 0,
            "mean": 0,
            "mdev": 0,
            "stddev": 0,
            "min": 0,
            "p10": 0,
            "p90": 0,
            "p99": 0,
            "max": 0
          },
          "duration": {
            "median": 0,
            "mean": 0,
            "mdev": 0,
            "stddev": 0,
            "min": 0,
            "p10": 0,
            "p90": 0,
            "p99": 0,
            "max": 0
          }
        },
        "visualElements": {
          "heroes": [
            {
              "height": {
                "median": 188,
                "mean": 188,
                "mdev": 0,
                "stddev": 0,
                "min": 188,
                "p10": 188,
                "p90": 188,
                "p99": 188,
                "max": 188
              },
              "width": {
                "median": 334,
                "mean": 334,
                "mdev": 0,
                "stddev": 0,
                "min": 334,
                "p10": 334,
                "p90": 334,
                "p99": 334,
                "max": 334
              },
              "x": {
                "median": 13,
                "mean": 13,
                "mdev": 0,
                "stddev": 0,
                "min": 13,
                "p10": 13,
                "p90": 13,
                "p99": 13,
                "max": 13
              },
              "y": {
                "median": 236,
                "mean": 236,
                "mdev": 0,
                "stddev": 0,
                "min": 236,
                "p10": 236,
                "p90": 236,
                "p99": 236,
                "max": 236
              }
            },
            {
              "height": {
                "median": 51,
                "mean": 51,
                "mdev": 0,
                "stddev": 0,
                "min": 51,
                "p10": 51,
                "p90": 51,
                "p99": 51,
                "max": 51
              },
              "width": {
                "median": 296,
                "mean": 296,
                "mdev": 0,
                "stddev": 0,
                "min": 296,
                "p10": 296,
                "p90": 296,
                "p99": 296,
                "max": 296
              },
              "x": {
                "median": 52,
                "mean": 52,
                "mdev": 0,
                "stddev": 0,
                "min": 52,
                "p10": 52,
                "p90": 52,
                "p99": 52,
                "max": 52
              },
              "y": {
                "median": 149,
                "mean": 149,
                "mdev": 0,
                "stddev": 0,
                "min": 149,
                "p10": 149,
                "p90": 149,
                "p99": 149,
                "max": 149
              }
            }
          ],
          "viewport": {
            "height": {
              "median": 560,
              "mean": 560,
              "mdev": 0,
              "stddev": 0,
              "min": 560,
              "p10": 560,
              "p90": 560,
              "p99": 560,
              "max": 560
            },
            "width": {
              "median": 360,
              "mean": 360,
              "mdev": 0,
              "stddev": 0,
              "min": 360,
              "p10": 360,
              "p90": 360,
              "p99": 360,
              "max": 360
            }
          }
        }
      },
      "timings": {
        "firstPaint": {
          "median": 2063,
          "mean": 2063,
          "mdev": 0,
          "stddev": 0,
          "min": 2063,
          "p10": 2063,
          "p90": 2063,
          "p99": 2063,
          "max": 2063
        },
        "loadEventEnd": {
          "median": 13729,
          "mean": 13729,
          "mdev": 0,
          "stddev": 0,
          "min": 13729,
          "p10": 13729,
          "p90": 13729,
          "p99": 13729,
          "max": 13729
        },
        "navigationTiming": {
          "connectStart": {
            "median": -1,
            "mean": -1,
            "mdev": 0,
            "stddev": 0,
            "min": -1,
            "p10": -1,
            "p90": -1,
            "p99": -1,
            "max": -1
          },
          "domComplete": {
            "median": 13722,
            "mean": 13722,
            "mdev": 0,
            "stddev": 0,
            "min": 13722,
            "p10": 13722,
            "p90": 13722,
            "p99": 13722,
            "max": 13722
          },
          "domContentLoadedEventEnd": {
            "median": 8769,
            "mean": 8769,
            "mdev": 0,
            "stddev": 0,
            "min": 8769,
            "p10": 8769,
            "p90": 8769,
            "p99": 8769,
            "max": 8769
          },
          "domContentLoadedEventStart": {
            "median": 8575,
            "mean": 8575,
            "mdev": 0,
            "stddev": 0,
            "min": 8575,
            "p10": 8575,
            "p90": 8575,
            "p99": 8575,
            "max": 8575
          },
          "domInteractive": {
            "median": 5731,
            "mean": 5731,
            "mdev": 0,
            "stddev": 0,
            "min": 5731,
            "p10": 5731,
            "p90": 5731,
            "p99": 5731,
            "max": 5731
          },
          "domainLookupEnd": {
            "median": -1,
            "mean": -1,
            "mdev": 0,
            "stddev": 0,
            "min": -1,
            "p10": -1,
            "p90": -1,
            "p99": -1,
            "max": -1
          },
          "domainLookupStart": {
            "median": -1,
            "mean": -1,
            "mdev": 0,
            "stddev": 0,
            "min": -1,
            "p10": -1,
            "p90": -1,
            "p99": -1,
            "max": -1
          },
          "duration": {
            "median": 13729,
            "mean": 13729,
            "mdev": 0,
            "stddev": 0,
            "min": 13729,
            "p10": 13729,
            "p90": 13729,
            "p99": 13729,
            "max": 13729
          },
          "fetchStart": {
            "median": -1,
            "mean": -1,
            "mdev": 0,
            "stddev": 0,
            "min": -1,
            "p10": -1,
            "p90": -1,
            "p99": -1,
            "max": -1
          },
          "loadEventEnd": {
            "median": 13729,
            "mean": 13729,
            "mdev": 0,
            "stddev": 0,
            "min": 13729,
            "p10": 13729,
            "p90": 13729,
            "p99": 13729,
            "max": 13729
          },
          "loadEventStart": {
            "median": 13722,
            "mean": 13722,
            "mdev": 0,
            "stddev": 0,
            "min": 13722,
            "p10": 13722,
            "p90": 13722,
            "p99": 13722,
            "max": 13722
          },
          "redirectEnd": {
            "median": 0,
            "mean": 0,
            "mdev": 0,
            "stddev": 0,
            "min": 0,
            "p10": 0,
            "p90": 0,
            "p99": 0,
            "max": 0
          },
          "redirectStart": {
            "median": 0,
            "mean": 0,
            "mdev": 0,
            "stddev": 0,
            "min": 0,
            "p10": 0,
            "p90": 0,
            "p99": 0,
            "max": 0
          },
          "requestStart": {
            "median": 175,
            "mean": 175,
            "mdev": 0,
            "stddev": 0,
            "min": 175,
            "p10": 175,
            "p90": 175,
            "p99": 175,
            "max": 175
          },
          "responseEnd": {
            "median": 778,
            "mean": 778,
            "mdev": 0,
            "stddev": 0,
            "min": 778,
            "p10": 778,
            "p90": 778,
            "p99": 778,
            "max": 778
          },
          "responseStart": {
            "median": 777,
            "mean": 777,
            "mdev": 0,
            "stddev": 0,
            "min": 777,
            "p10": 777,
            "p90": 777,
            "p99": 777,
            "max": 777
          },
          "secureConnectionStart": {
            "median": 0,
            "mean": 0,
            "mdev": 0,
            "stddev": 0,
            "min": 0,
            "p10": 0,
            "p90": 0,
            "p99": 0,
            "max": 0
          },
          "startTime": {
            "median": 0,
            "mean": 0,
            "mdev": 0,
            "stddev": 0,
            "min": 0,
            "p10": 0,
            "p90": 0,
            "p99": 0,
            "max": 0
          },
          "unloadEventEnd": {
            "median": 0,
            "mean": 0,
            "mdev": 0,
            "stddev": 0,
            "min": 0,
            "p10": 0,
            "p90": 0,
            "p99": 0,
            "max": 0
          },
          "unloadEventStart": {
            "median": 0,
            "mean": 0,
            "mdev": 0,
            "stddev": 0,
            "min": 0,
            "p10": 0,
            "p90": 0,
            "p99": 0,
            "max": 0
          },
          "workerStart": {
            "median": 0,
            "mean": 0,
            "mdev": 0,
            "stddev": 0,
            "min": 0,
            "p10": 0,
            "p90": 0,
            "p99": 0,
            "max": 0
          }
        },
        "pageTimings": {
          "backEndTime": {
            "median": 777,
            "mean": 777,
            "mdev": 0,
            "stddev": 0,
            "min": 777,
            "p10": 777,
            "p90": 777,
            "p99": 777,
            "max": 777
          },
          "domContentLoadedTime": {
            "median": 8575,
            "mean": 8575,
            "mdev": 0,
            "stddev": 0,
            "min": 8575,
            "p10": 8575,
            "p90": 8575,
            "p99": 8575,
            "max": 8575
          },
          "domInteractiveTime": {
            "median": 5731,
            "mean": 5731,
            "mdev": 0,
            "stddev": 0,
            "min": 5731,
            "p10": 5731,
            "p90": 5731,
            "p99": 5731,
            "max": 5731
          },
          "domainLookupTime": {
            "median": 0,
            "mean": 0,
            "mdev": 0,
            "stddev": 0,
            "min": 0,
            "p10": 0,
            "p90": 0,
            "p99": 0,
            "max": 0
          },
          "frontEndTime": {
            "median": 12944,
            "mean": 12944,
            "mdev": 0,
            "stddev": 0,
            "min": 12944,
            "p10": 12944,
            "p90": 12944,
            "p99": 12944,
            "max": 12944
          },
          "pageDownloadTime": {
            "median": 1,
            "mean": 1,
            "mdev": 0,
            "stddev": 0,
            "min": 1,
            "p10": 1,
            "p90": 1,
            "p99": 1,
            "max": 1
          },
          "pageLoadTime": {
            "median": 13722,
            "mean": 13722,
            "mdev": 0,
            "stddev": 0,
            "min": 13722,
            "p10": 13722,
            "p90": 13722,
            "p99": 13722,
            "max": 13722
          },
          "redirectionTime": {
            "median": 0,
            "mean": 0,
            "mdev": 0,
            "stddev": 0,
            "min": 0,
            "p10": 0,
            "p90": 0,
            "p99": 0,
            "max": 0
          },
          "serverConnectionTime": {
            "median": 87,
            "mean": 87,
            "mdev": 0,
            "stddev": 0,
            "min": 87,
            "p10": 87,
            "p90": 87,
            "p99": 87,
            "max": 87
          },
          "serverResponseTime": {
            "median": 603,
            "mean": 603,
            "mdev": 0,
            "stddev": 0,
            "min": 603,
            "p10": 603,
            "p90": 603,
            "p99": 603,
            "max": 603
          }
        },
        "rumSpeedIndex": {
          "median": 776,
          "mean": 776,
          "mdev": 0,
          "stddev": 0,
          "min": 776,
          "p10": 776,
          "p90": 776,
          "p99": 776,
          "max": 776
        },
        "timeToContentfulPaint": {
          "median": 3140,
          "mean": 3140,
          "mdev": 0,
          "stddev": 0,
          "min": 3140,
          "p10": 3140,
          "p90": 3140,
          "p99": 3140,
          "max": 3140
        },
        "timeToDomContentFlushed": {
          "median": 6004,
          "mean": 6004,
          "mdev": 0,
          "stddev": 0,
          "min": 6004,
          "p10": 6004,
          "p90": 6004,
          "p99": 6004,
          "max": 6004
        }
      }
    }
  }
]