[
  {
    "info": {
      "browsertime": {
        "version": "8.4.0"
      },
      "url": "https://ok.ru/",
      "timestamp": "2021-03-30T05:01:12+04:00",
      "connectivity": {
        "engine": "external",
        "profile": "native"
      },
      "extra": {}
    },
    "files": {
      "video": [],
      "screenshot": [],
      "timeline": [],
      "consoleLog": [],
      "netLog": [],
      "perfLog": []
    },
    "cdp": {
      "performance": []
    },
    "timestamps": [
      "2021-03-30T05:01:00+04:00",
      "2021-03-30T05:01:26+04:00",
      "2021-03-30T05:02:13+04:00"
    ],
    "browserScripts": [
      {
        "browser": {
          "appConstants": {
            "ACCESSIBILITY": true,
            "ANDROID_PACKAGE_NAME": "org.mozilla.firefox",
            "ASAN": false,
            "ASAN_REPORTER": false,
            "BROWSER_CHROME_URL": "chrome://browser/content/browser.xul",
            "DEBUG": false,
            "DEBUG_JS_MODULES": "",
            "DLL_PREFIX": "lib",
            "DLL_SUFFIX": ".so",
            "EARLY_BETA_OR_EARLIER": false,
            "FENNEC_NIGHTLY": false,
            "HAVE_SHELL_SERVICE": false,
            "HAVE_USR_LIB64_DIR": false,
            "MENUBAR_CAN_AUTOHIDE": false,
            "MOZILLA_OFFICIAL": true,
            "MOZ_ALLOW_LEGACY_EXTENSIONS": false,
            "MOZ_ANDROID_ACTIVITY_STREAM": false,
            "MOZ_ANDROID_HISTORY": true,
            "MOZ_ANDROID_MOZILLA_ONLINE": false,
            "MOZ_APP_NAME": "fennec",
            "MOZ_APP_VERSION": "68.1.1",
            "MOZ_APP_VERSION_DISPLAY": "68.1.1",
            "MOZ_BING_API_CLIENTID": "no-bing-api-clientid",
            "MOZ_BING_API_KEY": "no-bing-api-key",
            "MOZ_BITS_DOWNLOAD": false,
            "MOZ_BUILD_APP": "mobile/android",
            "MOZ_CODE_COVERAGE": false,
            "MOZ_CRASHREPORTER": true,
            "MOZ_DATA_REPORTING": true,
            "MOZ_DEV_EDITION": false,
            "MOZ_GECKO_PROFILER": true,
            "MOZ_GOOGLE_LOCATION_SERVICE_API_KEY": "AIzaSyB2h2OuRcUgy5N-5hsZqiPW6sH3n_rptiQ",
            "MOZ_GOOGLE_SAFEBROWSING_API_KEY": "AIzaSyC7jsptDS3am4tPx4r3nxis7IMjBc5Dovo",
            "MOZ_GRAPHENE": false,
            "MOZ_MACBUNDLE_NAME": "Firefox.app",
            "MOZ_MAINTENANCE_SERVICE": false,
            "MOZ_MOZILLA_API_KEY": "3b4d27dd-703d-4094-8398-4de2c763505a",
            "MOZ_NEW_CERT_STORAGE": false,
            "MOZ_NEW_NOTIFICATION_STORE": false,
            "MOZ_NEW_XULSTORE": false,
            "MOZ_OFFICIAL_BRANDING": false,
            "MOZ_PLACES": false,
            "MOZ_REQUIRE_SIGNING": false,
            "MOZ_SANDBOX": false,
            "MOZ_SERVICES_HEALTHREPORT": true,
            "MOZ_SERVICES_SYNC": false,
            "MOZ_SWITCHBOARD": true,
            "MOZ_SYSTEM_NSS": false,
            "MOZ_TELEMETRY_ON_BY_DEFAULT": false,
            "MOZ_TELEMETRY_REPORTING": true,
            "MOZ_UNSIGNED_SCOPES": 0,
            "MOZ_UPDATER": false,
            "MOZ_UPDATE_CHANNEL": "release",
            "MOZ_WEBRTC": true,
            "MOZ_WIDGET_GTK": false,
            "MOZ_WIDGET_TOOLKIT": "android",
            "NIGHTLY_BUILD": false,
            "OMNIJAR_NAME": "assets/omni.ja",
            "RELEASE_OR_BETA": true,
            "SOURCE_REVISION_URL": "https://hg.mozilla.org/releases/mozilla-esr68/rev/d2e0b9e17b9bc1ef02606c8006b73293f7892ad5",
            "TELEMETRY_PING_FORMAT_VERSION": 4,
            "XP_UNIX": true,
            "isPlatformAndVersionAtLeast": {},
            "isPlatformAndVersionAtMost": {},
            "platform": "android"
          },
          "asyncAppConstants": {
            "ACCESSIBILITY": true,
            "ANDROID_PACKAGE_NAME": "org.mozilla.firefox",
            "ASAN": false,
            "ASAN_REPORTER": false,
            "BROWSER_CHROME_URL": "chrome://browser/content/browser.xul",
            "DEBUG": false,
            "DEBUG_JS_MODULES": "",
            "DLL_PREFIX": "lib",
            "DLL_SUFFIX": ".so",
            "EARLY_BETA_OR_EARLIER": false,
            "FENNEC_NIGHTLY": false,
            "HAVE_SHELL_SERVICE": false,
            "HAVE_USR_LIB64_DIR": false,
            "MENUBAR_CAN_AUTOHIDE": false,
            "MOZILLA_OFFICIAL": true,
            "MOZ_ALLOW_LEGACY_EXTENSIONS": false,
            "MOZ_ANDROID_ACTIVITY_STREAM": false,
            "MOZ_ANDROID_HISTORY": true,
            "MOZ_ANDROID_MOZILLA_ONLINE": false,
            "MOZ_APP_NAME": "fennec",
            "MOZ_APP_VERSION": "68.1.1",
            "MOZ_APP_VERSION_DISPLAY": "68.1.1",
            "MOZ_BING_API_CLIENTID": "no-bing-api-clientid",
            "MOZ_BING_API_KEY": "no-bing-api-key",
            "MOZ_BITS_DOWNLOAD": false,
            "MOZ_BUILD_APP": "mobile/android",
            "MOZ_CODE_COVERAGE": false,
            "MOZ_CRASHREPORTER": true,
            "MOZ_DATA_REPORTING": true,
            "MOZ_DEV_EDITION": false,
            "MOZ_GECKO_PROFILER": true,
            "MOZ_GOOGLE_LOCATION_SERVICE_API_KEY": "AIzaSyB2h2OuRcUgy5N-5hsZqiPW6sH3n_rptiQ",
            "MOZ_GOOGLE_SAFEBROWSING_API_KEY": "AIzaSyC7jsptDS3am4tPx4r3nxis7IMjBc5Dovo",
            "MOZ_GRAPHENE": false,
            "MOZ_MACBUNDLE_NAME": "Firefox.app",
            "MOZ_MAINTENANCE_SERVICE": false,
            "MOZ_MOZILLA_API_KEY": "3b4d27dd-703d-4094-8398-4de2c763505a",
            "MOZ_NEW_CERT_STORAGE": false,
            "MOZ_NEW_NOTIFICATION_STORE": false,
            "MOZ_NEW_XULSTORE": false,
            "MOZ_OFFICIAL_BRANDING": false,
            "MOZ_PLACES": false,
            "MOZ_REQUIRE_SIGNING": false,
            "MOZ_SANDBOX": false,
            "MOZ_SERVICES_HEALTHREPORT": true,
            "MOZ_SERVICES_SYNC": false,
            "MOZ_SWITCHBOARD": true,
            "MOZ_SYSTEM_NSS": false,
            "MOZ_TELEMETRY_ON_BY_DEFAULT": false,
            "MOZ_TELEMETRY_REPORTING": true,
            "MOZ_UNSIGNED_SCOPES": 0,
            "MOZ_UPDATER": false,
            "MOZ_UPDATE_CHANNEL": "release",
            "MOZ_WEBRTC": true,
            "MOZ_WIDGET_GTK": false,
            "MOZ_WIDGET_TOOLKIT": "android",
            "NIGHTLY_BUILD": false,
            "OMNIJAR_NAME": "assets/omni.ja",
            "RELEASE_OR_BETA": true,
            "SOURCE_REVISION_URL": "https://hg.mozilla.org/releases/mozilla-esr68/rev/d2e0b9e17b9bc1ef02606c8006b73293f7892ad5",
            "TELEMETRY_PING_FORMAT_VERSION": 4,
            "XP_UNIX": true,
            "isPlatformAndVersionAtLeast": {},
            "isPlatformAndVersionAtMost": {},
            "platform": "android"
          },
          "userAgent": "Mozilla/5.0 (Android 8.1.0; Mobile; rv:68.0) Gecko/68.0 Firefox/68.0",
          "windowSize": "360x560"
        },
        "pageinfo": {
          "documentHeight": 6806,
          "documentSize": {
            "decodedBodySize": 72902,
            "encodedBodySize": 14460,
            "transferSize": 15330
          },
          "documentTitle": "OK social network. Communication with friends on OK. Your meeting place with classmates.",
          "documentWidth": 360,
          "domElements": 657,
          "navigationStartTime": 1617066060354,
          "nextHopProtocol": "http/1.1",
          "resources": {
            "count": 0,
            "duration": 0
          },
          "responsive": true,
          "url": "https://m.ok.ru/",
          "visualElements": {
            "heroes": [
              {
                "filename": "t.gif",
                "height": 24,
                "name": "LargestImage",
                "width": 40,
                "x": 158,
                "y": 8
              }
            ],
            "viewport": {
              "height": 560,
              "width": 360
            }
          }
        },
        "timings": {
          "firstPaint": 3457,
          "loadEventEnd": 5147,
          "navigationTiming": {
            "connectStart": 657,
            "domComplete": 5146,
            "domContentLoadedEventEnd": 3650,
            "domContentLoadedEventStart": 3632,
            "domInteractive": 3122,
            "domainLookupEnd": 657,
            "domainLookupStart": 657,
            "duration": 5147,
            "fetchStart": 632,
            "loadEventEnd": 5147,
            "loadEventStart": 5146,
            "redirectEnd": 629,
            "redirectStart": 3,
            "requestStart": 1056,
            "responseEnd": 1227,
            "responseStart": 1227,
            "secureConnectionStart": 833,
            "startTime": 0,
            "unloadEventEnd": 0,
            "unloadEventStart": 0,
            "workerStart": 0
          },
          "pageTimings": {
            "backEndTime": 1227,
            "domContentLoadedTime": 3632,
            "domInteractiveTime": 3122,
            "domainLookupTime": 0,
            "frontEndTime": 3920,
            "pageDownloadTime": 0,
            "pageLoadTime": 5146,
            "redirectionTime": 626,
            "serverConnectionTime": 399,
            "serverResponseTime": 170
          },
          "rumSpeedIndex": 1226,
          "timeToContentfulPaint": 3597,
          "timeToDomContentFlushed": 3415,
          "userTimings": {
            "marks": [],
            "measures": []
          }
        }
      },
      {
        "browser": {
          "appConstants": {
            "ACCESSIBILITY": true,
            "ANDROID_PACKAGE_NAME": "org.mozilla.firefox",
            "ASAN": false,
            "ASAN_REPORTER": false,
            "BROWSER_CHROME_URL": "chrome://browser/content/browser.xul",
            "DEBUG": false,
            "DEBUG_JS_MODULES": "",
            "DLL_PREFIX": "lib",
            "DLL_SUFFIX": ".so",
            "EARLY_BETA_OR_EARLIER": false,
            "FENNEC_NIGHTLY": false,
            "HAVE_SHELL_SERVICE": false,
            "HAVE_USR_LIB64_DIR": false,
            "MENUBAR_CAN_AUTOHIDE": false,
            "MOZILLA_OFFICIAL": true,
            "MOZ_ALLOW_LEGACY_EXTENSIONS": false,
            "MOZ_ANDROID_ACTIVITY_STREAM": false,
            "MOZ_ANDROID_HISTORY": true,
            "MOZ_ANDROID_MOZILLA_ONLINE": false,
            "MOZ_APP_NAME": "fennec",
            "MOZ_APP_VERSION": "68.1.1",
            "MOZ_APP_VERSION_DISPLAY": "68.1.1",
            "MOZ_BING_API_CLIENTID": "no-bing-api-clientid",
            "MOZ_BING_API_KEY": "no-bing-api-key",
            "MOZ_BITS_DOWNLOAD": false,
            "MOZ_BUILD_APP": "mobile/android",
            "MOZ_CODE_COVERAGE": false,
            "MOZ_CRASHREPORTER": true,
            "MOZ_DATA_REPORTING": true,
            "MOZ_DEV_EDITION": false,
            "MOZ_GECKO_PROFILER": true,
            "MOZ_GOOGLE_LOCATION_SERVICE_API_KEY": "AIzaSyB2h2OuRcUgy5N-5hsZqiPW6sH3n_rptiQ",
            "MOZ_GOOGLE_SAFEBROWSING_API_KEY": "AIzaSyC7jsptDS3am4tPx4r3nxis7IMjBc5Dovo",
            "MOZ_GRAPHENE": false,
            "MOZ_MACBUNDLE_NAME": "Firefox.app",
            "MOZ_MAINTENANCE_SERVICE": false,
            "MOZ_MOZILLA_API_KEY": "3b4d27dd-703d-4094-8398-4de2c763505a",
            "MOZ_NEW_CERT_STORAGE": false,
            "MOZ_NEW_NOTIFICATION_STORE": false,
            "MOZ_NEW_XULSTORE": false,
            "MOZ_OFFICIAL_BRANDING": false,
            "MOZ_PLACES": false,
            "MOZ_REQUIRE_SIGNING": false,
            "MOZ_SANDBOX": false,
            "MOZ_SERVICES_HEALTHREPORT": true,
            "MOZ_SERVICES_SYNC": false,
            "MOZ_SWITCHBOARD": true,
            "MOZ_SYSTEM_NSS": false,
            "MOZ_TELEMETRY_ON_BY_DEFAULT": false,
            "MOZ_TELEMETRY_REPORTING": true,
            "MOZ_UNSIGNED_SCOPES": 0,
            "MOZ_UPDATER": false,
            "MOZ_UPDATE_CHANNEL": "release",
            "MOZ_WEBRTC": true,
            "MOZ_WIDGET_GTK": false,
            "MOZ_WIDGET_TOOLKIT": "android",
            "NIGHTLY_BUILD": false,
            "OMNIJAR_NAME": "assets/omni.ja",
            "RELEASE_OR_BETA": true,
            "SOURCE_REVISION_URL": "https://hg.mozilla.org/releases/mozilla-esr68/rev/d2e0b9e17b9bc1ef02606c8006b73293f7892ad5",
            "TELEMETRY_PING_FORMAT_VERSION": 4,
            "XP_UNIX": true,
            "isPlatformAndVersionAtLeast": {},
            "isPlatformAndVersionAtMost": {},
            "platform": "android"
          },
          "asyncAppConstants": {
            "ACCESSIBILITY": true,
            "ANDROID_PACKAGE_NAME": "org.mozilla.firefox",
            "ASAN": false,
            "ASAN_REPORTER": false,
            "BROWSER_CHROME_URL": "chrome://browser/content/browser.xul",
            "DEBUG": false,
            "DEBUG_JS_MODULES": "",
            "DLL_PREFIX": "lib",
            "DLL_SUFFIX": ".so",
            "EARLY_BETA_OR_EARLIER": false,
            "FENNEC_NIGHTLY": false,
            "HAVE_SHELL_SERVICE": false,
            "HAVE_USR_LIB64_DIR": false,
            "MENUBAR_CAN_AUTOHIDE": false,
            "MOZILLA_OFFICIAL": true,
            "MOZ_ALLOW_LEGACY_EXTENSIONS": false,
            "MOZ_ANDROID_ACTIVITY_STREAM": false,
            "MOZ_ANDROID_HISTORY": true,
            "MOZ_ANDROID_MOZILLA_ONLINE": false,
            "MOZ_APP_NAME": "fennec",
            "MOZ_APP_VERSION": "68.1.1",
            "MOZ_APP_VERSION_DISPLAY": "68.1.1",
            "MOZ_BING_API_CLIENTID": "no-bing-api-clientid",
            "MOZ_BING_API_KEY": "no-bing-api-key",
            "MOZ_BITS_DOWNLOAD": false,
            "MOZ_BUILD_APP": "mobile/android",
            "MOZ_CODE_COVERAGE": false,
            "MOZ_CRASHREPORTER": true,
            "MOZ_DATA_REPORTING": true,
            "MOZ_DEV_EDITION": false,
            "MOZ_GECKO_PROFILER": true,
            "MOZ_GOOGLE_LOCATION_SERVICE_API_KEY": "AIzaSyB2h2OuRcUgy5N-5hsZqiPW6sH3n_rptiQ",
            "MOZ_GOOGLE_SAFEBROWSING_API_KEY": "AIzaSyC7jsptDS3am4tPx4r3nxis7IMjBc5Dovo",
            "MOZ_GRAPHENE": false,
            "MOZ_MACBUNDLE_NAME": "Firefox.app",
            "MOZ_MAINTENANCE_SERVICE": false,
            "MOZ_MOZILLA_API_KEY": "3b4d27dd-703d-4094-8398-4de2c763505a",
            "MOZ_NEW_CERT_STORAGE": false,
            "MOZ_NEW_NOTIFICATION_STORE": false,
            "MOZ_NEW_XULSTORE": false,
            "MOZ_OFFICIAL_BRANDING": false,
            "MOZ_PLACES": false,
            "MOZ_REQUIRE_SIGNING": false,
            "MOZ_SANDBOX": false,
            "MOZ_SERVICES_HEALTHREPORT": true,
            "MOZ_SERVICES_SYNC": false,
            "MOZ_SWITCHBOARD": true,
            "MOZ_SYSTEM_NSS": false,
            "MOZ_TELEMETRY_ON_BY_DEFAULT": false,
            "MOZ_TELEMETRY_REPORTING": true,
            "MOZ_UNSIGNED_SCOPES": 0,
            "MOZ_UPDATER": false,
            "MOZ_UPDATE_CHANNEL": "release",
            "MOZ_WEBRTC": true,
            "MOZ_WIDGET_GTK": false,
            "MOZ_WIDGET_TOOLKIT": "android",
            "NIGHTLY_BUILD": false,
            "OMNIJAR_NAME": "assets/omni.ja",
            "RELEASE_OR_BETA": true,
            "SOURCE_REVISION_URL": "https://hg.mozilla.org/releases/mozilla-esr68/rev/d2e0b9e17b9bc1ef02606c8006b73293f7892ad5",
            "TELEMETRY_PING_FORMAT_VERSION": 4,
            "XP_UNIX": true,
            "isPlatformAndVersionAtLeast": {},
            "isPlatformAndVersionAtMost": {},
            "platform": "android"
          },
          "userAgent": "Mozilla/5.0 (Android 8.1.0; Mobile; rv:68.0) Gecko/68.0 Firefox/68.0",
          "windowSize": "360x560"
        },
        "pageinfo": {
          "documentHeight": 6806,
          "documentSize": {
            "decodedBodySize": 72912,
            "encodedBodySize": 14473,
            "transferSize": 15343
          },
          "documentTitle": "OK social network. Communication with friends on OK. Your meeting place with classmates.",
          "documentWidth": 360,
          "domElements": 657,
          "navigationStartTime": 1617066087021,
          "nextHopProtocol": "http/1.1",
          "resources": {
            "count": 0,
            "duration": 0
          },
          "responsive": true,
          "url": "https://m.ok.ru/",
          "visualElements": {
            "heroes": [
              {
                "filename": "t.gif",
                "height": 24,
                "name": "LargestImage",
                "width": 40,
                "x": 158,
                "y": 8
              }
            ],
            "viewport": {
              "height": 560,
              "width": 360
            }
          }
        },
        "timings": {
          "firstPaint": 24926,
          "loadEventEnd": 26502,
          "navigationTiming": {
            "connectStart": 22064,
            "domComplete": 26500,
            "domContentLoadedEventEnd": 25124,
            "domContentLoadedEventStart": 25103,
            "domInteractive": 24572,
            "domainLookupEnd": 22064,
            "domainLookupStart": 916,
            "duration": 26502,
            "fetchStart": 891,
            "loadEventEnd": 26502,
            "loadEventStart": 26500,
            "redirectEnd": 886,
            "redirectStart": 6,
            "requestStart": 22473,
            "responseEnd": 22647,
            "responseStart": 22647,
            "secureConnectionStart": 22247,
            "startTime": 0,
            "unloadEventEnd": 0,
            "unloadEventStart": 0,
            "workerStart": 0
          },
          "pageTimings": {
            "backEndTime": 22647,
            "domContentLoadedTime": 25103,
            "domInteractiveTime": 24572,
            "domainLookupTime": 21148,
            "frontEndTime": 3853,
            "pageDownloadTime": 0,
            "pageLoadTime": 26500,
            "redirectionTime": 879,
            "serverConnectionTime": 408,
            "serverResponseTime": 174
          },
          "rumSpeedIndex": 22647,
          "timeToContentfulPaint": 25070,
          "timeToDomContentFlushed": 24870,
          "timeToFirstInteractive": 27300,
          "userTimings": {
            "marks": [],
            "measures": []
          }
        }
      },
      {
        "browser": {
          "appConstants": {
            "ACCESSIBILITY": true,
            "ANDROID_PACKAGE_NAME": "org.mozilla.firefox",
            "ASAN": false,
            "ASAN_REPORTER": false,
            "BROWSER_CHROME_URL": "chrome://browser/content/browser.xul",
            "DEBUG": false,
            "DEBUG_JS_MODULES": "",
            "DLL_PREFIX": "lib",
            "DLL_SUFFIX": ".so",
            "EARLY_BETA_OR_EARLIER": false,
            "FENNEC_NIGHTLY": false,
            "HAVE_SHELL_SERVICE": false,
            "HAVE_USR_LIB64_DIR": false,
            "MENUBAR_CAN_AUTOHIDE": false,
            "MOZILLA_OFFICIAL": true,
            "MOZ_ALLOW_LEGACY_EXTENSIONS": false,
            "MOZ_ANDROID_ACTIVITY_STREAM": false,
            "MOZ_ANDROID_HISTORY": true,
            "MOZ_ANDROID_MOZILLA_ONLINE": false,
            "MOZ_APP_NAME": "fennec",
            "MOZ_APP_VERSION": "68.1.1",
            "MOZ_APP_VERSION_DISPLAY": "68.1.1",
            "MOZ_BING_API_CLIENTID": "no-bing-api-clientid",
            "MOZ_BING_API_KEY": "no-bing-api-key",
            "MOZ_BITS_DOWNLOAD": false,
            "MOZ_BUILD_APP": "mobile/android",
            "MOZ_CODE_COVERAGE": false,
            "MOZ_CRASHREPORTER": true,
            "MOZ_DATA_REPORTING": true,
            "MOZ_DEV_EDITION": false,
            "MOZ_GECKO_PROFILER": true,
            "MOZ_GOOGLE_LOCATION_SERVICE_API_KEY": "AIzaSyB2h2OuRcUgy5N-5hsZqiPW6sH3n_rptiQ",
            "MOZ_GOOGLE_SAFEBROWSING_API_KEY": "AIzaSyC7jsptDS3am4tPx4r3nxis7IMjBc5Dovo",
            "MOZ_GRAPHENE": false,
            "MOZ_MACBUNDLE_NAME": "Firefox.app",
            "MOZ_MAINTENANCE_SERVICE": false,
            "MOZ_MOZILLA_API_KEY": "3b4d27dd-703d-4094-8398-4de2c763505a",
            "MOZ_NEW_CERT_STORAGE": false,
            "MOZ_NEW_NOTIFICATION_STORE": false,
            "MOZ_NEW_XULSTORE": false,
            "MOZ_OFFICIAL_BRANDING": false,
            "MOZ_PLACES": false,
            "MOZ_REQUIRE_SIGNING": false,
            "MOZ_SANDBOX": false,
            "MOZ_SERVICES_HEALTHREPORT": true,
            "MOZ_SERVICES_SYNC": false,
            "MOZ_SWITCHBOARD": true,
            "MOZ_SYSTEM_NSS": false,
            "MOZ_TELEMETRY_ON_BY_DEFAULT": false,
            "MOZ_TELEMETRY_REPORTING": true,
            "MOZ_UNSIGNED_SCOPES": 0,
            "MOZ_UPDATER": false,
            "MOZ_UPDATE_CHANNEL": "release",
            "MOZ_WEBRTC": true,
            "MOZ_WIDGET_GTK": false,
            "MOZ_WIDGET_TOOLKIT": "android",
            "NIGHTLY_BUILD": false,
            "OMNIJAR_NAME": "assets/omni.ja",
            "RELEASE_OR_BETA": true,
            "SOURCE_REVISION_URL": "https://hg.mozilla.org/releases/mozilla-esr68/rev/d2e0b9e17b9bc1ef02606c8006b73293f7892ad5",
            "TELEMETRY_PING_FORMAT_VERSION": 4,
            "XP_UNIX": true,
            "isPlatformAndVersionAtLeast": {},
            "isPlatformAndVersionAtMost": {},
            "platform": "android"
          },
          "asyncAppConstants": {
            "ACCESSIBILITY": true,
            "ANDROID_PACKAGE_NAME": "org.mozilla.firefox",
            "ASAN": false,
            "ASAN_REPORTER": false,
            "BROWSER_CHROME_URL": "chrome://browser/content/browser.xul",
            "DEBUG": false,
            "DEBUG_JS_MODULES": "",
            "DLL_PREFIX": "lib",
            "DLL_SUFFIX": ".so",
            "EARLY_BETA_OR_EARLIER": false,
            "FENNEC_NIGHTLY": false,
            "HAVE_SHELL_SERVICE": false,
            "HAVE_USR_LIB64_DIR": false,
            "MENUBAR_CAN_AUTOHIDE": false,
            "MOZILLA_OFFICIAL": true,
            "MOZ_ALLOW_LEGACY_EXTENSIONS": false,
            "MOZ_ANDROID_ACTIVITY_STREAM": false,
            "MOZ_ANDROID_HISTORY": true,
            "MOZ_ANDROID_MOZILLA_ONLINE": false,
            "MOZ_APP_NAME": "fennec",
            "MOZ_APP_VERSION": "68.1.1",
            "MOZ_APP_VERSION_DISPLAY": "68.1.1",
            "MOZ_BING_API_CLIENTID": "no-bing-api-clientid",
            "MOZ_BING_API_KEY": "no-bing-api-key",
            "MOZ_BITS_DOWNLOAD": false,
            "MOZ_BUILD_APP": "mobile/android",
            "MOZ_CODE_COVERAGE": false,
            "MOZ_CRASHREPORTER": true,
            "MOZ_DATA_REPORTING": true,
            "MOZ_DEV_EDITION": false,
            "MOZ_GECKO_PROFILER": true,
            "MOZ_GOOGLE_LOCATION_SERVICE_API_KEY": "AIzaSyB2h2OuRcUgy5N-5hsZqiPW6sH3n_rptiQ",
            "MOZ_GOOGLE_SAFEBROWSING_API_KEY": "AIzaSyC7jsptDS3am4tPx4r3nxis7IMjBc5Dovo",
            "MOZ_GRAPHENE": false,
            "MOZ_MACBUNDLE_NAME": "Firefox.app",
            "MOZ_MAINTENANCE_SERVICE": false,
            "MOZ_MOZILLA_API_KEY": "3b4d27dd-703d-4094-8398-4de2c763505a",
            "MOZ_NEW_CERT_STORAGE": false,
            "MOZ_NEW_NOTIFICATION_STORE": false,
            "MOZ_NEW_XULSTORE": false,
            "MOZ_OFFICIAL_BRANDING": false,
            "MOZ_PLACES": false,
            "MOZ_REQUIRE_SIGNING": false,
            "MOZ_SANDBOX": false,
            "MOZ_SERVICES_HEALTHREPORT": true,
            "MOZ_SERVICES_SYNC": false,
            "MOZ_SWITCHBOARD": true,
            "MOZ_SYSTEM_NSS": false,
            "MOZ_TELEMETRY_ON_BY_DEFAULT": false,
            "MOZ_TELEMETRY_REPORTING": true,
            "MOZ_UNSIGNED_SCOPES": 0,
            "MOZ_UPDATER": false,
            "MOZ_UPDATE_CHANNEL": "release",
            "MOZ_WEBRTC": true,
            "MOZ_WIDGET_GTK": false,
            "MOZ_WIDGET_TOOLKIT": "android",
            "NIGHTLY_BUILD": false,
            "OMNIJAR_NAME": "assets/omni.ja",
            "RELEASE_OR_BETA": true,
            "SOURCE_REVISION_URL": "https://hg.mozilla.org/releases/mozilla-esr68/rev/d2e0b9e17b9bc1ef02606c8006b73293f7892ad5",
            "TELEMETRY_PING_FORMAT_VERSION": 4,
            "XP_UNIX": true,
            "isPlatformAndVersionAtLeast": {},
            "isPlatformAndVersionAtMost": {},
            "platform": "android"
          },
          "userAgent": "Mozilla/5.0 (Android 8.1.0; Mobile; rv:68.0) Gecko/68.0 Firefox/68.0",
          "windowSize": "360x560"
        },
        "pageinfo": {
          "documentHeight": 6806,
          "documentSize": {
            "decodedBodySize": 72910,
            "encodedBodySize": 14467,
            "transferSize": 15337
          },
          "documentTitle": "OK social network. Communication with friends on OK. Your meeting place with classmates.",
          "documentWidth": 360,
          "domElements": 657,
          "navigationStartTime": 1617066133837,
          "nextHopProtocol": "http/1.1",
          "resources": {
            "count": 0,
            "duration": 0
          },
          "responsive": true,
          "url": "https://m.ok.ru/",
          "visualElements": {
            "heroes": [
              {
                "filename": "t.gif",
                "height": 24,
                "name": "LargestImage",
                "width": 40,
                "x": 158,
                "y": 8
              }
            ],
            "viewport": {
              "height": 560,
              "width": 360
            }
          }
        },
        "timings": {
          "firstPaint": 4174,
          "loadEventEnd": 6888,
          "navigationTiming": {
            "connectStart": 1076,
            "domComplete": 6887,
            "domContentLoadedEventEnd": 4365,
            "domContentLoadedEventStart": 4347,
            "domInteractive": 3814,
            "domainLookupEnd": 1076,
            "domainLookupStart": 1076,
            "duration": 6888,
            "fetchStart": 1054,
            "loadEventEnd": 6888,
            "loadEventStart": 6887,
            "redirectEnd": 1047,
            "redirectStart": 3,
            "requestStart": 1465,
            "responseEnd": 1628,
            "responseStart": 1628,
            "secureConnectionStart": 1245,
            "startTime": 0,
            "unloadEventEnd": 0,
            "unloadEventStart": 0,
            "workerStart": 0
          },
          "pageTimings": {
            "backEndTime": 1628,
            "domContentLoadedTime": 4347,
            "domInteractiveTime": 3814,
            "domainLookupTime": 0,
            "frontEndTime": 5259,
            "pageDownloadTime": 0,
            "pageLoadTime": 6887,
            "redirectionTime": 1045,
            "serverConnectionTime": 389,
            "serverResponseTime": 163
          },
          "rumSpeedIndex": 1627,
          "timeToContentfulPaint": 4323,
          "timeToDomContentFlushed": 4124,
          "timeToFirstInteractive": 7565,
          "userTimings": {
            "marks": [],
            "measures": []
          }
        }
      }
    ],
    "visualMetrics": [],
    "cpu": [],
    "extras": [
      {},
      {},
      {}
    ],
    "fullyLoaded": [],
    "errors": [
      [],
      [],
      []
    ],
    "statistics": {
      "browser": {
        "appConstants": {
          "MOZ_UNSIGNED_SCOPES": {
            "median": 0,
            "mean": 0,
            "mdev": 0,
            "stddev": 0,
            "min": 0,
            "p10": 0,
            "p90": 0,
            "p99": 0,
            "max": 0
          },
          "TELEMETRY_PING_FORMAT_VERSION": {
            "median": 4,
            "mean": 4,
            "mdev": 0,
            "stddev": 0,
            "min": 4,
            "p10": 4,
            "p90": 4,
            "p99": 4,
            "max": 4
          }
        },
        "asyncAppConstants": {
          "MOZ_UNSIGNED_SCOPES": {
            "median": 0,
            "mean": 0,
            "mdev": 0,
            "stddev": 0,
            "min": 0,
            "p10": 0,
            "p90": 0,
            "p99": 0,
            "max": 0
          },
          "TELEMETRY_PING_FORMAT_VERSION": {
            "median": 4,
            "mean": 4,
            "mdev": 0,
            "stddev": 0,
            "min": 4,
            "p10": 4,
            "p90": 4,
            "p99": 4,
            "max": 4
          }
        }
      },
      "pageinfo": {
        "documentHeight": {
          "median": 6806,
          "mean": 6806,
          "mdev": 0,
          "stddev": 0,
          "min": 6806,
          "p10": 6806,
          "p90": 6806,
          "p99": 6806,
          "max": 6806
        },
        "documentSize": {
          "decodedBodySize": {
            "median": 72910,
            "mean": 72908,
            "mdev": 2.4944,
            "stddev": 4,
            "min": 72902,
            "p10": 72902,
            "p90": 72912,
            "p99": 72912,
            "max": 72912
          },
          "encodedBodySize": {
            "median": 14467,
            "mean": 14467,
            "mdev": 3.0671,
            "stddev": 5,
            "min": 14460,
            "p10": 14460,
            "p90": 14473,
            "p99": 14473,
            "max": 14473
          },
          "transferSize": {
            "median": 15337,
            "mean": 15337,
            "mdev": 3.0671,
            "stddev": 5,
            "min": 15330,
            "p10": 15330,
            "p90": 15343,
            "p99": 15343,
            "max": 15343
          }
        },
        "documentWidth": {
          "median": 360,
          "mean": 360,
          "mdev": 0,
          "stddev": 0,
          "min": 360,
          "p10": 360,
          "p90": 360,
          "p99": 360,
          "max": 360
        },
        "domElements": {
          "median": 657,
          "mean": 657,
          "mdev": 0,
          "stddev": 0,
          "min": 657,
          "p10": 657,
          "p90": 657,
          "p99": 657,
          "max": 657
        },
        "navigationStartTime": {
          "median": 1617066087021,
          "mean": 1617066093737,
          "mdev": 17836.64,
          "stddev": 30894,
          "min": 1617066060354,
          "p10": 1617066060354,
          "p90": 1617066133837,
          "p99": 1617066133837,
          "max": 1617066133837
        },
        "resources": {
          "count": {
            "median": 0,
            "mean": 0,
            "mdev": 0,
            "stddev": 0,
            "min": 0,
            "p10": 0,
            "p90": 0,
            "p99": 0,
            "max": 0
          },
          "duration": {
            "median": 0,
            "mean": 0,
            "mdev": 0,
            "stddev": 0,
            "min": 0,
            "p10": 0,
            "p90": 0,
            "p99": 0,
            "max": 0
          }
        },
        "visualElements": {
          "heroes": [
            {
              "height": {
                "median": 24,
                "mean": 24,
                "mdev": 0,
                "stddev": 0,
                "min": 24,
                "p10": 24,
                "p90": 24,
                "p99": 24,
                "max": 24
              },
              "width": {
                "median": 40,
                "mean": 40,
                "mdev": 0,
                "stddev": 0,
                "min": 40,
                "p10": 40,
                "p90": 40,
                "p99": 40,
                "max": 40
              },
              "x": {
                "median": 158,
                "mean": 158,
                "mdev": 0,
                "stddev": 0,
                "min": 158,
                "p10": 158,
                "p90": 158,
                "p99": 158,
                "max": 158
              },
              "y": {
                "median": 8,
                "mean": 8,
                "mdev": 0,
                "stddev": 0,
                "min": 8,
                "p10": 8,
                "p90": 8,
                "p99": 8,
                "max": 8
              }
            }
          ],
          "viewport": {
            "height": {
              "median": 560,
              "mean": 560,
              "mdev": 0,
              "stddev": 0,
              "min": 560,
              "p10": 560,
              "p90": 560,
              "p99": 560,
              "max": 560
            },
            "width": {
              "median": 360,
              "mean": 360,
              "mdev": 0,
              "stddev": 0,
              "min": 360,
              "p10": 360,
              "p90": 360,
              "p99": 360,
              "max": 360
            }
          }
        }
      },
      "timings": {
        "firstPaint": {
          "median": 4174,
          "mean": 10852,
          "mdev": 5748.0353,
          "stddev": 9956,
          "min": 3457,
          "p10": 3457,
          "p90": 24926,
          "p99": 24926,
          "max": 24926
        },
        "loadEventEnd": {
          "median": 6888,
          "mean": 12846,
          "mdev": 5590.2564,
          "stddev": 9683,
          "min": 5147,
          "p10": 5147,
          "p90": 26502,
          "p99": 26502,
          "max": 26502
        },
        "navigationTiming": {
          "connectStart": {
            "median": 1076,
            "mean": 7932,
            "mdev": 5770.074,
            "stddev": 9994,
            "min": 657,
            "p10": 657,
            "p90": 22064,
            "p99": 22064,
            "max": 22064
          },
          "domComplete": {
            "median": 6887,
            "mean": 12844,
            "mdev": 5589.985,
            "stddev": 9682,
            "min": 5146,
            "p10": 5146,
            "p90": 26500,
            "p99": 26500,
            "max": 26500
          },
          "domContentLoadedEventEnd": {
            "median": 4365,
            "mean": 11046,
            "mdev": 5749.6537,
            "stddev": 9959,
            "min": 3650,
            "p10": 3650,
            "p90": 25124,
            "p99": 25124,
            "max": 25124
          },
          "domContentLoadedEventStart": {
            "median": 4347,
            "mean": 11027,
            "mdev": 5748.8376,
            "stddev": 9957,
            "min": 3632,
            "p10": 3632,
            "p90": 25103,
            "p99": 25103,
            "max": 25103
          },
          "domInteractive": {
            "median": 3814,
            "mean": 10503,
            "mdev": 5746.0967,
            "stddev": 9953,
            "min": 3122,
            "p10": 3122,
            "p90": 24572,
            "p99": 24572,
            "max": 24572
          },
          "domainLookupEnd": {
            "median": 1076,
            "mean": 7932,
            "mdev": 5770.074,
            "stddev": 9994,
            "min": 657,
            "p10": 657,
            "p90": 22064,
            "p99": 22064,
            "max": 22064
          },
          "domainLookupStart": {
            "median": 916,
            "mean": 883,
            "mdev": 99.6739,
            "stddev": 173,
            "min": 657,
            "p10": 657,
            "p90": 1076,
            "p99": 1076,
            "max": 1076
          },
          "duration": {
            "median": 6888,
            "mean": 12846,
            "mdev": 5590.2564,
            "stddev": 9683,
            "min": 5147,
            "p10": 5147,
            "p90": 26502,
            "p99": 26502,
            "max": 26502
          },
          "fetchStart": {
            "median": 891,
            "mean": 859,
            "mdev": 100.3206,
            "stddev": 174,
            "min": 632,
            "p10": 632,
            "p90": 1054,
            "p99": 1054,
            "max": 1054
          },
          "loadEventEnd": {
            "median": 6888,
            "mean": 12846,
            "mdev": 5590.2564,
            "stddev": 9683,
            "min": 5147,
            "p10": 5147,
            "p90": 26502,
            "p99": 26502,
            "max": 26502
          },
          "loadEventStart": {
            "median": 6887,
            "mean": 12844,
            "mdev": 5589.985,
            "stddev": 9682,
            "min": 5146,
            "p10": 5146,
            "p90": 26500,
            "p99": 26500,
            "max": 26500
          },
          "redirectEnd": {
            "median": 886,
            "mean": 854,
            "mdev": 99.3859,
            "stddev": 172,
            "min": 629,
            "p10": 629,
            "p90": 1047,
            "p99": 1047,
            "max": 1047
          },
          "redirectStart": {
            "median": 3,
            "mean": 4,
            "mdev": 0.8165,
            "stddev": 1,
            "min": 3,
            "p10": 3,
            "p90": 6,
            "p99": 6,
            "max": 6
          },
          "requestStart": {
            "median": 1465,
            "mean": 8331,
            "mdev": 5774.116,
            "stddev": 10001,
            "min": 1056,
            "p10": 1056,
            "p90": 22473,
            "p99": 22473,
            "max": 22473
          },
          "responseEnd": {
            "median": 1628,
            "mean": 8501,
            "mdev": 5775.9898,
            "stddev": 10004,
            "min": 1227,
            "p10": 1227,
            "p90": 22647,
            "p99": 22647,
            "max": 22647
          },
          "responseStart": {
            "median": 1628,
            "mean": 8501,
            "mdev": 5775.9898,
            "stddev": 10004,
            "min": 1227,
            "p10": 1227,
            "p90": 22647,
            "p99": 22647,
            "max": 22647
          },
          "secureConnectionStart": {
            "median": 1245,
            "mean": 8108,
            "mdev": 5772.9033,
            "stddev": 9999,
            "min": 833,
            "p10": 833,
            "p90": 22247,
            "p99": 22247,
            "max": 22247
          },
          "startTime": {
            "median": 0,
            "mean": 0,
            "mdev": 0,
            "stddev": 0,
            "min": 0,
            "p10": 0,
            "p90": 0,
            "p99": 0,
            "max": 0
          },
          "unloadEventEnd": {
            "median": 0,
            "mean": 0,
            "mdev": 0,
            "stddev": 0,
            "min": 0,
            "p10": 0,
            "p90": 0,
            "p99": 0,
            "max": 0
          },
          "unloadEventStart": {
            "median": 0,
            "mean": 0,
            "mdev": 0,
            "stddev": 0,
            "min": 0,
            "p10": 0,
            "p90": 0,
            "p99": 0,
            "max": 0
          },
          "workerStart": {
            "median": 0,
            "mean": 0,
            "mdev": 0,
            "stddev": 0,
            "min": 0,
            "p10": 0,
            "p90": 0,
            "p99": 0,
            "max": 0
          }
        },
        "pageTimings": {
          "backEndTime": {
            "median": 1628,
            "mean": 8501,
            "mdev": 5775.9898,
            "stddev": 10004,
            "min": 1227,
            "p10": 1227,
            "p90": 22647,
            "p99": 22647,
            "max": 22647
          },
          "domContentLoadedTime": {
            "median": 4347,
            "mean": 11027,
            "mdev": 5748.8376,
            "stddev": 9957,
            "min": 3632,
            "p10": 3632,
            "p90": 25103,
            "p99": 25103,
            "max": 25103
          },
          "domInteractiveTime": {
            "median": 3814,
            "mean": 10503,
            "mdev": 5746.0967,
            "stddev": 9953,
            "min": 3122,
            "p10": 3122,
            "p90": 24572,
            "p99": 24572,
            "max": 24572
          },
          "domainLookupTime": {
            "median": 0,
            "mean": 7049,
            "mdev": 5755.7566,
            "stddev": 9969,
            "min": 0,
            "p10": 0,
            "p90": 21148,
            "p99": 21148,
            "max": 21148
          },
          "frontEndTime": {
            "median": 3920,
            "mean": 4344,
            "mdev": 373.8808,
            "stddev": 648,
            "min": 3853,
            "p10": 3853,
            "p90": 5259,
            "p99": 5259,
            "max": 5259
          },
          "pageDownloadTime": {
            "median": 0,
            "mean": 0,
            "mdev": 0,
            "stddev": 0,
            "min": 0,
            "p10": 0,
            "p90": 0,
            "p99": 0,
            "max": 0
          },
          "pageLoadTime": {
            "median": 6887,
            "mean": 12844,
            "mdev": 5589.985,
            "stddev": 9682,
            "min": 5146,
            "p10": 5146,
            "p90": 26500,
            "p99": 26500,
            "max": 26500
          },
          "redirectionTime": {
            "median": 879,
            "mean": 850,
            "mdev": 99.4664,
            "stddev": 172,
            "min": 626,
            "p10": 626,
            "p90": 1045,
            "p99": 1045,
            "max": 1045
          },
          "serverConnectionTime": {
            "median": 399,
            "mean": 399,
            "mdev": 4.4804,
            "stddev": 8,
            "min": 389,
            "p10": 389,
            "p90": 408,
            "p99": 408,
            "max": 408
          },
          "serverResponseTime": {
            "median": 170,
            "mean": 169,
            "mdev": 2.6247,
            "stddev": 5,
            "min": 163,
            "p10": 163,
            "p90": 174,
            "p99": 174,
            "max": 174
          }
        },
        "rumSpeedIndex": {
          "median": 1627,
          "mean": 8500,
          "mdev": 5776.2619,
          "stddev": 10005,
          "min": 1226,
          "p10": 1226,
          "p90": 22647,
          "p99": 22647,
          "max": 22647
        },
        "timeToContentfulPaint": {
          "median": 4323,
          "mean": 10997,
          "mdev": 5747.962,
          "stddev": 9956,
          "min": 3597,
          "p10": 3597,
          "p90": 25070,
          "p99": 25070,
          "max": 25070
        },
        "timeToDomContentFlushed": {
          "median": 4124,
          "mean": 10803,
          "mdev": 5745.2596,
          "stddev": 9951,
          "min": 3415,
          "p10": 3415,
          "p90": 24870,
          "p99": 24870,
          "max": 24870
        },
        "timeToFirstInteractive": {
          "median": 17433,
          "mean": 17433,
          "mdev": 6977.3762,
          "stddev": 9868,
          "min": 7565,
          "p10": 7565,
          "p90": 27300,
          "p99": 27300,
          "max": 27300
        }
      }
    }
  }
]