[
  {
    "info": {
      "browsertime": {
        "version": "8.4.0"
      },
      "url": "https://en.softonic.com/",
      "timestamp": "2021-03-30T23:04:49+04:00",
      "connectivity": {
        "engine": "external",
        "profile": "native"
      },
      "extra": {}
    },
    "files": {
      "video": [],
      "screenshot": [],
      "timeline": [],
      "consoleLog": [],
      "netLog": [],
      "perfLog": []
    },
    "cdp": {
      "performance": []
    },
    "timestamps": [
      "2021-03-30T23:04:34+04:00",
      "2021-03-30T23:04:55+04:00",
      "2021-03-30T23:05:23+04:00"
    ],
    "browserScripts": [
      {
        "browser": {
          "appConstants": {
            "ACCESSIBILITY": true,
            "ANDROID_PACKAGE_NAME": "org.mozilla.firefox",
            "ASAN": false,
            "ASAN_REPORTER": false,
            "BROWSER_CHROME_URL": "chrome://browser/content/browser.xul",
            "DEBUG": false,
            "DEBUG_JS_MODULES": "",
            "DLL_PREFIX": "lib",
            "DLL_SUFFIX": ".so",
            "EARLY_BETA_OR_EARLIER": false,
            "FENNEC_NIGHTLY": false,
            "HAVE_SHELL_SERVICE": false,
            "HAVE_USR_LIB64_DIR": false,
            "MENUBAR_CAN_AUTOHIDE": false,
            "MOZILLA_OFFICIAL": true,
            "MOZ_ALLOW_LEGACY_EXTENSIONS": false,
            "MOZ_ANDROID_ACTIVITY_STREAM": false,
            "MOZ_ANDROID_HISTORY": true,
            "MOZ_ANDROID_MOZILLA_ONLINE": false,
            "MOZ_APP_NAME": "fennec",
            "MOZ_APP_VERSION": "68.1.1",
            "MOZ_APP_VERSION_DISPLAY": "68.1.1",
            "MOZ_BING_API_CLIENTID": "no-bing-api-clientid",
            "MOZ_BING_API_KEY": "no-bing-api-key",
            "MOZ_BITS_DOWNLOAD": false,
            "MOZ_BUILD_APP": "mobile/android",
            "MOZ_CODE_COVERAGE": false,
            "MOZ_CRASHREPORTER": true,
            "MOZ_DATA_REPORTING": true,
            "MOZ_DEV_EDITION": false,
            "MOZ_GECKO_PROFILER": true,
            "MOZ_GOOGLE_LOCATION_SERVICE_API_KEY": "AIzaSyB2h2OuRcUgy5N-5hsZqiPW6sH3n_rptiQ",
            "MOZ_GOOGLE_SAFEBROWSING_API_KEY": "AIzaSyC7jsptDS3am4tPx4r3nxis7IMjBc5Dovo",
            "MOZ_GRAPHENE": false,
            "MOZ_MACBUNDLE_NAME": "Firefox.app",
            "MOZ_MAINTENANCE_SERVICE": false,
            "MOZ_MOZILLA_API_KEY": "3b4d27dd-703d-4094-8398-4de2c763505a",
            "MOZ_NEW_CERT_STORAGE": false,
            "MOZ_NEW_NOTIFICATION_STORE": false,
            "MOZ_NEW_XULSTORE": false,
            "MOZ_OFFICIAL_BRANDING": false,
            "MOZ_PLACES": false,
            "MOZ_REQUIRE_SIGNING": false,
            "MOZ_SANDBOX": false,
            "MOZ_SERVICES_HEALTHREPORT": true,
            "MOZ_SERVICES_SYNC": false,
            "MOZ_SWITCHBOARD": true,
            "MOZ_SYSTEM_NSS": false,
            "MOZ_TELEMETRY_ON_BY_DEFAULT": false,
            "MOZ_TELEMETRY_REPORTING": true,
            "MOZ_UNSIGNED_SCOPES": 0,
            "MOZ_UPDATER": false,
            "MOZ_UPDATE_CHANNEL": "release",
            "MOZ_WEBRTC": true,
            "MOZ_WIDGET_GTK": false,
            "MOZ_WIDGET_TOOLKIT": "android",
            "NIGHTLY_BUILD": false,
            "OMNIJAR_NAME": "assets/omni.ja",
            "RELEASE_OR_BETA": true,
            "SOURCE_REVISION_URL": "https://hg.mozilla.org/releases/mozilla-esr68/rev/d2e0b9e17b9bc1ef02606c8006b73293f7892ad5",
            "TELEMETRY_PING_FORMAT_VERSION": 4,
            "XP_UNIX": true,
            "isPlatformAndVersionAtLeast": {},
            "isPlatformAndVersionAtMost": {},
            "platform": "android"
          },
          "asyncAppConstants": {
            "ACCESSIBILITY": true,
            "ANDROID_PACKAGE_NAME": "org.mozilla.firefox",
            "ASAN": false,
            "ASAN_REPORTER": false,
            "BROWSER_CHROME_URL": "chrome://browser/content/browser.xul",
            "DEBUG": false,
            "DEBUG_JS_MODULES": "",
            "DLL_PREFIX": "lib",
            "DLL_SUFFIX": ".so",
            "EARLY_BETA_OR_EARLIER": false,
            "FENNEC_NIGHTLY": false,
            "HAVE_SHELL_SERVICE": false,
            "HAVE_USR_LIB64_DIR": false,
            "MENUBAR_CAN_AUTOHIDE": false,
            "MOZILLA_OFFICIAL": true,
            "MOZ_ALLOW_LEGACY_EXTENSIONS": false,
            "MOZ_ANDROID_ACTIVITY_STREAM": false,
            "MOZ_ANDROID_HISTORY": true,
            "MOZ_ANDROID_MOZILLA_ONLINE": false,
            "MOZ_APP_NAME": "fennec",
            "MOZ_APP_VERSION": "68.1.1",
            "MOZ_APP_VERSION_DISPLAY": "68.1.1",
            "MOZ_BING_API_CLIENTID": "no-bing-api-clientid",
            "MOZ_BING_API_KEY": "no-bing-api-key",
            "MOZ_BITS_DOWNLOAD": false,
            "MOZ_BUILD_APP": "mobile/android",
            "MOZ_CODE_COVERAGE": false,
            "MOZ_CRASHREPORTER": true,
            "MOZ_DATA_REPORTING": true,
            "MOZ_DEV_EDITION": false,
            "MOZ_GECKO_PROFILER": true,
            "MOZ_GOOGLE_LOCATION_SERVICE_API_KEY": "AIzaSyB2h2OuRcUgy5N-5hsZqiPW6sH3n_rptiQ",
            "MOZ_GOOGLE_SAFEBROWSING_API_KEY": "AIzaSyC7jsptDS3am4tPx4r3nxis7IMjBc5Dovo",
            "MOZ_GRAPHENE": false,
            "MOZ_MACBUNDLE_NAME": "Firefox.app",
            "MOZ_MAINTENANCE_SERVICE": false,
            "MOZ_MOZILLA_API_KEY": "3b4d27dd-703d-4094-8398-4de2c763505a",
            "MOZ_NEW_CERT_STORAGE": false,
            "MOZ_NEW_NOTIFICATION_STORE": false,
            "MOZ_NEW_XULSTORE": false,
            "MOZ_OFFICIAL_BRANDING": false,
            "MOZ_PLACES": false,
            "MOZ_REQUIRE_SIGNING": false,
            "MOZ_SANDBOX": false,
            "MOZ_SERVICES_HEALTHREPORT": true,
            "MOZ_SERVICES_SYNC": false,
            "MOZ_SWITCHBOARD": true,
            "MOZ_SYSTEM_NSS": false,
            "MOZ_TELEMETRY_ON_BY_DEFAULT": false,
            "MOZ_TELEMETRY_REPORTING": true,
            "MOZ_UNSIGNED_SCOPES": 0,
            "MOZ_UPDATER": false,
            "MOZ_UPDATE_CHANNEL": "release",
            "MOZ_WEBRTC": true,
            "MOZ_WIDGET_GTK": false,
            "MOZ_WIDGET_TOOLKIT": "android",
            "NIGHTLY_BUILD": false,
            "OMNIJAR_NAME": "assets/omni.ja",
            "RELEASE_OR_BETA": true,
            "SOURCE_REVISION_URL": "https://hg.mozilla.org/releases/mozilla-esr68/rev/d2e0b9e17b9bc1ef02606c8006b73293f7892ad5",
            "TELEMETRY_PING_FORMAT_VERSION": 4,
            "XP_UNIX": true,
            "isPlatformAndVersionAtLeast": {},
            "isPlatformAndVersionAtMost": {},
            "platform": "android"
          },
          "userAgent": "Mozilla/5.0 (Android 9; Mobile; rv:68.0) Gecko/68.0 Firefox/68.0",
          "windowSize": "360x612"
        },
        "pageinfo": {
          "documentHeight": 612,
          "documentSize": {
            "decodedBodySize": 504452,
            "encodedBodySize": 45244,
            "transferSize": 46033
          },
          "documentTitle": "App news and reviews, best software downloads and discovery - Softonic",
          "documentWidth": 360,
          "domElements": 4181,
          "navigationStartTime": 1617131074809,
          "nextHopProtocol": "h2",
          "resources": {
            "count": 0,
            "duration": 0
          },
          "responsive": true,
          "url": "https://en.softonic.com/",
          "visualElements": {
            "heroes": [
              {
                "filename": "xender-xender-icon.png",
                "height": 48,
                "name": "LargestImage",
                "width": 48,
                "x": 60,
                "y": 241
              },
              {
                "filename": null,
                "height": 54,
                "name": "Heading",
                "width": 336,
                "x": 12,
                "y": 54
              }
            ],
            "viewport": {
              "height": 612,
              "width": 360
            }
          }
        },
        "timings": {
          "firstPaint": 2116,
          "loadEventEnd": 7099,
          "navigationTiming": {
            "connectStart": 307,
            "domComplete": 7092,
            "domContentLoadedEventEnd": 2185,
            "domContentLoadedEventStart": 2176,
            "domInteractive": 1650,
            "domainLookupEnd": 305,
            "domainLookupStart": 305,
            "duration": 7099,
            "fetchStart": 2,
            "loadEventEnd": 7099,
            "loadEventStart": 7092,
            "redirectEnd": 0,
            "redirectStart": 0,
            "requestStart": 424,
            "responseEnd": 822,
            "responseStart": 796,
            "secureConnectionStart": 326,
            "startTime": 0,
            "unloadEventEnd": 0,
            "unloadEventStart": 0,
            "workerStart": 0
          },
          "pageTimings": {
            "backEndTime": 796,
            "domContentLoadedTime": 2176,
            "domInteractiveTime": 1650,
            "domainLookupTime": 0,
            "frontEndTime": 6270,
            "pageDownloadTime": 26,
            "pageLoadTime": 7092,
            "redirectionTime": 0,
            "serverConnectionTime": 115,
            "serverResponseTime": 398
          },
          "rumSpeedIndex": 796,
          "timeToContentfulPaint": 2271,
          "timeToDomContentFlushed": 1848,
          "userTimings": {
            "marks": [
              {
                "name": "loadStarteventUtils",
                "startTime": 2669.14
              },
              {
                "name": "loadEndeventUtils",
                "startTime": 2669.44
              },
              {
                "name": "loadStartpixelQueue",
                "startTime": 2669.58
              },
              {
                "name": "loadEndpixelQueue",
                "startTime": 2669.66
              },
              {
                "name": "gpt-tag-load",
                "startTime": 3462.7000000000003
              },
              {
                "name": "gpt-first-ad-request",
                "startTime": 5009.4800000000005
              },
              {
                "name": "gpt-first-ad-render",
                "startTime": 5710.26
              }
            ],
            "measures": [
              {
                "duration": 0.3000000000001819,
                "name": "lteu",
                "startTime": 2669.14
              },
              {
                "duration": 0.07999999999992724,
                "name": "ltpq",
                "startTime": 2669.58
              }
            ]
          }
        }
      },
      {
        "browser": {
          "appConstants": {
            "ACCESSIBILITY": true,
            "ANDROID_PACKAGE_NAME": "org.mozilla.firefox",
            "ASAN": false,
            "ASAN_REPORTER": false,
            "BROWSER_CHROME_URL": "chrome://browser/content/browser.xul",
            "DEBUG": false,
            "DEBUG_JS_MODULES": "",
            "DLL_PREFIX": "lib",
            "DLL_SUFFIX": ".so",
            "EARLY_BETA_OR_EARLIER": false,
            "FENNEC_NIGHTLY": false,
            "HAVE_SHELL_SERVICE": false,
            "HAVE_USR_LIB64_DIR": false,
            "MENUBAR_CAN_AUTOHIDE": false,
            "MOZILLA_OFFICIAL": true,
            "MOZ_ALLOW_LEGACY_EXTENSIONS": false,
            "MOZ_ANDROID_ACTIVITY_STREAM": false,
            "MOZ_ANDROID_HISTORY": true,
            "MOZ_ANDROID_MOZILLA_ONLINE": false,
            "MOZ_APP_NAME": "fennec",
            "MOZ_APP_VERSION": "68.1.1",
            "MOZ_APP_VERSION_DISPLAY": "68.1.1",
            "MOZ_BING_API_CLIENTID": "no-bing-api-clientid",
            "MOZ_BING_API_KEY": "no-bing-api-key",
            "MOZ_BITS_DOWNLOAD": false,
            "MOZ_BUILD_APP": "mobile/android",
            "MOZ_CODE_COVERAGE": false,
            "MOZ_CRASHREPORTER": true,
            "MOZ_DATA_REPORTING": true,
            "MOZ_DEV_EDITION": false,
            "MOZ_GECKO_PROFILER": true,
            "MOZ_GOOGLE_LOCATION_SERVICE_API_KEY": "AIzaSyB2h2OuRcUgy5N-5hsZqiPW6sH3n_rptiQ",
            "MOZ_GOOGLE_SAFEBROWSING_API_KEY": "AIzaSyC7jsptDS3am4tPx4r3nxis7IMjBc5Dovo",
            "MOZ_GRAPHENE": false,
            "MOZ_MACBUNDLE_NAME": "Firefox.app",
            "MOZ_MAINTENANCE_SERVICE": false,
            "MOZ_MOZILLA_API_KEY": "3b4d27dd-703d-4094-8398-4de2c763505a",
            "MOZ_NEW_CERT_STORAGE": false,
            "MOZ_NEW_NOTIFICATION_STORE": false,
            "MOZ_NEW_XULSTORE": false,
            "MOZ_OFFICIAL_BRANDING": false,
            "MOZ_PLACES": false,
            "MOZ_REQUIRE_SIGNING": false,
            "MOZ_SANDBOX": false,
            "MOZ_SERVICES_HEALTHREPORT": true,
            "MOZ_SERVICES_SYNC": false,
            "MOZ_SWITCHBOARD": true,
            "MOZ_SYSTEM_NSS": false,
            "MOZ_TELEMETRY_ON_BY_DEFAULT": false,
            "MOZ_TELEMETRY_REPORTING": true,
            "MOZ_UNSIGNED_SCOPES": 0,
            "MOZ_UPDATER": false,
            "MOZ_UPDATE_CHANNEL": "release",
            "MOZ_WEBRTC": true,
            "MOZ_WIDGET_GTK": false,
            "MOZ_WIDGET_TOOLKIT": "android",
            "NIGHTLY_BUILD": false,
            "OMNIJAR_NAME": "assets/omni.ja",
            "RELEASE_OR_BETA": true,
            "SOURCE_REVISION_URL": "https://hg.mozilla.org/releases/mozilla-esr68/rev/d2e0b9e17b9bc1ef02606c8006b73293f7892ad5",
            "TELEMETRY_PING_FORMAT_VERSION": 4,
            "XP_UNIX": true,
            "isPlatformAndVersionAtLeast": {},
            "isPlatformAndVersionAtMost": {},
            "platform": "android"
          },
          "asyncAppConstants": {
            "ACCESSIBILITY": true,
            "ANDROID_PACKAGE_NAME": "org.mozilla.firefox",
            "ASAN": false,
            "ASAN_REPORTER": false,
            "BROWSER_CHROME_URL": "chrome://browser/content/browser.xul",
            "DEBUG": false,
            "DEBUG_JS_MODULES": "",
            "DLL_PREFIX": "lib",
            "DLL_SUFFIX": ".so",
            "EARLY_BETA_OR_EARLIER": false,
            "FENNEC_NIGHTLY": false,
            "HAVE_SHELL_SERVICE": false,
            "HAVE_USR_LIB64_DIR": false,
            "MENUBAR_CAN_AUTOHIDE": false,
            "MOZILLA_OFFICIAL": true,
            "MOZ_ALLOW_LEGACY_EXTENSIONS": false,
            "MOZ_ANDROID_ACTIVITY_STREAM": false,
            "MOZ_ANDROID_HISTORY": true,
            "MOZ_ANDROID_MOZILLA_ONLINE": false,
            "MOZ_APP_NAME": "fennec",
            "MOZ_APP_VERSION": "68.1.1",
            "MOZ_APP_VERSION_DISPLAY": "68.1.1",
            "MOZ_BING_API_CLIENTID": "no-bing-api-clientid",
            "MOZ_BING_API_KEY": "no-bing-api-key",
            "MOZ_BITS_DOWNLOAD": false,
            "MOZ_BUILD_APP": "mobile/android",
            "MOZ_CODE_COVERAGE": false,
            "MOZ_CRASHREPORTER": true,
            "MOZ_DATA_REPORTING": true,
            "MOZ_DEV_EDITION": false,
            "MOZ_GECKO_PROFILER": true,
            "MOZ_GOOGLE_LOCATION_SERVICE_API_KEY": "AIzaSyB2h2OuRcUgy5N-5hsZqiPW6sH3n_rptiQ",
            "MOZ_GOOGLE_SAFEBROWSING_API_KEY": "AIzaSyC7jsptDS3am4tPx4r3nxis7IMjBc5Dovo",
            "MOZ_GRAPHENE": false,
            "MOZ_MACBUNDLE_NAME": "Firefox.app",
            "MOZ_MAINTENANCE_SERVICE": false,
            "MOZ_MOZILLA_API_KEY": "3b4d27dd-703d-4094-8398-4de2c763505a",
            "MOZ_NEW_CERT_STORAGE": false,
            "MOZ_NEW_NOTIFICATION_STORE": false,
            "MOZ_NEW_XULSTORE": false,
            "MOZ_OFFICIAL_BRANDING": false,
            "MOZ_PLACES": false,
            "MOZ_REQUIRE_SIGNING": false,
            "MOZ_SANDBOX": false,
            "MOZ_SERVICES_HEALTHREPORT": true,
            "MOZ_SERVICES_SYNC": false,
            "MOZ_SWITCHBOARD": true,
            "MOZ_SYSTEM_NSS": false,
            "MOZ_TELEMETRY_ON_BY_DEFAULT": false,
            "MOZ_TELEMETRY_REPORTING": true,
            "MOZ_UNSIGNED_SCOPES": 0,
            "MOZ_UPDATER": false,
            "MOZ_UPDATE_CHANNEL": "release",
            "MOZ_WEBRTC": true,
            "MOZ_WIDGET_GTK": false,
            "MOZ_WIDGET_TOOLKIT": "android",
            "NIGHTLY_BUILD": false,
            "OMNIJAR_NAME": "assets/omni.ja",
            "RELEASE_OR_BETA": true,
            "SOURCE_REVISION_URL": "https://hg.mozilla.org/releases/mozilla-esr68/rev/d2e0b9e17b9bc1ef02606c8006b73293f7892ad5",
            "TELEMETRY_PING_FORMAT_VERSION": 4,
            "XP_UNIX": true,
            "isPlatformAndVersionAtLeast": {},
            "isPlatformAndVersionAtMost": {},
            "platform": "android"
          },
          "userAgent": "Mozilla/5.0 (Android 9; Mobile; rv:68.0) Gecko/68.0 Firefox/68.0",
          "windowSize": "360x612"
        },
        "pageinfo": {
          "documentHeight": 612,
          "documentSize": {
            "decodedBodySize": 504451,
            "encodedBodySize": 45237,
            "transferSize": 46026
          },
          "documentTitle": "App news and reviews, best software downloads and discovery - Softonic",
          "documentWidth": 360,
          "domElements": 4181,
          "navigationStartTime": 1617131096092,
          "nextHopProtocol": "h2",
          "resources": {
            "count": 0,
            "duration": 0
          },
          "responsive": true,
          "url": "https://en.softonic.com/",
          "visualElements": {
            "heroes": [
              {
                "filename": "xender-xender-icon.png",
                "height": 48,
                "name": "LargestImage",
                "width": 48,
                "x": 60,
                "y": 241
              },
              {
                "filename": null,
                "height": 54,
                "name": "Heading",
                "width": 336,
                "x": 12,
                "y": 54
              }
            ],
            "viewport": {
              "height": 612,
              "width": 360
            }
          }
        },
        "timings": {
          "firstPaint": 1840,
          "loadEventEnd": 14653,
          "navigationTiming": {
            "connectStart": 114,
            "domComplete": 14619,
            "domContentLoadedEventEnd": 1890,
            "domContentLoadedEventStart": 1882,
            "domInteractive": 1396,
            "domainLookupEnd": 114,
            "domainLookupStart": 114,
            "duration": 14653,
            "fetchStart": 2,
            "loadEventEnd": 14653,
            "loadEventStart": 14620,
            "redirectEnd": 0,
            "redirectStart": 0,
            "requestStart": 201,
            "responseEnd": 520,
            "responseStart": 489,
            "secureConnectionStart": 124,
            "startTime": 0,
            "unloadEventEnd": 0,
            "unloadEventStart": 0,
            "workerStart": 0
          },
          "pageTimings": {
            "backEndTime": 489,
            "domContentLoadedTime": 1882,
            "domInteractiveTime": 1396,
            "domainLookupTime": 0,
            "frontEndTime": 14099,
            "pageDownloadTime": 31,
            "pageLoadTime": 14620,
            "redirectionTime": 0,
            "serverConnectionTime": 85,
            "serverResponseTime": 319
          },
          "rumSpeedIndex": 489,
          "timeToContentfulPaint": 1988,
          "timeToDomContentFlushed": 1592,
          "userTimings": {
            "marks": [
              {
                "name": "loadStarteventUtils",
                "startTime": 2438.3
              },
              {
                "name": "loadEndeventUtils",
                "startTime": 2438.56
              },
              {
                "name": "loadStartpixelQueue",
                "startTime": 2438.68
              },
              {
                "name": "loadEndpixelQueue",
                "startTime": 2438.74
              },
              {
                "name": "gpt-tag-load",
                "startTime": 3365.42
              },
              {
                "name": "gpt-first-ad-request",
                "startTime": 4639.900000000001
              },
              {
                "name": "gpt-first-ad-render",
                "startTime": 5409.84
              }
            ],
            "measures": [
              {
                "duration": 0.25999999999976353,
                "name": "lteu",
                "startTime": 2438.3
              },
              {
                "duration": 0.06000000000040018,
                "name": "ltpq",
                "startTime": 2438.68
              }
            ]
          }
        }
      },
      {
        "browser": {
          "appConstants": {
            "ACCESSIBILITY": true,
            "ANDROID_PACKAGE_NAME": "org.mozilla.firefox",
            "ASAN": false,
            "ASAN_REPORTER": false,
            "BROWSER_CHROME_URL": "chrome://browser/content/browser.xul",
            "DEBUG": false,
            "DEBUG_JS_MODULES": "",
            "DLL_PREFIX": "lib",
            "DLL_SUFFIX": ".so",
            "EARLY_BETA_OR_EARLIER": false,
            "FENNEC_NIGHTLY": false,
            "HAVE_SHELL_SERVICE": false,
            "HAVE_USR_LIB64_DIR": false,
            "MENUBAR_CAN_AUTOHIDE": false,
            "MOZILLA_OFFICIAL": true,
            "MOZ_ALLOW_LEGACY_EXTENSIONS": false,
            "MOZ_ANDROID_ACTIVITY_STREAM": false,
            "MOZ_ANDROID_HISTORY": true,
            "MOZ_ANDROID_MOZILLA_ONLINE": false,
            "MOZ_APP_NAME": "fennec",
            "MOZ_APP_VERSION": "68.1.1",
            "MOZ_APP_VERSION_DISPLAY": "68.1.1",
            "MOZ_BING_API_CLIENTID": "no-bing-api-clientid",
            "MOZ_BING_API_KEY": "no-bing-api-key",
            "MOZ_BITS_DOWNLOAD": false,
            "MOZ_BUILD_APP": "mobile/android",
            "MOZ_CODE_COVERAGE": false,
            "MOZ_CRASHREPORTER": true,
            "MOZ_DATA_REPORTING": true,
            "MOZ_DEV_EDITION": false,
            "MOZ_GECKO_PROFILER": true,
            "MOZ_GOOGLE_LOCATION_SERVICE_API_KEY": "AIzaSyB2h2OuRcUgy5N-5hsZqiPW6sH3n_rptiQ",
            "MOZ_GOOGLE_SAFEBROWSING_API_KEY": "AIzaSyC7jsptDS3am4tPx4r3nxis7IMjBc5Dovo",
            "MOZ_GRAPHENE": false,
            "MOZ_MACBUNDLE_NAME": "Firefox.app",
            "MOZ_MAINTENANCE_SERVICE": false,
            "MOZ_MOZILLA_API_KEY": "3b4d27dd-703d-4094-8398-4de2c763505a",
            "MOZ_NEW_CERT_STORAGE": false,
            "MOZ_NEW_NOTIFICATION_STORE": false,
            "MOZ_NEW_XULSTORE": false,
            "MOZ_OFFICIAL_BRANDING": false,
            "MOZ_PLACES": false,
            "MOZ_REQUIRE_SIGNING": false,
            "MOZ_SANDBOX": false,
            "MOZ_SERVICES_HEALTHREPORT": true,
            "MOZ_SERVICES_SYNC": false,
            "MOZ_SWITCHBOARD": true,
            "MOZ_SYSTEM_NSS": false,
            "MOZ_TELEMETRY_ON_BY_DEFAULT": false,
            "MOZ_TELEMETRY_REPORTING": true,
            "MOZ_UNSIGNED_SCOPES": 0,
            "MOZ_UPDATER": false,
            "MOZ_UPDATE_CHANNEL": "release",
            "MOZ_WEBRTC": true,
            "MOZ_WIDGET_GTK": false,
            "MOZ_WIDGET_TOOLKIT": "android",
            "NIGHTLY_BUILD": false,
            "OMNIJAR_NAME": "assets/omni.ja",
            "RELEASE_OR_BETA": true,
            "SOURCE_REVISION_URL": "https://hg.mozilla.org/releases/mozilla-esr68/rev/d2e0b9e17b9bc1ef02606c8006b73293f7892ad5",
            "TELEMETRY_PING_FORMAT_VERSION": 4,
            "XP_UNIX": true,
            "isPlatformAndVersionAtLeast": {},
            "isPlatformAndVersionAtMost": {},
            "platform": "android"
          },
          "asyncAppConstants": {
            "ACCESSIBILITY": true,
            "ANDROID_PACKAGE_NAME": "org.mozilla.firefox",
            "ASAN": false,
            "ASAN_REPORTER": false,
            "BROWSER_CHROME_URL": "chrome://browser/content/browser.xul",
            "DEBUG": false,
            "DEBUG_JS_MODULES": "",
            "DLL_PREFIX": "lib",
            "DLL_SUFFIX": ".so",
            "EARLY_BETA_OR_EARLIER": false,
            "FENNEC_NIGHTLY": false,
            "HAVE_SHELL_SERVICE": false,
            "HAVE_USR_LIB64_DIR": false,
            "MENUBAR_CAN_AUTOHIDE": false,
            "MOZILLA_OFFICIAL": true,
            "MOZ_ALLOW_LEGACY_EXTENSIONS": false,
            "MOZ_ANDROID_ACTIVITY_STREAM": false,
            "MOZ_ANDROID_HISTORY": true,
            "MOZ_ANDROID_MOZILLA_ONLINE": false,
            "MOZ_APP_NAME": "fennec",
            "MOZ_APP_VERSION": "68.1.1",
            "MOZ_APP_VERSION_DISPLAY": "68.1.1",
            "MOZ_BING_API_CLIENTID": "no-bing-api-clientid",
            "MOZ_BING_API_KEY": "no-bing-api-key",
            "MOZ_BITS_DOWNLOAD": false,
            "MOZ_BUILD_APP": "mobile/android",
            "MOZ_CODE_COVERAGE": false,
            "MOZ_CRASHREPORTER": true,
            "MOZ_DATA_REPORTING": true,
            "MOZ_DEV_EDITION": false,
            "MOZ_GECKO_PROFILER": true,
            "MOZ_GOOGLE_LOCATION_SERVICE_API_KEY": "AIzaSyB2h2OuRcUgy5N-5hsZqiPW6sH3n_rptiQ",
            "MOZ_GOOGLE_SAFEBROWSING_API_KEY": "AIzaSyC7jsptDS3am4tPx4r3nxis7IMjBc5Dovo",
            "MOZ_GRAPHENE": false,
            "MOZ_MACBUNDLE_NAME": "Firefox.app",
            "MOZ_MAINTENANCE_SERVICE": false,
            "MOZ_MOZILLA_API_KEY": "3b4d27dd-703d-4094-8398-4de2c763505a",
            "MOZ_NEW_CERT_STORAGE": false,
            "MOZ_NEW_NOTIFICATION_STORE": false,
            "MOZ_NEW_XULSTORE": false,
            "MOZ_OFFICIAL_BRANDING": false,
            "MOZ_PLACES": false,
            "MOZ_REQUIRE_SIGNING": false,
            "MOZ_SANDBOX": false,
            "MOZ_SERVICES_HEALTHREPORT": true,
            "MOZ_SERVICES_SYNC": false,
            "MOZ_SWITCHBOARD": true,
            "MOZ_SYSTEM_NSS": false,
            "MOZ_TELEMETRY_ON_BY_DEFAULT": false,
            "MOZ_TELEMETRY_REPORTING": true,
            "MOZ_UNSIGNED_SCOPES": 0,
            "MOZ_UPDATER": false,
            "MOZ_UPDATE_CHANNEL": "release",
            "MOZ_WEBRTC": true,
            "MOZ_WIDGET_GTK": false,
            "MOZ_WIDGET_TOOLKIT": "android",
            "NIGHTLY_BUILD": false,
            "OMNIJAR_NAME": "assets/omni.ja",
            "RELEASE_OR_BETA": true,
            "SOURCE_REVISION_URL": "https://hg.mozilla.org/releases/mozilla-esr68/rev/d2e0b9e17b9bc1ef02606c8006b73293f7892ad5",
            "TELEMETRY_PING_FORMAT_VERSION": 4,
            "XP_UNIX": true,
            "isPlatformAndVersionAtLeast": {},
            "isPlatformAndVersionAtMost": {},
            "platform": "android"
          },
          "userAgent": "Mozilla/5.0 (Android 9; Mobile; rv:68.0) Gecko/68.0 Firefox/68.0",
          "windowSize": "360x612"
        },
        "pageinfo": {
          "documentHeight": 612,
          "documentSize": {
            "decodedBodySize": 504451,
            "encodedBodySize": 45231,
            "transferSize": 46020
          },
          "documentTitle": "App news and reviews, best software downloads and discovery - Softonic",
          "documentWidth": 360,
          "domElements": 4181,
          "navigationStartTime": 1617131124192,
          "nextHopProtocol": "h2",
          "resources": {
            "count": 0,
            "duration": 0
          },
          "responsive": true,
          "url": "https://en.softonic.com/",
          "visualElements": {
            "heroes": [
              {
                "filename": "xender-xender-icon.png",
                "height": 48,
                "name": "LargestImage",
                "width": 48,
                "x": 60,
                "y": 241
              },
              {
                "filename": null,
                "height": 54,
                "name": "Heading",
                "width": 336,
                "x": 12,
                "y": 54
              }
            ],
            "viewport": {
              "height": 612,
              "width": 360
            }
          }
        },
        "timings": {
          "firstPaint": 1393,
          "loadEventEnd": 6322,
          "navigationTiming": {
            "connectStart": 40,
            "domComplete": 6313,
            "domContentLoadedEventEnd": 1680,
            "domContentLoadedEventStart": 1672,
            "domInteractive": 1171,
            "domainLookupEnd": 40,
            "domainLookupStart": 39,
            "duration": 6322,
            "fetchStart": 2,
            "loadEventEnd": 6322,
            "loadEventStart": 6313,
            "redirectEnd": 0,
            "redirectStart": 0,
            "requestStart": 140,
            "responseEnd": 396,
            "responseStart": 375,
            "secureConnectionStart": 55,
            "startTime": 0,
            "unloadEventEnd": 0,
            "unloadEventStart": 0,
            "workerStart": 0
          },
          "pageTimings": {
            "backEndTime": 375,
            "domContentLoadedTime": 1672,
            "domInteractiveTime": 1171,
            "domainLookupTime": 0,
            "frontEndTime": 5917,
            "pageDownloadTime": 21,
            "pageLoadTime": 6313,
            "redirectionTime": 0,
            "serverConnectionTime": 97,
            "serverResponseTime": 256
          },
          "rumSpeedIndex": 375,
          "timeToContentfulPaint": 1527,
          "timeToDomContentFlushed": 1376,
          "userTimings": {
            "marks": [
              {
                "name": "loadStarteventUtils",
                "startTime": 2104.64
              },
              {
                "name": "loadEndeventUtils",
                "startTime": 2104.92
              },
              {
                "name": "loadStartpixelQueue",
                "startTime": 2105.06
              },
              {
                "name": "loadEndpixelQueue",
                "startTime": 2105.16
              },
              {
                "name": "gpt-tag-load",
                "startTime": 2905.62
              },
              {
                "name": "gpt-first-ad-request",
                "startTime": 4414.32
              },
              {
                "name": "gpt-first-ad-render",
                "startTime": 5171.68
              }
            ],
            "measures": [
              {
                "duration": 0.2800000000002001,
                "name": "lteu",
                "startTime": 2104.64
              },
              {
                "duration": 0.09999999999990904,
                "name": "ltpq",
                "startTime": 2105.06
              }
            ]
          }
        }
      }
    ],
    "visualMetrics": [],
    "cpu": [],
    "extras": [
      {},
      {},
      {}
    ],
    "fullyLoaded": [],
    "errors": [
      [],
      [],
      []
    ],
    "statistics": {
      "browser": {
        "appConstants": {
          "MOZ_UNSIGNED_SCOPES": {
            "median": 0,
            "mean": 0,
            "mdev": 0,
            "stddev": 0,
            "min": 0,
            "p10": 0,
            "p90": 0,
            "p99": 0,
            "max": 0
          },
          "TELEMETRY_PING_FORMAT_VERSION": {
            "median": 4,
            "mean": 4,
            "mdev": 0,
            "stddev": 0,
            "min": 4,
            "p10": 4,
            "p90": 4,
            "p99": 4,
            "max": 4
          }
        },
        "asyncAppConstants": {
          "MOZ_UNSIGNED_SCOPES": {
            "median": 0,
            "mean": 0,
            "mdev": 0,
            "stddev": 0,
            "min": 0,
            "p10": 0,
            "p90": 0,
            "p99": 0,
            "max": 0
          },
          "TELEMETRY_PING_FORMAT_VERSION": {
            "median": 4,
            "mean": 4,
            "mdev": 0,
            "stddev": 0,
            "min": 4,
            "p10": 4,
            "p90": 4,
            "p99": 4,
            "max": 4
          }
        }
      },
      "pageinfo": {
        "documentHeight": {
          "median": 612,
          "mean": 612,
          "mdev": 0,
          "stddev": 0,
          "min": 612,
          "p10": 612,
          "p90": 612,
          "p99": 612,
          "max": 612
        },
        "documentSize": {
          "decodedBodySize": {
            "median": 504451,
            "mean": 504451,
            "mdev": 0.2722,
            "stddev": 0,
            "min": 504451,
            "p10": 504451,
            "p90": 504452,
            "p99": 504452,
            "max": 504452
          },
          "encodedBodySize": {
            "median": 45237,
            "mean": 45237,
            "mdev": 3.0671,
            "stddev": 5,
            "min": 45231,
            "p10": 45231,
            "p90": 45244,
            "p99": 45244,
            "max": 45244
          },
          "transferSize": {
            "median": 46026,
            "mean": 46026,
            "mdev": 3.0671,
            "stddev": 5,
            "min": 46020,
            "p10": 46020,
            "p90": 46033,
            "p99": 46033,
            "max": 46033
          }
        },
        "documentWidth": {
          "median": 360,
          "mean": 360,
          "mdev": 0,
          "stddev": 0,
          "min": 360,
          "p10": 360,
          "p90": 360,
          "p99": 360,
          "max": 360
        },
        "domElements": {
          "median": 4181,
          "mean": 4181,
          "mdev": 0,
          "stddev": 0,
          "min": 4181,
          "p10": 4181,
          "p90": 4181,
          "p99": 4181,
          "max": 4181
        },
        "navigationStartTime": {
          "median": 1617131096092,
          "mean": 1617131098364,
          "mdev": 0,
          "stddev": 0,
          "min": 1617131074809,
          "p10": 1617131074809,
          "p90": 1617131124192,
          "p99": 1617131124192,
          "max": 1617131124192
        },
        "resources": {
          "count": {
            "median": 0,
            "mean": 0,
            "mdev": 0,
            "stddev": 0,
            "min": 0,
            "p10": 0,
            "p90": 0,
            "p99": 0,
            "max": 0
          },
          "duration": {
            "median": 0,
            "mean": 0,
            "mdev": 0,
            "stddev": 0,
            "min": 0,
            "p10": 0,
            "p90": 0,
            "p99": 0,
            "max": 0
          }
        },
        "visualElements": {
          "heroes": [
            {
              "height": {
                "median": 48,
                "mean": 48,
                "mdev": 0,
                "stddev": 0,
                "min": 48,
                "p10": 48,
                "p90": 48,
                "p99": 48,
                "max": 48
              },
              "width": {
                "median": 48,
                "mean": 48,
                "mdev": 0,
                "stddev": 0,
                "min": 48,
                "p10": 48,
                "p90": 48,
                "p99": 48,
                "max": 48
              },
              "x": {
                "median": 60,
                "mean": 60,
                "mdev": 0,
                "stddev": 0,
                "min": 60,
                "p10": 60,
                "p90": 60,
                "p99": 60,
                "max": 60
              },
              "y": {
                "median": 241,
                "mean": 241,
                "mdev": 0,
                "stddev": 0,
                "min": 241,
                "p10": 241,
                "p90": 241,
                "p99": 241,
                "max": 241
              }
            },
            {
              "height": {
                "median": 54,
                "mean": 54,
                "mdev": 0,
                "stddev": 0,
                "min": 54,
                "p10": 54,
                "p90": 54,
                "p99": 54,
                "max": 54
              },
              "width": {
                "median": 336,
                "mean": 336,
                "mdev": 0,
                "stddev": 0,
                "min": 336,
                "p10": 336,
                "p90": 336,
                "p99": 336,
                "max": 336
              },
              "x": {
                "median": 12,
                "mean": 12,
                "mdev": 0,
                "stddev": 0,
                "min": 12,
                "p10": 12,
                "p90": 12,
                "p99": 12,
                "max": 12
              },
              "y": {
                "median": 54,
                "mean": 54,
                "mdev": 0,
                "stddev": 0,
                "min": 54,
                "p10": 54,
                "p90": 54,
                "p99": 54,
                "max": 54
              }
            }
          ],
          "viewport": {
            "height": {
              "median": 612,
              "mean": 612,
              "mdev": 0,
              "stddev": 0,
              "min": 612,
              "p10": 612,
              "p90": 612,
              "p99": 612,
              "max": 612
            },
            "width": {
              "median": 360,
              "mean": 360,
              "mdev": 0,
              "stddev": 0,
              "min": 360,
              "p10": 360,
              "p90": 360,
              "p99": 360,
              "max": 360
            }
          }
        }
      },
      "timings": {
        "firstPaint": {
          "median": 1840,
          "mean": 1783,
          "mdev": 171.9942,
          "stddev": 298,
          "min": 1393,
          "p10": 1393,
          "p90": 2116,
          "p99": 2116,
          "max": 2116
        },
        "loadEventEnd": {
          "median": 7099,
          "mean": 9358,
          "mdev": 2169.4188,
          "stddev": 3758,
          "min": 6322,
          "p10": 6322,
          "p90": 14653,
          "p99": 14653,
          "max": 14653
        },
        "navigationTiming": {
          "connectStart": {
            "median": 114,
            "mean": 154,
            "mdev": 64.9826,
            "stddev": 113,
            "min": 40,
            "p10": 40,
            "p90": 307,
            "p99": 307,
            "max": 307
          },
          "domComplete": {
            "median": 7092,
            "mean": 9341,
            "mdev": 2162.4078,
            "stddev": 3745,
            "min": 6313,
            "p10": 6313,
            "p90": 14619,
            "p99": 14619,
            "max": 14619
          },
          "domContentLoadedEventEnd": {
            "median": 1890,
            "mean": 1918,
            "mdev": 119.5904,
            "stddev": 207,
            "min": 1680,
            "p10": 1680,
            "p90": 2185,
            "p99": 2185,
            "max": 2185
          },
          "domContentLoadedEventStart": {
            "median": 1882,
            "mean": 1910,
            "mdev": 119.3426,
            "stddev": 207,
            "min": 1672,
            "p10": 1672,
            "p90": 2176,
            "p99": 2176,
            "max": 2176
          },
          "domInteractive": {
            "median": 1396,
            "mean": 1406,
            "mdev": 112.9703,
            "stddev": 196,
            "min": 1171,
            "p10": 1171,
            "p90": 1650,
            "p99": 1650,
            "max": 1650
          },
          "domainLookupEnd": {
            "median": 114,
            "mean": 153,
            "mdev": 64.4584,
            "stddev": 112,
            "min": 40,
            "p10": 40,
            "p90": 305,
            "p99": 305,
            "max": 305
          },
          "domainLookupStart": {
            "median": 114,
            "mean": 153,
            "mdev": 64.6535,
            "stddev": 112,
            "min": 39,
            "p10": 39,
            "p90": 305,
            "p99": 305,
            "max": 305
          },
          "duration": {
            "median": 7099,
            "mean": 9358,
            "mdev": 2169.4188,
            "stddev": 3758,
            "min": 6322,
            "p10": 6322,
            "p90": 14653,
            "p99": 14653,
            "max": 14653
          },
          "fetchStart": {
            "median": 2,
            "mean": 2,
            "mdev": 0,
            "stddev": 0,
            "min": 2,
            "p10": 2,
            "p90": 2,
            "p99": 2,
            "max": 2
          },
          "loadEventEnd": {
            "median": 7099,
            "mean": 9358,
            "mdev": 2169.4188,
            "stddev": 3758,
            "min": 6322,
            "p10": 6322,
            "p90": 14653,
            "p99": 14653,
            "max": 14653
          },
          "loadEventStart": {
            "median": 7092,
            "mean": 9342,
            "mdev": 2162.679,
            "stddev": 3746,
            "min": 6313,
            "p10": 6313,
            "p90": 14620,
            "p99": 14620,
            "max": 14620
          },
          "redirectEnd": {
            "median": 0,
            "mean": 0,
            "mdev": 0,
            "stddev": 0,
            "min": 0,
            "p10": 0,
            "p90": 0,
            "p99": 0,
            "max": 0
          },
          "redirectStart": {
            "median": 0,
            "mean": 0,
            "mdev": 0,
            "stddev": 0,
            "min": 0,
            "p10": 0,
            "p90": 0,
            "p99": 0,
            "max": 0
          },
          "requestStart": {
            "median": 201,
            "mean": 255,
            "mdev": 70.4762,
            "stddev": 122,
            "min": 140,
            "p10": 140,
            "p90": 424,
            "p99": 424,
            "max": 424
          },
          "responseEnd": {
            "median": 520,
            "mean": 579,
            "mdev": 103.2896,
            "stddev": 179,
            "min": 396,
            "p10": 396,
            "p90": 822,
            "p99": 822,
            "max": 822
          },
          "responseStart": {
            "median": 489,
            "mean": 553,
            "mdev": 102.6475,
            "stddev": 178,
            "min": 375,
            "p10": 375,
            "p90": 796,
            "p99": 796,
            "max": 796
          },
          "secureConnectionStart": {
            "median": 124,
            "mean": 168,
            "mdev": 66.39,
            "stddev": 115,
            "min": 55,
            "p10": 55,
            "p90": 326,
            "p99": 326,
            "max": 326
          },
          "startTime": {
            "median": 0,
            "mean": 0,
            "mdev": 0,
            "stddev": 0,
            "min": 0,
            "p10": 0,
            "p90": 0,
            "p99": 0,
            "max": 0
          },
          "unloadEventEnd": {
            "median": 0,
            "mean": 0,
            "mdev": 0,
            "stddev": 0,
            "min": 0,
            "p10": 0,
            "p90": 0,
            "p99": 0,
            "max": 0
          },
          "unloadEventStart": {
            "median": 0,
            "mean": 0,
            "mdev": 0,
            "stddev": 0,
            "min": 0,
            "p10": 0,
            "p90": 0,
            "p99": 0,
            "max": 0
          },
          "workerStart": {
            "median": 0,
            "mean": 0,
            "mdev": 0,
            "stddev": 0,
            "min": 0,
            "p10": 0,
            "p90": 0,
            "p99": 0,
            "max": 0
          }
        },
        "pageTimings": {
          "backEndTime": {
            "median": 489,
            "mean": 553,
            "mdev": 102.6475,
            "stddev": 178,
            "min": 375,
            "p10": 375,
            "p90": 796,
            "p99": 796,
            "max": 796
          },
          "domContentLoadedTime": {
            "median": 1882,
            "mean": 1910,
            "mdev": 119.3426,
            "stddev": 207,
            "min": 1672,
            "p10": 1672,
            "p90": 2176,
            "p99": 2176,
            "max": 2176
          },
          "domInteractiveTime": {
            "median": 1396,
            "mean": 1406,
            "mdev": 112.9703,
            "stddev": 196,
            "min": 1171,
            "p10": 1171,
            "p90": 1650,
            "p99": 1650,
            "max": 1650
          },
          "domainLookupTime": {
            "median": 0,
            "mean": 0,
            "mdev": 0,
            "stddev": 0,
            "min": 0,
            "p10": 0,
            "p90": 0,
            "p99": 0,
            "max": 0
          },
          "frontEndTime": {
            "median": 6270,
            "mean": 8762,
            "mdev": 2180.4092,
            "stddev": 3777,
            "min": 5917,
            "p10": 5917,
            "p90": 14099,
            "p99": 14099,
            "max": 14099
          },
          "pageDownloadTime": {
            "median": 26,
            "mean": 26,
            "mdev": 2.357,
            "stddev": 4,
            "min": 21,
            "p10": 21,
            "p90": 31,
            "p99": 31,
            "max": 31
          },
          "pageLoadTime": {
            "median": 7092,
            "mean": 9342,
            "mdev": 2162.679,
            "stddev": 3746,
            "min": 6313,
            "p10": 6313,
            "p90": 14620,
            "p99": 14620,
            "max": 14620
          },
          "redirectionTime": {
            "median": 0,
            "mean": 0,
            "mdev": 0,
            "stddev": 0,
            "min": 0,
            "p10": 0,
            "p90": 0,
            "p99": 0,
            "max": 0
          },
          "serverConnectionTime": {
            "median": 97,
            "mean": 99,
            "mdev": 7.1181,
            "stddev": 12,
            "min": 85,
            "p10": 85,
            "p90": 115,
            "p99": 115,
            "max": 115
          },
          "serverResponseTime": {
            "median": 319,
            "mean": 324,
            "mdev": 33.5405,
            "stddev": 58,
            "min": 256,
            "p10": 256,
            "p90": 398,
            "p99": 398,
            "max": 398
          }
        },
        "rumSpeedIndex": {
          "median": 489,
          "mean": 553,
          "mdev": 102.6475,
          "stddev": 178,
          "min": 375,
          "p10": 375,
          "p90": 796,
          "p99": 796,
          "max": 796
        },
        "timeToContentfulPaint": {
          "median": 1988,
          "mean": 1929,
          "mdev": 177.0275,
          "stddev": 307,
          "min": 1527,
          "p10": 1527,
          "p90": 2271,
          "p99": 2271,
          "max": 2271
        },
        "timeToDomContentFlushed": {
          "median": 1592,
          "mean": 1605,
          "mdev": 111.3846,
          "stddev": 193,
          "min": 1376,
          "p10": 1376,
          "p90": 1848,
          "p99": 1848,
          "max": 1848
        },
        "userTimings": {
          "marks": {
            "loadStarteventUtils": {
              "median": 2438,
              "mean": 2404,
              "mdev": 133.7876,
              "stddev": 232,
              "min": 2105,
              "p10": 2105,
              "p90": 2669,
              "p99": 2669,
              "max": 2669
            },
            "loadEndeventUtils": {
              "median": 2439,
              "mean": 2404,
              "mdev": 133.7914,
              "stddev": 232,
              "min": 2105,
              "p10": 2105,
              "p90": 2669,
              "p99": 2669,
              "max": 2669
            },
            "loadStartpixelQueue": {
              "median": 2439,
              "mean": 2404,
              "mdev": 133.7909,
              "stddev": 232,
              "min": 2105,
              "p10": 2105,
              "p90": 2670,
              "p99": 2670,
              "max": 2670
            },
            "loadEndpixelQueue": {
              "median": 2439,
              "mean": 2405,
              "mdev": 133.7853,
              "stddev": 232,
              "min": 2105,
              "p10": 2105,
              "p90": 2670,
              "p99": 2670,
              "max": 2670
            },
            "gpt-tag-load": {
              "median": 3365,
              "mean": 3245,
              "mdev": 140.2666,
              "stddev": 243,
              "min": 2906,
              "p10": 2906,
              "p90": 3463,
              "p99": 3463,
              "max": 3463
            },
            "gpt-first-ad-request": {
              "median": 4640,
              "mean": 4688,
              "mdev": 141.6426,
              "stddev": 245,
              "min": 4414,
              "p10": 4414,
              "p90": 5009,
              "p99": 5009,
              "max": 5009
            },
            "gpt-first-ad-render": {
              "median": 5410,
              "mean": 5431,
              "mdev": 127.2269,
              "stddev": 220,
              "min": 5172,
              "p10": 5172,
              "p90": 5710,
              "p99": 5710,
              "max": 5710
            }
          },
          "measures": {
            "lteu": {
              "median": 0,
              "mean": 0,
              "mdev": 0.0094,
              "stddev": 0,
              "min": 0,
              "p10": 0,
              "p90": 0,
              "p99": 0,
              "max": 0
            },
            "ltpq": {
              "median": 0,
              "mean": 0,
              "mdev": 0.0094,
              "stddev": 0,
              "min": 0,
              "p10": 0,
              "p90": 0,
              "p99": 0,
              "max": 0
            }
          }
        }
      }
    }
  }
]