[
  {
    "info": {
      "browsertime": {
        "version": "8.4.0"
      },
      "url": "https://aws.amazon.com/",
      "timestamp": "2021-03-30T20:16:59+04:00",
      "connectivity": {
        "engine": "external",
        "profile": "native"
      },
      "extra": {}
    },
    "files": {
      "video": [],
      "screenshot": [],
      "timeline": [],
      "consoleLog": [],
      "netLog": [],
      "perfLog": []
    },
    "cdp": {
      "performance": []
    },
    "timestamps": [
      "2021-03-30T20:16:28+04:00",
      "2021-03-30T20:17:05+04:00",
      "2021-03-30T20:17:36+04:00"
    ],
    "browserScripts": [
      {
        "browser": {
          "appConstants": {
            "ACCESSIBILITY": true,
            "ANDROID_PACKAGE_NAME": "org.mozilla.firefox",
            "ASAN": false,
            "ASAN_REPORTER": false,
            "BROWSER_CHROME_URL": "chrome://browser/content/browser.xul",
            "DEBUG": false,
            "DEBUG_JS_MODULES": "",
            "DLL_PREFIX": "lib",
            "DLL_SUFFIX": ".so",
            "EARLY_BETA_OR_EARLIER": false,
            "FENNEC_NIGHTLY": false,
            "HAVE_SHELL_SERVICE": false,
            "HAVE_USR_LIB64_DIR": false,
            "MENUBAR_CAN_AUTOHIDE": false,
            "MOZILLA_OFFICIAL": true,
            "MOZ_ALLOW_LEGACY_EXTENSIONS": false,
            "MOZ_ANDROID_ACTIVITY_STREAM": false,
            "MOZ_ANDROID_HISTORY": true,
            "MOZ_ANDROID_MOZILLA_ONLINE": false,
            "MOZ_APP_NAME": "fennec",
            "MOZ_APP_VERSION": "68.1.1",
            "MOZ_APP_VERSION_DISPLAY": "68.1.1",
            "MOZ_BING_API_CLIENTID": "no-bing-api-clientid",
            "MOZ_BING_API_KEY": "no-bing-api-key",
            "MOZ_BITS_DOWNLOAD": false,
            "MOZ_BUILD_APP": "mobile/android",
            "MOZ_CODE_COVERAGE": false,
            "MOZ_CRASHREPORTER": true,
            "MOZ_DATA_REPORTING": true,
            "MOZ_DEV_EDITION": false,
            "MOZ_GECKO_PROFILER": true,
            "MOZ_GOOGLE_LOCATION_SERVICE_API_KEY": "AIzaSyB2h2OuRcUgy5N-5hsZqiPW6sH3n_rptiQ",
            "MOZ_GOOGLE_SAFEBROWSING_API_KEY": "AIzaSyC7jsptDS3am4tPx4r3nxis7IMjBc5Dovo",
            "MOZ_GRAPHENE": false,
            "MOZ_MACBUNDLE_NAME": "Firefox.app",
            "MOZ_MAINTENANCE_SERVICE": false,
            "MOZ_MOZILLA_API_KEY": "3b4d27dd-703d-4094-8398-4de2c763505a",
            "MOZ_NEW_CERT_STORAGE": false,
            "MOZ_NEW_NOTIFICATION_STORE": false,
            "MOZ_NEW_XULSTORE": false,
            "MOZ_OFFICIAL_BRANDING": false,
            "MOZ_PLACES": false,
            "MOZ_REQUIRE_SIGNING": false,
            "MOZ_SANDBOX": false,
            "MOZ_SERVICES_HEALTHREPORT": true,
            "MOZ_SERVICES_SYNC": false,
            "MOZ_SWITCHBOARD": true,
            "MOZ_SYSTEM_NSS": false,
            "MOZ_TELEMETRY_ON_BY_DEFAULT": false,
            "MOZ_TELEMETRY_REPORTING": true,
            "MOZ_UNSIGNED_SCOPES": 0,
            "MOZ_UPDATER": false,
            "MOZ_UPDATE_CHANNEL": "release",
            "MOZ_WEBRTC": true,
            "MOZ_WIDGET_GTK": false,
            "MOZ_WIDGET_TOOLKIT": "android",
            "NIGHTLY_BUILD": false,
            "OMNIJAR_NAME": "assets/omni.ja",
            "RELEASE_OR_BETA": true,
            "SOURCE_REVISION_URL": "https://hg.mozilla.org/releases/mozilla-esr68/rev/d2e0b9e17b9bc1ef02606c8006b73293f7892ad5",
            "TELEMETRY_PING_FORMAT_VERSION": 4,
            "XP_UNIX": true,
            "isPlatformAndVersionAtLeast": {},
            "isPlatformAndVersionAtMost": {},
            "platform": "android"
          },
          "asyncAppConstants": {
            "ACCESSIBILITY": true,
            "ANDROID_PACKAGE_NAME": "org.mozilla.firefox",
            "ASAN": false,
            "ASAN_REPORTER": false,
            "BROWSER_CHROME_URL": "chrome://browser/content/browser.xul",
            "DEBUG": false,
            "DEBUG_JS_MODULES": "",
            "DLL_PREFIX": "lib",
            "DLL_SUFFIX": ".so",
            "EARLY_BETA_OR_EARLIER": false,
            "FENNEC_NIGHTLY": false,
            "HAVE_SHELL_SERVICE": false,
            "HAVE_USR_LIB64_DIR": false,
            "MENUBAR_CAN_AUTOHIDE": false,
            "MOZILLA_OFFICIAL": true,
            "MOZ_ALLOW_LEGACY_EXTENSIONS": false,
            "MOZ_ANDROID_ACTIVITY_STREAM": false,
            "MOZ_ANDROID_HISTORY": true,
            "MOZ_ANDROID_MOZILLA_ONLINE": false,
            "MOZ_APP_NAME": "fennec",
            "MOZ_APP_VERSION": "68.1.1",
            "MOZ_APP_VERSION_DISPLAY": "68.1.1",
            "MOZ_BING_API_CLIENTID": "no-bing-api-clientid",
            "MOZ_BING_API_KEY": "no-bing-api-key",
            "MOZ_BITS_DOWNLOAD": false,
            "MOZ_BUILD_APP": "mobile/android",
            "MOZ_CODE_COVERAGE": false,
            "MOZ_CRASHREPORTER": true,
            "MOZ_DATA_REPORTING": true,
            "MOZ_DEV_EDITION": false,
            "MOZ_GECKO_PROFILER": true,
            "MOZ_GOOGLE_LOCATION_SERVICE_API_KEY": "AIzaSyB2h2OuRcUgy5N-5hsZqiPW6sH3n_rptiQ",
            "MOZ_GOOGLE_SAFEBROWSING_API_KEY": "AIzaSyC7jsptDS3am4tPx4r3nxis7IMjBc5Dovo",
            "MOZ_GRAPHENE": false,
            "MOZ_MACBUNDLE_NAME": "Firefox.app",
            "MOZ_MAINTENANCE_SERVICE": false,
            "MOZ_MOZILLA_API_KEY": "3b4d27dd-703d-4094-8398-4de2c763505a",
            "MOZ_NEW_CERT_STORAGE": false,
            "MOZ_NEW_NOTIFICATION_STORE": false,
            "MOZ_NEW_XULSTORE": false,
            "MOZ_OFFICIAL_BRANDING": false,
            "MOZ_PLACES": false,
            "MOZ_REQUIRE_SIGNING": false,
            "MOZ_SANDBOX": false,
            "MOZ_SERVICES_HEALTHREPORT": true,
            "MOZ_SERVICES_SYNC": false,
            "MOZ_SWITCHBOARD": true,
            "MOZ_SYSTEM_NSS": false,
            "MOZ_TELEMETRY_ON_BY_DEFAULT": false,
            "MOZ_TELEMETRY_REPORTING": true,
            "MOZ_UNSIGNED_SCOPES": 0,
            "MOZ_UPDATER": false,
            "MOZ_UPDATE_CHANNEL": "release",
            "MOZ_WEBRTC": true,
            "MOZ_WIDGET_GTK": false,
            "MOZ_WIDGET_TOOLKIT": "android",
            "NIGHTLY_BUILD": false,
            "OMNIJAR_NAME": "assets/omni.ja",
            "RELEASE_OR_BETA": true,
            "SOURCE_REVISION_URL": "https://hg.mozilla.org/releases/mozilla-esr68/rev/d2e0b9e17b9bc1ef02606c8006b73293f7892ad5",
            "TELEMETRY_PING_FORMAT_VERSION": 4,
            "XP_UNIX": true,
            "isPlatformAndVersionAtLeast": {},
            "isPlatformAndVersionAtMost": {},
            "platform": "android"
          },
          "userAgent": "Mozilla/5.0 (Android 9; Mobile; rv:68.0) Gecko/68.0 Firefox/68.0",
          "windowSize": "360x612"
        },
        "pageinfo": {
          "documentHeight": 17126,
          "documentSize": {
            "decodedBodySize": 230037,
            "encodedBodySize": 36034,
            "transferSize": 37267
          },
          "documentTitle": "Amazon Web Services (AWS) - Cloud Computing Services",
          "documentWidth": 360,
          "domElements": 11242,
          "navigationStartTime": 1617120989268,
          "nextHopProtocol": "h2",
          "resources": {
            "count": 0,
            "duration": 0
          },
          "responsive": true,
          "url": "https://aws.amazon.com/",
          "visualElements": {
            "heroes": [
              {
                "filename": "Editorial-TEST_White_SignUp.e09f7c2a4e9e5ae3962715f1955dac1cd9603d4b.png",
                "height": 75,
                "name": "LargestImage",
                "width": 75,
                "x": 143,
                "y": 611
              },
              {
                "filename": null,
                "height": 78,
                "name": "Heading",
                "width": 320,
                "x": 30,
                "y": 235
              }
            ],
            "viewport": {
              "height": 612,
              "width": 360
            }
          }
        },
        "timings": {
          "firstPaint": 2417,
          "loadEventEnd": 16151,
          "navigationTiming": {
            "connectStart": 316,
            "domComplete": 16111,
            "domContentLoadedEventEnd": 2619,
            "domContentLoadedEventStart": 2595,
            "domInteractive": 2401,
            "domainLookupEnd": 315,
            "domainLookupStart": 315,
            "duration": 16151,
            "fetchStart": 2,
            "loadEventEnd": 16151,
            "loadEventStart": 16150,
            "redirectEnd": 0,
            "redirectStart": 0,
            "requestStart": 413,
            "responseEnd": 879,
            "responseStart": 868,
            "secureConnectionStart": 331,
            "startTime": 0,
            "unloadEventEnd": 0,
            "unloadEventStart": 0,
            "workerStart": 0
          },
          "pageTimings": {
            "backEndTime": 868,
            "domContentLoadedTime": 2595,
            "domInteractiveTime": 2401,
            "domainLookupTime": 0,
            "frontEndTime": 15271,
            "pageDownloadTime": 10,
            "pageLoadTime": 16150,
            "redirectionTime": 0,
            "serverConnectionTime": 96,
            "serverResponseTime": 465
          },
          "rumSpeedIndex": 868,
          "timeToContentfulPaint": 2564,
          "timeToDomContentFlushed": 2416,
          "timeToFirstInteractive": 16467,
          "userTimings": {
            "marks": [],
            "measures": []
          }
        }
      },
      {
        "browser": {
          "appConstants": {
            "ACCESSIBILITY": true,
            "ANDROID_PACKAGE_NAME": "org.mozilla.firefox",
            "ASAN": false,
            "ASAN_REPORTER": false,
            "BROWSER_CHROME_URL": "chrome://browser/content/browser.xul",
            "DEBUG": false,
            "DEBUG_JS_MODULES": "",
            "DLL_PREFIX": "lib",
            "DLL_SUFFIX": ".so",
            "EARLY_BETA_OR_EARLIER": false,
            "FENNEC_NIGHTLY": false,
            "HAVE_SHELL_SERVICE": false,
            "HAVE_USR_LIB64_DIR": false,
            "MENUBAR_CAN_AUTOHIDE": false,
            "MOZILLA_OFFICIAL": true,
            "MOZ_ALLOW_LEGACY_EXTENSIONS": false,
            "MOZ_ANDROID_ACTIVITY_STREAM": false,
            "MOZ_ANDROID_HISTORY": true,
            "MOZ_ANDROID_MOZILLA_ONLINE": false,
            "MOZ_APP_NAME": "fennec",
            "MOZ_APP_VERSION": "68.1.1",
            "MOZ_APP_VERSION_DISPLAY": "68.1.1",
            "MOZ_BING_API_CLIENTID": "no-bing-api-clientid",
            "MOZ_BING_API_KEY": "no-bing-api-key",
            "MOZ_BITS_DOWNLOAD": false,
            "MOZ_BUILD_APP": "mobile/android",
            "MOZ_CODE_COVERAGE": false,
            "MOZ_CRASHREPORTER": true,
            "MOZ_DATA_REPORTING": true,
            "MOZ_DEV_EDITION": false,
            "MOZ_GECKO_PROFILER": true,
            "MOZ_GOOGLE_LOCATION_SERVICE_API_KEY": "AIzaSyB2h2OuRcUgy5N-5hsZqiPW6sH3n_rptiQ",
            "MOZ_GOOGLE_SAFEBROWSING_API_KEY": "AIzaSyC7jsptDS3am4tPx4r3nxis7IMjBc5Dovo",
            "MOZ_GRAPHENE": false,
            "MOZ_MACBUNDLE_NAME": "Firefox.app",
            "MOZ_MAINTENANCE_SERVICE": false,
            "MOZ_MOZILLA_API_KEY": "3b4d27dd-703d-4094-8398-4de2c763505a",
            "MOZ_NEW_CERT_STORAGE": false,
            "MOZ_NEW_NOTIFICATION_STORE": false,
            "MOZ_NEW_XULSTORE": false,
            "MOZ_OFFICIAL_BRANDING": false,
            "MOZ_PLACES": false,
            "MOZ_REQUIRE_SIGNING": false,
            "MOZ_SANDBOX": false,
            "MOZ_SERVICES_HEALTHREPORT": true,
            "MOZ_SERVICES_SYNC": false,
            "MOZ_SWITCHBOARD": true,
            "MOZ_SYSTEM_NSS": false,
            "MOZ_TELEMETRY_ON_BY_DEFAULT": false,
            "MOZ_TELEMETRY_REPORTING": true,
            "MOZ_UNSIGNED_SCOPES": 0,
            "MOZ_UPDATER": false,
            "MOZ_UPDATE_CHANNEL": "release",
            "MOZ_WEBRTC": true,
            "MOZ_WIDGET_GTK": false,
            "MOZ_WIDGET_TOOLKIT": "android",
            "NIGHTLY_BUILD": false,
            "OMNIJAR_NAME": "assets/omni.ja",
            "RELEASE_OR_BETA": true,
            "SOURCE_REVISION_URL": "https://hg.mozilla.org/releases/mozilla-esr68/rev/d2e0b9e17b9bc1ef02606c8006b73293f7892ad5",
            "TELEMETRY_PING_FORMAT_VERSION": 4,
            "XP_UNIX": true,
            "isPlatformAndVersionAtLeast": {},
            "isPlatformAndVersionAtMost": {},
            "platform": "android"
          },
          "asyncAppConstants": {
            "ACCESSIBILITY": true,
            "ANDROID_PACKAGE_NAME": "org.mozilla.firefox",
            "ASAN": false,
            "ASAN_REPORTER": false,
            "BROWSER_CHROME_URL": "chrome://browser/content/browser.xul",
            "DEBUG": false,
            "DEBUG_JS_MODULES": "",
            "DLL_PREFIX": "lib",
            "DLL_SUFFIX": ".so",
            "EARLY_BETA_OR_EARLIER": false,
            "FENNEC_NIGHTLY": false,
            "HAVE_SHELL_SERVICE": false,
            "HAVE_USR_LIB64_DIR": false,
            "MENUBAR_CAN_AUTOHIDE": false,
            "MOZILLA_OFFICIAL": true,
            "MOZ_ALLOW_LEGACY_EXTENSIONS": false,
            "MOZ_ANDROID_ACTIVITY_STREAM": false,
            "MOZ_ANDROID_HISTORY": true,
            "MOZ_ANDROID_MOZILLA_ONLINE": false,
            "MOZ_APP_NAME": "fennec",
            "MOZ_APP_VERSION": "68.1.1",
            "MOZ_APP_VERSION_DISPLAY": "68.1.1",
            "MOZ_BING_API_CLIENTID": "no-bing-api-clientid",
            "MOZ_BING_API_KEY": "no-bing-api-key",
            "MOZ_BITS_DOWNLOAD": false,
            "MOZ_BUILD_APP": "mobile/android",
            "MOZ_CODE_COVERAGE": false,
            "MOZ_CRASHREPORTER": true,
            "MOZ_DATA_REPORTING": true,
            "MOZ_DEV_EDITION": false,
            "MOZ_GECKO_PROFILER": true,
            "MOZ_GOOGLE_LOCATION_SERVICE_API_KEY": "AIzaSyB2h2OuRcUgy5N-5hsZqiPW6sH3n_rptiQ",
            "MOZ_GOOGLE_SAFEBROWSING_API_KEY": "AIzaSyC7jsptDS3am4tPx4r3nxis7IMjBc5Dovo",
            "MOZ_GRAPHENE": false,
            "MOZ_MACBUNDLE_NAME": "Firefox.app",
            "MOZ_MAINTENANCE_SERVICE": false,
            "MOZ_MOZILLA_API_KEY": "3b4d27dd-703d-4094-8398-4de2c763505a",
            "MOZ_NEW_CERT_STORAGE": false,
            "MOZ_NEW_NOTIFICATION_STORE": false,
            "MOZ_NEW_XULSTORE": false,
            "MOZ_OFFICIAL_BRANDING": false,
            "MOZ_PLACES": false,
            "MOZ_REQUIRE_SIGNING": false,
            "MOZ_SANDBOX": false,
            "MOZ_SERVICES_HEALTHREPORT": true,
            "MOZ_SERVICES_SYNC": false,
            "MOZ_SWITCHBOARD": true,
            "MOZ_SYSTEM_NSS": false,
            "MOZ_TELEMETRY_ON_BY_DEFAULT": false,
            "MOZ_TELEMETRY_REPORTING": true,
            "MOZ_UNSIGNED_SCOPES": 0,
            "MOZ_UPDATER": false,
            "MOZ_UPDATE_CHANNEL": "release",
            "MOZ_WEBRTC": true,
            "MOZ_WIDGET_GTK": false,
            "MOZ_WIDGET_TOOLKIT": "android",
            "NIGHTLY_BUILD": false,
            "OMNIJAR_NAME": "assets/omni.ja",
            "RELEASE_OR_BETA": true,
            "SOURCE_REVISION_URL": "https://hg.mozilla.org/releases/mozilla-esr68/rev/d2e0b9e17b9bc1ef02606c8006b73293f7892ad5",
            "TELEMETRY_PING_FORMAT_VERSION": 4,
            "XP_UNIX": true,
            "isPlatformAndVersionAtLeast": {},
            "isPlatformAndVersionAtMost": {},
            "platform": "android"
          },
          "userAgent": "Mozilla/5.0 (Android 9; Mobile; rv:68.0) Gecko/68.0 Firefox/68.0",
          "windowSize": "360x612"
        },
        "pageinfo": {
          "documentHeight": 16551,
          "documentSize": {
            "decodedBodySize": 230037,
            "encodedBodySize": 36034,
            "transferSize": 37267
          },
          "documentTitle": "Amazon Web Services (AWS) - Cloud Computing Services",
          "documentWidth": 360,
          "domElements": 11256,
          "navigationStartTime": 1617121026085,
          "nextHopProtocol": "h2",
          "resources": {
            "count": 0,
            "duration": 0
          },
          "responsive": true,
          "url": "https://aws.amazon.com/",
          "visualElements": {
            "heroes": [
              {
                "filename": "Editorial-TEST_White_SignUp.e09f7c2a4e9e5ae3962715f1955dac1cd9603d4b.png",
                "height": 75,
                "name": "LargestImage",
                "width": 75,
                "x": 143,
                "y": 611
              },
              {
                "filename": null,
                "height": 78,
                "name": "Heading",
                "width": 320,
                "x": 30,
                "y": 235
              }
            ],
            "viewport": {
              "height": 612,
              "width": 360
            }
          }
        },
        "timings": {
          "firstPaint": 2406,
          "loadEventEnd": 12937,
          "navigationTiming": {
            "connectStart": 290,
            "domComplete": 12900,
            "domContentLoadedEventEnd": 2480,
            "domContentLoadedEventStart": 2454,
            "domInteractive": 2239,
            "domainLookupEnd": 289,
            "domainLookupStart": 289,
            "duration": 12937,
            "fetchStart": 3,
            "loadEventEnd": 12937,
            "loadEventStart": 12936,
            "redirectEnd": 0,
            "redirectStart": 0,
            "requestStart": 477,
            "responseEnd": 720,
            "responseStart": 720,
            "secureConnectionStart": 321,
            "startTime": 0,
            "unloadEventEnd": 0,
            "unloadEventStart": 0,
            "workerStart": 0
          },
          "pageTimings": {
            "backEndTime": 720,
            "domContentLoadedTime": 2454,
            "domInteractiveTime": 2239,
            "domainLookupTime": 0,
            "frontEndTime": 12217,
            "pageDownloadTime": 0,
            "pageLoadTime": 12936,
            "redirectionTime": 0,
            "serverConnectionTime": 185,
            "serverResponseTime": 243
          },
          "rumSpeedIndex": 719,
          "timeToContentfulPaint": 2544,
          "timeToDomContentFlushed": 2249,
          "timeToFirstInteractive": 15077,
          "userTimings": {
            "marks": [],
            "measures": []
          }
        }
      },
      {
        "browser": {
          "appConstants": {
            "ACCESSIBILITY": true,
            "ANDROID_PACKAGE_NAME": "org.mozilla.firefox",
            "ASAN": false,
            "ASAN_REPORTER": false,
            "BROWSER_CHROME_URL": "chrome://browser/content/browser.xul",
            "DEBUG": false,
            "DEBUG_JS_MODULES": "",
            "DLL_PREFIX": "lib",
            "DLL_SUFFIX": ".so",
            "EARLY_BETA_OR_EARLIER": false,
            "FENNEC_NIGHTLY": false,
            "HAVE_SHELL_SERVICE": false,
            "HAVE_USR_LIB64_DIR": false,
            "MENUBAR_CAN_AUTOHIDE": false,
            "MOZILLA_OFFICIAL": true,
            "MOZ_ALLOW_LEGACY_EXTENSIONS": false,
            "MOZ_ANDROID_ACTIVITY_STREAM": false,
            "MOZ_ANDROID_HISTORY": true,
            "MOZ_ANDROID_MOZILLA_ONLINE": false,
            "MOZ_APP_NAME": "fennec",
            "MOZ_APP_VERSION": "68.1.1",
            "MOZ_APP_VERSION_DISPLAY": "68.1.1",
            "MOZ_BING_API_CLIENTID": "no-bing-api-clientid",
            "MOZ_BING_API_KEY": "no-bing-api-key",
            "MOZ_BITS_DOWNLOAD": false,
            "MOZ_BUILD_APP": "mobile/android",
            "MOZ_CODE_COVERAGE": false,
            "MOZ_CRASHREPORTER": true,
            "MOZ_DATA_REPORTING": true,
            "MOZ_DEV_EDITION": false,
            "MOZ_GECKO_PROFILER": true,
            "MOZ_GOOGLE_LOCATION_SERVICE_API_KEY": "AIzaSyB2h2OuRcUgy5N-5hsZqiPW6sH3n_rptiQ",
            "MOZ_GOOGLE_SAFEBROWSING_API_KEY": "AIzaSyC7jsptDS3am4tPx4r3nxis7IMjBc5Dovo",
            "MOZ_GRAPHENE": false,
            "MOZ_MACBUNDLE_NAME": "Firefox.app",
            "MOZ_MAINTENANCE_SERVICE": false,
            "MOZ_MOZILLA_API_KEY": "3b4d27dd-703d-4094-8398-4de2c763505a",
            "MOZ_NEW_CERT_STORAGE": false,
            "MOZ_NEW_NOTIFICATION_STORE": false,
            "MOZ_NEW_XULSTORE": false,
            "MOZ_OFFICIAL_BRANDING": false,
            "MOZ_PLACES": false,
            "MOZ_REQUIRE_SIGNING": false,
            "MOZ_SANDBOX": false,
            "MOZ_SERVICES_HEALTHREPORT": true,
            "MOZ_SERVICES_SYNC": false,
            "MOZ_SWITCHBOARD": true,
            "MOZ_SYSTEM_NSS": false,
            "MOZ_TELEMETRY_ON_BY_DEFAULT": false,
            "MOZ_TELEMETRY_REPORTING": true,
            "MOZ_UNSIGNED_SCOPES": 0,
            "MOZ_UPDATER": false,
            "MOZ_UPDATE_CHANNEL": "release",
            "MOZ_WEBRTC": true,
            "MOZ_WIDGET_GTK": false,
            "MOZ_WIDGET_TOOLKIT": "android",
            "NIGHTLY_BUILD": false,
            "OMNIJAR_NAME": "assets/omni.ja",
            "RELEASE_OR_BETA": true,
            "SOURCE_REVISION_URL": "https://hg.mozilla.org/releases/mozilla-esr68/rev/d2e0b9e17b9bc1ef02606c8006b73293f7892ad5",
            "TELEMETRY_PING_FORMAT_VERSION": 4,
            "XP_UNIX": true,
            "isPlatformAndVersionAtLeast": {},
            "isPlatformAndVersionAtMost": {},
            "platform": "android"
          },
          "asyncAppConstants": {
            "ACCESSIBILITY": true,
            "ANDROID_PACKAGE_NAME": "org.mozilla.firefox",
            "ASAN": false,
            "ASAN_REPORTER": false,
            "BROWSER_CHROME_URL": "chrome://browser/content/browser.xul",
            "DEBUG": false,
            "DEBUG_JS_MODULES": "",
            "DLL_PREFIX": "lib",
            "DLL_SUFFIX": ".so",
            "EARLY_BETA_OR_EARLIER": false,
            "FENNEC_NIGHTLY": false,
            "HAVE_SHELL_SERVICE": false,
            "HAVE_USR_LIB64_DIR": false,
            "MENUBAR_CAN_AUTOHIDE": false,
            "MOZILLA_OFFICIAL": true,
            "MOZ_ALLOW_LEGACY_EXTENSIONS": false,
            "MOZ_ANDROID_ACTIVITY_STREAM": false,
            "MOZ_ANDROID_HISTORY": true,
            "MOZ_ANDROID_MOZILLA_ONLINE": false,
            "MOZ_APP_NAME": "fennec",
            "MOZ_APP_VERSION": "68.1.1",
            "MOZ_APP_VERSION_DISPLAY": "68.1.1",
            "MOZ_BING_API_CLIENTID": "no-bing-api-clientid",
            "MOZ_BING_API_KEY": "no-bing-api-key",
            "MOZ_BITS_DOWNLOAD": false,
            "MOZ_BUILD_APP": "mobile/android",
            "MOZ_CODE_COVERAGE": false,
            "MOZ_CRASHREPORTER": true,
            "MOZ_DATA_REPORTING": true,
            "MOZ_DEV_EDITION": false,
            "MOZ_GECKO_PROFILER": true,
            "MOZ_GOOGLE_LOCATION_SERVICE_API_KEY": "AIzaSyB2h2OuRcUgy5N-5hsZqiPW6sH3n_rptiQ",
            "MOZ_GOOGLE_SAFEBROWSING_API_KEY": "AIzaSyC7jsptDS3am4tPx4r3nxis7IMjBc5Dovo",
            "MOZ_GRAPHENE": false,
            "MOZ_MACBUNDLE_NAME": "Firefox.app",
            "MOZ_MAINTENANCE_SERVICE": false,
            "MOZ_MOZILLA_API_KEY": "3b4d27dd-703d-4094-8398-4de2c763505a",
            "MOZ_NEW_CERT_STORAGE": false,
            "MOZ_NEW_NOTIFICATION_STORE": false,
            "MOZ_NEW_XULSTORE": false,
            "MOZ_OFFICIAL_BRANDING": false,
            "MOZ_PLACES": false,
            "MOZ_REQUIRE_SIGNING": false,
            "MOZ_SANDBOX": false,
            "MOZ_SERVICES_HEALTHREPORT": true,
            "MOZ_SERVICES_SYNC": false,
            "MOZ_SWITCHBOARD": true,
            "MOZ_SYSTEM_NSS": false,
            "MOZ_TELEMETRY_ON_BY_DEFAULT": false,
            "MOZ_TELEMETRY_REPORTING": true,
            "MOZ_UNSIGNED_SCOPES": 0,
            "MOZ_UPDATER": false,
            "MOZ_UPDATE_CHANNEL": "release",
            "MOZ_WEBRTC": true,
            "MOZ_WIDGET_GTK": false,
            "MOZ_WIDGET_TOOLKIT": "android",
            "NIGHTLY_BUILD": false,
            "OMNIJAR_NAME": "assets/omni.ja",
            "RELEASE_OR_BETA": true,
            "SOURCE_REVISION_URL": "https://hg.mozilla.org/releases/mozilla-esr68/rev/d2e0b9e17b9bc1ef02606c8006b73293f7892ad5",
            "TELEMETRY_PING_FORMAT_VERSION": 4,
            "XP_UNIX": true,
            "isPlatformAndVersionAtLeast": {},
            "isPlatformAndVersionAtMost": {},
            "platform": "android"
          },
          "userAgent": "Mozilla/5.0 (Android 9; Mobile; rv:68.0) Gecko/68.0 Firefox/68.0",
          "windowSize": "360x612"
        },
        "pageinfo": {
          "documentHeight": 17126,
          "documentSize": {
            "decodedBodySize": 230037,
            "encodedBodySize": 36034,
            "transferSize": 37267
          },
          "documentTitle": "Amazon Web Services (AWS) - Cloud Computing Services",
          "documentWidth": 360,
          "domElements": 11242,
          "navigationStartTime": 1617121056955,
          "nextHopProtocol": "h2",
          "resources": {
            "count": 0,
            "duration": 0
          },
          "responsive": true,
          "url": "https://aws.amazon.com/",
          "visualElements": {
            "heroes": [
              {
                "filename": "Editorial-TEST_White_SignUp.e09f7c2a4e9e5ae3962715f1955dac1cd9603d4b.png",
                "height": 75,
                "name": "LargestImage",
                "width": 75,
                "x": 143,
                "y": 611
              },
              {
                "filename": null,
                "height": 78,
                "name": "Heading",
                "width": 320,
                "x": 30,
                "y": 235
              }
            ],
            "viewport": {
              "height": 612,
              "width": 360
            }
          }
        },
        "timings": {
          "firstPaint": 2575,
          "loadEventEnd": 15066,
          "navigationTiming": {
            "connectStart": 38,
            "domComplete": 15027,
            "domContentLoadedEventEnd": 2650,
            "domContentLoadedEventStart": 2623,
            "domInteractive": 2405,
            "domainLookupEnd": 37,
            "domainLookupStart": 37,
            "duration": 15066,
            "fetchStart": 2,
            "loadEventEnd": 15066,
            "loadEventStart": 15065,
            "redirectEnd": 0,
            "redirectStart": 0,
            "requestStart": 617,
            "responseEnd": 871,
            "responseStart": 871,
            "secureConnectionStart": 348,
            "startTime": 0,
            "unloadEventEnd": 0,
            "unloadEventStart": 0,
            "workerStart": 0
          },
          "pageTimings": {
            "backEndTime": 871,
            "domContentLoadedTime": 2623,
            "domInteractiveTime": 2405,
            "domainLookupTime": 0,
            "frontEndTime": 14194,
            "pageDownloadTime": 0,
            "pageLoadTime": 15065,
            "redirectionTime": 0,
            "serverConnectionTime": 578,
            "serverResponseTime": 254
          },
          "rumSpeedIndex": 871,
          "timeToContentfulPaint": 2725,
          "timeToDomContentFlushed": 2418,
          "userTimings": {
            "marks": [],
            "measures": []
          }
        }
      }
    ],
    "visualMetrics": [],
    "cpu": [],
    "extras": [
      {},
      {},
      {}
    ],
    "fullyLoaded": [],
    "errors": [
      [],
      [],
      []
    ],
    "statistics": {
      "browser": {
        "appConstants": {
          "MOZ_UNSIGNED_SCOPES": {
            "median": 0,
            "mean": 0,
            "mdev": 0,
            "stddev": 0,
            "min": 0,
            "p10": 0,
            "p90": 0,
            "p99": 0,
            "max": 0
          },
          "TELEMETRY_PING_FORMAT_VERSION": {
            "median": 4,
            "mean": 4,
            "mdev": 0,
            "stddev": 0,
            "min": 4,
            "p10": 4,
            "p90": 4,
            "p99": 4,
            "max": 4
          }
        },
        "asyncAppConstants": {
          "MOZ_UNSIGNED_SCOPES": {
            "median": 0,
            "mean": 0,
            "mdev": 0,
            "stddev": 0,
            "min": 0,
            "p10": 0,
            "p90": 0,
            "p99": 0,
            "max": 0
          },
          "TELEMETRY_PING_FORMAT_VERSION": {
            "median": 4,
            "mean": 4,
            "mdev": 0,
            "stddev": 0,
            "min": 4,
            "p10": 4,
            "p90": 4,
            "p99": 4,
            "max": 4
          }
        }
      },
      "pageinfo": {
        "documentHeight": {
          "median": 17126,
          "mean": 16934,
          "mdev": 156.4952,
          "stddev": 271,
          "min": 16551,
          "p10": 16551,
          "p90": 17126,
          "p99": 17126,
          "max": 17126
        },
        "documentSize": {
          "decodedBodySize": {
            "median": 230037,
            "mean": 230037,
            "mdev": 0,
            "stddev": 0,
            "min": 230037,
            "p10": 230037,
            "p90": 230037,
            "p99": 230037,
            "max": 230037
          },
          "encodedBodySize": {
            "median": 36034,
            "mean": 36034,
            "mdev": 0,
            "stddev": 0,
            "min": 36034,
            "p10": 36034,
            "p90": 36034,
            "p99": 36034,
            "max": 36034
          },
          "transferSize": {
            "median": 37267,
            "mean": 37267,
            "mdev": 0,
            "stddev": 0,
            "min": 37267,
            "p10": 37267,
            "p90": 37267,
            "p99": 37267,
            "max": 37267
          }
        },
        "documentWidth": {
          "median": 360,
          "mean": 360,
          "mdev": 0,
          "stddev": 0,
          "min": 360,
          "p10": 360,
          "p90": 360,
          "p99": 360,
          "max": 360
        },
        "domElements": {
          "median": 11242,
          "mean": 11247,
          "mdev": 3.8103,
          "stddev": 7,
          "min": 11242,
          "p10": 11242,
          "p90": 11256,
          "p99": 11256,
          "max": 11256
        },
        "navigationStartTime": {
          "median": 1617121026085,
          "mean": 1617121024103,
          "mdev": 0,
          "stddev": 0,
          "min": 1617120989268,
          "p10": 1617120989268,
          "p90": 1617121056955,
          "p99": 1617121056955,
          "max": 1617121056955
        },
        "resources": {
          "count": {
            "median": 0,
            "mean": 0,
            "mdev": 0,
            "stddev": 0,
            "min": 0,
            "p10": 0,
            "p90": 0,
            "p99": 0,
            "max": 0
          },
          "duration": {
            "median": 0,
            "mean": 0,
            "mdev": 0,
            "stddev": 0,
            "min": 0,
            "p10": 0,
            "p90": 0,
            "p99": 0,
            "max": 0
          }
        },
        "visualElements": {
          "heroes": [
            {
              "height": {
                "median": 75,
                "mean": 75,
                "mdev": 0,
                "stddev": 0,
                "min": 75,
                "p10": 75,
                "p90": 75,
                "p99": 75,
                "max": 75
              },
              "width": {
                "median": 75,
                "mean": 75,
                "mdev": 0,
                "stddev": 0,
                "min": 75,
                "p10": 75,
                "p90": 75,
                "p99": 75,
                "max": 75
              },
              "x": {
                "median": 143,
                "mean": 143,
                "mdev": 0,
                "stddev": 0,
                "min": 143,
                "p10": 143,
                "p90": 143,
                "p99": 143,
                "max": 143
              },
              "y": {
                "median": 611,
                "mean": 611,
                "mdev": 0,
                "stddev": 0,
                "min": 611,
                "p10": 611,
                "p90": 611,
                "p99": 611,
                "max": 611
              }
            },
            {
              "height": {
                "median": 78,
                "mean": 78,
                "mdev": 0,
                "stddev": 0,
                "min": 78,
                "p10": 78,
                "p90": 78,
                "p99": 78,
                "max": 78
              },
              "width": {
                "median": 320,
                "mean": 320,
                "mdev": 0,
                "stddev": 0,
                "min": 320,
                "p10": 320,
                "p90": 320,
                "p99": 320,
                "max": 320
              },
              "x": {
                "median": 30,
                "mean": 30,
                "mdev": 0,
                "stddev": 0,
                "min": 30,
                "p10": 30,
                "p90": 30,
                "p99": 30,
                "max": 30
              },
              "y": {
                "median": 235,
                "mean": 235,
                "mdev": 0,
                "stddev": 0,
                "min": 235,
                "p10": 235,
                "p90": 235,
                "p99": 235,
                "max": 235
              }
            }
          ],
          "viewport": {
            "height": {
              "median": 612,
              "mean": 612,
              "mdev": 0,
              "stddev": 0,
              "min": 612,
              "p10": 612,
              "p90": 612,
              "p99": 612,
              "max": 612
            },
            "width": {
              "median": 360,
              "mean": 360,
              "mdev": 0,
              "stddev": 0,
              "min": 360,
              "p10": 360,
              "p90": 360,
              "p99": 360,
              "max": 360
            }
          }
        }
      },
      "timings": {
        "firstPaint": {
          "median": 2417,
          "mean": 2466,
          "mdev": 44.5745,
          "stddev": 77,
          "min": 2406,
          "p10": 2406,
          "p90": 2575,
          "p99": 2575,
          "max": 2575
        },
        "loadEventEnd": {
          "median": 15066,
          "mean": 14718,
          "mdev": 770.7539,
          "stddev": 1335,
          "min": 12937,
          "p10": 12937,
          "p90": 16151,
          "p99": 16151,
          "max": 16151
        },
        "navigationTiming": {
          "connectStart": {
            "median": 290,
            "mean": 215,
            "mdev": 72.3838,
            "stddev": 125,
            "min": 38,
            "p10": 38,
            "p90": 316,
            "p99": 316,
            "max": 316
          },
          "domComplete": {
            "median": 15027,
            "mean": 14679,
            "mdev": 770.0338,
            "stddev": 1334,
            "min": 12900,
            "p10": 12900,
            "p90": 16111,
            "p99": 16111,
            "max": 16111
          },
          "domContentLoadedEventEnd": {
            "median": 2619,
            "mean": 2583,
            "mdev": 42.6797,
            "stddev": 74,
            "min": 2480,
            "p10": 2480,
            "p90": 2650,
            "p99": 2650,
            "max": 2650
          },
          "domContentLoadedEventStart": {
            "median": 2595,
            "mean": 2557,
            "mdev": 42.6988,
            "stddev": 74,
            "min": 2454,
            "p10": 2454,
            "p90": 2623,
            "p99": 2623,
            "max": 2623
          },
          "domInteractive": {
            "median": 2401,
            "mean": 2348,
            "mdev": 44.6451,
            "stddev": 77,
            "min": 2239,
            "p10": 2239,
            "p90": 2405,
            "p99": 2405,
            "max": 2405
          },
          "domainLookupEnd": {
            "median": 289,
            "mean": 214,
            "mdev": 72.3838,
            "stddev": 125,
            "min": 37,
            "p10": 37,
            "p90": 315,
            "p99": 315,
            "max": 315
          },
          "domainLookupStart": {
            "median": 289,
            "mean": 214,
            "mdev": 72.3838,
            "stddev": 125,
            "min": 37,
            "p10": 37,
            "p90": 315,
            "p99": 315,
            "max": 315
          },
          "duration": {
            "median": 15066,
            "mean": 14718,
            "mdev": 770.7539,
            "stddev": 1335,
            "min": 12937,
            "p10": 12937,
            "p90": 16151,
            "p99": 16151,
            "max": 16151
          },
          "fetchStart": {
            "median": 2,
            "mean": 2,
            "mdev": 0.2722,
            "stddev": 0,
            "min": 2,
            "p10": 2,
            "p90": 3,
            "p99": 3,
            "max": 3
          },
          "loadEventEnd": {
            "median": 15066,
            "mean": 14718,
            "mdev": 770.7539,
            "stddev": 1335,
            "min": 12937,
            "p10": 12937,
            "p90": 16151,
            "p99": 16151,
            "max": 16151
          },
          "loadEventStart": {
            "median": 15065,
            "mean": 14717,
            "mdev": 770.7539,
            "stddev": 1335,
            "min": 12936,
            "p10": 12936,
            "p90": 16150,
            "p99": 16150,
            "max": 16150
          },
          "redirectEnd": {
            "median": 0,
            "mean": 0,
            "mdev": 0,
            "stddev": 0,
            "min": 0,
            "p10": 0,
            "p90": 0,
            "p99": 0,
            "max": 0
          },
          "redirectStart": {
            "median": 0,
            "mean": 0,
            "mdev": 0,
            "stddev": 0,
            "min": 0,
            "p10": 0,
            "p90": 0,
            "p99": 0,
            "max": 0
          },
          "requestStart": {
            "median": 477,
            "mean": 502,
            "mdev": 49.183,
            "stddev": 85,
            "min": 413,
            "p10": 413,
            "p90": 617,
            "p99": 617,
            "max": 617
          },
          "responseEnd": {
            "median": 871,
            "mean": 823,
            "mdev": 42.2278,
            "stddev": 73,
            "min": 720,
            "p10": 720,
            "p90": 879,
            "p99": 879,
            "max": 879
          },
          "responseStart": {
            "median": 868,
            "mean": 820,
            "mdev": 40.6949,
            "stddev": 70,
            "min": 720,
            "p10": 720,
            "p90": 871,
            "p99": 871,
            "max": 871
          },
          "secureConnectionStart": {
            "median": 331,
            "mean": 333,
            "mdev": 6.4349,
            "stddev": 11,
            "min": 321,
            "p10": 321,
            "p90": 348,
            "p99": 348,
            "max": 348
          },
          "startTime": {
            "median": 0,
            "mean": 0,
            "mdev": 0,
            "stddev": 0,
            "min": 0,
            "p10": 0,
            "p90": 0,
            "p99": 0,
            "max": 0
          },
          "unloadEventEnd": {
            "median": 0,
            "mean": 0,
            "mdev": 0,
            "stddev": 0,
            "min": 0,
            "p10": 0,
            "p90": 0,
            "p99": 0,
            "max": 0
          },
          "unloadEventStart": {
            "median": 0,
            "mean": 0,
            "mdev": 0,
            "stddev": 0,
            "min": 0,
            "p10": 0,
            "p90": 0,
            "p99": 0,
            "max": 0
          },
          "workerStart": {
            "median": 0,
            "mean": 0,
            "mdev": 0,
            "stddev": 0,
            "min": 0,
            "p10": 0,
            "p90": 0,
            "p99": 0,
            "max": 0
          }
        },
        "pageTimings": {
          "backEndTime": {
            "median": 868,
            "mean": 820,
            "mdev": 40.6949,
            "stddev": 70,
            "min": 720,
            "p10": 720,
            "p90": 871,
            "p99": 871,
            "max": 871
          },
          "domContentLoadedTime": {
            "median": 2595,
            "mean": 2557,
            "mdev": 42.6988,
            "stddev": 74,
            "min": 2454,
            "p10": 2454,
            "p90": 2623,
            "p99": 2623,
            "max": 2623
          },
          "domInteractiveTime": {
            "median": 2401,
            "mean": 2348,
            "mdev": 44.6451,
            "stddev": 77,
            "min": 2239,
            "p10": 2239,
            "p90": 2405,
            "p99": 2405,
            "max": 2405
          },
          "domainLookupTime": {
            "median": 0,
            "mean": 0,
            "mdev": 0,
            "stddev": 0,
            "min": 0,
            "p10": 0,
            "p90": 0,
            "p99": 0,
            "max": 0
          },
          "frontEndTime": {
            "median": 14194,
            "mean": 13894,
            "mdev": 730.1794,
            "stddev": 1265,
            "min": 12217,
            "p10": 12217,
            "p90": 15271,
            "p99": 15271,
            "max": 15271
          },
          "pageDownloadTime": {
            "median": 0,
            "mean": 3,
            "mdev": 2.7217,
            "stddev": 5,
            "min": 0,
            "p10": 0,
            "p90": 10,
            "p99": 10,
            "max": 10
          },
          "pageLoadTime": {
            "median": 15065,
            "mean": 14717,
            "mdev": 770.7539,
            "stddev": 1335,
            "min": 12936,
            "p10": 12936,
            "p90": 16150,
            "p99": 16150,
            "max": 16150
          },
          "redirectionTime": {
            "median": 0,
            "mean": 0,
            "mdev": 0,
            "stddev": 0,
            "min": 0,
            "p10": 0,
            "p90": 0,
            "p99": 0,
            "max": 0
          },
          "serverConnectionTime": {
            "median": 185,
            "mean": 286,
            "mdev": 120.9061,
            "stddev": 209,
            "min": 96,
            "p10": 96,
            "p90": 578,
            "p99": 578,
            "max": 578
          },
          "serverResponseTime": {
            "median": 254,
            "mean": 321,
            "mdev": 58.9809,
            "stddev": 102,
            "min": 243,
            "p10": 243,
            "p90": 465,
            "p99": 465,
            "max": 465
          }
        },
        "rumSpeedIndex": {
          "median": 868,
          "mean": 819,
          "mdev": 40.967,
          "stddev": 71,
          "min": 719,
          "p10": 719,
          "p90": 871,
          "p99": 871,
          "max": 871
        },
        "timeToContentfulPaint": {
          "median": 2564,
          "mean": 2611,
          "mdev": 46.7784,
          "stddev": 81,
          "min": 2544,
          "p10": 2544,
          "p90": 2725,
          "p99": 2725,
          "max": 2725
        },
        "timeToDomContentFlushed": {
          "median": 2416,
          "mean": 2361,
          "mdev": 45.7262,
          "stddev": 79,
          "min": 2249,
          "p10": 2249,
          "p90": 2418,
          "p99": 2418,
          "max": 2418
        },
        "timeToFirstInteractive": {
          "median": 15772,
          "mean": 15772,
          "mdev": 491.4392,
          "stddev": 695,
          "min": 15077,
          "p10": 15077,
          "p90": 16467,
          "p99": 16467,
          "max": 16467
        }
      }
    }
  }
]