[
  {
    "info": {
      "browsertime": {
        "version": "8.4.0"
      },
      "url": "https://en.softonic.com/",
      "timestamp": "2021-03-30T10:23:40+04:00",
      "connectivity": {
        "engine": "external",
        "profile": "native"
      },
      "extra": {}
    },
    "files": {
      "video": [],
      "screenshot": [],
      "timeline": [],
      "consoleLog": [],
      "netLog": [],
      "perfLog": []
    },
    "cdp": {
      "performance": []
    },
    "timestamps": [
      "2021-03-30T10:23:10+04:00",
      "2021-03-30T10:23:53+04:00",
      "2021-03-30T10:24:31+04:00"
    ],
    "browserScripts": [
      {
        "browser": {
          "appConstants": {
            "ACCESSIBILITY": true,
            "ANDROID_PACKAGE_NAME": "org.mozilla.firefox",
            "ASAN": false,
            "ASAN_REPORTER": false,
            "BROWSER_CHROME_URL": "chrome://browser/content/browser.xul",
            "DEBUG": false,
            "DEBUG_JS_MODULES": "",
            "DLL_PREFIX": "lib",
            "DLL_SUFFIX": ".so",
            "EARLY_BETA_OR_EARLIER": false,
            "FENNEC_NIGHTLY": false,
            "HAVE_SHELL_SERVICE": false,
            "HAVE_USR_LIB64_DIR": false,
            "MENUBAR_CAN_AUTOHIDE": false,
            "MOZILLA_OFFICIAL": true,
            "MOZ_ALLOW_LEGACY_EXTENSIONS": false,
            "MOZ_ANDROID_ACTIVITY_STREAM": false,
            "MOZ_ANDROID_HISTORY": true,
            "MOZ_ANDROID_MOZILLA_ONLINE": false,
            "MOZ_APP_NAME": "fennec",
            "MOZ_APP_VERSION": "68.1.1",
            "MOZ_APP_VERSION_DISPLAY": "68.1.1",
            "MOZ_BING_API_CLIENTID": "no-bing-api-clientid",
            "MOZ_BING_API_KEY": "no-bing-api-key",
            "MOZ_BITS_DOWNLOAD": false,
            "MOZ_BUILD_APP": "mobile/android",
            "MOZ_CODE_COVERAGE": false,
            "MOZ_CRASHREPORTER": true,
            "MOZ_DATA_REPORTING": true,
            "MOZ_DEV_EDITION": false,
            "MOZ_GECKO_PROFILER": true,
            "MOZ_GOOGLE_LOCATION_SERVICE_API_KEY": "AIzaSyB2h2OuRcUgy5N-5hsZqiPW6sH3n_rptiQ",
            "MOZ_GOOGLE_SAFEBROWSING_API_KEY": "AIzaSyC7jsptDS3am4tPx4r3nxis7IMjBc5Dovo",
            "MOZ_GRAPHENE": false,
            "MOZ_MACBUNDLE_NAME": "Firefox.app",
            "MOZ_MAINTENANCE_SERVICE": false,
            "MOZ_MOZILLA_API_KEY": "3b4d27dd-703d-4094-8398-4de2c763505a",
            "MOZ_NEW_CERT_STORAGE": false,
            "MOZ_NEW_NOTIFICATION_STORE": false,
            "MOZ_NEW_XULSTORE": false,
            "MOZ_OFFICIAL_BRANDING": false,
            "MOZ_PLACES": false,
            "MOZ_REQUIRE_SIGNING": false,
            "MOZ_SANDBOX": false,
            "MOZ_SERVICES_HEALTHREPORT": true,
            "MOZ_SERVICES_SYNC": false,
            "MOZ_SWITCHBOARD": true,
            "MOZ_SYSTEM_NSS": false,
            "MOZ_TELEMETRY_ON_BY_DEFAULT": false,
            "MOZ_TELEMETRY_REPORTING": true,
            "MOZ_UNSIGNED_SCOPES": 0,
            "MOZ_UPDATER": false,
            "MOZ_UPDATE_CHANNEL": "release",
            "MOZ_WEBRTC": true,
            "MOZ_WIDGET_GTK": false,
            "MOZ_WIDGET_TOOLKIT": "android",
            "NIGHTLY_BUILD": false,
            "OMNIJAR_NAME": "assets/omni.ja",
            "RELEASE_OR_BETA": true,
            "SOURCE_REVISION_URL": "https://hg.mozilla.org/releases/mozilla-esr68/rev/d2e0b9e17b9bc1ef02606c8006b73293f7892ad5",
            "TELEMETRY_PING_FORMAT_VERSION": 4,
            "XP_UNIX": true,
            "isPlatformAndVersionAtLeast": {},
            "isPlatformAndVersionAtMost": {},
            "platform": "android"
          },
          "asyncAppConstants": {
            "ACCESSIBILITY": true,
            "ANDROID_PACKAGE_NAME": "org.mozilla.firefox",
            "ASAN": false,
            "ASAN_REPORTER": false,
            "BROWSER_CHROME_URL": "chrome://browser/content/browser.xul",
            "DEBUG": false,
            "DEBUG_JS_MODULES": "",
            "DLL_PREFIX": "lib",
            "DLL_SUFFIX": ".so",
            "EARLY_BETA_OR_EARLIER": false,
            "FENNEC_NIGHTLY": false,
            "HAVE_SHELL_SERVICE": false,
            "HAVE_USR_LIB64_DIR": false,
            "MENUBAR_CAN_AUTOHIDE": false,
            "MOZILLA_OFFICIAL": true,
            "MOZ_ALLOW_LEGACY_EXTENSIONS": false,
            "MOZ_ANDROID_ACTIVITY_STREAM": false,
            "MOZ_ANDROID_HISTORY": true,
            "MOZ_ANDROID_MOZILLA_ONLINE": false,
            "MOZ_APP_NAME": "fennec",
            "MOZ_APP_VERSION": "68.1.1",
            "MOZ_APP_VERSION_DISPLAY": "68.1.1",
            "MOZ_BING_API_CLIENTID": "no-bing-api-clientid",
            "MOZ_BING_API_KEY": "no-bing-api-key",
            "MOZ_BITS_DOWNLOAD": false,
            "MOZ_BUILD_APP": "mobile/android",
            "MOZ_CODE_COVERAGE": false,
            "MOZ_CRASHREPORTER": true,
            "MOZ_DATA_REPORTING": true,
            "MOZ_DEV_EDITION": false,
            "MOZ_GECKO_PROFILER": true,
            "MOZ_GOOGLE_LOCATION_SERVICE_API_KEY": "AIzaSyB2h2OuRcUgy5N-5hsZqiPW6sH3n_rptiQ",
            "MOZ_GOOGLE_SAFEBROWSING_API_KEY": "AIzaSyC7jsptDS3am4tPx4r3nxis7IMjBc5Dovo",
            "MOZ_GRAPHENE": false,
            "MOZ_MACBUNDLE_NAME": "Firefox.app",
            "MOZ_MAINTENANCE_SERVICE": false,
            "MOZ_MOZILLA_API_KEY": "3b4d27dd-703d-4094-8398-4de2c763505a",
            "MOZ_NEW_CERT_STORAGE": false,
            "MOZ_NEW_NOTIFICATION_STORE": false,
            "MOZ_NEW_XULSTORE": false,
            "MOZ_OFFICIAL_BRANDING": false,
            "MOZ_PLACES": false,
            "MOZ_REQUIRE_SIGNING": false,
            "MOZ_SANDBOX": false,
            "MOZ_SERVICES_HEALTHREPORT": true,
            "MOZ_SERVICES_SYNC": false,
            "MOZ_SWITCHBOARD": true,
            "MOZ_SYSTEM_NSS": false,
            "MOZ_TELEMETRY_ON_BY_DEFAULT": false,
            "MOZ_TELEMETRY_REPORTING": true,
            "MOZ_UNSIGNED_SCOPES": 0,
            "MOZ_UPDATER": false,
            "MOZ_UPDATE_CHANNEL": "release",
            "MOZ_WEBRTC": true,
            "MOZ_WIDGET_GTK": false,
            "MOZ_WIDGET_TOOLKIT": "android",
            "NIGHTLY_BUILD": false,
            "OMNIJAR_NAME": "assets/omni.ja",
            "RELEASE_OR_BETA": true,
            "SOURCE_REVISION_URL": "https://hg.mozilla.org/releases/mozilla-esr68/rev/d2e0b9e17b9bc1ef02606c8006b73293f7892ad5",
            "TELEMETRY_PING_FORMAT_VERSION": 4,
            "XP_UNIX": true,
            "isPlatformAndVersionAtLeast": {},
            "isPlatformAndVersionAtMost": {},
            "platform": "android"
          },
          "userAgent": "Mozilla/5.0 (Android 8.1.0; Mobile; rv:68.0) Gecko/68.0 Firefox/68.0",
          "windowSize": "360x560"
        },
        "pageinfo": {
          "documentHeight": 560,
          "documentSize": {
            "decodedBodySize": 504086,
            "encodedBodySize": 45283,
            "transferSize": 46072
          },
          "documentTitle": "App news and reviews, best software downloads and discovery - Softonic",
          "documentWidth": 360,
          "domElements": 4186,
          "navigationStartTime": 1617085390582,
          "nextHopProtocol": "h2",
          "resources": {
            "count": 0,
            "duration": 0
          },
          "responsive": true,
          "url": "https://en.softonic.com/",
          "visualElements": {
            "heroes": [
              {
                "filename": "xender-xender-icon.png",
                "height": 48,
                "name": "LargestImage",
                "width": 48,
                "x": 60,
                "y": 241
              },
              {
                "filename": null,
                "height": 54,
                "name": "Heading",
                "width": 336,
                "x": 12,
                "y": 54
              }
            ],
            "viewport": {
              "height": 560,
              "width": 360
            }
          }
        },
        "timings": {
          "firstPaint": 3376,
          "loadEventEnd": 12738,
          "navigationTiming": {
            "connectStart": 35,
            "domComplete": 12723,
            "domContentLoadedEventEnd": 3480,
            "domContentLoadedEventStart": 3463,
            "domInteractive": 2104,
            "domainLookupEnd": 32,
            "domainLookupStart": 32,
            "duration": 12738,
            "fetchStart": 2,
            "loadEventEnd": 12738,
            "loadEventStart": 12723,
            "redirectEnd": 0,
            "redirectStart": 0,
            "requestStart": 130,
            "responseEnd": 435,
            "responseStart": 435,
            "secureConnectionStart": 48,
            "startTime": 0,
            "unloadEventEnd": 0,
            "unloadEventStart": 0,
            "workerStart": 0
          },
          "pageTimings": {
            "backEndTime": 435,
            "domContentLoadedTime": 3463,
            "domInteractiveTime": 2104,
            "domainLookupTime": 0,
            "frontEndTime": 12288,
            "pageDownloadTime": 0,
            "pageLoadTime": 12723,
            "redirectionTime": 0,
            "serverConnectionTime": 93,
            "serverResponseTime": 305
          },
          "rumSpeedIndex": 435,
          "timeToContentfulPaint": 3584,
          "timeToDomContentFlushed": 2865,
          "userTimings": {
            "marks": [
              {
                "name": "loadStarteventUtils",
                "startTime": 4590.08
              },
              {
                "name": "loadEndeventUtils",
                "startTime": 4590.4400000000005
              },
              {
                "name": "loadStartpixelQueue",
                "startTime": 4590.62
              },
              {
                "name": "loadEndpixelQueue",
                "startTime": 4590.72
              },
              {
                "name": "gpt-tag-load",
                "startTime": 7783.26
              },
              {
                "name": "gpt-first-ad-request",
                "startTime": 9321.68
              },
              {
                "name": "gpt-first-ad-render",
                "startTime": 10675.88
              }
            ],
            "measures": [
              {
                "duration": 0.3600000000005821,
                "name": "lteu",
                "startTime": 4590.08
              },
              {
                "duration": 0.1000000000003638,
                "name": "ltpq",
                "startTime": 4590.62
              }
            ]
          }
        }
      },
      {
        "browser": {
          "appConstants": {
            "ACCESSIBILITY": true,
            "ANDROID_PACKAGE_NAME": "org.mozilla.firefox",
            "ASAN": false,
            "ASAN_REPORTER": false,
            "BROWSER_CHROME_URL": "chrome://browser/content/browser.xul",
            "DEBUG": false,
            "DEBUG_JS_MODULES": "",
            "DLL_PREFIX": "lib",
            "DLL_SUFFIX": ".so",
            "EARLY_BETA_OR_EARLIER": false,
            "FENNEC_NIGHTLY": false,
            "HAVE_SHELL_SERVICE": false,
            "HAVE_USR_LIB64_DIR": false,
            "MENUBAR_CAN_AUTOHIDE": false,
            "MOZILLA_OFFICIAL": true,
            "MOZ_ALLOW_LEGACY_EXTENSIONS": false,
            "MOZ_ANDROID_ACTIVITY_STREAM": false,
            "MOZ_ANDROID_HISTORY": true,
            "MOZ_ANDROID_MOZILLA_ONLINE": false,
            "MOZ_APP_NAME": "fennec",
            "MOZ_APP_VERSION": "68.1.1",
            "MOZ_APP_VERSION_DISPLAY": "68.1.1",
            "MOZ_BING_API_CLIENTID": "no-bing-api-clientid",
            "MOZ_BING_API_KEY": "no-bing-api-key",
            "MOZ_BITS_DOWNLOAD": false,
            "MOZ_BUILD_APP": "mobile/android",
            "MOZ_CODE_COVERAGE": false,
            "MOZ_CRASHREPORTER": true,
            "MOZ_DATA_REPORTING": true,
            "MOZ_DEV_EDITION": false,
            "MOZ_GECKO_PROFILER": true,
            "MOZ_GOOGLE_LOCATION_SERVICE_API_KEY": "AIzaSyB2h2OuRcUgy5N-5hsZqiPW6sH3n_rptiQ",
            "MOZ_GOOGLE_SAFEBROWSING_API_KEY": "AIzaSyC7jsptDS3am4tPx4r3nxis7IMjBc5Dovo",
            "MOZ_GRAPHENE": false,
            "MOZ_MACBUNDLE_NAME": "Firefox.app",
            "MOZ_MAINTENANCE_SERVICE": false,
            "MOZ_MOZILLA_API_KEY": "3b4d27dd-703d-4094-8398-4de2c763505a",
            "MOZ_NEW_CERT_STORAGE": false,
            "MOZ_NEW_NOTIFICATION_STORE": false,
            "MOZ_NEW_XULSTORE": false,
            "MOZ_OFFICIAL_BRANDING": false,
            "MOZ_PLACES": false,
            "MOZ_REQUIRE_SIGNING": false,
            "MOZ_SANDBOX": false,
            "MOZ_SERVICES_HEALTHREPORT": true,
            "MOZ_SERVICES_SYNC": false,
            "MOZ_SWITCHBOARD": true,
            "MOZ_SYSTEM_NSS": false,
            "MOZ_TELEMETRY_ON_BY_DEFAULT": false,
            "MOZ_TELEMETRY_REPORTING": true,
            "MOZ_UNSIGNED_SCOPES": 0,
            "MOZ_UPDATER": false,
            "MOZ_UPDATE_CHANNEL": "release",
            "MOZ_WEBRTC": true,
            "MOZ_WIDGET_GTK": false,
            "MOZ_WIDGET_TOOLKIT": "android",
            "NIGHTLY_BUILD": false,
            "OMNIJAR_NAME": "assets/omni.ja",
            "RELEASE_OR_BETA": true,
            "SOURCE_REVISION_URL": "https://hg.mozilla.org/releases/mozilla-esr68/rev/d2e0b9e17b9bc1ef02606c8006b73293f7892ad5",
            "TELEMETRY_PING_FORMAT_VERSION": 4,
            "XP_UNIX": true,
            "isPlatformAndVersionAtLeast": {},
            "isPlatformAndVersionAtMost": {},
            "platform": "android"
          },
          "asyncAppConstants": {
            "ACCESSIBILITY": true,
            "ANDROID_PACKAGE_NAME": "org.mozilla.firefox",
            "ASAN": false,
            "ASAN_REPORTER": false,
            "BROWSER_CHROME_URL": "chrome://browser/content/browser.xul",
            "DEBUG": false,
            "DEBUG_JS_MODULES": "",
            "DLL_PREFIX": "lib",
            "DLL_SUFFIX": ".so",
            "EARLY_BETA_OR_EARLIER": false,
            "FENNEC_NIGHTLY": false,
            "HAVE_SHELL_SERVICE": false,
            "HAVE_USR_LIB64_DIR": false,
            "MENUBAR_CAN_AUTOHIDE": false,
            "MOZILLA_OFFICIAL": true,
            "MOZ_ALLOW_LEGACY_EXTENSIONS": false,
            "MOZ_ANDROID_ACTIVITY_STREAM": false,
            "MOZ_ANDROID_HISTORY": true,
            "MOZ_ANDROID_MOZILLA_ONLINE": false,
            "MOZ_APP_NAME": "fennec",
            "MOZ_APP_VERSION": "68.1.1",
            "MOZ_APP_VERSION_DISPLAY": "68.1.1",
            "MOZ_BING_API_CLIENTID": "no-bing-api-clientid",
            "MOZ_BING_API_KEY": "no-bing-api-key",
            "MOZ_BITS_DOWNLOAD": false,
            "MOZ_BUILD_APP": "mobile/android",
            "MOZ_CODE_COVERAGE": false,
            "MOZ_CRASHREPORTER": true,
            "MOZ_DATA_REPORTING": true,
            "MOZ_DEV_EDITION": false,
            "MOZ_GECKO_PROFILER": true,
            "MOZ_GOOGLE_LOCATION_SERVICE_API_KEY": "AIzaSyB2h2OuRcUgy5N-5hsZqiPW6sH3n_rptiQ",
            "MOZ_GOOGLE_SAFEBROWSING_API_KEY": "AIzaSyC7jsptDS3am4tPx4r3nxis7IMjBc5Dovo",
            "MOZ_GRAPHENE": false,
            "MOZ_MACBUNDLE_NAME": "Firefox.app",
            "MOZ_MAINTENANCE_SERVICE": false,
            "MOZ_MOZILLA_API_KEY": "3b4d27dd-703d-4094-8398-4de2c763505a",
            "MOZ_NEW_CERT_STORAGE": false,
            "MOZ_NEW_NOTIFICATION_STORE": false,
            "MOZ_NEW_XULSTORE": false,
            "MOZ_OFFICIAL_BRANDING": false,
            "MOZ_PLACES": false,
            "MOZ_REQUIRE_SIGNING": false,
            "MOZ_SANDBOX": false,
            "MOZ_SERVICES_HEALTHREPORT": true,
            "MOZ_SERVICES_SYNC": false,
            "MOZ_SWITCHBOARD": true,
            "MOZ_SYSTEM_NSS": false,
            "MOZ_TELEMETRY_ON_BY_DEFAULT": false,
            "MOZ_TELEMETRY_REPORTING": true,
            "MOZ_UNSIGNED_SCOPES": 0,
            "MOZ_UPDATER": false,
            "MOZ_UPDATE_CHANNEL": "release",
            "MOZ_WEBRTC": true,
            "MOZ_WIDGET_GTK": false,
            "MOZ_WIDGET_TOOLKIT": "android",
            "NIGHTLY_BUILD": false,
            "OMNIJAR_NAME": "assets/omni.ja",
            "RELEASE_OR_BETA": true,
            "SOURCE_REVISION_URL": "https://hg.mozilla.org/releases/mozilla-esr68/rev/d2e0b9e17b9bc1ef02606c8006b73293f7892ad5",
            "TELEMETRY_PING_FORMAT_VERSION": 4,
            "XP_UNIX": true,
            "isPlatformAndVersionAtLeast": {},
            "isPlatformAndVersionAtMost": {},
            "platform": "android"
          },
          "userAgent": "Mozilla/5.0 (Android 8.1.0; Mobile; rv:68.0) Gecko/68.0 Firefox/68.0",
          "windowSize": "360x560"
        },
        "pageinfo": {
          "documentHeight": 560,
          "documentSize": {
            "decodedBodySize": 503848,
            "encodedBodySize": 45085,
            "transferSize": 45880
          },
          "documentTitle": "App news and reviews, best software downloads and discovery - Softonic",
          "documentWidth": 360,
          "domElements": 4181,
          "navigationStartTime": 1617085433983,
          "nextHopProtocol": "h2",
          "resources": {
            "count": 0,
            "duration": 0
          },
          "responsive": true,
          "url": "https://en.softonic.com/",
          "visualElements": {
            "heroes": [
              {
                "filename": "xender-xender-icon.png",
                "height": 48,
                "name": "LargestImage",
                "width": 48,
                "x": 60,
                "y": 241
              },
              {
                "filename": null,
                "height": 54,
                "name": "Heading",
                "width": 336,
                "x": 12,
                "y": 54
              }
            ],
            "viewport": {
              "height": 560,
              "width": 360
            }
          }
        },
        "timings": {
          "firstPaint": 3205,
          "loadEventEnd": 12728,
          "navigationTiming": {
            "connectStart": 36,
            "domComplete": 12711,
            "domContentLoadedEventEnd": 3306,
            "domContentLoadedEventStart": 3287,
            "domInteractive": 2011,
            "domainLookupEnd": 36,
            "domainLookupStart": 36,
            "duration": 12728,
            "fetchStart": 3,
            "loadEventEnd": 12728,
            "loadEventStart": 12711,
            "redirectEnd": 0,
            "redirectStart": 0,
            "requestStart": 127,
            "responseEnd": 725,
            "responseStart": 725,
            "secureConnectionStart": 47,
            "startTime": 0,
            "unloadEventEnd": 0,
            "unloadEventStart": 0,
            "workerStart": 0
          },
          "pageTimings": {
            "backEndTime": 725,
            "domContentLoadedTime": 3287,
            "domInteractiveTime": 2011,
            "domainLookupTime": 0,
            "frontEndTime": 11987,
            "pageDownloadTime": 0,
            "pageLoadTime": 12711,
            "redirectionTime": 0,
            "serverConnectionTime": 90,
            "serverResponseTime": 597
          },
          "rumSpeedIndex": 724,
          "timeToContentfulPaint": 3355,
          "timeToDomContentFlushed": 2591,
          "userTimings": {
            "marks": [
              {
                "name": "loadStarteventUtils",
                "startTime": 4520.92
              },
              {
                "name": "loadEndeventUtils",
                "startTime": 4521.22
              },
              {
                "name": "loadStartpixelQueue",
                "startTime": 4521.4400000000005
              },
              {
                "name": "loadEndpixelQueue",
                "startTime": 4521.6
              },
              {
                "name": "gpt-tag-load",
                "startTime": 5728.54
              },
              {
                "name": "gpt-first-ad-request",
                "startTime": 8740.300000000001
              },
              {
                "name": "gpt-first-ad-render",
                "startTime": 10410.06
              }
            ],
            "measures": [
              {
                "duration": 0.3000000000001819,
                "name": "lteu",
                "startTime": 4520.92
              },
              {
                "duration": 0.15999999999985448,
                "name": "ltpq",
                "startTime": 4521.4400000000005
              }
            ]
          }
        }
      },
      {
        "browser": {
          "appConstants": {
            "ACCESSIBILITY": true,
            "ANDROID_PACKAGE_NAME": "org.mozilla.firefox",
            "ASAN": false,
            "ASAN_REPORTER": false,
            "BROWSER_CHROME_URL": "chrome://browser/content/browser.xul",
            "DEBUG": false,
            "DEBUG_JS_MODULES": "",
            "DLL_PREFIX": "lib",
            "DLL_SUFFIX": ".so",
            "EARLY_BETA_OR_EARLIER": false,
            "FENNEC_NIGHTLY": false,
            "HAVE_SHELL_SERVICE": false,
            "HAVE_USR_LIB64_DIR": false,
            "MENUBAR_CAN_AUTOHIDE": false,
            "MOZILLA_OFFICIAL": true,
            "MOZ_ALLOW_LEGACY_EXTENSIONS": false,
            "MOZ_ANDROID_ACTIVITY_STREAM": false,
            "MOZ_ANDROID_HISTORY": true,
            "MOZ_ANDROID_MOZILLA_ONLINE": false,
            "MOZ_APP_NAME": "fennec",
            "MOZ_APP_VERSION": "68.1.1",
            "MOZ_APP_VERSION_DISPLAY": "68.1.1",
            "MOZ_BING_API_CLIENTID": "no-bing-api-clientid",
            "MOZ_BING_API_KEY": "no-bing-api-key",
            "MOZ_BITS_DOWNLOAD": false,
            "MOZ_BUILD_APP": "mobile/android",
            "MOZ_CODE_COVERAGE": false,
            "MOZ_CRASHREPORTER": true,
            "MOZ_DATA_REPORTING": true,
            "MOZ_DEV_EDITION": false,
            "MOZ_GECKO_PROFILER": true,
            "MOZ_GOOGLE_LOCATION_SERVICE_API_KEY": "AIzaSyB2h2OuRcUgy5N-5hsZqiPW6sH3n_rptiQ",
            "MOZ_GOOGLE_SAFEBROWSING_API_KEY": "AIzaSyC7jsptDS3am4tPx4r3nxis7IMjBc5Dovo",
            "MOZ_GRAPHENE": false,
            "MOZ_MACBUNDLE_NAME": "Firefox.app",
            "MOZ_MAINTENANCE_SERVICE": false,
            "MOZ_MOZILLA_API_KEY": "3b4d27dd-703d-4094-8398-4de2c763505a",
            "MOZ_NEW_CERT_STORAGE": false,
            "MOZ_NEW_NOTIFICATION_STORE": false,
            "MOZ_NEW_XULSTORE": false,
            "MOZ_OFFICIAL_BRANDING": false,
            "MOZ_PLACES": false,
            "MOZ_REQUIRE_SIGNING": false,
            "MOZ_SANDBOX": false,
            "MOZ_SERVICES_HEALTHREPORT": true,
            "MOZ_SERVICES_SYNC": false,
            "MOZ_SWITCHBOARD": true,
            "MOZ_SYSTEM_NSS": false,
            "MOZ_TELEMETRY_ON_BY_DEFAULT": false,
            "MOZ_TELEMETRY_REPORTING": true,
            "MOZ_UNSIGNED_SCOPES": 0,
            "MOZ_UPDATER": false,
            "MOZ_UPDATE_CHANNEL": "release",
            "MOZ_WEBRTC": true,
            "MOZ_WIDGET_GTK": false,
            "MOZ_WIDGET_TOOLKIT": "android",
            "NIGHTLY_BUILD": false,
            "OMNIJAR_NAME": "assets/omni.ja",
            "RELEASE_OR_BETA": true,
            "SOURCE_REVISION_URL": "https://hg.mozilla.org/releases/mozilla-esr68/rev/d2e0b9e17b9bc1ef02606c8006b73293f7892ad5",
            "TELEMETRY_PING_FORMAT_VERSION": 4,
            "XP_UNIX": true,
            "isPlatformAndVersionAtLeast": {},
            "isPlatformAndVersionAtMost": {},
            "platform": "android"
          },
          "asyncAppConstants": {
            "ACCESSIBILITY": true,
            "ANDROID_PACKAGE_NAME": "org.mozilla.firefox",
            "ASAN": false,
            "ASAN_REPORTER": false,
            "BROWSER_CHROME_URL": "chrome://browser/content/browser.xul",
            "DEBUG": false,
            "DEBUG_JS_MODULES": "",
            "DLL_PREFIX": "lib",
            "DLL_SUFFIX": ".so",
            "EARLY_BETA_OR_EARLIER": false,
            "FENNEC_NIGHTLY": false,
            "HAVE_SHELL_SERVICE": false,
            "HAVE_USR_LIB64_DIR": false,
            "MENUBAR_CAN_AUTOHIDE": false,
            "MOZILLA_OFFICIAL": true,
            "MOZ_ALLOW_LEGACY_EXTENSIONS": false,
            "MOZ_ANDROID_ACTIVITY_STREAM": false,
            "MOZ_ANDROID_HISTORY": true,
            "MOZ_ANDROID_MOZILLA_ONLINE": false,
            "MOZ_APP_NAME": "fennec",
            "MOZ_APP_VERSION": "68.1.1",
            "MOZ_APP_VERSION_DISPLAY": "68.1.1",
            "MOZ_BING_API_CLIENTID": "no-bing-api-clientid",
            "MOZ_BING_API_KEY": "no-bing-api-key",
            "MOZ_BITS_DOWNLOAD": false,
            "MOZ_BUILD_APP": "mobile/android",
            "MOZ_CODE_COVERAGE": false,
            "MOZ_CRASHREPORTER": true,
            "MOZ_DATA_REPORTING": true,
            "MOZ_DEV_EDITION": false,
            "MOZ_GECKO_PROFILER": true,
            "MOZ_GOOGLE_LOCATION_SERVICE_API_KEY": "AIzaSyB2h2OuRcUgy5N-5hsZqiPW6sH3n_rptiQ",
            "MOZ_GOOGLE_SAFEBROWSING_API_KEY": "AIzaSyC7jsptDS3am4tPx4r3nxis7IMjBc5Dovo",
            "MOZ_GRAPHENE": false,
            "MOZ_MACBUNDLE_NAME": "Firefox.app",
            "MOZ_MAINTENANCE_SERVICE": false,
            "MOZ_MOZILLA_API_KEY": "3b4d27dd-703d-4094-8398-4de2c763505a",
            "MOZ_NEW_CERT_STORAGE": false,
            "MOZ_NEW_NOTIFICATION_STORE": false,
            "MOZ_NEW_XULSTORE": false,
            "MOZ_OFFICIAL_BRANDING": false,
            "MOZ_PLACES": false,
            "MOZ_REQUIRE_SIGNING": false,
            "MOZ_SANDBOX": false,
            "MOZ_SERVICES_HEALTHREPORT": true,
            "MOZ_SERVICES_SYNC": false,
            "MOZ_SWITCHBOARD": true,
            "MOZ_SYSTEM_NSS": false,
            "MOZ_TELEMETRY_ON_BY_DEFAULT": false,
            "MOZ_TELEMETRY_REPORTING": true,
            "MOZ_UNSIGNED_SCOPES": 0,
            "MOZ_UPDATER": false,
            "MOZ_UPDATE_CHANNEL": "release",
            "MOZ_WEBRTC": true,
            "MOZ_WIDGET_GTK": false,
            "MOZ_WIDGET_TOOLKIT": "android",
            "NIGHTLY_BUILD": false,
            "OMNIJAR_NAME": "assets/omni.ja",
            "RELEASE_OR_BETA": true,
            "SOURCE_REVISION_URL": "https://hg.mozilla.org/releases/mozilla-esr68/rev/d2e0b9e17b9bc1ef02606c8006b73293f7892ad5",
            "TELEMETRY_PING_FORMAT_VERSION": 4,
            "XP_UNIX": true,
            "isPlatformAndVersionAtLeast": {},
            "isPlatformAndVersionAtMost": {},
            "platform": "android"
          },
          "userAgent": "Mozilla/5.0 (Android 8.1.0; Mobile; rv:68.0) Gecko/68.0 Firefox/68.0",
          "windowSize": "360x560"
        },
        "pageinfo": {
          "documentHeight": 560,
          "documentSize": {
            "decodedBodySize": 504086,
            "encodedBodySize": 45284,
            "transferSize": 46073
          },
          "documentTitle": "App news and reviews, best software downloads and discovery - Softonic",
          "documentWidth": 360,
          "domElements": 3765,
          "navigationStartTime": 1617085471732,
          "nextHopProtocol": "h2",
          "resources": {
            "count": 0,
            "duration": 0
          },
          "responsive": true,
          "url": "https://en.softonic.com/",
          "visualElements": {
            "heroes": [
              {
                "filename": "xender-xender-icon.png",
                "height": 48,
                "name": "LargestImage",
                "width": 48,
                "x": 60,
                "y": 241
              },
              {
                "filename": null,
                "height": 54,
                "name": "Heading",
                "width": 336,
                "x": 12,
                "y": 54
              }
            ],
            "viewport": {
              "height": 560,
              "width": 360
            }
          }
        },
        "timings": {
          "firstPaint": 2207,
          "loadEventEnd": 10046,
          "navigationTiming": {
            "connectStart": 37,
            "domComplete": 10041,
            "domContentLoadedEventEnd": 2350,
            "domContentLoadedEventStart": 2325,
            "domInteractive": 1594,
            "domainLookupEnd": 37,
            "domainLookupStart": 37,
            "duration": 10046,
            "fetchStart": 3,
            "loadEventEnd": 10046,
            "loadEventStart": 10041,
            "redirectEnd": 0,
            "redirectStart": 0,
            "requestStart": 155,
            "responseEnd": 504,
            "responseStart": 504,
            "secureConnectionStart": 64,
            "startTime": 0,
            "unloadEventEnd": 0,
            "unloadEventStart": 0,
            "workerStart": 0
          },
          "pageTimings": {
            "backEndTime": 504,
            "domContentLoadedTime": 2325,
            "domInteractiveTime": 1594,
            "domainLookupTime": 0,
            "frontEndTime": 9537,
            "pageDownloadTime": 0,
            "pageLoadTime": 10041,
            "redirectionTime": 0,
            "serverConnectionTime": 117,
            "serverResponseTime": 349
          },
          "rumSpeedIndex": 503,
          "timeToContentfulPaint": 2351,
          "timeToDomContentFlushed": 2174,
          "userTimings": {
            "marks": [
              {
                "name": "gpt-tag-load",
                "startTime": 6268.26
              },
              {
                "name": "gpt-first-ad-request",
                "startTime": 8805.74
              },
              {
                "name": "loadStarteventUtils",
                "startTime": 8863.44
              },
              {
                "name": "loadEndeventUtils",
                "startTime": 8863.74
              },
              {
                "name": "loadStartpixelQueue",
                "startTime": 8864
              },
              {
                "name": "loadEndpixelQueue",
                "startTime": 8864.14
              },
              {
                "name": "gpt-first-ad-render",
                "startTime": 10474.16
              }
            ],
            "measures": [
              {
                "duration": 0.2999999999992724,
                "name": "lteu",
                "startTime": 8863.44
              },
              {
                "duration": 0.13999999999941792,
                "name": "ltpq",
                "startTime": 8864
              }
            ]
          }
        }
      }
    ],
    "visualMetrics": [],
    "cpu": [],
    "extras": [
      {},
      {},
      {}
    ],
    "fullyLoaded": [],
    "errors": [
      [],
      [],
      []
    ],
    "statistics": {
      "browser": {
        "appConstants": {
          "MOZ_UNSIGNED_SCOPES": {
            "median": 0,
            "mean": 0,
            "mdev": 0,
            "stddev": 0,
            "min": 0,
            "p10": 0,
            "p90": 0,
            "p99": 0,
            "max": 0
          },
          "TELEMETRY_PING_FORMAT_VERSION": {
            "median": 4,
            "mean": 4,
            "mdev": 0,
            "stddev": 0,
            "min": 4,
            "p10": 4,
            "p90": 4,
            "p99": 4,
            "max": 4
          }
        },
        "asyncAppConstants": {
          "MOZ_UNSIGNED_SCOPES": {
            "median": 0,
            "mean": 0,
            "mdev": 0,
            "stddev": 0,
            "min": 0,
            "p10": 0,
            "p90": 0,
            "p99": 0,
            "max": 0
          },
          "TELEMETRY_PING_FORMAT_VERSION": {
            "median": 4,
            "mean": 4,
            "mdev": 0,
            "stddev": 0,
            "min": 4,
            "p10": 4,
            "p90": 4,
            "p99": 4,
            "max": 4
          }
        }
      },
      "pageinfo": {
        "documentHeight": {
          "median": 560,
          "mean": 560,
          "mdev": 0,
          "stddev": 0,
          "min": 560,
          "p10": 560,
          "p90": 560,
          "p99": 560,
          "max": 560
        },
        "documentSize": {
          "decodedBodySize": {
            "median": 504086,
            "mean": 504007,
            "mdev": 64.7754,
            "stddev": 112,
            "min": 503848,
            "p10": 503848,
            "p90": 504086,
            "p99": 504086,
            "max": 504086
          },
          "encodedBodySize": {
            "median": 45283,
            "mean": 45217,
            "mdev": 54.0254,
            "stddev": 94,
            "min": 45085,
            "p10": 45085,
            "p90": 45284,
            "p99": 45284,
            "max": 45284
          },
          "transferSize": {
            "median": 46072,
            "mean": 46008,
            "mdev": 52.3924,
            "stddev": 91,
            "min": 45880,
            "p10": 45880,
            "p90": 46073,
            "p99": 46073,
            "max": 46073
          }
        },
        "documentWidth": {
          "median": 360,
          "mean": 360,
          "mdev": 0,
          "stddev": 0,
          "min": 360,
          "p10": 360,
          "p90": 360,
          "p99": 360,
          "max": 360
        },
        "domElements": {
          "median": 4181,
          "mean": 4044,
          "mdev": 113.9074,
          "stddev": 197,
          "min": 3765,
          "p10": 3765,
          "p90": 4186,
          "p99": 4186,
          "max": 4186
        },
        "navigationStartTime": {
          "median": 1617085433983,
          "mean": 1617085432099,
          "mdev": 21845.3333,
          "stddev": 37837,
          "min": 1617085390582,
          "p10": 1617085390582,
          "p90": 1617085471732,
          "p99": 1617085471732,
          "max": 1617085471732
        },
        "resources": {
          "count": {
            "median": 0,
            "mean": 0,
            "mdev": 0,
            "stddev": 0,
            "min": 0,
            "p10": 0,
            "p90": 0,
            "p99": 0,
            "max": 0
          },
          "duration": {
            "median": 0,
            "mean": 0,
            "mdev": 0,
            "stddev": 0,
            "min": 0,
            "p10": 0,
            "p90": 0,
            "p99": 0,
            "max": 0
          }
        },
        "visualElements": {
          "heroes": [
            {
              "height": {
                "median": 48,
                "mean": 48,
                "mdev": 0,
                "stddev": 0,
                "min": 48,
                "p10": 48,
                "p90": 48,
                "p99": 48,
                "max": 48
              },
              "width": {
                "median": 48,
                "mean": 48,
                "mdev": 0,
                "stddev": 0,
                "min": 48,
                "p10": 48,
                "p90": 48,
                "p99": 48,
                "max": 48
              },
              "x": {
                "median": 60,
                "mean": 60,
                "mdev": 0,
                "stddev": 0,
                "min": 60,
                "p10": 60,
                "p90": 60,
                "p99": 60,
                "max": 60
              },
              "y": {
                "median": 241,
                "mean": 241,
                "mdev": 0,
                "stddev": 0,
                "min": 241,
                "p10": 241,
                "p90": 241,
                "p99": 241,
                "max": 241
              }
            },
            {
              "height": {
                "median": 54,
                "mean": 54,
                "mdev": 0,
                "stddev": 0,
                "min": 54,
                "p10": 54,
                "p90": 54,
                "p99": 54,
                "max": 54
              },
              "width": {
                "median": 336,
                "mean": 336,
                "mdev": 0,
                "stddev": 0,
                "min": 336,
                "p10": 336,
                "p90": 336,
                "p99": 336,
                "max": 336
              },
              "x": {
                "median": 12,
                "mean": 12,
                "mdev": 0,
                "stddev": 0,
                "min": 12,
                "p10": 12,
                "p90": 12,
                "p99": 12,
                "max": 12
              },
              "y": {
                "median": 54,
                "mean": 54,
                "mdev": 0,
                "stddev": 0,
                "min": 54,
                "p10": 54,
                "p90": 54,
                "p99": 54,
                "max": 54
              }
            }
          ],
          "viewport": {
            "height": {
              "median": 560,
              "mean": 560,
              "mdev": 0,
              "stddev": 0,
              "min": 560,
              "p10": 560,
              "p90": 560,
              "p99": 560,
              "max": 560
            },
            "width": {
              "median": 360,
              "mean": 360,
              "mdev": 0,
              "stddev": 0,
              "min": 360,
              "p10": 360,
              "p90": 360,
              "p99": 360,
              "max": 360
            }
          }
        }
      },
      "timings": {
        "firstPaint": {
          "median": 3205,
          "mean": 2929,
          "mdev": 297.633,
          "stddev": 516,
          "min": 2207,
          "p10": 2207,
          "p90": 3376,
          "p99": 3376,
          "max": 3376
        },
        "loadEventEnd": {
          "median": 12728,
          "mean": 11837,
          "mdev": 731.3126,
          "stddev": 1267,
          "min": 10046,
          "p10": 10046,
          "p90": 12738,
          "p99": 12738,
          "max": 12738
        },
        "navigationTiming": {
          "connectStart": {
            "median": 36,
            "mean": 36,
            "mdev": 0.4714,
            "stddev": 1,
            "min": 35,
            "p10": 35,
            "p90": 37,
            "p99": 37,
            "max": 37
          },
          "domComplete": {
            "median": 12711,
            "mean": 11825,
            "mdev": 728.3204,
            "stddev": 1261,
            "min": 10041,
            "p10": 10041,
            "p90": 12723,
            "p99": 12723,
            "max": 12723
          },
          "domContentLoadedEventEnd": {
            "median": 3306,
            "mean": 3045,
            "mdev": 286.816,
            "stddev": 497,
            "min": 2350,
            "p10": 2350,
            "p90": 3480,
            "p99": 3480,
            "max": 3480
          },
          "domContentLoadedEventStart": {
            "median": 3287,
            "mean": 3025,
            "mdev": 288.769,
            "stddev": 500,
            "min": 2325,
            "p10": 2325,
            "p90": 3463,
            "p99": 3463,
            "max": 3463
          },
          "domInteractive": {
            "median": 2011,
            "mean": 1903,
            "mdev": 128.0391,
            "stddev": 222,
            "min": 1594,
            "p10": 1594,
            "p90": 2104,
            "p99": 2104,
            "max": 2104
          },
          "domainLookupEnd": {
            "median": 36,
            "mean": 35,
            "mdev": 1.2472,
            "stddev": 2,
            "min": 32,
            "p10": 32,
            "p90": 37,
            "p99": 37,
            "max": 37
          },
          "domainLookupStart": {
            "median": 36,
            "mean": 35,
            "mdev": 1.2472,
            "stddev": 2,
            "min": 32,
            "p10": 32,
            "p90": 37,
            "p99": 37,
            "max": 37
          },
          "duration": {
            "median": 12728,
            "mean": 11837,
            "mdev": 731.3126,
            "stddev": 1267,
            "min": 10046,
            "p10": 10046,
            "p90": 12738,
            "p99": 12738,
            "max": 12738
          },
          "fetchStart": {
            "median": 3,
            "mean": 3,
            "mdev": 0.2722,
            "stddev": 0,
            "min": 2,
            "p10": 2,
            "p90": 3,
            "p99": 3,
            "max": 3
          },
          "loadEventEnd": {
            "median": 12728,
            "mean": 11837,
            "mdev": 731.3126,
            "stddev": 1267,
            "min": 10046,
            "p10": 10046,
            "p90": 12738,
            "p99": 12738,
            "max": 12738
          },
          "loadEventStart": {
            "median": 12711,
            "mean": 11825,
            "mdev": 728.3204,
            "stddev": 1261,
            "min": 10041,
            "p10": 10041,
            "p90": 12723,
            "p99": 12723,
            "max": 12723
          },
          "redirectEnd": {
            "median": 0,
            "mean": 0,
            "mdev": 0,
            "stddev": 0,
            "min": 0,
            "p10": 0,
            "p90": 0,
            "p99": 0,
            "max": 0
          },
          "redirectStart": {
            "median": 0,
            "mean": 0,
            "mdev": 0,
            "stddev": 0,
            "min": 0,
            "p10": 0,
            "p90": 0,
            "p99": 0,
            "max": 0
          },
          "requestStart": {
            "median": 130,
            "mean": 137,
            "mdev": 7.247,
            "stddev": 13,
            "min": 127,
            "p10": 127,
            "p90": 155,
            "p99": 155,
            "max": 155
          },
          "responseEnd": {
            "median": 504,
            "mean": 555,
            "mdev": 71.4148,
            "stddev": 124,
            "min": 435,
            "p10": 435,
            "p90": 725,
            "p99": 725,
            "max": 725
          },
          "responseStart": {
            "median": 504,
            "mean": 555,
            "mdev": 71.4148,
            "stddev": 124,
            "min": 435,
            "p10": 435,
            "p90": 725,
            "p99": 725,
            "max": 725
          },
          "secureConnectionStart": {
            "median": 48,
            "mean": 53,
            "mdev": 4.4969,
            "stddev": 8,
            "min": 47,
            "p10": 47,
            "p90": 64,
            "p99": 64,
            "max": 64
          },
          "startTime": {
            "median": 0,
            "mean": 0,
            "mdev": 0,
            "stddev": 0,
            "min": 0,
            "p10": 0,
            "p90": 0,
            "p99": 0,
            "max": 0
          },
          "unloadEventEnd": {
            "median": 0,
            "mean": 0,
            "mdev": 0,
            "stddev": 0,
            "min": 0,
            "p10": 0,
            "p90": 0,
            "p99": 0,
            "max": 0
          },
          "unloadEventStart": {
            "median": 0,
            "mean": 0,
            "mdev": 0,
            "stddev": 0,
            "min": 0,
            "p10": 0,
            "p90": 0,
            "p99": 0,
            "max": 0
          },
          "workerStart": {
            "median": 0,
            "mean": 0,
            "mdev": 0,
            "stddev": 0,
            "min": 0,
            "p10": 0,
            "p90": 0,
            "p99": 0,
            "max": 0
          }
        },
        "pageTimings": {
          "backEndTime": {
            "median": 504,
            "mean": 555,
            "mdev": 71.4148,
            "stddev": 124,
            "min": 435,
            "p10": 435,
            "p90": 725,
            "p99": 725,
            "max": 725
          },
          "domContentLoadedTime": {
            "median": 3287,
            "mean": 3025,
            "mdev": 288.769,
            "stddev": 500,
            "min": 2325,
            "p10": 2325,
            "p90": 3463,
            "p99": 3463,
            "max": 3463
          },
          "domInteractiveTime": {
            "median": 2011,
            "mean": 1903,
            "mdev": 128.0391,
            "stddev": 222,
            "min": 1594,
            "p10": 1594,
            "p90": 2104,
            "p99": 2104,
            "max": 2104
          },
          "domainLookupTime": {
            "median": 0,
            "mean": 0,
            "mdev": 0,
            "stddev": 0,
            "min": 0,
            "p10": 0,
            "p90": 0,
            "p99": 0,
            "max": 0
          },
          "frontEndTime": {
            "median": 11987,
            "mean": 11271,
            "mdev": 711.3134,
            "stddev": 1232,
            "min": 9537,
            "p10": 9537,
            "p90": 12288,
            "p99": 12288,
            "max": 12288
          },
          "pageDownloadTime": {
            "median": 0,
            "mean": 0,
            "mdev": 0,
            "stddev": 0,
            "min": 0,
            "p10": 0,
            "p90": 0,
            "p99": 0,
            "max": 0
          },
          "pageLoadTime": {
            "median": 12711,
            "mean": 11825,
            "mdev": 728.3204,
            "stddev": 1261,
            "min": 10041,
            "p10": 10041,
            "p90": 12723,
            "p99": 12723,
            "max": 12723
          },
          "redirectionTime": {
            "median": 0,
            "mean": 0,
            "mdev": 0,
            "stddev": 0,
            "min": 0,
            "p10": 0,
            "p90": 0,
            "p99": 0,
            "max": 0
          },
          "serverConnectionTime": {
            "median": 93,
            "mean": 100,
            "mdev": 6.9761,
            "stddev": 12,
            "min": 90,
            "p10": 90,
            "p90": 117,
            "p99": 117,
            "max": 117
          },
          "serverResponseTime": {
            "median": 349,
            "mean": 417,
            "mdev": 74.2129,
            "stddev": 129,
            "min": 305,
            "p10": 305,
            "p90": 597,
            "p99": 597,
            "max": 597
          }
        },
        "rumSpeedIndex": {
          "median": 503,
          "mean": 554,
          "mdev": 71.2289,
          "stddev": 123,
          "min": 435,
          "p10": 435,
          "p90": 724,
          "p99": 724,
          "max": 724
        },
        "timeToContentfulPaint": {
          "median": 3355,
          "mean": 3097,
          "mdev": 309.1653,
          "stddev": 535,
          "min": 2351,
          "p10": 2351,
          "p90": 3584,
          "p99": 3584,
          "max": 3584
        },
        "timeToDomContentFlushed": {
          "median": 2591,
          "mean": 2543,
          "mdev": 164.0287,
          "stddev": 284,
          "min": 2174,
          "p10": 2174,
          "p90": 2865,
          "p99": 2865,
          "max": 2865
        },
        "userTimings": {
          "marks": {
            "loadStarteventUtils": {
              "median": 4590,
              "mean": 5991,
              "mdev": 1172.5861,
              "stddev": 2031,
              "min": 4521,
              "p10": 4521,
              "p90": 8863,
              "p99": 8863,
              "max": 8863
            },
            "loadEndeventUtils": {
              "median": 4590,
              "mean": 5992,
              "mdev": 1172.5781,
              "stddev": 2031,
              "min": 4521,
              "p10": 4521,
              "p90": 8864,
              "p99": 8864,
              "max": 8864
            },
            "loadStartpixelQueue": {
              "median": 4591,
              "mean": 5992,
              "mdev": 1172.5943,
              "stddev": 2031,
              "min": 4521,
              "p10": 4521,
              "p90": 8864,
              "p99": 8864,
              "max": 8864
            },
            "loadEndpixelQueue": {
              "median": 4591,
              "mean": 5992,
              "mdev": 1172.5968,
              "stddev": 2031,
              "min": 4522,
              "p10": 4522,
              "p90": 8864,
              "p99": 8864,
              "max": 8864
            },
            "gpt-tag-load": {
              "median": 6268,
              "mean": 6593,
              "mdev": 502.1582,
              "stddev": 870,
              "min": 5729,
              "p10": 5729,
              "p90": 7783,
              "p99": 7783,
              "max": 7783
            },
            "gpt-first-ad-request": {
              "median": 8806,
              "mean": 8956,
              "mdev": 150.1208,
              "stddev": 260,
              "min": 8740,
              "p10": 8740,
              "p90": 9322,
              "p99": 9322,
              "max": 9322
            },
            "gpt-first-ad-render": {
              "median": 10474,
              "mean": 10520,
              "mdev": 65.3934,
              "stddev": 113,
              "min": 10410,
              "p10": 10410,
              "p90": 10676,
              "p99": 10676,
              "max": 10676
            }
          },
          "measures": {
            "lteu": {
              "median": 0,
              "mean": 0,
              "mdev": 0.0163,
              "stddev": 0,
              "min": 0,
              "p10": 0,
              "p90": 0,
              "p99": 0,
              "max": 0
            },
            "ltpq": {
              "median": 0,
              "mean": 0,
              "mdev": 0.0144,
              "stddev": 0,
              "min": 0,
              "p10": 0,
              "p90": 0,
              "p99": 0,
              "max": 0
            }
          }
        }
      }
    }
  }
]