[
  {
    "info": {
      "browsertime": {
        "version": "8.4.0"
      },
      "url": "https://www.popads.net/",
      "timestamp": "2021-03-30T19:46:44+04:00",
      "connectivity": {
        "engine": "external",
        "profile": "native"
      },
      "extra": {}
    },
    "files": {
      "video": [],
      "screenshot": [],
      "timeline": [],
      "consoleLog": [],
      "netLog": [],
      "perfLog": []
    },
    "cdp": {
      "performance": []
    },
    "timestamps": [
      "2021-03-30T19:46:33+04:00",
      "2021-03-30T19:46:50+04:00",
      "2021-03-30T19:47:07+04:00"
    ],
    "browserScripts": [
      {
        "browser": {
          "appConstants": {
            "ACCESSIBILITY": true,
            "ANDROID_PACKAGE_NAME": "org.mozilla.firefox",
            "ASAN": false,
            "ASAN_REPORTER": false,
            "BROWSER_CHROME_URL": "chrome://browser/content/browser.xul",
            "DEBUG": false,
            "DEBUG_JS_MODULES": "",
            "DLL_PREFIX": "lib",
            "DLL_SUFFIX": ".so",
            "EARLY_BETA_OR_EARLIER": false,
            "FENNEC_NIGHTLY": false,
            "HAVE_SHELL_SERVICE": false,
            "HAVE_USR_LIB64_DIR": false,
            "MENUBAR_CAN_AUTOHIDE": false,
            "MOZILLA_OFFICIAL": true,
            "MOZ_ALLOW_LEGACY_EXTENSIONS": false,
            "MOZ_ANDROID_ACTIVITY_STREAM": false,
            "MOZ_ANDROID_HISTORY": true,
            "MOZ_ANDROID_MOZILLA_ONLINE": false,
            "MOZ_APP_NAME": "fennec",
            "MOZ_APP_VERSION": "68.1.1",
            "MOZ_APP_VERSION_DISPLAY": "68.1.1",
            "MOZ_BING_API_CLIENTID": "no-bing-api-clientid",
            "MOZ_BING_API_KEY": "no-bing-api-key",
            "MOZ_BITS_DOWNLOAD": false,
            "MOZ_BUILD_APP": "mobile/android",
            "MOZ_CODE_COVERAGE": false,
            "MOZ_CRASHREPORTER": true,
            "MOZ_DATA_REPORTING": true,
            "MOZ_DEV_EDITION": false,
            "MOZ_GECKO_PROFILER": true,
            "MOZ_GOOGLE_LOCATION_SERVICE_API_KEY": "AIzaSyB2h2OuRcUgy5N-5hsZqiPW6sH3n_rptiQ",
            "MOZ_GOOGLE_SAFEBROWSING_API_KEY": "AIzaSyC7jsptDS3am4tPx4r3nxis7IMjBc5Dovo",
            "MOZ_GRAPHENE": false,
            "MOZ_MACBUNDLE_NAME": "Firefox.app",
            "MOZ_MAINTENANCE_SERVICE": false,
            "MOZ_MOZILLA_API_KEY": "3b4d27dd-703d-4094-8398-4de2c763505a",
            "MOZ_NEW_CERT_STORAGE": false,
            "MOZ_NEW_NOTIFICATION_STORE": false,
            "MOZ_NEW_XULSTORE": false,
            "MOZ_OFFICIAL_BRANDING": false,
            "MOZ_PLACES": false,
            "MOZ_REQUIRE_SIGNING": false,
            "MOZ_SANDBOX": false,
            "MOZ_SERVICES_HEALTHREPORT": true,
            "MOZ_SERVICES_SYNC": false,
            "MOZ_SWITCHBOARD": true,
            "MOZ_SYSTEM_NSS": false,
            "MOZ_TELEMETRY_ON_BY_DEFAULT": false,
            "MOZ_TELEMETRY_REPORTING": true,
            "MOZ_UNSIGNED_SCOPES": 0,
            "MOZ_UPDATER": false,
            "MOZ_UPDATE_CHANNEL": "release",
            "MOZ_WEBRTC": true,
            "MOZ_WIDGET_GTK": false,
            "MOZ_WIDGET_TOOLKIT": "android",
            "NIGHTLY_BUILD": false,
            "OMNIJAR_NAME": "assets/omni.ja",
            "RELEASE_OR_BETA": true,
            "SOURCE_REVISION_URL": "https://hg.mozilla.org/releases/mozilla-esr68/rev/d2e0b9e17b9bc1ef02606c8006b73293f7892ad5",
            "TELEMETRY_PING_FORMAT_VERSION": 4,
            "XP_UNIX": true,
            "isPlatformAndVersionAtLeast": {},
            "isPlatformAndVersionAtMost": {},
            "platform": "android"
          },
          "asyncAppConstants": {
            "ACCESSIBILITY": true,
            "ANDROID_PACKAGE_NAME": "org.mozilla.firefox",
            "ASAN": false,
            "ASAN_REPORTER": false,
            "BROWSER_CHROME_URL": "chrome://browser/content/browser.xul",
            "DEBUG": false,
            "DEBUG_JS_MODULES": "",
            "DLL_PREFIX": "lib",
            "DLL_SUFFIX": ".so",
            "EARLY_BETA_OR_EARLIER": false,
            "FENNEC_NIGHTLY": false,
            "HAVE_SHELL_SERVICE": false,
            "HAVE_USR_LIB64_DIR": false,
            "MENUBAR_CAN_AUTOHIDE": false,
            "MOZILLA_OFFICIAL": true,
            "MOZ_ALLOW_LEGACY_EXTENSIONS": false,
            "MOZ_ANDROID_ACTIVITY_STREAM": false,
            "MOZ_ANDROID_HISTORY": true,
            "MOZ_ANDROID_MOZILLA_ONLINE": false,
            "MOZ_APP_NAME": "fennec",
            "MOZ_APP_VERSION": "68.1.1",
            "MOZ_APP_VERSION_DISPLAY": "68.1.1",
            "MOZ_BING_API_CLIENTID": "no-bing-api-clientid",
            "MOZ_BING_API_KEY": "no-bing-api-key",
            "MOZ_BITS_DOWNLOAD": false,
            "MOZ_BUILD_APP": "mobile/android",
            "MOZ_CODE_COVERAGE": false,
            "MOZ_CRASHREPORTER": true,
            "MOZ_DATA_REPORTING": true,
            "MOZ_DEV_EDITION": false,
            "MOZ_GECKO_PROFILER": true,
            "MOZ_GOOGLE_LOCATION_SERVICE_API_KEY": "AIzaSyB2h2OuRcUgy5N-5hsZqiPW6sH3n_rptiQ",
            "MOZ_GOOGLE_SAFEBROWSING_API_KEY": "AIzaSyC7jsptDS3am4tPx4r3nxis7IMjBc5Dovo",
            "MOZ_GRAPHENE": false,
            "MOZ_MACBUNDLE_NAME": "Firefox.app",
            "MOZ_MAINTENANCE_SERVICE": false,
            "MOZ_MOZILLA_API_KEY": "3b4d27dd-703d-4094-8398-4de2c763505a",
            "MOZ_NEW_CERT_STORAGE": false,
            "MOZ_NEW_NOTIFICATION_STORE": false,
            "MOZ_NEW_XULSTORE": false,
            "MOZ_OFFICIAL_BRANDING": false,
            "MOZ_PLACES": false,
            "MOZ_REQUIRE_SIGNING": false,
            "MOZ_SANDBOX": false,
            "MOZ_SERVICES_HEALTHREPORT": true,
            "MOZ_SERVICES_SYNC": false,
            "MOZ_SWITCHBOARD": true,
            "MOZ_SYSTEM_NSS": false,
            "MOZ_TELEMETRY_ON_BY_DEFAULT": false,
            "MOZ_TELEMETRY_REPORTING": true,
            "MOZ_UNSIGNED_SCOPES": 0,
            "MOZ_UPDATER": false,
            "MOZ_UPDATE_CHANNEL": "release",
            "MOZ_WEBRTC": true,
            "MOZ_WIDGET_GTK": false,
            "MOZ_WIDGET_TOOLKIT": "android",
            "NIGHTLY_BUILD": false,
            "OMNIJAR_NAME": "assets/omni.ja",
            "RELEASE_OR_BETA": true,
            "SOURCE_REVISION_URL": "https://hg.mozilla.org/releases/mozilla-esr68/rev/d2e0b9e17b9bc1ef02606c8006b73293f7892ad5",
            "TELEMETRY_PING_FORMAT_VERSION": 4,
            "XP_UNIX": true,
            "isPlatformAndVersionAtLeast": {},
            "isPlatformAndVersionAtMost": {},
            "platform": "android"
          },
          "userAgent": "Mozilla/5.0 (Android 9; Mobile; rv:68.0) Gecko/68.0 Firefox/68.0",
          "windowSize": "360x612"
        },
        "pageinfo": {
          "documentHeight": 1666,
          "documentSize": {
            "decodedBodySize": 14517,
            "encodedBodySize": 2820,
            "transferSize": 3358
          },
          "documentTitle": "PopAds - Home",
          "documentWidth": 980,
          "domElements": 179,
          "navigationStartTime": 1617119194330,
          "nextHopProtocol": "http/1.1",
          "resources": {
            "count": 0,
            "duration": 0
          },
          "responsive": true,
          "url": "https://www.popads.net/",
          "visualElements": {
            "heroes": [
              {
                "filename": "logo.png?1372079638",
                "height": 74,
                "name": "LargestImage",
                "width": 192,
                "x": 32,
                "y": 30
              },
              {
                "filename": null,
                "height": 35,
                "name": "Heading",
                "width": 520,
                "x": 67,
                "y": 184
              }
            ],
            "viewport": {
              "height": 1666,
              "width": 980
            }
          }
        },
        "timings": {
          "firstPaint": 1888,
          "loadEventEnd": 3259,
          "navigationTiming": {
            "connectStart": 40,
            "domComplete": 3255,
            "domContentLoadedEventEnd": 2268,
            "domContentLoadedEventStart": 2236,
            "domInteractive": 2110,
            "domainLookupEnd": 40,
            "domainLookupStart": 40,
            "duration": 3259,
            "fetchStart": 2,
            "loadEventEnd": 3259,
            "loadEventStart": 3256,
            "redirectEnd": 0,
            "redirectStart": 0,
            "requestStart": 467,
            "responseEnd": 1101,
            "responseStart": 652,
            "secureConnectionStart": 233,
            "startTime": 0,
            "unloadEventEnd": 0,
            "unloadEventStart": 0,
            "workerStart": 0
          },
          "pageTimings": {
            "backEndTime": 652,
            "domContentLoadedTime": 2236,
            "domInteractiveTime": 2110,
            "domainLookupTime": 0,
            "frontEndTime": 2155,
            "pageDownloadTime": 448,
            "pageLoadTime": 3256,
            "redirectionTime": 0,
            "serverConnectionTime": 426,
            "serverResponseTime": 634
          },
          "rumSpeedIndex": 652,
          "timeToContentfulPaint": 2288,
          "timeToDomContentFlushed": 2178,
          "userTimings": {
            "marks": [],
            "measures": []
          }
        }
      },
      {
        "browser": {
          "appConstants": {
            "ACCESSIBILITY": true,
            "ANDROID_PACKAGE_NAME": "org.mozilla.firefox",
            "ASAN": false,
            "ASAN_REPORTER": false,
            "BROWSER_CHROME_URL": "chrome://browser/content/browser.xul",
            "DEBUG": false,
            "DEBUG_JS_MODULES": "",
            "DLL_PREFIX": "lib",
            "DLL_SUFFIX": ".so",
            "EARLY_BETA_OR_EARLIER": false,
            "FENNEC_NIGHTLY": false,
            "HAVE_SHELL_SERVICE": false,
            "HAVE_USR_LIB64_DIR": false,
            "MENUBAR_CAN_AUTOHIDE": false,
            "MOZILLA_OFFICIAL": true,
            "MOZ_ALLOW_LEGACY_EXTENSIONS": false,
            "MOZ_ANDROID_ACTIVITY_STREAM": false,
            "MOZ_ANDROID_HISTORY": true,
            "MOZ_ANDROID_MOZILLA_ONLINE": false,
            "MOZ_APP_NAME": "fennec",
            "MOZ_APP_VERSION": "68.1.1",
            "MOZ_APP_VERSION_DISPLAY": "68.1.1",
            "MOZ_BING_API_CLIENTID": "no-bing-api-clientid",
            "MOZ_BING_API_KEY": "no-bing-api-key",
            "MOZ_BITS_DOWNLOAD": false,
            "MOZ_BUILD_APP": "mobile/android",
            "MOZ_CODE_COVERAGE": false,
            "MOZ_CRASHREPORTER": true,
            "MOZ_DATA_REPORTING": true,
            "MOZ_DEV_EDITION": false,
            "MOZ_GECKO_PROFILER": true,
            "MOZ_GOOGLE_LOCATION_SERVICE_API_KEY": "AIzaSyB2h2OuRcUgy5N-5hsZqiPW6sH3n_rptiQ",
            "MOZ_GOOGLE_SAFEBROWSING_API_KEY": "AIzaSyC7jsptDS3am4tPx4r3nxis7IMjBc5Dovo",
            "MOZ_GRAPHENE": false,
            "MOZ_MACBUNDLE_NAME": "Firefox.app",
            "MOZ_MAINTENANCE_SERVICE": false,
            "MOZ_MOZILLA_API_KEY": "3b4d27dd-703d-4094-8398-4de2c763505a",
            "MOZ_NEW_CERT_STORAGE": false,
            "MOZ_NEW_NOTIFICATION_STORE": false,
            "MOZ_NEW_XULSTORE": false,
            "MOZ_OFFICIAL_BRANDING": false,
            "MOZ_PLACES": false,
            "MOZ_REQUIRE_SIGNING": false,
            "MOZ_SANDBOX": false,
            "MOZ_SERVICES_HEALTHREPORT": true,
            "MOZ_SERVICES_SYNC": false,
            "MOZ_SWITCHBOARD": true,
            "MOZ_SYSTEM_NSS": false,
            "MOZ_TELEMETRY_ON_BY_DEFAULT": false,
            "MOZ_TELEMETRY_REPORTING": true,
            "MOZ_UNSIGNED_SCOPES": 0,
            "MOZ_UPDATER": false,
            "MOZ_UPDATE_CHANNEL": "release",
            "MOZ_WEBRTC": true,
            "MOZ_WIDGET_GTK": false,
            "MOZ_WIDGET_TOOLKIT": "android",
            "NIGHTLY_BUILD": false,
            "OMNIJAR_NAME": "assets/omni.ja",
            "RELEASE_OR_BETA": true,
            "SOURCE_REVISION_URL": "https://hg.mozilla.org/releases/mozilla-esr68/rev/d2e0b9e17b9bc1ef02606c8006b73293f7892ad5",
            "TELEMETRY_PING_FORMAT_VERSION": 4,
            "XP_UNIX": true,
            "isPlatformAndVersionAtLeast": {},
            "isPlatformAndVersionAtMost": {},
            "platform": "android"
          },
          "asyncAppConstants": {
            "ACCESSIBILITY": true,
            "ANDROID_PACKAGE_NAME": "org.mozilla.firefox",
            "ASAN": false,
            "ASAN_REPORTER": false,
            "BROWSER_CHROME_URL": "chrome://browser/content/browser.xul",
            "DEBUG": false,
            "DEBUG_JS_MODULES": "",
            "DLL_PREFIX": "lib",
            "DLL_SUFFIX": ".so",
            "EARLY_BETA_OR_EARLIER": false,
            "FENNEC_NIGHTLY": false,
            "HAVE_SHELL_SERVICE": false,
            "HAVE_USR_LIB64_DIR": false,
            "MENUBAR_CAN_AUTOHIDE": false,
            "MOZILLA_OFFICIAL": true,
            "MOZ_ALLOW_LEGACY_EXTENSIONS": false,
            "MOZ_ANDROID_ACTIVITY_STREAM": false,
            "MOZ_ANDROID_HISTORY": true,
            "MOZ_ANDROID_MOZILLA_ONLINE": false,
            "MOZ_APP_NAME": "fennec",
            "MOZ_APP_VERSION": "68.1.1",
            "MOZ_APP_VERSION_DISPLAY": "68.1.1",
            "MOZ_BING_API_CLIENTID": "no-bing-api-clientid",
            "MOZ_BING_API_KEY": "no-bing-api-key",
            "MOZ_BITS_DOWNLOAD": false,
            "MOZ_BUILD_APP": "mobile/android",
            "MOZ_CODE_COVERAGE": false,
            "MOZ_CRASHREPORTER": true,
            "MOZ_DATA_REPORTING": true,
            "MOZ_DEV_EDITION": false,
            "MOZ_GECKO_PROFILER": true,
            "MOZ_GOOGLE_LOCATION_SERVICE_API_KEY": "AIzaSyB2h2OuRcUgy5N-5hsZqiPW6sH3n_rptiQ",
            "MOZ_GOOGLE_SAFEBROWSING_API_KEY": "AIzaSyC7jsptDS3am4tPx4r3nxis7IMjBc5Dovo",
            "MOZ_GRAPHENE": false,
            "MOZ_MACBUNDLE_NAME": "Firefox.app",
            "MOZ_MAINTENANCE_SERVICE": false,
            "MOZ_MOZILLA_API_KEY": "3b4d27dd-703d-4094-8398-4de2c763505a",
            "MOZ_NEW_CERT_STORAGE": false,
            "MOZ_NEW_NOTIFICATION_STORE": false,
            "MOZ_NEW_XULSTORE": false,
            "MOZ_OFFICIAL_BRANDING": false,
            "MOZ_PLACES": false,
            "MOZ_REQUIRE_SIGNING": false,
            "MOZ_SANDBOX": false,
            "MOZ_SERVICES_HEALTHREPORT": true,
            "MOZ_SERVICES_SYNC": false,
            "MOZ_SWITCHBOARD": true,
            "MOZ_SYSTEM_NSS": false,
            "MOZ_TELEMETRY_ON_BY_DEFAULT": false,
            "MOZ_TELEMETRY_REPORTING": true,
            "MOZ_UNSIGNED_SCOPES": 0,
            "MOZ_UPDATER": false,
            "MOZ_UPDATE_CHANNEL": "release",
            "MOZ_WEBRTC": true,
            "MOZ_WIDGET_GTK": false,
            "MOZ_WIDGET_TOOLKIT": "android",
            "NIGHTLY_BUILD": false,
            "OMNIJAR_NAME": "assets/omni.ja",
            "RELEASE_OR_BETA": true,
            "SOURCE_REVISION_URL": "https://hg.mozilla.org/releases/mozilla-esr68/rev/d2e0b9e17b9bc1ef02606c8006b73293f7892ad5",
            "TELEMETRY_PING_FORMAT_VERSION": 4,
            "XP_UNIX": true,
            "isPlatformAndVersionAtLeast": {},
            "isPlatformAndVersionAtMost": {},
            "platform": "android"
          },
          "userAgent": "Mozilla/5.0 (Android 9; Mobile; rv:68.0) Gecko/68.0 Firefox/68.0",
          "windowSize": "360x612"
        },
        "pageinfo": {
          "documentHeight": 1666,
          "documentSize": {
            "decodedBodySize": 14517,
            "encodedBodySize": 2820,
            "transferSize": 3358
          },
          "documentTitle": "PopAds - Home",
          "documentWidth": 980,
          "domElements": 179,
          "navigationStartTime": 1617119211281,
          "nextHopProtocol": "http/1.1",
          "resources": {
            "count": 0,
            "duration": 0
          },
          "responsive": true,
          "url": "https://www.popads.net/",
          "visualElements": {
            "heroes": [
              {
                "filename": "logo.png?1372079638",
                "height": 74,
                "name": "LargestImage",
                "width": 192,
                "x": 32,
                "y": 30
              },
              {
                "filename": null,
                "height": 35,
                "name": "Heading",
                "width": 520,
                "x": 67,
                "y": 184
              }
            ],
            "viewport": {
              "height": 1666,
              "width": 980
            }
          }
        },
        "timings": {
          "firstPaint": 2323,
          "loadEventEnd": 4374,
          "navigationTiming": {
            "connectStart": 292,
            "domComplete": 4372,
            "domContentLoadedEventEnd": 3079,
            "domContentLoadedEventStart": 3047,
            "domInteractive": 2904,
            "domainLookupEnd": 292,
            "domainLookupStart": 291,
            "duration": 4374,
            "fetchStart": 2,
            "loadEventEnd": 4374,
            "loadEventStart": 4372,
            "redirectEnd": 0,
            "redirectStart": 0,
            "requestStart": 737,
            "responseEnd": 1668,
            "responseStart": 925,
            "secureConnectionStart": 483,
            "startTime": 0,
            "unloadEventEnd": 0,
            "unloadEventStart": 0,
            "workerStart": 0
          },
          "pageTimings": {
            "backEndTime": 925,
            "domContentLoadedTime": 3047,
            "domInteractiveTime": 2904,
            "domainLookupTime": 0,
            "frontEndTime": 2705,
            "pageDownloadTime": 743,
            "pageLoadTime": 4372,
            "redirectionTime": 0,
            "serverConnectionTime": 445,
            "serverResponseTime": 931
          },
          "rumSpeedIndex": 924,
          "timeToContentfulPaint": 3092,
          "timeToDomContentFlushed": 2976,
          "userTimings": {
            "marks": [],
            "measures": []
          }
        }
      },
      {
        "browser": {
          "appConstants": {
            "ACCESSIBILITY": true,
            "ANDROID_PACKAGE_NAME": "org.mozilla.firefox",
            "ASAN": false,
            "ASAN_REPORTER": false,
            "BROWSER_CHROME_URL": "chrome://browser/content/browser.xul",
            "DEBUG": false,
            "DEBUG_JS_MODULES": "",
            "DLL_PREFIX": "lib",
            "DLL_SUFFIX": ".so",
            "EARLY_BETA_OR_EARLIER": false,
            "FENNEC_NIGHTLY": false,
            "HAVE_SHELL_SERVICE": false,
            "HAVE_USR_LIB64_DIR": false,
            "MENUBAR_CAN_AUTOHIDE": false,
            "MOZILLA_OFFICIAL": true,
            "MOZ_ALLOW_LEGACY_EXTENSIONS": false,
            "MOZ_ANDROID_ACTIVITY_STREAM": false,
            "MOZ_ANDROID_HISTORY": true,
            "MOZ_ANDROID_MOZILLA_ONLINE": false,
            "MOZ_APP_NAME": "fennec",
            "MOZ_APP_VERSION": "68.1.1",
            "MOZ_APP_VERSION_DISPLAY": "68.1.1",
            "MOZ_BING_API_CLIENTID": "no-bing-api-clientid",
            "MOZ_BING_API_KEY": "no-bing-api-key",
            "MOZ_BITS_DOWNLOAD": false,
            "MOZ_BUILD_APP": "mobile/android",
            "MOZ_CODE_COVERAGE": false,
            "MOZ_CRASHREPORTER": true,
            "MOZ_DATA_REPORTING": true,
            "MOZ_DEV_EDITION": false,
            "MOZ_GECKO_PROFILER": true,
            "MOZ_GOOGLE_LOCATION_SERVICE_API_KEY": "AIzaSyB2h2OuRcUgy5N-5hsZqiPW6sH3n_rptiQ",
            "MOZ_GOOGLE_SAFEBROWSING_API_KEY": "AIzaSyC7jsptDS3am4tPx4r3nxis7IMjBc5Dovo",
            "MOZ_GRAPHENE": false,
            "MOZ_MACBUNDLE_NAME": "Firefox.app",
            "MOZ_MAINTENANCE_SERVICE": false,
            "MOZ_MOZILLA_API_KEY": "3b4d27dd-703d-4094-8398-4de2c763505a",
            "MOZ_NEW_CERT_STORAGE": false,
            "MOZ_NEW_NOTIFICATION_STORE": false,
            "MOZ_NEW_XULSTORE": false,
            "MOZ_OFFICIAL_BRANDING": false,
            "MOZ_PLACES": false,
            "MOZ_REQUIRE_SIGNING": false,
            "MOZ_SANDBOX": false,
            "MOZ_SERVICES_HEALTHREPORT": true,
            "MOZ_SERVICES_SYNC": false,
            "MOZ_SWITCHBOARD": true,
            "MOZ_SYSTEM_NSS": false,
            "MOZ_TELEMETRY_ON_BY_DEFAULT": false,
            "MOZ_TELEMETRY_REPORTING": true,
            "MOZ_UNSIGNED_SCOPES": 0,
            "MOZ_UPDATER": false,
            "MOZ_UPDATE_CHANNEL": "release",
            "MOZ_WEBRTC": true,
            "MOZ_WIDGET_GTK": false,
            "MOZ_WIDGET_TOOLKIT": "android",
            "NIGHTLY_BUILD": false,
            "OMNIJAR_NAME": "assets/omni.ja",
            "RELEASE_OR_BETA": true,
            "SOURCE_REVISION_URL": "https://hg.mozilla.org/releases/mozilla-esr68/rev/d2e0b9e17b9bc1ef02606c8006b73293f7892ad5",
            "TELEMETRY_PING_FORMAT_VERSION": 4,
            "XP_UNIX": true,
            "isPlatformAndVersionAtLeast": {},
            "isPlatformAndVersionAtMost": {},
            "platform": "android"
          },
          "asyncAppConstants": {
            "ACCESSIBILITY": true,
            "ANDROID_PACKAGE_NAME": "org.mozilla.firefox",
            "ASAN": false,
            "ASAN_REPORTER": false,
            "BROWSER_CHROME_URL": "chrome://browser/content/browser.xul",
            "DEBUG": false,
            "DEBUG_JS_MODULES": "",
            "DLL_PREFIX": "lib",
            "DLL_SUFFIX": ".so",
            "EARLY_BETA_OR_EARLIER": false,
            "FENNEC_NIGHTLY": false,
            "HAVE_SHELL_SERVICE": false,
            "HAVE_USR_LIB64_DIR": false,
            "MENUBAR_CAN_AUTOHIDE": false,
            "MOZILLA_OFFICIAL": true,
            "MOZ_ALLOW_LEGACY_EXTENSIONS": false,
            "MOZ_ANDROID_ACTIVITY_STREAM": false,
            "MOZ_ANDROID_HISTORY": true,
            "MOZ_ANDROID_MOZILLA_ONLINE": false,
            "MOZ_APP_NAME": "fennec",
            "MOZ_APP_VERSION": "68.1.1",
            "MOZ_APP_VERSION_DISPLAY": "68.1.1",
            "MOZ_BING_API_CLIENTID": "no-bing-api-clientid",
            "MOZ_BING_API_KEY": "no-bing-api-key",
            "MOZ_BITS_DOWNLOAD": false,
            "MOZ_BUILD_APP": "mobile/android",
            "MOZ_CODE_COVERAGE": false,
            "MOZ_CRASHREPORTER": true,
            "MOZ_DATA_REPORTING": true,
            "MOZ_DEV_EDITION": false,
            "MOZ_GECKO_PROFILER": true,
            "MOZ_GOOGLE_LOCATION_SERVICE_API_KEY": "AIzaSyB2h2OuRcUgy5N-5hsZqiPW6sH3n_rptiQ",
            "MOZ_GOOGLE_SAFEBROWSING_API_KEY": "AIzaSyC7jsptDS3am4tPx4r3nxis7IMjBc5Dovo",
            "MOZ_GRAPHENE": false,
            "MOZ_MACBUNDLE_NAME": "Firefox.app",
            "MOZ_MAINTENANCE_SERVICE": false,
            "MOZ_MOZILLA_API_KEY": "3b4d27dd-703d-4094-8398-4de2c763505a",
            "MOZ_NEW_CERT_STORAGE": false,
            "MOZ_NEW_NOTIFICATION_STORE": false,
            "MOZ_NEW_XULSTORE": false,
            "MOZ_OFFICIAL_BRANDING": false,
            "MOZ_PLACES": false,
            "MOZ_REQUIRE_SIGNING": false,
            "MOZ_SANDBOX": false,
            "MOZ_SERVICES_HEALTHREPORT": true,
            "MOZ_SERVICES_SYNC": false,
            "MOZ_SWITCHBOARD": true,
            "MOZ_SYSTEM_NSS": false,
            "MOZ_TELEMETRY_ON_BY_DEFAULT": false,
            "MOZ_TELEMETRY_REPORTING": true,
            "MOZ_UNSIGNED_SCOPES": 0,
            "MOZ_UPDATER": false,
            "MOZ_UPDATE_CHANNEL": "release",
            "MOZ_WEBRTC": true,
            "MOZ_WIDGET_GTK": false,
            "MOZ_WIDGET_TOOLKIT": "android",
            "NIGHTLY_BUILD": false,
            "OMNIJAR_NAME": "assets/omni.ja",
            "RELEASE_OR_BETA": true,
            "SOURCE_REVISION_URL": "https://hg.mozilla.org/releases/mozilla-esr68/rev/d2e0b9e17b9bc1ef02606c8006b73293f7892ad5",
            "TELEMETRY_PING_FORMAT_VERSION": 4,
            "XP_UNIX": true,
            "isPlatformAndVersionAtLeast": {},
            "isPlatformAndVersionAtMost": {},
            "platform": "android"
          },
          "userAgent": "Mozilla/5.0 (Android 9; Mobile; rv:68.0) Gecko/68.0 Firefox/68.0",
          "windowSize": "360x612"
        },
        "pageinfo": {
          "documentHeight": 1666,
          "documentSize": {
            "decodedBodySize": 14517,
            "encodedBodySize": 2820,
            "transferSize": 3358
          },
          "documentTitle": "PopAds - Home",
          "documentWidth": 980,
          "domElements": 179,
          "navigationStartTime": 1617119228233,
          "nextHopProtocol": "http/1.1",
          "resources": {
            "count": 0,
            "duration": 0
          },
          "responsive": true,
          "url": "https://www.popads.net/",
          "visualElements": {
            "heroes": [
              {
                "filename": "logo.png?1372079638",
                "height": 74,
                "name": "LargestImage",
                "width": 192,
                "x": 32,
                "y": 30
              },
              {
                "filename": null,
                "height": 35,
                "name": "Heading",
                "width": 520,
                "x": 67,
                "y": 184
              }
            ],
            "viewport": {
              "height": 1666,
              "width": 980
            }
          }
        },
        "timings": {
          "firstPaint": 2022,
          "loadEventEnd": 3386,
          "navigationTiming": {
            "connectStart": 41,
            "domComplete": 3384,
            "domContentLoadedEventEnd": 2564,
            "domContentLoadedEventStart": 2535,
            "domInteractive": 2420,
            "domainLookupEnd": 41,
            "domainLookupStart": 41,
            "duration": 3386,
            "fetchStart": 2,
            "loadEventEnd": 3386,
            "loadEventStart": 3384,
            "redirectEnd": 0,
            "redirectStart": 0,
            "requestStart": 610,
            "responseEnd": 1338,
            "responseStart": 819,
            "secureConnectionStart": 347,
            "startTime": 0,
            "unloadEventEnd": 0,
            "unloadEventStart": 0,
            "workerStart": 0
          },
          "pageTimings": {
            "backEndTime": 819,
            "domContentLoadedTime": 2535,
            "domInteractiveTime": 2420,
            "domainLookupTime": 0,
            "frontEndTime": 2046,
            "pageDownloadTime": 519,
            "pageLoadTime": 3384,
            "redirectionTime": 0,
            "serverConnectionTime": 567,
            "serverResponseTime": 729
          },
          "rumSpeedIndex": 819,
          "timeToContentfulPaint": 2596,
          "timeToDomContentFlushed": 2475,
          "userTimings": {
            "marks": [],
            "measures": []
          }
        }
      }
    ],
    "visualMetrics": [],
    "cpu": [],
    "extras": [
      {},
      {},
      {}
    ],
    "fullyLoaded": [],
    "errors": [
      [],
      [],
      []
    ],
    "statistics": {
      "browser": {
        "appConstants": {
          "MOZ_UNSIGNED_SCOPES": {
            "median": 0,
            "mean": 0,
            "mdev": 0,
            "stddev": 0,
            "min": 0,
            "p10": 0,
            "p90": 0,
            "p99": 0,
            "max": 0
          },
          "TELEMETRY_PING_FORMAT_VERSION": {
            "median": 4,
            "mean": 4,
            "mdev": 0,
            "stddev": 0,
            "min": 4,
            "p10": 4,
            "p90": 4,
            "p99": 4,
            "max": 4
          }
        },
        "asyncAppConstants": {
          "MOZ_UNSIGNED_SCOPES": {
            "median": 0,
            "mean": 0,
            "mdev": 0,
            "stddev": 0,
            "min": 0,
            "p10": 0,
            "p90": 0,
            "p99": 0,
            "max": 0
          },
          "TELEMETRY_PING_FORMAT_VERSION": {
            "median": 4,
            "mean": 4,
            "mdev": 0,
            "stddev": 0,
            "min": 4,
            "p10": 4,
            "p90": 4,
            "p99": 4,
            "max": 4
          }
        }
      },
      "pageinfo": {
        "documentHeight": {
          "median": 1666,
          "mean": 1666,
          "mdev": 0,
          "stddev": 0,
          "min": 1666,
          "p10": 1666,
          "p90": 1666,
          "p99": 1666,
          "max": 1666
        },
        "documentSize": {
          "decodedBodySize": {
            "median": 14517,
            "mean": 14517,
            "mdev": 0,
            "stddev": 0,
            "min": 14517,
            "p10": 14517,
            "p90": 14517,
            "p99": 14517,
            "max": 14517
          },
          "encodedBodySize": {
            "median": 2820,
            "mean": 2820,
            "mdev": 0,
            "stddev": 0,
            "min": 2820,
            "p10": 2820,
            "p90": 2820,
            "p99": 2820,
            "max": 2820
          },
          "transferSize": {
            "median": 3358,
            "mean": 3358,
            "mdev": 0,
            "stddev": 0,
            "min": 3358,
            "p10": 3358,
            "p90": 3358,
            "p99": 3358,
            "max": 3358
          }
        },
        "documentWidth": {
          "median": 980,
          "mean": 980,
          "mdev": 0,
          "stddev": 0,
          "min": 980,
          "p10": 980,
          "p90": 980,
          "p99": 980,
          "max": 980
        },
        "domElements": {
          "median": 179,
          "mean": 179,
          "mdev": 0,
          "stddev": 0,
          "min": 179,
          "p10": 179,
          "p90": 179,
          "p99": 179,
          "max": 179
        },
        "navigationStartTime": {
          "median": 1617119211281,
          "mean": 1617119211281,
          "mdev": 0,
          "stddev": 0,
          "min": 1617119194330,
          "p10": 1617119194330,
          "p90": 1617119228233,
          "p99": 1617119228233,
          "max": 1617119228233
        },
        "resources": {
          "count": {
            "median": 0,
            "mean": 0,
            "mdev": 0,
            "stddev": 0,
            "min": 0,
            "p10": 0,
            "p90": 0,
            "p99": 0,
            "max": 0
          },
          "duration": {
            "median": 0,
            "mean": 0,
            "mdev": 0,
            "stddev": 0,
            "min": 0,
            "p10": 0,
            "p90": 0,
            "p99": 0,
            "max": 0
          }
        },
        "visualElements": {
          "heroes": [
            {
              "height": {
                "median": 74,
                "mean": 74,
                "mdev": 0,
                "stddev": 0,
                "min": 74,
                "p10": 74,
                "p90": 74,
                "p99": 74,
                "max": 74
              },
              "width": {
                "median": 192,
                "mean": 192,
                "mdev": 0,
                "stddev": 0,
                "min": 192,
                "p10": 192,
                "p90": 192,
                "p99": 192,
                "max": 192
              },
              "x": {
                "median": 32,
                "mean": 32,
                "mdev": 0,
                "stddev": 0,
                "min": 32,
                "p10": 32,
                "p90": 32,
                "p99": 32,
                "max": 32
              },
              "y": {
                "median": 30,
                "mean": 30,
                "mdev": 0,
                "stddev": 0,
                "min": 30,
                "p10": 30,
                "p90": 30,
                "p99": 30,
                "max": 30
              }
            },
            {
              "height": {
                "median": 35,
                "mean": 35,
                "mdev": 0,
                "stddev": 0,
                "min": 35,
                "p10": 35,
                "p90": 35,
                "p99": 35,
                "max": 35
              },
              "width": {
                "median": 520,
                "mean": 520,
                "mdev": 0,
                "stddev": 0,
                "min": 520,
                "p10": 520,
                "p90": 520,
                "p99": 520,
                "max": 520
              },
              "x": {
                "median": 67,
                "mean": 67,
                "mdev": 0,
                "stddev": 0,
                "min": 67,
                "p10": 67,
                "p90": 67,
                "p99": 67,
                "max": 67
              },
              "y": {
                "median": 184,
                "mean": 184,
                "mdev": 0,
                "stddev": 0,
                "min": 184,
                "p10": 184,
                "p90": 184,
                "p99": 184,
                "max": 184
              }
            }
          ],
          "viewport": {
            "height": {
              "median": 1666,
              "mean": 1666,
              "mdev": 0,
              "stddev": 0,
              "min": 1666,
              "p10": 1666,
              "p90": 1666,
              "p99": 1666,
              "max": 1666
            },
            "width": {
              "median": 980,
              "mean": 980,
              "mdev": 0,
              "stddev": 0,
              "min": 980,
              "p10": 980,
              "p90": 980,
              "p99": 980,
              "max": 980
            }
          }
        }
      },
      "timings": {
        "firstPaint": {
          "median": 2022,
          "mean": 2078,
          "mdev": 105.0189,
          "stddev": 182,
          "min": 1888,
          "p10": 1888,
          "p90": 2323,
          "p99": 2323,
          "max": 2323
        },
        "loadEventEnd": {
          "median": 3386,
          "mean": 3673,
          "mdev": 287.7433,
          "stddev": 498,
          "min": 3259,
          "p10": 3259,
          "p90": 4374,
          "p99": 4374,
          "max": 4374
        },
        "navigationTiming": {
          "connectStart": {
            "median": 41,
            "mean": 124,
            "mdev": 68.45,
            "stddev": 119,
            "min": 40,
            "p10": 40,
            "p90": 292,
            "p99": 292,
            "max": 292
          },
          "domComplete": {
            "median": 3384,
            "mean": 3670,
            "mdev": 288.0634,
            "stddev": 499,
            "min": 3255,
            "p10": 3255,
            "p90": 4372,
            "p99": 4372,
            "max": 4372
          },
          "domContentLoadedEventEnd": {
            "median": 2564,
            "mean": 2637,
            "mdev": 193.4637,
            "stddev": 335,
            "min": 2268,
            "p10": 2268,
            "p90": 3079,
            "p99": 3079,
            "max": 3079
          },
          "domContentLoadedEventStart": {
            "median": 2535,
            "mean": 2606,
            "mdev": 193.3397,
            "stddev": 335,
            "min": 2236,
            "p10": 2236,
            "p90": 3047,
            "p99": 3047,
            "max": 3047
          },
          "domInteractive": {
            "median": 2420,
            "mean": 2478,
            "mdev": 188.6396,
            "stddev": 327,
            "min": 2110,
            "p10": 2110,
            "p90": 2904,
            "p99": 2904,
            "max": 2904
          },
          "domainLookupEnd": {
            "median": 41,
            "mean": 124,
            "mdev": 68.45,
            "stddev": 119,
            "min": 40,
            "p10": 40,
            "p90": 292,
            "p99": 292,
            "max": 292
          },
          "domainLookupStart": {
            "median": 41,
            "mean": 124,
            "mdev": 68.1779,
            "stddev": 118,
            "min": 40,
            "p10": 40,
            "p90": 291,
            "p99": 291,
            "max": 291
          },
          "duration": {
            "median": 3386,
            "mean": 3673,
            "mdev": 287.7433,
            "stddev": 498,
            "min": 3259,
            "p10": 3259,
            "p90": 4374,
            "p99": 4374,
            "max": 4374
          },
          "fetchStart": {
            "median": 2,
            "mean": 2,
            "mdev": 0,
            "stddev": 0,
            "min": 2,
            "p10": 2,
            "p90": 2,
            "p99": 2,
            "max": 2
          },
          "loadEventEnd": {
            "median": 3386,
            "mean": 3673,
            "mdev": 287.7433,
            "stddev": 498,
            "min": 3259,
            "p10": 3259,
            "p90": 4374,
            "p99": 4374,
            "max": 4374
          },
          "loadEventStart": {
            "median": 3384,
            "mean": 3671,
            "mdev": 287.9033,
            "stddev": 499,
            "min": 3256,
            "p10": 3256,
            "p90": 4372,
            "p99": 4372,
            "max": 4372
          },
          "redirectEnd": {
            "median": 0,
            "mean": 0,
            "mdev": 0,
            "stddev": 0,
            "min": 0,
            "p10": 0,
            "p90": 0,
            "p99": 0,
            "max": 0
          },
          "redirectStart": {
            "median": 0,
            "mean": 0,
            "mdev": 0,
            "stddev": 0,
            "min": 0,
            "p10": 0,
            "p90": 0,
            "p99": 0,
            "max": 0
          },
          "requestStart": {
            "median": 610,
            "mean": 605,
            "mdev": 63.6768,
            "stddev": 110,
            "min": 467,
            "p10": 467,
            "p90": 737,
            "p99": 737,
            "max": 737
          },
          "responseEnd": {
            "median": 1338,
            "mean": 1369,
            "mdev": 134.2411,
            "stddev": 233,
            "min": 1101,
            "p10": 1101,
            "p90": 1668,
            "p99": 1668,
            "max": 1668
          },
          "responseStart": {
            "median": 819,
            "mean": 799,
            "mdev": 64.8799,
            "stddev": 112,
            "min": 652,
            "p10": 652,
            "p90": 925,
            "p99": 925,
            "max": 925
          },
          "secureConnectionStart": {
            "median": 347,
            "mean": 354,
            "mdev": 59.0016,
            "stddev": 102,
            "min": 233,
            "p10": 233,
            "p90": 483,
            "p99": 483,
            "max": 483
          },
          "startTime": {
            "median": 0,
            "mean": 0,
            "mdev": 0,
            "stddev": 0,
            "min": 0,
            "p10": 0,
            "p90": 0,
            "p99": 0,
            "max": 0
          },
          "unloadEventEnd": {
            "median": 0,
            "mean": 0,
            "mdev": 0,
            "stddev": 0,
            "min": 0,
            "p10": 0,
            "p90": 0,
            "p99": 0,
            "max": 0
          },
          "unloadEventStart": {
            "median": 0,
            "mean": 0,
            "mdev": 0,
            "stddev": 0,
            "min": 0,
            "p10": 0,
            "p90": 0,
            "p99": 0,
            "max": 0
          },
          "workerStart": {
            "median": 0,
            "mean": 0,
            "mdev": 0,
            "stddev": 0,
            "min": 0,
            "p10": 0,
            "p90": 0,
            "p99": 0,
            "max": 0
          }
        },
        "pageTimings": {
          "backEndTime": {
            "median": 819,
            "mean": 799,
            "mdev": 64.8799,
            "stddev": 112,
            "min": 652,
            "p10": 652,
            "p90": 925,
            "p99": 925,
            "max": 925
          },
          "domContentLoadedTime": {
            "median": 2535,
            "mean": 2606,
            "mdev": 193.3397,
            "stddev": 335,
            "min": 2236,
            "p10": 2236,
            "p90": 3047,
            "p99": 3047,
            "max": 3047
          },
          "domInteractiveTime": {
            "median": 2420,
            "mean": 2478,
            "mdev": 188.6396,
            "stddev": 327,
            "min": 2110,
            "p10": 2110,
            "p90": 2904,
            "p99": 2904,
            "max": 2904
          },
          "domainLookupTime": {
            "median": 0,
            "mean": 0,
            "mdev": 0,
            "stddev": 0,
            "min": 0,
            "p10": 0,
            "p90": 0,
            "p99": 0,
            "max": 0
          },
          "frontEndTime": {
            "median": 2155,
            "mean": 2302,
            "mdev": 166.5179,
            "stddev": 288,
            "min": 2046,
            "p10": 2046,
            "p90": 2705,
            "p99": 2705,
            "max": 2705
          },
          "pageDownloadTime": {
            "median": 519,
            "mean": 570,
            "mdev": 72.5825,
            "stddev": 126,
            "min": 448,
            "p10": 448,
            "p90": 743,
            "p99": 743,
            "max": 743
          },
          "pageLoadTime": {
            "median": 3384,
            "mean": 3671,
            "mdev": 287.9033,
            "stddev": 499,
            "min": 3256,
            "p10": 3256,
            "p90": 4372,
            "p99": 4372,
            "max": 4372
          },
          "redirectionTime": {
            "median": 0,
            "mean": 0,
            "mdev": 0,
            "stddev": 0,
            "min": 0,
            "p10": 0,
            "p90": 0,
            "p99": 0,
            "max": 0
          },
          "serverConnectionTime": {
            "median": 445,
            "mean": 479,
            "mdev": 36.0689,
            "stddev": 62,
            "min": 426,
            "p10": 426,
            "p90": 567,
            "p99": 567,
            "max": 567
          },
          "serverResponseTime": {
            "median": 729,
            "mean": 765,
            "mdev": 71.5019,
            "stddev": 124,
            "min": 634,
            "p10": 634,
            "p90": 931,
            "p99": 931,
            "max": 931
          }
        },
        "rumSpeedIndex": {
          "median": 819,
          "mean": 798,
          "mdev": 64.6638,
          "stddev": 112,
          "min": 652,
          "p10": 652,
          "p90": 924,
          "p99": 924,
          "max": 924
        },
        "timeToContentfulPaint": {
          "median": 2596,
          "mean": 2659,
          "mdev": 191.2237,
          "stddev": 331,
          "min": 2288,
          "p10": 2288,
          "p90": 3092,
          "p99": 3092,
          "max": 3092
        },
        "timeToDomContentFlushed": {
          "median": 2475,
          "mean": 2543,
          "mdev": 190.128,
          "stddev": 329,
          "min": 2178,
          "p10": 2178,
          "p90": 2976,
          "p99": 2976,
          "max": 2976
        }
      }
    }
  }
]