[
  {
    "info": {
      "browsertime": {
        "version": "8.4.0"
      },
      "url": "https://www.tianya.cn/",
      "timestamp": "2021-03-30T18:22:37+04:00",
      "connectivity": {
        "engine": "external",
        "profile": "native"
      },
      "extra": {}
    },
    "files": {
      "video": [],
      "screenshot": [],
      "timeline": [],
      "consoleLog": [],
      "netLog": [],
      "perfLog": []
    },
    "cdp": {
      "performance": []
    },
    "timestamps": [
      "2021-03-30T18:21:26+04:00",
      "2021-03-30T18:22:43+04:00",
      "2021-03-30T18:23:37+04:00"
    ],
    "browserScripts": [
      {
        "browser": {
          "appConstants": {
            "ACCESSIBILITY": true,
            "ANDROID_PACKAGE_NAME": "org.mozilla.firefox",
            "ASAN": false,
            "ASAN_REPORTER": false,
            "BROWSER_CHROME_URL": "chrome://browser/content/browser.xul",
            "DEBUG": false,
            "DEBUG_JS_MODULES": "",
            "DLL_PREFIX": "lib",
            "DLL_SUFFIX": ".so",
            "EARLY_BETA_OR_EARLIER": false,
            "FENNEC_NIGHTLY": false,
            "HAVE_SHELL_SERVICE": false,
            "HAVE_USR_LIB64_DIR": false,
            "MENUBAR_CAN_AUTOHIDE": false,
            "MOZILLA_OFFICIAL": true,
            "MOZ_ALLOW_LEGACY_EXTENSIONS": false,
            "MOZ_ANDROID_ACTIVITY_STREAM": false,
            "MOZ_ANDROID_HISTORY": true,
            "MOZ_ANDROID_MOZILLA_ONLINE": false,
            "MOZ_APP_NAME": "fennec",
            "MOZ_APP_VERSION": "68.1.1",
            "MOZ_APP_VERSION_DISPLAY": "68.1.1",
            "MOZ_BING_API_CLIENTID": "no-bing-api-clientid",
            "MOZ_BING_API_KEY": "no-bing-api-key",
            "MOZ_BITS_DOWNLOAD": false,
            "MOZ_BUILD_APP": "mobile/android",
            "MOZ_CODE_COVERAGE": false,
            "MOZ_CRASHREPORTER": true,
            "MOZ_DATA_REPORTING": true,
            "MOZ_DEV_EDITION": false,
            "MOZ_GECKO_PROFILER": true,
            "MOZ_GOOGLE_LOCATION_SERVICE_API_KEY": "AIzaSyB2h2OuRcUgy5N-5hsZqiPW6sH3n_rptiQ",
            "MOZ_GOOGLE_SAFEBROWSING_API_KEY": "AIzaSyC7jsptDS3am4tPx4r3nxis7IMjBc5Dovo",
            "MOZ_GRAPHENE": false,
            "MOZ_MACBUNDLE_NAME": "Firefox.app",
            "MOZ_MAINTENANCE_SERVICE": false,
            "MOZ_MOZILLA_API_KEY": "3b4d27dd-703d-4094-8398-4de2c763505a",
            "MOZ_NEW_CERT_STORAGE": false,
            "MOZ_NEW_NOTIFICATION_STORE": false,
            "MOZ_NEW_XULSTORE": false,
            "MOZ_OFFICIAL_BRANDING": false,
            "MOZ_PLACES": false,
            "MOZ_REQUIRE_SIGNING": false,
            "MOZ_SANDBOX": false,
            "MOZ_SERVICES_HEALTHREPORT": true,
            "MOZ_SERVICES_SYNC": false,
            "MOZ_SWITCHBOARD": true,
            "MOZ_SYSTEM_NSS": false,
            "MOZ_TELEMETRY_ON_BY_DEFAULT": false,
            "MOZ_TELEMETRY_REPORTING": true,
            "MOZ_UNSIGNED_SCOPES": 0,
            "MOZ_UPDATER": false,
            "MOZ_UPDATE_CHANNEL": "release",
            "MOZ_WEBRTC": true,
            "MOZ_WIDGET_GTK": false,
            "MOZ_WIDGET_TOOLKIT": "android",
            "NIGHTLY_BUILD": false,
            "OMNIJAR_NAME": "assets/omni.ja",
            "RELEASE_OR_BETA": true,
            "SOURCE_REVISION_URL": "https://hg.mozilla.org/releases/mozilla-esr68/rev/d2e0b9e17b9bc1ef02606c8006b73293f7892ad5",
            "TELEMETRY_PING_FORMAT_VERSION": 4,
            "XP_UNIX": true,
            "isPlatformAndVersionAtLeast": {},
            "isPlatformAndVersionAtMost": {},
            "platform": "android"
          },
          "asyncAppConstants": {
            "ACCESSIBILITY": true,
            "ANDROID_PACKAGE_NAME": "org.mozilla.firefox",
            "ASAN": false,
            "ASAN_REPORTER": false,
            "BROWSER_CHROME_URL": "chrome://browser/content/browser.xul",
            "DEBUG": false,
            "DEBUG_JS_MODULES": "",
            "DLL_PREFIX": "lib",
            "DLL_SUFFIX": ".so",
            "EARLY_BETA_OR_EARLIER": false,
            "FENNEC_NIGHTLY": false,
            "HAVE_SHELL_SERVICE": false,
            "HAVE_USR_LIB64_DIR": false,
            "MENUBAR_CAN_AUTOHIDE": false,
            "MOZILLA_OFFICIAL": true,
            "MOZ_ALLOW_LEGACY_EXTENSIONS": false,
            "MOZ_ANDROID_ACTIVITY_STREAM": false,
            "MOZ_ANDROID_HISTORY": true,
            "MOZ_ANDROID_MOZILLA_ONLINE": false,
            "MOZ_APP_NAME": "fennec",
            "MOZ_APP_VERSION": "68.1.1",
            "MOZ_APP_VERSION_DISPLAY": "68.1.1",
            "MOZ_BING_API_CLIENTID": "no-bing-api-clientid",
            "MOZ_BING_API_KEY": "no-bing-api-key",
            "MOZ_BITS_DOWNLOAD": false,
            "MOZ_BUILD_APP": "mobile/android",
            "MOZ_CODE_COVERAGE": false,
            "MOZ_CRASHREPORTER": true,
            "MOZ_DATA_REPORTING": true,
            "MOZ_DEV_EDITION": false,
            "MOZ_GECKO_PROFILER": true,
            "MOZ_GOOGLE_LOCATION_SERVICE_API_KEY": "AIzaSyB2h2OuRcUgy5N-5hsZqiPW6sH3n_rptiQ",
            "MOZ_GOOGLE_SAFEBROWSING_API_KEY": "AIzaSyC7jsptDS3am4tPx4r3nxis7IMjBc5Dovo",
            "MOZ_GRAPHENE": false,
            "MOZ_MACBUNDLE_NAME": "Firefox.app",
            "MOZ_MAINTENANCE_SERVICE": false,
            "MOZ_MOZILLA_API_KEY": "3b4d27dd-703d-4094-8398-4de2c763505a",
            "MOZ_NEW_CERT_STORAGE": false,
            "MOZ_NEW_NOTIFICATION_STORE": false,
            "MOZ_NEW_XULSTORE": false,
            "MOZ_OFFICIAL_BRANDING": false,
            "MOZ_PLACES": false,
            "MOZ_REQUIRE_SIGNING": false,
            "MOZ_SANDBOX": false,
            "MOZ_SERVICES_HEALTHREPORT": true,
            "MOZ_SERVICES_SYNC": false,
            "MOZ_SWITCHBOARD": true,
            "MOZ_SYSTEM_NSS": false,
            "MOZ_TELEMETRY_ON_BY_DEFAULT": false,
            "MOZ_TELEMETRY_REPORTING": true,
            "MOZ_UNSIGNED_SCOPES": 0,
            "MOZ_UPDATER": false,
            "MOZ_UPDATE_CHANNEL": "release",
            "MOZ_WEBRTC": true,
            "MOZ_WIDGET_GTK": false,
            "MOZ_WIDGET_TOOLKIT": "android",
            "NIGHTLY_BUILD": false,
            "OMNIJAR_NAME": "assets/omni.ja",
            "RELEASE_OR_BETA": true,
            "SOURCE_REVISION_URL": "https://hg.mozilla.org/releases/mozilla-esr68/rev/d2e0b9e17b9bc1ef02606c8006b73293f7892ad5",
            "TELEMETRY_PING_FORMAT_VERSION": 4,
            "XP_UNIX": true,
            "isPlatformAndVersionAtLeast": {},
            "isPlatformAndVersionAtMost": {},
            "platform": "android"
          },
          "userAgent": "Mozilla/5.0 (Android 9; Mobile; rv:68.0) Gecko/68.0 Firefox/68.0",
          "windowSize": "360x612"
        },
        "pageinfo": {
          "documentHeight": 4227,
          "documentSize": {
            "decodedBodySize": 52355,
            "encodedBodySize": 9157,
            "transferSize": 9872
          },
          "documentTitle": "天涯社区",
          "documentWidth": 360,
          "domElements": 517,
          "navigationStartTime": 1617114086612,
          "nextHopProtocol": "http/1.1",
          "resources": {
            "count": 0,
            "duration": 0
          },
          "responsive": true,
          "url": "https://www.tianya.cn/m/",
          "visualElements": {
            "heroes": [
              {
                "filename": "320910290.png",
                "height": 251,
                "name": "LargestImage",
                "width": 360,
                "x": 0,
                "y": 92
              }
            ],
            "viewport": {
              "height": 612,
              "width": 360
            }
          }
        },
        "timings": {
          "firstPaint": 22557,
          "loadEventEnd": 64417,
          "navigationTiming": {
            "connectStart": 13612,
            "domComplete": 64362,
            "domContentLoadedEventEnd": 22554,
            "domContentLoadedEventStart": 22418,
            "domInteractive": 22214,
            "domainLookupEnd": 13611,
            "domainLookupStart": 13611,
            "duration": 64417,
            "fetchStart": 13568,
            "loadEventEnd": 64417,
            "loadEventStart": 64362,
            "redirectEnd": 13563,
            "redirectStart": 2,
            "requestStart": 14183,
            "responseEnd": 17353,
            "responseStart": 14430,
            "secureConnectionStart": 13862,
            "startTime": 0,
            "unloadEventEnd": 0,
            "unloadEventStart": 0,
            "workerStart": 0
          },
          "pageTimings": {
            "backEndTime": 14430,
            "domContentLoadedTime": 22418,
            "domInteractiveTime": 22214,
            "domainLookupTime": 0,
            "frontEndTime": 47009,
            "pageDownloadTime": 2923,
            "pageLoadTime": 64362,
            "redirectionTime": 13561,
            "serverConnectionTime": 569,
            "serverResponseTime": 3171
          },
          "rumSpeedIndex": 14430,
          "timeToContentfulPaint": 22860,
          "timeToDomContentFlushed": 22408,
          "userTimings": {
            "marks": [],
            "measures": []
          }
        }
      },
      {
        "browser": {
          "appConstants": {
            "ACCESSIBILITY": true,
            "ANDROID_PACKAGE_NAME": "org.mozilla.firefox",
            "ASAN": false,
            "ASAN_REPORTER": false,
            "BROWSER_CHROME_URL": "chrome://browser/content/browser.xul",
            "DEBUG": false,
            "DEBUG_JS_MODULES": "",
            "DLL_PREFIX": "lib",
            "DLL_SUFFIX": ".so",
            "EARLY_BETA_OR_EARLIER": false,
            "FENNEC_NIGHTLY": false,
            "HAVE_SHELL_SERVICE": false,
            "HAVE_USR_LIB64_DIR": false,
            "MENUBAR_CAN_AUTOHIDE": false,
            "MOZILLA_OFFICIAL": true,
            "MOZ_ALLOW_LEGACY_EXTENSIONS": false,
            "MOZ_ANDROID_ACTIVITY_STREAM": false,
            "MOZ_ANDROID_HISTORY": true,
            "MOZ_ANDROID_MOZILLA_ONLINE": false,
            "MOZ_APP_NAME": "fennec",
            "MOZ_APP_VERSION": "68.1.1",
            "MOZ_APP_VERSION_DISPLAY": "68.1.1",
            "MOZ_BING_API_CLIENTID": "no-bing-api-clientid",
            "MOZ_BING_API_KEY": "no-bing-api-key",
            "MOZ_BITS_DOWNLOAD": false,
            "MOZ_BUILD_APP": "mobile/android",
            "MOZ_CODE_COVERAGE": false,
            "MOZ_CRASHREPORTER": true,
            "MOZ_DATA_REPORTING": true,
            "MOZ_DEV_EDITION": false,
            "MOZ_GECKO_PROFILER": true,
            "MOZ_GOOGLE_LOCATION_SERVICE_API_KEY": "AIzaSyB2h2OuRcUgy5N-5hsZqiPW6sH3n_rptiQ",
            "MOZ_GOOGLE_SAFEBROWSING_API_KEY": "AIzaSyC7jsptDS3am4tPx4r3nxis7IMjBc5Dovo",
            "MOZ_GRAPHENE": false,
            "MOZ_MACBUNDLE_NAME": "Firefox.app",
            "MOZ_MAINTENANCE_SERVICE": false,
            "MOZ_MOZILLA_API_KEY": "3b4d27dd-703d-4094-8398-4de2c763505a",
            "MOZ_NEW_CERT_STORAGE": false,
            "MOZ_NEW_NOTIFICATION_STORE": false,
            "MOZ_NEW_XULSTORE": false,
            "MOZ_OFFICIAL_BRANDING": false,
            "MOZ_PLACES": false,
            "MOZ_REQUIRE_SIGNING": false,
            "MOZ_SANDBOX": false,
            "MOZ_SERVICES_HEALTHREPORT": true,
            "MOZ_SERVICES_SYNC": false,
            "MOZ_SWITCHBOARD": true,
            "MOZ_SYSTEM_NSS": false,
            "MOZ_TELEMETRY_ON_BY_DEFAULT": false,
            "MOZ_TELEMETRY_REPORTING": true,
            "MOZ_UNSIGNED_SCOPES": 0,
            "MOZ_UPDATER": false,
            "MOZ_UPDATE_CHANNEL": "release",
            "MOZ_WEBRTC": true,
            "MOZ_WIDGET_GTK": false,
            "MOZ_WIDGET_TOOLKIT": "android",
            "NIGHTLY_BUILD": false,
            "OMNIJAR_NAME": "assets/omni.ja",
            "RELEASE_OR_BETA": true,
            "SOURCE_REVISION_URL": "https://hg.mozilla.org/releases/mozilla-esr68/rev/d2e0b9e17b9bc1ef02606c8006b73293f7892ad5",
            "TELEMETRY_PING_FORMAT_VERSION": 4,
            "XP_UNIX": true,
            "isPlatformAndVersionAtLeast": {},
            "isPlatformAndVersionAtMost": {},
            "platform": "android"
          },
          "asyncAppConstants": {
            "ACCESSIBILITY": true,
            "ANDROID_PACKAGE_NAME": "org.mozilla.firefox",
            "ASAN": false,
            "ASAN_REPORTER": false,
            "BROWSER_CHROME_URL": "chrome://browser/content/browser.xul",
            "DEBUG": false,
            "DEBUG_JS_MODULES": "",
            "DLL_PREFIX": "lib",
            "DLL_SUFFIX": ".so",
            "EARLY_BETA_OR_EARLIER": false,
            "FENNEC_NIGHTLY": false,
            "HAVE_SHELL_SERVICE": false,
            "HAVE_USR_LIB64_DIR": false,
            "MENUBAR_CAN_AUTOHIDE": false,
            "MOZILLA_OFFICIAL": true,
            "MOZ_ALLOW_LEGACY_EXTENSIONS": false,
            "MOZ_ANDROID_ACTIVITY_STREAM": false,
            "MOZ_ANDROID_HISTORY": true,
            "MOZ_ANDROID_MOZILLA_ONLINE": false,
            "MOZ_APP_NAME": "fennec",
            "MOZ_APP_VERSION": "68.1.1",
            "MOZ_APP_VERSION_DISPLAY": "68.1.1",
            "MOZ_BING_API_CLIENTID": "no-bing-api-clientid",
            "MOZ_BING_API_KEY": "no-bing-api-key",
            "MOZ_BITS_DOWNLOAD": false,
            "MOZ_BUILD_APP": "mobile/android",
            "MOZ_CODE_COVERAGE": false,
            "MOZ_CRASHREPORTER": true,
            "MOZ_DATA_REPORTING": true,
            "MOZ_DEV_EDITION": false,
            "MOZ_GECKO_PROFILER": true,
            "MOZ_GOOGLE_LOCATION_SERVICE_API_KEY": "AIzaSyB2h2OuRcUgy5N-5hsZqiPW6sH3n_rptiQ",
            "MOZ_GOOGLE_SAFEBROWSING_API_KEY": "AIzaSyC7jsptDS3am4tPx4r3nxis7IMjBc5Dovo",
            "MOZ_GRAPHENE": false,
            "MOZ_MACBUNDLE_NAME": "Firefox.app",
            "MOZ_MAINTENANCE_SERVICE": false,
            "MOZ_MOZILLA_API_KEY": "3b4d27dd-703d-4094-8398-4de2c763505a",
            "MOZ_NEW_CERT_STORAGE": false,
            "MOZ_NEW_NOTIFICATION_STORE": false,
            "MOZ_NEW_XULSTORE": false,
            "MOZ_OFFICIAL_BRANDING": false,
            "MOZ_PLACES": false,
            "MOZ_REQUIRE_SIGNING": false,
            "MOZ_SANDBOX": false,
            "MOZ_SERVICES_HEALTHREPORT": true,
            "MOZ_SERVICES_SYNC": false,
            "MOZ_SWITCHBOARD": true,
            "MOZ_SYSTEM_NSS": false,
            "MOZ_TELEMETRY_ON_BY_DEFAULT": false,
            "MOZ_TELEMETRY_REPORTING": true,
            "MOZ_UNSIGNED_SCOPES": 0,
            "MOZ_UPDATER": false,
            "MOZ_UPDATE_CHANNEL": "release",
            "MOZ_WEBRTC": true,
            "MOZ_WIDGET_GTK": false,
            "MOZ_WIDGET_TOOLKIT": "android",
            "NIGHTLY_BUILD": false,
            "OMNIJAR_NAME": "assets/omni.ja",
            "RELEASE_OR_BETA": true,
            "SOURCE_REVISION_URL": "https://hg.mozilla.org/releases/mozilla-esr68/rev/d2e0b9e17b9bc1ef02606c8006b73293f7892ad5",
            "TELEMETRY_PING_FORMAT_VERSION": 4,
            "XP_UNIX": true,
            "isPlatformAndVersionAtLeast": {},
            "isPlatformAndVersionAtMost": {},
            "platform": "android"
          },
          "userAgent": "Mozilla/5.0 (Android 9; Mobile; rv:68.0) Gecko/68.0 Firefox/68.0",
          "windowSize": "360x612"
        },
        "pageinfo": {
          "documentHeight": 4227,
          "documentSize": {
            "decodedBodySize": 52355,
            "encodedBodySize": 9157,
            "transferSize": 9872
          },
          "documentTitle": "天涯社区",
          "documentWidth": 360,
          "domElements": 499,
          "navigationStartTime": 1617114164033,
          "nextHopProtocol": "http/1.1",
          "resources": {
            "count": 0,
            "duration": 0
          },
          "responsive": true,
          "url": "https://www.tianya.cn/m/",
          "visualElements": {
            "heroes": [
              {
                "filename": "320910874.png",
                "height": 246,
                "name": "LargestImage",
                "width": 360,
                "x": 0,
                "y": 92
              }
            ],
            "viewport": {
              "height": 612,
              "width": 360
            }
          }
        },
        "timings": {
          "firstPaint": 9360,
          "loadEventEnd": 40281,
          "navigationTiming": {
            "connectStart": 4310,
            "domComplete": 40277,
            "domContentLoadedEventEnd": 9356,
            "domContentLoadedEventStart": 9221,
            "domInteractive": 9041,
            "domainLookupEnd": 4309,
            "domainLookupStart": 4309,
            "duration": 40281,
            "fetchStart": 4258,
            "loadEventEnd": 40281,
            "loadEventStart": 40277,
            "redirectEnd": 4255,
            "redirectStart": 2,
            "requestStart": 5410,
            "responseEnd": 5978,
            "responseStart": 5966,
            "secureConnectionStart": 4557,
            "startTime": 0,
            "unloadEventEnd": 0,
            "unloadEventStart": 0,
            "workerStart": 0
          },
          "pageTimings": {
            "backEndTime": 5966,
            "domContentLoadedTime": 9221,
            "domInteractiveTime": 9041,
            "domainLookupTime": 0,
            "frontEndTime": 34299,
            "pageDownloadTime": 12,
            "pageLoadTime": 40277,
            "redirectionTime": 4252,
            "serverConnectionTime": 1099,
            "serverResponseTime": 568
          },
          "rumSpeedIndex": 5965,
          "timeToContentfulPaint": 9658,
          "timeToDomContentFlushed": 9212,
          "userTimings": {
            "marks": [],
            "measures": []
          }
        }
      },
      {
        "browser": {
          "appConstants": {
            "ACCESSIBILITY": true,
            "ANDROID_PACKAGE_NAME": "org.mozilla.firefox",
            "ASAN": false,
            "ASAN_REPORTER": false,
            "BROWSER_CHROME_URL": "chrome://browser/content/browser.xul",
            "DEBUG": false,
            "DEBUG_JS_MODULES": "",
            "DLL_PREFIX": "lib",
            "DLL_SUFFIX": ".so",
            "EARLY_BETA_OR_EARLIER": false,
            "FENNEC_NIGHTLY": false,
            "HAVE_SHELL_SERVICE": false,
            "HAVE_USR_LIB64_DIR": false,
            "MENUBAR_CAN_AUTOHIDE": false,
            "MOZILLA_OFFICIAL": true,
            "MOZ_ALLOW_LEGACY_EXTENSIONS": false,
            "MOZ_ANDROID_ACTIVITY_STREAM": false,
            "MOZ_ANDROID_HISTORY": true,
            "MOZ_ANDROID_MOZILLA_ONLINE": false,
            "MOZ_APP_NAME": "fennec",
            "MOZ_APP_VERSION": "68.1.1",
            "MOZ_APP_VERSION_DISPLAY": "68.1.1",
            "MOZ_BING_API_CLIENTID": "no-bing-api-clientid",
            "MOZ_BING_API_KEY": "no-bing-api-key",
            "MOZ_BITS_DOWNLOAD": false,
            "MOZ_BUILD_APP": "mobile/android",
            "MOZ_CODE_COVERAGE": false,
            "MOZ_CRASHREPORTER": true,
            "MOZ_DATA_REPORTING": true,
            "MOZ_DEV_EDITION": false,
            "MOZ_GECKO_PROFILER": true,
            "MOZ_GOOGLE_LOCATION_SERVICE_API_KEY": "AIzaSyB2h2OuRcUgy5N-5hsZqiPW6sH3n_rptiQ",
            "MOZ_GOOGLE_SAFEBROWSING_API_KEY": "AIzaSyC7jsptDS3am4tPx4r3nxis7IMjBc5Dovo",
            "MOZ_GRAPHENE": false,
            "MOZ_MACBUNDLE_NAME": "Firefox.app",
            "MOZ_MAINTENANCE_SERVICE": false,
            "MOZ_MOZILLA_API_KEY": "3b4d27dd-703d-4094-8398-4de2c763505a",
            "MOZ_NEW_CERT_STORAGE": false,
            "MOZ_NEW_NOTIFICATION_STORE": false,
            "MOZ_NEW_XULSTORE": false,
            "MOZ_OFFICIAL_BRANDING": false,
            "MOZ_PLACES": false,
            "MOZ_REQUIRE_SIGNING": false,
            "MOZ_SANDBOX": false,
            "MOZ_SERVICES_HEALTHREPORT": true,
            "MOZ_SERVICES_SYNC": false,
            "MOZ_SWITCHBOARD": true,
            "MOZ_SYSTEM_NSS": false,
            "MOZ_TELEMETRY_ON_BY_DEFAULT": false,
            "MOZ_TELEMETRY_REPORTING": true,
            "MOZ_UNSIGNED_SCOPES": 0,
            "MOZ_UPDATER": false,
            "MOZ_UPDATE_CHANNEL": "release",
            "MOZ_WEBRTC": true,
            "MOZ_WIDGET_GTK": false,
            "MOZ_WIDGET_TOOLKIT": "android",
            "NIGHTLY_BUILD": false,
            "OMNIJAR_NAME": "assets/omni.ja",
            "RELEASE_OR_BETA": true,
            "SOURCE_REVISION_URL": "https://hg.mozilla.org/releases/mozilla-esr68/rev/d2e0b9e17b9bc1ef02606c8006b73293f7892ad5",
            "TELEMETRY_PING_FORMAT_VERSION": 4,
            "XP_UNIX": true,
            "isPlatformAndVersionAtLeast": {},
            "isPlatformAndVersionAtMost": {},
            "platform": "android"
          },
          "asyncAppConstants": {
            "ACCESSIBILITY": true,
            "ANDROID_PACKAGE_NAME": "org.mozilla.firefox",
            "ASAN": false,
            "ASAN_REPORTER": false,
            "BROWSER_CHROME_URL": "chrome://browser/content/browser.xul",
            "DEBUG": false,
            "DEBUG_JS_MODULES": "",
            "DLL_PREFIX": "lib",
            "DLL_SUFFIX": ".so",
            "EARLY_BETA_OR_EARLIER": false,
            "FENNEC_NIGHTLY": false,
            "HAVE_SHELL_SERVICE": false,
            "HAVE_USR_LIB64_DIR": false,
            "MENUBAR_CAN_AUTOHIDE": false,
            "MOZILLA_OFFICIAL": true,
            "MOZ_ALLOW_LEGACY_EXTENSIONS": false,
            "MOZ_ANDROID_ACTIVITY_STREAM": false,
            "MOZ_ANDROID_HISTORY": true,
            "MOZ_ANDROID_MOZILLA_ONLINE": false,
            "MOZ_APP_NAME": "fennec",
            "MOZ_APP_VERSION": "68.1.1",
            "MOZ_APP_VERSION_DISPLAY": "68.1.1",
            "MOZ_BING_API_CLIENTID": "no-bing-api-clientid",
            "MOZ_BING_API_KEY": "no-bing-api-key",
            "MOZ_BITS_DOWNLOAD": false,
            "MOZ_BUILD_APP": "mobile/android",
            "MOZ_CODE_COVERAGE": false,
            "MOZ_CRASHREPORTER": true,
            "MOZ_DATA_REPORTING": true,
            "MOZ_DEV_EDITION": false,
            "MOZ_GECKO_PROFILER": true,
            "MOZ_GOOGLE_LOCATION_SERVICE_API_KEY": "AIzaSyB2h2OuRcUgy5N-5hsZqiPW6sH3n_rptiQ",
            "MOZ_GOOGLE_SAFEBROWSING_API_KEY": "AIzaSyC7jsptDS3am4tPx4r3nxis7IMjBc5Dovo",
            "MOZ_GRAPHENE": false,
            "MOZ_MACBUNDLE_NAME": "Firefox.app",
            "MOZ_MAINTENANCE_SERVICE": false,
            "MOZ_MOZILLA_API_KEY": "3b4d27dd-703d-4094-8398-4de2c763505a",
            "MOZ_NEW_CERT_STORAGE": false,
            "MOZ_NEW_NOTIFICATION_STORE": false,
            "MOZ_NEW_XULSTORE": false,
            "MOZ_OFFICIAL_BRANDING": false,
            "MOZ_PLACES": false,
            "MOZ_REQUIRE_SIGNING": false,
            "MOZ_SANDBOX": false,
            "MOZ_SERVICES_HEALTHREPORT": true,
            "MOZ_SERVICES_SYNC": false,
            "MOZ_SWITCHBOARD": true,
            "MOZ_SYSTEM_NSS": false,
            "MOZ_TELEMETRY_ON_BY_DEFAULT": false,
            "MOZ_TELEMETRY_REPORTING": true,
            "MOZ_UNSIGNED_SCOPES": 0,
            "MOZ_UPDATER": false,
            "MOZ_UPDATE_CHANNEL": "release",
            "MOZ_WEBRTC": true,
            "MOZ_WIDGET_GTK": false,
            "MOZ_WIDGET_TOOLKIT": "android",
            "NIGHTLY_BUILD": false,
            "OMNIJAR_NAME": "assets/omni.ja",
            "RELEASE_OR_BETA": true,
            "SOURCE_REVISION_URL": "https://hg.mozilla.org/releases/mozilla-esr68/rev/d2e0b9e17b9bc1ef02606c8006b73293f7892ad5",
            "TELEMETRY_PING_FORMAT_VERSION": 4,
            "XP_UNIX": true,
            "isPlatformAndVersionAtLeast": {},
            "isPlatformAndVersionAtMost": {},
            "platform": "android"
          },
          "userAgent": "Mozilla/5.0 (Android 9; Mobile; rv:68.0) Gecko/68.0 Firefox/68.0",
          "windowSize": "360x612"
        },
        "pageinfo": {
          "documentHeight": 4320,
          "documentSize": {
            "decodedBodySize": 52355,
            "encodedBodySize": 9157,
            "transferSize": 9879
          },
          "documentTitle": "天涯社区",
          "documentWidth": 360,
          "domElements": 523,
          "navigationStartTime": 1617114218058,
          "nextHopProtocol": "http/1.1",
          "resources": {
            "count": 0,
            "duration": 0
          },
          "responsive": true,
          "url": "https://www.tianya.cn/m/",
          "visualElements": {
            "heroes": [
              {
                "filename": "320910375.png",
                "height": 259,
                "name": "LargestImage",
                "width": 360,
                "x": 0,
                "y": 92
              }
            ],
            "viewport": {
              "height": 612,
              "width": 360
            }
          }
        },
        "timings": {
          "firstPaint": 15356,
          "loadEventEnd": 48104,
          "navigationTiming": {
            "connectStart": 2740,
            "domComplete": 48063,
            "domContentLoadedEventEnd": 15352,
            "domContentLoadedEventStart": 15217,
            "domInteractive": 15036,
            "domainLookupEnd": 2739,
            "domainLookupStart": 2739,
            "duration": 48104,
            "fetchStart": 2694,
            "loadEventEnd": 48104,
            "loadEventStart": 48063,
            "redirectEnd": 2684,
            "redirectStart": 3,
            "requestStart": 3313,
            "responseEnd": 6510,
            "responseStart": 3563,
            "secureConnectionStart": 2997,
            "startTime": 0,
            "unloadEventEnd": 0,
            "unloadEventStart": 0,
            "workerStart": 0
          },
          "pageTimings": {
            "backEndTime": 3563,
            "domContentLoadedTime": 15217,
            "domInteractiveTime": 15036,
            "domainLookupTime": 0,
            "frontEndTime": 41554,
            "pageDownloadTime": 2947,
            "pageLoadTime": 48063,
            "redirectionTime": 2681,
            "serverConnectionTime": 573,
            "serverResponseTime": 3197
          },
          "rumSpeedIndex": 3562,
          "timeToContentfulPaint": 15900,
          "timeToDomContentFlushed": 15205,
          "userTimings": {
            "marks": [],
            "measures": []
          }
        }
      }
    ],
    "visualMetrics": [],
    "cpu": [],
    "extras": [
      {},
      {},
      {}
    ],
    "fullyLoaded": [],
    "errors": [
      [],
      [],
      []
    ],
    "statistics": {
      "browser": {
        "appConstants": {
          "MOZ_UNSIGNED_SCOPES": {
            "median": 0,
            "mean": 0,
            "mdev": 0,
            "stddev": 0,
            "min": 0,
            "p10": 0,
            "p90": 0,
            "p99": 0,
            "max": 0
          },
          "TELEMETRY_PING_FORMAT_VERSION": {
            "median": 4,
            "mean": 4,
            "mdev": 0,
            "stddev": 0,
            "min": 4,
            "p10": 4,
            "p90": 4,
            "p99": 4,
            "max": 4
          }
        },
        "asyncAppConstants": {
          "MOZ_UNSIGNED_SCOPES": {
            "median": 0,
            "mean": 0,
            "mdev": 0,
            "stddev": 0,
            "min": 0,
            "p10": 0,
            "p90": 0,
            "p99": 0,
            "max": 0
          },
          "TELEMETRY_PING_FORMAT_VERSION": {
            "median": 4,
            "mean": 4,
            "mdev": 0,
            "stddev": 0,
            "min": 4,
            "p10": 4,
            "p90": 4,
            "p99": 4,
            "max": 4
          }
        }
      },
      "pageinfo": {
        "documentHeight": {
          "median": 4227,
          "mean": 4258,
          "mdev": 25.3114,
          "stddev": 44,
          "min": 4227,
          "p10": 4227,
          "p90": 4320,
          "p99": 4320,
          "max": 4320
        },
        "documentSize": {
          "decodedBodySize": {
            "median": 52355,
            "mean": 52355,
            "mdev": 0,
            "stddev": 0,
            "min": 52355,
            "p10": 52355,
            "p90": 52355,
            "p99": 52355,
            "max": 52355
          },
          "encodedBodySize": {
            "median": 9157,
            "mean": 9157,
            "mdev": 0,
            "stddev": 0,
            "min": 9157,
            "p10": 9157,
            "p90": 9157,
            "p99": 9157,
            "max": 9157
          },
          "transferSize": {
            "median": 9872,
            "mean": 9874,
            "mdev": 1.9052,
            "stddev": 3,
            "min": 9872,
            "p10": 9872,
            "p90": 9879,
            "p99": 9879,
            "max": 9879
          }
        },
        "documentWidth": {
          "median": 360,
          "mean": 360,
          "mdev": 0,
          "stddev": 0,
          "min": 360,
          "p10": 360,
          "p90": 360,
          "p99": 360,
          "max": 360
        },
        "domElements": {
          "median": 517,
          "mean": 513,
          "mdev": 5.8878,
          "stddev": 10,
          "min": 499,
          "p10": 499,
          "p90": 523,
          "p99": 523,
          "max": 523
        },
        "navigationStartTime": {
          "median": 1617114164033,
          "mean": 1617114156234,
          "mdev": 30893.9667,
          "stddev": 53510,
          "min": 1617114086612,
          "p10": 1617114086612,
          "p90": 1617114218058,
          "p99": 1617114218058,
          "max": 1617114218058
        },
        "resources": {
          "count": {
            "median": 0,
            "mean": 0,
            "mdev": 0,
            "stddev": 0,
            "min": 0,
            "p10": 0,
            "p90": 0,
            "p99": 0,
            "max": 0
          },
          "duration": {
            "median": 0,
            "mean": 0,
            "mdev": 0,
            "stddev": 0,
            "min": 0,
            "p10": 0,
            "p90": 0,
            "p99": 0,
            "max": 0
          }
        },
        "visualElements": {
          "heroes": [
            {
              "height": {
                "median": 251,
                "mean": 252,
                "mdev": 3.0912,
                "stddev": 5,
                "min": 246,
                "p10": 246,
                "p90": 259,
                "p99": 259,
                "max": 259
              },
              "width": {
                "median": 360,
                "mean": 360,
                "mdev": 0,
                "stddev": 0,
                "min": 360,
                "p10": 360,
                "p90": 360,
                "p99": 360,
                "max": 360
              },
              "x": {
                "median": 0,
                "mean": 0,
                "mdev": 0,
                "stddev": 0,
                "min": 0,
                "p10": 0,
                "p90": 0,
                "p99": 0,
                "max": 0
              },
              "y": {
                "median": 92,
                "mean": 92,
                "mdev": 0,
                "stddev": 0,
                "min": 92,
                "p10": 92,
                "p90": 92,
                "p99": 92,
                "max": 92
              }
            }
          ],
          "viewport": {
            "height": {
              "median": 612,
              "mean": 612,
              "mdev": 0,
              "stddev": 0,
              "min": 612,
              "p10": 612,
              "p90": 612,
              "p99": 612,
              "max": 612
            },
            "width": {
              "median": 360,
              "mean": 360,
              "mdev": 0,
              "stddev": 0,
              "min": 360,
              "p10": 360,
              "p90": 360,
              "p99": 360,
              "max": 360
            }
          }
        }
      },
      "timings": {
        "firstPaint": {
          "median": 15356,
          "mean": 15758,
          "mdev": 3114.882,
          "stddev": 5395,
          "min": 9360,
          "p10": 9360,
          "p90": 22557,
          "p99": 22557,
          "max": 22557
        },
        "loadEventEnd": {
          "median": 48104,
          "mean": 50934,
          "mdev": 5805.0419,
          "stddev": 10055,
          "min": 40281,
          "p10": 40281,
          "p90": 64417,
          "p99": 64417,
          "max": 64417
        },
        "navigationTiming": {
          "connectStart": {
            "median": 4310,
            "mean": 6887,
            "mdev": 2770.1617,
            "stddev": 4798,
            "min": 2740,
            "p10": 2740,
            "p90": 13612,
            "p99": 13612,
            "max": 13612
          },
          "domComplete": {
            "median": 48063,
            "mean": 50901,
            "mdev": 5793.887,
            "stddev": 10035,
            "min": 40277,
            "p10": 40277,
            "p90": 64362,
            "p99": 64362,
            "max": 64362
          },
          "domContentLoadedEventEnd": {
            "median": 15352,
            "mean": 15754,
            "mdev": 3115.1245,
            "stddev": 5396,
            "min": 9356,
            "p10": 9356,
            "p90": 22554,
            "p99": 22554,
            "max": 22554
          },
          "domContentLoadedEventStart": {
            "median": 15217,
            "mean": 15619,
            "mdev": 3114.882,
            "stddev": 5395,
            "min": 9221,
            "p10": 9221,
            "p90": 22418,
            "p99": 22418,
            "max": 22418
          },
          "domInteractive": {
            "median": 15036,
            "mean": 15430,
            "mdev": 3109.0765,
            "stddev": 5385,
            "min": 9041,
            "p10": 9041,
            "p90": 22214,
            "p99": 22214,
            "max": 22214
          },
          "domainLookupEnd": {
            "median": 4309,
            "mean": 6886,
            "mdev": 2770.1617,
            "stddev": 4798,
            "min": 2739,
            "p10": 2739,
            "p90": 13611,
            "p99": 13611,
            "max": 13611
          },
          "domainLookupStart": {
            "median": 4309,
            "mean": 6886,
            "mdev": 2770.1617,
            "stddev": 4798,
            "min": 2739,
            "p10": 2739,
            "p90": 13611,
            "p99": 13611,
            "max": 13611
          },
          "duration": {
            "median": 48104,
            "mean": 50934,
            "mdev": 5805.0419,
            "stddev": 10055,
            "min": 40281,
            "p10": 40281,
            "p90": 64417,
            "p99": 64417,
            "max": 64417
          },
          "fetchStart": {
            "median": 4258,
            "mean": 6840,
            "mdev": 2771.3219,
            "stddev": 4800,
            "min": 2694,
            "p10": 2694,
            "p90": 13568,
            "p99": 13568,
            "max": 13568
          },
          "loadEventEnd": {
            "median": 48104,
            "mean": 50934,
            "mdev": 5805.0419,
            "stddev": 10055,
            "min": 40281,
            "p10": 40281,
            "p90": 64417,
            "p99": 64417,
            "max": 64417
          },
          "loadEventStart": {
            "median": 48063,
            "mean": 50901,
            "mdev": 5793.887,
            "stddev": 10035,
            "min": 40277,
            "p10": 40277,
            "p90": 64362,
            "p99": 64362,
            "max": 64362
          },
          "redirectEnd": {
            "median": 4255,
            "mean": 6834,
            "mdev": 2771.9464,
            "stddev": 4801,
            "min": 2684,
            "p10": 2684,
            "p90": 13563,
            "p99": 13563,
            "max": 13563
          },
          "redirectStart": {
            "median": 2,
            "mean": 2,
            "mdev": 0.2722,
            "stddev": 0,
            "min": 2,
            "p10": 2,
            "p90": 3,
            "p99": 3,
            "max": 3
          },
          "requestStart": {
            "median": 5410,
            "mean": 7635,
            "mdev": 2718.3862,
            "stddev": 4708,
            "min": 3313,
            "p10": 3313,
            "p90": 14183,
            "p99": 14183,
            "max": 14183
          },
          "responseEnd": {
            "median": 6510,
            "mean": 9947,
            "mdev": 3026.086,
            "stddev": 5241,
            "min": 5978,
            "p10": 5978,
            "p90": 17353,
            "p99": 17353,
            "max": 17353
          },
          "responseStart": {
            "median": 5966,
            "mean": 7986,
            "mdev": 2690.8996,
            "stddev": 4661,
            "min": 3563,
            "p10": 3563,
            "p90": 14430,
            "p99": 14430,
            "max": 14430
          },
          "secureConnectionStart": {
            "median": 4557,
            "mean": 7139,
            "mdev": 2769.3083,
            "stddev": 4797,
            "min": 2997,
            "p10": 2997,
            "p90": 13862,
            "p99": 13862,
            "max": 13862
          },
          "startTime": {
            "median": 0,
            "mean": 0,
            "mdev": 0,
            "stddev": 0,
            "min": 0,
            "p10": 0,
            "p90": 0,
            "p99": 0,
            "max": 0
          },
          "unloadEventEnd": {
            "median": 0,
            "mean": 0,
            "mdev": 0,
            "stddev": 0,
            "min": 0,
            "p10": 0,
            "p90": 0,
            "p99": 0,
            "max": 0
          },
          "unloadEventStart": {
            "median": 0,
            "mean": 0,
            "mdev": 0,
            "stddev": 0,
            "min": 0,
            "p10": 0,
            "p90": 0,
            "p99": 0,
            "max": 0
          },
          "workerStart": {
            "median": 0,
            "mean": 0,
            "mdev": 0,
            "stddev": 0,
            "min": 0,
            "p10": 0,
            "p90": 0,
            "p99": 0,
            "max": 0
          }
        },
        "pageTimings": {
          "backEndTime": {
            "median": 5966,
            "mean": 7986,
            "mdev": 2690.8996,
            "stddev": 4661,
            "min": 3563,
            "p10": 3563,
            "p90": 14430,
            "p99": 14430,
            "max": 14430
          },
          "domContentLoadedTime": {
            "median": 15217,
            "mean": 15619,
            "mdev": 3114.882,
            "stddev": 5395,
            "min": 9221,
            "p10": 9221,
            "p90": 22418,
            "p99": 22418,
            "max": 22418
          },
          "domInteractiveTime": {
            "median": 15036,
            "mean": 15430,
            "mdev": 3109.0765,
            "stddev": 5385,
            "min": 9041,
            "p10": 9041,
            "p90": 22214,
            "p99": 22214,
            "max": 22214
          },
          "domainLookupTime": {
            "median": 0,
            "mean": 0,
            "mdev": 0,
            "stddev": 0,
            "min": 0,
            "p10": 0,
            "p90": 0,
            "p99": 0,
            "max": 0
          },
          "frontEndTime": {
            "median": 41554,
            "mean": 40954,
            "mdev": 3005.7731,
            "stddev": 5206,
            "min": 34299,
            "p10": 34299,
            "p90": 47009,
            "p99": 47009,
            "max": 47009
          },
          "pageDownloadTime": {
            "median": 2923,
            "mean": 1961,
            "mdev": 795.5599,
            "stddev": 1378,
            "min": 12,
            "p10": 12,
            "p90": 2947,
            "p99": 2947,
            "max": 2947
          },
          "pageLoadTime": {
            "median": 48063,
            "mean": 50901,
            "mdev": 5793.887,
            "stddev": 10035,
            "min": 40277,
            "p10": 40277,
            "p90": 64362,
            "p99": 64362,
            "max": 64362
          },
          "redirectionTime": {
            "median": 4252,
            "mean": 6831,
            "mdev": 2772.2161,
            "stddev": 4802,
            "min": 2681,
            "p10": 2681,
            "p90": 13561,
            "p99": 13561,
            "max": 13561
          },
          "serverConnectionTime": {
            "median": 573,
            "mean": 747,
            "mdev": 143.7065,
            "stddev": 249,
            "min": 569,
            "p10": 569,
            "p90": 1099,
            "p99": 1099,
            "max": 1099
          },
          "serverResponseTime": {
            "median": 3171,
            "mean": 2312,
            "mdev": 712.0114,
            "stddev": 1233,
            "min": 568,
            "p10": 568,
            "p90": 3197,
            "p99": 3197,
            "max": 3197
          }
        },
        "rumSpeedIndex": {
          "median": 5965,
          "mean": 7986,
          "mdev": 2691.1656,
          "stddev": 4661,
          "min": 3562,
          "p10": 3562,
          "p90": 14430,
          "p99": 14430,
          "max": 14430
        },
        "timeToContentfulPaint": {
          "median": 15900,
          "mean": 16139,
          "mdev": 3113.2749,
          "stddev": 5392,
          "min": 9658,
          "p10": 9658,
          "p90": 22860,
          "p99": 22860,
          "max": 22860
        },
        "timeToDomContentFlushed": {
          "median": 15205,
          "mean": 15608,
          "mdev": 3114.6825,
          "stddev": 5395,
          "min": 9212,
          "p10": 9212,
          "p90": 22408,
          "p99": 22408,
          "max": 22408
        }
      }
    }
  }
]