[
  {
    "info": {
      "browsertime": {
        "version": "8.4.0"
      },
      "url": "https://www.csdn.net/",
      "timestamp": "2021-03-30T16:37:44+04:00",
      "connectivity": {
        "engine": "external",
        "profile": "native"
      },
      "extra": {}
    },
    "files": {
      "video": [],
      "screenshot": [],
      "timeline": [],
      "consoleLog": [],
      "netLog": [],
      "perfLog": []
    },
    "cdp": {
      "performance": []
    },
    "timestamps": [
      "2021-03-30T16:35:09+04:00",
      "2021-03-30T16:37:50+04:00",
      "2021-03-30T16:40:33+04:00"
    ],
    "browserScripts": [
      {
        "browser": {
          "appConstants": {
            "ACCESSIBILITY": true,
            "ANDROID_PACKAGE_NAME": "org.mozilla.firefox",
            "ASAN": false,
            "ASAN_REPORTER": false,
            "BROWSER_CHROME_URL": "chrome://browser/content/browser.xul",
            "DEBUG": false,
            "DEBUG_JS_MODULES": "",
            "DLL_PREFIX": "lib",
            "DLL_SUFFIX": ".so",
            "EARLY_BETA_OR_EARLIER": false,
            "FENNEC_NIGHTLY": false,
            "HAVE_SHELL_SERVICE": false,
            "HAVE_USR_LIB64_DIR": false,
            "MENUBAR_CAN_AUTOHIDE": false,
            "MOZILLA_OFFICIAL": true,
            "MOZ_ALLOW_LEGACY_EXTENSIONS": false,
            "MOZ_ANDROID_ACTIVITY_STREAM": false,
            "MOZ_ANDROID_HISTORY": true,
            "MOZ_ANDROID_MOZILLA_ONLINE": false,
            "MOZ_APP_NAME": "fennec",
            "MOZ_APP_VERSION": "68.1.1",
            "MOZ_APP_VERSION_DISPLAY": "68.1.1",
            "MOZ_BING_API_CLIENTID": "no-bing-api-clientid",
            "MOZ_BING_API_KEY": "no-bing-api-key",
            "MOZ_BITS_DOWNLOAD": false,
            "MOZ_BUILD_APP": "mobile/android",
            "MOZ_CODE_COVERAGE": false,
            "MOZ_CRASHREPORTER": true,
            "MOZ_DATA_REPORTING": true,
            "MOZ_DEV_EDITION": false,
            "MOZ_GECKO_PROFILER": true,
            "MOZ_GOOGLE_LOCATION_SERVICE_API_KEY": "AIzaSyB2h2OuRcUgy5N-5hsZqiPW6sH3n_rptiQ",
            "MOZ_GOOGLE_SAFEBROWSING_API_KEY": "AIzaSyC7jsptDS3am4tPx4r3nxis7IMjBc5Dovo",
            "MOZ_GRAPHENE": false,
            "MOZ_MACBUNDLE_NAME": "Firefox.app",
            "MOZ_MAINTENANCE_SERVICE": false,
            "MOZ_MOZILLA_API_KEY": "3b4d27dd-703d-4094-8398-4de2c763505a",
            "MOZ_NEW_CERT_STORAGE": false,
            "MOZ_NEW_NOTIFICATION_STORE": false,
            "MOZ_NEW_XULSTORE": false,
            "MOZ_OFFICIAL_BRANDING": false,
            "MOZ_PLACES": false,
            "MOZ_REQUIRE_SIGNING": false,
            "MOZ_SANDBOX": false,
            "MOZ_SERVICES_HEALTHREPORT": true,
            "MOZ_SERVICES_SYNC": false,
            "MOZ_SWITCHBOARD": true,
            "MOZ_SYSTEM_NSS": false,
            "MOZ_TELEMETRY_ON_BY_DEFAULT": false,
            "MOZ_TELEMETRY_REPORTING": true,
            "MOZ_UNSIGNED_SCOPES": 0,
            "MOZ_UPDATER": false,
            "MOZ_UPDATE_CHANNEL": "release",
            "MOZ_WEBRTC": true,
            "MOZ_WIDGET_GTK": false,
            "MOZ_WIDGET_TOOLKIT": "android",
            "NIGHTLY_BUILD": false,
            "OMNIJAR_NAME": "assets/omni.ja",
            "RELEASE_OR_BETA": true,
            "SOURCE_REVISION_URL": "https://hg.mozilla.org/releases/mozilla-esr68/rev/d2e0b9e17b9bc1ef02606c8006b73293f7892ad5",
            "TELEMETRY_PING_FORMAT_VERSION": 4,
            "XP_UNIX": true,
            "isPlatformAndVersionAtLeast": {},
            "isPlatformAndVersionAtMost": {},
            "platform": "android"
          },
          "asyncAppConstants": {
            "ACCESSIBILITY": true,
            "ANDROID_PACKAGE_NAME": "org.mozilla.firefox",
            "ASAN": false,
            "ASAN_REPORTER": false,
            "BROWSER_CHROME_URL": "chrome://browser/content/browser.xul",
            "DEBUG": false,
            "DEBUG_JS_MODULES": "",
            "DLL_PREFIX": "lib",
            "DLL_SUFFIX": ".so",
            "EARLY_BETA_OR_EARLIER": false,
            "FENNEC_NIGHTLY": false,
            "HAVE_SHELL_SERVICE": false,
            "HAVE_USR_LIB64_DIR": false,
            "MENUBAR_CAN_AUTOHIDE": false,
            "MOZILLA_OFFICIAL": true,
            "MOZ_ALLOW_LEGACY_EXTENSIONS": false,
            "MOZ_ANDROID_ACTIVITY_STREAM": false,
            "MOZ_ANDROID_HISTORY": true,
            "MOZ_ANDROID_MOZILLA_ONLINE": false,
            "MOZ_APP_NAME": "fennec",
            "MOZ_APP_VERSION": "68.1.1",
            "MOZ_APP_VERSION_DISPLAY": "68.1.1",
            "MOZ_BING_API_CLIENTID": "no-bing-api-clientid",
            "MOZ_BING_API_KEY": "no-bing-api-key",
            "MOZ_BITS_DOWNLOAD": false,
            "MOZ_BUILD_APP": "mobile/android",
            "MOZ_CODE_COVERAGE": false,
            "MOZ_CRASHREPORTER": true,
            "MOZ_DATA_REPORTING": true,
            "MOZ_DEV_EDITION": false,
            "MOZ_GECKO_PROFILER": true,
            "MOZ_GOOGLE_LOCATION_SERVICE_API_KEY": "AIzaSyB2h2OuRcUgy5N-5hsZqiPW6sH3n_rptiQ",
            "MOZ_GOOGLE_SAFEBROWSING_API_KEY": "AIzaSyC7jsptDS3am4tPx4r3nxis7IMjBc5Dovo",
            "MOZ_GRAPHENE": false,
            "MOZ_MACBUNDLE_NAME": "Firefox.app",
            "MOZ_MAINTENANCE_SERVICE": false,
            "MOZ_MOZILLA_API_KEY": "3b4d27dd-703d-4094-8398-4de2c763505a",
            "MOZ_NEW_CERT_STORAGE": false,
            "MOZ_NEW_NOTIFICATION_STORE": false,
            "MOZ_NEW_XULSTORE": false,
            "MOZ_OFFICIAL_BRANDING": false,
            "MOZ_PLACES": false,
            "MOZ_REQUIRE_SIGNING": false,
            "MOZ_SANDBOX": false,
            "MOZ_SERVICES_HEALTHREPORT": true,
            "MOZ_SERVICES_SYNC": false,
            "MOZ_SWITCHBOARD": true,
            "MOZ_SYSTEM_NSS": false,
            "MOZ_TELEMETRY_ON_BY_DEFAULT": false,
            "MOZ_TELEMETRY_REPORTING": true,
            "MOZ_UNSIGNED_SCOPES": 0,
            "MOZ_UPDATER": false,
            "MOZ_UPDATE_CHANNEL": "release",
            "MOZ_WEBRTC": true,
            "MOZ_WIDGET_GTK": false,
            "MOZ_WIDGET_TOOLKIT": "android",
            "NIGHTLY_BUILD": false,
            "OMNIJAR_NAME": "assets/omni.ja",
            "RELEASE_OR_BETA": true,
            "SOURCE_REVISION_URL": "https://hg.mozilla.org/releases/mozilla-esr68/rev/d2e0b9e17b9bc1ef02606c8006b73293f7892ad5",
            "TELEMETRY_PING_FORMAT_VERSION": 4,
            "XP_UNIX": true,
            "isPlatformAndVersionAtLeast": {},
            "isPlatformAndVersionAtMost": {},
            "platform": "android"
          },
          "userAgent": "Mozilla/5.0 (Android 9; Mobile; rv:68.0) Gecko/68.0 Firefox/68.0",
          "windowSize": "360x612"
        },
        "pageinfo": {
          "documentHeight": 2807,
          "documentSize": {
            "decodedBodySize": 11557,
            "encodedBodySize": 3904,
            "transferSize": 4371
          },
          "documentTitle": "CSDN - 专业开发者社区",
          "documentWidth": 360,
          "domElements": 650,
          "navigationStartTime": 1617108033671,
          "nextHopProtocol": "h2",
          "resources": {
            "count": 0,
            "duration": 0
          },
          "responsive": true,
          "url": "https://www.csdn.net/",
          "visualElements": {
            "heroes": [
              {
                "filename": "69e32e523c2cae2bec51869fda055821.png",
                "height": 195,
                "name": "LargestImage",
                "width": 360,
                "x": 0,
                "y": 90
              }
            ],
            "viewport": {
              "height": 612,
              "width": 360
            }
          }
        },
        "timings": {
          "firstPaint": 15028,
          "loadEventEnd": 16883,
          "navigationTiming": {
            "connectStart": 91,
            "domComplete": 16860,
            "domContentLoadedEventEnd": 15268,
            "domContentLoadedEventStart": 15246,
            "domInteractive": 15172,
            "domainLookupEnd": 91,
            "domainLookupStart": 91,
            "duration": 16883,
            "fetchStart": 3,
            "loadEventEnd": 16883,
            "loadEventStart": 16861,
            "redirectEnd": 0,
            "redirectStart": 0,
            "requestStart": 748,
            "responseEnd": 7882,
            "responseStart": 7881,
            "secureConnectionStart": 402,
            "startTime": 0,
            "unloadEventEnd": 0,
            "unloadEventStart": 0,
            "workerStart": 0
          },
          "pageTimings": {
            "backEndTime": 7881,
            "domContentLoadedTime": 15246,
            "domInteractiveTime": 15172,
            "domainLookupTime": 0,
            "frontEndTime": 8979,
            "pageDownloadTime": 1,
            "pageLoadTime": 16861,
            "redirectionTime": 0,
            "serverConnectionTime": 656,
            "serverResponseTime": 7134
          },
          "rumSpeedIndex": 7880,
          "timeToContentfulPaint": 15164,
          "timeToDomContentFlushed": 15173,
          "userTimings": {
            "marks": [],
            "measures": []
          }
        }
      }
    ],
    "visualMetrics": [],
    "cpu": [],
    "extras": [
      {},
      {},
      {}
    ],
    "fullyLoaded": [],
    "errors": [
      [
        "UrlLoadError",
        "Failed to load https://www.csdn.net/"
      ],
      [
        "UrlLoadError",
        "Failed to load https://www.csdn.net/"
      ],
      []
    ],
    "statistics": {
      "browser": {
        "appConstants": {
          "MOZ_UNSIGNED_SCOPES": {
            "median": 0,
            "mean": 0,
            "mdev": 0,
            "stddev": 0,
            "min": 0,
            "p10": 0,
            "p90": 0,
            "p99": 0,
            "max": 0
          },
          "TELEMETRY_PING_FORMAT_VERSION": {
            "median": 4,
            "mean": 4,
            "mdev": 0,
            "stddev": 0,
            "min": 4,
            "p10": 4,
            "p90": 4,
            "p99": 4,
            "max": 4
          }
        },
        "asyncAppConstants": {
          "MOZ_UNSIGNED_SCOPES": {
            "median": 0,
            "mean": 0,
            "mdev": 0,
            "stddev": 0,
            "min": 0,
            "p10": 0,
            "p90": 0,
            "p99": 0,
            "max": 0
          },
          "TELEMETRY_PING_FORMAT_VERSION": {
            "median": 4,
            "mean": 4,
            "mdev": 0,
            "stddev": 0,
            "min": 4,
            "p10": 4,
            "p90": 4,
            "p99": 4,
            "max": 4
          }
        }
      },
      "pageinfo": {
        "documentHeight": {
          "median": 2807,
          "mean": 2807,
          "mdev": 0,
          "stddev": 0,
          "min": 2807,
          "p10": 2807,
          "p90": 2807,
          "p99": 2807,
          "max": 2807
        },
        "documentSize": {
          "decodedBodySize": {
            "median": 11557,
            "mean": 11557,
            "mdev": 0,
            "stddev": 0,
            "min": 11557,
            "p10": 11557,
            "p90": 11557,
            "p99": 11557,
            "max": 11557
          },
          "encodedBodySize": {
            "median": 3904,
            "mean": 3904,
            "mdev": 0,
            "stddev": 0,
            "min": 3904,
            "p10": 3904,
            "p90": 3904,
            "p99": 3904,
            "max": 3904
          },
          "transferSize": {
            "median": 4371,
            "mean": 4371,
            "mdev": 0,
            "stddev": 0,
            "min": 4371,
            "p10": 4371,
            "p90": 4371,
            "p99": 4371,
            "max": 4371
          }
        },
        "documentWidth": {
          "median": 360,
          "mean": 360,
          "mdev": 0,
          "stddev": 0,
          "min": 360,
          "p10": 360,
          "p90": 360,
          "p99": 360,
          "max": 360
        },
        "domElements": {
          "median": 650,
          "mean": 650,
          "mdev": 0,
          "stddev": 0,
          "min": 650,
          "p10": 650,
          "p90": 650,
          "p99": 650,
          "max": 650
        },
        "navigationStartTime": {
          "median": 1617108033671,
          "mean": 1617108033671,
          "mdev": 0,
          "stddev": 0,
          "min": 1617108033671,
          "p10": 1617108033671,
          "p90": 1617108033671,
          "p99": 1617108033671,
          "max": 1617108033671
        },
        "resources": {
          "count": {
            "median": 0,
            "mean": 0,
            "mdev": 0,
            "stddev": 0,
            "min": 0,
            "p10": 0,
            "p90": 0,
            "p99": 0,
            "max": 0
          },
          "duration": {
            "median": 0,
            "mean": 0,
            "mdev": 0,
            "stddev": 0,
            "min": 0,
            "p10": 0,
            "p90": 0,
            "p99": 0,
            "max": 0
          }
        },
        "visualElements": {
          "heroes": [
            {
              "height": {
                "median": 195,
                "mean": 195,
                "mdev": 0,
                "stddev": 0,
                "min": 195,
                "p10": 195,
                "p90": 195,
                "p99": 195,
                "max": 195
              },
              "width": {
                "median": 360,
                "mean": 360,
                "mdev": 0,
                "stddev": 0,
                "min": 360,
                "p10": 360,
                "p90": 360,
                "p99": 360,
                "max": 360
              },
              "x": {
                "median": 0,
                "mean": 0,
                "mdev": 0,
                "stddev": 0,
                "min": 0,
                "p10": 0,
                "p90": 0,
                "p99": 0,
                "max": 0
              },
              "y": {
                "median": 90,
                "mean": 90,
                "mdev": 0,
                "stddev": 0,
                "min": 90,
                "p10": 90,
                "p90": 90,
                "p99": 90,
                "max": 90
              }
            }
          ],
          "viewport": {
            "height": {
              "median": 612,
              "mean": 612,
              "mdev": 0,
              "stddev": 0,
              "min": 612,
              "p10": 612,
              "p90": 612,
              "p99": 612,
              "max": 612
            },
            "width": {
              "median": 360,
              "mean": 360,
              "mdev": 0,
              "stddev": 0,
              "min": 360,
              "p10": 360,
              "p90": 360,
              "p99": 360,
              "max": 360
            }
          }
        }
      },
      "timings": {
        "firstPaint": {
          "median": 15028,
          "mean": 15028,
          "mdev": 0,
          "stddev": 0,
          "min": 15028,
          "p10": 15028,
          "p90": 15028,
          "p99": 15028,
          "max": 15028
        },
        "loadEventEnd": {
          "median": 16883,
          "mean": 16883,
          "mdev": 0,
          "stddev": 0,
          "min": 16883,
          "p10": 16883,
          "p90": 16883,
          "p99": 16883,
          "max": 16883
        },
        "navigationTiming": {
          "connectStart": {
            "median": 91,
            "mean": 91,
            "mdev": 0,
            "stddev": 0,
            "min": 91,
            "p10": 91,
            "p90": 91,
            "p99": 91,
            "max": 91
          },
          "domComplete": {
            "median": 16860,
            "mean": 16860,
            "mdev": 0,
            "stddev": 0,
            "min": 16860,
            "p10": 16860,
            "p90": 16860,
            "p99": 16860,
            "max": 16860
          },
          "domContentLoadedEventEnd": {
            "median": 15268,
            "mean": 15268,
            "mdev": 0,
            "stddev": 0,
            "min": 15268,
            "p10": 15268,
            "p90": 15268,
            "p99": 15268,
            "max": 15268
          },
          "domContentLoadedEventStart": {
            "median": 15246,
            "mean": 15246,
            "mdev": 0,
            "stddev": 0,
            "min": 15246,
            "p10": 15246,
            "p90": 15246,
            "p99": 15246,
            "max": 15246
          },
          "domInteractive": {
            "median": 15172,
            "mean": 15172,
            "mdev": 0,
            "stddev": 0,
            "min": 15172,
            "p10": 15172,
            "p90": 15172,
            "p99": 15172,
            "max": 15172
          },
          "domainLookupEnd": {
            "median": 91,
            "mean": 91,
            "mdev": 0,
            "stddev": 0,
            "min": 91,
            "p10": 91,
            "p90": 91,
            "p99": 91,
            "max": 91
          },
          "domainLookupStart": {
            "median": 91,
            "mean": 91,
            "mdev": 0,
            "stddev": 0,
            "min": 91,
            "p10": 91,
            "p90": 91,
            "p99": 91,
            "max": 91
          },
          "duration": {
            "median": 16883,
            "mean": 16883,
            "mdev": 0,
            "stddev": 0,
            "min": 16883,
            "p10": 16883,
            "p90": 16883,
            "p99": 16883,
            "max": 16883
          },
          "fetchStart": {
            "median": 3,
            "mean": 3,
            "mdev": 0,
            "stddev": 0,
            "min": 3,
            "p10": 3,
            "p90": 3,
            "p99": 3,
            "max": 3
          },
          "loadEventEnd": {
            "median": 16883,
            "mean": 16883,
            "mdev": 0,
            "stddev": 0,
            "min": 16883,
            "p10": 16883,
            "p90": 16883,
            "p99": 16883,
            "max": 16883
          },
          "loadEventStart": {
            "median": 16861,
            "mean": 16861,
            "mdev": 0,
            "stddev": 0,
            "min": 16861,
            "p10": 16861,
            "p90": 16861,
            "p99": 16861,
            "max": 16861
          },
          "redirectEnd": {
            "median": 0,
            "mean": 0,
            "mdev": 0,
            "stddev": 0,
            "min": 0,
            "p10": 0,
            "p90": 0,
            "p99": 0,
            "max": 0
          },
          "redirectStart": {
            "median": 0,
            "mean": 0,
            "mdev": 0,
            "stddev": 0,
            "min": 0,
            "p10": 0,
            "p90": 0,
            "p99": 0,
            "max": 0
          },
          "requestStart": {
            "median": 748,
            "mean": 748,
            "mdev": 0,
            "stddev": 0,
            "min": 748,
            "p10": 748,
            "p90": 748,
            "p99": 748,
            "max": 748
          },
          "responseEnd": {
            "median": 7882,
            "mean": 7882,
            "mdev": 0,
            "stddev": 0,
            "min": 7882,
            "p10": 7882,
            "p90": 7882,
            "p99": 7882,
            "max": 7882
          },
          "responseStart": {
            "median": 7881,
            "mean": 7881,
            "mdev": 0,
            "stddev": 0,
            "min": 7881,
            "p10": 7881,
            "p90": 7881,
            "p99": 7881,
            "max": 7881
          },
          "secureConnectionStart": {
            "median": 402,
            "mean": 402,
            "mdev": 0,
            "stddev": 0,
            "min": 402,
            "p10": 402,
            "p90": 402,
            "p99": 402,
            "max": 402
          },
          "startTime": {
            "median": 0,
            "mean": 0,
            "mdev": 0,
            "stddev": 0,
            "min": 0,
            "p10": 0,
            "p90": 0,
            "p99": 0,
            "max": 0
          },
          "unloadEventEnd": {
            "median": 0,
            "mean": 0,
            "mdev": 0,
            "stddev": 0,
            "min": 0,
            "p10": 0,
            "p90": 0,
            "p99": 0,
            "max": 0
          },
          "unloadEventStart": {
            "median": 0,
            "mean": 0,
            "mdev": 0,
            "stddev": 0,
            "min": 0,
            "p10": 0,
            "p90": 0,
            "p99": 0,
            "max": 0
          },
          "workerStart": {
            "median": 0,
            "mean": 0,
            "mdev": 0,
            "stddev": 0,
            "min": 0,
            "p10": 0,
            "p90": 0,
            "p99": 0,
            "max": 0
          }
        },
        "pageTimings": {
          "backEndTime": {
            "median": 7881,
            "mean": 7881,
            "mdev": 0,
            "stddev": 0,
            "min": 7881,
            "p10": 7881,
            "p90": 7881,
            "p99": 7881,
            "max": 7881
          },
          "domContentLoadedTime": {
            "median": 15246,
            "mean": 15246,
            "mdev": 0,
            "stddev": 0,
            "min": 15246,
            "p10": 15246,
            "p90": 15246,
            "p99": 15246,
            "max": 15246
          },
          "domInteractiveTime": {
            "median": 15172,
            "mean": 15172,
            "mdev": 0,
            "stddev": 0,
            "min": 15172,
            "p10": 15172,
            "p90": 15172,
            "p99": 15172,
            "max": 15172
          },
          "domainLookupTime": {
            "median": 0,
            "mean": 0,
            "mdev": 0,
            "stddev": 0,
            "min": 0,
            "p10": 0,
            "p90": 0,
            "p99": 0,
            "max": 0
          },
          "frontEndTime": {
            "median": 8979,
            "mean": 8979,
            "mdev": 0,
            "stddev": 0,
            "min": 8979,
            "p10": 8979,
            "p90": 8979,
            "p99": 8979,
            "max": 8979
          },
          "pageDownloadTime": {
            "median": 1,
            "mean": 1,
            "mdev": 0,
            "stddev": 0,
            "min": 1,
            "p10": 1,
            "p90": 1,
            "p99": 1,
            "max": 1
          },
          "pageLoadTime": {
            "median": 16861,
            "mean": 16861,
            "mdev": 0,
            "stddev": 0,
            "min": 16861,
            "p10": 16861,
            "p90": 16861,
            "p99": 16861,
            "max": 16861
          },
          "redirectionTime": {
            "median": 0,
            "mean": 0,
            "mdev": 0,
            "stddev": 0,
            "min": 0,
            "p10": 0,
            "p90": 0,
            "p99": 0,
            "max": 0
          },
          "serverConnectionTime": {
            "median": 656,
            "mean": 656,
            "mdev": 0,
            "stddev": 0,
            "min": 656,
            "p10": 656,
            "p90": 656,
            "p99": 656,
            "max": 656
          },
          "serverResponseTime": {
            "median": 7134,
            "mean": 7134,
            "mdev": 0,
            "stddev": 0,
            "min": 7134,
            "p10": 7134,
            "p90": 7134,
            "p99": 7134,
            "max": 7134
          }
        },
        "rumSpeedIndex": {
          "median": 7880,
          "mean": 7880,
          "mdev": 0,
          "stddev": 0,
          "min": 7880,
          "p10": 7880,
          "p90": 7880,
          "p99": 7880,
          "max": 7880
        },
        "timeToContentfulPaint": {
          "median": 15164,
          "mean": 15164,
          "mdev": 0,
          "stddev": 0,
          "min": 15164,
          "p10": 15164,
          "p90": 15164,
          "p99": 15164,
          "max": 15164
        },
        "timeToDomContentFlushed": {
          "median": 15173,
          "mean": 15173,
          "mdev": 0,
          "stddev": 0,
          "min": 15173,
          "p10": 15173,
          "p90": 15173,
          "p99": 15173,
          "max": 15173
        }
      }
    }
  }
]