[
  {
    "info": {
      "browsertime": {
        "version": "8.4.0"
      },
      "url": "https://edition.cnn.com/",
      "timestamp": "2021-03-30T20:07:03+04:00",
      "connectivity": {
        "engine": "external",
        "profile": "native"
      },
      "extra": {}
    },
    "files": {
      "video": [],
      "screenshot": [],
      "timeline": [],
      "consoleLog": [],
      "netLog": [],
      "perfLog": []
    },
    "cdp": {
      "performance": []
    },
    "timestamps": [
      "2021-03-30T20:06:29+04:00",
      "2021-03-30T20:07:09+04:00",
      "2021-03-30T20:08:51+04:00"
    ],
    "browserScripts": [
      {
        "browser": {
          "appConstants": {
            "ACCESSIBILITY": true,
            "ANDROID_PACKAGE_NAME": "org.mozilla.firefox",
            "ASAN": false,
            "ASAN_REPORTER": false,
            "BROWSER_CHROME_URL": "chrome://browser/content/browser.xul",
            "DEBUG": false,
            "DEBUG_JS_MODULES": "",
            "DLL_PREFIX": "lib",
            "DLL_SUFFIX": ".so",
            "EARLY_BETA_OR_EARLIER": false,
            "FENNEC_NIGHTLY": false,
            "HAVE_SHELL_SERVICE": false,
            "HAVE_USR_LIB64_DIR": false,
            "MENUBAR_CAN_AUTOHIDE": false,
            "MOZILLA_OFFICIAL": true,
            "MOZ_ALLOW_LEGACY_EXTENSIONS": false,
            "MOZ_ANDROID_ACTIVITY_STREAM": false,
            "MOZ_ANDROID_HISTORY": true,
            "MOZ_ANDROID_MOZILLA_ONLINE": false,
            "MOZ_APP_NAME": "fennec",
            "MOZ_APP_VERSION": "68.1.1",
            "MOZ_APP_VERSION_DISPLAY": "68.1.1",
            "MOZ_BING_API_CLIENTID": "no-bing-api-clientid",
            "MOZ_BING_API_KEY": "no-bing-api-key",
            "MOZ_BITS_DOWNLOAD": false,
            "MOZ_BUILD_APP": "mobile/android",
            "MOZ_CODE_COVERAGE": false,
            "MOZ_CRASHREPORTER": true,
            "MOZ_DATA_REPORTING": true,
            "MOZ_DEV_EDITION": false,
            "MOZ_GECKO_PROFILER": true,
            "MOZ_GOOGLE_LOCATION_SERVICE_API_KEY": "AIzaSyB2h2OuRcUgy5N-5hsZqiPW6sH3n_rptiQ",
            "MOZ_GOOGLE_SAFEBROWSING_API_KEY": "AIzaSyC7jsptDS3am4tPx4r3nxis7IMjBc5Dovo",
            "MOZ_GRAPHENE": false,
            "MOZ_MACBUNDLE_NAME": "Firefox.app",
            "MOZ_MAINTENANCE_SERVICE": false,
            "MOZ_MOZILLA_API_KEY": "3b4d27dd-703d-4094-8398-4de2c763505a",
            "MOZ_NEW_CERT_STORAGE": false,
            "MOZ_NEW_NOTIFICATION_STORE": false,
            "MOZ_NEW_XULSTORE": false,
            "MOZ_OFFICIAL_BRANDING": false,
            "MOZ_PLACES": false,
            "MOZ_REQUIRE_SIGNING": false,
            "MOZ_SANDBOX": false,
            "MOZ_SERVICES_HEALTHREPORT": true,
            "MOZ_SERVICES_SYNC": false,
            "MOZ_SWITCHBOARD": true,
            "MOZ_SYSTEM_NSS": false,
            "MOZ_TELEMETRY_ON_BY_DEFAULT": false,
            "MOZ_TELEMETRY_REPORTING": true,
            "MOZ_UNSIGNED_SCOPES": 0,
            "MOZ_UPDATER": false,
            "MOZ_UPDATE_CHANNEL": "release",
            "MOZ_WEBRTC": true,
            "MOZ_WIDGET_GTK": false,
            "MOZ_WIDGET_TOOLKIT": "android",
            "NIGHTLY_BUILD": false,
            "OMNIJAR_NAME": "assets/omni.ja",
            "RELEASE_OR_BETA": true,
            "SOURCE_REVISION_URL": "https://hg.mozilla.org/releases/mozilla-esr68/rev/d2e0b9e17b9bc1ef02606c8006b73293f7892ad5",
            "TELEMETRY_PING_FORMAT_VERSION": 4,
            "XP_UNIX": true,
            "isPlatformAndVersionAtLeast": {},
            "isPlatformAndVersionAtMost": {},
            "platform": "android"
          },
          "asyncAppConstants": {
            "ACCESSIBILITY": true,
            "ANDROID_PACKAGE_NAME": "org.mozilla.firefox",
            "ASAN": false,
            "ASAN_REPORTER": false,
            "BROWSER_CHROME_URL": "chrome://browser/content/browser.xul",
            "DEBUG": false,
            "DEBUG_JS_MODULES": "",
            "DLL_PREFIX": "lib",
            "DLL_SUFFIX": ".so",
            "EARLY_BETA_OR_EARLIER": false,
            "FENNEC_NIGHTLY": false,
            "HAVE_SHELL_SERVICE": false,
            "HAVE_USR_LIB64_DIR": false,
            "MENUBAR_CAN_AUTOHIDE": false,
            "MOZILLA_OFFICIAL": true,
            "MOZ_ALLOW_LEGACY_EXTENSIONS": false,
            "MOZ_ANDROID_ACTIVITY_STREAM": false,
            "MOZ_ANDROID_HISTORY": true,
            "MOZ_ANDROID_MOZILLA_ONLINE": false,
            "MOZ_APP_NAME": "fennec",
            "MOZ_APP_VERSION": "68.1.1",
            "MOZ_APP_VERSION_DISPLAY": "68.1.1",
            "MOZ_BING_API_CLIENTID": "no-bing-api-clientid",
            "MOZ_BING_API_KEY": "no-bing-api-key",
            "MOZ_BITS_DOWNLOAD": false,
            "MOZ_BUILD_APP": "mobile/android",
            "MOZ_CODE_COVERAGE": false,
            "MOZ_CRASHREPORTER": true,
            "MOZ_DATA_REPORTING": true,
            "MOZ_DEV_EDITION": false,
            "MOZ_GECKO_PROFILER": true,
            "MOZ_GOOGLE_LOCATION_SERVICE_API_KEY": "AIzaSyB2h2OuRcUgy5N-5hsZqiPW6sH3n_rptiQ",
            "MOZ_GOOGLE_SAFEBROWSING_API_KEY": "AIzaSyC7jsptDS3am4tPx4r3nxis7IMjBc5Dovo",
            "MOZ_GRAPHENE": false,
            "MOZ_MACBUNDLE_NAME": "Firefox.app",
            "MOZ_MAINTENANCE_SERVICE": false,
            "MOZ_MOZILLA_API_KEY": "3b4d27dd-703d-4094-8398-4de2c763505a",
            "MOZ_NEW_CERT_STORAGE": false,
            "MOZ_NEW_NOTIFICATION_STORE": false,
            "MOZ_NEW_XULSTORE": false,
            "MOZ_OFFICIAL_BRANDING": false,
            "MOZ_PLACES": false,
            "MOZ_REQUIRE_SIGNING": false,
            "MOZ_SANDBOX": false,
            "MOZ_SERVICES_HEALTHREPORT": true,
            "MOZ_SERVICES_SYNC": false,
            "MOZ_SWITCHBOARD": true,
            "MOZ_SYSTEM_NSS": false,
            "MOZ_TELEMETRY_ON_BY_DEFAULT": false,
            "MOZ_TELEMETRY_REPORTING": true,
            "MOZ_UNSIGNED_SCOPES": 0,
            "MOZ_UPDATER": false,
            "MOZ_UPDATE_CHANNEL": "release",
            "MOZ_WEBRTC": true,
            "MOZ_WIDGET_GTK": false,
            "MOZ_WIDGET_TOOLKIT": "android",
            "NIGHTLY_BUILD": false,
            "OMNIJAR_NAME": "assets/omni.ja",
            "RELEASE_OR_BETA": true,
            "SOURCE_REVISION_URL": "https://hg.mozilla.org/releases/mozilla-esr68/rev/d2e0b9e17b9bc1ef02606c8006b73293f7892ad5",
            "TELEMETRY_PING_FORMAT_VERSION": 4,
            "XP_UNIX": true,
            "isPlatformAndVersionAtLeast": {},
            "isPlatformAndVersionAtMost": {},
            "platform": "android"
          },
          "userAgent": "Mozilla/5.0 (Android 9; Mobile; rv:68.0) Gecko/68.0 Firefox/68.0",
          "windowSize": "360x612"
        },
        "pageinfo": {
          "documentHeight": 3415,
          "documentSize": {
            "decodedBodySize": 1145243,
            "encodedBodySize": 157917,
            "transferSize": 159468
          },
          "documentTitle": "CNN International - Breaking News, US News, World News and Video",
          "documentWidth": 360,
          "domElements": 1318,
          "navigationStartTime": 1617120389533,
          "nextHopProtocol": "h2",
          "resources": {
            "count": 0,
            "duration": 0
          },
          "responsive": true,
          "url": "https://edition.cnn.com/",
          "visualElements": {
            "heroes": [
              {
                "filename": "210303161010-chauvin-floyd-split-large-tease.jpg",
                "height": 191,
                "name": "LargestImage",
                "width": 340,
                "x": 10,
                "y": 225
              }
            ],
            "viewport": {
              "height": 612,
              "width": 360
            }
          }
        },
        "timings": {
          "firstPaint": 1240,
          "loadEventEnd": 26818,
          "navigationTiming": {
            "connectStart": 97,
            "domComplete": 26736,
            "domContentLoadedEventEnd": 3376,
            "domContentLoadedEventStart": 3133,
            "domInteractive": 3113,
            "domainLookupEnd": 96,
            "domainLookupStart": 96,
            "duration": 26818,
            "fetchStart": 2,
            "loadEventEnd": 26818,
            "loadEventStart": 26736,
            "redirectEnd": 0,
            "redirectStart": 0,
            "requestStart": 181,
            "responseEnd": 191,
            "responseStart": 191,
            "secureConnectionStart": 110,
            "startTime": 0,
            "unloadEventEnd": 0,
            "unloadEventStart": 0,
            "workerStart": 0
          },
          "pageTimings": {
            "backEndTime": 191,
            "domContentLoadedTime": 3133,
            "domInteractiveTime": 3113,
            "domainLookupTime": 0,
            "frontEndTime": 26545,
            "pageDownloadTime": 0,
            "pageLoadTime": 26736,
            "redirectionTime": 0,
            "serverConnectionTime": 83,
            "serverResponseTime": 11
          },
          "rumSpeedIndex": 191,
          "timeToContentfulPaint": 6405,
          "timeToDomContentFlushed": 3115,
          "timeToFirstInteractive": 17800,
          "userTimings": {
            "marks": [
              {
                "name": "optimizelyStart",
                "startTime": 1793.3
              },
              {
                "name": "optimizely:blockBegin",
                "startTime": 1835.12
              },
              {
                "name": "optimizelyEnd",
                "startTime": 2112.16
              },
              {
                "name": "headEnd",
                "startTime": 2112.32
              },
              {
                "name": "footerStart",
                "startTime": 2122.06
              },
              {
                "name": "footerEnd",
                "startTime": 2628.8
              },
              {
                "name": "[ADFUEL] AdFuel Initialized",
                "startTime": 2882.02
              },
              {
                "name": "domReady",
                "startTime": 3166.34
              },
              {
                "name": "[ADFUEL] AdFuel DOMContentLoaded",
                "startTime": 3360.54
              },
              {
                "name": "[ADFUEL] Dispatch Queue Start",
                "startTime": 3361.76
              },
              {
                "name": "[ADFUEL] Dispatch Queue Start",
                "startTime": 3960.12
              },
              {
                "name": "gpt-tag-load",
                "startTime": 5802.92
              },
              {
                "name": "zonesReady",
                "startTime": 6148.02
              },
              {
                "name": "zonesAndDomReady",
                "startTime": 6197.62
              },
              {
                "name": "[ADFUEL] Registry Load [//cdn.cnn.com/ads/cnni/cnni_homepage.json] Start",
                "startTime": 6665.58
              },
              {
                "name": "[ADFUEL] Registering Module: Prebid Module v4.0.30",
                "startTime": 7146.12
              },
              {
                "name": "[ADFUEL] Registering Module: Amazon A9 Module v4.0.20",
                "startTime": 7147.900000000001
              },
              {
                "name": "[ADFUEL] Registering Module: Proximic Module v4.0.5",
                "startTime": 7160.54
              },
              {
                "name": "[ADFUEL] Registering Module: Krux Module v4.1.4",
                "startTime": 7199.14
              },
              {
                "name": "[ADFUEL] Registering Module: Integral Ad Science Module v4.0.5",
                "startTime": 7204.2
              },
              {
                "name": "[ADFUEL] Registering Module: Beemray Module v4.0.3",
                "startTime": 7209.28
              },
              {
                "name": "[ADFUEL] Registering Module: CEP Module v4.0.4",
                "startTime": 7210.82
              },
              {
                "name": "[ADFUEL] Registering Module: In View Refresh v4.0.3",
                "startTime": 7348.16
              },
              {
                "name": "[ADFUEL] Registering Module: Malvertising Detection v4.0.6",
                "startTime": 7349.400000000001
              },
              {
                "name": "[ADFUEL] Registering Module: Sourcepoint Add-on: Ad Blocking v4.0.2",
                "startTime": 7351.1
              },
              {
                "name": "[ADFUEL] Registering Module: Transaction ID Module v4.0.2",
                "startTime": 7432.62
              },
              {
                "name": "[ADFUEL] Registering Module: Turner GUID Module v4.0.2",
                "startTime": 8386.5
              },
              {
                "name": "[ADFUEL] Registry Load [//cdn.cnn.com/ads/cnni/cnni_homepage.json] End",
                "startTime": 8666.84
              },
              {
                "name": "[ADFUEL] Queue Registry [cnni_homepage - 7081533860] Start",
                "startTime": 8670.44
              },
              {
                "name": "[ADFUEL] Building Slot [ad_bnr_atf_01] Start",
                "startTime": 8684.2
              },
              {
                "name": "[ADFUEL] Building Slot [ad_bnr_atf_01] End",
                "startTime": 8705.82
              },
              {
                "name": "[ADFUEL] Building Slot [ad_bnr_atf_02] Start",
                "startTime": 8706.62
              },
              {
                "name": "[ADFUEL] Building Slot [ad_bnr_atf_02] End",
                "startTime": 8715.44
              },
              {
                "name": "[ADFUEL] Applying Page-Level Targeting",
                "startTime": 10000.4
              },
              {
                "name": "[ADFUEL] Applying Window Site-Level Options.",
                "startTime": 10000.66
              },
              {
                "name": "[ADFUEL] Queue Registry [cnni_homepage - 7081533860] End",
                "startTime": 10001.1
              },
              {
                "name": "[ADFUEL] Dispatch Queue Start",
                "startTime": 10001.42
              },
              {
                "name": "[ADFUEL] Page-Level GPT Build Start",
                "startTime": 10043.4
              },
              {
                "name": "[ADFUEL] Page-Level GPT Build End",
                "startTime": 10052
              },
              {
                "name": "[ADFUEL] Sending Request Start",
                "startTime": 10052.32
              },
              {
                "name": "[ADFUEL] Sending Request End",
                "startTime": 10079.38
              },
              {
                "name": "[ADFUEL] AdFuel Request Complete",
                "startTime": 10079.98
              },
              {
                "name": "[ADFUEL] Dispatch Queue End",
                "startTime": 10080.26
              },
              {
                "name": "gpt-first-ad-request",
                "startTime": 11248.92
              },
              {
                "name": "loadStarteventUtils",
                "startTime": 11558.4
              },
              {
                "name": "loadEndeventUtils",
                "startTime": 11558.68
              },
              {
                "name": "loadStartpixelQueue",
                "startTime": 11558.86
              },
              {
                "name": "loadEndpixelQueue",
                "startTime": 11558.94
              },
              {
                "name": "gpt-first-ad-render",
                "startTime": 12408.06
              },
              {
                "name": "[ADFUEL] Ad Rendered [ad_bnr_atf_01]",
                "startTime": 12413.86
              },
              {
                "name": "[ADFUEL] Ad Rendered [ad_bnr_atf_02]",
                "startTime": 12441.76
              },
              {
                "name": "one-tap-video::embedRequest",
                "startTime": 14116.08
              },
              {
                "name": "one-tap-video::playerReady",
                "startTime": 14448.8
              },
              {
                "name": "faveReady_mark",
                "startTime": 14463.3
              },
              {
                "name": "faveReady_mark",
                "startTime": 14463.84
              },
              {
                "name": "[ADFUEL] AdFuel window.load",
                "startTime": 26786.76
              },
              {
                "name": "[ADFUEL] Dispatch Queue Start",
                "startTime": 26788.72
              }
            ],
            "measures": [
              {
                "duration": 1862.32,
                "name": "headTime",
                "startTime": 250
              },
              {
                "duration": 5898.02,
                "name": "timeToZonesComplete",
                "startTime": 250
              },
              {
                "duration": 2862,
                "name": "timeToInteractive",
                "startTime": 250
              },
              {
                "duration": 2916.34,
                "name": "timeToDomReady",
                "startTime": 250
              },
              {
                "duration": 5947.62,
                "name": "timeToZonesAndDomReady",
                "startTime": 250
              },
              {
                "duration": 14213.3,
                "name": "faveReady",
                "startTime": 250
              },
              {
                "duration": 14213.84,
                "name": "faveReady",
                "startTime": 250
              },
              {
                "duration": 318.8599999999999,
                "name": "optimizelyTime",
                "startTime": 1793.3
              },
              {
                "duration": 9.739999999999782,
                "name": "domTime",
                "startTime": 2112.32
              },
              {
                "duration": 506.74000000000024,
                "name": "footerTime",
                "startTime": 2122.06
              },
              {
                "duration": 2001.26,
                "name": "[ADFUEL] Registry Load [//cdn.cnn.com/ads/cnni/cnni_homepage.json]",
                "startTime": 6665.58
              },
              {
                "duration": 1330.66,
                "name": "[ADFUEL] Queue Registry [cnni_homepage - 7081533860]",
                "startTime": 8670.44
              },
              {
                "duration": 21.61999999999898,
                "name": "[ADFUEL] Building Slot [ad_bnr_atf_01]",
                "startTime": 8684.2
              },
              {
                "duration": 8.819999999999709,
                "name": "[ADFUEL] Building Slot [ad_bnr_atf_02]",
                "startTime": 8706.62
              },
              {
                "duration": 78.84000000000015,
                "name": "[ADFUEL] Dispatch Queue",
                "startTime": 10001.42
              },
              {
                "duration": 8.600000000000364,
                "name": "[ADFUEL] Page-Level GPT Build",
                "startTime": 10043.4
              },
              {
                "duration": 27.06000000000131,
                "name": "[ADFUEL] Sending Request",
                "startTime": 10052.32
              },
              {
                "duration": 0.28000000000065484,
                "name": "lteu",
                "startTime": 11558.4
              },
              {
                "duration": 0.07999999999992724,
                "name": "ltpq",
                "startTime": 11558.86
              }
            ]
          }
        }
      },
      {
        "browser": {
          "appConstants": {
            "ACCESSIBILITY": true,
            "ANDROID_PACKAGE_NAME": "org.mozilla.firefox",
            "ASAN": false,
            "ASAN_REPORTER": false,
            "BROWSER_CHROME_URL": "chrome://browser/content/browser.xul",
            "DEBUG": false,
            "DEBUG_JS_MODULES": "",
            "DLL_PREFIX": "lib",
            "DLL_SUFFIX": ".so",
            "EARLY_BETA_OR_EARLIER": false,
            "FENNEC_NIGHTLY": false,
            "HAVE_SHELL_SERVICE": false,
            "HAVE_USR_LIB64_DIR": false,
            "MENUBAR_CAN_AUTOHIDE": false,
            "MOZILLA_OFFICIAL": true,
            "MOZ_ALLOW_LEGACY_EXTENSIONS": false,
            "MOZ_ANDROID_ACTIVITY_STREAM": false,
            "MOZ_ANDROID_HISTORY": true,
            "MOZ_ANDROID_MOZILLA_ONLINE": false,
            "MOZ_APP_NAME": "fennec",
            "MOZ_APP_VERSION": "68.1.1",
            "MOZ_APP_VERSION_DISPLAY": "68.1.1",
            "MOZ_BING_API_CLIENTID": "no-bing-api-clientid",
            "MOZ_BING_API_KEY": "no-bing-api-key",
            "MOZ_BITS_DOWNLOAD": false,
            "MOZ_BUILD_APP": "mobile/android",
            "MOZ_CODE_COVERAGE": false,
            "MOZ_CRASHREPORTER": true,
            "MOZ_DATA_REPORTING": true,
            "MOZ_DEV_EDITION": false,
            "MOZ_GECKO_PROFILER": true,
            "MOZ_GOOGLE_LOCATION_SERVICE_API_KEY": "AIzaSyB2h2OuRcUgy5N-5hsZqiPW6sH3n_rptiQ",
            "MOZ_GOOGLE_SAFEBROWSING_API_KEY": "AIzaSyC7jsptDS3am4tPx4r3nxis7IMjBc5Dovo",
            "MOZ_GRAPHENE": false,
            "MOZ_MACBUNDLE_NAME": "Firefox.app",
            "MOZ_MAINTENANCE_SERVICE": false,
            "MOZ_MOZILLA_API_KEY": "3b4d27dd-703d-4094-8398-4de2c763505a",
            "MOZ_NEW_CERT_STORAGE": false,
            "MOZ_NEW_NOTIFICATION_STORE": false,
            "MOZ_NEW_XULSTORE": false,
            "MOZ_OFFICIAL_BRANDING": false,
            "MOZ_PLACES": false,
            "MOZ_REQUIRE_SIGNING": false,
            "MOZ_SANDBOX": false,
            "MOZ_SERVICES_HEALTHREPORT": true,
            "MOZ_SERVICES_SYNC": false,
            "MOZ_SWITCHBOARD": true,
            "MOZ_SYSTEM_NSS": false,
            "MOZ_TELEMETRY_ON_BY_DEFAULT": false,
            "MOZ_TELEMETRY_REPORTING": true,
            "MOZ_UNSIGNED_SCOPES": 0,
            "MOZ_UPDATER": false,
            "MOZ_UPDATE_CHANNEL": "release",
            "MOZ_WEBRTC": true,
            "MOZ_WIDGET_GTK": false,
            "MOZ_WIDGET_TOOLKIT": "android",
            "NIGHTLY_BUILD": false,
            "OMNIJAR_NAME": "assets/omni.ja",
            "RELEASE_OR_BETA": true,
            "SOURCE_REVISION_URL": "https://hg.mozilla.org/releases/mozilla-esr68/rev/d2e0b9e17b9bc1ef02606c8006b73293f7892ad5",
            "TELEMETRY_PING_FORMAT_VERSION": 4,
            "XP_UNIX": true,
            "isPlatformAndVersionAtLeast": {},
            "isPlatformAndVersionAtMost": {},
            "platform": "android"
          },
          "asyncAppConstants": {
            "ACCESSIBILITY": true,
            "ANDROID_PACKAGE_NAME": "org.mozilla.firefox",
            "ASAN": false,
            "ASAN_REPORTER": false,
            "BROWSER_CHROME_URL": "chrome://browser/content/browser.xul",
            "DEBUG": false,
            "DEBUG_JS_MODULES": "",
            "DLL_PREFIX": "lib",
            "DLL_SUFFIX": ".so",
            "EARLY_BETA_OR_EARLIER": false,
            "FENNEC_NIGHTLY": false,
            "HAVE_SHELL_SERVICE": false,
            "HAVE_USR_LIB64_DIR": false,
            "MENUBAR_CAN_AUTOHIDE": false,
            "MOZILLA_OFFICIAL": true,
            "MOZ_ALLOW_LEGACY_EXTENSIONS": false,
            "MOZ_ANDROID_ACTIVITY_STREAM": false,
            "MOZ_ANDROID_HISTORY": true,
            "MOZ_ANDROID_MOZILLA_ONLINE": false,
            "MOZ_APP_NAME": "fennec",
            "MOZ_APP_VERSION": "68.1.1",
            "MOZ_APP_VERSION_DISPLAY": "68.1.1",
            "MOZ_BING_API_CLIENTID": "no-bing-api-clientid",
            "MOZ_BING_API_KEY": "no-bing-api-key",
            "MOZ_BITS_DOWNLOAD": false,
            "MOZ_BUILD_APP": "mobile/android",
            "MOZ_CODE_COVERAGE": false,
            "MOZ_CRASHREPORTER": true,
            "MOZ_DATA_REPORTING": true,
            "MOZ_DEV_EDITION": false,
            "MOZ_GECKO_PROFILER": true,
            "MOZ_GOOGLE_LOCATION_SERVICE_API_KEY": "AIzaSyB2h2OuRcUgy5N-5hsZqiPW6sH3n_rptiQ",
            "MOZ_GOOGLE_SAFEBROWSING_API_KEY": "AIzaSyC7jsptDS3am4tPx4r3nxis7IMjBc5Dovo",
            "MOZ_GRAPHENE": false,
            "MOZ_MACBUNDLE_NAME": "Firefox.app",
            "MOZ_MAINTENANCE_SERVICE": false,
            "MOZ_MOZILLA_API_KEY": "3b4d27dd-703d-4094-8398-4de2c763505a",
            "MOZ_NEW_CERT_STORAGE": false,
            "MOZ_NEW_NOTIFICATION_STORE": false,
            "MOZ_NEW_XULSTORE": false,
            "MOZ_OFFICIAL_BRANDING": false,
            "MOZ_PLACES": false,
            "MOZ_REQUIRE_SIGNING": false,
            "MOZ_SANDBOX": false,
            "MOZ_SERVICES_HEALTHREPORT": true,
            "MOZ_SERVICES_SYNC": false,
            "MOZ_SWITCHBOARD": true,
            "MOZ_SYSTEM_NSS": false,
            "MOZ_TELEMETRY_ON_BY_DEFAULT": false,
            "MOZ_TELEMETRY_REPORTING": true,
            "MOZ_UNSIGNED_SCOPES": 0,
            "MOZ_UPDATER": false,
            "MOZ_UPDATE_CHANNEL": "release",
            "MOZ_WEBRTC": true,
            "MOZ_WIDGET_GTK": false,
            "MOZ_WIDGET_TOOLKIT": "android",
            "NIGHTLY_BUILD": false,
            "OMNIJAR_NAME": "assets/omni.ja",
            "RELEASE_OR_BETA": true,
            "SOURCE_REVISION_URL": "https://hg.mozilla.org/releases/mozilla-esr68/rev/d2e0b9e17b9bc1ef02606c8006b73293f7892ad5",
            "TELEMETRY_PING_FORMAT_VERSION": 4,
            "XP_UNIX": true,
            "isPlatformAndVersionAtLeast": {},
            "isPlatformAndVersionAtMost": {},
            "platform": "android"
          },
          "userAgent": "Mozilla/5.0 (Android 9; Mobile; rv:68.0) Gecko/68.0 Firefox/68.0",
          "windowSize": "360x612"
        },
        "pageinfo": {
          "documentHeight": 6181,
          "documentSize": {
            "decodedBodySize": 1145243,
            "encodedBodySize": 157917,
            "transferSize": 159468
          },
          "documentTitle": "CNN International - Breaking News, US News, World News and Video",
          "documentWidth": 360,
          "domElements": 1504,
          "navigationStartTime": 1617120429844,
          "nextHopProtocol": "h2",
          "resources": {
            "count": 0,
            "duration": 0
          },
          "responsive": true,
          "url": "https://edition.cnn.com/",
          "visualElements": {
            "heroes": [
              {
                "filename": "210303161010-chauvin-floyd-split-large-tease.jpg",
                "height": 191,
                "name": "LargestImage",
                "width": 340,
                "x": 10,
                "y": 225
              }
            ],
            "viewport": {
              "height": 612,
              "width": 360
            }
          }
        },
        "timings": {
          "firstPaint": 1390,
          "loadEventEnd": 81903,
          "navigationTiming": {
            "connectStart": 292,
            "domComplete": 81792,
            "domContentLoadedEventEnd": 3438,
            "domContentLoadedEventStart": 3206,
            "domInteractive": 3143,
            "domainLookupEnd": 291,
            "domainLookupStart": 291,
            "duration": 81903,
            "fetchStart": 2,
            "loadEventEnd": 81903,
            "loadEventStart": 81792,
            "redirectEnd": 0,
            "redirectStart": 0,
            "requestStart": 409,
            "responseEnd": 420,
            "responseStart": 420,
            "secureConnectionStart": 306,
            "startTime": 0,
            "unloadEventEnd": 0,
            "unloadEventStart": 0,
            "workerStart": 0
          },
          "pageTimings": {
            "backEndTime": 420,
            "domContentLoadedTime": 3206,
            "domInteractiveTime": 3143,
            "domainLookupTime": 1,
            "frontEndTime": 81372,
            "pageDownloadTime": 0,
            "pageLoadTime": 81792,
            "redirectionTime": 0,
            "serverConnectionTime": 114,
            "serverResponseTime": 11
          },
          "rumSpeedIndex": 420,
          "timeToContentfulPaint": 5972,
          "timeToDomContentFlushed": 3145,
          "timeToFirstInteractive": 22701,
          "userTimings": {
            "marks": [
              {
                "name": "optimizelyStart",
                "startTime": 1949.04
              },
              {
                "name": "optimizely:blockBegin",
                "startTime": 1990.8
              },
              {
                "name": "optimizelyEnd",
                "startTime": 2277.14
              },
              {
                "name": "headEnd",
                "startTime": 2277.3
              },
              {
                "name": "footerStart",
                "startTime": 2287.28
              },
              {
                "name": "footerEnd",
                "startTime": 2803.16
              },
              {
                "name": "[ADFUEL] AdFuel Initialized",
                "startTime": 3007.8
              },
              {
                "name": "domReady",
                "startTime": 3233.7000000000003
              },
              {
                "name": "[ADFUEL] AdFuel DOMContentLoaded",
                "startTime": 3421.6800000000003
              },
              {
                "name": "[ADFUEL] Dispatch Queue Start",
                "startTime": 3423.16
              },
              {
                "name": "[ADFUEL] Dispatch Queue Start",
                "startTime": 4030.08
              },
              {
                "name": "zonesReady",
                "startTime": 6162.32
              },
              {
                "name": "zonesAndDomReady",
                "startTime": 6223.82
              },
              {
                "name": "[ADFUEL] Registry Load [//cdn.cnn.com/ads/cnni/cnni_homepage.json] Start",
                "startTime": 6458.8
              },
              {
                "name": "[ADFUEL] Registering Module: Prebid Module v4.0.30",
                "startTime": 7806.08
              },
              {
                "name": "[ADFUEL] Registering Module: Amazon A9 Module v4.0.20",
                "startTime": 7809.84
              },
              {
                "name": "[ADFUEL] Registering Module: Proximic Module v4.0.5",
                "startTime": 7812.2
              },
              {
                "name": "[ADFUEL] Registering Module: Krux Module v4.1.4",
                "startTime": 7813.98
              },
              {
                "name": "[ADFUEL] Registering Module: Integral Ad Science Module v4.0.5",
                "startTime": 7973
              },
              {
                "name": "[ADFUEL] Registering Module: Beemray Module v4.0.3",
                "startTime": 7978.18
              },
              {
                "name": "[ADFUEL] Registering Module: CEP Module v4.0.4",
                "startTime": 7980.68
              },
              {
                "name": "[ADFUEL] Registering Module: In View Refresh v4.0.3",
                "startTime": 7981.88
              },
              {
                "name": "[ADFUEL] Registering Module: Malvertising Detection v4.0.6",
                "startTime": 7982.7
              },
              {
                "name": "[ADFUEL] Registering Module: Sourcepoint Add-on: Ad Blocking v4.0.2",
                "startTime": 7983.74
              },
              {
                "name": "[ADFUEL] Registering Module: Transaction ID Module v4.0.2",
                "startTime": 7985.38
              },
              {
                "name": "[ADFUEL] Registry Load [//cdn.cnn.com/ads/cnni/cnni_homepage.json] End",
                "startTime": 8354.8
              },
              {
                "name": "[ADFUEL] Queue Registry [cnni_homepage - 3740671834] Start",
                "startTime": 8357.2
              },
              {
                "name": "[ADFUEL] Building Slot [ad_bnr_atf_01] Start",
                "startTime": 8408.22
              },
              {
                "name": "[ADFUEL] Building Slot [ad_bnr_atf_01] End",
                "startTime": 8410.2
              },
              {
                "name": "[ADFUEL] Building Slot [ad_bnr_atf_02] Start",
                "startTime": 8410.76
              },
              {
                "name": "[ADFUEL] Building Slot [ad_bnr_atf_02] End",
                "startTime": 8411.24
              },
              {
                "name": "gpt-tag-load",
                "startTime": 8878.26
              },
              {
                "name": "[ADFUEL] Registering Module: Turner GUID Module v4.0.2",
                "startTime": 9851.12
              },
              {
                "name": "[ADFUEL] Applying Page-Level Targeting",
                "startTime": 9857.22
              },
              {
                "name": "[ADFUEL] Applying Window Site-Level Options.",
                "startTime": 9857.68
              },
              {
                "name": "[ADFUEL] Queue Registry [cnni_homepage - 3740671834] End",
                "startTime": 9858.46
              },
              {
                "name": "[ADFUEL] Dispatch Queue Start",
                "startTime": 9858.74
              },
              {
                "name": "[ADFUEL] Page-Level GPT Build Start",
                "startTime": 9929.32
              },
              {
                "name": "[ADFUEL] Page-Level GPT Build End",
                "startTime": 9940.32
              },
              {
                "name": "[ADFUEL] Sending Request Start",
                "startTime": 9940.66
              },
              {
                "name": "[ADFUEL] Sending Request End",
                "startTime": 9967.48
              },
              {
                "name": "[ADFUEL] AdFuel Request Complete",
                "startTime": 9968.06
              },
              {
                "name": "[ADFUEL] Dispatch Queue End",
                "startTime": 9968.42
              },
              {
                "name": "gpt-first-ad-request",
                "startTime": 10878.1
              },
              {
                "name": "gpt-first-ad-render",
                "startTime": 13359.86
              },
              {
                "name": "[ADFUEL] Ad Rendered [ad_bnr_atf_01]",
                "startTime": 13363.36
              },
              {
                "name": "[ADFUEL] Ad Rendered [ad_bnr_atf_02]",
                "startTime": 13408.86
              },
              {
                "name": "one-tap-video::embedRequest",
                "startTime": 13930.58
              },
              {
                "name": "one-tap-video::playerReady",
                "startTime": 14289.02
              },
              {
                "name": "faveReady_mark",
                "startTime": 14305.26
              },
              {
                "name": "faveReady_mark",
                "startTime": 14305.86
              },
              {
                "name": "loadStarteventUtils",
                "startTime": 14418.9
              },
              {
                "name": "loadEndeventUtils",
                "startTime": 14419.2
              },
              {
                "name": "loadStartpixelQueue",
                "startTime": 14419.38
              },
              {
                "name": "loadEndpixelQueue",
                "startTime": 14419.46
              },
              {
                "name": "[ADFUEL] AdFuel window.load",
                "startTime": 81872.46
              },
              {
                "name": "[ADFUEL] Dispatch Queue Start",
                "startTime": 81873.08
              }
            ],
            "measures": [
              {
                "duration": 1797.3000000000002,
                "name": "headTime",
                "startTime": 480
              },
              {
                "duration": 5682.32,
                "name": "timeToZonesComplete",
                "startTime": 480
              },
              {
                "duration": 2663,
                "name": "timeToInteractive",
                "startTime": 480
              },
              {
                "duration": 2753.7000000000003,
                "name": "timeToDomReady",
                "startTime": 480
              },
              {
                "duration": 5743.82,
                "name": "timeToZonesAndDomReady",
                "startTime": 480
              },
              {
                "duration": 13825.26,
                "name": "faveReady",
                "startTime": 480
              },
              {
                "duration": 13825.86,
                "name": "faveReady",
                "startTime": 480
              },
              {
                "duration": 328.0999999999999,
                "name": "optimizelyTime",
                "startTime": 1949.04
              },
              {
                "duration": 9.980000000000018,
                "name": "domTime",
                "startTime": 2277.3
              },
              {
                "duration": 515.8799999999997,
                "name": "footerTime",
                "startTime": 2287.28
              },
              {
                "duration": 1895.999999999999,
                "name": "[ADFUEL] Registry Load [//cdn.cnn.com/ads/cnni/cnni_homepage.json]",
                "startTime": 6458.8
              },
              {
                "duration": 1501.2600000000002,
                "name": "[ADFUEL] Queue Registry [cnni_homepage - 3740671834]",
                "startTime": 8357.2
              },
              {
                "duration": 1.9800000000013824,
                "name": "[ADFUEL] Building Slot [ad_bnr_atf_01]",
                "startTime": 8408.22
              },
              {
                "duration": 0.47999999999956344,
                "name": "[ADFUEL] Building Slot [ad_bnr_atf_02]",
                "startTime": 8410.76
              },
              {
                "duration": 109.68000000000028,
                "name": "[ADFUEL] Dispatch Queue",
                "startTime": 9858.74
              },
              {
                "duration": 11,
                "name": "[ADFUEL] Page-Level GPT Build",
                "startTime": 9929.32
              },
              {
                "duration": 26.81999999999971,
                "name": "[ADFUEL] Sending Request",
                "startTime": 9940.66
              },
              {
                "duration": 0.3000000000010914,
                "name": "lteu",
                "startTime": 14418.9
              },
              {
                "duration": 0.07999999999992724,
                "name": "ltpq",
                "startTime": 14419.38
              }
            ]
          }
        }
      },
      {
        "browser": {
          "appConstants": {
            "ACCESSIBILITY": true,
            "ANDROID_PACKAGE_NAME": "org.mozilla.firefox",
            "ASAN": false,
            "ASAN_REPORTER": false,
            "BROWSER_CHROME_URL": "chrome://browser/content/browser.xul",
            "DEBUG": false,
            "DEBUG_JS_MODULES": "",
            "DLL_PREFIX": "lib",
            "DLL_SUFFIX": ".so",
            "EARLY_BETA_OR_EARLIER": false,
            "FENNEC_NIGHTLY": false,
            "HAVE_SHELL_SERVICE": false,
            "HAVE_USR_LIB64_DIR": false,
            "MENUBAR_CAN_AUTOHIDE": false,
            "MOZILLA_OFFICIAL": true,
            "MOZ_ALLOW_LEGACY_EXTENSIONS": false,
            "MOZ_ANDROID_ACTIVITY_STREAM": false,
            "MOZ_ANDROID_HISTORY": true,
            "MOZ_ANDROID_MOZILLA_ONLINE": false,
            "MOZ_APP_NAME": "fennec",
            "MOZ_APP_VERSION": "68.1.1",
            "MOZ_APP_VERSION_DISPLAY": "68.1.1",
            "MOZ_BING_API_CLIENTID": "no-bing-api-clientid",
            "MOZ_BING_API_KEY": "no-bing-api-key",
            "MOZ_BITS_DOWNLOAD": false,
            "MOZ_BUILD_APP": "mobile/android",
            "MOZ_CODE_COVERAGE": false,
            "MOZ_CRASHREPORTER": true,
            "MOZ_DATA_REPORTING": true,
            "MOZ_DEV_EDITION": false,
            "MOZ_GECKO_PROFILER": true,
            "MOZ_GOOGLE_LOCATION_SERVICE_API_KEY": "AIzaSyB2h2OuRcUgy5N-5hsZqiPW6sH3n_rptiQ",
            "MOZ_GOOGLE_SAFEBROWSING_API_KEY": "AIzaSyC7jsptDS3am4tPx4r3nxis7IMjBc5Dovo",
            "MOZ_GRAPHENE": false,
            "MOZ_MACBUNDLE_NAME": "Firefox.app",
            "MOZ_MAINTENANCE_SERVICE": false,
            "MOZ_MOZILLA_API_KEY": "3b4d27dd-703d-4094-8398-4de2c763505a",
            "MOZ_NEW_CERT_STORAGE": false,
            "MOZ_NEW_NOTIFICATION_STORE": false,
            "MOZ_NEW_XULSTORE": false,
            "MOZ_OFFICIAL_BRANDING": false,
            "MOZ_PLACES": false,
            "MOZ_REQUIRE_SIGNING": false,
            "MOZ_SANDBOX": false,
            "MOZ_SERVICES_HEALTHREPORT": true,
            "MOZ_SERVICES_SYNC": false,
            "MOZ_SWITCHBOARD": true,
            "MOZ_SYSTEM_NSS": false,
            "MOZ_TELEMETRY_ON_BY_DEFAULT": false,
            "MOZ_TELEMETRY_REPORTING": true,
            "MOZ_UNSIGNED_SCOPES": 0,
            "MOZ_UPDATER": false,
            "MOZ_UPDATE_CHANNEL": "release",
            "MOZ_WEBRTC": true,
            "MOZ_WIDGET_GTK": false,
            "MOZ_WIDGET_TOOLKIT": "android",
            "NIGHTLY_BUILD": false,
            "OMNIJAR_NAME": "assets/omni.ja",
            "RELEASE_OR_BETA": true,
            "SOURCE_REVISION_URL": "https://hg.mozilla.org/releases/mozilla-esr68/rev/d2e0b9e17b9bc1ef02606c8006b73293f7892ad5",
            "TELEMETRY_PING_FORMAT_VERSION": 4,
            "XP_UNIX": true,
            "isPlatformAndVersionAtLeast": {},
            "isPlatformAndVersionAtMost": {},
            "platform": "android"
          },
          "asyncAppConstants": {
            "ACCESSIBILITY": true,
            "ANDROID_PACKAGE_NAME": "org.mozilla.firefox",
            "ASAN": false,
            "ASAN_REPORTER": false,
            "BROWSER_CHROME_URL": "chrome://browser/content/browser.xul",
            "DEBUG": false,
            "DEBUG_JS_MODULES": "",
            "DLL_PREFIX": "lib",
            "DLL_SUFFIX": ".so",
            "EARLY_BETA_OR_EARLIER": false,
            "FENNEC_NIGHTLY": false,
            "HAVE_SHELL_SERVICE": false,
            "HAVE_USR_LIB64_DIR": false,
            "MENUBAR_CAN_AUTOHIDE": false,
            "MOZILLA_OFFICIAL": true,
            "MOZ_ALLOW_LEGACY_EXTENSIONS": false,
            "MOZ_ANDROID_ACTIVITY_STREAM": false,
            "MOZ_ANDROID_HISTORY": true,
            "MOZ_ANDROID_MOZILLA_ONLINE": false,
            "MOZ_APP_NAME": "fennec",
            "MOZ_APP_VERSION": "68.1.1",
            "MOZ_APP_VERSION_DISPLAY": "68.1.1",
            "MOZ_BING_API_CLIENTID": "no-bing-api-clientid",
            "MOZ_BING_API_KEY": "no-bing-api-key",
            "MOZ_BITS_DOWNLOAD": false,
            "MOZ_BUILD_APP": "mobile/android",
            "MOZ_CODE_COVERAGE": false,
            "MOZ_CRASHREPORTER": true,
            "MOZ_DATA_REPORTING": true,
            "MOZ_DEV_EDITION": false,
            "MOZ_GECKO_PROFILER": true,
            "MOZ_GOOGLE_LOCATION_SERVICE_API_KEY": "AIzaSyB2h2OuRcUgy5N-5hsZqiPW6sH3n_rptiQ",
            "MOZ_GOOGLE_SAFEBROWSING_API_KEY": "AIzaSyC7jsptDS3am4tPx4r3nxis7IMjBc5Dovo",
            "MOZ_GRAPHENE": false,
            "MOZ_MACBUNDLE_NAME": "Firefox.app",
            "MOZ_MAINTENANCE_SERVICE": false,
            "MOZ_MOZILLA_API_KEY": "3b4d27dd-703d-4094-8398-4de2c763505a",
            "MOZ_NEW_CERT_STORAGE": false,
            "MOZ_NEW_NOTIFICATION_STORE": false,
            "MOZ_NEW_XULSTORE": false,
            "MOZ_OFFICIAL_BRANDING": false,
            "MOZ_PLACES": false,
            "MOZ_REQUIRE_SIGNING": false,
            "MOZ_SANDBOX": false,
            "MOZ_SERVICES_HEALTHREPORT": true,
            "MOZ_SERVICES_SYNC": false,
            "MOZ_SWITCHBOARD": true,
            "MOZ_SYSTEM_NSS": false,
            "MOZ_TELEMETRY_ON_BY_DEFAULT": false,
            "MOZ_TELEMETRY_REPORTING": true,
            "MOZ_UNSIGNED_SCOPES": 0,
            "MOZ_UPDATER": false,
            "MOZ_UPDATE_CHANNEL": "release",
            "MOZ_WEBRTC": true,
            "MOZ_WIDGET_GTK": false,
            "MOZ_WIDGET_TOOLKIT": "android",
            "NIGHTLY_BUILD": false,
            "OMNIJAR_NAME": "assets/omni.ja",
            "RELEASE_OR_BETA": true,
            "SOURCE_REVISION_URL": "https://hg.mozilla.org/releases/mozilla-esr68/rev/d2e0b9e17b9bc1ef02606c8006b73293f7892ad5",
            "TELEMETRY_PING_FORMAT_VERSION": 4,
            "XP_UNIX": true,
            "isPlatformAndVersionAtLeast": {},
            "isPlatformAndVersionAtMost": {},
            "platform": "android"
          },
          "userAgent": "Mozilla/5.0 (Android 9; Mobile; rv:68.0) Gecko/68.0 Firefox/68.0",
          "windowSize": "360x612"
        },
        "pageinfo": {
          "documentHeight": 6181,
          "documentSize": {
            "decodedBodySize": 1145243,
            "encodedBodySize": 157917,
            "transferSize": 159468
          },
          "documentTitle": "CNN International - Breaking News, US News, World News and Video",
          "documentWidth": 360,
          "domElements": 1503,
          "navigationStartTime": 1617120532091,
          "nextHopProtocol": "h2",
          "resources": {
            "count": 0,
            "duration": 0
          },
          "responsive": true,
          "url": "https://edition.cnn.com/",
          "visualElements": {
            "heroes": [
              {
                "filename": "210303161010-chauvin-floyd-split-large-tease.jpg",
                "height": 191,
                "name": "LargestImage",
                "width": 340,
                "x": 10,
                "y": 225
              }
            ],
            "viewport": {
              "height": 612,
              "width": 360
            }
          }
        },
        "timings": {
          "firstPaint": 1374,
          "loadEventEnd": 29991,
          "navigationTiming": {
            "connectStart": 84,
            "domComplete": 29904,
            "domContentLoadedEventEnd": 2918,
            "domContentLoadedEventStart": 2680,
            "domInteractive": 2615,
            "domainLookupEnd": 83,
            "domainLookupStart": 83,
            "duration": 29991,
            "fetchStart": 3,
            "loadEventEnd": 29991,
            "loadEventStart": 29905,
            "redirectEnd": 0,
            "redirectStart": 0,
            "requestStart": 177,
            "responseEnd": 190,
            "responseStart": 190,
            "secureConnectionStart": 100,
            "startTime": 0,
            "unloadEventEnd": 0,
            "unloadEventStart": 0,
            "workerStart": 0
          },
          "pageTimings": {
            "backEndTime": 190,
            "domContentLoadedTime": 2680,
            "domInteractiveTime": 2615,
            "domainLookupTime": 0,
            "frontEndTime": 29714,
            "pageDownloadTime": 0,
            "pageLoadTime": 29905,
            "redirectionTime": 0,
            "serverConnectionTime": 91,
            "serverResponseTime": 14
          },
          "rumSpeedIndex": 190,
          "timeToContentfulPaint": 4028,
          "timeToDomContentFlushed": 2618,
          "userTimings": {
            "marks": [
              {
                "name": "optimizelyStart",
                "startTime": 1383.72
              },
              {
                "name": "optimizely:blockBegin",
                "startTime": 1428.52
              },
              {
                "name": "optimizelyEnd",
                "startTime": 1702.02
              },
              {
                "name": "headEnd",
                "startTime": 1702.16
              },
              {
                "name": "footerStart",
                "startTime": 1712.42
              },
              {
                "name": "footerEnd",
                "startTime": 2218.26
              },
              {
                "name": "[ADFUEL] AdFuel Initialized",
                "startTime": 2473.62
              },
              {
                "name": "domReady",
                "startTime": 2708.34
              },
              {
                "name": "[ADFUEL] AdFuel DOMContentLoaded",
                "startTime": 2900.4
              },
              {
                "name": "[ADFUEL] Dispatch Queue Start",
                "startTime": 2902.14
              },
              {
                "name": "[ADFUEL] Dispatch Queue Start",
                "startTime": 3508.6800000000003
              },
              {
                "name": "gpt-tag-load",
                "startTime": 5385.22
              },
              {
                "name": "zonesReady",
                "startTime": 6259.4800000000005
              },
              {
                "name": "zonesAndDomReady",
                "startTime": 6337.34
              },
              {
                "name": "[ADFUEL] Registry Load [//cdn.cnn.com/ads/cnni/cnni_homepage.json] Start",
                "startTime": 6546.860000000001
              },
              {
                "name": "[ADFUEL] Registry Load [//cdn.cnn.com/ads/cnni/cnni_homepage.json] End",
                "startTime": 7866.14
              },
              {
                "name": "[ADFUEL] Registering Module: Prebid Module v4.0.30",
                "startTime": 10702.96
              },
              {
                "name": "[ADFUEL] Registering Module: Amazon A9 Module v4.0.20",
                "startTime": 10704.8
              },
              {
                "name": "[ADFUEL] Registering Module: Proximic Module v4.0.5",
                "startTime": 10707.88
              },
              {
                "name": "[ADFUEL] Registering Module: Krux Module v4.1.4",
                "startTime": 10709.14
              },
              {
                "name": "[ADFUEL] Registering Module: Integral Ad Science Module v4.0.5",
                "startTime": 10715.4
              },
              {
                "name": "[ADFUEL] Registering Module: Beemray Module v4.0.3",
                "startTime": 10720.64
              },
              {
                "name": "[ADFUEL] Registering Module: CEP Module v4.0.4",
                "startTime": 10752.5
              },
              {
                "name": "[ADFUEL] Registering Module: In View Refresh v4.0.3",
                "startTime": 10754.54
              },
              {
                "name": "[ADFUEL] Registering Module: Malvertising Detection v4.0.6",
                "startTime": 10756.6
              },
              {
                "name": "[ADFUEL] Registering Module: Sourcepoint Add-on: Ad Blocking v4.0.2",
                "startTime": 10758.7
              },
              {
                "name": "[ADFUEL] Registering Module: Transaction ID Module v4.0.2",
                "startTime": 10760.88
              },
              {
                "name": "[ADFUEL] Queue Registry [cnni_homepage - 4722727765] Start",
                "startTime": 11130.44
              },
              {
                "name": "[ADFUEL] Building Slot [ad_bnr_atf_01] Start",
                "startTime": 11184.28
              },
              {
                "name": "[ADFUEL] Building Slot [ad_bnr_atf_01] End",
                "startTime": 11206.96
              },
              {
                "name": "[ADFUEL] Building Slot [ad_bnr_atf_02] Start",
                "startTime": 11208
              },
              {
                "name": "[ADFUEL] Building Slot [ad_bnr_atf_02] End",
                "startTime": 11216.56
              },
              {
                "name": "[ADFUEL] Applying Page-Level Targeting",
                "startTime": 12407.02
              },
              {
                "name": "[ADFUEL] Applying Window Site-Level Options.",
                "startTime": 12407.24
              },
              {
                "name": "[ADFUEL] Queue Registry [cnni_homepage - 4722727765] End",
                "startTime": 12407.66
              },
              {
                "name": "[ADFUEL] Dispatch Queue Start",
                "startTime": 12407.8
              },
              {
                "name": "[ADFUEL] Page-Level GPT Build Start",
                "startTime": 12429.7
              },
              {
                "name": "[ADFUEL] Page-Level GPT Build End",
                "startTime": 12439.1
              },
              {
                "name": "[ADFUEL] Sending Request Start",
                "startTime": 12439.4
              },
              {
                "name": "[ADFUEL] Sending Request End",
                "startTime": 12466.82
              },
              {
                "name": "[ADFUEL] AdFuel Request Complete",
                "startTime": 12467.4
              },
              {
                "name": "[ADFUEL] Dispatch Queue End",
                "startTime": 12467.78
              },
              {
                "name": "[ADFUEL] Registering Module: Turner GUID Module v4.0.2",
                "startTime": 12553.12
              },
              {
                "name": "loadStarteventUtils",
                "startTime": 12610.3
              },
              {
                "name": "loadEndeventUtils",
                "startTime": 12610.46
              },
              {
                "name": "loadStartpixelQueue",
                "startTime": 12610.54
              },
              {
                "name": "loadEndpixelQueue",
                "startTime": 12610.6
              },
              {
                "name": "one-tap-video::embedRequest",
                "startTime": 12826.12
              },
              {
                "name": "gpt-first-ad-request",
                "startTime": 13418.74
              },
              {
                "name": "one-tap-video::playerReady",
                "startTime": 13909.2
              },
              {
                "name": "faveReady_mark",
                "startTime": 13920.38
              },
              {
                "name": "faveReady_mark",
                "startTime": 13920.76
              },
              {
                "name": "gpt-first-ad-render",
                "startTime": 15209.38
              },
              {
                "name": "[ADFUEL] Ad Rendered [ad_bnr_atf_01]",
                "startTime": 15217.84
              },
              {
                "name": "[ADFUEL] Ad Rendered [ad_bnr_atf_02]",
                "startTime": 15260.36
              },
              {
                "name": "[ADFUEL] AdFuel window.load",
                "startTime": 29962.64
              },
              {
                "name": "[ADFUEL] Dispatch Queue Start",
                "startTime": 29963.12
              }
            ],
            "measures": [
              {
                "duration": 1253.16,
                "name": "headTime",
                "startTime": 449
              },
              {
                "duration": 5810.4800000000005,
                "name": "timeToZonesComplete",
                "startTime": 449
              },
              {
                "duration": 2165,
                "name": "timeToInteractive",
                "startTime": 449
              },
              {
                "duration": 2259.34,
                "name": "timeToDomReady",
                "startTime": 449
              },
              {
                "duration": 5888.34,
                "name": "timeToZonesAndDomReady",
                "startTime": 449
              },
              {
                "duration": 13471.38,
                "name": "faveReady",
                "startTime": 449
              },
              {
                "duration": 13471.76,
                "name": "faveReady",
                "startTime": 449
              },
              {
                "duration": 318.29999999999995,
                "name": "optimizelyTime",
                "startTime": 1383.72
              },
              {
                "duration": 10.259999999999993,
                "name": "domTime",
                "startTime": 1702.16
              },
              {
                "duration": 505.84000000000015,
                "name": "footerTime",
                "startTime": 1712.42
              },
              {
                "duration": 1319.2799999999995,
                "name": "[ADFUEL] Registry Load [//cdn.cnn.com/ads/cnni/cnni_homepage.json]",
                "startTime": 6546.860000000001
              },
              {
                "duration": 1277.2199999999991,
                "name": "[ADFUEL] Queue Registry [cnni_homepage - 4722727765]",
                "startTime": 11130.44
              },
              {
                "duration": 22.68000000000029,
                "name": "[ADFUEL] Building Slot [ad_bnr_atf_01]",
                "startTime": 11184.28
              },
              {
                "duration": 8.55999999999949,
                "name": "[ADFUEL] Building Slot [ad_bnr_atf_02]",
                "startTime": 11208
              },
              {
                "duration": 59.97999999999956,
                "name": "[ADFUEL] Dispatch Queue",
                "startTime": 12407.8
              },
              {
                "duration": 9.399999999999636,
                "name": "[ADFUEL] Page-Level GPT Build",
                "startTime": 12429.7
              },
              {
                "duration": 27.420000000000073,
                "name": "[ADFUEL] Sending Request",
                "startTime": 12439.4
              },
              {
                "duration": 0.15999999999985448,
                "name": "lteu",
                "startTime": 12610.3
              },
              {
                "duration": 0.05999999999949068,
                "name": "ltpq",
                "startTime": 12610.54
              }
            ]
          }
        }
      }
    ],
    "visualMetrics": [],
    "cpu": [],
    "extras": [
      {},
      {},
      {}
    ],
    "fullyLoaded": [],
    "errors": [
      [],
      [],
      []
    ],
    "statistics": {
      "browser": {
        "appConstants": {
          "MOZ_UNSIGNED_SCOPES": {
            "median": 0,
            "mean": 0,
            "mdev": 0,
            "stddev": 0,
            "min": 0,
            "p10": 0,
            "p90": 0,
            "p99": 0,
            "max": 0
          },
          "TELEMETRY_PING_FORMAT_VERSION": {
            "median": 4,
            "mean": 4,
            "mdev": 0,
            "stddev": 0,
            "min": 4,
            "p10": 4,
            "p90": 4,
            "p99": 4,
            "max": 4
          }
        },
        "asyncAppConstants": {
          "MOZ_UNSIGNED_SCOPES": {
            "median": 0,
            "mean": 0,
            "mdev": 0,
            "stddev": 0,
            "min": 0,
            "p10": 0,
            "p90": 0,
            "p99": 0,
            "max": 0
          },
          "TELEMETRY_PING_FORMAT_VERSION": {
            "median": 4,
            "mean": 4,
            "mdev": 0,
            "stddev": 0,
            "min": 4,
            "p10": 4,
            "p90": 4,
            "p99": 4,
            "max": 4
          }
        }
      },
      "pageinfo": {
        "documentHeight": {
          "median": 6181,
          "mean": 5259,
          "mdev": 752.8098,
          "stddev": 1304,
          "min": 3415,
          "p10": 3415,
          "p90": 6181,
          "p99": 6181,
          "max": 6181
        },
        "documentSize": {
          "decodedBodySize": {
            "median": 1145243,
            "mean": 1145243,
            "mdev": 0,
            "stddev": 0,
            "min": 1145243,
            "p10": 1145243,
            "p90": 1145243,
            "p99": 1145243,
            "max": 1145243
          },
          "encodedBodySize": {
            "median": 157917,
            "mean": 157917,
            "mdev": 0,
            "stddev": 0,
            "min": 157917,
            "p10": 157917,
            "p90": 157917,
            "p99": 157917,
            "max": 157917
          },
          "transferSize": {
            "median": 159468,
            "mean": 159468,
            "mdev": 0,
            "stddev": 0,
            "min": 159468,
            "p10": 159468,
            "p90": 159468,
            "p99": 159468,
            "max": 159468
          }
        },
        "documentWidth": {
          "median": 360,
          "mean": 360,
          "mdev": 0,
          "stddev": 0,
          "min": 360,
          "p10": 360,
          "p90": 360,
          "p99": 360,
          "max": 360
        },
        "domElements": {
          "median": 1503,
          "mean": 1442,
          "mdev": 50.4873,
          "stddev": 87,
          "min": 1318,
          "p10": 1318,
          "p90": 1504,
          "p99": 1504,
          "max": 1504
        },
        "navigationStartTime": {
          "median": 1617120429844,
          "mean": 1617120450489,
          "mdev": 35673.28,
          "stddev": 61788,
          "min": 1617120389533,
          "p10": 1617120389533,
          "p90": 1617120532091,
          "p99": 1617120532091,
          "max": 1617120532091
        },
        "resources": {
          "count": {
            "median": 0,
            "mean": 0,
            "mdev": 0,
            "stddev": 0,
            "min": 0,
            "p10": 0,
            "p90": 0,
            "p99": 0,
            "max": 0
          },
          "duration": {
            "median": 0,
            "mean": 0,
            "mdev": 0,
            "stddev": 0,
            "min": 0,
            "p10": 0,
            "p90": 0,
            "p99": 0,
            "max": 0
          }
        },
        "visualElements": {
          "heroes": [
            {
              "height": {
                "median": 191,
                "mean": 191,
                "mdev": 0,
                "stddev": 0,
                "min": 191,
                "p10": 191,
                "p90": 191,
                "p99": 191,
                "max": 191
              },
              "width": {
                "median": 340,
                "mean": 340,
                "mdev": 0,
                "stddev": 0,
                "min": 340,
                "p10": 340,
                "p90": 340,
                "p99": 340,
                "max": 340
              },
              "x": {
                "median": 10,
                "mean": 10,
                "mdev": 0,
                "stddev": 0,
                "min": 10,
                "p10": 10,
                "p90": 10,
                "p99": 10,
                "max": 10
              },
              "y": {
                "median": 225,
                "mean": 225,
                "mdev": 0,
                "stddev": 0,
                "min": 225,
                "p10": 225,
                "p90": 225,
                "p99": 225,
                "max": 225
              }
            }
          ],
          "viewport": {
            "height": {
              "median": 612,
              "mean": 612,
              "mdev": 0,
              "stddev": 0,
              "min": 612,
              "p10": 612,
              "p90": 612,
              "p99": 612,
              "max": 612
            },
            "width": {
              "median": 360,
              "mean": 360,
              "mdev": 0,
              "stddev": 0,
              "min": 360,
              "p10": 360,
              "p90": 360,
              "p99": 360,
              "max": 360
            }
          }
        }
      },
      "timings": {
        "firstPaint": {
          "median": 1374,
          "mean": 1335,
          "mdev": 38.8311,
          "stddev": 67,
          "min": 1240,
          "p10": 1240,
          "p90": 1390,
          "p99": 1390,
          "max": 1390
        },
        "loadEventEnd": {
          "median": 29991,
          "mean": 46237,
          "mdev": 14579.6419,
          "stddev": 25253,
          "min": 26818,
          "p10": 26818,
          "p90": 81903,
          "p99": 81903,
          "max": 81903
        },
        "navigationTiming": {
          "connectStart": {
            "median": 97,
            "mean": 158,
            "mdev": 54.9269,
            "stddev": 95,
            "min": 84,
            "p10": 84,
            "p90": 292,
            "p99": 292,
            "max": 292
          },
          "domComplete": {
            "median": 29904,
            "mean": 46144,
            "mdev": 14572.3786,
            "stddev": 25240,
            "min": 26736,
            "p10": 26736,
            "p90": 81792,
            "p99": 81792,
            "max": 81792
          },
          "domContentLoadedEventEnd": {
            "median": 3376,
            "mean": 3244,
            "mdev": 133.8888,
            "stddev": 232,
            "min": 2918,
            "p10": 2918,
            "p90": 3438,
            "p99": 3438,
            "max": 3438
          },
          "domContentLoadedEventStart": {
            "median": 3133,
            "mean": 3006,
            "mdev": 134.3315,
            "stddev": 233,
            "min": 2680,
            "p10": 2680,
            "p90": 3206,
            "p99": 3206,
            "max": 3206
          },
          "domInteractive": {
            "median": 3113,
            "mean": 2957,
            "mdev": 139.7999,
            "stddev": 242,
            "min": 2615,
            "p10": 2615,
            "p90": 3143,
            "p99": 3143,
            "max": 3143
          },
          "domainLookupEnd": {
            "median": 96,
            "mean": 157,
            "mdev": 54.9269,
            "stddev": 95,
            "min": 83,
            "p10": 83,
            "p90": 291,
            "p99": 291,
            "max": 291
          },
          "domainLookupStart": {
            "median": 96,
            "mean": 157,
            "mdev": 54.9269,
            "stddev": 95,
            "min": 83,
            "p10": 83,
            "p90": 291,
            "p99": 291,
            "max": 291
          },
          "duration": {
            "median": 29991,
            "mean": 46237,
            "mdev": 14579.6419,
            "stddev": 25253,
            "min": 26818,
            "p10": 26818,
            "p90": 81903,
            "p99": 81903,
            "max": 81903
          },
          "fetchStart": {
            "median": 2,
            "mean": 2,
            "mdev": 0.2722,
            "stddev": 0,
            "min": 2,
            "p10": 2,
            "p90": 3,
            "p99": 3,
            "max": 3
          },
          "loadEventEnd": {
            "median": 29991,
            "mean": 46237,
            "mdev": 14579.6419,
            "stddev": 25253,
            "min": 26818,
            "p10": 26818,
            "p90": 81903,
            "p99": 81903,
            "max": 81903
          },
          "loadEventStart": {
            "median": 29905,
            "mean": 46144,
            "mdev": 14572.2548,
            "stddev": 25240,
            "min": 26736,
            "p10": 26736,
            "p90": 81792,
            "p99": 81792,
            "max": 81792
          },
          "redirectEnd": {
            "median": 0,
            "mean": 0,
            "mdev": 0,
            "stddev": 0,
            "min": 0,
            "p10": 0,
            "p90": 0,
            "p99": 0,
            "max": 0
          },
          "redirectStart": {
            "median": 0,
            "mean": 0,
            "mdev": 0,
            "stddev": 0,
            "min": 0,
            "p10": 0,
            "p90": 0,
            "p99": 0,
            "max": 0
          },
          "requestStart": {
            "median": 181,
            "mean": 256,
            "mdev": 62.6052,
            "stddev": 108,
            "min": 177,
            "p10": 177,
            "p90": 409,
            "p99": 409,
            "max": 409
          },
          "responseEnd": {
            "median": 191,
            "mean": 267,
            "mdev": 62.4624,
            "stddev": 108,
            "min": 190,
            "p10": 190,
            "p90": 420,
            "p99": 420,
            "max": 420
          },
          "responseStart": {
            "median": 191,
            "mean": 267,
            "mdev": 62.4624,
            "stddev": 108,
            "min": 190,
            "p10": 190,
            "p90": 420,
            "p99": 420,
            "max": 420
          },
          "secureConnectionStart": {
            "median": 110,
            "mean": 172,
            "mdev": 54.756,
            "stddev": 95,
            "min": 100,
            "p10": 100,
            "p90": 306,
            "p99": 306,
            "max": 306
          },
          "startTime": {
            "median": 0,
            "mean": 0,
            "mdev": 0,
            "stddev": 0,
            "min": 0,
            "p10": 0,
            "p90": 0,
            "p99": 0,
            "max": 0
          },
          "unloadEventEnd": {
            "median": 0,
            "mean": 0,
            "mdev": 0,
            "stddev": 0,
            "min": 0,
            "p10": 0,
            "p90": 0,
            "p99": 0,
            "max": 0
          },
          "unloadEventStart": {
            "median": 0,
            "mean": 0,
            "mdev": 0,
            "stddev": 0,
            "min": 0,
            "p10": 0,
            "p90": 0,
            "p99": 0,
            "max": 0
          },
          "workerStart": {
            "median": 0,
            "mean": 0,
            "mdev": 0,
            "stddev": 0,
            "min": 0,
            "p10": 0,
            "p90": 0,
            "p99": 0,
            "max": 0
          }
        },
        "pageTimings": {
          "backEndTime": {
            "median": 191,
            "mean": 267,
            "mdev": 62.4624,
            "stddev": 108,
            "min": 190,
            "p10": 190,
            "p90": 420,
            "p99": 420,
            "max": 420
          },
          "domContentLoadedTime": {
            "median": 3133,
            "mean": 3006,
            "mdev": 134.3315,
            "stddev": 233,
            "min": 2680,
            "p10": 2680,
            "p90": 3206,
            "p99": 3206,
            "max": 3206
          },
          "domInteractiveTime": {
            "median": 3113,
            "mean": 2957,
            "mdev": 139.7999,
            "stddev": 242,
            "min": 2615,
            "p10": 2615,
            "p90": 3143,
            "p99": 3143,
            "max": 3143
          },
          "domainLookupTime": {
            "median": 0,
            "mean": 0,
            "mdev": 0.2722,
            "stddev": 0,
            "min": 0,
            "p10": 0,
            "p90": 1,
            "p99": 1,
            "max": 1
          },
          "frontEndTime": {
            "median": 29714,
            "mean": 45877,
            "mdev": 14510.0112,
            "stddev": 25132,
            "min": 26545,
            "p10": 26545,
            "p90": 81372,
            "p99": 81372,
            "max": 81372
          },
          "pageDownloadTime": {
            "median": 0,
            "mean": 0,
            "mdev": 0,
            "stddev": 0,
            "min": 0,
            "p10": 0,
            "p90": 0,
            "p99": 0,
            "max": 0
          },
          "pageLoadTime": {
            "median": 29905,
            "mean": 46144,
            "mdev": 14572.2548,
            "stddev": 25240,
            "min": 26736,
            "p10": 26736,
            "p90": 81792,
            "p99": 81792,
            "max": 81792
          },
          "redirectionTime": {
            "median": 0,
            "mean": 0,
            "mdev": 0,
            "stddev": 0,
            "min": 0,
            "p10": 0,
            "p90": 0,
            "p99": 0,
            "max": 0
          },
          "serverConnectionTime": {
            "median": 91,
            "mean": 96,
            "mdev": 7.5865,
            "stddev": 13,
            "min": 83,
            "p10": 83,
            "p90": 114,
            "p99": 114,
            "max": 114
          },
          "serverResponseTime": {
            "median": 11,
            "mean": 12,
            "mdev": 0.8165,
            "stddev": 1,
            "min": 11,
            "p10": 11,
            "p90": 14,
            "p99": 14,
            "max": 14
          }
        },
        "rumSpeedIndex": {
          "median": 191,
          "mean": 267,
          "mdev": 62.4624,
          "stddev": 108,
          "min": 190,
          "p10": 190,
          "p90": 420,
          "p99": 420,
          "max": 420
        },
        "timeToContentfulPaint": {
          "median": 5972,
          "mean": 5468,
          "mdev": 596.8049,
          "stddev": 1034,
          "min": 4028,
          "p10": 4028,
          "p90": 6405,
          "p99": 6405,
          "max": 6405
        },
        "timeToDomContentFlushed": {
          "median": 3115,
          "mean": 2959,
          "mdev": 139.528,
          "stddev": 242,
          "min": 2618,
          "p10": 2618,
          "p90": 3145,
          "p99": 3145,
          "max": 3145
        },
        "timeToFirstInteractive": {
          "median": 20251,
          "mean": 20251,
          "mdev": 1732.7652,
          "stddev": 2451,
          "min": 17800,
          "p10": 17800,
          "p90": 22701,
          "p99": 22701,
          "max": 22701
        },
        "userTimings": {
          "marks": {
            "optimizelyStart": {
              "median": 1793,
              "mean": 1709,
              "mdev": 137.6519,
              "stddev": 238,
              "min": 1384,
              "p10": 1384,
              "p90": 1949,
              "p99": 1949,
              "max": 1949
            },
            "optimizely:blockBegin": {
              "median": 1835,
              "mean": 1751,
              "mdev": 136.8588,
              "stddev": 237,
              "min": 1429,
              "p10": 1429,
              "p90": 1991,
              "p99": 1991,
              "max": 1991
            },
            "optimizelyEnd": {
              "median": 2112,
              "mean": 2030,
              "mdev": 139.6021,
              "stddev": 242,
              "min": 1702,
              "p10": 1702,
              "p90": 2277,
              "p99": 2277,
              "max": 2277
            },
            "headEnd": {
              "median": 2112,
              "mean": 2031,
              "mdev": 139.6073,
              "stddev": 242,
              "min": 1702,
              "p10": 1702,
              "p90": 2277,
              "p99": 2277,
              "max": 2277
            },
            "footerStart": {
              "median": 2122,
              "mean": 2041,
              "mdev": 139.5186,
              "stddev": 242,
              "min": 1712,
              "p10": 1712,
              "p90": 2287,
              "p99": 2287,
              "max": 2287
            },
            "footerEnd": {
              "median": 2629,
              "mean": 2550,
              "mdev": 141.5591,
              "stddev": 245,
              "min": 2218,
              "p10": 2218,
              "p90": 2803,
              "p99": 2803,
              "max": 2803
            },
            "[ADFUEL] AdFuel Initialized": {
              "median": 2882,
              "mean": 2788,
              "mdev": 131.6504,
              "stddev": 228,
              "min": 2474,
              "p10": 2474,
              "p90": 3008,
              "p99": 3008,
              "max": 3008
            },
            "domReady": {
              "median": 3166,
              "mean": 3036,
              "mdev": 134.7569,
              "stddev": 233,
              "min": 2708,
              "p10": 2708,
              "p90": 3234,
              "p99": 3234,
              "max": 3234
            },
            "[ADFUEL] AdFuel DOMContentLoaded": {
              "median": 3361,
              "mean": 3228,
              "mdev": 134.3296,
              "stddev": 233,
              "min": 2900,
              "p10": 2900,
              "p90": 3422,
              "p99": 3422,
              "max": 3422
            },
            "[ADFUEL] Dispatch Queue Start": {
              "median": 29963,
              "mean": 46208,
              "mdev": 14579.2947,
              "stddev": 25252,
              "min": 26789,
              "p10": 26789,
              "p90": 81873,
              "p99": 81873,
              "max": 81873
            },
            "gpt-tag-load": {
              "median": 5803,
              "mean": 6689,
              "mdev": 899.249,
              "stddev": 1558,
              "min": 5385,
              "p10": 5385,
              "p90": 8878,
              "p99": 8878,
              "max": 8878
            },
            "zonesReady": {
              "median": 6162,
              "mean": 6190,
              "mdev": 28.589,
              "stddev": 50,
              "min": 6148,
              "p10": 6148,
              "p90": 6259,
              "p99": 6259,
              "max": 6259
            },
            "zonesAndDomReady": {
              "median": 6224,
              "mean": 6253,
              "mdev": 35.0105,
              "stddev": 61,
              "min": 6198,
              "p10": 6198,
              "p90": 6337,
              "p99": 6337,
              "max": 6337
            },
            "[ADFUEL] Registry Load [//cdn.cnn.com/ads/cnni/cnni_homepage.json] Start": {
              "median": 6547,
              "mean": 6557,
              "mdev": 48.9168,
              "stddev": 85,
              "min": 6459,
              "p10": 6459,
              "p90": 6666,
              "p99": 6666,
              "max": 6666
            },
            "[ADFUEL] Registering Module: Prebid Module v4.0.30": {
              "median": 7806,
              "mean": 8552,
              "mdev": 891.9096,
              "stddev": 1545,
              "min": 7146,
              "p10": 7146,
              "p90": 10703,
              "p99": 10703,
              "max": 10703
            },
            "[ADFUEL] Registering Module: Amazon A9 Module v4.0.20": {
              "median": 7810,
              "mean": 8554,
              "mdev": 891.7419,
              "stddev": 1545,
              "min": 7148,
              "p10": 7148,
              "p90": 10705,
              "p99": 10705,
              "max": 10705
            },
            "[ADFUEL] Registering Module: Proximic Module v4.0.5": {
              "median": 7812,
              "mean": 8560,
              "mdev": 890.1362,
              "stddev": 1542,
              "min": 7161,
              "p10": 7161,
              "p90": 10708,
              "p99": 10708,
              "max": 10708
            },
            "[ADFUEL] Registering Module: Krux Module v4.1.4": {
              "median": 7814,
              "mean": 8574,
              "mdev": 883.597,
              "stddev": 1530,
              "min": 7199,
              "p10": 7199,
              "p90": 10709,
              "p99": 10709,
              "max": 10709
            },
            "[ADFUEL] Registering Module: Integral Ad Science Module v4.0.5": {
              "median": 7973,
              "mean": 8631,
              "mdev": 870.0859,
              "stddev": 1507,
              "min": 7204,
              "p10": 7204,
              "p90": 10715,
              "p99": 10715,
              "max": 10715
            },
            "[ADFUEL] Registering Module: Beemray Module v4.0.3": {
              "median": 7978,
              "mean": 8636,
              "mdev": 870.1201,
              "stddev": 1507,
              "min": 7209,
              "p10": 7209,
              "p90": 10721,
              "p99": 10721,
              "max": 10721
            },
            "[ADFUEL] Registering Module: CEP Module v4.0.4": {
              "median": 7981,
              "mean": 8648,
              "mdev": 878.1118,
              "stddev": 1521,
              "min": 7211,
              "p10": 7211,
              "p90": 10753,
              "p99": 10753,
              "max": 10753
            },
            "[ADFUEL] Registering Module: In View Refresh v4.0.3": {
              "median": 7982,
              "mean": 8695,
              "mdev": 854.0247,
              "stddev": 1479,
              "min": 7348,
              "p10": 7348,
              "p90": 10755,
              "p99": 10755,
              "max": 10755
            },
            "[ADFUEL] Registering Module: Malvertising Detection v4.0.6": {
              "median": 7983,
              "mean": 8696,
              "mdev": 854.2834,
              "stddev": 1480,
              "min": 7349,
              "p10": 7349,
              "p90": 10757,
              "p99": 10757,
              "max": 10757
            },
            "[ADFUEL] Registering Module: Sourcepoint Add-on: Ad Blocking v4.0.2": {
              "median": 7984,
              "mean": 8698,
              "mdev": 854.4518,
              "stddev": 1480,
              "min": 7351,
              "p10": 7351,
              "p90": 10759,
              "p99": 10759,
              "max": 10759
            },
            "[ADFUEL] Registering Module: Transaction ID Module v4.0.2": {
              "median": 7985,
              "mean": 8726,
              "mdev": 840.7725,
              "stddev": 1456,
              "min": 7433,
              "p10": 7433,
              "p90": 10761,
              "p99": 10761,
              "max": 10761
            },
            "[ADFUEL] Registering Module: Turner GUID Module v4.0.2": {
              "median": 9851,
              "mean": 10264,
              "mdev": 996.4128,
              "stddev": 1726,
              "min": 8387,
              "p10": 8387,
              "p90": 12553,
              "p99": 12553,
              "max": 12553
            },
            "[ADFUEL] Registry Load [//cdn.cnn.com/ads/cnni/cnni_homepage.json] End": {
              "median": 8355,
              "mean": 8296,
              "mdev": 190.2511,
              "stddev": 330,
              "min": 7866,
              "p10": 7866,
              "p90": 8667,
              "p99": 8667,
              "max": 8667
            },
            "[ADFUEL] Queue Registry [cnni_homepage - 7081533860] Start": {
              "median": 8670,
              "mean": 8670,
              "mdev": 0,
              "stddev": 0,
              "min": 8670,
              "p10": 8670,
              "p90": 8670,
              "p99": 8670,
              "max": 8670
            },
            "[ADFUEL] Building Slot [ad_bnr_atf_01] Start": {
              "median": 8684,
              "mean": 9426,
              "mdev": 720.9324,
              "stddev": 1249,
              "min": 8408,
              "p10": 8408,
              "p90": 11184,
              "p99": 11184,
              "max": 11184
            },
            "[ADFUEL] Building Slot [ad_bnr_atf_01] End": {
              "median": 8706,
              "mean": 9441,
              "mdev": 724.3122,
              "stddev": 1255,
              "min": 8410,
              "p10": 8410,
              "p90": 11207,
              "p99": 11207,
              "max": 11207
            },
            "[ADFUEL] Building Slot [ad_bnr_atf_02] Start": {
              "median": 8707,
              "mean": 9442,
              "mdev": 724.4151,
              "stddev": 1255,
              "min": 8411,
              "p10": 8411,
              "p90": 11208,
              "p99": 11208,
              "max": 11208
            },
            "[ADFUEL] Building Slot [ad_bnr_atf_02] End": {
              "median": 8715,
              "mean": 9448,
              "mdev": 725.666,
              "stddev": 1257,
              "min": 8411,
              "p10": 8411,
              "p90": 11217,
              "p99": 11217,
              "max": 11217
            },
            "[ADFUEL] Applying Page-Level Targeting": {
              "median": 10000,
              "mean": 10755,
              "mdev": 675.3271,
              "stddev": 1170,
              "min": 9857,
              "p10": 9857,
              "p90": 12407,
              "p99": 12407,
              "max": 12407
            },
            "[ADFUEL] Applying Window Site-Level Options.": {
              "median": 10001,
              "mean": 10755,
              "mdev": 675.2867,
              "stddev": 1170,
              "min": 9858,
              "p10": 9858,
              "p90": 12407,
              "p99": 12407,
              "max": 12407
            },
            "[ADFUEL] Queue Registry [cnni_homepage - 7081533860] End": {
              "median": 10001,
              "mean": 10001,
              "mdev": 0,
              "stddev": 0,
              "min": 10001,
              "p10": 10001,
              "p90": 10001,
              "p99": 10001,
              "max": 10001
            },
            "[ADFUEL] Page-Level GPT Build Start": {
              "median": 10043,
              "mean": 10801,
              "mdev": 665.5363,
              "stddev": 1153,
              "min": 9929,
              "p10": 9929,
              "p90": 12430,
              "p99": 12430,
              "max": 12430
            },
            "[ADFUEL] Page-Level GPT Build End": {
              "median": 10052,
              "mean": 10810,
              "mdev": 665.4049,
              "stddev": 1153,
              "min": 9940,
              "p10": 9940,
              "p90": 12439,
              "p99": 12439,
              "max": 12439
            },
            "[ADFUEL] Sending Request Start": {
              "median": 10052,
              "mean": 10811,
              "mdev": 665.3966,
              "stddev": 1153,
              "min": 9941,
              "p10": 9941,
              "p90": 12439,
              "p99": 12439,
              "max": 12439
            },
            "[ADFUEL] Sending Request End": {
              "median": 10079,
              "mean": 10838,
              "mdev": 665.5294,
              "stddev": 1153,
              "min": 9967,
              "p10": 9967,
              "p90": 12467,
              "p99": 12467,
              "max": 12467
            },
            "[ADFUEL] AdFuel Request Complete": {
              "median": 10080,
              "mean": 10838,
              "mdev": 665.5268,
              "stddev": 1153,
              "min": 9968,
              "p10": 9968,
              "p90": 12467,
              "p99": 12467,
              "max": 12467
            },
            "[ADFUEL] Dispatch Queue End": {
              "median": 10080,
              "mean": 10839,
              "mdev": 665.5424,
              "stddev": 1153,
              "min": 9968,
              "p10": 9968,
              "p90": 12468,
              "p99": 12468,
              "max": 12468
            },
            "gpt-first-ad-request": {
              "median": 11249,
              "mean": 11849,
              "mdev": 646.9438,
              "stddev": 1121,
              "min": 10878,
              "p10": 10878,
              "p90": 13419,
              "p99": 13419,
              "max": 13419
            },
            "loadStarteventUtils": {
              "median": 12610,
              "mean": 12863,
              "mdev": 682.0445,
              "stddev": 1181,
              "min": 11558,
              "p10": 11558,
              "p90": 14419,
              "p99": 14419,
              "max": 14419
            },
            "loadEndeventUtils": {
              "median": 12610,
              "mean": 12863,
              "mdev": 682.0545,
              "stddev": 1181,
              "min": 11559,
              "p10": 11559,
              "p90": 14419,
              "p99": 14419,
              "max": 14419
            },
            "loadStartpixelQueue": {
              "median": 12611,
              "mean": 12863,
              "mdev": 682.0586,
              "stddev": 1181,
              "min": 11559,
              "p10": 11559,
              "p90": 14419,
              "p99": 14419,
              "max": 14419
            },
            "loadEndpixelQueue": {
              "median": 12611,
              "mean": 12863,
              "mdev": 682.0595,
              "stddev": 1181,
              "min": 11559,
              "p10": 11559,
              "p90": 14419,
              "p99": 14419,
              "max": 14419
            },
            "gpt-first-ad-render": {
              "median": 13360,
              "mean": 13659,
              "mdev": 671.4837,
              "stddev": 1163,
              "min": 12408,
              "p10": 12408,
              "p90": 15209,
              "p99": 15209,
              "max": 15209
            },
            "[ADFUEL] Ad Rendered [ad_bnr_atf_01]": {
              "median": 13363,
              "mean": 13665,
              "mdev": 672.2805,
              "stddev": 1164,
              "min": 12414,
              "p10": 12414,
              "p90": 15218,
              "p99": 15218,
              "max": 15218
            },
            "[ADFUEL] Ad Rendered [ad_bnr_atf_02]": {
              "median": 13409,
              "mean": 13704,
              "mdev": 675.1636,
              "stddev": 1169,
              "min": 12442,
              "p10": 12442,
              "p90": 15260,
              "p99": 15260,
              "max": 15260
            },
            "one-tap-video::embedRequest": {
              "median": 13931,
              "mean": 13624,
              "mdev": 328.7597,
              "stddev": 569,
              "min": 12826,
              "p10": 12826,
              "p90": 14116,
              "p99": 14116,
              "max": 14116
            },
            "one-tap-video::playerReady": {
              "median": 14289,
              "mean": 14216,
              "mdev": 130.6623,
              "stddev": 226,
              "min": 13909,
              "p10": 13909,
              "p90": 14449,
              "p99": 14449,
              "max": 14449
            },
            "faveReady_mark": {
              "median": 14306,
              "mean": 14230,
              "mdev": 131.6836,
              "stddev": 228,
              "min": 13921,
              "p10": 13921,
              "p90": 14464,
              "p99": 14464,
              "max": 14464
            },
            "[ADFUEL] AdFuel window.load": {
              "median": 29963,
              "mean": 46207,
              "mdev": 14579.4756,
              "stddev": 25252,
              "min": 26787,
              "p10": 26787,
              "p90": 81872,
              "p99": 81872,
              "max": 81872
            },
            "[ADFUEL] Queue Registry [cnni_homepage - 3740671834] Start": {
              "median": 8357,
              "mean": 8357,
              "mdev": 0,
              "stddev": 0,
              "min": 8357,
              "p10": 8357,
              "p90": 8357,
              "p99": 8357,
              "max": 8357
            },
            "[ADFUEL] Queue Registry [cnni_homepage - 3740671834] End": {
              "median": 9858,
              "mean": 9858,
              "mdev": 0,
              "stddev": 0,
              "min": 9858,
              "p10": 9858,
              "p90": 9858,
              "p99": 9858,
              "max": 9858
            },
            "[ADFUEL] Queue Registry [cnni_homepage - 4722727765] Start": {
              "median": 11130,
              "mean": 11130,
              "mdev": 0,
              "stddev": 0,
              "min": 11130,
              "p10": 11130,
              "p90": 11130,
              "p99": 11130,
              "max": 11130
            },
            "[ADFUEL] Queue Registry [cnni_homepage - 4722727765] End": {
              "median": 12408,
              "mean": 12408,
              "mdev": 0,
              "stddev": 0,
              "min": 12408,
              "p10": 12408,
              "p90": 12408,
              "p99": 12408,
              "max": 12408
            }
          },
          "measures": {
            "headTime": {
              "median": 1797,
              "mean": 1638,
              "mdev": 157.6907,
              "stddev": 273,
              "min": 1253,
              "p10": 1253,
              "p90": 1862,
              "p99": 1862,
              "max": 1862
            },
            "timeToZonesComplete": {
              "median": 5810,
              "mean": 5797,
              "mdev": 51.1406,
              "stddev": 89,
              "min": 5682,
              "p10": 5682,
              "p90": 5898,
              "p99": 5898,
              "max": 5898
            },
            "timeToInteractive": {
              "median": 2663,
              "mean": 2563,
              "mdev": 169.2482,
              "stddev": 293,
              "min": 2165,
              "p10": 2165,
              "p90": 2862,
              "p99": 2862,
              "max": 2862
            },
            "timeToDomReady": {
              "median": 2754,
              "mean": 2643,
              "mdev": 161.3017,
              "stddev": 279,
              "min": 2259,
              "p10": 2259,
              "p90": 2916,
              "p99": 2916,
              "max": 2916
            },
            "timeToZonesAndDomReady": {
              "median": 5888,
              "mean": 5860,
              "mdev": 49.4168,
              "stddev": 86,
              "min": 5744,
              "p10": 5744,
              "p90": 5948,
              "p99": 5948,
              "max": 5948
            },
            "faveReady": {
              "median": 13826,
              "mean": 13837,
              "mdev": 174.9707,
              "stddev": 303,
              "min": 13472,
              "p10": 13472,
              "p90": 14214,
              "p99": 14214,
              "max": 14214
            },
            "optimizelyTime": {
              "median": 319,
              "mean": 322,
              "mdev": 2.5944,
              "stddev": 4,
              "min": 318,
              "p10": 318,
              "p90": 328,
              "p99": 328,
              "max": 328
            },
            "domTime": {
              "median": 10,
              "mean": 10,
              "mdev": 0.1227,
              "stddev": 0,
              "min": 10,
              "p10": 10,
              "p90": 10,
              "p99": 10,
              "max": 10
            },
            "footerTime": {
              "median": 507,
              "mean": 509,
              "mdev": 2.6187,
              "stddev": 5,
              "min": 506,
              "p10": 506,
              "p90": 516,
              "p99": 516,
              "max": 516
            },
            "[ADFUEL] Registry Load [//cdn.cnn.com/ads/cnni/cnni_homepage.json]": {
              "median": 1896,
              "mean": 1739,
              "mdev": 173.0748,
              "stddev": 300,
              "min": 1319,
              "p10": 1319,
              "p90": 2001,
              "p99": 2001,
              "max": 2001
            },
            "[ADFUEL] Queue Registry [cnni_homepage - 7081533860]": {
              "median": 1331,
              "mean": 1331,
              "mdev": 0,
              "stddev": 0,
              "min": 1331,
              "p10": 1331,
              "p90": 1331,
              "p99": 1331,
              "max": 1331
            },
            "[ADFUEL] Building Slot [ad_bnr_atf_01]": {
              "median": 22,
              "mean": 15,
              "mdev": 5.4953,
              "stddev": 10,
              "min": 2,
              "p10": 2,
              "p90": 23,
              "p99": 23,
              "max": 23
            },
            "[ADFUEL] Building Slot [ad_bnr_atf_02]": {
              "median": 9,
              "mean": 6,
              "mdev": 2.2353,
              "stddev": 4,
              "min": 0,
              "p10": 0,
              "p90": 9,
              "p99": 9,
              "max": 9
            },
            "[ADFUEL] Dispatch Queue": {
              "median": 79,
              "mean": 83,
              "mdev": 11.8273,
              "stddev": 20,
              "min": 60,
              "p10": 60,
              "p90": 110,
              "p99": 110,
              "max": 110
            },
            "[ADFUEL] Page-Level GPT Build": {
              "median": 9,
              "mean": 10,
              "mdev": 0.5761,
              "stddev": 1,
              "min": 9,
              "p10": 9,
              "p90": 11,
              "p99": 11,
              "max": 11
            },
            "[ADFUEL] Sending Request": {
              "median": 27,
              "mean": 27,
              "mdev": 0.1424,
              "stddev": 0,
              "min": 27,
              "p10": 27,
              "p90": 27,
              "p99": 27,
              "max": 27
            },
            "lteu": {
              "median": 0,
              "mean": 0,
              "mdev": 0.0357,
              "stddev": 0,
              "min": 0,
              "p10": 0,
              "p90": 0,
              "p99": 0,
              "max": 0
            },
            "ltpq": {
              "median": 0,
              "mean": 0,
              "mdev": 0.0054,
              "stddev": 0,
              "min": 0,
              "p10": 0,
              "p90": 0,
              "p99": 0,
              "max": 0
            },
            "[ADFUEL] Queue Registry [cnni_homepage - 3740671834]": {
              "median": 1501,
              "mean": 1501,
              "mdev": 0,
              "stddev": 0,
              "min": 1501,
              "p10": 1501,
              "p90": 1501,
              "p99": 1501,
              "max": 1501
            },
            "[ADFUEL] Queue Registry [cnni_homepage - 4722727765]": {
              "median": 1277,
              "mean": 1277,
              "mdev": 0,
              "stddev": 0,
              "min": 1277,
              "p10": 1277,
              "p90": 1277,
              "p99": 1277,
              "max": 1277
            }
          }
        }
      }
    }
  }
]