[
  {
    "info": {
      "browsertime": {
        "version": "8.4.0"
      },
      "url": "https://www.weibo.com/",
      "timestamp": "2021-03-30T00:43:50+04:00",
      "connectivity": {
        "engine": "external",
        "profile": "native"
      },
      "extra": {}
    },
    "files": {
      "video": [],
      "screenshot": [],
      "timeline": [],
      "consoleLog": [],
      "netLog": [],
      "perfLog": []
    },
    "cdp": {
      "performance": []
    },
    "timestamps": [
      "2021-03-30T00:43:38+04:00",
      "2021-03-30T00:44:01+04:00",
      "2021-03-30T00:44:26+04:00"
    ],
    "browserScripts": [
      {
        "browser": {
          "appConstants": {
            "ACCESSIBILITY": true,
            "ANDROID_PACKAGE_NAME": "org.mozilla.firefox",
            "ASAN": false,
            "ASAN_REPORTER": false,
            "BROWSER_CHROME_URL": "chrome://browser/content/browser.xul",
            "DEBUG": false,
            "DEBUG_JS_MODULES": "",
            "DLL_PREFIX": "lib",
            "DLL_SUFFIX": ".so",
            "EARLY_BETA_OR_EARLIER": false,
            "FENNEC_NIGHTLY": false,
            "HAVE_SHELL_SERVICE": false,
            "HAVE_USR_LIB64_DIR": false,
            "MENUBAR_CAN_AUTOHIDE": false,
            "MOZILLA_OFFICIAL": true,
            "MOZ_ALLOW_LEGACY_EXTENSIONS": false,
            "MOZ_ANDROID_ACTIVITY_STREAM": false,
            "MOZ_ANDROID_HISTORY": true,
            "MOZ_ANDROID_MOZILLA_ONLINE": false,
            "MOZ_APP_NAME": "fennec",
            "MOZ_APP_VERSION": "68.1.1",
            "MOZ_APP_VERSION_DISPLAY": "68.1.1",
            "MOZ_BING_API_CLIENTID": "no-bing-api-clientid",
            "MOZ_BING_API_KEY": "no-bing-api-key",
            "MOZ_BITS_DOWNLOAD": false,
            "MOZ_BUILD_APP": "mobile/android",
            "MOZ_CODE_COVERAGE": false,
            "MOZ_CRASHREPORTER": true,
            "MOZ_DATA_REPORTING": true,
            "MOZ_DEV_EDITION": false,
            "MOZ_GECKO_PROFILER": true,
            "MOZ_GOOGLE_LOCATION_SERVICE_API_KEY": "AIzaSyB2h2OuRcUgy5N-5hsZqiPW6sH3n_rptiQ",
            "MOZ_GOOGLE_SAFEBROWSING_API_KEY": "AIzaSyC7jsptDS3am4tPx4r3nxis7IMjBc5Dovo",
            "MOZ_GRAPHENE": false,
            "MOZ_MACBUNDLE_NAME": "Firefox.app",
            "MOZ_MAINTENANCE_SERVICE": false,
            "MOZ_MOZILLA_API_KEY": "3b4d27dd-703d-4094-8398-4de2c763505a",
            "MOZ_NEW_CERT_STORAGE": false,
            "MOZ_NEW_NOTIFICATION_STORE": false,
            "MOZ_NEW_XULSTORE": false,
            "MOZ_OFFICIAL_BRANDING": false,
            "MOZ_PLACES": false,
            "MOZ_REQUIRE_SIGNING": false,
            "MOZ_SANDBOX": false,
            "MOZ_SERVICES_HEALTHREPORT": true,
            "MOZ_SERVICES_SYNC": false,
            "MOZ_SWITCHBOARD": true,
            "MOZ_SYSTEM_NSS": false,
            "MOZ_TELEMETRY_ON_BY_DEFAULT": false,
            "MOZ_TELEMETRY_REPORTING": true,
            "MOZ_UNSIGNED_SCOPES": 0,
            "MOZ_UPDATER": false,
            "MOZ_UPDATE_CHANNEL": "release",
            "MOZ_WEBRTC": true,
            "MOZ_WIDGET_GTK": false,
            "MOZ_WIDGET_TOOLKIT": "android",
            "NIGHTLY_BUILD": false,
            "OMNIJAR_NAME": "assets/omni.ja",
            "RELEASE_OR_BETA": true,
            "SOURCE_REVISION_URL": "https://hg.mozilla.org/releases/mozilla-esr68/rev/d2e0b9e17b9bc1ef02606c8006b73293f7892ad5",
            "TELEMETRY_PING_FORMAT_VERSION": 4,
            "XP_UNIX": true,
            "isPlatformAndVersionAtLeast": {},
            "isPlatformAndVersionAtMost": {},
            "platform": "android"
          },
          "asyncAppConstants": {
            "ACCESSIBILITY": true,
            "ANDROID_PACKAGE_NAME": "org.mozilla.firefox",
            "ASAN": false,
            "ASAN_REPORTER": false,
            "BROWSER_CHROME_URL": "chrome://browser/content/browser.xul",
            "DEBUG": false,
            "DEBUG_JS_MODULES": "",
            "DLL_PREFIX": "lib",
            "DLL_SUFFIX": ".so",
            "EARLY_BETA_OR_EARLIER": false,
            "FENNEC_NIGHTLY": false,
            "HAVE_SHELL_SERVICE": false,
            "HAVE_USR_LIB64_DIR": false,
            "MENUBAR_CAN_AUTOHIDE": false,
            "MOZILLA_OFFICIAL": true,
            "MOZ_ALLOW_LEGACY_EXTENSIONS": false,
            "MOZ_ANDROID_ACTIVITY_STREAM": false,
            "MOZ_ANDROID_HISTORY": true,
            "MOZ_ANDROID_MOZILLA_ONLINE": false,
            "MOZ_APP_NAME": "fennec",
            "MOZ_APP_VERSION": "68.1.1",
            "MOZ_APP_VERSION_DISPLAY": "68.1.1",
            "MOZ_BING_API_CLIENTID": "no-bing-api-clientid",
            "MOZ_BING_API_KEY": "no-bing-api-key",
            "MOZ_BITS_DOWNLOAD": false,
            "MOZ_BUILD_APP": "mobile/android",
            "MOZ_CODE_COVERAGE": false,
            "MOZ_CRASHREPORTER": true,
            "MOZ_DATA_REPORTING": true,
            "MOZ_DEV_EDITION": false,
            "MOZ_GECKO_PROFILER": true,
            "MOZ_GOOGLE_LOCATION_SERVICE_API_KEY": "AIzaSyB2h2OuRcUgy5N-5hsZqiPW6sH3n_rptiQ",
            "MOZ_GOOGLE_SAFEBROWSING_API_KEY": "AIzaSyC7jsptDS3am4tPx4r3nxis7IMjBc5Dovo",
            "MOZ_GRAPHENE": false,
            "MOZ_MACBUNDLE_NAME": "Firefox.app",
            "MOZ_MAINTENANCE_SERVICE": false,
            "MOZ_MOZILLA_API_KEY": "3b4d27dd-703d-4094-8398-4de2c763505a",
            "MOZ_NEW_CERT_STORAGE": false,
            "MOZ_NEW_NOTIFICATION_STORE": false,
            "MOZ_NEW_XULSTORE": false,
            "MOZ_OFFICIAL_BRANDING": false,
            "MOZ_PLACES": false,
            "MOZ_REQUIRE_SIGNING": false,
            "MOZ_SANDBOX": false,
            "MOZ_SERVICES_HEALTHREPORT": true,
            "MOZ_SERVICES_SYNC": false,
            "MOZ_SWITCHBOARD": true,
            "MOZ_SYSTEM_NSS": false,
            "MOZ_TELEMETRY_ON_BY_DEFAULT": false,
            "MOZ_TELEMETRY_REPORTING": true,
            "MOZ_UNSIGNED_SCOPES": 0,
            "MOZ_UPDATER": false,
            "MOZ_UPDATE_CHANNEL": "release",
            "MOZ_WEBRTC": true,
            "MOZ_WIDGET_GTK": false,
            "MOZ_WIDGET_TOOLKIT": "android",
            "NIGHTLY_BUILD": false,
            "OMNIJAR_NAME": "assets/omni.ja",
            "RELEASE_OR_BETA": true,
            "SOURCE_REVISION_URL": "https://hg.mozilla.org/releases/mozilla-esr68/rev/d2e0b9e17b9bc1ef02606c8006b73293f7892ad5",
            "TELEMETRY_PING_FORMAT_VERSION": 4,
            "XP_UNIX": true,
            "isPlatformAndVersionAtLeast": {},
            "isPlatformAndVersionAtMost": {},
            "platform": "android"
          },
          "userAgent": "Mozilla/5.0 (Android 8.1.0; Mobile; rv:68.0) Gecko/68.0 Firefox/68.0",
          "windowSize": "360x560"
        },
        "pageinfo": {
          "documentHeight": 3732,
          "documentSize": {
            "decodedBodySize": 10495,
            "encodedBodySize": 2642,
            "transferSize": 3629
          },
          "documentTitle": "微博",
          "documentWidth": 360,
          "domElements": 727,
          "navigationStartTime": 1617050619277,
          "nextHopProtocol": "h2",
          "resources": {
            "count": 0,
            "duration": 0
          },
          "responsive": true,
          "url": "https://m.weibo.cn/?jumpfrom=weibocom",
          "visualElements": {
            "heroes": [
              {
                "filename": "002kYjN5ly1gozxhk34hgj60k00zkjtj02.jpg",
                "height": 187,
                "name": "LargestImage",
                "width": 145,
                "x": 16,
                "y": 210
              }
            ],
            "viewport": {
              "height": 560,
              "width": 360
            }
          }
        },
        "timings": {
          "firstPaint": 2810,
          "loadEventEnd": 4947,
          "navigationTiming": {
            "connectStart": 829,
            "domComplete": 4943,
            "domContentLoadedEventEnd": 2882,
            "domContentLoadedEventStart": 2837,
            "domInteractive": 2808,
            "domainLookupEnd": 828,
            "domainLookupStart": 796,
            "duration": 4947,
            "fetchStart": 795,
            "loadEventEnd": 4947,
            "loadEventStart": 4943,
            "redirectEnd": 793,
            "redirectStart": 3,
            "requestStart": 837,
            "responseEnd": 1153,
            "responseStart": 1146,
            "secureConnectionStart": 0,
            "startTime": 0,
            "unloadEventEnd": 0,
            "unloadEventStart": 0,
            "workerStart": 0
          },
          "pageTimings": {
            "backEndTime": 1146,
            "domContentLoadedTime": 2837,
            "domInteractiveTime": 2808,
            "domainLookupTime": 33,
            "frontEndTime": 3790,
            "pageDownloadTime": 7,
            "pageLoadTime": 4943,
            "redirectionTime": 790,
            "serverConnectionTime": 0,
            "serverResponseTime": 316
          },
          "rumSpeedIndex": 1146,
          "timeToContentfulPaint": 4559,
          "timeToDomContentFlushed": 2809,
          "userTimings": {
            "marks": [],
            "measures": []
          }
        }
      },
      {
        "browser": {
          "appConstants": {
            "ACCESSIBILITY": true,
            "ANDROID_PACKAGE_NAME": "org.mozilla.firefox",
            "ASAN": false,
            "ASAN_REPORTER": false,
            "BROWSER_CHROME_URL": "chrome://browser/content/browser.xul",
            "DEBUG": false,
            "DEBUG_JS_MODULES": "",
            "DLL_PREFIX": "lib",
            "DLL_SUFFIX": ".so",
            "EARLY_BETA_OR_EARLIER": false,
            "FENNEC_NIGHTLY": false,
            "HAVE_SHELL_SERVICE": false,
            "HAVE_USR_LIB64_DIR": false,
            "MENUBAR_CAN_AUTOHIDE": false,
            "MOZILLA_OFFICIAL": true,
            "MOZ_ALLOW_LEGACY_EXTENSIONS": false,
            "MOZ_ANDROID_ACTIVITY_STREAM": false,
            "MOZ_ANDROID_HISTORY": true,
            "MOZ_ANDROID_MOZILLA_ONLINE": false,
            "MOZ_APP_NAME": "fennec",
            "MOZ_APP_VERSION": "68.1.1",
            "MOZ_APP_VERSION_DISPLAY": "68.1.1",
            "MOZ_BING_API_CLIENTID": "no-bing-api-clientid",
            "MOZ_BING_API_KEY": "no-bing-api-key",
            "MOZ_BITS_DOWNLOAD": false,
            "MOZ_BUILD_APP": "mobile/android",
            "MOZ_CODE_COVERAGE": false,
            "MOZ_CRASHREPORTER": true,
            "MOZ_DATA_REPORTING": true,
            "MOZ_DEV_EDITION": false,
            "MOZ_GECKO_PROFILER": true,
            "MOZ_GOOGLE_LOCATION_SERVICE_API_KEY": "AIzaSyB2h2OuRcUgy5N-5hsZqiPW6sH3n_rptiQ",
            "MOZ_GOOGLE_SAFEBROWSING_API_KEY": "AIzaSyC7jsptDS3am4tPx4r3nxis7IMjBc5Dovo",
            "MOZ_GRAPHENE": false,
            "MOZ_MACBUNDLE_NAME": "Firefox.app",
            "MOZ_MAINTENANCE_SERVICE": false,
            "MOZ_MOZILLA_API_KEY": "3b4d27dd-703d-4094-8398-4de2c763505a",
            "MOZ_NEW_CERT_STORAGE": false,
            "MOZ_NEW_NOTIFICATION_STORE": false,
            "MOZ_NEW_XULSTORE": false,
            "MOZ_OFFICIAL_BRANDING": false,
            "MOZ_PLACES": false,
            "MOZ_REQUIRE_SIGNING": false,
            "MOZ_SANDBOX": false,
            "MOZ_SERVICES_HEALTHREPORT": true,
            "MOZ_SERVICES_SYNC": false,
            "MOZ_SWITCHBOARD": true,
            "MOZ_SYSTEM_NSS": false,
            "MOZ_TELEMETRY_ON_BY_DEFAULT": false,
            "MOZ_TELEMETRY_REPORTING": true,
            "MOZ_UNSIGNED_SCOPES": 0,
            "MOZ_UPDATER": false,
            "MOZ_UPDATE_CHANNEL": "release",
            "MOZ_WEBRTC": true,
            "MOZ_WIDGET_GTK": false,
            "MOZ_WIDGET_TOOLKIT": "android",
            "NIGHTLY_BUILD": false,
            "OMNIJAR_NAME": "assets/omni.ja",
            "RELEASE_OR_BETA": true,
            "SOURCE_REVISION_URL": "https://hg.mozilla.org/releases/mozilla-esr68/rev/d2e0b9e17b9bc1ef02606c8006b73293f7892ad5",
            "TELEMETRY_PING_FORMAT_VERSION": 4,
            "XP_UNIX": true,
            "isPlatformAndVersionAtLeast": {},
            "isPlatformAndVersionAtMost": {},
            "platform": "android"
          },
          "asyncAppConstants": {
            "ACCESSIBILITY": true,
            "ANDROID_PACKAGE_NAME": "org.mozilla.firefox",
            "ASAN": false,
            "ASAN_REPORTER": false,
            "BROWSER_CHROME_URL": "chrome://browser/content/browser.xul",
            "DEBUG": false,
            "DEBUG_JS_MODULES": "",
            "DLL_PREFIX": "lib",
            "DLL_SUFFIX": ".so",
            "EARLY_BETA_OR_EARLIER": false,
            "FENNEC_NIGHTLY": false,
            "HAVE_SHELL_SERVICE": false,
            "HAVE_USR_LIB64_DIR": false,
            "MENUBAR_CAN_AUTOHIDE": false,
            "MOZILLA_OFFICIAL": true,
            "MOZ_ALLOW_LEGACY_EXTENSIONS": false,
            "MOZ_ANDROID_ACTIVITY_STREAM": false,
            "MOZ_ANDROID_HISTORY": true,
            "MOZ_ANDROID_MOZILLA_ONLINE": false,
            "MOZ_APP_NAME": "fennec",
            "MOZ_APP_VERSION": "68.1.1",
            "MOZ_APP_VERSION_DISPLAY": "68.1.1",
            "MOZ_BING_API_CLIENTID": "no-bing-api-clientid",
            "MOZ_BING_API_KEY": "no-bing-api-key",
            "MOZ_BITS_DOWNLOAD": false,
            "MOZ_BUILD_APP": "mobile/android",
            "MOZ_CODE_COVERAGE": false,
            "MOZ_CRASHREPORTER": true,
            "MOZ_DATA_REPORTING": true,
            "MOZ_DEV_EDITION": false,
            "MOZ_GECKO_PROFILER": true,
            "MOZ_GOOGLE_LOCATION_SERVICE_API_KEY": "AIzaSyB2h2OuRcUgy5N-5hsZqiPW6sH3n_rptiQ",
            "MOZ_GOOGLE_SAFEBROWSING_API_KEY": "AIzaSyC7jsptDS3am4tPx4r3nxis7IMjBc5Dovo",
            "MOZ_GRAPHENE": false,
            "MOZ_MACBUNDLE_NAME": "Firefox.app",
            "MOZ_MAINTENANCE_SERVICE": false,
            "MOZ_MOZILLA_API_KEY": "3b4d27dd-703d-4094-8398-4de2c763505a",
            "MOZ_NEW_CERT_STORAGE": false,
            "MOZ_NEW_NOTIFICATION_STORE": false,
            "MOZ_NEW_XULSTORE": false,
            "MOZ_OFFICIAL_BRANDING": false,
            "MOZ_PLACES": false,
            "MOZ_REQUIRE_SIGNING": false,
            "MOZ_SANDBOX": false,
            "MOZ_SERVICES_HEALTHREPORT": true,
            "MOZ_SERVICES_SYNC": false,
            "MOZ_SWITCHBOARD": true,
            "MOZ_SYSTEM_NSS": false,
            "MOZ_TELEMETRY_ON_BY_DEFAULT": false,
            "MOZ_TELEMETRY_REPORTING": true,
            "MOZ_UNSIGNED_SCOPES": 0,
            "MOZ_UPDATER": false,
            "MOZ_UPDATE_CHANNEL": "release",
            "MOZ_WEBRTC": true,
            "MOZ_WIDGET_GTK": false,
            "MOZ_WIDGET_TOOLKIT": "android",
            "NIGHTLY_BUILD": false,
            "OMNIJAR_NAME": "assets/omni.ja",
            "RELEASE_OR_BETA": true,
            "SOURCE_REVISION_URL": "https://hg.mozilla.org/releases/mozilla-esr68/rev/d2e0b9e17b9bc1ef02606c8006b73293f7892ad5",
            "TELEMETRY_PING_FORMAT_VERSION": 4,
            "XP_UNIX": true,
            "isPlatformAndVersionAtLeast": {},
            "isPlatformAndVersionAtMost": {},
            "platform": "android"
          },
          "userAgent": "Mozilla/5.0 (Android 8.1.0; Mobile; rv:68.0) Gecko/68.0 Firefox/68.0",
          "windowSize": "360x560"
        },
        "pageinfo": {
          "documentHeight": 4208,
          "documentSize": {
            "decodedBodySize": 10495,
            "encodedBodySize": 2641,
            "transferSize": 3628
          },
          "documentTitle": "微博",
          "documentWidth": 360,
          "domElements": 778,
          "navigationStartTime": 1617050642010,
          "nextHopProtocol": "h2",
          "resources": {
            "count": 0,
            "duration": 0
          },
          "responsive": true,
          "url": "https://m.weibo.cn/?jumpfrom=weibocom",
          "visualElements": {
            "heroes": [
              {
                "filename": "0020eSKbly1gouyem1u6cj60gf2atjw502.jpg",
                "height": 106,
                "name": "LargestImage",
                "width": 106,
                "x": 127,
                "y": 430
              }
            ],
            "viewport": {
              "height": 560,
              "width": 360
            }
          }
        },
        "timings": {
          "firstPaint": 3072,
          "loadEventEnd": 5558,
          "navigationTiming": {
            "connectStart": 961,
            "domComplete": 5555,
            "domContentLoadedEventEnd": 3141,
            "domContentLoadedEventStart": 3090,
            "domInteractive": 3057,
            "domainLookupEnd": 961,
            "domainLookupStart": 960,
            "duration": 5558,
            "fetchStart": 936,
            "loadEventEnd": 5558,
            "loadEventStart": 5555,
            "redirectEnd": 933,
            "redirectStart": 2,
            "requestStart": 970,
            "responseEnd": 1290,
            "responseStart": 1289,
            "secureConnectionStart": 0,
            "startTime": 0,
            "unloadEventEnd": 0,
            "unloadEventStart": 0,
            "workerStart": 0
          },
          "pageTimings": {
            "backEndTime": 1289,
            "domContentLoadedTime": 3090,
            "domInteractiveTime": 3057,
            "domainLookupTime": 0,
            "frontEndTime": 4264,
            "pageDownloadTime": 2,
            "pageLoadTime": 5555,
            "redirectionTime": 931,
            "serverConnectionTime": 0,
            "serverResponseTime": 321
          },
          "rumSpeedIndex": 1288,
          "timeToContentfulPaint": 4788,
          "timeToDomContentFlushed": 3072,
          "userTimings": {
            "marks": [],
            "measures": []
          }
        }
      },
      {
        "browser": {
          "appConstants": {
            "ACCESSIBILITY": true,
            "ANDROID_PACKAGE_NAME": "org.mozilla.firefox",
            "ASAN": false,
            "ASAN_REPORTER": false,
            "BROWSER_CHROME_URL": "chrome://browser/content/browser.xul",
            "DEBUG": false,
            "DEBUG_JS_MODULES": "",
            "DLL_PREFIX": "lib",
            "DLL_SUFFIX": ".so",
            "EARLY_BETA_OR_EARLIER": false,
            "FENNEC_NIGHTLY": false,
            "HAVE_SHELL_SERVICE": false,
            "HAVE_USR_LIB64_DIR": false,
            "MENUBAR_CAN_AUTOHIDE": false,
            "MOZILLA_OFFICIAL": true,
            "MOZ_ALLOW_LEGACY_EXTENSIONS": false,
            "MOZ_ANDROID_ACTIVITY_STREAM": false,
            "MOZ_ANDROID_HISTORY": true,
            "MOZ_ANDROID_MOZILLA_ONLINE": false,
            "MOZ_APP_NAME": "fennec",
            "MOZ_APP_VERSION": "68.1.1",
            "MOZ_APP_VERSION_DISPLAY": "68.1.1",
            "MOZ_BING_API_CLIENTID": "no-bing-api-clientid",
            "MOZ_BING_API_KEY": "no-bing-api-key",
            "MOZ_BITS_DOWNLOAD": false,
            "MOZ_BUILD_APP": "mobile/android",
            "MOZ_CODE_COVERAGE": false,
            "MOZ_CRASHREPORTER": true,
            "MOZ_DATA_REPORTING": true,
            "MOZ_DEV_EDITION": false,
            "MOZ_GECKO_PROFILER": true,
            "MOZ_GOOGLE_LOCATION_SERVICE_API_KEY": "AIzaSyB2h2OuRcUgy5N-5hsZqiPW6sH3n_rptiQ",
            "MOZ_GOOGLE_SAFEBROWSING_API_KEY": "AIzaSyC7jsptDS3am4tPx4r3nxis7IMjBc5Dovo",
            "MOZ_GRAPHENE": false,
            "MOZ_MACBUNDLE_NAME": "Firefox.app",
            "MOZ_MAINTENANCE_SERVICE": false,
            "MOZ_MOZILLA_API_KEY": "3b4d27dd-703d-4094-8398-4de2c763505a",
            "MOZ_NEW_CERT_STORAGE": false,
            "MOZ_NEW_NOTIFICATION_STORE": false,
            "MOZ_NEW_XULSTORE": false,
            "MOZ_OFFICIAL_BRANDING": false,
            "MOZ_PLACES": false,
            "MOZ_REQUIRE_SIGNING": false,
            "MOZ_SANDBOX": false,
            "MOZ_SERVICES_HEALTHREPORT": true,
            "MOZ_SERVICES_SYNC": false,
            "MOZ_SWITCHBOARD": true,
            "MOZ_SYSTEM_NSS": false,
            "MOZ_TELEMETRY_ON_BY_DEFAULT": false,
            "MOZ_TELEMETRY_REPORTING": true,
            "MOZ_UNSIGNED_SCOPES": 0,
            "MOZ_UPDATER": false,
            "MOZ_UPDATE_CHANNEL": "release",
            "MOZ_WEBRTC": true,
            "MOZ_WIDGET_GTK": false,
            "MOZ_WIDGET_TOOLKIT": "android",
            "NIGHTLY_BUILD": false,
            "OMNIJAR_NAME": "assets/omni.ja",
            "RELEASE_OR_BETA": true,
            "SOURCE_REVISION_URL": "https://hg.mozilla.org/releases/mozilla-esr68/rev/d2e0b9e17b9bc1ef02606c8006b73293f7892ad5",
            "TELEMETRY_PING_FORMAT_VERSION": 4,
            "XP_UNIX": true,
            "isPlatformAndVersionAtLeast": {},
            "isPlatformAndVersionAtMost": {},
            "platform": "android"
          },
          "asyncAppConstants": {
            "ACCESSIBILITY": true,
            "ANDROID_PACKAGE_NAME": "org.mozilla.firefox",
            "ASAN": false,
            "ASAN_REPORTER": false,
            "BROWSER_CHROME_URL": "chrome://browser/content/browser.xul",
            "DEBUG": false,
            "DEBUG_JS_MODULES": "",
            "DLL_PREFIX": "lib",
            "DLL_SUFFIX": ".so",
            "EARLY_BETA_OR_EARLIER": false,
            "FENNEC_NIGHTLY": false,
            "HAVE_SHELL_SERVICE": false,
            "HAVE_USR_LIB64_DIR": false,
            "MENUBAR_CAN_AUTOHIDE": false,
            "MOZILLA_OFFICIAL": true,
            "MOZ_ALLOW_LEGACY_EXTENSIONS": false,
            "MOZ_ANDROID_ACTIVITY_STREAM": false,
            "MOZ_ANDROID_HISTORY": true,
            "MOZ_ANDROID_MOZILLA_ONLINE": false,
            "MOZ_APP_NAME": "fennec",
            "MOZ_APP_VERSION": "68.1.1",
            "MOZ_APP_VERSION_DISPLAY": "68.1.1",
            "MOZ_BING_API_CLIENTID": "no-bing-api-clientid",
            "MOZ_BING_API_KEY": "no-bing-api-key",
            "MOZ_BITS_DOWNLOAD": false,
            "MOZ_BUILD_APP": "mobile/android",
            "MOZ_CODE_COVERAGE": false,
            "MOZ_CRASHREPORTER": true,
            "MOZ_DATA_REPORTING": true,
            "MOZ_DEV_EDITION": false,
            "MOZ_GECKO_PROFILER": true,
            "MOZ_GOOGLE_LOCATION_SERVICE_API_KEY": "AIzaSyB2h2OuRcUgy5N-5hsZqiPW6sH3n_rptiQ",
            "MOZ_GOOGLE_SAFEBROWSING_API_KEY": "AIzaSyC7jsptDS3am4tPx4r3nxis7IMjBc5Dovo",
            "MOZ_GRAPHENE": false,
            "MOZ_MACBUNDLE_NAME": "Firefox.app",
            "MOZ_MAINTENANCE_SERVICE": false,
            "MOZ_MOZILLA_API_KEY": "3b4d27dd-703d-4094-8398-4de2c763505a",
            "MOZ_NEW_CERT_STORAGE": false,
            "MOZ_NEW_NOTIFICATION_STORE": false,
            "MOZ_NEW_XULSTORE": false,
            "MOZ_OFFICIAL_BRANDING": false,
            "MOZ_PLACES": false,
            "MOZ_REQUIRE_SIGNING": false,
            "MOZ_SANDBOX": false,
            "MOZ_SERVICES_HEALTHREPORT": true,
            "MOZ_SERVICES_SYNC": false,
            "MOZ_SWITCHBOARD": true,
            "MOZ_SYSTEM_NSS": false,
            "MOZ_TELEMETRY_ON_BY_DEFAULT": false,
            "MOZ_TELEMETRY_REPORTING": true,
            "MOZ_UNSIGNED_SCOPES": 0,
            "MOZ_UPDATER": false,
            "MOZ_UPDATE_CHANNEL": "release",
            "MOZ_WEBRTC": true,
            "MOZ_WIDGET_GTK": false,
            "MOZ_WIDGET_TOOLKIT": "android",
            "NIGHTLY_BUILD": false,
            "OMNIJAR_NAME": "assets/omni.ja",
            "RELEASE_OR_BETA": true,
            "SOURCE_REVISION_URL": "https://hg.mozilla.org/releases/mozilla-esr68/rev/d2e0b9e17b9bc1ef02606c8006b73293f7892ad5",
            "TELEMETRY_PING_FORMAT_VERSION": 4,
            "XP_UNIX": true,
            "isPlatformAndVersionAtLeast": {},
            "isPlatformAndVersionAtMost": {},
            "platform": "android"
          },
          "userAgent": "Mozilla/5.0 (Android 8.1.0; Mobile; rv:68.0) Gecko/68.0 Firefox/68.0",
          "windowSize": "360x560"
        },
        "pageinfo": {
          "documentHeight": 3468,
          "documentSize": {
            "decodedBodySize": 10495,
            "encodedBodySize": 2641,
            "transferSize": 3629
          },
          "documentTitle": "微博",
          "documentWidth": 360,
          "domElements": 714,
          "navigationStartTime": 1617050666511,
          "nextHopProtocol": "h2",
          "resources": {
            "count": 0,
            "duration": 0
          },
          "responsive": true,
          "url": "https://m.weibo.cn/?jumpfrom=weibocom",
          "visualElements": {
            "heroes": [
              {
                "filename": "002kYjN5ly1gozxhk34hgj60k00zkjtj02.jpg",
                "height": 187,
                "name": "LargestImage",
                "width": 145,
                "x": 16,
                "y": 210
              }
            ],
            "viewport": {
              "height": 560,
              "width": 360
            }
          }
        },
        "timings": {
          "firstPaint": 2843,
          "loadEventEnd": 5007,
          "navigationTiming": {
            "connectStart": 876,
            "domComplete": 5001,
            "domContentLoadedEventEnd": 2912,
            "domContentLoadedEventStart": 2868,
            "domInteractive": 2841,
            "domainLookupEnd": 875,
            "domainLookupStart": 875,
            "duration": 5007,
            "fetchStart": 853,
            "loadEventEnd": 5007,
            "loadEventStart": 5001,
            "redirectEnd": 849,
            "redirectStart": 3,
            "requestStart": 881,
            "responseEnd": 1219,
            "responseStart": 1212,
            "secureConnectionStart": 0,
            "startTime": 0,
            "unloadEventEnd": 0,
            "unloadEventStart": 0,
            "workerStart": 0
          },
          "pageTimings": {
            "backEndTime": 1212,
            "domContentLoadedTime": 2868,
            "domInteractiveTime": 2841,
            "domainLookupTime": 0,
            "frontEndTime": 3782,
            "pageDownloadTime": 7,
            "pageLoadTime": 5001,
            "redirectionTime": 846,
            "serverConnectionTime": 0,
            "serverResponseTime": 338
          },
          "rumSpeedIndex": 1212,
          "timeToContentfulPaint": 4503,
          "timeToDomContentFlushed": 2842,
          "userTimings": {
            "marks": [],
            "measures": []
          }
        }
      }
    ],
    "visualMetrics": [],
    "cpu": [],
    "extras": [
      {},
      {},
      {}
    ],
    "fullyLoaded": [],
    "errors": [
      [],
      [],
      []
    ],
    "statistics": {
      "browser": {
        "appConstants": {
          "MOZ_UNSIGNED_SCOPES": {
            "median": 0,
            "mean": 0,
            "mdev": 0,
            "stddev": 0,
            "min": 0,
            "p10": 0,
            "p90": 0,
            "p99": 0,
            "max": 0
          },
          "TELEMETRY_PING_FORMAT_VERSION": {
            "median": 4,
            "mean": 4,
            "mdev": 0,
            "stddev": 0,
            "min": 4,
            "p10": 4,
            "p90": 4,
            "p99": 4,
            "max": 4
          }
        },
        "asyncAppConstants": {
          "MOZ_UNSIGNED_SCOPES": {
            "median": 0,
            "mean": 0,
            "mdev": 0,
            "stddev": 0,
            "min": 0,
            "p10": 0,
            "p90": 0,
            "p99": 0,
            "max": 0
          },
          "TELEMETRY_PING_FORMAT_VERSION": {
            "median": 4,
            "mean": 4,
            "mdev": 0,
            "stddev": 0,
            "min": 4,
            "p10": 4,
            "p90": 4,
            "p99": 4,
            "max": 4
          }
        }
      },
      "pageinfo": {
        "documentHeight": {
          "median": 3732,
          "mean": 3803,
          "mdev": 176.7895,
          "stddev": 306,
          "min": 3468,
          "p10": 3468,
          "p90": 4208,
          "p99": 4208,
          "max": 4208
        },
        "documentSize": {
          "decodedBodySize": {
            "median": 10495,
            "mean": 10495,
            "mdev": 0,
            "stddev": 0,
            "min": 10495,
            "p10": 10495,
            "p90": 10495,
            "p99": 10495,
            "max": 10495
          },
          "encodedBodySize": {
            "median": 2641,
            "mean": 2641,
            "mdev": 0.2722,
            "stddev": 0,
            "min": 2641,
            "p10": 2641,
            "p90": 2642,
            "p99": 2642,
            "max": 2642
          },
          "transferSize": {
            "median": 3629,
            "mean": 3629,
            "mdev": 0.2722,
            "stddev": 0,
            "min": 3628,
            "p10": 3628,
            "p90": 3629,
            "p99": 3629,
            "max": 3629
          }
        },
        "documentWidth": {
          "median": 360,
          "mean": 360,
          "mdev": 0,
          "stddev": 0,
          "min": 360,
          "p10": 360,
          "p90": 360,
          "p99": 360,
          "max": 360
        },
        "domElements": {
          "median": 727,
          "mean": 740,
          "mdev": 15.9467,
          "stddev": 28,
          "min": 714,
          "p10": 714,
          "p90": 778,
          "p99": 778,
          "max": 778
        },
        "navigationStartTime": {
          "median": 1617050642010,
          "mean": 1617050642599,
          "mdev": 0,
          "stddev": 0,
          "min": 1617050619277,
          "p10": 1617050619277,
          "p90": 1617050666511,
          "p99": 1617050666511,
          "max": 1617050666511
        },
        "resources": {
          "count": {
            "median": 0,
            "mean": 0,
            "mdev": 0,
            "stddev": 0,
            "min": 0,
            "p10": 0,
            "p90": 0,
            "p99": 0,
            "max": 0
          },
          "duration": {
            "median": 0,
            "mean": 0,
            "mdev": 0,
            "stddev": 0,
            "min": 0,
            "p10": 0,
            "p90": 0,
            "p99": 0,
            "max": 0
          }
        },
        "visualElements": {
          "heroes": [
            {
              "height": {
                "median": 187,
                "mean": 160,
                "mdev": 22.0454,
                "stddev": 38,
                "min": 106,
                "p10": 106,
                "p90": 187,
                "p99": 187,
                "max": 187
              },
              "width": {
                "median": 145,
                "mean": 132,
                "mdev": 10.6145,
                "stddev": 18,
                "min": 106,
                "p10": 106,
                "p90": 145,
                "p99": 145,
                "max": 145
              },
              "x": {
                "median": 16,
                "mean": 53,
                "mdev": 30.2104,
                "stddev": 52,
                "min": 16,
                "p10": 16,
                "p90": 127,
                "p99": 127,
                "max": 127
              },
              "y": {
                "median": 210,
                "mean": 283,
                "mdev": 59.8764,
                "stddev": 104,
                "min": 210,
                "p10": 210,
                "p90": 430,
                "p99": 430,
                "max": 430
              }
            }
          ],
          "viewport": {
            "height": {
              "median": 560,
              "mean": 560,
              "mdev": 0,
              "stddev": 0,
              "min": 560,
              "p10": 560,
              "p90": 560,
              "p99": 560,
              "max": 560
            },
            "width": {
              "median": 360,
              "mean": 360,
              "mdev": 0,
              "stddev": 0,
              "min": 360,
              "p10": 360,
              "p90": 360,
              "p99": 360,
              "max": 360
            }
          }
        }
      },
      "timings": {
        "firstPaint": {
          "median": 2843,
          "mean": 2908,
          "mdev": 67.2678,
          "stddev": 117,
          "min": 2810,
          "p10": 2810,
          "p90": 3072,
          "p99": 3072,
          "max": 3072
        },
        "loadEventEnd": {
          "median": 5007,
          "mean": 5171,
          "mdev": 158.7593,
          "stddev": 275,
          "min": 4947,
          "p10": 4947,
          "p90": 5558,
          "p99": 5558,
          "max": 5558
        },
        "navigationTiming": {
          "connectStart": {
            "median": 876,
            "mean": 889,
            "mdev": 31.5395,
            "stddev": 55,
            "min": 829,
            "p10": 829,
            "p90": 961,
            "p99": 961,
            "max": 961
          },
          "domComplete": {
            "median": 5001,
            "mean": 5166,
            "mdev": 159.2603,
            "stddev": 276,
            "min": 4943,
            "p10": 4943,
            "p90": 5555,
            "p99": 5555,
            "max": 5555
          },
          "domContentLoadedEventEnd": {
            "median": 2912,
            "mean": 2978,
            "mdev": 66.7838,
            "stddev": 116,
            "min": 2882,
            "p10": 2882,
            "p90": 3141,
            "p99": 3141,
            "max": 3141
          },
          "domContentLoadedEventStart": {
            "median": 2868,
            "mean": 2932,
            "mdev": 65.051,
            "stddev": 113,
            "min": 2837,
            "p10": 2837,
            "p90": 3090,
            "p99": 3090,
            "max": 3090
          },
          "domInteractive": {
            "median": 2841,
            "mean": 2902,
            "mdev": 63.7547,
            "stddev": 110,
            "min": 2808,
            "p10": 2808,
            "p90": 3057,
            "p99": 3057,
            "max": 3057
          },
          "domainLookupEnd": {
            "median": 875,
            "mean": 888,
            "mdev": 31.7945,
            "stddev": 55,
            "min": 828,
            "p10": 828,
            "p90": 961,
            "p99": 961,
            "max": 961
          },
          "domainLookupStart": {
            "median": 875,
            "mean": 877,
            "mdev": 38.6638,
            "stddev": 67,
            "min": 796,
            "p10": 796,
            "p90": 960,
            "p99": 960,
            "max": 960
          },
          "duration": {
            "median": 5007,
            "mean": 5171,
            "mdev": 158.7593,
            "stddev": 275,
            "min": 4947,
            "p10": 4947,
            "p90": 5558,
            "p99": 5558,
            "max": 5558
          },
          "fetchStart": {
            "median": 853,
            "mean": 861,
            "mdev": 33.4077,
            "stddev": 58,
            "min": 795,
            "p10": 795,
            "p90": 936,
            "p99": 936,
            "max": 936
          },
          "loadEventEnd": {
            "median": 5007,
            "mean": 5171,
            "mdev": 158.7593,
            "stddev": 275,
            "min": 4947,
            "p10": 4947,
            "p90": 5558,
            "p99": 5558,
            "max": 5558
          },
          "loadEventStart": {
            "median": 5001,
            "mean": 5166,
            "mdev": 159.2603,
            "stddev": 276,
            "min": 4943,
            "p10": 4943,
            "p90": 5555,
            "p99": 5555,
            "max": 5555
          },
          "redirectEnd": {
            "median": 849,
            "mean": 858,
            "mdev": 33.2176,
            "stddev": 58,
            "min": 793,
            "p10": 793,
            "p90": 933,
            "p99": 933,
            "max": 933
          },
          "redirectStart": {
            "median": 3,
            "mean": 3,
            "mdev": 0.2722,
            "stddev": 0,
            "min": 2,
            "p10": 2,
            "p90": 3,
            "p99": 3,
            "max": 3
          },
          "requestStart": {
            "median": 881,
            "mean": 896,
            "mdev": 31.9409,
            "stddev": 55,
            "min": 837,
            "p10": 837,
            "p90": 970,
            "p99": 970,
            "max": 970
          },
          "responseEnd": {
            "median": 1219,
            "mean": 1221,
            "mdev": 32.2984,
            "stddev": 56,
            "min": 1153,
            "p10": 1153,
            "p90": 1290,
            "p99": 1290,
            "max": 1290
          },
          "responseStart": {
            "median": 1212,
            "mean": 1216,
            "mdev": 33.7386,
            "stddev": 58,
            "min": 1146,
            "p10": 1146,
            "p90": 1289,
            "p99": 1289,
            "max": 1289
          },
          "secureConnectionStart": {
            "median": 0,
            "mean": 0,
            "mdev": 0,
            "stddev": 0,
            "min": 0,
            "p10": 0,
            "p90": 0,
            "p99": 0,
            "max": 0
          },
          "startTime": {
            "median": 0,
            "mean": 0,
            "mdev": 0,
            "stddev": 0,
            "min": 0,
            "p10": 0,
            "p90": 0,
            "p99": 0,
            "max": 0
          },
          "unloadEventEnd": {
            "median": 0,
            "mean": 0,
            "mdev": 0,
            "stddev": 0,
            "min": 0,
            "p10": 0,
            "p90": 0,
            "p99": 0,
            "max": 0
          },
          "unloadEventStart": {
            "median": 0,
            "mean": 0,
            "mdev": 0,
            "stddev": 0,
            "min": 0,
            "p10": 0,
            "p90": 0,
            "p99": 0,
            "max": 0
          },
          "workerStart": {
            "median": 0,
            "mean": 0,
            "mdev": 0,
            "stddev": 0,
            "min": 0,
            "p10": 0,
            "p90": 0,
            "p99": 0,
            "max": 0
          }
        },
        "pageTimings": {
          "backEndTime": {
            "median": 1212,
            "mean": 1216,
            "mdev": 33.7386,
            "stddev": 58,
            "min": 1146,
            "p10": 1146,
            "p90": 1289,
            "p99": 1289,
            "max": 1289
          },
          "domContentLoadedTime": {
            "median": 2868,
            "mean": 2932,
            "mdev": 65.051,
            "stddev": 113,
            "min": 2837,
            "p10": 2837,
            "p90": 3090,
            "p99": 3090,
            "max": 3090
          },
          "domInteractiveTime": {
            "median": 2841,
            "mean": 2902,
            "mdev": 63.7547,
            "stddev": 110,
            "min": 2808,
            "p10": 2808,
            "p90": 3057,
            "p99": 3057,
            "max": 3057
          },
          "domainLookupTime": {
            "median": 0,
            "mean": 11,
            "mdev": 8.9815,
            "stddev": 16,
            "min": 0,
            "p10": 0,
            "p90": 33,
            "p99": 33,
            "max": 33
          },
          "frontEndTime": {
            "median": 3790,
            "mean": 3945,
            "mdev": 130.1088,
            "stddev": 225,
            "min": 3782,
            "p10": 3782,
            "p90": 4264,
            "p99": 4264,
            "max": 4264
          },
          "pageDownloadTime": {
            "median": 7,
            "mean": 5,
            "mdev": 1.3608,
            "stddev": 2,
            "min": 2,
            "p10": 2,
            "p90": 7,
            "p99": 7,
            "max": 7
          },
          "pageLoadTime": {
            "median": 5001,
            "mean": 5166,
            "mdev": 159.2603,
            "stddev": 276,
            "min": 4943,
            "p10": 4943,
            "p90": 5555,
            "p99": 5555,
            "max": 5555
          },
          "redirectionTime": {
            "median": 846,
            "mean": 856,
            "mdev": 33.4675,
            "stddev": 58,
            "min": 790,
            "p10": 790,
            "p90": 931,
            "p99": 931,
            "max": 931
          },
          "serverConnectionTime": {
            "median": 0,
            "mean": 0,
            "mdev": 0,
            "stddev": 0,
            "min": 0,
            "p10": 0,
            "p90": 0,
            "p99": 0,
            "max": 0
          },
          "serverResponseTime": {
            "median": 321,
            "mean": 325,
            "mdev": 5.4365,
            "stddev": 9,
            "min": 316,
            "p10": 316,
            "p90": 338,
            "p99": 338,
            "max": 338
          }
        },
        "rumSpeedIndex": {
          "median": 1212,
          "mean": 1215,
          "mdev": 33.4974,
          "stddev": 58,
          "min": 1146,
          "p10": 1146,
          "p90": 1288,
          "p99": 1288,
          "max": 1288
        },
        "timeToContentfulPaint": {
          "median": 4559,
          "mean": 4617,
          "mdev": 71.181,
          "stddev": 123,
          "min": 4503,
          "p10": 4503,
          "p90": 4788,
          "p99": 4788,
          "max": 4788
        },
        "timeToDomContentFlushed": {
          "median": 2842,
          "mean": 2908,
          "mdev": 67.5382,
          "stddev": 117,
          "min": 2809,
          "p10": 2809,
          "p90": 3072,
          "p99": 3072,
          "max": 3072
        }
      }
    }
  }
]