[
  {
    "info": {
      "browsertime": {
        "version": "8.4.0"
      },
      "url": "https://www.theguardian.com/international",
      "timestamp": "2021-03-30T22:13:04+04:00",
      "connectivity": {
        "engine": "external",
        "profile": "native"
      },
      "extra": {}
    },
    "files": {
      "video": [],
      "screenshot": [],
      "timeline": [],
      "consoleLog": [],
      "netLog": [],
      "perfLog": []
    },
    "cdp": {
      "performance": []
    },
    "timestamps": [
      "2021-03-30T22:12:49+04:00",
      "2021-03-30T22:13:10+04:00",
      "2021-03-30T22:13:28+04:00"
    ],
    "browserScripts": [
      {
        "browser": {
          "appConstants": {
            "ACCESSIBILITY": true,
            "ANDROID_PACKAGE_NAME": "org.mozilla.firefox",
            "ASAN": false,
            "ASAN_REPORTER": false,
            "BROWSER_CHROME_URL": "chrome://browser/content/browser.xul",
            "DEBUG": false,
            "DEBUG_JS_MODULES": "",
            "DLL_PREFIX": "lib",
            "DLL_SUFFIX": ".so",
            "EARLY_BETA_OR_EARLIER": false,
            "FENNEC_NIGHTLY": false,
            "HAVE_SHELL_SERVICE": false,
            "HAVE_USR_LIB64_DIR": false,
            "MENUBAR_CAN_AUTOHIDE": false,
            "MOZILLA_OFFICIAL": true,
            "MOZ_ALLOW_LEGACY_EXTENSIONS": false,
            "MOZ_ANDROID_ACTIVITY_STREAM": false,
            "MOZ_ANDROID_HISTORY": true,
            "MOZ_ANDROID_MOZILLA_ONLINE": false,
            "MOZ_APP_NAME": "fennec",
            "MOZ_APP_VERSION": "68.1.1",
            "MOZ_APP_VERSION_DISPLAY": "68.1.1",
            "MOZ_BING_API_CLIENTID": "no-bing-api-clientid",
            "MOZ_BING_API_KEY": "no-bing-api-key",
            "MOZ_BITS_DOWNLOAD": false,
            "MOZ_BUILD_APP": "mobile/android",
            "MOZ_CODE_COVERAGE": false,
            "MOZ_CRASHREPORTER": true,
            "MOZ_DATA_REPORTING": true,
            "MOZ_DEV_EDITION": false,
            "MOZ_GECKO_PROFILER": true,
            "MOZ_GOOGLE_LOCATION_SERVICE_API_KEY": "AIzaSyB2h2OuRcUgy5N-5hsZqiPW6sH3n_rptiQ",
            "MOZ_GOOGLE_SAFEBROWSING_API_KEY": "AIzaSyC7jsptDS3am4tPx4r3nxis7IMjBc5Dovo",
            "MOZ_GRAPHENE": false,
            "MOZ_MACBUNDLE_NAME": "Firefox.app",
            "MOZ_MAINTENANCE_SERVICE": false,
            "MOZ_MOZILLA_API_KEY": "3b4d27dd-703d-4094-8398-4de2c763505a",
            "MOZ_NEW_CERT_STORAGE": false,
            "MOZ_NEW_NOTIFICATION_STORE": false,
            "MOZ_NEW_XULSTORE": false,
            "MOZ_OFFICIAL_BRANDING": false,
            "MOZ_PLACES": false,
            "MOZ_REQUIRE_SIGNING": false,
            "MOZ_SANDBOX": false,
            "MOZ_SERVICES_HEALTHREPORT": true,
            "MOZ_SERVICES_SYNC": false,
            "MOZ_SWITCHBOARD": true,
            "MOZ_SYSTEM_NSS": false,
            "MOZ_TELEMETRY_ON_BY_DEFAULT": false,
            "MOZ_TELEMETRY_REPORTING": true,
            "MOZ_UNSIGNED_SCOPES": 0,
            "MOZ_UPDATER": false,
            "MOZ_UPDATE_CHANNEL": "release",
            "MOZ_WEBRTC": true,
            "MOZ_WIDGET_GTK": false,
            "MOZ_WIDGET_TOOLKIT": "android",
            "NIGHTLY_BUILD": false,
            "OMNIJAR_NAME": "assets/omni.ja",
            "RELEASE_OR_BETA": true,
            "SOURCE_REVISION_URL": "https://hg.mozilla.org/releases/mozilla-esr68/rev/d2e0b9e17b9bc1ef02606c8006b73293f7892ad5",
            "TELEMETRY_PING_FORMAT_VERSION": 4,
            "XP_UNIX": true,
            "isPlatformAndVersionAtLeast": {},
            "isPlatformAndVersionAtMost": {},
            "platform": "android"
          },
          "asyncAppConstants": {
            "ACCESSIBILITY": true,
            "ANDROID_PACKAGE_NAME": "org.mozilla.firefox",
            "ASAN": false,
            "ASAN_REPORTER": false,
            "BROWSER_CHROME_URL": "chrome://browser/content/browser.xul",
            "DEBUG": false,
            "DEBUG_JS_MODULES": "",
            "DLL_PREFIX": "lib",
            "DLL_SUFFIX": ".so",
            "EARLY_BETA_OR_EARLIER": false,
            "FENNEC_NIGHTLY": false,
            "HAVE_SHELL_SERVICE": false,
            "HAVE_USR_LIB64_DIR": false,
            "MENUBAR_CAN_AUTOHIDE": false,
            "MOZILLA_OFFICIAL": true,
            "MOZ_ALLOW_LEGACY_EXTENSIONS": false,
            "MOZ_ANDROID_ACTIVITY_STREAM": false,
            "MOZ_ANDROID_HISTORY": true,
            "MOZ_ANDROID_MOZILLA_ONLINE": false,
            "MOZ_APP_NAME": "fennec",
            "MOZ_APP_VERSION": "68.1.1",
            "MOZ_APP_VERSION_DISPLAY": "68.1.1",
            "MOZ_BING_API_CLIENTID": "no-bing-api-clientid",
            "MOZ_BING_API_KEY": "no-bing-api-key",
            "MOZ_BITS_DOWNLOAD": false,
            "MOZ_BUILD_APP": "mobile/android",
            "MOZ_CODE_COVERAGE": false,
            "MOZ_CRASHREPORTER": true,
            "MOZ_DATA_REPORTING": true,
            "MOZ_DEV_EDITION": false,
            "MOZ_GECKO_PROFILER": true,
            "MOZ_GOOGLE_LOCATION_SERVICE_API_KEY": "AIzaSyB2h2OuRcUgy5N-5hsZqiPW6sH3n_rptiQ",
            "MOZ_GOOGLE_SAFEBROWSING_API_KEY": "AIzaSyC7jsptDS3am4tPx4r3nxis7IMjBc5Dovo",
            "MOZ_GRAPHENE": false,
            "MOZ_MACBUNDLE_NAME": "Firefox.app",
            "MOZ_MAINTENANCE_SERVICE": false,
            "MOZ_MOZILLA_API_KEY": "3b4d27dd-703d-4094-8398-4de2c763505a",
            "MOZ_NEW_CERT_STORAGE": false,
            "MOZ_NEW_NOTIFICATION_STORE": false,
            "MOZ_NEW_XULSTORE": false,
            "MOZ_OFFICIAL_BRANDING": false,
            "MOZ_PLACES": false,
            "MOZ_REQUIRE_SIGNING": false,
            "MOZ_SANDBOX": false,
            "MOZ_SERVICES_HEALTHREPORT": true,
            "MOZ_SERVICES_SYNC": false,
            "MOZ_SWITCHBOARD": true,
            "MOZ_SYSTEM_NSS": false,
            "MOZ_TELEMETRY_ON_BY_DEFAULT": false,
            "MOZ_TELEMETRY_REPORTING": true,
            "MOZ_UNSIGNED_SCOPES": 0,
            "MOZ_UPDATER": false,
            "MOZ_UPDATE_CHANNEL": "release",
            "MOZ_WEBRTC": true,
            "MOZ_WIDGET_GTK": false,
            "MOZ_WIDGET_TOOLKIT": "android",
            "NIGHTLY_BUILD": false,
            "OMNIJAR_NAME": "assets/omni.ja",
            "RELEASE_OR_BETA": true,
            "SOURCE_REVISION_URL": "https://hg.mozilla.org/releases/mozilla-esr68/rev/d2e0b9e17b9bc1ef02606c8006b73293f7892ad5",
            "TELEMETRY_PING_FORMAT_VERSION": 4,
            "XP_UNIX": true,
            "isPlatformAndVersionAtLeast": {},
            "isPlatformAndVersionAtMost": {},
            "platform": "android"
          },
          "userAgent": "Mozilla/5.0 (Android 9; Mobile; rv:68.0) Gecko/68.0 Firefox/68.0",
          "windowSize": "360x612"
        },
        "pageinfo": {
          "documentHeight": 13121,
          "documentSize": {
            "decodedBodySize": 1066486,
            "encodedBodySize": 136775,
            "transferSize": 138707
          },
          "documentTitle": "News, sport and opinion from the Guardian's global edition | The Guardian",
          "documentWidth": 360,
          "domElements": 3400,
          "navigationStartTime": 1617127969607,
          "nextHopProtocol": "h2",
          "resources": {
            "count": 0,
            "duration": 0
          },
          "responsive": true,
          "url": "https://www.theguardian.com/international",
          "visualElements": {
            "heroes": [
              {
                "filename": "6048.jpg?width=300&quality=85&auto=format&fit=max&s=22f91de7c2b3dcdcb5417625e0d526b5",
                "height": 204,
                "name": "LargestImage",
                "width": 340,
                "x": 10,
                "y": 224
              },
              {
                "filename": null,
                "height": 1,
                "name": "Heading",
                "width": 1,
                "x": -1,
                "y": 175
              }
            ],
            "viewport": {
              "height": 612,
              "width": 360
            }
          }
        },
        "timings": {
          "firstPaint": 1147,
          "loadEventEnd": 8404,
          "navigationTiming": {
            "connectStart": 298,
            "domComplete": 8389,
            "domContentLoadedEventEnd": 1358,
            "domContentLoadedEventStart": 1347,
            "domInteractive": 1082,
            "domainLookupEnd": 297,
            "domainLookupStart": 297,
            "duration": 8404,
            "fetchStart": 2,
            "loadEventEnd": 8404,
            "loadEventStart": 8389,
            "redirectEnd": 0,
            "redirectStart": 0,
            "requestStart": 405,
            "responseEnd": 418,
            "responseStart": 418,
            "secureConnectionStart": 310,
            "startTime": 0,
            "unloadEventEnd": 0,
            "unloadEventStart": 0,
            "workerStart": 0
          },
          "pageTimings": {
            "backEndTime": 418,
            "domContentLoadedTime": 1347,
            "domInteractiveTime": 1082,
            "domainLookupTime": 0,
            "frontEndTime": 7972,
            "pageDownloadTime": 0,
            "pageLoadTime": 8389,
            "redirectionTime": 0,
            "serverConnectionTime": 105,
            "serverResponseTime": 13
          },
          "rumSpeedIndex": 417,
          "timeToContentfulPaint": 1369,
          "timeToDomContentFlushed": 1090,
          "userTimings": {
            "marks": [
              {
                "name": "standard boot",
                "startTime": 2522.02
              },
              {
                "name": "standard start",
                "startTime": 2522.36
              },
              {
                "name": "standard end",
                "startTime": 2541.12
              },
              {
                "name": "cmp-tcfv2-init",
                "startTime": 3323.02
              },
              {
                "name": "commercial request",
                "startTime": 3336.16
              },
              {
                "name": "enhanced request",
                "startTime": 3344.8
              },
              {
                "name": "commercial boot",
                "startTime": 3794.68
              },
              {
                "name": "gu.commercial.commercialStart",
                "startTime": 3795.26
              },
              {
                "name": "enhanced boot",
                "startTime": 3837.74
              },
              {
                "name": "App Begin",
                "startTime": 3837.86
              },
              {
                "name": "braze-banner-start",
                "startTime": 3920.66
              },
              {
                "name": "App End",
                "startTime": 3935.68
              },
              {
                "name": "gu.commercial.commercialEnd",
                "startTime": 4490.92
              },
              {
                "name": "cmp-tcfv2-ui-displayed",
                "startTime": 8957.5
              }
            ],
            "measures": []
          }
        }
      },
      {
        "browser": {
          "appConstants": {
            "ACCESSIBILITY": true,
            "ANDROID_PACKAGE_NAME": "org.mozilla.firefox",
            "ASAN": false,
            "ASAN_REPORTER": false,
            "BROWSER_CHROME_URL": "chrome://browser/content/browser.xul",
            "DEBUG": false,
            "DEBUG_JS_MODULES": "",
            "DLL_PREFIX": "lib",
            "DLL_SUFFIX": ".so",
            "EARLY_BETA_OR_EARLIER": false,
            "FENNEC_NIGHTLY": false,
            "HAVE_SHELL_SERVICE": false,
            "HAVE_USR_LIB64_DIR": false,
            "MENUBAR_CAN_AUTOHIDE": false,
            "MOZILLA_OFFICIAL": true,
            "MOZ_ALLOW_LEGACY_EXTENSIONS": false,
            "MOZ_ANDROID_ACTIVITY_STREAM": false,
            "MOZ_ANDROID_HISTORY": true,
            "MOZ_ANDROID_MOZILLA_ONLINE": false,
            "MOZ_APP_NAME": "fennec",
            "MOZ_APP_VERSION": "68.1.1",
            "MOZ_APP_VERSION_DISPLAY": "68.1.1",
            "MOZ_BING_API_CLIENTID": "no-bing-api-clientid",
            "MOZ_BING_API_KEY": "no-bing-api-key",
            "MOZ_BITS_DOWNLOAD": false,
            "MOZ_BUILD_APP": "mobile/android",
            "MOZ_CODE_COVERAGE": false,
            "MOZ_CRASHREPORTER": true,
            "MOZ_DATA_REPORTING": true,
            "MOZ_DEV_EDITION": false,
            "MOZ_GECKO_PROFILER": true,
            "MOZ_GOOGLE_LOCATION_SERVICE_API_KEY": "AIzaSyB2h2OuRcUgy5N-5hsZqiPW6sH3n_rptiQ",
            "MOZ_GOOGLE_SAFEBROWSING_API_KEY": "AIzaSyC7jsptDS3am4tPx4r3nxis7IMjBc5Dovo",
            "MOZ_GRAPHENE": false,
            "MOZ_MACBUNDLE_NAME": "Firefox.app",
            "MOZ_MAINTENANCE_SERVICE": false,
            "MOZ_MOZILLA_API_KEY": "3b4d27dd-703d-4094-8398-4de2c763505a",
            "MOZ_NEW_CERT_STORAGE": false,
            "MOZ_NEW_NOTIFICATION_STORE": false,
            "MOZ_NEW_XULSTORE": false,
            "MOZ_OFFICIAL_BRANDING": false,
            "MOZ_PLACES": false,
            "MOZ_REQUIRE_SIGNING": false,
            "MOZ_SANDBOX": false,
            "MOZ_SERVICES_HEALTHREPORT": true,
            "MOZ_SERVICES_SYNC": false,
            "MOZ_SWITCHBOARD": true,
            "MOZ_SYSTEM_NSS": false,
            "MOZ_TELEMETRY_ON_BY_DEFAULT": false,
            "MOZ_TELEMETRY_REPORTING": true,
            "MOZ_UNSIGNED_SCOPES": 0,
            "MOZ_UPDATER": false,
            "MOZ_UPDATE_CHANNEL": "release",
            "MOZ_WEBRTC": true,
            "MOZ_WIDGET_GTK": false,
            "MOZ_WIDGET_TOOLKIT": "android",
            "NIGHTLY_BUILD": false,
            "OMNIJAR_NAME": "assets/omni.ja",
            "RELEASE_OR_BETA": true,
            "SOURCE_REVISION_URL": "https://hg.mozilla.org/releases/mozilla-esr68/rev/d2e0b9e17b9bc1ef02606c8006b73293f7892ad5",
            "TELEMETRY_PING_FORMAT_VERSION": 4,
            "XP_UNIX": true,
            "isPlatformAndVersionAtLeast": {},
            "isPlatformAndVersionAtMost": {},
            "platform": "android"
          },
          "asyncAppConstants": {
            "ACCESSIBILITY": true,
            "ANDROID_PACKAGE_NAME": "org.mozilla.firefox",
            "ASAN": false,
            "ASAN_REPORTER": false,
            "BROWSER_CHROME_URL": "chrome://browser/content/browser.xul",
            "DEBUG": false,
            "DEBUG_JS_MODULES": "",
            "DLL_PREFIX": "lib",
            "DLL_SUFFIX": ".so",
            "EARLY_BETA_OR_EARLIER": false,
            "FENNEC_NIGHTLY": false,
            "HAVE_SHELL_SERVICE": false,
            "HAVE_USR_LIB64_DIR": false,
            "MENUBAR_CAN_AUTOHIDE": false,
            "MOZILLA_OFFICIAL": true,
            "MOZ_ALLOW_LEGACY_EXTENSIONS": false,
            "MOZ_ANDROID_ACTIVITY_STREAM": false,
            "MOZ_ANDROID_HISTORY": true,
            "MOZ_ANDROID_MOZILLA_ONLINE": false,
            "MOZ_APP_NAME": "fennec",
            "MOZ_APP_VERSION": "68.1.1",
            "MOZ_APP_VERSION_DISPLAY": "68.1.1",
            "MOZ_BING_API_CLIENTID": "no-bing-api-clientid",
            "MOZ_BING_API_KEY": "no-bing-api-key",
            "MOZ_BITS_DOWNLOAD": false,
            "MOZ_BUILD_APP": "mobile/android",
            "MOZ_CODE_COVERAGE": false,
            "MOZ_CRASHREPORTER": true,
            "MOZ_DATA_REPORTING": true,
            "MOZ_DEV_EDITION": false,
            "MOZ_GECKO_PROFILER": true,
            "MOZ_GOOGLE_LOCATION_SERVICE_API_KEY": "AIzaSyB2h2OuRcUgy5N-5hsZqiPW6sH3n_rptiQ",
            "MOZ_GOOGLE_SAFEBROWSING_API_KEY": "AIzaSyC7jsptDS3am4tPx4r3nxis7IMjBc5Dovo",
            "MOZ_GRAPHENE": false,
            "MOZ_MACBUNDLE_NAME": "Firefox.app",
            "MOZ_MAINTENANCE_SERVICE": false,
            "MOZ_MOZILLA_API_KEY": "3b4d27dd-703d-4094-8398-4de2c763505a",
            "MOZ_NEW_CERT_STORAGE": false,
            "MOZ_NEW_NOTIFICATION_STORE": false,
            "MOZ_NEW_XULSTORE": false,
            "MOZ_OFFICIAL_BRANDING": false,
            "MOZ_PLACES": false,
            "MOZ_REQUIRE_SIGNING": false,
            "MOZ_SANDBOX": false,
            "MOZ_SERVICES_HEALTHREPORT": true,
            "MOZ_SERVICES_SYNC": false,
            "MOZ_SWITCHBOARD": true,
            "MOZ_SYSTEM_NSS": false,
            "MOZ_TELEMETRY_ON_BY_DEFAULT": false,
            "MOZ_TELEMETRY_REPORTING": true,
            "MOZ_UNSIGNED_SCOPES": 0,
            "MOZ_UPDATER": false,
            "MOZ_UPDATE_CHANNEL": "release",
            "MOZ_WEBRTC": true,
            "MOZ_WIDGET_GTK": false,
            "MOZ_WIDGET_TOOLKIT": "android",
            "NIGHTLY_BUILD": false,
            "OMNIJAR_NAME": "assets/omni.ja",
            "RELEASE_OR_BETA": true,
            "SOURCE_REVISION_URL": "https://hg.mozilla.org/releases/mozilla-esr68/rev/d2e0b9e17b9bc1ef02606c8006b73293f7892ad5",
            "TELEMETRY_PING_FORMAT_VERSION": 4,
            "XP_UNIX": true,
            "isPlatformAndVersionAtLeast": {},
            "isPlatformAndVersionAtMost": {},
            "platform": "android"
          },
          "userAgent": "Mozilla/5.0 (Android 9; Mobile; rv:68.0) Gecko/68.0 Firefox/68.0",
          "windowSize": "360x612"
        },
        "pageinfo": {
          "documentHeight": 13121,
          "documentSize": {
            "decodedBodySize": 1066486,
            "encodedBodySize": 136775,
            "transferSize": 138707
          },
          "documentTitle": "News, sport and opinion from the Guardian's global edition | The Guardian",
          "documentWidth": 360,
          "domElements": 3400,
          "navigationStartTime": 1617127991244,
          "nextHopProtocol": "h2",
          "resources": {
            "count": 0,
            "duration": 0
          },
          "responsive": true,
          "url": "https://www.theguardian.com/international",
          "visualElements": {
            "heroes": [
              {
                "filename": "6048.jpg?width=300&quality=85&auto=format&fit=max&s=22f91de7c2b3dcdcb5417625e0d526b5",
                "height": 204,
                "name": "LargestImage",
                "width": 340,
                "x": 10,
                "y": 224
              },
              {
                "filename": null,
                "height": 1,
                "name": "Heading",
                "width": 1,
                "x": -1,
                "y": 175
              }
            ],
            "viewport": {
              "height": 612,
              "width": 360
            }
          }
        },
        "timings": {
          "firstPaint": 963,
          "loadEventEnd": 4066,
          "navigationTiming": {
            "connectStart": 108,
            "domComplete": 4053,
            "domContentLoadedEventEnd": 1166,
            "domContentLoadedEventStart": 1154,
            "domInteractive": 890,
            "domainLookupEnd": 108,
            "domainLookupStart": 108,
            "duration": 4066,
            "fetchStart": 2,
            "loadEventEnd": 4066,
            "loadEventStart": 4053,
            "redirectEnd": 0,
            "redirectStart": 0,
            "requestStart": 191,
            "responseEnd": 205,
            "responseStart": 205,
            "secureConnectionStart": 121,
            "startTime": 0,
            "unloadEventEnd": 0,
            "unloadEventStart": 0,
            "workerStart": 0
          },
          "pageTimings": {
            "backEndTime": 205,
            "domContentLoadedTime": 1154,
            "domInteractiveTime": 890,
            "domainLookupTime": 0,
            "frontEndTime": 3848,
            "pageDownloadTime": 0,
            "pageLoadTime": 4053,
            "redirectionTime": 0,
            "serverConnectionTime": 82,
            "serverResponseTime": 14
          },
          "rumSpeedIndex": 205,
          "timeToContentfulPaint": 1176,
          "timeToDomContentFlushed": 906,
          "userTimings": {
            "marks": [
              {
                "name": "standard boot",
                "startTime": 2337.32
              },
              {
                "name": "standard start",
                "startTime": 2337.66
              },
              {
                "name": "standard end",
                "startTime": 2357.6
              },
              {
                "name": "cmp-tcfv2-init",
                "startTime": 2822.2000000000003
              },
              {
                "name": "commercial request",
                "startTime": 2828.14
              },
              {
                "name": "enhanced request",
                "startTime": 2834.12
              },
              {
                "name": "commercial boot",
                "startTime": 3184.8
              },
              {
                "name": "gu.commercial.commercialStart",
                "startTime": 3185.56
              },
              {
                "name": "enhanced boot",
                "startTime": 3228.78
              },
              {
                "name": "App Begin",
                "startTime": 3228.92
              },
              {
                "name": "braze-banner-start",
                "startTime": 3311.04
              },
              {
                "name": "App End",
                "startTime": 3325.62
              },
              {
                "name": "gu.commercial.commercialEnd",
                "startTime": 3757.82
              },
              {
                "name": "cmp-tcfv2-ui-displayed",
                "startTime": 7873.5
              }
            ],
            "measures": []
          }
        }
      },
      {
        "browser": {
          "appConstants": {
            "ACCESSIBILITY": true,
            "ANDROID_PACKAGE_NAME": "org.mozilla.firefox",
            "ASAN": false,
            "ASAN_REPORTER": false,
            "BROWSER_CHROME_URL": "chrome://browser/content/browser.xul",
            "DEBUG": false,
            "DEBUG_JS_MODULES": "",
            "DLL_PREFIX": "lib",
            "DLL_SUFFIX": ".so",
            "EARLY_BETA_OR_EARLIER": false,
            "FENNEC_NIGHTLY": false,
            "HAVE_SHELL_SERVICE": false,
            "HAVE_USR_LIB64_DIR": false,
            "MENUBAR_CAN_AUTOHIDE": false,
            "MOZILLA_OFFICIAL": true,
            "MOZ_ALLOW_LEGACY_EXTENSIONS": false,
            "MOZ_ANDROID_ACTIVITY_STREAM": false,
            "MOZ_ANDROID_HISTORY": true,
            "MOZ_ANDROID_MOZILLA_ONLINE": false,
            "MOZ_APP_NAME": "fennec",
            "MOZ_APP_VERSION": "68.1.1",
            "MOZ_APP_VERSION_DISPLAY": "68.1.1",
            "MOZ_BING_API_CLIENTID": "no-bing-api-clientid",
            "MOZ_BING_API_KEY": "no-bing-api-key",
            "MOZ_BITS_DOWNLOAD": false,
            "MOZ_BUILD_APP": "mobile/android",
            "MOZ_CODE_COVERAGE": false,
            "MOZ_CRASHREPORTER": true,
            "MOZ_DATA_REPORTING": true,
            "MOZ_DEV_EDITION": false,
            "MOZ_GECKO_PROFILER": true,
            "MOZ_GOOGLE_LOCATION_SERVICE_API_KEY": "AIzaSyB2h2OuRcUgy5N-5hsZqiPW6sH3n_rptiQ",
            "MOZ_GOOGLE_SAFEBROWSING_API_KEY": "AIzaSyC7jsptDS3am4tPx4r3nxis7IMjBc5Dovo",
            "MOZ_GRAPHENE": false,
            "MOZ_MACBUNDLE_NAME": "Firefox.app",
            "MOZ_MAINTENANCE_SERVICE": false,
            "MOZ_MOZILLA_API_KEY": "3b4d27dd-703d-4094-8398-4de2c763505a",
            "MOZ_NEW_CERT_STORAGE": false,
            "MOZ_NEW_NOTIFICATION_STORE": false,
            "MOZ_NEW_XULSTORE": false,
            "MOZ_OFFICIAL_BRANDING": false,
            "MOZ_PLACES": false,
            "MOZ_REQUIRE_SIGNING": false,
            "MOZ_SANDBOX": false,
            "MOZ_SERVICES_HEALTHREPORT": true,
            "MOZ_SERVICES_SYNC": false,
            "MOZ_SWITCHBOARD": true,
            "MOZ_SYSTEM_NSS": false,
            "MOZ_TELEMETRY_ON_BY_DEFAULT": false,
            "MOZ_TELEMETRY_REPORTING": true,
            "MOZ_UNSIGNED_SCOPES": 0,
            "MOZ_UPDATER": false,
            "MOZ_UPDATE_CHANNEL": "release",
            "MOZ_WEBRTC": true,
            "MOZ_WIDGET_GTK": false,
            "MOZ_WIDGET_TOOLKIT": "android",
            "NIGHTLY_BUILD": false,
            "OMNIJAR_NAME": "assets/omni.ja",
            "RELEASE_OR_BETA": true,
            "SOURCE_REVISION_URL": "https://hg.mozilla.org/releases/mozilla-esr68/rev/d2e0b9e17b9bc1ef02606c8006b73293f7892ad5",
            "TELEMETRY_PING_FORMAT_VERSION": 4,
            "XP_UNIX": true,
            "isPlatformAndVersionAtLeast": {},
            "isPlatformAndVersionAtMost": {},
            "platform": "android"
          },
          "asyncAppConstants": {
            "ACCESSIBILITY": true,
            "ANDROID_PACKAGE_NAME": "org.mozilla.firefox",
            "ASAN": false,
            "ASAN_REPORTER": false,
            "BROWSER_CHROME_URL": "chrome://browser/content/browser.xul",
            "DEBUG": false,
            "DEBUG_JS_MODULES": "",
            "DLL_PREFIX": "lib",
            "DLL_SUFFIX": ".so",
            "EARLY_BETA_OR_EARLIER": false,
            "FENNEC_NIGHTLY": false,
            "HAVE_SHELL_SERVICE": false,
            "HAVE_USR_LIB64_DIR": false,
            "MENUBAR_CAN_AUTOHIDE": false,
            "MOZILLA_OFFICIAL": true,
            "MOZ_ALLOW_LEGACY_EXTENSIONS": false,
            "MOZ_ANDROID_ACTIVITY_STREAM": false,
            "MOZ_ANDROID_HISTORY": true,
            "MOZ_ANDROID_MOZILLA_ONLINE": false,
            "MOZ_APP_NAME": "fennec",
            "MOZ_APP_VERSION": "68.1.1",
            "MOZ_APP_VERSION_DISPLAY": "68.1.1",
            "MOZ_BING_API_CLIENTID": "no-bing-api-clientid",
            "MOZ_BING_API_KEY": "no-bing-api-key",
            "MOZ_BITS_DOWNLOAD": false,
            "MOZ_BUILD_APP": "mobile/android",
            "MOZ_CODE_COVERAGE": false,
            "MOZ_CRASHREPORTER": true,
            "MOZ_DATA_REPORTING": true,
            "MOZ_DEV_EDITION": false,
            "MOZ_GECKO_PROFILER": true,
            "MOZ_GOOGLE_LOCATION_SERVICE_API_KEY": "AIzaSyB2h2OuRcUgy5N-5hsZqiPW6sH3n_rptiQ",
            "MOZ_GOOGLE_SAFEBROWSING_API_KEY": "AIzaSyC7jsptDS3am4tPx4r3nxis7IMjBc5Dovo",
            "MOZ_GRAPHENE": false,
            "MOZ_MACBUNDLE_NAME": "Firefox.app",
            "MOZ_MAINTENANCE_SERVICE": false,
            "MOZ_MOZILLA_API_KEY": "3b4d27dd-703d-4094-8398-4de2c763505a",
            "MOZ_NEW_CERT_STORAGE": false,
            "MOZ_NEW_NOTIFICATION_STORE": false,
            "MOZ_NEW_XULSTORE": false,
            "MOZ_OFFICIAL_BRANDING": false,
            "MOZ_PLACES": false,
            "MOZ_REQUIRE_SIGNING": false,
            "MOZ_SANDBOX": false,
            "MOZ_SERVICES_HEALTHREPORT": true,
            "MOZ_SERVICES_SYNC": false,
            "MOZ_SWITCHBOARD": true,
            "MOZ_SYSTEM_NSS": false,
            "MOZ_TELEMETRY_ON_BY_DEFAULT": false,
            "MOZ_TELEMETRY_REPORTING": true,
            "MOZ_UNSIGNED_SCOPES": 0,
            "MOZ_UPDATER": false,
            "MOZ_UPDATE_CHANNEL": "release",
            "MOZ_WEBRTC": true,
            "MOZ_WIDGET_GTK": false,
            "MOZ_WIDGET_TOOLKIT": "android",
            "NIGHTLY_BUILD": false,
            "OMNIJAR_NAME": "assets/omni.ja",
            "RELEASE_OR_BETA": true,
            "SOURCE_REVISION_URL": "https://hg.mozilla.org/releases/mozilla-esr68/rev/d2e0b9e17b9bc1ef02606c8006b73293f7892ad5",
            "TELEMETRY_PING_FORMAT_VERSION": 4,
            "XP_UNIX": true,
            "isPlatformAndVersionAtLeast": {},
            "isPlatformAndVersionAtMost": {},
            "platform": "android"
          },
          "userAgent": "Mozilla/5.0 (Android 9; Mobile; rv:68.0) Gecko/68.0 Firefox/68.0",
          "windowSize": "360x612"
        },
        "pageinfo": {
          "documentHeight": 13121,
          "documentSize": {
            "decodedBodySize": 1066486,
            "encodedBodySize": 136775,
            "transferSize": 138707
          },
          "documentTitle": "News, sport and opinion from the Guardian's global edition | The Guardian",
          "documentWidth": 360,
          "domElements": 3400,
          "navigationStartTime": 1617128008941,
          "nextHopProtocol": "h2",
          "resources": {
            "count": 0,
            "duration": 0
          },
          "responsive": true,
          "url": "https://www.theguardian.com/international",
          "visualElements": {
            "heroes": [
              {
                "filename": "6048.jpg?width=300&quality=85&auto=format&fit=max&s=22f91de7c2b3dcdcb5417625e0d526b5",
                "height": 204,
                "name": "LargestImage",
                "width": 340,
                "x": 10,
                "y": 224
              },
              {
                "filename": null,
                "height": 1,
                "name": "Heading",
                "width": 1,
                "x": -1,
                "y": 175
              }
            ],
            "viewport": {
              "height": 612,
              "width": 360
            }
          }
        },
        "timings": {
          "firstPaint": 1181,
          "loadEventEnd": 4617,
          "navigationTiming": {
            "connectStart": 294,
            "domComplete": 4605,
            "domContentLoadedEventEnd": 1381,
            "domContentLoadedEventStart": 1370,
            "domInteractive": 1147,
            "domainLookupEnd": 294,
            "domainLookupStart": 293,
            "duration": 4617,
            "fetchStart": 2,
            "loadEventEnd": 4617,
            "loadEventStart": 4605,
            "redirectEnd": 0,
            "redirectStart": 0,
            "requestStart": 380,
            "responseEnd": 392,
            "responseStart": 392,
            "secureConnectionStart": 305,
            "startTime": 0,
            "unloadEventEnd": 0,
            "unloadEventStart": 0,
            "workerStart": 0
          },
          "pageTimings": {
            "backEndTime": 392,
            "domContentLoadedTime": 1370,
            "domInteractiveTime": 1147,
            "domainLookupTime": 0,
            "frontEndTime": 4213,
            "pageDownloadTime": 0,
            "pageLoadTime": 4605,
            "redirectionTime": 0,
            "serverConnectionTime": 85,
            "serverResponseTime": 12
          },
          "rumSpeedIndex": 392,
          "timeToContentfulPaint": 1396,
          "timeToDomContentFlushed": 1158,
          "userTimings": {
            "marks": [
              {
                "name": "standard boot",
                "startTime": 1875.96
              },
              {
                "name": "standard start",
                "startTime": 1876.38
              },
              {
                "name": "standard end",
                "startTime": 1899.2
              },
              {
                "name": "cmp-tcfv2-init",
                "startTime": 2579.12
              },
              {
                "name": "commercial request",
                "startTime": 2587.14
              },
              {
                "name": "enhanced request",
                "startTime": 2592.88
              },
              {
                "name": "enhanced boot",
                "startTime": 3591.1
              },
              {
                "name": "App Begin",
                "startTime": 3591.36
              },
              {
                "name": "braze-banner-start",
                "startTime": 3690.2
              },
              {
                "name": "App End",
                "startTime": 3703.66
              },
              {
                "name": "commercial boot",
                "startTime": 3756.84
              },
              {
                "name": "gu.commercial.commercialStart",
                "startTime": 3757.56
              },
              {
                "name": "gu.commercial.commercialEnd",
                "startTime": 4257.38
              },
              {
                "name": "cmp-tcfv2-ui-displayed",
                "startTime": 8014.78
              }
            ],
            "measures": []
          }
        }
      }
    ],
    "visualMetrics": [],
    "cpu": [],
    "extras": [
      {},
      {},
      {}
    ],
    "fullyLoaded": [],
    "errors": [
      [],
      [],
      []
    ],
    "statistics": {
      "browser": {
        "appConstants": {
          "MOZ_UNSIGNED_SCOPES": {
            "median": 0,
            "mean": 0,
            "mdev": 0,
            "stddev": 0,
            "min": 0,
            "p10": 0,
            "p90": 0,
            "p99": 0,
            "max": 0
          },
          "TELEMETRY_PING_FORMAT_VERSION": {
            "median": 4,
            "mean": 4,
            "mdev": 0,
            "stddev": 0,
            "min": 4,
            "p10": 4,
            "p90": 4,
            "p99": 4,
            "max": 4
          }
        },
        "asyncAppConstants": {
          "MOZ_UNSIGNED_SCOPES": {
            "median": 0,
            "mean": 0,
            "mdev": 0,
            "stddev": 0,
            "min": 0,
            "p10": 0,
            "p90": 0,
            "p99": 0,
            "max": 0
          },
          "TELEMETRY_PING_FORMAT_VERSION": {
            "median": 4,
            "mean": 4,
            "mdev": 0,
            "stddev": 0,
            "min": 4,
            "p10": 4,
            "p90": 4,
            "p99": 4,
            "max": 4
          }
        }
      },
      "pageinfo": {
        "documentHeight": {
          "median": 13121,
          "mean": 13121,
          "mdev": 0,
          "stddev": 0,
          "min": 13121,
          "p10": 13121,
          "p90": 13121,
          "p99": 13121,
          "max": 13121
        },
        "documentSize": {
          "decodedBodySize": {
            "median": 1066486,
            "mean": 1066486,
            "mdev": 0,
            "stddev": 0,
            "min": 1066486,
            "p10": 1066486,
            "p90": 1066486,
            "p99": 1066486,
            "max": 1066486
          },
          "encodedBodySize": {
            "median": 136775,
            "mean": 136775,
            "mdev": 0,
            "stddev": 0,
            "min": 136775,
            "p10": 136775,
            "p90": 136775,
            "p99": 136775,
            "max": 136775
          },
          "transferSize": {
            "median": 138707,
            "mean": 138707,
            "mdev": 0,
            "stddev": 0,
            "min": 138707,
            "p10": 138707,
            "p90": 138707,
            "p99": 138707,
            "max": 138707
          }
        },
        "documentWidth": {
          "median": 360,
          "mean": 360,
          "mdev": 0,
          "stddev": 0,
          "min": 360,
          "p10": 360,
          "p90": 360,
          "p99": 360,
          "max": 360
        },
        "domElements": {
          "median": 3400,
          "mean": 3400,
          "mdev": 0,
          "stddev": 0,
          "min": 3400,
          "p10": 3400,
          "p90": 3400,
          "p99": 3400,
          "max": 3400
        },
        "navigationStartTime": {
          "median": 1617127991244,
          "mean": 1617127989931,
          "mdev": 0,
          "stddev": 0,
          "min": 1617127969607,
          "p10": 1617127969607,
          "p90": 1617128008941,
          "p99": 1617128008941,
          "max": 1617128008941
        },
        "resources": {
          "count": {
            "median": 0,
            "mean": 0,
            "mdev": 0,
            "stddev": 0,
            "min": 0,
            "p10": 0,
            "p90": 0,
            "p99": 0,
            "max": 0
          },
          "duration": {
            "median": 0,
            "mean": 0,
            "mdev": 0,
            "stddev": 0,
            "min": 0,
            "p10": 0,
            "p90": 0,
            "p99": 0,
            "max": 0
          }
        },
        "visualElements": {
          "heroes": [
            {
              "height": {
                "median": 204,
                "mean": 204,
                "mdev": 0,
                "stddev": 0,
                "min": 204,
                "p10": 204,
                "p90": 204,
                "p99": 204,
                "max": 204
              },
              "width": {
                "median": 340,
                "mean": 340,
                "mdev": 0,
                "stddev": 0,
                "min": 340,
                "p10": 340,
                "p90": 340,
                "p99": 340,
                "max": 340
              },
              "x": {
                "median": 10,
                "mean": 10,
                "mdev": 0,
                "stddev": 0,
                "min": 10,
                "p10": 10,
                "p90": 10,
                "p99": 10,
                "max": 10
              },
              "y": {
                "median": 224,
                "mean": 224,
                "mdev": 0,
                "stddev": 0,
                "min": 224,
                "p10": 224,
                "p90": 224,
                "p99": 224,
                "max": 224
              }
            },
            {
              "height": {
                "median": 1,
                "mean": 1,
                "mdev": 0,
                "stddev": 0,
                "min": 1,
                "p10": 1,
                "p90": 1,
                "p99": 1,
                "max": 1
              },
              "width": {
                "median": 1,
                "mean": 1,
                "mdev": 0,
                "stddev": 0,
                "min": 1,
                "p10": 1,
                "p90": 1,
                "p99": 1,
                "max": 1
              },
              "x": {
                "median": -1,
                "mean": -1,
                "mdev": 0,
                "stddev": 0,
                "min": -1,
                "p10": -1,
                "p90": -1,
                "p99": -1,
                "max": -1
              },
              "y": {
                "median": 175,
                "mean": 175,
                "mdev": 0,
                "stddev": 0,
                "min": 175,
                "p10": 175,
                "p90": 175,
                "p99": 175,
                "max": 175
              }
            }
          ],
          "viewport": {
            "height": {
              "median": 612,
              "mean": 612,
              "mdev": 0,
              "stddev": 0,
              "min": 612,
              "p10": 612,
              "p90": 612,
              "p99": 612,
              "max": 612
            },
            "width": {
              "median": 360,
              "mean": 360,
              "mdev": 0,
              "stddev": 0,
              "min": 360,
              "p10": 360,
              "p90": 360,
              "p99": 360,
              "max": 360
            }
          }
        }
      },
      "timings": {
        "firstPaint": {
          "median": 1147,
          "mean": 1097,
          "mdev": 55.2891,
          "stddev": 96,
          "min": 963,
          "p10": 963,
          "p90": 1181,
          "p99": 1181,
          "max": 1181
        },
        "loadEventEnd": {
          "median": 4617,
          "mean": 5696,
          "mdev": 1113.2737,
          "stddev": 1928,
          "min": 4066,
          "p10": 4066,
          "p90": 8404,
          "p99": 8404,
          "max": 8404
        },
        "navigationTiming": {
          "connectStart": {
            "median": 294,
            "mean": 233,
            "mdev": 51.1758,
            "stddev": 89,
            "min": 108,
            "p10": 108,
            "p90": 298,
            "p99": 298,
            "max": 298
          },
          "domComplete": {
            "median": 4605,
            "mean": 5682,
            "mdev": 1112.6255,
            "stddev": 1927,
            "min": 4053,
            "p10": 4053,
            "p90": 8389,
            "p99": 8389,
            "max": 8389
          },
          "domContentLoadedEventEnd": {
            "median": 1358,
            "mean": 1302,
            "mdev": 55.6504,
            "stddev": 96,
            "min": 1166,
            "p10": 1166,
            "p90": 1381,
            "p99": 1381,
            "max": 1381
          },
          "domContentLoadedEventStart": {
            "median": 1347,
            "mean": 1290,
            "mdev": 55.9212,
            "stddev": 97,
            "min": 1154,
            "p10": 1154,
            "p90": 1370,
            "p99": 1370,
            "max": 1370
          },
          "domInteractive": {
            "median": 1082,
            "mean": 1040,
            "mdev": 62.9927,
            "stddev": 109,
            "min": 890,
            "p10": 890,
            "p90": 1147,
            "p99": 1147,
            "max": 1147
          },
          "domainLookupEnd": {
            "median": 294,
            "mean": 233,
            "mdev": 51.0359,
            "stddev": 88,
            "min": 108,
            "p10": 108,
            "p90": 297,
            "p99": 297,
            "max": 297
          },
          "domainLookupStart": {
            "median": 293,
            "mean": 233,
            "mdev": 50.9037,
            "stddev": 88,
            "min": 108,
            "p10": 108,
            "p90": 297,
            "p99": 297,
            "max": 297
          },
          "duration": {
            "median": 4617,
            "mean": 5696,
            "mdev": 1113.2737,
            "stddev": 1928,
            "min": 4066,
            "p10": 4066,
            "p90": 8404,
            "p99": 8404,
            "max": 8404
          },
          "fetchStart": {
            "median": 2,
            "mean": 2,
            "mdev": 0,
            "stddev": 0,
            "min": 2,
            "p10": 2,
            "p90": 2,
            "p99": 2,
            "max": 2
          },
          "loadEventEnd": {
            "median": 4617,
            "mean": 5696,
            "mdev": 1113.2737,
            "stddev": 1928,
            "min": 4066,
            "p10": 4066,
            "p90": 8404,
            "p99": 8404,
            "max": 8404
          },
          "loadEventStart": {
            "median": 4605,
            "mean": 5682,
            "mdev": 1112.6255,
            "stddev": 1927,
            "min": 4053,
            "p10": 4053,
            "p90": 8389,
            "p99": 8389,
            "max": 8389
          },
          "redirectEnd": {
            "median": 0,
            "mean": 0,
            "mdev": 0,
            "stddev": 0,
            "min": 0,
            "p10": 0,
            "p90": 0,
            "p99": 0,
            "max": 0
          },
          "redirectStart": {
            "median": 0,
            "mean": 0,
            "mdev": 0,
            "stddev": 0,
            "min": 0,
            "p10": 0,
            "p90": 0,
            "p99": 0,
            "max": 0
          },
          "requestStart": {
            "median": 380,
            "mean": 325,
            "mdev": 55.157,
            "stddev": 96,
            "min": 191,
            "p10": 191,
            "p90": 405,
            "p99": 405,
            "max": 405
          },
          "responseEnd": {
            "median": 392,
            "mean": 338,
            "mdev": 54.777,
            "stddev": 95,
            "min": 205,
            "p10": 205,
            "p90": 418,
            "p99": 418,
            "max": 418
          },
          "responseStart": {
            "median": 392,
            "mean": 338,
            "mdev": 54.777,
            "stddev": 95,
            "min": 205,
            "p10": 205,
            "p90": 418,
            "p99": 418,
            "max": 418
          },
          "secureConnectionStart": {
            "median": 305,
            "mean": 245,
            "mdev": 50.7726,
            "stddev": 88,
            "min": 121,
            "p10": 121,
            "p90": 310,
            "p99": 310,
            "max": 310
          },
          "startTime": {
            "median": 0,
            "mean": 0,
            "mdev": 0,
            "stddev": 0,
            "min": 0,
            "p10": 0,
            "p90": 0,
            "p99": 0,
            "max": 0
          },
          "unloadEventEnd": {
            "median": 0,
            "mean": 0,
            "mdev": 0,
            "stddev": 0,
            "min": 0,
            "p10": 0,
            "p90": 0,
            "p99": 0,
            "max": 0
          },
          "unloadEventStart": {
            "median": 0,
            "mean": 0,
            "mdev": 0,
            "stddev": 0,
            "min": 0,
            "p10": 0,
            "p90": 0,
            "p99": 0,
            "max": 0
          },
          "workerStart": {
            "median": 0,
            "mean": 0,
            "mdev": 0,
            "stddev": 0,
            "min": 0,
            "p10": 0,
            "p90": 0,
            "p99": 0,
            "max": 0
          }
        },
        "pageTimings": {
          "backEndTime": {
            "median": 392,
            "mean": 338,
            "mdev": 54.777,
            "stddev": 95,
            "min": 205,
            "p10": 205,
            "p90": 418,
            "p99": 418,
            "max": 418
          },
          "domContentLoadedTime": {
            "median": 1347,
            "mean": 1290,
            "mdev": 55.9212,
            "stddev": 97,
            "min": 1154,
            "p10": 1154,
            "p90": 1370,
            "p99": 1370,
            "max": 1370
          },
          "domInteractiveTime": {
            "median": 1082,
            "mean": 1040,
            "mdev": 62.9927,
            "stddev": 109,
            "min": 890,
            "p10": 890,
            "p90": 1147,
            "p99": 1147,
            "max": 1147
          },
          "domainLookupTime": {
            "median": 0,
            "mean": 0,
            "mdev": 0,
            "stddev": 0,
            "min": 0,
            "p10": 0,
            "p90": 0,
            "p99": 0,
            "max": 0
          },
          "frontEndTime": {
            "median": 4213,
            "mean": 5344,
            "mdev": 1076.1847,
            "stddev": 1864,
            "min": 3848,
            "p10": 3848,
            "p90": 7972,
            "p99": 7972,
            "max": 7972
          },
          "pageDownloadTime": {
            "median": 0,
            "mean": 0,
            "mdev": 0,
            "stddev": 0,
            "min": 0,
            "p10": 0,
            "p90": 0,
            "p99": 0,
            "max": 0
          },
          "pageLoadTime": {
            "median": 4605,
            "mean": 5682,
            "mdev": 1112.6255,
            "stddev": 1927,
            "min": 4053,
            "p10": 4053,
            "p90": 8389,
            "p99": 8389,
            "max": 8389
          },
          "redirectionTime": {
            "median": 0,
            "mean": 0,
            "mdev": 0,
            "stddev": 0,
            "min": 0,
            "p10": 0,
            "p90": 0,
            "p99": 0,
            "max": 0
          },
          "serverConnectionTime": {
            "median": 85,
            "mean": 91,
            "mdev": 5.8941,
            "stddev": 10,
            "min": 82,
            "p10": 82,
            "p90": 105,
            "p99": 105,
            "max": 105
          },
          "serverResponseTime": {
            "median": 13,
            "mean": 13,
            "mdev": 0.4714,
            "stddev": 1,
            "min": 12,
            "p10": 12,
            "p90": 14,
            "p99": 14,
            "max": 14
          }
        },
        "rumSpeedIndex": {
          "median": 392,
          "mean": 338,
          "mdev": 54.6158,
          "stddev": 95,
          "min": 205,
          "p10": 205,
          "p90": 417,
          "p99": 417,
          "max": 417
        },
        "timeToContentfulPaint": {
          "median": 1369,
          "mean": 1314,
          "mdev": 56.5613,
          "stddev": 98,
          "min": 1176,
          "p10": 1176,
          "p90": 1396,
          "p99": 1396,
          "max": 1396
        },
        "timeToDomContentFlushed": {
          "median": 1090,
          "mean": 1051,
          "mdev": 61.4588,
          "stddev": 106,
          "min": 906,
          "p10": 906,
          "p90": 1158,
          "p99": 1158,
          "max": 1158
        },
        "userTimings": {
          "marks": {
            "standard boot": {
              "median": 2337,
              "mean": 2245,
              "mdev": 156.8628,
              "stddev": 272,
              "min": 1876,
              "p10": 1876,
              "p90": 2522,
              "p99": 2522,
              "max": 2522
            },
            "standard start": {
              "median": 2338,
              "mean": 2245,
              "mdev": 156.8419,
              "stddev": 272,
              "min": 1876,
              "p10": 1876,
              "p90": 2522,
              "p99": 2522,
              "max": 2522
            },
            "standard end": {
              "median": 2358,
              "mean": 2266,
              "mdev": 155.8574,
              "stddev": 270,
              "min": 1899,
              "p10": 1899,
              "p90": 2541,
              "p99": 2541,
              "max": 2541
            },
            "cmp-tcfv2-init": {
              "median": 2822,
              "mean": 2908,
              "mdev": 178.8125,
              "stddev": 310,
              "min": 2579,
              "p10": 2579,
              "p90": 3323,
              "p99": 3323,
              "max": 3323
            },
            "commercial request": {
              "median": 2828,
              "mean": 2917,
              "mdev": 180.2464,
              "stddev": 312,
              "min": 2587,
              "p10": 2587,
              "p90": 3336,
              "p99": 3336,
              "max": 3336
            },
            "enhanced request": {
              "median": 2834,
              "mean": 2924,
              "mdev": 180.9823,
              "stddev": 313,
              "min": 2593,
              "p10": 2593,
              "p90": 3345,
              "p99": 3345,
              "max": 3345
            },
            "commercial boot": {
              "median": 3757,
              "mean": 3579,
              "mdev": 161.086,
              "stddev": 279,
              "min": 3185,
              "p10": 3185,
              "p90": 3795,
              "p99": 3795,
              "max": 3795
            },
            "gu.commercial.commercialStart": {
              "median": 3758,
              "mean": 3579,
              "mdev": 161.0543,
              "stddev": 279,
              "min": 3186,
              "p10": 3186,
              "p90": 3795,
              "p99": 3795,
              "max": 3795
            },
            "enhanced boot": {
              "median": 3591,
              "mean": 3553,
              "mdev": 144.3939,
              "stddev": 250,
              "min": 3229,
              "p10": 3229,
              "p90": 3838,
              "p99": 3838,
              "max": 3838
            },
            "App Begin": {
              "median": 3591,
              "mean": 3553,
              "mdev": 144.3931,
              "stddev": 250,
              "min": 3229,
              "p10": 3229,
              "p90": 3838,
              "p99": 3838,
              "max": 3838
            },
            "braze-banner-start": {
              "median": 3690,
              "mean": 3641,
              "mdev": 145.1067,
              "stddev": 251,
              "min": 3311,
              "p10": 3311,
              "p90": 3921,
              "p99": 3921,
              "max": 3921
            },
            "App End": {
              "median": 3704,
              "mean": 3655,
              "mdev": 145.159,
              "stddev": 251,
              "min": 3326,
              "p10": 3326,
              "p90": 3936,
              "p99": 3936,
              "max": 3936
            },
            "gu.commercial.commercialEnd": {
              "median": 4257,
              "mean": 4169,
              "mdev": 176.5447,
              "stddev": 306,
              "min": 3758,
              "p10": 3758,
              "p90": 4491,
              "p99": 4491,
              "max": 4491
            },
            "cmp-tcfv2-ui-displayed": {
              "median": 8015,
              "mean": 8282,
              "mdev": 277.8047,
              "stddev": 481,
              "min": 7874,
              "p10": 7874,
              "p90": 8958,
              "p99": 8958,
              "max": 8958
            }
          }
        }
      }
    }
  }
]