[
  {
    "info": {
      "browsertime": {
        "version": "8.4.0"
      },
      "url": "https://www.tribunnews.com/",
      "timestamp": "2021-03-30T18:05:44+04:00",
      "connectivity": {
        "engine": "external",
        "profile": "native"
      },
      "extra": {}
    },
    "files": {
      "video": [],
      "screenshot": [],
      "timeline": [],
      "consoleLog": [],
      "netLog": [],
      "perfLog": []
    },
    "cdp": {
      "performance": []
    },
    "timestamps": [
      "2021-03-30T18:05:28+04:00",
      "2021-03-30T18:05:50+04:00",
      "2021-03-30T18:06:10+04:00"
    ],
    "browserScripts": [
      {
        "browser": {
          "appConstants": {
            "ACCESSIBILITY": true,
            "ANDROID_PACKAGE_NAME": "org.mozilla.firefox",
            "ASAN": false,
            "ASAN_REPORTER": false,
            "BROWSER_CHROME_URL": "chrome://browser/content/browser.xul",
            "DEBUG": false,
            "DEBUG_JS_MODULES": "",
            "DLL_PREFIX": "lib",
            "DLL_SUFFIX": ".so",
            "EARLY_BETA_OR_EARLIER": false,
            "FENNEC_NIGHTLY": false,
            "HAVE_SHELL_SERVICE": false,
            "HAVE_USR_LIB64_DIR": false,
            "MENUBAR_CAN_AUTOHIDE": false,
            "MOZILLA_OFFICIAL": true,
            "MOZ_ALLOW_LEGACY_EXTENSIONS": false,
            "MOZ_ANDROID_ACTIVITY_STREAM": false,
            "MOZ_ANDROID_HISTORY": true,
            "MOZ_ANDROID_MOZILLA_ONLINE": false,
            "MOZ_APP_NAME": "fennec",
            "MOZ_APP_VERSION": "68.1.1",
            "MOZ_APP_VERSION_DISPLAY": "68.1.1",
            "MOZ_BING_API_CLIENTID": "no-bing-api-clientid",
            "MOZ_BING_API_KEY": "no-bing-api-key",
            "MOZ_BITS_DOWNLOAD": false,
            "MOZ_BUILD_APP": "mobile/android",
            "MOZ_CODE_COVERAGE": false,
            "MOZ_CRASHREPORTER": true,
            "MOZ_DATA_REPORTING": true,
            "MOZ_DEV_EDITION": false,
            "MOZ_GECKO_PROFILER": true,
            "MOZ_GOOGLE_LOCATION_SERVICE_API_KEY": "AIzaSyB2h2OuRcUgy5N-5hsZqiPW6sH3n_rptiQ",
            "MOZ_GOOGLE_SAFEBROWSING_API_KEY": "AIzaSyC7jsptDS3am4tPx4r3nxis7IMjBc5Dovo",
            "MOZ_GRAPHENE": false,
            "MOZ_MACBUNDLE_NAME": "Firefox.app",
            "MOZ_MAINTENANCE_SERVICE": false,
            "MOZ_MOZILLA_API_KEY": "3b4d27dd-703d-4094-8398-4de2c763505a",
            "MOZ_NEW_CERT_STORAGE": false,
            "MOZ_NEW_NOTIFICATION_STORE": false,
            "MOZ_NEW_XULSTORE": false,
            "MOZ_OFFICIAL_BRANDING": false,
            "MOZ_PLACES": false,
            "MOZ_REQUIRE_SIGNING": false,
            "MOZ_SANDBOX": false,
            "MOZ_SERVICES_HEALTHREPORT": true,
            "MOZ_SERVICES_SYNC": false,
            "MOZ_SWITCHBOARD": true,
            "MOZ_SYSTEM_NSS": false,
            "MOZ_TELEMETRY_ON_BY_DEFAULT": false,
            "MOZ_TELEMETRY_REPORTING": true,
            "MOZ_UNSIGNED_SCOPES": 0,
            "MOZ_UPDATER": false,
            "MOZ_UPDATE_CHANNEL": "release",
            "MOZ_WEBRTC": true,
            "MOZ_WIDGET_GTK": false,
            "MOZ_WIDGET_TOOLKIT": "android",
            "NIGHTLY_BUILD": false,
            "OMNIJAR_NAME": "assets/omni.ja",
            "RELEASE_OR_BETA": true,
            "SOURCE_REVISION_URL": "https://hg.mozilla.org/releases/mozilla-esr68/rev/d2e0b9e17b9bc1ef02606c8006b73293f7892ad5",
            "TELEMETRY_PING_FORMAT_VERSION": 4,
            "XP_UNIX": true,
            "isPlatformAndVersionAtLeast": {},
            "isPlatformAndVersionAtMost": {},
            "platform": "android"
          },
          "asyncAppConstants": {
            "ACCESSIBILITY": true,
            "ANDROID_PACKAGE_NAME": "org.mozilla.firefox",
            "ASAN": false,
            "ASAN_REPORTER": false,
            "BROWSER_CHROME_URL": "chrome://browser/content/browser.xul",
            "DEBUG": false,
            "DEBUG_JS_MODULES": "",
            "DLL_PREFIX": "lib",
            "DLL_SUFFIX": ".so",
            "EARLY_BETA_OR_EARLIER": false,
            "FENNEC_NIGHTLY": false,
            "HAVE_SHELL_SERVICE": false,
            "HAVE_USR_LIB64_DIR": false,
            "MENUBAR_CAN_AUTOHIDE": false,
            "MOZILLA_OFFICIAL": true,
            "MOZ_ALLOW_LEGACY_EXTENSIONS": false,
            "MOZ_ANDROID_ACTIVITY_STREAM": false,
            "MOZ_ANDROID_HISTORY": true,
            "MOZ_ANDROID_MOZILLA_ONLINE": false,
            "MOZ_APP_NAME": "fennec",
            "MOZ_APP_VERSION": "68.1.1",
            "MOZ_APP_VERSION_DISPLAY": "68.1.1",
            "MOZ_BING_API_CLIENTID": "no-bing-api-clientid",
            "MOZ_BING_API_KEY": "no-bing-api-key",
            "MOZ_BITS_DOWNLOAD": false,
            "MOZ_BUILD_APP": "mobile/android",
            "MOZ_CODE_COVERAGE": false,
            "MOZ_CRASHREPORTER": true,
            "MOZ_DATA_REPORTING": true,
            "MOZ_DEV_EDITION": false,
            "MOZ_GECKO_PROFILER": true,
            "MOZ_GOOGLE_LOCATION_SERVICE_API_KEY": "AIzaSyB2h2OuRcUgy5N-5hsZqiPW6sH3n_rptiQ",
            "MOZ_GOOGLE_SAFEBROWSING_API_KEY": "AIzaSyC7jsptDS3am4tPx4r3nxis7IMjBc5Dovo",
            "MOZ_GRAPHENE": false,
            "MOZ_MACBUNDLE_NAME": "Firefox.app",
            "MOZ_MAINTENANCE_SERVICE": false,
            "MOZ_MOZILLA_API_KEY": "3b4d27dd-703d-4094-8398-4de2c763505a",
            "MOZ_NEW_CERT_STORAGE": false,
            "MOZ_NEW_NOTIFICATION_STORE": false,
            "MOZ_NEW_XULSTORE": false,
            "MOZ_OFFICIAL_BRANDING": false,
            "MOZ_PLACES": false,
            "MOZ_REQUIRE_SIGNING": false,
            "MOZ_SANDBOX": false,
            "MOZ_SERVICES_HEALTHREPORT": true,
            "MOZ_SERVICES_SYNC": false,
            "MOZ_SWITCHBOARD": true,
            "MOZ_SYSTEM_NSS": false,
            "MOZ_TELEMETRY_ON_BY_DEFAULT": false,
            "MOZ_TELEMETRY_REPORTING": true,
            "MOZ_UNSIGNED_SCOPES": 0,
            "MOZ_UPDATER": false,
            "MOZ_UPDATE_CHANNEL": "release",
            "MOZ_WEBRTC": true,
            "MOZ_WIDGET_GTK": false,
            "MOZ_WIDGET_TOOLKIT": "android",
            "NIGHTLY_BUILD": false,
            "OMNIJAR_NAME": "assets/omni.ja",
            "RELEASE_OR_BETA": true,
            "SOURCE_REVISION_URL": "https://hg.mozilla.org/releases/mozilla-esr68/rev/d2e0b9e17b9bc1ef02606c8006b73293f7892ad5",
            "TELEMETRY_PING_FORMAT_VERSION": 4,
            "XP_UNIX": true,
            "isPlatformAndVersionAtLeast": {},
            "isPlatformAndVersionAtMost": {},
            "platform": "android"
          },
          "userAgent": "Mozilla/5.0 (Android 9; Mobile; rv:68.0) Gecko/68.0 Firefox/68.0",
          "windowSize": "360x612"
        },
        "pageinfo": {
          "documentHeight": 9101,
          "documentSize": {
            "decodedBodySize": 132998,
            "encodedBodySize": 25792,
            "transferSize": 26855
          },
          "documentTitle": "Tribunnews.com Mobile",
          "documentWidth": 360,
          "domElements": 1117,
          "navigationStartTime": 1617113129336,
          "nextHopProtocol": "h2",
          "resources": {
            "count": 0,
            "duration": 0
          },
          "responsive": true,
          "url": "https://m.tribunnews.com/",
          "visualElements": {
            "heroes": [
              {
                "filename": "tribunnews.svg",
                "height": 40,
                "name": "LargestImage",
                "width": 164,
                "x": 8,
                "y": 507
              }
            ],
            "viewport": {
              "height": 612,
              "width": 360
            }
          }
        },
        "timings": {
          "firstPaint": 2587,
          "loadEventEnd": 5363,
          "navigationTiming": {
            "connectStart": 844,
            "domComplete": 5285,
            "domContentLoadedEventEnd": 2800,
            "domContentLoadedEventStart": 2758,
            "domInteractive": 2435,
            "domainLookupEnd": 843,
            "domainLookupStart": 843,
            "duration": 5363,
            "fetchStart": 802,
            "loadEventEnd": 5363,
            "loadEventStart": 5285,
            "redirectEnd": 790,
            "redirectStart": 2,
            "requestStart": 917,
            "responseEnd": 1305,
            "responseStart": 1305,
            "secureConnectionStart": 856,
            "startTime": 0,
            "unloadEventEnd": 0,
            "unloadEventStart": 0,
            "workerStart": 0
          },
          "pageTimings": {
            "backEndTime": 1305,
            "domContentLoadedTime": 2758,
            "domInteractiveTime": 2435,
            "domainLookupTime": 1,
            "frontEndTime": 3980,
            "pageDownloadTime": 0,
            "pageLoadTime": 5285,
            "redirectionTime": 787,
            "serverConnectionTime": 72,
            "serverResponseTime": 388
          },
          "rumSpeedIndex": 1304,
          "timeToContentfulPaint": 2768,
          "timeToDomContentFlushed": 2565,
          "userTimings": {
            "marks": [
              {
                "name": "gpt-tag-load",
                "startTime": 4257.32
              },
              {
                "name": "gpt-first-ad-request",
                "startTime": 5065.86
              },
              {
                "name": "gpt-first-ad-render",
                "startTime": 6662.46
              }
            ],
            "measures": []
          }
        }
      },
      {
        "browser": {
          "appConstants": {
            "ACCESSIBILITY": true,
            "ANDROID_PACKAGE_NAME": "org.mozilla.firefox",
            "ASAN": false,
            "ASAN_REPORTER": false,
            "BROWSER_CHROME_URL": "chrome://browser/content/browser.xul",
            "DEBUG": false,
            "DEBUG_JS_MODULES": "",
            "DLL_PREFIX": "lib",
            "DLL_SUFFIX": ".so",
            "EARLY_BETA_OR_EARLIER": false,
            "FENNEC_NIGHTLY": false,
            "HAVE_SHELL_SERVICE": false,
            "HAVE_USR_LIB64_DIR": false,
            "MENUBAR_CAN_AUTOHIDE": false,
            "MOZILLA_OFFICIAL": true,
            "MOZ_ALLOW_LEGACY_EXTENSIONS": false,
            "MOZ_ANDROID_ACTIVITY_STREAM": false,
            "MOZ_ANDROID_HISTORY": true,
            "MOZ_ANDROID_MOZILLA_ONLINE": false,
            "MOZ_APP_NAME": "fennec",
            "MOZ_APP_VERSION": "68.1.1",
            "MOZ_APP_VERSION_DISPLAY": "68.1.1",
            "MOZ_BING_API_CLIENTID": "no-bing-api-clientid",
            "MOZ_BING_API_KEY": "no-bing-api-key",
            "MOZ_BITS_DOWNLOAD": false,
            "MOZ_BUILD_APP": "mobile/android",
            "MOZ_CODE_COVERAGE": false,
            "MOZ_CRASHREPORTER": true,
            "MOZ_DATA_REPORTING": true,
            "MOZ_DEV_EDITION": false,
            "MOZ_GECKO_PROFILER": true,
            "MOZ_GOOGLE_LOCATION_SERVICE_API_KEY": "AIzaSyB2h2OuRcUgy5N-5hsZqiPW6sH3n_rptiQ",
            "MOZ_GOOGLE_SAFEBROWSING_API_KEY": "AIzaSyC7jsptDS3am4tPx4r3nxis7IMjBc5Dovo",
            "MOZ_GRAPHENE": false,
            "MOZ_MACBUNDLE_NAME": "Firefox.app",
            "MOZ_MAINTENANCE_SERVICE": false,
            "MOZ_MOZILLA_API_KEY": "3b4d27dd-703d-4094-8398-4de2c763505a",
            "MOZ_NEW_CERT_STORAGE": false,
            "MOZ_NEW_NOTIFICATION_STORE": false,
            "MOZ_NEW_XULSTORE": false,
            "MOZ_OFFICIAL_BRANDING": false,
            "MOZ_PLACES": false,
            "MOZ_REQUIRE_SIGNING": false,
            "MOZ_SANDBOX": false,
            "MOZ_SERVICES_HEALTHREPORT": true,
            "MOZ_SERVICES_SYNC": false,
            "MOZ_SWITCHBOARD": true,
            "MOZ_SYSTEM_NSS": false,
            "MOZ_TELEMETRY_ON_BY_DEFAULT": false,
            "MOZ_TELEMETRY_REPORTING": true,
            "MOZ_UNSIGNED_SCOPES": 0,
            "MOZ_UPDATER": false,
            "MOZ_UPDATE_CHANNEL": "release",
            "MOZ_WEBRTC": true,
            "MOZ_WIDGET_GTK": false,
            "MOZ_WIDGET_TOOLKIT": "android",
            "NIGHTLY_BUILD": false,
            "OMNIJAR_NAME": "assets/omni.ja",
            "RELEASE_OR_BETA": true,
            "SOURCE_REVISION_URL": "https://hg.mozilla.org/releases/mozilla-esr68/rev/d2e0b9e17b9bc1ef02606c8006b73293f7892ad5",
            "TELEMETRY_PING_FORMAT_VERSION": 4,
            "XP_UNIX": true,
            "isPlatformAndVersionAtLeast": {},
            "isPlatformAndVersionAtMost": {},
            "platform": "android"
          },
          "asyncAppConstants": {
            "ACCESSIBILITY": true,
            "ANDROID_PACKAGE_NAME": "org.mozilla.firefox",
            "ASAN": false,
            "ASAN_REPORTER": false,
            "BROWSER_CHROME_URL": "chrome://browser/content/browser.xul",
            "DEBUG": false,
            "DEBUG_JS_MODULES": "",
            "DLL_PREFIX": "lib",
            "DLL_SUFFIX": ".so",
            "EARLY_BETA_OR_EARLIER": false,
            "FENNEC_NIGHTLY": false,
            "HAVE_SHELL_SERVICE": false,
            "HAVE_USR_LIB64_DIR": false,
            "MENUBAR_CAN_AUTOHIDE": false,
            "MOZILLA_OFFICIAL": true,
            "MOZ_ALLOW_LEGACY_EXTENSIONS": false,
            "MOZ_ANDROID_ACTIVITY_STREAM": false,
            "MOZ_ANDROID_HISTORY": true,
            "MOZ_ANDROID_MOZILLA_ONLINE": false,
            "MOZ_APP_NAME": "fennec",
            "MOZ_APP_VERSION": "68.1.1",
            "MOZ_APP_VERSION_DISPLAY": "68.1.1",
            "MOZ_BING_API_CLIENTID": "no-bing-api-clientid",
            "MOZ_BING_API_KEY": "no-bing-api-key",
            "MOZ_BITS_DOWNLOAD": false,
            "MOZ_BUILD_APP": "mobile/android",
            "MOZ_CODE_COVERAGE": false,
            "MOZ_CRASHREPORTER": true,
            "MOZ_DATA_REPORTING": true,
            "MOZ_DEV_EDITION": false,
            "MOZ_GECKO_PROFILER": true,
            "MOZ_GOOGLE_LOCATION_SERVICE_API_KEY": "AIzaSyB2h2OuRcUgy5N-5hsZqiPW6sH3n_rptiQ",
            "MOZ_GOOGLE_SAFEBROWSING_API_KEY": "AIzaSyC7jsptDS3am4tPx4r3nxis7IMjBc5Dovo",
            "MOZ_GRAPHENE": false,
            "MOZ_MACBUNDLE_NAME": "Firefox.app",
            "MOZ_MAINTENANCE_SERVICE": false,
            "MOZ_MOZILLA_API_KEY": "3b4d27dd-703d-4094-8398-4de2c763505a",
            "MOZ_NEW_CERT_STORAGE": false,
            "MOZ_NEW_NOTIFICATION_STORE": false,
            "MOZ_NEW_XULSTORE": false,
            "MOZ_OFFICIAL_BRANDING": false,
            "MOZ_PLACES": false,
            "MOZ_REQUIRE_SIGNING": false,
            "MOZ_SANDBOX": false,
            "MOZ_SERVICES_HEALTHREPORT": true,
            "MOZ_SERVICES_SYNC": false,
            "MOZ_SWITCHBOARD": true,
            "MOZ_SYSTEM_NSS": false,
            "MOZ_TELEMETRY_ON_BY_DEFAULT": false,
            "MOZ_TELEMETRY_REPORTING": true,
            "MOZ_UNSIGNED_SCOPES": 0,
            "MOZ_UPDATER": false,
            "MOZ_UPDATE_CHANNEL": "release",
            "MOZ_WEBRTC": true,
            "MOZ_WIDGET_GTK": false,
            "MOZ_WIDGET_TOOLKIT": "android",
            "NIGHTLY_BUILD": false,
            "OMNIJAR_NAME": "assets/omni.ja",
            "RELEASE_OR_BETA": true,
            "SOURCE_REVISION_URL": "https://hg.mozilla.org/releases/mozilla-esr68/rev/d2e0b9e17b9bc1ef02606c8006b73293f7892ad5",
            "TELEMETRY_PING_FORMAT_VERSION": 4,
            "XP_UNIX": true,
            "isPlatformAndVersionAtLeast": {},
            "isPlatformAndVersionAtMost": {},
            "platform": "android"
          },
          "userAgent": "Mozilla/5.0 (Android 9; Mobile; rv:68.0) Gecko/68.0 Firefox/68.0",
          "windowSize": "360x612"
        },
        "pageinfo": {
          "documentHeight": 9101,
          "documentSize": {
            "decodedBodySize": 132998,
            "encodedBodySize": 25792,
            "transferSize": 26863
          },
          "documentTitle": "Tribunnews.com Mobile",
          "documentWidth": 360,
          "domElements": 1118,
          "navigationStartTime": 1617113151107,
          "nextHopProtocol": "h2",
          "resources": {
            "count": 0,
            "duration": 0
          },
          "responsive": true,
          "url": "https://m.tribunnews.com/",
          "visualElements": {
            "heroes": [
              {
                "filename": "tribunnews.svg",
                "height": 40,
                "name": "LargestImage",
                "width": 164,
                "x": 8,
                "y": 507
              }
            ],
            "viewport": {
              "height": 612,
              "width": 360
            }
          }
        },
        "timings": {
          "firstPaint": 1598,
          "loadEventEnd": 4363,
          "navigationTiming": {
            "connectStart": 229,
            "domComplete": 4296,
            "domContentLoadedEventEnd": 1804,
            "domContentLoadedEventStart": 1763,
            "domInteractive": 1414,
            "domainLookupEnd": 229,
            "domainLookupStart": 229,
            "duration": 4363,
            "fetchStart": 196,
            "loadEventEnd": 4363,
            "loadEventStart": 4296,
            "redirectEnd": 192,
            "redirectStart": 2,
            "requestStart": 295,
            "responseEnd": 339,
            "responseStart": 337,
            "secureConnectionStart": 239,
            "startTime": 0,
            "unloadEventEnd": 0,
            "unloadEventStart": 0,
            "workerStart": 0
          },
          "pageTimings": {
            "backEndTime": 337,
            "domContentLoadedTime": 1763,
            "domInteractiveTime": 1414,
            "domainLookupTime": 0,
            "frontEndTime": 3957,
            "pageDownloadTime": 2,
            "pageLoadTime": 4296,
            "redirectionTime": 189,
            "serverConnectionTime": 65,
            "serverResponseTime": 44
          },
          "rumSpeedIndex": 337,
          "timeToContentfulPaint": 1777,
          "timeToDomContentFlushed": 1565,
          "userTimings": {
            "marks": [
              {
                "name": "gpt-tag-load",
                "startTime": 3254.24
              },
              {
                "name": "gpt-first-ad-request",
                "startTime": 4130.3
              },
              {
                "name": "gpt-first-ad-render",
                "startTime": 5375.06
              }
            ],
            "measures": []
          }
        }
      },
      {
        "browser": {
          "appConstants": {
            "ACCESSIBILITY": true,
            "ANDROID_PACKAGE_NAME": "org.mozilla.firefox",
            "ASAN": false,
            "ASAN_REPORTER": false,
            "BROWSER_CHROME_URL": "chrome://browser/content/browser.xul",
            "DEBUG": false,
            "DEBUG_JS_MODULES": "",
            "DLL_PREFIX": "lib",
            "DLL_SUFFIX": ".so",
            "EARLY_BETA_OR_EARLIER": false,
            "FENNEC_NIGHTLY": false,
            "HAVE_SHELL_SERVICE": false,
            "HAVE_USR_LIB64_DIR": false,
            "MENUBAR_CAN_AUTOHIDE": false,
            "MOZILLA_OFFICIAL": true,
            "MOZ_ALLOW_LEGACY_EXTENSIONS": false,
            "MOZ_ANDROID_ACTIVITY_STREAM": false,
            "MOZ_ANDROID_HISTORY": true,
            "MOZ_ANDROID_MOZILLA_ONLINE": false,
            "MOZ_APP_NAME": "fennec",
            "MOZ_APP_VERSION": "68.1.1",
            "MOZ_APP_VERSION_DISPLAY": "68.1.1",
            "MOZ_BING_API_CLIENTID": "no-bing-api-clientid",
            "MOZ_BING_API_KEY": "no-bing-api-key",
            "MOZ_BITS_DOWNLOAD": false,
            "MOZ_BUILD_APP": "mobile/android",
            "MOZ_CODE_COVERAGE": false,
            "MOZ_CRASHREPORTER": true,
            "MOZ_DATA_REPORTING": true,
            "MOZ_DEV_EDITION": false,
            "MOZ_GECKO_PROFILER": true,
            "MOZ_GOOGLE_LOCATION_SERVICE_API_KEY": "AIzaSyB2h2OuRcUgy5N-5hsZqiPW6sH3n_rptiQ",
            "MOZ_GOOGLE_SAFEBROWSING_API_KEY": "AIzaSyC7jsptDS3am4tPx4r3nxis7IMjBc5Dovo",
            "MOZ_GRAPHENE": false,
            "MOZ_MACBUNDLE_NAME": "Firefox.app",
            "MOZ_MAINTENANCE_SERVICE": false,
            "MOZ_MOZILLA_API_KEY": "3b4d27dd-703d-4094-8398-4de2c763505a",
            "MOZ_NEW_CERT_STORAGE": false,
            "MOZ_NEW_NOTIFICATION_STORE": false,
            "MOZ_NEW_XULSTORE": false,
            "MOZ_OFFICIAL_BRANDING": false,
            "MOZ_PLACES": false,
            "MOZ_REQUIRE_SIGNING": false,
            "MOZ_SANDBOX": false,
            "MOZ_SERVICES_HEALTHREPORT": true,
            "MOZ_SERVICES_SYNC": false,
            "MOZ_SWITCHBOARD": true,
            "MOZ_SYSTEM_NSS": false,
            "MOZ_TELEMETRY_ON_BY_DEFAULT": false,
            "MOZ_TELEMETRY_REPORTING": true,
            "MOZ_UNSIGNED_SCOPES": 0,
            "MOZ_UPDATER": false,
            "MOZ_UPDATE_CHANNEL": "release",
            "MOZ_WEBRTC": true,
            "MOZ_WIDGET_GTK": false,
            "MOZ_WIDGET_TOOLKIT": "android",
            "NIGHTLY_BUILD": false,
            "OMNIJAR_NAME": "assets/omni.ja",
            "RELEASE_OR_BETA": true,
            "SOURCE_REVISION_URL": "https://hg.mozilla.org/releases/mozilla-esr68/rev/d2e0b9e17b9bc1ef02606c8006b73293f7892ad5",
            "TELEMETRY_PING_FORMAT_VERSION": 4,
            "XP_UNIX": true,
            "isPlatformAndVersionAtLeast": {},
            "isPlatformAndVersionAtMost": {},
            "platform": "android"
          },
          "asyncAppConstants": {
            "ACCESSIBILITY": true,
            "ANDROID_PACKAGE_NAME": "org.mozilla.firefox",
            "ASAN": false,
            "ASAN_REPORTER": false,
            "BROWSER_CHROME_URL": "chrome://browser/content/browser.xul",
            "DEBUG": false,
            "DEBUG_JS_MODULES": "",
            "DLL_PREFIX": "lib",
            "DLL_SUFFIX": ".so",
            "EARLY_BETA_OR_EARLIER": false,
            "FENNEC_NIGHTLY": false,
            "HAVE_SHELL_SERVICE": false,
            "HAVE_USR_LIB64_DIR": false,
            "MENUBAR_CAN_AUTOHIDE": false,
            "MOZILLA_OFFICIAL": true,
            "MOZ_ALLOW_LEGACY_EXTENSIONS": false,
            "MOZ_ANDROID_ACTIVITY_STREAM": false,
            "MOZ_ANDROID_HISTORY": true,
            "MOZ_ANDROID_MOZILLA_ONLINE": false,
            "MOZ_APP_NAME": "fennec",
            "MOZ_APP_VERSION": "68.1.1",
            "MOZ_APP_VERSION_DISPLAY": "68.1.1",
            "MOZ_BING_API_CLIENTID": "no-bing-api-clientid",
            "MOZ_BING_API_KEY": "no-bing-api-key",
            "MOZ_BITS_DOWNLOAD": false,
            "MOZ_BUILD_APP": "mobile/android",
            "MOZ_CODE_COVERAGE": false,
            "MOZ_CRASHREPORTER": true,
            "MOZ_DATA_REPORTING": true,
            "MOZ_DEV_EDITION": false,
            "MOZ_GECKO_PROFILER": true,
            "MOZ_GOOGLE_LOCATION_SERVICE_API_KEY": "AIzaSyB2h2OuRcUgy5N-5hsZqiPW6sH3n_rptiQ",
            "MOZ_GOOGLE_SAFEBROWSING_API_KEY": "AIzaSyC7jsptDS3am4tPx4r3nxis7IMjBc5Dovo",
            "MOZ_GRAPHENE": false,
            "MOZ_MACBUNDLE_NAME": "Firefox.app",
            "MOZ_MAINTENANCE_SERVICE": false,
            "MOZ_MOZILLA_API_KEY": "3b4d27dd-703d-4094-8398-4de2c763505a",
            "MOZ_NEW_CERT_STORAGE": false,
            "MOZ_NEW_NOTIFICATION_STORE": false,
            "MOZ_NEW_XULSTORE": false,
            "MOZ_OFFICIAL_BRANDING": false,
            "MOZ_PLACES": false,
            "MOZ_REQUIRE_SIGNING": false,
            "MOZ_SANDBOX": false,
            "MOZ_SERVICES_HEALTHREPORT": true,
            "MOZ_SERVICES_SYNC": false,
            "MOZ_SWITCHBOARD": true,
            "MOZ_SYSTEM_NSS": false,
            "MOZ_TELEMETRY_ON_BY_DEFAULT": false,
            "MOZ_TELEMETRY_REPORTING": true,
            "MOZ_UNSIGNED_SCOPES": 0,
            "MOZ_UPDATER": false,
            "MOZ_UPDATE_CHANNEL": "release",
            "MOZ_WEBRTC": true,
            "MOZ_WIDGET_GTK": false,
            "MOZ_WIDGET_TOOLKIT": "android",
            "NIGHTLY_BUILD": false,
            "OMNIJAR_NAME": "assets/omni.ja",
            "RELEASE_OR_BETA": true,
            "SOURCE_REVISION_URL": "https://hg.mozilla.org/releases/mozilla-esr68/rev/d2e0b9e17b9bc1ef02606c8006b73293f7892ad5",
            "TELEMETRY_PING_FORMAT_VERSION": 4,
            "XP_UNIX": true,
            "isPlatformAndVersionAtLeast": {},
            "isPlatformAndVersionAtMost": {},
            "platform": "android"
          },
          "userAgent": "Mozilla/5.0 (Android 9; Mobile; rv:68.0) Gecko/68.0 Firefox/68.0",
          "windowSize": "360x612"
        },
        "pageinfo": {
          "documentHeight": 9101,
          "documentSize": {
            "decodedBodySize": 132998,
            "encodedBodySize": 25792,
            "transferSize": 26863
          },
          "documentTitle": "Tribunnews.com Mobile",
          "documentWidth": 360,
          "domElements": 1117,
          "navigationStartTime": 1617113171403,
          "nextHopProtocol": "h2",
          "resources": {
            "count": 0,
            "duration": 0
          },
          "responsive": true,
          "url": "https://m.tribunnews.com/",
          "visualElements": {
            "heroes": [
              {
                "filename": "tribunnews.svg",
                "height": 40,
                "name": "LargestImage",
                "width": 164,
                "x": 8,
                "y": 507
              }
            ],
            "viewport": {
              "height": 612,
              "width": 360
            }
          }
        },
        "timings": {
          "firstPaint": 1769,
          "loadEventEnd": 4732,
          "navigationTiming": {
            "connectStart": 169,
            "domComplete": 4651,
            "domContentLoadedEventEnd": 1966,
            "domContentLoadedEventStart": 1920,
            "domInteractive": 1599,
            "domainLookupEnd": 168,
            "domainLookupStart": 168,
            "duration": 4732,
            "fetchStart": 139,
            "loadEventEnd": 4732,
            "loadEventStart": 4651,
            "redirectEnd": 132,
            "redirectStart": 2,
            "requestStart": 241,
            "responseEnd": 260,
            "responseStart": 258,
            "secureConnectionStart": 182,
            "startTime": 0,
            "unloadEventEnd": 0,
            "unloadEventStart": 0,
            "workerStart": 0
          },
          "pageTimings": {
            "backEndTime": 258,
            "domContentLoadedTime": 1920,
            "domInteractiveTime": 1599,
            "domainLookupTime": 0,
            "frontEndTime": 4391,
            "pageDownloadTime": 2,
            "pageLoadTime": 4651,
            "redirectionTime": 130,
            "serverConnectionTime": 72,
            "serverResponseTime": 19
          },
          "rumSpeedIndex": 258,
          "timeToContentfulPaint": 1958,
          "timeToDomContentFlushed": 1745,
          "userTimings": {
            "marks": [
              {
                "name": "gpt-tag-load",
                "startTime": 3415.98
              },
              {
                "name": "gpt-first-ad-request",
                "startTime": 4422.3
              },
              {
                "name": "gpt-first-ad-render",
                "startTime": 5966.72
              }
            ],
            "measures": []
          }
        }
      }
    ],
    "visualMetrics": [],
    "cpu": [],
    "extras": [
      {},
      {},
      {}
    ],
    "fullyLoaded": [],
    "errors": [
      [],
      [],
      []
    ],
    "statistics": {
      "browser": {
        "appConstants": {
          "MOZ_UNSIGNED_SCOPES": {
            "median": 0,
            "mean": 0,
            "mdev": 0,
            "stddev": 0,
            "min": 0,
            "p10": 0,
            "p90": 0,
            "p99": 0,
            "max": 0
          },
          "TELEMETRY_PING_FORMAT_VERSION": {
            "median": 4,
            "mean": 4,
            "mdev": 0,
            "stddev": 0,
            "min": 4,
            "p10": 4,
            "p90": 4,
            "p99": 4,
            "max": 4
          }
        },
        "asyncAppConstants": {
          "MOZ_UNSIGNED_SCOPES": {
            "median": 0,
            "mean": 0,
            "mdev": 0,
            "stddev": 0,
            "min": 0,
            "p10": 0,
            "p90": 0,
            "p99": 0,
            "max": 0
          },
          "TELEMETRY_PING_FORMAT_VERSION": {
            "median": 4,
            "mean": 4,
            "mdev": 0,
            "stddev": 0,
            "min": 4,
            "p10": 4,
            "p90": 4,
            "p99": 4,
            "max": 4
          }
        }
      },
      "pageinfo": {
        "documentHeight": {
          "median": 9101,
          "mean": 9101,
          "mdev": 0,
          "stddev": 0,
          "min": 9101,
          "p10": 9101,
          "p90": 9101,
          "p99": 9101,
          "max": 9101
        },
        "documentSize": {
          "decodedBodySize": {
            "median": 132998,
            "mean": 132998,
            "mdev": 0,
            "stddev": 0,
            "min": 132998,
            "p10": 132998,
            "p90": 132998,
            "p99": 132998,
            "max": 132998
          },
          "encodedBodySize": {
            "median": 25792,
            "mean": 25792,
            "mdev": 0,
            "stddev": 0,
            "min": 25792,
            "p10": 25792,
            "p90": 25792,
            "p99": 25792,
            "max": 25792
          },
          "transferSize": {
            "median": 26863,
            "mean": 26860,
            "mdev": 2.1773,
            "stddev": 4,
            "min": 26855,
            "p10": 26855,
            "p90": 26863,
            "p99": 26863,
            "max": 26863
          }
        },
        "documentWidth": {
          "median": 360,
          "mean": 360,
          "mdev": 0,
          "stddev": 0,
          "min": 360,
          "p10": 360,
          "p90": 360,
          "p99": 360,
          "max": 360
        },
        "domElements": {
          "median": 1117,
          "mean": 1117,
          "mdev": 0.2722,
          "stddev": 0,
          "min": 1117,
          "p10": 1117,
          "p90": 1118,
          "p99": 1118,
          "max": 1118
        },
        "navigationStartTime": {
          "median": 1617113151107,
          "mean": 1617113150615,
          "mdev": 12612.4091,
          "stddev": 21845,
          "min": 1617113129336,
          "p10": 1617113129336,
          "p90": 1617113171403,
          "p99": 1617113171403,
          "max": 1617113171403
        },
        "resources": {
          "count": {
            "median": 0,
            "mean": 0,
            "mdev": 0,
            "stddev": 0,
            "min": 0,
            "p10": 0,
            "p90": 0,
            "p99": 0,
            "max": 0
          },
          "duration": {
            "median": 0,
            "mean": 0,
            "mdev": 0,
            "stddev": 0,
            "min": 0,
            "p10": 0,
            "p90": 0,
            "p99": 0,
            "max": 0
          }
        },
        "visualElements": {
          "heroes": [
            {
              "height": {
                "median": 40,
                "mean": 40,
                "mdev": 0,
                "stddev": 0,
                "min": 40,
                "p10": 40,
                "p90": 40,
                "p99": 40,
                "max": 40
              },
              "width": {
                "median": 164,
                "mean": 164,
                "mdev": 0,
                "stddev": 0,
                "min": 164,
                "p10": 164,
                "p90": 164,
                "p99": 164,
                "max": 164
              },
              "x": {
                "median": 8,
                "mean": 8,
                "mdev": 0,
                "stddev": 0,
                "min": 8,
                "p10": 8,
                "p90": 8,
                "p99": 8,
                "max": 8
              },
              "y": {
                "median": 507,
                "mean": 507,
                "mdev": 0,
                "stddev": 0,
                "min": 507,
                "p10": 507,
                "p90": 507,
                "p99": 507,
                "max": 507
              }
            }
          ],
          "viewport": {
            "height": {
              "median": 612,
              "mean": 612,
              "mdev": 0,
              "stddev": 0,
              "min": 612,
              "p10": 612,
              "p90": 612,
              "p99": 612,
              "max": 612
            },
            "width": {
              "median": 360,
              "mean": 360,
              "mdev": 0,
              "stddev": 0,
              "min": 360,
              "p10": 360,
              "p90": 360,
              "p99": 360,
              "max": 360
            }
          }
        }
      },
      "timings": {
        "firstPaint": {
          "median": 1769,
          "mean": 1985,
          "mdev": 249.1828,
          "stddev": 432,
          "min": 1598,
          "p10": 1598,
          "p90": 2587,
          "p99": 2587,
          "max": 2587
        },
        "loadEventEnd": {
          "median": 4732,
          "mean": 4819,
          "mdev": 238.3836,
          "stddev": 413,
          "min": 4363,
          "p10": 4363,
          "p90": 5363,
          "p99": 5363,
          "max": 5363
        },
        "navigationTiming": {
          "connectStart": {
            "median": 229,
            "mean": 414,
            "mdev": 176.1155,
            "stddev": 305,
            "min": 169,
            "p10": 169,
            "p90": 844,
            "p99": 844,
            "max": 844
          },
          "domComplete": {
            "median": 4651,
            "mean": 4744,
            "mdev": 236.1812,
            "stddev": 409,
            "min": 4296,
            "p10": 4296,
            "p90": 5285,
            "p99": 5285,
            "max": 5285
          },
          "domContentLoadedEventEnd": {
            "median": 1966,
            "mean": 2190,
            "mdev": 251.9418,
            "stddev": 436,
            "min": 1804,
            "p10": 1804,
            "p90": 2800,
            "p99": 2800,
            "max": 2800
          },
          "domContentLoadedEventStart": {
            "median": 1920,
            "mean": 2147,
            "mdev": 252.1697,
            "stddev": 437,
            "min": 1763,
            "p10": 1763,
            "p90": 2758,
            "p99": 2758,
            "max": 2758
          },
          "domInteractive": {
            "median": 1599,
            "mean": 1816,
            "mdev": 256.4402,
            "stddev": 444,
            "min": 1414,
            "p10": 1414,
            "p90": 2435,
            "p99": 2435,
            "max": 2435
          },
          "domainLookupEnd": {
            "median": 229,
            "mean": 413,
            "mdev": 175.9989,
            "stddev": 305,
            "min": 168,
            "p10": 168,
            "p90": 843,
            "p99": 843,
            "max": 843
          },
          "domainLookupStart": {
            "median": 229,
            "mean": 413,
            "mdev": 175.9989,
            "stddev": 305,
            "min": 168,
            "p10": 168,
            "p90": 843,
            "p99": 843,
            "max": 843
          },
          "duration": {
            "median": 4732,
            "mean": 4819,
            "mdev": 238.3836,
            "stddev": 413,
            "min": 4363,
            "p10": 4363,
            "p90": 5363,
            "p99": 5363,
            "max": 5363
          },
          "fetchStart": {
            "median": 196,
            "mean": 379,
            "mdev": 173.2109,
            "stddev": 300,
            "min": 139,
            "p10": 139,
            "p90": 802,
            "p99": 802,
            "max": 802
          },
          "loadEventEnd": {
            "median": 4732,
            "mean": 4819,
            "mdev": 238.3836,
            "stddev": 413,
            "min": 4363,
            "p10": 4363,
            "p90": 5363,
            "p99": 5363,
            "max": 5363
          },
          "loadEventStart": {
            "median": 4651,
            "mean": 4744,
            "mdev": 236.1812,
            "stddev": 409,
            "min": 4296,
            "p10": 4296,
            "p90": 5285,
            "p99": 5285,
            "max": 5285
          },
          "redirectEnd": {
            "median": 192,
            "mean": 371,
            "mdev": 171.504,
            "stddev": 297,
            "min": 132,
            "p10": 132,
            "p90": 790,
            "p99": 790,
            "max": 790
          },
          "redirectStart": {
            "median": 2,
            "mean": 2,
            "mdev": 0,
            "stddev": 0,
            "min": 2,
            "p10": 2,
            "p90": 2,
            "p99": 2,
            "max": 2
          },
          "requestStart": {
            "median": 295,
            "mean": 484,
            "mdev": 177.0934,
            "stddev": 307,
            "min": 241,
            "p10": 241,
            "p90": 917,
            "p99": 917,
            "max": 917
          },
          "responseEnd": {
            "median": 339,
            "mean": 635,
            "mdev": 274.2952,
            "stddev": 475,
            "min": 260,
            "p10": 260,
            "p90": 1305,
            "p99": 1305,
            "max": 1305
          },
          "responseStart": {
            "median": 337,
            "mean": 633,
            "mdev": 274.8383,
            "stddev": 476,
            "min": 258,
            "p10": 258,
            "p90": 1305,
            "p99": 1305,
            "max": 1305
          },
          "secureConnectionStart": {
            "median": 239,
            "mean": 426,
            "mdev": 176.1958,
            "stddev": 305,
            "min": 182,
            "p10": 182,
            "p90": 856,
            "p99": 856,
            "max": 856
          },
          "startTime": {
            "median": 0,
            "mean": 0,
            "mdev": 0,
            "stddev": 0,
            "min": 0,
            "p10": 0,
            "p90": 0,
            "p99": 0,
            "max": 0
          },
          "unloadEventEnd": {
            "median": 0,
            "mean": 0,
            "mdev": 0,
            "stddev": 0,
            "min": 0,
            "p10": 0,
            "p90": 0,
            "p99": 0,
            "max": 0
          },
          "unloadEventStart": {
            "median": 0,
            "mean": 0,
            "mdev": 0,
            "stddev": 0,
            "min": 0,
            "p10": 0,
            "p90": 0,
            "p99": 0,
            "max": 0
          },
          "workerStart": {
            "median": 0,
            "mean": 0,
            "mdev": 0,
            "stddev": 0,
            "min": 0,
            "p10": 0,
            "p90": 0,
            "p99": 0,
            "max": 0
          }
        },
        "pageTimings": {
          "backEndTime": {
            "median": 337,
            "mean": 633,
            "mdev": 274.8383,
            "stddev": 476,
            "min": 258,
            "p10": 258,
            "p90": 1305,
            "p99": 1305,
            "max": 1305
          },
          "domContentLoadedTime": {
            "median": 1920,
            "mean": 2147,
            "mdev": 252.1697,
            "stddev": 437,
            "min": 1763,
            "p10": 1763,
            "p90": 2758,
            "p99": 2758,
            "max": 2758
          },
          "domInteractiveTime": {
            "median": 1599,
            "mean": 1816,
            "mdev": 256.4402,
            "stddev": 444,
            "min": 1414,
            "p10": 1414,
            "p90": 2435,
            "p99": 2435,
            "max": 2435
          },
          "domainLookupTime": {
            "median": 0,
            "mean": 0,
            "mdev": 0.2722,
            "stddev": 0,
            "min": 0,
            "p10": 0,
            "p90": 1,
            "p99": 1,
            "max": 1
          },
          "frontEndTime": {
            "median": 3980,
            "mean": 4109,
            "mdev": 115.1177,
            "stddev": 199,
            "min": 3957,
            "p10": 3957,
            "p90": 4391,
            "p99": 4391,
            "max": 4391
          },
          "pageDownloadTime": {
            "median": 2,
            "mean": 1,
            "mdev": 0.5443,
            "stddev": 1,
            "min": 0,
            "p10": 0,
            "p90": 2,
            "p99": 2,
            "max": 2
          },
          "pageLoadTime": {
            "median": 4651,
            "mean": 4744,
            "mdev": 236.1812,
            "stddev": 409,
            "min": 4296,
            "p10": 4296,
            "p90": 5285,
            "p99": 5285,
            "max": 5285
          },
          "redirectionTime": {
            "median": 189,
            "mean": 369,
            "mdev": 171.3491,
            "stddev": 297,
            "min": 130,
            "p10": 130,
            "p90": 787,
            "p99": 787,
            "max": 787
          },
          "serverConnectionTime": {
            "median": 72,
            "mean": 70,
            "mdev": 1.9052,
            "stddev": 3,
            "min": 65,
            "p10": 65,
            "p90": 72,
            "p99": 72,
            "max": 72
          },
          "serverResponseTime": {
            "median": 44,
            "mean": 150,
            "mdev": 97.2058,
            "stddev": 168,
            "min": 19,
            "p10": 19,
            "p90": 388,
            "p99": 388,
            "max": 388
          }
        },
        "rumSpeedIndex": {
          "median": 337,
          "mean": 633,
          "mdev": 274.5667,
          "stddev": 476,
          "min": 258,
          "p10": 258,
          "p90": 1304,
          "p99": 1304,
          "max": 1304
        },
        "timeToContentfulPaint": {
          "median": 1958,
          "mean": 2168,
          "mdev": 248.7705,
          "stddev": 431,
          "min": 1777,
          "p10": 1777,
          "p90": 2768,
          "p99": 2768,
          "max": 2768
        },
        "timeToDomContentFlushed": {
          "median": 1745,
          "mean": 1958,
          "mdev": 251.2782,
          "stddev": 435,
          "min": 1565,
          "p10": 1565,
          "p90": 2565,
          "p99": 2565,
          "max": 2565
        },
        "userTimings": {
          "marks": {
            "gpt-tag-load": {
              "median": 3416,
              "mean": 3643,
              "mdev": 253.8724,
              "stddev": 440,
              "min": 3254,
              "p10": 3254,
              "p90": 4257,
              "p99": 4257,
              "max": 4257
            },
            "gpt-first-ad-request": {
              "median": 4422,
              "mean": 4539,
              "mdev": 225.6436,
              "stddev": 391,
              "min": 4130,
              "p10": 4130,
              "p90": 5066,
              "p99": 5066,
              "max": 5066
            },
            "gpt-first-ad-render": {
              "median": 5967,
              "mean": 6001,
              "mdev": 303.7735,
              "stddev": 526,
              "min": 5375,
              "p10": 5375,
              "p90": 6662,
              "p99": 6662,
              "max": 6662
            }
          }
        }
      }
    }
  }
]