[
  {
    "info": {
      "browsertime": {
        "version": "8.4.0"
      },
      "url": "https://github.com/",
      "timestamp": "2021-03-30T17:57:29+04:00",
      "connectivity": {
        "engine": "external",
        "profile": "native"
      },
      "extra": {}
    },
    "files": {
      "video": [],
      "screenshot": [],
      "timeline": [],
      "consoleLog": [],
      "netLog": [],
      "perfLog": []
    },
    "cdp": {
      "performance": []
    },
    "timestamps": [
      "2021-03-30T17:57:07+04:00",
      "2021-03-30T17:57:35+04:00",
      "2021-03-30T17:58:03+04:00"
    ],
    "browserScripts": [
      {
        "browser": {
          "appConstants": {
            "ACCESSIBILITY": true,
            "ANDROID_PACKAGE_NAME": "org.mozilla.firefox",
            "ASAN": false,
            "ASAN_REPORTER": false,
            "BROWSER_CHROME_URL": "chrome://browser/content/browser.xul",
            "DEBUG": false,
            "DEBUG_JS_MODULES": "",
            "DLL_PREFIX": "lib",
            "DLL_SUFFIX": ".so",
            "EARLY_BETA_OR_EARLIER": false,
            "FENNEC_NIGHTLY": false,
            "HAVE_SHELL_SERVICE": false,
            "HAVE_USR_LIB64_DIR": false,
            "MENUBAR_CAN_AUTOHIDE": false,
            "MOZILLA_OFFICIAL": true,
            "MOZ_ALLOW_LEGACY_EXTENSIONS": false,
            "MOZ_ANDROID_ACTIVITY_STREAM": false,
            "MOZ_ANDROID_HISTORY": true,
            "MOZ_ANDROID_MOZILLA_ONLINE": false,
            "MOZ_APP_NAME": "fennec",
            "MOZ_APP_VERSION": "68.1.1",
            "MOZ_APP_VERSION_DISPLAY": "68.1.1",
            "MOZ_BING_API_CLIENTID": "no-bing-api-clientid",
            "MOZ_BING_API_KEY": "no-bing-api-key",
            "MOZ_BITS_DOWNLOAD": false,
            "MOZ_BUILD_APP": "mobile/android",
            "MOZ_CODE_COVERAGE": false,
            "MOZ_CRASHREPORTER": true,
            "MOZ_DATA_REPORTING": true,
            "MOZ_DEV_EDITION": false,
            "MOZ_GECKO_PROFILER": true,
            "MOZ_GOOGLE_LOCATION_SERVICE_API_KEY": "AIzaSyB2h2OuRcUgy5N-5hsZqiPW6sH3n_rptiQ",
            "MOZ_GOOGLE_SAFEBROWSING_API_KEY": "AIzaSyC7jsptDS3am4tPx4r3nxis7IMjBc5Dovo",
            "MOZ_GRAPHENE": false,
            "MOZ_MACBUNDLE_NAME": "Firefox.app",
            "MOZ_MAINTENANCE_SERVICE": false,
            "MOZ_MOZILLA_API_KEY": "3b4d27dd-703d-4094-8398-4de2c763505a",
            "MOZ_NEW_CERT_STORAGE": false,
            "MOZ_NEW_NOTIFICATION_STORE": false,
            "MOZ_NEW_XULSTORE": false,
            "MOZ_OFFICIAL_BRANDING": false,
            "MOZ_PLACES": false,
            "MOZ_REQUIRE_SIGNING": false,
            "MOZ_SANDBOX": false,
            "MOZ_SERVICES_HEALTHREPORT": true,
            "MOZ_SERVICES_SYNC": false,
            "MOZ_SWITCHBOARD": true,
            "MOZ_SYSTEM_NSS": false,
            "MOZ_TELEMETRY_ON_BY_DEFAULT": false,
            "MOZ_TELEMETRY_REPORTING": true,
            "MOZ_UNSIGNED_SCOPES": 0,
            "MOZ_UPDATER": false,
            "MOZ_UPDATE_CHANNEL": "release",
            "MOZ_WEBRTC": true,
            "MOZ_WIDGET_GTK": false,
            "MOZ_WIDGET_TOOLKIT": "android",
            "NIGHTLY_BUILD": false,
            "OMNIJAR_NAME": "assets/omni.ja",
            "RELEASE_OR_BETA": true,
            "SOURCE_REVISION_URL": "https://hg.mozilla.org/releases/mozilla-esr68/rev/d2e0b9e17b9bc1ef02606c8006b73293f7892ad5",
            "TELEMETRY_PING_FORMAT_VERSION": 4,
            "XP_UNIX": true,
            "isPlatformAndVersionAtLeast": {},
            "isPlatformAndVersionAtMost": {},
            "platform": "android"
          },
          "asyncAppConstants": {
            "ACCESSIBILITY": true,
            "ANDROID_PACKAGE_NAME": "org.mozilla.firefox",
            "ASAN": false,
            "ASAN_REPORTER": false,
            "BROWSER_CHROME_URL": "chrome://browser/content/browser.xul",
            "DEBUG": false,
            "DEBUG_JS_MODULES": "",
            "DLL_PREFIX": "lib",
            "DLL_SUFFIX": ".so",
            "EARLY_BETA_OR_EARLIER": false,
            "FENNEC_NIGHTLY": false,
            "HAVE_SHELL_SERVICE": false,
            "HAVE_USR_LIB64_DIR": false,
            "MENUBAR_CAN_AUTOHIDE": false,
            "MOZILLA_OFFICIAL": true,
            "MOZ_ALLOW_LEGACY_EXTENSIONS": false,
            "MOZ_ANDROID_ACTIVITY_STREAM": false,
            "MOZ_ANDROID_HISTORY": true,
            "MOZ_ANDROID_MOZILLA_ONLINE": false,
            "MOZ_APP_NAME": "fennec",
            "MOZ_APP_VERSION": "68.1.1",
            "MOZ_APP_VERSION_DISPLAY": "68.1.1",
            "MOZ_BING_API_CLIENTID": "no-bing-api-clientid",
            "MOZ_BING_API_KEY": "no-bing-api-key",
            "MOZ_BITS_DOWNLOAD": false,
            "MOZ_BUILD_APP": "mobile/android",
            "MOZ_CODE_COVERAGE": false,
            "MOZ_CRASHREPORTER": true,
            "MOZ_DATA_REPORTING": true,
            "MOZ_DEV_EDITION": false,
            "MOZ_GECKO_PROFILER": true,
            "MOZ_GOOGLE_LOCATION_SERVICE_API_KEY": "AIzaSyB2h2OuRcUgy5N-5hsZqiPW6sH3n_rptiQ",
            "MOZ_GOOGLE_SAFEBROWSING_API_KEY": "AIzaSyC7jsptDS3am4tPx4r3nxis7IMjBc5Dovo",
            "MOZ_GRAPHENE": false,
            "MOZ_MACBUNDLE_NAME": "Firefox.app",
            "MOZ_MAINTENANCE_SERVICE": false,
            "MOZ_MOZILLA_API_KEY": "3b4d27dd-703d-4094-8398-4de2c763505a",
            "MOZ_NEW_CERT_STORAGE": false,
            "MOZ_NEW_NOTIFICATION_STORE": false,
            "MOZ_NEW_XULSTORE": false,
            "MOZ_OFFICIAL_BRANDING": false,
            "MOZ_PLACES": false,
            "MOZ_REQUIRE_SIGNING": false,
            "MOZ_SANDBOX": false,
            "MOZ_SERVICES_HEALTHREPORT": true,
            "MOZ_SERVICES_SYNC": false,
            "MOZ_SWITCHBOARD": true,
            "MOZ_SYSTEM_NSS": false,
            "MOZ_TELEMETRY_ON_BY_DEFAULT": false,
            "MOZ_TELEMETRY_REPORTING": true,
            "MOZ_UNSIGNED_SCOPES": 0,
            "MOZ_UPDATER": false,
            "MOZ_UPDATE_CHANNEL": "release",
            "MOZ_WEBRTC": true,
            "MOZ_WIDGET_GTK": false,
            "MOZ_WIDGET_TOOLKIT": "android",
            "NIGHTLY_BUILD": false,
            "OMNIJAR_NAME": "assets/omni.ja",
            "RELEASE_OR_BETA": true,
            "SOURCE_REVISION_URL": "https://hg.mozilla.org/releases/mozilla-esr68/rev/d2e0b9e17b9bc1ef02606c8006b73293f7892ad5",
            "TELEMETRY_PING_FORMAT_VERSION": 4,
            "XP_UNIX": true,
            "isPlatformAndVersionAtLeast": {},
            "isPlatformAndVersionAtMost": {},
            "platform": "android"
          },
          "userAgent": "Mozilla/5.0 (Android 9; Mobile; rv:68.0) Gecko/68.0 Firefox/68.0",
          "windowSize": "360x612"
        },
        "pageinfo": {
          "documentHeight": 17275,
          "documentSize": {
            "decodedBodySize": 197958,
            "encodedBodySize": 36819,
            "transferSize": 39324
          },
          "documentTitle": "GitHub: Where the world builds software · GitHub",
          "documentWidth": 360,
          "domElements": 1314,
          "navigationStartTime": 1617112628132,
          "nextHopProtocol": "h2",
          "resources": {
            "count": 0,
            "duration": 0
          },
          "responsive": true,
          "url": "https://github.com/",
          "visualElements": {
            "heroes": [
              {
                "filename": "hero-glow.svg",
                "height": 417,
                "name": "LargestImage",
                "width": 720,
                "x": -180,
                "y": 227
              },
              {
                "filename": null,
                "height": 70,
                "name": "Heading",
                "width": 332,
                "x": 14,
                "y": 172
              }
            ],
            "viewport": {
              "height": 612,
              "width": 360
            }
          }
        },
        "timings": {
          "firstPaint": 2387,
          "loadEventEnd": 10995,
          "navigationTiming": {
            "connectStart": 95,
            "domComplete": 10980,
            "domContentLoadedEventEnd": 2049,
            "domContentLoadedEventStart": 2040,
            "domInteractive": 765,
            "domainLookupEnd": 95,
            "domainLookupStart": 94,
            "duration": 10995,
            "fetchStart": 2,
            "loadEventEnd": 10995,
            "loadEventStart": 10981,
            "redirectEnd": 0,
            "redirectStart": 0,
            "requestStart": 225,
            "responseEnd": 261,
            "responseStart": 261,
            "secureConnectionStart": 131,
            "startTime": 0,
            "unloadEventEnd": 0,
            "unloadEventStart": 0,
            "workerStart": 0
          },
          "pageTimings": {
            "backEndTime": 261,
            "domContentLoadedTime": 2040,
            "domInteractiveTime": 765,
            "domainLookupTime": 0,
            "frontEndTime": 10719,
            "pageDownloadTime": 0,
            "pageLoadTime": 10981,
            "redirectionTime": 0,
            "serverConnectionTime": 129,
            "serverResponseTime": 37
          },
          "rumSpeedIndex": 261,
          "timeToContentfulPaint": 4133,
          "timeToDomContentFlushed": 1947,
          "userTimings": {
            "marks": [],
            "measures": []
          }
        }
      },
      {
        "browser": {
          "appConstants": {
            "ACCESSIBILITY": true,
            "ANDROID_PACKAGE_NAME": "org.mozilla.firefox",
            "ASAN": false,
            "ASAN_REPORTER": false,
            "BROWSER_CHROME_URL": "chrome://browser/content/browser.xul",
            "DEBUG": false,
            "DEBUG_JS_MODULES": "",
            "DLL_PREFIX": "lib",
            "DLL_SUFFIX": ".so",
            "EARLY_BETA_OR_EARLIER": false,
            "FENNEC_NIGHTLY": false,
            "HAVE_SHELL_SERVICE": false,
            "HAVE_USR_LIB64_DIR": false,
            "MENUBAR_CAN_AUTOHIDE": false,
            "MOZILLA_OFFICIAL": true,
            "MOZ_ALLOW_LEGACY_EXTENSIONS": false,
            "MOZ_ANDROID_ACTIVITY_STREAM": false,
            "MOZ_ANDROID_HISTORY": true,
            "MOZ_ANDROID_MOZILLA_ONLINE": false,
            "MOZ_APP_NAME": "fennec",
            "MOZ_APP_VERSION": "68.1.1",
            "MOZ_APP_VERSION_DISPLAY": "68.1.1",
            "MOZ_BING_API_CLIENTID": "no-bing-api-clientid",
            "MOZ_BING_API_KEY": "no-bing-api-key",
            "MOZ_BITS_DOWNLOAD": false,
            "MOZ_BUILD_APP": "mobile/android",
            "MOZ_CODE_COVERAGE": false,
            "MOZ_CRASHREPORTER": true,
            "MOZ_DATA_REPORTING": true,
            "MOZ_DEV_EDITION": false,
            "MOZ_GECKO_PROFILER": true,
            "MOZ_GOOGLE_LOCATION_SERVICE_API_KEY": "AIzaSyB2h2OuRcUgy5N-5hsZqiPW6sH3n_rptiQ",
            "MOZ_GOOGLE_SAFEBROWSING_API_KEY": "AIzaSyC7jsptDS3am4tPx4r3nxis7IMjBc5Dovo",
            "MOZ_GRAPHENE": false,
            "MOZ_MACBUNDLE_NAME": "Firefox.app",
            "MOZ_MAINTENANCE_SERVICE": false,
            "MOZ_MOZILLA_API_KEY": "3b4d27dd-703d-4094-8398-4de2c763505a",
            "MOZ_NEW_CERT_STORAGE": false,
            "MOZ_NEW_NOTIFICATION_STORE": false,
            "MOZ_NEW_XULSTORE": false,
            "MOZ_OFFICIAL_BRANDING": false,
            "MOZ_PLACES": false,
            "MOZ_REQUIRE_SIGNING": false,
            "MOZ_SANDBOX": false,
            "MOZ_SERVICES_HEALTHREPORT": true,
            "MOZ_SERVICES_SYNC": false,
            "MOZ_SWITCHBOARD": true,
            "MOZ_SYSTEM_NSS": false,
            "MOZ_TELEMETRY_ON_BY_DEFAULT": false,
            "MOZ_TELEMETRY_REPORTING": true,
            "MOZ_UNSIGNED_SCOPES": 0,
            "MOZ_UPDATER": false,
            "MOZ_UPDATE_CHANNEL": "release",
            "MOZ_WEBRTC": true,
            "MOZ_WIDGET_GTK": false,
            "MOZ_WIDGET_TOOLKIT": "android",
            "NIGHTLY_BUILD": false,
            "OMNIJAR_NAME": "assets/omni.ja",
            "RELEASE_OR_BETA": true,
            "SOURCE_REVISION_URL": "https://hg.mozilla.org/releases/mozilla-esr68/rev/d2e0b9e17b9bc1ef02606c8006b73293f7892ad5",
            "TELEMETRY_PING_FORMAT_VERSION": 4,
            "XP_UNIX": true,
            "isPlatformAndVersionAtLeast": {},
            "isPlatformAndVersionAtMost": {},
            "platform": "android"
          },
          "asyncAppConstants": {
            "ACCESSIBILITY": true,
            "ANDROID_PACKAGE_NAME": "org.mozilla.firefox",
            "ASAN": false,
            "ASAN_REPORTER": false,
            "BROWSER_CHROME_URL": "chrome://browser/content/browser.xul",
            "DEBUG": false,
            "DEBUG_JS_MODULES": "",
            "DLL_PREFIX": "lib",
            "DLL_SUFFIX": ".so",
            "EARLY_BETA_OR_EARLIER": false,
            "FENNEC_NIGHTLY": false,
            "HAVE_SHELL_SERVICE": false,
            "HAVE_USR_LIB64_DIR": false,
            "MENUBAR_CAN_AUTOHIDE": false,
            "MOZILLA_OFFICIAL": true,
            "MOZ_ALLOW_LEGACY_EXTENSIONS": false,
            "MOZ_ANDROID_ACTIVITY_STREAM": false,
            "MOZ_ANDROID_HISTORY": true,
            "MOZ_ANDROID_MOZILLA_ONLINE": false,
            "MOZ_APP_NAME": "fennec",
            "MOZ_APP_VERSION": "68.1.1",
            "MOZ_APP_VERSION_DISPLAY": "68.1.1",
            "MOZ_BING_API_CLIENTID": "no-bing-api-clientid",
            "MOZ_BING_API_KEY": "no-bing-api-key",
            "MOZ_BITS_DOWNLOAD": false,
            "MOZ_BUILD_APP": "mobile/android",
            "MOZ_CODE_COVERAGE": false,
            "MOZ_CRASHREPORTER": true,
            "MOZ_DATA_REPORTING": true,
            "MOZ_DEV_EDITION": false,
            "MOZ_GECKO_PROFILER": true,
            "MOZ_GOOGLE_LOCATION_SERVICE_API_KEY": "AIzaSyB2h2OuRcUgy5N-5hsZqiPW6sH3n_rptiQ",
            "MOZ_GOOGLE_SAFEBROWSING_API_KEY": "AIzaSyC7jsptDS3am4tPx4r3nxis7IMjBc5Dovo",
            "MOZ_GRAPHENE": false,
            "MOZ_MACBUNDLE_NAME": "Firefox.app",
            "MOZ_MAINTENANCE_SERVICE": false,
            "MOZ_MOZILLA_API_KEY": "3b4d27dd-703d-4094-8398-4de2c763505a",
            "MOZ_NEW_CERT_STORAGE": false,
            "MOZ_NEW_NOTIFICATION_STORE": false,
            "MOZ_NEW_XULSTORE": false,
            "MOZ_OFFICIAL_BRANDING": false,
            "MOZ_PLACES": false,
            "MOZ_REQUIRE_SIGNING": false,
            "MOZ_SANDBOX": false,
            "MOZ_SERVICES_HEALTHREPORT": true,
            "MOZ_SERVICES_SYNC": false,
            "MOZ_SWITCHBOARD": true,
            "MOZ_SYSTEM_NSS": false,
            "MOZ_TELEMETRY_ON_BY_DEFAULT": false,
            "MOZ_TELEMETRY_REPORTING": true,
            "MOZ_UNSIGNED_SCOPES": 0,
            "MOZ_UPDATER": false,
            "MOZ_UPDATE_CHANNEL": "release",
            "MOZ_WEBRTC": true,
            "MOZ_WIDGET_GTK": false,
            "MOZ_WIDGET_TOOLKIT": "android",
            "NIGHTLY_BUILD": false,
            "OMNIJAR_NAME": "assets/omni.ja",
            "RELEASE_OR_BETA": true,
            "SOURCE_REVISION_URL": "https://hg.mozilla.org/releases/mozilla-esr68/rev/d2e0b9e17b9bc1ef02606c8006b73293f7892ad5",
            "TELEMETRY_PING_FORMAT_VERSION": 4,
            "XP_UNIX": true,
            "isPlatformAndVersionAtLeast": {},
            "isPlatformAndVersionAtMost": {},
            "platform": "android"
          },
          "userAgent": "Mozilla/5.0 (Android 9; Mobile; rv:68.0) Gecko/68.0 Firefox/68.0",
          "windowSize": "360x612"
        },
        "pageinfo": {
          "documentHeight": 17275,
          "documentSize": {
            "decodedBodySize": 197958,
            "encodedBodySize": 36819,
            "transferSize": 39322
          },
          "documentTitle": "GitHub: Where the world builds software · GitHub",
          "documentWidth": 360,
          "domElements": 1314,
          "navigationStartTime": 1617112656215,
          "nextHopProtocol": "h2",
          "resources": {
            "count": 0,
            "duration": 0
          },
          "responsive": true,
          "url": "https://github.com/",
          "visualElements": {
            "heroes": [
              {
                "filename": "hero-glow.svg",
                "height": 417,
                "name": "LargestImage",
                "width": 720,
                "x": -180,
                "y": 227
              },
              {
                "filename": null,
                "height": 70,
                "name": "Heading",
                "width": 332,
                "x": 14,
                "y": 172
              }
            ],
            "viewport": {
              "height": 612,
              "width": 360
            }
          }
        },
        "timings": {
          "firstPaint": 2659,
          "loadEventEnd": 11821,
          "navigationTiming": {
            "connectStart": 295,
            "domComplete": 11806,
            "domContentLoadedEventEnd": 2414,
            "domContentLoadedEventStart": 2406,
            "domInteractive": 1206,
            "domainLookupEnd": 294,
            "domainLookupStart": 294,
            "duration": 11821,
            "fetchStart": 3,
            "loadEventEnd": 11821,
            "loadEventStart": 11806,
            "redirectEnd": 0,
            "redirectStart": 0,
            "requestStart": 427,
            "responseEnd": 465,
            "responseStart": 465,
            "secureConnectionStart": 332,
            "startTime": 0,
            "unloadEventEnd": 0,
            "unloadEventStart": 0,
            "workerStart": 0
          },
          "pageTimings": {
            "backEndTime": 465,
            "domContentLoadedTime": 2406,
            "domInteractiveTime": 1206,
            "domainLookupTime": 0,
            "frontEndTime": 11341,
            "pageDownloadTime": 0,
            "pageLoadTime": 11806,
            "redirectionTime": 0,
            "serverConnectionTime": 131,
            "serverResponseTime": 38
          },
          "rumSpeedIndex": 464,
          "timeToContentfulPaint": 4435,
          "timeToDomContentFlushed": 2253,
          "userTimings": {
            "marks": [],
            "measures": []
          }
        }
      },
      {
        "browser": {
          "appConstants": {
            "ACCESSIBILITY": true,
            "ANDROID_PACKAGE_NAME": "org.mozilla.firefox",
            "ASAN": false,
            "ASAN_REPORTER": false,
            "BROWSER_CHROME_URL": "chrome://browser/content/browser.xul",
            "DEBUG": false,
            "DEBUG_JS_MODULES": "",
            "DLL_PREFIX": "lib",
            "DLL_SUFFIX": ".so",
            "EARLY_BETA_OR_EARLIER": false,
            "FENNEC_NIGHTLY": false,
            "HAVE_SHELL_SERVICE": false,
            "HAVE_USR_LIB64_DIR": false,
            "MENUBAR_CAN_AUTOHIDE": false,
            "MOZILLA_OFFICIAL": true,
            "MOZ_ALLOW_LEGACY_EXTENSIONS": false,
            "MOZ_ANDROID_ACTIVITY_STREAM": false,
            "MOZ_ANDROID_HISTORY": true,
            "MOZ_ANDROID_MOZILLA_ONLINE": false,
            "MOZ_APP_NAME": "fennec",
            "MOZ_APP_VERSION": "68.1.1",
            "MOZ_APP_VERSION_DISPLAY": "68.1.1",
            "MOZ_BING_API_CLIENTID": "no-bing-api-clientid",
            "MOZ_BING_API_KEY": "no-bing-api-key",
            "MOZ_BITS_DOWNLOAD": false,
            "MOZ_BUILD_APP": "mobile/android",
            "MOZ_CODE_COVERAGE": false,
            "MOZ_CRASHREPORTER": true,
            "MOZ_DATA_REPORTING": true,
            "MOZ_DEV_EDITION": false,
            "MOZ_GECKO_PROFILER": true,
            "MOZ_GOOGLE_LOCATION_SERVICE_API_KEY": "AIzaSyB2h2OuRcUgy5N-5hsZqiPW6sH3n_rptiQ",
            "MOZ_GOOGLE_SAFEBROWSING_API_KEY": "AIzaSyC7jsptDS3am4tPx4r3nxis7IMjBc5Dovo",
            "MOZ_GRAPHENE": false,
            "MOZ_MACBUNDLE_NAME": "Firefox.app",
            "MOZ_MAINTENANCE_SERVICE": false,
            "MOZ_MOZILLA_API_KEY": "3b4d27dd-703d-4094-8398-4de2c763505a",
            "MOZ_NEW_CERT_STORAGE": false,
            "MOZ_NEW_NOTIFICATION_STORE": false,
            "MOZ_NEW_XULSTORE": false,
            "MOZ_OFFICIAL_BRANDING": false,
            "MOZ_PLACES": false,
            "MOZ_REQUIRE_SIGNING": false,
            "MOZ_SANDBOX": false,
            "MOZ_SERVICES_HEALTHREPORT": true,
            "MOZ_SERVICES_SYNC": false,
            "MOZ_SWITCHBOARD": true,
            "MOZ_SYSTEM_NSS": false,
            "MOZ_TELEMETRY_ON_BY_DEFAULT": false,
            "MOZ_TELEMETRY_REPORTING": true,
            "MOZ_UNSIGNED_SCOPES": 0,
            "MOZ_UPDATER": false,
            "MOZ_UPDATE_CHANNEL": "release",
            "MOZ_WEBRTC": true,
            "MOZ_WIDGET_GTK": false,
            "MOZ_WIDGET_TOOLKIT": "android",
            "NIGHTLY_BUILD": false,
            "OMNIJAR_NAME": "assets/omni.ja",
            "RELEASE_OR_BETA": true,
            "SOURCE_REVISION_URL": "https://hg.mozilla.org/releases/mozilla-esr68/rev/d2e0b9e17b9bc1ef02606c8006b73293f7892ad5",
            "TELEMETRY_PING_FORMAT_VERSION": 4,
            "XP_UNIX": true,
            "isPlatformAndVersionAtLeast": {},
            "isPlatformAndVersionAtMost": {},
            "platform": "android"
          },
          "asyncAppConstants": {
            "ACCESSIBILITY": true,
            "ANDROID_PACKAGE_NAME": "org.mozilla.firefox",
            "ASAN": false,
            "ASAN_REPORTER": false,
            "BROWSER_CHROME_URL": "chrome://browser/content/browser.xul",
            "DEBUG": false,
            "DEBUG_JS_MODULES": "",
            "DLL_PREFIX": "lib",
            "DLL_SUFFIX": ".so",
            "EARLY_BETA_OR_EARLIER": false,
            "FENNEC_NIGHTLY": false,
            "HAVE_SHELL_SERVICE": false,
            "HAVE_USR_LIB64_DIR": false,
            "MENUBAR_CAN_AUTOHIDE": false,
            "MOZILLA_OFFICIAL": true,
            "MOZ_ALLOW_LEGACY_EXTENSIONS": false,
            "MOZ_ANDROID_ACTIVITY_STREAM": false,
            "MOZ_ANDROID_HISTORY": true,
            "MOZ_ANDROID_MOZILLA_ONLINE": false,
            "MOZ_APP_NAME": "fennec",
            "MOZ_APP_VERSION": "68.1.1",
            "MOZ_APP_VERSION_DISPLAY": "68.1.1",
            "MOZ_BING_API_CLIENTID": "no-bing-api-clientid",
            "MOZ_BING_API_KEY": "no-bing-api-key",
            "MOZ_BITS_DOWNLOAD": false,
            "MOZ_BUILD_APP": "mobile/android",
            "MOZ_CODE_COVERAGE": false,
            "MOZ_CRASHREPORTER": true,
            "MOZ_DATA_REPORTING": true,
            "MOZ_DEV_EDITION": false,
            "MOZ_GECKO_PROFILER": true,
            "MOZ_GOOGLE_LOCATION_SERVICE_API_KEY": "AIzaSyB2h2OuRcUgy5N-5hsZqiPW6sH3n_rptiQ",
            "MOZ_GOOGLE_SAFEBROWSING_API_KEY": "AIzaSyC7jsptDS3am4tPx4r3nxis7IMjBc5Dovo",
            "MOZ_GRAPHENE": false,
            "MOZ_MACBUNDLE_NAME": "Firefox.app",
            "MOZ_MAINTENANCE_SERVICE": false,
            "MOZ_MOZILLA_API_KEY": "3b4d27dd-703d-4094-8398-4de2c763505a",
            "MOZ_NEW_CERT_STORAGE": false,
            "MOZ_NEW_NOTIFICATION_STORE": false,
            "MOZ_NEW_XULSTORE": false,
            "MOZ_OFFICIAL_BRANDING": false,
            "MOZ_PLACES": false,
            "MOZ_REQUIRE_SIGNING": false,
            "MOZ_SANDBOX": false,
            "MOZ_SERVICES_HEALTHREPORT": true,
            "MOZ_SERVICES_SYNC": false,
            "MOZ_SWITCHBOARD": true,
            "MOZ_SYSTEM_NSS": false,
            "MOZ_TELEMETRY_ON_BY_DEFAULT": false,
            "MOZ_TELEMETRY_REPORTING": true,
            "MOZ_UNSIGNED_SCOPES": 0,
            "MOZ_UPDATER": false,
            "MOZ_UPDATE_CHANNEL": "release",
            "MOZ_WEBRTC": true,
            "MOZ_WIDGET_GTK": false,
            "MOZ_WIDGET_TOOLKIT": "android",
            "NIGHTLY_BUILD": false,
            "OMNIJAR_NAME": "assets/omni.ja",
            "RELEASE_OR_BETA": true,
            "SOURCE_REVISION_URL": "https://hg.mozilla.org/releases/mozilla-esr68/rev/d2e0b9e17b9bc1ef02606c8006b73293f7892ad5",
            "TELEMETRY_PING_FORMAT_VERSION": 4,
            "XP_UNIX": true,
            "isPlatformAndVersionAtLeast": {},
            "isPlatformAndVersionAtMost": {},
            "platform": "android"
          },
          "userAgent": "Mozilla/5.0 (Android 9; Mobile; rv:68.0) Gecko/68.0 Firefox/68.0",
          "windowSize": "360x612"
        },
        "pageinfo": {
          "documentHeight": 17275,
          "documentSize": {
            "decodedBodySize": 197958,
            "encodedBodySize": 36819,
            "transferSize": 39329
          },
          "documentTitle": "GitHub: Where the world builds software · GitHub",
          "documentWidth": 360,
          "domElements": 1314,
          "navigationStartTime": 1617112683913,
          "nextHopProtocol": "h2",
          "resources": {
            "count": 0,
            "duration": 0
          },
          "responsive": true,
          "url": "https://github.com/",
          "visualElements": {
            "heroes": [
              {
                "filename": "hero-glow.svg",
                "height": 417,
                "name": "LargestImage",
                "width": 720,
                "x": -180,
                "y": 227
              },
              {
                "filename": null,
                "height": 70,
                "name": "Heading",
                "width": 332,
                "x": 14,
                "y": 172
              }
            ],
            "viewport": {
              "height": 612,
              "width": 360
            }
          }
        },
        "timings": {
          "firstPaint": 2874,
          "loadEventEnd": 12983,
          "navigationTiming": {
            "connectStart": 304,
            "domComplete": 12971,
            "domContentLoadedEventEnd": 2622,
            "domContentLoadedEventStart": 2614,
            "domInteractive": 1080,
            "domainLookupEnd": 303,
            "domainLookupStart": 303,
            "duration": 12983,
            "fetchStart": 2,
            "loadEventEnd": 12983,
            "loadEventStart": 12971,
            "redirectEnd": 0,
            "redirectStart": 0,
            "requestStart": 464,
            "responseEnd": 503,
            "responseStart": 503,
            "secureConnectionStart": 343,
            "startTime": 0,
            "unloadEventEnd": 0,
            "unloadEventStart": 0,
            "workerStart": 0
          },
          "pageTimings": {
            "backEndTime": 503,
            "domContentLoadedTime": 2614,
            "domInteractiveTime": 1080,
            "domainLookupTime": 0,
            "frontEndTime": 12467,
            "pageDownloadTime": 0,
            "pageLoadTime": 12971,
            "redirectionTime": 0,
            "serverConnectionTime": 159,
            "serverResponseTime": 39
          },
          "rumSpeedIndex": 503,
          "timeToContentfulPaint": 5134,
          "timeToDomContentFlushed": 2437,
          "userTimings": {
            "marks": [],
            "measures": []
          }
        }
      }
    ],
    "visualMetrics": [],
    "cpu": [],
    "extras": [
      {},
      {},
      {}
    ],
    "fullyLoaded": [],
    "errors": [
      [],
      [],
      []
    ],
    "statistics": {
      "browser": {
        "appConstants": {
          "MOZ_UNSIGNED_SCOPES": {
            "median": 0,
            "mean": 0,
            "mdev": 0,
            "stddev": 0,
            "min": 0,
            "p10": 0,
            "p90": 0,
            "p99": 0,
            "max": 0
          },
          "TELEMETRY_PING_FORMAT_VERSION": {
            "median": 4,
            "mean": 4,
            "mdev": 0,
            "stddev": 0,
            "min": 4,
            "p10": 4,
            "p90": 4,
            "p99": 4,
            "max": 4
          }
        },
        "asyncAppConstants": {
          "MOZ_UNSIGNED_SCOPES": {
            "median": 0,
            "mean": 0,
            "mdev": 0,
            "stddev": 0,
            "min": 0,
            "p10": 0,
            "p90": 0,
            "p99": 0,
            "max": 0
          },
          "TELEMETRY_PING_FORMAT_VERSION": {
            "median": 4,
            "mean": 4,
            "mdev": 0,
            "stddev": 0,
            "min": 4,
            "p10": 4,
            "p90": 4,
            "p99": 4,
            "max": 4
          }
        }
      },
      "pageinfo": {
        "documentHeight": {
          "median": 17275,
          "mean": 17275,
          "mdev": 0,
          "stddev": 0,
          "min": 17275,
          "p10": 17275,
          "p90": 17275,
          "p99": 17275,
          "max": 17275
        },
        "documentSize": {
          "decodedBodySize": {
            "median": 197958,
            "mean": 197958,
            "mdev": 0,
            "stddev": 0,
            "min": 197958,
            "p10": 197958,
            "p90": 197958,
            "p99": 197958,
            "max": 197958
          },
          "encodedBodySize": {
            "median": 36819,
            "mean": 36819,
            "mdev": 0,
            "stddev": 0,
            "min": 36819,
            "p10": 36819,
            "p90": 36819,
            "p99": 36819,
            "max": 36819
          },
          "transferSize": {
            "median": 39324,
            "mean": 39325,
            "mdev": 1.6997,
            "stddev": 3,
            "min": 39322,
            "p10": 39322,
            "p90": 39329,
            "p99": 39329,
            "max": 39329
          }
        },
        "documentWidth": {
          "median": 360,
          "mean": 360,
          "mdev": 0,
          "stddev": 0,
          "min": 360,
          "p10": 360,
          "p90": 360,
          "p99": 360,
          "max": 360
        },
        "domElements": {
          "median": 1314,
          "mean": 1314,
          "mdev": 0,
          "stddev": 0,
          "min": 1314,
          "p10": 1314,
          "p90": 1314,
          "p99": 1314,
          "max": 1314
        },
        "navigationStartTime": {
          "median": 1617112656215,
          "mean": 1617112656087,
          "mdev": 0,
          "stddev": 0,
          "min": 1617112628132,
          "p10": 1617112628132,
          "p90": 1617112683913,
          "p99": 1617112683913,
          "max": 1617112683913
        },
        "resources": {
          "count": {
            "median": 0,
            "mean": 0,
            "mdev": 0,
            "stddev": 0,
            "min": 0,
            "p10": 0,
            "p90": 0,
            "p99": 0,
            "max": 0
          },
          "duration": {
            "median": 0,
            "mean": 0,
            "mdev": 0,
            "stddev": 0,
            "min": 0,
            "p10": 0,
            "p90": 0,
            "p99": 0,
            "max": 0
          }
        },
        "visualElements": {
          "heroes": [
            {
              "height": {
                "median": 417,
                "mean": 417,
                "mdev": 0,
                "stddev": 0,
                "min": 417,
                "p10": 417,
                "p90": 417,
                "p99": 417,
                "max": 417
              },
              "width": {
                "median": 720,
                "mean": 720,
                "mdev": 0,
                "stddev": 0,
                "min": 720,
                "p10": 720,
                "p90": 720,
                "p99": 720,
                "max": 720
              },
              "x": {
                "median": -180,
                "mean": -180,
                "mdev": 0,
                "stddev": 0,
                "min": -180,
                "p10": -180,
                "p90": -180,
                "p99": -180,
                "max": -180
              },
              "y": {
                "median": 227,
                "mean": 227,
                "mdev": 0,
                "stddev": 0,
                "min": 227,
                "p10": 227,
                "p90": 227,
                "p99": 227,
                "max": 227
              }
            },
            {
              "height": {
                "median": 70,
                "mean": 70,
                "mdev": 0,
                "stddev": 0,
                "min": 70,
                "p10": 70,
                "p90": 70,
                "p99": 70,
                "max": 70
              },
              "width": {
                "median": 332,
                "mean": 332,
                "mdev": 0,
                "stddev": 0,
                "min": 332,
                "p10": 332,
                "p90": 332,
                "p99": 332,
                "max": 332
              },
              "x": {
                "median": 14,
                "mean": 14,
                "mdev": 0,
                "stddev": 0,
                "min": 14,
                "p10": 14,
                "p90": 14,
                "p99": 14,
                "max": 14
              },
              "y": {
                "median": 172,
                "mean": 172,
                "mdev": 0,
                "stddev": 0,
                "min": 172,
                "p10": 172,
                "p90": 172,
                "p99": 172,
                "max": 172
              }
            }
          ],
          "viewport": {
            "height": {
              "median": 612,
              "mean": 612,
              "mdev": 0,
              "stddev": 0,
              "min": 612,
              "p10": 612,
              "p90": 612,
              "p99": 612,
              "max": 612
            },
            "width": {
              "median": 360,
              "mean": 360,
              "mdev": 0,
              "stddev": 0,
              "min": 360,
              "p10": 360,
              "p90": 360,
              "p99": 360,
              "max": 360
            }
          }
        }
      },
      "timings": {
        "firstPaint": {
          "median": 2659,
          "mean": 2640,
          "mdev": 115.0488,
          "stddev": 199,
          "min": 2387,
          "p10": 2387,
          "p90": 2874,
          "p99": 2874,
          "max": 2874
        },
        "loadEventEnd": {
          "median": 11821,
          "mean": 11933,
          "mdev": 470.8017,
          "stddev": 815,
          "min": 10995,
          "p10": 10995,
          "p90": 12983,
          "p99": 12983,
          "max": 12983
        },
        "navigationTiming": {
          "connectStart": {
            "median": 295,
            "mean": 231,
            "mdev": 55.6983,
            "stddev": 96,
            "min": 95,
            "p10": 95,
            "p90": 304,
            "p99": 304,
            "max": 304
          },
          "domComplete": {
            "median": 11806,
            "mean": 11919,
            "mdev": 471.5452,
            "stddev": 817,
            "min": 10980,
            "p10": 10980,
            "p90": 12971,
            "p99": 12971,
            "max": 12971
          },
          "domContentLoadedEventEnd": {
            "median": 2414,
            "mean": 2362,
            "mdev": 136.7368,
            "stddev": 237,
            "min": 2049,
            "p10": 2049,
            "p90": 2622,
            "p99": 2622,
            "max": 2622
          },
          "domContentLoadedEventStart": {
            "median": 2406,
            "mean": 2353,
            "mdev": 136.9909,
            "stddev": 237,
            "min": 2040,
            "p10": 2040,
            "p90": 2614,
            "p99": 2614,
            "max": 2614
          },
          "domInteractive": {
            "median": 1080,
            "mean": 1017,
            "mdev": 107.0794,
            "stddev": 185,
            "min": 765,
            "p10": 765,
            "p90": 1206,
            "p99": 1206,
            "max": 1206
          },
          "domainLookupEnd": {
            "median": 294,
            "mean": 231,
            "mdev": 55.4263,
            "stddev": 96,
            "min": 95,
            "p10": 95,
            "p90": 303,
            "p99": 303,
            "max": 303
          },
          "domainLookupStart": {
            "median": 294,
            "mean": 230,
            "mdev": 55.6983,
            "stddev": 96,
            "min": 94,
            "p10": 94,
            "p90": 303,
            "p99": 303,
            "max": 303
          },
          "duration": {
            "median": 11821,
            "mean": 11933,
            "mdev": 470.8017,
            "stddev": 815,
            "min": 10995,
            "p10": 10995,
            "p90": 12983,
            "p99": 12983,
            "max": 12983
          },
          "fetchStart": {
            "median": 2,
            "mean": 2,
            "mdev": 0.2722,
            "stddev": 0,
            "min": 2,
            "p10": 2,
            "p90": 3,
            "p99": 3,
            "max": 3
          },
          "loadEventEnd": {
            "median": 11821,
            "mean": 11933,
            "mdev": 470.8017,
            "stddev": 815,
            "min": 10995,
            "p10": 10995,
            "p90": 12983,
            "p99": 12983,
            "max": 12983
          },
          "loadEventStart": {
            "median": 11806,
            "mean": 11919,
            "mdev": 471.324,
            "stddev": 816,
            "min": 10981,
            "p10": 10981,
            "p90": 12971,
            "p99": 12971,
            "max": 12971
          },
          "redirectEnd": {
            "median": 0,
            "mean": 0,
            "mdev": 0,
            "stddev": 0,
            "min": 0,
            "p10": 0,
            "p90": 0,
            "p99": 0,
            "max": 0
          },
          "redirectStart": {
            "median": 0,
            "mean": 0,
            "mdev": 0,
            "stddev": 0,
            "min": 0,
            "p10": 0,
            "p90": 0,
            "p99": 0,
            "max": 0
          },
          "requestStart": {
            "median": 427,
            "mean": 372,
            "mdev": 60.6429,
            "stddev": 105,
            "min": 225,
            "p10": 225,
            "p90": 464,
            "p99": 464,
            "max": 464
          },
          "responseEnd": {
            "median": 465,
            "mean": 410,
            "mdev": 61.3502,
            "stddev": 106,
            "min": 261,
            "p10": 261,
            "p90": 503,
            "p99": 503,
            "max": 503
          },
          "responseStart": {
            "median": 465,
            "mean": 410,
            "mdev": 61.3502,
            "stddev": 106,
            "min": 261,
            "p10": 261,
            "p90": 503,
            "p99": 503,
            "max": 503
          },
          "secureConnectionStart": {
            "median": 332,
            "mean": 269,
            "mdev": 56.262,
            "stddev": 97,
            "min": 131,
            "p10": 131,
            "p90": 343,
            "p99": 343,
            "max": 343
          },
          "startTime": {
            "median": 0,
            "mean": 0,
            "mdev": 0,
            "stddev": 0,
            "min": 0,
            "p10": 0,
            "p90": 0,
            "p99": 0,
            "max": 0
          },
          "unloadEventEnd": {
            "median": 0,
            "mean": 0,
            "mdev": 0,
            "stddev": 0,
            "min": 0,
            "p10": 0,
            "p90": 0,
            "p99": 0,
            "max": 0
          },
          "unloadEventStart": {
            "median": 0,
            "mean": 0,
            "mdev": 0,
            "stddev": 0,
            "min": 0,
            "p10": 0,
            "p90": 0,
            "p99": 0,
            "max": 0
          },
          "workerStart": {
            "median": 0,
            "mean": 0,
            "mdev": 0,
            "stddev": 0,
            "min": 0,
            "p10": 0,
            "p90": 0,
            "p99": 0,
            "max": 0
          }
        },
        "pageTimings": {
          "backEndTime": {
            "median": 465,
            "mean": 410,
            "mdev": 61.3502,
            "stddev": 106,
            "min": 261,
            "p10": 261,
            "p90": 503,
            "p99": 503,
            "max": 503
          },
          "domContentLoadedTime": {
            "median": 2406,
            "mean": 2353,
            "mdev": 136.9909,
            "stddev": 237,
            "min": 2040,
            "p10": 2040,
            "p90": 2614,
            "p99": 2614,
            "max": 2614
          },
          "domInteractiveTime": {
            "median": 1080,
            "mean": 1017,
            "mdev": 107.0794,
            "stddev": 185,
            "min": 765,
            "p10": 765,
            "p90": 1206,
            "p99": 1206,
            "max": 1206
          },
          "domainLookupTime": {
            "median": 0,
            "mean": 0,
            "mdev": 0,
            "stddev": 0,
            "min": 0,
            "p10": 0,
            "p90": 0,
            "p99": 0,
            "max": 0
          },
          "frontEndTime": {
            "median": 11341,
            "mean": 11509,
            "mdev": 417.6772,
            "stddev": 723,
            "min": 10719,
            "p10": 10719,
            "p90": 12467,
            "p99": 12467,
            "max": 12467
          },
          "pageDownloadTime": {
            "median": 0,
            "mean": 0,
            "mdev": 0,
            "stddev": 0,
            "min": 0,
            "p10": 0,
            "p90": 0,
            "p99": 0,
            "max": 0
          },
          "pageLoadTime": {
            "median": 11806,
            "mean": 11919,
            "mdev": 471.324,
            "stddev": 816,
            "min": 10981,
            "p10": 10981,
            "p90": 12971,
            "p99": 12971,
            "max": 12971
          },
          "redirectionTime": {
            "median": 0,
            "mean": 0,
            "mdev": 0,
            "stddev": 0,
            "min": 0,
            "p10": 0,
            "p90": 0,
            "p99": 0,
            "max": 0
          },
          "serverConnectionTime": {
            "median": 131,
            "mean": 140,
            "mdev": 7.9069,
            "stddev": 14,
            "min": 129,
            "p10": 129,
            "p90": 159,
            "p99": 159,
            "max": 159
          },
          "serverResponseTime": {
            "median": 38,
            "mean": 38,
            "mdev": 0.4714,
            "stddev": 1,
            "min": 37,
            "p10": 37,
            "p90": 39,
            "p99": 39,
            "max": 39
          }
        },
        "rumSpeedIndex": {
          "median": 464,
          "mean": 409,
          "mdev": 61.2505,
          "stddev": 106,
          "min": 261,
          "p10": 261,
          "p90": 503,
          "p99": 503,
          "max": 503
        },
        "timeToContentfulPaint": {
          "median": 4435,
          "mean": 4567,
          "mdev": 242.0442,
          "stddev": 419,
          "min": 4133,
          "p10": 4133,
          "p90": 5134,
          "p99": 5134,
          "max": 5134
        },
        "timeToDomContentFlushed": {
          "median": 2253,
          "mean": 2212,
          "mdev": 116.6813,
          "stddev": 202,
          "min": 1947,
          "p10": 1947,
          "p90": 2437,
          "p99": 2437,
          "max": 2437
        }
      }
    }
  }
]