[
  {
    "info": {
      "browsertime": {
        "version": "8.4.0"
      },
      "url": "https://www.rakuten.co.jp/",
      "timestamp": "2021-03-30T05:25:44+04:00",
      "connectivity": {
        "engine": "external",
        "profile": "native"
      },
      "extra": {}
    },
    "files": {
      "video": [],
      "screenshot": [],
      "timeline": [],
      "consoleLog": [],
      "netLog": [],
      "perfLog": []
    },
    "cdp": {
      "performance": []
    },
    "timestamps": [
      "2021-03-30T05:25:16+04:00",
      "2021-03-30T05:25:58+04:00",
      "2021-03-30T05:26:38+04:00"
    ],
    "browserScripts": [
      {
        "browser": {
          "appConstants": {
            "ACCESSIBILITY": true,
            "ANDROID_PACKAGE_NAME": "org.mozilla.firefox",
            "ASAN": false,
            "ASAN_REPORTER": false,
            "BROWSER_CHROME_URL": "chrome://browser/content/browser.xul",
            "DEBUG": false,
            "DEBUG_JS_MODULES": "",
            "DLL_PREFIX": "lib",
            "DLL_SUFFIX": ".so",
            "EARLY_BETA_OR_EARLIER": false,
            "FENNEC_NIGHTLY": false,
            "HAVE_SHELL_SERVICE": false,
            "HAVE_USR_LIB64_DIR": false,
            "MENUBAR_CAN_AUTOHIDE": false,
            "MOZILLA_OFFICIAL": true,
            "MOZ_ALLOW_LEGACY_EXTENSIONS": false,
            "MOZ_ANDROID_ACTIVITY_STREAM": false,
            "MOZ_ANDROID_HISTORY": true,
            "MOZ_ANDROID_MOZILLA_ONLINE": false,
            "MOZ_APP_NAME": "fennec",
            "MOZ_APP_VERSION": "68.1.1",
            "MOZ_APP_VERSION_DISPLAY": "68.1.1",
            "MOZ_BING_API_CLIENTID": "no-bing-api-clientid",
            "MOZ_BING_API_KEY": "no-bing-api-key",
            "MOZ_BITS_DOWNLOAD": false,
            "MOZ_BUILD_APP": "mobile/android",
            "MOZ_CODE_COVERAGE": false,
            "MOZ_CRASHREPORTER": true,
            "MOZ_DATA_REPORTING": true,
            "MOZ_DEV_EDITION": false,
            "MOZ_GECKO_PROFILER": true,
            "MOZ_GOOGLE_LOCATION_SERVICE_API_KEY": "AIzaSyB2h2OuRcUgy5N-5hsZqiPW6sH3n_rptiQ",
            "MOZ_GOOGLE_SAFEBROWSING_API_KEY": "AIzaSyC7jsptDS3am4tPx4r3nxis7IMjBc5Dovo",
            "MOZ_GRAPHENE": false,
            "MOZ_MACBUNDLE_NAME": "Firefox.app",
            "MOZ_MAINTENANCE_SERVICE": false,
            "MOZ_MOZILLA_API_KEY": "3b4d27dd-703d-4094-8398-4de2c763505a",
            "MOZ_NEW_CERT_STORAGE": false,
            "MOZ_NEW_NOTIFICATION_STORE": false,
            "MOZ_NEW_XULSTORE": false,
            "MOZ_OFFICIAL_BRANDING": false,
            "MOZ_PLACES": false,
            "MOZ_REQUIRE_SIGNING": false,
            "MOZ_SANDBOX": false,
            "MOZ_SERVICES_HEALTHREPORT": true,
            "MOZ_SERVICES_SYNC": false,
            "MOZ_SWITCHBOARD": true,
            "MOZ_SYSTEM_NSS": false,
            "MOZ_TELEMETRY_ON_BY_DEFAULT": false,
            "MOZ_TELEMETRY_REPORTING": true,
            "MOZ_UNSIGNED_SCOPES": 0,
            "MOZ_UPDATER": false,
            "MOZ_UPDATE_CHANNEL": "release",
            "MOZ_WEBRTC": true,
            "MOZ_WIDGET_GTK": false,
            "MOZ_WIDGET_TOOLKIT": "android",
            "NIGHTLY_BUILD": false,
            "OMNIJAR_NAME": "assets/omni.ja",
            "RELEASE_OR_BETA": true,
            "SOURCE_REVISION_URL": "https://hg.mozilla.org/releases/mozilla-esr68/rev/d2e0b9e17b9bc1ef02606c8006b73293f7892ad5",
            "TELEMETRY_PING_FORMAT_VERSION": 4,
            "XP_UNIX": true,
            "isPlatformAndVersionAtLeast": {},
            "isPlatformAndVersionAtMost": {},
            "platform": "android"
          },
          "asyncAppConstants": {
            "ACCESSIBILITY": true,
            "ANDROID_PACKAGE_NAME": "org.mozilla.firefox",
            "ASAN": false,
            "ASAN_REPORTER": false,
            "BROWSER_CHROME_URL": "chrome://browser/content/browser.xul",
            "DEBUG": false,
            "DEBUG_JS_MODULES": "",
            "DLL_PREFIX": "lib",
            "DLL_SUFFIX": ".so",
            "EARLY_BETA_OR_EARLIER": false,
            "FENNEC_NIGHTLY": false,
            "HAVE_SHELL_SERVICE": false,
            "HAVE_USR_LIB64_DIR": false,
            "MENUBAR_CAN_AUTOHIDE": false,
            "MOZILLA_OFFICIAL": true,
            "MOZ_ALLOW_LEGACY_EXTENSIONS": false,
            "MOZ_ANDROID_ACTIVITY_STREAM": false,
            "MOZ_ANDROID_HISTORY": true,
            "MOZ_ANDROID_MOZILLA_ONLINE": false,
            "MOZ_APP_NAME": "fennec",
            "MOZ_APP_VERSION": "68.1.1",
            "MOZ_APP_VERSION_DISPLAY": "68.1.1",
            "MOZ_BING_API_CLIENTID": "no-bing-api-clientid",
            "MOZ_BING_API_KEY": "no-bing-api-key",
            "MOZ_BITS_DOWNLOAD": false,
            "MOZ_BUILD_APP": "mobile/android",
            "MOZ_CODE_COVERAGE": false,
            "MOZ_CRASHREPORTER": true,
            "MOZ_DATA_REPORTING": true,
            "MOZ_DEV_EDITION": false,
            "MOZ_GECKO_PROFILER": true,
            "MOZ_GOOGLE_LOCATION_SERVICE_API_KEY": "AIzaSyB2h2OuRcUgy5N-5hsZqiPW6sH3n_rptiQ",
            "MOZ_GOOGLE_SAFEBROWSING_API_KEY": "AIzaSyC7jsptDS3am4tPx4r3nxis7IMjBc5Dovo",
            "MOZ_GRAPHENE": false,
            "MOZ_MACBUNDLE_NAME": "Firefox.app",
            "MOZ_MAINTENANCE_SERVICE": false,
            "MOZ_MOZILLA_API_KEY": "3b4d27dd-703d-4094-8398-4de2c763505a",
            "MOZ_NEW_CERT_STORAGE": false,
            "MOZ_NEW_NOTIFICATION_STORE": false,
            "MOZ_NEW_XULSTORE": false,
            "MOZ_OFFICIAL_BRANDING": false,
            "MOZ_PLACES": false,
            "MOZ_REQUIRE_SIGNING": false,
            "MOZ_SANDBOX": false,
            "MOZ_SERVICES_HEALTHREPORT": true,
            "MOZ_SERVICES_SYNC": false,
            "MOZ_SWITCHBOARD": true,
            "MOZ_SYSTEM_NSS": false,
            "MOZ_TELEMETRY_ON_BY_DEFAULT": false,
            "MOZ_TELEMETRY_REPORTING": true,
            "MOZ_UNSIGNED_SCOPES": 0,
            "MOZ_UPDATER": false,
            "MOZ_UPDATE_CHANNEL": "release",
            "MOZ_WEBRTC": true,
            "MOZ_WIDGET_GTK": false,
            "MOZ_WIDGET_TOOLKIT": "android",
            "NIGHTLY_BUILD": false,
            "OMNIJAR_NAME": "assets/omni.ja",
            "RELEASE_OR_BETA": true,
            "SOURCE_REVISION_URL": "https://hg.mozilla.org/releases/mozilla-esr68/rev/d2e0b9e17b9bc1ef02606c8006b73293f7892ad5",
            "TELEMETRY_PING_FORMAT_VERSION": 4,
            "XP_UNIX": true,
            "isPlatformAndVersionAtLeast": {},
            "isPlatformAndVersionAtMost": {},
            "platform": "android"
          },
          "userAgent": "Mozilla/5.0 (Android 8.1.0; Mobile; rv:68.0) Gecko/68.0 Firefox/68.0",
          "windowSize": "360x560"
        },
        "pageinfo": {
          "documentHeight": 5523,
          "documentSize": {
            "decodedBodySize": 79621,
            "encodedBodySize": 17047,
            "transferSize": 18372
          },
          "documentTitle": "楽天市場",
          "documentWidth": 360,
          "domElements": 1260,
          "navigationStartTime": 1617067516657,
          "nextHopProtocol": "h2",
          "resources": {
            "count": 0,
            "duration": 0
          },
          "responsive": true,
          "url": "https://www.rakuten.co.jp/",
          "visualElements": {
            "heroes": [
              {
                "filename": "20210330_sp_bigbnr_FashionDay.jpg",
                "height": 131,
                "name": "LargestImage",
                "width": 360,
                "x": 0,
                "y": 304
              }
            ],
            "viewport": {
              "height": 560,
              "width": 360
            }
          }
        },
        "timings": {
          "firstPaint": 1601,
          "loadEventEnd": 13478,
          "navigationTiming": {
            "connectStart": 294,
            "domComplete": 13391,
            "domContentLoadedEventEnd": 7597,
            "domContentLoadedEventStart": 7574,
            "domInteractive": 5804,
            "domainLookupEnd": 293,
            "domainLookupStart": 293,
            "duration": 13478,
            "fetchStart": 7,
            "loadEventEnd": 13478,
            "loadEventStart": 13391,
            "redirectEnd": 0,
            "redirectStart": 0,
            "requestStart": 489,
            "responseEnd": 719,
            "responseStart": 712,
            "secureConnectionStart": 306,
            "startTime": 0,
            "unloadEventEnd": 0,
            "unloadEventStart": 0,
            "workerStart": 0
          },
          "pageTimings": {
            "backEndTime": 712,
            "domContentLoadedTime": 7574,
            "domInteractiveTime": 5804,
            "domainLookupTime": 0,
            "frontEndTime": 12672,
            "pageDownloadTime": 8,
            "pageLoadTime": 13391,
            "redirectionTime": 0,
            "serverConnectionTime": 194,
            "serverResponseTime": 231
          },
          "rumSpeedIndex": 711,
          "timeToContentfulPaint": 5752,
          "timeToDomContentFlushed": 7211,
          "userTimings": {
            "marks": [
              {
                "name": "gpt-tag-load",
                "startTime": 12128.24
              },
              {
                "name": "gpt-first-ad-request",
                "startTime": 12376.16
              },
              {
                "name": "gpt-first-ad-render",
                "startTime": 13221.74
              }
            ],
            "measures": []
          }
        }
      },
      {
        "browser": {
          "appConstants": {
            "ACCESSIBILITY": true,
            "ANDROID_PACKAGE_NAME": "org.mozilla.firefox",
            "ASAN": false,
            "ASAN_REPORTER": false,
            "BROWSER_CHROME_URL": "chrome://browser/content/browser.xul",
            "DEBUG": false,
            "DEBUG_JS_MODULES": "",
            "DLL_PREFIX": "lib",
            "DLL_SUFFIX": ".so",
            "EARLY_BETA_OR_EARLIER": false,
            "FENNEC_NIGHTLY": false,
            "HAVE_SHELL_SERVICE": false,
            "HAVE_USR_LIB64_DIR": false,
            "MENUBAR_CAN_AUTOHIDE": false,
            "MOZILLA_OFFICIAL": true,
            "MOZ_ALLOW_LEGACY_EXTENSIONS": false,
            "MOZ_ANDROID_ACTIVITY_STREAM": false,
            "MOZ_ANDROID_HISTORY": true,
            "MOZ_ANDROID_MOZILLA_ONLINE": false,
            "MOZ_APP_NAME": "fennec",
            "MOZ_APP_VERSION": "68.1.1",
            "MOZ_APP_VERSION_DISPLAY": "68.1.1",
            "MOZ_BING_API_CLIENTID": "no-bing-api-clientid",
            "MOZ_BING_API_KEY": "no-bing-api-key",
            "MOZ_BITS_DOWNLOAD": false,
            "MOZ_BUILD_APP": "mobile/android",
            "MOZ_CODE_COVERAGE": false,
            "MOZ_CRASHREPORTER": true,
            "MOZ_DATA_REPORTING": true,
            "MOZ_DEV_EDITION": false,
            "MOZ_GECKO_PROFILER": true,
            "MOZ_GOOGLE_LOCATION_SERVICE_API_KEY": "AIzaSyB2h2OuRcUgy5N-5hsZqiPW6sH3n_rptiQ",
            "MOZ_GOOGLE_SAFEBROWSING_API_KEY": "AIzaSyC7jsptDS3am4tPx4r3nxis7IMjBc5Dovo",
            "MOZ_GRAPHENE": false,
            "MOZ_MACBUNDLE_NAME": "Firefox.app",
            "MOZ_MAINTENANCE_SERVICE": false,
            "MOZ_MOZILLA_API_KEY": "3b4d27dd-703d-4094-8398-4de2c763505a",
            "MOZ_NEW_CERT_STORAGE": false,
            "MOZ_NEW_NOTIFICATION_STORE": false,
            "MOZ_NEW_XULSTORE": false,
            "MOZ_OFFICIAL_BRANDING": false,
            "MOZ_PLACES": false,
            "MOZ_REQUIRE_SIGNING": false,
            "MOZ_SANDBOX": false,
            "MOZ_SERVICES_HEALTHREPORT": true,
            "MOZ_SERVICES_SYNC": false,
            "MOZ_SWITCHBOARD": true,
            "MOZ_SYSTEM_NSS": false,
            "MOZ_TELEMETRY_ON_BY_DEFAULT": false,
            "MOZ_TELEMETRY_REPORTING": true,
            "MOZ_UNSIGNED_SCOPES": 0,
            "MOZ_UPDATER": false,
            "MOZ_UPDATE_CHANNEL": "release",
            "MOZ_WEBRTC": true,
            "MOZ_WIDGET_GTK": false,
            "MOZ_WIDGET_TOOLKIT": "android",
            "NIGHTLY_BUILD": false,
            "OMNIJAR_NAME": "assets/omni.ja",
            "RELEASE_OR_BETA": true,
            "SOURCE_REVISION_URL": "https://hg.mozilla.org/releases/mozilla-esr68/rev/d2e0b9e17b9bc1ef02606c8006b73293f7892ad5",
            "TELEMETRY_PING_FORMAT_VERSION": 4,
            "XP_UNIX": true,
            "isPlatformAndVersionAtLeast": {},
            "isPlatformAndVersionAtMost": {},
            "platform": "android"
          },
          "asyncAppConstants": {
            "ACCESSIBILITY": true,
            "ANDROID_PACKAGE_NAME": "org.mozilla.firefox",
            "ASAN": false,
            "ASAN_REPORTER": false,
            "BROWSER_CHROME_URL": "chrome://browser/content/browser.xul",
            "DEBUG": false,
            "DEBUG_JS_MODULES": "",
            "DLL_PREFIX": "lib",
            "DLL_SUFFIX": ".so",
            "EARLY_BETA_OR_EARLIER": false,
            "FENNEC_NIGHTLY": false,
            "HAVE_SHELL_SERVICE": false,
            "HAVE_USR_LIB64_DIR": false,
            "MENUBAR_CAN_AUTOHIDE": false,
            "MOZILLA_OFFICIAL": true,
            "MOZ_ALLOW_LEGACY_EXTENSIONS": false,
            "MOZ_ANDROID_ACTIVITY_STREAM": false,
            "MOZ_ANDROID_HISTORY": true,
            "MOZ_ANDROID_MOZILLA_ONLINE": false,
            "MOZ_APP_NAME": "fennec",
            "MOZ_APP_VERSION": "68.1.1",
            "MOZ_APP_VERSION_DISPLAY": "68.1.1",
            "MOZ_BING_API_CLIENTID": "no-bing-api-clientid",
            "MOZ_BING_API_KEY": "no-bing-api-key",
            "MOZ_BITS_DOWNLOAD": false,
            "MOZ_BUILD_APP": "mobile/android",
            "MOZ_CODE_COVERAGE": false,
            "MOZ_CRASHREPORTER": true,
            "MOZ_DATA_REPORTING": true,
            "MOZ_DEV_EDITION": false,
            "MOZ_GECKO_PROFILER": true,
            "MOZ_GOOGLE_LOCATION_SERVICE_API_KEY": "AIzaSyB2h2OuRcUgy5N-5hsZqiPW6sH3n_rptiQ",
            "MOZ_GOOGLE_SAFEBROWSING_API_KEY": "AIzaSyC7jsptDS3am4tPx4r3nxis7IMjBc5Dovo",
            "MOZ_GRAPHENE": false,
            "MOZ_MACBUNDLE_NAME": "Firefox.app",
            "MOZ_MAINTENANCE_SERVICE": false,
            "MOZ_MOZILLA_API_KEY": "3b4d27dd-703d-4094-8398-4de2c763505a",
            "MOZ_NEW_CERT_STORAGE": false,
            "MOZ_NEW_NOTIFICATION_STORE": false,
            "MOZ_NEW_XULSTORE": false,
            "MOZ_OFFICIAL_BRANDING": false,
            "MOZ_PLACES": false,
            "MOZ_REQUIRE_SIGNING": false,
            "MOZ_SANDBOX": false,
            "MOZ_SERVICES_HEALTHREPORT": true,
            "MOZ_SERVICES_SYNC": false,
            "MOZ_SWITCHBOARD": true,
            "MOZ_SYSTEM_NSS": false,
            "MOZ_TELEMETRY_ON_BY_DEFAULT": false,
            "MOZ_TELEMETRY_REPORTING": true,
            "MOZ_UNSIGNED_SCOPES": 0,
            "MOZ_UPDATER": false,
            "MOZ_UPDATE_CHANNEL": "release",
            "MOZ_WEBRTC": true,
            "MOZ_WIDGET_GTK": false,
            "MOZ_WIDGET_TOOLKIT": "android",
            "NIGHTLY_BUILD": false,
            "OMNIJAR_NAME": "assets/omni.ja",
            "RELEASE_OR_BETA": true,
            "SOURCE_REVISION_URL": "https://hg.mozilla.org/releases/mozilla-esr68/rev/d2e0b9e17b9bc1ef02606c8006b73293f7892ad5",
            "TELEMETRY_PING_FORMAT_VERSION": 4,
            "XP_UNIX": true,
            "isPlatformAndVersionAtLeast": {},
            "isPlatformAndVersionAtMost": {},
            "platform": "android"
          },
          "userAgent": "Mozilla/5.0 (Android 8.1.0; Mobile; rv:68.0) Gecko/68.0 Firefox/68.0",
          "windowSize": "360x560"
        },
        "pageinfo": {
          "documentHeight": 5523,
          "documentSize": {
            "decodedBodySize": 79707,
            "encodedBodySize": 17044,
            "transferSize": 18369
          },
          "documentTitle": "楽天市場",
          "documentWidth": 360,
          "domElements": 1261,
          "navigationStartTime": 1617067559071,
          "nextHopProtocol": "h2",
          "resources": {
            "count": 0,
            "duration": 0
          },
          "responsive": true,
          "url": "https://www.rakuten.co.jp/",
          "visualElements": {
            "heroes": [
              {
                "filename": "20210330_sp_bigbnr_FashionDay.jpg",
                "height": 131,
                "name": "LargestImage",
                "width": 360,
                "x": 0,
                "y": 304
              }
            ],
            "viewport": {
              "height": 560,
              "width": 360
            }
          }
        },
        "timings": {
          "firstPaint": 1368,
          "loadEventEnd": 12303,
          "navigationTiming": {
            "connectStart": 44,
            "domComplete": 12270,
            "domContentLoadedEventEnd": 6748,
            "domContentLoadedEventStart": 6727,
            "domInteractive": 5572,
            "domainLookupEnd": 44,
            "domainLookupStart": 44,
            "duration": 12303,
            "fetchStart": 3,
            "loadEventEnd": 12303,
            "loadEventStart": 12270,
            "redirectEnd": 0,
            "redirectStart": 0,
            "requestStart": 271,
            "responseEnd": 558,
            "responseStart": 548,
            "secureConnectionStart": 57,
            "startTime": 0,
            "unloadEventEnd": 0,
            "unloadEventStart": 0,
            "workerStart": 0
          },
          "pageTimings": {
            "backEndTime": 548,
            "domContentLoadedTime": 6727,
            "domInteractiveTime": 5572,
            "domainLookupTime": 0,
            "frontEndTime": 11712,
            "pageDownloadTime": 10,
            "pageLoadTime": 12270,
            "redirectionTime": 0,
            "serverConnectionTime": 225,
            "serverResponseTime": 287
          },
          "rumSpeedIndex": 547,
          "timeToContentfulPaint": 5522,
          "timeToDomContentFlushed": 6688,
          "userTimings": {
            "marks": [
              {
                "name": "gpt-tag-load",
                "startTime": 11257.56
              },
              {
                "name": "gpt-first-ad-request",
                "startTime": 11478.68
              },
              {
                "name": "gpt-first-ad-render",
                "startTime": 12215.64
              }
            ],
            "measures": []
          }
        }
      },
      {
        "browser": {
          "appConstants": {
            "ACCESSIBILITY": true,
            "ANDROID_PACKAGE_NAME": "org.mozilla.firefox",
            "ASAN": false,
            "ASAN_REPORTER": false,
            "BROWSER_CHROME_URL": "chrome://browser/content/browser.xul",
            "DEBUG": false,
            "DEBUG_JS_MODULES": "",
            "DLL_PREFIX": "lib",
            "DLL_SUFFIX": ".so",
            "EARLY_BETA_OR_EARLIER": false,
            "FENNEC_NIGHTLY": false,
            "HAVE_SHELL_SERVICE": false,
            "HAVE_USR_LIB64_DIR": false,
            "MENUBAR_CAN_AUTOHIDE": false,
            "MOZILLA_OFFICIAL": true,
            "MOZ_ALLOW_LEGACY_EXTENSIONS": false,
            "MOZ_ANDROID_ACTIVITY_STREAM": false,
            "MOZ_ANDROID_HISTORY": true,
            "MOZ_ANDROID_MOZILLA_ONLINE": false,
            "MOZ_APP_NAME": "fennec",
            "MOZ_APP_VERSION": "68.1.1",
            "MOZ_APP_VERSION_DISPLAY": "68.1.1",
            "MOZ_BING_API_CLIENTID": "no-bing-api-clientid",
            "MOZ_BING_API_KEY": "no-bing-api-key",
            "MOZ_BITS_DOWNLOAD": false,
            "MOZ_BUILD_APP": "mobile/android",
            "MOZ_CODE_COVERAGE": false,
            "MOZ_CRASHREPORTER": true,
            "MOZ_DATA_REPORTING": true,
            "MOZ_DEV_EDITION": false,
            "MOZ_GECKO_PROFILER": true,
            "MOZ_GOOGLE_LOCATION_SERVICE_API_KEY": "AIzaSyB2h2OuRcUgy5N-5hsZqiPW6sH3n_rptiQ",
            "MOZ_GOOGLE_SAFEBROWSING_API_KEY": "AIzaSyC7jsptDS3am4tPx4r3nxis7IMjBc5Dovo",
            "MOZ_GRAPHENE": false,
            "MOZ_MACBUNDLE_NAME": "Firefox.app",
            "MOZ_MAINTENANCE_SERVICE": false,
            "MOZ_MOZILLA_API_KEY": "3b4d27dd-703d-4094-8398-4de2c763505a",
            "MOZ_NEW_CERT_STORAGE": false,
            "MOZ_NEW_NOTIFICATION_STORE": false,
            "MOZ_NEW_XULSTORE": false,
            "MOZ_OFFICIAL_BRANDING": false,
            "MOZ_PLACES": false,
            "MOZ_REQUIRE_SIGNING": false,
            "MOZ_SANDBOX": false,
            "MOZ_SERVICES_HEALTHREPORT": true,
            "MOZ_SERVICES_SYNC": false,
            "MOZ_SWITCHBOARD": true,
            "MOZ_SYSTEM_NSS": false,
            "MOZ_TELEMETRY_ON_BY_DEFAULT": false,
            "MOZ_TELEMETRY_REPORTING": true,
            "MOZ_UNSIGNED_SCOPES": 0,
            "MOZ_UPDATER": false,
            "MOZ_UPDATE_CHANNEL": "release",
            "MOZ_WEBRTC": true,
            "MOZ_WIDGET_GTK": false,
            "MOZ_WIDGET_TOOLKIT": "android",
            "NIGHTLY_BUILD": false,
            "OMNIJAR_NAME": "assets/omni.ja",
            "RELEASE_OR_BETA": true,
            "SOURCE_REVISION_URL": "https://hg.mozilla.org/releases/mozilla-esr68/rev/d2e0b9e17b9bc1ef02606c8006b73293f7892ad5",
            "TELEMETRY_PING_FORMAT_VERSION": 4,
            "XP_UNIX": true,
            "isPlatformAndVersionAtLeast": {},
            "isPlatformAndVersionAtMost": {},
            "platform": "android"
          },
          "asyncAppConstants": {
            "ACCESSIBILITY": true,
            "ANDROID_PACKAGE_NAME": "org.mozilla.firefox",
            "ASAN": false,
            "ASAN_REPORTER": false,
            "BROWSER_CHROME_URL": "chrome://browser/content/browser.xul",
            "DEBUG": false,
            "DEBUG_JS_MODULES": "",
            "DLL_PREFIX": "lib",
            "DLL_SUFFIX": ".so",
            "EARLY_BETA_OR_EARLIER": false,
            "FENNEC_NIGHTLY": false,
            "HAVE_SHELL_SERVICE": false,
            "HAVE_USR_LIB64_DIR": false,
            "MENUBAR_CAN_AUTOHIDE": false,
            "MOZILLA_OFFICIAL": true,
            "MOZ_ALLOW_LEGACY_EXTENSIONS": false,
            "MOZ_ANDROID_ACTIVITY_STREAM": false,
            "MOZ_ANDROID_HISTORY": true,
            "MOZ_ANDROID_MOZILLA_ONLINE": false,
            "MOZ_APP_NAME": "fennec",
            "MOZ_APP_VERSION": "68.1.1",
            "MOZ_APP_VERSION_DISPLAY": "68.1.1",
            "MOZ_BING_API_CLIENTID": "no-bing-api-clientid",
            "MOZ_BING_API_KEY": "no-bing-api-key",
            "MOZ_BITS_DOWNLOAD": false,
            "MOZ_BUILD_APP": "mobile/android",
            "MOZ_CODE_COVERAGE": false,
            "MOZ_CRASHREPORTER": true,
            "MOZ_DATA_REPORTING": true,
            "MOZ_DEV_EDITION": false,
            "MOZ_GECKO_PROFILER": true,
            "MOZ_GOOGLE_LOCATION_SERVICE_API_KEY": "AIzaSyB2h2OuRcUgy5N-5hsZqiPW6sH3n_rptiQ",
            "MOZ_GOOGLE_SAFEBROWSING_API_KEY": "AIzaSyC7jsptDS3am4tPx4r3nxis7IMjBc5Dovo",
            "MOZ_GRAPHENE": false,
            "MOZ_MACBUNDLE_NAME": "Firefox.app",
            "MOZ_MAINTENANCE_SERVICE": false,
            "MOZ_MOZILLA_API_KEY": "3b4d27dd-703d-4094-8398-4de2c763505a",
            "MOZ_NEW_CERT_STORAGE": false,
            "MOZ_NEW_NOTIFICATION_STORE": false,
            "MOZ_NEW_XULSTORE": false,
            "MOZ_OFFICIAL_BRANDING": false,
            "MOZ_PLACES": false,
            "MOZ_REQUIRE_SIGNING": false,
            "MOZ_SANDBOX": false,
            "MOZ_SERVICES_HEALTHREPORT": true,
            "MOZ_SERVICES_SYNC": false,
            "MOZ_SWITCHBOARD": true,
            "MOZ_SYSTEM_NSS": false,
            "MOZ_TELEMETRY_ON_BY_DEFAULT": false,
            "MOZ_TELEMETRY_REPORTING": true,
            "MOZ_UNSIGNED_SCOPES": 0,
            "MOZ_UPDATER": false,
            "MOZ_UPDATE_CHANNEL": "release",
            "MOZ_WEBRTC": true,
            "MOZ_WIDGET_GTK": false,
            "MOZ_WIDGET_TOOLKIT": "android",
            "NIGHTLY_BUILD": false,
            "OMNIJAR_NAME": "assets/omni.ja",
            "RELEASE_OR_BETA": true,
            "SOURCE_REVISION_URL": "https://hg.mozilla.org/releases/mozilla-esr68/rev/d2e0b9e17b9bc1ef02606c8006b73293f7892ad5",
            "TELEMETRY_PING_FORMAT_VERSION": 4,
            "XP_UNIX": true,
            "isPlatformAndVersionAtLeast": {},
            "isPlatformAndVersionAtMost": {},
            "platform": "android"
          },
          "userAgent": "Mozilla/5.0 (Android 8.1.0; Mobile; rv:68.0) Gecko/68.0 Firefox/68.0",
          "windowSize": "360x560"
        },
        "pageinfo": {
          "documentHeight": 5523,
          "documentSize": {
            "decodedBodySize": 79653,
            "encodedBodySize": 17042,
            "transferSize": 18367
          },
          "documentTitle": "楽天市場",
          "documentWidth": 360,
          "domElements": 1262,
          "navigationStartTime": 1617067599205,
          "nextHopProtocol": "h2",
          "resources": {
            "count": 0,
            "duration": 0
          },
          "responsive": true,
          "url": "https://www.rakuten.co.jp/",
          "visualElements": {
            "heroes": [
              {
                "filename": "20210202_sp_bigbnr_newlife.jpg",
                "height": 131,
                "name": "LargestImage",
                "width": 360,
                "x": 0,
                "y": 304
              }
            ],
            "viewport": {
              "height": 560,
              "width": 360
            }
          }
        },
        "timings": {
          "firstPaint": 1401,
          "loadEventEnd": 12676,
          "navigationTiming": {
            "connectStart": 43,
            "domComplete": 12643,
            "domContentLoadedEventEnd": 7127,
            "domContentLoadedEventStart": 7100,
            "domInteractive": 5685,
            "domainLookupEnd": 43,
            "domainLookupStart": 43,
            "duration": 12676,
            "fetchStart": 3,
            "loadEventEnd": 12676,
            "loadEventStart": 12643,
            "redirectEnd": 0,
            "redirectStart": 0,
            "requestStart": 251,
            "responseEnd": 460,
            "responseStart": 455,
            "secureConnectionStart": 58,
            "startTime": 0,
            "unloadEventEnd": 0,
            "unloadEventStart": 0,
            "workerStart": 0
          },
          "pageTimings": {
            "backEndTime": 455,
            "domContentLoadedTime": 7100,
            "domInteractiveTime": 5685,
            "domainLookupTime": 0,
            "frontEndTime": 12183,
            "pageDownloadTime": 5,
            "pageLoadTime": 12643,
            "redirectionTime": 0,
            "serverConnectionTime": 207,
            "serverResponseTime": 209
          },
          "rumSpeedIndex": 455,
          "timeToContentfulPaint": 5657,
          "timeToDomContentFlushed": 6907,
          "userTimings": {
            "marks": [
              {
                "name": "gpt-tag-load",
                "startTime": 11728.12
              },
              {
                "name": "gpt-first-ad-request",
                "startTime": 11937.46
              },
              {
                "name": "gpt-first-ad-render",
                "startTime": 12608.66
              }
            ],
            "measures": []
          }
        }
      }
    ],
    "visualMetrics": [],
    "cpu": [],
    "extras": [
      {},
      {},
      {}
    ],
    "fullyLoaded": [],
    "errors": [
      [],
      [],
      []
    ],
    "statistics": {
      "browser": {
        "appConstants": {
          "MOZ_UNSIGNED_SCOPES": {
            "median": 0,
            "mean": 0,
            "mdev": 0,
            "stddev": 0,
            "min": 0,
            "p10": 0,
            "p90": 0,
            "p99": 0,
            "max": 0
          },
          "TELEMETRY_PING_FORMAT_VERSION": {
            "median": 4,
            "mean": 4,
            "mdev": 0,
            "stddev": 0,
            "min": 4,
            "p10": 4,
            "p90": 4,
            "p99": 4,
            "max": 4
          }
        },
        "asyncAppConstants": {
          "MOZ_UNSIGNED_SCOPES": {
            "median": 0,
            "mean": 0,
            "mdev": 0,
            "stddev": 0,
            "min": 0,
            "p10": 0,
            "p90": 0,
            "p99": 0,
            "max": 0
          },
          "TELEMETRY_PING_FORMAT_VERSION": {
            "median": 4,
            "mean": 4,
            "mdev": 0,
            "stddev": 0,
            "min": 4,
            "p10": 4,
            "p90": 4,
            "p99": 4,
            "max": 4
          }
        }
      },
      "pageinfo": {
        "documentHeight": {
          "median": 5523,
          "mean": 5523,
          "mdev": 0,
          "stddev": 0,
          "min": 5523,
          "p10": 5523,
          "p90": 5523,
          "p99": 5523,
          "max": 5523
        },
        "documentSize": {
          "decodedBodySize": {
            "median": 79653,
            "mean": 79660,
            "mdev": 20.4903,
            "stddev": 35,
            "min": 79621,
            "p10": 79621,
            "p90": 79707,
            "p99": 79707,
            "max": 79707
          },
          "encodedBodySize": {
            "median": 17044,
            "mean": 17044,
            "mdev": 1.1863,
            "stddev": 2,
            "min": 17042,
            "p10": 17042,
            "p90": 17047,
            "p99": 17047,
            "max": 17047
          },
          "transferSize": {
            "median": 18369,
            "mean": 18369,
            "mdev": 1.1863,
            "stddev": 2,
            "min": 18367,
            "p10": 18367,
            "p90": 18372,
            "p99": 18372,
            "max": 18372
          }
        },
        "documentWidth": {
          "median": 360,
          "mean": 360,
          "mdev": 0,
          "stddev": 0,
          "min": 360,
          "p10": 360,
          "p90": 360,
          "p99": 360,
          "max": 360
        },
        "domElements": {
          "median": 1261,
          "mean": 1261,
          "mdev": 0.4714,
          "stddev": 1,
          "min": 1260,
          "p10": 1260,
          "p90": 1262,
          "p99": 1262,
          "max": 1262
        },
        "navigationStartTime": {
          "median": 1617067559071,
          "mean": 1617067558311,
          "mdev": 21845.3333,
          "stddev": 37837,
          "min": 1617067516657,
          "p10": 1617067516657,
          "p90": 1617067599205,
          "p99": 1617067599205,
          "max": 1617067599205
        },
        "resources": {
          "count": {
            "median": 0,
            "mean": 0,
            "mdev": 0,
            "stddev": 0,
            "min": 0,
            "p10": 0,
            "p90": 0,
            "p99": 0,
            "max": 0
          },
          "duration": {
            "median": 0,
            "mean": 0,
            "mdev": 0,
            "stddev": 0,
            "min": 0,
            "p10": 0,
            "p90": 0,
            "p99": 0,
            "max": 0
          }
        },
        "visualElements": {
          "heroes": [
            {
              "height": {
                "median": 131,
                "mean": 131,
                "mdev": 0,
                "stddev": 0,
                "min": 131,
                "p10": 131,
                "p90": 131,
                "p99": 131,
                "max": 131
              },
              "width": {
                "median": 360,
                "mean": 360,
                "mdev": 0,
                "stddev": 0,
                "min": 360,
                "p10": 360,
                "p90": 360,
                "p99": 360,
                "max": 360
              },
              "x": {
                "median": 0,
                "mean": 0,
                "mdev": 0,
                "stddev": 0,
                "min": 0,
                "p10": 0,
                "p90": 0,
                "p99": 0,
                "max": 0
              },
              "y": {
                "median": 304,
                "mean": 304,
                "mdev": 0,
                "stddev": 0,
                "min": 304,
                "p10": 304,
                "p90": 304,
                "p99": 304,
                "max": 304
              }
            }
          ],
          "viewport": {
            "height": {
              "median": 560,
              "mean": 560,
              "mdev": 0,
              "stddev": 0,
              "min": 560,
              "p10": 560,
              "p90": 560,
              "p99": 560,
              "max": 560
            },
            "width": {
              "median": 360,
              "mean": 360,
              "mdev": 0,
              "stddev": 0,
              "min": 360,
              "p10": 360,
              "p90": 360,
              "p99": 360,
              "max": 360
            }
          }
        }
      },
      "timings": {
        "firstPaint": {
          "median": 1401,
          "mean": 1457,
          "mdev": 59.435,
          "stddev": 103,
          "min": 1368,
          "p10": 1368,
          "p90": 1601,
          "p99": 1601,
          "max": 1601
        },
        "loadEventEnd": {
          "median": 12676,
          "mean": 12819,
          "mdev": 283.0363,
          "stddev": 490,
          "min": 12303,
          "p10": 12303,
          "p90": 13478,
          "p99": 13478,
          "max": 13478
        },
        "navigationTiming": {
          "connectStart": {
            "median": 44,
            "mean": 127,
            "mdev": 68.1779,
            "stddev": 118,
            "min": 43,
            "p10": 43,
            "p90": 294,
            "p99": 294,
            "max": 294
          },
          "domComplete": {
            "median": 12643,
            "mean": 12768,
            "mdev": 269.1051,
            "stddev": 466,
            "min": 12270,
            "p10": 12270,
            "p90": 13391,
            "p99": 13391,
            "max": 13391
          },
          "domContentLoadedEventEnd": {
            "median": 7127,
            "mean": 7157,
            "mdev": 200.494,
            "stddev": 347,
            "min": 6748,
            "p10": 6748,
            "p90": 7597,
            "p99": 7597,
            "max": 7597
          },
          "domContentLoadedEventStart": {
            "median": 7100,
            "mean": 7134,
            "mdev": 200.1124,
            "stddev": 347,
            "min": 6727,
            "p10": 6727,
            "p90": 7574,
            "p99": 7574,
            "max": 7574
          },
          "domInteractive": {
            "median": 5685,
            "mean": 5687,
            "mdev": 54.689,
            "stddev": 95,
            "min": 5572,
            "p10": 5572,
            "p90": 5804,
            "p99": 5804,
            "max": 5804
          },
          "domainLookupEnd": {
            "median": 44,
            "mean": 127,
            "mdev": 67.9057,
            "stddev": 118,
            "min": 43,
            "p10": 43,
            "p90": 293,
            "p99": 293,
            "max": 293
          },
          "domainLookupStart": {
            "median": 44,
            "mean": 127,
            "mdev": 67.9057,
            "stddev": 118,
            "min": 43,
            "p10": 43,
            "p90": 293,
            "p99": 293,
            "max": 293
          },
          "duration": {
            "median": 12676,
            "mean": 12819,
            "mdev": 283.0363,
            "stddev": 490,
            "min": 12303,
            "p10": 12303,
            "p90": 13478,
            "p99": 13478,
            "max": 13478
          },
          "fetchStart": {
            "median": 3,
            "mean": 4,
            "mdev": 1.0887,
            "stddev": 2,
            "min": 3,
            "p10": 3,
            "p90": 7,
            "p99": 7,
            "max": 7
          },
          "loadEventEnd": {
            "median": 12676,
            "mean": 12819,
            "mdev": 283.0363,
            "stddev": 490,
            "min": 12303,
            "p10": 12303,
            "p90": 13478,
            "p99": 13478,
            "max": 13478
          },
          "loadEventStart": {
            "median": 12643,
            "mean": 12768,
            "mdev": 269.1051,
            "stddev": 466,
            "min": 12270,
            "p10": 12270,
            "p90": 13391,
            "p99": 13391,
            "max": 13391
          },
          "redirectEnd": {
            "median": 0,
            "mean": 0,
            "mdev": 0,
            "stddev": 0,
            "min": 0,
            "p10": 0,
            "p90": 0,
            "p99": 0,
            "max": 0
          },
          "redirectStart": {
            "median": 0,
            "mean": 0,
            "mdev": 0,
            "stddev": 0,
            "min": 0,
            "p10": 0,
            "p90": 0,
            "p99": 0,
            "max": 0
          },
          "requestStart": {
            "median": 271,
            "mean": 337,
            "mdev": 62.2325,
            "stddev": 108,
            "min": 251,
            "p10": 251,
            "p90": 489,
            "p99": 489,
            "max": 489
          },
          "responseEnd": {
            "median": 558,
            "mean": 579,
            "mdev": 61.6459,
            "stddev": 107,
            "min": 460,
            "p10": 460,
            "p90": 719,
            "p99": 719,
            "max": 719
          },
          "responseStart": {
            "median": 548,
            "mean": 572,
            "mdev": 61.3412,
            "stddev": 106,
            "min": 455,
            "p10": 455,
            "p90": 712,
            "p99": 712,
            "max": 712
          },
          "secureConnectionStart": {
            "median": 58,
            "mean": 140,
            "mdev": 67.6335,
            "stddev": 117,
            "min": 57,
            "p10": 57,
            "p90": 306,
            "p99": 306,
            "max": 306
          },
          "startTime": {
            "median": 0,
            "mean": 0,
            "mdev": 0,
            "stddev": 0,
            "min": 0,
            "p10": 0,
            "p90": 0,
            "p99": 0,
            "max": 0
          },
          "unloadEventEnd": {
            "median": 0,
            "mean": 0,
            "mdev": 0,
            "stddev": 0,
            "min": 0,
            "p10": 0,
            "p90": 0,
            "p99": 0,
            "max": 0
          },
          "unloadEventStart": {
            "median": 0,
            "mean": 0,
            "mdev": 0,
            "stddev": 0,
            "min": 0,
            "p10": 0,
            "p90": 0,
            "p99": 0,
            "max": 0
          },
          "workerStart": {
            "median": 0,
            "mean": 0,
            "mdev": 0,
            "stddev": 0,
            "min": 0,
            "p10": 0,
            "p90": 0,
            "p99": 0,
            "max": 0
          }
        },
        "pageTimings": {
          "backEndTime": {
            "median": 548,
            "mean": 572,
            "mdev": 61.3412,
            "stddev": 106,
            "min": 455,
            "p10": 455,
            "p90": 712,
            "p99": 712,
            "max": 712
          },
          "domContentLoadedTime": {
            "median": 7100,
            "mean": 7134,
            "mdev": 200.1124,
            "stddev": 347,
            "min": 6727,
            "p10": 6727,
            "p90": 7574,
            "p99": 7574,
            "max": 7574
          },
          "domInteractiveTime": {
            "median": 5685,
            "mean": 5687,
            "mdev": 54.689,
            "stddev": 95,
            "min": 5572,
            "p10": 5572,
            "p90": 5804,
            "p99": 5804,
            "max": 5804
          },
          "domainLookupTime": {
            "median": 0,
            "mean": 0,
            "mdev": 0,
            "stddev": 0,
            "min": 0,
            "p10": 0,
            "p90": 0,
            "p99": 0,
            "max": 0
          },
          "frontEndTime": {
            "median": 12183,
            "mean": 12189,
            "mdev": 226.2874,
            "stddev": 392,
            "min": 11712,
            "p10": 11712,
            "p90": 12672,
            "p99": 12672,
            "max": 12672
          },
          "pageDownloadTime": {
            "median": 8,
            "mean": 8,
            "mdev": 1.1863,
            "stddev": 2,
            "min": 5,
            "p10": 5,
            "p90": 10,
            "p99": 10,
            "max": 10
          },
          "pageLoadTime": {
            "median": 12643,
            "mean": 12768,
            "mdev": 269.1051,
            "stddev": 466,
            "min": 12270,
            "p10": 12270,
            "p90": 13391,
            "p99": 13391,
            "max": 13391
          },
          "redirectionTime": {
            "median": 0,
            "mean": 0,
            "mdev": 0,
            "stddev": 0,
            "min": 0,
            "p10": 0,
            "p90": 0,
            "p99": 0,
            "max": 0
          },
          "serverConnectionTime": {
            "median": 207,
            "mean": 209,
            "mdev": 7.3384,
            "stddev": 13,
            "min": 194,
            "p10": 194,
            "p90": 225,
            "p99": 225,
            "max": 225
          },
          "serverResponseTime": {
            "median": 231,
            "mean": 242,
            "mdev": 18.958,
            "stddev": 33,
            "min": 209,
            "p10": 209,
            "p90": 287,
            "p99": 287,
            "max": 287
          }
        },
        "rumSpeedIndex": {
          "median": 547,
          "mean": 571,
          "mdev": 61.1301,
          "stddev": 106,
          "min": 455,
          "p10": 455,
          "p90": 711,
          "p99": 711,
          "max": 711
        },
        "timeToContentfulPaint": {
          "median": 5657,
          "mean": 5644,
          "mdev": 54.4841,
          "stddev": 94,
          "min": 5522,
          "p10": 5522,
          "p90": 5752,
          "p99": 5752,
          "max": 5752
        },
        "timeToDomContentFlushed": {
          "median": 6907,
          "mean": 6935,
          "mdev": 123.8138,
          "stddev": 214,
          "min": 6688,
          "p10": 6688,
          "p90": 7211,
          "p99": 7211,
          "max": 7211
        },
        "userTimings": {
          "marks": {
            "gpt-tag-load": {
              "median": 11728,
              "mean": 11705,
              "mdev": 205.445,
              "stddev": 356,
              "min": 11258,
              "p10": 11258,
              "p90": 12128,
              "p99": 12128,
              "max": 12128
            },
            "gpt-first-ad-request": {
              "median": 11937,
              "mean": 11931,
              "mdev": 211.5557,
              "stddev": 366,
              "min": 11479,
              "p10": 11479,
              "p90": 12376,
              "p99": 12376,
              "max": 12376
            },
            "gpt-first-ad-render": {
              "median": 12609,
              "mean": 12682,
              "mdev": 239.0234,
              "stddev": 414,
              "min": 12216,
              "p10": 12216,
              "p90": 13222,
              "p99": 13222,
              "max": 13222
            }
          }
        }
      }
    }
  }
]