[
  {
    "info": {
      "browsertime": {
        "version": "8.4.0"
      },
      "url": "https://www.bbc.com/",
      "timestamp": "2021-03-30T05:42:02+04:00",
      "connectivity": {
        "engine": "external",
        "profile": "native"
      },
      "extra": {}
    },
    "files": {
      "video": [],
      "screenshot": [],
      "timeline": [],
      "consoleLog": [],
      "netLog": [],
      "perfLog": []
    },
    "cdp": {
      "performance": []
    },
    "timestamps": [
      "2021-03-30T05:41:34+04:00",
      "2021-03-30T05:42:13+04:00",
      "2021-03-30T05:42:43+04:00"
    ],
    "browserScripts": [
      {
        "browser": {
          "appConstants": {
            "ACCESSIBILITY": true,
            "ANDROID_PACKAGE_NAME": "org.mozilla.firefox",
            "ASAN": false,
            "ASAN_REPORTER": false,
            "BROWSER_CHROME_URL": "chrome://browser/content/browser.xul",
            "DEBUG": false,
            "DEBUG_JS_MODULES": "",
            "DLL_PREFIX": "lib",
            "DLL_SUFFIX": ".so",
            "EARLY_BETA_OR_EARLIER": false,
            "FENNEC_NIGHTLY": false,
            "HAVE_SHELL_SERVICE": false,
            "HAVE_USR_LIB64_DIR": false,
            "MENUBAR_CAN_AUTOHIDE": false,
            "MOZILLA_OFFICIAL": true,
            "MOZ_ALLOW_LEGACY_EXTENSIONS": false,
            "MOZ_ANDROID_ACTIVITY_STREAM": false,
            "MOZ_ANDROID_HISTORY": true,
            "MOZ_ANDROID_MOZILLA_ONLINE": false,
            "MOZ_APP_NAME": "fennec",
            "MOZ_APP_VERSION": "68.1.1",
            "MOZ_APP_VERSION_DISPLAY": "68.1.1",
            "MOZ_BING_API_CLIENTID": "no-bing-api-clientid",
            "MOZ_BING_API_KEY": "no-bing-api-key",
            "MOZ_BITS_DOWNLOAD": false,
            "MOZ_BUILD_APP": "mobile/android",
            "MOZ_CODE_COVERAGE": false,
            "MOZ_CRASHREPORTER": true,
            "MOZ_DATA_REPORTING": true,
            "MOZ_DEV_EDITION": false,
            "MOZ_GECKO_PROFILER": true,
            "MOZ_GOOGLE_LOCATION_SERVICE_API_KEY": "AIzaSyB2h2OuRcUgy5N-5hsZqiPW6sH3n_rptiQ",
            "MOZ_GOOGLE_SAFEBROWSING_API_KEY": "AIzaSyC7jsptDS3am4tPx4r3nxis7IMjBc5Dovo",
            "MOZ_GRAPHENE": false,
            "MOZ_MACBUNDLE_NAME": "Firefox.app",
            "MOZ_MAINTENANCE_SERVICE": false,
            "MOZ_MOZILLA_API_KEY": "3b4d27dd-703d-4094-8398-4de2c763505a",
            "MOZ_NEW_CERT_STORAGE": false,
            "MOZ_NEW_NOTIFICATION_STORE": false,
            "MOZ_NEW_XULSTORE": false,
            "MOZ_OFFICIAL_BRANDING": false,
            "MOZ_PLACES": false,
            "MOZ_REQUIRE_SIGNING": false,
            "MOZ_SANDBOX": false,
            "MOZ_SERVICES_HEALTHREPORT": true,
            "MOZ_SERVICES_SYNC": false,
            "MOZ_SWITCHBOARD": true,
            "MOZ_SYSTEM_NSS": false,
            "MOZ_TELEMETRY_ON_BY_DEFAULT": false,
            "MOZ_TELEMETRY_REPORTING": true,
            "MOZ_UNSIGNED_SCOPES": 0,
            "MOZ_UPDATER": false,
            "MOZ_UPDATE_CHANNEL": "release",
            "MOZ_WEBRTC": true,
            "MOZ_WIDGET_GTK": false,
            "MOZ_WIDGET_TOOLKIT": "android",
            "NIGHTLY_BUILD": false,
            "OMNIJAR_NAME": "assets/omni.ja",
            "RELEASE_OR_BETA": true,
            "SOURCE_REVISION_URL": "https://hg.mozilla.org/releases/mozilla-esr68/rev/d2e0b9e17b9bc1ef02606c8006b73293f7892ad5",
            "TELEMETRY_PING_FORMAT_VERSION": 4,
            "XP_UNIX": true,
            "isPlatformAndVersionAtLeast": {},
            "isPlatformAndVersionAtMost": {},
            "platform": "android"
          },
          "asyncAppConstants": {
            "ACCESSIBILITY": true,
            "ANDROID_PACKAGE_NAME": "org.mozilla.firefox",
            "ASAN": false,
            "ASAN_REPORTER": false,
            "BROWSER_CHROME_URL": "chrome://browser/content/browser.xul",
            "DEBUG": false,
            "DEBUG_JS_MODULES": "",
            "DLL_PREFIX": "lib",
            "DLL_SUFFIX": ".so",
            "EARLY_BETA_OR_EARLIER": false,
            "FENNEC_NIGHTLY": false,
            "HAVE_SHELL_SERVICE": false,
            "HAVE_USR_LIB64_DIR": false,
            "MENUBAR_CAN_AUTOHIDE": false,
            "MOZILLA_OFFICIAL": true,
            "MOZ_ALLOW_LEGACY_EXTENSIONS": false,
            "MOZ_ANDROID_ACTIVITY_STREAM": false,
            "MOZ_ANDROID_HISTORY": true,
            "MOZ_ANDROID_MOZILLA_ONLINE": false,
            "MOZ_APP_NAME": "fennec",
            "MOZ_APP_VERSION": "68.1.1",
            "MOZ_APP_VERSION_DISPLAY": "68.1.1",
            "MOZ_BING_API_CLIENTID": "no-bing-api-clientid",
            "MOZ_BING_API_KEY": "no-bing-api-key",
            "MOZ_BITS_DOWNLOAD": false,
            "MOZ_BUILD_APP": "mobile/android",
            "MOZ_CODE_COVERAGE": false,
            "MOZ_CRASHREPORTER": true,
            "MOZ_DATA_REPORTING": true,
            "MOZ_DEV_EDITION": false,
            "MOZ_GECKO_PROFILER": true,
            "MOZ_GOOGLE_LOCATION_SERVICE_API_KEY": "AIzaSyB2h2OuRcUgy5N-5hsZqiPW6sH3n_rptiQ",
            "MOZ_GOOGLE_SAFEBROWSING_API_KEY": "AIzaSyC7jsptDS3am4tPx4r3nxis7IMjBc5Dovo",
            "MOZ_GRAPHENE": false,
            "MOZ_MACBUNDLE_NAME": "Firefox.app",
            "MOZ_MAINTENANCE_SERVICE": false,
            "MOZ_MOZILLA_API_KEY": "3b4d27dd-703d-4094-8398-4de2c763505a",
            "MOZ_NEW_CERT_STORAGE": false,
            "MOZ_NEW_NOTIFICATION_STORE": false,
            "MOZ_NEW_XULSTORE": false,
            "MOZ_OFFICIAL_BRANDING": false,
            "MOZ_PLACES": false,
            "MOZ_REQUIRE_SIGNING": false,
            "MOZ_SANDBOX": false,
            "MOZ_SERVICES_HEALTHREPORT": true,
            "MOZ_SERVICES_SYNC": false,
            "MOZ_SWITCHBOARD": true,
            "MOZ_SYSTEM_NSS": false,
            "MOZ_TELEMETRY_ON_BY_DEFAULT": false,
            "MOZ_TELEMETRY_REPORTING": true,
            "MOZ_UNSIGNED_SCOPES": 0,
            "MOZ_UPDATER": false,
            "MOZ_UPDATE_CHANNEL": "release",
            "MOZ_WEBRTC": true,
            "MOZ_WIDGET_GTK": false,
            "MOZ_WIDGET_TOOLKIT": "android",
            "NIGHTLY_BUILD": false,
            "OMNIJAR_NAME": "assets/omni.ja",
            "RELEASE_OR_BETA": true,
            "SOURCE_REVISION_URL": "https://hg.mozilla.org/releases/mozilla-esr68/rev/d2e0b9e17b9bc1ef02606c8006b73293f7892ad5",
            "TELEMETRY_PING_FORMAT_VERSION": 4,
            "XP_UNIX": true,
            "isPlatformAndVersionAtLeast": {},
            "isPlatformAndVersionAtMost": {},
            "platform": "android"
          },
          "userAgent": "Mozilla/5.0 (Android 8.1.0; Mobile; rv:68.0) Gecko/68.0 Firefox/68.0",
          "windowSize": "360x560"
        },
        "pageinfo": {
          "documentHeight": 9514,
          "documentSize": {
            "decodedBodySize": 295744,
            "encodedBodySize": 66067,
            "transferSize": 67221
          },
          "documentTitle": "BBC - Homepage",
          "documentWidth": 360,
          "domElements": 1322,
          "navigationStartTime": 1617068495088,
          "nextHopProtocol": "h2",
          "resources": {
            "count": 0,
            "duration": 0
          },
          "responsive": true,
          "url": "https://www.bbc.com/",
          "visualElements": {
            "heroes": [
              {
                "filename": "_117743217_066487413-1.jpg",
                "height": 185,
                "name": "LargestImage",
                "width": 328,
                "x": 16,
                "y": 137
              }
            ],
            "viewport": {
              "height": 560,
              "width": 360
            }
          }
        },
        "timings": {
          "firstPaint": 2471,
          "loadEventEnd": 11387,
          "navigationTiming": {
            "connectStart": 37,
            "domComplete": 11312,
            "domContentLoadedEventEnd": 3218,
            "domContentLoadedEventStart": 3174,
            "domInteractive": 1507,
            "domainLookupEnd": 37,
            "domainLookupStart": 37,
            "duration": 11387,
            "fetchStart": 4,
            "loadEventEnd": 11387,
            "loadEventStart": 11361,
            "redirectEnd": 0,
            "redirectStart": 0,
            "requestStart": 131,
            "responseEnd": 141,
            "responseStart": 141,
            "secureConnectionStart": 52,
            "startTime": 0,
            "unloadEventEnd": 0,
            "unloadEventStart": 0,
            "workerStart": 0
          },
          "pageTimings": {
            "backEndTime": 141,
            "domContentLoadedTime": 3174,
            "domInteractiveTime": 1507,
            "domainLookupTime": 0,
            "frontEndTime": 11220,
            "pageDownloadTime": 0,
            "pageLoadTime": 11361,
            "redirectionTime": 0,
            "serverConnectionTime": 93,
            "serverResponseTime": 10
          },
          "rumSpeedIndex": 141,
          "timeToContentfulPaint": 2760,
          "timeToDomContentFlushed": 2394,
          "userTimings": {
            "marks": [
              {
                "name": "optimizely:blockBegin",
                "startTime": 5046.7
              },
              {
                "name": "gpt-tag-load",
                "startTime": 9838.88
              },
              {
                "name": "gpt-first-ad-request",
                "startTime": 10920.6
              },
              {
                "name": "gpt-first-ad-render",
                "startTime": 13031.28
              }
            ],
            "measures": []
          }
        }
      },
      {
        "browser": {
          "appConstants": {
            "ACCESSIBILITY": true,
            "ANDROID_PACKAGE_NAME": "org.mozilla.firefox",
            "ASAN": false,
            "ASAN_REPORTER": false,
            "BROWSER_CHROME_URL": "chrome://browser/content/browser.xul",
            "DEBUG": false,
            "DEBUG_JS_MODULES": "",
            "DLL_PREFIX": "lib",
            "DLL_SUFFIX": ".so",
            "EARLY_BETA_OR_EARLIER": false,
            "FENNEC_NIGHTLY": false,
            "HAVE_SHELL_SERVICE": false,
            "HAVE_USR_LIB64_DIR": false,
            "MENUBAR_CAN_AUTOHIDE": false,
            "MOZILLA_OFFICIAL": true,
            "MOZ_ALLOW_LEGACY_EXTENSIONS": false,
            "MOZ_ANDROID_ACTIVITY_STREAM": false,
            "MOZ_ANDROID_HISTORY": true,
            "MOZ_ANDROID_MOZILLA_ONLINE": false,
            "MOZ_APP_NAME": "fennec",
            "MOZ_APP_VERSION": "68.1.1",
            "MOZ_APP_VERSION_DISPLAY": "68.1.1",
            "MOZ_BING_API_CLIENTID": "no-bing-api-clientid",
            "MOZ_BING_API_KEY": "no-bing-api-key",
            "MOZ_BITS_DOWNLOAD": false,
            "MOZ_BUILD_APP": "mobile/android",
            "MOZ_CODE_COVERAGE": false,
            "MOZ_CRASHREPORTER": true,
            "MOZ_DATA_REPORTING": true,
            "MOZ_DEV_EDITION": false,
            "MOZ_GECKO_PROFILER": true,
            "MOZ_GOOGLE_LOCATION_SERVICE_API_KEY": "AIzaSyB2h2OuRcUgy5N-5hsZqiPW6sH3n_rptiQ",
            "MOZ_GOOGLE_SAFEBROWSING_API_KEY": "AIzaSyC7jsptDS3am4tPx4r3nxis7IMjBc5Dovo",
            "MOZ_GRAPHENE": false,
            "MOZ_MACBUNDLE_NAME": "Firefox.app",
            "MOZ_MAINTENANCE_SERVICE": false,
            "MOZ_MOZILLA_API_KEY": "3b4d27dd-703d-4094-8398-4de2c763505a",
            "MOZ_NEW_CERT_STORAGE": false,
            "MOZ_NEW_NOTIFICATION_STORE": false,
            "MOZ_NEW_XULSTORE": false,
            "MOZ_OFFICIAL_BRANDING": false,
            "MOZ_PLACES": false,
            "MOZ_REQUIRE_SIGNING": false,
            "MOZ_SANDBOX": false,
            "MOZ_SERVICES_HEALTHREPORT": true,
            "MOZ_SERVICES_SYNC": false,
            "MOZ_SWITCHBOARD": true,
            "MOZ_SYSTEM_NSS": false,
            "MOZ_TELEMETRY_ON_BY_DEFAULT": false,
            "MOZ_TELEMETRY_REPORTING": true,
            "MOZ_UNSIGNED_SCOPES": 0,
            "MOZ_UPDATER": false,
            "MOZ_UPDATE_CHANNEL": "release",
            "MOZ_WEBRTC": true,
            "MOZ_WIDGET_GTK": false,
            "MOZ_WIDGET_TOOLKIT": "android",
            "NIGHTLY_BUILD": false,
            "OMNIJAR_NAME": "assets/omni.ja",
            "RELEASE_OR_BETA": true,
            "SOURCE_REVISION_URL": "https://hg.mozilla.org/releases/mozilla-esr68/rev/d2e0b9e17b9bc1ef02606c8006b73293f7892ad5",
            "TELEMETRY_PING_FORMAT_VERSION": 4,
            "XP_UNIX": true,
            "isPlatformAndVersionAtLeast": {},
            "isPlatformAndVersionAtMost": {},
            "platform": "android"
          },
          "asyncAppConstants": {
            "ACCESSIBILITY": true,
            "ANDROID_PACKAGE_NAME": "org.mozilla.firefox",
            "ASAN": false,
            "ASAN_REPORTER": false,
            "BROWSER_CHROME_URL": "chrome://browser/content/browser.xul",
            "DEBUG": false,
            "DEBUG_JS_MODULES": "",
            "DLL_PREFIX": "lib",
            "DLL_SUFFIX": ".so",
            "EARLY_BETA_OR_EARLIER": false,
            "FENNEC_NIGHTLY": false,
            "HAVE_SHELL_SERVICE": false,
            "HAVE_USR_LIB64_DIR": false,
            "MENUBAR_CAN_AUTOHIDE": false,
            "MOZILLA_OFFICIAL": true,
            "MOZ_ALLOW_LEGACY_EXTENSIONS": false,
            "MOZ_ANDROID_ACTIVITY_STREAM": false,
            "MOZ_ANDROID_HISTORY": true,
            "MOZ_ANDROID_MOZILLA_ONLINE": false,
            "MOZ_APP_NAME": "fennec",
            "MOZ_APP_VERSION": "68.1.1",
            "MOZ_APP_VERSION_DISPLAY": "68.1.1",
            "MOZ_BING_API_CLIENTID": "no-bing-api-clientid",
            "MOZ_BING_API_KEY": "no-bing-api-key",
            "MOZ_BITS_DOWNLOAD": false,
            "MOZ_BUILD_APP": "mobile/android",
            "MOZ_CODE_COVERAGE": false,
            "MOZ_CRASHREPORTER": true,
            "MOZ_DATA_REPORTING": true,
            "MOZ_DEV_EDITION": false,
            "MOZ_GECKO_PROFILER": true,
            "MOZ_GOOGLE_LOCATION_SERVICE_API_KEY": "AIzaSyB2h2OuRcUgy5N-5hsZqiPW6sH3n_rptiQ",
            "MOZ_GOOGLE_SAFEBROWSING_API_KEY": "AIzaSyC7jsptDS3am4tPx4r3nxis7IMjBc5Dovo",
            "MOZ_GRAPHENE": false,
            "MOZ_MACBUNDLE_NAME": "Firefox.app",
            "MOZ_MAINTENANCE_SERVICE": false,
            "MOZ_MOZILLA_API_KEY": "3b4d27dd-703d-4094-8398-4de2c763505a",
            "MOZ_NEW_CERT_STORAGE": false,
            "MOZ_NEW_NOTIFICATION_STORE": false,
            "MOZ_NEW_XULSTORE": false,
            "MOZ_OFFICIAL_BRANDING": false,
            "MOZ_PLACES": false,
            "MOZ_REQUIRE_SIGNING": false,
            "MOZ_SANDBOX": false,
            "MOZ_SERVICES_HEALTHREPORT": true,
            "MOZ_SERVICES_SYNC": false,
            "MOZ_SWITCHBOARD": true,
            "MOZ_SYSTEM_NSS": false,
            "MOZ_TELEMETRY_ON_BY_DEFAULT": false,
            "MOZ_TELEMETRY_REPORTING": true,
            "MOZ_UNSIGNED_SCOPES": 0,
            "MOZ_UPDATER": false,
            "MOZ_UPDATE_CHANNEL": "release",
            "MOZ_WEBRTC": true,
            "MOZ_WIDGET_GTK": false,
            "MOZ_WIDGET_TOOLKIT": "android",
            "NIGHTLY_BUILD": false,
            "OMNIJAR_NAME": "assets/omni.ja",
            "RELEASE_OR_BETA": true,
            "SOURCE_REVISION_URL": "https://hg.mozilla.org/releases/mozilla-esr68/rev/d2e0b9e17b9bc1ef02606c8006b73293f7892ad5",
            "TELEMETRY_PING_FORMAT_VERSION": 4,
            "XP_UNIX": true,
            "isPlatformAndVersionAtLeast": {},
            "isPlatformAndVersionAtMost": {},
            "platform": "android"
          },
          "userAgent": "Mozilla/5.0 (Android 8.1.0; Mobile; rv:68.0) Gecko/68.0 Firefox/68.0",
          "windowSize": "360x560"
        },
        "pageinfo": {
          "documentHeight": 9514,
          "documentSize": {
            "decodedBodySize": 295744,
            "encodedBodySize": 66067,
            "transferSize": 67213
          },
          "documentTitle": "BBC - Homepage",
          "documentWidth": 360,
          "domElements": 1322,
          "navigationStartTime": 1617068534206,
          "nextHopProtocol": "h2",
          "resources": {
            "count": 0,
            "duration": 0
          },
          "responsive": true,
          "url": "https://www.bbc.com/",
          "visualElements": {
            "heroes": [
              {
                "filename": "_117743217_066487413-1.jpg",
                "height": 185,
                "name": "LargestImage",
                "width": 328,
                "x": 16,
                "y": 137
              }
            ],
            "viewport": {
              "height": 560,
              "width": 360
            }
          }
        },
        "timings": {
          "firstPaint": 2481,
          "loadEventEnd": 11282,
          "navigationTiming": {
            "connectStart": 38,
            "domComplete": 11208,
            "domContentLoadedEventEnd": 3457,
            "domContentLoadedEventStart": 3421,
            "domInteractive": 1493,
            "domainLookupEnd": 37,
            "domainLookupStart": 37,
            "duration": 11282,
            "fetchStart": 3,
            "loadEventEnd": 11282,
            "loadEventStart": 11256,
            "redirectEnd": 0,
            "redirectStart": 0,
            "requestStart": 136,
            "responseEnd": 162,
            "responseStart": 145,
            "secureConnectionStart": 52,
            "startTime": 0,
            "unloadEventEnd": 0,
            "unloadEventStart": 0,
            "workerStart": 0
          },
          "pageTimings": {
            "backEndTime": 145,
            "domContentLoadedTime": 3421,
            "domInteractiveTime": 1493,
            "domainLookupTime": 0,
            "frontEndTime": 11093,
            "pageDownloadTime": 17,
            "pageLoadTime": 11256,
            "redirectionTime": 0,
            "serverConnectionTime": 96,
            "serverResponseTime": 26
          },
          "rumSpeedIndex": 145,
          "timeToContentfulPaint": 2774,
          "timeToDomContentFlushed": 2421,
          "userTimings": {
            "marks": [
              {
                "name": "optimizely:blockBegin",
                "startTime": 5187.16
              },
              {
                "name": "gpt-tag-load",
                "startTime": 9590.82
              },
              {
                "name": "gpt-first-ad-request",
                "startTime": 10622.86
              },
              {
                "name": "gpt-first-ad-render",
                "startTime": 11829.96
              }
            ],
            "measures": []
          }
        }
      },
      {
        "browser": {
          "appConstants": {
            "ACCESSIBILITY": true,
            "ANDROID_PACKAGE_NAME": "org.mozilla.firefox",
            "ASAN": false,
            "ASAN_REPORTER": false,
            "BROWSER_CHROME_URL": "chrome://browser/content/browser.xul",
            "DEBUG": false,
            "DEBUG_JS_MODULES": "",
            "DLL_PREFIX": "lib",
            "DLL_SUFFIX": ".so",
            "EARLY_BETA_OR_EARLIER": false,
            "FENNEC_NIGHTLY": false,
            "HAVE_SHELL_SERVICE": false,
            "HAVE_USR_LIB64_DIR": false,
            "MENUBAR_CAN_AUTOHIDE": false,
            "MOZILLA_OFFICIAL": true,
            "MOZ_ALLOW_LEGACY_EXTENSIONS": false,
            "MOZ_ANDROID_ACTIVITY_STREAM": false,
            "MOZ_ANDROID_HISTORY": true,
            "MOZ_ANDROID_MOZILLA_ONLINE": false,
            "MOZ_APP_NAME": "fennec",
            "MOZ_APP_VERSION": "68.1.1",
            "MOZ_APP_VERSION_DISPLAY": "68.1.1",
            "MOZ_BING_API_CLIENTID": "no-bing-api-clientid",
            "MOZ_BING_API_KEY": "no-bing-api-key",
            "MOZ_BITS_DOWNLOAD": false,
            "MOZ_BUILD_APP": "mobile/android",
            "MOZ_CODE_COVERAGE": false,
            "MOZ_CRASHREPORTER": true,
            "MOZ_DATA_REPORTING": true,
            "MOZ_DEV_EDITION": false,
            "MOZ_GECKO_PROFILER": true,
            "MOZ_GOOGLE_LOCATION_SERVICE_API_KEY": "AIzaSyB2h2OuRcUgy5N-5hsZqiPW6sH3n_rptiQ",
            "MOZ_GOOGLE_SAFEBROWSING_API_KEY": "AIzaSyC7jsptDS3am4tPx4r3nxis7IMjBc5Dovo",
            "MOZ_GRAPHENE": false,
            "MOZ_MACBUNDLE_NAME": "Firefox.app",
            "MOZ_MAINTENANCE_SERVICE": false,
            "MOZ_MOZILLA_API_KEY": "3b4d27dd-703d-4094-8398-4de2c763505a",
            "MOZ_NEW_CERT_STORAGE": false,
            "MOZ_NEW_NOTIFICATION_STORE": false,
            "MOZ_NEW_XULSTORE": false,
            "MOZ_OFFICIAL_BRANDING": false,
            "MOZ_PLACES": false,
            "MOZ_REQUIRE_SIGNING": false,
            "MOZ_SANDBOX": false,
            "MOZ_SERVICES_HEALTHREPORT": true,
            "MOZ_SERVICES_SYNC": false,
            "MOZ_SWITCHBOARD": true,
            "MOZ_SYSTEM_NSS": false,
            "MOZ_TELEMETRY_ON_BY_DEFAULT": false,
            "MOZ_TELEMETRY_REPORTING": true,
            "MOZ_UNSIGNED_SCOPES": 0,
            "MOZ_UPDATER": false,
            "MOZ_UPDATE_CHANNEL": "release",
            "MOZ_WEBRTC": true,
            "MOZ_WIDGET_GTK": false,
            "MOZ_WIDGET_TOOLKIT": "android",
            "NIGHTLY_BUILD": false,
            "OMNIJAR_NAME": "assets/omni.ja",
            "RELEASE_OR_BETA": true,
            "SOURCE_REVISION_URL": "https://hg.mozilla.org/releases/mozilla-esr68/rev/d2e0b9e17b9bc1ef02606c8006b73293f7892ad5",
            "TELEMETRY_PING_FORMAT_VERSION": 4,
            "XP_UNIX": true,
            "isPlatformAndVersionAtLeast": {},
            "isPlatformAndVersionAtMost": {},
            "platform": "android"
          },
          "asyncAppConstants": {
            "ACCESSIBILITY": true,
            "ANDROID_PACKAGE_NAME": "org.mozilla.firefox",
            "ASAN": false,
            "ASAN_REPORTER": false,
            "BROWSER_CHROME_URL": "chrome://browser/content/browser.xul",
            "DEBUG": false,
            "DEBUG_JS_MODULES": "",
            "DLL_PREFIX": "lib",
            "DLL_SUFFIX": ".so",
            "EARLY_BETA_OR_EARLIER": false,
            "FENNEC_NIGHTLY": false,
            "HAVE_SHELL_SERVICE": false,
            "HAVE_USR_LIB64_DIR": false,
            "MENUBAR_CAN_AUTOHIDE": false,
            "MOZILLA_OFFICIAL": true,
            "MOZ_ALLOW_LEGACY_EXTENSIONS": false,
            "MOZ_ANDROID_ACTIVITY_STREAM": false,
            "MOZ_ANDROID_HISTORY": true,
            "MOZ_ANDROID_MOZILLA_ONLINE": false,
            "MOZ_APP_NAME": "fennec",
            "MOZ_APP_VERSION": "68.1.1",
            "MOZ_APP_VERSION_DISPLAY": "68.1.1",
            "MOZ_BING_API_CLIENTID": "no-bing-api-clientid",
            "MOZ_BING_API_KEY": "no-bing-api-key",
            "MOZ_BITS_DOWNLOAD": false,
            "MOZ_BUILD_APP": "mobile/android",
            "MOZ_CODE_COVERAGE": false,
            "MOZ_CRASHREPORTER": true,
            "MOZ_DATA_REPORTING": true,
            "MOZ_DEV_EDITION": false,
            "MOZ_GECKO_PROFILER": true,
            "MOZ_GOOGLE_LOCATION_SERVICE_API_KEY": "AIzaSyB2h2OuRcUgy5N-5hsZqiPW6sH3n_rptiQ",
            "MOZ_GOOGLE_SAFEBROWSING_API_KEY": "AIzaSyC7jsptDS3am4tPx4r3nxis7IMjBc5Dovo",
            "MOZ_GRAPHENE": false,
            "MOZ_MACBUNDLE_NAME": "Firefox.app",
            "MOZ_MAINTENANCE_SERVICE": false,
            "MOZ_MOZILLA_API_KEY": "3b4d27dd-703d-4094-8398-4de2c763505a",
            "MOZ_NEW_CERT_STORAGE": false,
            "MOZ_NEW_NOTIFICATION_STORE": false,
            "MOZ_NEW_XULSTORE": false,
            "MOZ_OFFICIAL_BRANDING": false,
            "MOZ_PLACES": false,
            "MOZ_REQUIRE_SIGNING": false,
            "MOZ_SANDBOX": false,
            "MOZ_SERVICES_HEALTHREPORT": true,
            "MOZ_SERVICES_SYNC": false,
            "MOZ_SWITCHBOARD": true,
            "MOZ_SYSTEM_NSS": false,
            "MOZ_TELEMETRY_ON_BY_DEFAULT": false,
            "MOZ_TELEMETRY_REPORTING": true,
            "MOZ_UNSIGNED_SCOPES": 0,
            "MOZ_UPDATER": false,
            "MOZ_UPDATE_CHANNEL": "release",
            "MOZ_WEBRTC": true,
            "MOZ_WIDGET_GTK": false,
            "MOZ_WIDGET_TOOLKIT": "android",
            "NIGHTLY_BUILD": false,
            "OMNIJAR_NAME": "assets/omni.ja",
            "RELEASE_OR_BETA": true,
            "SOURCE_REVISION_URL": "https://hg.mozilla.org/releases/mozilla-esr68/rev/d2e0b9e17b9bc1ef02606c8006b73293f7892ad5",
            "TELEMETRY_PING_FORMAT_VERSION": 4,
            "XP_UNIX": true,
            "isPlatformAndVersionAtLeast": {},
            "isPlatformAndVersionAtMost": {},
            "platform": "android"
          },
          "userAgent": "Mozilla/5.0 (Android 8.1.0; Mobile; rv:68.0) Gecko/68.0 Firefox/68.0",
          "windowSize": "360x560"
        },
        "pageinfo": {
          "documentHeight": 9514,
          "documentSize": {
            "decodedBodySize": 295744,
            "encodedBodySize": 66067,
            "transferSize": 67221
          },
          "documentTitle": "BBC - Homepage",
          "documentWidth": 360,
          "domElements": 1322,
          "navigationStartTime": 1617068563705,
          "nextHopProtocol": "h2",
          "resources": {
            "count": 0,
            "duration": 0
          },
          "responsive": true,
          "url": "https://www.bbc.com/",
          "visualElements": {
            "heroes": [
              {
                "filename": "_117743217_066487413-1.jpg",
                "height": 185,
                "name": "LargestImage",
                "width": 328,
                "x": 16,
                "y": 137
              }
            ],
            "viewport": {
              "height": 560,
              "width": 360
            }
          }
        },
        "timings": {
          "firstPaint": 2318,
          "loadEventEnd": 10963,
          "navigationTiming": {
            "connectStart": 37,
            "domComplete": 10873,
            "domContentLoadedEventEnd": 3028,
            "domContentLoadedEventStart": 2992,
            "domInteractive": 1391,
            "domainLookupEnd": 32,
            "domainLookupStart": 31,
            "duration": 10963,
            "fetchStart": 3,
            "loadEventEnd": 10963,
            "loadEventStart": 10931,
            "redirectEnd": 0,
            "redirectStart": 0,
            "requestStart": 128,
            "responseEnd": 138,
            "responseStart": 138,
            "secureConnectionStart": 48,
            "startTime": 0,
            "unloadEventEnd": 0,
            "unloadEventStart": 0,
            "workerStart": 0
          },
          "pageTimings": {
            "backEndTime": 138,
            "domContentLoadedTime": 2992,
            "domInteractiveTime": 1391,
            "domainLookupTime": 0,
            "frontEndTime": 10793,
            "pageDownloadTime": 0,
            "pageLoadTime": 10931,
            "redirectionTime": 0,
            "serverConnectionTime": 90,
            "serverResponseTime": 10
          },
          "rumSpeedIndex": 138,
          "timeToContentfulPaint": 2577,
          "timeToDomContentFlushed": 2245,
          "userTimings": {
            "marks": [
              {
                "name": "optimizely:blockBegin",
                "startTime": 4522.2
              },
              {
                "name": "gpt-tag-load",
                "startTime": 9331.32
              },
              {
                "name": "gpt-first-ad-request",
                "startTime": 10815.74
              },
              {
                "name": "gpt-first-ad-render",
                "startTime": 12581.02
              }
            ],
            "measures": []
          }
        }
      }
    ],
    "visualMetrics": [],
    "cpu": [],
    "extras": [
      {},
      {},
      {}
    ],
    "fullyLoaded": [],
    "errors": [
      [],
      [],
      []
    ],
    "statistics": {
      "browser": {
        "appConstants": {
          "MOZ_UNSIGNED_SCOPES": {
            "median": 0,
            "mean": 0,
            "mdev": 0,
            "stddev": 0,
            "min": 0,
            "p10": 0,
            "p90": 0,
            "p99": 0,
            "max": 0
          },
          "TELEMETRY_PING_FORMAT_VERSION": {
            "median": 4,
            "mean": 4,
            "mdev": 0,
            "stddev": 0,
            "min": 4,
            "p10": 4,
            "p90": 4,
            "p99": 4,
            "max": 4
          }
        },
        "asyncAppConstants": {
          "MOZ_UNSIGNED_SCOPES": {
            "median": 0,
            "mean": 0,
            "mdev": 0,
            "stddev": 0,
            "min": 0,
            "p10": 0,
            "p90": 0,
            "p99": 0,
            "max": 0
          },
          "TELEMETRY_PING_FORMAT_VERSION": {
            "median": 4,
            "mean": 4,
            "mdev": 0,
            "stddev": 0,
            "min": 4,
            "p10": 4,
            "p90": 4,
            "p99": 4,
            "max": 4
          }
        }
      },
      "pageinfo": {
        "documentHeight": {
          "median": 9514,
          "mean": 9514,
          "mdev": 0,
          "stddev": 0,
          "min": 9514,
          "p10": 9514,
          "p90": 9514,
          "p99": 9514,
          "max": 9514
        },
        "documentSize": {
          "decodedBodySize": {
            "median": 295744,
            "mean": 295744,
            "mdev": 0,
            "stddev": 0,
            "min": 295744,
            "p10": 295744,
            "p90": 295744,
            "p99": 295744,
            "max": 295744
          },
          "encodedBodySize": {
            "median": 66067,
            "mean": 66067,
            "mdev": 0,
            "stddev": 0,
            "min": 66067,
            "p10": 66067,
            "p90": 66067,
            "p99": 66067,
            "max": 66067
          },
          "transferSize": {
            "median": 67221,
            "mean": 67218,
            "mdev": 2.1773,
            "stddev": 4,
            "min": 67213,
            "p10": 67213,
            "p90": 67221,
            "p99": 67221,
            "max": 67221
          }
        },
        "documentWidth": {
          "median": 360,
          "mean": 360,
          "mdev": 0,
          "stddev": 0,
          "min": 360,
          "p10": 360,
          "p90": 360,
          "p99": 360,
          "max": 360
        },
        "domElements": {
          "median": 1322,
          "mean": 1322,
          "mdev": 0,
          "stddev": 0,
          "min": 1322,
          "p10": 1322,
          "p90": 1322,
          "p99": 1322,
          "max": 1322
        },
        "navigationStartTime": {
          "median": 1617068534206,
          "mean": 1617068531000,
          "mdev": 17836.64,
          "stddev": 30894,
          "min": 1617068495088,
          "p10": 1617068495088,
          "p90": 1617068563705,
          "p99": 1617068563705,
          "max": 1617068563705
        },
        "resources": {
          "count": {
            "median": 0,
            "mean": 0,
            "mdev": 0,
            "stddev": 0,
            "min": 0,
            "p10": 0,
            "p90": 0,
            "p99": 0,
            "max": 0
          },
          "duration": {
            "median": 0,
            "mean": 0,
            "mdev": 0,
            "stddev": 0,
            "min": 0,
            "p10": 0,
            "p90": 0,
            "p99": 0,
            "max": 0
          }
        },
        "visualElements": {
          "heroes": [
            {
              "height": {
                "median": 185,
                "mean": 185,
                "mdev": 0,
                "stddev": 0,
                "min": 185,
                "p10": 185,
                "p90": 185,
                "p99": 185,
                "max": 185
              },
              "width": {
                "median": 328,
                "mean": 328,
                "mdev": 0,
                "stddev": 0,
                "min": 328,
                "p10": 328,
                "p90": 328,
                "p99": 328,
                "max": 328
              },
              "x": {
                "median": 16,
                "mean": 16,
                "mdev": 0,
                "stddev": 0,
                "min": 16,
                "p10": 16,
                "p90": 16,
                "p99": 16,
                "max": 16
              },
              "y": {
                "median": 137,
                "mean": 137,
                "mdev": 0,
                "stddev": 0,
                "min": 137,
                "p10": 137,
                "p90": 137,
                "p99": 137,
                "max": 137
              }
            }
          ],
          "viewport": {
            "height": {
              "median": 560,
              "mean": 560,
              "mdev": 0,
              "stddev": 0,
              "min": 560,
              "p10": 560,
              "p90": 560,
              "p99": 560,
              "max": 560
            },
            "width": {
              "median": 360,
              "mean": 360,
              "mdev": 0,
              "stddev": 0,
              "min": 360,
              "p10": 360,
              "p90": 360,
              "p99": 360,
              "max": 360
            }
          }
        }
      },
      "timings": {
        "firstPaint": {
          "median": 2471,
          "mean": 2423,
          "mdev": 43.0667,
          "stddev": 75,
          "min": 2318,
          "p10": 2318,
          "p90": 2481,
          "p99": 2481,
          "max": 2481
        },
        "loadEventEnd": {
          "median": 11282,
          "mean": 11211,
          "mdev": 104.0943,
          "stddev": 180,
          "min": 10963,
          "p10": 10963,
          "p90": 11387,
          "p99": 11387,
          "max": 11387
        },
        "navigationTiming": {
          "connectStart": {
            "median": 37,
            "mean": 37,
            "mdev": 0.2722,
            "stddev": 0,
            "min": 37,
            "p10": 37,
            "p90": 38,
            "p99": 38,
            "max": 38
          },
          "domComplete": {
            "median": 11208,
            "mean": 11131,
            "mdev": 108.1429,
            "stddev": 187,
            "min": 10873,
            "p10": 10873,
            "p90": 11312,
            "p99": 11312,
            "max": 11312
          },
          "domContentLoadedEventEnd": {
            "median": 3218,
            "mean": 3234,
            "mdev": 101.3359,
            "stddev": 176,
            "min": 3028,
            "p10": 3028,
            "p90": 3457,
            "p99": 3457,
            "max": 3457
          },
          "domContentLoadedEventStart": {
            "median": 3174,
            "mean": 3196,
            "mdev": 101.5024,
            "stddev": 176,
            "min": 2992,
            "p10": 2992,
            "p90": 3421,
            "p99": 3421,
            "max": 3421
          },
          "domInteractive": {
            "median": 1493,
            "mean": 1464,
            "mdev": 29.849,
            "stddev": 52,
            "min": 1391,
            "p10": 1391,
            "p90": 1507,
            "p99": 1507,
            "max": 1507
          },
          "domainLookupEnd": {
            "median": 37,
            "mean": 35,
            "mdev": 1.3608,
            "stddev": 2,
            "min": 32,
            "p10": 32,
            "p90": 37,
            "p99": 37,
            "max": 37
          },
          "domainLookupStart": {
            "median": 37,
            "mean": 35,
            "mdev": 1.633,
            "stddev": 3,
            "min": 31,
            "p10": 31,
            "p90": 37,
            "p99": 37,
            "max": 37
          },
          "duration": {
            "median": 11282,
            "mean": 11211,
            "mdev": 104.0943,
            "stddev": 180,
            "min": 10963,
            "p10": 10963,
            "p90": 11387,
            "p99": 11387,
            "max": 11387
          },
          "fetchStart": {
            "median": 3,
            "mean": 3,
            "mdev": 0.2722,
            "stddev": 0,
            "min": 3,
            "p10": 3,
            "p90": 4,
            "p99": 4,
            "max": 4
          },
          "loadEventEnd": {
            "median": 11282,
            "mean": 11211,
            "mdev": 104.0943,
            "stddev": 180,
            "min": 10963,
            "p10": 10963,
            "p90": 11387,
            "p99": 11387,
            "max": 11387
          },
          "loadEventStart": {
            "median": 11256,
            "mean": 11183,
            "mdev": 105.6812,
            "stddev": 183,
            "min": 10931,
            "p10": 10931,
            "p90": 11361,
            "p99": 11361,
            "max": 11361
          },
          "redirectEnd": {
            "median": 0,
            "mean": 0,
            "mdev": 0,
            "stddev": 0,
            "min": 0,
            "p10": 0,
            "p90": 0,
            "p99": 0,
            "max": 0
          },
          "redirectStart": {
            "median": 0,
            "mean": 0,
            "mdev": 0,
            "stddev": 0,
            "min": 0,
            "p10": 0,
            "p90": 0,
            "p99": 0,
            "max": 0
          },
          "requestStart": {
            "median": 131,
            "mean": 132,
            "mdev": 1.9052,
            "stddev": 3,
            "min": 128,
            "p10": 128,
            "p90": 136,
            "p99": 136,
            "max": 136
          },
          "responseEnd": {
            "median": 141,
            "mean": 147,
            "mdev": 6.1644,
            "stddev": 11,
            "min": 138,
            "p10": 138,
            "p90": 162,
            "p99": 162,
            "max": 162
          },
          "responseStart": {
            "median": 141,
            "mean": 141,
            "mdev": 1.6555,
            "stddev": 3,
            "min": 138,
            "p10": 138,
            "p90": 145,
            "p99": 145,
            "max": 145
          },
          "secureConnectionStart": {
            "median": 52,
            "mean": 51,
            "mdev": 1.0887,
            "stddev": 2,
            "min": 48,
            "p10": 48,
            "p90": 52,
            "p99": 52,
            "max": 52
          },
          "startTime": {
            "median": 0,
            "mean": 0,
            "mdev": 0,
            "stddev": 0,
            "min": 0,
            "p10": 0,
            "p90": 0,
            "p99": 0,
            "max": 0
          },
          "unloadEventEnd": {
            "median": 0,
            "mean": 0,
            "mdev": 0,
            "stddev": 0,
            "min": 0,
            "p10": 0,
            "p90": 0,
            "p99": 0,
            "max": 0
          },
          "unloadEventStart": {
            "median": 0,
            "mean": 0,
            "mdev": 0,
            "stddev": 0,
            "min": 0,
            "p10": 0,
            "p90": 0,
            "p99": 0,
            "max": 0
          },
          "workerStart": {
            "median": 0,
            "mean": 0,
            "mdev": 0,
            "stddev": 0,
            "min": 0,
            "p10": 0,
            "p90": 0,
            "p99": 0,
            "max": 0
          }
        },
        "pageTimings": {
          "backEndTime": {
            "median": 141,
            "mean": 141,
            "mdev": 1.6555,
            "stddev": 3,
            "min": 138,
            "p10": 138,
            "p90": 145,
            "p99": 145,
            "max": 145
          },
          "domContentLoadedTime": {
            "median": 3174,
            "mean": 3196,
            "mdev": 101.5024,
            "stddev": 176,
            "min": 2992,
            "p10": 2992,
            "p90": 3421,
            "p99": 3421,
            "max": 3421
          },
          "domInteractiveTime": {
            "median": 1493,
            "mean": 1464,
            "mdev": 29.849,
            "stddev": 52,
            "min": 1391,
            "p10": 1391,
            "p90": 1507,
            "p99": 1507,
            "max": 1507
          },
          "domainLookupTime": {
            "median": 0,
            "mean": 0,
            "mdev": 0,
            "stddev": 0,
            "min": 0,
            "p10": 0,
            "p90": 0,
            "p99": 0,
            "max": 0
          },
          "frontEndTime": {
            "median": 11093,
            "mean": 11035,
            "mdev": 103.3616,
            "stddev": 179,
            "min": 10793,
            "p10": 10793,
            "p90": 11220,
            "p99": 11220,
            "max": 11220
          },
          "pageDownloadTime": {
            "median": 0,
            "mean": 6,
            "mdev": 4.6268,
            "stddev": 8,
            "min": 0,
            "p10": 0,
            "p90": 17,
            "p99": 17,
            "max": 17
          },
          "pageLoadTime": {
            "median": 11256,
            "mean": 11183,
            "mdev": 105.6812,
            "stddev": 183,
            "min": 10931,
            "p10": 10931,
            "p90": 11361,
            "p99": 11361,
            "max": 11361
          },
          "redirectionTime": {
            "median": 0,
            "mean": 0,
            "mdev": 0,
            "stddev": 0,
            "min": 0,
            "p10": 0,
            "p90": 0,
            "p99": 0,
            "max": 0
          },
          "serverConnectionTime": {
            "median": 93,
            "mean": 93,
            "mdev": 1.4142,
            "stddev": 2,
            "min": 90,
            "p10": 90,
            "p90": 96,
            "p99": 96,
            "max": 96
          },
          "serverResponseTime": {
            "median": 10,
            "mean": 15,
            "mdev": 4.3546,
            "stddev": 8,
            "min": 10,
            "p10": 10,
            "p90": 26,
            "p99": 26,
            "max": 26
          }
        },
        "rumSpeedIndex": {
          "median": 141,
          "mean": 141,
          "mdev": 1.6555,
          "stddev": 3,
          "min": 138,
          "p10": 138,
          "p90": 145,
          "p99": 145,
          "max": 145
        },
        "timeToContentfulPaint": {
          "median": 2760,
          "mean": 2704,
          "mdev": 51.8166,
          "stddev": 90,
          "min": 2577,
          "p10": 2577,
          "p90": 2774,
          "p99": 2774,
          "max": 2774
        },
        "timeToDomContentFlushed": {
          "median": 2394,
          "mean": 2353,
          "mdev": 44.6824,
          "stddev": 77,
          "min": 2245,
          "p10": 2245,
          "p90": 2421,
          "p99": 2421,
          "max": 2421
        },
        "userTimings": {
          "marks": {
            "optimizely:blockBegin": {
              "median": 5047,
              "mean": 4919,
              "mdev": 165.216,
              "stddev": 286,
              "min": 4522,
              "p10": 4522,
              "p90": 5187,
              "p99": 5187,
              "max": 5187
            },
            "gpt-tag-load": {
              "median": 9591,
              "mean": 9587,
              "mdev": 119.6432,
              "stddev": 207,
              "min": 9331,
              "p10": 9331,
              "p90": 9839,
              "p99": 9839,
              "max": 9839
            },
            "gpt-first-ad-request": {
              "median": 10816,
              "mean": 10786,
              "mdev": 71.1929,
              "stddev": 123,
              "min": 10623,
              "p10": 10623,
              "p90": 10921,
              "p99": 10921,
              "max": 10921
            },
            "gpt-first-ad-render": {
              "median": 12581,
              "mean": 12481,
              "mdev": 286.0973,
              "stddev": 496,
              "min": 11830,
              "p10": 11830,
              "p90": 13031,
              "p99": 13031,
              "max": 13031
            }
          }
        }
      }
    }
  }
]