[
  {
    "info": {
      "browsertime": {
        "version": "8.4.0"
      },
      "url": "https://aws.amazon.com/",
      "timestamp": "2021-03-30T06:29:08+04:00",
      "connectivity": {
        "engine": "external",
        "profile": "native"
      },
      "extra": {}
    },
    "files": {
      "video": [],
      "screenshot": [],
      "timeline": [],
      "consoleLog": [],
      "netLog": [],
      "perfLog": []
    },
    "cdp": {
      "performance": []
    },
    "timestamps": [
      "2021-03-30T06:28:24+04:00",
      "2021-03-30T06:29:19+04:00",
      "2021-03-30T06:30:20+04:00"
    ],
    "browserScripts": [
      {
        "browser": {
          "appConstants": {
            "ACCESSIBILITY": true,
            "ANDROID_PACKAGE_NAME": "org.mozilla.firefox",
            "ASAN": false,
            "ASAN_REPORTER": false,
            "BROWSER_CHROME_URL": "chrome://browser/content/browser.xul",
            "DEBUG": false,
            "DEBUG_JS_MODULES": "",
            "DLL_PREFIX": "lib",
            "DLL_SUFFIX": ".so",
            "EARLY_BETA_OR_EARLIER": false,
            "FENNEC_NIGHTLY": false,
            "HAVE_SHELL_SERVICE": false,
            "HAVE_USR_LIB64_DIR": false,
            "MENUBAR_CAN_AUTOHIDE": false,
            "MOZILLA_OFFICIAL": true,
            "MOZ_ALLOW_LEGACY_EXTENSIONS": false,
            "MOZ_ANDROID_ACTIVITY_STREAM": false,
            "MOZ_ANDROID_HISTORY": true,
            "MOZ_ANDROID_MOZILLA_ONLINE": false,
            "MOZ_APP_NAME": "fennec",
            "MOZ_APP_VERSION": "68.1.1",
            "MOZ_APP_VERSION_DISPLAY": "68.1.1",
            "MOZ_BING_API_CLIENTID": "no-bing-api-clientid",
            "MOZ_BING_API_KEY": "no-bing-api-key",
            "MOZ_BITS_DOWNLOAD": false,
            "MOZ_BUILD_APP": "mobile/android",
            "MOZ_CODE_COVERAGE": false,
            "MOZ_CRASHREPORTER": true,
            "MOZ_DATA_REPORTING": true,
            "MOZ_DEV_EDITION": false,
            "MOZ_GECKO_PROFILER": true,
            "MOZ_GOOGLE_LOCATION_SERVICE_API_KEY": "AIzaSyB2h2OuRcUgy5N-5hsZqiPW6sH3n_rptiQ",
            "MOZ_GOOGLE_SAFEBROWSING_API_KEY": "AIzaSyC7jsptDS3am4tPx4r3nxis7IMjBc5Dovo",
            "MOZ_GRAPHENE": false,
            "MOZ_MACBUNDLE_NAME": "Firefox.app",
            "MOZ_MAINTENANCE_SERVICE": false,
            "MOZ_MOZILLA_API_KEY": "3b4d27dd-703d-4094-8398-4de2c763505a",
            "MOZ_NEW_CERT_STORAGE": false,
            "MOZ_NEW_NOTIFICATION_STORE": false,
            "MOZ_NEW_XULSTORE": false,
            "MOZ_OFFICIAL_BRANDING": false,
            "MOZ_PLACES": false,
            "MOZ_REQUIRE_SIGNING": false,
            "MOZ_SANDBOX": false,
            "MOZ_SERVICES_HEALTHREPORT": true,
            "MOZ_SERVICES_SYNC": false,
            "MOZ_SWITCHBOARD": true,
            "MOZ_SYSTEM_NSS": false,
            "MOZ_TELEMETRY_ON_BY_DEFAULT": false,
            "MOZ_TELEMETRY_REPORTING": true,
            "MOZ_UNSIGNED_SCOPES": 0,
            "MOZ_UPDATER": false,
            "MOZ_UPDATE_CHANNEL": "release",
            "MOZ_WEBRTC": true,
            "MOZ_WIDGET_GTK": false,
            "MOZ_WIDGET_TOOLKIT": "android",
            "NIGHTLY_BUILD": false,
            "OMNIJAR_NAME": "assets/omni.ja",
            "RELEASE_OR_BETA": true,
            "SOURCE_REVISION_URL": "https://hg.mozilla.org/releases/mozilla-esr68/rev/d2e0b9e17b9bc1ef02606c8006b73293f7892ad5",
            "TELEMETRY_PING_FORMAT_VERSION": 4,
            "XP_UNIX": true,
            "isPlatformAndVersionAtLeast": {},
            "isPlatformAndVersionAtMost": {},
            "platform": "android"
          },
          "asyncAppConstants": {
            "ACCESSIBILITY": true,
            "ANDROID_PACKAGE_NAME": "org.mozilla.firefox",
            "ASAN": false,
            "ASAN_REPORTER": false,
            "BROWSER_CHROME_URL": "chrome://browser/content/browser.xul",
            "DEBUG": false,
            "DEBUG_JS_MODULES": "",
            "DLL_PREFIX": "lib",
            "DLL_SUFFIX": ".so",
            "EARLY_BETA_OR_EARLIER": false,
            "FENNEC_NIGHTLY": false,
            "HAVE_SHELL_SERVICE": false,
            "HAVE_USR_LIB64_DIR": false,
            "MENUBAR_CAN_AUTOHIDE": false,
            "MOZILLA_OFFICIAL": true,
            "MOZ_ALLOW_LEGACY_EXTENSIONS": false,
            "MOZ_ANDROID_ACTIVITY_STREAM": false,
            "MOZ_ANDROID_HISTORY": true,
            "MOZ_ANDROID_MOZILLA_ONLINE": false,
            "MOZ_APP_NAME": "fennec",
            "MOZ_APP_VERSION": "68.1.1",
            "MOZ_APP_VERSION_DISPLAY": "68.1.1",
            "MOZ_BING_API_CLIENTID": "no-bing-api-clientid",
            "MOZ_BING_API_KEY": "no-bing-api-key",
            "MOZ_BITS_DOWNLOAD": false,
            "MOZ_BUILD_APP": "mobile/android",
            "MOZ_CODE_COVERAGE": false,
            "MOZ_CRASHREPORTER": true,
            "MOZ_DATA_REPORTING": true,
            "MOZ_DEV_EDITION": false,
            "MOZ_GECKO_PROFILER": true,
            "MOZ_GOOGLE_LOCATION_SERVICE_API_KEY": "AIzaSyB2h2OuRcUgy5N-5hsZqiPW6sH3n_rptiQ",
            "MOZ_GOOGLE_SAFEBROWSING_API_KEY": "AIzaSyC7jsptDS3am4tPx4r3nxis7IMjBc5Dovo",
            "MOZ_GRAPHENE": false,
            "MOZ_MACBUNDLE_NAME": "Firefox.app",
            "MOZ_MAINTENANCE_SERVICE": false,
            "MOZ_MOZILLA_API_KEY": "3b4d27dd-703d-4094-8398-4de2c763505a",
            "MOZ_NEW_CERT_STORAGE": false,
            "MOZ_NEW_NOTIFICATION_STORE": false,
            "MOZ_NEW_XULSTORE": false,
            "MOZ_OFFICIAL_BRANDING": false,
            "MOZ_PLACES": false,
            "MOZ_REQUIRE_SIGNING": false,
            "MOZ_SANDBOX": false,
            "MOZ_SERVICES_HEALTHREPORT": true,
            "MOZ_SERVICES_SYNC": false,
            "MOZ_SWITCHBOARD": true,
            "MOZ_SYSTEM_NSS": false,
            "MOZ_TELEMETRY_ON_BY_DEFAULT": false,
            "MOZ_TELEMETRY_REPORTING": true,
            "MOZ_UNSIGNED_SCOPES": 0,
            "MOZ_UPDATER": false,
            "MOZ_UPDATE_CHANNEL": "release",
            "MOZ_WEBRTC": true,
            "MOZ_WIDGET_GTK": false,
            "MOZ_WIDGET_TOOLKIT": "android",
            "NIGHTLY_BUILD": false,
            "OMNIJAR_NAME": "assets/omni.ja",
            "RELEASE_OR_BETA": true,
            "SOURCE_REVISION_URL": "https://hg.mozilla.org/releases/mozilla-esr68/rev/d2e0b9e17b9bc1ef02606c8006b73293f7892ad5",
            "TELEMETRY_PING_FORMAT_VERSION": 4,
            "XP_UNIX": true,
            "isPlatformAndVersionAtLeast": {},
            "isPlatformAndVersionAtMost": {},
            "platform": "android"
          },
          "userAgent": "Mozilla/5.0 (Android 8.1.0; Mobile; rv:68.0) Gecko/68.0 Firefox/68.0",
          "windowSize": "360x560"
        },
        "pageinfo": {
          "documentHeight": 17127,
          "documentSize": {
            "decodedBodySize": 230037,
            "encodedBodySize": 36034,
            "transferSize": 37267
          },
          "documentTitle": "Amazon Web Services (AWS) - Cloud Computing Services",
          "documentWidth": 360,
          "domElements": 11242,
          "navigationStartTime": 1617071304927,
          "nextHopProtocol": "h2",
          "resources": {
            "count": 0,
            "duration": 0
          },
          "responsive": true,
          "url": "https://aws.amazon.com/",
          "visualElements": {
            "heroes": [
              {
                "filename": null,
                "height": 78,
                "name": "Heading",
                "width": 320,
                "x": 30,
                "y": 235
              }
            ],
            "viewport": {
              "height": 560,
              "width": 360
            }
          }
        },
        "timings": {
          "firstPaint": 2323,
          "loadEventEnd": 5321,
          "navigationTiming": {
            "connectStart": 12,
            "domComplete": 5291,
            "domContentLoadedEventEnd": 3701,
            "domContentLoadedEventStart": 3652,
            "domInteractive": 3613,
            "domainLookupEnd": 12,
            "domainLookupStart": 7,
            "duration": 5321,
            "fetchStart": 5,
            "loadEventEnd": 5321,
            "loadEventStart": 5320,
            "redirectEnd": 0,
            "redirectStart": 0,
            "requestStart": 91,
            "responseEnd": 327,
            "responseStart": 327,
            "secureConnectionStart": 22,
            "startTime": 0,
            "unloadEventEnd": 0,
            "unloadEventStart": 0,
            "workerStart": 0
          },
          "pageTimings": {
            "backEndTime": 327,
            "domContentLoadedTime": 3652,
            "domInteractiveTime": 3613,
            "domainLookupTime": 5,
            "frontEndTime": 4993,
            "pageDownloadTime": 0,
            "pageLoadTime": 5320,
            "redirectionTime": 0,
            "serverConnectionTime": 78,
            "serverResponseTime": 237
          },
          "rumSpeedIndex": 327,
          "timeToContentfulPaint": 2486,
          "timeToDomContentFlushed": 3794,
          "userTimings": {
            "marks": [],
            "measures": []
          }
        }
      },
      {
        "browser": {
          "appConstants": {
            "ACCESSIBILITY": true,
            "ANDROID_PACKAGE_NAME": "org.mozilla.firefox",
            "ASAN": false,
            "ASAN_REPORTER": false,
            "BROWSER_CHROME_URL": "chrome://browser/content/browser.xul",
            "DEBUG": false,
            "DEBUG_JS_MODULES": "",
            "DLL_PREFIX": "lib",
            "DLL_SUFFIX": ".so",
            "EARLY_BETA_OR_EARLIER": false,
            "FENNEC_NIGHTLY": false,
            "HAVE_SHELL_SERVICE": false,
            "HAVE_USR_LIB64_DIR": false,
            "MENUBAR_CAN_AUTOHIDE": false,
            "MOZILLA_OFFICIAL": true,
            "MOZ_ALLOW_LEGACY_EXTENSIONS": false,
            "MOZ_ANDROID_ACTIVITY_STREAM": false,
            "MOZ_ANDROID_HISTORY": true,
            "MOZ_ANDROID_MOZILLA_ONLINE": false,
            "MOZ_APP_NAME": "fennec",
            "MOZ_APP_VERSION": "68.1.1",
            "MOZ_APP_VERSION_DISPLAY": "68.1.1",
            "MOZ_BING_API_CLIENTID": "no-bing-api-clientid",
            "MOZ_BING_API_KEY": "no-bing-api-key",
            "MOZ_BITS_DOWNLOAD": false,
            "MOZ_BUILD_APP": "mobile/android",
            "MOZ_CODE_COVERAGE": false,
            "MOZ_CRASHREPORTER": true,
            "MOZ_DATA_REPORTING": true,
            "MOZ_DEV_EDITION": false,
            "MOZ_GECKO_PROFILER": true,
            "MOZ_GOOGLE_LOCATION_SERVICE_API_KEY": "AIzaSyB2h2OuRcUgy5N-5hsZqiPW6sH3n_rptiQ",
            "MOZ_GOOGLE_SAFEBROWSING_API_KEY": "AIzaSyC7jsptDS3am4tPx4r3nxis7IMjBc5Dovo",
            "MOZ_GRAPHENE": false,
            "MOZ_MACBUNDLE_NAME": "Firefox.app",
            "MOZ_MAINTENANCE_SERVICE": false,
            "MOZ_MOZILLA_API_KEY": "3b4d27dd-703d-4094-8398-4de2c763505a",
            "MOZ_NEW_CERT_STORAGE": false,
            "MOZ_NEW_NOTIFICATION_STORE": false,
            "MOZ_NEW_XULSTORE": false,
            "MOZ_OFFICIAL_BRANDING": false,
            "MOZ_PLACES": false,
            "MOZ_REQUIRE_SIGNING": false,
            "MOZ_SANDBOX": false,
            "MOZ_SERVICES_HEALTHREPORT": true,
            "MOZ_SERVICES_SYNC": false,
            "MOZ_SWITCHBOARD": true,
            "MOZ_SYSTEM_NSS": false,
            "MOZ_TELEMETRY_ON_BY_DEFAULT": false,
            "MOZ_TELEMETRY_REPORTING": true,
            "MOZ_UNSIGNED_SCOPES": 0,
            "MOZ_UPDATER": false,
            "MOZ_UPDATE_CHANNEL": "release",
            "MOZ_WEBRTC": true,
            "MOZ_WIDGET_GTK": false,
            "MOZ_WIDGET_TOOLKIT": "android",
            "NIGHTLY_BUILD": false,
            "OMNIJAR_NAME": "assets/omni.ja",
            "RELEASE_OR_BETA": true,
            "SOURCE_REVISION_URL": "https://hg.mozilla.org/releases/mozilla-esr68/rev/d2e0b9e17b9bc1ef02606c8006b73293f7892ad5",
            "TELEMETRY_PING_FORMAT_VERSION": 4,
            "XP_UNIX": true,
            "isPlatformAndVersionAtLeast": {},
            "isPlatformAndVersionAtMost": {},
            "platform": "android"
          },
          "asyncAppConstants": {
            "ACCESSIBILITY": true,
            "ANDROID_PACKAGE_NAME": "org.mozilla.firefox",
            "ASAN": false,
            "ASAN_REPORTER": false,
            "BROWSER_CHROME_URL": "chrome://browser/content/browser.xul",
            "DEBUG": false,
            "DEBUG_JS_MODULES": "",
            "DLL_PREFIX": "lib",
            "DLL_SUFFIX": ".so",
            "EARLY_BETA_OR_EARLIER": false,
            "FENNEC_NIGHTLY": false,
            "HAVE_SHELL_SERVICE": false,
            "HAVE_USR_LIB64_DIR": false,
            "MENUBAR_CAN_AUTOHIDE": false,
            "MOZILLA_OFFICIAL": true,
            "MOZ_ALLOW_LEGACY_EXTENSIONS": false,
            "MOZ_ANDROID_ACTIVITY_STREAM": false,
            "MOZ_ANDROID_HISTORY": true,
            "MOZ_ANDROID_MOZILLA_ONLINE": false,
            "MOZ_APP_NAME": "fennec",
            "MOZ_APP_VERSION": "68.1.1",
            "MOZ_APP_VERSION_DISPLAY": "68.1.1",
            "MOZ_BING_API_CLIENTID": "no-bing-api-clientid",
            "MOZ_BING_API_KEY": "no-bing-api-key",
            "MOZ_BITS_DOWNLOAD": false,
            "MOZ_BUILD_APP": "mobile/android",
            "MOZ_CODE_COVERAGE": false,
            "MOZ_CRASHREPORTER": true,
            "MOZ_DATA_REPORTING": true,
            "MOZ_DEV_EDITION": false,
            "MOZ_GECKO_PROFILER": true,
            "MOZ_GOOGLE_LOCATION_SERVICE_API_KEY": "AIzaSyB2h2OuRcUgy5N-5hsZqiPW6sH3n_rptiQ",
            "MOZ_GOOGLE_SAFEBROWSING_API_KEY": "AIzaSyC7jsptDS3am4tPx4r3nxis7IMjBc5Dovo",
            "MOZ_GRAPHENE": false,
            "MOZ_MACBUNDLE_NAME": "Firefox.app",
            "MOZ_MAINTENANCE_SERVICE": false,
            "MOZ_MOZILLA_API_KEY": "3b4d27dd-703d-4094-8398-4de2c763505a",
            "MOZ_NEW_CERT_STORAGE": false,
            "MOZ_NEW_NOTIFICATION_STORE": false,
            "MOZ_NEW_XULSTORE": false,
            "MOZ_OFFICIAL_BRANDING": false,
            "MOZ_PLACES": false,
            "MOZ_REQUIRE_SIGNING": false,
            "MOZ_SANDBOX": false,
            "MOZ_SERVICES_HEALTHREPORT": true,
            "MOZ_SERVICES_SYNC": false,
            "MOZ_SWITCHBOARD": true,
            "MOZ_SYSTEM_NSS": false,
            "MOZ_TELEMETRY_ON_BY_DEFAULT": false,
            "MOZ_TELEMETRY_REPORTING": true,
            "MOZ_UNSIGNED_SCOPES": 0,
            "MOZ_UPDATER": false,
            "MOZ_UPDATE_CHANNEL": "release",
            "MOZ_WEBRTC": true,
            "MOZ_WIDGET_GTK": false,
            "MOZ_WIDGET_TOOLKIT": "android",
            "NIGHTLY_BUILD": false,
            "OMNIJAR_NAME": "assets/omni.ja",
            "RELEASE_OR_BETA": true,
            "SOURCE_REVISION_URL": "https://hg.mozilla.org/releases/mozilla-esr68/rev/d2e0b9e17b9bc1ef02606c8006b73293f7892ad5",
            "TELEMETRY_PING_FORMAT_VERSION": 4,
            "XP_UNIX": true,
            "isPlatformAndVersionAtLeast": {},
            "isPlatformAndVersionAtMost": {},
            "platform": "android"
          },
          "userAgent": "Mozilla/5.0 (Android 8.1.0; Mobile; rv:68.0) Gecko/68.0 Firefox/68.0",
          "windowSize": "360x560"
        },
        "pageinfo": {
          "documentHeight": 17127,
          "documentSize": {
            "decodedBodySize": 230037,
            "encodedBodySize": 36034,
            "transferSize": 37267
          },
          "documentTitle": "Amazon Web Services (AWS) - Cloud Computing Services",
          "documentWidth": 360,
          "domElements": 11242,
          "navigationStartTime": 1617071360361,
          "nextHopProtocol": "h2",
          "resources": {
            "count": 0,
            "duration": 0
          },
          "responsive": true,
          "url": "https://aws.amazon.com/",
          "visualElements": {
            "heroes": [
              {
                "filename": null,
                "height": 78,
                "name": "Heading",
                "width": 320,
                "x": 30,
                "y": 235
              }
            ],
            "viewport": {
              "height": 560,
              "width": 360
            }
          }
        },
        "timings": {
          "firstPaint": 2845,
          "loadEventEnd": 7751,
          "navigationTiming": {
            "connectStart": 287,
            "domComplete": 7708,
            "domContentLoadedEventEnd": 4524,
            "domContentLoadedEventStart": 4458,
            "domInteractive": 4291,
            "domainLookupEnd": 287,
            "domainLookupStart": 287,
            "duration": 7751,
            "fetchStart": 6,
            "loadEventEnd": 7751,
            "loadEventStart": 7750,
            "redirectEnd": 0,
            "redirectStart": 0,
            "requestStart": 400,
            "responseEnd": 635,
            "responseStart": 635,
            "secureConnectionStart": 316,
            "startTime": 0,
            "unloadEventEnd": 0,
            "unloadEventStart": 0,
            "workerStart": 0
          },
          "pageTimings": {
            "backEndTime": 635,
            "domContentLoadedTime": 4458,
            "domInteractiveTime": 4291,
            "domainLookupTime": 0,
            "frontEndTime": 7115,
            "pageDownloadTime": 0,
            "pageLoadTime": 7750,
            "redirectionTime": 0,
            "serverConnectionTime": 111,
            "serverResponseTime": 235
          },
          "rumSpeedIndex": 634,
          "timeToContentfulPaint": 2977,
          "timeToDomContentFlushed": 4301,
          "userTimings": {
            "marks": [],
            "measures": []
          }
        }
      },
      {
        "browser": {
          "appConstants": {
            "ACCESSIBILITY": true,
            "ANDROID_PACKAGE_NAME": "org.mozilla.firefox",
            "ASAN": false,
            "ASAN_REPORTER": false,
            "BROWSER_CHROME_URL": "chrome://browser/content/browser.xul",
            "DEBUG": false,
            "DEBUG_JS_MODULES": "",
            "DLL_PREFIX": "lib",
            "DLL_SUFFIX": ".so",
            "EARLY_BETA_OR_EARLIER": false,
            "FENNEC_NIGHTLY": false,
            "HAVE_SHELL_SERVICE": false,
            "HAVE_USR_LIB64_DIR": false,
            "MENUBAR_CAN_AUTOHIDE": false,
            "MOZILLA_OFFICIAL": true,
            "MOZ_ALLOW_LEGACY_EXTENSIONS": false,
            "MOZ_ANDROID_ACTIVITY_STREAM": false,
            "MOZ_ANDROID_HISTORY": true,
            "MOZ_ANDROID_MOZILLA_ONLINE": false,
            "MOZ_APP_NAME": "fennec",
            "MOZ_APP_VERSION": "68.1.1",
            "MOZ_APP_VERSION_DISPLAY": "68.1.1",
            "MOZ_BING_API_CLIENTID": "no-bing-api-clientid",
            "MOZ_BING_API_KEY": "no-bing-api-key",
            "MOZ_BITS_DOWNLOAD": false,
            "MOZ_BUILD_APP": "mobile/android",
            "MOZ_CODE_COVERAGE": false,
            "MOZ_CRASHREPORTER": true,
            "MOZ_DATA_REPORTING": true,
            "MOZ_DEV_EDITION": false,
            "MOZ_GECKO_PROFILER": true,
            "MOZ_GOOGLE_LOCATION_SERVICE_API_KEY": "AIzaSyB2h2OuRcUgy5N-5hsZqiPW6sH3n_rptiQ",
            "MOZ_GOOGLE_SAFEBROWSING_API_KEY": "AIzaSyC7jsptDS3am4tPx4r3nxis7IMjBc5Dovo",
            "MOZ_GRAPHENE": false,
            "MOZ_MACBUNDLE_NAME": "Firefox.app",
            "MOZ_MAINTENANCE_SERVICE": false,
            "MOZ_MOZILLA_API_KEY": "3b4d27dd-703d-4094-8398-4de2c763505a",
            "MOZ_NEW_CERT_STORAGE": false,
            "MOZ_NEW_NOTIFICATION_STORE": false,
            "MOZ_NEW_XULSTORE": false,
            "MOZ_OFFICIAL_BRANDING": false,
            "MOZ_PLACES": false,
            "MOZ_REQUIRE_SIGNING": false,
            "MOZ_SANDBOX": false,
            "MOZ_SERVICES_HEALTHREPORT": true,
            "MOZ_SERVICES_SYNC": false,
            "MOZ_SWITCHBOARD": true,
            "MOZ_SYSTEM_NSS": false,
            "MOZ_TELEMETRY_ON_BY_DEFAULT": false,
            "MOZ_TELEMETRY_REPORTING": true,
            "MOZ_UNSIGNED_SCOPES": 0,
            "MOZ_UPDATER": false,
            "MOZ_UPDATE_CHANNEL": "release",
            "MOZ_WEBRTC": true,
            "MOZ_WIDGET_GTK": false,
            "MOZ_WIDGET_TOOLKIT": "android",
            "NIGHTLY_BUILD": false,
            "OMNIJAR_NAME": "assets/omni.ja",
            "RELEASE_OR_BETA": true,
            "SOURCE_REVISION_URL": "https://hg.mozilla.org/releases/mozilla-esr68/rev/d2e0b9e17b9bc1ef02606c8006b73293f7892ad5",
            "TELEMETRY_PING_FORMAT_VERSION": 4,
            "XP_UNIX": true,
            "isPlatformAndVersionAtLeast": {},
            "isPlatformAndVersionAtMost": {},
            "platform": "android"
          },
          "asyncAppConstants": {
            "ACCESSIBILITY": true,
            "ANDROID_PACKAGE_NAME": "org.mozilla.firefox",
            "ASAN": false,
            "ASAN_REPORTER": false,
            "BROWSER_CHROME_URL": "chrome://browser/content/browser.xul",
            "DEBUG": false,
            "DEBUG_JS_MODULES": "",
            "DLL_PREFIX": "lib",
            "DLL_SUFFIX": ".so",
            "EARLY_BETA_OR_EARLIER": false,
            "FENNEC_NIGHTLY": false,
            "HAVE_SHELL_SERVICE": false,
            "HAVE_USR_LIB64_DIR": false,
            "MENUBAR_CAN_AUTOHIDE": false,
            "MOZILLA_OFFICIAL": true,
            "MOZ_ALLOW_LEGACY_EXTENSIONS": false,
            "MOZ_ANDROID_ACTIVITY_STREAM": false,
            "MOZ_ANDROID_HISTORY": true,
            "MOZ_ANDROID_MOZILLA_ONLINE": false,
            "MOZ_APP_NAME": "fennec",
            "MOZ_APP_VERSION": "68.1.1",
            "MOZ_APP_VERSION_DISPLAY": "68.1.1",
            "MOZ_BING_API_CLIENTID": "no-bing-api-clientid",
            "MOZ_BING_API_KEY": "no-bing-api-key",
            "MOZ_BITS_DOWNLOAD": false,
            "MOZ_BUILD_APP": "mobile/android",
            "MOZ_CODE_COVERAGE": false,
            "MOZ_CRASHREPORTER": true,
            "MOZ_DATA_REPORTING": true,
            "MOZ_DEV_EDITION": false,
            "MOZ_GECKO_PROFILER": true,
            "MOZ_GOOGLE_LOCATION_SERVICE_API_KEY": "AIzaSyB2h2OuRcUgy5N-5hsZqiPW6sH3n_rptiQ",
            "MOZ_GOOGLE_SAFEBROWSING_API_KEY": "AIzaSyC7jsptDS3am4tPx4r3nxis7IMjBc5Dovo",
            "MOZ_GRAPHENE": false,
            "MOZ_MACBUNDLE_NAME": "Firefox.app",
            "MOZ_MAINTENANCE_SERVICE": false,
            "MOZ_MOZILLA_API_KEY": "3b4d27dd-703d-4094-8398-4de2c763505a",
            "MOZ_NEW_CERT_STORAGE": false,
            "MOZ_NEW_NOTIFICATION_STORE": false,
            "MOZ_NEW_XULSTORE": false,
            "MOZ_OFFICIAL_BRANDING": false,
            "MOZ_PLACES": false,
            "MOZ_REQUIRE_SIGNING": false,
            "MOZ_SANDBOX": false,
            "MOZ_SERVICES_HEALTHREPORT": true,
            "MOZ_SERVICES_SYNC": false,
            "MOZ_SWITCHBOARD": true,
            "MOZ_SYSTEM_NSS": false,
            "MOZ_TELEMETRY_ON_BY_DEFAULT": false,
            "MOZ_TELEMETRY_REPORTING": true,
            "MOZ_UNSIGNED_SCOPES": 0,
            "MOZ_UPDATER": false,
            "MOZ_UPDATE_CHANNEL": "release",
            "MOZ_WEBRTC": true,
            "MOZ_WIDGET_GTK": false,
            "MOZ_WIDGET_TOOLKIT": "android",
            "NIGHTLY_BUILD": false,
            "OMNIJAR_NAME": "assets/omni.ja",
            "RELEASE_OR_BETA": true,
            "SOURCE_REVISION_URL": "https://hg.mozilla.org/releases/mozilla-esr68/rev/d2e0b9e17b9bc1ef02606c8006b73293f7892ad5",
            "TELEMETRY_PING_FORMAT_VERSION": 4,
            "XP_UNIX": true,
            "isPlatformAndVersionAtLeast": {},
            "isPlatformAndVersionAtMost": {},
            "platform": "android"
          },
          "userAgent": "Mozilla/5.0 (Android 8.1.0; Mobile; rv:68.0) Gecko/68.0 Firefox/68.0",
          "windowSize": "360x560"
        },
        "pageinfo": {
          "documentHeight": 16551,
          "documentSize": {
            "decodedBodySize": 230037,
            "encodedBodySize": 36034,
            "transferSize": 37267
          },
          "documentTitle": "Amazon Web Services (AWS) - Cloud Computing Services",
          "documentWidth": 360,
          "domElements": 11256,
          "navigationStartTime": 1617071420757,
          "nextHopProtocol": "h2",
          "resources": {
            "count": 0,
            "duration": 0
          },
          "responsive": true,
          "url": "https://aws.amazon.com/",
          "visualElements": {
            "heroes": [
              {
                "filename": null,
                "height": 78,
                "name": "Heading",
                "width": 320,
                "x": 30,
                "y": 235
              }
            ],
            "viewport": {
              "height": 560,
              "width": 360
            }
          }
        },
        "timings": {
          "firstPaint": 3772,
          "loadEventEnd": 17998,
          "navigationTiming": {
            "connectStart": 291,
            "domComplete": 17908,
            "domContentLoadedEventEnd": 3971,
            "domContentLoadedEventStart": 3927,
            "domInteractive": 3580,
            "domainLookupEnd": 290,
            "domainLookupStart": 290,
            "duration": 17998,
            "fetchStart": 14,
            "loadEventEnd": 17998,
            "loadEventStart": 17997,
            "redirectEnd": 0,
            "redirectStart": 0,
            "requestStart": 386,
            "responseEnd": 644,
            "responseStart": 631,
            "secureConnectionStart": 301,
            "startTime": 0,
            "unloadEventEnd": 0,
            "unloadEventStart": 0,
            "workerStart": 0
          },
          "pageTimings": {
            "backEndTime": 631,
            "domContentLoadedTime": 3927,
            "domInteractiveTime": 3580,
            "domainLookupTime": 0,
            "frontEndTime": 17353,
            "pageDownloadTime": 13,
            "pageLoadTime": 17997,
            "redirectionTime": 0,
            "serverConnectionTime": 93,
            "serverResponseTime": 258
          },
          "rumSpeedIndex": 631,
          "timeToContentfulPaint": 3893,
          "timeToDomContentFlushed": 3590,
          "timeToFirstInteractive": 30015,
          "userTimings": {
            "marks": [],
            "measures": []
          }
        }
      }
    ],
    "visualMetrics": [],
    "cpu": [],
    "extras": [
      {},
      {},
      {}
    ],
    "fullyLoaded": [],
    "errors": [
      [],
      [],
      []
    ],
    "statistics": {
      "browser": {
        "appConstants": {
          "MOZ_UNSIGNED_SCOPES": {
            "median": 0,
            "mean": 0,
            "mdev": 0,
            "stddev": 0,
            "min": 0,
            "p10": 0,
            "p90": 0,
            "p99": 0,
            "max": 0
          },
          "TELEMETRY_PING_FORMAT_VERSION": {
            "median": 4,
            "mean": 4,
            "mdev": 0,
            "stddev": 0,
            "min": 4,
            "p10": 4,
            "p90": 4,
            "p99": 4,
            "max": 4
          }
        },
        "asyncAppConstants": {
          "MOZ_UNSIGNED_SCOPES": {
            "median": 0,
            "mean": 0,
            "mdev": 0,
            "stddev": 0,
            "min": 0,
            "p10": 0,
            "p90": 0,
            "p99": 0,
            "max": 0
          },
          "TELEMETRY_PING_FORMAT_VERSION": {
            "median": 4,
            "mean": 4,
            "mdev": 0,
            "stddev": 0,
            "min": 4,
            "p10": 4,
            "p90": 4,
            "p99": 4,
            "max": 4
          }
        }
      },
      "pageinfo": {
        "documentHeight": {
          "median": 17127,
          "mean": 16935,
          "mdev": 156.7673,
          "stddev": 272,
          "min": 16551,
          "p10": 16551,
          "p90": 17127,
          "p99": 17127,
          "max": 17127
        },
        "documentSize": {
          "decodedBodySize": {
            "median": 230037,
            "mean": 230037,
            "mdev": 0,
            "stddev": 0,
            "min": 230037,
            "p10": 230037,
            "p90": 230037,
            "p99": 230037,
            "max": 230037
          },
          "encodedBodySize": {
            "median": 36034,
            "mean": 36034,
            "mdev": 0,
            "stddev": 0,
            "min": 36034,
            "p10": 36034,
            "p90": 36034,
            "p99": 36034,
            "max": 36034
          },
          "transferSize": {
            "median": 37267,
            "mean": 37267,
            "mdev": 0,
            "stddev": 0,
            "min": 37267,
            "p10": 37267,
            "p90": 37267,
            "p99": 37267,
            "max": 37267
          }
        },
        "documentWidth": {
          "median": 360,
          "mean": 360,
          "mdev": 0,
          "stddev": 0,
          "min": 360,
          "p10": 360,
          "p90": 360,
          "p99": 360,
          "max": 360
        },
        "domElements": {
          "median": 11242,
          "mean": 11247,
          "mdev": 3.8103,
          "stddev": 7,
          "min": 11242,
          "p10": 11242,
          "p90": 11256,
          "p99": 11256,
          "max": 11256
        },
        "navigationStartTime": {
          "median": 1617071360361,
          "mean": 1617071362015,
          "mdev": 28202.2041,
          "stddev": 48848,
          "min": 1617071304927,
          "p10": 1617071304927,
          "p90": 1617071420757,
          "p99": 1617071420757,
          "max": 1617071420757
        },
        "resources": {
          "count": {
            "median": 0,
            "mean": 0,
            "mdev": 0,
            "stddev": 0,
            "min": 0,
            "p10": 0,
            "p90": 0,
            "p99": 0,
            "max": 0
          },
          "duration": {
            "median": 0,
            "mean": 0,
            "mdev": 0,
            "stddev": 0,
            "min": 0,
            "p10": 0,
            "p90": 0,
            "p99": 0,
            "max": 0
          }
        },
        "visualElements": {
          "heroes": [
            {
              "height": {
                "median": 78,
                "mean": 78,
                "mdev": 0,
                "stddev": 0,
                "min": 78,
                "p10": 78,
                "p90": 78,
                "p99": 78,
                "max": 78
              },
              "width": {
                "median": 320,
                "mean": 320,
                "mdev": 0,
                "stddev": 0,
                "min": 320,
                "p10": 320,
                "p90": 320,
                "p99": 320,
                "max": 320
              },
              "x": {
                "median": 30,
                "mean": 30,
                "mdev": 0,
                "stddev": 0,
                "min": 30,
                "p10": 30,
                "p90": 30,
                "p99": 30,
                "max": 30
              },
              "y": {
                "median": 235,
                "mean": 235,
                "mdev": 0,
                "stddev": 0,
                "min": 235,
                "p10": 235,
                "p90": 235,
                "p99": 235,
                "max": 235
              }
            }
          ],
          "viewport": {
            "height": {
              "median": 560,
              "mean": 560,
              "mdev": 0,
              "stddev": 0,
              "min": 560,
              "p10": 560,
              "p90": 560,
              "p99": 560,
              "max": 560
            },
            "width": {
              "median": 360,
              "mean": 360,
              "mdev": 0,
              "stddev": 0,
              "min": 360,
              "p10": 360,
              "p90": 360,
              "p99": 360,
              "max": 360
            }
          }
        }
      },
      "timings": {
        "firstPaint": {
          "median": 2845,
          "mean": 2980,
          "mdev": 345.9509,
          "stddev": 599,
          "min": 2323,
          "p10": 2323,
          "p90": 3772,
          "p99": 3772,
          "max": 3772
        },
        "loadEventEnd": {
          "median": 7751,
          "mean": 10357,
          "mdev": 3171.705,
          "stddev": 5494,
          "min": 5321,
          "p10": 5321,
          "p90": 17998,
          "p99": 17998,
          "max": 17998
        },
        "navigationTiming": {
          "connectStart": {
            "median": 287,
            "mean": 197,
            "mdev": 75.3957,
            "stddev": 131,
            "min": 12,
            "p10": 12,
            "p90": 291,
            "p99": 291,
            "max": 291
          },
          "domComplete": {
            "median": 7708,
            "mean": 10302,
            "mdev": 3156.8302,
            "stddev": 5468,
            "min": 5291,
            "p10": 5291,
            "p90": 17908,
            "p99": 17908,
            "max": 17908
          },
          "domContentLoadedEventEnd": {
            "median": 3971,
            "mean": 4065,
            "mdev": 197.7689,
            "stddev": 343,
            "min": 3701,
            "p10": 3701,
            "p90": 4524,
            "p99": 4524,
            "max": 4524
          },
          "domContentLoadedEventStart": {
            "median": 3927,
            "mean": 4012,
            "mdev": 193.1438,
            "stddev": 335,
            "min": 3652,
            "p10": 3652,
            "p90": 4458,
            "p99": 4458,
            "max": 4458
          },
          "domInteractive": {
            "median": 3613,
            "mean": 3828,
            "mdev": 189.1789,
            "stddev": 328,
            "min": 3580,
            "p10": 3580,
            "p90": 4291,
            "p99": 4291,
            "max": 4291
          },
          "domainLookupEnd": {
            "median": 287,
            "mean": 196,
            "mdev": 75.2571,
            "stddev": 130,
            "min": 12,
            "p10": 12,
            "p90": 290,
            "p99": 290,
            "max": 290
          },
          "domainLookupStart": {
            "median": 287,
            "mean": 195,
            "mdev": 76.6179,
            "stddev": 133,
            "min": 7,
            "p10": 7,
            "p90": 290,
            "p99": 290,
            "max": 290
          },
          "duration": {
            "median": 7751,
            "mean": 10357,
            "mdev": 3171.705,
            "stddev": 5494,
            "min": 5321,
            "p10": 5321,
            "p90": 17998,
            "p99": 17998,
            "max": 17998
          },
          "fetchStart": {
            "median": 6,
            "mean": 8,
            "mdev": 2.3254,
            "stddev": 4,
            "min": 5,
            "p10": 5,
            "p90": 14,
            "p99": 14,
            "max": 14
          },
          "loadEventEnd": {
            "median": 7751,
            "mean": 10357,
            "mdev": 3171.705,
            "stddev": 5494,
            "min": 5321,
            "p10": 5321,
            "p90": 17998,
            "p99": 17998,
            "max": 17998
          },
          "loadEventStart": {
            "median": 7750,
            "mean": 10356,
            "mdev": 3171.705,
            "stddev": 5494,
            "min": 5320,
            "p10": 5320,
            "p90": 17997,
            "p99": 17997,
            "max": 17997
          },
          "redirectEnd": {
            "median": 0,
            "mean": 0,
            "mdev": 0,
            "stddev": 0,
            "min": 0,
            "p10": 0,
            "p90": 0,
            "p99": 0,
            "max": 0
          },
          "redirectStart": {
            "median": 0,
            "mean": 0,
            "mdev": 0,
            "stddev": 0,
            "min": 0,
            "p10": 0,
            "p90": 0,
            "p99": 0,
            "max": 0
          },
          "requestStart": {
            "median": 386,
            "mean": 292,
            "mdev": 82.2602,
            "stddev": 142,
            "min": 91,
            "p10": 91,
            "p90": 400,
            "p99": 400,
            "max": 400
          },
          "responseEnd": {
            "median": 635,
            "mean": 535,
            "mdev": 85.0782,
            "stddev": 147,
            "min": 327,
            "p10": 327,
            "p90": 644,
            "p99": 644,
            "max": 644
          },
          "responseStart": {
            "median": 631,
            "mean": 531,
            "mdev": 83.288,
            "stddev": 144,
            "min": 327,
            "p10": 327,
            "p90": 635,
            "p99": 635,
            "max": 635
          },
          "secureConnectionStart": {
            "median": 301,
            "mean": 213,
            "mdev": 78.0555,
            "stddev": 135,
            "min": 22,
            "p10": 22,
            "p90": 316,
            "p99": 316,
            "max": 316
          },
          "startTime": {
            "median": 0,
            "mean": 0,
            "mdev": 0,
            "stddev": 0,
            "min": 0,
            "p10": 0,
            "p90": 0,
            "p99": 0,
            "max": 0
          },
          "unloadEventEnd": {
            "median": 0,
            "mean": 0,
            "mdev": 0,
            "stddev": 0,
            "min": 0,
            "p10": 0,
            "p90": 0,
            "p99": 0,
            "max": 0
          },
          "unloadEventStart": {
            "median": 0,
            "mean": 0,
            "mdev": 0,
            "stddev": 0,
            "min": 0,
            "p10": 0,
            "p90": 0,
            "p99": 0,
            "max": 0
          },
          "workerStart": {
            "median": 0,
            "mean": 0,
            "mdev": 0,
            "stddev": 0,
            "min": 0,
            "p10": 0,
            "p90": 0,
            "p99": 0,
            "max": 0
          }
        },
        "pageTimings": {
          "backEndTime": {
            "median": 631,
            "mean": 531,
            "mdev": 83.288,
            "stddev": 144,
            "min": 327,
            "p10": 327,
            "p90": 635,
            "p99": 635,
            "max": 635
          },
          "domContentLoadedTime": {
            "median": 3927,
            "mean": 4012,
            "mdev": 193.1438,
            "stddev": 335,
            "min": 3652,
            "p10": 3652,
            "p90": 4458,
            "p99": 4458,
            "max": 4458
          },
          "domInteractiveTime": {
            "median": 3613,
            "mean": 3828,
            "mdev": 189.1789,
            "stddev": 328,
            "min": 3580,
            "p10": 3580,
            "p90": 4291,
            "p99": 4291,
            "max": 4291
          },
          "domainLookupTime": {
            "median": 0,
            "mean": 2,
            "mdev": 1.3608,
            "stddev": 2,
            "min": 0,
            "p10": 0,
            "p90": 5,
            "p99": 5,
            "max": 5
          },
          "frontEndTime": {
            "median": 7115,
            "mean": 9820,
            "mdev": 3115.6066,
            "stddev": 5396,
            "min": 4993,
            "p10": 4993,
            "p90": 17353,
            "p99": 17353,
            "max": 17353
          },
          "pageDownloadTime": {
            "median": 0,
            "mean": 4,
            "mdev": 3.5382,
            "stddev": 6,
            "min": 0,
            "p10": 0,
            "p90": 13,
            "p99": 13,
            "max": 13
          },
          "pageLoadTime": {
            "median": 7750,
            "mean": 10356,
            "mdev": 3171.705,
            "stddev": 5494,
            "min": 5320,
            "p10": 5320,
            "p90": 17997,
            "p99": 17997,
            "max": 17997
          },
          "redirectionTime": {
            "median": 0,
            "mean": 0,
            "mdev": 0,
            "stddev": 0,
            "min": 0,
            "p10": 0,
            "p90": 0,
            "p99": 0,
            "max": 0
          },
          "serverConnectionTime": {
            "median": 93,
            "mean": 94,
            "mdev": 7.7889,
            "stddev": 13,
            "min": 78,
            "p10": 78,
            "p90": 111,
            "p99": 111,
            "max": 111
          },
          "serverResponseTime": {
            "median": 237,
            "mean": 243,
            "mdev": 6.0062,
            "stddev": 10,
            "min": 235,
            "p10": 235,
            "p90": 258,
            "p99": 258,
            "max": 258
          }
        },
        "rumSpeedIndex": {
          "median": 631,
          "mean": 531,
          "mdev": 83.1496,
          "stddev": 144,
          "min": 327,
          "p10": 327,
          "p90": 634,
          "p99": 634,
          "max": 634
        },
        "timeToContentfulPaint": {
          "median": 2977,
          "mean": 3119,
          "mdev": 336.6384,
          "stddev": 583,
          "min": 2486,
          "p10": 2486,
          "p90": 3893,
          "p99": 3893,
          "max": 3893
        },
        "timeToDomContentFlushed": {
          "median": 3794,
          "mean": 3895,
          "mdev": 172.5823,
          "stddev": 299,
          "min": 3590,
          "p10": 3590,
          "p90": 4301,
          "p99": 4301,
          "max": 4301
        },
        "timeToFirstInteractive": {
          "median": 30015,
          "mean": 30015,
          "mdev": 0,
          "stddev": 0,
          "min": 30015,
          "p10": 30015,
          "p90": 30015,
          "p99": 30015,
          "max": 30015
        }
      }
    }
  }
]