[
  {
    "info": {
      "browsertime": {
        "version": "8.4.0"
      },
      "url": "https://www.okezone.com/",
      "timestamp": "2021-03-30T01:27:48+04:00",
      "connectivity": {
        "engine": "external",
        "profile": "native"
      },
      "extra": {}
    },
    "files": {
      "video": [],
      "screenshot": [],
      "timeline": [],
      "consoleLog": [],
      "netLog": [],
      "perfLog": []
    },
    "cdp": {
      "performance": []
    },
    "timestamps": [
      "2021-03-30T01:25:34+04:00",
      "2021-03-30T01:28:04+04:00",
      "2021-03-30T01:30:35+04:00"
    ],
    "browserScripts": [],
    "visualMetrics": [],
    "cpu": [],
    "extras": [
      {},
      {},
      {}
    ],
    "fullyLoaded": [],
    "errors": [
      [
        "UrlLoadError",
        "Failed to load https://www.okezone.com/"
      ],
      [
        "UrlLoadError",
        "Failed to load https://www.okezone.com/"
      ],
      [
        "UrlLoadError",
        "Failed to load https://www.okezone.com/"
      ]
    ],
    "statistics": {}
  }
]