[
  {
    "info": {
      "browsertime": {
        "version": "8.4.0"
      },
      "url": "https://www.alipay.com/",
      "timestamp": "2021-03-30T16:13:30+04:00",
      "connectivity": {
        "engine": "external",
        "profile": "native"
      },
      "extra": {}
    },
    "files": {
      "video": [],
      "screenshot": [],
      "timeline": [],
      "consoleLog": [],
      "netLog": [],
      "perfLog": []
    },
    "cdp": {
      "performance": []
    },
    "timestamps": [
      "2021-03-30T16:13:12+04:00",
      "2021-03-30T16:13:36+04:00",
      "2021-03-30T16:25:30+04:00"
    ],
    "browserScripts": [
      {
        "browser": {
          "appConstants": {
            "ACCESSIBILITY": true,
            "ANDROID_PACKAGE_NAME": "org.mozilla.firefox",
            "ASAN": false,
            "ASAN_REPORTER": false,
            "BROWSER_CHROME_URL": "chrome://browser/content/browser.xul",
            "DEBUG": false,
            "DEBUG_JS_MODULES": "",
            "DLL_PREFIX": "lib",
            "DLL_SUFFIX": ".so",
            "EARLY_BETA_OR_EARLIER": false,
            "FENNEC_NIGHTLY": false,
            "HAVE_SHELL_SERVICE": false,
            "HAVE_USR_LIB64_DIR": false,
            "MENUBAR_CAN_AUTOHIDE": false,
            "MOZILLA_OFFICIAL": true,
            "MOZ_ALLOW_LEGACY_EXTENSIONS": false,
            "MOZ_ANDROID_ACTIVITY_STREAM": false,
            "MOZ_ANDROID_HISTORY": true,
            "MOZ_ANDROID_MOZILLA_ONLINE": false,
            "MOZ_APP_NAME": "fennec",
            "MOZ_APP_VERSION": "68.1.1",
            "MOZ_APP_VERSION_DISPLAY": "68.1.1",
            "MOZ_BING_API_CLIENTID": "no-bing-api-clientid",
            "MOZ_BING_API_KEY": "no-bing-api-key",
            "MOZ_BITS_DOWNLOAD": false,
            "MOZ_BUILD_APP": "mobile/android",
            "MOZ_CODE_COVERAGE": false,
            "MOZ_CRASHREPORTER": true,
            "MOZ_DATA_REPORTING": true,
            "MOZ_DEV_EDITION": false,
            "MOZ_GECKO_PROFILER": true,
            "MOZ_GOOGLE_LOCATION_SERVICE_API_KEY": "AIzaSyB2h2OuRcUgy5N-5hsZqiPW6sH3n_rptiQ",
            "MOZ_GOOGLE_SAFEBROWSING_API_KEY": "AIzaSyC7jsptDS3am4tPx4r3nxis7IMjBc5Dovo",
            "MOZ_GRAPHENE": false,
            "MOZ_MACBUNDLE_NAME": "Firefox.app",
            "MOZ_MAINTENANCE_SERVICE": false,
            "MOZ_MOZILLA_API_KEY": "3b4d27dd-703d-4094-8398-4de2c763505a",
            "MOZ_NEW_CERT_STORAGE": false,
            "MOZ_NEW_NOTIFICATION_STORE": false,
            "MOZ_NEW_XULSTORE": false,
            "MOZ_OFFICIAL_BRANDING": false,
            "MOZ_PLACES": false,
            "MOZ_REQUIRE_SIGNING": false,
            "MOZ_SANDBOX": false,
            "MOZ_SERVICES_HEALTHREPORT": true,
            "MOZ_SERVICES_SYNC": false,
            "MOZ_SWITCHBOARD": true,
            "MOZ_SYSTEM_NSS": false,
            "MOZ_TELEMETRY_ON_BY_DEFAULT": false,
            "MOZ_TELEMETRY_REPORTING": true,
            "MOZ_UNSIGNED_SCOPES": 0,
            "MOZ_UPDATER": false,
            "MOZ_UPDATE_CHANNEL": "release",
            "MOZ_WEBRTC": true,
            "MOZ_WIDGET_GTK": false,
            "MOZ_WIDGET_TOOLKIT": "android",
            "NIGHTLY_BUILD": false,
            "OMNIJAR_NAME": "assets/omni.ja",
            "RELEASE_OR_BETA": true,
            "SOURCE_REVISION_URL": "https://hg.mozilla.org/releases/mozilla-esr68/rev/d2e0b9e17b9bc1ef02606c8006b73293f7892ad5",
            "TELEMETRY_PING_FORMAT_VERSION": 4,
            "XP_UNIX": true,
            "isPlatformAndVersionAtLeast": {},
            "isPlatformAndVersionAtMost": {},
            "platform": "android"
          },
          "asyncAppConstants": {
            "ACCESSIBILITY": true,
            "ANDROID_PACKAGE_NAME": "org.mozilla.firefox",
            "ASAN": false,
            "ASAN_REPORTER": false,
            "BROWSER_CHROME_URL": "chrome://browser/content/browser.xul",
            "DEBUG": false,
            "DEBUG_JS_MODULES": "",
            "DLL_PREFIX": "lib",
            "DLL_SUFFIX": ".so",
            "EARLY_BETA_OR_EARLIER": false,
            "FENNEC_NIGHTLY": false,
            "HAVE_SHELL_SERVICE": false,
            "HAVE_USR_LIB64_DIR": false,
            "MENUBAR_CAN_AUTOHIDE": false,
            "MOZILLA_OFFICIAL": true,
            "MOZ_ALLOW_LEGACY_EXTENSIONS": false,
            "MOZ_ANDROID_ACTIVITY_STREAM": false,
            "MOZ_ANDROID_HISTORY": true,
            "MOZ_ANDROID_MOZILLA_ONLINE": false,
            "MOZ_APP_NAME": "fennec",
            "MOZ_APP_VERSION": "68.1.1",
            "MOZ_APP_VERSION_DISPLAY": "68.1.1",
            "MOZ_BING_API_CLIENTID": "no-bing-api-clientid",
            "MOZ_BING_API_KEY": "no-bing-api-key",
            "MOZ_BITS_DOWNLOAD": false,
            "MOZ_BUILD_APP": "mobile/android",
            "MOZ_CODE_COVERAGE": false,
            "MOZ_CRASHREPORTER": true,
            "MOZ_DATA_REPORTING": true,
            "MOZ_DEV_EDITION": false,
            "MOZ_GECKO_PROFILER": true,
            "MOZ_GOOGLE_LOCATION_SERVICE_API_KEY": "AIzaSyB2h2OuRcUgy5N-5hsZqiPW6sH3n_rptiQ",
            "MOZ_GOOGLE_SAFEBROWSING_API_KEY": "AIzaSyC7jsptDS3am4tPx4r3nxis7IMjBc5Dovo",
            "MOZ_GRAPHENE": false,
            "MOZ_MACBUNDLE_NAME": "Firefox.app",
            "MOZ_MAINTENANCE_SERVICE": false,
            "MOZ_MOZILLA_API_KEY": "3b4d27dd-703d-4094-8398-4de2c763505a",
            "MOZ_NEW_CERT_STORAGE": false,
            "MOZ_NEW_NOTIFICATION_STORE": false,
            "MOZ_NEW_XULSTORE": false,
            "MOZ_OFFICIAL_BRANDING": false,
            "MOZ_PLACES": false,
            "MOZ_REQUIRE_SIGNING": false,
            "MOZ_SANDBOX": false,
            "MOZ_SERVICES_HEALTHREPORT": true,
            "MOZ_SERVICES_SYNC": false,
            "MOZ_SWITCHBOARD": true,
            "MOZ_SYSTEM_NSS": false,
            "MOZ_TELEMETRY_ON_BY_DEFAULT": false,
            "MOZ_TELEMETRY_REPORTING": true,
            "MOZ_UNSIGNED_SCOPES": 0,
            "MOZ_UPDATER": false,
            "MOZ_UPDATE_CHANNEL": "release",
            "MOZ_WEBRTC": true,
            "MOZ_WIDGET_GTK": false,
            "MOZ_WIDGET_TOOLKIT": "android",
            "NIGHTLY_BUILD": false,
            "OMNIJAR_NAME": "assets/omni.ja",
            "RELEASE_OR_BETA": true,
            "SOURCE_REVISION_URL": "https://hg.mozilla.org/releases/mozilla-esr68/rev/d2e0b9e17b9bc1ef02606c8006b73293f7892ad5",
            "TELEMETRY_PING_FORMAT_VERSION": 4,
            "XP_UNIX": true,
            "isPlatformAndVersionAtLeast": {},
            "isPlatformAndVersionAtMost": {},
            "platform": "android"
          },
          "userAgent": "Mozilla/5.0 (Android 9; Mobile; rv:68.0) Gecko/68.0 Firefox/68.0",
          "windowSize": "360x612"
        },
        "pageinfo": {
          "documentHeight": 612,
          "documentSize": {
            "decodedBodySize": 20782,
            "encodedBodySize": 12763,
            "transferSize": 13858
          },
          "documentTitle": "支付宝",
          "documentWidth": 360,
          "domElements": 47,
          "navigationStartTime": 1617106393107,
          "nextHopProtocol": "h2",
          "resources": {
            "count": 0,
            "duration": 0
          },
          "responsive": true,
          "url": "https://ds.alipay.com/?from=pc",
          "visualElements": {
            "heroes": [],
            "viewport": {
              "height": 612,
              "width": 360
            }
          }
        },
        "timings": {
          "firstPaint": 8179,
          "loadEventEnd": 11074,
          "navigationTiming": {
            "connectStart": 7110,
            "domComplete": 11043,
            "domContentLoadedEventEnd": 8179,
            "domContentLoadedEventStart": 8154,
            "domInteractive": 8144,
            "domainLookupEnd": 7109,
            "domainLookupStart": 7109,
            "duration": 11074,
            "fetchStart": 7057,
            "loadEventEnd": 11074,
            "loadEventStart": 11043,
            "redirectEnd": 7050,
            "redirectStart": 3,
            "requestStart": 7117,
            "responseEnd": 7341,
            "responseStart": 7334,
            "secureConnectionStart": 0,
            "startTime": 0,
            "unloadEventEnd": 0,
            "unloadEventStart": 0,
            "workerStart": 0
          },
          "pageTimings": {
            "backEndTime": 7334,
            "domContentLoadedTime": 8154,
            "domInteractiveTime": 8144,
            "domainLookupTime": 0,
            "frontEndTime": 3702,
            "pageDownloadTime": 7,
            "pageLoadTime": 11043,
            "redirectionTime": 7048,
            "serverConnectionTime": 0,
            "serverResponseTime": 224
          },
          "rumSpeedIndex": 7334,
          "timeToContentfulPaint": 8257,
          "timeToDomContentFlushed": 8143,
          "timeToFirstInteractive": 8257,
          "userTimings": {
            "marks": [],
            "measures": []
          }
        }
      },
      {
        "browser": {
          "appConstants": {
            "ACCESSIBILITY": true,
            "ANDROID_PACKAGE_NAME": "org.mozilla.firefox",
            "ASAN": false,
            "ASAN_REPORTER": false,
            "BROWSER_CHROME_URL": "chrome://browser/content/browser.xul",
            "DEBUG": false,
            "DEBUG_JS_MODULES": "",
            "DLL_PREFIX": "lib",
            "DLL_SUFFIX": ".so",
            "EARLY_BETA_OR_EARLIER": false,
            "FENNEC_NIGHTLY": false,
            "HAVE_SHELL_SERVICE": false,
            "HAVE_USR_LIB64_DIR": false,
            "MENUBAR_CAN_AUTOHIDE": false,
            "MOZILLA_OFFICIAL": true,
            "MOZ_ALLOW_LEGACY_EXTENSIONS": false,
            "MOZ_ANDROID_ACTIVITY_STREAM": false,
            "MOZ_ANDROID_HISTORY": true,
            "MOZ_ANDROID_MOZILLA_ONLINE": false,
            "MOZ_APP_NAME": "fennec",
            "MOZ_APP_VERSION": "68.1.1",
            "MOZ_APP_VERSION_DISPLAY": "68.1.1",
            "MOZ_BING_API_CLIENTID": "no-bing-api-clientid",
            "MOZ_BING_API_KEY": "no-bing-api-key",
            "MOZ_BITS_DOWNLOAD": false,
            "MOZ_BUILD_APP": "mobile/android",
            "MOZ_CODE_COVERAGE": false,
            "MOZ_CRASHREPORTER": true,
            "MOZ_DATA_REPORTING": true,
            "MOZ_DEV_EDITION": false,
            "MOZ_GECKO_PROFILER": true,
            "MOZ_GOOGLE_LOCATION_SERVICE_API_KEY": "AIzaSyB2h2OuRcUgy5N-5hsZqiPW6sH3n_rptiQ",
            "MOZ_GOOGLE_SAFEBROWSING_API_KEY": "AIzaSyC7jsptDS3am4tPx4r3nxis7IMjBc5Dovo",
            "MOZ_GRAPHENE": false,
            "MOZ_MACBUNDLE_NAME": "Firefox.app",
            "MOZ_MAINTENANCE_SERVICE": false,
            "MOZ_MOZILLA_API_KEY": "3b4d27dd-703d-4094-8398-4de2c763505a",
            "MOZ_NEW_CERT_STORAGE": false,
            "MOZ_NEW_NOTIFICATION_STORE": false,
            "MOZ_NEW_XULSTORE": false,
            "MOZ_OFFICIAL_BRANDING": false,
            "MOZ_PLACES": false,
            "MOZ_REQUIRE_SIGNING": false,
            "MOZ_SANDBOX": false,
            "MOZ_SERVICES_HEALTHREPORT": true,
            "MOZ_SERVICES_SYNC": false,
            "MOZ_SWITCHBOARD": true,
            "MOZ_SYSTEM_NSS": false,
            "MOZ_TELEMETRY_ON_BY_DEFAULT": false,
            "MOZ_TELEMETRY_REPORTING": true,
            "MOZ_UNSIGNED_SCOPES": 0,
            "MOZ_UPDATER": false,
            "MOZ_UPDATE_CHANNEL": "release",
            "MOZ_WEBRTC": true,
            "MOZ_WIDGET_GTK": false,
            "MOZ_WIDGET_TOOLKIT": "android",
            "NIGHTLY_BUILD": false,
            "OMNIJAR_NAME": "assets/omni.ja",
            "RELEASE_OR_BETA": true,
            "SOURCE_REVISION_URL": "https://hg.mozilla.org/releases/mozilla-esr68/rev/d2e0b9e17b9bc1ef02606c8006b73293f7892ad5",
            "TELEMETRY_PING_FORMAT_VERSION": 4,
            "XP_UNIX": true,
            "isPlatformAndVersionAtLeast": {},
            "isPlatformAndVersionAtMost": {},
            "platform": "android"
          },
          "asyncAppConstants": {
            "ACCESSIBILITY": true,
            "ANDROID_PACKAGE_NAME": "org.mozilla.firefox",
            "ASAN": false,
            "ASAN_REPORTER": false,
            "BROWSER_CHROME_URL": "chrome://browser/content/browser.xul",
            "DEBUG": false,
            "DEBUG_JS_MODULES": "",
            "DLL_PREFIX": "lib",
            "DLL_SUFFIX": ".so",
            "EARLY_BETA_OR_EARLIER": false,
            "FENNEC_NIGHTLY": false,
            "HAVE_SHELL_SERVICE": false,
            "HAVE_USR_LIB64_DIR": false,
            "MENUBAR_CAN_AUTOHIDE": false,
            "MOZILLA_OFFICIAL": true,
            "MOZ_ALLOW_LEGACY_EXTENSIONS": false,
            "MOZ_ANDROID_ACTIVITY_STREAM": false,
            "MOZ_ANDROID_HISTORY": true,
            "MOZ_ANDROID_MOZILLA_ONLINE": false,
            "MOZ_APP_NAME": "fennec",
            "MOZ_APP_VERSION": "68.1.1",
            "MOZ_APP_VERSION_DISPLAY": "68.1.1",
            "MOZ_BING_API_CLIENTID": "no-bing-api-clientid",
            "MOZ_BING_API_KEY": "no-bing-api-key",
            "MOZ_BITS_DOWNLOAD": false,
            "MOZ_BUILD_APP": "mobile/android",
            "MOZ_CODE_COVERAGE": false,
            "MOZ_CRASHREPORTER": true,
            "MOZ_DATA_REPORTING": true,
            "MOZ_DEV_EDITION": false,
            "MOZ_GECKO_PROFILER": true,
            "MOZ_GOOGLE_LOCATION_SERVICE_API_KEY": "AIzaSyB2h2OuRcUgy5N-5hsZqiPW6sH3n_rptiQ",
            "MOZ_GOOGLE_SAFEBROWSING_API_KEY": "AIzaSyC7jsptDS3am4tPx4r3nxis7IMjBc5Dovo",
            "MOZ_GRAPHENE": false,
            "MOZ_MACBUNDLE_NAME": "Firefox.app",
            "MOZ_MAINTENANCE_SERVICE": false,
            "MOZ_MOZILLA_API_KEY": "3b4d27dd-703d-4094-8398-4de2c763505a",
            "MOZ_NEW_CERT_STORAGE": false,
            "MOZ_NEW_NOTIFICATION_STORE": false,
            "MOZ_NEW_XULSTORE": false,
            "MOZ_OFFICIAL_BRANDING": false,
            "MOZ_PLACES": false,
            "MOZ_REQUIRE_SIGNING": false,
            "MOZ_SANDBOX": false,
            "MOZ_SERVICES_HEALTHREPORT": true,
            "MOZ_SERVICES_SYNC": false,
            "MOZ_SWITCHBOARD": true,
            "MOZ_SYSTEM_NSS": false,
            "MOZ_TELEMETRY_ON_BY_DEFAULT": false,
            "MOZ_TELEMETRY_REPORTING": true,
            "MOZ_UNSIGNED_SCOPES": 0,
            "MOZ_UPDATER": false,
            "MOZ_UPDATE_CHANNEL": "release",
            "MOZ_WEBRTC": true,
            "MOZ_WIDGET_GTK": false,
            "MOZ_WIDGET_TOOLKIT": "android",
            "NIGHTLY_BUILD": false,
            "OMNIJAR_NAME": "assets/omni.ja",
            "RELEASE_OR_BETA": true,
            "SOURCE_REVISION_URL": "https://hg.mozilla.org/releases/mozilla-esr68/rev/d2e0b9e17b9bc1ef02606c8006b73293f7892ad5",
            "TELEMETRY_PING_FORMAT_VERSION": 4,
            "XP_UNIX": true,
            "isPlatformAndVersionAtLeast": {},
            "isPlatformAndVersionAtMost": {},
            "platform": "android"
          },
          "userAgent": "Mozilla/5.0 (Android 9; Mobile; rv:68.0) Gecko/68.0 Firefox/68.0",
          "windowSize": "360x612"
        },
        "pageinfo": {
          "documentHeight": 612,
          "documentSize": {
            "decodedBodySize": 20782,
            "encodedBodySize": 12763,
            "transferSize": 13858
          },
          "documentTitle": "支付宝",
          "documentWidth": 360,
          "domElements": 47,
          "navigationStartTime": 1617107130819,
          "nextHopProtocol": "h2",
          "resources": {
            "count": 0,
            "duration": 0
          },
          "responsive": true,
          "url": "https://ds.alipay.com/?from=pc",
          "visualElements": {
            "heroes": [],
            "viewport": {
              "height": 612,
              "width": 360
            }
          }
        },
        "timings": {
          "firstPaint": 37918,
          "loadEventEnd": 38979,
          "navigationTiming": {
            "connectStart": 36707,
            "domComplete": 38967,
            "domContentLoadedEventEnd": 37918,
            "domContentLoadedEventStart": 37892,
            "domInteractive": 37883,
            "domainLookupEnd": 36706,
            "domainLookupStart": 36706,
            "duration": 38979,
            "fetchStart": 36651,
            "loadEventEnd": 38979,
            "loadEventStart": 38967,
            "redirectEnd": 36640,
            "redirectStart": 2,
            "requestStart": 36715,
            "responseEnd": 37008,
            "responseStart": 37004,
            "secureConnectionStart": 0,
            "startTime": 0,
            "unloadEventEnd": 0,
            "unloadEventStart": 0,
            "workerStart": 0
          },
          "pageTimings": {
            "backEndTime": 37004,
            "domContentLoadedTime": 37892,
            "domInteractiveTime": 37883,
            "domainLookupTime": 0,
            "frontEndTime": 1960,
            "pageDownloadTime": 4,
            "pageLoadTime": 38967,
            "redirectionTime": 36638,
            "serverConnectionTime": 0,
            "serverResponseTime": 293
          },
          "rumSpeedIndex": 37003,
          "timeToContentfulPaint": 37995,
          "timeToDomContentFlushed": 37883,
          "timeToFirstInteractive": 37995,
          "userTimings": {
            "marks": [],
            "measures": []
          }
        }
      }
    ],
    "visualMetrics": [],
    "cpu": [],
    "extras": [
      {},
      {},
      {}
    ],
    "fullyLoaded": [],
    "errors": [
      [],
      [
        "UrlLoadError",
        "Failed to load https://www.alipay.com/"
      ],
      []
    ],
    "statistics": {
      "browser": {
        "appConstants": {
          "MOZ_UNSIGNED_SCOPES": {
            "median": 0,
            "mean": 0,
            "mdev": 0,
            "stddev": 0,
            "min": 0,
            "p10": 0,
            "p90": 0,
            "p99": 0,
            "max": 0
          },
          "TELEMETRY_PING_FORMAT_VERSION": {
            "median": 4,
            "mean": 4,
            "mdev": 0,
            "stddev": 0,
            "min": 4,
            "p10": 4,
            "p90": 4,
            "p99": 4,
            "max": 4
          }
        },
        "asyncAppConstants": {
          "MOZ_UNSIGNED_SCOPES": {
            "median": 0,
            "mean": 0,
            "mdev": 0,
            "stddev": 0,
            "min": 0,
            "p10": 0,
            "p90": 0,
            "p99": 0,
            "max": 0
          },
          "TELEMETRY_PING_FORMAT_VERSION": {
            "median": 4,
            "mean": 4,
            "mdev": 0,
            "stddev": 0,
            "min": 4,
            "p10": 4,
            "p90": 4,
            "p99": 4,
            "max": 4
          }
        }
      },
      "pageinfo": {
        "documentHeight": {
          "median": 612,
          "mean": 612,
          "mdev": 0,
          "stddev": 0,
          "min": 612,
          "p10": 612,
          "p90": 612,
          "p99": 612,
          "max": 612
        },
        "documentSize": {
          "decodedBodySize": {
            "median": 20782,
            "mean": 20782,
            "mdev": 0,
            "stddev": 0,
            "min": 20782,
            "p10": 20782,
            "p90": 20782,
            "p99": 20782,
            "max": 20782
          },
          "encodedBodySize": {
            "median": 12763,
            "mean": 12763,
            "mdev": 0,
            "stddev": 0,
            "min": 12763,
            "p10": 12763,
            "p90": 12763,
            "p99": 12763,
            "max": 12763
          },
          "transferSize": {
            "median": 13858,
            "mean": 13858,
            "mdev": 0,
            "stddev": 0,
            "min": 13858,
            "p10": 13858,
            "p90": 13858,
            "p99": 13858,
            "max": 13858
          }
        },
        "documentWidth": {
          "median": 360,
          "mean": 360,
          "mdev": 0,
          "stddev": 0,
          "min": 360,
          "p10": 360,
          "p90": 360,
          "p99": 360,
          "max": 360
        },
        "domElements": {
          "median": 47,
          "mean": 47,
          "mdev": 0,
          "stddev": 0,
          "min": 47,
          "p10": 47,
          "p90": 47,
          "p99": 47,
          "max": 47
        },
        "navigationStartTime": {
          "median": 1617106761963,
          "mean": 1617106761963,
          "mdev": 260603.4734,
          "stddev": 368549,
          "min": 1617106393107,
          "p10": 1617106393107,
          "p90": 1617107130819,
          "p99": 1617107130819,
          "max": 1617107130819
        },
        "resources": {
          "count": {
            "median": 0,
            "mean": 0,
            "mdev": 0,
            "stddev": 0,
            "min": 0,
            "p10": 0,
            "p90": 0,
            "p99": 0,
            "max": 0
          },
          "duration": {
            "median": 0,
            "mean": 0,
            "mdev": 0,
            "stddev": 0,
            "min": 0,
            "p10": 0,
            "p90": 0,
            "p99": 0,
            "max": 0
          }
        },
        "visualElements": {
          "viewport": {
            "height": {
              "median": 612,
              "mean": 612,
              "mdev": 0,
              "stddev": 0,
              "min": 612,
              "p10": 612,
              "p90": 612,
              "p99": 612,
              "max": 612
            },
            "width": {
              "median": 360,
              "mean": 360,
              "mdev": 0,
              "stddev": 0,
              "min": 360,
              "p10": 360,
              "p90": 360,
              "p99": 360,
              "max": 360
            }
          }
        }
      },
      "timings": {
        "firstPaint": {
          "median": 23049,
          "mean": 23049,
          "mdev": 10514.3243,
          "stddev": 14870,
          "min": 8179,
          "p10": 8179,
          "p90": 37918,
          "p99": 37918,
          "max": 37918
        },
        "loadEventEnd": {
          "median": 25027,
          "mean": 25027,
          "mdev": 9865.9074,
          "stddev": 13953,
          "min": 11074,
          "p10": 11074,
          "p90": 38979,
          "p99": 38979,
          "max": 38979
        },
        "navigationTiming": {
          "connectStart": {
            "median": 21909,
            "mean": 21909,
            "mdev": 10464.1197,
            "stddev": 14799,
            "min": 7110,
            "p10": 7110,
            "p90": 36707,
            "p99": 36707,
            "max": 36707
          },
          "domComplete": {
            "median": 25005,
            "mean": 25005,
            "mdev": 9872.6249,
            "stddev": 13962,
            "min": 11043,
            "p10": 11043,
            "p90": 38967,
            "p99": 38967,
            "max": 38967
          },
          "domContentLoadedEventEnd": {
            "median": 23049,
            "mean": 23049,
            "mdev": 10514.3243,
            "stddev": 14870,
            "min": 8179,
            "p10": 8179,
            "p90": 37918,
            "p99": 37918,
            "max": 37918
          },
          "domContentLoadedEventStart": {
            "median": 23023,
            "mean": 23023,
            "mdev": 10513.9707,
            "stddev": 14869,
            "min": 8154,
            "p10": 8154,
            "p90": 37892,
            "p99": 37892,
            "max": 37892
          },
          "domInteractive": {
            "median": 23014,
            "mean": 23014,
            "mdev": 10514.3243,
            "stddev": 14870,
            "min": 8144,
            "p10": 8144,
            "p90": 37883,
            "p99": 37883,
            "max": 37883
          },
          "domainLookupEnd": {
            "median": 21908,
            "mean": 21908,
            "mdev": 10464.1197,
            "stddev": 14799,
            "min": 7109,
            "p10": 7109,
            "p90": 36706,
            "p99": 36706,
            "max": 36706
          },
          "domainLookupStart": {
            "median": 21908,
            "mean": 21908,
            "mdev": 10464.1197,
            "stddev": 14799,
            "min": 7109,
            "p10": 7109,
            "p90": 36706,
            "p99": 36706,
            "max": 36706
          },
          "duration": {
            "median": 25027,
            "mean": 25027,
            "mdev": 9865.9074,
            "stddev": 13953,
            "min": 11074,
            "p10": 11074,
            "p90": 38979,
            "p99": 38979,
            "max": 38979
          },
          "fetchStart": {
            "median": 21854,
            "mean": 21854,
            "mdev": 10463.059,
            "stddev": 14797,
            "min": 7057,
            "p10": 7057,
            "p90": 36651,
            "p99": 36651,
            "max": 36651
          },
          "loadEventEnd": {
            "median": 25027,
            "mean": 25027,
            "mdev": 9865.9074,
            "stddev": 13953,
            "min": 11074,
            "p10": 11074,
            "p90": 38979,
            "p99": 38979,
            "max": 38979
          },
          "loadEventStart": {
            "median": 25005,
            "mean": 25005,
            "mdev": 9872.6249,
            "stddev": 13962,
            "min": 11043,
            "p10": 11043,
            "p90": 38967,
            "p99": 38967,
            "max": 38967
          },
          "redirectEnd": {
            "median": 21845,
            "mean": 21845,
            "mdev": 10461.6448,
            "stddev": 14795,
            "min": 7050,
            "p10": 7050,
            "p90": 36640,
            "p99": 36640,
            "max": 36640
          },
          "redirectStart": {
            "median": 3,
            "mean": 3,
            "mdev": 0.3536,
            "stddev": 1,
            "min": 2,
            "p10": 2,
            "p90": 3,
            "p99": 3,
            "max": 3
          },
          "requestStart": {
            "median": 21916,
            "mean": 21916,
            "mdev": 10464.4733,
            "stddev": 14799,
            "min": 7117,
            "p10": 7117,
            "p90": 36715,
            "p99": 36715,
            "max": 36715
          },
          "responseEnd": {
            "median": 22175,
            "mean": 22175,
            "mdev": 10488.8684,
            "stddev": 14834,
            "min": 7341,
            "p10": 7341,
            "p90": 37008,
            "p99": 37008,
            "max": 37008
          },
          "responseStart": {
            "median": 22169,
            "mean": 22169,
            "mdev": 10489.9291,
            "stddev": 14835,
            "min": 7334,
            "p10": 7334,
            "p90": 37004,
            "p99": 37004,
            "max": 37004
          },
          "secureConnectionStart": {
            "median": 0,
            "mean": 0,
            "mdev": 0,
            "stddev": 0,
            "min": 0,
            "p10": 0,
            "p90": 0,
            "p99": 0,
            "max": 0
          },
          "startTime": {
            "median": 0,
            "mean": 0,
            "mdev": 0,
            "stddev": 0,
            "min": 0,
            "p10": 0,
            "p90": 0,
            "p99": 0,
            "max": 0
          },
          "unloadEventEnd": {
            "median": 0,
            "mean": 0,
            "mdev": 0,
            "stddev": 0,
            "min": 0,
            "p10": 0,
            "p90": 0,
            "p99": 0,
            "max": 0
          },
          "unloadEventStart": {
            "median": 0,
            "mean": 0,
            "mdev": 0,
            "stddev": 0,
            "min": 0,
            "p10": 0,
            "p90": 0,
            "p99": 0,
            "max": 0
          },
          "workerStart": {
            "median": 0,
            "mean": 0,
            "mdev": 0,
            "stddev": 0,
            "min": 0,
            "p10": 0,
            "p90": 0,
            "p99": 0,
            "max": 0
          }
        },
        "pageTimings": {
          "backEndTime": {
            "median": 22169,
            "mean": 22169,
            "mdev": 10489.9291,
            "stddev": 14835,
            "min": 7334,
            "p10": 7334,
            "p90": 37004,
            "p99": 37004,
            "max": 37004
          },
          "domContentLoadedTime": {
            "median": 23023,
            "mean": 23023,
            "mdev": 10513.9707,
            "stddev": 14869,
            "min": 8154,
            "p10": 8154,
            "p90": 37892,
            "p99": 37892,
            "max": 37892
          },
          "domInteractiveTime": {
            "median": 23014,
            "mean": 23014,
            "mdev": 10514.3243,
            "stddev": 14870,
            "min": 8144,
            "p10": 8144,
            "p90": 37883,
            "p99": 37883,
            "max": 37883
          },
          "domainLookupTime": {
            "median": 0,
            "mean": 0,
            "mdev": 0,
            "stddev": 0,
            "min": 0,
            "p10": 0,
            "p90": 0,
            "p99": 0,
            "max": 0
          },
          "frontEndTime": {
            "median": 2831,
            "mean": 2831,
            "mdev": 615.89,
            "stddev": 871,
            "min": 1960,
            "p10": 1960,
            "p90": 3702,
            "p99": 3702,
            "max": 3702
          },
          "pageDownloadTime": {
            "median": 6,
            "mean": 6,
            "mdev": 1.0607,
            "stddev": 2,
            "min": 4,
            "p10": 4,
            "p90": 7,
            "p99": 7,
            "max": 7
          },
          "pageLoadTime": {
            "median": 25005,
            "mean": 25005,
            "mdev": 9872.6249,
            "stddev": 13962,
            "min": 11043,
            "p10": 11043,
            "p90": 38967,
            "p99": 38967,
            "max": 38967
          },
          "redirectionTime": {
            "median": 21843,
            "mean": 21843,
            "mdev": 10461.6448,
            "stddev": 14795,
            "min": 7048,
            "p10": 7048,
            "p90": 36638,
            "p99": 36638,
            "max": 36638
          },
          "serverConnectionTime": {
            "median": 0,
            "mean": 0,
            "mdev": 0,
            "stddev": 0,
            "min": 0,
            "p10": 0,
            "p90": 0,
            "p99": 0,
            "max": 0
          },
          "serverResponseTime": {
            "median": 259,
            "mean": 259,
            "mdev": 24.3952,
            "stddev": 35,
            "min": 224,
            "p10": 224,
            "p90": 293,
            "p99": 293,
            "max": 293
          }
        },
        "rumSpeedIndex": {
          "median": 22169,
          "mean": 22169,
          "mdev": 10489.5755,
          "stddev": 14835,
          "min": 7334,
          "p10": 7334,
          "p90": 37003,
          "p99": 37003,
          "max": 37003
        },
        "timeToContentfulPaint": {
          "median": 23126,
          "mean": 23126,
          "mdev": 10513.9707,
          "stddev": 14869,
          "min": 8257,
          "p10": 8257,
          "p90": 37995,
          "p99": 37995,
          "max": 37995
        },
        "timeToDomContentFlushed": {
          "median": 23013,
          "mean": 23013,
          "mdev": 10514.6778,
          "stddev": 14870,
          "min": 8143,
          "p10": 8143,
          "p90": 37883,
          "p99": 37883,
          "max": 37883
        },
        "timeToFirstInteractive": {
          "median": 23126,
          "mean": 23126,
          "mdev": 10513.9707,
          "stddev": 14869,
          "min": 8257,
          "p10": 8257,
          "p90": 37995,
          "p99": 37995,
          "max": 37995
        }
      }
    }
  }
]