[
  {
    "info": {
      "browsertime": {
        "version": "8.4.0"
      },
      "url": "https://fc2.com/",
      "timestamp": "2021-03-30T21:56:49+04:00",
      "connectivity": {
        "engine": "external",
        "profile": "native"
      },
      "extra": {}
    },
    "files": {
      "video": [],
      "screenshot": [],
      "timeline": [],
      "consoleLog": [],
      "netLog": [],
      "perfLog": []
    },
    "cdp": {
      "performance": []
    },
    "timestamps": [
      "2021-03-30T21:56:37+04:00",
      "2021-03-30T21:56:55+04:00",
      "2021-03-30T21:57:11+04:00"
    ],
    "browserScripts": [
      {
        "browser": {
          "appConstants": {
            "ACCESSIBILITY": true,
            "ANDROID_PACKAGE_NAME": "org.mozilla.firefox",
            "ASAN": false,
            "ASAN_REPORTER": false,
            "BROWSER_CHROME_URL": "chrome://browser/content/browser.xul",
            "DEBUG": false,
            "DEBUG_JS_MODULES": "",
            "DLL_PREFIX": "lib",
            "DLL_SUFFIX": ".so",
            "EARLY_BETA_OR_EARLIER": false,
            "FENNEC_NIGHTLY": false,
            "HAVE_SHELL_SERVICE": false,
            "HAVE_USR_LIB64_DIR": false,
            "MENUBAR_CAN_AUTOHIDE": false,
            "MOZILLA_OFFICIAL": true,
            "MOZ_ALLOW_LEGACY_EXTENSIONS": false,
            "MOZ_ANDROID_ACTIVITY_STREAM": false,
            "MOZ_ANDROID_HISTORY": true,
            "MOZ_ANDROID_MOZILLA_ONLINE": false,
            "MOZ_APP_NAME": "fennec",
            "MOZ_APP_VERSION": "68.1.1",
            "MOZ_APP_VERSION_DISPLAY": "68.1.1",
            "MOZ_BING_API_CLIENTID": "no-bing-api-clientid",
            "MOZ_BING_API_KEY": "no-bing-api-key",
            "MOZ_BITS_DOWNLOAD": false,
            "MOZ_BUILD_APP": "mobile/android",
            "MOZ_CODE_COVERAGE": false,
            "MOZ_CRASHREPORTER": true,
            "MOZ_DATA_REPORTING": true,
            "MOZ_DEV_EDITION": false,
            "MOZ_GECKO_PROFILER": true,
            "MOZ_GOOGLE_LOCATION_SERVICE_API_KEY": "AIzaSyB2h2OuRcUgy5N-5hsZqiPW6sH3n_rptiQ",
            "MOZ_GOOGLE_SAFEBROWSING_API_KEY": "AIzaSyC7jsptDS3am4tPx4r3nxis7IMjBc5Dovo",
            "MOZ_GRAPHENE": false,
            "MOZ_MACBUNDLE_NAME": "Firefox.app",
            "MOZ_MAINTENANCE_SERVICE": false,
            "MOZ_MOZILLA_API_KEY": "3b4d27dd-703d-4094-8398-4de2c763505a",
            "MOZ_NEW_CERT_STORAGE": false,
            "MOZ_NEW_NOTIFICATION_STORE": false,
            "MOZ_NEW_XULSTORE": false,
            "MOZ_OFFICIAL_BRANDING": false,
            "MOZ_PLACES": false,
            "MOZ_REQUIRE_SIGNING": false,
            "MOZ_SANDBOX": false,
            "MOZ_SERVICES_HEALTHREPORT": true,
            "MOZ_SERVICES_SYNC": false,
            "MOZ_SWITCHBOARD": true,
            "MOZ_SYSTEM_NSS": false,
            "MOZ_TELEMETRY_ON_BY_DEFAULT": false,
            "MOZ_TELEMETRY_REPORTING": true,
            "MOZ_UNSIGNED_SCOPES": 0,
            "MOZ_UPDATER": false,
            "MOZ_UPDATE_CHANNEL": "release",
            "MOZ_WEBRTC": true,
            "MOZ_WIDGET_GTK": false,
            "MOZ_WIDGET_TOOLKIT": "android",
            "NIGHTLY_BUILD": false,
            "OMNIJAR_NAME": "assets/omni.ja",
            "RELEASE_OR_BETA": true,
            "SOURCE_REVISION_URL": "https://hg.mozilla.org/releases/mozilla-esr68/rev/d2e0b9e17b9bc1ef02606c8006b73293f7892ad5",
            "TELEMETRY_PING_FORMAT_VERSION": 4,
            "XP_UNIX": true,
            "isPlatformAndVersionAtLeast": {},
            "isPlatformAndVersionAtMost": {},
            "platform": "android"
          },
          "asyncAppConstants": {
            "ACCESSIBILITY": true,
            "ANDROID_PACKAGE_NAME": "org.mozilla.firefox",
            "ASAN": false,
            "ASAN_REPORTER": false,
            "BROWSER_CHROME_URL": "chrome://browser/content/browser.xul",
            "DEBUG": false,
            "DEBUG_JS_MODULES": "",
            "DLL_PREFIX": "lib",
            "DLL_SUFFIX": ".so",
            "EARLY_BETA_OR_EARLIER": false,
            "FENNEC_NIGHTLY": false,
            "HAVE_SHELL_SERVICE": false,
            "HAVE_USR_LIB64_DIR": false,
            "MENUBAR_CAN_AUTOHIDE": false,
            "MOZILLA_OFFICIAL": true,
            "MOZ_ALLOW_LEGACY_EXTENSIONS": false,
            "MOZ_ANDROID_ACTIVITY_STREAM": false,
            "MOZ_ANDROID_HISTORY": true,
            "MOZ_ANDROID_MOZILLA_ONLINE": false,
            "MOZ_APP_NAME": "fennec",
            "MOZ_APP_VERSION": "68.1.1",
            "MOZ_APP_VERSION_DISPLAY": "68.1.1",
            "MOZ_BING_API_CLIENTID": "no-bing-api-clientid",
            "MOZ_BING_API_KEY": "no-bing-api-key",
            "MOZ_BITS_DOWNLOAD": false,
            "MOZ_BUILD_APP": "mobile/android",
            "MOZ_CODE_COVERAGE": false,
            "MOZ_CRASHREPORTER": true,
            "MOZ_DATA_REPORTING": true,
            "MOZ_DEV_EDITION": false,
            "MOZ_GECKO_PROFILER": true,
            "MOZ_GOOGLE_LOCATION_SERVICE_API_KEY": "AIzaSyB2h2OuRcUgy5N-5hsZqiPW6sH3n_rptiQ",
            "MOZ_GOOGLE_SAFEBROWSING_API_KEY": "AIzaSyC7jsptDS3am4tPx4r3nxis7IMjBc5Dovo",
            "MOZ_GRAPHENE": false,
            "MOZ_MACBUNDLE_NAME": "Firefox.app",
            "MOZ_MAINTENANCE_SERVICE": false,
            "MOZ_MOZILLA_API_KEY": "3b4d27dd-703d-4094-8398-4de2c763505a",
            "MOZ_NEW_CERT_STORAGE": false,
            "MOZ_NEW_NOTIFICATION_STORE": false,
            "MOZ_NEW_XULSTORE": false,
            "MOZ_OFFICIAL_BRANDING": false,
            "MOZ_PLACES": false,
            "MOZ_REQUIRE_SIGNING": false,
            "MOZ_SANDBOX": false,
            "MOZ_SERVICES_HEALTHREPORT": true,
            "MOZ_SERVICES_SYNC": false,
            "MOZ_SWITCHBOARD": true,
            "MOZ_SYSTEM_NSS": false,
            "MOZ_TELEMETRY_ON_BY_DEFAULT": false,
            "MOZ_TELEMETRY_REPORTING": true,
            "MOZ_UNSIGNED_SCOPES": 0,
            "MOZ_UPDATER": false,
            "MOZ_UPDATE_CHANNEL": "release",
            "MOZ_WEBRTC": true,
            "MOZ_WIDGET_GTK": false,
            "MOZ_WIDGET_TOOLKIT": "android",
            "NIGHTLY_BUILD": false,
            "OMNIJAR_NAME": "assets/omni.ja",
            "RELEASE_OR_BETA": true,
            "SOURCE_REVISION_URL": "https://hg.mozilla.org/releases/mozilla-esr68/rev/d2e0b9e17b9bc1ef02606c8006b73293f7892ad5",
            "TELEMETRY_PING_FORMAT_VERSION": 4,
            "XP_UNIX": true,
            "isPlatformAndVersionAtLeast": {},
            "isPlatformAndVersionAtMost": {},
            "platform": "android"
          },
          "userAgent": "Mozilla/5.0 (Android 9; Mobile; rv:68.0) Gecko/68.0 Firefox/68.0",
          "windowSize": "360x612"
        },
        "pageinfo": {
          "documentHeight": 1922,
          "documentSize": {
            "decodedBodySize": 18386,
            "encodedBodySize": 4486,
            "transferSize": 4832
          },
          "documentTitle": "FC2 - Free Website, Analyzer, Blog, Rental Server, SEO Countermeasures, etc. -",
          "documentWidth": 321,
          "domElements": 385,
          "navigationStartTime": 1617126997643,
          "nextHopProtocol": "h2",
          "resources": {
            "count": 0,
            "duration": 0
          },
          "responsive": false,
          "url": "https://fc2.com/",
          "visualElements": {
            "heroes": [
              {
                "filename": "blank.gif",
                "height": 1,
                "name": "LargestImage",
                "width": 1,
                "x": 198,
                "y": 242
              },
              {
                "filename": null,
                "height": 36,
                "name": "Heading",
                "width": 320,
                "x": 0,
                "y": 426
              }
            ],
            "viewport": {
              "height": 544,
              "width": 320
            }
          }
        },
        "timings": {
          "firstPaint": 2196,
          "loadEventEnd": 3619,
          "navigationTiming": {
            "connectStart": 298,
            "domComplete": 3614,
            "domContentLoadedEventEnd": 2779,
            "domContentLoadedEventStart": 2708,
            "domInteractive": 2707,
            "domainLookupEnd": 298,
            "domainLookupStart": 298,
            "duration": 3619,
            "fetchStart": 2,
            "loadEventEnd": 3619,
            "loadEventStart": 3614,
            "redirectEnd": 0,
            "redirectStart": 0,
            "requestStart": 928,
            "responseEnd": 1205,
            "responseStart": 1205,
            "secureConnectionStart": 573,
            "startTime": 0,
            "unloadEventEnd": 0,
            "unloadEventStart": 0,
            "workerStart": 0
          },
          "pageTimings": {
            "backEndTime": 1205,
            "domContentLoadedTime": 2708,
            "domInteractiveTime": 2707,
            "domainLookupTime": 0,
            "frontEndTime": 2408,
            "pageDownloadTime": 1,
            "pageLoadTime": 3614,
            "redirectionTime": 0,
            "serverConnectionTime": 628,
            "serverResponseTime": 277
          },
          "rumSpeedIndex": 1204,
          "timeToContentfulPaint": 2449,
          "timeToDomContentFlushed": 2779,
          "userTimings": {
            "marks": [],
            "measures": []
          }
        }
      },
      {
        "browser": {
          "appConstants": {
            "ACCESSIBILITY": true,
            "ANDROID_PACKAGE_NAME": "org.mozilla.firefox",
            "ASAN": false,
            "ASAN_REPORTER": false,
            "BROWSER_CHROME_URL": "chrome://browser/content/browser.xul",
            "DEBUG": false,
            "DEBUG_JS_MODULES": "",
            "DLL_PREFIX": "lib",
            "DLL_SUFFIX": ".so",
            "EARLY_BETA_OR_EARLIER": false,
            "FENNEC_NIGHTLY": false,
            "HAVE_SHELL_SERVICE": false,
            "HAVE_USR_LIB64_DIR": false,
            "MENUBAR_CAN_AUTOHIDE": false,
            "MOZILLA_OFFICIAL": true,
            "MOZ_ALLOW_LEGACY_EXTENSIONS": false,
            "MOZ_ANDROID_ACTIVITY_STREAM": false,
            "MOZ_ANDROID_HISTORY": true,
            "MOZ_ANDROID_MOZILLA_ONLINE": false,
            "MOZ_APP_NAME": "fennec",
            "MOZ_APP_VERSION": "68.1.1",
            "MOZ_APP_VERSION_DISPLAY": "68.1.1",
            "MOZ_BING_API_CLIENTID": "no-bing-api-clientid",
            "MOZ_BING_API_KEY": "no-bing-api-key",
            "MOZ_BITS_DOWNLOAD": false,
            "MOZ_BUILD_APP": "mobile/android",
            "MOZ_CODE_COVERAGE": false,
            "MOZ_CRASHREPORTER": true,
            "MOZ_DATA_REPORTING": true,
            "MOZ_DEV_EDITION": false,
            "MOZ_GECKO_PROFILER": true,
            "MOZ_GOOGLE_LOCATION_SERVICE_API_KEY": "AIzaSyB2h2OuRcUgy5N-5hsZqiPW6sH3n_rptiQ",
            "MOZ_GOOGLE_SAFEBROWSING_API_KEY": "AIzaSyC7jsptDS3am4tPx4r3nxis7IMjBc5Dovo",
            "MOZ_GRAPHENE": false,
            "MOZ_MACBUNDLE_NAME": "Firefox.app",
            "MOZ_MAINTENANCE_SERVICE": false,
            "MOZ_MOZILLA_API_KEY": "3b4d27dd-703d-4094-8398-4de2c763505a",
            "MOZ_NEW_CERT_STORAGE": false,
            "MOZ_NEW_NOTIFICATION_STORE": false,
            "MOZ_NEW_XULSTORE": false,
            "MOZ_OFFICIAL_BRANDING": false,
            "MOZ_PLACES": false,
            "MOZ_REQUIRE_SIGNING": false,
            "MOZ_SANDBOX": false,
            "MOZ_SERVICES_HEALTHREPORT": true,
            "MOZ_SERVICES_SYNC": false,
            "MOZ_SWITCHBOARD": true,
            "MOZ_SYSTEM_NSS": false,
            "MOZ_TELEMETRY_ON_BY_DEFAULT": false,
            "MOZ_TELEMETRY_REPORTING": true,
            "MOZ_UNSIGNED_SCOPES": 0,
            "MOZ_UPDATER": false,
            "MOZ_UPDATE_CHANNEL": "release",
            "MOZ_WEBRTC": true,
            "MOZ_WIDGET_GTK": false,
            "MOZ_WIDGET_TOOLKIT": "android",
            "NIGHTLY_BUILD": false,
            "OMNIJAR_NAME": "assets/omni.ja",
            "RELEASE_OR_BETA": true,
            "SOURCE_REVISION_URL": "https://hg.mozilla.org/releases/mozilla-esr68/rev/d2e0b9e17b9bc1ef02606c8006b73293f7892ad5",
            "TELEMETRY_PING_FORMAT_VERSION": 4,
            "XP_UNIX": true,
            "isPlatformAndVersionAtLeast": {},
            "isPlatformAndVersionAtMost": {},
            "platform": "android"
          },
          "asyncAppConstants": {
            "ACCESSIBILITY": true,
            "ANDROID_PACKAGE_NAME": "org.mozilla.firefox",
            "ASAN": false,
            "ASAN_REPORTER": false,
            "BROWSER_CHROME_URL": "chrome://browser/content/browser.xul",
            "DEBUG": false,
            "DEBUG_JS_MODULES": "",
            "DLL_PREFIX": "lib",
            "DLL_SUFFIX": ".so",
            "EARLY_BETA_OR_EARLIER": false,
            "FENNEC_NIGHTLY": false,
            "HAVE_SHELL_SERVICE": false,
            "HAVE_USR_LIB64_DIR": false,
            "MENUBAR_CAN_AUTOHIDE": false,
            "MOZILLA_OFFICIAL": true,
            "MOZ_ALLOW_LEGACY_EXTENSIONS": false,
            "MOZ_ANDROID_ACTIVITY_STREAM": false,
            "MOZ_ANDROID_HISTORY": true,
            "MOZ_ANDROID_MOZILLA_ONLINE": false,
            "MOZ_APP_NAME": "fennec",
            "MOZ_APP_VERSION": "68.1.1",
            "MOZ_APP_VERSION_DISPLAY": "68.1.1",
            "MOZ_BING_API_CLIENTID": "no-bing-api-clientid",
            "MOZ_BING_API_KEY": "no-bing-api-key",
            "MOZ_BITS_DOWNLOAD": false,
            "MOZ_BUILD_APP": "mobile/android",
            "MOZ_CODE_COVERAGE": false,
            "MOZ_CRASHREPORTER": true,
            "MOZ_DATA_REPORTING": true,
            "MOZ_DEV_EDITION": false,
            "MOZ_GECKO_PROFILER": true,
            "MOZ_GOOGLE_LOCATION_SERVICE_API_KEY": "AIzaSyB2h2OuRcUgy5N-5hsZqiPW6sH3n_rptiQ",
            "MOZ_GOOGLE_SAFEBROWSING_API_KEY": "AIzaSyC7jsptDS3am4tPx4r3nxis7IMjBc5Dovo",
            "MOZ_GRAPHENE": false,
            "MOZ_MACBUNDLE_NAME": "Firefox.app",
            "MOZ_MAINTENANCE_SERVICE": false,
            "MOZ_MOZILLA_API_KEY": "3b4d27dd-703d-4094-8398-4de2c763505a",
            "MOZ_NEW_CERT_STORAGE": false,
            "MOZ_NEW_NOTIFICATION_STORE": false,
            "MOZ_NEW_XULSTORE": false,
            "MOZ_OFFICIAL_BRANDING": false,
            "MOZ_PLACES": false,
            "MOZ_REQUIRE_SIGNING": false,
            "MOZ_SANDBOX": false,
            "MOZ_SERVICES_HEALTHREPORT": true,
            "MOZ_SERVICES_SYNC": false,
            "MOZ_SWITCHBOARD": true,
            "MOZ_SYSTEM_NSS": false,
            "MOZ_TELEMETRY_ON_BY_DEFAULT": false,
            "MOZ_TELEMETRY_REPORTING": true,
            "MOZ_UNSIGNED_SCOPES": 0,
            "MOZ_UPDATER": false,
            "MOZ_UPDATE_CHANNEL": "release",
            "MOZ_WEBRTC": true,
            "MOZ_WIDGET_GTK": false,
            "MOZ_WIDGET_TOOLKIT": "android",
            "NIGHTLY_BUILD": false,
            "OMNIJAR_NAME": "assets/omni.ja",
            "RELEASE_OR_BETA": true,
            "SOURCE_REVISION_URL": "https://hg.mozilla.org/releases/mozilla-esr68/rev/d2e0b9e17b9bc1ef02606c8006b73293f7892ad5",
            "TELEMETRY_PING_FORMAT_VERSION": 4,
            "XP_UNIX": true,
            "isPlatformAndVersionAtLeast": {},
            "isPlatformAndVersionAtMost": {},
            "platform": "android"
          },
          "userAgent": "Mozilla/5.0 (Android 9; Mobile; rv:68.0) Gecko/68.0 Firefox/68.0",
          "windowSize": "360x612"
        },
        "pageinfo": {
          "documentHeight": 1922,
          "documentSize": {
            "decodedBodySize": 18386,
            "encodedBodySize": 4486,
            "transferSize": 4832
          },
          "documentTitle": "FC2 - Free Website, Analyzer, Blog, Rental Server, SEO Countermeasures, etc. -",
          "documentWidth": 321,
          "domElements": 385,
          "navigationStartTime": 1617127015907,
          "nextHopProtocol": "h2",
          "resources": {
            "count": 0,
            "duration": 0
          },
          "responsive": false,
          "url": "https://fc2.com/",
          "visualElements": {
            "heroes": [
              {
                "filename": "blank.gif",
                "height": 1,
                "name": "LargestImage",
                "width": 1,
                "x": 198,
                "y": 242
              },
              {
                "filename": null,
                "height": 36,
                "name": "Heading",
                "width": 320,
                "x": 0,
                "y": 426
              }
            ],
            "viewport": {
              "height": 544,
              "width": 320
            }
          }
        },
        "timings": {
          "firstPaint": 2001,
          "loadEventEnd": 2665,
          "navigationTiming": {
            "connectStart": 43,
            "domComplete": 2660,
            "domContentLoadedEventEnd": 2222,
            "domContentLoadedEventStart": 2203,
            "domInteractive": 2202,
            "domainLookupEnd": 43,
            "domainLookupStart": 42,
            "duration": 2665,
            "fetchStart": 2,
            "loadEventEnd": 2665,
            "loadEventStart": 2660,
            "redirectEnd": 0,
            "redirectStart": 0,
            "requestStart": 706,
            "responseEnd": 1018,
            "responseStart": 1017,
            "secureConnectionStart": 328,
            "startTime": 0,
            "unloadEventEnd": 0,
            "unloadEventStart": 0,
            "workerStart": 0
          },
          "pageTimings": {
            "backEndTime": 1017,
            "domContentLoadedTime": 2203,
            "domInteractiveTime": 2202,
            "domainLookupTime": 0,
            "frontEndTime": 1642,
            "pageDownloadTime": 0,
            "pageLoadTime": 2660,
            "redirectionTime": 0,
            "serverConnectionTime": 662,
            "serverResponseTime": 311
          },
          "rumSpeedIndex": 1017,
          "timeToContentfulPaint": 2259,
          "timeToDomContentFlushed": 2262,
          "userTimings": {
            "marks": [],
            "measures": []
          }
        }
      },
      {
        "browser": {
          "appConstants": {
            "ACCESSIBILITY": true,
            "ANDROID_PACKAGE_NAME": "org.mozilla.firefox",
            "ASAN": false,
            "ASAN_REPORTER": false,
            "BROWSER_CHROME_URL": "chrome://browser/content/browser.xul",
            "DEBUG": false,
            "DEBUG_JS_MODULES": "",
            "DLL_PREFIX": "lib",
            "DLL_SUFFIX": ".so",
            "EARLY_BETA_OR_EARLIER": false,
            "FENNEC_NIGHTLY": false,
            "HAVE_SHELL_SERVICE": false,
            "HAVE_USR_LIB64_DIR": false,
            "MENUBAR_CAN_AUTOHIDE": false,
            "MOZILLA_OFFICIAL": true,
            "MOZ_ALLOW_LEGACY_EXTENSIONS": false,
            "MOZ_ANDROID_ACTIVITY_STREAM": false,
            "MOZ_ANDROID_HISTORY": true,
            "MOZ_ANDROID_MOZILLA_ONLINE": false,
            "MOZ_APP_NAME": "fennec",
            "MOZ_APP_VERSION": "68.1.1",
            "MOZ_APP_VERSION_DISPLAY": "68.1.1",
            "MOZ_BING_API_CLIENTID": "no-bing-api-clientid",
            "MOZ_BING_API_KEY": "no-bing-api-key",
            "MOZ_BITS_DOWNLOAD": false,
            "MOZ_BUILD_APP": "mobile/android",
            "MOZ_CODE_COVERAGE": false,
            "MOZ_CRASHREPORTER": true,
            "MOZ_DATA_REPORTING": true,
            "MOZ_DEV_EDITION": false,
            "MOZ_GECKO_PROFILER": true,
            "MOZ_GOOGLE_LOCATION_SERVICE_API_KEY": "AIzaSyB2h2OuRcUgy5N-5hsZqiPW6sH3n_rptiQ",
            "MOZ_GOOGLE_SAFEBROWSING_API_KEY": "AIzaSyC7jsptDS3am4tPx4r3nxis7IMjBc5Dovo",
            "MOZ_GRAPHENE": false,
            "MOZ_MACBUNDLE_NAME": "Firefox.app",
            "MOZ_MAINTENANCE_SERVICE": false,
            "MOZ_MOZILLA_API_KEY": "3b4d27dd-703d-4094-8398-4de2c763505a",
            "MOZ_NEW_CERT_STORAGE": false,
            "MOZ_NEW_NOTIFICATION_STORE": false,
            "MOZ_NEW_XULSTORE": false,
            "MOZ_OFFICIAL_BRANDING": false,
            "MOZ_PLACES": false,
            "MOZ_REQUIRE_SIGNING": false,
            "MOZ_SANDBOX": false,
            "MOZ_SERVICES_HEALTHREPORT": true,
            "MOZ_SERVICES_SYNC": false,
            "MOZ_SWITCHBOARD": true,
            "MOZ_SYSTEM_NSS": false,
            "MOZ_TELEMETRY_ON_BY_DEFAULT": false,
            "MOZ_TELEMETRY_REPORTING": true,
            "MOZ_UNSIGNED_SCOPES": 0,
            "MOZ_UPDATER": false,
            "MOZ_UPDATE_CHANNEL": "release",
            "MOZ_WEBRTC": true,
            "MOZ_WIDGET_GTK": false,
            "MOZ_WIDGET_TOOLKIT": "android",
            "NIGHTLY_BUILD": false,
            "OMNIJAR_NAME": "assets/omni.ja",
            "RELEASE_OR_BETA": true,
            "SOURCE_REVISION_URL": "https://hg.mozilla.org/releases/mozilla-esr68/rev/d2e0b9e17b9bc1ef02606c8006b73293f7892ad5",
            "TELEMETRY_PING_FORMAT_VERSION": 4,
            "XP_UNIX": true,
            "isPlatformAndVersionAtLeast": {},
            "isPlatformAndVersionAtMost": {},
            "platform": "android"
          },
          "asyncAppConstants": {
            "ACCESSIBILITY": true,
            "ANDROID_PACKAGE_NAME": "org.mozilla.firefox",
            "ASAN": false,
            "ASAN_REPORTER": false,
            "BROWSER_CHROME_URL": "chrome://browser/content/browser.xul",
            "DEBUG": false,
            "DEBUG_JS_MODULES": "",
            "DLL_PREFIX": "lib",
            "DLL_SUFFIX": ".so",
            "EARLY_BETA_OR_EARLIER": false,
            "FENNEC_NIGHTLY": false,
            "HAVE_SHELL_SERVICE": false,
            "HAVE_USR_LIB64_DIR": false,
            "MENUBAR_CAN_AUTOHIDE": false,
            "MOZILLA_OFFICIAL": true,
            "MOZ_ALLOW_LEGACY_EXTENSIONS": false,
            "MOZ_ANDROID_ACTIVITY_STREAM": false,
            "MOZ_ANDROID_HISTORY": true,
            "MOZ_ANDROID_MOZILLA_ONLINE": false,
            "MOZ_APP_NAME": "fennec",
            "MOZ_APP_VERSION": "68.1.1",
            "MOZ_APP_VERSION_DISPLAY": "68.1.1",
            "MOZ_BING_API_CLIENTID": "no-bing-api-clientid",
            "MOZ_BING_API_KEY": "no-bing-api-key",
            "MOZ_BITS_DOWNLOAD": false,
            "MOZ_BUILD_APP": "mobile/android",
            "MOZ_CODE_COVERAGE": false,
            "MOZ_CRASHREPORTER": true,
            "MOZ_DATA_REPORTING": true,
            "MOZ_DEV_EDITION": false,
            "MOZ_GECKO_PROFILER": true,
            "MOZ_GOOGLE_LOCATION_SERVICE_API_KEY": "AIzaSyB2h2OuRcUgy5N-5hsZqiPW6sH3n_rptiQ",
            "MOZ_GOOGLE_SAFEBROWSING_API_KEY": "AIzaSyC7jsptDS3am4tPx4r3nxis7IMjBc5Dovo",
            "MOZ_GRAPHENE": false,
            "MOZ_MACBUNDLE_NAME": "Firefox.app",
            "MOZ_MAINTENANCE_SERVICE": false,
            "MOZ_MOZILLA_API_KEY": "3b4d27dd-703d-4094-8398-4de2c763505a",
            "MOZ_NEW_CERT_STORAGE": false,
            "MOZ_NEW_NOTIFICATION_STORE": false,
            "MOZ_NEW_XULSTORE": false,
            "MOZ_OFFICIAL_BRANDING": false,
            "MOZ_PLACES": false,
            "MOZ_REQUIRE_SIGNING": false,
            "MOZ_SANDBOX": false,
            "MOZ_SERVICES_HEALTHREPORT": true,
            "MOZ_SERVICES_SYNC": false,
            "MOZ_SWITCHBOARD": true,
            "MOZ_SYSTEM_NSS": false,
            "MOZ_TELEMETRY_ON_BY_DEFAULT": false,
            "MOZ_TELEMETRY_REPORTING": true,
            "MOZ_UNSIGNED_SCOPES": 0,
            "MOZ_UPDATER": false,
            "MOZ_UPDATE_CHANNEL": "release",
            "MOZ_WEBRTC": true,
            "MOZ_WIDGET_GTK": false,
            "MOZ_WIDGET_TOOLKIT": "android",
            "NIGHTLY_BUILD": false,
            "OMNIJAR_NAME": "assets/omni.ja",
            "RELEASE_OR_BETA": true,
            "SOURCE_REVISION_URL": "https://hg.mozilla.org/releases/mozilla-esr68/rev/d2e0b9e17b9bc1ef02606c8006b73293f7892ad5",
            "TELEMETRY_PING_FORMAT_VERSION": 4,
            "XP_UNIX": true,
            "isPlatformAndVersionAtLeast": {},
            "isPlatformAndVersionAtMost": {},
            "platform": "android"
          },
          "userAgent": "Mozilla/5.0 (Android 9; Mobile; rv:68.0) Gecko/68.0 Firefox/68.0",
          "windowSize": "360x612"
        },
        "pageinfo": {
          "documentHeight": 1922,
          "documentSize": {
            "decodedBodySize": 18386,
            "encodedBodySize": 4486,
            "transferSize": 4832
          },
          "documentTitle": "FC2 - Free Website, Analyzer, Blog, Rental Server, SEO Countermeasures, etc. -",
          "documentWidth": 321,
          "domElements": 385,
          "navigationStartTime": 1617127031959,
          "nextHopProtocol": "h2",
          "resources": {
            "count": 0,
            "duration": 0
          },
          "responsive": false,
          "url": "https://fc2.com/",
          "visualElements": {
            "heroes": [
              {
                "filename": "blank.gif",
                "height": 1,
                "name": "LargestImage",
                "width": 1,
                "x": 198,
                "y": 242
              },
              {
                "filename": null,
                "height": 36,
                "name": "Heading",
                "width": 320,
                "x": 0,
                "y": 426
              }
            ],
            "viewport": {
              "height": 544,
              "width": 320
            }
          }
        },
        "timings": {
          "firstPaint": 2265,
          "loadEventEnd": 3715,
          "navigationTiming": {
            "connectStart": 297,
            "domComplete": 3708,
            "domContentLoadedEventEnd": 2509,
            "domContentLoadedEventStart": 2489,
            "domInteractive": 2489,
            "domainLookupEnd": 297,
            "domainLookupStart": 296,
            "duration": 3715,
            "fetchStart": 2,
            "loadEventEnd": 3715,
            "loadEventStart": 3708,
            "redirectEnd": 0,
            "redirectStart": 0,
            "requestStart": 934,
            "responseEnd": 1238,
            "responseStart": 1238,
            "secureConnectionStart": 580,
            "startTime": 0,
            "unloadEventEnd": 0,
            "unloadEventStart": 0,
            "workerStart": 0
          },
          "pageTimings": {
            "backEndTime": 1238,
            "domContentLoadedTime": 2489,
            "domInteractiveTime": 2489,
            "domainLookupTime": 1,
            "frontEndTime": 2470,
            "pageDownloadTime": 0,
            "pageLoadTime": 3708,
            "redirectionTime": 0,
            "serverConnectionTime": 636,
            "serverResponseTime": 304
          },
          "rumSpeedIndex": 1237,
          "timeToContentfulPaint": 2532,
          "timeToDomContentFlushed": 2547,
          "userTimings": {
            "marks": [],
            "measures": []
          }
        }
      }
    ],
    "visualMetrics": [],
    "cpu": [],
    "extras": [
      {},
      {},
      {}
    ],
    "fullyLoaded": [],
    "errors": [
      [],
      [],
      []
    ],
    "statistics": {
      "browser": {
        "appConstants": {
          "MOZ_UNSIGNED_SCOPES": {
            "median": 0,
            "mean": 0,
            "mdev": 0,
            "stddev": 0,
            "min": 0,
            "p10": 0,
            "p90": 0,
            "p99": 0,
            "max": 0
          },
          "TELEMETRY_PING_FORMAT_VERSION": {
            "median": 4,
            "mean": 4,
            "mdev": 0,
            "stddev": 0,
            "min": 4,
            "p10": 4,
            "p90": 4,
            "p99": 4,
            "max": 4
          }
        },
        "asyncAppConstants": {
          "MOZ_UNSIGNED_SCOPES": {
            "median": 0,
            "mean": 0,
            "mdev": 0,
            "stddev": 0,
            "min": 0,
            "p10": 0,
            "p90": 0,
            "p99": 0,
            "max": 0
          },
          "TELEMETRY_PING_FORMAT_VERSION": {
            "median": 4,
            "mean": 4,
            "mdev": 0,
            "stddev": 0,
            "min": 4,
            "p10": 4,
            "p90": 4,
            "p99": 4,
            "max": 4
          }
        }
      },
      "pageinfo": {
        "documentHeight": {
          "median": 1922,
          "mean": 1922,
          "mdev": 0,
          "stddev": 0,
          "min": 1922,
          "p10": 1922,
          "p90": 1922,
          "p99": 1922,
          "max": 1922
        },
        "documentSize": {
          "decodedBodySize": {
            "median": 18386,
            "mean": 18386,
            "mdev": 0,
            "stddev": 0,
            "min": 18386,
            "p10": 18386,
            "p90": 18386,
            "p99": 18386,
            "max": 18386
          },
          "encodedBodySize": {
            "median": 4486,
            "mean": 4486,
            "mdev": 0,
            "stddev": 0,
            "min": 4486,
            "p10": 4486,
            "p90": 4486,
            "p99": 4486,
            "max": 4486
          },
          "transferSize": {
            "median": 4832,
            "mean": 4832,
            "mdev": 0,
            "stddev": 0,
            "min": 4832,
            "p10": 4832,
            "p90": 4832,
            "p99": 4832,
            "max": 4832
          }
        },
        "documentWidth": {
          "median": 321,
          "mean": 321,
          "mdev": 0,
          "stddev": 0,
          "min": 321,
          "p10": 321,
          "p90": 321,
          "p99": 321,
          "max": 321
        },
        "domElements": {
          "median": 385,
          "mean": 385,
          "mdev": 0,
          "stddev": 0,
          "min": 385,
          "p10": 385,
          "p90": 385,
          "p99": 385,
          "max": 385
        },
        "navigationStartTime": {
          "median": 1617127015907,
          "mean": 1617127015170,
          "mdev": 12612.4091,
          "stddev": 21845,
          "min": 1617126997643,
          "p10": 1617126997643,
          "p90": 1617127031959,
          "p99": 1617127031959,
          "max": 1617127031959
        },
        "resources": {
          "count": {
            "median": 0,
            "mean": 0,
            "mdev": 0,
            "stddev": 0,
            "min": 0,
            "p10": 0,
            "p90": 0,
            "p99": 0,
            "max": 0
          },
          "duration": {
            "median": 0,
            "mean": 0,
            "mdev": 0,
            "stddev": 0,
            "min": 0,
            "p10": 0,
            "p90": 0,
            "p99": 0,
            "max": 0
          }
        },
        "visualElements": {
          "heroes": [
            {
              "height": {
                "median": 1,
                "mean": 1,
                "mdev": 0,
                "stddev": 0,
                "min": 1,
                "p10": 1,
                "p90": 1,
                "p99": 1,
                "max": 1
              },
              "width": {
                "median": 1,
                "mean": 1,
                "mdev": 0,
                "stddev": 0,
                "min": 1,
                "p10": 1,
                "p90": 1,
                "p99": 1,
                "max": 1
              },
              "x": {
                "median": 198,
                "mean": 198,
                "mdev": 0,
                "stddev": 0,
                "min": 198,
                "p10": 198,
                "p90": 198,
                "p99": 198,
                "max": 198
              },
              "y": {
                "median": 242,
                "mean": 242,
                "mdev": 0,
                "stddev": 0,
                "min": 242,
                "p10": 242,
                "p90": 242,
                "p99": 242,
                "max": 242
              }
            },
            {
              "height": {
                "median": 36,
                "mean": 36,
                "mdev": 0,
                "stddev": 0,
                "min": 36,
                "p10": 36,
                "p90": 36,
                "p99": 36,
                "max": 36
              },
              "width": {
                "median": 320,
                "mean": 320,
                "mdev": 0,
                "stddev": 0,
                "min": 320,
                "p10": 320,
                "p90": 320,
                "p99": 320,
                "max": 320
              },
              "x": {
                "median": 0,
                "mean": 0,
                "mdev": 0,
                "stddev": 0,
                "min": 0,
                "p10": 0,
                "p90": 0,
                "p99": 0,
                "max": 0
              },
              "y": {
                "median": 426,
                "mean": 426,
                "mdev": 0,
                "stddev": 0,
                "min": 426,
                "p10": 426,
                "p90": 426,
                "p99": 426,
                "max": 426
              }
            }
          ],
          "viewport": {
            "height": {
              "median": 544,
              "mean": 544,
              "mdev": 0,
              "stddev": 0,
              "min": 544,
              "p10": 544,
              "p90": 544,
              "p99": 544,
              "max": 544
            },
            "width": {
              "median": 320,
              "mean": 320,
              "mdev": 0,
              "stddev": 0,
              "min": 320,
              "p10": 320,
              "p90": 320,
              "p99": 320,
              "max": 320
            }
          }
        }
      },
      "timings": {
        "firstPaint": {
          "median": 2196,
          "mean": 2154,
          "mdev": 64.5446,
          "stddev": 112,
          "min": 2001,
          "p10": 2001,
          "p90": 2265,
          "p99": 2265,
          "max": 2265
        },
        "loadEventEnd": {
          "median": 3619,
          "mean": 3333,
          "mdev": 273.647,
          "stddev": 474,
          "min": 2665,
          "p10": 2665,
          "p90": 3715,
          "p99": 3715,
          "max": 3715
        },
        "navigationTiming": {
          "connectStart": {
            "median": 297,
            "mean": 213,
            "mdev": 69.2665,
            "stddev": 120,
            "min": 43,
            "p10": 43,
            "p90": 298,
            "p99": 298,
            "max": 298
          },
          "domComplete": {
            "median": 3614,
            "mean": 3327,
            "mdev": 273.3371,
            "stddev": 473,
            "min": 2660,
            "p10": 2660,
            "p90": 3708,
            "p99": 3708,
            "max": 3708
          },
          "domContentLoadedEventEnd": {
            "median": 2509,
            "mean": 2503,
            "mdev": 131.3065,
            "stddev": 227,
            "min": 2222,
            "p10": 2222,
            "p90": 2779,
            "p99": 2779,
            "max": 2779
          },
          "domContentLoadedEventStart": {
            "median": 2489,
            "mean": 2467,
            "mdev": 119.3783,
            "stddev": 207,
            "min": 2203,
            "p10": 2203,
            "p90": 2708,
            "p99": 2708,
            "max": 2708
          },
          "domInteractive": {
            "median": 2489,
            "mean": 2466,
            "mdev": 119.3994,
            "stddev": 207,
            "min": 2202,
            "p10": 2202,
            "p90": 2707,
            "p99": 2707,
            "max": 2707
          },
          "domainLookupEnd": {
            "median": 297,
            "mean": 213,
            "mdev": 69.2665,
            "stddev": 120,
            "min": 43,
            "p10": 43,
            "p90": 298,
            "p99": 298,
            "max": 298
          },
          "domainLookupStart": {
            "median": 296,
            "mean": 212,
            "mdev": 69.4038,
            "stddev": 120,
            "min": 42,
            "p10": 42,
            "p90": 298,
            "p99": 298,
            "max": 298
          },
          "duration": {
            "median": 3619,
            "mean": 3333,
            "mdev": 273.647,
            "stddev": 474,
            "min": 2665,
            "p10": 2665,
            "p90": 3715,
            "p99": 3715,
            "max": 3715
          },
          "fetchStart": {
            "median": 2,
            "mean": 2,
            "mdev": 0,
            "stddev": 0,
            "min": 2,
            "p10": 2,
            "p90": 2,
            "p99": 2,
            "max": 2
          },
          "loadEventEnd": {
            "median": 3619,
            "mean": 3333,
            "mdev": 273.647,
            "stddev": 474,
            "min": 2665,
            "p10": 2665,
            "p90": 3715,
            "p99": 3715,
            "max": 3715
          },
          "loadEventStart": {
            "median": 3614,
            "mean": 3327,
            "mdev": 273.3371,
            "stddev": 473,
            "min": 2660,
            "p10": 2660,
            "p90": 3708,
            "p99": 3708,
            "max": 3708
          },
          "redirectEnd": {
            "median": 0,
            "mean": 0,
            "mdev": 0,
            "stddev": 0,
            "min": 0,
            "p10": 0,
            "p90": 0,
            "p99": 0,
            "max": 0
          },
          "redirectStart": {
            "median": 0,
            "mean": 0,
            "mdev": 0,
            "stddev": 0,
            "min": 0,
            "p10": 0,
            "p90": 0,
            "p99": 0,
            "max": 0
          },
          "requestStart": {
            "median": 928,
            "mean": 856,
            "mdev": 61.2536,
            "stddev": 106,
            "min": 706,
            "p10": 706,
            "p90": 934,
            "p99": 934,
            "max": 934
          },
          "responseEnd": {
            "median": 1205,
            "mean": 1154,
            "mdev": 55.9292,
            "stddev": 97,
            "min": 1018,
            "p10": 1018,
            "p90": 1238,
            "p99": 1238,
            "max": 1238
          },
          "responseStart": {
            "median": 1205,
            "mean": 1153,
            "mdev": 56.1987,
            "stddev": 97,
            "min": 1017,
            "p10": 1017,
            "p90": 1238,
            "p99": 1238,
            "max": 1238
          },
          "secureConnectionStart": {
            "median": 573,
            "mean": 494,
            "mdev": 67.6533,
            "stddev": 117,
            "min": 328,
            "p10": 328,
            "p90": 580,
            "p99": 580,
            "max": 580
          },
          "startTime": {
            "median": 0,
            "mean": 0,
            "mdev": 0,
            "stddev": 0,
            "min": 0,
            "p10": 0,
            "p90": 0,
            "p99": 0,
            "max": 0
          },
          "unloadEventEnd": {
            "median": 0,
            "mean": 0,
            "mdev": 0,
            "stddev": 0,
            "min": 0,
            "p10": 0,
            "p90": 0,
            "p99": 0,
            "max": 0
          },
          "unloadEventStart": {
            "median": 0,
            "mean": 0,
            "mdev": 0,
            "stddev": 0,
            "min": 0,
            "p10": 0,
            "p90": 0,
            "p99": 0,
            "max": 0
          },
          "workerStart": {
            "median": 0,
            "mean": 0,
            "mdev": 0,
            "stddev": 0,
            "min": 0,
            "p10": 0,
            "p90": 0,
            "p99": 0,
            "max": 0
          }
        },
        "pageTimings": {
          "backEndTime": {
            "median": 1205,
            "mean": 1153,
            "mdev": 56.1987,
            "stddev": 97,
            "min": 1017,
            "p10": 1017,
            "p90": 1238,
            "p99": 1238,
            "max": 1238
          },
          "domContentLoadedTime": {
            "median": 2489,
            "mean": 2467,
            "mdev": 119.3783,
            "stddev": 207,
            "min": 2203,
            "p10": 2203,
            "p90": 2708,
            "p99": 2708,
            "max": 2708
          },
          "domInteractiveTime": {
            "median": 2489,
            "mean": 2466,
            "mdev": 119.3994,
            "stddev": 207,
            "min": 2202,
            "p10": 2202,
            "p90": 2707,
            "p99": 2707,
            "max": 2707
          },
          "domainLookupTime": {
            "median": 0,
            "mean": 0,
            "mdev": 0.2722,
            "stddev": 0,
            "min": 0,
            "p10": 0,
            "p90": 1,
            "p99": 1,
            "max": 1
          },
          "frontEndTime": {
            "median": 2408,
            "mean": 2173,
            "mdev": 217.4076,
            "stddev": 377,
            "min": 1642,
            "p10": 1642,
            "p90": 2470,
            "p99": 2470,
            "max": 2470
          },
          "pageDownloadTime": {
            "median": 0,
            "mean": 0,
            "mdev": 0.2722,
            "stddev": 0,
            "min": 0,
            "p10": 0,
            "p90": 1,
            "p99": 1,
            "max": 1
          },
          "pageLoadTime": {
            "median": 3614,
            "mean": 3327,
            "mdev": 273.3371,
            "stddev": 473,
            "min": 2660,
            "p10": 2660,
            "p90": 3708,
            "p99": 3708,
            "max": 3708
          },
          "redirectionTime": {
            "median": 0,
            "mean": 0,
            "mdev": 0,
            "stddev": 0,
            "min": 0,
            "p10": 0,
            "p90": 0,
            "p99": 0,
            "max": 0
          },
          "serverConnectionTime": {
            "median": 636,
            "mean": 642,
            "mdev": 8.3799,
            "stddev": 15,
            "min": 628,
            "p10": 628,
            "p90": 662,
            "p99": 662,
            "max": 662
          },
          "serverResponseTime": {
            "median": 304,
            "mean": 297,
            "mdev": 8.4634,
            "stddev": 15,
            "min": 277,
            "p10": 277,
            "p90": 311,
            "p99": 311,
            "max": 311
          }
        },
        "rumSpeedIndex": {
          "median": 1204,
          "mean": 1153,
          "mdev": 55.9292,
          "stddev": 97,
          "min": 1017,
          "p10": 1017,
          "p90": 1237,
          "p99": 1237,
          "max": 1237
        },
        "timeToContentfulPaint": {
          "median": 2449,
          "mean": 2413,
          "mdev": 65.9736,
          "stddev": 114,
          "min": 2259,
          "p10": 2259,
          "p90": 2532,
          "p99": 2532,
          "max": 2532
        },
        "timeToDomContentFlushed": {
          "median": 2547,
          "mean": 2529,
          "mdev": 122.0713,
          "stddev": 211,
          "min": 2262,
          "p10": 2262,
          "p90": 2779,
          "p99": 2779,
          "max": 2779
        }
      }
    }
  }
]