[
  {
    "info": {
      "browsertime": {
        "version": "8.4.0"
      },
      "url": "https://www.twitch.tv/",
      "timestamp": "2021-03-30T17:50:16+04:00",
      "connectivity": {
        "engine": "external",
        "profile": "native"
      },
      "extra": {}
    },
    "files": {
      "video": [],
      "screenshot": [],
      "timeline": [],
      "consoleLog": [],
      "netLog": [],
      "perfLog": []
    },
    "cdp": {
      "performance": []
    },
    "timestamps": [
      "2021-03-30T17:50:02+04:00",
      "2021-03-30T17:50:22+04:00",
      "2021-03-30T17:50:45+04:00"
    ],
    "browserScripts": [
      {
        "browser": {
          "appConstants": {
            "ACCESSIBILITY": true,
            "ANDROID_PACKAGE_NAME": "org.mozilla.firefox",
            "ASAN": false,
            "ASAN_REPORTER": false,
            "BROWSER_CHROME_URL": "chrome://browser/content/browser.xul",
            "DEBUG": false,
            "DEBUG_JS_MODULES": "",
            "DLL_PREFIX": "lib",
            "DLL_SUFFIX": ".so",
            "EARLY_BETA_OR_EARLIER": false,
            "FENNEC_NIGHTLY": false,
            "HAVE_SHELL_SERVICE": false,
            "HAVE_USR_LIB64_DIR": false,
            "MENUBAR_CAN_AUTOHIDE": false,
            "MOZILLA_OFFICIAL": true,
            "MOZ_ALLOW_LEGACY_EXTENSIONS": false,
            "MOZ_ANDROID_ACTIVITY_STREAM": false,
            "MOZ_ANDROID_HISTORY": true,
            "MOZ_ANDROID_MOZILLA_ONLINE": false,
            "MOZ_APP_NAME": "fennec",
            "MOZ_APP_VERSION": "68.1.1",
            "MOZ_APP_VERSION_DISPLAY": "68.1.1",
            "MOZ_BING_API_CLIENTID": "no-bing-api-clientid",
            "MOZ_BING_API_KEY": "no-bing-api-key",
            "MOZ_BITS_DOWNLOAD": false,
            "MOZ_BUILD_APP": "mobile/android",
            "MOZ_CODE_COVERAGE": false,
            "MOZ_CRASHREPORTER": true,
            "MOZ_DATA_REPORTING": true,
            "MOZ_DEV_EDITION": false,
            "MOZ_GECKO_PROFILER": true,
            "MOZ_GOOGLE_LOCATION_SERVICE_API_KEY": "AIzaSyB2h2OuRcUgy5N-5hsZqiPW6sH3n_rptiQ",
            "MOZ_GOOGLE_SAFEBROWSING_API_KEY": "AIzaSyC7jsptDS3am4tPx4r3nxis7IMjBc5Dovo",
            "MOZ_GRAPHENE": false,
            "MOZ_MACBUNDLE_NAME": "Firefox.app",
            "MOZ_MAINTENANCE_SERVICE": false,
            "MOZ_MOZILLA_API_KEY": "3b4d27dd-703d-4094-8398-4de2c763505a",
            "MOZ_NEW_CERT_STORAGE": false,
            "MOZ_NEW_NOTIFICATION_STORE": false,
            "MOZ_NEW_XULSTORE": false,
            "MOZ_OFFICIAL_BRANDING": false,
            "MOZ_PLACES": false,
            "MOZ_REQUIRE_SIGNING": false,
            "MOZ_SANDBOX": false,
            "MOZ_SERVICES_HEALTHREPORT": true,
            "MOZ_SERVICES_SYNC": false,
            "MOZ_SWITCHBOARD": true,
            "MOZ_SYSTEM_NSS": false,
            "MOZ_TELEMETRY_ON_BY_DEFAULT": false,
            "MOZ_TELEMETRY_REPORTING": true,
            "MOZ_UNSIGNED_SCOPES": 0,
            "MOZ_UPDATER": false,
            "MOZ_UPDATE_CHANNEL": "release",
            "MOZ_WEBRTC": true,
            "MOZ_WIDGET_GTK": false,
            "MOZ_WIDGET_TOOLKIT": "android",
            "NIGHTLY_BUILD": false,
            "OMNIJAR_NAME": "assets/omni.ja",
            "RELEASE_OR_BETA": true,
            "SOURCE_REVISION_URL": "https://hg.mozilla.org/releases/mozilla-esr68/rev/d2e0b9e17b9bc1ef02606c8006b73293f7892ad5",
            "TELEMETRY_PING_FORMAT_VERSION": 4,
            "XP_UNIX": true,
            "isPlatformAndVersionAtLeast": {},
            "isPlatformAndVersionAtMost": {},
            "platform": "android"
          },
          "asyncAppConstants": {
            "ACCESSIBILITY": true,
            "ANDROID_PACKAGE_NAME": "org.mozilla.firefox",
            "ASAN": false,
            "ASAN_REPORTER": false,
            "BROWSER_CHROME_URL": "chrome://browser/content/browser.xul",
            "DEBUG": false,
            "DEBUG_JS_MODULES": "",
            "DLL_PREFIX": "lib",
            "DLL_SUFFIX": ".so",
            "EARLY_BETA_OR_EARLIER": false,
            "FENNEC_NIGHTLY": false,
            "HAVE_SHELL_SERVICE": false,
            "HAVE_USR_LIB64_DIR": false,
            "MENUBAR_CAN_AUTOHIDE": false,
            "MOZILLA_OFFICIAL": true,
            "MOZ_ALLOW_LEGACY_EXTENSIONS": false,
            "MOZ_ANDROID_ACTIVITY_STREAM": false,
            "MOZ_ANDROID_HISTORY": true,
            "MOZ_ANDROID_MOZILLA_ONLINE": false,
            "MOZ_APP_NAME": "fennec",
            "MOZ_APP_VERSION": "68.1.1",
            "MOZ_APP_VERSION_DISPLAY": "68.1.1",
            "MOZ_BING_API_CLIENTID": "no-bing-api-clientid",
            "MOZ_BING_API_KEY": "no-bing-api-key",
            "MOZ_BITS_DOWNLOAD": false,
            "MOZ_BUILD_APP": "mobile/android",
            "MOZ_CODE_COVERAGE": false,
            "MOZ_CRASHREPORTER": true,
            "MOZ_DATA_REPORTING": true,
            "MOZ_DEV_EDITION": false,
            "MOZ_GECKO_PROFILER": true,
            "MOZ_GOOGLE_LOCATION_SERVICE_API_KEY": "AIzaSyB2h2OuRcUgy5N-5hsZqiPW6sH3n_rptiQ",
            "MOZ_GOOGLE_SAFEBROWSING_API_KEY": "AIzaSyC7jsptDS3am4tPx4r3nxis7IMjBc5Dovo",
            "MOZ_GRAPHENE": false,
            "MOZ_MACBUNDLE_NAME": "Firefox.app",
            "MOZ_MAINTENANCE_SERVICE": false,
            "MOZ_MOZILLA_API_KEY": "3b4d27dd-703d-4094-8398-4de2c763505a",
            "MOZ_NEW_CERT_STORAGE": false,
            "MOZ_NEW_NOTIFICATION_STORE": false,
            "MOZ_NEW_XULSTORE": false,
            "MOZ_OFFICIAL_BRANDING": false,
            "MOZ_PLACES": false,
            "MOZ_REQUIRE_SIGNING": false,
            "MOZ_SANDBOX": false,
            "MOZ_SERVICES_HEALTHREPORT": true,
            "MOZ_SERVICES_SYNC": false,
            "MOZ_SWITCHBOARD": true,
            "MOZ_SYSTEM_NSS": false,
            "MOZ_TELEMETRY_ON_BY_DEFAULT": false,
            "MOZ_TELEMETRY_REPORTING": true,
            "MOZ_UNSIGNED_SCOPES": 0,
            "MOZ_UPDATER": false,
            "MOZ_UPDATE_CHANNEL": "release",
            "MOZ_WEBRTC": true,
            "MOZ_WIDGET_GTK": false,
            "MOZ_WIDGET_TOOLKIT": "android",
            "NIGHTLY_BUILD": false,
            "OMNIJAR_NAME": "assets/omni.ja",
            "RELEASE_OR_BETA": true,
            "SOURCE_REVISION_URL": "https://hg.mozilla.org/releases/mozilla-esr68/rev/d2e0b9e17b9bc1ef02606c8006b73293f7892ad5",
            "TELEMETRY_PING_FORMAT_VERSION": 4,
            "XP_UNIX": true,
            "isPlatformAndVersionAtLeast": {},
            "isPlatformAndVersionAtMost": {},
            "platform": "android"
          },
          "userAgent": "Mozilla/5.0 (Android 9; Mobile; rv:68.0) Gecko/68.0 Firefox/68.0",
          "windowSize": "360x612"
        },
        "pageinfo": {
          "documentHeight": 612,
          "documentSize": {
            "decodedBodySize": 554345,
            "encodedBodySize": 60816,
            "transferSize": 61662
          },
          "documentTitle": "Twitch",
          "documentWidth": 360,
          "domElements": 1710,
          "navigationStartTime": 1617112203099,
          "nextHopProtocol": "http/1.1",
          "resources": {
            "count": 0,
            "duration": 0
          },
          "responsive": true,
          "url": "https://m.twitch.tv/",
          "visualElements": {
            "heroes": [
              {
                "filename": "live_user_osamah-276x155.jpg",
                "height": 132,
                "name": "LargestImage",
                "width": 234,
                "x": 10,
                "y": 148
              },
              {
                "filename": null,
                "height": 43,
                "name": "Heading",
                "width": 340,
                "x": 10,
                "y": 70
              }
            ],
            "viewport": {
              "height": 612,
              "width": 360
            }
          }
        },
        "timings": {
          "firstPaint": 2426,
          "loadEventEnd": 4074,
          "navigationTiming": {
            "connectStart": 609,
            "domComplete": 4074,
            "domContentLoadedEventEnd": 3259,
            "domContentLoadedEventStart": 3251,
            "domInteractive": 3234,
            "domainLookupEnd": 609,
            "domainLookupStart": 609,
            "duration": 4074,
            "fetchStart": 576,
            "loadEventEnd": 4074,
            "loadEventStart": 4074,
            "redirectEnd": 569,
            "redirectStart": 3,
            "requestStart": 689,
            "responseEnd": 1839,
            "responseStart": 689,
            "secureConnectionStart": 630,
            "startTime": 0,
            "unloadEventEnd": 0,
            "unloadEventStart": 0,
            "workerStart": 0
          },
          "pageTimings": {
            "backEndTime": 689,
            "domContentLoadedTime": 3251,
            "domInteractiveTime": 3234,
            "domainLookupTime": 0,
            "frontEndTime": 2235,
            "pageDownloadTime": 1150,
            "pageLoadTime": 4074,
            "redirectionTime": 567,
            "serverConnectionTime": 79,
            "serverResponseTime": 1150
          },
          "rumSpeedIndex": 688,
          "timeToContentfulPaint": 2531,
          "timeToDomContentFlushed": 3238,
          "userTimings": {
            "marks": [
              {
                "name": "app_boot",
                "startTime": 4503.52
              },
              {
                "name": "beforeRender",
                "startTime": 5794.54
              },
              {
                "name": "afterRender",
                "startTime": 5972.8
              }
            ],
            "measures": [
              {
                "duration": 4425.22,
                "name": "Next.js-before-hydration",
                "startTime": 0
              },
              {
                "duration": 3233,
                "name": "Page0Interactive",
                "startTime": 0
              },
              {
                "duration": 4503.52,
                "name": "app_booted",
                "startTime": 0
              },
              {
                "duration": 1277.4399999999996,
                "name": "Next.js-hydration",
                "startTime": 4425.22
              }
            ]
          }
        }
      },
      {
        "browser": {
          "appConstants": {
            "ACCESSIBILITY": true,
            "ANDROID_PACKAGE_NAME": "org.mozilla.firefox",
            "ASAN": false,
            "ASAN_REPORTER": false,
            "BROWSER_CHROME_URL": "chrome://browser/content/browser.xul",
            "DEBUG": false,
            "DEBUG_JS_MODULES": "",
            "DLL_PREFIX": "lib",
            "DLL_SUFFIX": ".so",
            "EARLY_BETA_OR_EARLIER": false,
            "FENNEC_NIGHTLY": false,
            "HAVE_SHELL_SERVICE": false,
            "HAVE_USR_LIB64_DIR": false,
            "MENUBAR_CAN_AUTOHIDE": false,
            "MOZILLA_OFFICIAL": true,
            "MOZ_ALLOW_LEGACY_EXTENSIONS": false,
            "MOZ_ANDROID_ACTIVITY_STREAM": false,
            "MOZ_ANDROID_HISTORY": true,
            "MOZ_ANDROID_MOZILLA_ONLINE": false,
            "MOZ_APP_NAME": "fennec",
            "MOZ_APP_VERSION": "68.1.1",
            "MOZ_APP_VERSION_DISPLAY": "68.1.1",
            "MOZ_BING_API_CLIENTID": "no-bing-api-clientid",
            "MOZ_BING_API_KEY": "no-bing-api-key",
            "MOZ_BITS_DOWNLOAD": false,
            "MOZ_BUILD_APP": "mobile/android",
            "MOZ_CODE_COVERAGE": false,
            "MOZ_CRASHREPORTER": true,
            "MOZ_DATA_REPORTING": true,
            "MOZ_DEV_EDITION": false,
            "MOZ_GECKO_PROFILER": true,
            "MOZ_GOOGLE_LOCATION_SERVICE_API_KEY": "AIzaSyB2h2OuRcUgy5N-5hsZqiPW6sH3n_rptiQ",
            "MOZ_GOOGLE_SAFEBROWSING_API_KEY": "AIzaSyC7jsptDS3am4tPx4r3nxis7IMjBc5Dovo",
            "MOZ_GRAPHENE": false,
            "MOZ_MACBUNDLE_NAME": "Firefox.app",
            "MOZ_MAINTENANCE_SERVICE": false,
            "MOZ_MOZILLA_API_KEY": "3b4d27dd-703d-4094-8398-4de2c763505a",
            "MOZ_NEW_CERT_STORAGE": false,
            "MOZ_NEW_NOTIFICATION_STORE": false,
            "MOZ_NEW_XULSTORE": false,
            "MOZ_OFFICIAL_BRANDING": false,
            "MOZ_PLACES": false,
            "MOZ_REQUIRE_SIGNING": false,
            "MOZ_SANDBOX": false,
            "MOZ_SERVICES_HEALTHREPORT": true,
            "MOZ_SERVICES_SYNC": false,
            "MOZ_SWITCHBOARD": true,
            "MOZ_SYSTEM_NSS": false,
            "MOZ_TELEMETRY_ON_BY_DEFAULT": false,
            "MOZ_TELEMETRY_REPORTING": true,
            "MOZ_UNSIGNED_SCOPES": 0,
            "MOZ_UPDATER": false,
            "MOZ_UPDATE_CHANNEL": "release",
            "MOZ_WEBRTC": true,
            "MOZ_WIDGET_GTK": false,
            "MOZ_WIDGET_TOOLKIT": "android",
            "NIGHTLY_BUILD": false,
            "OMNIJAR_NAME": "assets/omni.ja",
            "RELEASE_OR_BETA": true,
            "SOURCE_REVISION_URL": "https://hg.mozilla.org/releases/mozilla-esr68/rev/d2e0b9e17b9bc1ef02606c8006b73293f7892ad5",
            "TELEMETRY_PING_FORMAT_VERSION": 4,
            "XP_UNIX": true,
            "isPlatformAndVersionAtLeast": {},
            "isPlatformAndVersionAtMost": {},
            "platform": "android"
          },
          "asyncAppConstants": {
            "ACCESSIBILITY": true,
            "ANDROID_PACKAGE_NAME": "org.mozilla.firefox",
            "ASAN": false,
            "ASAN_REPORTER": false,
            "BROWSER_CHROME_URL": "chrome://browser/content/browser.xul",
            "DEBUG": false,
            "DEBUG_JS_MODULES": "",
            "DLL_PREFIX": "lib",
            "DLL_SUFFIX": ".so",
            "EARLY_BETA_OR_EARLIER": false,
            "FENNEC_NIGHTLY": false,
            "HAVE_SHELL_SERVICE": false,
            "HAVE_USR_LIB64_DIR": false,
            "MENUBAR_CAN_AUTOHIDE": false,
            "MOZILLA_OFFICIAL": true,
            "MOZ_ALLOW_LEGACY_EXTENSIONS": false,
            "MOZ_ANDROID_ACTIVITY_STREAM": false,
            "MOZ_ANDROID_HISTORY": true,
            "MOZ_ANDROID_MOZILLA_ONLINE": false,
            "MOZ_APP_NAME": "fennec",
            "MOZ_APP_VERSION": "68.1.1",
            "MOZ_APP_VERSION_DISPLAY": "68.1.1",
            "MOZ_BING_API_CLIENTID": "no-bing-api-clientid",
            "MOZ_BING_API_KEY": "no-bing-api-key",
            "MOZ_BITS_DOWNLOAD": false,
            "MOZ_BUILD_APP": "mobile/android",
            "MOZ_CODE_COVERAGE": false,
            "MOZ_CRASHREPORTER": true,
            "MOZ_DATA_REPORTING": true,
            "MOZ_DEV_EDITION": false,
            "MOZ_GECKO_PROFILER": true,
            "MOZ_GOOGLE_LOCATION_SERVICE_API_KEY": "AIzaSyB2h2OuRcUgy5N-5hsZqiPW6sH3n_rptiQ",
            "MOZ_GOOGLE_SAFEBROWSING_API_KEY": "AIzaSyC7jsptDS3am4tPx4r3nxis7IMjBc5Dovo",
            "MOZ_GRAPHENE": false,
            "MOZ_MACBUNDLE_NAME": "Firefox.app",
            "MOZ_MAINTENANCE_SERVICE": false,
            "MOZ_MOZILLA_API_KEY": "3b4d27dd-703d-4094-8398-4de2c763505a",
            "MOZ_NEW_CERT_STORAGE": false,
            "MOZ_NEW_NOTIFICATION_STORE": false,
            "MOZ_NEW_XULSTORE": false,
            "MOZ_OFFICIAL_BRANDING": false,
            "MOZ_PLACES": false,
            "MOZ_REQUIRE_SIGNING": false,
            "MOZ_SANDBOX": false,
            "MOZ_SERVICES_HEALTHREPORT": true,
            "MOZ_SERVICES_SYNC": false,
            "MOZ_SWITCHBOARD": true,
            "MOZ_SYSTEM_NSS": false,
            "MOZ_TELEMETRY_ON_BY_DEFAULT": false,
            "MOZ_TELEMETRY_REPORTING": true,
            "MOZ_UNSIGNED_SCOPES": 0,
            "MOZ_UPDATER": false,
            "MOZ_UPDATE_CHANNEL": "release",
            "MOZ_WEBRTC": true,
            "MOZ_WIDGET_GTK": false,
            "MOZ_WIDGET_TOOLKIT": "android",
            "NIGHTLY_BUILD": false,
            "OMNIJAR_NAME": "assets/omni.ja",
            "RELEASE_OR_BETA": true,
            "SOURCE_REVISION_URL": "https://hg.mozilla.org/releases/mozilla-esr68/rev/d2e0b9e17b9bc1ef02606c8006b73293f7892ad5",
            "TELEMETRY_PING_FORMAT_VERSION": 4,
            "XP_UNIX": true,
            "isPlatformAndVersionAtLeast": {},
            "isPlatformAndVersionAtMost": {},
            "platform": "android"
          },
          "userAgent": "Mozilla/5.0 (Android 9; Mobile; rv:68.0) Gecko/68.0 Firefox/68.0",
          "windowSize": "360x612"
        },
        "pageinfo": {
          "documentHeight": 612,
          "documentSize": {
            "decodedBodySize": 556257,
            "encodedBodySize": 61420,
            "transferSize": 62274
          },
          "documentTitle": "Twitch",
          "documentWidth": 360,
          "domElements": 1707,
          "navigationStartTime": 1617112222787,
          "nextHopProtocol": "http/1.1",
          "resources": {
            "count": 0,
            "duration": 0
          },
          "responsive": true,
          "url": "https://m.twitch.tv/",
          "visualElements": {
            "heroes": [
              {
                "filename": "live_user_ludwig-276x155.jpg",
                "height": 132,
                "name": "LargestImage",
                "width": 234,
                "x": 10,
                "y": 148
              },
              {
                "filename": null,
                "height": 43,
                "name": "Heading",
                "width": 340,
                "x": 10,
                "y": 70
              }
            ],
            "viewport": {
              "height": 612,
              "width": 360
            }
          }
        },
        "timings": {
          "firstPaint": 2463,
          "loadEventEnd": 7000,
          "navigationTiming": {
            "connectStart": 585,
            "domComplete": 6995,
            "domContentLoadedEventEnd": 3233,
            "domContentLoadedEventStart": 3225,
            "domInteractive": 3190,
            "domainLookupEnd": 585,
            "domainLookupStart": 584,
            "duration": 7000,
            "fetchStart": 550,
            "loadEventEnd": 7000,
            "loadEventStart": 6998,
            "redirectEnd": 544,
            "redirectStart": 2,
            "requestStart": 710,
            "responseEnd": 711,
            "responseStart": 711,
            "secureConnectionStart": 634,
            "startTime": 0,
            "unloadEventEnd": 0,
            "unloadEventStart": 0,
            "workerStart": 0
          },
          "pageTimings": {
            "backEndTime": 711,
            "domContentLoadedTime": 3225,
            "domInteractiveTime": 3190,
            "domainLookupTime": 0,
            "frontEndTime": 6287,
            "pageDownloadTime": 0,
            "pageLoadTime": 6998,
            "redirectionTime": 542,
            "serverConnectionTime": 125,
            "serverResponseTime": 0
          },
          "rumSpeedIndex": 710,
          "timeToContentfulPaint": 2584,
          "timeToDomContentFlushed": 3205,
          "userTimings": {
            "marks": [
              {
                "name": "app_boot",
                "startTime": 4323.26
              },
              {
                "name": "beforeRender",
                "startTime": 5647.38
              },
              {
                "name": "afterRender",
                "startTime": 5839.9800000000005
              }
            ],
            "measures": [
              {
                "duration": 4244.32,
                "name": "Next.js-before-hydration",
                "startTime": 0
              },
              {
                "duration": 3189,
                "name": "Page0Interactive",
                "startTime": 0
              },
              {
                "duration": 4323.26,
                "name": "app_booted",
                "startTime": 0
              },
              {
                "duration": 1310.92,
                "name": "Next.js-hydration",
                "startTime": 4244.32
              }
            ]
          }
        }
      },
      {
        "browser": {
          "appConstants": {
            "ACCESSIBILITY": true,
            "ANDROID_PACKAGE_NAME": "org.mozilla.firefox",
            "ASAN": false,
            "ASAN_REPORTER": false,
            "BROWSER_CHROME_URL": "chrome://browser/content/browser.xul",
            "DEBUG": false,
            "DEBUG_JS_MODULES": "",
            "DLL_PREFIX": "lib",
            "DLL_SUFFIX": ".so",
            "EARLY_BETA_OR_EARLIER": false,
            "FENNEC_NIGHTLY": false,
            "HAVE_SHELL_SERVICE": false,
            "HAVE_USR_LIB64_DIR": false,
            "MENUBAR_CAN_AUTOHIDE": false,
            "MOZILLA_OFFICIAL": true,
            "MOZ_ALLOW_LEGACY_EXTENSIONS": false,
            "MOZ_ANDROID_ACTIVITY_STREAM": false,
            "MOZ_ANDROID_HISTORY": true,
            "MOZ_ANDROID_MOZILLA_ONLINE": false,
            "MOZ_APP_NAME": "fennec",
            "MOZ_APP_VERSION": "68.1.1",
            "MOZ_APP_VERSION_DISPLAY": "68.1.1",
            "MOZ_BING_API_CLIENTID": "no-bing-api-clientid",
            "MOZ_BING_API_KEY": "no-bing-api-key",
            "MOZ_BITS_DOWNLOAD": false,
            "MOZ_BUILD_APP": "mobile/android",
            "MOZ_CODE_COVERAGE": false,
            "MOZ_CRASHREPORTER": true,
            "MOZ_DATA_REPORTING": true,
            "MOZ_DEV_EDITION": false,
            "MOZ_GECKO_PROFILER": true,
            "MOZ_GOOGLE_LOCATION_SERVICE_API_KEY": "AIzaSyB2h2OuRcUgy5N-5hsZqiPW6sH3n_rptiQ",
            "MOZ_GOOGLE_SAFEBROWSING_API_KEY": "AIzaSyC7jsptDS3am4tPx4r3nxis7IMjBc5Dovo",
            "MOZ_GRAPHENE": false,
            "MOZ_MACBUNDLE_NAME": "Firefox.app",
            "MOZ_MAINTENANCE_SERVICE": false,
            "MOZ_MOZILLA_API_KEY": "3b4d27dd-703d-4094-8398-4de2c763505a",
            "MOZ_NEW_CERT_STORAGE": false,
            "MOZ_NEW_NOTIFICATION_STORE": false,
            "MOZ_NEW_XULSTORE": false,
            "MOZ_OFFICIAL_BRANDING": false,
            "MOZ_PLACES": false,
            "MOZ_REQUIRE_SIGNING": false,
            "MOZ_SANDBOX": false,
            "MOZ_SERVICES_HEALTHREPORT": true,
            "MOZ_SERVICES_SYNC": false,
            "MOZ_SWITCHBOARD": true,
            "MOZ_SYSTEM_NSS": false,
            "MOZ_TELEMETRY_ON_BY_DEFAULT": false,
            "MOZ_TELEMETRY_REPORTING": true,
            "MOZ_UNSIGNED_SCOPES": 0,
            "MOZ_UPDATER": false,
            "MOZ_UPDATE_CHANNEL": "release",
            "MOZ_WEBRTC": true,
            "MOZ_WIDGET_GTK": false,
            "MOZ_WIDGET_TOOLKIT": "android",
            "NIGHTLY_BUILD": false,
            "OMNIJAR_NAME": "assets/omni.ja",
            "RELEASE_OR_BETA": true,
            "SOURCE_REVISION_URL": "https://hg.mozilla.org/releases/mozilla-esr68/rev/d2e0b9e17b9bc1ef02606c8006b73293f7892ad5",
            "TELEMETRY_PING_FORMAT_VERSION": 4,
            "XP_UNIX": true,
            "isPlatformAndVersionAtLeast": {},
            "isPlatformAndVersionAtMost": {},
            "platform": "android"
          },
          "asyncAppConstants": {
            "ACCESSIBILITY": true,
            "ANDROID_PACKAGE_NAME": "org.mozilla.firefox",
            "ASAN": false,
            "ASAN_REPORTER": false,
            "BROWSER_CHROME_URL": "chrome://browser/content/browser.xul",
            "DEBUG": false,
            "DEBUG_JS_MODULES": "",
            "DLL_PREFIX": "lib",
            "DLL_SUFFIX": ".so",
            "EARLY_BETA_OR_EARLIER": false,
            "FENNEC_NIGHTLY": false,
            "HAVE_SHELL_SERVICE": false,
            "HAVE_USR_LIB64_DIR": false,
            "MENUBAR_CAN_AUTOHIDE": false,
            "MOZILLA_OFFICIAL": true,
            "MOZ_ALLOW_LEGACY_EXTENSIONS": false,
            "MOZ_ANDROID_ACTIVITY_STREAM": false,
            "MOZ_ANDROID_HISTORY": true,
            "MOZ_ANDROID_MOZILLA_ONLINE": false,
            "MOZ_APP_NAME": "fennec",
            "MOZ_APP_VERSION": "68.1.1",
            "MOZ_APP_VERSION_DISPLAY": "68.1.1",
            "MOZ_BING_API_CLIENTID": "no-bing-api-clientid",
            "MOZ_BING_API_KEY": "no-bing-api-key",
            "MOZ_BITS_DOWNLOAD": false,
            "MOZ_BUILD_APP": "mobile/android",
            "MOZ_CODE_COVERAGE": false,
            "MOZ_CRASHREPORTER": true,
            "MOZ_DATA_REPORTING": true,
            "MOZ_DEV_EDITION": false,
            "MOZ_GECKO_PROFILER": true,
            "MOZ_GOOGLE_LOCATION_SERVICE_API_KEY": "AIzaSyB2h2OuRcUgy5N-5hsZqiPW6sH3n_rptiQ",
            "MOZ_GOOGLE_SAFEBROWSING_API_KEY": "AIzaSyC7jsptDS3am4tPx4r3nxis7IMjBc5Dovo",
            "MOZ_GRAPHENE": false,
            "MOZ_MACBUNDLE_NAME": "Firefox.app",
            "MOZ_MAINTENANCE_SERVICE": false,
            "MOZ_MOZILLA_API_KEY": "3b4d27dd-703d-4094-8398-4de2c763505a",
            "MOZ_NEW_CERT_STORAGE": false,
            "MOZ_NEW_NOTIFICATION_STORE": false,
            "MOZ_NEW_XULSTORE": false,
            "MOZ_OFFICIAL_BRANDING": false,
            "MOZ_PLACES": false,
            "MOZ_REQUIRE_SIGNING": false,
            "MOZ_SANDBOX": false,
            "MOZ_SERVICES_HEALTHREPORT": true,
            "MOZ_SERVICES_SYNC": false,
            "MOZ_SWITCHBOARD": true,
            "MOZ_SYSTEM_NSS": false,
            "MOZ_TELEMETRY_ON_BY_DEFAULT": false,
            "MOZ_TELEMETRY_REPORTING": true,
            "MOZ_UNSIGNED_SCOPES": 0,
            "MOZ_UPDATER": false,
            "MOZ_UPDATE_CHANNEL": "release",
            "MOZ_WEBRTC": true,
            "MOZ_WIDGET_GTK": false,
            "MOZ_WIDGET_TOOLKIT": "android",
            "NIGHTLY_BUILD": false,
            "OMNIJAR_NAME": "assets/omni.ja",
            "RELEASE_OR_BETA": true,
            "SOURCE_REVISION_URL": "https://hg.mozilla.org/releases/mozilla-esr68/rev/d2e0b9e17b9bc1ef02606c8006b73293f7892ad5",
            "TELEMETRY_PING_FORMAT_VERSION": 4,
            "XP_UNIX": true,
            "isPlatformAndVersionAtLeast": {},
            "isPlatformAndVersionAtMost": {},
            "platform": "android"
          },
          "userAgent": "Mozilla/5.0 (Android 9; Mobile; rv:68.0) Gecko/68.0 Firefox/68.0",
          "windowSize": "360x612"
        },
        "pageinfo": {
          "documentHeight": 612,
          "documentSize": {
            "decodedBodySize": 558991,
            "encodedBodySize": 62182,
            "transferSize": 63035
          },
          "documentTitle": "Twitch",
          "documentWidth": 360,
          "domElements": 1710,
          "navigationStartTime": 1617112245792,
          "nextHopProtocol": "http/1.1",
          "resources": {
            "count": 0,
            "duration": 0
          },
          "responsive": true,
          "url": "https://m.twitch.tv/",
          "visualElements": {
            "heroes": [
              {
                "filename": "live_user_osamah-276x155.jpg",
                "height": 132,
                "name": "LargestImage",
                "width": 234,
                "x": 10,
                "y": 148
              },
              {
                "filename": null,
                "height": 43,
                "name": "Heading",
                "width": 340,
                "x": 10,
                "y": 70
              }
            ],
            "viewport": {
              "height": 612,
              "width": 360
            }
          }
        },
        "timings": {
          "firstPaint": 2513,
          "loadEventEnd": 7252,
          "navigationTiming": {
            "connectStart": 848,
            "domComplete": 7248,
            "domContentLoadedEventEnd": 3471,
            "domContentLoadedEventStart": 3463,
            "domInteractive": 3447,
            "domainLookupEnd": 848,
            "domainLookupStart": 848,
            "duration": 7252,
            "fetchStart": 804,
            "loadEventEnd": 7252,
            "loadEventStart": 7250,
            "redirectEnd": 795,
            "redirectStart": 2,
            "requestStart": 931,
            "responseEnd": 931,
            "responseStart": 931,
            "secureConnectionStart": 859,
            "startTime": 0,
            "unloadEventEnd": 0,
            "unloadEventStart": 0,
            "workerStart": 0
          },
          "pageTimings": {
            "backEndTime": 931,
            "domContentLoadedTime": 3463,
            "domInteractiveTime": 3447,
            "domainLookupTime": 0,
            "frontEndTime": 6319,
            "pageDownloadTime": 0,
            "pageLoadTime": 7250,
            "redirectionTime": 793,
            "serverConnectionTime": 82,
            "serverResponseTime": 0
          },
          "rumSpeedIndex": 930,
          "timeToContentfulPaint": 2632,
          "timeToDomContentFlushed": 3449,
          "timeToFirstInteractive": 9176,
          "userTimings": {
            "marks": [
              {
                "name": "app_boot",
                "startTime": 4415.96
              },
              {
                "name": "beforeRender",
                "startTime": 5864.26
              },
              {
                "name": "afterRender",
                "startTime": 6057.66
              }
            ],
            "measures": [
              {
                "duration": 4332.8,
                "name": "Next.js-before-hydration",
                "startTime": 0
              },
              {
                "duration": 3446,
                "name": "Page0Interactive",
                "startTime": 0
              },
              {
                "duration": 4415.96,
                "name": "app_booted",
                "startTime": 0
              },
              {
                "duration": 1405.6800000000003,
                "name": "Next.js-hydration",
                "startTime": 4332.8
              }
            ]
          }
        }
      }
    ],
    "visualMetrics": [],
    "cpu": [],
    "extras": [
      {},
      {},
      {}
    ],
    "fullyLoaded": [],
    "errors": [
      [],
      [],
      []
    ],
    "statistics": {
      "browser": {
        "appConstants": {
          "MOZ_UNSIGNED_SCOPES": {
            "median": 0,
            "mean": 0,
            "mdev": 0,
            "stddev": 0,
            "min": 0,
            "p10": 0,
            "p90": 0,
            "p99": 0,
            "max": 0
          },
          "TELEMETRY_PING_FORMAT_VERSION": {
            "median": 4,
            "mean": 4,
            "mdev": 0,
            "stddev": 0,
            "min": 4,
            "p10": 4,
            "p90": 4,
            "p99": 4,
            "max": 4
          }
        },
        "asyncAppConstants": {
          "MOZ_UNSIGNED_SCOPES": {
            "median": 0,
            "mean": 0,
            "mdev": 0,
            "stddev": 0,
            "min": 0,
            "p10": 0,
            "p90": 0,
            "p99": 0,
            "max": 0
          },
          "TELEMETRY_PING_FORMAT_VERSION": {
            "median": 4,
            "mean": 4,
            "mdev": 0,
            "stddev": 0,
            "min": 4,
            "p10": 4,
            "p90": 4,
            "p99": 4,
            "max": 4
          }
        }
      },
      "pageinfo": {
        "documentHeight": {
          "median": 612,
          "mean": 612,
          "mdev": 0,
          "stddev": 0,
          "min": 612,
          "p10": 612,
          "p90": 612,
          "p99": 612,
          "max": 612
        },
        "documentSize": {
          "decodedBodySize": {
            "median": 556257,
            "mean": 556531,
            "mdev": 1100.771,
            "stddev": 1907,
            "min": 554345,
            "p10": 554345,
            "p90": 558991,
            "p99": 558991,
            "max": 558991
          },
          "encodedBodySize": {
            "median": 61420,
            "mean": 61473,
            "mdev": 322.6864,
            "stddev": 559,
            "min": 60816,
            "p10": 60816,
            "p90": 62182,
            "p99": 62182,
            "max": 62182
          },
          "transferSize": {
            "median": 62274,
            "mean": 62324,
            "mdev": 324.2538,
            "stddev": 562,
            "min": 61662,
            "p10": 61662,
            "p90": 63035,
            "p99": 63035,
            "max": 63035
          }
        },
        "documentWidth": {
          "median": 360,
          "mean": 360,
          "mdev": 0,
          "stddev": 0,
          "min": 360,
          "p10": 360,
          "p90": 360,
          "p99": 360,
          "max": 360
        },
        "domElements": {
          "median": 1710,
          "mean": 1709,
          "mdev": 0.8165,
          "stddev": 1,
          "min": 1707,
          "p10": 1707,
          "p90": 1710,
          "p99": 1710,
          "max": 1710
        },
        "navigationStartTime": {
          "median": 1617112222787,
          "mean": 1617112223893,
          "mdev": 0,
          "stddev": 0,
          "min": 1617112203099,
          "p10": 1617112203099,
          "p90": 1617112245792,
          "p99": 1617112245792,
          "max": 1617112245792
        },
        "resources": {
          "count": {
            "median": 0,
            "mean": 0,
            "mdev": 0,
            "stddev": 0,
            "min": 0,
            "p10": 0,
            "p90": 0,
            "p99": 0,
            "max": 0
          },
          "duration": {
            "median": 0,
            "mean": 0,
            "mdev": 0,
            "stddev": 0,
            "min": 0,
            "p10": 0,
            "p90": 0,
            "p99": 0,
            "max": 0
          }
        },
        "visualElements": {
          "heroes": [
            {
              "height": {
                "median": 132,
                "mean": 132,
                "mdev": 0,
                "stddev": 0,
                "min": 132,
                "p10": 132,
                "p90": 132,
                "p99": 132,
                "max": 132
              },
              "width": {
                "median": 234,
                "mean": 234,
                "mdev": 0,
                "stddev": 0,
                "min": 234,
                "p10": 234,
                "p90": 234,
                "p99": 234,
                "max": 234
              },
              "x": {
                "median": 10,
                "mean": 10,
                "mdev": 0,
                "stddev": 0,
                "min": 10,
                "p10": 10,
                "p90": 10,
                "p99": 10,
                "max": 10
              },
              "y": {
                "median": 148,
                "mean": 148,
                "mdev": 0,
                "stddev": 0,
                "min": 148,
                "p10": 148,
                "p90": 148,
                "p99": 148,
                "max": 148
              }
            },
            {
              "height": {
                "median": 43,
                "mean": 43,
                "mdev": 0,
                "stddev": 0,
                "min": 43,
                "p10": 43,
                "p90": 43,
                "p99": 43,
                "max": 43
              },
              "width": {
                "median": 340,
                "mean": 340,
                "mdev": 0,
                "stddev": 0,
                "min": 340,
                "p10": 340,
                "p90": 340,
                "p99": 340,
                "max": 340
              },
              "x": {
                "median": 10,
                "mean": 10,
                "mdev": 0,
                "stddev": 0,
                "min": 10,
                "p10": 10,
                "p90": 10,
                "p99": 10,
                "max": 10
              },
              "y": {
                "median": 70,
                "mean": 70,
                "mdev": 0,
                "stddev": 0,
                "min": 70,
                "p10": 70,
                "p90": 70,
                "p99": 70,
                "max": 70
              }
            }
          ],
          "viewport": {
            "height": {
              "median": 612,
              "mean": 612,
              "mdev": 0,
              "stddev": 0,
              "min": 612,
              "p10": 612,
              "p90": 612,
              "p99": 612,
              "max": 612
            },
            "width": {
              "median": 360,
              "mean": 360,
              "mdev": 0,
              "stddev": 0,
              "min": 360,
              "p10": 360,
              "p90": 360,
              "p99": 360,
              "max": 360
            }
          }
        }
      },
      "timings": {
        "firstPaint": {
          "median": 2463,
          "mean": 2467,
          "mdev": 20.5823,
          "stddev": 36,
          "min": 2426,
          "p10": 2426,
          "p90": 2513,
          "p99": 2513,
          "max": 2513
        },
        "loadEventEnd": {
          "median": 7000,
          "mean": 6109,
          "mdev": 832.7701,
          "stddev": 1442,
          "min": 4074,
          "p10": 4074,
          "p90": 7252,
          "p99": 7252,
          "max": 7252
        },
        "navigationTiming": {
          "connectStart": {
            "median": 609,
            "mean": 681,
            "mdev": 68.5474,
            "stddev": 119,
            "min": 585,
            "p10": 585,
            "p90": 848,
            "p99": 848,
            "max": 848
          },
          "domComplete": {
            "median": 6995,
            "mean": 6106,
            "mdev": 831.5654,
            "stddev": 1440,
            "min": 4074,
            "p10": 4074,
            "p90": 7248,
            "p99": 7248,
            "max": 7248
          },
          "domContentLoadedEventEnd": {
            "median": 3259,
            "mean": 3321,
            "mdev": 61.5431,
            "stddev": 107,
            "min": 3233,
            "p10": 3233,
            "p90": 3471,
            "p99": 3471,
            "max": 3471
          },
          "domContentLoadedEventStart": {
            "median": 3251,
            "mean": 3313,
            "mdev": 61.5431,
            "stddev": 107,
            "min": 3225,
            "p10": 3225,
            "p90": 3463,
            "p99": 3463,
            "max": 3463
          },
          "domInteractive": {
            "median": 3234,
            "mean": 3290,
            "mdev": 64.7943,
            "stddev": 112,
            "min": 3190,
            "p10": 3190,
            "p90": 3447,
            "p99": 3447,
            "max": 3447
          },
          "domainLookupEnd": {
            "median": 609,
            "mean": 681,
            "mdev": 68.5474,
            "stddev": 119,
            "min": 585,
            "p10": 585,
            "p90": 848,
            "p99": 848,
            "max": 848
          },
          "domainLookupStart": {
            "median": 609,
            "mean": 680,
            "mdev": 68.7028,
            "stddev": 119,
            "min": 584,
            "p10": 584,
            "p90": 848,
            "p99": 848,
            "max": 848
          },
          "duration": {
            "median": 7000,
            "mean": 6109,
            "mdev": 832.7701,
            "stddev": 1442,
            "min": 4074,
            "p10": 4074,
            "p90": 7252,
            "p99": 7252,
            "max": 7252
          },
          "fetchStart": {
            "median": 576,
            "mean": 643,
            "mdev": 65.8776,
            "stddev": 114,
            "min": 550,
            "p10": 550,
            "p90": 804,
            "p99": 804,
            "max": 804
          },
          "loadEventEnd": {
            "median": 7000,
            "mean": 6109,
            "mdev": 832.7701,
            "stddev": 1442,
            "min": 4074,
            "p10": 4074,
            "p90": 7252,
            "p99": 7252,
            "max": 7252
          },
          "loadEventStart": {
            "median": 6998,
            "mean": 6107,
            "mdev": 832.2272,
            "stddev": 1441,
            "min": 4074,
            "p10": 4074,
            "p90": 7250,
            "p99": 7250,
            "max": 7250
          },
          "redirectEnd": {
            "median": 569,
            "mean": 636,
            "mdev": 65.1784,
            "stddev": 113,
            "min": 544,
            "p10": 544,
            "p90": 795,
            "p99": 795,
            "max": 795
          },
          "redirectStart": {
            "median": 2,
            "mean": 2,
            "mdev": 0.2722,
            "stddev": 0,
            "min": 2,
            "p10": 2,
            "p90": 3,
            "p99": 3,
            "max": 3
          },
          "requestStart": {
            "median": 710,
            "mean": 777,
            "mdev": 63.2004,
            "stddev": 109,
            "min": 689,
            "p10": 689,
            "p90": 931,
            "p99": 931,
            "max": 931
          },
          "responseEnd": {
            "median": 931,
            "mean": 1160,
            "mdev": 281.8752,
            "stddev": 488,
            "min": 711,
            "p10": 711,
            "p90": 1839,
            "p99": 1839,
            "max": 1839
          },
          "responseStart": {
            "median": 711,
            "mean": 777,
            "mdev": 63.0837,
            "stddev": 109,
            "min": 689,
            "p10": 689,
            "p90": 931,
            "p99": 931,
            "max": 931
          },
          "secureConnectionStart": {
            "median": 634,
            "mean": 708,
            "mdev": 61.7888,
            "stddev": 107,
            "min": 630,
            "p10": 630,
            "p90": 859,
            "p99": 859,
            "max": 859
          },
          "startTime": {
            "median": 0,
            "mean": 0,
            "mdev": 0,
            "stddev": 0,
            "min": 0,
            "p10": 0,
            "p90": 0,
            "p99": 0,
            "max": 0
          },
          "unloadEventEnd": {
            "median": 0,
            "mean": 0,
            "mdev": 0,
            "stddev": 0,
            "min": 0,
            "p10": 0,
            "p90": 0,
            "p99": 0,
            "max": 0
          },
          "unloadEventStart": {
            "median": 0,
            "mean": 0,
            "mdev": 0,
            "stddev": 0,
            "min": 0,
            "p10": 0,
            "p90": 0,
            "p99": 0,
            "max": 0
          },
          "workerStart": {
            "median": 0,
            "mean": 0,
            "mdev": 0,
            "stddev": 0,
            "min": 0,
            "p10": 0,
            "p90": 0,
            "p99": 0,
            "max": 0
          }
        },
        "pageTimings": {
          "backEndTime": {
            "median": 711,
            "mean": 777,
            "mdev": 63.0837,
            "stddev": 109,
            "min": 689,
            "p10": 689,
            "p90": 931,
            "p99": 931,
            "max": 931
          },
          "domContentLoadedTime": {
            "median": 3251,
            "mean": 3313,
            "mdev": 61.5431,
            "stddev": 107,
            "min": 3225,
            "p10": 3225,
            "p90": 3463,
            "p99": 3463,
            "max": 3463
          },
          "domInteractiveTime": {
            "median": 3234,
            "mean": 3290,
            "mdev": 64.7943,
            "stddev": 112,
            "min": 3190,
            "p10": 3190,
            "p90": 3447,
            "p99": 3447,
            "max": 3447
          },
          "domainLookupTime": {
            "median": 0,
            "mean": 0,
            "mdev": 0,
            "stddev": 0,
            "min": 0,
            "p10": 0,
            "p90": 0,
            "p99": 0,
            "max": 0
          },
          "frontEndTime": {
            "median": 6287,
            "mean": 4947,
            "mdev": 1107.1951,
            "stddev": 1918,
            "min": 2235,
            "p10": 2235,
            "p90": 6319,
            "p99": 6319,
            "max": 6319
          },
          "pageDownloadTime": {
            "median": 0,
            "mean": 383,
            "mdev": 312.9904,
            "stddev": 542,
            "min": 0,
            "p10": 0,
            "p90": 1150,
            "p99": 1150,
            "max": 1150
          },
          "pageLoadTime": {
            "median": 6998,
            "mean": 6107,
            "mdev": 832.2272,
            "stddev": 1441,
            "min": 4074,
            "p10": 4074,
            "p90": 7250,
            "p99": 7250,
            "max": 7250
          },
          "redirectionTime": {
            "median": 567,
            "mean": 634,
            "mdev": 65.1784,
            "stddev": 113,
            "min": 542,
            "p10": 542,
            "p90": 793,
            "p99": 793,
            "max": 793
          },
          "serverConnectionTime": {
            "median": 82,
            "mean": 95,
            "mdev": 12.132,
            "stddev": 21,
            "min": 79,
            "p10": 79,
            "p90": 125,
            "p99": 125,
            "max": 125
          },
          "serverResponseTime": {
            "median": 0,
            "mean": 383,
            "mdev": 312.9904,
            "stddev": 542,
            "min": 0,
            "p10": 0,
            "p90": 1150,
            "p99": 1150,
            "max": 1150
          }
        },
        "rumSpeedIndex": {
          "median": 710,
          "mean": 776,
          "mdev": 63.0837,
          "stddev": 109,
          "min": 688,
          "p10": 688,
          "p90": 930,
          "p99": 930,
          "max": 930
        },
        "timeToContentfulPaint": {
          "median": 2584,
          "mean": 2582,
          "mdev": 23.8157,
          "stddev": 41,
          "min": 2531,
          "p10": 2531,
          "p90": 2632,
          "p99": 2632,
          "max": 2632
        },
        "timeToDomContentFlushed": {
          "median": 3238,
          "mean": 3297,
          "mdev": 62.4043,
          "stddev": 108,
          "min": 3205,
          "p10": 3205,
          "p90": 3449,
          "p99": 3449,
          "max": 3449
        },
        "userTimings": {
          "marks": {
            "app_boot": {
              "median": 4416,
              "mean": 4414,
              "mdev": 42.4934,
              "stddev": 74,
              "min": 4323,
              "p10": 4323,
              "p90": 4504,
              "p99": 4504,
              "max": 4504
            },
            "beforeRender": {
              "median": 5795,
              "mean": 5769,
              "mdev": 52.194,
              "stddev": 90,
              "min": 5647,
              "p10": 5647,
              "p90": 5864,
              "p99": 5864,
              "max": 5864
            },
            "afterRender": {
              "median": 5973,
              "mean": 5957,
              "mdev": 51.7211,
              "stddev": 90,
              "min": 5840,
              "p10": 5840,
              "p90": 6058,
              "p99": 6058,
              "max": 6058
            }
          },
          "measures": {
            "Next.js-before-hydration": {
              "median": 4333,
              "mean": 4334,
              "mdev": 42.6419,
              "stddev": 74,
              "min": 4244,
              "p10": 4244,
              "p90": 4425,
              "p99": 4425,
              "max": 4425
            },
            "Page0Interactive": {
              "median": 3233,
              "mean": 3289,
              "mdev": 64.7943,
              "stddev": 112,
              "min": 3189,
              "p10": 3189,
              "p90": 3446,
              "p99": 3446,
              "max": 3446
            },
            "app_booted": {
              "median": 4416,
              "mean": 4414,
              "mdev": 42.4934,
              "stddev": 74,
              "min": 4323,
              "p10": 4323,
              "p90": 4504,
              "p99": 4504,
              "max": 4504
            },
            "Next.js-hydration": {
              "median": 1311,
              "mean": 1331,
              "mdev": 31.3557,
              "stddev": 54,
              "min": 1277,
              "p10": 1277,
              "p90": 1406,
              "p99": 1406,
              "max": 1406
            }
          }
        },
        "timeToFirstInteractive": {
          "median": 9176,
          "mean": 9176,
          "mdev": 0,
          "stddev": 0,
          "min": 9176,
          "p10": 9176,
          "p90": 9176,
          "p99": 9176,
          "max": 9176
        }
      }
    }
  }
]