[
  {
    "info": {
      "browsertime": {
        "version": "8.4.0"
      },
      "url": "https://vimeo.com/",
      "timestamp": "2021-03-30T08:07:05+04:00",
      "connectivity": {
        "engine": "external",
        "profile": "native"
      },
      "extra": {}
    },
    "files": {
      "video": [],
      "screenshot": [],
      "timeline": [],
      "consoleLog": [],
      "netLog": [],
      "perfLog": []
    },
    "cdp": {
      "performance": []
    },
    "timestamps": [
      "2021-03-30T08:06:54+04:00",
      "2021-03-30T08:07:16+04:00",
      "2021-03-30T08:07:38+04:00"
    ],
    "browserScripts": [
      {
        "browser": {
          "appConstants": {
            "ACCESSIBILITY": true,
            "ANDROID_PACKAGE_NAME": "org.mozilla.firefox",
            "ASAN": false,
            "ASAN_REPORTER": false,
            "BROWSER_CHROME_URL": "chrome://browser/content/browser.xul",
            "DEBUG": false,
            "DEBUG_JS_MODULES": "",
            "DLL_PREFIX": "lib",
            "DLL_SUFFIX": ".so",
            "EARLY_BETA_OR_EARLIER": false,
            "FENNEC_NIGHTLY": false,
            "HAVE_SHELL_SERVICE": false,
            "HAVE_USR_LIB64_DIR": false,
            "MENUBAR_CAN_AUTOHIDE": false,
            "MOZILLA_OFFICIAL": true,
            "MOZ_ALLOW_LEGACY_EXTENSIONS": false,
            "MOZ_ANDROID_ACTIVITY_STREAM": false,
            "MOZ_ANDROID_HISTORY": true,
            "MOZ_ANDROID_MOZILLA_ONLINE": false,
            "MOZ_APP_NAME": "fennec",
            "MOZ_APP_VERSION": "68.1.1",
            "MOZ_APP_VERSION_DISPLAY": "68.1.1",
            "MOZ_BING_API_CLIENTID": "no-bing-api-clientid",
            "MOZ_BING_API_KEY": "no-bing-api-key",
            "MOZ_BITS_DOWNLOAD": false,
            "MOZ_BUILD_APP": "mobile/android",
            "MOZ_CODE_COVERAGE": false,
            "MOZ_CRASHREPORTER": true,
            "MOZ_DATA_REPORTING": true,
            "MOZ_DEV_EDITION": false,
            "MOZ_GECKO_PROFILER": true,
            "MOZ_GOOGLE_LOCATION_SERVICE_API_KEY": "AIzaSyB2h2OuRcUgy5N-5hsZqiPW6sH3n_rptiQ",
            "MOZ_GOOGLE_SAFEBROWSING_API_KEY": "AIzaSyC7jsptDS3am4tPx4r3nxis7IMjBc5Dovo",
            "MOZ_GRAPHENE": false,
            "MOZ_MACBUNDLE_NAME": "Firefox.app",
            "MOZ_MAINTENANCE_SERVICE": false,
            "MOZ_MOZILLA_API_KEY": "3b4d27dd-703d-4094-8398-4de2c763505a",
            "MOZ_NEW_CERT_STORAGE": false,
            "MOZ_NEW_NOTIFICATION_STORE": false,
            "MOZ_NEW_XULSTORE": false,
            "MOZ_OFFICIAL_BRANDING": false,
            "MOZ_PLACES": false,
            "MOZ_REQUIRE_SIGNING": false,
            "MOZ_SANDBOX": false,
            "MOZ_SERVICES_HEALTHREPORT": true,
            "MOZ_SERVICES_SYNC": false,
            "MOZ_SWITCHBOARD": true,
            "MOZ_SYSTEM_NSS": false,
            "MOZ_TELEMETRY_ON_BY_DEFAULT": false,
            "MOZ_TELEMETRY_REPORTING": true,
            "MOZ_UNSIGNED_SCOPES": 0,
            "MOZ_UPDATER": false,
            "MOZ_UPDATE_CHANNEL": "release",
            "MOZ_WEBRTC": true,
            "MOZ_WIDGET_GTK": false,
            "MOZ_WIDGET_TOOLKIT": "android",
            "NIGHTLY_BUILD": false,
            "OMNIJAR_NAME": "assets/omni.ja",
            "RELEASE_OR_BETA": true,
            "SOURCE_REVISION_URL": "https://hg.mozilla.org/releases/mozilla-esr68/rev/d2e0b9e17b9bc1ef02606c8006b73293f7892ad5",
            "TELEMETRY_PING_FORMAT_VERSION": 4,
            "XP_UNIX": true,
            "isPlatformAndVersionAtLeast": {},
            "isPlatformAndVersionAtMost": {},
            "platform": "android"
          },
          "asyncAppConstants": {
            "ACCESSIBILITY": true,
            "ANDROID_PACKAGE_NAME": "org.mozilla.firefox",
            "ASAN": false,
            "ASAN_REPORTER": false,
            "BROWSER_CHROME_URL": "chrome://browser/content/browser.xul",
            "DEBUG": false,
            "DEBUG_JS_MODULES": "",
            "DLL_PREFIX": "lib",
            "DLL_SUFFIX": ".so",
            "EARLY_BETA_OR_EARLIER": false,
            "FENNEC_NIGHTLY": false,
            "HAVE_SHELL_SERVICE": false,
            "HAVE_USR_LIB64_DIR": false,
            "MENUBAR_CAN_AUTOHIDE": false,
            "MOZILLA_OFFICIAL": true,
            "MOZ_ALLOW_LEGACY_EXTENSIONS": false,
            "MOZ_ANDROID_ACTIVITY_STREAM": false,
            "MOZ_ANDROID_HISTORY": true,
            "MOZ_ANDROID_MOZILLA_ONLINE": false,
            "MOZ_APP_NAME": "fennec",
            "MOZ_APP_VERSION": "68.1.1",
            "MOZ_APP_VERSION_DISPLAY": "68.1.1",
            "MOZ_BING_API_CLIENTID": "no-bing-api-clientid",
            "MOZ_BING_API_KEY": "no-bing-api-key",
            "MOZ_BITS_DOWNLOAD": false,
            "MOZ_BUILD_APP": "mobile/android",
            "MOZ_CODE_COVERAGE": false,
            "MOZ_CRASHREPORTER": true,
            "MOZ_DATA_REPORTING": true,
            "MOZ_DEV_EDITION": false,
            "MOZ_GECKO_PROFILER": true,
            "MOZ_GOOGLE_LOCATION_SERVICE_API_KEY": "AIzaSyB2h2OuRcUgy5N-5hsZqiPW6sH3n_rptiQ",
            "MOZ_GOOGLE_SAFEBROWSING_API_KEY": "AIzaSyC7jsptDS3am4tPx4r3nxis7IMjBc5Dovo",
            "MOZ_GRAPHENE": false,
            "MOZ_MACBUNDLE_NAME": "Firefox.app",
            "MOZ_MAINTENANCE_SERVICE": false,
            "MOZ_MOZILLA_API_KEY": "3b4d27dd-703d-4094-8398-4de2c763505a",
            "MOZ_NEW_CERT_STORAGE": false,
            "MOZ_NEW_NOTIFICATION_STORE": false,
            "MOZ_NEW_XULSTORE": false,
            "MOZ_OFFICIAL_BRANDING": false,
            "MOZ_PLACES": false,
            "MOZ_REQUIRE_SIGNING": false,
            "MOZ_SANDBOX": false,
            "MOZ_SERVICES_HEALTHREPORT": true,
            "MOZ_SERVICES_SYNC": false,
            "MOZ_SWITCHBOARD": true,
            "MOZ_SYSTEM_NSS": false,
            "MOZ_TELEMETRY_ON_BY_DEFAULT": false,
            "MOZ_TELEMETRY_REPORTING": true,
            "MOZ_UNSIGNED_SCOPES": 0,
            "MOZ_UPDATER": false,
            "MOZ_UPDATE_CHANNEL": "release",
            "MOZ_WEBRTC": true,
            "MOZ_WIDGET_GTK": false,
            "MOZ_WIDGET_TOOLKIT": "android",
            "NIGHTLY_BUILD": false,
            "OMNIJAR_NAME": "assets/omni.ja",
            "RELEASE_OR_BETA": true,
            "SOURCE_REVISION_URL": "https://hg.mozilla.org/releases/mozilla-esr68/rev/d2e0b9e17b9bc1ef02606c8006b73293f7892ad5",
            "TELEMETRY_PING_FORMAT_VERSION": 4,
            "XP_UNIX": true,
            "isPlatformAndVersionAtLeast": {},
            "isPlatformAndVersionAtMost": {},
            "platform": "android"
          },
          "userAgent": "Mozilla/5.0 (Android 8.1.0; Mobile; rv:68.0) Gecko/68.0 Firefox/68.0",
          "windowSize": "360x560"
        },
        "pageinfo": {
          "documentHeight": 1136,
          "documentSize": {
            "decodedBodySize": 51620,
            "encodedBodySize": 8949,
            "transferSize": 9905
          },
          "documentTitle": "Vimeo | The high-quality home for video hosting and watching",
          "documentWidth": 360,
          "domElements": 209,
          "navigationStartTime": 1617077215011,
          "nextHopProtocol": "http/1.1",
          "resources": {
            "count": 0,
            "duration": 0
          },
          "responsive": true,
          "url": "https://vimeo.com/amp",
          "visualElements": {
            "heroes": [
              {
                "filename": null,
                "height": 146,
                "name": "Heading",
                "width": 328,
                "x": 16,
                "y": 147
              }
            ],
            "viewport": {
              "height": 560,
              "width": 360
            }
          }
        },
        "timings": {
          "firstPaint": 910,
          "loadEventEnd": 3243,
          "navigationTiming": {
            "connectStart": 374,
            "domComplete": 3235,
            "domContentLoadedEventEnd": 908,
            "domContentLoadedEventStart": 896,
            "domInteractive": 889,
            "domainLookupEnd": 374,
            "domainLookupStart": 374,
            "duration": 3243,
            "fetchStart": 374,
            "loadEventEnd": 3243,
            "loadEventStart": 3240,
            "redirectEnd": 367,
            "redirectStart": 5,
            "requestStart": 394,
            "responseEnd": 639,
            "responseStart": 635,
            "secureConnectionStart": 0,
            "startTime": 0,
            "unloadEventEnd": 0,
            "unloadEventStart": 0,
            "workerStart": 0
          },
          "pageTimings": {
            "backEndTime": 635,
            "domContentLoadedTime": 896,
            "domInteractiveTime": 889,
            "domainLookupTime": 0,
            "frontEndTime": 2601,
            "pageDownloadTime": 4,
            "pageLoadTime": 3240,
            "redirectionTime": 362,
            "serverConnectionTime": 0,
            "serverResponseTime": 245
          },
          "rumSpeedIndex": 635,
          "timeToContentfulPaint": 2013,
          "timeToDomContentFlushed": 908,
          "userTimings": {
            "marks": [
              {
                "name": "is",
                "startTime": 1720.94
              },
              {
                "name": "dr",
                "startTime": 1737.8
              },
              {
                "name": "visible",
                "startTime": 1807.66
              },
              {
                "name": "ofv",
                "startTime": 1807.76
              },
              {
                "name": "mbv",
                "startTime": 1896.68
              },
              {
                "name": "e_is",
                "startTime": 1971.54
              },
              {
                "name": "pc",
                "startTime": 2005.72
              },
              {
                "name": "ol",
                "startTime": 3236.1800000000003
              }
            ],
            "measures": []
          }
        }
      },
      {
        "browser": {
          "appConstants": {
            "ACCESSIBILITY": true,
            "ANDROID_PACKAGE_NAME": "org.mozilla.firefox",
            "ASAN": false,
            "ASAN_REPORTER": false,
            "BROWSER_CHROME_URL": "chrome://browser/content/browser.xul",
            "DEBUG": false,
            "DEBUG_JS_MODULES": "",
            "DLL_PREFIX": "lib",
            "DLL_SUFFIX": ".so",
            "EARLY_BETA_OR_EARLIER": false,
            "FENNEC_NIGHTLY": false,
            "HAVE_SHELL_SERVICE": false,
            "HAVE_USR_LIB64_DIR": false,
            "MENUBAR_CAN_AUTOHIDE": false,
            "MOZILLA_OFFICIAL": true,
            "MOZ_ALLOW_LEGACY_EXTENSIONS": false,
            "MOZ_ANDROID_ACTIVITY_STREAM": false,
            "MOZ_ANDROID_HISTORY": true,
            "MOZ_ANDROID_MOZILLA_ONLINE": false,
            "MOZ_APP_NAME": "fennec",
            "MOZ_APP_VERSION": "68.1.1",
            "MOZ_APP_VERSION_DISPLAY": "68.1.1",
            "MOZ_BING_API_CLIENTID": "no-bing-api-clientid",
            "MOZ_BING_API_KEY": "no-bing-api-key",
            "MOZ_BITS_DOWNLOAD": false,
            "MOZ_BUILD_APP": "mobile/android",
            "MOZ_CODE_COVERAGE": false,
            "MOZ_CRASHREPORTER": true,
            "MOZ_DATA_REPORTING": true,
            "MOZ_DEV_EDITION": false,
            "MOZ_GECKO_PROFILER": true,
            "MOZ_GOOGLE_LOCATION_SERVICE_API_KEY": "AIzaSyB2h2OuRcUgy5N-5hsZqiPW6sH3n_rptiQ",
            "MOZ_GOOGLE_SAFEBROWSING_API_KEY": "AIzaSyC7jsptDS3am4tPx4r3nxis7IMjBc5Dovo",
            "MOZ_GRAPHENE": false,
            "MOZ_MACBUNDLE_NAME": "Firefox.app",
            "MOZ_MAINTENANCE_SERVICE": false,
            "MOZ_MOZILLA_API_KEY": "3b4d27dd-703d-4094-8398-4de2c763505a",
            "MOZ_NEW_CERT_STORAGE": false,
            "MOZ_NEW_NOTIFICATION_STORE": false,
            "MOZ_NEW_XULSTORE": false,
            "MOZ_OFFICIAL_BRANDING": false,
            "MOZ_PLACES": false,
            "MOZ_REQUIRE_SIGNING": false,
            "MOZ_SANDBOX": false,
            "MOZ_SERVICES_HEALTHREPORT": true,
            "MOZ_SERVICES_SYNC": false,
            "MOZ_SWITCHBOARD": true,
            "MOZ_SYSTEM_NSS": false,
            "MOZ_TELEMETRY_ON_BY_DEFAULT": false,
            "MOZ_TELEMETRY_REPORTING": true,
            "MOZ_UNSIGNED_SCOPES": 0,
            "MOZ_UPDATER": false,
            "MOZ_UPDATE_CHANNEL": "release",
            "MOZ_WEBRTC": true,
            "MOZ_WIDGET_GTK": false,
            "MOZ_WIDGET_TOOLKIT": "android",
            "NIGHTLY_BUILD": false,
            "OMNIJAR_NAME": "assets/omni.ja",
            "RELEASE_OR_BETA": true,
            "SOURCE_REVISION_URL": "https://hg.mozilla.org/releases/mozilla-esr68/rev/d2e0b9e17b9bc1ef02606c8006b73293f7892ad5",
            "TELEMETRY_PING_FORMAT_VERSION": 4,
            "XP_UNIX": true,
            "isPlatformAndVersionAtLeast": {},
            "isPlatformAndVersionAtMost": {},
            "platform": "android"
          },
          "asyncAppConstants": {
            "ACCESSIBILITY": true,
            "ANDROID_PACKAGE_NAME": "org.mozilla.firefox",
            "ASAN": false,
            "ASAN_REPORTER": false,
            "BROWSER_CHROME_URL": "chrome://browser/content/browser.xul",
            "DEBUG": false,
            "DEBUG_JS_MODULES": "",
            "DLL_PREFIX": "lib",
            "DLL_SUFFIX": ".so",
            "EARLY_BETA_OR_EARLIER": false,
            "FENNEC_NIGHTLY": false,
            "HAVE_SHELL_SERVICE": false,
            "HAVE_USR_LIB64_DIR": false,
            "MENUBAR_CAN_AUTOHIDE": false,
            "MOZILLA_OFFICIAL": true,
            "MOZ_ALLOW_LEGACY_EXTENSIONS": false,
            "MOZ_ANDROID_ACTIVITY_STREAM": false,
            "MOZ_ANDROID_HISTORY": true,
            "MOZ_ANDROID_MOZILLA_ONLINE": false,
            "MOZ_APP_NAME": "fennec",
            "MOZ_APP_VERSION": "68.1.1",
            "MOZ_APP_VERSION_DISPLAY": "68.1.1",
            "MOZ_BING_API_CLIENTID": "no-bing-api-clientid",
            "MOZ_BING_API_KEY": "no-bing-api-key",
            "MOZ_BITS_DOWNLOAD": false,
            "MOZ_BUILD_APP": "mobile/android",
            "MOZ_CODE_COVERAGE": false,
            "MOZ_CRASHREPORTER": true,
            "MOZ_DATA_REPORTING": true,
            "MOZ_DEV_EDITION": false,
            "MOZ_GECKO_PROFILER": true,
            "MOZ_GOOGLE_LOCATION_SERVICE_API_KEY": "AIzaSyB2h2OuRcUgy5N-5hsZqiPW6sH3n_rptiQ",
            "MOZ_GOOGLE_SAFEBROWSING_API_KEY": "AIzaSyC7jsptDS3am4tPx4r3nxis7IMjBc5Dovo",
            "MOZ_GRAPHENE": false,
            "MOZ_MACBUNDLE_NAME": "Firefox.app",
            "MOZ_MAINTENANCE_SERVICE": false,
            "MOZ_MOZILLA_API_KEY": "3b4d27dd-703d-4094-8398-4de2c763505a",
            "MOZ_NEW_CERT_STORAGE": false,
            "MOZ_NEW_NOTIFICATION_STORE": false,
            "MOZ_NEW_XULSTORE": false,
            "MOZ_OFFICIAL_BRANDING": false,
            "MOZ_PLACES": false,
            "MOZ_REQUIRE_SIGNING": false,
            "MOZ_SANDBOX": false,
            "MOZ_SERVICES_HEALTHREPORT": true,
            "MOZ_SERVICES_SYNC": false,
            "MOZ_SWITCHBOARD": true,
            "MOZ_SYSTEM_NSS": false,
            "MOZ_TELEMETRY_ON_BY_DEFAULT": false,
            "MOZ_TELEMETRY_REPORTING": true,
            "MOZ_UNSIGNED_SCOPES": 0,
            "MOZ_UPDATER": false,
            "MOZ_UPDATE_CHANNEL": "release",
            "MOZ_WEBRTC": true,
            "MOZ_WIDGET_GTK": false,
            "MOZ_WIDGET_TOOLKIT": "android",
            "NIGHTLY_BUILD": false,
            "OMNIJAR_NAME": "assets/omni.ja",
            "RELEASE_OR_BETA": true,
            "SOURCE_REVISION_URL": "https://hg.mozilla.org/releases/mozilla-esr68/rev/d2e0b9e17b9bc1ef02606c8006b73293f7892ad5",
            "TELEMETRY_PING_FORMAT_VERSION": 4,
            "XP_UNIX": true,
            "isPlatformAndVersionAtLeast": {},
            "isPlatformAndVersionAtMost": {},
            "platform": "android"
          },
          "userAgent": "Mozilla/5.0 (Android 8.1.0; Mobile; rv:68.0) Gecko/68.0 Firefox/68.0",
          "windowSize": "360x560"
        },
        "pageinfo": {
          "documentHeight": 1136,
          "documentSize": {
            "decodedBodySize": 51620,
            "encodedBodySize": 8949,
            "transferSize": 9905
          },
          "documentTitle": "Vimeo | The high-quality home for video hosting and watching",
          "documentWidth": 360,
          "domElements": 209,
          "navigationStartTime": 1617077236594,
          "nextHopProtocol": "http/1.1",
          "resources": {
            "count": 0,
            "duration": 0
          },
          "responsive": true,
          "url": "https://vimeo.com/amp",
          "visualElements": {
            "heroes": [
              {
                "filename": null,
                "height": 146,
                "name": "Heading",
                "width": 328,
                "x": 16,
                "y": 147
              }
            ],
            "viewport": {
              "height": 560,
              "width": 360
            }
          }
        },
        "timings": {
          "firstPaint": 1025,
          "loadEventEnd": 3644,
          "navigationTiming": {
            "connectStart": 457,
            "domComplete": 3638,
            "domContentLoadedEventEnd": 1114,
            "domContentLoadedEventStart": 1072,
            "domInteractive": 1013,
            "domainLookupEnd": 457,
            "domainLookupStart": 457,
            "duration": 3644,
            "fetchStart": 457,
            "loadEventEnd": 3644,
            "loadEventStart": 3642,
            "redirectEnd": 447,
            "redirectStart": 4,
            "requestStart": 484,
            "responseEnd": 713,
            "responseStart": 711,
            "secureConnectionStart": 0,
            "startTime": 0,
            "unloadEventEnd": 0,
            "unloadEventStart": 0,
            "workerStart": 0
          },
          "pageTimings": {
            "backEndTime": 711,
            "domContentLoadedTime": 1072,
            "domInteractiveTime": 1013,
            "domainLookupTime": 0,
            "frontEndTime": 2928,
            "pageDownloadTime": 2,
            "pageLoadTime": 3642,
            "redirectionTime": 444,
            "serverConnectionTime": 0,
            "serverResponseTime": 229
          },
          "rumSpeedIndex": 711,
          "timeToContentfulPaint": 2331,
          "timeToDomContentFlushed": 1023,
          "userTimings": {
            "marks": [
              {
                "name": "is",
                "startTime": 1956.64
              },
              {
                "name": "dr",
                "startTime": 1976.32
              },
              {
                "name": "visible",
                "startTime": 2073.12
              },
              {
                "name": "ofv",
                "startTime": 2073.3
              },
              {
                "name": "mbv",
                "startTime": 2209.32
              },
              {
                "name": "e_is",
                "startTime": 2292.74
              },
              {
                "name": "pc",
                "startTime": 2345.36
              },
              {
                "name": "ol",
                "startTime": 3638.72
              }
            ],
            "measures": []
          }
        }
      },
      {
        "browser": {
          "appConstants": {
            "ACCESSIBILITY": true,
            "ANDROID_PACKAGE_NAME": "org.mozilla.firefox",
            "ASAN": false,
            "ASAN_REPORTER": false,
            "BROWSER_CHROME_URL": "chrome://browser/content/browser.xul",
            "DEBUG": false,
            "DEBUG_JS_MODULES": "",
            "DLL_PREFIX": "lib",
            "DLL_SUFFIX": ".so",
            "EARLY_BETA_OR_EARLIER": false,
            "FENNEC_NIGHTLY": false,
            "HAVE_SHELL_SERVICE": false,
            "HAVE_USR_LIB64_DIR": false,
            "MENUBAR_CAN_AUTOHIDE": false,
            "MOZILLA_OFFICIAL": true,
            "MOZ_ALLOW_LEGACY_EXTENSIONS": false,
            "MOZ_ANDROID_ACTIVITY_STREAM": false,
            "MOZ_ANDROID_HISTORY": true,
            "MOZ_ANDROID_MOZILLA_ONLINE": false,
            "MOZ_APP_NAME": "fennec",
            "MOZ_APP_VERSION": "68.1.1",
            "MOZ_APP_VERSION_DISPLAY": "68.1.1",
            "MOZ_BING_API_CLIENTID": "no-bing-api-clientid",
            "MOZ_BING_API_KEY": "no-bing-api-key",
            "MOZ_BITS_DOWNLOAD": false,
            "MOZ_BUILD_APP": "mobile/android",
            "MOZ_CODE_COVERAGE": false,
            "MOZ_CRASHREPORTER": true,
            "MOZ_DATA_REPORTING": true,
            "MOZ_DEV_EDITION": false,
            "MOZ_GECKO_PROFILER": true,
            "MOZ_GOOGLE_LOCATION_SERVICE_API_KEY": "AIzaSyB2h2OuRcUgy5N-5hsZqiPW6sH3n_rptiQ",
            "MOZ_GOOGLE_SAFEBROWSING_API_KEY": "AIzaSyC7jsptDS3am4tPx4r3nxis7IMjBc5Dovo",
            "MOZ_GRAPHENE": false,
            "MOZ_MACBUNDLE_NAME": "Firefox.app",
            "MOZ_MAINTENANCE_SERVICE": false,
            "MOZ_MOZILLA_API_KEY": "3b4d27dd-703d-4094-8398-4de2c763505a",
            "MOZ_NEW_CERT_STORAGE": false,
            "MOZ_NEW_NOTIFICATION_STORE": false,
            "MOZ_NEW_XULSTORE": false,
            "MOZ_OFFICIAL_BRANDING": false,
            "MOZ_PLACES": false,
            "MOZ_REQUIRE_SIGNING": false,
            "MOZ_SANDBOX": false,
            "MOZ_SERVICES_HEALTHREPORT": true,
            "MOZ_SERVICES_SYNC": false,
            "MOZ_SWITCHBOARD": true,
            "MOZ_SYSTEM_NSS": false,
            "MOZ_TELEMETRY_ON_BY_DEFAULT": false,
            "MOZ_TELEMETRY_REPORTING": true,
            "MOZ_UNSIGNED_SCOPES": 0,
            "MOZ_UPDATER": false,
            "MOZ_UPDATE_CHANNEL": "release",
            "MOZ_WEBRTC": true,
            "MOZ_WIDGET_GTK": false,
            "MOZ_WIDGET_TOOLKIT": "android",
            "NIGHTLY_BUILD": false,
            "OMNIJAR_NAME": "assets/omni.ja",
            "RELEASE_OR_BETA": true,
            "SOURCE_REVISION_URL": "https://hg.mozilla.org/releases/mozilla-esr68/rev/d2e0b9e17b9bc1ef02606c8006b73293f7892ad5",
            "TELEMETRY_PING_FORMAT_VERSION": 4,
            "XP_UNIX": true,
            "isPlatformAndVersionAtLeast": {},
            "isPlatformAndVersionAtMost": {},
            "platform": "android"
          },
          "asyncAppConstants": {
            "ACCESSIBILITY": true,
            "ANDROID_PACKAGE_NAME": "org.mozilla.firefox",
            "ASAN": false,
            "ASAN_REPORTER": false,
            "BROWSER_CHROME_URL": "chrome://browser/content/browser.xul",
            "DEBUG": false,
            "DEBUG_JS_MODULES": "",
            "DLL_PREFIX": "lib",
            "DLL_SUFFIX": ".so",
            "EARLY_BETA_OR_EARLIER": false,
            "FENNEC_NIGHTLY": false,
            "HAVE_SHELL_SERVICE": false,
            "HAVE_USR_LIB64_DIR": false,
            "MENUBAR_CAN_AUTOHIDE": false,
            "MOZILLA_OFFICIAL": true,
            "MOZ_ALLOW_LEGACY_EXTENSIONS": false,
            "MOZ_ANDROID_ACTIVITY_STREAM": false,
            "MOZ_ANDROID_HISTORY": true,
            "MOZ_ANDROID_MOZILLA_ONLINE": false,
            "MOZ_APP_NAME": "fennec",
            "MOZ_APP_VERSION": "68.1.1",
            "MOZ_APP_VERSION_DISPLAY": "68.1.1",
            "MOZ_BING_API_CLIENTID": "no-bing-api-clientid",
            "MOZ_BING_API_KEY": "no-bing-api-key",
            "MOZ_BITS_DOWNLOAD": false,
            "MOZ_BUILD_APP": "mobile/android",
            "MOZ_CODE_COVERAGE": false,
            "MOZ_CRASHREPORTER": true,
            "MOZ_DATA_REPORTING": true,
            "MOZ_DEV_EDITION": false,
            "MOZ_GECKO_PROFILER": true,
            "MOZ_GOOGLE_LOCATION_SERVICE_API_KEY": "AIzaSyB2h2OuRcUgy5N-5hsZqiPW6sH3n_rptiQ",
            "MOZ_GOOGLE_SAFEBROWSING_API_KEY": "AIzaSyC7jsptDS3am4tPx4r3nxis7IMjBc5Dovo",
            "MOZ_GRAPHENE": false,
            "MOZ_MACBUNDLE_NAME": "Firefox.app",
            "MOZ_MAINTENANCE_SERVICE": false,
            "MOZ_MOZILLA_API_KEY": "3b4d27dd-703d-4094-8398-4de2c763505a",
            "MOZ_NEW_CERT_STORAGE": false,
            "MOZ_NEW_NOTIFICATION_STORE": false,
            "MOZ_NEW_XULSTORE": false,
            "MOZ_OFFICIAL_BRANDING": false,
            "MOZ_PLACES": false,
            "MOZ_REQUIRE_SIGNING": false,
            "MOZ_SANDBOX": false,
            "MOZ_SERVICES_HEALTHREPORT": true,
            "MOZ_SERVICES_SYNC": false,
            "MOZ_SWITCHBOARD": true,
            "MOZ_SYSTEM_NSS": false,
            "MOZ_TELEMETRY_ON_BY_DEFAULT": false,
            "MOZ_TELEMETRY_REPORTING": true,
            "MOZ_UNSIGNED_SCOPES": 0,
            "MOZ_UPDATER": false,
            "MOZ_UPDATE_CHANNEL": "release",
            "MOZ_WEBRTC": true,
            "MOZ_WIDGET_GTK": false,
            "MOZ_WIDGET_TOOLKIT": "android",
            "NIGHTLY_BUILD": false,
            "OMNIJAR_NAME": "assets/omni.ja",
            "RELEASE_OR_BETA": true,
            "SOURCE_REVISION_URL": "https://hg.mozilla.org/releases/mozilla-esr68/rev/d2e0b9e17b9bc1ef02606c8006b73293f7892ad5",
            "TELEMETRY_PING_FORMAT_VERSION": 4,
            "XP_UNIX": true,
            "isPlatformAndVersionAtLeast": {},
            "isPlatformAndVersionAtMost": {},
            "platform": "android"
          },
          "userAgent": "Mozilla/5.0 (Android 8.1.0; Mobile; rv:68.0) Gecko/68.0 Firefox/68.0",
          "windowSize": "360x560"
        },
        "pageinfo": {
          "documentHeight": 1136,
          "documentSize": {
            "decodedBodySize": 51620,
            "encodedBodySize": 8949,
            "transferSize": 9905
          },
          "documentTitle": "Vimeo | The high-quality home for video hosting and watching",
          "documentWidth": 360,
          "domElements": 209,
          "navigationStartTime": 1617077258394,
          "nextHopProtocol": "http/1.1",
          "resources": {
            "count": 0,
            "duration": 0
          },
          "responsive": true,
          "url": "https://vimeo.com/amp",
          "visualElements": {
            "heroes": [
              {
                "filename": null,
                "height": 146,
                "name": "Heading",
                "width": 328,
                "x": 16,
                "y": 147
              }
            ],
            "viewport": {
              "height": 560,
              "width": 360
            }
          }
        },
        "timings": {
          "firstPaint": 889,
          "loadEventEnd": 3138,
          "navigationTiming": {
            "connectStart": 397,
            "domComplete": 3129,
            "domContentLoadedEventEnd": 887,
            "domContentLoadedEventStart": 875,
            "domInteractive": 867,
            "domainLookupEnd": 397,
            "domainLookupStart": 397,
            "duration": 3138,
            "fetchStart": 397,
            "loadEventEnd": 3138,
            "loadEventStart": 3133,
            "redirectEnd": 393,
            "redirectStart": 3,
            "requestStart": 421,
            "responseEnd": 656,
            "responseStart": 652,
            "secureConnectionStart": 0,
            "startTime": 0,
            "unloadEventEnd": 0,
            "unloadEventStart": 0,
            "workerStart": 0
          },
          "pageTimings": {
            "backEndTime": 652,
            "domContentLoadedTime": 875,
            "domInteractiveTime": 867,
            "domainLookupTime": 0,
            "frontEndTime": 2477,
            "pageDownloadTime": 4,
            "pageLoadTime": 3133,
            "redirectionTime": 391,
            "serverConnectionTime": 0,
            "serverResponseTime": 235
          },
          "rumSpeedIndex": 651,
          "timeToContentfulPaint": 1891,
          "timeToDomContentFlushed": 887,
          "userTimings": {
            "marks": [
              {
                "name": "is",
                "startTime": 1637.04
              },
              {
                "name": "dr",
                "startTime": 1646.4
              },
              {
                "name": "visible",
                "startTime": 1710.4
              },
              {
                "name": "ofv",
                "startTime": 1710.52
              },
              {
                "name": "mbv",
                "startTime": 1796.14
              },
              {
                "name": "e_is",
                "startTime": 1864.24
              },
              {
                "name": "pc",
                "startTime": 1899.42
              },
              {
                "name": "ol",
                "startTime": 3129.66
              }
            ],
            "measures": []
          }
        }
      }
    ],
    "visualMetrics": [],
    "cpu": [],
    "extras": [
      {},
      {},
      {}
    ],
    "fullyLoaded": [],
    "errors": [
      [],
      [],
      []
    ],
    "statistics": {
      "browser": {
        "appConstants": {
          "MOZ_UNSIGNED_SCOPES": {
            "median": 0,
            "mean": 0,
            "mdev": 0,
            "stddev": 0,
            "min": 0,
            "p10": 0,
            "p90": 0,
            "p99": 0,
            "max": 0
          },
          "TELEMETRY_PING_FORMAT_VERSION": {
            "median": 4,
            "mean": 4,
            "mdev": 0,
            "stddev": 0,
            "min": 4,
            "p10": 4,
            "p90": 4,
            "p99": 4,
            "max": 4
          }
        },
        "asyncAppConstants": {
          "MOZ_UNSIGNED_SCOPES": {
            "median": 0,
            "mean": 0,
            "mdev": 0,
            "stddev": 0,
            "min": 0,
            "p10": 0,
            "p90": 0,
            "p99": 0,
            "max": 0
          },
          "TELEMETRY_PING_FORMAT_VERSION": {
            "median": 4,
            "mean": 4,
            "mdev": 0,
            "stddev": 0,
            "min": 4,
            "p10": 4,
            "p90": 4,
            "p99": 4,
            "max": 4
          }
        }
      },
      "pageinfo": {
        "documentHeight": {
          "median": 1136,
          "mean": 1136,
          "mdev": 0,
          "stddev": 0,
          "min": 1136,
          "p10": 1136,
          "p90": 1136,
          "p99": 1136,
          "max": 1136
        },
        "documentSize": {
          "decodedBodySize": {
            "median": 51620,
            "mean": 51620,
            "mdev": 0,
            "stddev": 0,
            "min": 51620,
            "p10": 51620,
            "p90": 51620,
            "p99": 51620,
            "max": 51620
          },
          "encodedBodySize": {
            "median": 8949,
            "mean": 8949,
            "mdev": 0,
            "stddev": 0,
            "min": 8949,
            "p10": 8949,
            "p90": 8949,
            "p99": 8949,
            "max": 8949
          },
          "transferSize": {
            "median": 9905,
            "mean": 9905,
            "mdev": 0,
            "stddev": 0,
            "min": 9905,
            "p10": 9905,
            "p90": 9905,
            "p99": 9905,
            "max": 9905
          }
        },
        "documentWidth": {
          "median": 360,
          "mean": 360,
          "mdev": 0,
          "stddev": 0,
          "min": 360,
          "p10": 360,
          "p90": 360,
          "p99": 360,
          "max": 360
        },
        "domElements": {
          "median": 209,
          "mean": 209,
          "mdev": 0,
          "stddev": 0,
          "min": 209,
          "p10": 209,
          "p90": 209,
          "p99": 209,
          "max": 209
        },
        "navigationStartTime": {
          "median": 1617077236594,
          "mean": 1617077236666,
          "mdev": 12612.4091,
          "stddev": 21845,
          "min": 1617077215011,
          "p10": 1617077215011,
          "p90": 1617077258394,
          "p99": 1617077258394,
          "max": 1617077258394
        },
        "resources": {
          "count": {
            "median": 0,
            "mean": 0,
            "mdev": 0,
            "stddev": 0,
            "min": 0,
            "p10": 0,
            "p90": 0,
            "p99": 0,
            "max": 0
          },
          "duration": {
            "median": 0,
            "mean": 0,
            "mdev": 0,
            "stddev": 0,
            "min": 0,
            "p10": 0,
            "p90": 0,
            "p99": 0,
            "max": 0
          }
        },
        "visualElements": {
          "heroes": [
            {
              "height": {
                "median": 146,
                "mean": 146,
                "mdev": 0,
                "stddev": 0,
                "min": 146,
                "p10": 146,
                "p90": 146,
                "p99": 146,
                "max": 146
              },
              "width": {
                "median": 328,
                "mean": 328,
                "mdev": 0,
                "stddev": 0,
                "min": 328,
                "p10": 328,
                "p90": 328,
                "p99": 328,
                "max": 328
              },
              "x": {
                "median": 16,
                "mean": 16,
                "mdev": 0,
                "stddev": 0,
                "min": 16,
                "p10": 16,
                "p90": 16,
                "p99": 16,
                "max": 16
              },
              "y": {
                "median": 147,
                "mean": 147,
                "mdev": 0,
                "stddev": 0,
                "min": 147,
                "p10": 147,
                "p90": 147,
                "p99": 147,
                "max": 147
              }
            }
          ],
          "viewport": {
            "height": {
              "median": 560,
              "mean": 560,
              "mdev": 0,
              "stddev": 0,
              "min": 560,
              "p10": 560,
              "p90": 560,
              "p99": 560,
              "max": 560
            },
            "width": {
              "median": 360,
              "mean": 360,
              "mdev": 0,
              "stddev": 0,
              "min": 360,
              "p10": 360,
              "p90": 360,
              "p99": 360,
              "max": 360
            }
          }
        }
      },
      "timings": {
        "firstPaint": {
          "median": 910,
          "mean": 941,
          "mdev": 34.5136,
          "stddev": 60,
          "min": 889,
          "p10": 889,
          "p90": 1025,
          "p99": 1025,
          "max": 1025
        },
        "loadEventEnd": {
          "median": 3243,
          "mean": 3342,
          "mdev": 125.8838,
          "stddev": 218,
          "min": 3138,
          "p10": 3138,
          "p90": 3644,
          "p99": 3644,
          "max": 3644
        },
        "navigationTiming": {
          "connectStart": {
            "median": 397,
            "mean": 409,
            "mdev": 20.2008,
            "stddev": 35,
            "min": 374,
            "p10": 374,
            "p90": 457,
            "p99": 457,
            "max": 457
          },
          "domComplete": {
            "median": 3235,
            "mean": 3334,
            "mdev": 126.5973,
            "stddev": 219,
            "min": 3129,
            "p10": 3129,
            "p90": 3638,
            "p99": 3638,
            "max": 3638
          },
          "domContentLoadedEventEnd": {
            "median": 908,
            "mean": 970,
            "mdev": 59.1314,
            "stddev": 102,
            "min": 887,
            "p10": 887,
            "p90": 1114,
            "p99": 1114,
            "max": 1114
          },
          "domContentLoadedEventStart": {
            "median": 896,
            "mean": 948,
            "mdev": 50.9996,
            "stddev": 88,
            "min": 875,
            "p10": 875,
            "p90": 1072,
            "p99": 1072,
            "max": 1072
          },
          "domInteractive": {
            "median": 889,
            "mean": 923,
            "mdev": 37.1065,
            "stddev": 64,
            "min": 867,
            "p10": 867,
            "p90": 1013,
            "p99": 1013,
            "max": 1013
          },
          "domainLookupEnd": {
            "median": 397,
            "mean": 409,
            "mdev": 20.2008,
            "stddev": 35,
            "min": 374,
            "p10": 374,
            "p90": 457,
            "p99": 457,
            "max": 457
          },
          "domainLookupStart": {
            "median": 397,
            "mean": 409,
            "mdev": 20.2008,
            "stddev": 35,
            "min": 374,
            "p10": 374,
            "p90": 457,
            "p99": 457,
            "max": 457
          },
          "duration": {
            "median": 3243,
            "mean": 3342,
            "mdev": 125.8838,
            "stddev": 218,
            "min": 3138,
            "p10": 3138,
            "p90": 3644,
            "p99": 3644,
            "max": 3644
          },
          "fetchStart": {
            "median": 397,
            "mean": 409,
            "mdev": 20.2008,
            "stddev": 35,
            "min": 374,
            "p10": 374,
            "p90": 457,
            "p99": 457,
            "max": 457
          },
          "loadEventEnd": {
            "median": 3243,
            "mean": 3342,
            "mdev": 125.8838,
            "stddev": 218,
            "min": 3138,
            "p10": 3138,
            "p90": 3644,
            "p99": 3644,
            "max": 3644
          },
          "loadEventStart": {
            "median": 3240,
            "mean": 3338,
            "mdev": 126.5107,
            "stddev": 219,
            "min": 3133,
            "p10": 3133,
            "p90": 3642,
            "p99": 3642,
            "max": 3642
          },
          "redirectEnd": {
            "median": 393,
            "mean": 402,
            "mdev": 19.2373,
            "stddev": 33,
            "min": 367,
            "p10": 367,
            "p90": 447,
            "p99": 447,
            "max": 447
          },
          "redirectStart": {
            "median": 4,
            "mean": 4,
            "mdev": 0.4714,
            "stddev": 1,
            "min": 3,
            "p10": 3,
            "p90": 5,
            "p99": 5,
            "max": 5
          },
          "requestStart": {
            "median": 421,
            "mean": 433,
            "mdev": 21.7715,
            "stddev": 38,
            "min": 394,
            "p10": 394,
            "p90": 484,
            "p99": 484,
            "max": 484
          },
          "responseEnd": {
            "median": 656,
            "mean": 669,
            "mdev": 18.2716,
            "stddev": 32,
            "min": 639,
            "p10": 639,
            "p90": 713,
            "p99": 713,
            "max": 713
          },
          "responseStart": {
            "median": 652,
            "mean": 666,
            "mdev": 18.8031,
            "stddev": 33,
            "min": 635,
            "p10": 635,
            "p90": 711,
            "p99": 711,
            "max": 711
          },
          "secureConnectionStart": {
            "median": 0,
            "mean": 0,
            "mdev": 0,
            "stddev": 0,
            "min": 0,
            "p10": 0,
            "p90": 0,
            "p99": 0,
            "max": 0
          },
          "startTime": {
            "median": 0,
            "mean": 0,
            "mdev": 0,
            "stddev": 0,
            "min": 0,
            "p10": 0,
            "p90": 0,
            "p99": 0,
            "max": 0
          },
          "unloadEventEnd": {
            "median": 0,
            "mean": 0,
            "mdev": 0,
            "stddev": 0,
            "min": 0,
            "p10": 0,
            "p90": 0,
            "p99": 0,
            "max": 0
          },
          "unloadEventStart": {
            "median": 0,
            "mean": 0,
            "mdev": 0,
            "stddev": 0,
            "min": 0,
            "p10": 0,
            "p90": 0,
            "p99": 0,
            "max": 0
          },
          "workerStart": {
            "median": 0,
            "mean": 0,
            "mdev": 0,
            "stddev": 0,
            "min": 0,
            "p10": 0,
            "p90": 0,
            "p99": 0,
            "max": 0
          }
        },
        "pageTimings": {
          "backEndTime": {
            "median": 652,
            "mean": 666,
            "mdev": 18.8031,
            "stddev": 33,
            "min": 635,
            "p10": 635,
            "p90": 711,
            "p99": 711,
            "max": 711
          },
          "domContentLoadedTime": {
            "median": 896,
            "mean": 948,
            "mdev": 50.9996,
            "stddev": 88,
            "min": 875,
            "p10": 875,
            "p90": 1072,
            "p99": 1072,
            "max": 1072
          },
          "domInteractiveTime": {
            "median": 889,
            "mean": 923,
            "mdev": 37.1065,
            "stddev": 64,
            "min": 867,
            "p10": 867,
            "p90": 1013,
            "p99": 1013,
            "max": 1013
          },
          "domainLookupTime": {
            "median": 0,
            "mean": 0,
            "mdev": 0,
            "stddev": 0,
            "min": 0,
            "p10": 0,
            "p90": 0,
            "p99": 0,
            "max": 0
          },
          "frontEndTime": {
            "median": 2601,
            "mean": 2669,
            "mdev": 109.8325,
            "stddev": 190,
            "min": 2477,
            "p10": 2477,
            "p90": 2928,
            "p99": 2928,
            "max": 2928
          },
          "pageDownloadTime": {
            "median": 4,
            "mean": 3,
            "mdev": 0.5443,
            "stddev": 1,
            "min": 2,
            "p10": 2,
            "p90": 4,
            "p99": 4,
            "max": 4
          },
          "pageLoadTime": {
            "median": 3240,
            "mean": 3338,
            "mdev": 126.5107,
            "stddev": 219,
            "min": 3133,
            "p10": 3133,
            "p90": 3642,
            "p99": 3642,
            "max": 3642
          },
          "redirectionTime": {
            "median": 391,
            "mean": 399,
            "mdev": 19.6016,
            "stddev": 34,
            "min": 362,
            "p10": 362,
            "p90": 444,
            "p99": 444,
            "max": 444
          },
          "serverConnectionTime": {
            "median": 0,
            "mean": 0,
            "mdev": 0,
            "stddev": 0,
            "min": 0,
            "p10": 0,
            "p90": 0,
            "p99": 0,
            "max": 0
          },
          "serverResponseTime": {
            "median": 235,
            "mean": 236,
            "mdev": 3.8103,
            "stddev": 7,
            "min": 229,
            "p10": 229,
            "p90": 245,
            "p99": 245,
            "max": 245
          }
        },
        "rumSpeedIndex": {
          "median": 651,
          "mean": 666,
          "mdev": 18.8876,
          "stddev": 33,
          "min": 635,
          "p10": 635,
          "p90": 711,
          "p99": 711,
          "max": 711
        },
        "timeToContentfulPaint": {
          "median": 2013,
          "mean": 2078,
          "mdev": 107.0839,
          "stddev": 185,
          "min": 1891,
          "p10": 1891,
          "p90": 2331,
          "p99": 2331,
          "max": 2331
        },
        "timeToDomContentFlushed": {
          "median": 908,
          "mean": 939,
          "mdev": 34.5136,
          "stddev": 60,
          "min": 887,
          "p10": 887,
          "p90": 1023,
          "p99": 1023,
          "max": 1023
        },
        "userTimings": {
          "marks": {
            "is": {
              "median": 1721,
              "mean": 1772,
              "mdev": 78.1115,
              "stddev": 135,
              "min": 1637,
              "p10": 1637,
              "p90": 1957,
              "p99": 1957,
              "max": 1957
            },
            "dr": {
              "median": 1738,
              "mean": 1787,
              "mdev": 80.2987,
              "stddev": 139,
              "min": 1646,
              "p10": 1646,
              "p90": 1976,
              "p99": 1976,
              "max": 1976
            },
            "visible": {
              "median": 1808,
              "mean": 1864,
              "mdev": 88.5049,
              "stddev": 153,
              "min": 1710,
              "p10": 1710,
              "p90": 2073,
              "p99": 2073,
              "max": 2073
            },
            "ofv": {
              "median": 1808,
              "mean": 1864,
              "mdev": 88.5221,
              "stddev": 153,
              "min": 1711,
              "p10": 1711,
              "p90": 2073,
              "p99": 2073,
              "max": 2073
            },
            "mbv": {
              "median": 1897,
              "mean": 1967,
              "mdev": 101.5746,
              "stddev": 176,
              "min": 1796,
              "p10": 1796,
              "p90": 2209,
              "p99": 2209,
              "max": 2209
            },
            "e_is": {
              "median": 1972,
              "mean": 2043,
              "mdev": 105.1093,
              "stddev": 182,
              "min": 1864,
              "p10": 1864,
              "p90": 2293,
              "p99": 2293,
              "max": 2293
            },
            "pc": {
              "median": 2006,
              "mean": 2084,
              "mdev": 109.8007,
              "stddev": 190,
              "min": 1899,
              "p10": 1899,
              "p90": 2345,
              "p99": 2345,
              "max": 2345
            },
            "ol": {
              "median": 3236,
              "mean": 3335,
              "mdev": 126.5682,
              "stddev": 219,
              "min": 3130,
              "p10": 3130,
              "p90": 3639,
              "p99": 3639,
              "max": 3639
            }
          }
        }
      }
    }
  }
]