[
  {
    "info": {
      "browsertime": {
        "version": "8.4.0"
      },
      "url": "https://www.office.com/",
      "timestamp": "2021-03-30T02:29:04+04:00",
      "connectivity": {
        "engine": "external",
        "profile": "native"
      },
      "extra": {}
    },
    "files": {
      "video": [],
      "screenshot": [],
      "timeline": [],
      "consoleLog": [],
      "netLog": [],
      "perfLog": []
    },
    "cdp": {
      "performance": []
    },
    "timestamps": [
      "2021-03-30T02:28:53+04:00",
      "2021-03-30T02:29:16+04:00",
      "2021-03-30T02:29:40+04:00"
    ],
    "browserScripts": [
      {
        "browser": {
          "appConstants": {
            "ACCESSIBILITY": true,
            "ANDROID_PACKAGE_NAME": "org.mozilla.firefox",
            "ASAN": false,
            "ASAN_REPORTER": false,
            "BROWSER_CHROME_URL": "chrome://browser/content/browser.xul",
            "DEBUG": false,
            "DEBUG_JS_MODULES": "",
            "DLL_PREFIX": "lib",
            "DLL_SUFFIX": ".so",
            "EARLY_BETA_OR_EARLIER": false,
            "FENNEC_NIGHTLY": false,
            "HAVE_SHELL_SERVICE": false,
            "HAVE_USR_LIB64_DIR": false,
            "MENUBAR_CAN_AUTOHIDE": false,
            "MOZILLA_OFFICIAL": true,
            "MOZ_ALLOW_LEGACY_EXTENSIONS": false,
            "MOZ_ANDROID_ACTIVITY_STREAM": false,
            "MOZ_ANDROID_HISTORY": true,
            "MOZ_ANDROID_MOZILLA_ONLINE": false,
            "MOZ_APP_NAME": "fennec",
            "MOZ_APP_VERSION": "68.1.1",
            "MOZ_APP_VERSION_DISPLAY": "68.1.1",
            "MOZ_BING_API_CLIENTID": "no-bing-api-clientid",
            "MOZ_BING_API_KEY": "no-bing-api-key",
            "MOZ_BITS_DOWNLOAD": false,
            "MOZ_BUILD_APP": "mobile/android",
            "MOZ_CODE_COVERAGE": false,
            "MOZ_CRASHREPORTER": true,
            "MOZ_DATA_REPORTING": true,
            "MOZ_DEV_EDITION": false,
            "MOZ_GECKO_PROFILER": true,
            "MOZ_GOOGLE_LOCATION_SERVICE_API_KEY": "AIzaSyB2h2OuRcUgy5N-5hsZqiPW6sH3n_rptiQ",
            "MOZ_GOOGLE_SAFEBROWSING_API_KEY": "AIzaSyC7jsptDS3am4tPx4r3nxis7IMjBc5Dovo",
            "MOZ_GRAPHENE": false,
            "MOZ_MACBUNDLE_NAME": "Firefox.app",
            "MOZ_MAINTENANCE_SERVICE": false,
            "MOZ_MOZILLA_API_KEY": "3b4d27dd-703d-4094-8398-4de2c763505a",
            "MOZ_NEW_CERT_STORAGE": false,
            "MOZ_NEW_NOTIFICATION_STORE": false,
            "MOZ_NEW_XULSTORE": false,
            "MOZ_OFFICIAL_BRANDING": false,
            "MOZ_PLACES": false,
            "MOZ_REQUIRE_SIGNING": false,
            "MOZ_SANDBOX": false,
            "MOZ_SERVICES_HEALTHREPORT": true,
            "MOZ_SERVICES_SYNC": false,
            "MOZ_SWITCHBOARD": true,
            "MOZ_SYSTEM_NSS": false,
            "MOZ_TELEMETRY_ON_BY_DEFAULT": false,
            "MOZ_TELEMETRY_REPORTING": true,
            "MOZ_UNSIGNED_SCOPES": 0,
            "MOZ_UPDATER": false,
            "MOZ_UPDATE_CHANNEL": "release",
            "MOZ_WEBRTC": true,
            "MOZ_WIDGET_GTK": false,
            "MOZ_WIDGET_TOOLKIT": "android",
            "NIGHTLY_BUILD": false,
            "OMNIJAR_NAME": "assets/omni.ja",
            "RELEASE_OR_BETA": true,
            "SOURCE_REVISION_URL": "https://hg.mozilla.org/releases/mozilla-esr68/rev/d2e0b9e17b9bc1ef02606c8006b73293f7892ad5",
            "TELEMETRY_PING_FORMAT_VERSION": 4,
            "XP_UNIX": true,
            "isPlatformAndVersionAtLeast": {},
            "isPlatformAndVersionAtMost": {},
            "platform": "android"
          },
          "asyncAppConstants": {
            "ACCESSIBILITY": true,
            "ANDROID_PACKAGE_NAME": "org.mozilla.firefox",
            "ASAN": false,
            "ASAN_REPORTER": false,
            "BROWSER_CHROME_URL": "chrome://browser/content/browser.xul",
            "DEBUG": false,
            "DEBUG_JS_MODULES": "",
            "DLL_PREFIX": "lib",
            "DLL_SUFFIX": ".so",
            "EARLY_BETA_OR_EARLIER": false,
            "FENNEC_NIGHTLY": false,
            "HAVE_SHELL_SERVICE": false,
            "HAVE_USR_LIB64_DIR": false,
            "MENUBAR_CAN_AUTOHIDE": false,
            "MOZILLA_OFFICIAL": true,
            "MOZ_ALLOW_LEGACY_EXTENSIONS": false,
            "MOZ_ANDROID_ACTIVITY_STREAM": false,
            "MOZ_ANDROID_HISTORY": true,
            "MOZ_ANDROID_MOZILLA_ONLINE": false,
            "MOZ_APP_NAME": "fennec",
            "MOZ_APP_VERSION": "68.1.1",
            "MOZ_APP_VERSION_DISPLAY": "68.1.1",
            "MOZ_BING_API_CLIENTID": "no-bing-api-clientid",
            "MOZ_BING_API_KEY": "no-bing-api-key",
            "MOZ_BITS_DOWNLOAD": false,
            "MOZ_BUILD_APP": "mobile/android",
            "MOZ_CODE_COVERAGE": false,
            "MOZ_CRASHREPORTER": true,
            "MOZ_DATA_REPORTING": true,
            "MOZ_DEV_EDITION": false,
            "MOZ_GECKO_PROFILER": true,
            "MOZ_GOOGLE_LOCATION_SERVICE_API_KEY": "AIzaSyB2h2OuRcUgy5N-5hsZqiPW6sH3n_rptiQ",
            "MOZ_GOOGLE_SAFEBROWSING_API_KEY": "AIzaSyC7jsptDS3am4tPx4r3nxis7IMjBc5Dovo",
            "MOZ_GRAPHENE": false,
            "MOZ_MACBUNDLE_NAME": "Firefox.app",
            "MOZ_MAINTENANCE_SERVICE": false,
            "MOZ_MOZILLA_API_KEY": "3b4d27dd-703d-4094-8398-4de2c763505a",
            "MOZ_NEW_CERT_STORAGE": false,
            "MOZ_NEW_NOTIFICATION_STORE": false,
            "MOZ_NEW_XULSTORE": false,
            "MOZ_OFFICIAL_BRANDING": false,
            "MOZ_PLACES": false,
            "MOZ_REQUIRE_SIGNING": false,
            "MOZ_SANDBOX": false,
            "MOZ_SERVICES_HEALTHREPORT": true,
            "MOZ_SERVICES_SYNC": false,
            "MOZ_SWITCHBOARD": true,
            "MOZ_SYSTEM_NSS": false,
            "MOZ_TELEMETRY_ON_BY_DEFAULT": false,
            "MOZ_TELEMETRY_REPORTING": true,
            "MOZ_UNSIGNED_SCOPES": 0,
            "MOZ_UPDATER": false,
            "MOZ_UPDATE_CHANNEL": "release",
            "MOZ_WEBRTC": true,
            "MOZ_WIDGET_GTK": false,
            "MOZ_WIDGET_TOOLKIT": "android",
            "NIGHTLY_BUILD": false,
            "OMNIJAR_NAME": "assets/omni.ja",
            "RELEASE_OR_BETA": true,
            "SOURCE_REVISION_URL": "https://hg.mozilla.org/releases/mozilla-esr68/rev/d2e0b9e17b9bc1ef02606c8006b73293f7892ad5",
            "TELEMETRY_PING_FORMAT_VERSION": 4,
            "XP_UNIX": true,
            "isPlatformAndVersionAtLeast": {},
            "isPlatformAndVersionAtMost": {},
            "platform": "android"
          },
          "userAgent": "Mozilla/5.0 (Android 8.1.0; Mobile; rv:68.0) Gecko/68.0 Firefox/68.0",
          "windowSize": "360x560"
        },
        "pageinfo": {
          "documentHeight": 5078,
          "documentSize": {
            "decodedBodySize": 113761,
            "encodedBodySize": 22244,
            "transferSize": 23477
          },
          "documentTitle": "Office 365 Login | Microsoft Office",
          "documentWidth": 360,
          "domElements": 595,
          "navigationStartTime": 1617056933798,
          "nextHopProtocol": "h2",
          "resources": {
            "count": 0,
            "duration": 0
          },
          "responsive": true,
          "url": "https://www.office.com/",
          "visualElements": {
            "heroes": [
              {
                "filename": "hero-xxl-b79c4b74fa.jpg",
                "height": 202,
                "name": "LargestImage",
                "width": 360,
                "x": 0,
                "y": 512
              },
              {
                "filename": null,
                "height": 46,
                "name": "Heading",
                "width": 308,
                "x": 26,
                "y": 178
              }
            ],
            "viewport": {
              "height": 560,
              "width": 360
            }
          }
        },
        "timings": {
          "firstPaint": 1011,
          "loadEventEnd": 3339,
          "navigationTiming": {
            "connectStart": 11,
            "domComplete": 3327,
            "domContentLoadedEventEnd": 1192,
            "domContentLoadedEventStart": 1041,
            "domInteractive": 969,
            "domainLookupEnd": 11,
            "domainLookupStart": 5,
            "duration": 3339,
            "fetchStart": 2,
            "loadEventEnd": 3339,
            "loadEventStart": 3327,
            "redirectEnd": 0,
            "redirectStart": 0,
            "requestStart": 145,
            "responseEnd": 204,
            "responseStart": 194,
            "secureConnectionStart": 26,
            "startTime": 0,
            "unloadEventEnd": 0,
            "unloadEventStart": 0,
            "workerStart": 0
          },
          "pageTimings": {
            "backEndTime": 194,
            "domContentLoadedTime": 1041,
            "domInteractiveTime": 969,
            "domainLookupTime": 6,
            "frontEndTime": 3123,
            "pageDownloadTime": 10,
            "pageLoadTime": 3327,
            "redirectionTime": 0,
            "serverConnectionTime": 133,
            "serverResponseTime": 59
          },
          "rumSpeedIndex": 194,
          "timeToContentfulPaint": 1761,
          "timeToDomContentFlushed": 992,
          "userTimings": {
            "marks": [],
            "measures": []
          }
        }
      },
      {
        "browser": {
          "appConstants": {
            "ACCESSIBILITY": true,
            "ANDROID_PACKAGE_NAME": "org.mozilla.firefox",
            "ASAN": false,
            "ASAN_REPORTER": false,
            "BROWSER_CHROME_URL": "chrome://browser/content/browser.xul",
            "DEBUG": false,
            "DEBUG_JS_MODULES": "",
            "DLL_PREFIX": "lib",
            "DLL_SUFFIX": ".so",
            "EARLY_BETA_OR_EARLIER": false,
            "FENNEC_NIGHTLY": false,
            "HAVE_SHELL_SERVICE": false,
            "HAVE_USR_LIB64_DIR": false,
            "MENUBAR_CAN_AUTOHIDE": false,
            "MOZILLA_OFFICIAL": true,
            "MOZ_ALLOW_LEGACY_EXTENSIONS": false,
            "MOZ_ANDROID_ACTIVITY_STREAM": false,
            "MOZ_ANDROID_HISTORY": true,
            "MOZ_ANDROID_MOZILLA_ONLINE": false,
            "MOZ_APP_NAME": "fennec",
            "MOZ_APP_VERSION": "68.1.1",
            "MOZ_APP_VERSION_DISPLAY": "68.1.1",
            "MOZ_BING_API_CLIENTID": "no-bing-api-clientid",
            "MOZ_BING_API_KEY": "no-bing-api-key",
            "MOZ_BITS_DOWNLOAD": false,
            "MOZ_BUILD_APP": "mobile/android",
            "MOZ_CODE_COVERAGE": false,
            "MOZ_CRASHREPORTER": true,
            "MOZ_DATA_REPORTING": true,
            "MOZ_DEV_EDITION": false,
            "MOZ_GECKO_PROFILER": true,
            "MOZ_GOOGLE_LOCATION_SERVICE_API_KEY": "AIzaSyB2h2OuRcUgy5N-5hsZqiPW6sH3n_rptiQ",
            "MOZ_GOOGLE_SAFEBROWSING_API_KEY": "AIzaSyC7jsptDS3am4tPx4r3nxis7IMjBc5Dovo",
            "MOZ_GRAPHENE": false,
            "MOZ_MACBUNDLE_NAME": "Firefox.app",
            "MOZ_MAINTENANCE_SERVICE": false,
            "MOZ_MOZILLA_API_KEY": "3b4d27dd-703d-4094-8398-4de2c763505a",
            "MOZ_NEW_CERT_STORAGE": false,
            "MOZ_NEW_NOTIFICATION_STORE": false,
            "MOZ_NEW_XULSTORE": false,
            "MOZ_OFFICIAL_BRANDING": false,
            "MOZ_PLACES": false,
            "MOZ_REQUIRE_SIGNING": false,
            "MOZ_SANDBOX": false,
            "MOZ_SERVICES_HEALTHREPORT": true,
            "MOZ_SERVICES_SYNC": false,
            "MOZ_SWITCHBOARD": true,
            "MOZ_SYSTEM_NSS": false,
            "MOZ_TELEMETRY_ON_BY_DEFAULT": false,
            "MOZ_TELEMETRY_REPORTING": true,
            "MOZ_UNSIGNED_SCOPES": 0,
            "MOZ_UPDATER": false,
            "MOZ_UPDATE_CHANNEL": "release",
            "MOZ_WEBRTC": true,
            "MOZ_WIDGET_GTK": false,
            "MOZ_WIDGET_TOOLKIT": "android",
            "NIGHTLY_BUILD": false,
            "OMNIJAR_NAME": "assets/omni.ja",
            "RELEASE_OR_BETA": true,
            "SOURCE_REVISION_URL": "https://hg.mozilla.org/releases/mozilla-esr68/rev/d2e0b9e17b9bc1ef02606c8006b73293f7892ad5",
            "TELEMETRY_PING_FORMAT_VERSION": 4,
            "XP_UNIX": true,
            "isPlatformAndVersionAtLeast": {},
            "isPlatformAndVersionAtMost": {},
            "platform": "android"
          },
          "asyncAppConstants": {
            "ACCESSIBILITY": true,
            "ANDROID_PACKAGE_NAME": "org.mozilla.firefox",
            "ASAN": false,
            "ASAN_REPORTER": false,
            "BROWSER_CHROME_URL": "chrome://browser/content/browser.xul",
            "DEBUG": false,
            "DEBUG_JS_MODULES": "",
            "DLL_PREFIX": "lib",
            "DLL_SUFFIX": ".so",
            "EARLY_BETA_OR_EARLIER": false,
            "FENNEC_NIGHTLY": false,
            "HAVE_SHELL_SERVICE": false,
            "HAVE_USR_LIB64_DIR": false,
            "MENUBAR_CAN_AUTOHIDE": false,
            "MOZILLA_OFFICIAL": true,
            "MOZ_ALLOW_LEGACY_EXTENSIONS": false,
            "MOZ_ANDROID_ACTIVITY_STREAM": false,
            "MOZ_ANDROID_HISTORY": true,
            "MOZ_ANDROID_MOZILLA_ONLINE": false,
            "MOZ_APP_NAME": "fennec",
            "MOZ_APP_VERSION": "68.1.1",
            "MOZ_APP_VERSION_DISPLAY": "68.1.1",
            "MOZ_BING_API_CLIENTID": "no-bing-api-clientid",
            "MOZ_BING_API_KEY": "no-bing-api-key",
            "MOZ_BITS_DOWNLOAD": false,
            "MOZ_BUILD_APP": "mobile/android",
            "MOZ_CODE_COVERAGE": false,
            "MOZ_CRASHREPORTER": true,
            "MOZ_DATA_REPORTING": true,
            "MOZ_DEV_EDITION": false,
            "MOZ_GECKO_PROFILER": true,
            "MOZ_GOOGLE_LOCATION_SERVICE_API_KEY": "AIzaSyB2h2OuRcUgy5N-5hsZqiPW6sH3n_rptiQ",
            "MOZ_GOOGLE_SAFEBROWSING_API_KEY": "AIzaSyC7jsptDS3am4tPx4r3nxis7IMjBc5Dovo",
            "MOZ_GRAPHENE": false,
            "MOZ_MACBUNDLE_NAME": "Firefox.app",
            "MOZ_MAINTENANCE_SERVICE": false,
            "MOZ_MOZILLA_API_KEY": "3b4d27dd-703d-4094-8398-4de2c763505a",
            "MOZ_NEW_CERT_STORAGE": false,
            "MOZ_NEW_NOTIFICATION_STORE": false,
            "MOZ_NEW_XULSTORE": false,
            "MOZ_OFFICIAL_BRANDING": false,
            "MOZ_PLACES": false,
            "MOZ_REQUIRE_SIGNING": false,
            "MOZ_SANDBOX": false,
            "MOZ_SERVICES_HEALTHREPORT": true,
            "MOZ_SERVICES_SYNC": false,
            "MOZ_SWITCHBOARD": true,
            "MOZ_SYSTEM_NSS": false,
            "MOZ_TELEMETRY_ON_BY_DEFAULT": false,
            "MOZ_TELEMETRY_REPORTING": true,
            "MOZ_UNSIGNED_SCOPES": 0,
            "MOZ_UPDATER": false,
            "MOZ_UPDATE_CHANNEL": "release",
            "MOZ_WEBRTC": true,
            "MOZ_WIDGET_GTK": false,
            "MOZ_WIDGET_TOOLKIT": "android",
            "NIGHTLY_BUILD": false,
            "OMNIJAR_NAME": "assets/omni.ja",
            "RELEASE_OR_BETA": true,
            "SOURCE_REVISION_URL": "https://hg.mozilla.org/releases/mozilla-esr68/rev/d2e0b9e17b9bc1ef02606c8006b73293f7892ad5",
            "TELEMETRY_PING_FORMAT_VERSION": 4,
            "XP_UNIX": true,
            "isPlatformAndVersionAtLeast": {},
            "isPlatformAndVersionAtMost": {},
            "platform": "android"
          },
          "userAgent": "Mozilla/5.0 (Android 8.1.0; Mobile; rv:68.0) Gecko/68.0 Firefox/68.0",
          "windowSize": "360x560"
        },
        "pageinfo": {
          "documentHeight": 5078,
          "documentSize": {
            "decodedBodySize": 113753,
            "encodedBodySize": 22216,
            "transferSize": 23449
          },
          "documentTitle": "Office 365 Login | Microsoft Office",
          "documentWidth": 360,
          "domElements": 595,
          "navigationStartTime": 1617056956448,
          "nextHopProtocol": "h2",
          "resources": {
            "count": 0,
            "duration": 0
          },
          "responsive": true,
          "url": "https://www.office.com/",
          "visualElements": {
            "heroes": [
              {
                "filename": "hero-xxl-b79c4b74fa.jpg",
                "height": 202,
                "name": "LargestImage",
                "width": 360,
                "x": 0,
                "y": 512
              },
              {
                "filename": null,
                "height": 46,
                "name": "Heading",
                "width": 308,
                "x": 26,
                "y": 178
              }
            ],
            "viewport": {
              "height": 560,
              "width": 360
            }
          }
        },
        "timings": {
          "firstPaint": 1140,
          "loadEventEnd": 4466,
          "navigationTiming": {
            "connectStart": 41,
            "domComplete": 4456,
            "domContentLoadedEventEnd": 1314,
            "domContentLoadedEventStart": 1164,
            "domInteractive": 1094,
            "domainLookupEnd": 41,
            "domainLookupStart": 41,
            "duration": 4466,
            "fetchStart": 3,
            "loadEventEnd": 4466,
            "loadEventStart": 4456,
            "redirectEnd": 0,
            "redirectStart": 0,
            "requestStart": 187,
            "responseEnd": 244,
            "responseStart": 237,
            "secureConnectionStart": 54,
            "startTime": 0,
            "unloadEventEnd": 0,
            "unloadEventStart": 0,
            "workerStart": 0
          },
          "pageTimings": {
            "backEndTime": 237,
            "domContentLoadedTime": 1164,
            "domInteractiveTime": 1094,
            "domainLookupTime": 0,
            "frontEndTime": 4212,
            "pageDownloadTime": 7,
            "pageLoadTime": 4456,
            "redirectionTime": 0,
            "serverConnectionTime": 144,
            "serverResponseTime": 57
          },
          "rumSpeedIndex": 236,
          "timeToContentfulPaint": 1824,
          "timeToDomContentFlushed": 1118,
          "userTimings": {
            "marks": [],
            "measures": []
          }
        }
      },
      {
        "browser": {
          "appConstants": {
            "ACCESSIBILITY": true,
            "ANDROID_PACKAGE_NAME": "org.mozilla.firefox",
            "ASAN": false,
            "ASAN_REPORTER": false,
            "BROWSER_CHROME_URL": "chrome://browser/content/browser.xul",
            "DEBUG": false,
            "DEBUG_JS_MODULES": "",
            "DLL_PREFIX": "lib",
            "DLL_SUFFIX": ".so",
            "EARLY_BETA_OR_EARLIER": false,
            "FENNEC_NIGHTLY": false,
            "HAVE_SHELL_SERVICE": false,
            "HAVE_USR_LIB64_DIR": false,
            "MENUBAR_CAN_AUTOHIDE": false,
            "MOZILLA_OFFICIAL": true,
            "MOZ_ALLOW_LEGACY_EXTENSIONS": false,
            "MOZ_ANDROID_ACTIVITY_STREAM": false,
            "MOZ_ANDROID_HISTORY": true,
            "MOZ_ANDROID_MOZILLA_ONLINE": false,
            "MOZ_APP_NAME": "fennec",
            "MOZ_APP_VERSION": "68.1.1",
            "MOZ_APP_VERSION_DISPLAY": "68.1.1",
            "MOZ_BING_API_CLIENTID": "no-bing-api-clientid",
            "MOZ_BING_API_KEY": "no-bing-api-key",
            "MOZ_BITS_DOWNLOAD": false,
            "MOZ_BUILD_APP": "mobile/android",
            "MOZ_CODE_COVERAGE": false,
            "MOZ_CRASHREPORTER": true,
            "MOZ_DATA_REPORTING": true,
            "MOZ_DEV_EDITION": false,
            "MOZ_GECKO_PROFILER": true,
            "MOZ_GOOGLE_LOCATION_SERVICE_API_KEY": "AIzaSyB2h2OuRcUgy5N-5hsZqiPW6sH3n_rptiQ",
            "MOZ_GOOGLE_SAFEBROWSING_API_KEY": "AIzaSyC7jsptDS3am4tPx4r3nxis7IMjBc5Dovo",
            "MOZ_GRAPHENE": false,
            "MOZ_MACBUNDLE_NAME": "Firefox.app",
            "MOZ_MAINTENANCE_SERVICE": false,
            "MOZ_MOZILLA_API_KEY": "3b4d27dd-703d-4094-8398-4de2c763505a",
            "MOZ_NEW_CERT_STORAGE": false,
            "MOZ_NEW_NOTIFICATION_STORE": false,
            "MOZ_NEW_XULSTORE": false,
            "MOZ_OFFICIAL_BRANDING": false,
            "MOZ_PLACES": false,
            "MOZ_REQUIRE_SIGNING": false,
            "MOZ_SANDBOX": false,
            "MOZ_SERVICES_HEALTHREPORT": true,
            "MOZ_SERVICES_SYNC": false,
            "MOZ_SWITCHBOARD": true,
            "MOZ_SYSTEM_NSS": false,
            "MOZ_TELEMETRY_ON_BY_DEFAULT": false,
            "MOZ_TELEMETRY_REPORTING": true,
            "MOZ_UNSIGNED_SCOPES": 0,
            "MOZ_UPDATER": false,
            "MOZ_UPDATE_CHANNEL": "release",
            "MOZ_WEBRTC": true,
            "MOZ_WIDGET_GTK": false,
            "MOZ_WIDGET_TOOLKIT": "android",
            "NIGHTLY_BUILD": false,
            "OMNIJAR_NAME": "assets/omni.ja",
            "RELEASE_OR_BETA": true,
            "SOURCE_REVISION_URL": "https://hg.mozilla.org/releases/mozilla-esr68/rev/d2e0b9e17b9bc1ef02606c8006b73293f7892ad5",
            "TELEMETRY_PING_FORMAT_VERSION": 4,
            "XP_UNIX": true,
            "isPlatformAndVersionAtLeast": {},
            "isPlatformAndVersionAtMost": {},
            "platform": "android"
          },
          "asyncAppConstants": {
            "ACCESSIBILITY": true,
            "ANDROID_PACKAGE_NAME": "org.mozilla.firefox",
            "ASAN": false,
            "ASAN_REPORTER": false,
            "BROWSER_CHROME_URL": "chrome://browser/content/browser.xul",
            "DEBUG": false,
            "DEBUG_JS_MODULES": "",
            "DLL_PREFIX": "lib",
            "DLL_SUFFIX": ".so",
            "EARLY_BETA_OR_EARLIER": false,
            "FENNEC_NIGHTLY": false,
            "HAVE_SHELL_SERVICE": false,
            "HAVE_USR_LIB64_DIR": false,
            "MENUBAR_CAN_AUTOHIDE": false,
            "MOZILLA_OFFICIAL": true,
            "MOZ_ALLOW_LEGACY_EXTENSIONS": false,
            "MOZ_ANDROID_ACTIVITY_STREAM": false,
            "MOZ_ANDROID_HISTORY": true,
            "MOZ_ANDROID_MOZILLA_ONLINE": false,
            "MOZ_APP_NAME": "fennec",
            "MOZ_APP_VERSION": "68.1.1",
            "MOZ_APP_VERSION_DISPLAY": "68.1.1",
            "MOZ_BING_API_CLIENTID": "no-bing-api-clientid",
            "MOZ_BING_API_KEY": "no-bing-api-key",
            "MOZ_BITS_DOWNLOAD": false,
            "MOZ_BUILD_APP": "mobile/android",
            "MOZ_CODE_COVERAGE": false,
            "MOZ_CRASHREPORTER": true,
            "MOZ_DATA_REPORTING": true,
            "MOZ_DEV_EDITION": false,
            "MOZ_GECKO_PROFILER": true,
            "MOZ_GOOGLE_LOCATION_SERVICE_API_KEY": "AIzaSyB2h2OuRcUgy5N-5hsZqiPW6sH3n_rptiQ",
            "MOZ_GOOGLE_SAFEBROWSING_API_KEY": "AIzaSyC7jsptDS3am4tPx4r3nxis7IMjBc5Dovo",
            "MOZ_GRAPHENE": false,
            "MOZ_MACBUNDLE_NAME": "Firefox.app",
            "MOZ_MAINTENANCE_SERVICE": false,
            "MOZ_MOZILLA_API_KEY": "3b4d27dd-703d-4094-8398-4de2c763505a",
            "MOZ_NEW_CERT_STORAGE": false,
            "MOZ_NEW_NOTIFICATION_STORE": false,
            "MOZ_NEW_XULSTORE": false,
            "MOZ_OFFICIAL_BRANDING": false,
            "MOZ_PLACES": false,
            "MOZ_REQUIRE_SIGNING": false,
            "MOZ_SANDBOX": false,
            "MOZ_SERVICES_HEALTHREPORT": true,
            "MOZ_SERVICES_SYNC": false,
            "MOZ_SWITCHBOARD": true,
            "MOZ_SYSTEM_NSS": false,
            "MOZ_TELEMETRY_ON_BY_DEFAULT": false,
            "MOZ_TELEMETRY_REPORTING": true,
            "MOZ_UNSIGNED_SCOPES": 0,
            "MOZ_UPDATER": false,
            "MOZ_UPDATE_CHANNEL": "release",
            "MOZ_WEBRTC": true,
            "MOZ_WIDGET_GTK": false,
            "MOZ_WIDGET_TOOLKIT": "android",
            "NIGHTLY_BUILD": false,
            "OMNIJAR_NAME": "assets/omni.ja",
            "RELEASE_OR_BETA": true,
            "SOURCE_REVISION_URL": "https://hg.mozilla.org/releases/mozilla-esr68/rev/d2e0b9e17b9bc1ef02606c8006b73293f7892ad5",
            "TELEMETRY_PING_FORMAT_VERSION": 4,
            "XP_UNIX": true,
            "isPlatformAndVersionAtLeast": {},
            "isPlatformAndVersionAtMost": {},
            "platform": "android"
          },
          "userAgent": "Mozilla/5.0 (Android 8.1.0; Mobile; rv:68.0) Gecko/68.0 Firefox/68.0",
          "windowSize": "360x560"
        },
        "pageinfo": {
          "documentHeight": 5078,
          "documentSize": {
            "decodedBodySize": 113720,
            "encodedBodySize": 22218,
            "transferSize": 23451
          },
          "documentTitle": "Office 365 Login | Microsoft Office",
          "documentWidth": 360,
          "domElements": 595,
          "navigationStartTime": 1617056981164,
          "nextHopProtocol": "h2",
          "resources": {
            "count": 0,
            "duration": 0
          },
          "responsive": true,
          "url": "https://www.office.com/",
          "visualElements": {
            "heroes": [
              {
                "filename": "hero-xxl-b79c4b74fa.jpg",
                "height": 202,
                "name": "LargestImage",
                "width": 360,
                "x": 0,
                "y": 512
              },
              {
                "filename": null,
                "height": 46,
                "name": "Heading",
                "width": 308,
                "x": 26,
                "y": 178
              }
            ],
            "viewport": {
              "height": 560,
              "width": 360
            }
          }
        },
        "timings": {
          "firstPaint": 1571,
          "loadEventEnd": 3527,
          "navigationTiming": {
            "connectStart": 292,
            "domComplete": 3515,
            "domContentLoadedEventEnd": 1758,
            "domContentLoadedEventStart": 1609,
            "domInteractive": 1542,
            "domainLookupEnd": 292,
            "domainLookupStart": 292,
            "duration": 3527,
            "fetchStart": 3,
            "loadEventEnd": 3527,
            "loadEventStart": 3515,
            "redirectEnd": 0,
            "redirectStart": 0,
            "requestStart": 460,
            "responseEnd": 515,
            "responseStart": 509,
            "secureConnectionStart": 320,
            "startTime": 0,
            "unloadEventEnd": 0,
            "unloadEventStart": 0,
            "workerStart": 0
          },
          "pageTimings": {
            "backEndTime": 509,
            "domContentLoadedTime": 1609,
            "domInteractiveTime": 1542,
            "domainLookupTime": 0,
            "frontEndTime": 2999,
            "pageDownloadTime": 6,
            "pageLoadTime": 3515,
            "redirectionTime": 0,
            "serverConnectionTime": 167,
            "serverResponseTime": 55
          },
          "rumSpeedIndex": 509,
          "timeToContentfulPaint": 2478,
          "timeToDomContentFlushed": 1564,
          "userTimings": {
            "marks": [],
            "measures": []
          }
        }
      }
    ],
    "visualMetrics": [],
    "cpu": [],
    "extras": [
      {},
      {},
      {}
    ],
    "fullyLoaded": [],
    "errors": [
      [],
      [],
      []
    ],
    "statistics": {
      "browser": {
        "appConstants": {
          "MOZ_UNSIGNED_SCOPES": {
            "median": 0,
            "mean": 0,
            "mdev": 0,
            "stddev": 0,
            "min": 0,
            "p10": 0,
            "p90": 0,
            "p99": 0,
            "max": 0
          },
          "TELEMETRY_PING_FORMAT_VERSION": {
            "median": 4,
            "mean": 4,
            "mdev": 0,
            "stddev": 0,
            "min": 4,
            "p10": 4,
            "p90": 4,
            "p99": 4,
            "max": 4
          }
        },
        "asyncAppConstants": {
          "MOZ_UNSIGNED_SCOPES": {
            "median": 0,
            "mean": 0,
            "mdev": 0,
            "stddev": 0,
            "min": 0,
            "p10": 0,
            "p90": 0,
            "p99": 0,
            "max": 0
          },
          "TELEMETRY_PING_FORMAT_VERSION": {
            "median": 4,
            "mean": 4,
            "mdev": 0,
            "stddev": 0,
            "min": 4,
            "p10": 4,
            "p90": 4,
            "p99": 4,
            "max": 4
          }
        }
      },
      "pageinfo": {
        "documentHeight": {
          "median": 5078,
          "mean": 5078,
          "mdev": 0,
          "stddev": 0,
          "min": 5078,
          "p10": 5078,
          "p90": 5078,
          "p99": 5078,
          "max": 5078
        },
        "documentSize": {
          "decodedBodySize": {
            "median": 113753,
            "mean": 113745,
            "mdev": 10.2451,
            "stddev": 18,
            "min": 113720,
            "p10": 113720,
            "p90": 113761,
            "p99": 113761,
            "max": 113761
          },
          "encodedBodySize": {
            "median": 22218,
            "mean": 22226,
            "mdev": 7.3636,
            "stddev": 13,
            "min": 22216,
            "p10": 22216,
            "p90": 22244,
            "p99": 22244,
            "max": 22244
          },
          "transferSize": {
            "median": 23451,
            "mean": 23459,
            "mdev": 7.3636,
            "stddev": 13,
            "min": 23449,
            "p10": 23449,
            "p90": 23477,
            "p99": 23477,
            "max": 23477
          }
        },
        "documentWidth": {
          "median": 360,
          "mean": 360,
          "mdev": 0,
          "stddev": 0,
          "min": 360,
          "p10": 360,
          "p90": 360,
          "p99": 360,
          "max": 360
        },
        "domElements": {
          "median": 595,
          "mean": 595,
          "mdev": 0,
          "stddev": 0,
          "min": 595,
          "p10": 595,
          "p90": 595,
          "p99": 595,
          "max": 595
        },
        "navigationStartTime": {
          "median": 1617056956448,
          "mean": 1617056957137,
          "mdev": 12612.4091,
          "stddev": 21845,
          "min": 1617056933798,
          "p10": 1617056933798,
          "p90": 1617056981164,
          "p99": 1617056981164,
          "max": 1617056981164
        },
        "resources": {
          "count": {
            "median": 0,
            "mean": 0,
            "mdev": 0,
            "stddev": 0,
            "min": 0,
            "p10": 0,
            "p90": 0,
            "p99": 0,
            "max": 0
          },
          "duration": {
            "median": 0,
            "mean": 0,
            "mdev": 0,
            "stddev": 0,
            "min": 0,
            "p10": 0,
            "p90": 0,
            "p99": 0,
            "max": 0
          }
        },
        "visualElements": {
          "heroes": [
            {
              "height": {
                "median": 202,
                "mean": 202,
                "mdev": 0,
                "stddev": 0,
                "min": 202,
                "p10": 202,
                "p90": 202,
                "p99": 202,
                "max": 202
              },
              "width": {
                "median": 360,
                "mean": 360,
                "mdev": 0,
                "stddev": 0,
                "min": 360,
                "p10": 360,
                "p90": 360,
                "p99": 360,
                "max": 360
              },
              "x": {
                "median": 0,
                "mean": 0,
                "mdev": 0,
                "stddev": 0,
                "min": 0,
                "p10": 0,
                "p90": 0,
                "p99": 0,
                "max": 0
              },
              "y": {
                "median": 512,
                "mean": 512,
                "mdev": 0,
                "stddev": 0,
                "min": 512,
                "p10": 512,
                "p90": 512,
                "p99": 512,
                "max": 512
              }
            },
            {
              "height": {
                "median": 46,
                "mean": 46,
                "mdev": 0,
                "stddev": 0,
                "min": 46,
                "p10": 46,
                "p90": 46,
                "p99": 46,
                "max": 46
              },
              "width": {
                "median": 308,
                "mean": 308,
                "mdev": 0,
                "stddev": 0,
                "min": 308,
                "p10": 308,
                "p90": 308,
                "p99": 308,
                "max": 308
              },
              "x": {
                "median": 26,
                "mean": 26,
                "mdev": 0,
                "stddev": 0,
                "min": 26,
                "p10": 26,
                "p90": 26,
                "p99": 26,
                "max": 26
              },
              "y": {
                "median": 178,
                "mean": 178,
                "mdev": 0,
                "stddev": 0,
                "min": 178,
                "p10": 178,
                "p90": 178,
                "p99": 178,
                "max": 178
              }
            }
          ],
          "viewport": {
            "height": {
              "median": 560,
              "mean": 560,
              "mdev": 0,
              "stddev": 0,
              "min": 560,
              "p10": 560,
              "p90": 560,
              "p99": 560,
              "max": 560
            },
            "width": {
              "median": 360,
              "mean": 360,
              "mdev": 0,
              "stddev": 0,
              "min": 360,
              "p10": 360,
              "p90": 360,
              "p99": 360,
              "max": 360
            }
          }
        }
      },
      "timings": {
        "firstPaint": {
          "median": 1140,
          "mean": 1241,
          "mdev": 138.2432,
          "stddev": 239,
          "min": 1011,
          "p10": 1011,
          "p90": 1571,
          "p99": 1571,
          "max": 1571
        },
        "loadEventEnd": {
          "median": 3527,
          "mean": 3777,
          "mdev": 284.6176,
          "stddev": 493,
          "min": 3339,
          "p10": 3339,
          "p90": 4466,
          "p99": 4466,
          "max": 4466
        },
        "navigationTiming": {
          "connectStart": {
            "median": 41,
            "mean": 115,
            "mdev": 72.7405,
            "stddev": 126,
            "min": 11,
            "p10": 11,
            "p90": 292,
            "p99": 292,
            "max": 292
          },
          "domComplete": {
            "median": 3515,
            "mean": 3766,
            "mdev": 285.1553,
            "stddev": 494,
            "min": 3327,
            "p10": 3327,
            "p90": 4456,
            "p99": 4456,
            "max": 4456
          },
          "domContentLoadedEventEnd": {
            "median": 1314,
            "mean": 1421,
            "mdev": 140.4195,
            "stddev": 243,
            "min": 1192,
            "p10": 1192,
            "p90": 1758,
            "p99": 1758,
            "max": 1758
          },
          "domContentLoadedEventStart": {
            "median": 1164,
            "mean": 1271,
            "mdev": 140.8674,
            "stddev": 244,
            "min": 1041,
            "p10": 1041,
            "p90": 1609,
            "p99": 1609,
            "max": 1609
          },
          "domInteractive": {
            "median": 1094,
            "mean": 1202,
            "mdev": 142.03,
            "stddev": 246,
            "min": 969,
            "p10": 969,
            "p90": 1542,
            "p99": 1542,
            "max": 1542
          },
          "domainLookupEnd": {
            "median": 41,
            "mean": 115,
            "mdev": 72.7405,
            "stddev": 126,
            "min": 11,
            "p10": 11,
            "p90": 292,
            "p99": 292,
            "max": 292
          },
          "domainLookupStart": {
            "median": 41,
            "mean": 113,
            "mdev": 73.7026,
            "stddev": 128,
            "min": 5,
            "p10": 5,
            "p90": 292,
            "p99": 292,
            "max": 292
          },
          "duration": {
            "median": 3527,
            "mean": 3777,
            "mdev": 284.6176,
            "stddev": 493,
            "min": 3339,
            "p10": 3339,
            "p90": 4466,
            "p99": 4466,
            "max": 4466
          },
          "fetchStart": {
            "median": 3,
            "mean": 3,
            "mdev": 0.2722,
            "stddev": 0,
            "min": 2,
            "p10": 2,
            "p90": 3,
            "p99": 3,
            "max": 3
          },
          "loadEventEnd": {
            "median": 3527,
            "mean": 3777,
            "mdev": 284.6176,
            "stddev": 493,
            "min": 3339,
            "p10": 3339,
            "p90": 4466,
            "p99": 4466,
            "max": 4466
          },
          "loadEventStart": {
            "median": 3515,
            "mean": 3766,
            "mdev": 285.1553,
            "stddev": 494,
            "min": 3327,
            "p10": 3327,
            "p90": 4456,
            "p99": 4456,
            "max": 4456
          },
          "redirectEnd": {
            "median": 0,
            "mean": 0,
            "mdev": 0,
            "stddev": 0,
            "min": 0,
            "p10": 0,
            "p90": 0,
            "p99": 0,
            "max": 0
          },
          "redirectStart": {
            "median": 0,
            "mean": 0,
            "mdev": 0,
            "stddev": 0,
            "min": 0,
            "p10": 0,
            "p90": 0,
            "p99": 0,
            "max": 0
          },
          "requestStart": {
            "median": 187,
            "mean": 264,
            "mdev": 80.6267,
            "stddev": 140,
            "min": 145,
            "p10": 145,
            "p90": 460,
            "p99": 460,
            "max": 460
          },
          "responseEnd": {
            "median": 244,
            "mean": 321,
            "mdev": 79.7594,
            "stddev": 138,
            "min": 204,
            "p10": 204,
            "p90": 515,
            "p99": 515,
            "max": 515
          },
          "responseStart": {
            "median": 237,
            "mean": 313,
            "mdev": 80.521,
            "stddev": 139,
            "min": 194,
            "p10": 194,
            "p90": 509,
            "p99": 509,
            "max": 509
          },
          "secureConnectionStart": {
            "median": 54,
            "mean": 133,
            "mdev": 76.4916,
            "stddev": 132,
            "min": 26,
            "p10": 26,
            "p90": 320,
            "p99": 320,
            "max": 320
          },
          "startTime": {
            "median": 0,
            "mean": 0,
            "mdev": 0,
            "stddev": 0,
            "min": 0,
            "p10": 0,
            "p90": 0,
            "p99": 0,
            "max": 0
          },
          "unloadEventEnd": {
            "median": 0,
            "mean": 0,
            "mdev": 0,
            "stddev": 0,
            "min": 0,
            "p10": 0,
            "p90": 0,
            "p99": 0,
            "max": 0
          },
          "unloadEventStart": {
            "median": 0,
            "mean": 0,
            "mdev": 0,
            "stddev": 0,
            "min": 0,
            "p10": 0,
            "p90": 0,
            "p99": 0,
            "max": 0
          },
          "workerStart": {
            "median": 0,
            "mean": 0,
            "mdev": 0,
            "stddev": 0,
            "min": 0,
            "p10": 0,
            "p90": 0,
            "p99": 0,
            "max": 0
          }
        },
        "pageTimings": {
          "backEndTime": {
            "median": 237,
            "mean": 313,
            "mdev": 80.521,
            "stddev": 139,
            "min": 194,
            "p10": 194,
            "p90": 509,
            "p99": 509,
            "max": 509
          },
          "domContentLoadedTime": {
            "median": 1164,
            "mean": 1271,
            "mdev": 140.8674,
            "stddev": 244,
            "min": 1041,
            "p10": 1041,
            "p90": 1609,
            "p99": 1609,
            "max": 1609
          },
          "domInteractiveTime": {
            "median": 1094,
            "mean": 1202,
            "mdev": 142.03,
            "stddev": 246,
            "min": 969,
            "p10": 969,
            "p90": 1542,
            "p99": 1542,
            "max": 1542
          },
          "domainLookupTime": {
            "median": 0,
            "mean": 2,
            "mdev": 1.633,
            "stddev": 3,
            "min": 0,
            "p10": 0,
            "p90": 6,
            "p99": 6,
            "max": 6
          },
          "frontEndTime": {
            "median": 3123,
            "mean": 3445,
            "mdev": 314.623,
            "stddev": 545,
            "min": 2999,
            "p10": 2999,
            "p90": 4212,
            "p99": 4212,
            "max": 4212
          },
          "pageDownloadTime": {
            "median": 7,
            "mean": 8,
            "mdev": 0.9813,
            "stddev": 2,
            "min": 6,
            "p10": 6,
            "p90": 10,
            "p99": 10,
            "max": 10
          },
          "pageLoadTime": {
            "median": 3515,
            "mean": 3766,
            "mdev": 285.1553,
            "stddev": 494,
            "min": 3327,
            "p10": 3327,
            "p90": 4456,
            "p99": 4456,
            "max": 4456
          },
          "redirectionTime": {
            "median": 0,
            "mean": 0,
            "mdev": 0,
            "stddev": 0,
            "min": 0,
            "p10": 0,
            "p90": 0,
            "p99": 0,
            "max": 0
          },
          "serverConnectionTime": {
            "median": 144,
            "mean": 148,
            "mdev": 8.1786,
            "stddev": 14,
            "min": 133,
            "p10": 133,
            "p90": 167,
            "p99": 167,
            "max": 167
          },
          "serverResponseTime": {
            "median": 57,
            "mean": 57,
            "mdev": 0.9428,
            "stddev": 2,
            "min": 55,
            "p10": 55,
            "p90": 59,
            "p99": 59,
            "max": 59
          }
        },
        "rumSpeedIndex": {
          "median": 236,
          "mean": 313,
          "mdev": 80.6267,
          "stddev": 140,
          "min": 194,
          "p10": 194,
          "p90": 509,
          "p99": 509,
          "max": 509
        },
        "timeToContentfulPaint": {
          "median": 1824,
          "mean": 2021,
          "mdev": 187.1595,
          "stddev": 324,
          "min": 1761,
          "p10": 1761,
          "p90": 2478,
          "p99": 2478,
          "max": 2478
        },
        "timeToDomContentFlushed": {
          "median": 1118,
          "mean": 1225,
          "mdev": 141.6799,
          "stddev": 245,
          "min": 992,
          "p10": 992,
          "p90": 1564,
          "p99": 1564,
          "max": 1564
        }
      }
    }
  }
]