[
  {
    "info": {
      "browsertime": {
        "version": "8.4.0"
      },
      "url": "http://www.detik.com/",
      "timestamp": "2021-03-30T22:51:51+04:00",
      "connectivity": {
        "engine": "external",
        "profile": "native"
      },
      "extra": {}
    },
    "files": {
      "video": [],
      "screenshot": [],
      "timeline": [],
      "consoleLog": [],
      "netLog": [],
      "perfLog": []
    },
    "cdp": {
      "performance": []
    },
    "timestamps": [
      "2021-03-30T22:50:44+04:00",
      "2021-03-30T22:51:58+04:00",
      "2021-03-30T22:52:40+04:00"
    ],
    "browserScripts": [
      {
        "browser": {
          "appConstants": {
            "ACCESSIBILITY": true,
            "ANDROID_PACKAGE_NAME": "org.mozilla.firefox",
            "ASAN": false,
            "ASAN_REPORTER": false,
            "BROWSER_CHROME_URL": "chrome://browser/content/browser.xul",
            "DEBUG": false,
            "DEBUG_JS_MODULES": "",
            "DLL_PREFIX": "lib",
            "DLL_SUFFIX": ".so",
            "EARLY_BETA_OR_EARLIER": false,
            "FENNEC_NIGHTLY": false,
            "HAVE_SHELL_SERVICE": false,
            "HAVE_USR_LIB64_DIR": false,
            "MENUBAR_CAN_AUTOHIDE": false,
            "MOZILLA_OFFICIAL": true,
            "MOZ_ALLOW_LEGACY_EXTENSIONS": false,
            "MOZ_ANDROID_ACTIVITY_STREAM": false,
            "MOZ_ANDROID_HISTORY": true,
            "MOZ_ANDROID_MOZILLA_ONLINE": false,
            "MOZ_APP_NAME": "fennec",
            "MOZ_APP_VERSION": "68.1.1",
            "MOZ_APP_VERSION_DISPLAY": "68.1.1",
            "MOZ_BING_API_CLIENTID": "no-bing-api-clientid",
            "MOZ_BING_API_KEY": "no-bing-api-key",
            "MOZ_BITS_DOWNLOAD": false,
            "MOZ_BUILD_APP": "mobile/android",
            "MOZ_CODE_COVERAGE": false,
            "MOZ_CRASHREPORTER": true,
            "MOZ_DATA_REPORTING": true,
            "MOZ_DEV_EDITION": false,
            "MOZ_GECKO_PROFILER": true,
            "MOZ_GOOGLE_LOCATION_SERVICE_API_KEY": "AIzaSyB2h2OuRcUgy5N-5hsZqiPW6sH3n_rptiQ",
            "MOZ_GOOGLE_SAFEBROWSING_API_KEY": "AIzaSyC7jsptDS3am4tPx4r3nxis7IMjBc5Dovo",
            "MOZ_GRAPHENE": false,
            "MOZ_MACBUNDLE_NAME": "Firefox.app",
            "MOZ_MAINTENANCE_SERVICE": false,
            "MOZ_MOZILLA_API_KEY": "3b4d27dd-703d-4094-8398-4de2c763505a",
            "MOZ_NEW_CERT_STORAGE": false,
            "MOZ_NEW_NOTIFICATION_STORE": false,
            "MOZ_NEW_XULSTORE": false,
            "MOZ_OFFICIAL_BRANDING": false,
            "MOZ_PLACES": false,
            "MOZ_REQUIRE_SIGNING": false,
            "MOZ_SANDBOX": false,
            "MOZ_SERVICES_HEALTHREPORT": true,
            "MOZ_SERVICES_SYNC": false,
            "MOZ_SWITCHBOARD": true,
            "MOZ_SYSTEM_NSS": false,
            "MOZ_TELEMETRY_ON_BY_DEFAULT": false,
            "MOZ_TELEMETRY_REPORTING": true,
            "MOZ_UNSIGNED_SCOPES": 0,
            "MOZ_UPDATER": false,
            "MOZ_UPDATE_CHANNEL": "release",
            "MOZ_WEBRTC": true,
            "MOZ_WIDGET_GTK": false,
            "MOZ_WIDGET_TOOLKIT": "android",
            "NIGHTLY_BUILD": false,
            "OMNIJAR_NAME": "assets/omni.ja",
            "RELEASE_OR_BETA": true,
            "SOURCE_REVISION_URL": "https://hg.mozilla.org/releases/mozilla-esr68/rev/d2e0b9e17b9bc1ef02606c8006b73293f7892ad5",
            "TELEMETRY_PING_FORMAT_VERSION": 4,
            "XP_UNIX": true,
            "isPlatformAndVersionAtLeast": {},
            "isPlatformAndVersionAtMost": {},
            "platform": "android"
          },
          "asyncAppConstants": {
            "ACCESSIBILITY": true,
            "ANDROID_PACKAGE_NAME": "org.mozilla.firefox",
            "ASAN": false,
            "ASAN_REPORTER": false,
            "BROWSER_CHROME_URL": "chrome://browser/content/browser.xul",
            "DEBUG": false,
            "DEBUG_JS_MODULES": "",
            "DLL_PREFIX": "lib",
            "DLL_SUFFIX": ".so",
            "EARLY_BETA_OR_EARLIER": false,
            "FENNEC_NIGHTLY": false,
            "HAVE_SHELL_SERVICE": false,
            "HAVE_USR_LIB64_DIR": false,
            "MENUBAR_CAN_AUTOHIDE": false,
            "MOZILLA_OFFICIAL": true,
            "MOZ_ALLOW_LEGACY_EXTENSIONS": false,
            "MOZ_ANDROID_ACTIVITY_STREAM": false,
            "MOZ_ANDROID_HISTORY": true,
            "MOZ_ANDROID_MOZILLA_ONLINE": false,
            "MOZ_APP_NAME": "fennec",
            "MOZ_APP_VERSION": "68.1.1",
            "MOZ_APP_VERSION_DISPLAY": "68.1.1",
            "MOZ_BING_API_CLIENTID": "no-bing-api-clientid",
            "MOZ_BING_API_KEY": "no-bing-api-key",
            "MOZ_BITS_DOWNLOAD": false,
            "MOZ_BUILD_APP": "mobile/android",
            "MOZ_CODE_COVERAGE": false,
            "MOZ_CRASHREPORTER": true,
            "MOZ_DATA_REPORTING": true,
            "MOZ_DEV_EDITION": false,
            "MOZ_GECKO_PROFILER": true,
            "MOZ_GOOGLE_LOCATION_SERVICE_API_KEY": "AIzaSyB2h2OuRcUgy5N-5hsZqiPW6sH3n_rptiQ",
            "MOZ_GOOGLE_SAFEBROWSING_API_KEY": "AIzaSyC7jsptDS3am4tPx4r3nxis7IMjBc5Dovo",
            "MOZ_GRAPHENE": false,
            "MOZ_MACBUNDLE_NAME": "Firefox.app",
            "MOZ_MAINTENANCE_SERVICE": false,
            "MOZ_MOZILLA_API_KEY": "3b4d27dd-703d-4094-8398-4de2c763505a",
            "MOZ_NEW_CERT_STORAGE": false,
            "MOZ_NEW_NOTIFICATION_STORE": false,
            "MOZ_NEW_XULSTORE": false,
            "MOZ_OFFICIAL_BRANDING": false,
            "MOZ_PLACES": false,
            "MOZ_REQUIRE_SIGNING": false,
            "MOZ_SANDBOX": false,
            "MOZ_SERVICES_HEALTHREPORT": true,
            "MOZ_SERVICES_SYNC": false,
            "MOZ_SWITCHBOARD": true,
            "MOZ_SYSTEM_NSS": false,
            "MOZ_TELEMETRY_ON_BY_DEFAULT": false,
            "MOZ_TELEMETRY_REPORTING": true,
            "MOZ_UNSIGNED_SCOPES": 0,
            "MOZ_UPDATER": false,
            "MOZ_UPDATE_CHANNEL": "release",
            "MOZ_WEBRTC": true,
            "MOZ_WIDGET_GTK": false,
            "MOZ_WIDGET_TOOLKIT": "android",
            "NIGHTLY_BUILD": false,
            "OMNIJAR_NAME": "assets/omni.ja",
            "RELEASE_OR_BETA": true,
            "SOURCE_REVISION_URL": "https://hg.mozilla.org/releases/mozilla-esr68/rev/d2e0b9e17b9bc1ef02606c8006b73293f7892ad5",
            "TELEMETRY_PING_FORMAT_VERSION": 4,
            "XP_UNIX": true,
            "isPlatformAndVersionAtLeast": {},
            "isPlatformAndVersionAtMost": {},
            "platform": "android"
          },
          "userAgent": "Mozilla/5.0 (Android 9; Mobile; rv:68.0) Gecko/68.0 Firefox/68.0",
          "windowSize": "360x612"
        },
        "pageinfo": {
          "documentHeight": 13021,
          "documentSize": {
            "decodedBodySize": 168195,
            "encodedBodySize": 30986,
            "transferSize": 31318
          },
          "documentTitle": "detikcom - Informasi Berita Terkini dan Terbaru Hari Ini",
          "documentWidth": 360,
          "domElements": 1717,
          "navigationStartTime": 1617130246413,
          "nextHopProtocol": "h2",
          "resources": {
            "count": 0,
            "duration": 0
          },
          "responsive": true,
          "url": "https://www.detik.com/",
          "visualElements": {
            "heroes": [
              {
                "filename": "detikedu-revisi1-mobile.gif?d=1",
                "height": 24,
                "name": "LargestImage",
                "width": 128,
                "x": 46,
                "y": 69
              },
              {
                "filename": null,
                "height": 1,
                "name": "Heading",
                "width": 1,
                "x": -1,
                "y": -1
              }
            ],
            "viewport": {
              "height": 612,
              "width": 360
            }
          }
        },
        "timings": {
          "firstPaint": 1713,
          "loadEventEnd": 56012,
          "navigationTiming": {
            "connectStart": 2,
            "domComplete": 55987,
            "domContentLoadedEventEnd": 2661,
            "domContentLoadedEventStart": 2650,
            "domInteractive": 2303,
            "domainLookupEnd": 2,
            "domainLookupStart": 2,
            "duration": 56012,
            "fetchStart": 2,
            "loadEventEnd": 56012,
            "loadEventStart": 55987,
            "redirectEnd": 0,
            "redirectStart": 0,
            "requestStart": 122,
            "responseEnd": 239,
            "responseStart": 239,
            "secureConnectionStart": 0,
            "startTime": 0,
            "unloadEventEnd": 269,
            "unloadEventStart": 244,
            "workerStart": 0
          },
          "pageTimings": {
            "backEndTime": 239,
            "domContentLoadedTime": 2650,
            "domInteractiveTime": 2303,
            "domainLookupTime": 0,
            "frontEndTime": 55748,
            "pageDownloadTime": 0,
            "pageLoadTime": 55987,
            "redirectionTime": 0,
            "serverConnectionTime": 0,
            "serverResponseTime": 117
          },
          "rumSpeedIndex": 239,
          "timeToContentfulPaint": 2200,
          "timeToDomContentFlushed": 2430,
          "timeToFirstInteractive": 31657,
          "userTimings": {
            "marks": [
              {
                "name": "gpt-tag-load",
                "startTime": 7432.88
              },
              {
                "name": "gpt-first-ad-request",
                "startTime": 14929.18
              },
              {
                "name": "gpt-first-ad-render",
                "startTime": 17436.52
              }
            ],
            "measures": []
          }
        }
      },
      {
        "browser": {
          "appConstants": {
            "ACCESSIBILITY": true,
            "ANDROID_PACKAGE_NAME": "org.mozilla.firefox",
            "ASAN": false,
            "ASAN_REPORTER": false,
            "BROWSER_CHROME_URL": "chrome://browser/content/browser.xul",
            "DEBUG": false,
            "DEBUG_JS_MODULES": "",
            "DLL_PREFIX": "lib",
            "DLL_SUFFIX": ".so",
            "EARLY_BETA_OR_EARLIER": false,
            "FENNEC_NIGHTLY": false,
            "HAVE_SHELL_SERVICE": false,
            "HAVE_USR_LIB64_DIR": false,
            "MENUBAR_CAN_AUTOHIDE": false,
            "MOZILLA_OFFICIAL": true,
            "MOZ_ALLOW_LEGACY_EXTENSIONS": false,
            "MOZ_ANDROID_ACTIVITY_STREAM": false,
            "MOZ_ANDROID_HISTORY": true,
            "MOZ_ANDROID_MOZILLA_ONLINE": false,
            "MOZ_APP_NAME": "fennec",
            "MOZ_APP_VERSION": "68.1.1",
            "MOZ_APP_VERSION_DISPLAY": "68.1.1",
            "MOZ_BING_API_CLIENTID": "no-bing-api-clientid",
            "MOZ_BING_API_KEY": "no-bing-api-key",
            "MOZ_BITS_DOWNLOAD": false,
            "MOZ_BUILD_APP": "mobile/android",
            "MOZ_CODE_COVERAGE": false,
            "MOZ_CRASHREPORTER": true,
            "MOZ_DATA_REPORTING": true,
            "MOZ_DEV_EDITION": false,
            "MOZ_GECKO_PROFILER": true,
            "MOZ_GOOGLE_LOCATION_SERVICE_API_KEY": "AIzaSyB2h2OuRcUgy5N-5hsZqiPW6sH3n_rptiQ",
            "MOZ_GOOGLE_SAFEBROWSING_API_KEY": "AIzaSyC7jsptDS3am4tPx4r3nxis7IMjBc5Dovo",
            "MOZ_GRAPHENE": false,
            "MOZ_MACBUNDLE_NAME": "Firefox.app",
            "MOZ_MAINTENANCE_SERVICE": false,
            "MOZ_MOZILLA_API_KEY": "3b4d27dd-703d-4094-8398-4de2c763505a",
            "MOZ_NEW_CERT_STORAGE": false,
            "MOZ_NEW_NOTIFICATION_STORE": false,
            "MOZ_NEW_XULSTORE": false,
            "MOZ_OFFICIAL_BRANDING": false,
            "MOZ_PLACES": false,
            "MOZ_REQUIRE_SIGNING": false,
            "MOZ_SANDBOX": false,
            "MOZ_SERVICES_HEALTHREPORT": true,
            "MOZ_SERVICES_SYNC": false,
            "MOZ_SWITCHBOARD": true,
            "MOZ_SYSTEM_NSS": false,
            "MOZ_TELEMETRY_ON_BY_DEFAULT": false,
            "MOZ_TELEMETRY_REPORTING": true,
            "MOZ_UNSIGNED_SCOPES": 0,
            "MOZ_UPDATER": false,
            "MOZ_UPDATE_CHANNEL": "release",
            "MOZ_WEBRTC": true,
            "MOZ_WIDGET_GTK": false,
            "MOZ_WIDGET_TOOLKIT": "android",
            "NIGHTLY_BUILD": false,
            "OMNIJAR_NAME": "assets/omni.ja",
            "RELEASE_OR_BETA": true,
            "SOURCE_REVISION_URL": "https://hg.mozilla.org/releases/mozilla-esr68/rev/d2e0b9e17b9bc1ef02606c8006b73293f7892ad5",
            "TELEMETRY_PING_FORMAT_VERSION": 4,
            "XP_UNIX": true,
            "isPlatformAndVersionAtLeast": {},
            "isPlatformAndVersionAtMost": {},
            "platform": "android"
          },
          "asyncAppConstants": {
            "ACCESSIBILITY": true,
            "ANDROID_PACKAGE_NAME": "org.mozilla.firefox",
            "ASAN": false,
            "ASAN_REPORTER": false,
            "BROWSER_CHROME_URL": "chrome://browser/content/browser.xul",
            "DEBUG": false,
            "DEBUG_JS_MODULES": "",
            "DLL_PREFIX": "lib",
            "DLL_SUFFIX": ".so",
            "EARLY_BETA_OR_EARLIER": false,
            "FENNEC_NIGHTLY": false,
            "HAVE_SHELL_SERVICE": false,
            "HAVE_USR_LIB64_DIR": false,
            "MENUBAR_CAN_AUTOHIDE": false,
            "MOZILLA_OFFICIAL": true,
            "MOZ_ALLOW_LEGACY_EXTENSIONS": false,
            "MOZ_ANDROID_ACTIVITY_STREAM": false,
            "MOZ_ANDROID_HISTORY": true,
            "MOZ_ANDROID_MOZILLA_ONLINE": false,
            "MOZ_APP_NAME": "fennec",
            "MOZ_APP_VERSION": "68.1.1",
            "MOZ_APP_VERSION_DISPLAY": "68.1.1",
            "MOZ_BING_API_CLIENTID": "no-bing-api-clientid",
            "MOZ_BING_API_KEY": "no-bing-api-key",
            "MOZ_BITS_DOWNLOAD": false,
            "MOZ_BUILD_APP": "mobile/android",
            "MOZ_CODE_COVERAGE": false,
            "MOZ_CRASHREPORTER": true,
            "MOZ_DATA_REPORTING": true,
            "MOZ_DEV_EDITION": false,
            "MOZ_GECKO_PROFILER": true,
            "MOZ_GOOGLE_LOCATION_SERVICE_API_KEY": "AIzaSyB2h2OuRcUgy5N-5hsZqiPW6sH3n_rptiQ",
            "MOZ_GOOGLE_SAFEBROWSING_API_KEY": "AIzaSyC7jsptDS3am4tPx4r3nxis7IMjBc5Dovo",
            "MOZ_GRAPHENE": false,
            "MOZ_MACBUNDLE_NAME": "Firefox.app",
            "MOZ_MAINTENANCE_SERVICE": false,
            "MOZ_MOZILLA_API_KEY": "3b4d27dd-703d-4094-8398-4de2c763505a",
            "MOZ_NEW_CERT_STORAGE": false,
            "MOZ_NEW_NOTIFICATION_STORE": false,
            "MOZ_NEW_XULSTORE": false,
            "MOZ_OFFICIAL_BRANDING": false,
            "MOZ_PLACES": false,
            "MOZ_REQUIRE_SIGNING": false,
            "MOZ_SANDBOX": false,
            "MOZ_SERVICES_HEALTHREPORT": true,
            "MOZ_SERVICES_SYNC": false,
            "MOZ_SWITCHBOARD": true,
            "MOZ_SYSTEM_NSS": false,
            "MOZ_TELEMETRY_ON_BY_DEFAULT": false,
            "MOZ_TELEMETRY_REPORTING": true,
            "MOZ_UNSIGNED_SCOPES": 0,
            "MOZ_UPDATER": false,
            "MOZ_UPDATE_CHANNEL": "release",
            "MOZ_WEBRTC": true,
            "MOZ_WIDGET_GTK": false,
            "MOZ_WIDGET_TOOLKIT": "android",
            "NIGHTLY_BUILD": false,
            "OMNIJAR_NAME": "assets/omni.ja",
            "RELEASE_OR_BETA": true,
            "SOURCE_REVISION_URL": "https://hg.mozilla.org/releases/mozilla-esr68/rev/d2e0b9e17b9bc1ef02606c8006b73293f7892ad5",
            "TELEMETRY_PING_FORMAT_VERSION": 4,
            "XP_UNIX": true,
            "isPlatformAndVersionAtLeast": {},
            "isPlatformAndVersionAtMost": {},
            "platform": "android"
          },
          "userAgent": "Mozilla/5.0 (Android 9; Mobile; rv:68.0) Gecko/68.0 Firefox/68.0",
          "windowSize": "360x612"
        },
        "pageinfo": {
          "documentHeight": 13021,
          "documentSize": {
            "decodedBodySize": 168195,
            "encodedBodySize": 30986,
            "transferSize": 31318
          },
          "documentTitle": "detikcom - Informasi Berita Terkini dan Terbaru Hari Ini",
          "documentWidth": 360,
          "domElements": 1717,
          "navigationStartTime": 1617130319793,
          "nextHopProtocol": "h2",
          "resources": {
            "count": 0,
            "duration": 0
          },
          "responsive": true,
          "url": "https://www.detik.com/",
          "visualElements": {
            "heroes": [
              {
                "filename": "detikedu-revisi1-mobile.gif?d=1",
                "height": 24,
                "name": "LargestImage",
                "width": 128,
                "x": 46,
                "y": 69
              },
              {
                "filename": null,
                "height": 1,
                "name": "Heading",
                "width": 1,
                "x": -1,
                "y": -1
              }
            ],
            "viewport": {
              "height": 612,
              "width": 360
            }
          }
        },
        "timings": {
          "firstPaint": 2020,
          "loadEventEnd": 13511,
          "navigationTiming": {
            "connectStart": 3,
            "domComplete": 13485,
            "domContentLoadedEventEnd": 3038,
            "domContentLoadedEventStart": 3025,
            "domInteractive": 2650,
            "domainLookupEnd": 3,
            "domainLookupStart": 3,
            "duration": 13511,
            "fetchStart": 3,
            "loadEventEnd": 13511,
            "loadEventStart": 13485,
            "redirectEnd": 0,
            "redirectStart": 0,
            "requestStart": 122,
            "responseEnd": 436,
            "responseStart": 424,
            "secureConnectionStart": 0,
            "startTime": 0,
            "unloadEventEnd": 461,
            "unloadEventStart": 433,
            "workerStart": 0
          },
          "pageTimings": {
            "backEndTime": 424,
            "domContentLoadedTime": 3025,
            "domInteractiveTime": 2650,
            "domainLookupTime": 0,
            "frontEndTime": 13048,
            "pageDownloadTime": 13,
            "pageLoadTime": 13485,
            "redirectionTime": 0,
            "serverConnectionTime": 0,
            "serverResponseTime": 314
          },
          "rumSpeedIndex": 423,
          "timeToContentfulPaint": 2506,
          "timeToDomContentFlushed": 2783,
          "userTimings": {
            "marks": [
              {
                "name": "gpt-tag-load",
                "startTime": 8005.54
              },
              {
                "name": "gpt-first-ad-request",
                "startTime": 15392.26
              },
              {
                "name": "gpt-first-ad-render",
                "startTime": 17908.54
              }
            ],
            "measures": []
          }
        }
      },
      {
        "browser": {
          "appConstants": {
            "ACCESSIBILITY": true,
            "ANDROID_PACKAGE_NAME": "org.mozilla.firefox",
            "ASAN": false,
            "ASAN_REPORTER": false,
            "BROWSER_CHROME_URL": "chrome://browser/content/browser.xul",
            "DEBUG": false,
            "DEBUG_JS_MODULES": "",
            "DLL_PREFIX": "lib",
            "DLL_SUFFIX": ".so",
            "EARLY_BETA_OR_EARLIER": false,
            "FENNEC_NIGHTLY": false,
            "HAVE_SHELL_SERVICE": false,
            "HAVE_USR_LIB64_DIR": false,
            "MENUBAR_CAN_AUTOHIDE": false,
            "MOZILLA_OFFICIAL": true,
            "MOZ_ALLOW_LEGACY_EXTENSIONS": false,
            "MOZ_ANDROID_ACTIVITY_STREAM": false,
            "MOZ_ANDROID_HISTORY": true,
            "MOZ_ANDROID_MOZILLA_ONLINE": false,
            "MOZ_APP_NAME": "fennec",
            "MOZ_APP_VERSION": "68.1.1",
            "MOZ_APP_VERSION_DISPLAY": "68.1.1",
            "MOZ_BING_API_CLIENTID": "no-bing-api-clientid",
            "MOZ_BING_API_KEY": "no-bing-api-key",
            "MOZ_BITS_DOWNLOAD": false,
            "MOZ_BUILD_APP": "mobile/android",
            "MOZ_CODE_COVERAGE": false,
            "MOZ_CRASHREPORTER": true,
            "MOZ_DATA_REPORTING": true,
            "MOZ_DEV_EDITION": false,
            "MOZ_GECKO_PROFILER": true,
            "MOZ_GOOGLE_LOCATION_SERVICE_API_KEY": "AIzaSyB2h2OuRcUgy5N-5hsZqiPW6sH3n_rptiQ",
            "MOZ_GOOGLE_SAFEBROWSING_API_KEY": "AIzaSyC7jsptDS3am4tPx4r3nxis7IMjBc5Dovo",
            "MOZ_GRAPHENE": false,
            "MOZ_MACBUNDLE_NAME": "Firefox.app",
            "MOZ_MAINTENANCE_SERVICE": false,
            "MOZ_MOZILLA_API_KEY": "3b4d27dd-703d-4094-8398-4de2c763505a",
            "MOZ_NEW_CERT_STORAGE": false,
            "MOZ_NEW_NOTIFICATION_STORE": false,
            "MOZ_NEW_XULSTORE": false,
            "MOZ_OFFICIAL_BRANDING": false,
            "MOZ_PLACES": false,
            "MOZ_REQUIRE_SIGNING": false,
            "MOZ_SANDBOX": false,
            "MOZ_SERVICES_HEALTHREPORT": true,
            "MOZ_SERVICES_SYNC": false,
            "MOZ_SWITCHBOARD": true,
            "MOZ_SYSTEM_NSS": false,
            "MOZ_TELEMETRY_ON_BY_DEFAULT": false,
            "MOZ_TELEMETRY_REPORTING": true,
            "MOZ_UNSIGNED_SCOPES": 0,
            "MOZ_UPDATER": false,
            "MOZ_UPDATE_CHANNEL": "release",
            "MOZ_WEBRTC": true,
            "MOZ_WIDGET_GTK": false,
            "MOZ_WIDGET_TOOLKIT": "android",
            "NIGHTLY_BUILD": false,
            "OMNIJAR_NAME": "assets/omni.ja",
            "RELEASE_OR_BETA": true,
            "SOURCE_REVISION_URL": "https://hg.mozilla.org/releases/mozilla-esr68/rev/d2e0b9e17b9bc1ef02606c8006b73293f7892ad5",
            "TELEMETRY_PING_FORMAT_VERSION": 4,
            "XP_UNIX": true,
            "isPlatformAndVersionAtLeast": {},
            "isPlatformAndVersionAtMost": {},
            "platform": "android"
          },
          "asyncAppConstants": {
            "ACCESSIBILITY": true,
            "ANDROID_PACKAGE_NAME": "org.mozilla.firefox",
            "ASAN": false,
            "ASAN_REPORTER": false,
            "BROWSER_CHROME_URL": "chrome://browser/content/browser.xul",
            "DEBUG": false,
            "DEBUG_JS_MODULES": "",
            "DLL_PREFIX": "lib",
            "DLL_SUFFIX": ".so",
            "EARLY_BETA_OR_EARLIER": false,
            "FENNEC_NIGHTLY": false,
            "HAVE_SHELL_SERVICE": false,
            "HAVE_USR_LIB64_DIR": false,
            "MENUBAR_CAN_AUTOHIDE": false,
            "MOZILLA_OFFICIAL": true,
            "MOZ_ALLOW_LEGACY_EXTENSIONS": false,
            "MOZ_ANDROID_ACTIVITY_STREAM": false,
            "MOZ_ANDROID_HISTORY": true,
            "MOZ_ANDROID_MOZILLA_ONLINE": false,
            "MOZ_APP_NAME": "fennec",
            "MOZ_APP_VERSION": "68.1.1",
            "MOZ_APP_VERSION_DISPLAY": "68.1.1",
            "MOZ_BING_API_CLIENTID": "no-bing-api-clientid",
            "MOZ_BING_API_KEY": "no-bing-api-key",
            "MOZ_BITS_DOWNLOAD": false,
            "MOZ_BUILD_APP": "mobile/android",
            "MOZ_CODE_COVERAGE": false,
            "MOZ_CRASHREPORTER": true,
            "MOZ_DATA_REPORTING": true,
            "MOZ_DEV_EDITION": false,
            "MOZ_GECKO_PROFILER": true,
            "MOZ_GOOGLE_LOCATION_SERVICE_API_KEY": "AIzaSyB2h2OuRcUgy5N-5hsZqiPW6sH3n_rptiQ",
            "MOZ_GOOGLE_SAFEBROWSING_API_KEY": "AIzaSyC7jsptDS3am4tPx4r3nxis7IMjBc5Dovo",
            "MOZ_GRAPHENE": false,
            "MOZ_MACBUNDLE_NAME": "Firefox.app",
            "MOZ_MAINTENANCE_SERVICE": false,
            "MOZ_MOZILLA_API_KEY": "3b4d27dd-703d-4094-8398-4de2c763505a",
            "MOZ_NEW_CERT_STORAGE": false,
            "MOZ_NEW_NOTIFICATION_STORE": false,
            "MOZ_NEW_XULSTORE": false,
            "MOZ_OFFICIAL_BRANDING": false,
            "MOZ_PLACES": false,
            "MOZ_REQUIRE_SIGNING": false,
            "MOZ_SANDBOX": false,
            "MOZ_SERVICES_HEALTHREPORT": true,
            "MOZ_SERVICES_SYNC": false,
            "MOZ_SWITCHBOARD": true,
            "MOZ_SYSTEM_NSS": false,
            "MOZ_TELEMETRY_ON_BY_DEFAULT": false,
            "MOZ_TELEMETRY_REPORTING": true,
            "MOZ_UNSIGNED_SCOPES": 0,
            "MOZ_UPDATER": false,
            "MOZ_UPDATE_CHANNEL": "release",
            "MOZ_WEBRTC": true,
            "MOZ_WIDGET_GTK": false,
            "MOZ_WIDGET_TOOLKIT": "android",
            "NIGHTLY_BUILD": false,
            "OMNIJAR_NAME": "assets/omni.ja",
            "RELEASE_OR_BETA": true,
            "SOURCE_REVISION_URL": "https://hg.mozilla.org/releases/mozilla-esr68/rev/d2e0b9e17b9bc1ef02606c8006b73293f7892ad5",
            "TELEMETRY_PING_FORMAT_VERSION": 4,
            "XP_UNIX": true,
            "isPlatformAndVersionAtLeast": {},
            "isPlatformAndVersionAtMost": {},
            "platform": "android"
          },
          "userAgent": "Mozilla/5.0 (Android 9; Mobile; rv:68.0) Gecko/68.0 Firefox/68.0",
          "windowSize": "360x612"
        },
        "pageinfo": {
          "documentHeight": 13128,
          "documentSize": {
            "decodedBodySize": 170536,
            "encodedBodySize": 31083,
            "transferSize": 31415
          },
          "documentTitle": "detikcom - Informasi Berita Terkini dan Terbaru Hari Ini",
          "documentWidth": 360,
          "domElements": 1722,
          "navigationStartTime": 1617130362203,
          "nextHopProtocol": "h2",
          "resources": {
            "count": 0,
            "duration": 0
          },
          "responsive": true,
          "url": "https://www.detik.com/",
          "visualElements": {
            "heroes": [
              {
                "filename": "detikedu-revisi1-mobile.gif?d=1",
                "height": 24,
                "name": "LargestImage",
                "width": 128,
                "x": 46,
                "y": 69
              },
              {
                "filename": null,
                "height": 1,
                "name": "Heading",
                "width": 1,
                "x": -1,
                "y": -1
              }
            ],
            "viewport": {
              "height": 612,
              "width": 360
            }
          }
        },
        "timings": {
          "firstPaint": 1957,
          "loadEventEnd": 55115,
          "navigationTiming": {
            "connectStart": 3,
            "domComplete": 55088,
            "domContentLoadedEventEnd": 2870,
            "domContentLoadedEventStart": 2859,
            "domInteractive": 2522,
            "domainLookupEnd": 3,
            "domainLookupStart": 3,
            "duration": 55115,
            "fetchStart": 3,
            "loadEventEnd": 55115,
            "loadEventStart": 55088,
            "redirectEnd": 0,
            "redirectStart": 0,
            "requestStart": 124,
            "responseEnd": 227,
            "responseStart": 227,
            "secureConnectionStart": 0,
            "startTime": 0,
            "unloadEventEnd": 249,
            "unloadEventStart": 230,
            "workerStart": 0
          },
          "pageTimings": {
            "backEndTime": 227,
            "domContentLoadedTime": 2859,
            "domInteractiveTime": 2522,
            "domainLookupTime": 0,
            "frontEndTime": 54861,
            "pageDownloadTime": 0,
            "pageLoadTime": 55088,
            "redirectionTime": 0,
            "serverConnectionTime": 0,
            "serverResponseTime": 103
          },
          "rumSpeedIndex": 227,
          "timeToContentfulPaint": 2429,
          "timeToDomContentFlushed": 2637,
          "timeToFirstInteractive": 42832,
          "userTimings": {
            "marks": [
              {
                "name": "gpt-tag-load",
                "startTime": 7583.44
              },
              {
                "name": "gpt-first-ad-request",
                "startTime": 17425.86
              },
              {
                "name": "gpt-first-ad-render",
                "startTime": 19619.04
              }
            ],
            "measures": []
          }
        }
      }
    ],
    "visualMetrics": [],
    "cpu": [],
    "extras": [
      {},
      {},
      {}
    ],
    "fullyLoaded": [],
    "errors": [
      [],
      [],
      []
    ],
    "statistics": {
      "browser": {
        "appConstants": {
          "MOZ_UNSIGNED_SCOPES": {
            "median": 0,
            "mean": 0,
            "mdev": 0,
            "stddev": 0,
            "min": 0,
            "p10": 0,
            "p90": 0,
            "p99": 0,
            "max": 0
          },
          "TELEMETRY_PING_FORMAT_VERSION": {
            "median": 4,
            "mean": 4,
            "mdev": 0,
            "stddev": 0,
            "min": 4,
            "p10": 4,
            "p90": 4,
            "p99": 4,
            "max": 4
          }
        },
        "asyncAppConstants": {
          "MOZ_UNSIGNED_SCOPES": {
            "median": 0,
            "mean": 0,
            "mdev": 0,
            "stddev": 0,
            "min": 0,
            "p10": 0,
            "p90": 0,
            "p99": 0,
            "max": 0
          },
          "TELEMETRY_PING_FORMAT_VERSION": {
            "median": 4,
            "mean": 4,
            "mdev": 0,
            "stddev": 0,
            "min": 4,
            "p10": 4,
            "p90": 4,
            "p99": 4,
            "max": 4
          }
        }
      },
      "pageinfo": {
        "documentHeight": {
          "median": 13021,
          "mean": 13057,
          "mdev": 29.1217,
          "stddev": 50,
          "min": 13021,
          "p10": 13021,
          "p90": 13128,
          "p99": 13128,
          "max": 13128
        },
        "documentSize": {
          "decodedBodySize": {
            "median": 168195,
            "mean": 168975,
            "mdev": 637.1395,
            "stddev": 1104,
            "min": 168195,
            "p10": 168195,
            "p90": 170536,
            "p99": 170536,
            "max": 170536
          },
          "encodedBodySize": {
            "median": 30986,
            "mean": 31018,
            "mdev": 26.4001,
            "stddev": 46,
            "min": 30986,
            "p10": 30986,
            "p90": 31083,
            "p99": 31083,
            "max": 31083
          },
          "transferSize": {
            "median": 31318,
            "mean": 31350,
            "mdev": 26.4001,
            "stddev": 46,
            "min": 31318,
            "p10": 31318,
            "p90": 31415,
            "p99": 31415,
            "max": 31415
          }
        },
        "documentWidth": {
          "median": 360,
          "mean": 360,
          "mdev": 0,
          "stddev": 0,
          "min": 360,
          "p10": 360,
          "p90": 360,
          "p99": 360,
          "max": 360
        },
        "domElements": {
          "median": 1717,
          "mean": 1719,
          "mdev": 1.3608,
          "stddev": 2,
          "min": 1717,
          "p10": 1717,
          "p90": 1722,
          "p99": 1722,
          "max": 1722
        },
        "navigationStartTime": {
          "median": 1617130319793,
          "mean": 1617130309470,
          "mdev": 25224.8182,
          "stddev": 43691,
          "min": 1617130246413,
          "p10": 1617130246413,
          "p90": 1617130362203,
          "p99": 1617130362203,
          "max": 1617130362203
        },
        "resources": {
          "count": {
            "median": 0,
            "mean": 0,
            "mdev": 0,
            "stddev": 0,
            "min": 0,
            "p10": 0,
            "p90": 0,
            "p99": 0,
            "max": 0
          },
          "duration": {
            "median": 0,
            "mean": 0,
            "mdev": 0,
            "stddev": 0,
            "min": 0,
            "p10": 0,
            "p90": 0,
            "p99": 0,
            "max": 0
          }
        },
        "visualElements": {
          "heroes": [
            {
              "height": {
                "median": 24,
                "mean": 24,
                "mdev": 0,
                "stddev": 0,
                "min": 24,
                "p10": 24,
                "p90": 24,
                "p99": 24,
                "max": 24
              },
              "width": {
                "median": 128,
                "mean": 128,
                "mdev": 0,
                "stddev": 0,
                "min": 128,
                "p10": 128,
                "p90": 128,
                "p99": 128,
                "max": 128
              },
              "x": {
                "median": 46,
                "mean": 46,
                "mdev": 0,
                "stddev": 0,
                "min": 46,
                "p10": 46,
                "p90": 46,
                "p99": 46,
                "max": 46
              },
              "y": {
                "median": 69,
                "mean": 69,
                "mdev": 0,
                "stddev": 0,
                "min": 69,
                "p10": 69,
                "p90": 69,
                "p99": 69,
                "max": 69
              }
            },
            {
              "height": {
                "median": 1,
                "mean": 1,
                "mdev": 0,
                "stddev": 0,
                "min": 1,
                "p10": 1,
                "p90": 1,
                "p99": 1,
                "max": 1
              },
              "width": {
                "median": 1,
                "mean": 1,
                "mdev": 0,
                "stddev": 0,
                "min": 1,
                "p10": 1,
                "p90": 1,
                "p99": 1,
                "max": 1
              },
              "x": {
                "median": -1,
                "mean": -1,
                "mdev": 0,
                "stddev": 0,
                "min": -1,
                "p10": -1,
                "p90": -1,
                "p99": -1,
                "max": -1
              },
              "y": {
                "median": -1,
                "mean": -1,
                "mdev": 0,
                "stddev": 0,
                "min": -1,
                "p10": -1,
                "p90": -1,
                "p99": -1,
                "max": -1
              }
            }
          ],
          "viewport": {
            "height": {
              "median": 612,
              "mean": 612,
              "mdev": 0,
              "stddev": 0,
              "min": 612,
              "p10": 612,
              "p90": 612,
              "p99": 612,
              "max": 612
            },
            "width": {
              "median": 360,
              "mean": 360,
              "mdev": 0,
              "stddev": 0,
              "min": 360,
              "p10": 360,
              "p90": 360,
              "p99": 360,
              "max": 360
            }
          }
        }
      },
      "timings": {
        "firstPaint": {
          "median": 1957,
          "mean": 1897,
          "mdev": 76.4378,
          "stddev": 132,
          "min": 1713,
          "p10": 1713,
          "p90": 2020,
          "p99": 2020,
          "max": 2020
        },
        "loadEventEnd": {
          "median": 55115,
          "mean": 41546,
          "mdev": 11447.1935,
          "stddev": 19827,
          "min": 13511,
          "p10": 13511,
          "p90": 56012,
          "p99": 56012,
          "max": 56012
        },
        "navigationTiming": {
          "connectStart": {
            "median": 3,
            "mean": 3,
            "mdev": 0.2722,
            "stddev": 0,
            "min": 2,
            "p10": 2,
            "p90": 3,
            "p99": 3,
            "max": 3
          },
          "domComplete": {
            "median": 55088,
            "mean": 41520,
            "mdev": 11447.2022,
            "stddev": 19827,
            "min": 13485,
            "p10": 13485,
            "p90": 55987,
            "p99": 55987,
            "max": 55987
          },
          "domContentLoadedEventEnd": {
            "median": 2870,
            "mean": 2856,
            "mdev": 89.0347,
            "stddev": 154,
            "min": 2661,
            "p10": 2661,
            "p90": 3038,
            "p99": 3038,
            "max": 3038
          },
          "domContentLoadedEventStart": {
            "median": 2859,
            "mean": 2845,
            "mdev": 88.5818,
            "stddev": 153,
            "min": 2650,
            "p10": 2650,
            "p90": 3025,
            "p99": 3025,
            "max": 3025
          },
          "domInteractive": {
            "median": 2522,
            "mean": 2492,
            "mdev": 82.7209,
            "stddev": 143,
            "min": 2303,
            "p10": 2303,
            "p90": 2650,
            "p99": 2650,
            "max": 2650
          },
          "domainLookupEnd": {
            "median": 3,
            "mean": 3,
            "mdev": 0.2722,
            "stddev": 0,
            "min": 2,
            "p10": 2,
            "p90": 3,
            "p99": 3,
            "max": 3
          },
          "domainLookupStart": {
            "median": 3,
            "mean": 3,
            "mdev": 0.2722,
            "stddev": 0,
            "min": 2,
            "p10": 2,
            "p90": 3,
            "p99": 3,
            "max": 3
          },
          "duration": {
            "median": 55115,
            "mean": 41546,
            "mdev": 11447.1935,
            "stddev": 19827,
            "min": 13511,
            "p10": 13511,
            "p90": 56012,
            "p99": 56012,
            "max": 56012
          },
          "fetchStart": {
            "median": 3,
            "mean": 3,
            "mdev": 0.2722,
            "stddev": 0,
            "min": 2,
            "p10": 2,
            "p90": 3,
            "p99": 3,
            "max": 3
          },
          "loadEventEnd": {
            "median": 55115,
            "mean": 41546,
            "mdev": 11447.1935,
            "stddev": 19827,
            "min": 13511,
            "p10": 13511,
            "p90": 56012,
            "p99": 56012,
            "max": 56012
          },
          "loadEventStart": {
            "median": 55088,
            "mean": 41520,
            "mdev": 11447.2022,
            "stddev": 19827,
            "min": 13485,
            "p10": 13485,
            "p90": 55987,
            "p99": 55987,
            "max": 55987
          },
          "redirectEnd": {
            "median": 0,
            "mean": 0,
            "mdev": 0,
            "stddev": 0,
            "min": 0,
            "p10": 0,
            "p90": 0,
            "p99": 0,
            "max": 0
          },
          "redirectStart": {
            "median": 0,
            "mean": 0,
            "mdev": 0,
            "stddev": 0,
            "min": 0,
            "p10": 0,
            "p90": 0,
            "p99": 0,
            "max": 0
          },
          "requestStart": {
            "median": 122,
            "mean": 123,
            "mdev": 0.5443,
            "stddev": 1,
            "min": 122,
            "p10": 122,
            "p90": 124,
            "p99": 124,
            "max": 124
          },
          "responseEnd": {
            "median": 239,
            "mean": 301,
            "mdev": 55.322,
            "stddev": 96,
            "min": 227,
            "p10": 227,
            "p90": 436,
            "p99": 436,
            "max": 436
          },
          "responseStart": {
            "median": 239,
            "mean": 297,
            "mdev": 52.0605,
            "stddev": 90,
            "min": 227,
            "p10": 227,
            "p90": 424,
            "p99": 424,
            "max": 424
          },
          "secureConnectionStart": {
            "median": 0,
            "mean": 0,
            "mdev": 0,
            "stddev": 0,
            "min": 0,
            "p10": 0,
            "p90": 0,
            "p99": 0,
            "max": 0
          },
          "startTime": {
            "median": 0,
            "mean": 0,
            "mdev": 0,
            "stddev": 0,
            "min": 0,
            "p10": 0,
            "p90": 0,
            "p99": 0,
            "max": 0
          },
          "unloadEventEnd": {
            "median": 269,
            "mean": 326,
            "mdev": 55.1792,
            "stddev": 96,
            "min": 249,
            "p10": 249,
            "p90": 461,
            "p99": 461,
            "max": 461
          },
          "unloadEventStart": {
            "median": 244,
            "mean": 302,
            "mdev": 53.4464,
            "stddev": 93,
            "min": 230,
            "p10": 230,
            "p90": 433,
            "p99": 433,
            "max": 433
          },
          "workerStart": {
            "median": 0,
            "mean": 0,
            "mdev": 0,
            "stddev": 0,
            "min": 0,
            "p10": 0,
            "p90": 0,
            "p99": 0,
            "max": 0
          }
        },
        "pageTimings": {
          "backEndTime": {
            "median": 239,
            "mean": 297,
            "mdev": 52.0605,
            "stddev": 90,
            "min": 227,
            "p10": 227,
            "p90": 424,
            "p99": 424,
            "max": 424
          },
          "domContentLoadedTime": {
            "median": 2859,
            "mean": 2845,
            "mdev": 88.5818,
            "stddev": 153,
            "min": 2650,
            "p10": 2650,
            "p90": 3025,
            "p99": 3025,
            "max": 3025
          },
          "domInteractiveTime": {
            "median": 2522,
            "mean": 2492,
            "mdev": 82.7209,
            "stddev": 143,
            "min": 2303,
            "p10": 2303,
            "p90": 2650,
            "p99": 2650,
            "max": 2650
          },
          "domainLookupTime": {
            "median": 0,
            "mean": 0,
            "mdev": 0,
            "stddev": 0,
            "min": 0,
            "p10": 0,
            "p90": 0,
            "p99": 0,
            "max": 0
          },
          "frontEndTime": {
            "median": 54861,
            "mean": 41219,
            "mdev": 11502.6627,
            "stddev": 19923,
            "min": 13048,
            "p10": 13048,
            "p90": 55748,
            "p99": 55748,
            "max": 55748
          },
          "pageDownloadTime": {
            "median": 0,
            "mean": 4,
            "mdev": 3.5382,
            "stddev": 6,
            "min": 0,
            "p10": 0,
            "p90": 13,
            "p99": 13,
            "max": 13
          },
          "pageLoadTime": {
            "median": 55088,
            "mean": 41520,
            "mdev": 11447.2022,
            "stddev": 19827,
            "min": 13485,
            "p10": 13485,
            "p90": 55987,
            "p99": 55987,
            "max": 55987
          },
          "redirectionTime": {
            "median": 0,
            "mean": 0,
            "mdev": 0,
            "stddev": 0,
            "min": 0,
            "p10": 0,
            "p90": 0,
            "p99": 0,
            "max": 0
          },
          "serverConnectionTime": {
            "median": 0,
            "mean": 0,
            "mdev": 0,
            "stddev": 0,
            "min": 0,
            "p10": 0,
            "p90": 0,
            "p99": 0,
            "max": 0
          },
          "serverResponseTime": {
            "median": 117,
            "mean": 178,
            "mdev": 55.6197,
            "stddev": 96,
            "min": 103,
            "p10": 103,
            "p90": 314,
            "p99": 314,
            "max": 314
          }
        },
        "rumSpeedIndex": {
          "median": 239,
          "mean": 296,
          "mdev": 51.7887,
          "stddev": 90,
          "min": 227,
          "p10": 227,
          "p90": 423,
          "p99": 423,
          "max": 423
        },
        "timeToContentfulPaint": {
          "median": 2429,
          "mean": 2378,
          "mdev": 75.0323,
          "stddev": 130,
          "min": 2200,
          "p10": 2200,
          "p90": 2506,
          "p99": 2506,
          "max": 2506
        },
        "timeToDomContentFlushed": {
          "median": 2637,
          "mean": 2617,
          "mdev": 83.616,
          "stddev": 145,
          "min": 2430,
          "p10": 2430,
          "p90": 2783,
          "p99": 2783,
          "max": 2783
        },
        "timeToFirstInteractive": {
          "median": 37245,
          "mean": 37245,
          "mdev": 3950.9591,
          "stddev": 5588,
          "min": 31657,
          "p10": 31657,
          "p90": 42832,
          "p99": 42832,
          "max": 42832
        },
        "userTimings": {
          "marks": {
            "gpt-tag-load": {
              "median": 7583,
              "mean": 7674,
              "mdev": 139.9439,
              "stddev": 242,
              "min": 7433,
              "p10": 7433,
              "p90": 8006,
              "p99": 8006,
              "max": 8006
            },
            "gpt-first-ad-request": {
              "median": 15392,
              "mean": 15916,
              "mdev": 626.0808,
              "stddev": 1084,
              "min": 14929,
              "p10": 14929,
              "p90": 17426,
              "p99": 17426,
              "max": 17426
            },
            "gpt-first-ad-render": {
              "median": 17909,
              "mean": 18321,
              "mdev": 541.3292,
              "stddev": 938,
              "min": 17437,
              "p10": 17437,
              "p90": 19619,
              "p99": 19619,
              "max": 19619
            }
          }
        }
      }
    }
  }
]