[
  {
    "info": {
      "browsertime": {
        "version": "8.4.0"
      },
      "url": "https://imgur.com/",
      "timestamp": "2021-03-30T18:51:18+04:00",
      "connectivity": {
        "engine": "external",
        "profile": "native"
      },
      "extra": {}
    },
    "files": {
      "video": [],
      "screenshot": [],
      "timeline": [],
      "consoleLog": [],
      "netLog": [],
      "perfLog": []
    },
    "cdp": {
      "performance": []
    },
    "timestamps": [
      "2021-03-30T18:50:50+04:00",
      "2021-03-30T18:51:25+04:00",
      "2021-03-30T18:51:55+04:00"
    ],
    "browserScripts": [
      {
        "browser": {
          "appConstants": {
            "ACCESSIBILITY": true,
            "ANDROID_PACKAGE_NAME": "org.mozilla.firefox",
            "ASAN": false,
            "ASAN_REPORTER": false,
            "BROWSER_CHROME_URL": "chrome://browser/content/browser.xul",
            "DEBUG": false,
            "DEBUG_JS_MODULES": "",
            "DLL_PREFIX": "lib",
            "DLL_SUFFIX": ".so",
            "EARLY_BETA_OR_EARLIER": false,
            "FENNEC_NIGHTLY": false,
            "HAVE_SHELL_SERVICE": false,
            "HAVE_USR_LIB64_DIR": false,
            "MENUBAR_CAN_AUTOHIDE": false,
            "MOZILLA_OFFICIAL": true,
            "MOZ_ALLOW_LEGACY_EXTENSIONS": false,
            "MOZ_ANDROID_ACTIVITY_STREAM": false,
            "MOZ_ANDROID_HISTORY": true,
            "MOZ_ANDROID_MOZILLA_ONLINE": false,
            "MOZ_APP_NAME": "fennec",
            "MOZ_APP_VERSION": "68.1.1",
            "MOZ_APP_VERSION_DISPLAY": "68.1.1",
            "MOZ_BING_API_CLIENTID": "no-bing-api-clientid",
            "MOZ_BING_API_KEY": "no-bing-api-key",
            "MOZ_BITS_DOWNLOAD": false,
            "MOZ_BUILD_APP": "mobile/android",
            "MOZ_CODE_COVERAGE": false,
            "MOZ_CRASHREPORTER": true,
            "MOZ_DATA_REPORTING": true,
            "MOZ_DEV_EDITION": false,
            "MOZ_GECKO_PROFILER": true,
            "MOZ_GOOGLE_LOCATION_SERVICE_API_KEY": "AIzaSyB2h2OuRcUgy5N-5hsZqiPW6sH3n_rptiQ",
            "MOZ_GOOGLE_SAFEBROWSING_API_KEY": "AIzaSyC7jsptDS3am4tPx4r3nxis7IMjBc5Dovo",
            "MOZ_GRAPHENE": false,
            "MOZ_MACBUNDLE_NAME": "Firefox.app",
            "MOZ_MAINTENANCE_SERVICE": false,
            "MOZ_MOZILLA_API_KEY": "3b4d27dd-703d-4094-8398-4de2c763505a",
            "MOZ_NEW_CERT_STORAGE": false,
            "MOZ_NEW_NOTIFICATION_STORE": false,
            "MOZ_NEW_XULSTORE": false,
            "MOZ_OFFICIAL_BRANDING": false,
            "MOZ_PLACES": false,
            "MOZ_REQUIRE_SIGNING": false,
            "MOZ_SANDBOX": false,
            "MOZ_SERVICES_HEALTHREPORT": true,
            "MOZ_SERVICES_SYNC": false,
            "MOZ_SWITCHBOARD": true,
            "MOZ_SYSTEM_NSS": false,
            "MOZ_TELEMETRY_ON_BY_DEFAULT": false,
            "MOZ_TELEMETRY_REPORTING": true,
            "MOZ_UNSIGNED_SCOPES": 0,
            "MOZ_UPDATER": false,
            "MOZ_UPDATE_CHANNEL": "release",
            "MOZ_WEBRTC": true,
            "MOZ_WIDGET_GTK": false,
            "MOZ_WIDGET_TOOLKIT": "android",
            "NIGHTLY_BUILD": false,
            "OMNIJAR_NAME": "assets/omni.ja",
            "RELEASE_OR_BETA": true,
            "SOURCE_REVISION_URL": "https://hg.mozilla.org/releases/mozilla-esr68/rev/d2e0b9e17b9bc1ef02606c8006b73293f7892ad5",
            "TELEMETRY_PING_FORMAT_VERSION": 4,
            "XP_UNIX": true,
            "isPlatformAndVersionAtLeast": {},
            "isPlatformAndVersionAtMost": {},
            "platform": "android"
          },
          "asyncAppConstants": {
            "ACCESSIBILITY": true,
            "ANDROID_PACKAGE_NAME": "org.mozilla.firefox",
            "ASAN": false,
            "ASAN_REPORTER": false,
            "BROWSER_CHROME_URL": "chrome://browser/content/browser.xul",
            "DEBUG": false,
            "DEBUG_JS_MODULES": "",
            "DLL_PREFIX": "lib",
            "DLL_SUFFIX": ".so",
            "EARLY_BETA_OR_EARLIER": false,
            "FENNEC_NIGHTLY": false,
            "HAVE_SHELL_SERVICE": false,
            "HAVE_USR_LIB64_DIR": false,
            "MENUBAR_CAN_AUTOHIDE": false,
            "MOZILLA_OFFICIAL": true,
            "MOZ_ALLOW_LEGACY_EXTENSIONS": false,
            "MOZ_ANDROID_ACTIVITY_STREAM": false,
            "MOZ_ANDROID_HISTORY": true,
            "MOZ_ANDROID_MOZILLA_ONLINE": false,
            "MOZ_APP_NAME": "fennec",
            "MOZ_APP_VERSION": "68.1.1",
            "MOZ_APP_VERSION_DISPLAY": "68.1.1",
            "MOZ_BING_API_CLIENTID": "no-bing-api-clientid",
            "MOZ_BING_API_KEY": "no-bing-api-key",
            "MOZ_BITS_DOWNLOAD": false,
            "MOZ_BUILD_APP": "mobile/android",
            "MOZ_CODE_COVERAGE": false,
            "MOZ_CRASHREPORTER": true,
            "MOZ_DATA_REPORTING": true,
            "MOZ_DEV_EDITION": false,
            "MOZ_GECKO_PROFILER": true,
            "MOZ_GOOGLE_LOCATION_SERVICE_API_KEY": "AIzaSyB2h2OuRcUgy5N-5hsZqiPW6sH3n_rptiQ",
            "MOZ_GOOGLE_SAFEBROWSING_API_KEY": "AIzaSyC7jsptDS3am4tPx4r3nxis7IMjBc5Dovo",
            "MOZ_GRAPHENE": false,
            "MOZ_MACBUNDLE_NAME": "Firefox.app",
            "MOZ_MAINTENANCE_SERVICE": false,
            "MOZ_MOZILLA_API_KEY": "3b4d27dd-703d-4094-8398-4de2c763505a",
            "MOZ_NEW_CERT_STORAGE": false,
            "MOZ_NEW_NOTIFICATION_STORE": false,
            "MOZ_NEW_XULSTORE": false,
            "MOZ_OFFICIAL_BRANDING": false,
            "MOZ_PLACES": false,
            "MOZ_REQUIRE_SIGNING": false,
            "MOZ_SANDBOX": false,
            "MOZ_SERVICES_HEALTHREPORT": true,
            "MOZ_SERVICES_SYNC": false,
            "MOZ_SWITCHBOARD": true,
            "MOZ_SYSTEM_NSS": false,
            "MOZ_TELEMETRY_ON_BY_DEFAULT": false,
            "MOZ_TELEMETRY_REPORTING": true,
            "MOZ_UNSIGNED_SCOPES": 0,
            "MOZ_UPDATER": false,
            "MOZ_UPDATE_CHANNEL": "release",
            "MOZ_WEBRTC": true,
            "MOZ_WIDGET_GTK": false,
            "MOZ_WIDGET_TOOLKIT": "android",
            "NIGHTLY_BUILD": false,
            "OMNIJAR_NAME": "assets/omni.ja",
            "RELEASE_OR_BETA": true,
            "SOURCE_REVISION_URL": "https://hg.mozilla.org/releases/mozilla-esr68/rev/d2e0b9e17b9bc1ef02606c8006b73293f7892ad5",
            "TELEMETRY_PING_FORMAT_VERSION": 4,
            "XP_UNIX": true,
            "isPlatformAndVersionAtLeast": {},
            "isPlatformAndVersionAtMost": {},
            "platform": "android"
          },
          "userAgent": "Mozilla/5.0 (Android 9; Mobile; rv:68.0) Gecko/68.0 Firefox/68.0",
          "windowSize": "360x612"
        },
        "pageinfo": {
          "documentHeight": 6191,
          "documentSize": {
            "decodedBodySize": 9947,
            "encodedBodySize": 9947,
            "transferSize": 10433
          },
          "documentTitle": "I stole this - Imgur",
          "documentWidth": 360,
          "domElements": 335,
          "navigationStartTime": 1617115851086,
          "nextHopProtocol": "h2",
          "resources": {
            "count": 0,
            "duration": 0
          },
          "responsive": true,
          "url": "https://m.imgur.com/gallery/jjsrLdC",
          "visualElements": {
            "heroes": [
              {
                "filename": "icon-60.aeae2a69bbbc69bdbebcc6f3cc38b2c4.png",
                "height": 40,
                "name": "LargestImage",
                "width": 40,
                "x": 26,
                "y": 482
              },
              {
                "filename": null,
                "height": 38,
                "name": "Heading",
                "width": 340,
                "x": 10,
                "y": 126
              }
            ],
            "viewport": {
              "height": 612,
              "width": 360
            }
          }
        },
        "timings": {
          "firstPaint": 944,
          "loadEventEnd": 21953,
          "navigationTiming": {
            "connectStart": 615,
            "domComplete": 21874,
            "domContentLoadedEventEnd": 2752,
            "domContentLoadedEventStart": 2746,
            "domInteractive": 1612,
            "domainLookupEnd": 614,
            "domainLookupStart": 614,
            "duration": 21953,
            "fetchStart": 573,
            "loadEventEnd": 21953,
            "loadEventStart": 21874,
            "redirectEnd": 569,
            "redirectStart": 2,
            "requestStart": 622,
            "responseEnd": 753,
            "responseStart": 751,
            "secureConnectionStart": 0,
            "startTime": 0,
            "unloadEventEnd": 0,
            "unloadEventStart": 0,
            "workerStart": 0
          },
          "pageTimings": {
            "backEndTime": 751,
            "domContentLoadedTime": 2746,
            "domInteractiveTime": 1612,
            "domainLookupTime": 0,
            "frontEndTime": 21121,
            "pageDownloadTime": 2,
            "pageLoadTime": 21874,
            "redirectionTime": 566,
            "serverConnectionTime": 0,
            "serverResponseTime": 131
          },
          "rumSpeedIndex": 750,
          "timeToContentfulPaint": 1091,
          "timeToDomContentFlushed": 2693,
          "userTimings": {
            "marks": [
              {
                "name": "gpt-tag-load",
                "startTime": 9622.96
              },
              {
                "name": "gpt-first-ad-request",
                "startTime": 10010.7
              },
              {
                "name": "gpt-first-ad-render",
                "startTime": 14265.72
              },
              {
                "name": "loadStarteventUtils",
                "startTime": 15925.2
              },
              {
                "name": "loadEndeventUtils",
                "startTime": 15925.36
              },
              {
                "name": "loadStartpixelQueue",
                "startTime": 15925.44
              },
              {
                "name": "loadEndpixelQueue",
                "startTime": 15925.5
              }
            ],
            "measures": [
              {
                "duration": 0.15999999999985448,
                "name": "lteu",
                "startTime": 15925.2
              },
              {
                "duration": 0.05999999999949068,
                "name": "ltpq",
                "startTime": 15925.44
              }
            ]
          }
        }
      },
      {
        "browser": {
          "appConstants": {
            "ACCESSIBILITY": true,
            "ANDROID_PACKAGE_NAME": "org.mozilla.firefox",
            "ASAN": false,
            "ASAN_REPORTER": false,
            "BROWSER_CHROME_URL": "chrome://browser/content/browser.xul",
            "DEBUG": false,
            "DEBUG_JS_MODULES": "",
            "DLL_PREFIX": "lib",
            "DLL_SUFFIX": ".so",
            "EARLY_BETA_OR_EARLIER": false,
            "FENNEC_NIGHTLY": false,
            "HAVE_SHELL_SERVICE": false,
            "HAVE_USR_LIB64_DIR": false,
            "MENUBAR_CAN_AUTOHIDE": false,
            "MOZILLA_OFFICIAL": true,
            "MOZ_ALLOW_LEGACY_EXTENSIONS": false,
            "MOZ_ANDROID_ACTIVITY_STREAM": false,
            "MOZ_ANDROID_HISTORY": true,
            "MOZ_ANDROID_MOZILLA_ONLINE": false,
            "MOZ_APP_NAME": "fennec",
            "MOZ_APP_VERSION": "68.1.1",
            "MOZ_APP_VERSION_DISPLAY": "68.1.1",
            "MOZ_BING_API_CLIENTID": "no-bing-api-clientid",
            "MOZ_BING_API_KEY": "no-bing-api-key",
            "MOZ_BITS_DOWNLOAD": false,
            "MOZ_BUILD_APP": "mobile/android",
            "MOZ_CODE_COVERAGE": false,
            "MOZ_CRASHREPORTER": true,
            "MOZ_DATA_REPORTING": true,
            "MOZ_DEV_EDITION": false,
            "MOZ_GECKO_PROFILER": true,
            "MOZ_GOOGLE_LOCATION_SERVICE_API_KEY": "AIzaSyB2h2OuRcUgy5N-5hsZqiPW6sH3n_rptiQ",
            "MOZ_GOOGLE_SAFEBROWSING_API_KEY": "AIzaSyC7jsptDS3am4tPx4r3nxis7IMjBc5Dovo",
            "MOZ_GRAPHENE": false,
            "MOZ_MACBUNDLE_NAME": "Firefox.app",
            "MOZ_MAINTENANCE_SERVICE": false,
            "MOZ_MOZILLA_API_KEY": "3b4d27dd-703d-4094-8398-4de2c763505a",
            "MOZ_NEW_CERT_STORAGE": false,
            "MOZ_NEW_NOTIFICATION_STORE": false,
            "MOZ_NEW_XULSTORE": false,
            "MOZ_OFFICIAL_BRANDING": false,
            "MOZ_PLACES": false,
            "MOZ_REQUIRE_SIGNING": false,
            "MOZ_SANDBOX": false,
            "MOZ_SERVICES_HEALTHREPORT": true,
            "MOZ_SERVICES_SYNC": false,
            "MOZ_SWITCHBOARD": true,
            "MOZ_SYSTEM_NSS": false,
            "MOZ_TELEMETRY_ON_BY_DEFAULT": false,
            "MOZ_TELEMETRY_REPORTING": true,
            "MOZ_UNSIGNED_SCOPES": 0,
            "MOZ_UPDATER": false,
            "MOZ_UPDATE_CHANNEL": "release",
            "MOZ_WEBRTC": true,
            "MOZ_WIDGET_GTK": false,
            "MOZ_WIDGET_TOOLKIT": "android",
            "NIGHTLY_BUILD": false,
            "OMNIJAR_NAME": "assets/omni.ja",
            "RELEASE_OR_BETA": true,
            "SOURCE_REVISION_URL": "https://hg.mozilla.org/releases/mozilla-esr68/rev/d2e0b9e17b9bc1ef02606c8006b73293f7892ad5",
            "TELEMETRY_PING_FORMAT_VERSION": 4,
            "XP_UNIX": true,
            "isPlatformAndVersionAtLeast": {},
            "isPlatformAndVersionAtMost": {},
            "platform": "android"
          },
          "asyncAppConstants": {
            "ACCESSIBILITY": true,
            "ANDROID_PACKAGE_NAME": "org.mozilla.firefox",
            "ASAN": false,
            "ASAN_REPORTER": false,
            "BROWSER_CHROME_URL": "chrome://browser/content/browser.xul",
            "DEBUG": false,
            "DEBUG_JS_MODULES": "",
            "DLL_PREFIX": "lib",
            "DLL_SUFFIX": ".so",
            "EARLY_BETA_OR_EARLIER": false,
            "FENNEC_NIGHTLY": false,
            "HAVE_SHELL_SERVICE": false,
            "HAVE_USR_LIB64_DIR": false,
            "MENUBAR_CAN_AUTOHIDE": false,
            "MOZILLA_OFFICIAL": true,
            "MOZ_ALLOW_LEGACY_EXTENSIONS": false,
            "MOZ_ANDROID_ACTIVITY_STREAM": false,
            "MOZ_ANDROID_HISTORY": true,
            "MOZ_ANDROID_MOZILLA_ONLINE": false,
            "MOZ_APP_NAME": "fennec",
            "MOZ_APP_VERSION": "68.1.1",
            "MOZ_APP_VERSION_DISPLAY": "68.1.1",
            "MOZ_BING_API_CLIENTID": "no-bing-api-clientid",
            "MOZ_BING_API_KEY": "no-bing-api-key",
            "MOZ_BITS_DOWNLOAD": false,
            "MOZ_BUILD_APP": "mobile/android",
            "MOZ_CODE_COVERAGE": false,
            "MOZ_CRASHREPORTER": true,
            "MOZ_DATA_REPORTING": true,
            "MOZ_DEV_EDITION": false,
            "MOZ_GECKO_PROFILER": true,
            "MOZ_GOOGLE_LOCATION_SERVICE_API_KEY": "AIzaSyB2h2OuRcUgy5N-5hsZqiPW6sH3n_rptiQ",
            "MOZ_GOOGLE_SAFEBROWSING_API_KEY": "AIzaSyC7jsptDS3am4tPx4r3nxis7IMjBc5Dovo",
            "MOZ_GRAPHENE": false,
            "MOZ_MACBUNDLE_NAME": "Firefox.app",
            "MOZ_MAINTENANCE_SERVICE": false,
            "MOZ_MOZILLA_API_KEY": "3b4d27dd-703d-4094-8398-4de2c763505a",
            "MOZ_NEW_CERT_STORAGE": false,
            "MOZ_NEW_NOTIFICATION_STORE": false,
            "MOZ_NEW_XULSTORE": false,
            "MOZ_OFFICIAL_BRANDING": false,
            "MOZ_PLACES": false,
            "MOZ_REQUIRE_SIGNING": false,
            "MOZ_SANDBOX": false,
            "MOZ_SERVICES_HEALTHREPORT": true,
            "MOZ_SERVICES_SYNC": false,
            "MOZ_SWITCHBOARD": true,
            "MOZ_SYSTEM_NSS": false,
            "MOZ_TELEMETRY_ON_BY_DEFAULT": false,
            "MOZ_TELEMETRY_REPORTING": true,
            "MOZ_UNSIGNED_SCOPES": 0,
            "MOZ_UPDATER": false,
            "MOZ_UPDATE_CHANNEL": "release",
            "MOZ_WEBRTC": true,
            "MOZ_WIDGET_GTK": false,
            "MOZ_WIDGET_TOOLKIT": "android",
            "NIGHTLY_BUILD": false,
            "OMNIJAR_NAME": "assets/omni.ja",
            "RELEASE_OR_BETA": true,
            "SOURCE_REVISION_URL": "https://hg.mozilla.org/releases/mozilla-esr68/rev/d2e0b9e17b9bc1ef02606c8006b73293f7892ad5",
            "TELEMETRY_PING_FORMAT_VERSION": 4,
            "XP_UNIX": true,
            "isPlatformAndVersionAtLeast": {},
            "isPlatformAndVersionAtMost": {},
            "platform": "android"
          },
          "userAgent": "Mozilla/5.0 (Android 9; Mobile; rv:68.0) Gecko/68.0 Firefox/68.0",
          "windowSize": "360x612"
        },
        "pageinfo": {
          "documentHeight": 6191,
          "documentSize": {
            "decodedBodySize": 9947,
            "encodedBodySize": 9947,
            "transferSize": 10432
          },
          "documentTitle": "I stole this - Imgur",
          "documentWidth": 360,
          "domElements": 345,
          "navigationStartTime": 1617115885702,
          "nextHopProtocol": "h2",
          "resources": {
            "count": 0,
            "duration": 0
          },
          "responsive": true,
          "url": "https://m.imgur.com/gallery/jjsrLdC",
          "visualElements": {
            "heroes": [
              {
                "filename": "icon-60.aeae2a69bbbc69bdbebcc6f3cc38b2c4.png",
                "height": 40,
                "name": "LargestImage",
                "width": 40,
                "x": 26,
                "y": 482
              },
              {
                "filename": null,
                "height": 38,
                "name": "Heading",
                "width": 340,
                "x": 10,
                "y": 126
              }
            ],
            "viewport": {
              "height": 612,
              "width": 360
            }
          }
        },
        "timings": {
          "firstPaint": 873,
          "loadEventEnd": 15571,
          "navigationTiming": {
            "connectStart": 559,
            "domComplete": 15538,
            "domContentLoadedEventEnd": 2534,
            "domContentLoadedEventStart": 2527,
            "domInteractive": 1368,
            "domainLookupEnd": 559,
            "domainLookupStart": 558,
            "duration": 15571,
            "fetchStart": 517,
            "loadEventEnd": 15571,
            "loadEventStart": 15538,
            "redirectEnd": 513,
            "redirectStart": 3,
            "requestStart": 567,
            "responseEnd": 695,
            "responseStart": 695,
            "secureConnectionStart": 0,
            "startTime": 0,
            "unloadEventEnd": 0,
            "unloadEventStart": 0,
            "workerStart": 0
          },
          "pageTimings": {
            "backEndTime": 695,
            "domContentLoadedTime": 2527,
            "domInteractiveTime": 1368,
            "domainLookupTime": 0,
            "frontEndTime": 14843,
            "pageDownloadTime": 0,
            "pageLoadTime": 15538,
            "redirectionTime": 511,
            "serverConnectionTime": 0,
            "serverResponseTime": 128
          },
          "rumSpeedIndex": 695,
          "timeToContentfulPaint": 1019,
          "timeToDomContentFlushed": 2456,
          "userTimings": {
            "marks": [
              {
                "name": "gpt-tag-load",
                "startTime": 13632.24
              },
              {
                "name": "gpt-first-ad-request",
                "startTime": 13936.8
              },
              {
                "name": "gpt-first-ad-render",
                "startTime": 15005.68
              },
              {
                "name": "loadStarteventUtils",
                "startTime": 15231.1
              },
              {
                "name": "loadEndeventUtils",
                "startTime": 15231.3
              },
              {
                "name": "loadStartpixelQueue",
                "startTime": 15231.4
              },
              {
                "name": "loadEndpixelQueue",
                "startTime": 15231.44
              }
            ],
            "measures": [
              {
                "duration": 0.2000000000007276,
                "name": "lteu",
                "startTime": 15231.1
              },
              {
                "duration": 0.040000000000873115,
                "name": "ltpq",
                "startTime": 15231.4
              }
            ]
          }
        }
      },
      {
        "browser": {
          "appConstants": {
            "ACCESSIBILITY": true,
            "ANDROID_PACKAGE_NAME": "org.mozilla.firefox",
            "ASAN": false,
            "ASAN_REPORTER": false,
            "BROWSER_CHROME_URL": "chrome://browser/content/browser.xul",
            "DEBUG": false,
            "DEBUG_JS_MODULES": "",
            "DLL_PREFIX": "lib",
            "DLL_SUFFIX": ".so",
            "EARLY_BETA_OR_EARLIER": false,
            "FENNEC_NIGHTLY": false,
            "HAVE_SHELL_SERVICE": false,
            "HAVE_USR_LIB64_DIR": false,
            "MENUBAR_CAN_AUTOHIDE": false,
            "MOZILLA_OFFICIAL": true,
            "MOZ_ALLOW_LEGACY_EXTENSIONS": false,
            "MOZ_ANDROID_ACTIVITY_STREAM": false,
            "MOZ_ANDROID_HISTORY": true,
            "MOZ_ANDROID_MOZILLA_ONLINE": false,
            "MOZ_APP_NAME": "fennec",
            "MOZ_APP_VERSION": "68.1.1",
            "MOZ_APP_VERSION_DISPLAY": "68.1.1",
            "MOZ_BING_API_CLIENTID": "no-bing-api-clientid",
            "MOZ_BING_API_KEY": "no-bing-api-key",
            "MOZ_BITS_DOWNLOAD": false,
            "MOZ_BUILD_APP": "mobile/android",
            "MOZ_CODE_COVERAGE": false,
            "MOZ_CRASHREPORTER": true,
            "MOZ_DATA_REPORTING": true,
            "MOZ_DEV_EDITION": false,
            "MOZ_GECKO_PROFILER": true,
            "MOZ_GOOGLE_LOCATION_SERVICE_API_KEY": "AIzaSyB2h2OuRcUgy5N-5hsZqiPW6sH3n_rptiQ",
            "MOZ_GOOGLE_SAFEBROWSING_API_KEY": "AIzaSyC7jsptDS3am4tPx4r3nxis7IMjBc5Dovo",
            "MOZ_GRAPHENE": false,
            "MOZ_MACBUNDLE_NAME": "Firefox.app",
            "MOZ_MAINTENANCE_SERVICE": false,
            "MOZ_MOZILLA_API_KEY": "3b4d27dd-703d-4094-8398-4de2c763505a",
            "MOZ_NEW_CERT_STORAGE": false,
            "MOZ_NEW_NOTIFICATION_STORE": false,
            "MOZ_NEW_XULSTORE": false,
            "MOZ_OFFICIAL_BRANDING": false,
            "MOZ_PLACES": false,
            "MOZ_REQUIRE_SIGNING": false,
            "MOZ_SANDBOX": false,
            "MOZ_SERVICES_HEALTHREPORT": true,
            "MOZ_SERVICES_SYNC": false,
            "MOZ_SWITCHBOARD": true,
            "MOZ_SYSTEM_NSS": false,
            "MOZ_TELEMETRY_ON_BY_DEFAULT": false,
            "MOZ_TELEMETRY_REPORTING": true,
            "MOZ_UNSIGNED_SCOPES": 0,
            "MOZ_UPDATER": false,
            "MOZ_UPDATE_CHANNEL": "release",
            "MOZ_WEBRTC": true,
            "MOZ_WIDGET_GTK": false,
            "MOZ_WIDGET_TOOLKIT": "android",
            "NIGHTLY_BUILD": false,
            "OMNIJAR_NAME": "assets/omni.ja",
            "RELEASE_OR_BETA": true,
            "SOURCE_REVISION_URL": "https://hg.mozilla.org/releases/mozilla-esr68/rev/d2e0b9e17b9bc1ef02606c8006b73293f7892ad5",
            "TELEMETRY_PING_FORMAT_VERSION": 4,
            "XP_UNIX": true,
            "isPlatformAndVersionAtLeast": {},
            "isPlatformAndVersionAtMost": {},
            "platform": "android"
          },
          "asyncAppConstants": {
            "ACCESSIBILITY": true,
            "ANDROID_PACKAGE_NAME": "org.mozilla.firefox",
            "ASAN": false,
            "ASAN_REPORTER": false,
            "BROWSER_CHROME_URL": "chrome://browser/content/browser.xul",
            "DEBUG": false,
            "DEBUG_JS_MODULES": "",
            "DLL_PREFIX": "lib",
            "DLL_SUFFIX": ".so",
            "EARLY_BETA_OR_EARLIER": false,
            "FENNEC_NIGHTLY": false,
            "HAVE_SHELL_SERVICE": false,
            "HAVE_USR_LIB64_DIR": false,
            "MENUBAR_CAN_AUTOHIDE": false,
            "MOZILLA_OFFICIAL": true,
            "MOZ_ALLOW_LEGACY_EXTENSIONS": false,
            "MOZ_ANDROID_ACTIVITY_STREAM": false,
            "MOZ_ANDROID_HISTORY": true,
            "MOZ_ANDROID_MOZILLA_ONLINE": false,
            "MOZ_APP_NAME": "fennec",
            "MOZ_APP_VERSION": "68.1.1",
            "MOZ_APP_VERSION_DISPLAY": "68.1.1",
            "MOZ_BING_API_CLIENTID": "no-bing-api-clientid",
            "MOZ_BING_API_KEY": "no-bing-api-key",
            "MOZ_BITS_DOWNLOAD": false,
            "MOZ_BUILD_APP": "mobile/android",
            "MOZ_CODE_COVERAGE": false,
            "MOZ_CRASHREPORTER": true,
            "MOZ_DATA_REPORTING": true,
            "MOZ_DEV_EDITION": false,
            "MOZ_GECKO_PROFILER": true,
            "MOZ_GOOGLE_LOCATION_SERVICE_API_KEY": "AIzaSyB2h2OuRcUgy5N-5hsZqiPW6sH3n_rptiQ",
            "MOZ_GOOGLE_SAFEBROWSING_API_KEY": "AIzaSyC7jsptDS3am4tPx4r3nxis7IMjBc5Dovo",
            "MOZ_GRAPHENE": false,
            "MOZ_MACBUNDLE_NAME": "Firefox.app",
            "MOZ_MAINTENANCE_SERVICE": false,
            "MOZ_MOZILLA_API_KEY": "3b4d27dd-703d-4094-8398-4de2c763505a",
            "MOZ_NEW_CERT_STORAGE": false,
            "MOZ_NEW_NOTIFICATION_STORE": false,
            "MOZ_NEW_XULSTORE": false,
            "MOZ_OFFICIAL_BRANDING": false,
            "MOZ_PLACES": false,
            "MOZ_REQUIRE_SIGNING": false,
            "MOZ_SANDBOX": false,
            "MOZ_SERVICES_HEALTHREPORT": true,
            "MOZ_SERVICES_SYNC": false,
            "MOZ_SWITCHBOARD": true,
            "MOZ_SYSTEM_NSS": false,
            "MOZ_TELEMETRY_ON_BY_DEFAULT": false,
            "MOZ_TELEMETRY_REPORTING": true,
            "MOZ_UNSIGNED_SCOPES": 0,
            "MOZ_UPDATER": false,
            "MOZ_UPDATE_CHANNEL": "release",
            "MOZ_WEBRTC": true,
            "MOZ_WIDGET_GTK": false,
            "MOZ_WIDGET_TOOLKIT": "android",
            "NIGHTLY_BUILD": false,
            "OMNIJAR_NAME": "assets/omni.ja",
            "RELEASE_OR_BETA": true,
            "SOURCE_REVISION_URL": "https://hg.mozilla.org/releases/mozilla-esr68/rev/d2e0b9e17b9bc1ef02606c8006b73293f7892ad5",
            "TELEMETRY_PING_FORMAT_VERSION": 4,
            "XP_UNIX": true,
            "isPlatformAndVersionAtLeast": {},
            "isPlatformAndVersionAtMost": {},
            "platform": "android"
          },
          "userAgent": "Mozilla/5.0 (Android 9; Mobile; rv:68.0) Gecko/68.0 Firefox/68.0",
          "windowSize": "360x612"
        },
        "pageinfo": {
          "documentHeight": 6191,
          "documentSize": {
            "decodedBodySize": 9947,
            "encodedBodySize": 9947,
            "transferSize": 10433
          },
          "documentTitle": "I stole this - Imgur",
          "documentWidth": 360,
          "domElements": 357,
          "navigationStartTime": 1617115916214,
          "nextHopProtocol": "h2",
          "resources": {
            "count": 0,
            "duration": 0
          },
          "responsive": true,
          "url": "https://m.imgur.com/gallery/jjsrLdC",
          "visualElements": {
            "heroes": [
              {
                "filename": "icon-60.aeae2a69bbbc69bdbebcc6f3cc38b2c4.png",
                "height": 40,
                "name": "LargestImage",
                "width": 40,
                "x": 26,
                "y": 482
              },
              {
                "filename": null,
                "height": 38,
                "name": "Heading",
                "width": 340,
                "x": 10,
                "y": 126
              }
            ],
            "viewport": {
              "height": 612,
              "width": 360
            }
          }
        },
        "timings": {
          "firstPaint": 927,
          "loadEventEnd": 14768,
          "navigationTiming": {
            "connectStart": 594,
            "domComplete": 14746,
            "domContentLoadedEventEnd": 2350,
            "domContentLoadedEventStart": 2343,
            "domInteractive": 1386,
            "domainLookupEnd": 593,
            "domainLookupStart": 592,
            "duration": 14768,
            "fetchStart": 544,
            "loadEventEnd": 14768,
            "loadEventStart": 14747,
            "redirectEnd": 539,
            "redirectStart": 2,
            "requestStart": 602,
            "responseEnd": 736,
            "responseStart": 732,
            "secureConnectionStart": 0,
            "startTime": 0,
            "unloadEventEnd": 0,
            "unloadEventStart": 0,
            "workerStart": 0
          },
          "pageTimings": {
            "backEndTime": 732,
            "domContentLoadedTime": 2343,
            "domInteractiveTime": 1386,
            "domainLookupTime": 0,
            "frontEndTime": 14010,
            "pageDownloadTime": 5,
            "pageLoadTime": 14747,
            "redirectionTime": 537,
            "serverConnectionTime": 0,
            "serverResponseTime": 134
          },
          "rumSpeedIndex": 731,
          "timeToContentfulPaint": 1071,
          "timeToDomContentFlushed": 2287,
          "userTimings": {
            "marks": [
              {
                "name": "gpt-tag-load",
                "startTime": 12921.8
              },
              {
                "name": "gpt-first-ad-request",
                "startTime": 13226.18
              },
              {
                "name": "loadStarteventUtils",
                "startTime": 13785.82
              },
              {
                "name": "loadEndeventUtils",
                "startTime": 13785.98
              },
              {
                "name": "loadStartpixelQueue",
                "startTime": 13786.08
              },
              {
                "name": "loadEndpixelQueue",
                "startTime": 13786.12
              },
              {
                "name": "gpt-first-ad-render",
                "startTime": 14356.16
              }
            ],
            "measures": [
              {
                "duration": 0.15999999999985448,
                "name": "lteu",
                "startTime": 13785.82
              },
              {
                "duration": 0.040000000000873115,
                "name": "ltpq",
                "startTime": 13786.08
              }
            ]
          }
        }
      }
    ],
    "visualMetrics": [],
    "cpu": [],
    "extras": [
      {},
      {},
      {}
    ],
    "fullyLoaded": [],
    "errors": [
      [],
      [],
      []
    ],
    "statistics": {
      "browser": {
        "appConstants": {
          "MOZ_UNSIGNED_SCOPES": {
            "median": 0,
            "mean": 0,
            "mdev": 0,
            "stddev": 0,
            "min": 0,
            "p10": 0,
            "p90": 0,
            "p99": 0,
            "max": 0
          },
          "TELEMETRY_PING_FORMAT_VERSION": {
            "median": 4,
            "mean": 4,
            "mdev": 0,
            "stddev": 0,
            "min": 4,
            "p10": 4,
            "p90": 4,
            "p99": 4,
            "max": 4
          }
        },
        "asyncAppConstants": {
          "MOZ_UNSIGNED_SCOPES": {
            "median": 0,
            "mean": 0,
            "mdev": 0,
            "stddev": 0,
            "min": 0,
            "p10": 0,
            "p90": 0,
            "p99": 0,
            "max": 0
          },
          "TELEMETRY_PING_FORMAT_VERSION": {
            "median": 4,
            "mean": 4,
            "mdev": 0,
            "stddev": 0,
            "min": 4,
            "p10": 4,
            "p90": 4,
            "p99": 4,
            "max": 4
          }
        }
      },
      "pageinfo": {
        "documentHeight": {
          "median": 6191,
          "mean": 6191,
          "mdev": 0,
          "stddev": 0,
          "min": 6191,
          "p10": 6191,
          "p90": 6191,
          "p99": 6191,
          "max": 6191
        },
        "documentSize": {
          "decodedBodySize": {
            "median": 9947,
            "mean": 9947,
            "mdev": 0,
            "stddev": 0,
            "min": 9947,
            "p10": 9947,
            "p90": 9947,
            "p99": 9947,
            "max": 9947
          },
          "encodedBodySize": {
            "median": 9947,
            "mean": 9947,
            "mdev": 0,
            "stddev": 0,
            "min": 9947,
            "p10": 9947,
            "p90": 9947,
            "p99": 9947,
            "max": 9947
          },
          "transferSize": {
            "median": 10433,
            "mean": 10433,
            "mdev": 0.2722,
            "stddev": 0,
            "min": 10432,
            "p10": 10432,
            "p90": 10433,
            "p99": 10433,
            "max": 10433
          }
        },
        "documentWidth": {
          "median": 360,
          "mean": 360,
          "mdev": 0,
          "stddev": 0,
          "min": 360,
          "p10": 360,
          "p90": 360,
          "p99": 360,
          "max": 360
        },
        "domElements": {
          "median": 345,
          "mean": 346,
          "mdev": 5.1926,
          "stddev": 9,
          "min": 335,
          "p10": 335,
          "p90": 357,
          "p99": 357,
          "max": 357
        },
        "navigationStartTime": {
          "median": 1617115885702,
          "mean": 1617115884334,
          "mdev": 12612.4091,
          "stddev": 21845,
          "min": 1617115851086,
          "p10": 1617115851086,
          "p90": 1617115916214,
          "p99": 1617115916214,
          "max": 1617115916214
        },
        "resources": {
          "count": {
            "median": 0,
            "mean": 0,
            "mdev": 0,
            "stddev": 0,
            "min": 0,
            "p10": 0,
            "p90": 0,
            "p99": 0,
            "max": 0
          },
          "duration": {
            "median": 0,
            "mean": 0,
            "mdev": 0,
            "stddev": 0,
            "min": 0,
            "p10": 0,
            "p90": 0,
            "p99": 0,
            "max": 0
          }
        },
        "visualElements": {
          "heroes": [
            {
              "height": {
                "median": 40,
                "mean": 40,
                "mdev": 0,
                "stddev": 0,
                "min": 40,
                "p10": 40,
                "p90": 40,
                "p99": 40,
                "max": 40
              },
              "width": {
                "median": 40,
                "mean": 40,
                "mdev": 0,
                "stddev": 0,
                "min": 40,
                "p10": 40,
                "p90": 40,
                "p99": 40,
                "max": 40
              },
              "x": {
                "median": 26,
                "mean": 26,
                "mdev": 0,
                "stddev": 0,
                "min": 26,
                "p10": 26,
                "p90": 26,
                "p99": 26,
                "max": 26
              },
              "y": {
                "median": 482,
                "mean": 482,
                "mdev": 0,
                "stddev": 0,
                "min": 482,
                "p10": 482,
                "p90": 482,
                "p99": 482,
                "max": 482
              }
            },
            {
              "height": {
                "median": 38,
                "mean": 38,
                "mdev": 0,
                "stddev": 0,
                "min": 38,
                "p10": 38,
                "p90": 38,
                "p99": 38,
                "max": 38
              },
              "width": {
                "median": 340,
                "mean": 340,
                "mdev": 0,
                "stddev": 0,
                "min": 340,
                "p10": 340,
                "p90": 340,
                "p99": 340,
                "max": 340
              },
              "x": {
                "median": 10,
                "mean": 10,
                "mdev": 0,
                "stddev": 0,
                "min": 10,
                "p10": 10,
                "p90": 10,
                "p99": 10,
                "max": 10
              },
              "y": {
                "median": 126,
                "mean": 126,
                "mdev": 0,
                "stddev": 0,
                "min": 126,
                "p10": 126,
                "p90": 126,
                "p99": 126,
                "max": 126
              }
            }
          ],
          "viewport": {
            "height": {
              "median": 612,
              "mean": 612,
              "mdev": 0,
              "stddev": 0,
              "min": 612,
              "p10": 612,
              "p90": 612,
              "p99": 612,
              "max": 612
            },
            "width": {
              "median": 360,
              "mean": 360,
              "mdev": 0,
              "stddev": 0,
              "min": 360,
              "p10": 360,
              "p90": 360,
              "p99": 360,
              "max": 360
            }
          }
        }
      },
      "timings": {
        "firstPaint": {
          "median": 927,
          "mean": 915,
          "mdev": 17.4759,
          "stddev": 30,
          "min": 873,
          "p10": 873,
          "p90": 944,
          "p99": 944,
          "max": 944
        },
        "loadEventEnd": {
          "median": 15571,
          "mean": 17431,
          "mdev": 1855.9111,
          "stddev": 3215,
          "min": 14768,
          "p10": 14768,
          "p90": 21953,
          "p99": 21953,
          "max": 21953
        },
        "navigationTiming": {
          "connectStart": {
            "median": 594,
            "mean": 589,
            "mdev": 13.3361,
            "stddev": 23,
            "min": 559,
            "p10": 559,
            "p90": 615,
            "p99": 615,
            "max": 615
          },
          "domComplete": {
            "median": 15538,
            "mean": 17386,
            "mdev": 1841.7036,
            "stddev": 3190,
            "min": 14746,
            "p10": 14746,
            "p90": 21874,
            "p99": 21874,
            "max": 21874
          },
          "domContentLoadedEventEnd": {
            "median": 2534,
            "mean": 2545,
            "mdev": 94.8652,
            "stddev": 164,
            "min": 2350,
            "p10": 2350,
            "p90": 2752,
            "p99": 2752,
            "max": 2752
          },
          "domContentLoadedEventStart": {
            "median": 2527,
            "mean": 2539,
            "mdev": 95.1073,
            "stddev": 165,
            "min": 2343,
            "p10": 2343,
            "p90": 2746,
            "p99": 2746,
            "max": 2746
          },
          "domInteractive": {
            "median": 1386,
            "mean": 1455,
            "mdev": 64.0995,
            "stddev": 111,
            "min": 1368,
            "p10": 1368,
            "p90": 1612,
            "p99": 1612,
            "max": 1612
          },
          "domainLookupEnd": {
            "median": 593,
            "mean": 589,
            "mdev": 13.0838,
            "stddev": 23,
            "min": 559,
            "p10": 559,
            "p90": 614,
            "p99": 614,
            "max": 614
          },
          "domainLookupStart": {
            "median": 592,
            "mean": 588,
            "mdev": 13.3,
            "stddev": 23,
            "min": 558,
            "p10": 558,
            "p90": 614,
            "p99": 614,
            "max": 614
          },
          "duration": {
            "median": 15571,
            "mean": 17431,
            "mdev": 1855.9111,
            "stddev": 3215,
            "min": 14768,
            "p10": 14768,
            "p90": 21953,
            "p99": 21953,
            "max": 21953
          },
          "fetchStart": {
            "median": 544,
            "mean": 545,
            "mdev": 13.2021,
            "stddev": 23,
            "min": 517,
            "p10": 517,
            "p90": 573,
            "p99": 573,
            "max": 573
          },
          "loadEventEnd": {
            "median": 15571,
            "mean": 17431,
            "mdev": 1855.9111,
            "stddev": 3215,
            "min": 14768,
            "p10": 14768,
            "p90": 21953,
            "p99": 21953,
            "max": 21953
          },
          "loadEventStart": {
            "median": 15538,
            "mean": 17386,
            "mdev": 1841.5443,
            "stddev": 3190,
            "min": 14747,
            "p10": 14747,
            "p90": 21874,
            "p99": 21874,
            "max": 21874
          },
          "redirectEnd": {
            "median": 539,
            "mean": 540,
            "mdev": 13.2105,
            "stddev": 23,
            "min": 513,
            "p10": 513,
            "p90": 569,
            "p99": 569,
            "max": 569
          },
          "redirectStart": {
            "median": 2,
            "mean": 2,
            "mdev": 0.2722,
            "stddev": 0,
            "min": 2,
            "p10": 2,
            "p90": 3,
            "p99": 3,
            "max": 3
          },
          "requestStart": {
            "median": 602,
            "mean": 597,
            "mdev": 13.1233,
            "stddev": 23,
            "min": 567,
            "p10": 567,
            "p90": 622,
            "p99": 622,
            "max": 622
          },
          "responseEnd": {
            "median": 736,
            "mean": 728,
            "mdev": 14.0554,
            "stddev": 24,
            "min": 695,
            "p10": 695,
            "p90": 753,
            "p99": 753,
            "max": 753
          },
          "responseStart": {
            "median": 732,
            "mean": 726,
            "mdev": 13.4247,
            "stddev": 23,
            "min": 695,
            "p10": 695,
            "p90": 751,
            "p99": 751,
            "max": 751
          },
          "secureConnectionStart": {
            "median": 0,
            "mean": 0,
            "mdev": 0,
            "stddev": 0,
            "min": 0,
            "p10": 0,
            "p90": 0,
            "p99": 0,
            "max": 0
          },
          "startTime": {
            "median": 0,
            "mean": 0,
            "mdev": 0,
            "stddev": 0,
            "min": 0,
            "p10": 0,
            "p90": 0,
            "p99": 0,
            "max": 0
          },
          "unloadEventEnd": {
            "median": 0,
            "mean": 0,
            "mdev": 0,
            "stddev": 0,
            "min": 0,
            "p10": 0,
            "p90": 0,
            "p99": 0,
            "max": 0
          },
          "unloadEventStart": {
            "median": 0,
            "mean": 0,
            "mdev": 0,
            "stddev": 0,
            "min": 0,
            "p10": 0,
            "p90": 0,
            "p99": 0,
            "max": 0
          },
          "workerStart": {
            "median": 0,
            "mean": 0,
            "mdev": 0,
            "stddev": 0,
            "min": 0,
            "p10": 0,
            "p90": 0,
            "p99": 0,
            "max": 0
          }
        },
        "pageTimings": {
          "backEndTime": {
            "median": 732,
            "mean": 726,
            "mdev": 13.4247,
            "stddev": 23,
            "min": 695,
            "p10": 695,
            "p90": 751,
            "p99": 751,
            "max": 751
          },
          "domContentLoadedTime": {
            "median": 2527,
            "mean": 2539,
            "mdev": 95.1073,
            "stddev": 165,
            "min": 2343,
            "p10": 2343,
            "p90": 2746,
            "p99": 2746,
            "max": 2746
          },
          "domInteractiveTime": {
            "median": 1386,
            "mean": 1455,
            "mdev": 64.0995,
            "stddev": 111,
            "min": 1368,
            "p10": 1368,
            "p90": 1612,
            "p99": 1612,
            "max": 1612
          },
          "domainLookupTime": {
            "median": 0,
            "mean": 0,
            "mdev": 0,
            "stddev": 0,
            "min": 0,
            "p10": 0,
            "p90": 0,
            "p99": 0,
            "max": 0
          },
          "frontEndTime": {
            "median": 14843,
            "mean": 16658,
            "mdev": 1832.5604,
            "stddev": 3174,
            "min": 14010,
            "p10": 14010,
            "p90": 21121,
            "p99": 21121,
            "max": 21121
          },
          "pageDownloadTime": {
            "median": 2,
            "mean": 2,
            "mdev": 1.1863,
            "stddev": 2,
            "min": 0,
            "p10": 0,
            "p90": 5,
            "p99": 5,
            "max": 5
          },
          "pageLoadTime": {
            "median": 15538,
            "mean": 17386,
            "mdev": 1841.5443,
            "stddev": 3190,
            "min": 14747,
            "p10": 14747,
            "p90": 21874,
            "p99": 21874,
            "max": 21874
          },
          "redirectionTime": {
            "median": 537,
            "mean": 538,
            "mdev": 12.9701,
            "stddev": 22,
            "min": 511,
            "p10": 511,
            "p90": 566,
            "p99": 566,
            "max": 566
          },
          "serverConnectionTime": {
            "median": 0,
            "mean": 0,
            "mdev": 0,
            "stddev": 0,
            "min": 0,
            "p10": 0,
            "p90": 0,
            "p99": 0,
            "max": 0
          },
          "serverResponseTime": {
            "median": 131,
            "mean": 131,
            "mdev": 1.4142,
            "stddev": 2,
            "min": 128,
            "p10": 128,
            "p90": 134,
            "p99": 134,
            "max": 134
          }
        },
        "rumSpeedIndex": {
          "median": 731,
          "mean": 725,
          "mdev": 13.1684,
          "stddev": 23,
          "min": 695,
          "p10": 695,
          "p90": 750,
          "p99": 750,
          "max": 750
        },
        "timeToContentfulPaint": {
          "median": 1071,
          "mean": 1060,
          "mdev": 17.5204,
          "stddev": 30,
          "min": 1019,
          "p10": 1019,
          "p90": 1091,
          "p99": 1091,
          "max": 1091
        },
        "timeToDomContentFlushed": {
          "median": 2456,
          "mean": 2479,
          "mdev": 96.1415,
          "stddev": 167,
          "min": 2287,
          "p10": 2287,
          "p90": 2693,
          "p99": 2693,
          "max": 2693
        },
        "userTimings": {
          "marks": {
            "gpt-tag-load": {
              "median": 12922,
              "mean": 12059,
              "mdev": 1008.5082,
              "stddev": 1747,
              "min": 9623,
              "p10": 9623,
              "p90": 13632,
              "p99": 13632,
              "max": 13632
            },
            "gpt-first-ad-request": {
              "median": 13226,
              "mean": 12391,
              "mdev": 986.1739,
              "stddev": 1708,
              "min": 10011,
              "p10": 10011,
              "p90": 13937,
              "p99": 13937,
              "max": 13937
            },
            "gpt-first-ad-render": {
              "median": 14356,
              "mean": 14543,
              "mdev": 190.2821,
              "stddev": 330,
              "min": 14266,
              "p10": 14266,
              "p90": 15006,
              "p99": 15006,
              "max": 15006
            },
            "loadStarteventUtils": {
              "median": 15231,
              "mean": 14981,
              "mdev": 514.5136,
              "stddev": 891,
              "min": 13786,
              "p10": 13786,
              "p90": 15925,
              "p99": 15925,
              "max": 15925
            },
            "loadEndeventUtils": {
              "median": 15231,
              "mean": 14981,
              "mdev": 514.5158,
              "stddev": 891,
              "min": 13786,
              "p10": 13786,
              "p90": 15925,
              "p99": 15925,
              "max": 15925
            },
            "loadStartpixelQueue": {
              "median": 15231,
              "mean": 14981,
              "mdev": 514.5117,
              "stddev": 891,
              "min": 13786,
              "p10": 13786,
              "p90": 15925,
              "p99": 15925,
              "max": 15925
            },
            "loadEndpixelQueue": {
              "median": 15231,
              "mean": 14981,
              "mdev": 514.5158,
              "stddev": 891,
              "min": 13786,
              "p10": 13786,
              "p90": 15926,
              "p99": 15926,
              "max": 15926
            }
          },
          "measures": {
            "lteu": {
              "median": 0,
              "mean": 0,
              "mdev": 0.0109,
              "stddev": 0,
              "min": 0,
              "p10": 0,
              "p90": 0,
              "p99": 0,
              "max": 0
            },
            "ltpq": {
              "median": 0,
              "mean": 0,
              "mdev": 0.0054,
              "stddev": 0,
              "min": 0,
              "p10": 0,
              "p90": 0,
              "p99": 0,
              "max": 0
            }
          }
        }
      }
    }
  }
]