[
  {
    "info": {
      "browsertime": {
        "version": "8.4.0"
      },
      "url": "https://soundcloud.com/",
      "timestamp": "2021-03-30T20:23:48+04:00",
      "connectivity": {
        "engine": "external",
        "profile": "native"
      },
      "extra": {}
    },
    "files": {
      "video": [],
      "screenshot": [],
      "timeline": [],
      "consoleLog": [],
      "netLog": [],
      "perfLog": []
    },
    "cdp": {
      "performance": []
    },
    "timestamps": [
      "2021-03-30T20:23:35+04:00",
      "2021-03-30T20:23:55+04:00",
      "2021-03-30T20:24:12+04:00"
    ],
    "browserScripts": [
      {
        "browser": {
          "appConstants": {
            "ACCESSIBILITY": true,
            "ANDROID_PACKAGE_NAME": "org.mozilla.firefox",
            "ASAN": false,
            "ASAN_REPORTER": false,
            "BROWSER_CHROME_URL": "chrome://browser/content/browser.xul",
            "DEBUG": false,
            "DEBUG_JS_MODULES": "",
            "DLL_PREFIX": "lib",
            "DLL_SUFFIX": ".so",
            "EARLY_BETA_OR_EARLIER": false,
            "FENNEC_NIGHTLY": false,
            "HAVE_SHELL_SERVICE": false,
            "HAVE_USR_LIB64_DIR": false,
            "MENUBAR_CAN_AUTOHIDE": false,
            "MOZILLA_OFFICIAL": true,
            "MOZ_ALLOW_LEGACY_EXTENSIONS": false,
            "MOZ_ANDROID_ACTIVITY_STREAM": false,
            "MOZ_ANDROID_HISTORY": true,
            "MOZ_ANDROID_MOZILLA_ONLINE": false,
            "MOZ_APP_NAME": "fennec",
            "MOZ_APP_VERSION": "68.1.1",
            "MOZ_APP_VERSION_DISPLAY": "68.1.1",
            "MOZ_BING_API_CLIENTID": "no-bing-api-clientid",
            "MOZ_BING_API_KEY": "no-bing-api-key",
            "MOZ_BITS_DOWNLOAD": false,
            "MOZ_BUILD_APP": "mobile/android",
            "MOZ_CODE_COVERAGE": false,
            "MOZ_CRASHREPORTER": true,
            "MOZ_DATA_REPORTING": true,
            "MOZ_DEV_EDITION": false,
            "MOZ_GECKO_PROFILER": true,
            "MOZ_GOOGLE_LOCATION_SERVICE_API_KEY": "AIzaSyB2h2OuRcUgy5N-5hsZqiPW6sH3n_rptiQ",
            "MOZ_GOOGLE_SAFEBROWSING_API_KEY": "AIzaSyC7jsptDS3am4tPx4r3nxis7IMjBc5Dovo",
            "MOZ_GRAPHENE": false,
            "MOZ_MACBUNDLE_NAME": "Firefox.app",
            "MOZ_MAINTENANCE_SERVICE": false,
            "MOZ_MOZILLA_API_KEY": "3b4d27dd-703d-4094-8398-4de2c763505a",
            "MOZ_NEW_CERT_STORAGE": false,
            "MOZ_NEW_NOTIFICATION_STORE": false,
            "MOZ_NEW_XULSTORE": false,
            "MOZ_OFFICIAL_BRANDING": false,
            "MOZ_PLACES": false,
            "MOZ_REQUIRE_SIGNING": false,
            "MOZ_SANDBOX": false,
            "MOZ_SERVICES_HEALTHREPORT": true,
            "MOZ_SERVICES_SYNC": false,
            "MOZ_SWITCHBOARD": true,
            "MOZ_SYSTEM_NSS": false,
            "MOZ_TELEMETRY_ON_BY_DEFAULT": false,
            "MOZ_TELEMETRY_REPORTING": true,
            "MOZ_UNSIGNED_SCOPES": 0,
            "MOZ_UPDATER": false,
            "MOZ_UPDATE_CHANNEL": "release",
            "MOZ_WEBRTC": true,
            "MOZ_WIDGET_GTK": false,
            "MOZ_WIDGET_TOOLKIT": "android",
            "NIGHTLY_BUILD": false,
            "OMNIJAR_NAME": "assets/omni.ja",
            "RELEASE_OR_BETA": true,
            "SOURCE_REVISION_URL": "https://hg.mozilla.org/releases/mozilla-esr68/rev/d2e0b9e17b9bc1ef02606c8006b73293f7892ad5",
            "TELEMETRY_PING_FORMAT_VERSION": 4,
            "XP_UNIX": true,
            "isPlatformAndVersionAtLeast": {},
            "isPlatformAndVersionAtMost": {},
            "platform": "android"
          },
          "asyncAppConstants": {
            "ACCESSIBILITY": true,
            "ANDROID_PACKAGE_NAME": "org.mozilla.firefox",
            "ASAN": false,
            "ASAN_REPORTER": false,
            "BROWSER_CHROME_URL": "chrome://browser/content/browser.xul",
            "DEBUG": false,
            "DEBUG_JS_MODULES": "",
            "DLL_PREFIX": "lib",
            "DLL_SUFFIX": ".so",
            "EARLY_BETA_OR_EARLIER": false,
            "FENNEC_NIGHTLY": false,
            "HAVE_SHELL_SERVICE": false,
            "HAVE_USR_LIB64_DIR": false,
            "MENUBAR_CAN_AUTOHIDE": false,
            "MOZILLA_OFFICIAL": true,
            "MOZ_ALLOW_LEGACY_EXTENSIONS": false,
            "MOZ_ANDROID_ACTIVITY_STREAM": false,
            "MOZ_ANDROID_HISTORY": true,
            "MOZ_ANDROID_MOZILLA_ONLINE": false,
            "MOZ_APP_NAME": "fennec",
            "MOZ_APP_VERSION": "68.1.1",
            "MOZ_APP_VERSION_DISPLAY": "68.1.1",
            "MOZ_BING_API_CLIENTID": "no-bing-api-clientid",
            "MOZ_BING_API_KEY": "no-bing-api-key",
            "MOZ_BITS_DOWNLOAD": false,
            "MOZ_BUILD_APP": "mobile/android",
            "MOZ_CODE_COVERAGE": false,
            "MOZ_CRASHREPORTER": true,
            "MOZ_DATA_REPORTING": true,
            "MOZ_DEV_EDITION": false,
            "MOZ_GECKO_PROFILER": true,
            "MOZ_GOOGLE_LOCATION_SERVICE_API_KEY": "AIzaSyB2h2OuRcUgy5N-5hsZqiPW6sH3n_rptiQ",
            "MOZ_GOOGLE_SAFEBROWSING_API_KEY": "AIzaSyC7jsptDS3am4tPx4r3nxis7IMjBc5Dovo",
            "MOZ_GRAPHENE": false,
            "MOZ_MACBUNDLE_NAME": "Firefox.app",
            "MOZ_MAINTENANCE_SERVICE": false,
            "MOZ_MOZILLA_API_KEY": "3b4d27dd-703d-4094-8398-4de2c763505a",
            "MOZ_NEW_CERT_STORAGE": false,
            "MOZ_NEW_NOTIFICATION_STORE": false,
            "MOZ_NEW_XULSTORE": false,
            "MOZ_OFFICIAL_BRANDING": false,
            "MOZ_PLACES": false,
            "MOZ_REQUIRE_SIGNING": false,
            "MOZ_SANDBOX": false,
            "MOZ_SERVICES_HEALTHREPORT": true,
            "MOZ_SERVICES_SYNC": false,
            "MOZ_SWITCHBOARD": true,
            "MOZ_SYSTEM_NSS": false,
            "MOZ_TELEMETRY_ON_BY_DEFAULT": false,
            "MOZ_TELEMETRY_REPORTING": true,
            "MOZ_UNSIGNED_SCOPES": 0,
            "MOZ_UPDATER": false,
            "MOZ_UPDATE_CHANNEL": "release",
            "MOZ_WEBRTC": true,
            "MOZ_WIDGET_GTK": false,
            "MOZ_WIDGET_TOOLKIT": "android",
            "NIGHTLY_BUILD": false,
            "OMNIJAR_NAME": "assets/omni.ja",
            "RELEASE_OR_BETA": true,
            "SOURCE_REVISION_URL": "https://hg.mozilla.org/releases/mozilla-esr68/rev/d2e0b9e17b9bc1ef02606c8006b73293f7892ad5",
            "TELEMETRY_PING_FORMAT_VERSION": 4,
            "XP_UNIX": true,
            "isPlatformAndVersionAtLeast": {},
            "isPlatformAndVersionAtMost": {},
            "platform": "android"
          },
          "userAgent": "Mozilla/5.0 (Android 9; Mobile; rv:68.0) Gecko/68.0 Firefox/68.0",
          "windowSize": "360x612"
        },
        "pageinfo": {
          "documentHeight": 2050,
          "documentSize": {
            "decodedBodySize": 49960,
            "encodedBodySize": 14041,
            "transferSize": 15115
          },
          "documentTitle": "SoundCloud - Hear the world’s sounds",
          "documentWidth": 360,
          "domElements": 292,
          "navigationStartTime": 1617121416172,
          "nextHopProtocol": "http/1.1",
          "resources": {
            "count": 0,
            "duration": 0
          },
          "responsive": true,
          "url": "https://m.soundcloud.com/",
          "visualElements": {
            "heroes": [
              {
                "filename": "home-page-hero-image-6634b8347678a48976fa38e2aae2ac47.jpg",
                "height": 331,
                "name": "LargestImage",
                "width": 361,
                "x": 0,
                "y": 60
              },
              {
                "filename": null,
                "height": 155,
                "name": "Heading",
                "width": 288,
                "x": 0,
                "y": 236
              }
            ],
            "viewport": {
              "height": 612,
              "width": 360
            }
          }
        },
        "timings": {
          "firstPaint": 2526,
          "loadEventEnd": 3615,
          "navigationTiming": {
            "connectStart": 574,
            "domComplete": 3615,
            "domContentLoadedEventEnd": 1620,
            "domContentLoadedEventStart": 1615,
            "domInteractive": 1591,
            "domainLookupEnd": 574,
            "domainLookupStart": 573,
            "duration": 3615,
            "fetchStart": 543,
            "loadEventEnd": 3615,
            "loadEventStart": 3615,
            "redirectEnd": 534,
            "redirectStart": 2,
            "requestStart": 646,
            "responseEnd": 1429,
            "responseStart": 1402,
            "secureConnectionStart": 585,
            "startTime": 0,
            "unloadEventEnd": 0,
            "unloadEventStart": 0,
            "workerStart": 0
          },
          "pageTimings": {
            "backEndTime": 1402,
            "domContentLoadedTime": 1615,
            "domInteractiveTime": 1591,
            "domainLookupTime": 0,
            "frontEndTime": 2186,
            "pageDownloadTime": 27,
            "pageLoadTime": 3615,
            "redirectionTime": 532,
            "serverConnectionTime": 72,
            "serverResponseTime": 783
          },
          "rumSpeedIndex": 1401,
          "timeToContentfulPaint": 2727,
          "timeToDomContentFlushed": 1590,
          "timeToFirstInteractive": 3791,
          "userTimings": {
            "marks": [],
            "measures": [
              {
                "duration": 2923.3,
                "name": "Next.js-before-hydration",
                "startTime": 0
              },
              {
                "duration": 240.29999999999973,
                "name": "Next.js-hydration",
                "startTime": 2923.3
              }
            ]
          }
        }
      },
      {
        "browser": {
          "appConstants": {
            "ACCESSIBILITY": true,
            "ANDROID_PACKAGE_NAME": "org.mozilla.firefox",
            "ASAN": false,
            "ASAN_REPORTER": false,
            "BROWSER_CHROME_URL": "chrome://browser/content/browser.xul",
            "DEBUG": false,
            "DEBUG_JS_MODULES": "",
            "DLL_PREFIX": "lib",
            "DLL_SUFFIX": ".so",
            "EARLY_BETA_OR_EARLIER": false,
            "FENNEC_NIGHTLY": false,
            "HAVE_SHELL_SERVICE": false,
            "HAVE_USR_LIB64_DIR": false,
            "MENUBAR_CAN_AUTOHIDE": false,
            "MOZILLA_OFFICIAL": true,
            "MOZ_ALLOW_LEGACY_EXTENSIONS": false,
            "MOZ_ANDROID_ACTIVITY_STREAM": false,
            "MOZ_ANDROID_HISTORY": true,
            "MOZ_ANDROID_MOZILLA_ONLINE": false,
            "MOZ_APP_NAME": "fennec",
            "MOZ_APP_VERSION": "68.1.1",
            "MOZ_APP_VERSION_DISPLAY": "68.1.1",
            "MOZ_BING_API_CLIENTID": "no-bing-api-clientid",
            "MOZ_BING_API_KEY": "no-bing-api-key",
            "MOZ_BITS_DOWNLOAD": false,
            "MOZ_BUILD_APP": "mobile/android",
            "MOZ_CODE_COVERAGE": false,
            "MOZ_CRASHREPORTER": true,
            "MOZ_DATA_REPORTING": true,
            "MOZ_DEV_EDITION": false,
            "MOZ_GECKO_PROFILER": true,
            "MOZ_GOOGLE_LOCATION_SERVICE_API_KEY": "AIzaSyB2h2OuRcUgy5N-5hsZqiPW6sH3n_rptiQ",
            "MOZ_GOOGLE_SAFEBROWSING_API_KEY": "AIzaSyC7jsptDS3am4tPx4r3nxis7IMjBc5Dovo",
            "MOZ_GRAPHENE": false,
            "MOZ_MACBUNDLE_NAME": "Firefox.app",
            "MOZ_MAINTENANCE_SERVICE": false,
            "MOZ_MOZILLA_API_KEY": "3b4d27dd-703d-4094-8398-4de2c763505a",
            "MOZ_NEW_CERT_STORAGE": false,
            "MOZ_NEW_NOTIFICATION_STORE": false,
            "MOZ_NEW_XULSTORE": false,
            "MOZ_OFFICIAL_BRANDING": false,
            "MOZ_PLACES": false,
            "MOZ_REQUIRE_SIGNING": false,
            "MOZ_SANDBOX": false,
            "MOZ_SERVICES_HEALTHREPORT": true,
            "MOZ_SERVICES_SYNC": false,
            "MOZ_SWITCHBOARD": true,
            "MOZ_SYSTEM_NSS": false,
            "MOZ_TELEMETRY_ON_BY_DEFAULT": false,
            "MOZ_TELEMETRY_REPORTING": true,
            "MOZ_UNSIGNED_SCOPES": 0,
            "MOZ_UPDATER": false,
            "MOZ_UPDATE_CHANNEL": "release",
            "MOZ_WEBRTC": true,
            "MOZ_WIDGET_GTK": false,
            "MOZ_WIDGET_TOOLKIT": "android",
            "NIGHTLY_BUILD": false,
            "OMNIJAR_NAME": "assets/omni.ja",
            "RELEASE_OR_BETA": true,
            "SOURCE_REVISION_URL": "https://hg.mozilla.org/releases/mozilla-esr68/rev/d2e0b9e17b9bc1ef02606c8006b73293f7892ad5",
            "TELEMETRY_PING_FORMAT_VERSION": 4,
            "XP_UNIX": true,
            "isPlatformAndVersionAtLeast": {},
            "isPlatformAndVersionAtMost": {},
            "platform": "android"
          },
          "asyncAppConstants": {
            "ACCESSIBILITY": true,
            "ANDROID_PACKAGE_NAME": "org.mozilla.firefox",
            "ASAN": false,
            "ASAN_REPORTER": false,
            "BROWSER_CHROME_URL": "chrome://browser/content/browser.xul",
            "DEBUG": false,
            "DEBUG_JS_MODULES": "",
            "DLL_PREFIX": "lib",
            "DLL_SUFFIX": ".so",
            "EARLY_BETA_OR_EARLIER": false,
            "FENNEC_NIGHTLY": false,
            "HAVE_SHELL_SERVICE": false,
            "HAVE_USR_LIB64_DIR": false,
            "MENUBAR_CAN_AUTOHIDE": false,
            "MOZILLA_OFFICIAL": true,
            "MOZ_ALLOW_LEGACY_EXTENSIONS": false,
            "MOZ_ANDROID_ACTIVITY_STREAM": false,
            "MOZ_ANDROID_HISTORY": true,
            "MOZ_ANDROID_MOZILLA_ONLINE": false,
            "MOZ_APP_NAME": "fennec",
            "MOZ_APP_VERSION": "68.1.1",
            "MOZ_APP_VERSION_DISPLAY": "68.1.1",
            "MOZ_BING_API_CLIENTID": "no-bing-api-clientid",
            "MOZ_BING_API_KEY": "no-bing-api-key",
            "MOZ_BITS_DOWNLOAD": false,
            "MOZ_BUILD_APP": "mobile/android",
            "MOZ_CODE_COVERAGE": false,
            "MOZ_CRASHREPORTER": true,
            "MOZ_DATA_REPORTING": true,
            "MOZ_DEV_EDITION": false,
            "MOZ_GECKO_PROFILER": true,
            "MOZ_GOOGLE_LOCATION_SERVICE_API_KEY": "AIzaSyB2h2OuRcUgy5N-5hsZqiPW6sH3n_rptiQ",
            "MOZ_GOOGLE_SAFEBROWSING_API_KEY": "AIzaSyC7jsptDS3am4tPx4r3nxis7IMjBc5Dovo",
            "MOZ_GRAPHENE": false,
            "MOZ_MACBUNDLE_NAME": "Firefox.app",
            "MOZ_MAINTENANCE_SERVICE": false,
            "MOZ_MOZILLA_API_KEY": "3b4d27dd-703d-4094-8398-4de2c763505a",
            "MOZ_NEW_CERT_STORAGE": false,
            "MOZ_NEW_NOTIFICATION_STORE": false,
            "MOZ_NEW_XULSTORE": false,
            "MOZ_OFFICIAL_BRANDING": false,
            "MOZ_PLACES": false,
            "MOZ_REQUIRE_SIGNING": false,
            "MOZ_SANDBOX": false,
            "MOZ_SERVICES_HEALTHREPORT": true,
            "MOZ_SERVICES_SYNC": false,
            "MOZ_SWITCHBOARD": true,
            "MOZ_SYSTEM_NSS": false,
            "MOZ_TELEMETRY_ON_BY_DEFAULT": false,
            "MOZ_TELEMETRY_REPORTING": true,
            "MOZ_UNSIGNED_SCOPES": 0,
            "MOZ_UPDATER": false,
            "MOZ_UPDATE_CHANNEL": "release",
            "MOZ_WEBRTC": true,
            "MOZ_WIDGET_GTK": false,
            "MOZ_WIDGET_TOOLKIT": "android",
            "NIGHTLY_BUILD": false,
            "OMNIJAR_NAME": "assets/omni.ja",
            "RELEASE_OR_BETA": true,
            "SOURCE_REVISION_URL": "https://hg.mozilla.org/releases/mozilla-esr68/rev/d2e0b9e17b9bc1ef02606c8006b73293f7892ad5",
            "TELEMETRY_PING_FORMAT_VERSION": 4,
            "XP_UNIX": true,
            "isPlatformAndVersionAtLeast": {},
            "isPlatformAndVersionAtMost": {},
            "platform": "android"
          },
          "userAgent": "Mozilla/5.0 (Android 9; Mobile; rv:68.0) Gecko/68.0 Firefox/68.0",
          "windowSize": "360x612"
        },
        "pageinfo": {
          "documentHeight": 2050,
          "documentSize": {
            "decodedBodySize": 49822,
            "encodedBodySize": 13982,
            "transferSize": 15063
          },
          "documentTitle": "SoundCloud - Hear the world’s sounds",
          "documentWidth": 360,
          "domElements": 292,
          "navigationStartTime": 1617121435917,
          "nextHopProtocol": "http/1.1",
          "resources": {
            "count": 0,
            "duration": 0
          },
          "responsive": true,
          "url": "https://m.soundcloud.com/",
          "visualElements": {
            "heroes": [
              {
                "filename": "home-page-hero-image-6634b8347678a48976fa38e2aae2ac47.jpg",
                "height": 331,
                "name": "LargestImage",
                "width": 361,
                "x": 0,
                "y": 60
              },
              {
                "filename": null,
                "height": 155,
                "name": "Heading",
                "width": 288,
                "x": 0,
                "y": 236
              }
            ],
            "viewport": {
              "height": 612,
              "width": 360
            }
          }
        },
        "timings": {
          "firstPaint": 2919,
          "loadEventEnd": 4020,
          "navigationTiming": {
            "connectStart": 973,
            "domComplete": 4020,
            "domContentLoadedEventEnd": 1977,
            "domContentLoadedEventStart": 1973,
            "domInteractive": 1945,
            "domainLookupEnd": 972,
            "domainLookupStart": 972,
            "duration": 4020,
            "fetchStart": 918,
            "loadEventEnd": 4020,
            "loadEventStart": 4020,
            "redirectEnd": 907,
            "redirectStart": 3,
            "requestStart": 1066,
            "responseEnd": 1773,
            "responseStart": 1737,
            "secureConnectionStart": 988,
            "startTime": 0,
            "unloadEventEnd": 0,
            "unloadEventStart": 0,
            "workerStart": 0
          },
          "pageTimings": {
            "backEndTime": 1737,
            "domContentLoadedTime": 1973,
            "domInteractiveTime": 1945,
            "domainLookupTime": 0,
            "frontEndTime": 2247,
            "pageDownloadTime": 36,
            "pageLoadTime": 4020,
            "redirectionTime": 904,
            "serverConnectionTime": 93,
            "serverResponseTime": 707
          },
          "rumSpeedIndex": 1736,
          "timeToContentfulPaint": 3118,
          "timeToDomContentFlushed": 1945,
          "timeToFirstInteractive": 4203,
          "userTimings": {
            "marks": [],
            "measures": [
              {
                "duration": 3260.6800000000003,
                "name": "Next.js-before-hydration",
                "startTime": 0
              },
              {
                "duration": 232.6199999999999,
                "name": "Next.js-hydration",
                "startTime": 3260.6800000000003
              }
            ]
          }
        }
      },
      {
        "browser": {
          "appConstants": {
            "ACCESSIBILITY": true,
            "ANDROID_PACKAGE_NAME": "org.mozilla.firefox",
            "ASAN": false,
            "ASAN_REPORTER": false,
            "BROWSER_CHROME_URL": "chrome://browser/content/browser.xul",
            "DEBUG": false,
            "DEBUG_JS_MODULES": "",
            "DLL_PREFIX": "lib",
            "DLL_SUFFIX": ".so",
            "EARLY_BETA_OR_EARLIER": false,
            "FENNEC_NIGHTLY": false,
            "HAVE_SHELL_SERVICE": false,
            "HAVE_USR_LIB64_DIR": false,
            "MENUBAR_CAN_AUTOHIDE": false,
            "MOZILLA_OFFICIAL": true,
            "MOZ_ALLOW_LEGACY_EXTENSIONS": false,
            "MOZ_ANDROID_ACTIVITY_STREAM": false,
            "MOZ_ANDROID_HISTORY": true,
            "MOZ_ANDROID_MOZILLA_ONLINE": false,
            "MOZ_APP_NAME": "fennec",
            "MOZ_APP_VERSION": "68.1.1",
            "MOZ_APP_VERSION_DISPLAY": "68.1.1",
            "MOZ_BING_API_CLIENTID": "no-bing-api-clientid",
            "MOZ_BING_API_KEY": "no-bing-api-key",
            "MOZ_BITS_DOWNLOAD": false,
            "MOZ_BUILD_APP": "mobile/android",
            "MOZ_CODE_COVERAGE": false,
            "MOZ_CRASHREPORTER": true,
            "MOZ_DATA_REPORTING": true,
            "MOZ_DEV_EDITION": false,
            "MOZ_GECKO_PROFILER": true,
            "MOZ_GOOGLE_LOCATION_SERVICE_API_KEY": "AIzaSyB2h2OuRcUgy5N-5hsZqiPW6sH3n_rptiQ",
            "MOZ_GOOGLE_SAFEBROWSING_API_KEY": "AIzaSyC7jsptDS3am4tPx4r3nxis7IMjBc5Dovo",
            "MOZ_GRAPHENE": false,
            "MOZ_MACBUNDLE_NAME": "Firefox.app",
            "MOZ_MAINTENANCE_SERVICE": false,
            "MOZ_MOZILLA_API_KEY": "3b4d27dd-703d-4094-8398-4de2c763505a",
            "MOZ_NEW_CERT_STORAGE": false,
            "MOZ_NEW_NOTIFICATION_STORE": false,
            "MOZ_NEW_XULSTORE": false,
            "MOZ_OFFICIAL_BRANDING": false,
            "MOZ_PLACES": false,
            "MOZ_REQUIRE_SIGNING": false,
            "MOZ_SANDBOX": false,
            "MOZ_SERVICES_HEALTHREPORT": true,
            "MOZ_SERVICES_SYNC": false,
            "MOZ_SWITCHBOARD": true,
            "MOZ_SYSTEM_NSS": false,
            "MOZ_TELEMETRY_ON_BY_DEFAULT": false,
            "MOZ_TELEMETRY_REPORTING": true,
            "MOZ_UNSIGNED_SCOPES": 0,
            "MOZ_UPDATER": false,
            "MOZ_UPDATE_CHANNEL": "release",
            "MOZ_WEBRTC": true,
            "MOZ_WIDGET_GTK": false,
            "MOZ_WIDGET_TOOLKIT": "android",
            "NIGHTLY_BUILD": false,
            "OMNIJAR_NAME": "assets/omni.ja",
            "RELEASE_OR_BETA": true,
            "SOURCE_REVISION_URL": "https://hg.mozilla.org/releases/mozilla-esr68/rev/d2e0b9e17b9bc1ef02606c8006b73293f7892ad5",
            "TELEMETRY_PING_FORMAT_VERSION": 4,
            "XP_UNIX": true,
            "isPlatformAndVersionAtLeast": {},
            "isPlatformAndVersionAtMost": {},
            "platform": "android"
          },
          "asyncAppConstants": {
            "ACCESSIBILITY": true,
            "ANDROID_PACKAGE_NAME": "org.mozilla.firefox",
            "ASAN": false,
            "ASAN_REPORTER": false,
            "BROWSER_CHROME_URL": "chrome://browser/content/browser.xul",
            "DEBUG": false,
            "DEBUG_JS_MODULES": "",
            "DLL_PREFIX": "lib",
            "DLL_SUFFIX": ".so",
            "EARLY_BETA_OR_EARLIER": false,
            "FENNEC_NIGHTLY": false,
            "HAVE_SHELL_SERVICE": false,
            "HAVE_USR_LIB64_DIR": false,
            "MENUBAR_CAN_AUTOHIDE": false,
            "MOZILLA_OFFICIAL": true,
            "MOZ_ALLOW_LEGACY_EXTENSIONS": false,
            "MOZ_ANDROID_ACTIVITY_STREAM": false,
            "MOZ_ANDROID_HISTORY": true,
            "MOZ_ANDROID_MOZILLA_ONLINE": false,
            "MOZ_APP_NAME": "fennec",
            "MOZ_APP_VERSION": "68.1.1",
            "MOZ_APP_VERSION_DISPLAY": "68.1.1",
            "MOZ_BING_API_CLIENTID": "no-bing-api-clientid",
            "MOZ_BING_API_KEY": "no-bing-api-key",
            "MOZ_BITS_DOWNLOAD": false,
            "MOZ_BUILD_APP": "mobile/android",
            "MOZ_CODE_COVERAGE": false,
            "MOZ_CRASHREPORTER": true,
            "MOZ_DATA_REPORTING": true,
            "MOZ_DEV_EDITION": false,
            "MOZ_GECKO_PROFILER": true,
            "MOZ_GOOGLE_LOCATION_SERVICE_API_KEY": "AIzaSyB2h2OuRcUgy5N-5hsZqiPW6sH3n_rptiQ",
            "MOZ_GOOGLE_SAFEBROWSING_API_KEY": "AIzaSyC7jsptDS3am4tPx4r3nxis7IMjBc5Dovo",
            "MOZ_GRAPHENE": false,
            "MOZ_MACBUNDLE_NAME": "Firefox.app",
            "MOZ_MAINTENANCE_SERVICE": false,
            "MOZ_MOZILLA_API_KEY": "3b4d27dd-703d-4094-8398-4de2c763505a",
            "MOZ_NEW_CERT_STORAGE": false,
            "MOZ_NEW_NOTIFICATION_STORE": false,
            "MOZ_NEW_XULSTORE": false,
            "MOZ_OFFICIAL_BRANDING": false,
            "MOZ_PLACES": false,
            "MOZ_REQUIRE_SIGNING": false,
            "MOZ_SANDBOX": false,
            "MOZ_SERVICES_HEALTHREPORT": true,
            "MOZ_SERVICES_SYNC": false,
            "MOZ_SWITCHBOARD": true,
            "MOZ_SYSTEM_NSS": false,
            "MOZ_TELEMETRY_ON_BY_DEFAULT": false,
            "MOZ_TELEMETRY_REPORTING": true,
            "MOZ_UNSIGNED_SCOPES": 0,
            "MOZ_UPDATER": false,
            "MOZ_UPDATE_CHANNEL": "release",
            "MOZ_WEBRTC": true,
            "MOZ_WIDGET_GTK": false,
            "MOZ_WIDGET_TOOLKIT": "android",
            "NIGHTLY_BUILD": false,
            "OMNIJAR_NAME": "assets/omni.ja",
            "RELEASE_OR_BETA": true,
            "SOURCE_REVISION_URL": "https://hg.mozilla.org/releases/mozilla-esr68/rev/d2e0b9e17b9bc1ef02606c8006b73293f7892ad5",
            "TELEMETRY_PING_FORMAT_VERSION": 4,
            "XP_UNIX": true,
            "isPlatformAndVersionAtLeast": {},
            "isPlatformAndVersionAtMost": {},
            "platform": "android"
          },
          "userAgent": "Mozilla/5.0 (Android 9; Mobile; rv:68.0) Gecko/68.0 Firefox/68.0",
          "windowSize": "360x612"
        },
        "pageinfo": {
          "documentHeight": 2050,
          "documentSize": {
            "decodedBodySize": 49958,
            "encodedBodySize": 14039,
            "transferSize": 15113
          },
          "documentTitle": "SoundCloud - Hear the world’s sounds",
          "documentWidth": 360,
          "domElements": 292,
          "navigationStartTime": 1617121452883,
          "nextHopProtocol": "http/1.1",
          "resources": {
            "count": 0,
            "duration": 0
          },
          "responsive": true,
          "url": "https://m.soundcloud.com/",
          "visualElements": {
            "heroes": [
              {
                "filename": "home-page-hero-image-6634b8347678a48976fa38e2aae2ac47.jpg",
                "height": 331,
                "name": "LargestImage",
                "width": 361,
                "x": 0,
                "y": 60
              },
              {
                "filename": null,
                "height": 155,
                "name": "Heading",
                "width": 288,
                "x": 0,
                "y": 236
              }
            ],
            "viewport": {
              "height": 612,
              "width": 360
            }
          }
        },
        "timings": {
          "firstPaint": 2488,
          "loadEventEnd": 3468,
          "navigationTiming": {
            "connectStart": 561,
            "domComplete": 3468,
            "domContentLoadedEventEnd": 1573,
            "domContentLoadedEventStart": 1569,
            "domInteractive": 1544,
            "domainLookupEnd": 561,
            "domainLookupStart": 561,
            "duration": 3468,
            "fetchStart": 528,
            "loadEventEnd": 3468,
            "loadEventStart": 3468,
            "redirectEnd": 521,
            "redirectStart": 2,
            "requestStart": 638,
            "responseEnd": 1381,
            "responseStart": 1346,
            "secureConnectionStart": 576,
            "startTime": 0,
            "unloadEventEnd": 0,
            "unloadEventStart": 0,
            "workerStart": 0
          },
          "pageTimings": {
            "backEndTime": 1346,
            "domContentLoadedTime": 1569,
            "domInteractiveTime": 1544,
            "domainLookupTime": 0,
            "frontEndTime": 2087,
            "pageDownloadTime": 35,
            "pageLoadTime": 3468,
            "redirectionTime": 518,
            "serverConnectionTime": 76,
            "serverResponseTime": 743
          },
          "rumSpeedIndex": 1346,
          "timeToContentfulPaint": 2681,
          "timeToDomContentFlushed": 1543,
          "timeToFirstInteractive": 3637,
          "userTimings": {
            "marks": [],
            "measures": [
              {
                "duration": 2700.82,
                "name": "Next.js-before-hydration",
                "startTime": 0
              },
              {
                "duration": 210.07999999999993,
                "name": "Next.js-hydration",
                "startTime": 2700.82
              }
            ]
          }
        }
      }
    ],
    "visualMetrics": [],
    "cpu": [],
    "extras": [
      {},
      {},
      {}
    ],
    "fullyLoaded": [],
    "errors": [
      [],
      [],
      []
    ],
    "statistics": {
      "browser": {
        "appConstants": {
          "MOZ_UNSIGNED_SCOPES": {
            "median": 0,
            "mean": 0,
            "mdev": 0,
            "stddev": 0,
            "min": 0,
            "p10": 0,
            "p90": 0,
            "p99": 0,
            "max": 0
          },
          "TELEMETRY_PING_FORMAT_VERSION": {
            "median": 4,
            "mean": 4,
            "mdev": 0,
            "stddev": 0,
            "min": 4,
            "p10": 4,
            "p90": 4,
            "p99": 4,
            "max": 4
          }
        },
        "asyncAppConstants": {
          "MOZ_UNSIGNED_SCOPES": {
            "median": 0,
            "mean": 0,
            "mdev": 0,
            "stddev": 0,
            "min": 0,
            "p10": 0,
            "p90": 0,
            "p99": 0,
            "max": 0
          },
          "TELEMETRY_PING_FORMAT_VERSION": {
            "median": 4,
            "mean": 4,
            "mdev": 0,
            "stddev": 0,
            "min": 4,
            "p10": 4,
            "p90": 4,
            "p99": 4,
            "max": 4
          }
        }
      },
      "pageinfo": {
        "documentHeight": {
          "median": 2050,
          "mean": 2050,
          "mdev": 0,
          "stddev": 0,
          "min": 2050,
          "p10": 2050,
          "p90": 2050,
          "p99": 2050,
          "max": 2050
        },
        "documentSize": {
          "decodedBodySize": {
            "median": 49958,
            "mean": 49913,
            "mdev": 37.2897,
            "stddev": 65,
            "min": 49822,
            "p10": 49822,
            "p90": 49960,
            "p99": 49960,
            "max": 49960
          },
          "encodedBodySize": {
            "median": 14039,
            "mean": 14021,
            "mdev": 15.7926,
            "stddev": 27,
            "min": 13982,
            "p10": 13982,
            "p90": 14041,
            "p99": 14041,
            "max": 14041
          },
          "transferSize": {
            "median": 15113,
            "mean": 15097,
            "mdev": 13.8884,
            "stddev": 24,
            "min": 15063,
            "p10": 15063,
            "p90": 15115,
            "p99": 15115,
            "max": 15115
          }
        },
        "documentWidth": {
          "median": 360,
          "mean": 360,
          "mdev": 0,
          "stddev": 0,
          "min": 360,
          "p10": 360,
          "p90": 360,
          "p99": 360,
          "max": 360
        },
        "domElements": {
          "median": 292,
          "mean": 292,
          "mdev": 0,
          "stddev": 0,
          "min": 292,
          "p10": 292,
          "p90": 292,
          "p99": 292,
          "max": 292
        },
        "navigationStartTime": {
          "median": 1617121435917,
          "mean": 1617121434991,
          "mdev": 0,
          "stddev": 0,
          "min": 1617121416172,
          "p10": 1617121416172,
          "p90": 1617121452883,
          "p99": 1617121452883,
          "max": 1617121452883
        },
        "resources": {
          "count": {
            "median": 0,
            "mean": 0,
            "mdev": 0,
            "stddev": 0,
            "min": 0,
            "p10": 0,
            "p90": 0,
            "p99": 0,
            "max": 0
          },
          "duration": {
            "median": 0,
            "mean": 0,
            "mdev": 0,
            "stddev": 0,
            "min": 0,
            "p10": 0,
            "p90": 0,
            "p99": 0,
            "max": 0
          }
        },
        "visualElements": {
          "heroes": [
            {
              "height": {
                "median": 331,
                "mean": 331,
                "mdev": 0,
                "stddev": 0,
                "min": 331,
                "p10": 331,
                "p90": 331,
                "p99": 331,
                "max": 331
              },
              "width": {
                "median": 361,
                "mean": 361,
                "mdev": 0,
                "stddev": 0,
                "min": 361,
                "p10": 361,
                "p90": 361,
                "p99": 361,
                "max": 361
              },
              "x": {
                "median": 0,
                "mean": 0,
                "mdev": 0,
                "stddev": 0,
                "min": 0,
                "p10": 0,
                "p90": 0,
                "p99": 0,
                "max": 0
              },
              "y": {
                "median": 60,
                "mean": 60,
                "mdev": 0,
                "stddev": 0,
                "min": 60,
                "p10": 60,
                "p90": 60,
                "p99": 60,
                "max": 60
              }
            },
            {
              "height": {
                "median": 155,
                "mean": 155,
                "mdev": 0,
                "stddev": 0,
                "min": 155,
                "p10": 155,
                "p90": 155,
                "p99": 155,
                "max": 155
              },
              "width": {
                "median": 288,
                "mean": 288,
                "mdev": 0,
                "stddev": 0,
                "min": 288,
                "p10": 288,
                "p90": 288,
                "p99": 288,
                "max": 288
              },
              "x": {
                "median": 0,
                "mean": 0,
                "mdev": 0,
                "stddev": 0,
                "min": 0,
                "p10": 0,
                "p90": 0,
                "p99": 0,
                "max": 0
              },
              "y": {
                "median": 236,
                "mean": 236,
                "mdev": 0,
                "stddev": 0,
                "min": 236,
                "p10": 236,
                "p90": 236,
                "p99": 236,
                "max": 236
              }
            }
          ],
          "viewport": {
            "height": {
              "median": 612,
              "mean": 612,
              "mdev": 0,
              "stddev": 0,
              "min": 612,
              "p10": 612,
              "p90": 612,
              "p99": 612,
              "max": 612
            },
            "width": {
              "median": 360,
              "mean": 360,
              "mdev": 0,
              "stddev": 0,
              "min": 360,
              "p10": 360,
              "p90": 360,
              "p99": 360,
              "max": 360
            }
          }
        }
      },
      "timings": {
        "firstPaint": {
          "median": 2526,
          "mean": 2644,
          "mdev": 112.4893,
          "stddev": 195,
          "min": 2488,
          "p10": 2488,
          "p90": 2919,
          "p99": 2919,
          "max": 2919
        },
        "loadEventEnd": {
          "median": 3615,
          "mean": 3701,
          "mdev": 134.7615,
          "stddev": 233,
          "min": 3468,
          "p10": 3468,
          "p90": 4020,
          "p99": 4020,
          "max": 4020
        },
        "navigationTiming": {
          "connectStart": {
            "median": 574,
            "mean": 703,
            "mdev": 110.4056,
            "stddev": 191,
            "min": 561,
            "p10": 561,
            "p90": 973,
            "p99": 973,
            "max": 973
          },
          "domComplete": {
            "median": 3615,
            "mean": 3701,
            "mdev": 134.7615,
            "stddev": 233,
            "min": 3468,
            "p10": 3468,
            "p90": 4020,
            "p99": 4020,
            "max": 4020
          },
          "domContentLoadedEventEnd": {
            "median": 1620,
            "mean": 1723,
            "mdev": 104.1498,
            "stddev": 180,
            "min": 1573,
            "p10": 1573,
            "p90": 1977,
            "p99": 1977,
            "max": 1977
          },
          "domContentLoadedEventStart": {
            "median": 1615,
            "mean": 1719,
            "mdev": 104.2604,
            "stddev": 181,
            "min": 1569,
            "p10": 1569,
            "p90": 1973,
            "p99": 1973,
            "max": 1973
          },
          "domInteractive": {
            "median": 1591,
            "mean": 1693,
            "mdev": 103.338,
            "stddev": 179,
            "min": 1544,
            "p10": 1544,
            "p90": 1945,
            "p99": 1945,
            "max": 1945
          },
          "domainLookupEnd": {
            "median": 574,
            "mean": 702,
            "mdev": 110.1336,
            "stddev": 191,
            "min": 561,
            "p10": 561,
            "p90": 972,
            "p99": 972,
            "max": 972
          },
          "domainLookupStart": {
            "median": 573,
            "mean": 702,
            "mdev": 110.2633,
            "stddev": 191,
            "min": 561,
            "p10": 561,
            "p90": 972,
            "p99": 972,
            "max": 972
          },
          "duration": {
            "median": 3615,
            "mean": 3701,
            "mdev": 134.7615,
            "stddev": 233,
            "min": 3468,
            "p10": 3468,
            "p90": 4020,
            "p99": 4020,
            "max": 4020
          },
          "fetchStart": {
            "median": 543,
            "mean": 663,
            "mdev": 104.1633,
            "stddev": 180,
            "min": 528,
            "p10": 528,
            "p90": 918,
            "p99": 918,
            "max": 918
          },
          "loadEventEnd": {
            "median": 3615,
            "mean": 3701,
            "mdev": 134.7615,
            "stddev": 233,
            "min": 3468,
            "p10": 3468,
            "p90": 4020,
            "p99": 4020,
            "max": 4020
          },
          "loadEventStart": {
            "median": 3615,
            "mean": 3701,
            "mdev": 134.7615,
            "stddev": 233,
            "min": 3468,
            "p10": 3468,
            "p90": 4020,
            "p99": 4020,
            "max": 4020
          },
          "redirectEnd": {
            "median": 534,
            "mean": 654,
            "mdev": 103.3323,
            "stddev": 179,
            "min": 521,
            "p10": 521,
            "p90": 907,
            "p99": 907,
            "max": 907
          },
          "redirectStart": {
            "median": 2,
            "mean": 2,
            "mdev": 0.2722,
            "stddev": 0,
            "min": 2,
            "p10": 2,
            "p90": 3,
            "p99": 3,
            "max": 3
          },
          "requestStart": {
            "median": 646,
            "mean": 783,
            "mdev": 115.4136,
            "stddev": 200,
            "min": 638,
            "p10": 638,
            "p90": 1066,
            "p99": 1066,
            "max": 1066
          },
          "responseEnd": {
            "median": 1429,
            "mean": 1528,
            "mdev": 100.7939,
            "stddev": 175,
            "min": 1381,
            "p10": 1381,
            "p90": 1773,
            "p99": 1773,
            "max": 1773
          },
          "responseStart": {
            "median": 1402,
            "mean": 1495,
            "mdev": 99.6739,
            "stddev": 173,
            "min": 1346,
            "p10": 1346,
            "p90": 1737,
            "p99": 1737,
            "max": 1737
          },
          "secureConnectionStart": {
            "median": 585,
            "mean": 716,
            "mdev": 110.9277,
            "stddev": 192,
            "min": 576,
            "p10": 576,
            "p90": 988,
            "p99": 988,
            "max": 988
          },
          "startTime": {
            "median": 0,
            "mean": 0,
            "mdev": 0,
            "stddev": 0,
            "min": 0,
            "p10": 0,
            "p90": 0,
            "p99": 0,
            "max": 0
          },
          "unloadEventEnd": {
            "median": 0,
            "mean": 0,
            "mdev": 0,
            "stddev": 0,
            "min": 0,
            "p10": 0,
            "p90": 0,
            "p99": 0,
            "max": 0
          },
          "unloadEventStart": {
            "median": 0,
            "mean": 0,
            "mdev": 0,
            "stddev": 0,
            "min": 0,
            "p10": 0,
            "p90": 0,
            "p99": 0,
            "max": 0
          },
          "workerStart": {
            "median": 0,
            "mean": 0,
            "mdev": 0,
            "stddev": 0,
            "min": 0,
            "p10": 0,
            "p90": 0,
            "p99": 0,
            "max": 0
          }
        },
        "pageTimings": {
          "backEndTime": {
            "median": 1402,
            "mean": 1495,
            "mdev": 99.6739,
            "stddev": 173,
            "min": 1346,
            "p10": 1346,
            "p90": 1737,
            "p99": 1737,
            "max": 1737
          },
          "domContentLoadedTime": {
            "median": 1615,
            "mean": 1719,
            "mdev": 104.2604,
            "stddev": 181,
            "min": 1569,
            "p10": 1569,
            "p90": 1973,
            "p99": 1973,
            "max": 1973
          },
          "domInteractiveTime": {
            "median": 1591,
            "mean": 1693,
            "mdev": 103.338,
            "stddev": 179,
            "min": 1544,
            "p10": 1544,
            "p90": 1945,
            "p99": 1945,
            "max": 1945
          },
          "domainLookupTime": {
            "median": 0,
            "mean": 0,
            "mdev": 0,
            "stddev": 0,
            "min": 0,
            "p10": 0,
            "p90": 0,
            "p99": 0,
            "max": 0
          },
          "frontEndTime": {
            "median": 2186,
            "mean": 2173,
            "mdev": 38.0652,
            "stddev": 66,
            "min": 2087,
            "p10": 2087,
            "p90": 2247,
            "p99": 2247,
            "max": 2247
          },
          "pageDownloadTime": {
            "median": 35,
            "mean": 33,
            "mdev": 2.3254,
            "stddev": 4,
            "min": 27,
            "p10": 27,
            "p90": 36,
            "p99": 36,
            "max": 36
          },
          "pageLoadTime": {
            "median": 3615,
            "mean": 3701,
            "mdev": 134.7615,
            "stddev": 233,
            "min": 3468,
            "p10": 3468,
            "p90": 4020,
            "p99": 4020,
            "max": 4020
          },
          "redirectionTime": {
            "median": 532,
            "mean": 651,
            "mdev": 103.2035,
            "stddev": 179,
            "min": 518,
            "p10": 518,
            "p90": 904,
            "p99": 904,
            "max": 904
          },
          "serverConnectionTime": {
            "median": 76,
            "mean": 80,
            "mdev": 5.2564,
            "stddev": 9,
            "min": 72,
            "p10": 72,
            "p90": 93,
            "p99": 93,
            "max": 93
          },
          "serverResponseTime": {
            "median": 743,
            "mean": 744,
            "mdev": 17.9216,
            "stddev": 31,
            "min": 707,
            "p10": 707,
            "p90": 783,
            "p99": 783,
            "max": 783
          }
        },
        "rumSpeedIndex": {
          "median": 1401,
          "mean": 1494,
          "mdev": 99.508,
          "stddev": 172,
          "min": 1346,
          "p10": 1346,
          "p90": 1736,
          "p99": 1736,
          "max": 1736
        },
        "timeToContentfulPaint": {
          "median": 2727,
          "mean": 2842,
          "mdev": 113.197,
          "stddev": 196,
          "min": 2681,
          "p10": 2681,
          "p90": 3118,
          "p99": 3118,
          "max": 3118
        },
        "timeToDomContentFlushed": {
          "median": 1590,
          "mean": 1693,
          "mdev": 103.6086,
          "stddev": 179,
          "min": 1543,
          "p10": 1543,
          "p90": 1945,
          "p99": 1945,
          "max": 1945
        },
        "timeToFirstInteractive": {
          "median": 3791,
          "mean": 3877,
          "mdev": 137.9501,
          "stddev": 239,
          "min": 3637,
          "p10": 3637,
          "p90": 4203,
          "p99": 4203,
          "max": 4203
        },
        "userTimings": {
          "measures": {
            "Next.js-before-hydration": {
              "median": 2923,
              "mean": 2962,
              "mdev": 132.8834,
              "stddev": 230,
              "min": 2701,
              "p10": 2701,
              "p90": 3261,
              "p99": 3261,
              "max": 3261
            },
            "Next.js-hydration": {
              "median": 233,
              "mean": 228,
              "mdev": 7.4044,
              "stddev": 13,
              "min": 210,
              "p10": 210,
              "p90": 240,
              "p99": 240,
              "max": 240
            }
          }
        }
      }
    }
  }
]