[
  {
    "info": {
      "browsertime": {
        "version": "8.4.0"
      },
      "url": "https://www.daum.net/",
      "timestamp": "2021-03-30T06:59:10+04:00",
      "connectivity": {
        "engine": "external",
        "profile": "native"
      },
      "extra": {}
    },
    "files": {
      "video": [],
      "screenshot": [],
      "timeline": [],
      "consoleLog": [],
      "netLog": [],
      "perfLog": []
    },
    "cdp": {
      "performance": []
    },
    "timestamps": [
      "2021-03-30T06:58:55+04:00",
      "2021-03-30T06:59:21+04:00",
      "2021-03-30T06:59:49+04:00"
    ],
    "browserScripts": [
      {
        "browser": {
          "appConstants": {
            "ACCESSIBILITY": true,
            "ANDROID_PACKAGE_NAME": "org.mozilla.firefox",
            "ASAN": false,
            "ASAN_REPORTER": false,
            "BROWSER_CHROME_URL": "chrome://browser/content/browser.xul",
            "DEBUG": false,
            "DEBUG_JS_MODULES": "",
            "DLL_PREFIX": "lib",
            "DLL_SUFFIX": ".so",
            "EARLY_BETA_OR_EARLIER": false,
            "FENNEC_NIGHTLY": false,
            "HAVE_SHELL_SERVICE": false,
            "HAVE_USR_LIB64_DIR": false,
            "MENUBAR_CAN_AUTOHIDE": false,
            "MOZILLA_OFFICIAL": true,
            "MOZ_ALLOW_LEGACY_EXTENSIONS": false,
            "MOZ_ANDROID_ACTIVITY_STREAM": false,
            "MOZ_ANDROID_HISTORY": true,
            "MOZ_ANDROID_MOZILLA_ONLINE": false,
            "MOZ_APP_NAME": "fennec",
            "MOZ_APP_VERSION": "68.1.1",
            "MOZ_APP_VERSION_DISPLAY": "68.1.1",
            "MOZ_BING_API_CLIENTID": "no-bing-api-clientid",
            "MOZ_BING_API_KEY": "no-bing-api-key",
            "MOZ_BITS_DOWNLOAD": false,
            "MOZ_BUILD_APP": "mobile/android",
            "MOZ_CODE_COVERAGE": false,
            "MOZ_CRASHREPORTER": true,
            "MOZ_DATA_REPORTING": true,
            "MOZ_DEV_EDITION": false,
            "MOZ_GECKO_PROFILER": true,
            "MOZ_GOOGLE_LOCATION_SERVICE_API_KEY": "AIzaSyB2h2OuRcUgy5N-5hsZqiPW6sH3n_rptiQ",
            "MOZ_GOOGLE_SAFEBROWSING_API_KEY": "AIzaSyC7jsptDS3am4tPx4r3nxis7IMjBc5Dovo",
            "MOZ_GRAPHENE": false,
            "MOZ_MACBUNDLE_NAME": "Firefox.app",
            "MOZ_MAINTENANCE_SERVICE": false,
            "MOZ_MOZILLA_API_KEY": "3b4d27dd-703d-4094-8398-4de2c763505a",
            "MOZ_NEW_CERT_STORAGE": false,
            "MOZ_NEW_NOTIFICATION_STORE": false,
            "MOZ_NEW_XULSTORE": false,
            "MOZ_OFFICIAL_BRANDING": false,
            "MOZ_PLACES": false,
            "MOZ_REQUIRE_SIGNING": false,
            "MOZ_SANDBOX": false,
            "MOZ_SERVICES_HEALTHREPORT": true,
            "MOZ_SERVICES_SYNC": false,
            "MOZ_SWITCHBOARD": true,
            "MOZ_SYSTEM_NSS": false,
            "MOZ_TELEMETRY_ON_BY_DEFAULT": false,
            "MOZ_TELEMETRY_REPORTING": true,
            "MOZ_UNSIGNED_SCOPES": 0,
            "MOZ_UPDATER": false,
            "MOZ_UPDATE_CHANNEL": "release",
            "MOZ_WEBRTC": true,
            "MOZ_WIDGET_GTK": false,
            "MOZ_WIDGET_TOOLKIT": "android",
            "NIGHTLY_BUILD": false,
            "OMNIJAR_NAME": "assets/omni.ja",
            "RELEASE_OR_BETA": true,
            "SOURCE_REVISION_URL": "https://hg.mozilla.org/releases/mozilla-esr68/rev/d2e0b9e17b9bc1ef02606c8006b73293f7892ad5",
            "TELEMETRY_PING_FORMAT_VERSION": 4,
            "XP_UNIX": true,
            "isPlatformAndVersionAtLeast": {},
            "isPlatformAndVersionAtMost": {},
            "platform": "android"
          },
          "asyncAppConstants": {
            "ACCESSIBILITY": true,
            "ANDROID_PACKAGE_NAME": "org.mozilla.firefox",
            "ASAN": false,
            "ASAN_REPORTER": false,
            "BROWSER_CHROME_URL": "chrome://browser/content/browser.xul",
            "DEBUG": false,
            "DEBUG_JS_MODULES": "",
            "DLL_PREFIX": "lib",
            "DLL_SUFFIX": ".so",
            "EARLY_BETA_OR_EARLIER": false,
            "FENNEC_NIGHTLY": false,
            "HAVE_SHELL_SERVICE": false,
            "HAVE_USR_LIB64_DIR": false,
            "MENUBAR_CAN_AUTOHIDE": false,
            "MOZILLA_OFFICIAL": true,
            "MOZ_ALLOW_LEGACY_EXTENSIONS": false,
            "MOZ_ANDROID_ACTIVITY_STREAM": false,
            "MOZ_ANDROID_HISTORY": true,
            "MOZ_ANDROID_MOZILLA_ONLINE": false,
            "MOZ_APP_NAME": "fennec",
            "MOZ_APP_VERSION": "68.1.1",
            "MOZ_APP_VERSION_DISPLAY": "68.1.1",
            "MOZ_BING_API_CLIENTID": "no-bing-api-clientid",
            "MOZ_BING_API_KEY": "no-bing-api-key",
            "MOZ_BITS_DOWNLOAD": false,
            "MOZ_BUILD_APP": "mobile/android",
            "MOZ_CODE_COVERAGE": false,
            "MOZ_CRASHREPORTER": true,
            "MOZ_DATA_REPORTING": true,
            "MOZ_DEV_EDITION": false,
            "MOZ_GECKO_PROFILER": true,
            "MOZ_GOOGLE_LOCATION_SERVICE_API_KEY": "AIzaSyB2h2OuRcUgy5N-5hsZqiPW6sH3n_rptiQ",
            "MOZ_GOOGLE_SAFEBROWSING_API_KEY": "AIzaSyC7jsptDS3am4tPx4r3nxis7IMjBc5Dovo",
            "MOZ_GRAPHENE": false,
            "MOZ_MACBUNDLE_NAME": "Firefox.app",
            "MOZ_MAINTENANCE_SERVICE": false,
            "MOZ_MOZILLA_API_KEY": "3b4d27dd-703d-4094-8398-4de2c763505a",
            "MOZ_NEW_CERT_STORAGE": false,
            "MOZ_NEW_NOTIFICATION_STORE": false,
            "MOZ_NEW_XULSTORE": false,
            "MOZ_OFFICIAL_BRANDING": false,
            "MOZ_PLACES": false,
            "MOZ_REQUIRE_SIGNING": false,
            "MOZ_SANDBOX": false,
            "MOZ_SERVICES_HEALTHREPORT": true,
            "MOZ_SERVICES_SYNC": false,
            "MOZ_SWITCHBOARD": true,
            "MOZ_SYSTEM_NSS": false,
            "MOZ_TELEMETRY_ON_BY_DEFAULT": false,
            "MOZ_TELEMETRY_REPORTING": true,
            "MOZ_UNSIGNED_SCOPES": 0,
            "MOZ_UPDATER": false,
            "MOZ_UPDATE_CHANNEL": "release",
            "MOZ_WEBRTC": true,
            "MOZ_WIDGET_GTK": false,
            "MOZ_WIDGET_TOOLKIT": "android",
            "NIGHTLY_BUILD": false,
            "OMNIJAR_NAME": "assets/omni.ja",
            "RELEASE_OR_BETA": true,
            "SOURCE_REVISION_URL": "https://hg.mozilla.org/releases/mozilla-esr68/rev/d2e0b9e17b9bc1ef02606c8006b73293f7892ad5",
            "TELEMETRY_PING_FORMAT_VERSION": 4,
            "XP_UNIX": true,
            "isPlatformAndVersionAtLeast": {},
            "isPlatformAndVersionAtMost": {},
            "platform": "android"
          },
          "userAgent": "Mozilla/5.0 (Android 8.1.0; Mobile; rv:68.0) Gecko/68.0 Firefox/68.0",
          "windowSize": "360x560"
        },
        "pageinfo": {
          "documentHeight": 6803,
          "documentSize": {
            "decodedBodySize": 390898,
            "encodedBodySize": 71173,
            "transferSize": 71615
          },
          "documentTitle": "Daum",
          "documentWidth": 360,
          "domElements": 2086,
          "navigationStartTime": 1617073136108,
          "nextHopProtocol": "http/1.1",
          "resources": {
            "count": 0,
            "duration": 0
          },
          "responsive": true,
          "url": "https://m.daum.net/?nil_top=mobile",
          "visualElements": {
            "heroes": [
              {
                "filename": "20200910040003994.png",
                "height": 62,
                "name": "LargestImage",
                "width": 50,
                "x": 15,
                "y": 235
              }
            ],
            "viewport": {
              "height": 560,
              "width": 360
            }
          }
        },
        "timings": {
          "firstPaint": 4957,
          "loadEventEnd": 7659,
          "navigationTiming": {
            "connectStart": 1174,
            "domComplete": 7574,
            "domContentLoadedEventEnd": 5728,
            "domContentLoadedEventStart": 5709,
            "domInteractive": 4927,
            "domainLookupEnd": 1174,
            "domainLookupStart": 1174,
            "duration": 7659,
            "fetchStart": 1157,
            "loadEventEnd": 7659,
            "loadEventStart": 7574,
            "redirectEnd": 1154,
            "redirectStart": 3,
            "requestStart": 1721,
            "responseEnd": 2074,
            "responseStart": 2074,
            "secureConnectionStart": 1345,
            "startTime": 0,
            "unloadEventEnd": 0,
            "unloadEventStart": 0,
            "workerStart": 0
          },
          "pageTimings": {
            "backEndTime": 2074,
            "domContentLoadedTime": 5709,
            "domInteractiveTime": 4927,
            "domainLookupTime": 0,
            "frontEndTime": 5500,
            "pageDownloadTime": 0,
            "pageLoadTime": 7574,
            "redirectionTime": 1151,
            "serverConnectionTime": 545,
            "serverResponseTime": 353
          },
          "rumSpeedIndex": 2074,
          "timeToContentfulPaint": 5253,
          "timeToDomContentFlushed": 4933,
          "userTimings": {
            "marks": [],
            "measures": []
          }
        }
      },
      {
        "browser": {
          "appConstants": {
            "ACCESSIBILITY": true,
            "ANDROID_PACKAGE_NAME": "org.mozilla.firefox",
            "ASAN": false,
            "ASAN_REPORTER": false,
            "BROWSER_CHROME_URL": "chrome://browser/content/browser.xul",
            "DEBUG": false,
            "DEBUG_JS_MODULES": "",
            "DLL_PREFIX": "lib",
            "DLL_SUFFIX": ".so",
            "EARLY_BETA_OR_EARLIER": false,
            "FENNEC_NIGHTLY": false,
            "HAVE_SHELL_SERVICE": false,
            "HAVE_USR_LIB64_DIR": false,
            "MENUBAR_CAN_AUTOHIDE": false,
            "MOZILLA_OFFICIAL": true,
            "MOZ_ALLOW_LEGACY_EXTENSIONS": false,
            "MOZ_ANDROID_ACTIVITY_STREAM": false,
            "MOZ_ANDROID_HISTORY": true,
            "MOZ_ANDROID_MOZILLA_ONLINE": false,
            "MOZ_APP_NAME": "fennec",
            "MOZ_APP_VERSION": "68.1.1",
            "MOZ_APP_VERSION_DISPLAY": "68.1.1",
            "MOZ_BING_API_CLIENTID": "no-bing-api-clientid",
            "MOZ_BING_API_KEY": "no-bing-api-key",
            "MOZ_BITS_DOWNLOAD": false,
            "MOZ_BUILD_APP": "mobile/android",
            "MOZ_CODE_COVERAGE": false,
            "MOZ_CRASHREPORTER": true,
            "MOZ_DATA_REPORTING": true,
            "MOZ_DEV_EDITION": false,
            "MOZ_GECKO_PROFILER": true,
            "MOZ_GOOGLE_LOCATION_SERVICE_API_KEY": "AIzaSyB2h2OuRcUgy5N-5hsZqiPW6sH3n_rptiQ",
            "MOZ_GOOGLE_SAFEBROWSING_API_KEY": "AIzaSyC7jsptDS3am4tPx4r3nxis7IMjBc5Dovo",
            "MOZ_GRAPHENE": false,
            "MOZ_MACBUNDLE_NAME": "Firefox.app",
            "MOZ_MAINTENANCE_SERVICE": false,
            "MOZ_MOZILLA_API_KEY": "3b4d27dd-703d-4094-8398-4de2c763505a",
            "MOZ_NEW_CERT_STORAGE": false,
            "MOZ_NEW_NOTIFICATION_STORE": false,
            "MOZ_NEW_XULSTORE": false,
            "MOZ_OFFICIAL_BRANDING": false,
            "MOZ_PLACES": false,
            "MOZ_REQUIRE_SIGNING": false,
            "MOZ_SANDBOX": false,
            "MOZ_SERVICES_HEALTHREPORT": true,
            "MOZ_SERVICES_SYNC": false,
            "MOZ_SWITCHBOARD": true,
            "MOZ_SYSTEM_NSS": false,
            "MOZ_TELEMETRY_ON_BY_DEFAULT": false,
            "MOZ_TELEMETRY_REPORTING": true,
            "MOZ_UNSIGNED_SCOPES": 0,
            "MOZ_UPDATER": false,
            "MOZ_UPDATE_CHANNEL": "release",
            "MOZ_WEBRTC": true,
            "MOZ_WIDGET_GTK": false,
            "MOZ_WIDGET_TOOLKIT": "android",
            "NIGHTLY_BUILD": false,
            "OMNIJAR_NAME": "assets/omni.ja",
            "RELEASE_OR_BETA": true,
            "SOURCE_REVISION_URL": "https://hg.mozilla.org/releases/mozilla-esr68/rev/d2e0b9e17b9bc1ef02606c8006b73293f7892ad5",
            "TELEMETRY_PING_FORMAT_VERSION": 4,
            "XP_UNIX": true,
            "isPlatformAndVersionAtLeast": {},
            "isPlatformAndVersionAtMost": {},
            "platform": "android"
          },
          "asyncAppConstants": {
            "ACCESSIBILITY": true,
            "ANDROID_PACKAGE_NAME": "org.mozilla.firefox",
            "ASAN": false,
            "ASAN_REPORTER": false,
            "BROWSER_CHROME_URL": "chrome://browser/content/browser.xul",
            "DEBUG": false,
            "DEBUG_JS_MODULES": "",
            "DLL_PREFIX": "lib",
            "DLL_SUFFIX": ".so",
            "EARLY_BETA_OR_EARLIER": false,
            "FENNEC_NIGHTLY": false,
            "HAVE_SHELL_SERVICE": false,
            "HAVE_USR_LIB64_DIR": false,
            "MENUBAR_CAN_AUTOHIDE": false,
            "MOZILLA_OFFICIAL": true,
            "MOZ_ALLOW_LEGACY_EXTENSIONS": false,
            "MOZ_ANDROID_ACTIVITY_STREAM": false,
            "MOZ_ANDROID_HISTORY": true,
            "MOZ_ANDROID_MOZILLA_ONLINE": false,
            "MOZ_APP_NAME": "fennec",
            "MOZ_APP_VERSION": "68.1.1",
            "MOZ_APP_VERSION_DISPLAY": "68.1.1",
            "MOZ_BING_API_CLIENTID": "no-bing-api-clientid",
            "MOZ_BING_API_KEY": "no-bing-api-key",
            "MOZ_BITS_DOWNLOAD": false,
            "MOZ_BUILD_APP": "mobile/android",
            "MOZ_CODE_COVERAGE": false,
            "MOZ_CRASHREPORTER": true,
            "MOZ_DATA_REPORTING": true,
            "MOZ_DEV_EDITION": false,
            "MOZ_GECKO_PROFILER": true,
            "MOZ_GOOGLE_LOCATION_SERVICE_API_KEY": "AIzaSyB2h2OuRcUgy5N-5hsZqiPW6sH3n_rptiQ",
            "MOZ_GOOGLE_SAFEBROWSING_API_KEY": "AIzaSyC7jsptDS3am4tPx4r3nxis7IMjBc5Dovo",
            "MOZ_GRAPHENE": false,
            "MOZ_MACBUNDLE_NAME": "Firefox.app",
            "MOZ_MAINTENANCE_SERVICE": false,
            "MOZ_MOZILLA_API_KEY": "3b4d27dd-703d-4094-8398-4de2c763505a",
            "MOZ_NEW_CERT_STORAGE": false,
            "MOZ_NEW_NOTIFICATION_STORE": false,
            "MOZ_NEW_XULSTORE": false,
            "MOZ_OFFICIAL_BRANDING": false,
            "MOZ_PLACES": false,
            "MOZ_REQUIRE_SIGNING": false,
            "MOZ_SANDBOX": false,
            "MOZ_SERVICES_HEALTHREPORT": true,
            "MOZ_SERVICES_SYNC": false,
            "MOZ_SWITCHBOARD": true,
            "MOZ_SYSTEM_NSS": false,
            "MOZ_TELEMETRY_ON_BY_DEFAULT": false,
            "MOZ_TELEMETRY_REPORTING": true,
            "MOZ_UNSIGNED_SCOPES": 0,
            "MOZ_UPDATER": false,
            "MOZ_UPDATE_CHANNEL": "release",
            "MOZ_WEBRTC": true,
            "MOZ_WIDGET_GTK": false,
            "MOZ_WIDGET_TOOLKIT": "android",
            "NIGHTLY_BUILD": false,
            "OMNIJAR_NAME": "assets/omni.ja",
            "RELEASE_OR_BETA": true,
            "SOURCE_REVISION_URL": "https://hg.mozilla.org/releases/mozilla-esr68/rev/d2e0b9e17b9bc1ef02606c8006b73293f7892ad5",
            "TELEMETRY_PING_FORMAT_VERSION": 4,
            "XP_UNIX": true,
            "isPlatformAndVersionAtLeast": {},
            "isPlatformAndVersionAtMost": {},
            "platform": "android"
          },
          "userAgent": "Mozilla/5.0 (Android 8.1.0; Mobile; rv:68.0) Gecko/68.0 Firefox/68.0",
          "windowSize": "360x560"
        },
        "pageinfo": {
          "documentHeight": 6963,
          "documentSize": {
            "decodedBodySize": 393209,
            "encodedBodySize": 71648,
            "transferSize": 72090
          },
          "documentTitle": "Daum",
          "documentWidth": 360,
          "domElements": 2086,
          "navigationStartTime": 1617073162192,
          "nextHopProtocol": "http/1.1",
          "resources": {
            "count": 0,
            "duration": 0
          },
          "responsive": true,
          "url": "https://m.daum.net/?nil_top=mobile",
          "visualElements": {
            "heroes": [
              {
                "filename": "20200910040003994.png",
                "height": 62,
                "name": "LargestImage",
                "width": 50,
                "x": 15,
                "y": 235
              }
            ],
            "viewport": {
              "height": 560,
              "width": 360
            }
          }
        },
        "timings": {
          "firstPaint": 4929,
          "loadEventEnd": 7712,
          "navigationTiming": {
            "connectStart": 1190,
            "domComplete": 7613,
            "domContentLoadedEventEnd": 5638,
            "domContentLoadedEventStart": 5619,
            "domInteractive": 4905,
            "domainLookupEnd": 1190,
            "domainLookupStart": 1190,
            "duration": 7712,
            "fetchStart": 1171,
            "loadEventEnd": 7712,
            "loadEventStart": 7613,
            "redirectEnd": 1165,
            "redirectStart": 3,
            "requestStart": 1745,
            "responseEnd": 2230,
            "responseStart": 2230,
            "secureConnectionStart": 1366,
            "startTime": 0,
            "unloadEventEnd": 0,
            "unloadEventStart": 0,
            "workerStart": 0
          },
          "pageTimings": {
            "backEndTime": 2230,
            "domContentLoadedTime": 5619,
            "domInteractiveTime": 4905,
            "domainLookupTime": 0,
            "frontEndTime": 5383,
            "pageDownloadTime": 0,
            "pageLoadTime": 7613,
            "redirectionTime": 1162,
            "serverConnectionTime": 554,
            "serverResponseTime": 484
          },
          "rumSpeedIndex": 2229,
          "timeToContentfulPaint": 5226,
          "timeToDomContentFlushed": 4907,
          "userTimings": {
            "marks": [],
            "measures": []
          }
        }
      },
      {
        "browser": {
          "appConstants": {
            "ACCESSIBILITY": true,
            "ANDROID_PACKAGE_NAME": "org.mozilla.firefox",
            "ASAN": false,
            "ASAN_REPORTER": false,
            "BROWSER_CHROME_URL": "chrome://browser/content/browser.xul",
            "DEBUG": false,
            "DEBUG_JS_MODULES": "",
            "DLL_PREFIX": "lib",
            "DLL_SUFFIX": ".so",
            "EARLY_BETA_OR_EARLIER": false,
            "FENNEC_NIGHTLY": false,
            "HAVE_SHELL_SERVICE": false,
            "HAVE_USR_LIB64_DIR": false,
            "MENUBAR_CAN_AUTOHIDE": false,
            "MOZILLA_OFFICIAL": true,
            "MOZ_ALLOW_LEGACY_EXTENSIONS": false,
            "MOZ_ANDROID_ACTIVITY_STREAM": false,
            "MOZ_ANDROID_HISTORY": true,
            "MOZ_ANDROID_MOZILLA_ONLINE": false,
            "MOZ_APP_NAME": "fennec",
            "MOZ_APP_VERSION": "68.1.1",
            "MOZ_APP_VERSION_DISPLAY": "68.1.1",
            "MOZ_BING_API_CLIENTID": "no-bing-api-clientid",
            "MOZ_BING_API_KEY": "no-bing-api-key",
            "MOZ_BITS_DOWNLOAD": false,
            "MOZ_BUILD_APP": "mobile/android",
            "MOZ_CODE_COVERAGE": false,
            "MOZ_CRASHREPORTER": true,
            "MOZ_DATA_REPORTING": true,
            "MOZ_DEV_EDITION": false,
            "MOZ_GECKO_PROFILER": true,
            "MOZ_GOOGLE_LOCATION_SERVICE_API_KEY": "AIzaSyB2h2OuRcUgy5N-5hsZqiPW6sH3n_rptiQ",
            "MOZ_GOOGLE_SAFEBROWSING_API_KEY": "AIzaSyC7jsptDS3am4tPx4r3nxis7IMjBc5Dovo",
            "MOZ_GRAPHENE": false,
            "MOZ_MACBUNDLE_NAME": "Firefox.app",
            "MOZ_MAINTENANCE_SERVICE": false,
            "MOZ_MOZILLA_API_KEY": "3b4d27dd-703d-4094-8398-4de2c763505a",
            "MOZ_NEW_CERT_STORAGE": false,
            "MOZ_NEW_NOTIFICATION_STORE": false,
            "MOZ_NEW_XULSTORE": false,
            "MOZ_OFFICIAL_BRANDING": false,
            "MOZ_PLACES": false,
            "MOZ_REQUIRE_SIGNING": false,
            "MOZ_SANDBOX": false,
            "MOZ_SERVICES_HEALTHREPORT": true,
            "MOZ_SERVICES_SYNC": false,
            "MOZ_SWITCHBOARD": true,
            "MOZ_SYSTEM_NSS": false,
            "MOZ_TELEMETRY_ON_BY_DEFAULT": false,
            "MOZ_TELEMETRY_REPORTING": true,
            "MOZ_UNSIGNED_SCOPES": 0,
            "MOZ_UPDATER": false,
            "MOZ_UPDATE_CHANNEL": "release",
            "MOZ_WEBRTC": true,
            "MOZ_WIDGET_GTK": false,
            "MOZ_WIDGET_TOOLKIT": "android",
            "NIGHTLY_BUILD": false,
            "OMNIJAR_NAME": "assets/omni.ja",
            "RELEASE_OR_BETA": true,
            "SOURCE_REVISION_URL": "https://hg.mozilla.org/releases/mozilla-esr68/rev/d2e0b9e17b9bc1ef02606c8006b73293f7892ad5",
            "TELEMETRY_PING_FORMAT_VERSION": 4,
            "XP_UNIX": true,
            "isPlatformAndVersionAtLeast": {},
            "isPlatformAndVersionAtMost": {},
            "platform": "android"
          },
          "asyncAppConstants": {
            "ACCESSIBILITY": true,
            "ANDROID_PACKAGE_NAME": "org.mozilla.firefox",
            "ASAN": false,
            "ASAN_REPORTER": false,
            "BROWSER_CHROME_URL": "chrome://browser/content/browser.xul",
            "DEBUG": false,
            "DEBUG_JS_MODULES": "",
            "DLL_PREFIX": "lib",
            "DLL_SUFFIX": ".so",
            "EARLY_BETA_OR_EARLIER": false,
            "FENNEC_NIGHTLY": false,
            "HAVE_SHELL_SERVICE": false,
            "HAVE_USR_LIB64_DIR": false,
            "MENUBAR_CAN_AUTOHIDE": false,
            "MOZILLA_OFFICIAL": true,
            "MOZ_ALLOW_LEGACY_EXTENSIONS": false,
            "MOZ_ANDROID_ACTIVITY_STREAM": false,
            "MOZ_ANDROID_HISTORY": true,
            "MOZ_ANDROID_MOZILLA_ONLINE": false,
            "MOZ_APP_NAME": "fennec",
            "MOZ_APP_VERSION": "68.1.1",
            "MOZ_APP_VERSION_DISPLAY": "68.1.1",
            "MOZ_BING_API_CLIENTID": "no-bing-api-clientid",
            "MOZ_BING_API_KEY": "no-bing-api-key",
            "MOZ_BITS_DOWNLOAD": false,
            "MOZ_BUILD_APP": "mobile/android",
            "MOZ_CODE_COVERAGE": false,
            "MOZ_CRASHREPORTER": true,
            "MOZ_DATA_REPORTING": true,
            "MOZ_DEV_EDITION": false,
            "MOZ_GECKO_PROFILER": true,
            "MOZ_GOOGLE_LOCATION_SERVICE_API_KEY": "AIzaSyB2h2OuRcUgy5N-5hsZqiPW6sH3n_rptiQ",
            "MOZ_GOOGLE_SAFEBROWSING_API_KEY": "AIzaSyC7jsptDS3am4tPx4r3nxis7IMjBc5Dovo",
            "MOZ_GRAPHENE": false,
            "MOZ_MACBUNDLE_NAME": "Firefox.app",
            "MOZ_MAINTENANCE_SERVICE": false,
            "MOZ_MOZILLA_API_KEY": "3b4d27dd-703d-4094-8398-4de2c763505a",
            "MOZ_NEW_CERT_STORAGE": false,
            "MOZ_NEW_NOTIFICATION_STORE": false,
            "MOZ_NEW_XULSTORE": false,
            "MOZ_OFFICIAL_BRANDING": false,
            "MOZ_PLACES": false,
            "MOZ_REQUIRE_SIGNING": false,
            "MOZ_SANDBOX": false,
            "MOZ_SERVICES_HEALTHREPORT": true,
            "MOZ_SERVICES_SYNC": false,
            "MOZ_SWITCHBOARD": true,
            "MOZ_SYSTEM_NSS": false,
            "MOZ_TELEMETRY_ON_BY_DEFAULT": false,
            "MOZ_TELEMETRY_REPORTING": true,
            "MOZ_UNSIGNED_SCOPES": 0,
            "MOZ_UPDATER": false,
            "MOZ_UPDATE_CHANNEL": "release",
            "MOZ_WEBRTC": true,
            "MOZ_WIDGET_GTK": false,
            "MOZ_WIDGET_TOOLKIT": "android",
            "NIGHTLY_BUILD": false,
            "OMNIJAR_NAME": "assets/omni.ja",
            "RELEASE_OR_BETA": true,
            "SOURCE_REVISION_URL": "https://hg.mozilla.org/releases/mozilla-esr68/rev/d2e0b9e17b9bc1ef02606c8006b73293f7892ad5",
            "TELEMETRY_PING_FORMAT_VERSION": 4,
            "XP_UNIX": true,
            "isPlatformAndVersionAtLeast": {},
            "isPlatformAndVersionAtMost": {},
            "platform": "android"
          },
          "userAgent": "Mozilla/5.0 (Android 8.1.0; Mobile; rv:68.0) Gecko/68.0 Firefox/68.0",
          "windowSize": "360x560"
        },
        "pageinfo": {
          "documentHeight": 6963,
          "documentSize": {
            "decodedBodySize": 391397,
            "encodedBodySize": 71320,
            "transferSize": 71762
          },
          "documentTitle": "Daum",
          "documentWidth": 360,
          "domElements": 2086,
          "navigationStartTime": 1617073189941,
          "nextHopProtocol": "http/1.1",
          "resources": {
            "count": 0,
            "duration": 0
          },
          "responsive": true,
          "url": "https://m.daum.net/?nil_top=mobile",
          "visualElements": {
            "heroes": [
              {
                "filename": "20200910035951376.png",
                "height": 62,
                "name": "LargestImage",
                "width": 50,
                "x": 15,
                "y": 235
              }
            ],
            "viewport": {
              "height": 560,
              "width": 360
            }
          }
        },
        "timings": {
          "firstPaint": 4697,
          "loadEventEnd": 7298,
          "navigationTiming": {
            "connectStart": 1181,
            "domComplete": 7211,
            "domContentLoadedEventEnd": 5458,
            "domContentLoadedEventStart": 5438,
            "domInteractive": 4675,
            "domainLookupEnd": 1180,
            "domainLookupStart": 1180,
            "duration": 7298,
            "fetchStart": 1163,
            "loadEventEnd": 7298,
            "loadEventStart": 7211,
            "redirectEnd": 1161,
            "redirectStart": 3,
            "requestStart": 1730,
            "responseEnd": 2121,
            "responseStart": 2121,
            "secureConnectionStart": 1353,
            "startTime": 0,
            "unloadEventEnd": 0,
            "unloadEventStart": 0,
            "workerStart": 0
          },
          "pageTimings": {
            "backEndTime": 2121,
            "domContentLoadedTime": 5438,
            "domInteractiveTime": 4675,
            "domainLookupTime": 0,
            "frontEndTime": 5090,
            "pageDownloadTime": 0,
            "pageLoadTime": 7211,
            "redirectionTime": 1158,
            "serverConnectionTime": 548,
            "serverResponseTime": 391
          },
          "rumSpeedIndex": 2120,
          "timeToContentfulPaint": 5003,
          "timeToDomContentFlushed": 4677,
          "userTimings": {
            "marks": [],
            "measures": []
          }
        }
      }
    ],
    "visualMetrics": [],
    "cpu": [],
    "extras": [
      {},
      {},
      {}
    ],
    "fullyLoaded": [],
    "errors": [
      [],
      [],
      []
    ],
    "statistics": {
      "browser": {
        "appConstants": {
          "MOZ_UNSIGNED_SCOPES": {
            "median": 0,
            "mean": 0,
            "mdev": 0,
            "stddev": 0,
            "min": 0,
            "p10": 0,
            "p90": 0,
            "p99": 0,
            "max": 0
          },
          "TELEMETRY_PING_FORMAT_VERSION": {
            "median": 4,
            "mean": 4,
            "mdev": 0,
            "stddev": 0,
            "min": 4,
            "p10": 4,
            "p90": 4,
            "p99": 4,
            "max": 4
          }
        },
        "asyncAppConstants": {
          "MOZ_UNSIGNED_SCOPES": {
            "median": 0,
            "mean": 0,
            "mdev": 0,
            "stddev": 0,
            "min": 0,
            "p10": 0,
            "p90": 0,
            "p99": 0,
            "max": 0
          },
          "TELEMETRY_PING_FORMAT_VERSION": {
            "median": 4,
            "mean": 4,
            "mdev": 0,
            "stddev": 0,
            "min": 4,
            "p10": 4,
            "p90": 4,
            "p99": 4,
            "max": 4
          }
        }
      },
      "pageinfo": {
        "documentHeight": {
          "median": 6963,
          "mean": 6910,
          "mdev": 43.5465,
          "stddev": 75,
          "min": 6803,
          "p10": 6803,
          "p90": 6963,
          "p99": 6963,
          "max": 6963
        },
        "documentSize": {
          "decodedBodySize": {
            "median": 391397,
            "mean": 391835,
            "mdev": 573.2644,
            "stddev": 993,
            "min": 390898,
            "p10": 390898,
            "p90": 393209,
            "p99": 393209,
            "max": 393209
          },
          "encodedBodySize": {
            "median": 71320,
            "mean": 71380,
            "mdev": 114.636,
            "stddev": 199,
            "min": 71173,
            "p10": 71173,
            "p90": 71648,
            "p99": 71648,
            "max": 71648
          },
          "transferSize": {
            "median": 71762,
            "mean": 71822,
            "mdev": 114.636,
            "stddev": 199,
            "min": 71615,
            "p10": 71615,
            "p90": 72090,
            "p99": 72090,
            "max": 72090
          }
        },
        "documentWidth": {
          "median": 360,
          "mean": 360,
          "mdev": 0,
          "stddev": 0,
          "min": 360,
          "p10": 360,
          "p90": 360,
          "p99": 360,
          "max": 360
        },
        "domElements": {
          "median": 2086,
          "mean": 2086,
          "mdev": 0,
          "stddev": 0,
          "min": 2086,
          "p10": 2086,
          "p90": 2086,
          "p99": 2086,
          "max": 2086
        },
        "navigationStartTime": {
          "median": 1617073162192,
          "mean": 1617073162747,
          "mdev": 12612.4091,
          "stddev": 21845,
          "min": 1617073136108,
          "p10": 1617073136108,
          "p90": 1617073189941,
          "p99": 1617073189941,
          "max": 1617073189941
        },
        "resources": {
          "count": {
            "median": 0,
            "mean": 0,
            "mdev": 0,
            "stddev": 0,
            "min": 0,
            "p10": 0,
            "p90": 0,
            "p99": 0,
            "max": 0
          },
          "duration": {
            "median": 0,
            "mean": 0,
            "mdev": 0,
            "stddev": 0,
            "min": 0,
            "p10": 0,
            "p90": 0,
            "p99": 0,
            "max": 0
          }
        },
        "visualElements": {
          "heroes": [
            {
              "height": {
                "median": 62,
                "mean": 62,
                "mdev": 0,
                "stddev": 0,
                "min": 62,
                "p10": 62,
                "p90": 62,
                "p99": 62,
                "max": 62
              },
              "width": {
                "median": 50,
                "mean": 50,
                "mdev": 0,
                "stddev": 0,
                "min": 50,
                "p10": 50,
                "p90": 50,
                "p99": 50,
                "max": 50
              },
              "x": {
                "median": 15,
                "mean": 15,
                "mdev": 0,
                "stddev": 0,
                "min": 15,
                "p10": 15,
                "p90": 15,
                "p99": 15,
                "max": 15
              },
              "y": {
                "median": 235,
                "mean": 235,
                "mdev": 0,
                "stddev": 0,
                "min": 235,
                "p10": 235,
                "p90": 235,
                "p99": 235,
                "max": 235
              }
            }
          ],
          "viewport": {
            "height": {
              "median": 560,
              "mean": 560,
              "mdev": 0,
              "stddev": 0,
              "min": 560,
              "p10": 560,
              "p90": 560,
              "p99": 560,
              "max": 560
            },
            "width": {
              "median": 360,
              "mean": 360,
              "mdev": 0,
              "stddev": 0,
              "min": 360,
              "p10": 360,
              "p90": 360,
              "p99": 360,
              "max": 360
            }
          }
        }
      },
      "timings": {
        "firstPaint": {
          "median": 4929,
          "mean": 4861,
          "mdev": 67.2772,
          "stddev": 117,
          "min": 4697,
          "p10": 4697,
          "p90": 4957,
          "p99": 4957,
          "max": 4957
        },
        "loadEventEnd": {
          "median": 7659,
          "mean": 7556,
          "mdev": 106.2014,
          "stddev": 184,
          "min": 7298,
          "p10": 7298,
          "p90": 7712,
          "p99": 7712,
          "max": 7712
        },
        "navigationTiming": {
          "connectStart": {
            "median": 1181,
            "mean": 1182,
            "mdev": 3.781,
            "stddev": 7,
            "min": 1174,
            "p10": 1174,
            "p90": 1190,
            "p99": 1190,
            "max": 1190
          },
          "domComplete": {
            "median": 7574,
            "mean": 7466,
            "mdev": 104.5084,
            "stddev": 181,
            "min": 7211,
            "p10": 7211,
            "p90": 7613,
            "p99": 7613,
            "max": 7613
          },
          "domContentLoadedEventEnd": {
            "median": 5638,
            "mean": 5608,
            "mdev": 64.8074,
            "stddev": 112,
            "min": 5458,
            "p10": 5458,
            "p90": 5728,
            "p99": 5728,
            "max": 5728
          },
          "domContentLoadedEventStart": {
            "median": 5619,
            "mean": 5589,
            "mdev": 65.0646,
            "stddev": 113,
            "min": 5438,
            "p10": 5438,
            "p90": 5709,
            "p99": 5709,
            "max": 5709
          },
          "domInteractive": {
            "median": 4905,
            "mean": 4836,
            "mdev": 65.7965,
            "stddev": 114,
            "min": 4675,
            "p10": 4675,
            "p90": 4927,
            "p99": 4927,
            "max": 4927
          },
          "domainLookupEnd": {
            "median": 1180,
            "mean": 1181,
            "mdev": 3.8103,
            "stddev": 7,
            "min": 1174,
            "p10": 1174,
            "p90": 1190,
            "p99": 1190,
            "max": 1190
          },
          "domainLookupStart": {
            "median": 1180,
            "mean": 1181,
            "mdev": 3.8103,
            "stddev": 7,
            "min": 1174,
            "p10": 1174,
            "p90": 1190,
            "p99": 1190,
            "max": 1190
          },
          "duration": {
            "median": 7659,
            "mean": 7556,
            "mdev": 106.2014,
            "stddev": 184,
            "min": 7298,
            "p10": 7298,
            "p90": 7712,
            "p99": 7712,
            "max": 7712
          },
          "fetchStart": {
            "median": 1163,
            "mean": 1164,
            "mdev": 3.311,
            "stddev": 6,
            "min": 1157,
            "p10": 1157,
            "p90": 1171,
            "p99": 1171,
            "max": 1171
          },
          "loadEventEnd": {
            "median": 7659,
            "mean": 7556,
            "mdev": 106.2014,
            "stddev": 184,
            "min": 7298,
            "p10": 7298,
            "p90": 7712,
            "p99": 7712,
            "max": 7712
          },
          "loadEventStart": {
            "median": 7574,
            "mean": 7466,
            "mdev": 104.5084,
            "stddev": 181,
            "min": 7211,
            "p10": 7211,
            "p90": 7613,
            "p99": 7613,
            "max": 7613
          },
          "redirectEnd": {
            "median": 1161,
            "mean": 1160,
            "mdev": 2.6247,
            "stddev": 5,
            "min": 1154,
            "p10": 1154,
            "p90": 1165,
            "p99": 1165,
            "max": 1165
          },
          "redirectStart": {
            "median": 3,
            "mean": 3,
            "mdev": 0,
            "stddev": 0,
            "min": 3,
            "p10": 3,
            "p90": 3,
            "p99": 3,
            "max": 3
          },
          "requestStart": {
            "median": 1730,
            "mean": 1732,
            "mdev": 5.7155,
            "stddev": 10,
            "min": 1721,
            "p10": 1721,
            "p90": 1745,
            "p99": 1745,
            "max": 1745
          },
          "responseEnd": {
            "median": 2121,
            "mean": 2142,
            "mdev": 37.7251,
            "stddev": 65,
            "min": 2074,
            "p10": 2074,
            "p90": 2230,
            "p99": 2230,
            "max": 2230
          },
          "responseStart": {
            "median": 2121,
            "mean": 2142,
            "mdev": 37.7251,
            "stddev": 65,
            "min": 2074,
            "p10": 2074,
            "p90": 2230,
            "p99": 2230,
            "max": 2230
          },
          "secureConnectionStart": {
            "median": 1353,
            "mean": 1355,
            "mdev": 4.9963,
            "stddev": 9,
            "min": 1345,
            "p10": 1345,
            "p90": 1366,
            "p99": 1366,
            "max": 1366
          },
          "startTime": {
            "median": 0,
            "mean": 0,
            "mdev": 0,
            "stddev": 0,
            "min": 0,
            "p10": 0,
            "p90": 0,
            "p99": 0,
            "max": 0
          },
          "unloadEventEnd": {
            "median": 0,
            "mean": 0,
            "mdev": 0,
            "stddev": 0,
            "min": 0,
            "p10": 0,
            "p90": 0,
            "p99": 0,
            "max": 0
          },
          "unloadEventStart": {
            "median": 0,
            "mean": 0,
            "mdev": 0,
            "stddev": 0,
            "min": 0,
            "p10": 0,
            "p90": 0,
            "p99": 0,
            "max": 0
          },
          "workerStart": {
            "median": 0,
            "mean": 0,
            "mdev": 0,
            "stddev": 0,
            "min": 0,
            "p10": 0,
            "p90": 0,
            "p99": 0,
            "max": 0
          }
        },
        "pageTimings": {
          "backEndTime": {
            "median": 2121,
            "mean": 2142,
            "mdev": 37.7251,
            "stddev": 65,
            "min": 2074,
            "p10": 2074,
            "p90": 2230,
            "p99": 2230,
            "max": 2230
          },
          "domContentLoadedTime": {
            "median": 5619,
            "mean": 5589,
            "mdev": 65.0646,
            "stddev": 113,
            "min": 5438,
            "p10": 5438,
            "p90": 5709,
            "p99": 5709,
            "max": 5709
          },
          "domInteractiveTime": {
            "median": 4905,
            "mean": 4836,
            "mdev": 65.7965,
            "stddev": 114,
            "min": 4675,
            "p10": 4675,
            "p90": 4927,
            "p99": 4927,
            "max": 4927
          },
          "domainLookupTime": {
            "median": 0,
            "mean": 0,
            "mdev": 0,
            "stddev": 0,
            "min": 0,
            "p10": 0,
            "p90": 0,
            "p99": 0,
            "max": 0
          },
          "frontEndTime": {
            "median": 5383,
            "mean": 5324,
            "mdev": 99.5616,
            "stddev": 172,
            "min": 5090,
            "p10": 5090,
            "p90": 5500,
            "p99": 5500,
            "max": 5500
          },
          "pageDownloadTime": {
            "median": 0,
            "mean": 0,
            "mdev": 0,
            "stddev": 0,
            "min": 0,
            "p10": 0,
            "p90": 0,
            "p99": 0,
            "max": 0
          },
          "pageLoadTime": {
            "median": 7574,
            "mean": 7466,
            "mdev": 104.5084,
            "stddev": 181,
            "min": 7211,
            "p10": 7211,
            "p90": 7613,
            "p99": 7613,
            "max": 7613
          },
          "redirectionTime": {
            "median": 1158,
            "mean": 1157,
            "mdev": 2.6247,
            "stddev": 5,
            "min": 1151,
            "p10": 1151,
            "p90": 1162,
            "p99": 1162,
            "max": 1162
          },
          "serverConnectionTime": {
            "median": 548,
            "mean": 549,
            "mdev": 2.1602,
            "stddev": 4,
            "min": 545,
            "p10": 545,
            "p90": 554,
            "p99": 554,
            "max": 554
          },
          "serverResponseTime": {
            "median": 391,
            "mean": 409,
            "mdev": 31.7712,
            "stddev": 55,
            "min": 353,
            "p10": 353,
            "p90": 484,
            "p99": 484,
            "max": 484
          }
        },
        "rumSpeedIndex": {
          "median": 2120,
          "mean": 2141,
          "mdev": 37.5263,
          "stddev": 65,
          "min": 2074,
          "p10": 2074,
          "p90": 2229,
          "p99": 2229,
          "max": 2229
        },
        "timeToContentfulPaint": {
          "median": 5226,
          "mean": 5161,
          "mdev": 64.681,
          "stddev": 112,
          "min": 5003,
          "p10": 5003,
          "p90": 5253,
          "p99": 5253,
          "max": 5253
        },
        "timeToDomContentFlushed": {
          "median": 4907,
          "mean": 4839,
          "mdev": 66.4195,
          "stddev": 115,
          "min": 4677,
          "p10": 4677,
          "p90": 4933,
          "p99": 4933,
          "max": 4933
        }
      }
    }
  }
]