[
  {
    "info": {
      "browsertime": {
        "version": "8.4.0"
      },
      "url": "https://mail.ru/",
      "timestamp": "2021-03-30T16:46:36+04:00",
      "connectivity": {
        "engine": "external",
        "profile": "native"
      },
      "extra": {}
    },
    "files": {
      "video": [],
      "screenshot": [],
      "timeline": [],
      "consoleLog": [],
      "netLog": [],
      "perfLog": []
    },
    "cdp": {
      "performance": []
    },
    "timestamps": [
      "2021-03-30T16:46:19+04:00",
      "2021-03-30T16:46:42+04:00",
      "2021-03-30T16:47:05+04:00"
    ],
    "browserScripts": [
      {
        "browser": {
          "appConstants": {
            "ACCESSIBILITY": true,
            "ANDROID_PACKAGE_NAME": "org.mozilla.firefox",
            "ASAN": false,
            "ASAN_REPORTER": false,
            "BROWSER_CHROME_URL": "chrome://browser/content/browser.xul",
            "DEBUG": false,
            "DEBUG_JS_MODULES": "",
            "DLL_PREFIX": "lib",
            "DLL_SUFFIX": ".so",
            "EARLY_BETA_OR_EARLIER": false,
            "FENNEC_NIGHTLY": false,
            "HAVE_SHELL_SERVICE": false,
            "HAVE_USR_LIB64_DIR": false,
            "MENUBAR_CAN_AUTOHIDE": false,
            "MOZILLA_OFFICIAL": true,
            "MOZ_ALLOW_LEGACY_EXTENSIONS": false,
            "MOZ_ANDROID_ACTIVITY_STREAM": false,
            "MOZ_ANDROID_HISTORY": true,
            "MOZ_ANDROID_MOZILLA_ONLINE": false,
            "MOZ_APP_NAME": "fennec",
            "MOZ_APP_VERSION": "68.1.1",
            "MOZ_APP_VERSION_DISPLAY": "68.1.1",
            "MOZ_BING_API_CLIENTID": "no-bing-api-clientid",
            "MOZ_BING_API_KEY": "no-bing-api-key",
            "MOZ_BITS_DOWNLOAD": false,
            "MOZ_BUILD_APP": "mobile/android",
            "MOZ_CODE_COVERAGE": false,
            "MOZ_CRASHREPORTER": true,
            "MOZ_DATA_REPORTING": true,
            "MOZ_DEV_EDITION": false,
            "MOZ_GECKO_PROFILER": true,
            "MOZ_GOOGLE_LOCATION_SERVICE_API_KEY": "AIzaSyB2h2OuRcUgy5N-5hsZqiPW6sH3n_rptiQ",
            "MOZ_GOOGLE_SAFEBROWSING_API_KEY": "AIzaSyC7jsptDS3am4tPx4r3nxis7IMjBc5Dovo",
            "MOZ_GRAPHENE": false,
            "MOZ_MACBUNDLE_NAME": "Firefox.app",
            "MOZ_MAINTENANCE_SERVICE": false,
            "MOZ_MOZILLA_API_KEY": "3b4d27dd-703d-4094-8398-4de2c763505a",
            "MOZ_NEW_CERT_STORAGE": false,
            "MOZ_NEW_NOTIFICATION_STORE": false,
            "MOZ_NEW_XULSTORE": false,
            "MOZ_OFFICIAL_BRANDING": false,
            "MOZ_PLACES": false,
            "MOZ_REQUIRE_SIGNING": false,
            "MOZ_SANDBOX": false,
            "MOZ_SERVICES_HEALTHREPORT": true,
            "MOZ_SERVICES_SYNC": false,
            "MOZ_SWITCHBOARD": true,
            "MOZ_SYSTEM_NSS": false,
            "MOZ_TELEMETRY_ON_BY_DEFAULT": false,
            "MOZ_TELEMETRY_REPORTING": true,
            "MOZ_UNSIGNED_SCOPES": 0,
            "MOZ_UPDATER": false,
            "MOZ_UPDATE_CHANNEL": "release",
            "MOZ_WEBRTC": true,
            "MOZ_WIDGET_GTK": false,
            "MOZ_WIDGET_TOOLKIT": "android",
            "NIGHTLY_BUILD": false,
            "OMNIJAR_NAME": "assets/omni.ja",
            "RELEASE_OR_BETA": true,
            "SOURCE_REVISION_URL": "https://hg.mozilla.org/releases/mozilla-esr68/rev/d2e0b9e17b9bc1ef02606c8006b73293f7892ad5",
            "TELEMETRY_PING_FORMAT_VERSION": 4,
            "XP_UNIX": true,
            "isPlatformAndVersionAtLeast": {},
            "isPlatformAndVersionAtMost": {},
            "platform": "android"
          },
          "asyncAppConstants": {
            "ACCESSIBILITY": true,
            "ANDROID_PACKAGE_NAME": "org.mozilla.firefox",
            "ASAN": false,
            "ASAN_REPORTER": false,
            "BROWSER_CHROME_URL": "chrome://browser/content/browser.xul",
            "DEBUG": false,
            "DEBUG_JS_MODULES": "",
            "DLL_PREFIX": "lib",
            "DLL_SUFFIX": ".so",
            "EARLY_BETA_OR_EARLIER": false,
            "FENNEC_NIGHTLY": false,
            "HAVE_SHELL_SERVICE": false,
            "HAVE_USR_LIB64_DIR": false,
            "MENUBAR_CAN_AUTOHIDE": false,
            "MOZILLA_OFFICIAL": true,
            "MOZ_ALLOW_LEGACY_EXTENSIONS": false,
            "MOZ_ANDROID_ACTIVITY_STREAM": false,
            "MOZ_ANDROID_HISTORY": true,
            "MOZ_ANDROID_MOZILLA_ONLINE": false,
            "MOZ_APP_NAME": "fennec",
            "MOZ_APP_VERSION": "68.1.1",
            "MOZ_APP_VERSION_DISPLAY": "68.1.1",
            "MOZ_BING_API_CLIENTID": "no-bing-api-clientid",
            "MOZ_BING_API_KEY": "no-bing-api-key",
            "MOZ_BITS_DOWNLOAD": false,
            "MOZ_BUILD_APP": "mobile/android",
            "MOZ_CODE_COVERAGE": false,
            "MOZ_CRASHREPORTER": true,
            "MOZ_DATA_REPORTING": true,
            "MOZ_DEV_EDITION": false,
            "MOZ_GECKO_PROFILER": true,
            "MOZ_GOOGLE_LOCATION_SERVICE_API_KEY": "AIzaSyB2h2OuRcUgy5N-5hsZqiPW6sH3n_rptiQ",
            "MOZ_GOOGLE_SAFEBROWSING_API_KEY": "AIzaSyC7jsptDS3am4tPx4r3nxis7IMjBc5Dovo",
            "MOZ_GRAPHENE": false,
            "MOZ_MACBUNDLE_NAME": "Firefox.app",
            "MOZ_MAINTENANCE_SERVICE": false,
            "MOZ_MOZILLA_API_KEY": "3b4d27dd-703d-4094-8398-4de2c763505a",
            "MOZ_NEW_CERT_STORAGE": false,
            "MOZ_NEW_NOTIFICATION_STORE": false,
            "MOZ_NEW_XULSTORE": false,
            "MOZ_OFFICIAL_BRANDING": false,
            "MOZ_PLACES": false,
            "MOZ_REQUIRE_SIGNING": false,
            "MOZ_SANDBOX": false,
            "MOZ_SERVICES_HEALTHREPORT": true,
            "MOZ_SERVICES_SYNC": false,
            "MOZ_SWITCHBOARD": true,
            "MOZ_SYSTEM_NSS": false,
            "MOZ_TELEMETRY_ON_BY_DEFAULT": false,
            "MOZ_TELEMETRY_REPORTING": true,
            "MOZ_UNSIGNED_SCOPES": 0,
            "MOZ_UPDATER": false,
            "MOZ_UPDATE_CHANNEL": "release",
            "MOZ_WEBRTC": true,
            "MOZ_WIDGET_GTK": false,
            "MOZ_WIDGET_TOOLKIT": "android",
            "NIGHTLY_BUILD": false,
            "OMNIJAR_NAME": "assets/omni.ja",
            "RELEASE_OR_BETA": true,
            "SOURCE_REVISION_URL": "https://hg.mozilla.org/releases/mozilla-esr68/rev/d2e0b9e17b9bc1ef02606c8006b73293f7892ad5",
            "TELEMETRY_PING_FORMAT_VERSION": 4,
            "XP_UNIX": true,
            "isPlatformAndVersionAtLeast": {},
            "isPlatformAndVersionAtMost": {},
            "platform": "android"
          },
          "userAgent": "Mozilla/5.0 (Android 9; Mobile; rv:68.0) Gecko/68.0 Firefox/68.0",
          "windowSize": "360x612"
        },
        "pageinfo": {
          "documentHeight": 4211,
          "documentSize": {
            "decodedBodySize": 305332,
            "encodedBodySize": 90548,
            "transferSize": 96231
          },
          "documentTitle": "Mail.ru",
          "documentWidth": 360,
          "domElements": 1021,
          "navigationStartTime": 1617108379898,
          "nextHopProtocol": "http/1.1",
          "resources": {
            "count": 0,
            "duration": 0
          },
          "responsive": true,
          "url": "https://mail.ru/",
          "visualElements": {
            "heroes": [
              {
                "filename": "01.svg",
                "height": 32,
                "name": "LargestImage",
                "width": 32,
                "x": 25,
                "y": 372
              }
            ],
            "viewport": {
              "height": 612,
              "width": 360
            }
          }
        },
        "timings": {
          "firstPaint": 2925,
          "loadEventEnd": 6297,
          "navigationTiming": {
            "connectStart": 161,
            "domComplete": 6297,
            "domContentLoadedEventEnd": 4877,
            "domContentLoadedEventStart": 4840,
            "domInteractive": 4665,
            "domainLookupEnd": 161,
            "domainLookupStart": 5,
            "duration": 6297,
            "fetchStart": 2,
            "loadEventEnd": 6297,
            "loadEventStart": 6297,
            "redirectEnd": 0,
            "redirectStart": 0,
            "requestStart": 848,
            "responseEnd": 1022,
            "responseStart": 1022,
            "secureConnectionStart": 481,
            "startTime": 0,
            "unloadEventEnd": 0,
            "unloadEventStart": 0,
            "workerStart": 0
          },
          "pageTimings": {
            "backEndTime": 1022,
            "domContentLoadedTime": 4840,
            "domInteractiveTime": 4665,
            "domainLookupTime": 156,
            "frontEndTime": 5275,
            "pageDownloadTime": 0,
            "pageLoadTime": 6297,
            "redirectionTime": 0,
            "serverConnectionTime": 686,
            "serverResponseTime": 174
          },
          "rumSpeedIndex": 1022,
          "timeToContentfulPaint": 3134,
          "timeToDomContentFlushed": 2917,
          "userTimings": {
            "marks": [],
            "measures": []
          }
        }
      },
      {
        "browser": {
          "appConstants": {
            "ACCESSIBILITY": true,
            "ANDROID_PACKAGE_NAME": "org.mozilla.firefox",
            "ASAN": false,
            "ASAN_REPORTER": false,
            "BROWSER_CHROME_URL": "chrome://browser/content/browser.xul",
            "DEBUG": false,
            "DEBUG_JS_MODULES": "",
            "DLL_PREFIX": "lib",
            "DLL_SUFFIX": ".so",
            "EARLY_BETA_OR_EARLIER": false,
            "FENNEC_NIGHTLY": false,
            "HAVE_SHELL_SERVICE": false,
            "HAVE_USR_LIB64_DIR": false,
            "MENUBAR_CAN_AUTOHIDE": false,
            "MOZILLA_OFFICIAL": true,
            "MOZ_ALLOW_LEGACY_EXTENSIONS": false,
            "MOZ_ANDROID_ACTIVITY_STREAM": false,
            "MOZ_ANDROID_HISTORY": true,
            "MOZ_ANDROID_MOZILLA_ONLINE": false,
            "MOZ_APP_NAME": "fennec",
            "MOZ_APP_VERSION": "68.1.1",
            "MOZ_APP_VERSION_DISPLAY": "68.1.1",
            "MOZ_BING_API_CLIENTID": "no-bing-api-clientid",
            "MOZ_BING_API_KEY": "no-bing-api-key",
            "MOZ_BITS_DOWNLOAD": false,
            "MOZ_BUILD_APP": "mobile/android",
            "MOZ_CODE_COVERAGE": false,
            "MOZ_CRASHREPORTER": true,
            "MOZ_DATA_REPORTING": true,
            "MOZ_DEV_EDITION": false,
            "MOZ_GECKO_PROFILER": true,
            "MOZ_GOOGLE_LOCATION_SERVICE_API_KEY": "AIzaSyB2h2OuRcUgy5N-5hsZqiPW6sH3n_rptiQ",
            "MOZ_GOOGLE_SAFEBROWSING_API_KEY": "AIzaSyC7jsptDS3am4tPx4r3nxis7IMjBc5Dovo",
            "MOZ_GRAPHENE": false,
            "MOZ_MACBUNDLE_NAME": "Firefox.app",
            "MOZ_MAINTENANCE_SERVICE": false,
            "MOZ_MOZILLA_API_KEY": "3b4d27dd-703d-4094-8398-4de2c763505a",
            "MOZ_NEW_CERT_STORAGE": false,
            "MOZ_NEW_NOTIFICATION_STORE": false,
            "MOZ_NEW_XULSTORE": false,
            "MOZ_OFFICIAL_BRANDING": false,
            "MOZ_PLACES": false,
            "MOZ_REQUIRE_SIGNING": false,
            "MOZ_SANDBOX": false,
            "MOZ_SERVICES_HEALTHREPORT": true,
            "MOZ_SERVICES_SYNC": false,
            "MOZ_SWITCHBOARD": true,
            "MOZ_SYSTEM_NSS": false,
            "MOZ_TELEMETRY_ON_BY_DEFAULT": false,
            "MOZ_TELEMETRY_REPORTING": true,
            "MOZ_UNSIGNED_SCOPES": 0,
            "MOZ_UPDATER": false,
            "MOZ_UPDATE_CHANNEL": "release",
            "MOZ_WEBRTC": true,
            "MOZ_WIDGET_GTK": false,
            "MOZ_WIDGET_TOOLKIT": "android",
            "NIGHTLY_BUILD": false,
            "OMNIJAR_NAME": "assets/omni.ja",
            "RELEASE_OR_BETA": true,
            "SOURCE_REVISION_URL": "https://hg.mozilla.org/releases/mozilla-esr68/rev/d2e0b9e17b9bc1ef02606c8006b73293f7892ad5",
            "TELEMETRY_PING_FORMAT_VERSION": 4,
            "XP_UNIX": true,
            "isPlatformAndVersionAtLeast": {},
            "isPlatformAndVersionAtMost": {},
            "platform": "android"
          },
          "asyncAppConstants": {
            "ACCESSIBILITY": true,
            "ANDROID_PACKAGE_NAME": "org.mozilla.firefox",
            "ASAN": false,
            "ASAN_REPORTER": false,
            "BROWSER_CHROME_URL": "chrome://browser/content/browser.xul",
            "DEBUG": false,
            "DEBUG_JS_MODULES": "",
            "DLL_PREFIX": "lib",
            "DLL_SUFFIX": ".so",
            "EARLY_BETA_OR_EARLIER": false,
            "FENNEC_NIGHTLY": false,
            "HAVE_SHELL_SERVICE": false,
            "HAVE_USR_LIB64_DIR": false,
            "MENUBAR_CAN_AUTOHIDE": false,
            "MOZILLA_OFFICIAL": true,
            "MOZ_ALLOW_LEGACY_EXTENSIONS": false,
            "MOZ_ANDROID_ACTIVITY_STREAM": false,
            "MOZ_ANDROID_HISTORY": true,
            "MOZ_ANDROID_MOZILLA_ONLINE": false,
            "MOZ_APP_NAME": "fennec",
            "MOZ_APP_VERSION": "68.1.1",
            "MOZ_APP_VERSION_DISPLAY": "68.1.1",
            "MOZ_BING_API_CLIENTID": "no-bing-api-clientid",
            "MOZ_BING_API_KEY": "no-bing-api-key",
            "MOZ_BITS_DOWNLOAD": false,
            "MOZ_BUILD_APP": "mobile/android",
            "MOZ_CODE_COVERAGE": false,
            "MOZ_CRASHREPORTER": true,
            "MOZ_DATA_REPORTING": true,
            "MOZ_DEV_EDITION": false,
            "MOZ_GECKO_PROFILER": true,
            "MOZ_GOOGLE_LOCATION_SERVICE_API_KEY": "AIzaSyB2h2OuRcUgy5N-5hsZqiPW6sH3n_rptiQ",
            "MOZ_GOOGLE_SAFEBROWSING_API_KEY": "AIzaSyC7jsptDS3am4tPx4r3nxis7IMjBc5Dovo",
            "MOZ_GRAPHENE": false,
            "MOZ_MACBUNDLE_NAME": "Firefox.app",
            "MOZ_MAINTENANCE_SERVICE": false,
            "MOZ_MOZILLA_API_KEY": "3b4d27dd-703d-4094-8398-4de2c763505a",
            "MOZ_NEW_CERT_STORAGE": false,
            "MOZ_NEW_NOTIFICATION_STORE": false,
            "MOZ_NEW_XULSTORE": false,
            "MOZ_OFFICIAL_BRANDING": false,
            "MOZ_PLACES": false,
            "MOZ_REQUIRE_SIGNING": false,
            "MOZ_SANDBOX": false,
            "MOZ_SERVICES_HEALTHREPORT": true,
            "MOZ_SERVICES_SYNC": false,
            "MOZ_SWITCHBOARD": true,
            "MOZ_SYSTEM_NSS": false,
            "MOZ_TELEMETRY_ON_BY_DEFAULT": false,
            "MOZ_TELEMETRY_REPORTING": true,
            "MOZ_UNSIGNED_SCOPES": 0,
            "MOZ_UPDATER": false,
            "MOZ_UPDATE_CHANNEL": "release",
            "MOZ_WEBRTC": true,
            "MOZ_WIDGET_GTK": false,
            "MOZ_WIDGET_TOOLKIT": "android",
            "NIGHTLY_BUILD": false,
            "OMNIJAR_NAME": "assets/omni.ja",
            "RELEASE_OR_BETA": true,
            "SOURCE_REVISION_URL": "https://hg.mozilla.org/releases/mozilla-esr68/rev/d2e0b9e17b9bc1ef02606c8006b73293f7892ad5",
            "TELEMETRY_PING_FORMAT_VERSION": 4,
            "XP_UNIX": true,
            "isPlatformAndVersionAtLeast": {},
            "isPlatformAndVersionAtMost": {},
            "platform": "android"
          },
          "userAgent": "Mozilla/5.0 (Android 9; Mobile; rv:68.0) Gecko/68.0 Firefox/68.0",
          "windowSize": "360x612"
        },
        "pageinfo": {
          "documentHeight": 4211,
          "documentSize": {
            "decodedBodySize": 305097,
            "encodedBodySize": 90160,
            "transferSize": 95843
          },
          "documentTitle": "Mail.ru",
          "documentWidth": 360,
          "domElements": 1022,
          "navigationStartTime": 1617108402995,
          "nextHopProtocol": "http/1.1",
          "resources": {
            "count": 0,
            "duration": 0
          },
          "responsive": true,
          "url": "https://mail.ru/",
          "visualElements": {
            "heroes": [
              {
                "filename": "01.svg",
                "height": 32,
                "name": "LargestImage",
                "width": 32,
                "x": 25,
                "y": 372
              }
            ],
            "viewport": {
              "height": 612,
              "width": 360
            }
          }
        },
        "timings": {
          "firstPaint": 2370,
          "loadEventEnd": 5894,
          "navigationTiming": {
            "connectStart": 299,
            "domComplete": 5894,
            "domContentLoadedEventEnd": 4578,
            "domContentLoadedEventStart": 4543,
            "domInteractive": 4309,
            "domainLookupEnd": 298,
            "domainLookupStart": 298,
            "duration": 5894,
            "fetchStart": 2,
            "loadEventEnd": 5894,
            "loadEventStart": 5894,
            "redirectEnd": 0,
            "redirectStart": 0,
            "requestStart": 718,
            "responseEnd": 898,
            "responseStart": 898,
            "secureConnectionStart": 487,
            "startTime": 0,
            "unloadEventEnd": 0,
            "unloadEventStart": 0,
            "workerStart": 0
          },
          "pageTimings": {
            "backEndTime": 898,
            "domContentLoadedTime": 4543,
            "domInteractiveTime": 4309,
            "domainLookupTime": 0,
            "frontEndTime": 4996,
            "pageDownloadTime": 0,
            "pageLoadTime": 5894,
            "redirectionTime": 0,
            "serverConnectionTime": 418,
            "serverResponseTime": 181
          },
          "rumSpeedIndex": 898,
          "timeToContentfulPaint": 2606,
          "timeToDomContentFlushed": 2365,
          "userTimings": {
            "marks": [],
            "measures": []
          }
        }
      }
    ],
    "visualMetrics": [],
    "cpu": [],
    "extras": [
      {},
      {},
      {}
    ],
    "fullyLoaded": [],
    "errors": [
      [],
      [],
      [
        "UrlLoadError",
        "Failed to load https://mail.ru/"
      ]
    ],
    "statistics": {
      "browser": {
        "appConstants": {
          "MOZ_UNSIGNED_SCOPES": {
            "median": 0,
            "mean": 0,
            "mdev": 0,
            "stddev": 0,
            "min": 0,
            "p10": 0,
            "p90": 0,
            "p99": 0,
            "max": 0
          },
          "TELEMETRY_PING_FORMAT_VERSION": {
            "median": 4,
            "mean": 4,
            "mdev": 0,
            "stddev": 0,
            "min": 4,
            "p10": 4,
            "p90": 4,
            "p99": 4,
            "max": 4
          }
        },
        "asyncAppConstants": {
          "MOZ_UNSIGNED_SCOPES": {
            "median": 0,
            "mean": 0,
            "mdev": 0,
            "stddev": 0,
            "min": 0,
            "p10": 0,
            "p90": 0,
            "p99": 0,
            "max": 0
          },
          "TELEMETRY_PING_FORMAT_VERSION": {
            "median": 4,
            "mean": 4,
            "mdev": 0,
            "stddev": 0,
            "min": 4,
            "p10": 4,
            "p90": 4,
            "p99": 4,
            "max": 4
          }
        }
      },
      "pageinfo": {
        "documentHeight": {
          "median": 4211,
          "mean": 4211,
          "mdev": 0,
          "stddev": 0,
          "min": 4211,
          "p10": 4211,
          "p90": 4211,
          "p99": 4211,
          "max": 4211
        },
        "documentSize": {
          "decodedBodySize": {
            "median": 305215,
            "mean": 305215,
            "mdev": 83.085,
            "stddev": 118,
            "min": 305097,
            "p10": 305097,
            "p90": 305332,
            "p99": 305332,
            "max": 305332
          },
          "encodedBodySize": {
            "median": 90354,
            "mean": 90354,
            "mdev": 137.1787,
            "stddev": 194,
            "min": 90160,
            "p10": 90160,
            "p90": 90548,
            "p99": 90548,
            "max": 90548
          },
          "transferSize": {
            "median": 96037,
            "mean": 96037,
            "mdev": 137.1787,
            "stddev": 194,
            "min": 95843,
            "p10": 95843,
            "p90": 96231,
            "p99": 96231,
            "max": 96231
          }
        },
        "documentWidth": {
          "median": 360,
          "mean": 360,
          "mdev": 0,
          "stddev": 0,
          "min": 360,
          "p10": 360,
          "p90": 360,
          "p99": 360,
          "max": 360
        },
        "domElements": {
          "median": 1022,
          "mean": 1022,
          "mdev": 0.3536,
          "stddev": 1,
          "min": 1021,
          "p10": 1021,
          "p90": 1022,
          "p99": 1022,
          "max": 1022
        },
        "navigationStartTime": {
          "median": 1617108391447,
          "mean": 1617108391447,
          "mdev": 0,
          "stddev": 0,
          "min": 1617108379898,
          "p10": 1617108379898,
          "p90": 1617108402995,
          "p99": 1617108402995,
          "max": 1617108402995
        },
        "resources": {
          "count": {
            "median": 0,
            "mean": 0,
            "mdev": 0,
            "stddev": 0,
            "min": 0,
            "p10": 0,
            "p90": 0,
            "p99": 0,
            "max": 0
          },
          "duration": {
            "median": 0,
            "mean": 0,
            "mdev": 0,
            "stddev": 0,
            "min": 0,
            "p10": 0,
            "p90": 0,
            "p99": 0,
            "max": 0
          }
        },
        "visualElements": {
          "heroes": [
            {
              "height": {
                "median": 32,
                "mean": 32,
                "mdev": 0,
                "stddev": 0,
                "min": 32,
                "p10": 32,
                "p90": 32,
                "p99": 32,
                "max": 32
              },
              "width": {
                "median": 32,
                "mean": 32,
                "mdev": 0,
                "stddev": 0,
                "min": 32,
                "p10": 32,
                "p90": 32,
                "p99": 32,
                "max": 32
              },
              "x": {
                "median": 25,
                "mean": 25,
                "mdev": 0,
                "stddev": 0,
                "min": 25,
                "p10": 25,
                "p90": 25,
                "p99": 25,
                "max": 25
              },
              "y": {
                "median": 372,
                "mean": 372,
                "mdev": 0,
                "stddev": 0,
                "min": 372,
                "p10": 372,
                "p90": 372,
                "p99": 372,
                "max": 372
              }
            }
          ],
          "viewport": {
            "height": {
              "median": 612,
              "mean": 612,
              "mdev": 0,
              "stddev": 0,
              "min": 612,
              "p10": 612,
              "p90": 612,
              "p99": 612,
              "max": 612
            },
            "width": {
              "median": 360,
              "mean": 360,
              "mdev": 0,
              "stddev": 0,
              "min": 360,
              "p10": 360,
              "p90": 360,
              "p99": 360,
              "max": 360
            }
          }
        }
      },
      "timings": {
        "firstPaint": {
          "median": 2648,
          "mean": 2648,
          "mdev": 196.2221,
          "stddev": 278,
          "min": 2370,
          "p10": 2370,
          "p90": 2925,
          "p99": 2925,
          "max": 2925
        },
        "loadEventEnd": {
          "median": 6096,
          "mean": 6096,
          "mdev": 142.482,
          "stddev": 202,
          "min": 5894,
          "p10": 5894,
          "p90": 6297,
          "p99": 6297,
          "max": 6297
        },
        "navigationTiming": {
          "connectStart": {
            "median": 230,
            "mean": 230,
            "mdev": 48.7904,
            "stddev": 69,
            "min": 161,
            "p10": 161,
            "p90": 299,
            "p99": 299,
            "max": 299
          },
          "domComplete": {
            "median": 6096,
            "mean": 6096,
            "mdev": 142.482,
            "stddev": 202,
            "min": 5894,
            "p10": 5894,
            "p90": 6297,
            "p99": 6297,
            "max": 6297
          },
          "domContentLoadedEventEnd": {
            "median": 4728,
            "mean": 4728,
            "mdev": 105.7125,
            "stddev": 150,
            "min": 4578,
            "p10": 4578,
            "p90": 4877,
            "p99": 4877,
            "max": 4877
          },
          "domContentLoadedEventStart": {
            "median": 4692,
            "mean": 4692,
            "mdev": 105.0054,
            "stddev": 149,
            "min": 4543,
            "p10": 4543,
            "p90": 4840,
            "p99": 4840,
            "max": 4840
          },
          "domInteractive": {
            "median": 4487,
            "mean": 4487,
            "mdev": 125.865,
            "stddev": 178,
            "min": 4309,
            "p10": 4309,
            "p90": 4665,
            "p99": 4665,
            "max": 4665
          },
          "domainLookupEnd": {
            "median": 230,
            "mean": 230,
            "mdev": 48.4368,
            "stddev": 69,
            "min": 161,
            "p10": 161,
            "p90": 298,
            "p99": 298,
            "max": 298
          },
          "domainLookupStart": {
            "median": 152,
            "mean": 152,
            "mdev": 103.5911,
            "stddev": 147,
            "min": 5,
            "p10": 5,
            "p90": 298,
            "p99": 298,
            "max": 298
          },
          "duration": {
            "median": 6096,
            "mean": 6096,
            "mdev": 142.482,
            "stddev": 202,
            "min": 5894,
            "p10": 5894,
            "p90": 6297,
            "p99": 6297,
            "max": 6297
          },
          "fetchStart": {
            "median": 2,
            "mean": 2,
            "mdev": 0,
            "stddev": 0,
            "min": 2,
            "p10": 2,
            "p90": 2,
            "p99": 2,
            "max": 2
          },
          "loadEventEnd": {
            "median": 6096,
            "mean": 6096,
            "mdev": 142.482,
            "stddev": 202,
            "min": 5894,
            "p10": 5894,
            "p90": 6297,
            "p99": 6297,
            "max": 6297
          },
          "loadEventStart": {
            "median": 6096,
            "mean": 6096,
            "mdev": 142.482,
            "stddev": 202,
            "min": 5894,
            "p10": 5894,
            "p90": 6297,
            "p99": 6297,
            "max": 6297
          },
          "redirectEnd": {
            "median": 0,
            "mean": 0,
            "mdev": 0,
            "stddev": 0,
            "min": 0,
            "p10": 0,
            "p90": 0,
            "p99": 0,
            "max": 0
          },
          "redirectStart": {
            "median": 0,
            "mean": 0,
            "mdev": 0,
            "stddev": 0,
            "min": 0,
            "p10": 0,
            "p90": 0,
            "p99": 0,
            "max": 0
          },
          "requestStart": {
            "median": 783,
            "mean": 783,
            "mdev": 45.9619,
            "stddev": 65,
            "min": 718,
            "p10": 718,
            "p90": 848,
            "p99": 848,
            "max": 848
          },
          "responseEnd": {
            "median": 960,
            "mean": 960,
            "mdev": 43.8406,
            "stddev": 62,
            "min": 898,
            "p10": 898,
            "p90": 1022,
            "p99": 1022,
            "max": 1022
          },
          "responseStart": {
            "median": 960,
            "mean": 960,
            "mdev": 43.8406,
            "stddev": 62,
            "min": 898,
            "p10": 898,
            "p90": 1022,
            "p99": 1022,
            "max": 1022
          },
          "secureConnectionStart": {
            "median": 484,
            "mean": 484,
            "mdev": 2.1213,
            "stddev": 3,
            "min": 481,
            "p10": 481,
            "p90": 487,
            "p99": 487,
            "max": 487
          },
          "startTime": {
            "median": 0,
            "mean": 0,
            "mdev": 0,
            "stddev": 0,
            "min": 0,
            "p10": 0,
            "p90": 0,
            "p99": 0,
            "max": 0
          },
          "unloadEventEnd": {
            "median": 0,
            "mean": 0,
            "mdev": 0,
            "stddev": 0,
            "min": 0,
            "p10": 0,
            "p90": 0,
            "p99": 0,
            "max": 0
          },
          "unloadEventStart": {
            "median": 0,
            "mean": 0,
            "mdev": 0,
            "stddev": 0,
            "min": 0,
            "p10": 0,
            "p90": 0,
            "p99": 0,
            "max": 0
          },
          "workerStart": {
            "median": 0,
            "mean": 0,
            "mdev": 0,
            "stddev": 0,
            "min": 0,
            "p10": 0,
            "p90": 0,
            "p99": 0,
            "max": 0
          }
        },
        "pageTimings": {
          "backEndTime": {
            "median": 960,
            "mean": 960,
            "mdev": 43.8406,
            "stddev": 62,
            "min": 898,
            "p10": 898,
            "p90": 1022,
            "p99": 1022,
            "max": 1022
          },
          "domContentLoadedTime": {
            "median": 4692,
            "mean": 4692,
            "mdev": 105.0054,
            "stddev": 149,
            "min": 4543,
            "p10": 4543,
            "p90": 4840,
            "p99": 4840,
            "max": 4840
          },
          "domInteractiveTime": {
            "median": 4487,
            "mean": 4487,
            "mdev": 125.865,
            "stddev": 178,
            "min": 4309,
            "p10": 4309,
            "p90": 4665,
            "p99": 4665,
            "max": 4665
          },
          "domainLookupTime": {
            "median": 78,
            "mean": 78,
            "mdev": 55.1543,
            "stddev": 78,
            "min": 0,
            "p10": 0,
            "p90": 156,
            "p99": 156,
            "max": 156
          },
          "frontEndTime": {
            "median": 5136,
            "mean": 5136,
            "mdev": 98.6414,
            "stddev": 140,
            "min": 4996,
            "p10": 4996,
            "p90": 5275,
            "p99": 5275,
            "max": 5275
          },
          "pageDownloadTime": {
            "median": 0,
            "mean": 0,
            "mdev": 0,
            "stddev": 0,
            "min": 0,
            "p10": 0,
            "p90": 0,
            "p99": 0,
            "max": 0
          },
          "pageLoadTime": {
            "median": 6096,
            "mean": 6096,
            "mdev": 142.482,
            "stddev": 202,
            "min": 5894,
            "p10": 5894,
            "p90": 6297,
            "p99": 6297,
            "max": 6297
          },
          "redirectionTime": {
            "median": 0,
            "mean": 0,
            "mdev": 0,
            "stddev": 0,
            "min": 0,
            "p10": 0,
            "p90": 0,
            "p99": 0,
            "max": 0
          },
          "serverConnectionTime": {
            "median": 552,
            "mean": 552,
            "mdev": 94.7523,
            "stddev": 134,
            "min": 418,
            "p10": 418,
            "p90": 686,
            "p99": 686,
            "max": 686
          },
          "serverResponseTime": {
            "median": 178,
            "mean": 178,
            "mdev": 2.4749,
            "stddev": 4,
            "min": 174,
            "p10": 174,
            "p90": 181,
            "p99": 181,
            "max": 181
          }
        },
        "rumSpeedIndex": {
          "median": 960,
          "mean": 960,
          "mdev": 43.8406,
          "stddev": 62,
          "min": 898,
          "p10": 898,
          "p90": 1022,
          "p99": 1022,
          "max": 1022
        },
        "timeToContentfulPaint": {
          "median": 2870,
          "mean": 2870,
          "mdev": 186.6762,
          "stddev": 264,
          "min": 2606,
          "p10": 2606,
          "p90": 3134,
          "p99": 3134,
          "max": 3134
        },
        "timeToDomContentFlushed": {
          "median": 2641,
          "mean": 2641,
          "mdev": 195.1615,
          "stddev": 276,
          "min": 2365,
          "p10": 2365,
          "p90": 2917,
          "p99": 2917,
          "max": 2917
        }
      }
    }
  }
]