[
  {
    "info": {
      "browsertime": {
        "version": "8.4.0"
      },
      "url": "https://www.uol.com.br/",
      "timestamp": "2021-03-30T08:36:26+04:00",
      "connectivity": {
        "engine": "external",
        "profile": "native"
      },
      "extra": {}
    },
    "files": {
      "video": [],
      "screenshot": [],
      "timeline": [],
      "consoleLog": [],
      "netLog": [],
      "perfLog": []
    },
    "cdp": {
      "performance": []
    },
    "timestamps": [
      "2021-03-30T08:35:35+04:00",
      "2021-03-30T08:36:39+04:00",
      "2021-03-30T08:37:37+04:00"
    ],
    "browserScripts": [
      {
        "browser": {
          "appConstants": {
            "ACCESSIBILITY": true,
            "ANDROID_PACKAGE_NAME": "org.mozilla.firefox",
            "ASAN": false,
            "ASAN_REPORTER": false,
            "BROWSER_CHROME_URL": "chrome://browser/content/browser.xul",
            "DEBUG": false,
            "DEBUG_JS_MODULES": "",
            "DLL_PREFIX": "lib",
            "DLL_SUFFIX": ".so",
            "EARLY_BETA_OR_EARLIER": false,
            "FENNEC_NIGHTLY": false,
            "HAVE_SHELL_SERVICE": false,
            "HAVE_USR_LIB64_DIR": false,
            "MENUBAR_CAN_AUTOHIDE": false,
            "MOZILLA_OFFICIAL": true,
            "MOZ_ALLOW_LEGACY_EXTENSIONS": false,
            "MOZ_ANDROID_ACTIVITY_STREAM": false,
            "MOZ_ANDROID_HISTORY": true,
            "MOZ_ANDROID_MOZILLA_ONLINE": false,
            "MOZ_APP_NAME": "fennec",
            "MOZ_APP_VERSION": "68.1.1",
            "MOZ_APP_VERSION_DISPLAY": "68.1.1",
            "MOZ_BING_API_CLIENTID": "no-bing-api-clientid",
            "MOZ_BING_API_KEY": "no-bing-api-key",
            "MOZ_BITS_DOWNLOAD": false,
            "MOZ_BUILD_APP": "mobile/android",
            "MOZ_CODE_COVERAGE": false,
            "MOZ_CRASHREPORTER": true,
            "MOZ_DATA_REPORTING": true,
            "MOZ_DEV_EDITION": false,
            "MOZ_GECKO_PROFILER": true,
            "MOZ_GOOGLE_LOCATION_SERVICE_API_KEY": "AIzaSyB2h2OuRcUgy5N-5hsZqiPW6sH3n_rptiQ",
            "MOZ_GOOGLE_SAFEBROWSING_API_KEY": "AIzaSyC7jsptDS3am4tPx4r3nxis7IMjBc5Dovo",
            "MOZ_GRAPHENE": false,
            "MOZ_MACBUNDLE_NAME": "Firefox.app",
            "MOZ_MAINTENANCE_SERVICE": false,
            "MOZ_MOZILLA_API_KEY": "3b4d27dd-703d-4094-8398-4de2c763505a",
            "MOZ_NEW_CERT_STORAGE": false,
            "MOZ_NEW_NOTIFICATION_STORE": false,
            "MOZ_NEW_XULSTORE": false,
            "MOZ_OFFICIAL_BRANDING": false,
            "MOZ_PLACES": false,
            "MOZ_REQUIRE_SIGNING": false,
            "MOZ_SANDBOX": false,
            "MOZ_SERVICES_HEALTHREPORT": true,
            "MOZ_SERVICES_SYNC": false,
            "MOZ_SWITCHBOARD": true,
            "MOZ_SYSTEM_NSS": false,
            "MOZ_TELEMETRY_ON_BY_DEFAULT": false,
            "MOZ_TELEMETRY_REPORTING": true,
            "MOZ_UNSIGNED_SCOPES": 0,
            "MOZ_UPDATER": false,
            "MOZ_UPDATE_CHANNEL": "release",
            "MOZ_WEBRTC": true,
            "MOZ_WIDGET_GTK": false,
            "MOZ_WIDGET_TOOLKIT": "android",
            "NIGHTLY_BUILD": false,
            "OMNIJAR_NAME": "assets/omni.ja",
            "RELEASE_OR_BETA": true,
            "SOURCE_REVISION_URL": "https://hg.mozilla.org/releases/mozilla-esr68/rev/d2e0b9e17b9bc1ef02606c8006b73293f7892ad5",
            "TELEMETRY_PING_FORMAT_VERSION": 4,
            "XP_UNIX": true,
            "isPlatformAndVersionAtLeast": {},
            "isPlatformAndVersionAtMost": {},
            "platform": "android"
          },
          "asyncAppConstants": {
            "ACCESSIBILITY": true,
            "ANDROID_PACKAGE_NAME": "org.mozilla.firefox",
            "ASAN": false,
            "ASAN_REPORTER": false,
            "BROWSER_CHROME_URL": "chrome://browser/content/browser.xul",
            "DEBUG": false,
            "DEBUG_JS_MODULES": "",
            "DLL_PREFIX": "lib",
            "DLL_SUFFIX": ".so",
            "EARLY_BETA_OR_EARLIER": false,
            "FENNEC_NIGHTLY": false,
            "HAVE_SHELL_SERVICE": false,
            "HAVE_USR_LIB64_DIR": false,
            "MENUBAR_CAN_AUTOHIDE": false,
            "MOZILLA_OFFICIAL": true,
            "MOZ_ALLOW_LEGACY_EXTENSIONS": false,
            "MOZ_ANDROID_ACTIVITY_STREAM": false,
            "MOZ_ANDROID_HISTORY": true,
            "MOZ_ANDROID_MOZILLA_ONLINE": false,
            "MOZ_APP_NAME": "fennec",
            "MOZ_APP_VERSION": "68.1.1",
            "MOZ_APP_VERSION_DISPLAY": "68.1.1",
            "MOZ_BING_API_CLIENTID": "no-bing-api-clientid",
            "MOZ_BING_API_KEY": "no-bing-api-key",
            "MOZ_BITS_DOWNLOAD": false,
            "MOZ_BUILD_APP": "mobile/android",
            "MOZ_CODE_COVERAGE": false,
            "MOZ_CRASHREPORTER": true,
            "MOZ_DATA_REPORTING": true,
            "MOZ_DEV_EDITION": false,
            "MOZ_GECKO_PROFILER": true,
            "MOZ_GOOGLE_LOCATION_SERVICE_API_KEY": "AIzaSyB2h2OuRcUgy5N-5hsZqiPW6sH3n_rptiQ",
            "MOZ_GOOGLE_SAFEBROWSING_API_KEY": "AIzaSyC7jsptDS3am4tPx4r3nxis7IMjBc5Dovo",
            "MOZ_GRAPHENE": false,
            "MOZ_MACBUNDLE_NAME": "Firefox.app",
            "MOZ_MAINTENANCE_SERVICE": false,
            "MOZ_MOZILLA_API_KEY": "3b4d27dd-703d-4094-8398-4de2c763505a",
            "MOZ_NEW_CERT_STORAGE": false,
            "MOZ_NEW_NOTIFICATION_STORE": false,
            "MOZ_NEW_XULSTORE": false,
            "MOZ_OFFICIAL_BRANDING": false,
            "MOZ_PLACES": false,
            "MOZ_REQUIRE_SIGNING": false,
            "MOZ_SANDBOX": false,
            "MOZ_SERVICES_HEALTHREPORT": true,
            "MOZ_SERVICES_SYNC": false,
            "MOZ_SWITCHBOARD": true,
            "MOZ_SYSTEM_NSS": false,
            "MOZ_TELEMETRY_ON_BY_DEFAULT": false,
            "MOZ_TELEMETRY_REPORTING": true,
            "MOZ_UNSIGNED_SCOPES": 0,
            "MOZ_UPDATER": false,
            "MOZ_UPDATE_CHANNEL": "release",
            "MOZ_WEBRTC": true,
            "MOZ_WIDGET_GTK": false,
            "MOZ_WIDGET_TOOLKIT": "android",
            "NIGHTLY_BUILD": false,
            "OMNIJAR_NAME": "assets/omni.ja",
            "RELEASE_OR_BETA": true,
            "SOURCE_REVISION_URL": "https://hg.mozilla.org/releases/mozilla-esr68/rev/d2e0b9e17b9bc1ef02606c8006b73293f7892ad5",
            "TELEMETRY_PING_FORMAT_VERSION": 4,
            "XP_UNIX": true,
            "isPlatformAndVersionAtLeast": {},
            "isPlatformAndVersionAtMost": {},
            "platform": "android"
          },
          "userAgent": "Mozilla/5.0 (Android 8.1.0; Mobile; rv:68.0) Gecko/68.0 Firefox/68.0",
          "windowSize": "360x560"
        },
        "pageinfo": {
          "documentHeight": 31923,
          "documentSize": {
            "decodedBodySize": 197152,
            "encodedBodySize": 36766,
            "transferSize": 37458
          },
          "documentTitle": "UOL - O melhor conteúdo",
          "documentWidth": 360,
          "domElements": 2270,
          "navigationStartTime": 1617078935997,
          "nextHopProtocol": "h2",
          "resources": {
            "count": 0,
            "duration": 0
          },
          "responsive": true,
          "url": "https://www.uol.com.br/",
          "visualElements": {
            "heroes": [
              {
                "filename": "logo.png",
                "height": 28,
                "name": "LargestImage",
                "width": 28,
                "x": 139,
                "y": 87
              }
            ],
            "viewport": {
              "height": 560,
              "width": 360
            }
          }
        },
        "timings": {
          "firstPaint": 1927,
          "loadEventEnd": 36224,
          "navigationTiming": {
            "connectStart": 44,
            "domComplete": 35659,
            "domContentLoadedEventEnd": 4770,
            "domContentLoadedEventStart": 4688,
            "domInteractive": 4462,
            "domainLookupEnd": 44,
            "domainLookupStart": 43,
            "duration": 36224,
            "fetchStart": 2,
            "loadEventEnd": 36224,
            "loadEventStart": 36121,
            "redirectEnd": 0,
            "redirectStart": 0,
            "requestStart": 220,
            "responseEnd": 1663,
            "responseStart": 1663,
            "secureConnectionStart": 86,
            "startTime": 0,
            "unloadEventEnd": 0,
            "unloadEventStart": 0,
            "workerStart": 0
          },
          "pageTimings": {
            "backEndTime": 1663,
            "domContentLoadedTime": 4688,
            "domInteractiveTime": 4462,
            "domainLookupTime": 1,
            "frontEndTime": 34458,
            "pageDownloadTime": 0,
            "pageLoadTime": 36121,
            "redirectionTime": 0,
            "serverConnectionTime": 175,
            "serverResponseTime": 1443
          },
          "rumSpeedIndex": 1663,
          "timeToContentfulPaint": 2905,
          "timeToDomContentFlushed": 4805,
          "userTimings": {
            "marks": [
              {
                "name": "gpt-tag-load",
                "startTime": 7858.16
              },
              {
                "name": "gpt-first-ad-request",
                "startTime": 13228.76
              },
              {
                "name": "gpt-first-ad-render",
                "startTime": 17239.64
              }
            ],
            "measures": []
          }
        }
      },
      {
        "browser": {
          "appConstants": {
            "ACCESSIBILITY": true,
            "ANDROID_PACKAGE_NAME": "org.mozilla.firefox",
            "ASAN": false,
            "ASAN_REPORTER": false,
            "BROWSER_CHROME_URL": "chrome://browser/content/browser.xul",
            "DEBUG": false,
            "DEBUG_JS_MODULES": "",
            "DLL_PREFIX": "lib",
            "DLL_SUFFIX": ".so",
            "EARLY_BETA_OR_EARLIER": false,
            "FENNEC_NIGHTLY": false,
            "HAVE_SHELL_SERVICE": false,
            "HAVE_USR_LIB64_DIR": false,
            "MENUBAR_CAN_AUTOHIDE": false,
            "MOZILLA_OFFICIAL": true,
            "MOZ_ALLOW_LEGACY_EXTENSIONS": false,
            "MOZ_ANDROID_ACTIVITY_STREAM": false,
            "MOZ_ANDROID_HISTORY": true,
            "MOZ_ANDROID_MOZILLA_ONLINE": false,
            "MOZ_APP_NAME": "fennec",
            "MOZ_APP_VERSION": "68.1.1",
            "MOZ_APP_VERSION_DISPLAY": "68.1.1",
            "MOZ_BING_API_CLIENTID": "no-bing-api-clientid",
            "MOZ_BING_API_KEY": "no-bing-api-key",
            "MOZ_BITS_DOWNLOAD": false,
            "MOZ_BUILD_APP": "mobile/android",
            "MOZ_CODE_COVERAGE": false,
            "MOZ_CRASHREPORTER": true,
            "MOZ_DATA_REPORTING": true,
            "MOZ_DEV_EDITION": false,
            "MOZ_GECKO_PROFILER": true,
            "MOZ_GOOGLE_LOCATION_SERVICE_API_KEY": "AIzaSyB2h2OuRcUgy5N-5hsZqiPW6sH3n_rptiQ",
            "MOZ_GOOGLE_SAFEBROWSING_API_KEY": "AIzaSyC7jsptDS3am4tPx4r3nxis7IMjBc5Dovo",
            "MOZ_GRAPHENE": false,
            "MOZ_MACBUNDLE_NAME": "Firefox.app",
            "MOZ_MAINTENANCE_SERVICE": false,
            "MOZ_MOZILLA_API_KEY": "3b4d27dd-703d-4094-8398-4de2c763505a",
            "MOZ_NEW_CERT_STORAGE": false,
            "MOZ_NEW_NOTIFICATION_STORE": false,
            "MOZ_NEW_XULSTORE": false,
            "MOZ_OFFICIAL_BRANDING": false,
            "MOZ_PLACES": false,
            "MOZ_REQUIRE_SIGNING": false,
            "MOZ_SANDBOX": false,
            "MOZ_SERVICES_HEALTHREPORT": true,
            "MOZ_SERVICES_SYNC": false,
            "MOZ_SWITCHBOARD": true,
            "MOZ_SYSTEM_NSS": false,
            "MOZ_TELEMETRY_ON_BY_DEFAULT": false,
            "MOZ_TELEMETRY_REPORTING": true,
            "MOZ_UNSIGNED_SCOPES": 0,
            "MOZ_UPDATER": false,
            "MOZ_UPDATE_CHANNEL": "release",
            "MOZ_WEBRTC": true,
            "MOZ_WIDGET_GTK": false,
            "MOZ_WIDGET_TOOLKIT": "android",
            "NIGHTLY_BUILD": false,
            "OMNIJAR_NAME": "assets/omni.ja",
            "RELEASE_OR_BETA": true,
            "SOURCE_REVISION_URL": "https://hg.mozilla.org/releases/mozilla-esr68/rev/d2e0b9e17b9bc1ef02606c8006b73293f7892ad5",
            "TELEMETRY_PING_FORMAT_VERSION": 4,
            "XP_UNIX": true,
            "isPlatformAndVersionAtLeast": {},
            "isPlatformAndVersionAtMost": {},
            "platform": "android"
          },
          "asyncAppConstants": {
            "ACCESSIBILITY": true,
            "ANDROID_PACKAGE_NAME": "org.mozilla.firefox",
            "ASAN": false,
            "ASAN_REPORTER": false,
            "BROWSER_CHROME_URL": "chrome://browser/content/browser.xul",
            "DEBUG": false,
            "DEBUG_JS_MODULES": "",
            "DLL_PREFIX": "lib",
            "DLL_SUFFIX": ".so",
            "EARLY_BETA_OR_EARLIER": false,
            "FENNEC_NIGHTLY": false,
            "HAVE_SHELL_SERVICE": false,
            "HAVE_USR_LIB64_DIR": false,
            "MENUBAR_CAN_AUTOHIDE": false,
            "MOZILLA_OFFICIAL": true,
            "MOZ_ALLOW_LEGACY_EXTENSIONS": false,
            "MOZ_ANDROID_ACTIVITY_STREAM": false,
            "MOZ_ANDROID_HISTORY": true,
            "MOZ_ANDROID_MOZILLA_ONLINE": false,
            "MOZ_APP_NAME": "fennec",
            "MOZ_APP_VERSION": "68.1.1",
            "MOZ_APP_VERSION_DISPLAY": "68.1.1",
            "MOZ_BING_API_CLIENTID": "no-bing-api-clientid",
            "MOZ_BING_API_KEY": "no-bing-api-key",
            "MOZ_BITS_DOWNLOAD": false,
            "MOZ_BUILD_APP": "mobile/android",
            "MOZ_CODE_COVERAGE": false,
            "MOZ_CRASHREPORTER": true,
            "MOZ_DATA_REPORTING": true,
            "MOZ_DEV_EDITION": false,
            "MOZ_GECKO_PROFILER": true,
            "MOZ_GOOGLE_LOCATION_SERVICE_API_KEY": "AIzaSyB2h2OuRcUgy5N-5hsZqiPW6sH3n_rptiQ",
            "MOZ_GOOGLE_SAFEBROWSING_API_KEY": "AIzaSyC7jsptDS3am4tPx4r3nxis7IMjBc5Dovo",
            "MOZ_GRAPHENE": false,
            "MOZ_MACBUNDLE_NAME": "Firefox.app",
            "MOZ_MAINTENANCE_SERVICE": false,
            "MOZ_MOZILLA_API_KEY": "3b4d27dd-703d-4094-8398-4de2c763505a",
            "MOZ_NEW_CERT_STORAGE": false,
            "MOZ_NEW_NOTIFICATION_STORE": false,
            "MOZ_NEW_XULSTORE": false,
            "MOZ_OFFICIAL_BRANDING": false,
            "MOZ_PLACES": false,
            "MOZ_REQUIRE_SIGNING": false,
            "MOZ_SANDBOX": false,
            "MOZ_SERVICES_HEALTHREPORT": true,
            "MOZ_SERVICES_SYNC": false,
            "MOZ_SWITCHBOARD": true,
            "MOZ_SYSTEM_NSS": false,
            "MOZ_TELEMETRY_ON_BY_DEFAULT": false,
            "MOZ_TELEMETRY_REPORTING": true,
            "MOZ_UNSIGNED_SCOPES": 0,
            "MOZ_UPDATER": false,
            "MOZ_UPDATE_CHANNEL": "release",
            "MOZ_WEBRTC": true,
            "MOZ_WIDGET_GTK": false,
            "MOZ_WIDGET_TOOLKIT": "android",
            "NIGHTLY_BUILD": false,
            "OMNIJAR_NAME": "assets/omni.ja",
            "RELEASE_OR_BETA": true,
            "SOURCE_REVISION_URL": "https://hg.mozilla.org/releases/mozilla-esr68/rev/d2e0b9e17b9bc1ef02606c8006b73293f7892ad5",
            "TELEMETRY_PING_FORMAT_VERSION": 4,
            "XP_UNIX": true,
            "isPlatformAndVersionAtLeast": {},
            "isPlatformAndVersionAtMost": {},
            "platform": "android"
          },
          "userAgent": "Mozilla/5.0 (Android 8.1.0; Mobile; rv:68.0) Gecko/68.0 Firefox/68.0",
          "windowSize": "360x560"
        },
        "pageinfo": {
          "documentHeight": 31902,
          "documentSize": {
            "decodedBodySize": 197152,
            "encodedBodySize": 36766,
            "transferSize": 37458
          },
          "documentTitle": "UOL - O melhor conteúdo",
          "documentWidth": 360,
          "domElements": 2252,
          "navigationStartTime": 1617079000278,
          "nextHopProtocol": "h2",
          "resources": {
            "count": 0,
            "duration": 0
          },
          "responsive": true,
          "url": "https://www.uol.com.br/",
          "visualElements": {
            "heroes": [
              {
                "filename": "logo.png",
                "height": 28,
                "name": "LargestImage",
                "width": 28,
                "x": 139,
                "y": 87
              }
            ],
            "viewport": {
              "height": 560,
              "width": 360
            }
          }
        },
        "timings": {
          "firstPaint": 1226,
          "loadEventEnd": 31290,
          "navigationTiming": {
            "connectStart": 25,
            "domComplete": 30813,
            "domContentLoadedEventEnd": 3488,
            "domContentLoadedEventStart": 3349,
            "domInteractive": 3181,
            "domainLookupEnd": 25,
            "domainLookupStart": 25,
            "duration": 31290,
            "fetchStart": 2,
            "loadEventEnd": 31290,
            "loadEventStart": 31265,
            "redirectEnd": 0,
            "redirectStart": 0,
            "requestStart": 142,
            "responseEnd": 1009,
            "responseStart": 1009,
            "secureConnectionStart": 38,
            "startTime": 0,
            "unloadEventEnd": 0,
            "unloadEventStart": 0,
            "workerStart": 0
          },
          "pageTimings": {
            "backEndTime": 1009,
            "domContentLoadedTime": 3349,
            "domInteractiveTime": 3181,
            "domainLookupTime": 0,
            "frontEndTime": 30256,
            "pageDownloadTime": 0,
            "pageLoadTime": 31265,
            "redirectionTime": 0,
            "serverConnectionTime": 116,
            "serverResponseTime": 867
          },
          "rumSpeedIndex": 1008,
          "timeToContentfulPaint": 1780,
          "timeToDomContentFlushed": 3215,
          "userTimings": {
            "marks": [
              {
                "name": "gpt-tag-load",
                "startTime": 10929.18
              },
              {
                "name": "gpt-first-ad-request",
                "startTime": 13789.52
              },
              {
                "name": "gpt-first-ad-render",
                "startTime": 15696.66
              }
            ],
            "measures": []
          }
        }
      },
      {
        "browser": {
          "appConstants": {
            "ACCESSIBILITY": true,
            "ANDROID_PACKAGE_NAME": "org.mozilla.firefox",
            "ASAN": false,
            "ASAN_REPORTER": false,
            "BROWSER_CHROME_URL": "chrome://browser/content/browser.xul",
            "DEBUG": false,
            "DEBUG_JS_MODULES": "",
            "DLL_PREFIX": "lib",
            "DLL_SUFFIX": ".so",
            "EARLY_BETA_OR_EARLIER": false,
            "FENNEC_NIGHTLY": false,
            "HAVE_SHELL_SERVICE": false,
            "HAVE_USR_LIB64_DIR": false,
            "MENUBAR_CAN_AUTOHIDE": false,
            "MOZILLA_OFFICIAL": true,
            "MOZ_ALLOW_LEGACY_EXTENSIONS": false,
            "MOZ_ANDROID_ACTIVITY_STREAM": false,
            "MOZ_ANDROID_HISTORY": true,
            "MOZ_ANDROID_MOZILLA_ONLINE": false,
            "MOZ_APP_NAME": "fennec",
            "MOZ_APP_VERSION": "68.1.1",
            "MOZ_APP_VERSION_DISPLAY": "68.1.1",
            "MOZ_BING_API_CLIENTID": "no-bing-api-clientid",
            "MOZ_BING_API_KEY": "no-bing-api-key",
            "MOZ_BITS_DOWNLOAD": false,
            "MOZ_BUILD_APP": "mobile/android",
            "MOZ_CODE_COVERAGE": false,
            "MOZ_CRASHREPORTER": true,
            "MOZ_DATA_REPORTING": true,
            "MOZ_DEV_EDITION": false,
            "MOZ_GECKO_PROFILER": true,
            "MOZ_GOOGLE_LOCATION_SERVICE_API_KEY": "AIzaSyB2h2OuRcUgy5N-5hsZqiPW6sH3n_rptiQ",
            "MOZ_GOOGLE_SAFEBROWSING_API_KEY": "AIzaSyC7jsptDS3am4tPx4r3nxis7IMjBc5Dovo",
            "MOZ_GRAPHENE": false,
            "MOZ_MACBUNDLE_NAME": "Firefox.app",
            "MOZ_MAINTENANCE_SERVICE": false,
            "MOZ_MOZILLA_API_KEY": "3b4d27dd-703d-4094-8398-4de2c763505a",
            "MOZ_NEW_CERT_STORAGE": false,
            "MOZ_NEW_NOTIFICATION_STORE": false,
            "MOZ_NEW_XULSTORE": false,
            "MOZ_OFFICIAL_BRANDING": false,
            "MOZ_PLACES": false,
            "MOZ_REQUIRE_SIGNING": false,
            "MOZ_SANDBOX": false,
            "MOZ_SERVICES_HEALTHREPORT": true,
            "MOZ_SERVICES_SYNC": false,
            "MOZ_SWITCHBOARD": true,
            "MOZ_SYSTEM_NSS": false,
            "MOZ_TELEMETRY_ON_BY_DEFAULT": false,
            "MOZ_TELEMETRY_REPORTING": true,
            "MOZ_UNSIGNED_SCOPES": 0,
            "MOZ_UPDATER": false,
            "MOZ_UPDATE_CHANNEL": "release",
            "MOZ_WEBRTC": true,
            "MOZ_WIDGET_GTK": false,
            "MOZ_WIDGET_TOOLKIT": "android",
            "NIGHTLY_BUILD": false,
            "OMNIJAR_NAME": "assets/omni.ja",
            "RELEASE_OR_BETA": true,
            "SOURCE_REVISION_URL": "https://hg.mozilla.org/releases/mozilla-esr68/rev/d2e0b9e17b9bc1ef02606c8006b73293f7892ad5",
            "TELEMETRY_PING_FORMAT_VERSION": 4,
            "XP_UNIX": true,
            "isPlatformAndVersionAtLeast": {},
            "isPlatformAndVersionAtMost": {},
            "platform": "android"
          },
          "asyncAppConstants": {
            "ACCESSIBILITY": true,
            "ANDROID_PACKAGE_NAME": "org.mozilla.firefox",
            "ASAN": false,
            "ASAN_REPORTER": false,
            "BROWSER_CHROME_URL": "chrome://browser/content/browser.xul",
            "DEBUG": false,
            "DEBUG_JS_MODULES": "",
            "DLL_PREFIX": "lib",
            "DLL_SUFFIX": ".so",
            "EARLY_BETA_OR_EARLIER": false,
            "FENNEC_NIGHTLY": false,
            "HAVE_SHELL_SERVICE": false,
            "HAVE_USR_LIB64_DIR": false,
            "MENUBAR_CAN_AUTOHIDE": false,
            "MOZILLA_OFFICIAL": true,
            "MOZ_ALLOW_LEGACY_EXTENSIONS": false,
            "MOZ_ANDROID_ACTIVITY_STREAM": false,
            "MOZ_ANDROID_HISTORY": true,
            "MOZ_ANDROID_MOZILLA_ONLINE": false,
            "MOZ_APP_NAME": "fennec",
            "MOZ_APP_VERSION": "68.1.1",
            "MOZ_APP_VERSION_DISPLAY": "68.1.1",
            "MOZ_BING_API_CLIENTID": "no-bing-api-clientid",
            "MOZ_BING_API_KEY": "no-bing-api-key",
            "MOZ_BITS_DOWNLOAD": false,
            "MOZ_BUILD_APP": "mobile/android",
            "MOZ_CODE_COVERAGE": false,
            "MOZ_CRASHREPORTER": true,
            "MOZ_DATA_REPORTING": true,
            "MOZ_DEV_EDITION": false,
            "MOZ_GECKO_PROFILER": true,
            "MOZ_GOOGLE_LOCATION_SERVICE_API_KEY": "AIzaSyB2h2OuRcUgy5N-5hsZqiPW6sH3n_rptiQ",
            "MOZ_GOOGLE_SAFEBROWSING_API_KEY": "AIzaSyC7jsptDS3am4tPx4r3nxis7IMjBc5Dovo",
            "MOZ_GRAPHENE": false,
            "MOZ_MACBUNDLE_NAME": "Firefox.app",
            "MOZ_MAINTENANCE_SERVICE": false,
            "MOZ_MOZILLA_API_KEY": "3b4d27dd-703d-4094-8398-4de2c763505a",
            "MOZ_NEW_CERT_STORAGE": false,
            "MOZ_NEW_NOTIFICATION_STORE": false,
            "MOZ_NEW_XULSTORE": false,
            "MOZ_OFFICIAL_BRANDING": false,
            "MOZ_PLACES": false,
            "MOZ_REQUIRE_SIGNING": false,
            "MOZ_SANDBOX": false,
            "MOZ_SERVICES_HEALTHREPORT": true,
            "MOZ_SERVICES_SYNC": false,
            "MOZ_SWITCHBOARD": true,
            "MOZ_SYSTEM_NSS": false,
            "MOZ_TELEMETRY_ON_BY_DEFAULT": false,
            "MOZ_TELEMETRY_REPORTING": true,
            "MOZ_UNSIGNED_SCOPES": 0,
            "MOZ_UPDATER": false,
            "MOZ_UPDATE_CHANNEL": "release",
            "MOZ_WEBRTC": true,
            "MOZ_WIDGET_GTK": false,
            "MOZ_WIDGET_TOOLKIT": "android",
            "NIGHTLY_BUILD": false,
            "OMNIJAR_NAME": "assets/omni.ja",
            "RELEASE_OR_BETA": true,
            "SOURCE_REVISION_URL": "https://hg.mozilla.org/releases/mozilla-esr68/rev/d2e0b9e17b9bc1ef02606c8006b73293f7892ad5",
            "TELEMETRY_PING_FORMAT_VERSION": 4,
            "XP_UNIX": true,
            "isPlatformAndVersionAtLeast": {},
            "isPlatformAndVersionAtMost": {},
            "platform": "android"
          },
          "userAgent": "Mozilla/5.0 (Android 8.1.0; Mobile; rv:68.0) Gecko/68.0 Firefox/68.0",
          "windowSize": "360x560"
        },
        "pageinfo": {
          "documentHeight": 31930,
          "documentSize": {
            "decodedBodySize": 197152,
            "encodedBodySize": 36766,
            "transferSize": 37458
          },
          "documentTitle": "UOL - O melhor conteúdo",
          "documentWidth": 360,
          "domElements": 2274,
          "navigationStartTime": 1617079057911,
          "nextHopProtocol": "h2",
          "resources": {
            "count": 0,
            "duration": 0
          },
          "responsive": true,
          "url": "https://www.uol.com.br/",
          "visualElements": {
            "heroes": [
              {
                "filename": "logo.png",
                "height": 28,
                "name": "LargestImage",
                "width": 28,
                "x": 139,
                "y": 87
              }
            ],
            "viewport": {
              "height": 560,
              "width": 360
            }
          }
        },
        "timings": {
          "firstPaint": 1253,
          "loadEventEnd": 30672,
          "navigationTiming": {
            "connectStart": 30,
            "domComplete": 30173,
            "domContentLoadedEventEnd": 3531,
            "domContentLoadedEventStart": 3428,
            "domInteractive": 3173,
            "domainLookupEnd": 29,
            "domainLookupStart": 29,
            "duration": 30672,
            "fetchStart": 3,
            "loadEventEnd": 30672,
            "loadEventStart": 30639,
            "redirectEnd": 0,
            "redirectStart": 0,
            "requestStart": 157,
            "responseEnd": 1074,
            "responseStart": 1074,
            "secureConnectionStart": 42,
            "startTime": 0,
            "unloadEventEnd": 0,
            "unloadEventStart": 0,
            "workerStart": 0
          },
          "pageTimings": {
            "backEndTime": 1074,
            "domContentLoadedTime": 3428,
            "domInteractiveTime": 3173,
            "domainLookupTime": 0,
            "frontEndTime": 29564,
            "pageDownloadTime": 0,
            "pageLoadTime": 30639,
            "redirectionTime": 0,
            "serverConnectionTime": 127,
            "serverResponseTime": 917
          },
          "rumSpeedIndex": 1074,
          "timeToContentfulPaint": 1864,
          "timeToDomContentFlushed": 3540,
          "userTimings": {
            "marks": [
              {
                "name": "gpt-tag-load",
                "startTime": 9989.32
              },
              {
                "name": "gpt-first-ad-request",
                "startTime": 11606.26
              },
              {
                "name": "gpt-first-ad-render",
                "startTime": 14163.7
              }
            ],
            "measures": []
          }
        }
      }
    ],
    "visualMetrics": [],
    "cpu": [],
    "extras": [
      {},
      {},
      {}
    ],
    "fullyLoaded": [],
    "errors": [
      [],
      [],
      []
    ],
    "statistics": {
      "browser": {
        "appConstants": {
          "MOZ_UNSIGNED_SCOPES": {
            "median": 0,
            "mean": 0,
            "mdev": 0,
            "stddev": 0,
            "min": 0,
            "p10": 0,
            "p90": 0,
            "p99": 0,
            "max": 0
          },
          "TELEMETRY_PING_FORMAT_VERSION": {
            "median": 4,
            "mean": 4,
            "mdev": 0,
            "stddev": 0,
            "min": 4,
            "p10": 4,
            "p90": 4,
            "p99": 4,
            "max": 4
          }
        },
        "asyncAppConstants": {
          "MOZ_UNSIGNED_SCOPES": {
            "median": 0,
            "mean": 0,
            "mdev": 0,
            "stddev": 0,
            "min": 0,
            "p10": 0,
            "p90": 0,
            "p99": 0,
            "max": 0
          },
          "TELEMETRY_PING_FORMAT_VERSION": {
            "median": 4,
            "mean": 4,
            "mdev": 0,
            "stddev": 0,
            "min": 4,
            "p10": 4,
            "p90": 4,
            "p99": 4,
            "max": 4
          }
        }
      },
      "pageinfo": {
        "documentHeight": {
          "median": 31923,
          "mean": 31918,
          "mdev": 6.8691,
          "stddev": 12,
          "min": 31902,
          "p10": 31902,
          "p90": 31930,
          "p99": 31930,
          "max": 31930
        },
        "documentSize": {
          "decodedBodySize": {
            "median": 197152,
            "mean": 197152,
            "mdev": 0,
            "stddev": 0,
            "min": 197152,
            "p10": 197152,
            "p90": 197152,
            "p99": 197152,
            "max": 197152
          },
          "encodedBodySize": {
            "median": 36766,
            "mean": 36766,
            "mdev": 0,
            "stddev": 0,
            "min": 36766,
            "p10": 36766,
            "p90": 36766,
            "p99": 36766,
            "max": 36766
          },
          "transferSize": {
            "median": 37458,
            "mean": 37458,
            "mdev": 0,
            "stddev": 0,
            "min": 37458,
            "p10": 37458,
            "p90": 37458,
            "p99": 37458,
            "max": 37458
          }
        },
        "documentWidth": {
          "median": 360,
          "mean": 360,
          "mdev": 0,
          "stddev": 0,
          "min": 360,
          "p10": 360,
          "p90": 360,
          "p99": 360,
          "max": 360
        },
        "domElements": {
          "median": 2270,
          "mean": 2265,
          "mdev": 5.5244,
          "stddev": 10,
          "min": 2252,
          "p10": 2252,
          "p90": 2274,
          "p99": 2274,
          "max": 2274
        },
        "navigationStartTime": {
          "median": 1617079000278,
          "mean": 1617078998062,
          "mdev": 28202.2041,
          "stddev": 48848,
          "min": 1617078935997,
          "p10": 1617078935997,
          "p90": 1617079057911,
          "p99": 1617079057911,
          "max": 1617079057911
        },
        "resources": {
          "count": {
            "median": 0,
            "mean": 0,
            "mdev": 0,
            "stddev": 0,
            "min": 0,
            "p10": 0,
            "p90": 0,
            "p99": 0,
            "max": 0
          },
          "duration": {
            "median": 0,
            "mean": 0,
            "mdev": 0,
            "stddev": 0,
            "min": 0,
            "p10": 0,
            "p90": 0,
            "p99": 0,
            "max": 0
          }
        },
        "visualElements": {
          "heroes": [
            {
              "height": {
                "median": 28,
                "mean": 28,
                "mdev": 0,
                "stddev": 0,
                "min": 28,
                "p10": 28,
                "p90": 28,
                "p99": 28,
                "max": 28
              },
              "width": {
                "median": 28,
                "mean": 28,
                "mdev": 0,
                "stddev": 0,
                "min": 28,
                "p10": 28,
                "p90": 28,
                "p99": 28,
                "max": 28
              },
              "x": {
                "median": 139,
                "mean": 139,
                "mdev": 0,
                "stddev": 0,
                "min": 139,
                "p10": 139,
                "p90": 139,
                "p99": 139,
                "max": 139
              },
              "y": {
                "median": 87,
                "mean": 87,
                "mdev": 0,
                "stddev": 0,
                "min": 87,
                "p10": 87,
                "p90": 87,
                "p99": 87,
                "max": 87
              }
            }
          ],
          "viewport": {
            "height": {
              "median": 560,
              "mean": 560,
              "mdev": 0,
              "stddev": 0,
              "min": 560,
              "p10": 560,
              "p90": 560,
              "p99": 560,
              "max": 560
            },
            "width": {
              "median": 360,
              "mean": 360,
              "mdev": 0,
              "stddev": 0,
              "min": 360,
              "p10": 360,
              "p90": 360,
              "p99": 360,
              "max": 360
            }
          }
        }
      },
      "timings": {
        "firstPaint": {
          "median": 1253,
          "mean": 1469,
          "mdev": 187.222,
          "stddev": 324,
          "min": 1226,
          "p10": 1226,
          "p90": 1927,
          "p99": 1927,
          "max": 1927
        },
        "loadEventEnd": {
          "median": 31290,
          "mean": 32729,
          "mdev": 1434.3793,
          "stddev": 2484,
          "min": 30672,
          "p10": 30672,
          "p90": 36224,
          "p99": 36224,
          "max": 36224
        },
        "navigationTiming": {
          "connectStart": {
            "median": 30,
            "mean": 33,
            "mdev": 4.6428,
            "stddev": 8,
            "min": 25,
            "p10": 25,
            "p90": 44,
            "p99": 44,
            "max": 44
          },
          "domComplete": {
            "median": 30813,
            "mean": 32215,
            "mdev": 1414.0762,
            "stddev": 2449,
            "min": 30173,
            "p10": 30173,
            "p90": 35659,
            "p99": 35659,
            "max": 35659
          },
          "domContentLoadedEventEnd": {
            "median": 3531,
            "mean": 3930,
            "mdev": 343.2143,
            "stddev": 594,
            "min": 3488,
            "p10": 3488,
            "p90": 4770,
            "p99": 4770,
            "max": 4770
          },
          "domContentLoadedEventStart": {
            "median": 3428,
            "mean": 3822,
            "mdev": 354.1689,
            "stddev": 613,
            "min": 3349,
            "p10": 3349,
            "p90": 4688,
            "p99": 4688,
            "max": 4688
          },
          "domInteractive": {
            "median": 3181,
            "mean": 3605,
            "mdev": 349.7378,
            "stddev": 606,
            "min": 3173,
            "p10": 3173,
            "p90": 4462,
            "p99": 4462,
            "max": 4462
          },
          "domainLookupEnd": {
            "median": 29,
            "mean": 33,
            "mdev": 4.7219,
            "stddev": 8,
            "min": 25,
            "p10": 25,
            "p90": 44,
            "p99": 44,
            "max": 44
          },
          "domainLookupStart": {
            "median": 29,
            "mean": 32,
            "mdev": 4.4555,
            "stddev": 8,
            "min": 25,
            "p10": 25,
            "p90": 43,
            "p99": 43,
            "max": 43
          },
          "duration": {
            "median": 31290,
            "mean": 32729,
            "mdev": 1434.3793,
            "stddev": 2484,
            "min": 30672,
            "p10": 30672,
            "p90": 36224,
            "p99": 36224,
            "max": 36224
          },
          "fetchStart": {
            "median": 2,
            "mean": 2,
            "mdev": 0.2722,
            "stddev": 0,
            "min": 2,
            "p10": 2,
            "p90": 3,
            "p99": 3,
            "max": 3
          },
          "loadEventEnd": {
            "median": 31290,
            "mean": 32729,
            "mdev": 1434.3793,
            "stddev": 2484,
            "min": 30672,
            "p10": 30672,
            "p90": 36224,
            "p99": 36224,
            "max": 36224
          },
          "loadEventStart": {
            "median": 31265,
            "mean": 32675,
            "mdev": 1414.5401,
            "stddev": 2450,
            "min": 30639,
            "p10": 30639,
            "p90": 36121,
            "p99": 36121,
            "max": 36121
          },
          "redirectEnd": {
            "median": 0,
            "mean": 0,
            "mdev": 0,
            "stddev": 0,
            "min": 0,
            "p10": 0,
            "p90": 0,
            "p99": 0,
            "max": 0
          },
          "redirectStart": {
            "median": 0,
            "mean": 0,
            "mdev": 0,
            "stddev": 0,
            "min": 0,
            "p10": 0,
            "p90": 0,
            "p99": 0,
            "max": 0
          },
          "requestStart": {
            "median": 157,
            "mean": 173,
            "mdev": 19.5107,
            "stddev": 34,
            "min": 142,
            "p10": 142,
            "p90": 220,
            "p99": 220,
            "max": 220
          },
          "responseEnd": {
            "median": 1074,
            "mean": 1249,
            "mdev": 169.8433,
            "stddev": 294,
            "min": 1009,
            "p10": 1009,
            "p90": 1663,
            "p99": 1663,
            "max": 1663
          },
          "responseStart": {
            "median": 1074,
            "mean": 1249,
            "mdev": 169.8433,
            "stddev": 294,
            "min": 1009,
            "p10": 1009,
            "p90": 1663,
            "p99": 1663,
            "max": 1663
          },
          "secureConnectionStart": {
            "median": 42,
            "mean": 55,
            "mdev": 12.5551,
            "stddev": 22,
            "min": 38,
            "p10": 38,
            "p90": 86,
            "p99": 86,
            "max": 86
          },
          "startTime": {
            "median": 0,
            "mean": 0,
            "mdev": 0,
            "stddev": 0,
            "min": 0,
            "p10": 0,
            "p90": 0,
            "p99": 0,
            "max": 0
          },
          "unloadEventEnd": {
            "median": 0,
            "mean": 0,
            "mdev": 0,
            "stddev": 0,
            "min": 0,
            "p10": 0,
            "p90": 0,
            "p99": 0,
            "max": 0
          },
          "unloadEventStart": {
            "median": 0,
            "mean": 0,
            "mdev": 0,
            "stddev": 0,
            "min": 0,
            "p10": 0,
            "p90": 0,
            "p99": 0,
            "max": 0
          },
          "workerStart": {
            "median": 0,
            "mean": 0,
            "mdev": 0,
            "stddev": 0,
            "min": 0,
            "p10": 0,
            "p90": 0,
            "p99": 0,
            "max": 0
          }
        },
        "pageTimings": {
          "backEndTime": {
            "median": 1074,
            "mean": 1249,
            "mdev": 169.8433,
            "stddev": 294,
            "min": 1009,
            "p10": 1009,
            "p90": 1663,
            "p99": 1663,
            "max": 1663
          },
          "domContentLoadedTime": {
            "median": 3428,
            "mean": 3822,
            "mdev": 354.1689,
            "stddev": 613,
            "min": 3349,
            "p10": 3349,
            "p90": 4688,
            "p99": 4688,
            "max": 4688
          },
          "domInteractiveTime": {
            "median": 3181,
            "mean": 3605,
            "mdev": 349.7378,
            "stddev": 606,
            "min": 3173,
            "p10": 3173,
            "p90": 4462,
            "p99": 4462,
            "max": 4462
          },
          "domainLookupTime": {
            "median": 0,
            "mean": 0,
            "mdev": 0.2722,
            "stddev": 0,
            "min": 0,
            "p10": 0,
            "p90": 1,
            "p99": 1,
            "max": 1
          },
          "frontEndTime": {
            "median": 30256,
            "mean": 31426,
            "mdev": 1248.5088,
            "stddev": 2162,
            "min": 29564,
            "p10": 29564,
            "p90": 34458,
            "p99": 34458,
            "max": 34458
          },
          "pageDownloadTime": {
            "median": 0,
            "mean": 0,
            "mdev": 0,
            "stddev": 0,
            "min": 0,
            "p10": 0,
            "p90": 0,
            "p99": 0,
            "max": 0
          },
          "pageLoadTime": {
            "median": 31265,
            "mean": 32675,
            "mdev": 1414.5401,
            "stddev": 2450,
            "min": 30639,
            "p10": 30639,
            "p90": 36121,
            "p99": 36121,
            "max": 36121
          },
          "redirectionTime": {
            "median": 0,
            "mean": 0,
            "mdev": 0,
            "stddev": 0,
            "min": 0,
            "p10": 0,
            "p90": 0,
            "p99": 0,
            "max": 0
          },
          "serverConnectionTime": {
            "median": 127,
            "mean": 139,
            "mdev": 14.7899,
            "stddev": 26,
            "min": 116,
            "p10": 116,
            "p90": 175,
            "p99": 175,
            "max": 175
          },
          "serverResponseTime": {
            "median": 917,
            "mean": 1076,
            "mdev": 150.4256,
            "stddev": 261,
            "min": 867,
            "p10": 867,
            "p90": 1443,
            "p99": 1443,
            "max": 1443
          }
        },
        "rumSpeedIndex": {
          "median": 1074,
          "mean": 1248,
          "mdev": 170.0002,
          "stddev": 294,
          "min": 1008,
          "p10": 1008,
          "p90": 1663,
          "p99": 1663,
          "max": 1663
        },
        "timeToContentfulPaint": {
          "median": 1864,
          "mean": 2183,
          "mdev": 295.4195,
          "stddev": 512,
          "min": 1780,
          "p10": 1780,
          "p90": 2905,
          "p99": 2905,
          "max": 2905
        },
        "timeToDomContentFlushed": {
          "median": 3540,
          "mean": 3853,
          "mdev": 395.9962,
          "stddev": 686,
          "min": 3215,
          "p10": 3215,
          "p90": 4805,
          "p99": 4805,
          "max": 4805
        },
        "userTimings": {
          "marks": {
            "gpt-tag-load": {
              "median": 9989,
              "mean": 9592,
              "mdev": 741.7782,
              "stddev": 1285,
              "min": 7858,
              "p10": 7858,
              "p90": 10929,
              "p99": 10929,
              "max": 10929
            },
            "gpt-first-ad-request": {
              "median": 13229,
              "mean": 12875,
              "mdev": 534.4981,
              "stddev": 926,
              "min": 11606,
              "p10": 11606,
              "p90": 13790,
              "p99": 13790,
              "max": 13790
            },
            "gpt-first-ad-render": {
              "median": 15697,
              "mean": 15700,
              "mdev": 725.0073,
              "stddev": 1256,
              "min": 14164,
              "p10": 14164,
              "p90": 17240,
              "p99": 17240,
              "max": 17240
            }
          }
        }
      }
    }
  }
]