[
  {
    "info": {
      "browsertime": {
        "version": "8.4.0"
      },
      "url": "https://www.okezone.com/",
      "timestamp": "2021-03-30T01:33:59+04:00",
      "connectivity": {
        "engine": "external",
        "profile": "native"
      },
      "extra": {}
    },
    "files": {
      "video": [],
      "screenshot": [],
      "timeline": [],
      "consoleLog": [],
      "netLog": [],
      "perfLog": []
    },
    "cdp": {
      "performance": []
    },
    "timestamps": [
      "2021-03-30T01:33:27+04:00",
      "2021-03-30T01:34:14+04:00",
      "2021-03-30T01:35:00+04:00"
    ],
    "browserScripts": [
      {
        "browser": {
          "appConstants": {
            "ACCESSIBILITY": true,
            "ANDROID_PACKAGE_NAME": "org.mozilla.firefox",
            "ASAN": false,
            "ASAN_REPORTER": false,
            "BROWSER_CHROME_URL": "chrome://browser/content/browser.xul",
            "DEBUG": false,
            "DEBUG_JS_MODULES": "",
            "DLL_PREFIX": "lib",
            "DLL_SUFFIX": ".so",
            "EARLY_BETA_OR_EARLIER": false,
            "FENNEC_NIGHTLY": false,
            "HAVE_SHELL_SERVICE": false,
            "HAVE_USR_LIB64_DIR": false,
            "MENUBAR_CAN_AUTOHIDE": false,
            "MOZILLA_OFFICIAL": true,
            "MOZ_ALLOW_LEGACY_EXTENSIONS": false,
            "MOZ_ANDROID_ACTIVITY_STREAM": false,
            "MOZ_ANDROID_HISTORY": true,
            "MOZ_ANDROID_MOZILLA_ONLINE": false,
            "MOZ_APP_NAME": "fennec",
            "MOZ_APP_VERSION": "68.1.1",
            "MOZ_APP_VERSION_DISPLAY": "68.1.1",
            "MOZ_BING_API_CLIENTID": "no-bing-api-clientid",
            "MOZ_BING_API_KEY": "no-bing-api-key",
            "MOZ_BITS_DOWNLOAD": false,
            "MOZ_BUILD_APP": "mobile/android",
            "MOZ_CODE_COVERAGE": false,
            "MOZ_CRASHREPORTER": true,
            "MOZ_DATA_REPORTING": true,
            "MOZ_DEV_EDITION": false,
            "MOZ_GECKO_PROFILER": true,
            "MOZ_GOOGLE_LOCATION_SERVICE_API_KEY": "AIzaSyB2h2OuRcUgy5N-5hsZqiPW6sH3n_rptiQ",
            "MOZ_GOOGLE_SAFEBROWSING_API_KEY": "AIzaSyC7jsptDS3am4tPx4r3nxis7IMjBc5Dovo",
            "MOZ_GRAPHENE": false,
            "MOZ_MACBUNDLE_NAME": "Firefox.app",
            "MOZ_MAINTENANCE_SERVICE": false,
            "MOZ_MOZILLA_API_KEY": "3b4d27dd-703d-4094-8398-4de2c763505a",
            "MOZ_NEW_CERT_STORAGE": false,
            "MOZ_NEW_NOTIFICATION_STORE": false,
            "MOZ_NEW_XULSTORE": false,
            "MOZ_OFFICIAL_BRANDING": false,
            "MOZ_PLACES": false,
            "MOZ_REQUIRE_SIGNING": false,
            "MOZ_SANDBOX": false,
            "MOZ_SERVICES_HEALTHREPORT": true,
            "MOZ_SERVICES_SYNC": false,
            "MOZ_SWITCHBOARD": true,
            "MOZ_SYSTEM_NSS": false,
            "MOZ_TELEMETRY_ON_BY_DEFAULT": false,
            "MOZ_TELEMETRY_REPORTING": true,
            "MOZ_UNSIGNED_SCOPES": 0,
            "MOZ_UPDATER": false,
            "MOZ_UPDATE_CHANNEL": "release",
            "MOZ_WEBRTC": true,
            "MOZ_WIDGET_GTK": false,
            "MOZ_WIDGET_TOOLKIT": "android",
            "NIGHTLY_BUILD": false,
            "OMNIJAR_NAME": "assets/omni.ja",
            "RELEASE_OR_BETA": true,
            "SOURCE_REVISION_URL": "https://hg.mozilla.org/releases/mozilla-esr68/rev/d2e0b9e17b9bc1ef02606c8006b73293f7892ad5",
            "TELEMETRY_PING_FORMAT_VERSION": 4,
            "XP_UNIX": true,
            "isPlatformAndVersionAtLeast": {},
            "isPlatformAndVersionAtMost": {},
            "platform": "android"
          },
          "asyncAppConstants": {
            "ACCESSIBILITY": true,
            "ANDROID_PACKAGE_NAME": "org.mozilla.firefox",
            "ASAN": false,
            "ASAN_REPORTER": false,
            "BROWSER_CHROME_URL": "chrome://browser/content/browser.xul",
            "DEBUG": false,
            "DEBUG_JS_MODULES": "",
            "DLL_PREFIX": "lib",
            "DLL_SUFFIX": ".so",
            "EARLY_BETA_OR_EARLIER": false,
            "FENNEC_NIGHTLY": false,
            "HAVE_SHELL_SERVICE": false,
            "HAVE_USR_LIB64_DIR": false,
            "MENUBAR_CAN_AUTOHIDE": false,
            "MOZILLA_OFFICIAL": true,
            "MOZ_ALLOW_LEGACY_EXTENSIONS": false,
            "MOZ_ANDROID_ACTIVITY_STREAM": false,
            "MOZ_ANDROID_HISTORY": true,
            "MOZ_ANDROID_MOZILLA_ONLINE": false,
            "MOZ_APP_NAME": "fennec",
            "MOZ_APP_VERSION": "68.1.1",
            "MOZ_APP_VERSION_DISPLAY": "68.1.1",
            "MOZ_BING_API_CLIENTID": "no-bing-api-clientid",
            "MOZ_BING_API_KEY": "no-bing-api-key",
            "MOZ_BITS_DOWNLOAD": false,
            "MOZ_BUILD_APP": "mobile/android",
            "MOZ_CODE_COVERAGE": false,
            "MOZ_CRASHREPORTER": true,
            "MOZ_DATA_REPORTING": true,
            "MOZ_DEV_EDITION": false,
            "MOZ_GECKO_PROFILER": true,
            "MOZ_GOOGLE_LOCATION_SERVICE_API_KEY": "AIzaSyB2h2OuRcUgy5N-5hsZqiPW6sH3n_rptiQ",
            "MOZ_GOOGLE_SAFEBROWSING_API_KEY": "AIzaSyC7jsptDS3am4tPx4r3nxis7IMjBc5Dovo",
            "MOZ_GRAPHENE": false,
            "MOZ_MACBUNDLE_NAME": "Firefox.app",
            "MOZ_MAINTENANCE_SERVICE": false,
            "MOZ_MOZILLA_API_KEY": "3b4d27dd-703d-4094-8398-4de2c763505a",
            "MOZ_NEW_CERT_STORAGE": false,
            "MOZ_NEW_NOTIFICATION_STORE": false,
            "MOZ_NEW_XULSTORE": false,
            "MOZ_OFFICIAL_BRANDING": false,
            "MOZ_PLACES": false,
            "MOZ_REQUIRE_SIGNING": false,
            "MOZ_SANDBOX": false,
            "MOZ_SERVICES_HEALTHREPORT": true,
            "MOZ_SERVICES_SYNC": false,
            "MOZ_SWITCHBOARD": true,
            "MOZ_SYSTEM_NSS": false,
            "MOZ_TELEMETRY_ON_BY_DEFAULT": false,
            "MOZ_TELEMETRY_REPORTING": true,
            "MOZ_UNSIGNED_SCOPES": 0,
            "MOZ_UPDATER": false,
            "MOZ_UPDATE_CHANNEL": "release",
            "MOZ_WEBRTC": true,
            "MOZ_WIDGET_GTK": false,
            "MOZ_WIDGET_TOOLKIT": "android",
            "NIGHTLY_BUILD": false,
            "OMNIJAR_NAME": "assets/omni.ja",
            "RELEASE_OR_BETA": true,
            "SOURCE_REVISION_URL": "https://hg.mozilla.org/releases/mozilla-esr68/rev/d2e0b9e17b9bc1ef02606c8006b73293f7892ad5",
            "TELEMETRY_PING_FORMAT_VERSION": 4,
            "XP_UNIX": true,
            "isPlatformAndVersionAtLeast": {},
            "isPlatformAndVersionAtMost": {},
            "platform": "android"
          },
          "userAgent": "Mozilla/5.0 (Android 8.1.0; Mobile; rv:68.0) Gecko/68.0 Firefox/68.0",
          "windowSize": "360x560"
        },
        "pageinfo": {
          "documentHeight": 11611,
          "documentSize": {
            "decodedBodySize": 108591,
            "encodedBodySize": 17346,
            "transferSize": 18181
          },
          "documentTitle": "Okezone Berita Terbaru Berita Hari Ini Berita Online",
          "documentWidth": 360,
          "domElements": 1448,
          "navigationStartTime": 1617053608299,
          "nextHopProtocol": "h2",
          "resources": {
            "count": 0,
            "duration": 0
          },
          "responsive": true,
          "url": "https://www.okezone.com/",
          "visualElements": {
            "heroes": [
              {
                "filename": "bmkg-pastikan-tak-ada-sambaran-petir-saat-kebakaran-kilang-minyak-indramayu-ZwFOC6gD6x.jpg",
                "height": 214,
                "name": "LargestImage",
                "width": 306,
                "x": 10,
                "y": 193
              },
              {
                "filename": null,
                "height": 65,
                "name": "Heading",
                "width": 296,
                "x": 10,
                "y": 450
              }
            ],
            "viewport": {
              "height": 560,
              "width": 360
            }
          }
        },
        "timings": {
          "firstPaint": 4468,
          "loadEventEnd": 15505,
          "navigationTiming": {
            "connectStart": 288,
            "domComplete": 15443,
            "domContentLoadedEventEnd": 5119,
            "domContentLoadedEventStart": 4927,
            "domInteractive": 4361,
            "domainLookupEnd": 288,
            "domainLookupStart": 288,
            "duration": 15505,
            "fetchStart": 5,
            "loadEventEnd": 15505,
            "loadEventStart": 15446,
            "redirectEnd": 0,
            "redirectStart": 0,
            "requestStart": 636,
            "responseEnd": 2502,
            "responseStart": 2495,
            "secureConnectionStart": 420,
            "startTime": 0,
            "unloadEventEnd": 0,
            "unloadEventStart": 0,
            "workerStart": 0
          },
          "pageTimings": {
            "backEndTime": 2495,
            "domContentLoadedTime": 4927,
            "domInteractiveTime": 4361,
            "domainLookupTime": 0,
            "frontEndTime": 12944,
            "pageDownloadTime": 7,
            "pageLoadTime": 15446,
            "redirectionTime": 0,
            "serverConnectionTime": 346,
            "serverResponseTime": 1866
          },
          "rumSpeedIndex": 2494,
          "timeToContentfulPaint": 4641,
          "timeToDomContentFlushed": 4426,
          "userTimings": {
            "marks": [
              {
                "name": "gpt-tag-load",
                "startTime": 11066.76
              },
              {
                "name": "gpt-first-ad-request",
                "startTime": 13416.58
              },
              {
                "name": "gpt-first-ad-render",
                "startTime": 15358.86
              }
            ],
            "measures": []
          }
        }
      },
      {
        "browser": {
          "appConstants": {
            "ACCESSIBILITY": true,
            "ANDROID_PACKAGE_NAME": "org.mozilla.firefox",
            "ASAN": false,
            "ASAN_REPORTER": false,
            "BROWSER_CHROME_URL": "chrome://browser/content/browser.xul",
            "DEBUG": false,
            "DEBUG_JS_MODULES": "",
            "DLL_PREFIX": "lib",
            "DLL_SUFFIX": ".so",
            "EARLY_BETA_OR_EARLIER": false,
            "FENNEC_NIGHTLY": false,
            "HAVE_SHELL_SERVICE": false,
            "HAVE_USR_LIB64_DIR": false,
            "MENUBAR_CAN_AUTOHIDE": false,
            "MOZILLA_OFFICIAL": true,
            "MOZ_ALLOW_LEGACY_EXTENSIONS": false,
            "MOZ_ANDROID_ACTIVITY_STREAM": false,
            "MOZ_ANDROID_HISTORY": true,
            "MOZ_ANDROID_MOZILLA_ONLINE": false,
            "MOZ_APP_NAME": "fennec",
            "MOZ_APP_VERSION": "68.1.1",
            "MOZ_APP_VERSION_DISPLAY": "68.1.1",
            "MOZ_BING_API_CLIENTID": "no-bing-api-clientid",
            "MOZ_BING_API_KEY": "no-bing-api-key",
            "MOZ_BITS_DOWNLOAD": false,
            "MOZ_BUILD_APP": "mobile/android",
            "MOZ_CODE_COVERAGE": false,
            "MOZ_CRASHREPORTER": true,
            "MOZ_DATA_REPORTING": true,
            "MOZ_DEV_EDITION": false,
            "MOZ_GECKO_PROFILER": true,
            "MOZ_GOOGLE_LOCATION_SERVICE_API_KEY": "AIzaSyB2h2OuRcUgy5N-5hsZqiPW6sH3n_rptiQ",
            "MOZ_GOOGLE_SAFEBROWSING_API_KEY": "AIzaSyC7jsptDS3am4tPx4r3nxis7IMjBc5Dovo",
            "MOZ_GRAPHENE": false,
            "MOZ_MACBUNDLE_NAME": "Firefox.app",
            "MOZ_MAINTENANCE_SERVICE": false,
            "MOZ_MOZILLA_API_KEY": "3b4d27dd-703d-4094-8398-4de2c763505a",
            "MOZ_NEW_CERT_STORAGE": false,
            "MOZ_NEW_NOTIFICATION_STORE": false,
            "MOZ_NEW_XULSTORE": false,
            "MOZ_OFFICIAL_BRANDING": false,
            "MOZ_PLACES": false,
            "MOZ_REQUIRE_SIGNING": false,
            "MOZ_SANDBOX": false,
            "MOZ_SERVICES_HEALTHREPORT": true,
            "MOZ_SERVICES_SYNC": false,
            "MOZ_SWITCHBOARD": true,
            "MOZ_SYSTEM_NSS": false,
            "MOZ_TELEMETRY_ON_BY_DEFAULT": false,
            "MOZ_TELEMETRY_REPORTING": true,
            "MOZ_UNSIGNED_SCOPES": 0,
            "MOZ_UPDATER": false,
            "MOZ_UPDATE_CHANNEL": "release",
            "MOZ_WEBRTC": true,
            "MOZ_WIDGET_GTK": false,
            "MOZ_WIDGET_TOOLKIT": "android",
            "NIGHTLY_BUILD": false,
            "OMNIJAR_NAME": "assets/omni.ja",
            "RELEASE_OR_BETA": true,
            "SOURCE_REVISION_URL": "https://hg.mozilla.org/releases/mozilla-esr68/rev/d2e0b9e17b9bc1ef02606c8006b73293f7892ad5",
            "TELEMETRY_PING_FORMAT_VERSION": 4,
            "XP_UNIX": true,
            "isPlatformAndVersionAtLeast": {},
            "isPlatformAndVersionAtMost": {},
            "platform": "android"
          },
          "asyncAppConstants": {
            "ACCESSIBILITY": true,
            "ANDROID_PACKAGE_NAME": "org.mozilla.firefox",
            "ASAN": false,
            "ASAN_REPORTER": false,
            "BROWSER_CHROME_URL": "chrome://browser/content/browser.xul",
            "DEBUG": false,
            "DEBUG_JS_MODULES": "",
            "DLL_PREFIX": "lib",
            "DLL_SUFFIX": ".so",
            "EARLY_BETA_OR_EARLIER": false,
            "FENNEC_NIGHTLY": false,
            "HAVE_SHELL_SERVICE": false,
            "HAVE_USR_LIB64_DIR": false,
            "MENUBAR_CAN_AUTOHIDE": false,
            "MOZILLA_OFFICIAL": true,
            "MOZ_ALLOW_LEGACY_EXTENSIONS": false,
            "MOZ_ANDROID_ACTIVITY_STREAM": false,
            "MOZ_ANDROID_HISTORY": true,
            "MOZ_ANDROID_MOZILLA_ONLINE": false,
            "MOZ_APP_NAME": "fennec",
            "MOZ_APP_VERSION": "68.1.1",
            "MOZ_APP_VERSION_DISPLAY": "68.1.1",
            "MOZ_BING_API_CLIENTID": "no-bing-api-clientid",
            "MOZ_BING_API_KEY": "no-bing-api-key",
            "MOZ_BITS_DOWNLOAD": false,
            "MOZ_BUILD_APP": "mobile/android",
            "MOZ_CODE_COVERAGE": false,
            "MOZ_CRASHREPORTER": true,
            "MOZ_DATA_REPORTING": true,
            "MOZ_DEV_EDITION": false,
            "MOZ_GECKO_PROFILER": true,
            "MOZ_GOOGLE_LOCATION_SERVICE_API_KEY": "AIzaSyB2h2OuRcUgy5N-5hsZqiPW6sH3n_rptiQ",
            "MOZ_GOOGLE_SAFEBROWSING_API_KEY": "AIzaSyC7jsptDS3am4tPx4r3nxis7IMjBc5Dovo",
            "MOZ_GRAPHENE": false,
            "MOZ_MACBUNDLE_NAME": "Firefox.app",
            "MOZ_MAINTENANCE_SERVICE": false,
            "MOZ_MOZILLA_API_KEY": "3b4d27dd-703d-4094-8398-4de2c763505a",
            "MOZ_NEW_CERT_STORAGE": false,
            "MOZ_NEW_NOTIFICATION_STORE": false,
            "MOZ_NEW_XULSTORE": false,
            "MOZ_OFFICIAL_BRANDING": false,
            "MOZ_PLACES": false,
            "MOZ_REQUIRE_SIGNING": false,
            "MOZ_SANDBOX": false,
            "MOZ_SERVICES_HEALTHREPORT": true,
            "MOZ_SERVICES_SYNC": false,
            "MOZ_SWITCHBOARD": true,
            "MOZ_SYSTEM_NSS": false,
            "MOZ_TELEMETRY_ON_BY_DEFAULT": false,
            "MOZ_TELEMETRY_REPORTING": true,
            "MOZ_UNSIGNED_SCOPES": 0,
            "MOZ_UPDATER": false,
            "MOZ_UPDATE_CHANNEL": "release",
            "MOZ_WEBRTC": true,
            "MOZ_WIDGET_GTK": false,
            "MOZ_WIDGET_TOOLKIT": "android",
            "NIGHTLY_BUILD": false,
            "OMNIJAR_NAME": "assets/omni.ja",
            "RELEASE_OR_BETA": true,
            "SOURCE_REVISION_URL": "https://hg.mozilla.org/releases/mozilla-esr68/rev/d2e0b9e17b9bc1ef02606c8006b73293f7892ad5",
            "TELEMETRY_PING_FORMAT_VERSION": 4,
            "XP_UNIX": true,
            "isPlatformAndVersionAtLeast": {},
            "isPlatformAndVersionAtMost": {},
            "platform": "android"
          },
          "userAgent": "Mozilla/5.0 (Android 8.1.0; Mobile; rv:68.0) Gecko/68.0 Firefox/68.0",
          "windowSize": "360x560"
        },
        "pageinfo": {
          "documentHeight": 11359,
          "documentSize": {
            "decodedBodySize": 108430,
            "encodedBodySize": 17340,
            "transferSize": 18178
          },
          "documentTitle": "Okezone Berita Terbaru Berita Hari Ini Berita Online",
          "documentWidth": 360,
          "domElements": 1447,
          "navigationStartTime": 1617053654564,
          "nextHopProtocol": "h2",
          "resources": {
            "count": 0,
            "duration": 0
          },
          "responsive": true,
          "url": "https://www.okezone.com/",
          "visualElements": {
            "heroes": [
              {
                "filename": "bmkg-pastikan-tak-ada-sambaran-petir-saat-kebakaran-kilang-minyak-indramayu-ZwFOC6gD6x.jpg",
                "height": 214,
                "name": "LargestImage",
                "width": 306,
                "x": 10,
                "y": 193
              },
              {
                "filename": null,
                "height": 65,
                "name": "Heading",
                "width": 296,
                "x": 10,
                "y": 450
              }
            ],
            "viewport": {
              "height": 560,
              "width": 360
            }
          }
        },
        "timings": {
          "firstPaint": 3212,
          "loadEventEnd": 15460,
          "navigationTiming": {
            "connectStart": 28,
            "domComplete": 15389,
            "domContentLoadedEventEnd": 3802,
            "domContentLoadedEventStart": 3625,
            "domInteractive": 3159,
            "domainLookupEnd": 28,
            "domainLookupStart": 28,
            "duration": 15460,
            "fetchStart": 3,
            "loadEventEnd": 15460,
            "loadEventStart": 15391,
            "redirectEnd": 0,
            "redirectStart": 0,
            "requestStart": 445,
            "responseEnd": 1251,
            "responseStart": 1243,
            "secureConnectionStart": 198,
            "startTime": 0,
            "unloadEventEnd": 0,
            "unloadEventStart": 0,
            "workerStart": 0
          },
          "pageTimings": {
            "backEndTime": 1243,
            "domContentLoadedTime": 3625,
            "domInteractiveTime": 3159,
            "domainLookupTime": 0,
            "frontEndTime": 14140,
            "pageDownloadTime": 8,
            "pageLoadTime": 15391,
            "redirectionTime": 0,
            "serverConnectionTime": 415,
            "serverResponseTime": 806
          },
          "rumSpeedIndex": 1243,
          "timeToContentfulPaint": 3404,
          "timeToDomContentFlushed": 3170,
          "userTimings": {
            "marks": [
              {
                "name": "gpt-tag-load",
                "startTime": 11198.16
              },
              {
                "name": "gpt-first-ad-request",
                "startTime": 14040.56
              },
              {
                "name": "gpt-first-ad-render",
                "startTime": 17202.14
              }
            ],
            "measures": []
          }
        }
      },
      {
        "browser": {
          "appConstants": {
            "ACCESSIBILITY": true,
            "ANDROID_PACKAGE_NAME": "org.mozilla.firefox",
            "ASAN": false,
            "ASAN_REPORTER": false,
            "BROWSER_CHROME_URL": "chrome://browser/content/browser.xul",
            "DEBUG": false,
            "DEBUG_JS_MODULES": "",
            "DLL_PREFIX": "lib",
            "DLL_SUFFIX": ".so",
            "EARLY_BETA_OR_EARLIER": false,
            "FENNEC_NIGHTLY": false,
            "HAVE_SHELL_SERVICE": false,
            "HAVE_USR_LIB64_DIR": false,
            "MENUBAR_CAN_AUTOHIDE": false,
            "MOZILLA_OFFICIAL": true,
            "MOZ_ALLOW_LEGACY_EXTENSIONS": false,
            "MOZ_ANDROID_ACTIVITY_STREAM": false,
            "MOZ_ANDROID_HISTORY": true,
            "MOZ_ANDROID_MOZILLA_ONLINE": false,
            "MOZ_APP_NAME": "fennec",
            "MOZ_APP_VERSION": "68.1.1",
            "MOZ_APP_VERSION_DISPLAY": "68.1.1",
            "MOZ_BING_API_CLIENTID": "no-bing-api-clientid",
            "MOZ_BING_API_KEY": "no-bing-api-key",
            "MOZ_BITS_DOWNLOAD": false,
            "MOZ_BUILD_APP": "mobile/android",
            "MOZ_CODE_COVERAGE": false,
            "MOZ_CRASHREPORTER": true,
            "MOZ_DATA_REPORTING": true,
            "MOZ_DEV_EDITION": false,
            "MOZ_GECKO_PROFILER": true,
            "MOZ_GOOGLE_LOCATION_SERVICE_API_KEY": "AIzaSyB2h2OuRcUgy5N-5hsZqiPW6sH3n_rptiQ",
            "MOZ_GOOGLE_SAFEBROWSING_API_KEY": "AIzaSyC7jsptDS3am4tPx4r3nxis7IMjBc5Dovo",
            "MOZ_GRAPHENE": false,
            "MOZ_MACBUNDLE_NAME": "Firefox.app",
            "MOZ_MAINTENANCE_SERVICE": false,
            "MOZ_MOZILLA_API_KEY": "3b4d27dd-703d-4094-8398-4de2c763505a",
            "MOZ_NEW_CERT_STORAGE": false,
            "MOZ_NEW_NOTIFICATION_STORE": false,
            "MOZ_NEW_XULSTORE": false,
            "MOZ_OFFICIAL_BRANDING": false,
            "MOZ_PLACES": false,
            "MOZ_REQUIRE_SIGNING": false,
            "MOZ_SANDBOX": false,
            "MOZ_SERVICES_HEALTHREPORT": true,
            "MOZ_SERVICES_SYNC": false,
            "MOZ_SWITCHBOARD": true,
            "MOZ_SYSTEM_NSS": false,
            "MOZ_TELEMETRY_ON_BY_DEFAULT": false,
            "MOZ_TELEMETRY_REPORTING": true,
            "MOZ_UNSIGNED_SCOPES": 0,
            "MOZ_UPDATER": false,
            "MOZ_UPDATE_CHANNEL": "release",
            "MOZ_WEBRTC": true,
            "MOZ_WIDGET_GTK": false,
            "MOZ_WIDGET_TOOLKIT": "android",
            "NIGHTLY_BUILD": false,
            "OMNIJAR_NAME": "assets/omni.ja",
            "RELEASE_OR_BETA": true,
            "SOURCE_REVISION_URL": "https://hg.mozilla.org/releases/mozilla-esr68/rev/d2e0b9e17b9bc1ef02606c8006b73293f7892ad5",
            "TELEMETRY_PING_FORMAT_VERSION": 4,
            "XP_UNIX": true,
            "isPlatformAndVersionAtLeast": {},
            "isPlatformAndVersionAtMost": {},
            "platform": "android"
          },
          "asyncAppConstants": {
            "ACCESSIBILITY": true,
            "ANDROID_PACKAGE_NAME": "org.mozilla.firefox",
            "ASAN": false,
            "ASAN_REPORTER": false,
            "BROWSER_CHROME_URL": "chrome://browser/content/browser.xul",
            "DEBUG": false,
            "DEBUG_JS_MODULES": "",
            "DLL_PREFIX": "lib",
            "DLL_SUFFIX": ".so",
            "EARLY_BETA_OR_EARLIER": false,
            "FENNEC_NIGHTLY": false,
            "HAVE_SHELL_SERVICE": false,
            "HAVE_USR_LIB64_DIR": false,
            "MENUBAR_CAN_AUTOHIDE": false,
            "MOZILLA_OFFICIAL": true,
            "MOZ_ALLOW_LEGACY_EXTENSIONS": false,
            "MOZ_ANDROID_ACTIVITY_STREAM": false,
            "MOZ_ANDROID_HISTORY": true,
            "MOZ_ANDROID_MOZILLA_ONLINE": false,
            "MOZ_APP_NAME": "fennec",
            "MOZ_APP_VERSION": "68.1.1",
            "MOZ_APP_VERSION_DISPLAY": "68.1.1",
            "MOZ_BING_API_CLIENTID": "no-bing-api-clientid",
            "MOZ_BING_API_KEY": "no-bing-api-key",
            "MOZ_BITS_DOWNLOAD": false,
            "MOZ_BUILD_APP": "mobile/android",
            "MOZ_CODE_COVERAGE": false,
            "MOZ_CRASHREPORTER": true,
            "MOZ_DATA_REPORTING": true,
            "MOZ_DEV_EDITION": false,
            "MOZ_GECKO_PROFILER": true,
            "MOZ_GOOGLE_LOCATION_SERVICE_API_KEY": "AIzaSyB2h2OuRcUgy5N-5hsZqiPW6sH3n_rptiQ",
            "MOZ_GOOGLE_SAFEBROWSING_API_KEY": "AIzaSyC7jsptDS3am4tPx4r3nxis7IMjBc5Dovo",
            "MOZ_GRAPHENE": false,
            "MOZ_MACBUNDLE_NAME": "Firefox.app",
            "MOZ_MAINTENANCE_SERVICE": false,
            "MOZ_MOZILLA_API_KEY": "3b4d27dd-703d-4094-8398-4de2c763505a",
            "MOZ_NEW_CERT_STORAGE": false,
            "MOZ_NEW_NOTIFICATION_STORE": false,
            "MOZ_NEW_XULSTORE": false,
            "MOZ_OFFICIAL_BRANDING": false,
            "MOZ_PLACES": false,
            "MOZ_REQUIRE_SIGNING": false,
            "MOZ_SANDBOX": false,
            "MOZ_SERVICES_HEALTHREPORT": true,
            "MOZ_SERVICES_SYNC": false,
            "MOZ_SWITCHBOARD": true,
            "MOZ_SYSTEM_NSS": false,
            "MOZ_TELEMETRY_ON_BY_DEFAULT": false,
            "MOZ_TELEMETRY_REPORTING": true,
            "MOZ_UNSIGNED_SCOPES": 0,
            "MOZ_UPDATER": false,
            "MOZ_UPDATE_CHANNEL": "release",
            "MOZ_WEBRTC": true,
            "MOZ_WIDGET_GTK": false,
            "MOZ_WIDGET_TOOLKIT": "android",
            "NIGHTLY_BUILD": false,
            "OMNIJAR_NAME": "assets/omni.ja",
            "RELEASE_OR_BETA": true,
            "SOURCE_REVISION_URL": "https://hg.mozilla.org/releases/mozilla-esr68/rev/d2e0b9e17b9bc1ef02606c8006b73293f7892ad5",
            "TELEMETRY_PING_FORMAT_VERSION": 4,
            "XP_UNIX": true,
            "isPlatformAndVersionAtLeast": {},
            "isPlatformAndVersionAtMost": {},
            "platform": "android"
          },
          "userAgent": "Mozilla/5.0 (Android 8.1.0; Mobile; rv:68.0) Gecko/68.0 Firefox/68.0",
          "windowSize": "360x560"
        },
        "pageinfo": {
          "documentHeight": 11561,
          "documentSize": {
            "decodedBodySize": 108434,
            "encodedBodySize": 17303,
            "transferSize": 18141
          },
          "documentTitle": "Okezone Berita Terbaru Berita Hari Ini Berita Online",
          "documentWidth": 360,
          "domElements": 1447,
          "navigationStartTime": 1617053701265,
          "nextHopProtocol": "h2",
          "resources": {
            "count": 0,
            "duration": 0
          },
          "responsive": true,
          "url": "https://www.okezone.com/",
          "visualElements": {
            "heroes": [
              {
                "filename": "bmkg-pastikan-tak-ada-sambaran-petir-saat-kebakaran-kilang-minyak-indramayu-ZwFOC6gD6x.jpg",
                "height": 214,
                "name": "LargestImage",
                "width": 306,
                "x": 10,
                "y": 193
              },
              {
                "filename": null,
                "height": 65,
                "name": "Heading",
                "width": 296,
                "x": 10,
                "y": 450
              }
            ],
            "viewport": {
              "height": 560,
              "width": 360
            }
          }
        },
        "timings": {
          "firstPaint": 3810,
          "loadEventEnd": 16066,
          "navigationTiming": {
            "connectStart": 41,
            "domComplete": 15996,
            "domContentLoadedEventEnd": 4404,
            "domContentLoadedEventStart": 4224,
            "domInteractive": 3760,
            "domainLookupEnd": 41,
            "domainLookupStart": 41,
            "duration": 16066,
            "fetchStart": 3,
            "loadEventEnd": 16066,
            "loadEventStart": 15999,
            "redirectEnd": 0,
            "redirectStart": 0,
            "requestStart": 374,
            "responseEnd": 1960,
            "responseStart": 1949,
            "secureConnectionStart": 168,
            "startTime": 0,
            "unloadEventEnd": 0,
            "unloadEventStart": 0,
            "workerStart": 0
          },
          "pageTimings": {
            "backEndTime": 1949,
            "domContentLoadedTime": 4224,
            "domInteractiveTime": 3760,
            "domainLookupTime": 0,
            "frontEndTime": 14038,
            "pageDownloadTime": 11,
            "pageLoadTime": 15999,
            "redirectionTime": 0,
            "serverConnectionTime": 332,
            "serverResponseTime": 1586
          },
          "rumSpeedIndex": 1949,
          "timeToContentfulPaint": 3975,
          "timeToDomContentFlushed": 3768,
          "userTimings": {
            "marks": [
              {
                "name": "gpt-tag-load",
                "startTime": 11572.42
              },
              {
                "name": "gpt-first-ad-request",
                "startTime": 14960.8
              },
              {
                "name": "gpt-first-ad-render",
                "startTime": 17694.3
              }
            ],
            "measures": []
          }
        }
      }
    ],
    "visualMetrics": [],
    "cpu": [],
    "extras": [
      {},
      {},
      {}
    ],
    "fullyLoaded": [],
    "errors": [
      [],
      [],
      []
    ],
    "statistics": {
      "browser": {
        "appConstants": {
          "MOZ_UNSIGNED_SCOPES": {
            "median": 0,
            "mean": 0,
            "mdev": 0,
            "stddev": 0,
            "min": 0,
            "p10": 0,
            "p90": 0,
            "p99": 0,
            "max": 0
          },
          "TELEMETRY_PING_FORMAT_VERSION": {
            "median": 4,
            "mean": 4,
            "mdev": 0,
            "stddev": 0,
            "min": 4,
            "p10": 4,
            "p90": 4,
            "p99": 4,
            "max": 4
          }
        },
        "asyncAppConstants": {
          "MOZ_UNSIGNED_SCOPES": {
            "median": 0,
            "mean": 0,
            "mdev": 0,
            "stddev": 0,
            "min": 0,
            "p10": 0,
            "p90": 0,
            "p99": 0,
            "max": 0
          },
          "TELEMETRY_PING_FORMAT_VERSION": {
            "median": 4,
            "mean": 4,
            "mdev": 0,
            "stddev": 0,
            "min": 4,
            "p10": 4,
            "p90": 4,
            "p99": 4,
            "max": 4
          }
        }
      },
      "pageinfo": {
        "documentHeight": {
          "median": 11561,
          "mean": 11510,
          "mdev": 62.8956,
          "stddev": 109,
          "min": 11359,
          "p10": 11359,
          "p90": 11611,
          "p99": 11611,
          "max": 11611
        },
        "documentSize": {
          "decodedBodySize": {
            "median": 108434,
            "mean": 108485,
            "mdev": 43.2846,
            "stddev": 75,
            "min": 108430,
            "p10": 108430,
            "p90": 108591,
            "p99": 108591,
            "max": 108591
          },
          "encodedBodySize": {
            "median": 17340,
            "mean": 17330,
            "mdev": 10.9781,
            "stddev": 19,
            "min": 17303,
            "p10": 17303,
            "p90": 17346,
            "p99": 17346,
            "max": 17346
          },
          "transferSize": {
            "median": 18178,
            "mean": 18167,
            "mdev": 10.5022,
            "stddev": 18,
            "min": 18141,
            "p10": 18141,
            "p90": 18181,
            "p99": 18181,
            "max": 18181
          }
        },
        "documentWidth": {
          "median": 360,
          "mean": 360,
          "mdev": 0,
          "stddev": 0,
          "min": 360,
          "p10": 360,
          "p90": 360,
          "p99": 360,
          "max": 360
        },
        "domElements": {
          "median": 1447,
          "mean": 1447,
          "mdev": 0.2722,
          "stddev": 0,
          "min": 1447,
          "p10": 1447,
          "p90": 1448,
          "p99": 1448,
          "max": 1448
        },
        "navigationStartTime": {
          "median": 1617053654564,
          "mean": 1617053654709,
          "mdev": 21845.3333,
          "stddev": 37837,
          "min": 1617053608299,
          "p10": 1617053608299,
          "p90": 1617053701265,
          "p99": 1617053701265,
          "max": 1617053701265
        },
        "resources": {
          "count": {
            "median": 0,
            "mean": 0,
            "mdev": 0,
            "stddev": 0,
            "min": 0,
            "p10": 0,
            "p90": 0,
            "p99": 0,
            "max": 0
          },
          "duration": {
            "median": 0,
            "mean": 0,
            "mdev": 0,
            "stddev": 0,
            "min": 0,
            "p10": 0,
            "p90": 0,
            "p99": 0,
            "max": 0
          }
        },
        "visualElements": {
          "heroes": [
            {
              "height": {
                "median": 214,
                "mean": 214,
                "mdev": 0,
                "stddev": 0,
                "min": 214,
                "p10": 214,
                "p90": 214,
                "p99": 214,
                "max": 214
              },
              "width": {
                "median": 306,
                "mean": 306,
                "mdev": 0,
                "stddev": 0,
                "min": 306,
                "p10": 306,
                "p90": 306,
                "p99": 306,
                "max": 306
              },
              "x": {
                "median": 10,
                "mean": 10,
                "mdev": 0,
                "stddev": 0,
                "min": 10,
                "p10": 10,
                "p90": 10,
                "p99": 10,
                "max": 10
              },
              "y": {
                "median": 193,
                "mean": 193,
                "mdev": 0,
                "stddev": 0,
                "min": 193,
                "p10": 193,
                "p90": 193,
                "p99": 193,
                "max": 193
              }
            },
            {
              "height": {
                "median": 65,
                "mean": 65,
                "mdev": 0,
                "stddev": 0,
                "min": 65,
                "p10": 65,
                "p90": 65,
                "p99": 65,
                "max": 65
              },
              "width": {
                "median": 296,
                "mean": 296,
                "mdev": 0,
                "stddev": 0,
                "min": 296,
                "p10": 296,
                "p90": 296,
                "p99": 296,
                "max": 296
              },
              "x": {
                "median": 10,
                "mean": 10,
                "mdev": 0,
                "stddev": 0,
                "min": 10,
                "p10": 10,
                "p90": 10,
                "p99": 10,
                "max": 10
              },
              "y": {
                "median": 450,
                "mean": 450,
                "mdev": 0,
                "stddev": 0,
                "min": 450,
                "p10": 450,
                "p90": 450,
                "p99": 450,
                "max": 450
              }
            }
          ],
          "viewport": {
            "height": {
              "median": 560,
              "mean": 560,
              "mdev": 0,
              "stddev": 0,
              "min": 560,
              "p10": 560,
              "p90": 560,
              "p99": 560,
              "max": 560
            },
            "width": {
              "median": 360,
              "mean": 360,
              "mdev": 0,
              "stddev": 0,
              "min": 360,
              "p10": 360,
              "p90": 360,
              "p99": 360,
              "max": 360
            }
          }
        }
      },
      "timings": {
        "firstPaint": {
          "median": 3810,
          "mean": 3830,
          "mdev": 296.1546,
          "stddev": 513,
          "min": 3212,
          "p10": 3212,
          "p90": 4468,
          "p99": 4468,
          "max": 4468
        },
        "loadEventEnd": {
          "median": 15505,
          "mean": 15677,
          "mdev": 159.1624,
          "stddev": 276,
          "min": 15460,
          "p10": 15460,
          "p90": 16066,
          "p99": 16066,
          "max": 16066
        },
        "navigationTiming": {
          "connectStart": {
            "median": 41,
            "mean": 119,
            "mdev": 69.062,
            "stddev": 120,
            "min": 28,
            "p10": 28,
            "p90": 288,
            "p99": 288,
            "max": 288
          },
          "domComplete": {
            "median": 15443,
            "mean": 15609,
            "mdev": 158.3683,
            "stddev": 274,
            "min": 15389,
            "p10": 15389,
            "p90": 15996,
            "p99": 15996,
            "max": 15996
          },
          "domContentLoadedEventEnd": {
            "median": 4404,
            "mean": 4442,
            "mdev": 310.8005,
            "stddev": 538,
            "min": 3802,
            "p10": 3802,
            "p90": 5119,
            "p99": 5119,
            "max": 5119
          },
          "domContentLoadedEventStart": {
            "median": 4224,
            "mean": 4259,
            "mdev": 307.2105,
            "stddev": 532,
            "min": 3625,
            "p10": 3625,
            "p90": 4927,
            "p99": 4927,
            "max": 4927
          },
          "domInteractive": {
            "median": 3760,
            "mean": 3760,
            "mdev": 283.3141,
            "stddev": 491,
            "min": 3159,
            "p10": 3159,
            "p90": 4361,
            "p99": 4361,
            "max": 4361
          },
          "domainLookupEnd": {
            "median": 41,
            "mean": 119,
            "mdev": 69.062,
            "stddev": 120,
            "min": 28,
            "p10": 28,
            "p90": 288,
            "p99": 288,
            "max": 288
          },
          "domainLookupStart": {
            "median": 41,
            "mean": 119,
            "mdev": 69.062,
            "stddev": 120,
            "min": 28,
            "p10": 28,
            "p90": 288,
            "p99": 288,
            "max": 288
          },
          "duration": {
            "median": 15505,
            "mean": 15677,
            "mdev": 159.1624,
            "stddev": 276,
            "min": 15460,
            "p10": 15460,
            "p90": 16066,
            "p99": 16066,
            "max": 16066
          },
          "fetchStart": {
            "median": 3,
            "mean": 4,
            "mdev": 0.5443,
            "stddev": 1,
            "min": 3,
            "p10": 3,
            "p90": 5,
            "p99": 5,
            "max": 5
          },
          "loadEventEnd": {
            "median": 15505,
            "mean": 15677,
            "mdev": 159.1624,
            "stddev": 276,
            "min": 15460,
            "p10": 15460,
            "p90": 16066,
            "p99": 16066,
            "max": 16066
          },
          "loadEventStart": {
            "median": 15446,
            "mean": 15612,
            "mdev": 158.523,
            "stddev": 275,
            "min": 15391,
            "p10": 15391,
            "p90": 15999,
            "p99": 15999,
            "max": 15999
          },
          "redirectEnd": {
            "median": 0,
            "mean": 0,
            "mdev": 0,
            "stddev": 0,
            "min": 0,
            "p10": 0,
            "p90": 0,
            "p99": 0,
            "max": 0
          },
          "redirectStart": {
            "median": 0,
            "mean": 0,
            "mdev": 0,
            "stddev": 0,
            "min": 0,
            "p10": 0,
            "p90": 0,
            "p99": 0,
            "max": 0
          },
          "requestStart": {
            "median": 445,
            "mean": 485,
            "mdev": 63.8766,
            "stddev": 111,
            "min": 374,
            "p10": 374,
            "p90": 636,
            "p99": 636,
            "max": 636
          },
          "responseEnd": {
            "median": 1960,
            "mean": 1904,
            "mdev": 295.738,
            "stddev": 512,
            "min": 1251,
            "p10": 1251,
            "p90": 2502,
            "p99": 2502,
            "max": 2502
          },
          "responseStart": {
            "median": 1949,
            "mean": 1896,
            "mdev": 295.9014,
            "stddev": 513,
            "min": 1243,
            "p10": 1243,
            "p90": 2495,
            "p99": 2495,
            "max": 2495
          },
          "secureConnectionStart": {
            "median": 198,
            "mean": 262,
            "mdev": 64.8896,
            "stddev": 112,
            "min": 168,
            "p10": 168,
            "p90": 420,
            "p99": 420,
            "max": 420
          },
          "startTime": {
            "median": 0,
            "mean": 0,
            "mdev": 0,
            "stddev": 0,
            "min": 0,
            "p10": 0,
            "p90": 0,
            "p99": 0,
            "max": 0
          },
          "unloadEventEnd": {
            "median": 0,
            "mean": 0,
            "mdev": 0,
            "stddev": 0,
            "min": 0,
            "p10": 0,
            "p90": 0,
            "p99": 0,
            "max": 0
          },
          "unloadEventStart": {
            "median": 0,
            "mean": 0,
            "mdev": 0,
            "stddev": 0,
            "min": 0,
            "p10": 0,
            "p90": 0,
            "p99": 0,
            "max": 0
          },
          "workerStart": {
            "median": 0,
            "mean": 0,
            "mdev": 0,
            "stddev": 0,
            "min": 0,
            "p10": 0,
            "p90": 0,
            "p99": 0,
            "max": 0
          }
        },
        "pageTimings": {
          "backEndTime": {
            "median": 1949,
            "mean": 1896,
            "mdev": 295.9014,
            "stddev": 513,
            "min": 1243,
            "p10": 1243,
            "p90": 2495,
            "p99": 2495,
            "max": 2495
          },
          "domContentLoadedTime": {
            "median": 4224,
            "mean": 4259,
            "mdev": 307.2105,
            "stddev": 532,
            "min": 3625,
            "p10": 3625,
            "p90": 4927,
            "p99": 4927,
            "max": 4927
          },
          "domInteractiveTime": {
            "median": 3760,
            "mean": 3760,
            "mdev": 283.3141,
            "stddev": 491,
            "min": 3159,
            "p10": 3159,
            "p90": 4361,
            "p99": 4361,
            "max": 4361
          },
          "domainLookupTime": {
            "median": 0,
            "mean": 0,
            "mdev": 0,
            "stddev": 0,
            "min": 0,
            "p10": 0,
            "p90": 0,
            "p99": 0,
            "max": 0
          },
          "frontEndTime": {
            "median": 14038,
            "mean": 13707,
            "mdev": 312.5555,
            "stddev": 541,
            "min": 12944,
            "p10": 12944,
            "p90": 14140,
            "p99": 14140,
            "max": 14140
          },
          "pageDownloadTime": {
            "median": 8,
            "mean": 9,
            "mdev": 0.9813,
            "stddev": 2,
            "min": 7,
            "p10": 7,
            "p90": 11,
            "p99": 11,
            "max": 11
          },
          "pageLoadTime": {
            "median": 15446,
            "mean": 15612,
            "mdev": 158.523,
            "stddev": 275,
            "min": 15391,
            "p10": 15391,
            "p90": 15999,
            "p99": 15999,
            "max": 15999
          },
          "redirectionTime": {
            "median": 0,
            "mean": 0,
            "mdev": 0,
            "stddev": 0,
            "min": 0,
            "p10": 0,
            "p90": 0,
            "p99": 0,
            "max": 0
          },
          "serverConnectionTime": {
            "median": 346,
            "mean": 364,
            "mdev": 20.9461,
            "stddev": 36,
            "min": 332,
            "p10": 332,
            "p90": 415,
            "p99": 415,
            "max": 415
          },
          "serverResponseTime": {
            "median": 1586,
            "mean": 1419,
            "mdev": 258.9437,
            "stddev": 449,
            "min": 806,
            "p10": 806,
            "p90": 1866,
            "p99": 1866,
            "max": 1866
          }
        },
        "rumSpeedIndex": {
          "median": 1949,
          "mean": 1895,
          "mdev": 295.6764,
          "stddev": 512,
          "min": 1243,
          "p10": 1243,
          "p90": 2494,
          "p99": 2494,
          "max": 2494
        },
        "timeToContentfulPaint": {
          "median": 3975,
          "mean": 4007,
          "mdev": 291.8502,
          "stddev": 505,
          "min": 3404,
          "p10": 3404,
          "p90": 4641,
          "p99": 4641,
          "max": 4641
        },
        "timeToDomContentFlushed": {
          "median": 3768,
          "mean": 3788,
          "mdev": 296.1546,
          "stddev": 513,
          "min": 3170,
          "p10": 3170,
          "p90": 4426,
          "p99": 4426,
          "max": 4426
        },
        "userTimings": {
          "marks": {
            "gpt-tag-load": {
              "median": 11198,
              "mean": 11279,
              "mdev": 123.6825,
              "stddev": 214,
              "min": 11067,
              "p10": 11067,
              "p90": 11572,
              "p99": 11572,
              "max": 11572
            },
            "gpt-first-ad-request": {
              "median": 14041,
              "mean": 14139,
              "mdev": 366.2021,
              "stddev": 634,
              "min": 13417,
              "p10": 13417,
              "p90": 14961,
              "p99": 14961,
              "max": 14961
            },
            "gpt-first-ad-render": {
              "median": 17202,
              "mean": 16752,
              "mdev": 580.3633,
              "stddev": 1005,
              "min": 15359,
              "p10": 15359,
              "p90": 17694,
              "p99": 17694,
              "max": 17694
            }
          }
        }
      }
    }
  }
]