[
  {
    "info": {
      "browsertime": {
        "version": "8.4.0"
      },
      "url": "https://www.naver.com/",
      "timestamp": "2021-03-30T17:46:49+04:00",
      "connectivity": {
        "engine": "external",
        "profile": "native"
      },
      "extra": {}
    },
    "files": {
      "video": [],
      "screenshot": [],
      "timeline": [],
      "consoleLog": [],
      "netLog": [],
      "perfLog": []
    },
    "cdp": {
      "performance": []
    },
    "timestamps": [
      "2021-03-30T17:46:37+04:00",
      "2021-03-30T17:46:55+04:00",
      "2021-03-30T17:47:13+04:00"
    ],
    "browserScripts": [
      {
        "browser": {
          "appConstants": {
            "ACCESSIBILITY": true,
            "ANDROID_PACKAGE_NAME": "org.mozilla.firefox",
            "ASAN": false,
            "ASAN_REPORTER": false,
            "BROWSER_CHROME_URL": "chrome://browser/content/browser.xul",
            "DEBUG": false,
            "DEBUG_JS_MODULES": "",
            "DLL_PREFIX": "lib",
            "DLL_SUFFIX": ".so",
            "EARLY_BETA_OR_EARLIER": false,
            "FENNEC_NIGHTLY": false,
            "HAVE_SHELL_SERVICE": false,
            "HAVE_USR_LIB64_DIR": false,
            "MENUBAR_CAN_AUTOHIDE": false,
            "MOZILLA_OFFICIAL": true,
            "MOZ_ALLOW_LEGACY_EXTENSIONS": false,
            "MOZ_ANDROID_ACTIVITY_STREAM": false,
            "MOZ_ANDROID_HISTORY": true,
            "MOZ_ANDROID_MOZILLA_ONLINE": false,
            "MOZ_APP_NAME": "fennec",
            "MOZ_APP_VERSION": "68.1.1",
            "MOZ_APP_VERSION_DISPLAY": "68.1.1",
            "MOZ_BING_API_CLIENTID": "no-bing-api-clientid",
            "MOZ_BING_API_KEY": "no-bing-api-key",
            "MOZ_BITS_DOWNLOAD": false,
            "MOZ_BUILD_APP": "mobile/android",
            "MOZ_CODE_COVERAGE": false,
            "MOZ_CRASHREPORTER": true,
            "MOZ_DATA_REPORTING": true,
            "MOZ_DEV_EDITION": false,
            "MOZ_GECKO_PROFILER": true,
            "MOZ_GOOGLE_LOCATION_SERVICE_API_KEY": "AIzaSyB2h2OuRcUgy5N-5hsZqiPW6sH3n_rptiQ",
            "MOZ_GOOGLE_SAFEBROWSING_API_KEY": "AIzaSyC7jsptDS3am4tPx4r3nxis7IMjBc5Dovo",
            "MOZ_GRAPHENE": false,
            "MOZ_MACBUNDLE_NAME": "Firefox.app",
            "MOZ_MAINTENANCE_SERVICE": false,
            "MOZ_MOZILLA_API_KEY": "3b4d27dd-703d-4094-8398-4de2c763505a",
            "MOZ_NEW_CERT_STORAGE": false,
            "MOZ_NEW_NOTIFICATION_STORE": false,
            "MOZ_NEW_XULSTORE": false,
            "MOZ_OFFICIAL_BRANDING": false,
            "MOZ_PLACES": false,
            "MOZ_REQUIRE_SIGNING": false,
            "MOZ_SANDBOX": false,
            "MOZ_SERVICES_HEALTHREPORT": true,
            "MOZ_SERVICES_SYNC": false,
            "MOZ_SWITCHBOARD": true,
            "MOZ_SYSTEM_NSS": false,
            "MOZ_TELEMETRY_ON_BY_DEFAULT": false,
            "MOZ_TELEMETRY_REPORTING": true,
            "MOZ_UNSIGNED_SCOPES": 0,
            "MOZ_UPDATER": false,
            "MOZ_UPDATE_CHANNEL": "release",
            "MOZ_WEBRTC": true,
            "MOZ_WIDGET_GTK": false,
            "MOZ_WIDGET_TOOLKIT": "android",
            "NIGHTLY_BUILD": false,
            "OMNIJAR_NAME": "assets/omni.ja",
            "RELEASE_OR_BETA": true,
            "SOURCE_REVISION_URL": "https://hg.mozilla.org/releases/mozilla-esr68/rev/d2e0b9e17b9bc1ef02606c8006b73293f7892ad5",
            "TELEMETRY_PING_FORMAT_VERSION": 4,
            "XP_UNIX": true,
            "isPlatformAndVersionAtLeast": {},
            "isPlatformAndVersionAtMost": {},
            "platform": "android"
          },
          "asyncAppConstants": {
            "ACCESSIBILITY": true,
            "ANDROID_PACKAGE_NAME": "org.mozilla.firefox",
            "ASAN": false,
            "ASAN_REPORTER": false,
            "BROWSER_CHROME_URL": "chrome://browser/content/browser.xul",
            "DEBUG": false,
            "DEBUG_JS_MODULES": "",
            "DLL_PREFIX": "lib",
            "DLL_SUFFIX": ".so",
            "EARLY_BETA_OR_EARLIER": false,
            "FENNEC_NIGHTLY": false,
            "HAVE_SHELL_SERVICE": false,
            "HAVE_USR_LIB64_DIR": false,
            "MENUBAR_CAN_AUTOHIDE": false,
            "MOZILLA_OFFICIAL": true,
            "MOZ_ALLOW_LEGACY_EXTENSIONS": false,
            "MOZ_ANDROID_ACTIVITY_STREAM": false,
            "MOZ_ANDROID_HISTORY": true,
            "MOZ_ANDROID_MOZILLA_ONLINE": false,
            "MOZ_APP_NAME": "fennec",
            "MOZ_APP_VERSION": "68.1.1",
            "MOZ_APP_VERSION_DISPLAY": "68.1.1",
            "MOZ_BING_API_CLIENTID": "no-bing-api-clientid",
            "MOZ_BING_API_KEY": "no-bing-api-key",
            "MOZ_BITS_DOWNLOAD": false,
            "MOZ_BUILD_APP": "mobile/android",
            "MOZ_CODE_COVERAGE": false,
            "MOZ_CRASHREPORTER": true,
            "MOZ_DATA_REPORTING": true,
            "MOZ_DEV_EDITION": false,
            "MOZ_GECKO_PROFILER": true,
            "MOZ_GOOGLE_LOCATION_SERVICE_API_KEY": "AIzaSyB2h2OuRcUgy5N-5hsZqiPW6sH3n_rptiQ",
            "MOZ_GOOGLE_SAFEBROWSING_API_KEY": "AIzaSyC7jsptDS3am4tPx4r3nxis7IMjBc5Dovo",
            "MOZ_GRAPHENE": false,
            "MOZ_MACBUNDLE_NAME": "Firefox.app",
            "MOZ_MAINTENANCE_SERVICE": false,
            "MOZ_MOZILLA_API_KEY": "3b4d27dd-703d-4094-8398-4de2c763505a",
            "MOZ_NEW_CERT_STORAGE": false,
            "MOZ_NEW_NOTIFICATION_STORE": false,
            "MOZ_NEW_XULSTORE": false,
            "MOZ_OFFICIAL_BRANDING": false,
            "MOZ_PLACES": false,
            "MOZ_REQUIRE_SIGNING": false,
            "MOZ_SANDBOX": false,
            "MOZ_SERVICES_HEALTHREPORT": true,
            "MOZ_SERVICES_SYNC": false,
            "MOZ_SWITCHBOARD": true,
            "MOZ_SYSTEM_NSS": false,
            "MOZ_TELEMETRY_ON_BY_DEFAULT": false,
            "MOZ_TELEMETRY_REPORTING": true,
            "MOZ_UNSIGNED_SCOPES": 0,
            "MOZ_UPDATER": false,
            "MOZ_UPDATE_CHANNEL": "release",
            "MOZ_WEBRTC": true,
            "MOZ_WIDGET_GTK": false,
            "MOZ_WIDGET_TOOLKIT": "android",
            "NIGHTLY_BUILD": false,
            "OMNIJAR_NAME": "assets/omni.ja",
            "RELEASE_OR_BETA": true,
            "SOURCE_REVISION_URL": "https://hg.mozilla.org/releases/mozilla-esr68/rev/d2e0b9e17b9bc1ef02606c8006b73293f7892ad5",
            "TELEMETRY_PING_FORMAT_VERSION": 4,
            "XP_UNIX": true,
            "isPlatformAndVersionAtLeast": {},
            "isPlatformAndVersionAtMost": {},
            "platform": "android"
          },
          "userAgent": "Mozilla/5.0 (Android 9; Mobile; rv:68.0) Gecko/68.0 Firefox/68.0",
          "windowSize": "360x612"
        },
        "pageinfo": {
          "documentHeight": 1508,
          "documentSize": {
            "decodedBodySize": 180956,
            "encodedBodySize": 35036,
            "transferSize": 35634
          },
          "documentTitle": "NAVER",
          "documentWidth": 360,
          "domElements": 6812,
          "navigationStartTime": 1617111998172,
          "nextHopProtocol": "h2",
          "resources": {
            "count": 0,
            "duration": 0
          },
          "responsive": true,
          "url": "https://m.naver.com/",
          "visualElements": {
            "heroes": [
              {
                "filename": "47cb53aadc09cc68a840_20210330103046847.png",
                "height": 77,
                "name": "LargestImage",
                "width": 360,
                "x": 0,
                "y": 399
              },
              {
                "filename": null,
                "height": 114,
                "name": "Heading",
                "width": 360,
                "x": 0,
                "y": 0
              }
            ],
            "viewport": {
              "height": 612,
              "width": 360
            }
          }
        },
        "timings": {
          "firstPaint": 3335,
          "loadEventEnd": 3809,
          "navigationTiming": {
            "connectStart": 732,
            "domComplete": 3801,
            "domContentLoadedEventEnd": 3439,
            "domContentLoadedEventStart": 3430,
            "domInteractive": 3329,
            "domainLookupEnd": 731,
            "domainLookupStart": 731,
            "duration": 3809,
            "fetchStart": 688,
            "loadEventEnd": 3809,
            "loadEventStart": 3801,
            "redirectEnd": 683,
            "redirectStart": 2,
            "requestStart": 742,
            "responseEnd": 1142,
            "responseStart": 1125,
            "secureConnectionStart": 0,
            "startTime": 0,
            "unloadEventEnd": 0,
            "unloadEventStart": 0,
            "workerStart": 0
          },
          "pageTimings": {
            "backEndTime": 1125,
            "domContentLoadedTime": 3430,
            "domInteractiveTime": 3329,
            "domainLookupTime": 0,
            "frontEndTime": 2659,
            "pageDownloadTime": 17,
            "pageLoadTime": 3801,
            "redirectionTime": 680,
            "serverConnectionTime": 0,
            "serverResponseTime": 400
          },
          "rumSpeedIndex": 1124,
          "timeToContentfulPaint": 3513,
          "timeToDomContentFlushed": 3329,
          "userTimings": {
            "marks": [],
            "measures": []
          }
        }
      },
      {
        "browser": {
          "appConstants": {
            "ACCESSIBILITY": true,
            "ANDROID_PACKAGE_NAME": "org.mozilla.firefox",
            "ASAN": false,
            "ASAN_REPORTER": false,
            "BROWSER_CHROME_URL": "chrome://browser/content/browser.xul",
            "DEBUG": false,
            "DEBUG_JS_MODULES": "",
            "DLL_PREFIX": "lib",
            "DLL_SUFFIX": ".so",
            "EARLY_BETA_OR_EARLIER": false,
            "FENNEC_NIGHTLY": false,
            "HAVE_SHELL_SERVICE": false,
            "HAVE_USR_LIB64_DIR": false,
            "MENUBAR_CAN_AUTOHIDE": false,
            "MOZILLA_OFFICIAL": true,
            "MOZ_ALLOW_LEGACY_EXTENSIONS": false,
            "MOZ_ANDROID_ACTIVITY_STREAM": false,
            "MOZ_ANDROID_HISTORY": true,
            "MOZ_ANDROID_MOZILLA_ONLINE": false,
            "MOZ_APP_NAME": "fennec",
            "MOZ_APP_VERSION": "68.1.1",
            "MOZ_APP_VERSION_DISPLAY": "68.1.1",
            "MOZ_BING_API_CLIENTID": "no-bing-api-clientid",
            "MOZ_BING_API_KEY": "no-bing-api-key",
            "MOZ_BITS_DOWNLOAD": false,
            "MOZ_BUILD_APP": "mobile/android",
            "MOZ_CODE_COVERAGE": false,
            "MOZ_CRASHREPORTER": true,
            "MOZ_DATA_REPORTING": true,
            "MOZ_DEV_EDITION": false,
            "MOZ_GECKO_PROFILER": true,
            "MOZ_GOOGLE_LOCATION_SERVICE_API_KEY": "AIzaSyB2h2OuRcUgy5N-5hsZqiPW6sH3n_rptiQ",
            "MOZ_GOOGLE_SAFEBROWSING_API_KEY": "AIzaSyC7jsptDS3am4tPx4r3nxis7IMjBc5Dovo",
            "MOZ_GRAPHENE": false,
            "MOZ_MACBUNDLE_NAME": "Firefox.app",
            "MOZ_MAINTENANCE_SERVICE": false,
            "MOZ_MOZILLA_API_KEY": "3b4d27dd-703d-4094-8398-4de2c763505a",
            "MOZ_NEW_CERT_STORAGE": false,
            "MOZ_NEW_NOTIFICATION_STORE": false,
            "MOZ_NEW_XULSTORE": false,
            "MOZ_OFFICIAL_BRANDING": false,
            "MOZ_PLACES": false,
            "MOZ_REQUIRE_SIGNING": false,
            "MOZ_SANDBOX": false,
            "MOZ_SERVICES_HEALTHREPORT": true,
            "MOZ_SERVICES_SYNC": false,
            "MOZ_SWITCHBOARD": true,
            "MOZ_SYSTEM_NSS": false,
            "MOZ_TELEMETRY_ON_BY_DEFAULT": false,
            "MOZ_TELEMETRY_REPORTING": true,
            "MOZ_UNSIGNED_SCOPES": 0,
            "MOZ_UPDATER": false,
            "MOZ_UPDATE_CHANNEL": "release",
            "MOZ_WEBRTC": true,
            "MOZ_WIDGET_GTK": false,
            "MOZ_WIDGET_TOOLKIT": "android",
            "NIGHTLY_BUILD": false,
            "OMNIJAR_NAME": "assets/omni.ja",
            "RELEASE_OR_BETA": true,
            "SOURCE_REVISION_URL": "https://hg.mozilla.org/releases/mozilla-esr68/rev/d2e0b9e17b9bc1ef02606c8006b73293f7892ad5",
            "TELEMETRY_PING_FORMAT_VERSION": 4,
            "XP_UNIX": true,
            "isPlatformAndVersionAtLeast": {},
            "isPlatformAndVersionAtMost": {},
            "platform": "android"
          },
          "asyncAppConstants": {
            "ACCESSIBILITY": true,
            "ANDROID_PACKAGE_NAME": "org.mozilla.firefox",
            "ASAN": false,
            "ASAN_REPORTER": false,
            "BROWSER_CHROME_URL": "chrome://browser/content/browser.xul",
            "DEBUG": false,
            "DEBUG_JS_MODULES": "",
            "DLL_PREFIX": "lib",
            "DLL_SUFFIX": ".so",
            "EARLY_BETA_OR_EARLIER": false,
            "FENNEC_NIGHTLY": false,
            "HAVE_SHELL_SERVICE": false,
            "HAVE_USR_LIB64_DIR": false,
            "MENUBAR_CAN_AUTOHIDE": false,
            "MOZILLA_OFFICIAL": true,
            "MOZ_ALLOW_LEGACY_EXTENSIONS": false,
            "MOZ_ANDROID_ACTIVITY_STREAM": false,
            "MOZ_ANDROID_HISTORY": true,
            "MOZ_ANDROID_MOZILLA_ONLINE": false,
            "MOZ_APP_NAME": "fennec",
            "MOZ_APP_VERSION": "68.1.1",
            "MOZ_APP_VERSION_DISPLAY": "68.1.1",
            "MOZ_BING_API_CLIENTID": "no-bing-api-clientid",
            "MOZ_BING_API_KEY": "no-bing-api-key",
            "MOZ_BITS_DOWNLOAD": false,
            "MOZ_BUILD_APP": "mobile/android",
            "MOZ_CODE_COVERAGE": false,
            "MOZ_CRASHREPORTER": true,
            "MOZ_DATA_REPORTING": true,
            "MOZ_DEV_EDITION": false,
            "MOZ_GECKO_PROFILER": true,
            "MOZ_GOOGLE_LOCATION_SERVICE_API_KEY": "AIzaSyB2h2OuRcUgy5N-5hsZqiPW6sH3n_rptiQ",
            "MOZ_GOOGLE_SAFEBROWSING_API_KEY": "AIzaSyC7jsptDS3am4tPx4r3nxis7IMjBc5Dovo",
            "MOZ_GRAPHENE": false,
            "MOZ_MACBUNDLE_NAME": "Firefox.app",
            "MOZ_MAINTENANCE_SERVICE": false,
            "MOZ_MOZILLA_API_KEY": "3b4d27dd-703d-4094-8398-4de2c763505a",
            "MOZ_NEW_CERT_STORAGE": false,
            "MOZ_NEW_NOTIFICATION_STORE": false,
            "MOZ_NEW_XULSTORE": false,
            "MOZ_OFFICIAL_BRANDING": false,
            "MOZ_PLACES": false,
            "MOZ_REQUIRE_SIGNING": false,
            "MOZ_SANDBOX": false,
            "MOZ_SERVICES_HEALTHREPORT": true,
            "MOZ_SERVICES_SYNC": false,
            "MOZ_SWITCHBOARD": true,
            "MOZ_SYSTEM_NSS": false,
            "MOZ_TELEMETRY_ON_BY_DEFAULT": false,
            "MOZ_TELEMETRY_REPORTING": true,
            "MOZ_UNSIGNED_SCOPES": 0,
            "MOZ_UPDATER": false,
            "MOZ_UPDATE_CHANNEL": "release",
            "MOZ_WEBRTC": true,
            "MOZ_WIDGET_GTK": false,
            "MOZ_WIDGET_TOOLKIT": "android",
            "NIGHTLY_BUILD": false,
            "OMNIJAR_NAME": "assets/omni.ja",
            "RELEASE_OR_BETA": true,
            "SOURCE_REVISION_URL": "https://hg.mozilla.org/releases/mozilla-esr68/rev/d2e0b9e17b9bc1ef02606c8006b73293f7892ad5",
            "TELEMETRY_PING_FORMAT_VERSION": 4,
            "XP_UNIX": true,
            "isPlatformAndVersionAtLeast": {},
            "isPlatformAndVersionAtMost": {},
            "platform": "android"
          },
          "userAgent": "Mozilla/5.0 (Android 9; Mobile; rv:68.0) Gecko/68.0 Firefox/68.0",
          "windowSize": "360x612"
        },
        "pageinfo": {
          "documentHeight": 1508,
          "documentSize": {
            "decodedBodySize": 180964,
            "encodedBodySize": 35009,
            "transferSize": 35607
          },
          "documentTitle": "NAVER",
          "documentWidth": 360,
          "domElements": 6806,
          "navigationStartTime": 1617112016239,
          "nextHopProtocol": "h2",
          "resources": {
            "count": 0,
            "duration": 0
          },
          "responsive": true,
          "url": "https://m.naver.com/",
          "visualElements": {
            "heroes": [
              {
                "filename": "47cb53aadc09cc68a840_20210330103046847.png",
                "height": 77,
                "name": "LargestImage",
                "width": 360,
                "x": 0,
                "y": 399
              },
              {
                "filename": null,
                "height": 114,
                "name": "Heading",
                "width": 360,
                "x": 0,
                "y": 0
              }
            ],
            "viewport": {
              "height": 612,
              "width": 360
            }
          }
        },
        "timings": {
          "firstPaint": 3303,
          "loadEventEnd": 3786,
          "navigationTiming": {
            "connectStart": 965,
            "domComplete": 3778,
            "domContentLoadedEventEnd": 3406,
            "domContentLoadedEventStart": 3397,
            "domInteractive": 3296,
            "domainLookupEnd": 965,
            "domainLookupStart": 964,
            "duration": 3786,
            "fetchStart": 921,
            "loadEventEnd": 3786,
            "loadEventStart": 3778,
            "redirectEnd": 916,
            "redirectStart": 3,
            "requestStart": 973,
            "responseEnd": 1185,
            "responseStart": 1167,
            "secureConnectionStart": 0,
            "startTime": 0,
            "unloadEventEnd": 0,
            "unloadEventStart": 0,
            "workerStart": 0
          },
          "pageTimings": {
            "backEndTime": 1167,
            "domContentLoadedTime": 3397,
            "domInteractiveTime": 3296,
            "domainLookupTime": 0,
            "frontEndTime": 2594,
            "pageDownloadTime": 18,
            "pageLoadTime": 3778,
            "redirectionTime": 913,
            "serverConnectionTime": 0,
            "serverResponseTime": 211
          },
          "rumSpeedIndex": 1166,
          "timeToContentfulPaint": 3482,
          "timeToDomContentFlushed": 3296,
          "userTimings": {
            "marks": [],
            "measures": []
          }
        }
      },
      {
        "browser": {
          "appConstants": {
            "ACCESSIBILITY": true,
            "ANDROID_PACKAGE_NAME": "org.mozilla.firefox",
            "ASAN": false,
            "ASAN_REPORTER": false,
            "BROWSER_CHROME_URL": "chrome://browser/content/browser.xul",
            "DEBUG": false,
            "DEBUG_JS_MODULES": "",
            "DLL_PREFIX": "lib",
            "DLL_SUFFIX": ".so",
            "EARLY_BETA_OR_EARLIER": false,
            "FENNEC_NIGHTLY": false,
            "HAVE_SHELL_SERVICE": false,
            "HAVE_USR_LIB64_DIR": false,
            "MENUBAR_CAN_AUTOHIDE": false,
            "MOZILLA_OFFICIAL": true,
            "MOZ_ALLOW_LEGACY_EXTENSIONS": false,
            "MOZ_ANDROID_ACTIVITY_STREAM": false,
            "MOZ_ANDROID_HISTORY": true,
            "MOZ_ANDROID_MOZILLA_ONLINE": false,
            "MOZ_APP_NAME": "fennec",
            "MOZ_APP_VERSION": "68.1.1",
            "MOZ_APP_VERSION_DISPLAY": "68.1.1",
            "MOZ_BING_API_CLIENTID": "no-bing-api-clientid",
            "MOZ_BING_API_KEY": "no-bing-api-key",
            "MOZ_BITS_DOWNLOAD": false,
            "MOZ_BUILD_APP": "mobile/android",
            "MOZ_CODE_COVERAGE": false,
            "MOZ_CRASHREPORTER": true,
            "MOZ_DATA_REPORTING": true,
            "MOZ_DEV_EDITION": false,
            "MOZ_GECKO_PROFILER": true,
            "MOZ_GOOGLE_LOCATION_SERVICE_API_KEY": "AIzaSyB2h2OuRcUgy5N-5hsZqiPW6sH3n_rptiQ",
            "MOZ_GOOGLE_SAFEBROWSING_API_KEY": "AIzaSyC7jsptDS3am4tPx4r3nxis7IMjBc5Dovo",
            "MOZ_GRAPHENE": false,
            "MOZ_MACBUNDLE_NAME": "Firefox.app",
            "MOZ_MAINTENANCE_SERVICE": false,
            "MOZ_MOZILLA_API_KEY": "3b4d27dd-703d-4094-8398-4de2c763505a",
            "MOZ_NEW_CERT_STORAGE": false,
            "MOZ_NEW_NOTIFICATION_STORE": false,
            "MOZ_NEW_XULSTORE": false,
            "MOZ_OFFICIAL_BRANDING": false,
            "MOZ_PLACES": false,
            "MOZ_REQUIRE_SIGNING": false,
            "MOZ_SANDBOX": false,
            "MOZ_SERVICES_HEALTHREPORT": true,
            "MOZ_SERVICES_SYNC": false,
            "MOZ_SWITCHBOARD": true,
            "MOZ_SYSTEM_NSS": false,
            "MOZ_TELEMETRY_ON_BY_DEFAULT": false,
            "MOZ_TELEMETRY_REPORTING": true,
            "MOZ_UNSIGNED_SCOPES": 0,
            "MOZ_UPDATER": false,
            "MOZ_UPDATE_CHANNEL": "release",
            "MOZ_WEBRTC": true,
            "MOZ_WIDGET_GTK": false,
            "MOZ_WIDGET_TOOLKIT": "android",
            "NIGHTLY_BUILD": false,
            "OMNIJAR_NAME": "assets/omni.ja",
            "RELEASE_OR_BETA": true,
            "SOURCE_REVISION_URL": "https://hg.mozilla.org/releases/mozilla-esr68/rev/d2e0b9e17b9bc1ef02606c8006b73293f7892ad5",
            "TELEMETRY_PING_FORMAT_VERSION": 4,
            "XP_UNIX": true,
            "isPlatformAndVersionAtLeast": {},
            "isPlatformAndVersionAtMost": {},
            "platform": "android"
          },
          "asyncAppConstants": {
            "ACCESSIBILITY": true,
            "ANDROID_PACKAGE_NAME": "org.mozilla.firefox",
            "ASAN": false,
            "ASAN_REPORTER": false,
            "BROWSER_CHROME_URL": "chrome://browser/content/browser.xul",
            "DEBUG": false,
            "DEBUG_JS_MODULES": "",
            "DLL_PREFIX": "lib",
            "DLL_SUFFIX": ".so",
            "EARLY_BETA_OR_EARLIER": false,
            "FENNEC_NIGHTLY": false,
            "HAVE_SHELL_SERVICE": false,
            "HAVE_USR_LIB64_DIR": false,
            "MENUBAR_CAN_AUTOHIDE": false,
            "MOZILLA_OFFICIAL": true,
            "MOZ_ALLOW_LEGACY_EXTENSIONS": false,
            "MOZ_ANDROID_ACTIVITY_STREAM": false,
            "MOZ_ANDROID_HISTORY": true,
            "MOZ_ANDROID_MOZILLA_ONLINE": false,
            "MOZ_APP_NAME": "fennec",
            "MOZ_APP_VERSION": "68.1.1",
            "MOZ_APP_VERSION_DISPLAY": "68.1.1",
            "MOZ_BING_API_CLIENTID": "no-bing-api-clientid",
            "MOZ_BING_API_KEY": "no-bing-api-key",
            "MOZ_BITS_DOWNLOAD": false,
            "MOZ_BUILD_APP": "mobile/android",
            "MOZ_CODE_COVERAGE": false,
            "MOZ_CRASHREPORTER": true,
            "MOZ_DATA_REPORTING": true,
            "MOZ_DEV_EDITION": false,
            "MOZ_GECKO_PROFILER": true,
            "MOZ_GOOGLE_LOCATION_SERVICE_API_KEY": "AIzaSyB2h2OuRcUgy5N-5hsZqiPW6sH3n_rptiQ",
            "MOZ_GOOGLE_SAFEBROWSING_API_KEY": "AIzaSyC7jsptDS3am4tPx4r3nxis7IMjBc5Dovo",
            "MOZ_GRAPHENE": false,
            "MOZ_MACBUNDLE_NAME": "Firefox.app",
            "MOZ_MAINTENANCE_SERVICE": false,
            "MOZ_MOZILLA_API_KEY": "3b4d27dd-703d-4094-8398-4de2c763505a",
            "MOZ_NEW_CERT_STORAGE": false,
            "MOZ_NEW_NOTIFICATION_STORE": false,
            "MOZ_NEW_XULSTORE": false,
            "MOZ_OFFICIAL_BRANDING": false,
            "MOZ_PLACES": false,
            "MOZ_REQUIRE_SIGNING": false,
            "MOZ_SANDBOX": false,
            "MOZ_SERVICES_HEALTHREPORT": true,
            "MOZ_SERVICES_SYNC": false,
            "MOZ_SWITCHBOARD": true,
            "MOZ_SYSTEM_NSS": false,
            "MOZ_TELEMETRY_ON_BY_DEFAULT": false,
            "MOZ_TELEMETRY_REPORTING": true,
            "MOZ_UNSIGNED_SCOPES": 0,
            "MOZ_UPDATER": false,
            "MOZ_UPDATE_CHANNEL": "release",
            "MOZ_WEBRTC": true,
            "MOZ_WIDGET_GTK": false,
            "MOZ_WIDGET_TOOLKIT": "android",
            "NIGHTLY_BUILD": false,
            "OMNIJAR_NAME": "assets/omni.ja",
            "RELEASE_OR_BETA": true,
            "SOURCE_REVISION_URL": "https://hg.mozilla.org/releases/mozilla-esr68/rev/d2e0b9e17b9bc1ef02606c8006b73293f7892ad5",
            "TELEMETRY_PING_FORMAT_VERSION": 4,
            "XP_UNIX": true,
            "isPlatformAndVersionAtLeast": {},
            "isPlatformAndVersionAtMost": {},
            "platform": "android"
          },
          "userAgent": "Mozilla/5.0 (Android 9; Mobile; rv:68.0) Gecko/68.0 Firefox/68.0",
          "windowSize": "360x612"
        },
        "pageinfo": {
          "documentHeight": 1508,
          "documentSize": {
            "decodedBodySize": 180949,
            "encodedBodySize": 35012,
            "transferSize": 35610
          },
          "documentTitle": "NAVER",
          "documentWidth": 360,
          "domElements": 6818,
          "navigationStartTime": 1617112034256,
          "nextHopProtocol": "h2",
          "resources": {
            "count": 0,
            "duration": 0
          },
          "responsive": true,
          "url": "https://m.naver.com/",
          "visualElements": {
            "heroes": [
              {
                "filename": "47cb53aadc09cc68a840_20210330103046847.png",
                "height": 77,
                "name": "LargestImage",
                "width": 360,
                "x": 0,
                "y": 399
              },
              {
                "filename": null,
                "height": 114,
                "name": "Heading",
                "width": 360,
                "x": 0,
                "y": 0
              }
            ],
            "viewport": {
              "height": 612,
              "width": 360
            }
          }
        },
        "timings": {
          "firstPaint": 3067,
          "loadEventEnd": 3578,
          "navigationTiming": {
            "connectStart": 798,
            "domComplete": 3572,
            "domContentLoadedEventEnd": 3164,
            "domContentLoadedEventStart": 3157,
            "domInteractive": 3055,
            "domainLookupEnd": 797,
            "domainLookupStart": 797,
            "duration": 3578,
            "fetchStart": 753,
            "loadEventEnd": 3578,
            "loadEventStart": 3572,
            "redirectEnd": 747,
            "redirectStart": 2,
            "requestStart": 806,
            "responseEnd": 1050,
            "responseStart": 1017,
            "secureConnectionStart": 0,
            "startTime": 0,
            "unloadEventEnd": 0,
            "unloadEventStart": 0,
            "workerStart": 0
          },
          "pageTimings": {
            "backEndTime": 1017,
            "domContentLoadedTime": 3157,
            "domInteractiveTime": 3055,
            "domainLookupTime": 0,
            "frontEndTime": 2522,
            "pageDownloadTime": 32,
            "pageLoadTime": 3572,
            "redirectionTime": 745,
            "serverConnectionTime": 0,
            "serverResponseTime": 244
          },
          "rumSpeedIndex": 1017,
          "timeToContentfulPaint": 3248,
          "timeToDomContentFlushed": 3055,
          "userTimings": {
            "marks": [],
            "measures": []
          }
        }
      }
    ],
    "visualMetrics": [],
    "cpu": [],
    "extras": [
      {},
      {},
      {}
    ],
    "fullyLoaded": [],
    "errors": [
      [],
      [],
      []
    ],
    "statistics": {
      "browser": {
        "appConstants": {
          "MOZ_UNSIGNED_SCOPES": {
            "median": 0,
            "mean": 0,
            "mdev": 0,
            "stddev": 0,
            "min": 0,
            "p10": 0,
            "p90": 0,
            "p99": 0,
            "max": 0
          },
          "TELEMETRY_PING_FORMAT_VERSION": {
            "median": 4,
            "mean": 4,
            "mdev": 0,
            "stddev": 0,
            "min": 4,
            "p10": 4,
            "p90": 4,
            "p99": 4,
            "max": 4
          }
        },
        "asyncAppConstants": {
          "MOZ_UNSIGNED_SCOPES": {
            "median": 0,
            "mean": 0,
            "mdev": 0,
            "stddev": 0,
            "min": 0,
            "p10": 0,
            "p90": 0,
            "p99": 0,
            "max": 0
          },
          "TELEMETRY_PING_FORMAT_VERSION": {
            "median": 4,
            "mean": 4,
            "mdev": 0,
            "stddev": 0,
            "min": 4,
            "p10": 4,
            "p90": 4,
            "p99": 4,
            "max": 4
          }
        }
      },
      "pageinfo": {
        "documentHeight": {
          "median": 1508,
          "mean": 1508,
          "mdev": 0,
          "stddev": 0,
          "min": 1508,
          "p10": 1508,
          "p90": 1508,
          "p99": 1508,
          "max": 1508
        },
        "documentSize": {
          "decodedBodySize": {
            "median": 180956,
            "mean": 180956,
            "mdev": 3.5382,
            "stddev": 6,
            "min": 180949,
            "p10": 180949,
            "p90": 180964,
            "p99": 180964,
            "max": 180964
          },
          "encodedBodySize": {
            "median": 35012,
            "mean": 35019,
            "mdev": 6.9761,
            "stddev": 12,
            "min": 35009,
            "p10": 35009,
            "p90": 35036,
            "p99": 35036,
            "max": 35036
          },
          "transferSize": {
            "median": 35610,
            "mean": 35617,
            "mdev": 6.9761,
            "stddev": 12,
            "min": 35607,
            "p10": 35607,
            "p90": 35634,
            "p99": 35634,
            "max": 35634
          }
        },
        "documentWidth": {
          "median": 360,
          "mean": 360,
          "mdev": 0,
          "stddev": 0,
          "min": 360,
          "p10": 360,
          "p90": 360,
          "p99": 360,
          "max": 360
        },
        "domElements": {
          "median": 6812,
          "mean": 6812,
          "mdev": 2.8284,
          "stddev": 5,
          "min": 6806,
          "p10": 6806,
          "p90": 6818,
          "p99": 6818,
          "max": 6818
        },
        "navigationStartTime": {
          "median": 1617112016239,
          "mean": 1617112016222,
          "mdev": 0,
          "stddev": 0,
          "min": 1617111998172,
          "p10": 1617111998172,
          "p90": 1617112034256,
          "p99": 1617112034256,
          "max": 1617112034256
        },
        "resources": {
          "count": {
            "median": 0,
            "mean": 0,
            "mdev": 0,
            "stddev": 0,
            "min": 0,
            "p10": 0,
            "p90": 0,
            "p99": 0,
            "max": 0
          },
          "duration": {
            "median": 0,
            "mean": 0,
            "mdev": 0,
            "stddev": 0,
            "min": 0,
            "p10": 0,
            "p90": 0,
            "p99": 0,
            "max": 0
          }
        },
        "visualElements": {
          "heroes": [
            {
              "height": {
                "median": 77,
                "mean": 77,
                "mdev": 0,
                "stddev": 0,
                "min": 77,
                "p10": 77,
                "p90": 77,
                "p99": 77,
                "max": 77
              },
              "width": {
                "median": 360,
                "mean": 360,
                "mdev": 0,
                "stddev": 0,
                "min": 360,
                "p10": 360,
                "p90": 360,
                "p99": 360,
                "max": 360
              },
              "x": {
                "median": 0,
                "mean": 0,
                "mdev": 0,
                "stddev": 0,
                "min": 0,
                "p10": 0,
                "p90": 0,
                "p99": 0,
                "max": 0
              },
              "y": {
                "median": 399,
                "mean": 399,
                "mdev": 0,
                "stddev": 0,
                "min": 399,
                "p10": 399,
                "p90": 399,
                "p99": 399,
                "max": 399
              }
            },
            {
              "height": {
                "median": 114,
                "mean": 114,
                "mdev": 0,
                "stddev": 0,
                "min": 114,
                "p10": 114,
                "p90": 114,
                "p99": 114,
                "max": 114
              },
              "width": {
                "median": 360,
                "mean": 360,
                "mdev": 0,
                "stddev": 0,
                "min": 360,
                "p10": 360,
                "p90": 360,
                "p99": 360,
                "max": 360
              },
              "x": {
                "median": 0,
                "mean": 0,
                "mdev": 0,
                "stddev": 0,
                "min": 0,
                "p10": 0,
                "p90": 0,
                "p99": 0,
                "max": 0
              },
              "y": {
                "median": 0,
                "mean": 0,
                "mdev": 0,
                "stddev": 0,
                "min": 0,
                "p10": 0,
                "p90": 0,
                "p99": 0,
                "max": 0
              }
            }
          ],
          "viewport": {
            "height": {
              "median": 612,
              "mean": 612,
              "mdev": 0,
              "stddev": 0,
              "min": 612,
              "p10": 612,
              "p90": 612,
              "p99": 612,
              "max": 612
            },
            "width": {
              "median": 360,
              "mean": 360,
              "mdev": 0,
              "stddev": 0,
              "min": 360,
              "p10": 360,
              "p90": 360,
              "p99": 360,
              "max": 360
            }
          }
        }
      },
      "timings": {
        "firstPaint": {
          "median": 3303,
          "mean": 3235,
          "mdev": 68.9992,
          "stddev": 120,
          "min": 3067,
          "p10": 3067,
          "p90": 3335,
          "p99": 3335,
          "max": 3335
        },
        "loadEventEnd": {
          "median": 3786,
          "mean": 3724,
          "mdev": 59.9858,
          "stddev": 104,
          "min": 3578,
          "p10": 3578,
          "p90": 3809,
          "p99": 3809,
          "max": 3809
        },
        "navigationTiming": {
          "connectStart": {
            "median": 798,
            "mean": 832,
            "mdev": 56.6124,
            "stddev": 98,
            "min": 732,
            "p10": 732,
            "p90": 965,
            "p99": 965,
            "max": 965
          },
          "domComplete": {
            "median": 3778,
            "mean": 3717,
            "mdev": 59.4437,
            "stddev": 103,
            "min": 3572,
            "p10": 3572,
            "p90": 3801,
            "p99": 3801,
            "max": 3801
          },
          "domContentLoadedEventEnd": {
            "median": 3406,
            "mean": 3336,
            "mdev": 70.7834,
            "stddev": 123,
            "min": 3164,
            "p10": 3164,
            "p90": 3439,
            "p99": 3439,
            "max": 3439
          },
          "domContentLoadedEventStart": {
            "median": 3397,
            "mean": 3328,
            "mdev": 70.2424,
            "stddev": 122,
            "min": 3157,
            "p10": 3157,
            "p90": 3430,
            "p99": 3430,
            "max": 3430
          },
          "domInteractive": {
            "median": 3296,
            "mean": 3227,
            "mdev": 70.5129,
            "stddev": 122,
            "min": 3055,
            "p10": 3055,
            "p90": 3329,
            "p99": 3329,
            "max": 3329
          },
          "domainLookupEnd": {
            "median": 797,
            "mean": 831,
            "mdev": 56.8741,
            "stddev": 99,
            "min": 731,
            "p10": 731,
            "p90": 965,
            "p99": 965,
            "max": 965
          },
          "domainLookupStart": {
            "median": 797,
            "mean": 831,
            "mdev": 56.6124,
            "stddev": 98,
            "min": 731,
            "p10": 731,
            "p90": 964,
            "p99": 964,
            "max": 964
          },
          "duration": {
            "median": 3786,
            "mean": 3724,
            "mdev": 59.9858,
            "stddev": 104,
            "min": 3578,
            "p10": 3578,
            "p90": 3809,
            "p99": 3809,
            "max": 3809
          },
          "fetchStart": {
            "median": 753,
            "mean": 787,
            "mdev": 56.6791,
            "stddev": 98,
            "min": 688,
            "p10": 688,
            "p90": 921,
            "p99": 921,
            "max": 921
          },
          "loadEventEnd": {
            "median": 3786,
            "mean": 3724,
            "mdev": 59.9858,
            "stddev": 104,
            "min": 3578,
            "p10": 3578,
            "p90": 3809,
            "p99": 3809,
            "max": 3809
          },
          "loadEventStart": {
            "median": 3778,
            "mean": 3717,
            "mdev": 59.4437,
            "stddev": 103,
            "min": 3572,
            "p10": 3572,
            "p90": 3801,
            "p99": 3801,
            "max": 3801
          },
          "redirectEnd": {
            "median": 747,
            "mean": 782,
            "mdev": 56.747,
            "stddev": 98,
            "min": 683,
            "p10": 683,
            "p90": 916,
            "p99": 916,
            "max": 916
          },
          "redirectStart": {
            "median": 2,
            "mean": 2,
            "mdev": 0.2722,
            "stddev": 0,
            "min": 2,
            "p10": 2,
            "p90": 3,
            "p99": 3,
            "max": 3
          },
          "requestStart": {
            "median": 806,
            "mean": 840,
            "mdev": 56.2224,
            "stddev": 97,
            "min": 742,
            "p10": 742,
            "p90": 973,
            "p99": 973,
            "max": 973
          },
          "responseEnd": {
            "median": 1142,
            "mean": 1126,
            "mdev": 32.511,
            "stddev": 56,
            "min": 1050,
            "p10": 1050,
            "p90": 1185,
            "p99": 1185,
            "max": 1185
          },
          "responseStart": {
            "median": 1125,
            "mean": 1103,
            "mdev": 36.4783,
            "stddev": 63,
            "min": 1017,
            "p10": 1017,
            "p90": 1167,
            "p99": 1167,
            "max": 1167
          },
          "secureConnectionStart": {
            "median": 0,
            "mean": 0,
            "mdev": 0,
            "stddev": 0,
            "min": 0,
            "p10": 0,
            "p90": 0,
            "p99": 0,
            "max": 0
          },
          "startTime": {
            "median": 0,
            "mean": 0,
            "mdev": 0,
            "stddev": 0,
            "min": 0,
            "p10": 0,
            "p90": 0,
            "p99": 0,
            "max": 0
          },
          "unloadEventEnd": {
            "median": 0,
            "mean": 0,
            "mdev": 0,
            "stddev": 0,
            "min": 0,
            "p10": 0,
            "p90": 0,
            "p99": 0,
            "max": 0
          },
          "unloadEventStart": {
            "median": 0,
            "mean": 0,
            "mdev": 0,
            "stddev": 0,
            "min": 0,
            "p10": 0,
            "p90": 0,
            "p99": 0,
            "max": 0
          },
          "workerStart": {
            "median": 0,
            "mean": 0,
            "mdev": 0,
            "stddev": 0,
            "min": 0,
            "p10": 0,
            "p90": 0,
            "p99": 0,
            "max": 0
          }
        },
        "pageTimings": {
          "backEndTime": {
            "median": 1125,
            "mean": 1103,
            "mdev": 36.4783,
            "stddev": 63,
            "min": 1017,
            "p10": 1017,
            "p90": 1167,
            "p99": 1167,
            "max": 1167
          },
          "domContentLoadedTime": {
            "median": 3397,
            "mean": 3328,
            "mdev": 70.2424,
            "stddev": 122,
            "min": 3157,
            "p10": 3157,
            "p90": 3430,
            "p99": 3430,
            "max": 3430
          },
          "domInteractiveTime": {
            "median": 3296,
            "mean": 3227,
            "mdev": 70.5129,
            "stddev": 122,
            "min": 3055,
            "p10": 3055,
            "p90": 3329,
            "p99": 3329,
            "max": 3329
          },
          "domainLookupTime": {
            "median": 0,
            "mean": 0,
            "mdev": 0,
            "stddev": 0,
            "min": 0,
            "p10": 0,
            "p90": 0,
            "p99": 0,
            "max": 0
          },
          "frontEndTime": {
            "median": 2594,
            "mean": 2592,
            "mdev": 32.3053,
            "stddev": 56,
            "min": 2522,
            "p10": 2522,
            "p90": 2659,
            "p99": 2659,
            "max": 2659
          },
          "pageDownloadTime": {
            "median": 18,
            "mean": 22,
            "mdev": 3.9534,
            "stddev": 7,
            "min": 17,
            "p10": 17,
            "p90": 32,
            "p99": 32,
            "max": 32
          },
          "pageLoadTime": {
            "median": 3778,
            "mean": 3717,
            "mdev": 59.4437,
            "stddev": 103,
            "min": 3572,
            "p10": 3572,
            "p90": 3801,
            "p99": 3801,
            "max": 3801
          },
          "redirectionTime": {
            "median": 745,
            "mean": 779,
            "mdev": 56.6791,
            "stddev": 98,
            "min": 680,
            "p10": 680,
            "p90": 913,
            "p99": 913,
            "max": 913
          },
          "serverConnectionTime": {
            "median": 0,
            "mean": 0,
            "mdev": 0,
            "stddev": 0,
            "min": 0,
            "p10": 0,
            "p90": 0,
            "p99": 0,
            "max": 0
          },
          "serverResponseTime": {
            "median": 244,
            "mean": 285,
            "mdev": 47.5885,
            "stddev": 82,
            "min": 211,
            "p10": 211,
            "p90": 400,
            "p99": 400,
            "max": 400
          }
        },
        "rumSpeedIndex": {
          "median": 1124,
          "mean": 1102,
          "mdev": 36.2164,
          "stddev": 63,
          "min": 1017,
          "p10": 1017,
          "p90": 1166,
          "p99": 1166,
          "max": 1166
        },
        "timeToContentfulPaint": {
          "median": 3482,
          "mean": 3414,
          "mdev": 68.2973,
          "stddev": 118,
          "min": 3248,
          "p10": 3248,
          "p90": 3513,
          "p99": 3513,
          "max": 3513
        },
        "timeToDomContentFlushed": {
          "median": 3296,
          "mean": 3227,
          "mdev": 70.5129,
          "stddev": 122,
          "min": 3055,
          "p10": 3055,
          "p90": 3329,
          "p99": 3329,
          "max": 3329
        }
      }
    }
  }
]