[
  {
    "info": {
      "browsertime": {
        "version": "8.4.0"
      },
      "url": "https://www.mozilla.org/en-US/",
      "timestamp": "2021-03-30T23:07:50+04:00",
      "connectivity": {
        "engine": "external",
        "profile": "native"
      },
      "extra": {}
    },
    "files": {
      "video": [],
      "screenshot": [],
      "timeline": [],
      "consoleLog": [],
      "netLog": [],
      "perfLog": []
    },
    "cdp": {
      "performance": []
    },
    "timestamps": [
      "2021-03-30T23:07:40+04:00",
      "2021-03-30T23:07:56+04:00",
      "2021-03-30T23:08:12+04:00"
    ],
    "browserScripts": [
      {
        "browser": {
          "appConstants": {
            "ACCESSIBILITY": true,
            "ANDROID_PACKAGE_NAME": "org.mozilla.firefox",
            "ASAN": false,
            "ASAN_REPORTER": false,
            "BROWSER_CHROME_URL": "chrome://browser/content/browser.xul",
            "DEBUG": false,
            "DEBUG_JS_MODULES": "",
            "DLL_PREFIX": "lib",
            "DLL_SUFFIX": ".so",
            "EARLY_BETA_OR_EARLIER": false,
            "FENNEC_NIGHTLY": false,
            "HAVE_SHELL_SERVICE": false,
            "HAVE_USR_LIB64_DIR": false,
            "MENUBAR_CAN_AUTOHIDE": false,
            "MOZILLA_OFFICIAL": true,
            "MOZ_ALLOW_LEGACY_EXTENSIONS": false,
            "MOZ_ANDROID_ACTIVITY_STREAM": false,
            "MOZ_ANDROID_HISTORY": true,
            "MOZ_ANDROID_MOZILLA_ONLINE": false,
            "MOZ_APP_NAME": "fennec",
            "MOZ_APP_VERSION": "68.1.1",
            "MOZ_APP_VERSION_DISPLAY": "68.1.1",
            "MOZ_BING_API_CLIENTID": "no-bing-api-clientid",
            "MOZ_BING_API_KEY": "no-bing-api-key",
            "MOZ_BITS_DOWNLOAD": false,
            "MOZ_BUILD_APP": "mobile/android",
            "MOZ_CODE_COVERAGE": false,
            "MOZ_CRASHREPORTER": true,
            "MOZ_DATA_REPORTING": true,
            "MOZ_DEV_EDITION": false,
            "MOZ_GECKO_PROFILER": true,
            "MOZ_GOOGLE_LOCATION_SERVICE_API_KEY": "AIzaSyB2h2OuRcUgy5N-5hsZqiPW6sH3n_rptiQ",
            "MOZ_GOOGLE_SAFEBROWSING_API_KEY": "AIzaSyC7jsptDS3am4tPx4r3nxis7IMjBc5Dovo",
            "MOZ_GRAPHENE": false,
            "MOZ_MACBUNDLE_NAME": "Firefox.app",
            "MOZ_MAINTENANCE_SERVICE": false,
            "MOZ_MOZILLA_API_KEY": "3b4d27dd-703d-4094-8398-4de2c763505a",
            "MOZ_NEW_CERT_STORAGE": false,
            "MOZ_NEW_NOTIFICATION_STORE": false,
            "MOZ_NEW_XULSTORE": false,
            "MOZ_OFFICIAL_BRANDING": false,
            "MOZ_PLACES": false,
            "MOZ_REQUIRE_SIGNING": false,
            "MOZ_SANDBOX": false,
            "MOZ_SERVICES_HEALTHREPORT": true,
            "MOZ_SERVICES_SYNC": false,
            "MOZ_SWITCHBOARD": true,
            "MOZ_SYSTEM_NSS": false,
            "MOZ_TELEMETRY_ON_BY_DEFAULT": false,
            "MOZ_TELEMETRY_REPORTING": true,
            "MOZ_UNSIGNED_SCOPES": 0,
            "MOZ_UPDATER": false,
            "MOZ_UPDATE_CHANNEL": "release",
            "MOZ_WEBRTC": true,
            "MOZ_WIDGET_GTK": false,
            "MOZ_WIDGET_TOOLKIT": "android",
            "NIGHTLY_BUILD": false,
            "OMNIJAR_NAME": "assets/omni.ja",
            "RELEASE_OR_BETA": true,
            "SOURCE_REVISION_URL": "https://hg.mozilla.org/releases/mozilla-esr68/rev/d2e0b9e17b9bc1ef02606c8006b73293f7892ad5",
            "TELEMETRY_PING_FORMAT_VERSION": 4,
            "XP_UNIX": true,
            "isPlatformAndVersionAtLeast": {},
            "isPlatformAndVersionAtMost": {},
            "platform": "android"
          },
          "asyncAppConstants": {
            "ACCESSIBILITY": true,
            "ANDROID_PACKAGE_NAME": "org.mozilla.firefox",
            "ASAN": false,
            "ASAN_REPORTER": false,
            "BROWSER_CHROME_URL": "chrome://browser/content/browser.xul",
            "DEBUG": false,
            "DEBUG_JS_MODULES": "",
            "DLL_PREFIX": "lib",
            "DLL_SUFFIX": ".so",
            "EARLY_BETA_OR_EARLIER": false,
            "FENNEC_NIGHTLY": false,
            "HAVE_SHELL_SERVICE": false,
            "HAVE_USR_LIB64_DIR": false,
            "MENUBAR_CAN_AUTOHIDE": false,
            "MOZILLA_OFFICIAL": true,
            "MOZ_ALLOW_LEGACY_EXTENSIONS": false,
            "MOZ_ANDROID_ACTIVITY_STREAM": false,
            "MOZ_ANDROID_HISTORY": true,
            "MOZ_ANDROID_MOZILLA_ONLINE": false,
            "MOZ_APP_NAME": "fennec",
            "MOZ_APP_VERSION": "68.1.1",
            "MOZ_APP_VERSION_DISPLAY": "68.1.1",
            "MOZ_BING_API_CLIENTID": "no-bing-api-clientid",
            "MOZ_BING_API_KEY": "no-bing-api-key",
            "MOZ_BITS_DOWNLOAD": false,
            "MOZ_BUILD_APP": "mobile/android",
            "MOZ_CODE_COVERAGE": false,
            "MOZ_CRASHREPORTER": true,
            "MOZ_DATA_REPORTING": true,
            "MOZ_DEV_EDITION": false,
            "MOZ_GECKO_PROFILER": true,
            "MOZ_GOOGLE_LOCATION_SERVICE_API_KEY": "AIzaSyB2h2OuRcUgy5N-5hsZqiPW6sH3n_rptiQ",
            "MOZ_GOOGLE_SAFEBROWSING_API_KEY": "AIzaSyC7jsptDS3am4tPx4r3nxis7IMjBc5Dovo",
            "MOZ_GRAPHENE": false,
            "MOZ_MACBUNDLE_NAME": "Firefox.app",
            "MOZ_MAINTENANCE_SERVICE": false,
            "MOZ_MOZILLA_API_KEY": "3b4d27dd-703d-4094-8398-4de2c763505a",
            "MOZ_NEW_CERT_STORAGE": false,
            "MOZ_NEW_NOTIFICATION_STORE": false,
            "MOZ_NEW_XULSTORE": false,
            "MOZ_OFFICIAL_BRANDING": false,
            "MOZ_PLACES": false,
            "MOZ_REQUIRE_SIGNING": false,
            "MOZ_SANDBOX": false,
            "MOZ_SERVICES_HEALTHREPORT": true,
            "MOZ_SERVICES_SYNC": false,
            "MOZ_SWITCHBOARD": true,
            "MOZ_SYSTEM_NSS": false,
            "MOZ_TELEMETRY_ON_BY_DEFAULT": false,
            "MOZ_TELEMETRY_REPORTING": true,
            "MOZ_UNSIGNED_SCOPES": 0,
            "MOZ_UPDATER": false,
            "MOZ_UPDATE_CHANNEL": "release",
            "MOZ_WEBRTC": true,
            "MOZ_WIDGET_GTK": false,
            "MOZ_WIDGET_TOOLKIT": "android",
            "NIGHTLY_BUILD": false,
            "OMNIJAR_NAME": "assets/omni.ja",
            "RELEASE_OR_BETA": true,
            "SOURCE_REVISION_URL": "https://hg.mozilla.org/releases/mozilla-esr68/rev/d2e0b9e17b9bc1ef02606c8006b73293f7892ad5",
            "TELEMETRY_PING_FORMAT_VERSION": 4,
            "XP_UNIX": true,
            "isPlatformAndVersionAtLeast": {},
            "isPlatformAndVersionAtMost": {},
            "platform": "android"
          },
          "userAgent": "Mozilla/5.0 (Android 9; Mobile; rv:68.0) Gecko/68.0 Firefox/68.0",
          "windowSize": "360x612"
        },
        "pageinfo": {
          "documentHeight": 11531,
          "documentSize": {
            "decodedBodySize": 124654,
            "encodedBodySize": 21407,
            "transferSize": 23766
          },
          "documentTitle": "Internet for people, not profit — Mozilla",
          "documentWidth": 360,
          "domElements": 1113,
          "navigationStartTime": 1617131261027,
          "nextHopProtocol": "h2",
          "resources": {
            "count": 0,
            "duration": 0
          },
          "responsive": true,
          "url": "https://www.mozilla.org/en-US/",
          "visualElements": {
            "heroes": [
              {
                "filename": "vpn.120da6eca54f.jpg",
                "height": 175,
                "name": "LargestImage",
                "width": 312,
                "x": 24,
                "y": 502
              },
              {
                "filename": null,
                "height": 330,
                "name": "Heading",
                "width": 1,
                "x": -1,
                "y": 221
              }
            ],
            "viewport": {
              "height": 612,
              "width": 360
            }
          }
        },
        "timings": {
          "firstPaint": 1095,
          "loadEventEnd": 2728,
          "navigationTiming": {
            "connectStart": 102,
            "domComplete": 2723,
            "domContentLoadedEventEnd": 1362,
            "domContentLoadedEventStart": 1353,
            "domInteractive": 1347,
            "domainLookupEnd": 101,
            "domainLookupStart": 101,
            "duration": 2728,
            "fetchStart": 2,
            "loadEventEnd": 2728,
            "loadEventStart": 2723,
            "redirectEnd": 0,
            "redirectStart": 0,
            "requestStart": 210,
            "responseEnd": 246,
            "responseStart": 239,
            "secureConnectionStart": 138,
            "startTime": 0,
            "unloadEventEnd": 0,
            "unloadEventStart": 0,
            "workerStart": 0
          },
          "pageTimings": {
            "backEndTime": 239,
            "domContentLoadedTime": 1353,
            "domInteractiveTime": 1347,
            "domainLookupTime": 0,
            "frontEndTime": 2477,
            "pageDownloadTime": 7,
            "pageLoadTime": 2723,
            "redirectionTime": 0,
            "serverConnectionTime": 107,
            "serverResponseTime": 36
          },
          "rumSpeedIndex": 238,
          "timeToContentfulPaint": 1294,
          "timeToDomContentFlushed": 1370,
          "userTimings": {
            "marks": [],
            "measures": []
          }
        }
      },
      {
        "browser": {
          "appConstants": {
            "ACCESSIBILITY": true,
            "ANDROID_PACKAGE_NAME": "org.mozilla.firefox",
            "ASAN": false,
            "ASAN_REPORTER": false,
            "BROWSER_CHROME_URL": "chrome://browser/content/browser.xul",
            "DEBUG": false,
            "DEBUG_JS_MODULES": "",
            "DLL_PREFIX": "lib",
            "DLL_SUFFIX": ".so",
            "EARLY_BETA_OR_EARLIER": false,
            "FENNEC_NIGHTLY": false,
            "HAVE_SHELL_SERVICE": false,
            "HAVE_USR_LIB64_DIR": false,
            "MENUBAR_CAN_AUTOHIDE": false,
            "MOZILLA_OFFICIAL": true,
            "MOZ_ALLOW_LEGACY_EXTENSIONS": false,
            "MOZ_ANDROID_ACTIVITY_STREAM": false,
            "MOZ_ANDROID_HISTORY": true,
            "MOZ_ANDROID_MOZILLA_ONLINE": false,
            "MOZ_APP_NAME": "fennec",
            "MOZ_APP_VERSION": "68.1.1",
            "MOZ_APP_VERSION_DISPLAY": "68.1.1",
            "MOZ_BING_API_CLIENTID": "no-bing-api-clientid",
            "MOZ_BING_API_KEY": "no-bing-api-key",
            "MOZ_BITS_DOWNLOAD": false,
            "MOZ_BUILD_APP": "mobile/android",
            "MOZ_CODE_COVERAGE": false,
            "MOZ_CRASHREPORTER": true,
            "MOZ_DATA_REPORTING": true,
            "MOZ_DEV_EDITION": false,
            "MOZ_GECKO_PROFILER": true,
            "MOZ_GOOGLE_LOCATION_SERVICE_API_KEY": "AIzaSyB2h2OuRcUgy5N-5hsZqiPW6sH3n_rptiQ",
            "MOZ_GOOGLE_SAFEBROWSING_API_KEY": "AIzaSyC7jsptDS3am4tPx4r3nxis7IMjBc5Dovo",
            "MOZ_GRAPHENE": false,
            "MOZ_MACBUNDLE_NAME": "Firefox.app",
            "MOZ_MAINTENANCE_SERVICE": false,
            "MOZ_MOZILLA_API_KEY": "3b4d27dd-703d-4094-8398-4de2c763505a",
            "MOZ_NEW_CERT_STORAGE": false,
            "MOZ_NEW_NOTIFICATION_STORE": false,
            "MOZ_NEW_XULSTORE": false,
            "MOZ_OFFICIAL_BRANDING": false,
            "MOZ_PLACES": false,
            "MOZ_REQUIRE_SIGNING": false,
            "MOZ_SANDBOX": false,
            "MOZ_SERVICES_HEALTHREPORT": true,
            "MOZ_SERVICES_SYNC": false,
            "MOZ_SWITCHBOARD": true,
            "MOZ_SYSTEM_NSS": false,
            "MOZ_TELEMETRY_ON_BY_DEFAULT": false,
            "MOZ_TELEMETRY_REPORTING": true,
            "MOZ_UNSIGNED_SCOPES": 0,
            "MOZ_UPDATER": false,
            "MOZ_UPDATE_CHANNEL": "release",
            "MOZ_WEBRTC": true,
            "MOZ_WIDGET_GTK": false,
            "MOZ_WIDGET_TOOLKIT": "android",
            "NIGHTLY_BUILD": false,
            "OMNIJAR_NAME": "assets/omni.ja",
            "RELEASE_OR_BETA": true,
            "SOURCE_REVISION_URL": "https://hg.mozilla.org/releases/mozilla-esr68/rev/d2e0b9e17b9bc1ef02606c8006b73293f7892ad5",
            "TELEMETRY_PING_FORMAT_VERSION": 4,
            "XP_UNIX": true,
            "isPlatformAndVersionAtLeast": {},
            "isPlatformAndVersionAtMost": {},
            "platform": "android"
          },
          "asyncAppConstants": {
            "ACCESSIBILITY": true,
            "ANDROID_PACKAGE_NAME": "org.mozilla.firefox",
            "ASAN": false,
            "ASAN_REPORTER": false,
            "BROWSER_CHROME_URL": "chrome://browser/content/browser.xul",
            "DEBUG": false,
            "DEBUG_JS_MODULES": "",
            "DLL_PREFIX": "lib",
            "DLL_SUFFIX": ".so",
            "EARLY_BETA_OR_EARLIER": false,
            "FENNEC_NIGHTLY": false,
            "HAVE_SHELL_SERVICE": false,
            "HAVE_USR_LIB64_DIR": false,
            "MENUBAR_CAN_AUTOHIDE": false,
            "MOZILLA_OFFICIAL": true,
            "MOZ_ALLOW_LEGACY_EXTENSIONS": false,
            "MOZ_ANDROID_ACTIVITY_STREAM": false,
            "MOZ_ANDROID_HISTORY": true,
            "MOZ_ANDROID_MOZILLA_ONLINE": false,
            "MOZ_APP_NAME": "fennec",
            "MOZ_APP_VERSION": "68.1.1",
            "MOZ_APP_VERSION_DISPLAY": "68.1.1",
            "MOZ_BING_API_CLIENTID": "no-bing-api-clientid",
            "MOZ_BING_API_KEY": "no-bing-api-key",
            "MOZ_BITS_DOWNLOAD": false,
            "MOZ_BUILD_APP": "mobile/android",
            "MOZ_CODE_COVERAGE": false,
            "MOZ_CRASHREPORTER": true,
            "MOZ_DATA_REPORTING": true,
            "MOZ_DEV_EDITION": false,
            "MOZ_GECKO_PROFILER": true,
            "MOZ_GOOGLE_LOCATION_SERVICE_API_KEY": "AIzaSyB2h2OuRcUgy5N-5hsZqiPW6sH3n_rptiQ",
            "MOZ_GOOGLE_SAFEBROWSING_API_KEY": "AIzaSyC7jsptDS3am4tPx4r3nxis7IMjBc5Dovo",
            "MOZ_GRAPHENE": false,
            "MOZ_MACBUNDLE_NAME": "Firefox.app",
            "MOZ_MAINTENANCE_SERVICE": false,
            "MOZ_MOZILLA_API_KEY": "3b4d27dd-703d-4094-8398-4de2c763505a",
            "MOZ_NEW_CERT_STORAGE": false,
            "MOZ_NEW_NOTIFICATION_STORE": false,
            "MOZ_NEW_XULSTORE": false,
            "MOZ_OFFICIAL_BRANDING": false,
            "MOZ_PLACES": false,
            "MOZ_REQUIRE_SIGNING": false,
            "MOZ_SANDBOX": false,
            "MOZ_SERVICES_HEALTHREPORT": true,
            "MOZ_SERVICES_SYNC": false,
            "MOZ_SWITCHBOARD": true,
            "MOZ_SYSTEM_NSS": false,
            "MOZ_TELEMETRY_ON_BY_DEFAULT": false,
            "MOZ_TELEMETRY_REPORTING": true,
            "MOZ_UNSIGNED_SCOPES": 0,
            "MOZ_UPDATER": false,
            "MOZ_UPDATE_CHANNEL": "release",
            "MOZ_WEBRTC": true,
            "MOZ_WIDGET_GTK": false,
            "MOZ_WIDGET_TOOLKIT": "android",
            "NIGHTLY_BUILD": false,
            "OMNIJAR_NAME": "assets/omni.ja",
            "RELEASE_OR_BETA": true,
            "SOURCE_REVISION_URL": "https://hg.mozilla.org/releases/mozilla-esr68/rev/d2e0b9e17b9bc1ef02606c8006b73293f7892ad5",
            "TELEMETRY_PING_FORMAT_VERSION": 4,
            "XP_UNIX": true,
            "isPlatformAndVersionAtLeast": {},
            "isPlatformAndVersionAtMost": {},
            "platform": "android"
          },
          "userAgent": "Mozilla/5.0 (Android 9; Mobile; rv:68.0) Gecko/68.0 Firefox/68.0",
          "windowSize": "360x612"
        },
        "pageinfo": {
          "documentHeight": 11531,
          "documentSize": {
            "decodedBodySize": 124654,
            "encodedBodySize": 21407,
            "transferSize": 23766
          },
          "documentTitle": "Internet for people, not profit — Mozilla",
          "documentWidth": 360,
          "domElements": 1113,
          "navigationStartTime": 1617131276853,
          "nextHopProtocol": "h2",
          "resources": {
            "count": 0,
            "duration": 0
          },
          "responsive": true,
          "url": "https://www.mozilla.org/en-US/",
          "visualElements": {
            "heroes": [
              {
                "filename": "vpn.120da6eca54f.jpg",
                "height": 175,
                "name": "LargestImage",
                "width": 312,
                "x": 24,
                "y": 502
              },
              {
                "filename": null,
                "height": 330,
                "name": "Heading",
                "width": 1,
                "x": -1,
                "y": 221
              }
            ],
            "viewport": {
              "height": 612,
              "width": 360
            }
          }
        },
        "timings": {
          "firstPaint": 1244,
          "loadEventEnd": 2844,
          "navigationTiming": {
            "connectStart": 301,
            "domComplete": 2839,
            "domContentLoadedEventEnd": 1585,
            "domContentLoadedEventStart": 1574,
            "domInteractive": 1520,
            "domainLookupEnd": 301,
            "domainLookupStart": 300,
            "duration": 2844,
            "fetchStart": 2,
            "loadEventEnd": 2844,
            "loadEventStart": 2839,
            "redirectEnd": 0,
            "redirectStart": 0,
            "requestStart": 396,
            "responseEnd": 448,
            "responseStart": 436,
            "secureConnectionStart": 313,
            "startTime": 0,
            "unloadEventEnd": 0,
            "unloadEventStart": 0,
            "workerStart": 0
          },
          "pageTimings": {
            "backEndTime": 436,
            "domContentLoadedTime": 1574,
            "domInteractiveTime": 1520,
            "domainLookupTime": 0,
            "frontEndTime": 2391,
            "pageDownloadTime": 12,
            "pageLoadTime": 2839,
            "redirectionTime": 0,
            "serverConnectionTime": 93,
            "serverResponseTime": 52
          },
          "rumSpeedIndex": 435,
          "timeToContentfulPaint": 1439,
          "timeToDomContentFlushed": 1534,
          "userTimings": {
            "marks": [],
            "measures": []
          }
        }
      },
      {
        "browser": {
          "appConstants": {
            "ACCESSIBILITY": true,
            "ANDROID_PACKAGE_NAME": "org.mozilla.firefox",
            "ASAN": false,
            "ASAN_REPORTER": false,
            "BROWSER_CHROME_URL": "chrome://browser/content/browser.xul",
            "DEBUG": false,
            "DEBUG_JS_MODULES": "",
            "DLL_PREFIX": "lib",
            "DLL_SUFFIX": ".so",
            "EARLY_BETA_OR_EARLIER": false,
            "FENNEC_NIGHTLY": false,
            "HAVE_SHELL_SERVICE": false,
            "HAVE_USR_LIB64_DIR": false,
            "MENUBAR_CAN_AUTOHIDE": false,
            "MOZILLA_OFFICIAL": true,
            "MOZ_ALLOW_LEGACY_EXTENSIONS": false,
            "MOZ_ANDROID_ACTIVITY_STREAM": false,
            "MOZ_ANDROID_HISTORY": true,
            "MOZ_ANDROID_MOZILLA_ONLINE": false,
            "MOZ_APP_NAME": "fennec",
            "MOZ_APP_VERSION": "68.1.1",
            "MOZ_APP_VERSION_DISPLAY": "68.1.1",
            "MOZ_BING_API_CLIENTID": "no-bing-api-clientid",
            "MOZ_BING_API_KEY": "no-bing-api-key",
            "MOZ_BITS_DOWNLOAD": false,
            "MOZ_BUILD_APP": "mobile/android",
            "MOZ_CODE_COVERAGE": false,
            "MOZ_CRASHREPORTER": true,
            "MOZ_DATA_REPORTING": true,
            "MOZ_DEV_EDITION": false,
            "MOZ_GECKO_PROFILER": true,
            "MOZ_GOOGLE_LOCATION_SERVICE_API_KEY": "AIzaSyB2h2OuRcUgy5N-5hsZqiPW6sH3n_rptiQ",
            "MOZ_GOOGLE_SAFEBROWSING_API_KEY": "AIzaSyC7jsptDS3am4tPx4r3nxis7IMjBc5Dovo",
            "MOZ_GRAPHENE": false,
            "MOZ_MACBUNDLE_NAME": "Firefox.app",
            "MOZ_MAINTENANCE_SERVICE": false,
            "MOZ_MOZILLA_API_KEY": "3b4d27dd-703d-4094-8398-4de2c763505a",
            "MOZ_NEW_CERT_STORAGE": false,
            "MOZ_NEW_NOTIFICATION_STORE": false,
            "MOZ_NEW_XULSTORE": false,
            "MOZ_OFFICIAL_BRANDING": false,
            "MOZ_PLACES": false,
            "MOZ_REQUIRE_SIGNING": false,
            "MOZ_SANDBOX": false,
            "MOZ_SERVICES_HEALTHREPORT": true,
            "MOZ_SERVICES_SYNC": false,
            "MOZ_SWITCHBOARD": true,
            "MOZ_SYSTEM_NSS": false,
            "MOZ_TELEMETRY_ON_BY_DEFAULT": false,
            "MOZ_TELEMETRY_REPORTING": true,
            "MOZ_UNSIGNED_SCOPES": 0,
            "MOZ_UPDATER": false,
            "MOZ_UPDATE_CHANNEL": "release",
            "MOZ_WEBRTC": true,
            "MOZ_WIDGET_GTK": false,
            "MOZ_WIDGET_TOOLKIT": "android",
            "NIGHTLY_BUILD": false,
            "OMNIJAR_NAME": "assets/omni.ja",
            "RELEASE_OR_BETA": true,
            "SOURCE_REVISION_URL": "https://hg.mozilla.org/releases/mozilla-esr68/rev/d2e0b9e17b9bc1ef02606c8006b73293f7892ad5",
            "TELEMETRY_PING_FORMAT_VERSION": 4,
            "XP_UNIX": true,
            "isPlatformAndVersionAtLeast": {},
            "isPlatformAndVersionAtMost": {},
            "platform": "android"
          },
          "asyncAppConstants": {
            "ACCESSIBILITY": true,
            "ANDROID_PACKAGE_NAME": "org.mozilla.firefox",
            "ASAN": false,
            "ASAN_REPORTER": false,
            "BROWSER_CHROME_URL": "chrome://browser/content/browser.xul",
            "DEBUG": false,
            "DEBUG_JS_MODULES": "",
            "DLL_PREFIX": "lib",
            "DLL_SUFFIX": ".so",
            "EARLY_BETA_OR_EARLIER": false,
            "FENNEC_NIGHTLY": false,
            "HAVE_SHELL_SERVICE": false,
            "HAVE_USR_LIB64_DIR": false,
            "MENUBAR_CAN_AUTOHIDE": false,
            "MOZILLA_OFFICIAL": true,
            "MOZ_ALLOW_LEGACY_EXTENSIONS": false,
            "MOZ_ANDROID_ACTIVITY_STREAM": false,
            "MOZ_ANDROID_HISTORY": true,
            "MOZ_ANDROID_MOZILLA_ONLINE": false,
            "MOZ_APP_NAME": "fennec",
            "MOZ_APP_VERSION": "68.1.1",
            "MOZ_APP_VERSION_DISPLAY": "68.1.1",
            "MOZ_BING_API_CLIENTID": "no-bing-api-clientid",
            "MOZ_BING_API_KEY": "no-bing-api-key",
            "MOZ_BITS_DOWNLOAD": false,
            "MOZ_BUILD_APP": "mobile/android",
            "MOZ_CODE_COVERAGE": false,
            "MOZ_CRASHREPORTER": true,
            "MOZ_DATA_REPORTING": true,
            "MOZ_DEV_EDITION": false,
            "MOZ_GECKO_PROFILER": true,
            "MOZ_GOOGLE_LOCATION_SERVICE_API_KEY": "AIzaSyB2h2OuRcUgy5N-5hsZqiPW6sH3n_rptiQ",
            "MOZ_GOOGLE_SAFEBROWSING_API_KEY": "AIzaSyC7jsptDS3am4tPx4r3nxis7IMjBc5Dovo",
            "MOZ_GRAPHENE": false,
            "MOZ_MACBUNDLE_NAME": "Firefox.app",
            "MOZ_MAINTENANCE_SERVICE": false,
            "MOZ_MOZILLA_API_KEY": "3b4d27dd-703d-4094-8398-4de2c763505a",
            "MOZ_NEW_CERT_STORAGE": false,
            "MOZ_NEW_NOTIFICATION_STORE": false,
            "MOZ_NEW_XULSTORE": false,
            "MOZ_OFFICIAL_BRANDING": false,
            "MOZ_PLACES": false,
            "MOZ_REQUIRE_SIGNING": false,
            "MOZ_SANDBOX": false,
            "MOZ_SERVICES_HEALTHREPORT": true,
            "MOZ_SERVICES_SYNC": false,
            "MOZ_SWITCHBOARD": true,
            "MOZ_SYSTEM_NSS": false,
            "MOZ_TELEMETRY_ON_BY_DEFAULT": false,
            "MOZ_TELEMETRY_REPORTING": true,
            "MOZ_UNSIGNED_SCOPES": 0,
            "MOZ_UPDATER": false,
            "MOZ_UPDATE_CHANNEL": "release",
            "MOZ_WEBRTC": true,
            "MOZ_WIDGET_GTK": false,
            "MOZ_WIDGET_TOOLKIT": "android",
            "NIGHTLY_BUILD": false,
            "OMNIJAR_NAME": "assets/omni.ja",
            "RELEASE_OR_BETA": true,
            "SOURCE_REVISION_URL": "https://hg.mozilla.org/releases/mozilla-esr68/rev/d2e0b9e17b9bc1ef02606c8006b73293f7892ad5",
            "TELEMETRY_PING_FORMAT_VERSION": 4,
            "XP_UNIX": true,
            "isPlatformAndVersionAtLeast": {},
            "isPlatformAndVersionAtMost": {},
            "platform": "android"
          },
          "userAgent": "Mozilla/5.0 (Android 9; Mobile; rv:68.0) Gecko/68.0 Firefox/68.0",
          "windowSize": "360x612"
        },
        "pageinfo": {
          "documentHeight": 11531,
          "documentSize": {
            "decodedBodySize": 124654,
            "encodedBodySize": 21444,
            "transferSize": 23803
          },
          "documentTitle": "Internet for people, not profit — Mozilla",
          "documentWidth": 360,
          "domElements": 1113,
          "navigationStartTime": 1617131292611,
          "nextHopProtocol": "h2",
          "resources": {
            "count": 0,
            "duration": 0
          },
          "responsive": true,
          "url": "https://www.mozilla.org/en-US/",
          "visualElements": {
            "heroes": [
              {
                "filename": "vpn.120da6eca54f.jpg",
                "height": 175,
                "name": "LargestImage",
                "width": 312,
                "x": 24,
                "y": 502
              },
              {
                "filename": null,
                "height": 330,
                "name": "Heading",
                "width": 1,
                "x": -1,
                "y": 221
              }
            ],
            "viewport": {
              "height": 612,
              "width": 360
            }
          }
        },
        "timings": {
          "firstPaint": 1635,
          "loadEventEnd": 2593,
          "navigationTiming": {
            "connectStart": 300,
            "domComplete": 2583,
            "domContentLoadedEventEnd": 1767,
            "domContentLoadedEventStart": 1753,
            "domInteractive": 1623,
            "domainLookupEnd": 299,
            "domainLookupStart": 299,
            "duration": 2593,
            "fetchStart": 2,
            "loadEventEnd": 2593,
            "loadEventStart": 2583,
            "redirectEnd": 0,
            "redirectStart": 0,
            "requestStart": 390,
            "responseEnd": 440,
            "responseStart": 430,
            "secureConnectionStart": 313,
            "startTime": 0,
            "unloadEventEnd": 0,
            "unloadEventStart": 0,
            "workerStart": 0
          },
          "pageTimings": {
            "backEndTime": 430,
            "domContentLoadedTime": 1753,
            "domInteractiveTime": 1623,
            "domainLookupTime": 0,
            "frontEndTime": 2143,
            "pageDownloadTime": 10,
            "pageLoadTime": 2583,
            "redirectionTime": 0,
            "serverConnectionTime": 88,
            "serverResponseTime": 50
          },
          "rumSpeedIndex": 430,
          "timeToContentfulPaint": 1833,
          "timeToDomContentFlushed": 1632,
          "userTimings": {
            "marks": [],
            "measures": []
          }
        }
      }
    ],
    "visualMetrics": [],
    "cpu": [],
    "extras": [
      {},
      {},
      {}
    ],
    "fullyLoaded": [],
    "errors": [
      [],
      [],
      []
    ],
    "statistics": {
      "browser": {
        "appConstants": {
          "MOZ_UNSIGNED_SCOPES": {
            "median": 0,
            "mean": 0,
            "mdev": 0,
            "stddev": 0,
            "min": 0,
            "p10": 0,
            "p90": 0,
            "p99": 0,
            "max": 0
          },
          "TELEMETRY_PING_FORMAT_VERSION": {
            "median": 4,
            "mean": 4,
            "mdev": 0,
            "stddev": 0,
            "min": 4,
            "p10": 4,
            "p90": 4,
            "p99": 4,
            "max": 4
          }
        },
        "asyncAppConstants": {
          "MOZ_UNSIGNED_SCOPES": {
            "median": 0,
            "mean": 0,
            "mdev": 0,
            "stddev": 0,
            "min": 0,
            "p10": 0,
            "p90": 0,
            "p99": 0,
            "max": 0
          },
          "TELEMETRY_PING_FORMAT_VERSION": {
            "median": 4,
            "mean": 4,
            "mdev": 0,
            "stddev": 0,
            "min": 4,
            "p10": 4,
            "p90": 4,
            "p99": 4,
            "max": 4
          }
        }
      },
      "pageinfo": {
        "documentHeight": {
          "median": 11531,
          "mean": 11531,
          "mdev": 0,
          "stddev": 0,
          "min": 11531,
          "p10": 11531,
          "p90": 11531,
          "p99": 11531,
          "max": 11531
        },
        "documentSize": {
          "decodedBodySize": {
            "median": 124654,
            "mean": 124654,
            "mdev": 0,
            "stddev": 0,
            "min": 124654,
            "p10": 124654,
            "p90": 124654,
            "p99": 124654,
            "max": 124654
          },
          "encodedBodySize": {
            "median": 21407,
            "mean": 21419,
            "mdev": 10.0701,
            "stddev": 17,
            "min": 21407,
            "p10": 21407,
            "p90": 21444,
            "p99": 21444,
            "max": 21444
          },
          "transferSize": {
            "median": 23766,
            "mean": 23778,
            "mdev": 10.0701,
            "stddev": 17,
            "min": 23766,
            "p10": 23766,
            "p90": 23803,
            "p99": 23803,
            "max": 23803
          }
        },
        "documentWidth": {
          "median": 360,
          "mean": 360,
          "mdev": 0,
          "stddev": 0,
          "min": 360,
          "p10": 360,
          "p90": 360,
          "p99": 360,
          "max": 360
        },
        "domElements": {
          "median": 1113,
          "mean": 1113,
          "mdev": 0,
          "stddev": 0,
          "min": 1113,
          "p10": 1113,
          "p90": 1113,
          "p99": 1113,
          "max": 1113
        },
        "navigationStartTime": {
          "median": 1617131276853,
          "mean": 1617131276830,
          "mdev": 0,
          "stddev": 0,
          "min": 1617131261027,
          "p10": 1617131261027,
          "p90": 1617131292611,
          "p99": 1617131292611,
          "max": 1617131292611
        },
        "resources": {
          "count": {
            "median": 0,
            "mean": 0,
            "mdev": 0,
            "stddev": 0,
            "min": 0,
            "p10": 0,
            "p90": 0,
            "p99": 0,
            "max": 0
          },
          "duration": {
            "median": 0,
            "mean": 0,
            "mdev": 0,
            "stddev": 0,
            "min": 0,
            "p10": 0,
            "p90": 0,
            "p99": 0,
            "max": 0
          }
        },
        "visualElements": {
          "heroes": [
            {
              "height": {
                "median": 175,
                "mean": 175,
                "mdev": 0,
                "stddev": 0,
                "min": 175,
                "p10": 175,
                "p90": 175,
                "p99": 175,
                "max": 175
              },
              "width": {
                "median": 312,
                "mean": 312,
                "mdev": 0,
                "stddev": 0,
                "min": 312,
                "p10": 312,
                "p90": 312,
                "p99": 312,
                "max": 312
              },
              "x": {
                "median": 24,
                "mean": 24,
                "mdev": 0,
                "stddev": 0,
                "min": 24,
                "p10": 24,
                "p90": 24,
                "p99": 24,
                "max": 24
              },
              "y": {
                "median": 502,
                "mean": 502,
                "mdev": 0,
                "stddev": 0,
                "min": 502,
                "p10": 502,
                "p90": 502,
                "p99": 502,
                "max": 502
              }
            },
            {
              "height": {
                "median": 330,
                "mean": 330,
                "mdev": 0,
                "stddev": 0,
                "min": 330,
                "p10": 330,
                "p90": 330,
                "p99": 330,
                "max": 330
              },
              "width": {
                "median": 1,
                "mean": 1,
                "mdev": 0,
                "stddev": 0,
                "min": 1,
                "p10": 1,
                "p90": 1,
                "p99": 1,
                "max": 1
              },
              "x": {
                "median": -1,
                "mean": -1,
                "mdev": 0,
                "stddev": 0,
                "min": -1,
                "p10": -1,
                "p90": -1,
                "p99": -1,
                "max": -1
              },
              "y": {
                "median": 221,
                "mean": 221,
                "mdev": 0,
                "stddev": 0,
                "min": 221,
                "p10": 221,
                "p90": 221,
                "p99": 221,
                "max": 221
              }
            }
          ],
          "viewport": {
            "height": {
              "median": 612,
              "mean": 612,
              "mdev": 0,
              "stddev": 0,
              "min": 612,
              "p10": 612,
              "p90": 612,
              "p99": 612,
              "max": 612
            },
            "width": {
              "median": 360,
              "mean": 360,
              "mdev": 0,
              "stddev": 0,
              "min": 360,
              "p10": 360,
              "p90": 360,
              "p99": 360,
              "max": 360
            }
          }
        }
      },
      "timings": {
        "firstPaint": {
          "median": 1244,
          "mean": 1325,
          "mdev": 131.4706,
          "stddev": 228,
          "min": 1095,
          "p10": 1095,
          "p90": 1635,
          "p99": 1635,
          "max": 1635
        },
        "loadEventEnd": {
          "median": 2728,
          "mean": 2722,
          "mdev": 59.2177,
          "stddev": 103,
          "min": 2593,
          "p10": 2593,
          "p90": 2844,
          "p99": 2844,
          "max": 2844
        },
        "navigationTiming": {
          "connectStart": {
            "median": 300,
            "mean": 234,
            "mdev": 54.0254,
            "stddev": 94,
            "min": 102,
            "p10": 102,
            "p90": 301,
            "p99": 301,
            "max": 301
          },
          "domComplete": {
            "median": 2723,
            "mean": 2715,
            "mdev": 60.4281,
            "stddev": 105,
            "min": 2583,
            "p10": 2583,
            "p90": 2839,
            "p99": 2839,
            "max": 2839
          },
          "domContentLoadedEventEnd": {
            "median": 1585,
            "mean": 1571,
            "mdev": 95.6223,
            "stddev": 166,
            "min": 1362,
            "p10": 1362,
            "p90": 1767,
            "p99": 1767,
            "max": 1767
          },
          "domContentLoadedEventStart": {
            "median": 1574,
            "mean": 1560,
            "mdev": 94.454,
            "stddev": 164,
            "min": 1353,
            "p10": 1353,
            "p90": 1753,
            "p99": 1753,
            "max": 1753
          },
          "domInteractive": {
            "median": 1520,
            "mean": 1497,
            "mdev": 65.7476,
            "stddev": 114,
            "min": 1347,
            "p10": 1347,
            "p90": 1623,
            "p99": 1623,
            "max": 1623
          },
          "domainLookupEnd": {
            "median": 299,
            "mean": 234,
            "mdev": 54.163,
            "stddev": 94,
            "min": 101,
            "p10": 101,
            "p90": 301,
            "p99": 301,
            "max": 301
          },
          "domainLookupStart": {
            "median": 299,
            "mean": 233,
            "mdev": 54.0254,
            "stddev": 94,
            "min": 101,
            "p10": 101,
            "p90": 300,
            "p99": 300,
            "max": 300
          },
          "duration": {
            "median": 2728,
            "mean": 2722,
            "mdev": 59.2177,
            "stddev": 103,
            "min": 2593,
            "p10": 2593,
            "p90": 2844,
            "p99": 2844,
            "max": 2844
          },
          "fetchStart": {
            "median": 2,
            "mean": 2,
            "mdev": 0,
            "stddev": 0,
            "min": 2,
            "p10": 2,
            "p90": 2,
            "p99": 2,
            "max": 2
          },
          "loadEventEnd": {
            "median": 2728,
            "mean": 2722,
            "mdev": 59.2177,
            "stddev": 103,
            "min": 2593,
            "p10": 2593,
            "p90": 2844,
            "p99": 2844,
            "max": 2844
          },
          "loadEventStart": {
            "median": 2723,
            "mean": 2715,
            "mdev": 60.4281,
            "stddev": 105,
            "min": 2583,
            "p10": 2583,
            "p90": 2839,
            "p99": 2839,
            "max": 2839
          },
          "redirectEnd": {
            "median": 0,
            "mean": 0,
            "mdev": 0,
            "stddev": 0,
            "min": 0,
            "p10": 0,
            "p90": 0,
            "p99": 0,
            "max": 0
          },
          "redirectStart": {
            "median": 0,
            "mean": 0,
            "mdev": 0,
            "stddev": 0,
            "min": 0,
            "p10": 0,
            "p90": 0,
            "p99": 0,
            "max": 0
          },
          "requestStart": {
            "median": 390,
            "mean": 332,
            "mdev": 49.8264,
            "stddev": 86,
            "min": 210,
            "p10": 210,
            "p90": 396,
            "p99": 396,
            "max": 396
          },
          "responseEnd": {
            "median": 440,
            "mean": 378,
            "mdev": 53.9218,
            "stddev": 93,
            "min": 246,
            "p10": 246,
            "p90": 448,
            "p99": 448,
            "max": 448
          },
          "responseStart": {
            "median": 430,
            "mean": 368,
            "mdev": 52.819,
            "stddev": 91,
            "min": 239,
            "p10": 239,
            "p90": 436,
            "p99": 436,
            "max": 436
          },
          "secureConnectionStart": {
            "median": 313,
            "mean": 255,
            "mdev": 47.629,
            "stddev": 82,
            "min": 138,
            "p10": 138,
            "p90": 313,
            "p99": 313,
            "max": 313
          },
          "startTime": {
            "median": 0,
            "mean": 0,
            "mdev": 0,
            "stddev": 0,
            "min": 0,
            "p10": 0,
            "p90": 0,
            "p99": 0,
            "max": 0
          },
          "unloadEventEnd": {
            "median": 0,
            "mean": 0,
            "mdev": 0,
            "stddev": 0,
            "min": 0,
            "p10": 0,
            "p90": 0,
            "p99": 0,
            "max": 0
          },
          "unloadEventStart": {
            "median": 0,
            "mean": 0,
            "mdev": 0,
            "stddev": 0,
            "min": 0,
            "p10": 0,
            "p90": 0,
            "p99": 0,
            "max": 0
          },
          "workerStart": {
            "median": 0,
            "mean": 0,
            "mdev": 0,
            "stddev": 0,
            "min": 0,
            "p10": 0,
            "p90": 0,
            "p99": 0,
            "max": 0
          }
        },
        "pageTimings": {
          "backEndTime": {
            "median": 430,
            "mean": 368,
            "mdev": 52.819,
            "stddev": 91,
            "min": 239,
            "p10": 239,
            "p90": 436,
            "p99": 436,
            "max": 436
          },
          "domContentLoadedTime": {
            "median": 1574,
            "mean": 1560,
            "mdev": 94.454,
            "stddev": 164,
            "min": 1353,
            "p10": 1353,
            "p90": 1753,
            "p99": 1753,
            "max": 1753
          },
          "domInteractiveTime": {
            "median": 1520,
            "mean": 1497,
            "mdev": 65.7476,
            "stddev": 114,
            "min": 1347,
            "p10": 1347,
            "p90": 1623,
            "p99": 1623,
            "max": 1623
          },
          "domainLookupTime": {
            "median": 0,
            "mean": 0,
            "mdev": 0,
            "stddev": 0,
            "min": 0,
            "p10": 0,
            "p90": 0,
            "p99": 0,
            "max": 0
          },
          "frontEndTime": {
            "median": 2391,
            "mean": 2337,
            "mdev": 81.753,
            "stddev": 142,
            "min": 2143,
            "p10": 2143,
            "p90": 2477,
            "p99": 2477,
            "max": 2477
          },
          "pageDownloadTime": {
            "median": 10,
            "mean": 10,
            "mdev": 1.1863,
            "stddev": 2,
            "min": 7,
            "p10": 7,
            "p90": 12,
            "p99": 12,
            "max": 12
          },
          "pageLoadTime": {
            "median": 2723,
            "mean": 2715,
            "mdev": 60.4281,
            "stddev": 105,
            "min": 2583,
            "p10": 2583,
            "p90": 2839,
            "p99": 2839,
            "max": 2839
          },
          "redirectionTime": {
            "median": 0,
            "mean": 0,
            "mdev": 0,
            "stddev": 0,
            "min": 0,
            "p10": 0,
            "p90": 0,
            "p99": 0,
            "max": 0
          },
          "serverConnectionTime": {
            "median": 93,
            "mean": 96,
            "mdev": 4.6428,
            "stddev": 8,
            "min": 88,
            "p10": 88,
            "p90": 107,
            "p99": 107,
            "max": 107
          },
          "serverResponseTime": {
            "median": 50,
            "mean": 46,
            "mdev": 4.1096,
            "stddev": 7,
            "min": 36,
            "p10": 36,
            "p90": 52,
            "p99": 52,
            "max": 52
          }
        },
        "rumSpeedIndex": {
          "median": 430,
          "mean": 368,
          "mdev": 52.9493,
          "stddev": 92,
          "min": 238,
          "p10": 238,
          "p90": 435,
          "p99": 435,
          "max": 435
        },
        "timeToContentfulPaint": {
          "median": 1439,
          "mean": 1522,
          "mdev": 131.4847,
          "stddev": 228,
          "min": 1294,
          "p10": 1294,
          "p90": 1833,
          "p99": 1833,
          "max": 1833
        },
        "timeToDomContentFlushed": {
          "median": 1534,
          "mean": 1512,
          "mdev": 62.4037,
          "stddev": 108,
          "min": 1370,
          "p10": 1370,
          "p90": 1632,
          "p99": 1632,
          "max": 1632
        }
      }
    }
  }
]