[
  {
    "info": {
      "browsertime": {
        "version": "8.4.0"
      },
      "url": "http://www.ifeng.com/",
      "timestamp": "2021-03-30T23:36:50+04:00",
      "connectivity": {
        "engine": "external",
        "profile": "native"
      },
      "extra": {}
    },
    "files": {
      "video": [],
      "screenshot": [],
      "timeline": [],
      "consoleLog": [],
      "netLog": [],
      "perfLog": []
    },
    "cdp": {
      "performance": []
    },
    "timestamps": [
      "2021-03-30T23:36:39+04:00",
      "2021-03-30T23:36:57+04:00",
      "2021-03-30T23:37:13+04:00"
    ],
    "browserScripts": [
      {
        "browser": {
          "appConstants": {
            "ACCESSIBILITY": true,
            "ANDROID_PACKAGE_NAME": "org.mozilla.firefox",
            "ASAN": false,
            "ASAN_REPORTER": false,
            "BROWSER_CHROME_URL": "chrome://browser/content/browser.xul",
            "DEBUG": false,
            "DEBUG_JS_MODULES": "",
            "DLL_PREFIX": "lib",
            "DLL_SUFFIX": ".so",
            "EARLY_BETA_OR_EARLIER": false,
            "FENNEC_NIGHTLY": false,
            "HAVE_SHELL_SERVICE": false,
            "HAVE_USR_LIB64_DIR": false,
            "MENUBAR_CAN_AUTOHIDE": false,
            "MOZILLA_OFFICIAL": true,
            "MOZ_ALLOW_LEGACY_EXTENSIONS": false,
            "MOZ_ANDROID_ACTIVITY_STREAM": false,
            "MOZ_ANDROID_HISTORY": true,
            "MOZ_ANDROID_MOZILLA_ONLINE": false,
            "MOZ_APP_NAME": "fennec",
            "MOZ_APP_VERSION": "68.1.1",
            "MOZ_APP_VERSION_DISPLAY": "68.1.1",
            "MOZ_BING_API_CLIENTID": "no-bing-api-clientid",
            "MOZ_BING_API_KEY": "no-bing-api-key",
            "MOZ_BITS_DOWNLOAD": false,
            "MOZ_BUILD_APP": "mobile/android",
            "MOZ_CODE_COVERAGE": false,
            "MOZ_CRASHREPORTER": true,
            "MOZ_DATA_REPORTING": true,
            "MOZ_DEV_EDITION": false,
            "MOZ_GECKO_PROFILER": true,
            "MOZ_GOOGLE_LOCATION_SERVICE_API_KEY": "AIzaSyB2h2OuRcUgy5N-5hsZqiPW6sH3n_rptiQ",
            "MOZ_GOOGLE_SAFEBROWSING_API_KEY": "AIzaSyC7jsptDS3am4tPx4r3nxis7IMjBc5Dovo",
            "MOZ_GRAPHENE": false,
            "MOZ_MACBUNDLE_NAME": "Firefox.app",
            "MOZ_MAINTENANCE_SERVICE": false,
            "MOZ_MOZILLA_API_KEY": "3b4d27dd-703d-4094-8398-4de2c763505a",
            "MOZ_NEW_CERT_STORAGE": false,
            "MOZ_NEW_NOTIFICATION_STORE": false,
            "MOZ_NEW_XULSTORE": false,
            "MOZ_OFFICIAL_BRANDING": false,
            "MOZ_PLACES": false,
            "MOZ_REQUIRE_SIGNING": false,
            "MOZ_SANDBOX": false,
            "MOZ_SERVICES_HEALTHREPORT": true,
            "MOZ_SERVICES_SYNC": false,
            "MOZ_SWITCHBOARD": true,
            "MOZ_SYSTEM_NSS": false,
            "MOZ_TELEMETRY_ON_BY_DEFAULT": false,
            "MOZ_TELEMETRY_REPORTING": true,
            "MOZ_UNSIGNED_SCOPES": 0,
            "MOZ_UPDATER": false,
            "MOZ_UPDATE_CHANNEL": "release",
            "MOZ_WEBRTC": true,
            "MOZ_WIDGET_GTK": false,
            "MOZ_WIDGET_TOOLKIT": "android",
            "NIGHTLY_BUILD": false,
            "OMNIJAR_NAME": "assets/omni.ja",
            "RELEASE_OR_BETA": true,
            "SOURCE_REVISION_URL": "https://hg.mozilla.org/releases/mozilla-esr68/rev/d2e0b9e17b9bc1ef02606c8006b73293f7892ad5",
            "TELEMETRY_PING_FORMAT_VERSION": 4,
            "XP_UNIX": true,
            "isPlatformAndVersionAtLeast": {},
            "isPlatformAndVersionAtMost": {},
            "platform": "android"
          },
          "asyncAppConstants": {
            "ACCESSIBILITY": true,
            "ANDROID_PACKAGE_NAME": "org.mozilla.firefox",
            "ASAN": false,
            "ASAN_REPORTER": false,
            "BROWSER_CHROME_URL": "chrome://browser/content/browser.xul",
            "DEBUG": false,
            "DEBUG_JS_MODULES": "",
            "DLL_PREFIX": "lib",
            "DLL_SUFFIX": ".so",
            "EARLY_BETA_OR_EARLIER": false,
            "FENNEC_NIGHTLY": false,
            "HAVE_SHELL_SERVICE": false,
            "HAVE_USR_LIB64_DIR": false,
            "MENUBAR_CAN_AUTOHIDE": false,
            "MOZILLA_OFFICIAL": true,
            "MOZ_ALLOW_LEGACY_EXTENSIONS": false,
            "MOZ_ANDROID_ACTIVITY_STREAM": false,
            "MOZ_ANDROID_HISTORY": true,
            "MOZ_ANDROID_MOZILLA_ONLINE": false,
            "MOZ_APP_NAME": "fennec",
            "MOZ_APP_VERSION": "68.1.1",
            "MOZ_APP_VERSION_DISPLAY": "68.1.1",
            "MOZ_BING_API_CLIENTID": "no-bing-api-clientid",
            "MOZ_BING_API_KEY": "no-bing-api-key",
            "MOZ_BITS_DOWNLOAD": false,
            "MOZ_BUILD_APP": "mobile/android",
            "MOZ_CODE_COVERAGE": false,
            "MOZ_CRASHREPORTER": true,
            "MOZ_DATA_REPORTING": true,
            "MOZ_DEV_EDITION": false,
            "MOZ_GECKO_PROFILER": true,
            "MOZ_GOOGLE_LOCATION_SERVICE_API_KEY": "AIzaSyB2h2OuRcUgy5N-5hsZqiPW6sH3n_rptiQ",
            "MOZ_GOOGLE_SAFEBROWSING_API_KEY": "AIzaSyC7jsptDS3am4tPx4r3nxis7IMjBc5Dovo",
            "MOZ_GRAPHENE": false,
            "MOZ_MACBUNDLE_NAME": "Firefox.app",
            "MOZ_MAINTENANCE_SERVICE": false,
            "MOZ_MOZILLA_API_KEY": "3b4d27dd-703d-4094-8398-4de2c763505a",
            "MOZ_NEW_CERT_STORAGE": false,
            "MOZ_NEW_NOTIFICATION_STORE": false,
            "MOZ_NEW_XULSTORE": false,
            "MOZ_OFFICIAL_BRANDING": false,
            "MOZ_PLACES": false,
            "MOZ_REQUIRE_SIGNING": false,
            "MOZ_SANDBOX": false,
            "MOZ_SERVICES_HEALTHREPORT": true,
            "MOZ_SERVICES_SYNC": false,
            "MOZ_SWITCHBOARD": true,
            "MOZ_SYSTEM_NSS": false,
            "MOZ_TELEMETRY_ON_BY_DEFAULT": false,
            "MOZ_TELEMETRY_REPORTING": true,
            "MOZ_UNSIGNED_SCOPES": 0,
            "MOZ_UPDATER": false,
            "MOZ_UPDATE_CHANNEL": "release",
            "MOZ_WEBRTC": true,
            "MOZ_WIDGET_GTK": false,
            "MOZ_WIDGET_TOOLKIT": "android",
            "NIGHTLY_BUILD": false,
            "OMNIJAR_NAME": "assets/omni.ja",
            "RELEASE_OR_BETA": true,
            "SOURCE_REVISION_URL": "https://hg.mozilla.org/releases/mozilla-esr68/rev/d2e0b9e17b9bc1ef02606c8006b73293f7892ad5",
            "TELEMETRY_PING_FORMAT_VERSION": 4,
            "XP_UNIX": true,
            "isPlatformAndVersionAtLeast": {},
            "isPlatformAndVersionAtMost": {},
            "platform": "android"
          },
          "userAgent": "Mozilla/5.0 (Android 9; Mobile; rv:68.0) Gecko/68.0 Firefox/68.0",
          "windowSize": "360x612"
        },
        "pageinfo": {
          "documentHeight": 612,
          "documentSize": {
            "decodedBodySize": 20262,
            "encodedBodySize": 5166,
            "transferSize": 5799
          },
          "documentTitle": "手机鳳凰網提示",
          "documentWidth": 360,
          "domElements": 61,
          "navigationStartTime": 1617133000353,
          "nextHopProtocol": "http/1.1",
          "resources": {
            "count": 0,
            "duration": 0
          },
          "responsive": true,
          "url": "https://i.ifeng.com/ifengweb?ch=ifengweb",
          "visualElements": {
            "heroes": [],
            "viewport": {
              "height": 612,
              "width": 360
            }
          }
        },
        "timings": {
          "firstPaint": 1303,
          "loadEventEnd": 4239,
          "navigationTiming": {
            "connectStart": 510,
            "domComplete": 4236,
            "domContentLoadedEventEnd": 2780,
            "domContentLoadedEventStart": 2769,
            "domInteractive": 2397,
            "domainLookupEnd": 509,
            "domainLookupStart": 509,
            "duration": 4239,
            "fetchStart": 479,
            "loadEventEnd": 4239,
            "loadEventStart": 4237,
            "redirectEnd": 475,
            "redirectStart": 2,
            "requestStart": 906,
            "responseEnd": 1098,
            "responseStart": 1068,
            "secureConnectionStart": 680,
            "startTime": 0,
            "unloadEventEnd": 0,
            "unloadEventStart": 0,
            "workerStart": 0
          },
          "pageTimings": {
            "backEndTime": 1068,
            "domContentLoadedTime": 2769,
            "domInteractiveTime": 2397,
            "domainLookupTime": 0,
            "frontEndTime": 3139,
            "pageDownloadTime": 30,
            "pageLoadTime": 4237,
            "redirectionTime": 473,
            "serverConnectionTime": 395,
            "serverResponseTime": 192
          },
          "rumSpeedIndex": 1068,
          "timeToContentfulPaint": 2848,
          "timeToDomContentFlushed": 2738,
          "userTimings": {
            "marks": [],
            "measures": []
          }
        }
      },
      {
        "browser": {
          "appConstants": {
            "ACCESSIBILITY": true,
            "ANDROID_PACKAGE_NAME": "org.mozilla.firefox",
            "ASAN": false,
            "ASAN_REPORTER": false,
            "BROWSER_CHROME_URL": "chrome://browser/content/browser.xul",
            "DEBUG": false,
            "DEBUG_JS_MODULES": "",
            "DLL_PREFIX": "lib",
            "DLL_SUFFIX": ".so",
            "EARLY_BETA_OR_EARLIER": false,
            "FENNEC_NIGHTLY": false,
            "HAVE_SHELL_SERVICE": false,
            "HAVE_USR_LIB64_DIR": false,
            "MENUBAR_CAN_AUTOHIDE": false,
            "MOZILLA_OFFICIAL": true,
            "MOZ_ALLOW_LEGACY_EXTENSIONS": false,
            "MOZ_ANDROID_ACTIVITY_STREAM": false,
            "MOZ_ANDROID_HISTORY": true,
            "MOZ_ANDROID_MOZILLA_ONLINE": false,
            "MOZ_APP_NAME": "fennec",
            "MOZ_APP_VERSION": "68.1.1",
            "MOZ_APP_VERSION_DISPLAY": "68.1.1",
            "MOZ_BING_API_CLIENTID": "no-bing-api-clientid",
            "MOZ_BING_API_KEY": "no-bing-api-key",
            "MOZ_BITS_DOWNLOAD": false,
            "MOZ_BUILD_APP": "mobile/android",
            "MOZ_CODE_COVERAGE": false,
            "MOZ_CRASHREPORTER": true,
            "MOZ_DATA_REPORTING": true,
            "MOZ_DEV_EDITION": false,
            "MOZ_GECKO_PROFILER": true,
            "MOZ_GOOGLE_LOCATION_SERVICE_API_KEY": "AIzaSyB2h2OuRcUgy5N-5hsZqiPW6sH3n_rptiQ",
            "MOZ_GOOGLE_SAFEBROWSING_API_KEY": "AIzaSyC7jsptDS3am4tPx4r3nxis7IMjBc5Dovo",
            "MOZ_GRAPHENE": false,
            "MOZ_MACBUNDLE_NAME": "Firefox.app",
            "MOZ_MAINTENANCE_SERVICE": false,
            "MOZ_MOZILLA_API_KEY": "3b4d27dd-703d-4094-8398-4de2c763505a",
            "MOZ_NEW_CERT_STORAGE": false,
            "MOZ_NEW_NOTIFICATION_STORE": false,
            "MOZ_NEW_XULSTORE": false,
            "MOZ_OFFICIAL_BRANDING": false,
            "MOZ_PLACES": false,
            "MOZ_REQUIRE_SIGNING": false,
            "MOZ_SANDBOX": false,
            "MOZ_SERVICES_HEALTHREPORT": true,
            "MOZ_SERVICES_SYNC": false,
            "MOZ_SWITCHBOARD": true,
            "MOZ_SYSTEM_NSS": false,
            "MOZ_TELEMETRY_ON_BY_DEFAULT": false,
            "MOZ_TELEMETRY_REPORTING": true,
            "MOZ_UNSIGNED_SCOPES": 0,
            "MOZ_UPDATER": false,
            "MOZ_UPDATE_CHANNEL": "release",
            "MOZ_WEBRTC": true,
            "MOZ_WIDGET_GTK": false,
            "MOZ_WIDGET_TOOLKIT": "android",
            "NIGHTLY_BUILD": false,
            "OMNIJAR_NAME": "assets/omni.ja",
            "RELEASE_OR_BETA": true,
            "SOURCE_REVISION_URL": "https://hg.mozilla.org/releases/mozilla-esr68/rev/d2e0b9e17b9bc1ef02606c8006b73293f7892ad5",
            "TELEMETRY_PING_FORMAT_VERSION": 4,
            "XP_UNIX": true,
            "isPlatformAndVersionAtLeast": {},
            "isPlatformAndVersionAtMost": {},
            "platform": "android"
          },
          "asyncAppConstants": {
            "ACCESSIBILITY": true,
            "ANDROID_PACKAGE_NAME": "org.mozilla.firefox",
            "ASAN": false,
            "ASAN_REPORTER": false,
            "BROWSER_CHROME_URL": "chrome://browser/content/browser.xul",
            "DEBUG": false,
            "DEBUG_JS_MODULES": "",
            "DLL_PREFIX": "lib",
            "DLL_SUFFIX": ".so",
            "EARLY_BETA_OR_EARLIER": false,
            "FENNEC_NIGHTLY": false,
            "HAVE_SHELL_SERVICE": false,
            "HAVE_USR_LIB64_DIR": false,
            "MENUBAR_CAN_AUTOHIDE": false,
            "MOZILLA_OFFICIAL": true,
            "MOZ_ALLOW_LEGACY_EXTENSIONS": false,
            "MOZ_ANDROID_ACTIVITY_STREAM": false,
            "MOZ_ANDROID_HISTORY": true,
            "MOZ_ANDROID_MOZILLA_ONLINE": false,
            "MOZ_APP_NAME": "fennec",
            "MOZ_APP_VERSION": "68.1.1",
            "MOZ_APP_VERSION_DISPLAY": "68.1.1",
            "MOZ_BING_API_CLIENTID": "no-bing-api-clientid",
            "MOZ_BING_API_KEY": "no-bing-api-key",
            "MOZ_BITS_DOWNLOAD": false,
            "MOZ_BUILD_APP": "mobile/android",
            "MOZ_CODE_COVERAGE": false,
            "MOZ_CRASHREPORTER": true,
            "MOZ_DATA_REPORTING": true,
            "MOZ_DEV_EDITION": false,
            "MOZ_GECKO_PROFILER": true,
            "MOZ_GOOGLE_LOCATION_SERVICE_API_KEY": "AIzaSyB2h2OuRcUgy5N-5hsZqiPW6sH3n_rptiQ",
            "MOZ_GOOGLE_SAFEBROWSING_API_KEY": "AIzaSyC7jsptDS3am4tPx4r3nxis7IMjBc5Dovo",
            "MOZ_GRAPHENE": false,
            "MOZ_MACBUNDLE_NAME": "Firefox.app",
            "MOZ_MAINTENANCE_SERVICE": false,
            "MOZ_MOZILLA_API_KEY": "3b4d27dd-703d-4094-8398-4de2c763505a",
            "MOZ_NEW_CERT_STORAGE": false,
            "MOZ_NEW_NOTIFICATION_STORE": false,
            "MOZ_NEW_XULSTORE": false,
            "MOZ_OFFICIAL_BRANDING": false,
            "MOZ_PLACES": false,
            "MOZ_REQUIRE_SIGNING": false,
            "MOZ_SANDBOX": false,
            "MOZ_SERVICES_HEALTHREPORT": true,
            "MOZ_SERVICES_SYNC": false,
            "MOZ_SWITCHBOARD": true,
            "MOZ_SYSTEM_NSS": false,
            "MOZ_TELEMETRY_ON_BY_DEFAULT": false,
            "MOZ_TELEMETRY_REPORTING": true,
            "MOZ_UNSIGNED_SCOPES": 0,
            "MOZ_UPDATER": false,
            "MOZ_UPDATE_CHANNEL": "release",
            "MOZ_WEBRTC": true,
            "MOZ_WIDGET_GTK": false,
            "MOZ_WIDGET_TOOLKIT": "android",
            "NIGHTLY_BUILD": false,
            "OMNIJAR_NAME": "assets/omni.ja",
            "RELEASE_OR_BETA": true,
            "SOURCE_REVISION_URL": "https://hg.mozilla.org/releases/mozilla-esr68/rev/d2e0b9e17b9bc1ef02606c8006b73293f7892ad5",
            "TELEMETRY_PING_FORMAT_VERSION": 4,
            "XP_UNIX": true,
            "isPlatformAndVersionAtLeast": {},
            "isPlatformAndVersionAtMost": {},
            "platform": "android"
          },
          "userAgent": "Mozilla/5.0 (Android 9; Mobile; rv:68.0) Gecko/68.0 Firefox/68.0",
          "windowSize": "360x612"
        },
        "pageinfo": {
          "documentHeight": 612,
          "documentSize": {
            "decodedBodySize": 20262,
            "encodedBodySize": 5167,
            "transferSize": 5800
          },
          "documentTitle": "手机鳳凰網提示",
          "documentWidth": 360,
          "domElements": 61,
          "navigationStartTime": 1617133017537,
          "nextHopProtocol": "http/1.1",
          "resources": {
            "count": 0,
            "duration": 0
          },
          "responsive": true,
          "url": "https://i.ifeng.com/ifengweb?ch=ifengweb",
          "visualElements": {
            "heroes": [],
            "viewport": {
              "height": 612,
              "width": 360
            }
          }
        },
        "timings": {
          "firstPaint": 1495,
          "loadEventEnd": 4488,
          "navigationTiming": {
            "connectStart": 695,
            "domComplete": 4482,
            "domContentLoadedEventEnd": 2998,
            "domContentLoadedEventStart": 2993,
            "domInteractive": 2605,
            "domainLookupEnd": 695,
            "domainLookupStart": 695,
            "duration": 4488,
            "fetchStart": 665,
            "loadEventEnd": 4488,
            "loadEventStart": 4483,
            "redirectEnd": 655,
            "redirectStart": 2,
            "requestStart": 1093,
            "responseEnd": 1305,
            "responseStart": 1301,
            "secureConnectionStart": 866,
            "startTime": 0,
            "unloadEventEnd": 0,
            "unloadEventStart": 0,
            "workerStart": 0
          },
          "pageTimings": {
            "backEndTime": 1301,
            "domContentLoadedTime": 2993,
            "domInteractiveTime": 2605,
            "domainLookupTime": 0,
            "frontEndTime": 3178,
            "pageDownloadTime": 4,
            "pageLoadTime": 4483,
            "redirectionTime": 653,
            "serverConnectionTime": 396,
            "serverResponseTime": 211
          },
          "rumSpeedIndex": 1300,
          "timeToContentfulPaint": 3052,
          "timeToDomContentFlushed": 2962,
          "userTimings": {
            "marks": [],
            "measures": []
          }
        }
      },
      {
        "browser": {
          "appConstants": {
            "ACCESSIBILITY": true,
            "ANDROID_PACKAGE_NAME": "org.mozilla.firefox",
            "ASAN": false,
            "ASAN_REPORTER": false,
            "BROWSER_CHROME_URL": "chrome://browser/content/browser.xul",
            "DEBUG": false,
            "DEBUG_JS_MODULES": "",
            "DLL_PREFIX": "lib",
            "DLL_SUFFIX": ".so",
            "EARLY_BETA_OR_EARLIER": false,
            "FENNEC_NIGHTLY": false,
            "HAVE_SHELL_SERVICE": false,
            "HAVE_USR_LIB64_DIR": false,
            "MENUBAR_CAN_AUTOHIDE": false,
            "MOZILLA_OFFICIAL": true,
            "MOZ_ALLOW_LEGACY_EXTENSIONS": false,
            "MOZ_ANDROID_ACTIVITY_STREAM": false,
            "MOZ_ANDROID_HISTORY": true,
            "MOZ_ANDROID_MOZILLA_ONLINE": false,
            "MOZ_APP_NAME": "fennec",
            "MOZ_APP_VERSION": "68.1.1",
            "MOZ_APP_VERSION_DISPLAY": "68.1.1",
            "MOZ_BING_API_CLIENTID": "no-bing-api-clientid",
            "MOZ_BING_API_KEY": "no-bing-api-key",
            "MOZ_BITS_DOWNLOAD": false,
            "MOZ_BUILD_APP": "mobile/android",
            "MOZ_CODE_COVERAGE": false,
            "MOZ_CRASHREPORTER": true,
            "MOZ_DATA_REPORTING": true,
            "MOZ_DEV_EDITION": false,
            "MOZ_GECKO_PROFILER": true,
            "MOZ_GOOGLE_LOCATION_SERVICE_API_KEY": "AIzaSyB2h2OuRcUgy5N-5hsZqiPW6sH3n_rptiQ",
            "MOZ_GOOGLE_SAFEBROWSING_API_KEY": "AIzaSyC7jsptDS3am4tPx4r3nxis7IMjBc5Dovo",
            "MOZ_GRAPHENE": false,
            "MOZ_MACBUNDLE_NAME": "Firefox.app",
            "MOZ_MAINTENANCE_SERVICE": false,
            "MOZ_MOZILLA_API_KEY": "3b4d27dd-703d-4094-8398-4de2c763505a",
            "MOZ_NEW_CERT_STORAGE": false,
            "MOZ_NEW_NOTIFICATION_STORE": false,
            "MOZ_NEW_XULSTORE": false,
            "MOZ_OFFICIAL_BRANDING": false,
            "MOZ_PLACES": false,
            "MOZ_REQUIRE_SIGNING": false,
            "MOZ_SANDBOX": false,
            "MOZ_SERVICES_HEALTHREPORT": true,
            "MOZ_SERVICES_SYNC": false,
            "MOZ_SWITCHBOARD": true,
            "MOZ_SYSTEM_NSS": false,
            "MOZ_TELEMETRY_ON_BY_DEFAULT": false,
            "MOZ_TELEMETRY_REPORTING": true,
            "MOZ_UNSIGNED_SCOPES": 0,
            "MOZ_UPDATER": false,
            "MOZ_UPDATE_CHANNEL": "release",
            "MOZ_WEBRTC": true,
            "MOZ_WIDGET_GTK": false,
            "MOZ_WIDGET_TOOLKIT": "android",
            "NIGHTLY_BUILD": false,
            "OMNIJAR_NAME": "assets/omni.ja",
            "RELEASE_OR_BETA": true,
            "SOURCE_REVISION_URL": "https://hg.mozilla.org/releases/mozilla-esr68/rev/d2e0b9e17b9bc1ef02606c8006b73293f7892ad5",
            "TELEMETRY_PING_FORMAT_VERSION": 4,
            "XP_UNIX": true,
            "isPlatformAndVersionAtLeast": {},
            "isPlatformAndVersionAtMost": {},
            "platform": "android"
          },
          "asyncAppConstants": {
            "ACCESSIBILITY": true,
            "ANDROID_PACKAGE_NAME": "org.mozilla.firefox",
            "ASAN": false,
            "ASAN_REPORTER": false,
            "BROWSER_CHROME_URL": "chrome://browser/content/browser.xul",
            "DEBUG": false,
            "DEBUG_JS_MODULES": "",
            "DLL_PREFIX": "lib",
            "DLL_SUFFIX": ".so",
            "EARLY_BETA_OR_EARLIER": false,
            "FENNEC_NIGHTLY": false,
            "HAVE_SHELL_SERVICE": false,
            "HAVE_USR_LIB64_DIR": false,
            "MENUBAR_CAN_AUTOHIDE": false,
            "MOZILLA_OFFICIAL": true,
            "MOZ_ALLOW_LEGACY_EXTENSIONS": false,
            "MOZ_ANDROID_ACTIVITY_STREAM": false,
            "MOZ_ANDROID_HISTORY": true,
            "MOZ_ANDROID_MOZILLA_ONLINE": false,
            "MOZ_APP_NAME": "fennec",
            "MOZ_APP_VERSION": "68.1.1",
            "MOZ_APP_VERSION_DISPLAY": "68.1.1",
            "MOZ_BING_API_CLIENTID": "no-bing-api-clientid",
            "MOZ_BING_API_KEY": "no-bing-api-key",
            "MOZ_BITS_DOWNLOAD": false,
            "MOZ_BUILD_APP": "mobile/android",
            "MOZ_CODE_COVERAGE": false,
            "MOZ_CRASHREPORTER": true,
            "MOZ_DATA_REPORTING": true,
            "MOZ_DEV_EDITION": false,
            "MOZ_GECKO_PROFILER": true,
            "MOZ_GOOGLE_LOCATION_SERVICE_API_KEY": "AIzaSyB2h2OuRcUgy5N-5hsZqiPW6sH3n_rptiQ",
            "MOZ_GOOGLE_SAFEBROWSING_API_KEY": "AIzaSyC7jsptDS3am4tPx4r3nxis7IMjBc5Dovo",
            "MOZ_GRAPHENE": false,
            "MOZ_MACBUNDLE_NAME": "Firefox.app",
            "MOZ_MAINTENANCE_SERVICE": false,
            "MOZ_MOZILLA_API_KEY": "3b4d27dd-703d-4094-8398-4de2c763505a",
            "MOZ_NEW_CERT_STORAGE": false,
            "MOZ_NEW_NOTIFICATION_STORE": false,
            "MOZ_NEW_XULSTORE": false,
            "MOZ_OFFICIAL_BRANDING": false,
            "MOZ_PLACES": false,
            "MOZ_REQUIRE_SIGNING": false,
            "MOZ_SANDBOX": false,
            "MOZ_SERVICES_HEALTHREPORT": true,
            "MOZ_SERVICES_SYNC": false,
            "MOZ_SWITCHBOARD": true,
            "MOZ_SYSTEM_NSS": false,
            "MOZ_TELEMETRY_ON_BY_DEFAULT": false,
            "MOZ_TELEMETRY_REPORTING": true,
            "MOZ_UNSIGNED_SCOPES": 0,
            "MOZ_UPDATER": false,
            "MOZ_UPDATE_CHANNEL": "release",
            "MOZ_WEBRTC": true,
            "MOZ_WIDGET_GTK": false,
            "MOZ_WIDGET_TOOLKIT": "android",
            "NIGHTLY_BUILD": false,
            "OMNIJAR_NAME": "assets/omni.ja",
            "RELEASE_OR_BETA": true,
            "SOURCE_REVISION_URL": "https://hg.mozilla.org/releases/mozilla-esr68/rev/d2e0b9e17b9bc1ef02606c8006b73293f7892ad5",
            "TELEMETRY_PING_FORMAT_VERSION": 4,
            "XP_UNIX": true,
            "isPlatformAndVersionAtLeast": {},
            "isPlatformAndVersionAtMost": {},
            "platform": "android"
          },
          "userAgent": "Mozilla/5.0 (Android 9; Mobile; rv:68.0) Gecko/68.0 Firefox/68.0",
          "windowSize": "360x612"
        },
        "pageinfo": {
          "documentHeight": 612,
          "documentSize": {
            "decodedBodySize": 20262,
            "encodedBodySize": 5166,
            "transferSize": 5806
          },
          "documentTitle": "手机鳳凰網提示",
          "documentWidth": 360,
          "domElements": 61,
          "navigationStartTime": 1617133034521,
          "nextHopProtocol": "http/1.1",
          "resources": {
            "count": 0,
            "duration": 0
          },
          "responsive": true,
          "url": "https://i.ifeng.com/ifengweb?ch=ifengweb",
          "visualElements": {
            "heroes": [],
            "viewport": {
              "height": 612,
              "width": 360
            }
          }
        },
        "timings": {
          "firstPaint": 1090,
          "loadEventEnd": 4136,
          "navigationTiming": {
            "connectStart": 316,
            "domComplete": 4128,
            "domContentLoadedEventEnd": 2568,
            "domContentLoadedEventStart": 2560,
            "domInteractive": 2189,
            "domainLookupEnd": 316,
            "domainLookupStart": 315,
            "duration": 4136,
            "fetchStart": 292,
            "loadEventEnd": 4136,
            "loadEventStart": 4129,
            "redirectEnd": 288,
            "redirectStart": 2,
            "requestStart": 727,
            "responseEnd": 920,
            "responseStart": 908,
            "secureConnectionStart": 500,
            "startTime": 0,
            "unloadEventEnd": 0,
            "unloadEventStart": 0,
            "workerStart": 0
          },
          "pageTimings": {
            "backEndTime": 908,
            "domContentLoadedTime": 2560,
            "domInteractiveTime": 2189,
            "domainLookupTime": 0,
            "frontEndTime": 3209,
            "pageDownloadTime": 12,
            "pageLoadTime": 4129,
            "redirectionTime": 286,
            "serverConnectionTime": 411,
            "serverResponseTime": 193
          },
          "rumSpeedIndex": 908,
          "timeToContentfulPaint": 2642,
          "timeToDomContentFlushed": 2530,
          "userTimings": {
            "marks": [],
            "measures": []
          }
        }
      }
    ],
    "visualMetrics": [],
    "cpu": [],
    "extras": [
      {},
      {},
      {}
    ],
    "fullyLoaded": [],
    "errors": [
      [],
      [],
      []
    ],
    "statistics": {
      "browser": {
        "appConstants": {
          "MOZ_UNSIGNED_SCOPES": {
            "median": 0,
            "mean": 0,
            "mdev": 0,
            "stddev": 0,
            "min": 0,
            "p10": 0,
            "p90": 0,
            "p99": 0,
            "max": 0
          },
          "TELEMETRY_PING_FORMAT_VERSION": {
            "median": 4,
            "mean": 4,
            "mdev": 0,
            "stddev": 0,
            "min": 4,
            "p10": 4,
            "p90": 4,
            "p99": 4,
            "max": 4
          }
        },
        "asyncAppConstants": {
          "MOZ_UNSIGNED_SCOPES": {
            "median": 0,
            "mean": 0,
            "mdev": 0,
            "stddev": 0,
            "min": 0,
            "p10": 0,
            "p90": 0,
            "p99": 0,
            "max": 0
          },
          "TELEMETRY_PING_FORMAT_VERSION": {
            "median": 4,
            "mean": 4,
            "mdev": 0,
            "stddev": 0,
            "min": 4,
            "p10": 4,
            "p90": 4,
            "p99": 4,
            "max": 4
          }
        }
      },
      "pageinfo": {
        "documentHeight": {
          "median": 612,
          "mean": 612,
          "mdev": 0,
          "stddev": 0,
          "min": 612,
          "p10": 612,
          "p90": 612,
          "p99": 612,
          "max": 612
        },
        "documentSize": {
          "decodedBodySize": {
            "median": 20262,
            "mean": 20262,
            "mdev": 0,
            "stddev": 0,
            "min": 20262,
            "p10": 20262,
            "p90": 20262,
            "p99": 20262,
            "max": 20262
          },
          "encodedBodySize": {
            "median": 5166,
            "mean": 5166,
            "mdev": 0.2722,
            "stddev": 0,
            "min": 5166,
            "p10": 5166,
            "p90": 5167,
            "p99": 5167,
            "max": 5167
          },
          "transferSize": {
            "median": 5800,
            "mean": 5802,
            "mdev": 1.7847,
            "stddev": 3,
            "min": 5799,
            "p10": 5799,
            "p90": 5806,
            "p99": 5806,
            "max": 5806
          }
        },
        "documentWidth": {
          "median": 360,
          "mean": 360,
          "mdev": 0,
          "stddev": 0,
          "min": 360,
          "p10": 360,
          "p90": 360,
          "p99": 360,
          "max": 360
        },
        "domElements": {
          "median": 61,
          "mean": 61,
          "mdev": 0,
          "stddev": 0,
          "min": 61,
          "p10": 61,
          "p90": 61,
          "p99": 61,
          "max": 61
        },
        "navigationStartTime": {
          "median": 1617133017537,
          "mean": 1617133017470,
          "mdev": 0,
          "stddev": 0,
          "min": 1617133000353,
          "p10": 1617133000353,
          "p90": 1617133034521,
          "p99": 1617133034521,
          "max": 1617133034521
        },
        "resources": {
          "count": {
            "median": 0,
            "mean": 0,
            "mdev": 0,
            "stddev": 0,
            "min": 0,
            "p10": 0,
            "p90": 0,
            "p99": 0,
            "max": 0
          },
          "duration": {
            "median": 0,
            "mean": 0,
            "mdev": 0,
            "stddev": 0,
            "min": 0,
            "p10": 0,
            "p90": 0,
            "p99": 0,
            "max": 0
          }
        },
        "visualElements": {
          "viewport": {
            "height": {
              "median": 612,
              "mean": 612,
              "mdev": 0,
              "stddev": 0,
              "min": 612,
              "p10": 612,
              "p90": 612,
              "p99": 612,
              "max": 612
            },
            "width": {
              "median": 360,
              "mean": 360,
              "mdev": 0,
              "stddev": 0,
              "min": 360,
              "p10": 360,
              "p90": 360,
              "p99": 360,
              "max": 360
            }
          }
        }
      },
      "timings": {
        "firstPaint": {
          "median": 1303,
          "mean": 1296,
          "mdev": 95.5022,
          "stddev": 165,
          "min": 1090,
          "p10": 1090,
          "p90": 1495,
          "p99": 1495,
          "max": 1495
        },
        "loadEventEnd": {
          "median": 4239,
          "mean": 4288,
          "mdev": 85.3129,
          "stddev": 148,
          "min": 4136,
          "p10": 4136,
          "p90": 4488,
          "p99": 4488,
          "max": 4488
        },
        "navigationTiming": {
          "connectStart": {
            "median": 510,
            "mean": 507,
            "mdev": 89.3396,
            "stddev": 155,
            "min": 316,
            "p10": 316,
            "p90": 695,
            "p99": 695,
            "max": 695
          },
          "domComplete": {
            "median": 4236,
            "mean": 4282,
            "mdev": 85.5258,
            "stddev": 148,
            "min": 4128,
            "p10": 4128,
            "p90": 4482,
            "p99": 4482,
            "max": 4482
          },
          "domContentLoadedEventEnd": {
            "median": 2780,
            "mean": 2782,
            "mdev": 101.3553,
            "stddev": 176,
            "min": 2568,
            "p10": 2568,
            "p90": 2998,
            "p99": 2998,
            "max": 2998
          },
          "domContentLoadedEventStart": {
            "median": 2769,
            "mean": 2774,
            "mdev": 102.0795,
            "stddev": 177,
            "min": 2560,
            "p10": 2560,
            "p90": 2993,
            "p99": 2993,
            "max": 2993
          },
          "domInteractive": {
            "median": 2397,
            "mean": 2397,
            "mdev": 98.0521,
            "stddev": 170,
            "min": 2189,
            "p10": 2189,
            "p90": 2605,
            "p99": 2605,
            "max": 2605
          },
          "domainLookupEnd": {
            "median": 509,
            "mean": 507,
            "mdev": 89.3362,
            "stddev": 155,
            "min": 316,
            "p10": 316,
            "p90": 695,
            "p99": 695,
            "max": 695
          },
          "domainLookupStart": {
            "median": 509,
            "mean": 506,
            "mdev": 89.5735,
            "stddev": 155,
            "min": 315,
            "p10": 315,
            "p90": 695,
            "p99": 695,
            "max": 695
          },
          "duration": {
            "median": 4239,
            "mean": 4288,
            "mdev": 85.3129,
            "stddev": 148,
            "min": 4136,
            "p10": 4136,
            "p90": 4488,
            "p99": 4488,
            "max": 4488
          },
          "fetchStart": {
            "median": 479,
            "mean": 479,
            "mdev": 87.917,
            "stddev": 152,
            "min": 292,
            "p10": 292,
            "p90": 665,
            "p99": 665,
            "max": 665
          },
          "loadEventEnd": {
            "median": 4239,
            "mean": 4288,
            "mdev": 85.3129,
            "stddev": 148,
            "min": 4136,
            "p10": 4136,
            "p90": 4488,
            "p99": 4488,
            "max": 4488
          },
          "loadEventStart": {
            "median": 4237,
            "mean": 4283,
            "mdev": 85.5258,
            "stddev": 148,
            "min": 4129,
            "p10": 4129,
            "p90": 4483,
            "p99": 4483,
            "max": 4483
          },
          "redirectEnd": {
            "median": 475,
            "mean": 473,
            "mdev": 86.508,
            "stddev": 150,
            "min": 288,
            "p10": 288,
            "p90": 655,
            "p99": 655,
            "max": 655
          },
          "redirectStart": {
            "median": 2,
            "mean": 2,
            "mdev": 0,
            "stddev": 0,
            "min": 2,
            "p10": 2,
            "p90": 2,
            "p99": 2,
            "max": 2
          },
          "requestStart": {
            "median": 906,
            "mean": 909,
            "mdev": 86.2739,
            "stddev": 149,
            "min": 727,
            "p10": 727,
            "p90": 1093,
            "p99": 1093,
            "max": 1093
          },
          "responseEnd": {
            "median": 1098,
            "mean": 1108,
            "mdev": 90.8311,
            "stddev": 157,
            "min": 920,
            "p10": 920,
            "p90": 1305,
            "p99": 1305,
            "max": 1305
          },
          "responseStart": {
            "median": 1068,
            "mean": 1092,
            "mdev": 93.1621,
            "stddev": 161,
            "min": 908,
            "p10": 908,
            "p90": 1301,
            "p99": 1301,
            "max": 1301
          },
          "secureConnectionStart": {
            "median": 680,
            "mean": 682,
            "mdev": 86.2709,
            "stddev": 149,
            "min": 500,
            "p10": 500,
            "p90": 866,
            "p99": 866,
            "max": 866
          },
          "startTime": {
            "median": 0,
            "mean": 0,
            "mdev": 0,
            "stddev": 0,
            "min": 0,
            "p10": 0,
            "p90": 0,
            "p99": 0,
            "max": 0
          },
          "unloadEventEnd": {
            "median": 0,
            "mean": 0,
            "mdev": 0,
            "stddev": 0,
            "min": 0,
            "p10": 0,
            "p90": 0,
            "p99": 0,
            "max": 0
          },
          "unloadEventStart": {
            "median": 0,
            "mean": 0,
            "mdev": 0,
            "stddev": 0,
            "min": 0,
            "p10": 0,
            "p90": 0,
            "p99": 0,
            "max": 0
          },
          "workerStart": {
            "median": 0,
            "mean": 0,
            "mdev": 0,
            "stddev": 0,
            "min": 0,
            "p10": 0,
            "p90": 0,
            "p99": 0,
            "max": 0
          }
        },
        "pageTimings": {
          "backEndTime": {
            "median": 1068,
            "mean": 1092,
            "mdev": 93.1621,
            "stddev": 161,
            "min": 908,
            "p10": 908,
            "p90": 1301,
            "p99": 1301,
            "max": 1301
          },
          "domContentLoadedTime": {
            "median": 2769,
            "mean": 2774,
            "mdev": 102.0795,
            "stddev": 177,
            "min": 2560,
            "p10": 2560,
            "p90": 2993,
            "p99": 2993,
            "max": 2993
          },
          "domInteractiveTime": {
            "median": 2397,
            "mean": 2397,
            "mdev": 98.0521,
            "stddev": 170,
            "min": 2189,
            "p10": 2189,
            "p90": 2605,
            "p99": 2605,
            "max": 2605
          },
          "domainLookupTime": {
            "median": 0,
            "mean": 0,
            "mdev": 0,
            "stddev": 0,
            "min": 0,
            "p10": 0,
            "p90": 0,
            "p99": 0,
            "max": 0
          },
          "frontEndTime": {
            "median": 3178,
            "mean": 3175,
            "mdev": 16.535,
            "stddev": 29,
            "min": 3139,
            "p10": 3139,
            "p90": 3209,
            "p99": 3209,
            "max": 3209
          },
          "pageDownloadTime": {
            "median": 12,
            "mean": 15,
            "mdev": 6.2775,
            "stddev": 11,
            "min": 4,
            "p10": 4,
            "p90": 30,
            "p99": 30,
            "max": 30
          },
          "pageLoadTime": {
            "median": 4237,
            "mean": 4283,
            "mdev": 85.5258,
            "stddev": 148,
            "min": 4129,
            "p10": 4129,
            "p90": 4483,
            "p99": 4483,
            "max": 4483
          },
          "redirectionTime": {
            "median": 473,
            "mean": 471,
            "mdev": 86.508,
            "stddev": 150,
            "min": 286,
            "p10": 286,
            "p90": 653,
            "p99": 653,
            "max": 653
          },
          "serverConnectionTime": {
            "median": 396,
            "mean": 401,
            "mdev": 4.2251,
            "stddev": 7,
            "min": 395,
            "p10": 395,
            "p90": 411,
            "p99": 411,
            "max": 411
          },
          "serverResponseTime": {
            "median": 193,
            "mean": 199,
            "mdev": 5.0406,
            "stddev": 9,
            "min": 192,
            "p10": 192,
            "p90": 211,
            "p99": 211,
            "max": 211
          }
        },
        "rumSpeedIndex": {
          "median": 1068,
          "mean": 1092,
          "mdev": 92.9133,
          "stddev": 161,
          "min": 908,
          "p10": 908,
          "p90": 1300,
          "p99": 1300,
          "max": 1300
        },
        "timeToContentfulPaint": {
          "median": 2848,
          "mean": 2847,
          "mdev": 96.6383,
          "stddev": 167,
          "min": 2642,
          "p10": 2642,
          "p90": 3052,
          "p99": 3052,
          "max": 3052
        },
        "timeToDomContentFlushed": {
          "median": 2738,
          "mean": 2743,
          "mdev": 101.8467,
          "stddev": 176,
          "min": 2530,
          "p10": 2530,
          "p90": 2962,
          "p99": 2962,
          "max": 2962
        }
      }
    }
  }
]