[
  {
    "info": {
      "browsertime": {
        "version": "8.4.0"
      },
      "url": "https://www.hao123.com/",
      "timestamp": "2021-03-30T19:05:22+04:00",
      "connectivity": {
        "engine": "external",
        "profile": "native"
      },
      "extra": {}
    },
    "files": {
      "video": [],
      "screenshot": [],
      "timeline": [],
      "consoleLog": [],
      "netLog": [],
      "perfLog": []
    },
    "cdp": {
      "performance": []
    },
    "timestamps": [
      "2021-03-30T19:03:40+04:00",
      "2021-03-30T19:05:28+04:00",
      "2021-03-30T19:07:16+04:00"
    ],
    "browserScripts": [
      {
        "browser": {
          "appConstants": {
            "ACCESSIBILITY": true,
            "ANDROID_PACKAGE_NAME": "org.mozilla.firefox",
            "ASAN": false,
            "ASAN_REPORTER": false,
            "BROWSER_CHROME_URL": "chrome://browser/content/browser.xul",
            "DEBUG": false,
            "DEBUG_JS_MODULES": "",
            "DLL_PREFIX": "lib",
            "DLL_SUFFIX": ".so",
            "EARLY_BETA_OR_EARLIER": false,
            "FENNEC_NIGHTLY": false,
            "HAVE_SHELL_SERVICE": false,
            "HAVE_USR_LIB64_DIR": false,
            "MENUBAR_CAN_AUTOHIDE": false,
            "MOZILLA_OFFICIAL": true,
            "MOZ_ALLOW_LEGACY_EXTENSIONS": false,
            "MOZ_ANDROID_ACTIVITY_STREAM": false,
            "MOZ_ANDROID_HISTORY": true,
            "MOZ_ANDROID_MOZILLA_ONLINE": false,
            "MOZ_APP_NAME": "fennec",
            "MOZ_APP_VERSION": "68.1.1",
            "MOZ_APP_VERSION_DISPLAY": "68.1.1",
            "MOZ_BING_API_CLIENTID": "no-bing-api-clientid",
            "MOZ_BING_API_KEY": "no-bing-api-key",
            "MOZ_BITS_DOWNLOAD": false,
            "MOZ_BUILD_APP": "mobile/android",
            "MOZ_CODE_COVERAGE": false,
            "MOZ_CRASHREPORTER": true,
            "MOZ_DATA_REPORTING": true,
            "MOZ_DEV_EDITION": false,
            "MOZ_GECKO_PROFILER": true,
            "MOZ_GOOGLE_LOCATION_SERVICE_API_KEY": "AIzaSyB2h2OuRcUgy5N-5hsZqiPW6sH3n_rptiQ",
            "MOZ_GOOGLE_SAFEBROWSING_API_KEY": "AIzaSyC7jsptDS3am4tPx4r3nxis7IMjBc5Dovo",
            "MOZ_GRAPHENE": false,
            "MOZ_MACBUNDLE_NAME": "Firefox.app",
            "MOZ_MAINTENANCE_SERVICE": false,
            "MOZ_MOZILLA_API_KEY": "3b4d27dd-703d-4094-8398-4de2c763505a",
            "MOZ_NEW_CERT_STORAGE": false,
            "MOZ_NEW_NOTIFICATION_STORE": false,
            "MOZ_NEW_XULSTORE": false,
            "MOZ_OFFICIAL_BRANDING": false,
            "MOZ_PLACES": false,
            "MOZ_REQUIRE_SIGNING": false,
            "MOZ_SANDBOX": false,
            "MOZ_SERVICES_HEALTHREPORT": true,
            "MOZ_SERVICES_SYNC": false,
            "MOZ_SWITCHBOARD": true,
            "MOZ_SYSTEM_NSS": false,
            "MOZ_TELEMETRY_ON_BY_DEFAULT": false,
            "MOZ_TELEMETRY_REPORTING": true,
            "MOZ_UNSIGNED_SCOPES": 0,
            "MOZ_UPDATER": false,
            "MOZ_UPDATE_CHANNEL": "release",
            "MOZ_WEBRTC": true,
            "MOZ_WIDGET_GTK": false,
            "MOZ_WIDGET_TOOLKIT": "android",
            "NIGHTLY_BUILD": false,
            "OMNIJAR_NAME": "assets/omni.ja",
            "RELEASE_OR_BETA": true,
            "SOURCE_REVISION_URL": "https://hg.mozilla.org/releases/mozilla-esr68/rev/d2e0b9e17b9bc1ef02606c8006b73293f7892ad5",
            "TELEMETRY_PING_FORMAT_VERSION": 4,
            "XP_UNIX": true,
            "isPlatformAndVersionAtLeast": {},
            "isPlatformAndVersionAtMost": {},
            "platform": "android"
          },
          "asyncAppConstants": {
            "ACCESSIBILITY": true,
            "ANDROID_PACKAGE_NAME": "org.mozilla.firefox",
            "ASAN": false,
            "ASAN_REPORTER": false,
            "BROWSER_CHROME_URL": "chrome://browser/content/browser.xul",
            "DEBUG": false,
            "DEBUG_JS_MODULES": "",
            "DLL_PREFIX": "lib",
            "DLL_SUFFIX": ".so",
            "EARLY_BETA_OR_EARLIER": false,
            "FENNEC_NIGHTLY": false,
            "HAVE_SHELL_SERVICE": false,
            "HAVE_USR_LIB64_DIR": false,
            "MENUBAR_CAN_AUTOHIDE": false,
            "MOZILLA_OFFICIAL": true,
            "MOZ_ALLOW_LEGACY_EXTENSIONS": false,
            "MOZ_ANDROID_ACTIVITY_STREAM": false,
            "MOZ_ANDROID_HISTORY": true,
            "MOZ_ANDROID_MOZILLA_ONLINE": false,
            "MOZ_APP_NAME": "fennec",
            "MOZ_APP_VERSION": "68.1.1",
            "MOZ_APP_VERSION_DISPLAY": "68.1.1",
            "MOZ_BING_API_CLIENTID": "no-bing-api-clientid",
            "MOZ_BING_API_KEY": "no-bing-api-key",
            "MOZ_BITS_DOWNLOAD": false,
            "MOZ_BUILD_APP": "mobile/android",
            "MOZ_CODE_COVERAGE": false,
            "MOZ_CRASHREPORTER": true,
            "MOZ_DATA_REPORTING": true,
            "MOZ_DEV_EDITION": false,
            "MOZ_GECKO_PROFILER": true,
            "MOZ_GOOGLE_LOCATION_SERVICE_API_KEY": "AIzaSyB2h2OuRcUgy5N-5hsZqiPW6sH3n_rptiQ",
            "MOZ_GOOGLE_SAFEBROWSING_API_KEY": "AIzaSyC7jsptDS3am4tPx4r3nxis7IMjBc5Dovo",
            "MOZ_GRAPHENE": false,
            "MOZ_MACBUNDLE_NAME": "Firefox.app",
            "MOZ_MAINTENANCE_SERVICE": false,
            "MOZ_MOZILLA_API_KEY": "3b4d27dd-703d-4094-8398-4de2c763505a",
            "MOZ_NEW_CERT_STORAGE": false,
            "MOZ_NEW_NOTIFICATION_STORE": false,
            "MOZ_NEW_XULSTORE": false,
            "MOZ_OFFICIAL_BRANDING": false,
            "MOZ_PLACES": false,
            "MOZ_REQUIRE_SIGNING": false,
            "MOZ_SANDBOX": false,
            "MOZ_SERVICES_HEALTHREPORT": true,
            "MOZ_SERVICES_SYNC": false,
            "MOZ_SWITCHBOARD": true,
            "MOZ_SYSTEM_NSS": false,
            "MOZ_TELEMETRY_ON_BY_DEFAULT": false,
            "MOZ_TELEMETRY_REPORTING": true,
            "MOZ_UNSIGNED_SCOPES": 0,
            "MOZ_UPDATER": false,
            "MOZ_UPDATE_CHANNEL": "release",
            "MOZ_WEBRTC": true,
            "MOZ_WIDGET_GTK": false,
            "MOZ_WIDGET_TOOLKIT": "android",
            "NIGHTLY_BUILD": false,
            "OMNIJAR_NAME": "assets/omni.ja",
            "RELEASE_OR_BETA": true,
            "SOURCE_REVISION_URL": "https://hg.mozilla.org/releases/mozilla-esr68/rev/d2e0b9e17b9bc1ef02606c8006b73293f7892ad5",
            "TELEMETRY_PING_FORMAT_VERSION": 4,
            "XP_UNIX": true,
            "isPlatformAndVersionAtLeast": {},
            "isPlatformAndVersionAtMost": {},
            "platform": "android"
          },
          "userAgent": "Mozilla/5.0 (Android 9; Mobile; rv:68.0) Gecko/68.0 Firefox/68.0",
          "windowSize": "360x612"
        },
        "pageinfo": {
          "documentHeight": 1100,
          "documentSize": {
            "decodedBodySize": 117464,
            "encodedBodySize": 33458,
            "transferSize": 34723
          },
          "documentTitle": "hao123导航-上网从这里开始",
          "documentWidth": 360,
          "domElements": 744,
          "navigationStartTime": 1617116621507,
          "nextHopProtocol": "http/1.1",
          "resources": {
            "count": 0,
            "duration": 0
          },
          "responsive": true,
          "url": "http://m.hao123.com/?vit=h123&from=3w123",
          "visualElements": {
            "heroes": [
              {
                "filename": "5fa8d2d4fd6b5a2b9dfc1cbb9920504c",
                "height": 50,
                "name": "LargestImage",
                "width": 360,
                "x": 0,
                "y": 579
              },
              {
                "filename": null,
                "height": 65,
                "name": "Heading",
                "width": 360,
                "x": 0,
                "y": 0
              }
            ],
            "viewport": {
              "height": 612,
              "width": 360
            }
          }
        },
        "timings": {
          "firstPaint": 3446,
          "loadEventEnd": 94295,
          "navigationTiming": {
            "connectStart": 949,
            "domComplete": 94285,
            "domContentLoadedEventEnd": 4153,
            "domContentLoadedEventStart": 4148,
            "domInteractive": 4137,
            "domainLookupEnd": 948,
            "domainLookupStart": 948,
            "duration": 94295,
            "fetchStart": 904,
            "loadEventEnd": 94295,
            "loadEventStart": 94285,
            "redirectEnd": 896,
            "redirectStart": 2,
            "requestStart": 1274,
            "responseEnd": 1664,
            "responseStart": 1664,
            "secureConnectionStart": 0,
            "startTime": 0,
            "unloadEventEnd": 0,
            "unloadEventStart": 0,
            "workerStart": 0
          },
          "pageTimings": {
            "backEndTime": 1664,
            "domContentLoadedTime": 4148,
            "domInteractiveTime": 4137,
            "domainLookupTime": 0,
            "frontEndTime": 92622,
            "pageDownloadTime": 0,
            "pageLoadTime": 94285,
            "redirectionTime": 894,
            "serverConnectionTime": 325,
            "serverResponseTime": 389
          },
          "rumSpeedIndex": 1663,
          "timeToContentfulPaint": 4009,
          "timeToDomContentFlushed": 4138,
          "timeToFirstInteractive": 13874,
          "userTimings": {
            "marks": [],
            "measures": []
          }
        }
      },
      {
        "browser": {
          "appConstants": {
            "ACCESSIBILITY": true,
            "ANDROID_PACKAGE_NAME": "org.mozilla.firefox",
            "ASAN": false,
            "ASAN_REPORTER": false,
            "BROWSER_CHROME_URL": "chrome://browser/content/browser.xul",
            "DEBUG": false,
            "DEBUG_JS_MODULES": "",
            "DLL_PREFIX": "lib",
            "DLL_SUFFIX": ".so",
            "EARLY_BETA_OR_EARLIER": false,
            "FENNEC_NIGHTLY": false,
            "HAVE_SHELL_SERVICE": false,
            "HAVE_USR_LIB64_DIR": false,
            "MENUBAR_CAN_AUTOHIDE": false,
            "MOZILLA_OFFICIAL": true,
            "MOZ_ALLOW_LEGACY_EXTENSIONS": false,
            "MOZ_ANDROID_ACTIVITY_STREAM": false,
            "MOZ_ANDROID_HISTORY": true,
            "MOZ_ANDROID_MOZILLA_ONLINE": false,
            "MOZ_APP_NAME": "fennec",
            "MOZ_APP_VERSION": "68.1.1",
            "MOZ_APP_VERSION_DISPLAY": "68.1.1",
            "MOZ_BING_API_CLIENTID": "no-bing-api-clientid",
            "MOZ_BING_API_KEY": "no-bing-api-key",
            "MOZ_BITS_DOWNLOAD": false,
            "MOZ_BUILD_APP": "mobile/android",
            "MOZ_CODE_COVERAGE": false,
            "MOZ_CRASHREPORTER": true,
            "MOZ_DATA_REPORTING": true,
            "MOZ_DEV_EDITION": false,
            "MOZ_GECKO_PROFILER": true,
            "MOZ_GOOGLE_LOCATION_SERVICE_API_KEY": "AIzaSyB2h2OuRcUgy5N-5hsZqiPW6sH3n_rptiQ",
            "MOZ_GOOGLE_SAFEBROWSING_API_KEY": "AIzaSyC7jsptDS3am4tPx4r3nxis7IMjBc5Dovo",
            "MOZ_GRAPHENE": false,
            "MOZ_MACBUNDLE_NAME": "Firefox.app",
            "MOZ_MAINTENANCE_SERVICE": false,
            "MOZ_MOZILLA_API_KEY": "3b4d27dd-703d-4094-8398-4de2c763505a",
            "MOZ_NEW_CERT_STORAGE": false,
            "MOZ_NEW_NOTIFICATION_STORE": false,
            "MOZ_NEW_XULSTORE": false,
            "MOZ_OFFICIAL_BRANDING": false,
            "MOZ_PLACES": false,
            "MOZ_REQUIRE_SIGNING": false,
            "MOZ_SANDBOX": false,
            "MOZ_SERVICES_HEALTHREPORT": true,
            "MOZ_SERVICES_SYNC": false,
            "MOZ_SWITCHBOARD": true,
            "MOZ_SYSTEM_NSS": false,
            "MOZ_TELEMETRY_ON_BY_DEFAULT": false,
            "MOZ_TELEMETRY_REPORTING": true,
            "MOZ_UNSIGNED_SCOPES": 0,
            "MOZ_UPDATER": false,
            "MOZ_UPDATE_CHANNEL": "release",
            "MOZ_WEBRTC": true,
            "MOZ_WIDGET_GTK": false,
            "MOZ_WIDGET_TOOLKIT": "android",
            "NIGHTLY_BUILD": false,
            "OMNIJAR_NAME": "assets/omni.ja",
            "RELEASE_OR_BETA": true,
            "SOURCE_REVISION_URL": "https://hg.mozilla.org/releases/mozilla-esr68/rev/d2e0b9e17b9bc1ef02606c8006b73293f7892ad5",
            "TELEMETRY_PING_FORMAT_VERSION": 4,
            "XP_UNIX": true,
            "isPlatformAndVersionAtLeast": {},
            "isPlatformAndVersionAtMost": {},
            "platform": "android"
          },
          "asyncAppConstants": {
            "ACCESSIBILITY": true,
            "ANDROID_PACKAGE_NAME": "org.mozilla.firefox",
            "ASAN": false,
            "ASAN_REPORTER": false,
            "BROWSER_CHROME_URL": "chrome://browser/content/browser.xul",
            "DEBUG": false,
            "DEBUG_JS_MODULES": "",
            "DLL_PREFIX": "lib",
            "DLL_SUFFIX": ".so",
            "EARLY_BETA_OR_EARLIER": false,
            "FENNEC_NIGHTLY": false,
            "HAVE_SHELL_SERVICE": false,
            "HAVE_USR_LIB64_DIR": false,
            "MENUBAR_CAN_AUTOHIDE": false,
            "MOZILLA_OFFICIAL": true,
            "MOZ_ALLOW_LEGACY_EXTENSIONS": false,
            "MOZ_ANDROID_ACTIVITY_STREAM": false,
            "MOZ_ANDROID_HISTORY": true,
            "MOZ_ANDROID_MOZILLA_ONLINE": false,
            "MOZ_APP_NAME": "fennec",
            "MOZ_APP_VERSION": "68.1.1",
            "MOZ_APP_VERSION_DISPLAY": "68.1.1",
            "MOZ_BING_API_CLIENTID": "no-bing-api-clientid",
            "MOZ_BING_API_KEY": "no-bing-api-key",
            "MOZ_BITS_DOWNLOAD": false,
            "MOZ_BUILD_APP": "mobile/android",
            "MOZ_CODE_COVERAGE": false,
            "MOZ_CRASHREPORTER": true,
            "MOZ_DATA_REPORTING": true,
            "MOZ_DEV_EDITION": false,
            "MOZ_GECKO_PROFILER": true,
            "MOZ_GOOGLE_LOCATION_SERVICE_API_KEY": "AIzaSyB2h2OuRcUgy5N-5hsZqiPW6sH3n_rptiQ",
            "MOZ_GOOGLE_SAFEBROWSING_API_KEY": "AIzaSyC7jsptDS3am4tPx4r3nxis7IMjBc5Dovo",
            "MOZ_GRAPHENE": false,
            "MOZ_MACBUNDLE_NAME": "Firefox.app",
            "MOZ_MAINTENANCE_SERVICE": false,
            "MOZ_MOZILLA_API_KEY": "3b4d27dd-703d-4094-8398-4de2c763505a",
            "MOZ_NEW_CERT_STORAGE": false,
            "MOZ_NEW_NOTIFICATION_STORE": false,
            "MOZ_NEW_XULSTORE": false,
            "MOZ_OFFICIAL_BRANDING": false,
            "MOZ_PLACES": false,
            "MOZ_REQUIRE_SIGNING": false,
            "MOZ_SANDBOX": false,
            "MOZ_SERVICES_HEALTHREPORT": true,
            "MOZ_SERVICES_SYNC": false,
            "MOZ_SWITCHBOARD": true,
            "MOZ_SYSTEM_NSS": false,
            "MOZ_TELEMETRY_ON_BY_DEFAULT": false,
            "MOZ_TELEMETRY_REPORTING": true,
            "MOZ_UNSIGNED_SCOPES": 0,
            "MOZ_UPDATER": false,
            "MOZ_UPDATE_CHANNEL": "release",
            "MOZ_WEBRTC": true,
            "MOZ_WIDGET_GTK": false,
            "MOZ_WIDGET_TOOLKIT": "android",
            "NIGHTLY_BUILD": false,
            "OMNIJAR_NAME": "assets/omni.ja",
            "RELEASE_OR_BETA": true,
            "SOURCE_REVISION_URL": "https://hg.mozilla.org/releases/mozilla-esr68/rev/d2e0b9e17b9bc1ef02606c8006b73293f7892ad5",
            "TELEMETRY_PING_FORMAT_VERSION": 4,
            "XP_UNIX": true,
            "isPlatformAndVersionAtLeast": {},
            "isPlatformAndVersionAtMost": {},
            "platform": "android"
          },
          "userAgent": "Mozilla/5.0 (Android 9; Mobile; rv:68.0) Gecko/68.0 Firefox/68.0",
          "windowSize": "360x612"
        },
        "pageinfo": {
          "documentHeight": 1100,
          "documentSize": {
            "decodedBodySize": 117464,
            "encodedBodySize": 33426,
            "transferSize": 34691
          },
          "documentTitle": "hao123导航-上网从这里开始",
          "documentWidth": 360,
          "domElements": 744,
          "navigationStartTime": 1617116729213,
          "nextHopProtocol": "http/1.1",
          "resources": {
            "count": 0,
            "duration": 0
          },
          "responsive": true,
          "url": "http://m.hao123.com/?vit=h123&from=3w123",
          "visualElements": {
            "heroes": [
              {
                "filename": "5fa8d2d4fd6b5a2b9dfc1cbb9920504c",
                "height": 50,
                "name": "LargestImage",
                "width": 360,
                "x": 0,
                "y": 579
              },
              {
                "filename": null,
                "height": 65,
                "name": "Heading",
                "width": 360,
                "x": 0,
                "y": 0
              }
            ],
            "viewport": {
              "height": 612,
              "width": 360
            }
          }
        },
        "timings": {
          "firstPaint": 3250,
          "loadEventEnd": 95661,
          "navigationTiming": {
            "connectStart": 1108,
            "domComplete": 95658,
            "domContentLoadedEventEnd": 4651,
            "domContentLoadedEventStart": 4646,
            "domInteractive": 4635,
            "domainLookupEnd": 1108,
            "domainLookupStart": 1107,
            "duration": 95661,
            "fetchStart": 1068,
            "loadEventEnd": 95661,
            "loadEventStart": 95658,
            "redirectEnd": 1057,
            "redirectStart": 2,
            "requestStart": 1621,
            "responseEnd": 1961,
            "responseStart": 1961,
            "secureConnectionStart": 0,
            "startTime": 0,
            "unloadEventEnd": 0,
            "unloadEventStart": 0,
            "workerStart": 0
          },
          "pageTimings": {
            "backEndTime": 1961,
            "domContentLoadedTime": 4646,
            "domInteractiveTime": 4635,
            "domainLookupTime": 0,
            "frontEndTime": 93697,
            "pageDownloadTime": 0,
            "pageLoadTime": 95658,
            "redirectionTime": 1055,
            "serverConnectionTime": 513,
            "serverResponseTime": 340
          },
          "rumSpeedIndex": 1961,
          "timeToContentfulPaint": 4455,
          "timeToDomContentFlushed": 4635,
          "timeToFirstInteractive": 9991,
          "userTimings": {
            "marks": [],
            "measures": []
          }
        }
      },
      {
        "browser": {
          "appConstants": {
            "ACCESSIBILITY": true,
            "ANDROID_PACKAGE_NAME": "org.mozilla.firefox",
            "ASAN": false,
            "ASAN_REPORTER": false,
            "BROWSER_CHROME_URL": "chrome://browser/content/browser.xul",
            "DEBUG": false,
            "DEBUG_JS_MODULES": "",
            "DLL_PREFIX": "lib",
            "DLL_SUFFIX": ".so",
            "EARLY_BETA_OR_EARLIER": false,
            "FENNEC_NIGHTLY": false,
            "HAVE_SHELL_SERVICE": false,
            "HAVE_USR_LIB64_DIR": false,
            "MENUBAR_CAN_AUTOHIDE": false,
            "MOZILLA_OFFICIAL": true,
            "MOZ_ALLOW_LEGACY_EXTENSIONS": false,
            "MOZ_ANDROID_ACTIVITY_STREAM": false,
            "MOZ_ANDROID_HISTORY": true,
            "MOZ_ANDROID_MOZILLA_ONLINE": false,
            "MOZ_APP_NAME": "fennec",
            "MOZ_APP_VERSION": "68.1.1",
            "MOZ_APP_VERSION_DISPLAY": "68.1.1",
            "MOZ_BING_API_CLIENTID": "no-bing-api-clientid",
            "MOZ_BING_API_KEY": "no-bing-api-key",
            "MOZ_BITS_DOWNLOAD": false,
            "MOZ_BUILD_APP": "mobile/android",
            "MOZ_CODE_COVERAGE": false,
            "MOZ_CRASHREPORTER": true,
            "MOZ_DATA_REPORTING": true,
            "MOZ_DEV_EDITION": false,
            "MOZ_GECKO_PROFILER": true,
            "MOZ_GOOGLE_LOCATION_SERVICE_API_KEY": "AIzaSyB2h2OuRcUgy5N-5hsZqiPW6sH3n_rptiQ",
            "MOZ_GOOGLE_SAFEBROWSING_API_KEY": "AIzaSyC7jsptDS3am4tPx4r3nxis7IMjBc5Dovo",
            "MOZ_GRAPHENE": false,
            "MOZ_MACBUNDLE_NAME": "Firefox.app",
            "MOZ_MAINTENANCE_SERVICE": false,
            "MOZ_MOZILLA_API_KEY": "3b4d27dd-703d-4094-8398-4de2c763505a",
            "MOZ_NEW_CERT_STORAGE": false,
            "MOZ_NEW_NOTIFICATION_STORE": false,
            "MOZ_NEW_XULSTORE": false,
            "MOZ_OFFICIAL_BRANDING": false,
            "MOZ_PLACES": false,
            "MOZ_REQUIRE_SIGNING": false,
            "MOZ_SANDBOX": false,
            "MOZ_SERVICES_HEALTHREPORT": true,
            "MOZ_SERVICES_SYNC": false,
            "MOZ_SWITCHBOARD": true,
            "MOZ_SYSTEM_NSS": false,
            "MOZ_TELEMETRY_ON_BY_DEFAULT": false,
            "MOZ_TELEMETRY_REPORTING": true,
            "MOZ_UNSIGNED_SCOPES": 0,
            "MOZ_UPDATER": false,
            "MOZ_UPDATE_CHANNEL": "release",
            "MOZ_WEBRTC": true,
            "MOZ_WIDGET_GTK": false,
            "MOZ_WIDGET_TOOLKIT": "android",
            "NIGHTLY_BUILD": false,
            "OMNIJAR_NAME": "assets/omni.ja",
            "RELEASE_OR_BETA": true,
            "SOURCE_REVISION_URL": "https://hg.mozilla.org/releases/mozilla-esr68/rev/d2e0b9e17b9bc1ef02606c8006b73293f7892ad5",
            "TELEMETRY_PING_FORMAT_VERSION": 4,
            "XP_UNIX": true,
            "isPlatformAndVersionAtLeast": {},
            "isPlatformAndVersionAtMost": {},
            "platform": "android"
          },
          "asyncAppConstants": {
            "ACCESSIBILITY": true,
            "ANDROID_PACKAGE_NAME": "org.mozilla.firefox",
            "ASAN": false,
            "ASAN_REPORTER": false,
            "BROWSER_CHROME_URL": "chrome://browser/content/browser.xul",
            "DEBUG": false,
            "DEBUG_JS_MODULES": "",
            "DLL_PREFIX": "lib",
            "DLL_SUFFIX": ".so",
            "EARLY_BETA_OR_EARLIER": false,
            "FENNEC_NIGHTLY": false,
            "HAVE_SHELL_SERVICE": false,
            "HAVE_USR_LIB64_DIR": false,
            "MENUBAR_CAN_AUTOHIDE": false,
            "MOZILLA_OFFICIAL": true,
            "MOZ_ALLOW_LEGACY_EXTENSIONS": false,
            "MOZ_ANDROID_ACTIVITY_STREAM": false,
            "MOZ_ANDROID_HISTORY": true,
            "MOZ_ANDROID_MOZILLA_ONLINE": false,
            "MOZ_APP_NAME": "fennec",
            "MOZ_APP_VERSION": "68.1.1",
            "MOZ_APP_VERSION_DISPLAY": "68.1.1",
            "MOZ_BING_API_CLIENTID": "no-bing-api-clientid",
            "MOZ_BING_API_KEY": "no-bing-api-key",
            "MOZ_BITS_DOWNLOAD": false,
            "MOZ_BUILD_APP": "mobile/android",
            "MOZ_CODE_COVERAGE": false,
            "MOZ_CRASHREPORTER": true,
            "MOZ_DATA_REPORTING": true,
            "MOZ_DEV_EDITION": false,
            "MOZ_GECKO_PROFILER": true,
            "MOZ_GOOGLE_LOCATION_SERVICE_API_KEY": "AIzaSyB2h2OuRcUgy5N-5hsZqiPW6sH3n_rptiQ",
            "MOZ_GOOGLE_SAFEBROWSING_API_KEY": "AIzaSyC7jsptDS3am4tPx4r3nxis7IMjBc5Dovo",
            "MOZ_GRAPHENE": false,
            "MOZ_MACBUNDLE_NAME": "Firefox.app",
            "MOZ_MAINTENANCE_SERVICE": false,
            "MOZ_MOZILLA_API_KEY": "3b4d27dd-703d-4094-8398-4de2c763505a",
            "MOZ_NEW_CERT_STORAGE": false,
            "MOZ_NEW_NOTIFICATION_STORE": false,
            "MOZ_NEW_XULSTORE": false,
            "MOZ_OFFICIAL_BRANDING": false,
            "MOZ_PLACES": false,
            "MOZ_REQUIRE_SIGNING": false,
            "MOZ_SANDBOX": false,
            "MOZ_SERVICES_HEALTHREPORT": true,
            "MOZ_SERVICES_SYNC": false,
            "MOZ_SWITCHBOARD": true,
            "MOZ_SYSTEM_NSS": false,
            "MOZ_TELEMETRY_ON_BY_DEFAULT": false,
            "MOZ_TELEMETRY_REPORTING": true,
            "MOZ_UNSIGNED_SCOPES": 0,
            "MOZ_UPDATER": false,
            "MOZ_UPDATE_CHANNEL": "release",
            "MOZ_WEBRTC": true,
            "MOZ_WIDGET_GTK": false,
            "MOZ_WIDGET_TOOLKIT": "android",
            "NIGHTLY_BUILD": false,
            "OMNIJAR_NAME": "assets/omni.ja",
            "RELEASE_OR_BETA": true,
            "SOURCE_REVISION_URL": "https://hg.mozilla.org/releases/mozilla-esr68/rev/d2e0b9e17b9bc1ef02606c8006b73293f7892ad5",
            "TELEMETRY_PING_FORMAT_VERSION": 4,
            "XP_UNIX": true,
            "isPlatformAndVersionAtLeast": {},
            "isPlatformAndVersionAtMost": {},
            "platform": "android"
          },
          "userAgent": "Mozilla/5.0 (Android 9; Mobile; rv:68.0) Gecko/68.0 Firefox/68.0",
          "windowSize": "360x612"
        },
        "pageinfo": {
          "documentHeight": 1100,
          "documentSize": {
            "decodedBodySize": 117464,
            "encodedBodySize": 33427,
            "transferSize": 34678
          },
          "documentTitle": "hao123导航-上网从这里开始",
          "documentWidth": 360,
          "domElements": 739,
          "navigationStartTime": 1617116837306,
          "nextHopProtocol": "http/1.1",
          "resources": {
            "count": 0,
            "duration": 0
          },
          "responsive": true,
          "url": "http://m.hao123.com/?vit=h123&from=3w123",
          "visualElements": {
            "heroes": [
              {
                "filename": "5fa8d2d4fd6b5a2b9dfc1cbb9920504c",
                "height": 50,
                "name": "LargestImage",
                "width": 360,
                "x": 0,
                "y": 579
              },
              {
                "filename": null,
                "height": 65,
                "name": "Heading",
                "width": 360,
                "x": 0,
                "y": 0
              }
            ],
            "viewport": {
              "height": 612,
              "width": 360
            }
          }
        },
        "timings": {
          "firstPaint": 2918,
          "loadEventEnd": 98321,
          "navigationTiming": {
            "connectStart": 1186,
            "domComplete": 98307,
            "domContentLoadedEventEnd": 7901,
            "domContentLoadedEventStart": 7895,
            "domInteractive": 7884,
            "domainLookupEnd": 1186,
            "domainLookupStart": 1186,
            "duration": 98321,
            "fetchStart": 1148,
            "loadEventEnd": 98321,
            "loadEventStart": 98307,
            "redirectEnd": 1134,
            "redirectStart": 3,
            "requestStart": 1443,
            "responseEnd": 1779,
            "responseStart": 1779,
            "secureConnectionStart": 0,
            "startTime": 0,
            "unloadEventEnd": 0,
            "unloadEventStart": 0,
            "workerStart": 0
          },
          "pageTimings": {
            "backEndTime": 1779,
            "domContentLoadedTime": 7895,
            "domInteractiveTime": 7884,
            "domainLookupTime": 0,
            "frontEndTime": 96529,
            "pageDownloadTime": 0,
            "pageLoadTime": 98307,
            "redirectionTime": 1132,
            "serverConnectionTime": 254,
            "serverResponseTime": 336
          },
          "rumSpeedIndex": 1778,
          "timeToContentfulPaint": 3677,
          "timeToDomContentFlushed": 7884,
          "timeToFirstInteractive": 12850,
          "userTimings": {
            "marks": [],
            "measures": []
          }
        }
      }
    ],
    "visualMetrics": [],
    "cpu": [],
    "extras": [
      {},
      {},
      {}
    ],
    "fullyLoaded": [],
    "errors": [
      [],
      [],
      []
    ],
    "statistics": {
      "browser": {
        "appConstants": {
          "MOZ_UNSIGNED_SCOPES": {
            "median": 0,
            "mean": 0,
            "mdev": 0,
            "stddev": 0,
            "min": 0,
            "p10": 0,
            "p90": 0,
            "p99": 0,
            "max": 0
          },
          "TELEMETRY_PING_FORMAT_VERSION": {
            "median": 4,
            "mean": 4,
            "mdev": 0,
            "stddev": 0,
            "min": 4,
            "p10": 4,
            "p90": 4,
            "p99": 4,
            "max": 4
          }
        },
        "asyncAppConstants": {
          "MOZ_UNSIGNED_SCOPES": {
            "median": 0,
            "mean": 0,
            "mdev": 0,
            "stddev": 0,
            "min": 0,
            "p10": 0,
            "p90": 0,
            "p99": 0,
            "max": 0
          },
          "TELEMETRY_PING_FORMAT_VERSION": {
            "median": 4,
            "mean": 4,
            "mdev": 0,
            "stddev": 0,
            "min": 4,
            "p10": 4,
            "p90": 4,
            "p99": 4,
            "max": 4
          }
        }
      },
      "pageinfo": {
        "documentHeight": {
          "median": 1100,
          "mean": 1100,
          "mdev": 0,
          "stddev": 0,
          "min": 1100,
          "p10": 1100,
          "p90": 1100,
          "p99": 1100,
          "max": 1100
        },
        "documentSize": {
          "decodedBodySize": {
            "median": 117464,
            "mean": 117464,
            "mdev": 0,
            "stddev": 0,
            "min": 117464,
            "p10": 117464,
            "p90": 117464,
            "p99": 117464,
            "max": 117464
          },
          "encodedBodySize": {
            "median": 33427,
            "mean": 33437,
            "mdev": 8.5765,
            "stddev": 15,
            "min": 33426,
            "p10": 33426,
            "p90": 33458,
            "p99": 33458,
            "max": 33458
          },
          "transferSize": {
            "median": 34691,
            "mean": 34697,
            "mdev": 10.9172,
            "stddev": 19,
            "min": 34678,
            "p10": 34678,
            "p90": 34723,
            "p99": 34723,
            "max": 34723
          }
        },
        "documentWidth": {
          "median": 360,
          "mean": 360,
          "mdev": 0,
          "stddev": 0,
          "min": 360,
          "p10": 360,
          "p90": 360,
          "p99": 360,
          "max": 360
        },
        "domElements": {
          "median": 744,
          "mean": 742,
          "mdev": 1.3608,
          "stddev": 2,
          "min": 739,
          "p10": 739,
          "p90": 744,
          "p99": 744,
          "max": 744
        },
        "navigationStartTime": {
          "median": 1617116729213,
          "mean": 1617116729342,
          "mdev": 52002.2948,
          "stddev": 90071,
          "min": 1617116621507,
          "p10": 1617116621507,
          "p90": 1617116837306,
          "p99": 1617116837306,
          "max": 1617116837306
        },
        "resources": {
          "count": {
            "median": 0,
            "mean": 0,
            "mdev": 0,
            "stddev": 0,
            "min": 0,
            "p10": 0,
            "p90": 0,
            "p99": 0,
            "max": 0
          },
          "duration": {
            "median": 0,
            "mean": 0,
            "mdev": 0,
            "stddev": 0,
            "min": 0,
            "p10": 0,
            "p90": 0,
            "p99": 0,
            "max": 0
          }
        },
        "visualElements": {
          "heroes": [
            {
              "height": {
                "median": 50,
                "mean": 50,
                "mdev": 0,
                "stddev": 0,
                "min": 50,
                "p10": 50,
                "p90": 50,
                "p99": 50,
                "max": 50
              },
              "width": {
                "median": 360,
                "mean": 360,
                "mdev": 0,
                "stddev": 0,
                "min": 360,
                "p10": 360,
                "p90": 360,
                "p99": 360,
                "max": 360
              },
              "x": {
                "median": 0,
                "mean": 0,
                "mdev": 0,
                "stddev": 0,
                "min": 0,
                "p10": 0,
                "p90": 0,
                "p99": 0,
                "max": 0
              },
              "y": {
                "median": 579,
                "mean": 579,
                "mdev": 0,
                "stddev": 0,
                "min": 579,
                "p10": 579,
                "p90": 579,
                "p99": 579,
                "max": 579
              }
            },
            {
              "height": {
                "median": 65,
                "mean": 65,
                "mdev": 0,
                "stddev": 0,
                "min": 65,
                "p10": 65,
                "p90": 65,
                "p99": 65,
                "max": 65
              },
              "width": {
                "median": 360,
                "mean": 360,
                "mdev": 0,
                "stddev": 0,
                "min": 360,
                "p10": 360,
                "p90": 360,
                "p99": 360,
                "max": 360
              },
              "x": {
                "median": 0,
                "mean": 0,
                "mdev": 0,
                "stddev": 0,
                "min": 0,
                "p10": 0,
                "p90": 0,
                "p99": 0,
                "max": 0
              },
              "y": {
                "median": 0,
                "mean": 0,
                "mdev": 0,
                "stddev": 0,
                "min": 0,
                "p10": 0,
                "p90": 0,
                "p99": 0,
                "max": 0
              }
            }
          ],
          "viewport": {
            "height": {
              "median": 612,
              "mean": 612,
              "mdev": 0,
              "stddev": 0,
              "min": 612,
              "p10": 612,
              "p90": 612,
              "p99": 612,
              "max": 612
            },
            "width": {
              "median": 360,
              "mean": 360,
              "mdev": 0,
              "stddev": 0,
              "min": 360,
              "p10": 360,
              "p90": 360,
              "p99": 360,
              "max": 360
            }
          }
        }
      },
      "timings": {
        "firstPaint": {
          "median": 3250,
          "mean": 3205,
          "mdev": 125.8194,
          "stddev": 218,
          "min": 2918,
          "p10": 2918,
          "p90": 3446,
          "p99": 3446,
          "max": 3446
        },
        "loadEventEnd": {
          "median": 95661,
          "mean": 96092,
          "mdev": 965.1373,
          "stddev": 1672,
          "min": 94295,
          "p10": 94295,
          "p90": 98321,
          "p99": 98321,
          "max": 98321
        },
        "navigationTiming": {
          "connectStart": {
            "median": 1108,
            "mean": 1081,
            "mdev": 56.9386,
            "stddev": 99,
            "min": 949,
            "p10": 949,
            "p90": 1186,
            "p99": 1186,
            "max": 1186
          },
          "domComplete": {
            "median": 95658,
            "mean": 96083,
            "mdev": 963.766,
            "stddev": 1669,
            "min": 94285,
            "p10": 94285,
            "p90": 98307,
            "p99": 98307,
            "max": 98307
          },
          "domContentLoadedEventEnd": {
            "median": 4651,
            "mean": 5568,
            "mdev": 959.5139,
            "stddev": 1662,
            "min": 4153,
            "p10": 4153,
            "p90": 7901,
            "p99": 7901,
            "max": 7901
          },
          "domContentLoadedEventStart": {
            "median": 4646,
            "mean": 5563,
            "mdev": 959.2438,
            "stddev": 1661,
            "min": 4148,
            "p10": 4148,
            "p90": 7895,
            "p99": 7895,
            "max": 7895
          },
          "domInteractive": {
            "median": 4635,
            "mean": 5552,
            "mdev": 959.2438,
            "stddev": 1661,
            "min": 4137,
            "p10": 4137,
            "p90": 7884,
            "p99": 7884,
            "max": 7884
          },
          "domainLookupEnd": {
            "median": 1108,
            "mean": 1081,
            "mdev": 57.1962,
            "stddev": 99,
            "min": 948,
            "p10": 948,
            "p90": 1186,
            "p99": 1186,
            "max": 1186
          },
          "domainLookupStart": {
            "median": 1107,
            "mean": 1080,
            "mdev": 57.1437,
            "stddev": 99,
            "min": 948,
            "p10": 948,
            "p90": 1186,
            "p99": 1186,
            "max": 1186
          },
          "duration": {
            "median": 95661,
            "mean": 96092,
            "mdev": 965.1373,
            "stddev": 1672,
            "min": 94295,
            "p10": 94295,
            "p90": 98321,
            "p99": 98321,
            "max": 98321
          },
          "fetchStart": {
            "median": 1068,
            "mean": 1040,
            "mdev": 58.6364,
            "stddev": 102,
            "min": 904,
            "p10": 904,
            "p90": 1148,
            "p99": 1148,
            "max": 1148
          },
          "loadEventEnd": {
            "median": 95661,
            "mean": 96092,
            "mdev": 965.1373,
            "stddev": 1672,
            "min": 94295,
            "p10": 94295,
            "p90": 98321,
            "p99": 98321,
            "max": 98321
          },
          "loadEventStart": {
            "median": 95658,
            "mean": 96083,
            "mdev": 963.766,
            "stddev": 1669,
            "min": 94285,
            "p10": 94285,
            "p90": 98307,
            "p99": 98307,
            "max": 98307
          },
          "redirectEnd": {
            "median": 1057,
            "mean": 1029,
            "mdev": 57.2499,
            "stddev": 99,
            "min": 896,
            "p10": 896,
            "p90": 1134,
            "p99": 1134,
            "max": 1134
          },
          "redirectStart": {
            "median": 2,
            "mean": 2,
            "mdev": 0.2722,
            "stddev": 0,
            "min": 2,
            "p10": 2,
            "p90": 3,
            "p99": 3,
            "max": 3
          },
          "requestStart": {
            "median": 1443,
            "mean": 1446,
            "mdev": 81.7979,
            "stddev": 142,
            "min": 1274,
            "p10": 1274,
            "p90": 1621,
            "p99": 1621,
            "max": 1621
          },
          "responseEnd": {
            "median": 1779,
            "mean": 1801,
            "mdev": 70.5948,
            "stddev": 122,
            "min": 1664,
            "p10": 1664,
            "p90": 1961,
            "p99": 1961,
            "max": 1961
          },
          "responseStart": {
            "median": 1779,
            "mean": 1801,
            "mdev": 70.5948,
            "stddev": 122,
            "min": 1664,
            "p10": 1664,
            "p90": 1961,
            "p99": 1961,
            "max": 1961
          },
          "secureConnectionStart": {
            "median": 0,
            "mean": 0,
            "mdev": 0,
            "stddev": 0,
            "min": 0,
            "p10": 0,
            "p90": 0,
            "p99": 0,
            "max": 0
          },
          "startTime": {
            "median": 0,
            "mean": 0,
            "mdev": 0,
            "stddev": 0,
            "min": 0,
            "p10": 0,
            "p90": 0,
            "p99": 0,
            "max": 0
          },
          "unloadEventEnd": {
            "median": 0,
            "mean": 0,
            "mdev": 0,
            "stddev": 0,
            "min": 0,
            "p10": 0,
            "p90": 0,
            "p99": 0,
            "max": 0
          },
          "unloadEventStart": {
            "median": 0,
            "mean": 0,
            "mdev": 0,
            "stddev": 0,
            "min": 0,
            "p10": 0,
            "p90": 0,
            "p99": 0,
            "max": 0
          },
          "workerStart": {
            "median": 0,
            "mean": 0,
            "mdev": 0,
            "stddev": 0,
            "min": 0,
            "p10": 0,
            "p90": 0,
            "p99": 0,
            "max": 0
          }
        },
        "pageTimings": {
          "backEndTime": {
            "median": 1779,
            "mean": 1801,
            "mdev": 70.5948,
            "stddev": 122,
            "min": 1664,
            "p10": 1664,
            "p90": 1961,
            "p99": 1961,
            "max": 1961
          },
          "domContentLoadedTime": {
            "median": 4646,
            "mean": 5563,
            "mdev": 959.2438,
            "stddev": 1661,
            "min": 4148,
            "p10": 4148,
            "p90": 7895,
            "p99": 7895,
            "max": 7895
          },
          "domInteractiveTime": {
            "median": 4635,
            "mean": 5552,
            "mdev": 959.2438,
            "stddev": 1661,
            "min": 4137,
            "p10": 4137,
            "p90": 7884,
            "p99": 7884,
            "max": 7884
          },
          "domainLookupTime": {
            "median": 0,
            "mean": 0,
            "mdev": 0,
            "stddev": 0,
            "min": 0,
            "p10": 0,
            "p90": 0,
            "p99": 0,
            "max": 0
          },
          "frontEndTime": {
            "median": 93697,
            "mean": 94283,
            "mdev": 951.4219,
            "stddev": 1648,
            "min": 92622,
            "p10": 92622,
            "p90": 96529,
            "p99": 96529,
            "max": 96529
          },
          "pageDownloadTime": {
            "median": 0,
            "mean": 0,
            "mdev": 0,
            "stddev": 0,
            "min": 0,
            "p10": 0,
            "p90": 0,
            "p99": 0,
            "max": 0
          },
          "pageLoadTime": {
            "median": 95658,
            "mean": 96083,
            "mdev": 963.766,
            "stddev": 1669,
            "min": 94285,
            "p10": 94285,
            "p90": 98307,
            "p99": 98307,
            "max": 98307
          },
          "redirectionTime": {
            "median": 1055,
            "mean": 1027,
            "mdev": 57.2499,
            "stddev": 99,
            "min": 894,
            "p10": 894,
            "p90": 1132,
            "p99": 1132,
            "max": 1132
          },
          "serverConnectionTime": {
            "median": 325,
            "mean": 364,
            "mdev": 63.089,
            "stddev": 109,
            "min": 254,
            "p10": 254,
            "p90": 513,
            "p99": 513,
            "max": 513
          },
          "serverResponseTime": {
            "median": 340,
            "mean": 355,
            "mdev": 13.9124,
            "stddev": 24,
            "min": 336,
            "p10": 336,
            "p90": 389,
            "p99": 389,
            "max": 389
          }
        },
        "rumSpeedIndex": {
          "median": 1778,
          "mean": 1801,
          "mdev": 70.8462,
          "stddev": 123,
          "min": 1663,
          "p10": 1663,
          "p90": 1961,
          "p99": 1961,
          "max": 1961
        },
        "timeToContentfulPaint": {
          "median": 4009,
          "mean": 4047,
          "mdev": 184.0314,
          "stddev": 319,
          "min": 3677,
          "p10": 3677,
          "p90": 4455,
          "p99": 4455,
          "max": 4455
        },
        "timeToDomContentFlushed": {
          "median": 4635,
          "mean": 5552,
          "mdev": 959.0799,
          "stddev": 1661,
          "min": 4138,
          "p10": 4138,
          "p90": 7884,
          "p99": 7884,
          "max": 7884
        },
        "timeToFirstInteractive": {
          "median": 12850,
          "mean": 12238,
          "mdev": 948.6861,
          "stddev": 1643,
          "min": 9991,
          "p10": 9991,
          "p90": 13874,
          "p99": 13874,
          "max": 13874
        }
      }
    }
  }
]