[
  {
    "info": {
      "browsertime": {
        "version": "8.4.0"
      },
      "url": "https://www.alipay.com/",
      "timestamp": "2021-03-30T16:07:07+04:00",
      "connectivity": {
        "engine": "external",
        "profile": "native"
      },
      "extra": {}
    },
    "files": {
      "video": [],
      "screenshot": [],
      "timeline": [],
      "consoleLog": [],
      "netLog": [],
      "perfLog": []
    },
    "cdp": {
      "performance": []
    },
    "timestamps": [
      "2021-03-30T16:05:44+04:00",
      "2021-03-30T16:07:14+04:00",
      "2021-03-30T16:09:58+04:00",
      "2021-03-30T16:10:26+04:00"
    ],
    "browserScripts": [
      {
        "browser": {
          "appConstants": {
            "ACCESSIBILITY": true,
            "ANDROID_PACKAGE_NAME": "org.mozilla.firefox",
            "ASAN": false,
            "ASAN_REPORTER": false,
            "BROWSER_CHROME_URL": "chrome://browser/content/browser.xul",
            "DEBUG": false,
            "DEBUG_JS_MODULES": "",
            "DLL_PREFIX": "lib",
            "DLL_SUFFIX": ".so",
            "EARLY_BETA_OR_EARLIER": false,
            "FENNEC_NIGHTLY": false,
            "HAVE_SHELL_SERVICE": false,
            "HAVE_USR_LIB64_DIR": false,
            "MENUBAR_CAN_AUTOHIDE": false,
            "MOZILLA_OFFICIAL": true,
            "MOZ_ALLOW_LEGACY_EXTENSIONS": false,
            "MOZ_ANDROID_ACTIVITY_STREAM": false,
            "MOZ_ANDROID_HISTORY": true,
            "MOZ_ANDROID_MOZILLA_ONLINE": false,
            "MOZ_APP_NAME": "fennec",
            "MOZ_APP_VERSION": "68.1.1",
            "MOZ_APP_VERSION_DISPLAY": "68.1.1",
            "MOZ_BING_API_CLIENTID": "no-bing-api-clientid",
            "MOZ_BING_API_KEY": "no-bing-api-key",
            "MOZ_BITS_DOWNLOAD": false,
            "MOZ_BUILD_APP": "mobile/android",
            "MOZ_CODE_COVERAGE": false,
            "MOZ_CRASHREPORTER": true,
            "MOZ_DATA_REPORTING": true,
            "MOZ_DEV_EDITION": false,
            "MOZ_GECKO_PROFILER": true,
            "MOZ_GOOGLE_LOCATION_SERVICE_API_KEY": "AIzaSyB2h2OuRcUgy5N-5hsZqiPW6sH3n_rptiQ",
            "MOZ_GOOGLE_SAFEBROWSING_API_KEY": "AIzaSyC7jsptDS3am4tPx4r3nxis7IMjBc5Dovo",
            "MOZ_GRAPHENE": false,
            "MOZ_MACBUNDLE_NAME": "Firefox.app",
            "MOZ_MAINTENANCE_SERVICE": false,
            "MOZ_MOZILLA_API_KEY": "3b4d27dd-703d-4094-8398-4de2c763505a",
            "MOZ_NEW_CERT_STORAGE": false,
            "MOZ_NEW_NOTIFICATION_STORE": false,
            "MOZ_NEW_XULSTORE": false,
            "MOZ_OFFICIAL_BRANDING": false,
            "MOZ_PLACES": false,
            "MOZ_REQUIRE_SIGNING": false,
            "MOZ_SANDBOX": false,
            "MOZ_SERVICES_HEALTHREPORT": true,
            "MOZ_SERVICES_SYNC": false,
            "MOZ_SWITCHBOARD": true,
            "MOZ_SYSTEM_NSS": false,
            "MOZ_TELEMETRY_ON_BY_DEFAULT": false,
            "MOZ_TELEMETRY_REPORTING": true,
            "MOZ_UNSIGNED_SCOPES": 0,
            "MOZ_UPDATER": false,
            "MOZ_UPDATE_CHANNEL": "release",
            "MOZ_WEBRTC": true,
            "MOZ_WIDGET_GTK": false,
            "MOZ_WIDGET_TOOLKIT": "android",
            "NIGHTLY_BUILD": false,
            "OMNIJAR_NAME": "assets/omni.ja",
            "RELEASE_OR_BETA": true,
            "SOURCE_REVISION_URL": "https://hg.mozilla.org/releases/mozilla-esr68/rev/d2e0b9e17b9bc1ef02606c8006b73293f7892ad5",
            "TELEMETRY_PING_FORMAT_VERSION": 4,
            "XP_UNIX": true,
            "isPlatformAndVersionAtLeast": {},
            "isPlatformAndVersionAtMost": {},
            "platform": "android"
          },
          "asyncAppConstants": {
            "ACCESSIBILITY": true,
            "ANDROID_PACKAGE_NAME": "org.mozilla.firefox",
            "ASAN": false,
            "ASAN_REPORTER": false,
            "BROWSER_CHROME_URL": "chrome://browser/content/browser.xul",
            "DEBUG": false,
            "DEBUG_JS_MODULES": "",
            "DLL_PREFIX": "lib",
            "DLL_SUFFIX": ".so",
            "EARLY_BETA_OR_EARLIER": false,
            "FENNEC_NIGHTLY": false,
            "HAVE_SHELL_SERVICE": false,
            "HAVE_USR_LIB64_DIR": false,
            "MENUBAR_CAN_AUTOHIDE": false,
            "MOZILLA_OFFICIAL": true,
            "MOZ_ALLOW_LEGACY_EXTENSIONS": false,
            "MOZ_ANDROID_ACTIVITY_STREAM": false,
            "MOZ_ANDROID_HISTORY": true,
            "MOZ_ANDROID_MOZILLA_ONLINE": false,
            "MOZ_APP_NAME": "fennec",
            "MOZ_APP_VERSION": "68.1.1",
            "MOZ_APP_VERSION_DISPLAY": "68.1.1",
            "MOZ_BING_API_CLIENTID": "no-bing-api-clientid",
            "MOZ_BING_API_KEY": "no-bing-api-key",
            "MOZ_BITS_DOWNLOAD": false,
            "MOZ_BUILD_APP": "mobile/android",
            "MOZ_CODE_COVERAGE": false,
            "MOZ_CRASHREPORTER": true,
            "MOZ_DATA_REPORTING": true,
            "MOZ_DEV_EDITION": false,
            "MOZ_GECKO_PROFILER": true,
            "MOZ_GOOGLE_LOCATION_SERVICE_API_KEY": "AIzaSyB2h2OuRcUgy5N-5hsZqiPW6sH3n_rptiQ",
            "MOZ_GOOGLE_SAFEBROWSING_API_KEY": "AIzaSyC7jsptDS3am4tPx4r3nxis7IMjBc5Dovo",
            "MOZ_GRAPHENE": false,
            "MOZ_MACBUNDLE_NAME": "Firefox.app",
            "MOZ_MAINTENANCE_SERVICE": false,
            "MOZ_MOZILLA_API_KEY": "3b4d27dd-703d-4094-8398-4de2c763505a",
            "MOZ_NEW_CERT_STORAGE": false,
            "MOZ_NEW_NOTIFICATION_STORE": false,
            "MOZ_NEW_XULSTORE": false,
            "MOZ_OFFICIAL_BRANDING": false,
            "MOZ_PLACES": false,
            "MOZ_REQUIRE_SIGNING": false,
            "MOZ_SANDBOX": false,
            "MOZ_SERVICES_HEALTHREPORT": true,
            "MOZ_SERVICES_SYNC": false,
            "MOZ_SWITCHBOARD": true,
            "MOZ_SYSTEM_NSS": false,
            "MOZ_TELEMETRY_ON_BY_DEFAULT": false,
            "MOZ_TELEMETRY_REPORTING": true,
            "MOZ_UNSIGNED_SCOPES": 0,
            "MOZ_UPDATER": false,
            "MOZ_UPDATE_CHANNEL": "release",
            "MOZ_WEBRTC": true,
            "MOZ_WIDGET_GTK": false,
            "MOZ_WIDGET_TOOLKIT": "android",
            "NIGHTLY_BUILD": false,
            "OMNIJAR_NAME": "assets/omni.ja",
            "RELEASE_OR_BETA": true,
            "SOURCE_REVISION_URL": "https://hg.mozilla.org/releases/mozilla-esr68/rev/d2e0b9e17b9bc1ef02606c8006b73293f7892ad5",
            "TELEMETRY_PING_FORMAT_VERSION": 4,
            "XP_UNIX": true,
            "isPlatformAndVersionAtLeast": {},
            "isPlatformAndVersionAtMost": {},
            "platform": "android"
          },
          "userAgent": "Mozilla/5.0 (Android 9; Mobile; rv:68.0) Gecko/68.0 Firefox/68.0",
          "windowSize": "360x612"
        },
        "pageinfo": {
          "documentHeight": 612,
          "documentSize": {
            "decodedBodySize": 20782,
            "encodedBodySize": 12763,
            "transferSize": 13846
          },
          "documentTitle": "支付宝",
          "documentWidth": 360,
          "domElements": 47,
          "navigationStartTime": 1617105944950,
          "nextHopProtocol": "h2",
          "resources": {
            "count": 0,
            "duration": 0
          },
          "responsive": true,
          "url": "https://ds.alipay.com/?from=pc",
          "visualElements": {
            "heroes": [],
            "viewport": {
              "height": 612,
              "width": 360
            }
          }
        },
        "timings": {
          "firstPaint": 37543,
          "loadEventEnd": 38606,
          "navigationTiming": {
            "connectStart": 35441,
            "domComplete": 38600,
            "domContentLoadedEventEnd": 37597,
            "domContentLoadedEventStart": 37563,
            "domInteractive": 37535,
            "domainLookupEnd": 35440,
            "domainLookupStart": 35440,
            "duration": 38606,
            "fetchStart": 35378,
            "loadEventEnd": 38606,
            "loadEventStart": 38600,
            "redirectEnd": 35370,
            "redirectStart": 2,
            "requestStart": 35450,
            "responseEnd": 36731,
            "responseStart": 36725,
            "secureConnectionStart": 0,
            "startTime": 0,
            "unloadEventEnd": 0,
            "unloadEventStart": 0,
            "workerStart": 0
          },
          "pageTimings": {
            "backEndTime": 36725,
            "domContentLoadedTime": 37563,
            "domInteractiveTime": 37535,
            "domainLookupTime": 0,
            "frontEndTime": 1869,
            "pageDownloadTime": 7,
            "pageLoadTime": 38600,
            "redirectionTime": 35367,
            "serverConnectionTime": 0,
            "serverResponseTime": 1282
          },
          "rumSpeedIndex": 36724,
          "timeToContentfulPaint": 37620,
          "timeToDomContentFlushed": 37535,
          "timeToFirstInteractive": 37620,
          "userTimings": {
            "marks": [],
            "measures": []
          }
        }
      },
      {
        "browser": {
          "appConstants": {
            "ACCESSIBILITY": true,
            "ANDROID_PACKAGE_NAME": "org.mozilla.firefox",
            "ASAN": false,
            "ASAN_REPORTER": false,
            "BROWSER_CHROME_URL": "chrome://browser/content/browser.xul",
            "DEBUG": false,
            "DEBUG_JS_MODULES": "",
            "DLL_PREFIX": "lib",
            "DLL_SUFFIX": ".so",
            "EARLY_BETA_OR_EARLIER": false,
            "FENNEC_NIGHTLY": false,
            "HAVE_SHELL_SERVICE": false,
            "HAVE_USR_LIB64_DIR": false,
            "MENUBAR_CAN_AUTOHIDE": false,
            "MOZILLA_OFFICIAL": true,
            "MOZ_ALLOW_LEGACY_EXTENSIONS": false,
            "MOZ_ANDROID_ACTIVITY_STREAM": false,
            "MOZ_ANDROID_HISTORY": true,
            "MOZ_ANDROID_MOZILLA_ONLINE": false,
            "MOZ_APP_NAME": "fennec",
            "MOZ_APP_VERSION": "68.1.1",
            "MOZ_APP_VERSION_DISPLAY": "68.1.1",
            "MOZ_BING_API_CLIENTID": "no-bing-api-clientid",
            "MOZ_BING_API_KEY": "no-bing-api-key",
            "MOZ_BITS_DOWNLOAD": false,
            "MOZ_BUILD_APP": "mobile/android",
            "MOZ_CODE_COVERAGE": false,
            "MOZ_CRASHREPORTER": true,
            "MOZ_DATA_REPORTING": true,
            "MOZ_DEV_EDITION": false,
            "MOZ_GECKO_PROFILER": true,
            "MOZ_GOOGLE_LOCATION_SERVICE_API_KEY": "AIzaSyB2h2OuRcUgy5N-5hsZqiPW6sH3n_rptiQ",
            "MOZ_GOOGLE_SAFEBROWSING_API_KEY": "AIzaSyC7jsptDS3am4tPx4r3nxis7IMjBc5Dovo",
            "MOZ_GRAPHENE": false,
            "MOZ_MACBUNDLE_NAME": "Firefox.app",
            "MOZ_MAINTENANCE_SERVICE": false,
            "MOZ_MOZILLA_API_KEY": "3b4d27dd-703d-4094-8398-4de2c763505a",
            "MOZ_NEW_CERT_STORAGE": false,
            "MOZ_NEW_NOTIFICATION_STORE": false,
            "MOZ_NEW_XULSTORE": false,
            "MOZ_OFFICIAL_BRANDING": false,
            "MOZ_PLACES": false,
            "MOZ_REQUIRE_SIGNING": false,
            "MOZ_SANDBOX": false,
            "MOZ_SERVICES_HEALTHREPORT": true,
            "MOZ_SERVICES_SYNC": false,
            "MOZ_SWITCHBOARD": true,
            "MOZ_SYSTEM_NSS": false,
            "MOZ_TELEMETRY_ON_BY_DEFAULT": false,
            "MOZ_TELEMETRY_REPORTING": true,
            "MOZ_UNSIGNED_SCOPES": 0,
            "MOZ_UPDATER": false,
            "MOZ_UPDATE_CHANNEL": "release",
            "MOZ_WEBRTC": true,
            "MOZ_WIDGET_GTK": false,
            "MOZ_WIDGET_TOOLKIT": "android",
            "NIGHTLY_BUILD": false,
            "OMNIJAR_NAME": "assets/omni.ja",
            "RELEASE_OR_BETA": true,
            "SOURCE_REVISION_URL": "https://hg.mozilla.org/releases/mozilla-esr68/rev/d2e0b9e17b9bc1ef02606c8006b73293f7892ad5",
            "TELEMETRY_PING_FORMAT_VERSION": 4,
            "XP_UNIX": true,
            "isPlatformAndVersionAtLeast": {},
            "isPlatformAndVersionAtMost": {},
            "platform": "android"
          },
          "asyncAppConstants": {
            "ACCESSIBILITY": true,
            "ANDROID_PACKAGE_NAME": "org.mozilla.firefox",
            "ASAN": false,
            "ASAN_REPORTER": false,
            "BROWSER_CHROME_URL": "chrome://browser/content/browser.xul",
            "DEBUG": false,
            "DEBUG_JS_MODULES": "",
            "DLL_PREFIX": "lib",
            "DLL_SUFFIX": ".so",
            "EARLY_BETA_OR_EARLIER": false,
            "FENNEC_NIGHTLY": false,
            "HAVE_SHELL_SERVICE": false,
            "HAVE_USR_LIB64_DIR": false,
            "MENUBAR_CAN_AUTOHIDE": false,
            "MOZILLA_OFFICIAL": true,
            "MOZ_ALLOW_LEGACY_EXTENSIONS": false,
            "MOZ_ANDROID_ACTIVITY_STREAM": false,
            "MOZ_ANDROID_HISTORY": true,
            "MOZ_ANDROID_MOZILLA_ONLINE": false,
            "MOZ_APP_NAME": "fennec",
            "MOZ_APP_VERSION": "68.1.1",
            "MOZ_APP_VERSION_DISPLAY": "68.1.1",
            "MOZ_BING_API_CLIENTID": "no-bing-api-clientid",
            "MOZ_BING_API_KEY": "no-bing-api-key",
            "MOZ_BITS_DOWNLOAD": false,
            "MOZ_BUILD_APP": "mobile/android",
            "MOZ_CODE_COVERAGE": false,
            "MOZ_CRASHREPORTER": true,
            "MOZ_DATA_REPORTING": true,
            "MOZ_DEV_EDITION": false,
            "MOZ_GECKO_PROFILER": true,
            "MOZ_GOOGLE_LOCATION_SERVICE_API_KEY": "AIzaSyB2h2OuRcUgy5N-5hsZqiPW6sH3n_rptiQ",
            "MOZ_GOOGLE_SAFEBROWSING_API_KEY": "AIzaSyC7jsptDS3am4tPx4r3nxis7IMjBc5Dovo",
            "MOZ_GRAPHENE": false,
            "MOZ_MACBUNDLE_NAME": "Firefox.app",
            "MOZ_MAINTENANCE_SERVICE": false,
            "MOZ_MOZILLA_API_KEY": "3b4d27dd-703d-4094-8398-4de2c763505a",
            "MOZ_NEW_CERT_STORAGE": false,
            "MOZ_NEW_NOTIFICATION_STORE": false,
            "MOZ_NEW_XULSTORE": false,
            "MOZ_OFFICIAL_BRANDING": false,
            "MOZ_PLACES": false,
            "MOZ_REQUIRE_SIGNING": false,
            "MOZ_SANDBOX": false,
            "MOZ_SERVICES_HEALTHREPORT": true,
            "MOZ_SERVICES_SYNC": false,
            "MOZ_SWITCHBOARD": true,
            "MOZ_SYSTEM_NSS": false,
            "MOZ_TELEMETRY_ON_BY_DEFAULT": false,
            "MOZ_TELEMETRY_REPORTING": true,
            "MOZ_UNSIGNED_SCOPES": 0,
            "MOZ_UPDATER": false,
            "MOZ_UPDATE_CHANNEL": "release",
            "MOZ_WEBRTC": true,
            "MOZ_WIDGET_GTK": false,
            "MOZ_WIDGET_TOOLKIT": "android",
            "NIGHTLY_BUILD": false,
            "OMNIJAR_NAME": "assets/omni.ja",
            "RELEASE_OR_BETA": true,
            "SOURCE_REVISION_URL": "https://hg.mozilla.org/releases/mozilla-esr68/rev/d2e0b9e17b9bc1ef02606c8006b73293f7892ad5",
            "TELEMETRY_PING_FORMAT_VERSION": 4,
            "XP_UNIX": true,
            "isPlatformAndVersionAtLeast": {},
            "isPlatformAndVersionAtMost": {},
            "platform": "android"
          },
          "userAgent": "Mozilla/5.0 (Android 9; Mobile; rv:68.0) Gecko/68.0 Firefox/68.0",
          "windowSize": "360x612"
        },
        "pageinfo": {
          "documentHeight": 612,
          "documentSize": {
            "decodedBodySize": 20782,
            "encodedBodySize": 12763,
            "transferSize": 13858
          },
          "documentTitle": "支付宝",
          "documentWidth": 360,
          "domElements": 47,
          "navigationStartTime": 1617106198686,
          "nextHopProtocol": "h2",
          "resources": {
            "count": 0,
            "duration": 0
          },
          "responsive": true,
          "url": "https://ds.alipay.com/?from=pc",
          "visualElements": {
            "heroes": [],
            "viewport": {
              "height": 612,
              "width": 360
            }
          }
        },
        "timings": {
          "firstPaint": 11953,
          "loadEventEnd": 13219,
          "navigationTiming": {
            "connectStart": 10584,
            "domComplete": 13213,
            "domContentLoadedEventEnd": 11953,
            "domContentLoadedEventStart": 11927,
            "domInteractive": 11915,
            "domainLookupEnd": 10584,
            "domainLookupStart": 10584,
            "duration": 13219,
            "fetchStart": 10522,
            "loadEventEnd": 13219,
            "loadEventStart": 13214,
            "redirectEnd": 10517,
            "redirectStart": 2,
            "requestStart": 10593,
            "responseEnd": 10847,
            "responseStart": 10840,
            "secureConnectionStart": 0,
            "startTime": 0,
            "unloadEventEnd": 0,
            "unloadEventStart": 0,
            "workerStart": 0
          },
          "pageTimings": {
            "backEndTime": 10840,
            "domContentLoadedTime": 11927,
            "domInteractiveTime": 11915,
            "domainLookupTime": 0,
            "frontEndTime": 2367,
            "pageDownloadTime": 7,
            "pageLoadTime": 13214,
            "redirectionTime": 10515,
            "serverConnectionTime": 0,
            "serverResponseTime": 254
          },
          "rumSpeedIndex": 10840,
          "timeToContentfulPaint": 12054,
          "timeToDomContentFlushed": 11915,
          "timeToFirstInteractive": 12054,
          "userTimings": {
            "marks": [],
            "measures": []
          }
        }
      }
    ],
    "visualMetrics": [],
    "cpu": [],
    "extras": [
      {},
      {},
      {},
      {}
    ],
    "fullyLoaded": [],
    "errors": [
      [],
      [
        "UrlLoadError",
        "Failed to load https://www.alipay.com/"
      ],
      [],
      [
        "UrlLoadError",
        "Failed to load https://www.alipay.com/"
      ]
    ],
    "statistics": {
      "browser": {
        "appConstants": {
          "MOZ_UNSIGNED_SCOPES": {
            "median": 0,
            "mean": 0,
            "mdev": 0,
            "stddev": 0,
            "min": 0,
            "p10": 0,
            "p90": 0,
            "p99": 0,
            "max": 0
          },
          "TELEMETRY_PING_FORMAT_VERSION": {
            "median": 4,
            "mean": 4,
            "mdev": 0,
            "stddev": 0,
            "min": 4,
            "p10": 4,
            "p90": 4,
            "p99": 4,
            "max": 4
          }
        },
        "asyncAppConstants": {
          "MOZ_UNSIGNED_SCOPES": {
            "median": 0,
            "mean": 0,
            "mdev": 0,
            "stddev": 0,
            "min": 0,
            "p10": 0,
            "p90": 0,
            "p99": 0,
            "max": 0
          },
          "TELEMETRY_PING_FORMAT_VERSION": {
            "median": 4,
            "mean": 4,
            "mdev": 0,
            "stddev": 0,
            "min": 4,
            "p10": 4,
            "p90": 4,
            "p99": 4,
            "max": 4
          }
        }
      },
      "pageinfo": {
        "documentHeight": {
          "median": 612,
          "mean": 612,
          "mdev": 0,
          "stddev": 0,
          "min": 612,
          "p10": 612,
          "p90": 612,
          "p99": 612,
          "max": 612
        },
        "documentSize": {
          "decodedBodySize": {
            "median": 20782,
            "mean": 20782,
            "mdev": 0,
            "stddev": 0,
            "min": 20782,
            "p10": 20782,
            "p90": 20782,
            "p99": 20782,
            "max": 20782
          },
          "encodedBodySize": {
            "median": 12763,
            "mean": 12763,
            "mdev": 0,
            "stddev": 0,
            "min": 12763,
            "p10": 12763,
            "p90": 12763,
            "p99": 12763,
            "max": 12763
          },
          "transferSize": {
            "median": 13852,
            "mean": 13852,
            "mdev": 4.2426,
            "stddev": 6,
            "min": 13846,
            "p10": 13846,
            "p90": 13858,
            "p99": 13858,
            "max": 13858
          }
        },
        "documentWidth": {
          "median": 360,
          "mean": 360,
          "mdev": 0,
          "stddev": 0,
          "min": 360,
          "p10": 360,
          "p90": 360,
          "p99": 360,
          "max": 360
        },
        "domElements": {
          "median": 47,
          "mean": 47,
          "mdev": 0,
          "stddev": 0,
          "min": 47,
          "p10": 47,
          "p90": 47,
          "p99": 47,
          "max": 47
        },
        "navigationStartTime": {
          "median": 1617106071818,
          "mean": 1617106071818,
          "mdev": 89738.8638,
          "stddev": 126910,
          "min": 1617105944950,
          "p10": 1617105944950,
          "p90": 1617106198686,
          "p99": 1617106198686,
          "max": 1617106198686
        },
        "resources": {
          "count": {
            "median": 0,
            "mean": 0,
            "mdev": 0,
            "stddev": 0,
            "min": 0,
            "p10": 0,
            "p90": 0,
            "p99": 0,
            "max": 0
          },
          "duration": {
            "median": 0,
            "mean": 0,
            "mdev": 0,
            "stddev": 0,
            "min": 0,
            "p10": 0,
            "p90": 0,
            "p99": 0,
            "max": 0
          }
        },
        "visualElements": {
          "viewport": {
            "height": {
              "median": 612,
              "mean": 612,
              "mdev": 0,
              "stddev": 0,
              "min": 612,
              "p10": 612,
              "p90": 612,
              "p99": 612,
              "max": 612
            },
            "width": {
              "median": 360,
              "mean": 360,
              "mdev": 0,
              "stddev": 0,
              "min": 360,
              "p10": 360,
              "p90": 360,
              "p99": 360,
              "max": 360
            }
          }
        }
      },
      "timings": {
        "firstPaint": {
          "median": 24748,
          "mean": 24748,
          "mdev": 9047.4313,
          "stddev": 12795,
          "min": 11953,
          "p10": 11953,
          "p90": 37543,
          "p99": 37543,
          "max": 37543
        },
        "loadEventEnd": {
          "median": 25913,
          "mean": 25913,
          "mdev": 8975.6599,
          "stddev": 12694,
          "min": 13219,
          "p10": 13219,
          "p90": 38606,
          "p99": 38606,
          "max": 38606
        },
        "navigationTiming": {
          "connectStart": {
            "median": 23013,
            "mean": 23013,
            "mdev": 8788.2766,
            "stddev": 12429,
            "min": 10584,
            "p10": 10584,
            "p90": 35441,
            "p99": 35441,
            "max": 35441
          },
          "domComplete": {
            "median": 25907,
            "mean": 25907,
            "mdev": 8975.6599,
            "stddev": 12694,
            "min": 13213,
            "p10": 13213,
            "p90": 38600,
            "p99": 38600,
            "max": 38600
          },
          "domContentLoadedEventEnd": {
            "median": 24775,
            "mean": 24775,
            "mdev": 9066.5231,
            "stddev": 12822,
            "min": 11953,
            "p10": 11953,
            "p90": 37597,
            "p99": 37597,
            "max": 37597
          },
          "domContentLoadedEventStart": {
            "median": 24745,
            "mean": 24745,
            "mdev": 9063.6947,
            "stddev": 12818,
            "min": 11927,
            "p10": 11927,
            "p90": 37563,
            "p99": 37563,
            "max": 37563
          },
          "domInteractive": {
            "median": 24725,
            "mean": 24725,
            "mdev": 9058.0379,
            "stddev": 12810,
            "min": 11915,
            "p10": 11915,
            "p90": 37535,
            "p99": 37535,
            "max": 37535
          },
          "domainLookupEnd": {
            "median": 23012,
            "mean": 23012,
            "mdev": 8787.9231,
            "stddev": 12428,
            "min": 10584,
            "p10": 10584,
            "p90": 35440,
            "p99": 35440,
            "max": 35440
          },
          "domainLookupStart": {
            "median": 23012,
            "mean": 23012,
            "mdev": 8787.9231,
            "stddev": 12428,
            "min": 10584,
            "p10": 10584,
            "p90": 35440,
            "p99": 35440,
            "max": 35440
          },
          "duration": {
            "median": 25913,
            "mean": 25913,
            "mdev": 8975.6599,
            "stddev": 12694,
            "min": 13219,
            "p10": 13219,
            "p90": 38606,
            "p99": 38606,
            "max": 38606
          },
          "fetchStart": {
            "median": 22950,
            "mean": 22950,
            "mdev": 8787.9231,
            "stddev": 12428,
            "min": 10522,
            "p10": 10522,
            "p90": 35378,
            "p99": 35378,
            "max": 35378
          },
          "loadEventEnd": {
            "median": 25913,
            "mean": 25913,
            "mdev": 8975.6599,
            "stddev": 12694,
            "min": 13219,
            "p10": 13219,
            "p90": 38606,
            "p99": 38606,
            "max": 38606
          },
          "loadEventStart": {
            "median": 25907,
            "mean": 25907,
            "mdev": 8975.3064,
            "stddev": 12693,
            "min": 13214,
            "p10": 13214,
            "p90": 38600,
            "p99": 38600,
            "max": 38600
          },
          "redirectEnd": {
            "median": 22944,
            "mean": 22944,
            "mdev": 8786.8624,
            "stddev": 12427,
            "min": 10517,
            "p10": 10517,
            "p90": 35370,
            "p99": 35370,
            "max": 35370
          },
          "redirectStart": {
            "median": 2,
            "mean": 2,
            "mdev": 0,
            "stddev": 0,
            "min": 2,
            "p10": 2,
            "p90": 2,
            "p99": 2,
            "max": 2
          },
          "requestStart": {
            "median": 23022,
            "mean": 23022,
            "mdev": 8788.2766,
            "stddev": 12429,
            "min": 10593,
            "p10": 10593,
            "p90": 35450,
            "p99": 35450,
            "max": 35450
          },
          "responseEnd": {
            "median": 23789,
            "mean": 23789,
            "mdev": 9151.376,
            "stddev": 12942,
            "min": 10847,
            "p10": 10847,
            "p90": 36731,
            "p99": 36731,
            "max": 36731
          },
          "responseStart": {
            "median": 23783,
            "mean": 23783,
            "mdev": 9151.7295,
            "stddev": 12943,
            "min": 10840,
            "p10": 10840,
            "p90": 36725,
            "p99": 36725,
            "max": 36725
          },
          "secureConnectionStart": {
            "median": 0,
            "mean": 0,
            "mdev": 0,
            "stddev": 0,
            "min": 0,
            "p10": 0,
            "p90": 0,
            "p99": 0,
            "max": 0
          },
          "startTime": {
            "median": 0,
            "mean": 0,
            "mdev": 0,
            "stddev": 0,
            "min": 0,
            "p10": 0,
            "p90": 0,
            "p99": 0,
            "max": 0
          },
          "unloadEventEnd": {
            "median": 0,
            "mean": 0,
            "mdev": 0,
            "stddev": 0,
            "min": 0,
            "p10": 0,
            "p90": 0,
            "p99": 0,
            "max": 0
          },
          "unloadEventStart": {
            "median": 0,
            "mean": 0,
            "mdev": 0,
            "stddev": 0,
            "min": 0,
            "p10": 0,
            "p90": 0,
            "p99": 0,
            "max": 0
          },
          "workerStart": {
            "median": 0,
            "mean": 0,
            "mdev": 0,
            "stddev": 0,
            "min": 0,
            "p10": 0,
            "p90": 0,
            "p99": 0,
            "max": 0
          }
        },
        "pageTimings": {
          "backEndTime": {
            "median": 23783,
            "mean": 23783,
            "mdev": 9151.7295,
            "stddev": 12943,
            "min": 10840,
            "p10": 10840,
            "p90": 36725,
            "p99": 36725,
            "max": 36725
          },
          "domContentLoadedTime": {
            "median": 24745,
            "mean": 24745,
            "mdev": 9063.6947,
            "stddev": 12818,
            "min": 11927,
            "p10": 11927,
            "p90": 37563,
            "p99": 37563,
            "max": 37563
          },
          "domInteractiveTime": {
            "median": 24725,
            "mean": 24725,
            "mdev": 9058.0379,
            "stddev": 12810,
            "min": 11915,
            "p10": 11915,
            "p90": 37535,
            "p99": 37535,
            "max": 37535
          },
          "domainLookupTime": {
            "median": 0,
            "mean": 0,
            "mdev": 0,
            "stddev": 0,
            "min": 0,
            "p10": 0,
            "p90": 0,
            "p99": 0,
            "max": 0
          },
          "frontEndTime": {
            "median": 2118,
            "mean": 2118,
            "mdev": 176.0696,
            "stddev": 249,
            "min": 1869,
            "p10": 1869,
            "p90": 2367,
            "p99": 2367,
            "max": 2367
          },
          "pageDownloadTime": {
            "median": 7,
            "mean": 7,
            "mdev": 0,
            "stddev": 0,
            "min": 7,
            "p10": 7,
            "p90": 7,
            "p99": 7,
            "max": 7
          },
          "pageLoadTime": {
            "median": 25907,
            "mean": 25907,
            "mdev": 8975.3064,
            "stddev": 12693,
            "min": 13214,
            "p10": 13214,
            "p90": 38600,
            "p99": 38600,
            "max": 38600
          },
          "redirectionTime": {
            "median": 22941,
            "mean": 22941,
            "mdev": 8786.5089,
            "stddev": 12426,
            "min": 10515,
            "p10": 10515,
            "p90": 35367,
            "p99": 35367,
            "max": 35367
          },
          "serverConnectionTime": {
            "median": 0,
            "mean": 0,
            "mdev": 0,
            "stddev": 0,
            "min": 0,
            "p10": 0,
            "p90": 0,
            "p99": 0,
            "max": 0
          },
          "serverResponseTime": {
            "median": 768,
            "mean": 768,
            "mdev": 363.4529,
            "stddev": 514,
            "min": 254,
            "p10": 254,
            "p90": 1282,
            "p99": 1282,
            "max": 1282
          }
        },
        "rumSpeedIndex": {
          "median": 23782,
          "mean": 23782,
          "mdev": 9151.376,
          "stddev": 12942,
          "min": 10840,
          "p10": 10840,
          "p90": 36724,
          "p99": 36724,
          "max": 36724
        },
        "timeToContentfulPaint": {
          "median": 24837,
          "mean": 24837,
          "mdev": 9038.946,
          "stddev": 12783,
          "min": 12054,
          "p10": 12054,
          "p90": 37620,
          "p99": 37620,
          "max": 37620
        },
        "timeToDomContentFlushed": {
          "median": 24725,
          "mean": 24725,
          "mdev": 9058.0379,
          "stddev": 12810,
          "min": 11915,
          "p10": 11915,
          "p90": 37535,
          "p99": 37535,
          "max": 37535
        },
        "timeToFirstInteractive": {
          "median": 24837,
          "mean": 24837,
          "mdev": 9038.946,
          "stddev": 12783,
          "min": 12054,
          "p10": 12054,
          "p90": 37620,
          "p99": 37620,
          "max": 37620
        }
      }
    }
  },
  {
    "info": {
      "browsertime": {
        "version": "8.4.0"
      },
      "url": "https://google.com",
      "timestamp": "2021-03-30T16:07:07+04:00",
      "connectivity": {
        "engine": "external",
        "profile": "native"
      },
      "extra": {}
    },
    "files": {
      "video": [],
      "screenshot": [],
      "timeline": [],
      "consoleLog": [],
      "netLog": [],
      "perfLog": []
    },
    "cdp": {
      "performance": []
    },
    "timestamps": [
      "2021-03-30T16:06:50+04:00",
      "2021-03-30T16:10:17+04:00"
    ],
    "browserScripts": [
      {
        "browser": {
          "appConstants": {
            "ACCESSIBILITY": true,
            "ANDROID_PACKAGE_NAME": "org.mozilla.firefox",
            "ASAN": false,
            "ASAN_REPORTER": false,
            "BROWSER_CHROME_URL": "chrome://browser/content/browser.xul",
            "DEBUG": false,
            "DEBUG_JS_MODULES": "",
            "DLL_PREFIX": "lib",
            "DLL_SUFFIX": ".so",
            "EARLY_BETA_OR_EARLIER": false,
            "FENNEC_NIGHTLY": false,
            "HAVE_SHELL_SERVICE": false,
            "HAVE_USR_LIB64_DIR": false,
            "MENUBAR_CAN_AUTOHIDE": false,
            "MOZILLA_OFFICIAL": true,
            "MOZ_ALLOW_LEGACY_EXTENSIONS": false,
            "MOZ_ANDROID_ACTIVITY_STREAM": false,
            "MOZ_ANDROID_HISTORY": true,
            "MOZ_ANDROID_MOZILLA_ONLINE": false,
            "MOZ_APP_NAME": "fennec",
            "MOZ_APP_VERSION": "68.1.1",
            "MOZ_APP_VERSION_DISPLAY": "68.1.1",
            "MOZ_BING_API_CLIENTID": "no-bing-api-clientid",
            "MOZ_BING_API_KEY": "no-bing-api-key",
            "MOZ_BITS_DOWNLOAD": false,
            "MOZ_BUILD_APP": "mobile/android",
            "MOZ_CODE_COVERAGE": false,
            "MOZ_CRASHREPORTER": true,
            "MOZ_DATA_REPORTING": true,
            "MOZ_DEV_EDITION": false,
            "MOZ_GECKO_PROFILER": true,
            "MOZ_GOOGLE_LOCATION_SERVICE_API_KEY": "AIzaSyB2h2OuRcUgy5N-5hsZqiPW6sH3n_rptiQ",
            "MOZ_GOOGLE_SAFEBROWSING_API_KEY": "AIzaSyC7jsptDS3am4tPx4r3nxis7IMjBc5Dovo",
            "MOZ_GRAPHENE": false,
            "MOZ_MACBUNDLE_NAME": "Firefox.app",
            "MOZ_MAINTENANCE_SERVICE": false,
            "MOZ_MOZILLA_API_KEY": "3b4d27dd-703d-4094-8398-4de2c763505a",
            "MOZ_NEW_CERT_STORAGE": false,
            "MOZ_NEW_NOTIFICATION_STORE": false,
            "MOZ_NEW_XULSTORE": false,
            "MOZ_OFFICIAL_BRANDING": false,
            "MOZ_PLACES": false,
            "MOZ_REQUIRE_SIGNING": false,
            "MOZ_SANDBOX": false,
            "MOZ_SERVICES_HEALTHREPORT": true,
            "MOZ_SERVICES_SYNC": false,
            "MOZ_SWITCHBOARD": true,
            "MOZ_SYSTEM_NSS": false,
            "MOZ_TELEMETRY_ON_BY_DEFAULT": false,
            "MOZ_TELEMETRY_REPORTING": true,
            "MOZ_UNSIGNED_SCOPES": 0,
            "MOZ_UPDATER": false,
            "MOZ_UPDATE_CHANNEL": "release",
            "MOZ_WEBRTC": true,
            "MOZ_WIDGET_GTK": false,
            "MOZ_WIDGET_TOOLKIT": "android",
            "NIGHTLY_BUILD": false,
            "OMNIJAR_NAME": "assets/omni.ja",
            "RELEASE_OR_BETA": true,
            "SOURCE_REVISION_URL": "https://hg.mozilla.org/releases/mozilla-esr68/rev/d2e0b9e17b9bc1ef02606c8006b73293f7892ad5",
            "TELEMETRY_PING_FORMAT_VERSION": 4,
            "XP_UNIX": true,
            "isPlatformAndVersionAtLeast": {},
            "isPlatformAndVersionAtMost": {},
            "platform": "android"
          },
          "asyncAppConstants": {
            "ACCESSIBILITY": true,
            "ANDROID_PACKAGE_NAME": "org.mozilla.firefox",
            "ASAN": false,
            "ASAN_REPORTER": false,
            "BROWSER_CHROME_URL": "chrome://browser/content/browser.xul",
            "DEBUG": false,
            "DEBUG_JS_MODULES": "",
            "DLL_PREFIX": "lib",
            "DLL_SUFFIX": ".so",
            "EARLY_BETA_OR_EARLIER": false,
            "FENNEC_NIGHTLY": false,
            "HAVE_SHELL_SERVICE": false,
            "HAVE_USR_LIB64_DIR": false,
            "MENUBAR_CAN_AUTOHIDE": false,
            "MOZILLA_OFFICIAL": true,
            "MOZ_ALLOW_LEGACY_EXTENSIONS": false,
            "MOZ_ANDROID_ACTIVITY_STREAM": false,
            "MOZ_ANDROID_HISTORY": true,
            "MOZ_ANDROID_MOZILLA_ONLINE": false,
            "MOZ_APP_NAME": "fennec",
            "MOZ_APP_VERSION": "68.1.1",
            "MOZ_APP_VERSION_DISPLAY": "68.1.1",
            "MOZ_BING_API_CLIENTID": "no-bing-api-clientid",
            "MOZ_BING_API_KEY": "no-bing-api-key",
            "MOZ_BITS_DOWNLOAD": false,
            "MOZ_BUILD_APP": "mobile/android",
            "MOZ_CODE_COVERAGE": false,
            "MOZ_CRASHREPORTER": true,
            "MOZ_DATA_REPORTING": true,
            "MOZ_DEV_EDITION": false,
            "MOZ_GECKO_PROFILER": true,
            "MOZ_GOOGLE_LOCATION_SERVICE_API_KEY": "AIzaSyB2h2OuRcUgy5N-5hsZqiPW6sH3n_rptiQ",
            "MOZ_GOOGLE_SAFEBROWSING_API_KEY": "AIzaSyC7jsptDS3am4tPx4r3nxis7IMjBc5Dovo",
            "MOZ_GRAPHENE": false,
            "MOZ_MACBUNDLE_NAME": "Firefox.app",
            "MOZ_MAINTENANCE_SERVICE": false,
            "MOZ_MOZILLA_API_KEY": "3b4d27dd-703d-4094-8398-4de2c763505a",
            "MOZ_NEW_CERT_STORAGE": false,
            "MOZ_NEW_NOTIFICATION_STORE": false,
            "MOZ_NEW_XULSTORE": false,
            "MOZ_OFFICIAL_BRANDING": false,
            "MOZ_PLACES": false,
            "MOZ_REQUIRE_SIGNING": false,
            "MOZ_SANDBOX": false,
            "MOZ_SERVICES_HEALTHREPORT": true,
            "MOZ_SERVICES_SYNC": false,
            "MOZ_SWITCHBOARD": true,
            "MOZ_SYSTEM_NSS": false,
            "MOZ_TELEMETRY_ON_BY_DEFAULT": false,
            "MOZ_TELEMETRY_REPORTING": true,
            "MOZ_UNSIGNED_SCOPES": 0,
            "MOZ_UPDATER": false,
            "MOZ_UPDATE_CHANNEL": "release",
            "MOZ_WEBRTC": true,
            "MOZ_WIDGET_GTK": false,
            "MOZ_WIDGET_TOOLKIT": "android",
            "NIGHTLY_BUILD": false,
            "OMNIJAR_NAME": "assets/omni.ja",
            "RELEASE_OR_BETA": true,
            "SOURCE_REVISION_URL": "https://hg.mozilla.org/releases/mozilla-esr68/rev/d2e0b9e17b9bc1ef02606c8006b73293f7892ad5",
            "TELEMETRY_PING_FORMAT_VERSION": 4,
            "XP_UNIX": true,
            "isPlatformAndVersionAtLeast": {},
            "isPlatformAndVersionAtMost": {},
            "platform": "android"
          },
          "userAgent": "Mozilla/5.0 (Android 9; Mobile; rv:68.0) Gecko/68.0 Firefox/68.0",
          "windowSize": "360x612"
        },
        "pageinfo": {
          "documentHeight": 693,
          "documentSize": {
            "decodedBodySize": 18299,
            "encodedBodySize": 7329,
            "transferSize": 8279
          },
          "documentTitle": "Google",
          "documentWidth": 360,
          "domElements": 70,
          "navigationStartTime": 1617106011361,
          "nextHopProtocol": "h2",
          "resources": {
            "count": 0,
            "duration": 0
          },
          "responsive": true,
          "url": "https://www.google.com/#spf=1617106011362",
          "visualElements": {
            "heroes": [
              {
                "filename": "googlelogo_tablet_tier1_hp_color_183x64dp.png",
                "height": 64,
                "name": "LargestImage",
                "width": 183,
                "x": 89,
                "y": 80
              }
            ],
            "viewport": {
              "height": 612,
              "width": 360
            }
          }
        },
        "timings": {
          "firstPaint": 1244,
          "loadEventEnd": 1969,
          "navigationTiming": {
            "connectStart": 684,
            "domComplete": 1968,
            "domContentLoadedEventEnd": 1276,
            "domContentLoadedEventStart": 1265,
            "domInteractive": 1215,
            "domainLookupEnd": 683,
            "domainLookupStart": 682,
            "duration": 1969,
            "fetchStart": 603,
            "loadEventEnd": 1969,
            "loadEventStart": 1968,
            "redirectEnd": 596,
            "redirectStart": 4,
            "requestStart": 927,
            "responseEnd": 1098,
            "responseStart": 1093,
            "secureConnectionStart": 730,
            "startTime": 0,
            "unloadEventEnd": 0,
            "unloadEventStart": 0,
            "workerStart": 0
          },
          "pageTimings": {
            "backEndTime": 1093,
            "domContentLoadedTime": 1265,
            "domInteractiveTime": 1215,
            "domainLookupTime": 1,
            "frontEndTime": 871,
            "pageDownloadTime": 5,
            "pageLoadTime": 1968,
            "redirectionTime": 592,
            "serverConnectionTime": 242,
            "serverResponseTime": 170
          },
          "rumSpeedIndex": 1092,
          "timeToContentfulPaint": 1352,
          "timeToDomContentFlushed": 1230,
          "timeToFirstInteractive": 1727,
          "userTimings": {
            "marks": [],
            "measures": []
          }
        }
      },
      {
        "browser": {
          "appConstants": {
            "ACCESSIBILITY": true,
            "ANDROID_PACKAGE_NAME": "org.mozilla.firefox",
            "ASAN": false,
            "ASAN_REPORTER": false,
            "BROWSER_CHROME_URL": "chrome://browser/content/browser.xul",
            "DEBUG": false,
            "DEBUG_JS_MODULES": "",
            "DLL_PREFIX": "lib",
            "DLL_SUFFIX": ".so",
            "EARLY_BETA_OR_EARLIER": false,
            "FENNEC_NIGHTLY": false,
            "HAVE_SHELL_SERVICE": false,
            "HAVE_USR_LIB64_DIR": false,
            "MENUBAR_CAN_AUTOHIDE": false,
            "MOZILLA_OFFICIAL": true,
            "MOZ_ALLOW_LEGACY_EXTENSIONS": false,
            "MOZ_ANDROID_ACTIVITY_STREAM": false,
            "MOZ_ANDROID_HISTORY": true,
            "MOZ_ANDROID_MOZILLA_ONLINE": false,
            "MOZ_APP_NAME": "fennec",
            "MOZ_APP_VERSION": "68.1.1",
            "MOZ_APP_VERSION_DISPLAY": "68.1.1",
            "MOZ_BING_API_CLIENTID": "no-bing-api-clientid",
            "MOZ_BING_API_KEY": "no-bing-api-key",
            "MOZ_BITS_DOWNLOAD": false,
            "MOZ_BUILD_APP": "mobile/android",
            "MOZ_CODE_COVERAGE": false,
            "MOZ_CRASHREPORTER": true,
            "MOZ_DATA_REPORTING": true,
            "MOZ_DEV_EDITION": false,
            "MOZ_GECKO_PROFILER": true,
            "MOZ_GOOGLE_LOCATION_SERVICE_API_KEY": "AIzaSyB2h2OuRcUgy5N-5hsZqiPW6sH3n_rptiQ",
            "MOZ_GOOGLE_SAFEBROWSING_API_KEY": "AIzaSyC7jsptDS3am4tPx4r3nxis7IMjBc5Dovo",
            "MOZ_GRAPHENE": false,
            "MOZ_MACBUNDLE_NAME": "Firefox.app",
            "MOZ_MAINTENANCE_SERVICE": false,
            "MOZ_MOZILLA_API_KEY": "3b4d27dd-703d-4094-8398-4de2c763505a",
            "MOZ_NEW_CERT_STORAGE": false,
            "MOZ_NEW_NOTIFICATION_STORE": false,
            "MOZ_NEW_XULSTORE": false,
            "MOZ_OFFICIAL_BRANDING": false,
            "MOZ_PLACES": false,
            "MOZ_REQUIRE_SIGNING": false,
            "MOZ_SANDBOX": false,
            "MOZ_SERVICES_HEALTHREPORT": true,
            "MOZ_SERVICES_SYNC": false,
            "MOZ_SWITCHBOARD": true,
            "MOZ_SYSTEM_NSS": false,
            "MOZ_TELEMETRY_ON_BY_DEFAULT": false,
            "MOZ_TELEMETRY_REPORTING": true,
            "MOZ_UNSIGNED_SCOPES": 0,
            "MOZ_UPDATER": false,
            "MOZ_UPDATE_CHANNEL": "release",
            "MOZ_WEBRTC": true,
            "MOZ_WIDGET_GTK": false,
            "MOZ_WIDGET_TOOLKIT": "android",
            "NIGHTLY_BUILD": false,
            "OMNIJAR_NAME": "assets/omni.ja",
            "RELEASE_OR_BETA": true,
            "SOURCE_REVISION_URL": "https://hg.mozilla.org/releases/mozilla-esr68/rev/d2e0b9e17b9bc1ef02606c8006b73293f7892ad5",
            "TELEMETRY_PING_FORMAT_VERSION": 4,
            "XP_UNIX": true,
            "isPlatformAndVersionAtLeast": {},
            "isPlatformAndVersionAtMost": {},
            "platform": "android"
          },
          "asyncAppConstants": {
            "ACCESSIBILITY": true,
            "ANDROID_PACKAGE_NAME": "org.mozilla.firefox",
            "ASAN": false,
            "ASAN_REPORTER": false,
            "BROWSER_CHROME_URL": "chrome://browser/content/browser.xul",
            "DEBUG": false,
            "DEBUG_JS_MODULES": "",
            "DLL_PREFIX": "lib",
            "DLL_SUFFIX": ".so",
            "EARLY_BETA_OR_EARLIER": false,
            "FENNEC_NIGHTLY": false,
            "HAVE_SHELL_SERVICE": false,
            "HAVE_USR_LIB64_DIR": false,
            "MENUBAR_CAN_AUTOHIDE": false,
            "MOZILLA_OFFICIAL": true,
            "MOZ_ALLOW_LEGACY_EXTENSIONS": false,
            "MOZ_ANDROID_ACTIVITY_STREAM": false,
            "MOZ_ANDROID_HISTORY": true,
            "MOZ_ANDROID_MOZILLA_ONLINE": false,
            "MOZ_APP_NAME": "fennec",
            "MOZ_APP_VERSION": "68.1.1",
            "MOZ_APP_VERSION_DISPLAY": "68.1.1",
            "MOZ_BING_API_CLIENTID": "no-bing-api-clientid",
            "MOZ_BING_API_KEY": "no-bing-api-key",
            "MOZ_BITS_DOWNLOAD": false,
            "MOZ_BUILD_APP": "mobile/android",
            "MOZ_CODE_COVERAGE": false,
            "MOZ_CRASHREPORTER": true,
            "MOZ_DATA_REPORTING": true,
            "MOZ_DEV_EDITION": false,
            "MOZ_GECKO_PROFILER": true,
            "MOZ_GOOGLE_LOCATION_SERVICE_API_KEY": "AIzaSyB2h2OuRcUgy5N-5hsZqiPW6sH3n_rptiQ",
            "MOZ_GOOGLE_SAFEBROWSING_API_KEY": "AIzaSyC7jsptDS3am4tPx4r3nxis7IMjBc5Dovo",
            "MOZ_GRAPHENE": false,
            "MOZ_MACBUNDLE_NAME": "Firefox.app",
            "MOZ_MAINTENANCE_SERVICE": false,
            "MOZ_MOZILLA_API_KEY": "3b4d27dd-703d-4094-8398-4de2c763505a",
            "MOZ_NEW_CERT_STORAGE": false,
            "MOZ_NEW_NOTIFICATION_STORE": false,
            "MOZ_NEW_XULSTORE": false,
            "MOZ_OFFICIAL_BRANDING": false,
            "MOZ_PLACES": false,
            "MOZ_REQUIRE_SIGNING": false,
            "MOZ_SANDBOX": false,
            "MOZ_SERVICES_HEALTHREPORT": true,
            "MOZ_SERVICES_SYNC": false,
            "MOZ_SWITCHBOARD": true,
            "MOZ_SYSTEM_NSS": false,
            "MOZ_TELEMETRY_ON_BY_DEFAULT": false,
            "MOZ_TELEMETRY_REPORTING": true,
            "MOZ_UNSIGNED_SCOPES": 0,
            "MOZ_UPDATER": false,
            "MOZ_UPDATE_CHANNEL": "release",
            "MOZ_WEBRTC": true,
            "MOZ_WIDGET_GTK": false,
            "MOZ_WIDGET_TOOLKIT": "android",
            "NIGHTLY_BUILD": false,
            "OMNIJAR_NAME": "assets/omni.ja",
            "RELEASE_OR_BETA": true,
            "SOURCE_REVISION_URL": "https://hg.mozilla.org/releases/mozilla-esr68/rev/d2e0b9e17b9bc1ef02606c8006b73293f7892ad5",
            "TELEMETRY_PING_FORMAT_VERSION": 4,
            "XP_UNIX": true,
            "isPlatformAndVersionAtLeast": {},
            "isPlatformAndVersionAtMost": {},
            "platform": "android"
          },
          "userAgent": "Mozilla/5.0 (Android 9; Mobile; rv:68.0) Gecko/68.0 Firefox/68.0",
          "windowSize": "360x612"
        },
        "pageinfo": {
          "documentHeight": 693,
          "documentSize": {
            "decodedBodySize": 18242,
            "encodedBodySize": 7296,
            "transferSize": 8246
          },
          "documentTitle": "Google",
          "documentWidth": 360,
          "domElements": 70,
          "navigationStartTime": 1617106218243,
          "nextHopProtocol": "h2",
          "resources": {
            "count": 0,
            "duration": 0
          },
          "responsive": true,
          "url": "https://www.google.com/#spf=1617106218245",
          "visualElements": {
            "heroes": [
              {
                "filename": "googlelogo_tablet_tier1_hp_color_183x64dp.png",
                "height": 64,
                "name": "LargestImage",
                "width": 183,
                "x": 89,
                "y": 80
              }
            ],
            "viewport": {
              "height": 612,
              "width": 360
            }
          }
        },
        "timings": {
          "firstPaint": 1055,
          "loadEventEnd": 2112,
          "navigationTiming": {
            "connectStart": 521,
            "domComplete": 2110,
            "domContentLoadedEventEnd": 1034,
            "domContentLoadedEventStart": 1024,
            "domInteractive": 1017,
            "domainLookupEnd": 520,
            "domainLookupStart": 520,
            "duration": 2112,
            "fetchStart": 451,
            "loadEventEnd": 2112,
            "loadEventStart": 2110,
            "redirectEnd": 445,
            "redirectStart": 5,
            "requestStart": 719,
            "responseEnd": 887,
            "responseStart": 882,
            "secureConnectionStart": 533,
            "startTime": 0,
            "unloadEventEnd": 0,
            "unloadEventStart": 0,
            "workerStart": 0
          },
          "pageTimings": {
            "backEndTime": 882,
            "domContentLoadedTime": 1024,
            "domInteractiveTime": 1017,
            "domainLookupTime": 0,
            "frontEndTime": 1222,
            "pageDownloadTime": 5,
            "pageLoadTime": 2110,
            "redirectionTime": 440,
            "serverConnectionTime": 197,
            "serverResponseTime": 168
          },
          "rumSpeedIndex": 882,
          "timeToContentfulPaint": 1178,
          "timeToDomContentFlushed": 1054,
          "timeToFirstInteractive": 1577,
          "userTimings": {
            "marks": [],
            "measures": []
          }
        }
      }
    ],
    "visualMetrics": [],
    "cpu": [],
    "extras": [
      {},
      {}
    ],
    "fullyLoaded": [],
    "errors": [
      [],
      []
    ],
    "statistics": {
      "browser": {
        "appConstants": {
          "MOZ_UNSIGNED_SCOPES": {
            "median": 0,
            "mean": 0,
            "mdev": 0,
            "stddev": 0,
            "min": 0,
            "p10": 0,
            "p90": 0,
            "p99": 0,
            "max": 0
          },
          "TELEMETRY_PING_FORMAT_VERSION": {
            "median": 4,
            "mean": 4,
            "mdev": 0,
            "stddev": 0,
            "min": 4,
            "p10": 4,
            "p90": 4,
            "p99": 4,
            "max": 4
          }
        },
        "asyncAppConstants": {
          "MOZ_UNSIGNED_SCOPES": {
            "median": 0,
            "mean": 0,
            "mdev": 0,
            "stddev": 0,
            "min": 0,
            "p10": 0,
            "p90": 0,
            "p99": 0,
            "max": 0
          },
          "TELEMETRY_PING_FORMAT_VERSION": {
            "median": 4,
            "mean": 4,
            "mdev": 0,
            "stddev": 0,
            "min": 4,
            "p10": 4,
            "p90": 4,
            "p99": 4,
            "max": 4
          }
        }
      },
      "pageinfo": {
        "documentHeight": {
          "median": 693,
          "mean": 693,
          "mdev": 0,
          "stddev": 0,
          "min": 693,
          "p10": 693,
          "p90": 693,
          "p99": 693,
          "max": 693
        },
        "documentSize": {
          "decodedBodySize": {
            "median": 18271,
            "mean": 18271,
            "mdev": 20.1525,
            "stddev": 29,
            "min": 18242,
            "p10": 18242,
            "p90": 18299,
            "p99": 18299,
            "max": 18299
          },
          "encodedBodySize": {
            "median": 7313,
            "mean": 7313,
            "mdev": 11.6673,
            "stddev": 17,
            "min": 7296,
            "p10": 7296,
            "p90": 7329,
            "p99": 7329,
            "max": 7329
          },
          "transferSize": {
            "median": 8263,
            "mean": 8263,
            "mdev": 11.6673,
            "stddev": 17,
            "min": 8246,
            "p10": 8246,
            "p90": 8279,
            "p99": 8279,
            "max": 8279
          }
        },
        "documentWidth": {
          "median": 360,
          "mean": 360,
          "mdev": 0,
          "stddev": 0,
          "min": 360,
          "p10": 360,
          "p90": 360,
          "p99": 360,
          "max": 360
        },
        "domElements": {
          "median": 70,
          "mean": 70,
          "mdev": 0,
          "stddev": 0,
          "min": 70,
          "p10": 70,
          "p90": 70,
          "p99": 70,
          "max": 70
        },
        "navigationStartTime": {
          "median": 1617106114802,
          "mean": 1617106114802,
          "mdev": 73271.4755,
          "stddev": 103622,
          "min": 1617106011361,
          "p10": 1617106011361,
          "p90": 1617106218243,
          "p99": 1617106218243,
          "max": 1617106218243
        },
        "resources": {
          "count": {
            "median": 0,
            "mean": 0,
            "mdev": 0,
            "stddev": 0,
            "min": 0,
            "p10": 0,
            "p90": 0,
            "p99": 0,
            "max": 0
          },
          "duration": {
            "median": 0,
            "mean": 0,
            "mdev": 0,
            "stddev": 0,
            "min": 0,
            "p10": 0,
            "p90": 0,
            "p99": 0,
            "max": 0
          }
        },
        "visualElements": {
          "heroes": [
            {
              "height": {
                "median": 64,
                "mean": 64,
                "mdev": 0,
                "stddev": 0,
                "min": 64,
                "p10": 64,
                "p90": 64,
                "p99": 64,
                "max": 64
              },
              "width": {
                "median": 183,
                "mean": 183,
                "mdev": 0,
                "stddev": 0,
                "min": 183,
                "p10": 183,
                "p90": 183,
                "p99": 183,
                "max": 183
              },
              "x": {
                "median": 89,
                "mean": 89,
                "mdev": 0,
                "stddev": 0,
                "min": 89,
                "p10": 89,
                "p90": 89,
                "p99": 89,
                "max": 89
              },
              "y": {
                "median": 80,
                "mean": 80,
                "mdev": 0,
                "stddev": 0,
                "min": 80,
                "p10": 80,
                "p90": 80,
                "p99": 80,
                "max": 80
              }
            }
          ],
          "viewport": {
            "height": {
              "median": 612,
              "mean": 612,
              "mdev": 0,
              "stddev": 0,
              "min": 612,
              "p10": 612,
              "p90": 612,
              "p99": 612,
              "max": 612
            },
            "width": {
              "median": 360,
              "mean": 360,
              "mdev": 0,
              "stddev": 0,
              "min": 360,
              "p10": 360,
              "p90": 360,
              "p99": 360,
              "max": 360
            }
          }
        }
      },
      "timings": {
        "firstPaint": {
          "median": 1150,
          "mean": 1150,
          "mdev": 66.8216,
          "stddev": 95,
          "min": 1055,
          "p10": 1055,
          "p90": 1244,
          "p99": 1244,
          "max": 1244
        },
        "loadEventEnd": {
          "median": 2041,
          "mean": 2041,
          "mdev": 50.5581,
          "stddev": 72,
          "min": 1969,
          "p10": 1969,
          "p90": 2112,
          "p99": 2112,
          "max": 2112
        },
        "navigationTiming": {
          "connectStart": {
            "median": 603,
            "mean": 603,
            "mdev": 57.6292,
            "stddev": 82,
            "min": 521,
            "p10": 521,
            "p90": 684,
            "p99": 684,
            "max": 684
          },
          "domComplete": {
            "median": 2039,
            "mean": 2039,
            "mdev": 50.2046,
            "stddev": 71,
            "min": 1968,
            "p10": 1968,
            "p90": 2110,
            "p99": 2110,
            "max": 2110
          },
          "domContentLoadedEventEnd": {
            "median": 1155,
            "mean": 1155,
            "mdev": 85.5599,
            "stddev": 121,
            "min": 1034,
            "p10": 1034,
            "p90": 1276,
            "p99": 1276,
            "max": 1276
          },
          "domContentLoadedEventStart": {
            "median": 1145,
            "mean": 1145,
            "mdev": 85.2064,
            "stddev": 121,
            "min": 1024,
            "p10": 1024,
            "p90": 1265,
            "p99": 1265,
            "max": 1265
          },
          "domInteractive": {
            "median": 1116,
            "mean": 1116,
            "mdev": 70.0036,
            "stddev": 99,
            "min": 1017,
            "p10": 1017,
            "p90": 1215,
            "p99": 1215,
            "max": 1215
          },
          "domainLookupEnd": {
            "median": 602,
            "mean": 602,
            "mdev": 57.6292,
            "stddev": 82,
            "min": 520,
            "p10": 520,
            "p90": 683,
            "p99": 683,
            "max": 683
          },
          "domainLookupStart": {
            "median": 601,
            "mean": 601,
            "mdev": 57.2756,
            "stddev": 81,
            "min": 520,
            "p10": 520,
            "p90": 682,
            "p99": 682,
            "max": 682
          },
          "duration": {
            "median": 2041,
            "mean": 2041,
            "mdev": 50.5581,
            "stddev": 72,
            "min": 1969,
            "p10": 1969,
            "p90": 2112,
            "p99": 2112,
            "max": 2112
          },
          "fetchStart": {
            "median": 527,
            "mean": 527,
            "mdev": 53.7401,
            "stddev": 76,
            "min": 451,
            "p10": 451,
            "p90": 603,
            "p99": 603,
            "max": 603
          },
          "loadEventEnd": {
            "median": 2041,
            "mean": 2041,
            "mdev": 50.5581,
            "stddev": 72,
            "min": 1969,
            "p10": 1969,
            "p90": 2112,
            "p99": 2112,
            "max": 2112
          },
          "loadEventStart": {
            "median": 2039,
            "mean": 2039,
            "mdev": 50.2046,
            "stddev": 71,
            "min": 1968,
            "p10": 1968,
            "p90": 2110,
            "p99": 2110,
            "max": 2110
          },
          "redirectEnd": {
            "median": 521,
            "mean": 521,
            "mdev": 53.3866,
            "stddev": 76,
            "min": 445,
            "p10": 445,
            "p90": 596,
            "p99": 596,
            "max": 596
          },
          "redirectStart": {
            "median": 5,
            "mean": 5,
            "mdev": 0.3536,
            "stddev": 1,
            "min": 4,
            "p10": 4,
            "p90": 5,
            "p99": 5,
            "max": 5
          },
          "requestStart": {
            "median": 823,
            "mean": 823,
            "mdev": 73.5391,
            "stddev": 104,
            "min": 719,
            "p10": 719,
            "p90": 927,
            "p99": 927,
            "max": 927
          },
          "responseEnd": {
            "median": 993,
            "mean": 993,
            "mdev": 74.5998,
            "stddev": 106,
            "min": 887,
            "p10": 887,
            "p90": 1098,
            "p99": 1098,
            "max": 1098
          },
          "responseStart": {
            "median": 988,
            "mean": 988,
            "mdev": 74.5998,
            "stddev": 106,
            "min": 882,
            "p10": 882,
            "p90": 1093,
            "p99": 1093,
            "max": 1093
          },
          "secureConnectionStart": {
            "median": 632,
            "mean": 632,
            "mdev": 69.65,
            "stddev": 99,
            "min": 533,
            "p10": 533,
            "p90": 730,
            "p99": 730,
            "max": 730
          },
          "startTime": {
            "median": 0,
            "mean": 0,
            "mdev": 0,
            "stddev": 0,
            "min": 0,
            "p10": 0,
            "p90": 0,
            "p99": 0,
            "max": 0
          },
          "unloadEventEnd": {
            "median": 0,
            "mean": 0,
            "mdev": 0,
            "stddev": 0,
            "min": 0,
            "p10": 0,
            "p90": 0,
            "p99": 0,
            "max": 0
          },
          "unloadEventStart": {
            "median": 0,
            "mean": 0,
            "mdev": 0,
            "stddev": 0,
            "min": 0,
            "p10": 0,
            "p90": 0,
            "p99": 0,
            "max": 0
          },
          "workerStart": {
            "median": 0,
            "mean": 0,
            "mdev": 0,
            "stddev": 0,
            "min": 0,
            "p10": 0,
            "p90": 0,
            "p99": 0,
            "max": 0
          }
        },
        "pageTimings": {
          "backEndTime": {
            "median": 988,
            "mean": 988,
            "mdev": 74.5998,
            "stddev": 106,
            "min": 882,
            "p10": 882,
            "p90": 1093,
            "p99": 1093,
            "max": 1093
          },
          "domContentLoadedTime": {
            "median": 1145,
            "mean": 1145,
            "mdev": 85.2064,
            "stddev": 121,
            "min": 1024,
            "p10": 1024,
            "p90": 1265,
            "p99": 1265,
            "max": 1265
          },
          "domInteractiveTime": {
            "median": 1116,
            "mean": 1116,
            "mdev": 70.0036,
            "stddev": 99,
            "min": 1017,
            "p10": 1017,
            "p90": 1215,
            "p99": 1215,
            "max": 1215
          },
          "domainLookupTime": {
            "median": 1,
            "mean": 1,
            "mdev": 0.3536,
            "stddev": 1,
            "min": 0,
            "p10": 0,
            "p90": 1,
            "p99": 1,
            "max": 1
          },
          "frontEndTime": {
            "median": 1047,
            "mean": 1047,
            "mdev": 124.0972,
            "stddev": 176,
            "min": 871,
            "p10": 871,
            "p90": 1222,
            "p99": 1222,
            "max": 1222
          },
          "pageDownloadTime": {
            "median": 5,
            "mean": 5,
            "mdev": 0,
            "stddev": 0,
            "min": 5,
            "p10": 5,
            "p90": 5,
            "p99": 5,
            "max": 5
          },
          "pageLoadTime": {
            "median": 2039,
            "mean": 2039,
            "mdev": 50.2046,
            "stddev": 71,
            "min": 1968,
            "p10": 1968,
            "p90": 2110,
            "p99": 2110,
            "max": 2110
          },
          "redirectionTime": {
            "median": 516,
            "mean": 516,
            "mdev": 53.7401,
            "stddev": 76,
            "min": 440,
            "p10": 440,
            "p90": 592,
            "p99": 592,
            "max": 592
          },
          "serverConnectionTime": {
            "median": 220,
            "mean": 220,
            "mdev": 15.9099,
            "stddev": 23,
            "min": 197,
            "p10": 197,
            "p90": 242,
            "p99": 242,
            "max": 242
          },
          "serverResponseTime": {
            "median": 169,
            "mean": 169,
            "mdev": 0.7071,
            "stddev": 1,
            "min": 168,
            "p10": 168,
            "p90": 170,
            "p99": 170,
            "max": 170
          }
        },
        "rumSpeedIndex": {
          "median": 987,
          "mean": 987,
          "mdev": 74.2462,
          "stddev": 105,
          "min": 882,
          "p10": 882,
          "p90": 1092,
          "p99": 1092,
          "max": 1092
        },
        "timeToContentfulPaint": {
          "median": 1265,
          "mean": 1265,
          "mdev": 61.5183,
          "stddev": 87,
          "min": 1178,
          "p10": 1178,
          "p90": 1352,
          "p99": 1352,
          "max": 1352
        },
        "timeToDomContentFlushed": {
          "median": 1142,
          "mean": 1142,
          "mdev": 62.2254,
          "stddev": 88,
          "min": 1054,
          "p10": 1054,
          "p90": 1230,
          "p99": 1230,
          "max": 1230
        },
        "timeToFirstInteractive": {
          "median": 1652,
          "mean": 1652,
          "mdev": 53.033,
          "stddev": 75,
          "min": 1577,
          "p10": 1577,
          "p90": 1727,
          "p99": 1727,
          "max": 1727
        }
      }
    }
  },
  {
    "info": {
      "browsertime": {
        "version": "8.4.0"
      },
      "url": "https://www.alipay.com/?browsertime_run=2",
      "timestamp": "2021-03-30T16:07:07+04:00",
      "connectivity": {
        "engine": "external",
        "profile": "native"
      },
      "extra": {}
    },
    "files": {
      "video": [],
      "screenshot": [],
      "timeline": [],
      "consoleLog": [],
      "netLog": [],
      "perfLog": []
    },
    "cdp": {
      "performance": []
    },
    "timestamps": [
      "2021-03-30T16:07:00+04:00"
    ],
    "browserScripts": [
      {
        "browser": {
          "appConstants": {
            "ACCESSIBILITY": true,
            "ANDROID_PACKAGE_NAME": "org.mozilla.firefox",
            "ASAN": false,
            "ASAN_REPORTER": false,
            "BROWSER_CHROME_URL": "chrome://browser/content/browser.xul",
            "DEBUG": false,
            "DEBUG_JS_MODULES": "",
            "DLL_PREFIX": "lib",
            "DLL_SUFFIX": ".so",
            "EARLY_BETA_OR_EARLIER": false,
            "FENNEC_NIGHTLY": false,
            "HAVE_SHELL_SERVICE": false,
            "HAVE_USR_LIB64_DIR": false,
            "MENUBAR_CAN_AUTOHIDE": false,
            "MOZILLA_OFFICIAL": true,
            "MOZ_ALLOW_LEGACY_EXTENSIONS": false,
            "MOZ_ANDROID_ACTIVITY_STREAM": false,
            "MOZ_ANDROID_HISTORY": true,
            "MOZ_ANDROID_MOZILLA_ONLINE": false,
            "MOZ_APP_NAME": "fennec",
            "MOZ_APP_VERSION": "68.1.1",
            "MOZ_APP_VERSION_DISPLAY": "68.1.1",
            "MOZ_BING_API_CLIENTID": "no-bing-api-clientid",
            "MOZ_BING_API_KEY": "no-bing-api-key",
            "MOZ_BITS_DOWNLOAD": false,
            "MOZ_BUILD_APP": "mobile/android",
            "MOZ_CODE_COVERAGE": false,
            "MOZ_CRASHREPORTER": true,
            "MOZ_DATA_REPORTING": true,
            "MOZ_DEV_EDITION": false,
            "MOZ_GECKO_PROFILER": true,
            "MOZ_GOOGLE_LOCATION_SERVICE_API_KEY": "AIzaSyB2h2OuRcUgy5N-5hsZqiPW6sH3n_rptiQ",
            "MOZ_GOOGLE_SAFEBROWSING_API_KEY": "AIzaSyC7jsptDS3am4tPx4r3nxis7IMjBc5Dovo",
            "MOZ_GRAPHENE": false,
            "MOZ_MACBUNDLE_NAME": "Firefox.app",
            "MOZ_MAINTENANCE_SERVICE": false,
            "MOZ_MOZILLA_API_KEY": "3b4d27dd-703d-4094-8398-4de2c763505a",
            "MOZ_NEW_CERT_STORAGE": false,
            "MOZ_NEW_NOTIFICATION_STORE": false,
            "MOZ_NEW_XULSTORE": false,
            "MOZ_OFFICIAL_BRANDING": false,
            "MOZ_PLACES": false,
            "MOZ_REQUIRE_SIGNING": false,
            "MOZ_SANDBOX": false,
            "MOZ_SERVICES_HEALTHREPORT": true,
            "MOZ_SERVICES_SYNC": false,
            "MOZ_SWITCHBOARD": true,
            "MOZ_SYSTEM_NSS": false,
            "MOZ_TELEMETRY_ON_BY_DEFAULT": false,
            "MOZ_TELEMETRY_REPORTING": true,
            "MOZ_UNSIGNED_SCOPES": 0,
            "MOZ_UPDATER": false,
            "MOZ_UPDATE_CHANNEL": "release",
            "MOZ_WEBRTC": true,
            "MOZ_WIDGET_GTK": false,
            "MOZ_WIDGET_TOOLKIT": "android",
            "NIGHTLY_BUILD": false,
            "OMNIJAR_NAME": "assets/omni.ja",
            "RELEASE_OR_BETA": true,
            "SOURCE_REVISION_URL": "https://hg.mozilla.org/releases/mozilla-esr68/rev/d2e0b9e17b9bc1ef02606c8006b73293f7892ad5",
            "TELEMETRY_PING_FORMAT_VERSION": 4,
            "XP_UNIX": true,
            "isPlatformAndVersionAtLeast": {},
            "isPlatformAndVersionAtMost": {},
            "platform": "android"
          },
          "asyncAppConstants": {
            "ACCESSIBILITY": true,
            "ANDROID_PACKAGE_NAME": "org.mozilla.firefox",
            "ASAN": false,
            "ASAN_REPORTER": false,
            "BROWSER_CHROME_URL": "chrome://browser/content/browser.xul",
            "DEBUG": false,
            "DEBUG_JS_MODULES": "",
            "DLL_PREFIX": "lib",
            "DLL_SUFFIX": ".so",
            "EARLY_BETA_OR_EARLIER": false,
            "FENNEC_NIGHTLY": false,
            "HAVE_SHELL_SERVICE": false,
            "HAVE_USR_LIB64_DIR": false,
            "MENUBAR_CAN_AUTOHIDE": false,
            "MOZILLA_OFFICIAL": true,
            "MOZ_ALLOW_LEGACY_EXTENSIONS": false,
            "MOZ_ANDROID_ACTIVITY_STREAM": false,
            "MOZ_ANDROID_HISTORY": true,
            "MOZ_ANDROID_MOZILLA_ONLINE": false,
            "MOZ_APP_NAME": "fennec",
            "MOZ_APP_VERSION": "68.1.1",
            "MOZ_APP_VERSION_DISPLAY": "68.1.1",
            "MOZ_BING_API_CLIENTID": "no-bing-api-clientid",
            "MOZ_BING_API_KEY": "no-bing-api-key",
            "MOZ_BITS_DOWNLOAD": false,
            "MOZ_BUILD_APP": "mobile/android",
            "MOZ_CODE_COVERAGE": false,
            "MOZ_CRASHREPORTER": true,
            "MOZ_DATA_REPORTING": true,
            "MOZ_DEV_EDITION": false,
            "MOZ_GECKO_PROFILER": true,
            "MOZ_GOOGLE_LOCATION_SERVICE_API_KEY": "AIzaSyB2h2OuRcUgy5N-5hsZqiPW6sH3n_rptiQ",
            "MOZ_GOOGLE_SAFEBROWSING_API_KEY": "AIzaSyC7jsptDS3am4tPx4r3nxis7IMjBc5Dovo",
            "MOZ_GRAPHENE": false,
            "MOZ_MACBUNDLE_NAME": "Firefox.app",
            "MOZ_MAINTENANCE_SERVICE": false,
            "MOZ_MOZILLA_API_KEY": "3b4d27dd-703d-4094-8398-4de2c763505a",
            "MOZ_NEW_CERT_STORAGE": false,
            "MOZ_NEW_NOTIFICATION_STORE": false,
            "MOZ_NEW_XULSTORE": false,
            "MOZ_OFFICIAL_BRANDING": false,
            "MOZ_PLACES": false,
            "MOZ_REQUIRE_SIGNING": false,
            "MOZ_SANDBOX": false,
            "MOZ_SERVICES_HEALTHREPORT": true,
            "MOZ_SERVICES_SYNC": false,
            "MOZ_SWITCHBOARD": true,
            "MOZ_SYSTEM_NSS": false,
            "MOZ_TELEMETRY_ON_BY_DEFAULT": false,
            "MOZ_TELEMETRY_REPORTING": true,
            "MOZ_UNSIGNED_SCOPES": 0,
            "MOZ_UPDATER": false,
            "MOZ_UPDATE_CHANNEL": "release",
            "MOZ_WEBRTC": true,
            "MOZ_WIDGET_GTK": false,
            "MOZ_WIDGET_TOOLKIT": "android",
            "NIGHTLY_BUILD": false,
            "OMNIJAR_NAME": "assets/omni.ja",
            "RELEASE_OR_BETA": true,
            "SOURCE_REVISION_URL": "https://hg.mozilla.org/releases/mozilla-esr68/rev/d2e0b9e17b9bc1ef02606c8006b73293f7892ad5",
            "TELEMETRY_PING_FORMAT_VERSION": 4,
            "XP_UNIX": true,
            "isPlatformAndVersionAtLeast": {},
            "isPlatformAndVersionAtMost": {},
            "platform": "android"
          },
          "userAgent": "Mozilla/5.0 (Android 9; Mobile; rv:68.0) Gecko/68.0 Firefox/68.0",
          "windowSize": "360x612"
        },
        "pageinfo": {
          "documentHeight": 612,
          "documentSize": {
            "decodedBodySize": 20782,
            "encodedBodySize": 12763,
            "transferSize": 987
          },
          "documentTitle": "支付宝",
          "documentWidth": 360,
          "domElements": 47,
          "navigationStartTime": 1617106020560,
          "nextHopProtocol": "h2",
          "resources": {
            "count": 0,
            "duration": 0
          },
          "responsive": true,
          "url": "https://ds.alipay.com/?from=pc",
          "visualElements": {
            "heroes": [],
            "viewport": {
              "height": 612,
              "width": 360
            }
          }
        },
        "timings": {
          "firstPaint": 1179,
          "loadEventEnd": 1549,
          "navigationTiming": {
            "connectStart": 420,
            "domComplete": 1544,
            "domContentLoadedEventEnd": 1178,
            "domContentLoadedEventStart": 1155,
            "domInteractive": 1147,
            "domainLookupEnd": 420,
            "domainLookupStart": 420,
            "duration": 1549,
            "fetchStart": 420,
            "loadEventEnd": 1549,
            "loadEventStart": 1544,
            "redirectEnd": 420,
            "redirectStart": 2,
            "requestStart": 452,
            "responseEnd": 757,
            "responseStart": 757,
            "secureConnectionStart": 0,
            "startTime": 0,
            "unloadEventEnd": 0,
            "unloadEventStart": 0,
            "workerStart": 0
          },
          "pageTimings": {
            "backEndTime": 757,
            "domContentLoadedTime": 1155,
            "domInteractiveTime": 1147,
            "domainLookupTime": 0,
            "frontEndTime": 787,
            "pageDownloadTime": 0,
            "pageLoadTime": 1544,
            "redirectionTime": 418,
            "serverConnectionTime": 0,
            "serverResponseTime": 305
          },
          "rumSpeedIndex": 757,
          "timeToContentfulPaint": 1235,
          "timeToDomContentFlushed": 1147,
          "timeToFirstInteractive": 1235,
          "userTimings": {
            "marks": [],
            "measures": []
          }
        }
      }
    ],
    "visualMetrics": [],
    "cpu": [],
    "extras": [
      {}
    ],
    "fullyLoaded": [],
    "errors": [
      []
    ],
    "statistics": {
      "browser": {
        "appConstants": {
          "MOZ_UNSIGNED_SCOPES": {
            "median": 0,
            "mean": 0,
            "mdev": 0,
            "stddev": 0,
            "min": 0,
            "p10": 0,
            "p90": 0,
            "p99": 0,
            "max": 0
          },
          "TELEMETRY_PING_FORMAT_VERSION": {
            "median": 4,
            "mean": 4,
            "mdev": 0,
            "stddev": 0,
            "min": 4,
            "p10": 4,
            "p90": 4,
            "p99": 4,
            "max": 4
          }
        },
        "asyncAppConstants": {
          "MOZ_UNSIGNED_SCOPES": {
            "median": 0,
            "mean": 0,
            "mdev": 0,
            "stddev": 0,
            "min": 0,
            "p10": 0,
            "p90": 0,
            "p99": 0,
            "max": 0
          },
          "TELEMETRY_PING_FORMAT_VERSION": {
            "median": 4,
            "mean": 4,
            "mdev": 0,
            "stddev": 0,
            "min": 4,
            "p10": 4,
            "p90": 4,
            "p99": 4,
            "max": 4
          }
        }
      },
      "pageinfo": {
        "documentHeight": {
          "median": 612,
          "mean": 612,
          "mdev": 0,
          "stddev": 0,
          "min": 612,
          "p10": 612,
          "p90": 612,
          "p99": 612,
          "max": 612
        },
        "documentSize": {
          "decodedBodySize": {
            "median": 20782,
            "mean": 20782,
            "mdev": 0,
            "stddev": 0,
            "min": 20782,
            "p10": 20782,
            "p90": 20782,
            "p99": 20782,
            "max": 20782
          },
          "encodedBodySize": {
            "median": 12763,
            "mean": 12763,
            "mdev": 0,
            "stddev": 0,
            "min": 12763,
            "p10": 12763,
            "p90": 12763,
            "p99": 12763,
            "max": 12763
          },
          "transferSize": {
            "median": 987,
            "mean": 987,
            "mdev": 0,
            "stddev": 0,
            "min": 987,
            "p10": 987,
            "p90": 987,
            "p99": 987,
            "max": 987
          }
        },
        "documentWidth": {
          "median": 360,
          "mean": 360,
          "mdev": 0,
          "stddev": 0,
          "min": 360,
          "p10": 360,
          "p90": 360,
          "p99": 360,
          "max": 360
        },
        "domElements": {
          "median": 47,
          "mean": 47,
          "mdev": 0,
          "stddev": 0,
          "min": 47,
          "p10": 47,
          "p90": 47,
          "p99": 47,
          "max": 47
        },
        "navigationStartTime": {
          "median": 1617106020560,
          "mean": 1617106020560,
          "mdev": 0,
          "stddev": 0,
          "min": 1617106020560,
          "p10": 1617106020560,
          "p90": 1617106020560,
          "p99": 1617106020560,
          "max": 1617106020560
        },
        "resources": {
          "count": {
            "median": 0,
            "mean": 0,
            "mdev": 0,
            "stddev": 0,
            "min": 0,
            "p10": 0,
            "p90": 0,
            "p99": 0,
            "max": 0
          },
          "duration": {
            "median": 0,
            "mean": 0,
            "mdev": 0,
            "stddev": 0,
            "min": 0,
            "p10": 0,
            "p90": 0,
            "p99": 0,
            "max": 0
          }
        },
        "visualElements": {
          "viewport": {
            "height": {
              "median": 612,
              "mean": 612,
              "mdev": 0,
              "stddev": 0,
              "min": 612,
              "p10": 612,
              "p90": 612,
              "p99": 612,
              "max": 612
            },
            "width": {
              "median": 360,
              "mean": 360,
              "mdev": 0,
              "stddev": 0,
              "min": 360,
              "p10": 360,
              "p90": 360,
              "p99": 360,
              "max": 360
            }
          }
        }
      },
      "timings": {
        "firstPaint": {
          "median": 1179,
          "mean": 1179,
          "mdev": 0,
          "stddev": 0,
          "min": 1179,
          "p10": 1179,
          "p90": 1179,
          "p99": 1179,
          "max": 1179
        },
        "loadEventEnd": {
          "median": 1549,
          "mean": 1549,
          "mdev": 0,
          "stddev": 0,
          "min": 1549,
          "p10": 1549,
          "p90": 1549,
          "p99": 1549,
          "max": 1549
        },
        "navigationTiming": {
          "connectStart": {
            "median": 420,
            "mean": 420,
            "mdev": 0,
            "stddev": 0,
            "min": 420,
            "p10": 420,
            "p90": 420,
            "p99": 420,
            "max": 420
          },
          "domComplete": {
            "median": 1544,
            "mean": 1544,
            "mdev": 0,
            "stddev": 0,
            "min": 1544,
            "p10": 1544,
            "p90": 1544,
            "p99": 1544,
            "max": 1544
          },
          "domContentLoadedEventEnd": {
            "median": 1178,
            "mean": 1178,
            "mdev": 0,
            "stddev": 0,
            "min": 1178,
            "p10": 1178,
            "p90": 1178,
            "p99": 1178,
            "max": 1178
          },
          "domContentLoadedEventStart": {
            "median": 1155,
            "mean": 1155,
            "mdev": 0,
            "stddev": 0,
            "min": 1155,
            "p10": 1155,
            "p90": 1155,
            "p99": 1155,
            "max": 1155
          },
          "domInteractive": {
            "median": 1147,
            "mean": 1147,
            "mdev": 0,
            "stddev": 0,
            "min": 1147,
            "p10": 1147,
            "p90": 1147,
            "p99": 1147,
            "max": 1147
          },
          "domainLookupEnd": {
            "median": 420,
            "mean": 420,
            "mdev": 0,
            "stddev": 0,
            "min": 420,
            "p10": 420,
            "p90": 420,
            "p99": 420,
            "max": 420
          },
          "domainLookupStart": {
            "median": 420,
            "mean": 420,
            "mdev": 0,
            "stddev": 0,
            "min": 420,
            "p10": 420,
            "p90": 420,
            "p99": 420,
            "max": 420
          },
          "duration": {
            "median": 1549,
            "mean": 1549,
            "mdev": 0,
            "stddev": 0,
            "min": 1549,
            "p10": 1549,
            "p90": 1549,
            "p99": 1549,
            "max": 1549
          },
          "fetchStart": {
            "median": 420,
            "mean": 420,
            "mdev": 0,
            "stddev": 0,
            "min": 420,
            "p10": 420,
            "p90": 420,
            "p99": 420,
            "max": 420
          },
          "loadEventEnd": {
            "median": 1549,
            "mean": 1549,
            "mdev": 0,
            "stddev": 0,
            "min": 1549,
            "p10": 1549,
            "p90": 1549,
            "p99": 1549,
            "max": 1549
          },
          "loadEventStart": {
            "median": 1544,
            "mean": 1544,
            "mdev": 0,
            "stddev": 0,
            "min": 1544,
            "p10": 1544,
            "p90": 1544,
            "p99": 1544,
            "max": 1544
          },
          "redirectEnd": {
            "median": 420,
            "mean": 420,
            "mdev": 0,
            "stddev": 0,
            "min": 420,
            "p10": 420,
            "p90": 420,
            "p99": 420,
            "max": 420
          },
          "redirectStart": {
            "median": 2,
            "mean": 2,
            "mdev": 0,
            "stddev": 0,
            "min": 2,
            "p10": 2,
            "p90": 2,
            "p99": 2,
            "max": 2
          },
          "requestStart": {
            "median": 452,
            "mean": 452,
            "mdev": 0,
            "stddev": 0,
            "min": 452,
            "p10": 452,
            "p90": 452,
            "p99": 452,
            "max": 452
          },
          "responseEnd": {
            "median": 757,
            "mean": 757,
            "mdev": 0,
            "stddev": 0,
            "min": 757,
            "p10": 757,
            "p90": 757,
            "p99": 757,
            "max": 757
          },
          "responseStart": {
            "median": 757,
            "mean": 757,
            "mdev": 0,
            "stddev": 0,
            "min": 757,
            "p10": 757,
            "p90": 757,
            "p99": 757,
            "max": 757
          },
          "secureConnectionStart": {
            "median": 0,
            "mean": 0,
            "mdev": 0,
            "stddev": 0,
            "min": 0,
            "p10": 0,
            "p90": 0,
            "p99": 0,
            "max": 0
          },
          "startTime": {
            "median": 0,
            "mean": 0,
            "mdev": 0,
            "stddev": 0,
            "min": 0,
            "p10": 0,
            "p90": 0,
            "p99": 0,
            "max": 0
          },
          "unloadEventEnd": {
            "median": 0,
            "mean": 0,
            "mdev": 0,
            "stddev": 0,
            "min": 0,
            "p10": 0,
            "p90": 0,
            "p99": 0,
            "max": 0
          },
          "unloadEventStart": {
            "median": 0,
            "mean": 0,
            "mdev": 0,
            "stddev": 0,
            "min": 0,
            "p10": 0,
            "p90": 0,
            "p99": 0,
            "max": 0
          },
          "workerStart": {
            "median": 0,
            "mean": 0,
            "mdev": 0,
            "stddev": 0,
            "min": 0,
            "p10": 0,
            "p90": 0,
            "p99": 0,
            "max": 0
          }
        },
        "pageTimings": {
          "backEndTime": {
            "median": 757,
            "mean": 757,
            "mdev": 0,
            "stddev": 0,
            "min": 757,
            "p10": 757,
            "p90": 757,
            "p99": 757,
            "max": 757
          },
          "domContentLoadedTime": {
            "median": 1155,
            "mean": 1155,
            "mdev": 0,
            "stddev": 0,
            "min": 1155,
            "p10": 1155,
            "p90": 1155,
            "p99": 1155,
            "max": 1155
          },
          "domInteractiveTime": {
            "median": 1147,
            "mean": 1147,
            "mdev": 0,
            "stddev": 0,
            "min": 1147,
            "p10": 1147,
            "p90": 1147,
            "p99": 1147,
            "max": 1147
          },
          "domainLookupTime": {
            "median": 0,
            "mean": 0,
            "mdev": 0,
            "stddev": 0,
            "min": 0,
            "p10": 0,
            "p90": 0,
            "p99": 0,
            "max": 0
          },
          "frontEndTime": {
            "median": 787,
            "mean": 787,
            "mdev": 0,
            "stddev": 0,
            "min": 787,
            "p10": 787,
            "p90": 787,
            "p99": 787,
            "max": 787
          },
          "pageDownloadTime": {
            "median": 0,
            "mean": 0,
            "mdev": 0,
            "stddev": 0,
            "min": 0,
            "p10": 0,
            "p90": 0,
            "p99": 0,
            "max": 0
          },
          "pageLoadTime": {
            "median": 1544,
            "mean": 1544,
            "mdev": 0,
            "stddev": 0,
            "min": 1544,
            "p10": 1544,
            "p90": 1544,
            "p99": 1544,
            "max": 1544
          },
          "redirectionTime": {
            "median": 418,
            "mean": 418,
            "mdev": 0,
            "stddev": 0,
            "min": 418,
            "p10": 418,
            "p90": 418,
            "p99": 418,
            "max": 418
          },
          "serverConnectionTime": {
            "median": 0,
            "mean": 0,
            "mdev": 0,
            "stddev": 0,
            "min": 0,
            "p10": 0,
            "p90": 0,
            "p99": 0,
            "max": 0
          },
          "serverResponseTime": {
            "median": 305,
            "mean": 305,
            "mdev": 0,
            "stddev": 0,
            "min": 305,
            "p10": 305,
            "p90": 305,
            "p99": 305,
            "max": 305
          }
        },
        "rumSpeedIndex": {
          "median": 757,
          "mean": 757,
          "mdev": 0,
          "stddev": 0,
          "min": 757,
          "p10": 757,
          "p90": 757,
          "p99": 757,
          "max": 757
        },
        "timeToContentfulPaint": {
          "median": 1235,
          "mean": 1235,
          "mdev": 0,
          "stddev": 0,
          "min": 1235,
          "p10": 1235,
          "p90": 1235,
          "p99": 1235,
          "max": 1235
        },
        "timeToDomContentFlushed": {
          "median": 1147,
          "mean": 1147,
          "mdev": 0,
          "stddev": 0,
          "min": 1147,
          "p10": 1147,
          "p90": 1147,
          "p99": 1147,
          "max": 1147
        },
        "timeToFirstInteractive": {
          "median": 1235,
          "mean": 1235,
          "mdev": 0,
          "stddev": 0,
          "min": 1235,
          "p10": 1235,
          "p90": 1235,
          "p99": 1235,
          "max": 1235
        }
      }
    }
  }
]