[
  {
    "info": {
      "browsertime": {
        "version": "8.4.0"
      },
      "url": "https://www.csdn.net/",
      "timestamp": "2021-03-30T16:29:04+04:00",
      "connectivity": {
        "engine": "external",
        "profile": "native"
      },
      "extra": {}
    },
    "files": {
      "video": [],
      "screenshot": [],
      "timeline": [],
      "consoleLog": [],
      "netLog": [],
      "perfLog": []
    },
    "cdp": {
      "performance": []
    },
    "timestamps": [
      "2021-03-30T16:26:48+04:00",
      "2021-03-30T16:29:12+04:00",
      "2021-03-30T16:29:40+04:00",
      "2021-03-30T16:32:23+04:00"
    ],
    "browserScripts": [
      {
        "browser": {
          "appConstants": {
            "ACCESSIBILITY": true,
            "ANDROID_PACKAGE_NAME": "org.mozilla.firefox",
            "ASAN": false,
            "ASAN_REPORTER": false,
            "BROWSER_CHROME_URL": "chrome://browser/content/browser.xul",
            "DEBUG": false,
            "DEBUG_JS_MODULES": "",
            "DLL_PREFIX": "lib",
            "DLL_SUFFIX": ".so",
            "EARLY_BETA_OR_EARLIER": false,
            "FENNEC_NIGHTLY": false,
            "HAVE_SHELL_SERVICE": false,
            "HAVE_USR_LIB64_DIR": false,
            "MENUBAR_CAN_AUTOHIDE": false,
            "MOZILLA_OFFICIAL": true,
            "MOZ_ALLOW_LEGACY_EXTENSIONS": false,
            "MOZ_ANDROID_ACTIVITY_STREAM": false,
            "MOZ_ANDROID_HISTORY": true,
            "MOZ_ANDROID_MOZILLA_ONLINE": false,
            "MOZ_APP_NAME": "fennec",
            "MOZ_APP_VERSION": "68.1.1",
            "MOZ_APP_VERSION_DISPLAY": "68.1.1",
            "MOZ_BING_API_CLIENTID": "no-bing-api-clientid",
            "MOZ_BING_API_KEY": "no-bing-api-key",
            "MOZ_BITS_DOWNLOAD": false,
            "MOZ_BUILD_APP": "mobile/android",
            "MOZ_CODE_COVERAGE": false,
            "MOZ_CRASHREPORTER": true,
            "MOZ_DATA_REPORTING": true,
            "MOZ_DEV_EDITION": false,
            "MOZ_GECKO_PROFILER": true,
            "MOZ_GOOGLE_LOCATION_SERVICE_API_KEY": "AIzaSyB2h2OuRcUgy5N-5hsZqiPW6sH3n_rptiQ",
            "MOZ_GOOGLE_SAFEBROWSING_API_KEY": "AIzaSyC7jsptDS3am4tPx4r3nxis7IMjBc5Dovo",
            "MOZ_GRAPHENE": false,
            "MOZ_MACBUNDLE_NAME": "Firefox.app",
            "MOZ_MAINTENANCE_SERVICE": false,
            "MOZ_MOZILLA_API_KEY": "3b4d27dd-703d-4094-8398-4de2c763505a",
            "MOZ_NEW_CERT_STORAGE": false,
            "MOZ_NEW_NOTIFICATION_STORE": false,
            "MOZ_NEW_XULSTORE": false,
            "MOZ_OFFICIAL_BRANDING": false,
            "MOZ_PLACES": false,
            "MOZ_REQUIRE_SIGNING": false,
            "MOZ_SANDBOX": false,
            "MOZ_SERVICES_HEALTHREPORT": true,
            "MOZ_SERVICES_SYNC": false,
            "MOZ_SWITCHBOARD": true,
            "MOZ_SYSTEM_NSS": false,
            "MOZ_TELEMETRY_ON_BY_DEFAULT": false,
            "MOZ_TELEMETRY_REPORTING": true,
            "MOZ_UNSIGNED_SCOPES": 0,
            "MOZ_UPDATER": false,
            "MOZ_UPDATE_CHANNEL": "release",
            "MOZ_WEBRTC": true,
            "MOZ_WIDGET_GTK": false,
            "MOZ_WIDGET_TOOLKIT": "android",
            "NIGHTLY_BUILD": false,
            "OMNIJAR_NAME": "assets/omni.ja",
            "RELEASE_OR_BETA": true,
            "SOURCE_REVISION_URL": "https://hg.mozilla.org/releases/mozilla-esr68/rev/d2e0b9e17b9bc1ef02606c8006b73293f7892ad5",
            "TELEMETRY_PING_FORMAT_VERSION": 4,
            "XP_UNIX": true,
            "isPlatformAndVersionAtLeast": {},
            "isPlatformAndVersionAtMost": {},
            "platform": "android"
          },
          "asyncAppConstants": {
            "ACCESSIBILITY": true,
            "ANDROID_PACKAGE_NAME": "org.mozilla.firefox",
            "ASAN": false,
            "ASAN_REPORTER": false,
            "BROWSER_CHROME_URL": "chrome://browser/content/browser.xul",
            "DEBUG": false,
            "DEBUG_JS_MODULES": "",
            "DLL_PREFIX": "lib",
            "DLL_SUFFIX": ".so",
            "EARLY_BETA_OR_EARLIER": false,
            "FENNEC_NIGHTLY": false,
            "HAVE_SHELL_SERVICE": false,
            "HAVE_USR_LIB64_DIR": false,
            "MENUBAR_CAN_AUTOHIDE": false,
            "MOZILLA_OFFICIAL": true,
            "MOZ_ALLOW_LEGACY_EXTENSIONS": false,
            "MOZ_ANDROID_ACTIVITY_STREAM": false,
            "MOZ_ANDROID_HISTORY": true,
            "MOZ_ANDROID_MOZILLA_ONLINE": false,
            "MOZ_APP_NAME": "fennec",
            "MOZ_APP_VERSION": "68.1.1",
            "MOZ_APP_VERSION_DISPLAY": "68.1.1",
            "MOZ_BING_API_CLIENTID": "no-bing-api-clientid",
            "MOZ_BING_API_KEY": "no-bing-api-key",
            "MOZ_BITS_DOWNLOAD": false,
            "MOZ_BUILD_APP": "mobile/android",
            "MOZ_CODE_COVERAGE": false,
            "MOZ_CRASHREPORTER": true,
            "MOZ_DATA_REPORTING": true,
            "MOZ_DEV_EDITION": false,
            "MOZ_GECKO_PROFILER": true,
            "MOZ_GOOGLE_LOCATION_SERVICE_API_KEY": "AIzaSyB2h2OuRcUgy5N-5hsZqiPW6sH3n_rptiQ",
            "MOZ_GOOGLE_SAFEBROWSING_API_KEY": "AIzaSyC7jsptDS3am4tPx4r3nxis7IMjBc5Dovo",
            "MOZ_GRAPHENE": false,
            "MOZ_MACBUNDLE_NAME": "Firefox.app",
            "MOZ_MAINTENANCE_SERVICE": false,
            "MOZ_MOZILLA_API_KEY": "3b4d27dd-703d-4094-8398-4de2c763505a",
            "MOZ_NEW_CERT_STORAGE": false,
            "MOZ_NEW_NOTIFICATION_STORE": false,
            "MOZ_NEW_XULSTORE": false,
            "MOZ_OFFICIAL_BRANDING": false,
            "MOZ_PLACES": false,
            "MOZ_REQUIRE_SIGNING": false,
            "MOZ_SANDBOX": false,
            "MOZ_SERVICES_HEALTHREPORT": true,
            "MOZ_SERVICES_SYNC": false,
            "MOZ_SWITCHBOARD": true,
            "MOZ_SYSTEM_NSS": false,
            "MOZ_TELEMETRY_ON_BY_DEFAULT": false,
            "MOZ_TELEMETRY_REPORTING": true,
            "MOZ_UNSIGNED_SCOPES": 0,
            "MOZ_UPDATER": false,
            "MOZ_UPDATE_CHANNEL": "release",
            "MOZ_WEBRTC": true,
            "MOZ_WIDGET_GTK": false,
            "MOZ_WIDGET_TOOLKIT": "android",
            "NIGHTLY_BUILD": false,
            "OMNIJAR_NAME": "assets/omni.ja",
            "RELEASE_OR_BETA": true,
            "SOURCE_REVISION_URL": "https://hg.mozilla.org/releases/mozilla-esr68/rev/d2e0b9e17b9bc1ef02606c8006b73293f7892ad5",
            "TELEMETRY_PING_FORMAT_VERSION": 4,
            "XP_UNIX": true,
            "isPlatformAndVersionAtLeast": {},
            "isPlatformAndVersionAtMost": {},
            "platform": "android"
          },
          "userAgent": "Mozilla/5.0 (Android 9; Mobile; rv:68.0) Gecko/68.0 Firefox/68.0",
          "windowSize": "360x612"
        },
        "pageinfo": {
          "documentHeight": 612,
          "documentSize": {
            "decodedBodySize": 11557,
            "encodedBodySize": 3903,
            "transferSize": 4370
          },
          "documentTitle": "CSDN - 专业开发者社区",
          "documentWidth": 360,
          "domElements": 320,
          "navigationStartTime": 1617107208899,
          "nextHopProtocol": "h2",
          "resources": {
            "count": 0,
            "duration": 0
          },
          "responsive": true,
          "url": "https://www.csdn.net/",
          "visualElements": {
            "heroes": [
              {
                "filename": "69e32e523c2cae2bec51869fda055821.png",
                "height": 195,
                "name": "LargestImage",
                "width": 360,
                "x": 0,
                "y": 90
              }
            ],
            "viewport": {
              "height": 612,
              "width": 360
            }
          }
        },
        "timings": {
          "firstPaint": 4898,
          "loadEventEnd": 106254,
          "navigationTiming": {
            "connectStart": 315,
            "domComplete": 106238,
            "domContentLoadedEventEnd": 105055,
            "domContentLoadedEventStart": 105028,
            "domInteractive": 105010,
            "domainLookupEnd": 315,
            "domainLookupStart": 315,
            "duration": 106254,
            "fetchStart": 3,
            "loadEventEnd": 106254,
            "loadEventStart": 106238,
            "redirectEnd": 0,
            "redirectStart": 0,
            "requestStart": 1999,
            "responseEnd": 2324,
            "responseStart": 2323,
            "secureConnectionStart": 1628,
            "startTime": 0,
            "unloadEventEnd": 0,
            "unloadEventStart": 0,
            "workerStart": 0
          },
          "pageTimings": {
            "backEndTime": 2323,
            "domContentLoadedTime": 105028,
            "domInteractiveTime": 105010,
            "domainLookupTime": 0,
            "frontEndTime": 103914,
            "pageDownloadTime": 1,
            "pageLoadTime": 106238,
            "redirectionTime": 0,
            "serverConnectionTime": 1682,
            "serverResponseTime": 325
          },
          "rumSpeedIndex": 2323,
          "timeToContentfulPaint": 97709,
          "timeToDomContentFlushed": 105011,
          "timeToFirstInteractive": 98666,
          "userTimings": {
            "marks": [],
            "measures": []
          }
        }
      },
      {
        "browser": {
          "appConstants": {
            "ACCESSIBILITY": true,
            "ANDROID_PACKAGE_NAME": "org.mozilla.firefox",
            "ASAN": false,
            "ASAN_REPORTER": false,
            "BROWSER_CHROME_URL": "chrome://browser/content/browser.xul",
            "DEBUG": false,
            "DEBUG_JS_MODULES": "",
            "DLL_PREFIX": "lib",
            "DLL_SUFFIX": ".so",
            "EARLY_BETA_OR_EARLIER": false,
            "FENNEC_NIGHTLY": false,
            "HAVE_SHELL_SERVICE": false,
            "HAVE_USR_LIB64_DIR": false,
            "MENUBAR_CAN_AUTOHIDE": false,
            "MOZILLA_OFFICIAL": true,
            "MOZ_ALLOW_LEGACY_EXTENSIONS": false,
            "MOZ_ANDROID_ACTIVITY_STREAM": false,
            "MOZ_ANDROID_HISTORY": true,
            "MOZ_ANDROID_MOZILLA_ONLINE": false,
            "MOZ_APP_NAME": "fennec",
            "MOZ_APP_VERSION": "68.1.1",
            "MOZ_APP_VERSION_DISPLAY": "68.1.1",
            "MOZ_BING_API_CLIENTID": "no-bing-api-clientid",
            "MOZ_BING_API_KEY": "no-bing-api-key",
            "MOZ_BITS_DOWNLOAD": false,
            "MOZ_BUILD_APP": "mobile/android",
            "MOZ_CODE_COVERAGE": false,
            "MOZ_CRASHREPORTER": true,
            "MOZ_DATA_REPORTING": true,
            "MOZ_DEV_EDITION": false,
            "MOZ_GECKO_PROFILER": true,
            "MOZ_GOOGLE_LOCATION_SERVICE_API_KEY": "AIzaSyB2h2OuRcUgy5N-5hsZqiPW6sH3n_rptiQ",
            "MOZ_GOOGLE_SAFEBROWSING_API_KEY": "AIzaSyC7jsptDS3am4tPx4r3nxis7IMjBc5Dovo",
            "MOZ_GRAPHENE": false,
            "MOZ_MACBUNDLE_NAME": "Firefox.app",
            "MOZ_MAINTENANCE_SERVICE": false,
            "MOZ_MOZILLA_API_KEY": "3b4d27dd-703d-4094-8398-4de2c763505a",
            "MOZ_NEW_CERT_STORAGE": false,
            "MOZ_NEW_NOTIFICATION_STORE": false,
            "MOZ_NEW_XULSTORE": false,
            "MOZ_OFFICIAL_BRANDING": false,
            "MOZ_PLACES": false,
            "MOZ_REQUIRE_SIGNING": false,
            "MOZ_SANDBOX": false,
            "MOZ_SERVICES_HEALTHREPORT": true,
            "MOZ_SERVICES_SYNC": false,
            "MOZ_SWITCHBOARD": true,
            "MOZ_SYSTEM_NSS": false,
            "MOZ_TELEMETRY_ON_BY_DEFAULT": false,
            "MOZ_TELEMETRY_REPORTING": true,
            "MOZ_UNSIGNED_SCOPES": 0,
            "MOZ_UPDATER": false,
            "MOZ_UPDATE_CHANNEL": "release",
            "MOZ_WEBRTC": true,
            "MOZ_WIDGET_GTK": false,
            "MOZ_WIDGET_TOOLKIT": "android",
            "NIGHTLY_BUILD": false,
            "OMNIJAR_NAME": "assets/omni.ja",
            "RELEASE_OR_BETA": true,
            "SOURCE_REVISION_URL": "https://hg.mozilla.org/releases/mozilla-esr68/rev/d2e0b9e17b9bc1ef02606c8006b73293f7892ad5",
            "TELEMETRY_PING_FORMAT_VERSION": 4,
            "XP_UNIX": true,
            "isPlatformAndVersionAtLeast": {},
            "isPlatformAndVersionAtMost": {},
            "platform": "android"
          },
          "asyncAppConstants": {
            "ACCESSIBILITY": true,
            "ANDROID_PACKAGE_NAME": "org.mozilla.firefox",
            "ASAN": false,
            "ASAN_REPORTER": false,
            "BROWSER_CHROME_URL": "chrome://browser/content/browser.xul",
            "DEBUG": false,
            "DEBUG_JS_MODULES": "",
            "DLL_PREFIX": "lib",
            "DLL_SUFFIX": ".so",
            "EARLY_BETA_OR_EARLIER": false,
            "FENNEC_NIGHTLY": false,
            "HAVE_SHELL_SERVICE": false,
            "HAVE_USR_LIB64_DIR": false,
            "MENUBAR_CAN_AUTOHIDE": false,
            "MOZILLA_OFFICIAL": true,
            "MOZ_ALLOW_LEGACY_EXTENSIONS": false,
            "MOZ_ANDROID_ACTIVITY_STREAM": false,
            "MOZ_ANDROID_HISTORY": true,
            "MOZ_ANDROID_MOZILLA_ONLINE": false,
            "MOZ_APP_NAME": "fennec",
            "MOZ_APP_VERSION": "68.1.1",
            "MOZ_APP_VERSION_DISPLAY": "68.1.1",
            "MOZ_BING_API_CLIENTID": "no-bing-api-clientid",
            "MOZ_BING_API_KEY": "no-bing-api-key",
            "MOZ_BITS_DOWNLOAD": false,
            "MOZ_BUILD_APP": "mobile/android",
            "MOZ_CODE_COVERAGE": false,
            "MOZ_CRASHREPORTER": true,
            "MOZ_DATA_REPORTING": true,
            "MOZ_DEV_EDITION": false,
            "MOZ_GECKO_PROFILER": true,
            "MOZ_GOOGLE_LOCATION_SERVICE_API_KEY": "AIzaSyB2h2OuRcUgy5N-5hsZqiPW6sH3n_rptiQ",
            "MOZ_GOOGLE_SAFEBROWSING_API_KEY": "AIzaSyC7jsptDS3am4tPx4r3nxis7IMjBc5Dovo",
            "MOZ_GRAPHENE": false,
            "MOZ_MACBUNDLE_NAME": "Firefox.app",
            "MOZ_MAINTENANCE_SERVICE": false,
            "MOZ_MOZILLA_API_KEY": "3b4d27dd-703d-4094-8398-4de2c763505a",
            "MOZ_NEW_CERT_STORAGE": false,
            "MOZ_NEW_NOTIFICATION_STORE": false,
            "MOZ_NEW_XULSTORE": false,
            "MOZ_OFFICIAL_BRANDING": false,
            "MOZ_PLACES": false,
            "MOZ_REQUIRE_SIGNING": false,
            "MOZ_SANDBOX": false,
            "MOZ_SERVICES_HEALTHREPORT": true,
            "MOZ_SERVICES_SYNC": false,
            "MOZ_SWITCHBOARD": true,
            "MOZ_SYSTEM_NSS": false,
            "MOZ_TELEMETRY_ON_BY_DEFAULT": false,
            "MOZ_TELEMETRY_REPORTING": true,
            "MOZ_UNSIGNED_SCOPES": 0,
            "MOZ_UPDATER": false,
            "MOZ_UPDATE_CHANNEL": "release",
            "MOZ_WEBRTC": true,
            "MOZ_WIDGET_GTK": false,
            "MOZ_WIDGET_TOOLKIT": "android",
            "NIGHTLY_BUILD": false,
            "OMNIJAR_NAME": "assets/omni.ja",
            "RELEASE_OR_BETA": true,
            "SOURCE_REVISION_URL": "https://hg.mozilla.org/releases/mozilla-esr68/rev/d2e0b9e17b9bc1ef02606c8006b73293f7892ad5",
            "TELEMETRY_PING_FORMAT_VERSION": 4,
            "XP_UNIX": true,
            "isPlatformAndVersionAtLeast": {},
            "isPlatformAndVersionAtMost": {},
            "platform": "android"
          },
          "userAgent": "Mozilla/5.0 (Android 9; Mobile; rv:68.0) Gecko/68.0 Firefox/68.0",
          "windowSize": "360x612"
        },
        "pageinfo": {
          "documentHeight": 612,
          "documentSize": {
            "decodedBodySize": 11557,
            "encodedBodySize": 3905,
            "transferSize": 4372
          },
          "documentTitle": "CSDN - 专业开发者社区",
          "documentWidth": 360,
          "domElements": 320,
          "navigationStartTime": 1617107352571,
          "nextHopProtocol": "h2",
          "resources": {
            "count": 0,
            "duration": 0
          },
          "responsive": true,
          "url": "https://www.csdn.net/",
          "visualElements": {
            "heroes": [
              {
                "filename": "3a285e394bbfa183fff920dc5457065e.jpg",
                "height": 195,
                "name": "LargestImage",
                "width": 360,
                "x": 0,
                "y": 90
              }
            ],
            "viewport": {
              "height": 612,
              "width": 360
            }
          }
        },
        "timings": {
          "firstPaint": 6865,
          "loadEventEnd": 12722,
          "navigationTiming": {
            "connectStart": 323,
            "domComplete": 12646,
            "domContentLoadedEventEnd": 8491,
            "domContentLoadedEventStart": 8469,
            "domInteractive": 8456,
            "domainLookupEnd": 322,
            "domainLookupStart": 321,
            "duration": 12722,
            "fetchStart": 2,
            "loadEventEnd": 12722,
            "loadEventStart": 12646,
            "redirectEnd": 0,
            "redirectStart": 0,
            "requestStart": 2357,
            "responseEnd": 4955,
            "responseStart": 4954,
            "secureConnectionStart": 1936,
            "startTime": 0,
            "unloadEventEnd": 0,
            "unloadEventStart": 0,
            "workerStart": 0
          },
          "pageTimings": {
            "backEndTime": 4954,
            "domContentLoadedTime": 8469,
            "domInteractiveTime": 8456,
            "domainLookupTime": 0,
            "frontEndTime": 7691,
            "pageDownloadTime": 1,
            "pageLoadTime": 12646,
            "redirectionTime": 0,
            "serverConnectionTime": 2032,
            "serverResponseTime": 2598
          },
          "rumSpeedIndex": 4954,
          "timeToContentfulPaint": 8362,
          "timeToDomContentFlushed": 8492,
          "userTimings": {
            "marks": [],
            "measures": []
          }
        }
      }
    ],
    "visualMetrics": [],
    "cpu": [],
    "extras": [
      {},
      {},
      {},
      {}
    ],
    "fullyLoaded": [],
    "errors": [
      [],
      [],
      [
        "UrlLoadError",
        "Failed to load https://www.csdn.net/"
      ],
      [
        "UrlLoadError",
        "Failed to load https://www.csdn.net/"
      ]
    ],
    "statistics": {
      "browser": {
        "appConstants": {
          "MOZ_UNSIGNED_SCOPES": {
            "median": 0,
            "mean": 0,
            "mdev": 0,
            "stddev": 0,
            "min": 0,
            "p10": 0,
            "p90": 0,
            "p99": 0,
            "max": 0
          },
          "TELEMETRY_PING_FORMAT_VERSION": {
            "median": 4,
            "mean": 4,
            "mdev": 0,
            "stddev": 0,
            "min": 4,
            "p10": 4,
            "p90": 4,
            "p99": 4,
            "max": 4
          }
        },
        "asyncAppConstants": {
          "MOZ_UNSIGNED_SCOPES": {
            "median": 0,
            "mean": 0,
            "mdev": 0,
            "stddev": 0,
            "min": 0,
            "p10": 0,
            "p90": 0,
            "p99": 0,
            "max": 0
          },
          "TELEMETRY_PING_FORMAT_VERSION": {
            "median": 4,
            "mean": 4,
            "mdev": 0,
            "stddev": 0,
            "min": 4,
            "p10": 4,
            "p90": 4,
            "p99": 4,
            "max": 4
          }
        }
      },
      "pageinfo": {
        "documentHeight": {
          "median": 612,
          "mean": 612,
          "mdev": 0,
          "stddev": 0,
          "min": 612,
          "p10": 612,
          "p90": 612,
          "p99": 612,
          "max": 612
        },
        "documentSize": {
          "decodedBodySize": {
            "median": 11557,
            "mean": 11557,
            "mdev": 0,
            "stddev": 0,
            "min": 11557,
            "p10": 11557,
            "p90": 11557,
            "p99": 11557,
            "max": 11557
          },
          "encodedBodySize": {
            "median": 3904,
            "mean": 3904,
            "mdev": 0.7071,
            "stddev": 1,
            "min": 3903,
            "p10": 3903,
            "p90": 3905,
            "p99": 3905,
            "max": 3905
          },
          "transferSize": {
            "median": 4371,
            "mean": 4371,
            "mdev": 0.7071,
            "stddev": 1,
            "min": 4370,
            "p10": 4370,
            "p90": 4372,
            "p99": 4372,
            "max": 4372
          }
        },
        "documentWidth": {
          "median": 360,
          "mean": 360,
          "mdev": 0,
          "stddev": 0,
          "min": 360,
          "p10": 360,
          "p90": 360,
          "p99": 360,
          "max": 360
        },
        "domElements": {
          "median": 320,
          "mean": 320,
          "mdev": 0,
          "stddev": 0,
          "min": 320,
          "p10": 320,
          "p90": 320,
          "p99": 320,
          "max": 320
        },
        "navigationStartTime": {
          "median": 1617107280735,
          "mean": 1617107280735,
          "mdev": 49152,
          "stddev": 69511,
          "min": 1617107208899,
          "p10": 1617107208899,
          "p90": 1617107352571,
          "p99": 1617107352571,
          "max": 1617107352571
        },
        "resources": {
          "count": {
            "median": 0,
            "mean": 0,
            "mdev": 0,
            "stddev": 0,
            "min": 0,
            "p10": 0,
            "p90": 0,
            "p99": 0,
            "max": 0
          },
          "duration": {
            "median": 0,
            "mean": 0,
            "mdev": 0,
            "stddev": 0,
            "min": 0,
            "p10": 0,
            "p90": 0,
            "p99": 0,
            "max": 0
          }
        },
        "visualElements": {
          "heroes": [
            {
              "height": {
                "median": 195,
                "mean": 195,
                "mdev": 0,
                "stddev": 0,
                "min": 195,
                "p10": 195,
                "p90": 195,
                "p99": 195,
                "max": 195
              },
              "width": {
                "median": 360,
                "mean": 360,
                "mdev": 0,
                "stddev": 0,
                "min": 360,
                "p10": 360,
                "p90": 360,
                "p99": 360,
                "max": 360
              },
              "x": {
                "median": 0,
                "mean": 0,
                "mdev": 0,
                "stddev": 0,
                "min": 0,
                "p10": 0,
                "p90": 0,
                "p99": 0,
                "max": 0
              },
              "y": {
                "median": 90,
                "mean": 90,
                "mdev": 0,
                "stddev": 0,
                "min": 90,
                "p10": 90,
                "p90": 90,
                "p99": 90,
                "max": 90
              }
            }
          ],
          "viewport": {
            "height": {
              "median": 612,
              "mean": 612,
              "mdev": 0,
              "stddev": 0,
              "min": 612,
              "p10": 612,
              "p90": 612,
              "p99": 612,
              "max": 612
            },
            "width": {
              "median": 360,
              "mean": 360,
              "mdev": 0,
              "stddev": 0,
              "min": 360,
              "p10": 360,
              "p90": 360,
              "p99": 360,
              "max": 360
            }
          }
        }
      },
      "timings": {
        "firstPaint": {
          "median": 5882,
          "mean": 5882,
          "mdev": 695.4395,
          "stddev": 984,
          "min": 4898,
          "p10": 4898,
          "p90": 6865,
          "p99": 6865,
          "max": 6865
        },
        "loadEventEnd": {
          "median": 59488,
          "mean": 59488,
          "mdev": 33068.5557,
          "stddev": 46766,
          "min": 12722,
          "p10": 12722,
          "p90": 106254,
          "p99": 106254,
          "max": 106254
        },
        "navigationTiming": {
          "connectStart": {
            "median": 319,
            "mean": 319,
            "mdev": 2.8284,
            "stddev": 4,
            "min": 315,
            "p10": 315,
            "p90": 323,
            "p99": 323,
            "max": 323
          },
          "domComplete": {
            "median": 59442,
            "mean": 59442,
            "mdev": 33089.7689,
            "stddev": 46796,
            "min": 12646,
            "p10": 12646,
            "p90": 106238,
            "p99": 106238,
            "max": 106238
          },
          "domContentLoadedEventEnd": {
            "median": 56773,
            "mean": 56773,
            "mdev": 34140.5296,
            "stddev": 48282,
            "min": 8491,
            "p10": 8491,
            "p90": 105055,
            "p99": 105055,
            "max": 105055
          },
          "domContentLoadedEventStart": {
            "median": 56749,
            "mean": 56749,
            "mdev": 34138.7618,
            "stddev": 48280,
            "min": 8469,
            "p10": 8469,
            "p90": 105028,
            "p99": 105028,
            "max": 105028
          },
          "domInteractive": {
            "median": 56733,
            "mean": 56733,
            "mdev": 34136.9941,
            "stddev": 48277,
            "min": 8456,
            "p10": 8456,
            "p90": 105010,
            "p99": 105010,
            "max": 105010
          },
          "domainLookupEnd": {
            "median": 319,
            "mean": 319,
            "mdev": 2.4749,
            "stddev": 4,
            "min": 315,
            "p10": 315,
            "p90": 322,
            "p99": 322,
            "max": 322
          },
          "domainLookupStart": {
            "median": 318,
            "mean": 318,
            "mdev": 2.1213,
            "stddev": 3,
            "min": 315,
            "p10": 315,
            "p90": 321,
            "p99": 321,
            "max": 321
          },
          "duration": {
            "median": 59488,
            "mean": 59488,
            "mdev": 33068.5557,
            "stddev": 46766,
            "min": 12722,
            "p10": 12722,
            "p90": 106254,
            "p99": 106254,
            "max": 106254
          },
          "fetchStart": {
            "median": 3,
            "mean": 3,
            "mdev": 0.3536,
            "stddev": 1,
            "min": 2,
            "p10": 2,
            "p90": 3,
            "p99": 3,
            "max": 3
          },
          "loadEventEnd": {
            "median": 59488,
            "mean": 59488,
            "mdev": 33068.5557,
            "stddev": 46766,
            "min": 12722,
            "p10": 12722,
            "p90": 106254,
            "p99": 106254,
            "max": 106254
          },
          "loadEventStart": {
            "median": 59442,
            "mean": 59442,
            "mdev": 33089.7689,
            "stddev": 46796,
            "min": 12646,
            "p10": 12646,
            "p90": 106238,
            "p99": 106238,
            "max": 106238
          },
          "redirectEnd": {
            "median": 0,
            "mean": 0,
            "mdev": 0,
            "stddev": 0,
            "min": 0,
            "p10": 0,
            "p90": 0,
            "p99": 0,
            "max": 0
          },
          "redirectStart": {
            "median": 0,
            "mean": 0,
            "mdev": 0,
            "stddev": 0,
            "min": 0,
            "p10": 0,
            "p90": 0,
            "p99": 0,
            "max": 0
          },
          "requestStart": {
            "median": 2178,
            "mean": 2178,
            "mdev": 126.5721,
            "stddev": 179,
            "min": 1999,
            "p10": 1999,
            "p90": 2357,
            "p99": 2357,
            "max": 2357
          },
          "responseEnd": {
            "median": 3640,
            "mean": 3640,
            "mdev": 930.199,
            "stddev": 1316,
            "min": 2324,
            "p10": 2324,
            "p90": 4955,
            "p99": 4955,
            "max": 4955
          },
          "responseStart": {
            "median": 3639,
            "mean": 3639,
            "mdev": 930.199,
            "stddev": 1316,
            "min": 2323,
            "p10": 2323,
            "p90": 4954,
            "p99": 4954,
            "max": 4954
          },
          "secureConnectionStart": {
            "median": 1782,
            "mean": 1782,
            "mdev": 108.8944,
            "stddev": 154,
            "min": 1628,
            "p10": 1628,
            "p90": 1936,
            "p99": 1936,
            "max": 1936
          },
          "startTime": {
            "median": 0,
            "mean": 0,
            "mdev": 0,
            "stddev": 0,
            "min": 0,
            "p10": 0,
            "p90": 0,
            "p99": 0,
            "max": 0
          },
          "unloadEventEnd": {
            "median": 0,
            "mean": 0,
            "mdev": 0,
            "stddev": 0,
            "min": 0,
            "p10": 0,
            "p90": 0,
            "p99": 0,
            "max": 0
          },
          "unloadEventStart": {
            "median": 0,
            "mean": 0,
            "mdev": 0,
            "stddev": 0,
            "min": 0,
            "p10": 0,
            "p90": 0,
            "p99": 0,
            "max": 0
          },
          "workerStart": {
            "median": 0,
            "mean": 0,
            "mdev": 0,
            "stddev": 0,
            "min": 0,
            "p10": 0,
            "p90": 0,
            "p99": 0,
            "max": 0
          }
        },
        "pageTimings": {
          "backEndTime": {
            "median": 3639,
            "mean": 3639,
            "mdev": 930.199,
            "stddev": 1316,
            "min": 2323,
            "p10": 2323,
            "p90": 4954,
            "p99": 4954,
            "max": 4954
          },
          "domContentLoadedTime": {
            "median": 56749,
            "mean": 56749,
            "mdev": 34138.7618,
            "stddev": 48280,
            "min": 8469,
            "p10": 8469,
            "p90": 105028,
            "p99": 105028,
            "max": 105028
          },
          "domInteractiveTime": {
            "median": 56733,
            "mean": 56733,
            "mdev": 34136.9941,
            "stddev": 48277,
            "min": 8456,
            "p10": 8456,
            "p90": 105010,
            "p99": 105010,
            "max": 105010
          },
          "domainLookupTime": {
            "median": 0,
            "mean": 0,
            "mdev": 0,
            "stddev": 0,
            "min": 0,
            "p10": 0,
            "p90": 0,
            "p99": 0,
            "max": 0
          },
          "frontEndTime": {
            "median": 55803,
            "mean": 55803,
            "mdev": 34019.9679,
            "stddev": 48112,
            "min": 7691,
            "p10": 7691,
            "p90": 103914,
            "p99": 103914,
            "max": 103914
          },
          "pageDownloadTime": {
            "median": 1,
            "mean": 1,
            "mdev": 0,
            "stddev": 0,
            "min": 1,
            "p10": 1,
            "p90": 1,
            "p99": 1,
            "max": 1
          },
          "pageLoadTime": {
            "median": 59442,
            "mean": 59442,
            "mdev": 33089.7689,
            "stddev": 46796,
            "min": 12646,
            "p10": 12646,
            "p90": 106238,
            "p99": 106238,
            "max": 106238
          },
          "redirectionTime": {
            "median": 0,
            "mean": 0,
            "mdev": 0,
            "stddev": 0,
            "min": 0,
            "p10": 0,
            "p90": 0,
            "p99": 0,
            "max": 0
          },
          "serverConnectionTime": {
            "median": 1857,
            "mean": 1857,
            "mdev": 123.7437,
            "stddev": 175,
            "min": 1682,
            "p10": 1682,
            "p90": 2032,
            "p99": 2032,
            "max": 2032
          },
          "serverResponseTime": {
            "median": 1462,
            "mean": 1462,
            "mdev": 803.6269,
            "stddev": 1137,
            "min": 325,
            "p10": 325,
            "p90": 2598,
            "p99": 2598,
            "max": 2598
          }
        },
        "rumSpeedIndex": {
          "median": 3639,
          "mean": 3639,
          "mdev": 930.199,
          "stddev": 1316,
          "min": 2323,
          "p10": 2323,
          "p90": 4954,
          "p99": 4954,
          "max": 4954
        },
        "timeToContentfulPaint": {
          "median": 53036,
          "mean": 53036,
          "mdev": 31588.9348,
          "stddev": 44674,
          "min": 8362,
          "p10": 8362,
          "p90": 97709,
          "p99": 97709,
          "max": 97709
        },
        "timeToDomContentFlushed": {
          "median": 56752,
          "mean": 56752,
          "mdev": 34124.6197,
          "stddev": 48260,
          "min": 8492,
          "p10": 8492,
          "p90": 105011,
          "p99": 105011,
          "max": 105011
        },
        "timeToFirstInteractive": {
          "median": 98666,
          "mean": 98666,
          "mdev": 0,
          "stddev": 0,
          "min": 98666,
          "p10": 98666,
          "p90": 98666,
          "p99": 98666,
          "max": 98666
        }
      }
    }
  },
  {
    "info": {
      "browsertime": {
        "version": "8.4.0"
      },
      "url": "https://google.com",
      "timestamp": "2021-03-30T16:29:04+04:00",
      "connectivity": {
        "engine": "external",
        "profile": "native"
      },
      "extra": {}
    },
    "files": {
      "video": [],
      "screenshot": [],
      "timeline": [],
      "consoleLog": [],
      "netLog": [],
      "perfLog": []
    },
    "cdp": {
      "performance": []
    },
    "timestamps": [
      "2021-03-30T16:28:41+04:00",
      "2021-03-30T16:29:31+04:00"
    ],
    "browserScripts": [
      {
        "browser": {
          "appConstants": {
            "ACCESSIBILITY": true,
            "ANDROID_PACKAGE_NAME": "org.mozilla.firefox",
            "ASAN": false,
            "ASAN_REPORTER": false,
            "BROWSER_CHROME_URL": "chrome://browser/content/browser.xul",
            "DEBUG": false,
            "DEBUG_JS_MODULES": "",
            "DLL_PREFIX": "lib",
            "DLL_SUFFIX": ".so",
            "EARLY_BETA_OR_EARLIER": false,
            "FENNEC_NIGHTLY": false,
            "HAVE_SHELL_SERVICE": false,
            "HAVE_USR_LIB64_DIR": false,
            "MENUBAR_CAN_AUTOHIDE": false,
            "MOZILLA_OFFICIAL": true,
            "MOZ_ALLOW_LEGACY_EXTENSIONS": false,
            "MOZ_ANDROID_ACTIVITY_STREAM": false,
            "MOZ_ANDROID_HISTORY": true,
            "MOZ_ANDROID_MOZILLA_ONLINE": false,
            "MOZ_APP_NAME": "fennec",
            "MOZ_APP_VERSION": "68.1.1",
            "MOZ_APP_VERSION_DISPLAY": "68.1.1",
            "MOZ_BING_API_CLIENTID": "no-bing-api-clientid",
            "MOZ_BING_API_KEY": "no-bing-api-key",
            "MOZ_BITS_DOWNLOAD": false,
            "MOZ_BUILD_APP": "mobile/android",
            "MOZ_CODE_COVERAGE": false,
            "MOZ_CRASHREPORTER": true,
            "MOZ_DATA_REPORTING": true,
            "MOZ_DEV_EDITION": false,
            "MOZ_GECKO_PROFILER": true,
            "MOZ_GOOGLE_LOCATION_SERVICE_API_KEY": "AIzaSyB2h2OuRcUgy5N-5hsZqiPW6sH3n_rptiQ",
            "MOZ_GOOGLE_SAFEBROWSING_API_KEY": "AIzaSyC7jsptDS3am4tPx4r3nxis7IMjBc5Dovo",
            "MOZ_GRAPHENE": false,
            "MOZ_MACBUNDLE_NAME": "Firefox.app",
            "MOZ_MAINTENANCE_SERVICE": false,
            "MOZ_MOZILLA_API_KEY": "3b4d27dd-703d-4094-8398-4de2c763505a",
            "MOZ_NEW_CERT_STORAGE": false,
            "MOZ_NEW_NOTIFICATION_STORE": false,
            "MOZ_NEW_XULSTORE": false,
            "MOZ_OFFICIAL_BRANDING": false,
            "MOZ_PLACES": false,
            "MOZ_REQUIRE_SIGNING": false,
            "MOZ_SANDBOX": false,
            "MOZ_SERVICES_HEALTHREPORT": true,
            "MOZ_SERVICES_SYNC": false,
            "MOZ_SWITCHBOARD": true,
            "MOZ_SYSTEM_NSS": false,
            "MOZ_TELEMETRY_ON_BY_DEFAULT": false,
            "MOZ_TELEMETRY_REPORTING": true,
            "MOZ_UNSIGNED_SCOPES": 0,
            "MOZ_UPDATER": false,
            "MOZ_UPDATE_CHANNEL": "release",
            "MOZ_WEBRTC": true,
            "MOZ_WIDGET_GTK": false,
            "MOZ_WIDGET_TOOLKIT": "android",
            "NIGHTLY_BUILD": false,
            "OMNIJAR_NAME": "assets/omni.ja",
            "RELEASE_OR_BETA": true,
            "SOURCE_REVISION_URL": "https://hg.mozilla.org/releases/mozilla-esr68/rev/d2e0b9e17b9bc1ef02606c8006b73293f7892ad5",
            "TELEMETRY_PING_FORMAT_VERSION": 4,
            "XP_UNIX": true,
            "isPlatformAndVersionAtLeast": {},
            "isPlatformAndVersionAtMost": {},
            "platform": "android"
          },
          "asyncAppConstants": {
            "ACCESSIBILITY": true,
            "ANDROID_PACKAGE_NAME": "org.mozilla.firefox",
            "ASAN": false,
            "ASAN_REPORTER": false,
            "BROWSER_CHROME_URL": "chrome://browser/content/browser.xul",
            "DEBUG": false,
            "DEBUG_JS_MODULES": "",
            "DLL_PREFIX": "lib",
            "DLL_SUFFIX": ".so",
            "EARLY_BETA_OR_EARLIER": false,
            "FENNEC_NIGHTLY": false,
            "HAVE_SHELL_SERVICE": false,
            "HAVE_USR_LIB64_DIR": false,
            "MENUBAR_CAN_AUTOHIDE": false,
            "MOZILLA_OFFICIAL": true,
            "MOZ_ALLOW_LEGACY_EXTENSIONS": false,
            "MOZ_ANDROID_ACTIVITY_STREAM": false,
            "MOZ_ANDROID_HISTORY": true,
            "MOZ_ANDROID_MOZILLA_ONLINE": false,
            "MOZ_APP_NAME": "fennec",
            "MOZ_APP_VERSION": "68.1.1",
            "MOZ_APP_VERSION_DISPLAY": "68.1.1",
            "MOZ_BING_API_CLIENTID": "no-bing-api-clientid",
            "MOZ_BING_API_KEY": "no-bing-api-key",
            "MOZ_BITS_DOWNLOAD": false,
            "MOZ_BUILD_APP": "mobile/android",
            "MOZ_CODE_COVERAGE": false,
            "MOZ_CRASHREPORTER": true,
            "MOZ_DATA_REPORTING": true,
            "MOZ_DEV_EDITION": false,
            "MOZ_GECKO_PROFILER": true,
            "MOZ_GOOGLE_LOCATION_SERVICE_API_KEY": "AIzaSyB2h2OuRcUgy5N-5hsZqiPW6sH3n_rptiQ",
            "MOZ_GOOGLE_SAFEBROWSING_API_KEY": "AIzaSyC7jsptDS3am4tPx4r3nxis7IMjBc5Dovo",
            "MOZ_GRAPHENE": false,
            "MOZ_MACBUNDLE_NAME": "Firefox.app",
            "MOZ_MAINTENANCE_SERVICE": false,
            "MOZ_MOZILLA_API_KEY": "3b4d27dd-703d-4094-8398-4de2c763505a",
            "MOZ_NEW_CERT_STORAGE": false,
            "MOZ_NEW_NOTIFICATION_STORE": false,
            "MOZ_NEW_XULSTORE": false,
            "MOZ_OFFICIAL_BRANDING": false,
            "MOZ_PLACES": false,
            "MOZ_REQUIRE_SIGNING": false,
            "MOZ_SANDBOX": false,
            "MOZ_SERVICES_HEALTHREPORT": true,
            "MOZ_SERVICES_SYNC": false,
            "MOZ_SWITCHBOARD": true,
            "MOZ_SYSTEM_NSS": false,
            "MOZ_TELEMETRY_ON_BY_DEFAULT": false,
            "MOZ_TELEMETRY_REPORTING": true,
            "MOZ_UNSIGNED_SCOPES": 0,
            "MOZ_UPDATER": false,
            "MOZ_UPDATE_CHANNEL": "release",
            "MOZ_WEBRTC": true,
            "MOZ_WIDGET_GTK": false,
            "MOZ_WIDGET_TOOLKIT": "android",
            "NIGHTLY_BUILD": false,
            "OMNIJAR_NAME": "assets/omni.ja",
            "RELEASE_OR_BETA": true,
            "SOURCE_REVISION_URL": "https://hg.mozilla.org/releases/mozilla-esr68/rev/d2e0b9e17b9bc1ef02606c8006b73293f7892ad5",
            "TELEMETRY_PING_FORMAT_VERSION": 4,
            "XP_UNIX": true,
            "isPlatformAndVersionAtLeast": {},
            "isPlatformAndVersionAtMost": {},
            "platform": "android"
          },
          "userAgent": "Mozilla/5.0 (Android 9; Mobile; rv:68.0) Gecko/68.0 Firefox/68.0",
          "windowSize": "360x612"
        },
        "pageinfo": {
          "documentHeight": 693,
          "documentSize": {
            "decodedBodySize": 18236,
            "encodedBodySize": 7294,
            "transferSize": 8244
          },
          "documentTitle": "Google",
          "documentWidth": 360,
          "domElements": 70,
          "navigationStartTime": 1617107322215,
          "nextHopProtocol": "h2",
          "resources": {
            "count": 0,
            "duration": 0
          },
          "responsive": true,
          "url": "https://www.google.com/#spf=1617107322215",
          "visualElements": {
            "heroes": [
              {
                "filename": "googlelogo_tablet_tier1_hp_color_183x64dp.png",
                "height": 64,
                "name": "LargestImage",
                "width": 183,
                "x": 89,
                "y": 80
              }
            ],
            "viewport": {
              "height": 612,
              "width": 360
            }
          }
        },
        "timings": {
          "firstPaint": 1056,
          "loadEventEnd": 1779,
          "navigationTiming": {
            "connectStart": 550,
            "domComplete": 1778,
            "domContentLoadedEventEnd": 1084,
            "domContentLoadedEventStart": 1077,
            "domInteractive": 1040,
            "domainLookupEnd": 549,
            "domainLookupStart": 549,
            "duration": 1779,
            "fetchStart": 498,
            "loadEventEnd": 1779,
            "loadEventStart": 1778,
            "redirectEnd": 485,
            "redirectStart": 4,
            "requestStart": 750,
            "responseEnd": 910,
            "responseStart": 906,
            "secureConnectionStart": 561,
            "startTime": 0,
            "unloadEventEnd": 0,
            "unloadEventStart": 0,
            "workerStart": 0
          },
          "pageTimings": {
            "backEndTime": 906,
            "domContentLoadedTime": 1077,
            "domInteractiveTime": 1040,
            "domainLookupTime": 0,
            "frontEndTime": 868,
            "pageDownloadTime": 4,
            "pageLoadTime": 1778,
            "redirectionTime": 481,
            "serverConnectionTime": 198,
            "serverResponseTime": 160
          },
          "rumSpeedIndex": 905,
          "timeToContentfulPaint": 1160,
          "timeToDomContentFlushed": 1045,
          "timeToFirstInteractive": 1527,
          "userTimings": {
            "marks": [],
            "measures": []
          }
        }
      },
      {
        "browser": {
          "appConstants": {
            "ACCESSIBILITY": true,
            "ANDROID_PACKAGE_NAME": "org.mozilla.firefox",
            "ASAN": false,
            "ASAN_REPORTER": false,
            "BROWSER_CHROME_URL": "chrome://browser/content/browser.xul",
            "DEBUG": false,
            "DEBUG_JS_MODULES": "",
            "DLL_PREFIX": "lib",
            "DLL_SUFFIX": ".so",
            "EARLY_BETA_OR_EARLIER": false,
            "FENNEC_NIGHTLY": false,
            "HAVE_SHELL_SERVICE": false,
            "HAVE_USR_LIB64_DIR": false,
            "MENUBAR_CAN_AUTOHIDE": false,
            "MOZILLA_OFFICIAL": true,
            "MOZ_ALLOW_LEGACY_EXTENSIONS": false,
            "MOZ_ANDROID_ACTIVITY_STREAM": false,
            "MOZ_ANDROID_HISTORY": true,
            "MOZ_ANDROID_MOZILLA_ONLINE": false,
            "MOZ_APP_NAME": "fennec",
            "MOZ_APP_VERSION": "68.1.1",
            "MOZ_APP_VERSION_DISPLAY": "68.1.1",
            "MOZ_BING_API_CLIENTID": "no-bing-api-clientid",
            "MOZ_BING_API_KEY": "no-bing-api-key",
            "MOZ_BITS_DOWNLOAD": false,
            "MOZ_BUILD_APP": "mobile/android",
            "MOZ_CODE_COVERAGE": false,
            "MOZ_CRASHREPORTER": true,
            "MOZ_DATA_REPORTING": true,
            "MOZ_DEV_EDITION": false,
            "MOZ_GECKO_PROFILER": true,
            "MOZ_GOOGLE_LOCATION_SERVICE_API_KEY": "AIzaSyB2h2OuRcUgy5N-5hsZqiPW6sH3n_rptiQ",
            "MOZ_GOOGLE_SAFEBROWSING_API_KEY": "AIzaSyC7jsptDS3am4tPx4r3nxis7IMjBc5Dovo",
            "MOZ_GRAPHENE": false,
            "MOZ_MACBUNDLE_NAME": "Firefox.app",
            "MOZ_MAINTENANCE_SERVICE": false,
            "MOZ_MOZILLA_API_KEY": "3b4d27dd-703d-4094-8398-4de2c763505a",
            "MOZ_NEW_CERT_STORAGE": false,
            "MOZ_NEW_NOTIFICATION_STORE": false,
            "MOZ_NEW_XULSTORE": false,
            "MOZ_OFFICIAL_BRANDING": false,
            "MOZ_PLACES": false,
            "MOZ_REQUIRE_SIGNING": false,
            "MOZ_SANDBOX": false,
            "MOZ_SERVICES_HEALTHREPORT": true,
            "MOZ_SERVICES_SYNC": false,
            "MOZ_SWITCHBOARD": true,
            "MOZ_SYSTEM_NSS": false,
            "MOZ_TELEMETRY_ON_BY_DEFAULT": false,
            "MOZ_TELEMETRY_REPORTING": true,
            "MOZ_UNSIGNED_SCOPES": 0,
            "MOZ_UPDATER": false,
            "MOZ_UPDATE_CHANNEL": "release",
            "MOZ_WEBRTC": true,
            "MOZ_WIDGET_GTK": false,
            "MOZ_WIDGET_TOOLKIT": "android",
            "NIGHTLY_BUILD": false,
            "OMNIJAR_NAME": "assets/omni.ja",
            "RELEASE_OR_BETA": true,
            "SOURCE_REVISION_URL": "https://hg.mozilla.org/releases/mozilla-esr68/rev/d2e0b9e17b9bc1ef02606c8006b73293f7892ad5",
            "TELEMETRY_PING_FORMAT_VERSION": 4,
            "XP_UNIX": true,
            "isPlatformAndVersionAtLeast": {},
            "isPlatformAndVersionAtMost": {},
            "platform": "android"
          },
          "asyncAppConstants": {
            "ACCESSIBILITY": true,
            "ANDROID_PACKAGE_NAME": "org.mozilla.firefox",
            "ASAN": false,
            "ASAN_REPORTER": false,
            "BROWSER_CHROME_URL": "chrome://browser/content/browser.xul",
            "DEBUG": false,
            "DEBUG_JS_MODULES": "",
            "DLL_PREFIX": "lib",
            "DLL_SUFFIX": ".so",
            "EARLY_BETA_OR_EARLIER": false,
            "FENNEC_NIGHTLY": false,
            "HAVE_SHELL_SERVICE": false,
            "HAVE_USR_LIB64_DIR": false,
            "MENUBAR_CAN_AUTOHIDE": false,
            "MOZILLA_OFFICIAL": true,
            "MOZ_ALLOW_LEGACY_EXTENSIONS": false,
            "MOZ_ANDROID_ACTIVITY_STREAM": false,
            "MOZ_ANDROID_HISTORY": true,
            "MOZ_ANDROID_MOZILLA_ONLINE": false,
            "MOZ_APP_NAME": "fennec",
            "MOZ_APP_VERSION": "68.1.1",
            "MOZ_APP_VERSION_DISPLAY": "68.1.1",
            "MOZ_BING_API_CLIENTID": "no-bing-api-clientid",
            "MOZ_BING_API_KEY": "no-bing-api-key",
            "MOZ_BITS_DOWNLOAD": false,
            "MOZ_BUILD_APP": "mobile/android",
            "MOZ_CODE_COVERAGE": false,
            "MOZ_CRASHREPORTER": true,
            "MOZ_DATA_REPORTING": true,
            "MOZ_DEV_EDITION": false,
            "MOZ_GECKO_PROFILER": true,
            "MOZ_GOOGLE_LOCATION_SERVICE_API_KEY": "AIzaSyB2h2OuRcUgy5N-5hsZqiPW6sH3n_rptiQ",
            "MOZ_GOOGLE_SAFEBROWSING_API_KEY": "AIzaSyC7jsptDS3am4tPx4r3nxis7IMjBc5Dovo",
            "MOZ_GRAPHENE": false,
            "MOZ_MACBUNDLE_NAME": "Firefox.app",
            "MOZ_MAINTENANCE_SERVICE": false,
            "MOZ_MOZILLA_API_KEY": "3b4d27dd-703d-4094-8398-4de2c763505a",
            "MOZ_NEW_CERT_STORAGE": false,
            "MOZ_NEW_NOTIFICATION_STORE": false,
            "MOZ_NEW_XULSTORE": false,
            "MOZ_OFFICIAL_BRANDING": false,
            "MOZ_PLACES": false,
            "MOZ_REQUIRE_SIGNING": false,
            "MOZ_SANDBOX": false,
            "MOZ_SERVICES_HEALTHREPORT": true,
            "MOZ_SERVICES_SYNC": false,
            "MOZ_SWITCHBOARD": true,
            "MOZ_SYSTEM_NSS": false,
            "MOZ_TELEMETRY_ON_BY_DEFAULT": false,
            "MOZ_TELEMETRY_REPORTING": true,
            "MOZ_UNSIGNED_SCOPES": 0,
            "MOZ_UPDATER": false,
            "MOZ_UPDATE_CHANNEL": "release",
            "MOZ_WEBRTC": true,
            "MOZ_WIDGET_GTK": false,
            "MOZ_WIDGET_TOOLKIT": "android",
            "NIGHTLY_BUILD": false,
            "OMNIJAR_NAME": "assets/omni.ja",
            "RELEASE_OR_BETA": true,
            "SOURCE_REVISION_URL": "https://hg.mozilla.org/releases/mozilla-esr68/rev/d2e0b9e17b9bc1ef02606c8006b73293f7892ad5",
            "TELEMETRY_PING_FORMAT_VERSION": 4,
            "XP_UNIX": true,
            "isPlatformAndVersionAtLeast": {},
            "isPlatformAndVersionAtMost": {},
            "platform": "android"
          },
          "userAgent": "Mozilla/5.0 (Android 9; Mobile; rv:68.0) Gecko/68.0 Firefox/68.0",
          "windowSize": "360x612"
        },
        "pageinfo": {
          "documentHeight": 693,
          "documentSize": {
            "decodedBodySize": 18291,
            "encodedBodySize": 7328,
            "transferSize": 8278
          },
          "documentTitle": "Google",
          "documentWidth": 360,
          "domElements": 70,
          "navigationStartTime": 1617107372180,
          "nextHopProtocol": "h2",
          "resources": {
            "count": 0,
            "duration": 0
          },
          "responsive": true,
          "url": "https://www.google.com/#spf=1617107372180",
          "visualElements": {
            "heroes": [
              {
                "filename": "googlelogo_tablet_tier1_hp_color_183x64dp.png",
                "height": 64,
                "name": "LargestImage",
                "width": 183,
                "x": 89,
                "y": 80
              }
            ],
            "viewport": {
              "height": 612,
              "width": 360
            }
          }
        },
        "timings": {
          "firstPaint": 1082,
          "loadEventEnd": 2071,
          "navigationTiming": {
            "connectStart": 513,
            "domComplete": 2070,
            "domContentLoadedEventEnd": 1069,
            "domContentLoadedEventStart": 1063,
            "domInteractive": 1039,
            "domainLookupEnd": 513,
            "domainLookupStart": 512,
            "duration": 2071,
            "fetchStart": 452,
            "loadEventEnd": 2071,
            "loadEventStart": 2070,
            "redirectEnd": 438,
            "redirectStart": 2,
            "requestStart": 714,
            "responseEnd": 884,
            "responseStart": 874,
            "secureConnectionStart": 526,
            "startTime": 0,
            "unloadEventEnd": 0,
            "unloadEventStart": 0,
            "workerStart": 0
          },
          "pageTimings": {
            "backEndTime": 874,
            "domContentLoadedTime": 1063,
            "domInteractiveTime": 1039,
            "domainLookupTime": 1,
            "frontEndTime": 1186,
            "pageDownloadTime": 10,
            "pageLoadTime": 2070,
            "redirectionTime": 435,
            "serverConnectionTime": 199,
            "serverResponseTime": 171
          },
          "rumSpeedIndex": 874,
          "timeToContentfulPaint": 1186,
          "timeToDomContentFlushed": 1039,
          "timeToFirstInteractive": 1572,
          "userTimings": {
            "marks": [],
            "measures": []
          }
        }
      }
    ],
    "visualMetrics": [],
    "cpu": [],
    "extras": [
      {},
      {}
    ],
    "fullyLoaded": [],
    "errors": [
      [],
      []
    ],
    "statistics": {
      "browser": {
        "appConstants": {
          "MOZ_UNSIGNED_SCOPES": {
            "median": 0,
            "mean": 0,
            "mdev": 0,
            "stddev": 0,
            "min": 0,
            "p10": 0,
            "p90": 0,
            "p99": 0,
            "max": 0
          },
          "TELEMETRY_PING_FORMAT_VERSION": {
            "median": 4,
            "mean": 4,
            "mdev": 0,
            "stddev": 0,
            "min": 4,
            "p10": 4,
            "p90": 4,
            "p99": 4,
            "max": 4
          }
        },
        "asyncAppConstants": {
          "MOZ_UNSIGNED_SCOPES": {
            "median": 0,
            "mean": 0,
            "mdev": 0,
            "stddev": 0,
            "min": 0,
            "p10": 0,
            "p90": 0,
            "p99": 0,
            "max": 0
          },
          "TELEMETRY_PING_FORMAT_VERSION": {
            "median": 4,
            "mean": 4,
            "mdev": 0,
            "stddev": 0,
            "min": 4,
            "p10": 4,
            "p90": 4,
            "p99": 4,
            "max": 4
          }
        }
      },
      "pageinfo": {
        "documentHeight": {
          "median": 693,
          "mean": 693,
          "mdev": 0,
          "stddev": 0,
          "min": 693,
          "p10": 693,
          "p90": 693,
          "p99": 693,
          "max": 693
        },
        "documentSize": {
          "decodedBodySize": {
            "median": 18264,
            "mean": 18264,
            "mdev": 19.4454,
            "stddev": 28,
            "min": 18236,
            "p10": 18236,
            "p90": 18291,
            "p99": 18291,
            "max": 18291
          },
          "encodedBodySize": {
            "median": 7311,
            "mean": 7311,
            "mdev": 12.0208,
            "stddev": 17,
            "min": 7294,
            "p10": 7294,
            "p90": 7328,
            "p99": 7328,
            "max": 7328
          },
          "transferSize": {
            "median": 8261,
            "mean": 8261,
            "mdev": 12.0208,
            "stddev": 17,
            "min": 8244,
            "p10": 8244,
            "p90": 8278,
            "p99": 8278,
            "max": 8278
          }
        },
        "documentWidth": {
          "median": 360,
          "mean": 360,
          "mdev": 0,
          "stddev": 0,
          "min": 360,
          "p10": 360,
          "p90": 360,
          "p99": 360,
          "max": 360
        },
        "domElements": {
          "median": 70,
          "mean": 70,
          "mdev": 0,
          "stddev": 0,
          "min": 70,
          "p10": 70,
          "p90": 70,
          "p99": 70,
          "max": 70
        },
        "navigationStartTime": {
          "median": 1617107347198,
          "mean": 1617107347198,
          "mdev": 16384,
          "stddev": 23170,
          "min": 1617107322215,
          "p10": 1617107322215,
          "p90": 1617107372180,
          "p99": 1617107372180,
          "max": 1617107372180
        },
        "resources": {
          "count": {
            "median": 0,
            "mean": 0,
            "mdev": 0,
            "stddev": 0,
            "min": 0,
            "p10": 0,
            "p90": 0,
            "p99": 0,
            "max": 0
          },
          "duration": {
            "median": 0,
            "mean": 0,
            "mdev": 0,
            "stddev": 0,
            "min": 0,
            "p10": 0,
            "p90": 0,
            "p99": 0,
            "max": 0
          }
        },
        "visualElements": {
          "heroes": [
            {
              "height": {
                "median": 64,
                "mean": 64,
                "mdev": 0,
                "stddev": 0,
                "min": 64,
                "p10": 64,
                "p90": 64,
                "p99": 64,
                "max": 64
              },
              "width": {
                "median": 183,
                "mean": 183,
                "mdev": 0,
                "stddev": 0,
                "min": 183,
                "p10": 183,
                "p90": 183,
                "p99": 183,
                "max": 183
              },
              "x": {
                "median": 89,
                "mean": 89,
                "mdev": 0,
                "stddev": 0,
                "min": 89,
                "p10": 89,
                "p90": 89,
                "p99": 89,
                "max": 89
              },
              "y": {
                "median": 80,
                "mean": 80,
                "mdev": 0,
                "stddev": 0,
                "min": 80,
                "p10": 80,
                "p90": 80,
                "p99": 80,
                "max": 80
              }
            }
          ],
          "viewport": {
            "height": {
              "median": 612,
              "mean": 612,
              "mdev": 0,
              "stddev": 0,
              "min": 612,
              "p10": 612,
              "p90": 612,
              "p99": 612,
              "max": 612
            },
            "width": {
              "median": 360,
              "mean": 360,
              "mdev": 0,
              "stddev": 0,
              "min": 360,
              "p10": 360,
              "p90": 360,
              "p99": 360,
              "max": 360
            }
          }
        }
      },
      "timings": {
        "firstPaint": {
          "median": 1069,
          "mean": 1069,
          "mdev": 9.1924,
          "stddev": 13,
          "min": 1056,
          "p10": 1056,
          "p90": 1082,
          "p99": 1082,
          "max": 1082
        },
        "loadEventEnd": {
          "median": 1925,
          "mean": 1925,
          "mdev": 103.2376,
          "stddev": 146,
          "min": 1779,
          "p10": 1779,
          "p90": 2071,
          "p99": 2071,
          "max": 2071
        },
        "navigationTiming": {
          "connectStart": {
            "median": 532,
            "mean": 532,
            "mdev": 13.0815,
            "stddev": 19,
            "min": 513,
            "p10": 513,
            "p90": 550,
            "p99": 550,
            "max": 550
          },
          "domComplete": {
            "median": 1924,
            "mean": 1924,
            "mdev": 103.2376,
            "stddev": 146,
            "min": 1778,
            "p10": 1778,
            "p90": 2070,
            "p99": 2070,
            "max": 2070
          },
          "domContentLoadedEventEnd": {
            "median": 1077,
            "mean": 1077,
            "mdev": 5.3033,
            "stddev": 8,
            "min": 1069,
            "p10": 1069,
            "p90": 1084,
            "p99": 1084,
            "max": 1084
          },
          "domContentLoadedEventStart": {
            "median": 1070,
            "mean": 1070,
            "mdev": 4.9497,
            "stddev": 7,
            "min": 1063,
            "p10": 1063,
            "p90": 1077,
            "p99": 1077,
            "max": 1077
          },
          "domInteractive": {
            "median": 1040,
            "mean": 1040,
            "mdev": 0.3536,
            "stddev": 1,
            "min": 1039,
            "p10": 1039,
            "p90": 1040,
            "p99": 1040,
            "max": 1040
          },
          "domainLookupEnd": {
            "median": 531,
            "mean": 531,
            "mdev": 12.7279,
            "stddev": 18,
            "min": 513,
            "p10": 513,
            "p90": 549,
            "p99": 549,
            "max": 549
          },
          "domainLookupStart": {
            "median": 531,
            "mean": 531,
            "mdev": 13.0815,
            "stddev": 19,
            "min": 512,
            "p10": 512,
            "p90": 549,
            "p99": 549,
            "max": 549
          },
          "duration": {
            "median": 1925,
            "mean": 1925,
            "mdev": 103.2376,
            "stddev": 146,
            "min": 1779,
            "p10": 1779,
            "p90": 2071,
            "p99": 2071,
            "max": 2071
          },
          "fetchStart": {
            "median": 475,
            "mean": 475,
            "mdev": 16.2635,
            "stddev": 23,
            "min": 452,
            "p10": 452,
            "p90": 498,
            "p99": 498,
            "max": 498
          },
          "loadEventEnd": {
            "median": 1925,
            "mean": 1925,
            "mdev": 103.2376,
            "stddev": 146,
            "min": 1779,
            "p10": 1779,
            "p90": 2071,
            "p99": 2071,
            "max": 2071
          },
          "loadEventStart": {
            "median": 1924,
            "mean": 1924,
            "mdev": 103.2376,
            "stddev": 146,
            "min": 1778,
            "p10": 1778,
            "p90": 2070,
            "p99": 2070,
            "max": 2070
          },
          "redirectEnd": {
            "median": 462,
            "mean": 462,
            "mdev": 16.617,
            "stddev": 24,
            "min": 438,
            "p10": 438,
            "p90": 485,
            "p99": 485,
            "max": 485
          },
          "redirectStart": {
            "median": 3,
            "mean": 3,
            "mdev": 0.7071,
            "stddev": 1,
            "min": 2,
            "p10": 2,
            "p90": 4,
            "p99": 4,
            "max": 4
          },
          "requestStart": {
            "median": 732,
            "mean": 732,
            "mdev": 12.7279,
            "stddev": 18,
            "min": 714,
            "p10": 714,
            "p90": 750,
            "p99": 750,
            "max": 750
          },
          "responseEnd": {
            "median": 897,
            "mean": 897,
            "mdev": 9.1924,
            "stddev": 13,
            "min": 884,
            "p10": 884,
            "p90": 910,
            "p99": 910,
            "max": 910
          },
          "responseStart": {
            "median": 890,
            "mean": 890,
            "mdev": 11.3137,
            "stddev": 16,
            "min": 874,
            "p10": 874,
            "p90": 906,
            "p99": 906,
            "max": 906
          },
          "secureConnectionStart": {
            "median": 544,
            "mean": 544,
            "mdev": 12.3744,
            "stddev": 18,
            "min": 526,
            "p10": 526,
            "p90": 561,
            "p99": 561,
            "max": 561
          },
          "startTime": {
            "median": 0,
            "mean": 0,
            "mdev": 0,
            "stddev": 0,
            "min": 0,
            "p10": 0,
            "p90": 0,
            "p99": 0,
            "max": 0
          },
          "unloadEventEnd": {
            "median": 0,
            "mean": 0,
            "mdev": 0,
            "stddev": 0,
            "min": 0,
            "p10": 0,
            "p90": 0,
            "p99": 0,
            "max": 0
          },
          "unloadEventStart": {
            "median": 0,
            "mean": 0,
            "mdev": 0,
            "stddev": 0,
            "min": 0,
            "p10": 0,
            "p90": 0,
            "p99": 0,
            "max": 0
          },
          "workerStart": {
            "median": 0,
            "mean": 0,
            "mdev": 0,
            "stddev": 0,
            "min": 0,
            "p10": 0,
            "p90": 0,
            "p99": 0,
            "max": 0
          }
        },
        "pageTimings": {
          "backEndTime": {
            "median": 890,
            "mean": 890,
            "mdev": 11.3137,
            "stddev": 16,
            "min": 874,
            "p10": 874,
            "p90": 906,
            "p99": 906,
            "max": 906
          },
          "domContentLoadedTime": {
            "median": 1070,
            "mean": 1070,
            "mdev": 4.9497,
            "stddev": 7,
            "min": 1063,
            "p10": 1063,
            "p90": 1077,
            "p99": 1077,
            "max": 1077
          },
          "domInteractiveTime": {
            "median": 1040,
            "mean": 1040,
            "mdev": 0.3536,
            "stddev": 1,
            "min": 1039,
            "p10": 1039,
            "p90": 1040,
            "p99": 1040,
            "max": 1040
          },
          "domainLookupTime": {
            "median": 1,
            "mean": 1,
            "mdev": 0.3536,
            "stddev": 1,
            "min": 0,
            "p10": 0,
            "p90": 1,
            "p99": 1,
            "max": 1
          },
          "frontEndTime": {
            "median": 1027,
            "mean": 1027,
            "mdev": 112.43,
            "stddev": 159,
            "min": 868,
            "p10": 868,
            "p90": 1186,
            "p99": 1186,
            "max": 1186
          },
          "pageDownloadTime": {
            "median": 7,
            "mean": 7,
            "mdev": 2.1213,
            "stddev": 3,
            "min": 4,
            "p10": 4,
            "p90": 10,
            "p99": 10,
            "max": 10
          },
          "pageLoadTime": {
            "median": 1924,
            "mean": 1924,
            "mdev": 103.2376,
            "stddev": 146,
            "min": 1778,
            "p10": 1778,
            "p90": 2070,
            "p99": 2070,
            "max": 2070
          },
          "redirectionTime": {
            "median": 458,
            "mean": 458,
            "mdev": 16.2635,
            "stddev": 23,
            "min": 435,
            "p10": 435,
            "p90": 481,
            "p99": 481,
            "max": 481
          },
          "serverConnectionTime": {
            "median": 199,
            "mean": 199,
            "mdev": 0.3536,
            "stddev": 1,
            "min": 198,
            "p10": 198,
            "p90": 199,
            "p99": 199,
            "max": 199
          },
          "serverResponseTime": {
            "median": 166,
            "mean": 166,
            "mdev": 3.8891,
            "stddev": 6,
            "min": 160,
            "p10": 160,
            "p90": 171,
            "p99": 171,
            "max": 171
          }
        },
        "rumSpeedIndex": {
          "median": 890,
          "mean": 890,
          "mdev": 10.9602,
          "stddev": 16,
          "min": 874,
          "p10": 874,
          "p90": 905,
          "p99": 905,
          "max": 905
        },
        "timeToContentfulPaint": {
          "median": 1173,
          "mean": 1173,
          "mdev": 9.1924,
          "stddev": 13,
          "min": 1160,
          "p10": 1160,
          "p90": 1186,
          "p99": 1186,
          "max": 1186
        },
        "timeToDomContentFlushed": {
          "median": 1042,
          "mean": 1042,
          "mdev": 2.1213,
          "stddev": 3,
          "min": 1039,
          "p10": 1039,
          "p90": 1045,
          "p99": 1045,
          "max": 1045
        },
        "timeToFirstInteractive": {
          "median": 1550,
          "mean": 1550,
          "mdev": 15.9099,
          "stddev": 23,
          "min": 1527,
          "p10": 1527,
          "p90": 1572,
          "p99": 1572,
          "max": 1572
        }
      }
    }
  },
  {
    "info": {
      "browsertime": {
        "version": "8.4.0"
      },
      "url": "https://www.csdn.net/?browsertime_run=2",
      "timestamp": "2021-03-30T16:29:04+04:00",
      "connectivity": {
        "engine": "external",
        "profile": "native"
      },
      "extra": {}
    },
    "files": {
      "video": [],
      "screenshot": [],
      "timeline": [],
      "consoleLog": [],
      "netLog": [],
      "perfLog": []
    },
    "cdp": {
      "performance": []
    },
    "timestamps": [
      "2021-03-30T16:28:50+04:00"
    ],
    "browserScripts": [
      {
        "browser": {
          "appConstants": {
            "ACCESSIBILITY": true,
            "ANDROID_PACKAGE_NAME": "org.mozilla.firefox",
            "ASAN": false,
            "ASAN_REPORTER": false,
            "BROWSER_CHROME_URL": "chrome://browser/content/browser.xul",
            "DEBUG": false,
            "DEBUG_JS_MODULES": "",
            "DLL_PREFIX": "lib",
            "DLL_SUFFIX": ".so",
            "EARLY_BETA_OR_EARLIER": false,
            "FENNEC_NIGHTLY": false,
            "HAVE_SHELL_SERVICE": false,
            "HAVE_USR_LIB64_DIR": false,
            "MENUBAR_CAN_AUTOHIDE": false,
            "MOZILLA_OFFICIAL": true,
            "MOZ_ALLOW_LEGACY_EXTENSIONS": false,
            "MOZ_ANDROID_ACTIVITY_STREAM": false,
            "MOZ_ANDROID_HISTORY": true,
            "MOZ_ANDROID_MOZILLA_ONLINE": false,
            "MOZ_APP_NAME": "fennec",
            "MOZ_APP_VERSION": "68.1.1",
            "MOZ_APP_VERSION_DISPLAY": "68.1.1",
            "MOZ_BING_API_CLIENTID": "no-bing-api-clientid",
            "MOZ_BING_API_KEY": "no-bing-api-key",
            "MOZ_BITS_DOWNLOAD": false,
            "MOZ_BUILD_APP": "mobile/android",
            "MOZ_CODE_COVERAGE": false,
            "MOZ_CRASHREPORTER": true,
            "MOZ_DATA_REPORTING": true,
            "MOZ_DEV_EDITION": false,
            "MOZ_GECKO_PROFILER": true,
            "MOZ_GOOGLE_LOCATION_SERVICE_API_KEY": "AIzaSyB2h2OuRcUgy5N-5hsZqiPW6sH3n_rptiQ",
            "MOZ_GOOGLE_SAFEBROWSING_API_KEY": "AIzaSyC7jsptDS3am4tPx4r3nxis7IMjBc5Dovo",
            "MOZ_GRAPHENE": false,
            "MOZ_MACBUNDLE_NAME": "Firefox.app",
            "MOZ_MAINTENANCE_SERVICE": false,
            "MOZ_MOZILLA_API_KEY": "3b4d27dd-703d-4094-8398-4de2c763505a",
            "MOZ_NEW_CERT_STORAGE": false,
            "MOZ_NEW_NOTIFICATION_STORE": false,
            "MOZ_NEW_XULSTORE": false,
            "MOZ_OFFICIAL_BRANDING": false,
            "MOZ_PLACES": false,
            "MOZ_REQUIRE_SIGNING": false,
            "MOZ_SANDBOX": false,
            "MOZ_SERVICES_HEALTHREPORT": true,
            "MOZ_SERVICES_SYNC": false,
            "MOZ_SWITCHBOARD": true,
            "MOZ_SYSTEM_NSS": false,
            "MOZ_TELEMETRY_ON_BY_DEFAULT": false,
            "MOZ_TELEMETRY_REPORTING": true,
            "MOZ_UNSIGNED_SCOPES": 0,
            "MOZ_UPDATER": false,
            "MOZ_UPDATE_CHANNEL": "release",
            "MOZ_WEBRTC": true,
            "MOZ_WIDGET_GTK": false,
            "MOZ_WIDGET_TOOLKIT": "android",
            "NIGHTLY_BUILD": false,
            "OMNIJAR_NAME": "assets/omni.ja",
            "RELEASE_OR_BETA": true,
            "SOURCE_REVISION_URL": "https://hg.mozilla.org/releases/mozilla-esr68/rev/d2e0b9e17b9bc1ef02606c8006b73293f7892ad5",
            "TELEMETRY_PING_FORMAT_VERSION": 4,
            "XP_UNIX": true,
            "isPlatformAndVersionAtLeast": {},
            "isPlatformAndVersionAtMost": {},
            "platform": "android"
          },
          "asyncAppConstants": {
            "ACCESSIBILITY": true,
            "ANDROID_PACKAGE_NAME": "org.mozilla.firefox",
            "ASAN": false,
            "ASAN_REPORTER": false,
            "BROWSER_CHROME_URL": "chrome://browser/content/browser.xul",
            "DEBUG": false,
            "DEBUG_JS_MODULES": "",
            "DLL_PREFIX": "lib",
            "DLL_SUFFIX": ".so",
            "EARLY_BETA_OR_EARLIER": false,
            "FENNEC_NIGHTLY": false,
            "HAVE_SHELL_SERVICE": false,
            "HAVE_USR_LIB64_DIR": false,
            "MENUBAR_CAN_AUTOHIDE": false,
            "MOZILLA_OFFICIAL": true,
            "MOZ_ALLOW_LEGACY_EXTENSIONS": false,
            "MOZ_ANDROID_ACTIVITY_STREAM": false,
            "MOZ_ANDROID_HISTORY": true,
            "MOZ_ANDROID_MOZILLA_ONLINE": false,
            "MOZ_APP_NAME": "fennec",
            "MOZ_APP_VERSION": "68.1.1",
            "MOZ_APP_VERSION_DISPLAY": "68.1.1",
            "MOZ_BING_API_CLIENTID": "no-bing-api-clientid",
            "MOZ_BING_API_KEY": "no-bing-api-key",
            "MOZ_BITS_DOWNLOAD": false,
            "MOZ_BUILD_APP": "mobile/android",
            "MOZ_CODE_COVERAGE": false,
            "MOZ_CRASHREPORTER": true,
            "MOZ_DATA_REPORTING": true,
            "MOZ_DEV_EDITION": false,
            "MOZ_GECKO_PROFILER": true,
            "MOZ_GOOGLE_LOCATION_SERVICE_API_KEY": "AIzaSyB2h2OuRcUgy5N-5hsZqiPW6sH3n_rptiQ",
            "MOZ_GOOGLE_SAFEBROWSING_API_KEY": "AIzaSyC7jsptDS3am4tPx4r3nxis7IMjBc5Dovo",
            "MOZ_GRAPHENE": false,
            "MOZ_MACBUNDLE_NAME": "Firefox.app",
            "MOZ_MAINTENANCE_SERVICE": false,
            "MOZ_MOZILLA_API_KEY": "3b4d27dd-703d-4094-8398-4de2c763505a",
            "MOZ_NEW_CERT_STORAGE": false,
            "MOZ_NEW_NOTIFICATION_STORE": false,
            "MOZ_NEW_XULSTORE": false,
            "MOZ_OFFICIAL_BRANDING": false,
            "MOZ_PLACES": false,
            "MOZ_REQUIRE_SIGNING": false,
            "MOZ_SANDBOX": false,
            "MOZ_SERVICES_HEALTHREPORT": true,
            "MOZ_SERVICES_SYNC": false,
            "MOZ_SWITCHBOARD": true,
            "MOZ_SYSTEM_NSS": false,
            "MOZ_TELEMETRY_ON_BY_DEFAULT": false,
            "MOZ_TELEMETRY_REPORTING": true,
            "MOZ_UNSIGNED_SCOPES": 0,
            "MOZ_UPDATER": false,
            "MOZ_UPDATE_CHANNEL": "release",
            "MOZ_WEBRTC": true,
            "MOZ_WIDGET_GTK": false,
            "MOZ_WIDGET_TOOLKIT": "android",
            "NIGHTLY_BUILD": false,
            "OMNIJAR_NAME": "assets/omni.ja",
            "RELEASE_OR_BETA": true,
            "SOURCE_REVISION_URL": "https://hg.mozilla.org/releases/mozilla-esr68/rev/d2e0b9e17b9bc1ef02606c8006b73293f7892ad5",
            "TELEMETRY_PING_FORMAT_VERSION": 4,
            "XP_UNIX": true,
            "isPlatformAndVersionAtLeast": {},
            "isPlatformAndVersionAtMost": {},
            "platform": "android"
          },
          "userAgent": "Mozilla/5.0 (Android 9; Mobile; rv:68.0) Gecko/68.0 Firefox/68.0",
          "windowSize": "360x612"
        },
        "pageinfo": {
          "documentHeight": 612,
          "documentSize": {
            "decodedBodySize": 11557,
            "encodedBodySize": 3905,
            "transferSize": 4129
          },
          "documentTitle": "CSDN - 专业开发者社区",
          "documentWidth": 360,
          "domElements": 320,
          "navigationStartTime": 1617107331522,
          "nextHopProtocol": "h2",
          "resources": {
            "count": 0,
            "duration": 0
          },
          "responsive": true,
          "url": "https://www.csdn.net/",
          "visualElements": {
            "heroes": [
              {
                "filename": "69e32e523c2cae2bec51869fda055821.png",
                "height": 195,
                "name": "LargestImage",
                "width": 360,
                "x": 0,
                "y": 90
              }
            ],
            "viewport": {
              "height": 612,
              "width": 360
            }
          }
        },
        "timings": {
          "firstPaint": 3967,
          "loadEventEnd": 6814,
          "navigationTiming": {
            "connectStart": 19,
            "domComplete": 6777,
            "domContentLoadedEventEnd": 4642,
            "domContentLoadedEventStart": 4617,
            "domInteractive": 4567,
            "domainLookupEnd": 19,
            "domainLookupStart": 19,
            "duration": 6814,
            "fetchStart": 19,
            "loadEventEnd": 6814,
            "loadEventStart": 6777,
            "redirectEnd": 0,
            "redirectStart": 0,
            "requestStart": 91,
            "responseEnd": 3647,
            "responseStart": 3645,
            "secureConnectionStart": 0,
            "startTime": 0,
            "unloadEventEnd": 0,
            "unloadEventStart": 0,
            "workerStart": 0
          },
          "pageTimings": {
            "backEndTime": 3645,
            "domContentLoadedTime": 4617,
            "domInteractiveTime": 4567,
            "domainLookupTime": 0,
            "frontEndTime": 3130,
            "pageDownloadTime": 3,
            "pageLoadTime": 6777,
            "redirectionTime": 0,
            "serverConnectionTime": 0,
            "serverResponseTime": 3557
          },
          "rumSpeedIndex": 3644,
          "timeToContentfulPaint": 4640,
          "timeToDomContentFlushed": 4568,
          "userTimings": {
            "marks": [],
            "measures": []
          }
        }
      }
    ],
    "visualMetrics": [],
    "cpu": [],
    "extras": [
      {}
    ],
    "fullyLoaded": [],
    "errors": [
      []
    ],
    "statistics": {
      "browser": {
        "appConstants": {
          "MOZ_UNSIGNED_SCOPES": {
            "median": 0,
            "mean": 0,
            "mdev": 0,
            "stddev": 0,
            "min": 0,
            "p10": 0,
            "p90": 0,
            "p99": 0,
            "max": 0
          },
          "TELEMETRY_PING_FORMAT_VERSION": {
            "median": 4,
            "mean": 4,
            "mdev": 0,
            "stddev": 0,
            "min": 4,
            "p10": 4,
            "p90": 4,
            "p99": 4,
            "max": 4
          }
        },
        "asyncAppConstants": {
          "MOZ_UNSIGNED_SCOPES": {
            "median": 0,
            "mean": 0,
            "mdev": 0,
            "stddev": 0,
            "min": 0,
            "p10": 0,
            "p90": 0,
            "p99": 0,
            "max": 0
          },
          "TELEMETRY_PING_FORMAT_VERSION": {
            "median": 4,
            "mean": 4,
            "mdev": 0,
            "stddev": 0,
            "min": 4,
            "p10": 4,
            "p90": 4,
            "p99": 4,
            "max": 4
          }
        }
      },
      "pageinfo": {
        "documentHeight": {
          "median": 612,
          "mean": 612,
          "mdev": 0,
          "stddev": 0,
          "min": 612,
          "p10": 612,
          "p90": 612,
          "p99": 612,
          "max": 612
        },
        "documentSize": {
          "decodedBodySize": {
            "median": 11557,
            "mean": 11557,
            "mdev": 0,
            "stddev": 0,
            "min": 11557,
            "p10": 11557,
            "p90": 11557,
            "p99": 11557,
            "max": 11557
          },
          "encodedBodySize": {
            "median": 3905,
            "mean": 3905,
            "mdev": 0,
            "stddev": 0,
            "min": 3905,
            "p10": 3905,
            "p90": 3905,
            "p99": 3905,
            "max": 3905
          },
          "transferSize": {
            "median": 4129,
            "mean": 4129,
            "mdev": 0,
            "stddev": 0,
            "min": 4129,
            "p10": 4129,
            "p90": 4129,
            "p99": 4129,
            "max": 4129
          }
        },
        "documentWidth": {
          "median": 360,
          "mean": 360,
          "mdev": 0,
          "stddev": 0,
          "min": 360,
          "p10": 360,
          "p90": 360,
          "p99": 360,
          "max": 360
        },
        "domElements": {
          "median": 320,
          "mean": 320,
          "mdev": 0,
          "stddev": 0,
          "min": 320,
          "p10": 320,
          "p90": 320,
          "p99": 320,
          "max": 320
        },
        "navigationStartTime": {
          "median": 1617107331522,
          "mean": 1617107331522,
          "mdev": 0,
          "stddev": 0,
          "min": 1617107331522,
          "p10": 1617107331522,
          "p90": 1617107331522,
          "p99": 1617107331522,
          "max": 1617107331522
        },
        "resources": {
          "count": {
            "median": 0,
            "mean": 0,
            "mdev": 0,
            "stddev": 0,
            "min": 0,
            "p10": 0,
            "p90": 0,
            "p99": 0,
            "max": 0
          },
          "duration": {
            "median": 0,
            "mean": 0,
            "mdev": 0,
            "stddev": 0,
            "min": 0,
            "p10": 0,
            "p90": 0,
            "p99": 0,
            "max": 0
          }
        },
        "visualElements": {
          "heroes": [
            {
              "height": {
                "median": 195,
                "mean": 195,
                "mdev": 0,
                "stddev": 0,
                "min": 195,
                "p10": 195,
                "p90": 195,
                "p99": 195,
                "max": 195
              },
              "width": {
                "median": 360,
                "mean": 360,
                "mdev": 0,
                "stddev": 0,
                "min": 360,
                "p10": 360,
                "p90": 360,
                "p99": 360,
                "max": 360
              },
              "x": {
                "median": 0,
                "mean": 0,
                "mdev": 0,
                "stddev": 0,
                "min": 0,
                "p10": 0,
                "p90": 0,
                "p99": 0,
                "max": 0
              },
              "y": {
                "median": 90,
                "mean": 90,
                "mdev": 0,
                "stddev": 0,
                "min": 90,
                "p10": 90,
                "p90": 90,
                "p99": 90,
                "max": 90
              }
            }
          ],
          "viewport": {
            "height": {
              "median": 612,
              "mean": 612,
              "mdev": 0,
              "stddev": 0,
              "min": 612,
              "p10": 612,
              "p90": 612,
              "p99": 612,
              "max": 612
            },
            "width": {
              "median": 360,
              "mean": 360,
              "mdev": 0,
              "stddev": 0,
              "min": 360,
              "p10": 360,
              "p90": 360,
              "p99": 360,
              "max": 360
            }
          }
        }
      },
      "timings": {
        "firstPaint": {
          "median": 3967,
          "mean": 3967,
          "mdev": 0,
          "stddev": 0,
          "min": 3967,
          "p10": 3967,
          "p90": 3967,
          "p99": 3967,
          "max": 3967
        },
        "loadEventEnd": {
          "median": 6814,
          "mean": 6814,
          "mdev": 0,
          "stddev": 0,
          "min": 6814,
          "p10": 6814,
          "p90": 6814,
          "p99": 6814,
          "max": 6814
        },
        "navigationTiming": {
          "connectStart": {
            "median": 19,
            "mean": 19,
            "mdev": 0,
            "stddev": 0,
            "min": 19,
            "p10": 19,
            "p90": 19,
            "p99": 19,
            "max": 19
          },
          "domComplete": {
            "median": 6777,
            "mean": 6777,
            "mdev": 0,
            "stddev": 0,
            "min": 6777,
            "p10": 6777,
            "p90": 6777,
            "p99": 6777,
            "max": 6777
          },
          "domContentLoadedEventEnd": {
            "median": 4642,
            "mean": 4642,
            "mdev": 0,
            "stddev": 0,
            "min": 4642,
            "p10": 4642,
            "p90": 4642,
            "p99": 4642,
            "max": 4642
          },
          "domContentLoadedEventStart": {
            "median": 4617,
            "mean": 4617,
            "mdev": 0,
            "stddev": 0,
            "min": 4617,
            "p10": 4617,
            "p90": 4617,
            "p99": 4617,
            "max": 4617
          },
          "domInteractive": {
            "median": 4567,
            "mean": 4567,
            "mdev": 0,
            "stddev": 0,
            "min": 4567,
            "p10": 4567,
            "p90": 4567,
            "p99": 4567,
            "max": 4567
          },
          "domainLookupEnd": {
            "median": 19,
            "mean": 19,
            "mdev": 0,
            "stddev": 0,
            "min": 19,
            "p10": 19,
            "p90": 19,
            "p99": 19,
            "max": 19
          },
          "domainLookupStart": {
            "median": 19,
            "mean": 19,
            "mdev": 0,
            "stddev": 0,
            "min": 19,
            "p10": 19,
            "p90": 19,
            "p99": 19,
            "max": 19
          },
          "duration": {
            "median": 6814,
            "mean": 6814,
            "mdev": 0,
            "stddev": 0,
            "min": 6814,
            "p10": 6814,
            "p90": 6814,
            "p99": 6814,
            "max": 6814
          },
          "fetchStart": {
            "median": 19,
            "mean": 19,
            "mdev": 0,
            "stddev": 0,
            "min": 19,
            "p10": 19,
            "p90": 19,
            "p99": 19,
            "max": 19
          },
          "loadEventEnd": {
            "median": 6814,
            "mean": 6814,
            "mdev": 0,
            "stddev": 0,
            "min": 6814,
            "p10": 6814,
            "p90": 6814,
            "p99": 6814,
            "max": 6814
          },
          "loadEventStart": {
            "median": 6777,
            "mean": 6777,
            "mdev": 0,
            "stddev": 0,
            "min": 6777,
            "p10": 6777,
            "p90": 6777,
            "p99": 6777,
            "max": 6777
          },
          "redirectEnd": {
            "median": 0,
            "mean": 0,
            "mdev": 0,
            "stddev": 0,
            "min": 0,
            "p10": 0,
            "p90": 0,
            "p99": 0,
            "max": 0
          },
          "redirectStart": {
            "median": 0,
            "mean": 0,
            "mdev": 0,
            "stddev": 0,
            "min": 0,
            "p10": 0,
            "p90": 0,
            "p99": 0,
            "max": 0
          },
          "requestStart": {
            "median": 91,
            "mean": 91,
            "mdev": 0,
            "stddev": 0,
            "min": 91,
            "p10": 91,
            "p90": 91,
            "p99": 91,
            "max": 91
          },
          "responseEnd": {
            "median": 3647,
            "mean": 3647,
            "mdev": 0,
            "stddev": 0,
            "min": 3647,
            "p10": 3647,
            "p90": 3647,
            "p99": 3647,
            "max": 3647
          },
          "responseStart": {
            "median": 3645,
            "mean": 3645,
            "mdev": 0,
            "stddev": 0,
            "min": 3645,
            "p10": 3645,
            "p90": 3645,
            "p99": 3645,
            "max": 3645
          },
          "secureConnectionStart": {
            "median": 0,
            "mean": 0,
            "mdev": 0,
            "stddev": 0,
            "min": 0,
            "p10": 0,
            "p90": 0,
            "p99": 0,
            "max": 0
          },
          "startTime": {
            "median": 0,
            "mean": 0,
            "mdev": 0,
            "stddev": 0,
            "min": 0,
            "p10": 0,
            "p90": 0,
            "p99": 0,
            "max": 0
          },
          "unloadEventEnd": {
            "median": 0,
            "mean": 0,
            "mdev": 0,
            "stddev": 0,
            "min": 0,
            "p10": 0,
            "p90": 0,
            "p99": 0,
            "max": 0
          },
          "unloadEventStart": {
            "median": 0,
            "mean": 0,
            "mdev": 0,
            "stddev": 0,
            "min": 0,
            "p10": 0,
            "p90": 0,
            "p99": 0,
            "max": 0
          },
          "workerStart": {
            "median": 0,
            "mean": 0,
            "mdev": 0,
            "stddev": 0,
            "min": 0,
            "p10": 0,
            "p90": 0,
            "p99": 0,
            "max": 0
          }
        },
        "pageTimings": {
          "backEndTime": {
            "median": 3645,
            "mean": 3645,
            "mdev": 0,
            "stddev": 0,
            "min": 3645,
            "p10": 3645,
            "p90": 3645,
            "p99": 3645,
            "max": 3645
          },
          "domContentLoadedTime": {
            "median": 4617,
            "mean": 4617,
            "mdev": 0,
            "stddev": 0,
            "min": 4617,
            "p10": 4617,
            "p90": 4617,
            "p99": 4617,
            "max": 4617
          },
          "domInteractiveTime": {
            "median": 4567,
            "mean": 4567,
            "mdev": 0,
            "stddev": 0,
            "min": 4567,
            "p10": 4567,
            "p90": 4567,
            "p99": 4567,
            "max": 4567
          },
          "domainLookupTime": {
            "median": 0,
            "mean": 0,
            "mdev": 0,
            "stddev": 0,
            "min": 0,
            "p10": 0,
            "p90": 0,
            "p99": 0,
            "max": 0
          },
          "frontEndTime": {
            "median": 3130,
            "mean": 3130,
            "mdev": 0,
            "stddev": 0,
            "min": 3130,
            "p10": 3130,
            "p90": 3130,
            "p99": 3130,
            "max": 3130
          },
          "pageDownloadTime": {
            "median": 3,
            "mean": 3,
            "mdev": 0,
            "stddev": 0,
            "min": 3,
            "p10": 3,
            "p90": 3,
            "p99": 3,
            "max": 3
          },
          "pageLoadTime": {
            "median": 6777,
            "mean": 6777,
            "mdev": 0,
            "stddev": 0,
            "min": 6777,
            "p10": 6777,
            "p90": 6777,
            "p99": 6777,
            "max": 6777
          },
          "redirectionTime": {
            "median": 0,
            "mean": 0,
            "mdev": 0,
            "stddev": 0,
            "min": 0,
            "p10": 0,
            "p90": 0,
            "p99": 0,
            "max": 0
          },
          "serverConnectionTime": {
            "median": 0,
            "mean": 0,
            "mdev": 0,
            "stddev": 0,
            "min": 0,
            "p10": 0,
            "p90": 0,
            "p99": 0,
            "max": 0
          },
          "serverResponseTime": {
            "median": 3557,
            "mean": 3557,
            "mdev": 0,
            "stddev": 0,
            "min": 3557,
            "p10": 3557,
            "p90": 3557,
            "p99": 3557,
            "max": 3557
          }
        },
        "rumSpeedIndex": {
          "median": 3644,
          "mean": 3644,
          "mdev": 0,
          "stddev": 0,
          "min": 3644,
          "p10": 3644,
          "p90": 3644,
          "p99": 3644,
          "max": 3644
        },
        "timeToContentfulPaint": {
          "median": 4640,
          "mean": 4640,
          "mdev": 0,
          "stddev": 0,
          "min": 4640,
          "p10": 4640,
          "p90": 4640,
          "p99": 4640,
          "max": 4640
        },
        "timeToDomContentFlushed": {
          "median": 4568,
          "mean": 4568,
          "mdev": 0,
          "stddev": 0,
          "min": 4568,
          "p10": 4568,
          "p90": 4568,
          "p99": 4568,
          "max": 4568
        }
      }
    }
  }
]