[
  {
    "info": {
      "browsertime": {
        "version": "8.4.0"
      },
      "url": "https://vimeo.com/",
      "timestamp": "2021-03-30T21:24:24+04:00",
      "connectivity": {
        "engine": "external",
        "profile": "native"
      },
      "extra": {}
    },
    "files": {
      "video": [],
      "screenshot": [],
      "timeline": [],
      "consoleLog": [],
      "netLog": [],
      "perfLog": []
    },
    "cdp": {
      "performance": []
    },
    "timestamps": [
      "2021-03-30T21:24:15+04:00",
      "2021-03-30T21:24:31+04:00",
      "2021-03-30T21:24:47+04:00"
    ],
    "browserScripts": [
      {
        "browser": {
          "appConstants": {
            "ACCESSIBILITY": true,
            "ANDROID_PACKAGE_NAME": "org.mozilla.firefox",
            "ASAN": false,
            "ASAN_REPORTER": false,
            "BROWSER_CHROME_URL": "chrome://browser/content/browser.xul",
            "DEBUG": false,
            "DEBUG_JS_MODULES": "",
            "DLL_PREFIX": "lib",
            "DLL_SUFFIX": ".so",
            "EARLY_BETA_OR_EARLIER": false,
            "FENNEC_NIGHTLY": false,
            "HAVE_SHELL_SERVICE": false,
            "HAVE_USR_LIB64_DIR": false,
            "MENUBAR_CAN_AUTOHIDE": false,
            "MOZILLA_OFFICIAL": true,
            "MOZ_ALLOW_LEGACY_EXTENSIONS": false,
            "MOZ_ANDROID_ACTIVITY_STREAM": false,
            "MOZ_ANDROID_HISTORY": true,
            "MOZ_ANDROID_MOZILLA_ONLINE": false,
            "MOZ_APP_NAME": "fennec",
            "MOZ_APP_VERSION": "68.1.1",
            "MOZ_APP_VERSION_DISPLAY": "68.1.1",
            "MOZ_BING_API_CLIENTID": "no-bing-api-clientid",
            "MOZ_BING_API_KEY": "no-bing-api-key",
            "MOZ_BITS_DOWNLOAD": false,
            "MOZ_BUILD_APP": "mobile/android",
            "MOZ_CODE_COVERAGE": false,
            "MOZ_CRASHREPORTER": true,
            "MOZ_DATA_REPORTING": true,
            "MOZ_DEV_EDITION": false,
            "MOZ_GECKO_PROFILER": true,
            "MOZ_GOOGLE_LOCATION_SERVICE_API_KEY": "AIzaSyB2h2OuRcUgy5N-5hsZqiPW6sH3n_rptiQ",
            "MOZ_GOOGLE_SAFEBROWSING_API_KEY": "AIzaSyC7jsptDS3am4tPx4r3nxis7IMjBc5Dovo",
            "MOZ_GRAPHENE": false,
            "MOZ_MACBUNDLE_NAME": "Firefox.app",
            "MOZ_MAINTENANCE_SERVICE": false,
            "MOZ_MOZILLA_API_KEY": "3b4d27dd-703d-4094-8398-4de2c763505a",
            "MOZ_NEW_CERT_STORAGE": false,
            "MOZ_NEW_NOTIFICATION_STORE": false,
            "MOZ_NEW_XULSTORE": false,
            "MOZ_OFFICIAL_BRANDING": false,
            "MOZ_PLACES": false,
            "MOZ_REQUIRE_SIGNING": false,
            "MOZ_SANDBOX": false,
            "MOZ_SERVICES_HEALTHREPORT": true,
            "MOZ_SERVICES_SYNC": false,
            "MOZ_SWITCHBOARD": true,
            "MOZ_SYSTEM_NSS": false,
            "MOZ_TELEMETRY_ON_BY_DEFAULT": false,
            "MOZ_TELEMETRY_REPORTING": true,
            "MOZ_UNSIGNED_SCOPES": 0,
            "MOZ_UPDATER": false,
            "MOZ_UPDATE_CHANNEL": "release",
            "MOZ_WEBRTC": true,
            "MOZ_WIDGET_GTK": false,
            "MOZ_WIDGET_TOOLKIT": "android",
            "NIGHTLY_BUILD": false,
            "OMNIJAR_NAME": "assets/omni.ja",
            "RELEASE_OR_BETA": true,
            "SOURCE_REVISION_URL": "https://hg.mozilla.org/releases/mozilla-esr68/rev/d2e0b9e17b9bc1ef02606c8006b73293f7892ad5",
            "TELEMETRY_PING_FORMAT_VERSION": 4,
            "XP_UNIX": true,
            "isPlatformAndVersionAtLeast": {},
            "isPlatformAndVersionAtMost": {},
            "platform": "android"
          },
          "asyncAppConstants": {
            "ACCESSIBILITY": true,
            "ANDROID_PACKAGE_NAME": "org.mozilla.firefox",
            "ASAN": false,
            "ASAN_REPORTER": false,
            "BROWSER_CHROME_URL": "chrome://browser/content/browser.xul",
            "DEBUG": false,
            "DEBUG_JS_MODULES": "",
            "DLL_PREFIX": "lib",
            "DLL_SUFFIX": ".so",
            "EARLY_BETA_OR_EARLIER": false,
            "FENNEC_NIGHTLY": false,
            "HAVE_SHELL_SERVICE": false,
            "HAVE_USR_LIB64_DIR": false,
            "MENUBAR_CAN_AUTOHIDE": false,
            "MOZILLA_OFFICIAL": true,
            "MOZ_ALLOW_LEGACY_EXTENSIONS": false,
            "MOZ_ANDROID_ACTIVITY_STREAM": false,
            "MOZ_ANDROID_HISTORY": true,
            "MOZ_ANDROID_MOZILLA_ONLINE": false,
            "MOZ_APP_NAME": "fennec",
            "MOZ_APP_VERSION": "68.1.1",
            "MOZ_APP_VERSION_DISPLAY": "68.1.1",
            "MOZ_BING_API_CLIENTID": "no-bing-api-clientid",
            "MOZ_BING_API_KEY": "no-bing-api-key",
            "MOZ_BITS_DOWNLOAD": false,
            "MOZ_BUILD_APP": "mobile/android",
            "MOZ_CODE_COVERAGE": false,
            "MOZ_CRASHREPORTER": true,
            "MOZ_DATA_REPORTING": true,
            "MOZ_DEV_EDITION": false,
            "MOZ_GECKO_PROFILER": true,
            "MOZ_GOOGLE_LOCATION_SERVICE_API_KEY": "AIzaSyB2h2OuRcUgy5N-5hsZqiPW6sH3n_rptiQ",
            "MOZ_GOOGLE_SAFEBROWSING_API_KEY": "AIzaSyC7jsptDS3am4tPx4r3nxis7IMjBc5Dovo",
            "MOZ_GRAPHENE": false,
            "MOZ_MACBUNDLE_NAME": "Firefox.app",
            "MOZ_MAINTENANCE_SERVICE": false,
            "MOZ_MOZILLA_API_KEY": "3b4d27dd-703d-4094-8398-4de2c763505a",
            "MOZ_NEW_CERT_STORAGE": false,
            "MOZ_NEW_NOTIFICATION_STORE": false,
            "MOZ_NEW_XULSTORE": false,
            "MOZ_OFFICIAL_BRANDING": false,
            "MOZ_PLACES": false,
            "MOZ_REQUIRE_SIGNING": false,
            "MOZ_SANDBOX": false,
            "MOZ_SERVICES_HEALTHREPORT": true,
            "MOZ_SERVICES_SYNC": false,
            "MOZ_SWITCHBOARD": true,
            "MOZ_SYSTEM_NSS": false,
            "MOZ_TELEMETRY_ON_BY_DEFAULT": false,
            "MOZ_TELEMETRY_REPORTING": true,
            "MOZ_UNSIGNED_SCOPES": 0,
            "MOZ_UPDATER": false,
            "MOZ_UPDATE_CHANNEL": "release",
            "MOZ_WEBRTC": true,
            "MOZ_WIDGET_GTK": false,
            "MOZ_WIDGET_TOOLKIT": "android",
            "NIGHTLY_BUILD": false,
            "OMNIJAR_NAME": "assets/omni.ja",
            "RELEASE_OR_BETA": true,
            "SOURCE_REVISION_URL": "https://hg.mozilla.org/releases/mozilla-esr68/rev/d2e0b9e17b9bc1ef02606c8006b73293f7892ad5",
            "TELEMETRY_PING_FORMAT_VERSION": 4,
            "XP_UNIX": true,
            "isPlatformAndVersionAtLeast": {},
            "isPlatformAndVersionAtMost": {},
            "platform": "android"
          },
          "userAgent": "Mozilla/5.0 (Android 9; Mobile; rv:68.0) Gecko/68.0 Firefox/68.0",
          "windowSize": "360x612"
        },
        "pageinfo": {
          "documentHeight": 1136,
          "documentSize": {
            "decodedBodySize": 51620,
            "encodedBodySize": 8949,
            "transferSize": 9905
          },
          "documentTitle": "Vimeo | The high-quality home for video hosting and watching",
          "documentWidth": 360,
          "domElements": 209,
          "navigationStartTime": 1617125055662,
          "nextHopProtocol": "http/1.1",
          "resources": {
            "count": 0,
            "duration": 0
          },
          "responsive": true,
          "url": "https://vimeo.com/amp",
          "visualElements": {
            "heroes": [
              {
                "filename": null,
                "height": 146,
                "name": "Heading",
                "width": 328,
                "x": 16,
                "y": 147
              }
            ],
            "viewport": {
              "height": 612,
              "width": 360
            }
          }
        },
        "timings": {
          "firstPaint": 1100,
          "loadEventEnd": 2911,
          "navigationTiming": {
            "connectStart": 409,
            "domComplete": 2902,
            "domContentLoadedEventEnd": 1099,
            "domContentLoadedEventStart": 1093,
            "domInteractive": 1089,
            "domainLookupEnd": 409,
            "domainLookupStart": 409,
            "duration": 2911,
            "fetchStart": 409,
            "loadEventEnd": 2911,
            "loadEventStart": 2910,
            "redirectEnd": 401,
            "redirectStart": 2,
            "requestStart": 437,
            "responseEnd": 904,
            "responseStart": 900,
            "secureConnectionStart": 0,
            "startTime": 0,
            "unloadEventEnd": 0,
            "unloadEventStart": 0,
            "workerStart": 0
          },
          "pageTimings": {
            "backEndTime": 900,
            "domContentLoadedTime": 1093,
            "domInteractiveTime": 1089,
            "domainLookupTime": 0,
            "frontEndTime": 2006,
            "pageDownloadTime": 4,
            "pageLoadTime": 2910,
            "redirectionTime": 399,
            "serverConnectionTime": 0,
            "serverResponseTime": 466
          },
          "rumSpeedIndex": 899,
          "timeToContentfulPaint": 2071,
          "timeToDomContentFlushed": 1099,
          "userTimings": {
            "marks": [
              {
                "name": "is",
                "startTime": 1791.14
              },
              {
                "name": "dr",
                "startTime": 1804.56
              },
              {
                "name": "visible",
                "startTime": 1856.32
              },
              {
                "name": "ofv",
                "startTime": 1856.4
              },
              {
                "name": "mbv",
                "startTime": 1914.1
              },
              {
                "name": "e_is",
                "startTime": 1944.52
              },
              {
                "name": "pc",
                "startTime": 1967.18
              },
              {
                "name": "ol",
                "startTime": 2904.38
              }
            ],
            "measures": []
          }
        }
      },
      {
        "browser": {
          "appConstants": {
            "ACCESSIBILITY": true,
            "ANDROID_PACKAGE_NAME": "org.mozilla.firefox",
            "ASAN": false,
            "ASAN_REPORTER": false,
            "BROWSER_CHROME_URL": "chrome://browser/content/browser.xul",
            "DEBUG": false,
            "DEBUG_JS_MODULES": "",
            "DLL_PREFIX": "lib",
            "DLL_SUFFIX": ".so",
            "EARLY_BETA_OR_EARLIER": false,
            "FENNEC_NIGHTLY": false,
            "HAVE_SHELL_SERVICE": false,
            "HAVE_USR_LIB64_DIR": false,
            "MENUBAR_CAN_AUTOHIDE": false,
            "MOZILLA_OFFICIAL": true,
            "MOZ_ALLOW_LEGACY_EXTENSIONS": false,
            "MOZ_ANDROID_ACTIVITY_STREAM": false,
            "MOZ_ANDROID_HISTORY": true,
            "MOZ_ANDROID_MOZILLA_ONLINE": false,
            "MOZ_APP_NAME": "fennec",
            "MOZ_APP_VERSION": "68.1.1",
            "MOZ_APP_VERSION_DISPLAY": "68.1.1",
            "MOZ_BING_API_CLIENTID": "no-bing-api-clientid",
            "MOZ_BING_API_KEY": "no-bing-api-key",
            "MOZ_BITS_DOWNLOAD": false,
            "MOZ_BUILD_APP": "mobile/android",
            "MOZ_CODE_COVERAGE": false,
            "MOZ_CRASHREPORTER": true,
            "MOZ_DATA_REPORTING": true,
            "MOZ_DEV_EDITION": false,
            "MOZ_GECKO_PROFILER": true,
            "MOZ_GOOGLE_LOCATION_SERVICE_API_KEY": "AIzaSyB2h2OuRcUgy5N-5hsZqiPW6sH3n_rptiQ",
            "MOZ_GOOGLE_SAFEBROWSING_API_KEY": "AIzaSyC7jsptDS3am4tPx4r3nxis7IMjBc5Dovo",
            "MOZ_GRAPHENE": false,
            "MOZ_MACBUNDLE_NAME": "Firefox.app",
            "MOZ_MAINTENANCE_SERVICE": false,
            "MOZ_MOZILLA_API_KEY": "3b4d27dd-703d-4094-8398-4de2c763505a",
            "MOZ_NEW_CERT_STORAGE": false,
            "MOZ_NEW_NOTIFICATION_STORE": false,
            "MOZ_NEW_XULSTORE": false,
            "MOZ_OFFICIAL_BRANDING": false,
            "MOZ_PLACES": false,
            "MOZ_REQUIRE_SIGNING": false,
            "MOZ_SANDBOX": false,
            "MOZ_SERVICES_HEALTHREPORT": true,
            "MOZ_SERVICES_SYNC": false,
            "MOZ_SWITCHBOARD": true,
            "MOZ_SYSTEM_NSS": false,
            "MOZ_TELEMETRY_ON_BY_DEFAULT": false,
            "MOZ_TELEMETRY_REPORTING": true,
            "MOZ_UNSIGNED_SCOPES": 0,
            "MOZ_UPDATER": false,
            "MOZ_UPDATE_CHANNEL": "release",
            "MOZ_WEBRTC": true,
            "MOZ_WIDGET_GTK": false,
            "MOZ_WIDGET_TOOLKIT": "android",
            "NIGHTLY_BUILD": false,
            "OMNIJAR_NAME": "assets/omni.ja",
            "RELEASE_OR_BETA": true,
            "SOURCE_REVISION_URL": "https://hg.mozilla.org/releases/mozilla-esr68/rev/d2e0b9e17b9bc1ef02606c8006b73293f7892ad5",
            "TELEMETRY_PING_FORMAT_VERSION": 4,
            "XP_UNIX": true,
            "isPlatformAndVersionAtLeast": {},
            "isPlatformAndVersionAtMost": {},
            "platform": "android"
          },
          "asyncAppConstants": {
            "ACCESSIBILITY": true,
            "ANDROID_PACKAGE_NAME": "org.mozilla.firefox",
            "ASAN": false,
            "ASAN_REPORTER": false,
            "BROWSER_CHROME_URL": "chrome://browser/content/browser.xul",
            "DEBUG": false,
            "DEBUG_JS_MODULES": "",
            "DLL_PREFIX": "lib",
            "DLL_SUFFIX": ".so",
            "EARLY_BETA_OR_EARLIER": false,
            "FENNEC_NIGHTLY": false,
            "HAVE_SHELL_SERVICE": false,
            "HAVE_USR_LIB64_DIR": false,
            "MENUBAR_CAN_AUTOHIDE": false,
            "MOZILLA_OFFICIAL": true,
            "MOZ_ALLOW_LEGACY_EXTENSIONS": false,
            "MOZ_ANDROID_ACTIVITY_STREAM": false,
            "MOZ_ANDROID_HISTORY": true,
            "MOZ_ANDROID_MOZILLA_ONLINE": false,
            "MOZ_APP_NAME": "fennec",
            "MOZ_APP_VERSION": "68.1.1",
            "MOZ_APP_VERSION_DISPLAY": "68.1.1",
            "MOZ_BING_API_CLIENTID": "no-bing-api-clientid",
            "MOZ_BING_API_KEY": "no-bing-api-key",
            "MOZ_BITS_DOWNLOAD": false,
            "MOZ_BUILD_APP": "mobile/android",
            "MOZ_CODE_COVERAGE": false,
            "MOZ_CRASHREPORTER": true,
            "MOZ_DATA_REPORTING": true,
            "MOZ_DEV_EDITION": false,
            "MOZ_GECKO_PROFILER": true,
            "MOZ_GOOGLE_LOCATION_SERVICE_API_KEY": "AIzaSyB2h2OuRcUgy5N-5hsZqiPW6sH3n_rptiQ",
            "MOZ_GOOGLE_SAFEBROWSING_API_KEY": "AIzaSyC7jsptDS3am4tPx4r3nxis7IMjBc5Dovo",
            "MOZ_GRAPHENE": false,
            "MOZ_MACBUNDLE_NAME": "Firefox.app",
            "MOZ_MAINTENANCE_SERVICE": false,
            "MOZ_MOZILLA_API_KEY": "3b4d27dd-703d-4094-8398-4de2c763505a",
            "MOZ_NEW_CERT_STORAGE": false,
            "MOZ_NEW_NOTIFICATION_STORE": false,
            "MOZ_NEW_XULSTORE": false,
            "MOZ_OFFICIAL_BRANDING": false,
            "MOZ_PLACES": false,
            "MOZ_REQUIRE_SIGNING": false,
            "MOZ_SANDBOX": false,
            "MOZ_SERVICES_HEALTHREPORT": true,
            "MOZ_SERVICES_SYNC": false,
            "MOZ_SWITCHBOARD": true,
            "MOZ_SYSTEM_NSS": false,
            "MOZ_TELEMETRY_ON_BY_DEFAULT": false,
            "MOZ_TELEMETRY_REPORTING": true,
            "MOZ_UNSIGNED_SCOPES": 0,
            "MOZ_UPDATER": false,
            "MOZ_UPDATE_CHANNEL": "release",
            "MOZ_WEBRTC": true,
            "MOZ_WIDGET_GTK": false,
            "MOZ_WIDGET_TOOLKIT": "android",
            "NIGHTLY_BUILD": false,
            "OMNIJAR_NAME": "assets/omni.ja",
            "RELEASE_OR_BETA": true,
            "SOURCE_REVISION_URL": "https://hg.mozilla.org/releases/mozilla-esr68/rev/d2e0b9e17b9bc1ef02606c8006b73293f7892ad5",
            "TELEMETRY_PING_FORMAT_VERSION": 4,
            "XP_UNIX": true,
            "isPlatformAndVersionAtLeast": {},
            "isPlatformAndVersionAtMost": {},
            "platform": "android"
          },
          "userAgent": "Mozilla/5.0 (Android 9; Mobile; rv:68.0) Gecko/68.0 Firefox/68.0",
          "windowSize": "360x612"
        },
        "pageinfo": {
          "documentHeight": 1136,
          "documentSize": {
            "decodedBodySize": 51620,
            "encodedBodySize": 8949,
            "transferSize": 9905
          },
          "documentTitle": "Vimeo | The high-quality home for video hosting and watching",
          "documentWidth": 360,
          "domElements": 209,
          "navigationStartTime": 1617125071530,
          "nextHopProtocol": "http/1.1",
          "resources": {
            "count": 0,
            "duration": 0
          },
          "responsive": true,
          "url": "https://vimeo.com/amp",
          "visualElements": {
            "heroes": [
              {
                "filename": null,
                "height": 146,
                "name": "Heading",
                "width": 328,
                "x": 16,
                "y": 147
              }
            ],
            "viewport": {
              "height": 612,
              "width": 360
            }
          }
        },
        "timings": {
          "firstPaint": 851,
          "loadEventEnd": 2646,
          "navigationTiming": {
            "connectStart": 372,
            "domComplete": 2638,
            "domContentLoadedEventEnd": 850,
            "domContentLoadedEventStart": 844,
            "domInteractive": 838,
            "domainLookupEnd": 372,
            "domainLookupStart": 372,
            "duration": 2646,
            "fetchStart": 372,
            "loadEventEnd": 2646,
            "loadEventStart": 2644,
            "redirectEnd": 363,
            "redirectStart": 3,
            "requestStart": 415,
            "responseEnd": 646,
            "responseStart": 642,
            "secureConnectionStart": 0,
            "startTime": 0,
            "unloadEventEnd": 0,
            "unloadEventStart": 0,
            "workerStart": 0
          },
          "pageTimings": {
            "backEndTime": 642,
            "domContentLoadedTime": 844,
            "domInteractiveTime": 838,
            "domainLookupTime": 0,
            "frontEndTime": 1998,
            "pageDownloadTime": 4,
            "pageLoadTime": 2644,
            "redirectionTime": 361,
            "serverConnectionTime": 0,
            "serverResponseTime": 231
          },
          "rumSpeedIndex": 642,
          "timeToContentfulPaint": 1825,
          "timeToDomContentFlushed": 850,
          "userTimings": {
            "marks": [
              {
                "name": "is",
                "startTime": 1547.72
              },
              {
                "name": "dr",
                "startTime": 1557.8
              },
              {
                "name": "visible",
                "startTime": 1611.4
              },
              {
                "name": "ofv",
                "startTime": 1611.54
              },
              {
                "name": "mbv",
                "startTime": 1669.94
              },
              {
                "name": "e_is",
                "startTime": 1701.84
              },
              {
                "name": "pc",
                "startTime": 1724.92
              },
              {
                "name": "ol",
                "startTime": 2638.82
              }
            ],
            "measures": []
          }
        }
      },
      {
        "browser": {
          "appConstants": {
            "ACCESSIBILITY": true,
            "ANDROID_PACKAGE_NAME": "org.mozilla.firefox",
            "ASAN": false,
            "ASAN_REPORTER": false,
            "BROWSER_CHROME_URL": "chrome://browser/content/browser.xul",
            "DEBUG": false,
            "DEBUG_JS_MODULES": "",
            "DLL_PREFIX": "lib",
            "DLL_SUFFIX": ".so",
            "EARLY_BETA_OR_EARLIER": false,
            "FENNEC_NIGHTLY": false,
            "HAVE_SHELL_SERVICE": false,
            "HAVE_USR_LIB64_DIR": false,
            "MENUBAR_CAN_AUTOHIDE": false,
            "MOZILLA_OFFICIAL": true,
            "MOZ_ALLOW_LEGACY_EXTENSIONS": false,
            "MOZ_ANDROID_ACTIVITY_STREAM": false,
            "MOZ_ANDROID_HISTORY": true,
            "MOZ_ANDROID_MOZILLA_ONLINE": false,
            "MOZ_APP_NAME": "fennec",
            "MOZ_APP_VERSION": "68.1.1",
            "MOZ_APP_VERSION_DISPLAY": "68.1.1",
            "MOZ_BING_API_CLIENTID": "no-bing-api-clientid",
            "MOZ_BING_API_KEY": "no-bing-api-key",
            "MOZ_BITS_DOWNLOAD": false,
            "MOZ_BUILD_APP": "mobile/android",
            "MOZ_CODE_COVERAGE": false,
            "MOZ_CRASHREPORTER": true,
            "MOZ_DATA_REPORTING": true,
            "MOZ_DEV_EDITION": false,
            "MOZ_GECKO_PROFILER": true,
            "MOZ_GOOGLE_LOCATION_SERVICE_API_KEY": "AIzaSyB2h2OuRcUgy5N-5hsZqiPW6sH3n_rptiQ",
            "MOZ_GOOGLE_SAFEBROWSING_API_KEY": "AIzaSyC7jsptDS3am4tPx4r3nxis7IMjBc5Dovo",
            "MOZ_GRAPHENE": false,
            "MOZ_MACBUNDLE_NAME": "Firefox.app",
            "MOZ_MAINTENANCE_SERVICE": false,
            "MOZ_MOZILLA_API_KEY": "3b4d27dd-703d-4094-8398-4de2c763505a",
            "MOZ_NEW_CERT_STORAGE": false,
            "MOZ_NEW_NOTIFICATION_STORE": false,
            "MOZ_NEW_XULSTORE": false,
            "MOZ_OFFICIAL_BRANDING": false,
            "MOZ_PLACES": false,
            "MOZ_REQUIRE_SIGNING": false,
            "MOZ_SANDBOX": false,
            "MOZ_SERVICES_HEALTHREPORT": true,
            "MOZ_SERVICES_SYNC": false,
            "MOZ_SWITCHBOARD": true,
            "MOZ_SYSTEM_NSS": false,
            "MOZ_TELEMETRY_ON_BY_DEFAULT": false,
            "MOZ_TELEMETRY_REPORTING": true,
            "MOZ_UNSIGNED_SCOPES": 0,
            "MOZ_UPDATER": false,
            "MOZ_UPDATE_CHANNEL": "release",
            "MOZ_WEBRTC": true,
            "MOZ_WIDGET_GTK": false,
            "MOZ_WIDGET_TOOLKIT": "android",
            "NIGHTLY_BUILD": false,
            "OMNIJAR_NAME": "assets/omni.ja",
            "RELEASE_OR_BETA": true,
            "SOURCE_REVISION_URL": "https://hg.mozilla.org/releases/mozilla-esr68/rev/d2e0b9e17b9bc1ef02606c8006b73293f7892ad5",
            "TELEMETRY_PING_FORMAT_VERSION": 4,
            "XP_UNIX": true,
            "isPlatformAndVersionAtLeast": {},
            "isPlatformAndVersionAtMost": {},
            "platform": "android"
          },
          "asyncAppConstants": {
            "ACCESSIBILITY": true,
            "ANDROID_PACKAGE_NAME": "org.mozilla.firefox",
            "ASAN": false,
            "ASAN_REPORTER": false,
            "BROWSER_CHROME_URL": "chrome://browser/content/browser.xul",
            "DEBUG": false,
            "DEBUG_JS_MODULES": "",
            "DLL_PREFIX": "lib",
            "DLL_SUFFIX": ".so",
            "EARLY_BETA_OR_EARLIER": false,
            "FENNEC_NIGHTLY": false,
            "HAVE_SHELL_SERVICE": false,
            "HAVE_USR_LIB64_DIR": false,
            "MENUBAR_CAN_AUTOHIDE": false,
            "MOZILLA_OFFICIAL": true,
            "MOZ_ALLOW_LEGACY_EXTENSIONS": false,
            "MOZ_ANDROID_ACTIVITY_STREAM": false,
            "MOZ_ANDROID_HISTORY": true,
            "MOZ_ANDROID_MOZILLA_ONLINE": false,
            "MOZ_APP_NAME": "fennec",
            "MOZ_APP_VERSION": "68.1.1",
            "MOZ_APP_VERSION_DISPLAY": "68.1.1",
            "MOZ_BING_API_CLIENTID": "no-bing-api-clientid",
            "MOZ_BING_API_KEY": "no-bing-api-key",
            "MOZ_BITS_DOWNLOAD": false,
            "MOZ_BUILD_APP": "mobile/android",
            "MOZ_CODE_COVERAGE": false,
            "MOZ_CRASHREPORTER": true,
            "MOZ_DATA_REPORTING": true,
            "MOZ_DEV_EDITION": false,
            "MOZ_GECKO_PROFILER": true,
            "MOZ_GOOGLE_LOCATION_SERVICE_API_KEY": "AIzaSyB2h2OuRcUgy5N-5hsZqiPW6sH3n_rptiQ",
            "MOZ_GOOGLE_SAFEBROWSING_API_KEY": "AIzaSyC7jsptDS3am4tPx4r3nxis7IMjBc5Dovo",
            "MOZ_GRAPHENE": false,
            "MOZ_MACBUNDLE_NAME": "Firefox.app",
            "MOZ_MAINTENANCE_SERVICE": false,
            "MOZ_MOZILLA_API_KEY": "3b4d27dd-703d-4094-8398-4de2c763505a",
            "MOZ_NEW_CERT_STORAGE": false,
            "MOZ_NEW_NOTIFICATION_STORE": false,
            "MOZ_NEW_XULSTORE": false,
            "MOZ_OFFICIAL_BRANDING": false,
            "MOZ_PLACES": false,
            "MOZ_REQUIRE_SIGNING": false,
            "MOZ_SANDBOX": false,
            "MOZ_SERVICES_HEALTHREPORT": true,
            "MOZ_SERVICES_SYNC": false,
            "MOZ_SWITCHBOARD": true,
            "MOZ_SYSTEM_NSS": false,
            "MOZ_TELEMETRY_ON_BY_DEFAULT": false,
            "MOZ_TELEMETRY_REPORTING": true,
            "MOZ_UNSIGNED_SCOPES": 0,
            "MOZ_UPDATER": false,
            "MOZ_UPDATE_CHANNEL": "release",
            "MOZ_WEBRTC": true,
            "MOZ_WIDGET_GTK": false,
            "MOZ_WIDGET_TOOLKIT": "android",
            "NIGHTLY_BUILD": false,
            "OMNIJAR_NAME": "assets/omni.ja",
            "RELEASE_OR_BETA": true,
            "SOURCE_REVISION_URL": "https://hg.mozilla.org/releases/mozilla-esr68/rev/d2e0b9e17b9bc1ef02606c8006b73293f7892ad5",
            "TELEMETRY_PING_FORMAT_VERSION": 4,
            "XP_UNIX": true,
            "isPlatformAndVersionAtLeast": {},
            "isPlatformAndVersionAtMost": {},
            "platform": "android"
          },
          "userAgent": "Mozilla/5.0 (Android 9; Mobile; rv:68.0) Gecko/68.0 Firefox/68.0",
          "windowSize": "360x612"
        },
        "pageinfo": {
          "documentHeight": 1127,
          "documentSize": {
            "decodedBodySize": 157056,
            "encodedBodySize": 37399,
            "transferSize": 38731
          },
          "documentTitle": "Vimeo | The world's only all-in-one video solution",
          "documentWidth": 360,
          "domElements": 535,
          "navigationStartTime": 1617125087514,
          "nextHopProtocol": "http/1.1",
          "resources": {
            "count": 0,
            "duration": 0
          },
          "responsive": true,
          "url": "https://vimeo.com/",
          "visualElements": {
            "heroes": [
              {
                "filename": "1204",
                "height": 365,
                "name": "LargestImage",
                "width": 368,
                "x": -4,
                "y": 566
              },
              {
                "filename": null,
                "height": 88,
                "name": "Heading",
                "width": 360,
                "x": 0,
                "y": 153
              }
            ],
            "viewport": {
              "height": 612,
              "width": 360
            }
          }
        },
        "timings": {
          "firstPaint": 2012,
          "loadEventEnd": 8297,
          "navigationTiming": {
            "connectStart": 296,
            "domComplete": 8243,
            "domContentLoadedEventEnd": 3597,
            "domContentLoadedEventStart": 3416,
            "domInteractive": 3356,
            "domainLookupEnd": 296,
            "domainLookupStart": 295,
            "duration": 8297,
            "fetchStart": 2,
            "loadEventEnd": 8297,
            "loadEventStart": 8243,
            "redirectEnd": 0,
            "redirectStart": 0,
            "requestStart": 400,
            "responseEnd": 798,
            "responseStart": 408,
            "secureConnectionStart": 318,
            "startTime": 0,
            "unloadEventEnd": 0,
            "unloadEventStart": 0,
            "workerStart": 0
          },
          "pageTimings": {
            "backEndTime": 408,
            "domContentLoadedTime": 3416,
            "domInteractiveTime": 3356,
            "domainLookupTime": 0,
            "frontEndTime": 7444,
            "pageDownloadTime": 391,
            "pageLoadTime": 8243,
            "redirectionTime": 0,
            "serverConnectionTime": 103,
            "serverResponseTime": 399
          },
          "rumSpeedIndex": 407,
          "timeToContentfulPaint": 3353,
          "timeToDomContentFlushed": 3597,
          "timeToFirstInteractive": 10305,
          "userTimings": {
            "marks": [
              {
                "name": "gpt-tag-load",
                "startTime": 4870.62
              }
            ],
            "measures": []
          }
        }
      }
    ],
    "visualMetrics": [],
    "cpu": [],
    "extras": [
      {},
      {},
      {}
    ],
    "fullyLoaded": [],
    "errors": [
      [],
      [],
      []
    ],
    "statistics": {
      "browser": {
        "appConstants": {
          "MOZ_UNSIGNED_SCOPES": {
            "median": 0,
            "mean": 0,
            "mdev": 0,
            "stddev": 0,
            "min": 0,
            "p10": 0,
            "p90": 0,
            "p99": 0,
            "max": 0
          },
          "TELEMETRY_PING_FORMAT_VERSION": {
            "median": 4,
            "mean": 4,
            "mdev": 0,
            "stddev": 0,
            "min": 4,
            "p10": 4,
            "p90": 4,
            "p99": 4,
            "max": 4
          }
        },
        "asyncAppConstants": {
          "MOZ_UNSIGNED_SCOPES": {
            "median": 0,
            "mean": 0,
            "mdev": 0,
            "stddev": 0,
            "min": 0,
            "p10": 0,
            "p90": 0,
            "p99": 0,
            "max": 0
          },
          "TELEMETRY_PING_FORMAT_VERSION": {
            "median": 4,
            "mean": 4,
            "mdev": 0,
            "stddev": 0,
            "min": 4,
            "p10": 4,
            "p90": 4,
            "p99": 4,
            "max": 4
          }
        }
      },
      "pageinfo": {
        "documentHeight": {
          "median": 1136,
          "mean": 1133,
          "mdev": 2.4495,
          "stddev": 4,
          "min": 1127,
          "p10": 1127,
          "p90": 1136,
          "p99": 1136,
          "max": 1136
        },
        "documentSize": {
          "decodedBodySize": {
            "median": 51620,
            "mean": 86765,
            "mdev": 28696.0445,
            "stddev": 49703,
            "min": 51620,
            "p10": 51620,
            "p90": 157056,
            "p99": 157056,
            "max": 157056
          },
          "encodedBodySize": {
            "median": 8949,
            "mean": 18432,
            "mdev": 7743.1092,
            "stddev": 13411,
            "min": 8949,
            "p10": 8949,
            "p90": 37399,
            "p99": 37399,
            "max": 37399
          },
          "transferSize": {
            "median": 9905,
            "mean": 19514,
            "mdev": 7845.4435,
            "stddev": 13589,
            "min": 9905,
            "p10": 9905,
            "p90": 38731,
            "p99": 38731,
            "max": 38731
          }
        },
        "documentWidth": {
          "median": 360,
          "mean": 360,
          "mdev": 0,
          "stddev": 0,
          "min": 360,
          "p10": 360,
          "p90": 360,
          "p99": 360,
          "max": 360
        },
        "domElements": {
          "median": 209,
          "mean": 318,
          "mdev": 88.726,
          "stddev": 154,
          "min": 209,
          "p10": 209,
          "p90": 535,
          "p99": 535,
          "max": 535
        },
        "navigationStartTime": {
          "median": 1617125071530,
          "mean": 1617125071569,
          "mdev": 0,
          "stddev": 0,
          "min": 1617125055662,
          "p10": 1617125055662,
          "p90": 1617125087514,
          "p99": 1617125087514,
          "max": 1617125087514
        },
        "resources": {
          "count": {
            "median": 0,
            "mean": 0,
            "mdev": 0,
            "stddev": 0,
            "min": 0,
            "p10": 0,
            "p90": 0,
            "p99": 0,
            "max": 0
          },
          "duration": {
            "median": 0,
            "mean": 0,
            "mdev": 0,
            "stddev": 0,
            "min": 0,
            "p10": 0,
            "p90": 0,
            "p99": 0,
            "max": 0
          }
        },
        "visualElements": {
          "heroes": [
            {
              "height": {
                "median": 146,
                "mean": 219,
                "mdev": 59.6043,
                "stddev": 103,
                "min": 146,
                "p10": 146,
                "p90": 365,
                "p99": 365,
                "max": 365
              },
              "width": {
                "median": 328,
                "mean": 341,
                "mdev": 10.8866,
                "stddev": 19,
                "min": 328,
                "p10": 328,
                "p90": 368,
                "p99": 368,
                "max": 368
              },
              "x": {
                "median": 16,
                "mean": 9,
                "mdev": 5.4433,
                "stddev": 9,
                "min": -4,
                "p10": -4,
                "p90": 16,
                "p99": 16,
                "max": 16
              },
              "y": {
                "median": 147,
                "mean": 287,
                "mdev": 114.0374,
                "stddev": 198,
                "min": 147,
                "p10": 147,
                "p90": 566,
                "p99": 566,
                "max": 566
              },
              "filename": {
                "median": 1204,
                "mean": 1204,
                "mdev": 0,
                "stddev": 0,
                "min": 1204,
                "p10": 1204,
                "p90": 1204,
                "p99": 1204,
                "max": 1204
              }
            },
            {
              "height": {
                "median": 88,
                "mean": 88,
                "mdev": 0,
                "stddev": 0,
                "min": 88,
                "p10": 88,
                "p90": 88,
                "p99": 88,
                "max": 88
              },
              "width": {
                "median": 360,
                "mean": 360,
                "mdev": 0,
                "stddev": 0,
                "min": 360,
                "p10": 360,
                "p90": 360,
                "p99": 360,
                "max": 360
              },
              "x": {
                "median": 0,
                "mean": 0,
                "mdev": 0,
                "stddev": 0,
                "min": 0,
                "p10": 0,
                "p90": 0,
                "p99": 0,
                "max": 0
              },
              "y": {
                "median": 153,
                "mean": 153,
                "mdev": 0,
                "stddev": 0,
                "min": 153,
                "p10": 153,
                "p90": 153,
                "p99": 153,
                "max": 153
              }
            }
          ],
          "viewport": {
            "height": {
              "median": 612,
              "mean": 612,
              "mdev": 0,
              "stddev": 0,
              "min": 612,
              "p10": 612,
              "p90": 612,
              "p99": 612,
              "max": 612
            },
            "width": {
              "median": 360,
              "mean": 360,
              "mdev": 0,
              "stddev": 0,
              "min": 360,
              "p10": 360,
              "p90": 360,
              "p99": 360,
              "max": 360
            }
          }
        }
      },
      "timings": {
        "firstPaint": {
          "median": 1100,
          "mean": 1321,
          "mdev": 288.14,
          "stddev": 499,
          "min": 851,
          "p10": 851,
          "p90": 2012,
          "p99": 2012,
          "max": 2012
        },
        "loadEventEnd": {
          "median": 2911,
          "mean": 4618,
          "mdev": 1503.2437,
          "stddev": 2604,
          "min": 2646,
          "p10": 2646,
          "p90": 8297,
          "p99": 8297,
          "max": 8297
        },
        "navigationTiming": {
          "connectStart": {
            "median": 372,
            "mean": 359,
            "mdev": 27.158,
            "stddev": 47,
            "min": 296,
            "p10": 296,
            "p90": 409,
            "p99": 409,
            "max": 409
          },
          "domComplete": {
            "median": 2902,
            "mean": 4594,
            "mdev": 1490.8611,
            "stddev": 2582,
            "min": 2638,
            "p10": 2638,
            "p90": 8243,
            "p99": 8243,
            "max": 8243
          },
          "domContentLoadedEventEnd": {
            "median": 1099,
            "mean": 1849,
            "mdev": 716.163,
            "stddev": 1240,
            "min": 850,
            "p10": 850,
            "p90": 3597,
            "p99": 3597,
            "max": 3597
          },
          "domContentLoadedEventStart": {
            "median": 1093,
            "mean": 1784,
            "mdev": 668.7056,
            "stddev": 1158,
            "min": 844,
            "p10": 844,
            "p90": 3416,
            "p99": 3416,
            "max": 3416
          },
          "domInteractive": {
            "median": 1089,
            "mean": 1761,
            "mdev": 653.8381,
            "stddev": 1132,
            "min": 838,
            "p10": 838,
            "p90": 3356,
            "p99": 3356,
            "max": 3356
          },
          "domainLookupEnd": {
            "median": 372,
            "mean": 359,
            "mdev": 27.158,
            "stddev": 47,
            "min": 296,
            "p10": 296,
            "p90": 409,
            "p99": 409,
            "max": 409
          },
          "domainLookupStart": {
            "median": 372,
            "mean": 359,
            "mdev": 27.4159,
            "stddev": 47,
            "min": 295,
            "p10": 295,
            "p90": 409,
            "p99": 409,
            "max": 409
          },
          "duration": {
            "median": 2911,
            "mean": 4618,
            "mdev": 1503.2437,
            "stddev": 2604,
            "min": 2646,
            "p10": 2646,
            "p90": 8297,
            "p99": 8297,
            "max": 8297
          },
          "fetchStart": {
            "median": 372,
            "mean": 261,
            "mdev": 106.0953,
            "stddev": 184,
            "min": 2,
            "p10": 2,
            "p90": 409,
            "p99": 409,
            "max": 409
          },
          "loadEventEnd": {
            "median": 2911,
            "mean": 4618,
            "mdev": 1503.2437,
            "stddev": 2604,
            "min": 2646,
            "p10": 2646,
            "p90": 8297,
            "p99": 8297,
            "max": 8297
          },
          "loadEventStart": {
            "median": 2910,
            "mean": 4599,
            "mdev": 1488.9774,
            "stddev": 2579,
            "min": 2644,
            "p10": 2644,
            "p90": 8243,
            "p99": 8243,
            "max": 8243
          },
          "redirectEnd": {
            "median": 363,
            "mean": 255,
            "mdev": 104.3523,
            "stddev": 181,
            "min": 0,
            "p10": 0,
            "p90": 401,
            "p99": 401,
            "max": 401
          },
          "redirectStart": {
            "median": 2,
            "mean": 2,
            "mdev": 0.7201,
            "stddev": 1,
            "min": 0,
            "p10": 0,
            "p90": 3,
            "p99": 3,
            "max": 3
          },
          "requestStart": {
            "median": 415,
            "mean": 417,
            "mdev": 8.7729,
            "stddev": 15,
            "min": 400,
            "p10": 400,
            "p90": 437,
            "p99": 437,
            "max": 437
          },
          "responseEnd": {
            "median": 798,
            "mean": 783,
            "mdev": 61.1325,
            "stddev": 106,
            "min": 646,
            "p10": 646,
            "p90": 904,
            "p99": 904,
            "max": 904
          },
          "responseStart": {
            "median": 642,
            "mean": 650,
            "mdev": 116.0115,
            "stddev": 201,
            "min": 408,
            "p10": 408,
            "p90": 900,
            "p99": 900,
            "max": 900
          },
          "secureConnectionStart": {
            "median": 0,
            "mean": 106,
            "mdev": 86.5486,
            "stddev": 150,
            "min": 0,
            "p10": 0,
            "p90": 318,
            "p99": 318,
            "max": 318
          },
          "startTime": {
            "median": 0,
            "mean": 0,
            "mdev": 0,
            "stddev": 0,
            "min": 0,
            "p10": 0,
            "p90": 0,
            "p99": 0,
            "max": 0
          },
          "unloadEventEnd": {
            "median": 0,
            "mean": 0,
            "mdev": 0,
            "stddev": 0,
            "min": 0,
            "p10": 0,
            "p90": 0,
            "p99": 0,
            "max": 0
          },
          "unloadEventStart": {
            "median": 0,
            "mean": 0,
            "mdev": 0,
            "stddev": 0,
            "min": 0,
            "p10": 0,
            "p90": 0,
            "p99": 0,
            "max": 0
          },
          "workerStart": {
            "median": 0,
            "mean": 0,
            "mdev": 0,
            "stddev": 0,
            "min": 0,
            "p10": 0,
            "p90": 0,
            "p99": 0,
            "max": 0
          }
        },
        "pageTimings": {
          "backEndTime": {
            "median": 642,
            "mean": 650,
            "mdev": 116.0115,
            "stddev": 201,
            "min": 408,
            "p10": 408,
            "p90": 900,
            "p99": 900,
            "max": 900
          },
          "domContentLoadedTime": {
            "median": 1093,
            "mean": 1784,
            "mdev": 668.7056,
            "stddev": 1158,
            "min": 844,
            "p10": 844,
            "p90": 3416,
            "p99": 3416,
            "max": 3416
          },
          "domInteractiveTime": {
            "median": 1089,
            "mean": 1761,
            "mdev": 653.8381,
            "stddev": 1132,
            "min": 838,
            "p10": 838,
            "p90": 3356,
            "p99": 3356,
            "max": 3356
          },
          "domainLookupTime": {
            "median": 0,
            "mean": 0,
            "mdev": 0,
            "stddev": 0,
            "min": 0,
            "p10": 0,
            "p90": 0,
            "p99": 0,
            "max": 0
          },
          "frontEndTime": {
            "median": 2006,
            "mean": 3816,
            "mdev": 1481.126,
            "stddev": 2565,
            "min": 1998,
            "p10": 1998,
            "p90": 7444,
            "p99": 7444,
            "max": 7444
          },
          "pageDownloadTime": {
            "median": 4,
            "mean": 133,
            "mdev": 105.3281,
            "stddev": 182,
            "min": 4,
            "p10": 4,
            "p90": 391,
            "p99": 391,
            "max": 391
          },
          "pageLoadTime": {
            "median": 2910,
            "mean": 4599,
            "mdev": 1488.9774,
            "stddev": 2579,
            "min": 2644,
            "p10": 2644,
            "p90": 8243,
            "p99": 8243,
            "max": 8243
          },
          "redirectionTime": {
            "median": 361,
            "mean": 253,
            "mdev": 103.81,
            "stddev": 180,
            "min": 0,
            "p10": 0,
            "p90": 399,
            "p99": 399,
            "max": 399
          },
          "serverConnectionTime": {
            "median": 0,
            "mean": 34,
            "mdev": 28.033,
            "stddev": 49,
            "min": 0,
            "p10": 0,
            "p90": 103,
            "p99": 103,
            "max": 103
          },
          "serverResponseTime": {
            "median": 399,
            "mean": 365,
            "mdev": 57.0698,
            "stddev": 99,
            "min": 231,
            "p10": 231,
            "p90": 466,
            "p99": 466,
            "max": 466
          }
        },
        "rumSpeedIndex": {
          "median": 642,
          "mean": 649,
          "mdev": 116.0042,
          "stddev": 201,
          "min": 407,
          "p10": 407,
          "p90": 899,
          "p99": 899,
          "max": 899
        },
        "timeToContentfulPaint": {
          "median": 2071,
          "mean": 2416,
          "mdev": 386.7636,
          "stddev": 670,
          "min": 1825,
          "p10": 1825,
          "p90": 3353,
          "p99": 3353,
          "max": 3353
        },
        "timeToDomContentFlushed": {
          "median": 1099,
          "mean": 1849,
          "mdev": 716.163,
          "stddev": 1240,
          "min": 850,
          "p10": 850,
          "p90": 3597,
          "p99": 3597,
          "max": 3597
        },
        "userTimings": {
          "marks": {
            "is": {
              "median": 1669,
              "mean": 1669,
              "mdev": 86.062,
              "stddev": 122,
              "min": 1548,
              "p10": 1548,
              "p90": 1791,
              "p99": 1791,
              "max": 1791
            },
            "dr": {
              "median": 1681,
              "mean": 1681,
              "mdev": 87.2428,
              "stddev": 123,
              "min": 1558,
              "p10": 1558,
              "p90": 1805,
              "p99": 1805,
              "max": 1805
            },
            "visible": {
              "median": 1734,
              "mean": 1734,
              "mdev": 86.5923,
              "stddev": 122,
              "min": 1611,
              "p10": 1611,
              "p90": 1856,
              "p99": 1856,
              "max": 1856
            },
            "ofv": {
              "median": 1734,
              "mean": 1734,
              "mdev": 86.5711,
              "stddev": 122,
              "min": 1612,
              "p10": 1612,
              "p90": 1856,
              "p99": 1856,
              "max": 1856
            },
            "mbv": {
              "median": 1792,
              "mean": 1792,
              "mdev": 86.3236,
              "stddev": 122,
              "min": 1670,
              "p10": 1670,
              "p90": 1914,
              "p99": 1914,
              "max": 1914
            },
            "e_is": {
              "median": 1823,
              "mean": 1823,
              "mdev": 85.8003,
              "stddev": 121,
              "min": 1702,
              "p10": 1702,
              "p90": 1945,
              "p99": 1945,
              "max": 1945
            },
            "pc": {
              "median": 1846,
              "mean": 1846,
              "mdev": 85.6518,
              "stddev": 121,
              "min": 1725,
              "p10": 1725,
              "p90": 1967,
              "p99": 1967,
              "max": 1967
            },
            "ol": {
              "median": 2772,
              "mean": 2772,
              "mdev": 93.8896,
              "stddev": 133,
              "min": 2639,
              "p10": 2639,
              "p90": 2904,
              "p99": 2904,
              "max": 2904
            },
            "gpt-tag-load": {
              "median": 4871,
              "mean": 4871,
              "mdev": 0,
              "stddev": 0,
              "min": 4871,
              "p10": 4871,
              "p90": 4871,
              "p99": 4871,
              "max": 4871
            }
          }
        },
        "timeToFirstInteractive": {
          "median": 10305,
          "mean": 10305,
          "mdev": 0,
          "stddev": 0,
          "min": 10305,
          "p10": 10305,
          "p90": 10305,
          "p99": 10305,
          "max": 10305
        }
      }
    }
  }
]