[
  {
    "info": {
      "browsertime": {
        "version": "8.4.0"
      },
      "url": "https://www.tmall.com/",
      "timestamp": "2021-03-30T00:05:24+04:00",
      "connectivity": {
        "engine": "external",
        "profile": "native"
      },
      "extra": {}
    },
    "files": {
      "video": [],
      "screenshot": [],
      "timeline": [],
      "consoleLog": [],
      "netLog": [],
      "perfLog": []
    },
    "cdp": {
      "performance": []
    },
    "timestamps": [
      "2021-03-30T00:05:05+04:00",
      "2021-03-30T00:05:37+04:00",
      "2021-03-30T00:06:06+04:00"
    ],
    "browserScripts": [
      {
        "browser": {
          "appConstants": {
            "ACCESSIBILITY": true,
            "ANDROID_PACKAGE_NAME": "org.mozilla.firefox",
            "ASAN": false,
            "ASAN_REPORTER": false,
            "BROWSER_CHROME_URL": "chrome://browser/content/browser.xul",
            "DEBUG": false,
            "DEBUG_JS_MODULES": "",
            "DLL_PREFIX": "lib",
            "DLL_SUFFIX": ".so",
            "EARLY_BETA_OR_EARLIER": false,
            "FENNEC_NIGHTLY": false,
            "HAVE_SHELL_SERVICE": false,
            "HAVE_USR_LIB64_DIR": false,
            "MENUBAR_CAN_AUTOHIDE": false,
            "MOZILLA_OFFICIAL": true,
            "MOZ_ALLOW_LEGACY_EXTENSIONS": false,
            "MOZ_ANDROID_ACTIVITY_STREAM": false,
            "MOZ_ANDROID_HISTORY": true,
            "MOZ_ANDROID_MOZILLA_ONLINE": false,
            "MOZ_APP_NAME": "fennec",
            "MOZ_APP_VERSION": "68.1.1",
            "MOZ_APP_VERSION_DISPLAY": "68.1.1",
            "MOZ_BING_API_CLIENTID": "no-bing-api-clientid",
            "MOZ_BING_API_KEY": "no-bing-api-key",
            "MOZ_BITS_DOWNLOAD": false,
            "MOZ_BUILD_APP": "mobile/android",
            "MOZ_CODE_COVERAGE": false,
            "MOZ_CRASHREPORTER": true,
            "MOZ_DATA_REPORTING": true,
            "MOZ_DEV_EDITION": false,
            "MOZ_GECKO_PROFILER": true,
            "MOZ_GOOGLE_LOCATION_SERVICE_API_KEY": "AIzaSyB2h2OuRcUgy5N-5hsZqiPW6sH3n_rptiQ",
            "MOZ_GOOGLE_SAFEBROWSING_API_KEY": "AIzaSyC7jsptDS3am4tPx4r3nxis7IMjBc5Dovo",
            "MOZ_GRAPHENE": false,
            "MOZ_MACBUNDLE_NAME": "Firefox.app",
            "MOZ_MAINTENANCE_SERVICE": false,
            "MOZ_MOZILLA_API_KEY": "3b4d27dd-703d-4094-8398-4de2c763505a",
            "MOZ_NEW_CERT_STORAGE": false,
            "MOZ_NEW_NOTIFICATION_STORE": false,
            "MOZ_NEW_XULSTORE": false,
            "MOZ_OFFICIAL_BRANDING": false,
            "MOZ_PLACES": false,
            "MOZ_REQUIRE_SIGNING": false,
            "MOZ_SANDBOX": false,
            "MOZ_SERVICES_HEALTHREPORT": true,
            "MOZ_SERVICES_SYNC": false,
            "MOZ_SWITCHBOARD": true,
            "MOZ_SYSTEM_NSS": false,
            "MOZ_TELEMETRY_ON_BY_DEFAULT": false,
            "MOZ_TELEMETRY_REPORTING": true,
            "MOZ_UNSIGNED_SCOPES": 0,
            "MOZ_UPDATER": false,
            "MOZ_UPDATE_CHANNEL": "release",
            "MOZ_WEBRTC": true,
            "MOZ_WIDGET_GTK": false,
            "MOZ_WIDGET_TOOLKIT": "android",
            "NIGHTLY_BUILD": false,
            "OMNIJAR_NAME": "assets/omni.ja",
            "RELEASE_OR_BETA": true,
            "SOURCE_REVISION_URL": "https://hg.mozilla.org/releases/mozilla-esr68/rev/d2e0b9e17b9bc1ef02606c8006b73293f7892ad5",
            "TELEMETRY_PING_FORMAT_VERSION": 4,
            "XP_UNIX": true,
            "isPlatformAndVersionAtLeast": {},
            "isPlatformAndVersionAtMost": {},
            "platform": "android"
          },
          "asyncAppConstants": {
            "ACCESSIBILITY": true,
            "ANDROID_PACKAGE_NAME": "org.mozilla.firefox",
            "ASAN": false,
            "ASAN_REPORTER": false,
            "BROWSER_CHROME_URL": "chrome://browser/content/browser.xul",
            "DEBUG": false,
            "DEBUG_JS_MODULES": "",
            "DLL_PREFIX": "lib",
            "DLL_SUFFIX": ".so",
            "EARLY_BETA_OR_EARLIER": false,
            "FENNEC_NIGHTLY": false,
            "HAVE_SHELL_SERVICE": false,
            "HAVE_USR_LIB64_DIR": false,
            "MENUBAR_CAN_AUTOHIDE": false,
            "MOZILLA_OFFICIAL": true,
            "MOZ_ALLOW_LEGACY_EXTENSIONS": false,
            "MOZ_ANDROID_ACTIVITY_STREAM": false,
            "MOZ_ANDROID_HISTORY": true,
            "MOZ_ANDROID_MOZILLA_ONLINE": false,
            "MOZ_APP_NAME": "fennec",
            "MOZ_APP_VERSION": "68.1.1",
            "MOZ_APP_VERSION_DISPLAY": "68.1.1",
            "MOZ_BING_API_CLIENTID": "no-bing-api-clientid",
            "MOZ_BING_API_KEY": "no-bing-api-key",
            "MOZ_BITS_DOWNLOAD": false,
            "MOZ_BUILD_APP": "mobile/android",
            "MOZ_CODE_COVERAGE": false,
            "MOZ_CRASHREPORTER": true,
            "MOZ_DATA_REPORTING": true,
            "MOZ_DEV_EDITION": false,
            "MOZ_GECKO_PROFILER": true,
            "MOZ_GOOGLE_LOCATION_SERVICE_API_KEY": "AIzaSyB2h2OuRcUgy5N-5hsZqiPW6sH3n_rptiQ",
            "MOZ_GOOGLE_SAFEBROWSING_API_KEY": "AIzaSyC7jsptDS3am4tPx4r3nxis7IMjBc5Dovo",
            "MOZ_GRAPHENE": false,
            "MOZ_MACBUNDLE_NAME": "Firefox.app",
            "MOZ_MAINTENANCE_SERVICE": false,
            "MOZ_MOZILLA_API_KEY": "3b4d27dd-703d-4094-8398-4de2c763505a",
            "MOZ_NEW_CERT_STORAGE": false,
            "MOZ_NEW_NOTIFICATION_STORE": false,
            "MOZ_NEW_XULSTORE": false,
            "MOZ_OFFICIAL_BRANDING": false,
            "MOZ_PLACES": false,
            "MOZ_REQUIRE_SIGNING": false,
            "MOZ_SANDBOX": false,
            "MOZ_SERVICES_HEALTHREPORT": true,
            "MOZ_SERVICES_SYNC": false,
            "MOZ_SWITCHBOARD": true,
            "MOZ_SYSTEM_NSS": false,
            "MOZ_TELEMETRY_ON_BY_DEFAULT": false,
            "MOZ_TELEMETRY_REPORTING": true,
            "MOZ_UNSIGNED_SCOPES": 0,
            "MOZ_UPDATER": false,
            "MOZ_UPDATE_CHANNEL": "release",
            "MOZ_WEBRTC": true,
            "MOZ_WIDGET_GTK": false,
            "MOZ_WIDGET_TOOLKIT": "android",
            "NIGHTLY_BUILD": false,
            "OMNIJAR_NAME": "assets/omni.ja",
            "RELEASE_OR_BETA": true,
            "SOURCE_REVISION_URL": "https://hg.mozilla.org/releases/mozilla-esr68/rev/d2e0b9e17b9bc1ef02606c8006b73293f7892ad5",
            "TELEMETRY_PING_FORMAT_VERSION": 4,
            "XP_UNIX": true,
            "isPlatformAndVersionAtLeast": {},
            "isPlatformAndVersionAtMost": {},
            "platform": "android"
          },
          "userAgent": "Mozilla/5.0 (Android 8.1.0; Mobile; rv:68.0) Gecko/68.0 Firefox/68.0",
          "windowSize": "360x560"
        },
        "pageinfo": {
          "documentHeight": 560,
          "documentSize": {
            "decodedBodySize": 3754,
            "encodedBodySize": 1940,
            "transferSize": 3147
          },
          "documentTitle": "天猫TMALL",
          "documentWidth": 360,
          "domElements": 978,
          "navigationStartTime": 1617048305760,
          "nextHopProtocol": "h2",
          "resources": {
            "count": 0,
            "duration": 0
          },
          "responsive": true,
          "url": "https://www.tmall.com/",
          "visualElements": {
            "heroes": [
              {
                "filename": "O1CN01lHvTY51X38BhXRVVF_!!6000000002867-2-tps-750-386.png_790x10000.jpg",
                "height": 173,
                "name": "LargestImage",
                "width": 360,
                "x": 0,
                "y": 162
              }
            ],
            "viewport": {
              "height": 560,
              "width": 360
            }
          }
        },
        "timings": {
          "firstPaint": 1301,
          "loadEventEnd": 13312,
          "navigationTiming": {
            "connectStart": 42,
            "domComplete": 13305,
            "domContentLoadedEventEnd": 2332,
            "domContentLoadedEventStart": 2325,
            "domInteractive": 1990,
            "domainLookupEnd": 42,
            "domainLookupStart": 41,
            "duration": 13312,
            "fetchStart": 3,
            "loadEventEnd": 13312,
            "loadEventStart": 13305,
            "redirectEnd": 0,
            "redirectStart": 0,
            "requestStart": 1161,
            "responseEnd": 1190,
            "responseStart": 1189,
            "secureConnectionStart": 59,
            "startTime": 0,
            "unloadEventEnd": 0,
            "unloadEventStart": 0,
            "workerStart": 0
          },
          "pageTimings": {
            "backEndTime": 1189,
            "domContentLoadedTime": 2325,
            "domInteractiveTime": 1990,
            "domainLookupTime": 0,
            "frontEndTime": 12114,
            "pageDownloadTime": 1,
            "pageLoadTime": 13305,
            "redirectionTime": 0,
            "serverConnectionTime": 1117,
            "serverResponseTime": 30
          },
          "rumSpeedIndex": 1189,
          "timeToContentfulPaint": 2338,
          "timeToDomContentFlushed": 2293,
          "timeToFirstInteractive": 14108,
          "userTimings": {
            "marks": [],
            "measures": []
          }
        }
      },
      {
        "browser": {
          "appConstants": {
            "ACCESSIBILITY": true,
            "ANDROID_PACKAGE_NAME": "org.mozilla.firefox",
            "ASAN": false,
            "ASAN_REPORTER": false,
            "BROWSER_CHROME_URL": "chrome://browser/content/browser.xul",
            "DEBUG": false,
            "DEBUG_JS_MODULES": "",
            "DLL_PREFIX": "lib",
            "DLL_SUFFIX": ".so",
            "EARLY_BETA_OR_EARLIER": false,
            "FENNEC_NIGHTLY": false,
            "HAVE_SHELL_SERVICE": false,
            "HAVE_USR_LIB64_DIR": false,
            "MENUBAR_CAN_AUTOHIDE": false,
            "MOZILLA_OFFICIAL": true,
            "MOZ_ALLOW_LEGACY_EXTENSIONS": false,
            "MOZ_ANDROID_ACTIVITY_STREAM": false,
            "MOZ_ANDROID_HISTORY": true,
            "MOZ_ANDROID_MOZILLA_ONLINE": false,
            "MOZ_APP_NAME": "fennec",
            "MOZ_APP_VERSION": "68.1.1",
            "MOZ_APP_VERSION_DISPLAY": "68.1.1",
            "MOZ_BING_API_CLIENTID": "no-bing-api-clientid",
            "MOZ_BING_API_KEY": "no-bing-api-key",
            "MOZ_BITS_DOWNLOAD": false,
            "MOZ_BUILD_APP": "mobile/android",
            "MOZ_CODE_COVERAGE": false,
            "MOZ_CRASHREPORTER": true,
            "MOZ_DATA_REPORTING": true,
            "MOZ_DEV_EDITION": false,
            "MOZ_GECKO_PROFILER": true,
            "MOZ_GOOGLE_LOCATION_SERVICE_API_KEY": "AIzaSyB2h2OuRcUgy5N-5hsZqiPW6sH3n_rptiQ",
            "MOZ_GOOGLE_SAFEBROWSING_API_KEY": "AIzaSyC7jsptDS3am4tPx4r3nxis7IMjBc5Dovo",
            "MOZ_GRAPHENE": false,
            "MOZ_MACBUNDLE_NAME": "Firefox.app",
            "MOZ_MAINTENANCE_SERVICE": false,
            "MOZ_MOZILLA_API_KEY": "3b4d27dd-703d-4094-8398-4de2c763505a",
            "MOZ_NEW_CERT_STORAGE": false,
            "MOZ_NEW_NOTIFICATION_STORE": false,
            "MOZ_NEW_XULSTORE": false,
            "MOZ_OFFICIAL_BRANDING": false,
            "MOZ_PLACES": false,
            "MOZ_REQUIRE_SIGNING": false,
            "MOZ_SANDBOX": false,
            "MOZ_SERVICES_HEALTHREPORT": true,
            "MOZ_SERVICES_SYNC": false,
            "MOZ_SWITCHBOARD": true,
            "MOZ_SYSTEM_NSS": false,
            "MOZ_TELEMETRY_ON_BY_DEFAULT": false,
            "MOZ_TELEMETRY_REPORTING": true,
            "MOZ_UNSIGNED_SCOPES": 0,
            "MOZ_UPDATER": false,
            "MOZ_UPDATE_CHANNEL": "release",
            "MOZ_WEBRTC": true,
            "MOZ_WIDGET_GTK": false,
            "MOZ_WIDGET_TOOLKIT": "android",
            "NIGHTLY_BUILD": false,
            "OMNIJAR_NAME": "assets/omni.ja",
            "RELEASE_OR_BETA": true,
            "SOURCE_REVISION_URL": "https://hg.mozilla.org/releases/mozilla-esr68/rev/d2e0b9e17b9bc1ef02606c8006b73293f7892ad5",
            "TELEMETRY_PING_FORMAT_VERSION": 4,
            "XP_UNIX": true,
            "isPlatformAndVersionAtLeast": {},
            "isPlatformAndVersionAtMost": {},
            "platform": "android"
          },
          "asyncAppConstants": {
            "ACCESSIBILITY": true,
            "ANDROID_PACKAGE_NAME": "org.mozilla.firefox",
            "ASAN": false,
            "ASAN_REPORTER": false,
            "BROWSER_CHROME_URL": "chrome://browser/content/browser.xul",
            "DEBUG": false,
            "DEBUG_JS_MODULES": "",
            "DLL_PREFIX": "lib",
            "DLL_SUFFIX": ".so",
            "EARLY_BETA_OR_EARLIER": false,
            "FENNEC_NIGHTLY": false,
            "HAVE_SHELL_SERVICE": false,
            "HAVE_USR_LIB64_DIR": false,
            "MENUBAR_CAN_AUTOHIDE": false,
            "MOZILLA_OFFICIAL": true,
            "MOZ_ALLOW_LEGACY_EXTENSIONS": false,
            "MOZ_ANDROID_ACTIVITY_STREAM": false,
            "MOZ_ANDROID_HISTORY": true,
            "MOZ_ANDROID_MOZILLA_ONLINE": false,
            "MOZ_APP_NAME": "fennec",
            "MOZ_APP_VERSION": "68.1.1",
            "MOZ_APP_VERSION_DISPLAY": "68.1.1",
            "MOZ_BING_API_CLIENTID": "no-bing-api-clientid",
            "MOZ_BING_API_KEY": "no-bing-api-key",
            "MOZ_BITS_DOWNLOAD": false,
            "MOZ_BUILD_APP": "mobile/android",
            "MOZ_CODE_COVERAGE": false,
            "MOZ_CRASHREPORTER": true,
            "MOZ_DATA_REPORTING": true,
            "MOZ_DEV_EDITION": false,
            "MOZ_GECKO_PROFILER": true,
            "MOZ_GOOGLE_LOCATION_SERVICE_API_KEY": "AIzaSyB2h2OuRcUgy5N-5hsZqiPW6sH3n_rptiQ",
            "MOZ_GOOGLE_SAFEBROWSING_API_KEY": "AIzaSyC7jsptDS3am4tPx4r3nxis7IMjBc5Dovo",
            "MOZ_GRAPHENE": false,
            "MOZ_MACBUNDLE_NAME": "Firefox.app",
            "MOZ_MAINTENANCE_SERVICE": false,
            "MOZ_MOZILLA_API_KEY": "3b4d27dd-703d-4094-8398-4de2c763505a",
            "MOZ_NEW_CERT_STORAGE": false,
            "MOZ_NEW_NOTIFICATION_STORE": false,
            "MOZ_NEW_XULSTORE": false,
            "MOZ_OFFICIAL_BRANDING": false,
            "MOZ_PLACES": false,
            "MOZ_REQUIRE_SIGNING": false,
            "MOZ_SANDBOX": false,
            "MOZ_SERVICES_HEALTHREPORT": true,
            "MOZ_SERVICES_SYNC": false,
            "MOZ_SWITCHBOARD": true,
            "MOZ_SYSTEM_NSS": false,
            "MOZ_TELEMETRY_ON_BY_DEFAULT": false,
            "MOZ_TELEMETRY_REPORTING": true,
            "MOZ_UNSIGNED_SCOPES": 0,
            "MOZ_UPDATER": false,
            "MOZ_UPDATE_CHANNEL": "release",
            "MOZ_WEBRTC": true,
            "MOZ_WIDGET_GTK": false,
            "MOZ_WIDGET_TOOLKIT": "android",
            "NIGHTLY_BUILD": false,
            "OMNIJAR_NAME": "assets/omni.ja",
            "RELEASE_OR_BETA": true,
            "SOURCE_REVISION_URL": "https://hg.mozilla.org/releases/mozilla-esr68/rev/d2e0b9e17b9bc1ef02606c8006b73293f7892ad5",
            "TELEMETRY_PING_FORMAT_VERSION": 4,
            "XP_UNIX": true,
            "isPlatformAndVersionAtLeast": {},
            "isPlatformAndVersionAtMost": {},
            "platform": "android"
          },
          "userAgent": "Mozilla/5.0 (Android 8.1.0; Mobile; rv:68.0) Gecko/68.0 Firefox/68.0",
          "windowSize": "360x560"
        },
        "pageinfo": {
          "documentHeight": 560,
          "documentSize": {
            "decodedBodySize": 3754,
            "encodedBodySize": 1941,
            "transferSize": 3148
          },
          "documentTitle": "天猫TMALL",
          "documentWidth": 360,
          "domElements": 978,
          "navigationStartTime": 1617048338076,
          "nextHopProtocol": "h2",
          "resources": {
            "count": 0,
            "duration": 0
          },
          "responsive": true,
          "url": "https://www.tmall.com/",
          "visualElements": {
            "heroes": [
              {
                "filename": "O1CN01lHvTY51X38BhXRVVF_!!6000000002867-2-tps-750-386.png_790x10000.jpg",
                "height": 173,
                "name": "LargestImage",
                "width": 360,
                "x": 0,
                "y": 162
              }
            ],
            "viewport": {
              "height": 560,
              "width": 360
            }
          }
        },
        "timings": {
          "firstPaint": 1108,
          "loadEventEnd": 11390,
          "navigationTiming": {
            "connectStart": 50,
            "domComplete": 11382,
            "domContentLoadedEventEnd": 2292,
            "domContentLoadedEventStart": 2282,
            "domInteractive": 2242,
            "domainLookupEnd": 50,
            "domainLookupStart": 49,
            "duration": 11390,
            "fetchStart": 3,
            "loadEventEnd": 11390,
            "loadEventStart": 11382,
            "redirectEnd": 0,
            "redirectStart": 0,
            "requestStart": 911,
            "responseEnd": 943,
            "responseStart": 942,
            "secureConnectionStart": 69,
            "startTime": 0,
            "unloadEventEnd": 0,
            "unloadEventStart": 0,
            "workerStart": 0
          },
          "pageTimings": {
            "backEndTime": 942,
            "domContentLoadedTime": 2282,
            "domInteractiveTime": 2242,
            "domainLookupTime": 0,
            "frontEndTime": 10438,
            "pageDownloadTime": 2,
            "pageLoadTime": 11382,
            "redirectionTime": 0,
            "serverConnectionTime": 859,
            "serverResponseTime": 33
          },
          "rumSpeedIndex": 941,
          "timeToContentfulPaint": 2277,
          "timeToDomContentFlushed": 2254,
          "timeToFirstInteractive": 12169,
          "userTimings": {
            "marks": [],
            "measures": []
          }
        }
      },
      {
        "browser": {
          "appConstants": {
            "ACCESSIBILITY": true,
            "ANDROID_PACKAGE_NAME": "org.mozilla.firefox",
            "ASAN": false,
            "ASAN_REPORTER": false,
            "BROWSER_CHROME_URL": "chrome://browser/content/browser.xul",
            "DEBUG": false,
            "DEBUG_JS_MODULES": "",
            "DLL_PREFIX": "lib",
            "DLL_SUFFIX": ".so",
            "EARLY_BETA_OR_EARLIER": false,
            "FENNEC_NIGHTLY": false,
            "HAVE_SHELL_SERVICE": false,
            "HAVE_USR_LIB64_DIR": false,
            "MENUBAR_CAN_AUTOHIDE": false,
            "MOZILLA_OFFICIAL": true,
            "MOZ_ALLOW_LEGACY_EXTENSIONS": false,
            "MOZ_ANDROID_ACTIVITY_STREAM": false,
            "MOZ_ANDROID_HISTORY": true,
            "MOZ_ANDROID_MOZILLA_ONLINE": false,
            "MOZ_APP_NAME": "fennec",
            "MOZ_APP_VERSION": "68.1.1",
            "MOZ_APP_VERSION_DISPLAY": "68.1.1",
            "MOZ_BING_API_CLIENTID": "no-bing-api-clientid",
            "MOZ_BING_API_KEY": "no-bing-api-key",
            "MOZ_BITS_DOWNLOAD": false,
            "MOZ_BUILD_APP": "mobile/android",
            "MOZ_CODE_COVERAGE": false,
            "MOZ_CRASHREPORTER": true,
            "MOZ_DATA_REPORTING": true,
            "MOZ_DEV_EDITION": false,
            "MOZ_GECKO_PROFILER": true,
            "MOZ_GOOGLE_LOCATION_SERVICE_API_KEY": "AIzaSyB2h2OuRcUgy5N-5hsZqiPW6sH3n_rptiQ",
            "MOZ_GOOGLE_SAFEBROWSING_API_KEY": "AIzaSyC7jsptDS3am4tPx4r3nxis7IMjBc5Dovo",
            "MOZ_GRAPHENE": false,
            "MOZ_MACBUNDLE_NAME": "Firefox.app",
            "MOZ_MAINTENANCE_SERVICE": false,
            "MOZ_MOZILLA_API_KEY": "3b4d27dd-703d-4094-8398-4de2c763505a",
            "MOZ_NEW_CERT_STORAGE": false,
            "MOZ_NEW_NOTIFICATION_STORE": false,
            "MOZ_NEW_XULSTORE": false,
            "MOZ_OFFICIAL_BRANDING": false,
            "MOZ_PLACES": false,
            "MOZ_REQUIRE_SIGNING": false,
            "MOZ_SANDBOX": false,
            "MOZ_SERVICES_HEALTHREPORT": true,
            "MOZ_SERVICES_SYNC": false,
            "MOZ_SWITCHBOARD": true,
            "MOZ_SYSTEM_NSS": false,
            "MOZ_TELEMETRY_ON_BY_DEFAULT": false,
            "MOZ_TELEMETRY_REPORTING": true,
            "MOZ_UNSIGNED_SCOPES": 0,
            "MOZ_UPDATER": false,
            "MOZ_UPDATE_CHANNEL": "release",
            "MOZ_WEBRTC": true,
            "MOZ_WIDGET_GTK": false,
            "MOZ_WIDGET_TOOLKIT": "android",
            "NIGHTLY_BUILD": false,
            "OMNIJAR_NAME": "assets/omni.ja",
            "RELEASE_OR_BETA": true,
            "SOURCE_REVISION_URL": "https://hg.mozilla.org/releases/mozilla-esr68/rev/d2e0b9e17b9bc1ef02606c8006b73293f7892ad5",
            "TELEMETRY_PING_FORMAT_VERSION": 4,
            "XP_UNIX": true,
            "isPlatformAndVersionAtLeast": {},
            "isPlatformAndVersionAtMost": {},
            "platform": "android"
          },
          "asyncAppConstants": {
            "ACCESSIBILITY": true,
            "ANDROID_PACKAGE_NAME": "org.mozilla.firefox",
            "ASAN": false,
            "ASAN_REPORTER": false,
            "BROWSER_CHROME_URL": "chrome://browser/content/browser.xul",
            "DEBUG": false,
            "DEBUG_JS_MODULES": "",
            "DLL_PREFIX": "lib",
            "DLL_SUFFIX": ".so",
            "EARLY_BETA_OR_EARLIER": false,
            "FENNEC_NIGHTLY": false,
            "HAVE_SHELL_SERVICE": false,
            "HAVE_USR_LIB64_DIR": false,
            "MENUBAR_CAN_AUTOHIDE": false,
            "MOZILLA_OFFICIAL": true,
            "MOZ_ALLOW_LEGACY_EXTENSIONS": false,
            "MOZ_ANDROID_ACTIVITY_STREAM": false,
            "MOZ_ANDROID_HISTORY": true,
            "MOZ_ANDROID_MOZILLA_ONLINE": false,
            "MOZ_APP_NAME": "fennec",
            "MOZ_APP_VERSION": "68.1.1",
            "MOZ_APP_VERSION_DISPLAY": "68.1.1",
            "MOZ_BING_API_CLIENTID": "no-bing-api-clientid",
            "MOZ_BING_API_KEY": "no-bing-api-key",
            "MOZ_BITS_DOWNLOAD": false,
            "MOZ_BUILD_APP": "mobile/android",
            "MOZ_CODE_COVERAGE": false,
            "MOZ_CRASHREPORTER": true,
            "MOZ_DATA_REPORTING": true,
            "MOZ_DEV_EDITION": false,
            "MOZ_GECKO_PROFILER": true,
            "MOZ_GOOGLE_LOCATION_SERVICE_API_KEY": "AIzaSyB2h2OuRcUgy5N-5hsZqiPW6sH3n_rptiQ",
            "MOZ_GOOGLE_SAFEBROWSING_API_KEY": "AIzaSyC7jsptDS3am4tPx4r3nxis7IMjBc5Dovo",
            "MOZ_GRAPHENE": false,
            "MOZ_MACBUNDLE_NAME": "Firefox.app",
            "MOZ_MAINTENANCE_SERVICE": false,
            "MOZ_MOZILLA_API_KEY": "3b4d27dd-703d-4094-8398-4de2c763505a",
            "MOZ_NEW_CERT_STORAGE": false,
            "MOZ_NEW_NOTIFICATION_STORE": false,
            "MOZ_NEW_XULSTORE": false,
            "MOZ_OFFICIAL_BRANDING": false,
            "MOZ_PLACES": false,
            "MOZ_REQUIRE_SIGNING": false,
            "MOZ_SANDBOX": false,
            "MOZ_SERVICES_HEALTHREPORT": true,
            "MOZ_SERVICES_SYNC": false,
            "MOZ_SWITCHBOARD": true,
            "MOZ_SYSTEM_NSS": false,
            "MOZ_TELEMETRY_ON_BY_DEFAULT": false,
            "MOZ_TELEMETRY_REPORTING": true,
            "MOZ_UNSIGNED_SCOPES": 0,
            "MOZ_UPDATER": false,
            "MOZ_UPDATE_CHANNEL": "release",
            "MOZ_WEBRTC": true,
            "MOZ_WIDGET_GTK": false,
            "MOZ_WIDGET_TOOLKIT": "android",
            "NIGHTLY_BUILD": false,
            "OMNIJAR_NAME": "assets/omni.ja",
            "RELEASE_OR_BETA": true,
            "SOURCE_REVISION_URL": "https://hg.mozilla.org/releases/mozilla-esr68/rev/d2e0b9e17b9bc1ef02606c8006b73293f7892ad5",
            "TELEMETRY_PING_FORMAT_VERSION": 4,
            "XP_UNIX": true,
            "isPlatformAndVersionAtLeast": {},
            "isPlatformAndVersionAtMost": {},
            "platform": "android"
          },
          "userAgent": "Mozilla/5.0 (Android 8.1.0; Mobile; rv:68.0) Gecko/68.0 Firefox/68.0",
          "windowSize": "360x560"
        },
        "pageinfo": {
          "documentHeight": 560,
          "documentSize": {
            "decodedBodySize": 3754,
            "encodedBodySize": 1918,
            "transferSize": 3125
          },
          "documentTitle": "天猫TMALL",
          "documentWidth": 360,
          "domElements": 978,
          "navigationStartTime": 1617048367060,
          "nextHopProtocol": "h2",
          "resources": {
            "count": 0,
            "duration": 0
          },
          "responsive": true,
          "url": "https://www.tmall.com/",
          "visualElements": {
            "heroes": [
              {
                "filename": "O1CN01lHvTY51X38BhXRVVF_!!6000000002867-2-tps-750-386.png_790x10000.jpg",
                "height": 173,
                "name": "LargestImage",
                "width": 360,
                "x": 0,
                "y": 162
              }
            ],
            "viewport": {
              "height": 560,
              "width": 360
            }
          }
        },
        "timings": {
          "firstPaint": 1088,
          "loadEventEnd": 11472,
          "navigationTiming": {
            "connectStart": 42,
            "domComplete": 11456,
            "domContentLoadedEventEnd": 2341,
            "domContentLoadedEventStart": 2331,
            "domInteractive": 2277,
            "domainLookupEnd": 42,
            "domainLookupStart": 41,
            "duration": 11472,
            "fetchStart": 3,
            "loadEventEnd": 11472,
            "loadEventStart": 11456,
            "redirectEnd": 0,
            "redirectStart": 0,
            "requestStart": 942,
            "responseEnd": 971,
            "responseStart": 970,
            "secureConnectionStart": 60,
            "startTime": 0,
            "unloadEventEnd": 0,
            "unloadEventStart": 0,
            "workerStart": 0
          },
          "pageTimings": {
            "backEndTime": 970,
            "domContentLoadedTime": 2331,
            "domInteractiveTime": 2277,
            "domainLookupTime": 0,
            "frontEndTime": 10485,
            "pageDownloadTime": 1,
            "pageLoadTime": 11456,
            "redirectionTime": 0,
            "serverConnectionTime": 899,
            "serverResponseTime": 30
          },
          "rumSpeedIndex": 970,
          "timeToContentfulPaint": 2327,
          "timeToDomContentFlushed": 2288,
          "userTimings": {
            "marks": [],
            "measures": []
          }
        }
      }
    ],
    "visualMetrics": [],
    "cpu": [],
    "extras": [
      {},
      {},
      {}
    ],
    "fullyLoaded": [],
    "errors": [
      [],
      [],
      []
    ],
    "statistics": {
      "browser": {
        "appConstants": {
          "MOZ_UNSIGNED_SCOPES": {
            "median": 0,
            "mean": 0,
            "mdev": 0,
            "stddev": 0,
            "min": 0,
            "p10": 0,
            "p90": 0,
            "p99": 0,
            "max": 0
          },
          "TELEMETRY_PING_FORMAT_VERSION": {
            "median": 4,
            "mean": 4,
            "mdev": 0,
            "stddev": 0,
            "min": 4,
            "p10": 4,
            "p90": 4,
            "p99": 4,
            "max": 4
          }
        },
        "asyncAppConstants": {
          "MOZ_UNSIGNED_SCOPES": {
            "median": 0,
            "mean": 0,
            "mdev": 0,
            "stddev": 0,
            "min": 0,
            "p10": 0,
            "p90": 0,
            "p99": 0,
            "max": 0
          },
          "TELEMETRY_PING_FORMAT_VERSION": {
            "median": 4,
            "mean": 4,
            "mdev": 0,
            "stddev": 0,
            "min": 4,
            "p10": 4,
            "p90": 4,
            "p99": 4,
            "max": 4
          }
        }
      },
      "pageinfo": {
        "documentHeight": {
          "median": 560,
          "mean": 560,
          "mdev": 0,
          "stddev": 0,
          "min": 560,
          "p10": 560,
          "p90": 560,
          "p99": 560,
          "max": 560
        },
        "documentSize": {
          "decodedBodySize": {
            "median": 3754,
            "mean": 3754,
            "mdev": 0,
            "stddev": 0,
            "min": 3754,
            "p10": 3754,
            "p90": 3754,
            "p99": 3754,
            "max": 3754
          },
          "encodedBodySize": {
            "median": 1940,
            "mean": 1933,
            "mdev": 6.1283,
            "stddev": 11,
            "min": 1918,
            "p10": 1918,
            "p90": 1941,
            "p99": 1941,
            "max": 1941
          },
          "transferSize": {
            "median": 3147,
            "mean": 3140,
            "mdev": 6.1283,
            "stddev": 11,
            "min": 3125,
            "p10": 3125,
            "p90": 3148,
            "p99": 3148,
            "max": 3148
          }
        },
        "documentWidth": {
          "median": 360,
          "mean": 360,
          "mdev": 0,
          "stddev": 0,
          "min": 360,
          "p10": 360,
          "p90": 360,
          "p99": 360,
          "max": 360
        },
        "domElements": {
          "median": 978,
          "mean": 978,
          "mdev": 0,
          "stddev": 0,
          "min": 978,
          "p10": 978,
          "p90": 978,
          "p99": 978,
          "max": 978
        },
        "navigationStartTime": {
          "median": 1617048338076,
          "mean": 1617048336965,
          "mdev": 12612.4091,
          "stddev": 21845,
          "min": 1617048305760,
          "p10": 1617048305760,
          "p90": 1617048367060,
          "p99": 1617048367060,
          "max": 1617048367060
        },
        "resources": {
          "count": {
            "median": 0,
            "mean": 0,
            "mdev": 0,
            "stddev": 0,
            "min": 0,
            "p10": 0,
            "p90": 0,
            "p99": 0,
            "max": 0
          },
          "duration": {
            "median": 0,
            "mean": 0,
            "mdev": 0,
            "stddev": 0,
            "min": 0,
            "p10": 0,
            "p90": 0,
            "p99": 0,
            "max": 0
          }
        },
        "visualElements": {
          "heroes": [
            {
              "height": {
                "median": 173,
                "mean": 173,
                "mdev": 0,
                "stddev": 0,
                "min": 173,
                "p10": 173,
                "p90": 173,
                "p99": 173,
                "max": 173
              },
              "width": {
                "median": 360,
                "mean": 360,
                "mdev": 0,
                "stddev": 0,
                "min": 360,
                "p10": 360,
                "p90": 360,
                "p99": 360,
                "max": 360
              },
              "x": {
                "median": 0,
                "mean": 0,
                "mdev": 0,
                "stddev": 0,
                "min": 0,
                "p10": 0,
                "p90": 0,
                "p99": 0,
                "max": 0
              },
              "y": {
                "median": 162,
                "mean": 162,
                "mdev": 0,
                "stddev": 0,
                "min": 162,
                "p10": 162,
                "p90": 162,
                "p99": 162,
                "max": 162
              }
            }
          ],
          "viewport": {
            "height": {
              "median": 560,
              "mean": 560,
              "mdev": 0,
              "stddev": 0,
              "min": 560,
              "p10": 560,
              "p90": 560,
              "p99": 560,
              "max": 560
            },
            "width": {
              "median": 360,
              "mean": 360,
              "mdev": 0,
              "stddev": 0,
              "min": 360,
              "p10": 360,
              "p90": 360,
              "p99": 360,
              "max": 360
            }
          }
        }
      },
      "timings": {
        "firstPaint": {
          "median": 1108,
          "mean": 1166,
          "mdev": 55.4503,
          "stddev": 96,
          "min": 1088,
          "p10": 1088,
          "p90": 1301,
          "p99": 1301,
          "max": 1301
        },
        "loadEventEnd": {
          "median": 11472,
          "mean": 12058,
          "mdev": 512.3081,
          "stddev": 887,
          "min": 11390,
          "p10": 11390,
          "p90": 13312,
          "p99": 13312,
          "max": 13312
        },
        "navigationTiming": {
          "connectStart": {
            "median": 42,
            "mean": 45,
            "mdev": 2.1773,
            "stddev": 4,
            "min": 42,
            "p10": 42,
            "p90": 50,
            "p99": 50,
            "max": 50
          },
          "domComplete": {
            "median": 11456,
            "mean": 12048,
            "mdev": 513.6004,
            "stddev": 890,
            "min": 11382,
            "p10": 11382,
            "p90": 13305,
            "p99": 13305,
            "max": 13305
          },
          "domContentLoadedEventEnd": {
            "median": 2332,
            "mean": 2322,
            "mdev": 12.2957,
            "stddev": 21,
            "min": 2292,
            "p10": 2292,
            "p90": 2341,
            "p99": 2341,
            "max": 2341
          },
          "domContentLoadedEventStart": {
            "median": 2325,
            "mean": 2313,
            "mdev": 12.5992,
            "stddev": 22,
            "min": 2282,
            "p10": 2282,
            "p90": 2331,
            "p99": 2331,
            "max": 2331
          },
          "domInteractive": {
            "median": 2242,
            "mean": 2170,
            "mdev": 73.8111,
            "stddev": 128,
            "min": 1990,
            "p10": 1990,
            "p90": 2277,
            "p99": 2277,
            "max": 2277
          },
          "domainLookupEnd": {
            "median": 42,
            "mean": 45,
            "mdev": 2.1773,
            "stddev": 4,
            "min": 42,
            "p10": 42,
            "p90": 50,
            "p99": 50,
            "max": 50
          },
          "domainLookupStart": {
            "median": 41,
            "mean": 44,
            "mdev": 2.1773,
            "stddev": 4,
            "min": 41,
            "p10": 41,
            "p90": 49,
            "p99": 49,
            "max": 49
          },
          "duration": {
            "median": 11472,
            "mean": 12058,
            "mdev": 512.3081,
            "stddev": 887,
            "min": 11390,
            "p10": 11390,
            "p90": 13312,
            "p99": 13312,
            "max": 13312
          },
          "fetchStart": {
            "median": 3,
            "mean": 3,
            "mdev": 0,
            "stddev": 0,
            "min": 3,
            "p10": 3,
            "p90": 3,
            "p99": 3,
            "max": 3
          },
          "loadEventEnd": {
            "median": 11472,
            "mean": 12058,
            "mdev": 512.3081,
            "stddev": 887,
            "min": 11390,
            "p10": 11390,
            "p90": 13312,
            "p99": 13312,
            "max": 13312
          },
          "loadEventStart": {
            "median": 11456,
            "mean": 12048,
            "mdev": 513.6004,
            "stddev": 890,
            "min": 11382,
            "p10": 11382,
            "p90": 13305,
            "p99": 13305,
            "max": 13305
          },
          "redirectEnd": {
            "median": 0,
            "mean": 0,
            "mdev": 0,
            "stddev": 0,
            "min": 0,
            "p10": 0,
            "p90": 0,
            "p99": 0,
            "max": 0
          },
          "redirectStart": {
            "median": 0,
            "mean": 0,
            "mdev": 0,
            "stddev": 0,
            "min": 0,
            "p10": 0,
            "p90": 0,
            "p99": 0,
            "max": 0
          },
          "requestStart": {
            "median": 942,
            "mean": 1005,
            "mdev": 64.2397,
            "stddev": 111,
            "min": 911,
            "p10": 911,
            "p90": 1161,
            "p99": 1161,
            "max": 1161
          },
          "responseEnd": {
            "median": 971,
            "mean": 1035,
            "mdev": 63.7571,
            "stddev": 110,
            "min": 943,
            "p10": 943,
            "p90": 1190,
            "p99": 1190,
            "max": 1190
          },
          "responseStart": {
            "median": 970,
            "mean": 1034,
            "mdev": 63.7571,
            "stddev": 110,
            "min": 942,
            "p10": 942,
            "p90": 1189,
            "p99": 1189,
            "max": 1189
          },
          "secureConnectionStart": {
            "median": 60,
            "mean": 63,
            "mdev": 2.5963,
            "stddev": 4,
            "min": 59,
            "p10": 59,
            "p90": 69,
            "p99": 69,
            "max": 69
          },
          "startTime": {
            "median": 0,
            "mean": 0,
            "mdev": 0,
            "stddev": 0,
            "min": 0,
            "p10": 0,
            "p90": 0,
            "p99": 0,
            "max": 0
          },
          "unloadEventEnd": {
            "median": 0,
            "mean": 0,
            "mdev": 0,
            "stddev": 0,
            "min": 0,
            "p10": 0,
            "p90": 0,
            "p99": 0,
            "max": 0
          },
          "unloadEventStart": {
            "median": 0,
            "mean": 0,
            "mdev": 0,
            "stddev": 0,
            "min": 0,
            "p10": 0,
            "p90": 0,
            "p99": 0,
            "max": 0
          },
          "workerStart": {
            "median": 0,
            "mean": 0,
            "mdev": 0,
            "stddev": 0,
            "min": 0,
            "p10": 0,
            "p90": 0,
            "p99": 0,
            "max": 0
          }
        },
        "pageTimings": {
          "backEndTime": {
            "median": 970,
            "mean": 1034,
            "mdev": 63.7571,
            "stddev": 110,
            "min": 942,
            "p10": 942,
            "p90": 1189,
            "p99": 1189,
            "max": 1189
          },
          "domContentLoadedTime": {
            "median": 2325,
            "mean": 2313,
            "mdev": 12.5992,
            "stddev": 22,
            "min": 2282,
            "p10": 2282,
            "p90": 2331,
            "p99": 2331,
            "max": 2331
          },
          "domInteractiveTime": {
            "median": 2242,
            "mean": 2170,
            "mdev": 73.8111,
            "stddev": 128,
            "min": 1990,
            "p10": 1990,
            "p90": 2277,
            "p99": 2277,
            "max": 2277
          },
          "domainLookupTime": {
            "median": 0,
            "mean": 0,
            "mdev": 0,
            "stddev": 0,
            "min": 0,
            "p10": 0,
            "p90": 0,
            "p99": 0,
            "max": 0
          },
          "frontEndTime": {
            "median": 10485,
            "mean": 11012,
            "mdev": 449.8899,
            "stddev": 779,
            "min": 10438,
            "p10": 10438,
            "p90": 12114,
            "p99": 12114,
            "max": 12114
          },
          "pageDownloadTime": {
            "median": 1,
            "mean": 1,
            "mdev": 0.2722,
            "stddev": 0,
            "min": 1,
            "p10": 1,
            "p90": 2,
            "p99": 2,
            "max": 2
          },
          "pageLoadTime": {
            "median": 11456,
            "mean": 12048,
            "mdev": 513.6004,
            "stddev": 890,
            "min": 11382,
            "p10": 11382,
            "p90": 13305,
            "p99": 13305,
            "max": 13305
          },
          "redirectionTime": {
            "median": 0,
            "mean": 0,
            "mdev": 0,
            "stddev": 0,
            "min": 0,
            "p10": 0,
            "p90": 0,
            "p99": 0,
            "max": 0
          },
          "serverConnectionTime": {
            "median": 899,
            "mean": 958,
            "mdev": 65.4579,
            "stddev": 113,
            "min": 859,
            "p10": 859,
            "p90": 1117,
            "p99": 1117,
            "max": 1117
          },
          "serverResponseTime": {
            "median": 30,
            "mean": 31,
            "mdev": 0.8165,
            "stddev": 1,
            "min": 30,
            "p10": 30,
            "p90": 33,
            "p99": 33,
            "max": 33
          }
        },
        "rumSpeedIndex": {
          "median": 970,
          "mean": 1033,
          "mdev": 63.9172,
          "stddev": 111,
          "min": 941,
          "p10": 941,
          "p90": 1189,
          "p99": 1189,
          "max": 1189
        },
        "timeToContentfulPaint": {
          "median": 2327,
          "mean": 2314,
          "mdev": 15.3261,
          "stddev": 27,
          "min": 2277,
          "p10": 2277,
          "p90": 2338,
          "p99": 2338,
          "max": 2338
        },
        "timeToDomContentFlushed": {
          "median": 2288,
          "mean": 2278,
          "mdev": 10.0037,
          "stddev": 17,
          "min": 2254,
          "p10": 2254,
          "p90": 2293,
          "p99": 2293,
          "max": 2293
        },
        "timeToFirstInteractive": {
          "median": 13139,
          "mean": 13139,
          "mdev": 685.54,
          "stddev": 970,
          "min": 12169,
          "p10": 12169,
          "p90": 14108,
          "p99": 14108,
          "max": 14108
        }
      }
    }
  }
]