[
  {
    "info": {
      "browsertime": {
        "version": "8.4.0"
      },
      "url": "https://www.netflix.com/ae-en/",
      "timestamp": "2021-03-30T15:53:22+04:00",
      "connectivity": {
        "engine": "external",
        "profile": "native"
      },
      "extra": {}
    },
    "files": {
      "video": [],
      "screenshot": [],
      "timeline": [],
      "consoleLog": [],
      "netLog": [],
      "perfLog": []
    },
    "cdp": {
      "performance": []
    },
    "timestamps": [
      "2021-03-30T15:53:08+04:00",
      "2021-03-30T15:53:28+04:00",
      "2021-03-30T15:53:49+04:00"
    ],
    "browserScripts": [
      {
        "browser": {
          "appConstants": {
            "ACCESSIBILITY": true,
            "ANDROID_PACKAGE_NAME": "org.mozilla.firefox",
            "ASAN": false,
            "ASAN_REPORTER": false,
            "BROWSER_CHROME_URL": "chrome://browser/content/browser.xul",
            "DEBUG": false,
            "DEBUG_JS_MODULES": "",
            "DLL_PREFIX": "lib",
            "DLL_SUFFIX": ".so",
            "EARLY_BETA_OR_EARLIER": false,
            "FENNEC_NIGHTLY": false,
            "HAVE_SHELL_SERVICE": false,
            "HAVE_USR_LIB64_DIR": false,
            "MENUBAR_CAN_AUTOHIDE": false,
            "MOZILLA_OFFICIAL": true,
            "MOZ_ALLOW_LEGACY_EXTENSIONS": false,
            "MOZ_ANDROID_ACTIVITY_STREAM": false,
            "MOZ_ANDROID_HISTORY": true,
            "MOZ_ANDROID_MOZILLA_ONLINE": false,
            "MOZ_APP_NAME": "fennec",
            "MOZ_APP_VERSION": "68.1.1",
            "MOZ_APP_VERSION_DISPLAY": "68.1.1",
            "MOZ_BING_API_CLIENTID": "no-bing-api-clientid",
            "MOZ_BING_API_KEY": "no-bing-api-key",
            "MOZ_BITS_DOWNLOAD": false,
            "MOZ_BUILD_APP": "mobile/android",
            "MOZ_CODE_COVERAGE": false,
            "MOZ_CRASHREPORTER": true,
            "MOZ_DATA_REPORTING": true,
            "MOZ_DEV_EDITION": false,
            "MOZ_GECKO_PROFILER": true,
            "MOZ_GOOGLE_LOCATION_SERVICE_API_KEY": "AIzaSyB2h2OuRcUgy5N-5hsZqiPW6sH3n_rptiQ",
            "MOZ_GOOGLE_SAFEBROWSING_API_KEY": "AIzaSyC7jsptDS3am4tPx4r3nxis7IMjBc5Dovo",
            "MOZ_GRAPHENE": false,
            "MOZ_MACBUNDLE_NAME": "Firefox.app",
            "MOZ_MAINTENANCE_SERVICE": false,
            "MOZ_MOZILLA_API_KEY": "3b4d27dd-703d-4094-8398-4de2c763505a",
            "MOZ_NEW_CERT_STORAGE": false,
            "MOZ_NEW_NOTIFICATION_STORE": false,
            "MOZ_NEW_XULSTORE": false,
            "MOZ_OFFICIAL_BRANDING": false,
            "MOZ_PLACES": false,
            "MOZ_REQUIRE_SIGNING": false,
            "MOZ_SANDBOX": false,
            "MOZ_SERVICES_HEALTHREPORT": true,
            "MOZ_SERVICES_SYNC": false,
            "MOZ_SWITCHBOARD": true,
            "MOZ_SYSTEM_NSS": false,
            "MOZ_TELEMETRY_ON_BY_DEFAULT": false,
            "MOZ_TELEMETRY_REPORTING": true,
            "MOZ_UNSIGNED_SCOPES": 0,
            "MOZ_UPDATER": false,
            "MOZ_UPDATE_CHANNEL": "release",
            "MOZ_WEBRTC": true,
            "MOZ_WIDGET_GTK": false,
            "MOZ_WIDGET_TOOLKIT": "android",
            "NIGHTLY_BUILD": false,
            "OMNIJAR_NAME": "assets/omni.ja",
            "RELEASE_OR_BETA": true,
            "SOURCE_REVISION_URL": "https://hg.mozilla.org/releases/mozilla-esr68/rev/d2e0b9e17b9bc1ef02606c8006b73293f7892ad5",
            "TELEMETRY_PING_FORMAT_VERSION": 4,
            "XP_UNIX": true,
            "isPlatformAndVersionAtLeast": {},
            "isPlatformAndVersionAtMost": {},
            "platform": "android"
          },
          "asyncAppConstants": {
            "ACCESSIBILITY": true,
            "ANDROID_PACKAGE_NAME": "org.mozilla.firefox",
            "ASAN": false,
            "ASAN_REPORTER": false,
            "BROWSER_CHROME_URL": "chrome://browser/content/browser.xul",
            "DEBUG": false,
            "DEBUG_JS_MODULES": "",
            "DLL_PREFIX": "lib",
            "DLL_SUFFIX": ".so",
            "EARLY_BETA_OR_EARLIER": false,
            "FENNEC_NIGHTLY": false,
            "HAVE_SHELL_SERVICE": false,
            "HAVE_USR_LIB64_DIR": false,
            "MENUBAR_CAN_AUTOHIDE": false,
            "MOZILLA_OFFICIAL": true,
            "MOZ_ALLOW_LEGACY_EXTENSIONS": false,
            "MOZ_ANDROID_ACTIVITY_STREAM": false,
            "MOZ_ANDROID_HISTORY": true,
            "MOZ_ANDROID_MOZILLA_ONLINE": false,
            "MOZ_APP_NAME": "fennec",
            "MOZ_APP_VERSION": "68.1.1",
            "MOZ_APP_VERSION_DISPLAY": "68.1.1",
            "MOZ_BING_API_CLIENTID": "no-bing-api-clientid",
            "MOZ_BING_API_KEY": "no-bing-api-key",
            "MOZ_BITS_DOWNLOAD": false,
            "MOZ_BUILD_APP": "mobile/android",
            "MOZ_CODE_COVERAGE": false,
            "MOZ_CRASHREPORTER": true,
            "MOZ_DATA_REPORTING": true,
            "MOZ_DEV_EDITION": false,
            "MOZ_GECKO_PROFILER": true,
            "MOZ_GOOGLE_LOCATION_SERVICE_API_KEY": "AIzaSyB2h2OuRcUgy5N-5hsZqiPW6sH3n_rptiQ",
            "MOZ_GOOGLE_SAFEBROWSING_API_KEY": "AIzaSyC7jsptDS3am4tPx4r3nxis7IMjBc5Dovo",
            "MOZ_GRAPHENE": false,
            "MOZ_MACBUNDLE_NAME": "Firefox.app",
            "MOZ_MAINTENANCE_SERVICE": false,
            "MOZ_MOZILLA_API_KEY": "3b4d27dd-703d-4094-8398-4de2c763505a",
            "MOZ_NEW_CERT_STORAGE": false,
            "MOZ_NEW_NOTIFICATION_STORE": false,
            "MOZ_NEW_XULSTORE": false,
            "MOZ_OFFICIAL_BRANDING": false,
            "MOZ_PLACES": false,
            "MOZ_REQUIRE_SIGNING": false,
            "MOZ_SANDBOX": false,
            "MOZ_SERVICES_HEALTHREPORT": true,
            "MOZ_SERVICES_SYNC": false,
            "MOZ_SWITCHBOARD": true,
            "MOZ_SYSTEM_NSS": false,
            "MOZ_TELEMETRY_ON_BY_DEFAULT": false,
            "MOZ_TELEMETRY_REPORTING": true,
            "MOZ_UNSIGNED_SCOPES": 0,
            "MOZ_UPDATER": false,
            "MOZ_UPDATE_CHANNEL": "release",
            "MOZ_WEBRTC": true,
            "MOZ_WIDGET_GTK": false,
            "MOZ_WIDGET_TOOLKIT": "android",
            "NIGHTLY_BUILD": false,
            "OMNIJAR_NAME": "assets/omni.ja",
            "RELEASE_OR_BETA": true,
            "SOURCE_REVISION_URL": "https://hg.mozilla.org/releases/mozilla-esr68/rev/d2e0b9e17b9bc1ef02606c8006b73293f7892ad5",
            "TELEMETRY_PING_FORMAT_VERSION": 4,
            "XP_UNIX": true,
            "isPlatformAndVersionAtLeast": {},
            "isPlatformAndVersionAtMost": {},
            "platform": "android"
          },
          "userAgent": "Mozilla/5.0 (Android 9; Mobile; rv:68.0) Gecko/68.0 Firefox/68.0",
          "windowSize": "360x612"
        },
        "pageinfo": {
          "documentHeight": 3208,
          "documentSize": {
            "decodedBodySize": 383156,
            "encodedBodySize": 60779,
            "transferSize": 62950
          },
          "documentTitle": "Netflix United Arab Emirates - Watch TV Shows Online, Watch Movies Online",
          "documentWidth": 360,
          "domElements": 516,
          "navigationStartTime": 1617105188651,
          "nextHopProtocol": "h2",
          "resources": {
            "count": 0,
            "duration": 0
          },
          "responsive": true,
          "url": "https://www.netflix.com/ae-en/",
          "visualElements": {
            "heroes": [
              {
                "filename": "AE-en-20210322-popsignuptwoweeks-perspective_alpha_website_small.jpg",
                "height": 542,
                "name": "LargestImage",
                "width": 360,
                "x": 0,
                "y": -5
              },
              {
                "filename": null,
                "height": 62,
                "name": "Heading",
                "width": 324,
                "x": 18,
                "y": 130
              }
            ],
            "viewport": {
              "height": 612,
              "width": 360
            }
          }
        },
        "timings": {
          "firstPaint": 2619,
          "loadEventEnd": 7572,
          "navigationTiming": {
            "connectStart": 104,
            "domComplete": 7572,
            "domContentLoadedEventEnd": 5413,
            "domContentLoadedEventStart": 5375,
            "domInteractive": 5354,
            "domainLookupEnd": 104,
            "domainLookupStart": 104,
            "duration": 7572,
            "fetchStart": 3,
            "loadEventEnd": 7572,
            "loadEventStart": 7572,
            "redirectEnd": 0,
            "redirectStart": 0,
            "requestStart": 770,
            "responseEnd": 1466,
            "responseStart": 1466,
            "secureConnectionStart": 400,
            "startTime": 0,
            "unloadEventEnd": 0,
            "unloadEventStart": 0,
            "workerStart": 0
          },
          "pageTimings": {
            "backEndTime": 1466,
            "domContentLoadedTime": 5375,
            "domInteractiveTime": 5354,
            "domainLookupTime": 0,
            "frontEndTime": 6105,
            "pageDownloadTime": 0,
            "pageLoadTime": 7572,
            "redirectionTime": 0,
            "serverConnectionTime": 664,
            "serverResponseTime": 697
          },
          "rumSpeedIndex": 1466,
          "timeToContentfulPaint": 2794,
          "timeToDomContentFlushed": 5369,
          "timeToFirstInteractive": 7925,
          "userTimings": {
            "marks": [
              {
                "name": "renderSession-/ae-en/-start",
                "startTime": 5019.5
              },
              {
                "name": "reactStart",
                "startTime": 5021.96
              },
              {
                "name": "1-nmLanding-start",
                "startTime": 5260.04
              },
              {
                "name": "1-nmLanding-end",
                "startTime": 5260.26
              },
              {
                "name": "renderSession-/ae-en/-end",
                "startTime": 5260.3
              },
              {
                "name": "reactReady",
                "startTime": 5271.36
              }
            ],
            "measures": [
              {
                "duration": 240.80000000000015,
                "name": "renderSession-/ae-en/",
                "startTime": 5019.5
              },
              {
                "duration": 249.39999999999964,
                "name": "reactHydrate",
                "startTime": 5021.96
              },
              {
                "duration": 0.22000000000025463,
                "name": "1-nmLanding",
                "startTime": 5260.04
              }
            ]
          }
        }
      },
      {
        "browser": {
          "appConstants": {
            "ACCESSIBILITY": true,
            "ANDROID_PACKAGE_NAME": "org.mozilla.firefox",
            "ASAN": false,
            "ASAN_REPORTER": false,
            "BROWSER_CHROME_URL": "chrome://browser/content/browser.xul",
            "DEBUG": false,
            "DEBUG_JS_MODULES": "",
            "DLL_PREFIX": "lib",
            "DLL_SUFFIX": ".so",
            "EARLY_BETA_OR_EARLIER": false,
            "FENNEC_NIGHTLY": false,
            "HAVE_SHELL_SERVICE": false,
            "HAVE_USR_LIB64_DIR": false,
            "MENUBAR_CAN_AUTOHIDE": false,
            "MOZILLA_OFFICIAL": true,
            "MOZ_ALLOW_LEGACY_EXTENSIONS": false,
            "MOZ_ANDROID_ACTIVITY_STREAM": false,
            "MOZ_ANDROID_HISTORY": true,
            "MOZ_ANDROID_MOZILLA_ONLINE": false,
            "MOZ_APP_NAME": "fennec",
            "MOZ_APP_VERSION": "68.1.1",
            "MOZ_APP_VERSION_DISPLAY": "68.1.1",
            "MOZ_BING_API_CLIENTID": "no-bing-api-clientid",
            "MOZ_BING_API_KEY": "no-bing-api-key",
            "MOZ_BITS_DOWNLOAD": false,
            "MOZ_BUILD_APP": "mobile/android",
            "MOZ_CODE_COVERAGE": false,
            "MOZ_CRASHREPORTER": true,
            "MOZ_DATA_REPORTING": true,
            "MOZ_DEV_EDITION": false,
            "MOZ_GECKO_PROFILER": true,
            "MOZ_GOOGLE_LOCATION_SERVICE_API_KEY": "AIzaSyB2h2OuRcUgy5N-5hsZqiPW6sH3n_rptiQ",
            "MOZ_GOOGLE_SAFEBROWSING_API_KEY": "AIzaSyC7jsptDS3am4tPx4r3nxis7IMjBc5Dovo",
            "MOZ_GRAPHENE": false,
            "MOZ_MACBUNDLE_NAME": "Firefox.app",
            "MOZ_MAINTENANCE_SERVICE": false,
            "MOZ_MOZILLA_API_KEY": "3b4d27dd-703d-4094-8398-4de2c763505a",
            "MOZ_NEW_CERT_STORAGE": false,
            "MOZ_NEW_NOTIFICATION_STORE": false,
            "MOZ_NEW_XULSTORE": false,
            "MOZ_OFFICIAL_BRANDING": false,
            "MOZ_PLACES": false,
            "MOZ_REQUIRE_SIGNING": false,
            "MOZ_SANDBOX": false,
            "MOZ_SERVICES_HEALTHREPORT": true,
            "MOZ_SERVICES_SYNC": false,
            "MOZ_SWITCHBOARD": true,
            "MOZ_SYSTEM_NSS": false,
            "MOZ_TELEMETRY_ON_BY_DEFAULT": false,
            "MOZ_TELEMETRY_REPORTING": true,
            "MOZ_UNSIGNED_SCOPES": 0,
            "MOZ_UPDATER": false,
            "MOZ_UPDATE_CHANNEL": "release",
            "MOZ_WEBRTC": true,
            "MOZ_WIDGET_GTK": false,
            "MOZ_WIDGET_TOOLKIT": "android",
            "NIGHTLY_BUILD": false,
            "OMNIJAR_NAME": "assets/omni.ja",
            "RELEASE_OR_BETA": true,
            "SOURCE_REVISION_URL": "https://hg.mozilla.org/releases/mozilla-esr68/rev/d2e0b9e17b9bc1ef02606c8006b73293f7892ad5",
            "TELEMETRY_PING_FORMAT_VERSION": 4,
            "XP_UNIX": true,
            "isPlatformAndVersionAtLeast": {},
            "isPlatformAndVersionAtMost": {},
            "platform": "android"
          },
          "asyncAppConstants": {
            "ACCESSIBILITY": true,
            "ANDROID_PACKAGE_NAME": "org.mozilla.firefox",
            "ASAN": false,
            "ASAN_REPORTER": false,
            "BROWSER_CHROME_URL": "chrome://browser/content/browser.xul",
            "DEBUG": false,
            "DEBUG_JS_MODULES": "",
            "DLL_PREFIX": "lib",
            "DLL_SUFFIX": ".so",
            "EARLY_BETA_OR_EARLIER": false,
            "FENNEC_NIGHTLY": false,
            "HAVE_SHELL_SERVICE": false,
            "HAVE_USR_LIB64_DIR": false,
            "MENUBAR_CAN_AUTOHIDE": false,
            "MOZILLA_OFFICIAL": true,
            "MOZ_ALLOW_LEGACY_EXTENSIONS": false,
            "MOZ_ANDROID_ACTIVITY_STREAM": false,
            "MOZ_ANDROID_HISTORY": true,
            "MOZ_ANDROID_MOZILLA_ONLINE": false,
            "MOZ_APP_NAME": "fennec",
            "MOZ_APP_VERSION": "68.1.1",
            "MOZ_APP_VERSION_DISPLAY": "68.1.1",
            "MOZ_BING_API_CLIENTID": "no-bing-api-clientid",
            "MOZ_BING_API_KEY": "no-bing-api-key",
            "MOZ_BITS_DOWNLOAD": false,
            "MOZ_BUILD_APP": "mobile/android",
            "MOZ_CODE_COVERAGE": false,
            "MOZ_CRASHREPORTER": true,
            "MOZ_DATA_REPORTING": true,
            "MOZ_DEV_EDITION": false,
            "MOZ_GECKO_PROFILER": true,
            "MOZ_GOOGLE_LOCATION_SERVICE_API_KEY": "AIzaSyB2h2OuRcUgy5N-5hsZqiPW6sH3n_rptiQ",
            "MOZ_GOOGLE_SAFEBROWSING_API_KEY": "AIzaSyC7jsptDS3am4tPx4r3nxis7IMjBc5Dovo",
            "MOZ_GRAPHENE": false,
            "MOZ_MACBUNDLE_NAME": "Firefox.app",
            "MOZ_MAINTENANCE_SERVICE": false,
            "MOZ_MOZILLA_API_KEY": "3b4d27dd-703d-4094-8398-4de2c763505a",
            "MOZ_NEW_CERT_STORAGE": false,
            "MOZ_NEW_NOTIFICATION_STORE": false,
            "MOZ_NEW_XULSTORE": false,
            "MOZ_OFFICIAL_BRANDING": false,
            "MOZ_PLACES": false,
            "MOZ_REQUIRE_SIGNING": false,
            "MOZ_SANDBOX": false,
            "MOZ_SERVICES_HEALTHREPORT": true,
            "MOZ_SERVICES_SYNC": false,
            "MOZ_SWITCHBOARD": true,
            "MOZ_SYSTEM_NSS": false,
            "MOZ_TELEMETRY_ON_BY_DEFAULT": false,
            "MOZ_TELEMETRY_REPORTING": true,
            "MOZ_UNSIGNED_SCOPES": 0,
            "MOZ_UPDATER": false,
            "MOZ_UPDATE_CHANNEL": "release",
            "MOZ_WEBRTC": true,
            "MOZ_WIDGET_GTK": false,
            "MOZ_WIDGET_TOOLKIT": "android",
            "NIGHTLY_BUILD": false,
            "OMNIJAR_NAME": "assets/omni.ja",
            "RELEASE_OR_BETA": true,
            "SOURCE_REVISION_URL": "https://hg.mozilla.org/releases/mozilla-esr68/rev/d2e0b9e17b9bc1ef02606c8006b73293f7892ad5",
            "TELEMETRY_PING_FORMAT_VERSION": 4,
            "XP_UNIX": true,
            "isPlatformAndVersionAtLeast": {},
            "isPlatformAndVersionAtMost": {},
            "platform": "android"
          },
          "userAgent": "Mozilla/5.0 (Android 9; Mobile; rv:68.0) Gecko/68.0 Firefox/68.0",
          "windowSize": "360x612"
        },
        "pageinfo": {
          "documentHeight": 3208,
          "documentSize": {
            "decodedBodySize": 383029,
            "encodedBodySize": 60747,
            "transferSize": 62918
          },
          "documentTitle": "Netflix United Arab Emirates - Watch TV Shows Online, Watch Movies Online",
          "documentWidth": 360,
          "domElements": 516,
          "navigationStartTime": 1617105209310,
          "nextHopProtocol": "h2",
          "resources": {
            "count": 0,
            "duration": 0
          },
          "responsive": true,
          "url": "https://www.netflix.com/ae-en/",
          "visualElements": {
            "heroes": [
              {
                "filename": "AE-en-20210322-popsignuptwoweeks-perspective_alpha_website_small.jpg",
                "height": 542,
                "name": "LargestImage",
                "width": 360,
                "x": 0,
                "y": -5
              },
              {
                "filename": null,
                "height": 62,
                "name": "Heading",
                "width": 324,
                "x": 18,
                "y": 130
              }
            ],
            "viewport": {
              "height": 612,
              "width": 360
            }
          }
        },
        "timings": {
          "firstPaint": 2532,
          "loadEventEnd": 7388,
          "navigationTiming": {
            "connectStart": 84,
            "domComplete": 7388,
            "domContentLoadedEventEnd": 5126,
            "domContentLoadedEventStart": 5092,
            "domInteractive": 5042,
            "domainLookupEnd": 83,
            "domainLookupStart": 83,
            "duration": 7388,
            "fetchStart": 2,
            "loadEventEnd": 7388,
            "loadEventStart": 7388,
            "redirectEnd": 0,
            "redirectStart": 0,
            "requestStart": 871,
            "responseEnd": 1438,
            "responseStart": 1438,
            "secureConnectionStart": 378,
            "startTime": 0,
            "unloadEventEnd": 0,
            "unloadEventStart": 0,
            "workerStart": 0
          },
          "pageTimings": {
            "backEndTime": 1438,
            "domContentLoadedTime": 5092,
            "domInteractiveTime": 5042,
            "domainLookupTime": 0,
            "frontEndTime": 5949,
            "pageDownloadTime": 0,
            "pageLoadTime": 7388,
            "redirectionTime": 0,
            "serverConnectionTime": 786,
            "serverResponseTime": 567
          },
          "rumSpeedIndex": 1438,
          "timeToContentfulPaint": 2684,
          "timeToDomContentFlushed": 5042,
          "timeToFirstInteractive": 7788,
          "userTimings": {
            "marks": [
              {
                "name": "renderSession-/ae-en/-start",
                "startTime": 4701.22
              },
              {
                "name": "reactStart",
                "startTime": 4703.4800000000005
              },
              {
                "name": "1-nmLanding-start",
                "startTime": 4949.88
              },
              {
                "name": "reactReady",
                "startTime": 4961.22
              },
              {
                "name": "1-nmLanding-end",
                "startTime": 5138.22
              },
              {
                "name": "renderSession-/ae-en/-end",
                "startTime": 5138.28
              }
            ],
            "measures": [
              {
                "duration": 437.0599999999995,
                "name": "renderSession-/ae-en/",
                "startTime": 4701.22
              },
              {
                "duration": 257.7399999999998,
                "name": "reactHydrate",
                "startTime": 4703.4800000000005
              },
              {
                "duration": 188.34000000000017,
                "name": "1-nmLanding",
                "startTime": 4949.88
              }
            ]
          }
        }
      },
      {
        "browser": {
          "appConstants": {
            "ACCESSIBILITY": true,
            "ANDROID_PACKAGE_NAME": "org.mozilla.firefox",
            "ASAN": false,
            "ASAN_REPORTER": false,
            "BROWSER_CHROME_URL": "chrome://browser/content/browser.xul",
            "DEBUG": false,
            "DEBUG_JS_MODULES": "",
            "DLL_PREFIX": "lib",
            "DLL_SUFFIX": ".so",
            "EARLY_BETA_OR_EARLIER": false,
            "FENNEC_NIGHTLY": false,
            "HAVE_SHELL_SERVICE": false,
            "HAVE_USR_LIB64_DIR": false,
            "MENUBAR_CAN_AUTOHIDE": false,
            "MOZILLA_OFFICIAL": true,
            "MOZ_ALLOW_LEGACY_EXTENSIONS": false,
            "MOZ_ANDROID_ACTIVITY_STREAM": false,
            "MOZ_ANDROID_HISTORY": true,
            "MOZ_ANDROID_MOZILLA_ONLINE": false,
            "MOZ_APP_NAME": "fennec",
            "MOZ_APP_VERSION": "68.1.1",
            "MOZ_APP_VERSION_DISPLAY": "68.1.1",
            "MOZ_BING_API_CLIENTID": "no-bing-api-clientid",
            "MOZ_BING_API_KEY": "no-bing-api-key",
            "MOZ_BITS_DOWNLOAD": false,
            "MOZ_BUILD_APP": "mobile/android",
            "MOZ_CODE_COVERAGE": false,
            "MOZ_CRASHREPORTER": true,
            "MOZ_DATA_REPORTING": true,
            "MOZ_DEV_EDITION": false,
            "MOZ_GECKO_PROFILER": true,
            "MOZ_GOOGLE_LOCATION_SERVICE_API_KEY": "AIzaSyB2h2OuRcUgy5N-5hsZqiPW6sH3n_rptiQ",
            "MOZ_GOOGLE_SAFEBROWSING_API_KEY": "AIzaSyC7jsptDS3am4tPx4r3nxis7IMjBc5Dovo",
            "MOZ_GRAPHENE": false,
            "MOZ_MACBUNDLE_NAME": "Firefox.app",
            "MOZ_MAINTENANCE_SERVICE": false,
            "MOZ_MOZILLA_API_KEY": "3b4d27dd-703d-4094-8398-4de2c763505a",
            "MOZ_NEW_CERT_STORAGE": false,
            "MOZ_NEW_NOTIFICATION_STORE": false,
            "MOZ_NEW_XULSTORE": false,
            "MOZ_OFFICIAL_BRANDING": false,
            "MOZ_PLACES": false,
            "MOZ_REQUIRE_SIGNING": false,
            "MOZ_SANDBOX": false,
            "MOZ_SERVICES_HEALTHREPORT": true,
            "MOZ_SERVICES_SYNC": false,
            "MOZ_SWITCHBOARD": true,
            "MOZ_SYSTEM_NSS": false,
            "MOZ_TELEMETRY_ON_BY_DEFAULT": false,
            "MOZ_TELEMETRY_REPORTING": true,
            "MOZ_UNSIGNED_SCOPES": 0,
            "MOZ_UPDATER": false,
            "MOZ_UPDATE_CHANNEL": "release",
            "MOZ_WEBRTC": true,
            "MOZ_WIDGET_GTK": false,
            "MOZ_WIDGET_TOOLKIT": "android",
            "NIGHTLY_BUILD": false,
            "OMNIJAR_NAME": "assets/omni.ja",
            "RELEASE_OR_BETA": true,
            "SOURCE_REVISION_URL": "https://hg.mozilla.org/releases/mozilla-esr68/rev/d2e0b9e17b9bc1ef02606c8006b73293f7892ad5",
            "TELEMETRY_PING_FORMAT_VERSION": 4,
            "XP_UNIX": true,
            "isPlatformAndVersionAtLeast": {},
            "isPlatformAndVersionAtMost": {},
            "platform": "android"
          },
          "asyncAppConstants": {
            "ACCESSIBILITY": true,
            "ANDROID_PACKAGE_NAME": "org.mozilla.firefox",
            "ASAN": false,
            "ASAN_REPORTER": false,
            "BROWSER_CHROME_URL": "chrome://browser/content/browser.xul",
            "DEBUG": false,
            "DEBUG_JS_MODULES": "",
            "DLL_PREFIX": "lib",
            "DLL_SUFFIX": ".so",
            "EARLY_BETA_OR_EARLIER": false,
            "FENNEC_NIGHTLY": false,
            "HAVE_SHELL_SERVICE": false,
            "HAVE_USR_LIB64_DIR": false,
            "MENUBAR_CAN_AUTOHIDE": false,
            "MOZILLA_OFFICIAL": true,
            "MOZ_ALLOW_LEGACY_EXTENSIONS": false,
            "MOZ_ANDROID_ACTIVITY_STREAM": false,
            "MOZ_ANDROID_HISTORY": true,
            "MOZ_ANDROID_MOZILLA_ONLINE": false,
            "MOZ_APP_NAME": "fennec",
            "MOZ_APP_VERSION": "68.1.1",
            "MOZ_APP_VERSION_DISPLAY": "68.1.1",
            "MOZ_BING_API_CLIENTID": "no-bing-api-clientid",
            "MOZ_BING_API_KEY": "no-bing-api-key",
            "MOZ_BITS_DOWNLOAD": false,
            "MOZ_BUILD_APP": "mobile/android",
            "MOZ_CODE_COVERAGE": false,
            "MOZ_CRASHREPORTER": true,
            "MOZ_DATA_REPORTING": true,
            "MOZ_DEV_EDITION": false,
            "MOZ_GECKO_PROFILER": true,
            "MOZ_GOOGLE_LOCATION_SERVICE_API_KEY": "AIzaSyB2h2OuRcUgy5N-5hsZqiPW6sH3n_rptiQ",
            "MOZ_GOOGLE_SAFEBROWSING_API_KEY": "AIzaSyC7jsptDS3am4tPx4r3nxis7IMjBc5Dovo",
            "MOZ_GRAPHENE": false,
            "MOZ_MACBUNDLE_NAME": "Firefox.app",
            "MOZ_MAINTENANCE_SERVICE": false,
            "MOZ_MOZILLA_API_KEY": "3b4d27dd-703d-4094-8398-4de2c763505a",
            "MOZ_NEW_CERT_STORAGE": false,
            "MOZ_NEW_NOTIFICATION_STORE": false,
            "MOZ_NEW_XULSTORE": false,
            "MOZ_OFFICIAL_BRANDING": false,
            "MOZ_PLACES": false,
            "MOZ_REQUIRE_SIGNING": false,
            "MOZ_SANDBOX": false,
            "MOZ_SERVICES_HEALTHREPORT": true,
            "MOZ_SERVICES_SYNC": false,
            "MOZ_SWITCHBOARD": true,
            "MOZ_SYSTEM_NSS": false,
            "MOZ_TELEMETRY_ON_BY_DEFAULT": false,
            "MOZ_TELEMETRY_REPORTING": true,
            "MOZ_UNSIGNED_SCOPES": 0,
            "MOZ_UPDATER": false,
            "MOZ_UPDATE_CHANNEL": "release",
            "MOZ_WEBRTC": true,
            "MOZ_WIDGET_GTK": false,
            "MOZ_WIDGET_TOOLKIT": "android",
            "NIGHTLY_BUILD": false,
            "OMNIJAR_NAME": "assets/omni.ja",
            "RELEASE_OR_BETA": true,
            "SOURCE_REVISION_URL": "https://hg.mozilla.org/releases/mozilla-esr68/rev/d2e0b9e17b9bc1ef02606c8006b73293f7892ad5",
            "TELEMETRY_PING_FORMAT_VERSION": 4,
            "XP_UNIX": true,
            "isPlatformAndVersionAtLeast": {},
            "isPlatformAndVersionAtMost": {},
            "platform": "android"
          },
          "userAgent": "Mozilla/5.0 (Android 9; Mobile; rv:68.0) Gecko/68.0 Firefox/68.0",
          "windowSize": "360x612"
        },
        "pageinfo": {
          "documentHeight": 3152,
          "documentSize": {
            "decodedBodySize": 382961,
            "encodedBodySize": 60712,
            "transferSize": 62883
          },
          "documentTitle": "Netflix United Arab Emirates - Watch TV Shows Online, Watch Movies Online",
          "documentWidth": 360,
          "domElements": 516,
          "navigationStartTime": 1617105229767,
          "nextHopProtocol": "h2",
          "resources": {
            "count": 0,
            "duration": 0
          },
          "responsive": true,
          "url": "https://www.netflix.com/ae-en/",
          "visualElements": {
            "heroes": [
              {
                "filename": "AE-en-20210322-popsignuptwoweeks-perspective_alpha_website_small.jpg",
                "height": 514,
                "name": "LargestImage",
                "width": 360,
                "x": 0,
                "y": -5
              },
              {
                "filename": null,
                "height": 62,
                "name": "Heading",
                "width": 324,
                "x": 18,
                "y": 130
              }
            ],
            "viewport": {
              "height": 612,
              "width": 360
            }
          }
        },
        "timings": {
          "firstPaint": 2940,
          "loadEventEnd": 7245,
          "navigationTiming": {
            "connectStart": 307,
            "domComplete": 7244,
            "domContentLoadedEventEnd": 5374,
            "domContentLoadedEventStart": 5340,
            "domInteractive": 5292,
            "domainLookupEnd": 306,
            "domainLookupStart": 305,
            "duration": 7245,
            "fetchStart": 2,
            "loadEventEnd": 7245,
            "loadEventStart": 7245,
            "redirectEnd": 0,
            "redirectStart": 0,
            "requestStart": 967,
            "responseEnd": 1561,
            "responseStart": 1561,
            "secureConnectionStart": 600,
            "startTime": 0,
            "unloadEventEnd": 0,
            "unloadEventStart": 0,
            "workerStart": 0
          },
          "pageTimings": {
            "backEndTime": 1561,
            "domContentLoadedTime": 5340,
            "domInteractiveTime": 5292,
            "domainLookupTime": 0,
            "frontEndTime": 5683,
            "pageDownloadTime": 0,
            "pageLoadTime": 7245,
            "redirectionTime": 0,
            "serverConnectionTime": 659,
            "serverResponseTime": 594
          },
          "rumSpeedIndex": 1561,
          "timeToContentfulPaint": 3097,
          "timeToDomContentFlushed": 5294,
          "timeToFirstInteractive": 7595,
          "userTimings": {
            "marks": [
              {
                "name": "renderSession-/ae-en/-start",
                "startTime": 4974.92
              },
              {
                "name": "reactStart",
                "startTime": 4977.8
              },
              {
                "name": "1-nmLanding-start",
                "startTime": 5200.2
              },
              {
                "name": "1-nmLanding-end",
                "startTime": 5200.46
              },
              {
                "name": "renderSession-/ae-en/-end",
                "startTime": 5200.4800000000005
              },
              {
                "name": "reactReady",
                "startTime": 5210.58
              }
            ],
            "measures": [
              {
                "duration": 225.5600000000004,
                "name": "renderSession-/ae-en/",
                "startTime": 4974.92
              },
              {
                "duration": 232.77999999999977,
                "name": "reactHydrate",
                "startTime": 4977.8
              },
              {
                "duration": 0.2600000000002183,
                "name": "1-nmLanding",
                "startTime": 5200.2
              }
            ]
          }
        }
      }
    ],
    "visualMetrics": [],
    "cpu": [],
    "extras": [
      {},
      {},
      {}
    ],
    "fullyLoaded": [],
    "errors": [
      [],
      [],
      []
    ],
    "statistics": {
      "browser": {
        "appConstants": {
          "MOZ_UNSIGNED_SCOPES": {
            "median": 0,
            "mean": 0,
            "mdev": 0,
            "stddev": 0,
            "min": 0,
            "p10": 0,
            "p90": 0,
            "p99": 0,
            "max": 0
          },
          "TELEMETRY_PING_FORMAT_VERSION": {
            "median": 4,
            "mean": 4,
            "mdev": 0,
            "stddev": 0,
            "min": 4,
            "p10": 4,
            "p90": 4,
            "p99": 4,
            "max": 4
          }
        },
        "asyncAppConstants": {
          "MOZ_UNSIGNED_SCOPES": {
            "median": 0,
            "mean": 0,
            "mdev": 0,
            "stddev": 0,
            "min": 0,
            "p10": 0,
            "p90": 0,
            "p99": 0,
            "max": 0
          },
          "TELEMETRY_PING_FORMAT_VERSION": {
            "median": 4,
            "mean": 4,
            "mdev": 0,
            "stddev": 0,
            "min": 4,
            "p10": 4,
            "p90": 4,
            "p99": 4,
            "max": 4
          }
        }
      },
      "pageinfo": {
        "documentHeight": {
          "median": 3208,
          "mean": 3189,
          "mdev": 15.2413,
          "stddev": 26,
          "min": 3152,
          "p10": 3152,
          "p90": 3208,
          "p99": 3208,
          "max": 3208
        },
        "documentSize": {
          "decodedBodySize": {
            "median": 383029,
            "mean": 383049,
            "mdev": 46.6579,
            "stddev": 81,
            "min": 382961,
            "p10": 382961,
            "p90": 383156,
            "p99": 383156,
            "max": 383156
          },
          "encodedBodySize": {
            "median": 60747,
            "mean": 60746,
            "mdev": 15.7973,
            "stddev": 27,
            "min": 60712,
            "p10": 60712,
            "p90": 60779,
            "p99": 60779,
            "max": 60779
          },
          "transferSize": {
            "median": 62918,
            "mean": 62917,
            "mdev": 15.7973,
            "stddev": 27,
            "min": 62883,
            "p10": 62883,
            "p90": 62950,
            "p99": 62950,
            "max": 62950
          }
        },
        "documentWidth": {
          "median": 360,
          "mean": 360,
          "mdev": 0,
          "stddev": 0,
          "min": 360,
          "p10": 360,
          "p90": 360,
          "p99": 360,
          "max": 360
        },
        "domElements": {
          "median": 516,
          "mean": 516,
          "mdev": 0,
          "stddev": 0,
          "min": 516,
          "p10": 516,
          "p90": 516,
          "p99": 516,
          "max": 516
        },
        "navigationStartTime": {
          "median": 1617105209310,
          "mean": 1617105209243,
          "mdev": 12612.4091,
          "stddev": 21845,
          "min": 1617105188651,
          "p10": 1617105188651,
          "p90": 1617105229767,
          "p99": 1617105229767,
          "max": 1617105229767
        },
        "resources": {
          "count": {
            "median": 0,
            "mean": 0,
            "mdev": 0,
            "stddev": 0,
            "min": 0,
            "p10": 0,
            "p90": 0,
            "p99": 0,
            "max": 0
          },
          "duration": {
            "median": 0,
            "mean": 0,
            "mdev": 0,
            "stddev": 0,
            "min": 0,
            "p10": 0,
            "p90": 0,
            "p99": 0,
            "max": 0
          }
        },
        "visualElements": {
          "heroes": [
            {
              "height": {
                "median": 542,
                "mean": 533,
                "mdev": 7.6206,
                "stddev": 13,
                "min": 514,
                "p10": 514,
                "p90": 542,
                "p99": 542,
                "max": 542
              },
              "width": {
                "median": 360,
                "mean": 360,
                "mdev": 0,
                "stddev": 0,
                "min": 360,
                "p10": 360,
                "p90": 360,
                "p99": 360,
                "max": 360
              },
              "x": {
                "median": 0,
                "mean": 0,
                "mdev": 0,
                "stddev": 0,
                "min": 0,
                "p10": 0,
                "p90": 0,
                "p99": 0,
                "max": 0
              },
              "y": {
                "median": -5,
                "mean": -5,
                "mdev": 0,
                "stddev": 0,
                "min": -5,
                "p10": -5,
                "p90": -5,
                "p99": -5,
                "max": -5
              }
            },
            {
              "height": {
                "median": 62,
                "mean": 62,
                "mdev": 0,
                "stddev": 0,
                "min": 62,
                "p10": 62,
                "p90": 62,
                "p99": 62,
                "max": 62
              },
              "width": {
                "median": 324,
                "mean": 324,
                "mdev": 0,
                "stddev": 0,
                "min": 324,
                "p10": 324,
                "p90": 324,
                "p99": 324,
                "max": 324
              },
              "x": {
                "median": 18,
                "mean": 18,
                "mdev": 0,
                "stddev": 0,
                "min": 18,
                "p10": 18,
                "p90": 18,
                "p99": 18,
                "max": 18
              },
              "y": {
                "median": 130,
                "mean": 130,
                "mdev": 0,
                "stddev": 0,
                "min": 130,
                "p10": 130,
                "p90": 130,
                "p99": 130,
                "max": 130
              }
            }
          ],
          "viewport": {
            "height": {
              "median": 612,
              "mean": 612,
              "mdev": 0,
              "stddev": 0,
              "min": 612,
              "p10": 612,
              "p90": 612,
              "p99": 612,
              "max": 612
            },
            "width": {
              "median": 360,
              "mean": 360,
              "mdev": 0,
              "stddev": 0,
              "min": 360,
              "p10": 360,
              "p90": 360,
              "p99": 360,
              "max": 360
            }
          }
        }
      },
      "timings": {
        "firstPaint": {
          "median": 2619,
          "mean": 2697,
          "mdev": 101.3015,
          "stddev": 175,
          "min": 2532,
          "p10": 2532,
          "p90": 2940,
          "p99": 2940,
          "max": 2940
        },
        "loadEventEnd": {
          "median": 7388,
          "mean": 7402,
          "mdev": 77.2763,
          "stddev": 134,
          "min": 7245,
          "p10": 7245,
          "p90": 7572,
          "p99": 7572,
          "max": 7572
        },
        "navigationTiming": {
          "connectStart": {
            "median": 104,
            "mean": 165,
            "mdev": 58.1626,
            "stddev": 101,
            "min": 84,
            "p10": 84,
            "p90": 307,
            "p99": 307,
            "max": 307
          },
          "domComplete": {
            "median": 7388,
            "mean": 7401,
            "mdev": 77.5017,
            "stddev": 134,
            "min": 7244,
            "p10": 7244,
            "p90": 7572,
            "p99": 7572,
            "max": 7572
          },
          "domContentLoadedEventEnd": {
            "median": 5374,
            "mean": 5304,
            "mdev": 73.3823,
            "stddev": 127,
            "min": 5126,
            "p10": 5126,
            "p90": 5413,
            "p99": 5413,
            "max": 5413
          },
          "domContentLoadedEventStart": {
            "median": 5340,
            "mean": 5269,
            "mdev": 72.7293,
            "stddev": 126,
            "min": 5092,
            "p10": 5092,
            "p90": 5375,
            "p99": 5375,
            "max": 5375
          },
          "domInteractive": {
            "median": 5292,
            "mean": 5229,
            "mdev": 77.8622,
            "stddev": 135,
            "min": 5042,
            "p10": 5042,
            "p90": 5354,
            "p99": 5354,
            "max": 5354
          },
          "domainLookupEnd": {
            "median": 104,
            "mean": 164,
            "mdev": 58.0466,
            "stddev": 101,
            "min": 83,
            "p10": 83,
            "p90": 306,
            "p99": 306,
            "max": 306
          },
          "domainLookupStart": {
            "median": 104,
            "mean": 164,
            "mdev": 57.7754,
            "stddev": 100,
            "min": 83,
            "p10": 83,
            "p90": 305,
            "p99": 305,
            "max": 305
          },
          "duration": {
            "median": 7388,
            "mean": 7402,
            "mdev": 77.2763,
            "stddev": 134,
            "min": 7245,
            "p10": 7245,
            "p90": 7572,
            "p99": 7572,
            "max": 7572
          },
          "fetchStart": {
            "median": 2,
            "mean": 2,
            "mdev": 0.2722,
            "stddev": 0,
            "min": 2,
            "p10": 2,
            "p90": 3,
            "p99": 3,
            "max": 3
          },
          "loadEventEnd": {
            "median": 7388,
            "mean": 7402,
            "mdev": 77.2763,
            "stddev": 134,
            "min": 7245,
            "p10": 7245,
            "p90": 7572,
            "p99": 7572,
            "max": 7572
          },
          "loadEventStart": {
            "median": 7388,
            "mean": 7402,
            "mdev": 77.2763,
            "stddev": 134,
            "min": 7245,
            "p10": 7245,
            "p90": 7572,
            "p99": 7572,
            "max": 7572
          },
          "redirectEnd": {
            "median": 0,
            "mean": 0,
            "mdev": 0,
            "stddev": 0,
            "min": 0,
            "p10": 0,
            "p90": 0,
            "p99": 0,
            "max": 0
          },
          "redirectStart": {
            "median": 0,
            "mean": 0,
            "mdev": 0,
            "stddev": 0,
            "min": 0,
            "p10": 0,
            "p90": 0,
            "p99": 0,
            "max": 0
          },
          "requestStart": {
            "median": 871,
            "mean": 869,
            "mdev": 46.4383,
            "stddev": 80,
            "min": 770,
            "p10": 770,
            "p90": 967,
            "p99": 967,
            "max": 967
          },
          "responseEnd": {
            "median": 1466,
            "mean": 1488,
            "mdev": 30.3913,
            "stddev": 53,
            "min": 1438,
            "p10": 1438,
            "p90": 1561,
            "p99": 1561,
            "max": 1561
          },
          "responseStart": {
            "median": 1466,
            "mean": 1488,
            "mdev": 30.3913,
            "stddev": 53,
            "min": 1438,
            "p10": 1438,
            "p90": 1561,
            "p99": 1561,
            "max": 1561
          },
          "secureConnectionStart": {
            "median": 400,
            "mean": 459,
            "mdev": 57.6606,
            "stddev": 100,
            "min": 378,
            "p10": 378,
            "p90": 600,
            "p99": 600,
            "max": 600
          },
          "startTime": {
            "median": 0,
            "mean": 0,
            "mdev": 0,
            "stddev": 0,
            "min": 0,
            "p10": 0,
            "p90": 0,
            "p99": 0,
            "max": 0
          },
          "unloadEventEnd": {
            "median": 0,
            "mean": 0,
            "mdev": 0,
            "stddev": 0,
            "min": 0,
            "p10": 0,
            "p90": 0,
            "p99": 0,
            "max": 0
          },
          "unloadEventStart": {
            "median": 0,
            "mean": 0,
            "mdev": 0,
            "stddev": 0,
            "min": 0,
            "p10": 0,
            "p90": 0,
            "p99": 0,
            "max": 0
          },
          "workerStart": {
            "median": 0,
            "mean": 0,
            "mdev": 0,
            "stddev": 0,
            "min": 0,
            "p10": 0,
            "p90": 0,
            "p99": 0,
            "max": 0
          }
        },
        "pageTimings": {
          "backEndTime": {
            "median": 1466,
            "mean": 1488,
            "mdev": 30.3913,
            "stddev": 53,
            "min": 1438,
            "p10": 1438,
            "p90": 1561,
            "p99": 1561,
            "max": 1561
          },
          "domContentLoadedTime": {
            "median": 5340,
            "mean": 5269,
            "mdev": 72.7293,
            "stddev": 126,
            "min": 5092,
            "p10": 5092,
            "p90": 5375,
            "p99": 5375,
            "max": 5375
          },
          "domInteractiveTime": {
            "median": 5292,
            "mean": 5229,
            "mdev": 77.8622,
            "stddev": 135,
            "min": 5042,
            "p10": 5042,
            "p90": 5354,
            "p99": 5354,
            "max": 5354
          },
          "domainLookupTime": {
            "median": 0,
            "mean": 0,
            "mdev": 0,
            "stddev": 0,
            "min": 0,
            "p10": 0,
            "p90": 0,
            "p99": 0,
            "max": 0
          },
          "frontEndTime": {
            "median": 5949,
            "mean": 5912,
            "mdev": 100.5864,
            "stddev": 174,
            "min": 5683,
            "p10": 5683,
            "p90": 6105,
            "p99": 6105,
            "max": 6105
          },
          "pageDownloadTime": {
            "median": 0,
            "mean": 0,
            "mdev": 0,
            "stddev": 0,
            "min": 0,
            "p10": 0,
            "p90": 0,
            "p99": 0,
            "max": 0
          },
          "pageLoadTime": {
            "median": 7388,
            "mean": 7402,
            "mdev": 77.2763,
            "stddev": 134,
            "min": 7245,
            "p10": 7245,
            "p90": 7572,
            "p99": 7572,
            "max": 7572
          },
          "redirectionTime": {
            "median": 0,
            "mean": 0,
            "mdev": 0,
            "stddev": 0,
            "min": 0,
            "p10": 0,
            "p90": 0,
            "p99": 0,
            "max": 0
          },
          "serverConnectionTime": {
            "median": 664,
            "mean": 703,
            "mdev": 33.9051,
            "stddev": 59,
            "min": 659,
            "p10": 659,
            "p90": 786,
            "p99": 786,
            "max": 786
          },
          "serverResponseTime": {
            "median": 594,
            "mean": 619,
            "mdev": 32.3396,
            "stddev": 56,
            "min": 567,
            "p10": 567,
            "p90": 697,
            "p99": 697,
            "max": 697
          }
        },
        "rumSpeedIndex": {
          "median": 1466,
          "mean": 1488,
          "mdev": 30.3913,
          "stddev": 53,
          "min": 1438,
          "p10": 1438,
          "p90": 1561,
          "p99": 1561,
          "max": 1561
        },
        "timeToContentfulPaint": {
          "median": 2794,
          "mean": 2858,
          "mdev": 100.8258,
          "stddev": 175,
          "min": 2684,
          "p10": 2684,
          "p90": 3097,
          "p99": 3097,
          "max": 3097
        },
        "timeToDomContentFlushed": {
          "median": 5294,
          "mean": 5235,
          "mdev": 80.7506,
          "stddev": 140,
          "min": 5042,
          "p10": 5042,
          "p90": 5369,
          "p99": 5369,
          "max": 5369
        },
        "timeToFirstInteractive": {
          "median": 7788,
          "mean": 7769,
          "mdev": 78.1542,
          "stddev": 135,
          "min": 7595,
          "p10": 7595,
          "p90": 7925,
          "p99": 7925,
          "max": 7925
        },
        "userTimings": {
          "marks": {
            "renderSession-/ae-en/-start": {
              "median": 4975,
              "mean": 4899,
              "mdev": 81.2407,
              "stddev": 141,
              "min": 4701,
              "p10": 4701,
              "p90": 5020,
              "p99": 5020,
              "max": 5020
            },
            "reactStart": {
              "median": 4978,
              "mean": 4901,
              "mdev": 81.3386,
              "stddev": 141,
              "min": 4703,
              "p10": 4703,
              "p90": 5022,
              "p99": 5022,
              "max": 5022
            },
            "1-nmLanding-start": {
              "median": 5200,
              "mean": 5137,
              "mdev": 77.5648,
              "stddev": 134,
              "min": 4950,
              "p10": 4950,
              "p90": 5260,
              "p99": 5260,
              "max": 5260
            },
            "1-nmLanding-end": {
              "median": 5200,
              "mean": 5200,
              "mdev": 28.767,
              "stddev": 50,
              "min": 5138,
              "p10": 5138,
              "p90": 5260,
              "p99": 5260,
              "max": 5260
            },
            "renderSession-/ae-en/-end": {
              "median": 5200,
              "mean": 5200,
              "mdev": 28.7622,
              "stddev": 50,
              "min": 5138,
              "p10": 5138,
              "p90": 5260,
              "p99": 5260,
              "max": 5260
            },
            "reactReady": {
              "median": 5211,
              "mean": 5148,
              "mdev": 77.4744,
              "stddev": 134,
              "min": 4961,
              "p10": 4961,
              "p90": 5271,
              "p99": 5271,
              "max": 5271
            }
          },
          "measures": {
            "renderSession-/ae-en/": {
              "median": 241,
              "mean": 301,
              "mdev": 55.6053,
              "stddev": 96,
              "min": 226,
              "p10": 226,
              "p90": 437,
              "p99": 437,
              "max": 437
            },
            "reactHydrate": {
              "median": 249,
              "mean": 247,
              "mdev": 5.9901,
              "stddev": 10,
              "min": 233,
              "p10": 233,
              "p90": 258,
              "p99": 258,
              "max": 258
            },
            "1-nmLanding": {
              "median": 0,
              "mean": 63,
              "mdev": 51.1943,
              "stddev": 89,
              "min": 0,
              "p10": 0,
              "p90": 188,
              "p99": 188,
              "max": 188
            }
          }
        }
      }
    }
  }
]