[
  {
    "info": {
      "browsertime": {
        "version": "8.4.0"
      },
      "url": "https://www.tribunnews.com/",
      "timestamp": "2021-03-30T03:36:03+04:00",
      "connectivity": {
        "engine": "external",
        "profile": "native"
      },
      "extra": {}
    },
    "files": {
      "video": [],
      "screenshot": [],
      "timeline": [],
      "consoleLog": [],
      "netLog": [],
      "perfLog": []
    },
    "cdp": {
      "performance": []
    },
    "timestamps": [
      "2021-03-30T03:35:39+04:00",
      "2021-03-30T03:36:18+04:00",
      "2021-03-30T03:36:50+04:00"
    ],
    "browserScripts": [
      {
        "browser": {
          "appConstants": {
            "ACCESSIBILITY": true,
            "ANDROID_PACKAGE_NAME": "org.mozilla.firefox",
            "ASAN": false,
            "ASAN_REPORTER": false,
            "BROWSER_CHROME_URL": "chrome://browser/content/browser.xul",
            "DEBUG": false,
            "DEBUG_JS_MODULES": "",
            "DLL_PREFIX": "lib",
            "DLL_SUFFIX": ".so",
            "EARLY_BETA_OR_EARLIER": false,
            "FENNEC_NIGHTLY": false,
            "HAVE_SHELL_SERVICE": false,
            "HAVE_USR_LIB64_DIR": false,
            "MENUBAR_CAN_AUTOHIDE": false,
            "MOZILLA_OFFICIAL": true,
            "MOZ_ALLOW_LEGACY_EXTENSIONS": false,
            "MOZ_ANDROID_ACTIVITY_STREAM": false,
            "MOZ_ANDROID_HISTORY": true,
            "MOZ_ANDROID_MOZILLA_ONLINE": false,
            "MOZ_APP_NAME": "fennec",
            "MOZ_APP_VERSION": "68.1.1",
            "MOZ_APP_VERSION_DISPLAY": "68.1.1",
            "MOZ_BING_API_CLIENTID": "no-bing-api-clientid",
            "MOZ_BING_API_KEY": "no-bing-api-key",
            "MOZ_BITS_DOWNLOAD": false,
            "MOZ_BUILD_APP": "mobile/android",
            "MOZ_CODE_COVERAGE": false,
            "MOZ_CRASHREPORTER": true,
            "MOZ_DATA_REPORTING": true,
            "MOZ_DEV_EDITION": false,
            "MOZ_GECKO_PROFILER": true,
            "MOZ_GOOGLE_LOCATION_SERVICE_API_KEY": "AIzaSyB2h2OuRcUgy5N-5hsZqiPW6sH3n_rptiQ",
            "MOZ_GOOGLE_SAFEBROWSING_API_KEY": "AIzaSyC7jsptDS3am4tPx4r3nxis7IMjBc5Dovo",
            "MOZ_GRAPHENE": false,
            "MOZ_MACBUNDLE_NAME": "Firefox.app",
            "MOZ_MAINTENANCE_SERVICE": false,
            "MOZ_MOZILLA_API_KEY": "3b4d27dd-703d-4094-8398-4de2c763505a",
            "MOZ_NEW_CERT_STORAGE": false,
            "MOZ_NEW_NOTIFICATION_STORE": false,
            "MOZ_NEW_XULSTORE": false,
            "MOZ_OFFICIAL_BRANDING": false,
            "MOZ_PLACES": false,
            "MOZ_REQUIRE_SIGNING": false,
            "MOZ_SANDBOX": false,
            "MOZ_SERVICES_HEALTHREPORT": true,
            "MOZ_SERVICES_SYNC": false,
            "MOZ_SWITCHBOARD": true,
            "MOZ_SYSTEM_NSS": false,
            "MOZ_TELEMETRY_ON_BY_DEFAULT": false,
            "MOZ_TELEMETRY_REPORTING": true,
            "MOZ_UNSIGNED_SCOPES": 0,
            "MOZ_UPDATER": false,
            "MOZ_UPDATE_CHANNEL": "release",
            "MOZ_WEBRTC": true,
            "MOZ_WIDGET_GTK": false,
            "MOZ_WIDGET_TOOLKIT": "android",
            "NIGHTLY_BUILD": false,
            "OMNIJAR_NAME": "assets/omni.ja",
            "RELEASE_OR_BETA": true,
            "SOURCE_REVISION_URL": "https://hg.mozilla.org/releases/mozilla-esr68/rev/d2e0b9e17b9bc1ef02606c8006b73293f7892ad5",
            "TELEMETRY_PING_FORMAT_VERSION": 4,
            "XP_UNIX": true,
            "isPlatformAndVersionAtLeast": {},
            "isPlatformAndVersionAtMost": {},
            "platform": "android"
          },
          "asyncAppConstants": {
            "ACCESSIBILITY": true,
            "ANDROID_PACKAGE_NAME": "org.mozilla.firefox",
            "ASAN": false,
            "ASAN_REPORTER": false,
            "BROWSER_CHROME_URL": "chrome://browser/content/browser.xul",
            "DEBUG": false,
            "DEBUG_JS_MODULES": "",
            "DLL_PREFIX": "lib",
            "DLL_SUFFIX": ".so",
            "EARLY_BETA_OR_EARLIER": false,
            "FENNEC_NIGHTLY": false,
            "HAVE_SHELL_SERVICE": false,
            "HAVE_USR_LIB64_DIR": false,
            "MENUBAR_CAN_AUTOHIDE": false,
            "MOZILLA_OFFICIAL": true,
            "MOZ_ALLOW_LEGACY_EXTENSIONS": false,
            "MOZ_ANDROID_ACTIVITY_STREAM": false,
            "MOZ_ANDROID_HISTORY": true,
            "MOZ_ANDROID_MOZILLA_ONLINE": false,
            "MOZ_APP_NAME": "fennec",
            "MOZ_APP_VERSION": "68.1.1",
            "MOZ_APP_VERSION_DISPLAY": "68.1.1",
            "MOZ_BING_API_CLIENTID": "no-bing-api-clientid",
            "MOZ_BING_API_KEY": "no-bing-api-key",
            "MOZ_BITS_DOWNLOAD": false,
            "MOZ_BUILD_APP": "mobile/android",
            "MOZ_CODE_COVERAGE": false,
            "MOZ_CRASHREPORTER": true,
            "MOZ_DATA_REPORTING": true,
            "MOZ_DEV_EDITION": false,
            "MOZ_GECKO_PROFILER": true,
            "MOZ_GOOGLE_LOCATION_SERVICE_API_KEY": "AIzaSyB2h2OuRcUgy5N-5hsZqiPW6sH3n_rptiQ",
            "MOZ_GOOGLE_SAFEBROWSING_API_KEY": "AIzaSyC7jsptDS3am4tPx4r3nxis7IMjBc5Dovo",
            "MOZ_GRAPHENE": false,
            "MOZ_MACBUNDLE_NAME": "Firefox.app",
            "MOZ_MAINTENANCE_SERVICE": false,
            "MOZ_MOZILLA_API_KEY": "3b4d27dd-703d-4094-8398-4de2c763505a",
            "MOZ_NEW_CERT_STORAGE": false,
            "MOZ_NEW_NOTIFICATION_STORE": false,
            "MOZ_NEW_XULSTORE": false,
            "MOZ_OFFICIAL_BRANDING": false,
            "MOZ_PLACES": false,
            "MOZ_REQUIRE_SIGNING": false,
            "MOZ_SANDBOX": false,
            "MOZ_SERVICES_HEALTHREPORT": true,
            "MOZ_SERVICES_SYNC": false,
            "MOZ_SWITCHBOARD": true,
            "MOZ_SYSTEM_NSS": false,
            "MOZ_TELEMETRY_ON_BY_DEFAULT": false,
            "MOZ_TELEMETRY_REPORTING": true,
            "MOZ_UNSIGNED_SCOPES": 0,
            "MOZ_UPDATER": false,
            "MOZ_UPDATE_CHANNEL": "release",
            "MOZ_WEBRTC": true,
            "MOZ_WIDGET_GTK": false,
            "MOZ_WIDGET_TOOLKIT": "android",
            "NIGHTLY_BUILD": false,
            "OMNIJAR_NAME": "assets/omni.ja",
            "RELEASE_OR_BETA": true,
            "SOURCE_REVISION_URL": "https://hg.mozilla.org/releases/mozilla-esr68/rev/d2e0b9e17b9bc1ef02606c8006b73293f7892ad5",
            "TELEMETRY_PING_FORMAT_VERSION": 4,
            "XP_UNIX": true,
            "isPlatformAndVersionAtLeast": {},
            "isPlatformAndVersionAtMost": {},
            "platform": "android"
          },
          "userAgent": "Mozilla/5.0 (Android 8.1.0; Mobile; rv:68.0) Gecko/68.0 Firefox/68.0",
          "windowSize": "360x560"
        },
        "pageinfo": {
          "documentHeight": 8178,
          "documentSize": {
            "decodedBodySize": 120700,
            "encodedBodySize": 23813,
            "transferSize": 24876
          },
          "documentTitle": "Tribunnews.com Mobile",
          "documentWidth": 360,
          "domElements": 1020,
          "navigationStartTime": 1617060939569,
          "nextHopProtocol": "h2",
          "resources": {
            "count": 0,
            "duration": 0
          },
          "responsive": true,
          "url": "https://m.tribunnews.com/",
          "visualElements": {
            "heroes": [
              {
                "filename": "tribunnews.svg",
                "height": 40,
                "name": "LargestImage",
                "width": 164,
                "x": 8,
                "y": 507
              }
            ],
            "viewport": {
              "height": 560,
              "width": 360
            }
          }
        },
        "timings": {
          "firstPaint": 2371,
          "loadEventEnd": 8276,
          "navigationTiming": {
            "connectStart": 323,
            "domComplete": 8083,
            "domContentLoadedEventEnd": 3262,
            "domContentLoadedEventStart": 3189,
            "domInteractive": 1874,
            "domainLookupEnd": 323,
            "domainLookupStart": 314,
            "duration": 8276,
            "fetchStart": 314,
            "loadEventEnd": 8276,
            "loadEventStart": 8084,
            "redirectEnd": 311,
            "redirectStart": 5,
            "requestStart": 395,
            "responseEnd": 678,
            "responseStart": 672,
            "secureConnectionStart": 339,
            "startTime": 0,
            "unloadEventEnd": 0,
            "unloadEventStart": 0,
            "workerStart": 0
          },
          "pageTimings": {
            "backEndTime": 672,
            "domContentLoadedTime": 3189,
            "domInteractiveTime": 1874,
            "domainLookupTime": 8,
            "frontEndTime": 7406,
            "pageDownloadTime": 5,
            "pageLoadTime": 8084,
            "redirectionTime": 306,
            "serverConnectionTime": 72,
            "serverResponseTime": 282
          },
          "rumSpeedIndex": 672,
          "timeToContentfulPaint": 2531,
          "timeToDomContentFlushed": 2343,
          "userTimings": {
            "marks": [
              {
                "name": "gpt-tag-load",
                "startTime": 6439.88
              },
              {
                "name": "gpt-first-ad-request",
                "startTime": 8021.74
              },
              {
                "name": "gpt-first-ad-render",
                "startTime": 10200.26
              }
            ],
            "measures": []
          }
        }
      },
      {
        "browser": {
          "appConstants": {
            "ACCESSIBILITY": true,
            "ANDROID_PACKAGE_NAME": "org.mozilla.firefox",
            "ASAN": false,
            "ASAN_REPORTER": false,
            "BROWSER_CHROME_URL": "chrome://browser/content/browser.xul",
            "DEBUG": false,
            "DEBUG_JS_MODULES": "",
            "DLL_PREFIX": "lib",
            "DLL_SUFFIX": ".so",
            "EARLY_BETA_OR_EARLIER": false,
            "FENNEC_NIGHTLY": false,
            "HAVE_SHELL_SERVICE": false,
            "HAVE_USR_LIB64_DIR": false,
            "MENUBAR_CAN_AUTOHIDE": false,
            "MOZILLA_OFFICIAL": true,
            "MOZ_ALLOW_LEGACY_EXTENSIONS": false,
            "MOZ_ANDROID_ACTIVITY_STREAM": false,
            "MOZ_ANDROID_HISTORY": true,
            "MOZ_ANDROID_MOZILLA_ONLINE": false,
            "MOZ_APP_NAME": "fennec",
            "MOZ_APP_VERSION": "68.1.1",
            "MOZ_APP_VERSION_DISPLAY": "68.1.1",
            "MOZ_BING_API_CLIENTID": "no-bing-api-clientid",
            "MOZ_BING_API_KEY": "no-bing-api-key",
            "MOZ_BITS_DOWNLOAD": false,
            "MOZ_BUILD_APP": "mobile/android",
            "MOZ_CODE_COVERAGE": false,
            "MOZ_CRASHREPORTER": true,
            "MOZ_DATA_REPORTING": true,
            "MOZ_DEV_EDITION": false,
            "MOZ_GECKO_PROFILER": true,
            "MOZ_GOOGLE_LOCATION_SERVICE_API_KEY": "AIzaSyB2h2OuRcUgy5N-5hsZqiPW6sH3n_rptiQ",
            "MOZ_GOOGLE_SAFEBROWSING_API_KEY": "AIzaSyC7jsptDS3am4tPx4r3nxis7IMjBc5Dovo",
            "MOZ_GRAPHENE": false,
            "MOZ_MACBUNDLE_NAME": "Firefox.app",
            "MOZ_MAINTENANCE_SERVICE": false,
            "MOZ_MOZILLA_API_KEY": "3b4d27dd-703d-4094-8398-4de2c763505a",
            "MOZ_NEW_CERT_STORAGE": false,
            "MOZ_NEW_NOTIFICATION_STORE": false,
            "MOZ_NEW_XULSTORE": false,
            "MOZ_OFFICIAL_BRANDING": false,
            "MOZ_PLACES": false,
            "MOZ_REQUIRE_SIGNING": false,
            "MOZ_SANDBOX": false,
            "MOZ_SERVICES_HEALTHREPORT": true,
            "MOZ_SERVICES_SYNC": false,
            "MOZ_SWITCHBOARD": true,
            "MOZ_SYSTEM_NSS": false,
            "MOZ_TELEMETRY_ON_BY_DEFAULT": false,
            "MOZ_TELEMETRY_REPORTING": true,
            "MOZ_UNSIGNED_SCOPES": 0,
            "MOZ_UPDATER": false,
            "MOZ_UPDATE_CHANNEL": "release",
            "MOZ_WEBRTC": true,
            "MOZ_WIDGET_GTK": false,
            "MOZ_WIDGET_TOOLKIT": "android",
            "NIGHTLY_BUILD": false,
            "OMNIJAR_NAME": "assets/omni.ja",
            "RELEASE_OR_BETA": true,
            "SOURCE_REVISION_URL": "https://hg.mozilla.org/releases/mozilla-esr68/rev/d2e0b9e17b9bc1ef02606c8006b73293f7892ad5",
            "TELEMETRY_PING_FORMAT_VERSION": 4,
            "XP_UNIX": true,
            "isPlatformAndVersionAtLeast": {},
            "isPlatformAndVersionAtMost": {},
            "platform": "android"
          },
          "asyncAppConstants": {
            "ACCESSIBILITY": true,
            "ANDROID_PACKAGE_NAME": "org.mozilla.firefox",
            "ASAN": false,
            "ASAN_REPORTER": false,
            "BROWSER_CHROME_URL": "chrome://browser/content/browser.xul",
            "DEBUG": false,
            "DEBUG_JS_MODULES": "",
            "DLL_PREFIX": "lib",
            "DLL_SUFFIX": ".so",
            "EARLY_BETA_OR_EARLIER": false,
            "FENNEC_NIGHTLY": false,
            "HAVE_SHELL_SERVICE": false,
            "HAVE_USR_LIB64_DIR": false,
            "MENUBAR_CAN_AUTOHIDE": false,
            "MOZILLA_OFFICIAL": true,
            "MOZ_ALLOW_LEGACY_EXTENSIONS": false,
            "MOZ_ANDROID_ACTIVITY_STREAM": false,
            "MOZ_ANDROID_HISTORY": true,
            "MOZ_ANDROID_MOZILLA_ONLINE": false,
            "MOZ_APP_NAME": "fennec",
            "MOZ_APP_VERSION": "68.1.1",
            "MOZ_APP_VERSION_DISPLAY": "68.1.1",
            "MOZ_BING_API_CLIENTID": "no-bing-api-clientid",
            "MOZ_BING_API_KEY": "no-bing-api-key",
            "MOZ_BITS_DOWNLOAD": false,
            "MOZ_BUILD_APP": "mobile/android",
            "MOZ_CODE_COVERAGE": false,
            "MOZ_CRASHREPORTER": true,
            "MOZ_DATA_REPORTING": true,
            "MOZ_DEV_EDITION": false,
            "MOZ_GECKO_PROFILER": true,
            "MOZ_GOOGLE_LOCATION_SERVICE_API_KEY": "AIzaSyB2h2OuRcUgy5N-5hsZqiPW6sH3n_rptiQ",
            "MOZ_GOOGLE_SAFEBROWSING_API_KEY": "AIzaSyC7jsptDS3am4tPx4r3nxis7IMjBc5Dovo",
            "MOZ_GRAPHENE": false,
            "MOZ_MACBUNDLE_NAME": "Firefox.app",
            "MOZ_MAINTENANCE_SERVICE": false,
            "MOZ_MOZILLA_API_KEY": "3b4d27dd-703d-4094-8398-4de2c763505a",
            "MOZ_NEW_CERT_STORAGE": false,
            "MOZ_NEW_NOTIFICATION_STORE": false,
            "MOZ_NEW_XULSTORE": false,
            "MOZ_OFFICIAL_BRANDING": false,
            "MOZ_PLACES": false,
            "MOZ_REQUIRE_SIGNING": false,
            "MOZ_SANDBOX": false,
            "MOZ_SERVICES_HEALTHREPORT": true,
            "MOZ_SERVICES_SYNC": false,
            "MOZ_SWITCHBOARD": true,
            "MOZ_SYSTEM_NSS": false,
            "MOZ_TELEMETRY_ON_BY_DEFAULT": false,
            "MOZ_TELEMETRY_REPORTING": true,
            "MOZ_UNSIGNED_SCOPES": 0,
            "MOZ_UPDATER": false,
            "MOZ_UPDATE_CHANNEL": "release",
            "MOZ_WEBRTC": true,
            "MOZ_WIDGET_GTK": false,
            "MOZ_WIDGET_TOOLKIT": "android",
            "NIGHTLY_BUILD": false,
            "OMNIJAR_NAME": "assets/omni.ja",
            "RELEASE_OR_BETA": true,
            "SOURCE_REVISION_URL": "https://hg.mozilla.org/releases/mozilla-esr68/rev/d2e0b9e17b9bc1ef02606c8006b73293f7892ad5",
            "TELEMETRY_PING_FORMAT_VERSION": 4,
            "XP_UNIX": true,
            "isPlatformAndVersionAtLeast": {},
            "isPlatformAndVersionAtMost": {},
            "platform": "android"
          },
          "userAgent": "Mozilla/5.0 (Android 8.1.0; Mobile; rv:68.0) Gecko/68.0 Firefox/68.0",
          "windowSize": "360x560"
        },
        "pageinfo": {
          "documentHeight": 8178,
          "documentSize": {
            "decodedBodySize": 120700,
            "encodedBodySize": 23813,
            "transferSize": 24884
          },
          "documentTitle": "Tribunnews.com Mobile",
          "documentWidth": 360,
          "domElements": 1020,
          "navigationStartTime": 1617060978601,
          "nextHopProtocol": "h2",
          "resources": {
            "count": 0,
            "duration": 0
          },
          "responsive": true,
          "url": "https://m.tribunnews.com/",
          "visualElements": {
            "heroes": [
              {
                "filename": "tribunnews.svg",
                "height": 40,
                "name": "LargestImage",
                "width": 164,
                "x": 8,
                "y": 507
              }
            ],
            "viewport": {
              "height": 560,
              "width": 360
            }
          }
        },
        "timings": {
          "firstPaint": 2058,
          "loadEventEnd": 6976,
          "navigationTiming": {
            "connectStart": 181,
            "domComplete": 6802,
            "domContentLoadedEventEnd": 2958,
            "domContentLoadedEventStart": 2888,
            "domInteractive": 1705,
            "domainLookupEnd": 181,
            "domainLookupStart": 181,
            "duration": 6976,
            "fetchStart": 162,
            "loadEventEnd": 6976,
            "loadEventStart": 6802,
            "redirectEnd": 159,
            "redirectStart": 2,
            "requestStart": 275,
            "responseEnd": 315,
            "responseStart": 313,
            "secureConnectionStart": 193,
            "startTime": 0,
            "unloadEventEnd": 0,
            "unloadEventStart": 0,
            "workerStart": 0
          },
          "pageTimings": {
            "backEndTime": 313,
            "domContentLoadedTime": 2888,
            "domInteractiveTime": 1705,
            "domainLookupTime": 0,
            "frontEndTime": 6486,
            "pageDownloadTime": 2,
            "pageLoadTime": 6802,
            "redirectionTime": 156,
            "serverConnectionTime": 92,
            "serverResponseTime": 41
          },
          "rumSpeedIndex": 313,
          "timeToContentfulPaint": 2248,
          "timeToDomContentFlushed": 2015,
          "userTimings": {
            "marks": [
              {
                "name": "gpt-tag-load",
                "startTime": 5262.76
              },
              {
                "name": "gpt-first-ad-request",
                "startTime": 6642.7
              },
              {
                "name": "gpt-first-ad-render",
                "startTime": 8695.22
              }
            ],
            "measures": []
          }
        }
      },
      {
        "browser": {
          "appConstants": {
            "ACCESSIBILITY": true,
            "ANDROID_PACKAGE_NAME": "org.mozilla.firefox",
            "ASAN": false,
            "ASAN_REPORTER": false,
            "BROWSER_CHROME_URL": "chrome://browser/content/browser.xul",
            "DEBUG": false,
            "DEBUG_JS_MODULES": "",
            "DLL_PREFIX": "lib",
            "DLL_SUFFIX": ".so",
            "EARLY_BETA_OR_EARLIER": false,
            "FENNEC_NIGHTLY": false,
            "HAVE_SHELL_SERVICE": false,
            "HAVE_USR_LIB64_DIR": false,
            "MENUBAR_CAN_AUTOHIDE": false,
            "MOZILLA_OFFICIAL": true,
            "MOZ_ALLOW_LEGACY_EXTENSIONS": false,
            "MOZ_ANDROID_ACTIVITY_STREAM": false,
            "MOZ_ANDROID_HISTORY": true,
            "MOZ_ANDROID_MOZILLA_ONLINE": false,
            "MOZ_APP_NAME": "fennec",
            "MOZ_APP_VERSION": "68.1.1",
            "MOZ_APP_VERSION_DISPLAY": "68.1.1",
            "MOZ_BING_API_CLIENTID": "no-bing-api-clientid",
            "MOZ_BING_API_KEY": "no-bing-api-key",
            "MOZ_BITS_DOWNLOAD": false,
            "MOZ_BUILD_APP": "mobile/android",
            "MOZ_CODE_COVERAGE": false,
            "MOZ_CRASHREPORTER": true,
            "MOZ_DATA_REPORTING": true,
            "MOZ_DEV_EDITION": false,
            "MOZ_GECKO_PROFILER": true,
            "MOZ_GOOGLE_LOCATION_SERVICE_API_KEY": "AIzaSyB2h2OuRcUgy5N-5hsZqiPW6sH3n_rptiQ",
            "MOZ_GOOGLE_SAFEBROWSING_API_KEY": "AIzaSyC7jsptDS3am4tPx4r3nxis7IMjBc5Dovo",
            "MOZ_GRAPHENE": false,
            "MOZ_MACBUNDLE_NAME": "Firefox.app",
            "MOZ_MAINTENANCE_SERVICE": false,
            "MOZ_MOZILLA_API_KEY": "3b4d27dd-703d-4094-8398-4de2c763505a",
            "MOZ_NEW_CERT_STORAGE": false,
            "MOZ_NEW_NOTIFICATION_STORE": false,
            "MOZ_NEW_XULSTORE": false,
            "MOZ_OFFICIAL_BRANDING": false,
            "MOZ_PLACES": false,
            "MOZ_REQUIRE_SIGNING": false,
            "MOZ_SANDBOX": false,
            "MOZ_SERVICES_HEALTHREPORT": true,
            "MOZ_SERVICES_SYNC": false,
            "MOZ_SWITCHBOARD": true,
            "MOZ_SYSTEM_NSS": false,
            "MOZ_TELEMETRY_ON_BY_DEFAULT": false,
            "MOZ_TELEMETRY_REPORTING": true,
            "MOZ_UNSIGNED_SCOPES": 0,
            "MOZ_UPDATER": false,
            "MOZ_UPDATE_CHANNEL": "release",
            "MOZ_WEBRTC": true,
            "MOZ_WIDGET_GTK": false,
            "MOZ_WIDGET_TOOLKIT": "android",
            "NIGHTLY_BUILD": false,
            "OMNIJAR_NAME": "assets/omni.ja",
            "RELEASE_OR_BETA": true,
            "SOURCE_REVISION_URL": "https://hg.mozilla.org/releases/mozilla-esr68/rev/d2e0b9e17b9bc1ef02606c8006b73293f7892ad5",
            "TELEMETRY_PING_FORMAT_VERSION": 4,
            "XP_UNIX": true,
            "isPlatformAndVersionAtLeast": {},
            "isPlatformAndVersionAtMost": {},
            "platform": "android"
          },
          "asyncAppConstants": {
            "ACCESSIBILITY": true,
            "ANDROID_PACKAGE_NAME": "org.mozilla.firefox",
            "ASAN": false,
            "ASAN_REPORTER": false,
            "BROWSER_CHROME_URL": "chrome://browser/content/browser.xul",
            "DEBUG": false,
            "DEBUG_JS_MODULES": "",
            "DLL_PREFIX": "lib",
            "DLL_SUFFIX": ".so",
            "EARLY_BETA_OR_EARLIER": false,
            "FENNEC_NIGHTLY": false,
            "HAVE_SHELL_SERVICE": false,
            "HAVE_USR_LIB64_DIR": false,
            "MENUBAR_CAN_AUTOHIDE": false,
            "MOZILLA_OFFICIAL": true,
            "MOZ_ALLOW_LEGACY_EXTENSIONS": false,
            "MOZ_ANDROID_ACTIVITY_STREAM": false,
            "MOZ_ANDROID_HISTORY": true,
            "MOZ_ANDROID_MOZILLA_ONLINE": false,
            "MOZ_APP_NAME": "fennec",
            "MOZ_APP_VERSION": "68.1.1",
            "MOZ_APP_VERSION_DISPLAY": "68.1.1",
            "MOZ_BING_API_CLIENTID": "no-bing-api-clientid",
            "MOZ_BING_API_KEY": "no-bing-api-key",
            "MOZ_BITS_DOWNLOAD": false,
            "MOZ_BUILD_APP": "mobile/android",
            "MOZ_CODE_COVERAGE": false,
            "MOZ_CRASHREPORTER": true,
            "MOZ_DATA_REPORTING": true,
            "MOZ_DEV_EDITION": false,
            "MOZ_GECKO_PROFILER": true,
            "MOZ_GOOGLE_LOCATION_SERVICE_API_KEY": "AIzaSyB2h2OuRcUgy5N-5hsZqiPW6sH3n_rptiQ",
            "MOZ_GOOGLE_SAFEBROWSING_API_KEY": "AIzaSyC7jsptDS3am4tPx4r3nxis7IMjBc5Dovo",
            "MOZ_GRAPHENE": false,
            "MOZ_MACBUNDLE_NAME": "Firefox.app",
            "MOZ_MAINTENANCE_SERVICE": false,
            "MOZ_MOZILLA_API_KEY": "3b4d27dd-703d-4094-8398-4de2c763505a",
            "MOZ_NEW_CERT_STORAGE": false,
            "MOZ_NEW_NOTIFICATION_STORE": false,
            "MOZ_NEW_XULSTORE": false,
            "MOZ_OFFICIAL_BRANDING": false,
            "MOZ_PLACES": false,
            "MOZ_REQUIRE_SIGNING": false,
            "MOZ_SANDBOX": false,
            "MOZ_SERVICES_HEALTHREPORT": true,
            "MOZ_SERVICES_SYNC": false,
            "MOZ_SWITCHBOARD": true,
            "MOZ_SYSTEM_NSS": false,
            "MOZ_TELEMETRY_ON_BY_DEFAULT": false,
            "MOZ_TELEMETRY_REPORTING": true,
            "MOZ_UNSIGNED_SCOPES": 0,
            "MOZ_UPDATER": false,
            "MOZ_UPDATE_CHANNEL": "release",
            "MOZ_WEBRTC": true,
            "MOZ_WIDGET_GTK": false,
            "MOZ_WIDGET_TOOLKIT": "android",
            "NIGHTLY_BUILD": false,
            "OMNIJAR_NAME": "assets/omni.ja",
            "RELEASE_OR_BETA": true,
            "SOURCE_REVISION_URL": "https://hg.mozilla.org/releases/mozilla-esr68/rev/d2e0b9e17b9bc1ef02606c8006b73293f7892ad5",
            "TELEMETRY_PING_FORMAT_VERSION": 4,
            "XP_UNIX": true,
            "isPlatformAndVersionAtLeast": {},
            "isPlatformAndVersionAtMost": {},
            "platform": "android"
          },
          "userAgent": "Mozilla/5.0 (Android 8.1.0; Mobile; rv:68.0) Gecko/68.0 Firefox/68.0",
          "windowSize": "360x560"
        },
        "pageinfo": {
          "documentHeight": 8178,
          "documentSize": {
            "decodedBodySize": 120700,
            "encodedBodySize": 23813,
            "transferSize": 24884
          },
          "documentTitle": "Tribunnews.com Mobile",
          "documentWidth": 360,
          "domElements": 1020,
          "navigationStartTime": 1617061011151,
          "nextHopProtocol": "h2",
          "resources": {
            "count": 0,
            "duration": 0
          },
          "responsive": true,
          "url": "https://m.tribunnews.com/",
          "visualElements": {
            "heroes": [
              {
                "filename": "tribunnews.svg",
                "height": 40,
                "name": "LargestImage",
                "width": 164,
                "x": 8,
                "y": 507
              }
            ],
            "viewport": {
              "height": 560,
              "width": 360
            }
          }
        },
        "timings": {
          "firstPaint": 2068,
          "loadEventEnd": 7116,
          "navigationTiming": {
            "connectStart": 163,
            "domComplete": 6961,
            "domContentLoadedEventEnd": 2926,
            "domContentLoadedEventStart": 2857,
            "domInteractive": 1745,
            "domainLookupEnd": 162,
            "domainLookupStart": 162,
            "duration": 7116,
            "fetchStart": 141,
            "loadEventEnd": 7116,
            "loadEventStart": 6961,
            "redirectEnd": 133,
            "redirectStart": 3,
            "requestStart": 238,
            "responseEnd": 256,
            "responseStart": 254,
            "secureConnectionStart": 171,
            "startTime": 0,
            "unloadEventEnd": 0,
            "unloadEventStart": 0,
            "workerStart": 0
          },
          "pageTimings": {
            "backEndTime": 254,
            "domContentLoadedTime": 2857,
            "domInteractiveTime": 1745,
            "domainLookupTime": 0,
            "frontEndTime": 6705,
            "pageDownloadTime": 2,
            "pageLoadTime": 6961,
            "redirectionTime": 130,
            "serverConnectionTime": 74,
            "serverResponseTime": 18
          },
          "rumSpeedIndex": 253,
          "timeToContentfulPaint": 2246,
          "timeToDomContentFlushed": 2042,
          "userTimings": {
            "marks": [
              {
                "name": "gpt-tag-load",
                "startTime": 5425.96
              },
              {
                "name": "gpt-first-ad-request",
                "startTime": 6766.8
              },
              {
                "name": "gpt-first-ad-render",
                "startTime": 8627.4
              }
            ],
            "measures": []
          }
        }
      }
    ],
    "visualMetrics": [],
    "cpu": [],
    "extras": [
      {},
      {},
      {}
    ],
    "fullyLoaded": [],
    "errors": [
      [],
      [],
      []
    ],
    "statistics": {
      "browser": {
        "appConstants": {
          "MOZ_UNSIGNED_SCOPES": {
            "median": 0,
            "mean": 0,
            "mdev": 0,
            "stddev": 0,
            "min": 0,
            "p10": 0,
            "p90": 0,
            "p99": 0,
            "max": 0
          },
          "TELEMETRY_PING_FORMAT_VERSION": {
            "median": 4,
            "mean": 4,
            "mdev": 0,
            "stddev": 0,
            "min": 4,
            "p10": 4,
            "p90": 4,
            "p99": 4,
            "max": 4
          }
        },
        "asyncAppConstants": {
          "MOZ_UNSIGNED_SCOPES": {
            "median": 0,
            "mean": 0,
            "mdev": 0,
            "stddev": 0,
            "min": 0,
            "p10": 0,
            "p90": 0,
            "p99": 0,
            "max": 0
          },
          "TELEMETRY_PING_FORMAT_VERSION": {
            "median": 4,
            "mean": 4,
            "mdev": 0,
            "stddev": 0,
            "min": 4,
            "p10": 4,
            "p90": 4,
            "p99": 4,
            "max": 4
          }
        }
      },
      "pageinfo": {
        "documentHeight": {
          "median": 8178,
          "mean": 8178,
          "mdev": 0,
          "stddev": 0,
          "min": 8178,
          "p10": 8178,
          "p90": 8178,
          "p99": 8178,
          "max": 8178
        },
        "documentSize": {
          "decodedBodySize": {
            "median": 120700,
            "mean": 120700,
            "mdev": 0,
            "stddev": 0,
            "min": 120700,
            "p10": 120700,
            "p90": 120700,
            "p99": 120700,
            "max": 120700
          },
          "encodedBodySize": {
            "median": 23813,
            "mean": 23813,
            "mdev": 0,
            "stddev": 0,
            "min": 23813,
            "p10": 23813,
            "p90": 23813,
            "p99": 23813,
            "max": 23813
          },
          "transferSize": {
            "median": 24884,
            "mean": 24881,
            "mdev": 2.1773,
            "stddev": 4,
            "min": 24876,
            "p10": 24876,
            "p90": 24884,
            "p99": 24884,
            "max": 24884
          }
        },
        "documentWidth": {
          "median": 360,
          "mean": 360,
          "mdev": 0,
          "stddev": 0,
          "min": 360,
          "p10": 360,
          "p90": 360,
          "p99": 360,
          "max": 360
        },
        "domElements": {
          "median": 1020,
          "mean": 1020,
          "mdev": 0,
          "stddev": 0,
          "min": 1020,
          "p10": 1020,
          "p90": 1020,
          "p99": 1020,
          "max": 1020
        },
        "navigationStartTime": {
          "median": 1617060978601,
          "mean": 1617060976440,
          "mdev": 17836.64,
          "stddev": 30894,
          "min": 1617060939569,
          "p10": 1617060939569,
          "p90": 1617061011151,
          "p99": 1617061011151,
          "max": 1617061011151
        },
        "resources": {
          "count": {
            "median": 0,
            "mean": 0,
            "mdev": 0,
            "stddev": 0,
            "min": 0,
            "p10": 0,
            "p90": 0,
            "p99": 0,
            "max": 0
          },
          "duration": {
            "median": 0,
            "mean": 0,
            "mdev": 0,
            "stddev": 0,
            "min": 0,
            "p10": 0,
            "p90": 0,
            "p99": 0,
            "max": 0
          }
        },
        "visualElements": {
          "heroes": [
            {
              "height": {
                "median": 40,
                "mean": 40,
                "mdev": 0,
                "stddev": 0,
                "min": 40,
                "p10": 40,
                "p90": 40,
                "p99": 40,
                "max": 40
              },
              "width": {
                "median": 164,
                "mean": 164,
                "mdev": 0,
                "stddev": 0,
                "min": 164,
                "p10": 164,
                "p90": 164,
                "p99": 164,
                "max": 164
              },
              "x": {
                "median": 8,
                "mean": 8,
                "mdev": 0,
                "stddev": 0,
                "min": 8,
                "p10": 8,
                "p90": 8,
                "p99": 8,
                "max": 8
              },
              "y": {
                "median": 507,
                "mean": 507,
                "mdev": 0,
                "stddev": 0,
                "min": 507,
                "p10": 507,
                "p90": 507,
                "p99": 507,
                "max": 507
              }
            }
          ],
          "viewport": {
            "height": {
              "median": 560,
              "mean": 560,
              "mdev": 0,
              "stddev": 0,
              "min": 560,
              "p10": 560,
              "p90": 560,
              "p99": 560,
              "max": 560
            },
            "width": {
              "median": 360,
              "mean": 360,
              "mdev": 0,
              "stddev": 0,
              "min": 360,
              "p10": 360,
              "p90": 360,
              "p99": 360,
              "max": 360
            }
          }
        }
      },
      "timings": {
        "firstPaint": {
          "median": 2068,
          "mean": 2166,
          "mdev": 83.8601,
          "stddev": 145,
          "min": 2058,
          "p10": 2058,
          "p90": 2371,
          "p99": 2371,
          "max": 2371
        },
        "loadEventEnd": {
          "median": 7116,
          "mean": 7456,
          "mdev": 336.386,
          "stddev": 583,
          "min": 6976,
          "p10": 6976,
          "p90": 8276,
          "p99": 8276,
          "max": 8276
        },
        "navigationTiming": {
          "connectStart": {
            "median": 181,
            "mean": 222,
            "mdev": 41.3154,
            "stddev": 72,
            "min": 163,
            "p10": 163,
            "p90": 323,
            "p99": 323,
            "max": 323
          },
          "domComplete": {
            "median": 6961,
            "mean": 7282,
            "mdev": 329.1474,
            "stddev": 570,
            "min": 6802,
            "p10": 6802,
            "p90": 8083,
            "p99": 8083,
            "max": 8083
          },
          "domContentLoadedEventEnd": {
            "median": 2958,
            "mean": 3049,
            "mdev": 87.419,
            "stddev": 151,
            "min": 2926,
            "p10": 2926,
            "p90": 3262,
            "p99": 3262,
            "max": 3262
          },
          "domContentLoadedEventStart": {
            "median": 2888,
            "mean": 2978,
            "mdev": 86.4497,
            "stddev": 150,
            "min": 2857,
            "p10": 2857,
            "p90": 3189,
            "p99": 3189,
            "max": 3189
          },
          "domInteractive": {
            "median": 1745,
            "mean": 1775,
            "mdev": 41.6342,
            "stddev": 72,
            "min": 1705,
            "p10": 1705,
            "p90": 1874,
            "p99": 1874,
            "max": 1874
          },
          "domainLookupEnd": {
            "median": 181,
            "mean": 222,
            "mdev": 41.4756,
            "stddev": 72,
            "min": 162,
            "p10": 162,
            "p90": 323,
            "p99": 323,
            "max": 323
          },
          "domainLookupStart": {
            "median": 181,
            "mean": 219,
            "mdev": 39.0413,
            "stddev": 68,
            "min": 162,
            "p10": 162,
            "p90": 314,
            "p99": 314,
            "max": 314
          },
          "duration": {
            "median": 7116,
            "mean": 7456,
            "mdev": 336.386,
            "stddev": 583,
            "min": 6976,
            "p10": 6976,
            "p90": 8276,
            "p99": 8276,
            "max": 8276
          },
          "fetchStart": {
            "median": 162,
            "mean": 206,
            "mdev": 44.503,
            "stddev": 77,
            "min": 141,
            "p10": 141,
            "p90": 314,
            "p99": 314,
            "max": 314
          },
          "loadEventEnd": {
            "median": 7116,
            "mean": 7456,
            "mdev": 336.386,
            "stddev": 583,
            "min": 6976,
            "p10": 6976,
            "p90": 8276,
            "p99": 8276,
            "max": 8276
          },
          "loadEventStart": {
            "median": 6961,
            "mean": 7282,
            "mdev": 329.4178,
            "stddev": 571,
            "min": 6802,
            "p10": 6802,
            "p90": 8084,
            "p99": 8084,
            "max": 8084
          },
          "redirectEnd": {
            "median": 159,
            "mean": 201,
            "mdev": 45.3235,
            "stddev": 79,
            "min": 133,
            "p10": 133,
            "p90": 311,
            "p99": 311,
            "max": 311
          },
          "redirectStart": {
            "median": 3,
            "mean": 3,
            "mdev": 0.7201,
            "stddev": 1,
            "min": 2,
            "p10": 2,
            "p90": 5,
            "p99": 5,
            "max": 5
          },
          "requestStart": {
            "median": 275,
            "mean": 303,
            "mdev": 38.6906,
            "stddev": 67,
            "min": 238,
            "p10": 238,
            "p90": 395,
            "p99": 395,
            "max": 395
          },
          "responseEnd": {
            "median": 315,
            "mean": 416,
            "mdev": 107.7263,
            "stddev": 187,
            "min": 256,
            "p10": 256,
            "p90": 678,
            "p99": 678,
            "max": 678
          },
          "responseStart": {
            "median": 313,
            "mean": 413,
            "mdev": 106.6469,
            "stddev": 185,
            "min": 254,
            "p10": 254,
            "p90": 672,
            "p99": 672,
            "max": 672
          },
          "secureConnectionStart": {
            "median": 193,
            "mean": 234,
            "mdev": 43.0435,
            "stddev": 75,
            "min": 171,
            "p10": 171,
            "p90": 339,
            "p99": 339,
            "max": 339
          },
          "startTime": {
            "median": 0,
            "mean": 0,
            "mdev": 0,
            "stddev": 0,
            "min": 0,
            "p10": 0,
            "p90": 0,
            "p99": 0,
            "max": 0
          },
          "unloadEventEnd": {
            "median": 0,
            "mean": 0,
            "mdev": 0,
            "stddev": 0,
            "min": 0,
            "p10": 0,
            "p90": 0,
            "p99": 0,
            "max": 0
          },
          "unloadEventStart": {
            "median": 0,
            "mean": 0,
            "mdev": 0,
            "stddev": 0,
            "min": 0,
            "p10": 0,
            "p90": 0,
            "p99": 0,
            "max": 0
          },
          "workerStart": {
            "median": 0,
            "mean": 0,
            "mdev": 0,
            "stddev": 0,
            "min": 0,
            "p10": 0,
            "p90": 0,
            "p99": 0,
            "max": 0
          }
        },
        "pageTimings": {
          "backEndTime": {
            "median": 313,
            "mean": 413,
            "mdev": 106.6469,
            "stddev": 185,
            "min": 254,
            "p10": 254,
            "p90": 672,
            "p99": 672,
            "max": 672
          },
          "domContentLoadedTime": {
            "median": 2888,
            "mean": 2978,
            "mdev": 86.4497,
            "stddev": 150,
            "min": 2857,
            "p10": 2857,
            "p90": 3189,
            "p99": 3189,
            "max": 3189
          },
          "domInteractiveTime": {
            "median": 1745,
            "mean": 1775,
            "mdev": 41.6342,
            "stddev": 72,
            "min": 1705,
            "p10": 1705,
            "p90": 1874,
            "p99": 1874,
            "max": 1874
          },
          "domainLookupTime": {
            "median": 0,
            "mean": 3,
            "mdev": 2.1773,
            "stddev": 4,
            "min": 0,
            "p10": 0,
            "p90": 8,
            "p99": 8,
            "max": 8
          },
          "frontEndTime": {
            "median": 6705,
            "mean": 6866,
            "mdev": 226.5492,
            "stddev": 392,
            "min": 6486,
            "p10": 6486,
            "p90": 7406,
            "p99": 7406,
            "max": 7406
          },
          "pageDownloadTime": {
            "median": 2,
            "mean": 3,
            "mdev": 0.8165,
            "stddev": 1,
            "min": 2,
            "p10": 2,
            "p90": 5,
            "p99": 5,
            "max": 5
          },
          "pageLoadTime": {
            "median": 6961,
            "mean": 7282,
            "mdev": 329.4178,
            "stddev": 571,
            "min": 6802,
            "p10": 6802,
            "p90": 8084,
            "p99": 8084,
            "max": 8084
          },
          "redirectionTime": {
            "median": 156,
            "mean": 197,
            "mdev": 44.7843,
            "stddev": 78,
            "min": 130,
            "p10": 130,
            "p90": 306,
            "p99": 306,
            "max": 306
          },
          "serverConnectionTime": {
            "median": 74,
            "mean": 79,
            "mdev": 5.1926,
            "stddev": 9,
            "min": 72,
            "p10": 72,
            "p90": 92,
            "p99": 92,
            "max": 92
          },
          "serverResponseTime": {
            "median": 41,
            "mean": 114,
            "mdev": 68.9353,
            "stddev": 119,
            "min": 18,
            "p10": 18,
            "p90": 282,
            "p99": 282,
            "max": 282
          }
        },
        "rumSpeedIndex": {
          "median": 313,
          "mean": 413,
          "mdev": 106.8127,
          "stddev": 185,
          "min": 253,
          "p10": 253,
          "p90": 672,
          "p99": 672,
          "max": 672
        },
        "timeToContentfulPaint": {
          "median": 2248,
          "mean": 2342,
          "mdev": 77.2964,
          "stddev": 134,
          "min": 2246,
          "p10": 2246,
          "p90": 2531,
          "p99": 2531,
          "max": 2531
        },
        "timeToDomContentFlushed": {
          "median": 2042,
          "mean": 2133,
          "mdev": 85.8323,
          "stddev": 149,
          "min": 2015,
          "p10": 2015,
          "p90": 2343,
          "p99": 2343,
          "max": 2343
        },
        "userTimings": {
          "marks": {
            "gpt-tag-load": {
              "median": 5426,
              "mean": 5710,
              "mdev": 300.6339,
              "stddev": 521,
              "min": 5263,
              "p10": 5263,
              "p90": 6440,
              "p99": 6440,
              "max": 6440
            },
            "gpt-first-ad-request": {
              "median": 6767,
              "mean": 7144,
              "mdev": 359.6308,
              "stddev": 623,
              "min": 6643,
              "p10": 6643,
              "p90": 8022,
              "p99": 8022,
              "max": 8022
            },
            "gpt-first-ad-render": {
              "median": 8695,
              "mean": 9174,
              "mdev": 419.1541,
              "stddev": 726,
              "min": 8627,
              "p10": 8627,
              "p90": 10200,
              "p99": 10200,
              "max": 10200
            }
          }
        }
      }
    }
  }
]