[
  {
    "info": {
      "browsertime": {
        "version": "8.4.0"
      },
      "url": "https://www.nytimes.com/",
      "timestamp": "2021-03-30T07:34:58+04:00",
      "connectivity": {
        "engine": "external",
        "profile": "native"
      },
      "extra": {}
    },
    "files": {
      "video": [],
      "screenshot": [],
      "timeline": [],
      "consoleLog": [],
      "netLog": [],
      "perfLog": []
    },
    "cdp": {
      "performance": []
    },
    "timestamps": [
      "2021-03-30T07:32:05+04:00",
      "2021-03-30T07:34:34+04:00",
      "2021-03-30T07:35:12+04:00",
      "2021-03-30T07:37:15+04:00",
      "2021-03-30T07:39:48+04:00"
    ],
    "browserScripts": [
      {
        "browser": {
          "appConstants": {
            "ACCESSIBILITY": true,
            "ANDROID_PACKAGE_NAME": "org.mozilla.firefox",
            "ASAN": false,
            "ASAN_REPORTER": false,
            "BROWSER_CHROME_URL": "chrome://browser/content/browser.xul",
            "DEBUG": false,
            "DEBUG_JS_MODULES": "",
            "DLL_PREFIX": "lib",
            "DLL_SUFFIX": ".so",
            "EARLY_BETA_OR_EARLIER": false,
            "FENNEC_NIGHTLY": false,
            "HAVE_SHELL_SERVICE": false,
            "HAVE_USR_LIB64_DIR": false,
            "MENUBAR_CAN_AUTOHIDE": false,
            "MOZILLA_OFFICIAL": true,
            "MOZ_ALLOW_LEGACY_EXTENSIONS": false,
            "MOZ_ANDROID_ACTIVITY_STREAM": false,
            "MOZ_ANDROID_HISTORY": true,
            "MOZ_ANDROID_MOZILLA_ONLINE": false,
            "MOZ_APP_NAME": "fennec",
            "MOZ_APP_VERSION": "68.1.1",
            "MOZ_APP_VERSION_DISPLAY": "68.1.1",
            "MOZ_BING_API_CLIENTID": "no-bing-api-clientid",
            "MOZ_BING_API_KEY": "no-bing-api-key",
            "MOZ_BITS_DOWNLOAD": false,
            "MOZ_BUILD_APP": "mobile/android",
            "MOZ_CODE_COVERAGE": false,
            "MOZ_CRASHREPORTER": true,
            "MOZ_DATA_REPORTING": true,
            "MOZ_DEV_EDITION": false,
            "MOZ_GECKO_PROFILER": true,
            "MOZ_GOOGLE_LOCATION_SERVICE_API_KEY": "AIzaSyB2h2OuRcUgy5N-5hsZqiPW6sH3n_rptiQ",
            "MOZ_GOOGLE_SAFEBROWSING_API_KEY": "AIzaSyC7jsptDS3am4tPx4r3nxis7IMjBc5Dovo",
            "MOZ_GRAPHENE": false,
            "MOZ_MACBUNDLE_NAME": "Firefox.app",
            "MOZ_MAINTENANCE_SERVICE": false,
            "MOZ_MOZILLA_API_KEY": "3b4d27dd-703d-4094-8398-4de2c763505a",
            "MOZ_NEW_CERT_STORAGE": false,
            "MOZ_NEW_NOTIFICATION_STORE": false,
            "MOZ_NEW_XULSTORE": false,
            "MOZ_OFFICIAL_BRANDING": false,
            "MOZ_PLACES": false,
            "MOZ_REQUIRE_SIGNING": false,
            "MOZ_SANDBOX": false,
            "MOZ_SERVICES_HEALTHREPORT": true,
            "MOZ_SERVICES_SYNC": false,
            "MOZ_SWITCHBOARD": true,
            "MOZ_SYSTEM_NSS": false,
            "MOZ_TELEMETRY_ON_BY_DEFAULT": false,
            "MOZ_TELEMETRY_REPORTING": true,
            "MOZ_UNSIGNED_SCOPES": 0,
            "MOZ_UPDATER": false,
            "MOZ_UPDATE_CHANNEL": "release",
            "MOZ_WEBRTC": true,
            "MOZ_WIDGET_GTK": false,
            "MOZ_WIDGET_TOOLKIT": "android",
            "NIGHTLY_BUILD": false,
            "OMNIJAR_NAME": "assets/omni.ja",
            "RELEASE_OR_BETA": true,
            "SOURCE_REVISION_URL": "https://hg.mozilla.org/releases/mozilla-esr68/rev/d2e0b9e17b9bc1ef02606c8006b73293f7892ad5",
            "TELEMETRY_PING_FORMAT_VERSION": 4,
            "XP_UNIX": true,
            "isPlatformAndVersionAtLeast": {},
            "isPlatformAndVersionAtMost": {},
            "platform": "android"
          },
          "asyncAppConstants": {
            "ACCESSIBILITY": true,
            "ANDROID_PACKAGE_NAME": "org.mozilla.firefox",
            "ASAN": false,
            "ASAN_REPORTER": false,
            "BROWSER_CHROME_URL": "chrome://browser/content/browser.xul",
            "DEBUG": false,
            "DEBUG_JS_MODULES": "",
            "DLL_PREFIX": "lib",
            "DLL_SUFFIX": ".so",
            "EARLY_BETA_OR_EARLIER": false,
            "FENNEC_NIGHTLY": false,
            "HAVE_SHELL_SERVICE": false,
            "HAVE_USR_LIB64_DIR": false,
            "MENUBAR_CAN_AUTOHIDE": false,
            "MOZILLA_OFFICIAL": true,
            "MOZ_ALLOW_LEGACY_EXTENSIONS": false,
            "MOZ_ANDROID_ACTIVITY_STREAM": false,
            "MOZ_ANDROID_HISTORY": true,
            "MOZ_ANDROID_MOZILLA_ONLINE": false,
            "MOZ_APP_NAME": "fennec",
            "MOZ_APP_VERSION": "68.1.1",
            "MOZ_APP_VERSION_DISPLAY": "68.1.1",
            "MOZ_BING_API_CLIENTID": "no-bing-api-clientid",
            "MOZ_BING_API_KEY": "no-bing-api-key",
            "MOZ_BITS_DOWNLOAD": false,
            "MOZ_BUILD_APP": "mobile/android",
            "MOZ_CODE_COVERAGE": false,
            "MOZ_CRASHREPORTER": true,
            "MOZ_DATA_REPORTING": true,
            "MOZ_DEV_EDITION": false,
            "MOZ_GECKO_PROFILER": true,
            "MOZ_GOOGLE_LOCATION_SERVICE_API_KEY": "AIzaSyB2h2OuRcUgy5N-5hsZqiPW6sH3n_rptiQ",
            "MOZ_GOOGLE_SAFEBROWSING_API_KEY": "AIzaSyC7jsptDS3am4tPx4r3nxis7IMjBc5Dovo",
            "MOZ_GRAPHENE": false,
            "MOZ_MACBUNDLE_NAME": "Firefox.app",
            "MOZ_MAINTENANCE_SERVICE": false,
            "MOZ_MOZILLA_API_KEY": "3b4d27dd-703d-4094-8398-4de2c763505a",
            "MOZ_NEW_CERT_STORAGE": false,
            "MOZ_NEW_NOTIFICATION_STORE": false,
            "MOZ_NEW_XULSTORE": false,
            "MOZ_OFFICIAL_BRANDING": false,
            "MOZ_PLACES": false,
            "MOZ_REQUIRE_SIGNING": false,
            "MOZ_SANDBOX": false,
            "MOZ_SERVICES_HEALTHREPORT": true,
            "MOZ_SERVICES_SYNC": false,
            "MOZ_SWITCHBOARD": true,
            "MOZ_SYSTEM_NSS": false,
            "MOZ_TELEMETRY_ON_BY_DEFAULT": false,
            "MOZ_TELEMETRY_REPORTING": true,
            "MOZ_UNSIGNED_SCOPES": 0,
            "MOZ_UPDATER": false,
            "MOZ_UPDATE_CHANNEL": "release",
            "MOZ_WEBRTC": true,
            "MOZ_WIDGET_GTK": false,
            "MOZ_WIDGET_TOOLKIT": "android",
            "NIGHTLY_BUILD": false,
            "OMNIJAR_NAME": "assets/omni.ja",
            "RELEASE_OR_BETA": true,
            "SOURCE_REVISION_URL": "https://hg.mozilla.org/releases/mozilla-esr68/rev/d2e0b9e17b9bc1ef02606c8006b73293f7892ad5",
            "TELEMETRY_PING_FORMAT_VERSION": 4,
            "XP_UNIX": true,
            "isPlatformAndVersionAtLeast": {},
            "isPlatformAndVersionAtMost": {},
            "platform": "android"
          },
          "userAgent": "Mozilla/5.0 (Android 8.1.0; Mobile; rv:68.0) Gecko/68.0 Firefox/68.0",
          "windowSize": "360x560"
        },
        "pageinfo": {
          "documentHeight": 8229,
          "documentSize": {
            "decodedBodySize": 1446725,
            "encodedBodySize": 189247,
            "transferSize": 190953
          },
          "documentTitle": "The New York Times - Breaking News, US News, World News and Videos",
          "documentWidth": 360,
          "domElements": 1435,
          "navigationStartTime": 1617075125809,
          "nextHopProtocol": "h2",
          "resources": {
            "count": 0,
            "duration": 0
          },
          "responsive": true,
          "url": "https://www.nytimes.com/",
          "visualElements": {
            "heroes": [
              {
                "filename": "PM-virus-fader-slide-K34R-square640-v2.jpg",
                "height": 360,
                "name": "LargestImage",
                "width": 360,
                "x": 0,
                "y": 533
              }
            ],
            "viewport": {
              "height": 560,
              "width": 360
            }
          }
        },
        "timings": {
          "firstPaint": 2010,
          "loadEventEnd": 92852,
          "navigationTiming": {
            "connectStart": 158,
            "domComplete": 92641,
            "domContentLoadedEventEnd": 32361,
            "domContentLoadedEventStart": 32332,
            "domInteractive": 30366,
            "domainLookupEnd": 157,
            "domainLookupStart": 157,
            "duration": 92852,
            "fetchStart": 3,
            "loadEventEnd": 92852,
            "loadEventStart": 92646,
            "redirectEnd": 0,
            "redirectStart": 0,
            "requestStart": 256,
            "responseEnd": 270,
            "responseStart": 270,
            "secureConnectionStart": 167,
            "startTime": 0,
            "unloadEventEnd": 0,
            "unloadEventStart": 0,
            "workerStart": 0
          },
          "pageTimings": {
            "backEndTime": 270,
            "domContentLoadedTime": 32332,
            "domInteractiveTime": 30366,
            "domainLookupTime": 0,
            "frontEndTime": 92376,
            "pageDownloadTime": 0,
            "pageLoadTime": 92646,
            "redirectionTime": 0,
            "serverConnectionTime": 97,
            "serverResponseTime": 14
          },
          "rumSpeedIndex": 270,
          "timeToContentfulPaint": 2201,
          "timeToDomContentFlushed": 32138,
          "userTimings": {
            "marks": [
              {
                "name": "meter-end",
                "startTime": 55448
              }
            ],
            "measures": []
          }
        }
      },
      {
        "browser": {
          "appConstants": {
            "ACCESSIBILITY": true,
            "ANDROID_PACKAGE_NAME": "org.mozilla.firefox",
            "ASAN": false,
            "ASAN_REPORTER": false,
            "BROWSER_CHROME_URL": "chrome://browser/content/browser.xul",
            "DEBUG": false,
            "DEBUG_JS_MODULES": "",
            "DLL_PREFIX": "lib",
            "DLL_SUFFIX": ".so",
            "EARLY_BETA_OR_EARLIER": false,
            "FENNEC_NIGHTLY": false,
            "HAVE_SHELL_SERVICE": false,
            "HAVE_USR_LIB64_DIR": false,
            "MENUBAR_CAN_AUTOHIDE": false,
            "MOZILLA_OFFICIAL": true,
            "MOZ_ALLOW_LEGACY_EXTENSIONS": false,
            "MOZ_ANDROID_ACTIVITY_STREAM": false,
            "MOZ_ANDROID_HISTORY": true,
            "MOZ_ANDROID_MOZILLA_ONLINE": false,
            "MOZ_APP_NAME": "fennec",
            "MOZ_APP_VERSION": "68.1.1",
            "MOZ_APP_VERSION_DISPLAY": "68.1.1",
            "MOZ_BING_API_CLIENTID": "no-bing-api-clientid",
            "MOZ_BING_API_KEY": "no-bing-api-key",
            "MOZ_BITS_DOWNLOAD": false,
            "MOZ_BUILD_APP": "mobile/android",
            "MOZ_CODE_COVERAGE": false,
            "MOZ_CRASHREPORTER": true,
            "MOZ_DATA_REPORTING": true,
            "MOZ_DEV_EDITION": false,
            "MOZ_GECKO_PROFILER": true,
            "MOZ_GOOGLE_LOCATION_SERVICE_API_KEY": "AIzaSyB2h2OuRcUgy5N-5hsZqiPW6sH3n_rptiQ",
            "MOZ_GOOGLE_SAFEBROWSING_API_KEY": "AIzaSyC7jsptDS3am4tPx4r3nxis7IMjBc5Dovo",
            "MOZ_GRAPHENE": false,
            "MOZ_MACBUNDLE_NAME": "Firefox.app",
            "MOZ_MAINTENANCE_SERVICE": false,
            "MOZ_MOZILLA_API_KEY": "3b4d27dd-703d-4094-8398-4de2c763505a",
            "MOZ_NEW_CERT_STORAGE": false,
            "MOZ_NEW_NOTIFICATION_STORE": false,
            "MOZ_NEW_XULSTORE": false,
            "MOZ_OFFICIAL_BRANDING": false,
            "MOZ_PLACES": false,
            "MOZ_REQUIRE_SIGNING": false,
            "MOZ_SANDBOX": false,
            "MOZ_SERVICES_HEALTHREPORT": true,
            "MOZ_SERVICES_SYNC": false,
            "MOZ_SWITCHBOARD": true,
            "MOZ_SYSTEM_NSS": false,
            "MOZ_TELEMETRY_ON_BY_DEFAULT": false,
            "MOZ_TELEMETRY_REPORTING": true,
            "MOZ_UNSIGNED_SCOPES": 0,
            "MOZ_UPDATER": false,
            "MOZ_UPDATE_CHANNEL": "release",
            "MOZ_WEBRTC": true,
            "MOZ_WIDGET_GTK": false,
            "MOZ_WIDGET_TOOLKIT": "android",
            "NIGHTLY_BUILD": false,
            "OMNIJAR_NAME": "assets/omni.ja",
            "RELEASE_OR_BETA": true,
            "SOURCE_REVISION_URL": "https://hg.mozilla.org/releases/mozilla-esr68/rev/d2e0b9e17b9bc1ef02606c8006b73293f7892ad5",
            "TELEMETRY_PING_FORMAT_VERSION": 4,
            "XP_UNIX": true,
            "isPlatformAndVersionAtLeast": {},
            "isPlatformAndVersionAtMost": {},
            "platform": "android"
          },
          "asyncAppConstants": {
            "ACCESSIBILITY": true,
            "ANDROID_PACKAGE_NAME": "org.mozilla.firefox",
            "ASAN": false,
            "ASAN_REPORTER": false,
            "BROWSER_CHROME_URL": "chrome://browser/content/browser.xul",
            "DEBUG": false,
            "DEBUG_JS_MODULES": "",
            "DLL_PREFIX": "lib",
            "DLL_SUFFIX": ".so",
            "EARLY_BETA_OR_EARLIER": false,
            "FENNEC_NIGHTLY": false,
            "HAVE_SHELL_SERVICE": false,
            "HAVE_USR_LIB64_DIR": false,
            "MENUBAR_CAN_AUTOHIDE": false,
            "MOZILLA_OFFICIAL": true,
            "MOZ_ALLOW_LEGACY_EXTENSIONS": false,
            "MOZ_ANDROID_ACTIVITY_STREAM": false,
            "MOZ_ANDROID_HISTORY": true,
            "MOZ_ANDROID_MOZILLA_ONLINE": false,
            "MOZ_APP_NAME": "fennec",
            "MOZ_APP_VERSION": "68.1.1",
            "MOZ_APP_VERSION_DISPLAY": "68.1.1",
            "MOZ_BING_API_CLIENTID": "no-bing-api-clientid",
            "MOZ_BING_API_KEY": "no-bing-api-key",
            "MOZ_BITS_DOWNLOAD": false,
            "MOZ_BUILD_APP": "mobile/android",
            "MOZ_CODE_COVERAGE": false,
            "MOZ_CRASHREPORTER": true,
            "MOZ_DATA_REPORTING": true,
            "MOZ_DEV_EDITION": false,
            "MOZ_GECKO_PROFILER": true,
            "MOZ_GOOGLE_LOCATION_SERVICE_API_KEY": "AIzaSyB2h2OuRcUgy5N-5hsZqiPW6sH3n_rptiQ",
            "MOZ_GOOGLE_SAFEBROWSING_API_KEY": "AIzaSyC7jsptDS3am4tPx4r3nxis7IMjBc5Dovo",
            "MOZ_GRAPHENE": false,
            "MOZ_MACBUNDLE_NAME": "Firefox.app",
            "MOZ_MAINTENANCE_SERVICE": false,
            "MOZ_MOZILLA_API_KEY": "3b4d27dd-703d-4094-8398-4de2c763505a",
            "MOZ_NEW_CERT_STORAGE": false,
            "MOZ_NEW_NOTIFICATION_STORE": false,
            "MOZ_NEW_XULSTORE": false,
            "MOZ_OFFICIAL_BRANDING": false,
            "MOZ_PLACES": false,
            "MOZ_REQUIRE_SIGNING": false,
            "MOZ_SANDBOX": false,
            "MOZ_SERVICES_HEALTHREPORT": true,
            "MOZ_SERVICES_SYNC": false,
            "MOZ_SWITCHBOARD": true,
            "MOZ_SYSTEM_NSS": false,
            "MOZ_TELEMETRY_ON_BY_DEFAULT": false,
            "MOZ_TELEMETRY_REPORTING": true,
            "MOZ_UNSIGNED_SCOPES": 0,
            "MOZ_UPDATER": false,
            "MOZ_UPDATE_CHANNEL": "release",
            "MOZ_WEBRTC": true,
            "MOZ_WIDGET_GTK": false,
            "MOZ_WIDGET_TOOLKIT": "android",
            "NIGHTLY_BUILD": false,
            "OMNIJAR_NAME": "assets/omni.ja",
            "RELEASE_OR_BETA": true,
            "SOURCE_REVISION_URL": "https://hg.mozilla.org/releases/mozilla-esr68/rev/d2e0b9e17b9bc1ef02606c8006b73293f7892ad5",
            "TELEMETRY_PING_FORMAT_VERSION": 4,
            "XP_UNIX": true,
            "isPlatformAndVersionAtLeast": {},
            "isPlatformAndVersionAtMost": {},
            "platform": "android"
          },
          "userAgent": "Mozilla/5.0 (Android 8.1.0; Mobile; rv:68.0) Gecko/68.0 Firefox/68.0",
          "windowSize": "360x560"
        },
        "pageinfo": {
          "documentHeight": 8229,
          "documentSize": {
            "decodedBodySize": 1446725,
            "encodedBodySize": 189392,
            "transferSize": 191098
          },
          "documentTitle": "The New York Times - Breaking News, US News, World News and Videos",
          "documentWidth": 360,
          "domElements": 1435,
          "navigationStartTime": 1617075435792,
          "nextHopProtocol": "h2",
          "resources": {
            "count": 0,
            "duration": 0
          },
          "responsive": true,
          "url": "https://www.nytimes.com/",
          "visualElements": {
            "heroes": [
              {
                "filename": "PM-virus-fader-slide-K34R-square640-v2.jpg",
                "height": 360,
                "name": "LargestImage",
                "width": 360,
                "x": 0,
                "y": 533
              }
            ],
            "viewport": {
              "height": 560,
              "width": 360
            }
          }
        },
        "timings": {
          "firstPaint": 2762,
          "loadEventEnd": 102939,
          "navigationTiming": {
            "connectStart": 291,
            "domComplete": 102689,
            "domContentLoadedEventEnd": 36095,
            "domContentLoadedEventStart": 36065,
            "domInteractive": 34112,
            "domainLookupEnd": 291,
            "domainLookupStart": 291,
            "duration": 102939,
            "fetchStart": 7,
            "loadEventEnd": 102939,
            "loadEventStart": 102715,
            "redirectEnd": 0,
            "redirectStart": 0,
            "requestStart": 412,
            "responseEnd": 426,
            "responseStart": 426,
            "secureConnectionStart": 319,
            "startTime": 0,
            "unloadEventEnd": 0,
            "unloadEventStart": 0,
            "workerStart": 0
          },
          "pageTimings": {
            "backEndTime": 426,
            "domContentLoadedTime": 36065,
            "domInteractiveTime": 34112,
            "domainLookupTime": 0,
            "frontEndTime": 102289,
            "pageDownloadTime": 0,
            "pageLoadTime": 102715,
            "redirectionTime": 0,
            "serverConnectionTime": 119,
            "serverResponseTime": 14
          },
          "rumSpeedIndex": 426,
          "timeToContentfulPaint": 2988,
          "timeToDomContentFlushed": 35872,
          "userTimings": {
            "marks": [
              {
                "name": "meter-end",
                "startTime": 59828.4
              }
            ],
            "measures": []
          }
        }
      }
    ],
    "visualMetrics": [],
    "cpu": [],
    "extras": [
      {},
      {},
      {},
      {},
      {}
    ],
    "fullyLoaded": [],
    "errors": [
      [],
      [
        "UrlLoadError",
        "Failed to load https://www.nytimes.com/"
      ],
      [
        "UrlLoadError",
        "Failed to load https://www.nytimes.com/"
      ],
      [],
      [
        "UrlLoadError",
        "Failed to load https://www.nytimes.com/"
      ]
    ],
    "statistics": {
      "browser": {
        "appConstants": {
          "MOZ_UNSIGNED_SCOPES": {
            "median": 0,
            "mean": 0,
            "mdev": 0,
            "stddev": 0,
            "min": 0,
            "p10": 0,
            "p90": 0,
            "p99": 0,
            "max": 0
          },
          "TELEMETRY_PING_FORMAT_VERSION": {
            "median": 4,
            "mean": 4,
            "mdev": 0,
            "stddev": 0,
            "min": 4,
            "p10": 4,
            "p90": 4,
            "p99": 4,
            "max": 4
          }
        },
        "asyncAppConstants": {
          "MOZ_UNSIGNED_SCOPES": {
            "median": 0,
            "mean": 0,
            "mdev": 0,
            "stddev": 0,
            "min": 0,
            "p10": 0,
            "p90": 0,
            "p99": 0,
            "max": 0
          },
          "TELEMETRY_PING_FORMAT_VERSION": {
            "median": 4,
            "mean": 4,
            "mdev": 0,
            "stddev": 0,
            "min": 4,
            "p10": 4,
            "p90": 4,
            "p99": 4,
            "max": 4
          }
        }
      },
      "pageinfo": {
        "documentHeight": {
          "median": 8229,
          "mean": 8229,
          "mdev": 0,
          "stddev": 0,
          "min": 8229,
          "p10": 8229,
          "p90": 8229,
          "p99": 8229,
          "max": 8229
        },
        "documentSize": {
          "decodedBodySize": {
            "median": 1446725,
            "mean": 1446725,
            "mdev": 0,
            "stddev": 0,
            "min": 1446725,
            "p10": 1446725,
            "p90": 1446725,
            "p99": 1446725,
            "max": 1446725
          },
          "encodedBodySize": {
            "median": 189320,
            "mean": 189320,
            "mdev": 51.2652,
            "stddev": 73,
            "min": 189247,
            "p10": 189247,
            "p90": 189392,
            "p99": 189392,
            "max": 189392
          },
          "transferSize": {
            "median": 191026,
            "mean": 191026,
            "mdev": 51.2652,
            "stddev": 73,
            "min": 190953,
            "p10": 190953,
            "p90": 191098,
            "p99": 191098,
            "max": 191098
          }
        },
        "documentWidth": {
          "median": 360,
          "mean": 360,
          "mdev": 0,
          "stddev": 0,
          "min": 360,
          "p10": 360,
          "p90": 360,
          "p99": 360,
          "max": 360
        },
        "domElements": {
          "median": 1435,
          "mean": 1435,
          "mdev": 0,
          "stddev": 0,
          "min": 1435,
          "p10": 1435,
          "p90": 1435,
          "p99": 1435,
          "max": 1435
        },
        "navigationStartTime": {
          "median": 1617075280801,
          "mean": 1617075280801,
          "mdev": 109907.2132,
          "stddev": 155432,
          "min": 1617075125809,
          "p10": 1617075125809,
          "p90": 1617075435792,
          "p99": 1617075435792,
          "max": 1617075435792
        },
        "resources": {
          "count": {
            "median": 0,
            "mean": 0,
            "mdev": 0,
            "stddev": 0,
            "min": 0,
            "p10": 0,
            "p90": 0,
            "p99": 0,
            "max": 0
          },
          "duration": {
            "median": 0,
            "mean": 0,
            "mdev": 0,
            "stddev": 0,
            "min": 0,
            "p10": 0,
            "p90": 0,
            "p99": 0,
            "max": 0
          }
        },
        "visualElements": {
          "heroes": [
            {
              "height": {
                "median": 360,
                "mean": 360,
                "mdev": 0,
                "stddev": 0,
                "min": 360,
                "p10": 360,
                "p90": 360,
                "p99": 360,
                "max": 360
              },
              "width": {
                "median": 360,
                "mean": 360,
                "mdev": 0,
                "stddev": 0,
                "min": 360,
                "p10": 360,
                "p90": 360,
                "p99": 360,
                "max": 360
              },
              "x": {
                "median": 0,
                "mean": 0,
                "mdev": 0,
                "stddev": 0,
                "min": 0,
                "p10": 0,
                "p90": 0,
                "p99": 0,
                "max": 0
              },
              "y": {
                "median": 533,
                "mean": 533,
                "mdev": 0,
                "stddev": 0,
                "min": 533,
                "p10": 533,
                "p90": 533,
                "p99": 533,
                "max": 533
              }
            }
          ],
          "viewport": {
            "height": {
              "median": 560,
              "mean": 560,
              "mdev": 0,
              "stddev": 0,
              "min": 560,
              "p10": 560,
              "p90": 560,
              "p99": 560,
              "max": 560
            },
            "width": {
              "median": 360,
              "mean": 360,
              "mdev": 0,
              "stddev": 0,
              "min": 360,
              "p10": 360,
              "p90": 360,
              "p99": 360,
              "max": 360
            }
          }
        }
      },
      "timings": {
        "firstPaint": {
          "median": 2386,
          "mean": 2386,
          "mdev": 265.8721,
          "stddev": 376,
          "min": 2010,
          "p10": 2010,
          "p90": 2762,
          "p99": 2762,
          "max": 2762
        },
        "loadEventEnd": {
          "median": 97896,
          "mean": 97896,
          "mdev": 3566.2931,
          "stddev": 5044,
          "min": 92852,
          "p10": 92852,
          "p90": 102939,
          "p99": 102939,
          "max": 102939
        },
        "navigationTiming": {
          "connectStart": {
            "median": 225,
            "mean": 225,
            "mdev": 47.0226,
            "stddev": 67,
            "min": 158,
            "p10": 158,
            "p90": 291,
            "p99": 291,
            "max": 291
          },
          "domComplete": {
            "median": 97665,
            "mean": 97665,
            "mdev": 3552.5045,
            "stddev": 5024,
            "min": 92641,
            "p10": 92641,
            "p90": 102689,
            "p99": 102689,
            "max": 102689
          },
          "domContentLoadedEventEnd": {
            "median": 34228,
            "mean": 34228,
            "mdev": 1320.1684,
            "stddev": 1867,
            "min": 32361,
            "p10": 32361,
            "p90": 36095,
            "p99": 36095,
            "max": 36095
          },
          "domContentLoadedEventStart": {
            "median": 34199,
            "mean": 34199,
            "mdev": 1319.8148,
            "stddev": 1867,
            "min": 32332,
            "p10": 32332,
            "p90": 36065,
            "p99": 36065,
            "max": 36065
          },
          "domInteractive": {
            "median": 32239,
            "mean": 32239,
            "mdev": 1324.411,
            "stddev": 1873,
            "min": 30366,
            "p10": 30366,
            "p90": 34112,
            "p99": 34112,
            "max": 34112
          },
          "domainLookupEnd": {
            "median": 224,
            "mean": 224,
            "mdev": 47.3762,
            "stddev": 67,
            "min": 157,
            "p10": 157,
            "p90": 291,
            "p99": 291,
            "max": 291
          },
          "domainLookupStart": {
            "median": 224,
            "mean": 224,
            "mdev": 47.3762,
            "stddev": 67,
            "min": 157,
            "p10": 157,
            "p90": 291,
            "p99": 291,
            "max": 291
          },
          "duration": {
            "median": 97896,
            "mean": 97896,
            "mdev": 3566.2931,
            "stddev": 5044,
            "min": 92852,
            "p10": 92852,
            "p90": 102939,
            "p99": 102939,
            "max": 102939
          },
          "fetchStart": {
            "median": 5,
            "mean": 5,
            "mdev": 1.4142,
            "stddev": 2,
            "min": 3,
            "p10": 3,
            "p90": 7,
            "p99": 7,
            "max": 7
          },
          "loadEventEnd": {
            "median": 97896,
            "mean": 97896,
            "mdev": 3566.2931,
            "stddev": 5044,
            "min": 92852,
            "p10": 92852,
            "p90": 102939,
            "p99": 102939,
            "max": 102939
          },
          "loadEventStart": {
            "median": 97681,
            "mean": 97681,
            "mdev": 3559.9291,
            "stddev": 5035,
            "min": 92646,
            "p10": 92646,
            "p90": 102715,
            "p99": 102715,
            "max": 102715
          },
          "redirectEnd": {
            "median": 0,
            "mean": 0,
            "mdev": 0,
            "stddev": 0,
            "min": 0,
            "p10": 0,
            "p90": 0,
            "p99": 0,
            "max": 0
          },
          "redirectStart": {
            "median": 0,
            "mean": 0,
            "mdev": 0,
            "stddev": 0,
            "min": 0,
            "p10": 0,
            "p90": 0,
            "p99": 0,
            "max": 0
          },
          "requestStart": {
            "median": 334,
            "mean": 334,
            "mdev": 55.1543,
            "stddev": 78,
            "min": 256,
            "p10": 256,
            "p90": 412,
            "p99": 412,
            "max": 412
          },
          "responseEnd": {
            "median": 348,
            "mean": 348,
            "mdev": 55.1543,
            "stddev": 78,
            "min": 270,
            "p10": 270,
            "p90": 426,
            "p99": 426,
            "max": 426
          },
          "responseStart": {
            "median": 348,
            "mean": 348,
            "mdev": 55.1543,
            "stddev": 78,
            "min": 270,
            "p10": 270,
            "p90": 426,
            "p99": 426,
            "max": 426
          },
          "secureConnectionStart": {
            "median": 243,
            "mean": 243,
            "mdev": 53.7401,
            "stddev": 76,
            "min": 167,
            "p10": 167,
            "p90": 319,
            "p99": 319,
            "max": 319
          },
          "startTime": {
            "median": 0,
            "mean": 0,
            "mdev": 0,
            "stddev": 0,
            "min": 0,
            "p10": 0,
            "p90": 0,
            "p99": 0,
            "max": 0
          },
          "unloadEventEnd": {
            "median": 0,
            "mean": 0,
            "mdev": 0,
            "stddev": 0,
            "min": 0,
            "p10": 0,
            "p90": 0,
            "p99": 0,
            "max": 0
          },
          "unloadEventStart": {
            "median": 0,
            "mean": 0,
            "mdev": 0,
            "stddev": 0,
            "min": 0,
            "p10": 0,
            "p90": 0,
            "p99": 0,
            "max": 0
          },
          "workerStart": {
            "median": 0,
            "mean": 0,
            "mdev": 0,
            "stddev": 0,
            "min": 0,
            "p10": 0,
            "p90": 0,
            "p99": 0,
            "max": 0
          }
        },
        "pageTimings": {
          "backEndTime": {
            "median": 348,
            "mean": 348,
            "mdev": 55.1543,
            "stddev": 78,
            "min": 270,
            "p10": 270,
            "p90": 426,
            "p99": 426,
            "max": 426
          },
          "domContentLoadedTime": {
            "median": 34199,
            "mean": 34199,
            "mdev": 1319.8148,
            "stddev": 1867,
            "min": 32332,
            "p10": 32332,
            "p90": 36065,
            "p99": 36065,
            "max": 36065
          },
          "domInteractiveTime": {
            "median": 32239,
            "mean": 32239,
            "mdev": 1324.411,
            "stddev": 1873,
            "min": 30366,
            "p10": 30366,
            "p90": 34112,
            "p99": 34112,
            "max": 34112
          },
          "domainLookupTime": {
            "median": 0,
            "mean": 0,
            "mdev": 0,
            "stddev": 0,
            "min": 0,
            "p10": 0,
            "p90": 0,
            "p99": 0,
            "max": 0
          },
          "frontEndTime": {
            "median": 97333,
            "mean": 97333,
            "mdev": 3504.7748,
            "stddev": 4957,
            "min": 92376,
            "p10": 92376,
            "p90": 102289,
            "p99": 102289,
            "max": 102289
          },
          "pageDownloadTime": {
            "median": 0,
            "mean": 0,
            "mdev": 0,
            "stddev": 0,
            "min": 0,
            "p10": 0,
            "p90": 0,
            "p99": 0,
            "max": 0
          },
          "pageLoadTime": {
            "median": 97681,
            "mean": 97681,
            "mdev": 3559.9291,
            "stddev": 5035,
            "min": 92646,
            "p10": 92646,
            "p90": 102715,
            "p99": 102715,
            "max": 102715
          },
          "redirectionTime": {
            "median": 0,
            "mean": 0,
            "mdev": 0,
            "stddev": 0,
            "min": 0,
            "p10": 0,
            "p90": 0,
            "p99": 0,
            "max": 0
          },
          "serverConnectionTime": {
            "median": 108,
            "mean": 108,
            "mdev": 7.7782,
            "stddev": 11,
            "min": 97,
            "p10": 97,
            "p90": 119,
            "p99": 119,
            "max": 119
          },
          "serverResponseTime": {
            "median": 14,
            "mean": 14,
            "mdev": 0,
            "stddev": 0,
            "min": 14,
            "p10": 14,
            "p90": 14,
            "p99": 14,
            "max": 14
          }
        },
        "rumSpeedIndex": {
          "median": 348,
          "mean": 348,
          "mdev": 55.1543,
          "stddev": 78,
          "min": 270,
          "p10": 270,
          "p90": 426,
          "p99": 426,
          "max": 426
        },
        "timeToContentfulPaint": {
          "median": 2595,
          "mean": 2595,
          "mdev": 278.2465,
          "stddev": 394,
          "min": 2201,
          "p10": 2201,
          "p90": 2988,
          "p99": 2988,
          "max": 2988
        },
        "timeToDomContentFlushed": {
          "median": 34005,
          "mean": 34005,
          "mdev": 1320.1684,
          "stddev": 1867,
          "min": 32138,
          "p10": 32138,
          "p90": 35872,
          "p99": 35872,
          "max": 35872
        },
        "userTimings": {
          "marks": {
            "meter-end": {
              "median": 57638,
              "mean": 57638,
              "mdev": 1548.7053,
              "stddev": 2190,
              "min": 55448,
              "p10": 55448,
              "p90": 59828,
              "p99": 59828,
              "max": 59828
            }
          }
        }
      }
    }
  },
  {
    "info": {
      "browsertime": {
        "version": "8.4.0"
      },
      "url": "https://google.com",
      "timestamp": "2021-03-30T07:34:58+04:00",
      "connectivity": {
        "engine": "external",
        "profile": "native"
      },
      "extra": {}
    },
    "files": {
      "video": [],
      "screenshot": [],
      "timeline": [],
      "consoleLog": [],
      "netLog": [],
      "perfLog": []
    },
    "cdp": {
      "performance": []
    },
    "timestamps": [
      "2021-03-30T07:34:02+04:00",
      "2021-03-30T07:39:20+04:00"
    ],
    "browserScripts": [
      {
        "browser": {
          "appConstants": {
            "ACCESSIBILITY": true,
            "ANDROID_PACKAGE_NAME": "org.mozilla.firefox",
            "ASAN": false,
            "ASAN_REPORTER": false,
            "BROWSER_CHROME_URL": "chrome://browser/content/browser.xul",
            "DEBUG": false,
            "DEBUG_JS_MODULES": "",
            "DLL_PREFIX": "lib",
            "DLL_SUFFIX": ".so",
            "EARLY_BETA_OR_EARLIER": false,
            "FENNEC_NIGHTLY": false,
            "HAVE_SHELL_SERVICE": false,
            "HAVE_USR_LIB64_DIR": false,
            "MENUBAR_CAN_AUTOHIDE": false,
            "MOZILLA_OFFICIAL": true,
            "MOZ_ALLOW_LEGACY_EXTENSIONS": false,
            "MOZ_ANDROID_ACTIVITY_STREAM": false,
            "MOZ_ANDROID_HISTORY": true,
            "MOZ_ANDROID_MOZILLA_ONLINE": false,
            "MOZ_APP_NAME": "fennec",
            "MOZ_APP_VERSION": "68.1.1",
            "MOZ_APP_VERSION_DISPLAY": "68.1.1",
            "MOZ_BING_API_CLIENTID": "no-bing-api-clientid",
            "MOZ_BING_API_KEY": "no-bing-api-key",
            "MOZ_BITS_DOWNLOAD": false,
            "MOZ_BUILD_APP": "mobile/android",
            "MOZ_CODE_COVERAGE": false,
            "MOZ_CRASHREPORTER": true,
            "MOZ_DATA_REPORTING": true,
            "MOZ_DEV_EDITION": false,
            "MOZ_GECKO_PROFILER": true,
            "MOZ_GOOGLE_LOCATION_SERVICE_API_KEY": "AIzaSyB2h2OuRcUgy5N-5hsZqiPW6sH3n_rptiQ",
            "MOZ_GOOGLE_SAFEBROWSING_API_KEY": "AIzaSyC7jsptDS3am4tPx4r3nxis7IMjBc5Dovo",
            "MOZ_GRAPHENE": false,
            "MOZ_MACBUNDLE_NAME": "Firefox.app",
            "MOZ_MAINTENANCE_SERVICE": false,
            "MOZ_MOZILLA_API_KEY": "3b4d27dd-703d-4094-8398-4de2c763505a",
            "MOZ_NEW_CERT_STORAGE": false,
            "MOZ_NEW_NOTIFICATION_STORE": false,
            "MOZ_NEW_XULSTORE": false,
            "MOZ_OFFICIAL_BRANDING": false,
            "MOZ_PLACES": false,
            "MOZ_REQUIRE_SIGNING": false,
            "MOZ_SANDBOX": false,
            "MOZ_SERVICES_HEALTHREPORT": true,
            "MOZ_SERVICES_SYNC": false,
            "MOZ_SWITCHBOARD": true,
            "MOZ_SYSTEM_NSS": false,
            "MOZ_TELEMETRY_ON_BY_DEFAULT": false,
            "MOZ_TELEMETRY_REPORTING": true,
            "MOZ_UNSIGNED_SCOPES": 0,
            "MOZ_UPDATER": false,
            "MOZ_UPDATE_CHANNEL": "release",
            "MOZ_WEBRTC": true,
            "MOZ_WIDGET_GTK": false,
            "MOZ_WIDGET_TOOLKIT": "android",
            "NIGHTLY_BUILD": false,
            "OMNIJAR_NAME": "assets/omni.ja",
            "RELEASE_OR_BETA": true,
            "SOURCE_REVISION_URL": "https://hg.mozilla.org/releases/mozilla-esr68/rev/d2e0b9e17b9bc1ef02606c8006b73293f7892ad5",
            "TELEMETRY_PING_FORMAT_VERSION": 4,
            "XP_UNIX": true,
            "isPlatformAndVersionAtLeast": {},
            "isPlatformAndVersionAtMost": {},
            "platform": "android"
          },
          "asyncAppConstants": {
            "ACCESSIBILITY": true,
            "ANDROID_PACKAGE_NAME": "org.mozilla.firefox",
            "ASAN": false,
            "ASAN_REPORTER": false,
            "BROWSER_CHROME_URL": "chrome://browser/content/browser.xul",
            "DEBUG": false,
            "DEBUG_JS_MODULES": "",
            "DLL_PREFIX": "lib",
            "DLL_SUFFIX": ".so",
            "EARLY_BETA_OR_EARLIER": false,
            "FENNEC_NIGHTLY": false,
            "HAVE_SHELL_SERVICE": false,
            "HAVE_USR_LIB64_DIR": false,
            "MENUBAR_CAN_AUTOHIDE": false,
            "MOZILLA_OFFICIAL": true,
            "MOZ_ALLOW_LEGACY_EXTENSIONS": false,
            "MOZ_ANDROID_ACTIVITY_STREAM": false,
            "MOZ_ANDROID_HISTORY": true,
            "MOZ_ANDROID_MOZILLA_ONLINE": false,
            "MOZ_APP_NAME": "fennec",
            "MOZ_APP_VERSION": "68.1.1",
            "MOZ_APP_VERSION_DISPLAY": "68.1.1",
            "MOZ_BING_API_CLIENTID": "no-bing-api-clientid",
            "MOZ_BING_API_KEY": "no-bing-api-key",
            "MOZ_BITS_DOWNLOAD": false,
            "MOZ_BUILD_APP": "mobile/android",
            "MOZ_CODE_COVERAGE": false,
            "MOZ_CRASHREPORTER": true,
            "MOZ_DATA_REPORTING": true,
            "MOZ_DEV_EDITION": false,
            "MOZ_GECKO_PROFILER": true,
            "MOZ_GOOGLE_LOCATION_SERVICE_API_KEY": "AIzaSyB2h2OuRcUgy5N-5hsZqiPW6sH3n_rptiQ",
            "MOZ_GOOGLE_SAFEBROWSING_API_KEY": "AIzaSyC7jsptDS3am4tPx4r3nxis7IMjBc5Dovo",
            "MOZ_GRAPHENE": false,
            "MOZ_MACBUNDLE_NAME": "Firefox.app",
            "MOZ_MAINTENANCE_SERVICE": false,
            "MOZ_MOZILLA_API_KEY": "3b4d27dd-703d-4094-8398-4de2c763505a",
            "MOZ_NEW_CERT_STORAGE": false,
            "MOZ_NEW_NOTIFICATION_STORE": false,
            "MOZ_NEW_XULSTORE": false,
            "MOZ_OFFICIAL_BRANDING": false,
            "MOZ_PLACES": false,
            "MOZ_REQUIRE_SIGNING": false,
            "MOZ_SANDBOX": false,
            "MOZ_SERVICES_HEALTHREPORT": true,
            "MOZ_SERVICES_SYNC": false,
            "MOZ_SWITCHBOARD": true,
            "MOZ_SYSTEM_NSS": false,
            "MOZ_TELEMETRY_ON_BY_DEFAULT": false,
            "MOZ_TELEMETRY_REPORTING": true,
            "MOZ_UNSIGNED_SCOPES": 0,
            "MOZ_UPDATER": false,
            "MOZ_UPDATE_CHANNEL": "release",
            "MOZ_WEBRTC": true,
            "MOZ_WIDGET_GTK": false,
            "MOZ_WIDGET_TOOLKIT": "android",
            "NIGHTLY_BUILD": false,
            "OMNIJAR_NAME": "assets/omni.ja",
            "RELEASE_OR_BETA": true,
            "SOURCE_REVISION_URL": "https://hg.mozilla.org/releases/mozilla-esr68/rev/d2e0b9e17b9bc1ef02606c8006b73293f7892ad5",
            "TELEMETRY_PING_FORMAT_VERSION": 4,
            "XP_UNIX": true,
            "isPlatformAndVersionAtLeast": {},
            "isPlatformAndVersionAtMost": {},
            "platform": "android"
          },
          "userAgent": "Mozilla/5.0 (Android 8.1.0; Mobile; rv:68.0) Gecko/68.0 Firefox/68.0",
          "windowSize": "360x560"
        },
        "pageinfo": {
          "documentHeight": 641,
          "documentSize": {
            "decodedBodySize": 18284,
            "encodedBodySize": 7321,
            "transferSize": 8271
          },
          "documentTitle": "Google",
          "documentWidth": 360,
          "domElements": 70,
          "navigationStartTime": 1617075243169,
          "nextHopProtocol": "h2",
          "resources": {
            "count": 0,
            "duration": 0
          },
          "responsive": true,
          "url": "https://www.google.com/#spf=1617075243171",
          "visualElements": {
            "heroes": [
              {
                "filename": "googlelogo_tablet_tier1_hp_color_183x64dp.png",
                "height": 64,
                "name": "LargestImage",
                "width": 183,
                "x": 89,
                "y": 80
              }
            ],
            "viewport": {
              "height": 560,
              "width": 360
            }
          }
        },
        "timings": {
          "firstPaint": 9321,
          "loadEventEnd": 22395,
          "navigationTiming": {
            "connectStart": 4363,
            "domComplete": 22387,
            "domContentLoadedEventEnd": 9384,
            "domContentLoadedEventStart": 9361,
            "domInteractive": 8903,
            "domainLookupEnd": 4331,
            "domainLookupStart": 4321,
            "duration": 22395,
            "fetchStart": 3377,
            "loadEventEnd": 22395,
            "loadEventStart": 22387,
            "redirectEnd": 2945,
            "redirectStart": 856,
            "requestStart": 4752,
            "responseEnd": 4946,
            "responseStart": 4926,
            "secureConnectionStart": 4380,
            "startTime": 0,
            "unloadEventEnd": 0,
            "unloadEventStart": 0,
            "workerStart": 0
          },
          "pageTimings": {
            "backEndTime": 4926,
            "domContentLoadedTime": 9361,
            "domInteractiveTime": 8903,
            "domainLookupTime": 10,
            "frontEndTime": 17441,
            "pageDownloadTime": 20,
            "pageLoadTime": 22387,
            "redirectionTime": 2088,
            "serverConnectionTime": 383,
            "serverResponseTime": 194
          },
          "rumSpeedIndex": 4926,
          "timeToContentfulPaint": 9412,
          "timeToDomContentFlushed": 8963,
          "userTimings": {
            "marks": [],
            "measures": []
          }
        }
      },
      {
        "browser": {
          "appConstants": {
            "ACCESSIBILITY": true,
            "ANDROID_PACKAGE_NAME": "org.mozilla.firefox",
            "ASAN": false,
            "ASAN_REPORTER": false,
            "BROWSER_CHROME_URL": "chrome://browser/content/browser.xul",
            "DEBUG": false,
            "DEBUG_JS_MODULES": "",
            "DLL_PREFIX": "lib",
            "DLL_SUFFIX": ".so",
            "EARLY_BETA_OR_EARLIER": false,
            "FENNEC_NIGHTLY": false,
            "HAVE_SHELL_SERVICE": false,
            "HAVE_USR_LIB64_DIR": false,
            "MENUBAR_CAN_AUTOHIDE": false,
            "MOZILLA_OFFICIAL": true,
            "MOZ_ALLOW_LEGACY_EXTENSIONS": false,
            "MOZ_ANDROID_ACTIVITY_STREAM": false,
            "MOZ_ANDROID_HISTORY": true,
            "MOZ_ANDROID_MOZILLA_ONLINE": false,
            "MOZ_APP_NAME": "fennec",
            "MOZ_APP_VERSION": "68.1.1",
            "MOZ_APP_VERSION_DISPLAY": "68.1.1",
            "MOZ_BING_API_CLIENTID": "no-bing-api-clientid",
            "MOZ_BING_API_KEY": "no-bing-api-key",
            "MOZ_BITS_DOWNLOAD": false,
            "MOZ_BUILD_APP": "mobile/android",
            "MOZ_CODE_COVERAGE": false,
            "MOZ_CRASHREPORTER": true,
            "MOZ_DATA_REPORTING": true,
            "MOZ_DEV_EDITION": false,
            "MOZ_GECKO_PROFILER": true,
            "MOZ_GOOGLE_LOCATION_SERVICE_API_KEY": "AIzaSyB2h2OuRcUgy5N-5hsZqiPW6sH3n_rptiQ",
            "MOZ_GOOGLE_SAFEBROWSING_API_KEY": "AIzaSyC7jsptDS3am4tPx4r3nxis7IMjBc5Dovo",
            "MOZ_GRAPHENE": false,
            "MOZ_MACBUNDLE_NAME": "Firefox.app",
            "MOZ_MAINTENANCE_SERVICE": false,
            "MOZ_MOZILLA_API_KEY": "3b4d27dd-703d-4094-8398-4de2c763505a",
            "MOZ_NEW_CERT_STORAGE": false,
            "MOZ_NEW_NOTIFICATION_STORE": false,
            "MOZ_NEW_XULSTORE": false,
            "MOZ_OFFICIAL_BRANDING": false,
            "MOZ_PLACES": false,
            "MOZ_REQUIRE_SIGNING": false,
            "MOZ_SANDBOX": false,
            "MOZ_SERVICES_HEALTHREPORT": true,
            "MOZ_SERVICES_SYNC": false,
            "MOZ_SWITCHBOARD": true,
            "MOZ_SYSTEM_NSS": false,
            "MOZ_TELEMETRY_ON_BY_DEFAULT": false,
            "MOZ_TELEMETRY_REPORTING": true,
            "MOZ_UNSIGNED_SCOPES": 0,
            "MOZ_UPDATER": false,
            "MOZ_UPDATE_CHANNEL": "release",
            "MOZ_WEBRTC": true,
            "MOZ_WIDGET_GTK": false,
            "MOZ_WIDGET_TOOLKIT": "android",
            "NIGHTLY_BUILD": false,
            "OMNIJAR_NAME": "assets/omni.ja",
            "RELEASE_OR_BETA": true,
            "SOURCE_REVISION_URL": "https://hg.mozilla.org/releases/mozilla-esr68/rev/d2e0b9e17b9bc1ef02606c8006b73293f7892ad5",
            "TELEMETRY_PING_FORMAT_VERSION": 4,
            "XP_UNIX": true,
            "isPlatformAndVersionAtLeast": {},
            "isPlatformAndVersionAtMost": {},
            "platform": "android"
          },
          "asyncAppConstants": {
            "ACCESSIBILITY": true,
            "ANDROID_PACKAGE_NAME": "org.mozilla.firefox",
            "ASAN": false,
            "ASAN_REPORTER": false,
            "BROWSER_CHROME_URL": "chrome://browser/content/browser.xul",
            "DEBUG": false,
            "DEBUG_JS_MODULES": "",
            "DLL_PREFIX": "lib",
            "DLL_SUFFIX": ".so",
            "EARLY_BETA_OR_EARLIER": false,
            "FENNEC_NIGHTLY": false,
            "HAVE_SHELL_SERVICE": false,
            "HAVE_USR_LIB64_DIR": false,
            "MENUBAR_CAN_AUTOHIDE": false,
            "MOZILLA_OFFICIAL": true,
            "MOZ_ALLOW_LEGACY_EXTENSIONS": false,
            "MOZ_ANDROID_ACTIVITY_STREAM": false,
            "MOZ_ANDROID_HISTORY": true,
            "MOZ_ANDROID_MOZILLA_ONLINE": false,
            "MOZ_APP_NAME": "fennec",
            "MOZ_APP_VERSION": "68.1.1",
            "MOZ_APP_VERSION_DISPLAY": "68.1.1",
            "MOZ_BING_API_CLIENTID": "no-bing-api-clientid",
            "MOZ_BING_API_KEY": "no-bing-api-key",
            "MOZ_BITS_DOWNLOAD": false,
            "MOZ_BUILD_APP": "mobile/android",
            "MOZ_CODE_COVERAGE": false,
            "MOZ_CRASHREPORTER": true,
            "MOZ_DATA_REPORTING": true,
            "MOZ_DEV_EDITION": false,
            "MOZ_GECKO_PROFILER": true,
            "MOZ_GOOGLE_LOCATION_SERVICE_API_KEY": "AIzaSyB2h2OuRcUgy5N-5hsZqiPW6sH3n_rptiQ",
            "MOZ_GOOGLE_SAFEBROWSING_API_KEY": "AIzaSyC7jsptDS3am4tPx4r3nxis7IMjBc5Dovo",
            "MOZ_GRAPHENE": false,
            "MOZ_MACBUNDLE_NAME": "Firefox.app",
            "MOZ_MAINTENANCE_SERVICE": false,
            "MOZ_MOZILLA_API_KEY": "3b4d27dd-703d-4094-8398-4de2c763505a",
            "MOZ_NEW_CERT_STORAGE": false,
            "MOZ_NEW_NOTIFICATION_STORE": false,
            "MOZ_NEW_XULSTORE": false,
            "MOZ_OFFICIAL_BRANDING": false,
            "MOZ_PLACES": false,
            "MOZ_REQUIRE_SIGNING": false,
            "MOZ_SANDBOX": false,
            "MOZ_SERVICES_HEALTHREPORT": true,
            "MOZ_SERVICES_SYNC": false,
            "MOZ_SWITCHBOARD": true,
            "MOZ_SYSTEM_NSS": false,
            "MOZ_TELEMETRY_ON_BY_DEFAULT": false,
            "MOZ_TELEMETRY_REPORTING": true,
            "MOZ_UNSIGNED_SCOPES": 0,
            "MOZ_UPDATER": false,
            "MOZ_UPDATE_CHANNEL": "release",
            "MOZ_WEBRTC": true,
            "MOZ_WIDGET_GTK": false,
            "MOZ_WIDGET_TOOLKIT": "android",
            "NIGHTLY_BUILD": false,
            "OMNIJAR_NAME": "assets/omni.ja",
            "RELEASE_OR_BETA": true,
            "SOURCE_REVISION_URL": "https://hg.mozilla.org/releases/mozilla-esr68/rev/d2e0b9e17b9bc1ef02606c8006b73293f7892ad5",
            "TELEMETRY_PING_FORMAT_VERSION": 4,
            "XP_UNIX": true,
            "isPlatformAndVersionAtLeast": {},
            "isPlatformAndVersionAtMost": {},
            "platform": "android"
          },
          "userAgent": "Mozilla/5.0 (Android 8.1.0; Mobile; rv:68.0) Gecko/68.0 Firefox/68.0",
          "windowSize": "360x560"
        },
        "pageinfo": {
          "documentHeight": 641,
          "documentSize": {
            "decodedBodySize": 18276,
            "encodedBodySize": 7312,
            "transferSize": 8262
          },
          "documentTitle": "Google",
          "documentWidth": 360,
          "domElements": 70,
          "navigationStartTime": 1617075560582,
          "nextHopProtocol": "h2",
          "resources": {
            "count": 0,
            "duration": 0
          },
          "responsive": true,
          "url": "https://www.google.com/#spf=1617075560584",
          "visualElements": {
            "heroes": [
              {
                "filename": "googlelogo_tablet_tier1_hp_color_183x64dp.png",
                "height": 64,
                "name": "LargestImage",
                "width": 183,
                "x": 89,
                "y": 80
              }
            ],
            "viewport": {
              "height": 560,
              "width": 360
            }
          }
        },
        "timings": {
          "firstPaint": 4356,
          "loadEventEnd": 19102,
          "navigationTiming": {
            "connectStart": 2992,
            "domComplete": 19100,
            "domContentLoadedEventEnd": 4408,
            "domContentLoadedEventStart": 4390,
            "domInteractive": 4204,
            "domainLookupEnd": 2986,
            "domainLookupStart": 2971,
            "duration": 19102,
            "fetchStart": 1414,
            "loadEventEnd": 19102,
            "loadEventStart": 19100,
            "redirectEnd": 1271,
            "redirectStart": 186,
            "requestStart": 3290,
            "responseEnd": 3472,
            "responseStart": 3457,
            "secureConnectionStart": 3009,
            "startTime": 0,
            "unloadEventEnd": 0,
            "unloadEventStart": 0,
            "workerStart": 0
          },
          "pageTimings": {
            "backEndTime": 3457,
            "domContentLoadedTime": 4390,
            "domInteractiveTime": 4204,
            "domainLookupTime": 15,
            "frontEndTime": 15629,
            "pageDownloadTime": 15,
            "pageLoadTime": 19100,
            "redirectionTime": 1085,
            "serverConnectionTime": 297,
            "serverResponseTime": 182
          },
          "rumSpeedIndex": 3456,
          "timeToContentfulPaint": 4414,
          "timeToDomContentFlushed": 4240,
          "userTimings": {
            "marks": [],
            "measures": []
          }
        }
      }
    ],
    "visualMetrics": [],
    "cpu": [],
    "extras": [
      {},
      {}
    ],
    "fullyLoaded": [],
    "errors": [
      [],
      []
    ],
    "statistics": {
      "browser": {
        "appConstants": {
          "MOZ_UNSIGNED_SCOPES": {
            "median": 0,
            "mean": 0,
            "mdev": 0,
            "stddev": 0,
            "min": 0,
            "p10": 0,
            "p90": 0,
            "p99": 0,
            "max": 0
          },
          "TELEMETRY_PING_FORMAT_VERSION": {
            "median": 4,
            "mean": 4,
            "mdev": 0,
            "stddev": 0,
            "min": 4,
            "p10": 4,
            "p90": 4,
            "p99": 4,
            "max": 4
          }
        },
        "asyncAppConstants": {
          "MOZ_UNSIGNED_SCOPES": {
            "median": 0,
            "mean": 0,
            "mdev": 0,
            "stddev": 0,
            "min": 0,
            "p10": 0,
            "p90": 0,
            "p99": 0,
            "max": 0
          },
          "TELEMETRY_PING_FORMAT_VERSION": {
            "median": 4,
            "mean": 4,
            "mdev": 0,
            "stddev": 0,
            "min": 4,
            "p10": 4,
            "p90": 4,
            "p99": 4,
            "max": 4
          }
        }
      },
      "pageinfo": {
        "documentHeight": {
          "median": 641,
          "mean": 641,
          "mdev": 0,
          "stddev": 0,
          "min": 641,
          "p10": 641,
          "p90": 641,
          "p99": 641,
          "max": 641
        },
        "documentSize": {
          "decodedBodySize": {
            "median": 18280,
            "mean": 18280,
            "mdev": 2.8284,
            "stddev": 4,
            "min": 18276,
            "p10": 18276,
            "p90": 18284,
            "p99": 18284,
            "max": 18284
          },
          "encodedBodySize": {
            "median": 7317,
            "mean": 7317,
            "mdev": 3.182,
            "stddev": 5,
            "min": 7312,
            "p10": 7312,
            "p90": 7321,
            "p99": 7321,
            "max": 7321
          },
          "transferSize": {
            "median": 8267,
            "mean": 8267,
            "mdev": 3.182,
            "stddev": 5,
            "min": 8262,
            "p10": 8262,
            "p90": 8271,
            "p99": 8271,
            "max": 8271
          }
        },
        "documentWidth": {
          "median": 360,
          "mean": 360,
          "mdev": 0,
          "stddev": 0,
          "min": 360,
          "p10": 360,
          "p90": 360,
          "p99": 360,
          "max": 360
        },
        "domElements": {
          "median": 70,
          "mean": 70,
          "mdev": 0,
          "stddev": 0,
          "min": 70,
          "p10": 70,
          "p90": 70,
          "p99": 70,
          "max": 70
        },
        "navigationStartTime": {
          "median": 1617075401876,
          "mean": 1617075401876,
          "mdev": 111121.6944,
          "stddev": 157150,
          "min": 1617075243169,
          "p10": 1617075243169,
          "p90": 1617075560582,
          "p99": 1617075560582,
          "max": 1617075560582
        },
        "resources": {
          "count": {
            "median": 0,
            "mean": 0,
            "mdev": 0,
            "stddev": 0,
            "min": 0,
            "p10": 0,
            "p90": 0,
            "p99": 0,
            "max": 0
          },
          "duration": {
            "median": 0,
            "mean": 0,
            "mdev": 0,
            "stddev": 0,
            "min": 0,
            "p10": 0,
            "p90": 0,
            "p99": 0,
            "max": 0
          }
        },
        "visualElements": {
          "heroes": [
            {
              "height": {
                "median": 64,
                "mean": 64,
                "mdev": 0,
                "stddev": 0,
                "min": 64,
                "p10": 64,
                "p90": 64,
                "p99": 64,
                "max": 64
              },
              "width": {
                "median": 183,
                "mean": 183,
                "mdev": 0,
                "stddev": 0,
                "min": 183,
                "p10": 183,
                "p90": 183,
                "p99": 183,
                "max": 183
              },
              "x": {
                "median": 89,
                "mean": 89,
                "mdev": 0,
                "stddev": 0,
                "min": 89,
                "p10": 89,
                "p90": 89,
                "p99": 89,
                "max": 89
              },
              "y": {
                "median": 80,
                "mean": 80,
                "mdev": 0,
                "stddev": 0,
                "min": 80,
                "p10": 80,
                "p90": 80,
                "p99": 80,
                "max": 80
              }
            }
          ],
          "viewport": {
            "height": {
              "median": 560,
              "mean": 560,
              "mdev": 0,
              "stddev": 0,
              "min": 560,
              "p10": 560,
              "p90": 560,
              "p99": 560,
              "max": 560
            },
            "width": {
              "median": 360,
              "mean": 360,
              "mdev": 0,
              "stddev": 0,
              "min": 360,
              "p10": 360,
              "p90": 360,
              "p99": 360,
              "max": 360
            }
          }
        }
      },
      "timings": {
        "firstPaint": {
          "median": 6839,
          "mean": 6839,
          "mdev": 1755.3926,
          "stddev": 2483,
          "min": 4356,
          "p10": 4356,
          "p90": 9321,
          "p99": 9321,
          "max": 9321
        },
        "loadEventEnd": {
          "median": 20749,
          "mean": 20749,
          "mdev": 1164.2513,
          "stddev": 1647,
          "min": 19102,
          "p10": 19102,
          "p90": 22395,
          "p99": 22395,
          "max": 22395
        },
        "navigationTiming": {
          "connectStart": {
            "median": 3678,
            "mean": 3678,
            "mdev": 484.7217,
            "stddev": 686,
            "min": 2992,
            "p10": 2992,
            "p90": 4363,
            "p99": 4363,
            "max": 4363
          },
          "domComplete": {
            "median": 20744,
            "mean": 20744,
            "mdev": 1162.13,
            "stddev": 1644,
            "min": 19100,
            "p10": 19100,
            "p90": 22387,
            "p99": 22387,
            "max": 22387
          },
          "domContentLoadedEventEnd": {
            "median": 6896,
            "mean": 6896,
            "mdev": 1759.2817,
            "stddev": 2488,
            "min": 4408,
            "p10": 4408,
            "p90": 9384,
            "p99": 9384,
            "max": 9384
          },
          "domContentLoadedEventStart": {
            "median": 6876,
            "mean": 6876,
            "mdev": 1757.5139,
            "stddev": 2486,
            "min": 4390,
            "p10": 4390,
            "p90": 9361,
            "p99": 9361,
            "max": 9361
          },
          "domInteractive": {
            "median": 6554,
            "mean": 6554,
            "mdev": 1661.3474,
            "stddev": 2350,
            "min": 4204,
            "p10": 4204,
            "p90": 8903,
            "p99": 8903,
            "max": 8903
          },
          "domainLookupEnd": {
            "median": 3659,
            "mean": 3659,
            "mdev": 475.5293,
            "stddev": 673,
            "min": 2986,
            "p10": 2986,
            "p90": 4331,
            "p99": 4331,
            "max": 4331
          },
          "domainLookupStart": {
            "median": 3646,
            "mean": 3646,
            "mdev": 477.2971,
            "stddev": 675,
            "min": 2971,
            "p10": 2971,
            "p90": 4321,
            "p99": 4321,
            "max": 4321
          },
          "duration": {
            "median": 20749,
            "mean": 20749,
            "mdev": 1164.2513,
            "stddev": 1647,
            "min": 19102,
            "p10": 19102,
            "p90": 22395,
            "p99": 22395,
            "max": 22395
          },
          "fetchStart": {
            "median": 2396,
            "mean": 2396,
            "mdev": 694.0253,
            "stddev": 982,
            "min": 1414,
            "p10": 1414,
            "p90": 3377,
            "p99": 3377,
            "max": 3377
          },
          "loadEventEnd": {
            "median": 20749,
            "mean": 20749,
            "mdev": 1164.2513,
            "stddev": 1647,
            "min": 19102,
            "p10": 19102,
            "p90": 22395,
            "p99": 22395,
            "max": 22395
          },
          "loadEventStart": {
            "median": 20744,
            "mean": 20744,
            "mdev": 1162.13,
            "stddev": 1644,
            "min": 19100,
            "p10": 19100,
            "p90": 22387,
            "p99": 22387,
            "max": 22387
          },
          "redirectEnd": {
            "median": 2108,
            "mean": 2108,
            "mdev": 591.8484,
            "stddev": 837,
            "min": 1271,
            "p10": 1271,
            "p90": 2945,
            "p99": 2945,
            "max": 2945
          },
          "redirectStart": {
            "median": 521,
            "mean": 521,
            "mdev": 236.8808,
            "stddev": 335,
            "min": 186,
            "p10": 186,
            "p90": 856,
            "p99": 856,
            "max": 856
          },
          "requestStart": {
            "median": 4021,
            "mean": 4021,
            "mdev": 516.8951,
            "stddev": 731,
            "min": 3290,
            "p10": 3290,
            "p90": 4752,
            "p99": 4752,
            "max": 4752
          },
          "responseEnd": {
            "median": 4209,
            "mean": 4209,
            "mdev": 521.1377,
            "stddev": 737,
            "min": 3472,
            "p10": 3472,
            "p90": 4946,
            "p99": 4946,
            "max": 4946
          },
          "responseStart": {
            "median": 4192,
            "mean": 4192,
            "mdev": 519.3699,
            "stddev": 735,
            "min": 3457,
            "p10": 3457,
            "p90": 4926,
            "p99": 4926,
            "max": 4926
          },
          "secureConnectionStart": {
            "median": 3695,
            "mean": 3695,
            "mdev": 484.7217,
            "stddev": 686,
            "min": 3009,
            "p10": 3009,
            "p90": 4380,
            "p99": 4380,
            "max": 4380
          },
          "startTime": {
            "median": 0,
            "mean": 0,
            "mdev": 0,
            "stddev": 0,
            "min": 0,
            "p10": 0,
            "p90": 0,
            "p99": 0,
            "max": 0
          },
          "unloadEventEnd": {
            "median": 0,
            "mean": 0,
            "mdev": 0,
            "stddev": 0,
            "min": 0,
            "p10": 0,
            "p90": 0,
            "p99": 0,
            "max": 0
          },
          "unloadEventStart": {
            "median": 0,
            "mean": 0,
            "mdev": 0,
            "stddev": 0,
            "min": 0,
            "p10": 0,
            "p90": 0,
            "p99": 0,
            "max": 0
          },
          "workerStart": {
            "median": 0,
            "mean": 0,
            "mdev": 0,
            "stddev": 0,
            "min": 0,
            "p10": 0,
            "p90": 0,
            "p99": 0,
            "max": 0
          }
        },
        "pageTimings": {
          "backEndTime": {
            "median": 4192,
            "mean": 4192,
            "mdev": 519.3699,
            "stddev": 735,
            "min": 3457,
            "p10": 3457,
            "p90": 4926,
            "p99": 4926,
            "max": 4926
          },
          "domContentLoadedTime": {
            "median": 6876,
            "mean": 6876,
            "mdev": 1757.5139,
            "stddev": 2486,
            "min": 4390,
            "p10": 4390,
            "p90": 9361,
            "p99": 9361,
            "max": 9361
          },
          "domInteractiveTime": {
            "median": 6554,
            "mean": 6554,
            "mdev": 1661.3474,
            "stddev": 2350,
            "min": 4204,
            "p10": 4204,
            "p90": 8903,
            "p99": 8903,
            "max": 8903
          },
          "domainLookupTime": {
            "median": 13,
            "mean": 13,
            "mdev": 1.7678,
            "stddev": 3,
            "min": 10,
            "p10": 10,
            "p90": 15,
            "p99": 15,
            "max": 15
          },
          "frontEndTime": {
            "median": 16535,
            "mean": 16535,
            "mdev": 640.6387,
            "stddev": 906,
            "min": 15629,
            "p10": 15629,
            "p90": 17441,
            "p99": 17441,
            "max": 17441
          },
          "pageDownloadTime": {
            "median": 18,
            "mean": 18,
            "mdev": 1.7678,
            "stddev": 3,
            "min": 15,
            "p10": 15,
            "p90": 20,
            "p99": 20,
            "max": 20
          },
          "pageLoadTime": {
            "median": 20744,
            "mean": 20744,
            "mdev": 1162.13,
            "stddev": 1644,
            "min": 19100,
            "p10": 19100,
            "p90": 22387,
            "p99": 22387,
            "max": 22387
          },
          "redirectionTime": {
            "median": 1587,
            "mean": 1587,
            "mdev": 354.6141,
            "stddev": 502,
            "min": 1085,
            "p10": 1085,
            "p90": 2088,
            "p99": 2088,
            "max": 2088
          },
          "serverConnectionTime": {
            "median": 340,
            "mean": 340,
            "mdev": 30.4056,
            "stddev": 43,
            "min": 297,
            "p10": 297,
            "p90": 383,
            "p99": 383,
            "max": 383
          },
          "serverResponseTime": {
            "median": 188,
            "mean": 188,
            "mdev": 4.2426,
            "stddev": 6,
            "min": 182,
            "p10": 182,
            "p90": 194,
            "p99": 194,
            "max": 194
          }
        },
        "rumSpeedIndex": {
          "median": 4191,
          "mean": 4191,
          "mdev": 519.7235,
          "stddev": 735,
          "min": 3456,
          "p10": 3456,
          "p90": 4926,
          "p99": 4926,
          "max": 4926
        },
        "timeToContentfulPaint": {
          "median": 6913,
          "mean": 6913,
          "mdev": 1767.0598,
          "stddev": 2499,
          "min": 4414,
          "p10": 4414,
          "p90": 9412,
          "p99": 9412,
          "max": 9412
        },
        "timeToDomContentFlushed": {
          "median": 6602,
          "mean": 6602,
          "mdev": 1669.8327,
          "stddev": 2362,
          "min": 4240,
          "p10": 4240,
          "p90": 8963,
          "p99": 8963,
          "max": 8963
        }
      }
    }
  }
]